,fri,fri,fri,fri,fri,fri,fri,fri,fri,fri,fri,fri,fri,fri,fri,fri,fri,fri,fri,fri,fri,fri,fri,fri,sat,sat,sat,sat,sat,sat,sat,sat,sat,sat,sat,sat,sat,sat,sat,sat,sat,sat,sat,sat,sat,sat,sat,sat,mtt,mtt,mtt,mtt,mtt,mtt,mtt,mtt,mtt,mtt,mtt,mtt,mtt,mtt,mtt,mtt,mtt,mtt,mtt,mtt,mtt,mtt,mtt,mtt,sun,sun,sun,sun,sun,sun,sun,sun,sun,sun,sun,sun,sun,sun,sun,sun,sun,sun,sun,sun,sun,sun,sun,sun
,Morning,Morning,Morning,Morning,AM Peak,AM Peak,AM Peak,AM Peak,Midday,Midday,Midday,Midday,PM Peak,PM Peak,PM Peak,PM Peak,Evening,Evening,Evening,Evening,Late,Late,Late,Late,Morning,Morning,Morning,Morning,AM Peak,AM Peak,AM Peak,AM Peak,Midday,Midday,Midday,Midday,PM Peak,PM Peak,PM Peak,PM Peak,Evening,Evening,Evening,Evening,Late,Late,Late,Late,Morning,Morning,Morning,Morning,AM Peak,AM Peak,AM Peak,AM Peak,Midday,Midday,Midday,Midday,PM Peak,PM Peak,PM Peak,PM Peak,Evening,Evening,Evening,Evening,Late,Late,Late,Late,Morning,Morning,Morning,Morning,AM Peak,AM Peak,AM Peak,AM Peak,Midday,Midday,Midday,Midday,PM Peak,PM Peak,PM Peak,PM Peak,Evening,Evening,Evening,Evening,Late,Late,Late,Late
,alpha,alpha_rnk,traffic_distances,traffic_distances_rnk,alpha,alpha_rnk,traffic_distances,traffic_distances_rnk,alpha,alpha_rnk,traffic_distances,traffic_distances_rnk,alpha,alpha_rnk,traffic_distances,traffic_distances_rnk,alpha,alpha_rnk,traffic_distances,traffic_distances_rnk,alpha,alpha_rnk,traffic_distances,traffic_distances_rnk,alpha,alpha_rnk,traffic_distances,traffic_distances_rnk,alpha,alpha_rnk,traffic_distances,traffic_distances_rnk,alpha,alpha_rnk,traffic_distances,traffic_distances_rnk,alpha,alpha_rnk,traffic_distances,traffic_distances_rnk,alpha,alpha_rnk,traffic_distances,traffic_distances_rnk,alpha,alpha_rnk,traffic_distances,traffic_distances_rnk,alpha,alpha_rnk,traffic_distances,traffic_distances_rnk,alpha,alpha_rnk,traffic_distances,traffic_distances_rnk,alpha,alpha_rnk,traffic_distances,traffic_distances_rnk,alpha,alpha_rnk,traffic_distances,traffic_distances_rnk,alpha,alpha_rnk,traffic_distances,traffic_distances_rnk,alpha,alpha_rnk,traffic_distances,traffic_distances_rnk,alpha,alpha_rnk,traffic_distances,traffic_distances_rnk,alpha,alpha_rnk,traffic_distances,traffic_distances_rnk,alpha,alpha_rnk,traffic_distances,traffic_distances_rnk,alpha,alpha_rnk,traffic_distances,traffic_distances_rnk,alpha,alpha_rnk,traffic_distances,traffic_distances_rnk,alpha,alpha_rnk,traffic_distances,traffic_distances_rnk
"(0, 231)",0.001265624190219139,102,0.18133563311824633,40,0.0003947326002058382,36,0.24982428109040078,30,0.0019217981437931186,28,0.3500058211256293,36,0.023248963028920988,76,0.1315800012864187,103,0.02830827746799458,154,0.12414851274401724,106,0.06247469624269042,241,0.1164230355415026,170,0.009221566679703419,143,0.218461885360433,41,0.0016465018373759133,45,0.36679396391234503,22,0.0016145343108032728,33,0.3757511562814671,37,0.010999959856243025,43,0.27871489295367247,72,0.015435980516027237,62,0.21587744574525966,77,0.08529216889132285,264,0.10930099480588079,182,0.000315758242809161,76,0.1768412850679398,35,0.0002947198800337114,35,0.2280378329030439,34,0.0020021532957382737,29,0.3310059086015017,39,0.028907477030552187,113,0.1114770704087045,127,0.05613085487422609,236,0.07863290846952165,173,0.10084124904061342,278,0.08137631338405994,207,0.006511446202471682,153,0.29494394962104686,35,0.0016985632845626375,43,0.4505806952246474,15,0.0019073278199203125,30,0.4210510454282518,31,0.01997676140948479,56,0.28681611656336176,72,0.010786423839144077,52,0.2956116086113732,51,0.0071369434084610495,91,0.2869827100056393,43
"(0, 61)",0.9147119145611649,599,0.0037343513296541255,577,0.8319770220422824,605,0.009619337351626112,571,0.7786859667555082,609,0.020797529490763224,556,0.6900243359689806,601,0.016339944635452,531,0.6952606378696453,601,0.015742229555741144,506,0.6679137641031596,574,0.019941711213475242,453,0.8915132820954357,603,0.007283861922061597,547,0.7955711984681717,601,0.019658869568731637,515,0.7102728665814946,601,0.029828861809431163,510,0.6193272631585405,593,0.03882215579092565,481,0.6099426163524668,592,0.03279212928446209,460,0.5936866784632597,562,0.026461946474161457,415,0.9047182109325462,597,0.0036728303176650897,571,0.8235632361127793,603,0.00907909085714352,570,0.7682375301030345,609,0.0207953845932882,555,0.6487426410738777,599,0.01682233465953304,517,0.6381819272029472,568,0.01448775161366387,477,0.6153633899025679,519,0.019513898866752467,429,0.9536528474906857,558,0.0038857260536035096,454,0.8210060244758363,606,0.020935298593922957,505,0.72858853564765,605,0.031497486780939325,506,0.6731470142085223,600,0.036818851251840944,472,0.6710504216126827,598,0.03437106585502264,441,0.5857287134942422,552,0.041690021100409494,367
"(0, 200)",0.08037300403632175,272,0.08924822561628973,125,0.17928560261812565,325,0.08074756705687142,198,0.06524016456920678,191,0.19130876543921274,115,0.009309612787127497,47,0.15424584917590317,82,0.005994697914284086,51,0.16133426487494676,69,0.0017112246078574422,43,0.21267494336279988,73,0.021698253109930787,203,0.18866077928806935,59,0.09138664766847748,265,0.17707070794819024,83,0.09853761911362047,262,0.1762488693188606,131,0.026178516557733733,71,0.23808665268932594,93,0.017533040004239386,69,0.21101063936969794,81,0.0014112617206829547,36,0.22430341579364377,71,0.17511099139289443,317,0.05698161195829152,187,0.21748341017940187,346,0.06500902194872844,235,0.06549654675618344,194,0.18144866944966528,120,0.008057626019142172,49,0.1396938179123672,91,0.0027918586555583103,61,0.13249581968841145,78,0.0009263042187429571,52,0.18383249824984027,74,0.022590364782713146,195,0.24045707410789527,47,0.06404435118885987,251,0.24468118970298267,55,0.07052741480996316,217,0.2245712542878757,107,0.010034389727209048,40,0.32269125168183344,53,0.017052613978256193,86,0.27364409884551627,56,0.029614172843256847,190,0.2239317382040826,74
"(0, 46)",0.5997489345530429,480,0.02078455807516736,371,0.5462711325391763,522,0.030691162429946243,405,0.6921615139527729,604,0.03033617882497933,516,0.7226283626789256,604,0.014353580673622227,546,0.7975719117764164,607,0.009892107038175049,549,0.8719895534559841,609,0.006897364790301628,566,0.5826185566934157,522,0.033248137056062825,326,0.563714116663314,556,0.04808716090631208,350,0.6033432564080363,585,0.043549997439967236,445,0.6821726850527802,600,0.031203376606403495,514,0.7292619933198585,603,0.021207709512966733,518,0.8478879654817143,607,0.008588454089268421,543,0.5510405908867358,455,0.02110489967987239,363,0.51723988425282,505,0.02983665998285023,398,0.6874727708240411,601,0.029324543714302778,518,0.7243356309471374,604,0.01263568396882436,554,0.7952678258723589,605,0.0075054816139671805,542,0.8543285592233991,606,0.0064763552656115775,554,0.6374670584863931,465,0.035827803264118274,280,0.700475173157528,593,0.03736545690747135,417,0.7023613047932257,601,0.03505307855033875,489,0.77930929525703,606,0.02343777191504765,533,0.8246377319259557,607,0.016857665019049447,534,0.8384504985527136,605,0.014086365981546141,514
"(231, 0)",0.04033934674369222,241,0.09577599266397725,114,0.10752987456554353,289,0.10048534165533655,157,0.032178902099348594,104,0.2455002698885519,79,0.0021832948483053727,26,0.2294576531596749,40,0.0018413960497206672,30,0.23499335321845197,36,0.00046068702180712684,28,0.3245234562446429,35,0.0058025205711406125,118,0.20549174163819126,48,0.0422704650569643,209,0.21320330909888885,60,0.05838032160277773,206,0.22658466028365162,91,0.010358867486895074,40,0.33702843205256694,49,0.005300640694871794,38,0.3109471658572955,42,0.0004831257935202782,30,0.3311201470199841,33,0.09902366663439288,284,0.06495833930586337,169,0.13184713912174528,300,0.08407033456136909,182,0.03039719007976438,100,0.2390112333730029,80,0.001634715426842348,28,0.2179361284503058,40,0.0008820399897321307,33,0.2025051538423154,31,0.0003709767392346963,28,0.2883621256263126,32,0.00468342509221642,140,0.2653674504055083,44,0.028974776848779027,179,0.2790568334767779,47,0.041557856604230836,152,0.2739262277492981,80,0.004530301717642793,33,0.4061101890515007,34,0.004444850626824426,37,0.37311799861654854,35,0.006404335043408871,84,0.34007655112007007,32
"(231, 94)",0.00031834802077601587,67,0.18874849265557977,34,0.00031014789841721235,33,0.2712643780880702,25,0.002295851997750842,30,0.3797420124160494,31,0.03698054528343553,122,0.14255066487215304,90,0.04500521264742696,194,0.1360958709081015,94,0.0891083718467367,272,0.1331656610222417,141,0.004218331825617816,99,0.21475578732994224,43,0.0008366010150694381,39,0.39201369990810575,16,0.00241188938607817,37,0.4086204836755244,28,0.01813401386445712,57,0.3043268083873492,56,0.02483080489303824,95,0.23727053821508456,64,0.1272241569638416,303,0.11854586671361915,173,9.000035023110087e-05,33,0.18485844184960984,32,0.0002939994960016179,34,0.24809177828176562,25,0.0026262559972979327,31,0.35906250559073294,33,0.050093098911316525,179,0.1209748074608024,112,0.09303161002075433,274,0.08661023449860233,152,0.15046583494138432,311,0.09366411606998193,183,0.001712092354279271,113,0.2998214300230596,33,0.0006986212629916944,31,0.4752295363267101,13,0.0019867513565485773,32,0.4591833858821632,29,0.022448595052766418,61,0.3099008650565484,59,0.011840169194293537,55,0.321127001847721,45,0.011316910575328909,119,0.31057540182481685,39
"(231, 92)",0.8142617339730321,562,0.00720544222714127,528,0.4691153173764687,484,0.03693193744697778,360,0.4046286718756832,558,0.07398074442200926,343,0.398718847935462,550,0.04513236156132394,345,0.29340918916614345,426,0.05947395231053585,275,0.291613517665711,386,0.07232992642740083,248,0.6836593762402681,558,0.01951398542268108,431,0.5160589003279762,531,0.050978826556338196,335,0.2916847221221037,463,0.10709875753076308,240,0.28113215151579407,501,0.1113127494290049,255,0.28568165730890094,475,0.09155903036653436,255,0.23438518453691715,369,0.08619981952636675,221,0.7758142361928828,541,0.00797305194447201,506,0.4240864411953218,456,0.037914916707547215,336,0.39885668374621064,554,0.07213286428711636,345,0.3874789189515413,527,0.0427437581714435,351,0.24725742668766115,368,0.05370293908437234,245,0.20911260251528374,342,0.07876941607334469,214,0.9287922090628371,548,0.004831415309327096,440,0.6189446724950277,577,0.044530077412015825,376,0.3606764094132796,520,0.09856679682257005,273,0.37649605262538877,549,0.09261743498153838,293,0.41356231561346646,531,0.07711050120242226,291,0.3718165282702638,441,0.08243215215606418,242
"(231, 213)",0.5055471917109202,435,0.023300017802619335,359,0.4475988656055415,475,0.03912213700796107,340,0.5513091330557975,585,0.04952049212619259,437,0.5817029919477004,595,0.027149502483637605,462,0.7219010524871392,603,0.016604317403335244,499,0.8375983276330927,606,0.011021020287429142,516,0.589513086795458,524,0.026896196871765407,365,0.5272116253401598,540,0.04938909030751898,340,0.4629717850991897,556,0.06864770535729525,360,0.5316720434699284,585,0.05737742992762278,407,0.624406340153944,593,0.03591996292340863,440,0.7853533108992017,603,0.015337507703142881,488,0.43620526366760604,412,0.025246343892766438,324,0.4319755801928278,460,0.037137658953846193,341,0.5437258152647633,583,0.04863553360222607,436,0.5778118403378192,592,0.02527615396829508,463,0.7418132628177114,600,0.012188947148533393,498,0.8508767506124274,605,0.00877678355797538,524,0.7510562795833141,499,0.018504618702969572,340,0.6300734413428543,579,0.042918052813625575,386,0.5537826334004279,583,0.05847807166490264,404,0.6250269227011702,597,0.04581349026798953,435,0.7815742713421397,604,0.022289259392821746,509,0.8190830594763172,603,0.017365414183383297,497
"(231, 46)",0.8877813501292215,589,0.004194112371476845,570,0.8187684536683826,602,0.01006024529570032,567,0.7461594411107753,607,0.02476106925257923,542,0.6674501023602826,600,0.020413098169523282,509,0.6774517044087852,600,0.01977298166139773,471,0.6745389481579865,579,0.024194413495638428,425,0.9088468831648031,607,0.0049822431128344925,577,0.8403375665190557,605,0.013770160170931583,550,0.7515819211097784,605,0.02614454798354753,526,0.6731782377234679,599,0.03641378072370923,491,0.6863507898013386,599,0.02885576399943579,482,0.6422473496408079,579,0.027796240866273438,410,0.8909555772735142,586,0.003654453302165915,572,0.8066780694075345,600,0.009837182374229597,562,0.7428793291847584,607,0.024135839627921138,541,0.6415665093479305,597,0.020571204311706857,495,0.6340849992076412,566,0.018432752508920767,435,0.638807702090358,535,0.02397413126350833,398,0.9621159744939829,562,0.002530870386377739,483,0.843042734156901,609,0.01612084658919259,536,0.7423614713224785,606,0.029959111531787,510,0.6236864136691114,596,0.04601734886371208,433,0.7041755347324317,601,0.03153866142078013,458,0.6167960736681883,570,0.041393484070133574,368
"(61, 155)",0.1417573018158349,305,0.008182067052054187,509,0.17563909801440336,322,0.01212824175929232,543,0.10723751481573407,268,0.024507997285826675,543,0.022768676308490443,73,0.03059431330120523,447,0.020935571408722486,134,0.025830061424461172,437,0.01459705508985798,156,0.028307447858195105,407,0.28039256036771976,368,0.008905429733460788,529,0.31283103218240127,423,0.013747120515151595,551,0.27030127713304153,443,0.02017924496100217,548,0.1443818205639198,339,0.031094728107130574,515,0.11919543197062321,287,0.026404477401414553,488,0.05560308001341485,234,0.024125693282859403,430,0.12478502302960959,298,0.00866990837220072,497,0.18103524276438154,326,0.011516233846985503,539,0.09999910421957625,263,0.025126108036015535,537,0.019120127521204178,77,0.03138397366669632,420,0.0166494922115632,148,0.023925862944485267,397,0.010738908036901695,156,0.029931552705028536,368,0.7321042704333371,487,0.001888668800112724,497,0.30108091980373075,409,0.013674581242976673,549,0.2440128129534862,424,0.020353823516854736,552,0.1307825304901412,317,0.028828588731691262,512,0.08164496864494575,246,0.0306705852460161,463,0.06394257383811563,244,0.03506507530840708,393
"(61, 0)",0.028620241830007,228,0.012869110440060597,439,0.04703662440098322,236,0.018881002032146064,487,0.13998501801957874,326,0.022124510937248265,552,0.3517821923727371,526,0.010870844776593976,568,0.4496586537177121,529,0.007086249783073988,572,0.6155791260482899,556,0.004587799077873096,580,0.014254637414071847,170,0.022710345050919865,405,0.03725779028860243,200,0.031957513363944604,439,0.06900610949056296,222,0.03630297134469988,476,0.2014594502554835,423,0.02656219614833197,537,0.2741706117458482,467,0.017376629657243035,536,0.5261286139000385,529,0.006625253103266132,569,0.03157383377591971,233,0.012705868516129506,433,0.043537484691879125,228,0.0185248362779953,480,0.14709595385136753,338,0.02167906685974801,552,0.39940978081526535,538,0.009624989161048241,568,0.5112565375903623,506,0.005372764426110974,569,0.6658354462117603,550,0.003922192025385723,582,0.00034978051186884684,78,0.024877859761599595,310,0.05565847728788631,231,0.02811493423071772,465,0.12022522754269627,291,0.02859765083151233,517,0.27640323230518327,485,0.019558492003273673,550,0.4056384740579393,526,0.01284911094171869,553,0.5855477893300914,551,0.008414452494939158,564
"(61, 60)",0.39903084093671415,400,0.004246176635573664,567,0.2392034029697503,357,0.010270567633387382,565,0.15114725219897562,341,0.021414451208971355,554,0.1924789926490026,380,0.016185817112524016,533,0.15217195116444115,332,0.015050874415423007,510,0.12819020427011463,299,0.01671394841739784,471,0.3219724576082369,381,0.008043072295298053,538,0.15582434842079218,317,0.020583099694856756,506,0.11109620951320631,284,0.031171812332531194,504,0.07464530741968045,186,0.03922683208531899,476,0.06258961939999064,191,0.03242438591895541,463,0.054809059259223636,232,0.024214279426005805,429,0.4168225723761103,408,0.004088518408256425,567,0.24570163074058637,363,0.009736091619246576,564,0.1535439584158964,344,0.021279179846097677,554,0.18619267456230348,369,0.016387650464357584,522,0.15051574554572245,319,0.013490249527177162,487,0.13939915187659657,304,0.016352147423061757,456,0.4619290445623234,425,0.004471023701845042,446,0.1180476375284889,286,0.02228065444354821,495,0.07220539472726084,223,0.03385262683224455,493,0.0555775632199752,148,0.037861016170461594,468,0.054697433813444496,194,0.03430052566835027,442,0.03970757659781099,208,0.03941199963661358,377
"(200, 159)",0.6054655148759751,482,0.024083501002656958,348,0.668994180831903,566,0.022884816098886415,460,0.5776224506879707,590,0.05112147807199615,430,0.36432168254316055,532,0.04022698008356867,377,0.34705679250257604,466,0.04291203727364579,336,0.27495610544808824,381,0.052919271942467434,312,0.4594187575722193,455,0.05486824161840143,225,0.62207519534846,577,0.04847392496399582,345,0.6208180461527613,587,0.0458685337838991,436,0.4576617556968674,573,0.061758011449032445,395,0.4235486691528725,553,0.05626171237431237,356,0.21627749749096492,361,0.05600790122369926,300,0.719275952642979,518,0.015315037176702354,407,0.6942304301994391,572,0.018349130918143858,482,0.5721404117254649,590,0.04836768237632165,440,0.347731901448435,501,0.03592845053102418,383,0.28283167691008504,388,0.03467603930520237,326,0.22672133769707936,348,0.04544759761917135,303,0.5437007992818199,443,0.06629850722002584,203,0.593872608376355,571,0.06922456451611934,270,0.5827331346881802,588,0.061692112317856845,395,0.3801703478324565,550,0.08668763592644782,312,0.4890016088548259,572,0.07074244986068312,306,0.5405713933999021,533,0.059250841188136456,304
"(200, 0)",0.0036532655168194372,146,0.13228857710045716,67,0.0019721275763159296,64,0.1596037917875362,71,0.004673041703802672,35,0.2546546073327367,72,0.02334119003162216,78,0.10053210403486439,157,0.02626457342310151,149,0.10145089103939715,149,0.042779109144187144,221,0.09839153538059242,202,0.011911870533817925,160,0.18538046274651848,61,0.0031344304390625854,54,0.2827502097175225,38,0.00317154946931808,41,0.26632532896421074,67,0.012066649679172925,45,0.20749737629620418,115,0.015440016977866566,63,0.16968031515102666,124,0.06387679969790638,241,0.08410181353992428,228,0.0011254998150458384,107,0.1319172005189669,62,0.0015027828657245834,56,0.14184628624747642,81,0.004898192003012003,35,0.2364345196984041,82,0.02614404942862769,106,0.08512603026347942,198,0.04056176116618304,208,0.06624705372421978,207,0.059425243711126785,254,0.07101521492572903,228,0.006211104627000141,150,0.294374910240812,36,0.0040537752764715496,56,0.3649259723949797,27,0.004470679633832408,39,0.31279636326193594,58,0.02092786053827067,58,0.22788109375605986,101,0.009550027104593739,46,0.2626930947635428,63,0.006371504648198689,83,0.2603543703216141,58
"(46, 0)",0.37770703420312557,390,0.005846313010355751,551,0.28075760148936046,377,0.012080025571205957,544,0.07282652856050076,210,0.032429432081575726,503,0.029636875902587567,92,0.027072742122809294,463,0.013255938014819946,90,0.02406207931095874,446,0.0036193800129917797,75,0.028244252107498626,408,0.4310694571021564,442,0.008121032286230704,537,0.2235671736102971,359,0.021284487248683624,501,0.09158985261390629,248,0.03899889918590959,462,0.028501046006432773,73,0.050430224437881796,430,0.021622389785945773,83,0.038754609386019705,428,0.0037234722751753324,60,0.034946958359010474,375,0.4369115135333387,413,0.0049298181778086505,557,0.28999398908445695,384,0.011507586754187133,540,0.07284345580354779,207,0.030966171876830772,510,0.023096386413766767,97,0.02747097131647374,452,0.007226827074728215,102,0.021962657513847128,408,0.002398302379291617,84,0.027239058062504394,380,0.6672872339103664,470,0.003980565950309313,453,0.15568780898743917,312,0.023669854479344284,487,0.05707468433023377,191,0.04261017604671884,452,0.010375891735654563,41,0.0620147792509738,383,0.011079465576315228,54,0.041224980727413284,411,0.005084459332808211,73,0.05291729016576934,326
"(46, 231)",0.021287135211575547,215,0.015248531283904753,416,0.04113409120959588,222,0.02291453555964654,459,0.19754146173349585,393,0.023253221316844454,546,0.3292744781766702,512,0.01213268802040794,563,0.44477762990352754,524,0.007460289200987779,568,0.6064916680827172,549,0.005123104260243287,578,0.014632515176411065,171,0.025081528159748415,385,0.06073257651198394,237,0.03286436932341596,432,0.1656827303735715,353,0.032006809687164,502,0.33503700263164293,537,0.02217925270302508,553,0.37544275143489003,533,0.01496614746005199,552,0.6033630945259609,568,0.006410115327053437,571,0.014031227291201986,192,0.015509466000683625,403,0.03864669037318724,214,0.02252906426064727,450,0.19750854316843547,396,0.022206958034037515,548,0.36585816134779947,514,0.01093833227665284,564,0.5248990123875957,516,0.0052639148850402075,572,0.6497881483958635,541,0.00420955449645841,581,0.002007460038519926,118,0.02757402253937888,298,0.09863551331423204,272,0.027559374337457292,469,0.23258781162088893,414,0.02667670484653779,528,0.47801039312299254,579,0.017299142103363273,558,0.46922011607909286,560,0.011826998032792548,566,0.5677560151468748,543,0.010989010989010988,544
"(1, 259)",0.48316534909905595,424,0.01751290689901884,393,0.36867737956217006,428,0.02527660920488596,441,0.0920606685704275,247,0.08744859475675339,302,0.006005866636606516,38,0.1057099392834648,146,0.004412677290809519,46,0.0939546581105618,162,0.0018100988808504859,47,0.11061221281779761,180,0.45936372520019375,454,0.019162565771246195,436,0.28537162296741003,405,0.033294191098459026,429,0.09949688497209708,264,0.07455028757701433,342,0.013649670687574722,49,0.13505874498386414,190,0.00958816863117673,48,0.10712213109799103,211,0.0022038493492695377,44,0.09828770138216392,198,0.49051854906227454,434,0.01584245752152867,400,0.3599609328636284,422,0.023640884274887336,438,0.08575658049745216,236,0.08655550630811056,295,0.004387576566224127,35,0.1062267947896455,139,0.0018169700797208144,48,0.08717209381509569,150,0.0008497855213516203,48,0.10719766563847967,159,0.4105673815303301,412,0.010925556100508613,387,0.25988667822539124,380,0.04131383608400546,394,0.12361194692633615,299,0.07524198087369556,348,0.014847723475219787,48,0.13453175669426878,191,0.007785512320617194,43,0.11316589396370347,198,0.0020303544333067913,40,0.1188170743622311,170
"(1, 137)",0.1057677444110734,289,0.04681501063118683,226,0.2056065569442238,336,0.037891169412980374,350,0.26247989942353755,464,0.054102129591192344,419,0.5129062416436588,583,0.020630939825945122,508,0.5196094714468931,563,0.01741838667700798,492,0.5451572465809418,518,0.01762364859339004,464,0.08678182427352044,276,0.051427207557081696,235,0.2035659168300109,348,0.04092484955293626,381,0.32447957775195424,488,0.04064884030515591,456,0.46563047653262635,574,0.033220459614644246,502,0.46857616053914264,569,0.024899248393011872,498,0.5349602431626896,533,0.016376881767761243,483,0.10538127041564915,291,0.043239647308318536,231,0.20562705177678808,338,0.034687500752163355,359,0.2542703450194084,453,0.05342460265165154,421,0.5301160413229774,582,0.0191176586512853,504,0.5732831622331469,538,0.012804130509865928,492,0.5862063241659758,503,0.014349017006355602,472,0.09873937946917488,276,0.024829084957579465,311,0.19912966330717952,343,0.048241217498995494,352,0.2942727366139979,462,0.047785345168935255,435,0.40125409118680944,563,0.03945707981014301,459,0.44161790530043143,547,0.02746604533718569,483,0.49192153101629743,508,0.022118577102199,464
"(1, 229)",0.030421054963853167,231,0.06502154788736653,174,0.018890761418543178,171,0.07654808255442715,209,0.08734900511753829,238,0.08894374205475152,292,0.2628393852123434,446,0.03870542589560834,385,0.2975351217762142,430,0.030556380826043037,399,0.39729498605464164,430,0.026000537429409283,419,0.04212245260226566,232,0.06240637304935107,211,0.029559776597878784,181,0.07587902896537971,245,0.060830616578260166,210,0.08646318672879014,296,0.19094438253958312,416,0.06606222409776476,382,0.23089673505236608,426,0.04497350232736212,404,0.3785052997231396,437,0.024591733427238312,426,0.02976949826773101,231,0.06023471124195545,183,0.01971877187033766,174,0.06958146198804865,220,0.09745157825280037,255,0.08302178514904801,310,0.29164095731934647,459,0.0350300844255806,392,0.37586162609400664,434,0.021611892925317962,412,0.4654337994289699,441,0.020088623808897844,420,0.043314066835517306,228,0.03123484255222291,289,0.035216140831493936,198,0.08532559113074156,228,0.05445591341230838,185,0.09716013082747176,278,0.21606991958861332,436,0.06238669688414567,377,0.2744506080863065,440,0.04150210288934044,409,0.4254061988244795,477,0.02627352369982225,442
"(259, 215)",0.6229169418961705,487,0.018844744364463286,382,0.5782619671521386,531,0.023970407730218787,447,0.1691693192859116,363,0.08982267322552687,284,0.02140273785048974,69,0.11073121980405173,135,0.015320170324874538,106,0.09421918148269003,159,0.007321597505891453,106,0.10325813924095,193,0.5704731920917617,514,0.021740043009927303,413,0.41606393602976066,481,0.035634415806865744,416,0.20704990944766577,381,0.07289458638403906,349,0.05003688266506645,132,0.1285713273461187,200,0.036373223377450636,123,0.10071181010337116,229,0.010098856850560445,105,0.09251749713883263,209,0.6304151574606262,479,0.017098342760742284,390,0.5780895809290401,527,0.021956038358503654,458,0.1563328572440955,349,0.09206044114567756,275,0.014214979352903057,65,0.11316400544593981,122,0.006286197079077294,95,0.08983315933713809,141,0.004393932422415703,115,0.10215506568066693,167,0.4817150125680011,429,0.014239533062542846,364,0.3708472457944051,454,0.0447631122645402,375,0.23272967816600165,415,0.07112634572953672,359,0.044408975665312656,130,0.12638437389058663,210,0.026195641614535692,121,0.1105314339308375,207,0.009099145187059121,107,0.11144478669045818,186
"(259, 1)",0.0031097670092326,141,0.11026161452962457,94,0.004647326089519677,97,0.11966925357599931,117,0.08927742747904832,241,0.111150807137288,223,0.3769225680075725,540,0.04256073777325778,362,0.42464253363844273,508,0.03113288452347323,396,0.5232581089667327,506,0.024882131959100134,421,0.004968364413381332,107,0.10566577232564248,130,0.016282678903632775,136,0.10495771845465098,183,0.06811941203710448,221,0.10559175157442016,246,0.25184482852796,475,0.0750233633638835,358,0.2989756098830625,489,0.049903278457291395,382,0.4816117750599507,505,0.025512259001672682,422,0.0028966783007993158,143,0.10284806986206212,98,0.004654246738917012,100,0.10954752259454148,128,0.09816110939342071,257,0.10750862831195017,232,0.4351031833690149,550,0.03617647953099152,380,0.5422276197664735,524,0.020331626637757533,420,0.5847197852958747,501,0.020009140572218163,422,0.01009100912089389,162,0.05165522716864972,239,0.02231787230385618,156,0.11422671768608403,179,0.057019108186706524,190,0.11366871383402011,239,0.26942933491131016,480,0.06929501719870446,360,0.3474425499348439,488,0.04669472438581451,384,0.49534662358611503,511,0.029405160429961552,424
"(137, 149)",0.3842463365418203,392,0.0278149132206282,316,0.4747768116159844,485,0.03112084764058656,402,0.5891710457155812,591,0.054958246653440755,415,0.775781457670891,608,0.02189945788374416,499,0.7971463324302909,606,0.01928521404209123,475,0.8359986273716973,604,0.023349502240528335,430,0.5173770533449501,484,0.03152102341078558,331,0.604455973057265,572,0.03089504530313955,447,0.7078347845037457,599,0.034755858208318405,487,0.7803060113262659,608,0.03184109605865759,508,0.8114596443204388,608,0.02435670098938078,503,0.8581876071885506,608,0.019775068227836954,456,0.3794149163236482,390,0.026686734367591766,316,0.4625314954941764,478,0.030240666421635993,392,0.593117348615023,591,0.05438387792636284,415,0.7878719856226982,607,0.020398625677223333,497,0.820969139860434,607,0.014992373193953737,472,0.8333716688918512,604,0.019181444944101882,432,0.8489090691882756,527,0.010863232739816228,388,0.6228034437742338,578,0.03306031818867054,439,0.661985179768238,596,0.04112119176783677,463,0.7397959357527608,605,0.03807780238444947,466,0.8053016423206762,606,0.027208357716484593,485,0.8240238156613697,604,0.024694849683151037,452
"(137, 2)",0.7889321659136792,552,0.007172272252434424,531,0.6575930106249095,563,0.01782835120172614,498,0.6917414960059673,603,0.03862546172110105,476,0.8088755216245415,610,0.01833844462270917,517,0.8715680661659899,612,0.011750790902417835,535,0.9210543746951917,612,0.010777265249028431,519,0.8791951142519123,601,0.006341145724014435,560,0.7716530026280771,600,0.016123982053241243,534,0.7411243078015923,604,0.030209880019797592,507,0.8609716028934127,609,0.01931896286347056,559,0.8971903718869093,610,0.012718379108146776,562,0.9384224100533842,611,0.008258869618804471,550,0.7577620656478764,534,0.00793409267161376,508,0.6277349701890047,548,0.01857145926287724,479,0.7145501104708565,604,0.03535308612235837,486,0.8254111364134339,610,0.01645859633040954,521,0.8945784820333808,612,0.008506897391818232,533,0.9195136301728115,612,0.00887843038949843,521,0.9589826959082126,559,0.00279642209715399,475,0.8289791801773383,608,0.013303407173749705,553,0.7781434870138015,607,0.025229577322122047,532,0.8749292627763099,609,0.01703860087370811,559,0.9043380189555063,611,0.012715948344429016,554,0.8994524020519648,611,0.013585852612525519,521
"(137, 1)",0.6990757699180715,517,0.010758408378651637,469,0.6779889522568256,570,0.016557064897742193,508,0.6192086675521005,594,0.04992902930672158,435,0.6630930810219502,599,0.03513227660914595,417,0.6366493066684246,593,0.03793523501862616,363,0.6688180222762861,575,0.05179024533758745,315,0.8006451157314873,587,0.01089400919448139,509,0.7704369010913453,599,0.01622067306766218,533,0.7184020114444848,602,0.033292586145102665,495,0.7326618206162688,605,0.0397889699728615,472,0.7463011909694189,605,0.03395782537731477,450,0.7383412415563531,597,0.0388997711066115,359,0.6940803894801677,510,0.010394407506643291,466,0.6786117068858907,566,0.015529822084728495,507,0.6228768845134991,594,0.049419937051182264,433,0.6632634154833679,600,0.03479613198633785,397,0.6331584143874188,565,0.03423966271807822,328,0.6443885831235645,538,0.045592807378489995,302,0.9777515725678672,569,0.001503889790620605,513,0.7371739881988524,599,0.021488456066023336,501,0.6904359272160099,600,0.03701225370439253,476,0.6820227571867141,601,0.048134494962703826,424,0.6636341541915443,597,0.05097248284901736,367,0.6173916876543553,571,0.06055526130397444,299
"(137, 11)",0.00450661137956021,148,0.12451126771444598,72,0.004188174127564448,91,0.17856106684135334,62,0.06954104046148957,199,0.24680137966557336,78,0.2737129053823837,455,0.10556461037897166,147,0.3231750952253176,450,0.09144084364422227,174,0.45617745072335103,464,0.09895286234266115,201,0.011449892757037783,158,0.17475271690568397,69,0.007909807511780942,91,0.23621539283179657,46,0.05797578227894107,204,0.2502850169815507,74,0.182224920880527,409,0.2018586766455327,118,0.24405319830663497,440,0.15396306446087815,138,0.4182320725614719,460,0.10834690553745928,183,0.004352510265916876,155,0.11853616045339771,74,0.004542127954185182,99,0.16605565001489173,64,0.06773838296002566,197,0.24934227783403862,75,0.31620726222162565,479,0.09369696655747009,168,0.42859253676095965,466,0.0621283827746702,217,0.5623531359496634,486,0.059274623753870985,258,0.024559379196619102,199,0.20332860940324027,64,0.014952723288026215,125,0.24066854576041735,59,0.05444472519067245,184,0.253622632337803,89,0.22406560203566173,446,0.17704969873677284,137,0.34611600124838726,487,0.12727465109600014,177,0.5164235056744603,519,0.08216818277651221,243
"(137, 20)",0.012985292967420015,192,0.1056236962940321,101,0.014133135222160864,149,0.1477094608889818,82,0.0002960196963889272,23,0.5723831688326351,15,1.787885425375002e-06,1,0.6063847022972283,3,6.952809605831334e-07,1,0.6148374023692534,4,5.479733178326285e-08,1,1.0,1,0.0019756710961292834,78,0.2229391876089191,38,0.003150789094636952,55,0.26846222384045376,40,0.0001565377270513757,27,0.5741914563173076,14,3.8157359485424536e-06,2,0.8783876877631086,4,8.637278408052396e-07,2,0.8364811493743326,4,3.695710315554379e-08,2,0.9983872920151421,2,0.014686218727174682,193,0.09786385571837591,106,0.014664186494423137,152,0.13792389363790594,83,0.0002792334707037991,23,0.575957240562906,14,8.619364773032601e-07,1,0.6149128773503633,3,1.41278888254881e-07,1,0.5716503938641146,4,1.9295472442060202e-08,1,0.8237948354238442,3,0.00010876628304123948,59,0.3838251911023918,16,0.0013101472512336843,36,0.33651253733512637,33,0.0002036008838003367,24,0.5608952992353329,18,2.8917901584435413e-06,1,0.8759445862615218,4,3.32326298702057e-07,1,0.9263502867314628,4,5.455800855536097e-08,1,0.9796537887319356,2
"(229, 147)",0.00020788227815504712,61,0.07146450056934792,161,0.0017184952051347846,58,0.08959471799972649,181,0.018552126738489938,66,0.11524746839834374,210,0.08291131902664584,227,0.05711365266452506,297,0.11341634396349798,285,0.04123840744574323,342,0.1922545851377211,339,0.03543900866578369,372,0.00035456635524733215,44,0.0675601281422374,196,0.0013439539579056525,43,0.08722247129391085,216,0.0099153472346587,64,0.11612372638369774,211,0.057590539805542074,153,0.09836861916417813,295,0.08647596387503487,236,0.06430118685393033,332,0.17867629120803885,335,0.03484186548111629,376,0.00023351227777979044,67,0.0666034497333495,166,0.0021124555126140754,67,0.08303125710097924,184,0.022616580259432473,73,0.10625025670125719,237,0.09959343780786456,260,0.05081948105914295,303,0.1527105635777528,320,0.02936344788381816,356,0.22009489213686695,344,0.02938816250042034,372,0.00047213996610151465,82,0.029562950658866306,291,0.002059115837849901,44,0.09941519062911602,202,0.010881515012566512,61,0.12675118196498486,211,0.06940624025019904,187,0.08978529214925632,301,0.1008941797366878,271,0.05888450052149352,341,0.20084148937797097,347,0.03649633785338043,386
"(229, 2)",0.8505783649934469,580,0.0027875374946676116,586,0.6731615233832633,568,0.009468869592253154,573,0.5481910052564977,582,0.0237577188713837,544,0.5270127851336828,586,0.017507430281567926,522,0.5943587316808754,585,0.011546360950284773,537,0.5623045508826565,525,0.013720381638607398,499,0.8213373484811467,595,0.003276718388123215,590,0.7521330339287181,596,0.006584809161775775,588,0.6501645667043356,593,0.015899510180396977,565,0.5740299885142832,592,0.023762529022139888,545,0.6095235822693715,591,0.015658814758095396,547,0.5870277664697545,559,0.012084030284356017,513,0.8353505405633851,564,0.002898055344219877,580,0.647833678328279,560,0.00974892854051426,563,0.5260163023076698,581,0.02411190184197483,542,0.5196866668269571,578,0.01687301027814158,516,0.604842035391159,552,0.008966511521418166,525,0.5970527062709408,508,0.011026770565523229,494,0.9995000999900006,585,0.0,572,0.7195132800913013,596,0.008924394004277511,577,0.6191945676277557,592,0.019470366952585506,555,0.5610038229972719,592,0.02370626860209686,532,0.6094983154703395,591,0.01508912176747795,541,0.6217426050514621,573,0.012050030767859498,534
"(229, 1)",0.4394936127681096,416,0.013270089248225618,434,0.3199412649839164,400,0.02535922099266324,438,0.1279093694890402,301,0.07071997328162136,357,0.0353541078315871,115,0.07098300592359401,245,0.0188202103525682,127,0.06405312707624171,250,0.00898590511138575,119,0.07699260450399832,233,0.404587581008405,424,0.014053187903967684,478,0.30554720973953997,420,0.025103404619035513,478,0.15089730743147023,330,0.06069112351304764,387,0.04593610240597468,117,0.10401834112637003,277,0.02585046220630194,98,0.08614363149092229,268,0.009307966147760194,100,0.07264944097191654,256,0.4373622017958416,414,0.012500781023158714,435,0.31053525264134185,395,0.024448273135452787,434,0.11771967310914233,290,0.06961561711234206,357,0.028903857976138703,112,0.06982227497491557,239,0.01143890211267018,128,0.05539634441658114,241,0.005981116079736726,132,0.07209358845414275,226,0.295858178252578,369,0.008153521405364687,409,0.27686805098219125,396,0.031726373839555504,446,0.15250365535540078,333,0.0667665461843243,376,0.03900196811960033,114,0.1036516543870867,259,0.021092902623947474,101,0.08607414349457523,262,0.0065032527929036466,86,0.08435535763565712,236
"(2, 137)",0.1464200563355954,307,0.004361221864303733,564,0.11143213568194454,294,0.012028588042967274,546,0.10048733351702954,260,0.03214037497456932,506,0.05169617955940553,165,0.024169501439939418,482,0.043321865371476864,188,0.016049716915062164,504,0.02588158148869757,190,0.017190306302899885,470,0.10130775973496264,285,0.0053660461451183255,572,0.15198314453924322,315,0.009400557257510456,575,0.13414612387240488,317,0.01990489478265322,552,0.03233972464099799,84,0.029056387783814683,521,0.030477876163642836,111,0.01884357305499023,525,0.019150530493703743,159,0.014501716700413766,498,0.15666189440030442,309,0.004518908111247101,560,0.11579655456078952,291,0.012034167962021971,537,0.08193271568429616,232,0.03246795297409352,501,0.04353899211550516,167,0.02376630206497515,472,0.035364725640362416,199,0.01315978721260052,488,0.0242741152909014,200,0.014441492695184844,471,0.4387097253269785,418,0.0006774278336128852,547,0.09650228769779912,270,0.012401298028152772,558,0.0807752209384427,241,0.024851192261746473,534,0.02585249882611007,69,0.029482925102351936,506,0.03369464109640852,145,0.018465693356050153,525,0.04389939379158969,217,0.014120647719150291,513
"(2, 229)",0.10577801432530809,290,0.004860450977296623,560,0.13962678502991865,304,0.011157371403061977,557,0.15320624078161982,343,0.027925174427971506,527,0.24705515769414776,435,0.014349029664086951,547,0.2730919556870417,411,0.008688272965655207,561,0.3492123673541082,410,0.007220778337983619,558,0.15212493907820201,304,0.00468599514729041,581,0.10141596388209562,272,0.010757630752879296,562,0.11627934428660125,289,0.020876213882204363,543,0.31637842061674093,523,0.013585786256909612,572,0.32514345066994077,501,0.008559856529711649,575,0.3929582310994737,446,0.005297011180561668,579,0.09792020520715783,283,0.005285229657562693,553,0.13467862130672104,302,0.011443223857275545,541,0.18100521130854919,375,0.024929314237867515,538,0.27235292096323427,432,0.012898634123159771,550,0.3031408624740246,401,0.006430194911614172,554,0.3586011524557985,400,0.005885580823752037,561,0.01385057609013618,171,0.0021433816655511686,489,0.15861902405336092,314,0.01050819015403724,567,0.18298510305640714,363,0.01892204346907665,559,0.3493772839881488,538,0.01237769727296865,571,0.31030466284515823,465,0.00880960555799087,580,0.27113455048405566,391,0.007696250092132169,571
"(3, 220)",0.7526480053066422,539,0.007323846440651778,525,0.6230742765768422,553,0.01329249643886042,532,0.2404195938079342,435,0.035231569081473416,487,0.04081939924689426,137,0.046382372180346194,339,0.02983881878196748,157,0.03835083437186371,357,0.008598256807624605,115,0.03953504921302703,352,0.7408376734027629,569,0.007165122858948787,548,0.5181458203226242,533,0.01598989881058721,535,0.3307536351659369,492,0.024352525045653925,534,0.12406025283444544,304,0.041313198194545375,461,0.07266222304430925,214,0.03435277167670824,447,0.0199218674593995,162,0.030468130997446954,393,0.7193621820925489,519,0.007845515456907736,510,0.6262378873492316,547,0.012354734412567776,531,0.23840305243016302,427,0.03592532519482208,483,0.028333556651001235,111,0.04771841473151494,313,0.014528205318241394,141,0.03671678474599654,315,0.007155308833498242,142,0.04042028289918163,325,0.8461496696635153,524,0.0015120189246239598,512,0.49343968553964235,526,0.016313040281996198,535,0.341835338777284,502,0.025026432540445485,533,0.12369782558320297,305,0.038230944939284944,465,0.05872205611971004,202,0.0405145402759273,416,0.024799054065154702,177,0.044144593512866794,357
"(3, 171)",0.0007380692454115323,87,0.07371753961082803,157,0.003105173910626813,76,0.07781999234360186,204,0.05409230181711744,170,0.05792643273189541,404,0.2818943596915432,469,0.024356396231521384,478,0.32827227902841816,455,0.017243441814124877,495,0.5027137686726819,496,0.010186199110161345,524,0.0008615692991081891,62,0.06813463330618727,193,0.007623479432793845,88,0.06525472605660429,270,0.029341234717898956,123,0.05460336558974622,409,0.12594448089950439,307,0.04110613619955423,462,0.19786144393357663,391,0.024600519878292062,501,0.3872804821343018,443,0.01133132317985738,518,0.0011243380400447478,106,0.06760389445712457,163,0.0030139356105518544,79,0.07317597823357368,206,0.0548438143136023,175,0.058631197083319375,397,0.33590536841481666,491,0.020927341298039078,492,0.43206757216265057,468,0.01185090205693834,502,0.5261491318455794,463,0.00964804211388725,512,0.00015890514545424672,65,0.02640342724289581,304,0.009232723351812466,90,0.06144732661576337,296,0.0272147266721966,110,0.058175028762566444,406,0.12631128121016366,308,0.0379654315487585,467,0.22844945524018212,407,0.025760124496231496,492,0.35547232096739145,428,0.01817274910396108,490
"(220, 3)",0.0014386412734359588,110,0.05661904745909597,198,0.0068944677074567196,111,0.05763133403801015,262,0.07391688746717973,212,0.0427872725498059,457,0.3213703582999823,504,0.018180979692788653,519,0.3662960826057272,479,0.012838088669806878,523,0.5471861936825038,520,0.00767005233033003,550,0.0022038402421078462,83,0.042033628341934914,278,0.01658627841863347,137,0.044389107303986354,361,0.042900328318894676,158,0.0392376222415647,461,0.1697885198729574,390,0.02714086750315514,533,0.27631710955342004,470,0.014798899792451692,554,0.43433675180762243,479,0.00802942600581037,553,0.002032396655052393,129,0.052343253246299785,204,0.0064139412481913904,114,0.05455985718211928,265,0.07454810500542619,214,0.043137150158707525,457,0.3737221533369899,521,0.01577166016704936,524,0.47151590106760577,484,0.008843230243441386,526,0.5746192870736091,495,0.007061015612341912,546,0.0002946871150905084,73,0.018130678538815257,341,0.018219916999506314,144,0.042623756221520044,390,0.04193850785342734,154,0.04144404686728702,457,0.1828107542938886,394,0.02407918066744299,530,0.2999772073967849,459,0.016473292981467366,537,0.4109533772056122,464,0.012560828658161367,531
"(220, 219)",0.6981266130777257,516,0.007205022354043714,529,0.5307977592085065,513,0.013547190139290748,529,0.19543875041715808,391,0.030942751875402037,512,0.031266189140981115,98,0.039530068823400204,380,0.023027053102414374,141,0.032287295970202655,391,0.0060363559484453155,97,0.03445496054779563,378,0.6581970109953262,543,0.006288372807075409,562,0.4134517770969005,480,0.015195597235090227,540,0.27453766959997594,447,0.021134350519686654,540,0.08887415935884513,217,0.03367709823477681,500,0.04238725387057163,142,0.02764523344147339,487,0.01429349612538,127,0.02505612289814244,425,0.6660962663330122,497,0.0075919126430191225,514,0.5397542455844444,513,0.012450387305069347,528,0.19423768553329512,389,0.03134867249858326,508,0.02188039995477542,89,0.040617071377171875,358,0.010891886166409792,127,0.031050982678980446,345,0.004795330670261055,121,0.03481136488002617,348,0.8133530501933341,516,0.0012925323065333847,519,0.4000921424347774,475,0.015221139864755701,541,0.2778916154544466,453,0.02206520668446788,544,0.08087637414715321,213,0.03160106563351793,499,0.03612813189487807,149,0.03335759051997475,446,0.016881385459365683,144,0.03640377716184922,388
"(171, 155)",0.011550851524803285,185,0.04268261960505057,241,0.02281037353060955,181,0.046472300007772784,309,0.16694337755916222,359,0.03988776399392721,472,0.4802165926094455,575,0.018125457376458293,520,0.5358389993526551,569,0.012225360434155305,528,0.6821709223775344,584,0.007659962252487735,551,0.01663006038225745,183,0.03892482378043588,292,0.04851562769933526,223,0.041395462849688154,378,0.13573633924602824,318,0.036410919393101565,475,0.3188029839433755,525,0.02774945656067665,528,0.4057900060513706,549,0.017722711427247267,532,0.5519034018310807,543,0.010041046747072804,532,0.016317728595602654,198,0.03926874179925683,249,0.021760781039745103,179,0.04379449408400678,306,0.16840317350509137,360,0.04039186407570791,464,0.5138524509445151,576,0.01673505998304056,518,0.615249228419269,558,0.008658552932186491,528,0.7096243893349166,571,0.0071313277063277825,545,0.0018035986478900368,115,0.016168847532672344,349,0.05875705177417356,238,0.04018950298110436,402,0.12455164198545376,301,0.038859252756476566,471,0.3229871572832703,521,0.025175044923473472,525,0.4583544661484965,557,0.01755370951407169,529,0.5853794241102023,550,0.013445297488348494,522
"(171, 3)",0.4635948226991996,421,0.012466452139505358,444,0.36767262955768276,427,0.018397177524107054,492,0.09074547641495967,245,0.048875111571574564,442,0.010205423744650832,48,0.06543714570390768,258,0.00662049643417606,55,0.05288220959573978,290,0.0017150404833224941,44,0.056333435650263025,302,0.4130786128139563,433,0.01334075352529082,484,0.2563857446878288,378,0.023765593786695845,487,0.11484527542256728,287,0.03849691942723534,464,0.03181389520476019,82,0.05982595770109224,402,0.01750625278433726,68,0.050531968484897334,377,0.005806247683549093,76,0.04582489655779558,331,0.4157601578335033,407,0.013345021115190807,425,0.37451751232645236,427,0.01696238684008753,498,0.08977945459391523,244,0.04981402860086665,430,0.007884917453037654,47,0.06734536334981604,246,0.0033401315422907363,69,0.04926530228862887,265,0.0012612944778918056,61,0.05887185773723453,260,0.6774722113037299,473,0.002240931273591424,488,0.22836291881768322,362,0.025561761142879797,482,0.12544943271778508,302,0.03876633076156132,472,0.030925995074276624,86,0.05502889322682302,406,0.01200542054512943,58,0.05910763784668162,337,0.0043686833004275005,69,0.06880173328465326,279
"(4, 40)",9.999999999998899e-05,27,0.024006664225804393,350,9.999999999998899e-05,7,0.017634135564800684,499,9.999999999998899e-05,3,0.01094559775904303,581,9.999999999998899e-05,3,0.005916919197129102,592,9.999999999998899e-05,3,0.0018657041235880156,603,9.999999999998899e-05,6,0.002588901551641549,594,9.999999999998899e-05,10,0.006777721673237294,554,9.999999999998899e-05,7,0.010611461133422647,563,9.999999999998899e-05,5,0.011181796460328026,576,9.999999999998899e-05,3,0.007890400432704458,590,9.999999999998899e-05,4,0.0024749632256634495,603,9.999999999998899e-05,7,0.0025365349062417466,594,9.999999999998899e-05,34,0.02858949055237633,299,9.999999999998899e-05,7,0.018432036034664322,481,9.999999999998899e-05,3,0.010581761271736455,581,9.999999999998899e-05,4,0.004570096204846616,598,9.999999999998899e-05,5,0.0012384387111040228,604,9.999999999998899e-05,6,0.0013550363330103053,605,9.999999999998899e-05,39,0.003151394281967142,468,9.999999999998899e-05,3,0.013276980540989209,554,9.999999999998899e-05,3,0.01379012632647543,569,9.999999999998899e-05,2,0.007382664461679059,589,9.999999999998899e-05,3,0.00430727017395354,596,9.999999999998899e-05,4,0.0020894719069730764,601
"(40, 44)",0.7935047848652867,553,0.0029584258453724944,583,0.44060745630898845,468,0.007828791797927618,582,0.2602833124625483,457,0.011685527505700587,580,0.0759224058402378,220,0.01619764973731573,532,0.020825650892392078,133,0.022588105658834495,453,0.021842131016177158,182,0.020820079042483473,447,0.3925088604938799,418,0.004225431508549812,584,0.3825499140540104,465,0.006958353744831659,585,0.3301698831100168,491,0.009880659805778848,581,0.16061575600057687,372,0.013041756452579259,574,0.022834739189373843,85,0.01872871622302376,527,0.0252823406936572,178,0.019216040144378905,458,0.9668586284468951,611,0.000498017120027639,608,0.523007350048025,510,0.0062812660377942146,587,0.24492952332406592,438,0.011745137668726745,579,0.07112256261186278,223,0.016708596048878324,519,0.014781688331007792,142,0.023383572084813606,400,0.01688262448028921,182,0.025268026645226573,391,0.9995000999900006,586,0.0,573,0.5111640922062904,543,0.005045685041384708,598,0.3002718536267255,470,0.011091202798486795,579,0.1529015073071942,354,0.012666082603502988,568,0.04677215040155214,175,0.017426305299367513,531,0.01897441095717689,155,0.02105755732335049,468
"(40, 4)",0.9175634207948632,601,0.0011164425663987318,604,0.6136129198007919,546,0.004818709211079249,598,0.45338290852484286,567,0.007245008237774755,593,0.27746159135960546,464,0.009093827253386862,574,0.14701774904624965,328,0.013347478687896682,521,0.14507003791345685,310,0.012475053610176744,509,0.7484058889542263,571,0.0013948841454565516,604,0.7463317403208999,594,0.0022620409584647883,604,0.6645258651151953,594,0.00390106326694315,602,0.5102924243311265,583,0.005359992630797441,599,0.26558637060764445,462,0.008224353678441172,579,0.1740516092175256,330,0.010888942688616956,522,0.9241283631215783,600,0.0011606922989278847,598,0.6427497436768149,558,0.0043709716916468105,598,0.47385081417572184,571,0.006645129378693507,597,0.28444521105878107,451,0.009046724046481928,570,0.11810448907536031,294,0.014275433857148308,479,0.13591846508564465,301,0.014904635401222208,466,0.9995000999900006,587,0.0,574,0.6345081383637259,582,0.0034937209719955774,603,0.42776200049721724,556,0.008100956259412538,589,0.38370146584300524,552,0.007052512979825955,590,0.2623957737026026,433,0.00893269098575592,578,0.20507236112538574,350,0.010445645447985175,546
"(40, 47)",9.358812522730631e-07,4,0.06136907181173562,187,0.000869297781228684,46,0.03913356756979189,339,0.00816956980690442,44,0.030582900472863557,514,0.09849127958681003,256,0.014914871849639499,544,0.4635408003296497,539,0.005973398271668312,582,0.4565566161224972,466,0.005652567818599518,572,0.0006014518144962233,53,0.019149372542011437,437,0.0006674702388702602,37,0.030577777912070857,450,0.0016388445348760605,34,0.0359228064785896,480,0.015083750596479262,51,0.0241735037802592,542,0.2591540591289494,457,0.008356842041630563,578,0.36142041965937866,426,0.006795822695659828,564,5.607999176149292e-09,1,0.07247380356440591,150,0.0003726513810002885,38,0.04101084336522387,320,0.008348647693581679,43,0.029501935306999585,517,0.1015761586385634,264,0.014936638584866456,529,0.6491809470551579,572,0.003398796344220896,586,0.5491703544385165,478,0.005115969099363217,572,0.0,1,0.007581772313795411,413,0.00043392935744879235,27,0.03163448123018378,447,0.006939338133380435,51,0.03267115017617508,498,0.027523654903739092,71,0.02073291640107041,543,0.15957171250021296,335,0.011689516648563752,570,0.3686310353087874,439,0.006959192733642897,579
"(5, 166)",0.05033422290021172,253,0.08877208952366238,126,0.028099182316297266,194,0.2232049965271875,38,0.09977335360827444,257,0.33736116027381635,39,0.15140297024445593,340,0.18075274911315994,55,0.11450780823507412,286,0.18692647991279157,52,0.10193162371594822,278,0.22502572969849782,65,0.15930315969509978,308,0.08552330943759662,155,0.10845110057518914,283,0.19974286233352437,67,0.09511064179051831,253,0.32516853549058766,47,0.0936247638992378,233,0.34613758521624594,43,0.07181464629125434,213,0.32406955890946465,39,0.08735093504351576,266,0.2437400959591513,62,0.04656021742691441,245,0.08705412766145126,120,0.023913197979809286,183,0.2236763106117747,36,0.08854720633675917,241,0.34130167632535335,36,0.15701090883315072,347,0.16926444902652135,60,0.14928751263070184,318,0.13851532161247998,74,0.1263275128142951,296,0.19397654633108438,68,1.000088900582341e-12,2,0.004170245743720921,450,0.13577661361966864,299,0.18055035865144892,93,0.1183470518230354,288,0.3331395830676592,48,0.08298687129076265,219,0.3767237238700516,42,0.05961669912888101,204,0.362815532373267,39,0.05026128235393512,228,0.3194835113412558,36
"(5, 127)",0.2509742869335029,339,0.05196223493411351,209,0.3371288060388945,413,0.09749967890512674,163,0.1541562394831979,346,0.2918185549261422,53,0.10186020515450211,265,0.2062820922022396,43,0.136114301783417,318,0.17646067728092443,60,0.15130999358550712,316,0.19726314604378667,82,0.09601261665900074,280,0.10124723991647486,136,0.14315216564439015,305,0.1820888205169268,80,0.16057463714144682,346,0.2730816821121977,64,0.16270178850601524,377,0.2879043515298575,66,0.19952533076998558,392,0.23052068430491465,68,0.17215821869590342,329,0.19440476714499513,86,0.2624470443247754,347,0.04891557231539369,212,0.3607894153625013,424,0.09052070920780775,166,0.17029303038688381,363,0.2744507475014621,59,0.09766547322576147,253,0.19828750192848882,44,0.1035008026547215,284,0.15650362554583763,59,0.12368182002870187,293,0.19534992494948228,67,0.9997000299990002,592,0.0,575,0.11480925475390458,283,0.19093302229987383,84,0.13189772248391496,314,0.3213164451560713,54,0.17923054877930578,388,0.29144420390235076,68,0.22625469486981553,403,0.23259978737172302,79,0.25118733568876184,379,0.18686460941959304,94
"(166, 149)",0.19876365201813884,324,0.048586455229771355,219,0.14699543335952425,310,0.11798199873557204,119,0.2671787106079011,466,0.19297419536168006,114,0.2856607109878935,473,0.12419856722083805,116,0.26586375745839563,403,0.11462370567478454,120,0.2114607570939342,357,0.14639693941386206,121,0.38073382956505375,414,0.04949739793537956,242,0.29833460544660406,413,0.11440322192589615,160,0.25791422916314666,428,0.18730629085385625,120,0.25972289039332463,486,0.19348644373779184,124,0.23356105037851405,427,0.17335321498377898,120,0.19892680884918934,353,0.15125616251430582,123,0.1923994035993768,324,0.04770746731647793,215,0.13254106248523012,301,0.11844074552916331,111,0.25142077438253896,446,0.19462377485781587,109,0.27442819407767494,433,0.12332925300759795,106,0.2762018241872539,384,0.09532406832131014,127,0.22085259727033668,345,0.1366324481142602,115,1.000088900582341e-12,3,0.0026690656644347676,479,0.3318038947748758,429,0.10372333237436689,195,0.3009402539422855,472,0.18960802823712467,126,0.231600605342557,452,0.21382578940512076,110,0.18381475117593227,361,0.20311182994920385,95,0.1310198720924325,309,0.1903510621339353,90
"(166, 5)",0.07220123243041687,268,0.06809459908837152,170,0.10531604363700997,285,0.1318516346326903,100,0.04509091114634067,140,0.34919674346240553,37,0.03979411429166413,133,0.23958546977947628,35,0.045494345595213814,195,0.2064627384290682,43,0.06605331650269863,244,0.2157630382392708,70,0.020846465255905167,200,0.13035030422387228,105,0.036530946622337135,196,0.2303840937238089,52,0.04801456659169134,174,0.3280347055108972,44,0.04742865113637873,118,0.34104134075397335,47,0.05669459492196838,179,0.27789761621697867,52,0.072118223454811,250,0.21212694779470023,75,0.07552627095986764,270,0.06515607599263448,168,0.1177505412818236,293,0.12320556109692564,102,0.05018148920427823,156,0.3330287775023113,38,0.04293210103884426,166,0.22888375125703686,36,0.04242030343708714,212,0.17800006457590753,43,0.06188302245026489,256,0.2088001699718446,56,0.9997000299990002,593,0.0,576,0.029133046230306547,181,0.23336818846033033,61,0.03589402501995376,136,0.3851909686518023,40,0.05746305242679339,155,0.3402857401409508,49,0.08029590780298435,244,0.2676892114542867,58,0.11916740470808818,290,0.19646349594875565,89
"(127, 33)",0.32355990562391257,368,0.03660159753316158,262,0.3920472370871775,439,0.055700296487991054,270,0.18177868344178072,379,0.2233682326474597,90,0.08567806746728945,236,0.23153958832174543,39,0.06368550855567245,225,0.2656280801387878,23,0.020393840884557757,175,0.4913050081835841,11,0.12481225656910933,292,0.09332530545324139,145,0.2641687229891738,389,0.09578453616073974,199,0.21751056257036527,387,0.1898577901797143,116,0.08836085448759934,215,0.36197428494722284,37,0.07059203280853454,210,0.3505511112902251,32,0.018714770506997658,153,0.4815196100008803,12,0.35072995278843655,376,0.03300144443341823,272,0.41710934426311475,452,0.05105921092336421,279,0.17780201471455914,373,0.22352751749285205,90,0.07451166627241768,225,0.23840935989936946,33,0.04997058654348896,230,0.24510054762326414,22,0.02497000328009924,201,0.40999440560295675,13,0.010430161498262702,163,0.21384770880358117,59,0.1701157011050789,322,0.13022624200669436,154,0.18097778761505956,362,0.22078014851334574,109,0.08474104424324103,225,0.38915909820912714,39,0.07090501242925806,224,0.3921796845701979,30,0.02929548793303316,189,0.4986484424949562,12
"(127, 194)",0.08737224229456364,278,0.07527274956417172,152,0.10853072693866062,290,0.12585879889318907,108,0.21067299888402746,406,0.20517856743862242,101,0.4647768156217189,573,0.07694755902052566,229,0.5199513291312773,564,0.06827174132197662,234,0.5967227739524126,543,0.07393106246395452,243,0.10129159852358627,284,0.10189130938002616,135,0.10171691588762044,273,0.15866579997273014,98,0.15320607448180823,333,0.23041660266584746,87,0.3601247011191746,546,0.16063286963518514,157,0.43443522736022466,556,0.118047635359784,184,0.54659279752218,541,0.08292488335240777,233,0.09737345028375566,282,0.069910944982891,156,0.117121474877523,292,0.11936856967189989,110,0.21404275968775488,410,0.20091714477144582,99,0.5193747605181651,577,0.0647096681197431,254,0.629940010059973,564,0.0415827261404252,296,0.7074434378073609,570,0.04358661991421924,310,0.08172215070135191,264,0.1265868747002382,119,0.11656637027135153,284,0.15579460980776427,115,0.18526196308007037,366,0.2179500738213626,111,0.468688602192042,576,0.12743747756312407,208,0.5358307896304263,582,0.09977981384588697,230,0.6538073402589047,584,0.06743217786736738,286
"(127, 76)",0.5689864562332464,471,0.018688551572172828,384,0.4979725310577858,498,0.04185289822934362,333,0.38844473372958066,554,0.12749229435844728,190,0.40546987386026556,551,0.09018735596054822,188,0.44240304978154465,522,0.08460956968056699,194,0.5261688246770385,508,0.09150850912196143,211,0.47641002578458036,466,0.03497884885476773,314,0.365669183124132,456,0.07328612344194328,253,0.36908089171992353,511,0.12655671325926307,185,0.4519090666846358,570,0.12600785260965036,214,0.4940007721178501,574,0.10034406673786447,230,0.5428018019922463,539,0.08385806409014879,229,0.564220054601432,458,0.018355698161195828,379,0.5145928915465114,501,0.03910661089856399,333,0.4097019971073901,561,0.11919278762068741,199,0.4023859116885613,539,0.08904860467499474,183,0.4165810412321388,460,0.07756080164140217,176,0.4791006808423963,448,0.09130101830254378,185,0.9987007797140717,572,0.0,577,0.37569203658314787,461,0.07416334181588205,254,0.33030961989326035,493,0.14635967620730925,169,0.46209917022669134,575,0.1297485379360958,201,0.49789901529124003,575,0.11120948348028005,205,0.5633272166644793,541,0.09055178170760762,226
"(127, 107)",0.020083424435371144,209,0.1143028930935914,86,0.043759383193734624,229,0.17145468655113347,65,0.007713771193953334,40,0.567291389085213,16,0.0004354190328083041,24,0.6031246624667927,4,0.000330298282602004,25,0.6403678391248602,3,0.0003443021271455349,26,0.8705352733189663,4,0.002422536820935295,84,0.23394593894413385,34,0.009164386607809272,99,0.2981814913002638,34,0.0037444443961938134,43,0.5990581212772857,12,0.0005899176003459905,26,0.9260662708607087,3,0.00043202972650313587,25,0.8531651117335323,3,0.0003750136450328956,28,0.8308725459987674,4,0.023475695605026936,221,0.10684139533003281,94,0.05155189176496522,240,0.16008309410452803,67,0.009495256200177549,51,0.5409795997148632,16,0.000355340060631093,24,0.6019478018605834,4,0.00019798230789958016,26,0.5727677527486343,3,0.0002067384516282189,27,0.7952282544564111,4,0.00034138299411956563,77,0.3314708584094536,24,0.005984038274300607,65,0.3327521476143658,35,0.0033599382826710045,36,0.6356902499713281,13,0.00048128228587296373,24,1.0,1,0.00041823944086927245,25,0.9588426802679663,3,0.0005425482289506123,29,0.9209326003897832,4
"(127, 5)",0.07729019577895313,271,0.07869891404022049,145,0.02776379440309351,192,0.1931232908712208,50,0.10447386349429355,262,0.2898483096979953,56,0.21917610195108284,405,0.14815599161643364,87,0.22015672236184147,374,0.15291585067852215,76,0.29495709940024917,389,0.17020527466785057,99,0.20880201041487445,331,0.07161884520863893,187,0.07932696788166382,257,0.17430217226184078,87,0.09541731159095046,254,0.28350890891403413,56,0.13923824307460053,327,0.2991730904435772,59,0.12680048609229677,304,0.2791293046124086,50,0.25632449168989435,377,0.18158453649088827,96,0.07409958676425121,268,0.07731871993060838,140,0.02595880046865584,191,0.19220419120130675,46,0.09586878636943574,254,0.29653096125833134,50,0.24963260277091703,415,0.1333154467168393,99,0.2973270736757371,399,0.10606568348216776,106,0.316784634227529,383,0.14040560907087155,109,0.9007513948446622,540,0.00578523369905404,433,0.12185060736194031,290,0.1528342263332987,118,0.09994855923956647,269,0.2909186748374772,65,0.13582109977815005,325,0.32037621358016466,54,0.1350405948887745,313,0.3039281526604807,50,0.19661383397582166,344,0.24659710902106785,64
"(127, 75)",0.18759853482363276,321,0.05317650793224256,206,0.3150352187949492,394,0.06814173564144779,234,0.3037308847817295,496,0.15916839046464343,143,0.43880697104633715,561,0.08254105314001454,214,0.5180752841549099,561,0.06863960291166663,233,0.5758419805916124,532,0.07892405782570505,229,0.3487054463624115,396,0.04911359490309573,244,0.3170467183937442,425,0.08322830145992101,223,0.40837903609005,531,0.11414780775860597,219,0.5556395554926834,588,0.0939628437878646,302,0.607463020775507,590,0.0714872952223588,307,0.6517556757330265,584,0.05916453913196584,291,0.17804115142363863,318,0.05298240584536108,199,0.305531062304787,392,0.06842355386064614,225,0.3051729984740986,497,0.1567753635330761,143,0.440611089938021,551,0.08044867066591141,208,0.5135767856506813,508,0.059493245457916566,227,0.5419397771603112,474,0.07636734094945784,217,0.7461176920859021,497,0.0160929756153077,350,0.38091318830585386,463,0.07315612674453315,256,0.42313601601642103,551,0.11471066797520182,235,0.5279694964454098,590,0.10789787977116128,254,0.5552176612010271,584,0.09422369444870324,241,0.5712111643799767,545,0.0884057449335877,228
"(127, 78)",0.13195354149829508,302,0.06351252397475388,179,0.0741646419292582,267,0.14535985694755782,84,0.1523026356190671,342,0.2449129829917293,80,0.32306382583961757,506,0.11191660608767307,129,0.33923618152387847,464,0.11103129856264404,129,0.42078385855013656,442,0.12231351677448887,164,0.37333125637629117,410,0.04605156633615628,258,0.24585730555874297,370,0.1006798964650747,189,0.2548521241122017,422,0.17116016418343488,135,0.36592289539387257,549,0.15821662148831123,160,0.4049881797143269,547,0.12764472968343846,167,0.4578808612831471,495,0.10651520820494761,185,0.10521132882992856,290,0.06778288658808654,162,0.05765846097575755,251,0.15467910683197889,70,0.13236748398058407,314,0.2588362557170362,68,0.32586360623310107,487,0.10880702837046353,134,0.368164099174761,431,0.08808960983432366,146,0.4375903641144392,434,0.10219251451333332,166,0.591167261004584,455,0.028628100248480528,296,0.2499012535747891,377,0.10343924607219156,196,0.28381116080666813,458,0.1654524952346085,149,0.34725468598354714,537,0.17585041353461967,138,0.3410871970536845,484,0.16908194826237205,124,0.30251804720745834,406,0.18424205649287537,97
"(6, 230)",0.0015023132866545108,112,0.0684195808658791,168,0.009753102939531022,128,0.13730068737163997,97,0.09277008809720688,248,0.13486877771649589,174,0.38394514179455785,544,0.051452803603914105,318,0.5133642917369616,560,0.03849938305960875,356,0.6980073740059674,586,0.027885788815732872,412,0.039859178217588775,228,0.05764841483350744,221,0.025654501754257764,168,0.11546455688887595,154,0.05323859329851832,192,0.14208459201611115,162,0.23806100513586914,463,0.1048221825593965,274,0.29681574050091575,485,0.07854393777580752,289,0.6184646956306419,573,0.033844308477858964,379,0.0008292358531027944,99,0.0684139533003282,161,0.008104581176553105,126,0.134770557415671,87,0.08909949229863612,243,0.13521296188272955,173,0.4407162881518202,552,0.0449892511382307,331,0.6528694946734807,576,0.024008295068846722,396,0.7731327098320928,598,0.01921660099109482,431,0.07894880929194525,262,0.0384264164338573,277,0.024725363782507448,163,0.10806090377882831,188,0.07054188351941815,218,0.14292574807089195,177,0.32399540934257964,522,0.08418166684732185,320,0.45385358114175345,554,0.053984836739056734,356,0.6538414628779876,585,0.028712669330357675,427
"(6, 108)",0.6942584951812626,514,0.00884966527716663,501,0.4862262525897125,492,0.03730561290464708,354,0.16394410082451272,357,0.11155322919594379,221,0.020388116931388867,67,0.13689042261281345,98,0.007915109440396195,60,0.15468327117127695,75,0.0014405731668372113,41,0.21902372655251778,67,0.28541879260834635,369,0.029909050675193487,342,0.35050473790321246,446,0.04829905019963296,348,0.24274711873161892,408,0.08568493676719063,299,0.05497239536142562,144,0.1708576381863259,144,0.03690740333841935,127,0.1573634311967276,134,0.0032419583379210692,55,0.1948295404525046,85,0.7438027293723194,527,0.007093895522991484,525,0.5103357466379932,497,0.03387556548198227,362,0.16944211475747262,361,0.10913639775629873,224,0.013651405406437167,64,0.143252653994759,88,0.0023255745299133324,55,0.15720270866579328,58,0.0005552710685701179,35,0.2145818111784001,53,0.18617787887329973,331,0.028869264557246716,294,0.35590776457526707,446,0.04442256906510381,377,0.2020664338129331,386,0.10063786903356382,264,0.030715670717833765,84,0.18461931644721208,133,0.01240810893262112,60,0.17920158585856405,114,0.0023029891191916896,44,0.18871239507645685,92
"(230, 122)",0.002293922034732221,128,0.05074292345881381,211,0.009040754050750333,125,0.11162598287244614,134,0.09160421724041601,246,0.1117430331710082,220,0.36363494324281587,531,0.042022201644916886,367,0.4920342659593735,551,0.031757125984450976,392,0.6313823662826882,558,0.028515622095783514,404,0.04420826604607653,236,0.044076180104370435,265,0.02672284815371251,173,0.09328756625317408,207,0.05368178905299947,194,0.11827607393374635,204,0.22964239137340803,450,0.08645271310261536,320,0.2850564511852315,474,0.06603411449412618,325,0.5418761316853249,538,0.03455464829650497,378,0.0015764539644390618,119,0.05053789524366084,208,0.007671133079266035,119,0.10896085746355096,130,0.09118295976730062,246,0.11163575458578685,215,0.4225384399815565,547,0.03661651281924232,378,0.634474068833508,567,0.019584845404298994,430,0.7187615954441566,576,0.019177623634646132,433,0.08705289416023043,266,0.029641532287565404,290,0.027080277069313707,171,0.08871000193995508,222,0.07097575246997279,221,0.11940615869123417,224,0.31237054422781574,513,0.07086423116968096,352,0.4373350000452838,544,0.04619518469652244,386,0.6075571880025471,563,0.026866597760374082,440
"(230, 6)",0.6542337274018051,499,0.007708870071109708,520,0.49618762411385986,497,0.029373218650852864,408,0.16566140616486535,358,0.09171742021823928,280,0.02345138772534927,79,0.10478790475161805,151,0.009332226374030195,68,0.11908157035900487,112,0.0028700417463893846,67,0.1721409764433856,98,0.27009854978899783,364,0.024110026734279966,393,0.3445163595721197,440,0.03978457544146436,386,0.24153385726152166,406,0.07164401037666616,352,0.05824193648689846,157,0.13657903666571927,186,0.039956831468112464,138,0.12712031756906525,171,0.006304222691195793,79,0.15249746896733868,122,0.6899069532692155,508,0.006656522554111122,535,0.5173542224215204,506,0.02676872494516005,414,0.16628845148750793,358,0.09137355267736577,278,0.015551438797321793,69,0.11008011252239581,131,0.002786171475546828,60,0.11959751598009107,91,0.0011324483497727744,56,0.16481001977909773,84,0.1726276855320652,328,0.023593456589069563,317,0.34256355365308777,439,0.03807236933381462,414,0.20119438139578016,383,0.08437065997777128,323,0.03322765010525752,92,0.14956061014380484,166,0.013988497963792978,69,0.1455272842963868,147,0.003584457012099751,61,0.14868503824984872,136
"(108, 64)",0.779433501131265,546,0.008442388372538284,506,0.5730005567532139,529,0.03690034753064533,361,0.23571380812480003,430,0.10210160274992326,256,0.03900974342875885,128,0.12697923404689118,110,0.014206305864051139,97,0.1435058950521774,85,0.0034266233266261326,71,0.2046273096984766,76,0.4087477734054098,431,0.0272835980574769,361,0.4663900462769426,513,0.04270003614582064,373,0.3485639292489944,500,0.07398153363029715,346,0.09619511648809254,247,0.1518646208206741,171,0.06185045413147783,189,0.14356398734559817,149,0.006958412532241276,83,0.184774738093142,91,0.8231626682093743,560,0.0065760312262247355,536,0.5955724605227447,533,0.0336305050891707,365,0.23893520057716033,429,0.10022624987369669,255,0.026620850857855594,107,0.1327535104127135,100,0.004242648616142652,79,0.14648604328738332,66,0.0009841915541594082,53,0.20085337482765894,63,0.3344950069552892,383,0.024701728524860245,313,0.43567811906696874,495,0.04288081528564488,387,0.2946113981706322,463,0.08726631025175163,312,0.052686365824044845,142,0.16792180580927388,148,0.020265115485749607,97,0.16615021172852967,127,0.0037763463818916154,64,0.18128011436387662,99
"(108, 6)",0.0005063853876965396,80,0.09747605883597742,109,0.00486230152921352,98,0.18091233340995272,60,0.05586354797833071,176,0.1649876345179814,136,0.28860901954032525,478,0.06516590553560528,260,0.43518807686870975,519,0.04586391592312761,319,0.6124771744065403,553,0.03632640445917713,367,0.01714581114794056,185,0.07852370163632023,173,0.01131450813823176,106,0.14750252019841298,107,0.025996232663456964,114,0.1757575563633881,132,0.15904768224071963,366,0.12842961191228444,202,0.22092867812854955,415,0.09391661797005663,250,0.5296449119693912,530,0.043599788713795225,340,0.0002477682589103747,68,0.09812444179815422,104,0.003992972410662321,93,0.17835261828175492,58,0.054644413689818094,173,0.1638926972366472,135,0.3450781780540968,499,0.056512886809812146,286,0.5887182665607289,545,0.028294765535642474,363,0.7302880493546309,581,0.02218575843821554,405,0.028606066690180287,207,0.05606663722113683,229,0.014156329649692712,121,0.13438002819241232,143,0.03746066751508903,145,0.17354201064780025,141,0.24427404861046398,465,0.10070415742259091,266,0.38481819873638545,511,0.062277627459999034,329,0.6018002695452641,560,0.03343669277220985,405
"(7, 208)",0.6814160199225516,508,0.006357718443177733,544,0.4775501965755572,486,0.014498005055217927,522,0.173860319103875,368,0.04410602210146163,454,0.03416273568162309,110,0.04427191735852125,352,0.01234191927319106,84,0.05154021681930584,296,0.0037853563304430793,78,0.07603935767626568,235,0.40061701046314746,421,0.018484913542370054,446,0.30509903182528,419,0.031245927929690526,445,0.25919523781029064,432,0.04069684091956378,455,0.06570994827450882,177,0.07370304790532779,361,0.03290379479221395,117,0.06781036532532694,319,0.0049290904659394785,70,0.08479729729729729,225,0.7581366628640227,535,0.004339548439975154,562,0.5175780276028218,507,0.012228593832055452,533,0.17842590415945292,374,0.0446485063703488,454,0.02110387951573478,87,0.0458763559950946,325,0.0048231128994490335,83,0.048374448291820485,270,0.0015353090045129303,67,0.06869797287175991,236,0.316719843238346,376,0.02539812433781429,306,0.3318481584985534,430,0.029339568417050703,458,0.23502601517880617,418,0.048103456502879324,433,0.03873059573014037,113,0.07970871092751683,330,0.016477331138869733,83,0.07910362137482824,284,0.0039033522491710437,68,0.08156996645531975,245
"(7, 26)",0.001729041189407532,117,0.04661263179816533,228,0.010411754287643293,134,0.05189672508168695,287,0.08627613069999907,235,0.05571017144684959,414,0.3082620023131102,491,0.021265350555162484,504,0.4545846143874577,532,0.015490623460808142,507,0.6015356832875683,546,0.014038484619003972,497,0.018153094990163376,194,0.05184939089259392,234,0.034900256433492594,189,0.0643671327601621,273,0.047598807452676306,171,0.07159856979502673,353,0.2122087813219955,431,0.04986257539457908,431,0.3138200441854403,495,0.031975537509823286,466,0.5714039491390551,551,0.01739094550576635,477,0.0006853332859155792,92,0.044880714792394846,227,0.007657635155540521,118,0.04981233579995371,281,0.08347010935888455,234,0.057515192304833346,402,0.37895867273453576,523,0.017519124415400433,514,0.5739455844814569,539,0.009834861792881582,518,0.6923023382958585,561,0.00895867788806926,520,0.032265167645501025,213,0.05438119677110797,232,0.02912430334466065,180,0.06602093589919922,278,0.05612762219706324,188,0.07753349865821198,343,0.28967274657026243,492,0.04075879152624456,451,0.4143842005405436,532,0.02699961634776024,486,0.5981157335518552,556,0.015243374625686278,508
"(208, 7)",0.00039659973812511407,73,0.048400871320652045,220,0.0015891511043566453,55,0.05327192558413288,276,0.01744257428227569,60,0.05843586942333225,401,0.09771094068127328,253,0.02232270177052475,496,0.191460351092416,350,0.016242352831495246,501,0.35004815394377253,411,0.015635372201729333,482,0.004945818634443988,106,0.051346848797197274,237,0.006299371235744422,77,0.06658082821141642,268,0.009060066608309603,61,0.07453748741317223,343,0.06490783459520966,174,0.0529826768628297,422,0.12699739398818455,306,0.03324349648376892,454,0.35555506093814526,425,0.018774760102121663,463,8.248983346348382e-05,32,0.04710506874841498,217,0.001136834714967172,52,0.05121227338042404,278,0.016089439868053557,61,0.06066691679553175,388,0.13603754286791414,323,0.01853151066271322,507,0.2953080783154215,397,0.01042582918889725,515,0.45562736371017953,439,0.009965210798714815,508,0.004470068547357098,137,0.05861376587552128,221,0.0062129787751458165,68,0.0701008476342458,268,0.013130463143085969,66,0.08014480204685111,334,0.10594827700839837,270,0.04349944659849503,444,0.18489975160588634,362,0.028933713098664847,479,0.35673117626471096,430,0.01627354084069105,502
"(208, 165)",0.7953837042448615,555,0.003838059984750209,575,0.6891772775693585,575,0.0070379008334334366,586,0.40630853995617555,561,0.020461197787737063,558,0.1569485303333935,350,0.019060841536275186,511,0.07603166120681748,250,0.022097529935789905,457,0.02573451097707924,189,0.037323197938650195,363,0.5710067807029124,515,0.010544988311998281,512,0.5419706511063727,547,0.015081909753290611,542,0.4959089625930164,565,0.01963139794856041,554,0.21397332676554914,434,0.03559970428712807,495,0.12302365970336182,295,0.0335976383823322,452,0.024785036065680943,177,0.04561911259793996,332,0.8750089427246921,578,0.00214386262813374,593,0.7184381080354121,578,0.00596774206488832,590,0.41774930828889834,562,0.020487721049704675,558,0.11457623897026536,286,0.019623007181298217,500,0.03728491766014708,202,0.020782190356077423,416,0.012248035837141846,165,0.03326602733611932,353,0.5827488452050124,453,0.011559628552770271,383,0.5436638552330871,555,0.015789913074396377,538,0.4460883598359846,561,0.024745434195461553,536,0.14620879774054518,345,0.03907124012653155,461,0.07967409221070887,243,0.038306920352211477,422,0.024586580161630955,175,0.03969139579808742,376
"(26, 7)",0.7788143144386757,545,0.00715337796304445,533,0.6713793329711355,567,0.012959971003782062,536,0.35116170105363265,534,0.03946299822073473,473,0.09251891580342764,248,0.04213203267503486,366,0.045792473858603744,196,0.04665917090175513,314,0.01334694101241718,146,0.07332671990687388,246,0.6023257906918529,530,0.017307117987049047,456,0.5313889124432721,541,0.027039491103104725,469,0.45227045094728113,554,0.03629529124639463,477,0.15843662848568107,363,0.07011843473728714,369,0.10372971730315794,262,0.0619083361879622,340,0.019025036443621524,157,0.08224425565630776,234,0.8100311520948678,553,0.005727013110162857,545,0.695421852036072,573,0.011263952685960857,545,0.3570692702391929,536,0.03960972841699926,469,0.06223222463990985,209,0.04364691030753343,342,0.019217341281743128,160,0.043648910575087595,289,0.005678593340616933,129,0.06505855774609996,244,0.3018984167979719,372,0.03154374964435038,288,0.4023783414457227,477,0.027056667709717853,472,0.31315632418772976,484,0.04324444539939855,450,0.06031928622570981,160,0.07440242084568502,343,0.027188348295114517,124,0.07398801824543523,299,0.0075005187738617085,95,0.074826748668583,265
"(26, 264)",0.0005110455267376413,82,0.0823194797604372,136,0.0019235530203296491,62,0.09124840855405054,178,0.025539791763852238,83,0.0945409601446932,274,0.16431184608370475,354,0.03479095089400031,422,0.2648997825119198,402,0.025992089010149055,435,0.44383376021546594,460,0.022802513810130223,433,0.003758501044420326,95,0.09400775522002107,144,0.0068618664596250545,80,0.11525380069338033,155,0.012552506300646527,72,0.11987801443858483,201,0.09663335636745196,250,0.08268150794669296,338,0.14899568684979236,341,0.05486882140770146,364,0.39390163678489265,448,0.029951470199841533,397,0.00031191816103792736,75,0.0787194160519555,136,0.0014829451590647746,55,0.08751152091397453,176,0.024529807784566482,80,0.09671369475694454,261,0.22003961292859298,389,0.028650024042765714,439,0.39245827138240075,448,0.01596883918935711,466,0.5545862327293936,482,0.014127381057921879,477,0.03566260307698754,220,0.0642879014098628,208,0.017930472386667562,143,0.07631711238586247,250,0.03305170033992866,126,0.09150667852422013,295,0.2245561968313342,447,0.04800621321222476,425,0.34197794029335227,485,0.031814343987060914,456,0.5202075111715856,522,0.018212173102205857,489
"(8, 112)",0.0006136512210934697,84,0.08311555915340148,133,0.0010155334725716614,48,0.10357159334965757,149,0.03151712180889232,102,0.10699816899139297,237,0.23046128060594717,416,0.03632858531565196,402,0.3079387319579535,439,0.030570982965481112,397,0.4218695376564525,444,0.04101563537220173,347,0.006317215956744726,123,0.10274886928028534,132,0.004145699669606984,65,0.11881550485740153,152,0.016423010436581675,85,0.12508362773710172,188,0.11429134113831096,287,0.0912883586282261,309,0.16969068573180568,363,0.06614897132609265,324,0.3303188809497912,412,0.05396766880887402,305,0.0005081873104748613,85,0.07869442331087662,137,0.0009120602840119174,48,0.09869533198729895,146,0.029779501394533225,97,0.10818820945613099,230,0.288485319225136,456,0.030648332603229054,424,0.4447897659899527,473,0.018177384147397443,437,0.5904995710053192,506,0.02005728907136066,421,0.03621953713346682,221,0.11790495958465544,128,0.010695561030999334,105,0.11591321734043569,176,0.024500124583699767,97,0.1213670081154666,222,0.1823567973447835,393,0.06867349708979426,363,0.28672400989463587,450,0.047300074355115136,380,0.5040831927167262,516,0.03223340378230411,410
"(8, 81)",0.7661157914114964,542,0.007718947025451028,518,0.7277489641899715,583,0.011573859510497619,551,0.32018871470085464,505,0.04940336402262125,438,0.0579148338862252,185,0.0575684502174169,294,0.03423740158337396,166,0.06357659187188758,256,0.015625606937538894,160,0.12304478188969101,163,0.5416232805304393,497,0.023301641597532147,397,0.5913407028419897,563,0.022740140254848808,495,0.41485116501576735,536,0.04263051900397659,450,0.13635750539028635,324,0.0860716560471944,324,0.08893772984205528,243,0.0820440486025752,282,0.029427833170074358,191,0.12083480059864422,168,0.7791935943849961,543,0.00682448847577358,531,0.7363674397635588,583,0.010599196283925243,558,0.3285659771808904,511,0.04859723314471199,438,0.03904233679685687,145,0.05969475259599933,266,0.013254771455065928,139,0.058630765723499664,231,0.004176601635077937,112,0.10448912149624136,161,0.2996028788441373,371,0.0582994393607249,223,0.47395528426769284,514,0.032755811306634824,442,0.35724633412232587,517,0.049678386650932244,430,0.0811404486882098,214,0.08995335118670565,298,0.039509412028427615,159,0.0915762780550199,248,0.008507751572185862,100,0.1256614232749001,164
"(112, 8)",0.6309567346142548,490,0.010330557692243097,480,0.6244724229944794,554,0.014546844728495061,521,0.20428043620480585,401,0.06623288500866113,370,0.027273770849957524,87,0.07590568123758333,230,0.013849595511095991,93,0.08596616459643901,190,0.005482176373000636,95,0.16253947079134884,105,0.3736865809188219,411,0.03122837359866916,332,0.4467486900800368,501,0.029385003601362588,462,0.2746218067108007,448,0.057793379755260874,398,0.0649968219543291,175,0.11529574042771294,242,0.0386552630995225,135,0.10989683035444416,205,0.010885379302399967,108,0.15918434721366315,116,0.6418946513688912,486,0.009341772058850553,485,0.6349269765722793,553,0.013308410688412889,520,0.2096946887756681,405,0.06480739783415954,370,0.018517859054884678,75,0.07859366149362444,214,0.005127054337223824,84,0.07986327519218671,169,0.0015489099710790377,68,0.13819001384842547,112,0.14667000177452671,313,0.07821852738027818,182,0.3426348442797005,440,0.04165497988873186,392,0.22449946914396524,402,0.06777613110205208,373,0.03567863544485428,106,0.12103631765743604,225,0.015461753833851288,77,0.12310342271062903,182,0.003132408354177163,54,0.16612415816908094,116
"(112, 33)",0.0028817399142249123,138,0.06226424125572287,185,0.0030645897017846924,75,0.08560171100962619,191,0.06945382027117253,198,0.09489657800131945,273,0.34151662299868046,520,0.032687777687431814,433,0.43871954210665787,521,0.027169246097157023,423,0.5588113637171387,524,0.034795367910790964,376,0.021885764096759908,204,0.0804139315703181,166,0.013067643917762606,120,0.09537057775525011,202,0.042875925875168974,157,0.10732937381598485,238,0.21377636965407065,433,0.07752779000292093,351,0.2899611350853132,477,0.05614030668789168,357,0.47159614490724455,502,0.045323642045954744,334,0.00259261460160487,137,0.05865943347336619,185,0.0027740467655354983,75,0.0814072082700439,189,0.06687200002875826,196,0.09485763442767653,266,0.39777289295912355,537,0.028273053746561094,443,0.5667716037352097,537,0.01664052646976233,462,0.6915052159721263,560,0.018080907820844785,446,0.10557701888429649,279,0.08727709237134967,168,0.02706714882210748,170,0.09708003726155219,210,0.060342907814347146,202,0.10502027122618804,255,0.3018318385233265,503,0.05940141149702815,390,0.4233510802628476,538,0.04084348788112394,414,0.6221440127563206,574,0.028472697167128615,429
"(81, 141)",0.8446077659257156,577,0.0175767276098472,392,0.7922128453376737,599,0.029112497926911743,409,0.5573971302426016,588,0.11000069383113562,227,0.38108628546962553,543,0.12702079993398002,109,0.3251691369014482,453,0.14081825896445,90,0.2595039646554601,370,0.23401386482906872,60,0.728444573602785,566,0.05052167227778704,240,0.712091119269661,590,0.06056181256371315,289,0.5930866260821972,583,0.10810037035140718,234,0.4186944654277722,565,0.19883935059689753,121,0.3671454611455438,531,0.18868206822898825,100,0.2723458071155618,385,0.2348869838894269,66,0.8549723680901579,575,0.015501012573554003,404,0.801742530862822,597,0.02633182389562585,417,0.5557841368980958,586,0.10837290837295878,228,0.3650310714511258,513,0.1286963640806711,102,0.30087734501167307,400,0.1266247934304777,83,0.2358736052628969,352,0.20909441079993762,55,0.5402980101448218,442,0.09902640071753155,153,0.6742058114613602,589,0.07041796722737174,264,0.5434231204428552,580,0.12773453664991374,210,0.37228042184888477,546,0.21193040168098817,112,0.3301707210897007,479,0.21794326409598072,85,0.23795211183085518,368,0.2558051837415431,60
"(81, 8)",0.5298069541066877,449,0.06396808628560104,177,0.531571691487372,514,0.07678448735592816,208,0.6560963084269493,598,0.0802358085073105,326,0.8223974264576319,612,0.027178022143391996,461,0.841571772951617,609,0.023116029161595702,449,0.8456865726758278,607,0.031587254213669605,389,0.5984860841448724,528,0.08072577153404871,165,0.6016982894539176,570,0.08953361315813627,214,0.640206185977563,590,0.09278049425699315,282,0.7529632364424816,607,0.06753842653353814,377,0.7803946881125462,607,0.049235799060995025,384,0.8072721371939432,605,0.04172462364644775,348,0.5310329231292561,445,0.060541239860481696,181,0.5312433253516622,511,0.07321484557852305,205,0.6458530320521805,597,0.0815212639352561,317,0.8427892078296508,612,0.023168048234179915,474,0.8834078025836587,610,0.014097850111491284,482,0.9068272484085991,611,0.015559607841938413,461,0.5664459999266636,448,0.09172914809385355,161,0.606602272463491,575,0.08862771901522355,223,0.6572474085106591,594,0.08909098570145363,304,0.7976526818002021,607,0.05116254093331438,418,0.8440880239552728,608,0.035611277504374574,434,0.881723299327548,610,0.024585148122817754,453
"(81, 107)",0.00011450435589965835,49,0.5356829151957112,5,0.000165562393884211,30,0.6330831217986633,6,0.008292855960082557,45,0.6807174919533228,9,0.11782136069673577,291,0.25973218219086813,30,0.1329693980527159,311,0.23782644907981257,35,0.207524530996256,349,0.2686175212608561,46,0.0007846122674495248,60,0.7305654737988464,7,0.0005263766647451984,34,0.844032105949179,6,0.006519381263654811,50,0.770775945932108,5,0.03519486045211628,95,0.6461704159584176,16,0.053872451254918574,168,0.48267878372660056,18,0.15129390303819634,315,0.32754258737564923,34,0.00010589603562138894,55,0.5108810308770614,5,0.00014613455275236387,30,0.6074059408023594,6,0.007651976376055525,40,0.6752287507423864,9,0.15765538427140802,348,0.22263403982653174,37,0.21679228297787145,355,0.15757035104833117,57,0.3055555334750828,377,0.1747278463405612,79,0.005084447031630246,143,0.6231062504911352,8,0.0013123182574922287,37,0.7876049482668634,6,0.006227638768574684,45,0.7898559318415772,8,0.061269102109201334,163,0.5295669546210766,23,0.09913834435449176,268,0.41858906670294443,24,0.2083691189359047,352,0.27691587775818,51
"(81, 195)",0.28798331388366627,355,0.12013073168765472,79,0.2730630372571803,373,0.15056221737935874,80,0.041290607632276766,130,0.5022363706281289,19,0.002287923625688193,27,0.5726905447012293,5,0.002424137914747715,33,0.5479736442615559,5,0.0016423913077384666,42,0.8008638168746461,5,0.13971221294164649,298,0.2798092019175759,20,0.17135743990469166,326,0.28491367116519095,37,0.0471505374506338,170,0.531536403665967,17,0.01283141993918313,48,0.7876606797144592,8,0.008894560361415449,45,0.6941362564732909,6,0.003002393288333516,53,0.781036512897262,6,0.2904798181235346,360,0.11336854369502974,82,0.2812712016452601,375,0.14044394174426839,82,0.045203080633307025,140,0.4813470472489059,20,0.001376665066720184,26,0.5853194422078353,5,0.0009750814677342845,34,0.5048263152693646,5,0.0007266135826411446,40,0.7220517069025078,5,0.07593955551835463,258,0.3623453093541945,18,0.11717228349751518,285,0.3392717180374381,32,0.05315895527632564,180,0.5242388279439041,23,0.007017110313205732,35,0.8171646948734038,7,0.0038270526512749203,35,0.8164191641851637,5,0.0017562757226503578,36,0.8221994820029448,6
"(9, 80)",0.22306776071636736,332,0.04041614462444871,250,0.17599271546332973,323,0.08039072569935295,199,0.036437070775673486,119,0.2923016495541253,51,0.0032114561348370874,31,0.36930168096088195,14,0.0029396248239574874,35,0.34514066072434485,14,0.006342429591355003,100,0.3564606768424216,29,0.17500490722444706,316,0.06180907958035936,214,0.12191968182509128,293,0.11519034721516659,156,0.07478129371446607,234,0.21689429624699197,95,0.019313696625970045,59,0.3662887325995098,35,0.01740448947187323,67,0.3215628589275999,41,0.015965155680322418,142,0.2885063605951228,44,0.2176409218945835,334,0.03998618048434462,243,0.1735351102558802,322,0.07929811993482053,194,0.03439021710223378,111,0.2939698701387711,53,0.0026063643584323115,31,0.37136472819287364,13,0.0013766004337602,39,0.34594292076829675,12,0.003853886861543643,108,0.3526938703139282,20,0.7207428892138082,482,0.01048387315299301,390,0.12332029796637478,291,0.11841473837333265,170,0.07392641058193117,226,0.22858699131137492,104,0.02540291255179028,67,0.34744266849907374,46,0.010195253144804739,49,0.39507399161723455,29,0.006645358678200375,87,0.3888783186864609,23
"(9, 89)",0.26365191728409765,344,0.03614057687204619,265,0.23156281848708882,350,0.06839642934187813,233,0.28798283793823165,485,0.11867546460226423,201,0.45420525343863316,569,0.06093103946271388,281,0.5187633775199088,562,0.04702169709434275,313,0.5627202192467975,526,0.0478285621426652,323,0.3579335869152809,402,0.037432789492432485,301,0.4176337810284889,484,0.05006706050629078,338,0.40091346475489764,529,0.08142973563394947,312,0.4753198155546201,579,0.07778523970771979,350,0.5286261552473343,577,0.05747375420637959,354,0.5850659121538518,558,0.042754093670217444,345,0.2347036752207906,341,0.038115400306528616,253,0.21393715227090238,344,0.07037378529518189,218,0.27413111015403524,473,0.12198242160186122,196,0.46383925436190465,560,0.05802470943163352,276,0.576855363033365,541,0.03605659393397407,321,0.5670734964115876,492,0.04328320794343239,312,0.5031259825268006,433,0.02169123923228458,327,0.3660957694099133,451,0.05923289491149181,311,0.41496503376189575,548,0.0823634890785961,330,0.4494482555237047,572,0.08422442743081487,319,0.4867846328884997,571,0.07160332805721528,304,0.4316125505536591,480,0.07605746304857208,262
"(9, 211)",0.08384175577443942,276,0.0643724240785465,176,0.10693619689247169,288,0.10153061457766568,155,0.07695578461920083,216,0.2326719201835477,84,0.023674483398587354,81,0.2588195530787276,32,0.015668784552323012,108,0.26134740680044105,27,0.0023588399689178363,55,0.4113352996593802,18,0.026522729548081547,210,0.12000921127277481,116,0.05515718777857104,232,0.15399214914286816,102,0.06457169361099357,217,0.22792569078217534,90,0.021033104149194126,61,0.359492690239192,41,0.00920052048742992,46,0.36364831644064727,28,0.0012517845859043586,35,0.4254346773483581,19,0.09048026851399882,278,0.0609620735154128,179,0.12630960555264836,297,0.09257042678216806,161,0.07787906895533381,223,0.22950541258537918,86,0.02097004513905798,86,0.26004784904521505,26,0.011440724018631498,129,0.25320751467878866,20,0.003640799808600881,104,0.3555797232149135,19,0.0002932668981507902,71,0.19602864706822778,70,0.045259143024963144,220,0.16871963564880688,103,0.04862570219465556,172,0.261261769072937,85,0.014584238759933532,47,0.3919136753318172,38,0.014179344814603034,70,0.37107089360740353,36,0.008871004478003153,103,0.3703113296000521,27
"(9, 23)",0.0012328617102586037,99,0.1493068734905562,54,0.004348443782313138,96,0.21967814863138765,40,0.04468089373807538,139,0.27637316825640235,61,0.1830402583451024,373,0.12666582119022857,111,0.22404700111121112,378,0.10381559519724404,145,0.2547793177546439,367,0.11037005094958252,181,0.0027628241244200824,86,0.17950827635257585,64,0.009850329671356794,102,0.23053668423094195,50,0.0219631527657983,99,0.30525958732271774,48,0.08156883243591806,197,0.2452826474962426,89,0.12845926818431985,310,0.17538487113869466,117,0.18920953077405722,344,0.1272289594154415,158,0.0012770070977146109,113,0.14488292003425474,56,0.004214923624174971,97,0.21605840014698277,41,0.044681766328706574,138,0.2737625991496795,60,0.20294230167542138,377,0.1167470532127779,118,0.29144470530135114,394,0.07873148457076101,172,0.3216200483690983,388,0.08470773096758612,201,0.0006179557433155791,86,0.1827266741274052,79,0.006707960478793851,70,0.25443501961276577,54,0.01992329540194937,85,0.3274439949649115,52,0.09631814053881504,252,0.2325489583820191,96,0.15356459773377207,329,0.1783918133074782,115,0.18031472403293125,337,0.15002888236393147,133
"(9, 69)",0.3706574405052203,386,0.02725522238158739,323,0.41232375869966165,448,0.04233672273738263,329,0.30756812722052906,497,0.11268335075751074,219,0.40637380338384255,552,0.06922844004742759,250,0.42079795147877264,506,0.061524429660090287,263,0.47534885923282544,479,0.06146769210180569,286,0.346328132017511,394,0.03858539797375986,296,0.3991379357293886,473,0.052573850595008555,324,0.3459644201500298,499,0.09403469697745465,274,0.4523077636420636,571,0.08281849953273274,335,0.49764964050856797,575,0.06277328873395531,336,0.5519614674594332,544,0.04729454617483932,327,0.3723698846738467,387,0.026435704335873035,318,0.39178792578508737,435,0.04375295238045997,308,0.3188420306131222,505,0.1083593016314735,229,0.4103279538010075,541,0.06697036377211286,248,0.4364599098102111,469,0.05376017682057585,244,0.42612729013765005,431,0.06438142171054038,248,0.7671015381326253,506,0.008508493590177838,404,0.4699416697776351,512,0.044937888403933486,373,0.4045596023552861,543,0.08465975062861869,320,0.4252901244346933,570,0.08985390796928001,300,0.44397459144670315,548,0.08047627582364665,277,0.3953121415435352,454,0.08372971592438135,238
"(9, 186)",0.27103439495292037,350,0.035428891971690475,268,0.1361625832153177,302,0.09137954827250958,177,0.1414935626550241,330,0.18149869877262448,119,0.3139699419477414,500,0.088193710383462,191,0.349726575580969,468,0.07415078730804506,221,0.5547906137987819,522,0.04898254841378665,319,0.40814905661872125,430,0.03281276049131585,327,0.14165079634871436,302,0.10758235071719426,179,0.09577874116114926,257,0.19801234789138633,109,0.19817757643749356,421,0.16375926956716172,153,0.2434948834158095,439,0.12367058254579162,177,0.5096256605919098,522,0.05348237080728937,307,0.2799371854642111,354,0.03370454904641666,269,0.1394192013888299,305,0.08847901470923973,171,0.14338142727864378,333,0.17865550779477304,122,0.3486968380748138,502,0.07871809829042986,212,0.46734210576153734,482,0.04945560553122,263,0.574215118588191,494,0.04234851565055501,315,0.9396470199052449,550,0.002013315521497495,492,0.1694227724593712,320,0.10164884170266796,199,0.1182075140986647,287,0.1907041171140828,125,0.21360557933298796,432,0.15805007761543122,158,0.24190935126600943,415,0.13745547150716306,157,0.44920945944098767,487,0.07255044129166731,269
"(9, 144)",0.5259043395635872,445,0.017884494590355012,390,0.4438234498152773,471,0.03892760962844023,342,0.41325524934874225,563,0.08540684964208897,310,0.451943317864382,566,0.061304829045877814,278,0.4172635419411417,501,0.06210402227163238,262,0.432436368558371,451,0.06903843682389839,259,0.5453177574215005,500,0.022450078619652394,408,0.3436184325268373,438,0.06080051850556483,287,0.42789649116265505,544,0.07581430375642143,335,0.3684574386569469,551,0.10341211399274575,279,0.3365167447440164,509,0.09652003949462995,243,0.3912478120471462,444,0.07370972356721542,253,0.5307240857816549,444,0.01718324457234847,388,0.43891742160940295,464,0.03861550951478845,334,0.42913377809361697,563,0.08110726622673217,319,0.45560805655388736,559,0.059336644891165656,268,0.4418127779240102,472,0.05299431634171614,250,0.39057241196147696,416,0.07072250262141828,229,0.9987007797140717,573,0.0,578,0.4386337775046357,497,0.04891209360793808,349,0.4076749131337777,546,0.08396660277465635,325,0.35671587856773646,543,0.10761148330497546,255,0.3812596975432384,508,0.09501763144767897,239,0.44365246015235715,484,0.07364402872123976,268
"(80, 9)",0.0033275147274430816,144,0.26056148789589834,18,0.010220929343445428,132,0.33280361338764025,17,0.10749935816835743,269,0.33263064311090357,40,0.4642702227657498,572,0.12905843860324054,105,0.6110811252543489,590,0.08089248276245521,202,0.687903283155411,585,0.06317238420042505,281,0.018669263954412152,195,0.22607557801336353,36,0.05087547174646734,225,0.25196620800125696,41,0.11063710603467924,282,0.2823961480040278,59,0.2901475655552558,507,0.2286499794118967,97,0.4325360283738713,555,0.14828470389102708,144,0.6013741792474666,567,0.07744629808962057,241,0.0026955280357353617,142,0.26494290261284403,16,0.009036109836153994,129,0.3344234613278387,14,0.10643448657538801,271,0.33598043249783743,37,0.5017179380593814,569,0.11494863181460381,120,0.742897607517607,601,0.04752542187146851,272,0.7678845796755014,596,0.04368291691250424,309,0.17481811839537742,329,0.051159349994445096,243,0.05880333897865908,239,0.24249979128966173,56,0.12937498211906395,311,0.2744483210000081,79,0.3415253097985488,534,0.1875459303360485,130,0.483596077128852,568,0.1288445301483719,175,0.6035876161497983,561,0.08488501048164127,233
"(80, 247)",0.129757340529417,298,0.11828119069292498,82,0.04385084470601919,230,0.24956459950844426,31,0.0016052448819794396,26,0.7329046476102221,5,1.0941528924002242e-05,2,1.0,1,2.6947733896554027e-06,2,1.0,1,1.0456493894972496e-05,3,0.9780333694805946,3,0.060178688319535656,254,0.17235874549181357,72,0.01247339210451126,115,0.3384109964877744,28,0.002917373710426885,38,0.5919403768368237,13,0.00021384383930778128,24,0.9891997093258991,2,4.460677187390072e-05,3,1.0,1,4.694279840167237e-05,5,0.8390978519235847,3,0.13554760775282215,302,0.11533414927282148,78,0.04548190694103804,233,0.24384890836693593,27,0.0015293634573371184,26,0.7408651519003705,5,7.059677081588944e-06,2,1.0,1,4.862928825177804e-07,2,1.0,1,1.9048676294097788e-06,2,1.0,1,0.47843162172676224,428,0.023189709600236284,318,0.013422021510037463,117,0.33496237508160726,34,0.002852007235641496,35,0.6142774505664754,15,0.00017427814649262352,23,0.9353310812759361,3,3.9432156073049285e-05,2,1.0,1,2.4969083070924825e-05,3,0.9514776285950829,3
"(80, 252)",0.7851185292303089,550,0.01587960054952991,408,0.7850833906583421,597,0.023535630723853833,452,0.6796654417711203,602,0.06543227443726178,374,0.6359187155142552,597,0.07784683850469604,224,0.6093005862709164,589,0.0813549774481189,200,0.4205719409967035,441,0.14128020783436127,127,0.5923689014500846,525,0.03756712055373183,298,0.6808961603622354,583,0.03884523734433597,399,0.6251011161490094,589,0.0679364429198027,361,0.5548403509230515,587,0.11389826878851414,246,0.5426044020479185,579,0.10990690551514297,202,0.36770422464637875,428,0.14719660621533584,129,0.7980150869883891,548,0.014729913003208625,411,0.7994666789765087,596,0.021498277311909463,464,0.689081008813606,602,0.06355784540776255,374,0.6284521617637079,596,0.07865109386138079,213,0.609673884649662,555,0.0780306892108335,175,0.48299431553517647,449,0.11648956171109066,141,0.08856103047609243,269,0.06789994661868672,201,0.6342614145411991,581,0.04587363144577105,370,0.5872488677748064,589,0.0793246887043409,339,0.497178634049531,582,0.12523580472932053,212,0.48159758327355406,567,0.12954129444121734,174,0.4173288364997114,469,0.14316910666934063,142
"(80, 221)",0.3060601548244404,363,0.07274133465901267,158,0.3916878572542154,438,0.08681199967911296,186,0.5912650340548326,593,0.0881699439407962,298,0.8130912057343604,611,0.036207225061377954,404,0.8447431637762248,610,0.028354265874631655,415,0.8323219461923925,603,0.03141412972016496,391,0.28656647201118346,370,0.08522586208757665,157,0.3635409423247745,454,0.09785772748166364,196,0.4797764441562141,562,0.1042351475432219,248,0.6665344233242445,597,0.07945748182696388,346,0.7374401236820456,604,0.05595240494085881,358,0.7650046923019898,601,0.041495730257945236,351,0.32212972781551874,364,0.06938646496054454,157,0.4018615007634623,441,0.08342599242996057,183,0.5998897426279545,592,0.08636501192731683,298,0.8335945755186022,611,0.03144196909688164,419,0.8962026166578858,613,0.01775984219996419,442,0.8895691275017843,609,0.01955746179454806,427,0.03259691511631846,215,0.08973209084036277,163,0.33584616991704097,434,0.10514196206937351,192,0.4550063536745357,564,0.11525927050374045,233,0.682347260362973,602,0.07004481905809373,358,0.767053448596159,602,0.04858923225644381,375,0.7901588191134394,602,0.04036160376824859,373
"(89, 9)",0.0645906848371689,265,0.035083336412402716,270,0.11227369342852167,295,0.04694666832375175,307,0.06209678595749257,186,0.12763082538857484,189,0.0551371662881599,176,0.07274272961056708,240,0.04154822366359645,186,0.06546756892911842,244,0.036214333657283326,208,0.07083500173655549,252,0.05981047670052253,253,0.03862018012356059,295,0.04279710033440165,212,0.06217761006251301,279,0.04990742804537984,182,0.0960637362824911,269,0.06096924242895385,163,0.08314365772258574,332,0.057941881299234166,180,0.06245793620408246,338,0.04833620915667791,222,0.052288933885025084,310,0.06933406143041743,263,0.035272476008806265,264,0.11330539762225122,289,0.04789936709520887,288,0.06923907644896488,200,0.1231760352021521,194,0.05374968064178176,190,0.07152103432315954,233,0.032627123831957316,195,0.05846785832045893,232,0.030177666232511835,210,0.07002320299101533,231,0.13778782971653603,307,0.014014627021783368,367,0.07410874582436433,260,0.056694136350614155,321,0.05375106178974509,182,0.09431861528926785,287,0.05648923578537546,151,0.09467392071790048,285,0.05098175665232452,188,0.0844214876925369,268,0.05930167195087921,240,0.08314864047199096,241
"(89, 75)",0.2146777343925278,327,0.02350869473210417,355,0.13865339388365405,303,0.04375764548715184,319,0.22035433124194703,415,0.08367674054596279,317,0.23762394256755548,424,0.0447000156554728,349,0.2792750565362072,414,0.034689628718139964,377,0.2996241631771265,393,0.035022660190606875,373,0.22578405869603668,339,0.02480327096134264,388,0.27489392497297493,396,0.033449047801242554,428,0.25222554912690953,416,0.055978103186387455,407,0.22300414335643126,445,0.053962875280183224,419,0.2303933778216588,425,0.03942410381445584,426,0.25693114992970134,379,0.029961374240690196,396,0.2045265213707046,331,0.02459432738285571,329,0.13747281611418782,304,0.04490979076442351,300,0.20472204250294213,401,0.08581998633782364,300,0.24134894907368698,408,0.04335214712596044,344,0.31506948810225943,408,0.02745625716083217,370,0.32660529039874864,391,0.031656491793355813,359,0.11302891565600492,287,0.014971155122844762,356,0.19507244346705588,340,0.04106098125691071,396,0.2413451900022252,422,0.05717158283549374,407,0.23408982723062932,457,0.058941983832521715,391,0.24909712984150478,419,0.04975098594306831,370,0.22702339839908114,361,0.053152120068357775,324
"(211, 9)",0.001166712295601391,97,0.2527325341188879,20,0.0017911046165155486,59,0.33975152452520563,16,0.012681834489628674,57,0.3824975804109127,30,0.10304470274401822,266,0.16186575614113227,74,0.1509160910679357,330,0.12743427492795814,102,0.2459583250129327,363,0.13793455044454758,131,0.005459373063938955,115,0.2868531869444601,19,0.004319745036597711,66,0.36902692202662857,21,0.009405074308439731,62,0.43827718328127935,26,0.04770567423501171,121,0.3423829135276042,46,0.09384753956111735,251,0.24193684889273986,63,0.19482849701260596,350,0.1736580024650057,100,0.0011316301381472105,108,0.24183013021953179,18,0.00158670990113996,58,0.32692580785464476,17,0.012967224831416768,57,0.37441242184627865,31,0.12402252028701333,302,0.14408007423415062,86,0.23617308234951728,362,0.08667163053188044,151,0.3147909873034782,380,0.09450174710268316,182,0.015204669918793323,174,0.3268697685635549,26,0.005020352167631303,63,0.3899453869609793,25,0.010570969521458196,59,0.4772205775618217,27,0.07194413455720683,192,0.2974376466165937,62,0.12340492059556762,301,0.2062803799668749,90,0.16157454253282477,324,0.1764909556205766,104
"(211, 221)",0.716259056278875,526,0.02973667238813741,300,0.6781243627916903,571,0.046964021994894904,306,0.45086590477174104,566,0.11632514102999819,209,0.14987138446123016,338,0.14286438112945135,89,0.10223488974225226,276,0.14509921311317056,82,0.05208430990674895,235,0.2314148731995849,62,0.5593097945493413,506,0.06130413871601094,215,0.5866666457105608,560,0.07179270050826993,258,0.4910133341901519,564,0.11726592767054086,208,0.25886485253963687,484,0.1948398261309089,122,0.1623802460337811,357,0.2015263868458702,91,0.07423683370302736,251,0.23953693106787569,64,0.7188220404027447,517,0.028132270406756858,303,0.6893172254571398,570,0.04316601981360969,313,0.44781002630697564,566,0.11497444578356059,208,0.1259826022514049,309,0.14332894895388631,87,0.055687959114178565,235,0.14029213749189132,72,0.032688595542023635,215,0.20105513996692273,62,0.4257039347687298,416,0.1076459924724219,141,0.5692501830910384,564,0.08056519360211221,239,0.47552329852732833,569,0.1341838253780851,189,0.1992696837859914,413,0.21179416447311505,113,0.12660876539997834,302,0.20452551287394394,94,0.09440861106766163,271,0.21111036834012964,80
"(23, 90)",0.020348410009392803,211,0.11706901706028369,84,0.03705491415958406,212,0.16915755927993278,68,0.07145786794543141,206,0.25435896470986685,73,0.11517040372459353,286,0.14984532635592776,86,0.1214492491598479,297,0.13709162449362872,92,0.15776272000812264,320,0.16059314788124296,106,0.04206134047435417,231,0.1414650001619169,88,0.06885091535390575,244,0.18079746669542218,81,0.06374495684805404,215,0.2737558240745482,63,0.08756961339902669,213,0.2862982432797361,68,0.10478657001214775,265,0.23123702823060027,66,0.15652368456491283,321,0.1734368122193855,101,0.019089753452284364,208,0.11343727373299665,81,0.031027938073843075,203,0.16923064854176587,60,0.07155751700010826,205,0.2546945147949376,70,0.11932953390751044,298,0.14469887984360377,85,0.13105180044093578,306,0.11569629950697273,93,0.16557770533744176,318,0.1337389525943634,117,0.061341923536113896,247,0.16314630002465838,91,0.059152353116639134,240,0.2046772737564918,75,0.06514966373381703,212,0.2866213813789345,70,0.0892166608750854,232,0.2831387063829618,73,0.11306744173120775,288,0.20976276183545564,89,0.12861943834251488,306,0.1808481644700643,100
"(23, 9)",0.16830752719386277,317,0.061657524629755905,186,0.1887573656914293,330,0.09548353562656729,169,0.11577691133579826,283,0.21470851448401893,93,0.054168936748993146,173,0.19216152321682345,46,0.05255647208066505,209,0.1810825352234493,55,0.0340779868774046,205,0.26518742585120425,47,0.12939879787553388,294,0.09843348393604402,139,0.11557326073892615,288,0.15097433193496473,106,0.1513207185163774,331,0.19906772140016724,106,0.10190789921136234,264,0.27123074343129283,76,0.07927829403867293,228,0.25499526467447153,60,0.037353374296166364,206,0.2792636895853508,49,0.16745439017278607,312,0.05917251974610315,184,0.20326602924727333,337,0.08807893066306353,173,0.12053950469138708,297,0.2116415248520834,94,0.048828745076965,177,0.19356622346146005,45,0.03797027773940709,203,0.17140622844412176,45,0.029627279997310962,209,0.2332435580365195,47,0.08193554759992772,265,0.14908831762152377,103,0.12530258099001768,293,0.1581303637806181,112,0.12564454179335616,303,0.22754001435965723,105,0.08375212298581292,220,0.2893111468885709,69,0.061055811362679124,207,0.25814541211664466,65,0.04111246130719004,212,0.2607228990008587,57
"(23, 143)",0.2613462452843307,342,0.04785797540551344,223,0.21822313881098765,341,0.08804972169699367,185,0.20596483793412634,403,0.16365477314661828,137,0.21374692356192393,397,0.11158680959668346,131,0.17918605643575303,346,0.11480538998663907,119,0.14539184060351862,311,0.16676296495344223,102,0.17427496804592235,315,0.08582675370999603,154,0.1461762643427984,309,0.13670409792382485,122,0.17074630383291645,355,0.1878795248579182,119,0.19481179544125926,419,0.2030372766702542,116,0.19026247609062963,380,0.1771460092288472,114,0.1400219587513548,308,0.1824643454529448,94,0.27169114863568056,352,0.04460873496300707,228,0.2319749570314823,354,0.08151320201578889,188,0.2060756913691012,403,0.16389219328325885,136,0.21062655878626035,383,0.11021947047356928,130,0.17158916780938038,329,0.10221412196823454,114,0.15582417676752824,313,0.13768177969081022,113,0.19335981988699025,334,0.10380091208883517,146,0.17686128512792543,328,0.1350286819056245,141,0.18629843177556416,370,0.18935381821499916,127,0.20329933505078168,417,0.19739975875075452,124,0.1708250029752617,353,0.17489719487590324,118,0.16434994251118817,327,0.16191436079129107,118
"(23, 169)",0.26216129910752883,343,0.04775720586210024,224,0.18021516595503417,326,0.09782461860371738,162,0.1775610969573077,375,0.1772108223545336,126,0.2174112888117965,404,0.11048667889168962,137,0.25214782841956773,395,0.09418379937559007,161,0.3355775825583788,404,0.10002719010450133,197,0.29085718705034436,371,0.06284414838304982,208,0.2560993670950912,377,0.10063948264264097,190,0.18327247808451297,362,0.1812311197583329,127,0.17657491021760163,399,0.21379190348234187,113,0.1926111276022069,384,0.17598434320027403,116,0.32686786222659325,410,0.11001628664495113,181,0.26478772402542505,348,0.04540887021784114,224,0.18054151052702172,325,0.09386624266791162,157,0.17061252785023606,365,0.18112613928112561,121,0.232321666029082,401,0.10398214641650178,144,0.3149902272644627,407,0.06985474334501245,195,0.3337662993445616,393,0.08564853735559272,199,0.2916191130825321,367,0.08008280877838084,178,0.22543802991404338,360,0.11806518609454608,172,0.19706476901193992,379,0.18372994468490375,131,0.19861389016869602,412,0.1999683770568587,120,0.24922345921247224,420,0.14113147899018125,153,0.31398491595932865,410,0.10860797290371459,191
"(69, 170)",0.8070657364041137,560,0.002286209016186948,591,0.8543084794362725,608,0.0033845893581053695,603,0.6789714912314189,601,0.014976874255454511,573,0.7327341533329494,605,0.0065549707339746825,588,0.654035301372451,596,0.006656890721519792,576,0.6063489239636236,548,0.007246269060953628,556,0.8712261709295159,600,0.0022812292731370257,601,0.7679821442793819,598,0.0048685436558041605,593,0.7084875289959703,600,0.010733364053726555,578,0.684479565627741,601,0.010593228679109806,582,0.6989155841082205,600,0.007056642553448727,584,0.6923123715016022,590,0.005026300730698124,581,0.8168400029056293,558,0.0022666210916682285,590,0.8635332221155669,608,0.0031930950200501126,602,0.6918884062191808,603,0.014425413764630083,573,0.7238557066988476,603,0.006476344058171105,587,0.595940360122557,547,0.006242337726125749,559,0.550737285724187,479,0.00808894785593969,532,0.978205238268158,570,0.000265551710776251,562,0.7695892612883859,602,0.005752597467727976,592,0.6777346375738523,598,0.011880621187721683,577,0.6350371195493189,598,0.013090705141910443,567,0.6127320703321886,593,0.01172622633754631,569,0.6339817983282301,581,0.011244409934161922,543
"(69, 9)",0.00032789835099933384,68,0.030867810512950566,294,0.00013369900051229955,28,0.06280605329302016,247,0.0017749733726590833,27,0.10871957579869959,232,0.0009546802351256822,25,0.06001598314548788,282,0.002298505163334852,32,0.04378479591544464,329,0.0036240788066420615,76,0.03992909330560509,349,9.058812982132292e-05,9,0.048512703280676354,251,0.0005977073770453423,35,0.052928132515035274,323,0.0012780585186712434,30,0.08817179526564607,292,0.0016727556716853442,30,0.07864498000631422,349,0.001425907494940537,29,0.055638563685090785,361,0.0015351383878157154,40,0.038544876309534286,361,0.0002773427305373666,70,0.03249019586223119,274,0.00010874251953685299,29,0.06370473726075969,236,0.001542360469567905,27,0.1104277783139282,219,0.0010650201814264015,25,0.05694137731826878,283,0.003979908491676953,77,0.03314798743313703,335,0.005862455805931255,131,0.036771696630827876,341,3.919576968547389e-07,20,0.03602019276886433,279,0.0005842216452963678,30,0.06306055242473366,289,0.0017985631134619373,29,0.08581248564662128,315,0.0027711043449485384,30,0.0801084726615679,329,0.0034185976635193738,32,0.06611486965541119,317,0.002799396547161548,47,0.0685394779919815,281
"(186, 9)",0.23101908279261263,336,0.02750042827055951,320,0.27485292047700016,374,0.06092614152864436,254,0.24326292098328073,441,0.14470941999245016,159,0.16846235791068254,358,0.09905818374670658,167,0.10696856789348441,279,0.11153366832138861,126,0.032658209711621256,201,0.1415383014044326,126,0.16713903092027227,310,0.0340613197307142,321,0.19710211582288906,343,0.09504462328085453,203,0.2837976194183994,453,0.13484631269946923,170,0.15218345419830037,352,0.18905468719860868,130,0.10612774086728827,269,0.18240625062969754,106,0.03421396789017894,203,0.14926985209965665,126,0.2270369668843265,339,0.02655919788002749,317,0.2758358119612323,373,0.058910860329571914,252,0.25153631251557007,448,0.13832361417227798,167,0.1548453994459722,342,0.09536785431547937,161,0.07509118821493999,256,0.09435420668008411,129,0.026061513830059058,204,0.13829548198940428,111,0.2478210754394532,347,0.0016122782439986667,508,0.2332938909182558,367,0.08160003651680164,237,0.2557432643934061,434,0.141925092594117,179,0.14471232827485148,343,0.18885360864519554,129,0.13087122709094579,310,0.17543200465853148,117,0.0709375025665403,251,0.1369898234661922,151
"(186, 169)",0.05769316581543982,258,0.04366974125740236,237,0.042808968748288545,227,0.11323800383318695,130,0.05305136087417406,161,0.2404122532930519,82,0.08974055203740394,243,0.12219733662785971,117,0.14495178582619916,326,0.10078986341945041,150,0.3149285876978838,397,0.06649679932109707,271,0.09061527558106053,278,0.04177216252619155,279,0.07305281872380953,249,0.13231598774592473,127,0.04029798257354833,151,0.2584724284470841,69,0.10126314857359597,261,0.21655063059431517,108,0.14598658708825318,337,0.16401303725794428,131,0.3080401145019537,401,0.07175257505062066,260,0.05929612773594528,253,0.0415500645033244,235,0.042525405363447843,227,0.10986586041292276,127,0.05014204590204119,154,0.23678955486049189,81,0.09925935451985601,257,0.11060573129985213,128,0.19321365112313948,343,0.06885650744139492,199,0.3481959247051405,398,0.05828184755726615,262,0.051426971435546864,243,0.0027232598911237985,478,0.05679865781728344,234,0.13068090021123288,152,0.04872787737749751,173,0.24664259996299862,93,0.10716434158970056,273,0.20874225213032235,115,0.1193070515313076,293,0.18092622144292111,111,0.20127101761497257,348,0.0967653466483602,213
"(144, 68)",0.13917178491969473,304,0.019830606397522415,377,0.19509181253734487,333,0.04066973116565544,336,0.1599487732754813,355,0.0873077117566746,303,0.09294698884472352,249,0.061495364645088,277,0.06264450214660311,224,0.06641333826810765,240,0.021947306463426575,183,0.07280734642635996,247,0.07828872206777315,269,0.02554808872086845,381,0.14651300122446975,311,0.06083602223742252,286,0.2012303543462739,375,0.07746296485928354,327,0.08887562794186255,218,0.10621178111893784,269,0.06717484286496833,200,0.10274296250025187,223,0.022145214100343535,172,0.07667928514834052,244,0.14191849867655804,303,0.019079385031553334,373,0.19143903796600792,329,0.04074269434318779,322,0.17272308831874905,368,0.08302052526557714,311,0.08810011195247824,236,0.05824317765407922,274,0.044665151297576866,218,0.05555460431112672,240,0.01754600868903522,183,0.07446891441183934,222,0.9997000299990002,594,0.0,579,0.18784761268884198,335,0.0481565321531039,353,0.1731292931383821,350,0.08542321783008446,317,0.09106859539568557,238,0.1145705196604213,241,0.09759926572246824,266,0.10543382574702417,219,0.05027009255098369,229,0.08004442913193498,250
"(144, 9)",0.11182449805685202,292,0.02133081297508641,369,0.07409858668505986,265,0.05615835027481149,267,0.09555331746018525,250,0.10366472197951199,250,0.1636858247521078,353,0.050923369494643766,322,0.21908624221593032,373,0.04375334515357801,330,0.37327903788565764,418,0.0283111652552949,406,0.18735308905684855,320,0.019100197778500073,440,0.1057032155525478,278,0.06783025741338695,266,0.0709577950894218,227,0.10964577679927637,229,0.1697862587922755,389,0.08559848395978116,327,0.20904752982350583,405,0.07037298244907007,313,0.37197559971526906,430,0.029941015934501273,398,0.10948254415575676,293,0.020803149085375935,366,0.07604317704677022,267,0.0554251013336759,262,0.08699247670637056,238,0.10434581684670823,245,0.1709865651708582,363,0.046692796517121035,320,0.26857970404816445,376,0.03055051939576519,348,0.40546713429366865,423,0.026144635034376498,383,1.000088900582341e-12,4,0.0011543370284763563,525,0.07801288446315069,263,0.06454584930693154,281,0.0867357930856707,250,0.10755567436672824,250,0.16645929035135354,372,0.09370434934800055,289,0.15710180558002107,333,0.08996393093108007,252,0.2511615850391231,378,0.04682199721975108,346
"(10, 224)",0.7234712523093955,527,0.015195627273612825,417,0.6027822954163938,541,0.03628049933681958,368,0.28212848338999497,480,0.08090259198848476,323,0.08337763594945824,230,0.09201261418482924,182,0.04747703929719305,199,0.10766213569768182,136,0.014356926125295377,152,0.1927783719712507,86,0.42647628051375097,441,0.043175442362979315,268,0.4321505884194199,492,0.0564373364798201,307,0.35840636927286285,504,0.07993638318570478,319,0.16870228459740821,387,0.1276486024102646,205,0.11983516605819244,288,0.1277802405948375,166,0.03163806501451605,199,0.18466689409278983,92,0.7330539249429321,522,0.014528868453647653,413,0.6194148969352582,544,0.03266390274677131,373,0.2726780811911512,469,0.08025356918687877,322,0.05755214096920913,201,0.09536025297268809,162,0.017668696121246663,150,0.10588638749653884,107,0.005394683636073649,127,0.15925230730664935,89,0.3054848521582396,374,0.06869931146234991,200,0.4411482492005797,498,0.05942689042016545,308,0.34658416241896384,505,0.09087296726159998,297,0.10833640214259055,275,0.14230722186477912,173,0.049529465495400604,184,0.1561860504621462,137,0.011947959228670979,127,0.1719503394749066,110
"(10, 50)",0.0010700021567560114,96,0.13337184969214905,65,0.003743053416825015,85,0.19738678651991762,48,0.04075489082574668,128,0.154188329289905,148,0.17857945533384256,370,0.07138167435888411,243,0.25957263824755517,399,0.06111360408320749,266,0.4337202894598491,453,0.061897848051924595,285,0.015121109956663936,172,0.13142375332979114,101,0.014519559169717366,128,0.17490158101139558,86,0.024306487889027117,109,0.19601786902872356,110,0.08958305387390175,220,0.1576332262856936,162,0.130311143038236,312,0.12425997944667218,175,0.319622462061131,406,0.08542400299322124,223,0.0009508712793941942,103,0.1332201309178584,60,0.0032133840983319395,82,0.18868660733810125,49,0.043443323272347345,135,0.14803807166267577,152,0.23137516900628285,398,0.05997206084227383,265,0.4044748848792553,456,0.03729160816513429,313,0.5607329894796469,485,0.03387055849201958,350,0.03480945689379822,217,0.14170435423514333,109,0.013608858969071935,119,0.1894831611297866,86,0.02634926327121434,108,0.21451028573932004,112,0.14329027599780064,341,0.1296421336934504,202,0.2533431102094852,424,0.09064845866093131,250,0.45900733391645243,492,0.05095980294857225,335
"(224, 225)",0.664857822803748,503,0.014849231968129954,419,0.49475434197882784,494,0.03670010487020909,365,0.20244635299316371,398,0.07949470277567734,328,0.05292374216717377,167,0.08616820773962885,203,0.029680334802256292,156,0.09949336192357354,153,0.008631670437214689,116,0.17636234637856482,95,0.36624644575012977,408,0.04241743137421875,274,0.34672402872698715,442,0.05511350052065846,312,0.2683736459862225,442,0.07758776645674399,326,0.11037567368874823,283,0.12018256097109714,228,0.07500492623404265,219,0.11988937473552705,181,0.01706731729784472,146,0.17172176247909146,103,0.6703900414810932,498,0.014405374909493198,416,0.5156069111819382,502,0.03319975506441059,367,0.19314005674542756,386,0.07975944288960826,325,0.03560009850074952,136,0.08948891949446003,179,0.011800545998005951,130,0.09529520484749814,128,0.0030899639432120374,93,0.14228722184688472,106,0.25877049555202003,356,0.0651550090368873,206,0.3625681607287701,450,0.058607664804590065,313,0.2510802346777308,432,0.08919004668702393,303,0.07053812429141448,190,0.13113378195483488,197,0.03006895472650295,133,0.14477077678421685,148,0.006136378488223682,80,0.16110016952319245,120
"(224, 10)",0.0020585774051161687,125,0.10188052762932931,105,0.009140458034648136,127,0.13882718694704657,94,0.07035380691128501,202,0.11306954422350299,218,0.24361561026871503,432,0.051799893931137764,314,0.32905824520900895,456,0.04461964515677925,325,0.5022112439747896,495,0.04551368586295124,333,0.023034902035198535,205,0.10666126144062865,129,0.02632417388821362,171,0.13015705868955724,130,0.04472751039085621,162,0.14098783131090747,163,0.14086220171537756,330,0.11079863732737288,256,0.19337573497799154,387,0.08743325206037036,264,0.40939929437380684,457,0.05954309358218153,289,0.001943588370731053,127,0.10102580500516392,101,0.0077771963634101215,122,0.13436931448076928,88,0.07513039333592963,218,0.10926163017330202,223,0.3021582664480167,468,0.043870727623054474,340,0.4606947151262585,481,0.028091008978986413,365,0.6235965877436972,527,0.02425767242512526,395,0.04773624109837016,235,0.11445549705589862,132,0.023623533348957393,159,0.14564738343302383,124,0.0502979360744682,174,0.15243002178504547,162,0.2020740162689142,415,0.0923320329475268,294,0.3271381246610465,478,0.06533460881507601,318,0.5451813056694916,536,0.03610381195781289,389
"(50, 48)",0.0014097959507994862,109,0.1607878834701,47,0.004334851553712937,95,0.24693785639972218,32,0.04893442559617345,148,0.19110226247749457,116,0.2219116110843089,411,0.08668307861838632,200,0.30731007744401073,438,0.07481349979023466,219,0.47131311824048716,478,0.07554441280526468,237,0.0200592265357894,198,0.14550332769222835,86,0.019157837685703227,149,0.2088219975079402,63,0.03205731808715351,131,0.24443896881880087,78,0.11492203136330414,291,0.19303452896545373,125,0.15646705452905874,350,0.15438924375843796,136,0.3522492480726517,424,0.1047165243419315,187,0.0012135702976465712,109,0.16370208652633975,42,0.003916267007367247,91,0.2353088790577486,33,0.050908235466893936,157,0.1830784547075672,118,0.27920801819312824,441,0.07232367981567588,230,0.4602401148555405,480,0.04541545301466754,276,0.5972168409041971,509,0.041807418231620264,317,0.04458638494221279,232,0.15819294770528095,94,0.016471100928475257,131,0.23028648271728247,65,0.034957792570933455,132,0.26407175252277637,82,0.17979635604475686,389,0.1578322969692691,159,0.28779883986276267,452,0.11116557581306563,206,0.4701969211258765,499,0.06506845205956109,293
"(50, 10)",0.6999214589110351,518,0.02030590274395467,374,0.5862680653254653,532,0.04810759774896907,295,0.25512085808012097,455,0.11021025435379037,226,0.06143137953423827,189,0.13300386046968846,101,0.034383063832483796,167,0.15525921324795952,74,0.010908344400250014,133,0.2650854629593242,48,0.3862905125564161,415,0.05428414137864448,226,0.3929034725204519,468,0.07628921037811852,244,0.3176757480649526,482,0.1138024166709334,221,0.13565057378140333,321,0.1826538734370953,134,0.0980627685612514,254,0.1804083462631229,108,0.025350963510731406,179,0.2517486134342812,58,0.7129238653619991,516,0.019546161225232374,370,0.5977464016441225,535,0.0440308182387334,305,0.24930898892344922,445,0.10780873255470858,231,0.04156705020244944,160,0.136460431913928,95,0.011840105411572655,131,0.1538437830523466,61,0.003934843613761174,110,0.22300856279022846,51,0.2688404031900289,361,0.08691399105253317,171,0.41443768821163274,486,0.0785880009873951,244,0.3048550666266949,477,0.12829374288958384,208,0.08264905021502977,218,0.20450795993233886,116,0.039223714959020106,157,0.21601492572766162,87,0.010999319042922284,116,0.2275141797837165,71
"(11, 244)",0.3057850837916377,362,0.03160846665703758,288,0.3838911551228449,436,0.046439151378463404,310,0.34223014224373316,523,0.10268348011585805,254,0.0639487797575855,195,0.1892273356691137,50,0.17185764777098,341,0.10891763887898255,134,0.42583503067736017,446,0.06437204135020111,277,0.9991003599160128,614,0.0,613,0.7108255840758864,589,0.020638999187568858,505,0.6243823928474675,588,0.040859189664294374,454,0.6416226863831064,596,0.04204145806286025,456,0.6753442634156239,597,0.03263697180970037,462,0.7506867319072636,599,0.020754467822871728,447,0.32869639312599563,368,0.0282939881431496,302,0.39732317007686235,438,0.042037975357211856,318,0.39001396246234443,549,0.09020085314269113,284,0.0658283861842095,214,0.1819736126423281,51,0.12290562536625194,299,0.11282756373690993,98,0.3172664520147406,384,0.074436815412411,223,0.9991003599160128,578,0.0,580,0.9991003599160128,614,0.0,613,0.9991003599160128,614,0.0,613,0.9991003599160128,614,0.0,613,0.9991003599160128,614,0.0,613,0.9991003599160128,614,0.0,613
"(11, 138)",0.267407210059724,346,0.034930922477990255,272,0.1931702648272674,331,0.07683717185454839,207,0.12377056335026904,300,0.1894003770207832,118,0.1285496972650374,313,0.14650761596275697,88,0.07675714722839799,252,0.15208717926541132,77,0.06502334894945971,242,0.18629151403211192,88,0.22075931402671767,335,0.052431092363399094,232,0.14218114248577285,304,0.1080665611878491,176,0.10372067167980237,272,0.17837454986090487,129,0.09549359480337738,239,0.20071865471113276,120,0.079089539665394,227,0.1878634614222097,101,0.07889460376781265,258,0.16271238665375473,111,0.2667686533864968,350,0.03322380632095825,270,0.18805990605804157,328,0.07308005790521237,207,0.12300042157217428,301,0.18862446174628417,115,0.11553173062554856,288,0.14872365008597963,80,0.06633306722248467,247,0.141317524629349,71,0.04187117192722667,231,0.18468159321090874,73,0.9991003599160128,579,0.0,581,0.17742698989050476,330,0.09708424149858227,209,0.0947154039090704,260,0.1826620393559529,132,0.05519878585271121,147,0.22100956743194852,104,0.037073473429401704,152,0.22056692716149887,84,0.030556344680626735,192,0.19928488295357738,87
"(11, 149)",0.21002898162375716,326,0.04079109130056532,247,0.13481956468290957,299,0.09185339701749624,175,0.23143934025079993,424,0.13719981513516183,172,0.3679315841794051,536,0.07557800855104352,231,0.35073726851195164,470,0.06734815600251833,236,0.38340166213838545,425,0.07187374869758337,250,0.21747522868989233,334,0.05290844738480212,230,0.16937236597480998,325,0.09929940561465081,194,0.22621492060937076,395,0.12198918812827472,195,0.24100978551058716,466,0.12779031784409886,204,0.24747535029929757,444,0.10990992806335263,201,0.34369932239689116,418,0.074051963200986,251,0.19887943316847956,327,0.03996853854946541,244,0.131610283917182,299,0.08700731517307157,178,0.2337120752540851,425,0.13543772509393062,172,0.38309630870468414,524,0.07053511201000899,236,0.4068186750457229,458,0.05163920070681267,257,0.3781272288332035,409,0.06366377979474983,249,0.9530077188549564,557,0.0018263454394203385,500,0.1917887539681552,339,0.09310342963638756,214,0.17576453689418448,354,0.1392724905410711,182,0.23209035764321906,454,0.12030541000935761,226,0.2801035485016943,443,0.09486935309610237,240,0.3623703428039974,432,0.06615518314161271,290
"(11, 212)",0.004840450935580387,151,0.11452668545458822,85,0.011211677669542675,137,0.18078212891927986,61,0.03211454942270631,103,0.2903015343075977,55,0.171198291198282,362,0.12799653637834302,106,0.18551706156265146,348,0.10461702800409536,142,0.20539016071554428,347,0.11471834344288324,173,0.0015778535189391318,71,0.1736300930362538,70,0.00578141819766409,74,0.24175737429507152,44,0.01973802519426049,93,0.2832593057191132,58,0.06489174264857434,173,0.22900269338055082,96,0.10669176226687771,271,0.1683524089709231,127,0.15353598247575773,317,0.12438980103882383,163,0.00459574474613178,156,0.10952002910919253,90,0.011805445246094837,140,0.16792226317061437,62,0.028705826693452785,92,0.29602574798651726,51,0.19267618995968172,371,0.11663218847726521,119,0.2614666779255381,371,0.07519032770316217,183,0.3411344921344516,395,0.07000944627697461,232,6.679549794630368e-05,37,0.22475158721341412,51,0.0037954199541498923,55,0.25642182191212304,51,0.01636972728663033,72,0.2907869655834232,66,0.07740684905843376,206,0.19872533683903826,122,0.14540753944279883,323,0.1387525471845468,155,0.243189814945586,373,0.09017296850708176,227
"(11, 137)",0.2734158318071881,351,0.034383827831876095,274,0.2582365040350654,365,0.06427041217774648,242,0.11594898215928406,284,0.19463868449616686,113,0.07535991463926728,218,0.17947755624137582,56,0.043843298081459814,189,0.17988459816877944,57,0.012531675137913312,144,0.27406881857933824,43,0.17164642994355372,313,0.0603410329818737,219,0.22448569770240767,361,0.08482294779931628,220,0.10597074033206932,274,0.1768871708224532,130,0.033689179514182155,90,0.27430281911363297,73,0.021351575376373555,81,0.2659756785620731,57,0.007097466354736071,84,0.27988984505678316,48,0.27748562185941195,353,0.03230238276382962,276,0.2520473962221157,364,0.061232649318577886,241,0.10960833446210039,274,0.19778053888239772,108,0.0685326668983387,221,0.17966224137134978,52,0.04120172571304426,210,0.16201850588961628,53,0.016072052307220752,179,0.22877491875896094,49,0.024322601369140107,197,0.11583474012513446,130,0.14058806816913616,302,0.10878343194271187,187,0.09834638680606911,266,0.1801062659282391,136,0.028123005555850344,73,0.2630283045229759,83,0.01591995056136941,79,0.2652944440965421,60,0.0066946020643813275,88,0.2646327311746123,54
"(244, 11)",0.0995974157671109,285,0.053350335394630334,205,0.012347979600071834,139,0.20042970599348,46,0.222702544543793,419,0.10061609852872519,259,0.27397997479448344,457,0.05813277539979102,290,0.43119259958214495,514,0.03614310321297614,372,0.720388974006779,593,0.023339412162686042,431,0.998900549835033,613,0.0,614,0.7060106037323982,587,0.014374101311787353,547,0.5839772541551178,580,0.03540013312170397,483,0.5739206804801902,591,0.04215325579399615,454,0.6441992782459642,596,0.028566103129344912,485,0.8345414532204298,606,0.014124262699181264,501,0.09673970115273334,281,0.05260163408421818,202,0.015459551474052091,157,0.18194347957053011,54,0.22060807615208966,416,0.10089978357721738,252,0.3051445591830435,471,0.05185692358454551,297,0.4987508516024981,503,0.025230834408783105,387,0.6821139809056003,558,0.020911733865667217,414,0.998900549835033,574,0.0,582,0.998900549835033,613,0.0,614,0.998900549835033,613,0.0,614,0.998900549835033,613,0.0,614,0.998900549835033,613,0.0,614,0.998900549835033,613,0.0,614
"(244, 73)",0.3856098673452022,394,0.02340372645771542,357,0.271384133600976,372,0.06804509543687814,235,0.24984150600521826,449,0.09338896526257981,276,0.326015330961658,508,0.05071705706237795,323,0.42071710671359375,505,0.03715879433504385,365,0.6596396726557334,571,0.029491173306114903,399,0.5125954351121569,479,0.01999853675093942,427,0.24988207472163904,376,0.05465308510433376,316,0.19399639704391458,368,0.10273880839008073,253,0.2609882420416898,487,0.0984386895731295,294,0.3229322874743722,499,0.07118302536925464,310,0.6356417410191154,576,0.034950809930451625,374,0.40970655284055746,403,0.02142355712862808,359,0.26394370051088434,370,0.06577228389243624,232,0.27389743761328944,472,0.08729127825509164,293,0.364534335074711,512,0.04443942067632806,336,0.49183295494426527,500,0.025721268857877233,382,0.6233429888148314,526,0.025731933613155088,385,0.9468069951184799,553,0.0024279013556685806,485,0.346342283090887,442,0.04436070672023265,378,0.23791384539736438,420,0.0895036933004916,300,0.3565579507511072,542,0.07122222675241324,350,0.4047028710668793,524,0.05374298467046575,357,0.6196809063101305,572,0.03145349425180965,414
"(244, 119)",0.6219792078295758,486,0.011915578635513204,451,0.6159676590072433,549,0.02622742412081314,432,0.3782250103244994,551,0.06669081355816599,369,0.11516882105010418,285,0.09339369387846741,180,0.058797830366505766,219,0.11148958109270059,127,0.0032462057212778728,69,0.3226095277949781,36,0.08119253931930248,272,0.06924406394638272,190,0.5623448283043637,555,0.023525377047743833,488,0.38924247476494045,524,0.06097571382247027,385,0.1752070306675635,395,0.1254039873999233,217,0.09126533049943064,247,0.14256705019445062,150,0.0029438319040395733,52,0.3562043313671978,28,0.6385995595722624,482,0.010984677244476788,449,0.6317428572903223,552,0.023582939838609592,440,0.3913550766471765,551,0.064253049106982,371,0.09962464084711453,261,0.09589122084321977,158,0.04451021872473093,216,0.1014519305750289,117,0.013293637172155703,168,0.19872490546080404,65,0.015343710054996462,176,0.15475974344453083,98,0.3831123175246147,466,0.04032103553961683,401,0.3444500319885543,504,0.06754257041212997,374,0.1183713527053315,295,0.14034023502410006,175,0.08562773699802473,249,0.1363081137770023,161,0.01736707902343082,147,0.2277147279487008,70
"(244, 257)",0.003598629915512741,145,0.11293620616104989,87,0.03398093346494613,207,0.16108415345882565,70,0.011020967405247495,55,0.265067954291816,66,0.0345129791476132,112,0.13802756819536088,97,0.04749851816027428,200,0.11877998001753384,113,0.11045349238353508,283,0.14421217203264086,123,0.0008066555315443535,61,0.161721404575172,76,0.0004923236651495078,32,0.2305347957345666,51,0.005207591896507435,47,0.2818457409588176,60,0.025559977762637076,69,0.24274515392264387,91,0.045730321349892966,149,0.17826938964676486,112,0.09661239804767552,278,0.16577053437802622,106,0.003938851276486632,150,0.10874451905512736,91,0.036160699396840856,210,0.150239404124378,75,0.011686493347179305,55,0.26147596356517794,67,0.03469354968240157,134,0.133480705539746,98,0.046327592959002795,224,0.10032111837644428,120,0.05248997348430917,245,0.14379434629623403,103,0.0015916395718567067,110,0.21713458865227087,56,0.00048353109789867066,29,0.24158506943297456,58,0.0026414002042267626,34,0.3050450504248321,59,0.028260577135089004,74,0.220375119704773,105,0.03980703342002245,160,0.17292998742513202,119,0.06957174961822954,249,0.15898670039989646,124
"(244, 209)",0.028142109607375176,227,0.07817155342969141,146,0.05183742601546637,242,0.1435691035654624,85,0.018651751581158615,67,0.23943007064141747,83,0.014249746496957427,54,0.16781604940818673,66,0.009514347088133479,70,0.16938902963728852,62,0.01471228714992856,157,0.2531106647874339,52,0.040393321101369506,229,0.08585074139951376,153,0.027209847686220257,174,0.12891329497671294,133,0.013575549056610403,76,0.2399864318263274,80,0.005943809476223749,36,0.3189463300032831,52,0.004918280105009609,37,0.27930914623088243,49,0.015416972381371297,137,0.2733812395457346,51,0.02461062443401707,225,0.07861907754733,138,0.040052829613547836,223,0.14625764075394448,78,0.015060804318542176,59,0.24924047924959328,76,0.012362544606344228,59,0.1669235169780214,62,0.008346074432986517,111,0.14524907221054095,68,0.011834699024707462,163,0.2030674415263227,61,0.05192106670506991,244,0.11549331649699358,131,0.0179025538807126,142,0.14786181513729538,120,0.010876765890057705,60,0.24650084508787265,94,0.002802627071817332,31,0.3294205742050261,52,0.0024828574466745357,29,0.2861455474386354,53,0.003717912166249171,63,0.2945452613211153,40
"(244, 131)",0.9156271705383926,600,0.002250939675992328,592,0.8450729107026982,606,0.009242440553804484,577,0.7202892865297835,605,0.023167609610619613,547,0.7191960555726866,602,0.015455531782430192,540,0.6635414808367261,599,0.017968494199300113,487,0.7366286315254043,597,0.02177491904040173,439,0.9227500557619176,608,0.002470732020327168,599,0.7971041334261435,602,0.009414909829963562,574,0.730959173682022,603,0.020835680030037718,544,0.6878543395416334,602,0.028639114561969405,522,0.6393535066015361,595,0.029046688294678297,480,0.7570925678349726,600,0.02163427678492825,444,0.9014203229768505,595,0.0025819706776340694,584,0.8425819114115232,606,0.008910517120218571,573,0.7232722593034046,605,0.02281069419327268,546,0.7287375184880738,605,0.014376391468027624,538,0.6884368205181038,588,0.013738768928812888,485,0.6992509631314505,567,0.01957733260371798,425,0.998900549835033,575,0.0,583,0.8203494251662512,605,0.00861267985876166,579,0.7056337156375099,604,0.022819465399951055,540,0.6141095739535067,595,0.03450679644669496,484,0.5925329153726276,588,0.031630075744324936,457,0.6729231338451547,592,0.026132968575645225,443
"(138, 11)",0.34773833249822006,375,0.07996441155625124,140,0.2231812925195582,347,0.1751726326579049,63,0.2772183106053303,472,0.22678117624369232,87,0.41257939016829914,555,0.10881312098525109,140,0.42920312024702845,511,0.10156518086153749,148,0.5172653792832899,504,0.11097704879030586,178,0.4319271658337327,443,0.08006970822573854,168,0.2712610738024227,394,0.16740764969449795,92,0.30123781559556606,471,0.21644373047975016,96,0.35404677126741546,542,0.21888342409682002,106,0.3540546314904298,519,0.18575775283615775,103,0.4888442213002808,508,0.1270363808433841,159,0.33958814697535733,373,0.08033549079495293,131,0.2379933661418041,356,0.1654638144572795,65,0.2952248531082241,487,0.2232710052181854,91,0.4428109066984609,553,0.10009898637501534,151,0.5025265267891983,504,0.07283550853037954,190,0.5169153225494718,459,0.0989344660713576,175,0.970117524790905,565,0.0034440431060879084,461,0.31603970782440527,417,0.15954298742272463,109,0.3035108597395212,475,0.2370747039820563,100,0.39334490427723146,559,0.19942840038623746,121,0.417275544242928,535,0.16369282196016782,131,0.5391911414825791,532,0.11515578478610766,178
"(138, 24)",0.8027613477626265,558,0.01763970857448045,391,0.7463310142633044,587,0.03718299415046194,355,0.643114876115385,596,0.08276182423493357,319,0.5386452345791914,589,0.07747820673233874,226,0.5069902013515937,556,0.08252314860316498,197,0.5275703223922621,509,0.1078055780074539,184,0.7628012828476232,575,0.02688060487357888,366,0.6839066385187211,584,0.05201070097586163,327,0.6753546818100074,596,0.07492810574642023,339,0.6235031115918491,594,0.10361681406383966,278,0.5744784602691093,588,0.10258679750942028,224,0.5944225043702891,563,0.09360694163218593,207,0.8042750707809911,550,0.017214485498697068,387,0.7581177186017336,588,0.03461413418130707,360,0.6535616370505206,598,0.08229054878256202,314,0.5294819952495357,581,0.07912012486472425,211,0.47205424995028566,485,0.07910866657599948,171,0.46725622657390176,443,0.11327125488745478,146,0.9993002099650037,581,0.0,584,0.7292474950258083,597,0.04637513686293046,365,0.6695558044343687,597,0.0843064796209229,324,0.5936700934841547,594,0.11471471232568847,239,0.5519422350983265,583,0.11351499590794936,195,0.5707184591124012,544,0.10498096506519529,195
"(138, 209)",0.016665777934085524,199,0.2528215472155696,19,0.07322945626266386,264,0.28307017408953494,20,0.05074556716328471,153,0.46961831055646436,23,0.08820202173361325,240,0.2684573776718977,28,0.13582786414492243,317,0.2214217878522556,40,0.19513244606744373,341,0.2570824380601984,50,0.006294428915061712,122,0.36500747816220713,16,0.01890216075879736,148,0.4260255196292202,13,0.03719873235114535,142,0.5154483044049631,20,0.09594940993974599,243,0.4518061238388192,28,0.13343883160396453,317,0.33692596771918515,36,0.1657933412860899,325,0.29593824280306363,42,0.021702514385430027,217,0.236792255190588,20,0.08794867194533584,275,0.261830225832646,21,0.05921744789249228,184,0.4637479870211845,23,0.09942336465227197,258,0.2559569189674336,28,0.14689824489950365,317,0.18645290410575577,39,0.13220454875085907,297,0.2760705016309349,36,0.0020958287612862225,119,0.4664226119991437,11,0.01602751482047937,130,0.4689111686757915,14,0.036203489418721424,140,0.5715004055919508,17,0.12024649142058796,297,0.4172657291823083,33,0.1645168397580612,342,0.3169399379102398,47,0.2071057858784373,351,0.27463785629438414,52
"(138, 19)",0.03282791779645877,233,0.22047578339922544,24,0.014362035385498073,151,0.4128829082342026,11,0.020873202557570192,70,0.5750488915753612,14,0.00743788639589249,41,0.4611556166132479,8,0.004001804828576261,39,0.48684262993517224,7,0.001262307242805294,37,0.7589533509148513,6,0.05821350849697815,248,0.23652341618281497,33,0.05205970764389234,228,0.3390553514510639,27,0.024066514304560194,107,0.5672326472445515,15,0.006559444810695814,37,0.8134686348316066,5,0.004631846196016087,35,0.7222383984524554,5,0.0015061358566772487,39,0.7904954221322298,5,0.02641305873180433,226,0.22754053050768341,21,0.009952644130730937,132,0.4305018442822615,9,0.015441239594251588,60,0.6266113594621407,12,0.00566816422229488,38,0.4759989009021386,8,0.0029464050359283567,64,0.4395611088661742,7,0.003401041923976722,99,0.6114698896100125,7,0.024887700355818,201,0.32651208666740733,27,0.04484328909177837,218,0.37666900702528006,26,0.02484454544173187,99,0.620841984891944,14,0.0042068560423130785,32,0.8666575841861419,5,0.0025477864118799154,30,0.8004295753408782,6,0.0008286916124361499,31,0.8686683773253729,5
"(149, 166)",0.061339529370817325,260,0.043283877880749326,239,0.019115987018746616,172,0.1031636262064958,151,0.02133292352215843,71,0.20418415454324154,105,0.020010752344537863,65,0.12657116019189482,112,0.01968461614402295,130,0.11380598586625229,122,0.029657104918340282,199,0.11920630385579047,166,0.017258836744691086,186,0.07486318021591318,179,0.007863834356058974,90,0.13907793786771386,115,0.012457052410387304,70,0.18670361647295752,122,0.01000848009905686,39,0.20158705539735042,119,0.00961557646303357,49,0.17267767545892357,121,0.02135265799888264,168,0.12019433929043048,171,0.06364029689893724,258,0.04153940583433488,236,0.022360104473994835,180,0.09696609171819785,151,0.022892640113616136,76,0.19881641507213718,106,0.0230581338061131,96,0.1199947973031562,113,0.02422501382778397,179,0.09302012713626397,133,0.030623870809140752,211,0.11013013851482514,155,0.5282639463225037,440,0.0025525480770533515,482,0.010450369719288477,102,0.13100402585725893,149,0.009323986879750334,57,0.21424882054642042,113,0.017284964030607308,51,0.19252604666472423,126,0.023313662974560057,107,0.15629330033780112,136,0.05531499693391306,236,0.10924047096251119,189
"(149, 11)",0.19371725599611667,323,0.027511344971095936,319,0.12845110064877197,297,0.06070698648408803,255,0.1305586758218381,307,0.12186520625012494,198,0.07558223208262504,219,0.09121982832378431,186,0.07003395855500016,241,0.08374888588484193,196,0.04848553199949146,231,0.10592563718841573,189,0.2620450443893657,362,0.02962359716993239,344,0.16099009796576969,322,0.06393957718076952,276,0.0972128646570698,260,0.11358289386104144,222,0.08967411250485957,221,0.12188865733286831,226,0.07389439021851751,218,0.11065297116489009,199,0.04594070297490982,220,0.10121214455497843,193,0.19095845621599616,323,0.02689659988459234,312,0.11902533386275294,294,0.06068182059279298,244,0.12473436261855986,302,0.12264184461050828,195,0.0661980330977674,217,0.09264826278348785,169,0.05735989630881688,238,0.07564284826716422,181,0.039377953873566574,227,0.10388994017357915,165,0.6863136991851376,476,0.0015336966152995721,510,0.17753220997007135,331,0.0598719389400638,303,0.1222161070764265,294,0.11406663204647997,237,0.07423713505319873,198,0.13579468555557433,188,0.04775721553039314,182,0.13257380267030597,168,0.028947964009951366,188,0.12808685621039387,161
"(149, 137)",0.555015907682217,463,0.010617750890970713,474,0.5774748690173478,530,0.018023813809033135,495,0.4620548067466609,568,0.050427882133377865,434,0.4526682664655872,568,0.03165136111593181,443,0.44797495283807875,526,0.028722408274695452,412,0.4464540023323542,461,0.03283629963920006,382,0.6552302176078059,542,0.00997048314804842,517,0.6248978862474113,578,0.0180861297872911,522,0.5228246336542354,571,0.03548568088338198,481,0.5430458013165733,586,0.034934429056072865,497,0.5673810597144795,586,0.02769208293872287,486,0.5090283683513969,521,0.026143916718020948,418,0.5417021359415233,449,0.010707184310439247,453,0.5674943884029551,521,0.017993619515258245,485,0.464358936360172,568,0.04948721482852608,431,0.4451233805278926,555,0.031467025374971425,418,0.43971416501252625,471,0.02498843014990416,391,0.4597718063821272,440,0.029498216212746054,370,0.26339093650353185,358,0.0050834184634310905,437,0.5437266036278885,556,0.022809787704048137,492,0.5496273690581295,581,0.03603699132532716,485,0.5211274705907483,589,0.03890715881777926,463,0.4794697870605171,565,0.03749930719459518,426,0.37846790672294794,445,0.04180143674762299,366
"(149, 12)",0.03463780959575502,234,0.05020926475182141,214,0.14831163691186977,311,0.057009303646016696,265,0.17509791056659307,370,0.1064052373666874,240,0.30425253710795874,489,0.04621853583707628,341,0.3308452113716611,457,0.03873498296323463,355,0.33365076181509945,401,0.04379571734611835,339,0.062399624418110755,257,0.05566463291039039,223,0.19920794448756196,344,0.05731284339945967,302,0.2883585467257115,457,0.06527656887341492,371,0.33938178619599546,539,0.05982910693295523,401,0.38791704909255253,538,0.04505410361295263,403,0.3794663273888126,439,0.03675279514041729,366,0.03513581697998325,235,0.04854876708603016,213,0.14494904520571783,309,0.05580655401495663,260,0.17255791640439888,367,0.10583600701603907,238,0.3129782241012804,475,0.0440641395674104,337,0.3430450000379135,421,0.03197975056088089,340,0.3692676693948155,405,0.0372447747414502,338,0.0002944092216776717,72,0.02012502608097159,330,0.17717634022482553,329,0.05993320067964495,302,0.2680463881644338,444,0.0753976880003103,347,0.2929837031513226,496,0.07039585361560623,355,0.369986236193272,501,0.049811448960216054,369,0.36353785190566135,434,0.04341096432813793,360
"(212, 42)",0.006998652806035954,169,0.16797359166165618,44,0.011094467640348271,136,0.2661975217710637,26,0.030927755651187216,99,0.49079168484543434,22,0.08567326590622293,235,0.2371479490723829,36,0.12293552498962734,300,0.1919886485214492,49,0.19784590613238162,342,0.20798783667668944,74,0.00782050578754312,138,0.2676426457941784,24,0.0071885634726732706,81,0.37598791966638573,20,0.02382089745974525,105,0.47396190671240596,24,0.07839969517073131,191,0.40318670772215276,32,0.1255544497030957,301,0.2940365123823725,46,0.194670105850264,349,0.21900475393960733,73,0.006745211476545054,169,0.1596363556173023,44,0.012054484730799286,142,0.24698156288268402,26,0.03212947402830224,103,0.5011826526140944,19,0.09801360936416148,254,0.2194048767963099,39,0.15806632628660733,324,0.14374034418958703,70,0.26654575534989444,363,0.1320101921965804,120,0.019480317425279003,183,0.3516690466964554,22,0.012127116270262417,112,0.40026378584337297,22,0.02434326488529226,96,0.48541780435650683,25,0.09589927733139247,251,0.35088042052547785,45,0.1603743366568262,338,0.2409969487770275,71,0.2567507308752972,382,0.15894384822789126,125
"(212, 11)",0.5289238960078666,446,0.03972965210994629,254,0.4690379486360391,483,0.07641351366741887,210,0.3229787455781744,508,0.2245373969102171,89,0.17482616966440379,364,0.18696730433389605,52,0.1270874592853185,306,0.18987470802741388,51,0.0726701916402972,254,0.2904211173645991,41,0.5148991127450508,480,0.06628158429094189,199,0.5255665719106348,539,0.08991773332089444,212,0.36135400674005536,508,0.19146314406157733,114,0.18715470791108457,414,0.30167830439058035,57,0.12444718500800245,299,0.2949059987506801,45,0.07432013575227114,252,0.3018916718020952,41,0.533523307675647,446,0.03718883118506022,258,0.4577991403859224,476,0.07347773502865085,203,0.3173432165139157,504,0.23358995479790085,85,0.15653420029789755,346,0.18770333591966673,50,0.09690012933203263,278,0.16920648929165122,49,0.045284640451996205,237,0.23834959173129774,45,0.39050562202507844,407,0.12945645900342237,117,0.45698064999684895,506,0.11938952075902094,168,0.3581853804010906,518,0.19809462472768694,119,0.15946212172063712,362,0.29617272889093965,63,0.09525204063812143,265,0.2867026709537825,52,0.048395483316707844,226,0.27721241478845593,49
"(12, 149)",0.22758438176571827,334,0.020441941627562486,373,0.10006458555580222,281,0.038840737358526015,344,0.07707986049153326,217,0.09518845747226733,272,0.053246939866235965,168,0.05663033545187884,299,0.04103093542464964,184,0.0521801836612169,295,0.04277734938737665,220,0.05811353780433533,298,0.30242437557792,374,0.01828461633489693,448,0.14184022018323028,303,0.033944589250149856,425,0.06441603988047562,216,0.06549886505213934,370,0.0586621533673668,158,0.06386720948926546,391,0.05356482507852878,166,0.05006699981864711,381,0.04619659690161637,221,0.0460081213134959,330,0.20949976017564909,332,0.020924069847360505,365,0.09392985036202295,277,0.03959619681246765,331,0.07523278367911568,219,0.09549639534740154,264,0.05028812931183824,180,0.05660016148630463,285,0.040349672823048244,207,0.04511140811680021,279,0.04288606694895214,236,0.05196522302690508,285,0.20176699019905497,336,0.00972515397934658,395,0.12907651411106214,295,0.039528236556801946,405,0.08725843992958449,251,0.06402688208198845,385,0.06851295997538998,185,0.06922938467520354,361,0.038561300341830806,156,0.06764875881662359,316,0.021889119767901644,164,0.07695393048692065,259
"(12, 78)",0.05907292030475242,259,0.032045974424689885,286,0.153767717066715,314,0.03365832845282981,383,0.18953554408268147,386,0.07052358379069348,358,0.24272417011298697,431,0.034154112959697475,427,0.28112925216516116,416,0.02747308292161853,422,0.27496218889282087,382,0.031255343758330945,392,0.03553620106114641,225,0.03733084181198209,304,0.10954841299056162,284,0.03699715479136081,409,0.21506727714325857,385,0.04382349427406005,443,0.22859771194769363,449,0.040585725634196254,467,0.2418530059129328,437,0.030291978157051605,473,0.2636034324760995,382,0.025746654635091116,419,0.0669630567035625,261,0.03060287637046593,284,0.1622616788867437,318,0.0330001587677554,371,0.19294806216103821,385,0.06976579522206833,356,0.25110888164474265,419,0.03311454604217788,410,0.2836078280359986,389,0.023550148573508418,398,0.2745868353706338,364,0.02798497766826754,377,0.07069052376386642,254,0.013795140403692794,369,0.12101023240079711,288,0.040387702726808083,400,0.17230370917700655,349,0.05103482454067095,426,0.20622680261481174,422,0.04794754171394364,426,0.29032163789013476,454,0.03451574521748331,440,0.37366433181933667,444,0.02988681884329989,423
"(78, 127)",0.0027861371317097205,137,0.09636885347772489,112,0.013258743150103225,145,0.09668644638796325,167,0.00802230449344643,41,0.2573041014827995,70,0.00706123465608155,40,0.15063507821061586,84,0.011789943487825694,81,0.11064518429865645,131,0.011284964626374516,136,0.13058525637825683,150,0.0007053194006150232,58,0.1317679766743707,99,0.0041359760214173535,64,0.12897070526652538,132,0.01060901933752012,65,0.15866251088013927,147,0.010751796219068854,41,0.15235590099129948,170,0.012291588288458555,52,0.11324984383500918,196,0.012537601140376164,117,0.09989820846905537,196,0.00353422488625188,147,0.09225004502368796,111,0.015926254494065706,158,0.09201112925415794,164,0.008966014758752028,48,0.2506402097857165,73,0.007223330679343665,46,0.14793479962297337,81,0.010153355904055195,123,0.09963157487918924,123,0.009325847901751505,154,0.12346268720595024,129,0.0016585565081814746,111,0.052836661310470594,235,0.004287944564897894,58,0.14269961266964848,130,0.00663051445667695,50,0.19078001736218175,124,0.008792259697032678,39,0.1835662127746746,134,0.016049490321015103,81,0.13631243256394143,160,0.026658365399031103,183,0.1225983500199691,168
"(78, 12)",0.6344753495556487,491,0.01578093037160449,411,0.4447484510205053,472,0.029979765827275483,406,0.511643542007244,579,0.06440070041665147,378,0.52780933054717,587,0.03575970912374256,411,0.4608167782787823,536,0.03260320764073795,387,0.46674297939541365,475,0.03776025762624014,358,0.756021324529137,573,0.012875392348646673,488,0.59160640438842,565,0.024660741068639667,484,0.4750427648247335,561,0.04468089191541653,441,0.47325266019589196,578,0.043150774986596085,450,0.45514277485818055,565,0.033977471940677455,449,0.45243313283470743,490,0.030230434017078964,394,0.6091042184561113,476,0.0165768030608757,398,0.4191866806688217,453,0.03093207726435937,387,0.49727078475431474,576,0.0657233331174733,369,0.5249598902564436,580,0.035449284403959,386,0.4808967121989083,491,0.027536977045221723,369,0.49212397759175,451,0.03291599538997227,354,0.6852647053828373,475,0.0070940242735941334,418,0.5875093315194606,569,0.027680096000749558,468,0.53565166893513,576,0.04413208763911441,446,0.49981859369432047,584,0.04774069982169831,428,0.41809998722415354,536,0.045982844338682154,388,0.34487130402067256,423,0.052224799066165464,329
"(13, 65)",0.00034719898781787606,70,0.2615062023653971,17,0.0030517455355673073,74,0.13991807820250052,90,0.03692351562216678,120,0.14295978954572877,163,0.23262608205840185,420,0.053031700512018914,310,0.33666064540007723,459,0.0380500864615141,362,0.43775320896485426,456,0.023664418880553657,427,0.00044628682909220174,47,0.26536621405894495,26,0.007991514410920941,92,0.15805997033549896,99,0.027691729113599184,120,0.1320134231051491,176,0.10371342491508673,268,0.1016477568415094,286,0.1908172980127617,381,0.06095018840550506,342,0.41085520423028776,458,0.022083810194559378,442,0.00020161589613243436,64,0.24125272439254772,19,0.002627378460480445,72,0.12832793840916493,97,0.035910614187318335,113,0.1445071222472491,160,0.2793449473500216,442,0.045688574675028515,326,0.44901181107838317,475,0.02546492207351282,384,0.48386394264459365,450,0.021014909220972572,412,0.0009623004740890728,102,0.21144961427259154,60,0.009830895723324518,95,0.17340435691089479,99,0.025482056617549764,103,0.13153708327066446,199,0.09982159658677814,261,0.08773278414159123,306,0.14278728826476172,320,0.07001833325055658,308,0.31607596793940385,411,0.033868642666022165,402
"(13, 235)",0.8036190656119664,559,0.019769304925279382,379,0.6249179193654057,555,0.023738263410854707,450,0.29675107916609667,491,0.07137029297313696,355,0.05705968612563472,180,0.08471855950232587,207,0.02818864767998286,153,0.08697511626953529,185,0.013946413341205388,149,0.07464798904748603,240,0.787814810327848,585,0.021957131600062844,410,0.5121358294667724,529,0.0394975239924022,388,0.3392791671004016,494,0.05726409298039016,401,0.14901642999653175,346,0.09008062820877204,311,0.07638000346528806,223,0.0827029641122776,280,0.01689307696546094,145,0.06398340522933357,282,0.8342011401287561,563,0.015027620654295259,408,0.6405309907481224,556,0.020542283258613243,473,0.3008718055088303,495,0.07114914727307042,347,0.041528605318061684,159,0.08624596143472811,196,0.0128543294676019,137,0.08324250307958589,164,0.009928828394112355,155,0.07676017156150933,216,0.732097235938638,486,0.023162612486891773,319,0.485176051832817,522,0.04727424298207734,356,0.3514934154899021,511,0.05484713773746383,413,0.1540917828009727,355,0.07591196888620613,340,0.10875487091402636,279,0.07666998493463156,292,0.03240591248478464,195,0.07236360582172467,270
"(65, 13)",0.5151010900942661,439,0.0478630138826841,222,0.3747977683968905,431,0.04185799002506826,332,0.10820010530359103,271,0.11728615595207156,205,0.009037208571618383,46,0.14253579824100446,91,0.004348318105498072,43,0.13858300838892915,91,0.0012268426552037859,36,0.13850225008735884,130,0.5381357954552795,494,0.048599058962940214,248,0.2212684742775043,358,0.08036458555625094,232,0.11105002055656987,283,0.10082603723994334,258,0.02999592770806292,80,0.15443596863679987,167,0.013208417711463971,55,0.13995355350917849,153,0.0014529489040590038,37,0.11335449863544325,178,0.542266344987305,451,0.04003102040216261,242,0.3830958793027155,430,0.03717456510249078,340,0.1132118993329494,279,0.11710616861625235,204,0.006350430090970027,43,0.14194775681558916,89,0.001678988774858503,46,0.13103405596382967,79,0.0008110313582676554,46,0.1426678242686778,105,0.4500920340158826,420,0.048018794557815755,250,0.21762758145134042,352,0.09193044750499554,218,0.12847348025871674,310,0.09662352723521347,279,0.03381628272216908,94,0.13211528651082588,195,0.01876098787489311,93,0.1327263998088217,166,0.003023888382263751,51,0.14222464479834623,143
"(65, 236)",0.0078081266117159265,174,0.19339648784551355,31,0.02171877594403271,178,0.10816803009022662,140,0.14345463576503226,334,0.10676226640528441,239,0.496238836400831,579,0.037500621971303154,396,0.5859136865488516,580,0.02703164901399054,425,0.7119966755840808,590,0.01660455073131822,473,0.006498674894182432,128,0.21182808982430215,45,0.06170522639363063,238,0.12300721141225913,145,0.1400718851794287,321,0.09331724779410512,277,0.3274971040317418,529,0.06961455763920983,372,0.44527275501136243,561,0.04332369476293147,409,0.6972463644266452,593,0.014478607271766879,499,0.006284213686024498,166,0.17689568103381736,34,0.020508422758010014,176,0.09863649609815539,147,0.1375792335221644,325,0.10973862205536886,222,0.5409788559452616,585,0.03226038033740953,416,0.6841364990486616,584,0.01767471941278975,443,0.7455097387795633,585,0.014673064048203526,469,0.012753584854130362,169,0.1575073907376647,97,0.06328114810266905,250,0.1387626449936246,135,0.1215896981349942,292,0.09841360110122331,275,0.30977116878736055,512,0.06314147090440624,374,0.3959052491578807,515,0.04802994934782718,377,0.6258891839139488,577,0.024043496668672146,455
"(235, 17)",0.7032942797423807,520,0.021992952849930636,366,0.47869705610755076,487,0.026983503828822555,423,0.13252756665100118,311,0.07926679688740297,329,0.013404634328027187,53,0.09554116357784594,174,0.00497535288192319,49,0.09387912012000714,164,0.0018775958231106449,50,0.08565732608688725,219,0.6833360565894118,556,0.02307735670054128,401,0.3337088088017328,434,0.0439237817970856,366,0.18375844665823282,363,0.0638890311129316,374,0.05231187670273707,138,0.10037153062903546,291,0.017977829866934192,73,0.09348741612428718,253,0.00314815446613248,54,0.07436504093670218,248,0.7497668545971374,530,0.01669772382286027,397,0.5005029140604873,493,0.02318811536434169,446,0.13511119147267825,319,0.07862202009211765,330,0.008635293408597144,51,0.09701424885782785,157,0.001834211851900358,49,0.09021278739947929,139,0.001191918828216565,59,0.08782439095969895,194,0.5830091135596925,454,0.02365577994976195,316,0.26032133502234134,381,0.055053883303593364,324,0.18361370503183305,364,0.06169657703833325,394,0.05370097455669365,144,0.08480517582058057,317,0.03050188964022027,137,0.08604967036858686,263,0.00518191165431936,74,0.08479587796387046,234
"(235, 13)",0.0013567675759844633,106,0.17666916351202014,41,0.010322576763979074,133,0.0969443614285459,165,0.11776301429706848,291,0.08244995301940022,321,0.44323828248689245,562,0.029766636367056516,449,0.5703081918842103,575,0.01932593154629356,474,0.6736785631869224,577,0.012054456681171595,512,0.0016936001749008334,72,0.1705272853971342,73,0.02875906651330884,177,0.09944066514353138,193,0.08032833091811598,240,0.08418198419606439,305,0.2453192713075606,470,0.05996531121102924,400,0.4020020135331899,544,0.033183549277610976,456,0.6216090409562509,574,0.012770710449863543,509,0.0007669116057466008,96,0.16572355823124899,41,0.008746075706547063,128,0.0893572740726372,168,0.11540628176343826,287,0.08286379576180242,312,0.5021568543336147,570,0.025040793872979875,466,0.6758886675459193,581,0.012583251553490864,494,0.7144527824196121,573,0.010416125314493768,503,0.004459954676583333,136,0.12005647038420997,125,0.04723643487813822,224,0.09724460311101528,208,0.08041175128109723,239,0.08124368137410701,333,0.24148157863578712,462,0.051379327147302256,417,0.3250271230734292,473,0.03910373654247994,418,0.5655134592373794,542,0.01774422738390918,494
"(14, 153)",6.143959647597619e-06,8,0.049037818809642975,217,0.0015112602608899905,53,0.02866119856299133,411,0.04676864531628533,142,0.01889737296716297,564,0.37372819009434655,538,0.0067527879484413095,586,0.5262874939161972,567,0.004479487083003616,587,0.5981645765616286,544,0.004235177410121304,584,0.0008852464706814445,63,0.04604796818272862,259,0.00870938180758829,97,0.026192689328371373,472,0.04485271174291383,163,0.020794719505743006,545,0.1615938883699959,375,0.015741435467121628,569,0.29715019304061574,486,0.00820772966328813,580,0.533079620489153,532,0.004589422484373624,583,8.625617481494707e-06,10,0.04511373534892439,226,0.0012053780012301063,53,0.02759848927265737,407,0.04269855536652356,130,0.019142417479522486,564,0.442854595913436,554,0.005634002664411414,593,0.6853198789254744,585,0.0025964896145307535,592,0.718306196212833,575,0.0023531623628532034,592,0.05108195750499611,241,0.03874887208265703,275,0.027159599209828245,172,0.026701709983321192,475,0.03616832747184451,139,0.021685426398943424,547,0.21318884901288415,430,0.012006774071971035,574,0.3265994839695219,476,0.008677882556347574,581,0.5587491050323814,539,0.004388062413331482,588
"(14, 77)",0.9460540529786083,609,0.000914903479572334,606,0.6937249000387629,576,0.0037154521660083357,601,0.2617884321912526,462,0.010643134423314608,582,0.021879489762870463,71,0.017390924437464882,523,0.007147429323952181,57,0.01877526240325381,483,0.003901646838345041,80,0.02266709434435205,435,0.7387180083483036,567,0.004891089892667083,580,0.5010487837111666,523,0.006784989777569119,586,0.26796082840914726,441,0.011460200023893639,574,0.09439509111267819,235,0.018830831924708163,561,0.036824176686574006,126,0.01646281258186068,540,0.006769325827894801,81,0.01967162602341755,457,0.9397281907234816,605,0.0009445785966575883,604,0.7134999521265086,576,0.0032869650068200608,601,0.2752348415086724,475,0.010285688656084821,583,0.013441923496965713,63,0.018061353534511784,511,0.0016575621404811836,45,0.019343174962550863,432,0.0011386270135957943,57,0.020181863759618234,418,0.24880891114317438,349,0.0228591248174332,321,0.34213350814596577,438,0.0114757652762454,561,0.2998124798378773,469,0.010715050098349421,582,0.06526307940942189,176,0.01781525240180231,556,0.03017885298192924,135,0.019194848550939014,521,0.0054850301274156354,76,0.020493622739762185,470
"(153, 83)",7.295144448526969e-07,2,0.12345822598577806,75,0.0002516804838286202,31,0.0746422961546343,216,0.010387702271957622,53,0.05223701741986544,425,0.18581174237096842,375,0.017076297978259526,526,0.2870028722402751,421,0.012551100467773923,525,0.38327421630598413,424,0.010714600555060492,520,0.00014067610846735246,33,0.12406672895470044,110,0.0010654475974932742,40,0.07691845737040479,242,0.0076247642873785715,57,0.05957174918505625,393,0.04752368952338526,120,0.041935958795450305,457,0.10738509512171379,273,0.024118423438853853,505,0.26554454792441395,383,0.013259860022889338,506,7.923325680003757e-07,4,0.11384487593676836,79,0.00022995124376024023,31,0.07091106393740647,216,0.009542113078596204,52,0.053505235193786464,420,0.25046922217556045,417,0.01395972527057965,541,0.45450109997081023,477,0.007460963374697789,543,0.515196274193112,458,0.006277647173912379,557,0.0064804619069498415,152,0.11382142460363698,134,0.002802461069927542,51,0.07737417769628231,247,0.005524026364993606,41,0.06415998656119136,383,0.0672623859475584,179,0.03387732088039069,488,0.13622511803571236,314,0.023251629082423324,505,0.3005392826729667,404,0.012567685005682196,530
"(153, 14)",0.9732360351160592,612,0.0011214810435693917,603,0.8222964522599115,603,0.005030278519147853,597,0.4778586880047804,573,0.014578685742710951,574,0.07915578469932849,223,0.022694670949874575,494,0.039435087138707914,180,0.024322952148227446,444,0.020483105782951094,177,0.028445522607615986,405,0.8519487592597021,598,0.006806506900658582,553,0.7238226710943291,592,0.008749781406544546,580,0.5181244231636079,569,0.014598373525847797,571,0.2594279340819232,485,0.02381685327177635,544,0.1444429824760145,335,0.02184899349144619,513,0.04559284382644879,219,0.02385718373096223,432,0.9724958107179404,612,0.001063294116782258,601,0.827235441370602,604,0.004627888407573677,597,0.48911077473331466,575,0.014403743768931325,574,0.050507587060979686,182,0.023805434903789523,471,0.01234946536097048,135,0.024817450758424467,393,0.0078022984380379246,147,0.02537349478620538,390,0.5384822066232293,441,0.026083681305430532,305,0.6338679866836553,580,0.012699198251998365,556,0.5579009634918798,585,0.013777290255105757,570,0.20886106524053027,427,0.02322098570105977,534,0.11440910871433485,289,0.02464443787029099,499,0.035991313059618224,202,0.0254970423430882,446
"(77, 93)",0.9642323386538334,611,0.000497129747505114,609,0.7543017686596085,591,0.002129929325875342,607,0.32276714416465935,507,0.006549060329205234,598,0.03633779596983766,119,0.010700940420610369,570,0.01078348542326868,76,0.011918434695581901,532,0.0069129224499040465,105,0.015045368176319329,492,0.771271059484923,582,0.003496205747210531,589,0.655131498504038,580,0.0030525655412109573,600,0.4170542388699907,537,0.005497670370180738,596,0.14298021841208342,337,0.011428562430766107,579,0.054885723523870666,172,0.010450964192878876,570,0.013226797447600802,121,0.01269753059248173,510,0.9597284416962504,609,0.0005189669176966983,607,0.7699658120765914,591,0.0018880971697886983,606,0.3390219934753136,522,0.006205178070669888,600,0.020132862014688446,85,0.01113906403258555,562,0.0023013488908633084,53,0.012411293739170081,495,0.0020867418498335955,76,0.013599276091136701,482,0.5493860671167183,445,0.007159057345620971,416,0.5072366168232629,537,0.005443886348662182,595,0.38994014259223553,533,0.006151547681400895,597,0.0946067999953899,248,0.011127696029928432,580,0.0417859080399251,167,0.01261157766006684,555,0.008802212588402636,102,0.01374183451862441,518
"(77, 14)",1.7573657654645913e-06,5,0.04069829934600566,248,0.000721877670523785,41,0.02161352979490247,475,0.03097207605857788,100,0.014304916440387559,575,0.2991199719071512,484,0.005299802304145788,597,0.47285810680589413,543,0.003379833659166971,592,0.5304641417455891,510,0.0035405552091885557,588,0.0005703476930118967,49,0.038662158580216634,294,0.0022732734693846623,49,0.020163098100965816,510,0.016168884781745163,84,0.016243621251685356,564,0.10859411636472416,277,0.012526069735015759,576,0.2382914722067021,432,0.006406290930340339,585,0.4450810680853029,486,0.003933004665903688,586,2.520006403106123e-06,6,0.03761738318650098,256,0.0005810942080535231,44,0.02073795716265886,471,0.027740159483609084,87,0.014293126000189992,575,0.38576236128750496,525,0.004162720537476872,599,0.6539123352300605,578,0.0018878668718745506,599,0.6635389040748605,549,0.001992430750230043,596,0.005928138777292702,148,0.03239730871470262,285,0.008302370979416107,81,0.021441008248112448,502,0.01955708455992755,83,0.01668075378991983,562,0.161291340711591,364,0.009314846176259125,584,0.27843096531264133,442,0.006702037531698096,588,0.49967151465270776,514,0.0035755852321130745,590
"(15, 94)",0.6170249170274809,484,0.012628523155161584,442,0.44332228050265166,470,0.03910041894048252,341,0.3722961828670057,546,0.0751941257198498,339,0.23538741040828848,422,0.05417825151427257,308,0.17548509533005818,342,0.056962103516812974,286,0.18387993427414417,331,0.06114587172430933,288,0.5660185236445391,511,0.019082207011361766,441,0.5071938244120037,528,0.04501268880714637,359,0.4114896981765821,534,0.07449247350366085,344,0.2687519656582942,494,0.09378963603540053,303,0.22542757281451287,421,0.07984061095774478,287,0.18067607413300613,339,0.059275684479267544,290,0.6778173767481263,505,0.010181969207472828,469,0.43215101125558264,461,0.037288938505174396,339,0.37087327301970396,544,0.0730951632821577,342,0.2288550204819818,393,0.0512994917798516,299,0.11101904782452077,288,0.05214724676704634,255,0.1002305002405709,277,0.06524656617132306,243,0.8679285094398441,535,0.005928848399779971,432,0.5382457526213417,553,0.0481565321531039,354,0.40133071447636326,541,0.07973321062793225,335,0.21869718351594802,438,0.1004107999311853,268,0.22793955455975856,405,0.08494190151870142,266,0.24210426365242488,372,0.08391140913368335,237
"(15, 62)",0.0004932780404902637,79,0.10726959883644767,99,0.0015125261252387778,54,0.18935775206155375,54,0.002501228350942686,32,0.2928134382155133,50,0.00851155392565106,44,0.13252994867674844,102,0.009286095522086812,67,0.11777832941415659,115,0.007954240502102694,110,0.1318916559304698,144,0.0004260666490503162,46,0.13980265327833755,90,0.0006155086205659188,36,0.2737258409379935,39,0.001523944566363733,32,0.33269737852644515,42,0.004334881011506031,35,0.2691467392459637,77,0.006378688707147417,43,0.19711447397585993,93,0.008629952029235222,94,0.12547539396073598,160,0.00044122866316276266,81,0.10705162838734338,93,0.0018050718010433897,64,0.1731557155099338,59,0.002374765611024121,30,0.284911307983302,55,0.009353837079365879,53,0.12194806086930082,109,0.020406740915278165,168,0.07928820716733868,170,0.023133820401268768,197,0.09363354559433591,184,4.8073799623349345e-06,26,0.19392862078402787,71,0.00046209798127061497,28,0.3243250547902176,38,0.001930088846509248,31,0.3408766646082445,45,0.008677109604923405,38,0.23480930271410372,95,0.005053681744486949,39,0.21655117510593624,86,0.0038211843828009906,66,0.22815696236379435,69
"(15, 254)",0.5099020029885019,437,0.01728953441111958,398,0.5196451681291023,506,0.031956421710419396,396,0.5204983016385449,580,0.05133880009548998,427,0.48632564534474876,576,0.028955949868506164,456,0.596009330265914,586,0.019054668725193916,479,0.6138323952880527,554,0.01979195321602644,454,0.5768442556891841,518,0.018481315388942394,447,0.5872327830310213,561,0.035807402074853195,415,0.5566724766658943,577,0.05061142115952418,422,0.5719659307963714,590,0.0429051349012834,452,0.5704051505734504,587,0.0329100086646382,458,0.6012436900856595,566,0.019788273615635177,455,0.4746993073415655,427,0.01883827858820416,375,0.5035730929802301,494,0.030948747432950043,386,0.531693859965434,582,0.04821095287254692,442,0.4775668839372358,563,0.0275970973005661,451,0.5792995981389757,543,0.015163841796853978,471,0.5837563373333311,500,0.01805874422600141,447,0.7400060322143973,493,0.012405058489119153,380,0.5946660629062531,572,0.04080392219278589,399,0.5289312859895501,574,0.05713893456701002,409,0.513439904618752,588,0.047809315641722,427,0.6195942447543745,594,0.030291251793196326,466,0.6539498682416348,586,0.027667076333431035,431
"(94, 231)",0.0017491368668584029,118,0.10449549728090181,103,0.01871348638739967,169,0.10798223150337657,141,0.007027645753657108,38,0.268785242799738,64,0.0023080663274590574,28,0.24905976143001216,34,0.0018342815044485317,29,0.25196356653886054,30,0.0004929187627308318,29,0.37827701830764965,25,0.0002354250689262649,37,0.22048644635573023,39,0.002956999942267169,53,0.2319436140306216,48,0.012519205750441076,71,0.2458642670626184,75,0.003707157494207136,34,0.3654510369239563,36,0.002678004393179667,30,0.33769974006085396,35,0.0004379719358612588,29,0.3977171185843824,23,0.006245929448981169,165,0.07343234869284289,148,0.02683748929352303,195,0.09047658229095008,167,0.006750369657682165,38,0.261640504346472,66,0.0023751123477046,29,0.23690542015155386,34,0.002111514723093566,51,0.2168260843615742,27,0.0009002278658589713,51,0.3329973128551907,23,4.941617427922651e-06,27,0.3062949304010643,29,0.0012996278905578196,35,0.30129844857647536,44,0.00733835931233584,53,0.29895796214530934,61,0.002319587661735123,28,0.4410595078157397,28,0.0011364649306271346,27,0.3994935502516053,27,0.0012087422975290973,34,0.3830401387724738,24
"(94, 15)",0.3251492683178444,370,0.02924332149851029,304,0.21997740313850778,343,0.05141705714158642,288,0.366672497842522,544,0.07768886024712147,333,0.4912846110385468,578,0.046939415747463874,337,0.648129401155945,594,0.029218881015590035,408,0.7422744876757473,598,0.027993062274898325,411,0.5535777002109465,503,0.030291654323001432,338,0.3796331386396783,463,0.05937017135083013,294,0.3132863047894231,479,0.08727279709180277,295,0.5120594379094069,584,0.06797853168639005,374,0.5645788353649024,585,0.05256412839784795,371,0.7371120744911897,596,0.029905251342547755,400,0.19566284403098966,325,0.03205943861893053,279,0.19425982481433135,332,0.04909159615794513,283,0.3751708907591821,546,0.0737120022294898,339,0.49789061902112186,568,0.043973486516344015,338,0.6774452451132241,582,0.022937166663568327,401,0.7472431719052332,586,0.024999006459541506,393,0.7054444671043689,479,0.022609831374663655,323,0.4322576725074694,492,0.06328097456616778,287,0.37801550935367834,526,0.0844660933779545,322,0.551176330058732,591,0.07048933023998633,353,0.6481731309153822,596,0.04470448340470129,395,0.6644629508212689,590,0.040683852101727626,372
"(94, 183)",0.6602684480581407,500,0.011577160918883878,458,0.34872784956765734,416,0.03738437986708127,352,0.3504412514348473,532,0.08084049998177223,324,0.40732104688743553,553,0.05824533703563016,289,0.3266299266057012,454,0.07052131322656176,229,0.41775413675592943,440,0.07749073571537059,231,0.671540805054728,550,0.020787731736073047,424,0.48172562047336787,518,0.04581907675944598,356,0.3091701660114977,475,0.08815515505265135,293,0.3253242241632117,528,0.10913977944354648,259,0.3321132941983115,504,0.09625657404235598,244,0.4339368833030972,478,0.07770765472312703,240,0.6450496209658072,489,0.009667780313805916,478,0.31641422826259635,399,0.036117034567778636,351,0.34875205537817466,528,0.0786454539246756,329,0.39760271429257965,536,0.05689745844880805,284,0.2947663614865774,396,0.06635345720818783,206,0.35006709534570524,399,0.0836232433440432,203,0.9064846961698484,542,0.006522275182024859,423,0.5575468495909849,560,0.04518653899399815,372,0.3330244213087439,495,0.09430773253310659,288,0.35978065579386476,544,0.11604625700701772,237,0.3830338662668664,510,0.09398400177358184,242,0.3653615135240854,436,0.09452503509592887,216
"(62, 84)",0.021195717519322033,214,0.049987571756312375,216,0.01171296540142941,138,0.11284084376666524,131,0.028231304868064466,92,0.16813033676681746,131,0.08355328606646661,231,0.08359537034901997,212,0.19488980096680786,352,0.057254707926322104,283,0.29466721359925263,388,0.056000463081467285,304,0.1578472729467323,306,0.037499955023082156,299,0.037110854120710135,199,0.10683072915978153,180,0.03554425395777605,141,0.15074646288805832,155,0.10073066377770745,260,0.12563939248168132,216,0.13502788208755134,318,0.09697644427428617,241,0.3005469282791321,398,0.05540485518091381,301,0.00887608843205867,177,0.05240463247806702,203,0.010297126566279569,134,0.10781899548773304,133,0.03120504586167938,102,0.16005358032424866,139,0.084254981645287,233,0.07836224283531211,215,0.2418003349087281,365,0.04324359891316791,291,0.31613281691290507,382,0.04917184581474903,291,0.3362893875959232,384,0.024054107515926328,315,0.030009135859438874,183,0.13074216195081403,151,0.02910983696064795,116,0.18260316085467027,133,0.11098493341460869,282,0.1364629439766746,187,0.19879693050343983,380,0.08555372966841072,264,0.23175972357989993,364,0.07145685386209484,272
"(62, 15)",0.0018247962649536875,121,0.07379563600697325,156,0.018535976057409198,167,0.10318981258450823,150,0.009406550796508761,48,0.20986275079349587,98,0.0026931790704625147,29,0.1721610499118318,61,0.0009898046534128069,28,0.19348143646861865,47,7.105480759628247e-05,4,0.30913237013804284,38,5.2672068241665926e-05,7,0.14359750576004393,87,0.0045213340458452045,67,0.16013089546077236,97,0.008472383911146353,58,0.20273347498847982,104,0.0031340739402220263,33,0.2721361475919005,74,0.0008814411453950122,27,0.27528865335402103,53,3.455213571523785e-05,4,0.32484483669337083,35,0.007207508529336604,171,0.05423645338302478,194,0.023803524369282014,182,0.091275145768144,165,0.008598674784073279,45,0.2078170225879468,95,0.0027965394121955978,32,0.16109075327617872,69,0.0009985676516416353,35,0.16657771172336464,52,0.00020546731143911146,26,0.2660701347852271,39,1.1271585886873936e-09,18,0.21583663692306856,57,0.0034996967963356607,53,0.19254264447710404,82,0.0076322113364935,55,0.23777929268223943,98,0.0011335532362068967,26,0.3466908777753359,47,0.00043680894336439735,26,0.316341785919171,48,0.00039563262497832596,27,0.29250721202054847,42
"(62, 106)",0.31648803008545157,365,0.0167949239021998,404,0.328382406044639,409,0.032670104425456314,391,0.3178625690393073,504,0.0600662549935262,397,0.50535368624038,582,0.02489493235986228,473,0.5896586352235731,583,0.01943179705721961,473,0.7208699175351676,594,0.015615192046044743,485,0.32956010122654156,388,0.023296844059628598,398,0.2747550204815845,395,0.04574693619790536,358,0.2608279926929755,433,0.06625364804669501,367,0.41731237516785624,563,0.050949847695274025,429,0.537183818999059,578,0.032006770507989606,465,0.6962991624969017,592,0.01732436834228365,478,0.23833951139808862,342,0.018345039492206307,380,0.3241794275963924,403,0.030838385568162586,389,0.32716947917880934,509,0.057178047488031736,404,0.5199831936576349,579,0.022456900386373435,477,0.6420777257875091,569,0.01409931774575291,481,0.7287343205315692,579,0.01402879127396343,480,0.7706298936007552,507,0.0059694940697967444,430,0.2728985883037254,393,0.053340957016481214,328,0.3125796508404146,483,0.066626465579377,377,0.4901873209776616,581,0.04727828886066912,430,0.5730246129798333,586,0.030918195697192574,462,0.5995891429066593,558,0.026086688229879616,444
"(62, 249)",0.4591605817925122,419,0.011553648025420797,459,0.2668967740819883,370,0.03839556893231486,347,0.26040485532328406,458,0.06989113907080723,361,0.18591724222630446,376,0.05869042576818007,285,0.15939692125629945,336,0.06372373650776358,254,0.22600372153309012,360,0.06735870439152052,269,0.6601723029641782,544,0.00899178541572465,528,0.33252565036585113,433,0.039322649228039346,392,0.27491821009225414,449,0.06380924342498251,375,0.2304072328998935,453,0.08333969740605644,330,0.24101544239281458,435,0.07070596651016584,311,0.30886207913021857,403,0.0542130689321243,304,0.44415631934264765,416,0.0106748407631607,456,0.2537960233213449,365,0.03713168621964526,342,0.2529053346888184,449,0.06955085910193995,358,0.17853945188848197,364,0.05640900179166465,287,0.13613064543519804,308,0.059217574822440715,230,0.16568927723889515,319,0.07458508221929425,221,0.9617604207806891,561,0.0009023338743723631,533,0.4925250594179652,525,0.029868101072260626,456,0.3051838702354126,478,0.06792569923801173,372,0.2559090363948693,477,0.08778847234334959,305,0.22842402640929027,406,0.07868038025479403,286,0.23795361456415542,369,0.07025013669842868,275
"(62, 254)",0.3119786853089703,364,0.016993523877343313,402,0.15902998377333355,317,0.0522322640285207,283,0.140818058942775,328,0.09908778845441471,262,0.11275632517959222,280,0.07447332683651438,233,0.09275663863106554,266,0.08056898921182708,205,0.14938835315314347,315,0.08454529329732059,222,0.24352489429334978,351,0.029249389213455653,346,0.17753465954689818,331,0.06003567747352423,293,0.1550352671994949,337,0.08980381615551346,291,0.08386909287765942,205,0.13458242366458792,192,0.10609569745693226,268,0.10750901726882543,210,0.1558855999670472,319,0.08319999559820407,231,0.32900118491759556,369,0.014427059787782224,415,0.15268300235202592,315,0.04975867033743185,282,0.13840680342091005,327,0.09741217415318823,260,0.10991868407643035,278,0.070760055450388,235,0.07772082020045223,259,0.07401842174525196,186,0.10732324644372815,284,0.09084781100109136,186,0.69618124316824,477,0.008259200147408297,407,0.17223385035818217,324,0.07078373584898862,261,0.15082445960857893,331,0.10492790732133235,256,0.11740220001328971,293,0.13330263852688798,194,0.11113992891749147,282,0.11340054805406258,196,0.0900294021393746,267,0.11286233654038988,180
"(62, 121)",0.998900549835033,614,0.0,614,0.998900549835033,614,0.0,614,0.998900549835033,613,0.0,613,0.998900549835033,613,0.0,613,0.998900549835033,614,0.0,614,0.998900549835033,613,0.0,613,0.9964182853687408,612,7.915937540854033e-05,612,0.9794633064070641,612,0.0007780605066684697,610,0.948693918313072,611,0.0027518218899868587,606,0.9923028722017857,613,0.000468448239618754,613,0.9955491287314367,613,0.00023626251838716817,613,0.9961277392810722,613,0.00018872700061625143,613,0.998900549835033,614,0.0,614,0.998900549835033,614,0.0,614,0.998900549835033,613,0.0,613,0.998900549835033,613,0.0,613,0.998900549835033,614,0.0,614,0.998900549835033,613,0.0,613,0.998900549835033,576,0.0,585,0.9609476305441206,612,0.001731545051102501,608,0.9315546184719066,612,0.004266877550297169,604,0.9739869086362027,612,0.0018029055319267423,609,0.9743526404315874,612,0.0014777449310037797,609,0.9815039382320221,612,0.0009736013479579225,610
"(254, 62)",0.005186902924946057,155,0.03928374688034289,257,0.01772639192968639,164,0.07178413612593736,222,0.026989902966493284,88,0.11137542026763066,222,0.046900350996634366,156,0.061567877397016725,276,0.102082121289514,275,0.04168433431935217,340,0.1060900650788108,281,0.04177451543728804,344,0.01660430797080148,182,0.04421171055014566,264,0.019314287713387612,151,0.08024674338242542,234,0.021807699418764148,97,0.11076088440598708,228,0.06455536581000976,172,0.09358572327227237,304,0.0676146924201817,201,0.07120519072279204,309,0.0997692322605419,280,0.04346168236640549,341,0.0026761608467035236,140,0.04223001407679387,233,0.017184183314882695,164,0.0690777019735786,224,0.02887440782448225,93,0.10488857464595386,240,0.04689356670943745,174,0.058701228940057505,272,0.13090906156390258,305,0.03246137920440525,338,0.13493437946413323,300,0.03737164221538123,337,0.0008770914050029166,97,0.03202336855054831,287,0.02200478417520746,154,0.09261273511444834,216,0.02524989653460885,102,0.12345845061363396,219,0.05685041668383306,153,0.09949095016999819,273,0.09021768290386856,257,0.06303485476999221,326,0.10116007042176567,274,0.05841436679059515,308
"(254, 15)",0.5653995188070013,468,0.008223634488712132,507,0.4040104082483009,443,0.025318486626866143,440,0.3430549825296362,525,0.04772382228044654,448,0.26137382995254665,445,0.034726326558599405,424,0.15111433404084362,331,0.03657527037826843,370,0.14603319746942,313,0.037553676558837366,361,0.413298000208828,434,0.015142229008073056,472,0.3917356075476285,466,0.029425417423796337,461,0.3742050659999734,517,0.04294241632959569,448,0.21475641826091474,435,0.06269097138844122,393,0.2081134092930299,404,0.04895067201321861,385,0.15416174774748836,318,0.037593538163570736,363,0.6386407735182338,483,0.0068083167021343064,532,0.408430248075212,444,0.024025635331771572,436,0.3331187739753396,514,0.04641939857698682,450,0.261395156848522,425,0.033106944699386597,411,0.11927148698199874,297,0.033484564890470456,333,0.1155655979077106,288,0.03935260903724401,331,0.7394433082259992,491,0.0033898488793988775,462,0.3728993660819129,457,0.03605613737524678,428,0.3528344845691751,512,0.05125666533934247,424,0.23316120829115627,455,0.062154994187543944,382,0.16773860688463793,348,0.0512625613717619,366,0.15231878190878267,322,0.05096494520921287,334
"(16, 164)",0.2592012609096541,341,0.004074028665576116,571,0.23238020023521355,353,0.011527305949586649,554,0.14230811867394066,332,0.02890571070064009,522,0.13605126484996366,325,0.01590244091879421,534,0.08993555634120265,264,0.0147745570075948,513,0.08302138129806447,267,0.012429913788250688,510,0.40244479176104087,422,0.00503861418320118,576,0.16808834429111874,324,0.01701950703446015,529,0.11455984915483586,286,0.02785464987285171,518,0.14277473425112108,336,0.023843621742611707,543,0.11774716193866874,284,0.017758982005762994,531,0.10232183442824994,284,0.010140087155559467,529,0.2919230387891738,361,0.004166436953972927,565,0.2228413309874545,348,0.011410774972960006,542,0.1315772797759086,312,0.028195436147719827,522,0.12412085326671563,303,0.01489074899690428,530,0.07760182558234652,258,0.01234549480310708,496,0.07386014451763467,265,0.013029900982229383,484,0.1206254040197614,293,0.0008129134003354622,536,0.2214489510673311,357,0.0170217545242095,532,0.11097775931369602,279,0.031826201826014866,503,0.09168392509945644,240,0.03303503682879558,495,0.06318094257319573,210,0.03047983882287143,465,0.06365304006808725,243,0.01962286660461672,479
"(16, 170)",0.04759686153954745,251,0.00716765364836132,532,0.05715612185894292,249,0.018398112751893212,491,0.10915544321500659,273,0.031577548565239526,508,0.11456400190418303,284,0.016840252283696584,528,0.16816599912579921,339,0.011992568634267517,530,0.17917290222028404,328,0.0096184994673501,536,0.017922121925393997,193,0.014215104808212423,477,0.08998673786544065,264,0.020960421270663453,502,0.13605592194956995,319,0.02630284334306146,524,0.10876534176655006,278,0.0261071321441309,538,0.13254471926495248,315,0.01707185604610394,537,0.15080343113697214,313,0.008910335416850074,540,0.03814667581210962,236,0.008210482984721348,501,0.06103786830489133,255,0.017570357694570955,492,0.11864564559794477,292,0.02918469664903754,519,0.12588328828764195,308,0.014820929255710298,532,0.1885883506327668,340,0.009182498363587798,524,0.19554729665917547,332,0.00941876354654202,515,0.12947910360005288,301,0.0007939454209943015,539,0.06162824409104162,245,0.026071675034099365,478,0.14015627856404933,322,0.02944371536179165,514,0.1655431539979284,370,0.02712910414588718,518,0.2178560883906795,397,0.020175213186120283,514,0.21678301909836506,356,0.013042487071499706,528
"(164, 106)",0.5976523068879983,478,0.007221397404848359,527,0.4199802522560241,452,0.022351944089173344,469,0.2797688624472727,477,0.053651021754546065,421,0.3187080343039911,501,0.0323965130771742,437,0.27877506373104277,413,0.032695594253721164,386,0.40572253984378404,433,0.02806528598998002,410,0.6231130316091004,535,0.008729120215505402,532,0.3583171500342386,451,0.030371554107876203,452,0.3260666286335121,489,0.05033131090744629,425,0.34883734581122994,541,0.0524205389752872,425,0.3445230651020421,515,0.04336298788965684,407,0.4966738188816142,513,0.02367505942424509,434,0.5857612345753791,467,0.007207097938466401,522,0.4102687340073172,446,0.02203083125394524,456,0.2839877283610611,479,0.05351506228485915,419,0.33769892375282806,494,0.02987862626280826,432,0.27436908507248337,383,0.027852518411471815,367,0.32054297085466965,386,0.030162359796156068,367,0.9681514240281267,564,0.0006286530295927575,548,0.4014105049446912,476,0.027424838752494764,470,0.2951158078273195,464,0.05467580408918168,414,0.2637969902411309,478,0.06229620355628835,379,0.24675099933570688,417,0.05423460658370277,355,0.3222366421687224,415,0.03665746202011995,385
"(164, 16)",0.6925598559394349,512,0.005207686028974603,558,0.6121860440833089,545,0.012982416470649849,535,0.5903912381585205,592,0.02338493163411344,545,0.659455486183083,598,0.012412423406509521,561,0.7089282447612634,602,0.009400127263261412,555,0.7877190817766473,601,0.00777891895968111,548,0.6607556655911686,545,0.007678459414628412,542,0.6165646720022845,575,0.01486586576794383,544,0.6473211547322979,592,0.020494982335773897,546,0.6684993516271189,598,0.020981757287125705,555,0.7200588748893415,602,0.014074999496241967,557,0.8054960668369306,604,0.007571639228805351,558,0.633932361447334,480,0.006176514909272675,539,0.6131371030621338,540,0.01244218593870388,529,0.6155295628867619,593,0.021776833817086592,551,0.68372464272213,601,0.0109952015819802,563,0.7325462480170266,597,0.007180156019306238,548,0.7609617530606707,595,0.007695352981997046,537,0.9589829166186454,560,0.0008129134003354622,537,0.5447812269678423,557,0.01864398941252995,519,0.6108640722267283,591,0.02323524249431655,539,0.6466936589206363,599,0.021695526745750544,538,0.6767214749783004,600,0.01624007848675464,538,0.6920220427567426,596,0.01257282726632282,529
"(164, 182)",0.0017873557384991967,120,0.06060532264728309,189,0.006941589571910822,112,0.0974845074321513,164,0.018654453690511552,68,0.1398890575774004,168,0.03689450130507943,121,0.08079528588228298,221,0.0640997974412193,227,0.06363106908440656,255,0.10078385697191727,277,0.06487866946923004,275,0.006464192379054934,127,0.06857840556226544,191,0.01287908301012175,119,0.10310850280385056,186,0.01134328390782513,67,0.16080419162698617,142,0.021930877036838048,62,0.15783320250899305,161,0.028802903946004932,107,0.12208324097769359,178,0.0806695924794405,260,0.07516726824544413,246,0.001948402325410381,128,0.05780306455110464,186,0.007078372373956809,115,0.09346116648568688,158,0.018585609660315194,67,0.14114449326352907,164,0.03980590589546562,148,0.07675723338149394,220,0.09929671046954414,280,0.046402192449902305,274,0.12068440160751259,291,0.05242225163781323,284,0.005464999368973933,146,0.07152825009551733,196,0.010070770251218275,97,0.10802186443497758,189,0.01623129830731984,70,0.15205805476035472,163,0.03456435629584287,99,0.13715705763430552,186,0.06658170357382276,217,0.09606205808912392,237,0.1045649225308416,279,0.0676618655093152,285
"(164, 111)",0.0974357457903422,282,0.028823868274052852,309,0.0764782585732875,268,0.058939509882448095,258,0.06233278479756754,187,0.10554770912246825,245,0.023255784582414396,77,0.08935543141749991,189,0.013279985185728482,91,0.09029289083609045,179,0.0028971892916285213,68,0.1313919315489119,147,0.04217131530280782,233,0.04860385650084376,247,0.05819149937254742,235,0.07435614548824997,250,0.06779764397876364,220,0.10859360333145598,232,0.033712679316811434,91,0.14405688772437295,180,0.023333343571751097,90,0.1275661434299877,169,0.002615051912138955,49,0.1424316621181442,131,0.10689709704074035,292,0.026788910573767175,314,0.07754230702835718,269,0.056407660682373295,259,0.05791542591012688,179,0.10870627353934782,227,0.01851162826254249,74,0.0903529387917356,175,0.00710028338470714,100,0.08367423215821489,163,0.00367945221863053,105,0.11078511095554135,152,0.012621462604706979,168,0.0633042761954569,211,0.07214721326902496,258,0.0702395874562384,265,0.062483207619379755,209,0.11177678853214222,244,0.033414984845955065,93,0.1382280610859796,182,0.016507402070677912,84,0.132777505454268,164,0.0055623856215467615,78,0.12851709201732597,160
"(170, 69)",0.733808720445521,534,0.0017903388879744987,596,0.6833535190058645,572,0.005351373392395393,593,0.7867613215340223,610,0.006938076159138991,597,0.7833857295868993,609,0.004362294339879101,601,0.8851738542794136,613,0.002174314724404275,600,0.880214806135095,610,0.0021369722756524297,597,0.3969071500185708,420,0.0060197106844767255,565,0.8736936775040199,607,0.00235344418303458,603,0.8645924358770816,608,0.004234934207157852,601,0.8737419882566722,610,0.0037499478408472694,603,0.9098058500708035,611,0.0022427307715558063,605,0.8914242493462908,609,0.0017414605158904833,601,0.6854019028388625,506,0.002182086820372024,592,0.7048870014096156,575,0.00477497813043257,596,0.7821548421681654,610,0.006997896750533751,594,0.7943869754584922,608,0.003875558698695159,600,0.8882591023847056,611,0.0017760820622805275,601,0.8800626433584237,607,0.002205659817861106,594,0.5924459918769596,456,0.0001788409480738017,569,0.758421830327071,601,0.004511146333274674,600,0.8024476057950577,608,0.006443707827575844,595,0.8324495368956015,608,0.0056861631723977455,596,0.8730138675319349,610,0.0039977571099829474,597,0.8586071604728291,607,0.0033356130688840095,593
"(170, 16)",0.37502276320617245,389,0.005468007349458699,556,0.31669922268215767,397,0.015494022647476069,516,0.23368553237134826,428,0.03935527799696831,474,0.2739639192529759,456,0.02184211516359969,500,0.2877785361822631,423,0.020876847240841514,465,0.3345836602624228,403,0.01738892151937454,466,0.39652252525018106,419,0.006025707606856162,564,0.2833201113900339,401,0.020665438136824584,504,0.25796413769155313,429,0.03690927243868722,470,0.2917591130180873,508,0.032226089653907296,505,0.3384544607988875,510,0.02434511455457715,504,0.3814230336184572,440,0.013937736596531384,503,0.35488073043504964,378,0.005772220568290827,544,0.3101089435374671,394,0.015283246222045042,510,0.24115266685630332,434,0.037984478739592424,474,0.2765136670476265,436,0.020427904923530492,496,0.2944821359069688,395,0.01724763784265591,446,0.3219665411713091,389,0.018514244313127266,441,0.07431678135979625,257,0.0007939454209943015,540,0.2953463543348389,405,0.01889504242375466,516,0.22096006815168368,398,0.041193743475578394,462,0.20591515006517636,421,0.045398812051324636,437,0.2001148259966823,383,0.04369748625006208,402,0.23823134559652248,370,0.029261177132024113,426
"(170, 190)",0.2522254987697111,340,0.007515728446234411,524,0.17059824105871713,319,0.02304671442009019,457,0.13713812983290463,323,0.05226382987730949,424,0.11200036266854685,278,0.035197811146453914,416,0.11824992442276738,292,0.03411144015846692,379,0.0912671918451673,273,0.035456533537825574,371,0.3699017542296773,409,0.006453887864747811,558,0.23470467319437816,364,0.023509135978915314,489,0.1154166330336105,288,0.05632968101991706,405,0.16078086122941082,373,0.0463015814655108,440,0.17731948838927003,370,0.03753551494146332,434,0.12577285670089222,300,0.02823752090853068,409,0.2423236010260421,343,0.007735988444532653,512,0.1637829704199657,319,0.02281566635700566,447,0.13456456123681115,317,0.05190946678959771,428,0.10299693527991505,267,0.034254747460869976,403,0.09847436571154167,279,0.030832549779708097,346,0.08265860855500262,269,0.037860005563826564,334,0.05091808508778295,239,0.000891495029034557,534,0.31638764522545015,418,0.0178956352211759,524,0.19673891182819203,378,0.04408464998405257,447,0.1809923421578814,392,0.04876496496118234,422,0.19037335082107754,371,0.044931939516828515,393,0.12455641155972963,298,0.041033525825289976,369
"(170, 243)",0.08486423215500172,277,0.012696122723867938,440,0.1580195219137075,315,0.023946195721977145,448,0.11348231154988353,277,0.05666859920197659,407,0.03204339651558652,101,0.05178927490888879,315,0.014050662770450972,95,0.06096533620583627,268,0.0044481160199026926,88,0.06863642688039222,262,0.0582636702958631,249,0.016708625133581446,460,0.10796392261710608,282,0.03463049113369837,422,0.12750767477160152,308,0.054017118085778165,410,0.02779810444857045,72,0.08273347027243218,337,0.014460581666384087,60,0.08059221794587625,285,0.0037179631249590894,59,0.06353112069724448,283,0.0808025133571495,274,0.01294587233854873,430,0.16421434400095491,320,0.022785713540714393,448,0.11476886707384004,285,0.05555355374070742,408,0.029267518706739604,115,0.04980962859276059,307,0.008281125322973426,110,0.05607488065687396,238,0.003818132160140264,107,0.07218988545242776,225,0.9991003599160128,580,0.0,586,0.12398275260335168,292,0.03086570645896935,453,0.10321395292268976,272,0.05948458708730286,398,0.03626514084874788,108,0.08690342770826145,311,0.03237483965591503,141,0.08460143714833376,267,0.01045110340059141,115,0.07895769804988335,253
"(170, 68)",0.0027175220584122473,133,0.025490495752563746,337,0.003035331724221324,73,0.06135198191394159,253,0.008443355112205841,46,0.10862055786375273,233,0.03753238047559948,123,0.049818080978843264,329,0.059834200257030346,220,0.04339980489295229,334,0.15741470983644956,319,0.028191677491372982,409,0.006422943083981503,126,0.02648360861206029,371,0.0024828229549173075,51,0.07688786372912315,243,0.006726902988735239,53,0.11259216117966311,225,0.02218587170903885,64,0.08692037403426837,318,0.028762992723535774,106,0.06994680315151028,314,0.1105368494080482,287,0.029790254423804906,403,0.0038663576472177663,149,0.02445135420227213,333,0.0029821140179457917,78,0.05962758843368434,250,0.008233664792488216,41,0.10740002635676223,233,0.043623510303844926,168,0.045108901904389744,329,0.10699315162621825,285,0.029860486687089613,353,0.19881461899997643,334,0.025709770018311713,386,0.00853709981399664,158,0.0013006614405367395,518,0.0014584678664533168,39,0.07692792796580393,249,0.006045323895204957,44,0.11552826991244404,232,0.024565796261020068,65,0.0951631813476346,283,0.025062854705755977,115,0.08971488088425723,254,0.09329355673147788,269,0.046012948212293084,352
"(17, 235)",0.0004047677414764639,74,0.19849584661531902,28,0.004156923116088174,90,0.10648067133560087,145,0.05274268254511294,160,0.0914467084768525,282,0.28174915438928494,468,0.03273905239486258,431,0.41843386927645054,502,0.02125285233137197,462,0.5163026786024958,503,0.013845179969814733,498,0.000579612878601754,50,0.18483714157894165,62,0.012020209862648734,112,0.10902856124148241,174,0.031138225834612232,126,0.09329484750738144,278,0.12114871184991227,301,0.06703454943546083,380,0.23814564158565976,431,0.03736373345154855,436,0.4496721264109116,487,0.014958953252927194,494,0.00022859397162666717,66,0.18688469157854887,30,0.0036082277793587636,88,0.0982955153769825,148,0.05221364210915547,161,0.09131156641059955,279,0.3370792589450812,493,0.02774574578181781,448,0.5434097893798407,526,0.013788913099418524,484,0.5625123302083268,487,0.01211813654608652,489,0.002111654713239819,120,0.13300347114021943,115,0.019988869758122085,147,0.10679122419574447,190,0.03262344540815054,125,0.08993481787149474,298,0.11070162805518091,281,0.05790479107477235,394,0.16598076948367724,347,0.04467065290701148,396,0.3734725606861087,443,0.020867293679647445,469
"(17, 57)",0.7940942495944152,554,0.01585608765606683,409,0.5910346335551696,536,0.02040126675564493,480,0.24411755042447403,442,0.05487263494721592,416,0.04085946001091467,139,0.06231454636143753,270,0.01601153649366982,112,0.06306888671604063,259,0.007734817638552549,108,0.056162966440401085,303,0.7701446822591487,581,0.016812971582983612,458,0.4581868691112382,506,0.03239639992158963,435,0.32197649739681866,486,0.042823374805864185,449,0.12893205628546078,310,0.06565754780337142,384,0.054940549009275474,173,0.06092097043947851,343,0.01279266467304363,120,0.049001892772251074,321,0.8275547726684142,561,0.012171097365103516,439,0.606831045711672,538,0.01780775159273655,490,0.24559477023563647,441,0.054498023368822576,413,0.02810863786459583,109,0.0635078113650773,261,0.006225879890591424,93,0.061165370093331756,220,0.005314679180171478,126,0.05732193462198078,265,0.6623835470871021,469,0.01957495468007793,331,0.3867968079043522,468,0.03977748775215662,404,0.3150861696927225,485,0.04223067480622416,453,0.14047942099899313,334,0.05348454006020293,412,0.09138937034922945,259,0.0545016515761053,354,0.021918062973741215,165,0.0536971996962638,322
"(57, 56)",0.825189704219889,565,0.008783325327752941,502,0.6114976993838122,544,0.012545457266117195,538,0.29445831924510113,489,0.031268970107637906,510,0.060929547045833976,188,0.035229668213200845,415,0.02230159473902016,137,0.03671960691040633,368,0.00918287423194919,122,0.034988141503251656,374,0.8043200660080521,591,0.009202877083480757,526,0.5070164560036202,527,0.0176963441354067,524,0.3900057386573449,526,0.022937680268974112,537,0.170210711795153,392,0.03590517977783744,494,0.06469994628095632,196,0.03532099461986419,442,0.014598967348314451,129,0.029993287261202567,395,0.8389746748002884,567,0.007592280183329106,513,0.6188588031386358,543,0.01135283053668226,543,0.2989994747860101,492,0.030591482532597598,512,0.04375810018728288,169,0.036671974468497216,376,0.008548522953690574,112,0.03704333336920884,314,0.0069712621347819415,138,0.03518356042101659,347,0.8078008392780174,514,0.006573759697379438,422,0.4789179775762692,519,0.019260210440081516,514,0.3743353805754661,522,0.022605437862113248,542,0.19151527959142634,405,0.028606830356832102,514,0.12843551558458333,307,0.028950988246421342,478,0.028811341388979672,186,0.030874132886299473,416
"(57, 17)",0.00023878253842402053,63,0.13279326456371826,66,0.003457600856900722,82,0.07041953487173454,227,0.03749939543926861,122,0.062150805961303034,386,0.22309841119463059,413,0.022856990289966055,492,0.3709532764093991,483,0.014384792208747695,517,0.49414858522034033,489,0.009267470969783934,538,0.00034320929140418954,41,0.12224006639792458,111,0.008316573912977798,93,0.06964812402435556,260,0.01954816538155546,92,0.06221156964142475,381,0.08860045478447542,216,0.04463485050202693,445,0.21443462432452542,408,0.023690229109154293,506,0.4313897812367967,476,0.009701558235760188,533,0.00018368886585817812,62,0.12596819306157403,69,0.0032300828047191477,83,0.0654480624851406,233,0.03636736439563393,115,0.0617428572796445,386,0.2716109750185276,431,0.019954369420755156,499,0.5034647821601086,505,0.009521032666603394,520,0.5294143031358385,469,0.008308291018699959,530,0.0003238836282899449,74,0.08914950290345569,165,0.010305473354802808,98,0.06924558570126975,269,0.02178811941858949,92,0.05833017779912162,405,0.07600199171390631,201,0.03892804189343864,462,0.12162630154636533,296,0.029481479242110472,471,0.33344111243081653,419,0.013649273827093198,519
"(18, 96)",0.6160321107118147,483,0.014008226153727297,427,0.44047998475270256,467,0.036303983945672,367,0.21333233787981232,412,0.09876509817710569,263,0.07192123460289679,212,0.08570339796575943,204,0.03668132360635146,173,0.08891607757330416,181,0.012387632337544696,143,0.13329152146690612,140,0.40765822898622184,429,0.03116600560592304,335,0.34564440158555554,441,0.05073218892970979,337,0.25560340119098024,424,0.07525664328503406,338,0.1215047867657959,303,0.11195834196091646,253,0.09196380704662355,248,0.10519576037237793,216,0.017475612869196855,150,0.12945681838189982,153,0.5928410962984935,470,0.014196244473112588,418,0.4510831977389922,473,0.03355259210869877,366,0.21691458172879474,413,0.09978755844914393,256,0.058088602271361145,202,0.09032365954542844,176,0.019724162189636463,163,0.08887748482710779,144,0.007486705811035388,144,0.12156273214454942,135,0.17126797774346258,326,0.0452765666873508,263,0.34174955664077444,435,0.05424967282026827,326,0.2380435562389136,421,0.09372424937584603,291,0.09365142573444318,246,0.13064253246075225,199,0.04716699387240264,178,0.13104639168950225,173,0.016352009178371096,143,0.13824282097562396,148
"(18, 41)",0.003316017356582268,143,0.07993040183534929,141,0.013674729617078718,146,0.11551102301034445,125,0.06519793982743616,190,0.14662604030570905,157,0.1993148566272278,386,0.06101508143879863,280,0.29772602312301144,431,0.04424420168699641,327,0.45407937333099935,463,0.04012558429516558,348,0.01727780207450791,187,0.08938892560338034,148,0.026518428286917417,172,0.11939262934972648,150,0.048774211660915334,177,0.13071847319645694,179,0.12856160760963087,308,0.10987118854372434,258,0.16512891634042548,360,0.08654915670904952,267,0.40603929447715115,453,0.04536766000528215,333,0.004091028380925121,153,0.07456621054914198,146,0.012661751132541532,146,0.1104028716192876,125,0.0635949491182366,189,0.15020985878974083,148,0.23002563316591307,396,0.05709171498680745,280,0.3887163908002933,445,0.032903870934286185,337,0.5204408616900312,461,0.029564706997276168,369,0.0879194702674585,268,0.05654625612733476,225,0.027230606373178756,175,0.12607065400510634,159,0.0549789633665545,186,0.15275845778509123,161,0.1626632570346458,365,0.10868248675664953,251,0.26053815763605603,429,0.07413341740571909,298,0.41546360882451205,466,0.04702425947161557,345
"(96, 18)",0.008260055281592127,177,0.08452843212667403,131,0.04150601338843618,223,0.10736175982436007,143,0.17657200277122187,372,0.12977864434803982,187,0.4255021878549524,560,0.05093580892070685,321,0.5257914469791312,566,0.03825900937962812,358,0.6742639266911813,578,0.034724737365894896,377,0.04678147776764896,237,0.09460504868901279,142,0.06837240360787145,243,0.11502944732398175,157,0.125694831089725,305,0.1171520062123462,209,0.296752013963688,513,0.09695303944176717,297,0.3660219218913928,527,0.07542567553952487,301,0.6358891160082845,577,0.0395506866801655,358,0.011008864638561988,186,0.07873816060776466,135,0.040462301709480286,225,0.10254391229958024,140,0.17479630196878015,371,0.1333783195724661,175,0.4654541719881754,561,0.04752415819351555,316,0.6164746469713823,559,0.028199613914346906,364,0.7302099915878001,580,0.025014291697364518,392,0.2143219845783254,341,0.05629967239589966,226,0.07642593995529134,262,0.12068502636957527,166,0.12303478972990523,298,0.13857320369645368,183,0.3512183880148887,540,0.09523478046418105,280,0.4896867416565037,573,0.06448236819242212,323,0.655227316392659,587,0.039922797526915445,375
"(96, 85)",0.5078944272697568,436,0.021416047213890073,368,0.2794254733523003,376,0.05685883588664374,266,0.08459623935631044,232,0.16585433544501035,135,0.01522656416916024,56,0.15456927425354341,81,0.007175711692032127,58,0.16009701436794363,70,0.0018660301136343982,49,0.24732958124052726,53,0.2617479828628094,361,0.05328985164813417,229,0.20652016323794364,351,0.07957594946988017,237,0.12430773428780906,300,0.11758614510265732,207,0.03692328263962774,101,0.194204468602552,123,0.0230704364977683,88,0.18952636669554881,99,0.0027484253248273305,51,0.24280251342547757,63,0.47008026232420586,424,0.022527280679508523,349,0.2831951409908401,376,0.05360823124786553,266,0.08569183327693264,235,0.16915422258764445,127,0.011393170972049171,57,0.16367858819978806,66,0.00330244692021342,68,0.16116458735505887,54,0.0009851442668967758,54,0.22637972199209447,50,0.06475063995708852,249,0.0839035017599575,173,0.19073275092442454,337,0.08897306705698003,220,0.12698602624493027,305,0.13712077431647224,185,0.025529916607847425,68,0.22819433989095056,100,0.009500449917841047,45,0.23997483586810137,73,0.0022710781331815033,43,0.2637996849508314,55
"(41, 34)",0.008123134479023797,176,0.06742910022874687,171,0.02293678520068365,182,0.1086880167393304,138,0.08161431974581923,225,0.14018070185135315,167,0.22184263793071257,410,0.059641283360416894,284,0.29938290421282154,433,0.045988314918725064,318,0.35845292700585507,413,0.059410909392163085,294,0.02698412670175343,212,0.0785356954810791,172,0.04103608425812155,208,0.10997469792556226,170,0.06021579246419795,209,0.12964581946648918,181,0.1384854165803424,326,0.11490051182890855,243,0.18318347822087755,371,0.08766145445019848,262,0.3246776986802242,407,0.06410115327053437,281,0.009594907944917241,180,0.06286813756298722,172,0.0211328178322594,178,0.10373863743034077,137,0.08130652974469932,231,0.14261855692443295,161,0.2548588140979071,421,0.05526514046718416,289,0.3886889680062996,444,0.03447595183420038,327,0.40121651563320626,420,0.04771745543588913,295,0.13051424914753873,302,0.0465230339011985,257,0.04412982868526072,213,0.11589820220818542,177,0.06922442725736055,216,0.14947856250511002,167,0.17794933380750866,386,0.11144601376890789,248,0.28263739556958134,448,0.07436807149607819,296,0.2817474868557025,397,0.07811265321794099,256
"(41, 18)",0.5100423711523989,438,0.016964972506709572,403,0.36686807497284946,426,0.04313758946492917,325,0.18154652937716564,378,0.1073860088363511,236,0.06146068403242455,190,0.09148773108509417,185,0.03627335897114892,171,0.09293812455737266,168,0.02429874639880103,187,0.14570762778021473,122,0.34308644549288014,392,0.03364873147100908,324,0.2811106793588689,399,0.05790583126133807,299,0.22480502657840162,392,0.08357184305292442,308,0.11241974715121139,285,0.12317118200906822,222,0.08066030878064112,234,0.11522608660608137,193,0.030574131607179367,198,0.14089598556210933,133,0.48838396791464833,433,0.016963823007288322,392,0.378760359305371,428,0.039640412874611904,329,0.18207218461946162,376,0.10901091336260127,225,0.04902166108300432,178,0.09573891245617966,159,0.019727921082734134,164,0.09311576796898009,132,0.01807704196974802,186,0.1340996842069866,116,0.1196432988682099,292,0.04789143812509653,251,0.2703609312170263,391,0.06333923327929887,286,0.20475222402871962,387,0.10413318707653173,259,0.08375788977879428,221,0.14326983220945924,171,0.04061502671466766,161,0.14198228001718877,152,0.04085992029971808,211,0.1486764678154477,137
"(19, 138)",0.007297094323376552,171,0.4533038134554212,8,0.030333462190369476,195,0.47541920026801543,8,0.02408038413795799,80,0.7217532524804463,6,0.04144669873091189,140,0.4411824493654679,9,0.06902450189903597,239,0.35324007433612226,12,0.11864654082096537,290,0.39401753974163023,20,0.0030026886282428222,90,0.6912868315980238,8,0.007293644558548529,84,0.7147014532735008,7,0.020228488203673622,94,0.7614499598928199,7,0.0551528996356585,146,0.6655728334662571,13,0.0681473543844171,203,0.5265520785056522,13,0.09235843979639746,277,0.48023758693546953,13,0.00964775013019925,181,0.4161824323082634,8,0.03944378465996823,218,0.4362579554368062,8,0.029868358022769437,98,0.7143798815759933,6,0.04599375902981084,172,0.43209748637670453,10,0.07304946966731163,254,0.3103268617185214,13,0.05502729001489759,249,0.5032756264654722,11,0.0037596753468351896,134,0.8566698189641857,4,0.008279461110913156,79,0.7735165499790689,7,0.018689928115395604,78,0.8848679740298372,4,0.06438457583976043,173,0.6557782973133427,14,0.09251702317258004,263,0.4876939765158762,16,0.13514438190714295,312,0.42107401255740046,20
"(19, 35)",0.5236806782197445,444,0.10908135125239748,97,0.32584490922802467,408,0.21546681791031871,41,0.35977193430683396,539,0.29304487205871455,49,0.2796371056494661,466,0.23348013878758678,38,0.2051648508539422,360,0.24568015361450699,32,0.13157632063629743,301,0.3806635872457167,24,0.6266330160483248,537,0.11654418952193733,118,0.5237402653046741,537,0.17194948347735636,88,0.38507911571094544,523,0.2851757035823392,54,0.23758228266153136,462,0.4090537266828904,31,0.2069912913174996,402,0.36358585044431463,29,0.164547438362856,322,0.39614237608944447,24,0.48765989187096825,432,0.11256069009368602,84,0.2869702122494958,380,0.22514239399488825,35,0.3281262317801735,510,0.3213557051681176,43,0.26425261873918593,427,0.24125423282180988,32,0.19710860670045216,347,0.22290673771321054,25,0.2379152381132954,355,0.30892841311717967,28,0.6022911485880136,457,0.15773500648975863,95,0.507592408937516,540,0.1961696998234821,80,0.39644882717671326,539,0.3196578014990857,55,0.2151375821217385,434,0.43864403206447106,29,0.16431462172632816,341,0.4027132059147227,26,0.11537640740062904,288,0.44386622580352103,18
"(35, 19)",0.1439562257403817,306,0.24494430803234032,22,0.31516800958718116,395,0.2392256563324689,33,0.24127822993197356,437,0.36249713353662194,33,0.2794658496190894,465,0.22612752778239623,41,0.34993524375923846,469,0.17905283784155673,58,0.459100518886847,470,0.20248396474208166,78,0.06816499739338067,263,0.37849695536250794,14,0.13715653894737,299,0.3546324249539867,24,0.21012890274248597,383,0.38092818254740335,35,0.33316477456282434,534,0.33316196263278935,50,0.36223815215826427,523,0.26384780462248375,58,0.4263975490576247,471,0.24596685447662645,61,0.16845652677469236,314,0.22635006744364689,23,0.3524782974903231,416,0.21949245487666172,38,0.274755088871834,474,0.35934648332506436,32,0.29773358091490854,466,0.22244597697525115,38,0.3547698686606954,426,0.15878090470846423,56,0.3000836403522109,373,0.2628778128658904,40,0.08761535962626099,267,0.444514595860103,13,0.1459840312360534,308,0.3956253111886159,24,0.21639452462602504,394,0.4445636586821652,30,0.3565456685701849,541,0.33575112942634194,50,0.40612917944461613,528,0.25458529208315966,66,0.4939047929290785,509,0.21246792514925408,79
"(35, 36)",0.10778550473746762,291,0.26974747152420653,15,0.032605404943632954,203,0.5095951253433845,7,0.05377567044796494,168,0.5978818158619206,12,0.04149469036432585,141,0.4270370015279256,10,0.025754333094405224,147,0.4272614080618413,8,0.011939777092066395,139,0.6834307114354569,8,0.2069542933370936,330,0.2613914539058555,27,0.1135838680960175,287,0.37764035399486856,18,0.06666966535085317,219,0.5585074155615859,16,0.028865399565353833,75,0.7529207157259256,9,0.023677025246105377,92,0.655001813528926,7,0.015129609238330732,133,0.748523747689057,7,0.08974438400301854,277,0.27921633055105316,14,0.025311362609396593,189,0.5280704689924612,7,0.042837298934706114,131,0.6676588668960831,10,0.036679452338294394,138,0.44705355061537094,9,0.024918366178379947,180,0.38483449488431615,8,0.03610218458939052,222,0.5325048224925332,10,0.17174330761511825,327,0.35518354229723903,21,0.10612980728634436,276,0.43998721911942856,17,0.06382492225920688,210,0.6678607933640859,11,0.024617782865306692,66,0.8184137016842697,6,0.017464577001616854,87,0.7266668538141007,8,0.009199991788867212,109,0.8015155956194795,7
"(20, 137)",0.0014722891261151894,111,0.5328533903912881,6,0.0021236574549825527,66,0.6752121200533204,5,0.033952904821520136,109,0.7864742912044556,4,0.19664517675646564,384,0.2864848366430297,23,0.22287057470302551,376,0.2577931898991386,28,0.37881876620681854,423,0.24436256729816389,54,0.004677666689355875,101,0.7363249180520556,6,0.0051706520743523,70,0.873880546561067,5,0.03173564732148515,129,0.8149968852934651,4,0.09731951376171488,252,0.6626597939929977,15,0.1268576027979893,305,0.5209759808168941,15,0.3283867645042887,411,0.2882026366757637,45,0.0013692783487584403,117,0.5012275846353449,6,0.0021610105353655484,68,0.6247582491259528,5,0.03430957760969888,110,0.7942328078191393,4,0.2400040760660438,406,0.24731222149524607,31,0.3467900904157921,424,0.15955385875292183,55,0.47138886128837476,446,0.15239840666680932,94,0.015430736445824156,177,0.8107971157832556,5,0.007306523036149315,75,0.923069069007746,2,0.027903535419905534,112,0.8452614386836218,5,0.11847194527204752,296,0.5760099204553705,16,0.21247097284991023,392,0.40443568210561015,25,0.38883841212600767,451,0.23654227538176997,65
"(20, 145)",0.6960667956553075,515,0.06839984683029401,169,0.6618306262406376,564,0.09959084823497577,160,0.3091742234332089,499,0.3766249466396817,32,0.07328902539038107,214,0.3980916706816684,13,0.06102553574086289,222,0.3969951043519431,10,0.021124291177366472,179,0.6396137518201969,9,0.5775077318661168,521,0.1478745108010569,83,0.5657708175337228,557,0.1827063588316855,78,0.3191671207899134,483,0.3775713395798133,36,0.15748672159622923,361,0.5644289537228251,20,0.12316062047785448,296,0.5261374856428961,14,0.02981568290786374,193,0.6412266704815563,9,0.7024897487813621,511,0.06261122688630875,174,0.6601250719358831,563,0.0927660115409271,160,0.3076269025521554,498,0.38230634772128663,30,0.054246245501912815,192,0.40600235810545254,11,0.026312331549024348,182,0.3768857877233372,9,0.010902194461993808,157,0.5348954336880528,9,0.42363310479250726,415,0.26876813813024497,40,0.5235179367700853,546,0.2222425760681615,67,0.3381575951486555,499,0.36799147015152983,42,0.13176356150739776,319,0.5559512290684459,20,0.06559006624243557,215,0.5984161568698584,10,0.01970744443156458,157,0.6391778553687771,9
"(145, 27)",0.8435172963185676,576,0.015468124913926014,414,0.8534355032297914,607,0.016707844399710535,506,0.7493567829779907,608,0.05297694716652299,423,0.6116869762939424,596,0.06781550328704249,256,0.604228449426389,587,0.06390710568186095,251,0.6624876046677418,572,0.06995610285081873,255,0.8928922019200614,604,0.014566524459647309,476,0.8441175058224704,606,0.025038440343721446,479,0.7955377292030621,606,0.04335052822009456,446,0.7104518903041043,603,0.07488479716191225,359,0.6826648421783761,598,0.06957150341547948,316,0.706079374516337,594,0.06029139889074743,287,0.8518459294801274,574,0.013678012636035856,422,0.8590440860803723,607,0.014959470541182315,514,0.7476862365509028,608,0.05409234089120629,417,0.6043184507658265,595,0.06836506940870561,242,0.5782784783256395,542,0.0613299897363444,219,0.5892909611083365,505,0.07474710574021821,220,0.9253995559565049,547,0.012182862159694127,382,0.8217642459164571,607,0.03238343602682783,443,0.8062650950770969,609,0.041207416682037395,461,0.7080029351553062,603,0.07124211539589836,349,0.6719814738970586,599,0.07390452169794548,300,0.6291404382701603,578,0.08009413765146099,249
"(145, 215)",0.2195227619941461,329,0.12543162954428652,71,0.30515780952798155,388,0.11640260683314829,122,0.5558857851720334,587,0.10555852818424392,244,0.7745436732851357,607,0.03584193069601319,409,0.8000954288334379,608,0.028858601305992895,410,0.8871401444025435,611,0.020771752880186165,448,0.3657816956193316,407,0.12143048187670087,113,0.4628658072534073,510,0.10908634923056992,173,0.5929456063964746,582,0.09701414844776682,265,0.7275753296573547,604,0.06978540346777667,371,0.7701514675533461,606,0.04800461442360006,389,0.8921692110915134,610,0.0200974997799102,451,0.22220796746476545,336,0.11678409579570638,76,0.3087105233397882,393,0.10769116114677567,134,0.5552068090182589,585,0.10718408232985714,235,0.8031844272671705,609,0.030355258608943007,426,0.8457440165980044,609,0.019272483912282434,433,0.8800656486423358,608,0.018578442311983932,438,0.6694692253327301,471,0.06162154545676249,215,0.47562985665624957,516,0.11794566564183384,173,0.5819986006301037,587,0.10121688747034799,262,0.7284640519412033,604,0.06549628629304524,369,0.7782619431015388,603,0.04709421217768353,382,0.8586437696148517,608,0.02692830488806155,438
"(145, 218)",0.26835662723256815,348,0.1103350923216967,93,0.15880536464899875,316,0.17252136579834576,64,0.00814212903326117,43,0.6520632068404694,11,0.0001628302882015209,23,0.7124317196869391,2,0.00012779279056163162,24,0.664596158177114,2,7.402123409550043e-06,2,0.9981179349540474,2,0.09901822060040133,282,0.2552625992340731,28,0.06891526064855058,245,0.33246261060451143,29,0.006570358894650297,51,0.6906944942228594,9,0.0008388115245194783,28,1.0,1,0.0005993957861537558,26,0.8566410421746229,2,1.0927537809513055e-05,3,1.0,1,0.26989525339794096,351,0.10306308094340247,97,0.15197798327457734,314,0.1644046793074089,66,0.0083323133645542,42,0.6585771228847502,11,8.430229474498674e-05,3,0.7269451273140457,2,2.768730584923329e-05,3,0.6329343977269279,2,5.706354143431014e-06,3,0.8441891639892024,2,0.028090395683726288,206,0.4421002430611067,14,0.050324024955649804,226,0.40700918385548956,20,0.007651114048958796,56,0.6821305980967455,10,0.0005750565476936309,25,0.9703221661914938,2,0.00013639255763064906,24,0.9632751952631544,2,1.2905884078540097e-05,2,1.0,1
"(145, 20)",0.001374671871309019,107,0.3927988404784538,10,0.0019312301426885892,63,0.44070790924217035,9,0.03438340431615772,111,0.5012958178446312,20,0.24095829608055042,428,0.18398366248256964,54,0.25566730943377847,397,0.16292084348696848,68,0.4393259276415309,457,0.1357614663113543,134,0.0027722690548733775,88,0.5160891430517858,10,0.003494652459746894,57,0.5802405113443866,9,0.033775145698289544,136,0.5173830491696961,19,0.10896204890195249,279,0.4264611058055302,30,0.12526456291552046,300,0.3365859310456002,37,0.3746474944996324,433,0.1626683686944273,112,0.0012918469155003276,114,0.3704482889160869,10,0.0020152651391780463,65,0.4096690365346803,10,0.03392048915463075,109,0.5095911148986009,18,0.29128443168119744,458,0.15909413390300234,71,0.39460268714086366,450,0.1013697430563777,118,0.5273878758006125,465,0.0897296958543378,187,0.00480297936387275,141,0.5901642897982078,10,0.0055313036569779594,64,0.6137026895705492,9,0.030081034129596285,119,0.5356562343821984,21,0.13095423090228275,318,0.37306023574009123,43,0.2286779340616123,409,0.2544111010099483,67,0.42641235606929784,478,0.143345657618002,141
"(21, 142)",0.3812527534091563,391,0.02446978425240755,345,0.18255846668009246,329,0.07067298160178333,226,0.1586490373021432,351,0.13101648613337316,183,0.13441235593254075,323,0.0952077262792281,176,0.11479180420636115,288,0.07574466698978582,215,0.059641284542613526,238,0.090913194529266,214,0.4728432606647359,463,0.01782765084958399,451,0.33405440625971317,435,0.04274347156245503,371,0.19715394794964836,370,0.10409349239670268,250,0.10004005489772472,259,0.14561969403637837,179,0.0737478823091301,217,0.1152497632337236,192,0.040430853720873294,211,0.0918913416674003,210,0.3588275623065301,381,0.024868144913793418,326,0.17607440110044104,324,0.06947216986670017,221,0.15657048469079005,350,0.12703178257636596,187,0.12486342109288284,305,0.0946913348070554,164,0.1320666757193737,307,0.06108391639181139,221,0.06840252957482096,260,0.08020469990492582,210,0.3199619142778124,377,0.012394219643781347,381,0.3084311611128232,414,0.05093853585643612,335,0.20170648533204005,385,0.11065558560250427,245,0.09220472901700028,242,0.14162504139323928,174,0.07462372908629411,230,0.10781347735048179,213,0.039080101277182866,206,0.10164363790943107,199
"(21, 222)",0.020771764054295483,212,0.06454709128712938,175,0.081023009287287,272,0.09265125023328737,172,0.09648074129123563,252,0.15464108350551714,147,0.11603763774577502,288,0.0999890168969882,161,0.13579613080807806,315,0.07161872016740792,226,0.2261948905331026,361,0.058297283432410814,297,0.010784679373899708,151,0.06286333853466401,207,0.028691714164485016,176,0.09687759786282643,197,0.07302608013818024,231,0.1449437219463076,158,0.15380038828210973,353,0.12617082535855972,212,0.19576233074623417,388,0.08323644387127975,278,0.28331025311402036,392,0.04802029227924993,324,0.02423653724559105,222,0.06106351464096825,177,0.08490156607408106,272,0.08859401212892941,170,0.0979870572861431,256,0.14851128389433008,151,0.12513667846656473,306,0.09462235965950488,165,0.11819001467090728,295,0.0633866345483062,216,0.20645722892314589,339,0.05549840574969506,274,0.0315655088318354,212,0.0268234324997358,302,0.03412372906890315,195,0.10610773537571165,191,0.07072060086897147,219,0.15692711148490743,155,0.16477356615276473,368,0.11670655997072392,234,0.19409457512742923,374,0.078396060114635,287,0.2883421234261999,400,0.05221108637112381,330
"(142, 21)",0.0015466260149541444,114,0.06023499457523958,191,0.007495885940763003,117,0.08607327364224669,189,0.017537123065378357,62,0.1329622708740273,179,0.030576476585347012,95,0.0810865504925406,220,0.039297682582457694,179,0.05738051097378861,281,0.07646837677355256,259,0.04739734407908921,327,0.0010512737370313996,65,0.05916923434893212,220,0.003153098412458144,56,0.08699585172886178,217,0.01261715726316992,73,0.12486538494359395,189,0.038758482898656466,104,0.10639916041478534,268,0.05608855874654872,177,0.06954379672355775,317,0.0980646998687329,279,0.0406984549696276,355,0.0018770781256129965,124,0.05659606217311883,189,0.008173432316577856,127,0.08168837250392084,187,0.017659802428822147,64,0.12705420850214724,186,0.03377071130085818,130,0.07676933922371708,219,0.03494743267850697,198,0.04979805352559994,260,0.06834041732645746,259,0.044600031181885165,305,0.0033537111647093942,129,0.027338277653281593,299,0.004316651212668887,59,0.09603978889925267,212,0.012591556774636414,65,0.1349788246679155,188,0.044359864109651426,129,0.0978163263885505,279,0.05800183099461176,199,0.06498478707300694,321,0.10479533047537004,280,0.043270409203960906,361
"(142, 38)",0.6916387039465752,511,0.007876819310131705,515,0.5202857366217655,508,0.02094411452841035,477,0.4055392403696578,559,0.046669904545299526,451,0.32466636976826635,507,0.03689200029611902,399,0.2875198070111953,422,0.029557257516030066,404,0.19065469733971907,337,0.03495415387262498,375,0.7249234770844369,564,0.006697362913352867,555,0.6214415022923154,576,0.014948959608461822,543,0.4515667566789061,553,0.03788976498899187,467,0.28956613216215743,506,0.05442659967200751,413,0.23512753716365986,429,0.043130251677514254,410,0.15646441743692596,320,0.03482921031780966,377,0.6737047061824175,501,0.007963863436722422,507,0.5092498362082892,496,0.020605576412085855,472,0.4045466046173898,558,0.044736446236614685,453,0.3099708134906076,474,0.036665780781778394,377,0.3048989653552031,402,0.02418979250586809,395,0.20658701806291457,340,0.030845609926844854,363,0.6148103053229256,462,0.004812447329985937,441,0.5867484121340701,568,0.0186788245193506,518,0.4518450300839072,562,0.04092251170663661,464,0.26959279600873964,481,0.05360088862459092,411,0.23024299634491419,410,0.041042152080323684,413,0.1476478072948899,319,0.038597808368514966,379
"(222, 21)",0.2803313123481246,353,0.03033499155215328,297,0.11540732229898709,296,0.08902028031062863,182,0.12167562685419031,299,0.15523777828214466,146,0.12616049104814464,307,0.10554003492748118,148,0.11336117676990565,284,0.08245435006158174,198,0.06115229787485399,239,0.10022155686714765,196,0.407394385760093,428,0.019182955307336273,435,0.2756987126901148,397,0.049374737735065864,341,0.15676534782613372,339,0.1204058078610073,199,0.0804875776116254,195,0.16617551771403558,147,0.06303923166235359,193,0.12850111834283756,163,0.038708996827556574,208,0.10262292015142177,191,0.257820665464606,346,0.03107479812848474,283,0.11135446056114673,288,0.08719790779578206,177,0.1190470447481724,293,0.15100560118993475,147,0.11888612690726741,294,0.104857990024786,140,0.14282447041050683,315,0.06539240137253156,211,0.07543269185163926,266,0.08888442220272505,191,0.25840200476879027,354,0.012410477911788056,379,0.24102392264959693,372,0.060274945089661365,301,0.15811865492882848,337,0.12998475577002336,203,0.07846918375013212,209,0.15884960108353333,157,0.06855306213531831,220,0.11790432303374627,190,0.03953517848812349,207,0.11041633456233362,187
"(222, 73)",0.04125273769626536,242,0.057457953908010846,194,0.13511003563824475,301,0.08446385053646743,193,0.12838437976590145,302,0.15248526784821798,149,0.12384664740311124,304,0.10619325649611101,145,0.13740938369153444,319,0.07733264965367657,213,0.22257029819637242,359,0.06515428791134327,274,0.017309901945011585,188,0.05497378745227949,224,0.04256484260442772,211,0.09203775935192847,210,0.09784461303769487,261,0.14089161674602768,164,0.18348229243675984,410,0.12626372769851774,211,0.2181799298190037,411,0.08495173998025268,270,0.2897553737056162,395,0.052461154150893564,309,0.04804508184829137,247,0.05440405176437726,193,0.13971710463233955,306,0.08084603869101559,193,0.13114817105262078,311,0.14621048469984915,156,0.13131996924872136,316,0.1014382303623532,147,0.10872386616207452,287,0.07161761669893832,191,0.19257407703275198,331,0.0650348656274743,245,0.04785580978205073,236,0.02177253057231813,326,0.05386924152526107,228,0.09932149620387427,203,0.09686237572355538,265,0.1530506179312662,160,0.18703065314898093,397,0.11891817712627001,229,0.20614322833827747,388,0.0816862559644247,275,0.28662745952496993,399,0.057049953633949886,315
"(22, 227)",0.0004800346916031817,78,0.1547114800022841,49,0.0014857282419664664,52,0.13991350597776817,91,0.05155178826252893,155,0.12195246433531565,197,0.302665573071071,487,0.043242479001642006,361,0.35996625681975813,478,0.035117583727825114,374,0.46839847936661705,476,0.034202177545009704,379,0.0019164661567511176,77,0.21722172181236588,42,0.005332407720860077,72,0.18595797189086458,74,0.04379721184389407,161,0.14854632805966586,157,0.15725104741258145,360,0.10846505651690233,262,0.20522761163693148,399,0.07641757511032302,296,0.39438367104012906,449,0.043899661061713176,339,0.0006121350171142126,89,0.14622958773003428,53,0.001519521382899236,57,0.13305575868299607,89,0.04659265834097004,147,0.12034406913635745,197,0.35947696920860717,510,0.037080757791939416,374,0.48036798473270703,490,0.022705769661651595,403,0.5854445714362786,502,0.02161256201985247,408,0.00853187520848886,157,0.1996190145863761,68,0.009330860303713329,92,0.1841293655746261,91,0.03851686618298644,146,0.1616951539086814,152,0.19280894391775505,406,0.09362181147753727,290,0.2960896446193255,456,0.06400154324653291,324,0.45508290184259914,489,0.03829270090383801,381
"(22, 240)",0.7830145606150313,547,0.013142867699666452,435,0.6952539837959253,577,0.018021527696666973,496,0.24746543393174358,446,0.07229367637599061,351,0.035478383758734244,116,0.08835754672673189,190,0.024048369902450295,142,0.08654659963910254,187,0.011147268034247926,135,0.11890572574743578,167,0.6717311416667706,551,0.03080858903210872,336,0.5621161810581987,553,0.03936532924612358,391,0.2714789369853958,444,0.08086588841670507,315,0.09749068095919111,253,0.12720377340961825,208,0.06899415036668022,206,0.10990086041872368,204,0.01896120427085779,155,0.12072915749625848,169,0.7662917447234844,539,0.013568118083350792,424,0.6932343172371604,571,0.01728393388878573,494,0.2623443325962145,458,0.06764566331730845,364,0.024129055385543996,99,0.09124145130467196,171,0.010193814014035962,125,0.08201287017405164,166,0.004366195932010042,114,0.1106200303870528,153,0.5037169920254273,434,0.0512650287364887,242,0.4920534750418335,524,0.04910128427429163,347,0.2904924246298146,461,0.08245222539806471,329,0.0753070757615063,200,0.12807789188334517,206,0.03708873600810869,153,0.12791383156299058,176,0.012296978682991178,129,0.12760862597081596,162
"(227, 195)",0.001278541383518128,104,0.13505302157475924,64,0.0032903834945279264,78,0.1430641844751356,86,0.05666440422746155,178,0.13955319626836446,169,0.3206364227033607,503,0.05173102198683727,317,0.36809972505409794,481,0.04394850836337537,328,0.5110786030730614,499,0.039599307077180596,351,0.0055233230302270675,116,0.1901444178847415,58,0.009256701479230744,100,0.18548811399266282,75,0.05344830902132247,193,0.15940108033382827,145,0.15547742076891713,355,0.13514456155213042,189,0.2184992429183028,412,0.09038325911298287,259,0.4364961529547692,480,0.049997248877542026,318,0.001560964693705813,118,0.12830758713461898,67,0.0033834496111321277,86,0.13656291254767156,85,0.054678722579445393,174,0.13645596291507808,168,0.39164266618719723,530,0.04323362248465937,346,0.49139160397163995,499,0.028424161956376037,362,0.612125534868675,516,0.026223354009165027,382,0.02023522534877542,186,0.18517896288508384,78,0.014483705190766027,123,0.18087528611334505,92,0.04855462082855566,171,0.17234379128994423,143,0.2028740725501459,416,0.11466697958132417,240,0.26218173307864234,432,0.09248394311005924,244,0.4103718233388456,463,0.05749047396216324,313
"(227, 22)",0.7084549489349375,522,0.01644265037335116,405,0.6168692366920323,550,0.024996664354229373,442,0.2336386579595806,427,0.08702853292346337,304,0.03142181704053326,99,0.11220483669157383,127,0.022743532016367363,139,0.1111680532146891,128,0.0080577603430807,113,0.1579229946501345,111,0.557916217549725,505,0.04082824694366851,284,0.493099844270973,522,0.049297309383674104,342,0.24217167464786216,407,0.09632997969040671,268,0.09879085838283586,257,0.15719863228860192,163,0.06289984687786199,192,0.13688465956032,155,0.014073248070531008,126,0.1570874416762039,119,0.6908031146853663,509,0.016837021600344018,393,0.6138539396032534,541,0.024122981984718184,435,0.23884349062564492,428,0.08347584715194524,308,0.01932678821603684,80,0.11786867357131353,117,0.009378027293495794,116,0.10636361323727829,105,0.0034377193319473642,101,0.1475292941582878,98,0.3850310907156722,404,0.06936319073929054,198,0.4324953073005148,493,0.05830135610668432,316,0.2562674914233163,435,0.09898620150232264,268,0.07014274794516884,189,0.1633752619085739,153,0.046644062609117354,174,0.1644378127071668,130,0.016950749196674497,145,0.16631270772590379,115
"(240, 22)",9.999999999998899e-05,28,0.12425766436352277,74,9.999999999998899e-05,8,0.10825718847250701,139,9.999999999998899e-05,4,0.09214289158241715,278,9.999999999998899e-05,4,0.032807317537891706,429,9.999999999998899e-05,4,0.02632119876825338,431,9.999999999998899e-05,7,0.027500772687540028,413,9.999999999998899e-05,11,0.17645944101487115,68,9.999999999998899e-05,8,0.14498402143216765,110,9.999999999998899e-05,6,0.1153209427747342,216,9.999999999998899e-05,4,0.084737956353221,328,9.999999999998899e-05,5,0.059715477461865514,348,9.999999999998899e-05,8,0.036011642750242094,369,9.999999999998899e-05,35,0.11948367937253518,72,9.999999999998899e-05,8,0.1033195654381228,139,9.999999999998899e-05,4,0.09000884690173237,285,9.999999999998899e-05,5,0.028017704935016964,445,9.999999999998899e-05,6,0.01714881713570627,449,9.999999999998899e-05,7,0.017163029289572716,453,9.999999999998899e-05,40,0.1477551396449736,106,9.999999999998899e-05,4,0.14638012188683755,122,9.999999999998899e-05,4,0.12533084276342757,215,9.999999999998899e-05,3,0.07354820360799882,346,9.999999999998899e-05,4,0.04985895561654642,368,9.999999999998899e-05,5,0.03137464625532009,415
"(90, 117)",0.31774147359081784,366,0.06313715742553971,180,0.33400539142811736,412,0.10198513528173841,154,0.2806767692540385,478,0.22955250243722886,86,0.3334361075353288,513,0.12705660120899084,108,0.2678299827737851,405,0.1444348157687381,83,0.19395749065639556,340,0.2344827879203712,58,0.23199356167441065,344,0.1122479943293102,123,0.266501501943202,391,0.16239142562213682,96,0.26773852815722143,440,0.243084711484307,79,0.2940383348631006,512,0.2569371673131778,83,0.27476395923896413,468,0.22131148366816453,74,0.18973168499939064,346,0.24912734395633415,60,0.3619266266743083,384,0.05303533164999871,198,0.35249223829443055,417,0.09286585426189799,159,0.29269885174326604,485,0.21647393389290642,93,0.35695163408343256,508,0.11306068349022129,123,0.2735001840860206,382,0.11767197982883472,92,0.2139999960382981,343,0.18941161005524085,69,0.16732908599539875,323,0.17097736578122333,85,0.26963974197462215,389,0.17287642486097488,101,0.24696204393275345,426,0.2783398829852572,73,0.27212117173337436,482,0.27261761397932976,76,0.2691701000944643,437,0.22692634092935973,80,0.2652387743110972,384,0.2053973167683977,84
"(90, 174)",0.6047439837112608,481,0.02850854357778905,310,0.4625957397576631,482,0.0727489794586569,220,0.32422983708655806,510,0.20480507461036676,102,0.37909228875172474,542,0.11285714805829661,126,0.3745129387914794,485,0.10930122584960585,133,0.48019100616854926,482,0.10920756777080441,182,0.5440259452546842,499,0.048587065118181345,249,0.4352094960619106,493,0.10442818407098631,184,0.29018803056301135,462,0.22905210520027988,89,0.2857984753491791,505,0.26257035580808896,80,0.32032894141284185,497,0.19636538577790316,94,0.46223240601886195,496,0.12035060304604278,170,0.5969243944093545,473,0.027537222644893576,305,0.47883505155283146,484,0.06649124062871319,227,0.3409265066465095,524,0.19089628362093533,112,0.415122413607131,545,0.09714600546621006,156,0.47488968754605065,488,0.06927967532016442,197,0.5322017088031998,470,0.08070834849119417,208,0.41015290251700653,411,0.08870511024460564,166,0.3621490986601533,449,0.13574640522718795,140,0.2885532693688919,459,0.24908368588347474,91,0.31953507230472444,519,0.24069236345700426,93,0.40023862774003305,520,0.16116273261166403,133,0.38542277832090766,449,0.15004259505897316,132
"(90, 169)",0.09175197725603568,280,0.124507488856568,73,0.048182180329473745,238,0.2590012556991742,29,0.05334047576668843,163,0.49224073353238834,21,0.08642248456106738,237,0.26683206046653307,29,0.11853129777428228,293,0.22552077687874783,39,0.14379452608243048,309,0.2736211377571775,45,0.0885509816733111,277,0.17849479647045136,66,0.0431739265243426,213,0.3562621973259647,23,0.051090579972055905,185,0.5100982625910945,21,0.08230441512040299,200,0.49553950672006714,25,0.10686293608967512,272,0.367419449090213,27,0.14364919948622656,309,0.287274407958447,46,0.08675034855715757,276,0.11975896706471281,71,0.05313979749385922,243,0.24045942628054756,29,0.0583802305502803,183,0.4662123190901828,22,0.0909699532972087,241,0.2476461175156334,30,0.14595779403752684,316,0.1698735290635613,47,0.12120100546434776,292,0.2528231834259109,42,0.16341757109003463,320,0.1730584240860821,84,0.06257765850582908,248,0.3427600335618236,31,0.05420052921499463,183,0.5427436990934664,20,0.09812640587862087,257,0.46482842564481475,27,0.10850170990591623,278,0.36889710418137756,37,0.12510465617817368,299,0.31117361814600936,38
"(90, 239)",0.02004671017766757,208,0.19080377146811148,32,0.040596215399525626,220,0.2716089575701701,24,0.03737138898559733,121,0.543550134003488,17,0.020381640456143435,66,0.3985519294460026,12,0.013822801279144481,92,0.41258092252947254,9,0.01723323157526846,167,0.5225566345448153,10,0.020561057429414498,199,0.2684918100031064,23,0.02977896449349926,182,0.39203485106751035,15,0.04574689333302251,166,0.5265172460874167,18,0.025786573573881366,70,0.6902250204896898,12,0.019797568193272497,78,0.5990282507505995,9,0.02204742337735832,171,0.5205563870058983,10,0.02309933561356281,219,0.17429717104223405,36,0.04044980777925744,224,0.2597261296334712,22,0.03638748374052714,116,0.5327696950653641,17,0.0195310293391866,83,0.3803939973040571,12,0.010185493969885662,124,0.36087952386030864,10,0.01470926430552899,173,0.461392546306628,12,0.03244015348108986,214,0.3052110458672837,32,0.023018157710142262,158,0.4467290134998051,16,0.0402413060360316,148,0.5905170453261213,16,0.019092107545658932,53,0.7383678782496801,9,0.013079491280053701,63,0.6573927915127199,9,0.02114343082067216,162,0.5344368624668109,10
"(90, 257)",0.052405566920948,255,0.14999168651266842,53,0.0655277097686473,259,0.2358739038610775,34,0.10762706864629501,270,0.38600718997214095,29,0.0931115686704258,250,0.25955378261708534,31,0.09703768717547734,270,0.24452096839142276,33,0.07557098486876745,257,0.3542382044334739,30,0.08669380237658553,275,0.179888481231432,63,0.1381888456494057,300,0.23607111170871534,47,0.11028084324871656,280,0.3910554588432066,31,0.09583714483724459,241,0.46844587769485674,27,0.08343958013356667,235,0.4036708848006126,25,0.06990502219529537,249,0.3816538647768289,25,0.04536466736328726,243,0.14729913003208625,51,0.05164814347038105,241,0.24249220625045745,28,0.09392255374122904,249,0.3963205355210286,29,0.08352039401211664,232,0.25551491496068135,29,0.08600067061942318,270,0.2115895653160844,29,0.08985414377143941,270,0.2849084261402023,34,0.06447333983661085,248,0.2514368244350929,45,0.134622307753112,298,0.2564782788093841,50,0.130443320240488,313,0.39408134330044975,39,0.09546053052018366,249,0.46977572571174003,26,0.09503441031913529,264,0.3886425980670549,31,0.06601497423692437,248,0.3956386773419997,22
"(90, 23)",0.22485233145279104,333,0.08092340171106685,139,0.23213778506360827,352,0.13363656881967187,99,0.25142598848351716,451,0.24821655998522962,76,0.21934411531390663,406,0.1722617789228792,60,0.27079997310329673,408,0.14329612970294198,86,0.2532532272115021,366,0.19868637807627884,80,0.2240255548763127,337,0.11475470788391397,120,0.22369812740336648,360,0.18246538669418333,79,0.2523523399512042,418,0.2533340160087382,73,0.28070974645859725,500,0.2661234766574998,78,0.2955729711259649,481,0.2094857637979326,83,0.23779783434243085,370,0.2174509199753499,74,0.21207646177880923,333,0.0790222692673819,134,0.240413555328029,357,0.12479805249641124,100,0.2452203443733343,439,0.245713057507885,78,0.20247960213518934,376,0.17091337734980028,57,0.23907305965783043,364,0.12910729678402197,81,0.23418851208575664,351,0.17905204012069223,77,0.2108259018267744,338,0.15041065675273613,102,0.24553482045335084,373,0.18445789666826226,90,0.24924456278473006,430,0.27662208178195924,75,0.294738913490628,498,0.25680614240865396,87,0.2901178008069273,453,0.21468401955258806,88,0.2560394808371279,381,0.2105292928877393,81
"(143, 23)",0.16570556348669707,316,0.05882590045984502,192,0.15091203002744447,313,0.11440236242695351,127,0.19051058557936407,387,0.18973365116287275,117,0.25223515990614265,440,0.11158377559032662,132,0.3188762775459686,445,0.0937948770078644,166,0.39867543710045017,431,0.10436751674687392,191,0.2583846297783845,357,0.07280503645529114,184,0.23732739963789617,366,0.12782929805722826,135,0.19853324161135744,372,0.21204623419179766,98,0.22153938787521876,442,0.22373953962954013,101,0.25364024630216875,451,0.1776029177665384,113,0.38238683100365944,441,0.11951701294128003,172,0.1612854862106018,311,0.056377375688678656,190,0.14294342761870127,307,0.11102822580465434,123,0.1888043651520589,381,0.19125459448004736,111,0.2682030937703468,429,0.10456238224956953,143,0.3826553177399885,440,0.06889270908651508,198,0.39876425200622767,419,0.08738494037228725,195,0.27111083121756874,363,0.08861027034789982,167,0.19119501893659674,338,0.1473302794556354,121,0.19664698583450335,377,0.21335531836107924,114,0.23181691190659015,453,0.20964619097672132,114,0.2988004100026391,457,0.15079116577735643,139,0.357941046450722,431,0.1165853332442008,177
"(143, 132)",0.09157447457520806,279,0.07168409419936918,160,0.10223802222033385,283,0.13025831822767267,102,0.07654680038925621,215,0.2571234701905448,71,0.04990416471512116,161,0.19149495202022346,48,0.03179813032415024,162,0.20226434253024753,44,0.01840139337953084,171,0.29095217409314095,40,0.04786145538821762,240,0.12771885468377625,108,0.0552492644703535,234,0.20779616627681807,64,0.07231864385002407,230,0.29691004044851776,51,0.06158970811628928,165,0.34281278367690143,45,0.049429481705142275,154,0.30633324601527395,43,0.020609364695895027,164,0.31640439299234085,38,0.09461090243581627,279,0.06734771886106608,164,0.10862474804334776,287,0.12166860721098008,106,0.07748242703390096,222,0.2573642078696857,69,0.04477919245200512,171,0.1898911149874831,49,0.020571088689632644,169,0.18253945734712387,42,0.018389968511361765,187,0.24367726137450973,43,0.043906440499368204,229,0.16256371208775128,92,0.07617516853255535,261,0.20022258432047818,77,0.073288088494742,225,0.2964750194703669,63,0.05737771253414814,154,0.33390347444657364,51,0.036416264861331316,151,0.30413833362485143,49,0.024383987774861948,174,0.285460600856015,44
"(169, 242)",0.0471356675876653,249,0.10867785320564713,98,0.0425643208554739,224,0.20516860910014045,43,0.023938533172543797,79,0.5103821833572254,18,0.014258173675097296,55,0.36505528566383455,15,0.017148218220053524,118,0.3495617392495961,13,0.015102554187777395,159,0.43807772333856243,15,0.02166998071534798,202,0.1903135310958416,57,0.02551213795709184,166,0.3256878187073695,31,0.02665247721877928,117,0.4855695219565478,23,0.014764581688367029,50,0.6650957248390152,14,0.01787837570960038,72,0.5504815926814033,12,0.01660308194988147,144,0.44545514569944533,16,0.04704413939847152,246,0.1034986162107329,96,0.04644571554912846,236,0.19086184147596783,47,0.02845195165075798,90,0.4810426594023466,21,0.014936167063177685,68,0.3433892529400305,15,0.01655094150458436,147,0.2884874854826511,15,0.01123293795291691,160,0.4012642420203416,14,0.024563095620340536,200,0.18579677706933878,77,0.02534793131353208,166,0.33085543610851015,36,0.02144456377963866,89,0.5346494399147685,22,0.012916048013573822,45,0.6798495225233916,11,0.01597006479326557,80,0.5515724343346441,11,0.011862129481645889,126,0.46974036726025487,15
"(169, 90)",0.007192005666609602,170,0.1620185315190337,46,0.027914435647451663,193,0.22839312071379908,37,0.0431688740808035,135,0.4408099714118052,26,0.041586701666296855,142,0.28595267192803825,24,0.03823554021507325,175,0.2904505939420217,19,0.035538183243036925,206,0.3616963651291158,26,0.010628189252765985,150,0.21895363299554665,40,0.024086056574738834,160,0.32997886017157363,30,0.041647337825789,154,0.43405142252487505,27,0.047453297712399256,119,0.5056272836851682,23,0.050082927488710904,155,0.4281394200737503,23,0.04090681484148617,213,0.36116185403644685,27,0.007691623690668448,174,0.15254393025555074,48,0.026498732233399935,194,0.22035564868662696,37,0.04333404966143062,133,0.43195684344763585,25,0.04123102665907685,156,0.2720486801253602,24,0.03284593679063519,196,0.24744215808769215,21,0.040332403579015574,229,0.3031391292917126,30,0.005344047883576564,144,0.24583585110678158,46,0.017395750384636477,140,0.3589181176789969,28,0.035917706114729886,138,0.4732600914542181,28,0.03907420474347423,116,0.5314295260834587,22,0.029446434420224987,131,0.4824732829042978,17,0.033840974114882294,197,0.37513819825471667,26
"(169, 23)",0.2883718957212458,356,0.04790794030412248,221,0.3173723779206097,398,0.0814818247832038,197,0.3495762088844223,531,0.16164148686836377,140,0.3658774311321362,533,0.09949477726145732,163,0.3542960710271149,473,0.10183138909590857,146,0.2749143996784986,380,0.1530967511011461,114,0.24612440262107327,353,0.07742026791850422,176,0.2611263249983612,387,0.1319681267135744,129,0.3143816524091513,481,0.1727025839264076,134,0.37926991584439473,553,0.17625778352337637,138,0.38037964040617966,535,0.15114252322324542,140,0.2593408890286747,380,0.1653655691522141,107,0.28810279921127013,359,0.04563196718600112,221,0.32766650947112586,406,0.07560866395908661,198,0.33555392173081755,516,0.1644364629426695,134,0.3488716573023726,503,0.0986969609268458,153,0.32059541641426703,410,0.09106915199113941,138,0.32273193314945947,390,0.11700314570194398,139,0.15946040354953328,318,0.09984202382920146,152,0.2890322952136566,401,0.12430247203131316,163,0.3274696411091145,492,0.17501536840501486,140,0.39845249269096394,562,0.16705366652114811,150,0.38223647109226366,509,0.14730734431312933,144,0.3360246911378524,422,0.1336370695285061,154
"(169, 226)",0.17468758541496154,318,0.06573911101108801,173,0.10088261255347941,282,0.15479599356729545,78,0.1349134540044432,318,0.2953135822736729,47,0.17497587744911303,365,0.16691768012592342,67,0.19555576405509567,353,0.15597106754556575,73,0.2100994493515076,355,0.18277644954589337,91,0.2339395133489398,347,0.08004332176726903,169,0.2361779270194848,365,0.14120514018497443,113,0.16049988883663435,345,0.2650096854573072,68,0.16819504426060838,386,0.3125659862488791,54,0.1567285667512206,351,0.2785792008382534,51,0.191823081818299,347,0.19962419667224227,82,0.17235501956867383,315,0.06301625630791056,171,0.09718246162986588,279,0.1496950830045135,76,0.11456585042584999,284,0.31108261534674136,45,0.16924618406884406,361,0.16122110222848848,68,0.21805360474323232,356,0.11985043828451165,90,0.2322815530973218,349,0.1488300678970264,95,0.11494833337248267,289,0.11595667713518479,129,0.1892330329592502,336,0.163610286446681,106,0.16802496915359233,345,0.27145416783051696,81,0.1789830886371656,387,0.3014064254240508,61,0.2021145411941343,384,0.23805081628672137,75,0.1903694054212839,340,0.1981895814371247,88
"(169, 186)",0.3670765586927335,385,0.039029303783224556,259,0.2809229903121744,378,0.0896537412644529,180,0.27650823581265094,471,0.19564391645332338,112,0.2708656461625113,452,0.12752414158858144,107,0.22416850986326542,379,0.14378867109860324,84,0.21716218833292622,358,0.1791657948485373,94,0.4026379486039008,423,0.05135524448852848,236,0.26065495136822125,384,0.13213506979316056,128,0.29912461747574615,468,0.1797277405150786,128,0.2517266171886483,474,0.2462313535949663,87,0.21356283655986852,407,0.23526961130030025,65,0.2095147566813298,358,0.18969924729289547,89,0.3606916108661521,382,0.03776954487483415,254,0.2779551816896494,374,0.08612361794719267,180,0.284933559562351,481,0.18768610053718912,116,0.26629601576255846,428,0.12252548139022365,108,0.21605486395548257,354,0.12052579465057096,89,0.17847868656352872,326,0.17365100133592978,80,0.9654477863737707,563,0.0020729291708554286,491,0.3272346832945009,427,0.11249216960853148,182,0.2979536095557489,468,0.18902482412489385,128,0.25235054665878975,474,0.24493063338368476,91,0.2191464734270554,398,0.22681837125588164,81,0.23747897375886973,366,0.17346559227701014,108
"(169, 174)",0.5343059713729438,450,0.024824577019841525,343,0.41663298828353745,451,0.06292316459468683,246,0.33006252707769124,516,0.17003801959426168,129,0.3874644073135026,545,0.09406329908142425,179,0.40326951986664883,494,0.08964337644146987,180,0.5770087848937132,533,0.06739906470288969,268,0.6047507437827929,531,0.028915960329159072,347,0.41842618651025365,485,0.08745211245316056,215,0.2730251347473466,445,0.1925379311521854,113,0.3638533470907752,548,0.18346086410198473,132,0.37541259756487844,532,0.15310768331754893,139,0.5721729135546061,553,0.07087771810898846,263,0.526865412187346,443,0.024141885261266028,338,0.4088887946982874,445,0.061206173168463295,242,0.3369858015889029,519,0.16382642736608005,137,0.414293968066364,544,0.08322653915930274,203,0.48168313648610983,493,0.05955464149119469,226,0.6040262261195164,513,0.053645070663654454,279,0.998900549835033,577,0.0,587,0.4821790182409398,520,0.07474352652603294,252,0.338463600338172,500,0.17008938649438798,145,0.4219850845327764,569,0.15703973452638678,160,0.48060365648601333,566,0.11338975108671476,197,0.5930532787155125,553,0.06567695290203479,292
"(24, 138)",0.04303650260919145,244,0.0469766617737455,225,0.03189930296566512,201,0.10706965701248342,144,0.14654310922023672,339,0.10434820444733998,246,0.34248988296491323,523,0.04997342210431399,327,0.39498431683988633,489,0.045532278871659,322,0.45789711680886414,468,0.04768199048558765,324,0.10904043344828973,288,0.04268249534338977,270,0.10483511374704901,277,0.08297486524634114,225,0.1278745608559897,309,0.10738057447135325,237,0.2304055740374864,452,0.09671684705204343,298,0.25608255614205444,455,0.08657837467507606,266,0.35193761275960733,423,0.057638216392288055,295,0.04012541174212858,240,0.04710653890965492,216,0.03029027975270626,200,0.10201082348582496,141,0.14970311719488172,341,0.10246279501116384,249,0.3712889574069278,517,0.04685467696545387,318,0.4973625180136435,502,0.03189144789947292,342,0.5292214904746575,468,0.03976378193468312,330,1.000088900582341e-12,5,0.003368171188723265,463,0.09004163030043943,267,0.08204508503669998,236,0.13625278573023114,316,0.1175672519450136,228,0.2900849020359516,493,0.08614666482365237,315,0.3382398816831196,481,0.07173217186756584,303,0.42321161474292635,476,0.05047814453523391,337
"(24, 71)",0.2740690543059767,352,0.025343960041517052,339,0.3184065239729862,399,0.049727827931388364,292,0.10567900004242003,264,0.11636183176123742,208,0.02709384998144837,86,0.11641209330661789,123,0.01888193772693425,128,0.12545765070671552,105,0.012045815732546372,141,0.16032390211987224,107,0.1424454648266964,299,0.039044762228024575,291,0.14759782073569405,312,0.07403245720950488,251,0.12216884440296938,297,0.10902688887751097,231,0.05793702222317143,154,0.1532313874492088,169,0.04861566781435789,151,0.15064128397847945,141,0.02540493681431366,180,0.13842877894180824,136,0.2844330417952944,356,0.02452228948209895,331,0.3260552867985156,405,0.04620088194997826,294,0.1031758878163953,266,0.11599797511528566,206,0.022250134404961597,93,0.11973269174246425,114,0.008959709020332829,113,0.12165611763773504,86,0.006982020725508242,139,0.16828282581248682,82,0.9997000299990002,595,0.0,588,0.16800511837604404,319,0.0666437635849409,277,0.11438448342453578,284,0.12462709119833376,217,0.03862297806979553,112,0.16870641279476215,146,0.027887943269005344,127,0.1648099481817547,128,0.015477112860085906,137,0.1520755020988994,130
"(71, 24)",0.002341807230081372,129,0.07465973484174143,155,0.001810023332597277,60,0.1620121072510912,69,0.021552488678241888,72,0.15004933256972708,153,0.0963701575200937,252,0.06932370784703268,249,0.1190149357244622,294,0.0638689154710229,252,0.1455790725804188,312,0.06761414267794914,265,0.01748328052040682,192,0.0628909243776094,206,0.013944548614064356,127,0.12358697979950967,144,0.017608623910368104,89,0.15945953441537386,144,0.04147621196538476,109,0.14237362329360842,182,0.0456205986554622,148,0.12851975739013038,162,0.07722185952393756,255,0.08384705960031692,230,0.0018526933346644237,121,0.07537700447296557,145,0.00167046527802317,61,0.15463774341900524,71,0.01993491333157149,71,0.1478916732033621,153,0.1136190794823031,284,0.06392757440588467,257,0.1971697785653903,348,0.04391871067351693,287,0.19917348137363577,335,0.05683204274975314,269,0.0041075715286738035,135,0.00485309300000271,439,0.010420235610674178,101,0.12223398741251434,165,0.020001402965489135,86,0.17246712919310503,142,0.06177295001590455,165,0.12646293403235287,209,0.07702892342309398,234,0.10647105441023726,217,0.10531308849612808,281,0.07409311948385415,267
"(71, 119)",0.351656522400123,379,0.020054398758519224,376,0.4055550343953652,445,0.03730789901701325,353,0.1440001061089743,335,0.08998049040925453,283,0.026845651982005503,85,0.09553115135686832,175,0.01400377842831535,94,0.10577452836493668,140,0.007997756990836935,112,0.130923539514338,148,0.16787193243150278,311,0.0340241388119617,322,0.1827550843458534,334,0.06199027122207244,282,0.16111601592021751,347,0.08801456658645232,294,0.06454460541182927,171,0.12757853200131325,206,0.050277109673017906,158,0.12556672778930825,172,0.02348212950187767,175,0.11040144378906593,180,0.36129860159476923,383,0.019398042480309026,371,0.4164099069600917,451,0.034440033436614094,361,0.14258941701308414,332,0.0878763681389581,289,0.01910496215451596,76,0.09911362712429378,152,0.004454185645582753,81,0.10475043857803852,110,0.0034705677142263802,102,0.13966580356023758,110,0.9995000999900006,588,0.0,589,0.20777127417341623,348,0.05506709661997361,323,0.1552863955663022,335,0.09883244769091633,269,0.042229982910815034,124,0.1388933362105571,179,0.027094340040350384,123,0.1364470347568775,159,0.014191500818435343,134,0.11713041287210683,174
"(71, 131)",0.5610176647626284,467,0.011606971908810281,456,0.5346939562107524,516,0.026587071161690075,430,0.4625873044183535,569,0.040014299977303484,471,0.5541970400660032,590,0.020655818678071293,507,0.6621173434585628,598,0.01458220190153553,515,0.7304632350783222,595,0.01287122192966897,505,0.45690029317813097,453,0.016436364857555102,461,0.4778365875840582,516,0.029536838709945463,460,0.47066156723373664,558,0.040257795299779846,458,0.5672909383009974,589,0.032408745101960325,504,0.6268144657864994,594,0.02488111310375401,499,0.6905026238904514,589,0.014933642926313932,495,0.5906904102801244,469,0.010523414155447497,460,0.5349383964331382,512,0.025201283371203736,427,0.48604574312686144,573,0.036595835178012716,481,0.5891337278178588,594,0.01819902229839831,510,0.7285765814841385,596,0.009720141714764303,519,0.7887771986889629,603,0.009549452329928801,514,0.13180985660996414,303,0.0024251916443341287,486,0.49349966107930354,527,0.02689810791315488,474,0.45338498501461555,563,0.04650173803196796,441,0.5773458106396491,593,0.030814469783681173,500,0.6420673749357079,595,0.02250807793107072,507,0.7164966610668722,597,0.013184756282556937,527
"(25, 167)",0.03114665301544073,232,0.10917834193793269,96,0.04689889996867458,235,0.09388928399376349,171,0.02961001158621346,96,0.21287609469501415,94,0.006846864839092026,39,0.15744672588238007,80,0.007269316881848065,59,0.16543887010891517,65,0.004979205294824984,90,0.18578647908326862,89,0.012673418583620588,164,0.2402223179064504,32,0.03600318547317727,194,0.21832831056247357,57,0.033978110649230286,137,0.19807826873517315,108,0.012403046369113824,46,0.25050722315693175,84,0.012440416005539134,53,0.21526537973280674,79,0.0023754272010254596,46,0.19995323091821463,81,0.07318806774722919,267,0.0685120865630938,160,0.057547985159124404,250,0.072523791316946,209,0.02857030365911739,91,0.19989386741641493,103,0.006528220831691689,44,0.13615299982770288,96,0.005200277887379201,85,0.1258449904261325,85,0.0038553923882558294,109,0.15269341175679352,93,0.026055939047155308,203,0.2911774508661592,37,0.03230767367186482,190,0.30497835718837446,42,0.028819491355970617,114,0.26323824501883697,83,0.008372713377083674,37,0.3528663015774678,44,0.021939575542838874,106,0.2836946358506822,54,0.03568448608775765,201,0.21895917216460034,75
"(25, 159)",0.3219365048838204,367,0.05012067152823731,215,0.26137839109313243,366,0.05295581859241152,278,0.32940829672604166,515,0.09535897529373163,271,0.5316617114105378,588,0.03690504652345348,398,0.5241611353286003,565,0.03974786598156425,350,0.5702173147027574,531,0.038257857780883864,356,0.45095692468170057,448,0.07303531827466145,183,0.3004904245509763,414,0.10763334011933032,178,0.3090643499313974,474,0.09488996125817077,273,0.45390937513771623,572,0.07545244620521498,356,0.4534979926274382,564,0.06492232051101215,330,0.650749486958801,582,0.030787261202570644,392,0.19684027133334758,326,0.04926547069049798,211,0.23138567675222377,352,0.04560842237535996,295,0.33467935964917017,515,0.08801596322752916,288,0.5375755202968963,584,0.03129529133413138,421,0.5650946311916273,536,0.026371675441488843,376,0.5994957911742507,511,0.028395386303815502,374,0.34822731687552455,388,0.12269843893530022,123,0.31652509878823265,420,0.14252844016199526,131,0.3333994190370825,496,0.1163919142795992,229,0.5061492992952061,585,0.08990959617103836,299,0.37333017508739685,502,0.11029677984047839,208,0.30180754972215074,405,0.10746810512837653,192
"(167, 25)",0.00897430994888504,179,0.1489365454185127,55,0.006252190033752658,107,0.1500683131940689,81,0.01076122976070637,54,0.2746169522938175,63,0.039867498718780814,134,0.10683191483422796,141,0.03855910593180256,176,0.11599406029897323,117,0.04603626997025834,226,0.11456964755889151,174,0.023127239878982575,206,0.21331652595887787,44,0.008345834292415644,94,0.3156040034612361,33,0.008734084709312473,60,0.27766563412011674,62,0.02463571077752147,68,0.21515079703121914,111,0.02297928982122932,87,0.1919559916980676,97,0.0790906701213121,259,0.09188638964697596,211,0.0029199490157741925,144,0.14649899477725217,52,0.004733432091219125,102,0.12816524826115436,98,0.011137656725766831,54,0.2535263508407581,71,0.04151902524088458,158,0.08918683650131025,182,0.04825819498403461,227,0.07699478402783418,177,0.05398577731031806,247,0.08670321876538077,197,0.012334365918823975,167,0.36103109935698546,19,0.00920029953675705,88,0.4188705377279222,18,0.011242688669468537,63,0.3372501954012821,46,0.034514783085827894,98,0.26470093944007506,82,0.013706300962361917,67,0.33246453736074605,43,0.007319188649546726,92,0.32914753317186635,35
"(167, 115)",0.49715019242622494,432,0.03906961160058984,258,0.5428929853797235,518,0.03388922580181235,380,0.47313510192374486,570,0.07780716433566845,332,0.2853878844537575,472,0.055432206341558724,303,0.29033006765338154,425,0.05918078628027909,276,0.2641163155966725,375,0.06399870847003618,278,0.36566367930826926,406,0.0849907827303028,159,0.506563877638505,526,0.0803071752664385,233,0.5006810839573711,566,0.07201244175925452,350,0.3564391827206428,543,0.08829501374246054,314,0.36659847909953447,528,0.07625183871682753,297,0.185926808449128,340,0.06910544502156879,267,0.6295758100133488,478,0.02443113948522304,335,0.5761316190737197,525,0.025861582508910297,420,0.46851468878047775,569,0.07289761355392718,344,0.2793790888356096,443,0.04724093779173672,317,0.25716896390015864,370,0.044080395048006316,285,0.24070786280084677,357,0.05267827937134874,283,0.4546682535738431,422,0.10848058356343297,140,0.49390041341266555,529,0.11103690299083417,183,0.46724940068996135,566,0.09736271751908877,276,0.3067438597989225,510,0.12779050098498507,207,0.440160689483153,546,0.10459598108083402,223,0.5232995989658252,526,0.07930394359968529,251
"(159, 200)",0.1306806980179661,300,0.03532014483942374,269,0.08739982680195069,275,0.041069177344543316,335,0.13687459809634017,321,0.06833413496309171,367,0.3019739242571782,486,0.026767824483945858,465,0.3141774186366082,442,0.027153801526597524,424,0.36128748601415506,415,0.027258079762596397,415,0.23262619444703836,345,0.04910280044281274,245,0.11731706806704001,290,0.07525884675569543,248,0.11670386570163305,291,0.06948931612991313,359,0.23856955524702128,464,0.05283545027323523,424,0.24164804031387432,436,0.045342253208938685,401,0.4424408008077103,485,0.02256525662470288,440,0.06121218781509896,255,0.0351960276243297,265,0.07193275593160708,262,0.03620234660703679,349,0.1408785304359963,330,0.06326101686202841,376,0.3080237198465201,472,0.02289721520583873,475,0.3654417284120146,428,0.01780949715914928,441,0.4031087914189885,421,0.020102380522938553,419,0.1679201078550212,324,0.07976306284091556,179,0.1290319767210294,294,0.09880917989149465,204,0.13645117828561326,317,0.08359575193008471,327,0.2883429445247312,490,0.06223156546496168,380,0.18712378427594056,367,0.07415069255347559,297,0.135336837850063,313,0.07495701927147878,263
"(159, 25)",0.11948636140291435,296,0.03639040136509142,264,0.1720813888138687,321,0.03276736811521674,389,0.11383285298035084,279,0.07266458203729989,350,0.03564442918252242,117,0.05456812133112781,307,0.03282442545883946,164,0.057653177846757296,280,0.023831755041294977,186,0.06746226045358616,267,0.057059642086761064,246,0.07844214349195992,174,0.13301124572934298,297,0.07217417677610252,257,0.13368026741094452,315,0.06641365009472122,366,0.054781340297882064,143,0.08628186727404853,322,0.053639911024020215,167,0.07488615068410341,302,0.013482240465274242,123,0.0722444757461044,257,0.22242866785583115,337,0.022893350828252088,347,0.19929212740572244,336,0.025776003033792395,422,0.11036179644852262,276,0.06862434079747097,360,0.034217756298704716,133,0.04763142158623695,315,0.023162498069039472,177,0.04466793796407818,281,0.017838873202026706,185,0.056832807011644296,268,0.0900977415610481,271,0.09815929309050707,154,0.12105290433608773,289,0.10093412140755453,201,0.11420810755592248,283,0.08870422929018479,306,0.03907988462697032,117,0.12115167178964975,224,0.07841701015798275,238,0.09908808813780384,232,0.11520337767027011,287,0.07909139682653954,252
"(264, 232)",0.0012629017014524901,101,0.09152687691672069,120,0.006827375539433689,110,0.08601819911706184,190,0.07058548577405532,204,0.09161299275240459,281,0.3127764408531575,496,0.03418900403280125,426,0.41953696109175254,504,0.02676319429662899,426,0.45893922891169425,469,0.03756164240976549,360,0.007014947807683747,134,0.11760804355204908,117,0.01800091632703682,141,0.11647641324682005,153,0.047025019401071955,169,0.10710985100609288,239,0.20476735830810733,427,0.08256813559962556,339,0.27072607309703356,464,0.05680174098776876,355,0.37771780620108253,436,0.05207379610881239,312,0.0009027538151280545,101,0.08525538538439202,125,0.005784090798707231,110,0.08119245727466991,191,0.06790262366088506,198,0.09246461176312881,272,0.3758982365539626,522,0.028711397847524946,438,0.5478833491295874,528,0.01675671418214124,459,0.6387073432858336,534,0.018359863411114813,443,0.037302473876319686,222,0.10296361128648965,149,0.03086378912144916,186,0.09659294637135306,211,0.07893271293251147,235,0.0965286519250898,280,0.30743411031950507,511,0.06014226346684911,388,0.41993040936458026,537,0.04162662791275186,408,0.6102941457301557,565,0.02510280236064045,449
"(264, 26)",0.7095149069448975,524,0.011092207491207857,463,0.5320168527150733,515,0.020138779490329953,482,0.20197852051373788,396,0.0645298235669741,376,0.03313664825259721,104,0.07225395118647852,242,0.015886711221937633,109,0.07969847705301869,208,0.011953942275351626,140,0.12671438388391523,155,0.5286328976843,488,0.027843710607716118,358,0.40181888069770344,476,0.0413675131033321,379,0.2609824975642441,434,0.060497201030839866,391,0.06921708285970785,181,0.1185300015509967,231,0.04402091039947953,146,0.10406834989018077,218,0.021285551815870107,167,0.1358251166475922,141,0.7371774201421876,524,0.009121247872860455,490,0.5523655999301129,517,0.017763089804159395,491,0.20750561577428006,404,0.06371785060856151,373,0.021554560494775665,88,0.07445571570302285,222,0.006001888433820546,91,0.07544936515033956,182,0.0026744310088329115,88,0.11390941356656568,144,0.29523833702128655,368,0.05166606601398752,238,0.32328466463767924,424,0.04414689123698864,380,0.18620640006604905,369,0.07251208334740185,355,0.03435427643996314,96,0.12486388709614868,214,0.01584239899739681,78,0.12411473865220736,181,0.0034959659885939187,59,0.14029629705811267,145
"(27, 30)",0.4870218381523632,429,0.02388784013919633,352,0.41386561006565015,450,0.02482925858050711,443,0.11117950762801421,275,0.07685814446034638,335,0.007554342496907451,42,0.10020230754387477,160,0.004371929506389871,44,0.09392152248645232,163,0.0012030653179424533,35,0.0978902178288489,205,0.5412925466975927,496,0.02161890517786272,415,0.3219866539997611,427,0.0376834343741844,405,0.11650915104009907,290,0.06379281654805181,376,0.02295525017673139,65,0.10893035552465809,260,0.01323612940366825,56,0.09902623571845971,237,0.0016457199360820907,41,0.08311966282243155,232,0.4944603023956168,437,0.02117840774186909,362,0.4151255283760229,450,0.022270542929561942,451,0.11260073306318374,278,0.07873389774432984,327,0.005253017242162095,37,0.10083997653155796,149,0.0015402070045771321,42,0.0895066107139258,143,0.0007732534386903911,45,0.1040427925518093,164,0.5078549250534222,435,0.01948553420604103,332,0.2690429380629604,388,0.04829347015922647,351,0.13961918180014943,321,0.05960708785537431,397,0.02199105018183567,60,0.10042969414249617,267,0.012407371559576053,59,0.1038416329621336,226,0.002169571384767477,41,0.11203786075101002,183
"(27, 145)",0.009694518604238755,181,0.0881422798773299,128,0.016537845597330403,159,0.07262573721928099,221,0.1399208343680809,325,0.07118754490792625,356,0.5193016206075647,585,0.02446076605019703,477,0.5852944463179895,579,0.01835966305001626,485,0.7136631098659911,591,0.011650322510751243,513,0.006334244433140679,124,0.09522393107857048,141,0.031136085998949348,185,0.08209973602597664,227,0.13389366655360813,316,0.06090296622463435,386,0.36675089926564075,550,0.04324997579028006,449,0.444983831754996,560,0.030682390634130613,471,0.6859788876803729,588,0.011127189893476537,519,0.00916102654752149,178,0.08003668052293635,132,0.016391169208050727,159,0.06540143950025866,234,0.13827765327854702,326,0.07352327168555527,340,0.5638985458370457,589,0.02121788151139469,490,0.6920146664490487,589,0.011686282413925697,504,0.7491440451605045,587,0.010514715098452218,502,0.008262591286953391,156,0.07689889796040028,185,0.044525291096448205,215,0.08796164774860105,224,0.11143867765836091,280,0.06425904754676168,382,0.3729900030590587,547,0.03908814547349391,460,0.45386170642604395,555,0.03128169359790222,460,0.6597373633327248,589,0.01666092447561797,499
"(30, 251)",0.5845097751059175,476,0.027478174996389094,321,0.4803617177645002,489,0.028476958689118228,412,0.14339924983428687,333,0.09182302366904961,279,0.01119476383505602,49,0.12094368520120924,119,0.0062748650314746746,53,0.11273778320428227,123,0.0017728289672579445,45,0.11492864190738582,172,0.620018103255279,534,0.02710608915504563,364,0.3757002768668072,461,0.045957692393401,355,0.1429512928853871,323,0.07719096137763898,328,0.03235920314342522,85,0.12887365360496508,198,0.01784429238113816,71,0.11738569730187197,186,0.002395273761351846,48,0.09737377850162865,199,0.5961684184651894,472,0.02392025845434598,339,0.47763483889957925,482,0.025830292513320315,421,0.14640732930541933,336,0.09394799856171704,267,0.00800646317537268,48,0.12129350079560722,110,0.0024096352455237335,57,0.10722902824021846,104,0.0011694079608297603,58,0.12297050254804914,131,0.6032681026455158,458,0.022924157889460034,320,0.3257911818019489,425,0.05908634722072905,312,0.17205333919860588,348,0.0706642471602285,365,0.032630750694971455,91,0.11669860451332988,235,0.018523552454758674,92,0.12149971316056746,184,0.003039431578030216,52,0.13306627859739698,155
"(30, 27)",0.0044019953894216535,147,0.14018513044617395,60,0.010194294382662727,130,0.10285624800744525,152,0.10824601018083391,272,0.10084706197793618,258,0.46782547191705925,574,0.034851934421773,421,0.5424490096298114,573,0.025496739510749707,440,0.6790845434537268,582,0.015824959453818774,479,0.0031953470861483257,92,0.1569262654405759,78,0.021584015786192623,154,0.11910444480283909,151,0.10861819856839539,278,0.08459180277507553,303,0.31628934859280156,522,0.06027472324156735,399,0.40306548251298124,545,0.041526286094263204,416,0.6499150209122688,580,0.015040936702174487,493,0.00397182727806733,151,0.12712337225585216,68,0.010405150293700927,136,0.0924865410674952,162,0.10578826180127177,270,0.10469581247491257,241,0.51189662398817,575,0.030333580705427132,428,0.6493144921237498,574,0.01660138955611891,463,0.716064506821797,574,0.014481234313524683,470,0.003726669303285246,133,0.12493666049755718,122,0.030344499924722212,185,0.13034876548585664,153,0.08741768473526501,253,0.08855661446943354,307,0.31505304214305296,514,0.05480415155544109,407,0.3977289042942399,517,0.04371404159999539,401,0.6253464005053276,576,0.022540242474730073,461
"(28, 104)",0.8385026201053002,571,0.006694876540514394,539,0.5469643699199724,523,0.02443999599306851,446,0.270625654659993,468,0.06593841837076689,372,0.079053785676374,222,0.061571518204644946,275,0.037047209675910686,174,0.06748069849895624,235,0.011458183998005245,137,0.09916050552352103,200,0.6651961188618869,549,0.019332878366822147,433,0.5208378173260244,535,0.03031603231443918,453,0.3442817988690803,496,0.04555556977795983,437,0.14508997867172546,340,0.07505091914268461,357,0.09893086743325141,256,0.07584580974066536,299,0.01785136272999477,152,0.09407958447046395,203,0.8132058743465813,556,0.00732581345859107,520,0.5423774436162795,514,0.02358276154803643,441,0.26627044988945536,463,0.06890554678816647,359,0.06592194496265447,215,0.064799476577166,253,0.020152130044601924,167,0.0672274334109875,202,0.006685097812838547,137,0.08916108500732163,188,0.3799646363887855,400,0.03318854442436247,282,0.4878434145512994,523,0.03626034317385061,425,0.3586569428755375,519,0.05237284545844447,417,0.10228987736648842,265,0.08721170168228091,309,0.044699983740466576,171,0.09747502121604083,234,0.012050921355518107,128,0.10919590470362579,190
"(28, 85)",0.00018540933716393315,58,0.11071339798259375,92,0.006047356729943942,105,0.10970647979845632,137,0.0440508365948562,138,0.12076566029792403,200,0.18599203725033098,377,0.046293779194726166,340,0.29625561132792333,428,0.03374498262064597,381,0.46468487932476465,473,0.028861871082792805,401,0.00205140039577123,79,0.1328198368597236,98,0.007463256835474441,86,0.12481412474425037,141,0.026765542160367417,118,0.10673843291860803,241,0.10685579190304151,275,0.08310665424819569,333,0.15528815366899007,348,0.0652623571845971,329,0.40300899565891535,451,0.033287481292367284,380,0.0002954357754775261,72,0.1026679751101702,99,0.00627852637677162,113,0.10424997479417022,136,0.04536917233499338,142,0.12429153602724978,191,0.21174643391581793,384,0.043918024867089116,339,0.3856244531329781,441,0.02513421515322591,389,0.5346350593953506,472,0.020694683488580397,415,0.020957648478136637,189,0.08718767189731277,169,0.009634333611098667,93,0.13414819455046798,144,0.024264850484834177,95,0.12853065211986323,207,0.1508448260584977,350,0.07662000459427665,336,0.26846456783957784,435,0.05362493782746302,359,0.45783940602916817,491,0.032481946379934214,409
"(104, 28)",0.0017027942210119384,116,0.08674452233556929,129,0.023361717852697472,185,0.0818090505941606,196,0.10614217177785734,265,0.08966320966283335,288,0.3630247466833664,530,0.03477638766348743,423,0.49727034635998824,552,0.024478240284943907,442,0.6397576800629765,564,0.021169514369864015,442,0.011690028207181014,159,0.10192849029877867,134,0.03297663651117966,186,0.09361843081814573,206,0.09620998638947431,259,0.07783907634017717,324,0.25488436596641106,482,0.060571538344653515,397,0.3342419521002412,507,0.04643137808048038,396,0.5877162694518797,560,0.02427260322211462,427,0.002600269733952887,138,0.08066774723517801,130,0.024833206385569073,188,0.07748998608709512,195,0.10331663698330962,267,0.09113946632848036,281,0.3915107853140879,529,0.0332454580569166,409,0.5850797738540241,544,0.018039915738224926,439,0.6983568429488205,566,0.01527759520410378,462,0.04432914919272091,230,0.07216774197044788,194,0.042554752678157115,210,0.10097376135669528,200,0.08348926061140527,246,0.09516942358505334,284,0.31550546808874835,515,0.05534512265823653,404,0.45950530418074087,559,0.03892378708668309,420,0.6324504778318132,580,0.023899513370734708,456
"(104, 52)",0.6828350632955713,509,0.011763164701100741,454,0.3641935264280496,423,0.03274855964529512,390,0.14596873952033296,338,0.08062882268616135,325,0.023549710490465836,80,0.08655018913995628,202,0.008966044902913639,66,0.09334923094462927,167,0.0026472520198744798,60,0.13186138569694292,146,0.46197174548565667,456,0.02992464267338002,341,0.313492804905223,424,0.044193081380218914,362,0.1590268924715268,340,0.06583358933661018,369,0.0490131475742992,123,0.10494106606222411,273,0.028655227441882758,104,0.10530054204364561,214,0.004280163915423185,64,0.12522339114358658,161,0.6415931599608111,485,0.012861338067252525,432,0.3552709241027825,418,0.03192052020197113,379,0.14952288079627918,340,0.08057383156517088,321,0.019344538689333057,81,0.09059984166684497,174,0.004380138695062041,80,0.09221684198373276,136,0.0014349166333793573,63,0.1201725397645462,136,0.2696951213644634,362,0.039531978658313524,274,0.27573377683029354,395,0.05416198444792662,327,0.1783941288732428,357,0.07388917056934394,353,0.032531120084482334,90,0.11802716589813636,232,0.01190429095962342,56,0.1315459313787943,170,0.002840847944528435,48,0.1448489118119441,140
"(85, 28)",0.8386609347963545,572,0.010359528935974392,478,0.6465353843670325,559,0.031246168163931713,401,0.36754371213235115,545,0.08980503345089264,286,0.12577248009144903,306,0.08432080126894283,209,0.07599101359634997,249,0.08730843818324675,184,0.023807798108798628,185,0.13488416059580316,135,0.679012240835451,553,0.02716965653226764,363,0.5960983272639201,567,0.0416247263096628,376,0.44972256016261414,552,0.0625567473930333,380,0.2274298301346418,448,0.10224847281937345,284,0.1720225258764443,365,0.102113768714611,227,0.03351278399071034,201,0.1297462364644775,152,0.813554792743707,557,0.011322079249041639,447,0.642401745475253,557,0.030252433599464706,391,0.3687293894344239,543,0.09233408783554792,273,0.10520756565068012,269,0.08927157739687229,181,0.042040679880828824,211,0.08768552120095534,148,0.013238313766100074,167,0.12310042706954477,130,0.3895887100653622,406,0.044767140956473904,264,0.5747568943055665,565,0.04714271042356487,358,0.4641945372548265,565,0.07100942586206078,361,0.17233427365289722,380,0.11796650553550671,233,0.08573808753319578,250,0.13141348857932783,171,0.02206879145948215,166,0.14888558641483302,135
"(85, 96)",0.00018483107254185782,57,0.17150514428519126,42,0.002476962632807056,70,0.1996891095010414,47,0.02283058531618576,75,0.22675906772615073,88,0.1242306893910401,305,0.08466819499680216,208,0.19153561017255516,351,0.06415449962118681,249,0.3614342998111848,416,0.054474206043637986,309,0.0017742001964120568,75,0.19726156536465486,55,0.003974309564546141,62,0.22115841123066135,56,0.01278796542300542,74,0.20495345007082758,102,0.059135845329222225,160,0.1601974883301277,158,0.08743730723842469,240,0.12795202208475226,165,0.31110579641724234,404,0.06173463773219473,286,0.00029366308535827557,71,0.1590152124934302,45,0.00257977832962486,71,0.190327593773487,48,0.022645320196897023,74,0.23403015808261865,83,0.1471310034196932,336,0.0798290204628148,209,0.2775316172418393,385,0.04674268359860007,273,0.44496107996559875,437,0.03814431098733465,333,0.01960493255637763,184,0.121256872505372,124,0.004789671823631769,62,0.23252734105431455,63,0.011499789271902872,64,0.2435862197518676,96,0.08723902357899505,228,0.148017251409359,168,0.17472193035963157,357,0.10365304593245848,227,0.3724776423739986,442,0.05804240993759009,311
"(29, 216)",9.999999999998899e-05,29,0.07661214474537216,150,9.999999999998899e-05,9,0.12690500704330437,106,9.999999999998899e-05,5,0.11322500943727944,216,9.999999999998899e-05,5,0.047765272277798476,334,9.999999999998899e-05,5,0.04740528406496605,312,9.999999999998899e-05,8,0.12049889593306135,165,9.999999999998899e-05,12,0.1027344766665747,133,9.999999999998899e-05,9,0.12224237038021853,146,9.999999999998899e-05,7,0.14420877920570718,159,9.999999999998899e-05,5,0.11445332090436493,244,9.999999999998899e-05,6,0.0972887742559494,239,9.999999999998899e-05,9,0.14722576811339025,128,9.999999999998899e-05,36,0.07285126746275898,149,9.999999999998899e-05,9,0.122986263691936,103,9.999999999998899e-05,5,0.11012036674703884,221,9.999999999998899e-05,6,0.04151797126354587,353,9.999999999998899e-05,7,0.032200384911545685,339,9.999999999998899e-05,8,0.1333881563863252,118,9.999999999998899e-05,41,0.16340914202410015,90,9.999999999998899e-05,5,0.14086536411395403,133,9.999999999998899e-05,5,0.16145350091289581,153,9.999999999998899e-05,4,0.10309278350515465,261,9.999999999998899e-05,5,0.07814197148304983,290,9.999999999998899e-05,6,0.1119213028431559,184
"(216, 238)",0.011715108959739484,186,0.1629162202016063,45,0.017756716982653464,165,0.27864155877948205,21,0.03474016132690405,113,0.2596744167996509,68,0.15866371401780555,351,0.10536466936005524,149,0.21138616214693817,366,0.1001701149244536,151,0.16440870133535768,324,0.1812252328418226,92,0.015350239454340331,175,0.20316613513944642,50,0.012451107589054877,114,0.2924623688769754,35,0.025700715537526397,113,0.3323046268325568,43,0.09023696288984118,225,0.2427616873899245,90,0.13135613567354887,313,0.19284613214580773,96,0.12007718879596496,294,0.22652742318866095,70,0.013348408968666403,191,0.1575913613325541,46,0.018924865519263867,169,0.2594048500206327,23,0.03754092974051859,121,0.24592144223396492,77,0.19751746642526435,374,0.0883881324457968,188,0.30572380077103023,403,0.06553182662738626,210,0.12054223305657885,290,0.1762349707899105,78,0.015263385084810954,175,0.26802567722460524,41,0.014310998739360037,122,0.3131159582627372,39,0.021674480908636773,90,0.3794097137249135,41,0.10395386325289258,267,0.22432301543657066,103,0.1602086151795138,337,0.16449395693737542,129,0.12903956178621878,307,0.17740799210148764,103
"(216, 29)",0.7417466320588786,535,0.014475964784403562,422,0.6983555680607288,578,0.03182237239440343,398,0.37672664285812874,550,0.0886739711013452,293,0.22192878347934353,412,0.08816488732307191,192,0.14314313314880955,324,0.12199834771176055,108,0.1401238159518584,307,0.19512936010850548,83,0.517259047707967,483,0.040635146043050706,286,0.551282567302562,549,0.05123037427354266,333,0.42025225212107387,540,0.0950384431587391,271,0.23754779864443953,461,0.15496582689774682,165,0.1832140385760137,372,0.16493793701009532,130,0.17723191893974954,332,0.18989237608944448,88,0.7623035835927732,538,0.013022320723025296,428,0.719086908482542,579,0.027591981666736945,408,0.37278038558189286,545,0.08638290227260301,297,0.19340357077664816,372,0.08940586778618492,180,0.11405858423966386,293,0.1122045529928487,100,0.1449034206540274,306,0.1629291712649757,86,0.4125734191587047,413,0.07079391832388095,197,0.5385366949347141,554,0.058252106472903395,317,0.42339014372540773,552,0.10399589692188217,260,0.20071841006877333,414,0.16642220209049532,151,0.1489971372705583,325,0.17016596378409232,123,0.16296891885607245,325,0.15970318871582323,122
"(216, 49)",0.5887908011667793,477,0.02525032834076229,340,0.5459227094379928,520,0.05272408992984129,280,0.2316125290968799,425,0.12845213329554503,188,0.046421461069992453,155,0.16176502713008484,75,0.03615758316798523,170,0.19001286673132797,50,0.030698487638282312,200,0.31251998100941136,37,0.3535226786749124,401,0.062411170587254615,210,0.3372359045494827,436,0.09034793279521258,211,0.284340216644865,454,0.13416961070435035,172,0.11452542230235685,290,0.22225467680614353,102,0.09023002286706627,244,0.22279152477482017,73,0.05703974796136735,235,0.29114688793027554,43,0.6038414270644039,474,0.023807423579181045,341,0.5585697637156756,519,0.04786522445044829,289,0.22963974221800743,421,0.12453998504770299,189,0.03371254982185068,129,0.16404683102834342,65,0.016478965363366793,146,0.18671536603287697,38,0.028784825455112406,207,0.2686327049062556,38,0.2967808021754471,370,0.09493202689117528,155,0.3986410395091372,474,0.08475681792110089,229,0.2679517637534573,443,0.15435989721097285,157,0.0733615585828804,195,0.25286023554120485,88,0.04694015811301944,177,0.2529815825330981,68,0.04513681070687625,220,0.25015898155813926,61
"(216, 168)",0.02340906763387729,220,0.14383550715631707,58,0.0196954930901877,173,0.27330462946067285,22,0.08231066286588762,227,0.2043946558538768,104,0.1753428351835803,366,0.100327308605777,158,0.24764820537211718,390,0.09095223359379434,177,0.35988333137925155,414,0.10828565329005574,183,0.06535991848682876,261,0.1459183147208852,84,0.07518823866921909,253,0.1941340280985599,70,0.07311669514969521,233,0.2543985629682727,72,0.12460803247354746,306,0.21482642614933187,112,0.14353400217719214,333,0.1855391218489935,104,0.24098072139864646,372,0.15950622854124483,114,0.019025612984157947,207,0.1479934136776451,50,0.01694622740558993,163,0.2647294979881246,20,0.0786029301349841,225,0.20015163957455248,102,0.20948128451021675,382,0.08552833836898831,197,0.36571142336445683,429,0.05632217702995833,236,0.4768356487964659,447,0.06782824283963033,240,0.10828813193287012,283,0.1621274485629046,93,0.05606063573160236,233,0.23228469651715,64,0.0896790651401308,255,0.2623051184392677,84,0.1968199252090428,410,0.16822809091894483,147,0.25429588119222635,425,0.12696009944726724,178,0.29398770536242547,402,0.11223498074223388,181
"(251, 37)",0.006426471716475035,164,0.26626294468759765,16,0.010633167145800426,135,0.1906164647475238,52,0.03607155727065714,117,0.21249178280498285,96,0.101111095263001,262,0.10310372782293054,153,0.08118549106519946,256,0.09748612937158571,155,0.09680409838750259,276,0.09920511428871853,199,0.0027715367270205737,87,0.38029603207633844,13,0.01327722263728226,122,0.2305797419483013,49,0.03200170138276903,130,0.21192804601232232,99,0.034672214154532144,93,0.2193219546337404,105,0.028618620710817444,102,0.1792099058979991,110,0.08872971827009524,269,0.09990921295888723,195,0.006119650634867302,163,0.24920960456338048,17,0.010537755041898467,137,0.17993494711857028,57,0.0379393840770359,123,0.21794346197331518,92,0.11710417861883349,291,0.09568739224392765,160,0.11339187516408389,292,0.07486157762855743,184,0.19164470849700854,330,0.07030215858128537,230,0.002799995610399675,126,0.44542776857981314,12,0.013814078610986713,120,0.2949596603456964,45,0.028957728434110264,115,0.2966463531186491,62,0.030859553658118988,85,0.2815764534372051,74,0.05194372139860637,190,0.18600511488333157,105,0.10984412331501248,283,0.13637618036307786,152
"(251, 218)",0.5225031227585324,443,0.04589884753232184,231,0.2972181814949313,386,0.0635284648007279,244,0.11663524693760607,287,0.14863673941701722,156,0.06455776471376262,199,0.11963087065060019,120,0.09605444652871165,269,0.09199235521838343,173,0.046271720604619704,228,0.12428001984027935,160,0.4779253107183279,468,0.06692565375449319,197,0.26678617509893987,392,0.08610221524401829,219,0.07826704321384714,239,0.1664520505862475,139,0.0821876923890219,199,0.17264010342077438,141,0.11805190361208728,285,0.1184133636931509,183,0.030353198085521838,197,0.13424322123426355,145,0.49169350789334054,435,0.04647473711679328,218,0.2572881838816963,367,0.066338891333946,229,0.10927694579533032,273,0.1582680734693487,142,0.0526069924588044,186,0.1245198485136841,103,0.07215266245147789,252,0.08769652845791755,147,0.032549098540551546,214,0.129392595219389,123,0.191442091079011,333,0.16490761239205187,88,0.17283671925647315,327,0.1429728880766036,129,0.035463677415886186,134,0.283415153986814,71,0.039549067661252435,118,0.2657928259674085,80,0.04750621667672106,179,0.1904894553217892,102,0.020255975098209644,159,0.21525160224271125,78
"(251, 177)",0.7244723180518666,529,0.023322271076789754,358,0.6411744044396953,558,0.02455897775030748,445,0.32683526173571953,513,0.08302900802139351,318,0.09233009932753078,247,0.10653640261507076,144,0.06563752785608823,232,0.10424439263805062,143,0.07656877160511932,261,0.10745932902044461,185,0.7802346445042109,584,0.0232872489838215,399,0.5325882564784199,543,0.04308264551147847,369,0.38157496243705025,522,0.07015727134640658,357,0.22037454003698542,440,0.1117457688101651,254,0.1589632730116215,353,0.10400789892598787,219,0.11925806650895487,293,0.08948245884320803,213,0.7435827577986902,526,0.019970670283263315,368,0.658706356008735,561,0.021786573168712894,461,0.3360931044329454,517,0.08419700445066436,306,0.0856203985352757,234,0.10736418089619268,135,0.048794285372678825,228,0.09815293336059872,124,0.04976486918807144,241,0.11657363051911723,140,0.8417971381331929,523,0.019051980392528783,335,0.5598871419069437,561,0.05125865847601213,333,0.5242442462609318,573,0.06583676814511234,379,0.3286874175717337,527,0.10567432942952411,256,0.19791297359700488,379,0.11151179856601877,203,0.13628520005308087,314,0.1248729433100046,166
"(251, 30)",0.0476248144789998,252,0.18278209593932332,37,0.08084032657838569,271,0.12050129456308444,115,0.19176363445343836,388,0.11818249170048603,202,0.44783237444288293,564,0.04004160229516513,378,0.5096233310839544,558,0.02969148487471084,403,0.6791790319002549,583,0.018805249814395672,459,0.08547968201534606,274,0.19807954557720975,54,0.09907496283097927,270,0.14079080408020972,114,0.25373608313353047,419,0.09707836260304133,264,0.39551141922665756,556,0.07137104171078872,365,0.45002416771847054,563,0.048527011505833516,387,0.6855962302172522,587,0.01793071573201866,472,0.05173838104490558,251,0.16624142252801574,40,0.09307809923629629,276,0.1082447533764446,131,0.1899120331673082,382,0.12331512633733481,192,0.49112701445764073,567,0.035023046145218305,393,0.6053764919812653,553,0.019379621213381302,431,0.6768636787547326,554,0.018134406153225337,445,0.21496005460365553,342,0.15457548307378816,99,0.14498213070788968,307,0.15540962181686704,116,0.3611626769877926,521,0.10115131188835073,263,0.5095870951842333,586,0.0660213464810526,367,0.4937805204249869,574,0.051760661465407594,364,0.6753444576121741,594,0.02748366903724882,436
"(31, 139)",0.8255667098278716,566,0.0077495977615725424,517,0.6393942789455469,557,0.016128834485880348,513,0.27809539285610996,473,0.0417700455458981,463,0.05720452056972347,182,0.05629143694181868,300,0.0254938097469235,146,0.05076124884235925,299,0.0062653858110046645,99,0.06907826607853904,258,0.565609349753004,510,0.012755453901057975,489,0.4615105406617057,509,0.024798223604769434,482,0.42780362127856675,543,0.03776880344068405,468,0.15834288295090926,362,0.06572998013622003,383,0.06409767219885498,194,0.0603174683136196,345,0.00955469375513407,102,0.06807927634474865,273,0.8416557584354112,570,0.00704207233928381,527,0.659085570724941,562,0.014729653992376118,517,0.2888896040203065,483,0.0400698378605566,466,0.03145772506762401,122,0.058230227218212596,275,0.005630917073429997,88,0.05328808779975207,246,0.0036988836468425657,106,0.061572759260561334,254,0.37024162348852285,395,0.017862417116704558,343,0.4118344187411236,482,0.02697438478498631,473,0.35359042695373044,514,0.04080977751460731,466,0.11121669092342934,283,0.060451531873042835,386,0.054177912982295795,193,0.05284539678495104,362,0.016126953319879456,140,0.0575487529160903,312
"(31, 266)",0.00023713722987572794,62,0.11745278107144898,83,0.0026566312507152468,71,0.10032645684588817,159,0.04188078573943066,134,0.07850993295709655,330,0.232256967701977,418,0.03528549393016688,414,0.3514258309440671,471,0.02117057489184589,463,0.5426344527026562,516,0.015613067819130574,486,0.005177714078863138,110,0.060975507369617904,217,0.01172983869790678,109,0.08434326971996242,222,0.014978454790347095,80,0.11544958442134727,215,0.09670080683022197,251,0.07747346575328445,352,0.2157804236990899,410,0.040245733169444055,422,0.4889372730661341,509,0.01833733163130557,468,0.0001741305593025988,60,0.11906578604008394,73,0.002184021882479903,69,0.09879936453673914,145,0.03893591489512749,125,0.07815283948757012,331,0.3204675844002285,483,0.026861456237098832,454,0.5556007789372908,532,0.011531936210744453,506,0.6040958440617443,514,0.011264456013671115,491,0.02241105752605166,194,0.045493343594106915,262,0.01677678566907881,136,0.07839520668930149,245,0.02511991216973053,100,0.09853526473420542,274,0.13987750060663662,332,0.05600343675759423,399,0.24018835978067554,413,0.03216848451606913,453,0.4174207197232096,470,0.019454886090356373,480
"(139, 31)",0.00047393974175791165,76,0.08125930018911084,137,0.005873198460300433,102,0.061702380591155404,249,0.06535902946747207,192,0.05101705060616145,431,0.2834285499008966,471,0.023119128439197906,491,0.42458701415210387,507,0.013526916516760731,520,0.5634605613229586,527,0.010081580934638599,526,0.006846250868413617,132,0.040583572510587564,287,0.018407628636369244,145,0.05414319108297336,317,0.022367917779825497,101,0.07448138002833103,345,0.13270897001415372,316,0.04912329321474377,432,0.2961113588006028,483,0.025428698087734503,494,0.49886863079533605,516,0.011660357425829736,517,0.000327445871308063,78,0.08224339254407727,129,0.005065596368561298,106,0.060556304029286724,245,0.058299568409256985,182,0.05126087877879999,429,0.37302854186776746,519,0.017881455088451476,512,0.6178085513132614,561,0.007382200335990404,544,0.6424693719280952,537,0.007388883963645591,540,0.0011026015732322758,105,0.028340870847028667,297,0.02490071603616162,164,0.05072832400493217,336,0.037259856984122264,144,0.06342219150246495,387,0.17621608448300397,382,0.0370863535067159,469,0.3266090998243034,477,0.019906728598071372,517,0.501585648284356,515,0.012252293019723998,532
"(139, 58)",0.7838630354231895,549,0.006871223241487493,536,0.5505154500116286,526,0.013583248366157059,528,0.21297778196675066,411,0.03441167235647397,493,0.0403985615482807,135,0.04425856773055111,353,0.01532623324318183,107,0.04093007765530078,345,0.005272437017775244,94,0.04784236961760729,322,0.5316728867161595,490,0.009512318278259596,522,0.39862698638219274,472,0.01942469601818093,516,0.37052170290770237,513,0.029218080658099096,513,0.11759550340716562,296,0.0511435254548475,428,0.037083300282810594,129,0.05082565941926774,375,0.00885671107953001,96,0.0446974865745224,336,0.8071482629280531,551,0.006088305234876635,540,0.5681940790061575,522,0.012556559341387491,526,0.22949863069913157,420,0.032464929253763465,502,0.021985212898818607,91,0.04594870951721901,324,0.003261805519407801,66,0.04239530630994674,294,0.0025780701929756233,86,0.0464976934576125,299,0.7209878665478762,483,0.0032652021580141066,467,0.3548735843686377,445,0.020923286488122732,506,0.29540768772356607,465,0.031806389628900804,504,0.08481449639764083,226,0.04732303830851065,429,0.030176887666050867,134,0.04403363183349061,399,0.008673419364257473,101,0.04738078954269876,344
"(266, 206)",5.153108037392329e-06,7,0.1287981720404825,69,0.00015641049325121337,29,0.1216976587299773,113,0.016751126825763296,58,0.0898219676345415,285,0.20865576657277174,395,0.03506522506865956,418,0.3068285948850681,437,0.022134877715506523,456,0.5257560550846119,507,0.015282750533977537,490,0.0002342390815115447,36,0.08445705663853309,160,0.0018821961749166949,47,0.09989956976275575,192,0.003037315886131209,39,0.12986256890754871,180,0.054989986504348054,145,0.08229493973551176,341,0.13972155384503493,329,0.04654170109013239,395,0.4533192227777879,491,0.018137049916365874,470,4.30835132048113e-06,8,0.12861044035004537,66,0.00010823562852002588,28,0.11977079320495403,109,0.014407647782948785,58,0.09075167419615027,283,0.30191508590464566,467,0.026570916023743216,457,0.5380910229773763,522,0.011594066061153385,505,0.6169833724581291,520,0.010313714221079564,505,0.002700193502018,125,0.061648642570107,214,0.002769642384672144,50,0.09534068434167955,213,0.006412683135425645,46,0.11508068168468415,234,0.08798310655759711,230,0.06156529590820994,384,0.1833334757742059,360,0.03499441076990295,439,0.4090326064532398,461,0.01739798183410724,496
"(266, 31)",0.6385452402807521,495,0.012112499118266496,446,0.42262750044291586,453,0.023294030212429716,454,0.07115175822371489,205,0.06601509259117706,371,0.004083804158721116,33,0.08695219498223893,199,0.0008246169930512526,26,0.07975828966264005,206,8.471478615557082e-05,5,0.10724053364828537,186,0.3616226275596237,404,0.019143375619632006,439,0.19538723910074607,341,0.03892833118485396,396,0.1602272889074171,344,0.058025276056866866,397,0.019045229358064963,58,0.1022957112973182,283,0.0046544552474837575,36,0.09416698571342214,248,9.767363854984445e-05,6,0.10438143762655162,188,0.6498521509741365,491,0.011602512505559047,446,0.4482909740392492,471,0.021163804196657,466,0.07856338987283795,224,0.06329679755260077,375,0.0016151330096533245,27,0.09025975195973879,177,8.133876433591425e-05,4,0.084333199941686,161,9.171206714109204e-05,5,0.0945758805061248,180,0.16053400153527664,319,0.027232598911237985,300,0.1724628505493565,325,0.0408309494308364,398,0.11805374228611587,286,0.06294837304190615,389,0.011669081819064564,43,0.09425427034036431,286,0.0033249237250094765,31,0.08277602986873046,272,0.0002484265851788736,26,0.08606258816834389,231
"(266, 189)",0.9911528325180378,613,0.000250664239240332,611,0.9268017990318582,613,0.002221165992124966,606,0.8551425265095376,611,0.004954424702270004,604,0.719304280229085,603,0.008311053613319531,579,0.853283161216506,611,0.003285200563193286,593,0.8470345553877077,608,0.004136400858612518,586,0.9810017670329315,611,0.0003981956459944756,608,0.9681000949462805,610,0.0009030789667205393,609,0.9653420865480481,613,0.001330150359257932,610,0.9381699512413961,611,0.002371371592826365,605,0.9213301060124928,612,0.0023248433312511333,604,0.9442997497016874,612,0.0014124262699181263,602,0.9904869332568778,613,0.0002683044262879531,611,0.9377715386886829,613,0.0018226645294381362,607,0.8609244494752493,611,0.004683490814567579,605,0.7204576804266357,602,0.00791778387636951,579,0.8346475499514208,608,0.0035311280334777155,584,0.7195527093020397,577,0.0071366775395658374,544,0.9995000999900006,589,0.0,590,0.9434506759590026,611,0.0015946070449799309,611,0.9201319113332522,610,0.002988572268895604,607,0.8784071589257229,610,0.00409308282923909,603,0.8512712842226035,609,0.0038545173431686506,599,0.8747658734073143,609,0.002805960222899858,595
"(32, 52)",0.0001368502411458472,52,0.049033200205569866,218,0.0022917423122634784,69,0.0388314889948629,345,0.055526630496356644,175,0.03744218563863628,480,0.2147176248767131,398,0.01223614763717653,562,0.25922649574125334,398,0.009817692289115623,550,0.433407643536456,452,0.007609511863276258,553,0.0012594802627848845,68,0.06073802924339229,218,0.0072655846245429645,82,0.04317329333749811,368,0.03471077594437988,138,0.03381504616592426,492,0.09841748787688909,256,0.026870820870904328,534,0.12034610642151589,289,0.02138956616358031,516,0.41338879902043657,459,0.009417642398098423,535,0.00010851251777221904,56,0.04603956938977282,220,0.0020896355506017095,66,0.03694002385349579,345,0.04965336084319183,152,0.037960037000257775,475,0.23386676093563052,402,0.012060515697617456,556,0.39310288976664665,449,0.006610224714373912,552,0.5268067655172102,464,0.00558904720998554,567,0.004533576278410334,139,0.042859504177020016,270,0.008238827567060625,78,0.046695860087796484,362,0.0320700135250882,123,0.043947917919462585,448,0.12835993488498143,312,0.02602528443246264,524,0.1956919519626158,377,0.01836348206515754,526,0.35152354486091664,427,0.011515235661234725,539
"(32, 70)",0.8532322398900342,581,0.0026640948039864435,587,0.6543282050842615,560,0.005897130762717747,592,0.2365964360113143,431,0.023095404133116795,548,0.06457277640667913,200,0.018263504665694978,518,0.04758870969929441,201,0.017274330955243885,494,0.014389190011629305,153,0.023676102128581577,426,0.7097480971252008,559,0.007353426221663043,545,0.5242258065785491,538,0.01037048899592047,566,0.30590529302302605,473,0.016370769545850188,563,0.15598378053753548,357,0.023046866081276953,549,0.12977235327770287,311,0.02085860519475286,519,0.016593660155944878,143,0.027505172110220966,411,0.8636248384145717,577,0.0023059479048364627,587,0.6634041665102226,564,0.005414952142798625,592,0.2529757882822463,450,0.022060559574723818,549,0.05657576890308702,198,0.019355834058745428,502,0.01913123889440982,159,0.018105225462867382,438,0.007117921463528409,141,0.02346589710589307,400,0.5811252084910872,450,0.008500364456174483,405,0.5082254798500855,541,0.011818110291551828,560,0.3176171879940276,487,0.02046460439367561,550,0.12169921558049113,301,0.026491673122188863,521,0.07378460316775892,229,0.025418940328040658,494,0.025476818690818304,178,0.02761908190078522,432
"(52, 104)",3.215048512739127e-05,16,0.12149238014302559,78,0.00041512848593772134,37,0.11568019532544056,123,0.009800626836356852,51,0.11386498046100964,214,0.08432368339161744,233,0.0410564774215315,371,0.11606132820556891,289,0.030570702155107304,398,0.20812313661272064,350,0.02657460975296303,418,0.00035232169951937564,43,0.1479740597125555,82,0.0011986213014278935,41,0.12732771341991964,136,0.006963385701611369,55,0.1067162459679484,242,0.029980405388324582,79,0.08202331848732947,342,0.04246000600705058,143,0.060990489048300324,341,0.17884398522185974,336,0.03133748569416321,390,4.436900846116476e-05,21,0.11369344932905516,80,0.00039374325644314645,39,0.10912524137200659,129,0.008893141638410929,47,0.11611010474419202,205,0.09902479851443147,255,0.03879162298240655,367,0.20452328046725987,349,0.020447814350136442,419,0.2959295173452209,372,0.01852952955095028,439,0.0013444166115971212,108,0.10169546638196633,150,0.002528526838919687,49,0.1374683405936503,139,0.00580442652239932,43,0.12970403647006923,205,0.042744166336831535,126,0.07467787855795402,342,0.0861898157879808,251,0.051948528697259515,363,0.19932235958931632,345,0.03201400066163754,412
"(52, 32)",0.9076080027412945,597,0.003990054046065118,574,0.7924853126105132,600,0.009325156255780226,575,0.4855838405350851,576,0.031001786321177956,511,0.1770180030979751,368,0.03206459278173479,439,0.13438622974706715,314,0.029112734694290175,409,0.06761009546161711,247,0.03865774349747589,354,0.8027274110310574,589,0.011245428845916276,504,0.7139772891864323,591,0.01513289915542665,541,0.5295556180616543,573,0.025188375744542867,532,0.3275735161262239,530,0.03696410899176555,488,0.2760634529507735,469,0.03267777621053056,461,0.08321861188765789,262,0.04044039968307069,356,0.8975098137722206,591,0.004172685139242646,564,0.7958391563931997,594,0.008630868356213512,575,0.4983342403796043,577,0.030342277582061886,514,0.1551613618130342,344,0.03339832950638569,408,0.06933563711643909,251,0.02932528939301582,357,0.037128845391179555,223,0.03701320338843152,340,0.704094007826525,478,0.012616415973206374,377,0.644446061171936,583,0.02168185096940697,499,0.5519413375874742,582,0.02841682965221781,518,0.27507695010317035,484,0.04014821017125117,455,0.17399810939658222,356,0.04110333489529461,412,0.07191743185130839,253,0.04496906930224665,354
"(70, 32)",9.999999999998899e-05,30,0.022032001048003253,365,9.999999999998899e-05,10,0.02259593462716209,465,9.999999999998899e-05,6,0.025051772738551494,540,9.999999999998899e-05,6,0.008637816097952288,577,9.999999999998899e-05,6,0.006623474287036503,578,9.999999999998899e-05,9,0.005426868708969228,575,9.999999999998899e-05,13,0.026764264579417843,368,9.999999999998899e-05,10,0.022783953370758298,493,9.999999999998899e-05,8,0.02335709897086683,535,9.999999999998899e-05,6,0.01878123152286618,562,9.999999999998899e-05,7,0.014968666250226694,551,9.999999999998899e-05,10,0.00710669953340963,562,9.999999999998899e-05,37,0.021670176676627007,357,9.999999999998899e-05,10,0.02204741227724933,455,9.999999999998899e-05,6,0.026623353552783197,531,9.999999999998899e-05,7,0.007941714029601317,578,9.999999999998899e-05,8,0.004490960840582631,580,9.999999999998899e-05,9,0.004250060376689401,580,9.999999999998899e-05,42,0.018932753093812916,336,9.999999999998899e-05,6,0.02774736379323082,467,9.999999999998899e-05,6,0.028674388214700593,516,9.999999999998899e-05,5,0.017677026329580677,557,9.999999999998899e-05,6,0.012384841345762801,558,9.999999999998899e-05,7,0.008309893195246493,566
"(33, 112)",0.8881677636047474,590,0.00875141497233876,504,0.878665214194716,612,0.013682486425688254,526,0.6300179039963001,595,0.05928963451562942,399,0.29115871943630167,482,0.06370685187859607,266,0.21265985170173374,369,0.07208065323232399,225,0.11908194742115552,291,0.1346133216642468,136,0.7672066116579013,578,0.024574188526448222,389,0.8123603326492808,603,0.02516572499942401,477,0.7016382717136559,598,0.05033429761234278,424,0.4231690279038415,566,0.09714514258540916,296,0.3391015678790992,511,0.09364811493743326,251,0.17510620879095606,331,0.13176445989963906,148,0.8920343212050033,587,0.007931887429753858,509,0.8826391001037207,612,0.012509044903639742,527,0.6298089073660912,595,0.059125575357284056,393,0.24310338853865743,411,0.06569474583925018,250,0.120067418683246,298,0.06675240912164046,205,0.05507366783109058,250,0.11374815430753286,145,0.5827099785497987,452,0.06111753914855451,216,0.7508899546562222,600,0.03487774979624466,433,0.6581154333093346,595,0.0591720566539543,401,0.3225596085274519,520,0.10370336486014803,258,0.21219661798765288,391,0.10523228235653169,221,0.08358100302662286,260,0.1371046672871661,150
"(33, 127)",5.823226155599048e-05,22,0.21703114450688427,26,7.515563016713411e-05,4,0.31054103550914425,18,0.002907674013875372,33,0.3561075367701102,34,0.038344006143238074,125,0.12521708315483263,115,0.0655038564450543,231,0.10673124930850447,138,0.13111094866405149,300,0.13036380572245487,152,0.0006042954766022346,54,0.2660930410513324,25,0.00029976326314318236,30,0.3508592091959198,26,0.001382613179279124,31,0.40148396566142713,29,0.015481805552727712,53,0.29262977394026385,62,0.027725165562984877,101,0.2157666189775727,78,0.08549941155694951,265,0.16733152126067435,105,5.21773507200507e-05,25,0.20433513795625532,26,6.77129030485224e-05,4,0.2943933944055806,18,0.002913471917155963,33,0.35484718747393623,35,0.05310919472862219,188,0.10907814293001922,132,0.13006585722512742,304,0.06499614012189192,213,0.23779220853397876,354,0.06985430111307102,233,0.004471580451607116,138,0.3098582008058681,28,0.0007555720803862354,32,0.348055570403853,29,0.0022056666259631097,33,0.3954006682012283,38,0.03101560483547061,87,0.22636160139379616,102,0.06571551566551515,216,0.1555389522191007,138,0.17824203175321685,335,0.1065167869098613,194
"(34, 41)",0.5193776173296899,440,0.015318650091196435,415,0.4330956798351566,462,0.04133810729016294,334,0.27085633841031054,469,0.10376632708140521,248,0.1907433410352425,379,0.08545127203750517,205,0.15679801251052183,335,0.0947305371733965,158,0.15827908632549226,321,0.1340498704752639,138,0.3261241369673713,387,0.031216379753910287,334,0.31754315241578723,426,0.057182914848831534,304,0.329154713428812,490,0.0841924376632021,304,0.2650752958320123,489,0.12204296969415449,225,0.22306936085977913,416,0.11655248151208011,190,0.1693410380864716,326,0.12915694603398184,154,0.4999229422172984,438,0.015373108545679746,406,0.44657860865861543,469,0.03791331209238875,337,0.26464276999604186,461,0.10438840090802322,244,0.16915046965237235,360,0.08853058724032968,186,0.12580637890991153,302,0.09138713941449221,137,0.14875165696582338,309,0.12177061137894243,133,0.07830298697052374,261,0.043428543557254846,269,0.2984023004688081,408,0.0607187923989797,298,0.302036819680756,473,0.10254625799219846,261,0.22912669819930054,449,0.13790387619717204,183,0.15999352661654487,336,0.1383285862666894,156,0.16697439384008705,328,0.1323789297584337,156
"(34, 151)",0.1918732228732718,322,0.0360230124047308,267,0.2022906496658532,334,0.07488420840865381,215,0.24901484794240059,447,0.10980548032518336,229,0.45247595401679475,567,0.043425126184324384,358,0.5422287814278508,572,0.034105262330243115,380,0.4663354209171754,474,0.0597815869886853,293,0.1986386137808548,327,0.04351246940070356,266,0.22951279558176552,363,0.07173642331628274,259,0.20644382775088388,380,0.1157427081733313,213,0.33421422136031886,535,0.10237208016999554,282,0.4049816279341817,546,0.07318949362242327,303,0.4259941371647453,470,0.06615349062417467,277,0.18639446530658033,322,0.03478401493683819,266,0.19414330423631598,331,0.07276341384727612,208,0.25401293221941446,452,0.10730301532950615,234,0.5028305207438244,572,0.03693971065347899,375,0.6473305559513354,570,0.021476870573248156,414,0.6288867594808856,529,0.03275932170228636,355,0.06720038947685114,252,0.04556650580013711,261,0.23079144350680736,363,0.0723224866019975,258,0.22048788273090425,396,0.1267154642011736,212,0.39239660342156435,558,0.09088215083746105,296,0.5188443724378526,578,0.053735066894410696,358,0.5286654681101275,527,0.05106436224826492,333
"(34, 122)",0.5454583923356462,457,0.01422194156038279,425,0.38308791868881675,434,0.04699446885504427,305,0.15630014451718766,348,0.14197643090911868,164,0.039352677589848395,132,0.1500458741761156,85,0.01855638362503509,126,0.1768830160831334,59,0.01782425360594997,170,0.2532944104155094,51,0.2712330741425766,365,0.03588918167196595,312,0.2817084777817538,400,0.06262933839551083,278,0.20716138016189511,382,0.11551571860119811,214,0.07767308582518906,190,0.2160286454130257,109,0.0546438932202119,169,0.20532119612307817,86,0.029470215011286105,192,0.22801743111189363,69,0.5734713773224337,463,0.012449325379761025,436,0.3925569154746601,436,0.04358232830194365,310,0.1530232168737835,343,0.1419588819390917,162,0.029929636767532575,117,0.1556794418024304,76,0.009768117796350673,120,0.17248665186639048,44,0.012221453834397877,164,0.2386262545358943,44,0.11040565621942067,285,0.03845080383586737,276,0.2825658701491046,399,0.0632173104054266,288,0.2000567652537536,381,0.13396644929989,191,0.06751337762909593,182,0.23218400177406703,97,0.03740971083035849,154,0.22498000761546094,82,0.038198883700215625,204,0.21870205913256918,76
"(34, 76)",0.001195434848423993,98,0.10589493431505263,100,0.003448693185475804,81,0.20366694501816626,45,0.022960279848199816,76,0.2540513270402457,74,0.07293286178393044,213,0.12651412087238606,113,0.1341136088982624,313,0.10163229454087787,147,0.16378651823533052,323,0.13187041366132812,145,0.01086863052707987,152,0.10042566155049228,138,0.008531497979221037,95,0.18676058285041336,72,0.01522075641277909,81,0.25811551721195364,70,0.03664308434333241,100,0.26592979889792634,79,0.05111592730579462,160,0.20910593023958735,84,0.11523498698736878,288,0.15308841007130908,121,0.0012315824530710895,111,0.10042340643710099,102,0.003326807711742208,85,0.19427619509731234,45,0.02372435904321135,78,0.24986613738122135,74,0.09274145207020812,246,0.11373466921771484,121,0.21034598075769806,352,0.07118466459175797,192,0.1596281234925978,314,0.1178270200206045,138,0.46048417306147993,424,0.01493050945282799,357,0.009328321858208755,91,0.18643989412529946,88,0.016597741825700507,73,0.2890881394421499,68,0.04140431974248737,122,0.2655332791699276,81,0.07788238372897416,235,0.18350381744775526,107,0.07107094211013043,252,0.18456944708699502,96
"(151, 34)",0.6637907736249069,501,0.007695854005085503,521,0.5987067125693538,539,0.020687654286606166,479,0.28345343573124704,481,0.088944682842732,291,0.13451573042140952,324,0.06938499477544105,248,0.06997813669050745,240,0.0806773820161174,203,0.07589282003103981,258,0.13088264814624026,149,0.4672073117571631,457,0.018493309233701263,445,0.4584058872954301,507,0.032441723834599444,434,0.28980545856722006,461,0.09308449814824296,280,0.1862397646970445,412,0.12390259110924608,219,0.1353764031798711,322,0.10965351522356782,206,0.08906366645611952,271,0.1301093846289286,150,0.6739420795402113,502,0.007164095722198331,523,0.6102634839308243,539,0.019251637799491392,478,0.2978869420203407,490,0.08267153754414948,313,0.10993666454855111,279,0.06956551850729897,240,0.03689760046371271,201,0.07350205909086907,187,0.03816017267331406,226,0.10425143604809346,163,0.21356520518872113,339,0.0464336134271616,258,0.41018974646384576,480,0.03810960686179532,413,0.2717600073183235,450,0.10741001286118541,252,0.14311073707360833,340,0.13001604019097077,200,0.07828637860610543,236,0.11267715124175921,199,0.08744104698283361,264,0.10159735756366547,200
"(151, 76)",0.0020813407706594678,127,0.05257986826061691,208,0.003882757079863741,87,0.11093516128107085,135,0.040391771649537,127,0.17028756360608738,128,0.11594396247447225,287,0.07290777955637973,237,0.20320867878551274,359,0.05654903145693971,287,0.1917176078661842,338,0.09610108771039139,206,0.011246197053119578,157,0.06404952978131623,202,0.012000886128295418,111,0.10925706930290688,172,0.03869591044974241,145,0.18212009113716654,125,0.07891388796896259,193,0.16496306344678707,150,0.11516784777345868,279,0.11572480706067263,191,0.16949711936119582,327,0.10499163658772778,186,0.0018723824978572612,123,0.05096093414045185,207,0.0034969477310109465,87,0.10758302791415275,135,0.036641501545804145,118,0.16623230084203053,130,0.14138004189140518,329,0.06397036715048744,256,0.2968550949095856,398,0.03668180612942773,316,0.2918706349190334,370,0.05291214351004087,280,0.06509237947677504,251,0.06899737970913958,199,0.01697251856194093,138,0.11018284226843814,184,0.04371399776369822,157,0.19749970072420556,120,0.1084855365070092,276,0.14259262389879068,172,0.18735728187985667,369,0.08423793924762413,270,0.17201665427611768,331,0.0810831657813408,248
"(122, 34)",0.00029867718548626243,66,0.09020175742083712,122,0.0012195454079279022,49,0.18990122331950998,53,0.018473845978214998,65,0.20696653499554887,100,0.13088756064184004,317,0.08244517853913808,215,0.2123547518841995,368,0.06508847492447607,247,0.2899635186070795,384,0.07090297699780886,251,0.007369053287365812,135,0.08117674009698223,164,0.003986959078301933,63,0.1703831645835922,89,0.009410139896697922,63,0.21957699725223148,94,0.06750387600358887,179,0.1650087273088003,149,0.09259363519409036,249,0.12757823362282628,168,0.21613104872270106,360,0.0819757461044106,236,0.00020588700581014585,65,0.08948062878796231,117,0.001047526213259986,50,0.18400398372456675,50,0.018343670223925024,66,0.20606150095965325,97,0.1677790920293919,357,0.07239152883836841,229,0.3461855876990667,422,0.040867988255012214,300,0.3746374137138153,408,0.05086239311797452,288,0.0229669039171414,196,0.0473115598995239,254,0.004187310107026332,57,0.16308295500205106,107,0.013596012489315745,67,0.22354911234380803,108,0.10926219261465209,278,0.13536707972064413,190,0.1857330776221613,365,0.09003303152210607,251,0.26476671721972034,383,0.06711849996828939,287
"(122, 230)",0.8125717159390653,561,0.0064614270982738175,543,0.7125055199275045,582,0.022715955526385688,461,0.39811336354500615,555,0.07437328820686986,341,0.1192916962231566,296,0.08503439956407396,206,0.06564317585991342,233,0.09626348100402066,156,0.03865464109315431,216,0.13879645551497102,128,0.5224430276287929,486,0.019613534334179696,430,0.5957416863619449,566,0.032108593073977315,437,0.49094259092340065,563,0.05876363217449184,395,0.20834810799747727,429,0.11333219436114289,249,0.1642023213638636,359,0.1054007898925988,213,0.06394178555782215,242,0.12302579452416584,165,0.8331085098534959,562,0.005615280855927874,548,0.7252163666340476,581,0.020799823991546177,470,0.39912467904578475,555,0.0738112810469934,338,0.0901909123787984,240,0.0890319943333397,184,0.02642088463037462,184,0.0963467647959548,126,0.02174280089785041,194,0.13136974073179605,122,0.36667699171820844,393,0.018789138393086983,338,0.590209246825926,570,0.03133658100633819,449,0.4412789080845855,558,0.07008188018308702,366,0.1421808024111776,338,0.1239907756471516,216,0.07920033622558065,240,0.11961600225728597,187,0.045833785877197775,224,0.12043003011650648,169
"(76, 242)",0.10108561567351426,286,0.03212617018632288,285,0.13312537333704122,298,0.07289830416184677,219,0.20550966548483762,402,0.12170668347541191,199,0.3692984319960405,537,0.05200074515196124,313,0.44573628895742934,525,0.0444065100830581,326,0.4066482213764373,434,0.06390099403198447,279,0.13391044814966524,297,0.03875211241590815,293,0.16018714742744078,321,0.07346137590558123,252,0.17898851257399973,360,0.13582232519242915,169,0.27827847839613273,497,0.11601612721637033,236,0.3421100520060123,513,0.08401676506740283,274,0.37479932239645164,434,0.06808532881415617,272,0.09563971705781582,280,0.03173600314614505,280,0.1248566291520008,296,0.07221891443683848,210,0.19729418546096944,395,0.12022664799687349,198,0.4134999765206234,543,0.04469251723815626,333,0.5575898400512014,533,0.027822187303398162,368,0.5710838537905072,493,0.03526610070526087,345,0.03865522283127509,223,0.04468043019377145,265,0.1818009282837576,333,0.07074709892629794,262,0.21375460181192496,391,0.13708533559769073,186,0.33491669176525707,531,0.09989071190404923,270,0.4170176296205568,534,0.06946336912887907,312,0.4200624034701945,472,0.06085694059489099,298
"(76, 127)",0.04735266980176933,250,0.04064161647783574,249,0.05925009880991006,252,0.09674526182429273,166,0.18181542135540707,380,0.13003148111779722,186,0.2811413148424743,467,0.06499478757707894,261,0.32451098624684405,452,0.06049525964007974,269,0.3759056482019515,421,0.0691032257447805,257,0.14888808115166907,302,0.036974624622643656,308,0.13520977823673708,298,0.07933875432512882,238,0.22575224199889088,394,0.11938627481098425,202,0.2366412266928286,459,0.12926022181614627,197,0.211692683409192,406,0.11764110262558689,185,0.3249270797588436,408,0.07722015582357601,242,0.04829297809073241,248,0.03914488071479239,250,0.05320919055885209,244,0.0961548696103094,153,0.1642095810080073,357,0.1321506891184621,179,0.30501815343321037,470,0.05883157789236723,271,0.40640785137305135,457,0.04194474259162685,295,0.3856772723585977,412,0.05834757407990511,261,0.8088849332975443,515,0.00358765780681384,458,0.17274369194252526,326,0.07261317956236295,257,0.22842486947320528,408,0.13178878188752197,197,0.2052297367521828,420,0.13979826948913038,177,0.22151597931018818,400,0.11456518093197983,192,0.2214368031079842,358,0.10118254853865521,202
"(76, 151)",0.4307264699451433,414,0.013044617394838585,437,0.3756436906324254,432,0.03801836039189785,349,0.1617667837357074,356,0.13783672859795543,171,0.11298998446393571,281,0.10492564864021904,150,0.0854708422098801,260,0.12068106624822181,110,0.036909514641373375,209,0.19909369858707046,79,0.23884020785167137,348,0.02871566312168595,349,0.2932994476048292,409,0.051291183856830826,332,0.16214794289376855,349,0.1426554793234687,161,0.10671403195373697,274,0.1900624413947633,128,0.09355220931829122,250,0.16980524714369194,123,0.03448977277087728,204,0.19874383748569416,83,0.4449664608784831,418,0.012169259663553601,440,0.38516968378174254,431,0.03578737529800155,354,0.1730590993473038,370,0.12877268955639756,182,0.10280701433641837,266,0.10462488217918674,142,0.0728756388373446,253,0.10846673313419168,103,0.05178552473025966,244,0.1581387777312427,90,0.0016829904549695573,112,0.07194012621835395,195,0.24581386206156441,374,0.05944971342118587,307,0.15278872470251725,334,0.16312135305586398,151,0.09391376741305013,247,0.19798746816574003,123,0.08911222426133114,256,0.17272916383246273,121,0.08668615167612281,263,0.1539747103621694,128
"(76, 34)",0.1283163667420153,297,0.029251299087363833,303,0.09366073397126295,279,0.08359564740831754,194,0.047762155145634755,146,0.2120049250250779,97,0.01862796249143228,63,0.17010763440951562,63,0.01597865686133748,111,0.18174412446414365,54,0.0380513897566267,213,0.19765134851235075,81,0.06244384609636522,258,0.05077834055562685,239,0.04376778839024664,214,0.11502227103775518,158,0.043170245446706446,160,0.22545205911969005,92,0.03796250245597532,103,0.25932822160514774,82,0.038578702088509,134,0.2199160739113789,76,0.05514232027011989,233,0.17643608592305657,98,0.12799306396681742,299,0.02834985427026709,301,0.10721640722796577,285,0.07671005397479667,197,0.05232208646446068,163,0.199802903829819,104,0.015617271341069161,70,0.16892858228763255,61,0.009335068494771281,115,0.1692808494275737,48,0.015041628751507385,174,0.206769526127057,59,0.9993002099650037,582,0.0,591,0.03508142992532848,197,0.12448205301302653,161,0.036581152617892965,141,0.2609963972496206,86,0.04111883346901912,120,0.25279758631422666,89,0.029070351774895364,130,0.23464113399828257,78,0.029720642520375762,191,0.20619093899393384,82
"(36, 35)",0.005047343603232335,154,0.48384496269847405,7,0.008450981953871395,122,0.4132670790259166,10,0.027058289277622216,89,0.685032651222848,8,0.05372552808199438,170,0.4771609103475394,7,0.08045507305451638,255,0.3722863187501019,11,0.12239094411930906,294,0.4203675124984201,16,0.0046936065901788115,103,0.7635269579651722,5,0.012495086496130403,116,0.6595596253072111,8,0.03333396373235109,133,0.6870199938559215,10,0.07052463809725107,183,0.635430747997679,18,0.07970267206159243,230,0.5031389163157153,16,0.12636322492236074,301,0.4319702438594946,18,0.005913324002993159,162,0.4433469690788337,7,0.009193075062803202,130,0.38422991353887803,12,0.03278616779509613,106,0.6854441379007974,8,0.059033315631839,205,0.48067231906270375,7,0.08209551126898873,265,0.351350174599556,11,0.04979038008589676,242,0.5833526946345758,8,0.006126848342858926,149,0.9999999999999999,1,0.01652594063541568,132,0.7450929046292855,8,0.035071179931760676,133,0.8381957394846763,7,0.07703850125368927,205,0.6839634884282901,10,0.09209558161618037,262,0.5257655229799054,13,0.1302216801311753,308,0.4728857166854359,14
"(36, 156)",0.5686192236702399,470,0.10018130120352424,107,0.5049484084022482,502,0.10571035538240217,147,0.34268297309008355,524,0.2938871124982507,48,0.24141470183747482,429,0.2891593132465931,22,0.18353860742766348,347,0.28280412746319844,20,0.12764587372259206,297,0.4145179226335315,17,0.5771130507479306,519,0.1535463999875264,79,0.4528980819614822,504,0.19929679948965276,69,0.31189773344046845,478,0.3260325465499292,45,0.20210122203465908,424,0.44736177037218405,29,0.1848496657666795,375,0.3801070989582284,26,0.12364661495122131,299,0.435110925257505,17,0.5496897661168506,454,0.09786973636333564,105,0.49400325648205856,491,0.10182040915368765,142,0.31434998333954123,501,0.3226496054926888,42,0.22768174794121143,392,0.30650584852944984,17,0.18072939265676813,335,0.27008702092748615,16,0.2525706803481429,361,0.33950958842968637,22,0.5453711776050292,444,0.2239657709264232,52,0.4139674977028178,485,0.25465003630658983,53,0.30437544281691986,476,0.4078737019871634,35,0.18961091566114807,400,0.5065796604809671,24,0.16493441415393295,343,0.432946873882064,21,0.11991980686438741,291,0.48605676027295114,13
"(156, 37)",0.5509637436944892,460,0.0840884051204364,132,0.480027052332314,488,0.08334427896223799,195,0.23752438557178623,433,0.21732202349382784,92,0.06445308991390664,198,0.2079802255601686,42,0.07315560063513571,246,0.19925742504749913,45,0.07022250790730777,249,0.3306635341400439,32,0.5411865253782451,495,0.12981178059419904,106,0.40105130696256364,474,0.15332702071944915,104,0.24434455559976986,413,0.23027750755209667,88,0.16537147586640022,381,0.2973237040320403,61,0.1353472243638758,320,0.27274517903560563,55,0.07772952789474863,256,0.35475614050532617,29,0.5437890409281974,452,0.07961400916645534,133,0.46573492566065733,479,0.08139232100718484,190,0.23144385810903567,423,0.22466544424373106,89,0.05531666975420679,194,0.2120616981287183,42,0.05514525135761272,234,0.1826111268202334,41,0.14228555041793067,305,0.313877773124272,27,0.46013927277237676,423,0.21396964581363145,58,0.35845907531487753,448,0.20326885435141537,76,0.22563712665962,403,0.3145789029121418,56,0.12549676628793605,307,0.4046155574935934,36,0.10778888864849767,276,0.35568089634983324,40,0.06496644600345602,246,0.42231158328491036,19
"(156, 36)",0.0058515058029429134,160,0.3825497381671364,11,0.010219974790370512,131,0.3007099210210526,19,0.05517477316953723,173,0.3535300129005552,35,0.2149845394894141,400,0.13919839124846933,95,0.19690307763075743,354,0.1432450222149087,87,0.20271226426741085,346,0.23223004527789662,61,0.006339711087766653,125,0.571575067675269,9,0.01809797147833192,144,0.4306674437199753,12,0.052661014460193,188,0.3840808629017119,33,0.09179979465637911,228,0.3617727341079919,38,0.1151940491427812,281,0.2878040179740867,48,0.1883577402461316,342,0.26411766000528214,53,0.006206630052899564,164,0.35360171126768325,11,0.011369523617714039,139,0.280574983532637,19,0.057524980348113486,178,0.35732714209797306,34,0.23714939838709248,405,0.1305389858795204,101,0.23760253273249976,363,0.11222240920969852,99,0.10917435604505932,285,0.34285246994157986,21,0.011848896211199222,166,0.7245849399663454,6,0.024297724248078967,161,0.4985348233950176,10,0.05987111496533848,201,0.4895465546170651,24,0.12450454637766595,306,0.4056875553774417,35,0.1439521219012757,322,0.3229826406358982,44,0.2138435674093,353,0.2838990677081458,45
"(37, 156)",0.004755064218932903,149,0.31629838197703125,13,0.012693126257476983,140,0.2334057338192084,35,0.061708500074160844,183,0.2771909482084457,60,0.21695619924547827,403,0.11459047588996508,124,0.16889386766715775,340,0.11460826110422505,121,0.2548218274333953,368,0.11090482507522419,179,0.004030116139940754,98,0.49938051791820437,11,0.013832104001955114,125,0.35211203769136606,25,0.06009221722989322,208,0.3016021538409025,50,0.08257581374021783,201,0.27960297633903375,71,0.08722555752136496,239,0.21100006045096417,82,0.24015672380858166,371,0.12248767497138834,166,0.005007799628163223,159,0.2956317834158461,13,0.01516766062927355,154,0.21716549546103403,40,0.06430741874060342,190,0.28356449255295485,56,0.25079517352254055,418,0.10467865464115468,141,0.23123308900948691,361,0.084018636998277,162,0.36513457801531857,403,0.0797843558647929,211,0.015676256528461385,178,0.604471565644112,9,0.02560947143115011,167,0.41488071678637733,19,0.07929313002887839,237,0.3988756159570226,37,0.12039374007897186,298,0.313557392161289,58,0.12827429248463962,306,0.2402929865059502,72,0.2682957672089348,388,0.15440837434286195,127
"(37, 251)",0.5756013016481549,475,0.06394037466116241,178,0.4507438642352207,478,0.07101080666098325,225,0.22126080498459033,418,0.1811030974268273,120,0.06357658532053023,194,0.17252027626448282,59,0.08945752996772571,263,0.1416494576709251,88,0.04903398725296504,232,0.19210127464235982,87,0.5945316234780207,526,0.09451029731541773,143,0.4388947557567081,495,0.11122186093188231,167,0.22510275306061467,393,0.19419896574676154,112,0.17991937823625026,406,0.21567514413640584,110,0.17235547619170666,367,0.1681468756926673,128,0.054189637053656536,231,0.20119563782023064,80,0.5695445448675831,461,0.06101793964253029,178,0.4260455469600133,458,0.07144058693969847,212,0.2153101480958558,412,0.1895472004003406,114,0.05039563171841799,181,0.17871742261551507,53,0.05760836557044857,239,0.13352536512294372,77,0.023211373378371647,198,0.1999102756539789,64,0.4214143625106612,414,0.20178407394260287,66,0.3507623023359163,443,0.17340135388444475,100,0.1855693972360385,367,0.30043271512767283,60,0.12972227675163062,316,0.3058535261073251,60,0.12178190614841156,297,0.24448940781513287,70,0.04475110217135414,219,0.2805051756853348,47
"(38, 142)",0.01867069355019546,204,0.02393906465709804,351,0.06909860581293581,262,0.03417987381491052,378,0.15393510094616847,345,0.04903245836131197,441,0.2471684511735548,436,0.026770555089667025,464,0.28607300405099756,420,0.018948803214267868,481,0.38856121917515507,427,0.01662313771681718,472,0.017355099572327504,190,0.022655173365029063,406,0.04609038877349181,217,0.03262944037431509,433,0.1268610824369224,306,0.046402940624306666,434,0.2564309626238339,483,0.0388867150441168,480,0.31816548606213446,496,0.025244322646946225,496,0.4226221774453135,464,0.01481699533409631,496,0.021419827305848793,216,0.022515886929899035,350,0.07324061484879363,264,0.0324109975687406,375,0.1541867666066019,346,0.04648919612127236,449,0.2635017499096288,426,0.024904814296380296,468,0.2840335198534787,390,0.01568142747978823,469,0.37874644506456934,410,0.015216454252811719,463,0.02191164706893345,193,0.011367239048024214,384,0.0551552983302841,229,0.03654623129189597,423,0.1219317233676156,293,0.05093269405977312,427,0.26775156247366283,479,0.03618142022814263,476,0.31640451541736003,470,0.02396926751214119,502,0.4320411220118954,481,0.016026712329941153,504
"(38, 147)",0.3965962862810155,398,0.008643927459364683,505,0.20501175003323835,335,0.023786687427338,449,0.09993898704949511,258,0.05662626374285442,408,0.05165626453343486,164,0.0451108201161903,346,0.03968347573419506,181,0.03660475546751839,369,0.01974544047780835,174,0.044879073072343734,334,0.4070236311815121,427,0.007914738156378146,541,0.2639429831824267,388,0.018237964895873975,520,0.12315720883852421,299,0.04686353318655813,433,0.04850072611007206,122,0.06774470122056354,376,0.03195133815370321,115,0.0543106575049872,365,0.015542176022533827,138,0.044556078880183106,337,0.3768069327897361,389,0.008657412001661282,498,0.1967386887507292,334,0.023315593124152732,444,0.09975051552147174,261,0.053752172354074625,418,0.04622845169264256,173,0.044487844045220666,334,0.040233828011654094,206,0.030082344066305756,351,0.02113484959976586,193,0.039819573052737124,329,0.3735150507888281,396,0.0044168294751560115,448,0.23757593234660246,370,0.022461436635841603,493,0.12811932283234895,309,0.0500991865558337,429,0.04491631730115064,131,0.06560368496786494,368,0.03233402033497812,140,0.0512683197543474,365,0.014530961056731462,135,0.049650240572093635,339
"(147, 38)",0.038154206279015446,239,0.031195311529043465,293,0.10910650639465302,291,0.042037553760010574,330,0.26480796625908676,465,0.058890270017910244,400,0.41596101010869113,558,0.030736001398070128,445,0.4576272654674841,535,0.02229437800783012,454,0.564836807919208,528,0.019352238244793783,457,0.04192176102307554,230,0.030670659817381717,337,0.10997421359181336,285,0.04083986721604286,382,0.24036773888788998,405,0.05717577184987968,403,0.4026755986239531,557,0.04794548049798804,435,0.4783383195099702,571,0.0306264734922522,472,0.5824067819829878,557,0.017817919711242185,474,0.041092509329535454,241,0.029198504846018984,295,0.11446211180852306,290,0.03963845167830712,330,0.2605720153277128,457,0.0551100747589654,411,0.4347729270972498,549,0.02829642083736392,442,0.4728434813904868,486,0.017593265711269377,445,0.5746735800820316,496,0.016769434415630072,454,0.050943287341323806,240,0.01394688423842208,368,0.10820730097319464,278,0.046928894940320855,361,0.2306916536786664,411,0.06274104258478296,391,0.41360772611917596,566,0.04428703688050605,440,0.47943566012598293,564,0.02891643795090835,480,0.5984364209183068,557,0.018750396382591048,482
"(147, 229)",0.29189379816698113,357,0.01583173501640864,410,0.1423665370658339,307,0.03846965975581826,346,0.04582097538799923,141,0.10568153621269334,243,0.016294546877629434,59,0.09050046541657514,187,0.01206970533922358,82,0.07489746209200361,218,0.005211609897388447,93,0.09226738918704773,209,0.27795070756895,367,0.0163260214857735,462,0.1413356468627509,301,0.0375633260047084,406,0.054111487750709175,196,0.09398840305155907,275,0.017893144914604697,56,0.1353642204745735,187,0.010350401149580968,50,0.10990640175710803,203,0.004483388747922756,65,0.0902395677436394,212,0.28090729883585897,355,0.015384869835599217,405,0.13616559268512063,303,0.03740946293263211,338,0.04715616001321865,148,0.09743031647516859,259,0.014248765660348162,66,0.08842191619153582,187,0.010784661621950353,126,0.062036900239028706,218,0.004793097329274909,120,0.0826900795749481,206,0.24920794283386694,350,0.008215844766057072,408,0.14344595194609822,305,0.04271985306792185,389,0.057823172652388455,194,0.09950885284309215,267,0.01656801208904235,50,0.1294342973690308,204,0.01026548970228669,50,0.10413459067617087,224,0.003892165842805162,67,0.10045063344080657,205
"(39, 214)",0.6869309457583419,510,0.005544004380116154,554,0.5498304740363396,525,0.00812494726354428,581,0.344698726359161,527,0.014006451453576228,576,0.16693234242428823,355,0.013935191197012597,553,0.044856085328305206,193,0.01733217789224857,493,0.013549869163071104,147,0.02747315773765585,414,0.46969484892656077,461,0.011589652190495837,501,0.4547297734732606,505,0.01140953970167045,558,0.5332818509748148,574,0.009561509053982559,583,0.2351738448598386,456,0.019530748706256183,558,0.09747567090007814,253,0.021637918874806056,515,0.015596514514014226,139,0.031903666696011974,388,0.733475904940292,523,0.0045005310957479255,561,0.5751792609958302,524,0.0072792475210701575,582,0.3678822750971701,542,0.012812510945237655,576,0.1114773064701442,282,0.014578249348818302,536,0.018031632008797205,152,0.016957780075984318,455,0.00609134542568901,134,0.02134736314362315,410,0.49010306878271526,431,0.012792547209945724,376,0.4770339051310213,517,0.010809694009622898,565,0.4186025856018798,550,0.014147583009617845,568,0.15795808188832738,358,0.021394213796950872,539,0.07638633714578547,231,0.02201645601783371,512,0.018170335908390012,149,0.02688888088981678,439
"(39, 181)",0.0016287247830637508,115,0.04157625399299316,243,0.0059064703363480575,103,0.03682313928118808,363,0.026689699079953888,86,0.032861959355607276,498,0.09075282667662177,246,0.017074174173809728,527,0.26794972141465734,406,0.009552326485865972,553,0.44174911548903484,459,0.00859993266200682,541,0.01104045157067235,153,0.04045883652509532,288,0.012328812689095248,113,0.03797917290657345,403,0.00675832584814251,54,0.04101087160582323,452,0.05607075030613473,150,0.03149704247762668,510,0.15727169379626627,352,0.018448626755596755,529,0.4221315773228318,463,0.010625935381635707,525,0.0009458620810092189,102,0.041347549792523496,237,0.004772336192532478,103,0.035956483906645985,352,0.02277754067356108,75,0.032386816478570266,503,0.13957429823037537,326,0.01352588566904767,545,0.4015755579161493,455,0.006027329306797201,561,0.5460806405617463,476,0.0047697584626719206,574,0.009470430364114324,160,0.047671951507005955,252,0.010452114032150406,103,0.038630331648235094,411,0.01599238821846538,69,0.042006043557254874,454,0.0969782821504045,256,0.025172061626950706,526,0.1908056372396194,372,0.01622640232811408,539,0.4004814208504397,459,0.009590316094761579,558
"(214, 39)",9.999999999998899e-05,31,0.02096762274570134,370,9.999999999998899e-05,11,0.01815848661023987,494,9.999999999998899e-05,7,0.017730560674356823,567,9.999999999998899e-05,7,0.00946670663464374,572,9.999999999998899e-05,7,0.004973151720160109,583,9.999999999998899e-05,10,0.004961663014766564,579,9.999999999998899e-05,14,0.017782074239500286,452,9.999999999998899e-05,11,0.020519646216643015,507,9.999999999998899e-05,9,0.022989947604662678,536,9.999999999998899e-05,7,0.01593038937890062,568,9.999999999998899e-05,8,0.009375440788280573,574,9.999999999998899e-05,11,0.005874196672242274,575,9.999999999998899e-05,38,0.021011176900826597,364,9.999999999998899e-05,11,0.017504390182500905,493,9.999999999998899e-05,7,0.01693862931229765,567,9.999999999998899e-05,8,0.007711421496146964,581,9.999999999998899e-05,9,0.003028707904580291,590,9.999999999998899e-05,10,0.0023302345061186804,593,9.999999999998899e-05,43,0.024983538503643207,308,9.999999999998899e-05,7,0.022284258075288273,494,9.999999999998899e-05,7,0.021845877291064335,546,9.999999999998899e-05,6,0.013375112743747758,565,9.999999999998899e-05,7,0.008565594095930334,582,9.999999999998899e-05,8,0.004550900666951204,587
"(181, 39)",0.7241970941950362,528,0.007928883574228525,514,0.43449302754259,463,0.01360216075027714,527,0.1799066876505402,377,0.02591518090764872,536,0.042753409930742614,146,0.0291941193675189,453,0.01295019106379991,89,0.03358885205280808,382,0.004153768048970274,81,0.04674308218952565,329,0.5424021383599946,498,0.017906810224992534,450,0.3492382665881475,445,0.019934590039541338,513,0.2894165940203379,459,0.020947894799720104,542,0.09897239710152728,258,0.03689718781467716,489,0.036419361249227844,124,0.038314828621516514,431,0.004853337669490143,68,0.05192138392464125,314,0.7414284144292458,525,0.006970401978837029,529,0.4605561654344478,477,0.012043082490680085,536,0.1963968448612513,392,0.02414440683552297,539,0.025655898252689102,102,0.03018746600510585,430,0.004063187029965776,78,0.0335713999176168,332,0.0017656837547266324,70,0.037828670826289386,335,0.49114690176232934,432,0.019461146804030965,333,0.3743079024593665,460,0.018321464371793893,520,0.2441252583360124,425,0.026933147228901475,525,0.062057000804143,167,0.03977828140242781,458,0.02557655426823735,117,0.040778706077037076,415,0.005617308739350957,79,0.04629405846064713,349
"(181, 128)",0.001060610746777213,95,0.06981985764622502,165,0.014277455614345236,150,0.04246703114225396,327,0.08258336504030428,228,0.03359483319241113,496,0.27504497261911043,460,0.01569703868843546,537,0.4479907675423128,527,0.010308548822534023,546,0.5911206075009423,541,0.008953085386487154,540,0.0062772627867216935,121,0.07916537233091976,170,0.025877012170307245,169,0.04746169090677665,353,0.03879763174086048,147,0.04093044390968205,453,0.15523207688602803,354,0.03175685410632279,509,0.2987878141527407,488,0.01899721925564713,524,0.5732161782359769,554,0.010582467646799893,526,0.0008550545858292402,100,0.06646856243958556,167,0.01181259051493111,141,0.04083665347524431,321,0.07341776335064143,210,0.03351667997523573,496,0.35049675704709093,505,0.012627801094818586,555,0.5936112959174997,546,0.0063741802039620245,555,0.6794619863971719,557,0.005200802169280951,570,0.009395516453271302,159,0.07276658817536168,193,0.02179224670158586,151,0.047271840560917294,357,0.052739907308556155,179,0.04488606730956781,445,0.2204469238412088,444,0.02607003388030418,523,0.3509508529262121,492,0.01703329568790718,533,0.5558916407639417,537,0.010008553293532235,552
"(44, 40)",9.999999999998899e-05,32,0.038232384644065184,260,9.999999999998899e-05,12,0.022472484559389248,467,9.999999999998899e-05,8,0.018526702502848824,565,9.999999999998899e-05,8,0.007564384648898716,583,9.999999999998899e-05,8,0.0028527525875271897,595,9.999999999998899e-05,11,0.0017269964812181167,603,9.999999999998899e-05,15,0.014626493683441657,475,9.999999999998899e-05,12,0.01903642116339686,518,9.999999999998899e-05,10,0.020441434983701125,547,9.999999999998899e-05,8,0.01353933508693061,573,9.999999999998899e-05,9,0.005531766981683358,590,9.999999999998899e-05,12,0.0030124790914693193,590,9.999999999998899e-05,39,0.04402508095075327,229,9.999999999998899e-05,12,0.023216374420187914,445,9.999999999998899e-05,8,0.0195753134401093,563,9.999999999998899e-05,9,0.006027301771056564,590,9.999999999998899e-05,10,0.0018619386665857838,600,9.999999999998899e-05,11,0.0016569197800148571,601,9.999999999998899e-05,44,0.007343317716363676,415,9.999999999998899e-05,8,0.019694448064759666,511,9.999999999998899e-05,8,0.016636664675215306,563,9.999999999998899e-05,7,0.012037601469372982,573,9.999999999998899e-05,8,0.007412477983184083,585,9.999999999998899e-05,9,0.002168319903462627,600
"(47, 188)",0.0002827456647820359,65,0.06887010469955561,167,0.007509634405188148,118,0.053661499914166876,274,0.025302656281746883,82,0.04222915008037857,462,0.20033417134669673,388,0.018943122089629404,512,0.5644470822883713,574,0.00814658975457735,564,0.512229804908735,500,0.007628098848775223,552,0.0038824070154512835,96,0.02646681722939787,374,0.009274457544851122,101,0.03923313449984495,394,0.016009327471643964,83,0.04616741760961208,435,0.07678722036264252,189,0.031238805464862057,513,0.40894270411373856,550,0.011616156527696618,566,0.5036702846225098,519,0.008336451272119023,548,4.680378792243367e-05,24,0.08576700149588906,122,0.003989421818378247,92,0.058070220277111693,254,0.024412004024334744,79,0.040192298533924004,465,0.2162764336309364,386,0.01847464135738586,508,0.7169477954064429,594,0.004787667567141821,578,0.6192537047679355,522,0.0065512529309443525,552,1.000088900582341e-12,6,0.009416246887219103,397,0.006639635483002282,69,0.041430353510267644,393,0.033676779910722154,127,0.046158512645344096,442,0.08226835996571591,217,0.02672437025096485,519,0.27435184920327305,439,0.014090762186716994,546,0.48980290836361084,506,0.008537866750314106,563
"(47, 40)",0.8157374943944659,563,0.004837777830028652,562,0.5200537104746202,507,0.013067314370793294,534,0.3525286997582753,535,0.01754969418510709,568,0.0714067064020032,210,0.026717156577786463,466,0.005228777160845466,50,0.03878974098612741,354,0.007985647932665652,111,0.030535230834428193,394,0.5987167790899599,529,0.004935467118274901,578,0.4928486664752181,521,0.010435453271234536,565,0.41845332389100387,539,0.015556465789428774,567,0.19006985221751527,415,0.023093317251255956,548,0.017122292393673688,66,0.03345255606826929,453,0.008534956196501686,92,0.03245609208557091,386,0.8957354886264843,588,0.0032064216642960315,578,0.5956723560525383,534,0.010945971448725906,549,0.3577731736450154,537,0.016423840926105063,569,0.06387727151551903,212,0.027741522813600435,449,0.0011572063616234196,37,0.04081466421017305,301,0.003218217503785148,97,0.037821792469269026,336,0.9997000299990002,596,0.0,592,0.5354813137120845,551,0.00958926406031999,575,0.3103831578403393,482,0.02201553666916784,545,0.18043724640204206,390,0.020568835092318112,546,0.04295427264653995,168,0.026143776735990394,491,0.009492065554519646,111,0.03178602710656992,413
"(42, 110)",0.09945695245770714,284,0.08998720226798652,123,0.14893530320423043,312,0.13942323878942453,92,0.18766050719393446,385,0.29572846977307016,46,0.2773581304601861,463,0.15746492992052116,79,0.3460652197823286,465,0.12657527599447593,104,0.45788911849935077,467,0.13656814148200938,132,0.08297831618100637,273,0.14573121074264686,85,0.08447194893731846,261,0.21386994831940823,59,0.15928963731626256,341,0.2834833085863499,57,0.3027307713008984,517,0.2455629291320481,88,0.38665389461901456,537,0.18019727164648278,109,0.46715136440241156,501,0.13978178096663438,135,0.09970020819282843,286,0.0853516809456077,124,0.15733185685219198,317,0.12976308837783482,95,0.1935174424345113,388,0.30181491253510984,47,0.2955099877600311,463,0.14759048694764984,82,0.3763373917745829,435,0.10022131924665355,121,0.5260372411718073,462,0.08889435760731002,190,0.14142472046806986,310,0.2002070219459521,67,0.11166159212161397,282,0.23293154841449215,62,0.16034040368409652,340,0.2904119290634049,67,0.3382675828727042,532,0.21331266240320448,111,0.4327036543608689,543,0.14857706767323195,143,0.5425799561727703,534,0.10080544942500955,203
"(42, 212)",0.1545799405149898,310,0.07768576025582029,147,0.10377716304149087,284,0.15726561840794304,73,0.07811711569678748,219,0.39606703584755,27,0.04209000841362798,143,0.2952145831335946,20,0.026442550294441425,150,0.29828660742316615,17,0.012046523224396699,142,0.4591792624471731,12,0.17924484387777384,318,0.11273494442652031,122,0.17677517491084926,329,0.1672040697852289,93,0.09602226566432392,258,0.33558253545645383,41,0.03546277117519603,96,0.5018694627646635,24,0.020008706634105256,80,0.4835588490136418,17,0.011250862081667368,109,0.48403248525398357,11,0.15425404186926817,308,0.07379584605941655,147,0.09743194822913703,280,0.15223795230424075,74,0.07492960228431111,216,0.4140914438541751,27,0.03723413692474309,141,0.29439831711901226,20,0.021489349158328896,174,0.26026243257443593,18,0.007161686081982199,143,0.37228419536979573,16,0.10989889224466953,284,0.21776595139319807,55,0.1393604479860049,300,0.21634643393612082,72,0.0952760206057538,261,0.34543598134974635,44,0.02788269615573402,72,0.4901456743692068,25,0.014462073016944799,71,0.4612522034810862,18,0.0062681702733558,82,0.44592141597289,17
"(110, 54)",0.1621264530647628,315,0.04382761354208304,235,0.2292696224484454,349,0.06420453057592158,243,0.24558712652457826,444,0.1442018648769743,161,0.3430523932949906,524,0.06855883484447076,253,0.3569921524742504,475,0.0652524681827806,245,0.48733249060565553,486,0.06662637716286128,270,0.19276946181562193,324,0.06493827367794847,201,0.17797331682438267,332,0.10144435979784024,188,0.15969595647125978,342,0.16885741470824162,138,0.3012734774902278,515,0.13463438599032715,191,0.3667941902278682,530,0.09876327402422069,238,0.4981299548240794,514,0.06842921912140153,270,0.17303255328560807,316,0.0397682290805244,246,0.2321562566696882,355,0.06001011085840404,248,0.2720553740017677,467,0.13605028043746178,170,0.3929258373744301,532,0.05761874142033623,277,0.4282386107177232,465,0.04441159117971377,283,0.5438263237558454,475,0.04257015159898873,313,0.2560014147005416,352,0.0867161821251182,172,0.185429959105616,334,0.11472281765563334,178,0.17768464118801996,356,0.16917188643648615,147,0.35089683113900594,539,0.11237879114836033,246,0.4092358440653804,529,0.08200584619791992,273,0.5202889974393377,523,0.055065041026669474,319
"(110, 194)",0.5424776073950635,453,0.016020677910308388,407,0.500124439139153,499,0.031889397052411415,397,0.337911639504484,521,0.11391907576988797,213,0.24900122629950916,439,0.08713453876428562,198,0.17909427127745858,345,0.10388018158322014,144,0.0950694523194322,275,0.19491056473634624,84,0.4053917277490361,425,0.03749755625413038,300,0.43912429374465145,496,0.051488342878423514,330,0.3904999381143298,527,0.09206773846705238,283,0.2027311406183352,425,0.17425644667445053,140,0.16193702675257526,356,0.16943599250408045,125,0.0883537109796867,268,0.21153380579276343,76,0.5517410645286229,456,0.014611197483083958,412,0.5140165045922556,500,0.028903487122918785,403,0.3544192939034305,534,0.11041845517624385,220,0.24192920955606945,409,0.08463447676297661,201,0.1806370805325579,334,0.08441465364320637,160,0.09012471644795839,271,0.14860613916291923,96,0.2427441057093459,346,0.0897700267990451,162,0.3881386982060895,469,0.0678107396634328,275,0.32179038457384834,489,0.11566500197703403,231,0.1588787666346272,361,0.18690452158365314,131,0.13475253321911418,312,0.17039701888533548,122,0.07824534952220241,255,0.18852384551963397,93
"(110, 42)",0.11732561942560493,293,0.0504947784581588,212,0.053782189748562415,245,0.115498553306529,126,0.07154890567593553,207,0.24907150106250242,75,0.05520532983741688,177,0.1639215988485339,72,0.043864255223526216,190,0.17178911590223536,61,0.03340259465842943,202,0.2626160491716046,49,0.17537654003589487,317,0.06822458714187879,192,0.15438998668000792,316,0.1087365997018442,175,0.10128970596720777,267,0.20434650896864812,103,0.049132912812285934,124,0.29899358422738714,60,0.030774028609583448,113,0.28990065891550976,47,0.030144274410615512,195,0.2842437714587551,47,0.1119558300400646,294,0.048188210041936345,214,0.04913367212836639,239,0.11147760719430991,121,0.06209473101934071,186,0.2627056098327354,65,0.04777519863904589,175,0.16252853318858876,67,0.03817307188563823,204,0.14511062537852734,69,0.025486919461175428,202,0.20840198952655506,58,0.12079355039402395,294,0.12777372826472796,118,0.13243910580198825,297,0.13450915832976473,142,0.1072171647660306,276,0.2112443427108276,115,0.04304014654730781,127,0.2927419378897553,67,0.027189979948237908,125,0.2754507913817167,55,0.020977168534297208,161,0.2621353065901498,56
"(110, 226)",0.021097704915483018,213,0.08114425496038077,138,0.03739020568927254,213,0.12677760823598996,107,0.04362329365807616,137,0.2862194552602396,57,0.054982079092477765,175,0.16410667323630176,71,0.0954493102328049,268,0.13594984951372072,95,0.15723098695242854,318,0.15856026272438473,110,0.015372681426297996,176,0.13920176165591816,92,0.01808686961759265,143,0.202526128291602,66,0.041740474407498396,155,0.26716459304012424,66,0.09199649672134347,229,0.24689426690212424,86,0.13896599249620833,328,0.18176698168335786,107,0.17774027092825773,333,0.15791718020952547,118,0.01996789786753561,212,0.07683136147957027,141,0.038858135542381156,215,0.11830818648801714,112,0.041675754995297076,128,0.2925517453039734,54,0.055025795614631945,193,0.156438168425486,75,0.08553299011700932,268,0.11529000942221196,94,0.1792364505815789,327,0.11122685432862649,151,0.03546191089458617,218,0.18599458599675375,76,0.02525552592176261,165,0.21918909877374418,69,0.04464586100075041,163,0.2773847118483357,74,0.11264700567150654,287,0.21671461487133542,109,0.16239892733477435,340,0.15651067928040371,135,0.2459926752239041,376,0.11218527222270787,182
"(43, 73)",0.5032122916322709,434,0.005877383619574819,550,0.515907980498203,503,0.014877291879604179,519,0.3589223779741265,538,0.04091980840852777,467,0.2650821274720183,449,0.03196265016814463,441,0.208346725465971,364,0.03243022845047151,389,0.2083786674851662,351,0.03676240203331,364,0.5038163969851364,475,0.007137537016003386,549,0.4170238805324681,482,0.01718154002347023,528,0.38932418454028983,525,0.04007283293226154,460,0.32198929155164835,526,0.0541274226450241,416,0.2569833230910713,456,0.05040149515384771,379,0.2624955959080122,381,0.036478233119112594,367,0.4761739933525667,428,0.006015899793809886,541,0.508675464318574,495,0.01475532783491149,516,0.35354258669209404,533,0.039242094420202885,471,0.26045430185757934,424,0.02916381850921339,436,0.1904091783052051,341,0.024298642046938858,394,0.17770935973630708,324,0.03211810597561087,357,0.9995000999900006,590,0.0,593,0.43621181382924257,496,0.01592324744877888,537,0.38913569581307494,532,0.03846272976916558,474,0.2415892291666928,463,0.05421445327610708,409,0.20966484954244935,390,0.04488299326485176,394,0.17112828448445616,330,0.036450057507614826,387
"(43, 134)",0.07529086754543335,270,0.018495829820395084,388,0.07961188665911556,270,0.047659623639399434,300,0.09818456597692937,255,0.08200731227457837,322,0.11053124801466718,277,0.048829905108417185,331,0.11919263686606762,295,0.041730948841404485,339,0.07532958321711891,256,0.05513377850048698,306,0.03963356762197656,227,0.026498001225770933,370,0.10327384474728962,276,0.039074878503585694,395,0.08734341600320938,245,0.0899371511955353,290,0.10588183560320574,273,0.09656253469075725,299,0.10461129966188787,264,0.07695709996574446,294,0.05068906430011422,225,0.06981523461572321,265,0.06924288445629578,262,0.01804916954266959,382,0.07918194547886137,270,0.04642169482483977,293,0.09307742156375087,247,0.07901208001469529,326,0.11413680448967822,285,0.04353232710323524,343,0.13969303265183497,311,0.028009066066045498,366,0.13672203058214483,302,0.03609379633337715,342,1.1661242749205769e-08,19,0.04677232734396805,256,0.041425957997510254,209,0.04905383645638074,348,0.060902476937260586,205,0.09583689929627634,282,0.09647353858637042,253,0.08188950068566099,326,0.11527988929472688,290,0.05868079773753148,342,0.09411734289414153,270,0.0461517892495899,350
"(43, 174)",0.042692108532397355,243,0.021424444675841176,367,0.038441994757773656,216,0.057461434323524796,263,0.053443528354109704,164,0.0979082755238719,267,0.07118433419591774,209,0.05626231048079292,301,0.08852531601344493,262,0.046276707172627066,315,0.138108900770463,304,0.04464169071468552,335,0.08024379336031418,271,0.022072272509747994,409,0.04005205158485303,204,0.05080848418327631,336,0.054014030517039124,195,0.1030541190927244,252,0.057366056029442,152,0.11621295420780679,234,0.07859455230586887,225,0.08445301952566144,272,0.14964028132024332,312,0.04912294216040144,320,0.05109694528642894,250,0.019557187434531883,369,0.03960755806236371,219,0.055512731150385165,261,0.05797635908212673,180,0.09075545384656282,282,0.07031334148335833,222,0.05092815210793682,302,0.08289743601681421,266,0.03376341540017983,331,0.09195400378752838,274,0.04172564220926714,318,0.8770233879268818,537,0.0012437575025132572,521,0.09452512045761252,269,0.03917087640924524,409,0.07817347435156985,233,0.08929580475330885,301,0.09225635907106466,243,0.08311165782782202,322,0.09101538244864849,258,0.0636934697782087,325,0.13921295353613883,316,0.03993136796131649,374
"(73, 244)",0.4732304908949525,422,0.009821251624908888,486,0.4828004796655705,490,0.022670960678451643,463,0.2945356908553445,490,0.06521401162578747,375,0.18274446988561532,372,0.058291150531618596,288,0.12807524219164002,309,0.058776700152367724,278,0.1145809586178903,287,0.06751961458026869,266,0.3232960071486417,382,0.01301572033232545,486,0.29039374641698035,408,0.03056871312946889,451,0.24376701202840212,410,0.0648650436058915,372,0.1768400752550744,400,0.09233626553063376,307,0.12066722133252572,290,0.08692899026739477,265,0.11573387517572786,290,0.06513942688616955,279,0.4466929197645426,420,0.010306565372557235,467,0.4867473662012509,489,0.021859583158422857,459,0.29716643920835273,489,0.06280065544177689,379,0.19267485647632476,370,0.05439971351383613,290,0.14214573477540782,314,0.04623145766413288,275,0.11385436374774816,287,0.06220556810643416,252,0.9993002099650037,583,0.0,594,0.3524667573037188,444,0.02712573731806915,471,0.25200114482884484,433,0.06610548850878614,378,0.14151967261949316,337,0.09835431419482318,277,0.1183628934155283,291,0.08029200758091067,279,0.12039465797829885,292,0.06648943008325318,288
"(73, 43)",0.42416979628393436,411,0.011171983379743306,462,0.35754342669970895,420,0.03135662895689681,400,0.38418226558084845,552,0.05199006057498609,426,0.4504611390420229,565,0.029114931801605112,454,0.49779384468177557,553,0.02191219508907586,460,0.5920805328013576,542,0.01829862169536674,463,0.374714095192452,412,0.011431333439678757,502,0.327832502506484,430,0.027803954435870252,468,0.3007695008284331,470,0.056017570358233924,406,0.3569330380977709,544,0.05763566694038741,406,0.398789495051614,541,0.041032099461986424,418,0.5397064854534284,537,0.020719803679901398,448,0.4526312261040545,421,0.010147052878024396,471,0.3643453439728319,425,0.03003830662109679,396,0.40409649273838966,557,0.04790807688615265,445,0.47813992931079274,564,0.025961682475582795,459,0.5513184605157984,531,0.015499440831346318,470,0.6090740510630446,515,0.01594021026373149,458,0.8495754971154359,528,0.0006991055242884975,544,0.4339348718008057,494,0.022034406274643585,497,0.3799830511373812,528,0.047750743585243095,436,0.4739142343524695,578,0.04083436837148804,450,0.4708682015426474,561,0.03117012493530817,461,0.5970658597022789,555,0.01809561519435174,491
"(73, 222)",0.05339144224651893,256,0.03313764447833287,278,0.019867160322934896,175,0.09837286991480282,161,0.028359379857527234,93,0.16235201699063093,139,0.040825760010903656,138,0.09917195898508846,165,0.05267543905230865,210,0.07930843144379779,209,0.044906457868882366,223,0.09083300496325618,215,0.14896639787602306,303,0.020806921887687235,423,0.09929867389875668,271,0.053055794870012905,322,0.05096369201430073,184,0.12303368149778986,192,0.03278104734774234,89,0.16269404188950765,156,0.03745368560348561,131,0.12486348157253109,174,0.03304119026164887,200,0.0947415045338498,201,0.044586102116765836,242,0.034000786536263365,267,0.01949665984033233,172,0.09621308148244691,152,0.026862482696357937,84,0.15922281316356487,141,0.03632071310157203,137,0.09790135371469176,155,0.06782652456199612,250,0.06065928087878026,224,0.05573234029655305,251,0.07878622983495001,213,0.014672974653600512,173,0.01375449473367602,370,0.0615701717729259,244,0.06437948164159842,283,0.045168862412417576,164,0.13224725287144312,196,0.034469033441796304,97,0.15412207052711865,163,0.04071396542477124,164,0.1121452206504237,201,0.028199915053050417,184,0.10174819720912373,198
"(73, 257)",0.016992518357617725,200,0.042756097397122696,240,0.05698178046938163,247,0.07707607059681248,206,0.07211443332265488,209,0.12745725000617392,191,0.07448200463216736,215,0.08381533580989159,210,0.07641796774818843,251,0.0710262102786706,228,0.07944648693535183,265,0.07700694303566895,232,0.010002071988409966,146,0.042115186486295225,277,0.024957074323724848,163,0.0773569662287747,241,0.07201421986872436,229,0.1112786510333999,227,0.1243217268030885,305,0.10847844075232001,261,0.14421519756377676,334,0.08057156386644367,286,0.11597852125156394,291,0.0650849546615019,280,0.020669866970958628,214,0.040321744787359545,241,0.05588469955578468,248,0.07552691773129169,200,0.07011822763961106,202,0.12464833502619677,188,0.07217338053994782,224,0.08124455940927994,207,0.04590129420474576,223,0.06768019858069983,201,0.0626681504821468,257,0.0761785682623436,218,0.005529351814286931,147,0.01591684437856835,352,0.021900239209662664,153,0.08244688997571753,234,0.05774843461117474,193,0.12375926115573196,218,0.10711756411580575,272,0.11025965618502008,249,0.11239371673094833,285,0.08195114156335769,274,0.11193745160327351,284,0.06843834686604924,282
"(134, 174)",0.034982695745851,235,0.02823520619128075,311,0.09097072003022655,277,0.04322311085026338,322,0.09525804115354308,249,0.097749987946154,268,0.15086695415483742,339,0.050010436981867565,326,0.1382326615038455,320,0.05768322455675488,279,0.18245636067854676,330,0.0921553362173254,210,0.04394995719599992,235,0.04220514032198675,276,0.04071787335753396,207,0.06394750886554625,275,0.08639807123475696,244,0.10194349154335842,255,0.14580504168154707,341,0.10601259220360415,271,0.1641003326114967,358,0.09080943841054265,258,0.18907589009290537,343,0.10041211814420282,194,0.04571164394999838,244,0.025025819706776337,325,0.1000728525496738,282,0.04035116824452339,325,0.09944127529655233,260,0.09253365337733183,271,0.16823139544031063,359,0.04444645895669036,335,0.1387742868026962,309,0.044341389340865886,284,0.16243032287318682,316,0.06866893091989618,237,0.09652455174902719,274,0.06108502261254108,217,0.04475286785195842,216,0.07350808144447975,255,0.08244795448666298,244,0.1137440559920595,238,0.12850192154922024,313,0.10856713262443579,252,0.1390674188693256,317,0.09240692474297818,245,0.19291152343051432,342,0.07634028738380633,261
"(134, 54)",0.35637904843804735,381,0.010167227057294203,481,0.27132072117112505,371,0.025342179064115476,439,0.1874199337392427,383,0.07289248792557426,348,0.19842803542318488,385,0.04357439929708141,357,0.17624108835355023,343,0.05144839182707024,297,0.20907630241234576,353,0.08557448123723473,220,0.2527991832751928,355,0.020906470799185856,422,0.20411526512190237,349,0.03538588968386193,419,0.17493558137106568,357,0.07613473452460193,334,0.14111903745086163,331,0.10757146197578084,263,0.1428407826218333,332,0.09685957241017995,242,0.19659273979175773,352,0.09832456642310061,197,0.35180655625796586,377,0.009733202488982979,477,0.2895335036735607,383,0.023366138501644245,442,0.1880895927554349,380,0.06995175402236696,355,0.20817325990747482,378,0.03971025933529354,363,0.20663472656759485,350,0.03638045189437338,319,0.20005999175270162,336,0.06167058478262863,253,0.16593601889717435,322,0.048688093257425284,248,0.1608586706212961,315,0.047119887422544436,359,0.1678814113940129,344,0.0853509451673726,318,0.15651561301966632,357,0.09945912834042198,274,0.15718300135879892,334,0.08739785169141691,259,0.11263818200148634,285,0.09765324365230776,212
"(134, 43)",0.15775704057171247,312,0.017203040553023255,399,0.2331847422942881,355,0.02799043241191921,415,0.20676197041716926,404,0.06908112061960296,365,0.11890411853360483,295,0.05540125947671885,304,0.1264314288972498,305,0.05991987918414479,272,0.08591571423304323,269,0.1263245882451655,158,0.14883130316356108,301,0.02792646813655232,356,0.25647876888685806,379,0.030781357821339936,448,0.20324169423472205,378,0.07030447323059069,356,0.16044268789001548,369,0.1014052659880597,288,0.1506284413998904,344,0.09455890946460596,246,0.09121664598115686,274,0.13737619948939167,138,0.14753637220142168,304,0.01679328430345598,394,0.21116182763718405,342,0.028684457153788902,405,0.2018792266922541,400,0.06731582582463784,365,0.10613038764722227,270,0.05420855381919615,291,0.10737314359994721,286,0.049236683420527116,266,0.10361329649210738,281,0.08307756035376154,204,0.15822745980622455,317,0.049815333172557125,247,0.2526583011858732,379,0.03659427971509687,422,0.23459252776585582,417,0.07095975584676074,363,0.17120029521391078,377,0.09523179716765828,281,0.16890883552310088,349,0.08441356991648186,269,0.13219853778940993,310,0.09148081679668016,225
"(134, 226)",0.1328857064869009,303,0.018582743551588968,386,0.047862104512334414,237,0.05250067440314802,281,0.0820696906099938,226,0.10290809324620068,253,0.08686857682327997,238,0.06223475199425237,271,0.10194377734609106,274,0.0651996758325045,246,0.09263044977780455,274,0.12307345895303226,162,0.17047368524504203,312,0.02617776557070911,377,0.1294951245218463,294,0.04412509551070419,363,0.09955090245601383,265,0.09696593449729492,266,0.09508840373945249,236,0.12584724178463821,215,0.08846341158211202,241,0.11685423257500958,188,0.08988779338862196,272,0.13808158728761333,137,0.11510593702365335,295,0.01865414089290243,377,0.044820214965977545,231,0.05158641614820511,276,0.08037556398119261,227,0.09962881313181582,257,0.08219905006083317,229,0.0593526921703917,267,0.10077159832574223,282,0.05042008584682008,259,0.09157886415957317,273,0.08687517769088969,196,0.12361566033711724,298,0.05554366293358768,230,0.1555540890081275,311,0.04787484827208861,355,0.09275953722796026,259,0.10923580449100652,247,0.09065750352669355,235,0.12406336919587231,215,0.08421041760756176,248,0.1120365311791224,202,0.10889290920736183,282,0.09893880881246346,209
"(174, 134)",0.34935770824400036,376,0.013654273132488437,432,0.2917707405124632,384,0.03404696755507764,379,0.22880820717574668,423,0.0985148485742946,264,0.24733316213713197,437,0.056807218022483195,298,0.26727486009161794,404,0.059866525213121045,273,0.30478555326901957,395,0.0792634030752433,227,0.2625125482128028,363,0.024244357795579305,392,0.2489875481380951,373,0.049284089909046244,343,0.20508040700406305,379,0.10670557916474666,243,0.216797631316217,436,0.12831781418114854,203,0.25257604441000403,450,0.10512170794124168,217,0.295483421277255,397,0.08735639140769433,219,0.32739980201080465,367,0.013199107612127359,426,0.30416271145231577,390,0.03130354567354301,383,0.2291420703233602,419,0.09361942095251727,269,0.2578975237406028,423,0.05055371559266262,304,0.31372994789665765,406,0.04047539609002664,303,0.3596945420111539,401,0.056600471396734464,270,0.07605346985156958,259,0.05145741824123476,241,0.16636203812357375,318,0.06458669046665229,280,0.17897119194564748,358,0.11919241019842612,225,0.2197134383154744,443,0.12266718642321642,219,0.2773498486838262,441,0.0923493409171232,246,0.19294814566637275,343,0.1007934508168481,204
"(174, 90)",0.012441419196111747,191,0.04557764461269226,232,0.043051292139832276,228,0.0763729871300187,211,0.05178508911534441,157,0.17884379509167392,123,0.08144950291294695,225,0.09454358228771362,177,0.054673579215790635,215,0.11840734465148908,114,0.02043689309934249,176,0.21648368221990205,68,0.004629036099585315,100,0.07472045346328264,180,0.023522253514007163,158,0.11346577232514317,163,0.05178439755209274,186,0.1816919256566484,126,0.07462453917704803,185,0.20261055575281994,117,0.06547255506630556,198,0.1900059443448123,98,0.01896500253968414,156,0.2363516814860463,65,0.016264181127868094,197,0.039818214562682155,245,0.04751827867028702,238,0.07064933337600421,217,0.053252239185703876,168,0.16881556591067778,128,0.08783779623643195,235,0.08430536677323562,202,0.047984979616393475,226,0.09334863260515845,131,0.031751842897084326,213,0.16205179861393462,87,0.00032673540997163464,75,0.11402194324238639,133,0.016588898039430644,134,0.1266436314517771,158,0.03688502933779381,142,0.2055984246233799,117,0.050747149117937984,135,0.21852845915717897,107,0.04500913198581946,172,0.19742398755037685,97,0.03693987852509717,203,0.18080874047181952,101
"(174, 169)",0.10369227970481465,287,0.02707215771105341,325,0.05994470800621898,253,0.06985330640431518,229,0.08026120303087203,223,0.15689897465869976,144,0.06676160136280385,203,0.10068987236542058,156,0.07061237161278155,243,0.10984375149180514,132,0.08764108844322893,270,0.14914728221098034,117,0.2264940558672619,340,0.026646724900780915,369,0.1157871697348759,289,0.07252392630482825,254,0.08956325580366242,247,0.1535959926953732,150,0.058716812702506394,159,0.21780953603154274,107,0.055252103500885386,174,0.1995647530578113,92,0.08778836294911951,267,0.16044876309534287,113,0.10365685604706987,288,0.02476302838513814,328,0.05578534045710892,247,0.06764647439751828,226,0.08017095093501636,226,0.1492901438560145,150,0.060419098155225615,208,0.09486729181611282,163,0.06415116263611254,245,0.0860701450903231,155,0.052702164102591764,246,0.14295212969218588,104,0.9334265236224896,549,0.0016366656460087307,506,0.2005921659447938,345,0.058595652698789844,314,0.11848965212377482,289,0.1436666126249459,174,0.08209641680937174,216,0.1892464093540268,128,0.059586765316643975,203,0.18293805635872995,108,0.09497621272233348,272,0.13742520153376492,149
"(174, 43)",0.41425794249795356,405,0.011578840411274096,457,0.3322578043708232,410,0.03073137722475103,404,0.2888480648966256,486,0.08429719021909776,315,0.21472589514012552,399,0.06194925199607278,272,0.26412342993080795,401,0.06035513526354898,270,0.3965880185841777,429,0.06284047374508639,283,0.48239282629644864,469,0.013786924550320774,480,0.3478082825592309,443,0.0383138144642959,401,0.29263567003894886,464,0.0848175123308245,302,0.2926598913964027,509,0.10529378003087823,272,0.29466377560840684,480,0.0943488423640357,247,0.42819603441369936,472,0.062366295448543003,285,0.3737342479245258,388,0.011742177823352776,445,0.313085388862255,397,0.030604468336173654,390,0.28244751587280836,478,0.08149959393955734,318,0.2094092567095297,380,0.0574914893113859,279,0.26939603304357107,378,0.04531369703919464,277,0.3719820747421284,406,0.05486941821327798,275,0.9993002099650037,584,0.0,595,0.39054825552337036,470,0.03591319331622409,429,0.3380190620405644,498,0.07851350480278353,340,0.299430956656923,500,0.0997206640022514,272,0.33927968767270256,482,0.07893302929073281,285,0.3797325237490289,446,0.06216307479760919,294
"(45, 88)",0.9557858668158176,610,0.00016165114255867308,612,0.774280502756775,593,0.001166332963537339,611,0.3741109267268037,548,0.0027454545240730003,609,0.1079164047871164,275,0.0031720536460867993,605,0.05384315165594655,213,0.0014815555322170934,606,0.03835640629067205,215,0.0015894527885257758,604,0.946816032972978,609,0.00023028181937029914,610,0.9938994629110445,613,1.0953278977371626e-05,613,0.8849262568102059,610,0.0002327496458621338,612,0.3348133780002486,536,0.0006857452381645963,609,0.14675462891030178,338,0.0008362383380014913,609,0.0580191468602953,237,0.0006498151245708248,608,0.9606961450174335,610,0.00014150301934364652,612,0.8091590469668175,601,0.0009377192695470876,611,0.3902053064425508,550,0.00263970784814171,609,0.06727958345869411,220,0.003172012193679962,603,0.01581356281468216,145,0.0015547138944849237,602,0.009133800682807891,153,0.0025159501456683167,590,0.9997000299990002,597,0.0,596,0.6643179201841422,587,0.0010402483622995256,612,0.43158905076111653,557,0.0018972271574436237,610,0.19142729395962976,404,0.002359787549510292,607,0.07904005727867291,239,0.0027085992086542734,604,0.04351329927919301,216,0.0018323588749419352,605
"(45, 189)",3.3485770674079873e-06,6,0.010643363149921568,473,0.0005461211930958276,40,0.01310264519827037,533,0.021821854140251618,73,0.007079194356212905,595,0.1437975960206741,329,0.0028826094396432983,607,0.24109478204523305,385,0.0008988740065631004,607,0.291110822128938,385,0.0008087993975692471,609,5.882591622707878e-06,3,0.012526371466163564,492,8.460503186924484e-09,2,0.005364462803986539,590,6.367028454778989e-05,4,0.005596018295700852,595,0.02854433206438689,74,0.0015580824642109485,608,0.10550907479556293,267,0.0009334636387450381,608,0.2301995916355396,367,0.000410467470728057,611,2.3403351314676968e-06,5,0.010516430889557811,461,0.0003165585962673356,36,0.0128213208425335,522,0.01952105271989779,70,0.007163949391992837,593,0.2088244670145296,379,0.0021745471007352467,608,0.4201869724279872,462,0.0005210101628780503,610,0.49484963241050284,452,0.000664907845301165,610,0.9997000299990002,598,0.0,597,0.0020700712457334403,45,0.007121977528953679,584,0.014578131933044691,68,0.00586915411126809,598,0.076049523392693,202,0.003210027058499462,605,0.18601632450065386,366,0.00203630804179722,605,0.2724401738182354,392,0.0009941703905204137,609
"(88, 45)",2.016755308731355e-05,13,0.004066470949820126,572,0.003890394319633783,88,0.005138661028143705,596,0.06180587576405472,184,0.002343267662412345,610,0.0877324981833606,239,0.0009405419706235369,610,0.012665908721108288,86,0.0003409037938043123,612,0.06801980289620535,248,0.000612839464737302,610,4.2989624885692024e-05,5,0.005385236296732516,571,1.000088900582341e-12,1,0.001851859545725974,606,0.00010603527149644076,26,0.0012452426057720206,611,1.000088900582341e-12,1,0.000500727866214332,612,1.000088900582341e-12,1,0.00042718681362967744,611,0.039329983251693346,210,0.00048474777709305386,610,1.58432231258665e-05,14,0.003866156520716409,569,0.0027134903336387683,74,0.00483711239517963,595,0.05708429467490128,177,0.0023595097642228877,610,0.1217120705589747,299,0.000674267258708042,610,0.043340588495117904,214,0.0002891239495407772,612,0.03531876380802479,221,0.00084985922295965,609,0.9997000299990002,599,0.0,598,0.0340755364494687,194,0.00346669373394507,604,0.03898515170832528,147,0.002696691167750431,609,0.05134670042282985,137,0.0017651171093050013,610,0.18130303990195007,358,0.0011387201562825034,612,0.07598858537710496,254,0.001098729690213078,608
"(88, 93)",0.9205432786653159,603,0.00011378560943740364,613,0.5984872730886378,538,0.0009590241376056756,612,0.22103288657753972,417,0.001532308423227585,611,0.1715599840820783,363,0.0007521301758631444,611,0.4510381899041701,530,0.00010361902793557761,613,0.20725909256730568,348,0.0004227211559193176,612,0.8985450693812977,605,0.00019549966956957686,611,0.9997000299990002,614,0.0,614,0.8646203219554591,609,6.186745857013649e-05,613,0.9997000299990002,614,0.0,614,0.9997000299990002,614,0.0,614,0.28739812346883875,393,0.00024980191918302664,612,0.9265290302180262,601,9.960342400552779e-05,613,0.6372122662937396,554,0.0007840327954811899,612,0.23256329494312467,424,0.0014773393579281067,611,0.12834661596996977,313,0.0006624429476993832,611,0.2730280779201193,380,0.0001565476545736865,613,0.3033334938384007,374,0.00041499420689486503,611,0.9997000299990002,600,0.0,599,0.3086404202653621,415,0.001663076048041216,610,0.28870242055099016,460,0.0013835052576269284,611,0.24805027663097234,470,0.0010441537829691558,612,0.08175735626620406,247,0.0014849429092356537,608,0.19154010749593486,341,0.0008073349205777843,611
"(189, 266)",2.1670434237508474e-05,14,0.009560090558229681,491,0.015338705964340393,158,0.010395264671541766,563,0.17251831646270743,366,0.004808837762288749,605,0.5653091999954748,592,0.0017187646011555923,609,0.7369475387923672,604,0.0004518238914589279,611,0.7894288868173363,602,0.00042325221264785944,611,0.00035085422041125636,42,0.008598387307633721,535,0.03756794984243572,201,0.003961687696332805,598,0.04226647226014746,156,0.0038980765620466613,603,0.6401793923565184,595,0.0005243471051867062,611,0.7057295862733497,601,0.0004075402502669918,612,0.9997000299990002,614,0.0,614,3.82150982971563e-05,18,0.009173438596878112,489,0.010332003224709396,135,0.01006584003431024,560,0.15598148036687953,348,0.004984602964102644,604,0.6461586239380903,598,0.0013454376740566732,609,0.811998269323414,606,0.00030526792641868863,611,0.8931829298074903,610,0.0003041762326780042,612,0.9997000299990002,601,0.0,600,0.015770759310343108,128,0.005661305463646263,593,0.1299058726108232,312,0.004062895633531278,606,0.3339065317229881,530,0.002244433417296557,608,0.5193296880318694,579,0.0013381041533054195,611,0.7255483714921865,599,0.0003788132005258818,612
"(189, 45)",0.9186708610188103,602,0.00027417713270341175,610,0.42447285991628536,454,0.003436754285733287,602,0.08712221811762566,237,0.006038682849787911,601,0.005190862181096323,35,0.008207897397186626,580,0.000905387935920543,27,0.004218614245734913,588,0.0004353346461341001,27,0.005161340344698301,577,0.802981883554337,590,0.0006524651548825143,606,0.2941877339506179,410,0.001995007570981969,605,0.2767392106237023,450,0.0020836533374293856,608,0.002636399939863865,32,0.00327126459767382,604,0.0013194193249206343,28,0.003308179015455296,598,1.000088900582341e-12,1,0.001967052557443437,598,0.9023162241436877,596,0.0003197600696856427,610,0.47857542962407884,483,0.0028028169553978503,604,0.09841917997901573,258,0.005811590474373844,601,0.0024862005391736997,30,0.008586138979573221,574,0.0003016300793726723,27,0.004246599736021517,582,5.046637451755487e-05,4,0.007926924335015729,534,0.9997000299990002,602,0.0,601,0.4205685752505539,488,0.0018949096899855676,606,0.12021922175206967,290,0.004169211789875744,605,0.028720514371321615,75,0.005084531706972661,599,0.007552670069229883,42,0.005481980221395414,592,0.0010432902057644355,32,0.0033561821114465,592
"(188, 47)",0.6255641707675561,488,0.012037761706901707,449,0.4317858864712728,460,0.020041827543164917,483,0.30923986046476637,500,0.025582612356544535,537,0.06406263292743253,197,0.03488136428343445,420,0.00418736607460124,40,0.049522313473113255,303,0.009944654261449304,129,0.03641774621648634,366,0.4248204109916409,439,0.01000286652889737,516,0.39782372320770365,470,0.015869790441111205,536,0.33997339302311635,495,0.022740131073677745,538,0.16266168557302152,376,0.03105615001680903,516,0.01758289949941705,70,0.04032633445503456,421,0.011422433438534108,112,0.035806959239369655,370,0.7059890982241285,513,0.01053738068722687,459,0.43384772329438814,462,0.021298056998248206,465,0.3238340165834428,507,0.024051175458679477,543,0.057512477519296,200,0.03590564650265033,384,0.0008779218983994141,32,0.05292778358852232,251,0.0032843070346801895,98,0.041343511263691755,320,0.9065820549763475,543,0.00047148977219456807,553,0.3824793307198311,465,0.017427763700257122,530,0.2242975135746741,401,0.0332289611906963,496,0.13299582222054607,323,0.029373537563183737,507,0.040663504618984825,163,0.03285157265027399,449,0.011545590698867514,121,0.034350301079360504,398
"(188, 148)",0.0030331880264886646,140,0.07112188412174306,162,0.014557576752862067,153,0.062038854765775316,248,0.033937855977830056,108,0.053433699731052234,422,0.21585915248491894,401,0.02326688454877651,488,0.590207731004275,584,0.009515821137270784,554,0.48365293867994474,483,0.009976962759115854,528,0.015300759830809474,174,0.030289255554049658,339,0.018511282132658513,146,0.04412207391650354,364,0.027561397178264224,119,0.05254211253904051,412,0.09365251330342428,234,0.037330994503803096,486,0.40516811985264645,548,0.014171217280915631,556,0.4651074459248682,498,0.010408046482965049,527,0.0013154853189698557,115,0.0856321142021251,123,0.014343793721080633,151,0.06635868158756703,228,0.030749244100674256,101,0.05271881593127689,423,0.23147548955097563,399,0.022572609715529598,476,0.7393692184969424,598,0.005604650639448248,568,0.6170684244463138,521,0.00721845356191897,543,3.327024121024813e-05,33,0.014188048547188267,365,0.0205961703722366,149,0.04615111108975625,368,0.06042708515856643,203,0.05144948545491734,423,0.11733125426568969,292,0.030626522102746724,501,0.2824608015843715,446,0.017217563930643158,532,0.4636565042836561,496,0.010030836422974934,551
"(48, 50)",0.48604648862173827,427,0.026197981921943916,329,0.38806193895132646,437,0.05791803331156677,261,0.10981784058651256,274,0.13467568098349975,175,0.015890969629483553,58,0.1659704633413148,68,0.008149804461044963,63,0.19286786580184564,48,0.002743229544283743,64,0.3262201824923342,34,0.19429761090857678,325,0.06398116486619067,203,0.1960648682149645,342,0.0938635576476738,204,0.151618153462884,332,0.13896369873534384,166,0.04394088509268512,111,0.22715251966104819,99,0.030175995490628882,110,0.22093769520623854,75,0.008044033875939327,89,0.3065498723479179,40,0.5101360002598714,440,0.02484940035798426,327,0.4021595954279329,442,0.05246476465688916,271,0.10709285448988393,272,0.13138593985165126,181,0.0099915619170039,54,0.16981287183235155,59,0.002385456665585539,56,0.19360101677701647,36,0.0007605231916428812,44,0.2795838135445549,35,0.10528067214697923,278,0.10524518823009783,144,0.2249477890807594,358,0.09240973052642452,217,0.14046314889682776,324,0.15845655729310693,154,0.02312373534732326,62,0.2574107571706018,86,0.009825809597449497,48,0.26648139070697824,59,0.0031215616189592676,53,0.2729426243698588,53
"(48, 49)",0.00976638165613064,183,0.09636423487365178,113,0.019814047890552633,174,0.1561192369705104,77,0.141520657929053,331,0.12375807166687638,194,0.41949920217343883,559,0.0557404613874147,302,0.5096216280682486,557,0.04859142708393592,308,0.6360850760750812,561,0.05309983123017167,311,0.07451646474405194,267,0.08806240637304935,150,0.07359026900165366,250,0.13012382115335006,131,0.10169515542653529,268,0.15875168535490589,146,0.2709949468829822,495,0.12386637494282177,220,0.32661346524087675,502,0.09988010558768413,233,0.5112970686348328,523,0.07681298969979752,243,0.00811720945275185,175,0.09879667302511402,103,0.017957985873351845,166,0.1478817787301664,77,0.14479970219313598,334,0.1188173423463717,200,0.4830291969818643,566,0.04661481237070679,321,0.6503271216071784,575,0.029857551418566358,354,0.750398071573468,588,0.028083567452225986,376,0.1470396193943584,314,0.0941543397381877,158,0.06015650231092917,243,0.14343355233404226,128,0.11071551178390693,277,0.17153846733401215,144,0.3656857576277105,545,0.1025518124023592,262,0.4852444986536395,569,0.0726333587421965,302,0.6225137518571884,575,0.04671743792005841,348
"(49, 216)",0.001523879665894512,113,0.13211265027258162,68,0.002888921772380648,72,0.22271847024998845,39,0.03526717834839799,114,0.1794553072789942,122,0.18873338764937553,378,0.08171853401667248,219,0.26129174205665395,400,0.0720814956634454,224,0.37418404908180125,420,0.08249541432514904,224,0.01374135762185158,167,0.1294279775619152,107,0.015374657302665407,133,0.18672394602073042,73,0.022300816587598304,100,0.23260372399433382,85,0.0931297731117755,231,0.18099186632140588,137,0.12736492232648033,307,0.14801317831019406,145,0.23137132563544816,368,0.12356886609736771,164,0.0012445098724063186,112,0.13539082398862093,58,0.0026567533774531915,73,0.20983632657947843,42,0.0362055576746243,114,0.1721953293096015,123,0.2404372251448499,407,0.06803961932475301,243,0.4082092719220872,459,0.044066452522520845,286,0.5353658604129174,473,0.04252506014741083,314,0.0334425182490814,216,0.13795411374826239,113,0.010850347651308434,106,0.2086148420378057,73,0.025916969992347605,106,0.24999393077060236,90,0.15166148833597015,352,0.14884064124964325,167,0.2345402437291828,411,0.10738663724133166,214,0.3333971533834811,418,0.07707048839477477,258
"(49, 48)",0.6929763117467268,513,0.01717994753265773,401,0.6306960913865475,556,0.036988051114147255,357,0.30354999093309165,495,0.08756619325431497,300,0.07752163513789323,221,0.10993327613220015,138,0.04692647348446899,198,0.12775945334082914,101,0.02181085877255673,180,0.212765223006652,72,0.4398069000172269,445,0.0407646795664465,285,0.42414428219801836,487,0.06179651149395549,283,0.370958347017039,514,0.09112031300667316,287,0.16341958725059802,379,0.15005617442335598,172,0.12266453508909936,294,0.1498801055876841,142,0.05755366110251836,236,0.1964813143762655,84,0.7107740156730602,514,0.0163184222229573,399,0.6393895536604997,555,0.03373462678389748,364,0.2996600674176606,494,0.08512755438224008,302,0.05408578001562525,191,0.1118754370772105,126,0.01721093326405998,149,0.1266098724821511,84,0.0066458228474228775,136,0.18365901080054906,75,0.3114164838259119,375,0.06557230458239284,204,0.4720288689062888,513,0.05931577844151336,309,0.34901192917049684,507,0.10507775450232179,254,0.1016619571961781,263,0.17006977930566758,144,0.05631494375414847,197,0.17277523089314673,120,0.028819934295426508,187,0.17430549484831187,106
"(51, 165)",9.999999999998899e-05,33,0.007107611795410956,534,9.999999999998899e-05,13,0.006088748544681651,591,9.999999999998899e-05,9,0.008922903600983594,588,9.999999999998899e-05,9,0.003348329415419791,603,9.999999999998899e-05,9,0.0019485431838617158,601,9.999999999998899e-05,12,0.0027423769461901457,593,9.999999999998899e-05,16,0.00666857768593158,556,9.999999999998899e-05,13,0.008804925500706487,579,9.999999999998899e-05,11,0.010723550594780947,579,9.999999999998899e-05,9,0.007244020592827153,593,9.999999999998899e-05,10,0.0034336147661555203,596,9.999999999998899e-05,13,0.0029398494585791,591,9.999999999998899e-05,40,0.007071475564082491,526,9.999999999998899e-05,13,0.0059360954881520125,591,9.999999999998899e-05,9,0.009066373432988438,587,9.999999999998899e-05,10,0.002696505972403184,605,9.999999999998899e-05,11,0.0012653453392338753,603,9.999999999998899e-05,12,0.001845692467129096,599,9.999999999998899e-05,45,0.008123714580685719,410,9.999999999998899e-05,9,0.009904581837575909,573,9.999999999998899e-05,9,0.01101641873050696,580,9.999999999998899e-05,8,0.0066259015770699856,592,9.999999999998899e-05,9,0.004616063440100944,594,9.999999999998899e-05,10,0.0025694162334312077,597
"(165, 208)",4.352156010756225e-05,18,0.0222965210994629,364,0.0004975779977887118,39,0.023004213512919237,458,0.005985754305217306,37,0.029183243154885453,521,0.04214635639779929,144,0.010758586541390521,569,0.10368148771747354,277,0.006990212635231258,574,0.19867514134767728,343,0.007119346502832125,562,0.0005854626890715586,51,0.023805383077404672,394,0.0012844439774362115,42,0.03234427742162835,436,0.001811583708303921,35,0.0380792074138549,466,0.02048258152488458,60,0.02728337024495513,531,0.05970320628033643,183,0.015062365244725654,550,0.2061765565128535,356,0.008322145435337616,549,3.5775149649364124e-06,7,0.02217297182068443,353,0.00035092424725990945,37,0.022233547635630766,452,0.005781003917167737,37,0.029744588863486843,515,0.06228548095356379,210,0.00886372875706221,571,0.18462615534870586,338,0.004399967516361676,581,0.3047868369077713,376,0.0047017391543595025,576,0.0006263402682417096,88,0.03255176226076636,284,0.002124302363624153,46,0.03560568340773832,430,0.004752423481442558,40,0.03938525263760338,470,0.03903346734400959,115,0.02169950447444757,537,0.07676966770749138,232,0.013869064457175269,548,0.23757037231245837,367,0.007063752033335561,578
"(165, 51)",0.898143159430507,595,0.0008128743168664702,607,0.7806150912970384,594,0.0019797733090977715,608,0.5482108066985742,583,0.006474267684756059,599,0.277160210645621,462,0.0057424638316102205,594,0.14905710369681524,329,0.006193553604734689,580,0.07224630948805166,253,0.009974307475473143,529,0.7694402430682509,580,0.0021732846703071984,602,0.7080574284700565,588,0.003944691228954125,599,0.6770572087713954,597,0.005286467666786135,597,0.38327791140505296,554,0.010276730876879994,583,0.22604438455566433,422,0.009664094142301571,572,0.06853706681774141,247,0.012013601549432167,514,0.9548155204137669,608,0.000344385270454537,609,0.8029697230143529,598,0.0016872528391213737,608,0.552430107174738,584,0.006506038243510781,598,0.21991606854961665,388,0.005820939390834019,591,0.07983035733420873,262,0.005818680635935709,565,0.0349739005009404,219,0.009675555541968677,511,0.7646555261023968,503,0.0030457155399235317,471,0.6618009854794703,586,0.005252293261148586,597,0.5756659363107755,586,0.00796003851937591,590,0.28851897078609057,491,0.011139629216019508,579,0.19010197525268002,370,0.010251360597835279,574,0.055157398605574004,235,0.011492952531792024,540
"(53, 225)",0.0003594616280959695,71,0.08523633816915176,130,0.002236240874930129,67,0.0960332417364312,168,0.028755120524927125,94,0.07418983455067378,342,0.14753089854921075,333,0.03180852264521665,442,0.21020689581239582,365,0.026694957375793364,427,0.4115761406003604,437,0.025323440100518416,420,0.005089043273362348,109,0.08706451848911138,151,0.006838720191603587,79,0.09547180116097202,201,0.014962686082024446,79,0.09195893707439456,284,0.05585109794477483,149,0.07401797109162611,360,0.09105695877691633,246,0.05516251234207186,362,0.326306786725725,409,0.03297055198520996,382,0.0002576480654645774,69,0.08404250236144649,127,0.001788232869254447,63,0.09418868116947562,156,0.029473331179519002,95,0.07400605903158805,337,0.1936734282297392,373,0.027278122434546807,453,0.3373716393313665,419,0.016330121823427943,465,0.5026614535560542,453,0.01434825274446445,473,0.010727417111973336,164,0.10343781077001866,148,0.008634893668701071,85,0.1091846362764394,186,0.017102891905297346,74,0.10426098970016891,258,0.0878131242340634,229,0.06391016697510638,372,0.18177055137167897,359,0.0437824223931982,400,0.3893481095907131,452,0.02445659160680218,454
"(53, 205)",0.8015000264430234,557,0.0065244080629070665,542,0.6567574252232599,562,0.0144475027547654,523,0.333729034942738,517,0.03276811575455312,501,0.10488840556838153,271,0.035639259071375606,412,0.06663339499310217,235,0.0391514247475936,353,0.01680738883966748,164,0.07353701837137647,244,0.5676497576965247,512,0.01808671789637558,449,0.5318100249191591,542,0.02236735107034309,496,0.4279510278194735,545,0.030069931561790664,508,0.2357463213781208,457,0.04580006629133072,442,0.16647668784561032,361,0.04511253954500574,402,0.030238734609678186,196,0.07285852627872172,254,0.8209934251065674,559,0.0057112088768335656,546,0.6782747472068773,565,0.01301182431995741,521,0.33009095932154453,513,0.03307748459729463,498,0.07484678953368917,226,0.03744956368292378,372,0.028052884143394463,185,0.03741391102026998,312,0.008601730253131046,151,0.055679535817897786,273,0.473556875266535,427,0.029267592123411092,293,0.5021628544654215,533,0.028181601417908972,464,0.40910368245285134,547,0.036185443281167726,484,0.17143397368778768,378,0.051135691264609456,419,0.0814829794650761,245,0.057207371593466824,348,0.01963775221683839,156,0.06619289305297728,289
"(225, 224)",0.0007933555989265706,88,0.10353776674537887,104,0.003464637921738456,83,0.12415065729887095,111,0.041545835378492324,131,0.10614769665702752,241,0.1782632485948168,369,0.04971947577224564,330,0.24816423178097202,391,0.04215693817847297,337,0.4163378851279177,439,0.04424339816827913,337,0.01119017413244039,156,0.10837158370324348,127,0.01270190926081316,118,0.12475293746168713,142,0.02652719304942086,116,0.12959675217176114,182,0.0895584879841772,219,0.10413801193716339,276,0.1267740289378292,302,0.0819397706893425,284,0.33213594982319505,413,0.056943282859406634,298,0.0006497023900104981,90,0.1016300412747768,100,0.002946051148265072,76,0.12034203620136603,108,0.043582828404630236,136,0.10324241090293078,247,0.22721630766429912,391,0.04294843136437909,349,0.3669730911758792,430,0.027249565335652846,372,0.5276389715800027,466,0.024227101949479232,396,0.02614717595938265,204,0.12534040748639047,121,0.013254995168275885,116,0.14062512199794952,134,0.030993252244220892,121,0.14270586058742885,178,0.13385013724342132,324,0.08860191786189128,303,0.2413954206667932,414,0.06296863337025896,327,0.4694757500071377,498,0.034007483703318984,400
"(225, 53)",0.7471943413971863,538,0.010562747515191009,475,0.6112761563941975,543,0.02213549081377703,471,0.27928356305813684,476,0.05624336303479387,410,0.08356819822189943,232,0.06400297089902462,265,0.051306840455962566,207,0.07129466499603217,227,0.016251128538604442,162,0.1304275325298799,151,0.4678807526295894,458,0.03122357606076561,333,0.4506490034784555,502,0.03796595343194558,404,0.34559586605138914,497,0.05507675831583978,408,0.1687397532218996,388,0.08431517197561551,329,0.12324259881469413,298,0.08271505430511618,279,0.029067520933761415,189,0.12825622854124483,157,0.7620224676094796,537,0.009636906927767301,480,0.6286405054953808,550,0.020138633400973806,474,0.27220417513866724,468,0.05606153875615737,406,0.05922290054413715,206,0.06723528464494971,247,0.02292024811819826,176,0.06868014672428925,200,0.007070840693688241,140,0.10199762773108986,169,0.3477143510947365,387,0.05290440409383188,234,0.44478743855908365,500,0.043598538607208345,383,0.32266614538015237,490,0.06535513642371983,381,0.11654883467917554,291,0.0927854940189877,292,0.0537326093118764,192,0.10390137618145814,225,0.011058442664012347,117,0.11863538115292911,171
"(205, 150)",0.7260676534484031,531,0.005802646208210031,552,0.5482401638772345,524,0.011742512254601423,550,0.16835190122214105,361,0.03366398110897735,495,0.0359813292612865,118,0.037625926433841064,392,0.01976563233313522,131,0.04102527237202209,344,0.004392158637164356,87,0.07598465883322587,236,0.41466562274220453,435,0.017461838584438467,455,0.370390260561994,460,0.020226551579179554,509,0.25574755248008585,425,0.028176573993480458,516,0.0966148850537869,249,0.047752590046380314,436,0.06062762029830837,185,0.04766860781429464,390,0.008716800002713132,95,0.07382362003697508,252,0.7504374338515081,532,0.005133803049849492,556,0.5740798730395827,523,0.01069297712540861,556,0.17229296168501407,366,0.03349576590961949,497,0.024113248228109008,98,0.04031667757130904,359,0.007844100069797522,107,0.03831063555412488,309,0.002115894454165157,77,0.05727455038472943,266,0.3507105353804689,389,0.02683427134507361,301,0.3420015544762611,437,0.02658879618879907,476,0.2273184875724984,405,0.036310455454507146,482,0.06634198449395101,178,0.05335725274189811,413,0.026122542442843955,120,0.06014846549901064,333,0.00436894319196135,70,0.07119459856942309,273
"(205, 53)",0.0010366902539200584,93,0.05153102526292453,210,0.005984309578128122,104,0.05293545140951297,279,0.08981317288517743,243,0.0415073305023455,464,0.3005803810614287,485,0.018543543452432244,516,0.38841411155057914,487,0.01520279282765376,509,0.5847660270053707,535,0.014880740590471352,493,0.01644457486357953,181,0.05120532142904261,238,0.022388153819490997,155,0.051538954581284484,329,0.048726457538491585,176,0.04896702677794276,430,0.15846231476950745,364,0.040492035986272504,468,0.22381763733349158,419,0.030843089447276685,470,0.5009382728796521,517,0.019130205123690465,459,0.0007601261120809832,94,0.05111897647374475,206,0.0048175648156005835,104,0.05261952087439403,270,0.08726526859814077,239,0.042020893403527326,461,0.3595727050055375,511,0.01637976759035181,523,0.5145148862223288,511,0.009499507364099513,521,0.6621879643316559,548,0.008435922754522138,527,0.025618515910634465,202,0.064193061513157,209,0.027183982505185722,173,0.06184012247543075,294,0.05918122333477793,199,0.05686547043783002,411,0.21083525546895765,428,0.036291802199485086,473,0.3478526819243163,489,0.0253764722564726,495,0.5853726189278916,549,0.013913243206645172,516
"(54, 134)",0.0644433689280236,264,0.0235280088945917,354,0.14560774376765362,308,0.03453297426128435,376,0.18742170405900727,384,0.07987525151378666,327,0.25776881414055075,442,0.04023213789437532,376,0.31980703444566316,446,0.0410994063107077,343,0.42833049356898145,447,0.054677600770669514,308,0.12579895676004293,293,0.03433957692911997,319,0.11732274813793553,291,0.053366641373405216,321,0.1409870735179456,322,0.08574509753724849,298,0.30398039319691317,518,0.0796448611228114,345,0.36595629484655456,526,0.06572379954460275,326,0.4544146198821719,492,0.05786766000528215,294,0.0707423951440167,265,0.021206708345737818,361,0.14379662629377155,308,0.032289492543130495,376,0.195750210774845,390,0.07548642210984623,334,0.2839548701737922,449,0.0348014810794132,396,0.329642611205495,414,0.030063020215194317,352,0.4335065704708094,433,0.04052040120692238,324,0.25729227142326894,353,0.047414528930233055,253,0.15145611341275556,310,0.062086971249625374,293,0.1681513213243273,346,0.09092403250204889,296,0.326684727610177,525,0.07728229642233136,334,0.38797676638989276,513,0.05902558089483825,338,0.5294832263317923,528,0.04286759878711212,362
"(54, 110)",0.21500624262176848,328,0.015745661031409865,412,0.10643459437608138,287,0.03833550652560384,348,0.07825038189553746,220,0.10687022182604594,238,0.0480620016037947,159,0.07042323175075517,246,0.03159859346311866,161,0.08890147543386609,182,0.014922160547035546,158,0.16741404050263453,100,0.12420443323676356,291,0.03448590183517818,317,0.1330050699543306,296,0.05118089566850695,334,0.11026960606063274,279,0.09306444455822369,281,0.035164846881458045,94,0.16345694330831534,155,0.02308083266299077,89,0.16511324480625467,129,0.012357283633008143,116,0.19243276256712735,87,0.20166266096577412,329,0.014956317834158461,409,0.10791720562029317,286,0.035531528325513664,355,0.07375420453370585,212,0.10451388530172069,243,0.040255205751662304,151,0.06674316808201791,249,0.029563029131669305,189,0.06716310210918612,203,0.014378974223147045,171,0.12611391170635225,126,0.04821779629301237,237,0.08285484347352476,176,0.101819412175717,274,0.0708738266424903,259,0.08994522763776636,256,0.11200895399691545,242,0.030161434961527234,81,0.17099062349902894,143,0.019825773404990032,95,0.15906164276577994,134,0.006967419663938101,90,0.18157493730727234,98
"(55, 245)",0.8568076589278567,582,0.0013729850290048337,600,0.2930157288592332,385,0.010300702750941358,564,0.3558303670446399,536,0.008412290924571148,590,0.11882848507768173,294,0.009022528104000883,575,0.011655165300015424,79,0.011843177515401048,533,0.00610559702166813,98,0.010383752213178915,523,0.8008905346931383,588,0.0013481081508969596,605,0.42988328411228616,491,0.005009425485409666,592,0.29377842786280883,466,0.0074520420528049434,590,0.25321215331003444,477,0.007909295823882358,589,0.059308453045847975,182,0.009571906421907429,573,0.0096368440409198,103,0.00914087947882736,538,0.8860017424051498,583,0.001126878590409403,599,0.33923786532097977,410,0.009046196246395077,571,0.3371681065365718,520,0.008617854917362984,590,0.12478364899938454,304,0.008295598766217606,576,0.004715141303506476,82,0.01181078672045383,503,0.0022379098965596977,82,0.010934294876693985,496,0.9997000299990002,603,0.0,602,0.4137298737782178,484,0.00472616302709871,599,0.2702813655903298,447,0.007091092296655004,593,0.1496418921413687,348,0.007418464019952287,588,0.05471436990533207,195,0.009415675325114682,577,0.02653912809817638,182,0.008407596147418327,565
"(55, 148)",0.0001265785271263864,51,0.025972090195459326,332,0.037866338299807456,214,0.020374145149846354,481,0.024738446721730867,81,0.020458375423795586,559,0.13138158270868772,319,0.008725498881665256,576,0.46237674633680015,538,0.0034725010825239913,591,0.5457954434045413,519,0.0023223110739135373,595,0.00036304546597909493,45,0.017549393651178212,454,0.01475733746167085,129,0.015413529716812414,539,0.03767188881950467,143,0.014777789155701195,570,0.049573599012769365,129,0.013621215115368172,571,0.22700680475334845,423,0.006119148850424165,587,0.4878090582805772,507,0.002471058191742231,595,6.182860824632819e-05,28,0.02737109442478104,307,0.02769950152180678,197,0.020851795693622985,469,0.02809168439135379,88,0.01973128701380152,561,0.125216600930393,307,0.00828602670492488,577,0.5765815398396854,540,0.0023795243495200345,593,0.6566837035291168,543,0.0016454558516475959,602,1.000088900582341e-12,7,0.0038288221155800273,455,0.016553717490433884,133,0.013818125907289366,548,0.04415359918227957,160,0.012971687254143889,572,0.1032236723116241,266,0.008395990847246269,586,0.2387482684182558,412,0.005761981574615322,590,0.3455297993088491,424,0.003573871145232867,591
"(245, 55)",9.999999999998899e-05,34,0.017292053649704913,397,9.999999999998899e-05,14,0.01273250282334877,537,9.999999999998899e-05,10,0.01536659567637364,571,9.999999999998899e-05,10,0.006087430354384078,590,9.999999999998899e-05,10,0.0025837362494180206,598,9.999999999998899e-05,13,0.001917645846764643,600,9.999999999998899e-05,17,0.013728154711002312,481,9.999999999998899e-05,14,0.009795630699245998,572,9.999999999998899e-05,12,0.009065502705101293,585,9.999999999998899e-05,10,0.009572090247537498,585,9.999999999998899e-05,11,0.004355491970096923,593,9.999999999998899e-05,14,0.0019059776388766615,600,9.999999999998899e-05,41,0.017765795963672316,385,9.999999999998899e-05,14,0.012653816849047525,525,9.999999999998899e-05,10,0.01505535550005909,572,9.999999999998899e-05,11,0.006147234068430102,588,9.999999999998899e-05,12,0.0019120828371914176,597,9.999999999998899e-05,13,0.0014582116883156584,603,9.999999999998899e-05,46,0.002769324983809475,476,9.999999999998899e-05,10,0.010249929879332391,570,9.999999999998899e-05,10,0.009030176208564953,586,9.999999999998899e-05,9,0.0064359650317870245,593,9.999999999998899e-05,10,0.0046095852596922575,595,9.999999999998899e-05,11,0.003152205772701795,594
"(148, 188)",0.4921978621355805,430,0.012349307545287513,445,0.23522765332657036,356,0.026818903738458768,425,0.19902742513446292,394,0.027598015407755153,530,0.03470252990763556,113,0.044462452957731435,351,0.006192018408844202,52,0.05238292875110711,292,0.00873382518740562,117,0.0433421948999436,340,0.261305268100962,360,0.012374049637725919,494,0.21276048387971258,354,0.020159321108214997,511,0.1919310482919846,365,0.026151374737596645,525,0.09013067421526388,222,0.03611854023655455,493,0.013936633831886702,59,0.046131642049690696,399,0.008362357899389772,91,0.04158816797253279,350,0.5802117072986823,466,0.010696893181759709,454,0.24149278209245173,359,0.026988289786009416,413,0.19754704177587246,397,0.02698015255173019,528,0.03062710063825036,118,0.04476909372849805,332,0.0031743208002210643,65,0.05675610755997978,234,0.0047772631562001955,119,0.050370972721964585,290,0.5260439162701496,438,0.0012518866365166118,520,0.17865646039553096,332,0.021642211020266224,500,0.09838930519686095,267,0.03632412866096615,481,0.06041771053570888,161,0.033485514603733696,489,0.021812668669722646,104,0.03820326946567248,423,0.007954302178795447,97,0.04100095817456603,370
"(148, 55)",0.8813541273437757,588,0.002330295691430222,590,0.5460169039280554,521,0.012163676500967856,542,0.5736359907061301,589,0.010521772773831041,583,0.3881695809199607,546,0.015665181621688534,538,0.2960034272483838,427,0.017735140778664702,489,0.2471742711234567,364,0.017255626280510535,468,0.7434449480834857,570,0.0030260470326628373,593,0.6043020107879992,571,0.0072571138714213465,584,0.5771377507738291,579,0.00968311061048248,582,0.4894797485099105,580,0.012588267064309676,575,0.345588717484413,516,0.015370665162109337,548,0.277312676894212,388,0.015278633682542475,489,0.9120700887237178,598,0.0018913624351750778,594,0.5912540632642075,529,0.010884639491558077,551,0.5666700819055281,589,0.010458796644980712,582,0.39667143483472045,534,0.01505685241345449,527,0.27842126482086627,386,0.01873606358965729,434,0.2437807283245952,358,0.018868861830621222,436,0.9995000999900006,591,0.0,603,0.6591916022519029,585,0.005939385712921482,590,0.6098897688246744,590,0.009217136378514536,585,0.46143614990385884,574,0.011172445477769966,578,0.356553932413729,493,0.013316259728967328,552,0.3162651283172939,412,0.013606421655088009,520
"(148, 163)",9.577307524732959e-05,26,0.07874593982714664,144,0.006505213491330486,109,0.06773065107233217,236,0.008041389296185475,42,0.061899615570511476,388,0.12698958386602466,310,0.03072143816755725,446,0.45527548492800685,533,0.011950166267822335,531,0.46063661416086843,472,0.010161770500648419,525,0.0021585690545667946,82,0.0371641273698338,306,0.006218833756304054,76,0.048313780471361145,347,0.0084887094688737,59,0.057176198522007754,402,0.0362849915743465,99,0.04583943168961801,441,0.2637329384553513,459,0.018787152155076876,526,0.4235739298422432,465,0.010659499075622853,524,2.6363008036378588e-05,17,0.09110883236118922,112,0.005040961382257736,105,0.07122744055948296,213,0.00839169693510533,44,0.059959870191686235,390,0.135867458430168,321,0.029353852078995407,434,0.6212122123541586,562,0.007541438653377075,541,0.5988111284698011,510,0.00747830260491023,538,2.5473133739462028e-05,31,0.009131727197101694,400,0.007063257608850515,73,0.04668925342960636,363,0.0217989985541569,93,0.052344103820377595,418,0.061684599257254225,164,0.03330055021932202,491,0.1949260132070496,375,0.01992976212841337,516,0.3830119046547722,447,0.011554659659479499,538
"(56, 57)",0.0023708033990940125,130,0.07470046253220426,154,0.022074904082244884,179,0.0434898585977153,321,0.14752643154787526,340,0.03664674940112965,483,0.45568762496436,570,0.013536219361086805,556,0.6483596710235395,595,0.007488931859116314,567,0.7009760118077242,588,0.005595213691916998,573,0.006636800701498302,131,0.05419178877400117,227,0.0654444929750736,240,0.036718790425625536,411,0.09181825237391017,249,0.03620953014865257,478,0.28309075132847905,503,0.025372573812090064,541,0.4889094585212421,573,0.012768754911640841,561,0.6608371692420452,585,0.006130601285324412,573,0.001930201721023428,126,0.07225916002337555,151,0.02007690865130063,175,0.041360025452762225,319,0.14661393643154397,337,0.03573609069749921,484,0.5057332288773551,574,0.011926506839519324,558,0.7397038063951242,599,0.005197382131846391,575,0.7139891011047088,572,0.00517863857443758,571,0.001814681865981993,116,0.043536932010632905,268,0.07156743121864151,257,0.03607775916568719,427,0.098640246322522,268,0.032340760860920886,501,0.24044399356057067,460,0.02117245542209171,540,0.34384910627173504,486,0.014601098843356877,544,0.5714828698426855,546,0.007569407662996805,572
"(56, 72)",0.6509446687847512,498,0.011493186299372878,460,0.37243742753719133,430,0.01695651107663007,505,0.10489196397063716,263,0.041059280226635825,466,0.012242629212665834,51,0.04519546889354643,344,0.0024326059376402753,34,0.04819492283611739,310,0.001393051882357943,39,0.044503615965264635,336,0.5355342389034944,491,0.012540764079874207,491,0.21279007386436088,355,0.024785381829416656,483,0.16534415228865018,352,0.029762514293516295,511,0.04049084185190144,106,0.048516278773153745,433,0.009556711903942361,47,0.047401112297741146,392,0.0021453543753027216,43,0.041403292543357686,352,0.6710501717776397,499,0.01027642706713859,468,0.3861635256427245,432,0.01543675440553778,508,0.10562206219590076,269,0.0398639729014184,468,0.008399761970564246,50,0.046744598260587536,319,0.000874176002529703,31,0.04915914341037109,267,0.0011984544629254357,60,0.04357515598585198,311,0.6768965640741482,472,0.006048075698495839,428,0.20001486771417065,344,0.025612812592530752,481,0.1556813928762053,336,0.027777258443972365,520,0.05408327661411516,146,0.034814075988540166,481,0.02684446981844646,122,0.03416304428412147,443,0.004925771858888983,72,0.0369180032259115,384
"(72, 113)",0.8471655237699444,579,0.005161919861341109,559,0.6157721722978227,548,0.010189202815991645,566,0.41133583372878324,562,0.01584498636445421,570,0.16062496039380014,352,0.014025604586446729,552,0.04421866141741004,192,0.016216518277104804,502,0.028338682481662603,195,0.016216348262754123,476,0.7639776645882812,576,0.005304877536848089,573,0.5143659515601557,530,0.010849033977449088,561,0.5249013648659817,572,0.011506280613725191,573,0.28053119381658065,499,0.016975934357411047,564,0.12677509358930972,303,0.015963084611199548,544,0.040556335789371456,212,0.015213707192534552,491,0.8377864202090111,566,0.005455400821085052,550,0.6179597221483488,542,0.0096432913759156,565,0.40029123188737536,556,0.015980361944363045,570,0.134394897932819,319,0.014372450031024738,539,0.019766618615033482,165,0.016650066092462914,461,0.023032877471262814,196,0.015201933276879855,464,0.8568768947520786,531,0.002438740201006387,484,0.4973055853439683,530,0.011210898343350428,563,0.487023203988461,570,0.010738210835820787,581,0.31892559395537523,517,0.012150966737238204,572,0.20902735407508,389,0.012086845046963208,561,0.06486198341952043,245,0.013191612630077766,526
"(72, 56)",0.00015559829762512578,53,0.09080973366609676,121,0.0033240087480046476,79,0.05808439994330441,260,0.01683590753005948,59,0.045977484591656854,452,0.0950751573935108,251,0.016704632199545384,529,0.27006381218463016,407,0.008871642139752585,558,0.3358787200550748,405,0.007112442765361081,563,0.0006322951109301034,56,0.05650180327455949,222,0.007853261644987786,89,0.043731910565344055,367,0.007226691938988172,56,0.048008081170105646,432,0.04119706255794808,108,0.03217648925206531,506,0.12324155403339754,297,0.016114212021681746,542,0.2828514800278479,390,0.00796284884232767,555,0.00018804134092020863,63,0.08976767777005942,114,0.0032572244669450967,84,0.05541101637839608,263,0.018194544372244215,65,0.044778022391153,452,0.11605346745086043,290,0.01509288840890945,526,0.38840692951828504,443,0.00617017904159569,560,0.3662592476368475,404,0.006045311559002546,559,0.00012638514529439426,61,0.046157222871047544,260,0.008963622128958737,87,0.04275829180648257,388,0.009694418285539852,58,0.03962244091291256,469,0.031787527040852304,88,0.026207265520351554,522,0.06718430897985406,218,0.01764512383761649,528,0.21407492741980494,354,0.008860115083793136,562
"(58, 139)",0.000522728575294229,83,0.0710710794769389,163,0.006178969921088351,106,0.04800025438195783,296,0.11559485131930769,282,0.04023632594069978,469,0.39604887919496623,547,0.018834504662054167,514,0.5740493514020446,577,0.010632603993909787,543,0.7176856173558521,592,0.0071798869698858955,560,0.011118015964799222,154,0.034317988008554005,320,0.027437578650191807,175,0.04630933041850213,354,0.04864895557297921,175,0.06063138941511785,388,0.24718326115826716,472,0.03773252156633345,484,0.4733683257178216,570,0.01822143188183852,530,0.6644299941008138,586,0.008533431640109165,546,0.0003088895938949676,74,0.07191734753509091,152,0.004722351416808435,101,0.046548013695925254,292,0.09986805203866511,262,0.03995317265115515,467,0.4785413938667048,565,0.014584443035537121,535,0.7245487189306759,595,0.0059683793306217975,562,0.752957140823115,591,0.0058825237761874335,562,0.003610219444933449,131,0.01686795305696084,347,0.04067356650073717,207,0.04377631777305168,381,0.07988798317014256,238,0.05113667597653901,425,0.3015467139525352,501,0.028952892753473302,511,0.4461587262944693,551,0.016476172172760116,536,0.6296526178931516,579,0.009981127903448912,554
"(58, 223)",0.777279792214959,544,0.006226718036740576,545,0.544335673756319,519,0.01078764468493423,560,0.13490194790854937,317,0.038217159737567195,477,0.018742187900086638,64,0.05207113409944016,312,0.004818825356376566,47,0.05231693831326195,293,0.00114708712057765,34,0.06140874480493754,287,0.4687524312695197,460,0.009860139776266819,519,0.3406358354238923,437,0.019999554314855405,512,0.2559818171361563,426,0.03485932619937536,486,0.05165104916940466,136,0.0635861405454942,392,0.010742521467939525,51,0.06435962278598344,331,0.002067681312307945,42,0.05844924729289551,292,0.810605345365251,554,0.005213926837425895,555,0.5764040172494358,526,0.009383789446677882,568,0.15402975100495253,345,0.0345800216246399,488,0.010334642423559193,55,0.052371844175851154,296,0.0010560832691364208,36,0.05263963806182263,253,0.0007350225593070192,41,0.05929984439627896,257,0.6067703760904737,460,0.003056554385261338,470,0.2824241752428991,398,0.0229461251048807,490,0.1845254195423489,365,0.038684849612866876,473,0.035747375879573995,107,0.058938006103824686,392,0.013123756451442814,64,0.053374448184993796,360,0.0029178135118694826,49,0.05986791246501119,302
"(223, 58)",0.00010206551300795397,48,0.088395043482058,127,0.0018530709046820082,61,0.055127625340267036,271,0.05352125591810908,165,0.042286538147188635,461,0.26106295533433577,444,0.018911265022882474,513,0.44873779116600143,528,0.011003554497711678,541,0.5896275872453258,538,0.008103925677548725,544,0.002607969610718297,85,0.04021536147649026,289,0.005322952204175779,71,0.057687521080340795,301,0.010670125736326419,66,0.07477450378031507,341,0.10920008128761816,280,0.04556466120957273,443,0.3136859654068169,494,0.020616801337981345,520,0.5171500765561731,526,0.010080112685975877,531,5.804931802133595e-05,26,0.0895232634639204,116,0.001397058211165092,54,0.05279638512297103,268,0.04590042567462138,145,0.04148544292841267,462,0.37180818848174024,518,0.013145818529483638,547,0.6620510592347026,579,0.0052966920502165735,571,0.6480527064179895,539,0.006241726865028293,558,0.00014543334360994642,62,0.024896827740940757,309,0.008186689828158289,77,0.05305627010901587,330,0.018997683786655895,81,0.062135514870170105,393,0.14855719404083412,347,0.03537394130264649,479,0.29250763013438275,455,0.018796800354716366,523,0.4887095641411393,502,0.011420960882823305,541
"(223, 74)",0.8662500701423403,585,0.004333510239865103,566,0.6749231039838324,569,0.007719370146947146,584,0.24197207968298817,439,0.025573439673734728,538,0.046999359434191534,157,0.033491789371997094,428,0.012879995205424932,88,0.035938392450469266,373,0.004208830004348463,84,0.04208890102058482,343,0.641290597627421,540,0.006419105714947089,559,0.5623273345847742,554,0.012203085878617273,557,0.4742741206842668,560,0.02110896352806649,541,0.1422548610755261,335,0.041720236412835954,459,0.0329336209027401,118,0.04370252080520685,406,0.00768346255458674,87,0.04100327933796989,354,0.8882803998960263,585,0.0036059379812480932,573,0.7007228281505881,574,0.006644978807045295,585,0.26455233381730037,460,0.02313826389569576,544,0.02217075249452405,92,0.03364861075606897,406,0.002118866082988169,52,0.03594187385585679,322,0.0024400264707509223,85,0.04012145649974168,328,0.8503866236410087,529,0.0013819527805702856,515,0.5090416178093488,542,0.013392296756671373,552,0.39410801243579263,536,0.022613530167976736,541,0.10407487939213489,268,0.03982899744331488,457,0.037996436391811494,155,0.0371149351570131,429,0.009571226319488702,114,0.04237051359185191,363
"(59, 260)",0.00036734863304377363,72,0.12275031994330035,77,0.003370685241773974,80,0.09254723212062693,174,0.01840420890267991,64,0.08846135301775385,296,0.1338214183048383,322,0.03688047107196299,400,0.20787765605871855,363,0.026216737309196377,432,0.26326044233199464,373,0.03391593796832565,380,0.0018246432719397632,76,0.14825231691096127,81,0.005090095057900146,69,0.11069194884894258,169,0.020974144169472297,95,0.09643238100114349,267,0.0755222113826588,188,0.0757382389967807,355,0.11468141617937455,277,0.05369556894432466,367,0.20575900252030344,355,0.04663922880535258,329,0.0003451098202682523,79,0.11672602442672898,77,0.003186173157781025,81,0.0878162195035089,174,0.01922170973179471,69,0.0854503365274739,301,0.15448943536345527,341,0.033638757163561746,407,0.3152582266389552,409,0.016689447611816607,460,0.346866002256218,397,0.018519594146365323,440,0.004819539086748481,142,0.18779654403416401,74,0.005996257665759508,66,0.11642973788984538,175,0.020675752006060866,87,0.10954275402375957,246,0.08208668231349792,215,0.07033419882080233,356,0.15203903495869653,326,0.04831930807274852,376,0.22564751411782558,360,0.03744594198501545,383
"(59, 152)",0.8001643892233945,556,0.009469397969157802,494,0.6142636211950595,547,0.016323673607996574,509,0.39865355739244634,556,0.031734189763991574,507,0.11657502603942349,289,0.03861622610871694,386,0.06772621282745717,236,0.03810035151842594,360,0.046304139224020435,229,0.06053303225957202,289,0.6763814556205161,552,0.020637808676587172,425,0.5676253878089732,558,0.02299697576190442,490,0.3798508351470493,521,0.036720896694144356,474,0.19240697596201262,417,0.055454036567305784,412,0.13591968113742037,325,0.050739013037257946,376,0.06873776972020917,248,0.06721597411743992,274,0.8039854133940625,549,0.008805163206274648,495,0.6203259260986095,545,0.015151578633764689,512,0.3924256364622952,552,0.03126501623611829,509,0.09952443285240453,259,0.03894899893130751,366,0.032585529176113126,194,0.0355622457935156,325,0.026298729695689804,205,0.04375628605405471,308,0.5740320725954853,449,0.03816899385708441,278,0.5479975493992656,559,0.025848249866215173,479,0.3819222420104944,530,0.04143930310178084,458,0.18074433469293316,391,0.05406329958562012,410,0.10137329638606629,274,0.05530926473372159,353,0.0598668258922761,241,0.05827552575329833,310
"(260, 126)",0.0009474663930242322,91,0.13624965990279098,63,0.00631895664211457,108,0.11757787641775336,120,0.036094715979358316,118,0.11332637934217751,215,0.23811823078779515,425,0.04238476540456047,363,0.31616242940501715,443,0.03283796511324241,385,0.40865876694089387,435,0.039618956176136644,350,0.00697436431804177,133,0.16258256262885884,75,0.010376269852571673,104,0.1413033419964957,112,0.03898640164635048,148,0.12550261976686636,187,0.14035276187140866,328,0.09349597016417734,305,0.19334776461126335,386,0.06819574022205654,318,0.34331435723329373,417,0.053547297297297285,306,0.0009676289997446741,104,0.12948261350563622,64,0.006154577619946089,112,0.11108732912965763,122,0.036904650202046585,119,0.11060945351042592,218,0.2747456115729183,434,0.03773954083385041,371,0.44678658700643903,474,0.020194647440005556,422,0.5036952684850327,454,0.02176923570753837,407,0.014010641630321397,172,0.20991591765729195,61,0.012049782279653809,110,0.15071228784368887,119,0.03590781367113072,137,0.14417112603878002,172,0.15628044057981771,356,0.08546249548776401,316,0.2543397065198185,426,0.05919833237240323,336,0.3698217696253776,440,0.04450626584459059,355
"(260, 59)",0.7333405765956125,533,0.014839574886886189,420,0.5415894388114408,517,0.026667604665498116,427,0.300114289876922,492,0.05593925332009958,413,0.05495086076019251,174,0.0691007083798042,251,0.03238697799622936,163,0.07018153267425269,230,0.017156559591054665,166,0.1139934510084236,176,0.529358681468586,489,0.03839949337999739,297,0.47800553396932854,517,0.03941745174608487,390,0.28869767176874683,458,0.06438866417490145,373,0.11080975549966232,284,0.101159625902747,289,0.07501980406732911,220,0.0935000100751607,252,0.026942319669666315,184,0.12507097895941544,162,0.7316540782998362,521,0.014212783787061844,417,0.5448193865112783,515,0.024925646145094835,431,0.2968267921275637,488,0.055205825902750603,410,0.04284004440283151,165,0.07011703815648856,238,0.013064046635448245,138,0.06555066126707715,209,0.008533308055278521,150,0.08476046503807552,200,0.4371153945318622,417,0.06668057651818352,202,0.45785227959966834,508,0.04482977945173145,374,0.3008833584893762,471,0.07098096326902369,362,0.09819955388074675,258,0.09977933550053253,271,0.04919495730630652,183,0.10236244843548344,229,0.022475871003406755,168,0.11320001165579077,179
"(152, 247)",0.38460669880401144,393,0.027086433396370284,324,0.13985912355924346,305,0.04703229362328443,304,0.04704805974032844,144,0.0844131423376935,314,0.005236106568263232,36,0.09952663432820424,162,0.002125314184526106,31,0.10005582510231328,152,0.0014141155327898058,40,0.15328740046669265,113,0.22948457196811067,342,0.054093439246978445,228,0.10655350981487177,280,0.06563053683531066,269,0.039876788025982934,150,0.09826664447971603,260,0.010862433590222431,42,0.146813252912449,175,0.0053642990855062855,39,0.13573457996655047,157,0.002371753900480944,45,0.17404866185403642,99,0.4019613442812754,399,0.02450795541000959,332,0.14721694744184544,312,0.04335046141154608,312,0.04536135081464543,141,0.08314676558935712,309,0.004232428438827762,34,0.1001319255271109,150,0.0007975381117109048,30,0.09238561992382,135,0.0006997673693203144,39,0.10814764316918006,157,0.1686232471892415,325,0.08941505461423195,164,0.10840884449570765,279,0.0706341851317758,263,0.04442693175436618,162,0.10743596404895454,251,0.010940803146182176,42,0.1401502984788171,176,0.0037848122775858695,34,0.1430036731282917,151,0.002317107572160859,45,0.14208751784792964,144
"(152, 59)",0.020294850244896523,210,0.07221523366777625,159,0.11123246449435942,293,0.050763229004863596,289,0.2609102927483702,460,0.04768995391314881,449,0.5642810068077191,591,0.020914316019674927,505,0.6617544948683303,597,0.014762201351147195,514,0.6996509355554327,587,0.019380915308135044,456,0.05830520771732317,250,0.08540696914343558,156,0.1454613018647969,307,0.059162436749535155,296,0.2853533851927539,455,0.05099393272233885,418,0.4718794438870426,576,0.04176353835095198,458,0.5614062303153322,584,0.028802869405767022,483,0.6509045219338454,583,0.02678272735275992,413,0.0179829544843636,204,0.06903693412575024,158,0.10513886960067231,283,0.048498155985174436,285,0.2662959008816904,464,0.046091324921175396,451,0.588992458821897,593,0.019322613375435387,503,0.7467932515109064,602,0.009443248050737095,522,0.7566045082531752,592,0.010536878693295589,501,0.08963490054648404,270,0.11038009120888352,139,0.1432030252528469,304,0.06437527740456832,284,0.26936961709949103,445,0.0589181256768586,403,0.47091395921368817,577,0.03999108988771866,456,0.6015516458335972,590,0.026400024761045117,487,0.6532330187662987,583,0.021669486339584605,466
"(60, 61)",0.4983468225557295,433,0.012067572696828111,447,0.4047129030352714,444,0.018760253733533235,488,0.4058983376233334,560,0.02127262742091207,555,0.39811235958030866,549,0.011535292168744151,566,0.4136875783779481,500,0.007159541290638177,570,0.48538789081017975,485,0.004427951002581997,583,0.32604460048931583,386,0.02144859258228677,416,0.2896367136629403,407,0.031438554559982235,443,0.3136089530621835,480,0.03618307647671224,479,0.32943347196625716,532,0.027284157552920876,530,0.33429097482333847,508,0.01740937392951418,535,0.4284104892169621,474,0.006643410511488686,568,0.48712305745343676,431,0.012245708048030168,437,0.40288715269107056,443,0.01817690222446908,483,0.40648988670727304,559,0.0206711600830616,557,0.39242896456420384,531,0.010244357832930368,566,0.3815939601161955,439,0.0056095427536536745,567,0.3935255697985345,417,0.0037150770528838655,583,0.3777483533258603,398,0.025094636668355718,307,0.3419825022601224,436,0.02471010284164381,485,0.39023569483898723,534,0.027317671279932114,524,0.3756127423604121,548,0.019141824922260266,552,0.3601498177584028,499,0.01241291346086711,557,0.3674083078484536,437,0.00723687480823653,577
"(60, 248)",0.008892282438073495,178,0.04618058238078123,230,0.017639195917386274,163,0.05330829555359457,275,0.017492931867610695,61,0.06067447442291477,393,0.018473975622546157,62,0.032100394056745626,438,0.01655866595329125,114,0.020929920401491445,464,0.009815161692588115,127,0.016252991177023512,475,0.030292471805360988,216,0.04735649664592131,254,0.038740018607887894,202,0.061474334012310734,285,0.03295076445547074,132,0.07667959483214719,329,0.02960496023896686,77,0.060913230001787194,396,0.02864569750590007,103,0.03948858484292825,425,0.01491362970912502,131,0.02034620125011004,449,0.009687086574389214,182,0.045199372241150546,225,0.01786662218544821,165,0.05135312293322225,277,0.01742035327455782,63,0.05906938455448379,394,0.019221264196827126,79,0.0279991238748605,446,0.02072278016373441,170,0.014813077208324813,473,0.019074971804454055,188,0.010189139532821991,506,0.021281062228801773,191,0.06546120641768033,205,0.027187504826649223,174,0.057467115358858664,318,0.019516927257601457,82,0.07414505486164807,352,0.0215970522836606,59,0.049594321394512135,420,0.024018165254053536,109,0.030609402431045166,464,0.0228518320633454,170,0.018265309795492294,484
"(248, 154)",0.004828631048694021,150,0.054085953061546684,201,0.014882405361320128,156,0.06474727443448854,241,0.050460511631348126,152,0.07298280357170157,346,0.14763488672337433,334,0.03759740677408668,394,0.27658527344165806,412,0.02468295104745078,441,0.4940224641611758,488,0.018479712039799513,461,0.027457671740629408,214,0.052073675789584786,233,0.025295594486551054,165,0.07251523922150137,255,0.03347602641462988,134,0.09189728295188845,285,0.11510337135881876,293,0.07063884530264512,366,0.19638369766250796,389,0.04718248131057691,393,0.4507384773657849,488,0.023913856853596264,431,0.002525432411444317,136,0.052918086291113976,200,0.013974910350275871,150,0.062396530180181355,240,0.05295417213880249,167,0.07133863374708746,346,0.18206099779482965,368,0.03292507553482485,412,0.3765502119416846,437,0.01709965138794172,451,0.5662632085496845,490,0.011223185871548975,492,0.06497950224083482,250,0.0767742512390155,186,0.040857177230127606,208,0.06883477168290203,273,0.04388999516769476,159,0.08804400874973596,308,0.16548673665511526,369,0.055821455669705325,400,0.28718635311655616,451,0.035272972527476486,437,0.40927399197211667,462,0.020337640833663295,472
"(248, 60)",0.5738121433374457,474,0.011001095029038423,465,0.4287036326957231,457,0.021121599979383423,476,0.2506061863269635,450,0.042776688685025356,458,0.10480561186651549,270,0.04214629250491206,365,0.042310479582466476,187,0.0461520273666558,316,0.009191726300707748,123,0.06973943170557365,256,0.34052814146328125,390,0.022496854614211984,407,0.3525695935982338,448,0.03013209276747435,456,0.3112682439125407,477,0.04370210605362416,444,0.13544824321949145,319,0.0669085801609415,381,0.07342458622647019,216,0.0654940858806698,327,0.01269362487750314,119,0.07860121929747337,238,0.6445705121119981,487,0.008342429956005424,500,0.43746990376942174,463,0.019798276696806987,476,0.24353143109092712,435,0.042898276252632844,458,0.08131306579285313,227,0.04307371275482798,347,0.02145781250361123,172,0.044435807145030634,282,0.005149164628827085,123,0.05377040961380317,278,0.2138146800765428,340,0.0516172912099674,240,0.2817574247263823,397,0.03616364572215879,426,0.27116619242047457,448,0.047981792869897205,434,0.09172198287206501,241,0.06795651149215542,364,0.03938626126794875,158,0.06839878814838488,315,0.017082388351349342,146,0.058630341737501306,307
"(155, 171)",0.4282094003795298,413,0.010512782616581964,477,0.3210936250993438,402,0.01616676316831897,511,0.11645972955497608,285,0.03278810749913859,500,0.016767448882934355,61,0.04027157997701437,375,0.009977021858052604,74,0.03349000680122726,383,0.002628737705749007,59,0.035831990644904665,370,0.35999157716482477,403,0.012038221984477565,498,0.2592178348789589,383,0.01814354007710353,521,0.14799290720624658,327,0.0257281159865513,529,0.0457118445800313,115,0.03996847618905154,470,0.021528342490993668,82,0.035195055111129026,443,0.008251524272208544,90,0.02984142530152302,402,0.3907723583007694,394,0.010842071604203191,451,0.3187665069072825,400,0.015370341167034824,509,0.11393897298565059,281,0.03363788076513227,494,0.013128502099366779,62,0.04136172143950288,354,0.005229632799151118,86,0.0307188081244319,347,0.0019735352493375213,74,0.03716223445720592,339,0.33364261950600504,382,0.001964540717477367,495,0.2681319055353444,387,0.01825299536873261,522,0.15905853065853692,338,0.026182795143835154,529,0.043092745714880865,128,0.03624705275164355,474,0.01694684018105652,85,0.03855956938815026,421,0.006485130870596101,85,0.0439680425642054,359
"(155, 61)",0.01493508229030105,194,0.03217613508493193,284,0.03132478089166646,199,0.03511863468381611,374,0.13394790440864002,316,0.03129413618611608,509,0.41191330141862936,554,0.013853273025377644,554,0.48322227291482256,546,0.009187553810287883,556,0.6404779565540161,565,0.005737005838437673,570,0.02404420136625829,207,0.02967037316449198,343,0.04759150733293038,220,0.031922765030637075,440,0.10452119136634608,273,0.028890396463741405,514,0.2651598473130854,490,0.02224459926418198,552,0.37607464977472005,534,0.013564188848812142,558,0.508027385394838,520,0.007557333392023945,559,0.019444201910802317,210,0.029477467941296458,293,0.03182174397226123,204,0.03313343097119422,368,0.13675467422685705,323,0.03165230441506005,505,0.44610893181808453,556,0.012769974358136984,551,0.5644276848838783,535,0.006451964819828325,553,0.6689257305519469,552,0.00532996242888543,568,0.028771983252573352,208,0.004446636299834978,447,0.044800782722747456,217,0.033140198692242044,438,0.09618735827018199,264,0.03096199936880014,509,0.2738759493020638,483,0.019568436325016234,549,0.41040454018444206,530,0.013327776494138325,551,0.5383933269210239,530,0.010078830855620747,549
"(84, 62)",0.13032426137025843,299,0.02376523719471027,353,0.09629462943219558,280,0.0693918234489455,230,0.07729631671197379,218,0.13428760594154648,176,0.03389646421594161,108,0.10675454767212827,142,0.012746940482245228,87,0.1120146964917237,125,0.009552034850088598,125,0.11806346977596839,168,0.05960332162481663,252,0.027984038591394894,355,0.06607003887238783,242,0.07932553485050096,239,0.07303726732384352,232,0.11679786834604818,210,0.023182498486738368,66,0.17155204381211367,143,0.019998051175523,79,0.13529731799222197,158,0.011509634650859968,113,0.10354289550136456,190,0.16096789827410163,310,0.021741479496763805,355,0.09696555898428572,278,0.06595128762789118,231,0.07390309663427974,213,0.13210331749995782,180,0.03254189471291058,126,0.10178000925674632,146,0.007329829603056726,103,0.1042470400263,112,0.006107259229046869,135,0.12934368245835537,124,0.32577150730217197,378,0.004896448381353934,438,0.08370216910259554,264,0.08268653148643203,233,0.07597882792238653,229,0.13397482065078323,190,0.030005072544877276,80,0.16948206989068207,145,0.012796362880882262,61,0.14884699185692724,142,0.011607607388930186,124,0.13205153916431406,157
"(84, 202)",0.022792015068593185,218,0.03767185405882926,261,0.03983920082334946,219,0.08820278731132819,184,0.07854401376228903,222,0.13364340137190406,178,0.1522741782578798,343,0.06809008086233742,255,0.238285140715925,383,0.0479896504528629,311,0.258948948427407,369,0.046169009865971895,331,0.05381297522221051,243,0.02873125511987248,348,0.055243116472622145,233,0.08318939843458757,224,0.06969609552763845,224,0.11838103527725155,203,0.15548639169781153,356,0.10079667693053819,290,0.15433324424490702,347,0.07774145122614706,292,0.2261742568952575,364,0.04509144731050268,335,0.017632106847988105,203,0.039365037360472505,248,0.039121447564693934,216,0.0843621070843492,181,0.08317986064093019,233,0.12747929318521473,185,0.1557753529339987,345,0.06373500705517222,260,0.2913099789579987,393,0.03641127221386758,318,0.3199787194899537,385,0.04123345755136604,321,0.0006368329086803293,89,0.018775589836414728,339,0.033910718015928376,193,0.1039689799379815,194,0.05918080726346264,198,0.14365796222902286,175,0.13898871338783536,330,0.10964808039785243,250,0.20320854707854963,386,0.06982470763611916,310,0.21523614500392685,355,0.0592148453636521,305
"(84, 106)",0.485115270512099,426,0.009563449543010121,490,0.4408595264350893,469,0.02804955959084408,414,0.3266822561391274,512,0.06718707921787591,368,0.33907182751100207,517,0.042222446064468996,364,0.3974112980623218,490,0.03243050926084532,388,0.42401275708293285,445,0.030744467185473683,393,0.5090017368333636,478,0.008201391046115133,536,0.4673967465203599,514,0.026700317154081284,470,0.37179701136861065,515,0.05146135203863944,417,0.4177110634417306,564,0.05195366535159993,426,0.45568196294838326,566,0.03626352590323816,439,0.43776198510832576,483,0.026701844352495816,414,0.4706857192297925,426,0.009939760143193704,473,0.44355324589458733,466,0.026538016943488042,415,0.32346991113409573,506,0.06573593195218189,368,0.34118355110351173,497,0.03971448230351092,362,0.4294773399819326,467,0.025904233929160227,379,0.42592811528725216,430,0.03174973174407621,358,0.8650479071035547,534,0.0006963958129540459,545,0.5363627928949825,552,0.02476595913361486,484,0.4050851724112172,545,0.054997263963483055,412,0.3942556455399414,560,0.05711123419971579,396,0.456049049324856,556,0.037181156556746336,428,0.4551594534249802,490,0.032608788809069575,407
"(106, 164)",0.1189841179183333,295,0.010666456170287093,472,0.13483221007073953,300,0.026841660947921942,424,0.21254876526083788,408,0.05128870313552874,429,0.2458925220162438,433,0.024890381350327007,474,0.3027735062112946,434,0.0190878043493034,478,0.2974427296198443,392,0.014738417387222135,494,0.1899236416681913,322,0.012510779467977034,493,0.1453625723532196,306,0.0332428239970479,430,0.19987767789645994,373,0.05020608263785777,426,0.23470091985830233,455,0.04374597980869991,448,0.24819449022828532,445,0.029584701875994924,477,0.28294126578446166,391,0.014424135047099213,500,0.09948684541716502,285,0.011995045556621422,441,0.1450883672666412,310,0.025543512126388765,425,0.2270801621310008,418,0.04825076519022603,441,0.2547942573508918,420,0.022387080645179455,478,0.33040509338247115,415,0.014540097235661945,476,0.3151149404776751,381,0.01478617480809384,467,0.3683409386257871,394,0.0020106058101630434,493,0.16504668300588743,317,0.03794984585465232,415,0.21497121641747186,392,0.05064834717443188,428,0.28438018123516573,489,0.04170449652396234,447,0.30328528404922994,460,0.029007852274453152,476,0.29908646935170824,403,0.022195711011808346,463
"(106, 84)",0.08290192671109331,275,0.012067572696828111,448,0.07658795659346085,269,0.03266563611492245,392,0.05459898482814052,172,0.08491481752829125,312,0.09794012035237953,254,0.03781282122542303,390,0.1177793572507797,291,0.031256441087949255,394,0.16209014777581032,322,0.020878495282623078,446,0.1719872028980931,314,0.013134459395438261,485,0.09564551555098766,266,0.0389151117102261,397,0.06955455984593428,223,0.07535840458757873,337,0.09618744061185125,246,0.06500172026790516,386,0.13563347966709893,324,0.04006236524472565,423,0.20303196970277748,354,0.017649000792323264,475,0.07919896950054606,271,0.01290691306569048,431,0.07159917688988227,261,0.03268440616268498,372,0.05001439303991462,153,0.08475437689817195,304,0.09420073853207844,248,0.03523222383758577,388,0.1259122245401918,303,0.02483090407248939,392,0.16897540375035192,321,0.02145512407027541,409,0.03919802041646803,225,0.00529477594751831,436,0.057704268631068256,237,0.054534359727733614,325,0.07273125329407615,224,0.07806759084520228,342,0.09908597943100306,259,0.06943324327092609,359,0.13333071615709102,311,0.04532278973481928,392,0.17529983531337368,332,0.030433612558086118,421
"(106, 62)",0.22038928164987226,330,0.008029653117641724,511,0.21016080318411923,339,0.021786962592135525,473,0.17703457183512827,373,0.05636119672935059,409,0.08892095916566456,242,0.039036132588504996,384,0.055368656367719815,216,0.03946003534840987,352,0.03816506357131966,214,0.032825147447900674,383,0.06532071781097748,260,0.01861324768128996,444,0.16176190497722798,323,0.03171654122644243,441,0.15475853649370663,335,0.056798167016537816,404,0.0958122787874065,240,0.06508674952820571,385,0.06156716085689984,188,0.051980776593386666,372,0.03007504762813973,194,0.03256668720838102,384,0.26629047025799846,349,0.007544132402721267,516,0.20746260324167176,340,0.021524396880877743,463,0.17697502326470516,372,0.05505035628244672,412,0.08854756128754326,237,0.03594984690332556,382,0.045055587380679496,219,0.033814782599336825,330,0.033000139349569024,216,0.035455637654266264,344,0.12323658893906086,296,0.00379901529090106,456,0.21786030138368018,354,0.032954611657628564,440,0.13770358863382803,319,0.06264058637406378,392,0.07305575658538288,194,0.07641813486290262,338,0.04762518881339084,180,0.06231649654245115,328,0.03401645626938421,198,0.05085867182263999,336
"(249, 82)",0.29789414205075304,358,0.013833978818241976,428,0.1776043165971155,324,0.04783264077983865,298,0.10682471482062361,267,0.09349833186531209,275,0.04498638896299345,152,0.07898003987897954,222,0.014460675719135008,100,0.08624135876277197,189,0.00851732423346907,114,0.09132210821024322,212,0.27439758613278853,366,0.011701194946753325,500,0.13063846550148783,295,0.053497325322583514,319,0.12004645922634971,296,0.08624835731230694,297,0.0495871657670679,130,0.11586260216304992,237,0.028718632508192954,105,0.09532613295182059,245,0.014030432058514064,125,0.07410918654811163,250,0.35785752573888485,379,0.011756879435752115,444,0.1756743120845624,323,0.04546142179778765,296,0.1044816699055946,268,0.09195410698073714,276,0.040551668653278305,153,0.07663814567776388,221,0.007822360500985837,106,0.08115797321665315,167,0.004046376678763064,111,0.10113019048463374,172,0.44266432035574743,419,0.0014090498939148012,514,0.22506473746139277,359,0.03945736513258062,406,0.116832911801237,285,0.09313658054313882,293,0.03657859614439252,109,0.12138138562190297,223,0.016237900372624403,82,0.10585706686705838,218,0.009505972786681305,112,0.09444447301255911,218
"(249, 62)",0.03663972078743638,238,0.027817432459213528,315,0.08396696483956112,274,0.06140061375882179,251,0.14512809226870127,336,0.08441972785355695,313,0.2675213772363989,450,0.04359381693776525,356,0.43271712166951115,516,0.02777860460832289,419,0.5039377741956664,497,0.023436064487280656,429,0.04294098859914208,234,0.02171365655145779,414,0.11952615500168084,292,0.055106324234431896,313,0.13008796722093785,310,0.08396950147628557,307,0.2531719215151472,476,0.06728648798449949,378,0.3339161897890883,506,0.04207790114252322,415,0.43691938466039115,481,0.023555660709569503,435,0.024397922748987666,224,0.028779141352327814,298,0.08514801026642294,273,0.05787454637306608,255,0.1480427528856827,339,0.08186949572660127,316,0.28286851765101084,447,0.040110033659872,360,0.5148688743416601,512,0.020100718847261344,423,0.5940783646310192,507,0.019169981015734625,434,0.013460449346483161,170,0.0045143790831962665,445,0.06010798060495226,242,0.06127074866050005,297,0.13353909386922913,315,0.08907842867511373,305,0.2981414955367906,499,0.060314300232995464,387,0.4164528854603974,533,0.0358955976445336,433,0.4896102687789303,505,0.0253839126089945,447
"(121, 62)",9.999999999998899e-05,35,0.0028064317840575865,585,9.999999999998899e-05,15,0.00019068255417774567,613,0.9999,614,0.0,614,0.9999,614,0.0,614,9.999999999998899e-05,11,0.0006380011692943968,609,0.9999,614,0.0,614,9.999999999998899e-05,18,0.0014932336724792835,603,9.999999999998899e-05,15,0.0006046965394059319,611,9.999999999998899e-05,13,0.0026306470056150053,607,9.999999999998899e-05,11,0.004200287997253871,601,9.999999999998899e-05,12,0.0015571160860015716,606,9.999999999998899e-05,15,0.00112630953428999,605,9.999999999998899e-05,42,0.002552934993145373,585,9.999999999998899e-05,15,0.00016937604450417972,613,0.9999,614,0.0,614,0.9999,614,0.0,614,9.999999999998899e-05,13,0.000854896957398491,608,0.9999,614,0.0,614,0.9999,614,0.0,604,9.999999999998899e-05,11,0.001731545051102501,609,9.999999999998899e-05,11,0.004522761842601303,601,9.999999999998899e-05,10,0.0052346909652853674,598,9.999999999998899e-05,11,0.0015094160352240261,607,9.999999999998899e-05,12,0.002471713281259374,598
"(63, 258)",0.002029232649571444,124,0.1701481144338935,43,0.007303881974100257,114,0.18905931048357097,55,0.025599385711224887,84,0.20413570396224617,107,0.12302869457295085,300,0.10022142178392292,159,0.25125518558457205,393,0.06343000885675922,257,0.47129100992461037,477,0.04252489859471768,342,0.0054034676121873515,114,0.20032119516264252,52,0.008603871115024031,96,0.22618105619069886,54,0.01435093723132519,77,0.2444622224497807,77,0.0932767297300553,232,0.1761018965461587,139,0.17294067428797388,369,0.11676708243496485,189,0.4284095201438518,473,0.05199511400651465,313,0.0020539876898737486,130,0.16113224467893514,43,0.00800492855279289,124,0.18096092022183272,55,0.028201556308095843,89,0.2003935372009572,101,0.14566477613776962,334,0.09173948002310808,170,0.36442023310961014,427,0.04073761341143757,302,0.5583755515976756,483,0.0282945037341836,375,0.020823571401100915,187,0.1482103711491615,104,0.008568259575462256,84,0.21808278382954344,70,0.016268827364748217,71,0.24166304140665484,97,0.14277014228226492,339,0.1386864943183118,180,0.24698113366144991,418,0.08923117674707529,257,0.39656114752217875,456,0.052452772621233074,328
"(63, 154)",0.6662467586934804,504,0.02466376562347796,344,0.5235635045019238,511,0.04551202889978557,312,0.35082004931739685,533,0.0853035981612299,311,0.1269922514141728,311,0.09916771137618888,166,0.05023807634518018,206,0.10847311605724266,135,0.010910140039772198,134,0.14920941584821973,116,0.5605389311791,507,0.0426333205798784,271,0.5026292178997301,524,0.05829146222119656,297,0.433778391573187,549,0.07847823118802588,323,0.1632059967539976,378,0.1461424665256336,177,0.08685486976432577,237,0.1468998730529752,146,0.014913733026504117,132,0.1592404701118056,115,0.6650740599234781,496,0.02346524355058641,342,0.5119211633902383,498,0.04525184122903537,298,0.33659321378682416,518,0.08768788957171773,291,0.10638832780167828,272,0.10186925465174025,145,0.02332541582855907,178,0.10184036444293984,116,0.005502177977934952,128,0.1319773289352609,121,0.3808926834080766,402,0.05625089759187953,227,0.5031663091562107,534,0.056106744376983125,322,0.4161841493286247,549,0.08201635706155537,331,0.10876917208427495,277,0.1518487985767687,164,0.051722277057260735,189,0.15026067478166732,140,0.018675275418881254,153,0.14525000814191266,139
"(258, 63)",0.3336800743402263,371,0.03949494304841305,256,0.2225684058879568,346,0.07010186916703626,228,0.11494552893557941,281,0.13132294781801868,182,0.033139403971891745,105,0.15375858775499307,83,0.00991879456840139,73,0.16682831983852284,63,0.002303111490404963,53,0.23777109118350237,57,0.232926988264203,346,0.06761050229022465,195,0.20013963331547235,346,0.08973228297682928,213,0.14993195343942567,329,0.1224028467564385,193,0.03265867396642386,87,0.2282870304396879,98,0.015528102211084915,65,0.22869758397646445,70,0.0023756274255364307,47,0.25140032133110307,59,0.33172979759218413,371,0.03768170274074809,255,0.2141893050078011,345,0.0694573717491277,222,0.11015544541555455,275,0.1351902839802541,174,0.02968590809749938,116,0.15820787363978195,72,0.005344919274339444,87,0.1562653795840333,60,0.0013024099905942776,62,0.20869088052141002,57,0.11637549383603907,290,0.08715515536129935,170,0.19839975441569635,342,0.08884273570904758,221,0.13866427686772698,320,0.1286927772821628,206,0.019884043360573922,55,0.2389173020259567,94,0.00861782397302413,44,0.23698479571058081,77,0.0024223041641315834,46,0.2324936021707196,67
"(258, 196)",0.028764673314524813,230,0.08940567802787286,124,0.06115309763316201,254,0.10783124417301132,142,0.13562433294833753,319,0.1242773866321084,193,0.3127641334182998,495,0.07275820304298702,239,0.4839978701587372,547,0.04565358895314455,320,0.653836176914991,570,0.036177708575185416,368,0.05694190955198297,245,0.10812930803911432,128,0.07150458012478667,248,0.12645862738795643,139,0.1029975330086812,269,0.13872262898298432,167,0.314926484404503,520,0.10725338955761954,264,0.4227494926017292,552,0.0760221250528946,298,0.6507410416039835,581,0.03870994365701205,360,0.029147687420365886,229,0.08475994104653427,126,0.06481040934934246,257,0.10345925610219546,138,0.14112164513025038,331,0.12447522703730088,190,0.32903053698651774,489,0.0709576903629613,234,0.5618372467996519,534,0.033111051970886055,336,0.7068558260264239,569,0.025584431068162987,388,0.13404041847014647,305,0.08314478258631107,175,0.07238676541916078,259,0.12433190169052372,162,0.11226423927222995,281,0.13807929399375105,184,0.3875541830833077,554,0.08877793235673465,302,0.502419289767454,576,0.06111731336902091,332,0.6487870215902584,582,0.03606781613332853,390
"(154, 248)",0.6285473866794471,489,0.013471208461954457,433,0.4923323934298295,493,0.024789251614099245,444,0.358765526674784,537,0.04931845790738178,439,0.2880751837210679,477,0.05130292368988572,319,0.22804676339133856,380,0.05461031663616131,288,0.11459239592655379,288,0.08652029327076777,218,0.47230713712339367,462,0.02642004123483828,375,0.44078378712385136,499,0.03537720260053505,421,0.3771520767153239,518,0.050761183076476715,421,0.2767509525157634,496,0.07920554327792523,347,0.21960193004297002,414,0.07883762871017794,288,0.10078737141676108,281,0.09566918302667488,200,0.6878531626839061,507,0.010442922827561112,463,0.49990396981458496,492,0.023357847989992193,443,0.35793338741565617,538,0.04941817321432307,434,0.2769558796156717,437,0.05273530097376016,295,0.1969085015218377,346,0.05278640148798547,252,0.16338480268775357,317,0.06815305414336942,239,0.10816792375378803,282,0.057958015732584,224,0.3714364131707911,455,0.041080200626191075,395,0.3494618051004419,508,0.05457841737379003,415,0.21843809889694166,437,0.08426122142126236,318,0.19516989372021754,376,0.08035031120458885,278,0.2005209166964197,346,0.06977019237197056,276
"(154, 97)",0.49685282828926347,431,0.019829766651327303,378,0.297706544370701,387,0.04037284830064954,337,0.1405629161594737,327,0.08635728069938178,305,0.03085355955812019,96,0.11671063953213195,122,0.016777358450624558,115,0.1191624437466619,111,0.02102863306462943,178,0.1324030635600556,143,0.48346480276920967,470,0.025656033323698275,380,0.25898405537255165,382,0.05542736861825141,311,0.19839014491422535,371,0.0791833068796614,322,0.0508444734516047,134,0.1569167760368649,164,0.03254685568501969,116,0.14948767807846536,143,0.029207337572525693,190,0.13171218857293773,149,0.444388619694308,417,0.021686715990576262,356,0.28822879169029636,382,0.03973419371609526,328,0.13214403699460786,313,0.08856174474710485,287,0.02560059667308434,101,0.1209855056469531,111,0.012047459439314956,133,0.1116285065451596,101,0.00867614204527778,152,0.13746014374237647,114,0.9409302624734623,551,0.001953701872139561,496,0.29510281619858736,404,0.049513299503239364,344,0.19873221965656185,380,0.0794750939753899,336,0.04255287644807537,125,0.15037604452669506,165,0.02543774119633846,116,0.14993460636776343,141,0.01148334117086014,120,0.14995860480184298,134
"(154, 63)",0.0005064653817703491,81,0.11859525576989612,81,0.005055496053520736,100,0.1224419961335605,112,0.034484387181830556,112,0.1303831006255064,184,0.1956816552851216,383,0.06481396079821067,262,0.3583207924973365,476,0.03959426270709064,351,0.5574733841734882,523,0.027140185168860104,416,0.0015613221540653477,70,0.1375681999997601,95,0.008781404005714366,98,0.14329192867980128,111,0.019197288058316553,90,0.15654579045278447,149,0.14059625886025384,329,0.1134542270958335,247,0.24933858291602773,446,0.07311141112700748,304,0.5122252972410953,524,0.03255238137159961,385,0.0005373108734909593,87,0.11270109049209971,83,0.005233238220222258,108,0.11730129047608309,115,0.037517289905796725,120,0.1280739581834597,184,0.2310578873315443,397,0.059146048258954656,270,0.48218621914392357,494,0.025823514044770672,381,0.6483617407346479,540,0.018613598358976868,437,0.0070437788535129275,154,0.10150578658855472,151,0.009771636592495136,94,0.13802089746046067,137,0.021922718397317742,94,0.1537521371361218,159,0.20798690638997908,424,0.08657327622640835,314,0.3254664503058471,475,0.057961719712167244,345,0.4858588381944686,501,0.03412575569805331,399
"(64, 79)",0.7465123836414476,537,0.009556311700351686,492,0.4956339389645048,496,0.04470866823147594,315,0.1821599652477668,381,0.1144315700222614,211,0.028659408867336977,91,0.1397071941145131,93,0.008366963127868665,65,0.16326652105712755,66,0.0018836908561183918,51,0.22991463794145417,63,0.3770693563694997,413,0.03199478027876094,330,0.4082097048903477,477,0.04800217856941868,351,0.28261662928804876,452,0.0826696448381206,310,0.07008400756666422,182,0.1645568125364622,151,0.04176314036718731,139,0.15728937876559132,135,0.003362319587695506,56,0.20953208909234966,78,0.7816276886513567,545,0.00800576303206054,503,0.5212653836275064,509,0.040492463523754504,323,0.18343206836245285,378,0.1136949081305572,210,0.019493714462427647,82,0.14627658076961625,84,0.0024184317223481244,59,0.16664962580218443,51,0.0005329153702702261,32,0.22189503321482176,52,0.2794984276518475,365,0.0288475868665711,295,0.37409239792232163,459,0.04953552189896978,343,0.23714971288866005,419,0.09604171834813156,281,0.03478872892435425,100,0.18273287861264778,135,0.013069754287986735,62,0.18097516769489785,110,0.002241882003754081,42,0.2042951589044242,85
"(64, 108)",0.0008004765946216796,89,0.09336550121091401,118,0.009079161100513877,126,0.16960168856415933,67,0.08125526421066787,224,0.14976592019060364,154,0.3342204474696078,514,0.06160701607902009,274,0.5062378964410674,554,0.04158801636113563,341,0.6733711840396606,576,0.032395522554510316,385,0.021381062470692158,201,0.08328046046768797,161,0.017210880815145546,140,0.1379180233939377,118,0.04062072434709885,152,0.15782026009932928,148,0.20299337214501434,426,0.11544139240137591,240,0.27851160792426655,473,0.08356338283595624,277,0.6145327833686435,571,0.036921714059336204,365,0.0004901189676136397,83,0.09353386332646033,110,0.007438067733626097,116,0.16694514168439845,63,0.08051657953892466,229,0.14960209100339894,149,0.3904067909704211,528,0.05386424114387258,292,0.6489480248656682,571,0.02583721196454587,380,0.7759619622025952,600,0.01957733260371798,426,0.04148555655444042,226,0.05448416580181713,231,0.021824641120516852,152,0.12772051673676732,157,0.05531655058108664,187,0.1560207732281966,156,0.3055730679637507,509,0.08856412943926954,304,0.44672646182347486,552,0.05576489675579923,352,0.6565084226099884,588,0.030764431325966183,418
"(79, 250)",0.9236758040002511,604,0.0018067139387791436,595,0.7824196011681139,595,0.009570705506745901,572,0.47618719392188824,572,0.026315721390343518,534,0.17106649530676465,361,0.03272115175735716,432,0.05235332651381741,208,0.04044708381234904,346,0.010420802366830406,131,0.059786366499242176,292,0.7168064818025873,561,0.007297055151296355,546,0.7013085360487259,586,0.011296229919145915,559,0.5871722504562573,581,0.01927640673800625,555,0.25358096745615144,478,0.040798298784947624,464,0.17220934050323677,366,0.039918794204767565,424,0.02840010110153013,185,0.052694999559820405,308,0.943780918021015,607,0.0013088110438512343,596,0.8037500114245342,599,0.008378052323469378,578,0.48173900185309737,572,0.026007774488921977,534,0.12812279310914187,312,0.03444281031215055,400,0.018723271860548563,156,0.04123245076331658,299,0.003592344880724907,103,0.057561912855802116,264,0.5510138669538174,446,0.008042423240652173,411,0.6894520415420325,591,0.011229517107340778,562,0.5180107900046507,572,0.023565910854600518,537,0.14004665279055595,333,0.047007803309271394,431,0.06834692966274702,219,0.04792341926999544,378,0.02176908480452855,163,0.05211509750583218,331
"(79, 146)",0.9452097437837881,608,0.0012852315516158396,602,0.8732132579446719,611,0.005346281596670755,594,0.9239793312972869,612,0.0029938225509230894,608,0.758117495536313,606,0.005925414414928282,591,0.7633236725970541,605,0.0047723723028865635,584,0.8373718866997241,605,0.0034832010825060354,590,0.8824852425029786,602,0.002796964597768425,595,0.9453051184937646,609,0.0018446832594994202,607,0.9617560362834037,612,0.0014824723089788886,609,0.9443871621169967,612,0.0019344156718374434,607,0.883135842432115,609,0.0033041489511757716,599,0.6331707674108531,575,0.009034686151949994,539,0.9436266863000815,606,0.0013124864469510693,595,0.881266103084057,611,0.004891758455853873,594,0.9237580688270034,612,0.003011373472044824,608,0.7614032222356784,606,0.005423135784756999,594,0.692168044259927,590,0.005331181455364839,570,0.7049187770782647,568,0.005754892040365256,564,0.9862572217724438,571,0.00019780892741496248,567,0.8817124955267911,610,0.003895525911013119,601,0.9260614620979443,611,0.0029146253360050967,608,0.8785623013755876,611,0.0036963043917108114,604,0.7824576674587554,605,0.00552516809078666,591,0.593282738262169,554,0.00966059365685009,557
"(79, 64)",1.4242516277462869e-08,1,0.11159513148745923,90,2.3164807485542838e-06,1,0.18493817728676704,58,8.547831701266606e-05,2,0.16151659726395334,141,0.005358015405381389,37,0.07133252345590314,244,0.030699427013683778,158,0.0455415456139947,321,0.10200876548348192,279,0.03660786452530432,365,5.61986326452768e-06,2,0.103177049538177,131,3.2135368916996754e-06,4,0.1517622126227853,105,1.5233128082270397e-05,2,0.17007087024047243,137,0.0010034463096927349,29,0.12727226920263812,207,0.003415339592185207,32,0.09137163237753643,256,0.07572234683463175,253,0.04170096399330926,349,6.497291593632326e-09,2,0.1111335310700201,87,1.423707034264865e-06,1,0.18269613322513475,52,8.017830323236996e-05,2,0.16235059986831699,138,0.009027165042172491,52,0.062343679793153375,263,0.09134147220473499,273,0.02858364487947298,361,0.22666248958132051,347,0.021883874991210986,406,2.0229886394496077e-05,29,0.06333137330880141,210,8.38429558525089e-06,1,0.14155125535514693,132,5.0983818263072855e-05,1,0.1646985155641551,150,0.0053002194017693904,34,0.09390124691850331,288,0.021314563668714315,102,0.06195011945044875,331,0.10245636850576079,276,0.03565814936895891,391
"(236, 65)",0.7283486339179476,532,0.027539896341729674,318,0.5887457379670548,535,0.027617588267837598,420,0.24033921707276185,434,0.08590734884771112,307,0.03014429202520663,94,0.10661103917144926,143,0.015038417536887172,105,0.10621848956592897,139,0.004241303815044839,85,0.105954314251757,188,0.7744100538751355,583,0.024883629721227065,387,0.468695838900025,515,0.04833077693873983,346,0.2507837697571016,415,0.07140827402590755,355,0.09021625271072653,223,0.11340462669399151,248,0.045822143669365656,150,0.10358474217663771,220,0.0053494942673590895,74,0.0864859362619949,220,0.744234623324641,528,0.02341599314904862,343,0.5950431128126255,532,0.02467746566725292,433,0.24911071093024417,444,0.08642851005424806,296,0.02244217279946592,95,0.10653788678165903,138,0.00621728652672715,92,0.09973479848892378,122,0.002582287835851571,87,0.11259488311378636,148,0.7371932955217875,490,0.02229550485986728,324,0.4533851720795825,504,0.057079724946801386,320,0.279002881351318,454,0.06892551757969735,370,0.09069061812169799,236,0.10311863874168531,260,0.049851873606272745,186,0.10677768828291509,216,0.00890104313428175,104,0.1180028830941325,173
"(236, 177)",0.0010080655404882677,92,0.2471226096624556,21,0.004241623769536851,92,0.1429939384769753,87,0.054122043719762813,171,0.14120404397713412,165,0.3267686715328616,509,0.04817152572898071,332,0.4272443380088047,509,0.034810377178877895,376,0.5887543155513738,537,0.020463208920903347,450,0.0005450953712057283,48,0.27973484008007093,21,0.011122688565757821,105,0.16818382170479101,91,0.05039954416639936,183,0.12191004044851775,196,0.1677407694027877,385,0.09222446779949788,308,0.264804203964079,461,0.057722610675640273,352,0.5617353829930624,547,0.018331829386389647,469,0.0008246017838092756,98,0.2262912609940495,24,0.004011828860875921,94,0.13062788680295853,94,0.0509770402517582,158,0.1466660585629114,155,0.37003992199282965,515,0.04185777943943757,352,0.543578973397592,527,0.02247119278550134,405,0.6423024549028788,536,0.017903599062097805,449,0.0009025721143722798,98,0.2084093181553369,63,0.012450681581723133,114,0.18919366938000118,87,0.04162471334623208,153,0.12995685126704581,204,0.16702577190346446,373,0.0841259786455635,321,0.25238925207733676,422,0.062184773540807856,330,0.4982185783480487,513,0.030848421583096357,417
"(66, 207)",0.4308584560630251,415,0.014291220621479365,423,0.25056647000352306,363,0.04425705712496015,317,0.09799944685263051,254,0.08965991690490162,289,0.033985795426440646,109,0.08237114878403093,216,0.011731257450329213,80,0.08214658189188691,199,0.0027830918736284627,65,0.09541018290655844,207,0.45369906435938034,450,0.010950380264848078,508,0.21494245070008466,356,0.054106176554015346,318,0.11718592216264079,292,0.1021965081153039,254,0.04537730983038646,114,0.13267871300341458,194,0.024995678523457965,96,0.10033399157716566,231,0.0047813586448495204,66,0.08454364380667312,227,0.4704467749581077,425,0.013010191892795842,429,0.2408863080049416,358,0.043542747794701624,311,0.09437890850356845,251,0.08786351732755535,290,0.02678847139801288,108,0.08225835331266519,204,0.005942899858284001,90,0.0763328809758398,178,0.0014621189854302497,64,0.09984928755506507,173,0.620904607946077,463,0.0017369249653834376,503,0.3011757210416488,410,0.03915345885583491,410,0.127534773557753,307,0.09880677554817698,270,0.03808877962801949,111,0.12264630334755704,220,0.012002109515010462,57,0.10902777627819898,211,0.0033074358948885774,55,0.1045130193468986,196
"(66, 179)",0.014654650650104961,193,0.04410850864434733,234,0.05047415759997742,241,0.07549771783637338,213,0.15655355237842905,349,0.0766982105036626,336,0.3090308675774067,492,0.039464534286092236,382,0.46149412933533474,537,0.024153623492820527,445,0.6345889595392242,560,0.015617316272958908,484,0.012422138634659352,162,0.03633175454356824,310,0.06447194643049103,239,0.08082840026605137,230,0.13315394551366788,314,0.09793618691652586,262,0.26624397554946366,491,0.0735621197794593,362,0.3543163798876645,520,0.04145777500151127,417,0.5749592840372197,556,0.017128488423276696,480,0.010978898646657465,185,0.045526850657345845,222,0.05391994884836315,246,0.07171390638835627,211,0.16161704868478854,354,0.07344087530656115,341,0.34415597257525476,498,0.03512186360150495,390,0.5490840826237902,529,0.016884887574323444,456,0.6966856144756693,564,0.012783808653278836,485,0.0031689826598386706,128,0.010088255298163085,392,0.035837015395222216,201,0.07960362453280417,241,0.1224990369503447,296,0.1001425641057123,265,0.292148042205001,495,0.062189799313642914,381,0.4583920122035049,558,0.03237506649132391,452,0.6163117896069872,569,0.018297877446216238,483
"(207, 262)",0.5569398434596551,464,0.011873171452660147,452,0.366680484794075,425,0.03503280155588651,375,0.2210196477319486,416,0.06351118538109557,380,0.1280167247063082,312,0.04987572709962342,328,0.05748815160032095,218,0.04954702478600847,302,0.02245651327763032,184,0.05244928673770789,314,0.5967027391867616,527,0.009236459848805592,525,0.3680697991642985,459,0.042667931707438676,374,0.236095169114255,402,0.07773902172614477,325,0.14861263261290258,344,0.08757462695380314,317,0.1031178719475454,260,0.06321709956273802,335,0.03404629253198599,202,0.04881866801655075,322,0.5938717325672369,471,0.010787675638325632,452,0.34263464694357415,412,0.035461192694401136,356,0.21296338962011352,408,0.06307984561891902,378,0.10933497346324272,275,0.04981694840433738,306,0.04072046809750085,209,0.04322525348489756,292,0.016812233855992842,181,0.0528403028922727,281,0.7964398530581822,512,0.001368404223898028,516,0.4581686031740432,509,0.02922965764897864,460,0.2598513300726568,438,0.07090115639050788,364,0.14069789259842636,335,0.07563750560611139,341,0.06357762570318859,211,0.0650322937293373,320,0.02619077354850452,180,0.05914628188844379,306
"(207, 66)",0.005568488245973113,157,0.05511338253126375,199,0.02296635300497618,183,0.08821452961575439,183,0.061811537122164806,185,0.09711895440823848,270,0.12203104442325852,299,0.05067822178101027,324,0.2315370541353391,381,0.031141308834687503,395,0.3699470487520834,417,0.020612966918352148,449,0.003952944593836549,97,0.049179561049269516,243,0.022748209549696696,156,0.10791850307201704,177,0.05571770477226279,199,0.1257970235352346,186,0.10403116088219566,270,0.09863000540880573,293,0.14977749931512685,343,0.055820924093739295,359,0.30876754386433314,402,0.023409851219297468,438,0.004053806791791237,152,0.056868409542816606,188,0.027067185153401563,196,0.08264490142893655,185,0.06536557789100017,193,0.09351384271765936,270,0.14209409029849507,331,0.04564972336742864,327,0.2822535697362891,387,0.022670546439372517,404,0.41153528931012273,424,0.018198604152082003,444,0.0003899985083368751,79,0.01736112051983102,345,0.01202182266108931,109,0.09836533258217632,205,0.047387328454803423,168,0.12502807890612114,216,0.1105154391142007,280,0.08197701071699555,325,0.21695384109016214,396,0.04319578716730045,405,0.347469829076823,425,0.024984530365906123,450
"(179, 172)",0.0075435312993179515,173,0.04116141937260882,244,0.023664975437407754,186,0.07887150011783871,202,0.08464902100059002,233,0.0874711736682852,301,0.20751165206699096,393,0.04506713042465167,347,0.3671385868291446,480,0.027484876957318514,421,0.5344524264100488,514,0.018369783296991352,462,0.008752632362382773,142,0.03345682995486716,325,0.03493807302850538,190,0.07992683209643116,235,0.07060313306921939,225,0.10409818579011146,249,0.17909342437691378,404,0.07880244159946337,348,0.2474046893860341,443,0.04635379934309952,397,0.45483344661128,493,0.020076041024738093,452,0.005187775949972551,161,0.04270487615729255,232,0.02480721811063269,187,0.07509260189506835,201,0.08697765963077242,237,0.08390496346211947,307,0.23193394589836824,400,0.04080766800938287,357,0.4535482232128627,476,0.019911638633221564,425,0.5868062199893453,504,0.016369725446558223,455,0.0011643469708261245,106,0.010578713049698815,389,0.018789504023539738,145,0.08026669277297661,240,0.06734500820055134,214,0.10869641044845048,248,0.20832858052317105,426,0.06920154057432436,362,0.35756888797310804,495,0.03625261736483456,431,0.49023085633313457,507,0.02241511413247492,462
"(179, 66)",0.5194831500326862,441,0.010042104874222815,482,0.36231243039031236,422,0.031763453043875484,399,0.1764858301819867,371,0.06847031402326804,366,0.06789975729845488,205,0.06540104102826116,259,0.02289420976487433,140,0.06930989727394907,232,0.006694942652125668,102,0.07909665126248115,228,0.5004055778000651,473,0.008684742989897583,533,0.30493863676808086,418,0.038819931492905496,400,0.20194295659130834,377,0.07333448534807913,348,0.08306898839641097,203,0.10180128189482983,285,0.05157313945985609,162,0.07817720192637073,290,0.01231945930809708,115,0.06684952460603925,276,0.5653795985270025,459,0.008940418040348575,493,0.35542415370877767,419,0.030917724873219803,388,0.17274649748291093,369,0.06675039012291677,366,0.057331596215139946,199,0.06502273083025807,252,0.012435847872640848,136,0.06603228991060152,208,0.0043144649821487135,113,0.08418421157214785,202,0.7164300407316093,481,0.0012437575025132572,522,0.39568763770664384,473,0.029066293010095574,461,0.20868533185927685,389,0.07455664628056693,351,0.06751308839040526,181,0.1007479124382582,265,0.024446137983528904,113,0.08865893747764128,258,0.009461232259518226,110,0.0835651635838814,239
"(67, 184)",0.0010409991585940137,94,0.05826117114363354,193,0.015036459738423269,157,0.052013005069765916,284,0.03416911672858314,110,0.0716412399115189,354,0.049354606717351146,160,0.04089961929288234,372,0.15593690333519972,334,0.021975939043930543,459,0.3741002960762564,419,0.012249354500546455,511,0.006555395165552813,130,0.0410585287630388,281,0.013862897888949233,126,0.05497073019467754,314,0.013158689258162992,75,0.06992942843001725,358,0.04062699481176202,107,0.05442266313217878,414,0.13641871571566755,326,0.02920738710782437,479,0.37076661373579456,429,0.011720331895413327,516,0.0005272897065436988,86,0.06042803744500677,182,0.01350453539405927,149,0.05218894914020709,274,0.040087309026107354,127,0.07078705676354582,348,0.06240315418872289,211,0.03610102916550769,381,0.23038120803909046,360,0.015906464733237903,467,0.4046403239409333,422,0.01083723361651784,498,3.923168671882138e-05,34,0.017564348869914884,344,0.008523001538804698,83,0.05318359843049826,329,0.019690562194326078,84,0.06315793585926754,388,0.07262707626147402,193,0.04172935732831875,446,0.19895858666392918,381,0.025714057435547503,493,0.35149376598430626,426,0.01627354084069105,503
"(67, 192)",0.7257283534363628,530,0.006570594103638117,541,0.4272625675522639,455,0.01704494205952122,504,0.3082343479612011,498,0.0344149651144057,492,0.2538631778075868,441,0.02369346584254963,485,0.09845197983203002,271,0.025616645540366217,438,0.021823453092153722,181,0.03158406787329836,390,0.5370620499249882,492,0.009453548438941134,523,0.4385864211952727,494,0.01738058754143833,527,0.4457925553770884,550,0.021611583294932846,539,0.28259377861270374,502,0.028509996055587093,524,0.11423694346535429,276,0.030987164245269715,469,0.02233025812211331,173,0.02990029932212342,401,0.7766874526502444,542,0.005310957479261537,552,0.44221244037724494,465,0.016312785136770713,504,0.28457371306156887,480,0.03683193734045151,480,0.21964350257051501,387,0.02373279985045062,473,0.057946730285795,240,0.025198791060737556,388,0.017648186733244198,184,0.030787526023117393,364,0.9014871064299789,541,0.0006178141842549512,550,0.5038515947862945,535,0.013652358847246256,550,0.38896172995143763,531,0.023363882253043054,538,0.19792999919025211,411,0.029874731379008933,505,0.072102068604319,227,0.03606690952645221,432,0.025481995678999114,179,0.03902804417544707,378
"(184, 67)",0.48375160963350405,425,0.011958825564561367,450,0.2477108111694759,362,0.027035772670648932,422,0.08373633818134052,230,0.058114590327993966,403,0.03489952719100087,114,0.047953077271287496,333,0.007952272593996335,61,0.049234482839958876,304,0.0007236612833321221,31,0.06014695401792209,291,0.3049474924785509,376,0.01565676494822857,468,0.17737652429528705,330,0.030110941608069774,457,0.17234974391958868,356,0.036808577816462726,472,0.05168612353551416,137,0.054206940749564426,415,0.008758402702903956,44,0.05793418905031535,351,0.0008455125102488914,33,0.05515175191478123,302,0.5417521669228825,450,0.009931674256374068,474,0.25523860370867324,366,0.02593575138734581,419,0.07457134091760997,215,0.06175470018427056,385,0.025792417205981355,104,0.048660136643990264,310,0.00294200318629001,63,0.04957986523203787,262,0.00054774254867751,34,0.059721716960194175,256,0.7947584570485026,511,0.0012356283685099024,523,0.2498853402070681,376,0.022973152342931208,489,0.14261649992298586,325,0.03984093317122677,468,0.029674928891939234,78,0.056042219612390226,398,0.006074341833169128,41,0.06483362953013758,322,0.001384718700709997,35,0.0690588463166844,277
"(184, 201)",0.22967271928144095,335,0.022548444957995895,363,0.1824958268610637,328,0.03201378234797041,394,0.3467444394306409,528,0.028370167142744585,524,0.4136826867532226,557,0.015874831460946877,535,0.47629748738861954,544,0.010952727820052221,542,0.6187385432279984,557,0.0072021913524846545,559,0.3007433175243147,373,0.01581868185247331,467,0.284912249531347,404,0.022867047211276286,492,0.29653503713492035,467,0.02679543631491817,523,0.40984410289635764,560,0.019811030342061692,557,0.5485251285262468,581,0.010707880790698612,568,0.616362037088199,572,0.006719891715820054,566,0.22941756733394625,340,0.021955755497484186,354,0.1864864649421567,327,0.03096015802963243,385,0.359590590810448,539,0.028207531029040066,521,0.4195119764592625,546,0.014957190363524364,528,0.5366162998243842,519,0.008431803438764917,534,0.6017049234980947,512,0.007422511486856224,539,0.23003445348271068,343,0.007007313510891684,419,0.26720820281312585,386,0.022003174799563003,498,0.2958122965875368,467,0.026699586538979383,527,0.41388423689900633,567,0.017944528584455634,555,0.5253342678174804,580,0.012243760972418066,560,0.57286143962073,547,0.009948560252724968,555
"(184, 253)",0.009030509681229537,180,0.05395705202059729,203,0.04257883368366999,225,0.05196447713908416,285,0.06674586860960752,195,0.06212752145878585,387,0.1166185125148862,290,0.03426940520125778,425,0.2495558754772894,392,0.019258537056579362,477,0.4598421990972036,471,0.011321067339055291,514,0.013870547247824772,169,0.04257934827846349,273,0.036045122269190655,195,0.049995675343300315,339,0.03528475068508441,140,0.06055181506323281,390,0.08477354595945041,209,0.04723296678898809,438,0.20097069850040872,395,0.025973764281540287,492,0.44201149199672407,484,0.010974227484813802,520,0.006974425379708937,170,0.05419565640861661,195,0.03961202742030778,220,0.05162555092901424,275,0.0714899569339289,204,0.06251718166083384,382,0.1435940631121565,332,0.03017085566345083,431,0.3388109490190746,420,0.01402006549562498,483,0.5097208545213022,457,0.00968778373222709,510,0.0024121061162021284,122,0.01927417672195381,334,0.023976649465018873,160,0.049871260256086083,341,0.04541750018456325,165,0.056952253442090206,410,0.13190871175441632,321,0.03695608289188832,470,0.2543401234193037,427,0.024277340980465405,500,0.4116669940680757,465,0.015346219838498733,507
"(192, 67)",0.0012435710851856907,100,0.02942386693045894,302,0.020865643949252277,177,0.02542499868028968,437,0.031055235796998093,101,0.04142689313001337,465,0.0330353385464508,102,0.024871570510914535,475,0.12031446408694868,296,0.01256177126197867,524,0.33353262308537013,400,0.007238834266754043,557,0.005901173194170939,119,0.02109837231532777,420,0.013652704388623205,123,0.028597878312092154,465,0.011537590837233491,68,0.03879132319560358,463,0.028880112622426957,76,0.030848300713852136,518,0.1151785365399246,280,0.01669706006810809,539,0.3467524802176818,421,0.0066665199401355745,567,0.0006505720758127609,91,0.030311416904649016,287,0.01961590450273243,173,0.02519210140668588,428,0.03660281909190122,117,0.04075571842209171,463,0.04037109812845607,152,0.022328522152565144,479,0.17403958949034903,331,0.00940337731996286,523,0.3418351251382785,396,0.0068386154020170405,549,4.051654510162095e-05,35,0.009903994927420381,393,0.00828182935331434,80,0.028024843437216028,466,0.01891957187669191,80,0.035061728946261785,488,0.056132008680373824,150,0.024384471344939686,529,0.17371618510946885,355,0.015045933898086705,542,0.320429262957556,414,0.009986270164089536,553
"(192, 193)",0.7108386572138377,525,0.003545408435754378,579,0.38060087762422734,433,0.009658616918644742,570,0.3223709029080919,506,0.01899074617422688,562,0.3132296034986033,499,0.011751010020716195,565,0.12980563280350588,310,0.012247825264060036,527,0.02879346121957571,197,0.01637885162168793,474,0.5499393170806163,502,0.004653611766441462,582,0.440703118541642,498,0.008981688761444761,578,0.46375034664041737,557,0.011324304951103377,575,0.3330896496174425,533,0.013653494741963751,570,0.1353644987325845,321,0.015822032361416168,545,0.026319073002019522,182,0.015745224051412973,486,0.7619257914904336,536,0.0028756353853108835,581,0.3895082339923327,433,0.009303112962321943,569,0.29804342306622034,491,0.020258170281314342,559,0.28352923292888277,448,0.011659615248181026,560,0.08616385193012377,271,0.011886614490637961,500,0.027214766209361807,206,0.0158966473359359,459,0.9004601387217257,539,0.0003522624734787003,560,0.5075555918344183,539,0.00710816360728342,585,0.3946988572274497,537,0.012736452294043143,573,0.23501461991603312,458,0.015129291099135937,563,0.08636652996246896,252,0.018992585362623347,522,0.03146588072226586,193,0.0216454891232617,467
"(68, 170)",0.18048778679907662,319,0.018602057714076498,385,0.24092046823247948,359,0.03619092529774535,369,0.178212358061536,376,0.08564157624322191,308,0.09904878696158292,258,0.06249173233267759,268,0.06578750740238148,234,0.06692862530404745,237,0.025978464143645463,191,0.07206864651695823,249,0.1319339569570388,295,0.025129503538783897,384,0.17966953843088618,333,0.05819174961257497,298,0.2134318432327975,384,0.07634359053129214,333,0.09517442314447555,238,0.10608344992052128,270,0.07144483959106551,212,0.10231275313841255,226,0.026658491846462073,183,0.07494057575490799,247,0.1796430659627959,319,0.0178819387016271,383,0.23139876188717212,353,0.03635603308110269,348,0.19136804954182218,384,0.08012077746905034,324,0.0961374094345635,251,0.059193063971774804,269,0.04668295585902049,225,0.056544523620595026,235,0.01965517202354694,190,0.0741219395132569,224,0.9997000299990002,604,0.0,605,0.2358944655499391,368,0.04655351663406381,364,0.1892926050774295,372,0.08601200284291076,313,0.0935338963374448,245,0.11445417109603333,242,0.0976074375857281,267,0.10471474772165994,222,0.05759419638327201,238,0.07853774676423249,255
"(68, 144)",0.08223842699242034,274,0.024174193591728836,347,0.05390735694677107,246,0.0596130817168787,257,0.08359891561478427,229,0.11022083821857091,225,0.1551290051825539,347,0.05381144014572939,309,0.21203943800937708,367,0.04530931543485453,323,0.3486642459484093,409,0.030325994483382697,396,0.11831334992288522,290,0.0260590265075963,379,0.0827246264694459,260,0.07536007016141734,247,0.065152810019247,218,0.11338299796904068,224,0.1604842415900679,370,0.08912719826225386,313,0.20025834006719634,393,0.07256432990106193,306,0.34487060719406337,420,0.0319234747777093,387,0.08274041288859602,275,0.023155039528960336,344,0.05754281044809473,249,0.057814016723477475,257,0.07608154783822818,220,0.10896202988393199,226,0.159128400557919,350,0.050040202657429436,305,0.2620588318009458,372,0.03181586473499907,343,0.3892205543250724,414,0.027397260273972605,378,1.000088900582341e-12,8,0.001368404223898028,517,0.05579440820213333,232,0.07527686402356294,251,0.07721334583902206,232,0.11597725336535282,230,0.1628332102987533,366,0.09514229827197522,284,0.1570905822505504,332,0.08935498197266352,256,0.23126888045490956,363,0.04941198249574477,340
"(119, 244)",0.06310190350050071,263,0.06248215539335391,184,0.08958714667405132,276,0.11418975397690029,129,0.15877296053247725,353,0.09831187356750329,265,0.23277390309315082,421,0.062468673884365514,269,0.33846987523015515,462,0.049031737750068666,306,0.3842197455206404,426,0.0686348337102066,263,0.0158809884648915,178,0.14125510787863668,89,0.14628010727363572,310,0.08046807515762336,231,0.11063622325629141,281,0.12893455702899667,184,0.19772157252280687,420,0.10718095722477093,266,0.2550597386156064,454,0.08743778588268483,263,0.19574789052788943,351,0.12832610705167707,156,0.06298141034172211,256,0.06261490228940858,173,0.08409114755769731,271,0.11192993037842264,119,0.15777847994932503,351,0.09656603641415999,262,0.2932508206165061,460,0.05138282501934119,298,0.5127819569577866,507,0.026207300404186475,377,0.698095927794719,565,0.02051431768226882,416,0.0009049327769131699,99,0.2347802288622193,48,0.03610074992869372,202,0.1590997407186963,110,0.14373386003709143,326,0.12101206283759215,223,0.3452421747647185,536,0.06743642346501937,365,0.4479188964770857,553,0.0463866509174903,385,0.26920480797525714,390,0.08188364435439774,244
"(119, 71)",0.06783172224441658,266,0.061248988105834894,188,0.04555454303032802,231,0.13748523898810847,96,0.10066418873830307,261,0.1175594548604047,203,0.31283201219160695,497,0.05122889393477857,320,0.3230937371131356,449,0.05090755104711381,298,0.4952010561456972,490,0.051687220332250323,317,0.3526605515753092,400,0.0471825858969177,255,0.07448994452742874,252,0.10214008186254088,187,0.10313745700964139,270,0.13218345194818495,174,0.1702074496664856,391,0.11544532894120463,239,0.18994552625161,379,0.1033676224635783,222,0.46252542756985304,497,0.06588938286821022,278,0.06373021407206825,259,0.0624142252801576,175,0.04585416770769701,234,0.13188171525872236,91,0.10179578542016832,264,0.1147045787441028,209,0.3387602141537973,496,0.0459734842640943,323,0.4197364248628138,461,0.0334055572460528,334,0.43886176266102817,436,0.044917964128603875,304,0.9482546356713455,554,0.003292299271358622,466,0.1699555541289074,321,0.09782658963703621,206,0.09609296557326519,263,0.14076649763048912,181,0.19091036731079003,402,0.09922842007599451,275,0.2276086704984872,404,0.08009694237082687,281,0.4202855347079296,473,0.05646030774715847,316
"(119, 168)",0.4200038415303561,408,0.023441934909592923,356,0.4273040919968276,456,0.046652071571112015,308,0.14130111143022717,329,0.10340435890591061,252,0.020657065376109784,68,0.13332546514351457,100,0.009868126045535441,72,0.15176424733553082,78,0.00265015073283581,61,0.2738548027177359,44,0.23963301086073807,350,0.062322416136038984,212,0.19934736847645684,345,0.06950648679619989,261,0.1952313227525071,369,0.10089729148533103,257,0.06291385040079389,168,0.16447729443192188,152,0.03866720914242361,136,0.1748921957805227,118,0.013262774659485221,122,0.2668440223611233,52,0.438965336933151,415,0.022380264555515124,351,0.44548269486179903,467,0.04279633431015767,314,0.1407326060226074,329,0.10145262044422988,251,0.011903738026001864,58,0.13881515899193808,92,0.0018616193926176416,50,0.14997289768730193,64,0.0005298253813861287,31,0.2303454769452758,48,0.2608927226110085,357,0.07339795091628888,190,0.29581294621976717,406,0.07087082361604025,260,0.16286704891624093,341,0.11455021708308091,236,0.023809883930295372,63,0.18529453589353212,132,0.010845615014530074,53,0.1861123647589865,104,0.009023448421130231,105,0.21637604323612744,77
"(131, 244)",0.012070199762564737,189,0.007173951744824645,530,0.058914952806753185,251,0.017601194763888234,501,0.11895482471310403,293,0.030604303399419767,513,0.199697335016775,387,0.015698555691613884,536,0.33672791989628115,460,0.011383210123101655,538,0.43509837935676354,455,0.0097326766639866,533,0.00781076226062849,137,0.010040047447649865,515,0.031047693101269536,184,0.02214224230239435,498,0.08534871198220939,243,0.031228346389500457,503,0.21290432346658683,432,0.02676138506366566,535,0.32504169200382327,500,0.01849295746267153,528,0.4067654815353552,455,0.010349172462364643,528,0.0182283978516814,205,0.006396304014642805,537,0.060701936440636706,253,0.016566314331807493,500,0.13084906605663194,308,0.028169734524914326,523,0.2094099584156146,381,0.014170592150234064,540,0.37000733643598516,432,0.008080060427394665,538,0.470134281584323,445,0.007803878170540455,536,1.000088900582341e-12,9,0.0016447947800120853,505,0.030935839100413753,187,0.022253026600207688,496,0.0841432766760255,247,0.035862867226747246,486,0.2946979893930457,497,0.02456247470413157,527,0.3797592051233907,506,0.01663884648080047,535,0.4612713321352152,493,0.010260524064922753,547
"(131, 71)",0.4576216854603701,418,0.0021354745741647045,593,0.22797316280148994,348,0.011211302872063749,556,0.13124658919051924,309,0.029617416807882862,518,0.07172767371477584,211,0.022084532271512015,498,0.02817577477194666,152,0.026025505444632342,434,0.014215470313553968,150,0.030444420133847534,395,0.5150580648159384,481,0.0024851246340378114,597,0.3224067999400341,428,0.010149157220722545,569,0.17534950051434273,358,0.024564794429368698,533,0.06539246027672696,176,0.03966378800630791,473,0.030498881175001102,112,0.040696596610715945,419,0.017386632517594425,148,0.02959932652522229,404,0.4000256523100948,398,0.0022846305668574197,589,0.2236402428098494,350,0.010726139172016797,555,0.11932788945530914,296,0.029048629234184872,520,0.0670050524694028,219,0.020718163605671615,493,0.02244720333888517,175,0.020563512851094805,418,0.011004443635026062,158,0.027281092466517685,379,0.9997000299990002,605,0.0,606,0.322940130350609,423,0.010182061481561118,571,0.17731415643048476,355,0.02797286900984499,519,0.037438778274464624,110,0.04886043044991095,421,0.020987434788482306,99,0.04368237049577515,403,0.011750532829447158,125,0.03487138349094362,396
"(113, 233)",0.7574902689220844,540,0.002830364550618221,584,0.383492695137839,435,0.00701088314183332,587,0.36560116308448065,542,0.00808960064726213,591,0.2213995092409934,408,0.005351683812847925,596,0.04883600797722809,203,0.00661448835507461,579,0.035694917554061734,207,0.0071368713748740055,561,0.5745972453646315,517,0.0031735713231969354,591,0.30235530416619727,417,0.0064386395423191274,589,0.37046129498599334,512,0.006505896608809926,592,0.22141381841784247,441,0.007744748459041485,591,0.13146589930602215,314,0.005988171761339594,588,0.04284582451332519,216,0.006756756756756756,565,0.7315642144339927,520,0.003195027914686543,579,0.3927595160553098,437,0.006626614878009579,586,0.35152231097119047,532,0.00818017139958691,591,0.22996694257268846,395,0.005261536867638662,595,0.03077138639059729,193,0.006804197042619121,550,0.03388442498683042,217,0.006386936624346937,555,0.7439490222211215,496,0.0015364063266340236,509,0.31792554533364936,421,0.00703729218306209,586,0.35147142078034754,510,0.006187544490241935,596,0.2473790950727921,469,0.006306688849133701,595,0.15498937711083438,331,0.00610604493409891,589,0.04259369811961933,213,0.007343148194809402,575
"(113, 72)",0.0006913959925749502,86,0.029178241168389265,306,0.02045212931170526,176,0.018625684846524965,489,0.023137165878815202,77,0.020299852649082555,561,0.06164932295077641,192,0.00819545797112354,581,0.2554170818435386,396,0.003810596772590213,589,0.3017642535622054,394,0.0035033812381906255,589,0.004796237593299946,104,0.015644771103469696,469,0.03555277535531731,191,0.013142423975745663,554,0.02237721569546247,102,0.016581332241052685,562,0.06164322160826252,166,0.011860794503960551,578,0.11874966294420453,286,0.006194712555665264,586,0.27472566078746463,387,0.0036369838894268853,587,0.0009687121787795849,105,0.029095593559223604,296,0.019177059888944692,170,0.01813036838487372,484,0.02547703317993466,81,0.01961991331497767,562,0.058112055735990986,203,0.008322344231594335,575,0.32372766855269264,411,0.0031052694918952345,589,0.3094731370590861,379,0.0030555190408207557,587,0.0008276640424575987,94,0.014827540422118831,360,0.03200321880425672,189,0.015128046044803953,542,0.02548588099313609,104,0.014838219458312207,567,0.05158213845762338,138,0.010635452103671544,582,0.09915238667229542,269,0.00708640956928018,586,0.27559848203849413,396,0.003940685737597295,589
"(257, 90)",0.0030154595869500422,139,0.18766480019079035,35,0.009850287044011363,129,0.2593136217797509,28,0.009688046155846397,50,0.46369158147635503,24,0.015607002087448252,57,0.2774134610366835,26,0.017245111406466007,119,0.22956248058898296,38,0.01771450866922586,168,0.2796565974770557,42,0.0007593596393495883,59,0.2749708849418478,22,0.0017733887457094255,46,0.37649592519137076,19,0.0048192790501128124,46,0.5078080999436794,22,0.011805826446197876,44,0.47294298079519675,26,0.015468562892527071,64,0.34539313277046774,33,0.012542264235004374,118,0.31276190685799804,39,0.0034186660493338294,146,0.17968788476876202,33,0.01258819525385979,145,0.23875372036710388,32,0.010623871178185529,53,0.4550306013096237,24,0.01591450681687223,71,0.2728389382444389,23,0.01853044851141139,155,0.1966172497903729,35,0.014048581090032486,170,0.2706045005854246,37,0.0001804580782051035,67,0.36375164953677486,17,0.002250036535690114,47,0.40262476523840723,21,0.004426536025637806,38,0.5516413289128881,19,0.015370749016900831,49,0.4375173404110386,30,0.015077887507918164,73,0.34314561725902426,41,0.022416441134108345,167,0.29438070898061536,41
"(257, 244)",0.1595092857705117,314,0.07681074472051568,148,0.1713103664876663,320,0.11956824897509426,118,0.15936505536630052,354,0.2209080720784711,91,0.11326406569795988,282,0.16556056908250433,69,0.08126832678343998,257,0.15716900460023558,72,0.051376374261276725,234,0.22069602419069606,66,0.187908711544722,321,0.09104767433353203,147,0.21229056959636727,352,0.1255748110842651,140,0.15480223502423485,336,0.22275442458996808,93,0.09606530860034612,245,0.286440746021536,67,0.06571474823244428,199,0.24799957684325066,62,0.05095367972340037,227,0.23298320714851656,68,0.1531630966998634,306,0.07602938852318628,143,0.1491935708775628,313,0.12226124507617155,104,0.14555481413585902,335,0.2293154221579738,87,0.1096449049132171,277,0.16546434069331004,64,0.07879210385803159,260,0.13779936069851564,76,0.07318157724721619,264,0.18486501606478495,72,0.14030412482096322,309,0.1256682825578591,120,0.1959586003118824,341,0.14383175364131973,126,0.17382939593965085,353,0.22636077006382596,106,0.07996654778444345,210,0.2950261485940221,64,0.06304209856650844,209,0.24833816677571605,69,0.04023185735609458,210,0.2587722681311825,59
"(257, 210)",0.4003639645488595,402,0.04081754330571128,246,0.3327426876270798,411,0.07807042556189525,203,0.347930396709103,530,0.13401618860917433,177,0.34133896688372045,519,0.08813515406077478,193,0.3239125892900796,451,0.07758257088636673,212,0.37772088325348696,422,0.08291123174359731,223,0.4538596376988898,451,0.04573492883452212,261,0.36672435041648,457,0.08441767647715354,221,0.4112061086736267,533,0.11351547966480639,223,0.4148060553323427,561,0.1189614463162254,230,0.41488695525999975,551,0.09090061861486691,257,0.4516265735401306,489,0.07219935733779381,259,0.4097255205467526,404,0.0386994218590924,252,0.3283036186576511,407,0.07557247097273466,199,0.3512469453622702,531,0.1322844887430672,178,0.3505802356061758,506,0.08497710025101322,200,0.29122205095714104,392,0.07314493475387285,189,0.3346090821843144,394,0.08586558773267954,198,0.8319385867324631,519,0.013326360342832678,375,0.39213627745751256,471,0.08667875484913697,227,0.39325018781635235,535,0.12775686025229577,209,0.3890781984143725,556,0.12286209512937066,218,0.3992102831588279,519,0.09359027236429832,243,0.42178151084516624,474,0.08156482419467913,246
"(257, 73)",0.5445174576099916,456,0.02769566926092258,317,0.3243415151017115,405,0.07974282067194245,200,0.3344542251033755,518,0.1386488638221158,170,0.3417063640947725,521,0.08805353928977551,194,0.44296814647759,523,0.05727689194585303,282,0.5306086119493005,511,0.05526866690953661,305,0.7557467568346714,572,0.016806974660604178,459,0.5907615233853174,562,0.04579943639714173,357,0.4303571547707945,546,0.10804426296656598,235,0.38391622607935094,555,0.1287256397074049,199,0.4390555832224874,557,0.0853879944385113,269,0.5526313505294009,545,0.05463619156615899,303,0.5186690119240256,441,0.028947842354610242,297,0.3201153712183624,401,0.0771506099810807,196,0.33967229406100263,523,0.13620297831412978,169,0.3377414546285875,495,0.08777354980456102,191,0.4795268566748968,489,0.045118501682398074,278,0.5278760258224989,467,0.05173288741199524,287,0.8601568116011418,533,0.010936394945846419,386,0.5343046194249762,550,0.059307369967453206,310,0.4250867006550315,554,0.11773970177341488,227,0.40330883564618947,564,0.11848361026612,230,0.4779962379006921,563,0.07618772039309599,293,0.4890430680231903,504,0.06828922130747118,283
"(74, 223)",9.999999999998899e-05,36,0.0625951012565962,182,9.999999999998899e-05,16,0.03443913974007318,377,9.999999999998899e-05,11,0.028530336296423476,523,9.999999999998899e-05,11,0.01287359237275074,559,9.999999999998899e-05,12,0.006788871597210095,575,9.999999999998899e-05,14,0.004511326908963069,582,9.999999999998899e-05,19,0.028578933291434835,350,9.999999999998899e-05,16,0.03992394647396954,385,9.999999999998899e-05,14,0.0499413325823904,427,9.999999999998899e-05,12,0.027374697968981645,529,9.999999999998899e-05,13,0.012849356197231345,560,9.999999999998899e-05,16,0.005574324324324324,578,9.999999999998899e-05,43,0.06326985912179918,170,9.999999999998899e-05,16,0.03304303765060094,370,9.999999999998899e-05,11,0.027890040394383843,525,9.999999999998899e-05,12,0.00883670176047099,573,9.999999999998899e-05,14,0.0033405801851763067,588,9.999999999998899e-05,14,0.0034407070339607417,585,9.999999999998899e-05,47,0.017263570911790767,346,9.999999999998899e-05,12,0.037269960666359556,418,9.999999999998899e-05,12,0.04150571581886741,456,9.999999999998899e-05,11,0.02073788856194169,542,9.999999999998899e-05,12,0.0118010853111578,567,9.999999999998899e-05,13,0.006115861988580753,583
"(75, 127)",0.06176382476629394,261,0.04000802797362525,252,0.03899454249811252,218,0.0710164180277002,224,0.058672928719708306,180,0.14052738222216474,166,0.053612395257519374,169,0.07863143254857748,223,0.06479791489363063,229,0.06485540231421447,248,0.07917918193760887,264,0.0630613933441598,282,0.07633288860555909,268,0.035928761359670214,311,0.09773830584265497,268,0.05257120670008299,325,0.07110659305546041,228,0.09321591316368852,279,0.05260499116120276,139,0.09403055227291873,301,0.05336372894496266,165,0.07068228988252363,312,0.065836897711682,245,0.05211286204771546,311,0.060625916568302074,254,0.040536020788079934,240,0.036549111445563165,211,0.07454007940883839,202,0.05255148058718262,164,0.14578338420322828,157,0.05339988515146632,189,0.07703623081505538,218,0.07413790447430424,255,0.05301975533558437,249,0.09075601062617245,272,0.05714921143458071,267,0.021847935859174217,192,0.024140818278628778,314,0.05746841854379703,235,0.06342451923048048,285,0.06760079046391576,215,0.09562789456897448,283,0.05683985422368454,152,0.10385650741498352,257,0.0599486884488698,206,0.08987395620318164,253,0.05094789976389591,230,0.09471701282651213,215
"(75, 89)",0.22113126291859087,331,0.02615221575431042,330,0.28866674668636616,381,0.036438552832680264,366,0.22857103124607558,422,0.08930994377615831,290,0.24172311571820337,430,0.047596884924993296,335,0.21421702965327383,371,0.043535997924249725,332,0.18577042335691474,333,0.047457884546142984,326,0.19090407510422358,323,0.026469215998349643,372,0.15691100433709182,319,0.04489711282897135,360,0.20093258847292983,374,0.06593407062277064,368,0.244500495557879,469,0.05634448187656428,410,0.2424034650187299,438,0.042678884478207425,412,0.21193171503328878,359,0.035294150013205385,371,0.2238217069797641,338,0.026227676520422377,321,0.2982609589762768,387,0.03702399871345523,344,0.24464960679895253,437,0.08730816069360113,292,0.24230433146164132,410,0.046532323724860665,322,0.19501686752228498,345,0.03840847783823344,308,0.16692756261570385,320,0.0466436674788223,298,0.3739376120460045,397,0.009367472083198977,399,0.23158701578062102,365,0.039856167045148105,403,0.20814282857977262,388,0.06573268434900609,380,0.2331882742789988,456,0.06487576061630929,370,0.22544939645777395,401,0.057793287021541385,346,0.2491946518171615,377,0.055798670211398324,318
"(242, 169)",6.399850583016509e-05,23,0.23838211139065327,23,0.0003622254094534094,35,0.34704785997021403,14,0.0012035411107265137,25,0.581192237087979,13,0.002891090702101029,30,0.2849751150798611,25,0.003355012841902427,37,0.2651855229896645,24,0.009615913953165633,126,0.3036099112179361,39,0.00010150534519404175,31,0.3053141127973124,18,0.0001298492629937531,28,0.5085244837889583,10,0.0009438050836705347,29,0.6484778471831107,11,0.0026048292476158474,31,0.5401830176097172,21,0.0035360115553741966,33,0.4183020331674291,24,0.009227440380029206,99,0.319086187164363,37,7.35552091020164e-05,30,0.22656618114591717,22,0.00041194707333946923,41,0.3311512052933045,15,0.0012212285931729738,25,0.559385237340628,15,0.0033103451952317675,33,0.25818664618620923,27,0.003938509240819066,74,0.20126451367981896,32,0.0076858046350705145,146,0.2354117690217142,46,0.0006528821603339896,91,0.296222933370908,34,0.00017175937779312367,24,0.47564215216094785,12,0.0011950747318058008,25,0.6637027433754012,12,0.0026028545154069826,29,0.5351596411690943,21,0.0015052437614742065,28,0.4946911311550812,15,0.0029953990516010665,50,0.3541457762328141,29
"(242, 76)",0.8378016641297004,570,0.009695289695642388,489,0.7619272906345423,592,0.02310594551321352,456,0.5515263453648113,586,0.08820428270208419,297,0.3783661350692683,541,0.07302367859921141,236,0.3185921182438409,444,0.07974481076469721,207,0.20989125904759776,354,0.13458676882781972,137,0.7403934352775108,568,0.021179930459688086,418,0.7529238880858431,597,0.033683976750343424,426,0.6114952907593297,586,0.08082130117932178,316,0.42933827471284647,567,0.12078170233302972,227,0.34904430590664426,517,0.11735597557781048,187,0.2205591309979158,362,0.13686724183466853,139,0.8358735642480148,565,0.009377423468918953,484,0.7616033952460293,590,0.022230516695887007,453,0.5629904112533115,588,0.08220991624042709,315,0.3475476967338391,500,0.07224822945019206,231,0.2631234643576512,373,0.0704408186268227,193,0.18744755379205214,329,0.10764399458291171,158,0.5266624879901493,439,0.04634148324179025,259,0.7030972575563765,595,0.039296402914857594,407,0.5551136431322895,584,0.09964279445738437,266,0.38449530250334785,553,0.13382173212184978,192,0.3960919832596763,516,0.11498770225419083,191,0.33473002456752465,421,0.10131281914155099,201
"(242, 87)",0.5578429076246061,465,0.03071749594402588,296,0.43827412370256547,465,0.06639524970789719,237,0.44772142001709514,565,0.11671086410200024,207,0.4871974273271594,577,0.055372739816964466,305,0.5413506509725756,571,0.04504366882123107,324,0.5076206022100733,498,0.0636386520080848,280,0.5884584283870222,523,0.036527254213137815,309,0.5527461923477861,551,0.06825705759422937,265,0.43179338505770626,548,0.1333824006280614,173,0.4473178446600985,568,0.11538076968801347,241,0.48835674797890605,572,0.08255788179821469,281,0.49596344338566667,511,0.06864930891803855,268,0.5465047986150797,453,0.03030627134030925,288,0.42484214147808785,457,0.0659894418105479,230,0.43621606823496595,564,0.1157968977133367,207,0.5024178316489347,571,0.04876908922399862,309,0.6034857460090682,551,0.028877905548929456,358,0.6133514798229156,518,0.035232473182050236,346,0.5574647444181478,447,0.04246930574485899,272,0.562907158673203,562,0.06271580498826718,290,0.44566380267113137,560,0.13391733737464948,192,0.4979970851053658,583,0.10009357606759753,269,0.5790417154585115,587,0.0703998260968459,307,0.5391317024785293,531,0.059900480115735136,301
"(93, 88)",0.9308265128640821,606,0.0006382071082835924,608,0.7478020801802809,589,0.0013596133726766343,610,0.7235569814291991,606,0.0010045263661711459,612,0.5806797366517357,594,0.0006368379343028399,612,0.48948938690859123,549,0.0004900141022969727,610,0.1882652934491732,335,0.0015374092291286737,605,0.757523555918155,574,0.0024743301737548285,598,0.9759563243624982,611,0.00010235650354716278,612,0.9997000299990002,614,0.0,614,0.7482030546529549,606,0.000598354053966812,610,0.5554197233328608,583,0.0007294416345940717,610,0.37674532145926865,435,0.0008671537987498898,607,0.9319151751458683,602,0.0005785084479140249,606,0.7808467141286444,592,0.0010889096755887133,610,0.7412801964908975,606,0.0009209748171972078,612,0.5458667731008697,586,0.0005399768693954173,612,0.21343988632538158,353,0.0006699750404333239,609,0.04216969272056725,233,0.0021299978906371806,595,0.9997000299990002,606,0.0,607,0.6937220680593598,592,0.00185827276729488,607,0.7053126653146139,603,0.0012423084725605256,612,0.5122293221823203,587,0.0013315446813292376,611,0.37931409236214697,505,0.0014590301876009066,610,0.12829757089855187,305,0.0020466197349678864,604
"(93, 77)",1.316250533989205e-05,11,0.026391963293014322,328,0.0007870489146510895,44,0.013366275519768428,531,0.0010688897347724824,24,0.008820122514114759,589,0.0045511260561648115,34,0.0032060345172835207,604,0.009514708410712336,71,0.0018224593260214059,604,0.07778078964360768,262,0.002064217503842195,599,0.0006910828304760308,57,0.025512107186591842,383,5.274482464123764e-07,3,0.012566054881970865,556,1.000088900582341e-12,1,0.008995741812161864,586,0.0007829080984307346,27,0.005893787431573097,598,0.005639401477452677,40,0.0033686299796481757,597,0.021428937840738627,169,0.0022548199665463507,596,1.253634415210314e-05,13,0.024324552795327827,337,0.000495864611025576,42,0.012668525821333413,524,0.0008566857164478137,24,0.00877609628130275,589,0.00610203005526877,42,0.0024149747579113087,607,0.06514916366547974,246,0.0009950560293839948,606,0.2770783220532096,366,0.0011372216940323376,607,1.000088900582341e-12,10,0.021845692778348323,325,0.0015113078524447987,40,0.014334646456699062,546,0.0013257579702441458,26,0.010066270404121384,583,0.007985678058005652,36,0.0053301564540139765,597,0.021052107249987406,100,0.0038250056324179663,600,0.12175942272281515,293,0.002082615559452246,603
"(250, 267)",0.8397561300520828,574,0.0015997165016845309,598,0.5722642436027537,528,0.009233503932736755,578,0.24108637958687562,436,0.023062711750794673,549,0.04388398765623813,150,0.02796231278663775,458,0.011358471197076003,78,0.03502940927044904,375,0.002665036309909774,62,0.05276579654791884,313,0.4765661382950186,467,0.006151642976824293,563,0.4826106241935375,519,0.010053221604851772,571,0.3529138534255897,501,0.016688000273070165,560,0.10376942759806584,269,0.03489270173388834,498,0.05046871085043181,159,0.03480162008584037,446,0.004924632517383287,69,0.04666123778501628,328,0.8760298709517966,579,0.0011849499593867957,597,0.6007083251516636,536,0.008199940040880246,580,0.2396978163825294,430,0.022878223947310667,545,0.029199129498836518,114,0.029169449133503226,435,0.002910315410995623,62,0.0356835702258102,324,0.0006996654573203642,38,0.05069960533515941,289,0.35732891031541536,390,0.006088721368512612,427,0.48514601651083233,521,0.010092571293349437,572,0.2956742552893613,466,0.020683096651989828,548,0.050221767120303795,134,0.040692164570569386,452,0.017957477684139134,89,0.042217581925588735,407,0.0034305402556592535,58,0.04677914504774589,347
"(250, 79)",0.00018086558852914436,55,0.026687553953693037,326,0.0048930119195730315,99,0.04515508362806864,313,0.05384624466723087,169,0.038011597563829526,478,0.2711864213031737,453,0.015237690126008353,541,0.4658663180008763,540,0.010157472841424698,547,0.6390694649339124,563,0.008493190259569907,542,0.010488795670230422,147,0.021951134677683413,411,0.010023145412272227,103,0.03657375390399414,412,0.025236219303622742,112,0.04020552796409128,459,0.14894514564503447,345,0.03093254266618694,517,0.25058232129929703,447,0.020399681624921923,521,0.5715099746851839,552,0.009566203010828417,534,8.039393640402182e-05,31,0.02627031119638046,320,0.003813639942555569,90,0.04428452572434335,303,0.05436001138703617,172,0.03751605406512741,476,0.3314697397696502,490,0.012978870519289955,549,0.6299226495768869,563,0.005943184942463845,563,0.7566152446516212,593,0.00493942460250739,573,0.02448629295482818,198,0.014879024937473409,358,0.009833128284059578,96,0.0370165052339748,420,0.03719287429913276,143,0.041279410299719474,460,0.251302890430243,473,0.02379079533690865,531,0.402163633042564,522,0.014977553104883901,543,0.6123529424592018,566,0.008308179108366285,567
"(146, 79)",9.999999999998899e-05,37,0.0053239908769973365,557,9.999999999998899e-05,17,0.008852346652778188,579,9.999999999998899e-05,12,0.00513035205462215,603,9.999999999998899e-05,12,0.004642939927887737,600,9.999999999998899e-05,13,0.0008570332608655364,608,9.999999999998899e-05,15,0.0012644460706581597,607,9.999999999998899e-05,20,0.012148565356259168,496,9.999999999998899e-05,17,0.004239296663517913,597,9.999999999998899e-05,15,0.003803995357807247,604,9.999999999998899e-05,13,0.002087940725157875,606,9.999999999998899e-05,14,0.0014931388155641084,607,9.999999999998899e-05,17,0.0005876397570208644,609,9.999999999998899e-05,44,0.0056512998063062555,547,9.999999999998899e-05,17,0.008490642820421368,576,9.999999999998899e-05,12,0.005263793141244781,602,9.999999999998899e-05,13,0.003829669110732983,602,9.999999999998899e-05,15,0.0008629689458374468,607,9.999999999998899e-05,15,0.0012992452149562994,606,9.999999999998899e-05,48,0.0017775706354002105,501,9.999999999998899e-05,13,0.0059087548431309075,591,9.999999999998899e-05,13,0.0043787746072371445,603,9.999999999998899e-05,12,0.002753582690515802,606,9.999999999998899e-05,13,0.0018534793947076144,606,9.999999999998899e-05,14,0.0022488819868323844,599
"(247, 178)",0.8623916742220259,584,0.02597922803811776,331,0.7455903274551492,586,0.04973385495489916,291,0.48020656342913126,574,0.13233264851808252,180,0.16965727942727893,359,0.1691243129492605,65,0.07797688989994467,254,0.18004971466857925,56,0.07144941500718305,251,0.18031871900620164,93,0.8122401115752396,594,0.03710535753051534,307,0.6572956925190523,581,0.0685652602026961,264,0.5561306091784742,576,0.10620551943064871,245,0.3450954209611645,540,0.1698947605442188,145,0.19199253855574516,383,0.17606746327603925,115,0.13981984359713806,307,0.15836396249669865,117,0.8765239212177797,580,0.022930104859250438,346,0.7497303341950188,586,0.04844315334335386,286,0.4705209260989158,570,0.1355400276317643,171,0.13911081825833982,325,0.17171179987409924,56,0.030009712632742547,190,0.18434562591176779,40,0.025982962545070487,203,0.1859319256648314,71,0.950744809325569,555,0.004181084589058727,449,0.6723062585359296,588,0.06452542872707114,282,0.5338530537331803,575,0.11347728894359412,240,0.2816953919380454,487,0.17177622491669148,141,0.16528576580587517,345,0.18054472859663176,112,0.10119693624414827,275,0.1781896157188623,102
"(247, 80)",1.0515020020696042e-05,10,1.0,1,4.858693623877031e-06,2,1.0,1,5.8026459794469076e-05,1,1.0,1,0.0035596462796463335,32,0.41786580711243904,11,0.0163503876158948,113,0.26194216317216884,26,0.038787980884810946,217,0.2132309597575832,71,4.346424525758508e-05,6,0.965723990448102,2,2.652076271258963e-05,5,0.9168797205327524,4,4.993333493019669e-05,3,1.0,1,0.0004833220363538171,25,0.8000694405625789,7,0.0027232687109248754,31,0.4777389324359724,19,0.019298888515773993,161,0.2786050708689145,50,7.879283701051065e-06,9,1.0,1,3.7480433274783564e-06,2,1.0,1,5.558283869688818e-05,1,1.0,1,0.006086559913529688,40,0.3618779708581409,14,0.06269296864699825,243,0.1528785689196157,62,0.07588797328874619,267,0.1409879766319284,108,0.04451371299166895,231,0.20871280582479548,62,3.6010356592841575e-05,2,0.8988736848996418,5,8.619147219868228e-05,2,0.9756795513848865,2,0.001201372909576226,27,0.6405356409463415,15,0.004737839228364793,38,0.42556462740745377,23,0.018173890232005663,150,0.2783128585655492,48
"(247, 128)",0.8978526193967842,594,0.018962308831778685,381,0.8249898160274715,604,0.0328259757231493,388,0.6630365909316036,600,0.07583644871353123,338,0.32919415466920754,511,0.11088474052570835,134,0.2443991300225592,389,0.10747062302274397,137,0.17466078913122018,326,0.12667667885618875,156,0.7936603121022434,586,0.041166473365868636,280,0.7487117973358761,595,0.04772570270005881,352,0.6459121422011947,591,0.079956010103596,318,0.47234428204933043,577,0.12242796328940418,223,0.3821813304120727,536,0.10762689664900156,209,0.1936211443662903,348,0.13513348446166035,143,0.9013642383280909,594,0.018103933048857133,381,0.8384080636017696,605,0.029878290831683627,397,0.6684560056463876,599,0.07422679061568238,336,0.2935587303592785,461,0.11231772261517724,125,0.1701656472891253,328,0.10458337287792316,111,0.17261395174697114,323,0.10155282731044012,170,0.450225942529649,421,0.06265665518652297,212,0.7340490830509747,598,0.05056015452372902,338,0.6361212674008467,593,0.08280549640576049,328,0.41356592327686426,565,0.12295557175375077,217,0.3148028262121936,468,0.1211887605009505,185,0.2185174024629185,357,0.12468439375318176,167
"(247, 152)",0.29940164045057704,360,0.19646156145766502,29,0.4565201345352057,481,0.12831844797078432,104,0.5100418469315557,578,0.12197386726187186,196,0.5739362743862696,593,0.05760971270387005,293,0.6113731214678575,591,0.04001295097444009,349,0.50137004945275,494,0.05392562444305425,310,0.2570104766805875,356,0.22363123245150587,37,0.3982241197397688,471,0.1452401015406731,108,0.4709251383763804,559,0.1347234311265851,171,0.5035038741473783,581,0.1125039463811783,252,0.5100354892393619,576,0.07687397988997925,295,0.42566653822738865,469,0.07424179065058543,249,0.3121472655933465,363,0.1883831534223516,29,0.46857494544060274,480,0.12333357372845617,101,0.5221161575384039,580,0.11769075454673047,203,0.5737618119158767,591,0.05335016514621042,294,0.6694949646253338,580,0.026063716852257172,378,0.6314258756481554,532,0.029087807577198095,373,0.005362354893153398,145,0.30598873302027135,31,0.36675991983471645,452,0.15621803653722224,113,0.42758670571530955,555,0.15123459287748725,164,0.48353395280823463,580,0.10230320435879511,263,0.5305647830924098,581,0.06892639995278126,313,0.5178973638524742,520,0.05727964127589771,314
"(252, 80)",0.002079410931763337,126,0.09406836877622109,117,0.0054444972853175955,101,0.10615926471975794,146,0.05355348131651794,167,0.10425859439219803,247,0.28321906717701006,470,0.04044451833935482,374,0.35891502939778874,477,0.03284301969997097,384,0.4968981896214366,492,0.03753774485698111,362,0.01588688953030426,179,0.11102102401047781,124,0.013231395970157989,121,0.12005586927677009,148,0.046422783407149004,168,0.1202867663372758,200,0.1709745432828521,393,0.09038137985168693,310,0.24492092826428913,442,0.0663403993793701,323,0.42407680163880557,466,0.049929021040584554,319,0.002063062500689772,131,0.08963720096001529,115,0.005197701124099674,107,0.10075209203929918,144,0.05403841912053631,171,0.10206240404412516,250,0.3231351188189917,484,0.03578740339256375,385,0.4873312015265556,498,0.020634203901363234,417,0.583734274074091,499,0.022619859192389177,403,0.038929758470982345,224,0.14296707971699774,108,0.016969694258060608,137,0.13208271295811919,146,0.04644794471805147,167,0.1370356655823907,187,0.2133594117242006,431,0.08177016882475023,328,0.33803269101274347,480,0.057432668312124485,347,0.4487127892398577,486,0.0461517892495899,351
"(252, 126)",0.6638808892978165,502,0.013763440137852736,431,0.5596358554509082,527,0.022662543628376223,464,0.24188399823970708,438,0.0630723077881957,383,0.04045576316558641,136,0.07737019610603488,227,0.024222034643218038,143,0.0806683960841555,204,0.008991665329984744,120,0.1429806514791523,124,0.4195353798666426,437,0.03728166704847072,305,0.44503314530319016,500,0.03719242531657809,408,0.2628830045078303,436,0.06748502380830476,364,0.0881078388508596,214,0.11273305299921034,251,0.05245426200222303,163,0.11088167731275315,198,0.015382049936332187,136,0.15083303988027114,124,0.6646468701397967,495,0.013075614067972904,427,0.5651533203284826,520,0.021109068990696176,468,0.24056533117266388,431,0.06204245756901453,383,0.03089504251732078,121,0.07826398844145446,216,0.00967181875919243,117,0.07621253496638628,179,0.004431871657635256,116,0.11508866966461131,142,0.2889130256717414,366,0.07329498188557973,191,0.41021335683702154,481,0.045680837147677435,371,0.2628030888841253,439,0.07690341498097888,345,0.06518565726247005,175,0.1214082352906079,222,0.027927218954589383,128,0.13186696120793592,169,0.012882339199885351,131,0.15072308755041558,131
"(221, 211)",0.00044429060780148966,75,0.15211372514771135,51,0.0007824433458758495,43,0.19116700217097543,51,0.007454520335465009,39,0.2029227930583959,109,0.08057647461264028,224,0.08359628055092701,211,0.12274471499516126,299,0.06641783123408859,239,0.20017316162428966,344,0.07341434426708329,245,0.002106248977209013,81,0.17815537066377535,67,0.00189675336888806,48,0.2141048772685091,58,0.005436226635773034,48,0.23613443585411228,82,0.032682523418142706,88,0.1822436859869417,135,0.06884083446553069,205,0.1280789691095573,164,0.15081354682555648,314,0.09469528567655604,202,0.00042398407405197513,80,0.1450714682132763,55,0.0006972567764556015,46,0.18371613359419622,51,0.007526889699490225,39,0.19870907300042007,107,0.10037512641188084,262,0.07355481581664886,224,0.20950218056560188,351,0.04351095295449453,290,0.27623104540788723,365,0.04771439838832452,296,0.007795876770968935,155,0.19094251889346225,72,0.002422242956277465,48,0.22945884862764696,66,0.0064760714383094165,47,0.2589825292697308,87,0.05171532902712184,139,0.15683488149848998,161,0.09157150049931184,260,0.10889101469179337,212,0.1333513555678738,311,0.0924852717084818,223
"(221, 80)",0.7881068561807667,551,0.01256596206362589,443,0.748248155939303,590,0.019403586536211395,485,0.5209859773178382,581,0.049263892204513195,440,0.18332841224918373,374,0.06355939916965314,267,0.12728274259400152,307,0.06561892572060156,243,0.0714877008521071,252,0.10347587249965215,192,0.6626333542017883,547,0.02619455695337153,376,0.6727149667283652,582,0.030247291046374296,454,0.5598174509685981,578,0.050378244841533984,423,0.31481847452496425,519,0.08565202090145188,326,0.2055451152538177,400,0.08894553368126222,260,0.1023140239177649,283,0.10776972004577867,184,0.7911328877368096,547,0.011783709878380911,443,0.7568693321783897,587,0.01787603688225771,489,0.5197629990972766,579,0.04843445620027713,439,0.15335498245383605,340,0.06386366682019502,258,0.06696192521791522,248,0.06363833382417546,215,0.042411923914831506,234,0.08910682241304993,189,0.5153012195500526,437,0.04722484913682145,255,0.6487895648674555,584,0.035596674328388145,431,0.5385658327007125,579,0.059332786591105,399,0.24700083746728074,468,0.09312857311910613,291,0.1657099798932271,346,0.08935714136613308,255,0.11700481102165738,289,0.0966059365685009,214
"(141, 81)",0.005395418863558987,156,0.14490492393578963,56,0.01776750117878645,166,0.1528323269589593,79,0.16750621841240299,360,0.1662148924385342,134,0.5158497286045285,584,0.05766857242719295,291,0.5867203106903133,581,0.049196011818747026,305,0.6523405439363618,569,0.06216231430273844,284,0.03034835689980353,217,0.19627087378757221,56,0.04551994552878669,216,0.20674276299861502,65,0.13654596050161616,320,0.18974109535268718,117,0.3720473802649009,552,0.14327902745421608,181,0.4462565771554834,562,0.105203820500937,215,0.573968955304986,555,0.08490569152214103,224,0.0047662288950618414,157,0.13454658389658886,59,0.01652734618536944,160,0.142171577398211,80,0.1613487638228781,353,0.16770434868938103,129,0.5681394832084818,590,0.048653661426056954,311,0.6840891145555008,583,0.030339913879221525,349,0.7751845378913347,599,0.03213950530856309,356,0.12269576466902476,295,0.18124175231612577,80,0.06751470303845486,254,0.19099668646061502,83,0.16933759745299015,347,0.18874577909511836,129,0.4504430441744245,573,0.11479526133180325,238,0.5657217444548668,585,0.08005231490578926,282,0.7225120315947059,598,0.05194711699157183,332
"(141, 232)",0.5607167368155201,466,0.030820784726024404,295,0.403680291720397,442,0.05396077280573739,273,0.0903715341609812,244,0.2041752170574269,106,0.00776238464902268,43,0.2335869358113479,37,0.004317714297461639,42,0.2529233763965402,29,0.0023379369388034643,54,0.4062010432078375,19,0.3257724120015999,385,0.08897393857472345,149,0.26578072523711216,390,0.1148126479400848,159,0.11412396815606785,285,0.2014321249978666,105,0.02213427241403554,63,0.36702329093155067,34,0.013114435163960603,54,0.3409127088077055,34,0.004822146974019503,67,0.4176567039352055,20,0.575328352674686,464,0.027224445841097622,309,0.41395546500151836,449,0.04859175853608464,284,0.09456657328759244,252,0.20039504906112227,100,0.00506794417773504,36,0.23459742725514948,35,0.0016798510726783178,47,0.2248855979093061,24,0.0005389919401534993,33,0.36278289153900944,18,0.12733290536544772,300,0.17901436959920658,82,0.20832515826618758,349,0.1311932165236125,148,0.08916761482484925,254,0.23373620924582222,102,0.012720996893367698,44,0.37696139315969884,41,0.005172797527835504,40,0.382824472262231,32,0.0010825077354102985,33,0.4539759102229855,16
"(107, 81)",0.6351014079979893,493,0.09663505302157477,111,0.6196336630460588,551,0.12731775423959538,105,0.28636036457330716,483,0.4491533496168053,25,0.0676446699455655,204,0.49395747293969733,6,0.05420533783215753,214,0.4925694766986361,6,0.04473538440635072,222,0.7034165003574011,7,0.49279040269563446,472,0.21020412324395119,46,0.5211780645585711,536,0.24261890634153307,43,0.3218863836859649,485,0.4561617855375216,25,0.15669322958608922,358,0.6925050643584896,11,0.11541089435826057,282,0.6312002538940498,8,0.06777184257266056,246,0.6667020644422924,8,0.64519029948298,490,0.08858897599594236,119,0.6282927090983009,549,0.11744365549875319,113,0.29142986783040514,484,0.4299775665149179,26,0.05069314519004964,183,0.4980090112511134,6,0.030317453677296657,191,0.442878696114585,6,0.023498300164043417,199,0.6467864316000892,6,0.38007760265752655,401,0.26774115753448785,42,0.4492031210259444,503,0.2801187036295178,46,0.3096985034458415,481,0.47804264421954035,26,0.1060840178462421,271,0.7545681728004902,8,0.07376931759217498,228,0.7387565780523566,7,0.038793187902377624,205,0.72159972300356,8
"(107, 127)",0.002769388026834241,135,0.5914995851653796,4,0.0032068334003944043,77,0.7360520127972413,3,0.039606546847286594,125,0.8685135902703707,2,0.20804999407616453,394,0.3396603490563634,16,0.2401143686752394,384,0.29992232785060446,16,0.2683476483705942,378,0.3871361066531849,21,0.009278580387234614,144,0.7901353025627248,4,0.007443206207571773,85,1.0,1,0.031157217634712575,127,0.9934977301042788,2,0.09789730134345287,255,0.8100580167239958,6,0.1351060678719176,319,0.5989048300320391,10,0.20778132105543734,357,0.4589295932740557,15,0.002510065115131299,134,0.5632665512590093,4,0.00295580349355562,77,0.7009037460008312,3,0.03827388443853108,124,0.8459076843064632,2,0.24993065998827024,416,0.2926041186890555,21,0.32592286614942956,413,0.20066767574675676,33,0.36334350449331976,402,0.25961747163824117,41,0.020941285628561457,188,0.7036199033716938,7,0.012836437062937023,115,0.9162377844391578,3,0.033832884537770336,128,1.0,1,0.14604068071952425,344,0.678303180492423,12,0.19572124323716966,378,0.5336386715699294,12,0.28943356064588577,401,0.3692880197325681,28
"(195, 81)",4.33995248230179e-05,17,0.7053737878263673,3,9.193100549942379e-05,6,0.6766016607151542,4,0.002178726669427533,29,0.6945440177056298,7,0.03387872338944509,107,0.2528346721392051,33,0.04108682773702965,185,0.21321791278142121,42,0.08881899375345215,271,0.2038317867191209,77,0.0002308571386081537,35,1.0,1,0.0002028668696449909,29,0.926488390090833,2,0.0019388333440664152,36,0.7684484494734866,6,0.008456115348995485,38,0.6396239502232411,17,0.01345879345223544,57,0.45378372660043936,21,0.059068961613065074,239,0.25640131173518793,56,4.4025036837647136e-05,20,0.6680118642012063,3,9.111900282543495e-05,6,0.6407388789249222,4,0.0018368497717384802,28,0.6904302527250651,7,0.048808053813184205,176,0.21565206570713322,41,0.07977048053327418,261,0.13995433700600654,73,0.14757798294134372,308,0.1323609884046186,119,0.0005137199951450455,84,0.8902973366247293,3,0.00036381138510377387,25,0.9120089225921885,4,0.0016367280230373815,28,0.8383070784515568,6,0.013003350117699819,46,0.5574538160837471,19,0.020065491441106476,96,0.44565418465261475,19,0.052845085222799515,232,0.27716613444269034,50
"(195, 227)",0.8982350633440097,596,0.02569119509319503,335,0.8706219792436777,609,0.031979906319271806,395,0.6593240278680916,599,0.103450927910945,251,0.3094980513072474,493,0.1209464158069304,118,0.2809277648947679,415,0.11233790923197803,124,0.16987348732136298,325,0.164209644202613,103,0.8270230516790603,596,0.06535446009108124,200,0.8338794333473174,604,0.057837467692548265,300,0.6706241264427051,595,0.10947169457102385,230,0.5048699714253767,582,0.16365219568382028,154,0.44268131841241964,559,0.14162955649142606,151,0.22759411081145298,365,0.16355092877894178,110,0.8977658664122661,592,0.02445098666196215,334,0.8709865760858609,609,0.030191190787583453,393,0.6757531564265763,600,0.09635664378130339,263,0.2555013345112288,422,0.12419946599159234,104,0.18473091629872662,339,0.10578414230964539,108,0.10485090751914683,282,0.14833482619156071,97,0.778460806984485,508,0.07751129272198633,184,0.800760837949998,604,0.07011165852946599,267,0.6864816785412236,599,0.11199165320506935,243,0.44742739319791736,571,0.17139038523308,142,0.38624550842918715,512,0.16628769311275846,126,0.24383344048658673,374,0.16648583050080473,114
"(82, 249)",0.006209180038108997,163,0.0396213248507771,255,0.01855882041415735,168,0.08631227629870926,188,0.04946605723762465,150,0.1085015481842204,234,0.1207194322611651,298,0.05856269410055668,287,0.2438383407437935,388,0.03690438013637276,366,0.34525326609013196,408,0.029897962760177966,398,0.008211751543830026,140,0.029446088267501114,345,0.034452665302236674,188,0.0752448718825174,249,0.038736592904802025,146,0.11775340057686072,206,0.10520714334895132,271,0.09314404350348895,306,0.1557345016276679,349,0.058182541761541105,350,0.2704065482590171,384,0.031266506734747776,391,0.0036217395091829863,148,0.04156072317231392,234,0.018268999291209842,167,0.08199387340103444,186,0.0514739163603144,159,0.10454160273807955,242,0.13478302171153045,320,0.05345968078864776,293,0.3254307329499909,412,0.026992973945578164,373,0.4304302286034166,432,0.02546597047503462,389,0.000699840688854092,93,0.008343201198776294,406,0.01538972119774884,127,0.0795147349498825,242,0.040334690453093014,149,0.12272679454556262,220,0.13854127541544914,328,0.08177812428214429,327,0.24232994169513145,416,0.04720146205333846,381,0.3189163927728026,413,0.03436058560064175,397
"(82, 172)",0.5437387471187092,454,0.008922303323043643,499,0.39745668783160737,441,0.031080840674178694,403,0.25353147619628036,453,0.06293048400013641,384,0.12938057947575898,314,0.057225607499092834,295,0.0528433172102335,211,0.061439624927199926,264,0.026589139600311285,192,0.07027261266102967,254,0.5086487741845351,477,0.007442180672878678,544,0.30701061711820066,421,0.03629387874115853,414,0.28964981246536703,460,0.06021751745089005,392,0.14713153153502612,343,0.08329167162014596,331,0.0986010777707843,255,0.06775797448969312,321,0.04411620639251468,218,0.05722059600316929,297,0.6064199709831237,475,0.007540456999621433,517,0.399707723120022,440,0.029316051509216335,401,0.24768720751718953,443,0.06192276863928302,384,0.11570220570042145,289,0.05625021818669123,288,0.030418651048647494,192,0.059478079903879745,228,0.014699665571324516,172,0.07849198900685696,215,0.7565967847699429,500,0.0008129134003354622,538,0.424006808161286,489,0.026326932282354155,477,0.28366281348889366,457,0.06405673990017444,384,0.11237115158882593,286,0.08768902912592395,307,0.05339054202263349,191,0.07815132885475128,289,0.03178950508089595,194,0.07410683217889581,266
"(172, 82)",0.016271804674948154,198,0.032355420897587917,282,0.045928593501707526,232,0.06589511067069964,240,0.13102780366033517,308,0.07378411973408627,344,0.26932421806913354,451,0.03841021707708682,388,0.43453692003276523,518,0.023656589131178324,448,0.607154361401077,551,0.015731493469595407,480,0.01943968031027854,196,0.025007166322243424,386,0.07116290861754992,247,0.06034690167619161,290,0.10832469730969363,277,0.08400171522195485,306,0.24164932257484661,467,0.06489779561642672,387,0.3325652532490032,505,0.03756473290748987,433,0.5349937920586233,534,0.01685117527951404,481,0.01026053431730567,184,0.033815546220031675,268,0.046498542274716836,237,0.06277771542560234,239,0.13718536702062445,324,0.07064242214109134,349,0.2951432815544449,462,0.034771357239462564,398,0.519556927310177,514,0.01716618414113554,448,0.658406424928597,545,0.01427717638858743,475,0.0036077656278226122,130,0.006327175965944348,425,0.03923719008174431,206,0.06241189871152148,291,0.10703836719362503,274,0.08782523744639195,310,0.28318672239203124,488,0.0564280592960017,397,0.44410355191259643,549,0.03015880899372984,468,0.582432865887558,548,0.018222457623487103,488
"(172, 179)",0.4161583024486071,406,0.010981780866550895,466,0.26446181374087907,369,0.036764323844858594,364,0.11915995930677403,294,0.07615655182389389,337,0.04444058745361468,151,0.07002911432500034,247,0.014272953236437402,98,0.07386801126161925,222,0.003597628540003117,73,0.08693557963248749,217,0.3908057850427742,417,0.009196880161101323,527,0.20082007796952273,347,0.04270419083784653,372,0.14330438046381444,324,0.07652044612837712,330,0.05363944093774875,141,0.10718410645663391,265,0.02898301561074912,108,0.08472756765470409,271,0.006665794927625424,80,0.07268795668632802,255,0.4794999388346882,429,0.009388082137908475,482,0.26264252072796257,368,0.035250364091636725,358,0.11355844942243043,280,0.07523646122922799,335,0.0373264158451857,143,0.06927244451301293,241,0.007539141075947109,105,0.07037917798783429,194,0.002199157131163698,80,0.09551133706089333,178,0.6068451274261242,461,0.001146207894473002,527,0.28774796722131324,400,0.03212397454154297,444,0.144866348127482,328,0.07939807754717186,338,0.04046460259780271,119,0.10793467376160877,253,0.013320873559896418,66,0.09706545625464719,235,0.0044823719064146506,71,0.09229672215165897,224
"(83, 185)",8.92334171176401e-06,9,0.14260779821906627,59,0.0009609316814691571,47,0.10100480873344803,156,0.03602223559812634,116,0.07356609211960707,345,0.3601085202370904,528,0.023768709200199516,484,0.4553800657867648,534,0.017944906127900142,488,0.5809805379673699,534,0.015951350955211736,478,0.0010324201554041679,64,0.15700542481598442,77,0.005440100515089918,73,0.10037547084935879,191,0.030918482121479074,125,0.08035516187940539,317,0.1519908750424881,351,0.05640274266602947,409,0.25399349705458385,453,0.03488524391964052,445,0.496477120207498,512,0.018987146755876396,460,9.411348984800227e-06,11,0.13104282212151616,63,0.0008478760380724593,47,0.09589233674132794,154,0.03266799371247653,105,0.07674051011673828,332,0.4474074827863753,557,0.019094291560482476,505,0.6033395486740689,550,0.011049818355799552,509,0.6851238508755756,559,0.009197127598108298,518,0.01805284670156726,181,0.14302127394368674,107,0.012136045221122549,113,0.10286326559907075,198,0.025140229315412377,101,0.08795276102499937,309,0.2077719684042807,423,0.04626396804292765,432,0.3074211172297895,463,0.03350442927590498,445,0.5198689124722115,521,0.018234456231648554,486
"(83, 153)",0.9390568837687776,607,0.003020567063810634,582,0.7322113672910376,584,0.011058445086126165,558,0.30041206174784507,493,0.03627678452780087,485,0.024024957591823104,82,0.05860425998764553,286,0.012270245014585512,83,0.05985697766041153,274,0.004539269769148202,89,0.08038765016956641,226,0.7264049312448695,565,0.017652540716104496,453,0.5597323658639451,552,0.021420836686988146,500,0.3230230579876674,487,0.036757163825030297,473,0.10141006097553606,262,0.06454744357166983,388,0.04931089230418495,152,0.06024694218872792,346,0.009020727332130218,98,0.07222356721542389,258,0.9379887702140455,604,0.0028263849837730955,582,0.7420832023684845,584,0.010024833202482911,561,0.31488426775233935,502,0.036059124819427205,482,0.013005232304642567,61,0.06210099988626139,264,0.003724264527966925,73,0.06023684681714158,225,0.001661097110757126,69,0.06846105168550318,238,0.4014077184275997,409,0.05086128174765542,244,0.45688032197012496,505,0.03069153092486608,455,0.3534720268493997,513,0.03644076948341231,480,0.06777627436339673,184,0.06720670963276615,366,0.03435729095249873,146,0.06955694284589345,311,0.007520599364847946,96,0.07483531910298405,264
"(185, 241)",4.461296195923392e-05,19,0.12861972597402163,70,0.002008881854243638,65,0.09264522320977657,173,0.07528150058124239,213,0.07023640825964808,359,0.46304364918721486,571,0.022698311757502795,493,0.5736665017940724,576,0.01716621896132736,496,0.6762088304896018,580,0.014703367643138374,495,0.003089635516141165,91,0.1391897678111593,93,0.011824691372297247,110,0.09674351462017239,198,0.05793239890029611,203,0.07646988548120083,331,0.23984044929190662,465,0.053803839071102574,420,0.36313751360856905,525,0.03291706127712737,457,0.5916096428172312,561,0.017926864160577514,473,4.012037462874929e-05,19,0.11828549796198898,75,0.0017734748010976853,62,0.08829029413754744,172,0.07305986919642526,208,0.0729578359838342,343,0.5459797271747756,587,0.01827362807023866,509,0.7006231656225033,592,0.010464476891120128,513,0.7574407496858108,594,0.008523812872004476,526,0.028873397971453718,209,0.13218784802854952,116,0.020779511733180378,150,0.0975599208882712,207,0.050959742309486744,176,0.08391832798450519,326,0.3053067769011728,508,0.04453663935624439,439,0.4237413659039313,539,0.03199861222979689,454,0.6150030968683573,568,0.017445976266753056,495
"(185, 83)",0.8973290450518991,593,0.0047294505708594635,563,0.6672190257060968,565,0.01337780999579771,530,0.19285681773706265,390,0.05133103859465091,428,0.011597952893374064,50,0.0775783289421148,225,0.004834659496793847,48,0.08435403224040065,195,0.0018279908488197938,48,0.10554858691115102,190,0.6236078880574913,536,0.023728622470947907,395,0.46041709040812995,508,0.0285431119172053,466,0.23041717954870278,398,0.04826429778301163,431,0.0543069959082596,142,0.08827454373535117,315,0.02353151106153395,91,0.08195236464021602,283,0.004135857619287364,63,0.09375495202042433,206,0.9007743643436086,593,0.004192899856291739,563,0.6790504844339953,567,0.012158703927375832,535,0.19708845226621696,394,0.052409640527528334,424,0.006096385066298726,41,0.08175722775086965,206,0.0013986376212352658,40,0.08310821454464691,165,0.0006918620586531254,37,0.08785037586399806,193,0.3331239300930674,381,0.05849995799947431,222,0.38119885322750946,464,0.03699127981179433,421,0.2491605325350834,429,0.0494431516908315,431,0.034851336293730384,101,0.09180995605604222,295,0.015418844441300927,76,0.09656375717188555,236,0.003347741163806428,56,0.09917535280193211,208
"(202, 129)",0.06268097175305742,262,0.07667932444098095,149,0.0705217779699725,263,0.17125673000306338,66,0.05169815915334541,156,0.3428574788528502,38,0.08217128570119481,226,0.16974385704732928,64,0.07530717609243154,248,0.14921111941685797,80,0.06560855455583159,243,0.16285173214773146,104,0.01732894101241189,189,0.11012628319146614,125,0.029222266848883294,179,0.24787950184487212,42,0.03041755033138671,124,0.3822229191200315,34,0.04918828582981605,126,0.3617144733185267,39,0.05156616224853705,161,0.2523590988776271,61,0.051548343481705006,228,0.17004247733075092,104,0.06602197608693994,260,0.07646124838741689,142,0.0765677566351527,268,0.15668933304438376,69,0.052557242335015464,165,0.3256012604882149,41,0.09136377776388349,242,0.1510324875760275,79,0.11884140424825229,296,0.09741715938410239,125,0.13363548249390478,299,0.1128723101802741,147,0.00046463945131114404,81,0.18715976187056793,75,0.02621724654284252,168,0.3092276396152042,40,0.0344727445885562,130,0.4170679566732363,32,0.07068814582033989,191,0.3148839646817469,57,0.056983830930014134,198,0.23806305284971557,74,0.04633727744020555,225,0.23323751587672972,66
"(202, 84)",0.5438689648202164,455,0.020675810942900618,372,0.48600888154849453,491,0.05590947576949503,269,0.4748313486839545,571,0.10614299271712503,242,0.34219324653114136,522,0.08330319553685529,213,0.2723224875272071,410,0.08463708909720029,193,0.2617591072801647,372,0.0911643843618663,213,0.516909668738035,482,0.024505823611322666,390,0.49000320809151465,520,0.06504850225240963,271,0.5195933778021979,570,0.09331874114655335,276,0.41611187412383743,562,0.12857054003815294,201,0.3627182284002346,524,0.10356761440344975,221,0.3061749115481289,400,0.08012093934325204,237,0.5764268131289003,465,0.019023886444745827,374,0.48381359263392765,486,0.05270153453804868,269,0.4642216082841537,567,0.10405553969502253,246,0.32732819503369526,488,0.07948836769327962,210,0.19391476311946454,344,0.07854656265379584,174,0.17786591719679667,325,0.09946944939516314,174,0.851631417314075,530,0.007541126643778638,414,0.5447854700507678,558,0.06838191529423353,274,0.5158937781197086,571,0.10551111143356315,253,0.38937840254176237,557,0.1316051428054324,196,0.3096609252469602,464,0.11407283922091963,194,0.32487371655131625,416,0.1023241304008735,197
"(202, 198)",0.04591713609686354,248,0.0829316547366724,134,0.048519296153896385,239,0.18889845130435182,57,0.06876852906937525,197,0.31795270423625066,43,0.06932454346926165,207,0.17849575178429913,57,0.10154959408909225,273,0.13563814999879256,97,0.12073654811708967,292,0.1336818481623844,139,0.14460324895268406,300,0.0635721747599132,204,0.10705807980624071,281,0.17631039930745063,85,0.0956912115586076,256,0.2848094055603912,55,0.08681162296704947,212,0.30905774195351576,55,0.09995499985194478,257,0.2082298950168255,85,0.12348487259028684,298,0.1299393652610265,151,0.03937259192281306,237,0.08686116899870992,121,0.044659951887361715,230,0.18052785241962152,56,0.06998673986216042,201,0.30168186884058723,48,0.0659247165212633,216,0.16657976736512684,63,0.09656712648630261,277,0.10487518749027692,109,0.09415016279272681,275,0.12827906564398237,125,0.3620553999964753,392,0.04386751679343599,267,0.1005422397161222,273,0.22021433200379342,68,0.08731655367685298,252,0.3284270706048106,51,0.067495069212266,180,0.3190307468483959,55,0.11177805373438499,284,0.19367096170027762,99,0.12560263622571255,300,0.17256569666490115,109
"(86, 95)",0.0717873857357123,267,0.005961778112183375,549,0.06203607809459455,256,0.017621250204191398,500,0.0471510253550933,145,0.03264252055915734,502,0.026829561050198292,84,0.02332088986192844,487,0.018067476527864113,123,0.01999650671894982,469,0.018892025604977825,172,0.01888012881312007,458,0.05164835970912929,241,0.007005604723655819,551,0.054901219377570865,231,0.01833238971464442,519,0.047830616748094634,173,0.03496492755107266,485,0.023506910219097565,67,0.0417123633331785,460,0.018808831262742243,76,0.02994539262901243,476,0.015270866516359893,134,0.01749933973061009,476,0.08004334181038175,272,0.00548039356216393,549,0.06120346033413171,256,0.0172334776565808,495,0.04264829813895221,129,0.03351945171887162,495,0.028328597027614366,110,0.021809378593042123,484,0.01567043038648963,144,0.01685749173477305,457,0.016091096020730222,180,0.019380153035801085,430,0.7647842703223335,504,0.00025742257677289636,563,0.05765695879435384,236,0.0152583773927364,540,0.0516973723440326,178,0.027447148173747944,522,0.02069043542206561,57,0.03285106687655816,496,0.021363664171903163,103,0.02296946833573386,506,0.03528934634312997,200,0.01823274214476835,487
"(86, 197)",0.19957921794685218,325,0.00423987853911034,568,0.220495643874001,344,0.011546530076302118,552,0.2605880648621465,459,0.018462728920175316,566,0.3439307454442174,525,0.009964587077802846,571,0.40129207875200024,493,0.007113769199707285,571,0.39490774837158904,428,0.006853818138561197,567,0.2471908989958418,354,0.004157066593424254,585,0.23825023882126672,367,0.011239197328608567,560,0.2584795653312816,430,0.019924735036608472,551,0.3632900744443235,547,0.016746040431413273,565,0.39554031879159646,540,0.010848933040481996,567,0.42509474448013507,468,0.005774055814772427,576,0.18425426030172676,321,0.004150632720643636,566,0.2224492974911253,347,0.011208682608280545,546,0.27540901714421573,476,0.01799995514814844,566,0.3359311570913871,492,0.009563896887503504,569,0.42146665397657024,463,0.005626420547662401,566,0.41773478727366387,425,0.006545138835815146,553,0.0006252139204203644,87,0.0027530667158027653,477,0.23111041484447403,364,0.009605480403150296,574,0.24705177356423047,427,0.016295113558770093,564,0.38181967023704044,551,0.012431396610378492,570,0.3771872791904767,504,0.00882112232316187,579,0.3034569164320099,407,0.008899539082037911,560
"(95, 86)",9.999999999998899e-05,38,0.008154775300713112,510,9.999999999998899e-05,18,0.022511452383812493,466,9.999999999998899e-05,13,0.04033416789067103,468,9.999999999998899e-05,13,0.022235625788083153,497,9.999999999998899e-05,14,0.01628054304233329,500,9.999999999998899e-05,16,0.015635372201729333,483,9.999999999998899e-05,21,0.008031078450539181,539,9.999999999998899e-05,18,0.023964263605388864,486,9.999999999998899e-05,16,0.04495374874131723,439,9.999999999998899e-05,14,0.03880877155550797,482,9.999999999998899e-05,15,0.02516069881314607,497,9.999999999998899e-05,18,0.01316192006338586,507,9.999999999998899e-05,45,0.007975992266951877,505,9.999999999998899e-05,18,0.021801103850425625,460,9.999999999998899e-05,13,0.03930282080349824,470,9.999999999998899e-05,14,0.02157317390408344,486,9.999999999998899e-05,16,0.013039685808857272,490,9.999999999998899e-05,16,0.015073537279166525,465,9.999999999998899e-05,49,0.005660586977669269,435,9.999999999998899e-05,14,0.01828182442265315,521,9.999999999998899e-05,14,0.034222919586756634,490,9.999999999998899e-05,13,0.027373734460754237,517,9.999999999998899e-05,14,0.019984466762975613,515,9.999999999998899e-05,15,0.019806273900798935,478
"(197, 265)",0.021713163856620254,216,0.006808242276854244,537,0.032350747856439765,202,0.01661847818903323,507,0.05331132468865918,162,0.02483868426096988,541,0.10043141525572619,261,0.012657571120143011,560,0.1255683299877074,303,0.009634884735765863,552,0.12213861696978112,293,0.009673729367118453,535,0.028980522839712752,215,0.006519854010921595,557,0.029118445734434895,178,0.016405745712452256,532,0.04929011853081755,179,0.025581127438431217,530,0.081960913844082,198,0.023704268232674703,546,0.10622382093269322,270,0.014898643883369941,553,0.13211209426658554,305,0.008237410863632362,551,0.01959791966760638,211,0.006663138279690824,534,0.032726079795807994,205,0.01611292140425578,505,0.0581174836055568,181,0.02414113113849874,540,0.10095754882621089,263,0.011955786085826479,557,0.1540969107918948,323,0.0073721715018692765,546,0.13938948945617224,303,0.009272789525332224,517,0.00015819373009406945,64,0.004739285123955744,442,0.02846407777782911,176,0.014778493766017392,544,0.04620890162065938,166,0.022077763710807777,543,0.11397593083078705,288,0.016751209975348028,561,0.12306924351238169,299,0.012022783040699528,563,0.08096453045371088,257,0.013342452275536038,524
"(197, 86)",0.37483524993591166,388,0.002634283814060039,588,0.31632800679988016,396,0.0077715350745750636,583,0.24254727523703357,440,0.014990045287181411,572,0.15328034011943803,344,0.010993722034046407,567,0.12443338746903165,302,0.009664089014642016,551,0.1279057273653591,298,0.009526095596583817,537,0.33257793529222557,389,0.0028905165868876093,594,0.33187782172849356,432,0.007289973708353462,583,0.25405546943741486,421,0.014809149557114331,569,0.18095738995623056,407,0.018204134783974504,563,0.14586781697945317,336,0.013403993793701012,559,0.11814784597577754,292,0.00854993837485694,544,0.38964016912777877,393,0.0024595797544095647,586,0.31462141472369276,398,0.007577795085830419,581,0.2299533633957188,422,0.015263236272750662,571,0.15258516742635309,339,0.010418062592271855,565,0.09981775745030708,281,0.008520350705883159,532,0.11163654263618539,286,0.009985081607884737,507,0.8463669476864435,525,0.0002709711334451541,561,0.3352282463182312,433,0.006495546211471922,587,0.26356414637271486,440,0.012356672008518687,574,0.13671294290940872,327,0.015765727690659995,562,0.12695084523817568,304,0.01189897781511129,565,0.18265901589224298,338,0.010173105634032165,548
"(87, 226)",0.023272614063455377,219,0.02735011370163482,322,0.0314049620389929,200,0.06050788687983486,256,0.07848720353767402,221,0.11423141737941156,212,0.146264240454129,332,0.061850039988203785,273,0.21311159920275669,370,0.05054418242340477,300,0.29282452976234863,387,0.06902250512204214,260,0.057697470870488377,247,0.03456865936401439,316,0.040118183484695424,205,0.06441207897389684,272,0.055530003832304775,198,0.1295240045739252,183,0.13632293271095142,323,0.1163160915513195,233,0.19265400314390535,385,0.08362282628407924,276,0.2886827035528221,394,0.07175037415265428,261,0.022717933652710798,218,0.026775311582297786,315,0.030521964184243244,201,0.0601280500725509,247,0.0717180971371858,206,0.11282004504839338,212,0.16032311797301113,352,0.057044980805201796,281,0.2657231456252157,375,0.036184767326156275,320,0.37325719156481085,407,0.04055173594445956,323,0.16363450091147191,321,0.04186233040594185,273,0.062327282494521574,247,0.05965572103565974,305,0.0741297183414813,227,0.13004558758651444,202,0.17726440993410186,385,0.10106115857314894,264,0.22855255012636744,408,0.07142985678182712,305,0.23680652068228603,365,0.06152714856505216,295
"(87, 242)",0.36475056943792494,384,0.010928876856258965,467,0.32071573916153007,401,0.027889323896815695,418,0.18699850416072816,382,0.08552750570058718,309,0.10590355972532328,272,0.06887831571384709,252,0.06529817854670317,230,0.07497328089293206,217,0.03791524204368624,212,0.1364337841296883,133,0.23100822745268523,343,0.021770027621824478,412,0.2844597173605158,403,0.03352798694973465,427,0.23658757023790788,403,0.07989670267779428,320,0.11432208073737105,288,0.12334438976153231,221,0.07538991708114307,221,0.11432637475567735,194,0.038990341729822076,209,0.13984450655867592,134,0.3682635995506305,386,0.010579647822874974,458,0.3249299448274138,404,0.02733283631864555,410,0.19971628899667881,398,0.08019082699003004,323,0.09528823902939831,250,0.06784789656768404,244,0.04553770685576464,221,0.06514461578802665,212,0.02195060995841902,195,0.1042789494761749,162,0.09298219096854066,272,0.05054153581019014,245,0.21981917873366952,355,0.03919129698910562,408,0.19503246763005821,376,0.09420141637676213,289,0.08417354854247971,222,0.12953871274732773,203,0.05868039382818413,201,0.1123856331233683,200,0.05544676002176474,237,0.0998249917295308,206
"(226, 87)",0.5661641742883905,469,0.013799549224242466,430,0.452847306703127,479,0.03687291418225137,362,0.414647256054518,564,0.0897034283489994,287,0.3616566629760737,529,0.06438040128981679,264,0.31329092759644617,441,0.07010290576958611,231,0.23931802407651004,362,0.12711586277069287,154,0.5238860264763474,487,0.02350913511186059,396,0.5037830678651016,525,0.03886223381171465,398,0.4184348134903828,538,0.08166845868960457,311,0.3355151766127705,538,0.1201368971090839,229,0.3062950223211067,491,0.11103129344913051,197,0.24316853080512635,373,0.13198014790034335,147,0.5521227077444241,457,0.013675072313555988,423,0.4458270620989436,468,0.036153227554130585,350,0.43939238005210457,565,0.08583560889286228,299,0.3592713264647992,509,0.06326682064547223,262,0.31110554380612987,405,0.059249373564776,229,0.23736729885874053,353,0.09540434039613221,179,0.3840557799372044,403,0.05019198304804589,246,0.4981422706736679,531,0.04296069578921637,385,0.37661322118138685,525,0.09474555418482436,286,0.30157243888097884,502,0.12490565324746744,213,0.28411431229755446,449,0.10735856512622734,215,0.2753975402798021,395,0.09409308520211655,221
"(226, 134)",0.3366106794110211,373,0.025468242478393334,338,0.3546411143445569,418,0.04743361025774462,301,0.33624055963598964,519,0.10944939207456686,230,0.30274940836671493,488,0.07470512492217775,232,0.3374135614598267,461,0.06596179518702253,242,0.3264831756586717,398,0.10167027962260984,194,0.34662118822931287,395,0.03743159010795659,302,0.3667504355942425,458,0.05560753117246543,310,0.2561249126850116,427,0.12339656614271331,191,0.29392984726036775,511,0.1334612971213659,193,0.35919072731008495,522,0.09715275958651541,240,0.3437284314027067,419,0.1020963553129677,192,0.33349199362976367,372,0.024405411663524196,336,0.3406467735199661,411,0.047298706154225094,291,0.3553507666501198,535,0.10640396248470188,236,0.31718095566434445,481,0.07035521356394868,237,0.3704674221179918,433,0.05100395967723787,258,0.3967920459026921,418,0.0635460834635126,250,0.34009179676367085,385,0.05609102462314689,228,0.3736782744380086,458,0.05947493884336635,306,0.2649492301752576,442,0.12575610738880544,214,0.31953500510045374,518,0.11935572728294282,228,0.4023530632965434,523,0.07957652854466236,283,0.390474662498958,453,0.07030327339171512,274
"(226, 110)",0.07526183202051218,269,0.0546212912609293,200,0.03632455163596693,211,0.12999957187350233,103,0.05352212602815687,166,0.2594476868963522,69,0.0577728593480501,184,0.15927896232128186,78,0.04991708999847799,204,0.15981788885637732,71,0.05436697128646051,236,0.2341338836497192,59,0.10838265859920482,287,0.07248240203127755,185,0.112322347144578,286,0.11174081973584468,166,0.07805807231468864,238,0.2130804874302391,97,0.04962762908102403,131,0.29013794422867834,63,0.033226868968831424,119,0.27496423317951924,54,0.048558424119733434,224,0.2531885509287789,57,0.07517277365917052,269,0.05195145527585738,205,0.03471291948404198,207,0.1264688134575151,99,0.045873857059573586,144,0.2757892477009017,58,0.05586633468951829,197,0.15706373078408695,73,0.056291450160469325,237,0.12997784850687782,80,0.04682532085764368,238,0.18197610611623508,76,0.09349605325509769,273,0.11281341198722099,135,0.08675847156024696,265,0.13364128368569847,145,0.0807133889882573,240,0.21975075139850395,110,0.04193423415065145,123,0.28914607114764435,70,0.028340650968223136,129,0.2603069649796765,64,0.026359376284763036,181,0.22657314608648252,73
"(226, 169)",0.011911606982270229,188,0.08290856171630687,135,0.03597875908149706,210,0.13029260991316513,101,0.029379417252020312,95,0.3004759211196318,45,0.03797655809722977,124,0.17770842713469653,58,0.046375767800167944,197,0.16294471236874228,67,0.062445405552534305,240,0.22506237261276724,64,0.007886143014924185,139,0.1330657106772804,97,0.00728904785587392,83,0.21031693123871387,62,0.027729716074124555,121,0.27970726025293124,61,0.0510550261831314,135,0.2879397803883161,65,0.06499367141042012,197,0.2308058113526911,67,0.06402916844722506,243,0.23431199929571264,67,0.012645630610217284,189,0.07806041627615509,139,0.04065927112081391,226,0.12178030625506624,105,0.029455519627821336,94,0.306367123492014,46,0.03729147243518982,142,0.1743427090735258,54,0.03639393993777995,200,0.14542176384199254,67,0.056707381855443995,252,0.1727766857324533,81,0.01679440495015072,179,0.17371417422901939,83,0.010379625963815142,99,0.21729659150491867,71,0.029685623348861268,118,0.2873756400944177,69,0.06196550593460315,166,0.2602061060124364,85,0.0710842816525411,225,0.2052496294840705,93,0.08160755612651194,258,0.16828562172502273,111
"(117, 90)",0.13188498711392138,301,0.04100648619961103,245,0.06758682293650575,261,0.10043619023946403,158,0.060986312489125005,182,0.24729082461242477,77,0.06250052142258511,193,0.13981126053255308,92,0.09110466555259666,265,0.12873246128607785,100,0.1866117702796356,334,0.1296346648341669,153,0.1523790849016995,305,0.06269062717013629,209,0.08577470046693525,262,0.13849892487901347,117,0.0591192575782824,207,0.2677845476422098,65,0.04939659393982798,128,0.3163049117782059,53,0.06766263798687377,202,0.22976605476857356,69,0.18750889062699483,341,0.1366988731402412,140,0.0999496727793705,287,0.04106527883445617,238,0.06641710031086068,259,0.09238857039754252,163,0.061085261975271976,185,0.23361162479359962,84,0.06390940295274428,213,0.12276956895318811,107,0.12485021545076203,300,0.08634752796577086,153,0.20679743915548365,341,0.09760770742831988,176,0.12642999352581752,299,0.11120655316589123,138,0.06321793961668232,249,0.17789268024314905,95,0.06232716511320624,208,0.2926353598606561,64,0.0640683878247793,172,0.2948580895565728,66,0.10117158479335608,273,0.1906262169081948,101,0.09271286794056943,268,0.1852585100128385,95
"(117, 129)",0.11835890005283622,294,0.042512571000540796,242,0.20817239348281735,337,0.06902978638150394,231,0.22296362644699808,420,0.16052430114152863,142,0.21941840029551907,407,0.0919910727396956,183,0.16640538025854235,338,0.10531231448964683,141,0.07870434982948171,263,0.172862682537474,97,0.10111418025268915,283,0.07187431410200285,186,0.17466309482313758,328,0.10926953337898458,171,0.2274705542615829,396,0.17089136074275085,136,0.2537381219468213,479,0.18331993597611623,133,0.20801199917964364,403,0.1580178128841155,133,0.0782016959941001,257,0.18296449951580243,93,0.15392084999705324,307,0.035560627611833324,262,0.2106729900563563,341,0.06287943019759143,238,0.2227290087064031,417,0.15177992557112407,146,0.21620400380843208,385,0.08178200249774494,205,0.12514990430043405,301,0.08627854915547432,154,0.06823985272639121,258,0.14124935419870197,107,0.12358083001367515,297,0.11205469281357455,136,0.21777167424396882,353,0.1177889076611409,174,0.21981945070576625,395,0.19224891039891998,123,0.21584621867843323,435,0.19668873974616127,125,0.15230365655256595,327,0.166328001790857,125,0.1640277710176239,326,0.15317423178911246,129
"(239, 90)",0.008069031803963345,175,0.1907542264426,33,0.007596791771077305,119,0.3837198040926399,13,0.008513158252696607,47,0.6543199220086764,10,0.02245236233657988,72,0.32894120459761184,17,0.03863993588594872,177,0.273888117284384,21,0.042109808313887775,218,0.3265696178197147,33,0.005253397075977495,112,0.251464148598939,30,0.004652300881088367,68,0.49020304735329123,11,0.005969351509420129,49,0.6950576434045023,8,0.015910438755003975,54,0.6146560527055445,19,0.022556933517196454,84,0.44736181917101586,22,0.02881450355397419,188,0.3522641737829034,30,0.007595875648922834,173,0.1861624748694313,31,0.008071417882236087,125,0.3568378847499426,13,0.009229476151341509,50,0.6180433959302236,13,0.025656074766051806,103,0.29996784913530505,18,0.06375775530517092,244,0.19725200160852716,34,0.048926151104851545,240,0.2857139581734752,33,0.001435825264810564,109,0.2715293339800511,39,0.0060497273061945744,67,0.4888332461454654,11,0.007135505597179792,52,0.7375871701792389,9,0.024139923245010353,64,0.5612555302859291,18,0.029841746756243404,132,0.4445284208571496,20,0.032953851221816266,196,0.37637405489534637,25
"(239, 175)",0.1475046802589839,308,0.09168936780547447,119,0.28505955193783383,380,0.1254665227939951,109,0.2620988660868886,463,0.2306917966816056,85,0.12964225235297056,315,0.1989009615372946,44,0.06377155980467686,226,0.23954107722229123,34,0.033839857887668634,204,0.3441194495278374,31,0.10468767694740944,286,0.13136138533704503,102,0.2496134348216803,375,0.16457528283065967,95,0.26190685633309363,435,0.23334954687419998,84,0.1321402988304179,314,0.34562347311461394,44,0.08033397170917822,233,0.32355169564954567,40,0.041266481620343076,214,0.32415485518091375,36,0.16822443625103012,313,0.0833651255701469,128,0.2860402293325981,379,0.11739792396673705,114,0.2548567498120077,455,0.2247047526080218,88,0.11889648413155451,295,0.19311605504948753,46,0.045260289253847175,220,0.21681165262466817,28,0.04282931758823927,235,0.2956990397813599,31,0.07423193253609506,256,0.13870199407657102,112,0.23244049150232837,366,0.17758276791350325,96,0.23167051603972288,412,0.2745962148657891,78,0.09092535962416515,237,0.3945598593475133,37,0.05492791731638513,196,0.3823911539726721,33,0.05302034108356268,233,0.3342606543355256,34
"(239, 198)",0.3236776026346082,369,0.05704395903382162,196,0.24015781845947537,358,0.14092116196025406,89,0.21295588650845076,410,0.2626748248664375,67,0.20127752693086953,389,0.1608351041817103,76,0.2003555479606094,355,0.15119167498333397,79,0.27315618363308136,379,0.1518328360872165,115,0.34880182996667786,397,0.06658502856334128,198,0.21975232794055688,357,0.1781124025488658,82,0.2241915032237526,391,0.2576512979366136,71,0.2466854077370917,471,0.2494648274102843,85,0.26403576777818394,460,0.18530688939488585,105,0.3160970168524482,405,0.13443690025530414,144,0.3261680419127595,366,0.0548462027572874,191,0.24413985039138164,362,0.13081348728962047,93,0.21149264155895253,406,0.25209915484497014,72,0.19775459572636156,375,0.15217015521378918,78,0.16365255222786257,327,0.13823108977714463,75,0.20640899688191006,338,0.1646602244484322,85,0.7402013416552546,494,0.018802686949759242,337,0.2392770107807669,371,0.17440316350818355,98,0.2290406324410733,409,0.2765221836612996,76,0.24937405719677064,472,0.2448182625479938,92,0.2618344762574786,431,0.19632341667872327,98,0.2690274802441823,389,0.16682179152932544,113
"(239, 210)",0.42770209819227056,412,0.04379402369427864,236,0.32188302795693224,403,0.114280782814753,128,0.3658120589785371,543,0.17731078107746095,125,0.39715914940993824,548,0.09711277887069429,169,0.4859350778589768,548,0.07217725200091434,223,0.5439900722261259,517,0.07474198608843793,239,0.6623098757191416,546,0.027246417138724402,362,0.5174506542880222,532,0.08219944863459823,226,0.4265042523977911,542,0.15353860529414778,151,0.40490709158973637,559,0.16678568138748856,146,0.4562164819062907,567,0.1134447981945312,195,0.5370567515579376,535,0.07530427414385069,245,0.39176781624663126,396,0.046464445988113744,219,0.3046509889308121,391,0.11197396814999373,118,0.36056149778253443,540,0.1717606695121555,124,0.3971412280854666,535,0.09099426689834808,172,0.5181577808228207,513,0.05438856889026304,243,0.5345751330775981,471,0.06982755194688074,234,0.7505922317250613,498,0.017949127879407004,342,0.44537220038759096,501,0.10299179513113316,197,0.42465333897700686,553,0.16773117694775522,148,0.41703393625367813,568,0.15978237846298576,156,0.5091492206521591,577,0.10358610473490205,228,0.4766447993253786,500,0.097977206072667,211
"(91, 160)",0.8727259292792201,586,0.004851213769150413,561,0.6856883159207,573,0.009931287775408996,569,0.3134026444976242,503,0.029864373652762212,517,0.047304887360499315,158,0.04367118409986493,355,0.01737746931241624,120,0.046000108954425044,317,0.002620897772337427,58,0.05037816549639465,318,0.8659423502811311,599,0.005909367312695125,567,0.6055864156264322,573,0.015749682071635202,537,0.4052313490560082,530,0.028021692010991077,517,0.10567450627274444,272,0.06032826018323806,398,0.04369501755918015,145,0.05769994156406794,353,0.005118779826926878,72,0.05161710978079056,315,0.8549920844078389,576,0.0052455353040844754,554,0.6873784529859097,568,0.009466427127338606,566,0.302707414880644,496,0.030624995432922422,511,0.03264713327812263,128,0.045513743790829064,328,0.006504746772356018,97,0.0449352920054048,280,0.0021783213232331455,79,0.054408568292914065,277,0.9720946558512322,566,0.0004606509268567619,555,0.5761410619616162,566,0.01765419189459137,527,0.3746678118670945,523,0.02985335346550208,511,0.07692697860778686,204,0.0553620280051989,403,0.036221503194904914,150,0.05927391114383792,335,0.011606276599651189,123,0.05581923925396082,317
"(91, 173)",8.731403024730966e-05,25,0.10449969601187738,102,0.0016509335183820806,57,0.07409768184049503,218,0.03299673352641941,105,0.0632456479736015,381,0.2601079244553721,443,0.024742625240748405,476,0.4068404541768892,497,0.016079763625059747,503,0.6407841423945669,566,0.008056661628708502,545,0.00010280695889330893,32,0.12023469555424156,115,0.0036492602093600723,59,0.08654903348644004,218,0.01757509279650238,88,0.07975590087553122,321,0.14654869744188204,342,0.0540982922502915,418,0.27182419346273445,465,0.03137304290003426,467,0.5669623187548588,549,0.010748085218769257,523,0.0001317240891175464,57,0.09784878656566659,107,0.0016207823255847131,60,0.07112296228360986,215,0.0354683633964461,112,0.062584963391566,381,0.314978777859497,476,0.02137948042851303,489,0.5380204851296834,521,0.010313310562172412,516,0.6593422999408511,546,0.008103468831871555,531,8.278490918334214e-07,24,0.048598672783388384,249,0.004733047623103448,61,0.08749377622768226,225,0.021738244642965476,91,0.07711409397845939,344,0.1898143847162137,401,0.040969611147186905,449,0.2995948376465716,458,0.029309447562368682,474,0.46294644696005083,494,0.01633696205525873,501
"(160, 91)",0.00016164298969711943,54,0.07558345565636243,151,0.0016399922934406952,56,0.05400857333702991,272,0.023279718937574634,78,0.047380905061556934,450,0.22398111336507454,414,0.0164958925621941,530,0.35154999685724464,472,0.011584270350749007,536,0.5995067151014328,545,0.00592499992034149,569,3.512909380098961e-05,4,0.07753900698161703,175,0.002322191828874498,50,0.0601897787777576,291,0.011949526884282968,69,0.061707456522110155,383,0.1339624857180146,317,0.039104012042662645,477,0.2337712265757912,428,0.02334968867753441,508,0.5472230575421041,542,0.007834096311295008,557,0.00015250752482320884,58,0.07128370804067936,154,0.0016000888501143118,59,0.05219420871211537,273,0.022997158957009156,77,0.04700801613457169,448,0.2889226033389791,457,0.013704376459035517,542,0.5138734085254569,509,0.007143465162765531,549,0.6316293831724,533,0.005713621898243115,566,6.158287753521563e-06,28,0.03337822421777408,281,0.003397201442060682,52,0.062197482622987445,292,0.018348142335592676,77,0.05714646878281395,408,0.15278094517253327,353,0.02996224141034349,504,0.22063594104305728,399,0.022054605302462643,510,0.3989423954005269,458,0.011940329207526211,535
"(160, 204)",0.8453198280758667,578,0.004354503894742853,565,0.6862989131150347,574,0.00722058199432961,585,0.3647060795054202,541,0.01893571007736805,563,0.060559223495197934,187,0.02551053224966717,471,0.025472220906253784,145,0.027787028919537164,418,0.0038550146274132224,79,0.031862341599054295,387,0.9049302304773003,606,0.002625452617716588,596,0.6530146068611191,579,0.00918715716708925,577,0.45898948644752513,555,0.01828887409758845,557,0.11644644773799284,295,0.04097386846130894,463,0.05661287298043327,178,0.03746045499425716,435,0.006034529361370167,77,0.0351962100537019,372,0.8481288468357551,573,0.004023463773389346,568,0.6885522297235716,569,0.006913395264941129,583,0.3664852784266539,541,0.018680040245717594,565,0.03892724124633551,144,0.02673223340964706,455,0.00788362340429849,109,0.028748753733906167,360,0.002863269616207087,89,0.03452323814706233,349,0.946012923147854,552,0.0006232336069238543,549,0.6134139191929877,576,0.01100429012358655,564,0.3990898282306332,540,0.02047213860947955,549,0.10080902974969874,262,0.03441630311883763,485,0.06197587125688753,208,0.03367574115782359,444,0.018367072073929402,151,0.033314992603715114,406
"(173, 91)",0.8375760015206839,569,0.00955505208105902,493,0.6553356293185174,561,0.017062919215855146,503,0.34065760805337697,522,0.04238038174824279,459,0.05949676437868112,186,0.06104390449918871,279,0.02478915950238414,144,0.06308405047622632,258,0.0036119527359999015,74,0.07044361292762015,253,0.8082454410751869,593,0.012683490832504758,490,0.5983991229976503,568,0.025328513386984258,475,0.42211758522228215,541,0.04042441076579114,457,0.1285853899872904,309,0.08151707946535491,343,0.0608122453999852,187,0.07739889576238741,293,0.007774788185894055,88,0.06986310414649176,264,0.8122667369157115,555,0.010478206697319527,462,0.6442248335983136,559,0.01705866374959517,497,0.3295242682498848,512,0.043655970172006855,456,0.041607838488624815,161,0.06378089664313441,259,0.009725519869940857,118,0.06072116612347893,222,0.0028915100890347656,91,0.07568867639011595,219,0.9722339527345869,567,0.0006882666789506913,546,0.585101781359515,567,0.025353951712535894,483,0.4040409263580177,542,0.04186177727686095,455,0.09043045093188962,234,0.07655437207077574,337,0.04767689977005496,181,0.08013437185763263,280,0.01472674286303488,136,0.07733617186120695,257
"(173, 97)",0.00018881961437355876,59,0.1569972691453735,48,0.0022685984761379174,68,0.11279470586254811,132,0.027433518109790445,90,0.098139474170078,266,0.22654682505341817,415,0.03909195830547104,383,0.35553071815606885,474,0.025964569593515757,436,0.6067175984550215,550,0.012767134810874766,507,0.00032147260960413426,38,0.1724666900946434,71,0.0038934655859229617,61,0.13567335660212668,123,0.01559806674112707,82,0.12136624682129266,197,0.12148188568731033,302,0.08307594923753162,334,0.22337737185315032,417,0.05016321760332078,380,0.515646363711039,525,0.017259441852275726,479,0.0003002450538194257,73,0.14600281535877446,54,0.002534034806386254,70,0.10806539305984332,132,0.029586749106832455,96,0.09749305867201732,258,0.27906288369766186,440,0.0338206263281235,404,0.486600329468,497,0.016478597489562673,464,0.6306022799495988,530,0.012574400895103527,486,8.153974822011634e-07,23,0.0729833650821178,192,0.004379296551647371,60,0.1296148258214629,155,0.017722595859614332,76,0.11869989572087238,226,0.16741735275631697,374,0.06234592516500117,378,0.2589537343707591,428,0.045587675333752256,391,0.4301731993863348,479,0.025111372795041487,448
"(92, 124)",0.5492641143837811,459,0.006206144254960381,546,0.21869975519206386,342,0.02794252796642823,417,0.11132752132508517,276,0.07455321390813911,340,0.09052147760424512,245,0.0505805267763197,325,0.018531414493005993,125,0.06281503413811716,261,0.006759513170347953,103,0.07411162175165875,242,0.16324555248790285,309,0.019222534995040546,434,0.14990767442844477,314,0.05486648519475497,315,0.09957294061332822,266,0.12453044732305908,190,0.09219680285276044,230,0.12448677361982946,218,0.055436044601153034,175,0.10184677695609246,228,0.009468228917109078,101,0.09386169557179329,205,0.5348129115120489,447,0.006872268716071434,530,0.1938333616427349,330,0.029011531210255133,402,0.1211128145600816,299,0.07001525214929821,354,0.08883919751276803,238,0.048939978671195185,308,0.012089915675814522,134,0.05628181708776355,237,0.0022468565433855225,83,0.08061663706425608,209,0.1366756226474537,306,0.002652807396428058,480,0.1199015323020618,287,0.04834392100358741,350,0.07907125788452207,236,0.11238733905729102,241,0.08444466474715084,224,0.09857905586620512,276,0.024324063296370046,111,0.08101036580845172,276,0.003350074891880661,57,0.08780924269927544,229
"(92, 231)",0.005934096261686284,161,0.028073555048722075,313,0.06281249475874007,257,0.04235127072516731,328,0.1397484481267588,324,0.06911169622896898,364,0.1672801925233165,356,0.04121788655971592,370,0.397668180318448,491,0.022604392660515428,452,0.5332600094805128,513,0.01728005489002346,467,0.09324949287955442,279,0.023167310536232805,400,0.10301643769256885,274,0.06217458846831236,280,0.15442442352150554,334,0.1075847370846347,236,0.16478523896045583,380,0.10257835485702095,281,0.23683473044512893,430,0.06276673987950109,337,0.4901336435193625,510,0.0251848754291751,424,0.006675522117974508,168,0.02962595422652979,292,0.0747619904740342,266,0.03985534216055905,327,0.12896948239211614,306,0.06856361441417562,361,0.16984236161365152,362,0.03943210649537557,364,0.45739933485064055,478,0.016765275382000736,458,0.6562892420753255,542,0.01215023554551485,488,0.11400899532431075,288,0.0028180997878296025,474,0.13024098878929147,296,0.04702919602375274,360,0.18596113385481183,368,0.0845115777178079,321,0.17681982272817476,383,0.07705457145442667,335,0.3583007214834344,497,0.03304735765818097,447,0.6149277008230035,567,0.015450779138191397,506
"(124, 187)",0.5295974824216296,448,0.006626017352515376,540,0.24151930739842786,360,0.026712807341829077,426,0.12998113480187956,305,0.061594094673846446,389,0.06845814448190124,206,0.044564092170685916,350,0.01711834506696097,117,0.0545086632808424,289,0.007360385952008386,107,0.06644103836460018,272,0.2246605409480812,338,0.016875339575729734,457,0.18356089878607706,336,0.05212287766056091,326,0.12703623523588448,307,0.11407250012800164,220,0.12076206111227417,299,0.11553114550947094,238,0.06451270534687004,195,0.09935518971527596,235,0.011266994571416333,110,0.09322618628400388,208,0.5232770881981539,442,0.007372858618268958,519,0.21168762043311595,343,0.028696224331617615,404,0.12955210481222912,307,0.06122932877692277,387,0.05576280715675619,196,0.043046967289451246,348,0.009117448942848716,114,0.048616852550699426,268,0.0017735338819937496,71,0.06950885473827087,235,0.19008475155969728,332,0.002319512902290519,487,0.14173955495791302,303,0.04619315346005705,366,0.10617533428190162,273,0.09716515363800772,277,0.10212986264235879,264,0.09422443737513661,287,0.02756704295932333,126,0.07531892442050878,294,0.0035363100263519076,60,0.08321720394719927,240
"(124, 92)",0.00696105372724154,167,0.02807649416040496,312,0.05368712790645891,244,0.04409744491612254,318,0.120147776993632,296,0.0632305953659136,382,0.20634112931675386,392,0.030850686838359065,444,0.4089754443450525,498,0.018925776763615516,482,0.5225915693996273,505,0.016045347996163643,477,0.06027586348459957,255,0.026164572341474353,378,0.08044221091716386,258,0.06862153739468328,263,0.12298564075954332,298,0.11531134265185262,217,0.12933594567820106,312,0.11291964498709209,250,0.21485152133538954,409,0.06653132367461262,322,0.46695804212653,500,0.026938991108372213,412,0.007320495514583136,172,0.030598465886746126,285,0.06594896705954234,258,0.042330550187771175,316,0.12055579626188528,298,0.06271599127253523,380,0.2359771173328098,403,0.026613427237131487,456,0.4950839327917326,501,0.012838619915014192,491,0.67904736918369,556,0.009572380186663324,513,0.07677907849190779,260,0.0031378457252948843,469,0.10963319402346916,280,0.05032231482888455,339,0.14592773711366291,329,0.08739215956018039,311,0.15105234166457548,351,0.0826999629076799,323,0.33994325528321423,483,0.03260108300780477,451,0.6090396580692515,564,0.014957122116691606,510
"(183, 94)",0.006981396534927686,168,0.03300412483331038,279,0.024924788117672847,188,0.06303040404749959,245,0.07546919517694528,214,0.08259718633834734,320,0.11807135378439715,292,0.04592696782618299,342,0.2709328623421522,409,0.028579194984052786,414,0.41403797411517984,438,0.019477036576001118,455,0.027250320955478635,213,0.037375219037589905,303,0.030428954929847096,183,0.07539255229907438,246,0.05660911614353803,200,0.10818613144914922,233,0.10987392431661114,282,0.08961375458508478,312,0.1668159881293254,362,0.05823140629093035,349,0.3340220890024266,414,0.025708138920679635,420,0.0033520219483640368,145,0.0362740233535113,260,0.02620758924826616,192,0.06032247594258438,246,0.0750283599874002,217,0.08073358478927568,320,0.12689821924500055,310,0.042908172400706754,350,0.34656751327862134,423,0.02094754381622088,415,0.5048382403584997,455,0.015564957675176468,460,0.002362554251031712,121,0.02668252751034432,303,0.03801567459038879,204,0.06908101985180666,271,0.07864792095826267,234,0.09474722845500301,285,0.15804053917716232,359,0.07362676374976507,345,0.26874267877885394,436,0.03784552994754833,424,0.3644664585010502,435,0.027557374773097748,435
"(183, 213)",0.5292326703622361,447,0.007798303040888922,516,0.35473214924633356,419,0.026009204304042965,433,0.19250591069689293,389,0.060451507671537986,394,0.13219453572750284,321,0.04422944126952535,354,0.0439593500880926,191,0.052398654132040416,291,0.01651771037336136,163,0.05700150501476867,299,0.3416431248236944,391,0.016088543359547878,464,0.3253807131479013,429,0.034221065119509717,424,0.2337808964726622,401,0.06743168979229602,365,0.14145426431049068,332,0.08237603245598359,340,0.09083037161470375,245,0.0713114836681645,308,0.02869800593834193,187,0.05826107051677084,293,0.6148648285263636,477,0.00638417518441335,538,0.3473756194497999,414,0.025489133501574265,426,0.19333168235465292,387,0.058888213311374414,396,0.12312080557201288,301,0.04334257506466772,345,0.02635225132465213,183,0.049445087485678337,264,0.008458192765476547,149,0.060828368178580484,255,0.6512936136100077,468,0.0040997932490251816,451,0.29243264355199283,403,0.03499486782779685,432,0.1867121493653371,371,0.07102393620360911,360,0.09691874066229667,255,0.08666078625774291,313,0.04461589408731259,170,0.06885945875522483,314,0.02331802032745056,171,0.0689011503237053,278
"(97, 154)",0.00047518149751990535,77,0.18280812807137173,36,0.0037925388331110366,86,0.1393131936532533,93,0.0408095829488877,129,0.12549406068788063,192,0.24072499844912087,427,0.05715825255797076,296,0.40567026372357995,495,0.03457253079226155,378,0.6365575479392319,562,0.017231197670997612,469,0.0006106822933034106,55,0.2026527985837668,51,0.006742587444083403,78,0.16949103889584904,90,0.024701229541270964,110,0.1529163039953578,152,0.15898256986562553,365,0.10692901867573226,267,0.2776967266622252,471,0.06392689463396942,333,0.5643774956087853,548,0.021904987234791794,443,0.0007603278203403008,95,0.1703141367029429,37,0.0042547891163186025,98,0.13278645077223444,90,0.04504956534357807,139,0.12324331297949592,193,0.28454824061938067,452,0.051019649752646674,301,0.5267148446381561,517,0.022384846969775538,406,0.6665195818611999,551,0.016287185162313943,457,4.274026114581275e-06,25,0.09247973813349664,160,0.0068795697725165805,72,0.16138744626834925,108,0.02567208274111299,105,0.1502540286428561,166,0.21945755690812674,442,0.07903249704902253,331,0.31606681856146457,469,0.056974876896577285,349,0.46761166039866153,497,0.03364409728471497,404
"(97, 173)",0.7836895339092862,548,0.01547274351799912,413,0.6013251178669632,540,0.02573944304483565,434,0.2819299622071173,479,0.06589161416873739,373,0.05397945223074441,171,0.09408271672210808,178,0.01752098744450692,122,0.098537764221501,154,0.0027307335023416535,63,0.10604778023598035,187,0.7664606293484199,577,0.01878715843029357,443,0.5335716666632967,544,0.03947826132937303,389,0.35605064178539536,503,0.0628332309320226,379,0.09624169761803136,248,0.12640308120845475,210,0.04199378820870603,141,0.11999012634251517,179,0.005231847220927399,73,0.10427524429967426,189,0.7504174367383387,531,0.01710606110725194,389,0.5883932367864007,528,0.025677764927979973,424,0.2673141607564067,465,0.0680747796274827,362,0.04009420586154855,149,0.0980457792277261,154,0.007123137573243121,101,0.09395549937234175,130,0.0020235063047023827,75,0.11248177235389605,149,0.952100245149659,556,0.0015255674812962173,511,0.531067614928621,548,0.03790299864203144,416,0.3504042941842027,509,0.06287191470374766,390,0.0624835723053323,168,0.12013436767538552,227,0.03240791677172661,142,0.12172860886834107,183,0.011212530841704371,118,0.11667275167509139,176
"(98, 261)",0.01575329747880172,196,0.023052712548159444,361,0.025273379599435097,189,0.027798398973161456,419,0.12073142326564779,297,0.02773678163487783,528,0.3228731110797639,505,0.013511340508960634,557,0.42745535661100087,510,0.008711299416307558,560,0.4501141025489235,462,0.007423642008286608,554,0.01118221973863509,155,0.033991755431112755,323,0.04032886513990075,206,0.031972621334947875,438,0.1312665328572702,312,0.025955745566876593,528,0.2537398660940773,480,0.02151476477993562,554,0.30488703509717086,490,0.01612176839220586,541,0.475861425525427,504,0.006349590632978254,572,0.02334747064600995,220,0.020409880953693595,367,0.029774617713188567,198,0.025143338934925992,429,0.11431662760485128,283,0.027792021460351094,526,0.32027654003987005,482,0.013126392875683698,548,0.48116537591200803,492,0.006283920696871883,557,0.5475144447503102,477,0.005754892040365256,565,0.0017670283883421956,114,0.0029752630452277917,472,0.026413298064454027,169,0.03853423480183329,412,0.08206218513782448,242,0.03227546432395342,502,0.21939586674195422,441,0.02230710253291819,535,0.28253504701645826,447,0.018567904646942763,524,0.362565930778478,433,0.014041799722660743,515
"(98, 217)",0.4207245161244312,409,0.0077122290558901485,519,0.35269830710031114,417,0.011546218333706733,553,0.12936802240309186,304,0.027105277702972067,533,0.030949873332738687,97,0.029522702255965764,452,0.015015768574202615,104,0.026598920227950636,429,0.012751533863301856,145,0.02435213734401536,423,0.4679766055242527,459,0.009790575476665375,520,0.28368419804403344,402,0.0166867539731131,530,0.1189361484648016,294,0.02682338333930675,522,0.04939600808777134,127,0.03712235789288045,487,0.03495024786203926,122,0.033187579341890504,455,0.010544265731865288,106,0.02260652346157232,439,0.3642824612166141,385,0.008167848308763263,502,0.32859018292872977,409,0.011293281485246054,544,0.13632906494425212,321,0.02620759200740005,533,0.0314984040223818,123,0.02843746797582435,441,0.010132850227993373,122,0.022755424620836687,402,0.0060201071079970525,133,0.025880200420038333,384,0.679390868305314,474,0.0004091664115021827,558,0.3462277585335465,441,0.016343070546496762,534,0.18078580339363626,361,0.02480459174177396,535,0.06251027747698168,169,0.03390019282039859,487,0.04064311588916292,162,0.035437086431163216,436,0.023623894427554526,172,0.03489538070726653,395
"(261, 120)",0.005965111430283443,162,0.03022582454678898,298,0.014700669885739703,154,0.03327654768768047,385,0.03983273706984325,126,0.03922051011876272,475,0.14929147353895622,337,0.01917067256639316,510,0.25154943534282026,394,0.012121741406219726,529,0.29637501197093075,390,0.009993956574429192,527,0.004983880839043664,108,0.042927169776470715,269,0.016975149999763905,139,0.039733208340053235,387,0.04561173915829375,165,0.0354790674653969,482,0.11492315008167475,292,0.030133425080954946,519,0.15265939438641385,345,0.022747194067745384,510,0.2926722626841951,396,0.009417642398098423,536,0.010040331106469624,183,0.02640887389324424,319,0.018364703255117965,168,0.0300580968747178,395,0.039577543076132704,126,0.03891024111397889,473,0.1504228949005154,338,0.0185875353743971,506,0.31093677127196273,404,0.008528667300032386,531,0.3899411356893765,415,0.007810756527560812,535,9.69327983044721e-05,38,0.002926488241207664,473,0.006710774621456528,71,0.051470071538096095,332,0.03209708885413032,124,0.03998715276682913,467,0.11184677561333556,284,0.02865257423684789,513,0.17218331822177346,354,0.022392190481537542,508,0.22716814543073305,362,0.01798077137337783,492
"(261, 98)",0.5486308236145766,458,0.00669613615980706,538,0.43042068775923126,459,0.01079658130600196,559,0.28551705688810847,482,0.02034148251721936,560,0.1034977000001539,267,0.021660681583460052,503,0.05013756800086988,205,0.020751605814122633,467,0.03701736334530614,211,0.019993223716143805,452,0.5701070960216612,513,0.008843061740714664,530,0.41016775156787944,478,0.013743721221675859,552,0.2654833943752495,438,0.01972355912822351,553,0.1356493242986827,320,0.028513145287450078,523,0.10090120736432562,259,0.026113809015253796,490,0.037954233342829546,207,0.018605841183202743,464,0.48238333467679706,430,0.007264434226823826,521,0.39896083723191766,439,0.010772405575752413,554,0.2864688519726226,482,0.020115047519024872,560,0.10261619687520362,265,0.021114841086890667,491,0.033551072069476384,197,0.017914433008855705,440,0.019556949499597187,189,0.02117998978946113,411,0.8684243372887239,536,0.0001409049893914801,570,0.5341591874963443,549,0.011965258587604588,559,0.3174923736295394,486,0.01862793000769327,560,0.13914601252746395,331,0.026640837948327317,520,0.0873349697165382,253,0.028077873486895,482,0.05924255610607432,239,0.02814359248612875,430
"(217, 246)",0.535078121643084,451,0.007605581289111179,523,0.4468438376641707,474,0.011383176956319874,555,0.1746224750106189,369,0.02761730156135525,529,0.04283215356746173,147,0.029004797370851453,455,0.02771270525236169,151,0.025557113741118676,439,0.029438600131572734,198,0.02192573915130762,438,0.5380036450913401,493,0.01096597226303461,507,0.3571130919937582,450,0.017507116798590728,525,0.16113482261137912,348,0.02764750055467377,519,0.08134077755806368,196,0.036801136242856164,490,0.0547162667364649,171,0.032411791968081895,464,0.023588873509352126,176,0.01995003961616339,454,0.5029699321311722,439,0.007545235023651218,515,0.42386437414791545,455,0.010972536744127086,548,0.18233358573382719,377,0.026776555382839535,530,0.04239666342705939,164,0.02769112872620639,450,0.01883641680644721,158,0.02156052572616097,413,0.01261481653909069,166,0.02386331328929147,399,0.3797781383877683,399,0.000701815235622949,543,0.40592541944218985,478,0.017872812220155472,526,0.23186181255836202,413,0.02597853418203949,530,0.0956878047295604,250,0.03453861827627116,483,0.06507027478773608,213,0.03547163672667621,435,0.04542223937490397,221,0.0322316896954239,411
"(217, 98)",0.006661263926343031,166,0.03281602168560575,280,0.013058613880483128,143,0.036955837712624034,358,0.08579998876676109,234,0.03499872405630145,488,0.2747728522503259,459,0.015609962705993862,539,0.3391677274402487,463,0.011090044092844899,540,0.3302649133267379,399,0.009794279244497455,532,0.00650563390468184,129,0.04777628121248175,253,0.024522458308205763,162,0.042752536345057,370,0.09471655234674636,252,0.03300479579471951,497,0.18201357925159367,408,0.028136024771857837,525,0.23874320341419175,433,0.019834968867753443,522,0.36278236153918675,427,0.008022273087419665,554,0.008581265887720901,176,0.02930913447932402,294,0.015405342402098787,155,0.033125229604828756,369,0.08115397849142958,230,0.035070368271497836,487,0.2762842772401881,435,0.014825152223927676,531,0.39533029019312194,451,0.007816375471722113,540,0.4515921796046496,438,0.007240617156762341,542,0.02098468794845365,190,0.0018426037074270477,499,0.017489603196837566,141,0.05098177943731693,334,0.0573600150298097,192,0.04138293600576619,459,0.159759337165293,363,0.02911399076570283,510,0.21361402171780186,394,0.023867056221248573,503,0.26609789132584605,387,0.01787964024744558,493
"(99, 123)",9.999999999998899e-05,39,0.011737552442149886,455,9.999999999998899e-05,19,0.009987921013570778,568,9.999999999998899e-05,14,0.009645899163992281,584,9.999999999998899e-05,14,0.0062127348169219885,589,9.999999999998899e-05,15,0.0036786158968999103,590,9.999999999998899e-05,17,0.0023217800171849955,596,9.999999999998899e-05,22,0.01624686211036496,463,9.999999999998899e-05,19,0.009496115174106146,573,9.999999999998899e-05,17,0.007175558513815645,591,9.999999999998899e-05,15,0.005927641674100167,597,9.999999999998899e-05,16,0.005068309589537952,591,9.999999999998899e-05,19,0.002074346333303988,597,9.999999999998899e-05,46,0.010401390772532977,465,9.999999999998899e-05,19,0.008845351915727752,574,9.999999999998899e-05,14,0.009392179298552319,585,9.999999999998899e-05,15,0.005789407894810928,592,9.999999999998899e-05,17,0.0027134111440404755,591,9.999999999998899e-05,17,0.002461687551396612,591,9.999999999998899e-05,50,0.0016366656460087307,507,9.999999999998899e-05,15,0.016686616772383207,533,9.999999999998899e-05,15,0.013386348168390282,571,9.999999999998899e-05,14,0.011468786265698356,577,9.999999999998899e-05,15,0.00981228392569095,575,9.999999999998899e-05,16,0.006606090836320129,582
"(123, 203)",0.006577168669504196,165,0.01382768072177865,429,0.027361468618073648,191,0.012223323250885036,540,0.04975621353934434,151,0.012417460554523956,578,0.13738604876198424,326,0.006875361805258055,585,0.2239532630513026,377,0.0045412653652416295,586,0.27610715154972154,383,0.002896383397467284,592,0.003662558013909134,94,0.019876199534398946,428,0.0191775655709866,150,0.012695983432598998,555,0.05546831067215208,197,0.009370146604543205,584,0.1507390587881119,349,0.007737662687349773,592,0.2029438948809008,396,0.005914623088238258,589,0.2780465745253604,389,0.0025519411920063386,592,0.005087602296564797,160,0.012518790498347906,434,0.033280392795167035,206,0.010819206851207516,553,0.046251421629126765,146,0.012450420435713061,577,0.12716878934162246,311,0.006571501608669359,586,0.2439856318854159,367,0.0035548547873740398,583,0.30434282318129524,375,0.0028025483548498533,589,0.0009930555804491537,104,0.0021027359955343955,490,0.015794589700304562,129,0.01872086688965139,517,0.040910800227800026,151,0.015021272997844934,566,0.10788184973390658,274,0.011898380964977095,575,0.12672738394228067,303,0.01062565546589274,573,0.16903855452545136,329,0.007493987840267671,574
"(123, 99)",0.5366518887194893,452,0.0031880964297350775,581,0.34104444999452976,414,0.005271879030571972,595,0.2526715862583685,452,0.007224310902203914,594,0.1133817052090258,283,0.007329855957514202,584,0.06057086981016013,221,0.007022225017845501,573,0.04244746355097928,219,0.005406688553284638,576,0.6051854213698481,532,0.0036221411171786636,588,0.3927557307395493,467,0.004640413293654766,594,0.23674980352741126,404,0.005776500605874422,594,0.10237155501239537,265,0.008802890365003847,587,0.07010836225884098,209,0.008429383198662018,577,0.0418946066542949,215,0.004795756668720837,582,0.5676831517681604,460,0.002600347693133244,583,0.31213579503741884,396,0.005130311242745023,593,0.26342847357793764,459,0.006971691174339904,595,0.12285601019696013,300,0.006647515036582166,585,0.05279020402331491,231,0.005921415034249691,564,0.03507890472768738,220,0.005758713349821009,563,0.7295639504649534,484,0.0002330351747628325,565,0.42035600842244314,487,0.006270319227717694,588,0.28156327680245696,455,0.007896974342646646,591,0.1438394473726432,342,0.010810472166340658,581,0.12328838479025084,300,0.010723547969846228,572,0.08936287271761234,265,0.009268067761282547,559
"(100, 161)",7.047960218420357e-05,24,0.1517484355528385,52,0.0007381934507969534,42,0.15618667728531221,75,0.012412875902388487,56,0.1432279141201692,162,0.12323881544419102,301,0.06759614462744222,257,0.2973626348774674,429,0.038084064516745016,361,0.45646422664771213,465,0.022763215612218127,434,0.0003409039814452619,40,0.12158040493618674,112,0.0026088175279116443,52,0.12869158550223994,134,0.0047659371565693665,45,0.1510082262386292,154,0.03433045340015117,92,0.12238229942739093,224,0.14016398665141394,330,0.06527998871582001,328,0.37365504802407634,432,0.026417378290342457,416,2.514041472201356e-05,16,0.15636818718092904,47,0.0005355016065707874,43,0.15823841068930436,68,0.012234247178214419,56,0.14472533406440174,158,0.15983819741568883,351,0.05848895440433063,273,0.4748688828605866,487,0.023457687615025834,399,0.5531904408137047,481,0.01790589184777126,448,5.484187519666506e-07,21,0.042564145641564806,271,0.0016036695910537357,42,0.1282418421284971,156,0.0074091952901018665,54,0.1441881477855963,171,0.05999588971639147,159,0.0951790922624227,282,0.1603872605543819,339,0.058065370598706235,344,0.3041769797495223,408,0.03498622731191753,394
"(100, 157)",0.5983645984263,479,0.01738106674638657,396,0.4556469079281835,480,0.02975479158760528,407,0.2674487811991174,467,0.05683135552260184,406,0.05588271453863025,178,0.08661299307154308,201,0.02105941955917845,135,0.0951200211618698,157,0.019621289384140317,173,0.08537214862366026,221,0.5005897951364181,474,0.01970468755434711,429,0.34369661943478835,439,0.03557662781777823,418,0.29934218721908123,469,0.04928532418548292,429,0.1418027256272234,334,0.08068646956149308,344,0.055872187298026454,176,0.08806446087815101,261,0.022762970780968783,174,0.07844825688881063,239,0.663781090708305,494,0.013986746496421995,419,0.4883984137174384,490,0.027147592413129928,412,0.281859399652001,477,0.05530409681347753,409,0.044754752788600194,170,0.08816544125513372,189,0.00973661874839471,119,0.10238852583965803,113,0.01164819397331196,162,0.09453461036400265,181,0.8193517844147125,517,0.0017613123673935016,502,0.37645906015249353,462,0.03144108632680015,448,0.263867055136664,441,0.05395865836265864,416,0.11542278191837696,290,0.07756272629547166,333,0.06991025757586333,221,0.0781671644068614,288,0.044125554480789586,218,0.07668481884672806,260
"(100, 253)",0.7731022380791387,543,0.008932800150482518,498,0.6208858351712342,552,0.018596484956757142,490,0.3621214109976434,540,0.04506586103855937,453,0.2896050433354399,479,0.04337354807625793,359,0.24262541339016208,387,0.04361546726003772,331,0.15595816674161211,317,0.04867188022758966,320,0.6834212732148257,557,0.01117586454631483,505,0.5522755542369597,550,0.0207107620498344,503,0.5015130553640346,567,0.02964432611404093,512,0.3571582615507519,545,0.04643148727985885,439,0.2591865954880459,458,0.04753964575734983,391,0.1796867193027114,338,0.04295327493617395,342,0.8087889189224465,552,0.007386090069428365,518,0.6303468359638429,551,0.01792506678987734,487,0.3470670199920749,527,0.047149375060001955,447,0.27024987769405107,430,0.04386622312362261,341,0.22551396103438304,359,0.04366774521477849,288,0.16954798821498607,322,0.04790775664678567,294,0.9183641259889453,545,0.0007614288849808829,541,0.5951403549928149,573,0.017464400622947806,529,0.4676476964393317,567,0.0325296743460789,499,0.29059053925071654,494,0.048435807911503495,423,0.19235872303623092,373,0.05320169670742882,361,0.14127158345057111,317,0.05349836561815972,323
"(161, 100)",0.74450926756647,536,0.02272017305489589,362,0.5865188736986451,533,0.04191348020704696,331,0.291974989511279,487,0.10372657878922938,249,0.07477622501423431,216,0.13532032432314353,99,0.02254650270780789,138,0.14515565599830618,81,0.005884632907306231,96,0.1487383685300031,118,0.6635027642741013,548,0.0275414657197926,360,0.452314654916266,503,0.0556619198680772,309,0.35992079279076283,507,0.08527447817998737,301,0.17569604930120641,396,0.13532564238425196,188,0.06050358363229358,184,0.14543796723557742,147,0.01069670259618416,107,0.1320120609208557,146,0.7803682700360532,544,0.019350262240011174,372,0.6011787534763436,537,0.04023456620967524,326,0.29283151548490993,486,0.10505563519418963,239,0.058329914093452784,204,0.13655333721471033,94,0.007476265085769818,104,0.14981781766698987,65,0.0030175787534971743,92,0.15633588393001804,91,0.9095976747335256,544,0.001983508696818528,494,0.49358192890594055,528,0.049130113328212176,346,0.3210258356540254,488,0.09297612965101791,294,0.12204058197521794,302,0.13564253743291313,189,0.046875003519194935,176,0.14704893689460505,145,0.015911972678859798,139,0.14800968801904693,138
"(161, 178)",0.000821664875609307,90,0.21985521096103913,25,0.004325340815737544,94,0.2153315216239212,42,0.03813330039666685,124,0.20444216564689166,103,0.19380650030723234,382,0.09851327620501629,168,0.3693655045272166,482,0.057153335381377006,284,0.5502796911153999,521,0.032769386491403776,384,0.0020875177080164065,80,0.18795674060072368,60,0.012548454744377047,117,0.18386891720038723,77,0.024055856431267397,106,0.21012663628761116,100,0.08513459886853303,210,0.17229211329991473,142,0.2241142484542853,420,0.09399721925564714,249,0.4739409897305218,503,0.037306871203451004,364,0.0004994085254963476,84,0.22454397436038795,25,0.003797537741501822,89,0.21765392248621213,39,0.037913454162562754,122,0.20766382075789047,96,0.229422996701661,394,0.08650750393299106,195,0.52061747992063,515,0.03641543051094219,317,0.6261101429051148,528,0.02640754112493236,381,3.0053322785938974e-05,32,0.06181393496150855,213,0.009222702677645689,89,0.1851461903306152,89,0.03133915000417309,122,0.20192451776135567,118,0.12800687827799062,311,0.13350152496173923,193,0.2614535280234298,430,0.08291711024207521,271,0.41931310174269965,471,0.04973765900298422,338
"(157, 100)",0.0019021830043737253,123,0.10019515701574357,106,0.0073426205024818,115,0.11262459831966584,133,0.033109917490911744,106,0.09219651649730522,277,0.23547194806111982,423,0.039941176684753395,379,0.5069438491745719,555,0.018978569113891636,480,0.5683620943057923,530,0.013341207134428512,503,0.008248894736155421,141,0.06312000681250382,205,0.018810934658001544,147,0.07974855803859256,236,0.0234539042335411,104,0.09593701466045432,270,0.0960430771073385,244,0.07315980540896319,363,0.29581462823527715,482,0.033950772764825596,451,0.5032350951266937,518,0.015495422132229947,487,0.0007900675348926356,97,0.11039256980509338,88,0.005575255281967451,109,0.1150277290871175,116,0.03222250044347952,104,0.09124328072647905,280,0.2803623024022086,444,0.03442310312713612,402,0.6881702853134993,587,0.010651111048057195,512,0.6608723687763131,547,0.0105460498359894,500,0.0001534311955804224,63,0.01509038242156063,355,0.015350393402066231,126,0.07804505380522492,246,0.03405012452255818,129,0.08971799988335917,299,0.1478052042292065,346,0.05307284514006081,415,0.2807360589405168,444,0.031400460238728146,459,0.41591297158585494,467,0.019833699290882256,477
"(157, 176)",0.6724432111965963,505,0.014170297169383526,426,0.5228964887113373,510,0.027171380699641826,421,0.3128958764336982,502,0.04360811006278584,455,0.055956255543781586,179,0.06448386090658537,263,0.008321262349704539,64,0.07467702594856342,220,0.005058376618330529,91,0.06437735191748652,276,0.5080683905928848,476,0.015982997525669822,466,0.3955242942799393,469,0.02889361684448119,464,0.3636192958749116,509,0.03847473247657571,465,0.1592604772816979,367,0.06180997377477167,394,0.0371576500535824,130,0.0677912225199992,320,0.008563707698319711,93,0.060242979135487276,288,0.747510748551675,529,0.011244895783945103,448,0.5567941079395261,518,0.024792819668088925,432,0.31691557863700925,503,0.04258658108194257,459,0.041244100685453366,157,0.06520825990060822,251,0.001606800431274813,43,0.08028595385953566,168,0.0021445827374640958,78,0.07123302956470699,227,0.8478395301634105,526,0.0008535590703522353,535,0.42436596754393374,490,0.025811012338234473,480,0.3087508800326382,480,0.04302455791593545,451,0.10467018581031584,269,0.05954262086577254,389,0.04114007867275116,166,0.05955895108182014,334,0.01630008865023047,142,0.05839036957427223,309
"(253, 184)",0.5514976607472538,462,0.011025867541794169,464,0.3126710042024976,391,0.022707642390508726,462,0.13701854924422208,322,0.050786322353945604,433,0.05723314558870474,183,0.04724585038950574,336,0.01751607673064437,121,0.0484190095144171,309,0.0033498754167757827,70,0.055005793828908384,307,0.45671714187016366,452,0.012200138888722307,495,0.26069902298033176,385,0.02483561583300253,481,0.2321065623618096,399,0.033859846739371605,491,0.09173965336140055,227,0.05122855471514805,427,0.029587635653289812,109,0.052654804844137267,370,0.005118270518779555,71,0.048456070076591244,323,0.5877892514064027,468,0.009651608540166643,479,0.3227334852433874,402,0.02174422915758685,462,0.12848782711102613,305,0.053259305940274976,422,0.04210381629392912,163,0.04783299793581313,312,0.007844230992898549,108,0.04848378704431179,269,0.002218349338291903,81,0.055686414174918146,272,0.8273671836086496,518,0.0010811748224461648,528,0.3333707082126778,431,0.019604957876547986,512,0.20066588396718044,382,0.03648402146302751,478,0.05833751212934424,157,0.052602478721637556,416,0.019446763064318473,94,0.058220846928514716,343,0.006193428239794518,81,0.061307745444385595,296
"(253, 100)",0.005825754938739491,158,0.05025083218847935,213,0.03316026354048307,206,0.047972821033563866,297,0.11370564014370976,278,0.05404380073640179,420,0.23218413603941723,417,0.02962343126701319,450,0.405710160931944,496,0.016985938701341883,497,0.6149341436806093,555,0.00967850887767533,534,0.012150580008817191,161,0.040867826631372776,283,0.04711554296267906,219,0.04392718109056134,365,0.057263651449250164,202,0.0539868243646852,411,0.165460551351178,382,0.04208554730894202,455,0.32951984689554115,503,0.023578394825397468,507,0.5669740656526899,550,0.010089466502332951,530,0.004277422552315224,154,0.049805754946173716,210,0.030979131685314965,202,0.047490011939228235,290,0.12157586949328447,300,0.054250078301757716,416,0.2773096058421296,438,0.0255179892815436,461,0.5145127568587865,510,0.012022126054128309,499,0.657550367901274,544,0.008351853946495553,529,0.00022939060069870898,70,0.016580723655508976,348,0.028825104859161566,178,0.044335481298052176,379,0.07124017077189093,222,0.05152510665798651,422,0.22940406596067953,450,0.033326405455852685,490,0.3907534276588933,514,0.02141542483547221,513,0.5440496928078606,535,0.013791543038150429,517
"(101, 116)",0.18141900303120284,320,0.05304256841412251,207,0.0571548288080167,248,0.0710844818276928,223,0.041781096438411325,133,0.21283587600884812,95,0.06400467879786609,196,0.0821733315695643,217,0.028370903656250945,155,0.11090072173882279,130,0.0090458405376872,121,0.11421065321039724,175,0.19759024208269027,326,0.10870501258754008,126,0.04232027271674088,210,0.22346313220721037,55,0.04124750940999411,153,0.19547684877033092,111,0.04483612684448812,112,0.15946607922994985,159,0.01808069588083261,74,0.16864307735708384,126,0.015764943005290966,140,0.08462397658244562,226,0.07131622477267396,266,0.05462531103098732,192,0.04545605031072564,232,0.05322134070410336,267,0.04339564534707718,134,0.18985713173417165,113,0.051000172195941884,184,0.06770741249165259,245,0.015258413632567192,143,0.0759782026959463,180,0.003408055306982849,100,0.09756338023863313,177,0.0977540138094164,275,0.2739978810057364,38,0.043431642188726416,212,0.32940137070139286,37,0.05371110344106311,181,0.25448990429034524,88,0.07366783754124118,197,0.22956864515577285,98,0.013297643730452835,65,0.33902261532780675,42,0.0005367480055775697,28,0.3467991998642443,30
"(101, 103)",0.08168919759211002,273,0.06920390381211183,166,0.23238349414627613,354,0.04453731371821213,316,0.2784480041637478,474,0.11309847345390316,217,0.21598947313234318,402,0.05478444598437123,306,0.33571131320219183,458,0.04866724588486439,307,0.49611418243580485,491,0.03006046611911177,397,0.07280145321805165,266,0.15163218236401077,80,0.2765510394382711,398,0.11952633489310543,149,0.2803500709277231,451,0.10319556090317958,251,0.2680154441204068,493,0.08786671820909482,316,0.4011876607539461,543,0.06001470973462027,347,0.4206205000215153,462,0.028320054582269567,408,0.20051428697718388,328,0.03870272972188225,251,0.26598805694767447,371,0.029534457461340147,399,0.2728404043837013,470,0.10286620969853257,248,0.249044114194647,414,0.03990873884151031,361,0.42520916616948123,464,0.02506058883443422,390,0.6130676113911508,517,0.017283018406483386,452,0.15688946978197227,316,0.2340242193999073,49,0.27271783340233524,392,0.17854854121984134,94,0.24145398647824146,423,0.15419860918376257,158,0.19591588318076225,408,0.16569726103546245,152,0.4443443639274096,550,0.10525603568469688,220,0.7754708782343165,601,0.030677012895075597,420
"(116, 114)",0.36105185473712664,383,0.04478870306238643,233,0.2214445360251367,345,0.05050697659145634,290,0.20856512342525257,405,0.12349629741130427,195,0.3068220415324361,490,0.04644244550621183,338,0.21488750256009692,372,0.061029080160690946,267,0.17585113479602132,327,0.058780545055383895,296,0.4516739163039465,449,0.07676420461019404,177,0.1950607493553832,340,0.13694884705407784,121,0.2018122397950165,376,0.11608383253972318,212,0.25441433296832805,481,0.09590277061546228,300,0.18615865560311962,377,0.09292371088318858,254,0.2732666060199549,386,0.04449170261466678,338,0.2181838335493731,335,0.04549487465037728,223,0.19861516860073625,335,0.0403785358475038,324,0.21412106616348825,411,0.11131246848716468,216,0.28168786279357727,446,0.03809933772597102,370,0.17507260231971178,333,0.041244191837409606,297,0.14716743138696187,307,0.04721151406394732,297,0.3021220165544314,373,0.1694247011865826,87,0.2036030349468363,346,0.19499491587622006,81,0.228291375947427,406,0.15096029161321792,165,0.3165699001235913,516,0.12881078839577206,205,0.1378822127282472,315,0.18106802161408903,109,0.04326278077007517,215,0.1743569174547181,105
"(116, 101)",0.023870252301051664,221,0.11076588211978812,91,0.06163012606211138,255,0.07735861330243064,205,0.06740159071730223,196,0.17996074562151393,121,0.03449656603125795,111,0.09622442180940859,172,0.06449657340270121,228,0.09115104733845121,175,0.08503898735596682,268,0.0748874956320584,238,0.012607293484259041,163,0.25306172872082044,29,0.07411488019846502,251,0.18908041179796567,71,0.07066803959103862,226,0.1646948014267916,140,0.04917000478264555,125,0.16587397876315493,148,0.07895966039241886,226,0.12367612388417597,176,0.043270716268574594,217,0.08223875341139185,235,0.06303752556406406,257,0.06881824764131006,159,0.07227687091522639,263,0.05655724647325647,258,0.06484117346831675,191,0.16576009651715296,131,0.04087638177754571,154,0.07250188907444924,228,0.08552025296404087,267,0.052369593357683014,254,0.10517844143736621,283,0.05280514684527976,282,0.03560881156021556,219,0.34555593792593275,23,0.06978469323439063,256,0.2786322055367399,48,0.05878600115660593,197,0.23728370870935814,99,0.03229789023042384,89,0.2756665430255997,75,0.1129462469284569,287,0.1935176447639387,100,0.27329372105150007,393,0.09431934467030395,219
"(103, 102)",0.05742039612884675,257,0.04625489991904847,229,0.30758493427514777,389,0.021649380193371853,474,0.3469253410459374,529,0.06355893037110558,379,0.2757381657329887,461,0.027940771341504113,459,0.4906928770675293,550,0.022848697685729388,451,0.5883532523637385,536,0.015610412535487863,487,0.054551079707195194,244,0.12541843525902507,109,0.37732650233609744,462,0.0606063810781728,288,0.366268111771747,510,0.05252952571126244,413,0.40299393222659563,558,0.03898512853983503,479,0.5853932316957102,589,0.024435791000866465,502,0.5183216502185466,527,0.014048881943833082,502,0.20426277194964637,330,0.021248607941075935,360,0.3604251636432859,423,0.012718090600672532,523,0.3510623019328203,530,0.05562939872565307,407,0.3099609222557431,473,0.01951377307007537,501,0.5510335209415514,530,0.012797281549978326,493,0.692821884728126,562,0.008823403533335576,523,0.2014912091618849,335,0.13969103871364583,111,0.43119692410404675,491,0.07720600821507916,248,0.3313247062036464,494,0.0784317446090593,341,0.3031173455720573,504,0.08199789379265493,324,0.5972139409433765,589,0.04928455695364286,373,0.8399606233119264,606,0.01491769811844683,511
"(103, 101)",0.23170868041330017,337,0.029053538858415436,308,0.03431930305047948,209,0.044969804612210916,314,0.026288102041014394,85,0.1501996234496108,152,0.04255348991640262,145,0.05209055174012401,311,0.009428039154605994,69,0.08530822589060416,192,0.004256284520021469,86,0.08071425005761965,225,0.2391850019118661,349,0.07662747477994293,178,0.021343140045011255,153,0.15788396247331085,100,0.023031475743176877,103,0.13209790418650694,175,0.017853248617286765,55,0.11017745134239947,257,0.0043681560233073125,34,0.12504785701331939,173,0.007612928019918308,86,0.057366405493441325,296,0.06946242569025052,264,0.03044226125500314,286,0.023972924189358036,184,0.0313896600203804,382,0.02555711630880353,82,0.1332278894860457,176,0.03377296767480187,131,0.040855809847060984,356,0.0058481351929488,89,0.058233281444308664,233,0.0015264927806403206,66,0.06780760776856927,241,0.07082773316602575,255,0.19793357413634727,69,0.014619157305107322,124,0.23854420484964747,60,0.02922785658599869,117,0.17618847371019108,139,0.03537034083564716,105,0.16780048508401463,149,0.0039349455339461326,36,0.26289031936709617,62,0.00018013187915455475,25,0.2492248042084261,63
"(102, 103)",9.999999999998899e-05,40,0.018792680100366464,383,9.999999999998899e-05,20,0.015821768029425174,514,9.999999999998899e-05,15,0.06253558824532458,385,9.999999999998899e-05,15,0.020733185840170972,506,9.999999999998899e-05,16,0.03688865475543945,367,9.999999999998899e-05,18,0.04159608037649797,345,9.999999999998899e-05,23,0.04473584156610827,263,9.999999999998899e-05,20,0.05597767646204557,308,9.999999999998899e-05,18,0.05215042752547233,414,9.999999999998899e-05,16,0.043984534122320895,447,9.999999999998899e-05,17,0.04872801096177484,386,9.999999999998899e-05,20,0.0256294568183819,421,9.999999999998899e-05,47,0.017282847996354,386,9.999999999998899e-05,20,0.012278693483114058,532,9.999999999998899e-05,15,0.0575315707899545,401,9.999999999998899e-05,16,0.017176219396149328,515,9.999999999998899e-05,18,0.025635412253571976,383,9.999999999998899e-05,18,0.029456181808732763,371,9.999999999998899e-05,51,0.11839541733619117,127,9.999999999998899e-05,16,0.08288653304800578,232,9.999999999998899e-05,16,0.07372313877662752,354,9.999999999998899e-05,15,0.07325484611659319,347,9.999999999998899e-05,16,0.1202379075765199,186,9.999999999998899e-05,17,0.12877934730999774,159
"(105, 228)",9.999999999998899e-05,41,0.026567470247792307,327,9.999999999998899e-05,21,0.03709362793978463,356,9.999999999998899e-05,16,0.03568620487304654,486,9.999999999998899e-05,16,0.014323847411325096,548,9.999999999998899e-05,17,0.008839068136390724,559,9.999999999998899e-05,19,0.007423642008286608,555,9.999999999998899e-05,24,0.020295984100959386,426,9.999999999998899e-05,21,0.03129314033907575,444,9.999999999998899e-05,19,0.03439702694861162,488,9.999999999998899e-05,17,0.027201490216517566,532,9.999999999998899e-05,18,0.01574898744634977,546,9.999999999998899e-05,21,0.00706378202306541,563,9.999999999998899e-05,48,0.025780012422862476,323,9.999999999998899e-05,21,0.03592091493730011,353,9.999999999998899e-05,16,0.03413301496917947,491,9.999999999998899e-05,17,0.01269283480536621,553,9.999999999998899e-05,19,0.005208144783098332,574,9.999999999998899e-05,19,0.004685689654645337,577,9.999999999998899e-05,52,0.015949360914581767,351,9.999999999998899e-05,17,0.033731794902903144,436,9.999999999998899e-05,17,0.033921550954599096,492,9.999999999998899e-05,16,0.020690155817577386,544,9.999999999998899e-05,17,0.013592662093071297,549,9.999999999998899e-05,18,0.006726076917934662,581
"(228, 267)",0.00011666976311308641,50,0.0250580264620821,341,0.014494329321600219,152,0.03695116157369324,359,0.07161736426223331,208,0.03237909992461936,504,0.2728036021111566,454,0.013137854326432384,558,0.4793246054354878,545,0.008251893644755783,563,0.6490788579628991,568,0.007077393021277319,564,0.009513012663503573,145,0.019146973773059663,438,0.0167162430819362,138,0.030153243926878934,455,0.03777497251610917,144,0.032958288532759894,499,0.17305419442414982,394,0.025395405743096688,540,0.2897185159222281,476,0.015989783787051407,543,0.6092480975928827,570,0.007521568800070428,560,6.629472820962601e-05,29,0.02457264250456669,330,0.012070213121216922,143,0.03639293922974728,347,0.07345397917146235,211,0.031503134212110456,507,0.32347477205767095,486,0.011311361135854575,561,0.6492428264416088,573,0.0046651201062958576,579,0.7446604214342132,584,0.004290566256920391,579,0.04475735026245364,233,0.014486116793977937,362,0.01666068853360203,135,0.03091855972449034,452,0.05647617721781972,189,0.03287122546252411,497,0.25301284833687765,475,0.019296956341444255,551,0.40545823255997115,525,0.012333735700316494,559,0.6051978239812089,562,0.006945480038601236,580
"(228, 105)",0.8604552879781634,583,0.0012873309171036146,601,0.43239308299201706,461,0.011914282424659087,548,0.1999158347134644,395,0.02299615100117481,550,0.043406450274409814,149,0.024245048198224987,480,0.010274055952655736,75,0.029706367824522725,402,0.0024152884442881772,56,0.04567194076805672,332,0.4895128449841982,471,0.005147758170506896,575,0.4123466192489731,479,0.010358402619117853,567,0.2933736068710402,465,0.016642773027494753,561,0.08678318012543396,211,0.031964703409279684,507,0.038718630027994694,137,0.031274810083220826,468,0.003529581426173767,57,0.041879236728585255,347,0.8834303693176455,581,0.0010364636741534627,602,0.4576215346988445,475,0.010833113515914173,552,0.19632707555469386,391,0.022700328401225517,547,0.0308241031380303,119,0.02476461175156334,470,0.0024113535279947085,58,0.030123927037051895,350,0.0008200517982273059,47,0.041548333450520156,319,0.2682751487561037,360,0.007974680457290884,412,0.412818084085131,483,0.010605488211019067,566,0.23412352189014807,416,0.020462372033437405,551,0.049640845921042454,133,0.03320906245929044,492,0.017547105929840878,88,0.03512973276066218,438,0.0036621461460282223,62,0.03811443586829642,382
"(109, 237)",0.4019465062375214,403,0.006102855472961852,547,0.04064407589501107,221,0.028895109423729266,410,0.05940020827674619,181,0.0543187460237008,418,0.12384164983542223,303,0.02180510028604612,501,0.026170252488755485,148,0.024422639830929696,443,0.0027852158912180514,66,0.03374759298537788,381,0.21129149273338743,332,0.0103590837182358,514,0.08089330108350312,259,0.025884486719904638,473,0.10667553656043549,275,0.033273385899339515,496,0.07885879037666466,192,0.03126951047552614,511,0.019101796246693725,77,0.034301892115179235,448,0.0014746959052571729,38,0.035006932828594066,373,0.49183726609392886,436,0.004529199239926639,559,0.03972185115609528,221,0.02822491320146309,406,0.04963819259603741,151,0.05842407224071032,398,0.1192524075993231,297,0.020697893358228203,494,0.019701938214004677,162,0.02198589505632291,407,0.0031254803896098027,95,0.03037482460189598,366,0.9997000299990002,607,0.0,608,0.1558319399811785,313,0.017523259941368913,528,0.08631758234128828,249,0.033937177476266525,491,0.05230211737437851,140,0.03309868048794798,494,0.009809738382979827,47,0.04331599340377274,404,0.0017678234251408131,37,0.052838442169279784,327
"(109, 118)",0.017984824512817577,201,0.017190444360096604,400,0.28253155031230803,379,0.015140298715911465,518,0.22678247920061945,421,0.03475435437836846,490,0.12616555080611846,308,0.021670390403801976,502,0.3475848756501829,467,0.01031276097814116,545,0.6345097082702099,559,0.005525645260478014,574,0.0661312927180362,262,0.015257369917758204,471,0.1827816038598732,335,0.019725722340421113,514,0.1453112436681271,326,0.030015957537589816,509,0.18633747093776598,413,0.023476736230574162,547,0.3933239225000964,539,0.01251486086203075,563,0.695920821965287,591,0.004496434545294479,584,0.009346245938637532,179,0.01697264397472793,391,0.28592986694771205,378,0.014618044093576522,518,0.2530207068120517,451,0.033947812098963345,493,0.13092936480222095,314,0.020063322000763512,498,0.38887862218296765,446,0.008135341317915998,537,0.6223800548155967,524,0.005201566431172103,569,1.000088900582341e-12,11,0.008543719837525708,403,0.09852926553140029,271,0.020416375623353217,508,0.17379420557443404,351,0.026875942997797497,526,0.2453466166890128,467,0.019772294920738787,548,0.48546097563099544,570,0.011798206119865052,568,0.6793488378651957,595,0.007267728372080266,576
"(237, 109)",9.999999999998899e-05,42,0.02312954932501201,360,9.999999999998899e-05,22,0.020937983590701092,478,9.999999999998899e-05,17,0.06110653130295607,391,9.999999999998899e-05,17,0.03948789613503998,381,9.999999999998899e-05,18,0.018428180781225698,484,9.999999999998899e-05,20,0.009881903604706862,530,9.999999999998899e-05,25,0.022992200402753304,403,9.999999999998899e-05,22,0.03069826398082194,449,9.999999999998899e-05,20,0.05087510453467139,419,9.999999999998899e-05,18,0.04075027299903713,465,9.999999999998899e-05,19,0.022487254921716004,511,9.999999999998899e-05,22,0.008193392904304955,552,9.999999999998899e-05,49,0.022259711333840537,352,9.999999999998899e-05,22,0.019962125733543137,475,9.999999999998899e-05,17,0.059680428037849925,392,9.999999999998899e-05,18,0.037264316143788126,373,9.999999999998899e-05,20,0.014806472854147483,474,9.999999999998899e-05,20,0.00933775178608004,516,9.999999999998899e-05,53,0.014841088978791089,359,9.999999999998899e-05,18,0.031946795980989644,445,9.999999999998899e-05,18,0.04528231125184902,444,9.999999999998899e-05,17,0.03407620731524196,486,9.999999999998899e-05,18,0.019510119997495103,519,9.999999999998899e-05,19,0.013239607062723579,525
"(118, 109)",0.7016338054070612,519,0.004039599071576606,573,0.26324258881816054,368,0.015679093834936868,515,0.29325800938400437,488,0.029516517296975013,520,0.3660712081968711,534,0.014232523819983908,549,0.14682373223150114,327,0.0157961451475125,505,0.026795318842949722,193,0.021496114257917257,441,0.5652966866448467,509,0.005769039329016349,569,0.35434144336655804,449,0.014618472742765265,545,0.4089854521604417,532,0.01805100438618948,558,0.31699194356118543,524,0.018945778887707054,560,0.12821157040161024,309,0.021292340862836764,517,0.0188542296289671,154,0.021612267805264547,445,0.7524225227635255,533,0.003221858357315338,577,0.2633304377269434,369,0.015275579727399064,511,0.2685612341487206,466,0.031532615485328534,506,0.35252184208125503,507,0.013668058932366067,543,0.11161584347245823,291,0.014759263952065107,475,0.029516994484263148,208,0.019525362795119728,428,0.9997000299990002,608,0.0,609,0.46835053138928495,511,0.01043311449278583,569,0.34673531522494105,506,0.019408698001005118,556,0.23559243263621998,459,0.020516130187082527,547,0.07838543481030491,237,0.02634028154172056,488,0.02267752023204128,169,0.030721579153960992,419
"(118, 193)",0.0013826833811068084,108,0.03222064163327276,283,0.046309744201221914,233,0.027982223190240713,416,0.037804460188457734,123,0.058429754301459046,402,0.023062631784813048,75,0.03576850774217742,410,0.10545363520398343,278,0.017638542010074358,491,0.34411841645946895,407,0.009179315552845985,539,0.005191410914103356,111,0.02754866202664792,359,0.024991399722052,164,0.03538173499183603,420,0.017117138637587126,87,0.051990852149574183,415,0.03220586907147949,83,0.04060225910147692,466,0.12184251351250552,291,0.0216570616801338,514,0.3951948167577085,450,0.007838498107227749,556,0.00074029731934111,93,0.03239353276070553,275,0.046282171498386426,235,0.02727052376332533,411,0.04467073715272063,137,0.05733679280535985,403,0.025303840688960966,100,0.03288819494572641,413,0.13941349364334332,310,0.013704768735085165,486,0.3298725475422418,392,0.008733220630179785,525,1.000088900582341e-12,12,0.015323417596323462,354,0.011151235732249853,107,0.03626574862146071,424,0.026322150291774316,107,0.04583761086110227,443,0.05591005176819164,149,0.03313746334274398,493,0.1871801821251574,368,0.019706624803225267,518,0.3685226663569656,438,0.01212887876434905,533
"(194, 110)",0.015740934710252175,195,0.05407377674171758,202,0.016722945495675545,161,0.09438796823218255,170,0.08668953841792315,236,0.16629768178081755,133,0.24021798640898195,426,0.06817017863015826,254,0.3109759462660936,440,0.06289759238801705,260,0.4838086174233319,484,0.06616488886575841,273,0.05856179798247352,251,0.07359782959385243,182,0.035647562430936475,193,0.12652699095674627,138,0.04779424209765093,172,0.18700740702814328,121,0.22618166745295387,447,0.13687585176880546,185,0.2966085387695032,484,0.1025016624015153,225,0.4827379125846357,506,0.07106919623206268,262,0.015510806377940334,196,0.05027106097861282,209,0.015428365392200938,156,0.08901950258178122,169,0.08862946368412794,242,0.1599787432460797,140,0.28436697994738036,450,0.05756665814565524,278,0.39536512435880555,452,0.04123954432891445,298,0.5526167218838482,480,0.04101946422184383,322,0.13804387632546566,308,0.10438620973707671,145,0.05943192034775435,241,0.13096198348695817,150,0.0761840972216623,230,0.1810787378570067,134,0.30337276483789233,505,0.11179008730120059,247,0.3490716350096188,490,0.08632463313704446,261,0.49578716838743453,512,0.05977192359971957,303
"(194, 127)",0.4208350134146619,410,0.018083934311693632,389,0.41228983396937957,447,0.03243047828380297,393,0.17320264462286417,367,0.13203535951624681,181,0.0541669360264585,172,0.11200004126248644,128,0.03354219420310578,165,0.1321333557232805,99,0.009932975864913485,128,0.24163452888364437,55,0.22884645743434584,341,0.04672562041160476,256,0.3019609037556147,415,0.062069210370564544,281,0.2585916256515183,431,0.10652360350212485,244,0.05964672201531607,161,0.21344391336148222,114,0.03695905861307647,128,0.20521943700002016,87,0.01001353187633991,104,0.2586561317017343,55,0.4229060954162923,409,0.016702501846890056,396,0.4236546842151162,454,0.02950673327721341,400,0.17016589098548485,362,0.1287154908468206,183,0.04014331815412975,150,0.110558715587032,129,0.018831839082426027,157,0.11376684966435206,97,0.005772081332247603,130,0.1876522791818118,70,0.11280482928036717,286,0.11165365553607574,137,0.22670503678079457,361,0.08381687064223324,231,0.19117852970763627,374,0.13325265211372425,193,0.035309401025881204,104,0.2289630359616507,99,0.025906423798202738,119,0.20541734237687317,92,0.009068518426317507,106,0.2268559704217168,72
"(111, 196)",0.2986694130895322,359,0.034794463721284884,273,0.19503412295970968,332,0.074196192500637,217,0.1174210784151406,289,0.1355666072010264,173,0.061570991640569894,191,0.11818395301901836,121,0.03532725818187765,169,0.12099164252165474,109,0.016928504969883962,165,0.17426148596045324,96,0.18404752505092437,319,0.06222166784006447,213,0.15660205596347243,318,0.0955885102369723,200,0.1305689595372883,311,0.13964872083696006,165,0.07479287950196545,187,0.19173232159011017,126,0.060752366482723974,186,0.169949321941685,122,0.01903868153884647,158,0.18819163218593185,90,0.30910691224728026,362,0.0321557341801462,278,0.19492910040224354,333,0.07115853125295574,214,0.115280401467455,286,0.13966035053485834,166,0.055708860865825494,195,0.11937486556884506,115,0.02146100579517174,173,0.1114139873372516,102,0.015821367995673574,178,0.14667561362587242,100,0.11732707679022858,291,0.07798007278284644,183,0.1702042744127399,323,0.09067037760655189,219,0.12275166099373269,297,0.14315930876081404,176,0.06766046598008968,183,0.18217201886636722,136,0.034946146656580135,148,0.17566809834453698,116,0.01760562074020977,148,0.17427121311070773,107
"(111, 164)",0.03644848015042412,237,0.07014777853541546,164,0.07412884977074607,266,0.10242895282336954,153,0.1328982201776412,313,0.13008534122968043,185,0.22158333447964962,409,0.07712080078350181,228,0.3032978742027489,435,0.059088399667295885,277,0.41055808873094635,436,0.060202714974418994,290,0.08016202704096254,270,0.08208467414522866,162,0.09796396139863295,269,0.1117676363843755,165,0.11959168493297034,295,0.14379704060211973,160,0.1937750798787614,418,0.1395991500223202,184,0.2235200008099668,418,0.11008674713361678,200,0.3937987854749594,447,0.06855742142794259,269,0.0339683443376233,234,0.06713307532003572,165,0.07418397951317202,265,0.09819344402384708,149,0.13525112018640173,320,0.13241728046089563,177,0.2361183293997191,404,0.07376399350901632,223,0.3765286493790214,436,0.042876934953471106,293,0.4201174866109161,426,0.04916420319583752,292,0.13300036379943192,304,0.07478803283086252,189,0.08860462048104556,266,0.11271199114467562,180,0.12727562669864634,306,0.14144262373763516,180,0.20801659146283646,425,0.12528353747368484,211,0.3049044156091426,461,0.08533059234322263,265,0.4049842364475884,460,0.061276891880541855,297
"(196, 258)",0.4604976270480333,420,0.02805969923650276,314,0.35842535974405676,421,0.056147127541377594,268,0.27845300115231364,475,0.08858906498610573,295,0.1492619814122521,336,0.08787604991789978,196,0.09310660071345489,267,0.09259497428057789,171,0.046270210363657416,227,0.13874759829594516,129,0.34949109480380147,398,0.04779187321066829,252,0.3647543870673031,455,0.06150303915721695,284,0.35943559425718163,506,0.07639607120304474,332,0.19958596552455177,422,0.12938225455083688,196,0.1482080349671172,340,0.12919328188284604,161,0.05287986006319079,230,0.14776553833964257,127,0.4682274353605669,423,0.026195332973143828,322,0.34907811953042334,415,0.055333370833783896,264,0.2662057471203074,462,0.09380537975281592,268,0.13230002582062161,318,0.09096639530811339,173,0.06017555994881296,241,0.08569051702798192,156,0.04196369111166498,232,0.11818393032377192,137,0.26521039569954463,359,0.059066287668374684,219,0.36808839607590416,453,0.06053981202255634,299,0.3335738624993462,497,0.08162681019998877,332,0.15856539106675815,360,0.13750013673442396,184,0.08868114157352902,254,0.13611448816256488,162,0.05023797725839041,227,0.13485749938721392,153
"(196, 111)",0.011817682610835378,187,0.09512938809374255,115,0.024303329926862127,187,0.13769088518686476,95,0.0417796854459791,132,0.16671539164415636,132,0.10352080454768764,268,0.09927602540312842,164,0.16345330412053538,337,0.07675670757699402,214,0.2633685638208547,374,0.07770900003080128,230,0.025832446597831016,209,0.11387915721651648,121,0.023272004496733056,157,0.1539166092878518,103,0.024135889905126717,108,0.18795632584097074,118,0.07178397308899065,184,0.1819319120325064,136,0.1043507563213053,263,0.14522185503858787,148,0.24373709342534178,374,0.08878972620829298,216,0.011161427488050046,187,0.0910198876061732,113,0.025905278643739926,190,0.13167356101455538,92,0.04538906288358269,143,0.16916732537574136,126,0.11797357072497028,292,0.09450890258006465,166,0.22490188410403722,358,0.055217293036662486,242,0.27780280030513094,367,0.06294155230761235,251,0.04569618990309554,234,0.1061475221044702,143,0.02274530267460695,157,0.15313032474127425,117,0.0287854069815896,113,0.18471664791018994,130,0.09654080539066245,254,0.1622316649081791,154,0.17008608868651298,352,0.1095532286891258,209,0.25125547536623416,380,0.07885828101083131,254
"(233, 113)",0.004991157153937942,153,0.010341894265877082,479,0.05005929496534023,240,0.006951963791305374,588,0.022045175591667743,74,0.011773961575866907,579,0.03850239737030825,127,0.0058040541606542775,593,0.20183953850133562,357,0.0022509759564541742,599,0.33445560660108375,402,0.0018289593730981529,601,0.015893157814541592,180,0.0071027548662026645,550,0.09648143056871161,267,0.005248886825811517,591,0.056659207603702244,201,0.007536309798098749,589,0.08272779445451528,202,0.005975667460010661,596,0.09438988235619072,252,0.003745440989783787,595,0.409154937091752,456,0.0013728101065234614,603,0.0066098861730077285,167,0.009909621837775058,476,0.05338846735164304,245,0.006744464946869856,584,0.021470306455545596,72,0.010804508669384153,580,0.025803677878141862,105,0.006733382057002187,584,0.22210397107398971,357,0.0022122140436944076,594,0.25032905680804585,359,0.001861741966843262,598,0.000871980554754126,96,0.009389149773874589,398,0.06204501346234159,246,0.008058921781371266,582,0.04056858843960587,150,0.008426043719100995,588,0.058865841655513784,158,0.00643198730309,594,0.1196436018495689,294,0.00393009611460333,598,0.33365596953189547,420,0.002087757820092869,602
"(233, 234)",0.5699357334652244,472,0.0021316957162867095,594,0.2517790204866657,364,0.004057537707345196,600,0.3726331077704427,547,0.00458775258687295,606,0.2905480796392125,480,0.002959066399835921,606,0.07065447900687849,244,0.0031939371917053113,594,0.028613715635475767,196,0.004150739390283148,585,0.41947980323722756,436,0.002385575722539193,600,0.1586480770394656,320,0.0044470312648128936,595,0.2336520208092151,400,0.00469958015462598,599,0.17966422551353856,405,0.004614411987236163,600,0.16160134253613312,355,0.003130856187156185,600,0.01709671903866905,147,0.003956114094550576,585,0.5360376581168171,448,0.002289408590887205,588,0.24233562917784113,360,0.004073404725038941,600,0.37646586394686277,548,0.004158875337302303,607,0.34965452409214337,504,0.0028243211437824953,604,0.06134973314929726,242,0.0033968394985387255,587,0.05055581085994465,243,0.003173215372057974,586,0.7399003979336397,492,0.000991754348409264,530,0.2204748350099911,356,0.005281122315069127,596,0.2828067605647877,456,0.004410864785661326,602,0.228094264390175,448,0.004095071693587604,602,0.13051392808111806,309,0.003817807654186092,601,0.02876937756671627,185,0.004725737528732381,586
"(114, 116)",0.04509288491331187,247,0.057087205962869786,195,0.08193427826054012,273,0.043182999969657056,323,0.07015567891796004,200,0.10005797605929787,260,0.02830811518720866,89,0.05999353149844719,283,0.040917693182925374,183,0.061411263079445194,265,0.045863187074448364,225,0.056661628708501895,300,0.020000004753152223,197,0.13038988391157658,104,0.07607677143226454,254,0.10660486499328262,181,0.07757531366301218,237,0.0910185517041285,288,0.04021680463167243,105,0.10144620600227848,287,0.0524553025728236,164,0.084363350595442,273,0.021076750840091973,166,0.06347499779910204,284,0.10443879921004717,289,0.03547976874363696,263,0.09888056699790937,281,0.031854641835187665,381,0.06901741523598304,199,0.09212746694632722,274,0.030877455054738823,120,0.04766717605047742,314,0.0433590293788233,215,0.04005027136557497,305,0.04715354315430931,239,0.04405434819160351,306,0.048724386351479465,238,0.1646528995266134,89,0.06849396949619924,255,0.1587531914663598,111,0.0611554186369081,206,0.13157447530465438,198,0.028861083788395803,76,0.16059980171022448,155,0.08883394263817745,255,0.11832468496248773,188,0.18322349871974697,339,0.07152884551106357,271
"(114, 115)",0.2671722477005358,345,0.03154842480408721,289,0.18100256082270383,327,0.033156838531052266,386,0.2028478254317907,400,0.07023429148669197,360,0.3360377029062269,516,0.0262993739024482,468,0.2815383388803713,417,0.03228785759095027,390,0.26467209229707533,376,0.03158937844058378,388,0.38671657069812704,416,0.048579868811326025,250,0.19137688394192032,339,0.07838468595627224,240,0.18863628231884977,364,0.06768555970849761,363,0.2840961799628966,504,0.05287087913169379,423,0.24491802136241458,441,0.05047504382694904,378,0.37914481239033404,438,0.024225283915837656,428,0.14809684959669667,305,0.03158053359502203,281,0.15535611257488469,316,0.02740103246288013,409,0.2051795018371272,402,0.06407137391048427,372,0.3232192557912119,485,0.02179051600167117,485,0.27296519078626924,379,0.021690166752604805,411,0.26058019468372895,362,0.024917994699079522,394,0.2557538079524049,351,0.09474234709776366,156,0.20626639868621743,347,0.10993359107308347,185,0.22256291431431763,399,0.08553930056247105,316,0.3331868179274592,529,0.0710591398758352,351,0.16985045640043295,350,0.09533362269205825,238,0.08063714950224576,256,0.09403652033506969,222
"(115, 167)",0.04496997916320189,246,0.053678676156918334,204,0.030718995490377488,198,0.05192789934122554,286,0.0470002169919852,143,0.09939260376009437,261,0.12025182448367389,297,0.03760408158807175,393,0.10072513854621779,272,0.04341384541164275,333,0.11169066931657867,284,0.04106661681814174,346,0.09638976859872472,281,0.08029159435377764,167,0.03706738075400007,198,0.11434694473390898,161,0.039863131757428505,149,0.09805096171897668,261,0.08359101052123064,204,0.07646334963323259,354,0.071310190255645,211,0.06978308179015456,315,0.17931863193191744,337,0.03261785808609912,383,0.01737415010351695,202,0.05285303165624689,201,0.024405738519442055,185,0.0437858469912084,307,0.04741870906722401,149,0.09174874597498729,277,0.11904781245531337,296,0.03125615849531701,422,0.11112530792261421,289,0.028852711160771503,359,0.12430942774477849,294,0.03112609404089718,361,0.05133305109367914,242,0.1413575111843335,110,0.04265423811839708,211,0.15620542382613198,114,0.05092946796583586,175,0.12153220277309369,221,0.11043036210900636,279,0.09782229298159606,278,0.04602755874172815,173,0.1253247187929854,179,0.024702956127350184,176,0.11814686639206994,172
"(115, 114)",0.26757525011121586,347,0.029622886778700005,301,0.3239794189781682,404,0.02367903231773138,451,0.26106026569030183,461,0.056122942173290793,411,0.12987154741213836,316,0.03665170699265649,401,0.15289168954758914,333,0.03777573472630256,364,0.13932674743906293,306,0.038148991151532786,357,0.15877584953522872,307,0.06798590963117727,194,0.2961749711235879,411,0.057196889722009564,303,0.285404105584687,456,0.050873184510095065,420,0.17822545257766964,403,0.059408684479246965,403,0.20052630873840305,394,0.04943982106514599,383,0.08293417322529462,261,0.04217800862752002,346,0.4068676204652144,401,0.01847367860070053,378,0.35781070071376964,421,0.01789012183753753,488,0.2597537817736709,456,0.0520470460646154,427,0.13114735216779683,315,0.03026376096423315,429,0.13998403255896297,313,0.026715591070130416,374,0.12569312507382668,295,0.031011454757224565,362,0.2480892879536991,348,0.08360814322450229,174,0.27538842009909836,394,0.08388834267174458,230,0.2492477719592372,431,0.07158202626316011,358,0.14079787792660203,336,0.09021289798418654,297,0.2641442358169128,434,0.06999961850715371,309,0.3560404158567102,429,0.048548082708120145,342
"(129, 117)",0.3506480252625941,377,0.03144849500686912,291,0.23158096118601368,351,0.07573339523848516,212,0.23272971837981227,426,0.17510792602113714,127,0.2873409220701162,474,0.09674869810787227,171,0.37114599808153736,484,0.09106231126032753,176,0.5316865396288997,512,0.08947774819201737,216,0.42505651475261175,440,0.04604796818272862,260,0.24861219750715613,372,0.1044138314985332,185,0.21714034093843704,386,0.19029000904544913,115,0.23699012911045036,460,0.22142957805804195,103,0.3214212397084808,498,0.16214056864206985,132,0.5324830280297395,531,0.09399319922528392,204,0.2868396765163066,358,0.03143278239040867,282,0.2310248036740663,351,0.06938052851209475,223,0.23766545358292257,426,0.1652102833704705,132,0.2973797004040091,465,0.08505255061649705,199,0.4393698674233868,470,0.0606957271296107,223,0.5664714229466188,491,0.06604827689514021,242,0.4028692965743269,410,0.0808388182406928,177,0.21574366311290327,351,0.13161063720017036,147,0.23012731745935322,410,0.21002631115585751,116,0.3048192909264775,507,0.20371141976075952,118,0.39903584844499584,518,0.13131919506449027,172,0.3833425584282649,448,0.13029288602522107,158
"(129, 202)",0.025629441409755094,225,0.07521606669600181,153,0.05747080949972194,250,0.12051449166628911,114,0.05701909244128611,179,0.27984420551043043,58,0.03934517652209002,131,0.18770699508369612,51,0.022272036773864246,136,0.232594951815748,37,0.006845500839623986,104,0.3817671231276267,23,0.015275029189487643,173,0.13953998807811832,91,0.05115046594403461,226,0.17686788343747134,84,0.0634954030648649,214,0.2866918829894356,53,0.055377056722021756,147,0.35950292524274674,40,0.031255427814773085,114,0.35259385012190947,31,0.006801862258717595,82,0.40208920239457696,22,0.03947856635357727,238,0.06088011202628648,180,0.05769089714533604,252,0.11017626430079831,126,0.05512149397578037,176,0.26889667720853166,63,0.036767173565165456,139,0.17072784827945015,58,0.013784771268945839,140,0.19244280873888145,37,0.0051401000394446505,122,0.31666274345562545,25,0.017868859451242836,180,0.2283717615562414,50,0.06411404027109624,252,0.19722075908100184,79,0.05804799238381064,195,0.3324048575042603,49,0.034966237716836934,102,0.4192565823951695,32,0.018355071055791594,91,0.3665052160149257,38,0.02047341144271375,160,0.34598158042238525,31
"(193, 118)",0.24838057585890572,338,0.00876737015004585,503,0.034182933028110374,208,0.025721881545295578,435,0.030722597582759525,98,0.04878479592544726,443,0.04298365210160737,148,0.026124615136293633,470,0.006613119983149729,54,0.028730551775535917,411,0.0007309489572389083,32,0.03847293575594332,355,0.11711451263822936,289,0.011061923021105568,506,0.04709743515466602,218,0.024602953079552153,485,0.061950935938861806,211,0.030509190517638632,506,0.03253771300842945,86,0.03409515876458784,499,0.005871404615546139,41,0.03860448949160739,429,0.0005311921432067379,31,0.03834899639052733,362,0.33011310688528483,370,0.006683352996739917,533,0.03533813031297295,209,0.024966920412781902,430,0.025643615979309642,83,0.05236756041960167,425,0.03705096792330509,140,0.025450140258851058,462,0.003963501059090602,76,0.027311205974641234,371,0.0007600671269569759,43,0.03573000767318939,343,0.7161321530753986,480,0.0007072346582918521,542,0.09263997060731843,268,0.017296831747034662,531,0.04816048740151557,170,0.0323873613808934,500,0.019829467110838328,54,0.036021316648087366,477,0.003430259840696781,33,0.04571723894192599,389,0.0007919881995257505,30,0.052992709988498476,325
"(193, 192)",0.05123125651681604,254,0.014838735140691079,421,0.30817448797429625,390,0.012358723451481006,539,0.3239620967505785,509,0.022247048571707447,551,0.27425074735990473,458,0.014085374511676676,551,0.5359770829115129,570,0.006638918857596007,577,0.7533719440285005,599,0.003808738857102193,587,0.13323173388181053,296,0.010596561844461422,510,0.2607556820956006,386,0.01390726500778627,549,0.22069409068709056,390,0.019976362364104928,550,0.315475487495523,521,0.015989437476331556,567,0.5505524699223634,582,0.008497390533379006,576,0.776183598391746,602,0.003379478827361564,588,0.029468907079748696,230,0.01495411259229856,410,0.30325229626537065,388,0.012194896913727778,534,0.3505669631592896,529,0.02190105832731319,550,0.2962405832285736,464,0.01272746314474871,552,0.5964037758154612,548,0.005134763070016916,576,0.7504432823010954,589,0.003588209578952839,584,0.0011684701328045222,107,0.0060074300284790666,429,0.16413445630825674,316,0.014294405902268307,547,0.2574673792535662,436,0.018522450986438132,561,0.3879499453434976,555,0.013368151718527963,566,0.6123618325864615,592,0.008119319445554132,584,0.7473258076614182,600,0.005402801846414387,585
"(168, 119)",0.018532601004856764,203,0.0949824325095983,116,0.01731083395995847,162,0.1890075612127369,56,0.13229814488989766,310,0.14463533293898637,160,0.3764987172640939,539,0.07374334490705625,234,0.46676181917211634,541,0.06372991433598738,253,0.5899161250846667,539,0.07424863438762255,241,0.07033164255200675,265,0.116484220298143,119,0.08623141587099781,263,0.13337921120527993,125,0.09898692267906184,263,0.17564022152816888,133,0.24231468612120932,468,0.14649990434208218,176,0.29721952041544464,487,0.1275092187720394,170,0.4373365723815442,482,0.11593560172550399,176,0.015508110524473429,195,0.0971159111875595,108,0.01498199549403978,153,0.18250037017580256,53,0.13251411803429092,315,0.14181097161961295,163,0.43376235548365305,548,0.06422993893024895,255,0.6099356869125392,556,0.03908994934704951,307,0.6702140029887111,553,0.046060535655874264,301,0.10573725917572896,280,0.11925439582921231,126,0.055432220837560164,230,0.1693490699927387,102,0.11404929426981725,282,0.18051478785183045,135,0.34507766631095105,535,0.11441041608036603,243,0.4304237038639903,542,0.08700628167560295,260,0.4542848250576623,488,0.08488843865540169,232
"(168, 216)",0.3976590180926417,399,0.03418102912575703,275,0.4073867316861929,446,0.06595527699160914,238,0.11797531330818845,292,0.1502664193962258,151,0.021465439296535882,70,0.19160083884207754,47,0.011283389442325431,77,0.22040862402355219,41,0.004198143891498418,83,0.3860107974454047,22,0.20249120147687982,328,0.08188077878432788,163,0.1739316798258066,327,0.1055643034904323,182,0.15521247014266326,338,0.15118465516358612,153,0.05339610735264089,140,0.24254596500731015,92,0.03680694843272503,125,0.2558138714812501,59,0.01398833952999412,124,0.3652302139272823,26,0.42293051863230047,410,0.03226415857159134,277,0.4277705415095715,459,0.059710404404918226,249,0.11777544539194407,291,0.14749556584012433,154,0.0143525899365331,67,0.20006818686014993,43,0.0035074568220506697,71,0.2181870705335242,26,0.0019471701328619417,73,0.3227990021796749,24,0.14647068833785026,312,0.10697940348414683,142,0.23684479843127704,369,0.10436357761351892,193,0.13663015571547654,318,0.16996576954619744,146,0.02662094359542544,70,0.26875921714321516,78,0.014700352389728888,72,0.26816787700670636,57,0.012369025848629533,130,0.28217126813289656,46
"(120, 261)",0.5220043869614828,442,0.008194243371883281,508,0.41341506769518976,449,0.014764648888471383,520,0.2539204046865058,454,0.028208351610099828,525,0.08488595219426931,234,0.029565481745597356,451,0.03984165200618062,182,0.02935310837427081,407,0.027751194541461688,194,0.029455061448574054,400,0.54831516410755,501,0.009962087456717212,518,0.4015638129238517,475,0.017415335874745856,526,0.2439365144127763,412,0.02727693581144506,520,0.12096265789566818,300,0.038498572217004125,483,0.08705135486928273,238,0.036876599431760936,438,0.02859851018062809,186,0.02836792411303812,407,0.4629082585044867,422,0.008836036592313261,494,0.3788730677712142,429,0.015038096683946888,513,0.2514213039191996,447,0.028133449880953613,524,0.08164426254092261,228,0.028904528260666373,437,0.025080897339911923,181,0.025267280659613544,386,0.015268141043335959,175,0.031311045418555665,360,0.9997000299990002,609,0.0,610,0.46653611504261794,510,0.01788662614182573,525,0.3026598728291352,474,0.025527597413922284,531,0.12155561592369901,300,0.03572597029233323,478,0.06547882550644013,214,0.03898425010383084,419,0.045659673438342874,223,0.0407455592294151,371
"(120, 180)",0.007394697069252443,172,0.033865704429493236,277,0.016590580815149303,160,0.043125223675312185,326,0.049335405456091386,149,0.048703182568139505,444,0.17609979593263492,367,0.023181628970149016,490,0.2854839185809608,419,0.015225538467932299,508,0.3389634554613,406,0.012789970250202065,506,0.00598061995234711,120,0.04492054677539486,262,0.01803311582710576,142,0.048995905362158844,344,0.0528079094513173,189,0.04542778147560289,438,0.12912619282359694,311,0.037669536929073794,485,0.1726301151806774,368,0.02935196566385234,478,0.3345339411017385,415,0.012496698653050444,512,0.011609548195232411,188,0.03018682073956461,290,0.021116366692318977,177,0.03936869804111256,332,0.0501813083522169,155,0.048140399398178865,443,0.1814955165245582,367,0.022147216050432374,482,0.3538180429502915,425,0.010457138719811986,514,0.4251197800581097,429,0.010330527982684882,504,1.000088900582341e-12,13,0.003996824218316023,452,0.011302272883412234,108,0.06181609826383029,295,0.03547974908188556,135,0.052159655055695996,419,0.12850884354876868,314,0.035069645057324045,480,0.21271474452703587,393,0.026322286596140873,489,0.2653283759196946,385,0.02266365673010502,460
"(180, 125)",0.03541424524981829,236,0.02025929683012606,375,0.03056097419084569,197,0.035488465316142324,370,0.08861546248366425,239,0.04310831644814905,456,0.29777638693865227,483,0.017887591278081247,521,0.39914102707632515,492,0.013056839951004208,522,0.4973888329675419,493,0.00987287564032165,531,0.032383646617644146,221,0.02438108762583042,391,0.03671651686103217,197,0.04114051583900795,380,0.08401015557985003,242,0.042323741743894326,451,0.20506309823728075,428,0.0334928681707923,501,0.26677136471446516,463,0.025575291675902233,493,0.45512632960034816,494,0.010890043137600138,521,0.05244808374640131,252,0.017800712293120746,384,0.03797109908515184,212,0.03228574844109409,377,0.08844384508447123,240,0.04250771237666686,460,0.31710132645752576,480,0.01645915939283852,520,0.48506308131325526,495,0.008717747514072166,527,0.5799058817642093,498,0.00799800069089275,533,0.00018275210373652762,68,0.003332944941375395,465,0.031291960071283764,188,0.04609825782423527,369,0.06383164901695326,211,0.04753169323686932,437,0.21917865786920765,440,0.030225765936521418,502,0.32076616377752265,472,0.022043088537291644,511,0.44644693124094814,485,0.015044540547582193,509
"(180, 120)",0.3029335979051826,361,0.009906065990614997,483,0.3247412796027981,406,0.016142239417481944,512,0.17018752163061013,365,0.034680737718894905,491,0.03666885559867661,120,0.03595418893121665,406,0.018341572758911795,124,0.036453117865661445,371,0.008957900820999898,118,0.037665198471831154,359,0.31617764675647664,379,0.011407345750161016,503,0.29758395410923233,412,0.020481120890584674,508,0.1775331698732956,359,0.03298132882767566,498,0.0690737422177119,180,0.048136796333664265,434,0.04521548928068042,147,0.046213754609386024,398,0.012293068658382866,114,0.036295558587903856,368,0.2449381888906339,344,0.010649480481771837,457,0.29260644799817426,386,0.016345590602232573,502,0.17045299015321436,364,0.03415770868520829,489,0.032182061397942885,124,0.035285996299553715,387,0.009839295188575514,121,0.03196556342968515,341,0.0045817418357414486,117,0.04015661254673461,327,0.8392330143910509,521,0.00020051863874941402,566,0.3212485781441544,422,0.021210375816748117,503,0.21637934418610927,393,0.03164147401630349,505,0.06260440590139171,170,0.0458960281384528,434,0.03139425122541484,138,0.04783200494645064,379,0.013096318550723018,132,0.04878119852382837,341
"(203, 123)",0.39499091171313494,397,0.0038195855684577894,576,0.24233944871514201,361,0.006412129530295353,590,0.13298388983585552,314,0.009000753806369369,587,0.03843485327972462,126,0.009285879855775473,573,0.01593945258553453,110,0.008356635914186597,562,0.014315506100376352,151,0.006516597115937117,568,0.44070786961593345,446,0.0046524123819655745,583,0.2275796663913583,362,0.006676590085620648,587,0.12473997289104999,302,0.007845433754885396,587,0.041500337523281305,110,0.011291570844726335,580,0.024381750975508654,93,0.010082717069337256,571,0.014754788469879876,130,0.005991944713443084,574,0.3910236827732647,395,0.0034471605673352225,574,0.2235441263917881,349,0.006116882129338579,588,0.13664754375322985,322,0.008991284378125299,588,0.03967816883151043,147,0.008841487791117352,572,0.011848868285782244,132,0.007269437103555295,547,0.011349045451131357,161,0.006863071782533864,548,0.742656204945105,495,0.00019238950474605938,568,0.26397520264113983,382,0.008428894640018211,580,0.17984231828032282,359,0.009301407977506738,584,0.06503569690124034,174,0.012576583707819918,569,0.04956868372739365,185,0.0120472561666879,562,0.0432575922093853,214,0.010073688594980125,550
"(203, 158)",0.018881069082885227,205,0.010524539063313505,476,0.05338707411522492,243,0.010616913656861184,561,0.11734223094359564,288,0.00938412490842017,585,0.29080817016135396,481,0.004730015910329335,599,0.41906994234981143,503,0.002810350221082008,596,0.4341225692478238,454,0.0020897082268122045,598,0.013652235754760378,166,0.014813597661680025,474,0.05907483906716948,236,0.010466424611791243,564,0.12526038821831798,303,0.007834553615619614,588,0.27944571126260065,498,0.00597960399983939,595,0.3579544571136436,521,0.004117718177604934,594,0.4299074181471998,475,0.0019472444757461043,599,0.019410228998073653,209,0.009379628710778853,483,0.06074224441458953,254,0.009443962515120157,567,0.1140338804618034,282,0.009550168685797914,584,0.28609280937516157,453,0.004576571422779929,597,0.4601395930114943,479,0.002146659713341676,595,0.46597845915773395,442,0.0019893737026654397,597,0.0008416306139717999,95,0.0018453134187614991,498,0.04608032403593709,223,0.015081799437473087,543,0.08262167941358256,245,0.01205446624127182,576,0.21369042146113837,433,0.008459634506398674,585,0.2532267323018158,423,0.006994995245735378,587,0.2733114527554351,394,0.0054490821921799925,584
"(187, 124)",9.999999999998899e-05,43,0.02486824382198724,342,9.999999999998899e-05,23,0.03385534977311374,381,9.999999999998899e-05,18,0.04798442055104304,446,9.999999999998899e-05,18,0.02395014278033915,483,9.999999999998899e-05,19,0.014909065176649383,511,9.999999999998899e-05,21,0.01100615069902997,517,9.999999999998899e-05,26,0.025540892414013125,382,9.999999999998899e-05,23,0.06386479272430333,277,9.999999999998899e-05,21,0.10425626781356136,247,9.999999999998899e-05,19,0.09923938177429298,292,9.999999999998899e-05,20,0.05373032824873557,366,9.999999999998899e-05,23,0.021457654723127034,446,9.999999999998899e-05,50,0.02690505331172196,311,9.999999999998899e-05,23,0.032179398114202784,378,9.999999999998899e-05,18,0.048133848004130404,444,9.999999999998899e-05,19,0.02227728347152762,481,9.999999999998899e-05,21,0.010913572975178391,511,9.999999999998899e-05,21,0.00842828013561063,528,9.999999999998899e-05,54,0.002576935479063415,481,9.999999999998899e-05,19,0.04368082153193989,382,9.999999999998899e-05,19,0.07185688561748897,356,9.999999999998899e-05,18,0.06318423148789926,373,9.999999999998899e-05,19,0.029014330454861837,475,9.999999999998899e-05,20,0.013363021318098528,523
"(125, 180)",0.4562659853751019,417,0.007684517431451519,522,0.5038584542797244,501,0.011847049938254183,549,0.31186310416958263,501,0.02745525083171537,531,0.09819167308718246,255,0.027347319698104233,460,0.053754622989126366,212,0.029985212525715215,401,0.025161705472417473,188,0.03192447523629369,386,0.4478202349669492,447,0.009283235843365186,524,0.46590484486134676,512,0.015484537180527789,538,0.3340916515349943,493,0.025445445701704983,531,0.15174696692107803,350,0.03961576222039743,474,0.10518203860461672,266,0.03932637475567735,427,0.035681747619592974,205,0.02991625583237961,399,0.41345329522222785,405,0.007816847312729023,511,0.48406167993504945,487,0.011552961705056937,538,0.31267527698141706,499,0.026989475689414535,527,0.09014118140129102,239,0.026391017577682908,458,0.029369628391268554,188,0.026589374523630378,375,0.013899760050553489,169,0.033798717874251406,351,0.9997000299990002,610,0.0,611,0.5054973839505377,536,0.01527219131440666,539,0.3429829283647987,503,0.027392455347911945,523,0.12331380587452845,304,0.040692164570569386,453,0.07189244711322229,226,0.041412847959265205,410,0.04004891398549737,209,0.03852238854578583,380
"(125, 140)",0.01219084390824321,190,0.025704631032316794,334,0.008522549534731083,123,0.04615193253391448,311,0.03334176340634942,107,0.05784740654153403,405,0.15629118348135618,349,0.023422225674247232,486,0.2413354979602853,386,0.018176293875918886,486,0.3533469705427513,412,0.013232340505077432,504,0.01296626220706587,165,0.030231685099207085,340,0.011355232158841044,107,0.053407055195838965,320,0.02868446460983698,122,0.05767881828887411,400,0.10159651297480665,263,0.04528437957376722,444,0.1471629314347065,339,0.035161303322788,444,0.30181891791313076,399,0.014682740558147724,497,0.01658610051358722,200,0.022834544378654727,348,0.00991401698043437,131,0.04222571533075174,317,0.033159306218919715,108,0.0570195541473978,405,0.16785433890224388,358,0.02145127088820846,488,0.33061095292813547,416,0.011864110765292993,501,0.4382181152266491,435,0.010698902214219552,499,1.000088900582341e-12,14,0.0035768189614760336,459,0.008415126608578682,82,0.05981187841106267,304,0.027003135779877008,109,0.06391219457475071,386,0.12670149584176305,309,0.04032621353044305,454,0.1993716666152059,382,0.02947644065734816,472,0.28471560070845425,398,0.020034247455866544,475
"(140, 243)",0.0239583385308324,222,0.024032276484755248,349,0.014873471562551588,155,0.047294053489210175,303,0.05250279187757856,159,0.0607518542343103,392,0.21034042862807967,396,0.024235642778518748,481,0.30646742971354013,436,0.019471110509552893,472,0.43196323530042835,450,0.014231789268193205,496,0.026581797491715964,211,0.028264694558752447,353,0.025895643163087456,170,0.05138560867560127,331,0.04622138475576221,167,0.06062178929223628,389,0.1504243588480163,348,0.04731642143335714,437,0.20445067225109392,398,0.03719245571966873,437,0.37345775333447984,431,0.01603299146051589,485,0.03105073517705592,232,0.021633055105318676,358,0.0165903795424841,161,0.04360024650454646,309,0.052253814601793236,162,0.05980792824510076,391,0.22561802744782689,390,0.022132294896064306,483,0.3920738502270289,447,0.013137772698676097,489,0.5054000227242925,456,0.011800203599367802,490,1.000088900582341e-12,15,0.003498237332776939,460,0.017199577087224416,139,0.05732357069454596,319,0.04307421856802662,155,0.0670832622931195,375,0.18790757789821944,398,0.04144196642995866,448,0.2810104671584872,445,0.029925594499017116,469,0.3868058119852643,450,0.02001710658706447,476
"(140, 125)",0.36051403856452224,382,0.009734337893715004,487,0.4287876059139204,458,0.015423984477712689,517,0.24478542224424094,443,0.03636568899195744,484,0.06657134745716753,202,0.03556310551181867,413,0.03457927010057904,168,0.04029460377937067,347,0.014539078448149167,154,0.04407877058243115,338,0.3452938325209558,393,0.012023829370766922,499,0.3491326918952051,444,0.021590045962224785,499,0.26352430174211205,437,0.033934087689655765,490,0.10261506241184071,266,0.05375030212943186,421,0.0693709489325045,207,0.0533242992725734,369,0.02192029925734551,170,0.04125528215511928,353,0.3223923211396098,365,0.00991623756335476,475,0.41341678482698174,448,0.014927199947439941,515,0.24548203983329997,440,0.035710137097999535,485,0.0598790020764417,207,0.034439713468791135,401,0.01926885663404243,161,0.03586677990280347,323,0.00842147627555856,148,0.04619963132006371,300,0.9997000299990002,611,0.0,612,0.40830304537449735,479,0.019945501075984376,510,0.27393953179506814,452,0.036207766883549763,483,0.07797951378873258,208,0.055559920007875914,401,0.041063876864514515,165,0.05681508177982968,350,0.019987620562242236,158,0.05374176595514919,321
"(126, 252)",0.0017856328619294537,119,0.10991437947794659,95,0.007719383503205668,120,0.1040895017147921,148,0.0654878106261767,193,0.10265243411250177,255,0.3349128943344918,515,0.03846027818197485,387,0.411412643629422,499,0.031257845139818295,393,0.5348228338093567,515,0.03604919284687829,369,0.013854951126367254,168,0.1348276064723584,96,0.014950920580483418,130,0.12669846642763338,137,0.0627272683170157,212,0.11481000290137049,218,0.20951130055578993,430,0.08616692031104964,323,0.27781422933379707,472,0.06369063211558225,334,0.46545186681055817,499,0.04769400915573553,326,0.001833660678141169,120,0.10408374038422663,95,0.007482568623338626,117,0.09789864056112324,150,0.06591351281085156,195,0.10027210963203592,254,0.37348602797005137,520,0.034496301242904,399,0.5377682722095823,520,0.019618356386606174,429,0.6224496226699117,525,0.02095300400778936,413,0.0293936159231849,211,0.170939429822541,86,0.019220642111761,146,0.1384749550597092,136,0.05876088924846257,196,0.13321832957506186,194,0.24360746007982526,464,0.07882664958895146,332,0.3624746176587874,500,0.05596787974193808,351,0.4888214255308444,503,0.042226530293914474,364
"(126, 260)",0.6784110595907221,507,0.01517589323802774,418,0.5165568610259966,505,0.025638646272327523,436,0.21269503747173746,409,0.06931655281172128,362,0.02852506132804189,90,0.0874139707497515,197,0.016826787315404435,116,0.09072309232876606,178,0.006674988225816025,101,0.1554110963241315,112,0.43866593336220017,444,0.04261892796616776,272,0.4280611017689673,490,0.041415103211992405,377,0.21889568568610152,389,0.07569248886385746,336,0.06695766199107234,178,0.126030684540657,213,0.041960449580322745,140,0.1195951800431217,182,0.011393365307801107,111,0.164262369046571,109,0.6759170002844689,504,0.014516372083108213,414,0.5205108230825147,508,0.023804020149330838,437,0.211764791979836,407,0.06795483872105701,363,0.021916029257557534,90,0.08877214102236371,185,0.006518043719812017,98,0.08540604058693631,157,0.0031234408193198115,94,0.12238737072510111,132,0.3304905157750907,379,0.07630276146682093,187,0.3924336115953092,472,0.050664659844190975,337,0.22835343302263655,407,0.08473397660653897,319,0.05292668756657992,143,0.13112284320091808,198,0.02363868448703832,108,0.13904550489858408,154,0.009563101719566425,113,0.15671210710986094,126
"(128, 247)",5.2459017465755764e-05,21,0.20413642180787278,27,0.0007949777179254713,45,0.11712460268406219,121,0.009467296645658818,49,0.10117821934706962,257,0.10714729329316963,274,0.04155739187104745,369,0.20537503304121496,361,0.027883908498501322,417,0.2964525292180882,391,0.023663887823825114,428,0.00022530996539105175,34,0.24801232007733628,31,0.0014764566158160797,44,0.13851818754204265,116,0.006695461560283444,52,0.11212324851091428,226,0.03550913595359084,97,0.08687156094039214,319,0.07954837036628748,229,0.05367189231668246,368,0.25682038230847315,378,0.028933004665903688,406,4.510182560413245e-05,23,0.19232612586785455,28,0.0006659365798891148,45,0.11158993025540215,120,0.008622908944027952,46,0.10050669993430969,253,0.1413399375267057,328,0.03514860906688168,389,0.3311705487661004,417,0.017641697641903112,444,0.386834639111146,413,0.014297047197757349,474,0.0006481516055671932,90,0.21897177293702902,54,0.0015991684027913955,41,0.13757644954585233,138,0.006544860158955723,49,0.12595562458509493,213,0.052424994165423566,141,0.07293463895648265,348,0.10831782887190955,277,0.048949131168037514,374,0.2447649436067807,375,0.028488123949050478,428
"(128, 181)",0.891847744044552,591,0.007938960528569846,513,0.7470386012545807,588,0.011957822473814661,547,0.49014659315772935,577,0.02714690757110887,532,0.14473315855029345,330,0.037594069367094134,395,0.06892291570308462,238,0.04012499431358994,348,0.03699799939300874,210,0.04735273531389169,328,0.8283330232771917,597,0.016069353207933686,465,0.6958141464900538,585,0.017799833736779107,523,0.5344428061945554,575,0.02604086665642654,527,0.302537235026628,516,0.04253352554145137,453,0.18512032751037033,376,0.04050164225119391,420,0.04837259128201832,223,0.05047429351175279,316,0.8969688449744537,589,0.007098673547021268,524,0.7602331943596954,589,0.010677109264397166,557,0.5023428545484983,578,0.02592663799339872,536,0.1099705838581001,280,0.03821532858634168,368,0.02925842070883422,187,0.03961022569279675,306,0.019983621664231732,191,0.038388110530611745,332,0.7621950907303632,502,0.020745549976560997,328,0.6886047050471904,590,0.018218760867201964,523,0.53726090572299,577,0.028981616792483417,515,0.24500271505409232,466,0.043623750620277076,443,0.14331265791885683,321,0.04458787615734493,397,0.05251013021989359,231,0.047588194055203877,343
"(130, 256)",0.026562348104607336,226,0.014225720418260786,424,0.038979052251108426,217,0.03353851538200314,384,0.06617766853229368,194,0.054354260769964406,417,0.10179716981343656,264,0.0299957038469987,448,0.12743633356575557,308,0.02199952711533051,458,0.13411069488293903,302,0.02105268188958481,444,0.031979050290132705,220,0.01288858557788143,487,0.04458026681251093,215,0.029968926680639024,459,0.05832941420993598,205,0.05817183793285888,396,0.05639080396278118,151,0.05813875673049898,405,0.07610407357439342,222,0.03563332460152739,441,0.1281537358664837,304,0.018514503917598377,465,0.026726733578389172,227,0.013801873720500294,421,0.03983820410670502,222,0.032644379929010044,374,0.07320919985780328,209,0.052078039197998506,426,0.10703220395432633,273,0.027934090164312878,447,0.1527279065315007,321,0.017214860677479543,447,0.15124445770422756,312,0.02045852656421481,417,0.0001248904149683261,60,0.008806561836967507,401,0.038769520438294514,205,0.0282044244189294,463,0.06187537527151332,207,0.04744267787237094,439,0.08444156894079358,223,0.04425123732223282,441,0.12193260698642172,298,0.029433972585780108,473,0.12288850508931737,294,0.027092857228561484,437
"(130, 133)",0.34540134525983013,374,0.006049531589572369,548,0.2887255958986745,382,0.017205177753549603,502,0.21119092982852372,407,0.03691863712749206,482,0.15148510093243384,341,0.026273281447779292,469,0.12259491797269062,298,0.02228539207586823,455,0.11631155893545908,289,0.022076028205484963,436,0.31803727401809656,380,0.0059933242260072125,566,0.2688606727495386,393,0.01646428910008993,531,0.22942424227102354,397,0.03685209837352585,471,0.23434401596841203,454,0.036161842174670576,492,0.19132639477724733,382,0.02620599673564793,489,0.12189843345854057,296,0.018825930979839773,461,0.34449499832810426,375,0.005886525604695695,542,0.2854967341087443,377,0.016931988297363358,499,0.19679940928420325,393,0.037454319775055374,477,0.14487388938190437,333,0.025252786877492255,464,0.10084923849711569,283,0.019769033504133348,427,0.10198200171829575,279,0.023330622751159383,401,0.8574145723714512,532,0.0004633606381912135,554,0.2895239563003331,402,0.014429542092520843,545,0.22087045740933842,397,0.03104292242743504,508,0.1768248897845175,384,0.03458833988498398,482,0.12811840957154685,305,0.02895242784206772,477,0.12713554418467876,304,0.02678774976388453,441
"(256, 130)",0.3529805574423258,380,0.007980108092130235,512,0.29124825007669786,383,0.022241067639414403,470,0.19657656888433128,392,0.04981542915807708,436,0.15430435017531352,345,0.03261405133296035,435,0.11160072424019574,283,0.028678882666755032,413,0.11169623105938387,285,0.02871529942571525,402,0.3035596724482361,375,0.0075213400482872185,543,0.21255245883885565,353,0.02485601159385695,480,0.17069275300074072,354,0.057693325141228484,399,0.23010613554067938,451,0.04425930460236618,446,0.1883891925080724,378,0.03280774578354525,459,0.12285878145058526,297,0.023704771546791088,433,0.3431215856937424,374,0.00799730960493092,504,0.28743011680574626,381,0.021981088184032962,457,0.19050176452504297,383,0.04918106314510758,435,0.1457665028159436,335,0.031569502737046465,417,0.08698224557121992,272,0.025458806930756035,385,0.0953737402538738,276,0.03041456622023582,365,0.7322061872064796,488,0.0010351097297604886,529,0.2669031798773276,385,0.019177927515349972,515,0.1894803579149147,373,0.04393563993815246,449,0.163608696594421,367,0.043998651549971714,442,0.11999536945736611,295,0.037453240133911186,427,0.1241943865538696,296,0.03390978075114715,401
"(256, 190)",0.02522472994553837,223,0.01923018786801877,380,0.03832083834214517,215,0.04372854951158248,320,0.07332456656298736,211,0.06920295266307677,363,0.09966260908326885,260,0.03772999285188102,391,0.13943103057199913,321,0.02662756288607917,428,0.13932030264961537,305,0.026676041588114523,417,0.03526487324942962,224,0.0154144892840994,470,0.06555285813355383,241,0.03678942019006583,410,0.08828918898581173,246,0.07187227996518357,351,0.05805644930721088,156,0.07004285317257555,370,0.07771209657440714,224,0.04407227920285329,405,0.127165953648693,302,0.02343406109692754,437,0.02697767672705076,228,0.018667739884371818,376,0.03932148808231706,217,0.04265958544054219,315,0.07655160370980507,221,0.06664682770161223,367,0.10630586694475164,271,0.035072595638968876,391,0.17273925174877602,330,0.020254331233311773,421,0.1602022333118397,315,0.02558595959194529,387,0.0009609937757006914,101,0.009454182845901426,396,0.04517513744474966,219,0.03466994036590076,434,0.077110159572642,231,0.05928813938634091,400,0.0929998958366145,244,0.05311461129137957,414,0.1301418827737174,308,0.03645344095750386,430,0.12580908979077932,302,0.0337640833663295,403
"(133, 130)",0.03960129752609076,240,0.010719360180579023,471,0.04261416191098166,226,0.02659725475313935,429,0.08938055497912734,242,0.0400255894330694,470,0.13189267442867114,320,0.022386415904018603,495,0.1418178917192341,322,0.017672520065305265,490,0.13695229321509728,303,0.017616744855919,465,0.0377407964779789,226,0.010384270792229427,513,0.04783292181503673,221,0.02540934103185176,474,0.10359295525942547,271,0.0376794156298534,469,0.0902178957759543,224,0.03995194272177088,471,0.08865049147439708,242,0.028700102766639125,484,0.1349765095353782,306,0.015235716172198254,490,0.03994717201580489,239,0.010402125853152944,464,0.044007760524812145,229,0.025767177650420862,423,0.09433917072854359,250,0.03893165913298347,472,0.13227893990527906,317,0.021453523137924393,487,0.16263696068716138,326,0.014132584122349818,480,0.14981869870396602,310,0.01743663504660469,451,0.00017462012131241877,66,0.00714008936627981,417,0.04418715337629897,214,0.022897476076389787,491,0.09190483142184025,258,0.03338606354245991,495,0.11441134024216426,289,0.0318546458379533,498,0.1382730262987384,316,0.02328689917575951,504,0.12436459945707745,297,0.02276135968227685,458
"(133, 265)",0.2863799934844542,354,0.005543164633921044,555,0.2755274424848484,375,0.01427687564089082,524,0.16901151254843927,362,0.03236781046885345,505,0.1183517480471622,293,0.02320954182863204,489,0.10956721096005095,282,0.0192596602980746,476,0.11376416922165977,286,0.018740460893513566,460,0.2935076970008881,372,0.00524131015962608,574,0.2584724670574974,381,0.014479857108810251,546,0.14916993684357915,328,0.0333672537675149,494,0.16773828501574628,384,0.03249062513039788,503,0.17013341258830383,364,0.023094787111854437,509,0.11552761075773699,289,0.016046747072805703,484,0.28509225249410686,357,0.005402842556757412,551,0.2707702202305845,372,0.014061866650596746,519,0.16167394143700897,355,0.03253271098449562,500,0.11799310764212911,293,0.022286574001605854,480,0.09366962680444613,275,0.016986154338375796,454,0.10308575525789676,280,0.019750820053009203,424,0.8415159446142655,522,0.0004227149681744404,556,0.27016912669913684,390,0.012522019691445039,557,0.16521607541244943,342,0.027457472839849638,521,0.13622261118841505,326,0.030054723602549332,503,0.11260476797252128,286,0.024936675786505085,498,0.12563756111394642,301,0.022684225772667512,459
"(132, 182)",0.3734889467278131,387,0.04351144909962413,238,0.34745100565656517,415,0.08650493322265777,187,0.27230925757194413,470,0.16907676947519318,130,0.19271933842957778,381,0.12530355233600285,114,0.13387453540527305,312,0.13489568737044114,98,0.0814384323701619,266,0.19379269032276564,85,0.24588305663232335,352,0.07856088255507274,171,0.24960785329508228,374,0.13528999183791865,124,0.26701228754272455,439,0.19820797706210638,107,0.22285701834227156,444,0.22644866633967145,100,0.1844300008340174,374,0.20463558143752394,88,0.09154476765622055,275,0.21034752178888985,77,0.38176911248067935,391,0.04073963811981079,239,0.35750503084695295,420,0.08100846140316643,192,0.2732363997410794,471,0.1697829044396026,125,0.1799680929391636,365,0.12374113317439957,105,0.09482983293963065,276,0.12163801681517496,87,0.07904017160409338,268,0.16184621216521505,88,0.23712911393044023,345,0.09337936229653455,159,0.30179164478193643,411,0.12539797608029374,160,0.2714265692339888,449,0.19470841329136124,122,0.20499371042396852,419,0.2197297332236806,106,0.14566869841764973,324,0.20126842772402084,96,0.10325992282088503,278,0.18945459469558673,91
"(132, 143)",0.021915588514292317,217,0.11197259740216119,88,0.02619413256726766,190,0.20477207251880952,44,0.043551855275186235,136,0.3114840812793776,44,0.07535497181032613,217,0.1713567348266308,62,0.11652658984532005,290,0.14128271932273034,89,0.18184663015243796,329,0.14826732121178646,119,0.05211105812144079,242,0.1317667772898948,100,0.05080471184139268,224,0.22999430807192453,53,0.0451417651341266,164,0.35845834826685785,39,0.06103125234424844,164,0.34870735841644024,42,0.07994261229092436,231,0.2703951478026075,56,0.16574968511766575,324,0.17258286380843382,102,0.02069767642138509,215,0.10764079550424692,92,0.024456817021792476,186,0.19807262541694368,43,0.04327955821386664,132,0.3137948924828045,44,0.08254683452174294,231,0.16045224048171117,70,0.16097350572905111,325,0.10196853783512207,115,0.1860161222243626,328,0.12167507864254859,134,0.05532435666563296,245,0.15168422107992835,101,0.03568831775787362,200,0.25547646918564526,52,0.04381273392808449,158,0.35760373987310706,43,0.0691073432727467,186,0.315714315547251,56,0.10638514685312561,275,0.22349650430187168,83,0.14959546902533727,320,0.16743372054555955,112
"(182, 132)",0.019410956653931333,206,0.07951178835708696,142,0.030478872358082887,196,0.13535801143139314,98,0.04877338874482162,147,0.20383700377843972,108,0.08325904913623206,229,0.11359319800046845,125,0.12438538469666383,301,0.0927766585924324,169,0.19062121741662907,336,0.09820247918523152,203,0.047352148514913095,238,0.09274960090481564,146,0.052586015995665925,230,0.1540820415703376,101,0.049900356864215234,181,0.23551789462905123,83,0.06325561433805427,169,0.23138193805303467,95,0.08010310792643127,232,0.17845678763576278,111,0.1697723196404034,328,0.11477022625231094,177,0.018665667046772083,206,0.07602534557977644,144,0.02978110677694934,199,0.1294629361979161,96,0.04908825662014049,150,0.20518109439021767,98,0.09153307806801436,243,0.10679013874984375,136,0.1747710719046841,332,0.06702856896853687,204,0.2004267400942148,337,0.07949470060804677,212,0.05627180252238162,246,0.10376839555282175,147,0.035463297618666845,199,0.16657006931585652,104,0.047457870458949225,169,0.2313020994510905,103,0.0733628225406654,196,0.20437172272446572,117,0.11064219237552297,281,0.14370691560154583,150,0.1560420326554557,323,0.10725727244211099,193
"(182, 164)",0.391018295526403,396,0.02922232784363254,305,0.32513862307556507,407,0.061488525170720634,250,0.25560588400192463,456,0.11735107032272554,204,0.1787766628595857,371,0.08804929168087593,195,0.12561663660806377,304,0.09247254095759709,172,0.07648658777889639,260,0.1331428255829144,142,0.2599607690521579,359,0.05257621788498142,231,0.24455335277406898,368,0.09231045822853752,208,0.25224637518235826,417,0.13723034321505984,168,0.21768577011254686,438,0.15325658130411265,168,0.1841501101251064,373,0.13521520543252666,159,0.08888468213480172,270,0.14239974909763184,132,0.396634843984763,397,0.027447910349567586,306,0.3285580210124076,408,0.05815517573522353,253,0.254659099635801,454,0.11852504938113266,201,0.1657670516185471,356,0.08761082476258472,193,0.08570752138409499,269,0.0849982828679139,158,0.07136018788929088,261,0.11216001809772158,150,0.2346519647504246,344,0.06446945206927106,207,0.3027285724059836,412,0.08150273845981981,238,0.259632141077508,437,0.13126920004207998,200,0.196502763010171,409,0.14716005087515005,169,0.14054911080293153,318,0.13269112971548552,167,0.09837464717986966,273,0.12508720417003055,165
"(265, 133)",0.018289428235386707,202,0.009710405127154369,488,0.0230914065954001,184,0.02332562012876216,453,0.05092009879622306,154,0.03479998259542236,489,0.09002327125165777,244,0.018733775651006746,515,0.11476593936148494,287,0.014567599762097453,516,0.10390795037958012,280,0.015326297185717973,489,0.03039597122076354,218,0.008684742989897583,534,0.025534114290775234,167,0.022366595671792926,497,0.052134133037388564,187,0.03367360435546909,493,0.059941279365272604,162,0.035446966541773386,496,0.06870467221142906,204,0.025253894049610093,495,0.10165116040520772,282,0.013653820758869617,505,0.016439324156457102,199,0.009452401692155587,481,0.023096916073774842,181,0.022606353224113127,449,0.053850837144497454,170,0.03412646357513101,492,0.09183699767249343,245,0.01778460835066627,513,0.13993120112619584,312,0.011372208681937238,508,0.11737294093255768,289,0.014725798118692929,468,6.1634740772476e-05,36,0.00625943318258306,426,0.02463822456051057,162,0.020338897540941762,509,0.04440510165130074,161,0.029489757791704603,513,0.08484801791769725,227,0.027716813560872678,516,0.110491149062929,280,0.01929058166142294,520,0.08316690617499889,259,0.020329070399262253,473
"(265, 197)",0.3995479962037388,401,0.003473610136072474,580,0.3658895738805332,424,0.009286811916547755,576,0.24927478156125016,448,0.020495066155034804,557,0.16803294687497927,357,0.015215238478967661,542,0.13582506586574317,316,0.013772063973096122,519,0.14876903128845165,314,0.01359823859104277,500,0.32554088919551827,384,0.003939978003288712,586,0.35119428926786045,447,0.009335215282921307,576,0.2458181577878562,414,0.020081323707610125,549,0.22546731517105,446,0.022792565608341055,551,0.20582776565549032,401,0.01751818566506136,534,0.15167558559746142,316,0.011948675059424244,515,0.41471078025798735,406,0.0032229609782452886,576,0.3658548206410994,426,0.009001445312531341,572,0.24107390464068224,432,0.020706436820245623,556,0.16531640982255247,355,0.014619915968563097,534,0.11117061461556399,290,0.012278717444202992,497,0.13295051376297118,298,0.014126616796030729,478,0.8861162431210972,538,0.00025742257677289636,564,0.35642425750853446,447,0.008347212320576676,581,0.2694422222573273,446,0.016168148070222238,565,0.17616151640775157,381,0.02172635414315249,536,0.14072642901066046,319,0.01779628138048585,527,0.1789301244129351,336,0.015747316168467314,505
"(135, 218)",0.00018419080919740427,56,0.42496363898975176,9,0.0013159230988293302,51,0.40400333606142746,12,0.05660007239583664,177,0.3238048758689059,41,0.36650706262954724,535,0.1095476539242445,139,0.4323341952434453,515,0.08542391976461354,191,0.5910590385307907,540,0.06897152367610213,261,0.002889424902719595,89,0.42870079075418493,12,0.007570908110440477,87,0.4050329939201747,14,0.0336235733851582,135,0.38443009403853706,32,0.15948074083007113,368,0.280487910492532,70,0.2514587565949963,449,0.17402925826666937,119,0.49849725054077576,515,0.08760454265340259,218,0.00015822498863871104,59,0.4033979101657974,9,0.0010828444450208252,51,0.38743994616337857,11,0.053834861749987306,169,0.32800562210400036,40,0.4527273429148426,558,0.08770738996915543,192,0.5965524004398518,549,0.049702657298594105,261,0.6776071322811124,555,0.04382506962425828,307,0.018482071347959872,182,0.4122446435781196,15,0.010682633289579524,104,0.39846557360507917,23,0.0345436391262548,131,0.40742192808395683,36,0.22987411512724598,451,0.21841012172844246,108,0.32521593067526633,474,0.14474198487128934,149,0.5068998353754541,517,0.08112430386646577,247
"(135, 136)",0.83883663222276,573,0.02563787120980555,336,0.7059601907814766,580,0.049720450023297565,293,0.23380417744311344,429,0.20180795930151194,110,0.02299371923628224,74,0.27569408963425657,27,0.01450045261974331,101,0.26488589832081016,25,0.004156027310207033,82,0.3600150395265523,27,0.6306778507209854,539,0.07120145941103025,188,0.5190238871215334,534,0.09896400865837818,195,0.31061722902687094,476,0.18321322512928165,123,0.09588601274105757,242,0.332326628881133,51,0.05016851892800811,156,0.2978293066274407,44,0.00888201555150503,97,0.335410797605423,32,0.8463573863602597,572,0.02306609477394433,345,0.7224863188727206,580,0.04433872605858468,302,0.24111730491069494,433,0.19898775922417386,105,0.012510684196817778,60,0.29010468456679667,22,0.003958250302565025,75,0.26450144953343907,17,0.001801008398544024,72,0.3163807308177908,26,0.3980496789901422,408,0.1481697254791447,105,0.474117254938906,515,0.11254382166347245,181,0.3066201024062152,479,0.19677362555672973,121,0.05814917173602829,156,0.34534640547574136,48,0.03046292340332568,136,0.31870920095963445,46,0.008324105525979952,99,0.319162977094657,37
"(218, 251)",0.4070893954382452,404,0.15355598923781277,50,0.49506306189812377,495,0.12477653251620749,110,0.48392864081623144,575,0.1636154952484327,138,0.49855030715324355,580,0.0928169292700302,181,0.46841451065287987,542,0.09419138125568292,160,0.5131874018409266,501,0.09427106622383616,208,0.3648836777530796,405,0.22690195391724965,35,0.5386722351606248,546,0.13755883138333494,120,0.5036033366649567,568,0.1598271124537061,143,0.46852166953362495,575,0.18484337688983438,131,0.4584402257183018,568,0.1540849739053338,137,0.5380325883605452,536,0.08929648296504973,214,0.4024711889003715,400,0.1482091598396054,49,0.48627266656788304,488,0.12036557055702345,107,0.486271112926311,574,0.16510621699577763,133,0.5034243621211174,573,0.0879027726320128,190,0.48523558664170274,496,0.07334233156206185,188,0.5658322923070546,489,0.06488354177302645,246,0.25840689143990814,355,0.35766834759093113,20,0.4481637642814089,502,0.1993192739643012,78,0.37571576548794916,524,0.24762986127834435,92,0.3399120091906449,533,0.26051935214732713,84,0.40608071121858524,527,0.16246052808687098,132,0.4414446016648659,483,0.116900725230159,175
"(218, 145)",0.0003361914100650232,69,0.7448506763315856,2,0.0002556363303587439,32,0.7693305348546926,2,0.00422013913010344,34,0.8052277236106031,3,0.06540834185536082,201,0.30026165270821475,19,0.07512983812096352,247,0.27046279234466,22,0.1849898137670598,332,0.21618947679228986,69,0.0012833363325464031,69,0.9144826874847828,3,0.0004960900481840724,33,0.9239090817412995,3,0.003038246417019108,40,0.8556135118529516,3,0.015454467872882516,52,0.7431675446462666,10,0.024640550982613085,94,0.5581900981320652,11,0.12150286100264873,295,0.26345188837045513,54,0.00032337653134628663,77,0.7120814175294675,2,0.00025263743593328947,32,0.7253637863141126,2,0.003872471424618995,34,0.8246433710853217,3,0.09176905208797703,244,0.2602874321087476,25,0.15307962322622626,322,0.17046131658534344,46,0.25042666550420456,360,0.14579594818915786,102,0.0063293329162070755,151,0.9604138271149975,2,0.0010989637460692148,34,1.0,1,0.005582273846246988,42,0.8992513500896153,3,0.0342377797128266,95,0.6586780615334741,13,0.05828809677030766,200,0.4271150719185995,22,0.1431355725881951,318,0.24960018923519156,62
"(218, 135)",0.8261830705571516,567,0.034971650168453085,271,0.7337450869053589,585,0.05711186695989868,264,0.3278916791682396,514,0.24205439871300202,81,0.05049206611726742,162,0.32114593206495684,18,0.048016763574162846,202,0.30461775811106734,15,0.011777124539386508,138,0.4442815280413884,14,0.653968232208337,541,0.10118487192372873,137,0.5841269254847827,559,0.12049928822571611,147,0.35845236899360555,505,0.2312774136842285,86,0.1758660910731864,397,0.3857509855127461,33,0.1326462105934898,316,0.3545882281822395,30,0.020724418822816615,165,0.413145413328638,21,0.8411750373317808,568,0.03027907335737047,289,0.7477389039872062,585,0.0506284608986041,280,0.3380047483532449,521,0.23978505380080387,79,0.033847798065648194,132,0.3371567149136093,16,0.01796801125187475,151,0.30087480786221454,14,0.005216901648934846,124,0.39207399277925364,15,0.5094211865283276,436,0.1903545115338863,73,0.5657352240344932,563,0.1447206494705364,125,0.3787608780755455,527,0.24577979273093276,95,0.1507074563481956,349,0.4228932208564249,31,0.07681868547253834,233,0.3954468468896456,28,0.023674127787681076,173,0.4083537738193798,21
"(136, 241)",0.8753275843609252,587,0.009829649086859989,485,0.7867405568983099,598,0.01800573273850075,497,0.37643261952349694,549,0.0784466649654084,331,0.1311248194602107,318,0.11188626602410456,130,0.08596597528860905,261,0.11595839738149945,118,0.07338765304091921,255,0.14775803780911484,120,0.630456403097573,538,0.035366250040479226,313,0.5914988116650188,564,0.04078963321245698,384,0.4481995506943933,551,0.07155227586913114,354,0.22196183700642758,443,0.13153947837698038,195,0.15920228305800976,354,0.11991708142744877,180,0.09012286484719112,273,0.13546967162602339,142,0.8837045172404663,582,0.008693798492349648,496,0.797458846464344,595,0.01632045163141669,503,0.3764558303916583,547,0.07870895205160684,328,0.10711806067269558,274,0.11854660073580997,116,0.06729113806815079,249,0.11392339731892573,95,0.07223830965786393,262,0.12497821853610219,127,0.3616473187769279,391,0.07902331164661028,180,0.5074804960674795,538,0.05157277504268802,331,0.4435498557664824,559,0.07500283928317797,349,0.17187418614764916,379,0.13842296979213387,181,0.11170811841377692,283,0.13589926861343185,163,0.06578845519598997,247,0.1399654782902326,146
"(136, 199)",0.8417616627141502,575,0.01266673160703909,441,0.7008089182527323,579,0.026384542388887666,431,0.28728874465905696,484,0.09757311980582135,269,0.08295200122436563,228,0.1314182887475986,104,0.08478938319168361,259,0.11646217119211309,116,0.05619986385332454,237,0.15895058941986298,108,0.7109335734963519,560,0.026468016613873758,373,0.5336861467893439,545,0.048289607717755915,349,0.3780815491163452,519,0.08530093185192772,300,0.16118132317987066,374,0.1547524664390297,166,0.11647311776519598,283,0.1362761198541117,156,0.0641603036760392,244,0.1498668456730346,125,0.8439286000329368,571,0.011877800197736687,442,0.7181333029091309,577,0.02362929538763179,439,0.2995267647414832,493,0.09500982835095617,265,0.0665607458936025,218,0.13765215354487212,93,0.05361310311093992,233,0.12099690524855365,88,0.037513746127070924,224,0.14718079073592305,99,0.5814788530540738,451,0.04411951994753999,266,0.5232536796067552,545,0.049393178445237114,345,0.3538975395336701,515,0.0937610833197764,290,0.1318741085158066,320,0.1553422388049312,162,0.1190180331917936,292,0.1327479937435173,165,0.08967306048313828,266,0.1276000555364149,163
"(136, 135)",7.870348666116911e-07,3,0.35154001054721223,12,2.053141247748691e-05,3,0.340028040207313,15,0.010020537825834563,52,0.265940535143723,65,0.20182448673853626,390,0.0917808160991659,184,0.283871530988151,418,0.0665649758699646,238,0.42986992458912254,448,0.05641840472682973,301,8.687983235966534e-05,8,0.3394437974431522,17,0.0004891591265495654,31,0.32007445208110413,32,0.0036294116674465693,42,0.32567883535575926,46,0.057981714442228216,155,0.21970852284492162,104,0.12246027010178995,293,0.13372055534285773,160,0.33733928786981404,416,0.06926776124658861,266,6.446366065393505e-07,3,0.3353915590692409,12,1.4919762686638194e-05,3,0.3288254047664024,16,0.009224549094390522,49,0.2697445787844191,62,0.2862824194309015,454,0.07281804862832361,226,0.4707132270679071,483,0.0382096133957828,310,0.5589311574506468,484,0.03358013897338229,352,0.0019413000460672958,117,0.3061865419476863,30,0.0009449226166886593,33,0.30556695037258547,41,0.0043886203975962434,37,0.3310565119203851,50,0.09924657713622609,260,0.17252602677608075,140,0.16999973207367236,351,0.11425926685712517,193,0.33258104072744654,417,0.06589978419646177,291
"(241, 185)",0.9136547751101565,598,0.005550302476579479,553,0.7828378717153106,596,0.012077531630442869,545,0.33711865552906495,520,0.04802275766124812,445,0.033769159906802626,106,0.0732120903939718,235,0.019129469407251687,129,0.07573961240305725,216,0.007830649174598525,109,0.09803572737246936,204,0.722965343301713,563,0.02280029888661139,404,0.6076746948470068,574,0.02620099871242317,471,0.3918986693118137,528,0.04480697352926118,440,0.13240273300429917,315,0.08275551489547307,336,0.06255694219039643,190,0.07805982630422956,291,0.015354660282694388,135,0.08866867682014261,217,0.9196234831891426,599,0.004751193587156671,558,0.7935773464252337,593,0.010913790000270112,550,0.34199049383178415,525,0.04862873023148344,437,0.0191262399371257,78,0.07721697385475917,217,0.006436278207689439,96,0.07451570515423368,185,0.0028753871396124397,90,0.08291171552338182,205,0.4634802062458633,426,0.05246272114631628,236,0.5258892933819208,547,0.03432339111356425,435,0.40493268824266393,544,0.04660554278304444,440,0.08874956921128363,231,0.08750307030933802,308,0.04370103089066246,169,0.09071899884760368,249,0.011551636329179438,122,0.09444790118631952,217
"(241, 136)",2.6072076113936582e-05,15,0.18162912441343732,39,0.0004813110176518087,38,0.14203439476837731,88,0.02810111918748881,91,0.10993436827851089,228,0.30997761469270035,494,0.034966013060790564,419,0.39311616496814006,488,0.02765139750898734,420,0.5147338124166408,502,0.02429159687696159,424,0.0010765843555671228,66,0.19966273308538057,53,0.0035806219621408175,58,0.14506258288138468,109,0.019292373898056825,91,0.12225735156076666,194,0.11787846902818744,297,0.08602363026128391,325,0.21928813901918387,413,0.05138634211215669,374,0.4243269609847121,467,0.029328065850867148,405,2.0896567591410786e-05,15,0.16774429485553827,38,0.00040807579142010386,40,0.13622549763796193,86,0.027186027313827466,86,0.11309646348189964,211,0.39314039626292085,533,0.028188594382213533,444,0.5393259077920955,523,0.017028471126252748,453,0.6311877100030098,531,0.013744485850455348,481,0.01156063265231988,165,0.17955631186609688,81,0.007170125624611723,74,0.14367439505533677,127,0.017611994952563936,75,0.1325243445860102,195,0.16998050706208656,376,0.07046049170693289,354,0.2718038548254551,438,0.04932990421650367,372,0.46358562318081364,495,0.027586514250061277,433
"(199, 206)",0.8341128109718396,568,0.009023912612651952,497,0.7065332189868094,581,0.0192258932568414,486,0.23744658144555386,432,0.07197451405360844,353,0.031555711601354064,100,0.09676113753393535,170,0.014715623009657008,103,0.08679539763029744,186,0.003738110220468216,77,0.11739380724127713,169,0.5739175182443932,516,0.01947080758154915,432,0.46318398313984743,511,0.0364812175815991,413,0.37857587775345936,520,0.062084421347259916,382,0.1074357926347993,276,0.11402187613913622,245,0.05469641910352219,170,0.09914965643702019,236,0.00716189952418933,85,0.11060997887137952,179,0.8414432905787406,569,0.008527302731927124,499,0.7282407092163081,582,0.017208249540478334,496,0.24682020639853242,442,0.07019793525257262,353,0.01688105350180169,72,0.1012712823521595,148,0.0032870595772520605,67,0.09015946335464013,140,0.0015225235845565122,65,0.10819884871588717,156,0.3865508057989524,405,0.02938681942212696,292,0.44136716901349304,499,0.037027916734485015,419,0.3232334679242037,491,0.06799378622527695,371,0.06545044487801155,177,0.11278849720415396,245,0.03435916213374668,147,0.09748797757685822,233,0.009107526336711746,108,0.09410851198403841,220
"(199, 136)",0.00020195882297047163,60,0.1447823209913036,57,0.0013072653726493577,50,0.15660638673290017,74,0.055204182294562476,174,0.11705142935093861,206,0.32000780864158207,502,0.04470335306246534,348,0.43027870324258854,512,0.028173423993898557,416,0.6029286896391893,547,0.021566213746084785,440,0.004824273093303688,105,0.09576125532376784,140,0.011585944767920742,108,0.1247412287841596,143,0.021159770593729865,96,0.1623790384516922,141,0.14438122473829473,338,0.10332393550058223,280,0.23879621080369817,434,0.06066455759969372,344,0.5260334976896639,528,0.02641187604542653,417,0.00017487490481349344,61,0.14396076139650615,57,0.0010094065579333567,49,0.15433803696551943,72,0.05177906098236518,160,0.11814078492252096,202,0.4109561655262255,542,0.03494252821787363,394,0.6169781597421156,560,0.015746737204430688,468,0.6930565306110124,563,0.014065475844738667,479,0.020023026913824182,185,0.07883363185319868,181,0.013587340619010568,118,0.11814566720340759,171,0.030874485200361956,120,0.14874467407680045,168,0.21277701157520035,429,0.07613671055758807,339,0.30741305266941854,462,0.04695960998474748,383,0.49522628427051374,510,0.024840547067968684,451
"(209, 138)",0.14766852125455965,309,0.1232730619497563,76,0.06443900441193962,258,0.23330743098746337,36,0.07050943287840117,203,0.39234974733962796,28,0.04639597874121981,154,0.2920807579676041,21,0.03143148728253575,160,0.29449005116926635,18,0.01781284709562403,169,0.4486680566191441,13,0.21737182096914642,333,0.138694422022618,94,0.14958752749449378,313,0.21300463928019586,61,0.08119509862799767,241,0.39781949208949874,30,0.03782604511764631,102,0.5379872156932523,22,0.02676557222863485,99,0.4771918512100269,20,0.020231774764064347,163,0.4791569460339818,14,0.13381965002197216,301,0.1234119502056388,70,0.052947318993513015,242,0.23980866568850517,30,0.06298810562724211,187,0.41130710138357884,28,0.041771520339609625,162,0.2949622241416395,19,0.028590552917465817,186,0.25852230755156536,19,0.031239231087563546,212,0.36535998263596986,17,0.1839057525060651,330,0.2028002156930222,65,0.1438140639893477,306,0.24242651744428034,57,0.09133987910733898,257,0.4112216842544098,34,0.02925619864339213,77,0.5648911743150103,17,0.020861349545241548,98,0.5003026749846503,14,0.014052813746955328,133,0.5059538807784011,11
"(209, 244)",0.10477885024275957,288,0.13821004739527526,61,0.215015988052079,340,0.15613056361814276,76,0.20213190268634906,397,0.2761918313731624,62,0.262968189247029,447,0.1638181392317653,73,0.32059093507473335,447,0.13579231489401378,96,0.4033169520042228,432,0.1585942503550114,109,0.06339351389947279,259,0.2091438673672671,47,0.10326612574087113,275,0.24100990742968467,45,0.18226306830748862,361,0.3038293823494274,49,0.2931734495467717,510,0.2718487801844033,75,0.344281633799575,514,0.2036638321881234,89,0.385055685997191,442,0.17946562197376528,97,0.11657663894489967,296,0.12921908710337807,65,0.24355038460898704,361,0.14419490796774334,79,0.21829696231079931,415,0.27179188942456334,61,0.27848192102210945,439,0.15672110729605032,74,0.33457495077120114,418,0.11386958406266603,96,0.32149785278209164,387,0.16796871417522385,83,0.08024353686608654,263,0.26738076592700577,43,0.10790280613783354,277,0.2667900710335877,49,0.16605446579577476,343,0.33693487451763576,47,0.33118175105120673,528,0.25158338462945967,90,0.3806306378355748,507,0.19004030148012027,103,0.43669800271281356,482,0.1609304749220519,121
"(243, 170)",0.010266896566964778,184,0.03278705044187445,281,0.007107082948156429,113,0.06857058953850043,232,0.026690275704133848,87,0.08867373590435008,294,0.12329730591699062,302,0.0362163270804485,403,0.2019549333948566,358,0.02951288947696822,405,0.31062137996650885,396,0.022021329362445153,437,0.01695783176852661,184,0.034926075937828704,315,0.013704661381430672,124,0.07239513085202536,256,0.021920017347835996,98,0.08997875172802212,289,0.08413578392347565,206,0.07138678787010364,364,0.12226622434321865,292,0.05572873637334516,360,0.249849166850465,376,0.025196980367990136,423,0.01310082773835164,190,0.029881762282278308,291,0.007768568918711027,121,0.06328566526854171,237,0.02693952255387888,85,0.08705593202273536,294,0.13595139352458308,322,0.032884253508723524,414,0.28691342089659533,391,0.019719867756368796,428,0.37999102746036895,411,0.018373620125155525,442,1.000088900582341e-12,16,0.004671542340594456,443,0.008885382697851663,86,0.0790246410332333,243,0.020780865805758553,88,0.09860949071212571,272,0.11229495112598864,285,0.06240956882415357,376,0.1850039365943419,363,0.044492143046861,398,0.26540252835048717,386,0.03034790821407574,422
"(243, 140)",0.47941741581696506,423,0.009104948120480067,496,0.5269979451658808,512,0.016321699238225795,510,0.344695552270474,526,0.03779498113132106,479,0.12671829811675117,309,0.035887440791365945,408,0.07059718945888904,242,0.04189550372045665,338,0.03362263058573545,203,0.04620724595042691,330,0.4103125623770608,432,0.012075402903230063,497,0.44017725543080277,497,0.022774888588156333,494,0.37345961989601617,516,0.03496812759203318,484,0.17732647273250413,402,0.05567841933754334,411,0.1277742249635272,308,0.05491617466298587,363,0.05072128590068403,226,0.042872391935909845,344,0.4463995310410118,419,0.009217175893766149,486,0.5157482993219602,503,0.015629308224553055,506,0.34332961777311755,526,0.03726987283492175,479,0.11465310443988486,287,0.03480598557884507,395,0.039458913102555115,205,0.03820374285873628,311,0.020953824751779204,192,0.04827230956886458,293,0.9997000299990002,612,0.0,613,0.4984478998070436,532,0.020643404422977477,507,0.38118943491497514,529,0.037390359719738336,475,0.13862892777323477,329,0.05817726549051859,393,0.07961468085260803,242,0.0589312873800007,340,0.04563673775901511,222,0.05457481217893009,320
"(232, 264)",0.8924494067277471,592,0.01140165396410589,461,0.8093421835653083,601,0.01989333415356274,484,0.5485059502297065,584,0.06447572825809578,377,0.2032326580139212,391,0.07277853088557792,238,0.14246795874838036,323,0.07913910278839086,211,0.10865968435725404,282,0.12342501850732697,161,0.8049243370464871,592,0.028309071784360266,352,0.7457264230642756,593,0.039262217344026254,393,0.5958020291284373,584,0.06374289590906765,377,0.3290728204519391,531,0.11661841781016588,232,0.2537814200620577,452,0.10787827190843693,208,0.16461145908477615,323,0.12913768817677612,155,0.8970430638649312,590,0.010152198442364167,470,0.8148039857070695,602,0.01797008515960082,486,0.5580530283009594,587,0.06320281024567477,377,0.1613034894757559,353,0.07278285722651213,227,0.08055767737775277,263,0.06977255582636126,196,0.03801021789654735,225,0.11030439022600752,154,0.6422650212632685,467,0.05243291432163731,237,0.7011366675343805,594,0.043313851699743,384,0.5374196287389927,578,0.07497437669014087,350,0.24895983807893396,471,0.1183791948878231,231,0.15409058293279887,330,0.11817352741961837,189,0.05415448153193647,234,0.1392901280594308,147
"(232, 141)",5.155447560700743e-05,20,0.2949444759815793,14,0.0003155800654726093,34,0.2723005065609347,23,0.005971242606668481,36,0.2909165744498448,54,0.06996635682044827,208,0.10384159816891649,152,0.10902161242237574,281,0.08652188832620733,188,0.1429014828005304,308,0.11265412593904106,177,0.00033979659170069176,39,0.37737313210860185,15,0.0008087417258959562,38,0.3821478171436945,17,0.003984816572846439,44,0.3383215571825986,40,0.029677403510111056,78,0.2600493957017709,81,0.0493820524403672,153,0.1861647893283898,102,0.09231488998422299,276,0.1565966414297033,120,4.500079434743842e-05,22,0.27526931516214037,15,0.0002873787641139991,33,0.2543409520163906,24,0.005517018195363876,36,0.2944828946881045,52,0.0945982876538698,249,0.08695260478310271,194,0.18336093353922567,337,0.053041769849508785,248,0.292453908761243,371,0.05587365833825009,271,0.0025832344367884286,123,0.32970141690805677,25,0.0013905141729577686,38,0.344748637677051,30,0.0065364612791609655,48,0.3260141682323418,53,0.051029460902761614,136,0.2007758559823548,119,0.0998224949100528,270,0.13657443897158167,158,0.24025160868868833,371,0.08477016666066736,235
"(215, 259)",0.0024084199777916204,131,0.11968650595044154,80,0.004310761099048266,93,0.1196769432266855,116,0.08864070384278278,240,0.10944562892264488,231,0.41344667645665645,556,0.0378822999709949,389,0.4306485991536212,513,0.030025368409169927,400,0.5683229097993043,529,0.02092469721800622,445,0.0032761001012746593,93,0.12136451573052709,114,0.015459603352767859,134,0.11269111111195045,164,0.07479500971666708,235,0.10106732032836688,256,0.26649123083617576,492,0.07027353440653908,368,0.31184400402306967,493,0.04717089487577327,394,0.5448895404567186,540,0.019997358922440353,453,0.002230261498617825,132,0.11146652259086515,86,0.004134348182466718,96,0.1106955355951335,124,0.090235509202507,245,0.11066186466281362,217,0.46790223378214824,562,0.032441686439542296,415,0.5429274439100653,525,0.019938300655641145,424,0.6199069162082389,523,0.017537517616236592,450,0.009709182655846527,161,0.05329731223732735,233,0.020088588640903904,148,0.12372048550529223,164,0.06672302479833914,213,0.10490921130433739,257,0.2803283214230071,486,0.06468681850320059,371,0.35027746310160923,491,0.0456423799683145,390,0.529843886520631,529,0.026000983885869237,445
"(215, 145)",0.6493652019539111,497,0.018526480556516598,387,0.5869042105562042,534,0.023263375523883432,455,0.17014852888605414,364,0.0880643404899859,299,0.016586876161527098,60,0.11065931385339439,136,0.014676695408103457,102,0.09260901479926835,170,0.005060059666553984,92,0.10095760149290667,195,0.6173379082056667,533,0.021169135999405102,419,0.42337061722587044,486,0.03738656274397013,407,0.19377106158792978,367,0.07358771525608862,347,0.045301369105600564,113,0.12685735790469008,209,0.03334606616802116,120,0.09938138513309287,234,0.006151046486055467,78,0.08914407078087859,215,0.6570218847766505,493,0.016752119788737828,395,0.5916509340321328,530,0.021163001889077767,467,0.16771165617386274,359,0.09000557120470815,286,0.011188391087422866,56,0.11260713670367488,124,0.0062504329511967605,94,0.08830094916799815,145,0.003198665823618718,96,0.10148939357347461,171,0.48682231623436634,430,0.01445360025796452,363,0.3860797000882792,467,0.046188348617736956,367,0.21001424901739485,390,0.07158509575848765,357,0.04125357137256169,121,0.12252299375794924,221,0.025694298669231452,118,0.10903353466078447,210,0.006947341292279363,89,0.11026378082999513,188
"(163, 148)",0.5712172773671843,473,0.012919075338669641,438,0.26248141714965945,367,0.03286546311856485,387,0.24671634032397194,445,0.03332788460294631,497,0.03916756650808528,130,0.0517668232618481,316,0.0032500536663626622,36,0.060168115554592075,271,0.002562719115591361,57,0.05169465512644991,316,0.3520638848689004,399,0.013430707360982343,482,0.2452590799850758,369,0.025276768586298053,476,0.24376148597875347,409,0.03101266362876112,505,0.11412644807423922,286,0.04292954144822151,451,0.014957290602366391,61,0.051722348721462114,373,0.003836900455822745,61,0.04778919799278105,325,0.6535076312030599,492,0.010949025834408387,450,0.2905459897047916,385,0.03113113868929507,384,0.24379922623337758,436,0.032728748852561135,499,0.03537889601669442,135,0.051147464924025984,300,0.0006947783694395415,28,0.06461259836818638,214,0.0008821060505799228,49,0.05927309523008868,259,0.8390787018552728,520,0.0005880073595759843,551,0.26476270154919124,383,0.023246427749886337,488,0.18036357220498478,360,0.0365479227748461,477,0.0801396197115316,212,0.03845369774631836,464,0.024382008074962602,112,0.04278118362114449,406,0.007415494316916016,94,0.04447884045450728,356
"(163, 162)",0.004936947143323489,152,0.06295241326261551,181,0.04654936621943706,234,0.058497147139595425,259,0.051815745782426204,158,0.05606861166741734,412,0.28801100728111473,475,0.026620978576274313,467,0.6181966869146112,592,0.01046215209700763,544,0.6430786916507338,567,0.008195798491586468,543,0.02538305420750775,208,0.03226943932373905,329,0.052333365294477074,229,0.04229967491423394,375,0.052871053675915824,191,0.05161644735719285,416,0.13654316560399604,325,0.04043849904460178,469,0.42800149654596487,554,0.016910149716887986,538,0.6000315289902967,565,0.008870169028963816,541,0.0023107272048410454,133,0.07186919975448307,153,0.038502940598438284,213,0.061061668658915255,243,0.0528574314828949,166,0.054480133023536395,414,0.30308152288877577,469,0.024996875003519138,467,0.7571314461359546,604,0.006278783976956185,558,0.7389967271587667,583,0.0062875825784973385,556,0.00018331124743853344,69,0.009763089938028902,394,0.045835033200691266,222,0.0417102355754129,391,0.08231201715465752,243,0.04747058237534849,438,0.18408652841849338,395,0.02914382373093052,509,0.35795291562288156,496,0.01747165256222832,530,0.5216495709180822,524,0.010774750128985038,545
"(150, 205)",9.999999999998899e-05,44,0.06255899217020648,183,9.999999999998899e-05,24,0.053183182858646344,277,9.999999999998899e-05,19,0.04234369101700356,460,9.999999999998899e-05,19,0.017288375022603348,524,9.999999999998899e-05,20,0.01403181356886959,518,9.999999999998899e-05,22,0.012480895234190706,508,9.999999999998899e-05,27,0.06107385689664064,216,9.999999999998899e-05,24,0.05659899176955511,305,9.999999999998899e-05,22,0.049871785025514995,428,9.999999999998899e-05,20,0.03906307202844387,478,9.999999999998899e-05,21,0.030170068712595966,475,9.999999999998899e-05,24,0.01683852011620741,482,9.999999999998899e-05,51,0.06147074930442996,176,9.999999999998899e-05,24,0.05235779031299179,272,9.999999999998899e-05,19,0.043701074000263566,455,9.999999999998899e-05,20,0.014627235780139886,533,9.999999999998899e-05,22,0.008301428595190268,536,9.999999999998899e-05,22,0.006740025618058591,550,9.999999999998899e-05,55,0.07589901447798766,188,9.999999999998899e-05,20,0.06889062797487308,272,9.999999999998899e-05,20,0.05895468057575919,402,9.999999999998899e-05,19,0.036183409092491146,475,9.999999999998899e-05,20,0.024967627092902143,497,9.999999999998899e-05,21,0.011316401583130641,542
"(176, 162)",0.5512195430360387,461,0.017422214309946962,394,0.314160385399725,392,0.03989546647291518,338,0.21666390920281287,413,0.04790774633063288,447,0.029788996061789974,93,0.07258344427683244,241,0.003691064767143981,38,0.08114015751215489,201,0.002049526654664513,52,0.0767461941819549,234,0.4069740149842619,426,0.015135032701217733,473,0.24751726654705974,371,0.03558909189385593,417,0.25526771974167417,423,0.04318604611472361,447,0.10344149410767434,267,0.06443564584053393,389,0.01830726590185061,75,0.07280512624176357,305,0.0038409131513322814,62,0.0683428338762215,271,0.6449993689105176,488,0.013953667868523478,420,0.3461841358132405,413,0.03672304422595728,346,0.2136971779696848,409,0.047391272686406694,446,0.022330263151254304,94,0.07285126931163365,225,0.0007080447432652459,29,0.08721759047720617,149,0.0007590929286789283,42,0.08805366952704417,192,0.780420984528107,509,0.0011597564511452595,524,0.29584645381805497,407,0.02928911757268976,459,0.20126287580938007,384,0.04919954537983749,432,0.06954633832028367,188,0.0605479917939457,385,0.021893679691289192,105,0.06517481369832841,319,0.007385860204988548,93,0.06855833294766378,280
"(176, 157)",0.00583915705630389,159,0.07932830381345542,143,0.03282820410718146,205,0.08470160622254846,192,0.06370568335704951,189,0.07204577874313078,352,0.32851892826208795,510,0.03260889352215371,436,0.6043296543410146,588,0.014831842323851867,512,0.6652845884406304,573,0.011167060887778153,515,0.017361156187219784,191,0.04331577034665809,267,0.051533576955495874,227,0.060046630752501606,292,0.04888560613378701,178,0.07492298568088339,340,0.14936325290340924,347,0.057008969799653746,408,0.3994086616070365,542,0.026055373083200675,491,0.5999151023215743,564,0.012690377674091027,511,0.0025147914244756375,135,0.08865586833235935,118,0.026421145862600692,193,0.08657460395200668,179,0.06503263994813135,192,0.0704564633407927,351,0.37076658100436166,516,0.028556274148339923,440,0.7557362838758555,603,0.008534293231368627,530,0.7505399234884764,590,0.008838688771158591,522,0.0004990171643859398,83,0.013461845909555254,371,0.03714966859822466,203,0.05848934556245785,315,0.07094156510959093,220,0.06964908134190523,369,0.20409065510986646,418,0.04229121150677358,445,0.3736341032279026,503,0.025314569643678484,496,0.5221554004179213,525,0.016580362392248214,500
"(158, 246)",0.0018658417885796252,122,0.017381906492581683,395,0.007445789940279779,116,0.01839593055372551,493,0.03545183508056249,115,0.016169323020729088,569,0.1449190269946371,331,0.0075750036711476915,582,0.22229387485849406,375,0.004683636224762871,585,0.26504471488593395,377,0.003168815499209256,591,0.0017540006715587309,74,0.023036577628361123,402,0.006127335954310809,75,0.019391458481973736,517,0.026515114484217173,115,0.014501945624903999,572,0.09517319569847715,237,0.011003416129263371,581,0.13862195671869815,327,0.007378543937775808,583,0.24661741378504853,375,0.003129126683686944,589,0.001879167242794355,125,0.015649498858787338,402,0.007959910122716463,123,0.016501773144322742,501,0.030245639393356782,99,0.016466676964114236,568,0.14079485727325525,327,0.007250836429238255,582,0.26866875534028767,377,0.003488322034180223,585,0.3090344903469102,378,0.0028820315915295326,588,0.0009592325923273304,100,0.003368171188723265,464,0.007910482716737777,76,0.023893279647228476,486,0.018910152058370544,79,0.02021290577681811,553,0.08000372811003875,211,0.01357797690729605,564,0.10111359389628882,272,0.010917173584283645,571,0.11284679510661899,286,0.00887897003947542,561
"(158, 203)",0.674273480992842,506,0.0024403024429896308,589,0.521134177561458,509,0.004463842223331564,599,0.3027764574639491,494,0.007910380536978259,592,0.1069953237630128,273,0.00838113916016277,578,0.0612692464530078,223,0.007196889070354793,569,0.045747521509480915,224,0.0056913349597830735,571,0.6800816432917727,554,0.0031591787094862912,592,0.5453614569283844,548,0.0043431639641654035,596,0.345662755988285,498,0.006161785537521547,593,0.1604859805140244,371,0.009244570133787244,586,0.11230100896619843,275,0.007915046244987609,582,0.051850711659534476,229,0.005262347037591337,580,0.6735992422620848,500,0.0022030366180410834,591,0.5126427812970251,499,0.00411681847960396,599,0.3262730727169818,508,0.007452462706819321,592,0.11043293113768793,281,0.007862322227114608,580,0.04463822962517716,217,0.006345316730150001,556,0.03398496385573346,218,0.006015505345247666,560,0.7323532065063248,489,0.0003685207414854096,559,0.5134389982424894,544,0.005945391765821595,589,0.3947702592498986,538,0.007340837598304076,592,0.18432334251181237,396,0.010280439817462031,583,0.15237985563733392,328,0.00952220540294642,576,0.13799587522202272,315,0.008303036847725662,568
"(246, 158)",0.7049707767629514,521,0.0037062198321179407,578,0.6041082280980734,542,0.006491519977920311,589,0.3851179342516413,553,0.01264113289688611,577,0.13824510496909825,327,0.014119355382873398,550,0.10742139259613759,280,0.012398620434795553,526,0.1261311580178004,296,0.010563249387426062,522,0.7183233229232686,562,0.004921074504564258,579,0.6005570847364784,569,0.00755889559221169,581,0.4116574233407271,535,0.011089421944600891,577,0.2509910801604006,473,0.01638624069106744,566,0.1975543788727615,390,0.014183811231789148,555,0.10782101330693616,285,0.009354366581565278,537,0.702529045241266,512,0.003381370851848176,575,0.5950060902942127,531,0.006023279578428374,589,0.40761973377205607,560,0.011903631009360684,578,0.13883711028012735,324,0.013439737117413156,546,0.07536739028581474,257,0.010979127305531121,510,0.0615770298173004,255,0.011179622943753381,493,0.8063768957222104,513,0.0005040063082079866,552,0.6028802510442328,574,0.009109380433600982,576,0.4701404385816006,568,0.011690591522444569,578,0.25446897301771876,476,0.01695705743541909,560,0.21475400502079034,395,0.01613714739803884,540,0.1771228897781294,334,0.01477371482050939,512
"(246, 217)",0.0013309728586448077,105,0.02998691675428019,299,0.003698469183387676,84,0.03548493223339461,371,0.020223044080349917,69,0.03375735431604126,494,0.11262912043278395,279,0.015117543474277087,543,0.14439876253906592,325,0.011234380624982802,539,0.12387562517914863,295,0.010626976194851086,521,0.001138394192597536,67,0.04220873847541442,275,0.0038188281640576527,60,0.04080058649143435,383,0.016797752322456283,86,0.03221097230044545,501,0.05032846941924385,133,0.027995883953955084,527,0.07281988759477964,215,0.019782074274084672,523,0.14391317087348,311,0.008496016374680868,547,0.0013686652717888048,116,0.027073754314004387,310,0.004013150314581715,95,0.0318795133701438,380,0.0172824821674058,62,0.03413729857298039,490,0.11211423450751257,283,0.014432416179711508,537,0.1926961162716737,342,0.008029182439658217,539,0.22156915512962305,346,0.007295644012925196,541,0.0003316926387645358,76,0.0067769880474633035,420,0.0037397452436382927,54,0.049577564269270576,342,0.011003939835349308,62,0.040869214105949486,465,0.04915174346937501,132,0.02933475470838774,508,0.0645564487275524,212,0.02408947374861349,501,0.08425973746899862,261,0.018925233244372223,481
"(204, 191)",0.9255683174860205,605,0.0010488429976923774,605,0.8716704757151923,610,0.0016581588648579221,609,0.6507994071699482,597,0.004322450376373991,607,0.3132141635509825,498,0.005688155117822603,595,0.1777375927313828,344,0.006081510265584837,581,0.04739577491454794,230,0.008056661628708502,546,0.964948429224098,610,0.00038860057018737985,609,0.8985792721652093,608,0.0012479184048702055,608,0.8112780087281809,607,0.0031735872885839604,605,0.44993472933566725,569,0.008540716812410493,588,0.27263226816283526,466,0.008203699599008605,581,0.060692613425036734,240,0.00879203715115767,542,0.9336186330898057,603,0.0009181156943387765,605,0.8720355788602498,610,0.0016492769470378048,609,0.6403054148443447,596,0.004320140421572128,606,0.2433759117885288,412,0.006050950393073882,589,0.08203672506853843,264,0.0066249010569901946,551,0.03985633033808822,228,0.00916732138435342,519,0.9726585591377089,568,0.0001246467213847709,571,0.7965708134443783,603,0.002583803957628498,605,0.7034050312082908,602,0.004534481733851873,600,0.3276614192469015,526,0.008294558765472122,587,0.252043923340296,421,0.0081898596322265,583,0.12372828449291806,295,0.008087061900819504,569
"(204, 160)",1.6489693750454393e-05,12,0.04015834254254994,251,8.960939864854911e-05,5,0.035396397336305,373,0.0023742439457629105,31,0.028078287671796702,526,0.033038785314323915,103,0.012038633823345588,564,0.08388612831040976,258,0.007811021357875412,566,0.25982506716767007,371,0.004569212092374131,581,1.6526966777341556e-06,1,0.032479331607019275,328,4.2944565353697506e-05,6,0.03438763049982078,423,0.0003053684591871608,28,0.04395405594524944,442,0.01276821264838901,47,0.02800060780174956,526,0.043456789317455335,144,0.015130372579442644,549,0.223662483997909,363,0.005692072365525133,577,1.1597854190581458e-05,12,0.039642530294510044,247,8.881067918942165e-05,5,0.03531695562071284,357,0.002633163644393033,32,0.026965033950079893,529,0.05301044002982147,187,0.010056858044078779,567,0.18082891754597763,336,0.005090489436457795,577,0.2854293731232217,369,0.004756001748631207,575,7.782209741069579e-07,22,0.013426619662207383,372,0.0003891855141691103,26,0.032805661545705765,441,0.0013550520822422918,27,0.036442722798620736,479,0.02996255839480577,79,0.018410917274181857,553,0.04996914125210261,187,0.014045414923856187,547,0.1262803998303046,303,0.00803221112065286,570
"(178, 247)",0.002740491657183486,134,0.1957696105928944,30,0.013855379242832422,147,0.19417033033492376,49,0.09654775152801687,253,0.17882497933206404,124,0.3405212753087776,518,0.08216544315303649,218,0.511936625820099,559,0.049689957266277326,301,0.6776591503657462,581,0.02859209426469354,403,0.00751674320347373,136,0.16825205304637658,74,0.03560649858908227,192,0.16656802420599118,94,0.06309332572222037,213,0.1830536497533835,124,0.17692292560905631,401,0.14893189864827097,173,0.3530358523066137,518,0.08376841235617709,275,0.6061574931047069,569,0.03302172286292807,381,0.0018712371173454923,122,0.19816156336946256,27,0.012738190556306539,147,0.1955871656817747,44,0.09843686188225997,259,0.18189265238479566,119,0.38676378804071754,526,0.07178116916535003,232,0.6538479819357084,577,0.03105709782173723,344,0.737465609886357,582,0.022914100020482216,402,0.0006870685591908732,92,0.0587411223082405,220,0.03026910729935084,184,0.16382950737753507,105,0.07591686541986364,228,0.1776732723136265,138,0.24091110296268137,461,0.11645795192715983,236,0.4004659529843777,521,0.0734517688671606,301,0.5589595785524941,540,0.04408631455893973,358
"(178, 161)",0.6361884518959815,494,0.031853672546009695,287,0.43866164877830727,466,0.061377960463557084,252,0.1585557218985878,350,0.1515705867341839,150,0.02745895327536163,88,0.19018486807533558,49,0.008003961703460627,62,0.19871883075053318,46,0.0018000104958499907,46,0.2064546759013891,75,0.5199338768267981,485,0.04098776507896147,282,0.3021316386017904,416,0.08166500416035752,228,0.21805621761306382,388,0.12107376307750074,198,0.08438169877065227,207,0.1906190681265456,127,0.025215209484761303,97,0.2018981602756564,90,0.003630387791943468,58,0.1818348886345629,95,0.6740000494759311,503,0.027851102069619483,304,0.4502577511314254,472,0.05959674416452726,251,0.1559574472797598,347,0.15602674077469228,144,0.019993451434226595,84,0.19269178750924829,47,0.0023028382084399057,54,0.2041261558842839,30,0.0008994595557381135,50,0.21446487910905407,54,0.7579512257203933,501,0.005684974379679333,434,0.32615854158993685,426,0.07417355210581224,253,0.19167301557270733,375,0.13048117687799396,201,0.05391080879281307,145,0.19182099425317647,127,0.018172303668078982,90,0.2059305582248058,91,0.005475387477723026,75,0.20604352752223595,83
"(162, 176)",0.0012745452232896248,103,0.09739376370885663,110,0.013066556873781443,144,0.09149291866303161,176,0.017970843404885084,63,0.0860896265189316,306,0.14181015839364253,328,0.04158591153080184,368,0.43585932093786073,520,0.01665402083949946,498,0.47596492144702673,480,0.013365104687212895,502,0.0053112844151987915,113,0.05002392772029394,241,0.01612660149685574,135,0.06766067043887523,267,0.014673571075773162,78,0.08274729916542932,309,0.05580807465023785,148,0.06401443607885993,390,0.22918065045597225,424,0.028987748604590243,481,0.4052152670736705,452,0.015070648824720484,492,0.00046402523694333286,82,0.10978171780990079,89,0.009953000991275385,133,0.09509680420387778,155,0.018624027109936714,68,0.084255211067018,305,0.15896557204749384,349,0.038156770093727366,369,0.6058414096816194,554,0.010170460827373922,517,0.5788893909427132,497,0.010951872900190455,495,2.1527134485443966e-05,30,0.014488826505312387,361,0.012106419780194777,111,0.06487317918998768,279,0.024732708192575892,98,0.07647535990530328,346,0.08959164756440363,233,0.04558775416443334,436,0.2023535863989827,385,0.028327643331541037,481,0.30747417662086995,409,0.020164518058762324,474
"(162, 163)",0.7087248571020025,523,0.011843780335831298,453,0.44676014099526773,473,0.028189220273576985,413,0.40205747536166436,557,0.030552324863497543,515,0.10957372248207786,276,0.045318952952270224,343,0.014137889246163438,96,0.052220339544671604,294,0.010536103600992774,132,0.04759967669266366,325,0.5625883088897198,508,0.010572574154943682,511,0.417423798249961,483,0.0228730903996776,491,0.4306783245649589,547,0.026825516699947097,521,0.23585873692318104,458,0.03959371759735653,475,0.05842726357707806,181,0.045716041670864654,400,0.017577078090085907,151,0.04289220001760718,343,0.7852602407890551,546,0.009212397869736363,487,0.4835417678003524,485,0.026061891967858138,418,0.39695462170193896,553,0.030388389317095286,513,0.09625386235702127,252,0.045102426686456434,330,0.0036408238847820407,72,0.05594059212193497,239,0.004622206904851156,118,0.05479452054794521,276,0.9188454811299774,546,0.00041458583417108575,557,0.457213447241257,507,0.019335886706622934,513,0.3558643109420392,516,0.03144251491007355,507,0.1686891801721866,375,0.03691829446926658,471,0.0703996778279824,223,0.040277006994275444,417,0.034344982346065756,199,0.04187000022283129,365
"(190, 170)",0.04428721094232402,245,0.01629149605823136,406,0.06720650581824861,260,0.038893006200352395,343,0.12886610361971318,303,0.059994990304003876,398,0.1699299909040961,360,0.032654707018142146,434,0.23259431324980218,382,0.02385989584181615,447,0.2504319810328761,365,0.023054765756187603,432,0.04771980036988399,239,0.013960835299324386,479,0.10600554997194289,279,0.03156923850916053,442,0.14479386760915813,325,0.06131193145938935,384,0.10958130319849224,281,0.05897251586622378,404,0.1495498146911689,342,0.03763374775827674,432,0.22781708881898932,366,0.02022185051501012,450,0.0488745322391142,249,0.015659789987466873,401,0.06879132256661769,260,0.03803481711799885,335,0.13325493622192208,316,0.058107841489524956,399,0.18010570062219866,366,0.030335269892714085,427,0.2731370659304616,381,0.018380896098343237,436,0.278185040872042,368,0.022249956437072203,404,0.0009635194183355011,103,0.008727980208268413,402,0.06674455318309946,253,0.03082246287808854,454,0.12600799982756605,304,0.05169783553141754,421,0.1659318150517204,371,0.045366990221748435,438,0.22567884966135054,402,0.03186329023903766,455,0.22267254004898362,359,0.029321170172831378,425
"(190, 256)",0.2698349549484551,349,0.008919784084458314,500,0.2089800570253828,338,0.026646510083210336,428,0.12121200459958903,298,0.06123212649835186,390,0.08878233129594348,241,0.040544033747859504,373,0.05707213603713379,217,0.03811186474375212,359,0.050520395102691684,233,0.039309881160125286,353,0.25882123865252615,358,0.007945922152751207,540,0.14613783110620848,308,0.028365215558641778,467,0.10709762630998809,276,0.06779564111753965,362,0.14180115599315612,333,0.0541171876414694,417,0.10329558860400656,261,0.042574102806939775,413,0.05897831251100072,238,0.03172869530768553,389,0.25530105434956285,345,0.009025319851954762,491,0.20564782068437226,339,0.026402872689031024,416,0.11709322394748312,289,0.06066691679553175,389,0.08246503982813636,230,0.0393580637859642,365,0.04330864817798086,213,0.033960078391238026,329,0.04185541769450585,230,0.04183340313591939,316,0.731995700139442,485,0.0009565281010613938,531,0.2099680199748848,350,0.02103559967735484,504,0.1239973902146303,300,0.051975764381073944,420,0.09142226400093201,239,0.055339156065191,405,0.059853889208444255,205,0.049593350219790264,371,0.06110910385172086,242,0.04511990894770492,353
"(175, 239)",0.0287273771032428,229,0.1367400716807352,62,0.012879269035064311,142,0.25968677766642795,27,0.03065560860977956,97,0.31967669821050365,42,0.09921659566864993,259,0.16040002767013797,77,0.18918632499727484,349,0.12369668885255831,107,0.20217406547705608,345,0.16735509320576641,101,0.03457152504981509,223,0.17939433482736658,65,0.020975074433527308,152,0.29104410809904335,36,0.024789391678260664,111,0.3643974109535269,38,0.0905075035767885,226,0.2900135495700905,64,0.13561159039688386,323,0.21122121022830315,80,0.14367218858729425,310,0.20248921559996474,79,0.024251199306556614,223,0.13222630191966303,61,0.012952890849999621,148,0.23903568690856003,31,0.03290154548926916,107,0.29850671051733085,49,0.10957303142149344,276,0.14684499229167533,83,0.26484460194783654,374,0.0848461381161251,159,0.19835363434249664,333,0.14660912284134228,101,0.027226034504622243,205,0.22012610996550536,53,0.022049826923986382,155,0.3045699455911668,43,0.02755635270485768,111,0.4141831891554172,33,0.1269648024430502,310,0.267133320538306,79,0.20327142113305052,387,0.1842963148510846,106,0.20187247587386137,349,0.16115159212959868,119
"(175, 238)",0.3338713160781528,372,0.0603672546009694,190,0.44874553757594127,476,0.07950849415441068,201,0.3242845653716042,511,0.14562598268244525,158,0.15490292931927518,346,0.13826513089310224,96,0.07727182690296064,253,0.16671739974086822,64,0.07048854322831044,250,0.23777958809115904,56,0.30650060270989554,377,0.08667711730339989,152,0.3798444198525295,464,0.11083018678362251,168,0.3555293476149639,502,0.14998186643455705,156,0.16730123793423757,383,0.2363089113026719,94,0.11495694160792969,278,0.22318143349386424,72,0.1080200332594945,286,0.22268520556387003,72,0.3587391834003607,380,0.05386450258932148,196,0.44796210694794125,470,0.07336764059972314,204,0.3138301604219811,500,0.14075418136425727,165,0.14181097909501172,330,0.13474844059860294,97,0.04580960075875584,222,0.1522802633522919,63,0.07241031859282487,263,0.20513553420377667,60,0.34177424898182895,386,0.09471524998441916,157,0.37260247543017155,456,0.11868801378028779,169,0.3400003259117892,501,0.17924206347102437,137,0.12305557328472427,303,0.26993264710883763,77,0.06994731907330187,222,0.2629975692427511,61,0.07063812136181236,250,0.22869004338353893,68
"(238, 216)",0.3898417090729065,395,0.0360696183185594,266,0.39598474903699676,440,0.06595330262183835,239,0.13605176866819235,320,0.1960244651914327,111,0.03915121660207532,129,0.1970241252049471,45,0.014416854829273795,99,0.2460988418818564,31,0.014552214655564777,155,0.3581669621112266,28,0.22186941742124944,336,0.0851658928637823,158,0.2572936297069417,380,0.11429180063974703,162,0.15990585619171682,343,0.20655496390353797,101,0.04580546654441209,116,0.33966827566171265,48,0.027234451033731344,100,0.3268382130694985,38,0.026128231407469782,181,0.3377613566335064,31,0.4080149880784387,402,0.03310251801866369,271,0.41178554052748917,447,0.05786046141778625,256,0.13087482054094768,309,0.18724539329908302,117,0.03237817148335287,125,0.1924384094162056,48,0.006915678522962709,99,0.2260154316850496,23,0.01544675522804373,177,0.30792952282544567,29,0.15399395925003434,315,0.1364719016483174,114,0.25241612790789536,378,0.12067721850080511,167,0.1595994296465265,339,0.23594596683661437,101,0.030710715725046578,83,0.3825938569946868,40,0.015322393164104886,74,0.3757632556167623,34,0.01557074990290186,138,0.33520168803275957,33
"(238, 175)",0.01957047565524861,207,0.09777710784692435,108,0.01875057988884432,170,0.1823018740717864,59,0.11456355263858164,280,0.20758510309272288,99,0.28807284618424256,476,0.10129788723933335,155,0.4331400552456004,517,0.07916325248053845,210,0.4318372740494808,449,0.11568805302920067,171,0.06144930445129082,256,0.13065494788074758,103,0.04821735148207407,222,0.1997209557755696,68,0.09558376543499436,255,0.24520484528868638,76,0.26485791986818796,488,0.18924442841835343,129,0.3417287949588246,512,0.14065176214560624,152,0.3478207242609772,422,0.14251529624086626,130,0.017234482922480754,201,0.09505033464545223,109,0.016782573375848986,162,0.16813291348280562,61,0.11930367307615719,295,0.19311317457625712,110,0.31620265986375706,478,0.0900300224887134,178,0.5304143815204063,518,0.05319587144697976,247,0.42348739179217154,427,0.10212143815745629,168,0.09989486862421992,277,0.15765100543839064,96,0.049842759227010314,225,0.2072352516866498,74,0.09580150967236611,262,0.2797041341358297,72,0.3240192433058642,523,0.17443931427934994,139,0.42462217634474875,541,0.12417160268023916,180,0.42236400585445466,475,0.11156134459831231,185
"(177, 236)",0.6200367684148091,485,0.03146612967696643,290,0.4492392591611932,477,0.03381180972395817,382,0.11988128882458127,295,0.11108071843274131,224,0.00860494691821656,45,0.13947296882376428,94,0.004312093766688507,41,0.13659571337348175,93,0.0009121306898409731,33,0.14182294781093105,125,0.6811301576598651,555,0.027886888448848048,357,0.3298726663818733,431,0.05935317488345145,295,0.11847308522648481,293,0.09497892239687335,272,0.030822752102424245,81,0.14858941968317155,174,0.013460873866232292,58,0.13779343905535293,154,0.0011738530228533328,34,0.1172082709745576,175,0.6401082754183172,484,0.02681978395980579,313,0.4571449232308066,474,0.030066030805223524,394,0.12481560828781135,303,0.11273865657617597,213,0.006017426787103375,39,0.14012596832661223,90,0.0016199418529618814,44,0.1283453499965266,82,0.0004923429845228311,29,0.15357002014594345,92,0.6390126788928286,466,0.024739664483542565,312,0.30822250748129065,413,0.0701386857675165,266,0.14483416423292117,327,0.08928129441176053,302,0.03064819271973729,82,0.13716103536300256,185,0.013810744900161875,68,0.14602250519873977,146,0.0018597583969985898,38,0.16429522746789943,117
"(177, 251)",0.003194790228019051,142,0.182180417790527,38,0.012833059652661127,141,0.11060741589912176,136,0.1302623822958079,306,0.10804785318062776,235,0.5026130217187816,581,0.03594690731596021,407,0.586868945553734,582,0.026555394620010216,430,0.7363613353549425,596,0.015231238031308979,491,0.0017343654357702132,73,0.2042191947092752,49,0.029516970709742685,180,0.1326993525101327,126,0.13176233781772995,313,0.09167200006826755,286,0.32348124809508494,527,0.06786752126321989,375,0.442659962877626,558,0.0430093497491285,411,0.7157444298849336,595,0.013822189453296942,504,0.002638227601791998,139,0.16727678358123926,39,0.012112508627554974,144,0.10085157817912374,143,0.1251845732256598,304,0.11262778683074047,214,0.5475686606288213,588,0.031153681133241965,423,0.6874259051617148,586,0.017079349113989197,452,0.7813246078113132,602,0.01316593959885422,483,0.0026665078465553105,124,0.1536677297767469,100,0.03417184919556382,196,0.14600113994884045,123,0.10706467518233076,275,0.09874203710126907,271,0.32432030569544135,524,0.06247520134765449,375,0.4391089751260333,545,0.046092973405629824,387,0.6745825049911212,593,0.023037327669990282,457
"(213, 231)",0.48623936113500776,428,0.007039172480509491,535,0.3145767133751589,393,0.022461885311146127,468,0.15867324269299365,352,0.050895218562687645,432,0.10169404193766018,263,0.03742204120666074,397,0.031092466062082158,159,0.04323244191016203,335,0.010360977358656154,130,0.04861558821436423,321,0.3127843011669119,378,0.013429507976506456,483,0.28944030531258447,406,0.028940829253866415,463,0.1936267007618031,366,0.05898763504172854,394,0.116304497441449,294,0.07052862218744071,367,0.06984814067016676,208,0.061922441412940545,339,0.01922829579689722,160,0.05026025618452328,317,0.5733141031963425,462,0.005777366132630596,543,0.3032929885040456,389,0.02219815695685805,454,0.1608409603881218,352,0.049477639714147564,432,0.09408677180843616,247,0.03648841611664851,379,0.018241886473032265,154,0.040304905909967485,304,0.005241671481260202,125,0.05176804345898818,286,0.6054216582331747,459,0.0037502404868809324,457,0.24775794119127914,375,0.02965308437843659,457,0.15051116324310465,330,0.061528312885378626,396,0.07624572103659921,203,0.0739151490802994,344,0.03176462508553812,139,0.05897087626027601,339,0.01621874026841663,141,0.06007360289063612,300
"(213, 183)",0.009752135243035198,182,0.025908269484630965,333,0.03273596810567492,204,0.04775439338839678,299,0.0964633686411509,251,0.06007919082825798,396,0.1516196066542672,342,0.03275725643300368,430,0.3221938415461699,448,0.01982998616728099,470,0.478202177251549,481,0.013553098769116714,501,0.033134888392065576,222,0.028382234237389368,351,0.038791421505658064,203,0.05655253475872005,306,0.07487158604351252,236,0.08096743638318571,314,0.13411845987095772,318,0.06725657028180114,379,0.20347355382124488,397,0.043357446551272494,408,0.3923764474031948,445,0.018392354080464825,467,0.004849271095133112,158,0.028355367374916843,300,0.0353284234543807,208,0.045453042140849026,297,0.09492303374165012,253,0.058986232245407166,395,0.16203598799194685,354,0.03044112562936303,425,0.39991995876937825,453,0.014400916586517529,478,0.5641550378398854,488,0.010883089329986885,497,0.00365471929457295,132,0.020596515853166162,329,0.05144910574622141,227,0.05007486544939991,340,0.10254782278797392,271,0.06992338260617453,368,0.19106478568980845,403,0.05441831187182963,408,0.3190321669116798,471,0.027332162942072833,484,0.41661960405562026,468,0.020359923963105993,471
"(201, 184)",0.41684215227555854,407,0.009844344645274413,484,0.37240833663231543,429,0.013812275259567276,525,0.15495880315121124,347,0.02551816837988078,539,0.05193171431771337,166,0.025002336184894777,472,0.03652601605744166,172,0.020183245617532906,468,0.015655070746474875,161,0.021118532923924,443,0.5567127916010925,504,0.005789428865106428,568,0.31086456293085574,422,0.014304604645172303,548,0.24392833825251992,411,0.017281927875343474,559,0.08461162772004549,208,0.02582842512425688,539,0.03432617599641419,121,0.022113466459790038,512,0.01743098993349257,149,0.01845067787657364,466,0.42715262828906986,411,0.00896614586204742,492,0.3909851055192105,434,0.012440937904691744,530,0.15039544418406847,342,0.026006514605451114,535,0.04111593519736434,155,0.02574039894099218,460,0.0199768865456047,166,0.019803522909281612,426,0.015445291024954733,176,0.01998315566791904,423,0.7857350108611334,510,0.0009348504103857817,532,0.3291584318354308,428,0.012994696054683912,555,0.22680951655743686,404,0.019066588794500357,558,0.07779595950683671,207,0.024544574924994955,528,0.0329565739045703,143,0.026307890639677128,490,0.01846474933995146,152,0.027581371989420653,434
"(201, 219)",0.01619319540362585,197,0.02906697479753719,307,0.02207932685417413,180,0.035422271971722034,372,0.09917508954864274,256,0.029611066489014536,519,0.24638851076856394,434,0.014879373975264353,545,0.2983546019652732,432,0.010021841430874878,548,0.42160459450601984,443,0.007045529617564806,565,0.005579033994029148,117,0.026853019030633474,367,0.033567442037079176,187,0.030039556445079316,458,0.05281085733562929,190,0.028780955062891477,515,0.17654687275910663,398,0.020212557404592057,556,0.30755528247604536,492,0.010646926068470793,569,0.40640305444261315,454,0.006458535082313583,570,0.015048270309958367,194,0.027350879707731944,308,0.019415440179426757,171,0.033847306426136044,363,0.1026374722929918,265,0.02953872390434864,516,0.2808229453027338,445,0.013566707695148991,544,0.38688320294791967,442,0.007374372953261719,545,0.4235007051745585,428,0.006626914858168278,551,0.00046069068154297454,80,0.011169430120609251,385,0.02966019146518728,182,0.028985211295944054,462,0.059389141045624205,200,0.029802846315112715,512,0.1882379493039884,399,0.018282635523702788,554,0.313582864747446,467,0.012415072854336672,556,0.3981838237873857,457,0.009909136254480195,556
"(191, 255)",0.6348448561315299,492,0.0015212002324417467,599,0.43801556574269185,464,0.0026246648247528607,605,0.14556754772929104,337,0.0062663535410671595,600,0.02514932591738339,83,0.006682399000962387,587,0.004410360179728845,45,0.007916325248053845,565,0.0005592861056492593,30,0.010941892834876406,518,0.7690993469020941,579,0.0006392719256477575,607,0.4247984421416041,488,0.0024142537663227465,602,0.30360808919650584,472,0.004972650316590719,598,0.03590147829783341,98,0.012466234329619078,577,0.006139400543315188,42,0.012205553428577187,565,0.0008241667975121825,32,0.012827933796989169,508,0.712791846138862,515,0.0010967402849907564,600,0.47371885183956,481,0.0023846364160456882,605,0.13932271459963452,328,0.006337465835109979,599,0.017052215930364212,73,0.007000836710769469,583,0.0015202223788681746,41,0.008553127871059524,529,0.000567080069637349,36,0.012271753186207823,487,0.9997000299990002,613,0.0,614,0.316475899299417,419,0.0036486771368184857,602,0.173827867893375,352,0.006820139572742993,594,0.01879218047515452,52,0.01151651901006266,576,0.010414030856917389,51,0.011915533165044602,564,0.00191359519603429,39,0.011935186946885588,536
"(191, 204)",0.002776242153070152,136,0.009302288476330915,495,0.013920068999381918,148,0.008286222099557284,580,0.1064672180708266,266,0.00695501034278786,596,0.3534190447704435,527,0.0027691376018971034,608,0.5842922274450937,578,0.0015528813671646187,605,0.7726333830290092,600,0.000982454947802434,608,0.0005883089296117028,52,0.006990012725469289,552,0.015303155954476066,132,0.007309991769932797,582,0.035253347813009706,139,0.010192770467461984,580,0.3009094971380919,514,0.006137065592988551,594,0.5451211466153348,580,0.0027359098877627096,601,0.7442752555174496,598,0.001327141473721278,604,0.0012154535261452715,110,0.009180054322457816,488,0.010714455976383652,138,0.008432163512424136,577,0.11169414954616474,277,0.006822017018001972,596,0.40952494849031085,540,0.002426517537705475,606,0.6931927814702965,591,0.0011112437417629027,605,0.7716714802625818,597,0.0011074154802774576,608,1.000088900582341e-12,17,0.004636316093246586,444,0.03231842089502135,191,0.00780606695427652,583,0.08629647388022921,248,0.008613282934080356,587,0.3956672286583369,561,0.004170648538831085,601,0.47752102876779035,562,0.003329064932241832,602,0.6718739448538055,591,0.001691803750764911,606
"(255, 191)",9.999999999998899e-05,45,0.010828527185943319,468,9.999999999998899e-05,25,0.010542822833357788,562,9.999999999998899e-05,20,0.009140460821472544,586,9.999999999998899e-05,20,0.004332864478217655,602,9.999999999998899e-05,21,0.0026292275299751038,597,9.999999999998899e-05,23,0.001773198416601258,602,9.999999999998899e-05,28,0.008819074051196925,531,9.999999999998899e-05,25,0.010142736333046154,570,9.999999999998899e-05,23,0.015249048521154404,568,9.999999999998899e-05,21,0.010061008494265644,584,9.999999999998899e-05,22,0.004367078404900558,592,9.999999999998899e-05,25,0.002546438947090413,593,9.999999999998899e-05,52,0.010693217778659874,455,9.999999999998899e-05,25,0.01057396816782278,559,9.999999999998899e-05,20,0.009094342846041485,586,9.999999999998899e-05,21,0.0038403672968836742,601,9.999999999998899e-05,23,0.001897161888864863,598,9.999999999998899e-05,23,0.0017921941347485424,600,9.999999999998899e-05,56,0.0063542730792888625,424,9.999999999998899e-05,21,0.010497379258817037,568,9.999999999998899e-05,21,0.012172781333896633,575,9.999999999998899e-05,20,0.006676617617957059,591,9.999999999998899e-05,21,0.005420797406424483,593,9.999999999998899e-05,22,0.0026791177937644946,596
"(198, 202)",0.158159792165671,313,0.056739970911191796,197,0.14091063671622883,306,0.14664101510039565,83,0.11648814656341744,286,0.2920495183753532,52,0.10447439063216435,269,0.18498154717333762,53,0.06857749134647073,237,0.18343797263896047,53,0.06737182396847707,246,0.184224641244627,90,0.07027861875953134,264,0.06949473530184308,189,0.07757073502585055,255,0.18542314971734877,76,0.09351172581009926,250,0.28828529005171266,52,0.11434858646295898,289,0.29941243206516394,58,0.1007736229958911,258,0.22458238458903423,71,0.07713647165580961,254,0.1643080376793732,108,0.1840362864989864,320,0.053205502813521065,197,0.14624149170166345,311,0.13738376234651076,84,0.11917701705002326,294,0.2768813146934414,57,0.10437288922531329,268,0.1737537457728088,55,0.05327009344181877,232,0.16710165715476594,50,0.05693570590329178,253,0.19780014857251163,66,0.20484921956110214,337,0.022696542137366108,322,0.1116033512122081,281,0.18973121111456126,85,0.10216074905360828,270,0.3137875312076985,57,0.12059970620242089,299,0.2949346608339905,65,0.07930640178261705,241,0.2380321015433185,76,0.0851268478640228,262,0.2032787053844611,86
"(198, 239)",0.0968327091229435,281,0.06682112398348723,172,0.1103345168997869,292,0.159098560954614,72,0.13391671435739294,315,0.2787867598203565,59,0.14805193632013225,335,0.16468738205300287,70,0.20609234406199284,362,0.1271147127225633,103,0.20862834814594589,352,0.12639097033623323,157,0.20259855763434098,329,0.048829340782310514,246,0.18864456210118008,338,0.13788440815845543,119,0.16286529919944093,351,0.23960818698479341,81,0.13629313151539613,322,0.2823939830776026,69,0.1528276714379031,346,0.19547474157212807,95,0.18943245400421105,345,0.12178503829562459,167,0.08016848492137096,273,0.0701869677556886,155,0.10592190482640773,284,0.15297848219987037,73,0.1310096330498839,310,0.26828109814467044,64,0.1481800732084697,337,0.15459667275149463,77,0.24266053022334466,366,0.10080348083709945,119,0.2329428565989362,350,0.12367209496412555,128,0.06917737231649346,253,0.032592407930783135,283,0.13942798330512485,301,0.1761629370079166,97,0.15101225483324132,332,0.2754606963680336,77,0.12950604774909746,315,0.2880124184689921,71,0.18554600528925957,364,0.17930307735163348,113,0.17570861400120952,333,0.15965519428317743,123
"(206, 199)",0.0006725798184145093,85,0.1119583217168443,89,0.003992284255436074,89,0.11561514503720337,124,0.09995002073522419,259,0.08411467735088216,316,0.4434467812287106,563,0.03196568417450148,440,0.5321489075263367,568,0.020783056575989257,466,0.70488471982034,589,0.015404362524813624,488,0.010532719018510495,149,0.07465208854815708,181,0.024040914948333603,159,0.0937019023579388,205,0.04297354270605558,159,0.11810540508251839,205,0.21891859998751872,439,0.07650586426338286,353,0.36660977110224224,529,0.0424219678803877,414,0.6403728396458642,578,0.018778061449071216,462,0.0005738816626328358,88,0.11155620242650112,85,0.003093583367460351,80,0.1136669262874563,117,0.09372829687354456,248,0.08478285026461334,303,0.5345202205115376,583,0.02477052390706767,469,0.704146287680159,593,0.011490108634288046,507,0.7802348699800312,601,0.00987884920501478,509,0.04246125071447482,227,0.06037507824291478,218,0.03294956284886963,192,0.08676644322147861,226,0.06067634278388079,204,0.10824491559027372,249,0.3041243186280568,506,0.055512187263511606,402,0.4243943987077935,540,0.032863809213268175,448,0.6009554451239292,559,0.018251597100450632,485
"(206, 266)",0.7595101812296969,541,0.010751270535993201,470,0.5955918161953101,537,0.02179912055335558,472,0.15392038598001867,344,0.07283956860167154,349,0.013384409014068899,52,0.10266713430817981,154,0.006820140341352143,56,0.08880880801050907,183,0.0013322879177948277,38,0.1245901569697478,159,0.47600785807623935,464,0.020958044331649,421,0.3600115422850164,453,0.03801543203698129,402,0.2742855282428971,446,0.06367014831123172,378,0.06271730934302389,167,0.11605391799872614,235,0.02297750804736065,86,0.10679670340741935,212,0.002631433417455087,50,0.11723688264812042,174,0.7708398728810678,540,0.010110666387336029,472,0.6234721148900055,546,0.01938722778038132,477,0.16255223843462807,356,0.07056682913283986,350,0.006691286819097031,45,0.1066809046386209,137,0.0013436121491323672,38,0.09263756380539953,134,0.000500399902433335,30,0.11455368634080579,143,0.27605911704330477,364,0.03234853391068249,286,0.313614349643362,416,0.04094206140948848,397,0.22370130858189208,400,0.07006876506668758,367,0.03513069323118134,103,0.11398380467761007,244,0.015347284014039175,75,0.09937960625619476,231,0.0038051746096696704,65,0.09865598447722919,210
"(219, 201)",0.6474638907323379,496,0.007281439257798722,526,0.5029334263416645,500,0.012179159716538691,541,0.2025264744751769,399,0.02601137647865411,535,0.05159387357444767,163,0.028910743173789097,457,0.03908101058229929,178,0.02292844783189119,450,0.013736146748779876,148,0.02438346969099933,422,0.5774913532817254,520,0.005626312576385798,570,0.359575402467174,452,0.013475932435642875,553,0.25384690840363966,420,0.018783387094021473,556,0.08046125059633447,194,0.03000509388253838,520,0.03759890035903746,132,0.024634775424668028,500,0.01586079276758645,141,0.02238863456290166,441,0.6383340923457703,481,0.007027003186574487,528,0.5157878706410904,504,0.011094487496170096,547,0.2009721966029807,399,0.02639859034158213,532,0.03950357955429218,146,0.02953487664991368,433,0.02122012391347916,171,0.021955074736828714,409,0.011050626365462501,159,0.02415449706981991,397,0.7670042627342113,505,0.0011543370284763563,526,0.3350793694441565,432,0.0136175237404256,551,0.24829526479456043,428,0.019740761586437967,554,0.07518377361991335,199,0.028271706714107715,515,0.03342447595752285,144,0.02984353754717375,470,0.01881555327107154,154,0.0325693648108248,408
"(219, 220)",0.0024543092443459757,132,0.04669954552935921,227,0.008583685538133379,124,0.0473038214238656,302,0.07031421601775312,201,0.037009187970614484,481,0.24734572600610738,438,0.017145776723831392,525,0.2883386772341403,424,0.011777748698303513,534,0.4398594377050373,458,0.0076785492379867,549,0.0046783273045503115,102,0.028014023203292066,354,0.024112802984681103,161,0.033169550337682034,431,0.04936006700586559,180,0.03242196166777602,500,0.18352790262166185,411,0.022794140224272553,550,0.29406573390063107,479,0.012410582948798033,564,0.41976697226204884,461,0.007512765208204947,561,0.002684141250858696,141,0.04353625233847522,230,0.007766155719033385,120,0.0449292244368982,299,0.0710867798325987,203,0.03732757549788705,478,0.28674587379109306,455,0.015253924263598803,525,0.378163566074867,438,0.008405386022055608,535,0.46957090077340413,444,0.006921919948152473,547,0.0006060230791116172,85,0.012486349829152699,378,0.0284928523475505,177,0.030967208752981257,451,0.05126104745425342,177,0.033400852929038015,494,0.19303992446357499,407,0.020646400801910107,545,0.3114963633298068,466,0.01418145671243861,545,0.39548911353570493,455,0.011801488170229394,537
"(262, 207)",0.025558057579595617,224,0.03132673180857818,292,0.10537691809792693,286,0.04822990476055882,294,0.17747600052344492,374,0.06018549987005366,395,0.23251816169131245,419,0.036093449822996074,405,0.38562340392123573,486,0.021304802250526663,461,0.4914393361538957,487,0.01571025120045373,481,0.010522756358014362,148,0.03437076092549304,318,0.07849168942437257,256,0.06891689822779723,262,0.162766154686798,350,0.08138386838018194,313,0.21731081766337157,437,0.06910438207740655,373,0.2927816564659629,478,0.03835109920003224,430,0.43229722474025345,477,0.01809303195703847,471,0.02031436940186304,213,0.03250269223277063,273,0.1215640592573548,295,0.04490328315850309,301,0.18350935312232153,379,0.058074832542588474,400,0.24755466758098632,413,0.033799793018251104,405,0.40073533121003635,454,0.017131939341697544,450,0.5202491070360277,460,0.014183172175975886,476,0.0029680542112919817,127,0.010090965009497539,391,0.04566392068445979,221,0.06027854872140143,300,0.14022860005031124,323,0.07940254226764827,337,0.21902092509013316,439,0.057288243126733425,395,0.3591273286713019,498,0.03028981219754995,467,0.508470710241816,518,0.017238571754247933,498
"(262, 263)",0.3510569032403481,378,0.013080726481228315,436,0.1469194329125555,309,0.04317229680721547,324,0.08404488023099299,231,0.07721493830194824,334,0.05710199114197967,181,0.05763641195981034,292,0.020152276701395078,132,0.0569845683467177,285,0.009374619025134923,124,0.0587970078139687,295,0.4761343122535123,465,0.009645449955083051,521,0.1869905022564906,337,0.051601274961672966,328,0.09358024641929985,251,0.0978734661136996,263,0.06342034774961336,170,0.1041813138752794,275,0.03792621661477136,133,0.07579593769520623,300,0.014504298072167798,128,0.056097037591337266,299,0.3844680156643776,392,0.012196457646492378,438,0.12850008162741422,298,0.044080383018072516,304,0.08047195648041594,228,0.07644090982736826,333,0.05152044040456594,185,0.05703540874390907,282,0.01813806198663337,153,0.04807236023963532,271,0.007498055000190518,145,0.05828108329537499,263,0.6278570771306313,464,0.001693569584032213,504,0.26531464855818276,384,0.03352999152545936,437,0.11091588255985496,278,0.08585824903150446,314,0.06267285832178138,171,0.08693624397001191,310,0.024186867918559063,110,0.07444796905445197,295,0.008223132333396554,98,0.06816752113897645,284
"(210, 257)",0.15691149721702957,311,0.034018958110100805,276,0.0933625889591011,278,0.09034601765460666,179,0.11764308135549861,290,0.15546850653436053,145,0.15534478384980266,348,0.09557666145222107,173,0.20127942161476153,356,0.06625889256251262,241,0.2111704465145985,356,0.06781700634825212,264,0.3234256631502652,383,0.021182329228639864,417,0.2050122953564223,350,0.0640808367096501,274,0.12551117894766428,304,0.131384081716246,178,0.1182279834555936,298,0.14564724981517946,178,0.14024307926591395,331,0.09992090998851433,232,0.17832129903857608,334,0.06693921119816885,275,0.13071239487944442,300,0.035800263893942565,261,0.08719367835850078,274,0.08772609361877536,175,0.11587955967178776,288,0.15206440725884382,145,0.1550187622448702,343,0.09390220281283466,167,0.2538953735186251,369,0.05196477090718388,256,0.23805232536521648,356,0.06464738484866085,247,0.14502562617666526,311,0.014106757207154721,366,0.1496705832445817,309,0.08217121214760237,235,0.1277030780769275,308,0.14402351121802875,173,0.13252139513688488,322,0.1395566224707861,178,0.16518334167832105,344,0.09167417055897338,247,0.14992606793105456,321,0.08762240722933282,230
"(210, 239)",0.09773794635739286,283,0.03983378063813993,253,0.1630813966439657,318,0.07501794598207438,214,0.13265741187028124,312,0.14936679088987959,155,0.09888894985897889,257,0.11110531278785135,133,0.07093330947317611,245,0.09380526699169534,165,0.0661871191254636,245,0.09983707179568335,198,0.030834350145638956,219,0.046368203837790445,257,0.06909834170585527,246,0.09208006167073764,209,0.1244902108849989,301,0.13174227296776067,177,0.1320257989068241,313,0.14038567068010027,183,0.11090349976476821,274,0.1080525721885264,207,0.08353317544778749,263,0.08619101593450126,222,0.11945650646048156,297,0.036891123533973585,259,0.1724056861137635,321,0.06989400536280216,219,0.1345868646061732,318,0.14466460768110637,159,0.09913057264396807,256,0.10899368356567166,133,0.049343803163858224,229,0.08971183490484348,142,0.05497566244113483,248,0.1053703154567382,160,0.10690828970879518,281,0.01561606642044423,353,0.10320127622397557,275,0.09301153702701584,215,0.12233533746366865,295,0.14609988528458825,170,0.1177687186616333,294,0.14515627004402354,170,0.09192697510227554,261,0.11145205534669422,204,0.10300211531924996,277,0.09930219523106748,207
"(267, 228)",0.8234902795226584,564,0.0016295274916109357,597,0.5161274365338193,504,0.009344276468297233,574,0.21722876068262176,414,0.021792647977129445,553,0.046362241814898786,153,0.024320594956510552,479,0.012661262952207375,85,0.029473014403887318,406,0.0035842046604721567,72,0.0431658840660677,341,0.42307305399944284,438,0.0063231549568761305,561,0.4253702837757165,489,0.010211855300386123,568,0.32143842163636904,484,0.015711347771918148,566,0.09754877307051346,254,0.03125691354807421,512,0.05022374152802178,157,0.030229008402684023,474,0.005496622756715697,75,0.03988907474249494,357,0.8873728502715705,584,0.0009688362571164991,603,0.5452496931724463,516,0.008310034469807964,579,0.21702516072261235,414,0.02145304376507608,553,0.03255800322037472,127,0.025075703743576865,465,0.0034504434052491373,70,0.029514858818476142,355,0.0011074514609913377,55,0.04033239278169929,326,0.3312425551950938,380,0.005953235801790035,431,0.47760659243769366,518,0.008752020286044276,578,0.27284443906864797,451,0.019098678972924537,557,0.06096731912637865,162,0.032234518928519224,497,0.02449308005363826,114,0.03281990154605374,450,0.005502689530140437,77,0.035145637391776834,392
"(267, 250)",0.00024629995909286606,64,0.024366495470409026,346,0.007745473387342994,121,0.03788337584809573,351,0.06345646246014658,188,0.03284408438397791,499,0.2630754774023768,448,0.013635431368955805,555,0.4510884833614983,531,0.008957008493390567,557,0.6075649170742266,552,0.007799630172094243,547,0.01549238565971467,177,0.01904142793918161,442,0.015240893944353795,131,0.030975872948007053,446,0.031251794682224276,128,0.03416811735190211,489,0.1571711785180987,359,0.02666218425998169,536,0.2512971143730601,448,0.017673846897858024,533,0.5584964647177708,546,0.008548287701382162,545,5.953474428932459e-05,27,0.023843074989249445,340,0.006132944556293429,111,0.03708898562737289,343,0.06354616890511655,188,0.03230693986651787,504,0.3153832573129901,477,0.011763218735114036,559,0.6117233960134489,557,0.005253886050919081,573,0.7206230882530325,578,0.004654354917108155,578,0.029244140477400427,210,0.013369715724183903,373,0.010407353752048154,100,0.031334178585178146,450,0.04339446095585364,156,0.035250363386390024,487,0.22300870922317984,445,0.020920864082004855,541,0.35728838518937156,494,0.013432147178500503,550,0.5583644222906369,538,0.007535125925392654,573
"(234, 233)",9.999999999998899e-05,46,0.0042197246304277,569,9.999999999998899e-05,26,0.0031437162460704843,604,9.999999999998899e-05,21,0.005252419295091086,602,9.999999999998899e-05,21,0.004795853848272982,598,9.999999999998899e-05,22,0.0019103529730236711,602,9.999999999998899e-05,24,0.0014083624440930026,606,9.999999999998899e-05,29,0.0038296346315071102,587,9.999999999998899e-05,26,0.0027470068276697957,601,9.999999999998899e-05,24,0.00426800129708327,600,9.999999999998899e-05,22,0.003762544768299203,602,9.999999999998899e-05,23,0.0026734438914300684,602,9.999999999998899e-05,26,0.0009606919623206266,606,9.999999999998899e-05,53,0.003828299868788109,570,9.999999999998899e-05,26,0.0030422611951548112,603,9.999999999998899e-05,21,0.005099756313339067,603,9.999999999998899e-05,22,0.005064183486279857,596,9.999999999998899e-05,24,0.0019629608249278657,596,9.999999999998899e-05,24,0.0014131202367377632,604,9.999999999998899e-05,57,0.00666588988275079,421,9.999999999998899e-05,22,0.005501544456503264,594,9.999999999998899e-05,22,0.005813066060283214,599,9.999999999998899e-05,21,0.004771285572081913,600,9.999999999998899e-05,22,0.002988600561874181,603,9.999999999998899e-05,23,0.001494683759541036,607
"(263, 262)",9.999999999998899e-05,47,0.03648823179682173,263,9.999999999998899e-05,27,0.05234064653751656,282,9.999999999998899e-05,22,0.07294211449154527,347,9.999999999998899e-05,22,0.043256738831519204,360,9.999999999998899e-05,23,0.026201011928263063,433,9.999999999998899e-05,25,0.020317699377282877,451,9.999999999998899e-05,30,0.03980037444783337,290,9.999999999998899e-05,27,0.08129825816425311,229,9.999999999998899e-05,25,0.09829544484836074,259,9.999999999998899e-05,23,0.08637476961400652,321,9.999999999998899e-05,24,0.0484202148024261,388,9.999999999998899e-05,27,0.023532551280922614,436,9.999999999998899e-05,54,0.037564824922173334,257,9.999999999998899e-05,27,0.048326283872645974,287,9.999999999998899e-05,22,0.07032871115684769,352,9.999999999998899e-05,23,0.0409520935224172,355,9.999999999998899e-05,25,0.021792656545208514,410,9.999999999998899e-05,25,0.018975858495382327,435,9.999999999998899e-05,58,0.013329070054167128,374,9.999999999998899e-05,23,0.0675759029950384,276,9.999999999998899e-05,23,0.09364360536224091,292,9.999999999998899e-05,22,0.07011343487811741,357,9.999999999998899e-05,23,0.037767071984820905,425,9.999999999998899e-05,24,0.02185974998328765,465
