,fri,fri,fri,fri,fri,fri,fri,fri,fri,fri,fri,fri,fri,fri,fri,fri,fri,fri,fri,fri,fri,fri,fri,fri,sat,sat,sat,sat,sat,sat,sat,sat,sat,sat,sat,sat,sat,sat,sat,sat,sat,sat,sat,sat,sat,sat,sat,sat,mtt,mtt,mtt,mtt,mtt,mtt,mtt,mtt,mtt,mtt,mtt,mtt,mtt,mtt,mtt,mtt,mtt,mtt,mtt,mtt,mtt,mtt,mtt,mtt,sun,sun,sun,sun,sun,sun,sun,sun,sun,sun,sun,sun,sun,sun,sun,sun,sun,sun,sun,sun,sun,sun,sun,sun
,Morning,Morning,Morning,Morning,AM Peak,AM Peak,AM Peak,AM Peak,Midday,Midday,Midday,Midday,PM Peak,PM Peak,PM Peak,PM Peak,Evening,Evening,Evening,Evening,Late,Late,Late,Late,Morning,Morning,Morning,Morning,AM Peak,AM Peak,AM Peak,AM Peak,Midday,Midday,Midday,Midday,PM Peak,PM Peak,PM Peak,PM Peak,Evening,Evening,Evening,Evening,Late,Late,Late,Late,Morning,Morning,Morning,Morning,AM Peak,AM Peak,AM Peak,AM Peak,Midday,Midday,Midday,Midday,PM Peak,PM Peak,PM Peak,PM Peak,Evening,Evening,Evening,Evening,Late,Late,Late,Late,Morning,Morning,Morning,Morning,AM Peak,AM Peak,AM Peak,AM Peak,Midday,Midday,Midday,Midday,PM Peak,PM Peak,PM Peak,PM Peak,Evening,Evening,Evening,Evening,Late,Late,Late,Late
,alpha,alpha_rnk,distress,distress_rnk,alpha,alpha_rnk,distress,distress_rnk,alpha,alpha_rnk,distress,distress_rnk,alpha,alpha_rnk,distress,distress_rnk,alpha,alpha_rnk,distress,distress_rnk,alpha,alpha_rnk,distress,distress_rnk,alpha,alpha_rnk,distress,distress_rnk,alpha,alpha_rnk,distress,distress_rnk,alpha,alpha_rnk,distress,distress_rnk,alpha,alpha_rnk,distress,distress_rnk,alpha,alpha_rnk,distress,distress_rnk,alpha,alpha_rnk,distress,distress_rnk,alpha,alpha_rnk,distress,distress_rnk,alpha,alpha_rnk,distress,distress_rnk,alpha,alpha_rnk,distress,distress_rnk,alpha,alpha_rnk,distress,distress_rnk,alpha,alpha_rnk,distress,distress_rnk,alpha,alpha_rnk,distress,distress_rnk,alpha,alpha_rnk,distress,distress_rnk,alpha,alpha_rnk,distress,distress_rnk,alpha,alpha_rnk,distress,distress_rnk,alpha,alpha_rnk,distress,distress_rnk,alpha,alpha_rnk,distress,distress_rnk,alpha,alpha_rnk,distress,distress_rnk
"(0, 231)",0.4509891017521602,595,0.08257860548326693,543,0.4492417865962013,595,0.08269630711345442,547,0.4479022041884745,595,0.08269808753529576,547,0.4466980999621156,595,0.08272115811180478,548,0.44662827761787116,595,0.08271804005025243,550,0.44727861861862805,594,0.08274215084239721,545,0.44957301094422353,595,0.0827673285595805,540,0.44739167158063464,595,0.0827673285595806,541,0.4467742327701095,595,0.08276732855958045,550,0.4447333926922109,595,0.08276732855958055,545,0.445609195793616,595,0.08276732855958037,547,0.4454565377167049,595,0.08276732855958058,543,0.4514551051287803,595,0.08258154059478269,543,0.4488663763713422,595,0.08269846761418502,548,0.44792646071113207,595,0.0827026756592699,547,0.446643168053259,595,0.08273692998458015,549,0.4462695216199424,594,0.0827467728755913,550,0.4466405108734678,594,0.08275381761641892,543,0.4500953861310458,577,0.08276732855958059,493,0.44758586529649924,595,0.08276732855958048,542,0.44670995083011755,595,0.0827673285595806,544,0.44527854838777436,595,0.0827673285595806,542,0.44511563868932247,595,0.08276732855958047,542,0.44677520713311913,594,0.08276732855958065,540
"(0, 61)",0.12402130386650467,290,0.1980137221371078,281,0.1269845940536155,311,0.19546788772259058,295,0.13013178550609084,320,0.19279571061803186,295,0.1328180549246225,319,0.19057986849413538,304,0.1330183115130804,320,0.1904151207905093,306,0.1312112251415425,310,0.19191078956224572,301,0.12556703086883259,297,0.1967211105471772,285,0.1307010504682039,323,0.19234350724763316,296,0.13219052289465894,327,0.1911101736315387,302,0.1372307817957623,338,0.18705153996609086,311,0.13504556998147832,326,0.18878989280809153,312,0.13542404161098853,327,0.1884865238358992,313,0.12293586830835401,285,0.19897977591170066,281,0.12784375025531047,315,0.19473152964746307,295,0.130030654329093,322,0.1928819962692674,294,0.13280038911290637,321,0.190599596244771,303,0.13361862380495537,322,0.18993563338481906,309,0.13264476569700434,320,0.1907326829988704,305,0.12436664061855507,291,0.19777417957804536,255,0.13023593451383886,318,0.19273193320080856,297,0.1323465276227619,325,0.1909819159834902,303,0.13586660336330247,328,0.18813300916367307,311,0.13627288980281238,331,0.18780962761203057,311,0.13218815959110997,323,0.19111211792664354,305
"(0, 200)",0.007764444548837179,28,0.38432887414723016,67,0.007593390483476181,28,0.3843288741472285,67,0.007407789842867496,28,0.3843288741472267,67,0.007257359012173836,28,0.3843288741472299,67,0.007245916224420168,28,0.38432887414722805,67,0.0073498940937041235,28,0.3843288741472336,67,0.007686408588939209,28,0.3843288741472298,67,0.007381389209601963,28,0.3843288741472303,67,0.007296734602056265,28,0.38432887414723044,67,0.0070221277489186384,28,0.38432887414723077,67,0.007138998606906588,28,0.3843288741472296,67,0.007118522369738867,28,0.38432887414722994,67,0.007833316027155313,28,0.38432887414722683,67,0.0075420984252725365,28,0.3843288741472336,67,0.007414062461543747,28,0.38432887414722666,67,0.0072597802256419985,28,0.3843288741472313,67,0.007215241537082084,28,0.38432887414723255,67,0.007270014212666043,28,0.3843288741472333,67,0.007760842116994682,40,0.38432887414723016,60,0.007408166885375822,28,0.3843288741472306,67,0.007287963455687052,28,0.3843288741472306,67,0.007094704434132515,28,0.38432887414723005,67,0.007072957184392603,28,0.38432887414722905,67,0.007296867613259539,28,0.3843288741472311,67
"(0, 46)",0.36470144185261777,587,0.10305991400040798,473,0.36344826650632345,587,0.10305991400040801,480,0.36206515321666033,587,0.10305991400040791,477,0.3609255687422037,586,0.10305991400040795,474,0.36083818528386025,585,0.10305991400040791,475,0.3616285704949349,586,0.103059914000408,470,0.36413224326680527,587,0.10305991400040795,470,0.36186637831631185,586,0.10305991400040801,479,0.36122550077708815,586,0.1030599140004079,473,0.359108720919603,585,0.103059914000408,473,0.36001682402336654,585,0.10305991400040791,473,0.35985850458727064,585,0.10305991400040797,470,0.3652003610719229,588,0.10305991400040794,475,0.3630685067714047,587,0.10305991400040801,480,0.3621123052783861,588,0.10305991400040788,479,0.36094404565120064,586,0.10305991400040798,473,0.3606034413467518,585,0.10305991400040806,478,0.36102209451040657,586,0.10305991400040798,473,0.3646752569966263,564,0.10305991400040801,426,0.3620679883103354,587,0.10305991400040794,475,0.3611587909822518,585,0.10305991400040804,473,0.3596739311437439,585,0.10305991400040791,471,0.35950501087729736,585,0.1030599140004079,469,0.361226511958617,585,0.10305991400040802,469
"(231, 213)",0.31153318256331497,576,0.08310428942607896,533,0.30624231763801335,575,0.08441731943319995,534,0.30893257955389086,579,0.08374623670199109,538,0.3075121187200014,578,0.08409919905340658,537,0.3078796409987392,578,0.08400828213490781,539,0.3083835428960269,579,0.08388320534495537,536,0.3107209331566113,573,0.08330450876769385,534,0.3072632087814684,577,0.08413998878496132,535,0.30754163583820915,577,0.08402578580676284,539,0.3064006157390138,576,0.08432808627815064,538,0.3064300293245934,577,0.08429866756495707,536,0.3065333505974168,577,0.08433119741753155,533,0.31187060769238983,576,0.08302166374630071,535,0.30676078063307677,575,0.0842752207293276,534,0.30861050675581536,579,0.08381237749363685,538,0.3072674339187256,578,0.08414974566435605,538,0.3071669536240682,578,0.08416712447105912,540,0.30659840301592145,578,0.08432850791554397,533,0.31188985184934825,552,0.08301693925043489,485,0.310101573351667,577,0.08342495171784481,534,0.3085666660618429,577,0.08379009172379305,538,0.30777095668747867,578,0.08399888315382356,537,0.3086746345086646,577,0.08381086767619807,536,0.30695688824306544,578,0.08420020611107204,532
"(231, 92)",0.004245276178606372,27,0.3031082301024368,149,0.004316899834007959,27,0.3031082301024374,153,0.0042801036195175834,27,0.3031082301024376,147,0.004299244410950531,26,0.3031082301024368,148,0.004294509817854175,26,0.30310823010243654,149,0.004287786724737397,26,0.3031082301024368,149,0.004256247009238545,27,0.3031082301024366,151,0.004294137482624194,27,0.30310823010243687,149,0.004272521772339388,27,0.30310823010243687,148,0.004294972926686791,26,0.30310823010243715,147,0.004285800495804737,26,0.3031082301024365,148,0.004307625452714903,26,0.30310823010243704,148,0.004240884037743475,27,0.30310823010243676,149,0.004304876774856137,27,0.3031082301024366,154,0.004278947644781872,27,0.30310823010243715,147,0.004298391458751327,26,0.3031082301024366,151,0.004296690157622685,26,0.30310823010243776,149,0.004312154512867039,26,0.30310823010243615,151,0.00424062771495326,32,0.30310823010243687,132,0.004251612141849881,27,0.30310823010243737,147,0.0042663116194926465,27,0.3031082301024373,148,0.004281440478041798,26,0.3031082301024369,147,0.004283836340318148,26,0.3031082301024372,147,0.004291834926547056,26,0.30310823010243704,148
"(231, 0)",0.31313070718308156,577,0.0827656305529061,538,0.3139709195691558,579,0.08276505286135187,544,0.31354896880345884,582,0.08276356966428626,543,0.313785023741354,580,0.08276090979426247,545,0.3137092087981017,579,0.08276526724051644,547,0.31362098724175924,581,0.0827673285595804,542,0.31325162936975937,574,0.08276732855958055,536,0.31369511841465214,579,0.08276732855958059,543,0.31344247156961,578,0.08276732855958058,546,0.31370486439126055,579,0.0827673285595806,543,0.3135977858018949,580,0.08276732855958042,546,0.3138522938882724,581,0.08276732855958054,544,0.313070986065932,577,0.0827673285595806,536,0.31385253491552345,579,0.0827605101283589,546,0.3135325131038964,582,0.08276419053324813,544,0.3137780964516952,581,0.08276027205152771,546,0.3137548325372278,579,0.08276099679999822,547,0.3139049899261974,580,0.08276732855958069,540,0.313067968052248,553,0.0827673285595806,492,0.3131971815252024,578,0.08276732855958058,539,0.3133697128431445,579,0.08276732855958056,546,0.31354682803677225,580,0.08276732855958048,544,0.313574834429031,580,0.08276732855958048,541,0.31366825044225444,580,0.08276732855958059,542
"(231, 46)",0.11794326861409865,260,0.14364508488206285,372,0.11856250635573451,267,0.14364508488206282,384,0.1182451547413732,265,0.14364508488206273,383,0.11841043962797138,269,0.14364508488206282,382,0.11836959662941948,269,0.14364508488206273,384,0.11831155329297294,274,0.14364508488206276,377,0.11803852448772822,259,0.14364508488206285,374,0.11864998409164873,267,0.14350450724655006,383,0.11903274007989384,270,0.14322275061416254,386,0.11900666903972223,271,0.14333168874132415,383,0.11920776854692994,275,0.14319325688792278,383,0.1186548378771548,274,0.14355974833356175,377,0.11790509170528718,262,0.1436450848820628,371,0.11860568834486218,270,0.14357235889958045,386,0.11841242427504606,267,0.14355713628592137,383,0.11853516508941819,270,0.14357958640465468,383,0.11861978502800763,269,0.1435303820470872,386,0.11852167153725479,275,0.14364508488206287,375,0.11790286298893826,267,0.14364508488206285,340,0.11841289344223527,266,0.14343937691987269,381,0.1187324166053112,270,0.1433444569476077,386,0.11872467883442095,269,0.14341317732698858,382,0.11827742241709771,269,0.14364508488206276,380,0.11883689997510394,269,0.14340217018224663,376
"(213, 183)",0.28019160380784225,563,0.08340372774768665,531,0.2718667312388222,561,0.0849899765240071,531,0.2677286362117606,559,0.08427569467998762,536,0.26261627208880145,562,0.08455072054057432,535,0.2692909126982338,563,0.0844572972043716,537,0.26730290353869557,562,0.08432473953058495,532,0.2758138524671866,563,0.0833844441911289,533,0.2756693933533737,563,0.08415747893082912,534,0.2702085508961415,564,0.08434094483933119,536,0.2711787447974885,564,0.08445126805208003,537,0.27163044136916814,565,0.0845000627381938,534,0.2661325706758746,562,0.08435656010867587,532,0.28209126118321315,564,0.08342709418592295,531,0.27319934016523684,561,0.08489530239859183,532,0.26789623540627816,559,0.08431346409333644,536,0.2626461227144926,563,0.08459777997606208,536,0.2672075020965403,562,0.08452161787765895,537,0.2698939919458123,562,0.08457480706542685,532,0.2676985842134937,540,0.08333075701894226,484,0.2757771148992565,563,0.08378198650426144,532,0.27258320481712905,563,0.08422608120889209,536,0.27029311996791705,566,0.08423409104688827,536,0.2726992046766832,564,0.08394837355393014,533,0.2747695354642553,565,0.08398209495817853,533
"(213, 231)",0.04129169772135344,55,0.15790028765985184,348,0.04368244357224271,54,0.15633303393555556,361,0.044923291316078084,55,0.15279533459755276,366,0.046506819089328966,54,0.15056324916686653,369,0.044450608223120525,54,0.1539637602090671,364,0.04505300008429458,54,0.15265639249683535,359,0.042531719595759965,54,0.15549606948565467,352,0.0425732813086378,54,0.15685915063863617,356,0.04417536438511349,53,0.1542451242018534,364,0.04388626730159828,53,0.15497031258630511,361,0.043752337002707975,53,0.15530404212141674,360,0.045411569250581874,55,0.1520883803224521,364,0.04076513977837737,53,0.15897933743616702,348,0.0432904087837126,54,0.1568843584419244,360,0.04487233458729689,55,0.15295355713617825,365,0.04649740660312218,53,0.15066292250143462,368,0.045082119334189596,54,0.15296165568927939,365,0.04426951712688387,53,0.15450308650599617,356,0.044932434628544904,79,0.15106622204883352,330,0.0425422852620394,54,0.15621753820903084,358,0.04347121550314825,54,0.15531462934823978,362,0.04415008669174325,53,0.1540951739375537,366,0.04343711578911491,54,0.15486499041307855,362,0.04283311426463887,53,0.15604493619072146,356
"(183, 94)",0.19082149004929017,482,0.08379996302738556,527,0.19164705347228228,480,0.08559781800948081,526,0.19314838566081338,491,0.08572425974269715,532,0.1910441204513379,479,0.08714734417147038,527,0.1810699933882196,447,0.08621186462572496,530,0.17581120961278285,438,0.0870384185978847,522,0.18959412593338754,477,0.08371270259731091,528,0.19771377193267303,499,0.08473387031942244,532,0.20458065422446725,506,0.08536318606676585,531,0.18826978704187258,473,0.08548257424553683,532,0.18398383036444588,460,0.085700200676833,531,0.1830768340830986,458,0.0868295213350156,525,0.18709536404765137,473,0.08391853881695255,527,0.1918560234663188,480,0.0856245439774889,526,0.19220542315423372,489,0.08570388674767859,532,0.1885531598953042,471,0.08737572159385436,526,0.17825844171874117,443,0.08667337632740862,527,0.17099219725054304,425,0.0874595139911118,521,0.21636976961371435,493,0.08402903740817254,478,0.1986848585623262,499,0.08482017940221451,527,0.1952322031132777,493,0.08540267799492694,528,0.18546478568682734,467,0.08557216197697984,529,0.18147529353406622,451,0.08521390647675077,527,0.18090217348957616,450,0.08507861630609809,525
"(183, 213)",0.07637772666196152,123,0.11370965591708843,432,0.07593086895432077,123,0.11654418780677524,438,0.07512595518029797,119,0.11743677116349566,432,0.07625692316544208,126,0.11836018151546908,433,0.08189453475841346,151,0.11231322386850032,446,0.085063589347662,159,0.11086946306964997,442,0.07704771218282058,128,0.11301768480317012,430,0.07273799738092623,107,0.11825392678145043,430,0.06930774871492318,104,0.12245171532283408,424,0.07777829703743833,132,0.11477615169060303,437,0.080198635255609,139,0.11302800573072883,438,0.08072206032155105,142,0.11408129927410941,435,0.07843292735008511,132,0.11212766561502735,437,0.0758182386030739,124,0.11668065386499017,439,0.07563035070778601,121,0.11695631932278076,437,0.07762129694835829,133,0.11745596628821953,435,0.08357109906787019,153,0.11157075672151177,445,0.08809649229294403,170,0.10909703604308228,446,0.06383589210709728,116,0.12622341872303097,373,0.07224135909646556,107,0.11883895053728634,426,0.07402499920875716,115,0.11799470090866147,432,0.07935250304278174,138,0.11356193443349576,439,0.08165613632300284,146,0.11120390433219479,444,0.08199348680911389,146,0.11075803135450255,443
"(94, 15)",0.07726957224395703,129,0.16915579037200237,328,0.07548608185644545,122,0.17537835561189494,334,0.06865220050681664,100,0.1798560272044531,325,0.0660856870075518,96,0.1803369443499877,324,0.06410181626624634,88,0.1829590103569507,321,0.061371577156341006,81,0.1867537452867704,312,0.0732148416719256,112,0.17049576285174203,329,0.07041416816519108,101,0.1777272982760291,327,0.0686889732131204,101,0.17992781426068385,328,0.06606521122204811,93,0.18104679959700407,324,0.06542092236018138,92,0.18229917138694504,322,0.06236707624862259,81,0.1849908228851042,315,0.07628384381001063,124,0.17019621106951432,330,0.07564780368159651,123,0.1748721761958516,334,0.0685942626040148,99,0.17935745574944195,326,0.06546148173683308,93,0.18037639248494536,325,0.06232758356795787,85,0.18427333486450884,316,0.06087634668849207,80,0.18687076464025032,312,0.0689560645263172,131,0.18104871008629536,288,0.06866138244013198,102,0.17888103711373823,331,0.06892402677236453,103,0.18008020160784988,326,0.06511374899890998,89,0.18298056544467076,318,0.06355721507979806,85,0.18448064265548628,314,0.06199642342644407,83,0.18705737475668205,316
"(94, 231)",0.464130445721184,596,0.06247474311875313,592,0.4757129768934194,596,0.06247474311875314,592,0.475601584937559,596,0.06247474311875306,591,0.4727925530162378,596,0.0624747431187531,592,0.4753826580079755,597,0.0624747431187531,593,0.47911605438504123,597,0.06247474311875316,591,0.46140669166743153,596,0.06247474311875311,593,0.47357222276288136,596,0.06247474311875316,593,0.4758111020514554,596,0.062474743118753076,593,0.4742905939589577,596,0.06247474311875313,593,0.47599280409880396,596,0.06247474311875309,593,0.47699183227701836,596,0.06247474311875313,593,0.4651371115939751,596,0.06247474311875312,592,0.4748190412925304,596,0.062474743118753166,592,0.4744367320782801,596,0.062474743118753055,591,0.4719292139493406,596,0.06247474311875309,592,0.4754219246191643,597,0.06247474311875322,593,0.4785830372404969,597,0.062474743118753145,591,0.47861449853748617,581,0.062474743118753166,557,0.4735016741923668,596,0.06247474311875312,593,0.4764878276095801,596,0.06247474311875317,593,0.47697398603438623,596,0.0624747431187531,593,0.47776010252722423,596,0.06247474311875307,593,0.48071728074684084,596,0.06247474311875316,593
"(94, 183)",0.17564120862612875,442,0.12616853305486442,408,0.17344529806391673,439,0.1307153722811718,410,0.18709395036257537,474,0.12613201150181563,413,0.1941107009544213,488,0.1229996975252513,423,0.1973066273429901,493,0.12282143199410045,425,0.2018693222287703,503,0.12258924768881252,424,0.1847904702824018,461,0.12235881847499899,421,0.18441627775410663,464,0.12634260520712345,412,0.1869119808157682,471,0.12625905007648128,412,0.19339021547112523,486,0.1237005168744295,418,0.19397063830474515,491,0.1240602434753921,414,0.20056840847813273,505,0.12231930999280445,424,0.17699339977778417,448,0.12604682566737888,406,0.1735634911934728,438,0.13037456523931107,410,0.1877970067028204,475,0.12552787887322653,414,0.19596591588428824,491,0.12215066191875013,427,0.20148561666761977,498,0.12154432990919564,426,0.2033655862773447,504,0.12196067642327175,422,0.18496659896438072,441,0.12781289804633536,369,0.18812138576650805,471,0.12512243344237042,414,0.18608040098511291,470,0.12674987388449474,411,0.19416594634468476,494,0.12431255433078507,415,0.19734916553532555,499,0.12356292756313261,416,0.1995229136438832,500,0.12382828636063146,419
"(15, 62)",0.2683695104523943,559,0.08260013166828217,542,0.288461303090807,568,0.0827109388952194,546,0.2791810762629079,565,0.08271955462861758,546,0.27638077420457285,565,0.08274050400869862,547,0.2780887177542213,566,0.08273620841691584,549,0.2770326160325677,564,0.08275518981481852,543,0.2617476862766045,560,0.08276732855958052,539,0.27435542891421183,562,0.08276732855958047,546,0.27957020966397517,567,0.08276732855958051,547,0.277699533624127,568,0.08276732855958041,547,0.2766094560482538,567,0.08276732855958058,543,0.2766726184995013,567,0.08276732855958066,542,0.27336008411438384,560,0.08260754266601143,542,0.2901159705331502,569,0.08271264174151652,547,0.2794945645257342,565,0.08272284428512099,546,0.2763868293688536,566,0.08275074144455928,547,0.2784807332418038,567,0.0827554540013443,548,0.2779975836199742,565,0.0827614959557026,542,0.2552949472925452,531,0.08276732855958059,494,0.2709210409717093,562,0.08276732855958042,543,0.2776496695128716,566,0.08276732855958056,547,0.2735491464244785,567,0.08276732855958047,546,0.2739030631347331,566,0.08276732855958101,539,0.27578591006888664,566,0.0827673285595806,541
"(15, 254)",0.08702716112435427,162,0.13795445567380585,384,0.10192563850756065,207,0.1377515332401371,398,0.09506339547800158,188,0.13787648845270314,397,0.09321124209339526,184,0.1378573926601434,397,0.09419207033219235,189,0.1379544556738058,396,0.09351764991727374,192,0.13795445567380585,391,0.0831243492831466,148,0.13795445567380585,386,0.09190222311266072,184,0.13785256593986858,396,0.09568693828762331,191,0.13778785088062515,398,0.09416073892520882,188,0.13788916589439107,395,0.0934567817240558,187,0.1378603431982226,392,0.09332612243973892,187,0.13794543062217238,391,0.09046526220000206,174,0.1379544556738058,385,0.10310401334655217,214,0.13776526794379887,398,0.09530373102073142,188,0.13787255725388656,398,0.09317564539879841,185,0.13789385151000103,398,0.09482972052688776,194,0.13781117423295738,399,0.09421508332105044,194,0.13795445567380588,392,0.07887468869704417,153,0.13795445567380588,352,0.08932540092169572,170,0.13795445567380582,395,0.09399120878162759,189,0.1379544556738059,395,0.09113607311746108,177,0.1379544556738058,395,0.09138106046720429,177,0.1379544556738058,393,0.09268897881986593,187,0.1379544556738059,391
"(15, 94)",0.08989285932607172,174,0.13652995957452851,389,0.06955655567730046,102,0.1552599032466189,365,0.07816335044394629,130,0.1466837919293659,375,0.08081008723038363,144,0.14424698008030293,379,0.07931295817021244,145,0.14567530976098955,379,0.08029492802041749,145,0.14478724842195195,373,0.09697311575776435,191,0.13125573677189148,397,0.08276256193680176,147,0.14252328138109105,388,0.07749343242395523,131,0.1472893329859321,377,0.07948314664562217,140,0.14549575275956644,379,0.08050625968005809,140,0.14454145420992126,379,0.08059880076993797,140,0.14451327206113732,373,0.08448871860801721,154,0.14099014731381598,377,0.06817456866673155,99,0.15678195357400834,361,0.0778454103700651,130,0.1469828880288005,376,0.08083958698900506,145,0.14425087719968402,380,0.07861759000142676,138,0.14623888861393927,377,0.0793263146163441,139,0.1456796622615711,372,0.10508532205986054,224,0.12564543763601754,374,0.0865500457442262,162,0.13935219468659857,390,0.07964976088437792,139,0.14538544352627383,379,0.0837839590453393,147,0.1416989388507352,385,0.08341852913379089,150,0.14201591377810366,386,0.0815020037073173,145,0.14370605076604048,374
"(62, 84)",0.14325700833847899,360,0.0924006447543559,498,0.14044985657862707,355,0.09365202549962794,503,0.14442398419055102,367,0.09254105364894988,507,0.25205029935955137,556,0.09176334750046598,509,0.2526737820579421,556,0.0916604281317242,509,0.15225703489567188,388,0.09034773651021248,512,0.2571533661503934,556,0.0899068181092844,499,0.25116008274269663,552,0.0917074469165118,505,0.24513746576013862,549,0.09361473425123348,500,0.2495228857444427,553,0.09244424327841062,505,0.250714253123822,554,0.09218171579295191,506,0.2557842023505308,557,0.09093997378110576,511,0.1429718369555757,356,0.09265820346924546,498,0.14006628725152592,352,0.09378494993885066,503,0.14451975158960195,367,0.09248429726066218,509,0.2521255285514852,556,0.09174120913219196,509,0.25399392854593084,557,0.09136134295536726,513,0.1521956628129839,384,0.09032727682063516,511,0.2530947916944728,529,0.09112412725565547,462,0.2514782286061825,553,0.09166053058910272,502,0.2483227465666762,552,0.09266036532564115,504,0.25572216909695766,559,0.09079617746823178,510,0.25791518962627413,559,0.09028715030576356,509,0.2604961988679635,562,0.08963981506325078,511
"(62, 106)",0.13246705625907784,329,0.09579303180732766,491,0.13118717483052333,326,0.09661612590876875,496,0.12650065838076785,301,0.09830230411052453,491,0.2222842915628802,530,0.09957331768838577,487,0.22059671004883763,529,0.10010032292784173,488,0.1185222229288635,275,0.10124681327235638,483,0.23223385742387448,535,0.09621731051084424,486,0.22936165706604117,535,0.09733981107190282,490,0.2258855127936681,536,0.09870124589683292,487,0.22334426726875645,532,0.0993344119150292,485,0.22153089900410172,534,0.09987653776873562,485,0.21684034328435042,529,0.10121100314702464,483,0.1310165691326448,325,0.09644600443108337,490,0.1314960030286556,325,0.09652843615617082,496,0.12674132069082467,303,0.0981906819517181,491,0.22228865100300277,530,0.0995683223001943,488,0.2188553587218317,525,0.10061947160896156,488,0.11901818402648379,279,0.10102440390111837,482,0.2304096657645075,504,0.0969462439228983,446,0.22763560652354586,537,0.09784044073885191,487,0.22624181251511333,534,0.09844630844510494,487,0.22050601038466489,530,0.10000049022621373,483,0.21801509636721117,527,0.10072927195734556,485,0.21643991261176598,524,0.1011495385807863,481
"(62, 249)",0.03071534679177923,40,0.15487420378264635,354,0.031245955765064948,40,0.1548742037826466,367,0.03139289215527752,39,0.1548742037826463,364,0.08739940733959617,166,0.154874203782646,362,0.08753351593750314,167,0.15487420378264588,361,0.03156650848663567,40,0.15487420378264619,356,0.08581434400443322,158,0.1548742037826465,354,0.08668182818715042,163,0.15487420378264655,360,0.08769391610226385,168,0.1548742037826462,363,0.0875318037188011,165,0.15487420378264632,363,0.08762281793913129,167,0.1548742037826463,361,0.0876523984534584,168,0.15487420378264644,361,0.030948325944044175,40,0.15487420378264619,354,0.031264634557460425,40,0.15487420378264563,366,0.031354584763225946,39,0.15487420378264682,363,0.08739034647275035,169,0.15487420378264485,360,0.08760394323504339,169,0.15487420378264527,360,0.03151234556094484,39,0.15487420378264588,354,0.08640831350267186,176,0.15487420378264635,322,0.08676460037481548,163,0.1548742037826464,364,0.087313013618467,164,0.1548742037826466,365,0.08723508669334967,167,0.15487420378264619,364,0.08730167558531043,169,0.15487420378264644,361,0.08723882417277007,169,0.15487420378264657,359
"(62, 15)",0.27930033856696523,561,0.06247474311875313,593,0.280884468222691,563,0.06247474311875314,593,0.28132024604214734,566,0.06247474311875306,592,0.3988270114874567,591,0.0624747431187531,593,0.3990419565890504,591,0.0624747431187531,594,0.28183355307221547,566,0.06247474311875316,592,0.39627164768688805,591,0.06247474311875311,594,0.397673580137595,592,0.06247474311875316,594,0.39929878615605663,591,0.062474743118753076,594,0.3990392135221784,591,0.06247474311875313,594,0.3991849793903678,591,0.06247474311875309,594,0.3992323355043522,591,0.06247474311875313,594,0.27999793188659483,562,0.06247474311875312,593,0.28093993411628726,563,0.062474743118753166,593,0.28120675543087426,566,0.062474743118753055,592,0.3988124819997032,591,0.06247474311875309,593,0.39915475752376195,591,0.06247474311875322,594,0.2816736019605002,566,0.062474743118753145,592,0.3972324527665244,568,0.062474743118753166,558,0.3978069141405808,591,0.06247474311875312,594,0.3986884392989535,591,0.06247474311875317,594,0.3985633781538066,591,0.0624747431187531,594,0.39867024753163227,591,0.06247474311875307,594,0.3985693777570257,591,0.06247474311875316,594
"(62, 254)",0.11295051118062827,245,0.1026237243322329,479,0.11323748872698813,248,0.1029463958079764,484,0.11332518163868488,248,0.10303198641921847,480,0.2101411478569044,513,0.10303577884477093,478,0.2102908926779422,516,0.1030498998450217,479,0.1136217576111036,251,0.103059914000408,471,0.20771033801986227,514,0.10305991400040797,469,0.20927555799409026,515,0.1029784331088018,480,0.21063453210136596,517,0.10301863199464437,477,0.21036870761425064,516,0.10302640169063448,477,0.21044241199113667,519,0.1030441309198944,476,0.21047272411108542,518,0.10304803028124798,473,0.11307124715193007,246,0.10276785184738522,479,0.11317462265349998,248,0.10298523463934921,484,0.11325328509509414,246,0.10302821509778222,481,0.21013623304066698,510,0.10303330148047103,477,0.21036059823233277,511,0.10305991400040809,475,0.11350624773180928,246,0.10305991400040798,474,0.20859209168102044,484,0.10305991400040801,427,0.2100236751576654,516,0.10279559158044972,478,0.21019256188324986,515,0.1029834115846638,477,0.2098884270659771,515,0.1030386885523885,475,0.2099939530189504,515,0.10303660359545763,471,0.2098272218432765,513,0.10305822066818443,473
"(62, 121)",0.27930033856696523,562,0.06247474311875313,594,0.280884468222691,564,0.06247474311875314,594,0.28132024604214734,567,0.06247474311875306,593,0.009788944618341233,29,0.267559356733963,188,0.009820632587224987,29,0.2675593567339631,190,0.28183355307221547,567,0.06247474311875316,593,0.009418127843395352,29,0.2675593567339632,188,0.009620222647357068,29,0.26755935673396325,188,0.009858597134966729,29,0.26755935673396314,191,0.009820227705741313,29,0.267559356733963,190,0.00984176052762531,29,0.267559356733963,190,0.009848763757346557,29,0.2675593567339632,191,0.27999793188659483,563,0.06247474311875312,594,0.28093993411628726,564,0.062474743118753166,594,0.28120675543087426,567,0.062474743118753055,593,0.00978680542821242,29,0.2675593567339632,188,0.009837293157770599,29,0.26755935673396314,190,0.2816736019605002,567,0.062474743118753145,593,0.009556281323701121,42,0.26755935673396314,163,0.00963961303524452,29,0.2675593567339631,188,0.009768556919300675,29,0.26755935673396325,192,0.009750184689742869,29,0.26755935673396286,190,0.009765882811289761,29,0.2675593567339634,188,0.009751065469044806,29,0.26755935673396325,190
"(84, 202)",0.10920982341165864,231,0.10098398794438632,483,0.12345403899084084,289,0.10550215157052438,471,0.1316040116835191,327,0.10741510345209866,465,0.13723078797229715,334,0.10454689243516205,468,0.13543924407829488,329,0.10517052044464756,466,0.13356669367205987,322,0.10382110954156049,465,0.11603105690539572,255,0.09916173988775238,484,0.1330984580144967,331,0.10476609107638138,473,0.12887624586521462,318,0.10815302458525014,458,0.13352191420171788,324,0.1057313261446181,462,0.13423918829180737,323,0.104544122122091,466,0.134948226485758,326,0.10339315632506335,466,0.11045111305829902,236,0.10092140450949563,483,0.12264547149880023,283,0.10558484298123152,470,0.13071545222243885,324,0.10725516570397058,466,0.13635991548022552,331,0.1048404968036655,469,0.13278840519241375,320,0.10639716950789635,462,0.13140804946032236,312,0.10567287196622976,460,0.11996821893168874,275,0.10053698425975686,439,0.13484716161154076,336,0.10418327934906364,468,0.1313790032008878,322,0.10708110246887742,462,0.13548495807660865,324,0.10488403232949536,461,0.13917314467156872,341,0.10347862898742607,466,0.14139050155995192,352,0.10218648525057969,477
"(84, 62)",0.12384651933439927,289,0.09636741152157555,490,0.14899203862105836,378,0.09771971775576062,494,0.1747903901520116,439,0.09487385375822811,498,0.17293103939643562,432,0.09440010750743796,498,0.18569926566665762,457,0.09123128179438031,513,0.1895748186522277,473,0.08862820822958961,517,0.13103510069316826,322,0.09462780206235194,490,0.16178632784078173,407,0.09637109664509753,492,0.17776151600644252,451,0.09396753063943092,499,0.18271463379897168,459,0.0919264871509518,507,0.19063330626454567,480,0.08917417512165206,518,0.19451900235395403,492,0.08747159443832997,522,0.12553066100312937,297,0.09619594610312246,492,0.14870380599067134,376,0.09763119841945911,494,0.1733074842391229,435,0.09486219812507304,499,0.17246331807097404,429,0.0945404686695105,499,0.18412002803516025,455,0.09195081937072802,508,0.1892956725586451,472,0.08968777656704281,515,0.14731350653520126,369,0.09255791875462557,454,0.16466786692982205,416,0.09556654838975287,491,0.17844965103956612,453,0.09357397063218852,500,0.18471342608511543,464,0.09123709614576297,505,0.18856365268363062,477,0.09007550975968698,511,0.1898663832316232,477,0.08922558979842402,513
"(84, 106)",0.16722504353657186,424,0.0848635054562313,522,0.12386621757823202,291,0.10536672252296504,474,0.09760608612097044,194,0.11987488485270507,429,0.09446264837188045,187,0.11997565516002025,430,0.08831647321181024,171,0.12270578119885397,426,0.08753581033801094,170,0.12079213145003828,426,0.14971225361429252,375,0.08953152370243483,500,0.10506632484197165,219,0.11450835818034452,440,0.09792058445205298,197,0.11956805406045053,430,0.09138553470974498,177,0.12130385556438261,427,0.08649300847216423,163,0.12234527355262471,422,0.0839767864342913,150,0.12238726855149087,423,0.16339317966345535,413,0.08607275043638035,515,0.12493155755313667,298,0.10483562061694213,476,0.09925217917931672,195,0.11869833727098558,431,0.0954026143630261,190,0.11960504684651063,432,0.09112369898415473,183,0.12191115121260397,425,0.08924911383504963,173,0.1213891197061558,423,0.12893710303957728,311,0.09777261730682554,444,0.10164634892900437,209,0.11580007941213159,432,0.0955244032624627,192,0.1202874612037483,427,0.0888303486634956,172,0.12216089480206528,423,0.08420108679607585,151,0.12394234715404948,415,0.08206743122666904,147,0.12418659426127725,418
"(202, 198)",0.12371348710726726,288,0.10397341765972146,471,0.12554090228885273,301,0.10962133379940771,463,0.10472349613878662,216,0.12204980372415755,425,0.09792828632771666,195,0.12439109757532682,416,0.08973856291678584,174,0.12596133085419273,414,0.080280106312421,144,0.12924070656836792,407,0.12706216127377945,303,0.10130156034292867,479,0.12410885364366253,291,0.10836513179474944,453,0.10538178918912489,216,0.12032376852239288,429,0.09048012948099293,175,0.12884600973387061,409,0.09142886804248751,178,0.12203409708246034,424,0.08121670143246129,144,0.1271835104738008,411,0.12301199861818812,286,0.103942928223993,470,0.125070552050343,299,0.10966325070403977,463,0.10564575390059483,218,0.12112305570553855,426,0.0981228384948416,196,0.12416172325321691,417,0.08611023220242409,163,0.1295727937364448,410,0.07463579180634705,120,0.1371931407227053,395,0.12137168786006347,281,0.10363453835174663,423,0.12472975633526007,295,0.10726340565553123,455,0.10521569133071773,216,0.1196957302715295,428,0.08686543952909109,163,0.1304306250371702,406,0.0921260304860978,184,0.1224227242898265,422,0.08756523910632996,170,0.12499691084894109,415
"(202, 84)",0.12629540119632665,298,0.10326000860727164,472,0.12446065362522918,296,0.10993757119900567,459,0.14773812576890422,376,0.10882306018780369,461,0.15665084063777002,400,0.10636068071721913,465,0.1684653848916331,423,0.1021080661802871,484,0.183842200993506,456,0.09805134747910767,486,0.12296027227007122,283,0.10241571677946375,476,0.125895402013677,300,0.10785009415623328,457,0.14691335385746296,372,0.10770921408500747,461,0.16734247574776984,421,0.10496712796128056,465,0.16592198907127742,419,0.10004782646325741,484,0.18222603821607786,454,0.0971499196929033,489,0.12700930559580126,303,0.10284083442283143,477,0.12492947448682856,297,0.10970451452999687,462,0.1465844595314857,374,0.10859625723597346,462,0.15638506247040806,399,0.10629496091794453,465,0.17412530010756166,430,0.10246560694074405,484,0.1940717631744574,489,0.09976862711761891,483,0.12869991139661874,309,0.10162897958133645,436,0.12527063372907843,297,0.10710880690415099,457,0.14712084225816136,372,0.10704032743472353,463,0.17292394660897514,430,0.10368363225270437,468,0.1648895190579035,414,0.10083047401076302,484,0.17182183677724527,425,0.09984287395442146,486
"(198, 239)",0.1517376748606456,384,0.10498973740479724,463,0.1616280058651125,408,0.11218143985648721,453,0.14005974463129345,353,0.12613038238151908,414,0.10866596122425332,235,0.13074145805600856,407,0.09490295143185778,192,0.1334380167518102,402,0.08085672118907583,146,0.13567517471381996,394,0.1569381210559997,395,0.1011290950424599,480,0.16868001272355737,425,0.10731458500784014,462,0.1547371812111128,391,0.1220173960528975,426,0.10816383941299512,229,0.13435170636155924,398,0.09828937202492849,196,0.12925773009167077,408,0.08410506512998472,151,0.13298132616159847,397,0.15485071019283336,392,0.10511615939238185,462,0.16074759073557754,409,0.1126061646906913,450,0.13671814660688342,342,0.12603111176419943,413,0.10592716415188508,225,0.13105513382845532,406,0.08751683533615906,167,0.1388040657651666,394,0.07463199684757948,119,0.1440959124331067,374,0.13407523300150603,328,0.10446567936518947,421,0.16509026000884042,417,0.10731642319804939,454,0.15085395936156076,383,0.12108777601851127,424,0.09939749828653655,199,0.13534610960273422,398,0.09647640831099413,195,0.12764567226985635,408,0.08851583609163749,176,0.12989501817692942,404
"(198, 202)",0.10160362462214478,206,0.12000746373129946,423,0.09437125366966392,186,0.13421878610326046,402,0.11106042078424139,240,0.136271295355807,400,0.14289394856610715,356,0.11933647909447515,431,0.16086950691968904,407,0.11191326718020725,448,0.1828446082916122,455,0.10336615906174047,468,0.09771853051139312,196,0.11842951790303385,424,0.08959766003452385,172,0.13250972000058225,402,0.09933984930901141,202,0.14144213852941595,391,0.14349841306603173,361,0.12227045231456417,425,0.1561580780606554,399,0.11077384402711163,448,0.17737698072792174,445,0.103696864342811,463,0.09925540636991426,198,0.12191463085983371,421,0.09498875511602145,184,0.1341898268055661,402,0.11397132151616995,250,0.13391255412004627,402,0.14623497082044512,366,0.11769899084524478,434,0.17189772730474084,426,0.11083476652268168,448,0.19407893940826737,490,0.10478534441484967,462,0.11634381513336556,261,0.10952385443670974,400,0.09198997832459499,180,0.13041468631030914,404,0.10228282809960199,208,0.13783249930723823,396,0.15465974407549732,395,0.11680062475800349,432,0.15865507396041245,402,0.1081421871019271,450,0.17034155459518663,419,0.10443016195355309,463
"(239, 90)",0.1932579457531558,490,0.09910646477213438,486,0.20240844704843197,504,0.10495028626117042,476,0.1804841718007737,456,0.10827883978517824,462,0.1562542328748836,399,0.10656531274749827,464,0.1432303161652676,362,0.1079491103430232,455,0.13276404618568627,317,0.10705373093057025,450,0.17575287311365706,443,0.10053163676572426,482,0.1825535310402875,458,0.10728252708205784,463,0.1756384353310233,446,0.10897019579810849,457,0.15246559243312108,390,0.10829019689843473,453,0.14130944384088617,352,0.1077083126275415,455,0.13355820722003586,320,0.10629348480587056,454,0.1979981475402699,496,0.09891475723005877,486,0.20475815601323866,505,0.10486842166881391,475,0.18237027478219925,459,0.10750030300213512,465,0.1567408536356848,400,0.10577164379953444,466,0.14188246548842842,353,0.1076327009175239,459,0.13179134250033453,314,0.10874613662206528,448,0.15368160210693405,381,0.09931907352636903,441,0.18683823646223863,467,0.10293257759349288,477,0.17391707908105292,439,0.10835033487564588,456,0.14998630502597154,378,0.107496635477451,454,0.14156798321915876,353,0.10706003552349208,454,0.14098540164692352,348,0.1053822658706753,459
"(239, 175)",0.047607971353836764,61,0.1670258228208938,337,0.0486077407672878,60,0.18042948824465996,324,0.05778381533916788,73,0.16695539327247386,344,0.05396749611870899,67,0.15601154165542652,358,0.05202394912374897,63,0.15339203598530637,365,0.051094311433963924,63,0.14788166183530885,369,0.050424464055981,66,0.15878211043659893,348,0.054829351788410086,70,0.16887024742425144,342,0.05798544608031264,74,0.16553689360330356,350,0.05364864850735174,66,0.1569864343545526,358,0.050418474475567354,61,0.15342731433863477,365,0.05133023006063209,63,0.14702367405378614,370,0.049100802681392164,66,0.16754548480375028,337,0.04743645444932865,58,0.182625009323952,317,0.05654331839859206,70,0.16767489113992365,345,0.05441697848558791,67,0.15472121500047226,361,0.052976372159736274,66,0.15154780691773584,370,0.05370574851620358,69,0.1477277666301036,368,0.046396326915820296,81,0.15023372939645405,331,0.050533028118868284,63,0.16770023831288794,348,0.05592533717403614,68,0.1654605620995971,348,0.05162197388927048,63,0.15629784252594603,360,0.04767112847784194,58,0.15491343959603565,360,0.04755412613791077,58,0.15230561318114974,362
"(239, 210)",0.30798652442538865,575,0.07332929967692078,575,0.2924264184236204,570,0.08285611803041937,541,0.2948264600153857,573,0.07990062643701167,563,0.31726147241620195,582,0.06920103984850612,581,0.3138487648390573,580,0.06794236860595568,586,0.30210373598323603,575,0.06714981139956808,585,0.3178365319213945,579,0.06903974624389195,582,0.3130056979962039,578,0.07604777144741187,566,0.3240003086002733,582,0.07365486013005924,579,0.3195155313773702,582,0.06912507468336095,583,0.3121305586122982,579,0.06767841200557692,586,0.30117997507530747,574,0.0670001169999996,585,0.30829315523042444,575,0.07410150746380652,573,0.28807790538109757,568,0.08425569994482633,535,0.2933970057249259,573,0.0800442925682841,564,0.31357774476962286,580,0.06942970763486686,582,0.3142686414177115,580,0.06738708684566533,587,0.2989738854465205,574,0.06853991800586912,581,0.3210606731083252,557,0.06338511809306717,552,0.31752488669831314,581,0.07301700687257817,579,0.3209782757183083,582,0.07343073378078122,581,0.3106029508804147,579,0.06965327298558141,581,0.31244551746881655,579,0.06727197889883796,584,0.3012036158008611,576,0.06800569422268392,582
"(239, 198)",0.09727397681918326,193,0.1340848152538156,395,0.09639264998002228,190,0.14611879308125958,380,0.09242314902640547,181,0.14390922222503125,382,0.10549758408655474,221,0.12571487049081778,414,0.12087174969402803,280,0.11603058345200543,434,0.13841943088452435,339,0.10514004250305774,459,0.09871409262553321,200,0.12873655016164182,402,0.08927393039542997,171,0.14517737497110875,378,0.08480569691261752,152,0.14713248098458426,378,0.10794907119525332,227,0.1251983454755764,415,0.12677372807155363,297,0.11284693787603046,439,0.13752154790331783,339,0.10495811747468614,459,0.09196593172115475,183,0.13834301468075705,382,0.09900336745300842,196,0.14553426464354513,381,0.09377619609306687,182,0.1429082157880926,385,0.10579607279818459,224,0.1248282791336294,416,0.11991334799348807,274,0.11557610458752993,439,0.13507081978109736,329,0.1076069076447304,450,0.12112193278105399,278,0.11014584893539293,397,0.09224019326973187,181,0.13939192438534806,389,0.08970910161494983,171,0.1427927732816578,387,0.1174570174910502,266,0.11934787778942314,427,0.13271056123382796,321,0.11011301635780532,446,0.13915609369412163,341,0.10599048755195897,457
"(90, 169)",0.2515800215819578,549,0.07461493023371,567,0.24401359408821988,544,0.07580745661502376,574,0.24140234312139186,545,0.07641263912526061,573,0.24013923771829804,545,0.07682607650809264,569,0.23782475323065522,545,0.07719968042890396,567,0.23173097635533468,539,0.07780380179453017,559,0.24886037824198648,549,0.0750766295865084,565,0.2456878743151838,548,0.07578466834175862,568,0.24316554070849905,546,0.07647995300667586,570,0.23905207888314162,547,0.07708104507796626,573,0.23713820041160916,547,0.07715154318925523,566,0.2324433717281008,541,0.07751914851857059,560,0.25117617813775994,547,0.07467918163004217,570,0.2437039164067779,544,0.07590178489297186,571,0.24147960029679716,545,0.07626747698354823,575,0.23967300178588868,545,0.07681704450292356,569,0.23718390458538274,546,0.07737549585379525,564,0.22732705738996317,535,0.07866251851169614,558,0.24239359193787702,516,0.07590382280530002,522,0.24702247791820775,549,0.07509212543305624,569,0.242327315765971,545,0.0765336350556625,570,0.23825830332440867,548,0.07728835771930694,565,0.2364142217862527,547,0.07724294705118881,560,0.23113243708505826,539,0.07790053842185247,556
"(90, 257)",0.19741145687774153,497,0.08678529806447347,510,0.20370773783455054,505,0.08482722819279077,532,0.20247733567365933,507,0.0851981504931655,534,0.20134855389942996,502,0.08564158819666436,532,0.19687740974497037,491,0.08662644032236852,528,0.19440673404794007,487,0.08647221193432732,523,0.19768907050802165,498,0.08661214584057018,513,0.20423216660169585,509,0.08506095497531731,528,0.20227134564594862,504,0.08573507257530456,529,0.20133496302140175,505,0.08567400704343532,530,0.19727372268843346,496,0.08631039290050545,529,0.1964033791399482,495,0.08582560498750039,527,0.19699416951167037,494,0.08687024173954606,510,0.2014559405251488,501,0.08541191701414065,529,0.20186111287292552,508,0.08520503982450292,533,0.20117244899481657,501,0.08556578202652365,532,0.1940012649048174,485,0.0873991148821537,524,0.1933605386673387,484,0.08663165574315082,523,0.20748339603110555,481,0.08365297895774275,483,0.2104288201471044,520,0.08310825921479763,536,0.2046640559972468,504,0.08501385216613679,532,0.20073693033151097,504,0.0858656781963562,527,0.1995260027171939,504,0.08568111248111256,526,0.19706985775528674,495,0.08577045365544707,524
"(90, 174)",0.20102483998466047,504,0.08588413416252542,515,0.20057732361580483,502,0.08559407058192967,527,0.18607870019736694,469,0.08936834949194343,518,0.18276347959750183,456,0.09042755993891106,513,0.17523837598993408,435,0.09235515551774956,507,0.17548518453818174,436,0.09146282444404578,508,0.19785396286267876,499,0.08657079928820696,514,0.1932928510850589,483,0.0877942554607334,518,0.18033688999662545,458,0.0914265763761589,510,0.17438344703783437,439,0.09276346402223225,504,0.17157824120553244,430,0.09315346979612935,501,0.17216993209869902,427,0.0922303060593902,506,0.2017051696540042,503,0.08569629305993147,520,0.20160033426597745,502,0.08537643397943648,530,0.18816869929863,477,0.08866866719100917,518,0.18628677304068386,464,0.08936273510995531,517,0.18061791513889325,446,0.09092036520375121,515,0.18561719507862762,462,0.08862574085804617,518,0.19654310747603354,468,0.08632662909891492,469,0.19206688544228911,481,0.08762124267706636,513,0.1801161115833002,455,0.09134221416604893,508,0.17425211408714336,439,0.09284794739556702,501,0.17715829060872723,446,0.09151831298080146,503,0.18310831693139373,458,0.08935937225430826,512
"(90, 117)",0.02280548781706737,37,0.18407091054714528,303,0.022328200087960437,37,0.18407091054714525,315,0.022412617795485534,36,0.18407091054714528,316,0.022610971544616332,36,0.18407091054714508,316,0.022459499866913646,36,0.1840709105471452,319,0.021559653324782158,35,0.1840709105471451,316,0.022682966471023414,37,0.18407091054714525,305,0.02276253759418201,37,0.1840709105471452,313,0.022996308676607402,37,0.18407091054714508,317,0.022645701389815587,36,0.1840709105471452,315,0.022205336090907246,36,0.18407091054714508,319,0.021391806602226504,36,0.1840709105471454,318,0.02278170331165641,37,0.18407091054714542,307,0.022368801477732347,37,0.18407091054714514,314,0.02224118797681851,35,0.18407091054714522,315,0.02246883782314324,36,0.18407091054714494,316,0.022512267259670482,36,0.18407091054714558,319,0.02144031916120226,35,0.1840709105471451,318,0.022010881272542693,61,0.1840709105471453,279,0.022196668528722485,37,0.18407091054714522,318,0.022832809259644038,37,0.18407091054714528,318,0.022698208914178064,36,0.18407091054714503,315,0.02212437371064735,36,0.18407091054714517,318,0.0215191273746409,36,0.18407091054714542,320
"(90, 239)",0.09981436792491216,199,0.11961189752687183,424,0.10232641976771006,209,0.11789870929296145,435,0.10832720336658941,227,0.11533513446537566,441,0.10856669935344054,234,0.11545606026698778,439,0.11472637893113224,252,0.1126925140066432,444,0.1196453128211149,279,0.10972386121060736,444,0.10292331097064422,213,0.11803791579415086,425,0.10251516756895551,210,0.11831525838456237,429,0.10869553281616728,229,0.11583342007955463,441,0.11383214011359,249,0.1132672508945117,439,0.11808520472757744,267,0.11105314866675166,446,0.12164612877325098,282,0.10876119204730142,448,0.10007277863789343,202,0.1194636188350776,425,0.10298452469674468,213,0.11764729338806046,435,0.1084824380680216,228,0.11507336928048117,444,0.10762134452522476,233,0.11570506690409121,439,0.1134785840530339,251,0.11326589367801487,443,0.11930963025088026,280,0.10972286248477486,445,0.10664558240167199,231,0.1156066511728426,389,0.10214964489449407,210,0.1178259429027894,429,0.10868955815002679,228,0.11565269158040183,438,0.11368545491362725,252,0.11338611927296172,440,0.11370201224377952,252,0.11274108634089182,440,0.11655076543994092,259,0.11090466801540522,442
"(90, 23)",0.21782138758976777,520,0.08187935793955167,547,0.21694725952978566,526,0.08169810742540455,555,0.22459564886694783,534,0.08003520290289569,561,0.22895898671244153,538,0.07922557202389054,560,0.2351606645627098,543,0.07776624175626702,566,0.24244885806984473,545,0.07554967063253873,565,0.21807458736620067,524,0.08172361394284118,546,0.21908186173544175,528,0.08155619940593237,551,0.2246847616524974,533,0.08047196365206945,556,0.23008716457131395,540,0.07900547407009237,561,0.23600033672668586,546,0.07739284971391772,564,0.24151280336254033,549,0.07561421440349864,569,0.21756256684115305,518,0.08191996049992901,547,0.21690622607770893,525,0.08174023455066505,554,0.2238323124713434,534,0.08007004074599484,563,0.2283574372571633,537,0.07924724234280991,559,0.234230321276249,541,0.07800585348515597,563,0.2368880917089392,545,0.07661501398561842,562,0.212979598562415,492,0.08235781637369191,500,0.21796128450321584,528,0.08135985023329158,549,0.22443174529839494,533,0.08040121864516198,555,0.23155097290337556,540,0.07872697151755682,557,0.23580012821047225,545,0.07737330463986776,559,0.2361991817792044,546,0.07682130483028707,560
"(169, 242)",0.08955815894241481,172,0.0946750792359308,493,0.09136674466961048,175,0.09433877725428103,498,0.09405214195332368,185,0.09476704559032384,499,0.0944357084970826,186,0.09411019387131184,500,0.09450815882725205,191,0.09470330307200266,497,0.09674691778118849,196,0.09446781559726986,497,0.08919878023550742,171,0.09550660628439049,487,0.09080867009576865,175,0.09509376041560376,494,0.09292395313364088,184,0.09493402446590098,496,0.0927160314145914,181,0.09557541214340294,492,0.09392257869430476,190,0.09523111907095065,494,0.09676587099151723,197,0.09422407518961844,498,0.08965507895978508,170,0.0946698797262207,494,0.09103581094546676,173,0.09444801074792229,498,0.09475076125557758,186,0.09460326034449068,500,0.09490202076931686,188,0.09376407093605317,504,0.0946063454434033,192,0.0942068871112764,499,0.09483914910434987,197,0.09484194449568395,494,0.0880848048464915,183,0.09677122339702252,447,0.09114729922002707,177,0.09477870751283911,494,0.09179055192556995,180,0.09519427593344812,492,0.09201973127510776,183,0.09571251263234874,490,0.09337280845493445,188,0.09482264815433807,493,0.09221824502362308,186,0.09545136728891425,490
"(169, 226)",0.17704268210389096,449,0.07000385681933151,580,0.165247506753201,418,0.07285245484270132,581,0.1584119560859002,403,0.07558087887504905,576,0.16795381019953548,421,0.07297520089932888,578,0.1704826425227839,426,0.07288936106107871,578,0.18252714697737804,452,0.07074420615303528,577,0.18098546239279156,453,0.0696844913892719,580,0.16418274599548066,413,0.07350966569633774,577,0.16360290468887817,413,0.07415603964715115,578,0.169397103016396,424,0.07327265117262777,579,0.17031498490259145,426,0.0731603986477915,579,0.17938460102448517,449,0.07123272488245208,579,0.17606228695217574,445,0.07023542468793002,579,0.16514515007293895,416,0.07286102338089943,580,0.1567760602380417,399,0.07605403271537893,576,0.1687973659530918,421,0.07265470062575849,579,0.1760784469195531,436,0.07131357751545858,580,0.185468164779654,461,0.06987242972558728,579,0.1795098086436182,432,0.07059163013065671,540,0.1621946768451139,409,0.07382294962067051,575,0.16380628258050878,408,0.07397028879898805,579,0.16956927134663946,422,0.07313148995400788,579,0.17377135134038113,427,0.07192386029675647,578,0.18272367930785482,454,0.070149357953693,579
"(169, 23)",0.11844614587029079,265,0.08473884600232866,523,0.11775580024802068,265,0.08527998490829852,530,0.11805829191662087,264,0.08651280278727043,527,0.11941876594357981,275,0.08562769044816369,533,0.11966654661611642,274,0.08611623907741,532,0.12050046182337537,280,0.08641705652277427,524,0.12086869894486096,271,0.08462117119540163,521,0.11778104149144497,262,0.0857581629030699,526,0.11538890000767199,258,0.08710647352957396,523,0.11794764977684269,265,0.08681473575575588,527,0.11905403007133253,274,0.08658144782908368,527,0.11832492999699507,272,0.08687308660624428,524,0.1196188871167525,269,0.08441326362171328,524,0.1187368854552654,271,0.08496330202465274,531,0.11723468831446981,260,0.08686343262836438,527,0.11829824444430859,268,0.08581633400635409,531,0.11799815560798899,266,0.08621213763228788,531,0.11881537146356436,277,0.08662022813062517,524,0.12207953037873076,285,0.08497973858703582,474,0.11875945793378662,269,0.08529288544296632,525,0.11730837173594955,264,0.0863415564700375,524,0.11985783474968192,276,0.08610243850225788,526,0.11845764112914059,271,0.08620270047214304,523,0.1183024589228171,264,0.08641647758960452,520
"(169, 186)",0.11315747656771369,246,0.0863795994988919,512,0.11748330327114609,264,0.08536364760843364,529,0.11159085528254742,242,0.08857439356300494,519,0.10647727748255842,226,0.08979565096918296,516,0.10203500156985579,210,0.09193550836969012,508,0.08982668362905055,176,0.09715308287387169,489,0.1058567511265831,222,0.08940941126817743,502,0.11601847323564418,253,0.0863054490240425,523,0.11332134290053753,250,0.08776600973368366,520,0.10543232622326748,220,0.09092127332124247,512,0.10208782517078463,214,0.092211270720189,505,0.0940723670426814,190,0.09524507165777729,493,0.11235488855429743,244,0.08666465083928455,512,0.1170499394656479,263,0.08548004307096332,527,0.11248046826852276,245,0.08837999364614228,519,0.10723545736382323,231,0.08937707906152402,516,0.10198720343731615,212,0.09150660921267212,512,0.09275034317425446,188,0.09564523343431809,489,0.10343466239658972,220,0.09101119136915464,464,0.11708556249019753,260,0.08580754389623059,522,0.11358149735388634,250,0.08751804755259512,520,0.10504090787746168,216,0.09092924134633106,509,0.10384190273664629,213,0.0909960645133413,506,0.09913069949153763,202,0.09285061468296381,500
"(169, 90)",0.12634570220874375,299,0.08240807345582075,545,0.1280475268641985,315,0.08224235545666536,551,0.132880599464551,330,0.08215043254504426,549,0.13029063196123403,313,0.08243247927634491,550,0.13193327866458637,316,0.08251159583980962,551,0.13368782463859508,323,0.08255254592109999,546,0.12817315403846952,309,0.08248410719555312,543,0.12998864590556636,321,0.08215997514549443,549,0.1316963781380006,323,0.0822514018380939,554,0.13248108700371075,322,0.08251636676704872,549,0.13275838976485932,319,0.0825438628359953,549,0.13305474902727232,316,0.08252273053770381,548,0.1265131718630481,301,0.08238861920798643,546,0.12803770689653504,316,0.08222877280472532,551,0.13296741696885772,332,0.08221507091708538,549,0.1297111660340422,311,0.08244710322546893,550,0.13041825485542335,315,0.08253770573679421,551,0.13262307424110864,318,0.08254828753776289,545,0.130615345142842,318,0.08249397270812056,498,0.1293218210233884,315,0.0821897324538021,548,0.13106767773783634,320,0.08227364851161917,549,0.1319977838960409,318,0.08253653920578191,548,0.13070401144467414,314,0.08258403837604085,546,0.13120408608900158,318,0.08260138203511774,546
"(169, 174)",0.21620616860487596,519,0.06247474311875313,595,0.21758827488998955,527,0.06247474311875314,595,0.2231046157981944,532,0.06247474311875306,594,0.22116694810643933,529,0.0624747431187531,594,0.22352188615399937,532,0.0624747431187531,595,0.22584219522616877,536,0.06247474311875316,594,0.21878857105221372,526,0.06247474311875311,595,0.21961372853821004,529,0.06247474311875316,595,0.2221002570157793,528,0.062474743118753076,595,0.22421213332315826,535,0.06247474311875313,595,0.22467046599066165,538,0.06247474311875309,595,0.22494020025799966,538,0.06247474311875313,595,0.21632913612185567,517,0.06247474311875312,595,0.2175174051996307,526,0.062474743118753166,595,0.2234924770679042,533,0.062474743118753055,594,0.22051946322573668,528,0.06247474311875309,594,0.2217799228997066,528,0.06247474311875322,595,0.22452447338695336,529,0.062474743118753145,594,0.22183185657843418,496,0.062474743118753166,559,0.2189255482717235,530,0.06247474311875312,595,0.22142857845030417,529,0.06247474311875317,595,0.2237092139793213,535,0.0624747431187531,595,0.22233131531486117,532,0.06247474311875307,595,0.22301947424521495,529,0.06247474311875316,595
"(242, 76)",0.06181607968474023,86,0.11092691362234781,440,0.06279053455917172,84,0.11492545393772366,442,0.0590333280804064,75,0.11720203747342726,435,0.05888308176636059,75,0.116210278331444,438,0.056440917952416125,71,0.11723495804171911,433,0.05892440315663794,76,0.11578129943533758,429,0.05843560554567273,79,0.11180703785671697,435,0.05800859729626218,78,0.11591746859170117,436,0.05467080160584248,68,0.11699622617388168,438,0.055866716951197604,68,0.1167196520002885,435,0.0576112948583426,71,0.11596855885592787,433,0.059214258524032504,75,0.11525115971470816,432,0.061182968202608934,86,0.11202659355956533,438,0.06274427015198347,85,0.1150462893251467,445,0.0602214451232439,78,0.11673756051483906,439,0.06040981815927826,79,0.1162761836590773,437,0.057165313618159797,75,0.11790829975742648,435,0.05903776365118929,77,0.11609224129104384,430,0.060462884583046606,111,0.11037284285962053,396,0.06029894976984329,80,0.1141306926453763,438,0.055089690919394085,67,0.11700485596444377,435,0.05710938006204502,71,0.11638348170272396,434,0.057760356509055644,73,0.11509333721407886,434,0.06182022027861345,82,0.1137858196205502,437
"(242, 169)",0.1796233813051955,458,0.07551587030886685,562,0.1774347379761213,452,0.07903802812161803,565,0.17151037315766482,431,0.08058766317703005,556,0.1546097392071093,394,0.08373052385133874,539,0.15767486912147888,403,0.0828177681311288,544,0.15040723273640377,383,0.08445001035390677,531,0.18535573964660013,463,0.07383553230509711,568,0.17926029505065832,452,0.07767389554305285,560,0.16837833584316586,424,0.07955352563041636,561,0.16163674629113345,409,0.08132196219674538,553,0.15896804274371767,404,0.08205787458971775,551,0.1501779245785675,380,0.08422757883288684,534,0.18169703139478455,458,0.0756278686687031,562,0.176842283226731,450,0.07923339227434821,565,0.17173429775076587,430,0.08064184923212682,557,0.15284871679523004,389,0.084772618921007,534,0.1545369569724797,392,0.08431834422365292,539,0.14819080401898022,375,0.08526482804600787,529,0.19794452422089692,471,0.07111966590631888,539,0.17977848461016022,450,0.0771507457189928,562,0.16926966492776385,426,0.0795171268033599,561,0.1577433722673578,401,0.0824504611419822,549,0.15478490987409343,395,0.08246835811468885,547,0.14915228942051573,376,0.08436396787683388,531
"(242, 87)",0.19021375821978226,478,0.07339194284048144,574,0.19013643345242426,474,0.07637439773267583,571,0.20635180949767717,513,0.07340551081468664,578,0.22803602676291235,537,0.06877965959222901,583,0.23124081882442415,538,0.06806873302857157,585,0.2337690299521591,541,0.0675465050949512,583,0.19279748252449014,483,0.07237976459903074,574,0.20040245658734823,505,0.07340501510030702,578,0.22274764276506365,529,0.06885572245361614,583,0.22771543991056042,539,0.06820124089819092,585,0.22595192841448597,539,0.06861028469697845,582,0.2332248412458786,542,0.06741700760982455,584,0.18961592524961246,478,0.07403361369350174,574,0.19087685185758219,477,0.07628850463151174,570,0.20290779637361167,509,0.07416577067823699,578,0.22599362454299465,534,0.06964745607203258,581,0.23331819382398333,538,0.06832405076840443,585,0.23661445847618445,544,0.06727547520971223,584,0.17559753786584065,421,0.07552044892758146,526,0.19384450511672402,491,0.07429046728012875,572,0.22036058445384943,528,0.06941843955536639,582,0.22909983467397632,539,0.06815026247242849,585,0.23115614756903247,539,0.06724054477552759,585,0.22708422851868437,534,0.06838642152241022,581
"(76, 127)",0.11329699544832394,248,0.11809437489386289,427,0.1081308097563698,229,0.12437744907146797,420,0.11792090168147351,263,0.11856792821005907,431,0.12313157177428058,291,0.11631010400469807,436,0.12015128199086011,277,0.117436165479909,431,0.12692681046693433,301,0.11481122962944988,432,0.12026865818392052,269,0.11287224647051992,431,0.11804552328796936,263,0.11676857319096681,432,0.11883754520193823,268,0.11751516688211444,435,0.12421068090099086,294,0.1154657176594066,436,0.12303123537956917,291,0.11641085927627398,432,0.12853966171796172,303,0.11435697317432826,434,0.11365537250920066,249,0.11801958149832886,427,0.10789276020309502,229,0.12462111792635315,420,0.11684423872243599,259,0.11929302348338336,430,0.1237091000644549,294,0.11631360785505883,436,0.12005724855256017,275,0.11767671810351525,436,0.12974031655929996,308,0.11351246298665581,435,0.13170206269596607,323,0.10543261077839756,416,0.12282340411297188,288,0.11377084978249441,439,0.11868841495046345,268,0.11762178308163457,433,0.12404128403501646,294,0.11596765655849184,435,0.12052755960438044,277,0.11749179765775027,430,0.12547177807933663,295,0.1158335427527403,431
"(76, 34)",0.23700460844535776,539,0.08276732855958055,537,0.25030207505638846,550,0.08276732855958054,543,0.24451352961042094,548,0.08276732855958045,542,0.24366606693067627,548,0.08276732855958054,543,0.24363785847879993,549,0.08276732855958038,546,0.24337332478515572,547,0.08276732855958041,541,0.22851546912755794,533,0.08276732855958056,535,0.2387514648187139,543,0.0827673285595806,542,0.24222668282902748,545,0.08276732855958051,548,0.24219429899052103,548,0.0827673285595806,544,0.24387583865827,550,0.08276732855958048,545,0.24383079802273477,552,0.08276732855958052,546,0.23722459726152878,540,0.08276732855958031,539,0.2507464165186404,551,0.08276732855958065,543,0.24549768286775975,548,0.08276732855958042,542,0.24440307491800983,550,0.08276732855958045,545,0.24431230723737019,549,0.08276732855958055,546,0.24243467309366606,549,0.08276732855958083,539,0.2165487791828733,494,0.08276732855958062,490,0.23475120518441395,543,0.08276732855958058,540,0.2423878426687165,546,0.08276732855958067,543,0.243663798307869,550,0.08276732855958048,545,0.2442994052222146,551,0.08276732855958041,543,0.245003355517184,554,0.08276732855958066,539
"(76, 151)",0.15684799918654002,399,0.10305991400040798,474,0.16867624025938566,430,0.10305991400040801,481,0.1635053487025354,412,0.10305991400040795,476,0.16275112399423475,410,0.10305991400040795,475,0.16272603149470966,411,0.10305991400040788,478,0.1624907577337137,408,0.10305991400040795,473,0.14939206547982886,373,0.10305991400040795,471,0.15839159606922837,399,0.10305991400040804,476,0.1614717638110732,404,0.1030599140004079,474,0.1614430044016104,408,0.10305991400040795,475,0.1629377491799031,409,0.10305991400040791,474,0.16289767465578597,408,0.10305991400040795,472,0.15704221711787814,403,0.10305991400040795,473,0.169074541305676,430,0.103059914000408,482,0.16438213194679885,414,0.10305991400040788,480,0.16340700524820617,410,0.10305991400040797,475,0.16332619933806558,409,0.10305991400040806,479,0.16165650098364925,406,0.10305991400040801,471,0.1390137703455787,339,0.10305991400040801,428,0.15486146946919943,390,0.10305991400040795,472,0.16161490232195852,402,0.10305991400040804,474,0.16274910593755965,411,0.1030599140004079,473,0.1633147139949077,409,0.10305991400040791,467,0.1639416135737699,410,0.10305991400040802,470
"(76, 242)",0.23105899381949646,532,0.08405698906502472,526,0.21267017511966246,521,0.09130613815299775,511,0.20759165985301065,516,0.09118645211113245,511,0.20114106702456436,501,0.0925812783674313,506,0.2057708486309131,503,0.09142651319823293,512,0.19611391065162764,493,0.09378233941166095,500,0.2377701849339463,541,0.08079742360888273,548,0.21904651597532654,527,0.08714287932370475,519,0.21064359165195468,518,0.08991334849885235,517,0.20234905388781232,507,0.09192992735424413,506,0.20089101600305004,507,0.09269402179726356,504,0.19297225462914613,486,0.09470206047595768,496,0.22992975073794342,531,0.0843531540105738,525,0.21221891190191833,521,0.09152014152241199,510,0.2073986213119854,516,0.09146515367974854,512,0.19887561699993306,497,0.0933282207917331,505,0.20460697085086554,501,0.09187263585866019,509,0.1938816156058768,488,0.09412721117914107,496,0.24688890649985917,522,0.0764712491471881,520,0.21959900859971904,531,0.08611760585722125,520,0.21056203877562374,519,0.08997034064338301,511,0.19978408796081393,502,0.09292141730974553,500,0.20390079152238905,506,0.09204441283735725,502,0.19516818407264236,493,0.09442022437866522,494
"(127, 78)",0.1403134737612044,349,0.09557248141187111,492,0.12113458561989343,274,0.1102251922471003,458,0.1314159336410181,325,0.10392353226261745,474,0.15174685049305547,385,0.09438502907414063,499,0.1451113906385345,365,0.09668516111389396,492,0.15707338628508694,398,0.09069717535783194,509,0.16496727319590598,416,0.08585883721978006,516,0.15478933601400358,391,0.09343123012977261,498,0.15816718470440816,397,0.09190786178675321,508,0.16043665651972738,404,0.09144967052897646,509,0.1607968876980208,405,0.09213378263019763,507,0.16891144005559644,421,0.08698996985916473,523,0.1380655463417949,344,0.09638987424906881,491,0.11683806686349363,262,0.11197295076217226,455,0.12480245606169182,297,0.10777022364808168,463,0.1508218247072428,379,0.09464426559007025,498,0.14759296530432509,373,0.09496112829529069,497,0.1557773066775493,396,0.0900902249691613,513,0.20242974568598604,475,0.07052941832940933,541,0.18481653745238547,462,0.08246476449715542,547,0.16699238796447813,422,0.08904417884975284,519,0.16147189363077352,407,0.08982545193381433,515,0.16450375359200453,412,0.08746476529061488,518,0.17423199019927105,429,0.08328948400753058,536
"(127, 5)",0.2147381556739142,515,0.07607088212147331,559,0.1846104895779388,463,0.08962919692613637,515,0.17615886833514371,443,0.08990156077442071,514,0.17983495036813035,450,0.08643379600705617,530,0.1670197944744216,421,0.09011655152837487,517,0.1631940021050483,409,0.0889517733721102,516,0.18916405468994624,476,0.07974703652553328,553,0.1624759888552677,409,0.09116994392434313,507,0.15950715080307443,401,0.09151640353365245,509,0.14764172158941902,376,0.0953054370945734,494,0.14501781690508286,364,0.09696397053549069,490,0.1568053008409026,397,0.09037493704556311,513,0.21562427552678964,516,0.07594974496804276,560,0.19374242844267175,486,0.08723662094325774,524,0.17478093726786237,440,0.09147691484766177,511,0.18676706503086693,466,0.08462629834645757,535,0.1794759914875681,444,0.08588260643735819,533,0.17234041197809924,429,0.08551835011919955,528,0.244793300334331,521,0.0625862805748973,555,0.16927818132363215,424,0.08646804743514498,519,0.1590320770983914,398,0.09130642916208616,509,0.16120226622987155,406,0.08990213508618913,514,0.1753404536162252,436,0.08457565930199887,529,0.183713344834894,460,0.08092485879304542,551
"(127, 107)",0.09569551432422962,186,0.11257417313330483,437,0.08850653729697955,167,0.12513747390619007,419,0.0994865436639959,197,0.11695376218339089,436,0.09579047110104622,191,0.1154099612721452,440,0.09154017160824846,178,0.11771674074669582,429,0.09003103359157838,177,0.1155364606240485,430,0.09734191921011959,195,0.10882220812525173,445,0.09082979889815013,176,0.11775509936276851,431,0.08764973843864765,167,0.11867815192734336,434,0.08875394230002309,170,0.11838576714805601,431,0.08946987927607886,174,0.11904721676988372,429,0.08915087517716924,174,0.11545429050446178,431,0.09477559380121514,188,0.11310216410846058,435,0.08743504666174551,163,0.12572401701952546,417,0.1030301172797955,208,0.11685775338575072,438,0.09692772103632075,193,0.11484935287741395,443,0.08947937519536708,175,0.11757843132753255,437,0.08914502299443505,172,0.11471459249115815,433,0.08000106273456398,157,0.10770951026747433,402,0.09455185176434378,190,0.1123430136080825,441,0.08648945822149279,161,0.1188151864274699,431,0.08703252920942517,165,0.1175227996534083,431,0.08441118180742724,153,0.11684689472653818,432,0.08466694100959016,155,0.11455223005939327,435
"(127, 33)",0.0703260266559732,104,0.12589938086017635,409,0.10057562649834606,201,0.11910653805832533,432,0.1100066823818221,235,0.11228030690381802,450,0.10174935978784116,209,0.1126941300776421,447,0.10318598865905282,214,0.11232152345699752,445,0.09734541165783694,198,0.11211416960269252,437,0.07617564800602805,123,0.11918239359145753,423,0.0955637965671321,190,0.11547959953356453,438,0.10570599684363491,218,0.11031480104908144,450,0.10256160219505628,210,0.11191975607743807,443,0.10016748580452683,200,0.11395617735608538,435,0.09621816052493826,195,0.11212935977638978,439,0.07147048067159179,106,0.12532556777845688,411,0.10117462062380067,205,0.11883912265375979,432,0.1113229679661063,240,0.11320426485799762,449,0.1012897590907581,209,0.11286835440454748,449,0.1025581502726951,213,0.11149906369491934,446,0.09647640987734762,198,0.11129178724207828,439,0.0652043449949471,118,0.11554938598285724,390,0.08267486736632945,146,0.11814418726774747,427,0.10296693148993818,211,0.11107044891761893,447,0.09776467357123397,195,0.11241181647836093,443,0.09167537348084376,180,0.11329279304148199,439,0.08468321968343406,156,0.11454413072236175,436
"(127, 76)",0.21983763584432525,523,0.07497662212202942,565,0.21956937930649367,530,0.08095633534997299,558,0.18639617031088762,471,0.08716188182661914,524,0.1509432165342307,383,0.09463197019784916,497,0.1538809408559556,392,0.09395268313085915,500,0.13947168754455852,349,0.09609119394541958,491,0.1951696563277764,493,0.07834232077916427,557,0.19760303356493514,498,0.0819513248714838,550,0.18788015488802046,474,0.08386907927015375,540,0.17555481094375525,443,0.08724394971986733,524,0.17013634096647123,425,0.08947722626961246,516,0.1408212379203584,351,0.09523436218216175,494,0.21952604471590953,520,0.07511274824045572,565,0.21939723038243297,529,0.08100548146915064,558,0.1910283697479297,485,0.08710591646351244,525,0.14395332656256454,359,0.09680684818925557,493,0.13856942216757773,338,0.09786045900068796,490,0.1327582896239402,321,0.09725276794647301,487,0.18968519184658184,451,0.07322107971871862,533,0.1893786435866297,475,0.08134837985975196,550,0.18156068740776665,459,0.08515031302593326,530,0.1697877830831407,423,0.08751658756691147,520,0.1686216799880209,422,0.08634677268668575,521,0.15545207384389248,394,0.08834638042766446,516
"(127, 75)",0.10453295222884662,213,0.10869440430673263,450,0.1090411116841209,232,0.11526313231779786,440,0.10653186238997614,219,0.11377653376952276,446,0.11075508598744466,244,0.10885620617328674,455,0.12000570345567352,276,0.10544715102950879,464,0.11655074772875695,263,0.10414635666126341,463,0.1021121315365302,209,0.10677781385869009,452,0.10977087018562126,231,0.10922659500051186,451,0.11147338588692812,241,0.10792083551766754,460,0.11903530414790653,273,0.10518310783081074,463,0.11966518854259267,277,0.1058488873149439,462,0.11700334544952706,265,0.10351534572380607,465,0.10594478365956683,222,0.10820358733188662,452,0.107449735095559,228,0.1159779318418302,440,0.10584860752397485,219,0.11558652771260686,443,0.11027921713599309,244,0.10902273968023085,455,0.1172095881007047,264,0.10548629160047254,466,0.11379141911488311,250,0.10407552516717682,466,0.10801627465620511,238,0.0959742049407284,448,0.10655678513082434,220,0.10712660640882075,456,0.11237752381183452,246,0.10714709101522167,461,0.1139409230333629,254,0.1056116711740599,459,0.10981883809490645,233,0.10543942814842482,460,0.10893137628743566,231,0.10383241882660257,465
"(127, 194)",0.1663481183252531,420,0.08784893015150372,509,0.16520273718911715,417,0.095123645901684,497,0.1583561567461459,402,0.0950364539249758,497,0.17895050251094213,448,0.08666609660905863,528,0.18829052052947326,468,0.08446028680628102,536,0.21661879865452383,522,0.07585995485913997,563,0.16973887841397117,426,0.0845908434232469,522,0.1671556257619018,421,0.08984116712574632,511,0.1622053568649926,407,0.09073727397841733,511,0.17645936447602728,448,0.08700304749250727,525,0.1867194385058718,470,0.08507567624154053,532,0.2112753992475107,520,0.07668657032969278,563,0.16541303149271214,419,0.08818847035034294,508,0.16642049826774596,422,0.09477310130353804,497,0.15751677034863754,402,0.09655327786921258,495,0.1811254340625158,453,0.08607389738515664,529,0.20085959986608037,497,0.0805953508122143,555,0.22605356916729735,531,0.07306576252265921,571,0.14422877008818624,354,0.08441459756244542,475,0.15945321099405674,402,0.08917827015755145,508,0.16440268576502126,411,0.08976901802877102,514,0.18489407152225656,465,0.0835773543626916,539,0.19057992792705847,482,0.0807799604339589,551,0.20166087773884667,505,0.0767418757595996,561
"(78, 12)",0.2605274111734408,557,0.07457963273883284,570,0.23268323756045617,536,0.08002987689721026,561,0.20301303383359526,508,0.08631241284310989,528,0.18513278915273312,464,0.09493690540453315,495,0.1977631421373981,495,0.08973592879021731,519,0.1981474067371196,497,0.08842667245293415,518,0.26120116670755766,559,0.07323778999120395,572,0.24012736639188204,545,0.07463961820191192,573,0.22584646003084763,535,0.07639612880117069,571,0.21748277234215774,526,0.07904153332741433,560,0.22074947965635172,532,0.07805266477542185,561,0.21301857270849556,522,0.07951604535046607,556,0.2618628045869076,557,0.07504258680470238,567,0.23343182058310696,536,0.0801014644338774,560,0.20020904700647857,507,0.08713464470511417,524,0.18086420343750564,451,0.09641557240971217,494,0.18673947627892185,464,0.09360766133889353,502,0.1853654684714856,459,0.09096121816177537,509,0.3046021479985259,551,0.06629221527234949,546,0.23803978072098908,545,0.070966958795763,582,0.2315295101058712,540,0.07588982308059625,573,0.22291555548576913,533,0.0777772199896285,563,0.22817135352319085,538,0.0751086376986826,569,0.22837478732200567,537,0.07734792927018133,559
"(78, 127)",0.04717043309246538,60,0.13183015432220216,397,0.05703729480838282,75,0.12787555796662745,413,0.07007433196045088,103,0.12304432149276703,422,0.07954127452200832,140,0.12581487893718488,413,0.07271265419071149,112,0.12525973278265057,415,0.07251574471209876,113,0.12362376794981415,419,0.04695531450646695,59,0.12976732438564714,399,0.05420051914243096,68,0.12258824088188669,422,0.05978474426419389,78,0.11898137665356259,432,0.06334474138841473,84,0.11924132344388103,429,0.06192719472537189,79,0.11923227446464366,428,0.06534047392573816,91,0.11790525706327291,428,0.046745060426189866,60,0.133276575781536,396,0.05674490620026207,75,0.12834674163137796,413,0.07146963998063016,104,0.12283201209170494,423,0.08201589472776016,149,0.12549662553285923,415,0.07863256709816613,139,0.12488854977424452,417,0.07940891931828653,141,0.12066355515919369,424,0.03501753945621888,68,0.13633634395490024,356,0.05498038463458155,70,0.11566539634870958,433,0.057491131860354594,73,0.12074024099002205,425,0.061006571940227516,78,0.11979545291805696,426,0.0588346024440225,75,0.11800470315750855,429,0.05875225076082291,76,0.12161577371751205,427
"(12, 78)",0.06027861530825307,83,0.11537315941388918,428,0.07265312174740512,108,0.1146666561073757,444,0.12808071603100624,307,0.10266884657205436,483,0.1692717821891252,425,0.09769492524830128,491,0.1488219152575443,376,0.09938524794019452,489,0.14713856859596586,373,0.09802722241285515,487,0.07138115552784918,105,0.10917456526895279,442,0.07306006244403296,109,0.10634291335215364,466,0.09317796587141025,186,0.1013931508190085,484,0.10641385883675103,222,0.09913824906242383,486,0.10026412868583057,202,0.10050299393810518,482,0.11923899822073047,277,0.09672443846299304,491,0.058319140071862785,81,0.11583665771968149,429,0.07041480314542725,103,0.11523492743833078,441,0.12820712873840479,310,0.10313708501848076,476,0.1751167438470288,435,0.09743264342498281,492,0.1677715459851551,420,0.09743515484361534,491,0.16407222224431695,412,0.09492482839779892,493,0.05439066085516975,99,0.10973640745004923,399,0.07783705483512193,130,0.09918240997814529,485,0.09142117479176182,178,0.10014798627813651,483,0.10097556495454896,204,0.09830938895364628,486,0.09971513307491886,204,0.09566482383110263,489,0.10610965358113866,221,0.09539986217907712,491
"(12, 149)",0.22465392591580424,527,0.07441398069588166,572,0.1978791927499668,496,0.08210857804803026,552,0.12196908448465471,287,0.10435582054857355,473,0.08921054425142372,171,0.12094691563270128,427,0.10386633005876333,217,0.1120433175734425,447,0.1052015164433765,218,0.10962632934278566,445,0.20038500738007758,504,0.07739167643358086,558,0.19708807778072734,495,0.07639210004308274,565,0.1633494973934304,411,0.08408923987133222,538,0.1456333003861484,368,0.08929361615539669,519,0.15350232487312354,391,0.08720121609446731,524,0.13094363688363275,307,0.09375206815541096,501,0.22944984511327426,530,0.07337596046877279,575,0.20232301290917576,503,0.08105696925010765,556,0.12184680693368222,281,0.10490129747501105,473,0.08549287937707384,163,0.12373818129760514,419,0.09019590142078959,177,0.11982833201652841,430,0.09268248623387487,187,0.11483094769221133,432,0.23961542509979694,514,0.06694023911272902,545,0.1881639048605095,472,0.07390117598481533,574,0.16593343574023933,417,0.08210063545832792,551,0.1525614430135328,389,0.08567461562848787,528,0.1542340786384624,392,0.08272037971795457,544,0.1460089610535089,368,0.08577081615184215,523
"(257, 244)",0.09031361227717338,175,0.09460892208583997,495,0.09587578976616551,188,0.09241421298798898,507,0.09020427802674935,173,0.09458249808669486,500,0.08576450658916013,161,0.09527551603178802,493,0.0860288715362727,163,0.09469768880469426,498,0.08565092044282419,163,0.09432720282807232,498,0.08994863769459283,174,0.0945036794103166,491,0.09097649263660379,177,0.0937644161920435,497,0.0892897364937495,173,0.0944633584947993,497,0.08917029089869899,171,0.09386832582860762,498,0.08874440358929392,172,0.09335992590294326,498,0.08715511478155546,167,0.09348736489176024,502,0.09088984623187624,175,0.09468875224756854,493,0.09622227310391585,188,0.09265956768988974,506,0.09078184926051724,175,0.09455369300815399,501,0.08545931172910959,162,0.095517719876745,495,0.08470630490277853,158,0.09538181988213643,493,0.08574313972674652,160,0.0944263943046083,495,0.09486292000523444,197,0.0922600235206888,457,0.09336476664849469,186,0.09286450875511391,500,0.09148194567165036,179,0.0936260562413015,499,0.08915441906578214,173,0.09385626653770131,497,0.087925894958228,170,0.09404511548061094,495,0.08817917833574396,173,0.09378173920481857,498
"(257, 210)",0.1186641843702233,266,0.08542844480653905,520,0.10710887789157264,226,0.08870877973486692,521,0.11552859153122375,254,0.08628433570951088,529,0.12200968495103992,285,0.08356860372705935,540,0.12256453194703931,289,0.08299498518516758,543,0.12334735358961535,290,0.08233180969242344,547,0.12340377893006726,286,0.08386998710529484,526,0.11893561495811034,269,0.08480450589767095,531,0.12071298423488785,272,0.08437522821869456,535,0.12205172304185918,289,0.08343011140475229,541,0.12192034510517391,287,0.08287728018619764,542,0.1226294343464831,286,0.08228112904939994,549,0.1177182179516032,261,0.08596568096562231,517,0.10471500300000791,219,0.08982342495697705,516,0.11350941334590225,248,0.08705257399419716,526,0.12194236391898339,287,0.0836985035412201,541,0.1230567038022613,288,0.08302034058872367,544,0.12367740112488557,292,0.08235818591817909,546,0.12692088025877724,303,0.08246505970430415,499,0.11874093219490855,267,0.08481610736216665,528,0.11979081805282354,274,0.08459946070500309,534,0.122441446593748,288,0.08330583816217942,540,0.12273276501833941,287,0.08299399984667385,538,0.12277062405576711,286,0.0828331200604427,538
"(257, 90)",0.12760345734980927,309,0.08292521927393434,534,0.13382011900176827,333,0.08108253742935671,557,0.13133334554655451,324,0.08186756505359508,551,0.13292311086196662,320,0.0806331904404495,555,0.13315923388111794,321,0.08016722216297556,556,0.1341921733018171,326,0.0794702902358723,555,0.12376703885164131,289,0.0837688745319854,527,0.12790691330458637,310,0.08231335284709244,548,0.12809318856050567,312,0.08233814690793388,552,0.1284343764502327,305,0.08169045319691796,551,0.1308403163122258,312,0.0804814726509546,554,0.13351204020460994,319,0.07940484234593492,557,0.1271376511303527,304,0.08330672004873266,533,0.13534593546223272,335,0.08100684596651568,557,0.13235953167507586,328,0.08175383899457742,552,0.13312093034957484,324,0.08068902800928655,555,0.13409960091707407,324,0.08008122282993656,558,0.13335719634996135,323,0.07979638506050624,553,0.11541107430123576,258,0.08570832771215608,473,0.12509919853332885,296,0.08303315767472128,537,0.12622612048060222,303,0.08280683633321811,542,0.12809443495916173,303,0.0817656703146462,551,0.13014249150188073,312,0.0809965973757474,550,0.13018015401514027,315,0.08083990145086611,552
"(257, 73)",0.22489829627597513,528,0.06247474311875313,596,0.22402764318196244,532,0.06247474311875314,596,0.22463599144375046,535,0.06247474311875306,595,0.22088046926734117,528,0.0624747431187531,595,0.21900765729930516,527,0.0624747431187531,596,0.21699806702729207,524,0.06247474311875316,595,0.22395515022069923,531,0.06247474311875311,596,0.22250305185757113,530,0.06247474311875316,596,0.22284261814676454,530,0.062474743118753076,596,0.22031547343790303,531,0.06247474311875313,596,0.21768312048453908,527,0.06247474311875309,596,0.2158854665465797,528,0.06247474311875313,596,0.22604492035949708,527,0.06247474311875312,596,0.2255039768286039,532,0.062474743118753166,596,0.22535499904727996,536,0.062474743118753055,595,0.22137511347810834,529,0.06247474311875309,595,0.21973021144547022,527,0.06247474311875322,596,0.21752311207365405,523,0.062474743118753145,595,0.22198509213015027,497,0.062474743118753166,560,0.22230865994886262,532,0.06247474311875312,596,0.2226761422163872,530,0.06247474311875317,596,0.22024474271166128,529,0.0624747431187531,596,0.21921148759290343,529,0.06247474311875307,596,0.2185377369626469,526,0.06247474311875316,596
"(244, 11)",0.1542552499075871,393,0.10920360710782613,446,0.13949381166775998,353,0.1186679823459556,433,0.16983640136660283,425,0.10355079499666611,475,0.175739477551344,439,0.09924482304566493,488,0.18417209227367937,455,0.0966057826461067,493,0.1870276649508451,467,0.09482481551316592,493,0.19335907461513857,487,0.09502581849174807,489,0.17676996317023652,444,0.10026662949440972,486,0.1883713706469241,475,0.09733917284752351,488,0.19860507990061183,500,0.09309783831626274,502,0.19792534695822683,500,0.09294411664763086,502,0.19278624732801442,483,0.0934557179300372,503,0.15543256527818217,396,0.10914118504348196,447,0.14240113603724525,359,0.11755170119480392,436,0.17093005720955956,427,0.10319145142306066,475,0.1767887455070346,442,0.09860528876401213,489,0.18703705530990578,466,0.09505581795575128,496,0.191923171761055,480,0.09291838029652291,500,0.22864358014932262,503,0.0840947238932239,476,0.18825638551008927,473,0.09679330334116609,489,0.1928060719803455,484,0.09576313769518263,489,0.2033680531252854,506,0.09113000477270428,507,0.1970708849262286,498,0.09240316255329986,501,0.20120322100654597,503,0.09134549388024947,503
"(244, 209)",0.05152444030049641,70,0.1651453024404482,340,0.052244664179733724,65,0.17035328200339023,340,0.04939957549751317,59,0.1664254824184365,345,0.04989586810799129,59,0.16192412612474782,348,0.047961089838403304,57,0.16350066625328108,348,0.0466825230136646,56,0.16309759452727898,347,0.049223582888129225,63,0.16400547557134224,343,0.048078225747220094,59,0.16586485172101428,348,0.04689972229013306,56,0.16786607824258826,345,0.04622983202325592,56,0.16609207940499168,348,0.04652395329113945,56,0.16519602561608862,350,0.046506203590344186,56,0.16365914345217805,348,0.051129800716684715,69,0.16604346460688205,340,0.05163875646225746,65,0.1709683564157185,339,0.049449805871942254,59,0.16635443465088912,347,0.04975929026707249,59,0.16151919951994187,352,0.04707302342617281,55,0.16311388352724016,350,0.04586701023322559,55,0.1629424862027077,346,0.044330947565648815,78,0.16525388946332442,313,0.04888912777273502,60,0.1648993455838093,349,0.04619458483254979,56,0.1680281205866328,341,0.04509506528209439,56,0.16598082407630912,348,0.04599032456363439,56,0.16436236353736516,351,0.04729075934640914,55,0.16314059799102215,349
"(244, 131)",0.07101990230510524,105,0.14934719807550004,365,0.0787129901601632,134,0.14934208848654498,373,0.07007420832716404,102,0.1493352495034206,372,0.06501177275289605,90,0.14933898186884279,372,0.06466616098424005,91,0.14934118745031508,372,0.06261818711119027,86,0.1493602969753658,366,0.06678116278949997,96,0.14936029697536593,366,0.06775174673776596,96,0.1493289525941169,371,0.06875897784949958,102,0.1493396422511834,375,0.06572155462113172,91,0.1493507422651796,372,0.06498906762331891,90,0.14935087742239567,370,0.06310793174303098,83,0.1493439483315974,368,0.07167579452180839,108,0.14936029697536593,363,0.07874817050397775,135,0.14934361218313905,373,0.07005757105912813,102,0.1493271588120472,374,0.0643388557341723,89,0.14934605825416036,370,0.06312082208143455,89,0.14934825092431098,373,0.061456151747569576,82,0.14936029697536582,366,0.06235167498521288,114,0.14936029697536585,333,0.06750141149547473,95,0.14935517733616976,371,0.06808114329090842,98,0.14933132369398713,374,0.06418632514914702,83,0.14934627420143334,372,0.06333000099978259,83,0.14934736671546192,371,0.06341400103026418,88,0.1493479505691443,368
"(244, 119)",0.14363651716309156,361,0.11301421370082557,435,0.136792728301111,342,0.11974270884192852,429,0.13888096191765698,348,0.11428321066000798,444,0.14748855150717732,373,0.10840496369434552,457,0.14187896618445572,354,0.1102244063723127,449,0.13809244516544916,337,0.1104904877862309,443,0.1333565388626119,326,0.11461334827744979,429,0.13757725000858034,347,0.11350627062448723,441,0.13652291912338577,335,0.11447025189552898,443,0.1360521435443126,333,0.1129792867115137,440,0.1348211636299046,325,0.11303876598274015,437,0.13598937609114414,332,0.11153533522113528,440,0.1427315207321942,355,0.11371043132447806,433,0.13605040389833056,340,0.1200614351795169,429,0.14003725284844193,351,0.11382968684575338,448,0.14807048808775602,371,0.10784438821173314,458,0.1407691621115582,348,0.10978158136169873,454,0.13576105792077553,335,0.11069956345043992,443,0.14592233823967826,363,0.10752870689315694,404,0.1339125716769759,331,0.11479524288980411,435,0.13437788885918578,332,0.11491825933712331,441,0.1335785103149122,321,0.11305872456998553,441,0.1311945538161301,315,0.11349205200879656,438,0.12584369417918784,297,0.11565597065088577,432
"(244, 73)",0.25934609793260255,556,0.0806867849875237,551,0.2507281636479439,551,0.0855362307307128,528,0.25143788451207516,552,0.08205025345701655,550,0.252402862556679,557,0.07985395569135603,557,0.2615347256234154,560,0.07778324351669447,565,0.2849898435062491,569,0.07234307979272558,573,0.25452863399366277,553,0.08010256224332017,551,0.265567863045155,560,0.07811527270405025,558,0.24817844916377407,552,0.08226216885035624,553,0.25335620013926774,556,0.07993481185034786,556,0.25956846417623747,560,0.07832519900854114,560,0.27728045240465127,568,0.07400817970707158,574,0.2577488874095323,551,0.08129099063223386,551,0.24951886637774756,548,0.08583099434478636,525,0.24817615973479423,551,0.08276714295847969,543,0.25442257317779926,558,0.07915827702904349,562,0.2739691565603365,566,0.07466835541928551,571,0.29534430053067884,572,0.06998264558597615,578,0.2393863359963948,512,0.08164451487642989,505,0.2556626396129228,556,0.08013569845997583,553,0.2542202194029385,555,0.08066092258325092,554,0.26797831278102047,563,0.07627449655976246,570,0.28296724756781566,570,0.07298610911352307,576,0.28328222458138264,568,0.0729565281067229,574
"(244, 257)",0.255992377778979,551,0.08141775447524262,549,0.2749450361336061,562,0.08016377601195199,560,0.2608501996729702,557,0.07999685387544747,562,0.2516239952590654,554,0.08002221000469953,556,0.2502671377335197,554,0.08017993218540988,555,0.2442660609495465,549,0.08067344567712698,551,0.24717303243026922,545,0.08171252130227875,547,0.25284189290116854,554,0.08083145797702798,553,0.2583572643017632,557,0.08003256363412843,558,0.25410703556921044,557,0.07977303277409939,557,0.2521229925574723,556,0.07991172914825785,557,0.24649001315650687,553,0.08037704901093319,552,0.25685736897770794,550,0.08148617059271789,550,0.2749762633064706,562,0.0801704761060614,559,0.26041631430298673,557,0.08007935545301396,562,0.250136177824554,554,0.08008032739218005,556,0.24607820540117054,550,0.08047458231258801,557,0.24095053806672895,547,0.08092546129311702,550,0.2377954946561932,511,0.08200096911258532,503,0.25067710785126396,552,0.08122154145070085,551,0.2557984636549263,556,0.08031854192792064,556,0.24907736006994452,553,0.08024929748791271,554,0.2460887721007784,552,0.08055667022697784,552,0.24428029462034417,553,0.08098844374633232,550
"(11, 137)",0.11800454252141857,261,0.10863281516089601,451,0.13836110039748317,348,0.11025976743157284,457,0.14637838063421782,373,0.10698793409198527,466,0.1556457600595963,396,0.10725685676667047,460,0.1549520877637881,396,0.10451868859356642,469,0.14666429698285366,371,0.10456958325599097,461,0.11807602630805492,260,0.10400108326990537,464,0.12725543986390886,307,0.10579048072842104,468,0.14090325083887256,353,0.10270127161228898,480,0.14719282009180168,373,0.10033111379413964,484,0.1482525332161445,373,0.09960222321398393,486,0.1435512508529203,363,0.10198548415317399,481,0.11937830391142279,267,0.10810473203830187,453,0.13889574710634156,348,0.10986974141830842,460,0.1463692755968451,372,0.10690368840124331,467,0.15487643448897392,396,0.10744416534131138,460,0.15375500995979952,389,0.10579394224959193,465,0.14843509356224316,377,0.10491325091815763,461,0.12023792090445251,276,0.10132225886775245,438,0.12625892946444683,300,0.10352570985527802,471,0.1368291426181697,336,0.10197662365216101,481,0.14351712434984165,364,0.09902222918481796,484,0.1397758774032768,343,0.10103378049117694,483,0.1409844279796595,347,0.10037049407473704,484
"(11, 244)",0.1269002759286857,305,0.1056501467776469,461,0.10701919978598617,225,0.12163801888941837,427,0.08653524970961768,163,0.12977149672732735,408,0.06300283951886454,85,0.14663542473016467,377,0.06520148511753732,92,0.14127970632014392,388,0.06670375936781514,98,0.13714243073933438,393,0.12351845449563359,287,0.10223490324244099,478,0.11113322442189744,237,0.11133174875944439,447,0.095474853615509,189,0.11872993343848313,433,0.08721508418503976,164,0.12168350284986583,426,0.08322577779916829,148,0.12296796007462861,420,0.07638956663488428,127,0.12747078214208607,410,0.12585727592258222,300,0.1059361755041179,461,0.10601567797640743,223,0.12180633406796122,427,0.08865881905403383,169,0.12866770775910977,411,0.062877951374815,85,0.1466481352167324,378,0.06051842211512937,80,0.14541761628582128,380,0.06254125848748116,86,0.14076769724076169,385,0.12528734775084338,299,0.09973551456721513,440,0.11559238524006943,254,0.10705908522078353,459,0.10036097948123812,203,0.11452340056016812,443,0.08743566646406775,169,0.11871697783391885,429,0.08304112612775216,148,0.12175532601476635,425,0.0761759091787243,124,0.1246104152271919,417
"(11, 212)",0.15198151179533959,385,0.09805839215131607,488,0.15318040931046606,394,0.10558836611943434,470,0.17553666567721182,440,0.0985406964735385,490,0.2150877378981626,523,0.09135189983060671,510,0.21024081677374762,514,0.0899667690416706,518,0.21735023546803123,525,0.0862822237368199,525,0.15588250777498114,391,0.09285613387523796,496,0.16036699253412745,404,0.09597649104634315,493,0.16700682993852234,422,0.0953008196677532,491,0.1734138801543742,434,0.09316984331449607,501,0.17933175875471163,450,0.09128950702890172,511,0.19873683846144985,501,0.08753277409563073,521,0.15151673304065127,382,0.09813879625117636,489,0.15394484617390058,396,0.10515190156433492,473,0.1718748753472622,431,0.09945581071550065,490,0.21642334247313988,523,0.09099635724187737,512,0.22444976928107796,532,0.0874889005140284,523,0.22605960841227435,532,0.08508963986504865,531,0.15114217764678772,376,0.09233116364097459,456,0.15573833934408066,391,0.09487067199538426,492,0.16425676784344623,410,0.09420859052032478,495,0.17729967224955645,448,0.09000865917423953,513,0.1900240939540111,479,0.08776138266286926,517,0.20257967686978595,507,0.08463729884105083,527
"(137, 2)",0.15893473301528505,406,0.10190923561107448,481,0.17139000495539403,434,0.10034985044189829,491,0.19252963725144678,487,0.09224213816748392,509,0.1850327645716393,463,0.09320484165788465,504,0.1867122706807467,463,0.09386303044842459,501,0.19468024425829866,489,0.0920771663040812,505,0.17097000969842968,429,0.09753890631832535,485,0.1689208879907491,426,0.09840448778417636,489,0.17875497226041093,453,0.0951138087796831,494,0.1825631389167408,457,0.09339240423698666,499,0.1850739275379405,462,0.0932882386486629,500,0.18954832789981935,472,0.09242461169496362,505,0.156453033120461,401,0.10280749541036674,478,0.1686263401392285,428,0.10130920345811517,489,0.18381607035866754,465,0.0952855684407208,497,0.1793788494517059,447,0.0948519735580258,496,0.18442352043438592,456,0.09481439395361553,498,0.19096215479325307,478,0.09283961709154569,501,0.15313161381073814,379,0.10226270417154387,434,0.17622835588809482,444,0.09482509905898778,493,0.18537239720359722,466,0.09239930519484733,506,0.18471051019568663,463,0.09264268062399869,502,0.18313774036922226,460,0.09418293788009585,494,0.17808861693195133,445,0.09623259798404818,489
"(137, 1)",0.20350304254936613,505,0.08939392411738342,505,0.19819967414289275,497,0.09280432942187421,506,0.19158683727069048,485,0.09249252719707039,508,0.19260104688345336,481,0.09118692071692334,511,0.1905503532445394,475,0.09282659679948359,504,0.18579412163217535,462,0.09446801605530536,496,0.20324594263963647,505,0.08881210443953806,504,0.20176551538054055,507,0.08942372800090324,512,0.20082588658975375,501,0.08923998254429998,519,0.20364685881238276,508,0.08790659101343892,522,0.2021114711362043,508,0.0888388717169689,521,0.1976343407134713,499,0.09030604623604171,514,0.2058329117588571,505,0.08890697237339536,507,0.19855681340057008,498,0.09282269150450495,505,0.18934637190751036,480,0.0937675407505071,504,0.19120803109856643,480,0.09164107837081766,510,0.18261987124535217,450,0.09531518741625253,494,0.18727790301923364,468,0.093833540411874,499,0.23953533481723377,513,0.07977958778252849,509,0.20629469868533712,509,0.08695503664436129,516,0.20523554688301338,505,0.08729613314042994,521,0.20087174750285142,505,0.08844054407948196,519,0.18803854885221205,475,0.09284960714168487,498,0.18661215778505058,468,0.09386101423291736,497
"(137, 20)",0.06563445700843651,92,0.14397410840407965,371,0.06182346322776011,80,0.14999744330746206,370,0.055757680638127805,68,0.1513089187897328,369,0.055009972819537234,68,0.15020170549613712,370,0.0525902245708999,65,0.1539960387553228,363,0.05120859172993275,64,0.15575502053902557,355,0.05619610787257656,73,0.1498502004610873,364,0.05754246311297173,77,0.1492023469654099,373,0.054085432374452846,67,0.15122903914723082,370,0.052066483328499724,63,0.1518167798105248,367,0.050217488191902304,60,0.15433880088427626,362,0.049901625412608897,59,0.15518237763315923,359,0.06514968955846623,94,0.1444683527437619,369,0.062371707668594234,83,0.14977293749718568,370,0.05809718790083429,73,0.15056219180708158,370,0.05646882159735256,69,0.1491946139287505,372,0.05417515440772869,68,0.15320552039708102,364,0.051554605106503226,66,0.15507974944571942,353,0.05258349468407053,94,0.1516617708745615,327,0.05496477907227082,69,0.1489470611765256,372,0.051853089477390646,64,0.15161659497662022,371,0.05225568766040556,64,0.15138815996708954,370,0.053262483206448,66,0.15236245666678114,366,0.054175820568271416,67,0.1526333671421683,361
"(137, 11)",0.14169846291472354,354,0.10760541947213341,455,0.13534210396903634,336,0.11235286166295742,450,0.1381288129030862,345,0.10887550092034248,459,0.13904549012095135,341,0.10733037146440892,459,0.14315476065178256,361,0.10718102948534698,461,0.14298644770834212,360,0.10764278793958566,448,0.14723762128224838,367,0.10494649095933943,460,0.1419228961785206,356,0.10703647994455998,465,0.14021758517897476,349,0.10712297835912997,463,0.14043502284975362,351,0.106292241302386,458,0.14328409188961033,361,0.10597431830902546,460,0.1422210323405061,359,0.10672958477748873,453,0.1421222399798867,354,0.1075764203635646,456,0.1361532101721593,341,0.11218909764747102,453,0.13990102157395246,349,0.10903373656319815,460,0.1398487032768908,341,0.1071530328640305,461,0.14457022789245266,363,0.10706086705716623,461,0.14322360480902108,362,0.10729957219774357,453,0.14306267631668312,350,0.10558380734700888,415,0.13983277852921328,350,0.10613583707706233,462,0.1400908498204807,347,0.10614622591600965,464,0.1430707814119232,361,0.10520183549762994,460,0.14586185190615752,368,0.10551241622458804,459,0.14872822507982875,374,0.1052574035930077,460
"(137, 149)",0.13921762741031518,347,0.10847545114982764,452,0.1465280571277231,372,0.10835140981102934,465,0.14491996728000178,370,0.10650916328812464,468,0.15097160038331148,384,0.1033081018817098,473,0.15293769342419516,389,0.10390353373146778,471,0.15413756917381294,393,0.10390410027246447,464,0.1434533276144363,356,0.10622462896223263,453,0.14859971636842295,371,0.10477395422879093,472,0.15081906459968009,382,0.10355225386889817,471,0.1502798844160652,383,0.10299667425935344,478,0.15118041792252535,381,0.1033449908734874,470,0.1529466225288516,389,0.10315200587215198,468,0.14032118548499073,349,0.10820570034130825,451,0.14663285698268635,371,0.10844677268761556,465,0.14638512764252265,373,0.106780921083579,469,0.1524884226025911,387,0.1029158881320849,479,0.15600400572419637,397,0.10326776618465149,474,0.15476140444533404,390,0.10345044434856342,469,0.14749011865289918,370,0.10409868233277157,422,0.1470960464728145,370,0.10368473017099894,470,0.14765937921549943,373,0.10359616112369655,471,0.14737838107928414,374,0.10376164813756046,467,0.15346228064726697,390,0.10300848797173003,472,0.15373104247599323,389,0.10361363855564165,466
"(2, 229)",0.2509373899668569,547,0.06490229817441676,585,0.26886581822718203,559,0.06424481114472587,587,0.24592542592108535,549,0.06575022077249841,590,0.2565535131172417,559,0.06761404078177559,588,0.2486750409547116,552,0.06656243561329182,589,0.24681135531913467,550,0.06590310156735295,586,0.23928237312939438,542,0.06647186337559394,585,0.23145368749005568,537,0.06739113462522175,585,0.22596294107995363,537,0.06583984362842335,587,0.21771214784759962,528,0.06727671277726681,587,0.22130995782382423,533,0.06831042606259817,584,0.24103918111768463,548,0.06681873301714791,586,0.259612720260622,553,0.0643181337660849,586,0.27094844082477476,560,0.06426770512038193,587,0.24809560838384015,550,0.0667720937471676,588,0.2579290177228487,560,0.06884631401925467,584,0.2588548764493832,560,0.06668461964882691,589,0.2559242373147169,558,0.06519485327578263,587,0.13664926755145146,333,0.06997972825760651,542,0.2150459819158551,527,0.06768324547044853,583,0.2188162188245879,527,0.06579275599739906,587,0.21277967702267775,522,0.06648140712158981,588,0.2192147108474991,530,0.06707510003332248,586,0.24010410649144376,548,0.06527991941646175,589
"(2, 137)",0.05034686650950926,67,0.11086412971884557,441,0.04457871384821721,56,0.11694295835245046,437,0.05209599949875732,64,0.11029696643146013,455,0.04846036368684903,57,0.11784214982733235,435,0.0511285692001604,61,0.1127765291825393,443,0.05178218604796003,67,0.11090916597350847,440,0.0545147450137935,72,0.10883537902414457,444,0.05752109481343437,76,0.10718855641297985,464,0.059736743396974434,77,0.10258582356640804,481,0.06324404328629896,83,0.10158254943398808,483,0.06168752222775131,78,0.10457347430482396,465,0.05386362233407893,67,0.11011055004689362,443,0.04746412598635297,62,0.1133235735554738,434,0.04395471603198564,55,0.11783831348088127,434,0.05133084005627764,63,0.11289513557468774,450,0.04800974524699986,56,0.12057880098016573,429,0.04770890501253189,57,0.11717761269407063,438,0.04866799274593203,58,0.1133711729590688,436,0.1140323525297392,256,0.07433020428951576,530,0.06442557364669044,85,0.10115146753350507,484,0.06276181962245109,82,0.09976374413908892,484,0.06544923030331862,90,0.0984862051440879,485,0.06258877134356489,81,0.10186361516050543,479,0.05420914269267918,68,0.10720670773230255,453
"(1, 259)",0.10030018511824235,203,0.12497807556433192,410,0.08872439759803119,168,0.1341208892474012,403,0.07905539005860485,135,0.13395129990797916,402,0.08092303497360753,147,0.1311737923890404,406,0.07423467291784902,118,0.13418616075023374,401,0.07231396263826739,112,0.13237083666969002,397,0.09510965775807723,185,0.12522318513729427,410,0.07651600896660526,127,0.1321593740196283,403,0.07357070212860928,114,0.13393871739393326,401,0.0758693615445124,123,0.13260946555918135,400,0.0735735455301827,113,0.13405885140649584,399,0.07308477981663031,110,0.1324817380113811,399,0.0977260288676699,192,0.12581276042932554,408,0.08855586666546811,168,0.13383095027872566,405,0.0796375934815804,137,0.1340457494466855,401,0.08252240143137146,151,0.1308271198752982,407,0.07212937809136599,111,0.13474104889675426,405,0.07073202903173847,106,0.13225978278105702,398,0.10739934226008907,237,0.11271550144748914,393,0.07953805962491811,137,0.12999063216005624,405,0.07291620939248489,111,0.1343477335340615,402,0.07400578997939378,111,0.1322571365169056,403,0.07314000335705073,110,0.13204859862782137,401,0.07320282455353211,112,0.12973883632486113,405
"(1, 229)",0.15718290824537817,400,0.1048579605602328,464,0.17452809554124404,443,0.10294186761438753,485,0.1954006576018228,498,0.09375751262798916,503,0.19077818264291246,475,0.09361186939513601,502,0.20756942229902398,507,0.08927685350428795,521,0.22264631211325903,532,0.08405886582049206,535,0.1697824158354314,427,0.09961430747461208,483,0.2003407669282633,504,0.09041408944404807,509,0.20195162857026316,503,0.09019461135486725,514,0.19957900627122216,503,0.09067537078519049,513,0.2060214427303877,511,0.08931920807289781,517,0.21706634774245026,530,0.08560781595901054,529,0.15730394325226404,404,0.10459301477957696,468,0.17508558846033395,445,0.102499954171,487,0.1944315579246052,496,0.09427449967571433,502,0.19010334463221623,474,0.09409763399818528,502,0.21518048193713246,518,0.08715940609583747,526,0.23393250141372435,540,0.08108847376429593,549,0.19047866664178137,453,0.08838148178453198,468,0.2006959206754082,505,0.08988752340362256,507,0.2057607084879517,507,0.08933887601736917,517,0.21246092292039442,521,0.08680296588448906,522,0.21457332513064886,521,0.0858978717659752,525,0.22382195965063922,531,0.08243153818770162,547
"(1, 137)",0.14324414520064843,359,0.10916634365968626,448,0.1439682932757731,366,0.11224639107643619,452,0.14179371600237922,357,0.10884029379682893,460,0.14245315024276772,354,0.10713492856035847,461,0.14049713621471938,346,0.10741823607905426,459,0.13316235961379919,318,0.10749238758974868,449,0.1390061371526672,343,0.10879008211541327,446,0.14211527147104241,357,0.10623670080655584,467,0.14584323190279924,369,0.10527091142021967,468,0.14376732457904906,364,0.10581464072972913,461,0.1427530370254122,359,0.1063253532701746,459,0.13566635241626057,328,0.1071028814780575,452,0.14662230811867438,367,0.1078563322245542,454,0.1437395437219655,366,0.11201063326544271,454,0.14161874829979915,359,0.10921589068364365,459,0.14050415753248313,343,0.10811756279045581,457,0.13856555962206007,337,0.10757808489997828,460,0.12849644528032478,302,0.10824791905331271,449,0.10925495451830647,242,0.1120277169963194,395,0.13703712657510936,344,0.10732270446479703,453,0.14407349085444976,363,0.10586479813641554,465,0.13736087187121648,334,0.10676960513613658,457,0.13730326891004518,334,0.10625401794162671,458,0.13095789736861796,316,0.10643889309570412,455
"(61, 155)",0.1278624581615826,310,0.18267599442895527,306,0.13581564619670905,340,0.18277712704962698,317,0.13558258222793884,337,0.17986143013640532,324,0.13482878680630717,328,0.17843874522692735,326,0.13652782286977105,335,0.17861088640713052,330,0.1390245758795463,347,0.17912380031380506,330,0.12560972543059667,298,0.1821155231372222,309,0.1371252095610347,343,0.18073712625847563,322,0.13762614128061923,341,0.18016928762721116,327,0.13899850706718653,344,0.17817600617278026,327,0.13958953188658296,344,0.17809666728275345,330,0.13986301140692814,347,0.1787613106018887,328,0.12720872029671726,306,0.18301784076869554,309,0.1358645524696276,339,0.18260066245554568,318,0.13501049546726507,336,0.17993183221620024,325,0.1355004400438773,327,0.17776334737042226,327,0.14015817060567093,343,0.17792775317528084,332,0.13720575077269803,339,0.1796172930044526,326,0.15326948640356508,380,0.17175920839015163,306,0.13394484034208998,332,0.18100985746230905,327,0.13798002658633302,340,0.17942191327145876,327,0.14094769403430718,351,0.17779799774333177,329,0.14200882229371514,357,0.17641817663897705,335,0.13880709736350272,339,0.18002778606751105,328
"(61, 60)",0.10822001988962227,227,0.1944533909455486,284,0.10942569675743219,233,0.1985273264393535,290,0.11099746361308915,239,0.19422189430265568,294,0.11604623662150826,259,0.18913824273503296,307,0.11792045352536418,266,0.18915443723919823,311,0.1181430983596734,272,0.19098096719804022,306,0.11190777528124496,243,0.19020279098321902,297,0.11097826058185178,236,0.19608387128532015,289,0.11299497206579034,246,0.1944813929907262,294,0.11548857549190084,257,0.1915720774472367,298,0.11625806916549686,259,0.1913511221667994,302,0.12159609394648152,281,0.188997951067448,311,0.1086270351474431,230,0.19416503911300698,287,0.10936997955475725,234,0.19840106127674328,290,0.1111022416438261,238,0.1938978780865617,293,0.11465018786567938,258,0.1896509802084977,304,0.11936147860883062,272,0.18961157321289426,310,0.11955625676688508,281,0.1896206320246155,307,0.10047734278943299,212,0.20232022785927378,248,0.1114880166437745,240,0.1941900983195696,296,0.10931807064509658,233,0.19621815937218604,294,0.11453215984947607,258,0.1928657132829996,296,0.11606501653660295,264,0.19102742664542202,305,0.12090397679260267,274,0.19015387400510364,309
"(61, 0)",0.16361206504257098,416,0.16453129147732545,341,0.15278502894445256,393,0.17390354943577083,337,0.15100845232257432,386,0.1718858182002695,335,0.14556791742358666,365,0.1728477005882601,336,0.1415824300195787,352,0.17594665993447364,336,0.13879528056814372,342,0.17924600513818523,329,0.16132401503658245,407,0.16394068712058207,344,0.14936630226598258,374,0.17434773074429494,336,0.14631656069772148,370,0.17560917399839363,334,0.1418958381089116,357,0.17665356400369947,334,0.14039747792271728,348,0.1776704725089559,331,0.1341408384667664,323,0.18184667540263666,323,0.1638444307061253,415,0.164400883019045,342,0.15280408698542314,390,0.17375164283356348,337,0.15149975131213567,387,0.17141496137924833,336,0.14653949804139943,367,0.17205300111512975,336,0.13630463429487671,331,0.17998282035228155,329,0.13902152242252075,344,0.1786476845896616,328,0.14671177859235618,366,0.17504508617593378,299,0.15217951563032073,384,0.17155350293976426,341,0.15057541755321002,382,0.17291609279616724,336,0.14105866822631286,352,0.17773965739893788,330,0.13822193299430707,337,0.17840986168308753,330,0.1359249474301839,332,0.18158450297634915,325
"(155, 171)",0.0784585630467769,132,0.2330352822541277,232,0.08150068952277656,141,0.23485836674508703,231,0.08444720357568825,155,0.22859506480163747,248,0.08848906580416238,170,0.22525715495221071,251,0.0890548958117412,173,0.2242392558602086,255,0.09066933236928709,180,0.22528088510391517,251,0.08537134704862082,155,0.23183884534887744,237,0.08770187966859466,166,0.22840219245205484,248,0.08743368421234166,166,0.22777767283495118,251,0.09038187607207848,173,0.22343721985018858,255,0.09184834938208775,182,0.22243879656093693,259,0.09279356644183046,185,0.22387440462335942,254,0.07735659293354535,128,0.23375186092937628,230,0.08139912912876213,141,0.23497343685408895,232,0.0842711881971816,154,0.22906314943789816,244,0.09033400032976013,175,0.22407737122881738,252,0.0919608142272712,188,0.22313677768566198,256,0.09251943286023279,184,0.22570014437530203,251,0.09634322455954825,201,0.21016199889998852,242,0.08703836535929699,164,0.22917351821503945,244,0.08876594190546283,169,0.22572320513777538,256,0.09177996429193547,180,0.2215015227397838,259,0.0939942781997466,191,0.2194538430435813,260,0.09036245483934413,179,0.22734434621084812,255
"(155, 61)",0.18704960550965954,474,0.17444138678579693,322,0.18174031923435563,457,0.17976675067913264,326,0.1768156674690966,447,0.17868510815884395,327,0.17038297984260398,426,0.18106439652712575,322,0.1695105892837061,424,0.1809389082842005,326,0.16705775826131508,419,0.18376195388848435,318,0.1753129254672372,441,0.18239752356250086,308,0.17160787414304157,432,0.18260983544941214,317,0.17202821450980155,432,0.18177640795570546,324,0.16749061437673485,423,0.18190828427145056,321,0.16529961298475615,415,0.18287052422194744,321,0.16390978779307286,410,0.18520047809179593,314,0.18903244186122325,477,0.17354365507897804,326,0.18191379400645902,458,0.1797229249906052,325,0.17710410088766326,448,0.17882932100779234,327,0.16756286818486343,418,0.18237101700686026,318,0.16513333774120664,411,0.18358076420896313,322,0.1643110878047408,414,0.18637480435572018,314,0.1588407870287658,394,0.17789916364150385,292,0.17265062014015342,431,0.18239459302816333,321,0.16995525905020448,428,0.1817802910152681,322,0.1654008388557452,418,0.18201762432694804,321,0.16216896037815853,407,0.18297331317006008,321,0.16751991921384612,417,0.18506516561803343,317
"(171, 3)",0.06314040239792096,89,0.33068235904371435,114,0.06679698371330345,95,0.3343104486311823,112,0.06731605251257022,92,0.3274744221576725,118,0.07187244957826411,110,0.32218056398227896,121,0.07526228326041107,124,0.31460436117421287,132,0.07821371766556284,135,0.31453650666443395,132,0.0697012735520226,103,0.3302577750012022,115,0.07450084342062646,114,0.31864956820502216,127,0.07042866063155495,105,0.32295247725573223,120,0.07448946881931429,114,0.3129036705752651,132,0.07891974686271885,135,0.3061874016781207,146,0.07909393822039823,137,0.3140331131708376,134,0.060559005728231474,84,0.3360954873864865,109,0.06673400579784117,95,0.3338784279476921,113,0.06701830930923058,92,0.32889882855398417,115,0.07449404513975089,118,0.31909355584274596,125,0.07889994928371458,143,0.31373281099561995,134,0.08144973126618771,148,0.316436481923671,133,0.08326569588284238,165,0.28578599601096055,145,0.07128452384806061,104,0.32616568823569236,119,0.07220090799624379,109,0.3190300068532311,127,0.07722962164333091,127,0.30763042022992915,146,0.08124870081496627,143,0.3028160663371797,149,0.07649656540467675,128,0.323111703713463,122
"(171, 155)",0.21794864961653548,521,0.21880743820151038,255,0.20985550304974498,514,0.2282594572410731,250,0.20874689156241122,519,0.22456578744307196,253,0.199411145558115,497,0.22928220178180297,244,0.1928928027194563,483,0.22988917800413466,245,0.18748735637598068,468,0.23502174167523188,230,0.20377347782507105,507,0.23096742679762758,241,0.19432720786389734,490,0.23148482560406888,240,0.20229500868989647,505,0.2271921775962415,253,0.19434876325753314,491,0.2272907123469356,251,0.18622937962648978,466,0.22998515965159397,244,0.18592103064819698,462,0.23618211387578386,234,0.22398163417620742,525,0.21732922126377396,257,0.2099906668446645,514,0.22784391127613784,251,0.20938162373639368,519,0.22498175213917823,253,0.19434009046397938,489,0.2317951898469827,240,0.1862644750664818,459,0.235618202124932,230,0.18182732894563958,451,0.2421196549935807,219,0.17876560065902525,431,0.2215312501459881,226,0.20057745343740674,504,0.23103404705829134,241,0.19876428928687373,499,0.22763181764258056,251,0.18926301699396542,480,0.22817531646289874,251,0.18217120828119993,455,0.23136152718528225,241,0.1906028780203659,479,0.2383362947449501,233
"(3, 220)",0.1328428596328921,331,0.30678013248185454,147,0.1435064565706441,363,0.305967224847185,149,0.1387370232919608,347,0.2975717836757175,152,0.14691703623294605,371,0.29103793716458753,161,0.15468128542308068,395,0.28591213841603214,167,0.16470866566905396,414,0.283806811048343,170,0.1577855936789504,398,0.2928309521385851,158,0.1492147727652865,373,0.2977296904446212,154,0.1421021620921885,360,0.29220464795075113,157,0.14705778841234696,372,0.28364371813619227,169,0.15454725336597197,395,0.277822389635402,178,0.162623671891457,407,0.2795417824175304,175,0.12818826783513482,312,0.31057287742934103,141,0.14327243055954075,363,0.30506637676106396,149,0.13969982206046572,348,0.29770006969270124,153,0.15191321606821062,384,0.28820875818633873,164,0.16639297902894024,415,0.284492991989764,168,0.18079710727492648,450,0.28374564497221283,168,0.2333219941649456,506,0.20017631909489444,253,0.14708519044695856,369,0.2984805925814184,152,0.1452226627016875,368,0.2894410813711846,158,0.15233634024955367,387,0.28065242096392395,172,0.1646555485022171,413,0.2726186764957651,185,0.17072436291692294,421,0.286040827337155,165
"(3, 171)",0.11747206721465153,259,0.3196159412471335,125,0.10815717771486544,230,0.33621230627328424,109,0.11220107005780089,244,0.31939163626118217,125,0.10537883850138963,219,0.32512910905076037,120,0.09938145740910653,201,0.3313421842181229,114,0.09224881338302215,186,0.3443034443445435,106,0.09710297992495565,192,0.3442668795205131,106,0.1035578019614507,215,0.33627801761397524,109,0.10932819587915521,230,0.3188917529622635,127,0.10526613196776224,218,0.31708299973770177,130,0.09948131734794496,198,0.3217662558562091,122,0.09367882631448465,188,0.3359651041284508,109,0.12186504057609537,278,0.31585413948792807,131,0.10835121379455503,231,0.33483996917061665,111,0.11136931823958762,241,0.3210620937945747,125,0.10146937981469617,210,0.32970638541484604,114,0.09111296541503744,182,0.3477414904916379,102,0.08205550899025105,149,0.36922444737449495,80,0.056787701424282466,104,0.32061204101169877,110,0.10524420764901576,218,0.3337129138153546,112,0.1067476534413212,221,0.32071469400204494,124,0.1011467059610971,206,0.3217012271834771,122,0.09228491287820328,185,0.3306517504735856,114,0.08826882365642241,175,0.3563888264176308,97
"(220, 219)",0.11999868409687742,271,0.2953124580552389,155,0.12436116311890377,295,0.30399484585026504,151,0.12060781249132702,272,0.30002449199768766,151,0.12680403727068135,300,0.29784304584487403,155,0.12679258379947478,300,0.29889818939714813,154,0.13338984873635762,321,0.2989713957958406,152,0.14687267821289363,365,0.2781544737969548,175,0.12680092888277494,304,0.2994771042325389,152,0.12504824918718072,297,0.2946263574120182,154,0.12887344871272954,307,0.288636125904598,158,0.13010496398959526,309,0.29135214431352896,156,0.137081769022241,335,0.2924407086890243,157,0.11651023365587743,257,0.297928977632127,153,0.1251949569040809,301,0.3012952599377422,156,0.12123551502163199,276,0.3001640378395185,151,0.1309545696046731,314,0.29555631351777484,158,0.13541597910976044,326,0.2976854665522786,156,0.1429356277105036,359,0.30285828821032673,152,0.23703629774528256,510,0.17674233476734585,296,0.12757951051583483,305,0.29812889903740963,153,0.12820907567802453,312,0.29157479026287364,156,0.13123147229128573,315,0.2897335246845212,159,0.13610567212899083,330,0.28637950705667625,163,0.13977675256099387,342,0.2965584851606082,154
"(220, 3)",0.13013838388488508,320,0.287434433270196,164,0.12564102092486096,303,0.30295909387217473,156,0.1294975474923139,318,0.2929957638960606,158,0.12321315504677821,292,0.30070879617370855,153,0.12322439193527468,292,0.3017558328976172,151,0.11696953856126435,265,0.3123534497535187,135,0.10541438953217674,221,0.31067031292775643,143,0.12321620452128479,286,0.3023536119681852,150,0.12495176322554014,296,0.29470217331827964,153,0.12120495358004701,285,0.29459930217015645,153,0.12003035019198549,279,0.2992855967120883,150,0.11364982951982427,251,0.3112969017219667,140,0.1338924787671012,334,0.28443435013567925,166,0.12480524559575445,294,0.3016085378133026,155,0.12884161673435635,315,0.29413715732777135,157,0.11922872768753368,274,0.3049440451104863,147,0.11513232258924366,259,0.31423062920853156,133,0.10863124359101284,229,0.3318700371793022,116,0.055359544572537445,100,0.28699965187870613,143,0.12245549576444059,286,0.3022305024624727,150,0.12184492494921617,281,0.29656535385707933,152,0.11896898349786955,271,0.29936440906946293,151,0.11451549894681923,255,0.3033513431211012,146,0.11130320130681093,242,0.31995294954382775,127
"(219, 201)",0.17932221447763885,456,0.22442017804045675,249,0.16399041040224138,415,0.25233154022060195,210,0.15757106427555367,399,0.2561891995064513,205,0.16138059904233493,408,0.2570441775368731,202,0.15972722531409933,406,0.2589891105214838,199,0.16092515310366107,405,0.26299506203042444,193,0.18495014903796247,462,0.24142268880534745,218,0.15952672385998534,402,0.2593074072172905,197,0.15933404881622848,400,0.25746902996786664,202,0.16451793360459188,416,0.25310876419260053,210,0.16474879125217678,414,0.25591419379491603,207,0.16603260794104657,415,0.2580212523846094,203,0.17781492797851972,450,0.22431183644783495,250,0.1649873396379573,415,0.25015673185977794,211,0.1583369787913148,404,0.25584701269448257,205,0.16505036406705487,413,0.255750894553538,204,0.16634109895079885,414,0.25913961578490413,199,0.17401493115627076,432,0.2649502492553367,191,0.24974763346258988,526,0.16522234962055163,314,0.160134016975926,403,0.258416395755976,197,0.16376017903408713,407,0.2544165790565066,208,0.16537303532824155,417,0.25415128287027916,208,0.16501762593982505,415,0.2530301318388637,210,0.17011851827750457,418,0.2619034057406724,196
"(219, 220)",0.08293203071042488,148,0.2902011753780255,159,0.09273841270884442,179,0.30513437555198847,150,0.09725834690038426,193,0.3008920258006657,149,0.0945442807333916,188,0.3071942797958441,146,0.09571062509133133,193,0.30719992288636977,146,0.09486381965128476,194,0.3136572777293118,133,0.07964534666342238,139,0.31970015149247816,126,0.09585326326104182,192,0.3072961392208061,146,0.09599057994348725,192,0.3048491503709163,146,0.09237851869089186,179,0.3067994669625214,146,0.09222155461620696,183,0.31052099790646076,141,0.09135455450115404,181,0.3148786446448583,131,0.08383926414954135,151,0.28819898330743016,161,0.09205970206581082,179,0.3038593091200656,151,0.09670505684932174,191,0.30154912566708014,149,0.0920169983406125,182,0.3107420092848157,142,0.09114769751661356,184,0.3166783925754122,131,0.08617928532763708,165,0.3348823107271118,112,0.0507563699239203,91,0.28102119088331246,150,0.09542203095287771,192,0.3070895554070755,146,0.09289601934898939,186,0.30733768004075285,146,0.091798741339288,181,0.30924424764507,141,0.0920391778442613,183,0.30739120906603695,145,0.08866013664377159,177,0.32544845260901933,121
"(201, 184)",0.16317889131316543,413,0.23176124908717463,236,0.13880701163931608,351,0.26318620732457304,193,0.12947288586442685,317,0.2665730463115874,191,0.11177411192278419,247,0.2681543513769615,186,0.10126665877739405,207,0.2706495346768113,188,0.08545053995004315,161,0.27369552652113976,187,0.1860883777877388,468,0.21879706222682135,255,0.13525444085366956,339,0.2670475676750883,189,0.13863416738810308,344,0.26017671528171504,198,0.13909599664834627,346,0.26103738794017944,195,0.13892446947294212,340,0.26387084276354095,194,0.13870813522872005,345,0.26753427039335614,192,0.16185728386066534,410,0.23046434208665134,238,0.14056810639394057,354,0.26018886446991574,196,0.13000126564620307,321,0.26665768006755014,191,0.10877064452419805,238,0.26730029168404296,189,0.09620037630046274,195,0.271929018641305,187,0.0808393329882221,143,0.27984002007511805,174,0.2513191190482751,527,0.15107274675667645,329,0.14395440966586004,364,0.25568657370500913,204,0.14245723151093193,359,0.25725297559224214,203,0.14033771453923594,347,0.2613727115324503,195,0.1388868882817048,339,0.26190914259890485,193,0.14113956590736876,351,0.27224110606425755,188
"(201, 219)",0.09329539929902486,183,0.2792385706362455,175,0.11214033901083453,242,0.28258317838453395,171,0.12063133517175184,273,0.2729328432853535,186,0.13923009984892853,343,0.2492226711823614,211,0.15217884880272026,386,0.23628963980180334,230,0.17518505185644428,435,0.21544691881454428,262,0.0789993454500042,135,0.29112091358254677,160,0.1152774163520105,251,0.2816594928845954,169,0.11229039818240372,243,0.27911144510320846,174,0.11189002544173987,241,0.2806793536326393,172,0.11203851231056428,245,0.2834839933973861,170,0.11222614946950382,242,0.2871102597713188,163,0.09421125110848427,187,0.27602403421599975,179,0.11062599888378521,239,0.28181573338623056,171,0.12012867669460692,271,0.27377117855269206,186,0.14276837710545054,351,0.24413272144023895,217,0.15904032798845913,403,0.2299739924127729,244,0.18287456909973876,457,0.2131733737330699,266,0.050216220192187855,89,0.2584123675617546,171,0.10778700220509263,224,0.2815750154770437,170,0.10903058755712669,230,0.28123699965328675,170,0.1108226102361356,237,0.2827758076929856,169,0.11207107929200544,245,0.2813238528503421,168,0.11014025416998241,236,0.29570223125035133,156
"(184, 253)",0.18278306785904608,466,0.27294213846185184,186,0.18057055331167826,456,0.27824397274067314,177,0.17622084618922695,444,0.2767548542113318,178,0.16336103594583373,411,0.2787896806320004,175,0.15689116033386263,400,0.27893451778705197,175,0.14892294019783003,377,0.27716221224169324,179,0.18595654130453643,467,0.27414814568505036,185,0.1800785474637897,456,0.27510744515339136,183,0.1790711570204192,455,0.2757668251941828,182,0.17412550806266003,438,0.27754944927049197,180,0.16967677552158023,423,0.2787051892519491,175,0.17258672050972557,428,0.2752494922587046,184,0.18063396453382552,455,0.2733658930098807,186,0.1803082879563741,453,0.2784223768495744,177,0.17669358488510145,446,0.27675264934658156,178,0.16298175309892204,409,0.2776418397597516,177,0.15551719146691245,395,0.2778138301439136,177,0.1474187699318954,372,0.27846829107609194,175,0.17063963423430606,413,0.2778149974332909,154,0.1806406770792881,454,0.2738836760417763,185,0.18170322306467324,460,0.27369971698544776,186,0.17537951088267734,443,0.2754704092905854,183,0.1738349363540267,428,0.2736206132774407,184,0.17877267795961238,447,0.27460617254369557,184
"(184, 67)",0.06895193812799649,103,0.3923878248503993,61,0.072220766885984,106,0.3923878248503995,61,0.06798838804063934,96,0.39238782485039925,61,0.06132627326237783,80,0.39238782485039914,61,0.057329996740143496,74,0.39238782485039914,61,0.051062287801961315,62,0.39238782485040036,61,0.07215032005418998,108,0.3923878248503997,61,0.06909211618117528,100,0.3923878248504,61,0.06900816505148644,103,0.39238782485039936,61,0.06729486809283658,98,0.3923878248503988,61,0.06535804326917372,91,0.3923878248503986,61,0.06430855673203828,87,0.3923878248503993,61,0.06791526948643178,101,0.3923878248503997,61,0.07220309533377522,107,0.39238782485039925,61,0.06829955025088785,98,0.39238782485039847,61,0.06014262993181718,78,0.3923878248503988,61,0.05558916095328037,70,0.3923878248503988,61,0.051131900718437095,64,0.3923878248503994,61,0.06523087953041218,119,0.39238782485039925,56,0.06837827130902163,101,0.3923878248503994,61,0.06891541746773389,102,0.3923878248503996,61,0.06631601286776456,92,0.3923878248503988,61,0.06372132379577311,86,0.3923878248503989,61,0.06778690074463445,100,0.39238782485039925,61
"(184, 201)",0.17097853910168237,433,0.28188546237810974,170,0.16649915435516272,424,0.28921459048809717,163,0.17945784390206154,453,0.27432329425297897,183,0.20986365021876363,510,0.2459927213024065,218,0.22958212843081238,537,0.2297164430997463,246,0.26223547963456206,560,0.205523898554573,283,0.16170448739305,408,0.29303958759270243,157,0.17328037892716286,435,0.2802645975508335,174,0.17443776643972864,439,0.2792791882277002,173,0.18313769029171456,462,0.27082218839640426,187,0.19236324421792694,484,0.26207168063639136,195,0.19167403467135713,480,0.2613888494590516,195,0.17522373487134335,440,0.27742721766985623,178,0.16677974591071643,424,0.28896825432667683,163,0.17830647745578154,452,0.27553768728330325,183,0.2135448584118984,517,0.2423932992150765,220,0.23689056898024097,545,0.2237127622610951,254,0.2643596256346141,561,0.20451126186808172,283,0.19160414096649891,457,0.26246130759602787,166,0.17423382529945686,434,0.2787131246873229,175,0.1720830282924969,433,0.280985997573633,171,0.1840308040194102,461,0.269069684174942,188,0.19173248015948952,487,0.26069461437006275,196,0.17733210977638736,443,0.2756863415597625,182
"(253, 100)",0.1703291099068034,428,0.22009549516147375,254,0.17343929561613214,438,0.22266906138754836,257,0.17206196278482466,432,0.221657504415402,257,0.16665013879348112,417,0.2228547232021614,254,0.16641616379633095,419,0.22314712558899077,256,0.1674246795674844,420,0.2218803340047936,258,0.172901128231153,433,0.22178357793047065,253,0.17511385380360955,440,0.22112403887464152,256,0.1746294871397025,441,0.22103235142843974,259,0.171391639092201,429,0.22213393884173185,258,0.172883182012034,434,0.2228904746354698,255,0.17481959561766347,435,0.2212703172630832,261,0.1662254682440879,422,0.22016247811274064,255,0.17362965346741976,439,0.22270654639366233,257,0.17292416531956545,433,0.22158267829179198,257,0.16734875626987789,416,0.22210516873653147,258,0.1681855170549924,421,0.22211862954324532,261,0.16497669699599649,416,0.2223710790937157,255,0.10696514206091168,235,0.2227038776890277,223,0.17526966903012653,438,0.22072590469081813,256,0.17571781969875455,446,0.21997545724411408,261,0.17269693331707647,429,0.2212036675674732,261,0.17578148877189337,440,0.22000678699744933,259,0.17557949246724402,433,0.2202329782513652,262
"(253, 184)",0.08852388013996304,169,0.2737498976471859,185,0.08654050978331895,159,0.2807388796439584,174,0.08741219401872136,166,0.27779220598035664,175,0.09094104154393734,177,0.27271169432955944,185,0.09109744911956197,177,0.2727853611021546,185,0.09042559159471142,179,0.27245504256946157,188,0.08687986032255268,165,0.27896879286339377,174,0.08549467126690491,158,0.2808211269968554,170,0.08579562265565244,158,0.28011733977160913,172,0.08784023140584662,166,0.27757497187962954,177,0.08689120401433115,164,0.2803391936249851,174,0.08567735227655715,161,0.28064965760574395,173,0.09122516645340972,179,0.2689083400049881,187,0.08642085602531413,161,0.2810184030010007,172,0.08686530132189552,164,0.27874404196068403,173,0.09047596128310786,177,0.27263928012108574,185,0.08992269779921946,176,0.2736684553077445,186,0.09206691562218561,182,0.27009588878914587,187,0.14495598103150864,356,0.20124718915742576,250,0.08539812623245036,156,0.28050425090494413,174,0.08512116951878368,154,0.28009174144002374,175,0.08700903536280724,164,0.2779920741600477,177,0.08508190889911982,157,0.28020855014432455,173,0.08520654136351413,163,0.2802523755751188,174
"(100, 157)",0.06565396269996837,93,0.3782959378116594,72,0.06739427305950807,97,0.378295937811659,72,0.06630972528589496,88,0.3782959378116604,72,0.06570732288075698,93,0.3782959378116572,72,0.06577979362252284,94,0.3782959378116588,72,0.06570843995479614,92,0.3782959378116568,72,0.06682278378758233,97,0.37829593781165866,72,0.06702505407623005,93,0.37829593781165843,72,0.06678673395891044,94,0.3782959378116585,72,0.0667445079896164,97,0.3782959378116586,72,0.0672789860988956,96,0.37829593781165805,72,0.06710581626937173,96,0.378295937811659,72,0.06470942919832945,93,0.37829593781165866,72,0.06744607621548915,96,0.3782959378116574,72,0.06646219144808962,89,0.3782959378116575,72,0.06561220354925212,94,0.37829593781165755,72,0.0657423053587406,96,0.3782959378116599,72,0.06568893147779997,93,0.3782959378116572,72,0.053085172828226,98,0.3782959378116588,65,0.06678168195178258,92,0.3782959378116586,72,0.06664581777841683,92,0.3782959378116596,72,0.06664341873239166,95,0.3782959378116581,72,0.06679117645138077,96,0.3782959378116593,72,0.06697388381951419,97,0.37829593781165916,72
"(100, 161)",0.1499297791046763,378,0.28447219326071044,167,0.1498370532559421,382,0.2866252204534089,168,0.15054765603147424,385,0.2847475582444477,166,0.14840357806011695,375,0.28579619612458645,167,0.1482036326884547,375,0.2860491959360235,166,0.14794995642302067,376,0.28617408232587815,165,0.1509520740320669,379,0.28502579411372575,167,0.15207854527771913,382,0.2843424195547207,166,0.15182415894614154,387,0.2842681441966743,165,0.15007714643569137,382,0.28565311865706766,164,0.150599315581333,380,0.28585807596315277,164,0.15134803790577456,383,0.28503652069731034,167,0.14820096987176135,373,0.28476188468798297,165,0.14980612318820685,379,0.2867124721357717,168,0.15096184341614505,386,0.28458904637687793,166,0.14855669188297882,373,0.2855550114690164,167,0.14905224920728988,375,0.285301308921909,167,0.14598104621902996,368,0.2877956107208795,164,0.13049993922030434,316,0.2849680750632515,147,0.15188321613055034,381,0.284213868749442,167,0.1523666358741087,387,0.28365833389516165,168,0.1509334389796061,385,0.28482790670483965,165,0.15224023999423497,385,0.2839335156660109,166,0.1514520643930639,382,0.2847947348681866,167
"(100, 253)",0.21563987742589075,518,0.23800578583610366,224,0.21133956990462455,519,0.24242705608821982,219,0.213135390397857,525,0.24021260887224705,225,0.21755810687946675,525,0.23688398932503435,229,0.21764102165451849,525,0.23690554958576496,229,0.21817266885834607,528,0.23651033579860567,229,0.21130654525847614,520,0.24187220444821944,217,0.20933658146050982,516,0.24331856179514996,220,0.21026047453534358,516,0.24249381217772398,221,0.21265441095429516,520,0.2409494657691737,224,0.21062674171145135,520,0.24275997282994555,222,0.21008198726929173,515,0.24292894746921717,222,0.22046524014152435,521,0.234130015750503,227,0.2112511001069618,518,0.2425348625034571,219,0.21220298622741662,525,0.2409473691353808,222,0.21759828632616973,525,0.23676469455651675,229,0.21658932394840824,521,0.23751141923884203,228,0.2209383839477942,526,0.23481488580478382,230,0.2862136442579074,544,0.1885570359803931,271,0.21019650830571457,517,0.24252902130743406,219,0.2099108108851392,514,0.24257167194515022,221,0.21178238277475825,520,0.2413930405051556,223,0.20971062486077763,514,0.24284520642283974,221,0.21027586615267424,516,0.24267328020390436,223
"(157, 176)",0.133817168990235,336,0.3419189210609731,106,0.13381716899023344,332,0.3419189210609722,106,0.13381716899023566,334,0.34191892106097194,107,0.13381716899023532,323,0.3419189210609715,107,0.1338171689902341,325,0.3419189210609733,106,0.1338171689902341,324,0.3419189210609735,107,0.13381716899023388,327,0.3419189210609732,107,0.1338171689902341,334,0.3419189210609727,107,0.1338171689902341,328,0.34191892106097277,106,0.13381716899023388,325,0.34191892106097316,106,0.1338171689902341,322,0.341918921060973,106,0.133817168990234,321,0.3419189210609729,107,0.133817168990234,332,0.3419189210609734,106,0.1338171689902341,332,0.34191892106097477,106,0.13381716899023233,333,0.3419189210609756,106,0.13381716899023532,325,0.34191892106097227,107,0.13381716899023466,323,0.3419189210609722,108,0.13381716899023466,324,0.3419189210609719,108,0.133817168990234,327,0.34191892106097327,94,0.13381716899023344,329,0.3419189210609732,106,0.13381716899023433,330,0.3419189210609734,106,0.13381716899023455,322,0.3419189210609724,107,0.13381716899023455,322,0.3419189210609727,107,0.13381716899023433,327,0.34191892106097294,108
"(157, 100)",0.11657890201969345,257,0.358003352370833,92,0.11657890201969479,259,0.3580033523708294,92,0.1165789020196929,259,0.35800335237083286,92,0.11657890201969323,263,0.35800335237083164,92,0.11657890201969423,260,0.3580033523708316,92,0.11657890201969423,264,0.35800335237083175,92,0.11657890201969456,258,0.3580033523708308,92,0.11657890201969412,257,0.35800335237083114,91,0.11657890201969423,261,0.358003352370831,91,0.11657890201969456,262,0.3580033523708308,93,0.11657890201969412,260,0.3580033523708315,93,0.11657890201969434,264,0.3580033523708308,93,0.11657890201969423,259,0.3580033523708314,91,0.11657890201969412,260,0.3580033523708333,92,0.1165789020196959,258,0.35800335237083075,92,0.11657890201969323,263,0.3580033523708324,92,0.11657890201969368,261,0.3580033523708316,92,0.11657890201969356,266,0.3580033523708313,92,0.11657890201969423,263,0.3580033523708313,83,0.11657890201969479,258,0.3580033523708303,91,0.1165789020196939,259,0.35800335237083214,91,0.1165789020196939,265,0.3580033523708312,92,0.1165789020196939,267,0.3580033523708317,92,0.11657890201969412,260,0.35800335237083153,93
"(176, 162)",0.07870839555655595,134,0.4559216456979943,41,0.07870839555655595,133,0.4559216456979949,42,0.07870839555655651,134,0.45592164569799487,41,0.07870839555655706,137,0.45592164569799354,42,0.07870839555655651,141,0.4559216456979938,41,0.07870839555655595,137,0.4559216456979946,41,0.07870839555655651,134,0.4559216456979937,41,0.07870839555655684,134,0.45592164569799387,42,0.07870839555655595,135,0.4559216456979938,41,0.0787083955565564,136,0.45592164569799415,41,0.07870839555655618,134,0.45592164569799426,42,0.07870839555655651,135,0.4559216456979943,41,0.07870839555655651,135,0.4559216456979934,42,0.07870839555655751,134,0.45592164569799326,42,0.07870839555655573,134,0.45592164569799376,41,0.07870839555655584,139,0.4559216456979958,41,0.07870839555655706,141,0.45592164569799193,42,0.07870839555655584,137,0.45592164569799626,41,0.07870839555655618,152,0.45592164569799437,37,0.07870839555655618,134,0.455921645697994,41,0.0787083955565564,134,0.45592164569799465,41,0.07870839555655618,134,0.4559216456979945,41,0.07870839555655651,131,0.455921645697994,41,0.07870839555655618,135,0.45592164569799476,41
"(176, 157)",0.18660457672149477,471,0.3419189210609722,107,0.18660457672149455,467,0.34191892106097277,105,0.1866045767214939,472,0.3419189210609739,106,0.186604576721493,468,0.3419189210609742,106,0.1866045767214939,462,0.34191892106097305,107,0.18660457672149477,465,0.34191892106097255,108,0.1866045767214939,470,0.341918921060973,108,0.18660457672149322,469,0.3419189210609741,106,0.18660457672149455,470,0.34191892106097194,107,0.1866045767214941,469,0.34191892106097316,107,0.18660457672149444,469,0.3419189210609729,107,0.18660457672149378,465,0.34191892106097366,106,0.18660457672149366,471,0.34191892106097316,107,0.1866045767214921,466,0.34191892106097516,105,0.18660457672149522,471,0.341918921060971,107,0.1866045767214951,465,0.3419189210609728,106,0.18660457672149278,462,0.34191892106097316,107,0.186604576721495,465,0.3419189210609733,107,0.18660457672149444,445,0.3419189210609727,95,0.18660457672149444,466,0.3419189210609724,107,0.1866045767214941,473,0.3419189210609734,107,0.18660457672149444,472,0.3419189210609728,106,0.18660457672149378,470,0.34191892106097327,106,0.18660457672149433,467,0.3419189210609733,107
"(162, 163)",0.19301585693090695,489,0.33298548554484975,113,0.1930158569309086,484,0.3329854855448495,115,0.19301585693090684,490,0.33298548554484925,112,0.19301585693090761,484,0.33298548554484897,112,0.19301585693090761,484,0.3329854855448486,113,0.1930158569309064,482,0.3329854855448503,113,0.19301585693090695,486,0.33298548554484986,113,0.1930158569309075,482,0.33298548554485,114,0.19301585693090695,487,0.33298548554484897,112,0.19301585693090695,485,0.33298548554484936,113,0.19301585693090728,487,0.3329854855448499,112,0.19301585693090706,487,0.33298548554484997,113,0.19301585693090906,487,0.3329854855448493,113,0.1930158569309095,483,0.33298548554484764,115,0.1930158569309075,492,0.33298548554484747,113,0.19301585693090761,484,0.332985485544848,113,0.19301585693090995,479,0.33298548554484675,114,0.19301585693090684,483,0.33298548554485036,114,0.1930158569309075,460,0.33298548554484964,101,0.19301585693090706,484,0.3329854855448496,113,0.19301585693090706,487,0.33298548554485,112,0.19301585693090706,489,0.33298548554484997,112,0.19301585693090695,490,0.3329854855448499,112,0.19301585693090695,487,0.3329854855448501,114
"(162, 176)",0.07519661048536264,117,0.4559216456979934,42,0.07519661048536164,119,0.4559216456979963,41,0.07519661048536264,120,0.4559216456979925,42,0.07519661048536208,122,0.45592164569799387,41,0.0751966104853623,123,0.4559216456979931,42,0.07519661048536275,125,0.45592164569799365,42,0.07519661048536264,120,0.4559216456979936,42,0.0751966104853623,121,0.455921645697995,41,0.07519661048536264,121,0.4559216456979924,42,0.07519661048536253,120,0.4559216456979933,42,0.0751966104853623,119,0.45592164569799437,41,0.07519661048536253,119,0.4559216456979942,42,0.07519661048536141,119,0.45592164569799687,41,0.0751966104853613,119,0.45592164569799526,41,0.0751966104853623,118,0.4559216456979915,42,0.07519661048536208,122,0.45592164569799254,42,0.07519661048536097,126,0.4559216456979949,41,0.07519661048536264,124,0.4559216456979939,42,0.0751966104853623,143,0.45592164569799437,38,0.07519661048536253,121,0.4559216456979937,42,0.07519661048536253,121,0.45592164569799437,42,0.07519661048536253,118,0.45592164569799415,42,0.07519661048536253,118,0.4559216456979939,42,0.07519661048536253,119,0.45592164569799415,42
"(163, 148)",0.07316880864147657,111,0.46314326698355374,40,0.07316880864147657,110,0.4631432669835541,39,0.07316880864147646,110,0.4631432669835525,39,0.07316880864147646,115,0.46314326698355224,39,0.07316880864147701,114,0.46314326698355285,40,0.07316880864147679,115,0.463143266983553,40,0.07316880864147646,111,0.4631432669835542,39,0.07316880864147679,110,0.46314326698355346,40,0.07316880864147635,111,0.4631432669835533,40,0.07316880864147646,109,0.4631432669835539,39,0.07316880864147646,111,0.46314326698355446,40,0.07316880864147612,112,0.46314326698355496,39,0.07316880864147612,112,0.46314326698355374,40,0.07316880864147568,110,0.46314326698355573,39,0.07316880864147768,111,0.4631432669835516,40,0.07316880864147768,114,0.4631432669835511,40,0.07316880864147657,116,0.4631432669835544,40,0.07316880864147612,114,0.46314326698355546,39,0.07316880864147646,136,0.4631432669835539,35,0.07316880864147657,110,0.46314326698355346,40,0.07316880864147612,113,0.4631432669835547,39,0.07316880864147646,109,0.46314326698355357,39,0.07316880864147646,111,0.46314326698355407,39,0.07316880864147657,111,0.4631432669835542,39
"(163, 162)",0.19687752343046605,495,0.3329854855448501,112,0.19687752343046605,493,0.3329854855448504,114,0.1968775234304665,499,0.33298548554484886,113,0.19687752343046627,491,0.3329854855448487,113,0.19687752343046583,492,0.33298548554485,112,0.19687752343046594,494,0.3329854855448498,114,0.1968775234304666,495,0.33298548554484975,114,0.19687752343046594,494,0.33298548554485025,113,0.19687752343046694,495,0.33298548554484886,113,0.1968775234304666,497,0.33298548554484964,112,0.1968775234304666,495,0.33298548554484986,113,0.19687752343046727,496,0.33298548554484936,114,0.19687752343046716,493,0.33298548554484886,114,0.19687752343046794,494,0.332985485544849,114,0.19687752343046427,499,0.3329854855448511,112,0.1968775234304645,493,0.33298548554485063,112,0.19687752343046605,490,0.3329854855448506,113,0.19687752343046727,495,0.33298548554484986,115,0.1968775234304665,469,0.3329854855448498,100,0.1968775234304665,495,0.3329854855448496,114,0.19687752343046727,495,0.3329854855448493,113,0.1968775234304666,497,0.33298548554484947,113,0.1968775234304665,497,0.3329854855448498,113,0.19687752343046627,494,0.33298548554485013,113
"(148, 188)",0.07336539739240777,112,0.5859833097927494,14,0.073365397392408,111,0.5859833097927479,14,0.07336539739240722,111,0.5859833097927504,14,0.07336539739240766,117,0.5859833097927482,14,0.07336539739240788,116,0.585983309792748,14,0.07336539739240766,116,0.5859833097927496,14,0.07336539739240777,113,0.5859833097927488,14,0.07336539739240788,112,0.5859833097927495,14,0.07336539739240777,112,0.585983309792748,14,0.07336539739240777,110,0.5859833097927484,14,0.073365397392408,112,0.5859833097927487,14,0.07336539739240788,113,0.5859833097927486,14,0.07336539739240788,113,0.5859833097927486,14,0.07336539739240755,112,0.5859833097927494,14,0.07336539739240733,112,0.5859833097927508,14,0.07336539739240844,115,0.5859833097927474,14,0.07336539739240822,118,0.5859833097927484,14,0.07336539739240777,115,0.5859833097927489,14,0.07336539739240777,137,0.5859833097927488,10,0.07336539739240788,112,0.5859833097927486,14,0.07336539739240766,114,0.5859833097927495,14,0.073365397392408,110,0.5859833097927476,14,0.07336539739240788,112,0.5859833097927487,14,0.07336539739240777,113,0.5859833097927494,14
"(148, 55)",0.20529003698744197,506,0.39084630800766545,63,0.20529003698744175,507,0.3908463080076655,63,0.20529003698744175,510,0.3908463080076656,63,0.2052900369874412,504,0.39084630800766534,63,0.20529003698744175,502,0.3908463080076652,63,0.20529003698744197,505,0.39084630800766557,63,0.20529003698744186,508,0.3908463080076653,64,0.2052900369874422,510,0.3908463080076657,63,0.20529003698744197,507,0.39084630800766473,64,0.20529003698744197,509,0.390846308007665,64,0.2052900369874422,510,0.39084630800766534,63,0.20529003698744175,508,0.39084630800766557,63,0.20529003698744175,504,0.39084630800766557,63,0.20529003698744197,506,0.3908463080076651,63,0.20529003698744197,511,0.39084630800766595,63,0.20529003698744108,503,0.3908463080076663,63,0.2052900369874413,502,0.3908463080076662,63,0.20529003698744197,507,0.39084630800766534,64,0.20529003698744197,477,0.39084630800766534,58,0.20529003698744175,508,0.39084630800766545,63,0.20529003698744197,506,0.39084630800766545,64,0.20529003698744175,508,0.3908463080076651,64,0.20529003698744197,507,0.39084630800766523,63,0.2052900369874422,508,0.3908463080076654,63
"(148, 163)",0.14365558803626288,362,0.4631432669835539,39,0.14365558803626244,364,0.46314326698355396,40,0.14365558803626377,363,0.46314326698355246,40,0.14365558803626344,358,0.463143266983552,40,0.14365558803626288,363,0.4631432669835531,39,0.14365558803626288,363,0.46314326698355407,39,0.14365558803626288,358,0.46314326698355346,40,0.14365558803626244,361,0.46314326698355485,39,0.14365558803626266,363,0.46314326698355335,39,0.14365558803626288,362,0.4631432669835533,40,0.14365558803626222,362,0.4631432669835547,39,0.14365558803626255,364,0.46314326698355407,40,0.14365558803626244,358,0.4631432669835542,39,0.1436555880362631,364,0.46314326698355307,40,0.14365558803626355,363,0.46314326698355324,39,0.14365558803626222,355,0.46314326698355474,39,0.14365558803626244,360,0.46314326698355446,39,0.14365558803626288,364,0.4631432669835537,40,0.14365558803626288,352,0.4631432669835537,36,0.14365558803626266,362,0.4631432669835539,39,0.14365558803626288,361,0.46314326698355385,40,0.14365558803626266,365,0.46314326698355335,40,0.14365558803626266,361,0.4631432669835539,40,0.14365558803626266,359,0.4631432669835542,40
"(188, 47)",0.09843586132138316,195,0.7067879791599789,3,0.09843586132138316,195,0.7067879791599798,3,0.09843586132138338,195,0.7067879791599777,3,0.09843586132138349,199,0.7067879791599779,3,0.09843586132138349,198,0.7067879791599784,3,0.0984358613213836,201,0.7067879791599774,3,0.09843586132138349,199,0.7067879791599793,3,0.09843586132138349,200,0.7067879791599794,3,0.09843586132138349,200,0.7067879791599782,3,0.09843586132138349,195,0.7067879791599785,3,0.09843586132138349,197,0.7067879791599779,3,0.09843586132138349,200,0.7067879791599787,3,0.0984358613213836,196,0.7067879791599786,3,0.09843586132138415,193,0.7067879791599774,3,0.09843586132138349,194,0.7067879791599804,3,0.09843586132138293,197,0.706787979159981,3,0.09843586132138338,203,0.7067879791599806,3,0.09843586132138349,204,0.7067879791599796,3,0.09843586132138338,207,0.706787979159979,2,0.09843586132138349,202,0.7067879791599779,3,0.09843586132138338,199,0.706787979159979,3,0.0984358613213836,196,0.7067879791599778,3,0.0984358613213836,200,0.7067879791599779,3,0.09843586132138349,199,0.7067879791599787,3
"(188, 148)",0.15595880709057086,397,0.6062758952335752,13,0.15595880709057086,399,0.606275895233576,13,0.15595880709057064,398,0.6062758952335747,13,0.1559588070905702,397,0.6062758952335758,13,0.15595880709057053,398,0.6062758952335756,13,0.1559588070905702,396,0.6062758952335756,13,0.15595880709057064,392,0.6062758952335761,13,0.15595880709057053,393,0.6062758952335765,13,0.1559588070905702,393,0.6062758952335761,13,0.15595880709057053,399,0.6062758952335757,13,0.15595880709057042,397,0.6062758952335757,13,0.15595880709057053,395,0.606275895233576,13,0.1559588070905702,398,0.6062758952335764,13,0.15595880709056953,400,0.6062758952335777,13,0.15595880709057064,397,0.6062758952335772,13,0.1559588070905712,398,0.6062758952335761,13,0.15595880709057086,396,0.606275895233577,13,0.15595880709057053,397,0.6062758952335766,13,0.15595880709057064,386,0.606275895233576,9,0.15595880709057042,392,0.6062758952335757,13,0.15595880709057053,392,0.6062758952335761,13,0.1559588070905702,399,0.606275895233576,13,0.1559588070905702,397,0.606275895233576,13,0.1559588070905702,396,0.6062758952335764,13
"(47, 40)",0.13572977564134148,339,0.6493183797498011,10,0.13572977564134148,339,0.649318379749802,10,0.13572977564134148,339,0.6493183797498028,10,0.13572977564134214,331,0.6493183797497997,10,0.13572977564134214,332,0.6493183797498001,10,0.1357297756413418,331,0.6493183797497999,10,0.13572977564134148,336,0.6493183797498006,10,0.1357297756413416,341,0.6493183797498012,10,0.1357297756413418,333,0.6493183797498002,10,0.1357297756413418,332,0.6493183797498007,10,0.13572977564134148,329,0.6493183797498007,10,0.1357297756413418,330,0.6493183797498006,10,0.13572977564134203,339,0.649318379749801,10,0.1357297756413418,338,0.6493183797497998,10,0.13572977564134225,340,0.6493183797497998,10,0.1357297756413416,329,0.6493183797498027,10,0.1357297756413418,328,0.6493183797498018,10,0.13572977564134148,334,0.6493183797498019,10,0.0006761640462693563,23,0.6493183797498013,6,0.1357297756413418,340,0.6493183797498004,10,0.1357297756413416,335,0.6493183797498011,10,0.1357297756413416,326,0.6493183797498003,10,0.1357297756413418,328,0.6493183797498009,10,0.1357297756413416,331,0.649318379749801,10
"(47, 188)",0.1148511471806235,252,0.6864953937191508,4,0.1148511471806235,254,0.6864953937191515,4,0.1148511471806235,252,0.6864953937191522,4,0.11485114718062284,256,0.6864953937191514,4,0.11485114718062306,253,0.6864953937191517,4,0.11485114718062328,257,0.6864953937191505,4,0.1148511471806235,249,0.6864953937191502,4,0.11485114718062339,249,0.6864953937191512,4,0.11485114718062328,256,0.6864953937191507,4,0.11485114718062328,253,0.6864953937191512,4,0.1148511471806235,256,0.6864953937191499,4,0.11485114718062328,258,0.6864953937191512,4,0.11485114718062306,251,0.6864953937191524,4,0.11485114718062328,254,0.6864953937191501,4,0.11485114718062273,252,0.686495393719152,4,0.11485114718062339,259,0.6864953937191529,4,0.11485114718062328,257,0.6864953937191524,4,0.1148511471806235,256,0.6864953937191514,4,0.7591222587322481,600,0.062474743118753166,561,0.11485114718062328,251,0.686495393719151,4,0.11485114718062328,254,0.6864953937191514,4,0.11485114718062339,260,0.6864953937191505,4,0.11485114718062328,257,0.6864953937191517,4,0.11485114718062339,253,0.6864953937191511,4
"(40, 4)",0.18266265081318078,464,0.6761585450454447,5,0.18266265081318078,459,0.6761585450454441,5,0.18266265081318123,461,0.6761585450454443,6,0.1826626508131809,455,0.6761585450454443,5,0.18266265081318078,451,0.6761585450454447,5,0.1826626508131809,453,0.6761585450454447,5,0.18266265081318078,455,0.6761585450454445,5,0.18266265081318078,459,0.6761585450454453,5,0.18266265081318078,461,0.6761585450454441,5,0.182662650813181,458,0.6761585450454443,6,0.1826626508131809,455,0.6761585450454443,6,0.18266265081318078,456,0.6761585450454451,5,0.182662650813181,462,0.6761585450454441,5,0.18266265081318056,460,0.6761585450454446,5,0.1826626508131809,460,0.6761585450454439,5,0.18266265081318078,456,0.676158545045445,5,0.1826626508131809,451,0.6761585450454447,6,0.182662650813181,454,0.6761585450454446,5,0.08522227477372268,173,0.6761585450454445,3,0.182662650813181,458,0.6761585450454443,5,0.1826626508131809,462,0.6761585450454447,6,0.182662650813181,456,0.676158545045444,6,0.18266265081318123,457,0.6761585450454437,6,0.182662650813181,453,0.6761585450454446,5
"(40, 44)",0.06214794001118107,87,1.0,1,0.06214794001118096,82,1.0,1,0.06214794001118129,81,1.0,1,0.06214794001118096,82,0.9999999999999999,1,0.06214794001118107,83,1.0,1,0.06214794001118107,84,0.9999999999999999,1,0.06214794001118096,85,1.0,1,0.06214794001118129,84,1.0,1,0.06214794001118096,82,1.0,1,0.06214794001118107,78,0.9999999999999999,1,0.06214794001118096,81,1.0,1,0.06214794001118129,80,1.0,1,0.06214794001118107,89,1.0,1,0.06214794001118096,82,1.0,1,0.06214794001118096,81,1.0,1,0.06214794001118129,82,1.0,1,0.06214794001118107,84,1.0,1,0.06214794001118107,84,1.0,1,0.013838991061851269,48,1.0,1,0.06214794001118107,82,1.0,1,0.06214794001118107,81,1.0,1,0.06214794001118107,79,1.0,1,0.06214794001118096,80,1.0,1,0.06214794001118129,84,1.0,1
"(40, 47)",0.18627252065283295,470,0.6696109651906279,7,0.18627252065283328,466,0.669610965190627,7,0.1862725206528324,470,0.6696109651906291,7,0.18627252065283295,467,0.6696109651906277,7,0.18627252065283306,460,0.6696109651906276,7,0.18627252065283273,464,0.6696109651906287,7,0.18627252065283328,469,0.6696109651906273,7,0.18627252065283295,467,0.6696109651906281,7,0.1862725206528335,467,0.6696109651906266,7,0.18627252065283295,467,0.669610965190628,7,0.18627252065283306,467,0.6696109651906275,7,0.18627252065283273,464,0.6696109651906289,7,0.18627252065283273,470,0.6696109651906286,7,0.1862725206528335,465,0.6696109651906265,7,0.18627252065283328,470,0.6696109651906267,7,0.18627252065283295,463,0.6696109651906283,7,0.18627252065283273,460,0.6696109651906285,7,0.18627252065283273,464,0.6696109651906285,7,0.8327900447307022,601,0.062474743118753166,562,0.18627252065283295,465,0.6696109651906278,7,0.18627252065283295,471,0.6696109651906282,7,0.18627252065283273,470,0.6696109651906285,7,0.18627252065283295,469,0.6696109651906277,7,0.18627252065283262,466,0.669610965190629,7
"(4, 40)",9.999999999998899e-05,2,0.6761585450454443,6,9.999999999998899e-05,2,0.676158545045444,6,9.999999999998899e-05,2,0.6761585450454446,5,9.999999999998899e-05,2,0.6761585450454435,6,9.999999999998899e-05,2,0.6761585450454439,6,9.999999999998899e-05,2,0.6761585450454444,6,9.999999999998899e-05,2,0.6761585450454444,6,9.999999999998899e-05,2,0.6761585450454449,6,9.999999999998899e-05,2,0.6761585450454437,6,9.999999999998899e-05,2,0.6761585450454444,5,9.999999999998899e-05,2,0.6761585450454444,5,9.999999999998899e-05,2,0.6761585450454446,6,9.999999999998899e-05,2,0.6761585450454434,6,9.999999999998899e-05,2,0.6761585450454433,6,9.999999999998899e-05,2,0.6761585450454439,6,9.999999999998899e-05,2,0.6761585450454444,6,9.999999999998899e-05,2,0.676158545045445,5,9.999999999998899e-05,2,0.6761585450454446,6,9.999999999998899e-05,1,0.062474743118753166,563,9.999999999998899e-05,2,0.6761585450454439,6,9.999999999998899e-05,2,0.6761585450454449,5,9.999999999998899e-05,2,0.6761585450454443,5,9.999999999998899e-05,2,0.6761585450454446,5,9.999999999998899e-05,2,0.6761585450454446,6
"(5, 166)",0.1658013294787284,419,0.06900346036684991,581,0.16813789110923294,428,0.07626188902875208,573,0.1825892332354242,459,0.07691366717324531,572,0.1804989066908368,452,0.07577508374458987,572,0.1887128598310579,471,0.07814149072026352,563,0.1944930153589962,488,0.08107609056394358,549,0.16921797558058826,425,0.0695478555229912,581,0.17126463675134096,431,0.07418538387861902,575,0.19092166364435925,480,0.07555490889602405,574,0.1908604447322726,479,0.0780664605923365,567,0.18673182155311507,471,0.08134945693959697,552,0.1927228238405696,482,0.08315100065729922,539,0.16590397750786867,420,0.0686818567031115,581,0.17144045161635502,436,0.0752008631162946,575,0.18346464164719634,464,0.07733833522409553,570,0.18033542399689284,449,0.07560841970986097,572,0.19072816938993475,472,0.07700137242859337,565,0.19875411795297127,499,0.07967713109687428,554,0.1778399639697088,428,0.0625862805748973,556,0.1753172191121266,439,0.07327043408698211,577,0.18943022979209123,478,0.07524806453715613,575,0.19154311870814578,486,0.07568311978996252,574,0.19746269180348452,501,0.07478573922507552,571,0.2105496268699295,517,0.07580542755237475,566
"(5, 127)",0.09151001056849362,180,0.08412220952687506,525,0.08995407799231026,170,0.09394113545482229,501,0.08100511037020652,145,0.10084578885274412,488,0.0822318428679234,150,0.09847771035001514,489,0.07753297904122258,135,0.1051122583581158,467,0.07441339961023641,120,0.11168043245972352,438,0.0892456592802815,172,0.0860802542192769,515,0.08792161227533968,167,0.0926493477917906,504,0.0763233431640945,126,0.10256408134958384,482,0.07635657312522193,127,0.10594675442435282,460,0.07863686761879696,133,0.10853055754889927,452,0.07535310812661944,122,0.11371335503350216,436,0.0914409751173384,181,0.08376848806688741,528,0.08780897725153225,164,0.09398984924029209,500,0.08049776867554481,140,0.10177731686812114,487,0.08232870418172111,150,0.09819289915011534,490,0.07642843012816902,133,0.10444438563962473,470,0.07220608643170912,110,0.11166432999571681,438,0.08382409931365331,168,0.08042035108823546,507,0.08536868948582321,155,0.09313310537988156,498,0.07713769359741485,128,0.10152107615706386,482,0.07598695959722357,121,0.1030010190952482,477,0.07286704080177786,108,0.10426457186081507,463,0.06647427129108996,93,0.11132702371876092,441
"(34, 122)",0.018753699873624408,34,0.2925826783963808,157,0.018755702487729176,34,0.29258267839638036,161,0.018689575716978934,33,0.2925826783963778,159,0.018632339931152875,33,0.29258267839638,160,0.01864465029843776,33,0.29258267839638036,159,0.018630059833580903,32,0.2925826783963824,158,0.018736099129427197,35,0.29258267839638147,159,0.01871161115125508,34,0.29258267839638097,158,0.018642754687175023,33,0.292582678396381,156,0.018635240045797974,33,0.2925826783963812,156,0.018643200841030216,33,0.2925826783963811,155,0.01862650629007323,33,0.2925826783963814,156,0.018721279558193693,34,0.29258267839638136,157,0.018760500630399357,34,0.2925826783963814,161,0.018694086027486678,33,0.29258267839638175,159,0.018648803355293397,33,0.29258267839638213,160,0.01865202954786338,33,0.2925826783963796,160,0.018641662571473927,32,0.29258267839637997,158,0.01876509632676182,57,0.29258267839638147,136,0.018685054910566823,34,0.2925826783963806,158,0.01863556085315876,33,0.2925826783963816,155,0.018628912220130522,33,0.2925826783963815,156,0.018637426846255356,33,0.29258267839638125,156,0.018638589022482943,33,0.2925826783963811,159
"(34, 41)",0.05859559663713576,80,0.22750320928291518,246,0.05859962051051837,77,0.2275032092829153,251,0.05846668363363006,74,0.2275032092829157,249,0.05835150758437846,74,0.22750320928291481,249,0.05837628871628153,77,0.22750320928291426,251,0.05834691714602913,75,0.22750320928291445,248,0.05856022577878095,80,0.22750320928291481,248,0.05851099773091206,79,0.22750320928291465,250,0.05837247311224292,75,0.22750320928291495,252,0.05835734603922238,73,0.2275032092829146,250,0.05837337116881125,72,0.22750320928291512,252,0.05833976259142837,74,0.2275032092829148,251,0.05853043636443367,82,0.22750320928291531,246,0.05860926094876606,77,0.2275032092829137,253,0.05847575530445015,74,0.22750320928291326,249,0.05838464784343944,75,0.22750320928291612,249,0.05839114102834486,77,0.22750320928291326,251,0.058370274781530895,76,0.2275032092829154,247,0.05861849394395202,106,0.22750320928291493,221,0.05845759019854879,76,0.22750320928291454,250,0.05835799186579882,76,0.22750320928291504,252,0.05834460663392593,73,0.2275032092829149,252,0.05836174828487484,74,0.22750320928291487,250,0.05836408779803115,75,0.2275032092829148,254
"(34, 151)",0.4083426085826307,593,0.0837296528937106,528,0.40829622845209546,593,0.08374108402149873,536,0.4098322268353216,593,0.08336331604797108,539,0.41116926588475766,592,0.0830358229741022,542,0.41088109808162987,592,0.08310630138910093,542,0.41122267555680825,592,0.08302276667554744,539,0.40875060488673687,593,0.08362916087942818,529,0.4093193491467897,593,0.08348927074745556,538,0.41092545029216376,593,0.0830954502277568,543,0.41110134897145745,592,0.08305242850849325,542,0.41091501079350423,592,0.08309800422065372,541,0.4113059371890462,592,0.08300241684082757,541,0.4090946432626329,593,0.08354451300089975,529,0.4081851390962181,593,0.08376846993768246,537,0.40972716417500465,593,0.08338910280378,539,0.41078395478342444,592,0.08313007313298978,543,0.4107085172244398,592,0.08314853783301776,543,0.4109510063831793,592,0.08308919832409441,538,0.4080787827004069,571,0.08379469722619788,481,0.4099375777252201,593,0.0833374662915477,535,0.4110938371956129,593,0.08305426531756652,541,0.4112495618380151,592,0.08301619491956479,541,0.41105014895492253,592,0.08306494891476919,537,0.4110229428793414,592,0.08307160260445778,537
"(122, 230)",0.18198858067573565,463,0.19268310914736156,286,0.1819885806757343,458,0.192683109147362,297,0.1819885806757353,458,0.1926831091473615,296,0.18198858067573376,454,0.19268310914736175,296,0.18198858067573487,448,0.19268310914736098,298,0.18198858067573642,451,0.1926831091473605,300,0.18198858067573553,454,0.19268310914736175,288,0.18198858067573465,457,0.1926831091473617,292,0.1819885806757351,460,0.1926831091473614,296,0.1819885806757351,456,0.19268310914736167,294,0.18198858067573442,453,0.19268310914736136,296,0.1819885806757351,452,0.19268310914736178,298,0.1819885806757351,459,0.19268310914736184,288,0.18198858067573698,459,0.19268310914736053,298,0.1819885806757382,458,0.19268310914736075,295,0.1819885806757322,455,0.1926831091473629,294,0.18198858067573398,449,0.19268310914736214,302,0.18198858067573365,452,0.1926831091473619,298,0.18198858067573487,438,0.19268310914736164,265,0.1819885806757351,457,0.19268310914736167,299,0.18198858067573442,461,0.1926831091473618,296,0.18198858067573487,454,0.19268310914736186,297,0.1819885806757363,454,0.1926831091473606,298,0.18198858067573442,452,0.1926831091473618,301
"(122, 34)",0.0813553913923526,141,0.2519975075147273,207,0.08135539139235348,140,0.2519975075147263,211,0.08135539139235282,146,0.2519975075147268,211,0.08135539139235382,148,0.25199750751472544,209,0.08135539139235315,150,0.25199750751472555,211,0.08135539139235215,148,0.2519975075147267,210,0.08135539139235282,143,0.2519975075147272,206,0.08135539139235326,141,0.25199750751472627,210,0.08135539139235304,143,0.2519975075147265,211,0.08135539139235304,144,0.2519975075147267,211,0.08135539139235326,144,0.2519975075147257,213,0.08135539139235315,146,0.2519975075147269,212,0.08135539139235304,144,0.2519975075147271,207,0.08135539139235193,140,0.2519975075147272,210,0.08135539139235126,145,0.25199750751472877,212,0.08135539139235459,147,0.25199750751472527,209,0.0813553913923537,149,0.25199750751472627,211,0.08135539139235382,147,0.2519975075147256,210,0.08135539139235315,160,0.25199750751472644,183,0.08135539139235304,140,0.2519975075147268,209,0.08135539139235326,143,0.2519975075147263,211,0.08135539139235315,143,0.25199750751472677,211,0.08135539139235237,144,0.25199750751472666,212,0.08135539139235326,144,0.2519975075147263,213
"(230, 6)",0.08583649620650402,158,0.24412060072727393,214,0.08583649620650402,156,0.24412060072727407,217,0.08583649620650435,159,0.24412060072727357,218,0.08583649620650535,162,0.24412060072727323,220,0.08583649620650502,162,0.24412060072727332,218,0.08583649620650502,164,0.24412060072727376,218,0.0858364962065048,159,0.24412060072727382,213,0.08583649620650469,159,0.244120600727274,218,0.08583649620650502,159,0.24412060072727343,219,0.08583649620650391,157,0.24412060072727482,220,0.08583649620650502,160,0.2441206007272734,221,0.0858364962065048,162,0.24412060072727385,221,0.08583649620650435,159,0.24412060072727354,213,0.08583649620650524,157,0.24412060072727246,218,0.0858364962065048,160,0.24412060072727226,218,0.08583649620650369,164,0.24412060072727362,219,0.08583649620650546,162,0.24412060072727454,218,0.08583649620650369,162,0.24412060072727462,217,0.0858364962065048,174,0.24412060072727373,191,0.08583649620650524,158,0.2441206007272741,217,0.08583649620650458,156,0.2441206007272742,219,0.08583649620650469,156,0.24412060072727387,219,0.08583649620650502,163,0.2441206007272737,219,0.08583649620650469,166,0.24412060072727443,221
"(230, 122)",0.17456385942208363,440,0.19268310914736078,287,0.17456385942208374,444,0.1926831091473609,298,0.1745638594220833,438,0.19268310914736078,297,0.17456385942208164,436,0.192683109147362,295,0.1745638594220822,434,0.19268310914736161,297,0.1745638594220823,432,0.19268310914736184,299,0.1745638594220824,439,0.19268310914736175,289,0.17456385942208263,439,0.1926831091473617,293,0.1745638594220823,440,0.19268310914736153,295,0.1745638594220842,441,0.19268310914736117,295,0.1745638594220823,438,0.19268310914736153,295,0.1745638594220824,434,0.19268310914736175,299,0.1745638594220833,438,0.1926831091473608,289,0.17456385942208197,443,0.19268310914736111,297,0.1745638594220823,439,0.19268310914736056,296,0.1745638594220843,434,0.19268310914736014,295,0.1745638594220813,431,0.19268310914736325,301,0.1745638594220843,435,0.1926831091473609,299,0.1745638594220824,420,0.19268310914736167,264,0.17456385942208197,436,0.19268310914736234,298,0.17456385942208297,443,0.19268310914736164,297,0.17456385942208297,440,0.19268310914736142,298,0.1745638594220823,432,0.19268310914736173,297,0.17456385942208286,430,0.19268310914736195,300
"(6, 108)",0.07481570021279449,115,0.3352282925578518,109,0.07481570021279271,117,0.3352282925578531,110,0.07481570021279427,117,0.3352282925578501,110,0.07481570021279382,120,0.33522829255785275,109,0.07481570021279405,121,0.3352282925578512,110,0.07481570021279471,122,0.3352282925578504,110,0.07481570021279405,118,0.3352282925578517,110,0.07481570021279405,118,0.3352282925578518,110,0.07481570021279416,119,0.3352282925578509,110,0.07481570021279405,117,0.3352282925578516,109,0.07481570021279416,117,0.33522829255785186,110,0.07481570021279427,117,0.33522829255785147,111,0.07481570021279416,116,0.33522829255785114,111,0.07481570021279282,117,0.33522829255785397,109,0.07481570021279449,116,0.33522829255785214,109,0.07481570021279493,120,0.3352282925578508,110,0.07481570021279271,124,0.3352282925578537,110,0.07481570021279382,122,0.33522829255785214,110,0.07481570021279416,141,0.33522829255785186,97,0.07481570021279382,116,0.33522829255785186,110,0.07481570021279382,118,0.3352282925578526,109,0.07481570021279382,116,0.33522829255785197,109,0.07481570021279416,116,0.33522829255785125,110,0.07481570021279416,117,0.3352282925578518,111
"(6, 230)",0.19373203931421423,492,0.2441206007272747,213,0.1937320393142179,486,0.24412060072727215,218,0.1937320393142148,493,0.24412060072727307,219,0.19373203931421568,486,0.24412060072727396,219,0.19373203931421545,486,0.24412060072727315,219,0.19373203931421412,485,0.24412060072727387,217,0.19373203931421545,489,0.24412060072727362,214,0.19373203931421545,486,0.24412060072727365,219,0.193732039314215,489,0.2441206007272733,220,0.19373203931421545,489,0.2441206007272735,221,0.19373203931421545,489,0.24412060072727376,220,0.1937320393142148,490,0.24412060072727407,220,0.19373203931421545,490,0.24412060072727326,214,0.19373203931421756,485,0.24412060072727304,217,0.19373203931421434,494,0.24412060072727493,217,0.19373203931421357,486,0.2441206007272747,218,0.19373203931421812,483,0.24412060072727232,219,0.19373203931421568,486,0.24412060072727346,218,0.19373203931421545,462,0.24412060072727376,190,0.19373203931421557,489,0.24412060072727346,218,0.19373203931421568,490,0.24412060072727385,220,0.19373203931421568,491,0.2441206007272733,220,0.193732039314215,493,0.24412060072727354,220,0.19373203931421523,489,0.2441206007272738,222
"(107, 81)",0.12335819392761826,287,0.10917597148503445,447,0.1244844020124416,297,0.1144309791998372,445,0.13597321141670315,340,0.11082183127344258,454,0.14154584818531601,350,0.11048716742697223,452,0.141560855052137,351,0.10982964853565859,451,0.15019651000329493,380,0.1094809554452945,446,0.12362031269753326,288,0.10861685751597604,447,0.12595893935761504,301,0.1121921929127945,445,0.1374720996052723,339,0.10987477671916582,453,0.13915777914509964,348,0.10887384325255464,451,0.1398049622502705,346,0.10919241098194364,451,0.1471682200882145,372,0.10922229962976943,446,0.12449090452025025,291,0.10864109595686758,448,0.12406356853094258,291,0.11434335090447262,447,0.13417378378637568,335,0.11101912329378916,455,0.14239894532651964,349,0.11052302355696073,453,0.1429849426542371,357,0.10993476863608395,452,0.15610093621932886,398,0.10891805471575809,447,0.12713741781406007,304,0.10530360072420565,417,0.12950199820457176,317,0.10793674243266435,450,0.13692874193500826,337,0.10957605664227302,451,0.14201874161106398,358,0.10845015277109685,451,0.14057416510094112,347,0.10829026585468714,449,0.14608263082377038,369,0.10743562043435166,452
"(107, 127)",0.12665630930546978,302,0.10821998173204701,453,0.12551701971819673,300,0.11411631009529911,447,0.11463363143047967,251,0.11731109551911009,434,0.1097965715661342,238,0.12024894965475869,429,0.10978390324472775,235,0.1195421595094208,428,0.10279181972611895,214,0.12423358215254833,414,0.12638991480392425,300,0.1078176113345624,449,0.12404594004305858,290,0.11276598478811746,444,0.11330602748463314,249,0.11718855241536756,437,0.11183660388617334,239,0.11710211167759967,434,0.11127896948638183,239,0.11782269506106319,430,0.1051778109821615,218,0.12216344914921891,425,0.12551048152774114,296,0.10834611590906419,450,0.12594113177439703,304,0.11377228339050062,448,0.11625420193063074,256,0.11645303085999276,440,0.10907937022267744,240,0.12079273302412782,428,0.10859018380176266,231,0.12049480204039442,428,0.09833135086483713,203,0.12705869105403797,411,0.12288667344034387,286,0.10650404139488201,408,0.12060356797007599,273,0.11052861919838346,444,0.11378498327637154,252,0.11655177446528873,436,0.10939826684715004,230,0.11830649127739482,430,0.11062083455488536,239,0.1172948508432236,431,0.1060501259435489,220,0.1195393143537572,428
"(81, 141)",0.2004615083021669,503,0.23346920379308408,230,0.2022679474199881,503,0.23346920379308408,236,0.19887578396000571,502,0.2334692037930815,236,0.1941734840678514,489,0.23346920379308286,235,0.19439049680112097,488,0.2334692037930837,236,0.1922013171839625,479,0.23346920379308284,235,0.19909794996872454,501,0.23346920379308356,233,0.20043705231947784,506,0.23346920379308397,233,0.19826242078447487,497,0.23346920379308336,236,0.19538809745118646,495,0.23346920379308336,238,0.19644232206469026,494,0.23346920379308372,236,0.19350099779112828,488,0.23346920379308386,238,0.19952986929905947,501,0.23346920379308295,232,0.20235098570309362,504,0.23346920379308225,237,0.20002222032042782,506,0.2334692037930834,236,0.19419331046135668,488,0.23346920379308397,235,0.19355743002144143,481,0.23346920379308536,237,0.18987995464996188,473,0.23346920379308447,234,0.19609757726230326,467,0.23346920379308378,206,0.1973730676222829,497,0.23346920379308372,233,0.19693843533577382,496,0.2334692037930837,238,0.19464557305482277,495,0.23346920379308367,237,0.19312753124530724,491,0.23346920379308356,237,0.18964545278132328,474,0.2334692037930834,240
"(81, 195)",0.002698480682529869,25,0.6492207551148818,12,0.0028256209284082123,25,0.6492207551148791,12,0.0025901791426006238,25,0.6492207551148821,11,0.0022867409452709264,25,0.6492207551148785,12,0.002300172470926398,25,0.649220755114878,12,0.002167162255764077,25,0.649220755114879,11,0.002605168284977477,25,0.6492207551148804,12,0.002696787065583295,25,0.6492207551148803,12,0.0025491063408831227,25,0.6492207551148801,12,0.0023626212263390123,25,0.6492207551148794,12,0.002429881354091834,25,0.64922075511488,11,0.002245464536645203,25,0.6492207551148794,12,0.0026344805069775656,25,0.6492207551148792,12,0.0028315627000098376,25,0.6492207551148806,11,0.002668170984779006,25,0.6492207551148818,11,0.0022879657921330843,25,0.6492207551148833,11,0.0022489082454886233,25,0.6492207551148829,11,0.0020320610653007387,25,0.6492207551148809,11,0.0024077424191283336,25,0.6492207551148799,8,0.002490355716387671,25,0.6492207551148792,11,0.0024619877648761612,25,0.6492207551148792,12,0.002316029695819344,25,0.6492207551148801,12,0.002222766398016107,25,0.6492207551148803,11,0.0020187479372223427,25,0.6492207551148806,12
"(81, 8)",0.3776260878854184,588,0.1478127855084718,368,0.37573408339457504,590,0.14926478874653507,374,0.3964835922826997,591,0.1402786395055788,390,0.4392248245663811,594,0.12402064756136941,418,0.44294695329251355,594,0.12289551448957207,424,0.4557999905357353,595,0.11809227855884323,428,0.386592831927005,590,0.14394374631654103,373,0.38223484488051285,590,0.14608532426539117,377,0.39977359298977266,592,0.1388697947513117,394,0.4259659429046262,594,0.12880050520542777,410,0.42235852524752926,593,0.13038842200279258,404,0.4419363792024438,594,0.12291513168899691,421,0.3851403757286219,590,0.14464860262925502,368,0.37523586535341535,590,0.14948745997532065,371,0.38842617340034924,591,0.14364112815098543,382,0.4396052833565429,594,0.12390449456429556,418,0.4514752038540535,595,0.11989889508769794,429,0.47594579901457135,595,0.11120473977135345,440,0.4071751453489758,570,0.1354495453362507,357,0.3994925441988285,592,0.13862724341508456,392,0.4103929484646369,592,0.13465098828931715,401,0.4318482214132242,594,0.12659024109230066,412,0.44417355375283407,594,0.12207091091368664,423,0.47277940527427487,595,0.11207814180085164,439
"(81, 107)",0.49900268774552536,598,0.1075891021960147,456,0.4866760217989202,597,0.11182041275087956,454,0.48878996190209145,597,0.11014488039047171,456,0.4787777379359096,597,0.11169618199533374,450,0.4730368056410883,596,0.1134982313159581,441,0.477446818277104,596,0.11148064681991462,439,0.4990288193610539,598,0.1071766752187016,450,0.49340979259916806,598,0.10923970976607272,450,0.48988749858788416,597,0.10963068010660944,454,0.4833336014866765,597,0.11070721419609338,446,0.47874406361392907,597,0.11241400590072727,441,0.4813909650995951,597,0.11070513000795656,442,0.49725603401693064,598,0.10782723049345526,455,0.4866320632846658,597,0.11185930349372059,456,0.48917021147759376,597,0.1103806399765708,456,0.4782060767527567,597,0.11187417130709178,451,0.47085466752060934,596,0.1138972390978371,442,0.47611586564246255,596,0.11115401556343664,441,0.49907509679411155,584,0.10627501727918162,410,0.49758867328489376,598,0.10708743744082673,458,0.4882910706354924,597,0.10970334660358555,450,0.4829287066350636,597,0.11059936951213459,446,0.482075727673696,597,0.11038572099356403,445,0.4812665599265046,597,0.10955288087934373,446
"(141, 232)",0.03934229430121716,51,0.45298205847627504,46,0.03934229430121716,49,0.45298205847627304,46,0.03934229430121694,48,0.4529820584762741,46,0.03934229430121683,49,0.4529820584762755,45,0.03934229430121716,51,0.45298205847627365,46,0.039342294301217384,51,0.45298205847627265,46,0.03934229430121683,51,0.4529820584762755,45,0.03934229430121694,48,0.4529820584762742,46,0.03934229430121683,48,0.4529820584762751,45,0.03934229430121683,50,0.45298205847627576,45,0.03934229430121694,50,0.45298205847627443,46,0.03934229430121672,50,0.45298205847627554,45,0.039342294301216496,50,0.4529820584762767,45,0.039342294301216496,48,0.4529820584762747,45,0.03934229430121683,49,0.4529820584762762,45,0.03934229430121672,49,0.4529820584762761,46,0.03934229430121694,49,0.4529820584762736,46,0.039342294301216274,51,0.45298205847627765,45,0.039342294301216496,73,0.45298205847627643,41,0.03934229430121683,47,0.45298205847627493,45,0.03934229430121683,49,0.45298205847627476,45,0.03934229430121683,49,0.4529820584762746,45,0.03934229430121694,50,0.45298205847627504,46,0.03934229430121694,51,0.4529820584762747,46
"(141, 81)",0.2873517716765692,565,0.2334692037930844,229,0.2873517716765688,567,0.23346920379308367,237,0.2873517716765699,569,0.23346920379308353,235,0.28735177167657067,567,0.23346920379308353,234,0.28735177167656945,569,0.23346920379308347,237,0.28735177167656833,570,0.23346920379308395,234,0.28735177167657033,565,0.2334692037930838,232,0.28735177167656945,567,0.23346920379308372,234,0.2873517716765708,568,0.23346920379308322,237,0.28735177167657056,569,0.2334692037930838,237,0.2873517716765701,571,0.23346920379308336,237,0.2873517716765711,570,0.2334692037930832,239,0.28735177167657144,565,0.23346920379308342,231,0.28735177167657144,567,0.2334692037930824,236,0.2873517716765701,569,0.2334692037930843,235,0.287351771676571,568,0.2334692037930836,236,0.2873517716765701,571,0.23346920379308295,238,0.2873517716765721,569,0.23346920379308345,235,0.28735177167657144,545,0.23346920379308328,207,0.28735177167657056,568,0.23346920379308336,234,0.28735177167657033,569,0.23346920379308342,239,0.28735177167657056,571,0.2334692037930832,238,0.2873517716765701,571,0.23346920379308372,236,0.2873517716765701,569,0.23346920379308364,239
"(232, 264)",0.3166951678816201,579,0.2115774180134225,265,0.3166951678816189,580,0.21157741801342295,271,0.3166951678816199,583,0.21157741801342328,269,0.31669516788161856,581,0.21157741801342297,272,0.31669516788161944,582,0.21157741801342228,272,0.3166951678816189,582,0.21157741801342275,271,0.31669516788161944,576,0.2115774180134227,267,0.3166951678816189,580,0.21157741801342292,270,0.316695167881619,579,0.21157741801342284,271,0.3166951678816191,580,0.21157741801342259,271,0.316695167881619,581,0.21157741801342275,271,0.3166951678816191,582,0.21157741801342275,272,0.31669516788161856,578,0.21157741801342236,266,0.3166951678816179,580,0.21157741801342336,271,0.316695167881621,583,0.21157741801342161,268,0.31669516788162144,582,0.21157741801342222,270,0.3166951678816199,582,0.2115774180134223,275,0.3166951678816191,581,0.2115774180134232,270,0.3166951678816189,555,0.21157741801342292,238,0.31669516788161856,580,0.21157741801342306,270,0.3166951678816188,580,0.21157741801342284,272,0.31669516788161967,581,0.21157741801342228,272,0.31669516788161967,581,0.21157741801342256,271,0.3166951678816189,581,0.21157741801342295,277
"(232, 141)",0.0322705504007883,42,0.452982058476276,45,0.03227055040078852,42,0.45298205847627504,45,0.03227055040078841,41,0.452982058476277,45,0.03227055040078852,42,0.45298205847627476,46,0.03227055040078841,41,0.4529820584762745,45,0.03227055040078852,42,0.4529820584762744,45,0.03227055040078841,42,0.4529820584762752,46,0.03227055040078852,41,0.45298205847627493,45,0.03227055040078852,41,0.45298205847627493,46,0.03227055040078852,41,0.45298205847627465,46,0.03227055040078852,41,0.4529820584762749,45,0.03227055040078841,41,0.4529820584762751,46,0.03227055040078852,43,0.4529820584762732,46,0.032270550400788744,42,0.4529820584762746,46,0.03227055040078808,41,0.4529820584762755,46,0.03227055040078808,42,0.45298205847627715,45,0.03227055040078841,41,0.45298205847627504,45,0.03227055040078852,42,0.452982058476276,46,0.03227055040078852,65,0.45298205847627476,42,0.03227055040078852,41,0.4529820584762748,46,0.03227055040078852,41,0.4529820584762746,46,0.03227055040078841,41,0.4529820584762746,46,0.03227055040078841,41,0.4529820584762753,45,0.03227055040078852,41,0.452982058476275,45
"(264, 26)",0.07528841137915676,118,0.3172515924447828,130,0.07528841137915665,120,0.31725159244478307,132,0.07528841137915632,121,0.317251592444783,131,0.07528841137915665,123,0.31725159244478246,130,0.07528841137915598,125,0.31725159244478307,129,0.07528841137915698,126,0.31725159244478196,130,0.07528841137915632,121,0.3172515924447826,132,0.07528841137915598,122,0.3172515924447831,131,0.07528841137915632,122,0.31725159244478257,130,0.07528841137915587,121,0.317251592444783,128,0.0752884113791561,120,0.31725159244478257,129,0.07528841137915632,120,0.31725159244478346,129,0.0752884113791561,120,0.3172515924447829,129,0.0752884113791561,121,0.3172515924447842,131,0.07528841137915765,119,0.31725159244478074,131,0.07528841137915743,123,0.3172515924447807,131,0.0752884113791572,127,0.31725159244478146,130,0.07528841137915665,125,0.3172515924447817,132,0.07528841137915632,144,0.31725159244478285,116,0.0752884113791561,122,0.31725159244478307,131,0.0752884113791561,122,0.3172515924447832,131,0.0752884113791561,119,0.31725159244478335,129,0.07528841137915587,119,0.3172515924447834,129,0.07528841137915654,120,0.31725159244478296,133
"(264, 232)",0.1928438796616354,488,0.23187000345425085,235,0.19284387966163552,483,0.23187000345425074,242,0.19284387966163619,489,0.23187000345425013,240,0.1928438796616354,483,0.23187000345425057,240,0.19284387966163652,482,0.23187000345424982,241,0.1928438796616352,481,0.23187000345425043,239,0.19284387966163619,485,0.23187000345424985,236,0.19284387966163674,481,0.23187000345424974,239,0.19284387966163608,485,0.23187000345424993,240,0.19284387966163685,484,0.2318700034542495,241,0.19284387966163652,486,0.2318700034542496,241,0.19284387966163619,485,0.2318700034542504,242,0.19284387966163652,486,0.2318700034542498,235,0.19284387966163619,482,0.23187000345425085,241,0.19284387966163352,491,0.23187000345425107,240,0.19284387966163408,483,0.23187000345425052,239,0.19284387966163485,478,0.23187000345425038,241,0.19284387966163552,482,0.23187000345424985,239,0.19284387966163619,459,0.23187000345425007,210,0.19284387966163652,483,0.23187000345424985,239,0.19284387966163619,486,0.23187000345425016,242,0.1928438796616363,488,0.2318700034542502,242,0.19284387966163685,489,0.2318700034542498,240,0.19284387966163585,486,0.23187000345425043,243
"(26, 7)",0.17711185967249965,450,0.24766968129920117,208,0.1771118596724991,451,0.24766968129920205,212,0.17711185967249943,449,0.2476696812992018,213,0.17711185967249898,446,0.24766968129920153,214,0.17711185967249987,439,0.24766968129920106,213,0.1771118596725001,445,0.24766968129920158,212,0.1771118596725001,449,0.24766968129920114,207,0.1771118596725001,446,0.24766968129920156,212,0.17711185967249976,450,0.24766968129920094,212,0.1771118596724992,450,0.24766968129920147,213,0.1771118596724991,446,0.2476696812992013,214,0.17711185967249976,444,0.24766968129920153,215,0.1771118596724991,449,0.2476696812992011,208,0.17711185967249876,451,0.2476696812992016,212,0.17711185967250098,449,0.24766968129920067,213,0.17711185967250143,443,0.2476696812992007,213,0.17711185967249876,440,0.247669681299202,213,0.17711185967250043,445,0.2476696812992009,212,0.1771118596725001,426,0.24766968129920117,185,0.1771118596725001,447,0.24766968129920114,210,0.1771118596725001,452,0.24766968129920142,214,0.17711185967249943,447,0.24766968129920167,214,0.17711185967249943,445,0.24766968129920153,213,0.17711185967249943,442,0.24766968129920158,215
"(26, 264)",0.0842664594483945,151,0.31725159244478257,131,0.08426645944839461,148,0.3172515924447831,131,0.0842664594483945,154,0.3172515924447832,130,0.08426645944839484,153,0.31725159244478224,131,0.08426645944839417,158,0.31725159244478285,130,0.08426645944839417,155,0.3172515924447836,129,0.08426645944839395,149,0.3172515924447833,131,0.08426645944839395,153,0.31725159244478385,130,0.08426645944839439,150,0.31725159244478246,131,0.08426645944839461,150,0.31725159244478257,129,0.08426645944839484,152,0.31725159244478207,130,0.0842664594483945,152,0.317251592444783,130,0.08426645944839484,152,0.31725159244478174,130,0.08426645944839484,148,0.31725159244478224,132,0.0842664594483935,153,0.31725159244478385,130,0.08426645944839328,156,0.3172515924447844,130,0.08426645944839484,156,0.3172515924447827,129,0.08426645944839384,153,0.3172515924447834,131,0.08426645944839417,169,0.3172515924447833,115,0.08426645944839417,149,0.3172515924447831,130,0.08426645944839417,149,0.3172515924447836,130,0.0842664594483945,148,0.317251592444783,130,0.0842664594483945,152,0.3172515924447829,130,0.0842664594483945,153,0.31725159244478307,132
"(7, 208)",0.06826876839869189,101,0.38767900934673066,65,0.06826876839869156,101,0.3876790093467317,65,0.06826876839869178,98,0.3876790093467317,65,0.06826876839869178,105,0.38767900934673094,65,0.06826876839869178,105,0.38767900934673044,65,0.06826876839869223,105,0.38767900934672966,65,0.068268768398692,101,0.38767900934673044,65,0.06826876839869189,98,0.3876790093467307,65,0.06826876839869189,100,0.3876790093467301,65,0.06826876839869189,102,0.38767900934673,65,0.06826876839869178,101,0.3876790093467311,65,0.06826876839869189,101,0.3876790093467307,65,0.06826876839869178,105,0.38767900934673016,65,0.068268768398692,101,0.3876790093467299,65,0.068268768398692,97,0.3876790093467298,65,0.06826876839869189,106,0.3876790093467305,65,0.068268768398692,105,0.3876790093467301,65,0.06826876839869223,101,0.38767900934673005,65,0.06826876839869189,128,0.38767900934673066,59,0.06826876839869189,100,0.3876790093467306,65,0.068268768398692,101,0.3876790093467308,65,0.06826876839869178,101,0.38767900934673083,65,0.06826876839869178,101,0.3876790093467304,65,0.06826876839869189,102,0.38767900934673116,65
"(7, 26)",0.20673690028755864,507,0.26796226674002893,187,0.20673690028755964,508,0.2679622667400288,188,0.2067369002875593,514,0.26796226674002926,190,0.2067369002875593,505,0.2679622667400287,187,0.20673690028755898,504,0.26796226674002854,189,0.2067369002875583,506,0.2679622667400287,189,0.20673690028755853,511,0.267962266740029,187,0.20673690028755898,511,0.2679622667400289,187,0.20673690028755864,508,0.26796226674002865,189,0.20673690028755864,510,0.2679622667400286,189,0.20673690028755942,512,0.26796226674002865,188,0.20673690028755898,509,0.2679622667400288,189,0.2067369002875593,506,0.2679622667400282,188,0.20673690028755853,509,0.26796226674002865,188,0.20673690028755864,514,0.26796226674002843,190,0.20673690028755864,504,0.2679622667400289,187,0.20673690028755853,504,0.2679622667400289,189,0.2067369002875583,510,0.267962266740029,188,0.20673690028755898,479,0.2679622667400289,162,0.20673690028755864,510,0.267962266740029,186,0.20673690028755864,508,0.2679622667400292,190,0.2067369002875593,510,0.2679622667400287,189,0.2067369002875592,509,0.2679622667400284,187,0.2067369002875592,509,0.26796226674002904,189
"(33, 112)",0.13188229830923082,326,0.1063063723653192,459,0.12728905532556345,313,0.10543838120342436,473,0.14196584600081974,359,0.10182570481746053,485,0.1457561966437375,367,0.10076870765667224,485,0.15557091449683547,397,0.09816971388082127,491,0.16468411300320374,413,0.09476985861606319,494,0.13472047054959102,331,0.10620296744190616,454,0.13281304230154334,330,0.10573288902329674,469,0.14119371476261366,354,0.0994591742128769,486,0.14755079115874525,375,0.09761455477054226,488,0.14896752354434462,375,0.0989270811704113,487,0.15998470543380738,403,0.09505128334587623,495,0.12894532965536554,316,0.10690905433750782,458,0.12723934676045157,311,0.10510729175863293,474,0.14119082204947597,357,0.10283374580279184,483,0.14685810013557765,368,0.10130219795416792,485,0.15729806459094553,399,0.0973412663340735,492,0.16787173959513857,423,0.09515645685180141,492,0.1367293335876112,334,0.10742904090595755,405,0.1314623115106841,322,0.10672740516924147,460,0.1420579089198316,355,0.09929356391993123,486,0.154080467582824,392,0.09623900197694384,488,0.1570975824019596,399,0.09705461610224508,488,0.1596859324490214,401,0.09731710328314955,488
"(33, 127)",0.11836140175521304,264,0.11020926366144151,442,0.12273855342033602,282,0.10672563575931097,468,0.10944272747286488,231,0.11105115518384968,453,0.10631421756372439,224,0.11194488353588494,449,0.09872178768798934,199,0.11423942006302332,439,0.0922654977336439,187,0.11495848314865509,431,0.11575872250204888,253,0.11171117166959275,436,0.11749954189950129,260,0.11013996889259225,449,0.1100943690758922,236,0.10805916357384675,459,0.10487256101383524,216,0.10938080971915075,450,0.10375184289340744,218,0.11160417847558408,444,0.0955278341751381,193,0.11287752970703806,437,0.12113597907660245,274,0.10915877224776417,446,0.12278708282417994,284,0.10636263692887855,468,0.11009681970761598,232,0.11172393408039208,454,0.10542607653790204,223,0.11313634790416564,446,0.09745650330663347,201,0.11418292826157982,441,0.0901296859280234,174,0.1170778774804528,429,0.11396141316462538,255,0.11415361139891127,391,0.11875301554526718,268,0.11040654593710947,445,0.10936536021403753,235,0.10833853925485276,457,0.09983006852023157,202,0.11121922131884164,444,0.09760234057832129,198,0.11374158759689233,437,0.09573997979114868,195,0.1154109322326219,434
"(112, 8)",0.08281589267274925,147,0.1385244910619332,380,0.06685264057890561,96,0.13770051574826386,399,0.08019507175663687,140,0.1278739003691771,411,0.08958919680842081,173,0.12081901493788721,428,0.10559914670471982,221,0.11017996750526293,450,0.12470124548833983,293,0.1020061669439551,480,0.08079218717447834,141,0.13914802203508003,382,0.07483548056307254,119,0.13336809359627996,399,0.08791900169423694,170,0.11681218322164723,439,0.09913821225379083,196,0.11004252458325281,448,0.10144897392948882,211,0.11096683920577458,447,0.12358629551622968,290,0.10109714678521586,484,0.08378559796120977,150,0.13665543155719495,390,0.06863095832119126,102,0.13546323822859152,401,0.07803544901017134,131,0.13127574907341705,408,0.08970712265223013,174,0.12296887535359165,425,0.11147511202746108,243,0.10993913550853454,451,0.12600633372336445,296,0.10398279033304794,467,0.08148658537648501,161,0.13854618443344321,349,0.07499129365149848,118,0.13393308437224527,399,0.08891019771062536,170,0.11517804019777997,440,0.11153455876639162,240,0.10397793626726244,465,0.11820548677537424,268,0.10411787633782991,464,0.11872178913685483,266,0.10817133057399428,450
"(112, 33)",0.17951657528354126,457,0.10703593511001881,458,0.20973617070746875,513,0.09406267184030905,499,0.18399002900423655,465,0.09695414397288613,492,0.168692917148755,423,0.09784115152096119,490,0.14664245553133104,371,0.09875737433659978,490,0.12529923129415677,298,0.10184363459461136,481,0.18295584197741555,458,0.10596230539475472,456,0.19369474519900287,485,0.0971363650457497,491,0.17126870861254917,431,0.09353117335724279,502,0.15500847020379516,397,0.09481035287772639,495,0.1519399246219869,383,0.09698810332532136,489,0.1264244445007835,296,0.10033489157687453,485,0.17790355090401677,451,0.10632167673202213,459,0.20598104758230606,508,0.09391155967668119,501,0.1878070823957364,476,0.09795903412323595,492,0.1685132404529741,420,0.09966121253376485,487,0.13957684746060495,341,0.10200164171939691,486,0.12399903856279648,293,0.10454088040736068,463,0.18176439523633459,437,0.10603608168285049,413,0.1934013698861331,487,0.09766485364955654,488,0.1697330469816951,427,0.09284632977171313,502,0.1395078124256457,344,0.09650389337955094,487,0.13205001653184356,320,0.10034406562773826,486,0.1314957336812531,321,0.1045486498257236,462
"(8, 112)",0.1719698751293819,436,0.12389583148805743,413,0.21931877544871614,529,0.10278330997805239,487,0.19948807301460825,504,0.11196489182175581,452,0.20430800766554236,503,0.10892297028540822,454,0.19015469414042263,473,0.11526585889504991,436,0.180554459094027,449,0.12156308408866671,425,0.17199803284946436,432,0.12469533761338891,412,0.19385922044016124,488,0.11346591901114557,442,0.22563314781714938,534,0.1007933648600134,485,0.21957880468321067,530,0.10344149831548648,471,0.19733634260690036,497,0.11194606729522645,443,0.19095889078381567,477,0.11600374058312124,430,0.1659867383787884,421,0.12533821255984753,410,0.2231672372899124,530,0.10153031547291569,488,0.18341856608545926,463,0.119428105537061,429,0.1878828965881464,470,0.11626383548561604,438,0.1709174367154379,423,0.12538520186852056,416,0.16225615863045917,408,0.13109268077765587,403,0.17356968530082106,418,0.12289225873179084,385,0.20868379540577675,515,0.10655427761989354,461,0.22958600858159406,538,0.09930936848993333,485,0.2093142955730829,514,0.10813829777771543,453,0.18319723419184197,461,0.11916757108152053,427,0.17127512601670491,424,0.12584725560035176,412
"(8, 81)",0.08747084844471709,163,0.15521000286524494,353,0.06254366740677852,83,0.15615411102909607,363,0.07183350122668408,106,0.15737841422248378,360,0.0694403908131529,106,0.15607878896163271,357,0.07674087115647055,132,0.15597708487468806,358,0.08219895941846889,150,0.15802131662324204,353,0.08745290862525978,166,0.15623078774951216,351,0.07474829015437257,116,0.15589319865729104,358,0.05987275795360003,79,0.15685191426989722,356,0.06243112186616617,80,0.1573105664975231,357,0.07293207748041652,110,0.15599296203340418,359,0.07630314425526896,125,0.15749658559503482,356,0.09138536068815761,180,0.15292638317603,359,0.06090058290648015,80,0.15653041313458077,362,0.08052437852946848,141,0.1571370204336562,359,0.07799324693995813,135,0.15585523515816085,358,0.08814455440843227,171,0.15635432954130477,357,0.09393368474233033,192,0.15729142791858233,352,0.08645852903492823,177,0.1550290923672991,321,0.06734573107748099,93,0.15534493849281727,362,0.0582645322723212,75,0.15685701207308284,357,0.06704982169730211,96,0.15804470495234002,356,0.08065234752058759,139,0.15664819226244478,357,0.08791488751056853,171,0.15717653346269056,355
"(106, 164)",0.07179993955883957,107,0.13548378209283407,392,0.0793109488381063,136,0.1415290244865385,389,0.08017777514128666,138,0.14246369876206247,386,0.07760217578478157,134,0.1428558485139351,384,0.07416883984076816,117,0.14551567814261565,381,0.07385386234222668,117,0.14511234008006477,372,0.07412390539969305,115,0.1360525373194983,389,0.07073708883771257,102,0.1480951737649176,374,0.0736481521634278,115,0.1501623917992775,373,0.07465641936403711,115,0.14644921306147993,376,0.07129483890856014,102,0.14785329470379818,373,0.071438677005077,104,0.14651849796053742,371,0.06819332452575277,103,0.13923821116159876,380,0.07829862873792193,132,0.14222904211207388,389,0.08209565346340464,148,0.14044860305758414,390,0.07771809214311054,134,0.1419626038430517,386,0.07470882459046513,122,0.14445763924120208,383,0.0762575951940333,127,0.1428802223098135,379,0.04982871718497017,87,0.1289529146525346,367,0.07588318590942378,124,0.14491423001975398,377,0.07721071891625142,129,0.14613349100575276,378,0.07289035732065074,106,0.1462458455707574,376,0.06893473254430016,102,0.1485955114034101,372,0.07172820923712453,106,0.1470597940371279,371
"(106, 62)",0.22293738207295632,525,0.08579450569363917,516,0.23725232181292877,540,0.08899566902741159,519,0.2365714025415342,544,0.09003467335079356,513,0.2343483021245888,542,0.08990086865886028,514,0.23792905201827574,546,0.08953974959972738,520,0.24215458524368705,544,0.08823479923323486,520,0.22179173578322664,528,0.08721189689690222,508,0.24569815187167388,549,0.08814293876723414,517,0.24573072322654754,550,0.09041422443434914,512,0.23802850391581998,546,0.09026496740128412,516,0.2383875646218171,548,0.0898365214045151,515,0.23842630142817922,547,0.08906838640099415,518,0.22596884286969343,526,0.0862158408477237,514,0.2363914380364237,540,0.08928375076490709,518,0.2339736195758062,542,0.08999676013923057,516,0.23247957931771823,540,0.08980346270173908,515,0.23682976101998843,544,0.08932612045484963,518,0.2392921565505104,546,0.08833686008042246,519,0.17639573834678202,424,0.08381524210505649,479,0.2454678682084479,548,0.08808318649120282,512,0.24305917837214475,547,0.08982637503856673,513,0.23717956085476233,546,0.08970342582166352,517,0.2398954788472466,548,0.08908539093210514,515,0.23975983279772306,547,0.08920081352086712,514
"(106, 84)",0.13381091937159906,335,0.10957883702997814,445,0.11395423251294567,253,0.12541085216178088,417,0.11318213752869055,246,0.1269730237705303,412,0.11793529732485519,266,0.12416540125148409,417,0.12079390230817588,279,0.12366927282972973,418,0.11883338039021063,278,0.1239378667075157,416,0.13082555990707756,319,0.11207221893432232,433,0.12150257075014015,280,0.12386997134497482,417,0.11713289906973734,262,0.1288410272978465,410,0.12001968457125334,278,0.1250068664198815,416,0.12489516199504258,294,0.12264103833396721,421,0.12464719683179548,293,0.12169796916231813,426,0.13791369130611486,343,0.10961673722542899,444,0.11580541587194193,258,0.1247981989142562,419,0.11212961766826202,243,0.1265182145880899,412,0.11885858597239085,272,0.1230830581354237,423,0.12063891022246931,277,0.12309184179949943,422,0.11700030722886368,267,0.12390895575721017,416,0.22841519272876298,502,0.07309726993424559,535,0.11410896693410366,247,0.1266584518091411,410,0.11359302879913469,251,0.1285991177937167,409,0.12315020068122684,291,0.12275092611675309,421,0.12777033458056808,304,0.12100002271814836,426,0.12340897368802062,289,0.12276214175784543,425
"(164, 16)",0.11599373575698202,256,0.13799882684544487,383,0.1189890858188325,269,0.14388686879155152,383,0.12116374608501757,278,0.14227738222931216,387,0.12466488744719606,296,0.13709331638128275,399,0.12378625291775736,295,0.13683549122059338,399,0.13205283522096412,313,0.12932183942943323,406,0.14322002953304214,355,0.12152404574099987,422,0.11312322743383585,244,0.1451366531726015,379,0.11862696315508048,266,0.14589994630709618,379,0.12137169973333417,286,0.1409469585991536,387,0.12706312864987557,298,0.13590901482021103,396,0.14087129925248798,352,0.1254260745147788,413,0.11804582595167834,263,0.13736003312006237,388,0.11618016556596511,259,0.14645931036041776,379,0.12355564145674125,292,0.14090957513765737,387,0.12588286917904035,297,0.13599919214498682,400,0.12257358778765615,286,0.13608349713270154,403,0.12949955095579946,307,0.1297043103137688,406,0.19575759952349947,466,0.09826059369561109,443,0.12066625453351221,274,0.13889108494489374,391,0.11871020309651092,269,0.14399054387848229,382,0.12038911943901409,278,0.13965769434747305,387,0.12681875996364234,298,0.13492478355712825,398,0.1379528906045483,336,0.12582358657829143,413
"(164, 182)",0.19952444219598264,501,0.10714552988208001,457,0.20686922318555434,510,0.1106031242554386,456,0.22039315692685035,531,0.10620302572385319,469,0.22753329371439657,535,0.10157321472795665,484,0.2240795072235342,533,0.10202431850781613,485,0.21798194465678744,527,0.10070069571813753,484,0.19035012251742922,478,0.1057719653497717,457,0.21304535983715278,523,0.10752553304019544,461,0.21575042509984776,524,0.1093407607721212,455,0.216597816297749,525,0.1063652399235594,457,0.21706900109614402,526,0.10438306398274647,467,0.21155179365914256,521,0.10220923913980855,479,0.1995273186182126,500,0.10739627952461821,457,0.20953129817487715,513,0.11070394128878927,458,0.2193806114854917,531,0.10631370884322779,470,0.22808367029522403,536,0.10102020686095534,486,0.22992694482247,536,0.0994912835103544,489,0.22440397840302384,528,0.09845408708042273,484,0.16069764656585095,399,0.10867224342149989,401,0.21174192717650087,522,0.10595069749456702,464,0.215647719741193,524,0.10797016975030076,458,0.22106618257255695,531,0.10378911799021882,466,0.22306318045272622,533,0.10188855317287494,478,0.22070492655005158,528,0.09911237124450514,487
"(164, 111)",0.05225053874037089,71,0.17923383125739276,314,0.06286151932816475,86,0.1791594733438742,327,0.06330377014068755,83,0.17808736961125485,328,0.05815962777674133,73,0.1779334553069645,328,0.05763131545549138,76,0.17754272675836444,334,0.05144504718546161,66,0.17790427002619835,331,0.04451317751374928,58,0.17991486516854827,315,0.061630428600360276,82,0.17816023004710052,326,0.0673799730260739,96,0.1777138031170018,329,0.062397983367968535,79,0.17729633347917914,333,0.05891340434435377,73,0.1771423747741697,334,0.05110728069899806,62,0.17777000251582395,329,0.05298820829415418,72,0.1789680490210878,316,0.06445335860557022,88,0.17929743729352196,327,0.062332237946086444,82,0.1786000677218942,328,0.05717125870609985,72,0.17808896152889317,326,0.05519700598605426,69,0.1780039062004863,331,0.050678664847724986,60,0.17767878282327085,329,0.033248401681358564,66,0.18205699868955902,284,0.0573936023578141,74,0.1785522858504528,332,0.06459293045849412,87,0.17768265735865216,328,0.05996977023395722,75,0.17713228644758006,333,0.05724300387840131,71,0.1771637405717014,333,0.05061904640227044,62,0.17715780988509477,334
"(164, 106)",0.23806236897420807,541,0.09657323967542014,489,0.19250005870456954,481,0.11508593359878208,441,0.17633223849828072,445,0.12001374146731754,428,0.17858888725653832,447,0.11624046779541701,437,0.184071146972282,454,0.11388986786135215,440,0.19586322632715958,492,0.10698379109367688,451,0.23338120851683242,536,0.0940867767785157,492,0.19915584650924734,501,0.111694855686294,446,0.17419618137137793,438,0.12277738235368528,423,0.18145970964113511,455,0.11723919732092816,433,0.18209503667704563,454,0.11499244735943026,434,0.19090196534532966,475,0.10820153807325676,449,0.2316716934612939,534,0.09845038714436476,487,0.19019884251358188,473,0.11678168753786879,438,0.1762518273031186,444,0.1198398538183751,428,0.1790967343993758,446,0.11560893645238998,440,0.18763450080674826,469,0.111676829225205,444,0.19611253047087263,494,0.10634267971524435,457,0.25521622526344157,530,0.0837972898887525,480,0.20041543978828158,503,0.10928899308540159,446,0.18067239380589706,456,0.11897005267980015,430,0.18524547225262467,466,0.11454581580314684,437,0.18178068207931442,453,0.11417037599393834,436,0.18802818682413946,471,0.10842272427654197,449
"(16, 170)",0.10513123291882287,216,0.15068039396225158,363,0.10122691233315595,203,0.16383978306456334,350,0.10178678489457815,205,0.16279599530786804,352,0.11855920128177222,271,0.155263140647264,360,0.11900636056428082,272,0.15707881424002862,354,0.1323230406384055,315,0.1460384970770298,370,0.13481845587419428,332,0.12565381716851057,408,0.09495022275947995,189,0.16648315824689797,347,0.09926660916472385,201,0.16861547420478332,342,0.11074186169539946,236,0.16222278175606503,351,0.11797514168642731,266,0.15747904580053,356,0.1500821805971102,379,0.13519974439068336,394,0.10517582129064418,219,0.1488684183791876,366,0.099121253577378,197,0.16782878318916336,346,0.10459436637345476,213,0.1603552888769315,353,0.1220883257401626,288,0.15288062431992627,363,0.12255072664869116,285,0.15456837154784656,362,0.13213021069410136,317,0.1469998594682294,369,0.08746725690474677,181,0.09714893083530737,445,0.10225717949465607,211,0.15141610548125975,369,0.10153351969967384,207,0.1651425596158132,350,0.11438849054272071,257,0.1612268036983573,350,0.12143063166712365,281,0.15618756241973142,358,0.15312112109840537,387,0.13186188331337426,399
"(16, 164)",0.14722650589498554,373,0.13468068952057272,393,0.1522310078836625,391,0.14300470288809025,386,0.15149863786577233,388,0.14258415738742566,385,0.13166994069440596,317,0.1499286308687891,371,0.1311915772833836,313,0.15205674434093394,368,0.11795225143547061,269,0.15174361771061254,362,0.11567020581835763,252,0.13223658744219793,393,0.16080232363296543,405,0.1396705559892843,392,0.15483564174073683,392,0.14539233492486964,381,0.14043227328975538,350,0.1498741762058804,371,0.13229833013547332,318,0.15157752900562077,367,0.10288065641980493,212,0.15333489684955495,363,0.14717070923710573,369,0.13309673974147498,397,0.15503131817382254,398,0.14458244383015337,383,0.1479006793217671,378,0.14286614626422528,386,0.1279576036150658,303,0.15050645535161822,369,0.12748169163809764,307,0.15254921918997233,366,0.11813103133499459,272,0.15259124983010489,363,0.1719755117319941,415,0.07754687908964873,517,0.15088719734017464,378,0.1330002766333694,401,0.15182930928255445,385,0.14441432899126064,381,0.13624828301501846,329,0.15209712605147194,368,0.1286386378722877,308,0.15321409520487175,364,0.10055161604395546,207,0.15170548713630574,365
"(170, 68)",0.36036230926819646,586,0.0835949298959302,529,0.36555306200817406,588,0.08393940117064384,535,0.36215559940175857,588,0.084163469259906,537,0.3653787949932358,587,0.08405563003323929,538,0.36478130077668913,586,0.08398980625389123,540,0.3647819495569631,587,0.08406519461083482,534,0.3500300968379608,585,0.08361724226896354,531,0.3619780421510719,587,0.08461878456569363,533,0.36437951791321777,587,0.08412074289370951,537,0.3662130453664574,586,0.08416529589005704,539,0.3675999409524662,586,0.08406868760029439,538,0.367333119546842,587,0.0840721151461233,537,0.35958464748548835,587,0.08354071792561343,530,0.3665503019603399,588,0.08380956653607745,536,0.36185458899017964,587,0.0841519588832652,537,0.3645171921759215,587,0.08412982222802912,539,0.3643621058698918,586,0.08403435176620669,541,0.36498003672401014,587,0.0840112652858002,536,0.32826094105127934,560,0.08278883587699994,488,0.35937098021310476,586,0.08446535479340284,529,0.3640223780143145,587,0.08421142170581832,537,0.36541285231348963,586,0.0844125465158701,533,0.36857196400798165,586,0.08392877284414392,534,0.36304998128621235,586,0.0838852755336248,534
"(170, 69)",0.16000370175911294,409,0.14364508488206285,373,0.1678138009420953,427,0.14273619106889993,387,0.1702250952728156,427,0.14084761997903567,388,0.17596807365081868,441,0.13942707628791384,390,0.17806405868184083,442,0.13824420419877814,393,0.17502532931543202,433,0.1396194349905783,386,0.1518824497852701,380,0.14349896792254258,377,0.16664573601814758,420,0.1430804301825224,386,0.16901973135625137,427,0.1420964850401721,388,0.17459904347381705,442,0.14047847713875858,389,0.17523351937210496,440,0.14055293134799213,388,0.17585122490071248,439,0.14020504342911855,383,0.15957466429534617,407,0.1434548286075577,372,0.16837952821142776,427,0.14263742358439704,388,0.17057057781704976,424,0.1405737181357938,389,0.17613295196716183,438,0.13917355072424742,393,0.17806833982395942,442,0.13816691102153025,395,0.1753839071468245,438,0.13945229693628844,387,0.1312348105822695,320,0.14364508488206287,338,0.1638972489846603,413,0.14305698429086539,383,0.17016410007003446,429,0.14163111667541922,388,0.17806513942991076,449,0.13916518528797286,389,0.17545819000118335,437,0.14057619393538423,388,0.17058085024196523,420,0.14055475189423927,385
"(170, 190)",0.08006660458371662,137,0.19074161646286783,294,0.08419372047527784,147,0.19074161646286827,304,0.08274700537601654,151,0.19074161646286814,304,0.08441834175449392,154,0.19074161646286708,303,0.08386256381601997,156,0.19074161646286716,305,0.08407780844385804,154,0.19074161646286822,307,0.07406887841071286,114,0.19074161646286789,295,0.08392497486669881,150,0.19074161646286747,301,0.0839883963388256,149,0.19074161646286747,305,0.08524838721878747,156,0.19074161646286764,301,0.08583256980018406,159,0.19074161646286775,305,0.08567637792039418,160,0.19074161646286764,306,0.0794505655725597,138,0.19074161646286744,297,0.08443715087950543,149,0.1907416164628693,304,0.08253101404237195,151,0.19074161646286716,305,0.08409898237472246,155,0.19074161646286925,302,0.08373181163494614,154,0.19074161646286797,307,0.08404597763522059,152,0.1907416164628677,304,0.0601740182329803,110,0.19074161646286786,269,0.08190129314014849,141,0.19074161646286775,305,0.08402671613180579,148,0.19074161646286794,304,0.08546035886374548,153,0.19074161646286766,304,0.08603442685838569,165,0.19074161646286772,306,0.08250631571676936,149,0.19074161646286808,308
"(170, 16)",0.14459980787981386,364,0.1507592534872654,362,0.12259599395286347,281,0.1650444535470155,348,0.1264152612216699,300,0.16191446590137426,353,0.11612009667230949,260,0.1689803492788503,342,0.11645409578628718,259,0.1683899481384876,346,0.11795544896884769,270,0.1676518538422305,345,0.18281290612425016,457,0.13068036045806006,398,0.12566724733289925,298,0.16313137859234564,350,0.12273629062344793,283,0.1648233159754565,351,0.11446831158236948,252,0.17056177032007547,339,0.1119711446203906,244,0.17251114580322888,339,0.11206675010908895,241,0.1723405619805284,338,0.14756657672480167,370,0.1489437939698276,365,0.12108476696549608,274,0.16607826622771682,349,0.1269331735474254,304,0.161482705523415,352,0.11721661447876697,264,0.16810318412881006,344,0.11697314818561277,263,0.16798969878783884,346,0.11772139397434012,271,0.16776757317979069,344,0.32739638282426364,559,0.08297292898429369,486,0.1353262658719825,337,0.15659305334281173,357,0.12190308720834775,282,0.16532484503782663,349,0.11184013273008186,241,0.17232738355842825,340,0.11094912889967612,242,0.17329317323287646,339,0.12653171816401132,299,0.16168632431840352,351
"(170, 243)",0.05844746536216294,79,0.21098236566054906,266,0.06190980651937328,81,0.21098236566054876,272,0.0606935741230572,79,0.2109823656605491,271,0.06209888464633062,81,0.21098236566054906,273,0.0616311689854071,82,0.21098236566054898,273,0.06181226127236683,83,0.2109823656605486,273,0.05345717789121096,71,0.21098236566054895,268,0.06168367128346741,83,0.21098236566054895,272,0.061737028724004994,81,0.2109823656605485,273,0.06279814649981685,82,0.21098236566054876,273,0.06329080864906911,85,0.21098236566054837,273,0.06315904419369833,84,0.21098236566054895,274,0.05793259982512455,79,0.2109823656605487,267,0.062114720427465575,81,0.2109823656605485,273,0.060512226858066676,79,0.21098236566054787,270,0.06183007880898783,81,0.2109823656605503,271,0.061521192093211496,83,0.21098236566054832,277,0.06178547722235728,83,0.21098236566054848,272,0.04210608825457418,74,0.21098236566054887,239,0.059983859931810546,78,0.21098236566054884,272,0.061769270253673625,80,0.2109823656605491,274,0.06297685991119917,81,0.21098236566054873,273,0.06346114206011833,84,0.21098236566054843,273,0.06049149392782127,79,0.21098236566054876,279
"(68, 144)",0.12155502126354722,277,0.08412305493367728,524,0.12126612765540534,277,0.08479671264598007,533,0.11781820540008714,262,0.08662108011198735,525,0.11462167676677781,255,0.08828367159250448,522,0.1162990701022909,258,0.08752868322609443,524,0.11439965271714814,252,0.08822135265955706,521,0.12106409919433614,274,0.08424346731819295,524,0.11936124584682417,270,0.08580311092318382,525,0.11901335079997422,269,0.08638067943927862,526,0.11764011865973778,263,0.08695840883399361,526,0.11662087602838955,261,0.08751036770355351,523,0.11472072989617788,257,0.08806500707948484,520,0.12186991353926846,280,0.08397993447812141,526,0.12182632731250842,279,0.08458639323861579,533,0.1180781956592778,265,0.08655225543218752,529,0.11293994615041492,254,0.08909859121388865,519,0.11484176434031668,256,0.08818105432352052,522,0.11513840209691761,259,0.08778950564100056,520,0.10662461590789629,230,0.08277428395200379,489,0.116879979556887,259,0.0866433492139559,518,0.11908749278666786,272,0.08613167282848434,525,0.11934828657817009,272,0.08632120066219079,524,0.12082118544757425,278,0.08602064585302116,524,0.11716560530359343,262,0.08718901024106802,518
"(68, 170)",0.1285094606772148,315,0.08257735535983243,544,0.1288097420520964,319,0.08310795879486989,539,0.13246787216332234,329,0.08330240548122655,540,0.13598660800649842,332,0.08339447109670942,541,0.1341244283204801,326,0.0834654068113481,541,0.13623574138959882,334,0.08323096459518008,538,0.12902029589567365,314,0.08247494105274146,544,0.13081360226723748,324,0.08322232542187677,539,0.1311841179685429,321,0.08362216810307482,541,0.13266062161843006,323,0.08354415288117714,540,0.133771163837622,321,0.08359829883840157,540,0.13587566210806412,331,0.08323451444389268,538,0.12818322786754854,310,0.08257792476568311,544,0.12822831733486573,317,0.08315459318348913,540,0.1321871588715754,327,0.0833563205485883,540,0.13788940999235932,335,0.08336358665767908,542,0.13574026423355545,329,0.08340120824316621,542,0.1354092052641992,332,0.08316998178659828,537,0.14537383511780488,359,0.07464817190120741,527,0.13348765340389301,328,0.0828898921291493,538,0.1311050360582059,321,0.0834151895991709,539,0.13082737873343653,314,0.08371886308657425,538,0.12927407494036558,311,0.08410334134264666,532,0.13317607093005235,325,0.08354485864235774,535
"(144, 9)",0.12291399055623187,285,0.08651860108548244,511,0.12669492222103274,308,0.08853360411699362,522,0.11719137116916101,261,0.08961718437130023,517,0.1123933284573162,251,0.09100852043649996,512,0.11412145104900606,248,0.09078855437570231,514,0.11637252860185976,262,0.09009822296684336,514,0.12813528688419917,308,0.08434714369883224,523,0.12184797739798459,282,0.08836973148419708,515,0.116156465437941,259,0.09039020156765933,513,0.11536404497336383,256,0.0905761089989543,515,0.11526964326245415,258,0.09106212858734962,512,0.11803236503210723,270,0.09004321532160779,516,0.12186912119638105,279,0.08672952417683452,511,0.12639800725459316,306,0.08865598087874321,521,0.11771189339007104,263,0.08991110763343614,517,0.1117164021553183,249,0.09128914897383555,511,0.11265481575562442,247,0.09097942873770187,514,0.11560306538084175,262,0.09025053527053017,512,0.10897740693153368,241,0.08276732855958062,491,0.1217590676185849,285,0.08729271943094483,515,0.11688432077575772,260,0.08930316451209283,518,0.1155426823132013,264,0.09070959233606347,511,0.11600456824439187,263,0.09091530656963757,508,0.11912267603265447,270,0.08964563320869293,510
"(144, 68)",0.12710947844567833,306,0.08555602842682467,518,0.12332026201602231,287,0.08933392199887102,518,0.13314801230151774,331,0.08588387101459635,530,0.1385157800498481,338,0.08488464710394283,534,0.13654879739197,336,0.0855180066669311,535,0.13404367670483996,325,0.08595100090917449,526,0.12191627883370693,279,0.08575762191573463,517,0.12820591789653757,311,0.08688409586177102,520,0.13428138088367514,330,0.08612526107118255,528,0.13515811983716364,329,0.08591911031808368,529,0.13526308822723632,327,0.08633422892876058,528,0.13223658377441316,313,0.08669635208048541,526,0.12818404734718158,311,0.08528124466385598,523,0.12361233924526194,290,0.08931700939307398,517,0.13258289147412028,329,0.08641536478524273,530,0.1392969324191342,340,0.08481596764190259,533,0.13821565241760192,335,0.08498469433796249,535,0.13489284337469898,328,0.08572548154775525,527,0.14252081037459097,348,0.07568532267633239,525,0.12829793860444083,306,0.08578379103117906,523,0.1334829102362377,329,0.0854365518442545,527,0.13495979210480402,323,0.08613227072477504,525,0.134448837072787,323,0.08655184994108327,520,0.13106753122789838,317,0.08683515419652404,519
"(9, 211)",0.13283625699924495,330,0.0946546376951121,494,0.12557397891398348,302,0.10061843944293176,489,0.13980779381259278,351,0.09365724151513938,504,0.15051110970774373,380,0.08822280354829598,524,0.1471514697519296,373,0.08875719623883024,523,0.14765483030837456,374,0.08839746936244468,519,0.14061470917527108,347,0.0916556795538853,498,0.12825179529714292,312,0.09899144492020871,488,0.13915794078764232,346,0.09299413959664324,505,0.14608886500945173,370,0.08964844166996015,517,0.14799353509254143,372,0.08891714867930844,520,0.1489640374762049,375,0.08830795834489064,519,0.1330663925900034,329,0.09447558495464646,495,0.12750179730350975,313,0.09985572442149343,492,0.14072388716055795,355,0.0935649821562783,505,0.1511974807988944,382,0.08809513220420118,520,0.1462465496536426,370,0.0889259951936383,520,0.14714342518821022,371,0.08878835087062549,516,0.12936535084090717,314,0.09174170762390627,459,0.13121633658952314,320,0.09677708622924137,490,0.13890715762569106,343,0.09302292942833304,501,0.14403162399796288,368,0.09037754567210121,512,0.1471497243804789,371,0.08912657766985287,514,0.1476713964136045,371,0.08866723126034656,515
"(9, 89)",0.08964884798143846,173,0.1111559266301611,439,0.08362025819410812,145,0.11820825295741827,434,0.08177774343516675,148,0.11641064322538121,438,0.09069093842356168,176,0.10935924010599365,453,0.09411015617226215,187,0.10732984200122826,460,0.09849079909298375,202,0.10521794448653064,458,0.08749116452810435,167,0.11147591146205994,437,0.08486445365595663,156,0.11675933049749143,433,0.08785856577316853,169,0.11238524581025675,444,0.0929636899830566,182,0.10853567311404938,452,0.09381480762412253,188,0.107945763858346,454,0.09809156330460922,199,0.1057237282860132,455,0.08903877077425248,169,0.1113134707008104,441,0.08228311526281162,145,0.11878413754965761,433,0.08105696939036655,144,0.11701684714929164,436,0.09124148982505909,180,0.10919498561273669,454,0.09624731036521772,196,0.10630394782385195,463,0.09763659389773194,202,0.10586409296084184,458,0.09374642609180028,193,0.1046964661164444,420,0.08974187560794944,171,0.11297938752690313,440,0.09001701543531149,172,0.11132353565712118,446,0.09343977180706797,186,0.10847611965303751,450,0.0939053867192794,190,0.10786494470056128,451,0.09845781460801306,200,0.10555840680902304,458
"(9, 186)",0.258063657133088,554,0.06541130921757891,583,0.2533497528295403,553,0.06868280946582106,583,0.2590685899946332,555,0.06607648396615416,589,0.25586238333297273,558,0.06501510091912961,590,0.25435524927915876,557,0.06496616670119432,591,0.25671122347285025,557,0.06439856351845104,589,0.25688358741415185,555,0.06521958788397145,586,0.2556011309108126,555,0.06779026000094483,584,0.26264398765061103,560,0.0648423107689967,591,0.26094466899027546,561,0.06424363326194854,592,0.25655458342609383,557,0.06487562627382394,590,0.2559607195964433,558,0.06473710490189932,590,0.2602103136594638,556,0.06496299226436628,583,0.2537593448139249,553,0.06854452612659398,583,0.25773842579339956,555,0.06644929266582769,590,0.25429645295711834,557,0.06533946895378752,590,0.25214698146816883,556,0.06528654874571224,591,0.25378203577867064,557,0.06508783497284731,588,0.25840026322930854,537,0.06259392858326007,554,0.2537143045227104,555,0.06729358852417057,585,0.2578439673720023,558,0.06564843375496854,588,0.2552966983094789,558,0.06531652203693672,590,0.24951576436951095,554,0.06609501430661939,589,0.24308502571499713,550,0.06702667537786709,585
"(9, 144)",0.1550710469329898,396,0.0879963931980279,508,0.15185612188462394,389,0.09217179224214772,508,0.15282816331174953,392,0.08977052584877045,516,0.14482830624001963,361,0.08986305829559031,515,0.1464302584806325,369,0.08896546836490321,522,0.14020978822715802,351,0.09058134955071875,511,0.1549078722820194,389,0.08750577970505462,507,0.1522846878529427,384,0.09140248368206902,506,0.14850640278394178,376,0.09018660672382287,515,0.14274649970705044,359,0.09063452235735023,514,0.14250078597919336,357,0.09052610496845771,514,0.13755216212718713,341,0.09168151021987085,507,0.15558472674535195,397,0.08775546911357651,509,0.15235319055710062,388,0.09194155341549988,508,0.15225656983007085,391,0.09011940399423123,515,0.14370993003735832,358,0.09026098720439589,514,0.14560826860219,369,0.08911111688488435,519,0.14091418446093062,352,0.09061941068743716,510,0.18995519945445694,452,0.07578455021469305,524,0.14931399247661759,372,0.09113807000528056,505,0.1491058555272501,377,0.08996485556125725,512,0.14591007674650136,371,0.08982453034258761,516,0.14644670520791414,369,0.08933043071402633,513,0.14424637450493993,362,0.08966214324202798,509
"(9, 69)",0.06690749787761208,97,0.12305725945902043,417,0.07405442211274615,112,0.12333877051392558,423,0.06910312546190223,101,0.12333013407875275,420,0.0640403132686932,86,0.12332309216981997,419,0.06305098067690518,86,0.12334237176835759,419,0.0625548115587643,85,0.12335249944123541,420,0.06517601417603358,91,0.12335249944123537,416,0.07251499811107842,106,0.1233524994412354,420,0.06725890474304219,95,0.12328421537223233,420,0.0644930398562461,86,0.12325676084258771,421,0.06396551291088859,87,0.1233342393918232,416,0.06319219531864684,85,0.12335249944123539,418,0.0667425126894079,98,0.12301948926775431,417,0.07390045499862197,113,0.12331390155949115,424,0.06955348959904006,101,0.12331790086244225,419,0.06423783423938889,88,0.12329465789737586,422,0.06285495995158863,88,0.12333605346409847,420,0.06309907729531372,88,0.12335249944123546,418,0.05795089573638512,105,0.12335249944123543,380,0.06986987206241202,103,0.12335249944123537,419,0.06719057980769494,94,0.12326042799380771,419,0.06467667484732342,88,0.12331421090486212,417,0.06389983597205673,87,0.12332750906437834,418,0.06316799829965969,87,0.12335249944123547,420
"(9, 23)",0.17675428351844646,447,0.0822923164322339,546,0.18883068202615683,471,0.08230469301519223,550,0.17975375880132205,454,0.08260608154225034,548,0.1737575767203695,433,0.08205100208619137,552,0.17320527039588862,430,0.08179392600697749,552,0.17213842534735435,427,0.08186070586768013,548,0.17623276304048985,445,0.08191985721100815,545,0.18385791022867504,462,0.08294018949438632,540,0.1755543792502443,445,0.0828848440120726,545,0.17262160461152432,430,0.08247649497747968,550,0.17355928151523825,435,0.08207708669132263,550,0.17346905318456896,431,0.08179338975002168,550,0.17589811433726743,443,0.08241347297714177,545,0.18832432588007253,469,0.08235248888944563,549,0.18063780383059025,454,0.08255701680151784,548,0.1739258517931902,431,0.08207119028032432,552,0.17359009773004097,427,0.08161335916326913,553,0.17400101856112338,431,0.08162314368475347,547,0.16158891261914765,403,0.08257076605035042,497,0.1814286454706262,455,0.08250947209665074,545,0.17468393737088517,444,0.0830597328072081,540,0.17394858474795472,435,0.08225821245608814,550,0.17488058334418066,434,0.0817177282204773,549,0.17558300201112043,434,0.08126146000067186,548
"(175, 238)",0.10637728593891316,221,0.15704161876320347,349,0.10446748369573,217,0.16299978846823093,351,0.12891105801089797,312,0.15264226977721315,367,0.14079888193249246,348,0.1484761316755707,374,0.1391937560989953,343,0.14567654684203746,378,0.13843532048260876,340,0.1407587391385175,384,0.11637811098006778,257,0.15051056349807068,363,0.11702130276362888,259,0.15704295098066362,355,0.12316767240140891,288,0.1526413893219713,367,0.1324568278073025,321,0.14820185092196886,373,0.13124789285119087,313,0.14511647372286074,377,0.13390264656049256,322,0.13957353663219976,385,0.10562445587038338,221,0.15700207325250362,350,0.10246852606906054,210,0.16447711537496365,352,0.1276675555582487,307,0.15288523224596512,366,0.14495461484022343,362,0.1478039354183629,374,0.14653088370494516,371,0.14459208518152253,382,0.1352972293330884,331,0.14062955853178968,386,0.11983962602734666,274,0.14280982496859598,342,0.11443512911280262,249,0.15607815369828884,359,0.12355374206350633,291,0.15282624440574952,368,0.13750501827095696,335,0.147664346599128,373,0.135719172725002,327,0.14646252855834294,376,0.12849072667666572,306,0.14370705583673302,373
"(175, 239)",0.1456783919831366,368,0.14141626155834827,377,0.14806065076474773,376,0.14511117793914174,381,0.12116885851600301,279,0.15582645859035263,361,0.11042950823124964,240,0.16100078743614782,350,0.11180551076145939,241,0.15671424920638077,355,0.11246335233521865,244,0.15085301565808276,363,0.13403754281091018,328,0.14358704691053437,376,0.1333333631689606,332,0.15035820962450602,370,0.12685041072332093,304,0.1511496905749492,371,0.11782842027173368,264,0.1540973106240636,365,0.11895360378245123,273,0.14995293202451934,369,0.11650096657828768,263,0.14620300327296198,372,0.14661095787435663,366,0.14074665167897404,378,0.15061362470830275,382,0.14465969893561778,382,0.12236986391279747,285,0.15506039739023247,361,0.10696625768651713,230,0.16356149790285626,348,0.10568883203587975,222,0.1612295137472192,352,0.11523896060693617,260,0.14835646285940318,367,0.13030642690488814,315,0.13887890697832578,347,0.1361958912523562,341,0.14727891349911446,375,0.12645750023954072,304,0.15164742641443185,370,0.11327709430099919,250,0.1575195505511856,358,0.11486063330332108,258,0.15484001094933308,363,0.12157307491283464,281,0.1463826325601893,372
"(238, 216)",0.12173243384826837,280,0.13994081090856547,379,0.11303113083105876,246,0.1497349652839824,372,0.12553395057192396,298,0.1447854729464458,380,0.13391675808068293,324,0.14169895163888785,387,0.1348590460646828,327,0.13860045916985306,392,0.14124108975352767,354,0.13195827607403318,398,0.12662457630922552,301,0.138039478386013,385,0.12068510370768815,274,0.14679927542536508,376,0.12296110872895738,286,0.14449516898916656,383,0.1301978734611804,313,0.14011320187961177,391,0.13067737859796313,311,0.13740492112552716,395,0.13812299193648436,343,0.13114077407759775,401,0.12191939455542022,281,0.13956391301937188,379,0.11368279889998223,251,0.14887180810625494,375,0.12449616718185519,295,0.14469396353681543,378,0.13526778827295427,326,0.14155808035729064,388,0.14085786107841258,349,0.1374222132599475,401,0.1401472727393125,348,0.13195062230355165,400,0.1177365943025519,266,0.14008678317611423,346,0.11499534626374586,253,0.147876899395795,374,0.12246574504554009,284,0.14535512890551236,380,0.13702892477160789,332,0.1383795625214922,392,0.13790742093323494,336,0.13692516208219965,395,0.13345334264549513,326,0.13432621594792726,397
"(238, 175)",0.1283255215737401,313,0.13750193458263177,387,0.1377853018735704,346,0.14016996118381153,391,0.12446756566173489,295,0.1451977843616645,378,0.11648810672115095,262,0.14844004725681184,375,0.11563356376929301,257,0.14589152365285318,375,0.11005424414481901,234,0.14340183917074809,378,0.12338937885442791,285,0.13923552347485424,381,0.12941653769498185,319,0.14342071249334692,384,0.12706130631812584,307,0.1429238847609922,387,0.11994234358601752,275,0.14399790640171709,380,0.1194894884968909,276,0.14156607498235807,385,0.1127357049603579,244,0.14032635363254298,381,0.12813206614157768,309,0.13727078802474657,389,0.13704441793193545,343,0.13988042141541354,393,0.12550519032009833,299,0.1443051547084087,381,0.11526541869566809,261,0.14931374337058284,371,0.11037936302886542,238,0.14905778869460926,375,0.11098546761077577,238,0.14262126614593984,380,0.13255615536609722,324,0.13465867987634905,360,0.13556872263338016,338,0.1399825572290291,386,0.12756897786298804,310,0.1433904447090949,385,0.11369647816420247,253,0.1472630188552789,374,0.11292418062706544,248,0.14635812145015523,377,0.11691138747235752,261,0.1403842311314595,386
"(216, 49)",0.08256988890580852,145,0.23226948820715715,234,0.08161186747623284,142,0.23226948820715743,239,0.08199298129274579,149,0.23226948820715762,239,0.082449178462771,151,0.23226948820715726,238,0.08376455414896555,155,0.23226948820715781,239,0.08674136258453569,168,0.23226948820715693,238,0.08305096057067818,147,0.2322694882071584,234,0.08272677560999231,146,0.23226948820715837,235,0.08204825397912896,144,0.23226948820715781,238,0.08175798475309426,145,0.23226948820715754,240,0.08209145230610593,146,0.23226948820715795,239,0.08522817540775973,158,0.232269488207158,240,0.08235078926302353,147,0.23226948820715707,234,0.08181485286214796,143,0.23226948820715748,239,0.08212085346225861,149,0.23226948820715596,239,0.08290261911078534,153,0.23226948820715684,238,0.0871643959569679,166,0.23226948820715956,240,0.08784876491723947,168,0.23226948820715906,237,0.08709421901580772,179,0.23226948820715793,209,0.08242296954181749,143,0.23226948820715765,237,0.08289465072136193,147,0.23226948820715773,241,0.0843896501168423,149,0.23226948820715776,240,0.08516567239133588,160,0.2322694882071583,238,0.08525450317404726,164,0.23226948820715798,242
"(216, 168)",0.30143053869367875,572,0.12200536475673344,421,0.30771046426455784,576,0.11961379198911104,431,0.29194330262309,571,0.1246897538907971,416,0.28866516168616874,569,0.1259674858338884,412,0.28217939988758756,567,0.1287499417323748,411,0.2833001416840104,568,0.12991013771235166,404,0.291667379007866,568,0.12531223918981843,409,0.29487718055503076,571,0.1241309753909777,414,0.291895153150906,572,0.12473299364449379,415,0.289214082408054,571,0.125439454609855,414,0.2855805418088597,570,0.1267783118777666,411,0.2853161046450079,569,0.12847155968921684,408,0.30056469979860756,573,0.12216529841606519,420,0.3078580837182757,576,0.11966777879316853,430,0.2904042317605213,571,0.12524411699264848,415,0.2872832639588334,567,0.12664368690983147,413,0.27239999099213497,564,0.13381051839769728,406,0.2859911374513825,568,0.12958316756314556,407,0.2582942838554053,536,0.1387319153699007,348,0.29510151101401805,572,0.12390797248009283,417,0.28977800694447264,571,0.125837122670211,412,0.2799332940003103,569,0.129815995092989,407,0.27611864897955896,567,0.13149653854461055,402,0.28180716060629485,567,0.12964155884374037,406
"(216, 29)",0.04079342022396848,53,0.28426757933763164,168,0.04015389261312463,51,0.28426757933763136,170,0.04040803397081316,50,0.2842675793376313,167,0.04071271539174126,51,0.284267579337631,169,0.04159407308464247,52,0.2842675793376313,169,0.043604053514450514,52,0.28426757933763147,168,0.04111541092286919,52,0.2842675793376313,168,0.04089836529569335,52,0.2842675793376318,167,0.04044492174714742,50,0.2842675793376312,166,0.04025128673684586,51,0.28426757933763125,166,0.04047375661157515,51,0.28426757933763136,166,0.0425796874942983,51,0.28426757933763136,168,0.040646960629855844,51,0.2842675793376313,167,0.04028920633628952,52,0.2842675793376312,170,0.04049338450379403,51,0.2842675793376311,167,0.041016062676953124,51,0.2842675793376313,169,0.04389139550444321,52,0.28426757933763147,169,0.04435713305111755,54,0.28426757933763175,166,0.04384369937964405,76,0.2842675793376313,148,0.04069519730856097,51,0.2842675793376313,166,0.041010727555653936,50,0.28426757933763164,166,0.04201438733467733,51,0.28426757933763125,167,0.04253749241260585,52,0.2842675793376314,165,0.0425974638631299,52,0.2842675793376316,169
"(216, 238)",0.25797701514229676,553,0.13636462725586412,390,0.25821510763106936,556,0.1357521602993419,401,0.27004521147796345,562,0.13187205086133288,404,0.2703149103464466,564,0.13202436610757007,403,0.2684715161987147,562,0.1333569009384704,403,0.25025495631354844,554,0.14146602426902916,382,0.26386500634384114,561,0.1345637310313391,391,0.2628798187012873,559,0.13473032662098075,398,0.2697490383790242,562,0.1320021559570406,403,0.2740874704712877,565,0.13038510889514504,405,0.27549148438655835,566,0.13009229967970687,406,0.25693088478101755,560,0.13820002923194571,387,0.26003781970029083,555,0.13551825960432942,393,0.2568808204868568,556,0.1363352311393904,400,0.27069931478439235,562,0.13171868333985048,404,0.2688435888478481,564,0.13276808137579288,402,0.25799393163828044,559,0.13887829675236865,393,0.24189347515404747,548,0.14522690055490953,373,0.27250008922887936,542,0.13373922018528034,361,0.2645038069122647,560,0.13400176295119035,398,0.2665524590295172,561,0.13354970587379353,403,0.2668747212877465,562,0.13424216385919924,400,0.2659475252936938,561,0.13498040804181627,397,0.26002049179604003,561,0.13711201041745383,395
"(49, 48)",0.17614287877048085,446,0.18208349155197637,309,0.17614287877047752,448,0.18208349155197776,318,0.17614287877048285,442,0.18208349155197615,320,0.17614287877047974,443,0.18208349155197648,318,0.17614287877047863,437,0.1820834915519775,322,0.17614287877048151,440,0.18208349155197645,320,0.17614287877047907,444,0.1820834915519772,310,0.17614287877048007,443,0.18208349155197695,319,0.1761428787704793,448,0.18208349155197692,322,0.17614287877048007,446,0.1820834915519767,320,0.1761428787704793,444,0.18208349155197684,323,0.1761428787704794,441,0.18208349155197692,321,0.17614287877048196,446,0.18208349155197612,311,0.17614287877048196,448,0.18208349155197595,322,0.17614287877047685,443,0.18208349155197803,318,0.17614287877047818,439,0.18208349155197776,319,0.17614287877048274,437,0.1820834915519763,325,0.17614287877047885,440,0.18208349155197714,319,0.17614287877047952,423,0.18208349155197698,282,0.17614287877048007,443,0.1820834915519767,322,0.17614287877048018,449,0.18208349155197706,320,0.17614287877047952,445,0.18208349155197695,320,0.17614287877047952,442,0.18208349155197673,323,0.17614287877047996,438,0.1820834915519769,324
"(49, 216)",0.08485947074781297,153,0.23226948820715856,233,0.08485947074781497,152,0.23226948820715693,240,0.08485947074781186,157,0.23226948820716023,238,0.08485947074781364,157,0.23226948820715754,237,0.08485947074781452,160,0.23226948820715757,240,0.08485947074781275,158,0.2322694882071592,237,0.08485947074781419,153,0.23226948820715773,235,0.08485947074781353,155,0.23226948820715837,236,0.08485947074781408,153,0.2322694882071576,239,0.08485947074781353,153,0.23226948820715818,239,0.08485947074781408,154,0.23226948820715743,240,0.08485947074781386,155,0.2322694882071578,241,0.0848594707478123,155,0.23226948820715915,233,0.0848594707478123,152,0.23226948820715904,238,0.08485947074781552,157,0.2322694882071567,238,0.08485947074781475,159,0.23226948820715762,237,0.08485947074781186,159,0.23226948820716026,239,0.08485947074781419,158,0.2322694882071575,238,0.08485947074781386,171,0.23226948820715798,208,0.08485947074781353,152,0.23226948820715806,236,0.08485947074781353,152,0.23226948820715868,240,0.08485947074781386,151,0.23226948820715793,239,0.08485947074781386,156,0.2322694882071577,239,0.08485947074781364,159,0.23226948820715806,241
"(48, 50)",0.06748565619498736,98,0.2651490686266788,190,0.06748565619498792,98,0.2651490686266784,190,0.0674856561949867,94,0.26514906862668003,193,0.06748565619498614,102,0.26514906862668,192,0.06748565619498814,100,0.265149068626678,193,0.06748565619498703,100,0.26514906862668103,190,0.06748565619498725,98,0.26514906862667975,190,0.06748565619498748,94,0.2651490686266793,191,0.06748565619498748,97,0.26514906862667886,193,0.06748565619498725,99,0.26514906862667975,192,0.06748565619498748,97,0.2651490686266791,192,0.06748565619498725,97,0.2651490686266797,193,0.06748565619498814,99,0.26514906862667814,190,0.06748565619498703,97,0.2651490686266798,191,0.06748565619498725,94,0.2651490686266784,193,0.06748565619498736,102,0.26514906862667925,192,0.06748565619498748,102,0.26514906862668014,193,0.0674856561949867,98,0.26514906862667986,190,0.06748565619498736,125,0.2651490686266795,164,0.06748565619498725,94,0.26514906862667936,190,0.06748565619498736,95,0.2651490686266794,193,0.06748565619498736,97,0.2651490686266797,193,0.06748565619498725,97,0.2651490686266794,190,0.0674856561949877,98,0.2651490686266793,193
"(48, 49)",0.20838673730829438,510,0.18208349155197653,308,0.20838673730829338,512,0.18208349155197698,319,0.20838673730829604,518,0.1820834915519762,319,0.20838673730829704,509,0.1820834915519754,319,0.2083867373082927,511,0.18208349155197714,323,0.20838673730829538,511,0.18208349155197742,319,0.20838673730829504,516,0.18208349155197687,311,0.20838673730829416,514,0.18208349155197703,318,0.20838673730829405,512,0.1820834915519768,323,0.2083867373082947,513,0.18208349155197692,319,0.20838673730829416,516,0.1820834915519768,324,0.2083867373082947,513,0.18208349155197687,322,0.20838673730829282,509,0.1820834915519772,310,0.20838673730829538,512,0.18208349155197656,321,0.20838673730829482,518,0.18208349155197598,319,0.2083867373082947,508,0.1820834915519766,320,0.20838673730829438,507,0.1820834915519775,324,0.20838673730829604,514,0.18208349155197606,320,0.2083867373082946,483,0.18208349155197687,283,0.20838673730829504,514,0.1820834915519766,323,0.2083867373082946,513,0.18208349155197692,321,0.2083867373082946,513,0.18208349155197703,319,0.20838673730829504,513,0.18208349155197656,324,0.20838673730829405,512,0.18208349155197717,323
"(50, 10)",0.154319371493308,394,0.24672035531055783,211,0.15431937149330688,396,0.24672035531055855,214,0.15431937149330488,395,0.24672035531055905,214,0.15431937149330688,393,0.24672035531055808,215,0.15431937149330688,394,0.24672035531055855,215,0.1543193714933071,394,0.24672035531055792,214,0.1543193714933071,385,0.24672035531055891,209,0.15431937149330754,389,0.24672035531055814,214,0.15431937149330754,390,0.24672035531055792,215,0.15431937149330777,395,0.24672035531055808,216,0.15431937149330777,393,0.24672035531055775,217,0.15431937149330732,391,0.24672035531055833,217,0.1543193714933071,390,0.24672035531055844,210,0.1543193714933071,397,0.24672035531055783,214,0.15431937149330666,395,0.24672035531055808,215,0.15431937149330666,394,0.2467203553105587,214,0.15431937149330888,391,0.24672035531055794,215,0.15431937149330688,388,0.24672035531055825,214,0.15431937149330732,383,0.2467203553105582,187,0.15431937149330754,388,0.24672035531055803,214,0.15431937149330732,390,0.24672035531055858,216,0.15431937149330754,394,0.2467203553105582,216,0.15431937149330666,393,0.24672035531055853,215,0.15431937149330766,391,0.24672035531055803,218
"(50, 48)",0.09965138596085132,197,0.2854416540675068,166,0.0996513859608521,199,0.28544165406750627,169,0.09965138596085366,198,0.2854416540675041,165,0.0996513859608521,201,0.2854416540675058,168,0.09965138596085199,202,0.2854416540675064,168,0.09965138596085199,204,0.2854416540675058,166,0.09965138596085199,205,0.28544165406750704,166,0.09965138596085166,203,0.28544165406750655,165,0.09965138596085166,203,0.28544165406750643,164,0.09965138596085132,198,0.28544165406750704,165,0.09965138596085144,199,0.28544165406750655,165,0.09965138596085188,204,0.28544165406750666,166,0.09965138596085199,200,0.28544165406750655,164,0.09965138596085199,198,0.2854416540675058,169,0.09965138596085232,198,0.2854416540675055,165,0.09965138596085232,200,0.28544165406750605,168,0.09965138596085055,205,0.2854416540675083,166,0.0996513859608521,209,0.285441654067506,165,0.09965138596085188,211,0.2854416540675065,146,0.09965138596085166,204,0.28544165406750643,165,0.09965138596085188,201,0.285441654067507,165,0.09965138596085166,200,0.2854416540675067,164,0.09965138596085232,203,0.28544165406750605,164,0.09965138596085144,204,0.2854416540675068,166
"(10, 224)",0.13142106092101846,325,0.23854951287751264,223,0.13142106092101824,327,0.23854951287751194,227,0.13142106092101857,326,0.23854951287751228,227,0.13142106092101857,316,0.23854951287751147,228,0.1314210609210179,314,0.2385495128775125,226,0.13142106092101802,311,0.23854951287751228,225,0.13142106092101824,323,0.2385495128775122,224,0.13142106092101824,325,0.23854951287751222,229,0.13142106092101857,322,0.23854951287751175,231,0.13142106092101802,316,0.23854951287751242,229,0.13142106092101857,314,0.2385495128775118,231,0.13142106092101802,310,0.23854951287751225,230,0.13142106092101713,326,0.23854951287751194,222,0.13142106092101857,324,0.2385495128775116,228,0.1314210609210169,325,0.2385495128775145,228,0.13142106092101802,316,0.23854951287751266,227,0.1314210609210179,318,0.23854951287751225,227,0.13142106092101857,313,0.23854951287751128,227,0.13142106092101846,321,0.23854951287751228,199,0.13142106092101868,321,0.2385495128775118,227,0.13142106092101857,323,0.2385495128775121,232,0.1314210609210179,316,0.2385495128775122,231,0.13142106092101802,317,0.23854951287751217,231,0.13142106092101757,319,0.23854951287751278,231
"(10, 50)",0.11879157091221781,267,0.2467203553105589,210,0.11879157091221804,268,0.24672035531055792,215,0.1187915709122177,267,0.2467203553105587,215,0.1187915709122177,272,0.24672035531055786,216,0.11879157091221837,271,0.24672035531055792,216,0.11879157091221826,277,0.246720355310558,213,0.11879157091221804,264,0.24672035531055822,210,0.11879157091221826,268,0.24672035531055805,215,0.11879157091221781,267,0.24672035531055797,214,0.11879157091221826,270,0.24672035531055814,215,0.11879157091221781,272,0.24672035531055808,216,0.11879157091221826,275,0.24672035531055805,218,0.11879157091221904,266,0.24672035531055655,211,0.11879157091221781,272,0.24672035531055783,215,0.11879157091221915,269,0.24672035531055891,214,0.11879157091221837,271,0.24672035531055833,215,0.11879157091221837,270,0.24672035531055767,216,0.11879157091221781,276,0.2467203553105576,215,0.11879157091221781,272,0.24672035531055847,186,0.1187915709122177,270,0.24672035531055822,213,0.11879157091221781,271,0.24672035531055836,217,0.11879157091221837,270,0.2467203553105577,217,0.11879157091221837,274,0.2467203553105578,216,0.11879157091221848,268,0.24672035531055808,217
"(209, 138)",0.057016148134952815,77,0.2204581944502695,253,0.0664669404494781,92,0.2349777875327468,230,0.075950552363236,123,0.22549168596800154,251,0.08455807554594086,156,0.21632159543207308,260,0.08324301130613199,154,0.21877803509689916,261,0.08548744433887301,162,0.21737812913003798,260,0.062277540660529374,86,0.21455407859858192,259,0.07318329460860629,111,0.22184111960151734,255,0.07456544838429502,117,0.22915967046586902,245,0.07886133602773793,137,0.2244758793756705,254,0.08091390516866748,143,0.221833477037225,260,0.08505398098608308,156,0.21792015165276513,263,0.05689060872822038,77,0.2226083936285141,253,0.06598295046380775,90,0.2365589594429059,229,0.07567321721482378,122,0.2251681208994591,252,0.08510702737830278,161,0.2154749168507002,261,0.08399984865646959,155,0.21834084229914458,263,0.08575037897560767,161,0.21668959171584068,259,0.06562751448413362,120,0.21803982797636282,227,0.07322942582452074,111,0.21998379282836467,257,0.07484164779991165,119,0.22836251304855926,250,0.07884495389582424,135,0.22299817882630973,256,0.08103249587414851,142,0.219189525184734,261,0.08490794192109341,160,0.21541974559937557,267
"(209, 244)",0.23273723835097437,534,0.13794424251403153,386,0.21056543866827615,517,0.15999251913610119,355,0.19161057042700036,486,0.1656409419019302,346,0.17663434974059933,444,0.16922318033380257,341,0.17880335897256328,443,0.1695616968096675,342,0.17512551017141442,434,0.17115916278912535,338,0.219934481096541,527,0.14089085945856483,379,0.19684950277212265,493,0.15951490148383102,353,0.1942048502964988,491,0.16655744222417815,347,0.18633295490153245,468,0.16853670592486314,345,0.1827461305548198,456,0.16907734146781978,342,0.17582680084475721,438,0.17106739799751264,339,0.23305826715633815,535,0.13912341352701124,381,0.21161369394995921,520,0.160411458981474,356,0.19212561958858665,488,0.16505393242163438,348,0.17574075002529732,436,0.1692106539348029,340,0.1775501441963061,441,0.17013257404520116,342,0.17470217515734432,436,0.17092960796826678,338,0.21238901309757197,491,0.1474078009076095,335,0.196760312057218,494,0.15823652165034963,352,0.19368311973757768,489,0.16633181886224363,346,0.1863620201094427,471,0.16740694883003585,347,0.18254216336771045,456,0.16720597915143237,347,0.17606403284939365,437,0.16893179559964971,343
"(138, 19)",0.0104053580697816,29,0.26020573950314113,195,0.013173222970902176,30,0.3082822665983834,144,0.02237180871886557,35,0.2701064637814206,188,0.03039834665728991,39,0.2517645092386076,210,0.02626678075434752,38,0.2657044265843668,191,0.02783314919509794,38,0.26285637820937297,194,0.013581204894148824,31,0.23985198649110834,222,0.020599249581654377,35,0.2576789222621107,201,0.02281895968120584,36,0.2709592789949602,187,0.02472054731586626,37,0.26854773595439607,188,0.02521495492322945,37,0.26752769986451486,191,0.028411672707353786,39,0.26025855405379655,199,0.010078595525674583,29,0.26695975478545425,189,0.012919750018542953,30,0.3118431985491583,140,0.02224557484381351,36,0.2691073453508291,188,0.031081365677566253,39,0.24993008253398677,210,0.026773725560092276,39,0.26624482300944263,191,0.026635225875895396,38,0.2636912625542348,194,0.013520248498052112,47,0.2542608015704528,180,0.022025976931459024,36,0.24688949434451243,212,0.0228185185456794,36,0.2683411665041977,189,0.02435369506213303,37,0.2659207879372858,192,0.024734003558816386,37,0.2621152753937088,192,0.02758275001770072,39,0.25679073416439235,206
"(138, 24)",0.9999999999999994,602,2.7035154702695817e-17,601,0.9995000999900006,601,0.0,602,0.9995000999900006,601,0.0,602,0.9995000999900006,601,0.0,602,0.9995000999900006,601,0.0,602,0.9995000999900006,601,0.0,602,0.9995000999900006,601,0.0,602,0.9995000999900006,601,0.0,602,0.9995000999900006,601,0.0,602,0.9995000999900006,601,0.0,602,0.9995000999900006,601,0.0,601,0.9995000999900006,601,0.0,602,0.9999999999999994,602,5.4070309405391596e-17,601,0.9999999999999977,602,2.252929558557983e-16,601,1.0,602,9.011718234231934e-18,601,0.9995000999900006,601,0.0,602,0.9995000999900006,601,0.0,602,0.9995000999900006,601,0.0,602,0.9995000999900006,602,0.0,602,1.0,602,1.8023436468463865e-17,601,0.9995000999900006,601,0.0,602,0.9995000999900006,601,0.0,602,1.0,602,2.7035154702695798e-17,601,0.9995000999900006,601,0.0,602
"(138, 209)",0.07693178145631885,127,0.17440025673329929,323,0.06525915820328043,90,0.22385080395823026,255,0.04274660234086958,52,0.23729843632975275,229,0.03212063550979272,41,0.24900477493236067,212,0.036962373536365334,44,0.2481579479372926,212,0.034994470605210326,43,0.2510909752811919,211,0.06382225773540862,88,0.17600967753756885,324,0.04591089693995265,56,0.21951591881517749,258,0.04200709315389639,52,0.23982732876464807,227,0.03909157544247266,49,0.2450284298183908,218,0.03838896698164762,47,0.24595695609818452,219,0.03431076569335456,42,0.25062148052260574,213,0.07858579692150025,134,0.17703412373561267,320,0.0661832302005545,91,0.22492488467003338,256,0.042959407350396606,52,0.2359188390358016,230,0.03141936548018598,40,0.24939001949060366,212,0.03630591313832099,44,0.2505113806620487,212,0.03648333675120741,45,0.2476099577598737,213,0.06403312087226243,117,0.18629251795894172,274,0.04333395833107745,55,0.21563734396935733,260,0.04200781194020575,53,0.2375082940056453,233,0.03962696629157059,50,0.24124987479157486,224,0.03907216823303328,49,0.23920910853929353,228,0.03529733578553351,43,0.24443223360441563,220
"(19, 35)",0.10600771092903893,219,0.2041973633517236,274,0.14859566413473335,377,0.22694538562634664,252,0.18735214734305328,475,0.20296126497087985,282,0.22792788415841447,536,0.1916072323220723,300,0.2132250530788572,519,0.19865013258161343,289,0.20967914411739086,512,0.1977095877782616,288,0.11933803893150075,265,0.19329838330015164,287,0.1658865874705865,417,0.20029121440717002,284,0.189721531061109,477,0.20317880152131265,280,0.19343494808980388,487,0.20273337817937054,283,0.20010002288635276,505,0.20133645269920442,284,0.2173093000751053,531,0.19746167576159823,290,0.10422245802858121,216,0.20861833809222682,271,0.14728912112991654,374,0.22874791125942986,248,0.18317398754413294,462,0.20408353993209286,279,0.23028146626724122,538,0.19157848270850594,299,0.21788252307130795,523,0.19899477138298788,293,0.19772464428999537,497,0.1976792581084704,288,0.13346920126430795,326,0.2016568212089395,249,0.16426822552752207,414,0.19531828456898334,295,0.1859725422957208,469,0.2039279412908861,282,0.18798348738172777,477,0.20128127492874587,285,0.18375669539499762,463,0.1984158196833724,288,0.1914071386227265,484,0.19594645372553818,297
"(19, 138)",0.1461351544254451,370,0.1834753457115336,305,0.10404453966238403,216,0.2555741774012852,205,0.07828924842371587,132,0.2714763562208622,187,0.058933326445483214,76,0.3007627628547531,152,0.06524663701706213,93,0.29479190866738825,157,0.06687925627824809,99,0.2893669970562594,160,0.13083827397666048,320,0.18746041979569625,302,0.09145266625827997,180,0.24426816334342547,217,0.07697784901827398,129,0.2744492262203784,184,0.07497344116443072,119,0.2780573776722954,176,0.07152452719367042,104,0.2836959440672575,168,0.06342101545981327,86,0.29769019155783005,151,0.14837026880622461,374,0.185448770085201,303,0.10508122408236176,220,0.2559994229194784,205,0.08066580204197016,142,0.2682456944219842,189,0.05798648851070409,74,0.30338268320983,148,0.06316936171086796,90,0.3006632177967531,154,0.07273241540971231,112,0.2758917411040237,181,0.11689686919510156,264,0.2107684706150986,241,0.0925486655966169,183,0.23648523799341095,229,0.07906480723795328,136,0.2712055704177599,187,0.07793729394176152,130,0.2699364307778952,186,0.08032933963413136,137,0.2614363393764873,194,0.07606041656726958,122,0.26652454977459233,192
"(35, 36)",0.04939182068062142,65,0.2671731153761632,188,0.051206521382908265,63,0.3212195130994337,126,0.08712789269115873,164,0.25339093749886576,210,0.1271527596023927,302,0.21745740186140192,259,0.11867255904443774,270,0.22454570104017343,254,0.1250898013263093,297,0.22192034982379363,257,0.06850570851892157,102,0.23106109748513642,240,0.07887144528678713,135,0.24947067095721,211,0.09184473179066122,181,0.24660747434314909,216,0.10076820365742489,201,0.23688785052741793,231,0.10607552815102128,223,0.23257226275010556,238,0.12210457994056456,284,0.22635592583617423,252,0.047460994048472704,61,0.2750306212338804,183,0.05072734539435053,62,0.32330840538087335,122,0.08511974018593904,159,0.2551176262629341,208,0.12983491390187285,312,0.21669734844784025,259,0.12493617135545199,296,0.22273387025095218,257,0.13124856652863692,311,0.21895377629588092,258,0.07478780909932836,140,0.24137727490909797,194,0.082935112208806,147,0.23806131413237497,228,0.09065421353682168,174,0.24832376471030357,213,0.10254659192378801,210,0.23188006338851092,241,0.10896321486242955,230,0.22144803496704607,258,0.1214270497715253,278,0.21836212826624574,264
"(35, 19)",0.25375233310894696,550,0.15483688241767815,355,0.2484514488166052,548,0.18974186552604963,306,0.17250936857588317,434,0.20179291773091607,284,0.12287167676054866,289,0.21995416830214082,258,0.13154844892296236,315,0.21696662668480643,263,0.12491024166258613,294,0.22202663645051804,256,0.206241920791989,510,0.1600209229727432,346,0.186315022551935,468,0.1873168317923868,310,0.1653049655695884,417,0.20273513422637987,281,0.1528348251411329,392,0.20617840931448708,280,0.1460511873475936,367,0.20905535111855847,275,0.12794083404206247,301,0.22286034267161361,257,0.25962244329378337,554,0.15609149813921408,352,0.24983162532688374,550,0.1900269668800395,306,0.17572013703931288,441,0.200359551434927,285,0.12028663253515104,277,0.22228575885671642,257,0.12506385038045886,297,0.22265804731064442,258,0.11895297286286999,278,0.2262518797076323,250,0.19378464486878733,463,0.17573847889209537,298,0.17931706187164564,449,0.18410309972306063,316,0.16708048303538203,423,0.20253762259413016,286,0.15051275291774924,382,0.20403878143683876,283,0.14253778406798823,358,0.20248295304759756,283,0.1286423602191069,309,0.21420082200546006,270
"(36, 156)",0.09372224850427258,184,0.19195887814828788,288,0.12036116712081069,271,0.21239659732169724,270,0.15833273460708197,401,0.20742442608655592,275,0.2100191555651847,512,0.20283836001884867,283,0.19850046563255241,496,0.20640367057696776,280,0.20678719198497797,507,0.1966754733113018,292,0.09803928314641852,198,0.19879014228512443,282,0.12329153661159253,287,0.20710815040228564,277,0.14848839723927398,375,0.212354692031893,270,0.16283160179022937,412,0.20797020299710373,276,0.17542877382646105,441,0.20164451232348082,283,0.19694599476378172,497,0.1945589131515695,295,0.09215182024316926,184,0.19521688929180112,286,0.12137612314174073,276,0.21271165145432241,270,0.15403160303209484,394,0.20968442703873863,272,0.2137550990308894,518,0.20388745708816583,281,0.2065309388397234,503,0.2110395799034896,276,0.20443674831418834,505,0.19804447013314488,287,0.10733480313010602,236,0.21299138240960352,236,0.12302007358637046,290,0.2032329072276996,282,0.14413738304207524,364,0.21707003788426812,263,0.16416188338963678,415,0.20578720364683037,281,0.17485422205529133,433,0.1929129595934831,295,0.19385807631192076,491,0.19202272530721465,302
"(36, 35)",0.16256096956021582,412,0.15976574759670462,347,0.12975651737664884,323,0.20714126531105082,279,0.09670811210271713,191,0.24447202297382312,217,0.06672074032722541,100,0.2972688759932957,157,0.07233536339278457,111,0.2889710728834172,161,0.06824474619492249,104,0.28460007375898905,167,0.15649912768917973,393,0.17009475154298365,331,0.1267241738334084,303,0.20522099508262193,280,0.10412916428012264,213,0.23902054933377911,228,0.09353500784020174,185,0.25018193763432983,212,0.08529967692668072,157,0.2564312136848315,204,0.07313342452785054,111,0.27068335197759497,188,0.16485150766215784,416,0.16081296268214523,346,0.12869529944616676,320,0.2086002406081592,276,0.0998666646709867,199,0.24226793660006427,219,0.06500644038730541,92,0.30318697637322695,150,0.06836724694601837,106,0.3050770860067302,148,0.06937772293631417,104,0.2839285261438736,167,0.14450428283705996,355,0.19289248764565653,262,0.1270010569885356,302,0.20108680728564995,286,0.10763626202182452,225,0.23926135460815606,228,0.09262124114824455,184,0.24904181664128636,213,0.08565583139488475,162,0.24471906238275395,218,0.07474889626691006,115,0.26382280531573493,195
"(156, 37)",0.1037436103848024,212,0.19113209943808196,291,0.12518313638228062,299,0.20282231695722297,283,0.13085161487302455,322,0.1944606055089464,293,0.14619767035669273,368,0.18691661997523085,312,0.1495878960749959,378,0.19222542056118477,300,0.1705336237291719,423,0.1965109463164017,293,0.09713029487652591,193,0.19978861309714557,279,0.11667054909428354,258,0.19810961219064877,286,0.12734062894647635,310,0.1989224179295499,287,0.147452943254616,374,0.19068292579075735,302,0.1531170892332181,390,0.1901126108291504,307,0.16679974167706613,418,0.19805436556362185,288,0.10473991389499338,218,0.19257664306016373,291,0.12487079182375249,296,0.2046097294783376,282,0.13019474228717276,323,0.1942693583339954,292,0.1499253164341121,376,0.1858597638261692,312,0.15225131056640517,383,0.19494811391675992,298,0.16573850721484362,419,0.20772283563541244,277,0.09772450216497885,206,0.22865946882062457,216,0.11403122960966261,246,0.1982344756802649,288,0.12000462102494724,275,0.21115068001733808,273,0.13585277743366642,327,0.20305009462107962,284,0.14811123066281895,376,0.19238396907049274,299,0.16176939429814952,405,0.19649029758977268,295
"(156, 36)",0.14897800168880548,376,0.1694129875929835,327,0.12481704231751012,298,0.20302041909735577,282,0.1193254925711491,268,0.20053041412812286,287,0.10595725467105366,223,0.20808998107230803,277,0.10326583784202104,216,0.2174990745536051,262,0.08839179706197053,174,0.24463547371647765,216,0.1577478467512896,397,0.16996825715451816,332,0.13371674809555056,333,0.1893058462665236,304,0.12268823006699292,282,0.20140570086681478,284,0.10495052643543978,217,0.21356729572535874,265,0.10055466218612896,203,0.21871810971277464,262,0.09084120553202035,178,0.24252429338622086,223,0.1477174765715188,371,0.17172376014470314,328,0.1251292972763327,300,0.2044687308005676,284,0.11994530814450166,270,0.1996523223717078,286,0.10300270043451387,215,0.21063352802168792,274,0.10121144647884683,210,0.22337239830592723,255,0.09155229258744546,178,0.25316420979158594,209,0.15692993177286418,388,0.19526380617810696,260,0.13665053443811326,343,0.18663081133644785,311,0.13013211726136475,318,0.20552451990815138,281,0.11474117527073424,259,0.21480923022474924,263,0.10442740619686419,215,0.21615239250386983,262,0.09427254592809131,192,0.23524017018847107,235
"(37, 251)",0.0883017086094895,167,0.2016183313306952,276,0.09690725693279867,192,0.22360739362495802,256,0.10481485954863323,217,0.21356253756859175,262,0.1287716877733266,308,0.19801479330108676,288,0.1351828075154251,328,0.19945250809075218,288,0.13901667836537523,346,0.19542734845865697,294,0.08459382212015487,152,0.21034797089554383,271,0.09951889723201213,202,0.2124746125645285,269,0.1015758428733462,206,0.2198940298448824,260,0.13119099595743977,315,0.19882905702754863,287,0.13965590445148335,345,0.1917413245846493,301,0.1331301513658527,318,0.19564383006567082,294,0.0901480724927275,172,0.20360934032196695,277,0.09496830071169704,183,0.22781537160189635,252,0.10518198245296295,215,0.21349492742497445,262,0.1285522401633865,305,0.1979777289936942,290,0.1329153556095215,321,0.20352492721933274,287,0.11828742903689038,274,0.21561374132019126,260,0.07952085452409619,155,0.24641981674016122,189,0.094295794614081,189,0.21990614312900192,258,0.09284470733250771,185,0.24190520547349817,224,0.11326575700633945,249,0.21953449953480517,262,0.12353699941892105,290,0.2075577882300308,276,0.1236397118982181,290,0.20991297094072256,281
"(37, 156)",0.17067332509561428,430,0.16185688148840854,344,0.1580564498486261,402,0.18996234351058722,305,0.1476232665743793,375,0.19052315050480706,305,0.12130268857477067,281,0.20199825783418865,285,0.1153418334596672,255,0.21028955674593372,276,0.11195865783518677,240,0.2100495461740816,275,0.17657595073941668,446,0.16459148304873705,342,0.15449685690329606,390,0.18349983643691653,316,0.15177397903933554,386,0.1923436308482569,299,0.11900690531417757,272,0.2053952875602783,281,0.11140708529227084,240,0.20674319321150317,279,0.11720777648223257,266,0.20412968051311442,281,0.16784390914577108,427,0.1655063457767136,341,0.16077664159759042,410,0.19114734163041588,301,0.14716300167730945,376,0.19088353344327885,304,0.12151380864972383,284,0.20172869392842452,284,0.11740530200436317,265,0.21211925377372273,274,0.13196183489871838,315,0.2078929927004318,276,0.18516865778135705,443,0.1859145944174441,276,0.16173607670307022,407,0.1837098750679342,320,0.16383508321603601,409,0.20018366174066576,289,0.13751792021452625,336,0.2057860309130448,282,0.12647450572111862,296,0.2059382668210891,281,0.12637022897864314,298,0.20839006621882694,283
"(251, 177)",0.04493115300030315,58,0.2311471479424187,238,0.05277322227358561,68,0.23114714794241695,243,0.05321845075504572,67,0.2311471479424178,241,0.059487429731529984,78,0.23114714794241886,241,0.06319880361934471,87,0.2311471479424182,242,0.06094656857654235,80,0.23114714794241917,240,0.04406051745912831,56,0.23114714794241856,239,0.048948106433440164,61,0.23114714794241872,241,0.0528972231355429,65,0.23114714794241792,242,0.0604148909859451,76,0.23114714794241806,242,0.06017617507325279,75,0.23114714794241845,242,0.05787217233051534,73,0.2311471479424184,244,0.04616829264594535,59,0.23114714794241695,237,0.05299324684091855,68,0.23114714794241972,242,0.053204003469957684,67,0.23114714794241756,241,0.05986240621431882,77,0.23114714794241953,242,0.06365290062735418,91,0.23114714794241992,242,0.06129934144956384,81,0.2311471479424171,240,0.05052155995373386,90,0.23114714794241828,211,0.04948657556580549,61,0.23114714794241845,240,0.05820450754430562,74,0.23114714794241828,243,0.06461343312581658,87,0.23114714794241806,243,0.059895842776663266,78,0.2311471479424183,242,0.06159011157270777,81,0.2311471479424181,244
"(251, 37)",0.12161873880128882,278,0.16779318560337733,334,0.08699211904564208,160,0.19839496128844647,291,0.08063003013857906,142,0.20399254215689422,281,0.06572992394198407,94,0.2244631233594824,252,0.060292489047550246,80,0.23435067906180115,232,0.06180415196236566,82,0.23020715374357137,241,0.12230117894689763,280,0.16657738618346213,340,0.09644938797147784,194,0.18749834602966645,309,0.08226720771586771,145,0.2023014031456798,283,0.06542273712761659,89,0.2257851461931856,253,0.062559816615258,82,0.22854357104939643,251,0.06766805752808303,98,0.22075364149725554,262,0.11640354910701345,256,0.17197416233484875,327,0.08567260222230788,155,0.19965884070255896,287,0.08019245878941694,139,0.20434349741112023,278,0.06598727127814141,97,0.22460569689038648,251,0.059704199440414385,79,0.2355135074873231,231,0.06542943820036351,92,0.2267336485509631,248,0.10401287154902328,222,0.18391945324429515,280,0.09575467532278881,193,0.18853354542860531,309,0.07144297183140014,105,0.21744516414484744,262,0.060390820207259166,76,0.23578434959557987,233,0.06505082018141617,90,0.22560755234961086,253,0.06215073823081385,85,0.23053499770171848,245
"(251, 30)",0.3512910814694794,585,0.08961865849125453,504,0.3717509954993671,589,0.08880598761839457,520,0.382825137271151,590,0.0865472355398915,526,0.382084042031436,589,0.08946639780456368,517,0.37598642828629214,587,0.09247758477528119,506,0.3759591390674686,588,0.09150568917892839,507,0.36045061148137836,586,0.08713443455108816,509,0.37497160618763703,588,0.08631803863395315,522,0.38074416459648575,589,0.08686116820787049,524,0.3755192530368566,588,0.09137508127286603,511,0.3849569578665002,588,0.08911163239701361,519,0.37577313137748736,588,0.09019643344308453,515,0.3503010983972238,586,0.0904734213644159,501,0.3734069534319623,589,0.08853529032561466,522,0.38273383420519413,590,0.08656084429112369,528,0.3772827072992031,588,0.09072647004432607,513,0.3775342966520845,587,0.09231090470771555,506,0.37760964126244323,589,0.09127702279173759,508,0.3587191813512013,563,0.09070160726104534,465,0.373979947994591,588,0.0867870356585025,517,0.38974900715946625,589,0.08719487302720272,523,0.376567646730948,588,0.09295025637183661,499,0.3803521278267872,588,0.09003769688423259,512,0.3818977071872647,589,0.090414582015739,506
"(251, 218)",0.14214607480037933,356,0.1570281713615619,350,0.15967293545150674,405,0.1553194201402099,364,0.16434370649635732,415,0.15353296512306688,365,0.17945564552076165,449,0.15160622430182766,365,0.18682011696390932,464,0.15110811903585616,370,0.18869187264370513,471,0.14872290324447787,367,0.1395729355385107,345,0.15751315887518616,350,0.15321367353507087,388,0.15519172007640591,359,0.1632157399876556,410,0.15379055594624627,365,0.18127818598916912,454,0.1514938907316334,369,0.18389581104080222,459,0.15019757446512388,368,0.18248659857184812,455,0.14912169278198523,369,0.1454265771034492,364,0.15652422911469424,351,0.16054189947097608,408,0.15509389952750494,365,0.1652354794191092,416,0.15311809104389099,364,0.18041241571972388,450,0.1514659768456829,366,0.18638329815764443,461,0.15161548336575167,369,0.17791783439539177,446,0.15360483438667868,361,0.14603916860833277,364,0.15998466285191557,318,0.15328560051567652,386,0.15560961524855044,361,0.16621917923379737,419,0.15655945449543252,359,0.18273298576564523,457,0.15387632302723686,367,0.18093300364232023,450,0.15126535437268154,369,0.18291441709042,457,0.15163693355421895,366
"(177, 236)",0.07530730354483106,119,0.28845586622807906,160,0.07530730354483084,121,0.28845586622807873,164,0.07530730354482951,122,0.2884558662280783,162,0.07530730354483062,124,0.2884558662280785,163,0.07530730354483062,126,0.288455866228078,163,0.07530730354483017,127,0.2884558662280792,161,0.07530730354483062,122,0.28845586622807806,163,0.07530730354483017,123,0.28845586622807934,160,0.07530730354483062,123,0.28845586622807795,160,0.07530730354483084,122,0.2884558662280779,160,0.07530730354483062,121,0.2884558662280789,159,0.0753073035448305,121,0.28845586622807834,160,0.07530730354483017,121,0.2884558662280771,159,0.0753073035448315,122,0.2884558662280777,164,0.07530730354482984,120,0.28845586622807845,161,0.07530730354482995,124,0.28845586622807945,163,0.0753073035448304,128,0.2884558662280783,163,0.0753073035448304,126,0.2884558662280796,160,0.07530730354483084,145,0.28845586622807845,138,0.0753073035448305,123,0.2884558662280781,160,0.0753073035448305,123,0.2884558662280789,159,0.0753073035448305,120,0.2884558662280783,161,0.07530730354483017,120,0.28845586622807856,159,0.07530730354483062,121,0.28845586622807845,162
"(177, 251)",0.1928085176176586,487,0.2108545625015919,268,0.1928085176176586,482,0.21085456250159157,274,0.19280851761766105,488,0.21085456250158913,272,0.19280851761765883,482,0.2108545625015912,275,0.19280851761765905,481,0.21085456250159074,275,0.19280851761765994,480,0.21085456250159082,274,0.19280851761765905,484,0.21085456250159068,270,0.19280851761765994,480,0.21085456250159082,273,0.19280851761765905,484,0.2108545625015907,274,0.19280851761765883,483,0.21085456250159082,274,0.19280851761765905,485,0.21085456250159132,274,0.19280851761765927,484,0.21085456250159068,275,0.19280851761765994,485,0.21085456250158915,269,0.1928085176176575,481,0.2108545625015918,274,0.1928085176176606,490,0.21085456250158965,271,0.19280851761766016,482,0.21085456250159068,273,0.1928085176176595,477,0.21085456250159043,279,0.1928085176176597,481,0.21085456250159132,273,0.19280851761765883,458,0.21085456250159118,240,0.19280851761765927,482,0.21085456250159057,274,0.1928085176176595,485,0.21085456250159093,276,0.19280851761765927,487,0.21085456250159063,275,0.1928085176176597,488,0.2108545625015905,274,0.19280851761765905,485,0.21085456250159093,280
"(236, 65)",0.1451475163256084,366,0.26042257446067785,193,0.14514751632560863,368,0.26042257446067735,196,0.14514751632560863,371,0.2604225744606789,196,0.14514751632560874,363,0.26042257446067735,196,0.14514751632560974,366,0.2604225744606772,197,0.14514751632560874,368,0.26042257446067735,197,0.14514751632560907,361,0.26042257446067746,193,0.14514751632560818,365,0.26042257446067857,194,0.1451475163256084,367,0.2604225744606776,196,0.14514751632560907,366,0.26042257446067696,198,0.1451475163256093,365,0.2604225744606774,197,0.14514751632560907,368,0.26042257446067746,198,0.14514751632560607,362,0.260422574460677,195,0.1451475163256073,368,0.2604225744606779,195,0.1451475163256073,369,0.2604225744606774,196,0.14514751632561174,363,0.26042257446067696,195,0.14514751632560952,366,0.26042257446067796,198,0.1451475163256084,366,0.2604225744606774,197,0.14514751632560863,357,0.26042257446067796,169,0.14514751632560874,365,0.26042257446067707,195,0.14514751632560874,367,0.26042257446067746,197,0.14514751632560907,369,0.26042257446067746,197,0.1451475163256084,364,0.2604225744606776,197,0.14514751632560874,365,0.26042257446067774,198
"(236, 177)",0.10680888123483578,223,0.28845586622807806,161,0.10680888123483567,224,0.2884558662280776,165,0.10680888123483567,221,0.28845586622807945,161,0.10680888123483567,228,0.2884558662280779,164,0.10680888123483467,225,0.2884558662280793,162,0.10680888123483567,222,0.28845586622807784,162,0.10680888123483534,228,0.2884558662280784,162,0.106808881234836,222,0.2884558662280786,161,0.10680888123483567,223,0.2884558662280779,161,0.10680888123483534,224,0.288455866228078,159,0.10680888123483512,225,0.28845586622807873,160,0.10680888123483512,223,0.2884558662280786,159,0.10680888123483767,225,0.2884558662280739,160,0.1068088812348369,226,0.2884558662280764,165,0.10680888123483667,221,0.28845586622807595,162,0.10680888123483301,228,0.2884558662280819,162,0.1068088812348349,225,0.28845586622807984,162,0.10680888123483578,225,0.2884558662280775,161,0.10680888123483567,234,0.2884558662280784,139,0.10680888123483556,223,0.28845586622807773,161,0.10680888123483556,222,0.2884558662280781,160,0.10680888123483534,220,0.2884558662280784,160,0.10680888123483578,223,0.28845586622807773,160,0.10680888123483534,223,0.2884558662280785,161
"(65, 13)",0.06079142558159156,85,0.40189231515193097,60,0.06079142558159223,79,0.40189231515192986,60,0.06079142558159112,80,0.40189231515193197,60,0.06079142558159245,79,0.4018923151519313,60,0.06079142558159256,81,0.40189231515192975,60,0.06079142558159267,79,0.4018923151519284,60,0.06079142558159201,83,0.4018923151519298,60,0.06079142558159156,81,0.40189231515193186,60,0.060791425581591896,80,0.4018923151519301,60,0.06079142558159223,77,0.40189231515193,60,0.06079142558159201,77,0.40189231515193014,60,0.06079142558159201,77,0.4018923151519306,60,0.06079142558159223,85,0.401892315151931,60,0.06079142558159245,79,0.4018923151519317,60,0.060791425581591896,80,0.4018923151519291,60,0.06079142558159156,80,0.4018923151519301,60,0.06079142558159312,81,0.40189231515192897,60,0.06079142558159256,79,0.4018923151519294,60,0.06079142558159201,112,0.40189231515193075,55,0.060791425581591896,81,0.40189231515193047,60,0.060791425581591896,79,0.4018923151519308,60,0.060791425581591896,77,0.4018923151519305,60,0.060791425581591896,79,0.4018923151519307,60,0.060791425581591785,80,0.40189231515193113,60
"(65, 236)",0.2234269462442866,526,0.26042257446067685,194,0.22342694624428516,531,0.26042257446067757,195,0.22342694624428816,533,0.2604225744606761,197,0.2234269462442846,531,0.26042257446067907,195,0.2234269462442845,531,0.2604225744606782,196,0.22342694624428416,533,0.2604225744606777,196,0.2234269462442855,530,0.2604225744606774,194,0.22342694624428683,531,0.26042257446067735,195,0.22342694624428583,531,0.260422574460677,197,0.2234269462442855,533,0.26042257446067757,197,0.22342694624428572,535,0.2604225744606774,198,0.2234269462442855,536,0.2604225744606778,197,0.22342694624428505,524,0.26042257446067846,194,0.2234269462442846,531,0.26042257446067935,194,0.22342694624428594,532,0.2604225744606763,197,0.22342694624428683,531,0.2604225744606761,196,0.22342694624428316,531,0.2604225744606789,197,0.2234269462442845,527,0.26042257446067807,196,0.2234269462442855,498,0.260422574460678,168,0.22342694624428583,533,0.2604225744606773,194,0.22342694624428583,531,0.2604225744606775,196,0.22342694624428583,534,0.26042257446067735,198,0.22342694624428594,534,0.2604225744606773,198,0.22342694624428616,530,0.26042257446067746,199
"(13, 235)",0.1909377788407406,483,0.3109863181471992,140,0.1909377788407396,478,0.31098631814719985,142,0.19093777884073826,482,0.31098631814719924,141,0.1909377788407396,477,0.31098631814720074,141,0.1909377788407398,477,0.31098631814719935,141,0.1909377788407406,476,0.3109863181471994,143,0.19093777884074092,481,0.3109863181471993,142,0.19093777884073926,478,0.3109863181472001,141,0.1909377788407396,481,0.31098631814719974,140,0.1909377788407398,480,0.31098631814719957,141,0.19093777884073992,482,0.3109863181471986,140,0.1909377788407398,476,0.3109863181472,143,0.19093777884073926,481,0.3109863181471994,140,0.1909377788407386,478,0.3109863181471992,143,0.19093777884073793,484,0.3109863181471981,141,0.1909377788407386,477,0.3109863181472007,141,0.19093777884074026,475,0.31098631814719985,143,0.1909377788407396,477,0.310986318147199,143,0.1909377788407406,455,0.31098631814719946,127,0.19093777884073926,478,0.3109863181471995,141,0.1909377788407398,482,0.3109863181472001,140,0.19093777884074026,484,0.31098631814719946,140,0.19093777884073992,484,0.31098631814719957,139,0.1909377788407398,481,0.3109863181471999,143
"(13, 65)",0.07631459853124467,122,0.4221849005927584,54,0.07631459853124523,126,0.42218490059275765,54,0.07631459853124589,125,0.42218490059275465,54,0.07631459853124523,128,0.42218490059275876,54,0.07631459853124523,129,0.4221849005927573,54,0.07631459853124467,129,0.4221849005927588,54,0.07631459853124456,125,0.4221849005927593,54,0.07631459853124534,125,0.4221849005927576,54,0.07631459853124534,125,0.4221849005927573,54,0.07631459853124523,126,0.4221849005927575,54,0.076314598531245,123,0.4221849005927566,54,0.07631459853124523,126,0.4221849005927581,54,0.07631459853124534,125,0.4221849005927567,54,0.07631459853124589,126,0.422184900592755,54,0.076314598531246,124,0.42218490059275277,54,0.07631459853124567,128,0.4221849005927571,54,0.07631459853124478,130,0.4221849005927588,54,0.07631459853124523,129,0.4221849005927566,54,0.07631459853124467,147,0.42218490059275904,49,0.07631459853124534,126,0.4221849005927567,54,0.07631459853124523,125,0.4221849005927582,54,0.07631459853124478,123,0.42218490059275815,54,0.076314598531245,122,0.42218490059275793,54,0.07631459853124523,126,0.42218490059275804,54
"(20, 145)",0.11589048892167209,255,0.14331316003058864,375,0.12308585840281572,285,0.14914964584276894,375,0.12487022815956883,296,0.14942514298150072,371,0.12645613633896324,298,0.14757859150791344,376,0.12802588874541454,304,0.14846076080309137,373,0.1350202239311813,329,0.15053737362875658,364,0.10718761296650248,229,0.14957370479823304,365,0.11859988869586391,266,0.1492236253439388,372,0.12318513516149432,289,0.14957766840559722,374,0.12560584321176504,297,0.14705693098526898,375,0.12726905114148468,300,0.1470742130704251,374,0.1324566505960183,314,0.1495452485406514,367,0.11679508276726802,260,0.14275972533508713,373,0.12283858168427675,285,0.14900638333384722,374,0.12467885750858132,296,0.14950598232355783,373,0.12694147135490552,299,0.1470085234711811,375,0.12589137325514166,301,0.14918873080852632,374,0.13000743660703984,310,0.15001920060461613,365,0.10661965090238112,229,0.15153965162418054,328,0.11715488370548921,262,0.14793308288150167,373,0.12117848666773623,278,0.15008681022762316,373,0.12459311827480479,296,0.14623612858634555,377,0.1250926701470455,293,0.1476896092892395,375,0.12841204681207063,305,0.14767783867920076,370
"(20, 137)",0.1345747894078192,337,0.136347580043154,391,0.1269338843220158,310,0.14762698696970633,379,0.1251298617198715,297,0.14932172336891222,373,0.12355508501416101,294,0.14872470722838343,373,0.12202216874019012,287,0.15085673420469964,371,0.1154882122331875,259,0.15858595551898066,352,0.14468390118785202,360,0.13534120759765195,390,0.13162631623793075,326,0.14412902153417162,381,0.126832603256823,303,0.14812984162711051,376,0.12439610806368862,296,0.14753209684145538,374,0.12275808001816757,289,0.1488540903163434,372,0.11782858418303754,269,0.1554940070632276,357,0.13358045690899767,331,0.1365105600588603,391,0.12718662505919165,310,0.14728866428568582,378,0.12532169347525557,298,0.14924991433875676,375,0.12307842578792183,292,0.1485307522618328,373,0.12411284428278768,292,0.1498979753085084,371,0.12012282244001449,282,0.1540261296705745,359,0.14537994010936273,360,0.13665867576204893,355,0.13318774895781615,326,0.141741605401356,384,0.12890102450001417,315,0.14702761514707138,375,0.12540776659367747,297,0.1459187906926919,379,0.12490737563169607,292,0.14776260352052964,374,0.1216489361041122,282,0.15036536474514,367
"(145, 218)",0.12831377111857079,312,0.13440391236563878,394,0.13004684493694652,324,0.1367366873001537,400,0.11648972854501638,258,0.1407737339349703,389,0.11058710074763345,243,0.14040920932396223,389,0.1144576468620685,251,0.1407963793197661,389,0.10780086327353777,225,0.14157407065592367,381,0.1182800889078004,261,0.14003352885843084,380,0.1235303485741236,289,0.1393061919616981,393,0.11472283096884694,254,0.14180755958669392,390,0.11634427572058437,259,0.14091778814695471,388,0.11867056720706826,270,0.14083369213925923,387,0.10934768476321444,230,0.14180774116092412,379,0.1293618125558642,318,0.13492200781121017,395,0.1293358098685673,323,0.13706104180504067,399,0.11872262230863828,268,0.14041481473423956,391,0.11107668852972785,247,0.14030065521025675,390,0.11281174740460587,248,0.14168975405448037,389,0.1055503487914522,222,0.14189431113551246,382,0.11653891022651153,262,0.14228219488036412,343,0.12464270758777796,294,0.13746319808880572,396,0.11835591947277901,266,0.14077368395337966,390,0.12149320985232448,285,0.13922732818146608,388,0.11866758665363775,272,0.13989253643581245,389,0.11134990182844651,243,0.13981005228263743,387
"(145, 27)",0.3037135021692595,574,0.08275933704871129,539,0.2658220587497445,558,0.09327545041651986,505,0.3065391615227382,578,0.08273428717984806,545,0.29965743196214545,576,0.08227850582669186,551,0.28536450562456783,568,0.0867165867114224,527,0.24999223933201675,553,0.09332736942822419,501,0.32176435654521285,580,0.07967491334071637,554,0.2978234618742338,573,0.08570827091915564,527,0.291020051844177,571,0.08616804359558893,527,0.2769122174054035,567,0.08926251427030625,520,0.26251793708563853,561,0.0933098443190571,499,0.23617479013904963,546,0.09746420179845429,488,0.2945972776342729,569,0.08531404409237874,521,0.2696455070353909,558,0.0923666150076929,507,0.3125429911970241,581,0.08189771279834297,551,0.29951138756570506,576,0.08238605657906156,551,0.2833613589712062,568,0.08721749902403493,525,0.24532954983535404,552,0.09393114192234335,498,0.31434714322423873,554,0.08199885324414376,504,0.309092203459411,576,0.08249640382136494,546,0.2758552522064902,565,0.09002669451265105,510,0.2535727925530007,557,0.09531093188477469,493,0.2521972819990488,557,0.09520055231905271,492,0.2424474578960869,549,0.095180983972076,493
"(145, 215)",0.06048902975923265,84,0.17456650647291944,319,0.07603916725614801,124,0.1665642300175788,347,0.07462397294203227,115,0.16490858839365743,348,0.08639159126036988,165,0.153573546908796,363,0.08721821867711266,166,0.15556979869458532,360,0.11130184242743235,238,0.13984487830463954,385,0.060080020826513314,82,0.17625621608661712,323,0.06636994336713298,90,0.173284799831567,337,0.07748370131089533,130,0.1631362803733332,352,0.08322604477446915,149,0.1592211284609859,354,0.08801464536078896,168,0.1573707764151267,357,0.11388642842542662,252,0.13958577178298126,384,0.0617035311262647,87,0.1748247808762595,322,0.07523999986677654,120,0.16713848988929117,347,0.0711367469986689,103,0.1682562733470484,343,0.08595552673974516,165,0.15398252715072042,362,0.08875737609021794,174,0.15473605155041006,361,0.11401946905890215,253,0.13774144195669674,394,0.06131643326345815,113,0.17698045003387267,294,0.06267775377783891,83,0.1745768803313436,337,0.07818753200675554,131,0.16348546380817244,352,0.08548042189809002,154,0.15863613990853742,355,0.08951342124430695,174,0.1554079905277923,359,0.10849051515268948,229,0.1412181410358895,383
"(145, 20)",0.1226015638610839,283,0.13696063573220096,388,0.11386976859833664,252,0.14433439800313091,382,0.11011130863438157,236,0.14391094479250713,381,0.10351463554992124,215,0.14397850019547412,380,0.1048248445551101,219,0.14563791224512962,380,0.10171812727369411,212,0.1446963367787818,374,0.12527631484027812,295,0.1367961710593446,388,0.11968502183312224,271,0.1411096300550447,389,0.11455048043984883,253,0.14189157109962566,389,0.11166822093615691,238,0.14320646504785167,384,0.11019651281421883,234,0.1449993764211343,378,0.10446717327670596,216,0.14428703597539663,374,0.1236386031295238,288,0.13748408907644863,387,0.11380317387850125,253,0.1443758837187393,384,0.11049368127743597,234,0.1444433282537769,379,0.10362194413431514,217,0.14405753308132407,381,0.1054253833319736,221,0.14541907625034126,379,0.1035780099874486,218,0.14290232635074937,378,0.12818209743856268,305,0.13686047087635925,354,0.11980136797703944,272,0.13970239077149385,387,0.11698910726198508,262,0.14142848930714647,389,0.11509009654278957,263,0.14228021716485004,384,0.11342396007656763,250,0.14242185331391288,384,0.10459011237025939,217,0.14319107084884067,378
"(218, 135)",0.016519187386999756,32,0.3569128601928961,93,0.01724163936277523,32,0.35691286019289553,94,0.015773725271766015,31,0.35691286019289653,94,0.013981924839536308,30,0.35691286019289675,93,0.015241057045243256,31,0.3569128601928961,93,0.012746501195173954,29,0.35691286019289303,95,0.016347692145036508,33,0.35691286019289425,94,0.016499612854710466,32,0.3569128601928961,93,0.016394509526674428,32,0.35691286019289464,93,0.01651080780369696,32,0.356912860192895,95,0.016263633421555013,32,0.35691286019289425,94,0.012971188215959994,30,0.35691286019289276,95,0.01699320964813733,32,0.35691286019289464,93,0.017261868449745754,32,0.3569128601928981,94,0.0157717872752402,31,0.3569128601928964,93,0.013677816156051681,30,0.35691286019288887,94,0.014531461195468998,31,0.3569128601928945,93,0.01230864792896369,29,0.35691286019289636,94,0.016886534236646433,54,0.3569128601928954,84,0.01588826232485685,32,0.3569128601928948,94,0.017131728047338646,32,0.35691286019289553,94,0.016857248889210696,32,0.3569128601928943,96,0.015161767908200785,31,0.3569128601928958,93,0.01387680673380498,30,0.35691286019289575,96
"(218, 251)",0.24639051031784387,544,0.1557714332386866,351,0.2542133457773925,554,0.15379005633617407,368,0.2723662176347059,564,0.1449693071950729,379,0.29393445661125117,572,0.13498733006704206,401,0.2761624735989999,565,0.14286008558612312,385,0.3123485457106542,580,0.1273090765923442,411,0.2482882895808488,548,0.15477789555459057,355,0.2565418486314981,556,0.15183741708916776,367,0.26028893381727114,559,0.15027637564921958,372,0.2596967372321983,560,0.15066506280006456,370,0.2625312013111831,562,0.14925365606501678,371,0.3097034338733836,579,0.12845761309024228,409,0.24200626918177515,542,0.15820392502814112,349,0.2541834290794289,554,0.15383034822478306,367,0.27387666434379976,564,0.14442653944429498,380,0.2987756248733062,573,0.13296271015587927,401,0.28415421744487046,569,0.1390666867372239,392,0.3197401065879757,584,0.12440885656544785,414,0.2402793826605334,515,0.1587353397314135,320,0.2585327875553247,558,0.15019815470616066,370,0.2478154469504038,550,0.1561125075455961,361,0.24985525079945026,555,0.15491861281105518,363,0.26943091637198135,562,0.14514085422271605,378,0.28926342984722875,570,0.13639099620156245,396
"(218, 145)",0.3363637368218594,582,0.12482743487721373,411,0.31891370180086853,582,0.13114731515678743,408,0.3134767567741972,581,0.13105514100522134,407,0.31062180729176214,579,0.12958473962940173,408,0.31515801001093213,581,0.12983046610009838,409,0.3071697177233854,578,0.1289309548506428,409,0.33585629497561786,581,0.12477768271252643,411,0.323956829723993,582,0.1286426364829457,408,0.3206213873052053,581,0.12956454167981343,408,0.3200707243443124,583,0.12988295084621473,406,0.3193998512792152,583,0.12978860731482197,407,0.306943344865119,578,0.1293273976685432,404,0.3368053165938669,583,0.12525164606457573,412,0.3187409434590438,582,0.1312272292956052,408,0.311814976875022,580,0.13158588035611302,405,0.30926320766366,579,0.12959421843193974,408,0.3145366423941123,581,0.12909169465271098,411,0.3056096119732694,577,0.1287797304344416,410,0.34024168704366664,561,0.12408074545678385,377,0.3283058347808939,583,0.12653589845753246,411,0.32789926051718343,583,0.12817055620703077,410,0.32828578139690734,583,0.12772157481829224,410,0.3237014702561084,583,0.12704855250308425,410,0.3168442569320744,582,0.12748704439652386,410
"(135, 136)",0.14064369832877044,350,0.3293999480904904,115,0.14064369832877244,356,0.3293999480904891,116,0.140643698328774,354,0.32939994809048945,114,0.14064369832876955,346,0.32939994809048984,114,0.14064369832876955,347,0.32939994809049117,115,0.1406436983287711,352,0.329399948090489,115,0.14064369832877155,348,0.32939994809048984,116,0.14064369832877177,352,0.32939994809048984,115,0.1406436983287711,351,0.32939994809048967,115,0.14064369832877122,352,0.32939994809049017,115,0.1406436983287711,349,0.32939994809048995,115,0.140643698328772,349,0.3293999480904902,115,0.14064369832877333,350,0.3293999480904893,115,0.14064369832877355,355,0.32939994809049084,116,0.14064369832877066,353,0.32939994809048645,114,0.14064369832877177,344,0.32939994809049294,115,0.14064369832876866,345,0.32939994809049294,115,0.14064369832877288,350,0.3293999480904882,117,0.14064369832877155,343,0.3293999480904902,102,0.14064369832877177,353,0.32939994809048984,116,0.14064369832877188,349,0.3293999480904901,115,0.14064369832877155,348,0.3293999480904895,115,0.14064369832877133,348,0.3293999480904902,115,0.140643698328772,345,0.3293999480904898,115
"(135, 218)",0.11056158785106673,237,0.35691286019289364,94,0.11056158785106507,238,0.35691286019289564,93,0.11056158785106374,238,0.3569128601928989,93,0.11056158785106751,242,0.3569128601928913,94,0.11056158785106751,239,0.3569128601928929,94,0.11056158785106618,236,0.35691286019289314,94,0.11056158785106573,240,0.356912860192895,93,0.11056158785106573,234,0.3569128601928953,94,0.1105615878510664,238,0.35691286019289387,94,0.11056158785106618,235,0.3569128601928947,96,0.11056158785106618,237,0.35691286019289425,95,0.1105615878510654,236,0.35691286019289636,94,0.11056158785106418,238,0.35691286019289764,92,0.11056158785106407,238,0.3569128601928999,93,0.11056158785106662,236,0.35691286019288987,94,0.11056158785106573,246,0.3569128601928987,93,0.11056158785106807,240,0.3569128601928936,94,0.11056158785106474,237,0.35691286019289564,95,0.11056158785106573,247,0.3569128601928954,85,0.11056158785106573,237,0.3569128601928952,93,0.11056158785106573,241,0.35691286019289564,93,0.11056158785106596,236,0.35691286019289453,95,0.11056158785106607,238,0.3569128601928951,94,0.1105615878510654,240,0.3569128601928959,95
"(136, 241)",0.17795267060269593,451,0.287433253864244,165,0.1975411642937187,495,0.26391381133966124,192,0.18978105782054355,479,0.27485709203950287,182,0.19698572819163185,492,0.2674764310092999,189,0.19216565380630357,480,0.27222784620598106,186,0.1920745273008564,478,0.2739568618242056,186,0.19546013452012678,494,0.26931318786215425,186,0.19731724572290854,496,0.26621574699014977,190,0.19557934000478006,493,0.2698869281379895,188,0.19095047708168023,481,0.27487177703231574,184,0.18903219182673947,477,0.27670729420659446,181,0.19130558203827586,479,0.27558657294563343,183,0.18283531987724067,465,0.2823356974844119,168,0.19426561701589262,488,0.2668069157593275,190,0.18774018703214845,474,0.27644572865908573,179,0.1981031457413598,495,0.26658280484452884,190,0.19316333653000084,480,0.2712453192588291,188,0.18794960524115956,470,0.2764031406571431,180,0.2426621464441423,517,0.23021664919630183,212,0.1994083727460768,501,0.2652664333690098,189,0.18791976445032654,476,0.27782307167522685,178,0.18768917196001234,475,0.2785309877396873,174,0.1909412121755425,485,0.2746490868885106,181,0.18867346138219288,473,0.2776276404908439,177
"(136, 199)",0.11350629314173699,250,0.34738662321143254,102,0.11082197397291227,239,0.33911230188431585,107,0.10953843768060645,233,0.347422127438765,102,0.10746533675026892,230,0.3469938946312173,103,0.10900908024458456,230,0.3468977413506096,105,0.10721859308366422,224,0.35108543440784074,99,0.10755511834263243,230,0.347865083427948,101,0.10843858064463485,225,0.34455170937798624,105,0.10674209201178264,222,0.3496572844541452,100,0.10782521827798042,225,0.350499627125087,99,0.1085851855642942,228,0.3501569848140381,99,0.10653880011495442,221,0.35324686477547723,99,0.11159786258797055,241,0.3479248939069298,102,0.11220297620555542,244,0.3383432187391901,108,0.11077260769464048,237,0.3461247577213923,105,0.10689986724757816,229,0.3475078703534968,102,0.10867147949503408,232,0.34694995584542804,104,0.11050962028529443,235,0.34656349641420087,106,0.09256923770943759,191,0.3534883493635571,88,0.106562985997385,221,0.34737288854573145,102,0.10898487807294865,229,0.3500620853020043,99,0.10855029267572214,227,0.3512393844286669,99,0.10808354847403367,225,0.3499082760714378,99,0.10810189478351784,226,0.3515443588123254,100
"(136, 135)",0.11146707563515723,240,0.34969253353131463,99,0.1015914756157339,205,0.3496925335313163,97,0.10756185224891257,223,0.3496925335313146,99,0.10513627438574646,217,0.3496925335313208,99,0.1065816645816875,223,0.3496925335313192,99,0.10842129991692517,227,0.3496925335313188,100,0.10597682517381113,223,0.34969253353131785,98,0.1039879583834451,216,0.3496925335313167,99,0.1067117316433619,221,0.34969253353131696,99,0.108523707197408,231,0.3496925335313178,100,0.10898834157983694,230,0.3496925335313168,100,0.10960146275598304,233,0.34969253353131824,100,0.11004599776518842,235,0.3496925335313155,99,0.10224841455586287,208,0.34969253353131524,97,0.10765242194959568,223,0.3496925335313149,99,0.10501848182310558,221,0.34969253353131935,99,0.10629266821937877,223,0.3496925335313187,99,0.1077756160976191,226,0.3496925335313164,100,0.09563873445942161,199,0.34969253353131746,89,0.10456829589792305,216,0.3496925335313174,99,0.10930616904829404,232,0.34969253353131713,100,0.10989328631376272,232,0.34969253353131713,100,0.10827042004736354,226,0.34969253353131735,100,0.10970690611506573,234,0.3496925335313176,101
"(241, 185)",0.1301998224690455,321,0.23008612977756063,239,0.16175772098262364,410,0.21538960191308404,261,0.1676593619184168,421,0.21960805305436776,258,0.16892486878197177,424,0.21629383573971578,261,0.169598165784545,425,0.2194097362964005,260,0.1727235023297452,428,0.22039043624647972,259,0.14560953488496609,364,0.2210177335446689,254,0.16322990480588162,410,0.21573947714728212,260,0.16904018791555564,428,0.21649178647108688,261,0.16236362567986207,411,0.22068364526476228,260,0.16530112610292524,416,0.22258315320967167,258,0.1667420014690988,417,0.2217514586756921,260,0.1353179135720204,337,0.22447192437202082,249,0.16012477524523894,406,0.21725381306931466,261,0.16690788517402066,421,0.2213017887394928,258,0.17025146110092226,425,0.21600440093380452,260,0.17488062774132618,433,0.21839079798213878,262,0.1637548549092136,411,0.22166115372553247,257,0.17274379121558958,417,0.19749374397872108,256,0.16366470128630117,412,0.21739837582131147,259,0.16502424290499518,414,0.22181527580000607,259,0.16258615747538607,410,0.2241949016081519,255,0.16553440375373807,417,0.2220675840231814,256,0.16494956050951393,411,0.22516654765493846,257
"(241, 136)",0.11994049833710907,270,0.23646776868030644,225,0.09428069065315392,184,0.25785298005207513,200,0.09027011090351178,175,0.26994557076969344,189,0.08943723819845428,172,0.26736376353553587,190,0.08899789765927668,172,0.27202137397832304,187,0.08699221462752904,169,0.27700212073920716,180,0.1064331409738184,224,0.24535680045015054,212,0.09326026622767825,187,0.25999439212990055,196,0.08936180480833666,174,0.2677446300790777,190,0.09385907230564783,186,0.26491566729245386,193,0.09184732671034701,181,0.2707460033617893,187,0.09087972215270623,179,0.2714724892321661,187,0.11522037681411534,253,0.23683035372672082,223,0.09542857553061257,186,0.2581630628674575,200,0.09076911968479284,174,0.2711218387473853,187,0.08857409095334479,172,0.26856988568716894,186,0.08563942417226178,161,0.27707052238550833,180,0.09289966787818038,189,0.26776240313021304,189,0.08697937243656662,178,0.24824589096659458,184,0.09296147509293151,184,0.26250664437178284,192,0.09203469444321133,183,0.2694781204337715,188,0.09370480258778313,189,0.2694012694454154,187,0.0916898265457321,181,0.27040053109288104,186,0.09208531177519319,185,0.2734581065617812,187
"(185, 83)",0.09700521443717891,190,0.24204624369295716,217,0.11341740996279348,250,0.2322568288490127,241,0.11626367441337648,257,0.23605359956070124,230,0.11730137814306674,265,0.23187170562278098,239,0.11687260107190811,261,0.2371489711530777,228,0.11606122244312089,261,0.2367978970287514,227,0.10810747529357079,232,0.23471774065368195,227,0.1154385092039143,252,0.23206300277208042,238,0.11811747125361705,263,0.2316938064462657,241,0.11231165133758758,243,0.23651143437130479,232,0.11444487731693287,255,0.2393610757267246,228,0.11446128705327507,255,0.23656405434314698,232,0.10186553923962927,209,0.23474901314931107,224,0.11101009536745488,240,0.23527357940536564,231,0.11504473815556904,254,0.23893673448030953,226,0.11908459527167647,273,0.23126263606284775,241,0.1212862332354212,281,0.23519689393980792,232,0.11318983554601691,244,0.23717243559029266,228,0.1346235632721765,329,0.20380015915310393,247,0.11759437957548591,264,0.23196094387870117,238,0.1149510536330437,256,0.23862139456218381,230,0.11206492004804791,243,0.24103460592935635,225,0.1148211142862523,256,0.23930760167857493,227,0.1154922529547785,257,0.24132599455851028,226
"(185, 241)",0.15792080464624492,403,0.20575493374845666,273,0.13734547572943223,344,0.21789985830710976,260,0.13416336188909794,335,0.22505085367283015,252,0.13302830695428725,321,0.22234845029179912,257,0.13349571558210793,324,0.22686615236868146,252,0.13438634636801705,327,0.22550447906587467,250,0.1435664884622614,357,0.213540439284243,261,0.1350753992812146,337,0.22022370119426013,257,0.13214482305345965,326,0.22318709880450396,255,0.13860971119166676,342,0.22049353489840362,261,0.1361849440349816,330,0.22587904785528545,254,0.1361665186564347,333,0.22326030739358388,255,0.15139602321801882,381,0.205703358402597,276,0.14011850480323185,353,0.21770186703195657,260,0.13551361808249562,338,0.22624423955941447,251,0.13110812541527217,315,0.22396533151633946,253,0.12878881336984405,311,0.23053809720622825,243,0.13760436252464037,342,0.22222314462881695,256,0.11584635197472593,260,0.2142647648255671,232,0.13271018819104807,324,0.22279680947929617,253,0.13561816427205842,333,0.22582624391227543,255,0.1388939947621448,342,0.2243923974482277,254,0.13576335177753884,329,0.22630955790412363,251,0.13501573968102187,329,0.22908338362673086,248
"(83, 153)",0.1468087547830319,371,0.19824054740972868,280,0.16342567148874987,412,0.20014553660273168,288,0.18170381286446902,457,0.19235857723256472,299,0.18450516416919682,462,0.18761362140771792,310,0.18844216338446973,469,0.190397647161536,307,0.1853691294920028,459,0.19332453133139055,297,0.1636477407428648,415,0.19386085760397928,286,0.17276590596832553,433,0.19238401766332627,295,0.17897275884066854,454,0.19064490262986583,306,0.1736469780447497,435,0.1935080970912178,292,0.17861491719761335,449,0.19612231170043146,290,0.17509139091051984,436,0.19586995943869134,293,0.1566261170910932,402,0.18889165150714549,301,0.15810063745394076,403,0.20460937474296134,283,0.18150827243414214,457,0.19472389865205264,290,0.1857343986548301,461,0.18790958042945502,310,0.1964372603602288,488,0.1894303536494103,311,0.1762052780596448,441,0.1957750373204165,293,0.1850289245344744,442,0.17827952364496039,291,0.17208564928213255,429,0.19682266091318565,292,0.17394276248598128,440,0.19799036198087724,290,0.17247126232314702,428,0.19917832896106483,289,0.17883061392981803,447,0.1955654777123488,293,0.1762433992539404,440,0.20219028385121438,289
"(83, 185)",0.10546564805127201,218,0.22134657080049347,252,0.09312559111264274,182,0.2414142979771693,222,0.08152208107938042,147,0.2512702954903503,212,0.07989957612069398,141,0.2479813672359969,213,0.07768274958587718,137,0.255826821350633,206,0.07940683887532907,141,0.2564563559707512,203,0.09297310844497497,180,0.23406744642650887,231,0.08696537711730801,165,0.24184635292184453,223,0.08314132859362078,147,0.24615869941927881,218,0.08640997608728984,161,0.24419321372810193,219,0.08335629692895463,149,0.2528444594934351,212,0.08550860027547091,159,0.2487250337772918,214,0.09794636406037216,193,0.2208876244626013,254,0.09687537276536062,190,0.24089748892951626,222,0.08163677404681113,146,0.2541496127581252,209,0.07919958782116665,141,0.2496541158907477,211,0.07339679385908404,119,0.26300570137386997,195,0.0848211336023259,157,0.24980181854694442,211,0.07960043921928683,156,0.23616172831717058,201,0.08739711473521905,165,0.24669345003687532,215,0.08622447392833799,159,0.2501704364510917,212,0.08715206388290819,166,0.250066264343726,212,0.08322664151859915,149,0.25235893877991394,211,0.08479772267260799,157,0.2580297841905946,203
"(153, 14)",0.17829910913539937,452,0.14087014581271876,378,0.16173769753471579,409,0.15946572687107302,357,0.20631393891909278,512,0.13853594437293612,393,0.21338462092474209,519,0.13196764354798957,404,0.2248600341150988,534,0.13203363607941232,405,0.2242236675277961,534,0.12864811068693688,410,0.2037130987071103,506,0.1333509577660367,392,0.18370714519532572,461,0.14729149632742358,375,0.2008765960486335,502,0.14052017683881912,392,0.21252291642651655,519,0.13174852519027436,402,0.22067187469315275,531,0.13183134356993428,400,0.22142551482260187,535,0.12899795252910823,406,0.18758390826431592,475,0.1356382417324699,392,0.15313842305650116,394,0.16550331389751297,350,0.20455628088835376,510,0.1406613241400782,388,0.2202341581747429,527,0.13132066985868632,405,0.23604280170300507,543,0.13159872907874703,407,0.21996277354600458,525,0.1294245637141906,408,0.17794198800831862,429,0.14657961354593746,337,0.1953927856190817,493,0.14336624463285857,382,0.20706472221158045,510,0.14048443217839887,391,0.21705414534842882,526,0.1326574383710719,401,0.22788946744272542,537,0.12901509464312352,407,0.2277633360513387,536,0.1317511838365527,401
"(153, 83)",0.08354656092316226,150,0.1813673730750163,311,0.09429466345157766,185,0.19088658304405168,303,0.06847117680204928,99,0.200094919760515,288,0.06517422294963582,91,0.19595809694661012,292,0.06019293990957131,79,0.20486769875292715,284,0.06045789717906391,78,0.19913436673903756,287,0.06973081191163466,104,0.19063130324873767,296,0.08035788637746455,139,0.19403356148288495,290,0.07113461293823897,106,0.19861931368916524,288,0.0655663450559334,90,0.1949787849797552,291,0.061960461137104295,80,0.20132426673994094,285,0.0616382348295037,78,0.19756437755344286,289,0.07815983358972689,130,0.18160151589306764,313,0.10053854542813423,200,0.1904249653040103,305,0.06931959462557302,100,0.20175623720956404,282,0.06214846386288586,83,0.20020942395178407,288,0.055737707194558506,71,0.21291139988819954,271,0.062265341901395654,85,0.1971140795306138,292,0.08376233478410511,167,0.18843003422549578,272,0.07394093082676834,113,0.19820812186811845,289,0.06811235306758723,99,0.20351118220030587,283,0.06353338965291144,82,0.19979607830003795,288,0.05894892048392775,76,0.20248366405204354,282,0.059000151169118276,77,0.20667982723696818,285
"(14, 77)",0.11825283443420453,262,0.1281366309400063,403,0.1149160979447017,256,0.13937114355495855,392,0.1596604105695132,405,0.116255397126732,439,0.17570916004545056,438,0.1087462887566962,456,0.18655334253424072,461,0.1093436034335772,452,0.18387762040018363,457,0.10697091966981885,452,0.16308653856267985,412,0.1044333998671389,463,0.11761028725357692,261,0.13263616218280863,401,0.14127549752634216,355,0.12409508411065788,417,0.17637896565220024,447,0.10978254428348981,449,0.1721350657742784,431,0.10980562434740451,450,0.16956142234901095,423,0.10801991665762409,450,0.11835164221001127,265,0.12809720983588327,403,0.11220575418002454,245,0.14267762756437125,387,0.15911281535868715,406,0.11777858936632454,435,0.19229084461024137,481,0.10744836533121581,459,0.19868858097310327,493,0.10862872701807806,456,0.16638559055795732,420,0.10737336421286649,452,0.10193588441226198,216,0.14110492227895724,344,0.11613927645332334,257,0.13331315276865532,400,0.14805347942806502,375,0.12131845045457594,423,0.17215110408481693,427,0.1104111163963617,447,0.18402832271757674,465,0.10710772888258156,453,0.17841420353456994,446,0.11054012636262928,444
"(14, 153)",0.13199905389736077,328,0.1235246260961952,414,0.1356572010071282,337,0.13187188164261723,406,0.0957581285813891,189,0.13785430125959422,398,0.08512651103528235,160,0.13845999153562133,392,0.07873721718070903,142,0.1457698498720463,377,0.08025972251389635,143,0.1410185148627931,383,0.09335904386755223,182,0.1257747096610308,407,0.13269294648633467,329,0.12740733689803335,411,0.11002511372115076,235,0.13487959425699125,400,0.08471453105929694,152,0.14018329109090033,390,0.08736566527416745,166,0.1376577836098396,394,0.08902180634722734,173,0.13390004431313485,396,0.13189278819202666,327,0.12355417256452637,413,0.1387316271902539,347,0.13293390492060667,406,0.09614854827000618,189,0.13931156086017124,393,0.07558449762851982,125,0.14668141970367707,377,0.0722394628335914,113,0.15219865817601363,367,0.0911179107872071,177,0.1312402997513728,402,0.15130444934997356,377,0.12369931533435828,378,0.13430031624802496,333,0.12701071461775137,409,0.10447316754632807,214,0.13626933605887406,399,0.08735546114735526,168,0.13842654679428826,391,0.08017306142701663,135,0.14128830359232544,387,0.08347716082618772,151,0.1423881591489778,380
"(235, 17)",0.08018549062648628,138,0.383426049233698,68,0.08018549062648583,138,0.38342604923369916,68,0.08018549062648606,139,0.383426049233699,69,0.08018549062648583,143,0.38342604923369844,69,0.08018549062648561,147,0.38342604923369905,68,0.08018549062648583,142,0.3834260492336989,68,0.08018549062648628,140,0.38342604923369844,68,0.08018549062648628,138,0.38342604923369855,68,0.08018549062648628,141,0.3834260492336976,69,0.08018549062648639,142,0.3834260492336973,69,0.08018549062648583,138,0.38342604923369783,68,0.08018549062648628,139,0.3834260492336985,68,0.08018549062648694,139,0.3834260492336972,69,0.08018549062648606,138,0.3834260492336967,69,0.08018549062648694,138,0.38342604923370016,68,0.08018549062648694,144,0.38342604923369944,68,0.0801854906264865,146,0.38342604923369694,69,0.08018549062648583,142,0.3834260492336994,68,0.08018549062648639,158,0.38342604923369794,62,0.08018549062648639,138,0.38342604923369783,68,0.08018549062648606,141,0.38342604923369855,68,0.08018549062648639,140,0.3834260492336975,69,0.08018549062648628,136,0.3834260492336979,69,0.08018549062648628,140,0.38342604923369833,68
"(235, 13)",0.18400669680196857,467,0.29069373270637217,158,0.18400669680196924,462,0.2906937327063724,162,0.18400669680196913,466,0.29069373270637233,160,0.18400669680196935,460,0.2906937327063715,162,0.18400669680197002,453,0.2906937327063713,160,0.18400669680196935,458,0.2906937327063719,159,0.18400669680196868,459,0.2906937327063723,161,0.18400669680196868,463,0.2906937327063724,159,0.18400669680196868,463,0.2906937327063718,158,0.18400669680196846,463,0.290693732706372,157,0.18400669680196924,461,0.29069373270637133,157,0.18400669680196868,460,0.2906937327063724,158,0.18400669680196757,466,0.29069373270637283,158,0.1840066968019689,462,0.29069373270637083,162,0.18400669680196757,466,0.2906937327063752,160,0.18400669680196757,458,0.29069373270637455,161,0.18400669680196802,454,0.290693732706372,161,0.18400669680196924,458,0.29069373270637255,159,0.18400669680196846,440,0.29069373270637233,137,0.18400669680196846,461,0.2906937327063722,159,0.18400669680196913,464,0.2906937327063722,157,0.18400669680196846,460,0.2906937327063721,158,0.18400669680196868,464,0.29069373270637205,158,0.18400669680196868,461,0.29069373270637217,160
"(17, 57)",0.16748948999138658,425,0.31216250629176673,134,0.16748948999138702,426,0.31216250629176673,137,0.16748948999138635,420,0.3121625062917682,133,0.16748948999138746,418,0.31216250629176645,134,0.16748948999138702,422,0.3121625062917655,135,0.1674894899913867,421,0.3121625062917665,137,0.16748948999138613,421,0.31216250629176734,136,0.16748948999138613,422,0.3121625062917674,134,0.1674894899913867,423,0.31216250629176634,135,0.16748948999138702,422,0.3121625062917665,136,0.16748948999138635,422,0.3121625062917665,135,0.1674894899913859,420,0.3121625062917674,135,0.1674894899913879,426,0.3121625062917665,134,0.1674894899913868,426,0.3121625062917662,137,0.1674894899913879,423,0.3121625062917658,134,0.16748948999138502,417,0.31216250629176756,134,0.16748948999138702,418,0.312162506291766,138,0.16748948999138635,422,0.31216250629176717,137,0.1674894899913867,409,0.31216250629176706,121,0.16748948999138635,422,0.31216250629176656,135,0.16748948999138602,424,0.3121625062917671,135,0.16748948999138658,421,0.3121625062917668,133,0.16748948999138635,421,0.31216250629176695,134,0.16748948999138602,416,0.3121625062917674,136
"(17, 235)",0.09038262133799635,176,0.383426049233698,69,0.0903826213379959,171,0.38342604923369894,69,0.09038262133799646,176,0.3834260492336995,68,0.09038262133799568,175,0.3834260492336994,68,0.0903826213379959,175,0.38342604923369733,69,0.09038262133799613,178,0.38342604923369794,69,0.09038262133799646,176,0.38342604923369816,69,0.09038262133799646,174,0.38342604923369833,69,0.09038262133799613,176,0.38342604923369766,68,0.0903826213379959,174,0.3834260492336986,68,0.09038262133799646,175,0.38342604923369744,69,0.09038262133799657,176,0.3834260492336978,69,0.09038262133799546,173,0.38342604923369983,68,0.0903826213379959,171,0.3834260492336979,68,0.09038262133799524,171,0.38342604923369905,69,0.09038262133799724,176,0.38342604923369644,69,0.0903826213379959,179,0.38342604923369783,68,0.09038262133799635,175,0.38342604923369844,69,0.09038262133799613,187,0.3834260492336986,61,0.09038262133799635,174,0.38342604923369766,69,0.09038262133799646,173,0.3834260492336977,69,0.09038262133799613,175,0.3834260492336981,68,0.09038262133799646,175,0.383426049233698,68,0.09038262133799657,180,0.38342604923369794,69
"(41, 18)",0.08823125950343202,166,0.258237401297145,198,0.08823125950343158,165,0.2582374012971456,199,0.08823125950343114,168,0.25823740129714506,199,0.08823125950343114,169,0.2582374012971455,199,0.0882312595034318,169,0.25823740129714495,201,0.08823125950343269,173,0.2582374012971449,199,0.0882312595034318,170,0.2582374012971452,197,0.08823125950343247,169,0.2582374012971446,200,0.0882312595034318,172,0.2582374012971451,201,0.08823125950343191,169,0.25823740129714484,201,0.08823125950343158,170,0.25823740129714495,201,0.08823125950343136,172,0.2582374012971456,201,0.0882312595034318,165,0.2582374012971441,198,0.08823125950343225,167,0.25823740129714295,199,0.08823125950343114,168,0.2582374012971447,200,0.08823125950343291,171,0.2582374012971437,199,0.08823125950343258,172,0.2582374012971439,202,0.08823125950343125,171,0.2582374012971444,200,0.0882312595034318,184,0.2582374012971452,173,0.08823125950343158,168,0.25823740129714534,198,0.08823125950343191,167,0.2582374012971454,199,0.0882312595034318,171,0.2582374012971449,200,0.0882312595034318,172,0.2582374012971451,200,0.08823125950343191,174,0.2582374012971452,202
"(41, 34)",0.1707826908756619,431,0.20721062384208772,270,0.17078269087566245,432,0.20721062384208766,278,0.17078269087566322,429,0.20721062384208655,276,0.17078269087566322,427,0.20721062384208688,280,0.170782690875662,428,0.20721062384208738,278,0.17078269087566056,424,0.2072106238420888,277,0.17078269087566245,428,0.20721062384208735,274,0.17078269087566122,429,0.2072106238420879,276,0.170782690875662,429,0.20721062384208752,276,0.170782690875662,425,0.20721062384208747,277,0.17078269087566256,428,0.20721062384208713,277,0.17078269087566267,424,0.2072106238420874,278,0.170782690875662,431,0.20721062384208674,273,0.17078269087566156,433,0.20721062384208644,278,0.17078269087566322,426,0.2072106238420862,274,0.17078269087566056,427,0.20721062384208788,278,0.1707826908756609,422,0.20721062384208772,282,0.1707826908756631,424,0.20721062384208616,278,0.170782690875662,414,0.2072106238420876,244,0.17078269087566256,426,0.20721062384208738,279,0.170782690875662,430,0.20721062384208785,278,0.17078269087566222,425,0.20721062384208727,277,0.170782690875662,423,0.2072106238420875,277,0.170782690875662,422,0.20721062384208766,284
"(18, 96)",0.1375212945302562,342,0.24206105023906907,215,0.13752129453025708,345,0.24206105023906874,221,0.13752129453025586,343,0.2420610502390687,220,0.13752129453025663,335,0.2420610502390689,221,0.1375212945302562,339,0.24206105023906932,220,0.13752129453025574,336,0.2420610502390682,220,0.13752129453025708,341,0.24206105023906818,216,0.13752129453025685,346,0.24206105023906893,222,0.13752129453025652,340,0.24206105023906896,222,0.1375212945302564,340,0.24206105023906868,222,0.13752129453025685,337,0.24206105023906832,224,0.13752129453025663,338,0.24206105023906874,225,0.13752129453025663,342,0.2420610502390683,216,0.13752129453025774,345,0.24206105023906796,221,0.13752129453025574,344,0.24206105023907018,220,0.1375212945302564,334,0.2420610502390693,222,0.1375212945302564,334,0.24206105023907004,220,0.13752129453025708,341,0.24206105023906835,220,0.1375212945302564,336,0.24206105023906915,192,0.1375212945302564,346,0.2420610502390688,221,0.13752129453025574,339,0.24206105023906963,222,0.1375212945302562,337,0.24206105023906865,222,0.1375212945302562,335,0.24206105023906904,222,0.1375212945302562,335,0.24206105023906924,224
"(18, 41)",0.11326279214355217,247,0.25823740129714506,197,0.1132627921435515,249,0.25823740129714584,198,0.11326279214355228,247,0.25823740129714445,200,0.11326279214355162,253,0.2582374012971457,198,0.11326279214355217,245,0.25823740129714534,200,0.1132627921435525,248,0.25823740129714373,200,0.1132627921435515,245,0.25823740129714523,196,0.11326279214355162,245,0.25823740129714584,199,0.11326279214355206,248,0.25823740129714534,200,0.11326279214355217,245,0.25823740129714495,200,0.11326279214355162,248,0.2582374012971452,200,0.11326279214355184,248,0.25823740129714545,202,0.11326279214355162,247,0.25823740129714506,197,0.11326279214355084,249,0.25823740129714595,198,0.11326279214355273,247,0.2582374012971457,199,0.11326279214355217,255,0.25823740129714556,198,0.11326279214355206,250,0.2582374012971464,201,0.1132627921435514,245,0.25823740129714556,199,0.11326279214355206,253,0.2582374012971455,172,0.11326279214355217,244,0.258237401297145,199,0.1132627921435525,248,0.2582374012971453,200,0.11326279214355217,248,0.2582374012971446,201,0.11326279214355217,249,0.25823740129714506,201,0.11326279214355217,249,0.25823740129714523,201
"(174, 43)",0.12452406083168344,293,0.08180886234529922,548,0.12649453423548218,306,0.0820487907029415,553,0.13324859028640657,332,0.0803062865036152,558,0.13786923951853236,337,0.07816486857873484,566,0.1465349607742672,370,0.07524436273209711,572,0.15796887402588988,401,0.07205859351445906,574,0.12757117720219047,307,0.08070458188541013,550,0.1270561302141917,305,0.08121504659088831,552,0.13435759401700276,331,0.07991446785307416,560,0.1390785853195311,345,0.07796762971685574,569,0.14766538062006174,370,0.07491327040083837,577,0.157715868078123,399,0.07201531326105994,578,0.1254053630746551,295,0.08182855160421133,548,0.12603364590413313,305,0.08209309724341272,552,0.13284634969525522,331,0.08031321768932347,559,0.13734545579232837,333,0.07815251682565696,565,0.1492248283548392,376,0.07449524886705093,573,0.15926098128839783,402,0.07181952577721039,573,0.14576620584139743,361,0.07582952799970462,523,0.12844409867550055,308,0.08084787823376009,552,0.13331166722130527,327,0.08013498440395639,557,0.14105916567811538,353,0.07716862298677411,566,0.14776529871909794,374,0.07472914186028094,572,0.15670494181452455,397,0.07248369727408426,576
"(174, 134)",0.13292924581711896,333,0.07959631639759057,553,0.1352081734043502,335,0.07976556061313071,562,0.1381028826781695,344,0.07907285327396066,566,0.13414128808081704,326,0.07909856277653135,562,0.12914236057158968,310,0.07950801626675653,559,0.12287535204654543,288,0.08048031430143111,552,0.13493147866238808,333,0.07880598696467583,556,0.13519130149891778,338,0.07910500481886042,556,0.13920599664334543,347,0.07869270763159475,566,0.1339365596919937,326,0.07925314886312217,559,0.12885632103549516,305,0.07950862819554869,559,0.12296926982236189,288,0.0803458467168754,553,0.13342936501556224,330,0.07971943222848667,554,0.13471849479204734,333,0.07981252889482908,562,0.13778248864652498,345,0.07905763004498705,567,0.13301756961414823,322,0.07924016897467673,561,0.12741061651741692,306,0.07982090797411671,559,0.12206590184658261,288,0.08074178261310364,551,0.1306185170927472,319,0.07955369495192618,511,0.13388256618534944,330,0.07943783720897418,556,0.13900849094864032,344,0.07869462739170589,566,0.13247466226647409,320,0.07930293581139373,555,0.12727961423128353,300,0.07974756707991817,554,0.12138653632026886,277,0.08105029082529971,549
"(174, 90)",0.15798835483955198,404,0.07364578860280038,573,0.14956849611492262,380,0.07626428793517946,572,0.138926452152071,349,0.07886729010053657,568,0.1424083378359664,353,0.07705679790494412,568,0.14286468786976858,359,0.0761065305032637,570,0.1420041155465347,358,0.07566706651392689,564,0.15337881273597753,383,0.0744111390160114,567,0.152008933901838,381,0.07506725441133379,571,0.13714154433161407,336,0.07920840304667687,563,0.14095140197521905,354,0.07750953000197465,570,0.14245562726630645,356,0.07613338618785696,571,0.1426175408672432,360,0.07541953034574449,571,0.15517355264124644,395,0.07450659675981229,572,0.15106280336926237,385,0.0758426475244281,572,0.14008896558890915,352,0.07848411202648382,569,0.14479331724064137,361,0.07634772897091797,570,0.14280145067662464,356,0.07599003742942638,567,0.14155658113550507,354,0.07581441913922686,564,0.14028685131606744,341,0.07713662730761163,519,0.15156806669837875,380,0.0751689106295573,568,0.13863374474824974,342,0.07878780669579359,565,0.141872606985479,357,0.07697220481115981,568,0.14467244254448952,363,0.07544697478302587,568,0.14420606353860665,361,0.0753062913321749,568
"(174, 169)",0.1210269355906255,274,0.08276732855958058,535,0.12391709885396762,292,0.08274998726055759,545,0.12411251259887157,293,0.08273604430997022,544,0.12040887914542864,278,0.08274183414329088,546,0.11716770516429098,264,0.08273966458352496,548,0.11466986724114803,255,0.08274462212074662,544,0.11996718880622514,267,0.08276732855958055,537,0.12134265428531232,277,0.08276732855958059,544,0.12369959522265095,292,0.08273899304982779,551,0.12079067404442645,281,0.08274302681074348,548,0.11684688224592965,263,0.08275354505666624,548,0.1142646178891219,254,0.08274743212633807,547,0.12196912809122895,282,0.08276732855958054,538,0.12355985176664541,289,0.08276732855958059,544,0.1237329870642534,293,0.08274033249015328,545,0.11985438685376981,276,0.08274571161183615,548,0.11662121543621584,262,0.0827505827389495,549,0.114829679119272,255,0.08274426683791018,544,0.1186522747763914,270,0.08276732855958059,495,0.12157657564236435,283,0.08270345253074302,544,0.12349640301836762,290,0.08274528028572375,548,0.11959081327566978,274,0.08274012091238336,547,0.11636538569410848,266,0.08271121079255898,545,0.11522412106298974,255,0.08275989879389314,544
"(43, 73)",0.11579052481643515,254,0.07502508940321195,564,0.11590877761840013,257,0.07830631922822327,567,0.11572474816475509,256,0.07767571917979454,570,0.1184415430728526,270,0.07552732927164385,574,0.11930619585744062,273,0.07504799574831522,574,0.11351523177572642,249,0.0751572978175573,568,0.1196486453911505,266,0.07378800550127736,569,0.11632039193262766,255,0.07479280968569964,572,0.11939877525747067,271,0.07709639492843083,569,0.11643607230097086,261,0.07729198595974612,571,0.11782129525193485,265,0.07622701199615152,570,0.11194934190089689,240,0.07632500825728013,566,0.11541344250150654,254,0.0752546166363498,564,0.11579372839046609,257,0.07833644267157998,567,0.11751678646904262,261,0.07726052116210903,571,0.11831286815342923,269,0.07498340642408942,574,0.11860850111721788,268,0.07366056720972192,575,0.11368137064545558,248,0.07438690994909276,568,0.1252113254612971,298,0.07260838928795457,538,0.11453902151182849,250,0.07599370253121429,566,0.11631344981196456,258,0.07725257017486041,569,0.11494589639035468,262,0.07607464360143033,573,0.11412930738142713,254,0.07497265205771975,570,0.11293592570629385,248,0.07510760247843547,569
"(43, 134)",0.10901275761832263,230,0.07669387294293044,556,0.09883566203386174,196,0.08286512712374892,540,0.10092599408776359,202,0.08156395134949562,552,0.10293228290165568,213,0.07945587647155579,559,0.10300837757555781,213,0.07914786996976905,562,0.11262601524978177,246,0.07537394403423271,567,0.10648817007655254,225,0.07700091825697528,560,0.1088570147797554,229,0.07662546458527311,562,0.09679821830725266,195,0.08307857870423441,544,0.1008927114591277,203,0.08135521443703969,552,0.10180945185531287,212,0.08033870182758843,556,0.1115647825478353,238,0.07642056403790817,565,0.10891591298440872,232,0.07686003822949175,558,0.09893349433455023,195,0.08283859973404077,541,0.09925874984662464,196,0.08205999565054747,550,0.10484740352267441,220,0.07834558558329603,563,0.10868578656553562,233,0.07606022167410748,566,0.11498934883186096,258,0.07407412941611066,569,0.10130102355315085,215,0.07845643378497467,513,0.10804201371274103,226,0.07762036697939695,560,0.10120600164263727,205,0.08119524052452587,553,0.10707994469366622,221,0.07805287149437093,560,0.11214009429222604,246,0.07545685455400045,567,0.11385717396109674,251,0.07488423540703616,570
"(43, 174)",0.17830593483293877,453,0.06247474311875313,597,0.19437168589602682,488,0.06247474311875314,597,0.19111145291733633,484,0.06247474311875306,596,0.18388519407950543,459,0.0624747431187531,596,0.1825423468352163,450,0.0624747431187531,597,0.17626828987459353,441,0.06247474311875316,596,0.17671069958832697,447,0.06247474311875311,597,0.1777904484321502,449,0.06247474311875316,597,0.19269150599474694,483,0.062474743118753076,597,0.19010907502340813,476,0.06247474311875313,597,0.1865785132647676,468,0.06247474311875309,597,0.18006397465943647,451,0.06247474311875313,597,0.17898390333610847,452,0.06247474311875312,597,0.1943777432432814,490,0.062474743118753166,597,0.1912481445534242,487,0.062474743118753055,596,0.18106170980725944,452,0.06247474311875309,596,0.17487565658716198,432,0.06247474311875322,597,0.17270749765126248,430,0.062474743118753145,596,0.17718418338369468,427,0.062474743118753166,564,0.1815488729065342,456,0.06247474311875312,597,0.1897714777968741,479,0.06247474311875317,597,0.182425683651395,455,0.0624747431187531,597,0.1760935721939072,441,0.06247474311875307,597,0.17534160870700255,432,0.06247474311875316,597
"(73, 222)",0.021465298836073843,36,0.1655371096931497,339,0.020470191432788054,35,0.1723625017578402,338,0.02346198026123214,37,0.16303204157612777,351,0.023931937748863374,37,0.1609913732612551,351,0.025706874471242536,37,0.1560226922314392,357,0.02544355748089866,36,0.15224305262935237,360,0.0254905817018809,38,0.15476657186138337,356,0.025054141351029457,38,0.1544702343020299,362,0.02667227383884352,39,0.1558045328430486,360,0.025948776990683542,38,0.15576979437649777,359,0.026222876926184524,38,0.15344289050467172,364,0.025593627784346262,37,0.15165451841217384,366,0.02126000941315931,36,0.16683146853760716,339,0.020721245900994667,35,0.17238152725348777,338,0.02227861666289599,37,0.16660634332944832,346,0.022645417239423038,37,0.16321165824464887,349,0.023802899718029846,37,0.15893291785545968,356,0.024542903341806865,36,0.1536437085549203,360,0.021093370765978947,60,0.16428078537766963,316,0.024289113060184997,38,0.1567021388037158,356,0.025394102436986143,38,0.15680021176179065,358,0.025116913715590772,38,0.15494690124268126,362,0.025546588760932187,38,0.1521114499841526,367,0.02670218390263035,38,0.14912312297203598,369
"(73, 43)",0.22810122937712796,531,0.0746043032764788,568,0.21294593074823642,522,0.08016885757120273,559,0.2047189290492032,509,0.07966047867918599,565,0.20752792067654657,507,0.07837411614107369,565,0.20718378545065053,506,0.07715191708725509,568,0.22078852877084298,531,0.07240326818117383,572,0.20577569097872472,509,0.07669164701161515,561,0.2099669588254296,517,0.0754037800303334,569,0.19285042609126846,486,0.0807779382956601,555,0.19649369174554288,496,0.07948471004075872,558,0.19869685476257581,502,0.07799146820730705,562,0.21315028367033773,523,0.0737156315469441,575,0.2288506681558875,529,0.07489719545140194,568,0.21460270748083832,522,0.08000621860764824,561,0.2064175514654194,513,0.0801959551965221,560,0.21339220024928673,516,0.07733351476189076,568,0.22337091068168635,530,0.07404540930975931,574,0.23205319385847778,538,0.07038085911921947,576,0.20355417058454783,476,0.07885038555818104,512,0.20236812052245345,506,0.07760684761319207,561,0.19639707538256046,494,0.0796734157677892,559,0.2058813858973798,509,0.0765247519817342,569,0.21484252885700816,523,0.07357142443731811,575,0.2141928201300871,521,0.07292451283360774,575
"(73, 257)",0.16351985210460884,415,0.08934152888468848,506,0.174060076268009,440,0.08937468576428007,517,0.17053196129991333,428,0.08773087726628645,522,0.16772077706773514,419,0.08769830698276708,526,0.16301478459198793,413,0.08745398279459278,525,0.1600633859426518,404,0.08590366727163694,527,0.1676615957157368,423,0.08542001082719056,519,0.16775745221062588,423,0.08492881766969336,530,0.16899267923344974,426,0.08647340017047976,525,0.1708207905940442,426,0.08549990496156222,531,0.17075003953988055,427,0.08442525056332013,535,0.16596388472733936,414,0.0841912714246355,535,0.16274033395136345,412,0.09007919706261991,502,0.17054402152146553,432,0.09051400955493816,515,0.17296365036408368,434,0.0881077813745362,520,0.16925853111174993,422,0.08753151667299278,524,0.1592274462622757,404,0.08868375784919033,521,0.15574590734120652,395,0.08717447545165447,522,0.18922147952961776,450,0.08205471166781189,502,0.17626429519548115,445,0.08352027231246816,533,0.17320912547939438,436,0.08508750343231052,531,0.16994766342909218,424,0.08469065729688459,532,0.16418345167781379,411,0.08485704835855952,528,0.16178222178213708,406,0.08456255498414567,528
"(73, 244)",0.2965898317481943,569,0.06247474311875313,598,0.3088971169825754,578,0.06247474311875314,598,0.29753340490704516,574,0.06247474311875306,597,0.2941536848487969,573,0.0624747431187531,597,0.287610148278468,570,0.0624747431187531,598,0.2771770292583311,565,0.06247474311875316,597,0.2837542529092921,564,0.06247474311875311,598,0.28160701563000023,565,0.06247474311875316,598,0.29008907680003515,569,0.062474743118753076,598,0.28773896419511213,570,0.06247474311875313,598,0.28270157002573204,569,0.06247474311875309,598,0.2761415231788189,566,0.06247474311875313,598,0.2989189046584586,571,0.06247474311875312,598,0.30986889896092606,578,0.062474743118753166,598,0.30200810392741473,577,0.062474743118753055,597,0.29517527172049074,572,0.06247474311875309,597,0.28866723131146865,572,0.06247474311875322,598,0.27785572078831955,564,0.062474743118753145,597,0.29225364422511724,546,0.062474743118753166,565,0.28473500171801036,567,0.06247474311875312,598,0.28856407742999823,570,0.06247474311875317,598,0.28301463448474107,570,0.0624747431187531,598,0.2771664969861546,568,0.06247474311875307,598,0.27303723323806106,564,0.06247474311875316,598
"(222, 21)",0.10229653133347871,208,0.15236506845659,358,0.10351807337771612,215,0.15727844556155954,360,0.12076401025116557,274,0.14988930703886774,370,0.13124266401846385,314,0.1507075363023406,368,0.13333437138761184,322,0.14623819562078116,374,0.1287439888057269,306,0.14515861006869732,371,0.10941030504295979,235,0.1440236700949617,372,0.10763555710438966,223,0.14327823559458347,385,0.10948478455445732,232,0.14555554397668016,380,0.11221140840397448,242,0.14622525007935122,377,0.11426699763545678,253,0.14402781302102838,380,0.11721014051870893,267,0.14410138348310617,375,0.1026695419440331,211,0.1534054035758486,357,0.1052472424390678,221,0.15732798670835846,359,0.12193214964771715,283,0.1522817346199488,368,0.1321063107096192,318,0.15247617396736682,364,0.13943258143060233,340,0.14867444553510664,376,0.13634048663435128,336,0.14589281809573526,371,0.10450380710786533,223,0.15177116616166475,326,0.09925089004765097,203,0.14615638684788912,376,0.10548603233994691,218,0.14669723031712548,377,0.11231701325065258,244,0.14613579518952363,378,0.11891937961071763,275,0.14398856663763215,379,0.12497544403940553,293,0.14200117328847797,381
"(222, 73)",0.15083620564445033,382,0.1338660701287431,396,0.149265467221664,379,0.13921568014700333,393,0.1293339053627538,316,0.14650272293798963,376,0.11895850089387094,274,0.15572612911739175,359,0.11702037855528358,263,0.1527405533052141,367,0.12132930970667632,283,0.1480573183248313,368,0.14200441684019793,352,0.13203406643871685,394,0.14413823945933368,363,0.12998874217032805,405,0.1419158351989438,358,0.1334964515350891,402,0.13872511391925335,343,0.13624367423024758,397,0.13638489295771872,332,0.1357785654815648,397,0.13312757784048146,317,0.138112780662574,388,0.15035407963043346,379,0.13508779934579526,394,0.14708139699513123,373,0.14072037323228465,391,0.12811888225110457,308,0.149790008333481,372,0.11815321460511763,266,0.15825641617174815,355,0.11159938731458485,244,0.16012918013184743,353,0.11430647168304608,254,0.15472194634683514,355,0.14801482983991443,371,0.1351444551758929,358,0.15485678552288684,389,0.12601411340728944,412,0.1467833448719722,370,0.13139978061057214,406,0.13860354213189785,341,0.13624283731369893,397,0.13128444318959254,316,0.13931818177609478,390,0.1250245591769903,294,0.14198257608727466,382
"(21, 142)",0.08837036552530864,168,0.1612619741635514,345,0.09287365108533807,180,0.16065615942968425,354,0.10758193757828538,224,0.147848111720212,374,0.12011934780044775,276,0.1456051280237167,378,0.11999318964131234,275,0.14258310948397948,386,0.11258333366765183,245,0.14197781913060958,380,0.09350031899728095,183,0.15154544625026461,360,0.10101813790192515,206,0.14254316428313138,387,0.1022802789956041,209,0.1435607070011444,385,0.10356954671946439,214,0.14378969327797916,381,0.10383058748763063,219,0.14230196460048283,384,0.10066760463457392,205,0.14170477983525914,380,0.08992996686857757,171,0.16103162929253742,345,0.0940552424156369,181,0.16080230990828995,355,0.10781625931928696,224,0.15040965180454946,371,0.1212269833148617,282,0.14671003916037748,376,0.1257699708915998,299,0.14368462258713063,385,0.12124275565125298,285,0.14136797541741572,383,0.09662891596061751,203,0.15375591674894373,323,0.09394945519637665,187,0.14480438662610257,378,0.09933439897017049,200,0.14379465572262223,383,0.10270041844729927,212,0.14418608780806333,380,0.10853209510851691,228,0.14208633298651732,385,0.11230964752039863,246,0.13936357623704032,388
"(21, 222)",0.17056684237948905,429,0.12951974658563473,400,0.16379282554637864,414,0.13297293727237292,405,0.14420340372474771,366,0.1340922667435458,401,0.13001109940647315,312,0.14181456879045878,386,0.13014418382749293,312,0.13877525250976866,391,0.13829760825762105,338,0.13256849089107775,396,0.1628818126682987,411,0.12594755000732719,406,0.15250540210437358,385,0.12425611545364543,413,0.15085726227345253,383,0.12611811832431707,413,0.14919979090352864,379,0.12731582179145037,411,0.14886735207189572,374,0.12619810837740542,412,0.15296770628794887,390,0.12325782304775824,419,0.16817448294969162,428,0.1307051293333455,400,0.16208129790310677,413,0.13412476792095715,403,0.1439189341348821,366,0.13660433491787938,400,0.1288505020656976,307,0.1437576265737579,382,0.12423317807579759,294,0.14427466678420536,384,0.12883407664051705,304,0.138534961438933,389,0.15844280278114065,392,0.13038972441360602,363,0.16223345721901927,410,0.12069788666138541,424,0.15474450527999717,391,0.12404260813117934,417,0.1503142693435654,380,0.1269932660430113,411,0.143054750818557,359,0.129589835870657,404,0.13861201674754509,338,0.12992358918785848,403
"(195, 227)",0.3806767366277479,590,0.24657077043232692,212,0.38067673662774615,591,0.24657077043232722,216,0.38067673662774515,589,0.24657077043232734,216,0.38067673662774515,588,0.2465707704323279,217,0.38067673662774615,588,0.24657077043232706,217,0.3806767366277458,589,0.246570770432327,215,0.3806767366277466,588,0.24657077043232734,211,0.3806767366277466,589,0.2465707704323272,216,0.3806767366277466,588,0.24657077043232717,217,0.3806767366277458,589,0.2465707704323273,217,0.3806767366277455,587,0.2465707704323274,218,0.38067673662774615,589,0.2465707704323273,219,0.3806767366277458,589,0.2465707704323273,212,0.3806767366277479,591,0.2465707704323258,216,0.3806767366277469,589,0.24657077043232714,216,0.3806767366277447,589,0.24657077043232728,216,0.3806767366277466,588,0.2465707704323278,217,0.3806767366277447,590,0.2465707704323274,216,0.38067673662774615,565,0.2465707704323271,188,0.38067673662774615,589,0.2465707704323269,216,0.38067673662774615,588,0.2465707704323273,218,0.3806767366277459,589,0.24657077043232742,218,0.38067673662774615,589,0.24657077043232717,217,0.3806767366277469,588,0.24657077043232714,219
"(195, 81)",0.02085469908608606,35,0.6492207551148828,11,0.02085469908608628,36,0.6492207551148801,11,0.020854699086086503,34,0.6492207551148785,12,0.020854699086086503,35,0.6492207551148795,11,0.02085469908608628,35,0.6492207551148798,11,0.02085469908608628,34,0.6492207551148788,12,0.02085469908608628,36,0.6492207551148814,11,0.02085469908608628,36,0.6492207551148808,11,0.02085469908608628,35,0.6492207551148808,11,0.02085469908608628,35,0.6492207551148798,11,0.02085469908608628,35,0.6492207551148793,12,0.02085469908608628,35,0.6492207551148805,11,0.02085469908608628,35,0.6492207551148798,11,0.02085469908608606,36,0.6492207551148799,12,0.02085469908608617,34,0.6492207551148816,12,0.020854699086086503,35,0.6492207551148773,12,0.02085469908608628,35,0.6492207551148826,12,0.020854699086086503,34,0.6492207551148779,12,0.02085469908608628,59,0.6492207551148801,7,0.02085469908608628,35,0.6492207551148791,12,0.02085469908608628,35,0.6492207551148803,11,0.02085469908608628,35,0.6492207551148803,11,0.02085469908608628,35,0.6492207551148802,12,0.02085469908608617,35,0.6492207551148814,11
"(227, 22)",0.07427710823530198,113,0.312021787242823,135,0.07427710823530198,114,0.312021787242823,138,0.07427710823530242,113,0.31202178724282226,135,0.0742771082353022,118,0.3120217872428223,137,0.0742771082353022,119,0.3120217872428227,136,0.07427710823530242,119,0.31202178724282226,139,0.0742771082353022,116,0.3120217872428226,139,0.0742771082353022,113,0.31202178724282276,137,0.07427710823530242,116,0.3120217872428224,137,0.07427710823530198,111,0.3120217872428229,137,0.0742771082353022,115,0.3120217872428223,137,0.0742771082353022,115,0.3120217872428227,138,0.0742771082353022,114,0.31202178724282226,136,0.07427710823530198,114,0.3120217872428228,138,0.07427710823530254,114,0.31202178724282215,137,0.07427710823530198,117,0.31202178724282276,136,0.07427710823530242,121,0.3120217872428222,140,0.07427710823530176,117,0.31202178724282303,139,0.0742771082353022,138,0.3120217872428227,123,0.07427710823530242,114,0.31202178724282265,136,0.0742771082353022,116,0.31202178724282303,136,0.0742771082353022,112,0.3120217872428223,136,0.0742771082353022,114,0.3120217872428228,135,0.07427710823530242,114,0.3120217872428226,139
"(227, 195)",0.19475189319443276,494,0.2262781849914998,247,0.19475189319443276,491,0.2262781849914998,253,0.1947518931944323,496,0.2262781849914997,250,0.1947518931944323,490,0.22627818499149968,250,0.1947518931944323,489,0.2262781849914999,253,0.1947518931944321,490,0.22627818499149976,249,0.1947518931944323,492,0.2262781849914998,249,0.1947518931944323,491,0.22627818499150001,251,0.1947518931944323,492,0.22627818499149976,254,0.19475189319443276,494,0.22627818499149968,252,0.1947518931944321,492,0.22627818499149976,253,0.19475189319443265,493,0.22627818499149974,253,0.1947518931944323,492,0.22627818499149963,247,0.19475189319443276,491,0.22627818499149965,254,0.19475189319443165,497,0.2262781849915001,250,0.19475189319443276,490,0.22627818499149963,250,0.1947518931944321,486,0.22627818499149976,252,0.19475189319443342,492,0.22627818499149918,249,0.1947518931944323,465,0.22627818499149993,222,0.1947518931944323,492,0.2262781849915,251,0.19475189319443253,492,0.2262781849915001,254,0.19475189319443265,496,0.22627818499149943,253,0.1947518931944323,495,0.2262781849915,252,0.1947518931944321,492,0.22627818499150007,256
"(22, 240)",0.10267748256241804,209,0.35431406748472133,97,0.10267748256241838,210,0.3543140674847209,96,0.10267748256241771,207,0.35431406748472133,96,0.10267748256241815,211,0.3543140674847212,96,0.10267748256241804,211,0.3543140674847209,97,0.10267748256241815,213,0.35431406748472116,97,0.10267748256241815,211,0.35431406748472105,97,0.10267748256241815,211,0.35431406748472133,96,0.10267748256241838,210,0.3543140674847206,98,0.10267748256241838,211,0.35431406748472094,98,0.10267748256241815,215,0.3543140674847209,98,0.10267748256241838,211,0.3543140674847212,97,0.10267748256241815,212,0.3543140674847211,97,0.10267748256241838,211,0.35431406748472094,96,0.10267748256241838,205,0.3543140674847208,96,0.10267748256241815,213,0.35431406748472133,96,0.10267748256241871,214,0.3543140674847209,96,0.10267748256241815,214,0.3543140674847208,97,0.10267748256241815,217,0.354314067484721,87,0.10267748256241815,212,0.3543140674847209,96,0.10267748256241804,209,0.3543140674847212,98,0.10267748256241815,211,0.35431406748472105,98,0.10267748256241815,210,0.3543140674847209,97,0.10267748256241838,212,0.3543140674847211,99
"(22, 227)",0.15034384004600754,380,0.31202178724282265,136,0.1503438400460071,385,0.312021787242823,139,0.15034384004600798,383,0.31202178724282204,136,0.15034384004600743,379,0.31202178724282276,136,0.15034384004600754,381,0.3120217872428223,137,0.15034384004600732,381,0.31202178724282287,138,0.15034384004600743,377,0.31202178724282265,138,0.15034384004600743,378,0.3120217872428228,136,0.1503438400460071,380,0.3120217872428226,136,0.15034384004600732,384,0.3120217872428227,138,0.15034384004600743,379,0.3120217872428224,136,0.15034384004600732,381,0.312021787242823,137,0.15034384004600743,378,0.3120217872428227,135,0.15034384004600732,381,0.31202178724282276,139,0.1503438400460071,384,0.31202178724282276,136,0.15034384004600743,378,0.31202178724282276,137,0.15034384004600676,381,0.3120217872428234,139,0.15034384004600754,381,0.31202178724282226,140,0.15034384004600743,375,0.31202178724282253,124,0.15034384004600743,377,0.3120217872428225,137,0.15034384004600754,381,0.31202178724282253,137,0.15034384004600743,381,0.3120217872428226,135,0.15034384004600754,380,0.31202178724282237,136,0.1503438400460071,381,0.3120217872428231,138
"(182, 132)",0.12515368231091695,295,0.109713527694365,444,0.11643909839027444,258,0.11487663240083015,443,0.1287854304354734,311,0.11225896404726968,451,0.14690046596520512,370,0.10603666701056963,466,0.14199391469800193,355,0.10785138414680924,457,0.14589844253185014,370,0.10687748080744898,453,0.128875025296056,312,0.10852699600579002,448,0.12138554456256678,278,0.11499120139137917,439,0.1286159918275509,317,0.11515275298044828,442,0.136226017709298,334,0.11168385768300815,445,0.14081486045616098,351,0.11037507628878344,449,0.1447328866455886,367,0.10880426318024256,447,0.12535269853030362,294,0.1098858075788777,443,0.11682189979730528,261,0.11496633169766778,446,0.12882807157024034,314,0.11222826181321195,453,0.1509550290164221,380,0.10490992124831278,468,0.14976186796038082,379,0.10445572986766065,469,0.15099763135524924,382,0.10442471523833148,465,0.12366573339083065,289,0.11299192427091882,392,0.1193741831840931,271,0.11448072192129721,436,0.12429227424429179,294,0.11533286077098422,439,0.1363600787183088,330,0.10973359409643074,448,0.13686987180670274,332,0.10877347834444653,448,0.14110373175564206,350,0.107019130876256,454
"(182, 164)",0.12484644354994412,294,0.10980345318962707,443,0.1339705550568867,334,0.10962969053940742,462,0.12128948353580449,280,0.11452550772659005,443,0.10539211708014673,220,0.11844800488543146,432,0.10941913186824337,233,0.11763896975175252,430,0.10619903560214006,220,0.11881271028562182,427,0.12120344018852514,276,0.1107700591454499,440,0.12868550348408136,315,0.11277436568104776,443,0.12145242624069152,276,0.11737364289762517,436,0.11440830786293343,251,0.11837443146025094,432,0.11041592010114387,235,0.11969516687172567,426,0.10714751580822712,224,0.12027470068462905,427,0.12464796367093611,292,0.1100925093690539,442,0.13355113281716824,331,0.1099502540277435,459,0.12124852263101471,277,0.11451971364370774,446,0.10220486110776295,212,0.11947450473488376,433,0.10313006054543661,216,0.11828715684108856,434,0.10217201917468621,213,0.11894586596644406,427,0.12634382945928468,301,0.11218785690610948,394,0.13079985107459247,319,0.11104527413935007,442,0.12571040721748994,300,0.11489753154209713,442,0.1142890535438259,256,0.11638592775568568,433,0.11383703282835578,253,0.11566388642853993,433,0.11017063306752672,237,0.11622127562601708,430
"(132, 143)",0.12171092744155065,279,0.1147136705592681,430,0.10579322909049838,221,0.12521159059423892,418,0.12104894153582313,276,0.12126601464446177,426,0.13877048602761533,340,0.11373595874319055,445,0.13724233414785303,338,0.11506144951382509,437,0.14316213539098377,362,0.11315058308574828,435,0.1295876963889404,317,0.1120285148078744,434,0.11336759291883824,246,0.12410200161006642,415,0.12186597547637867,280,0.12333099719215111,418,0.13203442051677738,320,0.11885783317244124,430,0.13944736596516383,343,0.11689090937288756,431,0.1438811411672305,366,0.11461281827296718,433,0.12042264281727111,271,0.11564838339371565,430,0.10334109857173168,217,0.12706465796299274,414,0.12069528562223919,272,0.12135997884501738,425,0.14279459069184408,352,0.11215257375241112,450,0.14457450311845388,364,0.11105649573299331,447,0.1462347087968987,369,0.11166639390960746,437,0.12164403942278046,284,0.11881917597484909,387,0.11103768537956915,238,0.12524794751932766,413,0.11688825123806024,261,0.12507813079009003,416,0.1295265342841001,310,0.11884722324849006,428,0.13053658143972757,313,0.11841285709500325,428,0.13652582803466484,333,0.11561468227148436,433
"(132, 182)",0.12834780026722048,314,0.112701290848114,436,0.14640116065570896,371,0.11236101412769647,449,0.12903611188739128,314,0.11871046719362909,430,0.11217202812791416,249,0.12209615060842804,424,0.11350824122373937,246,0.12257918831962815,427,0.1084428156802395,228,0.12412690413401979,415,0.1205218783472658,270,0.1147698650969214,428,0.13740208978955737,345,0.11639758829054812,434,0.12818730087363395,313,0.12126944733673363,427,0.11821997386909855,266,0.12331802959816104,419,0.11158664326447632,241,0.12590609988500978,413,0.1078474387675109,225,0.12617245044983286,412,0.12969190446798207,320,0.1128248232310515,436,0.1494915879538663,377,0.1123509833792961,452,0.1294058710123046,319,0.11857348950277301,432,0.10874878081296058,237,0.12281131009167151,426,0.10727722982937304,227,0.1226700903051972,424,0.10592737549021458,223,0.12433781818926129,415,0.1284171234753746,306,0.1166923810273571,388,0.14008628635361065,352,0.1159121274448207,431,0.13347861605487243,328,0.1196651724677821,429,0.12058017212244598,280,0.12171664920034768,424,0.11962222698579528,276,0.1219099006163585,424,0.11414183329256611,252,0.12272592530183524,426
"(143, 23)",0.13036146262982173,323,0.11514187446823496,429,0.11709439912117037,261,0.12235346626232964,425,0.12694288119270425,303,0.12341236849975273,418,0.13515895599339411,329,0.12161331782743773,425,0.13292238360902808,319,0.1229455809478268,423,0.13471003893239242,328,0.1236689294494122,418,0.135171439938647,334,0.1167606224228906,427,0.12495824565826497,295,0.12220420448892151,423,0.1270303436758965,306,0.12444452212833863,416,0.131911585419617,318,0.12447807727563845,417,0.13665536999762584,334,0.12388031651637679,415,0.13795056921251425,342,0.1239676415921398,415,0.13064550235691708,323,0.1155570526456833,431,0.11504599903431278,256,0.1235976752281844,421,0.12647589584230845,301,0.12345166011056817,418,0.13851179936185232,337,0.12050220931574,430,0.13704166905198267,332,0.12067443347842355,427,0.13524528248773915,330,0.12369636610331743,417,0.1315497909300687,322,0.12547672463145162,376,0.12452722908900771,293,0.12413163705220322,416,0.12454584302032146,295,0.12582794893116292,413,0.1286312030957013,306,0.12534092667198898,413,0.12735084454256074,302,0.12591567874940846,411,0.1295222810521649,313,0.1257196368135649,414
"(143, 132)",0.1197875932390251,269,0.11843473439918148,426,0.13325365526779964,330,0.11719307268541757,436,0.12307704470998315,291,0.12469119424700656,415,0.11536329259237577,258,0.1282055616305061,410,0.11739883220034608,265,0.12814186426478064,412,0.1157681512653177,260,0.13007611456326953,403,0.11535206018277755,251,0.12309760302878867,419,0.1250417636420733,296,0.12217699085607954,424,0.12299140658733188,287,0.12579209571057848,414,0.11833415633891875,268,0.12906757347315728,408,0.11402694368548061,251,0.13158570525163701,401,0.11288642317697373,245,0.13253653139474203,398,0.11951952331420967,268,0.11903691416044322,426,0.13551221177263617,336,0.11703290828735059,437,0.12353563091669861,291,0.12442341297671637,416,0.11239679152473991,252,0.12919309280819907,409,0.11368522579341322,254,0.12842950406845105,413,0.11528564951287379,261,0.13045855570842788,404,0.11867130611043908,271,0.12986077396402915,365,0.12547396599073768,298,0.12381864564188638,418,0.12545525969685323,299,0.12552317187929313,414,0.12143778633315683,284,0.12776848084478482,409,0.12267826536575321,286,0.12749443005405603,409,0.12058422727120888,272,0.12875213645767514,408
"(23, 143)",0.06834776193166747,102,0.12177531612386233,422,0.07104849928011037,103,0.12093665928977741,428,0.06736602817167736,93,0.12451401428318311,417,0.06686628177290999,101,0.1251321144549899,415,0.0673113377761374,99,0.12471815327064736,417,0.06442562167028631,89,0.1264743673876689,412,0.06659604754607273,93,0.12402016787331822,413,0.06898169148787892,99,0.12403563787711654,416,0.06657446846805348,90,0.1263279200183609,411,0.06572476988417919,92,0.1265666511306638,412,0.06362166463442664,86,0.1278069487498665,410,0.06177548520982823,79,0.12871748845460526,407,0.06805164446890588,102,0.12187548979693126,422,0.07119704324462717,104,0.12064196352181493,428,0.06716261995347372,93,0.1244198507140719,417,0.06593346792427168,96,0.12584600933568124,414,0.06736915107137142,101,0.1246395441608077,418,0.06489605527852493,91,0.12638443152752868,412,0.06373220967580773,115,0.12762772698944772,371,0.06752128052148576,96,0.12490428262721491,415,0.06752232379270995,96,0.1254883391322231,415,0.0679486664645812,99,0.12457698002493695,414,0.06810650241815708,99,0.12403271929666976,414,0.06669423857846568,96,0.12475077044227523,416
"(23, 9)",0.15391679090745525,390,0.08971981078627189,502,0.14271619820460035,361,0.09333222559417609,504,0.15102351779021195,387,0.09214068676628302,510,0.15091978244881266,382,0.09241841904951736,507,0.1539079732429104,393,0.09146350416680411,511,0.1590666756886604,403,0.09012703022476792,513,0.15846209943234824,401,0.08942288149593951,501,0.14902756740186895,372,0.09301984491426413,502,0.15071934854205138,381,0.09323525491224621,503,0.1516271486745011,385,0.09279323786227478,503,0.15480094979685122,396,0.09190843216690142,508,0.1597152707193954,402,0.09041990783802506,512,0.15493444672963608,393,0.0893989901377265,504,0.14307008981870273,361,0.09306254732182845,504,0.1503579979792975,385,0.09217364415422742,510,0.150998707661528,381,0.09253002340144066,508,0.15269733770441907,385,0.09176605210552449,510,0.15474836035789663,389,0.09143791372150263,507,0.1543135454143001,382,0.09196220500860731,458,0.15111910138304563,379,0.09246722355022319,501,0.15148728421320734,384,0.09279581314494306,503,0.15055421092734178,383,0.09256181021576448,503,0.15313391864765502,389,0.09150119174808322,504,0.1529274778035653,386,0.09150402533064443,502
"(23, 90)",0.19222190357966007,486,0.08027653503343028,552,0.19866520565426138,499,0.07924865219817666,564,0.2054908192850362,511,0.07877323553840127,569,0.20990424148492537,511,0.07803887749115505,567,0.20920760468609167,512,0.07808547119595255,564,0.21133546915807477,519,0.0776967617383929,560,0.19710884586338595,496,0.08001644839009835,552,0.20262196758532025,508,0.07966601543113773,555,0.20828103384025087,511,0.07902952686275977,564,0.21205752873396977,518,0.07806596967960813,568,0.21363653226441837,522,0.07773594732841108,563,0.21405449297632706,524,0.07752624606303206,559,0.1918203034644138,483,0.08032629095970183,552,0.19765225563903344,496,0.07932932733251949,564,0.205558353566764,512,0.07862686568035603,568,0.2111035608261761,514,0.07789723503088712,566,0.20900154898526246,508,0.07810048442068768,562,0.21304247831727563,519,0.07745035578339854,560,0.2120517049689905,490,0.07800159640254889,514,0.20367413453468752,507,0.07947069943983245,555,0.20778470261437265,511,0.07894846185547177,562,0.21013089482983172,516,0.07802457926726737,561,0.20796932935032986,512,0.0781983616851854,557,0.21134056149341973,520,0.07743712738207353,558
"(23, 169)",0.15037008403311092,381,0.09069314097467308,500,0.15134247289111102,387,0.09088169200390675,513,0.1448156048882182,369,0.09391749280048092,502,0.14265574025899475,355,0.09480599038293516,496,0.1395136532443706,344,0.0956204185551392,494,0.13883391027248848,343,0.09590266337767157,492,0.14560104867802315,363,0.09299298172540732,495,0.145811248351138,367,0.09394614065064147,496,0.14458732518859296,366,0.09501227867751226,495,0.14264503926456373,358,0.09539921386709699,493,0.14268259862915833,358,0.09539260798032172,493,0.14160502432858713,354,0.09556454536331989,492,0.15028422851463674,377,0.09067120987958706,500,0.15149102141611448,386,0.09067814313279604,513,0.14580416124531714,371,0.09347355860966562,507,0.14352027422559466,354,0.09468772704249663,497,0.14067216035512142,346,0.09523736025220665,495,0.14064009971356006,349,0.09549799409567498,491,0.14404742965273287,353,0.09490341138729248,453,0.14577830184921814,367,0.0939969754102676,495,0.14239409672204417,357,0.09543598902497798,491,0.1407941786960235,350,0.09540153595915091,492,0.13962632734523406,342,0.09540173963127392,490,0.14007494437506718,344,0.09521037453009742,492
"(24, 138)",0.9997000299990002,601,0.0,602,0.999999999999995,602,3.604687293692775e-17,601,0.9999999999999937,602,4.5058591171159694e-17,601,0.9999999999999987,602,9.011718234231933e-18,601,0.9999999999999987,602,9.01171823423193e-18,601,0.9999999999999923,602,5.4070309405391596e-17,601,0.9999999999999987,602,9.011718234231936e-18,601,0.9999999999999937,602,4.50585911711597e-17,601,0.9999999999999987,602,9.01171823423193e-18,601,0.9999999999999897,602,7.209374587385546e-17,601,0.9997000299990002,602,0.0,602,0.9999999999999987,602,9.011718234231937e-18,601,0.9997000299990002,601,0.0,602,0.9997000299990002,601,0.0,602,0.9997000299990002,601,0.0,602,0.9999999999999836,602,1.1715233704501524e-16,601,0.9999999999999847,602,1.0814061881078327e-16,601,0.9999999999999923,602,5.4070309405391615e-17,601,0.1250000000000001,292,0.062474743118753166,566,0.9997000299990002,601,0.0,602,0.999999999999991,602,6.308202763962358e-17,601,0.9999999999999987,602,9.011718234231931e-18,601,0.9997000299990002,601,0.0,602,0.9999999999999973,602,1.8023436468463878e-17,601
"(24, 71)",1.000088900582341e-12,1,0.02099028695830176,599,0.0,1,0.020990286958301775,599,0.0,1,0.020990286958301692,599,0.0,1,0.020990286958301758,599,0.0,1,0.020990286958301768,599,0.0,1,0.02099028695830182,599,0.0,1,0.020990286958301754,599,0.0,1,0.020990286958301786,599,0.0,1,0.02099028695830175,599,0.0,1,0.020990286958301792,599,1.000088900582341e-12,1,0.020990286958301747,599,0.0,1,0.020990286958301768,599,1.000088900582341e-12,1,0.06247474311875312,599,1.000088900582341e-12,1,0.020990286958301834,599,1.000088900582341e-12,1,0.020990286958301706,599,0.0,1,0.020990286958301706,599,0.0,1,0.02099028695830185,599,0.0,1,0.020990286958301792,599,0.1250000000000001,293,0.062474743118753166,567,1.000088900582341e-12,1,0.020990286958301775,599,0.0,1,0.020990286958301792,599,0.0,1,0.02099028695830176,599,1.000088900582341e-12,1,0.02099028695830173,599,0.0,1,0.02099028695830179,599
"(200, 159)",0.39648971626055296,591,0.13149076368483956,398,0.3964897162605513,592,0.13149076368483992,407,0.39648971626055485,592,0.13149076368483847,405,0.39648971626055296,590,0.13149076368483945,405,0.3964897162605544,590,0.13149076368483897,406,0.39648971626055485,591,0.131490763684839,400,0.39648971626055274,592,0.1314907636848394,396,0.39648971626055385,591,0.13149076368483947,404,0.3964897162605534,590,0.13149076368483933,405,0.3964897162605525,590,0.13149076368483964,403,0.39648971626055296,590,0.1314907636848395,402,0.39648971626055285,590,0.13149076368483953,400,0.39648971626055385,591,0.13149076368483986,398,0.3964897162605513,592,0.13149076368484056,407,0.3964897162605595,592,0.1314907636848386,407,0.39648971626055163,590,0.1314907636848397,404,0.39648971626055296,590,0.13149076368483897,408,0.3964897162605533,591,0.13149076368483995,401,0.3964897162605534,567,0.1314907636848396,362,0.39648971626055296,590,0.1314907636848395,403,0.39648971626055285,590,0.13149076368483967,405,0.3964897162605534,590,0.13149076368483928,404,0.39648971626055274,590,0.13149076368483936,403,0.39648971626055296,590,0.13149076368483964,402
"(200, 0)",0.01868459274245593,33,0.3640362887064028,87,0.01868459274245604,33,0.3640362887064016,88,0.018684592742455708,32,0.3640362887064017,87,0.01868459274245593,34,0.3640362887064024,87,0.018684592742455708,34,0.36403628870640287,87,0.018684592742455708,33,0.3640362887064032,87,0.01868459274245593,34,0.36403628870640203,87,0.018684592742455708,33,0.36403628870640325,88,0.01868459274245593,34,0.36403628870640264,87,0.01868459274245593,34,0.36403628870640237,87,0.01868459274245593,34,0.36403628870640253,87,0.01868459274245593,34,0.3640362887064025,87,0.018684592742455708,33,0.3640362887064044,87,0.01868459274245604,33,0.36403628870640337,88,0.018684592742455042,32,0.36403628870640764,87,0.01868459274245604,34,0.3640362887064014,87,0.01868459274245593,34,0.3640362887064011,87,0.01868459274245593,33,0.364036288706404,89,0.01868459274245593,56,0.3640362887064032,79,0.01868459274245593,33,0.3640362887064027,88,0.01868459274245593,34,0.36403628870640287,87,0.01868459274245593,34,0.36403628870640237,87,0.01868459274245593,34,0.3640362887064019,87,0.01868459274245593,34,0.36403628870640287,87
"(159, 25)",0.07477537411062962,114,0.20849480849763743,269,0.07477537411062918,116,0.20849480849763816,277,0.07477537411062862,116,0.2084948084976393,273,0.07477537411063007,119,0.2084948084976369,276,0.07477537411062929,120,0.20849480849763813,277,0.07477537411063029,121,0.20849480849763674,276,0.07477537411062962,117,0.2084948084976377,273,0.07477537411062929,117,0.20849480849763818,275,0.07477537411062962,118,0.2084948084976379,275,0.0747753741106294,116,0.20849480849763793,275,0.07477537411062929,116,0.20849480849763796,276,0.07477537411062896,116,0.20849480849763866,276,0.07477537411062851,115,0.20849480849763818,272,0.0747753741106294,116,0.20849480849763902,277,0.0747753741106294,115,0.20849480849763816,273,0.07477537411062851,119,0.2084948084976392,276,0.07477537411062996,123,0.20849480849763716,280,0.07477537411062962,121,0.20849480849763724,274,0.07477537411062962,139,0.20849480849763793,243,0.0747753741106294,115,0.20849480849763788,277,0.0747753741106294,117,0.20849480849763793,277,0.07477537411062962,115,0.20849480849763788,276,0.07477537411062962,115,0.20849480849763752,275,0.0747753741106294,116,0.20849480849763782,282
"(159, 200)",0.19380810584211305,493,0.15178334912566688,359,0.1938081058421144,487,0.15178334912566666,369,0.19380810584211527,494,0.15178334912566693,368,0.19380810584211206,487,0.15178334912566704,364,0.19380810584211394,487,0.15178334912566685,369,0.19380810584211206,486,0.151783349125667,361,0.19380810584211328,490,0.15178334912566696,359,0.19380810584211394,487,0.15178334912566693,368,0.1938081058421134,490,0.15178334912566702,369,0.1938081058421134,490,0.151783349125667,368,0.19380810584211394,490,0.15178334912566674,366,0.19380810584211472,491,0.1517833491256667,365,0.19380810584211539,491,0.1517833491256659,360,0.1938081058421135,487,0.1517833491256677,369,0.19380810584211372,495,0.151783349125667,369,0.1938081058421155,487,0.15178334912566663,365,0.1938081058421126,484,0.151783349125667,368,0.19380810584211328,487,0.15178334912566668,364,0.19380810584211328,464,0.15178334912566713,325,0.19380810584211372,490,0.15178334912566685,368,0.1938081058421134,491,0.15178334912566696,369,0.19380810584211328,492,0.15178334912566713,369,0.1938081058421134,494,0.15178334912566677,368,0.1938081058421135,490,0.15178334912566685,363
"(25, 167)",0.01556351226469821,31,0.5046122453114339,21,0.01556351226469821,31,0.5046122453114343,21,0.01556351226469832,30,0.5046122453114318,22,0.01556351226469832,32,0.5046122453114315,22,0.01556351226469832,32,0.504612245311432,22,0.01556351226469821,31,0.5046122453114339,21,0.01556351226469821,32,0.5046122453114334,21,0.01556351226469821,31,0.5046122453114337,22,0.01556351226469821,31,0.504612245311433,21,0.01556351226469821,31,0.5046122453114339,21,0.01556351226469821,31,0.5046122453114339,21,0.01556351226469821,32,0.5046122453114342,21,0.015563512264698431,31,0.5046122453114309,22,0.015563512264697987,31,0.5046122453114342,22,0.015563512264697987,30,0.5046122453114356,21,0.015563512264697987,32,0.5046122453114347,21,0.015563512264697987,32,0.5046122453114367,21,0.01556351226469821,31,0.504612245311435,21,0.01556351226469821,52,0.5046122453114336,17,0.01556351226469821,31,0.5046122453114332,21,0.01556351226469821,31,0.5046122453114338,22,0.01556351226469821,31,0.5046122453114331,21,0.01556351226469821,32,0.5046122453114336,21,0.01556351226469832,32,0.5046122453114328,22
"(25, 159)",0.42242935975074203,594,0.16790963761598296,333,0.42242935975074236,594,0.167909637615983,345,0.42242935975074003,594,0.16790963761598326,343,0.42242935975074003,593,0.16790963761598318,347,0.4224293597507405,593,0.16790963761598318,347,0.42242935975074203,593,0.16790963761598304,344,0.42242935975074136,594,0.16790963761598315,337,0.42242935975074214,594,0.16790963761598285,346,0.42242935975074203,594,0.16790963761598265,343,0.42242935975074203,593,0.167909637615983,346,0.42242935975074214,594,0.16790963761598293,347,0.42242935975074214,593,0.16790963761598302,345,0.4224293597507385,594,0.16790963761598393,336,0.4224293597507425,594,0.1679096376159828,345,0.42242935975074347,594,0.16790963761598274,344,0.4224293597507438,593,0.1679096376159823,345,0.4224293597507437,593,0.16790963761598302,347,0.42242935975074236,593,0.16790963761598315,343,0.4224293597507418,573,0.16790963761598302,311,0.4224293597507418,594,0.16790963761598293,347,0.4224293597507416,594,0.16790963761598313,342,0.42242935975074136,593,0.16790963761598307,346,0.4224293597507418,593,0.167909637615983,345,0.4224293597507408,593,0.16790963761598326,347
"(27, 30)",0.15955843660711921,408,0.07512161045165273,563,0.17143632177783918,435,0.0825242309766044,549,0.19979827634850766,505,0.0717929995247443,580,0.21162810735018456,517,0.0704124093998074,580,0.2083278328600956,510,0.07226182919357481,579,0.19544006459242602,491,0.07451592838615714,571,0.17297547787205791,434,0.07003114921321889,578,0.19031369369119266,475,0.07316167438440994,579,0.21108444036109897,520,0.07224619446558678,581,0.20150802257275902,506,0.07369165239072203,578,0.19785740837239763,499,0.07525937576151713,576,0.18806470959543786,469,0.07658027201424268,564,0.15297359651360343,388,0.0775837348467751,555,0.1738322462295736,440,0.08177137945868353,553,0.19755310588020314,501,0.07167047690993926,580,0.20860512904673678,509,0.07060695228366591,580,0.2020717298496666,499,0.07231798505172639,578,0.17874967086668714,447,0.07406582471629573,570,0.1613651474765948,402,0.0741098365330524,532,0.19319997905030983,485,0.07175303665073934,581,0.20066210274795893,503,0.07486927653451007,576,0.18993924431494935,481,0.07619960554571954,571,0.1869209464285857,472,0.07628080771722295,562,0.18572085162778917,464,0.07665935155884288,563
"(27, 145)",0.09583068520097737,187,0.08903688331641409,507,0.08781162102756168,163,0.10314110214086859,479,0.07167668947748185,105,0.10103845535429376,487,0.06597632320362778,95,0.1038430937505061,471,0.0675134411400804,101,0.10520296211748399,465,0.07391620017780032,118,0.10304029771764583,474,0.08683288325894079,164,0.08811665968158375,506,0.07665409689841196,129,0.09906688903611756,487,0.06622681714691303,88,0.10632182479532917,465,0.07081935932348893,103,0.1044235397244371,468,0.07266429259474938,108,0.10509233313352997,464,0.07789214868195349,132,0.10273571453054824,475,0.10066314827796519,203,0.08919749788320128,505,0.08629372883216202,160,0.1032725798771665,479,0.07282054203552113,109,0.09995785912315942,489,0.06738275400519456,101,0.10290572598126806,480,0.07053925782777148,108,0.10270806366228451,483,0.08327526843553801,151,0.09554198635592469,490,0.09455509986025179,195,0.08856268657636522,467,0.07509846980274126,120,0.09831782923889679,486,0.07124206663092969,104,0.10573365693512063,467,0.07685863501918577,126,0.10302123125171866,476,0.07853069518271605,129,0.10184853648901482,481,0.07920726300824998,137,0.10184280710329473,479
"(30, 251)",0.14467969478838916,365,0.07718003476465382,555,0.15386245830987633,395,0.07874318542002648,566,0.17794398594206173,451,0.07061157095522307,581,0.18964340558287496,472,0.06911391104582264,582,0.1966079127740329,490,0.06681352577729094,588,0.2000725671294743,501,0.06548907091779635,587,0.13432386498362225,329,0.08072573776358964,549,0.15923433027219636,401,0.07536475286446086,570,0.17482615126445777,442,0.07284622053197436,580,0.18680075463282897,470,0.06857191920589079,584,0.1881298632833387,474,0.06829013280602593,585,0.1963365996084825,494,0.0659623815787959,589,0.14487279996249547,361,0.07711623878649092,556,0.15303269335131187,392,0.07901668088077148,566,0.17748113572110014,450,0.07047605626507163,581,0.18971467424552102,473,0.06902419881467181,583,0.19873193785874732,494,0.06606011581805821,590,0.19059814188896584,475,0.06537973237593273,586,0.11332045331092622,254,0.09166815342444869,461,0.16624495418295704,419,0.07271365773208867,580,0.17226261218155536,434,0.07376677821568432,580,0.1840767590229233,462,0.06925469328604794,583,0.18372439583267708,462,0.06920715692904535,580,0.18971357588464155,476,0.06759831679264082,584
"(30, 27)",0.10719105701268328,224,0.08529455609724748,521,0.09999347122102575,200,0.09090755697350911,512,0.08376112578979344,152,0.09077288596184346,512,0.07702068074770096,132,0.09332734992219778,503,0.07330832692861078,115,0.0928282760662813,503,0.07153835711933543,108,0.09226812386423748,504,0.11611790420113222,256,0.08474160522364808,520,0.09606174287953773,193,0.08919291558075561,513,0.08567327734314523,157,0.09239760119341606,507,0.0785981500385795,135,0.09150996842181067,508,0.07785595668899226,130,0.09163891152395667,509,0.07344903422237659,114,0.0915450190358284,508,0.10703309427604313,226,0.08530387577658576,522,0.10061845110499656,202,0.09087009480007081,512,0.08404176041709699,152,0.09041919017105227,514,0.07698160711138458,131,0.09323365099295974,506,0.07221738024572455,112,0.09257235453165454,505,0.07649914236187427,131,0.08863335128584872,517,0.13745569070950836,335,0.08595418151423713,471,0.09121210589620365,178,0.08882079475972791,511,0.08728455531685053,163,0.09252917519790178,505,0.08014523151380826,139,0.09137406949701621,504,0.08034794663155542,138,0.09117624250046637,505,0.076982209122337,130,0.09130724285657155,504
"(96, 85)",0.05076580899820249,68,0.41167305516609637,56,0.0507658089982026,62,0.4116730551660978,56,0.05076580899820238,62,0.4116730551660964,56,0.05076580899820193,62,0.4116730551660972,56,0.05076580899820238,60,0.4116730551660971,56,0.05076580899820282,61,0.4116730551660955,56,0.050765808998202155,67,0.4116730551660964,56,0.05076580899820282,64,0.4116730551660962,56,0.05076580899820249,62,0.4116730551660961,56,0.05076580899820238,60,0.4116730551660963,56,0.0507658089982026,62,0.4116730551660952,56,0.05076580899820238,61,0.41167305516609753,56,0.05076580899820238,68,0.4116730551660968,56,0.0507658089982026,63,0.4116730551660967,56,0.0507658089982026,61,0.411673055166095,56,0.0507658089982026,61,0.41167305516609687,56,0.05076580899820238,61,0.411673055166096,56,0.05076580899820182,62,0.4116730551660974,56,0.05076580899820249,92,0.41167305516609687,51,0.05076580899820249,64,0.4116730551660959,56,0.05076580899820249,62,0.4116730551660967,56,0.05076580899820249,61,0.4116730551660959,56,0.050765808998202155,61,0.41167305516609703,56,0.05076580899820238,63,0.4116730551660968,56
"(96, 18)",0.2497203294039103,546,0.24206105023906907,216,0.24972032940390965,549,0.24206105023907035,220,0.24972032940391076,551,0.24206105023906863,221,0.24972032940391187,552,0.24206105023906818,222,0.24972032940391076,553,0.24206105023906896,221,0.24972032940390942,552,0.24206105023906915,219,0.24972032940391098,550,0.2420610502390684,215,0.2497203294039093,551,0.24206105023906976,221,0.24972032940391053,553,0.24206105023906874,223,0.24972032940391053,554,0.24206105023906868,223,0.24972032940390998,553,0.24206105023906863,223,0.24972032940391076,555,0.24206105023906924,224,0.24972032940391098,546,0.24206105023906868,215,0.24972032940390965,549,0.2420610502390698,220,0.24972032940390998,552,0.24206105023906843,221,0.24972032940390998,553,0.2420610502390696,221,0.24972032940391098,554,0.24206105023906824,221,0.24972032940391198,554,0.24206105023906818,221,0.24972032940391065,525,0.24206105023906904,193,0.2497203294039101,551,0.2420610502390689,220,0.24972032940391053,553,0.24206105023906901,223,0.2497203294039101,554,0.24206105023906885,221,0.24972032940391098,555,0.24206105023906876,223,0.24972032940391065,556,0.24206105023906896,225
"(85, 28)",0.19364134245694375,491,0.31468339522598465,132,0.1936413424569441,485,0.3146833952259845,133,0.19364134245694387,492,0.31468339522598443,132,0.19364134245694342,485,0.3146833952259852,132,0.19364134245694375,485,0.3146833952259843,131,0.19364134245694364,484,0.3146833952259858,131,0.19364134245694375,488,0.3146833952259843,133,0.19364134245694375,484,0.3146833952259846,132,0.19364134245694387,488,0.314683395225984,132,0.19364134245694442,488,0.3146833952259838,131,0.19364134245694342,488,0.31468339522598415,131,0.1936413424569441,489,0.31468339522598476,132,0.19364134245694442,489,0.3146833952259834,132,0.1936413424569451,484,0.31468339522598304,133,0.19364134245694542,493,0.314683395225983,132,0.19364134245694142,485,0.31468339522598676,132,0.1936413424569443,482,0.3146833952259838,132,0.1936413424569432,485,0.3146833952259846,135,0.19364134245694375,461,0.31468339522598426,117,0.1936413424569441,488,0.31468339522598426,132,0.19364134245694442,488,0.3146833952259838,132,0.19364134245694387,490,0.3146833952259838,131,0.19364134245694453,492,0.31468339522598404,131,0.19364134245694387,488,0.3146833952259845,134
"(85, 96)",0.07486381522833585,116,0.43196564060692405,51,0.0748638152283354,118,0.4319656406069246,51,0.07486381522833563,118,0.43196564060692405,51,0.07486381522833585,121,0.4319656406069245,51,0.07486381522833563,122,0.4319656406069238,51,0.07486381522833585,123,0.4319656406069254,51,0.07486381522833585,119,0.43196564060692355,51,0.07486381522833563,120,0.431965640606924,51,0.07486381522833563,120,0.43196564060692344,51,0.0748638152283353,118,0.43196564060692416,51,0.07486381522833585,118,0.43196564060692305,51,0.0748638152283354,118,0.43196564060692494,51,0.0748638152283353,117,0.43196564060692366,51,0.07486381522833496,118,0.4319656406069242,51,0.07486381522833474,117,0.431965640606925,51,0.07486381522833696,121,0.43196564060692294,51,0.0748638152283354,125,0.4319656406069238,51,0.07486381522833596,123,0.4319656406069233,51,0.07486381522833563,142,0.43196564060692366,46,0.07486381522833563,117,0.4319656406069242,51,0.0748638152283354,120,0.431965640606924,51,0.07486381522833563,117,0.4319656406069233,51,0.0748638152283353,117,0.43196564060692466,51,0.07486381522833563,118,0.4319656406069242,51
"(28, 104)",0.1527216026911603,387,0.25636289073061247,201,0.15272160269115997,392,0.25636289073061236,203,0.15272160269116064,391,0.25636289073061225,203,0.1527216026911602,388,0.2563628907306122,203,0.1527216026911602,388,0.2563628907306119,204,0.1527216026911602,390,0.2563628907306127,204,0.15272160269116064,382,0.25636289073061186,201,0.15272160269116064,386,0.2563628907306122,204,0.15272160269116042,389,0.25636289073061164,206,0.15272160269116086,391,0.25636289073061175,204,0.1527216026911603,388,0.2563628907306118,205,0.15272160269116064,388,0.2563628907306125,206,0.15272160269116164,385,0.25636289073061147,202,0.15272160269115964,389,0.256362890730613,203,0.15272160269116064,393,0.2563628907306122,203,0.1527216026911603,388,0.2563628907306119,202,0.15272160269116042,386,0.25636289073061197,205,0.15272160269115964,385,0.2563628907306127,203,0.15272160269116064,378,0.25636289073061197,176,0.15272160269116064,385,0.2563628907306119,203,0.15272160269116042,388,0.25636289073061214,205,0.15272160269116064,390,0.2563628907306118,204,0.1527216026911603,388,0.256362890730612,204,0.1527216026911603,384,0.25636289073061214,207
"(28, 85)",0.10085401878653766,204,0.2943908097851571,156,0.10085401878653788,202,0.2943908097851567,160,0.10085401878653744,201,0.2943908097851573,156,0.10085401878653788,207,0.2943908097851567,159,0.10085401878653788,205,0.29439080978515625,158,0.10085401878653788,207,0.29439080978515725,157,0.10085401878653744,207,0.29439080978515686,156,0.10085401878653732,205,0.29439080978515747,157,0.10085401878653766,204,0.29439080978515636,155,0.10085401878653732,202,0.29439080978515697,154,0.10085401878653766,205,0.2943908097851565,154,0.10085401878653732,206,0.2943908097851578,155,0.10085401878653666,206,0.29439080978515797,156,0.10085401878653832,204,0.29439080978515686,160,0.10085401878653744,200,0.2943908097851574,156,0.10085401878653788,207,0.2943908097851564,159,0.10085401878653766,209,0.2943908097851568,159,0.1008540187865381,211,0.2943908097851566,157,0.10085401878653744,214,0.29439080978515697,135,0.10085401878653744,206,0.2943908097851571,157,0.10085401878653766,204,0.29439080978515697,154,0.10085401878653766,203,0.2943908097851567,155,0.10085401878653766,206,0.29439080978515675,155,0.10085401878653766,209,0.2943908097851569,157
"(104, 52)",0.04761262064174365,62,0.45095470926387393,48,0.04761262064174365,58,0.45095470926387343,48,0.04761262064174365,57,0.45095470926387415,47,0.04761262064174354,55,0.4509547092638737,47,0.04761262064174354,56,0.45095470926387293,48,0.047612620641743764,57,0.4509547092638729,48,0.04761262064174365,60,0.4509547092638737,47,0.04761262064174365,58,0.45095470926387415,47,0.04761262064174365,57,0.45095470926387254,48,0.04761262064174354,57,0.450954709263874,47,0.04761262064174354,57,0.4509547092638734,48,0.04761262064174365,57,0.45095470926387393,48,0.04761262064174365,63,0.45095470926387365,47,0.04761262064174332,59,0.4509547092638745,48,0.047612620641743986,57,0.4509547092638711,48,0.04761262064174332,54,0.4509547092638745,47,0.04761262064174365,56,0.4509547092638733,47,0.04761262064174365,56,0.45095470926387266,48,0.04761262064174365,82,0.4509547092638736,44,0.04761262064174365,58,0.4509547092638735,47,0.04761262064174354,57,0.4509547092638746,47,0.04761262064174365,57,0.45095470926387315,48,0.04761262064174365,57,0.45095470926387315,48,0.04761262064174365,59,0.45095470926387393,47
"(104, 28)",0.25915248985263273,555,0.25636289073061236,202,0.25915248985263273,557,0.256362890730612,204,0.25915248985263317,556,0.25636289073061214,204,0.2591524898526334,561,0.2563628907306117,204,0.2591524898526334,559,0.2563628907306112,205,0.2591524898526323,559,0.2563628907306123,205,0.25915248985263295,558,0.25636289073061197,200,0.25915248985263295,558,0.2563628907306122,205,0.2591524898526325,558,0.25636289073061175,205,0.2591524898526336,559,0.25636289073061175,205,0.2591524898526336,559,0.2563628907306114,206,0.25915248985263273,561,0.25636289073061236,207,0.25915248985263273,552,0.2563628907306122,201,0.2591524898526336,557,0.2563628907306119,204,0.25915248985263184,556,0.25636289073061147,204,0.25915248985263384,562,0.2563628907306117,203,0.25915248985263295,561,0.25636289073061186,206,0.25915248985263295,560,0.2563628907306114,204,0.25915248985263295,538,0.2563628907306119,177,0.25915248985263295,559,0.2563628907306121,202,0.25915248985263317,560,0.25636289073061225,204,0.25915248985263295,561,0.2563628907306117,205,0.25915248985263295,560,0.25636289073061175,205,0.25915248985263295,559,0.25636289073061214,208
"(52, 32)",0.234101848377686,536,0.2807423546240446,171,0.234101848377686,538,0.2807423546240445,172,0.23410184837768644,542,0.280742354624044,170,0.23410184837768533,541,0.2807423546240443,172,0.23410184837768622,541,0.28074235462404407,173,0.23410184837768622,542,0.2807423546240441,172,0.2341018483776851,538,0.2807423546240446,171,0.23410184837768533,540,0.2807423546240448,171,0.23410184837768566,543,0.2807423546240442,170,0.23410184837768533,543,0.2807423546240445,170,0.23410184837768577,544,0.28074235462404445,171,0.23410184837768577,544,0.2807423546240446,171,0.23410184837768488,537,0.2807423546240446,170,0.2341018483776871,538,0.28074235462404445,174,0.23410184837768488,543,0.2807423546240444,171,0.2341018483776851,542,0.28074235462404457,172,0.23410184837768533,540,0.2807423546240445,172,0.234101848377686,541,0.2807423546240444,172,0.23410184837768566,508,0.28074235462404445,152,0.23410184837768533,541,0.2807423546240445,171,0.234101848377685,543,0.2807423546240449,172,0.23410184837768566,544,0.28074235462404434,170,0.23410184837768566,543,0.2807423546240446,170,0.23410184837768577,543,0.28074235462404445,172
"(52, 104)",0.056484576542952025,75,0.45095470926387443,47,0.056484576542952136,73,0.45095470926387404,47,0.056484576542952025,70,0.45095470926387415,48,0.05648457654295225,70,0.45095470926387304,48,0.056484576542952025,72,0.45095470926387393,47,0.056484576542952025,72,0.45095470926387393,47,0.05648457654295247,75,0.4509547092638731,48,0.05648457654295225,73,0.4509547092638736,48,0.05648457654295225,70,0.450954709263873,47,0.05648457654295225,70,0.4509547092638734,48,0.056484576542952136,68,0.45095470926387393,47,0.056484576542952136,70,0.4509547092638742,47,0.05648457654295247,75,0.4509547092638725,48,0.05648457654295158,73,0.4509547092638761,47,0.05648457654295247,69,0.45095470926387216,47,0.05648457654295247,70,0.45095470926387304,48,0.05648457654295225,73,0.45095470926387315,48,0.056484576542952136,72,0.4509547092638739,47,0.056484576542952136,102,0.45095470926387365,43,0.05648457654295225,72,0.4509547092638734,48,0.05648457654295247,70,0.45095470926387304,48,0.05648457654295225,69,0.45095470926387327,47,0.05648457654295225,69,0.45095470926387365,47,0.056484576542952136,71,0.45095470926387393,48
"(32, 70)",0.10665948002555359,222,0.31123912160371076,139,0.10665948002555359,223,0.31123912160371087,141,0.10665948002555337,220,0.3112391216037104,138,0.10665948002555359,227,0.31123912160371053,139,0.10665948002555359,224,0.31123912160371037,139,0.10665948002555359,221,0.3112391216037108,141,0.1066594800255537,227,0.31123912160371076,140,0.10665948002555359,221,0.311239121603711,139,0.1066594800255537,220,0.3112391216037104,138,0.1066594800255537,223,0.3112391216037105,140,0.1066594800255537,224,0.31123912160371053,139,0.10665948002555359,222,0.31123912160371076,142,0.1066594800255537,224,0.31123912160371053,139,0.1066594800255537,224,0.311239121603711,142,0.10665948002555381,220,0.31123912160371014,139,0.1066594800255537,226,0.3112391216037109,140,0.10665948002555359,224,0.3112391216037106,142,0.1066594800255537,224,0.31123912160371064,142,0.1066594800255537,232,0.31123912160371064,126,0.1066594800255537,222,0.3112391216037105,139,0.10665948002555359,220,0.3112391216037109,138,0.1066594800255537,219,0.3112391216037105,139,0.10665948002555359,220,0.3112391216037107,137,0.1066594800255537,222,0.31123912160371087,141
"(32, 52)",0.14533097620234248,367,0.28074235462404434,172,0.1453309762023427,369,0.28074235462404434,173,0.14533097620234292,372,0.28074235462404373,171,0.14533097620234248,364,0.28074235462404423,173,0.14533097620234237,367,0.2807423546240441,172,0.1453309762023427,369,0.28074235462404423,171,0.14533097620234225,362,0.2807423546240448,170,0.14533097620234248,366,0.28074235462404457,172,0.14533097620234237,368,0.2807423546240444,169,0.14533097620234237,367,0.28074235462404434,171,0.14533097620234237,366,0.28074235462404445,172,0.14533097620234248,369,0.2807423546240444,172,0.14533097620234237,363,0.28074235462404457,171,0.14533097620234237,370,0.2807423546240448,173,0.14533097620234203,370,0.28074235462404457,170,0.14533097620234237,365,0.28074235462404484,171,0.14533097620234237,367,0.28074235462404434,173,0.14533097620234237,367,0.28074235462404445,171,0.14533097620234225,358,0.2807423546240447,151,0.14533097620234237,366,0.2807423546240445,172,0.14533097620234248,369,0.2807423546240445,173,0.14533097620234237,370,0.2807423546240443,171,0.14533097620234248,367,0.2807423546240444,171,0.14533097620234237,366,0.28074235462404484,171
"(142, 38)",0.19140340299790126,485,0.09332428398640179,497,0.19502787976749758,492,0.0937641030087209,502,0.19458078635309417,495,0.09356653652603031,505,0.2125100841062062,518,0.09315480169877702,505,0.20359858260503672,501,0.09279997724899917,505,0.18916824880917715,472,0.09275715569545376,503,0.18716733937900787,472,0.09270528848850675,497,0.17765821761428358,448,0.0931856247599273,501,0.17801054868197164,452,0.09358844080388085,501,0.1803034675112578,453,0.09336109439630597,500,0.17824297683028756,448,0.09292842179637592,503,0.17274876303327413,429,0.09279036664581575,504,0.1931991788512064,488,0.09341065121014404,497,0.19657774264023964,493,0.09380808539948916,502,0.19976794502279804,504,0.09348928218448005,506,0.21725221135955075,524,0.09314936978618454,507,0.21645204100988313,519,0.092731987492099,504,0.2049159367785245,506,0.09253931142819272,502,0.20000505139938674,474,0.09234855494554857,455,0.17561832306991054,441,0.09339653164076082,497,0.17184925500567239,432,0.09364345051024782,498,0.1784790710269576,450,0.09328355402992415,498,0.1846627509291059,466,0.09296292257449244,497,0.18556545844873285,463,0.09248245332783689,501
"(142, 21)",0.07606243572525262,120,0.12693687682984975,405,0.07413212570751526,113,0.12943945785509042,411,0.07436715861808896,114,0.12893182867136396,410,0.06557220432813637,92,0.13785583894600487,398,0.06978687385512483,106,0.13260142922314105,404,0.07728177851919593,132,0.12500799840134688,413,0.07839262374897005,132,0.12390518065727141,414,0.08393426091057088,151,0.11964583858512091,428,0.08372085900984949,148,0.12034449614283575,428,0.08234765369856034,146,0.1212318922112124,428,0.08358043260351888,150,0.11961468445260943,427,0.08697622578728781,166,0.1166382567513524,429,0.07509889600474784,118,0.127993222732529,404,0.07332395835204553,111,0.13031760386861663,411,0.07169200511579732,106,0.13155686537370428,406,0.06344613908065178,86,0.14039972481652271,389,0.06379944273480898,92,0.1393406508045673,391,0.06914502713583737,103,0.13292230337591782,397,0.0715723788920285,132,0.1300754313570437,364,0.08518256587427409,154,0.11886950421434896,425,0.08754774777128138,165,0.11724967110196917,434,0.08343807683963267,146,0.12019306804591132,425,0.0798094349149504,134,0.12295649000589365,421,0.07929536457411734,138,0.12278419150316283,424
"(38, 147)",0.09940205781502987,196,0.10401734852737554,469,0.09486888003845906,187,0.1054575591299488,472,0.09400757104482049,184,0.10522390834864559,470,0.09559580337812523,190,0.1044456338288112,469,0.09430679836669387,190,0.10366615209285965,474,0.09120996669487469,183,0.10364562863784794,466,0.09513889663674191,186,0.10368765906176672,465,0.09174414721583535,182,0.10461526040772733,474,0.0928963399555558,183,0.10534123692427884,467,0.09452922208645198,189,0.10481155659493277,467,0.09386831986089883,189,0.10394513846479779,469,0.09054560754809937,177,0.1036684175252047,464,0.09942934590296826,199,0.1042604146062479,469,0.09515908791321837,185,0.10556341710040015,471,0.09438828783642417,185,0.10494816033062859,472,0.09517694956899447,189,0.10440722167900345,470,0.09410436939985345,190,0.10356681297696464,472,0.09442639913471007,196,0.10307942796448208,470,0.0943468991116101,194,0.10307655998830732,425,0.09022197186716086,173,0.10506388582032,466,0.09079150809186531,175,0.10548384606024853,468,0.09351761596873764,187,0.1046727751649299,463,0.09482631756230031,193,0.10393320872943224,465,0.09449311937811244,193,0.1029988585523569,474
"(38, 142)",0.15465362185756448,395,0.08976717109032432,501,0.1609179555469008,406,0.08842684654449602,523,0.16214984022885015,410,0.08773977795612238,521,0.15988889308003462,405,0.08798942241782036,525,0.1617203107752807,409,0.08660901974816536,529,0.1662481461262041,417,0.08484888742141712,530,0.1605345831570143,404,0.0870944013152006,510,0.16545389303626,415,0.08594662614880288,524,0.16375971117798338,414,0.0872024981862632,522,0.16140210897305995,407,0.08769230058416466,523,0.16235030041715515,408,0.08659500296388117,526,0.16724386117304701,419,0.08449263799577787,531,0.15461698859868722,391,0.08999227652900929,503,0.16050596900286218,407,0.08868152120851777,520,0.16160362452791932,409,0.08772643893537262,522,0.16048066248855064,405,0.08772032461609035,523,0.16201070711252263,408,0.0864123804708971,528,0.1615490945771464,404,0.08618565102785146,525,0.1616628743790096,404,0.08613884173997982,470,0.16773212202233068,423,0.08544476973077765,524,0.1668742868586468,421,0.08611349688596019,526,0.16285677306936164,413,0.08700207404440734,521,0.1609785082404971,404,0.08712470712224905,519,0.16145369555550393,404,0.086155527097366,522
"(161, 178)",0.07694587740073378,128,0.35861584237572364,90,0.07673641285130106,129,0.36204680959781926,90,0.07706781160142351,128,0.35837680829223095,90,0.0765140859530975,130,0.3597271955098693,90,0.0760093544824767,127,0.36105431522340997,89,0.07505342928718473,124,0.36295620279073904,89,0.07731860222384268,129,0.3601514220527059,90,0.07848675296377716,132,0.3579354762516117,92,0.07885608191537807,137,0.35620809263918196,95,0.07717943161885166,130,0.3594893493920264,90,0.07715951151156175,127,0.3609679453060783,89,0.07760111368243305,131,0.36009875910160327,91,0.07572953057044063,122,0.35910610241531316,89,0.07677205667570974,129,0.36221813111860884,90,0.0771693410513643,127,0.3584982906866591,90,0.07627767294665277,127,0.36011670149849234,89,0.0763483028217471,131,0.3609391480167282,90,0.0738084118730733,116,0.36575873615433263,86,0.058935769522989734,107,0.35832725000561977,81,0.07832791728759092,132,0.35784216447247463,92,0.07882053160450375,135,0.3564954697250787,96,0.0773666612600985,128,0.35924096218811674,90,0.07787292779022326,127,0.35867321236940825,90,0.07700194452604092,131,0.3611120999942533,89
"(161, 100)",0.18977988047461325,477,0.26542461762675623,189,0.19016285817123713,475,0.26754078103009765,189,0.1895574966982081,478,0.2654914776964358,192,0.19057068104325647,474,0.2653801130171871,191,0.1915016462454111,479,0.2653408101257705,192,0.19328457266114185,483,0.26479635691329056,191,0.18910138546498323,475,0.2673098086782853,189,0.18699930792185726,471,0.2679930508263668,186,0.18634227598942643,468,0.26743097945442573,192,0.1893542816328193,475,0.2665394579086606,191,0.1893905231009101,478,0.2675956479677353,189,0.18858963744902302,470,0.26783767575402717,190,0.19202086168140564,484,0.2633470162659691,192,0.19009760271208742,472,0.26773944812289774,189,0.18937263845870267,481,0.26578447533057015,192,0.19100585136742676,478,0.2651918571444213,191,0.19087567806805839,474,0.2659399526164074,192,0.19564634195523856,493,0.26428514378970014,192,0.22792186477847265,501,0.22828506139797589,219,0.18728298428696932,469,0.26760707925812727,187,0.18640536327134005,472,0.26757631426997536,191,0.18901417696799527,479,0.2667302935153855,191,0.18809930711556433,476,0.26732036468252274,189,0.18967757442360922,475,0.2673851451355807,191
"(178, 247)",0.15411171711747373,392,0.31167118254004494,137,0.1551501051995522,398,0.31351788001187036,135,0.1541248898326335,394,0.31123376936990443,140,0.15365187953029658,391,0.3123613088957403,133,0.15297993783877806,390,0.31289192248990816,133,0.15163507612030558,385,0.31324921938586514,134,0.15556931436209676,390,0.31270697293451744,135,0.15700681924887827,395,0.31122825120820297,140,0.15617373160540016,395,0.31075981846783024,141,0.15320028685454812,393,0.3124306947441067,134,0.15356724104832797,392,0.3129612339660204,133,0.1547900541430055,394,0.3117573447171472,139,0.15190474171334456,383,0.31192074294491223,137,0.15538122543771127,399,0.31361231343544804,135,0.1544154295224951,396,0.31124497243538907,138,0.1534735355571738,392,0.3121982051654763,133,0.15417698032930294,390,0.31231138865417774,136,0.1501289573230784,380,0.3148099670356523,134,0.11962459873339892,273,0.3124299802802434,120,0.1568789935851056,396,0.3111102072142372,140,0.15670952639761204,394,0.31032126366439466,141,0.1540819417720093,393,0.3114852031967447,137,0.1548180633542522,396,0.3107445276538099,140,0.15463721506345984,392,0.31153620313306146,140
"(178, 161)",0.0998066735342602,198,0.36023729664240545,89,0.09903314308602429,197,0.3641269451952316,87,0.09979681381444228,199,0.3597538195745571,89,0.10015162065497196,204,0.3602609577152169,89,0.1006583509087422,204,0.35974042332888373,90,0.1016821896065212,211,0.35788343085216096,93,0.0987229693216296,201,0.36389225168744155,88,0.09766845330746188,198,0.3645863579014618,87,0.09827787613335182,198,0.3626399120658453,89,0.10049182826683567,200,0.3595809191473432,89,0.10021527377271133,201,0.36081016727794013,90,0.09930051129082296,201,0.36147690044774516,89,0.1014758554680475,208,0.35681830544437826,94,0.09886198749785036,194,0.3646275739285383,87,0.09957965368457045,197,0.3602541886683459,89,0.10028580457274905,204,0.35977287243591777,90,0.09975783616671885,206,0.3610871164047812,89,0.10284429814480756,215,0.3571164785230873,93,0.13053406756838715,317,0.30347173129740773,131,0.0977616565978564,198,0.36423332148771304,87,0.09788539211477376,197,0.36302570109872817,88,0.0998289647142172,201,0.3599723522391185,89,0.09927967997982245,201,0.36034948847448417,89,0.09941427807380299,203,0.36096376522456014,90
"(247, 128)",0.010928114148521573,30,0.4903745840499124,29,0.012567055067591815,29,0.49037458404991224,29,0.013660867477113703,29,0.49037458404991213,29,0.014182863349882502,31,0.4903745840499126,29,0.014500330549133245,30,0.4903745840499116,29,0.013927967652124007,30,0.490374584049913,29,0.012579170071704393,30,0.490374584049912,29,0.012397211919346063,30,0.49037458404991235,29,0.013236216536813283,30,0.49037458404991174,29,0.013850202461902716,30,0.4903745840499111,29,0.013970177469412759,30,0.49037458404991174,29,0.013786650401413802,31,0.4903745840499123,29,0.010708962362883212,30,0.49037458404991163,29,0.01246835345434305,29,0.4903745840499107,29,0.014029422206801367,29,0.4903745840499117,29,0.014106853716391754,31,0.4903745840499116,29,0.014518069995796301,30,0.4903745840499114,29,0.014072616261010085,30,0.49037458404991235,29,0.009954506727215762,44,0.4903745840499123,25,0.014489768121521474,30,0.4903745840499122,29,0.01381270262719192,30,0.49037458404991247,29,0.014195652066060216,30,0.4903745840499119,29,0.013881255481415944,30,0.49037458404991235,29,0.014413033005062026,31,0.4903745840499124,29
"(247, 178)",0.08119518043880669,140,0.31088179819605277,141,0.08444552443884756,149,0.31381144397952815,134,0.0896573277227265,170,0.3117483251655449,137,0.09115088029395313,179,0.3119367129597856,138,0.09216519500279219,180,0.3119078900983053,138,0.09083573987715132,181,0.3113520243445532,140,0.0844891787093518,151,0.313806457434524,134,0.08331093835593895,148,0.31453892518452836,133,0.08660773446785863,162,0.3138172954568522,133,0.08949442306427735,172,0.3126721908964098,133,0.08880827479216657,173,0.31396598241697804,132,0.087805065050935,170,0.3144919179989619,133,0.08234200841454564,146,0.308453240410086,142,0.08365835585474046,147,0.31439480430473443,134,0.09048135260469703,173,0.3121621670789348,135,0.09108050060974082,178,0.31173515945566577,138,0.09158891109337397,185,0.31266206489661763,135,0.09181738993046484,181,0.31072679230781897,144,0.11169701855174174,250,0.273301082365335,161,0.0901703151790032,172,0.31426760626079775,133,0.08829067091850185,168,0.3139957346548067,133,0.09028929606790581,174,0.31302146274204873,132,0.08874923636290244,173,0.3136979082689171,132,0.09020188010160202,178,0.31394285730256344,135
"(247, 80)",0.4790531597171648,597,0.1029308950530653,477,0.4873458500780028,598,0.10294176272789128,486,0.49242802474807157,598,0.10295133162243389,481,0.4946455016136059,598,0.10298409105537981,479,0.4960662771789429,598,0.10297496546602723,480,0.49354246421498316,598,0.10297605242691694,475,0.4873318012286577,597,0.10296199934602818,473,0.48648388671548115,597,0.10295231683100237,481,0.4904048555519954,598,0.10297221705868455,478,0.49321279266162665,598,0.10297081432595727,479,0.49380726366252314,598,0.10295461209698466,477,0.4928952070887873,598,0.10297974845022018,474,0.4778911271369234,597,0.10292481634401301,476,0.48682504894526746,598,0.10295373044956391,485,0.4940757879362466,598,0.10295327924239529,482,0.4943263908980453,598,0.10297938484122227,478,0.49625496307066075,598,0.10294349627110627,480,0.49420844352058746,598,0.10296989436878147,476,0.4736384388787399,580,0.10293357313672687,431,0.4961382549312282,597,0.1029418065677661,476,0.4930701737143016,598,0.10296355262925024,478,0.49483817682234865,598,0.10294577285363832,478,0.49349895943001243,598,0.10292957726639008,474,0.4957193688817795,598,0.10296580106179261,475
"(247, 152)",0.3979295884495275,592,0.1272170045088681,404,0.347762753139052,586,0.1477434758603592,378,0.3105472809218742,580,0.1645651450130331,349,0.29752237905678247,574,0.1711742578540457,337,0.2896420096423227,572,0.17530290102052773,337,0.30263242107738764,577,0.1684482611424118,343,0.34741804890290484,584,0.14789541735828188,368,0.35525809671608966,585,0.1446525108985393,380,0.3275370199417821,583,0.15681811892231426,357,0.30776418356900137,578,0.1661145928075052,347,0.3076465548798093,578,0.1664074679180675,348,0.31384533385406477,580,0.1634511837751032,349,0.39928834652947764,592,0.12637367381532325,405,0.35254518956692027,586,0.14578284295618119,380,0.30186298213129625,576,0.1689855517102479,339,0.2989605435539835,574,0.1703941242796441,338,0.2908361662901455,574,0.17480741075404002,337,0.29747592848903803,573,0.17096677912127442,337,0.32723096207657,558,0.14994330287757746,332,0.2951518280665889,573,0.17284098735099712,340,0.3119089462551098,578,0.16430599620825093,351,0.29961511421633924,576,0.17029351996052627,342,0.3092896152047191,578,0.1655372677893706,349,0.29635371400499966,574,0.17215686435794972,340
"(128, 181)",0.2699333418636035,560,0.2572869829593887,200,0.2699333418636025,560,0.25728698295938895,201,0.2699333418636022,561,0.25728698295938884,201,0.26993334186360163,563,0.2572869829593888,201,0.26993334186360274,564,0.25728698295938857,203,0.26993334186360296,563,0.2572869829593885,201,0.2699333418636035,562,0.2572869829593887,198,0.2699333418636035,561,0.2572869829593888,203,0.26993334186360296,563,0.25728698295938834,203,0.2699333418636035,563,0.2572869829593885,203,0.2699333418636032,564,0.25728698295938845,203,0.26993334186360385,563,0.2572869829593885,205,0.2699333418636023,559,0.2572869829593888,200,0.2699333418636035,559,0.2572869829593881,202,0.26993334186360185,561,0.25728698295938873,201,0.26993334186360174,565,0.257286982959389,201,0.2699333418636035,563,0.25728698295938857,204,0.26993334186360274,563,0.25728698295938895,201,0.2699333418636036,541,0.2572869829593886,175,0.26993334186360296,561,0.2572869829593887,200,0.2699333418636033,562,0.25728698295938895,202,0.26993334186360296,565,0.2572869829593885,203,0.26993334186360274,563,0.2572869829593887,203,0.2699333418636035,563,0.2572869829593887,205
"(128, 247)",0.04425772772208236,57,0.4700819986090854,37,0.04425772772208292,55,0.47008199860908395,37,0.04425772772208292,54,0.4700819986090834,37,0.04425772772208303,53,0.47008199860908245,37,0.04425772772208281,53,0.4700819986090836,37,0.044257727722082585,53,0.47008199860908406,37,0.044257727722082585,57,0.4700819986090851,37,0.044257727722082585,55,0.47008199860908545,37,0.04425772772208281,54,0.4700819986090837,37,0.04425772772208236,54,0.47008199860908506,37,0.044257727722082585,54,0.47008199860908423,37,0.04425772772208236,54,0.4700819986090856,37,0.04425772772208292,57,0.4700819986090835,37,0.04425772772208236,56,0.4700819986090844,37,0.04425772772208292,54,0.47008199860908273,37,0.04425772772208303,52,0.47008199860908295,37,0.04425772772208236,53,0.47008199860908517,37,0.04425772772208281,52,0.4700819986090845,37,0.04425772772208236,77,0.4700819986090855,33,0.044257727722082585,56,0.4700819986090845,37,0.044257727722082585,55,0.47008199860908545,37,0.04425772772208281,54,0.470081998609084,37,0.04425772772208281,55,0.4700819986090841,37,0.04425772772208236,54,0.4700819986090854,37
"(181, 39)",0.0762639844907439,121,0.3494185893243682,100,0.0762639844907439,125,0.34941858932436803,98,0.07626398449074379,124,0.3494185893243682,101,0.07626398449074401,127,0.34941858932436787,101,0.07626398449074401,128,0.3494185893243677,101,0.07626398449074379,128,0.34941858932436815,101,0.0762639844907439,124,0.34941858932436787,100,0.07626398449074401,124,0.3494185893243682,101,0.07626398449074379,124,0.3494185893243678,102,0.0762639844907439,125,0.349418589324368,101,0.07626398449074401,122,0.349418589324368,101,0.0762639844907439,124,0.34941858932436826,101,0.07626398449074401,123,0.34941858932436787,100,0.0762639844907439,125,0.3494185893243679,98,0.07626398449074379,123,0.3494185893243685,100,0.07626398449074445,126,0.3494185893243677,101,0.0762639844907439,129,0.34941858932436853,100,0.07626398449074401,128,0.3494185893243681,101,0.0762639844907439,146,0.34941858932436803,90,0.0762639844907439,125,0.34941858932436787,100,0.0762639844907439,124,0.3494185893243686,101,0.0762639844907439,122,0.349418589324368,102,0.0762639844907439,121,0.34941858932436837,101,0.0762639844907439,125,0.34941858932436837,102
"(181, 128)",0.19103109580688293,484,0.25728698295938873,199,0.19103109580688304,479,0.2572869829593885,202,0.1910310958068835,483,0.25728698295938823,202,0.1910310958068826,478,0.25728698295938895,200,0.1910310958068826,478,0.25728698295938873,202,0.19103109580688327,477,0.2572869829593884,202,0.19103109580688327,482,0.25728698295938834,199,0.19103109580688282,479,0.257286982959389,202,0.19103109580688327,482,0.2572869829593881,204,0.19103109580688293,482,0.2572869829593887,202,0.19103109580688282,483,0.25728698295938884,202,0.19103109580688282,478,0.25728698295938895,204,0.1910310958068826,482,0.257286982959389,199,0.19103109580688304,479,0.25728698295938845,201,0.1910310958068835,486,0.2572869829593885,202,0.19103109580688216,479,0.25728698295938934,200,0.19103109580688293,476,0.2572869829593891,203,0.19103109580688282,479,0.25728698295938895,202,0.19103109580688293,456,0.25728698295938873,174,0.19103109580688293,479,0.25728698295938857,201,0.19103109580688293,483,0.257286982959389,201,0.19103109580688293,485,0.2572869829593887,202,0.19103109580688293,486,0.25728698295938895,202,0.19103109580688282,482,0.257286982959389,204
"(39, 214)",0.1414150735208355,353,0.32125947901823626,124,0.1414150735208357,359,0.3212594790182362,124,0.14141507352083615,356,0.32125947901823626,123,0.14141507352083582,349,0.32125947901823637,124,0.14141507352083582,349,0.321259479018236,123,0.1414150735208357,355,0.3212594790182362,123,0.14141507352083593,350,0.3212594790182362,124,0.14141507352083582,354,0.32125947901823637,124,0.14141507352083582,356,0.3212594790182358,124,0.14141507352083582,355,0.321259479018236,123,0.1414150735208357,353,0.3212594790182362,123,0.1414150735208355,353,0.32125947901823637,123,0.1414150735208357,352,0.3212594790182361,124,0.1414150735208355,357,0.32125947901823604,125,0.1414150735208355,358,0.32125947901823604,123,0.14141507352083582,346,0.3212594790182364,124,0.1414150735208357,351,0.3212594790182363,124,0.1414150735208357,353,0.3212594790182363,125,0.1414150735208357,346,0.32125947901823615,109,0.1414150735208357,355,0.3212594790182361,125,0.1414150735208355,351,0.32125947901823637,122,0.14141507352083593,355,0.3212594790182358,124,0.14141507352083593,352,0.3212594790182361,123,0.14141507352083582,353,0.32125947901823637,126
"(39, 181)",0.10990704659144279,234,0.3494185893243679,101,0.10990704659144268,235,0.349418589324368,99,0.10990704659144224,234,0.34941858932436876,100,0.10990704659144268,239,0.3494185893243684,100,0.10990704659144268,237,0.34941858932436803,100,0.10990704659144268,233,0.34941858932436803,102,0.10990704659144246,237,0.3494185893243685,99,0.10990704659144268,232,0.34941858932436837,100,0.10990704659144246,234,0.3494185893243679,101,0.10990704659144268,233,0.34941858932436787,102,0.10990704659144279,233,0.3494185893243679,102,0.1099070465914429,234,0.34941858932436787,102,0.10990704659144279,234,0.3494185893243677,101,0.1099070465914429,236,0.34941858932436737,99,0.1099070465914429,231,0.3494185893243674,101,0.10990704659144246,243,0.3494185893243686,100,0.10990704659144268,236,0.34941858932436815,101,0.10990704659144279,234,0.34941858932436803,102,0.10990704659144279,244,0.3494185893243679,91,0.10990704659144268,233,0.34941858932436787,101,0.1099070465914429,239,0.3494185893243679,102,0.10990704659144246,233,0.3494185893243681,101,0.10990704659144268,234,0.3494185893243682,102,0.10990704659144268,235,0.34941858932436837,103
"(134, 54)",0.12652984109209608,300,0.07643407938376812,557,0.12411858322818414,293,0.0796074748844816,563,0.1218895515755416,286,0.08025251305762472,560,0.12990659075216815,311,0.07666427588354564,570,0.13544683442147332,330,0.07483433580256889,575,0.15040403216219922,382,0.07064152895391364,578,0.13584997963493395,337,0.07250691685468913,573,0.12051676327657246,272,0.07845795736111863,557,0.11305400478784144,247,0.08339883787398782,542,0.1256065300907102,298,0.07877139166143023,563,0.13460661893319759,324,0.07579536000678995,572,0.15070231833361736,382,0.07107272304686568,580,0.12515154663604844,293,0.07707746651927981,557,0.12484724786859625,295,0.07940130746599407,563,0.12271444773136608,288,0.08002114362431223,565,0.13310049079475927,323,0.07532933457987716,573,0.14241235415886333,355,0.07209613186601298,579,0.15277386570318763,386,0.06947569227929054,580,0.13497932030940418,330,0.073206406324803,534,0.12080165681328359,276,0.07824027845848947,559,0.11439192149163924,253,0.0821826598283215,550,0.13054446040184908,313,0.07610676785801629,572,0.14161578668553154,354,0.07249128485433835,577,0.14773491993922905,372,0.07114086819094373,578
"(134, 174)",0.10977323384468152,233,0.08090357974998265,550,0.11742219135207077,263,0.08141661247524065,556,0.12171429132881895,283,0.08029953957969943,559,0.12196034889273355,284,0.07869720307178034,564,0.12840679250949316,306,0.07655402085848953,569,0.1292897170859506,309,0.07550064162800078,566,0.11016121199829443,238,0.07898875226775344,555,0.11205732975331906,240,0.08075718741415044,554,0.12363180855360101,291,0.08046342084915051,557,0.12745047103635732,302,0.07829550024501966,565,0.13037164993504236,310,0.0768363914800231,568,0.13098065939645975,308,0.075614561060085,568,0.10879274533081418,231,0.08149532021369088,549,0.11745176200099694,264,0.08139368124938376,555,0.12213753465220467,284,0.08017524600505489,561,0.12164845793991885,285,0.07821057176238654,564,0.12677402577995833,304,0.07579683363904163,568,0.12991540507073562,309,0.07464065255600039,566,0.12335573770898889,288,0.07603150280307402,521,0.11708995439052439,261,0.07922765610373449,557,0.12334251648744443,289,0.07973338212334796,558,0.12640243947617047,299,0.0771428243116335,567,0.12730971612888842,301,0.0758891316461344,565,0.13257972539742124,324,0.07461542059229793,572
"(134, 43)",0.17866415538288882,454,0.06519357722938675,584,0.18999461519921235,473,0.06523151796935113,586,0.17693643163500317,448,0.06774126309828095,584,0.16866805293181686,422,0.06805683657074844,586,0.15733825107738242,401,0.06993676880310876,581,0.14435083710240815,366,0.07197146527769506,575,0.16126596670500448,406,0.06705706899947834,583,0.17846325481325032,451,0.06563418944305033,587,0.17922610659300453,456,0.0678671740808159,584,0.16459336645491274,417,0.06978084142683541,581,0.1545224076592494,394,0.07124694923860861,580,0.14188438763740208,357,0.0730363360717981,576,0.18136565446948794,457,0.0649409947442541,584,0.19021335564622788,474,0.06517965765824026,586,0.177996514604708,451,0.06752613422441331,586,0.16767940572286488,419,0.06776144348585493,589,0.1547115363135121,393,0.06942300231846983,582,0.14306729403565488,360,0.07158202308580869,574,0.16013947472789802,397,0.06774306051428841,544,0.17232579764189393,430,0.06668511236893712,587,0.17590766313244977,448,0.06783034882791555,585,0.16058820667574047,404,0.06933612498979086,582,0.15099320781472347,382,0.07042047783907383,579,0.14478553527991,363,0.07179231231894326,577
"(134, 226)",0.126755947748868,304,0.07637732881825933,558,0.11322735232670722,247,0.08259549592332888,548,0.12001224946813915,270,0.08075928261529207,555,0.11813564123095399,267,0.07971647389039888,558,0.11560828750137686,256,0.0798987820412608,558,0.11270013824140179,247,0.07982181464685699,554,0.13086091548122103,321,0.07367824453340249,571,0.13054088533169306,322,0.07590613025271968,567,0.12560903377790467,298,0.07993877396204992,559,0.11996137677830732,277,0.08026650569060345,555,0.1167433793852245,262,0.08039562731826504,555,0.11298262825971839,246,0.08030369282343057,554,0.12725708781293377,307,0.0765453724528038,559,0.11238925435337599,247,0.08282049590612085,542,0.11803902144077638,264,0.08128834832094227,555,0.11626903473441963,262,0.07964508042550184,557,0.11321039423862789,249,0.07933839374735102,560,0.1113560378409355,240,0.07944335363857263,555,0.11861139373603047,269,0.0772506222670291,518,0.12937692903525966,316,0.07605493921144507,565,0.12691795873035772,306,0.07879741291840757,564,0.11937850683675844,273,0.07896820888519639,556,0.11629112739746628,265,0.07873710496636989,556,0.11156090149593356,244,0.08004665719388618,553
"(54, 110)",0.09593489702511171,188,0.07454542591716153,571,0.09199709700544068,178,0.07718278853058913,569,0.10427443186602181,213,0.07624688090471335,574,0.10907551463084664,236,0.07430801197993692,577,0.10886931145280587,229,0.07514179520141114,573,0.11483990315747872,256,0.07509392621969568,569,0.10418456728937464,217,0.071156157154693,576,0.1006885117423666,204,0.07358811514581232,576,0.10545100702699362,217,0.0749151024908427,576,0.11336752157968755,246,0.07479079856025127,576,0.11259249543491534,247,0.07552732729372853,575,0.11853149434431332,273,0.07539635535962852,572,0.09493749758313319,189,0.0750676958556511,566,0.09163217391916878,177,0.07711458714231505,568,0.10335497685191908,210,0.07658760555018321,573,0.10906692009611252,239,0.07421218324277176,577,0.11080031335807661,241,0.07486933669066152,570,0.11637297461525731,265,0.07465260455773502,565,0.10363313661010043,221,0.07266474683502594,537,0.10312227486022219,214,0.07343692299443111,576,0.1090401301788112,231,0.07471708091265379,577,0.11282394057203327,246,0.07544571096663344,576,0.11068353632286576,240,0.07446354969342263,574,0.10836538523325201,227,0.07463564367946056,571
"(54, 134)",0.15941213908268148,407,0.06293700543807586,589,0.16507974766094125,416,0.06351562472767866,590,0.14830451733279815,378,0.06780003215539301,583,0.1424035508282624,352,0.06798886531324645,587,0.14265016354082938,358,0.0686687751034909,583,0.13574234488577375,332,0.07102272017150775,576,0.14841822995240384,370,0.06323893301376822,590,0.1529400764868455,387,0.06401678881541117,590,0.1468270092929409,371,0.0670889463030678,586,0.1374021708852371,339,0.07014766020757954,580,0.13828710033533764,338,0.07052558673732302,581,0.13169965890205249,311,0.07279474949539251,577,0.1608204049631633,408,0.06297264890291288,589,0.1656199162645945,418,0.06330650642032967,590,0.14947383809889647,380,0.0677247215039534,584,0.14241381774200979,350,0.06789777067662608,587,0.1403638159587025,344,0.06919359992945706,583,0.13404318661308745,325,0.07121652223816745,575,0.14911871136103472,372,0.06436443062400789,549,0.14977185250061464,374,0.06484680243675317,589,0.1424458272394844,358,0.06834899076187186,584,0.13802201370460754,339,0.07054271823811532,580,0.14050062892180581,346,0.06877205280597196,581,0.1432553593749626,358,0.06800479194000632,583
"(110, 42)",0.048936022528608514,64,0.11897324405186654,425,0.04501079474131209,57,0.12570723898157402,416,0.06019965967646779,78,0.11689305823882672,437,0.07333158764370928,116,0.10669895881579237,462,0.07745103460060021,133,0.10277608393827195,481,0.07052971028429977,107,0.10263064319289313,477,0.056756090448401686,77,0.11235280528757968,432,0.05026764592920263,63,0.1206466579255179,426,0.06611653286719266,87,0.1105616783909327,449,0.07625321749368819,124,0.10389262200521313,470,0.0767616242118857,126,0.10187270187086316,481,0.07071929678618494,103,0.1020259695369613,480,0.048297858536239247,64,0.11950818929686674,424,0.044646270260231935,57,0.12522490900347333,418,0.05957551181026388,76,0.11784706249104593,433,0.0731193789411696,113,0.10681600117354438,462,0.07872166078648535,142,0.10189766439107574,487,0.06959292730401756,105,0.10292959560060054,477,0.06874315968083222,130,0.10644777102030187,409,0.05484287339854532,68,0.1179890670748432,428,0.06677659549472481,93,0.11062337690465088,448,0.07434086688475638,113,0.10282896476717727,479,0.07079666141875318,104,0.1018460862936851,482,0.06944327000230888,103,0.10092058733841751,482
"(110, 194)",0.197582940874802,498,0.07025711580877929,579,0.19443258941846597,489,0.07327229206762058,580,0.1701412365684648,426,0.07903027323802791,567,0.1590658294677636,403,0.07911495348163394,561,0.15093682184790413,382,0.07947736893004563,560,0.1443018959995429,365,0.07863518304555389,556,0.1941056151599384,491,0.06976349067467735,579,0.19565397325466327,492,0.07214256705615642,582,0.1741571179456115,437,0.07595621811122961,573,0.1647524857532796,418,0.07669253646758685,574,0.15719508421106,401,0.07707721575362908,567,0.14797194817959292,374,0.07735432724069609,561,0.19939325206750702,499,0.06997676093506272,580,0.19506789868824936,492,0.0727106094358213,581,0.17071906086356392,425,0.07930235375315463,566,0.15792887689181256,402,0.07939919038392361,558,0.14544972052204708,368,0.08056366363414011,556,0.14344970243536181,363,0.07874732952675394,557,0.17991648119248826,433,0.07278556077903557,536,0.191483106400682,480,0.0730971121645594,578,0.17339145697176261,437,0.07639605251086472,571,0.1547145087483235,396,0.0775844946241815,564,0.15065111691785027,381,0.07661245967930627,561,0.14551779833577116,367,0.07666506867131058,562
"(110, 54)",0.17079900633346645,432,0.07580765519868735,561,0.17887524595415216,453,0.07656449574014561,570,0.17884684788570826,452,0.07706645357524262,571,0.17561549348703875,437,0.07536394357066259,575,0.17724217964254052,440,0.07352775794552209,577,0.19807761162139448,496,0.06720923865282075,584,0.16233732579875715,410,0.07642794438383005,562,0.1690003730052657,427,0.07783349905898831,559,0.1617470907463351,405,0.0787695439254325,565,0.15808908630528717,402,0.07822736408634344,566,0.16391822117957044,413,0.07554846169816323,574,0.18704070110601034,467,0.06896490956321769,581,0.17089237798900303,432,0.07586404725673941,561,0.18060993614118748,454,0.07573543083499346,573,0.18075687186411427,455,0.07704008940306749,572,0.17906197025144266,445,0.07463473799932042,575,0.18746063682370373,467,0.07118475385865311,581,0.20634795960299945,509,0.06561513568214353,585,0.15648674924279027,387,0.07795852401252434,515,0.1604373674985573,404,0.07994562104976072,554,0.15932666347289737,399,0.0796224820371239,560,0.1746073221825415,441,0.07315821087605112,578,0.1879233916844999,474,0.06869547358989028,582,0.2015091666723693,504,0.06515210049863286,590
"(110, 226)",0.17575523253627934,445,0.0747268122536056,566,0.18279784362326978,461,0.07571193601348486,575,0.16369694628442533,413,0.08054024814017414,557,0.1498719228579657,377,0.08134582152549415,554,0.14893435974443692,377,0.07996585366634988,557,0.15114397503269505,384,0.07699623071289732,561,0.16608511420186678,419,0.0755863165599045,564,0.1754208551782952,441,0.07639579964981404,564,0.16300025498623028,409,0.07847721365286273,567,0.15532856373999515,398,0.07887950719164681,562,0.15607488141738446,398,0.07733736261585261,565,0.15603892943745623,396,0.07547818405092115,570,0.17594868516848816,444,0.07476103863495065,569,0.18165525871752886,457,0.07550989966779877,574,0.1628559525744031,412,0.08115557618748763,556,0.14837059012141873,372,0.08173606633503074,553,0.14372287577463938,362,0.08099680732020065,554,0.14743834720915072,373,0.07778034764583787,559,0.1574885923178252,389,0.07772415680296302,516,0.17543147037648787,440,0.07650827607589603,564,0.16476101065866433,413,0.07834796415605769,567,0.15311644415812542,391,0.0779608869467875,562,0.1523871695488771,386,0.07620824285377915,563,0.1492934884554027,377,0.07577842138316937,567
"(42, 212)",0.08314697990657782,149,0.11138050171185,438,0.08726817790133268,161,0.11550464699237045,439,0.10003495483268132,200,0.1173627424818034,433,0.106419304562551,225,0.11470909551342044,442,0.11424119983286929,249,0.10715043838390252,462,0.10964750911228738,232,0.10603057823985047,456,0.08765033278587009,168,0.10887411474164102,443,0.08380839455035138,149,0.11607676344513981,435,0.10198031295399523,207,0.11056837980559636,448,0.11359106272785435,248,0.10513389980915898,464,0.11430607667137171,254,0.10187380367826197,480,0.10934437477694015,229,0.10326067608263695,467,0.08198076797365483,145,0.11202356334432412,439,0.08717828929647431,162,0.11522868946440262,442,0.10107919868835358,201,0.11780998647008592,434,0.10672983581305129,227,0.11542372315656649,441,0.11448404193091244,255,0.1088185117948706,455,0.109112917177411,230,0.10738169196511266,451,0.09626996802132282,200,0.10768928319725496,403,0.08407440913346109,148,0.11552747621820335,434,0.0997575506203563,202,0.11061004572240804,449,0.11018151718304414,234,0.10360712128994098,469,0.10675320976557978,222,0.10240356692814792,476,0.10317617180419236,214,0.10161129591326855,480
"(42, 110)",0.17896333751797133,455,0.08626539980741614,513,0.17228838310247196,437,0.09207309912815159,509,0.15380718206759825,393,0.10168462804304453,486,0.14562658790072092,366,0.10332159524414494,472,0.13641392492828652,334,0.10099858807363582,487,0.1417225676799374,356,0.09733844018055701,488,0.1716885433442974,431,0.08701525312883225,512,0.17786589700029154,450,0.09032547103199265,510,0.15124665393259606,385,0.09695595030909543,489,0.13714838081583114,336,0.09873260603941304,487,0.13634093090427846,331,0.09606021250257173,492,0.14208289482072467,358,0.09462804050698383,497,0.18092373090426794,456,0.08604286552151802,516,0.17242993187272115,437,0.09179644258652522,509,0.15242507615044754,392,0.10273471709857308,484,0.14524454098485573,364,0.10415746944414865,472,0.13614097441319917,330,0.10271207003488263,482,0.14235888228163796,358,0.09827146757676461,485,0.15894307163200339,395,0.09111479341799014,463,0.17742740729851803,448,0.09006713020788538,506,0.1541773620324569,389,0.09566864598867769,490,0.14109089621670112,354,0.09540977223594155,491,0.14521584103305307,365,0.09242101492419963,500,0.14970275322340743,379,0.08975497515057876,508
"(46, 0)",0.1973960519854835,496,0.10305991400040798,475,0.1973340189159889,494,0.10305991400040797,483,0.19724430296058837,500,0.10305991400040791,478,0.19725578898002816,493,0.10305991400040791,477,0.1973960519854835,494,0.10305991400040791,476,0.19739605198548338,495,0.10305991400040802,469,0.1973960519854835,497,0.10305991400040798,468,0.1973960519854835,497,0.10305991400040804,477,0.1973960519854835,496,0.1030599140004079,475,0.1973960519854835,498,0.10305991400040795,476,0.1973960519854835,498,0.10305991400040791,475,0.1973960519854835,498,0.10305991400040797,471,0.1973960519854835,495,0.10305991400040797,472,0.1973960519854835,495,0.10305991400040801,481,0.19710768773962972,500,0.1030599140004079,477,0.19708569789733943,494,0.10305991400040798,474,0.19690285046481437,491,0.10305991400040809,476,0.1973960519854835,496,0.10305991400040798,475,0.1973960519854835,470,0.10305991400040801,429,0.19729522598777405,496,0.10305991400040795,473,0.19727159609373912,497,0.10305991400040802,476,0.1972176691840919,498,0.10305991400040791,472,0.1973960519854835,500,0.1030599140004079,470,0.1973960519854835,496,0.10305991400040801,472
"(46, 231)",0.07290133454060643,110,0.14364508488206285,374,0.07293327419370255,109,0.14360906646798882,385,0.07297949559088057,109,0.14355697972459872,384,0.07297357615527011,114,0.1435636478613358,383,0.07290133454060643,113,0.14364508488206282,383,0.07290133454060654,114,0.1436450848820628,376,0.07290133454060643,110,0.1436450848820628,375,0.07290133454060643,108,0.14364508488206287,382,0.07290133454060643,110,0.14364508488206273,384,0.07290133454060643,108,0.14364508488206285,382,0.07290133454060643,109,0.1436450848820628,381,0.07290133454060643,109,0.14364508488206282,376,0.07290133454060643,111,0.14364508488206282,370,0.07290133454060643,109,0.14364508488206285,385,0.07304994380694996,110,0.14347767640924697,384,0.07306129056076749,112,0.14346491294196906,384,0.07315571803664267,115,0.1433587980188339,387,0.07290133454060643,113,0.14364508488206287,376,0.07290133454060643,135,0.14364508488206287,339,0.07295325608143466,109,0.14358654354387088,380,0.07296543069932748,112,0.1435728247486657,384,0.07299322369154582,108,0.14354151804363735,381,0.07290133454060643,109,0.1436450848820627,381,0.07290133454060643,110,0.1436450848820629,375
"(208, 165)",0.12087344614518558,273,0.3549053383216434,96,0.12087344614518547,272,0.3549053383216434,95,0.12087344614518525,275,0.3549053383216438,95,0.12087344614518569,279,0.354905338321643,95,0.12087344614518525,281,0.3549053383216433,96,0.12087344614518569,281,0.35490533832164317,96,0.12087344614518547,272,0.35490533832164334,96,0.12087344614518503,275,0.3549053383216437,95,0.12087344614518547,274,0.35490533832164317,97,0.12087344614518558,282,0.35490533832164317,97,0.12087344614518547,282,0.35490533832164334,97,0.12087344614518525,278,0.3549053383216434,96,0.12087344614518547,273,0.3549053383216431,96,0.12087344614518569,273,0.35490533832164284,95,0.12087344614518525,273,0.3549053383216427,95,0.12087344614518525,279,0.3549053383216441,95,0.12087344614518492,279,0.35490533832164395,95,0.12087344614518525,283,0.3549053383216437,96,0.12087344614518547,277,0.35490533832164345,86,0.12087344614518503,277,0.3549053383216435,95,0.12087344614518558,276,0.35490533832164345,97,0.12087344614518547,282,0.35490533832164295,97,0.12087344614518525,279,0.3549053383216435,96,0.12087344614518525,273,0.3549053383216435,98
"(208, 7)",0.1292194198925103,318,0.34709383846507613,103,0.1292194198925104,322,0.3470938384650759,101,0.1292194198925105,315,0.34709383846507585,103,0.12921941989251007,310,0.34709383846507597,102,0.1292194198925105,311,0.3470938384650756,102,0.12921941989251007,308,0.34709383846507613,103,0.1292194198925104,316,0.34709383846507574,103,0.12921941989251073,317,0.3470938384650757,102,0.1292194198925104,320,0.3470938384650756,103,0.1292194198925103,309,0.3470938384650759,103,0.1292194198925104,307,0.3470938384650759,103,0.1292194198925105,306,0.3470938384650756,103,0.1292194198925104,317,0.34709383846507574,103,0.12921941989251007,322,0.3470938384650759,101,0.1292194198925105,318,0.34709383846507486,102,0.1292194198925105,310,0.3470938384650762,103,0.12921941989251073,313,0.34709383846507563,103,0.1292194198925104,306,0.3470938384650761,103,0.1292194198925105,313,0.3470938384650758,92,0.12921941989251073,314,0.3470938384650753,103,0.1292194198925103,317,0.3470938384650762,103,0.1292194198925104,308,0.3470938384650754,103,0.1292194198925105,310,0.34709383846507563,103,0.1292194198925105,312,0.3470938384650757,104
"(165, 51)",0.21091380684128747,513,0.2551186928650084,204,0.21091380684128747,518,0.2551186928650083,207,0.21091380684128724,523,0.25511869286500843,206,0.21091380684128747,516,0.25511869286500816,205,0.21091380684128747,517,0.255118692865008,208,0.21091380684128724,518,0.25511869286500827,206,0.21091380684128747,519,0.2551186928650083,202,0.21091380684128724,520,0.2551186928650085,206,0.21091380684128747,519,0.2551186928650084,207,0.21091380684128747,517,0.2551186928650083,206,0.21091380684128747,521,0.25511869286500827,209,0.21091380684128747,519,0.2551186928650084,209,0.21091380684128724,512,0.25511869286500827,204,0.21091380684128747,517,0.2551186928650083,206,0.21091380684128758,522,0.2551186928650084,206,0.21091380684128758,513,0.2551186928650084,205,0.21091380684128724,512,0.25511869286500866,207,0.21091380684128747,518,0.2551186928650083,206,0.21091380684128747,489,0.25511869286500827,179,0.2109138068412869,521,0.2551186928650085,205,0.21091380684128724,520,0.2551186928650085,206,0.21091380684128724,519,0.2551186928650081,207,0.21091380684128758,518,0.2551186928650082,207,0.21091380684128724,518,0.25511869286500855,209
"(165, 208)",0.0663056557227264,94,0.37519792376247096,73,0.0663056557227264,91,0.37519792376247096,73,0.0663056557227264,87,0.3751979237624708,73,0.0663056557227264,97,0.3751979237624705,73,0.0663056557227264,96,0.3751979237624704,73,0.06630565572272662,93,0.37519792376247063,73,0.0663056557227264,92,0.3751979237624708,73,0.06630565572272662,89,0.37519792376247085,73,0.0663056557227264,89,0.3751979237624711,73,0.0663056557227264,94,0.37519792376247085,73,0.0663056557227264,93,0.37519792376247085,73,0.0663056557227264,92,0.3751979237624709,73,0.06630565572272662,95,0.3751979237624704,73,0.0663056557227264,92,0.3751979237624709,73,0.0663056557227264,88,0.3751979237624712,73,0.0663056557227264,98,0.37519792376247113,73,0.06630565572272662,98,0.375197923762471,73,0.0663056557227264,94,0.3751979237624708,73,0.0663056557227264,121,0.3751979237624709,66,0.06630565572272662,89,0.3751979237624705,73,0.06630565572272662,88,0.37519792376247085,73,0.0663056557227264,91,0.37519792376247046,73,0.06630565572272618,93,0.37519792376247113,73,0.06630565572272662,92,0.37519792376247085,73
"(51, 165)",9.999999999998899e-05,3,0.25511869286500843,203,9.999999999998899e-05,3,0.25511869286500855,206,9.999999999998899e-05,3,0.2551186928650083,207,9.999999999998899e-05,3,0.2551186928650081,206,9.999999999998899e-05,3,0.25511869286500816,207,9.999999999998899e-05,3,0.25511869286500827,207,9.999999999998899e-05,3,0.2551186928650083,203,9.999999999998899e-05,3,0.25511869286500843,207,9.999999999998899e-05,3,0.2551186928650082,208,9.999999999998899e-05,3,0.25511869286500827,207,9.999999999998899e-05,3,0.2551186928650084,208,9.999999999998899e-05,3,0.25511869286500843,208,9.999999999998899e-05,3,0.2551186928650085,203,9.999999999998899e-05,3,0.25511869286500816,207,9.999999999998899e-05,3,0.2551186928650083,207,9.999999999998899e-05,3,0.2551186928650084,206,9.999999999998899e-05,3,0.25511869286500855,208,9.999999999998899e-05,3,0.25511869286500843,205,9.999999999998899e-05,2,0.25511869286500843,178,9.999999999998899e-05,3,0.2551186928650082,206,9.999999999998899e-05,3,0.2551186928650084,207,9.999999999998899e-05,3,0.25511869286500827,206,9.999999999998899e-05,3,0.25511869286500827,206,9.999999999998899e-05,3,0.2551186928650084,210
"(224, 225)",0.12333107261900667,286,0.24069192721186303,218,0.123331072619006,288,0.24069192721186317,223,0.12333107261900611,292,0.24069192721186286,222,0.12333107261900611,293,0.24069192721186275,223,0.12333107261900644,293,0.24069192721186303,222,0.12333107261900611,289,0.24069192721186272,221,0.12333107261900611,284,0.24069192721186294,219,0.12333107261900644,288,0.24069192721186286,224,0.12333107261900644,290,0.2406919272118626,224,0.12333107261900667,292,0.24069192721186275,225,0.12333107261900678,292,0.2406919272118624,225,0.12333107261900678,289,0.24069192721186244,226,0.12333107261900711,287,0.2406919272118629,217,0.123331072619006,287,0.24069192721186383,223,0.12333107261900533,290,0.2406919272118624,223,0.12333107261900678,293,0.2406919272118625,223,0.12333107261900644,289,0.24069192721186364,222,0.12333107261900711,291,0.24069192721186194,222,0.12333107261900644,287,0.24069192721186292,195,0.12333107261900622,291,0.2406919272118627,222,0.12333107261900644,288,0.24069192721186303,225,0.12333107261900667,292,0.24069192721186267,226,0.12333107261900644,289,0.24069192721186283,224,0.12333107261900644,288,0.24069192721186305,227
"(224, 10)",0.12668391592561634,303,0.23854951287751272,222,0.12668391592561723,307,0.23854951287751192,228,0.126683915925617,302,0.23854951287751178,228,0.126683915925617,299,0.2385495128775117,227,0.12668391592561679,299,0.2385495128775124,227,0.126683915925617,300,0.2385495128775117,226,0.126683915925617,302,0.23854951287751178,225,0.12668391592561656,302,0.23854951287751225,228,0.12668391592561656,302,0.2385495128775122,230,0.12668391592561634,300,0.23854951287751242,230,0.12668391592561634,296,0.23854951287751222,230,0.12668391592561634,297,0.23854951287751225,231,0.1266839159256159,302,0.2385495128775132,221,0.126683915925617,308,0.2385495128775126,227,0.1266839159256179,302,0.23854951287751025,229,0.12668391592561623,298,0.2385495128775125,228,0.12668391592561656,303,0.23854951287751308,226,0.1266839159256159,298,0.2385495128775124,226,0.12668391592561679,302,0.23854951287751222,200,0.12668391592561679,301,0.23854951287751194,226,0.12668391592561679,305,0.23854951287751236,231,0.12668391592561634,300,0.2385495128775123,230,0.12668391592561679,297,0.23854951287751222,230,0.12668391592561656,300,0.23854951287751258,232
"(225, 53)",0.11489082323871902,253,0.27586548524475507,180,0.11489082323871902,255,0.27586548524475496,183,0.11489082323871935,253,0.27586548524475524,179,0.11489082323871957,257,0.27586548524475435,181,0.11489082323871902,254,0.2758654852447546,181,0.11489082323871902,258,0.2758654852447552,181,0.11489082323871913,250,0.2758654852447548,180,0.11489082323871935,250,0.2758654852447547,181,0.11489082323871935,257,0.2758654852447544,181,0.11489082323871935,254,0.275865485244755,181,0.11489082323871935,257,0.27586548524475474,183,0.11489082323871902,259,0.275865485244755,180,0.11489082323871869,252,0.2758654852447552,180,0.11489082323871969,255,0.275865485244755,183,0.11489082323871935,253,0.2758654852447545,181,0.11489082323871891,260,0.27586548524475496,181,0.11489082323871902,258,0.27586548524475535,181,0.11489082323871935,257,0.27586548524475474,182,0.11489082323871935,257,0.2758654852447546,158,0.11489082323871902,252,0.2758654852447549,180,0.11489082323871957,255,0.27586548524475485,182,0.11489082323871957,261,0.2758654852447545,181,0.11489082323871913,259,0.27586548524475496,178,0.11489082323871935,254,0.2758654852447548,180
"(225, 224)",0.13568543611190753,338,0.2609845126526903,192,0.13568543611190742,338,0.2609845126526903,194,0.1356854361119073,338,0.2609845126526908,195,0.13568543611190687,330,0.2609845126526905,194,0.13568543611190742,331,0.26098451265269,195,0.13568543611190753,330,0.2609845126526903,195,0.13568543611190742,335,0.2609845126526902,192,0.1356854361119073,340,0.26098451265269046,193,0.1356854361119073,332,0.26098451265269007,195,0.1356854361119073,331,0.2609845126526906,196,0.1356854361119073,328,0.2609845126526904,196,0.13568543611190742,329,0.2609845126526903,196,0.1356854361119081,338,0.2609845126526898,193,0.13568543611190687,337,0.26098451265269124,193,0.13568543611190742,339,0.26098451265269,195,0.13568543611190775,328,0.26098451265268985,194,0.13568543611190753,327,0.2609845126526905,196,0.1356854361119073,333,0.26098451265269046,195,0.1356854361119071,332,0.26098451265269046,167,0.13568543611190742,339,0.2609845126526902,193,0.1356854361119071,334,0.26098451265269085,195,0.1356854361119071,325,0.2609845126526904,196,0.13568543611190742,326,0.2609845126526904,195,0.1356854361119073,330,0.2609845126526904,197
"(53, 205)",0.16347463745620472,414,0.22865705425393956,245,0.16347463745620416,413,0.22865705425393956,249,0.16347463745620439,411,0.22865705425393945,246,0.16347463745620472,412,0.2286570542539395,247,0.16347463745620439,414,0.22865705425393965,249,0.16347463745620439,410,0.22865705425393948,247,0.16347463745620416,414,0.22865705425393962,246,0.16347463745620439,411,0.22865705425393965,246,0.16347463745620472,412,0.22865705425393928,249,0.16347463745620416,414,0.2286570542539396,248,0.16347463745620472,412,0.22865705425393934,250,0.16347463745620439,409,0.22865705425393948,249,0.16347463745620394,414,0.2286570542539395,243,0.16347463745620527,414,0.22865705425393923,249,0.16347463745620572,413,0.22865705425393912,248,0.16347463745620472,411,0.22865705425393976,247,0.16347463745620405,410,0.2286570542539399,249,0.16347463745620416,410,0.22865705425393976,245,0.16347463745620439,405,0.22865705425393945,218,0.16347463745620416,411,0.22865705425393934,248,0.16347463745620472,406,0.22865705425393967,249,0.16347463745620527,414,0.22865705425393926,250,0.16347463745620416,410,0.22865705425393953,248,0.16347463745620439,409,0.22865705425393948,253
"(53, 225)",0.09309194270640764,182,0.27586548524475496,181,0.09309194270640797,181,0.27586548524475446,184,0.09309194270640786,183,0.2758654852447547,180,0.09309194270640764,183,0.275865485244755,180,0.09309194270640786,184,0.2758654852447549,180,0.09309194270640786,191,0.2758654852447545,182,0.09309194270640797,181,0.27586548524475457,181,0.09309194270640786,186,0.2758654852447548,180,0.09309194270640786,185,0.27586548524475457,180,0.09309194270640797,183,0.27586548524475457,182,0.09309194270640764,184,0.27586548524475485,182,0.09309194270640786,186,0.27586548524475457,181,0.09309194270640808,185,0.275865485244754,181,0.0930919427064072,180,0.27586548524475535,182,0.09309194270640697,181,0.2758654852447556,180,0.09309194270640764,184,0.27586548524475524,180,0.09309194270640808,189,0.2758654852447546,182,0.09309194270640797,190,0.27586548524475474,183,0.09309194270640786,192,0.2758654852447547,157,0.09309194270640786,185,0.27586548524475435,181,0.09309194270640764,187,0.2758654852447552,181,0.0930919427064073,185,0.27586548524475535,180,0.09309194270640797,187,0.2758654852447544,179,0.09309194270640786,189,0.2758654852447547,181
"(55, 245)",0.11352290351218652,251,0.41634817289633275,55,0.11352290351218652,251,0.41634817289633297,55,0.11352290351218686,249,0.4163481728963323,55,0.11352290351218675,254,0.41634817289633236,55,0.11352290351218675,247,0.41634817289633236,55,0.11352290351218675,250,0.41634817289633236,55,0.11352290351218675,247,0.4163481728963325,55,0.1135229035121863,247,0.416348172896333,55,0.1135229035121863,251,0.4163481728963326,55,0.11352290351218652,247,0.41634817289633247,55,0.11352290351218652,249,0.4163481728963325,55,0.11352290351218652,250,0.4163481728963328,55,0.11352290351218686,248,0.41634817289633236,55,0.11352290351218675,250,0.41634817289633214,55,0.11352290351218675,249,0.41634817289633247,55,0.11352290351218675,256,0.41634817289633297,55,0.11352290351218675,252,0.4163481728963326,55,0.11352290351218675,247,0.4163481728963326,55,0.002221205068408061,24,0.4163481728963326,50,0.11352290351218652,245,0.4163481728963327,55,0.11352290351218675,249,0.41634817289633286,55,0.11352290351218675,251,0.41634817289633225,55,0.11352290351218652,251,0.41634817289633247,55,0.11352290351218652,250,0.4163481728963328,55
"(55, 148)",0.1372256946847652,340,0.3908463080076652,64,0.1372256946847652,343,0.39084630800766534,64,0.13722569468476475,342,0.39084630800766534,64,0.13722569468476498,333,0.39084630800766507,64,0.13722569468476498,337,0.3908463080076652,64,0.13722569468476475,335,0.39084630800766534,64,0.13722569468476498,339,0.3908463080076654,63,0.1372256946847653,344,0.39084630800766507,64,0.1372256946847653,338,0.3908463080076648,63,0.13722569468476498,337,0.3908463080076651,63,0.1372256946847652,336,0.3908463080076651,64,0.1372256946847652,336,0.3908463080076652,64,0.13722569468476475,341,0.39084630800766557,64,0.13722569468476498,344,0.39084630800766496,64,0.13722569468476475,343,0.3908463080076655,64,0.13722569468476498,332,0.39084630800766584,64,0.13722569468476498,333,0.39084630800766545,64,0.13722569468476498,340,0.3908463080076654,63,0.6574234754807484,599,0.062474743118753166,568,0.1372256946847652,345,0.3908463080076651,64,0.13722569468476498,338,0.3908463080076656,63,0.13722569468476475,333,0.3908463080076653,63,0.13722569468476498,333,0.39084630800766507,64,0.13722569468476498,334,0.3908463080076654,64
"(57, 56)",0.14068680644654796,351,0.28803789547986736,162,0.14068680644654785,357,0.28803789547986697,167,0.1406868064465453,355,0.2880378954798682,163,0.1406868064465473,347,0.28803789547986713,165,0.14068680644654796,348,0.28803789547986663,164,0.14068680644654863,353,0.28803789547986625,164,0.14068680644654796,349,0.2880378954798667,165,0.1406868064465474,353,0.28803789547986725,162,0.14068680644654796,352,0.2880378954798668,162,0.1406868064465483,353,0.28803789547986614,162,0.14068680644654785,350,0.2880378954798666,161,0.14068680644654796,350,0.2880378954798668,161,0.14068680644654785,351,0.2880378954798668,163,0.14068680644654807,356,0.28803789547986686,166,0.1406868064465483,354,0.28803789547986763,163,0.1406868064465474,345,0.2880378954798665,166,0.14068680644654785,347,0.28803789547986697,165,0.1406868064465483,351,0.2880378954798663,163,0.14068680644654785,344,0.2880378954798667,141,0.14068680644654796,354,0.2880378954798666,163,0.1406868064465483,350,0.2880378954798669,161,0.14068680644654763,349,0.28803789547986675,162,0.14068680644654796,349,0.2880378954798666,162,0.1406868064465483,346,0.2880378954798665,164
"(57, 17)",0.1105248774371761,236,0.3121625062917677,133,0.1105248774371761,237,0.31216250629176706,136,0.11052487743717831,237,0.31216250629176456,134,0.11052487743717665,241,0.3121625062917664,135,0.11052487743717598,238,0.312162506291767,134,0.11052487743717565,235,0.31216250629176734,136,0.11052487743717598,239,0.3121625062917671,137,0.11052487743717654,233,0.3121625062917669,135,0.1105248774371761,237,0.312162506291767,134,0.11052487743717587,234,0.3121625062917669,135,0.1105248774371761,236,0.3121625062917666,134,0.11052487743717598,235,0.31216250629176706,136,0.1105248774371761,237,0.31216250629176684,133,0.11052487743717598,237,0.31216250629176734,136,0.11052487743717565,235,0.3121625062917687,133,0.11052487743717654,245,0.3121625062917659,135,0.1105248774371761,239,0.31216250629176717,137,0.11052487743717565,236,0.31216250629176717,138,0.1105248774371761,246,0.31216250629176673,122,0.11052487743717598,235,0.3121625062917669,134,0.11052487743717587,240,0.3121625062917677,134,0.11052487743717632,235,0.31216250629176656,134,0.11052487743717598,237,0.31216250629176706,133,0.11052487743717565,239,0.31216250629176734,137
"(56, 72)",0.05308101681692445,73,0.4783874963969572,36,0.053081016816924564,69,0.47838749639695727,36,0.05308101681692334,66,0.47838749639695965,35,0.05308101681692423,66,0.4783874963969577,35,0.05308101681692401,67,0.4783874963969579,35,0.05308101681692423,69,0.4783874963969573,36,0.05308101681692445,70,0.4783874963969573,35,0.05308101681692445,67,0.4783874963969577,36,0.05308101681692423,66,0.47838749639695743,36,0.05308101681692423,65,0.47838749639695793,35,0.05308101681692423,65,0.47838749639695716,35,0.05308101681692445,66,0.4783874963969568,36,0.053081016816924564,73,0.4783874963969573,35,0.05308101681692445,69,0.478387496396957,36,0.05308101681692401,66,0.47838749639695927,35,0.05308101681692445,65,0.4783874963969582,35,0.05308101681692423,67,0.47838749639695854,35,0.05308101681692423,68,0.47838749639695705,36,0.05308101681692423,97,0.47838749639695755,31,0.05308101681692423,66,0.47838749639695743,35,0.05308101681692423,66,0.47838749639695727,36,0.05308101681692423,66,0.47838749639695716,35,0.05308101681692445,65,0.4783874963969566,36,0.05308101681692423,66,0.47838749639695766,35
"(56, 57)",0.2431810930243743,542,0.288037895479867,163,0.24318109302437396,543,0.2880378954798673,166,0.24318109302437674,546,0.28803789547986575,164,0.24318109302437452,547,0.288037895479867,166,0.24318109302437518,548,0.28803789547986647,165,0.24318109302437496,546,0.28803789547986636,163,0.2431810930243743,543,0.2880378954798672,164,0.24318109302437452,546,0.2880378954798671,163,0.24318109302437496,547,0.2880378954798665,163,0.24318109302437474,549,0.28803789547986686,161,0.24318109302437474,549,0.2880378954798664,162,0.2431810930243743,550,0.2880378954798668,162,0.24318109302437396,543,0.2880378954798675,162,0.24318109302437452,543,0.2880378954798667,167,0.2431810930243753,546,0.28803789547986713,164,0.24318109302437452,547,0.28803789547986736,165,0.24318109302437463,547,0.28803789547986747,164,0.24318109302437452,550,0.2880378954798666,162,0.24318109302437463,518,0.28803789547986686,140,0.24318109302437452,547,0.28803789547986686,162,0.24318109302437496,548,0.2880378954798664,162,0.24318109302437463,549,0.28803789547986663,163,0.2431810930243743,549,0.2880378954798667,161,0.24318109302437463,551,0.2880378954798669,163
"(211, 221)",0.16648306645854305,422,0.08571547126098703,517,0.1654460177499546,421,0.08954665102139674,516,0.17718020213057928,450,0.08792013516953474,520,0.18436826167472165,461,0.08603858454013753,531,0.18609904676685296,459,0.08619291535125015,531,0.18559373877977325,461,0.08584056118327764,528,0.16601651528783634,418,0.08574464563810869,518,0.16653521862296916,419,0.0884905847383674,514,0.1750080458507055,443,0.08773671224257101,521,0.179553169499029,451,0.08643594751082723,528,0.18103012629988036,452,0.08615935132838609,530,0.17936452236470823,448,0.08572844377576765,528,0.16625488683064926,423,0.08581281693976932,519,0.16586575465113773,419,0.08918303792689866,519,0.1766335851825549,445,0.0879429875506545,521,0.18706449217750598,468,0.08592715373951572,530,0.19477333279521947,487,0.0861103271160038,532,0.1946165172001233,491,0.08606847165570095,526,0.16934884983926768,412,0.08580319034530419,472,0.16948911432773106,425,0.08744678577483112,514,0.17640531206782772,450,0.0872006280292902,522,0.1802864910415125,453,0.08663719222023435,523,0.18175754822992296,452,0.0862368029894429,522,0.18314281100043517,459,0.08622547484505073,521
"(211, 9)",0.09105269278138284,178,0.10481376175395118,465,0.09174946277816143,176,0.10899341937381377,464,0.08422482035503664,153,0.11265402510611834,448,0.07997798250837151,142,0.11365760380961412,446,0.07899331930352171,143,0.11468928153100993,438,0.07927932226382384,139,0.11397956945075574,434,0.0913653609586833,178,0.10463177261840877,461,0.09101782266763236,178,0.10823231507217407,455,0.08556030532634573,156,0.11137214547102532,445,0.08279404773394261,148,0.1118816984162416,444,0.08191802893400724,145,0.11222584241339884,442,0.08290673374118773,148,0.1108767582922173,441,0.09120544935705088,178,0.10482624666130665,465,0.09146667433364075,176,0.1087544097041113,464,0.08455854342309621,156,0.11241902439440549,452,0.07845022188991346,137,0.11479672210070453,444,0.07426583381252683,120,0.1187504827352443,433,0.0743483437609862,118,0.11861698759405455,428,0.08916027770514123,185,0.10626095525690413,412,0.08906887925089002,169,0.10836335898200009,448,0.0846983745927905,151,0.11136066277947242,445,0.08235772247770345,144,0.1124926087403045,442,0.08149059618118848,145,0.11267328801062358,441,0.08068385030585634,141,0.11331916045408622,438
"(221, 80)",0.17342579975062855,437,0.08342758663348111,530,0.171544141549398,436,0.08560899917763275,525,0.17414237279667022,437,0.08524665924196331,533,0.17608065169771692,442,0.08443389331652039,536,0.17758562032240888,441,0.0844303891777397,538,0.17922499388172908,446,0.08423045313493019,533,0.17357130148877786,435,0.08362149777523031,530,0.17426982407891445,438,0.08501364502468989,529,0.17247270890538335,433,0.08528713482217591,532,0.17441858814376687,440,0.08452080242183517,536,0.1759595601242412,443,0.08419810308648186,537,0.17636858511195697,442,0.08409248352275125,536,0.1731325586825181,435,0.0833909816710025,532,0.1713838284017153,435,0.085446819210653,528,0.17394487235638734,436,0.08520409966242092,534,0.1774580327473354,444,0.08439250508020218,537,0.1818047769187232,448,0.08444793327143629,538,0.18278851121602702,456,0.08424900369568508,534,0.17577778042149472,422,0.0837077141531862,482,0.17439700095339483,435,0.08488991980846758,526,0.1737697798192962,438,0.08494670516533274,533,0.17482042105799256,442,0.0843831833387347,535,0.17567662586620347,438,0.08429481868002763,531,0.1762406417722081,439,0.08471691061778286,526
"(221, 211)",0.0865490004314089,161,0.10517848165761016,462,0.08774262993099136,162,0.10704700009729672,467,0.08609955645283673,160,0.10780656689634928,464,0.08489772261011908,158,0.10767676870809706,458,0.08397831215623541,157,0.1083708158254587,454,0.08299019598144775,153,0.10887455637546507,447,0.08645751346118935,163,0.105489605553403,458,0.08601990959822658,160,0.10757128939112516,460,0.08715114615414088,164,0.10707776192929384,464,0.08592705515424037,158,0.10701661857117606,455,0.08497221811896205,155,0.1073200693834297,456,0.08472089774536273,154,0.10737439736121071,451,0.0867337332404503,162,0.10499839378668896,464,0.08784523374917641,165,0.1067693125105325,467,0.08622315242600931,163,0.10766050260064987,464,0.08405579737084501,154,0.10826295462760198,456,0.08146293552421002,150,0.11035807171545821,449,0.080889289776363,144,0.1105564448883524,444,0.08508419500898856,172,0.10661144830948015,406,0.0859405218640027,159,0.10747393046256468,452,0.08633290273837291,160,0.10725375543039523,460,0.08567683917726343,155,0.10702834593085898,455,0.08514658259303265,159,0.10731237352993606,452,0.08479941583527928,158,0.10811215186083936,451
"(80, 252)",0.03976917162286964,52,0.18640325342635283,300,0.03911986764169606,48,0.18686479026397487,310,0.038756007044960294,47,0.18919846343946292,310,0.03907789676862683,47,0.18830944164685473,309,0.03840748960001883,47,0.18994750475193425,308,0.03830201899974206,49,0.18994450080946074,308,0.04374993493649071,55,0.18009954733892222,314,0.03943937010319809,49,0.18795520224543458,307,0.0392749645417283,47,0.18787553580258326,311,0.038570062831979834,46,0.18936394810287982,304,0.03839777030928826,48,0.1900438056182257,308,0.03815549585758071,47,0.1902353629182613,308,0.04071804135077384,52,0.18439854259267174,304,0.03950043101781686,50,0.18599464505641952,310,0.03897879504053092,47,0.18877374832572366,309,0.039260863900691056,48,0.18809954710250285,308,0.03839011267038894,47,0.1902837769424575,308,0.0383253759816512,49,0.1901389489317868,306,0.04255800614637051,75,0.18282873477543513,281,0.03992604494092333,48,0.18722774722800642,310,0.03890698832508832,47,0.18867489306035737,309,0.03796762964921552,46,0.19068967283749308,306,0.03846401705387947,47,0.18976225255348841,307,0.03862053556318046,50,0.18914522614054577,312
"(80, 247)",0.22261130428544684,524,0.10178075498022818,482,0.22783810441523633,534,0.1003143822110285,492,0.22498653888425646,536,0.10210044907795418,484,0.22379112017556113,532,0.10211662562623007,483,0.2254509320947663,535,0.10218162321811218,483,0.22514395221049222,535,0.10219909415000487,479,0.21473717641919965,522,0.10253269177794175,475,0.2253300971589367,533,0.10172950179604716,484,0.22348944289217654,532,0.10207264761874572,483,0.22401193087747062,534,0.1023374351055616,482,0.22446224212412236,537,0.10248659330247631,479,0.22489797274083878,537,0.10233478094019129,478,0.22076085269337908,522,0.1016959961057203,482,0.22669782477445377,533,0.10035140447749116,490,0.22434368594692178,535,0.10216688810023114,486,0.2236335678384157,533,0.10214858557677073,484,0.22582152555261648,533,0.10225555319827091,485,0.22565345334694198,530,0.10218410637376495,480,0.21711286103308747,495,0.10279887868817818,432,0.2237242786855187,534,0.10202858732152935,481,0.22423566449658516,532,0.10210040776669209,480,0.22586113030207988,536,0.10221750726868231,481,0.2248471671546115,535,0.10227240459875886,477,0.2244201353257037,532,0.10214162152419921,478
"(80, 221)",0.2142548727546123,514,0.10399445103962894,470,0.21175856098279666,520,0.1045489439588184,478,0.21590390881849075,528,0.10451108747903658,472,0.21579538003583154,524,0.10423761669967199,470,0.21683862846459245,524,0.10446614357509561,470,0.2175589906019082,526,0.10420832119236839,462,0.2073578332493915,513,0.10451628674075136,462,0.21290716245177832,521,0.10503382142936891,470,0.21531731829457645,523,0.10424090622577617,470,0.21758992286257328,527,0.1040393306575103,469,0.21783933427903934,528,0.10424409207213498,468,0.2183886048144147,532,0.10405844106408822,461,0.21244584937638955,513,0.10390125005579412,471,0.21137257804458265,519,0.10438818773096707,478,0.21564846895439072,529,0.10447615585948122,474,0.21523248831680553,521,0.10437984241104035,471,0.21654920598153782,520,0.10471893665267708,468,0.21697064179546277,522,0.10448718792394626,464,0.20924907425023953,486,0.10491414925330643,419,0.21258033984327152,523,0.10499961801842113,467,0.21603579670012563,525,0.10427497552583215,470,0.21820953385727204,527,0.10424346604509142,464,0.21719911650548163,525,0.1043006688697156,462,0.21699071429562067,525,0.10410949302499219,464
"(252, 126)",0.11269699453457127,244,0.18935346364185884,295,0.11251520021942996,244,0.19817030535521898,292,0.10769211971504,225,0.20406150650341157,280,0.10234697779665503,210,0.20199849890061244,284,0.10186523996358465,209,0.20596602777895248,283,0.10079095201190102,206,0.2064759648849595,280,0.11418011592044586,248,0.18768074090475448,301,0.10844089946685986,226,0.20153679007216982,281,0.11076993552485392,239,0.20233159798736688,282,0.10631936889833549,221,0.20482475683808,282,0.10533148023814198,221,0.20639774201050665,280,0.10174336205350987,210,0.20722129785213117,277,0.11656696859619275,258,0.18588678132238048,302,0.11379839448759266,252,0.19720378998611163,294,0.10798603895697823,225,0.20371485205915743,280,0.10149120400277822,211,0.20159603966831052,285,0.0982107124313698,202,0.20621827910193744,283,0.09697788173631094,200,0.20701636931988035,279,0.10877924431136077,240,0.19641367917914088,259,0.10923432811559053,230,0.2015741846796252,283,0.10988277042228256,238,0.20341960705833234,284,0.10230018397376672,209,0.20710405785722147,278,0.1017550755401595,208,0.20661533743267818,278,0.1000984971453569,206,0.20600567722472282,288
"(252, 80)",0.1381673249361054,343,0.1769194505463468,317,0.13837578727229083,349,0.18496473848079129,311,0.14406954315930642,365,0.18519602916958114,313,0.15077087357296204,381,0.17752819305602913,331,0.15139641297826367,383,0.18048137972176617,327,0.15280479979156392,391,0.17973432348689078,327,0.1364827005519853,338,0.17684413727872028,321,0.14316444143192242,360,0.1837131821751112,315,0.14039938804112084,350,0.18696024746855963,312,0.1457498394777279,369,0.1843814458585569,312,0.14697615584597212,369,0.18470360679573888,315,0.15155525905504696,384,0.18144544932881174,324,0.13383025243014146,333,0.17752338729960876,319,0.13691356998702386,342,0.1854151160439748,311,0.1437133103821615,365,0.18520223872757513,312,0.15188465857287747,383,0.17624636203013302,332,0.15626523134641745,398,0.17664146546078352,335,0.15795863620171868,400,0.1759467005131975,333,0.1427580681969517,349,0.17939907075192205,289,0.14221402009497286,358,0.18460373686299683,313,0.14144379598157353,352,0.18699990110385356,311,0.15083147383781792,384,0.18196313960943314,322,0.1515399822848369,383,0.18092788502066062,327,0.15372256824436925,388,0.17855656843777182,331
"(126, 260)",0.12584677502345176,297,0.16187631179969578,343,0.14070409637096137,358,0.16782502223392967,346,0.11949228447858629,269,0.1885252925372135,312,0.11629569253942984,261,0.1870031091024525,311,0.11689874274009959,262,0.1926565550149596,299,0.11784077773266066,268,0.19415350266749856,295,0.12458522217817314,292,0.1668362528439528,339,0.1278287220917389,309,0.17743309764984447,330,0.12575399096788453,300,0.18419668806273193,314,0.11856885536241324,269,0.1889309858916084,308,0.117178343783369,264,0.19221019344542442,297,0.11412527637077441,253,0.19429526667853,296,0.1256470454602041,298,0.16203838040301932,344,0.14260539837382358,360,0.16645871480337646,348,0.12095436835432283,274,0.18756847543529007,311,0.11455168009242023,257,0.18668526339790892,311,0.11597148677871938,260,0.19288496175198952,299,0.11726947114346953,268,0.1948827993236712,294,0.12131677777756877,280,0.17695887558973217,295,0.12864671036659336,310,0.18057351457465878,328,0.12467994031186103,296,0.18662855009292023,312,0.11320039293660733,247,0.19381648878158955,294,0.11524495013890479,261,0.1937638453644958,294,0.11603746124234893,258,0.19297619664633012,298
"(126, 252)",0.12415703193925332,291,0.1626073693041993,342,0.11051015791187935,236,0.1818967309669302,321,0.13067441075131603,321,0.18298664501434167,318,0.13412814281237562,325,0.17831863587314456,327,0.13346715460741398,323,0.18432982170650097,316,0.13244346854964362,316,0.18673837761607096,313,0.12541569740654868,296,0.166467185995474,341,0.12221331999143359,283,0.1801100456538898,323,0.12424902890508993,294,0.18493739746164195,313,0.13165958795373633,317,0.18244945458263842,318,0.13316219791617145,320,0.18418964717267317,316,0.13654448611810144,334,0.18301981512093973,320,0.12435517975805133,290,0.16259756123491484,343,0.10890670449735484,233,0.1821099410344483,320,0.12913485164563565,317,0.18352104707798103,317,0.13606508378099214,330,0.17627671967237898,331,0.13448534495500353,325,0.18359342499329223,321,0.1330630118233943,322,0.1868455311053822,313,0.12875702712761639,310,0.17348249471904398,304,0.12142286394018842,281,0.1840857291363111,317,0.12532060695954417,297,0.18630997780179626,313,0.13759233765752943,338,0.1816109164204377,323,0.1352905637530939,324,0.1836781700796784,320,0.13441255060915236,328,0.18374824848985233,322
"(260, 59)",0.13046565905167118,324,0.15084985629295047,361,0.15013879119418916,384,0.15785775333701776,359,0.15036205938088587,384,0.15879683208887174,357,0.14633177394788388,369,0.15156748988933424,366,0.1533771256213199,391,0.15572850147655676,359,0.15620223764361785,397,0.15410412706799417,357,0.13724941592705364,340,0.1483585055814823,367,0.14810568645007582,370,0.15667684318985986,357,0.15868311484317865,399,0.15537467222990475,361,0.15199616830172846,386,0.15512784512953118,360,0.15256231841181966,387,0.1569679230908471,358,0.14933228162731038,376,0.15501084654552555,360,0.13045476200731,322,0.15143359382946803,361,0.1509826488963808,384,0.15749022438881588,358,0.1521868580157386,390,0.15811041501563713,358,0.14152920331984564,347,0.15104285514443286,367,0.1493610358858113,377,0.15548700578657948,359,0.1528996277157857,387,0.15447637085971702,357,0.14946040883634404,373,0.14709827401598613,336,0.15631913573264367,394,0.15527593079079882,363,0.15946209646777942,400,0.15623060353890939,360,0.14725028378390492,373,0.1572694022701915,359,0.14761530638672604,373,0.1577326085981522,355,0.14885893110253,375,0.1555422000464322,357
"(260, 126)",0.11968916345083591,268,0.15524776658794093,352,0.10283665659514662,211,0.179080200941278,328,0.10266335432109286,206,0.18033614128811443,323,0.10584912288700865,222,0.1688456396179772,345,0.10035843549302292,203,0.17937848096164064,329,0.0982569457046083,200,0.1798548968482964,326,0.11350200167540292,246,0.1580573797971757,349,0.10443179826492255,217,0.17602910122815862,332,0.09645628432501785,193,0.1834201123208152,319,0.10140601936272431,208,0.1775331237627666,330,0.10097490011285948,206,0.18011734134198615,328,0.1034657410547497,215,0.17517863207058773,333,0.11969945243110103,270,0.15583971795853596,353,0.10218356757194302,207,0.17937789703282336,326,0.10126055430280911,202,0.18110874819597925,320,0.10981062482148973,242,0.16437436428742463,346,0.10344322954019802,218,0.17574076630441168,336,0.1007191285600606,210,0.17753890927226212,332,0.10336547849736966,219,0.1663378661115784,312,0.09817117150107335,200,0.1813204821235099,324,0.09589929532351671,193,0.1850887951500282,314,0.1051122387223209,217,0.17597265546069601,334,0.10482119511181098,217,0.17679999465664734,334,0.10383721061960571,216,0.17538355348059556,336
"(59, 152)",0.08871008578506223,170,0.15409424957279141,356,0.09748296386819921,194,0.1628344858397331,352,0.11415826680765262,250,0.1550626179428375,362,0.12245572929607895,286,0.1437958234000454,381,0.12353778056006148,294,0.14579865903868733,376,0.13213870382316106,314,0.13914187395689911,387,0.10390101150514708,216,0.14561872123033012,370,0.10272608520767856,212,0.15948161535904098,354,0.11629114411264552,260,0.15185212722644564,368,0.11973595530543424,274,0.14602706930183923,378,0.12187692188688937,286,0.1458779430507824,375,0.1261735293464742,295,0.13942079394228593,386,0.08823187496554585,166,0.15394631331754735,356,0.09762602126804554,192,0.16257288978045303,353,0.11430427014831157,251,0.15502871306835364,362,0.12118967201784503,281,0.14236327448874964,385,0.12421667649792545,293,0.14544357566065594,378,0.13441463457982306,326,0.13939357647485176,388,0.1176309738857173,265,0.1402231988475236,345,0.10971913649484188,232,0.15741582750323485,355,0.11623995775088192,257,0.15413105257344664,367,0.1202662039675888,277,0.14657906114422045,375,0.11513364576191909,260,0.15081366924176334,370,0.12762894905820343,303,0.14085235820830677,384
"(59, 260)",0.17004141674776685,427,0.12404878845566791,412,0.15726166180518453,400,0.13884012904256027,394,0.1365073124835663,341,0.14609126914719753,377,0.127579270514525,305,0.14184453356320806,385,0.12647371224903925,298,0.14466163606678425,382,0.11812314957260317,271,0.14444067950238143,375,0.14877784616926693,371,0.12919460616191306,400,0.15028118760323306,377,0.14048695487347,391,0.13413314518981778,329,0.1447963869364102,382,0.13041611179572232,314,0.14192682291078482,385,0.12817597979956363,302,0.14344802547416025,382,0.12383376990515771,291,0.14029340970991022,382,0.1707817349728198,430,0.12352759572381754,414,0.15706506353251903,401,0.13874269433597378,394,0.13634296272746704,341,0.1461802559145208,377,0.1288893695514749,308,0.13947000148831942,391,0.1257866097463478,300,0.14483595057535903,381,0.1160355718335585,264,0.1463955573329285,370,0.13267052962059256,325,0.13471075809798538,359,0.14163761223227134,356,0.14457160133708227,379,0.1341894577234768,331,0.146927298272467,376,0.1298564121245216,312,0.1428779916527678,383,0.1354145047785833,325,0.14287395383016827,382,0.12240740249847826,284,0.14282732184355737,379
"(60, 248)",0.0358435995809675,45,0.3054694903323631,148,0.04090229676068036,53,0.3084010187137442,143,0.040400639368759705,49,0.30463537839708105,146,0.03984568536230548,50,0.3043284309555203,147,0.03853550745944512,48,0.30605567986279364,147,0.03769863620117131,46,0.2969080419797548,155,0.03545946052058513,45,0.3084017912001106,144,0.04183731414808667,53,0.30488378952884687,147,0.04569601167395643,55,0.2978593012523627,150,0.0452313719799341,55,0.29591670619055943,152,0.04524657091464124,55,0.2897798442752064,158,0.04425597467530196,53,0.2839988335395044,169,0.0371123210143629,45,0.3024603990272221,151,0.04088877328153151,53,0.30874326053335205,144,0.04022554370799858,50,0.3040025673485439,146,0.0391388292020054,47,0.303337340262247,149,0.03962038590926853,50,0.302192874595983,151,0.031685444986401023,40,0.30736738698090427,149,0.0449711525441443,80,0.31243358345512423,119,0.04007242615406692,49,0.3028809852682475,149,0.04152439244881179,51,0.30413786769072115,147,0.042114585079004785,52,0.3010677968995989,149,0.041943964549480794,51,0.29559132636394997,154,0.0379181125727287,45,0.29992363283156365,151
"(60, 61)",0.30114850732773724,571,0.15026049240332034,364,0.28159404726135495,565,0.1621152532690488,353,0.28342093527655265,568,0.15913502445695538,356,0.28546892838922244,566,0.15786408827499426,354,0.2904207510459801,574,0.1561031223127905,356,0.29367328131062065,573,0.1497760462919021,365,0.302744600274081,572,0.15089289740099912,362,0.2782490508464618,564,0.16212290187716946,351,0.26521097129844695,561,0.16574487300725174,349,0.266719514966844,562,0.16379393142322232,349,0.2666699150506817,563,0.16042500353551173,352,0.2699391939939497,564,0.15543609511281042,358,0.2959954660619253,570,0.15138384785522663,362,0.28164299642971313,565,0.16226786721408443,354,0.284064009579299,568,0.15845495387011613,356,0.2881197153869368,569,0.15593280529379894,357,0.28630862845110183,570,0.1563071969015543,358,0.31940120550756324,583,0.14228710339120454,381,0.26757139726207624,539,0.17242060070341492,305,0.28462869588702444,566,0.1575654500081665,354,0.279359960186803,568,0.16110791320927687,355,0.2772717727152687,568,0.16063490729736601,351,0.2778723664082996,569,0.15738610670573885,356,0.292813314540846,573,0.15173856926794246,364
"(248, 154)",0.0325321480557752,43,0.3073540093261217,146,0.03577762448122879,44,0.30320908517209394,152,0.04678243285363304,56,0.29345929957063466,157,0.05188434225519445,64,0.30100929175064967,150,0.0556950875011788,69,0.30473288287991035,148,0.06295458858770175,88,0.29858805959298174,153,0.032643086645465114,43,0.3076021252889536,149,0.038522273721898426,46,0.29844108854715223,153,0.05013170866438066,60,0.27866898853910715,175,0.055732666317654056,67,0.28716477273311036,163,0.060490798331678586,76,0.28646817168014826,163,0.0646180729148409,90,0.2865810334518383,164,0.03190346460632554,41,0.3044240095277752,148,0.035487608107732216,43,0.30353018852965824,152,0.04650340981667711,56,0.2937622397076477,158,0.05320526039326645,66,0.30020261286311006,154,0.06132394514967676,82,0.30132679297787185,152,0.0581107015768314,75,0.312643115566206,136,0.047956808275925855,83,0.3129655087689586,118,0.04011513721185889,50,0.29752383737009813,154,0.0478646381153367,58,0.28618322814238467,163,0.05500549855626424,67,0.2989858295178182,152,0.05573954786621327,67,0.29783973178778567,151,0.0574144460818824,73,0.29912687234029683,152
"(248, 60)",0.3155007931113416,578,0.1441262137334595,370,0.30142142013499895,573,0.1490120330322817,376,0.26174497278684306,558,0.16530374569281675,347,0.2465223319521752,550,0.17904955719575666,325,0.23615440677278154,544,0.18827511970885374,314,0.2183737431828472,529,0.19724897740117936,291,0.31499711835156174,575,0.14448326397865585,371,0.29047162966396756,569,0.1521930004807911,366,0.2515666084400704,555,0.16277029306032909,353,0.23605599707744296,545,0.17748545036856575,331,0.22414486011487833,536,0.18512421083542363,314,0.2146167520935789,525,0.19207797674367644,300,0.3183872322612331,580,0.1413968181484912,375,0.30262706552855334,574,0.14856786383508172,376,0.26262708348137775,558,0.1649596525452552,349,0.24283880483287745,546,0.18097835232605422,323,0.22216478652255744,529,0.19619564831759065,297,0.22997033055654836,536,0.19765613841090512,289,0.2580914941958641,535,0.17858925983757432,290,0.28447096095537827,565,0.15486212495467536,365,0.25837483552187124,559,0.16314196929603136,353,0.23797308432493158,547,0.18348899726306808,317,0.23603798374478413,546,0.18409548916332952,317,0.23172376252770888,541,0.18787643002578164,315
"(154, 63)",0.5731637908466037,599,0.0745981258377023,569,0.5758402107781209,599,0.07459812583770228,578,0.5848402401410379,599,0.07459812583770223,577,0.592091431096319,599,0.07459812583770226,576,0.5970430464362666,599,0.07459812583770224,576,0.6010636592151497,599,0.07459812583770231,570,0.5738455021461609,599,0.07459812583770226,566,0.5780732621760165,599,0.07459812583770233,574,0.5832534503428548,599,0.07459812583770223,577,0.5912768260505472,599,0.07459812583770228,577,0.5947815639375831,599,0.07459812583770223,578,0.5983275035222475,599,0.07459812583770228,573,0.5717616955034547,599,0.07459812583770227,571,0.5756092498561747,599,0.07459812583770233,578,0.5846638375533928,599,0.07459812583770221,577,0.5931245087738448,599,0.07459812583770226,576,0.6007201641156749,599,0.07459812583770238,572,0.6016948004036708,599,0.07459812583770231,567,0.5902274380790578,592,0.07459812583770233,528,0.5787183089953716,599,0.07459812583770227,571,0.5833128032253034,599,0.07459812583770234,578,0.5942674739305486,599,0.07459812583770224,577,0.5944346031750664,599,0.07459812583770221,573,0.5965248028125051,599,0.07459812583770233,573
"(154, 97)",0.0028168517810923666,26,0.4893233046989915,31,0.0030751832447792893,26,0.4893233046989942,31,0.004077125939007109,26,0.4893233046989925,31,0.00504927213823847,27,0.4893233046989931,32,0.005806916025735354,27,0.4893233046989916,32,0.006482492340222135,27,0.4893233046989929,31,0.0028810277375519444,26,0.48932330469899254,31,0.003304118514737553,26,0.4893233046989933,31,0.003884747332592031,26,0.48932330469899055,32,0.004932144712701203,27,0.48932330469899304,31,0.005450994926254671,27,0.48932330469899166,31,0.006016690588582563,27,0.48932330469899293,31,0.002688269668478016,26,0.4893233046989922,32,0.003052209610506895,26,0.48932330469899094,32,0.004055391381736606,26,0.4893233046989906,32,0.00520081034997022,27,0.48932330469899127,31,0.006422577625133985,27,0.489323304698993,31,0.006593672829807828,27,0.4893233046989932,31,0.004784289275889031,34,0.48932330469899205,27,0.0033725875177443854,26,0.4893233046989922,31,0.0038918172185857802,26,0.48932330469899193,32,0.005372429115034771,27,0.4893233046989926,31,0.0053978765409843366,27,0.48932330469899177,32,0.005723853429106307,27,0.48932330469899216,32
"(154, 248)",0.32027012771561636,581,0.1442123506123558,369,0.3077920062174929,577,0.14986310080141427,371,0.26895163309143244,560,0.1693820766778249,338,0.24090099020142997,546,0.18571534206783102,313,0.22327118767268894,530,0.1971966919187008,293,0.20980821503945224,513,0.20672310179331793,278,0.3170496454227508,577,0.14564513721950306,369,0.29771531739141166,572,0.15463083554604523,361,0.2754642850143171,565,0.1658813933461884,348,0.2439167773362857,550,0.18385240392323576,317,0.23117559476162974,541,0.19191914542486221,298,0.21888929171947924,534,0.20021991024862912,287,0.3269859047846029,581,0.14127936382975112,376,0.30885140691994406,577,0.14937275270447026,372,0.2696688001273284,560,0.168991626290535,338,0.23712405299165606,544,0.18808832986537086,309,0.21092961015291034,513,0.20590193621323502,286,0.2077615102893372,512,0.20823551190888853,275,0.24785119200545636,523,0.181463137024383,285,0.2948598958881188,571,0.15601716699304172,360,0.27521817689239914,564,0.16601186887922775,347,0.23300672529919897,542,0.19072740806309896,305,0.2324100223948098,541,0.19111451650928388,302,0.22506107342783255,533,0.19598220467379443,296
"(63, 154)",0.059052106692818906,81,0.23321398764160894,231,0.06374767241724388,87,0.2347667287409829,232,0.06649837535726122,89,0.23237129362454403,237,0.06452692885180733,88,0.23333210744563382,236,0.06629731748908319,95,0.23338204727264888,238,0.06954355097906384,106,0.23332487365205185,236,0.06129853911586558,84,0.23476709210584795,226,0.06538088050852164,88,0.22802888746325892,249,0.06667038757429289,93,0.22843678720975993,250,0.06513175121938097,88,0.23010358777987203,243,0.06763662166189288,98,0.23076115893445975,243,0.07205281771345273,107,0.23184023046271324,243,0.058061444156117914,80,0.23428046952954998,226,0.0627389729761686,84,0.2357940404941364,230,0.06611803758532964,87,0.23335079646049126,237,0.065715926890908,95,0.23358987902817477,234,0.06618397726653125,97,0.2340041910725903,236,0.06896157671787662,102,0.23255867691931545,236,0.06860311051794676,129,0.23525875671191632,203,0.06814288352927433,98,0.22832744953040507,249,0.06663610001846076,91,0.22742993946193163,253,0.0693222475789399,102,0.22957195607038886,246,0.06895783310360182,103,0.2288640477013059,245,0.07263726302772588,109,0.22868217769965865,251
"(63, 258)",0.22763554213631954,530,0.14873723465064864,367,0.21656898369600586,525,0.15616818865533802,362,0.21049765089077388,522,0.15825972360041687,358,0.21481980506381348,521,0.15626560439072373,356,0.2109318428707323,518,0.158678729684308,353,0.20409636857032232,504,0.16296771177151156,348,0.2222247287213014,529,0.15282337994091597,358,0.21292976328472957,522,0.1538371880566109,365,0.2101273502102733,513,0.15580552072029027,359,0.21347830145983226,521,0.15490653126601245,362,0.2080670165141737,515,0.15866784887115307,355,0.19905551709802405,502,0.16522701229011835,346,0.23009362660047739,532,0.1480461668358844,367,0.21886875993435329,528,0.1554714683905683,363,0.21132025012333622,523,0.15841716386049426,357,0.21219571961036476,515,0.15803939603741934,356,0.2111772558489834,514,0.15894939374975814,355,0.2052950020284,508,0.16166232358328667,348,0.20603900315714707,478,0.16305867914204428,317,0.2070006685648158,512,0.1576549865686626,353,0.2102010774852645,516,0.1550740681915041,364,0.20455082299871585,507,0.1600574779129191,353,0.20530274935525605,508,0.15908913536752245,354,0.19791012557510235,497,0.1637304561211033,348
"(67, 192)",0.21023174036635117,511,0.2536842892789223,205,0.21023174036635095,515,0.253684289278922,209,0.21023174036635128,520,0.25368428927892167,209,0.21023174036635128,514,0.2536842892789215,208,0.21023174036635095,513,0.25368428927892134,210,0.21023174036635095,514,0.25368428927892195,208,0.21023174036635095,517,0.25368428927892217,205,0.21023174036635062,518,0.2536842892789222,208,0.21023174036635117,514,0.25368428927892195,210,0.21023174036635162,514,0.2536842892789215,209,0.21023174036635117,517,0.2536842892789219,210,0.21023174036635117,516,0.25368428927892206,211,0.21023174036635128,510,0.2536842892789222,205,0.21023174036635062,515,0.253684289278923,208,0.21023174036634928,520,0.25368428927892256,210,0.21023174036635117,511,0.25368428927892184,208,0.21023174036635117,509,0.2536842892789219,210,0.21023174036635028,516,0.2536842892789226,207,0.21023174036635062,487,0.2536842892789221,182,0.21023174036635095,518,0.25368428927892206,208,0.21023174036635095,517,0.25368428927892217,209,0.21023174036635095,517,0.25368428927892217,209,0.2102317403663505,516,0.25368428927892206,208,0.21023174036635095,514,0.2536842892789222,211
"(67, 184)",0.06662184578189678,96,0.3720952394095727,76,0.06662184578189678,94,0.372095239409572,76,0.06662184578189678,91,0.372095239409572,76,0.06662184578189678,99,0.37209523940957195,76,0.06662184578189678,98,0.37209523940957107,76,0.066621845781897,97,0.37209523940957195,76,0.066621845781897,95,0.3720952394095722,76,0.066621845781897,92,0.37209523940957195,76,0.06662184578189678,92,0.3720952394095721,76,0.06662184578189667,96,0.3720952394095723,76,0.06662184578189678,95,0.37209523940957207,76,0.06662184578189678,94,0.3720952394095724,76,0.06662184578189667,97,0.3720952394095731,76,0.066621845781897,94,0.37209523940957323,76,0.06662184578189789,91,0.37209523940957023,76,0.06662184578189678,100,0.372095239409572,76,0.06662184578189678,100,0.372095239409572,76,0.06662184578189734,96,0.37209523940957173,76,0.066621845781897,123,0.3720952394095717,69,0.066621845781897,91,0.37209523940957195,76,0.06662184578189678,90,0.3720952394095723,76,0.066621845781897,94,0.3720952394095721,76,0.06662184578189723,95,0.37209523940957145,76,0.066621845781897,95,0.37209523940957223,76
"(108, 64)",0.1084806057424561,228,0.36766591521988556,81,0.108480605742456,231,0.36766591521988695,80,0.108480605742455,228,0.3676659152198866,81,0.1084806057424561,233,0.36766591521988545,80,0.1084806057424561,228,0.36766591521988606,80,0.10848060574245477,229,0.3676659152198866,81,0.108480605742456,233,0.3676659152198853,80,0.10848060574245588,227,0.3676659152198855,81,0.108480605742456,228,0.36766591521988573,81,0.108480605742456,230,0.36766591521988545,81,0.108480605742456,227,0.3676659152198862,80,0.1084806057424561,228,0.3676659152198864,80,0.10848060574245655,229,0.36766591521988495,81,0.10848060574245666,232,0.3676659152198841,81,0.108480605742455,227,0.36766591521988573,81,0.10848060574245655,236,0.3676659152198867,81,0.10848060574245533,230,0.3676659152198867,80,0.108480605742455,228,0.3676659152198869,81,0.108480605742456,239,0.3676659152198857,71,0.1084806057424561,228,0.3676659152198858,81,0.10848060574245588,227,0.36766591521988645,80,0.10848060574245566,226,0.3676659152198861,80,0.108480605742456,227,0.3676659152198856,80,0.10848060574245588,228,0.3676659152198864,80
"(108, 6)",0.14311666806230083,358,0.3352282925578518,110,0.14311666806230083,362,0.3352282925578529,111,0.1431166680623024,362,0.33522829255785025,109,0.14311666806230083,357,0.33522829255785175,110,0.14311666806230083,360,0.33522829255785225,109,0.1431166680623025,361,0.3352282925578501,111,0.14311666806230106,354,0.33522829255785136,111,0.14311666806230106,359,0.3352282925578513,111,0.14311666806230083,361,0.33522829255785175,109,0.14311666806230106,360,0.33522829255785136,110,0.14311666806230106,360,0.3352282925578521,109,0.14311666806230083,361,0.33522829255785264,110,0.1431166680623005,357,0.3352282925578518,110,0.14311666806230017,362,0.33522829255785147,110,0.1431166680623024,362,0.3352282925578495,110,0.1431166680623004,353,0.33522829255785364,109,0.14311666806230183,358,0.3352282925578511,111,0.14311666806230217,361,0.33522829255785075,111,0.14311666806230106,351,0.3352282925578516,98,0.14311666806230083,360,0.33522829255785197,109,0.14311666806230128,360,0.33522829255785175,110,0.1431166680623015,362,0.33522829255785125,110,0.14311666806230083,360,0.33522829255785164,109,0.14311666806230117,357,0.335228292557852,110
"(64, 79)",0.07655323406216985,126,0.49822966436357874,27,0.0765532340621704,128,0.4982296643635771,28,0.0765532340621704,127,0.4982296643635794,27,0.07655323406216974,131,0.49822966436357835,28,0.07655323406216996,131,0.4982296643635788,27,0.07655323406216996,131,0.49822966436358085,27,0.07655323406216985,127,0.4982296643635788,27,0.07655323406217018,128,0.49822966436357896,27,0.07655323406216996,128,0.4982296643635787,27,0.07655323406216996,129,0.4982296643635786,28,0.07655323406217018,125,0.49822966436357785,28,0.07655323406216985,129,0.49822966436357946,27,0.07655323406217052,127,0.49822966436357957,27,0.07655323406217063,128,0.4982296643635777,27,0.0765532340621713,126,0.49822966436357463,28,0.07655323406217107,130,0.4982296643635771,27,0.07655323406217018,134,0.49822966436357874,27,0.07655323406216952,132,0.49822966436357957,27,0.07655323406216985,148,0.4982296643635789,23,0.07655323406217018,128,0.4982296643635783,27,0.07655323406216974,127,0.4982296643635797,27,0.07655323406216985,125,0.4982296643635796,27,0.07655323406216952,124,0.49822966436357974,27,0.07655323406216974,129,0.4982296643635796,28
"(64, 108)",0.19049877061147025,479,0.3676659152198857,80,0.19049877061146936,476,0.36766591521988573,81,0.19049877061146925,480,0.3676659152198875,80,0.19049877061147058,473,0.36766591521988473,81,0.19049877061147025,474,0.36766591521988584,81,0.19049877061147025,474,0.3676659152198874,80,0.19049877061147058,479,0.3676659152198853,81,0.19049877061146991,476,0.36766591521988623,80,0.19049877061146991,478,0.367665915219886,80,0.19049877061146991,477,0.3676659152198859,80,0.1904987706114698,479,0.3676659152198859,81,0.19049877061147047,473,0.3676659152198859,81,0.19049877061146925,479,0.36766591521988773,80,0.19049877061146891,475,0.36766591521988684,80,0.19049877061146758,482,0.3676659152198866,80,0.19049877061146825,475,0.3676659152198875,80,0.19049877061146991,471,0.36766591521988623,81,0.19049877061147114,474,0.3676659152198851,82,0.19049877061147047,454,0.3676659152198857,72,0.19049877061146958,476,0.36766591521988634,80,0.19049877061147058,480,0.36766591521988584,81,0.19049877061147047,482,0.3676659152198861,81,0.19049877061147114,481,0.3676659152198852,81,0.19049877061147058,478,0.3676659152198857,81
"(249, 82)",0.038585202102268346,50,0.1841698523675931,301,0.038585202102268346,47,0.1841698523675927,313,0.038585202102268124,46,0.1841698523675928,315,0.038585202102268124,46,0.1841698523675932,314,0.038585202102268124,49,0.18416985236759284,317,0.03858520210226846,50,0.18416985236759326,314,0.038585202102268346,50,0.1841698523675928,304,0.038585202102268346,47,0.18416985236759306,311,0.038585202102268346,46,0.18416985236759267,315,0.038585202102268346,47,0.18416985236759312,313,0.038585202102268346,49,0.18416985236759265,317,0.038585202102268346,49,0.184169852367593,316,0.0385852021022679,49,0.18416985236759348,305,0.038585202102268346,47,0.18416985236759262,312,0.03858520210226901,46,0.18416985236759165,314,0.03858520210226857,46,0.18416985236759173,314,0.03858520210226879,48,0.1841698523675929,318,0.038585202102268124,50,0.18416985236759312,315,0.01625169362756851,53,0.18416985236759287,278,0.03858520210226846,46,0.18416985236759284,314,0.038585202102268346,46,0.18416985236759315,316,0.038585202102268346,48,0.18416985236759298,313,0.038585202102268124,48,0.184169852367593,315,0.038585202102268346,49,0.1841698523675929,318
"(249, 62)",0.2902298512309409,566,0.09399644746016407,496,0.2902298512309407,569,0.09399644746016396,500,0.29022985123094136,570,0.09399644746016379,501,0.2902298512309416,570,0.09399644746016393,501,0.29022985123094114,573,0.09399644746016388,499,0.29022985123094003,571,0.09399644746016443,499,0.2902298512309407,566,0.09399644746016406,494,0.2902298512309409,568,0.0939964474601641,495,0.2902298512309409,570,0.09399644746016392,498,0.29022985123094114,572,0.09399644746016404,497,0.2902298512309407,572,0.09399644746016395,497,0.2902298512309409,571,0.09399644746016407,499,0.29022985123094214,566,0.09399644746016393,496,0.2902298512309409,570,0.09399644746016388,499,0.2902298512309386,570,0.09399644746016411,503,0.2902298512309398,570,0.09399644746016374,503,0.29022985123093903,573,0.09399644746016458,501,0.2902298512309416,570,0.09399644746016389,497,0.41633297433423344,572,0.062474743118753166,569,0.29022985123094003,569,0.09399644746016425,496,0.29022985123094114,572,0.09399644746016404,496,0.2902298512309409,572,0.093996447460164,496,0.29022985123094136,572,0.09399644746016389,496,0.2902298512309407,571,0.09399644746016408,495
"(82, 172)",0.13196511629532637,327,0.1775720557094102,316,0.13196511629532648,328,0.17757205570941,330,0.13196511629532615,328,0.177572055709411,329,0.1319651162953268,318,0.17757205570940962,330,0.13196511629532504,317,0.1775720557094108,332,0.13196511629532637,312,0.17757205570940976,333,0.13196511629532637,325,0.17757205570941026,319,0.1319651162953258,327,0.17757205570941045,328,0.1319651162953257,324,0.17757205570941015,330,0.13196511629532637,319,0.17757205570941043,328,0.13196511629532615,317,0.17757205570940998,333,0.13196511629532592,312,0.17757205570941015,331,0.13196511629532648,328,0.17757205570940984,318,0.1319651162953258,327,0.17757205570941034,329,0.1319651162953278,326,0.1775720557094093,330,0.1319651162953277,317,0.17757205570940973,329,0.13196511629532615,319,0.17757205570941062,333,0.13196511629532637,316,0.17757205570941018,330,0.017628918946125394,55,0.17757205570941023,293,0.13196511629532615,323,0.17757205570941026,334,0.13196511629532637,324,0.17757205570941031,330,0.13196511629532615,317,0.17757205570941043,331,0.13196511629532648,319,0.17757205570940998,332,0.1319651162953258,322,0.17757205570941056,332
"(82, 249)",0.11828437848636186,263,0.18416985236759292,302,0.11828437848636164,266,0.1841698523675929,312,0.1182843784863622,266,0.1841698523675935,314,0.11828437848636153,268,0.18416985236759276,315,0.1182843784863632,268,0.1841698523675922,318,0.11828437848636209,273,0.18416985236759234,315,0.11828437848636186,262,0.184169852367593,303,0.11828437848636231,265,0.18416985236759278,312,0.11828437848636231,265,0.18416985236759234,316,0.11828437848636209,267,0.18416985236759306,314,0.11828437848636209,268,0.18416985236759248,318,0.1182843784863622,271,0.18416985236759256,317,0.11828437848636153,264,0.18416985236759284,306,0.11828437848636231,268,0.18416985236759262,313,0.11828437848636053,266,0.18416985236759345,313,0.11828437848636075,267,0.18416985236759364,313,0.1182843784863622,267,0.18416985236759306,317,0.11828437848636209,273,0.1841698523675928,316,0.4047959055727728,569,0.062474743118753166,570,0.1182843784863622,265,0.18416985236759276,315,0.11828437848636209,265,0.18416985236759295,317,0.1182843784863622,268,0.18416985236759287,314,0.11828437848636186,270,0.1841698523675927,316,0.11828437848636231,263,0.1841698523675929,319
"(172, 179)",0.09411683808528493,185,0.21280610451659718,264,0.09411683808528493,183,0.21280610451659657,269,0.09411683808528504,186,0.21280610451659637,267,0.09411683808528526,185,0.2128061045165967,270,0.09411683808528437,188,0.21280610451659743,271,0.09411683808528593,193,0.2128061045165961,270,0.09411683808528482,184,0.2128061045165974,265,0.09411683808528482,188,0.21280610451659732,267,0.0941168380852846,188,0.21280610451659715,268,0.09411683808528493,187,0.2128061045165973,269,0.09411683808528493,191,0.21280610451659696,270,0.09411683808528493,191,0.2128061045165969,271,0.09411683808528493,186,0.2128061045165975,264,0.09411683808528437,182,0.21280610451659815,268,0.09411683808528393,183,0.21280610451659815,266,0.09411683808528526,186,0.21280610451659704,268,0.09411683808528493,191,0.21280610451659693,273,0.09411683808528426,193,0.21280610451659793,268,0.011689217689560882,45,0.2128061045165971,237,0.09411683808528493,188,0.21280610451659726,268,0.0941168380852846,190,0.2128061045165974,270,0.0941168380852846,191,0.2128061045165974,270,0.09411683808528482,192,0.2128061045165974,269,0.09411683808528493,191,0.21280610451659737,275
"(172, 82)",0.1619927979709056,411,0.17757205570941026,315,0.1619927979709055,411,0.17757205570940984,331,0.16199279797090493,409,0.1775720557094099,330,0.16199279797090482,409,0.17757205570941045,329,0.16199279797090593,410,0.17757205570940998,333,0.16199279797090416,407,0.17757205570941045,332,0.1619927979709056,409,0.17757205570941026,320,0.1619927979709056,408,0.17757205570941023,329,0.1619927979709057,406,0.17757205570940995,331,0.1619927979709055,410,0.17757205570941043,329,0.1619927979709055,407,0.17757205570941015,332,0.16199279797090527,405,0.17757205570941015,332,0.1619927979709055,411,0.17757205570941056,317,0.16199279797090593,412,0.17757205570941056,328,0.16199279797090682,411,0.17757205570941,329,0.16199279797090493,408,0.1775720557094106,328,0.1619927979709055,407,0.17757205570941015,334,0.16199279797090638,407,0.17757205570941012,331,0.4619811494003718,579,0.062474743118753166,571,0.1619927979709056,408,0.17757205570941031,333,0.16199279797090593,404,0.17757205570941006,331,0.1619927979709057,408,0.17757205570941012,332,0.1619927979709056,406,0.17757205570941031,331,0.1619927979709055,407,0.17757205570941045,333
"(179, 66)",0.11186062920604056,241,0.2288575509488696,242,0.11186062920604067,241,0.22885755094886903,247,0.11186062920604056,243,0.228857550948869,245,0.11186062920604134,248,0.22885755094886887,245,0.11186062920604112,242,0.2288575509488693,247,0.11186062920604023,239,0.22885755094886956,244,0.1118606292060409,242,0.22885755094886914,245,0.11186062920604067,239,0.22885755094886936,244,0.11186062920604067,242,0.2288575509488691,246,0.1118606292060409,240,0.2288575509488691,247,0.11186062920604067,243,0.22885755094886914,247,0.1118606292060409,239,0.22885755094886914,248,0.11186062920604067,242,0.22885755094886887,241,0.1118606292060399,242,0.22885755094886956,246,0.11186062920604123,242,0.22885755094886967,246,0.11186062920604067,250,0.22885755094886898,246,0.11186062920604067,245,0.22885755094887023,247,0.11186062920604067,242,0.22885755094886961,243,0.00986160382145318,43,0.22885755094886903,215,0.1118606292060409,242,0.22885755094886906,245,0.11186062920604067,244,0.22885755094886948,246,0.11186062920604056,242,0.22885755094886948,247,0.11186062920604067,244,0.2288575509488693,246,0.1118606292060409,245,0.22885755094886914,250
"(179, 172)",0.13912998895513362,346,0.2128061045165972,263,0.1391299889551334,352,0.2128061045165969,268,0.1391299889551334,350,0.21280610451659673,266,0.1391299889551325,342,0.21280610451659754,269,0.13912998895513307,342,0.2128061045165975,270,0.13912998895513384,348,0.2128061045165967,269,0.13912998895513307,344,0.21280610451659726,266,0.1391299889551334,350,0.21280610451659715,268,0.13912998895513318,345,0.21280610451659698,269,0.13912998895513307,347,0.2128061045165972,270,0.13912998895513318,341,0.21280610451659704,269,0.13912998895513318,346,0.21280610451659718,270,0.13912998895513318,346,0.2128061045165968,265,0.1391299889551343,350,0.21280610451659646,269,0.13912998895513295,347,0.2128061045165979,267,0.1391299889551334,339,0.2128061045165968,269,0.1391299889551334,339,0.21280610451659798,272,0.1391299889551334,345,0.21280610451659737,269,0.484763433077968,582,0.062474743118753166,572,0.13912998895513318,348,0.21280610451659707,269,0.1391299889551334,345,0.21280610451659732,271,0.13912998895513362,343,0.21280610451659704,271,0.1391299889551334,340,0.21280610451659704,270,0.13912998895513318,340,0.21280610451659715,276
"(66, 207)",0.06279531647305925,88,0.346921900543887,104,0.06279531647305925,85,0.3469219005438865,102,0.06279531647305903,82,0.34692190054388705,104,0.06279531647305925,83,0.3469219005438857,105,0.06279531647305925,85,0.34692190054388633,104,0.06279531647305936,87,0.34692190054388616,105,0.06279531647305925,87,0.34692190054388655,105,0.06279531647305903,85,0.3469219005438871,103,0.06279531647305903,83,0.3469219005438864,104,0.06279531647305925,81,0.3469219005438865,104,0.06279531647305925,84,0.3469219005438865,104,0.06279531647305936,82,0.3469219005438862,105,0.06279531647305925,90,0.34692190054388594,105,0.06279531647305925,86,0.34692190054388616,103,0.06279531647305991,83,0.3469219005438855,104,0.06279531647305925,84,0.34692190054388694,105,0.06279531647305947,87,0.34692190054388655,105,0.06279531647305925,87,0.34692190054388666,104,0.0035536987015631905,30,0.34692190054388616,93,0.06279531647305925,84,0.3469219005438864,104,0.06279531647305925,83,0.34692190054388644,105,0.06279531647305925,80,0.3469219005438866,105,0.06279531647305903,82,0.3469219005438867,104,0.06279531647305925,86,0.34692190054388705,105
"(66, 179)",0.2187392233668084,522,0.22885755094886948,243,0.21873922336680884,528,0.22885755094886912,246,0.21873922336680895,529,0.22885755094886912,244,0.2187392233668084,527,0.22885755094886873,246,0.21873922336680862,526,0.22885755094886906,248,0.21873922336680818,530,0.2288575509488693,245,0.21873922336680862,525,0.2288575509488692,244,0.21873922336680884,526,0.22885755094886934,245,0.21873922336680884,526,0.22885755094886887,247,0.2187392233668084,529,0.22885755094886917,246,0.21873922336680884,529,0.22885755094886906,248,0.21873922336680796,533,0.22885755094886942,247,0.21873922336680862,519,0.22885755094886878,242,0.2187392233668084,527,0.22885755094886903,247,0.21873922336680696,530,0.22885755094886992,245,0.2187392233668084,526,0.22885755094886953,245,0.21873922336680773,524,0.22885755094886986,248,0.2187392233668084,524,0.22885755094886936,244,0.6085024303172488,594,0.062474743118753166,573,0.21873922336680862,529,0.22885755094886906,246,0.2187392233668084,526,0.22885755094886925,247,0.2187392233668084,528,0.2288575509488694,248,0.21873922336680895,528,0.22885755094886892,247,0.21873922336680884,527,0.22885755094886936,249
"(70, 32)",9.999999999998899e-05,4,0.31123912160371103,138,9.999999999998899e-05,4,0.3112391216037109,140,9.999999999998899e-05,4,0.3112391216037103,139,9.999999999998899e-05,4,0.3112391216037105,140,9.999999999998899e-05,4,0.3112391216037102,140,9.999999999998899e-05,4,0.31123912160371064,142,9.999999999998899e-05,4,0.31123912160371076,141,9.999999999998899e-05,4,0.31123912160371103,138,9.999999999998899e-05,4,0.3112391216037104,139,9.999999999998899e-05,4,0.3112391216037106,139,9.999999999998899e-05,4,0.31123912160371064,138,9.999999999998899e-05,4,0.3112391216037108,141,9.999999999998899e-05,4,0.3112391216037106,138,9.999999999998899e-05,4,0.31123912160371114,141,9.999999999998899e-05,4,0.31123912160371,140,9.999999999998899e-05,4,0.3112391216037114,139,9.999999999998899e-05,4,0.3112391216037107,141,9.999999999998899e-05,4,0.3112391216037108,141,9.999999999998899e-05,3,0.3112391216037108,125,9.999999999998899e-05,4,0.3112391216037106,138,9.999999999998899e-05,4,0.3112391216037109,139,9.999999999998899e-05,4,0.3112391216037107,138,9.999999999998899e-05,4,0.3112391216037104,138,9.999999999998899e-05,4,0.3112391216037108,142
"(69, 170)",0.09982635594456135,200,0.14255640529794922,376,0.10225455392115368,208,0.14043471047218092,390,0.10367776431327402,211,0.139199717503697,391,0.1008051752052479,206,0.14162508110772085,388,0.10119969638150295,206,0.14129087712764454,387,0.09950091364238867,203,0.1428034908497723,379,0.0994882662704133,204,0.14285727632399306,378,0.10168291104718585,209,0.1409281083016374,390,0.10218585089841681,208,0.1404558028744233,393,0.1010796095083003,205,0.14138081802622693,386,0.10108200110799981,207,0.14142742397232588,386,0.0994829261561635,202,0.14286203950375453,378,0.10083136940655568,205,0.1416699917703169,374,0.10228942216740733,209,0.14036409566705788,392,0.10276649596163923,206,0.1399264030190079,392,0.10050340139925074,205,0.14189896917640113,387,0.10012807608537411,207,0.14219890613927372,388,0.09907726242796777,208,0.1430336782704079,377,0.0986102058298064,208,0.14364508488206285,341,0.10143324474943016,208,0.14109882012940897,385,0.10325838011479505,213,0.13948938294710872,392,0.10114462753936349,205,0.14135012657911386,386,0.09964699919658848,202,0.14271584803445114,383,0.09883820551697164,201,0.14332247143023433,377
"(69, 9)",0.15408542599740027,391,0.12335249944123546,415,0.1508906004049646,386,0.12335249944123536,422,0.1490618466731909,379,0.1233326498781775,419,0.15278603101906574,389,0.12329341960256397,420,0.15226673800685264,387,0.12330258354105968,420,0.15452097082618765,395,0.12331579415164329,422,0.15453793273888417,386,0.12335249944123534,417,0.15163413444348328,379,0.12335249944123548,418,0.1509796868449842,384,0.12331912514398283,419,0.15242453591861116,389,0.12328967701154657,420,0.15242139099842045,386,0.12333214015235008,417,0.154545095390905,393,0.12335249944123547,416,0.15275147407350165,386,0.12335249944123533,416,0.1508454158082413,383,0.12331679669879585,423,0.15022912341423278,383,0.12329121771577933,420,0.15318495814295374,391,0.12330124255180328,420,0.153683203315103,388,0.12327435665090504,421,0.15509060888971726,392,0.12318783033656878,420,0.15572212253023765,385,0.12335249944123541,383,0.15196051658016274,382,0.12331234817921358,420,0.14959744422815846,378,0.12327495831561221,418,0.15233907115770895,388,0.12331238771245606,418,0.1543252434238933,394,0.12335249944123527,417,0.15541337874199668,393,0.1232517530186346,422
"(131, 71)",0.0645375808653037,91,0.1927031517504939,285,0.06453774813702085,89,0.19270287375705636,296,0.06459629517157606,85,0.1926056318130692,298,0.06455401921568038,89,0.19267583699771829,297,0.06454073010142403,90,0.19269791811014628,296,0.06454860669510021,91,0.19268482967778272,298,0.06456671846014417,90,0.19265474167192542,290,0.06464592255430324,87,0.1925232966748927,294,0.06457366716829704,86,0.19264320118013775,297,0.0645381239419045,87,0.19270224920015525,293,0.06454100522163297,89,0.19269746091060977,294,0.06453566738639904,89,0.1927063318817241,297,0.06455562525091352,92,0.19267316882972058,290,0.06454868957425586,89,0.1926846919698987,296,0.06457174113474295,85,0.19264639979220882,297,0.06454424639086698,91,0.19269207487496762,293,0.06454345813426032,95,0.1926933847327087,300,0.0645247833610787,90,0.19272442312127283,297,0.014671539383157683,49,0.19272442312127303,263,0.06459894487048867,87,0.19260123365474144,300,0.06456107295926594,86,0.19266411900189748,298,0.06455794370201495,86,0.1926693172539862,299,0.064549176049009,89,0.1926838836723916,296,0.06452575802321436,90,0.19272280288878482,299
"(131, 244)",0.2147960577755874,516,0.12906771153453855,402,0.21479568489969614,523,0.1290677115345383,412,0.2146652400763549,526,0.1290677115345385,409,0.21475941915748886,520,0.1290677115345383,409,0.2147890377960724,520,0.12906771153453822,410,0.2147714817072749,520,0.12906771153453828,408,0.21473112155637553,521,0.12906771153453836,401,0.2145547715861309,524,0.1290677115345385,407,0.21471564044123181,521,0.12906771153453836,409,0.21479484717334818,522,0.1290677115345383,407,0.21478842454221625,524,0.12906771153453822,409,0.21480032330815102,526,0.12906771153453844,405,0.21475584010272675,514,0.1290677115345385,402,0.2147712969911385,523,0.12906771153453842,412,0.21471993129004896,526,0.129067711534538,410,0.21478120006653256,519,0.12906771153453858,410,0.21478295703132355,515,0.12906771153453825,412,0.21482458868625143,520,0.12906771153453855,409,0.43069765742062893,576,0.062474743118753166,574,0.2146593395690234,525,0.12906771153453828,407,0.2147437006052081,521,0.12906771153453842,408,0.21475067360170497,523,0.12906771153453836,408,0.2147702127704476,522,0.12906771153453836,405,0.2148224155411128,522,0.12906771153453844,407
"(71, 131)",0.0007217170003841478,24,0.21301700856210046,262,0.0007217170003841478,24,0.21301700856210046,267,0.0007217170003841478,24,0.21301700856210026,265,0.0007217170003841478,24,0.21301700856210032,268,0.0007217170003841478,24,0.21301700856210026,269,0.0007217170003841478,24,0.21301700856210037,268,0.0007217170003841478,24,0.21301700856210046,264,0.0007217170003841478,24,0.21301700856210046,266,0.0007217170003841478,24,0.21301700856210032,267,0.0007217170003841478,24,0.2130170085621004,268,0.0007217170003841478,24,0.21301700856210037,268,0.0007217170003841478,24,0.21301700856210057,269,0.0007217170003841478,24,0.21301700856210018,263,0.0007217170003841478,24,0.2130170085621004,267,0.0007217170003841478,24,0.2130170085621002,265,0.0007217170003841478,24,0.2130170085621005,267,0.0007217170003841478,24,0.21301700856210054,270,0.0007217170003841478,24,0.21301700856210043,267,0.1250000000000001,294,0.062474743118753166,575,0.0007217170003841478,24,0.21301700856210032,267,0.0007217170003841478,24,0.2130170085621005,269,0.0007217170003841478,24,0.21301700856210054,269,0.0007217170003841478,24,0.21301700856210037,268,0.0007217170003841478,24,0.21301700856210054,274
"(71, 24)",0.7543183146048213,600,0.02099028695830176,600,0.7543183146048213,600,0.020990286958301775,600,0.754318314604822,600,0.020990286958301692,600,0.7543183146048213,600,0.020990286958301758,600,0.7543183146048211,600,0.020990286958301768,600,0.7543183146048208,600,0.02099028695830182,600,0.7543183146048213,600,0.020990286958301754,600,0.7543183146048211,600,0.020990286958301786,600,0.7543183146048213,600,0.02099028695830175,600,0.7543183146048211,600,0.020990286958301792,600,0.7543183146048213,600,0.020990286958301747,600,0.7543183146048213,600,0.020990286958301768,600,0.7543183146048211,600,0.020990286958301775,600,0.7543183146048207,600,0.020990286958301834,600,0.7543183146048218,600,0.020990286958301706,600,0.754318314604822,600,0.020990286958301706,600,0.7543183146048207,600,0.02099028695830185,600,0.7543183146048211,600,0.020990286958301792,600,0.1250000000000001,295,0.062474743118753166,576,0.7543183146048211,600,0.020990286958301775,600,0.7543183146048211,600,0.020990286958301792,600,0.7543183146048213,600,0.02099028695830176,600,0.7543183146048218,600,0.02099028695830173,600,0.7543183146048211,600,0.02099028695830179,600
"(89, 75)",0.11256427696956905,243,0.10579301154896086,460,0.11713699594060789,262,0.10970995373080823,461,0.12719604219385894,305,0.11245002160310502,449,0.13126723371704663,315,0.11106113767051834,451,0.14154591564912644,350,0.10785859198492301,456,0.13884644376319322,344,0.10676717498465163,454,0.11863866711559057,263,0.10703619769221126,451,0.11467640574191384,248,0.11088394373672837,448,0.12606777548754788,301,0.10928804066723527,456,0.13493383487946398,328,0.10695075948666156,456,0.13931197209469814,342,0.10585112363428516,461,0.13734419239950457,337,0.10534854913563037,456,0.11150305641504632,240,0.10605806094576994,460,0.117768314149578,266,0.10973680005904773,461,0.1282518163338271,311,0.11267221302883267,451,0.1304092723294854,313,0.1118654347040892,452,0.14335525501747692,359,0.10836019729187701,457,0.13936596200963414,346,0.10722189117580513,455,0.1105650606145323,248,0.10315094783478755,424,0.11575889504766845,255,0.10906339316728735,447,0.12577314589022026,302,0.10858555030087358,454,0.13664449721690197,331,0.10700206249141464,456,0.1404253892987246,345,0.10628096288828504,456,0.1450191853949525,364,0.10521617369673787,461
"(89, 9)",0.13831946852234756,344,0.09877098958377278,487,0.1332072355224705,329,0.10510776162534884,475,0.12282938087307427,289,0.11376709141134739,447,0.118935492214572,273,0.11477405814410864,441,0.10979651461113904,236,0.1173881727867446,432,0.11210614118174589,242,0.11465848627339945,433,0.13158475682890747,324,0.10340405386118544,466,0.13592529266127795,342,0.10477554513119929,471,0.12393827086653042,293,0.1099104178351417,452,0.11556608904613619,258,0.11261961076502067,441,0.11170342071319561,242,0.1139382281903149,436,0.11341853954548298,249,0.11228902441385324,438,0.13954438996887442,347,0.09841662767932058,488,0.13252183276291296,329,0.10550328126088775,472,0.12180361991712996,280,0.11462638623229555,445,0.11974241630686411,275,0.1150931295392111,442,0.10828249157226433,229,0.11898391267636325,432,0.11165683548928818,241,0.11544468160312345,431,0.14063962129976826,342,0.09520139151745408,451,0.13472027964189848,335,0.1036858449047883,469,0.12423002904694225,292,0.1090332980828719,453,0.11403658090097579,255,0.11365140317560068,438,0.11074773773890834,241,0.11503387194857073,435,0.106913545803907,224,0.11646982246953687,429
"(75, 89)",0.1329126977470536,332,0.10018921031459263,484,0.1307357344482294,325,0.10767194567286778,466,0.13491918748644727,336,0.10896780559468294,458,0.14498225543465715,362,0.10660790670815694,463,0.13629508415024572,333,0.10930523123241231,453,0.1359784140521877,333,0.10654089600366136,455,0.1291701257548885,315,0.100822967831678,481,0.13204470539058555,328,0.10384171120186185,475,0.13197247853745708,325,0.10599552359968936,466,0.12997814602680513,310,0.107410735171018,454,0.12982650063844892,308,0.10839537942033575,453,0.13261396833399086,315,0.10531976325020598,457,0.13417557116742418,335,0.09989732599364923,485,0.1319216718491527,326,0.10837315596580116,466,0.1351989996872558,337,0.10989836033589746,458,0.14868264959477284,374,0.10644679021544735,463,0.14140527413442538,350,0.10997867664648707,450,0.13702994452197714,338,0.10726910836266844,454,0.1379871727237807,337,0.09548499908458667,449,0.13283207885311388,325,0.1016933728564884,482,0.13085368727425362,319,0.10577438436590296,466,0.12949266441033325,309,0.10836110198532656,452,0.12798131415980563,305,0.10990723602353865,447,0.1289714362619252,311,0.10968024005083027,445
"(75, 127)",0.1174077488887586,258,0.10441851778718758,466,0.11943452942862232,270,0.11096619566816877,455,0.11557929994293081,255,0.11473504516542302,442,0.1069436893750153,229,0.11798930571171069,434,0.11434684951029417,250,0.11589364180838478,435,0.11462898858253845,254,0.11278244755765743,436,0.12092060635446733,273,0.10306552011569314,467,0.11821042001828452,264,0.10774412041167822,458,0.11827753455242052,264,0.10993801582460318,451,0.12015061310701336,280,0.11026283080336556,447,0.12029462843610683,280,0.11118592375078026,445,0.11768319066460253,268,0.10959771163848561,445,0.1162525774774752,255,0.10478782289873843,466,0.11832477496674665,269,0.11237469875942496,451,0.11532726837290741,255,0.11587907962920548,442,0.10397597895443045,218,0.11992461371188497,431,0.10991533058429126,237,0.11961278493331273,431,0.11369557773793537,249,0.11415597308415426,434,0.11285440557850657,252,0.10210379427004328,435,0.11748200001624265,263,0.10594241399358946,465,0.1193235437501523,273,0.10907714957283622,452,0.12061246957808858,281,0.11095777310766063,445,0.12206534876672492,284,0.11165487145957442,443,0.12111094088930607,275,0.11200354750476216,440
"(79, 146)",0.16114498763660823,410,0.31764708702111955,129,0.16114498763660923,407,0.31764708702111927,130,0.16114498763660867,407,0.31764708702111927,129,0.16114498763660956,407,0.31764708702111905,129,0.161144987636609,408,0.31764708702111905,128,0.16114498763660923,406,0.3176470870211193,128,0.16114498763660867,405,0.3176470870211194,130,0.16114498763660856,406,0.3176470870211195,129,0.16114498763660856,403,0.3176470870211192,129,0.16114498763660867,405,0.31764708702111955,127,0.161144987636609,406,0.3176470870211192,128,0.16114498763660867,404,0.3176470870211194,128,0.16114498763660823,409,0.3176470870211192,128,0.161144987636608,411,0.3176470870211195,130,0.161144987636608,408,0.317647087021119,129,0.161144987636608,406,0.31764708702111955,129,0.16114498763660856,406,0.3176470870211194,128,0.16114498763660867,403,0.31764708702111927,130,0.16114498763660856,401,0.3176470870211194,114,0.16114498763660856,406,0.3176470870211192,129,0.16114498763660823,401,0.3176470870211197,129,0.161144987636609,405,0.31764708702111916,128,0.16114498763660867,405,0.3176470870211193,128,0.16114498763660923,402,0.3176470870211193,131
"(79, 250)",0.2992636283467558,570,0.222640632265662,251,0.29926362834675535,572,0.22264063226566255,258,0.2992636283467558,575,0.22264063226566208,256,0.299263628346756,575,0.22264063226566233,255,0.29926362834675535,576,0.22264063226566227,258,0.29926362834675624,574,0.22264063226566222,254,0.2992636283467558,570,0.2226406322656621,251,0.2992636283467556,574,0.2226406322656622,253,0.299263628346756,574,0.22264063226566178,257,0.299263628346756,574,0.22264063226566216,257,0.2992636283467558,575,0.22264063226566216,256,0.29926362834675535,573,0.22264063226566236,259,0.2992636283467547,572,0.22264063226566216,252,0.2992636283467536,572,0.22264063226566283,258,0.29926362834675313,574,0.22264063226566286,255,0.2992636283467539,575,0.22264063226566272,256,0.29926362834675435,576,0.22264063226566275,259,0.2992636283467556,575,0.22264063226566208,254,0.2992636283467558,548,0.22264063226566203,225,0.2992636283467556,574,0.2226406322656621,255,0.299263628346756,575,0.22264063226566186,258,0.2992636283467556,575,0.22264063226566227,257,0.29926362834675535,575,0.22264063226566222,254,0.29926362834675535,575,0.2226406322656626,258
"(79, 64)",0.03811155141524236,48,0.49822966436357824,28,0.03811155141524225,46,0.4982296643635794,27,0.03811155141524214,45,0.498229664363579,28,0.03811155141524203,45,0.49822966436358046,27,0.03811155141524225,46,0.4982296643635787,28,0.03811155141524203,48,0.49822966436358057,28,0.03811155141524225,48,0.4982296643635788,28,0.03811155141524225,45,0.49822966436357846,28,0.03811155141524214,45,0.49822966436357863,28,0.03811155141524214,45,0.49822966436357935,27,0.03811155141524214,46,0.49822966436357935,27,0.03811155141524225,46,0.49822966436357896,28,0.038111551415242584,47,0.49822966436357685,28,0.038111551415242806,46,0.49822966436357624,28,0.03811155141524303,45,0.49822966436357535,27,0.03811155141524303,45,0.49822966436357613,28,0.038111551415242584,46,0.49822966436357774,28,0.03811155141524225,48,0.4982296643635787,28,0.03811155141524225,72,0.4982296643635785,24,0.03811155141524225,45,0.4982296643635783,28,0.03811155141524236,45,0.49822966436357824,28,0.03811155141524214,47,0.4982296643635791,28,0.03811155141524225,46,0.49822966436357846,28,0.03811155141524214,47,0.49822966436357974,27
"(190, 256)",0.09651627983384792,189,0.20113839701404126,278,0.09651627983384747,191,0.20113839701404163,286,0.09651627983384747,190,0.20113839701404096,285,0.09651627983384903,193,0.20113839701404027,287,0.09651627983384836,195,0.2011383970140408,287,0.09651627983384758,195,0.2011383970140415,285,0.0965162798338477,188,0.20113839701404132,277,0.09651627983384825,195,0.20113839701404107,283,0.09651627983384825,194,0.2011383970140409,286,0.09651627983384814,192,0.20113839701404113,285,0.09651627983384814,193,0.20113839701404113,286,0.09651627983384825,196,0.20113839701404101,286,0.09651627983384758,190,0.20113839701404154,278,0.09651627983384925,189,0.2011383970140401,286,0.09651627983384792,190,0.2011383970140418,283,0.09651627983384836,191,0.2011383970140405,287,0.09651627983384858,198,0.2011383970140406,291,0.09651627983384814,199,0.20113839701404077,285,0.09651627983384814,202,0.20113839701404107,252,0.09651627983384825,195,0.2011383970140409,285,0.09651627983384792,194,0.20113839701404143,288,0.0965162798338477,193,0.20113839701404118,286,0.09651627983384825,196,0.20113839701404138,285,0.09651627983384792,196,0.2011383970140414,290
"(190, 170)",0.1585995380089218,405,0.17044903102204037,326,0.15859953800892268,403,0.17044903102204,339,0.15859953800892268,404,0.17044903102203945,337,0.15859953800892035,402,0.17044903102204068,339,0.15859953800892113,404,0.17044903102204048,341,0.15859953800892246,402,0.17044903102204,339,0.15859953800892224,402,0.1704490310220402,330,0.15859953800892157,400,0.1704490310220405,341,0.15859953800892135,398,0.17044903102204045,338,0.15859953800892168,403,0.17044903102204031,340,0.15859953800892168,403,0.17044903102204031,340,0.15859953800892157,400,0.17044903102204034,341,0.15859953800892246,406,0.17044903102204012,329,0.15859953800892002,404,0.17044903102204076,340,0.1585995380089218,405,0.1704490310220408,337,0.15859953800892113,404,0.17044903102204026,337,0.15859953800892113,402,0.17044903102204037,341,0.15859953800892168,401,0.17044903102204007,339,0.15859953800892168,393,0.17044903102204034,307,0.15859953800892135,400,0.17044903102204037,342,0.1585995380089218,397,0.17044903102204048,337,0.15859953800892224,402,0.17044903102204004,341,0.15859953800892157,401,0.17044903102204076,341,0.15859953800892201,400,0.17044903102204037,342
"(256, 130)",0.12856733357421524,316,0.19738281184661544,283,0.12856733357421568,318,0.1973828118466148,294,0.12856733357421346,309,0.19738281184661585,290,0.12856733357421535,307,0.19738281184661519,290,0.12856733357421457,307,0.19738281184661596,291,0.12856733357421402,305,0.19738281184661616,289,0.12856733357421468,311,0.19738281184661566,284,0.12856733357421468,314,0.1973828118466156,288,0.12856733357421501,316,0.19738281184661538,290,0.12856733357421468,306,0.19738281184661566,289,0.12856733357421468,304,0.1973828118466154,289,0.12856733357421524,304,0.1973828118466154,292,0.12856733357421501,314,0.19738281184661557,283,0.1285673335742139,319,0.1973828118466169,292,0.12856733357421435,313,0.19738281184661494,289,0.12856733357421568,306,0.19738281184661485,292,0.12856733357421501,310,0.19738281184661535,295,0.12856733357421468,303,0.19738281184661546,291,0.12856733357421468,307,0.19738281184661555,258,0.12856733357421524,309,0.19738281184661527,291,0.12856733357421501,314,0.19738281184661569,291,0.12856733357421468,305,0.1973828118466155,290,0.12856733357421501,307,0.19738281184661552,290,0.12856733357421468,308,0.19738281184661577,293
"(256, 190)",0.12149927246606285,276,0.20113839701404143,277,0.1214992724660624,278,0.2011383970140414,287,0.1214992724660644,282,0.2011383970140401,286,0.12149927246606262,282,0.20113839701404151,286,0.1214992724660634,284,0.20113839701404135,286,0.12149927246606396,284,0.20113839701404107,286,0.12149927246606329,277,0.20113839701404126,278,0.12149927246606329,279,0.2011383970140412,282,0.12149927246606285,277,0.20113839701404135,285,0.12149927246606329,287,0.2011383970140413,284,0.12149927246606329,284,0.20113839701404104,287,0.12149927246606285,280,0.20113839701404143,285,0.12149927246606307,276,0.2011383970140414,279,0.12149927246606407,277,0.2011383970140416,285,0.1214992724660634,278,0.2011383970140402,284,0.1214992724660624,283,0.20113839701404143,286,0.12149927246606307,282,0.2011383970140413,290,0.12149927246606307,286,0.20113839701404113,284,0.12149927246606329,283,0.20113839701404115,251,0.12149927246606285,282,0.20113839701404126,284,0.12149927246606307,279,0.20113839701404151,287,0.12149927246606329,286,0.2011383970140411,287,0.12149927246606307,282,0.20113839701404138,286,0.1214992724660634,279,0.20113839701404132,291
"(130, 133)",0.1418632246776722,355,0.1810766687323218,312,0.1418632246776732,360,0.18107666873232126,323,0.14186322467767143,358,0.18107666873232225,321,0.14186322467767276,351,0.18107666873232098,321,0.14186322467767254,353,0.1810766687323216,325,0.14186322467767143,357,0.18107666873232198,321,0.1418632246776722,351,0.18107666873232184,313,0.14186322467767165,355,0.1810766687323222,320,0.1418632246776722,357,0.18107666873232167,325,0.1418632246776722,356,0.18107666873232178,322,0.1418632246776722,354,0.1810766687323217,325,0.14186322467767254,356,0.1810766687323218,326,0.14186322467767254,353,0.18107666873232156,315,0.14186322467767165,358,0.18107666873232245,323,0.14186322467767387,360,0.18107666873232073,322,0.14186322467767187,348,0.18107666873232264,321,0.14186322467767287,352,0.1810766687323216,326,0.14186322467767154,357,0.18107666873232262,321,0.1418632246776721,347,0.18107666873232195,286,0.14186322467767165,357,0.18107666873232192,325,0.14186322467767187,354,0.1810766687323221,325,0.14186322467767187,356,0.18107666873232175,324,0.14186322467767187,356,0.18107666873232217,325,0.1418632246776722,355,0.18107666873232175,326
"(130, 256)",0.10952905019369175,232,0.19738281184661557,282,0.10952905019369075,234,0.19738281184661602,293,0.1095290501936923,232,0.19738281184661532,291,0.10952905019369119,237,0.1973828118466152,289,0.10952905019369141,234,0.19738281184661566,292,0.1095290501936923,231,0.1973828118466151,290,0.10952905019369163,236,0.19738281184661569,283,0.10952905019369186,230,0.19738281184661569,287,0.10952905019369175,233,0.19738281184661538,291,0.10952905019369163,232,0.19738281184661566,290,0.10952905019369141,232,0.19738281184661563,288,0.10952905019369141,231,0.1973828118466159,291,0.10952905019369119,233,0.19738281184661574,282,0.10952905019369186,235,0.19738281184661602,293,0.1095290501936903,230,0.19738281184661613,288,0.10952905019369175,241,0.19738281184661635,291,0.10952905019369108,235,0.19738281184661607,294,0.10952905019369208,231,0.19738281184661596,290,0.10952905019369175,243,0.19738281184661569,257,0.10952905019369186,231,0.19738281184661544,290,0.10952905019369175,236,0.19738281184661569,292,0.10952905019369175,231,0.19738281184661544,291,0.10952905019369175,231,0.19738281184661582,289,0.10952905019369141,232,0.1973828118466157,294
"(133, 265)",0.13856242710235933,345,0.16885292202131638,330,0.13856242710236,350,0.16885292202131624,342,0.1385624271023601,346,0.1688529220213159,341,0.1385624271023589,339,0.16885292202131658,343,0.13856242710235978,341,0.16885292202131616,343,0.1385624271023591,341,0.16885292202131608,340,0.13856242710235955,342,0.16885292202131638,334,0.13856242710235933,349,0.16885292202131652,343,0.13856242710235944,342,0.16885292202131608,339,0.1385624271023589,341,0.16885292202131658,341,0.13856242710235933,339,0.16885292202131624,343,0.13856242710235955,344,0.16885292202131624,343,0.1385624271023591,345,0.16885292202131644,332,0.13856242710235944,346,0.16885292202131663,342,0.13856242710235955,346,0.1688529220213168,340,0.13856242710236077,338,0.16885292202131585,342,0.13856242710235867,336,0.16885292202131674,343,0.13856242710235944,343,0.168852922021316,341,0.13856242710235933,338,0.1688529220213165,308,0.13856242710235933,347,0.16885292202131646,343,0.13856242710235944,341,0.16885292202131666,338,0.13856242710235944,340,0.16885292202131627,343,0.13856242710235944,338,0.16885292202131644,343,0.13856242710235933,337,0.1688529220213164,344
"(133, 130)",0.11235275730102867,242,0.18107666873232164,313,0.11235275730102812,243,0.18107666873232212,322,0.112352757301028,245,0.1810766687323219,322,0.11235275730102878,250,0.1810766687323217,320,0.11235275730102812,243,0.18107666873232195,324,0.11235275730102878,243,0.18107666873232117,322,0.11235275730102834,244,0.18107666873232195,312,0.11235275730102867,241,0.18107666873232184,321,0.11235275730102856,245,0.1810766687323216,326,0.112352757301029,244,0.18107666873232167,323,0.11235275730102856,246,0.18107666873232162,326,0.11235275730102812,243,0.18107666873232195,325,0.11235275730102867,243,0.18107666873232167,314,0.11235275730102856,246,0.18107666873232217,324,0.11235275730102834,244,0.18107666873232248,321,0.11235275730102734,251,0.18107666873232248,322,0.11235275730102934,246,0.1810766687323215,327,0.11235275730102856,243,0.18107666873232142,322,0.11235275730102856,251,0.1810766687323219,287,0.11235275730102867,243,0.18107666873232178,326,0.11235275730102856,245,0.18107666873232212,324,0.11235275730102856,245,0.18107666873232173,325,0.11235275730102856,247,0.1810766687323219,326,0.11235275730102867,247,0.18107666873232175,327
"(265, 197)",0.1664414427299945,421,0.13811153356060502,381,0.16644144272999395,423,0.13811153356060507,395,0.16644144272999428,419,0.13811153356060504,395,0.1664414427299945,416,0.13811153356060504,394,0.16644144272999406,420,0.13811153356060504,394,0.1664414427299934,418,0.13811153356060515,389,0.1664414427299945,420,0.13811153356060496,384,0.16644144272999428,418,0.13811153356060513,394,0.16644144272999428,420,0.13811153356060485,396,0.16644144272999406,420,0.13811153356060504,392,0.16644144272999428,420,0.138111533560605,389,0.1664414427299945,416,0.13811153356060502,390,0.1664414427299945,424,0.13811153356060496,384,0.16644144272999362,423,0.13811153356060518,395,0.1664414427299945,420,0.13811153356060496,396,0.16644144272999462,415,0.13811153356060474,396,0.16644144272999462,416,0.13811153356060502,396,0.16644144272999406,421,0.1381115335606049,391,0.16644144272999428,407,0.13811153356060502,350,0.16644144272999428,420,0.13811153356060504,393,0.1664414427299945,420,0.13811153356060515,394,0.16644144272999428,420,0.13811153356060496,394,0.16644144272999473,420,0.13811153356060488,392,0.16644144272999428,414,0.13811153356060504,390
"(265, 133)",0.09108053496269597,179,0.16885292202131644,329,0.09108053496269641,173,0.16885292202131616,343,0.09108053496269619,177,0.16885292202131638,340,0.09108053496269586,178,0.16885292202131652,344,0.09108053496269641,176,0.16885292202131613,344,0.09108053496269652,182,0.16885292202131597,341,0.09108053496269597,177,0.16885292202131638,335,0.09108053496269619,179,0.16885292202131646,344,0.09108053496269619,178,0.16885292202131608,340,0.09108053496269641,176,0.16885292202131616,342,0.09108053496269619,177,0.1688529220213162,344,0.09108053496269597,180,0.16885292202131644,342,0.09108053496269597,177,0.1688529220213164,333,0.09108053496269641,174,0.16885292202131616,343,0.09108053496269597,176,0.16885292202131644,341,0.09108053496269586,179,0.16885292202131624,341,0.09108053496269575,181,0.16885292202131666,344,0.09108053496269619,176,0.1688529220213161,340,0.09108053496269619,189,0.16885292202131635,309,0.09108053496269597,176,0.1688529220213164,344,0.09108053496269597,176,0.16885292202131658,339,0.09108053496269597,176,0.16885292202131627,344,0.09108053496269575,176,0.16885292202131655,342,0.09108053496269619,182,0.16885292202131633,345
"(197, 86)",0.1885982699978881,476,0.1027222337980545,478,0.18859826999788787,470,0.10272223379805447,488,0.1885982699978882,477,0.10272223379805451,482,0.1885982699978882,471,0.10272223379805438,481,0.1885982699978881,470,0.10272223379805445,482,0.1885982699978882,470,0.10272223379805455,476,0.1885982699978882,474,0.10272223379805444,474,0.1885982699978881,474,0.10272223379805456,483,0.1885982699978882,476,0.10272223379805437,479,0.1885982699978881,474,0.10272223379805445,480,0.1885982699978881,476,0.10272223379805445,478,0.1885982699978881,471,0.1027222337980545,476,0.1885982699978881,476,0.10272223379805445,480,0.1885982699978882,470,0.10272223379805451,486,0.18859826999788853,478,0.10272223379805434,485,0.18859826999788765,472,0.10272223379805447,482,0.18859826999788787,470,0.10272223379805455,481,0.1885982699978881,471,0.10272223379805445,478,0.1885982699978881,449,0.1027222337980545,433,0.1885982699978881,474,0.10272223379805444,479,0.1885982699978883,477,0.10272223379805452,479,0.1885982699978882,478,0.1027222337980544,480,0.1885982699978882,478,0.1027222337980544,475,0.1885982699978882,472,0.1027222337980545,476
"(197, 265)",0.07759633813024358,130,0.138111533560605,382,0.0775963381302438,130,0.13811153356060488,396,0.07759633813024358,129,0.1381115335606051,394,0.07759633813024358,133,0.13811153356060496,395,0.0775963381302438,136,0.1381115335606049,395,0.07759633813024358,133,0.13811153356060515,390,0.07759633813024336,130,0.1381115335606051,383,0.07759633813024358,130,0.13811153356060513,395,0.07759633813024358,132,0.13811153356060496,395,0.07759633813024358,131,0.138111533560605,393,0.0775963381302438,128,0.1381115335606049,390,0.07759633813024358,130,0.13811153356060504,389,0.07759633813024358,129,0.138111533560605,383,0.07759633813024336,130,0.13811153356060518,396,0.07759633813024336,129,0.13811153356060507,395,0.07759633813024391,132,0.13811153356060477,395,0.0775963381302438,135,0.1381115335606049,397,0.07759633813024358,133,0.13811153356060493,390,0.07759633813024358,149,0.13811153356060502,351,0.0775963381302438,129,0.1381115335606049,394,0.07759633813024336,130,0.13811153356060524,393,0.07759633813024336,129,0.13811153356060504,393,0.07759633813024358,126,0.13811153356060493,391,0.07759633813024358,132,0.1381115335606051,389
"(86, 95)",0.04836678161833652,63,0.21461570479577072,257,0.04836678161833652,59,0.21461570479577072,262,0.04836678161833641,58,0.2146157047957706,259,0.04836678161833652,56,0.21461570479577058,262,0.04836678161833641,58,0.2146157047957706,264,0.04836678161833652,58,0.2146157047957705,264,0.04836678161833652,62,0.2146157047957706,257,0.04836678161833652,60,0.21461570479577075,262,0.04836678161833652,58,0.21461570479577036,263,0.04836678161833641,58,0.2146157047957707,262,0.04836678161833652,58,0.2146157047957705,263,0.04836678161833641,58,0.2146157047957707,264,0.04836678161833641,65,0.21461570479577063,258,0.04836678161833652,60,0.2146157047957705,263,0.04836678161833641,58,0.21461570479577047,260,0.04836678161833652,58,0.21461570479577058,262,0.04836678161833641,58,0.2146157047957709,264,0.04836678161833652,57,0.21461570479577072,262,0.04836678161833652,86,0.21461570479577058,231,0.04836678161833652,59,0.21461570479577058,262,0.04836678161833652,59,0.21461570479577072,265,0.04836678161833652,58,0.2146157047957705,264,0.04836678161833652,59,0.21461570479577038,264,0.04836678161833652,60,0.21461570479577072,268
"(86, 197)",0.25683806432408796,552,0.12301481923888198,418,0.2568380643240882,555,0.12301481923888191,424,0.2568380643240884,554,0.12301481923888177,423,0.2568380643240882,560,0.12301481923888184,422,0.2568380643240882,558,0.12301481923888181,422,0.25683806432408773,558,0.12301481923888197,423,0.25683806432408796,554,0.12301481923888193,420,0.2568380643240882,557,0.12301481923888195,421,0.25683806432408796,556,0.12301481923888181,422,0.2568380643240884,558,0.12301481923888181,423,0.25683806432408796,558,0.12301481923888184,419,0.2568380643240882,559,0.12301481923888188,420,0.2568380643240882,549,0.12301481923888186,418,0.25683806432408796,555,0.12301481923888187,425,0.2568380643240882,554,0.12301481923888175,422,0.2568380643240882,559,0.12301481923888187,424,0.2568380643240882,558,0.12301481923888198,423,0.25683806432408796,559,0.12301481923888197,421,0.25683806432408796,532,0.12301481923888191,384,0.2568380643240882,557,0.12301481923888187,423,0.2568380643240882,557,0.12301481923888195,421,0.2568380643240882,560,0.1230148192388818,420,0.25683806432408773,558,0.12301481923888186,420,0.2568380643240882,558,0.12301481923888194,423
"(226, 87)",0.13328724273992087,334,0.07049264434561649,578,0.1230166547897873,284,0.0746379846104218,577,0.1600796679319394,406,0.06747371563668517,585,0.17130417869744674,430,0.06470363022146583,591,0.17413665474583828,433,0.064077313862633,592,0.1770612328175264,444,0.06334475304087904,590,0.14831772301206092,369,0.06678962148657368,584,0.1451076792018975,364,0.06846914564661828,583,0.1645011427472305,415,0.06575175420047814,588,0.17285786075894005,431,0.06441389596968375,591,0.17217870190008722,432,0.06424800873942715,592,0.17614119644820736,440,0.06341298930587473,592,0.1298921704649676,321,0.07132908876609638,576,0.12189333196010921,280,0.07497697242070286,576,0.15748616152430872,401,0.06837400808384755,583,0.17065606018401436,426,0.06494978222843946,591,0.17627357172730707,438,0.06357927259720224,592,0.17907314706968458,448,0.06314569949038834,590,0.15902798058946588,396,0.06550185381289995,547,0.15028230998830938,376,0.06749281601945939,584,0.16814514577766604,425,0.06482878590672127,591,0.17413233779780668,438,0.06377848460011713,592,0.1732666943037814,426,0.06365764691367179,592,0.1726866675886397,426,0.06357221791630019,592
"(226, 134)",0.1638610971444564,417,0.06416605321870364,587,0.1653204553549953,419,0.06541400810601028,585,0.1552268702921915,396,0.06846337614004917,582,0.15193163977630852,386,0.06854046578037445,584,0.15144193195157307,384,0.06853914977713578,584,0.15355028164067552,392,0.06789296382937007,580,0.16311299153814207,413,0.06387510351616937,589,0.157453192176499,396,0.06593912910325382,586,0.14909550204200195,377,0.06887007134661677,582,0.14878542437873932,378,0.06920447961063471,582,0.15014817935285107,378,0.0686033224539593,583,0.1525308099660686,387,0.06799644733889043,582,0.1649191424275318,417,0.06401884341312766,587,0.1661622014780575,420,0.06530337712185835,585,0.1573136572238386,400,0.06840942832877404,582,0.15235059295491982,386,0.06858405197504516,586,0.15252107042123952,384,0.0682027668081945,586,0.1550801170577426,391,0.06775718551638976,583,0.1676147124531684,410,0.06385755561914977,550,0.15759212306718795,398,0.06601509020356462,588,0.14833373218841928,376,0.06879556935068391,583,0.14823926434311918,376,0.06889066367305638,584,0.1525156455311073,387,0.06769740828132728,583,0.15581348920508253,395,0.06682266040607016,586
"(226, 169)",0.11101132689606352,238,0.07594134937698968,560,0.12122134509144411,276,0.07508669970764098,576,0.10397373593721615,212,0.08095756222400138,553,0.10013235535636433,203,0.08137052938950672,553,0.09878055392873542,200,0.08165260865394013,553,0.10053990969590887,205,0.08087830521122491,550,0.10470471828131223,219,0.07713109852978754,559,0.11085006303180867,235,0.0766072964709622,563,0.1062830242640912,219,0.07927539246362292,562,0.10090537340845818,204,0.08114274356936832,554,0.10112262028717556,208,0.08071040450494296,553,0.10171727152181254,209,0.08040526991786368,551,0.1125392767765303,245,0.07560152348774776,563,0.12243623809560045,281,0.0748412185858541,577,0.10354033473217528,211,0.08153078341149121,554,0.10009101005281784,203,0.08153847561604527,554,0.09646742968596478,197,0.08222204126902674,552,0.09878326471608034,207,0.08161603890685443,548,0.09935913065738422,210,0.0796717202761252,510,0.11029886867796812,234,0.07687547592917378,563,0.10653395868613835,219,0.07893413330088193,563,0.10149874218643395,208,0.0804651126806027,553,0.10234855004702281,209,0.07986465151806867,553,0.10094942644663851,210,0.08002984802516395,554
"(226, 110)",0.1302274872506527,322,0.07119250630192638,576,0.1281942084018607,316,0.073374645590105,579,0.12177845033145018,285,0.07611480563680628,575,0.12033361717037372,277,0.07580944263544513,571,0.12024888308932802,278,0.07571656080521753,571,0.1144708591887833,253,0.07698233594732613,562,0.12430757750641397,291,0.07209863470259421,575,0.12469897179391709,294,0.07308816860709949,580,0.12077193068878112,273,0.0754057232879412,575,0.12088880066203989,283,0.07567014347079584,575,0.12000277512445523,278,0.07555121315847939,573,0.11459089793655253,256,0.07682975965059033,562,0.13098614005431863,324,0.07107649650343865,577,0.1274200227842912,312,0.07361855930790036,579,0.12265911555171805,287,0.0763095369871684,574,0.12051910418860301,278,0.07590707986714536,571,0.12058445486422875,276,0.07550764042929764,569,0.11388835820166787,251,0.07733973265725322,561,0.11831002905030419,268,0.07452331484618246,529,0.12077404865349517,275,0.07416626904213348,573,0.11838020804749239,267,0.07575645545282725,574,0.11972536440398918,275,0.07549539902127557,575,0.11591450029381023,262,0.07614209630155712,564,0.11531046990021732,256,0.07606926783114822,565
"(87, 226)",0.12036812886855797,272,0.06437003816871721,586,0.12364236993554645,290,0.06361791042002181,589,0.12137446219370962,281,0.06742214646871711,586,0.12294724167905224,290,0.06805766306264516,585,0.12143702090525188,283,0.06752297030992953,587,0.11706637379212981,266,0.06777583743727777,581,0.11997434915159588,268,0.06492003769058563,587,0.12061424774061758,273,0.06482879851834784,588,0.12283662211634816,284,0.06527649809632652,590,0.12014961855880768,279,0.06656089375519597,588,0.11853402695903092,269,0.06687945229940878,587,0.11590787094365829,262,0.0675992110890205,583,0.12066618096658743,272,0.06433875078898134,585,0.12353518293424104,288,0.0636756398066275,589,0.12185178661816387,282,0.06758832169505978,585,0.12283547899468528,290,0.06861420760530468,585,0.1207972403001163,278,0.06833228623040637,584,0.11570477065623908,263,0.06806645086170826,582,0.12137259946856904,282,0.06464132565398427,548,0.11609890529174405,256,0.06686370477773511,586,0.1228403376437015,286,0.065096731599415,590,0.12050854058658844,279,0.06615165759431557,589,0.11872189645312747,273,0.06623376955701944,588,0.11878949632836167,267,0.06648806748674074,587
"(87, 242)",0.1297491981768244,319,0.06277972016908315,591,0.1263675319882509,305,0.06315726857122413,591,0.12869702652800274,310,0.06611837580566395,588,0.1270754810086101,301,0.06731254973880721,589,0.12863199846305018,308,0.06623978299459259,590,0.13328420780156558,320,0.06490717629159622,588,0.13016407448563283,318,0.06317974265360587,591,0.12949080002415858,320,0.06331226815134278,592,0.12718863062083452,309,0.06452331999992719,592,0.12997919409876402,311,0.06483885401326343,590,0.13169694206469407,316,0.0645726322617855,591,0.13455558790578404,324,0.06431989958359058,591,0.12943636451191332,319,0.06285150933585631,591,0.12647635090622944,307,0.0631781778425671,591,0.12820197737595973,309,0.0664534279074901,589,0.12718980059269913,301,0.06782209975838849,588,0.1292991275607961,314,0.06680050680792123,588,0.1347801820320078,327,0.06469065004618077,589,0.12869896345821263,308,0.06339068659936536,551,0.1343448034202004,334,0.06368828003009523,592,0.12718482792105035,308,0.06434691775109737,592,0.12960169590959802,311,0.06456687665832946,591,0.13149561879903593,318,0.06401562453165935,591,0.131423280082278,320,0.06428539099429383,591
"(97, 173)",0.12893822114511455,317,0.479256349333271,33,0.12893822114511533,320,0.4792563493332717,33,0.12893822114511388,313,0.47925634933327144,33,0.12893822114511577,309,0.4792563493332702,34,0.12893822114511488,309,0.4792563493332707,33,0.12893822114511422,307,0.4792563493332722,33,0.12893822114511522,313,0.47925634933327027,34,0.12893822114511466,316,0.47925634933327116,33,0.1289382211451151,319,0.4792563493332694,34,0.12893822114511444,308,0.47925634933327155,33,0.12893822114511488,306,0.4792563493332702,34,0.12893822114511455,305,0.47925634933327166,33,0.12893822114511588,315,0.4792563493332706,34,0.12893822114511488,321,0.4792563493332719,34,0.12893822114511655,316,0.4792563493332691,33,0.12893822114511333,309,0.47925634933327316,34,0.128938221145114,312,0.4792563493332722,33,0.12893822114511555,305,0.4792563493332693,34,0.12893822114511466,312,0.47925634933327066,29,0.12893822114511522,313,0.4792563493332703,34,0.1289382211451151,316,0.4792563493332707,33,0.12893822114511488,307,0.4792563493332703,33,0.12893822114511488,309,0.4792563493332706,33,0.1289382211451151,310,0.47925634933327094,33
"(97, 154)",0.12114279785246018,275,0.4893233046989913,32,0.12114279785245918,275,0.48932330469899404,32,0.12114279785246063,277,0.48932330469899,32,0.12114279785245907,280,0.4893233046989933,31,0.12114279785245974,282,0.48932330469899205,31,0.1211427978524604,282,0.4893233046989917,32,0.12114279785245952,275,0.48932330469899227,32,0.12114279785245985,276,0.48932330469899177,32,0.12114279785245952,275,0.4893233046989909,31,0.1211427978524604,284,0.48932330469899127,32,0.12114279785245985,283,0.48932330469899127,32,0.12114279785246018,279,0.4893233046989919,32,0.12114279785245885,275,0.48932330469899427,31,0.12114279785245974,275,0.4893233046989932,31,0.12114279785245818,275,0.4893233046989943,31,0.12114279785246118,280,0.48932330469899066,32,0.12114279785246063,280,0.48932330469899105,32,0.12114279785245918,284,0.48932330469899205,32,0.12114279785245985,279,0.4893233046989914,28,0.12114279785245952,278,0.4893233046989922,32,0.12114279785245952,277,0.4893233046989924,31,0.12114279785245985,283,0.4893233046989912,32,0.12114279785245974,280,0.48932330469899193,31,0.12114279785245952,276,0.48932330469899243,31
"(173, 91)",0.18278061429784098,465,0.3652271426800543,85,0.18278061429784165,460,0.36522714268005374,86,0.18278061429784087,462,0.365227142680054,85,0.1827806142978422,457,0.3652271426800537,86,0.18278061429784032,452,0.36522714268005396,86,0.1827806142978422,454,0.3652271426800537,86,0.18278061429784187,456,0.3652271426800537,86,0.18278061429784098,460,0.3652271426800548,86,0.18278061429784154,462,0.36522714268005374,86,0.18278061429784087,460,0.36522714268005424,85,0.18278061429784154,457,0.3652271426800539,86,0.18278061429784098,457,0.36522714268005424,85,0.18278061429784187,464,0.36522714268005413,86,0.18278061429784254,461,0.36522714268005374,86,0.18278061429783898,461,0.3652271426800545,85,0.1827806142978432,457,0.36522714268005335,86,0.18278061429784254,452,0.3652271426800533,86,0.18278061429784187,455,0.36522714268005363,88,0.1827806142978412,439,0.3652271426800542,77,0.18278061429784154,459,0.3652271426800544,85,0.1827806142978412,463,0.3652271426800544,85,0.1827806142978412,458,0.36522714268005396,86,0.1827806142978412,458,0.3652271426800537,86,0.1827806142978412,455,0.3652271426800539,86
"(173, 97)",0.08089387577074048,139,0.47925634933327016,34,0.08089387577073992,139,0.47925634933327094,34,0.08089387577074059,143,0.47925634933326944,34,0.08089387577073981,146,0.47925634933327166,33,0.08089387577074059,148,0.4792563493332687,34,0.08089387577073981,147,0.47925634933327166,34,0.08089387577073992,142,0.4792563493332713,33,0.08089387577074048,140,0.479256349333271,34,0.08089387577074003,142,0.47925634933327066,33,0.08089387577074048,143,0.4792563493332697,34,0.08089387577074003,142,0.4792563493332709,33,0.08089387577074048,143,0.4792563493332702,34,0.08089387577073992,140,0.47925634933327177,33,0.08089387577073937,139,0.47925634933327277,33,0.08089387577074159,143,0.4792563493332665,34,0.08089387577073914,146,0.47925634933327355,33,0.08089387577073959,148,0.4792563493332719,34,0.08089387577073992,145,0.47925634933327105,33,0.08089387577074025,159,0.4792563493332706,30,0.08089387577073992,139,0.4792563493332716,33,0.08089387577074048,142,0.4792563493332706,34,0.08089387577074025,142,0.47925634933327016,34,0.08089387577074003,141,0.4792563493332701,34,0.08089387577074003,143,0.4792563493332703,34
"(91, 160)",0.12426094304995705,292,0.3666724360991636,83,0.12426094304995805,294,0.36667243609916383,83,0.12426094304995705,294,0.3666724360991637,84,0.12426094304995794,295,0.3666724360991633,84,0.12426094304995738,296,0.3666724360991633,83,0.12426094304995772,291,0.3666724360991631,84,0.12426094304995738,290,0.36667243609916333,84,0.12426094304995772,292,0.3666724360991642,83,0.12426094304995794,295,0.36667243609916306,84,0.12426094304995727,295,0.3666724360991637,84,0.12426094304995772,293,0.36667243609916306,84,0.12426094304995705,292,0.36667243609916383,83,0.12426094304995772,289,0.3666724360991636,84,0.1242609430499575,293,0.36667243609916295,84,0.12426094304995772,294,0.3666724360991628,84,0.12426094304995838,295,0.3666724360991642,84,0.12426094304995772,295,0.36667243609916267,84,0.12426094304995705,294,0.366672436099164,84,0.12426094304995738,290,0.36667243609916333,74,0.12426094304995738,292,0.3666724360991636,83,0.12426094304995738,293,0.3666724360991637,83,0.12426094304995772,295,0.3666724360991632,83,0.12426094304995738,291,0.3666724360991631,83,0.12426094304995738,291,0.36667243609916367,83
"(91, 173)",0.1257419815759271,296,0.3652271426800536,86,0.1257419815759263,304,0.3652271426800556,85,0.1257419815759273,299,0.3652271426800535,86,0.1257419815759263,297,0.36522714268005485,85,0.12574198157592664,297,0.3652271426800541,85,0.12574198157592642,299,0.36522714268005435,85,0.12574198157592664,299,0.36522714268005424,85,0.12574198157592664,299,0.3652271426800553,85,0.1257419815759263,299,0.3652271426800547,85,0.12574198157592698,299,0.365227142680054,86,0.1257419815759263,295,0.3652271426800546,85,0.1257419815759271,294,0.3652271426800539,86,0.1257419815759263,299,0.3652271426800551,85,0.12574198157592664,302,0.36522714268005385,85,0.12574198157592664,300,0.3652271426800538,86,0.12574198157592575,296,0.36522714268005685,85,0.1257419815759263,298,0.3652271426800542,85,0.1257419815759273,295,0.3652271426800539,87,0.12574198157592664,300,0.3652271426800542,78,0.12574198157592686,299,0.36522714268005435,86,0.12574198157592686,301,0.36522714268005424,86,0.12574198157592642,298,0.36522714268005435,85,0.12574198157592664,295,0.365227142680054,85,0.12574198157592686,296,0.3652271426800543,85
"(92, 124)",0.08612378440574142,159,0.38325924214771845,70,0.08612378440574187,157,0.383259242147718,70,0.0861237844057412,161,0.3832592421477189,70,0.08612378440574142,163,0.38325924214771795,70,0.08612378440574131,164,0.3832592421477185,70,0.08612378440574164,165,0.38325924214771867,70,0.08612378440574164,160,0.38325924214771817,70,0.08612378440574142,161,0.38325924214771906,70,0.08612378440574187,160,0.38325924214771784,70,0.08612378440574131,159,0.38325924214771845,70,0.08612378440574164,161,0.38325924214771795,70,0.08612378440574142,163,0.3832592421477188,70,0.08612378440574142,160,0.38325924214771845,70,0.08612378440574187,158,0.3832592421477177,70,0.08612378440574131,161,0.38325924214771817,70,0.08612378440574098,166,0.3832592421477193,70,0.08612378440574131,164,0.38325924214771895,70,0.08612378440574098,163,0.3832592421477189,70,0.0027535070454203225,27,0.38325924214771884,63,0.0861237844057412,160,0.38325924214771906,70,0.08612378440574164,157,0.38325924214771834,70,0.08612378440574131,157,0.38325924214771884,70,0.08612378440574142,166,0.38325924214771856,70,0.08612378440574131,167,0.3832592421477189,70
"(92, 231)",0.1741036310251085,439,0.30310823010243676,150,0.17410363102510795,442,0.3031082301024372,154,0.17410363102510917,436,0.30310823010243637,148,0.1741036310251085,435,0.30310823010243637,149,0.17410363102510895,432,0.30310823010243637,150,0.17410363102510806,431,0.30310823010243737,148,0.17410363102510806,438,0.30310823010243704,150,0.1741036310251085,437,0.30310823010243737,148,0.17410363102510795,436,0.303108230102437,147,0.17410363102510862,437,0.3031082301024366,148,0.17410363102510829,437,0.3031082301024367,147,0.1741036310251085,433,0.30310823010243704,149,0.1741036310251085,437,0.30310823010243676,150,0.17410363102510795,442,0.30310823010243704,153,0.17410363102510862,438,0.30310823010243615,148,0.17410363102510917,433,0.3031082301024366,152,0.17410363102510873,429,0.30310823010243676,150,0.17410363102510917,434,0.3031082301024363,150,0.6356977353532771,597,0.062474743118753166,577,0.17410363102510895,433,0.3031082301024366,148,0.17410363102510829,442,0.303108230102437,149,0.17410363102510873,437,0.3031082301024367,148,0.17410363102510862,430,0.30310823010243676,148,0.17410363102510862,428,0.3031082301024369,149
"(192, 193)",0.20796683396895976,509,0.17449817636737638,320,0.20796683396896087,511,0.17449817636737608,336,0.20796683396895954,517,0.17449817636737644,332,0.20796683396895976,508,0.17449817636737613,334,0.20796683396895954,509,0.17449817636737622,340,0.20796683396895999,510,0.17449817636737605,337,0.20796683396895999,515,0.17449817636737638,327,0.20796683396895954,513,0.17449817636737647,334,0.20796683396895976,510,0.17449817636737622,335,0.2079668339689601,512,0.17449817636737608,338,0.20796683396895954,514,0.17449817636737625,335,0.2079668339689601,512,0.17449817636737625,336,0.2079668339689591,508,0.17449817636737666,324,0.2079668339689601,511,0.1744981763673762,335,0.20796683396895943,517,0.17449817636737674,334,0.20796683396895932,507,0.17449817636737658,334,0.2079668339689591,506,0.1744981763673767,338,0.2079668339689601,513,0.17449817636737627,335,0.20796683396895976,482,0.17449817636737638,301,0.20796683396895976,513,0.1744981763673763,338,0.20796683396895976,512,0.1744981763673763,334,0.20796683396895976,512,0.17449817636737627,337,0.20796683396895943,511,0.17449817636737625,336,0.20796683396895976,511,0.1744981763673764,337
"(192, 67)",0.06768400390407592,99,0.2536842892789221,206,0.06768400390407536,99,0.25368428927892284,208,0.06768400390407603,95,0.253684289278922,208,0.06768400390407592,103,0.25368428927892184,207,0.06768400390407603,102,0.25368428927892184,209,0.06768400390407592,101,0.2536842892789219,209,0.06768400390407592,99,0.2536842892789223,204,0.06768400390407603,95,0.2536842892789221,209,0.06768400390407592,98,0.25368428927892206,209,0.06768400390407592,100,0.253684289278922,208,0.06768400390407603,99,0.25368428927892184,211,0.06768400390407592,99,0.25368428927892217,210,0.06768400390407647,100,0.2536842892789218,206,0.06768400390407592,98,0.2536842892789221,209,0.06768400390407625,95,0.2536842892789222,211,0.06768400390407625,103,0.2536842892789219,207,0.06768400390407625,103,0.25368428927892195,209,0.06768400390407592,99,0.2536842892789222,208,0.06768400390407592,126,0.2536842892789222,181,0.06768400390407592,97,0.2536842892789221,207,0.06768400390407592,97,0.25368428927892217,210,0.06768400390407603,98,0.25368428927892195,210,0.06768400390407603,98,0.25368428927892167,209,0.06768400390407603,99,0.2536842892789221,212
"(193, 118)",0.03202347118854365,41,0.3750023221729193,75,0.03202347118854365,41,0.37500232217291957,75,0.03202347118854343,40,0.37500232217292007,74,0.03202347118854365,40,0.3750023221729193,74,0.03202347118854376,40,0.3750023221729186,75,0.03202347118854365,41,0.3750023221729192,75,0.03202347118854365,41,0.37500232217291946,75,0.03202347118854365,40,0.37500232217291934,75,0.03202347118854365,40,0.3750023221729193,75,0.03202347118854343,40,0.3750023221729199,74,0.03202347118854365,40,0.37500232217291923,75,0.03202347118854365,40,0.3750023221729195,75,0.03202347118854365,42,0.37500232217291973,75,0.03202347118854343,41,0.3750023221729198,74,0.03202347118854376,40,0.3750023221729183,75,0.03202347118854376,41,0.37500232217291873,75,0.03202347118854343,40,0.37500232217292073,74,0.03202347118854365,41,0.37500232217291923,75,0.03202347118854365,64,0.3750023221729195,67,0.03202347118854365,40,0.3750023221729195,74,0.03202347118854365,40,0.37500232217291957,75,0.03202347118854365,40,0.3750023221729194,75,0.03202347118854365,40,0.37500232217291896,75,0.03202347118854365,40,0.37500232217292,74
"(193, 192)",0.3178319839849495,580,0.1744981763673763,321,0.31783198398494983,581,0.17449817636737636,335,0.31783198398495005,584,0.17449817636737633,333,0.31783198398494983,583,0.17449817636737613,335,0.31783198398494905,583,0.1744981763673763,339,0.3178319839849495,583,0.17449817636737622,336,0.3178319839849495,578,0.17449817636737652,326,0.3178319839849495,581,0.17449817636737644,335,0.31783198398494983,580,0.1744981763673762,336,0.31783198398495005,581,0.1744981763673763,337,0.31783198398494983,582,0.17449817636737622,336,0.31783198398494983,583,0.17449817636737627,335,0.31783198398494983,579,0.17449817636737644,325,0.3178319839849507,581,0.17449817636737597,336,0.31783198398494883,584,0.17449817636737636,335,0.31783198398494905,583,0.17449817636737636,335,0.31783198398495005,583,0.17449817636737666,339,0.3178319839849495,582,0.17449817636737636,334,0.31783198398494983,556,0.17449817636737633,302,0.31783198398494994,582,0.17449817636737625,339,0.3178319839849495,581,0.17449817636737644,333,0.3178319839849495,582,0.17449817636737633,336,0.3178319839849495,582,0.17449817636737622,337,0.31783198398495005,583,0.1744981763673764,338
"(118, 109)",0.20683134928130986,508,0.25910363811746906,196,0.20683134928130997,509,0.2591036381174691,197,0.2068313492813103,515,0.25910363811746867,198,0.20683134928130964,506,0.259103638117469,197,0.20683134928130997,505,0.2591036381174686,198,0.20683134928131008,508,0.2591036381174687,198,0.20683134928130997,512,0.259103638117469,195,0.20683134928130997,512,0.2591036381174691,198,0.20683134928130997,509,0.25910363811746895,199,0.20683134928130964,511,0.25910363811746917,199,0.20683134928130997,513,0.2591036381174689,199,0.20683134928130997,510,0.259103638117469,200,0.2068313492813103,507,0.2591036381174688,196,0.20683134928130964,510,0.25910363811746906,197,0.2068313492813103,515,0.2591036381174682,198,0.20683134928130942,505,0.2591036381174693,197,0.20683134928130997,505,0.2591036381174691,200,0.20683134928130997,511,0.25910363811746895,198,0.20683134928130964,480,0.2591036381174691,170,0.20683134928130986,511,0.2591036381174691,196,0.20683134928130997,509,0.25910363811746917,198,0.20683134928130997,511,0.259103638117469,199,0.20683134928130986,510,0.259103638117469,199,0.20683134928130964,510,0.25910363811746945,200
"(118, 193)",0.06822366199017571,100,0.3750023221729195,74,0.06822366199017571,100,0.3750023221729199,74,0.0682236619901756,97,0.3750023221729197,75,0.06822366199017571,104,0.3750023221729193,75,0.06822366199017571,104,0.37500232217291896,74,0.0682236619901756,103,0.3750023221729195,74,0.06822366199017571,100,0.3750023221729196,74,0.06822366199017571,97,0.3750023221729199,74,0.06822366199017571,99,0.3750023221729195,74,0.06822366199017593,101,0.37500232217291923,75,0.06822366199017571,100,0.3750023221729194,74,0.06822366199017571,100,0.3750023221729198,74,0.0682236619901756,104,0.3750023221729199,74,0.06822366199017593,100,0.3750023221729192,75,0.0682236619901756,96,0.375002322172919,74,0.06822366199017593,105,0.3750023221729194,74,0.06822366199017571,104,0.37500232217291984,75,0.06822366199017571,100,0.37500232217291973,74,0.06822366199017593,127,0.37500232217291946,68,0.06822366199017593,99,0.3750023221729195,75,0.06822366199017571,100,0.3750023221729197,74,0.06822366199017571,100,0.3750023221729198,74,0.06822366199017571,100,0.37500232217291946,74,0.06822366199017593,101,0.37500232217291984,75
"(109, 237)",0.05014840337457349,66,0.4087818088100119,58,0.05014840337457349,61,0.4087818088100122,58,0.05014840337457338,61,0.4087818088100123,58,0.05014840337457349,61,0.40878180881001164,58,0.05014840337457349,59,0.4087818088100119,58,0.0501484033745736,60,0.4087818088100117,58,0.05014840337457349,65,0.40878180881001186,58,0.05014840337457349,62,0.4087818088100119,58,0.05014840337457349,61,0.40878180881001136,58,0.05014840337457349,59,0.4087818088100118,58,0.05014840337457349,59,0.40878180881001197,58,0.05014840337457349,60,0.40878180881001186,58,0.05014840337457349,67,0.4087818088100118,58,0.05014840337457349,61,0.40878180881001164,58,0.05014840337457338,60,0.4087818088100124,58,0.05014840337457349,60,0.4087818088100119,58,0.05014840337457349,59,0.4087818088100124,58,0.05014840337457338,59,0.4087818088100123,58,0.05014840337457349,88,0.40878180881001197,53,0.05014840337457338,62,0.4087818088100121,58,0.05014840337457349,61,0.40878180881001197,58,0.0501484033745736,60,0.40878180881001147,58,0.05014840337457349,60,0.4087818088100119,58,0.05014840337457338,61,0.40878180881001236,58
"(109, 118)",0.2515176835884525,548,0.23881105267664157,221,0.2515176835884525,552,0.2388110526766417,226,0.25151768358845294,553,0.2388110526766415,226,0.2515176835884525,553,0.23881105267664138,226,0.2515176835884525,555,0.23881105267664152,225,0.25151768358845206,555,0.23881105267664185,224,0.2515176835884523,551,0.23881105267664177,223,0.2515176835884524,553,0.2388110526766417,227,0.2515176835884523,554,0.23881105267664146,229,0.2515176835884525,555,0.2388110526766416,228,0.2515176835884525,555,0.2388110526766416,229,0.2515176835884525,556,0.23881105267664157,229,0.2515176835884525,548,0.2388110526766415,220,0.2515176835884524,552,0.2388110526766415,226,0.25151768358845294,553,0.23881105267664157,227,0.2515176835884524,555,0.2388110526766417,226,0.2515176835884523,555,0.23881105267664202,225,0.25151768358845306,556,0.23881105267664146,225,0.2515176835884525,528,0.23881105267664157,198,0.25151768358845294,554,0.23881105267664146,225,0.2515176835884525,554,0.2388110526766417,229,0.25151768358845206,556,0.23881105267664177,229,0.2515176835884525,556,0.2388110526766416,229,0.25151768358845294,557,0.23881105267664157,230
"(111, 196)",0.09087396340031095,177,0.22502022873635194,248,0.09094980320853785,172,0.22488114870106843,254,0.09235596979408744,180,0.2230652894058435,254,0.09225152994299202,182,0.22318706283146916,253,0.09228918611099624,181,0.2230665982222611,257,0.09189368768559203,185,0.22379480079017028,252,0.09031315383372207,175,0.22606957536053313,250,0.09288422049726863,185,0.22210325689941252,254,0.09342110848113405,187,0.2215287085812826,258,0.09333562642199744,184,0.2215780526920137,259,0.0931326479429807,186,0.22181622301829396,261,0.09242548747987434,184,0.22297361821770734,256,0.09102314190190852,176,0.22485534579803845,248,0.0906938886350731,172,0.22521993525660822,255,0.0916449924101852,177,0.22410672464051504,254,0.09203319334369009,183,0.22354280212963437,254,0.09174043070654647,186,0.22389399275211624,253,0.09222055074943059,183,0.22345498818796938,252,0.08920807220945925,186,0.22814571137211923,220,0.09237109983692104,182,0.2228132075253318,252,0.09368195488212094,188,0.22111743816164875,260,0.0935637503142448,188,0.22124051345305162,260,0.09342004442524043,189,0.221479375459689,257,0.09327900242014331,190,0.22174258629379018,260
"(111, 164)",0.16675063252148248,423,0.1838000203468493,304,0.16663701905683337,425,0.18377925058849523,316,0.1645510684254734,416,0.1840009583437531,317,0.16470466761531932,413,0.18397475801255966,317,0.16464926249659784,417,0.18392109888183236,320,0.1652325521840312,415,0.18404047653513259,317,0.16759434407576235,422,0.18396674970507806,306,0.16377739828094273,412,0.18384461694407184,314,0.1629965523940653,408,0.18401457159330686,318,0.1631205099904598,413,0.18395278471308876,316,0.16341540495665485,410,0.18390616644695085,320,0.16444894618613737,411,0.1840095512783729,319,0.16652726154694175,425,0.1838479158996075,308,0.16702085806886657,425,0.18374235014173343,316,0.16560089775809894,419,0.1839939625456728,316,0.16502645843638353,412,0.18400275594467064,317,0.16545939957019185,413,0.18393549758895983,320,0.1647502692444185,415,0.1841579958737581,317,0.16927557105015212,411,0.18428172335866141,277,0.16452883426663645,415,0.18381133753738288,319,0.1626191530035106,405,0.18398584455964923,319,0.16279001529085746,412,0.18394639327014842,316,0.16299809453143643,408,0.18397231396835925,319,0.1632026967918061,408,0.18402124415652588,321
"(167, 115)",0.346984464950324,583,0.21349246403041724,260,0.34698446495032564,585,0.21349246403041697,265,0.34698446495032687,586,0.21349246403041627,264,0.3469844649503244,585,0.21349246403041774,265,0.34698446495032575,584,0.21349246403041675,268,0.34698446495032476,585,0.2134924640304174,266,0.34698446495032564,582,0.2134924640304169,262,0.34698446495032564,583,0.21349246403041733,265,0.3469844649503253,584,0.2134924640304167,266,0.346984464950325,584,0.21349246403041747,266,0.3469844649503251,584,0.21349246403041722,266,0.34698446495032476,584,0.21349246403041736,267,0.3469844649503253,585,0.2134924640304176,262,0.34698446495032764,585,0.21349246403041638,266,0.3469844649503263,585,0.2134924640304169,263,0.3469844649503263,585,0.21349246403041625,266,0.346984464950326,584,0.21349246403041686,269,0.3469844649503253,585,0.2134924640304176,264,0.3469844649503253,562,0.21349246403041716,234,0.34698446495032476,585,0.2134924640304171,265,0.34698446495032564,584,0.21349246403041713,268,0.34698446495032553,584,0.21349246403041666,268,0.3469844649503253,584,0.21349246403041705,266,0.346984464950325,584,0.21349246403041736,272
"(167, 25)",0.026277516925334976,39,0.5046122453114318,22,0.026277516925334865,38,0.5046122453114334,22,0.02627751692533442,38,0.5046122453114339,21,0.026277516925334976,38,0.5046122453114332,21,0.026277516925334643,39,0.5046122453114333,21,0.026277516925334976,37,0.5046122453114331,22,0.026277516925334643,40,0.5046122453114334,22,0.026277516925334865,39,0.5046122453114343,21,0.026277516925334865,38,0.5046122453114326,22,0.026277516925334865,39,0.5046122453114337,22,0.026277516925334865,39,0.5046122453114334,22,0.026277516925334976,38,0.5046122453114328,22,0.026277516925334865,38,0.5046122453114347,21,0.02627751692533431,38,0.5046122453114353,21,0.026277516925334643,38,0.5046122453114346,22,0.026277516925334643,38,0.5046122453114331,22,0.026277516925334643,38,0.5046122453114338,22,0.026277516925334865,37,0.5046122453114346,22,0.026277516925334865,62,0.5046122453114336,18,0.026277516925334976,39,0.5046122453114325,22,0.026277516925334643,39,0.5046122453114339,21,0.026277516925334865,39,0.5046122453114327,22,0.026277516925334865,39,0.5046122453114334,22,0.026277516925334865,37,0.5046122453114337,21
"(115, 114)",0.14694360091631176,372,0.19108248703523134,292,0.14694360091631176,373,0.19108248703523087,302,0.14694360091631176,374,0.19108248703523126,302,0.14694360091631142,372,0.19108248703523156,301,0.14694360091631187,372,0.19108248703523115,303,0.14694360091631242,372,0.1910824870352308,305,0.14694360091631176,366,0.191082487035231,294,0.14694360091631253,368,0.19108248703523092,300,0.14694360091631187,373,0.19108248703523095,303,0.14694360091631176,371,0.19108248703523129,300,0.14694360091631187,368,0.19108248703523106,304,0.1469436009163121,371,0.19108248703523098,305,0.14694360091631276,368,0.19108248703523142,295,0.14694360091631298,372,0.19108248703523062,303,0.1469436009163103,375,0.19108248703523217,302,0.14694360091631253,369,0.1910824870352314,300,0.14694360091631276,372,0.1910824870352309,306,0.14694360091631187,370,0.19108248703523098,303,0.14694360091631187,368,0.19108248703523117,268,0.14694360091631176,368,0.1910824870352312,303,0.14694360091631187,371,0.19108248703523129,301,0.14694360091631242,372,0.1910824870352308,303,0.1469436009163121,370,0.19108248703523095,303,0.14694360091631176,370,0.19108248703523134,306
"(115, 167)",0.10535755531105195,217,0.21349246403041708,261,0.10535755531105173,220,0.21349246403041672,266,0.10535755531105195,218,0.21349246403041697,263,0.10535755531105218,218,0.21349246403041697,266,0.10535755531105173,220,0.2134924640304171,267,0.1053575553110514,219,0.21349246403041722,267,0.10535755531105173,220,0.2134924640304168,263,0.1053575553110514,220,0.21349246403041738,264,0.10535755531105173,215,0.21349246403041688,265,0.10535755531105195,219,0.21349246403041702,267,0.10535755531105173,222,0.213492464030417,267,0.10535755531105151,219,0.21349246403041708,268,0.10535755531105107,220,0.21349246403041822,261,0.10535755531105107,222,0.21349246403041747,265,0.10535755531105306,216,0.2134924640304165,264,0.10535755531105107,222,0.21349246403041808,265,0.10535755531105107,220,0.21349246403041763,268,0.10535755531105173,221,0.21349246403041688,265,0.10535755531105173,225,0.21349246403041713,235,0.10535755531105173,219,0.21349246403041697,266,0.10535755531105173,217,0.21349246403041722,267,0.1053575553110514,218,0.2134924640304171,267,0.10535755531105151,219,0.21349246403041705,267,0.10535755531105173,219,0.21349246403041724,273
"(114, 116)",0.056240937590765094,74,0.30765272825543705,145,0.056240937590765316,72,0.30765272825543627,148,0.05624093759076465,69,0.30765272825543866,144,0.05624093759076465,69,0.3076527282554378,144,0.05624093759076498,70,0.3076527282554371,145,0.05624093759076487,71,0.3076527282554379,146,0.05624093759076498,74,0.30765272825543744,148,0.05624093759076498,71,0.3076527282554379,144,0.05624093759076498,69,0.3076527282554369,145,0.05624093759076498,69,0.30765272825543805,144,0.056240937590765094,67,0.30765272825543727,145,0.05624093759076498,69,0.3076527282554375,147,0.05624093759076465,74,0.3076527282554381,145,0.05624093759076554,72,0.307652728255436,147,0.05624093759076465,68,0.3076527282554365,145,0.05624093759076487,68,0.3076527282554377,145,0.05624093759076498,72,0.30765272825543755,146,0.05624093759076487,71,0.3076527282554383,147,0.05624093759076498,101,0.3076527282554378,129,0.05624093759076487,71,0.3076527282554375,144,0.05624093759076498,69,0.30765272825543777,144,0.05624093759076498,68,0.3076527282554372,145,0.05624093759076498,68,0.3076527282554373,143,0.05624093759076498,70,0.30765272825543766,146
"(114, 115)",0.23473195118241386,537,0.1910824870352312,293,0.23473195118241352,539,0.1910824870352309,301,0.2347319511824152,543,0.1910824870352311,303,0.23473195118241486,543,0.19108248703523084,302,0.2347319511824142,542,0.1910824870352309,304,0.23473195118241452,543,0.19108248703523117,304,0.2347319511824142,539,0.19108248703523112,293,0.2347319511824142,542,0.19108248703523134,299,0.23473195118241397,544,0.19108248703523084,304,0.2347319511824144,544,0.19108248703523134,299,0.23473195118241397,545,0.19108248703523115,303,0.2347319511824144,545,0.191082487035231,304,0.2347319511824152,538,0.19108248703523079,296,0.23473195118241263,539,0.19108248703523117,302,0.2347319511824152,544,0.19108248703522984,303,0.23473195118241452,543,0.19108248703523106,301,0.2347319511824142,542,0.1910824870352312,305,0.23473195118241452,542,0.19108248703523137,302,0.2347319511824142,509,0.19108248703523123,267,0.23473195118241486,542,0.1910824870352307,304,0.2347319511824142,544,0.1910824870352312,302,0.2347319511824142,545,0.19108248703523095,302,0.23473195118241452,544,0.19108248703523087,304,0.2347319511824142,544,0.19108248703523126,307
"(116, 101)",0.051385742494092224,69,0.5198699263066829,20,0.05138574249409178,64,0.5198699263066837,20,0.051385742494092,63,0.5198699263066824,20,0.05138574249409178,63,0.5198699263066835,20,0.051385742494092335,62,0.5198699263066815,20,0.051385742494092224,65,0.5198699263066822,20,0.051385742494092224,68,0.5198699263066829,20,0.051385742494092224,65,0.5198699263066827,20,0.051385742494092,63,0.5198699263066822,20,0.051385742494092,61,0.5198699263066828,20,0.051385742494092224,63,0.5198699263066819,20,0.051385742494092,64,0.5198699263066835,20,0.051385742494092335,70,0.5198699263066825,20,0.05138574249409111,64,0.5198699263066848,20,0.05138574249409178,64,0.5198699263066842,20,0.05138574249409156,62,0.5198699263066844,20,0.05138574249409156,64,0.5198699263066857,20,0.051385742494092224,65,0.5198699263066832,20,0.051385742494092,93,0.5198699263066833,16,0.051385742494092,65,0.5198699263066824,20,0.051385742494092,63,0.519869926306683,20,0.051385742494092,62,0.519869926306683,20,0.05138574249409178,63,0.5198699263066835,20,0.051385742494092,64,0.5198699263066833,20
"(116, 114)",0.24793875070796334,545,0.3076527282554379,144,0.24793875070796423,547,0.3076527282554374,147,0.247938750707964,550,0.30765272825543705,145,0.24793875070796423,551,0.3076527282554374,145,0.24793875070796312,551,0.30765272825543744,144,0.24793875070796334,551,0.3076527282554376,147,0.24793875070796356,547,0.30765272825543777,147,0.24793875070796334,550,0.3076527282554378,145,0.24793875070796367,551,0.307652728255437,144,0.24793875070796367,552,0.3076527282554376,145,0.24793875070796334,552,0.3076527282554374,144,0.247938750707964,554,0.3076527282554376,146,0.247938750707963,545,0.3076527282554381,146,0.24793875070796623,547,0.307652728255436,148,0.24793875070796423,549,0.3076527282554378,144,0.247938750707965,552,0.30765272825543694,146,0.24793875070796534,551,0.30765272825543755,147,0.24793875070796356,553,0.3076527282554379,148,0.247938750707964,524,0.3076527282554375,130,0.24793875070796367,550,0.30765272825543727,145,0.24793875070796367,551,0.3076527282554376,145,0.247938750707964,552,0.30765272825543727,144,0.24793875070796434,553,0.30765272825543716,144,0.24793875070796367,555,0.30765272825543766,147
"(117, 129)",0.14285311427089364,357,0.1599601146132515,346,0.14465156888110942,367,0.1599601146132514,356,0.1445278387109079,368,0.15996011461325135,355,0.1442999395777813,360,0.15996011461325135,353,0.14228225838158104,356,0.15996011461325133,352,0.14246091230071012,359,0.15996011461325133,349,0.14240065641123256,353,0.15996011461325133,347,0.1427303174935225,358,0.1599601146132514,352,0.1444507867739343,365,0.15996011461325121,355,0.14382770990853655,365,0.1599601146132513,353,0.14197296385223157,355,0.15996011461325138,353,0.14177874480107855,355,0.1599601146132514,353,0.14428582700109183,360,0.1599601146132515,347,0.14472997247134278,367,0.15996011461325144,357,0.14459007347617037,368,0.1599601146132514,355,0.14424273515594266,360,0.1599601146132515,353,0.14188607395194353,354,0.15996011461325157,354,0.1415587632731632,355,0.15996011461325138,351,0.1409211509970092,345,0.1599601146132515,319,0.1434385708856576,361,0.15996011461325133,351,0.14421150241324665,365,0.1599601146132515,356,0.14370422449541853,367,0.15996011461325133,354,0.14134915427632344,351,0.15996011461325124,352,0.1410483124275056,349,0.15996011461325155,354
"(117, 90)",0.10869998884285348,229,0.1752125099546013,318,0.1072140890895521,227,0.17675381763378728,332,0.10731548539839064,222,0.17664773692484012,331,0.10750256676719416,231,0.17645236291503721,332,0.10917711521335072,232,0.17472353927177275,338,0.10902750785235238,230,0.17487655341822064,334,0.10907793773211316,234,0.17482494391102443,325,0.10880239851598972,228,0.17510731713283936,333,0.10737869066310035,225,0.17658167923695556,333,0.10789153948627161,226,0.17604759578663096,335,0.10943674332339581,231,0.17445866147448486,337,0.1096001780654281,232,0.17429235141544044,337,0.10751416533986846,227,0.17644026514516956,321,0.10714990067930974,227,0.17682104064726736,330,0.10726446907525022,222,0.17670109343487056,332,0.10754959068037684,232,0.17640332588578142,330,0.10950982237537721,234,0.17438425583399444,340,0.10978566894609876,233,0.17410399733735876,336,0.11032558517231283,245,0.17355815336816013,303,0.10821341761767622,227,0.17571411605360426,336,0.10757527605575612,224,0.17637655297767296,332,0.10799354884769896,223,0.17594176622486066,335,0.10996278736719256,235,0.17392454055336015,338,0.11021763670182838,238,0.17366700176581634,339
"(119, 168)",0.15774594985461277,402,0.10776454651724089,454,0.1463342559498999,370,0.1132677640548818,448,0.16797505380688693,423,0.10672025207448049,467,0.1829049211382463,458,0.10290947389354844,480,0.18058987718691077,446,0.10383307473682984,472,0.17381820107122226,429,0.10355620554335074,467,0.15973755998149097,403,0.11097387729889219,439,0.15973164386029048,403,0.10913468567592159,452,0.16507323062848034,416,0.10758521091900533,462,0.17102144209006187,427,0.10482391118299522,466,0.16999002881613712,424,0.10513093104887114,463,0.16922366182833792,422,0.10502541032020138,458,0.15511116525935975,394,0.10851086910641712,449,0.14521586998125702,369,0.11364420830558838,449,0.16743256776017734,422,0.10685434604414244,468,0.18517695607247397,459,0.10274096471449959,481,0.1831865538090114,453,0.10361622383629097,471,0.1763443020388452,443,0.10350974224024348,468,0.15567459784445603,384,0.11009257354354189,398,0.15610015946126787,393,0.11073407798041045,443,0.164628212755358,412,0.10760529583977764,459,0.1739308385354119,434,0.10476213570488062,462,0.17503855751155561,435,0.10494473614919192,461,0.16665829767673024,415,0.10844290144571853,448
"(119, 244)",0.09713166778517468,191,0.12667036722907749,406,0.10584712288995168,222,0.12618139065566464,415,0.090061469615633,172,0.13136573362314924,406,0.08082172220910211,145,0.1351100914598106,400,0.08217800228244032,152,0.13499416255304447,400,0.08630253497458562,167,0.13077759958334598,402,0.09570328000624384,187,0.13163786641366393,395,0.09570748464447687,191,0.12945271249518744,406,0.09200151050169281,182,0.13073136827837287,407,0.088077699911568,168,0.1307741461633538,404,0.0887433955395247,171,0.13056486152157518,403,0.08924194755951009,175,0.1299945275472071,403,0.09906201614584864,197,0.12600425411216615,407,0.10675318618617369,225,0.12591913138901073,416,0.09042036028735534,172,0.13121498211383337,409,0.07951613118324663,143,0.13618236513042,399,0.08065852870576418,147,0.13619950416380452,402,0.08473579347942373,155,0.1321537234860996,399,0.09864525915808597,209,0.1281755536710694,368,0.0983319216574291,201,0.1291767143582371,406,0.09230349749830002,184,0.13049554370747116,407,0.08623194286466829,159,0.1323651989242063,402,0.0855413723838987,161,0.1332334163086227,400,0.0909355933680327,181,0.13270852055589347,398
"(124, 187)",0.122866978154904,284,0.36714341382429916,82,0.12286697815490455,283,0.3671434138242989,82,0.1228669781549041,290,0.3671434138242991,82,0.122866978154904,288,0.36714341382429894,82,0.122866978154904,291,0.3671434138242986,82,0.12286697815490388,287,0.3671434138242988,82,0.122866978154904,282,0.3671434138242988,82,0.122866978154904,285,0.36714341382429916,82,0.12286697815490433,285,0.3671434138242986,82,0.12286697815490388,291,0.367143413824299,82,0.1228669781549041,290,0.3671434138242987,82,0.122866978154904,287,0.36714341382429916,82,0.12286697815490433,284,0.36714341382429855,82,0.122866978154904,286,0.3671434138242989,82,0.12286697815490455,289,0.3671434138242983,82,0.12286697815490433,291,0.36714341382429894,82,0.1228669781549041,287,0.36714341382429905,82,0.1228669781549041,290,0.36714341382429877,83,0.00307514468654424,29,0.367143413824299,73,0.122866978154904,289,0.3671434138242988,82,0.12286697815490388,287,0.3671434138242991,82,0.122866978154904,290,0.3671434138242989,82,0.122866978154904,288,0.36714341382429894,82,0.1228669781549041,287,0.36714341382429894,82
"(124, 92)",0.12715756684464874,307,0.3629666567068912,88,0.12715756684464807,312,0.3629666567068918,89,0.12715756684464852,304,0.3629666567068915,88,0.12715756684464874,303,0.362966656706891,88,0.12715756684464852,301,0.36296665670689077,88,0.12715756684464896,302,0.3629666567068905,88,0.12715756684464874,304,0.36296665670689093,89,0.12715756684464852,306,0.3629666567068914,89,0.1271575668446484,308,0.3629666567068914,88,0.12715756684464896,301,0.3629666567068907,88,0.12715756684464852,299,0.3629666567068911,88,0.12715756684464852,299,0.3629666567068913,88,0.1271575668446484,305,0.3629666567068912,88,0.12715756684464874,309,0.3629666567068908,89,0.12715756684464807,305,0.36296665670689154,88,0.1271575668446484,300,0.36296665670689165,88,0.12715756684464852,305,0.3629666567068914,88,0.12715756684464852,299,0.36296665670689116,90,0.6241074150384217,595,0.062474743118753166,578,0.12715756684464874,303,0.3629666567068909,89,0.12715756684464874,307,0.36296665670689093,89,0.12715756684464874,301,0.3629666567068908,88,0.12715756684464874,299,0.3629666567068908,88,0.12715756684464852,301,0.3629666567068913,88
"(129, 117)",9.999999999998899e-05,5,0.15392976375304762,357,9.999999999998899e-05,5,0.15523134510343378,366,9.999999999998899e-05,5,0.15504947575524838,363,9.999999999998899e-05,5,0.15504839029493572,361,9.999999999998899e-05,5,0.15413383289603277,362,9.999999999998899e-05,5,0.15373953578313299,358,9.999999999998899e-05,5,0.15413996487555576,357,9.999999999998899e-05,5,0.15419844407490496,364,9.999999999998899e-05,5,0.15501715558158513,362,9.999999999998899e-05,5,0.15484177930084816,364,9.999999999998899e-05,5,0.15391988543778734,363,9.999999999998899e-05,5,0.15339658331773418,362,9.999999999998899e-05,5,0.15457228339403067,355,9.999999999998899e-05,5,0.15523680735473316,364,9.999999999998899e-05,5,0.1551157418710927,360,9.999999999998899e-05,5,0.15498007714352924,359,9.999999999998899e-05,5,0.15387343199988246,363,9.999999999998899e-05,5,0.15322509729415043,362,9.999999999998899e-05,4,0.15336233530039062,324,9.999999999998899e-05,5,0.15409449537599443,366,9.999999999998899e-05,5,0.15478024792104203,366,9.999999999998899e-05,5,0.15476419555976964,365,9.999999999998899e-05,5,0.1531785336194007,365,9.999999999998899e-05,5,0.15303025826318373,360
"(146, 79)",9.999999999998899e-05,6,0.2973545015802919,153,9.999999999998899e-05,6,0.29735450158029214,158,9.999999999998899e-05,6,0.2973545015802922,153,9.999999999998899e-05,6,0.29735450158029203,156,9.999999999998899e-05,6,0.29735450158029164,155,9.999999999998899e-05,6,0.2973545015802918,154,9.999999999998899e-05,6,0.29735450158029203,154,9.999999999998899e-05,6,0.2973545015802921,155,9.999999999998899e-05,6,0.2973545015802917,151,9.999999999998899e-05,6,0.2973545015802918,150,9.999999999998899e-05,6,0.29735450158029175,151,9.999999999998899e-05,6,0.29735450158029203,152,9.999999999998899e-05,6,0.2973545015802917,154,9.999999999998899e-05,6,0.2973545015802921,158,9.999999999998899e-05,6,0.29735450158029164,154,9.999999999998899e-05,6,0.2973545015802922,156,9.999999999998899e-05,6,0.2973545015802922,157,9.999999999998899e-05,6,0.29735450158029203,155,9.999999999998899e-05,5,0.297354501580292,134,9.999999999998899e-05,6,0.2973545015802919,155,9.999999999998899e-05,6,0.29735450158029214,151,9.999999999998899e-05,6,0.29735450158029175,153,9.999999999998899e-05,6,0.29735450158029175,152,9.999999999998899e-05,6,0.297354501580292,153
"(166, 149)",0.15629363955214037,398,0.07077739340988959,577,0.147620075946723,374,0.07828211913616691,568,0.1337434785111533,333,0.08581270919715396,531,0.11715055198276558,264,0.09241432698816214,508,0.12729134243252094,302,0.09045216282509562,515,0.11708491371233054,267,0.09704817865911763,490,0.1509324424910803,378,0.07369675665623199,570,0.13382173085614335,335,0.08261900154507171,547,0.13587050070090623,334,0.08443625686175964,534,0.13399048003963143,327,0.0854607611740989,533,0.13147923686266727,315,0.0885199565448283,522,0.11581374208129902,261,0.09859649452384348,487,0.1561849332605859,400,0.07079461703423623,578,0.15286698389356368,391,0.07629105701003262,569,0.1340968661266495,334,0.08631597421137911,531,0.11291269043941476,253,0.09412666776684937,501,0.11964301752656059,273,0.09320146299496654,503,0.11395952722243274,252,0.09808552408677937,486,0.17825673063892444,430,0.062474743118753166,579,0.14235456075950426,359,0.07866120593485514,558,0.14209669248761414,356,0.08203321851272301,552,0.14273959138828296,360,0.08118016834421686,552,0.14826875606743117,377,0.07896097321646915,555,0.14179798259073595,354,0.0826579462326905,545
"(166, 5)",0.09818987146908875,194,0.08263919957811827,541,0.10481739893114983,219,0.08774719770523688,524,0.11664614495762005,260,0.08981571978765947,515,0.1331924674914131,322,0.08854435186229817,520,0.1227363211787269,290,0.09155756010945625,510,0.13326399496181573,319,0.0929501496219186,502,0.1022222783101947,210,0.08391908177669058,525,0.11657474095473908,256,0.08650754820628345,521,0.11472534073126406,255,0.08933416427629304,518,0.11642095381320361,260,0.08956005534731479,518,0.11873720080560113,271,0.09157943957155722,510,0.1346596146092649,325,0.09376391161490864,500,0.09826965071081117,194,0.08261777183807967,541,0.10074384605523501,203,0.08766751348053517,523,0.11632413621403259,257,0.09050531980231907,513,0.13792054966450018,336,0.08805430826772756,521,0.13051454728352496,316,0.09053827347813898,517,0.13673146304493622,337,0.09230650542637066,503,0.08357213169639788,166,0.08042035108823546,508,0.10911653660870146,229,0.08595164727833249,521,0.10933278844347216,234,0.08952292550332384,516,0.10879466000710059,228,0.08887144416789902,518,0.10430271338182617,214,0.08878314087757459,516,0.10958397560822797,233,0.09007251244849906,507
"(149, 137)",0.18685661895840844,472,0.10236030083223377,480,0.18970444827855637,472,0.1046999717821979,477,0.18341432914641564,463,0.1048631761121668,471,0.17093061328166137,428,0.10593567734010217,467,0.17946660808991222,444,0.10508434112148357,468,0.17600136067014682,439,0.10541574195243864,457,0.18441319724078498,460,0.10240753306631835,477,0.18735145262154884,472,0.10293979184678655,482,0.18178253873784223,459,0.10335146022487791,472,0.18280901291953144,461,0.10327007146463328,472,0.1861627905259997,465,0.10330273781232903,471,0.17923346973106735,447,0.10441080781325576,460,0.18587019933409865,468,0.1024559924244156,481,0.1891447407674437,471,0.1046824720032372,477,0.18419233828349468,467,0.10505706320057953,471,0.16937055841254756,423,0.10629775064737686,464,0.17514503406358606,434,0.10593711978231907,464,0.17515483636733575,437,0.10569859027939928,459,0.18784170470659922,448,0.10145686115217996,437,0.18317664704094538,460,0.10227391597859867,480,0.18094198927053073,457,0.10318597890388455,472,0.17918448612825066,451,0.10304999481586148,474,0.17991867190970412,448,0.1030009421201283,473,0.18103503017837252,451,0.10316873368632382,468
"(149, 166)",0.23802615011217765,540,0.0896238978440832,503,0.20500120987700665,506,0.10055047166676202,490,0.21939891365473396,530,0.09539069182969034,496,0.23879813405212846,544,0.08864658102553458,519,0.21651812983873542,523,0.09527939894253998,495,0.21680697155082163,523,0.09461048878937915,495,0.2472169187706088,546,0.08704024188975121,511,0.22508265102703007,532,0.09326925356362827,500,0.22188313833015405,527,0.09300624644920207,504,0.21531821068950951,524,0.09477977734527217,496,0.20260179427371772,509,0.09889096483118787,488,0.2070940043113101,511,0.09695033648014266,490,0.23945342137111125,541,0.08914829785218019,506,0.20588240177465855,507,0.10015228492576995,491,0.21502557634892083,528,0.09685384485131558,494,0.2436049393504962,548,0.08750015223282934,525,0.22882841977606794,535,0.09197773468148679,507,0.22668995346348852,533,0.09227496594238896,504,0.2787809345076322,543,0.08046609254041344,506,0.23685122781948942,544,0.08892891117112889,510,0.22723279806222307,536,0.09138674642794554,507,0.22660829736081822,537,0.0909766567660342,508,0.2209827374736596,531,0.09243683527573274,499,0.2306592510201918,538,0.09060026087707536,505
"(149, 12)",0.0436464027178709,56,0.16716573810261073,336,0.05240815664001952,66,0.16492220587554476,349,0.050025947626909706,60,0.16428332790147696,350,0.04883282876891437,58,0.16134468344737138,349,0.052364397956925046,64,0.16105603131622082,351,0.05358654851739564,70,0.15912370594576633,350,0.04210578791345354,53,0.1675135370452076,338,0.04699735268600369,57,0.16545417556908049,349,0.0498475164097949,59,0.16134254539092696,354,0.05151776830705035,62,0.16036261749161876,352,0.05452623698529302,66,0.15958793468521168,354,0.05561066100831269,68,0.15751456106317543,355,0.04358872839217853,56,0.16692974522085535,338,0.05231303739100979,66,0.1647224392840099,351,0.05111160391649672,62,0.1640678508279388,350,0.04807284134173384,57,0.16180812558212315,350,0.05016369785241026,60,0.16216637489014965,351,0.050800738918748145,63,0.1613065567115093,349,0.03440090923727801,67,0.17499920774388528,300,0.045128078382197456,57,0.1641051362645278,350,0.04855554315932964,60,0.16174235111819305,354,0.04935865717088006,59,0.16012455169008286,352,0.050792502014937346,62,0.15925193626899273,353,0.04754070297674495,57,0.1625764128120095,350
"(205, 150)",0.07166256875284649,106,0.3218384971760363,121,0.07166256875284649,104,0.3218384971760362,122,0.07166256875284627,104,0.321838497176036,122,0.07166256875284627,108,0.32183849717603585,123,0.07166256875284616,107,0.321838497176036,121,0.07166256875284671,109,0.32183849717603574,122,0.07166256875284616,106,0.321838497176036,122,0.07166256875284627,103,0.32183849717603635,121,0.07166256875284649,107,0.3218384971760358,122,0.07166256875284627,104,0.321838497176036,120,0.07166256875284627,105,0.321838497176036,120,0.07166256875284627,105,0.32183849717603624,121,0.07166256875284627,107,0.3218384971760361,121,0.07166256875284627,105,0.32183849717603563,124,0.07166256875284649,105,0.3218384971760361,122,0.07166256875284627,109,0.3218384971760362,122,0.07166256875284649,109,0.32183849717603613,121,0.07166256875284649,108,0.3218384971760359,124,0.07166256875284627,133,0.32183849717603624,106,0.07166256875284649,105,0.3218384971760358,123,0.07166256875284627,106,0.3218384971760364,120,0.07166256875284649,103,0.3218384971760359,121,0.07166256875284627,105,0.32183849717603613,121,0.07166256875284649,105,0.32183849717603624,124
"(205, 53)",0.19982624779790026,502,0.22865705425393973,244,0.19982624779790026,501,0.2286570542539397,248,0.19982624779790048,506,0.2286570542539392,247,0.19982624779790037,499,0.22865705425393923,248,0.19982624779790092,500,0.22865705425393903,250,0.1998262477978997,500,0.2286570542539397,246,0.1998262477979007,503,0.2286570542539391,247,0.19982624779790037,503,0.22865705425393953,247,0.19982624779789981,500,0.22865705425393965,248,0.19982624779790037,504,0.22865705425393928,249,0.19982624779790037,504,0.22865705425393937,249,0.19982624779790037,504,0.22865705425393948,250,0.19982624779790037,502,0.2286570542539394,244,0.19982624779790037,500,0.22865705425393903,250,0.19982624779790004,505,0.22865705425393962,247,0.1998262477979007,499,0.2286570542539393,248,0.19982624779790026,496,0.2286570542539396,250,0.19982624779790004,501,0.22865705425393956,246,0.19982624779790037,473,0.22865705425393956,217,0.19982624779790004,502,0.2286570542539395,247,0.19982624779790037,502,0.2286570542539397,248,0.19982624779790004,503,0.22865705425393953,249,0.19982624779790037,505,0.22865705425393948,249,0.19982624779790026,501,0.2286570542539397,252
"(150, 205)",9.999999999998899e-05,7,0.3218384971760362,122,9.999999999998899e-05,7,0.32183849717603585,123,9.999999999998899e-05,7,0.32183849717603613,121,9.999999999998899e-05,7,0.321838497176036,122,9.999999999998899e-05,7,0.32183849717603596,122,9.999999999998899e-05,7,0.32183849717603646,121,9.999999999998899e-05,7,0.3218384971760359,123,9.999999999998899e-05,7,0.32183849717603624,122,9.999999999998899e-05,7,0.32183849717603613,121,9.999999999998899e-05,7,0.32183849717603585,121,9.999999999998899e-05,7,0.3218384971760359,121,9.999999999998899e-05,7,0.32183849717603624,122,9.999999999998899e-05,7,0.3218384971760359,122,9.999999999998899e-05,7,0.3218384971760359,123,9.999999999998899e-05,7,0.3218384971760362,121,9.999999999998899e-05,7,0.32183849717603624,121,9.999999999998899e-05,7,0.32183849717603613,122,9.999999999998899e-05,7,0.321838497176036,123,9.999999999998899e-05,6,0.3218384971760361,107,9.999999999998899e-05,7,0.3218384971760362,122,9.999999999998899e-05,7,0.32183849717603613,121,9.999999999998899e-05,7,0.32183849717603596,120,9.999999999998899e-05,7,0.321838497176036,122,9.999999999998899e-05,7,0.32183849717603635,123
"(151, 76)",0.16954645681125702,426,0.0831460282961794,532,0.1686530380351947,429,0.08347425044869683,538,0.16573356950250673,418,0.08456317464054333,535,0.16049869648078563,406,0.08658124718614472,529,0.16293741271709772,412,0.08563035506467981,534,0.16385389611651358,412,0.08527789691342647,529,0.1688207055562887,424,0.08341247666608423,532,0.16779699298444806,424,0.08379092451363286,537,0.1654671029572944,419,0.0846638360651374,533,0.16412015676126912,415,0.08517599171768622,534,0.16552672980212746,418,0.08464129243680006,533,0.16507833389046822,412,0.08481108730966519,530,0.16965823179530437,429,0.08310512697272897,534,0.1687625567626203,429,0.08343389117027572,539,0.1655601958980355,418,0.08462864436874017,535,0.15852930333801885,403,0.08736331506719965,527,0.1611085788773725,405,0.08634164675035694,530,0.16418730206349552,413,0.08515032818186885,530,0.16700978401768296,408,0.08408404137759859,477,0.16728039249205084,421,0.08398307303293868,530,0.16621215351779972,418,0.08438292361846884,535,0.16616657529412815,419,0.08440006009845537,534,0.16595117632987944,419,0.08448113058293315,530,0.16591054530388372,413,0.08449643875817263,529
"(151, 34)",0.08903154653158574,171,0.10305991400040798,476,0.08961535420481614,169,0.10305991400040801,482,0.091555616879884,178,0.10305991400040791,479,0.09516422052958295,189,0.10305991400040795,476,0.09346192529652786,185,0.10305991400040791,477,0.09283182525585554,189,0.103059914000408,472,0.08950544022209006,173,0.10305991400040795,472,0.09017907855616725,173,0.10305991400040804,478,0.09173523178817189,179,0.10305991400040788,476,0.09264973733888549,180,0.10305991400040797,474,0.09169500248526707,179,0.10305991400040795,472,0.09199805442406483,183,0.10305991400040798,469,0.08895882979252145,168,0.10305991400040795,474,0.08954354107291584,170,0.103059914000408,483,0.09167243281727044,178,0.1030599140004079,478,0.09656673323343312,192,0.10305991400040797,476,0.0947349700302087,193,0.10305991400040808,477,0.09260388731062075,186,0.10305991400040801,472,0.09070125974292353,188,0.10305991400040801,430,0.0905213448139135,175,0.10305991400040795,474,0.09123409202563937,177,0.10305991400040804,475,0.091264653561,178,0.10305991400040794,470,0.09140925297920344,178,0.10305991400040791,468,0.09143656012823997,183,0.10305991400040802,471
"(160, 204)",0.0785323215418472,133,0.48956744458426016,30,0.07853232154184742,132,0.48956744458426,30,0.07853232154184764,133,0.48956744458426044,30,0.07853232154184764,136,0.48956744458426,30,0.0785323215418472,140,0.4895674445842601,30,0.07853232154184742,136,0.48956744458426055,30,0.07853232154184742,133,0.4895674445842607,30,0.07853232154184742,133,0.48956744458426016,30,0.07853232154184742,134,0.48956744458426044,30,0.07853232154184764,134,0.4895674445842601,30,0.07853232154184742,132,0.4895674445842601,30,0.07853232154184742,134,0.4895674445842607,30,0.07853232154184753,133,0.48956744458426,30,0.07853232154184786,133,0.48956744458426005,30,0.07853232154184753,133,0.4895674445842606,30,0.07853232154184786,138,0.48956744458426005,30,0.07853232154184764,137,0.48956744458426,30,0.07853232154184753,135,0.48956744458425994,30,0.07853232154184742,151,0.4895674445842601,26,0.07853232154184742,133,0.48956744458426027,30,0.07853232154184753,133,0.4895674445842601,30,0.07853232154184742,133,0.4895674445842599,30,0.0785323215418472,130,0.48956744458426016,30,0.07853232154184742,134,0.48956744458426044,30
"(160, 91)",0.18691804714812665,473,0.36667243609916295,84,0.18691804714812654,468,0.36667243609916306,84,0.18691804714812588,473,0.36667243609916433,83,0.186918047148126,469,0.36667243609916383,83,0.18691804714812688,465,0.3666724360991629,84,0.18691804714812654,466,0.36667243609916356,83,0.18691804714812654,471,0.3666724360991636,83,0.18691804714812654,470,0.3666724360991632,84,0.18691804714812643,472,0.3666724360991638,83,0.18691804714812588,471,0.36667243609916417,83,0.18691804714812643,472,0.3666724360991632,83,0.18691804714812654,466,0.36667243609916367,84,0.1869180471481262,472,0.3666724360991637,83,0.18691804714812554,467,0.3666724360991646,83,0.1869180471481262,472,0.3666724360991642,83,0.18691804714812554,467,0.3666724360991646,83,0.18691804714812588,465,0.36667243609916406,83,0.1869180471481262,467,0.3666724360991636,85,0.18691804714812643,446,0.3666724360991632,75,0.18691804714812643,468,0.36667243609916345,84,0.1869180471481262,474,0.3666724360991637,84,0.18691804714812643,473,0.36667243609916317,84,0.18691804714812688,471,0.3666724360991628,84,0.18691804714812654,469,0.3666724360991634,84
"(168, 216)",0.14789276072773672,375,0.1088191255848698,449,0.1336398705311148,331,0.11438778723990582,446,0.14955689053016585,380,0.10813541573761463,463,0.1678460322426264,420,0.10256228384563965,482,0.16364453073989937,415,0.10368617672858431,473,0.16364171203020228,411,0.10254257896827479,478,0.15350693989807418,384,0.11101448761113164,438,0.13436386051749705,336,0.1156661599725131,437,0.14363132700542258,362,0.11110349600147058,447,0.15405150544271695,394,0.10597902974134588,459,0.15276952433873392,389,0.10647287740273406,458,0.16242839407419263,406,0.10375623464708121,462,0.14610980980562727,365,0.10945672982063633,445,0.13199527107282816,328,0.11513803871273354,444,0.14825646734742493,379,0.10882742120608051,461,0.16981183589958393,424,0.10256676657550848,483,0.1676631056634934,419,0.10329185278596799,473,0.16568837224256905,418,0.10233883484485953,479,0.13501585652012538,331,0.12286442603958024,386,0.13940106450747414,349,0.1144036936323933,437,0.14175046718647089,353,0.11188293837428138,444,0.15542297430342655,398,0.10632813149209895,458,0.15616858132509814,398,0.10694855203513971,455,0.1611907447183727,403,0.10627541619469971,456
"(168, 119)",0.10460065211632896,214,0.12213573204954796,420,0.11674077331602617,260,0.11966050160995657,430,0.10329005984990003,210,0.12233496074024243,424,0.09014666968021978,174,0.12617543592296593,411,0.09297531040751639,183,0.1251888010593742,416,0.09297724400741658,190,0.12380647284507369,417,0.10026065451020327,206,0.12795153049379698,403,0.1160816169703589,254,0.12144491233284394,425,0.10805382594454938,227,0.12216048063174978,425,0.09985175713587813,199,0.12245880510432626,424,0.10081768622761866,204,0.12229414291533865,423,0.09381413975347042,189,0.1245887282103153,414,0.1060281750928117,223,0.121804078853636,423,0.11825634991834555,267,0.11943459138241773,431,0.10431243404990398,212,0.12235757492747598,424,0.08885901718876443,173,0.12728058083584534,412,0.09026763323515696,178,0.1269700287306997,414,0.09158605253915253,179,0.1246985389256713,413,0.1154921476696752,259,0.12943058943565075,366,0.11162656068306254,241,0.12319872928198876,421,0.10962399960705049,237,0.12189058150718317,422,0.09883110959727781,197,0.12364845576895063,416,0.09828165829187707,199,0.1248002069609985,413,0.09467732120277783,194,0.12690075165693987,411
"(186, 169)",0.29064762105703434,567,0.06286723213573808,590,0.2862384404223963,566,0.06381853253433946,588,0.27122862327789776,563,0.06715376234419945,587,0.2518766130894905,555,0.07188806329200893,579,0.26261946869204267,561,0.06916061851058453,582,0.2643329813057924,561,0.0688522739356995,579,0.29065157901134386,567,0.06286638684812916,592,0.2855733232755109,566,0.06396373066594234,591,0.2788396125156092,566,0.0652831719853186,589,0.2751281120389729,566,0.06623432426079766,589,0.2775941917275755,568,0.06565722609084956,589,0.2744220825355925,565,0.06646734008900934,587,0.29052776917496703,567,0.0628928357891698,590,0.2868127638643556,566,0.06369351654659877,588,0.2707778563107702,563,0.06725429768231947,587,0.245243041166617,551,0.07368167412364544,578,0.24823530645728098,552,0.07292029394036383,577,0.249732326483739,555,0.07252732202073424,572,0.1250000000000001,296,0.062474743118753166,580,0.28121202801064904,564,0.0648328558387072,590,0.27841669914546685,567,0.06548243902484763,589,0.2690034955524574,564,0.0675853968419998,586,0.2730701309294945,565,0.0667384446416743,587,0.2597464460523594,560,0.06997698040917444,580
"(186, 9)",0.03847653290718278,49,0.12335249944123541,416,0.039639168550470893,50,0.12335249944123544,421,0.04387145736969145,53,0.12325035212705172,421,0.05002606156406775,60,0.12321227055281053,421,0.0465058110429708,55,0.12315879577119476,421,0.04596871424306703,55,0.12335249944123541,421,0.038475504848964004,49,0.1233524994412354,415,0.039817604794688766,51,0.12335249944123548,419,0.0416706658827517,51,0.1230200571732556,421,0.04272938143656346,52,0.12322133147077712,422,0.04202290220694538,52,0.12319430769596192,418,0.04293387548281391,52,0.1233524994412354,417,0.038507676913268396,48,0.12335249944123537,415,0.0394857411759153,49,0.12335249944123543,422,0.04400548641640478,53,0.12324107610329434,421,0.05233909281596416,63,0.12329618878855399,421,0.051281996120885354,63,0.12335249944123551,419,0.050761661351961695,61,0.12335249944123541,419,0.1250000000000001,297,0.062474743118753166,581,0.04100799594087157,52,0.12317340141159186,422,0.041789937098288155,52,0.12321569607458015,420,0.04453718199145551,55,0.1230829597857356,419,0.04332826146094393,53,0.12327558140420132,419,0.047421069795584136,56,0.12335249944123546,421
"(187, 124)",9.999999999998899e-05,8,0.3874359992651266,66,9.999999999998899e-05,8,0.38743599926512623,66,9.999999999998899e-05,8,0.3874359992651259,66,9.999999999998899e-05,8,0.38743599926512606,66,9.999999999998899e-05,8,0.3874359992651257,66,9.999999999998899e-05,8,0.38743599926512656,66,9.999999999998899e-05,8,0.3874359992651264,66,9.999999999998899e-05,8,0.3874359992651263,66,9.999999999998899e-05,8,0.38743599926512634,66,9.999999999998899e-05,8,0.38743599926512634,66,9.999999999998899e-05,8,0.3874359992651262,66,9.999999999998899e-05,8,0.38743599926512656,66,9.999999999998899e-05,8,0.38743599926512584,66,9.999999999998899e-05,8,0.3874359992651258,66,9.999999999998899e-05,8,0.3874359992651266,66,9.999999999998899e-05,8,0.3874359992651268,66,9.999999999998899e-05,8,0.3874359992651271,66,9.999999999998899e-05,8,0.38743599926512634,66,9.999999999998899e-05,7,0.062474743118753166,582,9.999999999998899e-05,8,0.3874359992651263,66,9.999999999998899e-05,8,0.3874359992651263,66,9.999999999998899e-05,8,0.3874359992651263,66,9.999999999998899e-05,8,0.3874359992651263,66,9.999999999998899e-05,8,0.3874359992651267,66
"(194, 110)",0.08756062029866174,164,0.08550297807415141,519,0.0826547170569456,144,0.09130874847308773,510,0.10099873836604478,203,0.09274526496647821,506,0.11298909829622705,252,0.08832231528741026,521,0.11290222366444125,244,0.08719078072557615,526,0.1250875993088708,296,0.07827214473828509,558,0.09672357374418561,189,0.08262280935240829,542,0.09149036597616389,181,0.08836548395512259,516,0.09567429004599359,190,0.09016320015283673,516,0.10119145209719105,206,0.08852483180292857,521,0.10198929087622899,213,0.08706730402249255,525,0.11918012807146805,276,0.07817416239303171,558,0.08725411843545494,163,0.08582403074029378,518,0.08180391542599996,142,0.09105091743785385,511,0.10153734933220848,204,0.09339763230947346,508,0.11801959061200451,265,0.08716757349164714,528,0.12616815489925304,302,0.08455907577668151,536,0.13262628377838626,319,0.07617985876744453,563,0.1057140135112784,227,0.08286742993771429,487,0.0949774331705896,191,0.08907024239558915,509,0.09715213584741178,195,0.08966177627951903,515,0.10939277047056684,229,0.08542597819605614,530,0.11039515974198344,236,0.08223359632080467,548,0.12156197483406384,280,0.0777856059057549,557
"(194, 127)",0.17182907626814548,435,0.06829443234060656,582,0.1797868422847717,454,0.07047184413523314,582,0.15253093503257298,390,0.0808371670229822,554,0.13783327813126678,336,0.08266048155335222,549,0.13793251054111322,340,0.08156099550955388,554,0.12491244159809256,295,0.07830871319712382,557,0.1583112587078952,400,0.07010895093911026,577,0.1658305292329132,416,0.07247467664141831,581,0.1597783588948931,402,0.07599559419850603,572,0.15227756378033963,388,0.07725046096285518,572,0.15123497871786973,382,0.07635237275901849,569,0.13100631942982588,309,0.07574729075170505,567,0.17231051120268048,434,0.06840696072406027,582,0.1812238909805297,456,0.06984530308454968,582,0.15182430151318993,388,0.08167654845305797,553,0.1322503645064993,319,0.08392165346450703,540,0.12383907785408965,291,0.08508589569503172,534,0.11767181859705933,269,0.07927919072751748,556,0.14649957855415952,365,0.07432745542892485,531,0.16076367005430936,405,0.0747383443642538,570,0.15771767381882662,396,0.0762894823909859,572,0.1420252826575228,359,0.07830646401890506,559,0.1408392777977816,350,0.07582132413269183,566,0.12850224462636917,307,0.07635923754957191,564
"(210, 239)",0.08251798971611546,143,0.08273033029954413,540,0.08541373047696843,154,0.08358238291718065,537,0.09292698585977321,182,0.08738754243558274,523,0.09838114614230797,197,0.08825521068023665,523,0.0927556489422523,182,0.08567786643742652,533,0.08974302115195898,175,0.08354703894261269,537,0.08271924755817706,146,0.08276494101098851,541,0.0825652122734919,144,0.08392325410479039,536,0.0852351837877372,155,0.0856541718341781,530,0.08675457336987114,162,0.08513870448907565,535,0.08549272936171715,158,0.084005136215172,539,0.08678254816755715,165,0.08304051848259636,540,0.08264166287834929,149,0.08264816401591167,540,0.08572911127966676,156,0.08364264001916577,538,0.0951571879494767,187,0.08771375218353082,523,0.10054083453698692,206,0.08925890148020696,518,0.09672518560195842,199,0.0863909217827168,529,0.09442282702134996,195,0.08401778547330338,535,0.08163675671312942,162,0.08228219120331015,501,0.0822928969935568,142,0.08391407252661669,531,0.08564808549345293,155,0.08526630855670629,529,0.08659358431119879,162,0.0847844715924329,531,0.08442024491981925,154,0.0838898031560811,535,0.08517299654421495,162,0.08445422281066065,530
"(210, 257)",0.18001660174902367,461,0.06378865596906574,588,0.1752444709317813,446,0.06577727391137247,584,0.16371499917428178,414,0.07235479535873011,579,0.15603319374900748,398,0.07567840715416062,573,0.16396520855293717,416,0.07085951855343539,580,0.1684586006027735,422,0.06772778846353783,582,0.17967855976608926,450,0.06390720868566087,588,0.17993719719260848,453,0.06473031175184003,589,0.17553312036551927,444,0.06732377553015186,585,0.17309952437967446,433,0.06762789537014086,586,0.1751169858020608,439,0.066146389416248,588,0.17305519562467642,430,0.06597397282874923,588,0.1798087594090063,453,0.06378167857612324,588,0.17473635941743848,444,0.06596943201104782,584,0.16050866122718221,407,0.07368550514972592,579,0.15313539269342114,390,0.077578344449411,567,0.15830902011440418,401,0.07330710656829316,576,0.1615542044413003,405,0.07024641120995581,577,0.1815083019619539,436,0.06304281515142018,553,0.18039583297962403,453,0.06459715861499334,591,0.17486668751129542,445,0.06721212919476229,586,0.1733549597441395,431,0.06727176145917163,587,0.17685979783859984,444,0.06556141775141168,590,0.1756338251501779,435,0.06635178721772955,588
"(212, 42)",0.15140503161821317,383,0.09128470223134724,499,0.13806817651841774,347,0.09905298934639614,493,0.14281965111544304,360,0.10025466645768757,489,0.153163478619736,390,0.097353799752979,492,0.14604986752712756,368,0.09524768701287506,496,0.15190098121735385,386,0.09175233347189207,506,0.15830950566610968,399,0.08925828122452668,503,0.1564307127483513,394,0.09272784335970805,503,0.14199996723801178,359,0.09631480545533394,490,0.13550312606171044,330,0.09700340978454998,489,0.13664016536590007,333,0.09450894681622057,495,0.14675482395822792,370,0.09117597193373413,509,0.15292462525277717,387,0.0910312765148741,499,0.13893612636331043,349,0.09858297623576871,493,0.14119002240294376,356,0.10119199293373528,488,0.1544683367801858,395,0.09757222692077644,491,0.15281381418483875,387,0.09417565952488258,500,0.15566299729257993,393,0.09147801157162866,506,0.16053670638897422,398,0.089266419085508,466,0.1586178287421316,401,0.09147982991221959,504,0.1448080083160529,366,0.09510066976332815,493,0.1399515540670213,345,0.09405702732895042,495,0.14733138298971982,372,0.09098931734299699,507,0.1527219210545805,385,0.0875006691502706,517
"(212, 11)",0.10185862245199606,207,0.10417867747063972,468,0.11278359207587907,245,0.10596199888801933,469,0.10872788414970058,230,0.10979610659202829,457,0.10051962117045354,205,0.11202656841634191,448,0.10607659456139884,222,0.10596155043078856,463,0.10147872920540568,210,0.10495721650545868,460,0.0967248359866365,190,0.10518928828315588,459,0.09808938806481249,199,0.1083370050610344,454,0.10941404472707716,231,0.10505855960459631,469,0.115054145594356,255,0.10243994771205252,481,0.11404042078111187,252,0.10037975071497425,483,0.10550891826243358,220,0.10177664722460557,482,0.10070020584826533,204,0.1046340386151772,467,0.11202841319736256,243,0.10591665565277934,469,0.11009749715978923,233,0.10993981526056429,457,0.09954017207370369,199,0.11296396082757981,448,0.10078412168979212,208,0.10819208835472821,458,0.09865381785489657,206,0.10649777796013657,456,0.09513739860993231,198,0.10627451677973461,411,0.0965031459302561,194,0.10795982989661093,449,0.1070860617849273,223,0.10516473212164396,469,0.11115315772009393,239,0.10156480107070334,482,0.10504748782576612,218,0.10184982135951523,480,0.10085377736037215,208,0.10048034342368392,483
"(196, 258)",0.17507870514175394,441,0.18234796837908715,307,0.17639745465953527,449,0.18200325569414008,320,0.18259333801391686,460,0.17948540364714816,326,0.1818816299051792,453,0.18052042319293096,323,0.18223999239831334,449,0.18035816617323447,328,0.18179242973085896,450,0.18106812759417298,323,0.17370603591948464,436,0.1832308827400355,307,0.17999666602524633,454,0.17896553291763534,324,0.18560915456792382,465,0.1773017010734131,332,0.1840464110740594,464,0.17893782329241784,326,0.18332232355802058,458,0.17958075656113154,329,0.18202619716297075,453,0.18078088819912003,327,0.17563462390332063,441,0.18204475004401272,312,0.1757060579219336,446,0.18242100077695447,319,0.18130420158217275,456,0.1805055407611676,324,0.1814552622841037,454,0.180919426255214,324,0.18147704440411094,447,0.1809353033926554,328,0.1826176257420853,453,0.18059746291999484,324,0.17412945378022937,419,0.18625356620138495,275,0.179788831678229,451,0.1799382643956241,329,0.18469997312127617,465,0.17758250683112536,329,0.1834327894813691,459,0.17941077218704654,327,0.18300148718950404,459,0.1798087644621424,328,0.18286795689823054,456,0.17981399152774022,329
"(196, 111)",0.08551646778483624,156,0.23154147002776007,237,0.08470319262407089,151,0.2324216971749249,238,0.08100272270348297,144,0.2353373758398031,231,0.08141794827436888,149,0.23598400678760928,230,0.08120855997667675,149,0.23612924070200075,231,0.08147016589517797,149,0.23661071530374897,228,0.08637289968686046,162,0.2312834074634697,238,0.08252984265976804,143,0.23208863766444143,237,0.07927057909598012,139,0.23543734750298032,232,0.08016266712551001,141,0.23605899197584002,233,0.08057999443490582,141,0.2361869168144246,232,0.08133340246795384,145,0.2364689742805962,233,0.08517250351393246,157,0.2317119326957362,236,0.08512842460893877,154,0.23226238442946956,240,0.08175667314312063,147,0.23538859865942002,231,0.08166789953064191,148,0.2360793110090172,230,0.08165510823196631,151,0.23612180397296625,229,0.0809885967149081,146,0.23681974962720814,229,0.08610763471749205,175,0.23553102545436408,202,0.08265353204289294,145,0.23314384696074655,235,0.0797881608343749,140,0.23491440122941423,234,0.08051616304154563,141,0.23607308859312612,232,0.0807657228743528,140,0.2361674471101953,232,0.08084317010004982,142,0.2360414320680242,234
"(207, 262)",0.1710306683287126,434,0.27806903594004734,176,0.17103066832871217,433,0.2780690359400471,178,0.17103066832871283,430,0.2780690359400467,174,0.17103066832871294,429,0.278069035940047,176,0.17103066832871283,429,0.2780690359400469,176,0.1710306683287135,425,0.2780690359400465,176,0.17103066832871294,430,0.27806903594004695,176,0.17103066832871283,430,0.27806903594004706,177,0.17103066832871283,430,0.2780690359400467,176,0.17103066832871283,428,0.2780690359400469,174,0.1710306683287124,429,0.2780690359400469,176,0.17103066832871305,425,0.27806903594004667,177,0.17103066832871294,433,0.2780690359400472,174,0.17103066832871294,434,0.2780690359400475,178,0.1710306683287135,428,0.2780690359400469,175,0.1710306683287136,428,0.2780690359400469,175,0.1710306683287126,424,0.27806903594004695,176,0.1710306683287126,426,0.2780690359400471,176,0.006174397477946902,37,0.2780690359400468,153,0.17103066832871283,427,0.27806903594004656,176,0.17103066832871294,431,0.2780690359400471,176,0.17103066832871294,426,0.27806903594004684,176,0.17103066832871294,424,0.2780690359400468,174,0.17103066832871294,423,0.27806903594004717,175
"(207, 66)",0.08807177224092233,165,0.34692190054388666,105,0.08807177224092266,164,0.3469219005438857,103,0.08807177224092233,167,0.34692190054388605,105,0.08807177224092211,168,0.34692190054388683,104,0.08807177224092233,168,0.3469219005438864,103,0.088071772240922,172,0.34692190054388666,104,0.08807177224092211,169,0.3469219005438867,104,0.08807177224092233,168,0.3469219005438866,104,0.08807177224092233,171,0.34692190054388616,105,0.08807177224092233,167,0.34692190054388644,105,0.08807177224092255,169,0.3469219005438859,105,0.08807177224092211,171,0.3469219005438865,104,0.08807177224092211,164,0.34692190054388694,104,0.08807177224092233,166,0.3469219005438873,102,0.088071772240922,167,0.34692190054388716,103,0.08807177224092189,170,0.34692190054388755,104,0.08807177224092255,170,0.34692190054388616,106,0.08807177224092255,169,0.3469219005438863,105,0.544426228949804,588,0.062474743118753166,583,0.08807177224092233,167,0.346921900543886,105,0.08807177224092233,166,0.3469219005438868,104,0.08807177224092211,170,0.34692190054388666,104,0.08807177224092211,171,0.34692190054388644,105,0.08807177224092233,172,0.3469219005438869,106
"(204, 191)",0.30235592031124714,573,0.22990320720994303,241,0.3023559203112468,574,0.22990320720994303,245,0.3023559203112468,576,0.22990320720994303,242,0.3023559203112468,577,0.22990320720994303,242,0.3023559203112465,577,0.22990320720994292,243,0.30235592031124714,576,0.22990320720994295,242,0.3023559203112468,571,0.22990320720994298,243,0.3023559203112467,575,0.22990320720994317,243,0.3023559203112468,576,0.2299032072099429,243,0.3023559203112465,575,0.22990320720994312,244,0.30235592031124714,576,0.229903207209943,245,0.3023559203112465,575,0.22990320720994317,245,0.3023559203112475,574,0.2299032072099429,240,0.3023559203112468,573,0.2299032072099431,244,0.30235592031124714,578,0.22990320720994276,243,0.30235592031124714,577,0.22990320720994292,243,0.3023559203112465,577,0.22990320720994334,245,0.3023559203112468,576,0.22990320720994317,241,0.3023559203112468,549,0.2299032072099431,213,0.3023559203112465,575,0.229903207209943,242,0.30235592031124714,576,0.22990320720994298,245,0.30235592031124714,577,0.22990320720994292,245,0.30235592031124714,576,0.22990320720994287,244,0.3023559203112467,577,0.22990320720994323,246
"(204, 160)",0.03555262747194532,44,0.46927485914343303,38,0.03555262747194554,43,0.46927485914343264,38,0.03555262747194554,43,0.46927485914343264,38,0.03555262747194554,43,0.4692748591434327,38,0.03555262747194554,42,0.4692748591434321,38,0.03555262747194532,44,0.469274859143433,38,0.03555262747194554,46,0.46927485914343264,38,0.03555262747194554,43,0.4692748591434328,38,0.03555262747194554,42,0.4692748591434323,38,0.03555262747194554,43,0.4692748591434325,38,0.03555262747194532,42,0.46927485914343325,38,0.03555262747194554,44,0.4692748591434327,38,0.03555262747194532,44,0.4692748591434334,38,0.03555262747194554,44,0.4692748591434328,38,0.03555262747194532,42,0.46927485914343275,38,0.03555262747194532,43,0.46927485914343287,38,0.03555262747194554,42,0.46927485914343287,38,0.03555262747194554,44,0.469274859143433,38,0.03555262747194554,70,0.46927485914343275,34,0.03555262747194554,43,0.46927485914343225,38,0.03555262747194532,42,0.469274859143433,38,0.03555262747194532,42,0.4692748591434328,38,0.03555262747194532,42,0.4692748591434327,38,0.03555262747194554,44,0.46927485914343287,38
"(199, 206)",0.15373388984837777,389,0.28220991708911186,169,0.1590389200025225,404,0.27593960063050776,182,0.15586934101534977,397,0.28197057409799153,168,0.1551261314778064,395,0.2820209734692557,170,0.15653644066326833,399,0.28131698502809493,171,0.15234245830149895,389,0.2842295787228194,169,0.15458721307617207,387,0.28220454913873155,169,0.1574714037776731,397,0.2799646305955795,175,0.1560973920084916,394,0.28331241661509476,168,0.15597743491063643,400,0.28384855326039704,167,0.15628242747689403,400,0.2835630110203152,169,0.1522535342424891,386,0.28576247899392154,165,0.1539737528905698,389,0.2822207509377787,169,0.15923227299658083,405,0.2754606554582835,185,0.15611035268278495,398,0.28104841330583363,169,0.15423139929992558,393,0.2822156208180438,170,0.15538878310001913,394,0.2813469525733984,170,0.15567201934704678,394,0.28123579337150245,169,0.15790638263458368,391,0.28584571674102877,144,0.15645584041649407,395,0.2821661528589823,169,0.1561486950645543,393,0.28356494701488677,169,0.15521131448669756,397,0.28428390554493244,166,0.15420805545161897,391,0.28329485157284234,167,0.15390578024427182,390,0.2845262230427414,168
"(199, 136)",0.10008999206772429,201,0.3256106427289611,120,0.09620138334215911,189,0.32627820544915936,119,0.09850171811315556,196,0.32858123156884633,117,0.09905091780748665,200,0.3275092421338158,117,0.09801196965891412,197,0.32883249941749987,116,0.10114204974816754,208,0.32581094853206516,120,0.09945153252337291,203,0.3269023477285921,119,0.09733062762009825,197,0.32866532938359294,116,0.09833395532469913,199,0.3304935500771098,114,0.09842215607392124,194,0.3309352162743954,114,0.09819809627085552,195,0.33106906777034517,114,0.10120975274155541,207,0.3274313140306324,118,0.09991001197602045,201,0.32598791820201856,120,0.09606321171246568,187,0.32599998037978867,121,0.09832443160078452,193,0.32787217215955017,118,0.0997171364095577,201,0.3263738706702741,118,0.0988563968845717,204,0.32712508227380155,118,0.09864716145162378,205,0.327425562246544,120,0.0970156366140088,204,0.3362412600693385,96,0.09807098168260509,199,0.3297023196227542,115,0.09829626365231114,198,0.3308666498260097,114,0.09898777892469712,198,0.3302677788169002,114,0.09973459266298035,205,0.3275863241464605,118,0.09996097401556747,205,0.328546705063111,118
"(206, 266)",0.08515505639178422,155,0.3565561199412303,95,0.09130632855126564,174,0.3421697891440721,104,0.08740255307019429,165,0.35339019610861944,98,0.08748558149758945,167,0.35215005256258075,98,0.08827394707925151,170,0.35187625661770816,98,0.0845080348347167,157,0.358048862073316,91,0.08559258670194603,156,0.35589068605976054,95,0.08838979426073112,170,0.351059767247905,98,0.08709250043052874,163,0.3560970814478864,96,0.0867991933111365,163,0.35714561354160956,94,0.08710064367763082,165,0.3567461051194996,96,0.08370887182765219,149,0.3612324124627328,90,0.08547612335945365,158,0.3561132533413361,95,0.09114533056661622,175,0.34220006323281715,104,0.08781679433169898,166,0.3516456443846607,98,0.08668591241686485,168,0.3528991232904149,97,0.08758670059187779,168,0.35176901460848803,98,0.08766994775907389,167,0.35131177970067257,99,0.08721845354993296,180,0.3614400942149828,80,0.08754674760573722,166,0.35396304187100064,97,0.08696290625648806,162,0.3566855866434969,95,0.08627465034679105,160,0.35778225192999275,93,0.08593616339412158,164,0.35581265586750704,95,0.08554098955978295,165,0.35863591830956515,91
"(206, 199)",0.17566289334550544,443,0.2800945755469782,174,0.16610445273701657,422,0.28029468583545025,176,0.17207710619571737,433,0.28196043499591195,169,0.1719467558162423,431,0.28113090441230404,171,0.1707164098037841,427,0.2824288486174957,170,0.1767161502941199,442,0.27999453281539355,174,0.1749560408796501,440,0.28042648304706314,173,0.17053672763929906,428,0.2819956829716484,168,0.17256518786107267,434,0.2835160205705208,167,0.1730288279062313,432,0.28377734959102724,168,0.17255234224548943,433,0.28404865824909137,167,0.17803037134493516,446,0.28089618567357855,170,0.17514377222676036,439,0.2803742831872305,173,0.16634463375336517,421,0.28001972742692327,176,0.17142824099896092,429,0.2813651552570636,168,0.17320839677912003,430,0.2801842855418549,174,0.17178820418226404,425,0.2810212693923192,171,0.17165783984091876,427,0.2808159341995725,170,0.1723666630966496,416,0.2880191489435136,142,0.1718508229957647,428,0.2826966868883726,168,0.17276981075014675,435,0.2837315449152079,167,0.17386268090327583,433,0.2832551003022889,168,0.17440398715649696,431,0.2810355382070713,169,0.17503917454038254,431,0.2824880761381436,170
"(215, 145)",0.153732009443744,388,0.15093665239818269,360,0.1516763488615427,388,0.1478269573714392,377,0.14298320970033185,361,0.15767768221502823,359,0.14022213484108237,345,0.1573673296627771,355,0.14235296542774312,357,0.16137285890901518,350,0.14486494786780313,367,0.15780790093274788,354,0.1567002519503382,394,0.15100074237521263,361,0.15589859415677954,392,0.15107393592541338,369,0.1385822717041889,343,0.15617603135367983,358,0.13671543218218396,335,0.1588416241384649,355,0.1368078079278494,335,0.1631181024668011,351,0.13755104286479425,340,0.16016387290341275,352,0.15097989724388683,380,0.15322313644177402,358,0.15304256275912553,393,0.14733325775423947,377,0.1427014513147138,361,0.16156008927185314,351,0.14370784107888457,357,0.15895837036509283,354,0.14514185069698848,365,0.16459567011991272,349,0.14178884388675772,356,0.16400932710218508,345,0.16102522237181738,400,0.14762545842149535,334,0.15363234023504257,387,0.15322526162471387,367,0.14027343726397157,348,0.15510374890791817,363,0.14317274793726353,363,0.15785934765861095,357,0.14173590843789663,355,0.16472672588050108,350,0.1428169621078368,356,0.16098465913308324,353
"(215, 259)",0.1000914046133532,202,0.17414749038710342,324,0.10165057587848425,206,0.16892333449152672,341,0.10859162632958141,229,0.17282230594451917,334,0.11092141225560193,245,0.17015640585511532,340,0.10911787279556606,231,0.17632776481431983,335,0.10703951163312575,223,0.17455614480103637,335,0.09789216938732881,197,0.1766388911177752,322,0.09848017860629366,201,0.17607079876192075,331,0.11233550322952301,244,0.1674986314462701,346,0.11397372586055887,250,0.16877259070595943,343,0.11389193946633946,250,0.1733969520561715,338,0.1132366579273657,247,0.17089269943797367,340,0.10218568870824418,210,0.17451551011124822,323,0.10061098890943865,201,0.16944277776618127,341,0.10882649010547307,229,0.17683382471925052,331,0.10799055950049175,234,0.17484301747084205,333,0.1068134992836357,226,0.18230863701902272,323,0.1095916720284813,232,0.1787132349750258,327,0.09479349819876537,196,0.1761434013103055,297,0.10016631088539651,205,0.17670575497983393,335,0.11087754300657737,242,0.16775143481297966,343,0.10843399750268501,225,0.1731816744465491,339,0.10963626672505766,232,0.17944827341369926,329,0.10873012613651456,230,0.17630357766164473,335
"(250, 267)",0.11113397679321113,239,0.2404387815629956,220,0.11113397679321091,240,0.24043878156299586,224,0.11113397679321113,241,0.24043878156299575,224,0.11113397679321058,246,0.24043878156299564,225,0.11113397679321091,240,0.2404387815629954,224,0.11113397679321058,237,0.24043878156299545,223,0.11113397679321058,241,0.24043878156299572,220,0.11113397679321091,238,0.24043878156299572,226,0.11113397679321091,240,0.2404387815629952,226,0.11113397679321058,237,0.24043878156299578,226,0.11113397679321069,238,0.24043878156299528,227,0.11113397679321091,237,0.24043878156299567,228,0.11113397679321113,239,0.2404387815629954,219,0.11113397679321058,241,0.2404387815629951,225,0.11113397679321058,239,0.24043878156299542,225,0.11113397679321113,248,0.24043878156299572,224,0.11113397679321135,242,0.24043878156299517,224,0.11113397679321113,239,0.24043878156299542,224,0.11113397679321091,249,0.24043878156299553,197,0.11113397679321091,239,0.2404387815629954,223,0.11113397679321113,243,0.24043878156299536,227,0.11113397679321058,238,0.24043878156299556,227,0.11113397679321058,243,0.24043878156299556,225,0.11113397679321046,241,0.24043878156299575,228
"(250, 79)",0.13997392178380064,348,0.22264063226566275,250,0.1399739217838012,354,0.2226406322656625,259,0.13997392178380075,352,0.22264063226566272,255,0.1399739217838013,344,0.2226406322656621,256,0.13997392178380097,345,0.22264063226566216,259,0.1399739217838013,350,0.2226406322656618,255,0.1399739217838013,346,0.22264063226566208,252,0.13997392178380097,351,0.22264063226566244,252,0.13997392178380097,348,0.22264063226566203,256,0.1399739217838012,349,0.22264063226566227,256,0.1399739217838012,347,0.22264063226566191,257,0.13997392178380097,348,0.22264063226566244,258,0.13997392178380075,348,0.22264063226566247,251,0.1399739217838013,351,0.22264063226566155,259,0.1399739217838014,350,0.22264063226566172,256,0.13997392178380075,342,0.22264063226566277,255,0.1399739217838003,342,0.2226406322656627,260,0.13997392178380075,347,0.22264063226566252,253,0.13997392178380097,340,0.22264063226566236,224,0.13997392178380097,351,0.22264063226566214,254,0.13997392178380075,346,0.2226406322656624,257,0.1399739217838013,346,0.22264063226566205,258,0.1399739217838014,344,0.2226406322656619,255,0.13997392178380164,343,0.22264063226566197,259
"(267, 228)",0.07935211485345595,136,0.3190847419479817,127,0.07935211485345584,137,0.31908474194798203,127,0.07935211485345639,137,0.3190847419479814,126,0.07935211485345617,139,0.3190847419479816,126,0.07935211485345595,146,0.31908474194798153,125,0.07935211485345617,140,0.31908474194798137,126,0.07935211485345617,138,0.3190847419479814,128,0.07935211485345595,137,0.3190847419479823,125,0.07935211485345595,140,0.31908474194798153,125,0.07935211485345595,139,0.3190847419479816,125,0.07935211485345617,137,0.319084741947981,126,0.07935211485345617,138,0.3190847419479816,126,0.07935211485345595,137,0.3190847419479815,125,0.0793521148534555,137,0.31908474194798225,127,0.07935211485345639,136,0.319084741947981,126,0.0793521148534555,142,0.3190847419479818,127,0.07935211485345617,145,0.319084741947982,125,0.07935211485345595,140,0.3190847419479818,127,0.07935211485345617,154,0.31908474194798164,112,0.07935211485345584,136,0.3190847419479816,126,0.07935211485345595,138,0.3190847419479819,125,0.07935211485345595,137,0.3190847419479815,125,0.07935211485345595,133,0.3190847419479814,125,0.07935211485345584,139,0.319084741947982,128
"(267, 250)",0.18546546935503605,468,0.2404387815629958,219,0.1854654693550366,464,0.2404387815629956,225,0.18546546935503572,467,0.240438781562996,223,0.18546546935503605,465,0.24043878156299583,224,0.18546546935503605,456,0.2404387815629956,223,0.18546546935503605,460,0.24043878156299553,222,0.18546546935503616,464,0.24043878156299553,221,0.18546546935503638,465,0.24043878156299597,225,0.18546546935503638,464,0.24043878156299547,225,0.18546546935503638,465,0.24043878156299556,227,0.18546546935503594,463,0.24043878156299542,226,0.18546546935503605,461,0.24043878156299575,227,0.18546546935503605,467,0.24043878156299556,218,0.18546546935503727,463,0.2404387815629952,224,0.18546546935503594,468,0.24043878156299553,224,0.18546546935503705,460,0.240438781562995,225,0.18546546935503605,457,0.240438781562996,223,0.18546546935503638,460,0.24043878156299567,223,0.18546546935503605,444,0.2404387815629959,196,0.18546546935503672,463,0.2404387815629952,224,0.18546546935503638,467,0.2404387815629958,226,0.18546546935503638,468,0.24043878156299542,228,0.18546546935503638,467,0.24043878156299534,226,0.1854654693550366,462,0.2404387815629956,229
"(228, 105)",0.05927668622473092,82,0.49927589526148963,26,0.0592766862247307,78,0.49927589526149035,25,0.0592766862247307,76,0.4992758952614896,25,0.05927668622473048,77,0.4992758952614895,25,0.0592766862247307,78,0.49927589526148913,26,0.05927668622473092,77,0.49927589526148974,26,0.0592766862247307,81,0.4992758952614894,26,0.0592766862247307,80,0.49927589526149035,25,0.0592766862247307,76,0.4992758952614893,26,0.0592766862247307,74,0.4992758952614897,25,0.05927668622473092,74,0.49927589526148936,26,0.0592766862247307,76,0.49927589526148985,26,0.0592766862247307,83,0.49927589526148947,25,0.0592766862247307,78,0.4992758952614894,25,0.05927668622473048,75,0.49927589526148924,25,0.05927668622473092,76,0.4992758952614904,25,0.05927668622473092,78,0.4992758952614898,26,0.0592766862247307,78,0.4992758952614899,25,0.0592766862247307,109,0.49927589526148974,21,0.05927668622473048,77,0.49927589526148947,25,0.05927668622473092,78,0.49927589526148974,26,0.0592766862247307,74,0.4992758952614894,25,0.0592766862247307,77,0.49927589526148974,25,0.0592766862247307,78,0.4992758952614899,26
"(228, 267)",0.22708455750056356,529,0.3190847419479821,126,0.22708455750056433,533,0.3190847419479817,128,0.22708455750056433,538,0.3190847419479811,127,0.22708455750056433,534,0.31908474194798103,127,0.227084557500564,536,0.31908474194798137,126,0.22708455750056378,537,0.3190847419479819,125,0.227084557500564,532,0.31908474194798153,127,0.227084557500564,534,0.3190847419479819,126,0.22708455750056433,538,0.31908474194798114,126,0.227084557500564,538,0.31908474194798164,124,0.22708455750056356,540,0.3190847419479819,125,0.227084557500564,539,0.31908474194798164,125,0.227084557500564,528,0.3190847419479813,126,0.227084557500564,534,0.3190847419479815,128,0.22708455750056433,538,0.3190847419479809,127,0.22708455750056378,535,0.31908474194798236,126,0.22708455750056378,534,0.3190847419479819,126,0.22708455750056433,534,0.3190847419479815,128,0.227084557500564,499,0.3190847419479817,111,0.22708455750056444,536,0.3190847419479809,127,0.22708455750056378,535,0.31908474194798186,126,0.227084557500564,538,0.31908474194798137,126,0.22708455750056433,536,0.31908474194798137,126,0.22708455750056422,535,0.31908474194798164,129
"(147, 229)",0.0822666041531992,142,0.12966546961603473,399,0.07435082798150205,115,0.1338634732482294,404,0.07421802865576999,112,0.1320799885144278,403,0.07276609698666059,113,0.1326804582720469,402,0.07223693715486335,109,0.13033649885785512,408,0.06778662125148416,102,0.13162803016396676,399,0.07934227476424038,137,0.1264758835595011,404,0.07454008722550931,115,0.12854617356906317,409,0.07355329140580502,113,0.131944180266434,404,0.07448710450875284,113,0.1319286615079849,401,0.07381934322292949,114,0.1301307342614671,405,0.06900606756366545,102,0.13101119085229404,402,0.08115331614984012,142,0.1310512477609227,399,0.07452246862305412,115,0.13411791001450407,404,0.07393169864186588,113,0.13191460873244684,403,0.0716503775569407,108,0.13276457873247935,403,0.06971600159431779,107,0.13087828168733,409,0.07125387257868288,107,0.12990470241402952,405,0.10541410531423567,226,0.10657744863816224,407,0.07507111146135603,119,0.12739189771284218,408,0.07171875269666139,107,0.13194341693282066,404,0.0746146804025859,114,0.13064822206742283,405,0.076574472678275,125,0.12905641883981755,406,0.07615735087460984,123,0.1277317100013005,409
"(147, 38)",0.1804402104087066,462,0.09979782719004231,485,0.19461179888007685,490,0.09713318656795038,495,0.19486428135580902,497,0.09574058584510624,494,0.19765905505627268,494,0.0950920955902752,494,0.19869353911609022,498,0.09302319318891045,502,0.20775013547800314,509,0.09061830600668269,510,0.18548280075137946,465,0.09529601123652796,488,0.1942528681143152,489,0.09341141965313836,499,0.19613595412052676,494,0.09514921413729945,493,0.19435324421055566,492,0.0958301693584218,490,0.19562540657862892,493,0.0940361528952741,496,0.20520296558216744,507,0.09110515324790017,510,0.18233472193529932,461,0.10005837780314025,484,0.1942862375533052,489,0.09744700790621445,495,0.19541043318116702,498,0.09540853032691873,496,0.19985040213993355,500,0.09431628961309597,500,0.20374336873199494,500,0.09154133618600833,511,0.20063855880941062,502,0.09199330674990025,505,0.1468730327646488,367,0.09542251838582766,450,0.19325135560694573,486,0.09295196449013829,499,0.1997149914201286,501,0.09378392703403422,497,0.19411168998779293,493,0.09499360471503489,494,0.1904597756187285,480,0.09525180011372528,491,0.19122793072628674,483,0.09397641942351495,496
"(229, 147)",0.08555294652755852,157,0.12239463194761288,419,0.1032602831645908,214,0.12216549917398718,426,0.10469603953907192,215,0.11426957022669249,445,0.09811959503317602,196,0.11395091568647117,443,0.10841041971352394,227,0.1076664114490669,458,0.11859691492995161,276,0.10171289971835429,482,0.08562780818219884,157,0.11803727687493311,426,0.11299927415969968,243,0.10772673719157631,459,0.10708773601842503,224,0.11114751304971919,446,0.10179476883986749,209,0.1119343820330328,442,0.10885350866080923,229,0.1073160835050278,457,0.11559720529853212,260,0.10253095696065562,477,0.08823983717730777,167,0.12271273016660915,419,0.10319272496709142,215,0.12250315804562413,426,0.10562381027952894,217,0.11411321226206164,447,0.09787058939979398,195,0.11380640120201951,445,0.11361734182674188,253,0.10535429449356422,467,0.11772032268300259,270,0.10186860840155056,481,0.08760463197361046,182,0.10507575692448057,418,0.11054185142229489,236,0.10608556118147863,463,0.11312704745489488,247,0.10848327621775225,455,0.10722950347155447,222,0.10883858478223425,449,0.10873583757403105,229,0.10627091022342118,457,0.11839728969000574,265,0.10012214167996117,485
"(229, 1)",0.10729402184111259,225,0.11346677152342635,433,0.0839408703296931,146,0.1307911987708416,409,0.08949709971312814,169,0.12045650064927582,427,0.09838991009056863,198,0.11384478177057678,444,0.09349351502321224,186,0.11328014614216414,442,0.09270200632271208,188,0.11090864630660832,441,0.1065600726050191,226,0.10972424795395876,441,0.08263037098115156,145,0.11968565251965776,427,0.0872460739262948,165,0.11907014846857009,431,0.0952608351224018,191,0.11448129284579485,438,0.0943942338235737,192,0.11271854687678805,440,0.09447055947052285,192,0.11004790875625535,444,0.10390666115853675,215,0.11618946740284476,428,0.08474832436440338,151,0.13073102284818733,409,0.0900549970290403,170,0.1204234103819576,427,0.09971797067153576,202,0.11308575443765735,447,0.08868943915370786,173,0.11469844978863172,440,0.09256649684171181,185,0.11082277031928796,442,0.1066925198141796,233,0.09834133094201278,442,0.08462838762972691,151,0.11605749640552333,430,0.08265829345880349,146,0.12056343582459886,426,0.09137860414395593,179,0.11492621465095866,436,0.09246249560387299,186,0.11234078298193295,442,0.09291564891215653,188,0.10902246156677436,447
"(229, 2)",0.23497945911342244,538,0.07924040699139205,554,0.2465130022084132,546,0.08176064646186292,554,0.23122347992969372,539,0.07987119396516487,564,0.22570674260219947,533,0.07899106080581561,563,0.2163277738278082,522,0.07915260482716041,561,0.2012473112325157,502,0.08037415913750794,553,0.23619192885650664,540,0.07620611480323451,563,0.23119262027899823,536,0.07739067434224496,561,0.23161563642517757,540,0.07823254339698281,568,0.22481507236921394,536,0.07875402115493693,564,0.21381528238136238,523,0.07952500236949693,558,0.20261422909081883,506,0.0799617001374711,555,0.23544823906645362,539,0.08013480426072599,553,0.24474927927676549,546,0.08233188852661988,550,0.22830655689778068,539,0.08060588762807333,558,0.22363316907520447,532,0.0792423177128966,560,0.2170466566574717,522,0.07863415123449198,561,0.20284663010765014,503,0.07993692311327673,552,0.23156756445242688,505,0.06913648973242387,543,0.23108096417822488,538,0.07562623627376734,567,0.23090273478254064,539,0.07802389429271521,568,0.2226371060622545,532,0.07841975245946257,558,0.21779292632192004,526,0.077915573174603,558,0.2011554549092709,502,0.07908613872438737,555
"(72, 113)",0.2102435219491292,512,0.3261363950576294,119,0.21024352194912965,516,0.32613639505762887,121,0.21024352194912876,521,0.32613639505762965,120,0.21024352194912943,515,0.3261363950576292,118,0.21024352194912932,515,0.3261363950576293,119,0.21024352194912965,515,0.32613639505762887,119,0.210243521949129,518,0.3261363950576293,121,0.21024352194912965,519,0.32613639505762926,120,0.21024352194912943,515,0.32613639505762937,118,0.21024352194912965,515,0.32613639505762926,119,0.210243521949129,518,0.3261363950576294,118,0.2102435219491292,517,0.3261363950576296,119,0.21024352194912832,511,0.32613639505762926,118,0.2102435219491292,516,0.3261363950576294,119,0.21024352194913065,521,0.3261363950576281,120,0.21024352194912943,512,0.3261363950576293,119,0.21024352194912932,510,0.3261363950576295,119,0.21024352194912965,517,0.3261363950576288,122,0.2102435219491292,488,0.3261363950576293,104,0.2102435219491292,519,0.32613639505762926,121,0.21024352194912932,518,0.32613639505762976,118,0.21024352194912932,518,0.326136395057629,118,0.21024352194912932,517,0.3261363950576292,120,0.21024352194912932,515,0.3261363950576293,120
"(72, 56)",0.06661636979318897,95,0.4783874963969573,35,0.06661636979318886,93,0.4783874963969575,35,0.06661636979318919,90,0.4783874963969571,36,0.06661636979318886,98,0.4783874963969576,36,0.06661636979318897,97,0.47838749639695727,36,0.06661636979318886,96,0.47838749639695755,35,0.06661636979318919,94,0.47838749639695677,36,0.06661636979318886,91,0.478387496396958,35,0.06661636979318897,91,0.4783874963969577,35,0.06661636979318886,95,0.4783874963969579,36,0.06661636979318919,94,0.47838749639695716,36,0.06661636979318897,93,0.47838749639695755,35,0.06661636979318952,96,0.47838749639695544,36,0.06661636979318919,93,0.4783874963969572,35,0.0666163697931883,90,0.47838749639695827,36,0.06661636979318886,99,0.4783874963969579,36,0.06661636979318897,99,0.4783874963969577,36,0.06661636979318886,95,0.4783874963969574,35,0.06661636979318897,122,0.4783874963969571,32,0.06661636979318897,90,0.478387496396957,36,0.06661636979318897,89,0.4783874963969579,35,0.06661636979318897,93,0.47838749639695677,36,0.06661636979318897,94,0.4783874963969574,35,0.06661636979318897,94,0.4783874963969575,36
"(113, 233)",0.15766950177074568,401,0.2775573850775733,179,0.15766950177074512,401,0.2775573850775732,181,0.1576695017707458,400,0.27755738507757327,177,0.15766950177074512,401,0.2775573850775732,178,0.15766950177074524,402,0.2775573850775728,179,0.15766950177074546,400,0.2775573850775729,178,0.15766950177074568,396,0.27755738507757305,179,0.15766950177074524,398,0.2775573850775734,178,0.157669501770745,396,0.2775573850775731,179,0.15766950177074524,401,0.2775573850775733,178,0.15766950177074512,402,0.2775573850775732,179,0.15766950177074512,398,0.27755738507757327,179,0.1576695017707448,405,0.27755738507757316,177,0.1576695017707448,402,0.2775573850775733,180,0.15766950177074512,403,0.27755738507757316,177,0.15766950177074512,401,0.2775573850775735,178,0.157669501770745,400,0.2775573850775739,178,0.15766950177074524,399,0.2775573850775732,179,0.15766950177074524,390,0.27755738507757327,155,0.15766950177074546,399,0.2775573850775731,178,0.15766950177074524,395,0.2775573850775735,179,0.157669501770745,400,0.2775573850775733,178,0.15766950177074512,400,0.27755738507757344,176,0.15766950177074512,398,0.27755738507757355,178
"(113, 72)",0.09718701821565434,192,0.32613639505762987,118,0.0971870182156549,193,0.3261363950576289,120,0.09718701821565434,192,0.3261363950576299,119,0.0971870182156549,194,0.3261363950576288,119,0.09718701821565467,196,0.32613639505762887,120,0.09718701821565445,197,0.32613639505762926,118,0.09718701821565445,194,0.32613639505762954,120,0.09718701821565467,196,0.3261363950576295,119,0.09718701821565501,196,0.3261363950576286,119,0.09718701821565445,193,0.3261363950576294,118,0.0971870182156549,194,0.3261363950576288,119,0.0971870182156549,198,0.3261363950576291,120,0.09718701821565501,191,0.3261363950576285,119,0.09718701821565501,191,0.32613639505762865,120,0.0971870182156549,192,0.32613639505762887,119,0.09718701821565501,194,0.32613639505762915,120,0.09718701821565501,200,0.3261363950576295,120,0.09718701821565467,201,0.3261363950576292,121,0.09718701821565467,205,0.32613639505762926,105,0.09718701821565445,196,0.3261363950576295,120,0.0971870182156549,196,0.32613639505762937,119,0.0971870182156549,194,0.326136395057629,119,0.09718701821565467,197,0.3261363950576293,119,0.09718701821565467,198,0.3261363950576295,119
"(233, 234)",0.17999863339807876,460,0.21402508181610247,259,0.17999863339807876,455,0.2140250818161024,264,0.17999863339807876,455,0.21402508181610236,261,0.17999863339807853,451,0.2140250818161023,264,0.17999863339807853,445,0.21402508181610239,266,0.17999863339807876,448,0.21402508181610239,265,0.17999863339807853,452,0.2140250818161024,260,0.17999863339807853,455,0.21402508181610247,263,0.17999863339807898,457,0.21402508181610228,264,0.17999863339807853,452,0.21402508181610239,264,0.17999863339807853,451,0.2140250818161023,265,0.17999863339807876,450,0.2140250818161024,266,0.17999863339807876,454,0.2140250818161023,260,0.1799986333980783,452,0.2140250818161024,264,0.17999863339807876,453,0.21402508181610228,261,0.1799986333980783,448,0.21402508181610247,264,0.17999863339807876,445,0.21402508181610258,266,0.17999863339807853,449,0.21402508181610247,263,0.17999863339807853,434,0.2140250818161024,233,0.17999863339807853,452,0.2140250818161022,264,0.17999863339807853,454,0.21402508181610258,266,0.17999863339807853,452,0.21402508181610228,266,0.17999863339807853,449,0.21402508181610228,265,0.17999863339807853,448,0.21402508181610252,271
"(233, 113)",0.08252867285315257,144,0.27755738507757344,178,0.08252867285315257,143,0.2775573850775733,180,0.08252867285315246,150,0.27755738507757344,176,0.08252867285315257,152,0.2775573850775731,179,0.08252867285315257,153,0.2775573850775731,178,0.08252867285315257,151,0.27755738507757327,177,0.08252867285315257,144,0.2775573850775732,178,0.08252867285315257,142,0.27755738507757316,179,0.08252867285315246,146,0.27755738507757344,178,0.08252867285315257,147,0.2775573850775731,179,0.08252867285315257,147,0.27755738507757305,180,0.08252867285315257,147,0.2775573850775733,178,0.08252867285315246,148,0.2775573850775733,176,0.08252867285315268,146,0.2775573850775729,181,0.08252867285315257,150,0.2775573850775732,176,0.08252867285315268,152,0.277557385077573,179,0.08252867285315257,152,0.27755738507757355,179,0.08252867285315257,150,0.27755738507757327,178,0.08252867285315257,164,0.27755738507757316,156,0.08252867285315257,144,0.277557385077573,179,0.08252867285315268,145,0.27755738507757327,180,0.08252867285315257,145,0.27755738507757294,179,0.08252867285315257,147,0.2775573850775731,177,0.08252867285315257,150,0.2775573850775733,179
"(234, 233)",9.999999999998899e-05,9,0.2343176672569299,226,9.999999999998899e-05,9,0.2343176672569298,233,9.999999999998899e-05,9,0.23431766725692968,232,9.999999999998899e-05,9,0.23431766725692965,231,9.999999999998899e-05,9,0.23431766725692962,233,9.999999999998899e-05,9,0.23431766725692976,231,9.999999999998899e-05,9,0.23431766725692985,228,9.999999999998899e-05,9,0.2343176672569299,230,9.999999999998899e-05,9,0.23431766725692973,233,9.999999999998899e-05,9,0.2343176672569298,234,9.999999999998899e-05,9,0.2343176672569297,233,9.999999999998899e-05,9,0.23431766725692985,235,9.999999999998899e-05,9,0.2343176672569298,225,9.999999999998899e-05,9,0.2343176672569299,233,9.999999999998899e-05,9,0.2343176672569297,232,9.999999999998899e-05,9,0.23431766725692998,231,9.999999999998899e-05,9,0.23431766725693015,233,9.999999999998899e-05,9,0.23431766725692982,231,9.999999999998899e-05,8,0.23431766725692976,204,9.999999999998899e-05,9,0.23431766725692965,230,9.999999999998899e-05,9,0.23431766725693015,235,9.999999999998899e-05,9,0.23431766725692968,234,9.999999999998899e-05,9,0.23431766725692976,233,9.999999999998899e-05,9,0.23431766725692993,236
"(237, 109)",9.999999999998899e-05,10,0.4493669796916668,49,9.999999999998899e-05,10,0.4493669796916665,49,9.999999999998899e-05,10,0.4493669796916665,49,9.999999999998899e-05,10,0.4493669796916665,49,9.999999999998899e-05,10,0.44936697969166634,49,9.999999999998899e-05,10,0.4493669796916671,49,9.999999999998899e-05,10,0.449366979691667,49,9.999999999998899e-05,10,0.4493669796916672,49,9.999999999998899e-05,10,0.44936697969166634,49,9.999999999998899e-05,10,0.4493669796916669,49,9.999999999998899e-05,10,0.4493669796916671,49,9.999999999998899e-05,10,0.4493669796916668,49,9.999999999998899e-05,10,0.44936697969166606,49,9.999999999998899e-05,10,0.44936697969166667,49,9.999999999998899e-05,10,0.44936697969166683,49,9.999999999998899e-05,10,0.44936697969166717,49,9.999999999998899e-05,10,0.44936697969166695,49,9.999999999998899e-05,10,0.44936697969166706,49,9.999999999998899e-05,9,0.44936697969166667,45,9.999999999998899e-05,10,0.4493669796916665,49,9.999999999998899e-05,10,0.449366979691667,49,9.999999999998899e-05,10,0.44936697969166683,49,9.999999999998899e-05,10,0.44936697969166656,49,9.999999999998899e-05,10,0.4493669796916672,49
"(240, 22)",9.999999999998899e-05,11,0.3340214820438937,111,9.999999999998899e-05,11,0.33402148204389354,113,9.999999999998899e-05,11,0.3340214820438938,111,9.999999999998899e-05,11,0.3340214820438938,111,9.999999999998899e-05,11,0.3340214820438932,111,9.999999999998899e-05,11,0.3340214820438936,112,9.999999999998899e-05,11,0.3340214820438935,112,9.999999999998899e-05,11,0.3340214820438936,112,9.999999999998899e-05,11,0.33402148204389326,111,9.999999999998899e-05,11,0.33402148204389376,111,9.999999999998899e-05,11,0.33402148204389365,111,9.999999999998899e-05,11,0.33402148204389354,112,9.999999999998899e-05,11,0.3340214820438933,112,9.999999999998899e-05,11,0.3340214820438933,112,9.999999999998899e-05,11,0.3340214820438933,111,9.999999999998899e-05,11,0.33402148204389337,111,9.999999999998899e-05,11,0.33402148204389376,112,9.999999999998899e-05,11,0.3340214820438935,113,9.999999999998899e-05,10,0.3340214820438934,99,9.999999999998899e-05,11,0.33402148204389365,111,9.999999999998899e-05,11,0.3340214820438938,111,9.999999999998899e-05,11,0.3340214820438936,111,9.999999999998899e-05,11,0.33402148204389365,111,9.999999999998899e-05,11,0.3340214820438937,112
"(245, 55)",9.999999999998899e-05,12,0.43664075833716026,50,9.999999999998899e-05,12,0.43664075833715993,50,9.999999999998899e-05,12,0.4366407583371601,50,9.999999999998899e-05,12,0.4366407583371598,50,9.999999999998899e-05,12,0.4366407583371602,50,9.999999999998899e-05,12,0.43664075833716004,50,9.999999999998899e-05,12,0.4366407583371604,50,9.999999999998899e-05,12,0.4366407583371601,50,9.999999999998899e-05,12,0.4366407583371598,50,9.999999999998899e-05,12,0.4366407583371598,50,9.999999999998899e-05,12,0.4366407583371599,50,9.999999999998899e-05,12,0.4366407583371601,50,9.999999999998899e-05,12,0.4366407583371598,50,9.999999999998899e-05,12,0.43664075833715965,50,9.999999999998899e-05,12,0.4366407583371597,50,9.999999999998899e-05,12,0.43664075833716026,50,9.999999999998899e-05,12,0.4366407583371601,50,9.999999999998899e-05,12,0.43664075833715993,50,9.999999999998899e-05,11,0.062474743118753166,584,9.999999999998899e-05,12,0.4366407583371602,50,9.999999999998899e-05,12,0.4366407583371603,50,9.999999999998899e-05,12,0.43664075833716,50,9.999999999998899e-05,12,0.4366407583371602,50,9.999999999998899e-05,12,0.4366407583371601,50
"(254, 15)",0.05272799036355402,72,0.13795445567380585,385,0.05272799036355402,67,0.1379544556738059,397,0.05272799036355402,65,0.13795445567380582,396,0.05272799036355402,65,0.1379544556738058,396,0.05272799036355402,66,0.1379544556738057,397,0.05272799036355402,68,0.13795445567380582,392,0.05272799036355402,69,0.1379544556738058,387,0.05282649773573567,66,0.1378171744942343,397,0.05280053684678965,64,0.1378533207902219,397,0.05272799036355402,64,0.13795445567380585,394,0.0527867522107599,64,0.1378725232765822,391,0.052975675677023215,65,0.13760992668474276,392,0.05272799036355402,71,0.1379544556738058,386,0.05272799036355402,67,0.13795445567380585,397,0.0527279903635538,65,0.13795445567380576,397,0.0527279903635538,64,0.1379544556738059,397,0.05272799036355402,65,0.13795445567380596,398,0.05272799036355402,67,0.13795445567380588,393,0.05272799036355402,95,0.13795445567380588,353,0.0530855001775683,67,0.13745784792143698,397,0.05289089853442486,65,0.13772760906668663,397,0.05279413140341771,65,0.13786224296830984,396,0.05283392282988397,64,0.13780684061940837,394,0.05272799036355402,65,0.13795445567380588,392
"(254, 62)",0.24415836124650814,543,0.08276732855958058,536,0.24415836124650814,545,0.08276732855958058,542,0.24415836124650836,547,0.08276732855958051,541,0.24415836124650814,549,0.08276732855958054,544,0.24415836124650814,550,0.08276732855958051,545,0.2441583612465078,548,0.0827673285595806,540,0.24415836124650814,544,0.08276732855958055,538,0.24388496666938408,547,0.08276732855958059,545,0.24395696497156982,548,0.0827673285595805,549,0.24415836124650814,551,0.08276732855958055,546,0.2439952097706115,551,0.08276732855958052,544,0.24347197645896856,551,0.08276732855958054,545,0.24415836124650814,544,0.08276732855958055,537,0.24415836124650814,545,0.08276732855958058,545,0.24415836124650814,547,0.08276732855958048,541,0.24415836124650847,549,0.08276732855958054,544,0.24415836124650814,548,0.08276732855958066,545,0.24415836124650814,551,0.08276732855958058,541,0.24415836124650814,520,0.08276732855958059,496,0.2431687265908241,546,0.08276732855958054,541,0.2437065244104386,549,0.0827673285595806,545,0.2439747352360906,551,0.08276732855958052,543,0.2438643813216942,550,0.0827673285595805,540,0.24415836124650814,552,0.08276732855958059,543
"(259, 215)",0.08259108923976777,146,0.16755794830612414,335,0.08830586692021414,166,0.17632232297911324,333,0.09026652159239446,174,0.17086025160761048,336,0.09972560381834517,202,0.16026785556605402,352,0.09571287957487606,194,0.1634566538392741,349,0.09757093205591272,199,0.15882562829635002,351,0.08269795036671712,145,0.16349522281652662,345,0.0839665536464651,152,0.17103061227834201,340,0.08954915337877922,175,0.16788444400682911,344,0.0945553730262857,190,0.16300253594592926,350,0.09310874963057203,185,0.1662396498596262,349,0.09592838311102947,194,0.16179438948758915,350,0.08118498974730737,143,0.16984780210550862,331,0.08875625161920886,169,0.17544772302088088,332,0.08726216560368893,165,0.1746410390615001,333,0.09912824651693852,198,0.16161276432018362,351,0.09099659458136677,180,0.16601252994141416,348,0.09309605568304247,191,0.16252573347994692,347,0.08174211076223559,163,0.1651801989955814,315,0.08578667966925402,157,0.16839929768709555,346,0.09187475994129468,182,0.16653805399962593,345,0.09376283444885902,190,0.16251734409099933,349,0.09152902728023338,179,0.16679778213953353,348,0.09676503981854279,197,0.1615668233183033,352
"(259, 1)",0.1798937079108094,459,0.12926197107065868,401,0.17066687297699068,431,0.14155354212319352,388,0.16766478539078422,422,0.1389961138793311,392,0.15422007539348048,392,0.13859099533104857,391,0.15972405341048634,405,0.13780636924207637,398,0.15714072835148918,399,0.13549745746407685,395,0.1797142855291709,451,0.1262241483772632,405,0.17760499415091247,447,0.13323681281630623,400,0.16875399389032342,425,0.13591882083392198,399,0.16136475737674472,406,0.13640183160575445,396,0.16345017692015873,411,0.1378064828563451,393,0.15942127790019045,401,0.13659361650131951,393,0.18228040025784153,460,0.1297095203938845,401,0.16997020157433895,431,0.14128296179110977,390,0.17229784529516534,432,0.139207196337602,394,0.15502189618612439,397,0.13923351435044115,392,0.16656697946322796,417,0.13571242511484666,404,0.1634686509963934,409,0.1347165861417522,396,0.18132896825797662,435,0.12665359964902784,372,0.17464385122139658,437,0.13287067124167515,402,0.1652605437045528,415,0.13693753281415952,398,0.16250239488843288,409,0.13529758257715577,399,0.16577307025232246,418,0.13683753020571476,396,0.15825368407287288,399,0.13713250299112595,394
"(258, 63)",0.04568778800063711,59,0.30301416189917696,151,0.05402243197202905,71,0.3030015833254923,155,0.059672991587037316,77,0.29649419555753154,154,0.0628886911167299,84,0.2984891108418608,154,0.06247947057539771,84,0.30080666056929395,153,0.06645775707630497,95,0.3001047399687121,151,0.04926391440263922,64,0.3014953919762107,152,0.05628747941879153,72,0.2878688869342367,164,0.057897338236716056,73,0.2888371910782545,159,0.059662357730102866,75,0.2930975905760705,155,0.06269398223693035,83,0.29544974076530894,153,0.06700820432104981,95,0.29699483384992204,153,0.0446241436050947,58,0.3068376578874546,147,0.05322199472036915,70,0.30475917339483105,150,0.05992912399260153,77,0.29829190395225047,152,0.06421052784643333,87,0.29861185298853193,155,0.06448495306959179,94,0.30031057587216325,155,0.06712129009472467,97,0.2994334071738961,154,0.06730378340461707,124,0.2826813117527962,149,0.06005864209304146,79,0.2870169905444182,164,0.05843899939495345,77,0.28575324672695696,164,0.06423786802037956,84,0.2925245582475604,157,0.06522980262974487,92,0.2922217987927576,157,0.06617256769065316,91,0.2934321271694969,158
"(258, 196)",0.26523753254959936,558,0.16859756997562006,332,0.2406086018289768,541,0.18416166179219792,314,0.2261178025515872,537,0.1901795784925494,307,0.2185248332198123,526,0.19706934742522633,291,0.2194670346732861,528,0.1978837491648381,290,0.21058524892582087,516,0.20432057371272788,284,0.25413368089462307,552,0.17448961142809608,328,0.2346113562498895,541,0.17887472767918808,325,0.23050522196764212,539,0.18224084593903414,321,0.22614365119709579,537,0.18798257124916956,310,0.2189722883772096,530,0.19472834812503845,291,0.2094032211942055,514,0.20314077371052944,283,0.2687153710793764,558,0.16865573775536338,335,0.24279276741505584,542,0.1837561660539173,315,0.2254967179404822,537,0.1917817899134614,301,0.21552717622030304,522,0.1994382445354568,289,0.21491342714453643,516,0.20104914918482228,292,0.20916173050793163,515,0.20500271291203132,282,0.2087729846248526,485,0.19382903074842106,261,0.22518376067342794,535,0.18475112292584447,312,0.2291514644870003,537,0.18121099774247784,323,0.2154658994762907,525,0.19541888133982466,293,0.213262130817663,519,0.19688987496897334,292,0.21120198680650426,519,0.1992971054449881,292
"(262, 263)",0.10127682886743206,205,0.3184842831551593,128,0.10127682886743206,204,0.3184842831551592,129,0.10127682886743195,204,0.3184842831551591,128,0.10127682886743172,208,0.31848428315515925,128,0.10127682886743206,208,0.31848428315515886,127,0.10127682886743217,209,0.31848428315515903,127,0.10127682886743172,208,0.3184842831551592,129,0.10127682886743206,207,0.3184842831551593,128,0.10127682886743172,205,0.318484283155159,128,0.10127682886743195,207,0.3184842831551588,126,0.10127682886743172,210,0.3184842831551592,127,0.10127682886743195,208,0.31848428315515903,127,0.10127682886743195,207,0.3184842831551588,127,0.1012768288674315,206,0.31848428315515925,129,0.10127682886743206,203,0.31848428315515936,128,0.10127682886743139,208,0.3184842831551595,128,0.10127682886743217,211,0.3184842831551593,127,0.10127682886743206,212,0.31848428315515886,129,0.004410406639095976,33,0.31848428315515914,113,0.10127682886743195,207,0.3184842831551588,128,0.10127682886743195,206,0.31848428315515914,128,0.10127682886743217,207,0.3184842831551588,127,0.10127682886743195,207,0.31848428315515886,127,0.10127682886743195,211,0.3184842831551593,130
"(262, 207)",0.15216550674619256,386,0.27806903594004717,177,0.15216550674619256,390,0.2780690359400471,179,0.15216550674619256,389,0.2780690359400469,173,0.15216550674619267,387,0.2780690359400468,177,0.15216550674619256,385,0.2780690359400467,177,0.15216550674619223,387,0.27806903594004734,175,0.1521655067461929,381,0.27806903594004667,177,0.15216550674619256,383,0.27806903594004717,176,0.1521655067461929,388,0.27806903594004645,177,0.1521655067461929,387,0.2780690359400464,175,0.1521655067461929,384,0.27806903594004667,177,0.15216550674619256,385,0.2780690359400468,176,0.15216550674619267,384,0.27806903594004645,175,0.15216550674619322,387,0.27806903594004645,179,0.15216550674619256,389,0.27806903594004717,174,0.15216550674619322,385,0.2780690359400465,176,0.15216550674619223,382,0.2780690359400477,175,0.15216550674619245,383,0.278069035940047,177,0.5842910200701297,591,0.062474743118753166,585,0.15216550674619267,383,0.2780690359400465,177,0.15216550674619256,386,0.27806903594004684,177,0.15216550674619245,386,0.27806903594004706,175,0.15216550674619267,384,0.2780690359400466,175,0.15216550674619267,383,0.278069035940047,176
"(263, 262)",9.999999999998899e-05,13,0.3387768685959865,108,9.999999999998899e-05,13,0.33877686859598644,108,9.999999999998899e-05,13,0.33877686859598644,108,9.999999999998899e-05,13,0.33877686859598655,108,9.999999999998899e-05,13,0.3387768685959864,108,9.999999999998899e-05,13,0.3387768685959862,109,9.999999999998899e-05,13,0.33877686859598655,109,9.999999999998899e-05,13,0.3387768685959869,108,9.999999999998899e-05,13,0.3387768685959866,108,9.999999999998899e-05,13,0.3387768685959864,108,9.999999999998899e-05,13,0.3387768685959865,108,9.999999999998899e-05,13,0.33877686859598666,108,9.999999999998899e-05,13,0.33877686859598677,108,9.999999999998899e-05,13,0.3387768685959865,107,9.999999999998899e-05,13,0.3387768685959867,108,9.999999999998899e-05,13,0.33877686859598655,108,9.999999999998899e-05,13,0.33877686859598666,109,9.999999999998899e-05,13,0.3387768685959867,109,9.999999999998899e-05,12,0.062474743118753166,586,9.999999999998899e-05,13,0.3387768685959864,108,9.999999999998899e-05,13,0.33877686859598666,108,9.999999999998899e-05,13,0.33877686859598616,108,9.999999999998899e-05,13,0.33877686859598627,108,9.999999999998899e-05,13,0.33877686859598666,109
"(266, 31)",0.03609040276644282,46,0.501731713614687,24,0.040652328088992995,52,0.5017317136146873,24,0.04051089752211501,51,0.5017317136146874,24,0.04159153639040314,52,0.5017317136146866,24,0.03645979860089854,43,0.5017317136146878,23,0.03623439516839144,45,0.501731713614687,24,0.035187428713555735,44,0.5017317136146866,24,0.03956564590238709,50,0.501731713614688,23,0.03980835399446958,49,0.5017317136146875,23,0.03870307369534676,48,0.5017317136146869,24,0.03725926142277525,44,0.5017317136146877,23,0.038312184909381264,48,0.5017317136146875,24,0.04084772580390861,54,0.5017317136146878,23,0.040109568089037984,51,0.5017317136146868,24,0.03927316824076743,48,0.501731713614688,23,0.039746906868360576,50,0.5017317136146883,23,0.0361582535626751,43,0.5017317136146886,23,0.03778964864673773,46,0.5017317136146875,24,0.02964950466205374,63,0.5017317136146873,20,0.04173491022513642,53,0.5017317136146869,24,0.03915035078929219,48,0.5017317136146875,24,0.03795402927040914,45,0.5017317136146873,24,0.03662721474049191,43,0.5017317136146874,23,0.03835291791623596,48,0.5017317136146877,23
"(266, 189)",0.37967818887569194,589,0.18201192869372995,310,0.3320436776386042,584,0.2099040151995441,275,0.3429648948149926,585,0.20422059331704534,279,0.3303552663938498,584,0.21185183591036855,271,0.38902249894806484,589,0.178245827550266,331,0.38369416333013273,590,0.1803702066045147,325,0.38380339540591,589,0.17920887273479205,317,0.35217337092313716,584,0.19863297426807486,285,0.35617537377245867,585,0.1969623199977897,292,0.36947921150339,587,0.18946492951607555,303,0.3863552235247151,589,0.18025950049902903,327,0.364864729060548,586,0.19120030149869582,303,0.33333564107093283,582,0.20946684412734407,270,0.33632976464578546,584,0.20709918467403657,279,0.3528600018597732,586,0.19797615646089725,287,0.34421763652162296,584,0.2027391202407941,283,0.3863673982750805,589,0.17910328902205389,330,0.3700577608420257,588,0.18821690221688675,311,0.5089156485981416,585,0.125491792198996,375,0.3315868645304625,584,0.211379493974771,271,0.3636057888833011,586,0.1927001151109737,295,0.37526244442417145,587,0.18599793209611762,312,0.3793180706753235,587,0.18274651175095316,322,0.37054184106547683,587,0.18859709456550708,314
"(266, 206)",0.12663746399101816,301,0.34992385416680677,98,0.1358941063233674,341,0.34912545672330353,100,0.13106111913300833,323,0.35398599803846564,97,0.13428579029356547,327,0.3526167929036199,97,0.12186245230117809,286,0.35592902537463605,95,0.12459687917972329,292,0.35243939497694116,98,0.12742301111222698,305,0.34721691310402975,102,0.1292913312128734,318,0.3540473599793888,97,0.12689775787367186,305,0.3571414296545152,92,0.12400881685740428,293,0.35813098443706237,92,0.12084168075957369,281,0.35873244678626687,91,0.12696936130775238,298,0.35407801043324016,98,0.13475460155665597,336,0.3506978371694302,98,0.1352417382562613,334,0.3487667868999258,100,0.12974063048120688,320,0.3529847005664965,97,0.13245688374562858,320,0.35100455412952375,98,0.12372000187166199,290,0.3532444096017643,97,0.12612254307097803,297,0.35394971676559683,98,0.10050759490309713,213,0.36585263866040335,76,0.13332438696895155,327,0.35391563039006246,98,0.12535252000951314,298,0.35753732230572816,92,0.12352615335983164,293,0.3571492614165743,94,0.12533575035055733,294,0.35244032452452495,98,0.12445837590841147,292,0.3569231267822502,94
"(29, 216)",9.999999999998899e-05,14,0.2639749938968041,191,9.999999999998899e-05,14,0.2639749938968043,191,9.999999999998899e-05,14,0.2639749938968039,194,9.999999999998899e-05,14,0.263974993896804,193,9.999999999998899e-05,14,0.26397499389680373,194,9.999999999998899e-05,14,0.263974993896804,192,9.999999999998899e-05,14,0.26397499389680396,191,9.999999999998899e-05,14,0.26397499389680434,192,9.999999999998899e-05,14,0.26397499389680373,194,9.999999999998899e-05,14,0.2639749938968041,194,9.999999999998899e-05,14,0.2639749938968038,193,9.999999999998899e-05,14,0.26397499389680396,194,9.999999999998899e-05,14,0.2639749938968039,191,9.999999999998899e-05,14,0.263974993896804,192,9.999999999998899e-05,14,0.2639749938968037,194,9.999999999998899e-05,14,0.2639749938968042,193,9.999999999998899e-05,14,0.2639749938968041,194,9.999999999998899e-05,14,0.26397499389680396,193,9.999999999998899e-05,13,0.26397499389680396,165,9.999999999998899e-05,14,0.2639749938968038,191,9.999999999998899e-05,14,0.2639749938968042,194,9.999999999998899e-05,14,0.26397499389680396,194,9.999999999998899e-05,14,0.26397499389680407,191,9.999999999998899e-05,14,0.263974993896804,194
"(101, 103)",0.18748823749418797,475,0.40360806005726657,59,0.1874882374941882,469,0.40360806005726635,59,0.1874882374941882,476,0.40360806005726635,59,0.18748823749418853,470,0.40360806005726574,59,0.18748823749418853,467,0.40360806005726574,59,0.18748823749418853,469,0.4036080600572656,59,0.1874882374941882,473,0.4036080600572664,59,0.1874882374941882,473,0.4036080600572659,59,0.18748823749418797,473,0.4036080600572655,59,0.18748823749418786,472,0.4036080600572665,59,0.18748823749418853,473,0.4036080600572656,59,0.1874882374941882,468,0.40360806005726585,59,0.18748823749418853,474,0.40360806005726485,59,0.18748823749418753,468,0.4036080600572665,59,0.18748823749418853,473,0.4036080600572659,59,0.18748823749418853,469,0.40360806005726535,59,0.1874882374941892,468,0.40360806005726585,59,0.18748823749418841,469,0.40360806005726585,59,0.1874882374941882,447,0.4036080600572665,54,0.18748823749418841,470,0.40360806005726585,59,0.18748823749418841,475,0.4036080600572665,59,0.18748823749418786,474,0.40360806005726607,59,0.18748823749418853,473,0.40360806005726557,59,0.1874882374941882,470,0.4036080600572661,59
"(101, 116)",0.07821322573189426,131,0.5401625117475105,17,0.07821322573189415,131,0.5401625117475106,17,0.07821322573189426,131,0.5401625117475104,17,0.07821322573189415,135,0.5401625117475104,17,0.07821322573189393,138,0.5401625117475107,17,0.07821322573189415,134,0.5401625117475103,17,0.07821322573189426,131,0.5401625117475105,17,0.07821322573189415,131,0.5401625117475101,17,0.07821322573189426,133,0.5401625117475091,17,0.07821322573189438,133,0.5401625117475101,17,0.07821322573189393,131,0.5401625117475104,17,0.07821322573189426,133,0.5401625117475096,17,0.07821322573189393,131,0.5401625117475096,17,0.0782132257318946,131,0.5401625117475092,17,0.07821322573189393,132,0.5401625117475108,17,0.07821322573189393,136,0.5401625117475102,17,0.0782132257318936,136,0.5401625117475121,17,0.07821322573189415,134,0.5401625117475103,17,0.07821322573189426,150,0.5401625117475105,13,0.07821322573189415,131,0.5401625117475101,17,0.07821322573189415,132,0.540162511747511,17,0.07821322573189426,132,0.5401625117475097,17,0.07821322573189393,128,0.5401625117475105,17,0.07821322573189415,133,0.5401625117475104,17
"(103, 102)",0.08446675329657172,152,0.5422291533292508,15,0.08446675329657172,150,0.5422291533292503,15,0.08446675329657172,156,0.54222915332925,16,0.08446675329657172,155,0.54222915332925,15,0.08446675329657194,159,0.5422291533292496,16,0.08446675329657172,156,0.54222915332925,16,0.08446675329657172,150,0.5422291533292506,15,0.08446675329657194,154,0.5422291533292505,15,0.0844667532965716,151,0.5422291533292503,15,0.08446675329657194,151,0.5422291533292505,15,0.08446675329657172,153,0.5422291533292504,15,0.08446675329657172,153,0.5422291533292504,15,0.0844667532965715,153,0.5422291533292503,15,0.0844667532965716,150,0.5422291533292498,15,0.08446675329657227,155,0.5422291533292498,16,0.08446675329657194,157,0.5422291533292513,15,0.08446675329657172,157,0.542229153329251,15,0.0844667532965716,154,0.5422291533292501,15,0.08446675329657172,170,0.5422291533292505,11,0.08446675329657172,150,0.54222915332925,16,0.08446675329657194,150,0.5422291533292501,16,0.08446675329657194,150,0.5422291533292498,16,0.08446675329657172,155,0.5422291533292503,15,0.08446675329657194,154,0.5422291533292505,15
"(103, 101)",0.17678367573085452,448,0.42390064549809364,53,0.1767836757308543,450,0.4239006454980935,53,0.1767836757308543,446,0.42390064549809336,53,0.1767836757308543,445,0.42390064549809314,53,0.17678367573085407,438,0.42390064549809325,53,0.1767836757308543,443,0.42390064549809314,53,0.1767836757308543,448,0.4239006454980936,53,0.17678367573085407,445,0.4239006454980939,53,0.17678367573085463,449,0.42390064549809287,53,0.1767836757308543,449,0.4239006454980938,53,0.1767836757308543,445,0.4239006454980936,53,0.1767836757308543,443,0.42390064549809364,53,0.17678367573085518,447,0.42390064549809214,53,0.17678367573085496,449,0.4239006454980922,53,0.1767836757308534,447,0.42390064549809453,53,0.17678367573085407,441,0.42390064549809453,53,0.1767836757308543,439,0.4239006454980942,53,0.17678367573085463,444,0.42390064549809275,53,0.1767836757308543,425,0.42390064549809364,48,0.17678367573085463,446,0.42390064549809287,53,0.17678367573085396,451,0.4239006454980939,53,0.17678367573085407,446,0.42390064549809336,53,0.1767836757308543,443,0.42390064549809336,53,0.17678367573085407,441,0.42390064549809386,53
"(102, 103)",9.999999999998899e-05,15,0.5422291533292506,16,9.999999999998899e-05,15,0.5422291533292501,16,9.999999999998899e-05,15,0.5422291533292504,15,9.999999999998899e-05,15,0.54222915332925,16,9.999999999998899e-05,15,0.54222915332925,15,9.999999999998899e-05,15,0.5422291533292508,15,9.999999999998899e-05,15,0.5422291533292503,16,9.999999999998899e-05,15,0.5422291533292504,16,9.999999999998899e-05,15,0.5422291533292499,16,9.999999999998899e-05,15,0.5422291533292496,16,9.999999999998899e-05,15,0.5422291533292498,16,9.999999999998899e-05,15,0.5422291533292504,16,9.999999999998899e-05,15,0.54222915332925,16,9.999999999998899e-05,15,0.5422291533292496,16,9.999999999998899e-05,15,0.5422291533292507,15,9.999999999998899e-05,15,0.5422291533292509,16,9.999999999998899e-05,15,0.5422291533292501,16,9.999999999998899e-05,15,0.5422291533292501,16,9.999999999998899e-05,14,0.5422291533292501,12,9.999999999998899e-05,15,0.5422291533292505,15,9.999999999998899e-05,15,0.5422291533292504,15,9.999999999998899e-05,15,0.5422291533292504,15,9.999999999998899e-05,15,0.5422291533292499,16,9.999999999998899e-05,15,0.5422291533292503,16
"(31, 139)",0.19855170331593386,499,0.35829844434000496,91,0.1985517033159333,498,0.3582984443400051,91,0.19855170331593364,501,0.3582984443400052,91,0.19855170331593386,495,0.35829844434000396,91,0.19855170331593297,497,0.358298444340004,91,0.19855170331593297,498,0.35829844434000535,90,0.1985517033159333,500,0.35829844434000474,91,0.19855170331593364,500,0.3582984443400048,90,0.19855170331593364,498,0.3582984443400046,90,0.1985517033159333,499,0.35829844434000485,91,0.19855170331593364,501,0.3582984443400047,92,0.19855170331593364,500,0.3582984443400047,92,0.19855170331593253,497,0.3582984443400051,90,0.19855170331593408,497,0.35829844434000435,91,0.19855170331593253,502,0.3582984443400051,91,0.1985517033159323,496,0.3582984443400052,91,0.19855170331593253,492,0.3582984443400059,91,0.19855170331593297,498,0.3582984443400055,91,0.1985517033159333,472,0.35829844434000474,82,0.1985517033159333,498,0.35829844434000496,90,0.19855170331593364,498,0.3582984443400049,90,0.1985517033159333,500,0.35829844434000485,91,0.1985517033159333,502,0.3582984443400048,91,0.1985517033159333,498,0.35829844434000496,92
"(31, 266)",0.07230922818830932,109,0.5017317136146886,23,0.07230922818830954,107,0.5017317136146877,23,0.07230922818830943,108,0.5017317136146885,23,0.07230922818830932,112,0.5017317136146873,23,0.07230922818830976,110,0.5017317136146857,24,0.07230922818830976,111,0.5017317136146872,23,0.07230922818830954,109,0.5017317136146875,23,0.07230922818830943,105,0.501731713614688,24,0.07230922818830943,109,0.5017317136146875,24,0.07230922818830954,107,0.5017317136146874,23,0.07230922818830943,107,0.5017317136146877,24,0.07230922818830943,108,0.5017317136146879,23,0.07230922818831009,110,0.501731713614686,24,0.0723092281883091,108,0.5017317136146885,23,0.07230922818831009,108,0.501731713614686,24,0.07230922818831009,111,0.5017317136146858,24,0.07230922818830998,114,0.5017317136146874,24,0.07230922818830976,111,0.5017317136146877,23,0.07230922818830954,134,0.5017317136146874,19,0.07230922818830954,108,0.5017317136146877,23,0.07230922818830943,110,0.501731713614688,23,0.07230922818830954,105,0.5017317136146876,23,0.07230922818830954,107,0.5017317136146873,24,0.07230922818830954,108,0.5017317136146877,24
"(44, 40)",9.999999999998899e-05,16,0.9797074145591732,2,9.999999999998899e-05,16,0.9797074145591724,2,9.999999999998899e-05,16,0.9797074145591739,2,9.999999999998899e-05,16,0.9797074145591723,2,9.999999999998899e-05,16,0.979707414559172,2,9.999999999998899e-05,16,0.9797074145591722,2,9.999999999998899e-05,16,0.9797074145591721,2,9.999999999998899e-05,16,0.9797074145591738,2,9.999999999998899e-05,16,0.9797074145591723,2,9.999999999998899e-05,16,0.9797074145591718,2,9.999999999998899e-05,16,0.9797074145591719,2,9.999999999998899e-05,16,0.979707414559173,2,9.999999999998899e-05,16,0.9797074145591733,2,9.999999999998899e-05,16,0.9797074145591714,2,9.999999999998899e-05,16,0.9797074145591735,2,9.999999999998899e-05,16,0.9797074145591738,2,9.999999999998899e-05,16,0.9797074145591733,2,9.999999999998899e-05,16,0.9797074145591727,2,9.999999999998899e-05,15,0.062474743118753166,587,9.999999999998899e-05,16,0.9797074145591722,2,9.999999999998899e-05,16,0.9797074145591727,2,9.999999999998899e-05,16,0.9797074145591722,2,9.999999999998899e-05,16,0.9797074145591727,2,9.999999999998899e-05,16,0.9797074145591737,2
"(189, 45)",0.13743231843589887,341,0.1869007817070887,299,0.09913339359421802,198,0.235190812186271,229,0.12960452622837093,319,0.19044404758178235,306,0.15953304697297344,404,0.17489884086998628,333,0.1869554898458995,466,0.15290251306254793,366,0.1713876004846442,426,0.1653827655522493,346,0.12504592258680813,294,0.19960815882965752,281,0.10162643332702426,208,0.21616970788938253,259,0.12833364138669745,315,0.1924959634798245,298,0.13019650426138218,312,0.17566463274281888,336,0.15229695821171652,385,0.16875635046190945,345,0.09957679698918431,203,0.19040457366935157,307,0.09839652824135325,195,0.22811465491107968,245,0.10017091685133517,199,0.22887043117438446,245,0.13271220620583946,330,0.1809967101004934,323,0.1613139629193694,407,0.17029384776051,339,0.19668747688691535,489,0.1494259649599091,372,0.17175554202947763,428,0.15418516948482258,358,0.2571560323396471,533,0.12345911547682648,379,0.12876589307462172,312,0.2102264463344473,276,0.12201139534151717,283,0.18743299618371217,310,0.13200728695826003,319,0.17386632286382056,338,0.14524902678968488,366,0.16759623798288728,346,0.17789381518325786,444,0.1706939964970217,341
"(189, 266)",0.1133410050644853,249,0.199302030022713,279,0.15501496176130902,397,0.202629405628509,284,0.12050584429382316,271,0.19512133383823266,292,0.09584876096506068,192,0.20727248307912854,279,0.07851132098128932,139,0.20418160001090327,285,0.0878428178824453,171,0.20665597343129544,279,0.1249540886578191,293,0.19965704695282066,280,0.15170787854835388,380,0.1891447763892063,305,0.12172459492546106,278,0.19591860815908874,293,0.11994363991632029,276,0.1805337341791448,325,0.10117668451402617,209,0.19340322867237467,293,0.1544192567569036,392,0.16449887841325303,347,0.15601227622339864,399,0.19562612579119718,285,0.15362621463075654,395,0.19846402466691584,289,0.11759251788254477,262,0.18844346190485825,310,0.094590949921314,187,0.20345720914998505,282,0.07326712235027444,117,0.20767390409260336,281,0.08760754886104116,166,0.19297409480287767,296,0.0482624337484201,85,0.21563487122554098,228,0.12130825714941662,279,0.21444907440163513,263,0.12803701333843098,311,0.18444533147151665,315,0.11824518369450199,267,0.18036556128151177,326,0.10672618304891146,221,0.18572841408581323,313,0.08379149149871723,152,0.2193841374980996,263
"(45, 88)",0.10608830858024654,220,0.16578148578692406,338,0.12318748200364749,286,0.17989299805569392,325,0.16836199827101517,424,0.1689881455499502,339,0.2010833761340125,500,0.15088543189382256,367,0.23866367047627857,547,0.12678208917130532,413,0.2529880500181706,556,0.129461732425642,405,0.15464896567375042,388,0.15499859632526708,353,0.12535262392546098,297,0.1710688745346683,339,0.1371708268760432,337,0.17139971003955315,337,0.15463689115024226,396,0.15316126703111188,366,0.1772239171434482,447,0.1452646992849965,376,0.14328450555204508,362,0.15899332201429017,354,0.08092966334567486,141,0.1956461197191724,284,0.12410755050274225,292,0.17584707834088475,331,0.1648988773636565,415,0.1601500702011311,354,0.2025256167741427,502,0.1464785235645916,379,0.24887401498887296,553,0.126069819086755,415,0.2363552996416477,543,0.1200940390825773,425,0.25739874563492926,534,0.12335249944123543,381,0.12872578871904183,311,0.19629380781317632,293,0.13316096152130275,326,0.16682502996474088,344,0.15907529799597542,403,0.15047610776622863,371,0.17318559462458616,425,0.1479399111435262,373,0.23596094954742886,545,0.15538804115653002,358
"(45, 189)",0.14603537102259612,369,0.14902959340391225,366,0.12683021034446562,309,0.17815398785941008,329,0.08980653153448126,171,0.20836988696528325,274,0.07103119792425883,107,0.2134468025517934,267,0.05474606088845935,68,0.2071106271655912,279,0.04964921977232428,59,0.22277713145232678,253,0.09940552568692196,202,0.17960010916911756,316,0.12464803799592583,293,0.17139059727371797,338,0.11357126903362802,252,0.18253290917597179,320,0.09941451935259715,197,0.17746118669473493,332,0.08419819886245361,151,0.18616581364179957,313,0.10834119131036757,227,0.17452089216929806,334,0.1827190074346543,463,0.14913488409471,364,0.1258967176397907,303,0.17501009044036908,333,0.09211968246184643,180,0.19445340647085874,291,0.07031463970459484,107,0.20841006532762638,277,0.05105930555320182,62,0.213753226909307,267,0.05561845917227659,70,0.19452268194915348,295,0.0481829411444723,84,0.21563487122554098,229,0.1213468057820517,280,0.20019459012156718,287,0.11717947915369975,263,0.17408833215736433,335,0.09617536866672127,192,0.17795649542638403,328,0.08670028733355162,168,0.18631554717522905,312,0.05576898722098611,69,0.2513236650775536,214
"(139, 58)",0.10289040932981186,210,0.42934818526700763,52,0.10289040932981197,212,0.4293481852670074,52,0.10289040932981153,208,0.4293481852670074,52,0.1028904093298122,212,0.4293481852670072,52,0.10289040932981186,212,0.42934818526700697,52,0.10289040932981153,215,0.42934818526700785,52,0.10289040932981186,212,0.4293481852670077,52,0.10289040932981186,213,0.4293481852670077,52,0.10289040932981197,211,0.42934818526700713,52,0.10289040932981153,212,0.4293481852670078,52,0.1028904093298122,216,0.42934818526700685,52,0.10289040932981186,213,0.4293481852670078,52,0.10289040932981153,213,0.4293481852670076,52,0.1028904093298122,212,0.42934818526700713,52,0.10289040932981186,207,0.42934818526700674,52,0.10289040932981153,214,0.4293481852670073,52,0.1028904093298122,215,0.4293481852670073,52,0.10289040932981175,216,0.4293481852670077,52,0.10289040932981197,218,0.4293481852670072,47,0.10289040932981186,213,0.4293481852670077,52,0.10289040932981186,210,0.4293481852670079,52,0.10289040932981197,213,0.42934818526700713,52,0.10289040932981197,211,0.4293481852670072,52,0.10289040932981186,213,0.4293481852670077,52
"(139, 31)",0.15006963652148586,379,0.37859102978083253,71,0.15006963652148586,383,0.3785910297808326,71,0.15006963652148642,382,0.37859102978083164,71,0.15006963652148575,378,0.37859102978083264,71,0.15006963652148586,380,0.378591029780832,71,0.15006963652148642,379,0.378591029780832,71,0.15006963652148597,376,0.37859102978083226,71,0.15006963652148597,376,0.3785910297808324,71,0.15006963652148586,379,0.37859102978083214,71,0.15006963652148653,381,0.3785910297808318,71,0.15006963652148575,377,0.3785910297808324,71,0.15006963652148597,378,0.3785910297808325,71,0.15006963652148653,376,0.3785910297808317,71,0.15006963652148575,380,0.3785910297808327,71,0.15006963652148597,382,0.3785910297808316,71,0.15006963652148653,377,0.3785910297808314,71,0.15006963652148586,380,0.3785910297808326,71,0.1500696365214862,379,0.37859102978083203,71,0.15006963652148586,374,0.37859102978083226,64,0.15006963652148597,375,0.3785910297808324,71,0.1500696365214862,380,0.37859102978083237,71,0.15006963652148586,379,0.37859102978083226,71,0.15006963652148586,379,0.3785910297808323,71,0.15006963652148597,380,0.37859102978083226,71
"(58, 223)",0.056680716488954896,76,0.6558323155172646,9,0.05668071648895501,74,0.6558323155172651,9,0.05668071648895501,71,0.6558323155172652,8,0.056680716488954896,71,0.6558323155172642,9,0.056680716488954896,73,0.6558323155172647,8,0.056680716488954896,73,0.6558323155172642,8,0.05668071648895501,76,0.6558323155172647,9,0.056680716488954896,74,0.6558323155172653,8,0.056680716488954674,71,0.6558323155172644,8,0.056680716488954674,71,0.655832315517265,8,0.056680716488954896,69,0.6558323155172646,8,0.056680716488954896,71,0.655832315517265,8,0.05668071648895501,76,0.6558323155172641,9,0.05668071648895445,74,0.6558323155172643,9,0.056680716488954896,71,0.6558323155172641,9,0.05668071648895501,71,0.6558323155172657,8,0.056680716488954896,74,0.655832315517265,9,0.056680716488954896,73,0.6558323155172646,9,0.056680716488954896,103,0.6558323155172647,5,0.05668071648895501,73,0.6558323155172646,8,0.05668071648895501,71,0.6558323155172653,9,0.056680716488954674,70,0.6558323155172651,8,0.05668071648895501,70,0.6558323155172644,8,0.056680716488954674,72,0.6558323155172652,9
"(58, 139)",0.2335967204372047,535,0.4090555998261798,57,0.23359672043720447,537,0.40905559982618056,57,0.23359672043720447,541,0.4090555998261807,57,0.23359672043720492,540,0.4090555998261793,57,0.23359672043720492,540,0.40905559982617956,57,0.2335967204372047,540,0.4090555998261797,57,0.23359672043720447,537,0.4090555998261803,57,0.23359672043720492,539,0.4090555998261799,57,0.23359672043720492,542,0.4090555998261793,57,0.23359672043720514,542,0.40905559982617956,57,0.2335967204372047,543,0.40905559982617984,57,0.2335967204372047,543,0.4090555998261801,57,0.23359672043720447,536,0.40905559982618,57,0.23359672043720558,537,0.4090555998261783,57,0.2335967204372047,541,0.4090555998261796,57,0.2335967204372047,541,0.4090555998261807,57,0.2335967204372047,539,0.4090555998261803,57,0.2335967204372047,539,0.4090555998261798,57,0.2335967204372048,507,0.4090555998261798,52,0.2335967204372047,540,0.4090555998261801,57,0.2335967204372047,542,0.4090555998261805,57,0.23359672043720536,543,0.40905559982617923,57,0.23359672043720414,542,0.40905559982618045,57,0.23359672043720492,542,0.40905559982617984,57
"(223, 74)",0.16535966060948648,418,0.5390256639801213,19,0.16535966060948648,420,0.5390256639801213,18,0.16535966060948637,417,0.5390256639801214,18,0.16535966060948648,414,0.5390256639801206,19,0.16535966060948648,418,0.5390256639801206,19,0.16535966060948637,416,0.5390256639801208,19,0.16535966060948648,417,0.539025663980121,19,0.16535966060948626,414,0.5390256639801214,18,0.16535966060948648,418,0.5390256639801205,19,0.16535966060948648,419,0.5390256639801205,19,0.16535966060948648,417,0.539025663980121,18,0.16535966060948637,413,0.5390256639801214,18,0.16535966060948704,418,0.5390256639801206,18,0.16535966060948692,417,0.539025663980121,18,0.1653596606094867,417,0.539025663980121,18,0.16535966060948626,414,0.5390256639801219,18,0.16535966060948648,412,0.5390256639801217,18,0.16535966060948637,417,0.5390256639801213,18,0.1653596606094867,406,0.539025663980121,14,0.16535966060948648,418,0.5390256639801209,18,0.16535966060948648,416,0.5390256639801215,19,0.16535966060948648,416,0.5390256639801209,18,0.16535966060948648,416,0.5390256639801209,18,0.16535966060948692,412,0.5390256639801212,18
"(223, 58)",0.09180777558640174,181,0.6558323155172654,8,0.09180777558640185,177,0.6558323155172653,8,0.09180777558640196,179,0.6558323155172646,9,0.09180777558640174,181,0.6558323155172646,8,0.09180777558640185,179,0.6558323155172641,9,0.09180777558640185,184,0.6558323155172642,9,0.09180777558640185,179,0.6558323155172648,8,0.09180777558640196,183,0.6558323155172643,9,0.09180777558640185,180,0.6558323155172643,9,0.09180777558640174,178,0.6558323155172645,9,0.09180777558640185,180,0.6558323155172646,9,0.09180777558640185,182,0.655832315517265,9,0.09180777558640152,182,0.6558323155172655,8,0.09180777558640174,178,0.6558323155172655,8,0.09180777558640174,179,0.6558323155172653,8,0.09180777558640218,181,0.6558323155172646,9,0.09180777558640174,187,0.655832315517266,8,0.09180777558640185,180,0.6558323155172648,8,0.09180777558640185,190,0.6558323155172651,4,0.09180777558640185,179,0.6558323155172644,9,0.09180777558640174,181,0.6558323155172657,8,0.09180777558640174,182,0.655832315517265,9,0.09180777558640185,182,0.6558323155172644,9,0.09180777558640174,184,0.6558323155172656,8
"(74, 223)",9.999999999998899e-05,17,0.5390256639801215,18,9.999999999998899e-05,17,0.5390256639801213,19,9.999999999998899e-05,17,0.5390256639801213,19,9.999999999998899e-05,17,0.5390256639801209,18,9.999999999998899e-05,17,0.5390256639801211,18,9.999999999998899e-05,17,0.5390256639801212,18,9.999999999998899e-05,17,0.5390256639801212,18,9.999999999998899e-05,17,0.5390256639801211,19,9.999999999998899e-05,17,0.5390256639801209,18,9.999999999998899e-05,17,0.5390256639801213,18,9.999999999998899e-05,17,0.5390256639801205,19,9.999999999998899e-05,17,0.5390256639801211,19,9.999999999998899e-05,17,0.5390256639801206,19,9.999999999998899e-05,17,0.539025663980121,19,9.999999999998899e-05,17,0.5390256639801205,19,9.999999999998899e-05,17,0.5390256639801215,19,9.999999999998899e-05,17,0.5390256639801216,19,9.999999999998899e-05,17,0.5390256639801211,19,9.999999999998899e-05,16,0.539025663980121,15,9.999999999998899e-05,17,0.5390256639801206,19,9.999999999998899e-05,17,0.5390256639801219,18,9.999999999998899e-05,17,0.5390256639801205,19,9.999999999998899e-05,17,0.5390256639801205,19,9.999999999998899e-05,17,0.5390256639801212,19
"(77, 93)",0.1101927751913081,235,0.11333106839713293,434,0.12091200296030025,273,0.11229836340916417,451,0.16168669272852665,408,0.0967751793878852,493,0.19200819384154033,480,0.08877726248285166,518,0.20783270767390793,508,0.0902227923525136,516,0.21080197896163866,517,0.08917246889019546,515,0.1488589140673806,372,0.09404078621917174,493,0.138134880009126,348,0.10109410958781762,485,0.16674571448558417,421,0.09516172113116962,492,0.19438748965410457,493,0.09141207333216099,510,0.18839102431087518,475,0.090831702299748,513,0.192063132216435,481,0.08983871027244533,517,0.11417510478581416,250,0.11146818844566714,440,0.11772248874984459,265,0.11519199146578392,443,0.161812265661039,410,0.09710131665995032,493,0.20773455969692056,506,0.0880352370961504,522,0.21914847138046512,526,0.09054501861835842,516,0.1866355426020816,466,0.08983569564821654,514,0.14578452221080818,362,0.0951910931047008,452,0.1365380189666351,342,0.10158639998918995,483,0.16183122333124045,403,0.09710849254032043,488,0.18786271638921082,476,0.09117743528574623,506,0.195802155031495,496,0.09020086327067504,510,0.2016956848901429,506,0.09295638229092072,499
"(77, 14)",0.14107762145764702,352,0.10437119283530805,467,0.12917911654876102,321,0.1098497641659547,460,0.09433026716669946,187,0.11581684306790478,440,0.0757363435388041,125,0.12105244300217849,426,0.0677474986387403,103,0.1310961108049846,407,0.06635738107632205,94,0.13108689391867423,401,0.10383722401836937,215,0.10603685633703064,455,0.1127253229211691,242,0.10818153523604059,456,0.09087724472478609,177,0.11650077062544163,440,0.07446903824387507,112,0.1258638701003761,413,0.07771108150162831,129,0.12201967716495239,425,0.07570680191943446,123,0.12252739794746816,422,0.13648834480529282,340,0.10502907977711778,463,0.13257142222686968,330,0.11071984258889175,457,0.0942426410351177,184,0.116273242129492,441,0.06779400388939738,104,0.1278681440127024,411,0.0626174997476453,86,0.13747133073448103,400,0.07869098176956268,136,0.11980420597598053,426,0.10629126865118455,228,0.10576312058343311,414,0.11413101487824706,248,0.10784140635724317,451,0.09422942082467167,191,0.11629181378734514,437,0.0780044776790948,131,0.12221590462256286,422,0.07372711287234646,113,0.12491294300683445,412,0.07072597132282843,104,0.1318211538604322,400
"(88, 45)",0.19050959682225055,480,0.12624051180848106,407,0.17516363067027407,445,0.158897584954761,358,0.18349596873115304,464,0.16096727339227634,354,0.16542875158685422,415,0.1709398181015447,338,0.13227801179724508,318,0.18723331485358993,315,0.11202715482036707,241,0.19406574818828118,296,0.13460831615893387,330,0.16932177199846138,333,0.1728780437730476,434,0.1542079591074244,363,0.18646732127097998,469,0.15303325422182357,366,0.1761223885389126,445,0.15748413303464234,356,0.16654406980420278,421,0.16935762702446053,341,0.17153003847422432,426,0.16161767581836975,351,0.22112497301610445,523,0.12558396651948694,409,0.1806340701302337,455,0.1532084816797741,368,0.188655768731524,479,0.15288332656315576,367,0.17639639152798492,440,0.16386257626846543,347,0.13116987321437257,317,0.19647351719416822,296,0.14840564332186656,376,0.1609132069833389,350,0.05291615176055675,96,0.20521041038703908,246,0.15738275684076475,397,0.17959465604597663,330,0.18130429638598433,458,0.15125984699174888,372,0.17346289711159502,432,0.15559324759853427,361,0.15901069216643737,403,0.17053530588093965,340,0.1201444829436118,271,0.22158006326826493,261
"(88, 93)",0.0765473387788751,125,0.17107806664961753,325,0.08546381477743537,155,0.20183873606754785,285,0.08047968234896752,141,0.21186099729751964,268,0.0917611181860889,180,0.20804662226546713,278,0.11799396766742487,267,0.19450274917208116,295,0.138937578938352,345,0.18062731133331392,324,0.11586014719949556,254,0.17800221643686132,318,0.08689445218913061,164,0.19394982233447958,291,0.07878563585918319,136,0.2039409208966408,279,0.08487206411913539,154,0.20087230880480983,286,0.09101190617452948,176,0.20714847836420452,278,0.08775165042749533,169,0.2020771248911876,284,0.0617665124429565,88,0.19211551242850705,292,0.0821518618419772,144,0.19922487412353374,288,0.07756453837119892,128,0.20560282758414805,277,0.08470384454356927,158,0.20925473951096454,275,0.11902670126928638,271,0.20293981190017382,289,0.10419450942474029,219,0.1810479246704402,323,0.24363661584814644,519,0.12335249944123543,382,0.09739497627597693,197,0.2107496881164132,275,0.08175661739427842,144,0.19725077449386946,293,0.08652566377773208,161,0.19619049560481813,292,0.0962215756332736,194,0.2016193726712391,284,0.12998460627985775,314,0.21584135161876258,266
"(93, 88)",0.026160679954043142,38,0.2038010905054607,275,0.03051603838754391,39,0.1994859103764934,289,0.034584735333585304,42,0.19739918087530747,289,0.03928799810715855,48,0.19344568028026674,294,0.039179747041078294,50,0.19688853321865696,294,0.03100109505401516,39,0.21674754465949098,261,0.026206955794222386,39,0.20866066018208243,272,0.03474202438331453,42,0.18794867153786535,308,0.03562823267810833,43,0.18958043133824093,307,0.034339386415513484,42,0.19866224178509154,288,0.0367267189199324,43,0.19443568150297383,292,0.03462657525236734,43,0.2039410389818429,282,0.02771564915136293,39,0.19950183941504682,280,0.03084317977688522,39,0.19820956776809023,291,0.03628607496503489,43,0.1924218604197627,298,0.048009498814069795,55,0.18413453164662516,315,0.04319443191383643,51,0.2032943728924496,288,0.03377243238610461,43,0.2009978666761338,286,0.03536455771234992,69,0.18769234295732984,273,0.03227246902874348,42,0.19596258612429507,294,0.03668530082191612,43,0.18984380888024682,305,0.03787304408500969,43,0.1895629698898888,307,0.037934126966452375,45,0.19734093949444506,291,0.03381464327545003,42,0.21628180530360294,265
"(93, 77)",0.3476385711113845,584,0.08604260041985924,514,0.32495862438659695,583,0.0906731956305741,514,0.3064440258754767,577,0.0953944507804737,495,0.28755631019162253,568,0.09963334293401876,486,0.2879649547900702,571,0.10126540103834179,486,0.3226287565010958,584,0.09927628258988595,485,0.3473791673244251,583,0.08816810621104236,505,0.3057720278245696,576,0.09103150359232386,508,0.3020412484584458,575,0.09297571241721388,506,0.3074983055194347,577,0.09566768536750726,491,0.29754279560279395,574,0.09680999491952753,491,0.3062649753306086,576,0.09861478440373635,486,0.3391520938789243,584,0.08657458565533095,513,0.32338335974780685,583,0.09056042249306952,514,0.2993309803164065,575,0.09523220741890831,498,0.25792977365086855,561,0.10513414970019323,467,0.27352747593590077,565,0.10988395792487658,453,0.30996326873441027,579,0.09600093972505742,488,0.3031415658274875,550,0.09171086776776399,460,0.3166863735767438,579,0.09153224214194486,503,0.2977099609799426,574,0.09447045598731925,494,0.29298949657406825,574,0.09584722821691374,489,0.2927507615831504,573,0.09986068590894338,487,0.3097783464729751,579,0.10336445924805031,467
"(243, 140)",0.14366222578644816,363,0.19185705309930098,290,0.14366222578644727,365,0.1918570530993014,299,0.14366222578644927,364,0.19185705309930096,300,0.14366222578644694,359,0.19185705309930104,298,0.14366222578644705,364,0.19185705309930057,302,0.14366222578644894,364,0.19185705309930065,303,0.1436622257864476,359,0.19185705309930126,292,0.1436622257864476,362,0.19185705309930146,297,0.14366222578644794,364,0.19185705309930087,301,0.14366222578644827,363,0.1918570530993009,296,0.14366222578644772,363,0.1918570530993009,300,0.14366222578644816,365,0.19185705309930107,302,0.14366222578644705,359,0.19185705309930115,293,0.14366222578644894,365,0.19185705309930057,300,0.14366222578644838,364,0.19185705309930157,300,0.14366222578644816,356,0.1918570530993001,296,0.14366222578644816,361,0.19185705309930035,304,0.14366222578644794,365,0.19185705309930146,300,0.014822158798915352,50,0.19185705309930118,266,0.14366222578644794,363,0.19185705309930093,302,0.14366222578644705,362,0.19185705309930165,299,0.14366222578644794,366,0.19185705309930093,300,0.14366222578644772,362,0.19185705309930087,301,0.14366222578644794,360,0.1918570530993011,304
"(243, 170)",0.10802827129375792,226,0.21098236566054898,267,0.10802827129375836,228,0.21098236566054873,273,0.1080282712937568,226,0.21098236566055006,270,0.1080282712937587,232,0.21098236566054798,274,0.1080282712937587,226,0.21098236566054748,274,0.10802827129375703,226,0.21098236566054954,272,0.10802827129375814,231,0.21098236566054884,269,0.10802827129375814,224,0.21098236566054906,271,0.10802827129375803,226,0.21098236566054868,272,0.1080282712937577,228,0.21098236566054906,272,0.10802827129375803,226,0.21098236566054862,272,0.10802827129375792,226,0.2109823656605491,273,0.1080282712937587,228,0.21098236566054812,268,0.10802827129375703,230,0.21098236566054954,272,0.10802827129375747,226,0.21098236566055004,269,0.10802827129375792,235,0.210982365660548,272,0.10802827129375792,228,0.21098236566054826,278,0.10802827129375792,227,0.21098236566054945,271,0.4292707853951635,575,0.062474743118753166,588,0.10802827129375803,225,0.21098236566054876,273,0.10802827129375858,226,0.21098236566054882,275,0.10802827129375803,224,0.21098236566054868,274,0.10802827129375814,224,0.2109823656605485,272,0.10802827129375803,225,0.21098236566054895,278
"(140, 125)",0.12751500900734314,308,0.18931758868863288,297,0.12751500900734292,314,0.18931758868863255,308,0.12751500900734203,306,0.18931758868863324,308,0.12751500900734247,304,0.18931758868863283,306,0.12751500900734347,303,0.18931758868863255,310,0.12751500900734292,303,0.1893175886886333,309,0.12751500900734292,306,0.18931758868863297,298,0.1275150090073428,308,0.18931758868863297,302,0.12751500900734314,311,0.1893175886886327,309,0.1275150090073427,303,0.1893175886886329,305,0.12751500900734314,301,0.18931758868863263,310,0.12751500900734358,300,0.18931758868863238,310,0.12751500900734314,308,0.18931758868863222,299,0.12751500900734414,314,0.1893175886886323,308,0.12751500900734347,306,0.18931758868863352,307,0.12751500900734114,302,0.1893175886886331,305,0.1275150090073428,308,0.18931758868863388,313,0.1275150090073438,300,0.18931758868863233,309,0.015275165977589822,51,0.1893175886886329,270,0.12751500900734314,304,0.18931758868863255,307,0.12751500900734225,309,0.18931758868863321,306,0.1275150090073427,302,0.1893175886886328,308,0.1275150090073427,303,0.1893175886886329,308,0.12751500900734336,302,0.18931758868863285,311
"(140, 243)",0.12251827974539176,282,0.19185705309930134,289,0.12251827974539187,280,0.1918570530993008,300,0.12251827974539276,288,0.1918570530993006,301,0.12251827974539231,287,0.19185705309930068,299,0.12251827974539165,288,0.19185705309930123,301,0.12251827974539209,286,0.19185705309930148,302,0.12251827974539176,281,0.19185705309930132,291,0.12251827974539209,284,0.19185705309930107,298,0.12251827974539176,281,0.19185705309930115,300,0.12251827974539231,290,0.19185705309930082,297,0.12251827974539176,288,0.191857053099301,299,0.1225182797453912,285,0.19185705309930126,301,0.12251827974539176,283,0.19185705309930062,294,0.12251827974539076,282,0.1918570530993017,299,0.12251827974539142,286,0.19185705309930234,299,0.12251827974539375,289,0.1918570530992995,297,0.12251827974539209,284,0.191857053099302,303,0.12251827974539109,289,0.19185705309930143,301,0.4250552586560741,574,0.062474743118753166,589,0.12251827974539176,287,0.19185705309930104,301,0.12251827974539253,285,0.19185705309930084,300,0.12251827974539231,289,0.19185705309930076,301,0.12251827974539209,285,0.19185705309930093,300,0.12251827974539165,285,0.19185705309930146,303
"(125, 180)",0.1478801567453375,374,0.16868623364337576,331,0.14788015674533683,375,0.16868623364337604,344,0.14788015674533694,377,0.16868623364337598,342,0.14788015674533805,374,0.16868623364337537,346,0.1478801567453374,374,0.16868623364337537,345,0.14788015674533683,375,0.1686862336433762,342,0.14788015674533683,368,0.168686233643376,336,0.14788015674533717,369,0.16868623364337584,345,0.14788015674533717,374,0.16868623364337576,341,0.14788015674533683,377,0.168686233643376,344,0.1478801567453374,371,0.16868623364337568,346,0.14788015674533717,373,0.16868623364337573,344,0.1478801567453375,372,0.168686233643376,334,0.14788015674533805,375,0.16868623364337557,344,0.14788015674533883,377,0.16868623364337515,342,0.1478801567453356,370,0.1686862336433761,343,0.14788015674533717,374,0.16868623364337665,345,0.14788015674533717,374,0.16868623364337546,342,0.019741033003785047,58,0.16868623364337584,310,0.14788015674533683,371,0.1686862336433758,345,0.14788015674533694,374,0.16868623364337584,340,0.14788015674533683,375,0.1686862336433758,345,0.14788015674533683,375,0.16868623364337582,344,0.14788015674533694,373,0.16868623364337598,346
"(125, 140)",0.10461065808082126,215,0.1893175886886332,296,0.10461065808082193,218,0.1893175886886328,307,0.1046106580808217,214,0.18931758868863297,309,0.10461065808082093,216,0.1893175886886332,305,0.10461065808082126,218,0.18931758868863266,309,0.10461065808082193,217,0.18931758868863305,310,0.1046106580808217,218,0.1893175886886329,299,0.1046106580808216,218,0.18931758868863288,303,0.1046106580808216,214,0.1893175886886329,308,0.1046106580808217,215,0.1893175886886329,306,0.10461065808082148,220,0.1893175886886329,309,0.1046106580808216,217,0.1893175886886328,309,0.10461065808082126,217,0.1893175886886335,298,0.10461065808082082,218,0.18931758868863346,307,0.10461065808082026,214,0.18931758868863366,306,0.1046106580808226,219,0.18931758868863194,306,0.1046106580808216,219,0.18931758868863394,312,0.1046106580808216,220,0.1893175886886325,308,0.38859334807085955,566,0.062474743118753166,590,0.10461065808082193,217,0.18931758868863263,306,0.1046106580808217,215,0.18931758868863277,307,0.10461065808082193,215,0.18931758868863258,309,0.1046106580808217,216,0.18931758868863266,309,0.1046106580808217,218,0.18931758868863297,310
"(180, 120)",0.05743674939339671,78,0.3008186233429249,152,0.0574367493933966,76,0.3008186233429253,157,0.057436749393396935,72,0.30081862334292514,150,0.05743674939339671,72,0.30081862334292586,151,0.05743674939339727,75,0.300818623342925,152,0.05743674939339727,74,0.3008186233429242,150,0.05743674939339716,78,0.30081862334292475,153,0.05743674939339671,75,0.3008186233429252,151,0.057436749393396935,72,0.3008186233429248,149,0.05743674939339716,72,0.30081862334292486,149,0.05743674939339716,70,0.30081862334292464,149,0.057436749393396935,72,0.3008186233429251,150,0.0574367493933966,78,0.30081862334292525,152,0.0574367493933966,76,0.3008186233429252,157,0.05743674939339605,72,0.30081862334292725,150,0.0574367493933966,73,0.30081862334292536,153,0.0574367493933966,76,0.30081862334292586,153,0.057436749393396935,74,0.30081862334292536,153,0.0050855863575132165,36,0.30081862334292514,133,0.05743674939339671,75,0.30081862334292525,151,0.057436749393396935,72,0.3008186233429252,150,0.057436749393396935,72,0.3008186233429247,150,0.05743674939339671,72,0.30081862334292536,150,0.05743674939339671,74,0.3008186233429255,150
"(180, 125)",0.23166723707252812,533,0.18897881908420294,298,0.231667237072529,535,0.18897881908420264,309,0.231667237072528,540,0.18897881908420325,311,0.23166723707252856,539,0.18897881908420333,308,0.23166723707252723,539,0.18897881908420372,313,0.231667237072527,538,0.18897881908420333,311,0.23166723707252745,534,0.1889788190842033,300,0.23166723707252812,538,0.1889788190842031,306,0.231667237072528,541,0.18897881908420305,310,0.23166723707252768,541,0.18897881908420333,307,0.23166723707252768,542,0.18897881908420305,311,0.231667237072528,540,0.18897881908420322,312,0.2316672370725288,533,0.18897881908420266,300,0.231667237072529,535,0.18897881908420253,309,0.23166723707253012,540,0.18897881908420297,308,0.23166723707252868,539,0.18897881908420278,307,0.231667237072529,537,0.18897881908420294,314,0.2316672370725279,537,0.18897881908420347,310,0.56772988314598,589,0.062474743118753166,591,0.23166723707252812,539,0.18897881908420305,308,0.23166723707252768,541,0.18897881908420336,308,0.23166723707252812,541,0.1889788190842028,310,0.23166723707252812,540,0.18897881908420316,310,0.23166723707252856,540,0.1889788190842031,313
"(120, 261)",0.12830133724345893,311,0.27567199712637186,182,0.12830133724345938,317,0.2756719971263722,185,0.12830133724346038,308,0.2756719971263708,181,0.1283013372434587,306,0.275671997126372,182,0.12830133724345916,305,0.2756719971263719,182,0.1283013372434585,304,0.27567199712637247,183,0.12830133724345938,310,0.2756719971263718,182,0.12830133724345938,313,0.27567199712637214,182,0.12830133724345938,314,0.27567199712637164,183,0.1283013372434597,304,0.27567199712637136,183,0.12830133724345938,303,0.2756719971263717,184,0.1283013372434597,302,0.27567199712637197,182,0.12830133724345893,313,0.27567199712637225,182,0.12830133724345827,318,0.2756719971263727,184,0.12830133724345982,312,0.2756719971263708,182,0.12830133724345905,304,0.27567199712637225,182,0.1283013372434585,309,0.27567199712637297,183,0.1283013372434596,301,0.27567199712637136,184,0.006306636816704625,38,0.27567199712637186,159,0.12830133724345938,307,0.27567199712637175,182,0.12830133724345982,313,0.2756719971263716,183,0.12830133724345893,304,0.27567199712637197,182,0.12830133724345905,306,0.27567199712637197,180,0.12830133724345916,304,0.2756719971263718,183
"(120, 180)",0.12175578551921717,281,0.28052603790209724,173,0.12175578551921706,279,0.28052603790209807,175,0.12175578551921595,284,0.2805260379020982,172,0.12175578551921751,283,0.280526037902097,174,0.12175578551921706,285,0.2805260379020976,174,0.12175578551921773,285,0.2805260379020973,173,0.12175578551921684,278,0.2805260379020978,172,0.12175578551921684,281,0.28052603790209807,173,0.12175578551921684,279,0.2805260379020977,171,0.12175578551921651,288,0.2805260379020978,173,0.12175578551921684,285,0.28052603790209774,173,0.12175578551921651,283,0.2805260379020985,174,0.12175578551921729,277,0.2805260379020975,172,0.12175578551921784,278,0.28052603790209707,175,0.1217557855192164,279,0.28052603790209757,172,0.12175578551921706,286,0.2805260379020979,173,0.12175578551921773,283,0.2805260379020978,174,0.12175578551921662,287,0.28052603790209757,173,0.5418291201781334,587,0.062474743118753166,592,0.12175578551921684,284,0.28052603790209774,173,0.1217557855192164,280,0.2805260379020983,174,0.12175578551921717,287,0.28052603790209735,173,0.12175578551921717,283,0.28052603790209746,172,0.12175578551921706,283,0.2805260379020976,173
"(261, 98)",0.17406654651724973,438,0.2341071424198512,228,0.17406654651725006,441,0.2341071424198509,235,0.1740665465172495,435,0.23410714241985106,233,0.17406654651725006,434,0.23410714241985162,232,0.17406654651725006,431,0.23410714241985098,234,0.17406654651724973,430,0.23410714241985142,232,0.17406654651725018,437,0.23410714241985103,229,0.17406654651725018,436,0.23410714241985126,232,0.17406654651724973,435,0.23410714241985095,234,0.1740665465172504,436,0.2341071424198509,236,0.1740665465172504,436,0.23410714241985103,235,0.17406654651725006,432,0.2341071424198513,237,0.17406654651725006,436,0.23410714241985114,228,0.17406654651725106,441,0.2341071424198508,234,0.1740665465172494,437,0.23410714241985103,234,0.17406654651724995,432,0.23410714241985098,233,0.17406654651725006,428,0.23410714241985095,235,0.17406654651725006,433,0.23410714241985126,232,0.009347157734658662,41,0.23410714241985114,205,0.17406654651725006,432,0.23410714241985106,231,0.17406654651724973,441,0.23410714241985137,236,0.17406654651725018,436,0.23410714241985117,235,0.17406654651724973,429,0.23410714241985114,234,0.17406654651725018,427,0.23410714241985123,237
"(261, 120)",0.08614698358033301,160,0.2959645825671991,154,0.08614698358033268,158,0.29596458256719915,159,0.08614698358033324,162,0.29596458256719854,155,0.08614698358033279,164,0.29596458256719993,158,0.08614698358033268,165,0.2959645825671992,156,0.08614698358033301,166,0.2959645825671993,156,0.08614698358033279,161,0.2959645825671993,155,0.08614698358033268,162,0.29596458256719965,156,0.08614698358033301,161,0.2959645825671988,152,0.08614698358033268,160,0.29596458256719943,151,0.08614698358033268,162,0.29596458256719954,152,0.08614698358033279,164,0.2959645825671996,154,0.08614698358033279,161,0.29596458256719926,155,0.08614698358033235,159,0.2959645825672001,159,0.08614698358033324,162,0.29596458256719843,155,0.08614698358033301,167,0.2959645825671989,157,0.08614698358033279,165,0.295964582567199,158,0.08614698358033279,164,0.2959645825671995,156,0.49182446238027333,583,0.062474743118753166,593,0.08614698358033279,161,0.2959645825671993,156,0.08614698358033301,158,0.2959645825671993,153,0.08614698358033268,158,0.29596458256719954,154,0.08614698358033279,167,0.2959645825671991,153,0.08614698358033279,168,0.29596458256719954,155
"(98, 217)",0.07198705489822932,108,0.3286614628368559,117,0.07198705489822932,105,0.3286614628368558,118,0.07198705489822876,107,0.3286614628368564,116,0.07198705489822887,111,0.32866146283685554,116,0.0719870548982291,108,0.32866146283685543,118,0.07198705489822887,110,0.32866146283685643,116,0.0719870548982291,107,0.32866146283685554,117,0.0719870548982291,104,0.3286614628368562,117,0.07198705489822887,108,0.32866146283685543,117,0.07198705489822932,106,0.32866146283685554,117,0.0719870548982291,106,0.32866146283685543,117,0.0719870548982291,106,0.3286614628368559,117,0.07198705489822887,109,0.3286614628368557,117,0.07198705489822887,106,0.3286614628368555,118,0.07198705489822943,107,0.3286614628368559,116,0.07198705489822943,110,0.3286614628368561,116,0.07198705489822876,110,0.328661462836857,116,0.07198705489822887,109,0.32866146283685593,118,0.0040750165882841305,31,0.3286614628368558,103,0.07198705489822876,106,0.32866146283685627,117,0.07198705489822887,108,0.32866146283685627,116,0.07198705489822932,104,0.3286614628368555,117,0.07198705489822887,106,0.32866146283685593,116,0.0719870548982291,107,0.32866146283685593,117
"(98, 261)",0.19918506257667234,500,0.2341071424198516,227,0.19918506257667234,500,0.2341071424198515,234,0.19918506257667334,503,0.23410714241985095,234,0.199185062576673,496,0.23410714241985067,233,0.19918506257667268,499,0.2341071424198509,235,0.19918506257667334,499,0.23410714241985114,233,0.19918506257667268,502,0.234107142419851,230,0.19918506257667268,502,0.23410714241985137,231,0.199185062576673,499,0.23410714241985067,235,0.19918506257667234,501,0.23410714241985126,235,0.19918506257667246,503,0.23410714241985106,234,0.19918506257667246,503,0.23410714241985137,236,0.199185062576673,498,0.23410714241985078,229,0.19918506257667268,499,0.23410714241985078,235,0.1991850625766718,503,0.23410714241985198,233,0.1991850625766718,498,0.23410714241985214,232,0.19918506257667334,495,0.23410714241985137,234,0.19918506257667268,500,0.23410714241985112,233,0.5932835345086048,593,0.062474743118753166,594,0.19918506257667334,500,0.23410714241985095,232,0.19918506257667268,500,0.23410714241985134,237,0.19918506257667246,501,0.23410714241985114,236,0.199185062576673,503,0.23410714241985092,235,0.19918506257667268,499,0.2341071424198512,238
"(217, 246)",0.10322905233586344,211,0.37195682687939435,79,0.10322905233586366,213,0.37195682687939424,79,0.10322905233586366,209,0.3719568268793943,79,0.10322905233586355,214,0.37195682687939396,79,0.10322905233586355,215,0.3719568268793936,79,0.10322905233586321,216,0.37195682687939463,78,0.10322905233586299,214,0.3719568268793943,78,0.10322905233586321,214,0.3719568268793946,78,0.10322905233586355,212,0.3719568268793937,79,0.10322905233586355,213,0.37195682687939374,79,0.10322905233586344,217,0.3719568268793941,79,0.10322905233586344,214,0.3719568268793947,78,0.10322905233586355,214,0.3719568268793944,78,0.10322905233586355,216,0.3719568268793939,78,0.10322905233586321,209,0.3719568268793944,78,0.10322905233586288,216,0.371956826879395,79,0.10322905233586344,217,0.371956826879394,79,0.10322905233586366,217,0.3719568268793937,79,0.0029740571104541758,28,0.3719568268793942,70,0.10322905233586344,215,0.3719568268793944,78,0.10322905233586344,212,0.37195682687939446,78,0.10322905233586321,214,0.3719568268793942,78,0.10322905233586321,212,0.37195682687939413,78,0.10322905233586366,215,0.3719568268793943,79
"(217, 98)",0.1496350010827482,377,0.3286614628368562,116,0.14963500108274785,381,0.32866146283685654,117,0.14963500108274785,381,0.3286614628368566,115,0.1496350010827482,376,0.32866146283685604,115,0.14963500108274808,379,0.3286614628368557,117,0.14963500108274852,378,0.328661462836856,117,0.14963500108274874,374,0.3286614628368554,118,0.1496350010827483,375,0.328661462836856,118,0.1496350010827482,378,0.32866146283685566,116,0.1496350010827482,380,0.3286614628368558,116,0.1496350010827482,376,0.3286614628368557,116,0.1496350010827482,377,0.3286614628368563,116,0.14963500108274808,375,0.32866146283685643,116,0.1496350010827482,378,0.32866146283685593,117,0.1496350010827483,381,0.3286614628368559,117,0.14963500108274885,375,0.32866146283685554,117,0.1496350010827483,378,0.32866146283685554,117,0.14963500108274808,378,0.3286614628368559,119,0.6276441266158566,596,0.062474743118753166,595,0.1496350010827482,373,0.3286614628368562,118,0.1496350010827483,379,0.328661462836856,117,0.14963500108274852,377,0.32866146283685554,116,0.14963500108274852,378,0.3286614628368555,117,0.14963500108274785,378,0.32866146283685643,116
"(246, 158)",0.19078115414734176,481,0.27416445132145806,183,0.1907811541473423,477,0.27416445132145806,186,0.19078115414734176,481,0.27416445132145806,185,0.19078115414734187,476,0.27416445132145784,184,0.19078115414734176,476,0.2741644513214578,184,0.19078115414734176,475,0.27416445132145767,185,0.19078115414734176,480,0.2741644513214578,183,0.19078115414734143,477,0.27416445132145834,184,0.19078115414734143,479,0.27416445132145767,186,0.19078115414734176,478,0.27416445132145767,186,0.19078115414734176,481,0.27416445132145806,185,0.19078115414734165,474,0.2741644513214581,185,0.19078115414734165,480,0.2741644513214577,185,0.19078115414734076,476,0.27416445132145795,186,0.19078115414734143,483,0.2741644513214576,185,0.19078115414734242,476,0.27416445132145784,184,0.1907811541473412,473,0.2741644513214583,185,0.19078115414734143,476,0.274164451321458,185,0.006391744414130152,39,0.274164451321458,160,0.1907811541473412,477,0.2741644513214581,183,0.19078115414734165,481,0.2741644513214581,184,0.19078115414734143,483,0.27416445132145795,185,0.19078115414734143,483,0.27416445132145795,182,0.19078115414734176,480,0.2741644513214581,185
"(246, 217)",0.07639963739277866,124,0.37195682687939474,78,0.07639963739277855,127,0.3719568268793953,78,0.07639963739277866,126,0.37195682687939474,78,0.07639963739277866,129,0.37195682687939446,78,0.07639963739277889,130,0.371956826879394,78,0.07639963739277866,130,0.37195682687939424,79,0.07639963739277889,126,0.37195682687939424,79,0.07639963739277911,126,0.37195682687939446,79,0.07639963739277889,127,0.3719568268793938,78,0.07639963739277889,128,0.37195682687939413,78,0.07639963739277889,124,0.37195682687939446,78,0.07639963739277889,128,0.3719568268793944,79,0.07639963739277889,126,0.37195682687939396,79,0.07639963739277933,127,0.37195682687939297,79,0.07639963739277911,125,0.37195682687939347,79,0.07639963739277844,129,0.37195682687939535,78,0.07639963739277911,132,0.3719568268793942,78,0.07639963739277889,130,0.37195682687939413,78,0.5401811079618859,586,0.062474743118753166,596,0.07639963739277911,127,0.37195682687939396,79,0.07639963739277911,126,0.37195682687939435,79,0.07639963739277889,124,0.3719568268793942,79,0.07639963739277911,123,0.3719568268793939,79,0.07639963739277889,127,0.3719568268793947,78
"(158, 203)",0.18593749841873253,469,0.20618298972258817,272,0.18593749841873253,465,0.20618298972258817,281,0.18593749841873297,468,0.2061829897225881,278,0.18593749841873253,466,0.20618298972258803,282,0.18593749841873275,458,0.2061829897225879,281,0.18593749841873253,463,0.20618298972258806,282,0.18593749841873253,466,0.206182989722588,276,0.18593749841873253,466,0.2061829897225882,279,0.18593749841873297,466,0.20618298972258775,278,0.18593749841873275,466,0.2061829897225879,279,0.18593749841873275,464,0.206182989722588,282,0.18593749841873275,463,0.20618298972258806,280,0.18593749841873275,469,0.20618298972258803,275,0.1859374984187323,464,0.20618298972258794,281,0.18593749841873253,469,0.20618298972258806,275,0.18593749841873275,462,0.20618298972258808,280,0.18593749841873297,458,0.20618298972258806,285,0.18593749841873275,463,0.20618298972258806,280,0.012575214473457663,46,0.20618298972258806,245,0.18593749841873275,464,0.2061829897225881,281,0.18593749841873253,468,0.2061829897225882,279,0.18593749841873286,469,0.20618298972258794,279,0.18593749841873275,468,0.2061829897225879,280,0.18593749841873275,465,0.2061829897225881,287
"(158, 246)",0.07908462396681115,135,0.274164451321458,184,0.07908462396681115,135,0.27416445132145806,187,0.07908462396681104,136,0.2741644513214584,184,0.07908462396681115,138,0.2741644513214579,183,0.07908462396681115,144,0.27416445132145784,183,0.07908462396681115,138,0.2741644513214578,184,0.07908462396681115,136,0.2741644513214578,184,0.07908462396681115,136,0.274164451321458,185,0.07908462396681104,138,0.27416445132145795,185,0.07908462396681115,138,0.27416445132145784,185,0.07908462396681115,136,0.27416445132145795,186,0.07908462396681115,136,0.27416445132145806,186,0.07908462396681115,136,0.2741644513214581,184,0.07908462396681148,136,0.2741644513214574,187,0.07908462396681115,135,0.2741644513214578,184,0.07908462396681104,140,0.2741644513214582,183,0.07908462396681104,144,0.27416445132145834,184,0.07908462396681115,138,0.274164451321458,186,0.452022925558187,578,0.062474743118753166,597,0.07908462396681115,135,0.2741644513214581,184,0.07908462396681115,137,0.274164451321458,185,0.07908462396681104,136,0.27416445132145806,184,0.07908462396681104,132,0.27416445132145795,183,0.07908462396681115,136,0.27416445132145806,186
"(203, 123)",0.06443985572505273,90,0.308098996989261,142,0.06443985572505273,88,0.3080989969892611,145,0.06443985572505273,84,0.30809899698926085,142,0.06443985572505273,87,0.3080989969892608,143,0.06443985572505251,89,0.30809899698926074,142,0.06443985572505273,90,0.30809899698926085,144,0.06443985572505251,89,0.308098996989261,145,0.06443985572505273,86,0.30809899698926113,142,0.06443985572505251,85,0.3080989969892607,143,0.06443985572505273,85,0.30809899698926074,143,0.06443985572505273,88,0.3080989969892608,142,0.06443985572505273,88,0.3080989969892608,145,0.06443985572505273,91,0.3080989969892609,144,0.06443985572505251,87,0.3080989969892611,146,0.0644398557250524,84,0.3080989969892609,142,0.06443985572505295,90,0.3080989969892609,144,0.06443985572505273,93,0.3080989969892609,145,0.06443985572505251,89,0.30809899698926096,146,0.0047916988436693675,35,0.3080989969892609,128,0.06443985572505273,86,0.30809899698926085,142,0.06443985572505251,85,0.3080989969892611,142,0.06443985572505251,85,0.30809899698926074,142,0.06443985572505251,88,0.3080989969892609,141,0.06443985572505273,89,0.30809899698926085,144
"(203, 158)",0.2150140871164139,517,0.2061829897225882,271,0.2150140871164139,524,0.20618298972258825,280,0.21501408711641368,527,0.2061829897225883,277,0.2150140871164139,522,0.2061829897225881,281,0.21501408711641423,521,0.2061829897225878,282,0.2150140871164139,521,0.2061829897225881,281,0.21501408711641423,523,0.20618298972258803,275,0.2150140871164139,525,0.20618298972258828,278,0.21501408711641412,522,0.2061829897225879,277,0.2150140871164139,523,0.2061829897225881,278,0.2150140871164139,525,0.20618298972258806,281,0.2150140871164139,527,0.20618298972258814,279,0.2150140871164139,515,0.2061829897225881,274,0.21501408711641423,524,0.20618298972258803,280,0.21501408711641457,527,0.20618298972258767,276,0.21501408711641368,520,0.2061829897225884,279,0.2150140871164139,517,0.20618298972258825,284,0.21501408711641423,521,0.20618298972258806,281,0.5747075879024885,590,0.062474743118753166,598,0.2150140871164139,526,0.20618298972258817,280,0.21501408711641412,522,0.20618298972258817,280,0.21501408711641412,524,0.20618298972258794,280,0.21501408711641423,524,0.20618298972258794,279,0.2150140871164139,523,0.20618298972258814,286
"(123, 99)",0.0850999515864519,154,0.3923564445375242,62,0.0850999515864519,153,0.39235644453752444,62,0.0850999515864519,158,0.3923564445375241,62,0.085099951586452,159,0.39235644453752405,62,0.0850999515864519,161,0.39235644453752394,62,0.085099951586452,160,0.3923564445375239,62,0.085099951586452,154,0.3923564445375241,62,0.085099951586452,157,0.39235644453752416,62,0.085099951586452,154,0.39235644453752383,62,0.0850999515864519,155,0.3923564445375241,62,0.0850999515864519,156,0.3923564445375241,62,0.085099951586452,157,0.39235644453752416,62,0.085099951586452,156,0.39235644453752405,62,0.085099951586452,153,0.3923564445375243,62,0.0850999515864519,158,0.3923564445375243,62,0.085099951586452,160,0.39235644453752444,62,0.085099951586452,160,0.3923564445375244,62,0.085099951586452,159,0.3923564445375241,62,0.0025915687102213703,26,0.39235644453752416,57,0.085099951586452,153,0.39235644453752405,62,0.0850999515864519,153,0.3923564445375244,62,0.0850999515864519,152,0.39235644453752405,62,0.0850999515864519,158,0.3923564445375241,62,0.0850999515864519,161,0.39235644453752433,62
"(123, 203)",0.17575222454649397,444,0.3080989969892609,143,0.17575222454649386,447,0.3080989969892611,146,0.17575222454649386,441,0.30809899698926085,143,0.17575222454649386,440,0.30809899698926085,142,0.17575222454649386,436,0.30809899698926063,143,0.17575222454649386,437,0.30809899698926085,145,0.17575222454649386,442,0.30809899698926096,146,0.17575222454649375,442,0.30809899698926113,143,0.17575222454649353,447,0.30809899698926096,142,0.17575222454649386,444,0.30809899698926085,142,0.17575222454649397,442,0.3080989969892608,143,0.17575222454649386,437,0.308098996989261,144,0.17575222454649375,442,0.308098996989261,143,0.17575222454649375,447,0.3080989969892613,145,0.17575222454649397,442,0.3080989969892608,143,0.17575222454649386,437,0.30809899698926124,143,0.17575222454649386,435,0.3080989969892612,144,0.17575222454649386,439,0.308098996989261,145,0.6419358963863631,598,0.062474743118753166,599,0.17575222454649386,442,0.30809899698926085,143,0.17575222454649386,447,0.308098996989261,143,0.17575222454649386,444,0.30809899698926074,143,0.17575222454649397,439,0.30809899698926074,142,0.17575222454649397,436,0.30809899698926085,145
"(99, 123)",9.999999999998899e-05,18,0.37206385909669665,77,9.999999999998899e-05,18,0.3720638590966968,77,9.999999999998899e-05,18,0.37206385909669687,77,9.999999999998899e-05,18,0.3720638590966965,77,9.999999999998899e-05,18,0.3720638590966965,77,9.999999999998899e-05,18,0.37206385909669687,77,9.999999999998899e-05,18,0.37206385909669676,77,9.999999999998899e-05,18,0.37206385909669704,77,9.999999999998899e-05,18,0.3720638590966968,77,9.999999999998899e-05,18,0.3720638590966967,77,9.999999999998899e-05,18,0.3720638590966967,77,9.999999999998899e-05,18,0.37206385909669676,77,9.999999999998899e-05,18,0.37206385909669665,77,9.999999999998899e-05,18,0.37206385909669676,77,9.999999999998899e-05,18,0.37206385909669626,77,9.999999999998899e-05,18,0.3720638590966971,77,9.999999999998899e-05,18,0.37206385909669704,77,9.999999999998899e-05,18,0.3720638590966969,77,9.999999999998899e-05,17,0.062474743118753166,600,9.999999999998899e-05,18,0.3720638590966967,77,9.999999999998899e-05,18,0.37206385909669687,77,9.999999999998899e-05,18,0.3720638590966965,77,9.999999999998899e-05,18,0.37206385909669665,77,9.999999999998899e-05,18,0.37206385909669687,77
"(105, 228)",9.999999999998899e-05,19,0.4992758952614901,25,9.999999999998899e-05,19,0.49927589526148947,26,9.999999999998899e-05,19,0.4992758952614895,26,9.999999999998899e-05,19,0.49927589526148947,26,9.999999999998899e-05,19,0.4992758952614897,25,9.999999999998899e-05,19,0.49927589526148985,25,9.999999999998899e-05,19,0.4992758952614899,25,9.999999999998899e-05,19,0.4992758952614902,26,9.999999999998899e-05,19,0.4992758952614894,25,9.999999999998899e-05,19,0.4992758952614896,26,9.999999999998899e-05,19,0.4992758952614896,25,9.999999999998899e-05,19,0.4992758952614899,25,9.999999999998899e-05,19,0.49927589526148947,26,9.999999999998899e-05,19,0.4992758952614891,26,9.999999999998899e-05,19,0.49927589526148924,26,9.999999999998899e-05,19,0.4992758952614898,26,9.999999999998899e-05,19,0.49927589526148985,25,9.999999999998899e-05,19,0.49927589526148963,26,9.999999999998899e-05,18,0.4992758952614897,22,9.999999999998899e-05,19,0.49927589526148947,26,9.999999999998899e-05,19,0.49927589526149,25,9.999999999998899e-05,19,0.49927589526148936,26,9.999999999998899e-05,19,0.49927589526148947,26,9.999999999998899e-05,19,0.4992758952614901,25
"(152, 59)",0.2811665183714276,564,0.11457189034061398,431,0.2411200738838991,542,0.12651141918082806,414,0.2128734356931523,524,0.13665088506146697,399,0.19949390850183923,498,0.1383016682655535,393,0.18880957291863565,472,0.14052026368029452,390,0.17938567071965583,447,0.13861346971167685,388,0.25734084541535407,557,0.12313501092367518,418,0.239610077157705,544,0.12764835555252932,410,0.21786657443840363,525,0.13129995892383528,406,0.199517265488658,502,0.13418053027502905,399,0.200502907044375,506,0.13481745666127318,398,0.1831149758456294,459,0.13517079480110844,395,0.27921668013912915,561,0.115487579708063,432,0.24224606794757242,541,0.12629036115816972,415,0.21170592386115206,524,0.137471085983836,399,0.19636097675831587,492,0.13812380821457226,394,0.18662353642368879,463,0.14044011058659164,390,0.1762259971220319,442,0.14098390286596776,384,0.22712788263733252,500,0.1277726296494072,370,0.21407218606888923,524,0.13953262567416846,388,0.21519039699127607,523,0.135752069429566,400,0.19734897921161665,499,0.13870747561446098,390,0.21338241875380215,520,0.13439418314631157,399,0.18075712390768417,449,0.1376105690469212,393
"(152, 247)",0.0410206063091163,54,0.21763659434562374,256,0.05383384267885849,70,0.20853984989502758,276,0.06540652293855431,86,0.20250974087822243,283,0.07183054770382902,109,0.19440207935677245,293,0.07747955116158312,134,0.18909698044113354,312,0.08289409201766973,152,0.17929168881986093,328,0.048201891947876385,61,0.21521032305612292,256,0.05439265092477208,69,0.20925226880266196,274,0.06317634842216746,84,0.19837028555049327,289,0.07181872738831141,105,0.18862695908375862,309,0.07132193764947758,103,0.19027364738968178,306,0.08069996822802272,141,0.17762320448732788,330,0.0415646171579398,55,0.21790865059592257,256,0.053421147368647004,71,0.20903453702897754,275,0.06594055614642524,86,0.20280165667460642,281,0.07343637919101476,116,0.19171224509928486,298,0.07869773295853366,140,0.18728050011568506,315,0.0848084086900438,156,0.17990637369488593,325,0.059258993285441375,108,0.19996004568924958,254,0.06486322008487067,88,0.20774456933511504,278,0.06436095050785107,84,0.20299247460718572,285,0.07292556995479749,107,0.19329393114554258,295,0.06517522171445767,91,0.19955954762965095,287,0.08207912630709346,148,0.1790355837408409,330
"(191, 255)",0.037919495366729006,47,0.45441408345219175,44,0.037919495366729006,45,0.45441408345219203,43,0.037919495366729006,44,0.454414083452192,43,0.037919495366729006,44,0.4544140834521918,43,0.037919495366729006,45,0.45441408345219175,43,0.037919495366729006,47,0.4544140834521918,43,0.037919495366729006,47,0.4544140834521915,44,0.037919495366729006,44,0.454414083452192,44,0.037919495366729006,44,0.45441408345219175,43,0.037919495366729006,44,0.454414083452192,43,0.037919495366729006,45,0.45441408345219186,43,0.037919495366729006,45,0.4544140834521917,44,0.037919495366729006,46,0.45441408345219175,43,0.037919495366729006,45,0.45441408345219175,43,0.037919495366729006,44,0.4544140834521918,43,0.037919495366729006,44,0.4544140834521919,44,0.037919495366729006,45,0.454414083452192,44,0.037919495366729006,47,0.45441408345219175,44,0.037919495366729006,71,0.4544140834521918,39,0.037919495366729006,44,0.4544140834521916,44,0.037919495366729006,44,0.45441408345219214,43,0.037919495366729006,44,0.4544140834521916,44,0.037919495366729006,44,0.45441408345219175,44,0.037919495366729006,46,0.45441408345219203,44
"(191, 204)",0.29280791223780067,568,0.22990320720994306,240,0.29280791223780067,571,0.22990320720994323,244,0.2928079122378009,572,0.22990320720994303,243,0.2928079122378009,571,0.2299032072099429,243,0.2928079122378009,575,0.2299032072099429,244,0.2928079122378009,572,0.22990320720994295,243,0.29280791223780056,569,0.229903207209943,242,0.29280791223780056,570,0.22990320720994328,242,0.2928079122378011,573,0.2299032072099428,244,0.2928079122378009,573,0.22990320720994303,245,0.2928079122378011,573,0.2299032072099429,246,0.29280791223780056,572,0.2299032072099431,246,0.29280791223780067,568,0.229903207209943,239,0.29280791223780045,571,0.2299032072099432,243,0.2928079122378011,572,0.22990320720994284,242,0.2928079122378011,571,0.22990320720994292,244,0.29280791223780067,575,0.22990320720994317,246,0.29280791223780067,571,0.22990320720994312,242,0.29280791223780067,547,0.22990320720994306,214,0.29280791223780067,570,0.22990320720994295,243,0.2928079122378011,573,0.22990320720994306,244,0.29280791223780067,573,0.22990320720994303,244,0.2928079122378009,574,0.2299032072099429,243,0.29280791223780067,572,0.2299032072099432,247
"(214, 39)",9.999999999998899e-05,20,0.32125947901823637,123,9.999999999998899e-05,20,0.3212594790182362,125,9.999999999998899e-05,20,0.3212594790182361,124,9.999999999998899e-05,20,0.3212594790182361,125,9.999999999998899e-05,20,0.32125947901823587,124,9.999999999998899e-05,20,0.3212594790182361,124,9.999999999998899e-05,20,0.3212594790182362,125,9.999999999998899e-05,20,0.3212594790182364,123,9.999999999998899e-05,20,0.32125947901823626,123,9.999999999998899e-05,20,0.3212594790182362,122,9.999999999998899e-05,20,0.32125947901823604,124,9.999999999998899e-05,20,0.32125947901823615,124,9.999999999998899e-05,20,0.32125947901823615,123,9.999999999998899e-05,20,0.321259479018236,126,9.999999999998899e-05,20,0.3212594790182359,124,9.999999999998899e-05,20,0.32125947901823654,123,9.999999999998899e-05,20,0.3212594790182365,123,9.999999999998899e-05,20,0.3212594790182363,126,9.999999999998899e-05,19,0.3212594790182363,108,9.999999999998899e-05,20,0.3212594790182362,124,9.999999999998899e-05,20,0.32125947901823637,123,9.999999999998899e-05,20,0.3212594790182359,123,9.999999999998899e-05,20,0.3212594790182361,124,9.999999999998899e-05,20,0.3212594790182365,125
"(255, 191)",9.999999999998899e-05,21,0.4544140834521919,43,9.999999999998899e-05,21,0.45441408345219203,44,9.999999999998899e-05,21,0.45441408345219186,44,9.999999999998899e-05,21,0.45441408345219153,44,9.999999999998899e-05,21,0.4544140834521916,44,9.999999999998899e-05,21,0.4544140834521916,44,9.999999999998899e-05,21,0.4544140834521918,43,9.999999999998899e-05,21,0.4544140834521926,43,9.999999999998899e-05,21,0.4544140834521913,44,9.999999999998899e-05,21,0.4544140834521916,44,9.999999999998899e-05,21,0.45441408345219175,44,9.999999999998899e-05,21,0.4544140834521918,43,9.999999999998899e-05,21,0.45441408345219175,44,9.999999999998899e-05,21,0.45441408345219164,44,9.999999999998899e-05,21,0.45441408345219153,44,9.999999999998899e-05,21,0.4544140834521923,43,9.999999999998899e-05,21,0.45441408345219214,43,9.999999999998899e-05,21,0.4544140834521919,43,9.999999999998899e-05,20,0.4544140834521918,40,9.999999999998899e-05,21,0.45441408345219175,43,9.999999999998899e-05,21,0.45441408345219214,44,9.999999999998899e-05,21,0.45441408345219164,43,9.999999999998899e-05,21,0.454414083452192,43,9.999999999998899e-05,21,0.45441408345219236,43
"(95, 86)",9.999999999998899e-05,22,0.21461570479577066,258,9.999999999998899e-05,22,0.2146157047957706,263,9.999999999998899e-05,22,0.2146157047957706,260,9.999999999998899e-05,22,0.21461570479577044,263,9.999999999998899e-05,22,0.2146157047957705,265,9.999999999998899e-05,22,0.21461570479577072,263,9.999999999998899e-05,22,0.21461570479577058,258,9.999999999998899e-05,22,0.21461570479577083,261,9.999999999998899e-05,22,0.21461570479577044,262,9.999999999998899e-05,22,0.2146157047957705,263,9.999999999998899e-05,22,0.21461570479577047,264,9.999999999998899e-05,22,0.21461570479577058,265,9.999999999998899e-05,22,0.21461570479577055,259,9.999999999998899e-05,22,0.2146157047957707,262,9.999999999998899e-05,22,0.2146157047957706,259,9.999999999998899e-05,22,0.2146157047957705,263,9.999999999998899e-05,22,0.2146157047957708,265,9.999999999998899e-05,22,0.21461570479577083,261,9.999999999998899e-05,21,0.2146157047957706,230,9.999999999998899e-05,22,0.21461570479577063,261,9.999999999998899e-05,22,0.21461570479577075,264,9.999999999998899e-05,22,0.2146157047957705,265,9.999999999998899e-05,22,0.2146157047957706,263,9.999999999998899e-05,22,0.21461570479577072,269
"(121, 62)",9.999999999998899e-05,23,0.2472667712931357,209,9.999999999998899e-05,23,0.24726677129313576,213,9.999999999998899e-05,23,0.06247474311875306,598,9.999999999998899e-05,23,0.0624747431187531,598,9.999999999998899e-05,23,0.24726677129313546,214,9.999999999998899e-05,23,0.06247474311875316,598,9.999999999998899e-05,23,0.24726677129313557,208,9.999999999998899e-05,23,0.24726677129313562,213,9.999999999998899e-05,23,0.24726677129313543,213,9.999999999998899e-05,23,0.24726677129313565,214,9.999999999998899e-05,23,0.24726677129313548,215,9.999999999998899e-05,23,0.2472667712931357,216,9.999999999998899e-05,23,0.24726677129313548,209,9.999999999998899e-05,23,0.24726677129313562,213,9.999999999998899e-05,23,0.062474743118753055,598,9.999999999998899e-05,23,0.06247474311875309,598,9.999999999998899e-05,23,0.24726677129313587,214,9.999999999998899e-05,23,0.062474743118753145,598,9.999999999998899e-05,22,0.062474743118753166,601,9.999999999998899e-05,23,0.24726677129313554,211,9.999999999998899e-05,23,0.247266771293136,215,9.999999999998899e-05,23,0.24726677129313557,215,9.999999999998899e-05,23,0.2472667712931357,214,9.999999999998899e-05,23,0.24726677129313582,216
