mode_mnlc_o,mode_mnlc_d,1,2,3,4,5,6,7,8,mode
514,522,0.0,0.0,50.397,254.054,134.829,86.211,13.055,0.0,LO
514,618,0.0,0.0,0.155,0.82199997,0.318,0.099,0.0,0.0,LO
514,766,0.0,0.0,0.317,4.006,1.445,0.797,0.0,0.0,LO
514,1404,0.0,0.0,0.0,1.402,0.15,0.102,0.0,0.0,LO
514,1409,0.0,0.0,2.407,23.877,9.926,3.6299999,2.5709999,0.0,LO
514,1413,0.0,0.0,0.532,3.619,3.897,0.57,0.0,0.0,LO
514,1421,0.0,0.0,0.191,1.9350001,2.101,0.023,0.0,0.0,LO
514,1437,0.0,0.0,0.205,1.377,1.557,0.354,0.0,0.0,LO
514,1439,0.0,0.0,0.069000006,0.17,0.0,0.04,0.001,0.0,LO
514,1440,0.0,0.0,2.028,5.774,1.066,1.6899999,0.0,0.0,LO
514,1445,0.0,0.0,0.134,1.469,2.451,3.502,0.0,0.0,LO
514,1448,0.0,0.0,0.246,1.964,2.0379999,1.268,0.0,0.0,LO
514,1449,0.0,0.0,0.070999995,0.77,0.484,0.17500001,0.0,0.0,LO
514,1524,0.0,0.0,12.079,93.603,57.368,39.088,7.605,0.0,LO
514,6814,0.0,0.0,0.092,0.155,0.058,0.045,0.0,0.0,LO
514,6913,0.0,0.0,0.036,0.444,0.276,0.281,0.544,0.0,LO
514,6914,0.0,0.0,0.0,0.139,0.085,0.030000001,0.0,0.0,LO
514,6919,0.0,0.0,0.094000004,0.0,0.0,0.042999998,0.062000003,0.0,LO
514,6926,0.0,0.0,0.0,0.077,0.064,0.084,0.0,0.0,LO
514,6934,0.0,0.0,0.022,0.076,0.069,0.065000005,0.0,0.0,LO
514,6941,0.0,0.0,1.08,3.407,1.509,1.212,0.312,0.0,LO
514,6947,0.0,0.0,0.801,1.217,0.586,0.572,0.152,0.0,LO
514,6949,0.0,0.0,0.0,0.606,0.588,1.021,0.0,0.0,LO
514,6952,0.0,0.0,1.863,1.224,0.857,0.616,0.053999998,0.0,LO
514,6954,0.0,0.0,0.012,0.0,0.0,0.0,0.084,0.0,LO
514,6956,0.0,0.0,0.77,1.267,0.62,0.533,0.108,0.0,LO
514,6958,0.0,0.0,0.0,0.273,0.103,0.17,0.005,0.0,LO
514,6959,0.0,0.0,0.526,1.85,1.883,1.317,0.492,0.0,LO
514,6972,0.0,0.0,0.936,2.255,3.653,2.156,0.048,0.0,LO
514,7401,0.0,0.0,27.831,204.16699,93.158,50.644,10.244,0.0,LO
514,7402,0.0,0.0,16.193,155.288,84.761,46.263,9.88,0.0,LO
514,7403,0.0,0.0,5.797,86.021,37.113,22.584,4.779,0.0,LO
514,7404,0.0,0.0,31.052,203.877,93.971,56.379,16.657,0.0,LO
514,7406,0.0,0.0,5.628,56.745,22.737,25.322,6.97,0.0,LO
514,7407,0.0,0.0,157.025,372.758,118.61,75.782,30.451,0.0,LO
514,7408,0.0,0.0,9.853,108.987,48.369,21.3,6.046,0.0,LO
514,7467,0.0,0.0,6.431,65.425,27.97,14.000999,4.711,0.0,LO
514,9586,0.0,0.0,0.017,0.22,0.183,0.0,0.0,0.0,LO
514,9587,0.0,0.0,0.0,0.351,0.601,0.571,0.0,0.0,LO
522,514,0.0,0.0,38.653,238.763,135.251,101.671,22.762,0.0,LO
522,617,0.0,0.0,0.037,0.012,0.0,0.007,0.0,0.0,LO
522,618,0.0,0.0,0.085,2.076,0.25,0.088,0.0,0.0,LO
522,755,0.0,0.0,0.035,0.088,0.023,0.037,0.0,0.0,LO
522,766,0.0,0.0,0.355,3.178,1.444,0.896,0.0,0.0,LO
522,1404,0.0,0.0,0.069,0.0,0.0,0.0,0.0,0.0,LO
522,1409,0.0,0.0,2.197,37.079,8.413,2.596,2.703,0.0,LO
522,1413,0.0,0.0,0.252,5.367,1.88,0.548,0.0,0.0,LO
522,1421,0.0,0.0,0.115,4.664,0.96099997,0.73399997,0.0,0.0,LO
522,1437,0.0,0.0,0.114,2.377,0.907,1.205,0.0,0.0,LO
522,1438,0.0,0.0,0.182,0.88699996,0.512,0.106,0.0,0.0,LO
522,1445,0.0,0.0,0.045,2.655,0.414,0.244,0.0,0.0,LO
522,1448,0.0,0.0,0.049000002,2.366,0.481,0.42000002,0.0,0.0,LO
522,1449,0.0,0.0,0.063,0.102,0.0,0.0,0.0,0.0,LO
522,1524,0.0,0.0,4.686,52.136,24.984,18.372,4.216,0.0,LO
522,7401,0.0,0.0,5.172,48.057,18.789,9.41,5.012,0.0,LO
522,7402,0.0,0.0,3.57,95.699,71.272,48.755,10.956,0.0,LO
522,7403,0.0,0.0,4.153,71.402,53.296,32.454,6.531,0.0,LO
522,7404,0.0,0.0,0.523,5.632,2.005,1.867,0.094000004,0.0,LO
522,7406,0.0,0.0,2.065,27.238,8.335,5.27,2.818,0.0,LO
522,7407,0.0,0.0,2.224,19.303,7.635,3.652,0.87,0.0,LO
522,7408,0.0,0.0,4.065,88.865,62.783,36.189,9.302,0.0,LO
522,7467,0.0,0.0,8.308,67.165,40.455,25.337,7.37,0.0,LO
522,9586,0.0,0.0,0.033,0.932,0.125,0.089,0.0,0.0,LO
522,9587,0.0,0.0,0.138,1.306,0.238,0.113,0.0,0.0,LO
591,522,0.0,0.0,0.025,0.014,0.0,0.0,0.07700001,0.0,LO
591,596,0.0,0.0,0.001,1.396,1.035,0.359,0.078,0.0,LO
591,597,0.0,0.0,0.375,1.757,1.449,1.403,0.059,0.0,LO
591,603,0.0,0.0,1.099,8.403,5.922,3.173,0.419,0.0,LO
591,617,0.0,0.0,0.0,0.041,0.0,0.024,0.028,0.0,LO
591,620,0.0,0.0,0.18,1.313,0.754,0.322,0.06,0.0,LO
591,621,0.0,0.0,0.381,21.646,2.95,2.237,0.427,0.0,LO
591,659,0.0,0.0,0.014,0.818,0.514,0.474,0.05,0.0,LO
591,680,0.0,0.0,0.612,0.167,0.0,0.137,0.120000005,0.0,LO
591,686,0.0,0.0,3.8639998,84.811,17.591,10.742,2.334,0.0,LO
591,709,0.0,0.0,0.001,0.94,0.403,0.671,0.077,0.0,LO
591,717,0.0,0.0,0.078999996,1.1110001,0.89500004,0.453,0.028,0.0,LO
591,719,0.0,0.0,0.751,5.609,3.29,2.346,0.524,0.0,LO
591,751,0.0,0.0,0.26000002,5.756,2.743,1.11,0.382,0.0,LO
591,766,0.0,0.0,4.498,39.573,21.918,11.554,3.43,0.0,LO
591,1022,0.0,0.0,0.122,0.453,0.117,0.26,0.060000002,0.0,LO
591,1023,0.0,0.0,0.11,0.6,0.34,0.068,0.0,0.0,LO
591,1024,0.0,0.0,0.031999998,0.676,0.254,0.0,0.0,0.0,LO
591,1083,0.0,0.0,0.164,0.154,0.0,0.0,0.0,0.0,LO
591,1395,0.0,0.0,0.004,0.812,0.37,0.436,0.001,0.0,LO
591,1402,0.0,0.0,1.301,8.062,3.926,3.008,0.003,0.0,LO
591,1404,0.0,0.0,0.674,24.166,28.618,14.857,3.315,0.0,LO
591,1409,0.0,0.0,0.274,9.159,4.318,3.235,1.286,0.0,LO
591,1413,0.0,0.0,1.528,27.657,8.784,2.865,0.495,0.0,LO
591,1415,0.0,0.0,0.257,0.726,0.344,0.105,0.005,0.0,LO
591,1421,0.0,0.0,1.272,7.818,5.176,4.389,0.939,0.0,LO
591,1429,0.0,0.0,0.836,10.528,7.831,3.451,1.055,0.0,LO
591,1437,0.0,0.0,2.391,28.12,23.244,10.242,2.647,0.0,LO
591,1438,0.0,0.0,0.708,7.873,3.9160001,3.152,0.541,0.0,LO
591,1439,0.0,0.0,0.208,2.418,1.867,1.335,0.1,0.0,LO
591,1440,0.0,0.0,1.098,25.895,9.558,3.474,0.531,0.0,LO
591,1441,0.0,0.0,0.122999996,3.585,3.651,1.162,0.34,0.0,LO
591,1442,0.0,0.0,0.0,0.062,0.223,0.07,0.0,0.0,LO
591,1443,0.0,0.0,0.002,0.568,0.39499998,0.297,0.0,0.0,LO
591,1444,0.0,0.0,0.76600003,2.807,1.503,0.213,0.002,0.0,LO
591,1445,0.0,0.0,2.814,15.243,6.258,3.3339999,3.9190001,0.0,LO
591,1448,0.0,0.0,0.199,13.2369995,10.328,8.431,4.263,0.0,LO
591,1449,0.0,0.0,1.786,9.134,4.0429997,1.743,0.23,0.0,LO
591,1451,0.0,0.0,0.521,2.08,0.83,0.133,0.0,0.0,LO
591,1452,0.0,0.0,5.088,21.161,21.293,11.503,1.025,0.0,LO
591,1455,0.0,0.0,0.255,1.428,0.711,0.149,0.0,0.0,LO
591,1524,0.0,0.0,1.091,3.293,1.951,1.367,0.536,0.0,LO
591,6956,0.0,0.0,0.0,0.033,0.043,0.0,0.0,0.0,LO
591,6977,0.0,0.0,0.64,9.2109995,7.62,3.64,1.363,0.0,LO
591,6978,0.0,0.0,0.402,7.179,1.704,1.44,0.887,0.0,LO
591,6979,0.0,0.0,0.77900004,4.906,6.415,4.796,1.128,0.0,LO
591,7401,0.0,0.0,0.582,1.665,1.479,0.832,0.017,0.0,LO
591,7404,0.0,0.0,0.0050000004,1.548,1.096,0.025,0.001,0.0,LO
591,7406,0.0,0.0,0.55,2.532,0.81700003,1.024,0.014,0.0,LO
591,7408,0.0,0.0,0.001,0.574,0.849,0.219,0.002,0.0,LO
596,514,0.0,0.0,0.051,0.05,0.045,0.044,0.0,0.0,LO
596,522,0.0,0.0,0.015,0.036,0.021,0.006,0.0,0.0,LO
596,591,0.0,0.0,0.099,0.273,0.0,0.391,0.074,0.0,LO
596,597,0.0,0.0,5.047,14.096,9.787,7.526,1.942,0.0,LO
596,603,0.0,0.0,0.216,0.377,0.036,0.168,0.0,0.0,LO
596,617,0.0,0.0,0.695,3.0839999,1.488,0.696,0.13,0.0,LO
596,620,0.0,0.0,3.9359999,11.789,7.081,5.051,0.88699996,0.0,LO
596,621,0.0,0.0,0.133,0.374,0.0,0.0,0.08,0.0,LO
596,659,0.0,0.0,2.607,9.182,4.021,2.297,0.778,0.0,LO
596,680,0.0,0.0,20.78,90.963,34.476,22.631,1.99,0.0,LO
596,686,0.0,0.0,0.976,1.683,0.0,0.519,0.21700001,0.0,LO
596,709,0.0,0.0,1.313,5.101,2.734,3.979,0.291,0.0,LO
596,717,0.0,0.0,0.36,4.417,1.479,1.959,1.164,0.0,LO
596,719,0.0,0.0,0.162,0.245,0.315,0.445,0.084,0.0,LO
596,751,0.0,0.0,6.826,43.887,18.669,15.247,5.3129997,0.0,LO
596,766,0.0,0.0,0.944,1.707,0.522,0.385,0.093,0.0,LO
596,1022,0.0,0.0,0.088,0.042999998,0.0,0.051,0.0,0.0,LO
596,1395,0.0,0.0,0.892,1.982,0.493,0.462,0.138,0.0,LO
596,1398,0.0,0.0,0.959,1.822,1.594,1.297,0.113,0.0,LO
596,1402,0.0,0.0,5.33,16.554,6.604,8.15,1.027,0.0,LO
596,1404,0.0,0.0,0.149,0.157,0.0,0.191,0.077999994,0.0,LO
596,1409,0.0,0.0,0.135,0.065,0.055,0.154,0.169,0.0,LO
596,1413,0.0,0.0,0.003,0.127,0.027,0.137,0.0,0.0,LO
596,1415,0.0,0.0,3.169,9.626,2.683,2.286,0.674,0.0,LO
596,1421,0.0,0.0,0.274,0.318,0.08,0.29500002,0.155,0.0,LO
596,1429,0.0,0.0,0.114,0.221,0.104,0.37699997,0.052,0.0,LO
596,1434,0.0,0.0,0.0,4.2929997,2.207,3.983,0.314,0.0,LO
596,1437,0.0,0.0,0.001,0.131,0.049,0.294,0.027,0.0,LO
596,1440,0.0,0.0,1.071,0.866,0.065,0.31599998,0.026,0.0,LO
596,1441,0.0,0.0,0.015,0.141,0.0,0.145,0.089,0.0,LO
596,1442,0.0,0.0,1.383,2.227,3.1920002,2.288,0.46400002,0.0,LO
596,1444,0.0,0.0,20.214,52.913002,23.166,15.135,3.172,0.0,LO
596,1449,0.0,0.0,0.195,0.171,0.0,0.103,0.0,0.0,LO
596,1451,0.0,0.0,3.366,3.269,2.171,0.883,0.194,0.0,LO
596,1455,0.0,0.0,1.774,11.239,2.611,2.482,0.413,0.0,LO
596,6977,0.0,0.0,0.121999994,0.431,0.21,0.203,0.0,0.0,LO
596,6978,0.0,0.0,0.046,0.169,0.017,0.076,0.0,0.0,LO
596,6979,0.0,0.0,0.038999997,0.235,0.269,0.075,0.089,0.0,LO
596,7404,0.0,0.0,0.0,0.053,0.068,0.0,0.0,0.0,LO
597,514,0.0,0.0,0.006,0.071,0.02,0.016,0.0,0.0,LO
597,522,0.0,0.0,0.113,0.052,0.0,0.0,0.0,0.0,LO
597,591,0.0,0.0,0.849,2.263,1.018,0.26,0.253,0.0,LO
597,596,0.0,0.0,6.074,15.22,9.13,7.802,1.272,0.0,LO
597,603,0.0,0.0,0.146,0.236,0.108,0.0,0.012,0.0,LO
597,617,0.0,0.0,4.169,8.359,2.338,4.144,0.771,0.0,LO
597,620,0.0,0.0,5.471,19.668,5.67,5.36,5.712,0.0,LO
597,621,0.0,0.0,0.311,3.34,0.663,0.329,0.007,0.0,LO
597,659,0.0,0.0,4.977,9.338,3.536,3.071,2.46,0.0,LO
597,680,0.0,0.0,24.583,90.082,31.982,16.965,3.626,0.0,LO
597,686,0.0,0.0,1.498,9.0,1.949,0.431,0.635,0.0,LO
597,709,0.0,0.0,3.038,7.748,3.138,4.646,3.02,0.0,LO
597,717,0.0,0.0,7.088,13.811,9.778,7.309,3.372,0.0,LO
597,719,0.0,0.0,0.155,1.722,0.58,0.089,0.034,0.0,LO
597,751,0.0,0.0,13.965,73.581,21.052,9.092,11.2560005,0.0,LO
597,766,0.0,0.0,8.84,18.315,5.403,9.0,1.81,0.0,LO
597,1395,0.0,0.0,2.803,5.97,2.175,2.157,1.318,0.0,LO
597,1398,0.0,0.0,1.985,20.783,12.425,11.704,5.517,0.0,LO
597,1402,0.0,0.0,7.459,59.959,24.765,14.358,3.581,0.0,LO
597,1404,0.0,0.0,0.263,2.883,0.887,1.319,1.076,0.0,LO
597,1409,0.0,0.0,0.002,0.36,0.111,0.029,0.0,0.0,LO
597,1413,0.0,0.0,0.040999997,0.835,0.3,0.409,0.0,0.0,LO
597,1415,0.0,0.0,4.744,14.151,5.029,3.766,0.589,0.0,LO
597,1421,0.0,0.0,0.062,0.009,0.0,0.535,0.146,0.0,LO
597,1429,0.0,0.0,0.048,0.463,0.514,0.091000006,0.0,0.0,LO
597,1434,0.0,0.0,0.676,26.089,14.166,8.49,1.529,0.0,LO
597,1437,0.0,0.0,0.013,0.282,0.141,0.224,0.13,0.0,LO
597,1440,0.0,0.0,0.029000001,0.736,0.221,0.06,0.037,0.0,LO
597,1442,0.0,0.0,5.543,31.348,22.274,15.108,6.395,0.0,LO
597,1443,0.0,0.0,0.003,0.041,0.0,0.0,0.0,0.0,LO
597,1444,0.0,0.0,77.809,95.606,53.334,24.564,4.761,0.0,LO
597,1448,0.0,0.0,0.014,0.48,0.185,0.612,0.006,0.0,LO
597,1449,0.0,0.0,0.116,0.48799998,0.034,0.078,0.014,0.0,LO
597,1451,0.0,0.0,2.499,6.935,4.958,2.369,0.245,0.0,LO
597,1452,0.0,0.0,3.98,3.414,1.235,0.0,0.338,0.0,LO
597,1455,0.0,0.0,20.91,135.543,20.994,10.759,3.051,0.0,LO
597,6977,0.0,0.0,0.201,0.63,0.533,0.063,0.028,0.0,LO
597,6979,0.0,0.0,0.087,0.283,0.286,0.178,0.0,0.0,LO
603,591,0.0,0.0,0.071,6.86,3.747,1.004,0.495,0.0,LO
603,596,0.0,0.0,0.047000002,1.572,0.724,0.351,0.09,0.0,LO
603,597,0.0,0.0,0.0,0.545,0.579,0.22199999,0.0,0.0,LO
603,617,0.0,0.0,0.0,0.435,0.189,0.045,0.029,0.0,LO
603,618,0.0,0.0,2.1759999,32.451,4.6740003,1.571,0.241,0.0,LO
603,620,0.0,0.0,0.045,0.502,0.283,0.095,0.014,0.0,LO
603,621,0.0,0.0,0.327,15.293,3.437,1.021,0.365,0.0,LO
603,659,0.0,0.0,0.13,0.61,0.584,0.24700001,0.033,0.0,LO
603,680,0.0,0.0,0.0,0.0,0.0,0.0,0.043,0.0,LO
603,686,0.0,0.0,2.903,44.995,20.042,7.041,1.924,0.0,LO
603,709,0.0,0.0,0.0,0.429,0.262,0.362,0.08,0.0,LO
603,717,0.0,0.0,0.046,1.281,0.42900002,0.351,0.044,0.0,LO
603,719,0.0,0.0,70.001,1213.688,661.636,329.264,148.878,0.0,LO
603,751,0.0,0.0,0.236,1.199,0.852,1.057,0.16,0.0,LO
603,755,0.0,0.0,0.0,1.326,0.71,0.423,0.07,0.0,LO
603,763,0.096,3.448,64.639,216.749,129.737,79.551,27.475,0.0,LO
603,766,0.0,0.0,3.78,52.096,28.913,19.01,3.872,0.0,LO
603,788,0.018000001,3.6859999,14.109,73.038,39.256,24.612,14.904,0.002,LO
603,1022,0.014,6.554,47.967,437.978,391.843,238.786,53.649002,0.001,LO
603,1023,0.014,6.602,59.66,588.108,152.24,81.665,21.032,0.0,LO
603,1024,0.039,6.3450003,97.861,879.962,241.135,83.918,12.092,0.002,LO
603,1039,0.012,0.72900003,7.938,43.303,30.808,19.798,6.192,0.001,LO
603,1082,0.035,8.463,39.232,152.982,79.155,43.863,14.031,0.004,LO
603,1083,0.059,4.583,2.6330001,18.249,15.887,14.132,7.204,0.0,LO
603,1085,0.003,2.843,11.326,57.668,44.202,27.033,7.132,0.0,LO
603,1395,0.0,0.0,0.096,0.727,0.687,0.407,0.001,0.0,LO
603,1398,0.0,0.0,0.0,0.555,0.601,0.504,0.017,0.0,LO
603,1404,0.0,0.0,1.375,20.482,14.358,7.763,1.517,0.0,LO
603,1409,0.0,0.0,3.313,101.919,29.785,14.392,5.3389997,0.0,LO
603,1413,0.0,0.0,6.255,245.687,56.753,26.433,3.853,0.0,LO
603,1415,0.0,0.0,0.0,0.0,0.0,0.0,0.015,0.0,LO
603,1421,0.0,0.0,7.712,106.589,65.135,32.862,11.201,0.0,LO
603,1429,0.0,0.0,13.085,766.907,596.721,452.064,127.112,0.0,LO
603,1434,0.0,0.0,0.0,0.546,0.262,0.325,0.047,0.0,LO
603,1437,0.0,0.0,3.328,47.5,26.91,18.152,3.638,0.0,LO
603,1438,0.0,0.0,1.379,23.39,15.047,6.684,2.072,0.0,LO
603,1439,0.0,0.0,1.531,23.044,18.057,12.517,0.942,0.0,LO
603,1440,0.0,0.0,10.346,186.262,57.046,29.212,6.469,0.0,LO
603,1441,0.0,4.623,17.91,257.197,295.906,200.306,52.456,0.0,LO
603,1442,0.0,0.0,0.0,0.511,0.554,0.296,0.0,0.0,LO
603,1443,0.016,11.061,114.991,690.071,560.183,370.151,86.131,0.0,LO
603,1445,0.0,0.0,4.54,56.411,22.594,13.384,4.7400002,0.0,LO
603,1448,0.0,0.0,3.103,55.54,31.674,25.723,12.441,0.0,LO
603,1449,0.0,0.0,5.668,42.448,21.536,7.972,1.499,0.0,LO
603,1452,0.0,0.0,4.886,32.773,14.897,10.985,1.5830001,0.0,LO
603,1455,0.0,0.0,0.096,0.578,0.496,0.40600002,0.0,0.0,LO
603,5150,0.0,0.0,0.061,2.22,0.621,0.525,0.059,0.0,LO
603,5301,0.0,0.0,1.683,3.986,1.299,0.406,0.0,0.0,LO
603,5345,0.17,24.535,24.273,114.713,80.203,47.011,12.575,0.020000001,LO
603,5356,0.0,0.148,6.413,54.008,39.907,24.567,2.1,0.0,LO
603,5362,0.0,0.095,7.767,47.706,37.284,25.907,4.262,0.0,LO
603,5376,0.0,0.062,3.352,6.0360003,0.0,0.0,1.697,0.0,LO
603,5378,0.0,0.095,1.362,7.064,0.0,0.0,1.139,0.0,LO
603,5397,0.0,0.025,2.866,5.209,0.0,0.0,1.472,0.0,LO
603,5404,0.0,0.043,8.83,68.202,64.386,41.62,8.1310005,0.0,LO
603,5411,0.0,0.022,2.521,6.95,0.0,0.0,0.57000005,0.0,LO
603,5418,0.0,0.352,7.378,41.819,38.256,25.636,5.327,0.0,LO
603,5421,0.0,0.0,5.964,42.976,33.289,13.671,3.422,0.0,LO
603,5423,0.0,0.0,12.008,98.419,50.661,25.236,3.946,0.0,LO
603,5424,0.0,0.0,6.169,36.521,33.454,24.354,5.44,0.0,LO
603,5437,0.0,0.093,4.662,29.846,29.5,19.376,3.633,0.0,LO
603,5595,0.0,0.0,1.599,16.696,9.112,5.131,1.684,0.0,LO
603,6926,0.0,0.0,0.153,1.764,0.566,4.283,0.186,0.0,LO
603,6961,0.0,0.0,0.0,0.574,0.293,0.128,0.016,0.0,LO
603,6962,0.0,0.0,0.0,0.322,0.106,0.061,0.0,0.0,LO
603,6965,0.0,0.0,0.0,0.134,0.008,0.022999998,0.039,0.0,LO
603,6966,0.0,0.0,0.0,0.506,0.0,0.0,0.0,0.0,LO
603,6973,0.0,0.0,0.0,0.056,0.068,0.036,0.0,0.0,LO
603,6977,0.0,0.0,21.287,934.461,764.76,474.504,132.395,0.0,LO
603,6978,0.0,0.0,11.637,432.754,172.903,181.818,86.395,0.0,LO
603,6979,0.0,0.0,19.491,578.328,629.275,445.289,155.352,0.0,LO
603,9586,0.0,0.0,0.41099998,11.544,8.218,5.487,0.376,0.0,LO
603,9587,0.0,0.0,1.061,28.517,9.576,6.342,0.717,0.0,LO
617,596,0.0,0.0,0.88100004,3.04,2.0509999,1.074,0.351,0.0,LO
617,597,0.0,0.0,2.036,8.358,4.357,3.728,1.02,0.0,LO
617,603,0.0,0.0,0.038,0.415,0.065,0.057,0.01,0.0,LO
617,618,0.0,0.0,0.237,1.269,0.671,0.496,0.149,0.0,LO
617,620,0.0,0.043,1.573,7.514,3.365,2.57,0.932,0.0,LO
617,659,0.0,0.0,0.827,3.246,1.581,1.028,0.587,0.0,LO
617,680,0.0,0.0,19.575,166.988,47.101,20.279,1.937,0.0,LO
617,709,0.0,0.0,0.35300002,2.034,1.645,1.827,0.766,0.0,LO
617,717,0.0,0.0,0.49199998,3.4320002,1.556,0.816,0.484,0.0,LO
617,719,0.0,0.0,0.0,0.0,0.125,0.0,0.0,0.0,LO
617,751,0.0,0.0,3.498,19.742,8.122,3.698,2.5509999,0.0,LO
617,755,0.0,0.0,0.693,2.2779999,0.66,0.51,0.013,0.0,LO
617,766,0.0,0.016,0.449,4.167,0.951,0.537,0.153,0.0,LO
617,1395,0.0,0.0,0.447,2.414,0.813,0.299,0.0,0.0,LO
617,1398,0.0,0.0,0.427,1.189,0.85,0.52,0.414,0.0,LO
617,1402,0.0,0.13,5.465,12.618,6.838,3.94,0.552,0.0,LO
617,1415,0.0,0.0,2.802,14.9279995,3.466,1.702,0.649,0.0,LO
617,1434,0.0,0.0,0.41,2.078,1.684,0.405,0.0,0.0,LO
617,1442,0.0,0.006,0.504,1.414,0.847,0.84000003,0.013,0.0,LO
617,1444,0.0,0.0,19.129,94.315,43.478,17.713,4.324,0.0,LO
617,1451,0.0,0.0,2.282,9.601,3.498,1.191,0.527,0.0,LO
617,1455,0.0,0.007,0.47,6.142,2.519,1.351,0.25,0.0,LO
617,5595,0.0,0.0,1.208,5.834,2.419,1.649,1.407,0.0,LO
617,9586,0.0,0.0,0.696,0.901,0.154,0.132,0.0,0.0,LO
617,9587,0.0,0.0,0.284,9.443,4.3589997,0.418,0.001,0.0,LO
618,514,0.0,0.0,0.035,0.0,0.0,0.0,0.0,0.0,LO
618,522,0.0,0.0,0.041,0.604,0.66400003,0.084,0.0,0.0,LO
618,596,0.0,0.0,0.074,0.899,0.545,0.451,0.146,0.0,LO
618,603,0.0,0.0,1.023,16.974,21.147,3.266,0.692,0.0,LO
618,617,0.0,0.0,0.0,0.723,0.833,0.291,0.0,0.0,LO
618,620,0.0,0.0,0.08,2.125,1.289,0.62299997,0.403,0.0,LO
618,659,0.0,0.0,0.061,1.156,0.484,0.59499997,0.203,0.0,LO
618,680,0.0,0.0,0.0,2.592,1.766,0.598,0.0,0.0,LO
618,709,0.0,0.0,0.0,2.2,1.554,0.416,0.489,0.0,LO
618,717,0.0,0.0,0.051,2.065,1.144,0.298,0.618,0.0,LO
618,719,0.0,0.0,0.64,21.689001,26.554,2.362,0.389,0.0,LO
618,751,0.0,0.0,0.87,5.561,4.224,1.419,1.06,0.0,LO
618,755,0.0,0.0,4.067,44.0,35.008,7.911,2.582,0.0,LO
618,766,0.0,0.0,2.588,38.136,32.834,11.289,6.132,0.0,LO
618,788,0.0,0.0,0.0,0.006,0.0,0.0,0.0,0.0,LO
618,1022,0.0,0.0,0.0,1.444,0.955,0.0,0.037,0.0,LO
618,1023,0.0,0.0,0.092999995,1.4300001,0.93,0.076000005,0.0,0.0,LO
618,1024,0.0,0.0,0.113,1.123,0.875,0.77099997,0.0,0.0,LO
618,1082,0.0,0.0,0.108,0.76,0.47100002,0.0,0.019000001,0.0,LO
618,1083,0.0,0.0,0.132,6.514,3.405,0.341,0.039,0.0,LO
618,1085,0.0,0.0,0.0,0.958,0.0,0.0,0.0,0.0,LO
618,1395,0.0,0.0,0.513,2.726,2.142,0.304,0.064,0.0,LO
618,1398,0.0,0.0,0.0,1.063,1.272,0.385,0.159,0.0,LO
618,1409,0.0,0.0,0.238,9.475,6.599,3.0870001,0.243,0.0,LO
618,1413,0.0,0.0,0.74,25.894,8.373,2.106,0.265,0.0,LO
618,1415,0.0,0.0,0.056,0.554,0.258,0.229,0.0,0.0,LO
618,1421,0.0,0.0,0.072,16.428,14.094,3.54,0.088,0.0,LO
618,1429,0.0,0.0,0.21100001,9.028,11.216,2.5,0.17,0.0,LO
618,1434,0.0,0.0,0.0,0.529,0.744,0.0,0.0,0.0,LO
618,1437,0.0,0.0,0.639,20.997,19.707,6.157,0.603,0.0,LO
618,1438,0.0,0.0,0.191,7.322,5.802,2.397,0.628,0.0,LO
618,1439,0.0,0.0,0.0,2.101,1.862,0.431,0.063,0.0,LO
618,1440,0.0,0.0,0.486,13.326,7.113,1.586,0.43899998,0.0,LO
618,1441,0.0,0.0,0.195,3.111,3.2419999,1.041,0.009,0.0,LO
618,1442,0.0,0.0,0.143,2.814,1.909,0.709,0.0,0.0,LO
618,1443,0.0,0.0,0.0,1.346,1.016,0.463,0.0,0.0,LO
618,1444,0.0,0.0,0.262,2.9,2.323,0.043,0.088999994,0.0,LO
618,1445,0.0,0.0,0.282,16.107,11.282,4.052,1.292,0.0,LO
618,1448,0.0,0.0,0.059,8.772,7.864,2.484,0.52,0.0,LO
618,1449,0.0,0.0,0.396,6.435,4.137,0.4,0.035,0.0,LO
618,1455,0.0,0.0,0.509,2.939,1.707,0.96400005,0.536,0.0,LO
618,1524,0.0,0.0,0.0,3.808,3.524,0.605,0.343,0.0,LO
618,5301,0.0,0.0,0.188,15.903,8.927,4.459,0.856,0.0,LO
618,5345,0.0,0.0,0.017,0.255,0.0,0.0,0.0,0.0,LO
618,5362,0.0,0.0,0.0,0.139,0.167,0.216,0.0,0.0,LO
618,5372,0.0,0.0,0.007,2.042,3.142,2.519,0.375,0.0,LO
618,5421,0.0,0.0,0.345,7.28,6.14,1.729,0.773,0.0,LO
618,5423,0.0,0.0,0.162,8.687,7.303,2.392,0.155,0.0,LO
618,5424,0.0,0.0,0.22,4.028,2.707,1.066,0.274,0.0,LO
618,5437,0.0,0.0,0.0,0.396,0.165,0.17300001,0.0,0.0,LO
618,5595,0.0,0.0,25.611,346.123,239.575,75.78,36.462,0.0,LO
618,6814,0.0,0.0,0.0,0.299,0.209,0.0,0.0,0.0,LO
618,6941,0.0,0.0,0.0,0.114,0.072,0.293,0.028,0.0,LO
618,6959,0.0,0.0,0.0,0.319,0.242,0.103,0.0,0.0,LO
618,6977,0.0,0.0,0.35,5.797,9.5390005,1.634,0.19399999,0.0,LO
618,6978,0.0,0.0,0.049,3.713,1.34,0.165,0.026,0.0,LO
618,6979,0.0,0.0,0.093,3.386,4.434,0.967,0.18699999,0.0,LO
618,7401,0.0,0.0,0.422,3.022,3.387,0.72499996,0.014,0.0,LO
618,7404,0.0,0.0,0.0,0.997,0.816,0.0,0.0,0.0,LO
618,7406,0.0,0.0,0.0,2.846,1.976,0.0,0.0,0.0,LO
618,9586,0.0,0.0,1.729,21.188,10.849,4.89,1.631,0.0,LO
618,9587,0.0,0.0,4.962,221.338,114.382,21.424,28.381,0.0,LO
620,522,0.0,0.0,0.0,0.007,0.016,0.0,0.0,0.0,LO
620,591,0.0,0.0,0.583,1.38,0.35500002,0.267,0.0,0.0,LO
620,596,0.0,0.0,8.422,8.994,4.961,5.59,1.0139999,0.0,LO
620,597,0.0,0.0,5.361,26.703,11.338,6.381,0.61,0.0,LO
620,603,0.0,0.0,0.063,0.141,0.072,0.0,0.0,0.0,LO
620,617,0.0,0.0,2.871,6.741,2.185,1.282,0.625,0.0,LO
620,621,0.0,0.0,0.132,1.316,0.372,0.248,0.0,0.0,LO
620,659,0.0,0.0,4.231,8.959,4.337,2.428,0.574,0.0,LO
620,680,0.0,0.0,7.593,39.996,13.987,6.258,0.837,0.0,LO
620,686,0.0,0.0,0.47,5.126,1.209,0.647,0.0,0.0,LO
620,709,0.0,0.0,1.164,20.491,6.902,4.553,0.659,0.0,LO
620,717,0.0,0.0,5.646,8.519,9.725,3.012,0.396,0.0,LO
620,719,0.0,0.0,0.033,0.403,0.147,0.038999997,0.008,0.0,LO
620,751,0.0,0.0,10.457,50.656,14.867,9.166,5.742,0.0,LO
620,766,0.0,0.0,5.546,12.668,4.737,4.5099998,0.901,0.0,LO
620,1395,0.0,0.0,1.687,6.391,3.223,3.421,0.5,0.0,LO
620,1398,0.0,0.0,0.69,4.455,2.727,1.296,0.465,0.0,LO
620,1402,0.0,0.0,20.691,43.694,18.746,10.068,1.8989999,0.0,LO
620,1404,0.0,0.0,0.359,0.978,1.107,0.214,0.0,0.0,LO
620,1409,0.0,0.0,0.0,0.23799999,0.0,0.233,0.06,0.0,LO
620,1413,0.0,0.0,0.0,0.327,0.12,0.055,0.0,0.0,LO
620,1415,0.0,0.0,0.475,2.597,2.054,0.92399997,0.073,0.0,LO
620,1429,0.0,0.0,0.0,0.35,0.138,0.031,0.0,0.0,LO
620,1434,0.0,0.0,0.0,5.862,2.596,2.049,0.149,0.0,LO
620,1440,0.0,0.0,0.077,0.281,0.037,0.0,0.0,0.0,LO
620,1442,0.0,0.0,4.3190002,11.475,11.257,4.138,1.05,0.0,LO
620,1444,0.0,0.0,12.028,16.203,7.043,5.715,0.42700002,0.0,LO
620,1448,0.0,0.0,0.039,0.197,0.015,0.02,0.0,0.0,LO
620,1452,0.0,0.0,0.0,2.555,1.334,3.864,0.0,0.0,LO
620,1455,0.0,0.0,10.11,45.492,11.801,3.8339999,0.556,0.0,LO
620,6977,0.0,0.0,0.0,0.331,0.215,0.148,0.0,0.0,LO
621,514,0.0,0.0,0.0,0.0,0.0,0.0,0.013,0.0,LO
621,522,0.0,0.0,0.0,0.0,0.0,0.0,0.021,0.0,LO
621,591,0.0,0.0,1.536,17.255001,7.984,1.106,0.308,0.0,LO
621,596,0.0,0.0,0.087,0.608,0.475,0.07,0.011,0.0,LO
621,597,0.0,0.0,0.092,0.774,1.49,0.464,0.035,0.0,LO
621,603,0.0,0.0,0.388,13.311,18.345,2.582,0.356,0.0,LO
621,620,0.0,0.0,0.013,0.497,1.108,0.135,0.0,0.0,LO
621,659,0.0,0.0,0.0,0.496,0.24,0.042999998,0.0,0.0,LO
621,680,0.0,0.0,0.121,0.316,0.0,0.113000005,0.026,0.0,LO
621,686,0.0,0.0,5.818,138.44499,46.272,9.137,1.466,0.0,LO
621,709,0.0,0.0,0.0,0.553,0.612,0.098,0.0,0.0,LO
621,717,0.0,0.0,0.0,0.626,0.401,0.042000003,0.012,0.0,LO
621,719,0.0,0.0,0.436,6.305,8.361,2.017,0.28,0.0,LO
621,751,0.0,0.0,0.0,2.342,1.558,0.156,0.003,0.0,LO
621,766,0.0,0.0,1.449,26.809,26.837,3.547,0.745,0.0,LO
621,1022,0.0,0.0,0.0,0.641,1.062,0.030000001,0.044,0.0,LO
621,1023,0.0,0.0,0.115,1.248,0.724,0.057,0.01,0.0,LO
621,1024,0.0,0.0,0.077,0.388,0.517,0.083,0.01,0.0,LO
621,1082,0.0,0.0,0.0,0.062,0.0,0.0,0.0,0.0,LO
621,1083,0.0,0.0,0.07,0.113,0.0,0.0,0.0,0.0,LO
621,1085,0.0,0.0,0.0,0.028,0.0,0.0,0.0,0.0,LO
621,1395,0.0,0.0,0.0,0.271,1.268,0.257,0.003,0.0,LO
621,1398,0.0,0.0,0.0,0.799,0.832,0.33699998,0.041,0.0,LO
621,1402,0.0,0.0,0.291,1.183,1.927,0.813,0.028,0.0,LO
621,1404,0.0,0.0,0.37800002,25.074,23.696001,3.167,0.371,0.0,LO
621,1409,0.0,0.0,0.22000001,10.255,12.72,1.284,0.21800001,0.0,LO
621,1413,0.0,0.0,0.421,17.056,9.917,2.329,0.384,0.0,LO
621,1415,0.0,0.0,0.0,0.282,0.498,0.134,0.024,0.0,LO
621,1421,0.0,0.0,0.563,5.677,6.676,2.535,0.399,0.0,LO
621,1429,0.0,0.0,0.29,7.25,9.9869995,1.4660001,0.349,0.0,LO
621,1437,0.0,0.0,0.809,16.012,14.993,3.136,0.351,0.0,LO
621,1438,0.0,0.0,0.055,6.907,7.395,1.094,0.708,0.0,LO
621,1439,0.0,0.0,0.35500002,1.8100001,3.2949998,0.612,0.18900001,0.0,LO
621,1440,0.0,0.0,0.195,14.813,13.497,1.214,0.592,0.0,LO
621,1441,0.0,0.0,0.282,5.568,6.485,1.258,0.052,0.0,LO
621,1443,0.0,0.0,0.119,0.656,1.158,0.154,0.042,0.0,LO
621,1444,0.0,0.0,0.269,4.717,2.302,0.255,0.0,0.0,LO
621,1445,0.0,0.0,0.82199997,11.706,10.415,2.187,0.397,0.0,LO
621,1448,0.0,0.0,0.0,8.19,13.521,1.305,0.306,0.0,LO
621,1449,0.0,0.0,0.609,7.544,9.042,1.018,0.156,0.0,LO
621,1451,0.0,0.0,0.582,1.48,0.69699997,0.0,0.077,0.0,LO
621,1452,0.0,0.0,0.801,56.876,39.757,5.275,0.57,0.0,LO
621,1455,0.0,0.0,0.289,0.856,0.837,0.231,0.106,0.0,LO
621,1524,0.0,0.0,0.0,3.737,4.749,0.736,0.05,0.0,LO
621,6914,0.0,0.0,0.0,0.182,0.139,0.136,0.0,0.0,LO
621,6919,0.0,0.0,0.0,0.119,0.20199999,0.015999999,0.0,0.0,LO
621,6956,0.0,0.0,0.0,0.008,0.003,0.0,0.0,0.0,LO
621,6977,0.0,0.0,0.525,6.413,9.232,1.449,0.207,0.0,LO
621,6978,0.0,0.0,0.077,2.23,1.278,0.522,0.14999999,0.0,LO
621,6979,0.0,0.0,0.0,3.395,6.046,0.777,0.149,0.0,LO
621,7401,0.0,0.0,0.0,2.867,4.301,0.54,0.019000001,0.0,LO
621,7402,0.0,0.0,0.0,0.53400004,1.019,0.106,0.013,0.0,LO
621,7406,0.0,0.0,0.0,3.478,5.225,1.027,0.059,0.0,LO
659,514,0.0,0.0,0.16,0.038,0.027,0.006,0.0,0.0,LO
659,522,0.0,0.0,0.04,0.018,0.017,0.004,0.0,0.0,LO
659,591,0.0,0.0,0.43,0.959,0.455,0.0,0.09,0.0,LO
659,596,0.0,0.0,4.001,7.811,5.428,2.603,0.599,0.0,LO
659,597,0.0,0.0,3.993,17.851,8.41,4.41,0.23099999,0.0,LO
659,603,0.0,0.0,0.278,0.228,0.045,0.044,0.006,0.0,LO
659,617,0.0,0.0,1.384,2.995,2.165,0.723,0.135,0.0,LO
659,620,0.0,0.0,4.7860003,11.433,4.466,3.422,0.311,0.0,LO
659,680,0.0,0.0,15.587,73.297,26.066,9.14,1.442,0.0,LO
659,686,0.0,0.0,2.258,5.141,0.871,1.089,0.25800002,0.0,LO
659,709,0.0,0.0,1.808,5.734,2.875,1.798,0.584,0.0,LO
659,717,0.0,0.0,2.832,4.831,2.4359999,1.757,0.206,0.0,LO
659,719,0.0,0.0,0.475,0.707,0.443,0.075,0.018,0.0,LO
659,751,0.0,0.0,5.836,48.670002,13.135,3.9490001,0.674,0.0,LO
659,766,0.0,0.0,3.176,7.32,3.292,2.056,0.29,0.0,LO
659,1395,0.0,0.0,0.464,1.757,0.747,0.567,0.0,0.0,LO
659,1398,0.0,0.0,0.63,2.258,1.146,1.221,0.21599999,0.0,LO
659,1402,0.0,0.0,7.899,13.081,10.594,6.23,0.83100003,0.0,LO
659,1404,0.0,0.0,0.403,1.61,0.408,0.559,0.0,0.0,LO
659,1413,0.0,0.0,0.042,0.248,0.432,0.081,0.0,0.0,LO
659,1415,0.0,0.0,2.4229999,4.797,2.836,0.396,0.14400001,0.0,LO
659,1421,0.0,0.0,0.47399998,0.849,0.087,0.035,0.0,0.0,LO
659,1429,0.0,0.0,0.132,0.739,0.053000003,0.146,0.0,0.0,LO
659,1434,0.0,0.0,1.01,3.171,1.434,0.0,0.0,0.0,LO
659,1437,0.0,0.0,0.08,0.151,0.018,0.034,0.0,0.0,LO
659,1440,0.0,0.0,0.172,0.68,0.297,0.0,0.076,0.0,LO
659,1442,0.0,0.0,1.141,4.337,2.423,0.89599997,0.135,0.0,LO
659,1444,0.0,0.0,16.875,29.569,16.922,11.941,0.716,0.0,LO
659,1445,0.0,0.0,0.14,0.32,0.068,0.0,0.0,0.0,LO
659,1449,0.0,0.0,0.225,0.251,0.042000003,0.015999999,0.0,0.0,LO
659,1451,0.0,0.0,2.019,6.055,1.674,1.311,0.0,0.0,LO
659,1452,0.0,0.0,1.5,1.454,1.388,0.325,0.0,0.0,LO
659,1455,0.0,0.0,3.893,17.126,3.554,2.936,0.459,0.0,LO
659,6977,0.0,0.0,0.0,0.396,0.21,0.047000002,0.0,0.0,LO
659,6979,0.0,0.0,0.153,0.78000003,0.186,0.0,0.0,0.0,LO
680,596,0.0,0.011,10.061,53.351,44.579,34.488,8.911,0.0,LO
680,597,0.0,0.0,6.294,39.371,36.896,26.561,7.9639997,0.0,LO
680,617,0.0,0.0,6.302,73.998,66.595,50.102,13.467,0.0,LO
680,618,0.0,0.0,0.745,3.776,1.143,0.358,0.054,0.0,LO
680,620,0.0,0.029,3.515,23.892,24.329,13.911,3.958,0.0,LO
680,659,0.0,0.0,4.202,28.59,32.095,23.17,8.2960005,0.0,LO
680,709,0.0,0.0,3.366,23.694,27.757,18.367,5.624,0.0,LO
680,717,0.0,0.0,8.052,49.124,39.642,28.405,9.2300005,0.0,LO
680,751,0.0,0.151,17.147,185.516,115.266,84.361,27.663,0.0,LO
680,755,0.0,0.0,0.21599999,1.547,1.026,0.62,0.038,0.0,LO
680,766,0.0,0.0,12.604,85.694,69.340004,56.03,17.998,0.0,LO
680,1395,0.0,0.0,1.065,17.954,18.829,7.699,2.993,0.0,LO
680,1398,0.0,0.0,1.0040001,16.747,16.257,12.446,2.527,0.0,LO
680,1402,0.0,0.147,16.555,34.039,14.223,9.968,7.546,0.0,LO
680,1409,0.0,0.0,0.0,0.419,0.296,0.192,0.007,0.0,LO
680,1413,0.0,0.0,0.082,1.765,0.591,0.574,0.019,0.0,LO
680,1415,0.0,0.0,0.463,9.1710005,5.101,2.708,0.467,0.0,LO
680,1429,0.0,0.0,0.0,0.19,0.112,0.038000003,0.026,0.0,LO
680,1434,0.0,0.0,1.443,17.762,7.178,7.06,1.398,0.0,LO
680,1442,0.0,0.0,1.816,18.941,32.246,20.734,3.206,0.0,LO
680,1444,0.0,0.0,24.414999,140.014,58.021,29.496,7.015,0.0,LO
680,1448,0.0,0.0,0.0,0.758,0.718,0.704,0.135,0.0,LO
680,1451,0.0,0.0,1.008,14.51,6.979,1.367,0.414,0.0,LO
680,1455,0.0,0.061,2.021,37.392,30.986,14.911,3.968,0.0,LO
680,5595,0.0,0.0,1.871,16.103,8.377,3.537,0.801,0.0,LO
680,6979,0.0,0.0,0.0,0.096,0.063,0.122,0.0,0.0,LO
680,9586,0.0,0.0,0.174,3.022,1.947,0.62,0.166,0.0,LO
680,9587,0.0,0.0,0.454,13.845,3.424,1.463,0.342,0.0,LO
686,514,0.0,0.0,0.0,0.0,0.0,0.018,0.0,0.0,LO
686,522,0.0,0.0,0.021000002,0.0,0.0,0.078,0.118,0.0,LO
686,591,0.0,0.0,7.32,66.086,44.882,18.938,2.98,0.0,LO
686,596,0.0,0.0,0.0,1.489,1.1259999,0.855,0.12,0.0,LO
686,597,0.0,0.0,0.571,4.945,3.873,3.01,0.189,0.0,LO
686,603,0.0,0.0,5.26,76.467,58.315998,20.608,2.232,0.0,LO
686,617,0.0,0.0,0.485,0.409,0.0,0.492,0.065,0.0,LO
686,620,0.0,0.0,0.069,1.875,2.841,1.09,0.042999998,0.0,LO
686,621,0.0,0.0,5.791,140.83301,46.628,15.97,3.366,0.0,LO
686,659,0.0,0.0,0.181,1.06,2.348,1.4120001,0.152,0.0,LO
686,680,0.0,0.0,2.454,1.033,0.0,1.705,0.169,0.0,LO
686,709,0.0,0.0,0.192,1.018,3.352,0.943,0.097,0.0,LO
686,717,0.0,0.0,0.0,1.477,0.884,0.721,0.055,0.0,LO
686,719,0.0,0.0,4.171,33.815,25.012,8.697,2.253,0.0,LO
686,751,0.0,0.0,0.579,21.513,11.57,3.99,0.341,0.0,LO
686,766,0.0,0.0,8.853,124.239,92.171,29.961,6.242,0.0,LO
686,1022,0.0,0.0,0.349,2.965,3.774,0.812,0.0,0.0,LO
686,1023,0.0,0.0,0.43,3.024,1.9169999,0.625,0.05,0.0,LO
686,1024,0.0,0.0,0.978,4.488,1.623,0.263,0.0,0.0,LO
686,1082,0.0,0.0,0.055,0.08,0.0,0.0,0.0,0.0,LO
686,1085,0.0,0.0,0.047,0.053000003,0.0,0.0,0.0,0.0,LO
686,1395,0.0,0.0,0.006,1.365,1.227,0.853,0.044,0.0,LO
686,1398,0.0,0.0,0.286,0.908,1.04,0.527,0.007,0.0,LO
686,1402,0.0,0.0,0.452,10.309,5.288,2.959,0.617,0.0,LO
686,1404,0.0,0.0,2.489,90.691,106.417,48.813,19.086,0.0,LO
686,1409,0.0,0.0,1.381,22.907,26.393,9.57,0.389,0.0,LO
686,1413,0.0,0.0,1.753,44.417,26.447,7.452,2.388,0.0,LO
686,1415,0.0,0.0,0.517,1.185,0.858,0.215,0.066,0.0,LO
686,1421,0.0,0.0,7.753,101.891,90.566,35.239,5.6940002,0.0,LO
686,1429,0.0,0.0,0.798,25.776001,28.143,13.591,1.433,0.0,LO
686,1434,0.0,0.0,0.416,1.797,1.605,0.395,0.005,0.0,LO
686,1437,0.0,0.0,3.787,50.607,48.873,16.237,3.118,0.0,LO
686,1438,0.0,0.0,1.821,22.306,24.442,5.781,1.671,0.0,LO
686,1439,0.0,0.0,0.55799997,6.051,6.522,3.13,0.132,0.0,LO
686,1440,0.0,0.0,1.831,48.372,26.79,9.824,1.616,0.0,LO
686,1441,0.0,0.0,0.356,13.65,16.716,5.756,0.81200004,0.0,LO
686,1442,0.0,0.0,0.137,1.7720001,1.534,1.177,0.011000001,0.0,LO
686,1443,0.0,0.0,0.745,3.737,3.619,0.776,0.146,0.0,LO
686,1444,0.0,0.0,0.285,3.43,1.612,0.19800001,0.0,0.0,LO
686,1445,0.0,0.0,4.112,47.567,28.098,8.574,3.446,0.0,LO
686,1448,0.0,0.0,2.328,31.664999,37.350998,13.125,4.767,0.0,LO
686,1449,0.0,0.0,3.035,13.109,10.753,2.234,0.447,0.0,LO
686,1451,0.0,0.0,0.46400002,1.453,1.3310001,0.428,0.148,0.0,LO
686,1452,0.0,0.0,11.918,173.295,161.224,59.143,9.142,0.0,LO
686,1455,0.0,0.0,0.194,3.7389998,2.317,0.85800004,0.029,0.0,LO
686,1524,0.0,0.0,0.33200002,5.333,10.131,4.696,0.052,0.0,LO
686,5345,0.0,0.0,0.009,0.0,0.0,0.0,0.0,0.0,LO
686,5404,0.0,0.0,0.013,0.0,0.0,0.0,0.0,0.0,LO
686,5418,0.0,0.0,0.012,0.0,0.0,0.0,0.0,0.0,LO
686,5437,0.0,0.0,0.005,0.0,0.0,0.0,0.0,0.0,LO
686,6914,0.0,0.0,0.009,0.306,0.254,0.192,0.005,0.0,LO
686,6919,0.0,0.0,0.002,0.297,0.428,0.182,0.145,0.0,LO
686,6926,0.0,0.0,0.003,0.312,0.597,0.21499999,0.021000002,0.0,LO
686,6934,0.0,0.0,0.0,0.362,0.299,0.072000004,0.0,0.0,LO
686,6941,0.0,0.0,0.0,0.03,0.149,0.0,0.0,0.0,LO
686,6956,0.0,0.0,0.0,0.034,0.046,0.0,0.0,0.0,LO
686,6972,0.0,0.0,0.0,0.001,0.097,0.0,0.0,0.0,LO
686,6977,0.0,0.0,1.537,27.843,31.883,12.717,1.247,0.0,LO
686,6978,0.0,0.0,0.188,9.212,4.653,2.7450001,0.0,0.0,LO
686,6979,0.0,0.0,0.614,12.256,15.364,5.034,0.389,0.0,LO
686,7401,0.0,0.0,0.0,9.194,4.6150002,2.484,0.017,0.0,LO
686,7402,0.0,0.0,0.237,0.96,2.033,0.58,0.01,0.0,LO
686,7403,0.0,0.0,0.0,0.664,1.813,0.121999994,0.0,0.0,LO
686,7404,0.0,0.0,0.32999998,1.509,1.661,0.25800002,0.0,0.0,LO
686,7406,0.0,0.0,0.546,6.629,6.239,4.706,0.015000001,0.0,LO
686,7408,0.0,0.0,0.05,0.583,0.473,0.621,0.232,0.0,LO
686,7467,0.0,0.0,0.0,0.616,0.77,0.144,0.0,0.0,LO
698,6814,0.0,0.0,21.344,86.368004,47.257,44.205,10.967,0.0,LO
698,6867,0.0,0.0,7.82,29.637001,15.363,8.274,6.143,0.0,LO
698,6913,0.0,0.0,15.357,111.373,112.261,91.719,30.369,0.0,LO
698,6934,0.0,0.0,5.861,143.887,122.735,69.308,18.28,0.0,LO
698,6941,0.0,0.0,47.413,369.345,382.535,311.542,119.472,0.0,LO
698,6947,0.0,0.0,18.792,125.233,103.099,86.371,33.34,0.0,LO
698,6949,0.0,0.0,6.798,43.466,42.599,39.158,12.514,0.0,LO
698,6952,0.0,0.0,20.035,83.894,77.884,66.407,26.472,0.0,LO
698,6956,0.0,0.0,26.476,200.602,143.57,122.089,41.528,0.0,LO
698,6958,0.0,0.0,7.52,67.367,67.498,53.469,18.043,0.0,LO
698,6959,0.0,0.0,23.964,210.104,172.066,108.433,39.348,0.0,LO
698,6961,0.0,0.0,1.266,26.938,12.384,7.364,3.069,0.0,LO
698,6962,0.0,0.0,3.606,90.347,32.461,13.577,2.572,0.0,LO
698,6965,0.0,0.0,32.015,69.98,25.498,17.986,11.823999,0.0,LO
698,6966,0.0,0.0,13.84,173.366,99.486,51.059002,17.266,0.0,LO
698,6967,0.0,0.0,10.04,89.874,100.56,79.546,24.628,0.0,LO
698,6968,0.0,0.0,1.175,19.106,13.964,13.268,2.456,0.0,LO
698,6972,0.0,0.0,53.933,265.006,282.748,202.699,78.474,0.0,LO
709,591,0.0,0.0,0.706,1.23,0.471,0.0,0.0,0.0,LO
709,596,0.0,0.0,2.9420002,4.574,2.566,1.862,1.497,0.0,LO
709,597,0.0,0.0,4.528,20.259,7.578,3.832,0.34,0.0,LO
709,603,0.0,0.0,0.032,0.156,0.093,0.026,0.0,0.0,LO
709,617,0.0,0.0,1.779,3.02,1.42,0.305,0.43,0.0,LO
709,620,0.0,0.0,3.865,18.389,4.937,1.688,0.194,0.0,LO
709,621,0.0,0.0,0.042999998,1.26,0.308,0.0,0.0,0.0,LO
709,659,0.0,0.0,1.385,5.9,2.966,2.049,0.491,0.0,LO
709,680,0.0,0.0,10.809,57.543,17.487,5.111,0.223,0.0,LO
709,686,0.0,0.0,0.469,5.156,0.88,0.29900002,0.0,0.0,LO
709,717,0.0,0.0,2.613,3.826,2.352,0.865,1.385,0.0,LO
709,719,0.0,0.0,0.056,0.894,0.163,0.0,0.0,0.0,LO
709,751,0.0,0.0,9.281,76.13,13.791,5.927,1.934,0.0,LO
709,766,0.0,0.0,2.974,5.699,1.963,1.471,0.401,0.0,LO
709,1395,0.0,0.0,0.0,1.967,0.677,0.0,0.093,0.0,LO
709,1398,0.0,0.0,1.905,1.745,1.58,1.903,0.118,0.0,LO
709,1402,0.0,0.0,14.914,24.92,7.2850003,4.059,0.57,0.0,LO
709,1404,0.0,0.0,0.319,1.021,0.559,0.319,0.0,0.0,LO
709,1413,0.0,0.0,0.036,0.651,0.121,0.0,0.0,0.0,LO
709,1415,0.0,0.0,1.5120001,5.722,0.922,0.376,0.115,0.0,LO
709,1437,0.0,0.0,0.06,0.347,0.0,0.0,0.0,0.0,LO
709,1440,0.0,0.0,0.0,1.4729999,0.117,0.0,0.0,0.0,LO
709,1442,0.0,0.0,0.96099997,3.107,1.306,0.301,0.451,0.0,LO
709,1444,0.0,0.0,10.227,30.017,12.212,4.623,1.34,0.0,LO
709,1451,0.0,0.0,1.197,1.764,0.711,0.373,0.0,0.0,LO
709,1455,0.0,0.0,6.527,27.219,3.935,1.306,0.27199998,0.0,LO
717,514,0.0,0.0,0.017,0.029000001,0.0,0.0,0.0,0.0,LO
717,522,0.0,0.0,0.0,0.012,0.013,0.021,0.0,0.0,LO
717,591,0.0,0.0,0.536,0.365,0.0,0.147,0.004,0.0,LO
717,596,0.0,0.0,1.315,3.075,2.733,2.226,0.573,0.0,LO
717,597,0.0,0.0,5.8980002,13.281,10.374,6.7269998,1.281,0.0,LO
717,603,0.0,0.0,0.144,0.484,0.141,0.345,0.009,0.0,LO
717,617,0.0,0.0,1.033,2.5,1.159,1.518,0.227,0.0,LO
717,620,0.0,0.0,4.184,8.819,5.083,5.94,0.939,0.0,LO
717,621,0.0,0.0,0.062,0.222,0.0,0.004,0.052,0.0,LO
717,659,0.0,0.0,0.93,3.9060001,2.651,2.001,0.648,0.0,LO
717,680,0.0,0.0,20.546,83.094,31.666,19.88,0.998,0.0,LO
717,686,0.0,0.0,0.61300004,0.995,0.0,0.267,0.16800001,0.0,LO
717,709,0.0,0.0,1.87,4.691,2.744,1.066,0.296,0.0,LO
717,719,0.0,0.0,0.141,0.421,0.052,0.092,0.06,0.0,LO
717,751,0.0,0.0,2.831,16.112,9.278,2.711,0.671,0.0,LO
717,766,0.0,0.0,0.917,3.547,1.548,1.801,0.147,0.0,LO
717,1024,0.0,0.0,0.0,0.053000003,0.114,0.0,0.0,0.0,LO
717,1395,0.0,0.0,0.937,1.54,0.511,0.879,0.076,0.0,LO
717,1398,0.0,0.0,1.291,4.426,1.158,1.973,0.074,0.0,LO
717,1402,0.0,0.0,7.847,7.592,4.674,3.8830001,1.552,0.0,LO
717,1404,0.0,0.0,0.121,0.168,0.0,0.087000005,0.004,0.0,LO
717,1409,0.0,0.0,0.0,0.105000004,0.022,0.035,0.0,0.0,LO
717,1413,0.0,0.0,0.061,0.297,0.043,0.116000004,0.049,0.0,LO
717,1415,0.0,0.0,2.8,7.0759997,2.671,1.098,0.229,0.0,LO
717,1421,0.0,0.0,0.275,0.17,0.126,0.095,0.054,0.0,LO
717,1429,0.0,0.0,0.033,0.327,0.035,0.131,0.026,0.0,LO
717,1434,0.0,0.0,0.312,5.186,2.795,2.478,0.025,0.0,LO
717,1437,0.0,0.0,0.0,0.136,0.0,0.037,0.0,0.0,LO
717,1439,0.0,0.0,0.036,0.067,0.015,0.0,0.0,0.0,LO
717,1440,0.0,0.0,0.048,0.59999996,0.077,0.16,0.135,0.0,LO
717,1442,0.0,0.0,1.752,3.9,3.398,1.905,0.258,0.0,LO
717,1444,0.0,0.0,14.644,42.516,20.667,13.628,2.741,0.0,LO
717,1448,0.0,0.0,0.088,0.039,0.024,0.042000003,0.0,0.0,LO
717,1449,0.0,0.0,0.045,0.145,0.012,0.02,0.0,0.0,LO
717,1451,0.0,0.0,1.8920001,5.413,1.955,0.657,0.0,0.0,LO
717,1452,0.0,0.0,0.934,0.022,0.0,0.58199996,0.095,0.0,LO
717,1455,0.0,0.0,2.74,15.709,3.8530002,3.18,0.445,0.0,LO
717,6977,0.0,0.0,0.0,0.288,0.12,0.103999995,0.067,0.0,LO
717,6979,0.0,0.0,0.0,0.042,0.055,0.016,0.001,0.0,LO
717,7404,0.0,0.0,0.0,0.055,0.119,0.216,0.0,0.0,LO
719,591,0.0,0.0,1.326,6.183,4.52,2.867,0.282,0.0,LO
719,596,0.0,0.0,0.426,2.479,1.961,1.086,0.0,0.0,LO
719,597,0.0,0.0,0.538,2.51,1.6489999,1.156,0.0,0.0,LO
719,603,0.0,0.0,154.635,1298.298,823.417,357.959,40.084,0.0,LO
719,617,0.0,0.0,0.012,0.355,0.112,0.022,0.0,0.0,LO
719,618,0.0,0.0,6.083,48.536,7.21,1.636,0.1,0.0,LO
719,620,0.0,0.0,0.071,0.659,0.642,0.271,0.0,0.0,LO
719,621,0.0,0.0,0.624,11.65,3.256,1.276,0.06,0.0,LO
719,659,0.0,0.0,0.393,1.24,1.633,0.914,0.0,0.0,LO
719,686,0.0,0.0,3.774,33.75,16.895,9.486,1.243,0.0,LO
719,709,0.0,0.0,0.119,0.634,0.803,0.243,0.0,0.0,LO
719,717,0.0,0.0,0.214,1.724,2.102,1.387,0.0,0.0,LO
719,742,0.0,0.0,0.022,2.005,1.585,0.349,0.032,0.0,LO
719,751,0.0,0.0,0.976,5.428,5.249,2.518,0.0,0.0,LO
719,755,0.0,0.0,0.774,4.997,3.062,1.081,0.052,0.0,LO
719,766,0.0,0.0,7.067,63.218,35.109,21.649,2.102,0.0,LO
719,1022,0.0,0.0,0.638,11.9,8.723,3.253,0.405,0.0,LO
719,1023,0.0,0.0,0.244,7.311,5.491,1.239,0.055,0.0,LO
719,1024,0.0,0.0,0.093,2.132,0.71000004,0.267,0.008,0.0,LO
719,1395,0.0,0.0,0.036,0.481,0.787,0.141,0.075,0.0,LO
719,1398,0.0,0.0,0.0,0.432,0.616,0.153,0.14199999,0.0,LO
719,1402,0.0,0.0,0.508,5.975,4.0699997,1.211,0.0,0.0,LO
719,1404,0.0,0.0,0.38500002,14.617,8.214,6.519,0.673,0.0,LO
719,1409,0.0,0.0,4.089,71.721,41.26,24.797,2.577,0.0,LO
719,1413,0.0,0.0,8.229,135.062,49.678,27.078,2.097,0.0,LO
719,1421,0.0,0.0,3.389,45.224,42.904,14.785,0.976,0.0,LO
719,1429,0.0,0.0,43.607,1121.725,629.908,311.512,41.677,0.0,LO
719,1434,0.0,0.0,0.0,2.287,0.698,0.0,0.0,0.0,LO
719,1437,0.0,0.0,1.267,30.88,26.095,12.764,1.678,0.0,LO
719,1438,0.0,0.0,0.376,14.404,6.947,3.617,0.718,0.0,LO
719,1439,0.0,0.0,13.829,123.071,73.694,47.628,5.49,0.0,LO
719,1440,0.0,0.0,65.701,585.73,204.957,109.205,13.039,0.0,LO
719,1441,0.0,0.0,18.325,254.202,204.894,97.484,14.084,0.0,LO
719,1442,0.0,0.0,0.143,1.497,0.888,0.363,0.0,0.0,LO
719,1443,0.0,0.0,0.728,15.09,8.32,2.019,0.147,0.0,LO
719,1445,0.0,0.0,3.637,37.604,21.711,12.982,3.281,0.0,LO
719,1448,0.0,0.0,2.457,42.755,27.266,19.523,4.193,0.0,LO
719,1449,0.0,0.0,12.425,63.994,32.858,13.019,1.451,0.0,LO
719,1452,0.0,0.0,4.26,24.812,18.197,7.703,0.423,0.0,LO
719,1455,0.0,0.0,0.626,2.198,2.4190001,0.892,0.089999996,0.0,LO
719,1524,0.0,0.0,0.064,3.585,3.346,1.741,0.0,0.0,LO
719,5411,0.0,0.0,0.076,0.42400002,0.0,0.0,0.0,0.0,LO
719,5595,0.0,0.0,5.839,45.068,25.74,13.74,0.618,0.0,LO
719,6913,0.0,0.0,0.12,1.143,0.693,0.35999998,0.0,0.0,LO
719,6914,0.0,0.0,0.161,3.668,1.34,0.618,0.007,0.0,LO
719,6919,0.0,0.0,0.29,5.399,5.502,1.692,0.082,0.0,LO
719,6926,0.0,0.0,0.007,6.231,6.947,1.262,0.156,0.0,LO
719,6934,0.0,0.0,0.077,3.967,3.188,1.087,0.015,0.0,LO
719,6941,0.0,0.0,0.333,6.457,8.379,2.93,0.072000004,0.0,LO
719,6947,0.0,0.0,0.177,1.564,1.337,0.645,0.102,0.0,LO
719,6949,0.0,0.0,0.005,0.093,0.123,0.033,0.0,0.0,LO
719,6952,0.0,0.0,0.013,0.475,0.545,0.209,0.011,0.0,LO
719,6954,0.0,0.0,0.0,1.5699999,1.936,0.855,0.034,0.0,LO
719,6956,0.0,0.0,0.487,2.922,2.559,0.785,0.058,0.0,LO
719,6958,0.0,0.0,0.118999995,3.392,3.3439999,1.055,0.038,0.0,LO
719,6959,0.0,0.0,0.087,1.076,0.623,0.093,0.0,0.0,LO
719,6966,0.0,0.0,0.078999996,1.41,0.737,0.0,0.0,0.0,LO
719,6967,0.0,0.0,0.003,1.207,1.167,0.46,0.01,0.0,LO
719,6968,0.0,0.0,0.031000001,3.035,3.378,1.717,0.051,0.0,LO
719,6972,0.0,0.0,0.371,5.7,7.031,2.101,0.08,0.0,LO
719,6973,0.0,0.0,0.073,2.137,0.773,0.062,0.0,0.0,LO
719,6977,0.0,0.0,52.522,1006.193,688.038,296.5,41.834,0.0,LO
719,6978,0.0,0.0,13.307,478.933,176.166,158.625,28.329,0.0,LO
719,6979,0.0,0.0,26.867,704.727,542.873,302.174,50.670002,0.0,LO
719,7401,0.0,0.0,0.0,0.052,0.092,0.0,0.0,0.0,LO
719,7406,0.0,0.0,0.39000002,2.18,1.234,0.651,0.0,0.0,LO
719,9586,0.0,0.0,1.868,10.029,3.918,2.726,0.224,0.0,LO
719,9587,0.0,0.0,2.599,16.909,10.274,3.406,0.291,0.0,LO
736,6886,0.0,0.0,7.302,39.252,20.407,5.163,0.0,0.0,LO
736,7473,0.0,0.0,5.366,23.767,17.669,7.063,0.0,0.0,LO
742,1429,0.0,0.0,0.0,0.519,0.318,0.175,0.095,0.0,LO
742,1441,0.0,0.0,0.0,0.0,0.0,0.044,0.031,0.0,LO
742,6867,0.0,0.013,7.686,60.094,23.09,8.464,3.086,0.0,LO
742,6914,0.0,0.0,8.706,254.059,164.321,110.739,30.535,0.0,LO
742,6919,0.0,0.0,14.88,289.711,293.586,167.072,55.816,0.0,LO
742,6926,0.0,0.0,20.261,160.741,128.492,80.242,15.002,0.0,LO
742,6954,0.0,0.0,11.022,206.686,237.34,132.969,43.698,0.0,LO
742,6961,0.0,0.0,5.692,79.739,33.327,16.14,6.94,0.0,LO
742,6962,0.0,0.0,0.432,13.151,4.527,1.225,0.0,0.0,LO
742,6965,0.0,19.657,94.851,307.79,73.939,34.337,7.955,0.0,LO
742,6966,0.0,0.0,0.079,13.347,6.048,2.113,0.185,0.0,LO
742,6973,0.0,0.0,1.7080001,13.017,13.173,8.242,1.626,0.0,LO
742,6978,0.0,0.0,0.139,1.495,0.48000002,0.169,0.047,0.0,LO
742,6979,0.0,0.0,0.017,1.538,0.874,0.382,0.053000003,0.0,LO
751,514,0.0,0.0,0.07,0.072,0.075,0.016,0.0,0.0,LO
751,522,0.0,0.0,0.0,0.088,0.1,0.012,0.0,0.0,LO
751,591,0.0,0.0,0.70100003,1.881,0.755,1.058,0.198,0.0,LO
751,596,0.0,0.0,11.393,31.745,23.07,4.919,1.688,0.0,LO
751,597,0.0,0.0,12.85,55.348,35.633,13.478,3.585,0.0,LO
751,603,0.0,0.0,0.415,0.794,0.14,0.154,0.0,0.0,LO
751,617,0.0,0.0,3.834,15.077,7.928,2.284,0.712,0.0,LO
751,620,0.0,0.0,12.344999,45.174,27.317,10.205,4.676,0.0,LO
751,621,0.0,0.0,0.35799998,2.256,0.23300001,0.818,0.07,0.0,LO
751,659,0.0,0.0,3.512,38.536,18.776001,4.704,1.684,0.0,LO
751,680,0.0,0.0,60.504,303.975,120.154,55.526,5.682,0.0,LO
751,686,0.0,0.0,2.819,10.027,3.132,7.005,2.067,0.0,LO
751,709,0.0,0.0,3.964,63.678,30.135,6.793,4.629,0.0,LO
751,717,0.0,0.0,2.352,11.6710005,7.39,2.489,0.887,0.0,LO
751,719,0.0,0.0,0.808,2.741,2.088,0.27,0.023,0.0,LO
751,763,0.0,0.0,0.038,0.025,0.051,0.012,0.0,0.0,LO
751,766,0.0,0.0,7.097,21.935,9.135,3.471,0.536,0.0,LO
751,1022,0.0,0.0,0.0,0.0,0.211,0.017,0.0,0.0,LO
751,1024,0.0,0.0,0.076000005,0.354,0.0,0.042999998,0.0,0.0,LO
751,1395,0.0,0.0,4.307,7.512,4.044,3.352,0.5,0.0,LO
751,1398,0.0,0.0,2.224,13.667,8.174,1.888,1.296,0.0,LO
751,1402,0.0,0.0,103.184,186.43199,126.984,90.053,21.31,0.0,LO
751,1404,0.0,0.0,0.21200001,1.491,1.425,0.497,0.129,0.0,LO
751,1409,0.0,0.0,0.114999995,0.669,0.471,0.099,0.022,0.0,LO
751,1413,0.0,0.0,0.308,1.164,0.982,0.163,0.0,0.0,LO
751,1415,0.0,0.0,7.777,23.499,8.148,2.57,0.47,0.0,LO
751,1421,0.0,0.0,0.358,1.953,0.678,0.078,0.04,0.0,LO
751,1429,0.0,0.0,0.123,1.032,0.614,0.335,0.037,0.0,LO
751,1434,0.0,0.0,5.699,25.244,9.451,4.182,0.685,0.0,LO
751,1437,0.0,0.0,0.036000002,0.758,0.269,0.062,0.049,0.0,LO
751,1438,0.0,0.0,0.0,0.117,0.43400002,0.0,0.036,0.0,LO
751,1439,0.0,0.0,0.17300001,0.194,0.149,0.043,0.0,0.0,LO
751,1440,0.0,0.0,0.14,2.967,0.583,0.108,0.126,0.0,LO
751,1441,0.0,0.0,0.0,0.391,0.093,0.143,0.018,0.0,LO
751,1442,0.0,0.0,4.386,21.838,11.655,4.297,1.228,0.0,LO
751,1443,0.0,0.0,0.097,0.152,0.070999995,0.042,0.0,0.0,LO
751,1444,0.0,0.0,58.355,130.91699,71.888,31.827,9.106,0.0,LO
751,1445,0.0,0.0,0.005,0.917,0.171,0.09,0.0,0.0,LO
751,1448,0.0,0.0,0.096,0.709,0.38300002,0.121,0.085,0.0,LO
751,1449,0.0,0.0,0.185,0.682,0.126,0.039,0.016,0.0,LO
751,1451,0.0,0.0,4.4300003,12.191,5.956,2.919,0.414,0.0,LO
751,1452,0.0,0.0,0.494,3.799,1.232,1.603,0.109,0.0,LO
751,1455,0.0,0.0,11.913,58.78,20.344,12.418,3.124,0.0,LO
751,1524,0.0,0.0,0.084,0.523,0.058,0.051,0.0,0.0,LO
751,6919,0.0,0.0,0.0,0.0,0.015,0.0,0.0,0.0,LO
751,6977,0.0,0.0,0.239,1.229,0.543,0.159,0.001,0.0,LO
751,6978,0.0,0.0,0.024999999,0.060000002,0.134,0.05,0.072,0.0,LO
751,6979,0.0,0.0,0.0,0.759,0.462,0.08,0.001,0.0,LO
751,7401,0.0,0.0,0.0,0.255,0.306,0.082,0.0,0.0,LO
755,596,0.0,0.0,0.595,1.505,1.814,0.417,0.118,0.0,LO
755,597,0.0,0.0,0.189,0.0,0.0,0.0,0.0,0.0,LO
755,603,0.0,0.0,0.12900001,1.371,1.058,0.509,0.072,0.0,LO
755,617,0.0,0.0,0.0,2.546,2.249,1.178,0.0,0.0,LO
755,618,0.0,0.0,17.934,169.076,29.83,14.793,4.608,0.0,LO
755,620,0.0,0.0,0.948,1.6389999,2.487,0.587,0.44799998,0.0,LO
755,659,0.0,0.0,0.096999995,0.187,1.517,0.867,0.106,0.0,LO
755,680,0.0,0.0,0.0,3.887,2.708,1.367,0.0,0.0,LO
755,709,0.0,0.0,0.705,0.162,0.908,0.584,0.134,0.0,LO
755,717,0.0,0.0,0.401,2.273,1.875,1.563,0.99,0.0,LO
755,719,0.0,0.0,0.986,4.778,4.638,1.575,0.051,0.0,LO
755,751,0.0,0.0,1.316,5.234,4.311,0.918,1.172,0.0,LO
755,766,0.0,0.0,10.948,89.359,70.728,45.808,13.75,0.0,LO
755,1022,0.0,0.0,0.059,0.17,0.127,0.111,0.024,0.0,LO
755,1023,0.0,0.0,0.055,0.287,0.005,0.027,0.0,0.0,LO
755,1024,0.0,0.0,0.18,0.07,0.005,0.055,0.0,0.0,LO
755,1083,0.0,0.0,0.432,1.004,0.536,0.79,0.172,0.0,LO
755,1395,0.0,0.0,0.047000002,1.097,1.444,0.337,0.006,0.0,LO
755,1409,0.0,0.0,0.403,16.589,10.429,4.072,0.44399998,0.0,LO
755,1413,0.0,0.0,3.123,65.961,11.495,7.584,1.206,0.0,LO
755,1415,0.0,0.0,0.0,0.133,0.628,0.41000003,0.0,0.0,LO
755,1421,0.0,0.0,1.2310001,29.999,17.943,7.088,0.399,0.0,LO
755,1429,0.0,0.0,0.886,14.024,9.775,3.638,0.096,0.0,LO
755,1437,0.0,0.0,1.348,24.899,18.302,9.64,1.388,0.0,LO
755,1438,0.0,0.0,1.034,11.658,9.191,3.35,0.792,0.0,LO
755,1439,0.0,0.0,0.0,1.058,0.431,0.0,0.0,0.0,LO
755,1440,0.0,0.0,1.336,7.2139997,3.389,1.164,0.272,0.0,LO
755,1441,0.0,0.0,0.051000003,2.503,4.437,1.483,0.095,0.0,LO
755,1442,0.0,0.0,0.3,0.29299998,1.048,0.514,0.005,0.0,LO
755,1443,0.0,0.0,0.091000006,0.215,0.212,0.208,0.029,0.0,LO
755,1445,0.0,0.0,2.07,14.303,7.4570003,3.611,0.587,0.0,LO
755,1448,0.0,0.0,0.757,31.467001,22.117,8.528,1.198,0.0,LO
755,1449,0.0,0.0,0.552,5.955,2.737,0.726,0.104,0.0,LO
755,1455,0.0,0.0,0.65500003,7.0690002,3.8179998,2.833,0.161,0.0,LO
755,5301,0.0,0.0,1.156,6.854,1.9250001,2.439,0.019,0.0,LO
755,5372,0.0,0.0,0.39999998,0.766,0.906,2.384,0.295,0.0,LO
755,5421,0.0,0.0,0.439,6.663,4.432,2.0,0.394,0.0,LO
755,5423,0.0,0.0,0.806,8.774,8.173,3.754,0.204,0.0,LO
755,5424,0.0,0.0,0.089,2.0479999,1.5600001,2.35,0.018,0.0,LO
755,5595,0.0,0.0,62.564,415.738,235.944,159.769,43.054,0.0,LO
755,6977,0.0,0.0,1.473,14.857,11.071,4.373,0.323,0.0,LO
755,6978,0.0,0.0,0.248,6.72,2.043,1.034,0.001,0.0,LO
755,6979,0.0,0.0,0.656,5.836,7.515,2.445,0.14,0.0,LO
755,9586,0.0,0.0,9.533,75.298,65.274,45.278,16.121,0.0,LO
755,9587,0.0,0.0,33.254,657.687,173.057,57.293,16.303,0.0,LO
763,596,0.0,0.0,0.0,0.026,0.111,0.13,0.0,0.0,LO
763,603,0.033,7.158,66.766,186.534,117.671,73.262,15.817,0.017,LO
763,617,0.0,0.0,0.0,0.046,0.048,0.017,0.0,0.0,LO
763,618,0.0,0.0,0.045,0.445,0.024,0.0,0.0,0.0,LO
763,751,0.0,0.0,0.0,0.183,0.106,0.105000004,0.0,0.0,LO
763,766,0.0,0.0,0.456,4.269,2.474,0.909,0.322,0.0,LO
763,788,0.08,14.194,46.875,253.36,138.665,112.05,33.589,0.004,LO
763,1022,0.0,0.665,23.045,189.921,163.915,95.393,38.842,0.001,LO
763,1023,0.0,1.5929999,35.418,366.443,158.908,83.516,30.455,0.0,LO
763,1024,0.0,2.034,83.607,791.877,318.063,141.445,28.786,0.0,LO
763,1039,0.0,1.517,9.111,78.35,62.888,38.091,13.846,0.0,LO
763,1082,0.0,0.989,38.906,220.99901,136.222,82.21,24.337,0.0,LO
763,1083,0.0,8.405,103.217,604.101,431.763,247.731,104.664,0.002,LO
763,1085,0.0,1.696,20.119,139.473,102.033,66.47,26.972,0.0,LO
763,1404,0.0,0.0,0.0,1.7490001,0.465,1.019,0.0,0.0,LO
763,1409,0.0,0.0,0.356,3.787,2.424,0.955,0.214,0.0,LO
763,1413,0.0,0.0,0.65999997,9.995,2.293,1.7360001,0.454,0.0,LO
763,1429,0.0,0.0,0.003,0.014,0.0,0.0,0.117,0.0,LO
763,1439,0.0,0.0,0.27899998,3.413,1.757,1.143,0.381,0.0,LO
763,1440,0.0,0.0,0.945,18.023,9.008,3.655,0.999,0.0,LO
763,1441,0.0,0.78999996,12.854,58.28,47.059002,30.143,8.639,0.007,LO
763,1443,0.0,2.718,44.485,265.252,176.51,115.057,43.504,0.003,LO
763,1448,0.0,0.0,0.0,2.355,1.9860001,2.237,0.019,0.0,LO
763,1449,0.0,0.0,0.0,3.181,1.393,0.765,0.0,0.0,LO
763,5150,0.0,0.0,19.118,125.831,60.006,35.71,8.746,0.0,LO
763,5301,0.0,0.0,11.15,18.227,12.681,11.878,3.161,0.0,LO
763,5345,0.0,27.427,58.651,155.41,124.6,100.558,31.935,0.025,LO
763,5356,0.0,0.0,7.234,61.84,40.498,27.058,3.779,0.0,LO
763,5362,0.0,0.119,9.346,63.7,55.658,34.668,11.364,0.0,LO
763,5372,0.0,0.0,8.49,23.615,15.235,17.812,1.224,0.0,LO
763,5376,0.0,0.691,6.36,28.511,18.881,16.663,5.4570003,0.0,LO
763,5378,0.0,1.382,6.2860003,19.883,10.591,5.956,1.361,0.0,LO
763,5397,0.0,0.029000001,4.764,21.326,22.797,19.421,3.076,0.0,LO
763,5404,0.0,0.0,13.665,76.069,89.02,73.771,18.902,0.0,LO
763,5411,0.0,0.903,36.685,100.013,50.933,49.784,15.484,0.0,LO
763,5418,0.0,0.192,9.719,48.11,49.029,31.191,10.535,0.0,LO
763,5421,0.0,0.0,23.572,77.072,40.69,31.145,11.277,0.0,LO
763,5423,0.0,0.0,27.976,128.51,67.077,37.598,11.963,0.0,LO
763,5424,0.0,0.0,17.566,53.996002,40.623,34.396,10.163,0.0,LO
763,5437,0.0,0.082,8.773,44.939,38.516,26.893,8.223001,0.0,LO
763,5595,0.0,0.0,21.747,66.473,27.121,18.155,5.304,0.0,LO
763,6977,0.0,0.0,0.0,0.95,0.523,0.029000001,0.035,0.0,LO
763,6978,0.0,0.0,0.0,0.687,0.702,0.281,0.292,0.0,LO
763,6979,0.0,0.0,0.105000004,1.779,1.1340001,0.604,0.399,0.0,LO
763,9586,0.0,0.0,0.069,0.022,0.0,0.0,0.0,0.0,LO
766,514,0.0,0.0,0.161,3.567,2.519,1.047,0.28800002,0.0,LO
766,522,0.0,0.0,0.125,1.718,1.028,0.586,0.042,0.0,LO
766,591,0.0,0.0,7.201,42.012,20.114,14.593,3.424,0.0,LO
766,596,0.0,0.005,0.17300001,1.203,0.685,0.812,0.111,0.0,LO
766,597,0.0,0.31,4.878,12.569,9.313,8.366,1.345,0.0,LO
766,603,0.0,0.0,13.247,75.793,35.296,23.117,2.201,0.0,LO
766,617,0.0,0.0,0.903,2.825,0.826,0.707,0.213,0.0,LO
766,618,0.0,0.0,16.651,84.572,19.217001,8.662,4.566,0.0,LO
766,620,0.0,0.498,3.044,10.939,8.202,3.993,0.81200004,0.0,LO
766,621,0.0,0.0,2.855,43.951,8.077,6.234,1.714,0.0,LO
766,659,0.0,0.223,0.502,4.762,3.994,2.891,0.259,0.0,LO
766,680,0.0,0.0,38.797,140.11101,44.531,21.514,2.117,0.0,LO
766,686,0.0,0.0,24.571,184.039,62.447998,42.915,9.72,0.0,LO
766,709,0.0,0.02,0.674,5.8120003,4.85,2.203,0.742,0.0,LO
766,717,0.0,0.005,0.569,2.611,2.031,1.372,0.252,0.0,LO
766,719,0.0,0.0,7.7070003,50.315,28.514,15.43,2.923,0.0,LO
766,751,0.0,0.211,2.353,24.48,10.607,6.592,1.232,0.0,LO
766,755,0.0,0.0,47.139,134.918,51.813,30.922,9.971,0.0,LO
766,763,0.0,0.0,0.736,4.002,2.204,1.291,0.0,0.0,LO
766,1022,0.0,0.0,0.286,3.638,0.971,0.788,0.292,0.0,LO
766,1023,0.0,0.0,0.634,6.531,1.163,0.66,0.23,0.0,LO
766,1024,0.0,0.0,0.559,9.949,2.95,0.695,0.0,0.0,LO
766,1082,0.0,0.0,0.0,1.91,0.851,0.506,0.174,0.0,LO
766,1083,0.0,0.0,0.024,0.359,0.33900002,0.088,0.038000003,0.0,LO
766,1395,0.0,0.029,0.685,2.257,1.219,1.396,0.072,0.0,LO
766,1398,0.0,0.003,1.688,1.98,2.544,0.992,0.1,0.0,LO
766,1402,0.0,0.565,11.205,28.303,13.94,6.217,2.573,0.0,LO
766,1404,0.0,0.0,2.45,57.896,41.23,25.17,11.2,0.0,LO
766,1409,0.0,0.0,1.6880001,25.978,10.172,8.88,2.853,0.0,LO
766,1413,0.0,0.0,2.863,61.561,22.03,12.625,1.112,0.0,LO
766,1415,0.0,0.0,2.423,10.474,2.9490001,1.562,0.681,0.0,LO
766,1421,0.0,0.0,5.347,42.749,16.513,9.558,1.773,0.0,LO
766,1429,0.0,0.0,1.434,41.879,26.155,19.528,2.169,0.0,LO
766,1434,0.0,0.148,1.972,2.871,1.946,1.025,0.176,0.0,LO
766,1437,0.0,0.0,1.158,35.43,12.705,8.111,2.3109999,0.0,LO
766,1438,0.0,0.0,0.556,9.563,3.671,1.636,1.735,0.0,LO
766,1439,0.0,0.0,1.025,6.632,2.224,2.466,0.367,0.0,LO
766,1440,0.0,0.0,3.902,81.411,23.615,12.669,3.884,0.0,LO
766,1441,0.0,0.0,0.31,9.524,5.938,6.188,0.842,0.0,LO
766,1442,0.0,0.094,0.945,4.142,2.675,1.227,0.69200003,0.0,LO
766,1443,0.0,0.0,0.628,3.46,0.666,0.74,0.0,0.0,LO
766,1444,0.0,0.0,29.891,86.784,33.489,22.515,4.437,0.0,LO
766,1445,0.0,0.0,2.257,25.453,9.243,3.525,3.9759998,0.0,LO
766,1448,0.0,0.0,1.186,24.153,12.711,8.621,5.006,0.0,LO
766,1449,0.0,0.0,6.9179997,31.996,10.038,3.998,0.488,0.0,LO
766,1451,0.0,0.0,3.728,9.012,2.996,1.194,0.741,0.0,LO
766,1452,0.0,0.0,15.269,67.829,35.673,27.233,3.001,0.0,LO
766,1455,0.0,0.083,3.3860002,11.448,6.942,3.7779999,0.87299997,0.0,LO
766,1524,0.0,0.0,0.776,7.697,4.421,1.507,0.88,0.0,LO
766,5150,0.0,0.0,0.0,0.087000005,0.15900001,0.078,0.011,0.0,LO
766,5301,0.0,0.0,0.0,10.986,6.296,2.103,0.0,0.0,LO
766,5345,0.0,0.0,0.0,0.655,0.2,0.201,0.219,0.0,LO
766,5362,0.0,0.0,0.060999997,0.213,0.24,0.187,0.0,0.0,LO
766,5376,0.0,0.0,0.0,0.114,0.0,0.0,0.0,0.0,LO
766,5404,0.0,0.0,0.044,0.472,0.314,0.297,0.134,0.0,LO
766,5418,0.0,0.0,0.022,0.525,0.257,0.0,0.0,0.0,LO
766,5421,0.0,0.0,0.91,4.975,2.516,1.254,0.074,0.0,LO
766,5423,0.0,0.0,0.521,3.8400002,1.406,1.648,0.111,0.0,LO
766,5424,0.0,0.0,0.176,1.515,0.169,0.127,0.072,0.0,LO
766,5595,0.0,0.0,79.979004,304.507,145.783,106.222,23.238,0.0,LO
766,6919,0.0,0.0,0.0,0.088,0.0,0.051,0.0,0.0,LO
766,6941,0.0,0.0,0.15200001,0.568,0.271,0.345,0.0,0.0,LO
766,6947,0.0,0.0,0.128,0.153,0.224,0.0,0.0,0.0,LO
766,6956,0.0,0.0,0.018,0.105,0.030000001,0.175,0.001,0.0,LO
766,6972,0.0,0.0,0.25599998,0.435,0.07,0.218,0.001,0.0,LO
766,6977,0.0,0.0,1.599,39.587,28.654,14.621,2.211,0.0,LO
766,6978,0.0,0.0,0.311,10.058,4.122,4.9509997,1.812,0.0,LO
766,6979,0.0,0.0,0.854,25.198,23.01,11.755,2.199,0.0,LO
766,7401,0.0,0.0,1.9189999,6.339,5.788,2.433,1.375,0.0,LO
766,7402,0.0,0.0,0.275,1.955,0.936,0.552,0.21000001,0.0,LO
766,7404,0.0,0.0,0.021000002,5.041,4.726,2.174,0.67,0.0,LO
766,7406,0.0,0.0,0.717,4.592,1.908,2.006,0.745,0.0,LO
766,7408,0.0,0.0,0.0,1.538,1.73,0.47,0.001,0.0,LO
766,7467,0.0,0.0,0.018000001,1.495,1.959,0.665,0.377,0.0,LO
766,9586,0.0,0.0,9.925,32.384,13.915,11.082,3.238,0.0,LO
766,9587,0.0,0.0,33.378,458.151,120.52,35.218,13.34,0.0,LO
788,603,0.021,9.926,15.143,62.451,38.558,13.879,5.561,0.012,LO
788,618,0.0,0.0,0.152,1.609,0.099,0.0,0.0,0.0,LO
788,755,0.0,0.0,0.048,0.108,0.0,0.0,0.015,0.0,LO
788,763,0.013,10.387,61.845,319.93,198.752,122.824,46.802002,0.003,LO
788,766,0.0,0.0,0.018,0.243,0.078,0.048,0.0,0.0,LO
788,1022,0.010000001,4.625,14.381,139.828,104.124,54.602,18.104,0.001,LO
788,1023,0.005,6.876,30.209,318.41,96.016,52.029,20.34,0.0,LO
788,1024,0.002,9.535,101.695,1088.748,322.046,134.143,34.159,0.004,LO
788,1039,0.001,3.474,16.288,149.011,155.434,98.919,38.842,0.0,LO
788,1082,0.010000001,5.455,38.251,289.189,228.15,143.301,65.764,0.0,LO
788,1083,0.008,11.307,132.36,895.441,628.562,447.013,198.534,0.0,LO
788,1085,0.006,6.022,37.241,432.315,359.827,210.974,87.211,0.0,LO
788,1404,0.0,0.0,0.055,0.082,0.432,0.314,0.0,0.0,LO
788,1409,0.0,0.0,0.0,2.7319999,1.336,0.354,0.0,0.0,LO
788,1413,0.0,0.0,0.194,3.793,1.243,0.042,0.0,0.0,LO
788,1429,0.0,0.0,0.161,5.833,4.844,1.409,0.182,0.0,LO
788,1439,0.0,0.0,0.124,2.022,0.86800003,0.44,0.0,0.0,LO
788,1440,0.0,0.0,0.161,3.349,1.966,0.885,0.054,0.0,LO
788,1441,0.0,2.632,3.594,31.313,35.246,15.624,7.446,0.002,LO
788,1443,0.004,3.482,31.63,231.97,170.549,103.538,40.517,0.007,LO
788,1448,0.0,0.0,0.0,0.653,0.39000002,0.336,0.0,0.0,LO
788,1449,0.0,0.0,0.0,0.055,0.0,0.111,0.0,0.0,LO
788,5150,0.0,0.0,54.983,549.423,458.713,230.806,50.309002,0.0,LO
788,5301,0.0,0.0,13.105,59.957,31.425,23.235,7.249,0.0,LO
788,5345,0.015000001,87.852,147.501,680.305,645.115,449.739,145.024,0.001,LO
788,5356,0.0,0.0,23.64,358.529,313.968,198.143,47.642002,0.0,LO
788,5362,0.0,0.058000002,31.462,353.837,345.326,215.401,73.618,0.0,LO
788,5372,0.0,0.0,14.592,52.882,42.004,35.252,10.838,0.0,LO
788,5376,0.0,1.453,25.28,179.517,120.961,79.008,26.749,0.0,LO
788,5378,0.0,4.1480002,21.148,77.905,62.102,22.848,8.566,0.0,LO
788,5397,0.0,0.020000001,11.565,122.64,163.26,103.025,22.996,0.0,LO
788,5404,0.0,0.007,48.248,488.517,600.299,401.301,121.346,0.0,LO
788,5411,0.0,1.9020001,72.388,253.873,193.51,123.134,33.609,0.0,LO
788,5418,0.0,0.144,30.482,341.462,341.559,179.567,75.18,0.0,LO
788,5421,0.0,0.0,51.321,290.477,185.642,109.926,23.319,0.0,LO
788,5423,0.0,0.0,65.209,524.928,347.28,180.835,44.397,0.0,LO
788,5424,0.0,0.0,42.99,238.242,209.758,154.435,50.549,0.0,LO
788,5437,0.0,0.092,31.582,266.82,267.806,179.973,64.614,0.0,LO
788,5595,0.0,0.0,49.177,166.192,64.221,52.178,22.924,0.0,LO
788,6977,0.0,0.0,0.17199999,6.999,4.184,1.149,0.046,0.0,LO
788,6978,0.0,0.0,0.0,0.0,0.0,0.248,0.0,0.0,LO
788,6979,0.0,0.0,0.254,5.486,4.349,2.438,0.139,0.0,LO
788,9586,0.0,0.0,0.127,0.435,0.0,0.0,0.012,0.0,LO
788,9587,0.0,0.0,0.014,0.0,0.0,0.0,0.0,0.0,LO
1022,591,0.0,0.0,0.0,0.503,0.74300003,0.37,0.0,0.0,LO
1022,603,0.057,10.3880005,113.114,483.683,189.466,86.491,20.216,0.0,LO
1022,618,0.0,0.0,0.25,1.266,0.0,0.451,0.0,0.0,LO
1022,621,0.0,0.0,0.030000001,1.511,0.328,0.177,0.0,0.0,LO
1022,686,0.0,0.0,0.265,4.09,1.044,0.264,0.0,0.0,LO
1022,719,0.0,0.0,0.468,16.688,4.941,2.261,0.725,0.0,LO
1022,763,0.0,3.616,45.231,223.998,88.364,45.817,18.082,0.0,LO
1022,766,0.0,0.0,0.808,1.98,0.703,0.334,0.0,0.0,LO
1022,788,0.012,5.357,31.879,182.437,76.369,33.594,10.165,0.0,LO
1022,1023,0.0,0.124,1.195,9.946,1.936,1.704,0.862,0.0,LO
1022,1024,0.0,2.146,11.728,116.816,27.426,10.083,2.796,0.0,LO
1022,1039,0.0,0.916,0.25,12.874001,6.006,2.913,1.223,0.0,LO
1022,1082,0.0,2.697,22.012,105.96,48.865,22.131,7.277,0.0,LO
1022,1083,0.0,0.566,0.372,4.372,3.157,2.878,1.875,0.0,LO
1022,1085,0.0,0.379,0.421,9.666,5.577,5.992,0.31,0.0,LO
1022,1404,0.0,0.0,0.0,1.109,0.228,1.128,0.0,0.0,LO
1022,1409,0.0,0.0,0.0,6.013,2.024,1.16,0.0,0.0,LO
1022,1413,0.0,0.0,0.355,15.83,1.334,0.812,0.0,0.0,LO
1022,1421,0.0,0.0,0.29,9.922,4.406,3.221,0.0,0.0,LO
1022,1437,0.0,0.0,0.155,1.984,1.624,1.4,0.21700001,0.0,LO
1022,1438,0.0,0.0,0.044,2.242,0.96500003,0.761,0.0,0.0,LO
1022,1439,0.0,0.0,0.0,3.841,1.696,1.354,0.0,0.0,LO
1022,1440,0.0,0.0,1.27,18.652,9.694,1.641,0.49400002,0.0,LO
1022,1441,0.0,0.0,0.689,15.318,7.078,4.488,1.947,0.0,LO
1022,1443,0.0,0.244,6.998,44.296,13.69,11.045,6.058,0.0,LO
1022,1445,0.0,0.0,0.526,5.21,1.048,0.78,0.498,0.0,LO
1022,1448,0.0,0.0,0.0,3.2,1.066,0.12900001,0.0,0.0,LO
1022,1449,0.0,0.0,0.337,3.033,1.3330001,0.882,0.0,0.0,LO
1022,5150,0.0,0.0,7.2929997,30.102,15.551,6.538,0.879,0.0,LO
1022,5301,0.0,0.0,3.042,19.413,13.3029995,10.216,3.78,0.0,LO
1022,5345,0.0,3.691,3.966,25.244,19.064,14.961,4.292,0.0050000004,LO
1022,5356,0.0,0.057,1.2969999,10.423,4.404,3.45,1.066,0.0,LO
1022,5362,0.0,0.030000001,1.0879999,9.639,5.24,5.053,0.742,0.0,LO
1022,5372,0.0,0.0,1.0009999,9.824,5.227,3.826,1.5929999,0.0,LO
1022,5376,0.0,0.019000001,0.682,6.712,2.1299999,1.615,0.489,0.0,LO
1022,5378,0.0,0.045,4.671,8.948,1.451,0.435,0.371,0.0,LO
1022,5397,0.0,0.014,0.787,5.914,3.918,3.853,0.44799998,0.0,LO
1022,5404,0.0,0.0,1.502,14.841,13.904,8.238,2.778,0.0,LO
1022,5411,0.0,0.043,3.398,14.298,6.073,5.321,1.139,0.0,LO
1022,5418,0.0,0.0,1.556,10.384,6.003,4.064,0.897,0.0,LO
1022,5421,0.0,0.0,2.996,26.653,12.724,6.941,1.873,0.0,LO
1022,5423,0.0,0.0,2.854,33.407,16.397,8.727,3.296,0.0,LO
1022,5424,0.0,0.0,2.6529999,14.162,8.223001,5.803,2.155,0.0,LO
1022,5437,0.0,0.0,0.544,6.649,6.748,2.107,2.353,0.0,LO
1022,5595,0.0,0.0,7.008,40.179,13.382,8.1119995,1.603,0.0,LO
1022,6978,0.0,0.0,0.13,3.89,1.181,0.81,1.849,0.0,LO
1022,6979,0.0,0.0,0.153,2.781,1.343,0.702,0.0,0.0,LO
1022,9587,0.0,0.0,0.0,2.572,0.81,0.475,0.035,0.0,LO
1023,591,0.0,0.0,0.035,0.661,0.568,0.117,0.07,0.0,LO
1023,603,0.028,5.277,39.877,296.838,134.869,52.07,12.645,0.0,LO
1023,618,0.0,0.0,0.12200001,2.414,0.681,0.061,0.0,0.0,LO
1023,621,0.0,0.0,0.022,1.5,0.383,0.269,0.0,0.0,LO
1023,686,0.0,0.0,0.12100001,2.688,1.087,0.069,0.038999997,0.0,LO
1023,719,0.0,0.0,0.189,9.101,4.367,0.999,0.24700001,0.0,LO
1023,751,0.0,0.0,0.0,0.307,0.52,0.0,0.0,0.0,LO
1023,755,0.0,0.0,0.0,0.321,0.178,0.066,0.0,0.0,LO
1023,763,0.0,2.413,32.488,256.611,117.02,59.737,17.79,0.0,LO
1023,766,0.0,0.0,0.389,2.6430001,2.405,0.914,0.21700001,0.0,LO
1023,788,0.0,3.874,31.56,244.331,116.418,40.631,13.341,0.001,LO
1023,1022,0.0,0.0,0.18100001,9.365,3.713,2.222,0.853,0.0,LO
1023,1024,0.0,0.44099998,4.396,35.646,11.343,3.335,2.177,0.0,LO
1023,1039,0.0,4.119,2.022,20.748,16.521,4.33,3.307,0.001,LO
1023,1082,0.0,1.203,28.232,190.248,86.769,31.821,12.084,0.0,LO
1023,1083,0.0,0.31,0.427,9.159,5.35,3.497,2.978,0.001,LO
1023,1085,0.0,0.151,2.372,26.698,8.347,4.784,2.028,0.0,LO
1023,1404,0.0,0.0,0.116,1.422,1.105,0.96,0.036,0.0,LO
1023,1409,0.0,0.0,0.312,8.871,2.245,0.908,0.575,0.0,LO
1023,1413,0.0,0.0,0.163,19.351,3.307,0.715,0.34,0.0,LO
1023,1421,0.0,0.0,0.188,10.5,5.268,4.008,0.191,0.0,LO
1023,1437,0.0,0.0,0.238,4.067,2.662,1.467,0.213,0.0,LO
1023,1438,0.0,0.0,0.056,2.559,1.932,0.674,0.197,0.0,LO
1023,1439,0.0,0.0,0.14400001,6.841,3.158,1.276,0.26700002,0.0,LO
1023,1440,0.0,0.0,0.455,30.371,7.293,3.188,0.358,0.0,LO
1023,1441,0.0,1.3429999,1.204,50.622,21.635,6.7599998,3.574,0.0,LO
1023,1443,0.0,0.304,6.94,98.452,34.322,20.509,8.6640005,0.0,LO
1023,1445,0.0,0.0,0.268,7.041,1.827,0.948,0.047,0.0,LO
1023,1448,0.0,0.0,0.18100001,3.869,2.044,0.90500003,0.028,0.0,LO
1023,1449,0.0,0.0,0.488,3.856,2.193,0.522,0.024,0.0,LO
1023,5150,0.0,0.0,5.5750003,49.342,25.867,7.881,2.933,0.0,LO
1023,5301,0.0,0.0,0.645,34.917,13.97,9.486,3.101,0.0,LO
1023,5345,0.0,4.065,3.172,38.848,27.194,18.096,6.917,0.009000001,LO
1023,5356,0.0,0.027,2.484,14.176,5.867,2.287,0.791,0.0,LO
1023,5362,0.0,0.0,2.484,13.684,7.013,3.426,1.613,0.0,LO
1023,5372,0.0,0.0,0.206,9.846,4.33,2.418,0.869,0.0,LO
1023,5376,0.0,0.025,0.962,4.37,2.264,0.993,1.148,0.0,LO
1023,5378,0.0,0.002,1.709,11.781,4.136,0.596,1.006,0.0,LO
1023,5397,0.0,0.001,0.34199998,6.019,3.763,2.391,0.413,0.0,LO
1023,5404,0.0,0.0,2.645,21.957,13.248,9.366,5.066,0.0,LO
1023,5411,0.0,0.141,3.124,13.482,6.681,2.612,2.762,0.0,LO
1023,5418,0.0,0.047,0.685,12.734,10.996,4.133,4.908,0.0,LO
1023,5421,0.0,0.0,2.4,24.73,14.847,5.944,2.263,0.0,LO
1023,5423,0.0,0.0,3.92,32.955,18.726,10.9869995,3.361,0.0,LO
1023,5424,0.0,0.0,1.7310001,16.172,10.053,6.794,3.322,0.0,LO
1023,5437,0.0,0.030000001,1.169,8.528,6.946,3.15,0.886,0.0,LO
1023,5595,0.0,0.0,5.321,49.68,23.172,7.863,3.994,0.0,LO
1023,6977,0.0,0.0,0.0,2.238,0.522,0.468,0.0,0.0,LO
1023,6978,0.0,0.0,0.0,4.754,1.522,1.632,0.737,0.0,LO
1023,6979,0.0,0.0,0.0,2.932,2.476,1.084,0.0,0.0,LO
1023,9587,0.0,0.0,0.148,2.126,1.1389999,0.186,0.028,0.0,LO
1024,591,0.0,0.0,0.072,0.571,0.533,0.136,0.023,0.0,LO
1024,603,0.152,8.692,23.361,408.357,351.293,156.679,52.465,0.0,LO
1024,618,0.0,0.0,0.115,1.664,1.584,0.356,0.120000005,0.0,LO
1024,621,0.0,0.0,0.076000005,1.083,0.151,0.072,0.017,0.0,LO
1024,686,0.0,0.0,0.0,1.05,1.035,0.704,0.063,0.0,LO
1024,719,0.0,0.0,0.11,4.123,2.719,0.754,0.137,0.0,LO
1024,751,0.0,0.0,0.0,0.356,0.485,0.284,0.0,0.0,LO
1024,755,0.0,0.0,0.0,0.416,0.439,0.311,0.154,0.0,LO
1024,763,0.0,1.286,29.415,515.736,357.555,176.335,62.886,0.0,LO
1024,766,0.0,0.0,0.086,2.706,3.155,1.604,0.605,0.0,LO
1024,788,0.037,15.787,49.612,758.621,540.245,261.3,82.022,0.002,LO
1024,1022,0.0,0.088,3.095,76.664,53.82,25.285,17.511,0.0,LO
1024,1023,0.0,0.0,0.665,23.72,12.701,5.758,2.734,0.0,LO
1024,1039,0.0,3.5640001,2.804,87.654,64.623,37.72,14.671,0.0,LO
1024,1082,0.0,3.594,42.077,461.037,349.94,163.801,65.398,0.0,LO
1024,1083,0.0,2.996,0.771,26.271,29.838,23.719,12.954,0.001,LO
1024,1085,0.0,1.962,2.52,67.996,51.287,26.293,12.508,0.0,LO
1024,1404,0.0,0.0,0.0,4.337,1.7229999,2.579,0.377,0.0,LO
1024,1409,0.0,0.0,0.0,10.641,7.991,4.314,0.0,0.0,LO
1024,1413,0.0,0.0,0.136,27.628,9.866,3.185,0.308,0.0,LO
1024,1421,0.0,0.0,0.31,15.367001,11.651999,4.03,0.962,0.0,LO
1024,1437,0.0,0.0,0.015000001,3.612,4.998,3.709,0.395,0.0,LO
1024,1438,0.0,0.0,0.0,5.253,4.897,1.424,0.481,0.0,LO
1024,1439,0.0,0.0,0.073,5.8980002,6.992,4.78,0.472,0.0,LO
1024,1440,0.0,0.0,1.212,69.534004,29.388,13.098,0.72,0.0,LO
1024,1441,0.0,2.067,2.8799999,97.831,85.963,35.829998,9.997,0.0,LO
1024,1443,0.0,1.7540001,9.941999,252.46,174.675,87.753,41.668,0.0,LO
1024,1445,0.0,0.0,0.458,5.697,4.933,1.858,0.386,0.0,LO
1024,1448,0.0,0.0,0.168,6.707,8.09,4.635,0.869,0.0,LO
1024,1449,0.0,0.0,0.195,6.48,4.906,1.169,0.396,0.0,LO
1024,1452,0.0,0.0,0.0,1.998,6.126,1.704,0.0,0.0,LO
1024,5150,0.0,0.0,6.573,112.891,105.618996,40.538998,16.746,0.0,LO
1024,5301,0.0,0.0,3.37,84.928,87.173,44.387,13.52,0.0,LO
1024,5345,0.0,23.646,10.072,114.46,125.658,80.520996,31.982,0.018000001,LO
1024,5356,0.0,0.0,1.728,56.725998,56.797,20.975,7.4440002,0.0,LO
1024,5362,0.0,0.004,2.377,45.414,44.978,24.476,8.839,0.0,LO
1024,5372,0.0,0.0,0.624,21.776,38.339,14.764999,5.621,0.0,LO
1024,5376,0.0,0.024,0.026,15.228,15.976,8.424,5.905,0.0,LO
1024,5378,0.0,0.863,4.845,31.236,18.939,7.215,3.754,0.0,LO
1024,5397,0.0,0.019,1.409,27.505001,37.736,21.785,6.649,0.0,LO
1024,5404,0.0,0.0,4.05,93.159,97.499,54.555,16.048,0.0,LO
1024,5411,0.0,0.088,4.112,54.473,50.028,32.044,13.71,0.0,LO
1024,5418,0.0,0.102,2.065,50.572,50.170002,22.365,12.396999,0.0,LO
1024,5421,0.0,0.0,4.366,68.752,66.999,37.388,13.422,0.0,LO
1024,5423,0.0,0.0,3.374,97.863,90.222,38.65,17.598,0.0,LO
1024,5424,0.0,0.0,2.987,47.673,55.336998,31.079,18.001,0.0,LO
1024,5437,0.0,0.016,2.309,34.373,37.968,21.078,9.563,0.0,LO
1024,5595,0.0,0.0,11.13,119.048,120.289,58.385002,19.434,0.0,LO
1024,6977,0.0,0.0,0.0,4.873,3.29,1.784,0.357,0.0,LO
1024,6978,0.0,0.0,0.0,9.938,5.9179997,4.836,0.64,0.0,LO
1024,6979,0.0,0.0,0.0,6.192,8.11,3.403,1.569,0.0,LO
1024,9586,0.0,0.0,0.0,1.483,1.462,1.054,0.34,0.0,LO
1024,9587,0.0,0.0,0.0,2.478,1.154,0.31800002,0.0,0.0,LO
1039,603,0.001,1.077,8.835,39.473,21.563,11.759,1.88,0.0,LO
1039,763,0.0,0.789,23.652,113.271,46.934002,25.824,5.438,0.0,LO
1039,788,0.085,3.738,39.266,206.883,79.465004,39.736,10.435,0.0,LO
1039,1022,0.0,0.306,1.181,13.031,7.258,4.29,1.086,0.0,LO
1039,1023,0.0,0.579,6.271,44.948,6.598,4.157,1.353,0.0,LO
1039,1024,0.0,2.896,23.829,155.293,36.389,16.07,2.381,0.0,LO
1039,1082,0.0,0.936,9.712,51.779,25.943,17.412,4.953,0.0,LO
1039,1083,0.0,0.023,0.15,5.454,2.504,2.343,0.856,0.0,LO
1039,1085,0.0,0.749,3.572,54.158,23.135,11.169,3.113,0.0,LO
1039,1409,0.0,0.0,0.275,1.452,0.492,0.317,0.0,0.0,LO
1039,1413,0.0,0.0,0.122,3.08,0.306,0.524,0.46600002,0.0,LO
1039,1439,0.0,0.0,0.136,0.904,0.423,0.806,0.0,0.0,LO
1039,1440,0.0,0.0,0.298,3.141,1.896,0.367,0.0,0.0,LO
1039,1441,0.0,0.297,0.72,7.772,4.315,1.706,0.801,0.0,LO
1039,1443,0.0,0.553,8.393,42.06,21.159,15.481,5.783,0.0,LO
1039,1448,0.0,0.0,0.0,0.677,0.326,0.0,0.0,0.0,LO
1039,1449,0.0,0.0,0.0,0.439,0.289,0.198,0.06,0.0,LO
1039,5150,0.0,0.0,2.602,17.642,7.256,3.304,1.101,0.0,LO
1039,5301,0.0,0.0,3.903,20.358,9.569,1.564,1.012,0.0,LO
1039,5345,0.0,2.206,2.75,19.831,8.072,7.262,1.314,0.0,LO
1039,5356,0.0,0.0,0.754,6.198,2.377,2.342,0.84,0.0,LO
1039,5362,0.0,0.0,0.368,5.033,3.155,1.749,0.74799997,0.0,LO
1039,5372,0.0,0.0,0.865,5.681,4.211,6.396,1.3249999,0.0,LO
1039,5376,0.0,0.026,1.0,2.673,1.414,1.859,0.185,0.0,LO
1039,5378,0.0,0.0,1.058,3.352,1.526,0.611,0.0,0.0,LO
1039,5397,0.0,0.0,0.561,2.515,2.677,1.001,0.547,0.0,LO
1039,5404,0.0,0.0,0.333,8.3810005,5.016,3.8170002,1.077,0.0,LO
1039,5411,0.0,0.054,3.163,6.449,3.6859999,1.067,0.962,0.0,LO
1039,5418,0.0,0.0,0.98899996,5.546,3.1069999,0.975,0.284,0.0,LO
1039,5421,0.0,0.0,2.412,14.914,7.1740003,4.176,0.856,0.0,LO
1039,5423,0.0,0.0,1.903,18.951,6.6470003,2.642,1.517,0.0,LO
1039,5424,0.0,0.0,1.9840001,9.467,3.73,2.891,1.225,0.0,LO
1039,5437,0.0,0.0,0.479,3.96,2.723,2.19,0.718,0.0,LO
1039,5595,0.0,0.0,5.296,27.005,12.31,5.178,0.566,0.0,LO
1039,6977,0.0,0.0,0.0,1.926,0.547,0.0,0.0,0.0,LO
1039,6979,0.0,0.0,0.0,1.641,2.882,0.705,0.0,0.0,LO
1082,603,0.037,12.591,30.295,116.432,68.238,38.241,7.956,0.0,LO
1082,618,0.0,0.0,0.143,1.368,0.0,0.938,0.0,0.0,LO
1082,621,0.0,0.0,0.0,0.015,0.0,0.0,0.0,0.0,LO
1082,686,0.0,0.0,0.0,0.038,0.036,0.0,0.0,0.0,LO
1082,719,0.0,0.0,0.0,0.0,0.019,0.0,0.0,0.0,LO
1082,755,0.0,0.0,0.056,0.147,0.032,0.099,0.0,0.0,LO
1082,763,0.0,5.84,62.073,348.559,149.763,77.789,20.474,0.0,LO
1082,766,0.0,0.0,0.109,1.883,0.917,0.259,0.141,0.0,LO
1082,788,0.162,21.662,110.769,490.857,217.555,101.335,29.7,0.0,LO
1082,1022,0.0,0.936,6.729,78.747,52.065,29.153,11.019,0.0,LO
1082,1023,0.0,0.837,19.33,225.33,56.296,35.984,12.831,0.0,LO
1082,1024,0.0,3.431,64.182,705.705,220.833,103.72,22.321,0.0,LO
1082,1039,0.0,3.249,4.909,43.996,30.65,12.4539995,3.387,0.0,LO
1082,1082,0.0,0.0,0.22399999,0.122,0.103,0.0,0.0,0.0,LO
1082,1083,0.0,1.067,6.046,31.925,19.507,15.551,7.183,0.0,LO
1082,1085,0.0,0.095,2.203,20.847,13.367,9.722,2.571,0.0,LO
1082,1409,0.0,0.0,0.041,3.347,0.67300004,0.467,0.0,0.0,LO
1082,1413,0.0,0.0,0.207,7.875,1.527,0.238,0.0,0.0,LO
1082,1421,0.0,0.0,0.0,1.59,1.303,0.614,0.0,0.0,LO
1082,1429,0.0,0.0,0.066,0.257,0.0,0.037,0.031,0.0,LO
1082,1439,0.0,0.0,0.0,2.303,2.082,0.6,0.0,0.0,LO
1082,1440,0.0,0.0,0.361,11.205,4.615,2.28,0.106,0.0,LO
1082,1441,0.0,1.99,4.914,38.202,27.965,14.101,6.605,0.0,LO
1082,1443,0.0,3.228,25.206,182.396,107.88,68.92,24.818,0.0,LO
1082,1448,0.0,0.0,0.0,1.241,0.993,0.839,0.0,0.0,LO
1082,1449,0.0,0.0,0.086,1.0139999,0.956,0.36200002,0.0,0.0,LO
1082,5150,0.0,0.0,5.437,36.742,14.099,7.675,2.345,0.0,LO
1082,5301,0.0,0.0,3.319,26.333,13.245,7.673,2.656,0.0,LO
1082,5345,0.0,13.047,11.348,45.936,23.369,20.575,8.304,0.0,LO
1082,5356,0.0,0.0,3.8009999,31.133,14.071,8.949,1.897,0.0,LO
1082,5362,0.0,0.0,1.9909999,21.949,13.213,6.142,2.583,0.0,LO
1082,5372,0.0,0.0,3.888,11.93,8.523,4.854,0.58,0.0,LO
1082,5376,0.0,0.271,3.3009999,10.2630005,7.059,6.35,1.808,0.0,LO
1082,5378,0.0,0.032,1.554,24.018,7.156,2.569,0.718,0.0,LO
1082,5397,0.0,0.001,2.079,9.197,6.6080003,7.9519997,1.587,0.0,LO
1082,5404,0.0,0.0,3.151,22.933,18.221,12.631,2.816,0.0,LO
1082,5411,0.0,0.312,15.304,58.385002,28.861,25.972,7.862,0.0,LO
1082,5418,0.0,0.025,3.7810001,11.473,11.142,5.938,2.424,0.0,LO
1082,5421,0.0,0.0,9.477,34.69,21.064,13.854,3.164,0.0,LO
1082,5423,0.0,0.0,6.016,49.122,24.017,15.324,4.382,0.0,LO
1082,5424,0.0,0.0,4.986,27.028,13.786,11.068,4.1150002,0.0,LO
1082,5437,0.0,0.009,3.7089999,17.722,12.535,8.578,1.626,0.0,LO
1082,5595,0.0,0.0,23.639,88.329,41.259,23.358,7.89,0.0,LO
1082,6977,0.0,0.0,0.0,3.029,0.364,0.328,0.257,0.0,LO
1082,6978,0.0,0.0,0.07,2.85,0.477,1.005,0.422,0.0,LO
1082,6979,0.0,0.0,0.125,3.101,1.456,2.81,0.773,0.0,LO
1083,591,0.0,0.0,0.0,0.122,0.13,0.0,0.0,0.0,LO
1083,603,0.018000001,9.951,21.021,77.583,42.325,18.29,5.08,0.0,LO
1083,618,0.0,0.0,1.9399999,9.269,0.527,0.149,0.018,0.0,LO
1083,621,0.0,0.0,0.0,0.077,0.069,0.0,0.0,0.0,LO
1083,755,0.0,0.0,2.182,4.876,1.675,1.402,0.306,0.0,LO
1083,763,0.0,15.931,168.635,803.137,308.632,148.565,47.724,0.0,LO
1083,766,0.0,0.0,0.334,0.53000003,0.177,0.186,0.028,0.0,LO
1083,788,0.299,28.487,298.477,1306.569,550.677,284.543,71.614,0.0,LO
1083,1022,0.0,0.387,1.235,7.679,3.207,1.09,0.466,0.0,LO
1083,1023,0.0,1.702,3.932,22.715,3.396,1.401,0.305,0.0,LO
1083,1024,0.0,6.03,15.509,73.23,14.956,4.189,1.166,0.0,LO
1083,1039,0.0,0.245,1.013,6.324,3.127,0.815,0.273,0.0,LO
1083,1082,0.0,2.119,14.7630005,45.613,21.88,11.014,3.732,0.0,LO
1083,1085,0.0,0.286,2.06,12.963,5.024,1.643,0.491,0.0,LO
1083,1404,0.0,0.0,0.0,0.335,0.151,0.166,0.0,0.0,LO
1083,1409,0.0,0.0,0.071,0.463,0.089,0.024,0.018,0.0,LO
1083,1413,0.0,0.0,0.0,0.99,0.261,0.028,0.0,0.0,LO
1083,1429,0.0,0.0,0.045,0.815,0.963,0.592,0.094000004,0.0,LO
1083,1439,0.0,0.0,0.0,0.426,0.156,0.071,0.0,0.0,LO
1083,1440,0.0,0.0,0.216,1.019,0.337,0.065,0.02,0.0,LO
1083,1441,0.0,2.634,0.479,3.101,1.635,0.76,0.185,0.0,LO
1083,1443,0.0,3.77,7.999,21.052,7.97,4.075,1.141,0.0,LO
1083,1448,0.0,0.0,0.0,0.241,0.109,0.066,0.0,0.0,LO
1083,1449,0.0,0.0,0.0,0.083000004,0.141,0.020000001,0.0,0.0,LO
1083,5150,0.0,0.0,4.487,26.509,10.611,5.33,1.117,0.0,LO
1083,5301,0.0,0.0,7.311,26.139,9.288,6.133,1.116,0.0,LO
1083,5345,0.0,4.668,4.91,26.366,10.219,5.186,1.349,0.0,LO
1083,5356,0.0,0.0,0.596,6.861,1.927,0.77,0.225,0.0,LO
1083,5362,0.0,0.0,0.855,7.638,3.651,1.054,0.459,0.0,LO
1083,5372,0.0,0.0,2.414,8.663,2.346,1.297,0.20199999,0.0,LO
1083,5376,0.0,0.16,0.63100004,3.503,1.38,0.524,0.301,0.0,LO
1083,5378,0.0,0.031,1.27,4.429,1.293,0.701,0.325,0.0,LO
1083,5397,0.0,0.0,0.699,3.963,2.004,0.60899997,0.30699998,0.0,LO
1083,5404,0.0,0.0,1.69,10.522,6.3450003,2.595,0.765,0.0,LO
1083,5411,0.0,0.298,5.879,12.945,4.438,2.732,1.319,0.0,LO
1083,5418,0.0,0.0,0.672,6.669,3.421,1.519,0.417,0.0,LO
1083,5421,0.0,0.0,8.062,22.108,8.801,4.572,0.731,0.0,LO
1083,5423,0.0,0.0,4.236,19.534,4.661,1.851,0.38,0.0,LO
1083,5424,0.0,0.0,4.318,9.963,3.4750001,1.934,0.476,0.0,LO
1083,5437,0.0,0.01,1.313,6.524,2.948,1.22,0.306,0.0,LO
1083,5595,0.0,0.0,18.788,65.254,29.043,12.137,3.641,0.0,LO
1083,6919,0.0,0.0,0.0,0.047000002,0.0,0.0,0.0,0.0,LO
1083,6926,0.0,0.0,0.017,0.041,0.047,0.026,0.0,0.0,LO
1083,6966,0.0,0.0,0.0,0.109,0.091,0.049,0.013,0.0,LO
1083,6977,0.0,0.0,0.0,1.822,1.1060001,0.399,0.109000005,0.0,LO
1083,6978,0.0,0.0,0.021,0.754,0.27,0.149,0.116000004,0.0,LO
1083,6979,0.0,0.0,0.103,0.845,1.059,0.591,0.162,0.0,LO
1083,9586,0.0,0.0,0.157,1.796,0.747,0.413,0.048,0.0,LO
1083,9587,0.0,0.0,0.094,1.521,0.492,0.048,0.0,0.0,LO
1085,591,0.0,0.0,0.0,0.042,0.046,0.0,0.0,0.0,LO
1085,603,0.007,4.686,12.536,56.286,24.93,11.231,4.945,0.0,LO
1085,618,0.0,0.0,0.289,0.659,0.166,0.0,0.0,0.0,LO
1085,621,0.0,0.0,0.0,0.034,0.024,0.0,0.0,0.0,LO
1085,763,0.0,4.2530003,37.169,215.156,78.881,35.87,11.426,0.0,LO
1085,766,0.0,0.0,0.0,0.479,0.398,0.177,0.0,0.0,LO
1085,788,0.221,12.239,118.667,663.452,211.923,87.219,26.778,0.0,LO
1085,1022,0.0,0.0,0.273,9.432,5.193,3.478,0.866,0.0,LO
1085,1023,0.0,0.093,4.683,40.378,8.162,3.8,1.726,0.0,LO
1085,1024,0.0,1.225,21.552,136.724,26.218,12.857,3.547,0.0,LO
1085,1039,0.0,0.762,2.615,49.791,21.505,10.438,3.4390001,0.0,LO
1085,1082,0.0,0.067999996,3.114,32.843,11.947,8.033,3.6430001,0.0,LO
1085,1083,0.0,0.021,0.626,10.198,4.513,2.876,0.966,0.0,LO
1085,1409,0.0,0.0,0.123,1.936,0.938,0.395,0.0,0.0,LO
1085,1413,0.0,0.0,0.034,6.137,0.643,0.0,0.0,0.0,LO
1085,1439,0.0,0.0,0.224,1.571,0.492,0.01,0.0,0.0,LO
1085,1440,0.0,0.0,0.0,5.404,2.105,1.122,0.29,0.0,LO
1085,1441,0.0,0.0,1.412,10.34,4.275,1.577,0.428,0.0,LO
1085,1443,0.0,0.693,4.079,37.798,13.293,9.987,5.711,0.0,LO
1085,1448,0.0,0.0,0.0,0.609,0.41,0.223,0.0,0.0,LO
1085,1449,0.0,0.0,0.1,0.586,0.23900001,0.133,0.0,0.0,LO
1085,5150,0.0,0.0,1.577,15.92,7.055,3.369,1.758,0.0,LO
1085,5301,0.0,0.0,4.658,33.115,17.728,6.5690002,1.052,0.0,LO
1085,5345,0.0,1.989,2.833,15.151,7.3580003,6.993,3.989,0.0,LO
1085,5356,0.0,0.0,1.144,8.052,2.76,1.9399999,1.002,0.0,LO
1085,5362,0.0,0.0,0.34,5.0,1.752,1.34,0.407,0.0,LO
1085,5372,0.0,0.0,1.243,6.479,4.748,3.23,1.141,0.0,LO
1085,5376,0.0,0.964,0.87,2.507,0.949,0.354,0.17,0.0,LO
1085,5378,0.0,0.0,0.831,2.92,2.218,0.243,0.274,0.0,LO
1085,5397,0.0,0.001,1.759,2.702,1.888,1.972,0.408,0.0,LO
1085,5404,0.0,0.0,0.742,7.197,4.357,3.949,0.955,0.0,LO
1085,5411,0.0,0.023,2.92,9.935,3.658,5.106,0.357,0.0,LO
1085,5418,0.0,0.0,0.946,4.114,1.768,2.336,0.582,0.0,LO
1085,5421,0.0,0.0,2.707,10.165,6.072,4.926,1.646,0.0,LO
1085,5423,0.0,0.0,2.256,13.561,4.9240003,3.918,0.301,0.0,LO
1085,5424,0.0,0.0,2.339,8.839,3.766,2.323,1.02,0.0,LO
1085,5437,0.0,0.018,0.481,4.0230002,2.954,1.905,0.467,0.0,LO
1085,5595,0.0,0.0,10.282,49.824,20.862,7.174,1.66,0.0,LO
1085,6977,0.0,0.0,0.0,1.044,1.011,0.027,0.184,0.0,LO
1085,6978,0.0,0.0,0.0,0.941,0.356,0.533,0.037,0.0,LO
1085,6979,0.0,0.0,0.0,1.747,1.071,0.605,0.0,0.0,LO
1395,591,0.0,0.0,0.0,0.42,0.493,0.0,0.0,0.0,LO
1395,596,0.0,0.002,0.274,0.963,1.172,0.629,0.322,0.0,LO
1395,597,0.0,0.016,0.858,5.547,2.915,0.784,0.22399999,0.0,LO
1395,603,0.0,0.0,0.039,0.186,0.073,0.0,0.0,0.0,LO
1395,617,0.0,0.003,1.365,2.468,0.747,0.678,0.43,0.0,LO
1395,618,0.0,0.0,1.536,2.893,0.689,0.163,0.0,0.0,LO
1395,620,0.0,0.073,2.28,6.05,2.295,2.054,0.508,0.0,LO
1395,621,0.0,0.0,0.0,1.385,0.56700003,0.0,0.0,0.0,LO
1395,659,0.0,0.0,0.336,2.0410001,0.663,0.282,0.345,0.0,LO
1395,680,0.0,1.719,4.3849998,28.205,6.613,1.8100001,0.243,0.0,LO
1395,686,0.0,0.0,0.259,4.115,0.511,0.0,0.0,0.0,LO
1395,709,0.0,0.003,0.125,1.377,0.391,0.799,0.0,0.0,LO
1395,717,0.0,0.003,0.838,1.196,1.188,0.254,0.0,0.0,LO
1395,719,0.0,0.0,0.12900001,1.665,0.477,0.0,0.0,0.0,LO
1395,751,0.0,0.604,1.9629999,11.413,2.432,4.38,0.45200002,0.0,LO
1395,755,0.0,0.0,0.248,1.54,0.546,0.59,0.0,0.0,LO
1395,766,0.0,0.006,1.219,2.447,1.227,0.275,0.0,0.0,LO
1395,1398,0.0,0.001,3.193,4.724,2.367,0.994,0.349,0.0,LO
1395,1402,0.0,0.0,1.886,23.589,4.344,4.847,1.745,0.0,LO
1395,1413,0.0,0.0,0.0,0.694,0.639,0.0,0.0,0.0,LO
1395,1415,0.0,0.001,0.39,1.722,0.51,0.442,0.055,0.0,LO
1395,1429,0.0,0.0,0.0,1.055,0.588,0.0,0.0,0.0,LO
1395,1434,0.0,0.024,1.052,3.848,1.578,0.434,0.0,0.0,LO
1395,1442,0.0,0.016,2.167,9.567,6.881,3.032,0.913,0.0,LO
1395,1444,0.0,2.545,8.209,33.289,10.714,3.25,1.164,0.0,LO
1395,1451,0.0,0.003,0.061,2.368,0.513,0.463,0.0,0.0,LO
1395,1455,0.0,0.0,1.052,17.622,1.76,0.236,0.0,0.0,LO
1395,5595,0.0,0.0,0.559,2.933,1.378,0.901,0.15100001,0.0,LO
1395,9587,0.0,0.0,0.555,4.44,0.915,0.25300002,0.0,0.0,LO
1398,596,0.0,0.061,0.84,3.448,2.126,0.752,1.457,0.0,LO
1398,597,0.0,0.75200003,1.5749999,26.407,10.378,4.162,0.847,0.0,LO
1398,603,0.0,0.0,0.183,0.376,0.041,0.201,0.0,0.0,LO
1398,617,0.0,0.008,1.407,2.724,0.896,0.787,0.251,0.0,LO
1398,618,0.0,0.0,1.312,2.453,0.31,0.0,0.0,0.0,LO
1398,620,0.0,0.126,2.147,4.445,1.441,1.316,0.218,0.0,LO
1398,621,0.0,0.0,0.299,2.544,0.0,0.0,0.0,0.0,LO
1398,659,0.0,0.029,1.206,2.436,1.417,0.412,0.20199999,0.0,LO
1398,680,0.0,3.352,12.556,36.046,8.532,4.969,0.498,0.0,LO
1398,686,0.0,0.0,1.789,3.126,0.54,0.28100002,0.0,0.0,LO
1398,709,0.0,0.0,0.283,3.475,1.002,0.989,0.998,0.0,LO
1398,717,0.0,0.016,1.8939999,1.891,1.863,0.37,2.451,0.0,LO
1398,719,0.0,0.0,0.0,0.661,0.178,0.249,0.237,0.0,LO
1398,751,0.0,0.193,2.248,17.558,5.28,2.963,0.369,0.0,LO
1398,766,0.0,0.014,1.395,7.095,1.095,2.323,0.156,0.0,LO
1398,1395,0.0,0.0,0.897,4.077,1.604,1.974,0.18699999,0.0,LO
1398,1402,0.0,0.0,34.886,76.425,20.692999,22.205,7.48,0.0,LO
1398,1413,0.0,0.0,0.263,1.713,0.0,0.363,0.0,0.0,LO
1398,1415,0.0,0.009,2.665,2.818,1.224,1.83,0.78999996,0.0,LO
1398,1440,0.0,0.0,0.0,0.41799998,0.4,1.681,0.0,0.0,LO
1398,1442,0.0,0.0,0.40800002,9.826,6.2469997,2.622,1.82,0.0,LO
1398,1444,0.0,2.185,11.593,36.623,11.91,5.504,1.28,0.0,LO
1398,1451,0.0,0.005,0.371,2.239,1.607,1.058,0.18,0.0,LO
1398,1455,0.0,0.0,14.422,93.602,5.752,3.855,1.439,0.0,LO
1398,5595,0.0,0.0,2.035,3.292,2.755,1.541,0.0,0.0,LO
1398,9587,0.0,0.0,0.593,9.212,0.84,0.199,0.0,0.0,LO
1402,514,0.0,0.0,0.0,0.003,0.0,0.0,0.0,0.0,LO
1402,591,0.0,0.0,2.68,13.499001,8.991,6.341,0.21000001,0.0,LO
1402,596,0.0,0.16,5.275,8.306,7.352,6.615,4.04,0.0,LO
1402,597,0.0,0.195,6.2250004,18.555,8.092,8.731,2.72,0.0,LO
1402,603,0.0,0.0,0.0,0.186,0.0,0.0,0.0,0.0,LO
1402,617,0.0,0.138,5.3389997,6.334,3.795,6.192,2.593,0.0,LO
1402,620,0.0,0.78,6.335,27.822,14.424,24.435,8.37,0.0,LO
1402,621,0.0,0.0,0.948,18.536,6.6280003,1.125,0.011,0.0,LO
1402,659,0.0,0.152,3.596,7.523,7.606,7.507,1.669,0.0,LO
1402,680,0.0,2.318,5.594,28.655,13.085,20.277,3.66,0.0,LO
1402,686,0.0,0.0,6.667,48.674,22.673,18.644,1.303,0.0,LO
1402,709,0.0,0.068,2.646,8.893,15.95,11.697,1.189,0.0,LO
1402,717,0.0,0.031,4.893,10.479,9.036,9.037,2.775,0.0,LO
1402,719,0.0,0.0,1.655,3.424,1.55,0.997,0.084,0.0,LO
1402,751,0.0,3.121,36.133,99.227,44.801,39.612,12.09,0.0,LO
1402,766,0.0,0.221,8.189,16.49,7.962,9.537,2.534,0.0,LO
1402,1395,0.0,0.001,2.011,45.311,8.706,42.720997,1.651,0.0,LO
1402,1398,0.0,0.001,7.852,68.886,57.39,62.677002,9.483,0.0,LO
1402,1404,0.0,0.0,1.115,13.192,8.886,11.684999,1.911,0.0,LO
1402,1413,0.0,0.0,0.204,0.901,0.412,0.46,0.0,0.0,LO
1402,1415,0.0,0.016,3.473,4.9309998,3.069,3.8240001,0.45,0.0,LO
1402,1421,0.0,0.0,0.328,2.151,2.2350001,3.052,0.158,0.0,LO
1402,1429,0.0,0.0,0.046,2.726,1.076,1.405,0.226,0.0,LO
1402,1434,0.0,0.828,12.007999,14.922,8.207,7.573,2.8109999,0.0,LO
1402,1437,0.0,0.0,0.0,1.027,0.545,0.893,0.14500001,0.0,LO
1402,1442,0.0,0.547,28.174,126.224,83.135,68.481,21.712,0.0,LO
1402,1444,0.0,5.591,0.147,5.877,0.044,0.0050000004,0.001,0.0,LO
1402,1448,0.0,0.0,0.006,1.587,0.601,1.046,0.006,0.0,LO
1402,1451,0.0,0.024,3.615,8.77,6.927,2.54,0.322,0.0,LO
1402,1452,0.0,0.0,0.082,19.358,16.143,12.714,0.44099998,0.0,LO
1402,1455,0.0,0.0,7.735,87.308,35.528,46.96,17.953,0.0,LO
1402,5437,0.0,0.0,0.0,0.001,0.0,0.0,0.0,0.0,LO
1402,5595,0.0,0.0,0.297,1.948,0.644,0.375,0.163,0.0,LO
1402,6977,0.0,0.0,0.222,1.335,1.564,0.988,0.002,0.0,LO
1402,6978,0.0,0.0,0.067999996,1.34,0.438,0.196,0.0,0.0,LO
1402,6979,0.0,0.0,0.032,2.151,1.335,1.793,0.060000002,0.0,LO
1404,514,0.0,0.0,0.0,0.967,1.222,0.723,0.476,0.0,LO
1404,522,0.0,0.0,0.06,0.032,0.0,0.0,0.0,0.0,LO
1404,591,0.0,0.0,4.646,44.744,15.532,6.018,1.041,0.0,LO
1404,596,0.0,0.0,0.045,0.598,0.43,0.116,0.021,0.0,LO
1404,597,0.0,0.0,0.324,1.9449999,0.867,0.723,0.082,0.0,LO
1404,603,0.0,0.0,3.763,23.592001,12.247,7.664,2.431,0.0,LO
1404,617,0.0,0.0,0.305,0.083000004,0.0,0.0,0.0,0.0,LO
1404,620,0.0,0.0,0.421,2.355,0.71999997,0.693,0.121,0.0,LO
1404,621,0.0,0.0,2.651,37.414,5.6949997,2.839,0.475,0.0,LO
1404,659,0.0,0.0,0.102,0.357,0.546,0.761,0.028,0.0,LO
1404,680,0.0,0.0,1.317,1.006,0.0,0.322,0.0,0.0,LO
1404,686,0.0,0.0,16.292,248.347,64.097,31.06,4.512,0.0,LO
1404,709,0.0,0.0,0.057,0.572,0.621,0.23900001,0.045,0.0,LO
1404,717,0.0,0.0,0.0,0.79800004,0.615,0.25,0.0,0.0,LO
1404,719,0.0,0.0,2.654,10.213,8.117,2.343,1.162,0.0,LO
1404,751,0.0,0.0,0.243,4.277,1.2179999,0.277,0.172,0.0,LO
1404,766,0.0,0.0,8.814,78.213,39.871,11.277,4.639,0.0,LO
1404,788,0.0,0.0,0.038000003,0.24599999,0.26,0.0,0.0,0.0,LO
1404,1022,0.0,0.0,0.0,0.675,1.157,0.381,0.0,0.0,LO
1404,1023,0.0,0.0,0.892,4.107,0.39200002,0.183,0.0,0.0,LO
1404,1024,0.0,0.0,1.243,7.5810003,2.001,0.851,0.343,0.0,LO
1404,1083,0.0,0.0,0.02,0.47100002,0.189,0.0,0.0,0.0,LO
1404,1402,0.0,0.0,0.703,5.104,1.481,0.622,0.001,0.0,LO
1404,1409,0.0,0.0,0.274,14.708,7.525,3.596,0.656,0.0,LO
1404,1413,0.0,0.0,1.653,44.317,7.84,4.609,0.816,0.0,LO
1404,1415,0.0,0.0,0.12,1.1290001,0.164,0.47,0.0,0.0,LO
1404,1421,0.0,0.0,5.563,29.352,12.577,6.231,0.96,0.0,LO
1404,1429,0.0,0.0,0.81,10.941,7.487,5.192,1.3429999,0.0,LO
1404,1437,0.0,0.0,5.327,62.953,40.251,13.17,4.241,0.0,LO
1404,1438,0.0,0.0,1.715,14.515,6.78,3.704,1.141,0.0,LO
1404,1439,0.0,0.0,0.452,4.401,1.668,1.477,0.0,0.0,LO
1404,1440,0.0,0.0,2.153,45.516,13.833,6.339,2.09,0.0,LO
1404,1441,0.0,0.0,0.271,3.939,4.105,1.413,0.827,0.0,LO
1404,1444,0.0,0.0,0.83,11.599,4.513,1.754,0.259,0.0,LO
1404,1445,0.0,0.0,2.234,32.297,9.32,5.917,1.572,0.0,LO
1404,1448,0.0,0.0,0.791,19.278,9.239,4.643,1.017,0.0,LO
1404,1449,0.0,0.0,1.9480001,17.507,6.852,2.337,0.505,0.0,LO
1404,1451,0.0,0.0,0.162,1.285,0.169,0.25800002,0.0,0.0,LO
1404,1452,0.0,0.0,4.849,18.928,5.908,7.6419997,1.096,0.0,LO
1404,1455,0.0,0.0,0.28,1.757,1.166,0.45499998,0.14199999,0.0,LO
1404,1524,0.0,0.0,0.464,3.881,3.684,4.3910003,0.63199997,0.0,LO
1404,5423,0.0,0.0,0.0,0.673,0.374,0.271,0.0,0.0,LO
1404,6977,0.0,0.0,0.842,12.769,6.611,2.603,1.5569999,0.0,LO
1404,6978,0.0,0.0,0.189,6.227,0.37,0.825,0.33900002,0.0,LO
1404,6979,0.0,0.0,0.79399997,6.132,5.321,2.216,0.42299998,0.0,LO
1404,7401,0.0,0.0,0.0,3.884,2.082,0.284,0.534,0.0,LO
1404,7402,0.0,0.0,0.0,1.38,1.934,0.825,0.44300002,0.0,LO
1404,7404,0.0,0.0,0.0,2.557,0.876,0.844,0.51199996,0.0,LO
1404,7406,0.0,0.0,0.58,4.842,3.368,1.319,0.21,0.0,LO
1404,7408,0.0,0.0,0.0,0.62299997,1.521,0.0,0.0,0.0,LO
1409,514,0.0,0.0,5.7720003,22.036,13.476,8.045,1.436,0.0,LO
1409,522,0.0,0.0,1.696,19.951,18.004,5.312,0.71599996,0.0,LO
1409,591,0.0,0.0,1.2080001,6.679,5.044,2.105,0.259,0.0,LO
1409,596,0.0,0.0,0.245,0.959,0.379,0.081,0.0,0.0,LO
1409,597,0.0,0.0,0.08,0.754,0.446,0.115,0.007999999,0.0,LO
1409,603,0.0,0.0,3.947,90.798,50.036,16.643,1.667,0.0,LO
1409,618,0.0,0.0,0.499,14.76,5.547,1.019,0.042,0.0,LO
1409,621,0.0,0.0,0.505,18.401,2.56,0.85899997,0.179,0.0,LO
1409,680,0.0,0.0,0.0,0.251,0.145,0.043,0.0,0.0,LO
1409,686,0.0,0.0,3.495,54.329002,16.224,3.841,2.1,0.0,LO
1409,717,0.0,0.0,0.0,0.311,0.19600001,0.105,0.028,0.0,LO
1409,719,0.0,0.0,3.561,76.7,31.02,15.376,2.145,0.0,LO
1409,751,0.0,0.0,0.0,1.419,1.25,0.407,0.063,0.0,LO
1409,755,0.0,0.0,0.853,18.691,10.12,3.03,0.153,0.0,LO
1409,763,0.0,0.0,0.303,4.331,2.028,0.92300004,0.019,0.0,LO
1409,766,0.0,0.0,1.1240001,20.556,11.211,4.259,0.74799997,0.0,LO
1409,788,0.0,0.0,0.072000004,2.67,1.584,0.697,0.0,0.0,LO
1409,1022,0.0,0.0,0.687,4.302,5.3789997,0.659,0.0,0.0,LO
1409,1023,0.0,0.0,0.931,13.173,3.234,0.548,0.187,0.0,LO
1409,1024,0.0,0.0,1.7939999,20.799,6.058,2.3,0.102,0.0,LO
1409,1039,0.0,0.0,0.0,1.229,1.177,0.491,0.0,0.0,LO
1409,1082,0.0,0.0,0.0,2.259,2.398,0.506,0.089,0.0,LO
1409,1083,0.0,0.0,0.0,0.254,0.093,0.244,0.044,0.0,LO
1409,1085,0.0,0.0,0.0,3.057,1.114,0.162,0.0,0.0,LO
1409,1404,0.0,0.0,0.135,9.396,7.126,2.195,2.368,0.0,LO
1409,1413,0.0,0.0,0.109,13.742,3.865,1.227,0.493,0.0,LO
1409,1421,0.0,0.0,4.1940002,114.191,45.329,15.629,2.854,0.0,LO
1409,1429,0.0,0.0,0.89,46.114,25.437,8.822,1.247,0.0,LO
1409,1437,0.0,0.0,0.866,37.808,21.185,7.065,1.739,0.0,LO
1409,1438,0.0,0.0,0.897,20.198,6.511,1.713,0.363,0.0,LO
1409,1439,0.0,0.0,0.51600003,14.377,8.361,1.238,0.084,0.0,LO
1409,1440,0.0,0.0,0.581,36.88,14.593,4.3,1.339,0.0,LO
1409,1441,0.0,0.0,0.207,25.419,14.328,2.695,1.101,0.0,LO
1409,1443,0.0,0.0,0.0,2.298,1.086,0.329,0.0,0.0,LO
1409,1445,0.0,0.0,2.194,52.95,18.03,5.229,2.023,0.0,LO
1409,1448,0.0,0.0,1.429,29.218,16.064,5.9110003,4.405,0.0,LO
1409,1449,0.0,0.0,0.116,3.626,1.362,0.262,0.075,0.0,LO
1409,1452,0.0,0.0,0.0,12.623,5.451,1.328,0.461,0.0,LO
1409,1524,0.0,0.0,1.224,32.12,17.753,6.216,0.653,0.0,LO
1409,5345,0.0,0.0,0.22999999,2.421,3.183,0.855,0.178,0.0,LO
1409,5356,0.0,0.0,0.0,1.759,0.76,0.0,0.0,0.0,LO
1409,5404,0.0,0.0,0.0,1.121,1.906,0.31599998,0.15200001,0.0,LO
1409,5423,0.0,0.0,0.0,2.464,1.1439999,0.433,0.0,0.0,LO
1409,5424,0.0,0.0,0.0,0.13,0.389,0.756,0.027,0.0,LO
1409,5595,0.0,0.0,0.206,14.815,8.853,3.777,0.261,0.0,LO
1409,6913,0.0,0.0,0.0,0.217,0.448,0.392,0.047,0.0,LO
1409,6941,0.0,0.0,0.099999994,0.098000005,0.143,0.0,0.079,0.0,LO
1409,6956,0.0,0.0,0.025,0.018000001,0.015,0.0,0.001,0.0,LO
1409,6961,0.0,0.0,0.079,1.651,0.80799997,0.261,0.0,0.0,LO
1409,6962,0.0,0.0,0.0,0.695,0.581,0.3,0.084,0.0,LO
1409,6977,0.0,0.0,0.559,33.651,21.827,6.134,0.84400004,0.0,LO
1409,6978,0.0,0.0,0.39,13.31,3.384,2.068,0.138,0.0,LO
1409,6979,0.0,0.0,0.747,11.598001,9.941,4.191,0.699,0.0,LO
1409,7401,0.0,0.0,5.998,89.467,45.877,18.193,4.483,0.0,LO
1409,7402,0.0,0.0,0.425,16.329,13.338,3.917,1.408,0.0,LO
1409,7403,0.0,0.0,0.125,8.408,6.546,2.273,0.693,0.0,LO
1409,7404,0.0,0.0,2.116,30.161,20.584,7.039,1.472,0.0,LO
1409,7406,0.0,0.0,1.7720001,45.577,25.98,11.582,2.921,0.0,LO
1409,7407,0.0,0.0,11.822,55.469,30.29,17.779,4.204,0.0,LO
1409,7408,0.0,0.0,0.51600003,7.8,7.717,2.138,0.542,0.0,LO
1409,7467,0.0,0.0,0.46,5.2599998,4.224,1.9070001,0.35300002,0.0,LO
1409,9586,0.0,0.0,0.404,5.542,1.929,0.92800003,0.036,0.0,LO
1409,9587,0.0,0.0,0.996,38.711002,19.366,5.899,0.96099997,0.0,LO
1413,514,0.0,0.0,0.565,3.544,2.501,3.717,1.057,0.0,LO
1413,522,0.0,0.0,0.075,1.619,1.385,0.635,0.436,0.0,LO
1413,591,0.0,0.0,0.694,15.799,15.004,4.858,1.989,0.0,LO
1413,596,0.0,0.0,0.113000005,0.688,0.586,0.551,0.059,0.0,LO
1413,597,0.0,0.0,0.089,0.788,0.49199998,0.943,0.072,0.0,LO
1413,603,0.0,0.0,6.1210003,133.362,124.151,44.718,7.271,0.0,LO
1413,618,0.0,0.0,0.607,20.586,9.869,3.221,1.119,0.0,LO
1413,620,0.0,0.0,0.0,0.326,0.236,0.23,0.0,0.0,LO
1413,621,0.0,0.0,0.352,16.314,6.501,1.167,0.5,0.0,LO
1413,659,0.0,0.0,0.257,0.516,0.38300002,0.589,0.0,0.0,LO
1413,680,0.0,0.0,0.0,0.529,0.45700002,0.088,0.0,0.0,LO
1413,686,0.0,0.0,3.135,57.884,27.945,11.452,0.934,0.0,LO
1413,709,0.0,0.0,0.0,0.905,0.38,0.14,0.0,0.0,LO
1413,717,0.0,0.0,0.103,0.966,0.926,1.102,0.426,0.0,LO
1413,719,0.0,0.0,7.366,81.154,69.034,39.284,6.9179997,0.0,LO
1413,751,0.0,0.0,0.23,2.307,2.198,2.064,0.061000004,0.0,LO
1413,755,0.0,0.0,0.984,32.57,30.309,9.514,0.699,0.0,LO
1413,763,0.0,0.0,0.179,4.236,5.617,4.886,0.29,0.0,LO
1413,766,0.0,0.0,2.137,29.272,25.341,14.277,3.796,0.0,LO
1413,788,0.0,0.0,0.249,3.552,2.8140001,0.44099998,0.122,0.0,LO
1413,1022,0.0,0.0,0.509,6.565,5.338,2.588,0.109,0.0,LO
1413,1023,0.0,0.0,0.22600001,13.332,10.115,1.089,0.308,0.0,LO
1413,1024,0.0,0.0,0.136,21.553,10.672,1.817,0.58500004,0.0,LO
1413,1039,0.0,0.0,0.004,1.828,1.95,0.483,0.0,0.0,LO
1413,1082,0.0,0.0,0.6,2.565,3.8270001,1.087,0.104,0.0,LO
1413,1083,0.0,0.0,0.0,0.149,0.669,0.352,0.0,0.0,LO
1413,1085,0.0,0.0,0.002,1.477,3.006,0.403,0.0,0.0,LO
1413,1404,0.0,0.0,0.21599999,24.742,18.338,7.5820003,2.091,0.0,LO
1413,1409,0.0,0.0,0.624,10.945,8.335,2.49,0.80300003,0.0,LO
1413,1421,0.0,0.0,6.406,232.214,146.161,43.711,7.874,0.0,LO
1413,1429,0.0,0.0,1.248,48.971,51.003,20.309,3.678,0.0,LO
1413,1437,0.0,0.0,1.267,74.249,59.783,21.356,5.009,0.0,LO
1413,1438,0.0,0.0,0.638,52.895,32.629,6.9,2.072,0.0,LO
1413,1439,0.0,0.0,0.29500002,16.71,13.014,3.427,0.215,0.0,LO
1413,1440,0.0,0.0,1.5159999,46.149,25.938,5.568,4.51,0.0,LO
1413,1441,0.0,0.0,0.995,34.674,32.684002,8.927,1.229,0.0,LO
1413,1443,0.0,0.0,0.0,1.662,3.723,0.0,0.0,0.0,LO
1413,1445,0.0,0.0,1.307,78.924,38.741,11.011,3.342,0.0,LO
1413,1448,0.0,0.0,0.933,54.314,43.552002,11.726,4.2009997,0.0,LO
1413,1449,0.0,0.0,0.426,8.988,5.718,0.656,0.0,0.0,LO
1413,1452,0.0,0.0,0.804,27.13,19.458,4.3389997,0.434,0.0,LO
1413,1524,0.0,0.0,0.0,8.571,6.534,1.831,0.168,0.0,LO
1413,5150,0.0,0.0,0.0,0.215,0.374,0.0,0.0,0.0,LO
1413,5345,0.0,0.0,0.0,2.272,2.48,1.25,0.0,0.0,LO
1413,5356,0.0,0.0,0.0,1.741,1.176,0.27,0.132,0.0,LO
1413,5362,0.0,0.0,0.213,0.719,0.763,0.171,0.0,0.0,LO
1413,5404,0.0,0.0,0.276,2.234,3.589,0.32200003,0.185,0.0,LO
1413,5418,0.0,0.0,0.0,0.215,1.193,0.437,0.0,0.0,LO
1413,5421,0.0,0.0,0.001,1.526,1.4729999,0.57600003,0.003,0.0,LO
1413,5423,0.0,0.0,0.19,2.263,2.062,0.458,0.124,0.0,LO
1413,5424,0.0,0.0,0.0,0.741,0.869,0.552,0.001,0.0,LO
1413,5595,0.0,0.0,0.67,34.429,34.996002,10.574,1.274,0.0,LO
1413,6913,0.0,0.0,0.0,0.321,0.295,0.296,0.002,0.0,LO
1413,6914,0.0,0.0,0.0,0.245,0.33200002,0.07,0.089,0.0,LO
1413,6934,0.0,0.0,0.0,0.281,0.416,0.021,0.004,0.0,LO
1413,6941,0.0,0.0,0.053999998,0.16,0.297,0.0,0.0,0.0,LO
1413,6947,0.0,0.0,0.005,0.131,0.0,0.0,0.0,0.0,LO
1413,6952,0.0,0.0,0.0,0.037,0.0,0.0,0.0,0.0,LO
1413,6956,0.0,0.0,0.016,0.052,0.011,0.0,0.0,0.0,LO
1413,6959,0.0,0.0,0.013,0.36900002,0.544,0.518,0.009000001,0.0,LO
1413,6961,0.0,0.0,0.0,0.876,0.926,0.612,0.0,0.0,LO
1413,6962,0.0,0.0,0.0,0.506,0.60400003,0.17199999,0.0,0.0,LO
1413,6977,0.0,0.0,1.3460001,42.235,44.832,15.7369995,2.373,0.0,LO
1413,6978,0.0,0.0,0.261,13.96,7.206,3.089,1.352,0.0,LO
1413,6979,0.0,0.0,1.613,18.87,20.323,7.677,1.001,0.0,LO
1413,7401,0.0,0.0,0.006,13.794,12.672,7.344,0.631,0.0,LO
1413,7402,0.0,0.0,0.0,4.4440002,4.369,1.36,1.4990001,0.0,LO
1413,7403,0.0,0.0,0.0,1.438,2.477,1.55,0.1,0.0,LO
1413,7404,0.0,0.0,0.003,4.456,4.454,2.856,0.667,0.0,LO
1413,7406,0.0,0.0,0.120000005,11.912001,12.224999,4.394,0.165,0.0,LO
1413,7407,0.0,0.0,0.012,10.271,6.852,4.303,0.279,0.0,LO
1413,7408,0.0,0.0,0.294,1.16,2.854,0.156,0.158,0.0,LO
1413,7467,0.0,0.0,0.295,0.75200003,1.046,0.959,0.313,0.0,LO
1413,9586,0.0,0.0,0.418,6.616,6.064,2.9099998,0.408,0.0,LO
1413,9587,0.0,0.0,1.259,55.894,47.086998,15.842,2.13,0.0,LO
1415,596,0.0,0.047,1.596,7.662,6.726,3.098,0.774,0.0,LO
1415,597,0.0,0.117,2.389,8.858,7.85,3.385,2.147,0.0,LO
1415,617,0.0,0.0,0.83,15.092,6.888,3.16,0.624,0.0,LO
1415,618,0.0,0.0,0.0,0.815,0.528,0.257,0.0,0.0,LO
1415,620,0.0,0.029,0.743,2.0279999,2.6759999,1.047,0.155,0.0,LO
1415,621,0.0,0.0,0.0,1.263,0.308,0.457,0.0,0.0,LO
1415,659,0.0,0.272,0.65099996,2.514,3.782,2.986,2.055,0.0,LO
1415,680,0.0,0.0,2.595,20.601,8.585,5.418,0.468,0.0,LO
1415,686,0.0,0.0,0.561,3.146,1.329,0.883,0.0,0.0,LO
1415,709,0.0,0.012,0.67300004,4.182,5.037,1.681,1.351,0.0,LO
1415,717,0.0,0.0,0.807,7.0360003,3.682,2.461,0.738,0.0,LO
1415,751,0.0,0.669,3.313,22.567,16.618,6.753,6.44,0.0,LO
1415,755,0.0,0.0,0.422,1.732,0.24000001,0.0,0.0,0.0,LO
1415,766,0.0,0.084,3.137,11.92,7.832,2.257,1.1,0.0,LO
1415,1395,0.0,0.029,1.013,2.778,0.897,0.479,0.353,0.0,LO
1415,1398,0.0,0.002,1.403,4.545,2.049,1.52,0.007,0.0,LO
1415,1402,0.0,0.248,5.7320004,22.024,12.861,2.569,1.7750001,0.0,LO
1415,1404,0.0,0.0,0.058000002,1.001,1.474,0.0,0.0,0.0,LO
1415,1434,0.0,0.0,0.811,4.054,3.364,2.345,1.612,0.0,LO
1415,1442,0.0,0.018,2.239,3.159,2.355,1.16,0.544,0.0,LO
1415,1444,0.0,0.0,33.936,182.231,93.306,39.788,8.369,0.0,LO
1415,1451,0.0,0.0,0.081,5.892,2.253,0.796,0.117,0.0,LO
1415,1455,0.0,0.004,2.027,8.074,3.77,2.847,0.603,0.0,LO
1415,5595,0.0,0.0,0.0,2.332,0.592,1.386,0.0,0.0,LO
1415,9587,0.0,0.0,0.153,6.106,2.0609999,0.787,0.0,0.0,LO
1421,514,0.0,0.0,0.358,3.308,1.218,2.274,0.42299998,0.0,LO
1421,522,0.0,0.0,0.059,2.062,1.395,0.863,0.257,0.0,LO
1421,591,0.0,0.0,0.188,12.07,7.821,4.126,0.505,0.0,LO
1421,597,0.0,0.0,0.0,1.23,0.26,1.315,0.198,0.0,LO
1421,603,0.0,0.0,5.952,199.031,90.799,49.447998,8.557,0.0,LO
1421,618,0.0,0.0,2.41,73.168,19.581,8.446,2.006,0.0,LO
1421,621,0.0,0.0,0.149,18.561,4.964,1.2870001,0.194,0.0,LO
1421,659,0.0,0.0,0.082,1.396,1.049,0.095,0.237,0.0,LO
1421,686,0.0,0.0,2.464,52.555,18.155,12.315,1.973,0.0,LO
1421,719,0.0,0.0,2.312,55.27,20.535,17.928,5.111,0.0,LO
1421,751,0.0,0.0,0.0,0.313,0.122999996,0.063,0.006,0.0,LO
1421,755,0.0,0.0,1.1389999,11.253,3.769,2.114,0.271,0.0,LO
1421,763,0.0,0.0,0.32500002,1.907,1.777,0.449,0.0,0.0,LO
1421,766,0.0,0.0,0.887,51.35,32.378,28.371,7.136,0.0,LO
1421,1022,0.0,0.0,0.432,11.466,5.295,1.399,0.938,0.0,LO
1421,1023,0.0,0.0,0.908,25.154,2.853,1.631,0.0,0.0,LO
1421,1024,0.0,0.0,2.007,32.407,5.284,0.69699997,0.0,0.0,LO
1421,1082,0.0,0.0,0.198,1.915,1.432,0.785,0.0,0.0,LO
1421,1402,0.0,0.0,0.018,7.26,2.506,1.148,0.165,0.0,LO
1421,1404,0.0,0.0,0.035,15.35,15.365,6.894,1.769,0.0,LO
1421,1409,0.0,0.0,0.291,19.371,13.589,4.29,1.203,0.0,LO
1421,1413,0.0,0.0,1.01,110.653,35.574,15.089,5.07,0.0,LO
1421,1429,0.0,0.0,1.806,82.23,46.264,32.177,8.498,0.0,LO
1421,1437,0.0,0.0,1.313,122.859,67.92,43.616,5.384,0.0,LO
1421,1438,0.0,0.0,0.342,49.532,25.059,15.058,6.324,0.0,LO
1421,1439,0.0,0.0,0.507,15.484,9.767,9.846,0.681,0.0,LO
1421,1440,0.0,0.0,8.796,197.668,86.772,35.761,15.508,0.0,LO
1421,1441,0.0,0.0,1.225,27.993,20.958,14.546,2.344,0.0,LO
1421,1443,0.0,0.0,0.0,0.009,0.015000001,0.0,0.0,0.0,LO
1421,1445,0.0,0.0,6.521,3.858,1.733,1.582,0.146,0.0,LO
1421,1448,0.0,0.0,0.057,44.395,49.103,25.17,9.803,0.0,LO
1421,1449,0.0,0.0,10.415,326.77,122.119,49.922,11.776,0.0,LO
1421,1452,0.0,0.0,0.0,7.278,12.758,3.987,0.243,0.0,LO
1421,1524,0.0,0.0,0.078999996,4.199,3.06,2.19,0.201,0.0,LO
1421,5421,0.0,0.0,0.0,0.0,0.0,0.0,0.002,0.0,LO
1421,5595,0.0,0.0,1.4959999,17.268,12.409,6.2070003,0.148,0.0,LO
1421,6941,0.0,0.0,0.007999999,0.167,0.035,0.0,0.002,0.0,LO
1421,6956,0.0,0.0,0.030000001,0.047000002,0.029,0.0,0.0,0.0,LO
1421,6977,0.0,0.0,2.3930001,68.059,54.276,35.229,8.245,0.0,LO
1421,6978,0.0,0.0,0.552,22.15,8.589,8.788,2.829,0.0,LO
1421,6979,0.0,0.0,0.271,30.224,26.738,16.417,6.368,0.0,LO
1421,7401,0.0,0.0,0.349,26.845,18.006,8.701,0.46899998,0.0,LO
1421,7402,0.0,0.0,0.199,6.286,3.543,2.305,0.0,0.0,LO
1421,7403,0.0,0.0,0.0,2.707,1.575,1.691,0.0,0.0,LO
1421,7404,0.0,0.0,0.007,9.218,3.723,2.263,0.70100003,0.0,LO
1421,7406,0.0,0.0,0.368,22.745,10.6050005,8.925,2.3639998,0.0,LO
1421,7407,0.0,0.0,0.0,4.957,9.377,2.973,1.017,0.0,LO
1421,7408,0.0,0.0,0.033,0.301,2.097,0.593,0.49199998,0.0,LO
1421,7467,0.0,0.0,0.0,2.333,0.988,0.499,0.322,0.0,LO
1421,9586,0.0,0.0,0.196,5.763,4.106,1.991,0.376,0.0,LO
1421,9587,0.0,0.0,1.159,79.091,33.258,16.133,2.625,0.0,LO
1429,591,0.0,0.0,0.836,12.543,9.369,5.4700003,2.055,0.0,LO
1429,596,0.0,0.0,0.131,1.258,0.862,0.592,0.078,0.0,LO
1429,597,0.0,0.0,0.211,1.062,0.525,0.694,0.033,0.0,LO
1429,603,0.0,0.0,64.065,1011.591,450.669,251.784,69.01,0.0,LO
1429,618,0.0,0.0,0.921,19.7,5.27,3.818,0.68,0.0,LO
1429,620,0.0,0.0,0.0,0.52000004,0.589,0.293,0.0,0.0,LO
1429,621,0.0,0.0,0.644,18.05,2.254,0.70100003,0.509,0.0,LO
1429,659,0.0,0.0,0.119,1.232,0.525,0.198,0.007,0.0,LO
1429,680,0.0,0.0,0.031,0.218,0.149,0.092999995,0.04,0.0,LO
1429,686,0.0,0.0,4.379,59.154,17.788,8.202,2.761,0.0,LO
1429,717,0.0,0.0,0.135,1.193,1.097,0.41,0.026,0.0,LO
1429,719,0.0,0.0,43.155,1103.02,493.101,268.982,83.187,0.0,LO
1429,742,0.0,0.0,0.027,1.0879999,0.755,0.681,0.392,0.0,LO
1429,751,0.0,0.0,0.116000004,2.757,2.014,0.593,0.058,0.0,LO
1429,755,0.0,0.0,0.362,11.264,6.831,4.391,0.541,0.0,LO
1429,763,0.0,0.0,0.182,1.357,0.229,0.0,0.126,0.0,LO
1429,766,0.0,0.0,2.556,30.064,18.195,12.803,5.078,0.0,LO
1429,788,0.0,0.0,0.61800003,5.918,2.704,2.694,0.534,0.0,LO
1429,1023,0.0,0.0,0.0,1.114,0.665,0.286,0.0,0.0,LO
1429,1024,0.0,0.0,0.0,6.968,2.178,0.967,0.308,0.0,LO
1429,1082,0.0,0.0,0.083000004,2.338,0.812,0.554,0.197,0.0,LO
1429,1083,0.0,0.0,0.046,0.47,0.146,0.25,0.056,0.0,LO
1429,1395,0.0,0.0,0.0,0.658,0.15,0.625,0.072,0.0,LO
1429,1402,0.0,0.0,0.383,3.113,1.677,1.687,0.144,0.0,LO
1429,1404,0.0,0.0,0.584,12.13,4.282,6.586,1.6570001,0.0,LO
1429,1409,0.0,0.0,2.358,52.948,14.474,11.45,3.2619998,0.0,LO
1429,1413,0.0,0.0,2.852,121.185,23.489,12.323,3.228,0.0,LO
1429,1421,0.0,0.0,4.758,69.24,40.822,33.963,8.008,0.0,LO
1429,1437,0.0,0.0,1.557,36.64,28.647,11.269,5.713,0.0,LO
1429,1438,0.0,0.0,1.018,13.596,7.834,2.925,1.982,0.0,LO
1429,1439,0.0,0.0,1.4039999,34.766,15.338,14.07,1.726,0.0,LO
1429,1440,0.0,0.0,13.156,226.025,88.399,48.659,16.232,0.0,LO
1429,1441,0.0,0.0,0.081,19.963,11.252,3.489,1.121,0.0,LO
1429,1445,0.0,0.0,3.229,49.875,24.616,14.693,8.472,0.0,LO
1429,1448,0.0,0.0,1.22,29.972,15.502,13.047,11.2439995,0.0,LO
1429,1449,0.0,0.0,2.627,29.805,15.41,7.943,0.793,0.0,LO
1429,1452,0.0,0.0,2.325,11.917,8.57,5.442,0.413,0.0,LO
1429,1524,0.0,0.0,0.0,2.487,1.076,1.272,0.229,0.0,LO
1429,5345,0.0,0.0,0.0,1.724,1.084,0.603,0.732,0.0,LO
1429,5421,0.0,0.0,0.0,0.308,0.271,0.30200002,0.017,0.0,LO
1429,5423,0.0,0.0,0.0,1.431,0.873,0.77,0.0,0.0,LO
1429,5424,0.0,0.0,0.0,0.042,0.0,0.0,0.0,0.0,LO
1429,5595,0.0,0.0,1.385,25.253,13.463,9.848,0.92300004,0.0,LO
1429,6919,0.0,0.0,0.0,0.233,0.827,0.264,0.153,0.0,LO
1429,6954,0.0,0.0,0.0,0.19299999,1.059,0.254,0.144,0.0,LO
1429,6956,0.0,0.0,0.0,0.09,0.154,0.0,0.0,0.0,LO
1429,6961,0.0,0.0,0.0,0.72900003,1.275,0.575,0.245,0.0,LO
1429,6965,0.0,0.0,0.0,0.728,0.753,0.0,0.051,0.0,LO
1429,6972,0.0,0.0,0.0,0.619,0.089,0.0,0.0,0.0,LO
1429,6973,0.0,0.0,0.0,1.5,0.70600003,0.674,0.15900001,0.0,LO
1429,6977,0.0,0.0,0.59499997,50.52,21.691,11.593,2.674,0.0,LO
1429,6978,0.0,0.0,1.0929999,88.372,22.906,25.886,11.995,0.0,LO
1429,6979,0.0,0.0,3.221,103.511,70.221,40.406,16.142,0.0,LO
1429,9586,0.0,0.0,0.24200001,4.295,2.119,3.082,0.188,0.0,LO
1429,9587,0.0,0.0,1.406,36.282,17.506,11.616,2.207,0.0,LO
1434,596,0.0,0.0,1.495,4.193,3.5019999,2.5870001,1.43,0.0,LO
1434,597,0.0,0.0,4.011,20.576,7.894,6.213,1.24,0.0,LO
1434,603,0.0,0.0,0.029,0.091,0.0,0.029,0.0,0.0,LO
1434,617,0.0,0.0,1.2,1.422,0.866,1.737,0.367,0.0,LO
1434,618,0.0,0.0,0.23699999,0.549,0.254,0.97300005,0.0,0.0,LO
1434,620,0.0,0.0,2.985,7.557,2.022,2.504,0.076,0.0,LO
1434,659,0.0,0.0,0.503,3.137,1.22,0.465,0.0,0.0,LO
1434,680,0.0,0.0,5.933,21.634,6.615,3.987,0.521,0.0,LO
1434,686,0.0,0.0,1.311,4.439,0.853,2.2849998,0.17,0.0,LO
1434,717,0.0,0.0,2.852,6.0099998,3.241,2.478,0.74,0.0,LO
1434,719,0.0,0.0,0.0,1.041,0.767,0.249,0.0,0.0,LO
1434,751,0.0,0.0,6.92,17.968,5.9370003,6.072,6.413,0.0,LO
1434,766,0.0,0.0,2.234,2.477,1.724,1.952,1.368,0.0,LO
1434,1395,0.0,0.0,2.112,3.633,1.187,0.936,0.153,0.0,LO
1434,1398,0.0,0.0,0.001,1.581,0.523,0.044,0.0,0.0,LO
1434,1402,0.0,0.0,5.7209997,35.378002,15.957,11.3220005,2.767,0.0,LO
1434,1415,0.0,0.0,2.129,4.758,1.042,0.30699998,0.0,0.0,LO
1434,1442,0.0,0.0,2.467,4.607,2.917,3.145,1.253,0.0,LO
1434,1444,0.0,0.0,7.78,13.599,5.944,8.646,2.531,0.0,LO
1434,1451,0.0,0.0,0.49,2.618,0.603,0.358,0.0,0.0,LO
1434,1455,0.0,0.0,6.1,54.085,7.864,3.094,1.63,0.0,LO
1434,5595,0.0,0.0,2.1759999,3.009,1.284,0.504,0.0,0.0,LO
1434,9586,0.0,0.0,0.149,1.756,0.297,0.461,0.203,0.0,LO
1434,9587,0.0,0.0,1.343,6.072,2.009,0.61,0.0,0.0,LO
1437,514,0.0,0.0,0.708,2.459,1.691,1.73,0.36499998,0.0,LO
1437,522,0.0,0.0,0.0,1.21,0.844,1.169,0.022,0.0,LO
1437,591,0.0,0.0,1.643,30.909,14.245,11.015,2.768,0.0,LO
1437,596,0.0,0.0,0.0,0.813,0.647,0.602,0.147,0.0,LO
1437,597,0.0,0.0,0.0,0.94200003,0.245,0.295,0.042,0.0,LO
1437,603,0.0,0.0,8.781,60.43,36.711,24.84,5.009,0.0,LO
1437,618,0.0,0.0,1.65,36.095,9.312,3.255,0.525,0.0,LO
1437,621,0.0,0.0,0.54899997,29.925,6.535,3.484,0.759,0.0,LO
1437,659,0.0,0.0,0.0,0.212,0.41,0.198,0.011,0.0,LO
1437,686,0.0,0.0,5.56,98.719,29.797,21.139,4.815,0.0,LO
1437,709,0.0,0.0,0.0,0.475,0.135,0.275,0.216,0.0,LO
1437,717,0.0,0.0,0.0,1.083,0.634,0.252,0.096,0.0,LO
1437,719,0.0,0.0,3.637,38.244,22.971,12.087,1.36,0.0,LO
1437,751,0.0,0.0,0.096,2.077,1.657,1.36,0.318,0.0,LO
1437,755,0.0,0.0,3.824,37.5,14.871,9.1119995,1.512,0.0,LO
1437,763,0.0,0.0,0.0,0.078999996,0.202,0.003,0.015,0.0,LO
1437,766,0.0,0.0,0.668,29.321,16.675,10.325,3.013,0.0,LO
1437,1022,0.0,0.0,0.0,4.868,1.961,1.443,0.308,0.0,LO
1437,1023,0.0,0.0,0.995,13.858,1.973,0.473,0.081,0.0,LO
1437,1024,0.0,0.0,1.107,14.024,4.263,0.946,0.0,0.0,LO
1437,1082,0.0,0.0,0.0,0.575,0.80799997,0.127,0.0,0.0,LO
1437,1402,0.0,0.0,0.0,3.8040001,0.087,1.085,0.0,0.0,LO
1437,1404,0.0,0.0,1.143,44.371,33.089,30.663,11.939,0.0,LO
1437,1409,0.0,0.0,2.5939999,40.195,14.916,9.091,3.91,0.0,LO
1437,1413,0.0,0.0,7.374,123.743,30.098,12.492,2.523,0.0,LO
1437,1421,0.0,0.0,4.196,124.758,56.552002,34.914,3.473,0.0,LO
1437,1429,0.0,0.0,3.197,34.345,16.682,14.113,3.437,0.0,LO
1437,1438,0.0,0.0,0.096,9.531,3.636,2.951,1.312,0.0,LO
1437,1439,0.0,0.0,0.98800004,10.928,4.136,3.912,0.548,0.0,LO
1437,1440,0.0,0.0,6.766,82.152,32.259,16.355,5.771,0.0,LO
1437,1441,0.0,0.0,1.293,10.248,5.295,3.591,1.077,0.0,LO
1437,1443,0.0,0.0,0.294,1.176,0.181,0.148,0.005,0.0,LO
1437,1445,0.0,0.0,0.508,19.827,9.626,5.621,0.972,0.0,LO
1437,1448,0.0,0.0,1.012,37.377,18.987,14.374,5.592,0.0,LO
1437,1449,0.0,0.0,3.5279999,15.723,8.123,3.042,0.52099997,0.0,LO
1437,1452,0.0,0.0,1.22,42.927002,33.379,21.593,11.486,0.0,LO
1437,1455,0.0,0.0,0.046,1.051,0.264,0.0,0.0,0.0,LO
1437,1524,0.0,0.0,1.472,10.569,4.348,5.498,0.08,0.0,LO
1437,5595,0.0,0.0,3.296,39.038,19.059,11.364,1.776,0.0,LO
1437,6941,0.0,0.0,0.075,0.122,0.169,0.0,0.057,0.0,LO
1437,6956,0.0,0.0,0.087,0.024,0.059,0.0,0.008,0.0,LO
1437,6972,0.0,0.0,0.010000001,0.24499999,0.21,0.0,0.086,0.0,LO
1437,6977,0.0,0.0,2.973,27.549,15.363,10.835,2.22,0.0,LO
1437,6978,0.0,0.0,0.825,10.067,3.617,2.794,0.663,0.0,LO
1437,6979,0.0,0.0,2.107,8.908,7.064,6.477,0.798,0.0,LO
1437,7401,0.0,0.0,1.296,9.138,7.278,6.285,0.724,0.0,LO
1437,7402,0.0,0.0,0.46,3.189,1.989,2.081,0.0,0.0,LO
1437,7403,0.0,0.0,0.0,1.6,0.47,0.325,0.0,0.0,LO
1437,7404,0.0,0.0,0.32999998,3.708,2.338,1.439,0.848,0.0,LO
1437,7406,0.0,0.0,1.5699999,5.677,2.214,2.58,1.687,0.0,LO
1437,7407,0.0,0.0,0.0,2.189,2.199,2.826,1.0370001,0.0,LO
1437,7408,0.0,0.0,0.0,1.065,1.054,0.297,0.0,0.0,LO
1437,7467,0.0,0.0,0.0,1.186,1.068,0.719,0.176,0.0,LO
1437,9586,0.0,0.0,1.265,27.634,10.091,7.942,1.065,0.0,LO
1437,9587,0.0,0.0,6.5319996,178.46,42.439,12.334001,1.392,0.0,LO
1438,514,0.0,0.0,0.447,1.003,0.957,0.429,0.0139999995,0.0,LO
1438,522,0.0,0.0,0.0,0.71,0.267,0.19,0.0,0.0,LO
1438,591,0.0,0.0,1.044,9.6,2.786,1.248,0.349,0.0,LO
1438,596,0.0,0.0,0.0,0.257,0.22,0.109,0.04,0.0,LO
1438,597,0.0,0.0,0.29,0.878,0.276,0.0,0.038000003,0.0,LO
1438,603,0.0,0.0,4.459,20.09,10.683001,3.452,1.488,0.0,LO
1438,618,0.0,0.0,1.1040001,8.972,1.911,0.34600002,0.152,0.0,LO
1438,621,0.0,0.0,0.397,10.703,1.892,0.484,0.017,0.0,LO
1438,686,0.0,0.0,1.149,42.17,6.63,4.11,3.822,0.0,LO
1438,719,0.0,0.0,0.368,16.694,5.766,1.191,2.3899999,0.0,LO
1438,751,0.0,0.0,0.088,1.116,0.648,0.272,0.18,0.0,LO
1438,755,0.0,0.0,0.495,13.47,4.258,2.33,0.685,0.0,LO
1438,766,0.0,0.0,0.755,8.383,4.518,1.451,0.479,0.0,LO
1438,1022,0.0,0.0,0.72,2.322,1.176,0.31,0.0,0.0,LO
1438,1023,0.0,0.0,0.504,8.019,0.59,0.013,0.0,0.0,LO
1438,1024,0.0,0.0,1.013,7.864,1.76,0.316,0.0,0.0,LO
1438,1404,0.0,0.0,0.423,9.162,5.528,2.544,1.326,0.0,LO
1438,1409,0.0,0.0,1.7820001,17.713,6.256,2.627,0.474,0.0,LO
1438,1413,0.0,0.0,5.304,77.232,11.242,1.578,1.647,0.0,LO
1438,1421,0.0,0.0,0.795,8.256,1.606,0.68,0.033,0.0,LO
1438,1429,0.0,0.0,0.825,13.326,6.405,2.834,1.156,0.0,LO
1438,1437,0.0,0.0,3.0640001,29.539,11.847,4.271,0.621,0.0,LO
1438,1439,0.0,0.0,0.19700001,3.784,1.844,0.977,0.038999997,0.0,LO
1438,1440,0.0,0.0,3.292,24.151001,8.895,3.782,4.248,0.0,LO
1438,1441,0.0,0.0,0.44300002,5.676,3.308,2.55,0.27699998,0.0,LO
1438,1445,0.0,0.0,4.739,23.972,6.5030003,2.355,0.79399997,0.0,LO
1438,1448,0.0,0.0,0.63,8.16,2.585,1.906,0.623,0.0,LO
1438,1449,0.0,0.0,4.383,6.15,2.177,0.481,0.164,0.0,LO
1438,1452,0.0,0.0,0.0,8.765,7.058,1.562,0.158,0.0,LO
1438,1524,0.0,0.0,0.0,3.414,3.553,1.538,0.001,0.0,LO
1438,5595,0.0,0.0,0.839,16.945,9.988,3.901,1.2080001,0.0,LO
1438,6977,0.0,0.0,1.827,13.873,4.155,3.007,0.245,0.0,LO
1438,6978,0.0,0.0,1.387,4.511,0.544,0.579,0.564,0.0,LO
1438,6979,0.0,0.0,0.332,4.341,4.0429997,1.045,0.43,0.0,LO
1438,7401,0.0,0.0,1.21,3.914,1.873,1.193,0.020000001,0.0,LO
1438,7402,0.0,0.0,0.88199997,1.495,1.493,0.262,0.0,0.0,LO
1438,7404,0.0,0.0,0.0,1.929,1.054,0.66,0.001,0.0,LO
1438,7406,0.0,0.0,0.029000001,4.769,3.024,0.765,0.0,0.0,LO
1438,9586,0.0,0.0,0.765,4.969,1.316,0.461,0.37699997,0.0,LO
1438,9587,0.0,0.0,1.312,63.576,13.578,4.797,0.588,0.0,LO
1439,514,0.0,0.0,0.0,0.19600001,0.089,0.087,0.0,0.0,LO
1439,591,0.0,0.0,0.143,1.823,0.707,0.974,0.136,0.0,LO
1439,596,0.0,0.0,0.0,0.141,0.226,0.074999996,0.0,0.0,LO
1439,603,0.0,0.0,3.047,25.728,13.035,6.59,0.411,0.0,LO
1439,618,0.0,0.0,0.22999999,2.6069999,1.11,0.0,0.0,0.0,LO
1439,621,0.0,0.0,0.413,5.245,0.93,0.564,0.0,0.0,LO
1439,686,0.0,0.0,1.717,13.457,0.925,2.136,0.166,0.0,LO
1439,717,0.0,0.0,0.0,0.327,0.038000003,0.254,0.0,0.0,LO
1439,719,0.0,0.0,13.479,106.631,51.594,33.438,2.616,0.0,LO
1439,751,0.0,0.0,0.0,0.352,0.676,0.16,0.029,0.0,LO
1439,755,0.0,0.0,0.0,1.08,0.206,0.14,0.002,0.0,LO
1439,763,0.0,0.0,0.161,2.676,1.272,1.758,0.171,0.0,LO
1439,766,0.0,0.0,0.335,4.424,3.096,3.143,0.21,0.0,LO
1439,788,0.0,0.0,0.197,0.847,0.296,0.021,0.0,0.0,LO
1439,1022,0.0,0.0,0.241,2.197,1.223,1.6290001,0.0,0.0,LO
1439,1023,0.0,0.0,0.718,14.61,1.34,1.106,0.0,0.0,LO
1439,1024,0.0,0.0,3.416,17.899,3.974,1.646,0.0,0.0,LO
1439,1039,0.0,0.0,0.0,0.768,0.261,0.356,0.118,0.0,LO
1439,1082,0.0,0.0,0.0,2.769,1.118,0.214,0.048,0.0,LO
1439,1083,0.0,0.0,0.0,0.145,0.107,0.147,0.021,0.0,LO
1439,1085,0.0,0.0,0.193,1.079,0.85400003,0.028,0.0,0.0,LO
1439,1404,0.0,0.0,0.0,1.695,1.682,0.986,0.22600001,0.0,LO
1439,1409,0.0,0.0,1.187,14.896,4.009,1.771,0.067,0.0,LO
1439,1413,0.0,0.0,1.856,35.634,6.387,1.537,0.509,0.0,LO
1439,1421,0.0,0.0,1.416,16.723999,7.228,5.244,0.633,0.0,LO
1439,1429,0.0,0.0,3.172,28.962,13.986,12.4279995,0.594,0.0,LO
1439,1437,0.0,0.0,0.522,8.621,4.637,3.599,0.38300002,0.0,LO
1439,1438,0.0,0.0,0.351,4.603,2.276,0.825,0.27199998,0.0,LO
1439,1440,0.0,0.0,0.72300005,17.757,5.359,3.0509999,0.663,0.0,LO
1439,1441,0.0,0.0,0.27,8.6380005,4.647,3.517,0.193,0.0,LO
1439,1443,0.0,0.0,0.0,0.987,0.873,0.035,0.0,0.0,LO
1439,1445,0.0,0.0,0.926,10.641,3.897,2.723,0.257,0.0,LO
1439,1448,0.0,0.0,0.0,5.106,3.35,4.001,0.518,0.0,LO
1439,1449,0.0,0.0,0.763,3.931,2.04,1.049,0.068,0.0,LO
1439,1452,0.0,0.0,0.0,2.893,0.786,0.693,0.0,0.0,LO
1439,5345,0.0,0.0,0.003,1.303,1.1010001,0.661,0.062,0.0,LO
1439,5423,0.0,0.0,0.0,0.71,0.704,0.185,0.0,0.0,LO
1439,5424,0.0,0.0,0.0,0.271,0.458,0.021,0.0,0.0,LO
1439,5595,0.0,0.0,0.279,2.817,1.748,1.575,0.016,0.0,LO
1439,6961,0.0,0.0,0.18100001,0.872,0.811,0.178,0.0,0.0,LO
1439,6977,0.0,0.0,1.284,28.22,15.6,12.033,0.511,0.0,LO
1439,6978,0.0,0.0,0.579,12.032,3.968,3.564,0.15200001,0.0,LO
1439,6979,0.0,0.0,2.7450001,14.813,10.063,7.125,0.827,0.0,LO
1439,9586,0.0,0.0,0.0,1.299,0.711,0.449,0.005,0.0,LO
1439,9587,0.0,0.0,0.645,8.86,4.921,1.053,0.085,0.0,LO
1440,514,0.0,0.0,0.039,0.938,1.301,1.678,0.225,0.0,LO
1440,591,0.0,0.0,0.668,13.169,10.286,6.547,2.219,0.0,LO
1440,596,0.0,0.0,0.121999994,1.593,1.524,1.292,0.123,0.0,LO
1440,597,0.0,0.0,0.095,0.85400003,0.76100004,0.228,0.046,0.0,LO
1440,603,0.0,0.0,6.2530003,134.348,137.077,60.75,16.02,0.0,LO
1440,618,0.0,0.0,1.253,16.45,6.918,2.512,0.412,0.0,LO
1440,621,0.0,0.0,0.481,19.14,4.144,1.344,0.363,0.0,LO
1440,659,0.0,0.0,0.12799999,0.849,0.899,0.504,0.107999995,0.0,LO
1440,686,0.0,0.0,3.1560001,54.749,43.143,15.061,5.25,0.0,LO
1440,717,0.0,0.0,0.0,1.837,1.668,0.907,0.066,0.0,LO
1440,719,0.0,0.0,18.969,352.695,329.314,207.37,55.099,0.0,LO
1440,751,0.0,0.0,0.525,4.585,3.438,1.913,0.072,0.0,LO
1440,755,0.0,0.0,0.83,7.236,4.408,2.491,0.006,0.0,LO
1440,763,0.0,0.0,0.155,15.5,16.827,11.504,1.623,0.0,LO
1440,766,0.0,0.0,2.2879999,38.869,32.028,21.539,4.668,0.0,LO
1440,788,0.0,0.0,0.086,3.323,1.383,0.137,0.129,0.0,LO
1440,1022,0.0,0.0,0.276,10.367,13.624,4.771,1.378,0.0,LO
1440,1023,0.0,0.0,1.558,37.138,7.641,3.813,1.06,0.0,LO
1440,1024,0.0,0.0,3.651,70.178,27.79,7.308,0.423,0.0,LO
1440,1039,0.0,0.0,0.0,4.834,1.253,1.135,0.0,0.0,LO
1440,1082,0.0,0.0,0.351,7.962,4.889,2.4160001,0.261,0.0,LO
1440,1083,0.0,0.0,0.0,0.67300004,0.805,0.27899998,0.104,0.0,LO
1440,1085,0.0,0.0,0.325,4.258,0.94,1.39,0.0,0.0,LO
1440,1404,0.0,0.0,0.060000002,19.679,18.734,12.134,4.4049997,0.0,LO
1440,1409,0.0,0.0,1.0220001,29.535,11.257,6.073,1.348,0.0,LO
1440,1413,0.0,0.0,1.647,57.431,9.918,5.229,0.004,0.0,LO
1440,1421,0.0,0.0,4.458,96.607,76.052,39.496,12.742,0.0,LO
1440,1429,0.0,0.0,5.895,156.168,127.756,71.932,24.689,0.0,LO
1440,1437,0.0,0.0,1.921,57.279,50.111,23.052,9.279,0.0,LO
1440,1438,0.0,0.0,0.307,19.647,14.949,6.021,3.334,0.0,LO
1440,1439,0.0,0.0,0.47399998,12.157,8.422,4.361,0.94,0.0,LO
1440,1441,0.0,0.0,1.473,44.621,48.315,23.875,8.399,0.0,LO
1440,1443,0.0,0.0,0.477,3.724,3.8,1.035,0.0,0.0,LO
1440,1445,0.0,0.0,3.12,47.063,23.955,10.868,9.161,0.0,LO
1440,1448,0.0,0.0,1.171,31.878,37.794,22.25,10.484,0.0,LO
1440,1449,0.0,0.0,0.662,4.264,1.813,0.692,0.077999994,0.0,LO
1440,1452,0.0,0.0,1.3429999,21.95,19.989,9.6779995,2.9029999,0.0,LO
1440,5345,0.0,0.0,0.946,5.3320003,3.188,2.377,0.62,0.0,LO
1440,5356,0.0,0.0,0.0,2.664,0.61,0.36,0.0,0.0,LO
1440,5362,0.0,0.0,0.0,1.789,1.406,0.83500004,0.0,0.0,LO
1440,5404,0.0,0.0,0.429,2.167,3.174,1.432,0.22299999,0.0,LO
1440,5411,0.0,0.0,0.0,0.306,0.437,0.082,0.0,0.0,LO
1440,5418,0.0,0.0,0.0,3.615,1.674,0.354,0.737,0.0,LO
1440,5421,0.0,0.0,0.001,0.874,1.36,0.24900001,0.0,0.0,LO
1440,5423,0.0,0.0,0.45700002,3.425,1.281,0.676,0.0,0.0,LO
1440,5424,0.0,0.0,0.001,1.371,1.048,0.985,0.351,0.0,LO
1440,5437,0.0,0.0,0.0,0.69299996,1.353,0.164,0.0,0.0,LO
1440,5595,0.0,0.0,0.52,10.502,6.363,2.605,0.495,0.0,LO
1440,6919,0.0,0.0,0.0,0.875,0.106,0.092999995,0.0,0.0,LO
1440,6926,0.0,0.0,0.0,0.44,1.379,0.142,0.0,0.0,LO
1440,6941,0.0,0.0,0.002,0.38399997,0.46,0.0,0.0,0.0,LO
1440,6947,0.0,0.0,0.003,0.014,0.0,0.0,0.0,0.0,LO
1440,6952,0.0,0.0,0.002,0.008,0.0,0.0,0.0,0.0,LO
1440,6954,0.0,0.0,0.0,0.67,0.432,0.171,0.085999995,0.0,LO
1440,6956,0.0,0.0,0.001,0.168,0.308,0.0,0.0,0.0,LO
1440,6958,0.0,0.0,0.0,0.198,0.012,0.0,0.0,0.0,LO
1440,6959,0.0,0.0,0.0,1.083,1.13,0.20300001,0.0,0.0,LO
1440,6961,0.0,0.0,0.197,1.767,1.734,0.614,0.0,0.0,LO
1440,6962,0.0,0.0,0.0,1.316,0.73300004,0.15799999,0.0,0.0,LO
1440,6972,0.0,0.0,0.009,0.173,0.398,0.0,0.0,0.0,LO
1440,6973,0.0,0.0,0.0,0.243,0.456,0.0,0.0,0.0,LO
1440,6977,0.0,0.0,4.807,122.302,101.878,59.521,20.024,0.0,LO
1440,6978,0.0,0.0,2.389,54.36,22.989,22.941,14.656,0.0,LO
1440,6979,0.0,0.0,3.461,67.035,62.425,40.74,14.545,0.0,LO
1440,7401,0.0,0.0,0.0,0.928,1.611,0.851,0.0,0.0,LO
1440,7402,0.0,0.0,0.0,0.527,0.933,0.14,0.14500001,0.0,LO
1440,7403,0.0,0.0,0.0,0.541,0.78499997,0.089,0.0,0.0,LO
1440,7406,0.0,0.0,0.0,2.057,2.122,0.469,0.0,0.0,LO
1440,7407,0.0,0.0,0.0,1.109,1.085,0.394,0.0,0.0,LO
1440,7408,0.0,0.0,0.179,0.306,0.449,0.257,0.547,0.0,LO
1440,7467,0.0,0.0,0.256,0.875,0.55,0.113,0.224,0.0,LO
1440,9586,0.0,0.0,0.621,7.375,4.505,2.765,0.077,0.0,LO
1440,9587,0.0,0.0,1.8280001,42.907,19.258,6.921,1.102,0.0,LO
1441,591,0.0,0.0,1.366,4.068,3.2280002,1.139,0.26999998,0.0,LO
1441,596,0.0,0.0,0.0,0.223,0.379,0.468,0.0,0.0,LO
1441,603,0.015000001,7.067,79.71,444.301,145.561,59.505,9.155,0.0,LO
1441,618,0.0,0.0,0.259,6.392,1.783,0.765,0.017,0.0,LO
1441,621,0.0,0.0,0.29000002,14.867001,1.247,0.0,0.0,0.0,LO
1441,686,0.0,0.0,3.961,36.776,9.006,4.617,0.218,0.0,LO
1441,719,0.0,0.0,20.939001,313.233,124.186,54.929,10.003,0.0,LO
1441,742,0.0,0.0,0.0,0.308,0.24,0.124,0.01,0.0,LO
1441,751,0.0,0.0,0.601,0.73,0.497,0.087,0.0,0.0,LO
1441,755,0.0,0.0,0.33400002,5.56,2.772,1.358,0.002,0.0,LO
1441,763,0.0,1.314,15.09,77.409,35.685,23.876,3.888,0.0,LO
1441,766,0.0,0.0,1.215,8.081,4.235,2.356,0.591,0.0,LO
1441,788,0.0,2.889,17.264,40.142,19.437,9.783,1.99,0.0,LO
1441,1022,0.0,0.0,1.986,14.489,7.606,3.628,0.392,0.0,LO
1441,1023,0.0,0.0,9.118,68.354,11.888,5.155,0.765,0.0,LO
1441,1024,0.0,1.256,24.823,163.922,38.145,13.804,0.995,0.0,LO
1441,1039,0.0,0.0,0.758,6.357,5.892,3.047,0.177,0.0,LO
1441,1082,0.0,1.081,14.748,67.391,25.852,11.558,2.898,0.0,LO
1441,1083,0.0,0.015000001,0.153,1.766,1.72,0.899,0.503,0.0,LO
1441,1085,0.0,0.185,0.356,6.038,6.233,2.8830001,0.662,0.0,LO
1441,1402,0.0,0.0,0.13499999,1.3100001,0.631,0.0,0.0,0.0,LO
1441,1404,0.0,0.0,0.096,3.823,1.906,0.954,0.0,0.0,LO
1441,1409,0.0,0.0,2.452,36.723,5.873,2.459,0.611,0.0,LO
1441,1413,0.0,0.0,2.079,78.53,8.68,4.219,1.035,0.0,LO
1441,1421,0.0,0.0,1.352,31.786,19.888,10.633,3.718,0.0,LO
1441,1429,0.0,0.0,0.44,18.988,5.945,2.797,0.335,0.0,LO
1441,1437,0.0,0.0,0.395,12.255,7.931,4.425,0.985,0.0,LO
1441,1438,0.0,0.0,0.704,8.781,4.63,1.655,0.881,0.0,LO
1441,1439,0.0,0.0,0.926,14.3810005,6.985,3.823,0.421,0.0,LO
1441,1440,0.0,0.0,4.491,80.47,23.154,13.257,1.679,0.0,LO
1441,1443,0.0,0.256,2.262,11.817,5.682,1.976,0.264,0.0,LO
1441,1445,0.0,0.0,1.7279999,17.31,6.143,3.77,1.572,0.0,LO
1441,1448,0.0,0.0,0.422,8.772,7.361,2.075,1.171,0.0,LO
1441,1449,0.0,0.0,0.84,11.607,5.735,2.463,0.147,0.0,LO
1441,1452,0.0,0.0,2.14,11.597,3.393,2.371,0.357,0.0,LO
1441,5150,0.0,0.0,0.248,1.766,0.987,0.223,0.066,0.0,LO
1441,5301,0.0,0.0,0.305,2.645,1.877,2.1100001,0.523,0.0,LO
1441,5345,0.0,1.4829999,2.21,12.925,9.909,6.202,2.632,0.0,LO
1441,5356,0.0,0.014,1.837,7.898,6.33,3.469,0.658,0.0,LO
1441,5362,0.0,0.0,1.204,5.682,3.218,2.6,0.139,0.0,LO
1441,5372,0.0,0.0,0.776,2.233,0.95,0.57,0.0,0.0,LO
1441,5376,0.0,0.015,0.366,2.107,0.0,0.0,0.491,0.0,LO
1441,5378,0.0,0.053,1.812,6.124,0.0,0.0,0.514,0.0,LO
1441,5397,0.0,0.183,1.344,3.645,0.0,0.0,1.751,0.0,LO
1441,5404,0.0,0.024,1.313,9.207,7.927,7.198,0.905,0.0,LO
1441,5411,0.0,0.208,1.498,5.3310003,0.0,0.0,1.739,0.0,LO
1441,5418,0.0,0.046,0.7,3.15,4.301,3.465,1.106,0.0,LO
1441,5421,0.0,0.0,1.789,7.993,5.632,1.986,0.296,0.0,LO
1441,5423,0.0,0.0,2.387,12.848,9.086,2.998,0.96500003,0.0,LO
1441,5424,0.0,0.0,0.317,3.993,3.682,2.31,0.345,0.0,LO
1441,5437,0.0,0.056,1.558,2.688,3.8,2.863,0.218,0.0,LO
1441,5595,0.0,0.0,4.481,12.913,5.928,2.787,0.335,0.0,LO
1441,6914,0.0,0.0,0.0,1.193,0.536,0.0,0.0,0.0,LO
1441,6919,0.0,0.0,0.121,1.424,0.848,0.0,0.0,0.0,LO
1441,6941,0.0,0.0,0.0,0.246,0.051,0.122999996,0.0,0.0,LO
1441,6961,0.0,0.0,0.0,1.831,0.77,0.144,0.0,0.0,LO
1441,6962,0.0,0.0,0.0,1.76,0.801,0.268,0.0,0.0,LO
1441,6977,0.0,0.0,0.628,34.225,17.798,5.834,1.077,0.0,LO
1441,6978,0.0,0.0,0.861,40.069,8.925,6.665,4.144,0.0,LO
1441,6979,0.0,0.0,0.78,25.24,17.523,8.744,1.483,0.0,LO
1441,9586,0.0,0.0,0.423,3.238,1.133,1.046,0.491,0.0,LO
1441,9587,0.0,0.0,0.309,17.829,6.426,2.32,0.162,0.0,LO
1442,591,0.0,0.0,0.0,0.815,1.059,0.234,0.0,0.0,LO
1442,596,0.0,0.098,2.697,5.225,2.318,2.09,0.227,0.0,LO
1442,597,0.0,0.463,10.864,35.583,10.903,6.145,0.809,0.0,LO
1442,603,0.0,0.0,0.085,0.501,0.072,0.0,0.0,0.0,LO
1442,617,0.0,0.006,4.483,4.28,1.5239999,0.776,0.116,0.0,LO
1442,618,0.0,0.0,1.452,3.632,0.53,0.282,0.0,0.0,LO
1442,620,0.0,1.191,6.475,16.164,3.677,5.364,0.23,0.0,LO
1442,621,0.0,0.0,0.087,1.3709999,0.304,0.0,0.0,0.0,LO
1442,659,0.0,0.266,0.656,2.848,3.2940001,2.327,0.608,0.0,LO
1442,680,0.0,11.536,19.664,66.91,14.628,3.042,0.104,0.0,LO
1442,686,0.0,0.0,0.656,5.418,0.542,0.88,0.0,0.0,LO
1442,709,0.0,0.081,2.727,3.991,2.517,1.025,0.0,0.0,LO
1442,717,0.0,0.008,1.594,4.662,3.111,1.226,0.116,0.0,LO
1442,719,0.0,0.0,0.077,1.724,0.221,0.0,0.0,0.0,LO
1442,751,0.0,1.488,8.98,23.533,8.887,2.642,1.106,0.0,LO
1442,755,0.0,0.0,1.931,2.301,0.21000001,0.0,0.0,0.0,LO
1442,766,0.0,0.216,1.8659999,6.075,2.398,1.5749999,0.0,0.0,LO
1442,1395,0.0,0.0,3.249,11.832,2.2,2.535,0.0,0.0,LO
1442,1398,0.0,0.001,5.839,11.303,2.394,0.978,0.087,0.0,LO
1442,1402,0.0,0.0,47.456,136.558,44.767998,23.191,1.074,0.0,LO
1442,1415,0.0,0.004,1.269,4.589,0.83500004,0.28,0.157,0.0,LO
1442,1434,0.0,3.958,1.706,4.867,2.554,1.6029999,0.0,0.0,LO
1442,1444,0.0,3.091,14.615,36.667,13.001,5.916,0.255,0.0,LO
1442,1451,0.0,0.009,0.64,4.447,0.802,0.0,0.0,0.0,LO
1442,1455,0.0,0.0,27.664,153.797,18.115,6.778,0.886,0.0,LO
1442,5595,0.0,0.0,0.972,2.147,0.89100003,0.704,0.0,0.0,LO
1442,9587,0.0,0.0,3.928,8.504,2.788,1.144,0.109,0.0,LO
1443,591,0.0,0.0,0.074,0.16499999,0.477,0.227,0.0,0.0,LO
1443,596,0.0,0.0,0.0,0.069,0.325,0.096999995,0.009,0.0,LO
1443,603,0.291,19.835001,210.831,719.469,284.347,139.091,51.289,0.0,LO
1443,618,0.0,0.0,0.044,3.26,0.168,0.077,0.0,0.0,LO
1443,621,0.0,0.0,0.0,1.306,0.164,0.0,0.0,0.0,LO
1443,686,0.0,0.0,1.054,4.687,1.093,0.791,0.167,0.0,LO
1443,719,0.0,0.0,0.904,20.584,7.867,2.635,1.321,0.0,LO
1443,751,0.0,0.0,0.0,0.347,0.187,0.093,0.012,0.0,LO
1443,755,0.0,0.0,0.033,0.521,0.234,0.085999995,0.0,0.0,LO
1443,763,0.0,3.439,64.589,283.508,142.972,78.174,37.758,0.0,LO
1443,766,0.0,0.0,1.011,2.407,1.399,0.673,0.132,0.0,LO
1443,788,0.004,9.121,70.449,316.307,141.113,64.608,33.534,0.0,LO
1443,1022,0.0,0.442,2.193,34.439,15.386,10.238,3.3439999,0.0,LO
1443,1023,0.0,0.245,6.16,115.914,27.447,17.916,3.0180001,0.0,LO
1443,1024,0.0,1.212,33.763,383.141,106.247,39.844,13.294001,0.0,LO
1443,1039,0.0,1.633,6.618,34.519,18.07,11.083,4.686,0.0,LO
1443,1082,0.0,4.927,57.073,217.186,101.708,52.836,25.657,0.001,LO
1443,1083,0.0,1.418,0.87299997,11.236,9.042,8.278,5.091,0.0,LO
1443,1085,0.0,1.656,4.002,31.472,15.801,7.848,5.7339997,0.0,LO
1443,1404,0.0,0.0,0.0,0.85,0.51699996,0.449,0.0,0.0,LO
1443,1409,0.0,0.0,0.13,1.546,0.823,0.378,0.174,0.0,LO
1443,1413,0.0,0.0,0.32299998,4.006,1.237,0.794,0.0,0.0,LO
1443,1421,0.0,0.0,0.0,2.542,2.324,0.637,0.0,0.0,LO
1443,1437,0.0,0.0,0.0,1.503,0.921,0.337,0.126,0.0,LO
1443,1439,0.0,0.0,0.0,1.473,0.47100002,0.557,0.0,0.0,LO
1443,1440,0.0,0.0,0.306,5.363,1.953,1.477,0.185,0.0,LO
1443,1441,0.0,0.0,0.908,8.797,7.929,3.578,0.856,0.0,LO
1443,1445,0.0,0.0,0.0,1.7490001,0.689,0.46600002,0.284,0.0,LO
1443,1448,0.0,0.0,0.0,1.961,0.954,0.717,0.498,0.0,LO
1443,1449,0.0,0.0,0.0,1.063,0.44099998,0.111,0.057,0.0,LO
1443,5150,0.0,0.0,15.988,109.894,53.217,24.365,13.226,0.0,LO
1443,5301,0.0,0.0,4.425,43.658,21.201,18.834,6.1340003,0.0,LO
1443,5345,0.0,19.357,23.043,83.714005,57.918,46.03,21.828001,0.021,LO
1443,5356,0.0,0.074,7.537,32.689,19.026001,11.677,6.374,0.0,LO
1443,5362,0.0,0.083000004,6.01,28.72,18.908,16.073,7.098,0.0,LO
1443,5372,0.0,0.0,0.87,12.954,6.491,7.214,1.897,0.0,LO
1443,5376,0.0,0.37399998,2.468,15.056,9.739,4.219,3.264,0.0,LO
1443,5378,0.0,9.445,6.002,17.884,7.708,3.242,3.872,0.0,LO
1443,5397,0.0,0.022,2.685,15.907,9.133,8.081,3.796,0.0,LO
1443,5404,0.0,0.0,8.364,42.447,39.567,28.875,15.214,0.0,LO
1443,5411,0.0,0.217,11.53,47.795002,32.225,21.713999,14.603,0.0,LO
1443,5418,0.0,0.128,3.6890001,23.449,19.807001,12.669001,7.083,0.0,LO
1443,5421,0.0,0.0,12.605,68.053,36.091,24.679,12.762,0.0,LO
1443,5423,0.0,0.0,10.122,100.697,47.916,27.612999,12.565,0.0,LO
1443,5424,0.0,0.0,9.083,43.7,27.846,21.547,15.558,0.0,LO
1443,5437,0.0,0.268,3.415,21.477,17.212,7.764,5.613,0.0,LO
1443,5595,0.0,0.0,13.126,51.22,31.073,16.327,7.501,0.0,LO
1443,6977,0.0,0.0,0.0,1.803,0.842,0.744,0.215,0.0,LO
1443,6978,0.0,0.0,0.0,0.809,0.446,0.68,0.68,0.0,LO
1443,6979,0.0,0.0,0.0,0.821,1.749,0.336,0.514,0.0,LO
1443,9587,0.0,0.0,0.133,1.093,1.545,0.723,0.023,0.0,LO
1444,591,0.0,0.0,0.0,4.909,4.935,1.98,0.746,0.0,LO
1444,596,0.0,3.215,18.157,60.754,50.575,42.919,16.404,0.0,LO
1444,597,0.0,0.02,14.238,39.906002,16.596,16.596,11.913,0.0,LO
1444,617,0.0,3.711,11.284,107.608,102.21,81.727,42.833,0.0,LO
1444,618,0.0,0.0,0.586,11.579,3.928,1.312,1.461,0.0,LO
1444,620,0.0,0.062,6.579,22.757,24.741,24.605999,11.585,0.0,LO
1444,621,0.0,0.0,0.205,5.681,2.741,2.102,0.0,0.0,LO
1444,659,0.0,0.003,4.288,31.455,34.633,23.983,10.755,0.0,LO
1444,680,0.0,8.86,19.133,136.098,130.401,118.427,58.315998,0.0,LO
1444,686,0.0,0.0,0.377,9.725,8.111,5.45,0.0,0.0,LO
1444,709,0.0,0.002,2.716,32.811,37.64,27.022,9.944,0.0,LO
1444,717,0.0,0.033,9.644,56.923,38.006,39.038002,15.208,0.0,LO
1444,751,0.0,0.073,29.605,176.167,110.241,80.418,42.026,0.0,LO
1444,766,0.0,7.0629997,18.786,90.864,92.767,72.381004,41.293,0.0,LO
1444,1395,0.0,0.36299998,4.021,21.551,18.632,9.623,1.848,0.0,LO
1444,1398,0.0,0.042999998,6.218,41.494,30.262001,17.595,7.525,0.0,LO
1444,1402,0.0,0.0,0.039,0.626,0.016,0.0,0.16499999,0.0,LO
1444,1404,0.0,0.0,0.596,17.5,15.811,17.687,2.306,0.0,LO
1444,1415,0.0,0.025,21.845,170.184,140.64,101.426,25.616,0.0,LO
1444,1434,0.0,0.12100001,7.519,18.025,13.949,15.319,3.383,0.0,LO
1444,1442,0.0,0.539,7.166,30.359,34.995,24.567,7.59,0.0,LO
1444,1448,0.0,0.0,0.0,0.134,0.152,0.083,0.0,0.0,LO
1444,1451,0.0,0.008,12.782,125.777,103.344,69.622,12.275,0.0,LO
1444,1452,0.0,0.0,0.0,22.194,33.717,15.653,0.0,0.0,LO
1444,1455,0.0,7.5280004,7.19,67.398,43.435,34.902,10.647,0.0,LO
1444,5595,0.0,0.0,0.0,0.0,0.0,0.322,0.0,0.0,LO
1444,9586,0.0,0.0,0.454,2.587,3.547,6.43,1.267,0.0,LO
1444,9587,0.0,0.0,0.021000002,1.404,1.371,1.696,2.631,0.0,LO
1445,514,0.0,0.0,0.0,7.566,2.318,0.978,0.827,0.0,LO
1445,522,0.0,0.0,0.103,1.071,1.154,0.518,0.082,0.0,LO
1445,591,0.0,0.0,0.955,14.27,9.573,5.761,0.519,0.0,LO
1445,596,0.0,0.0,0.0,0.605,0.228,0.383,0.055,0.0,LO
1445,603,0.0,0.0,4.33,39.752,32.624,15.244,6.067,0.0,LO
1445,618,0.0,0.0,2.22,29.809,8.196,2.97,0.91999996,0.0,LO
1445,621,0.0,0.0,0.787,19.693,5.336,1.235,0.399,0.0,LO
1445,659,0.0,0.0,0.0,0.397,0.241,0.34,0.192,0.0,LO
1445,686,0.0,0.0,5.929,61.638,28.468,10.991,4.831,0.0,LO
1445,717,0.0,0.0,0.151,0.347,0.344,0.081,0.007999999,0.0,LO
1445,719,0.0,0.0,3.552,28.710001,21.248,11.663,4.067,0.0,LO
1445,751,0.0,0.0,0.0,1.693,0.693,0.575,0.106,0.0,LO
1445,755,0.0,0.0,0.56299996,18.669,7.018,4.1349998,1.051,0.0,LO
1445,763,0.0,0.0,0.0,0.254,0.234,0.23200001,0.103,0.0,LO
1445,766,0.0,0.0,1.007,20.743,14.656,8.366,2.3009999,0.0,LO
1445,1022,0.0,0.0,0.0,1.9070001,2.546,1.127,0.027,0.0,LO
1445,1023,0.0,0.0,0.865,6.341,1.296,0.464,0.0,0.0,LO
1445,1024,0.0,0.0,0.426,10.899,2.463,0.667,0.169,0.0,LO
1445,1082,0.0,0.0,0.0,0.0,0.0,0.0,0.015,0.0,LO
1445,1404,0.0,0.0,0.355,18.768,13.12,6.9630003,2.468,0.0,LO
1445,1409,0.0,0.0,2.878,34.931,21.268,7.954,3.866,0.0,LO
1445,1413,0.0,0.0,2.75,73.662,23.384,14.282001,3.129,0.0,LO
1445,1421,0.0,0.0,0.19,3.651,2.231,0.728,0.177,0.0,LO
1445,1429,0.0,0.0,1.803,36.681,23.856,11.204,3.1890001,0.0,LO
1445,1437,0.0,0.0,0.076,16.373,6.374,4.445,2.466,0.0,LO
1445,1438,0.0,0.0,1.3069999,24.609,14.662001,6.418,2.4459999,0.0,LO
1445,1439,0.0,0.0,0.614,7.426,4.126,3.301,0.21499999,0.0,LO
1445,1440,0.0,0.0,3.578,44.112,23.619,11.333,9.574,0.0,LO
1445,1441,0.0,0.0,0.234,11.846,7.9440002,5.108,1.02,0.0,LO
1445,1448,0.0,0.0,1.446,27.812,20.722,11.449,9.899,0.0,LO
1445,1449,0.0,0.0,2.6499999,21.142,8.371,2.229,0.39900002,0.0,LO
1445,1452,0.0,0.0,2.9229999,21.286,13.623,4.422,1.455,0.0,LO
1445,1524,0.0,0.0,0.467,6.62,5.9440002,2.6200001,1.182,0.0,LO
1445,5595,0.0,0.0,0.818,19.321,12.015,7.749,1.881,0.0,LO
1445,6941,0.0,0.0,0.0,0.006,0.002,0.0,0.0,0.0,LO
1445,6958,0.0,0.0,0.332,0.05,0.033,0.0,0.0,0.0,LO
1445,6977,0.0,0.0,3.496,31.195,21.333,10.205,2.334,0.0,LO
1445,6978,0.0,0.0,0.599,10.643,2.003,2.258,0.518,0.0,LO
1445,6979,0.0,0.0,0.972,12.071,14.4,5.567,2.739,0.0,LO
1445,7401,0.0,0.0,0.44,9.319,7.205,3.2910001,1.452,0.0,LO
1445,7402,0.0,0.0,0.294,2.944,2.4490001,1.585,0.909,0.0,LO
1445,7403,0.0,0.0,0.0,1.455,4.307,1.396,0.08,0.0,LO
1445,7404,0.0,0.0,0.427,3.355,2.578,1.427,0.152,0.0,LO
1445,7406,0.0,0.0,0.003,7.207,3.963,3.033,0.49600002,0.0,LO
1445,7407,0.0,0.0,0.0,5.3519998,2.316,2.003,0.361,0.0,LO
1445,7408,0.0,0.0,0.0,1.952,2.6990001,1.048,0.245,0.0,LO
1445,7467,0.0,0.0,0.0,0.978,0.808,0.672,0.303,0.0,LO
1445,9586,0.0,0.0,0.115,6.387,5.5030003,2.841,0.547,0.0,LO
1445,9587,0.0,0.0,1.36,66.015,25.166,6.685,0.857,0.0,LO
1448,514,0.0,0.0,0.20899999,2.549,1.336,0.616,0.025,0.0,LO
1448,522,0.0,0.0,0.065000005,0.931,0.77,0.376,0.227,0.0,LO
1448,591,0.0,0.0,0.79899997,14.569,8.301,3.802,1.027,0.0,LO
1448,596,0.0,0.0,0.0,0.44,0.454,0.05,0.061,0.0,LO
1448,597,0.0,0.0,0.066,0.871,1.0699999,0.642,0.065,0.0,LO
1448,603,0.0,0.0,8.558,57.523,36.41,18.753,3.039,0.0,LO
1448,618,0.0,0.0,0.86700004,18.723,4.467,1.6209999,0.326,0.0,LO
1448,620,0.0,0.0,0.125,0.526,0.554,0.449,0.108,0.0,LO
1448,621,0.0,0.0,0.268,20.859,3.168,0.825,0.223,0.0,LO
1448,680,0.0,0.0,0.0,1.469,1.008,0.172,0.0,0.0,LO
1448,686,0.0,0.0,3.576,75.17,24.389,8.422,1.494,0.0,LO
1448,717,0.0,0.0,0.0,0.533,0.881,0.369,0.0,0.0,LO
1448,719,0.0,0.0,5.472,33.826,27.002,11.743,1.865,0.0,LO
1448,751,0.0,0.0,0.0,2.555,1.082,0.317,0.117,0.0,LO
1448,755,0.0,0.0,1.196,36.578,15.922999,4.499,1.463,0.0,LO
1448,763,0.0,0.0,0.0,1.452,1.7080001,0.38300002,0.043,0.0,LO
1448,766,0.0,0.0,1.735,26.157,13.24,6.036,0.514,0.0,LO
1448,788,0.0,0.0,0.0,0.102,0.21000001,0.05,0.008,0.0,LO
1448,1022,0.0,0.0,0.635,2.378,1.815,0.536,0.031,0.0,LO
1448,1023,0.0,0.0,0.719,9.284,1.642,0.445,0.342,0.0,LO
1448,1024,0.0,0.0,0.863,14.839,7.208,1.336,0.026,0.0,LO
1448,1082,0.0,0.0,0.0,1.566,0.781,0.696,0.17300001,0.0,LO
1448,1085,0.0,0.0,0.22500001,1.28,0.722,0.058,0.0,0.0,LO
1448,1402,0.0,0.0,0.0,3.6759999,1.453,0.455,0.049000002,0.0,LO
1448,1404,0.0,0.0,0.232,17.182,10.95,6.692,3.7849998,0.0,LO
1448,1409,0.0,0.0,2.54,26.58,11.662,4.922,1.51,0.0,LO
1448,1413,0.0,0.0,6.794,97.855,17.169,5.981,1.073,0.0,LO
1448,1421,0.0,0.0,7.145,65.888,30.979,11.972,1.797,0.0,LO
1448,1429,0.0,0.0,0.917,26.826,16.562,8.952,0.737,0.0,LO
1448,1437,0.0,0.0,8.312,74.909,38.861,16.746,3.119,0.0,LO
1448,1438,0.0,0.0,0.3,6.776,5.743,2.112,0.082,0.0,LO
1448,1439,0.0,0.0,1.515,7.573,3.054,1.4679999,0.14299999,0.0,LO
1448,1440,0.0,0.0,9.446,48.348,20.133,8.663,2.115,0.0,LO
1448,1441,0.0,0.0,0.20199999,6.9,5.144,2.572,0.485,0.0,LO
1448,1443,0.0,0.0,0.0,0.893,1.109,0.236,0.0,0.0,LO
1448,1445,0.0,0.0,5.289,39.792,12.847,5.7269998,1.527,0.0,LO
1448,1449,0.0,0.0,5.113,30.504,10.765,3.1,0.61,0.0,LO
1448,1452,0.0,0.0,1.241,31.721,11.672,9.877,7.56,0.0,LO
1448,1455,0.0,0.0,0.0,0.935,0.764,0.0,0.0,0.0,LO
1448,1524,0.0,0.0,1.585,6.0299997,4.019,2.632,0.043,0.0,LO
1448,5345,0.0,0.0,0.0,0.467,0.363,0.137,0.0,0.0,LO
1448,5404,0.0,0.0,0.0,0.358,0.12200001,0.643,0.021000002,0.0,LO
1448,5421,0.0,0.0,0.0,2.215,1.6899999,0.319,0.0,0.0,LO
1448,5423,0.0,0.0,0.0,1.54,0.857,0.57600003,0.0,0.0,LO
1448,5424,0.0,0.0,0.114,0.714,0.39200002,0.156,0.0,0.0,LO
1448,5595,0.0,0.0,2.501,69.748,32.82,14.206,2.8370001,0.0,LO
1448,6956,0.0,0.0,0.003,0.055,0.017,0.0,0.003,0.0,LO
1448,6977,0.0,0.0,1.666,20.561,11.151,8.401,0.787,0.0,LO
1448,6978,0.0,0.0,0.275,7.5559998,2.108,1.402,0.46899998,0.0,LO
1448,6979,0.0,0.0,0.96599996,8.9,5.7530003,3.3109999,0.819,0.0,LO
1448,7401,0.0,0.0,0.349,5.771,5.482,2.093,0.004,0.0,LO
1448,7402,0.0,0.0,0.295,1.656,1.8740001,0.624,0.001,0.0,LO
1448,7404,0.0,0.0,0.0,3.938,2.681,1.823,0.646,0.0,LO
1448,7406,0.0,0.0,1.11,5.429,4.031,3.375,1.195,0.0,LO
1448,7407,0.0,0.0,0.0,3.235,1.421,0.635,0.503,0.0,LO
1448,7408,0.0,0.0,0.20300001,0.382,0.987,0.983,0.029,0.0,LO
1448,7467,0.0,0.0,0.297,1.094,0.0,0.702,0.017,0.0,LO
1448,9586,0.0,0.0,1.363,10.187,4.205,1.599,0.066,0.0,LO
1448,9587,0.0,0.0,3.1499999,161.406,44.843,8.48,2.056,0.0,LO
1449,514,0.0,0.0,0.0,0.585,0.385,0.133,0.182,0.0,LO
1449,522,0.0,0.0,0.0,0.0,0.0,0.0,0.073,0.0,LO
1449,591,0.0,0.0,1.367,6.4110003,5.06,1.1750001,0.409,0.0,LO
1449,596,0.0,0.0,0.284,0.244,0.723,0.496,0.024999999,0.0,LO
1449,597,0.0,0.0,0.0,0.536,0.35,0.233,0.076,0.0,LO
1449,603,0.0,0.0,9.213,42.347,25.345,11.892,3.113,0.0,LO
1449,618,0.0,0.0,1.6800001,12.105,4.128,0.696,0.001,0.0,LO
1449,621,0.0,0.0,0.816,9.333,1.641,0.873,0.472,0.0,LO
1449,659,0.0,0.0,0.0,0.277,0.499,0.102,0.0,0.0,LO
1449,686,0.0,0.0,3.8339999,27.814,9.044,3.046,1.822,0.0,LO
1449,717,0.0,0.0,0.0,0.348,0.283,0.305,0.026,0.0,LO
1449,719,0.0,0.0,5.941,75.08,44.864002,19.460001,5.996,0.0,LO
1449,751,0.0,0.0,0.0,1.594,1.303,0.363,0.085,0.0,LO
1449,755,0.0,0.0,0.0,6.011,3.225,0.641,0.19,0.0,LO
1449,763,0.0,0.0,1.722,4.019,2.476,1.877,0.598,0.0,LO
1449,766,0.0,0.0,0.99200004,12.084,11.241,6.1019998,0.663,0.0,LO
1449,788,0.0,0.0,0.045,0.0,0.0,0.053,0.015,0.0,LO
1449,1022,0.0,0.0,0.548,4.536,2.548,1.483,0.554,0.0,LO
1449,1023,0.0,0.0,2.2680001,13.817,1.53,0.977,0.314,0.0,LO
1449,1024,0.0,0.0,2.426,16.05,3.474,1.2360001,0.17,0.0,LO
1449,1039,0.0,0.0,0.0,1.682,0.675,0.028,0.0,0.0,LO
1449,1082,0.0,0.0,0.0,2.899,1.29,0.677,0.23300001,0.0,LO
1449,1083,0.0,0.0,0.0,0.183,0.116,0.044,0.0,0.0,LO
1449,1085,0.0,0.0,0.0,1.268,0.781,0.052,0.218,0.0,LO
1449,1404,0.0,0.0,0.292,6.953,7.853,2.616,2.217,0.0,LO
1449,1409,0.0,0.0,2.129,31.847,18.115,11.795,1.908,0.0,LO
1449,1413,0.0,0.0,2.669,80.713,27.339,12.122,3.571,0.0,LO
1449,1421,0.0,0.0,7.1000004,128.775,44.61,24.0,8.929,0.0,LO
1449,1429,0.0,0.0,2.993,36.443,24.222,12.521,4.794,0.0,LO
1449,1437,0.0,0.0,1.48,26.936,16.398,5.108,1.528,0.0,LO
1449,1438,0.0,0.0,2.1469998,9.589,3.566,0.98399997,0.708,0.0,LO
1449,1439,0.0,0.0,1.064,9.606,4.281,1.441,0.723,0.0,LO
1449,1440,0.0,0.0,0.0,5.585,2.7,0.349,0.288,0.0,LO
1449,1441,0.0,0.0,1.589,11.97,11.192,3.549,1.2570001,0.0,LO
1449,1443,0.0,0.0,0.0,1.332,0.643,0.163,0.0,0.0,LO
1449,1445,0.0,0.0,5.323,34.054,12.834,4.287,1.234,0.0,LO
1449,1448,0.0,0.0,0.98,20.268,18.008,8.981,6.299,0.0,LO
1449,1452,0.0,0.0,2.09,21.454,13.395,8.194,1.733,0.0,LO
1449,1524,0.0,0.0,0.106,0.944,0.702,0.305,0.060999997,0.0,LO
1449,5345,0.0,0.0,0.0,1.03,0.674,1.073,0.0,0.0,LO
1449,5423,0.0,0.0,0.0,1.166,0.965,0.0,0.0,0.0,LO
1449,5424,0.0,0.0,0.0,0.0,0.514,0.399,0.067999996,0.0,LO
1449,5595,0.0,0.0,0.983,5.484,1.6819999,0.717,0.214,0.0,LO
1449,6956,0.0,0.0,0.003,0.022,0.017,0.0,0.0,0.0,LO
1449,6961,0.0,0.0,0.0,1.302,0.369,0.319,0.235,0.0,LO
1449,6977,0.0,0.0,2.915,29.788,20.078,8.522,3.314,0.0,LO
1449,6978,0.0,0.0,1.543,11.375,3.6560001,3.063,0.762,0.0,LO
1449,6979,0.0,0.0,2.433,13.011,9.018,5.304,2.244,0.0,LO
1449,7401,0.0,0.0,0.0,3.759,1.568,0.34100002,0.182,0.0,LO
1449,7402,0.0,0.0,0.0,0.428,0.419,0.379,0.169,0.0,LO
1449,7406,0.0,0.0,0.0,1.9399999,1.195,0.186,0.501,0.0,LO
1449,7408,0.0,0.0,0.222,0.144,0.969,0.092,0.0,0.0,LO
1449,7467,0.0,0.0,0.0,0.296,0.317,0.086,0.0,0.0,LO
1449,9586,0.0,0.0,0.341,2.36,2.137,0.865,0.176,0.0,LO
1449,9587,0.0,0.0,3.981,32.569,15.528,4.353,0.625,0.0,LO
1451,596,0.0,0.0,0.814,3.427,3.98,2.644,0.78000003,0.0,LO
1451,597,0.0,0.013,4.003,4.588,3.0939999,2.6169999,0.046,0.0,LO
1451,603,0.0,0.0,0.002,0.0,0.0,0.0,0.0,0.0,LO
1451,617,0.0,0.0,2.945,9.845,3.991,4.589,1.302,0.0,LO
1451,621,0.0,0.0,0.559,2.429,0.441,0.0,0.0,0.0,LO
1451,659,0.0,0.005,2.794,4.557,5.931,1.339,0.508,0.0,LO
1451,680,0.0,0.226,5.1159997,26.884,9.038,5.231,2.931,0.0,LO
1451,686,0.0,0.0,0.666,5.9779997,1.868,0.388,0.0,0.0,LO
1451,709,0.0,0.0,1.728,1.52,3.8530002,2.184,0.465,0.0,LO
1451,717,0.0,0.0,0.79399997,3.892,2.407,2.171,0.528,0.0,LO
1451,751,0.0,0.0,1.032,19.975,7.365,6.043,3.4320002,0.0,LO
1451,766,0.0,0.681,5.2530003,8.297,5.025,1.69,3.3,0.0,LO
1451,1395,0.0,0.002,2.107,2.206,1.02,0.0,0.0,0.0,LO
1451,1398,0.0,0.0,0.0,3.548,2.538,0.684,0.0,0.0,LO
1451,1402,0.0,0.025,7.292,13.278,5.852,4.142,0.038,0.0,LO
1451,1404,0.0,0.0,0.153,1.493,1.148,0.516,0.0,0.0,LO
1451,1415,0.0,0.0,2.052,6.758,2.258,0.463,0.0,0.0,LO
1451,1434,0.0,0.0,0.0,3.8539999,0.728,1.1980001,0.032,0.0,LO
1451,1442,0.0,0.003,5.563,3.867,2.59,0.833,0.029000001,0.0,LO
1451,1444,0.0,0.0,28.181,148.984,62.605,25.512001,9.573,0.0,LO
1451,1455,0.0,0.007,1.918,4.709,0.867,4.136,0.562,0.0,LO
1451,9586,0.0,0.0,0.0,2.672,0.0,0.007,1.607,0.0,LO
1451,9587,0.0,0.0,0.773,4.091,2.133,0.374,0.0,0.0,LO
1452,514,0.0,0.0,0.0,0.361,1.34,0.389,0.0,0.0,LO
1452,591,0.0,0.0,5.628,31.833,11.58,1.874,0.161,0.0,LO
1452,597,0.0,0.0,0.628,3.182,1.176,1.419,0.106,0.0,LO
1452,603,0.0,0.0,2.398,16.887,20.422,12.635,1.357,0.0,LO
1452,620,0.0,0.0,0.466,7.667,2.718,0.37,0.0,0.0,LO
1452,621,0.0,0.0,4.636,63.065,6.898,4.283,0.438,0.0,LO
1452,659,0.0,0.0,0.0,1.791,0.918,0.0,0.0,0.0,LO
1452,680,0.0,0.0,1.342,0.55399996,0.0,0.175,0.0,0.0,LO
1452,686,0.0,0.0,32.19,264.322,79.106,32.381,4.6169996,0.0,LO
1452,717,0.0,0.0,0.832,3.578,0.946,1.535,0.131,0.0,LO
1452,719,0.0,0.0,2.333,16.387,12.284,16.364,0.0,0.0,LO
1452,751,0.0,0.0,0.216,6.077,1.75,2.192,0.652,0.0,LO
1452,766,0.0,0.0,11.496,58.461,25.781,18.454,4.196,0.0,LO
1452,1023,0.0,0.0,0.0,3.439,0.71,0.671,0.0,0.0,LO
1452,1024,0.0,0.0,0.65999997,6.0030003,0.755,0.0,0.0,0.0,LO
1452,1402,0.0,0.0,1.654,5.443,1.2160001,0.0,0.0,0.0,LO
1452,1404,0.0,0.0,1.314,19.065,10.598,1.237,0.652,0.0,LO
1452,1409,0.0,0.0,1.5769999,11.400001,6.484,9.67,0.865,0.0,LO
1452,1413,0.0,0.0,1.742,33.873,4.955,8.281,0.528,0.0,LO
1452,1421,0.0,0.0,4.973,53.503002,27.098001,19.136,7.374,0.0,LO
1452,1429,0.0,0.0,1.418,8.443,11.366,9.92,0.0,0.0,LO
1452,1437,0.0,0.0,3.113,17.28,8.887,10.658,2.24,0.0,LO
1452,1438,0.0,0.0,0.0,12.323,4.285,1.07,3.723,0.0,LO
1452,1439,0.0,0.0,0.52,4.208,3.7319999,1.6140001,0.0,0.0,LO
1452,1440,0.0,0.0,1.35,31.788,13.556,4.485,3.144,0.0,LO
1452,1441,0.0,0.0,0.0,4.3919997,2.631,1.473,0.0,0.0,LO
1452,1444,0.0,0.0,0.922,12.192,3.119,4.392,0.0,0.0,LO
1452,1445,0.0,0.0,3.392,16.917,9.542,3.368,2.808,0.0,LO
1452,1448,0.0,0.0,2.819,14.926,14.8949995,12.719,2.184,0.0,LO
1452,1449,0.0,0.0,1.107,8.075,5.188,2.724,0.421,0.0,LO
1452,1524,0.0,0.0,0.088,5.0829997,0.098000005,6.203,1.397,0.0,LO
1452,6977,0.0,0.0,0.81,7.764,7.784,2.951,1.281,0.0,LO
1452,6978,0.0,0.0,1.4300001,5.368,2.7680001,0.945,0.0,0.0,LO
1452,6979,0.0,0.0,1.396,5.78,6.642,3.4720001,0.833,0.0,LO
1452,7401,0.0,0.0,2.603,11.58,4.093,0.002,0.0,0.0,LO
1452,7402,0.0,0.0,0.0,3.385,3.198,0.94,0.0,0.0,LO
1452,7404,0.0,0.0,1.554,5.201,0.94500005,0.034,0.846,0.0,LO
1455,591,0.0,0.0,0.406,1.836,0.626,0.0,0.0,0.0,LO
1455,596,0.0,0.055,2.885,4.537,9.184,3.303,0.831,0.0,LO
1455,597,0.0,0.145,5.321,82.279,87.284004,24.249,3.929,0.0,LO
1455,603,0.0,0.0,0.0,0.272,0.033,0.0,0.0,0.0,LO
1455,617,0.0,0.255,3.023,6.692,3.256,1.2,0.519,0.0,LO
1455,618,0.0,0.0,0.0,0.0,0.0,0.382,0.004,0.0,LO
1455,620,0.0,0.569,5.359,31.072,42.688,12.478,1.963,0.0,LO
1455,621,0.0,0.0,0.0,0.853,0.875,0.0,0.0,0.0,LO
1455,659,0.0,0.246,1.235,11.703,15.116,4.667,1.5469999,0.0,LO
1455,680,0.0,7.593,17.292,66.61,18.575,9.657001,0.791,0.0,LO
1455,686,0.0,0.0,1.57,4.564,3.294,1.081,0.0,0.0,LO
1455,709,0.0,0.001,2.536,22.575,19.475,4.946,2.2189999,0.0,LO
1455,717,0.0,0.009,2.891,7.07,12.651,7.85,0.906,0.0,LO
1455,719,0.0,0.0,0.169,1.525,0.879,0.306,0.0,0.0,LO
1455,751,0.0,1.023,10.511,57.358,46.296,16.751999,2.306,0.0,LO
1455,755,0.0,0.0,0.065,1.488,0.20300001,0.492,0.012,0.0,LO
1455,766,0.0,0.178,5.644,9.471,9.337,2.998,0.408,0.0,LO
1455,1395,0.0,0.0,0.107,19.783,7.505,2.6990001,1.061,0.0,LO
1455,1398,0.0,0.0,1.492,59.854,48.455,9.024,2.689,0.0,LO
1455,1402,0.0,0.0,9.017,213.347,91.64,31.102,9.566,0.0,LO
1455,1404,0.0,0.0,0.22,1.772,0.919,2.211,0.0,0.0,LO
1455,1413,0.0,0.0,0.219,1.234,1.202,0.0,0.0,0.0,LO
1455,1415,0.0,0.009,3.261,2.813,2.757,0.532,0.099,0.0,LO
1455,1434,0.0,0.586,3.3769999,24.355,30.588001,9.061,2.1039999,0.0,LO
1455,1442,0.0,0.106,4.0950003,95.804,86.613,24.806,8.684999,0.0,LO
1455,1444,0.0,5.286,20.955,45.753,22.425,11.233,3.825,0.0,LO
1455,1449,0.0,0.0,0.0,0.48900002,0.51,0.0,0.0,0.0,LO
1455,1451,0.0,0.005,1.696,5.299,3.114,0.407,0.0,0.0,LO
1455,5595,0.0,0.0,0.439,3.648,1.1389999,1.608,0.016,0.0,LO
1455,6977,0.0,0.0,0.733,0.7,0.95600003,0.362,0.0,0.0,LO
1455,9587,0.0,0.0,0.0,0.0,0.0,0.0,1.464,0.0,LO
1524,514,0.0,0.0,22.089,71.16,54.648,40.14,7.967,0.0,LO
1524,522,0.0,0.0,4.313,27.146,20.702,9.499,3.023,0.0,LO
1524,591,0.0,0.0,0.0,1.643,2.35,0.252,0.0,0.0,LO
1524,618,0.0,0.0,0.169,3.1200001,1.047,0.198,0.0,0.0,LO
1524,621,0.0,0.0,0.0,6.814,1.864,0.305,0.0,0.0,LO
1524,686,0.0,0.0,0.0,12.739,3.508,1.2590001,0.0,0.0,LO
1524,719,0.0,0.0,0.323,6.152,1.255,0.37,0.0,0.0,LO
1524,755,0.0,0.0,0.0,2.149,0.0,0.239,0.0,0.0,LO
1524,766,0.0,0.0,0.0,4.1809998,3.127,1.471,0.131,0.0,LO
1524,1404,0.0,0.0,0.22399999,2.979,1.549,0.825,0.28,0.0,LO
1524,1409,0.0,0.0,1.732,36.462,13.977,4.011,2.149,0.0,LO
1524,1413,0.0,0.0,0.19,7.246,2.094,1.402,0.002,0.0,LO
1524,1421,0.0,0.0,0.719,11.992,5.448,6.637,0.411,0.0,LO
1524,1429,0.0,0.0,0.0,1.439,0.975,1.696,0.414,0.0,LO
1524,1437,0.0,0.0,0.69,9.153,6.493,2.671,0.16,0.0,LO
1524,1438,0.0,0.0,0.4,3.53,2.508,0.144,0.0,0.0,LO
1524,1440,0.0,0.0,0.031000001,2.171,0.922,0.0,0.0,0.0,LO
1524,1445,0.0,0.0,0.438,8.175,4.226,2.837,0.088,0.0,LO
1524,1448,0.0,0.0,0.468,5.938,3.506,0.893,0.245,0.0,LO
1524,1452,0.0,0.0,0.0,7.654,1.48,1.456,0.0,0.0,LO
1524,6867,0.0,0.0,0.0,0.344,0.278,0.05,0.0,0.0,LO
1524,6914,0.0,0.0,0.2,1.58,0.0,0.436,0.0,0.0,LO
1524,6919,0.0,0.0,0.0,2.648,0.155,0.643,0.001,0.0,LO
1524,6941,0.0,0.0,0.0,1.245,1.227,0.0,0.0,0.0,LO
1524,6956,0.0,0.0,0.129,0.475,0.099999994,0.0,0.0,0.0,LO
1524,6977,0.0,0.0,0.0,2.117,1.723,0.243,0.0,0.0,LO
1524,6979,0.0,0.0,0.0,4.389,3.778,0.33,0.0,0.0,LO
1524,7401,0.0,0.0,7.015,91.614,30.354,16.407,8.191,0.0,LO
1524,7402,0.0,0.0,1.8,25.317999,16.483,13.047,4.611,0.0,LO
1524,7403,0.0,0.0,2.514,17.368,14.291,8.429,2.264,0.0,LO
1524,7404,0.0,0.0,1.69,34.921,29.654,6.295,1.4449999,0.0,LO
1524,7406,0.0,0.0,0.37,10.815001,4.407,3.641,0.635,0.0,LO
1524,7407,0.0,0.0,5.422,48.737,35.427,25.213,5.861,0.0,LO
1524,7408,0.0,0.0,2.645,17.882,10.455,10.319,5.131,0.0,LO
1524,7467,0.0,0.0,2.478,16.892,14.862,15.331,3.39,0.0,LO
1524,9586,0.0,0.0,0.0,1.77,0.663,0.0,0.0,0.0,LO
1524,9587,0.0,0.0,0.0,7.317,2.909,1.798,0.0,0.0,LO
5150,603,0.0,0.0,0.114,1.086,0.614,0.432,0.0,0.0,LO
5150,618,0.0,0.0,0.011,0.0,0.0,0.0,0.0,0.0,LO
5150,763,0.0,0.0,17.526001,130.134,54.548,53.889,19.227,0.0,LO
5150,766,0.0,0.0,0.157,0.419,0.092,0.21,0.0,0.0,LO
5150,788,0.0,0.0,114.379,683.439,252.293,183.613,52.626,0.0,LO
5150,1022,0.0,0.0,3.458,16.129,7.739,7.134,5.16,0.0,LO
5150,1023,0.0,0.0,3.1039999,52.491,12.037,11.742,5.276,0.0,LO
5150,1024,0.0,0.0,17.82,153.765,42.113,27.683,9.8029995,0.0,LO
5150,1039,0.0,0.0,1.302,12.084,5.158,3.806,0.297,0.0,LO
5150,1082,0.0,0.0,5.1540003,13.228001,5.461,6.071,5.0959997,0.0,LO
5150,1083,0.0,0.0,1.109,12.486,6.468,4.942,2.1000001,0.0,LO
5150,1085,0.0,0.0,1.64,9.966001,2.53,2.763,2.748,0.0,LO
5150,1413,0.0,0.0,0.0,1.107,0.355,0.0,0.0,0.0,LO
5150,1440,0.0,0.0,0.197,0.509,0.527,0.0,0.0,0.0,LO
5150,1441,0.0,0.0,0.324,2.554,1.549,1.156,1.336,0.0,LO
5150,1443,0.0,0.0,9.49,56.552002,33.422,42.484,25.865,0.0,LO
5150,5301,0.0,0.0,0.549,7.175,3.9819999,13.665,0.0,0.0,LO
5150,5345,0.0,0.0,0.0,1.08,0.96099997,1.102,0.0,0.0,LO
5150,5356,0.0,0.0,0.0,0.132,0.067,0.0,0.0,0.0,LO
5150,5372,0.0,0.0,0.145,1.154,2.037,0.0,0.0,0.0,LO
5150,5421,0.0,0.0,0.389,0.602,0.269,0.0,0.0,0.0,LO
5150,5423,0.0,0.0,0.19,0.988,0.0,0.0,0.0,0.0,LO
5150,5595,0.0,0.0,3.323,8.651,0.79,0.662,0.23300001,0.0,LO
5150,6977,0.0,0.0,0.091000006,1.4120001,1.067,0.338,0.0,0.0,LO
5150,6978,0.0,0.0,0.062,1.775,0.86800003,0.0,0.884,0.0,LO
5150,6979,0.0,0.0,0.0,3.062,1.19,0.481,0.0,0.0,LO
5301,603,0.0,0.0,0.647,1.876,0.0,0.69200003,0.293,0.0,LO
5301,618,0.0,0.0,4.546,13.769,7.478,4.378,0.548,0.0,LO
5301,755,0.0,0.0,0.869,7.907,4.586,1.989,0.0,0.0,LO
5301,763,0.0,0.0,3.578,16.612,19.122,9.325,1.857,0.0,LO
5301,766,0.0,0.0,0.624,4.388,1.466,3.852,0.4,0.0,LO
5301,788,0.0,0.0,12.911,55.678,43.306,21.789,5.064,0.0,LO
5301,1022,0.0,0.0,1.364,17.719,12.227,5.393,0.652,0.0,LO
5301,1023,0.0,0.0,3.944,29.563,7.021,1.822,0.22,0.0,LO
5301,1024,0.0,0.0,10.054,86.409004,30.237,11.739,0.569,0.0,LO
5301,1039,0.0,0.0,0.584,12.945,10.319,5.026,1.243,0.0,LO
5301,1082,0.0,0.0,5.268,12.53,10.608,8.372,1.352,0.0,LO
5301,1083,0.0,0.0,0.83100003,9.468,11.562,11.589,2.126,0.0,LO
5301,1085,0.0,0.0,2.56,18.555,16.324,6.097,0.87399995,0.0,LO
5301,1441,0.0,0.0,0.407,1.79,3.788,1.462,0.0,0.0,LO
5301,1443,0.0,0.0,3.6430001,30.971,19.776,12.729,1.8709999,0.0,LO
5301,5150,0.0,0.0,1.535,1.123,2.319,0.0,0.13800001,0.0,LO
5301,5345,0.0,0.0,0.0,4.1219997,2.871,2.338,0.502,0.0,LO
5301,5362,0.0,0.0,0.388,1.601,1.538,2.353,0.0,0.0,LO
5301,5372,0.0,0.0,0.28,24.378,10.657,5.289,1.603,0.0,LO
5301,5404,0.0,0.0,0.0,4.649,11.291,5.696,2.051,0.0,LO
5301,5418,0.0,0.0,0.0,2.399,1.689,1.144,1.721,0.0,LO
5301,5421,0.0,0.0,24.926,144.944,77.636,63.31,7.825,0.0,LO
5301,5423,0.0,0.0,21.373,175.227,88.258,47.166,6.417,0.0,LO
5301,5424,0.0,0.0,6.088,47.190998,47.920002,41.855,10.818,0.0,LO
5301,5595,0.0,0.0,42.072,258.934,103.131996,38.217,9.374,0.0,LO
5301,9586,0.0,0.0,2.246,9.975,5.522,0.89,0.0,0.0,LO
5301,9587,0.0,0.0,3.526,39.564,21.572,4.401,2.159,0.0,LO
5345,591,0.0,0.0,0.0,0.024,0.081,0.0,0.0,0.0,LO
5345,603,0.022,13.968,44.989,112.204,51.202,23.076,3.927,0.010000001,LO
5345,618,0.0,0.0,0.461,2.127,0.70100003,0.189,0.0,0.0,LO
5345,621,0.0,0.0,0.0,0.001,0.0,0.0,0.0,0.0,LO
5345,686,0.0,0.0,0.0,0.092999995,0.076,0.0,0.0,0.0,LO
5345,755,0.0,0.0,0.104,0.001,0.0,0.0,0.0,0.0,LO
5345,763,0.0,19.445,87.953,242.849,110.179,63.882,15.2890005,0.004,LO
5345,766,0.0,0.0,0.284,1.042,0.525,0.044,0.0,0.0,LO
5345,788,1.002,87.491,313.14,1177.16,442.031,194.485,51.32,0.001,LO
5345,1022,0.0,1.284,8.905,30.81,17.67,7.894,4.61,0.007,LO
5345,1023,0.0,2.375,15.436,79.079,19.783,7.275,4.224,0.007,LO
5345,1024,0.001,14.158,48.047,239.787,63.728,24.185,3.058,0.004,LO
5345,1039,0.0,0.20199999,2.736,21.862,7.479,3.447,1.5389999,0.0,LO
5345,1082,0.0,3.05,17.199,47.494,28.417,14.689,6.221,0.004,LO
5345,1083,0.0,1.278,1.951,18.898,10.618,5.952,1.471,0.0,LO
5345,1085,0.0,1.203,5.197,21.005,6.871,3.632,0.776,0.0,LO
5345,1404,0.0,0.0,0.043,1.241,0.258,0.133,0.0,0.0,LO
5345,1409,0.0,0.0,0.301,3.006,0.851,0.468,0.121,0.0,LO
5345,1413,0.0,0.0,0.165,5.745,0.666,0.0,0.0,0.0,LO
5345,1439,0.0,0.0,0.20300001,2.468,0.447,0.798,0.0,0.0,LO
5345,1440,0.0,0.0,0.2,3.85,2.634,0.947,0.237,0.0,LO
5345,1441,0.0,2.745,3.964,14.777,9.349,4.2,1.168,0.004,LO
5345,1443,0.001,5.478,30.116,117.191,59.569,39.331,15.056,0.032,LO
5345,1448,0.0,0.0,0.093,0.57100004,0.432,0.0,0.0,0.0,LO
5345,1449,0.0,0.0,0.657,0.834,0.46400002,0.178,0.0,0.0,LO
5345,5150,0.0,0.0,0.062,1.977,0.41300002,0.552,0.0,0.0,LO
5345,5301,0.0,0.0,1.34,7.859,2.909,3.108,0.37800002,0.0,LO
5345,5356,0.0,0.0,2.33,24.746,10.933001,7.15,1.202,0.0,LO
5345,5362,0.0,0.0,3.606,26.327,15.123,9.989,4.346,0.0,LO
5345,5372,0.0,0.0,0.962,2.077,1.35,0.795,0.234,0.0,LO
5345,5376,0.0,0.0,2.701,19.086,12.382,6.987,2.894,0.0,LO
5345,5378,0.0,0.0,2.728,15.517,9.038,2.12,0.809,0.0,LO
5345,5397,0.0,0.0,0.995,12.69,11.307,9.77,2.085,0.0,LO
5345,5404,0.0,0.0,1.076,22.553,12.633,4.346,1.648,0.0,LO
5345,5411,0.0,0.0,28.221,94.268,46.305,34.443,11.612,0.0,LO
5345,5418,0.0,0.0,2.071,15.065,11.683,5.292,1.778,0.0,LO
5345,5421,0.0,0.0,0.0,0.853,0.351,0.137,0.117,0.0,LO
5345,5424,0.0,0.0,0.025,0.0,0.0,0.0,0.0,0.0,LO
5345,5437,0.0,0.0,5.7920003,26.673,16.245,11.379,7.645,0.0,LO
5345,5595,0.0,0.0,2.02,8.402,2.774,2.748,0.726,0.0,LO
5345,6977,0.0,0.0,0.0,4.877,2.426,0.907,0.0,0.0,LO
5345,6978,0.0,0.0,0.25,4.985,1.797,1.565,0.0,0.0,LO
5345,6979,0.0,0.0,0.415,8.092,3.491,1.188,0.0,0.0,LO
5356,603,0.0,0.355,6.253,49.843,28.664,8.723,0.698,0.0,LO
5356,621,0.0,0.0,0.0,0.197,0.15,0.005,0.0,0.0,LO
5356,763,0.0,1.026,14.812,67.734,30.99,12.0460005,2.198,0.0,LO
5356,766,0.0,0.0,0.0,0.218,0.119,0.057,0.0,0.0,LO
5356,788,0.0,5.382,94.145,447.454,167.493,58.839,8.432,0.0,LO
5356,1022,0.0,0.16,1.725,8.098001,4.2,1.389,0.224,0.0,LO
5356,1023,0.0,0.148,2.53,13.319,3.206,2.246,0.247,0.0,LO
5356,1024,0.0,0.371,11.101999,69.416,17.337,7.89,0.449,0.0,LO
5356,1039,0.0,0.001,0.591,5.111,3.248,0.805,0.484,0.0,LO
5356,1082,0.0,0.59599996,5.503,24.957,8.025,4.844,1.524,0.0,LO
5356,1083,0.0,0.0,0.237,3.0609999,1.506,0.981,0.459,0.0,LO
5356,1085,0.0,0.135,0.647,5.276,1.816,1.302,1.281,0.0,LO
5356,1440,0.0,0.0,0.018,1.397,1.354,0.241,0.028,0.0,LO
5356,1441,0.0,0.303,0.347,5.247,4.662,2.647,0.085,0.0,LO
5356,1443,0.0,0.011,5.59,21.173,15.858,5.27,2.524,0.0,LO
5356,5345,0.0,0.657,5.601,24.499,13.363,7.8069997,2.599,0.0,LO
5356,5362,0.0,0.0,3.594,24.244999,11.877,4.67,0.92,0.0,LO
5356,5376,0.0,0.0,0.018,0.309,0.0,0.0,0.0,0.0,LO
5356,5404,0.0,0.0,2.036,19.157,15.521,4.006,1.78,0.0,LO
5356,5411,0.0,0.0,0.363,1.916,0.0,0.0,0.0,0.0,LO
5356,5418,0.0,0.0,1.069,15.875,7.541,3.8439999,0.595,0.0,LO
5356,5437,0.0,0.0,7.969,24.147,4.893,2.681,0.197,0.0,LO
5356,6977,0.0,0.0,0.082,3.037,1.441,0.088,0.0,0.0,LO
5356,6978,0.0,0.0,0.065,3.117,0.313,0.023,0.0,0.0,LO
5356,6979,0.0,0.0,0.169,2.463,1.189,0.776,0.046,0.0,LO
5362,603,0.0,2.538,19.214,60.432,18.347,8.302,1.073,0.0,LO
5362,621,0.0,0.0,0.0,0.0,0.028,0.0,0.0,0.0,LO
5362,686,0.0,0.0,0.0,0.066,0.15,0.0,0.0,0.0,LO
5362,763,0.0,2.243,28.553,98.355,37.564,15.461,3.464,0.0,LO
5362,766,0.0,0.0,0.304,0.619,0.109,0.076,0.0,0.0,LO
5362,788,0.0,11.959,155.98601,634.247,194.825,69.073,10.932,0.0,LO
5362,1022,0.0,0.0,2.388,13.909,4.959,1.922,0.238,0.0,LO
5362,1023,0.0,0.085,2.934,24.256,6.8650002,2.544,0.0,0.0,LO
5362,1024,0.0,1.6470001,19.687,91.056,20.979,5.8310003,1.004,0.0,LO
5362,1039,0.0,0.120000005,0.752,4.717,3.163,0.806,0.306,0.0,LO
5362,1082,0.0,3.119,7.9700003,25.74,8.499,3.058,3.402,0.0,LO
5362,1083,0.0,0.044,0.563,5.386,3.538,1.6620001,0.83100003,0.0,LO
5362,1085,0.0,0.156,1.069,4.978,1.953,0.842,0.0,0.0,LO
5362,1409,0.0,0.0,0.0,0.702,0.493,0.19399999,0.0,0.0,LO
5362,1413,0.0,0.0,0.0,1.382,0.109000005,0.0,0.0,0.0,LO
5362,1440,0.0,0.0,0.124,1.694,1.043,0.286,0.0,0.0,LO
5362,1441,0.0,0.0,0.634,5.553,3.205,1.735,0.002,0.0,LO
5362,1443,0.0,1.097,7.526,38.126,19.315,10.684,3.271,0.0,LO
5362,5301,0.0,0.0,0.954,3.682,2.103,1.2950001,0.0,0.0,LO
5362,5345,0.0,0.164,7.9440002,38.757,16.937,6.2200003,1.186,0.0,LO
5362,5356,0.0,0.0,1.702,31.399,10.11,5.571,0.878,0.0,LO
5362,5372,0.0,0.0,0.629,2.304,0.32,0.0,0.0,0.0,LO
5362,5376,0.0,0.0,2.477,21.015,7.881,4.798,1.1620001,0.0,LO
5362,5378,0.0,0.0,1.791,9.866,2.1759999,0.921,0.53,0.0,LO
5362,5397,0.0,0.0,0.638,9.943,5.6940002,2.439,0.309,0.0,LO
5362,5404,0.0,0.0,3.736,27.728,18.269,7.452,2.148,0.0,LO
5362,5411,0.0,0.0,16.723999,80.004,29.987,16.053,3.752,0.0,LO
5362,5418,0.0,0.025,1.211,25.415,9.707,2.911,0.636,0.0,LO
5362,5423,0.0,0.0,0.0,0.335,0.0,0.0,0.0,0.0,LO
5362,5437,0.0,0.0,1.284,12.71,5.548,2.8109999,0.784,0.0,LO
5362,5595,0.0,0.0,0.985,7.8450003,2.96,1.395,0.282,0.0,LO
5362,6977,0.0,0.0,0.007,2.626,1.179,0.0,0.0,0.0,LO
5362,6978,0.0,0.0,0.002,1.811,0.228,0.491,0.0,0.0,LO
5362,6979,0.0,0.0,0.01,3.713,2.217,0.342,0.0,0.0,LO
5362,9587,0.0,0.0,0.188,1.869,0.0,0.14500001,0.002,0.0,LO
5372,618,0.0,0.0,0.70600003,4.569,0.35,1.385,0.0,0.0,LO
5372,755,0.0,0.0,0.404,2.761,0.36699998,1.232,0.0,0.0,LO
5372,763,0.0,0.0,2.262,13.988,10.281,10.686,3.033,0.0,LO
5372,788,0.0,0.0,9.179,45.322,25.494,21.113,6.777,0.0,LO
5372,1022,0.0,0.0,1.697,4.706,4.383,3.064,0.347,0.0,LO
5372,1023,0.0,0.0,1.929,12.182,1.557,1.299,0.38,0.0,LO
5372,1024,0.0,0.0,2.7810001,42.154,9.491,4.049,0.205,0.0,LO
5372,1039,0.0,0.0,1.869,4.469,3.185,0.849,0.0,0.0,LO
5372,1082,0.0,0.0,1.69,5.939,4.606,2.7879999,0.699,0.0,LO
5372,1083,0.0,0.0,0.186,3.022,2.964,1.908,0.485,0.0,LO
5372,1085,0.0,0.0,0.989,7.962,3.36,0.759,0.0,0.0,LO
5372,1441,0.0,0.0,0.0,1.573,0.907,0.0,0.563,0.0,LO
5372,1443,0.0,0.0,0.775,10.831,6.12,3.176,0.921,0.0,LO
5372,5150,0.0,0.0,0.15,2.27,1.3840001,0.277,0.0,0.0,LO
5372,5301,0.0,0.0,0.961,15.341,9.102,3.441,0.486,0.0,LO
5372,5345,0.0,0.0,0.0,0.788,1.821,0.82699996,0.206,0.0,LO
5372,5404,0.0,0.0,0.0,2.524,3.683,0.0,0.0,0.0,LO
5372,5418,0.0,0.0,0.0,1.226,0.573,1.658,0.732,0.0,LO
5372,5421,0.0,0.0,6.794,36.006,16.378,13.093,2.549,0.0,LO
5372,5423,0.0,0.0,4.287,37.557,20.376999,9.43,2.724,0.0,LO
5372,5424,0.0,0.0,2.125,11.845,7.854,7.205,2.317,0.0,LO
5372,5437,0.0,0.0,0.205,0.78999996,1.556,0.0,0.242,0.0,LO
5372,5595,0.0,0.0,7.24,47.848,9.493,5.181,1.432,0.0,LO
5372,9587,0.0,0.0,1.381,17.529,3.135,2.555,2.4099998,0.0,LO
5376,603,0.0,1.752,10.515,6.623,0.0,0.0,0.0,0.0,LO
5376,763,0.0,3.9390001,16.269001,40.824,30.859,11.522,2.003,0.0,LO
5376,766,0.0,0.0,0.072,0.19500001,0.0,0.0,0.0,0.0,LO
5376,788,0.0,7.139,70.512,210.97,137.803,50.051,5.977,0.0,LO
5376,1022,0.0,0.105000004,0.818,4.938,3.086,3.04,0.499,0.0,LO
5376,1023,0.0,0.138,0.995,5.3259997,3.302,1.357,0.096,0.0,LO
5376,1024,0.0,1.347,7.407,26.383999,9.591,6.117,0.43400002,0.0,LO
5376,1039,0.0,0.198,0.612,2.943,2.171,1.1110001,0.28,0.0,LO
5376,1082,0.0,0.83100003,7.307,12.614,8.283,3.627,0.702,0.0,LO
5376,1083,0.0,0.232,0.52,2.698,1.8230001,1.781,0.697,0.0,LO
5376,1085,0.0,0.608,0.834,3.08,4.575,2.843,0.345,0.0,LO
5376,1441,0.0,0.061,0.942,1.6060001,0.0,0.0,0.0,0.0,LO
5376,1443,0.0,0.099999994,4.098,15.709,11.198,6.321,1.189,0.0,LO
5376,5150,0.0,0.0,0.0,0.0,0.0,0.0,0.028,0.0,LO
5376,5345,0.0,0.68799996,4.783,16.057,15.364,4.9960003,0.69,0.0,LO
5376,5362,0.0,0.048,2.577,15.1779995,14.083,8.484,0.88600004,0.0,LO
5376,5378,0.0,2.259,3.014,19.664,7.805,2.918,0.608,0.0,LO
5376,5397,0.0,0.001,1.221,10.017,6.08,4.201,0.39499998,0.0,LO
5376,5404,0.0,0.017,2.492,11.085,12.4869995,8.073,0.994,0.0,LO
5376,5411,0.0,0.0,13.8289995,139.334,88.073,53.306,11.918,0.0,LO
5376,5418,0.0,0.044,2.201,8.363,10.298,5.931,1.673,0.0,LO
5376,5423,0.0,0.0,0.146,1.891,1.243,0.251,0.0,0.0,LO
5376,5424,0.0,0.0,0.155,0.643,0.851,0.656,0.01,0.0,LO
5376,5437,0.0,0.009,2.055,13.093,11.598,7.3320003,1.133,0.0,LO
5376,6977,0.0,0.0,0.145,0.645,0.836,0.198,0.0,0.0,LO
5376,6979,0.0,0.0,0.138,1.04,0.348,0.223,0.0,0.0,LO
5378,603,0.0,4.062,5.033,6.761,0.0,0.0,0.0,0.0,LO
5378,763,0.0,1.8100001,7.603,15.889,11.249,6.689,0.578,0.0,LO
5378,788,0.0,13.809999,52.908,122.242,40.51,12.285,0.712,0.0,LO
5378,1022,0.0,0.007,1.702,5.105,2.378,1.171,0.62299997,0.0,LO
5378,1023,0.0,0.071,2.584,5.908,2.3700001,2.345,0.185,0.0,LO
5378,1024,0.0,2.172,15.701,35.315998,7.237,4.362,0.195,0.0,LO
5378,1039,0.0,0.001,0.419,2.667,2.048,0.76600003,0.0,0.0,LO
5378,1082,0.0,0.672,9.637,8.906,4.844,1.705,0.171,0.0,LO
5378,1083,0.0,0.007,0.345,2.253,1.216,0.397,0.071,0.0,LO
5378,1085,0.0,0.042,1.443,1.415,1.484,1.185,0.24399999,0.0,LO
5378,1441,0.0,0.081,1.429,4.054,0.0,0.0,0.0,0.0,LO
5378,1443,0.0,2.114,7.097,11.882,8.934,4.104,1.145,0.0,LO
5378,5345,0.0,5.044,4.288,13.7,6.353,3.571,0.287,0.0,LO
5378,5362,0.0,0.0,1.41,7.844,4.142,2.826,0.012,0.0,LO
5378,5376,0.0,0.0,3.108,13.472,6.351,1.257,0.16700001,0.0,LO
5378,5404,0.0,0.0,0.228,16.584,8.792,7.248,0.147,0.0,LO
5378,5411,0.0,0.0,5.843,65.595,13.11,5.454,2.186,0.0,LO
5378,5418,0.0,0.0,0.548,9.374,6.301,1.575,0.23400001,0.0,LO
5378,5437,0.0,0.0,9.46,12.522,4.843,3.483,1.569,0.0,LO
5397,603,0.0,0.5,8.853,14.032001,0.0,0.0,0.0,0.0,LO
5397,763,0.0,0.435,11.016,29.911,23.555,6.303,1.169,0.0,LO
5397,788,0.0,1.124,61.916,199.21,97.066,33.124,11.884,0.0,LO
5397,1022,0.0,0.025,1.1999999,4.583,5.705,1.179,0.0,0.0,LO
5397,1023,0.0,0.1,3.001,11.395,3.458,2.427,0.398,0.0,LO
5397,1024,0.0,0.237,7.615,41.325,13.711,6.54,0.776,0.0,LO
5397,1039,0.0,0.027,0.588,1.69,1.005,0.504,0.0,0.0,LO
5397,1082,0.0,0.184,3.084,6.236,5.473,1.522,1.094,0.0,LO
5397,1083,0.0,0.004,0.276,1.724,1.187,1.898,0.153,0.0,LO
5397,1085,0.0,0.002,1.534,3.98,1.583,0.618,0.0,0.0,LO
5397,1441,0.0,0.043,1.429,2.941,0.0,0.0,0.0,0.0,LO
5397,1443,0.0,0.076,4.585,17.932,10.058,6.768,1.727,0.0,LO
5397,5345,0.0,0.118,4.536,14.656,8.464,4.571,0.29500002,0.0,LO
5397,5362,0.0,0.01,1.402,7.466,3.556,1.1769999,0.117,0.0,LO
5397,5376,0.0,0.0,1.589,15.169,5.978,3.148,1.364,0.0,LO
5397,5378,0.0,0.0,0.84000003,6.452,0.549,0.514,0.0,0.0,LO
5397,5404,0.0,0.018,1.382,8.25,7.671,6.327,1.654,0.0,LO
5397,5411,0.0,0.0,20.279,102.601,24.386,8.756,0.635,0.0,LO
5397,5418,0.0,0.049,0.96000004,5.965,5.504,2.307,0.552,0.0,LO
5397,5437,0.0,0.0,10.531,18.167,3.615,1.369,0.0,0.0,LO
5397,5595,0.0,0.0,0.0,0.0,0.0,0.414,0.282,0.0,LO
5404,591,0.0,0.0,0.0,0.077,0.0,0.0,0.0,0.0,LO
5404,603,0.0,1.34,29.192,93.349,25.961,13.402,1.774,0.0,LO
5404,621,0.0,0.0,0.0,0.064,0.007,0.0,0.0,0.0,LO
5404,686,0.0,0.0,0.0,0.265,0.186,0.0,0.0,0.0,LO
5404,763,0.0,1.3939999,50.673,165.301,62.121,19.891,4.933,0.0,LO
5404,766,0.0,0.0,0.0,0.596,0.447,0.187,0.0,0.0,LO
5404,788,0.0,9.115,278.498,1054.201,323.885,125.437,21.735,0.0,LO
5404,1022,0.0,0.3,3.1169999,19.303,8.768,6.675,0.61,0.0,LO
5404,1023,0.0,0.335,9.516,58.121,9.629,5.917,1.534,0.0,LO
5404,1024,0.0,0.716,41.947998,189.08301,44.618,16.121,2.533,0.0,LO
5404,1039,0.0,0.0,1.335,8.044,3.744,1.328,0.78900003,0.0,LO
5404,1082,0.0,0.368,5.929,27.863,10.341,4.333,1.763,0.0,LO
5404,1083,0.0,0.009,0.889,11.887,4.317,3.544,0.728,0.0,LO
5404,1085,0.0,0.107,3.4390001,7.828,2.277,2.175,1.4909999,0.0,LO
5404,1409,0.0,0.0,0.174,2.716,0.70600003,0.0,0.0,0.0,LO
5404,1413,0.0,0.0,0.167,3.4160001,0.702,0.0,0.0,0.0,LO
5404,1440,0.0,0.0,0.0,3.942,1.331,0.231,0.0,0.0,LO
5404,1441,0.0,0.0,2.379,11.518,6.139,1.608,0.27899998,0.0,LO
5404,1443,0.0,0.294,16.254,77.364,35.623,21.036,4.7079997,0.0,LO
5404,1449,0.0,0.0,0.485,0.915,0.24599999,0.126,0.0,0.0,LO
5404,5301,0.0,0.0,3.944,17.013,5.408,5.308,0.409,0.0,LO
5404,5345,0.0,0.0,2.124,26.992,11.085,3.31,0.684,0.0,LO
5404,5356,0.0,0.0,3.0349998,40.81,8.832,7.193,0.605,0.0,LO
5404,5362,0.0,0.0,7.341,43.592,10.188,7.613,1.124,0.0,LO
5404,5372,0.0,0.0,1.137,4.675,1.061,1.414,0.505,0.0,LO
5404,5376,0.0,0.0,2.629,16.545,6.176,3.468,0.594,0.0,LO
5404,5378,0.0,0.0,6.784,24.754,4.384,1.385,0.43,0.0,LO
5404,5397,0.0,0.0,2.266,13.14,8.717,4.163,0.716,0.0,LO
5404,5411,0.0,0.0,9.36,77.853,23.004,10.587,8.1970005,0.0,LO
5404,5418,0.0,0.0,2.922,16.95,8.257,3.415,1.3889999,0.0,LO
5404,5423,0.0,0.0,0.193,0.748,0.378,0.21000001,0.025,0.0,LO
5404,5437,0.0,0.0,4.462,22.99,10.573,6.37,1.193,0.0,LO
5404,5595,0.0,0.0,1.572,12.358,4.82,2.66,0.75200003,0.0,LO
5404,6977,0.0,0.0,0.22600001,3.396,1.955,0.061,0.19500001,0.0,LO
5404,6978,0.0,0.0,0.15,4.095,1.114,0.43,0.241,0.0,LO
5404,6979,0.0,0.0,0.244,5.316,2.919,0.37600002,0.638,0.0,LO
5411,603,0.0,0.994,5.13,5.853,0.0,0.0,0.0,0.0,LO
5411,763,0.0,9.892,26.895,97.794,75.736,37.63,11.062,0.0,LO
5411,788,0.0,7.746,93.111,300.571,147.374,76.006,12.535,0.0,LO
5411,1022,0.0,0.004,2.601,8.972,6.7269998,3.474,0.9,0.0,LO
5411,1023,0.0,0.011,2.06,12.311,8.73,3.342,0.0,0.0,LO
5411,1024,0.0,0.85,14.328,67.023,19.988,6.639,0.80399996,0.0,LO
5411,1039,0.0,0.001,1.052,4.735,2.379,2.608,0.647,0.0,LO
5411,1082,0.0,2.4720001,13.897,40.612,21.792,15.398,5.388,0.0,LO
5411,1083,0.0,0.045,0.855,6.144,5.219,4.38,1.2360001,0.0,LO
5411,1085,0.0,1.453,3.753,7.199,4.094,0.73899996,0.24000001,0.0,LO
5411,1429,0.0,0.0,0.191,1.974,0.0,0.0,0.0,0.0,LO
5411,1441,0.0,0.662,1.768,3.446,0.0,0.0,0.0,0.0,LO
5411,1443,0.0,0.368,7.41,44.986,28.842,14.603,2.408,0.0,LO
5411,5345,0.0,3.417,25.6,69.373,50.799,27.647,4.838,0.0,LO
5411,5356,0.0,0.0,0.065,0.0,0.0,0.0,0.0,0.0,LO
5411,5362,0.0,0.15,10.491,46.099,37.0,14.315001,1.8429999,0.0,LO
5411,5376,0.0,0.0,4.692,120.715,64.106,16.707,2.761,0.0,LO
5411,5378,0.0,0.014,11.271,55.797,20.58,7.058,0.898,0.0,LO
5411,5397,0.0,0.005,4.791,73.129,55.73,21.884,1.827,0.0,LO
5411,5404,0.0,0.033,15.239,38.162,21.685,15.5060005,3.22,0.0,LO
5411,5418,0.0,0.078,6.568,28.528,21.928,12.224,1.136,0.0,LO
5411,5421,0.0,0.0,0.025,0.919,0.5,0.0,0.0,0.0,LO
5411,5423,0.0,0.0,0.227,6.341,2.214,1.237,0.0,0.0,LO
5411,5424,0.0,0.0,0.106,1.369,1.495,1.406,0.057,0.0,LO
5411,5437,0.0,0.032,26.425,115.005,46.491,23.513,2.665,0.0,LO
5411,6977,0.0,0.0,0.088,2.045,0.958,0.0,0.0,0.0,LO
5411,6978,0.0,0.0,0.213,0.685,0.40800002,0.354,0.0,0.0,LO
5411,6979,0.0,0.0,0.357,3.103,1.982,0.763,0.0,0.0,LO
5418,603,0.0,0.796,15.579,61.028,18.003,8.045,0.236,0.0,LO
5418,618,0.0,0.0,0.284,1.426,0.0,0.0,0.0,0.0,LO
5418,621,0.0,0.0,0.0,0.027,0.028,0.0,0.0,0.0,LO
5418,686,0.0,0.0,0.0,0.24700001,0.0,0.0,0.0,0.0,LO
5418,763,0.0,0.902,19.488,91.702,32.559002,9.428,3.378,0.0,LO
5418,766,0.0,0.0,0.189,1.081,0.382,0.064,0.0,0.0,LO
5418,788,0.0,3.537,118.276,598.671,178.452,55.946,10.472,0.0,LO
5418,1022,0.0,0.001,1.993,15.414,4.217,2.409,0.273,0.0,LO
5418,1023,0.0,0.0,2.38,26.730999,7.389,1.7360001,0.95,0.0,LO
5418,1024,0.0,0.158,15.082,108.811,14.765,6.909,1.289,0.0,LO
5418,1039,0.0,0.0,0.713,5.672,2.452,0.697,0.259,0.0,LO
5418,1082,0.0,0.129,5.927,21.87,6.2139997,3.535,0.4,0.0,LO
5418,1083,0.0,0.015,0.714,6.5559998,1.665,1.017,0.126,0.0,LO
5418,1085,0.0,0.118,1.05,6.108,2.115,0.386,0.0,0.0,LO
5418,1413,0.0,0.0,0.069,1.574,0.588,0.0,0.0,0.0,LO
5418,1440,0.0,0.0,0.104,2.11,1.525,0.225,0.0,0.0,LO
5418,1441,0.0,0.001,1.926,8.085,2.605,0.673,0.0,0.0,LO
5418,1443,0.0,0.086,7.712,36.4,16.478,7.505,1.122,0.0,LO
5418,1449,0.0,0.0,0.0,0.819,0.363,0.099999994,0.0,0.0,LO
5418,5301,0.0,0.0,0.0,4.7720003,1.693,1.457,0.855,0.0,LO
5418,5345,0.0,0.468,4.084,23.39,7.66,3.387,0.672,0.0,LO
5418,5356,0.0,0.0,1.483,21.852,4.349,4.014,0.419,0.0,LO
5418,5362,0.0,0.0,2.188,20.931,5.3780003,1.221,0.445,0.0,LO
5418,5372,0.0,0.0,0.968,3.918,2.45,0.707,0.296,0.0,LO
5418,5376,0.0,0.0,1.366,15.136,3.573,1.5059999,0.33,0.0,LO
5418,5378,0.0,0.0,1.294,15.695,3.037,1.513,0.092,0.0,LO
5418,5397,0.0,0.0,0.833,10.094,5.734,1.615,0.0,0.0,LO
5418,5404,0.0,0.0,2.1759999,16.832,5.56,3.415,0.329,0.0,LO
5418,5411,0.0,0.0,8.167,49.498,15.777,8.521,5.519,0.0,LO
5418,5437,0.0,0.0,1.97,15.109,4.129,3.0049999,1.625,0.0,LO
5418,5595,0.0,0.0,1.206,9.7890005,3.301,1.264,0.21599999,0.0,LO
5418,6977,0.0,0.0,0.001,2.04,1.126,0.0,0.0,0.0,LO
5418,6978,0.0,0.0,0.05,1.697,0.691,0.273,0.0,0.0,LO
5418,6979,0.0,0.0,0.006,3.021,2.295,0.801,0.0,0.0,LO
5420,763,0.0,0.0,3.585,0.0,0.0,0.0,0.0,0.0,LO
5420,788,0.0,0.0,10.481,0.0,0.0,0.0,0.0,0.0,LO
5420,1022,0.0,0.0,0.013,0.0,0.0,0.0,0.0,0.0,LO
5420,1023,0.0,0.0,4.297,0.0,0.0,0.0,0.0,0.0,LO
5420,1024,0.0,0.0,5.042,0.0,0.0,0.0,0.0,0.0,LO
5420,1082,0.0,0.0,2.105,0.0,0.0,0.0,0.0,0.0,LO
5420,1083,0.0,0.0,1.193,0.0,0.0,0.0,0.0,0.0,LO
5420,1085,0.0,0.0,2.833,0.0,0.0,0.0,0.0,0.0,LO
5420,1441,0.0,0.0,0.128,0.0,0.0,0.0,0.0,0.0,LO
5420,1443,0.0,0.0,0.144,0.0,0.0,0.0,0.0,0.0,LO
5420,5301,0.0,0.0,10.304999,0.0,0.0,0.0,0.0,0.0,LO
5420,5421,0.0,0.0,7.2219996,0.0,0.0,0.0,0.0,0.0,LO
5420,5423,0.0,0.0,9.593,0.0,0.0,0.0,0.0,0.0,LO
5420,5424,0.0,0.0,5.212,0.0,0.0,0.0,0.0,0.0,LO
5420,5437,0.0,0.0,0.001,0.0,0.0,0.0,0.0,0.0,LO
5421,596,0.0,0.0,0.16499999,0.027,0.0,0.0,0.0,0.0,LO
5421,603,0.0,0.0,2.433,20.716,15.761,8.527,1.149,0.0,LO
5421,618,0.0,0.0,5.163,13.689,4.783,1.663,0.876,0.0,LO
5421,717,0.0,0.0,0.001,0.037,0.0,0.0,0.0,0.0,LO
5421,719,0.0,0.0,0.0,0.0,0.0,0.0,0.001,0.0,LO
5421,751,0.0,0.0,0.019,0.0,0.0,0.0,0.0,0.0,LO
5421,755,0.0,0.0,4.3,11.364,7.017,3.214,0.15900001,0.0,LO
5421,763,0.0,0.0,20.057,74.695,44.457,27.766,6.101,0.0,LO
5421,766,0.0,0.0,0.91,5.624,2.622,2.098,0.46600002,0.0,LO
5421,788,0.0,0.0,55.665,247.2,122.094,70.681,11.755,0.0,LO
5421,1022,0.0,0.0,2.996,21.16,10.408,6.411,1.283,0.0,LO
5421,1023,0.0,0.0,4.297,36.505,9.234,4.134,0.79,0.0,LO
5421,1024,0.0,0.0,11.68,110.507,36.348,12.772,1.513,0.0,LO
5421,1039,0.0,0.0,1.984,10.846,6.3320003,3.99,0.435,0.0,LO
5421,1082,0.0,0.0,13.514,25.611,14.937,9.199,3.146,0.0,LO
5421,1083,0.0,0.0,0.792,13.051,9.642,7.187,1.725,0.0,LO
5421,1085,0.0,0.0,0.901,11.017,6.213,3.788,0.362,0.0,LO
5421,1413,0.0,0.0,0.0,2.712,0.522,0.041,0.0,0.0,LO
5421,1440,0.0,0.0,0.0,0.423,0.81,0.089,0.119,0.0,LO
5421,1441,0.0,0.0,0.714,6.648,5.675,2.487,0.661,0.0,LO
5421,1443,0.0,0.0,7.711,60.495,34.958,22.526,4.716,0.0,LO
5421,1448,0.0,0.0,0.127,1.481,1.456,0.161,0.0,0.0,LO
5421,5150,0.0,0.0,0.0,0.233,0.0,0.0,0.0,0.0,LO
5421,5301,0.0,0.0,40.185,189.187,81.332,54.263,7.236,0.0,LO
5421,5345,0.0,0.0,0.0,0.534,0.933,0.105,0.0,0.0,LO
5421,5362,0.0,0.0,0.0,0.0,0.479,0.069,0.0,0.0,LO
5421,5372,0.0,0.0,9.153,46.263,20.364,15.665999,2.576,0.0,LO
5421,5376,0.0,0.0,0.0,0.0,0.0,0.002,0.0,0.0,LO
5421,5423,0.0,0.0,2.119,22.613,6.103,4.198,0.782,0.0,LO
5421,5424,0.0,0.0,1.721,9.144,17.596,6.024,1.053,0.0,LO
5421,5437,0.0,0.0,0.0,0.0,0.47,0.119,0.0,0.0,LO
5421,5595,0.0,0.0,92.976,318.594,107.346,58.004,8.462,0.0,LO
5421,6977,0.0,0.0,0.105000004,2.362,2.026,0.712,0.045,0.0,LO
5421,6978,0.0,0.0,0.048,2.08,0.297,0.29,0.0,0.0,LO
5421,6979,0.0,0.0,0.0,3.059,2.226,1.552,0.264,0.0,LO
5421,9586,0.0,0.0,0.819,6.153,1.6930001,1.613,0.0,0.0,LO
5421,9587,0.0,0.0,3.471,27.264,11.07,12.729,2.18,0.0,LO
5423,596,0.0,0.0,0.116,0.0,0.0,0.0,0.0,0.0,LO
5423,603,0.0,0.0,11.418,68.988,41.339,22.92,4.493,0.0,LO
5423,617,0.0,0.0,0.0,0.165,0.142,0.077,0.0,0.0,LO
5423,618,0.0,0.0,2.076,12.979,3.676,1.696,0.31,0.0,LO
5423,717,0.0,0.0,0.031,0.001,0.0,0.0,0.0,0.0,LO
5423,719,0.0,0.0,0.0,0.0,0.0,0.0,0.001,0.0,LO
5423,751,0.0,0.0,0.0050000004,0.029,0.0,0.0,0.0,0.0,LO
5423,755,0.0,0.0,4.554,13.935,9.277,4.196,0.485,0.0,LO
5423,763,0.0,0.0,32.768,138.485,67.778,36.815,11.879,0.0,LO
5423,766,0.0,0.0,0.428,5.695,3.385,1.6389999,0.517,0.0,LO
5423,788,0.0,0.0,125.269,612.228,281.339,120.045,30.704,0.0,LO
5423,1022,0.0,0.0,4.31,26.603,15.06,11.026,3.734,0.0,LO
5423,1023,0.0,0.0,6.349,48.689,16.654,8.023,2.144,0.0,LO
5423,1024,0.0,0.0,18.724,148.27,42.73,17.098999,3.355,0.0,LO
5423,1039,0.0,0.0,1.065,12.015,5.712,3.2549999,0.692,0.0,LO
5423,1082,0.0,0.0,6.191,30.434,22.773,11.538,2.89,0.0,LO
5423,1083,0.0,0.0,1.46,11.371,6.468,4.385,1.55,0.0,LO
5423,1085,0.0,0.0,1.823,9.937,5.529,2.083,1.1850001,0.0,LO
5423,1409,0.0,0.0,0.0,1.513,0.619,0.211,0.0,0.0,LO
5423,1413,0.0,0.0,0.003,3.129,0.14400001,0.647,0.0,0.0,LO
5423,1421,0.0,0.0,0.0,2.673,2.442,0.467,0.25800002,0.0,LO
5423,1429,0.0,0.0,0.009,0.112,0.0,0.0,0.0,0.0,LO
5423,1439,0.0,0.0,0.142,0.83,0.095,0.386,0.0,0.0,LO
5423,1440,0.0,0.0,0.174,1.919,1.042,0.483,0.11,0.0,LO
5423,1441,0.0,0.0,0.591,10.571,9.236,5.792,1.525,0.0,LO
5423,1443,0.0,0.0,14.597,71.554,51.681,32.655,13.054,0.0,LO
5423,1448,0.0,0.0,0.0,1.7770001,1.403,0.158,0.0,0.0,LO
5423,1449,0.0,0.0,0.0,0.719,0.218,0.31800002,0.0,0.0,LO
5423,5150,0.0,0.0,0.047,0.0,0.0,0.0,0.0,0.0,LO
5423,5301,0.0,0.0,31.556,201.584,115.711,63.751,17.563,0.0,LO
5423,5345,0.0,0.0,0.0,0.999,0.558,0.127,0.0,0.0,LO
5423,5362,0.0,0.0,0.0,0.014,0.0,0.0,0.0,0.0,LO
5423,5372,0.0,0.0,7.364,37.858,21.869,15.9,4.185,0.0,LO
5423,5404,0.0,0.0,0.0,1.201,0.795,0.319,0.219,0.0,LO
5423,5411,0.0,0.0,0.02,2.4559999,1.551,0.39000002,0.001,0.0,LO
5423,5421,0.0,0.0,8.533,22.561,15.092,8.128,1.036,0.0,LO
5423,5424,0.0,0.0,2.555,10.519,1.946,1.558,0.784,0.0,LO
5423,5437,0.0,0.0,0.0,0.693,0.299,0.105000004,0.098000005,0.0,LO
5423,5595,0.0,0.0,67.444,276.23502,110.859,51.437,13.742,0.0,LO
5423,6977,0.0,0.0,0.23,3.358,2.839,1.38,0.0,0.0,LO
5423,6978,0.0,0.0,0.148,2.903,1.349,1.062,0.0,0.0,LO
5423,6979,0.0,0.0,0.0,4.894,6.354,1.68,0.655,0.0,LO
5423,9586,0.0,0.0,0.48499998,8.413,2.456,2.166,0.23,0.0,LO
5423,9587,0.0,0.0,3.706,28.48,21.239,4.643,3.007,0.0,LO
5424,603,0.0,0.0,6.294,32.393,18.628,9.212,3.205,0.0,LO
5424,618,0.0,0.0,0.807,4.916,2.527,0.693,0.626,0.0,LO
5424,621,0.0,0.0,0.0,0.126,0.0,0.0,0.0,0.0,LO
5424,719,0.0,0.0,0.0,0.0,0.0,0.0,0.09,0.0,LO
5424,755,0.0,0.0,1.377,4.235,1.962,0.70600003,0.0,0.0,LO
5424,763,0.0,0.0,19.136,73.94,42.838,23.338,8.39,0.0,LO
5424,766,0.0,0.0,0.0,1.114,1.017,0.21,0.23699999,0.0,LO
5424,788,0.0,0.0,114.22,498.013,225.807,101.807,27.982,0.0,LO
5424,1022,0.0,0.0,1.662,14.091,8.247,4.388,2.442,0.0,LO
5424,1023,0.0,0.0,2.591,26.368,8.638,2.692,2.356,0.0,LO
5424,1024,0.0,0.0,12.03,87.932,24.996,10.831,2.376,0.0,LO
5424,1039,0.0,0.0,1.08,6.493,3.573,2.756,0.984,0.0,LO
5424,1082,0.0,0.0,5.671,23.596,13.242,9.004,2.784,0.0,LO
5424,1083,0.0,0.0,0.667,7.3,3.31,3.395,1.081,0.0,LO
5424,1085,0.0,0.0,2.294,7.141,4.674,2.405,0.667,0.0,LO
5424,1409,0.0,0.0,0.092,0.727,0.464,0.22,0.0,0.0,LO
5424,1413,0.0,0.0,0.0,1.973,0.27,0.0,0.0,0.0,LO
5424,1429,0.0,0.0,0.0,0.182,0.065,0.0,0.0,0.0,LO
5424,1440,0.0,0.0,0.13700001,0.624,1.114,0.62,0.24000001,0.0,LO
5424,1441,0.0,0.0,0.642,3.764,2.65,1.784,0.103,0.0,LO
5424,1443,0.0,0.0,7.506,40.839,24.636,16.187,4.716,0.0,LO
5424,1449,0.0,0.0,0.0,0.522,0.44300002,0.0,0.0,0.0,LO
5424,5301,0.0,0.0,19.710001,85.111,30.058,26.328,7.4639997,0.0,LO
5424,5345,0.0,0.0,0.0,1.399,0.834,0.471,0.289,0.0,LO
5424,5372,0.0,0.0,7.228,20.285,10.368,6.606,4.843,0.0,LO
5424,5411,0.0,0.0,0.037,0.745,0.808,1.224,0.525,0.0,LO
5424,5421,0.0,0.0,3.23,27.784,25.307001,16.899,7.476,0.0,LO
5424,5423,0.0,0.0,0.28800002,6.189,2.098,1.189,0.15,0.0,LO
5424,5595,0.0,0.0,37.887,130.455,51.314,27.298,11.853,0.0,LO
5424,6977,0.0,0.0,0.12,1.984,1.07,0.594,0.0,0.0,LO
5424,6978,0.0,0.0,0.086,2.088,0.564,0.855,0.0,0.0,LO
5424,6979,0.0,0.0,0.107,1.926,2.572,1.449,0.0,0.0,LO
5424,9586,0.0,0.0,0.698,2.416,0.797,0.841,0.329,0.0,LO
5424,9587,0.0,0.0,2.22,9.723,5.679,1.491,1.418,0.0,LO
5437,603,0.0,2.894,13.534,36.139,12.547,4.143,0.35300002,0.0,LO
5437,618,0.0,0.0,0.099,1.269,0.308,0.0,0.0,0.0,LO
5437,621,0.0,0.0,0.0,0.0,0.005,0.0,0.0,0.0,LO
5437,686,0.0,0.0,0.0,0.015,0.0,0.0,0.0,0.0,LO
5437,763,0.0,3.094,21.255,65.286,27.575,12.379,2.846,0.0,LO
5437,788,0.0,14.601,124.937,416.04102,137.986,56.568,7.47,0.0,LO
5437,1022,0.0,0.125,3.147,6.8450003,4.16,1.663,0.33,0.0,LO
5437,1023,0.0,0.100999996,2.629,10.788,4.435,1.737,0.249,0.0,LO
5437,1024,0.0,1.266,14.298,67.066,11.756,5.469,0.374,0.0,LO
5437,1039,0.0,0.0,1.101,6.355,0.81,1.2490001,0.869,0.0,LO
5437,1082,0.0,0.62,5.9709997,14.82,4.376,3.152,1.553,0.0,LO
5437,1083,0.0,0.021,0.776,5.024,2.053,1.865,0.287,0.0,LO
5437,1085,0.0,0.17699999,1.55,5.388,2.029,0.817,0.245,0.0,LO
5437,1409,0.0,0.0,0.214,1.104,0.176,0.0,0.0,0.0,LO
5437,1440,0.0,0.0,0.18100001,1.728,0.0,0.633,0.0,0.0,LO
5437,1441,0.0,0.0,0.713,3.6230001,2.127,1.336,0.313,0.0,LO
5437,1443,0.0,0.162,9.845,26.191,12.175,5.599,1.414,0.0,LO
5437,5301,0.0,0.0,0.476,2.499,2.158,2.348,0.0,0.0,LO
5437,5345,0.0,1.529,8.565,28.182,12.85,6.564,0.945,0.0,LO
5437,5356,0.0,0.0,1.388,13.942,3.584,2.221,0.178,0.0,LO
5437,5362,0.0,0.030000001,1.234,13.77,6.218,1.61,0.133,0.0,LO
5437,5376,0.0,0.0,1.826,13.712,4.737,2.841,0.472,0.0,LO
5437,5378,0.0,0.0,0.545,3.981,0.976,0.384,0.018,0.0,LO
5437,5397,0.0,0.0,0.649,7.448,4.458,3.002,2.527,0.0,LO
5437,5404,0.0,0.0,1.633,16.182,7.101,5.375,0.234,0.0,LO
5437,5411,0.0,0.0,13.291,77.046,24.392,11.627,3.593,0.0,LO
5437,5418,0.0,0.039,0.35300002,13.712,6.442,2.552,0.281,0.0,LO
5437,5423,0.0,0.0,0.024,0.47,0.2,0.058,0.0,0.0,LO
5437,5595,0.0,0.0,0.28,5.5889997,1.76,0.786,0.201,0.0,LO
5437,6977,0.0,0.0,0.004,2.313,0.649,0.18,0.0,0.0,LO
5437,6978,0.0,0.0,0.002,2.009,0.131,0.211,0.0,0.0,LO
5437,6979,0.0,0.0,0.14199999,1.248,0.911,0.451,0.0,0.0,LO
5595,596,0.0,0.0,1.123,2.98,3.278,2.144,1.21,0.0,LO
5595,597,0.0,0.0,2.823,2.863,1.813,1.966,0.298,0.0,LO
5595,603,0.0,0.0,2.364,15.871,8.802,3.365,1.025,0.0,LO
5595,617,0.0,0.0,0.0,3.561,2.522,2.191,0.0,0.0,LO
5595,618,0.0,0.0,66.732,563.588,148.849,65.644,28.664,0.0,LO
5595,620,0.0,0.0,0.47100002,2.627,2.183,0.946,0.38,0.0,LO
5595,659,0.0,0.0,1.889,1.76,2.246,1.529,0.71000004,0.0,LO
5595,680,0.0,0.0,0.0,8.496,4.25,2.896,0.0,0.0,LO
5595,709,0.0,0.0,0.708,1.476,1.972,1.205,0.188,0.0,LO
5595,717,0.0,0.0,0.657,2.768,2.683,2.238,1.234,0.0,LO
5595,719,0.0,0.0,5.727,33.146,22.166,8.973,1.162,0.0,LO
5595,751,0.0,0.0,3.9259999,21.509,12.89,7.324,5.137,0.0,LO
5595,755,0.0,0.0,61.779,665.653,310.67,154.243,36.719,0.0,LO
5595,763,0.0,0.0,18.049,59.775,48.793,25.358,9.784,0.0,LO
5595,766,0.0,0.0,27.735,213.217,129.979,80.874,32.89,0.0,LO
5595,788,0.0,0.0,34.197,122.905,134.579,54.325,21.519,0.0,LO
5595,1022,0.0,0.0,9.448,31.63,23.442,13.573,3.991,0.0,LO
5595,1023,0.0,0.0,9.692,80.423,24.986,10.75,3.7949998,0.0,LO
5595,1024,0.0,0.0,27.967,266.687,75.086,24.01,4.52,0.0,LO
5595,1039,0.0,0.0,4.525,17.123,18.6,9.8,1.901,0.0,LO
5595,1082,0.0,0.0,18.696,68.784,50.314,28.18,12.283,0.0,LO
5595,1083,0.0,0.0,5.67,41.48,37.588,23.747,8.447,0.0,LO
5595,1085,0.0,0.0,6.226,48.211,27.79,11.481,3.058,0.0,LO
5595,1395,0.0,0.0,0.65,3.603,2.444,1.534,0.157,0.0,LO
5595,1398,0.0,0.0,0.166,2.358,1.038,0.795,0.152,0.0,LO
5595,1402,0.0,0.0,0.762,0.517,0.119,0.264,0.591,0.0,LO
5595,1409,0.0,0.0,0.882,13.651,9.37,3.259,0.594,0.0,LO
5595,1413,0.0,0.0,2.471,65.637,15.991,5.677,0.636,0.0,LO
5595,1415,0.0,0.0,0.219,1.127,1.023,0.681,0.049999997,0.0,LO
5595,1421,0.0,0.0,3.981,75.663,47.166,15.668,2.475,0.0,LO
5595,1429,0.0,0.0,0.678,21.764,12.39,8.088,1.097,0.0,LO
5595,1434,0.0,0.0,0.438,3.192,1.424,1.431,0.255,0.0,LO
5595,1437,0.0,0.0,1.188,27.765,23.704,9.851,1.651,0.0,LO
5595,1438,0.0,0.0,2.083,24.502,13.564,6.791,1.146,0.0,LO
5595,1439,0.0,0.0,0.151,3.259,1.442,1.078,0.141,0.0,LO
5595,1440,0.0,0.0,0.265,9.805,5.882,2.011,0.426,0.0,LO
5595,1441,0.0,0.0,0.894,11.353,13.234,4.567,0.565,0.0,LO
5595,1442,0.0,0.0,0.233,1.8889999,1.119,0.938,0.466,0.0,LO
5595,1443,0.0,0.0,17.942,53.354,40.158,25.418,7.066,0.0,LO
5595,1444,0.0,0.0,0.151,0.675,0.527,0.546,0.545,0.0,LO
5595,1445,0.0,0.0,2.427,22.548,10.443,4.71,0.653,0.0,LO
5595,1448,0.0,0.0,0.931,50.509,44.118,27.047,5.528,0.0,LO
5595,1449,0.0,0.0,0.5,3.344,3.04,0.73,0.131,0.0,LO
5595,1455,0.0,0.0,0.28,5.743,5.012,3.342,0.447,0.0,LO
5595,1524,0.0,0.0,0.0,2.217,1.86,1.082,0.245,0.0,LO
5595,5150,0.0,0.0,0.547,2.129,1.367,0.253,0.034,0.0,LO
5595,5301,0.0,0.0,34.819,326.225,274.215,139.544,37.084,0.0,LO
5595,5345,0.0,0.0,0.053,2.327,6.625,2.768,1.11,0.0,LO
5595,5362,0.0,0.0,0.31,2.773,2.978,2.014,0.243,0.0,LO
5595,5372,0.0,0.0,6.076,44.695,42.245,27.619,7.81,0.0,LO
5595,5376,0.0,0.0,0.0,0.0,0.106000006,0.043,0.108,0.0,LO
5595,5378,0.0,0.0,0.0,0.775,0.263,0.13499999,0.107,0.0,LO
5595,5397,0.0,0.0,0.0,0.864,0.676,0.353,0.041,0.0,LO
5595,5404,0.0,0.0,0.153,3.336,6.941,3.702,0.898,0.0,LO
5595,5418,0.0,0.0,0.0,2.394,5.419,1.753,0.438,0.0,LO
5595,5421,0.0,0.0,57.071,337.317,208.858,149.623,36.737,0.0,LO
5595,5423,0.0,0.0,39.28,315.076,224.655,108.344,26.838,0.0,LO
5595,5424,0.0,0.0,24.212,119.648,112.192,83.024,25.372,0.0,LO
5595,5437,0.0,0.0,0.0,0.884,0.954,0.538,0.168,0.0,LO
5595,6814,0.0,0.0,0.0,0.015,0.030000001,0.01,0.0,0.0,LO
5595,6914,0.0,0.0,0.072000004,0.018,0.0,0.0,0.0,0.0,LO
5595,6919,0.0,0.0,0.028,0.0,0.0,0.0,0.0,0.0,LO
5595,6926,0.0,0.0,0.069,0.446,0.127,0.04,0.0,0.0,LO
5595,6934,0.0,0.0,0.059,0.589,0.301,0.008,0.009,0.0,LO
5595,6941,0.0,0.0,0.030000001,0.0,0.0,0.0,0.0,0.0,LO
5595,6947,0.0,0.0,0.023,0.0,0.0,0.0,0.0,0.0,LO
5595,6952,0.0,0.0,0.032,0.0,0.0,0.0,0.0,0.0,LO
5595,6954,0.0,0.0,0.037,0.0,0.0,0.0,0.0,0.0,LO
5595,6956,0.0,0.0,0.055,0.0,0.0,0.0,0.0,0.0,LO
5595,6967,0.0,0.0,0.0,0.257,0.275,0.026,0.0,0.0,LO
5595,6977,0.0,0.0,1.991,37.255,20.799,8.581,0.796,0.0,LO
5595,6978,0.0,0.0,0.398,11.971,4.568,3.756,0.941,0.0,LO
5595,6979,0.0,0.0,0.538,17.834,11.903,4.766,0.885,0.0,LO
5595,7401,0.0,0.0,0.0,1.603,0.871,0.09,0.27,0.0,LO
5595,7402,0.0,0.0,0.0,0.694,1.393,0.103,0.0,0.0,LO
5595,9586,0.0,0.0,25.477001,263.662,132.557,77.923,30.451,0.0,LO
5595,9587,0.0,0.0,142.214,2030.155,710.753,313.841,135.975,0.0,LO
6814,514,0.0,0.0,0.020000001,0.145,0.034,0.133,0.0,0.0,LO
6814,618,0.0,0.0,0.09200001,0.382,0.004,0.0,0.0,0.0,LO
6814,698,0.0,0.0,48.928,237.517,49.876,23.546,2.96,0.0,LO
6814,766,0.0,0.0,0.0139999995,0.097,0.008,0.023,0.0,0.0,LO
6814,1437,0.0,0.0,0.003,0.199,0.012,0.0,0.0,0.0,LO
6814,5595,0.0,0.0,0.035,0.289,0.066,0.004,0.0,0.0,LO
6814,6867,0.0,0.0,1.2590001,3.971,2.275,0.896,0.235,0.0,LO
6814,6934,0.0,0.0,0.674,4.515,1.001,0.486,0.003,0.0,LO
6814,6941,0.0,0.0,1.8180001,9.463,1.581,1.629,0.202,0.0,LO
6814,6947,0.0,0.0,2.574,9.974,1.7720001,1.493,0.889,0.0,LO
6814,6949,0.0,0.0,0.442,2.149,1.105,1.285,0.199,0.0,LO
6814,6952,0.0,0.0,0.658,2.848,1.589,0.80899996,0.55,0.0,LO
6814,6954,0.0,0.0,0.002,0.099,0.006,0.005,0.0,0.0,LO
6814,6956,0.0,0.0,1.719,9.778,1.26,0.358,0.055,0.0,LO
6814,6958,0.0,0.0,0.896,3.584,0.676,0.284,0.044,0.0,LO
6814,6959,0.0,0.0,0.235,0.404,0.009000001,0.029000001,0.0,0.0,LO
6814,6961,0.0,0.0,0.072,2.788,0.163,0.193,0.073,0.0,LO
6814,6962,0.0,0.0,0.109,1.646,0.418,0.21,0.082,0.0,LO
6814,6965,0.0,0.0,6.426,28.834,4.026,2.576,0.642,0.0,LO
6814,6966,0.0,0.0,0.43199998,2.523,0.406,0.223,0.081,0.0,LO
6814,6967,0.0,0.0,0.373,1.546,0.306,0.533,0.061,0.0,LO
6814,6968,0.0,0.0,0.402,2.387,0.354,1.035,0.001,0.0,LO
6814,6972,0.0,0.0,2.531,9.937,1.3840001,0.963,0.001,0.0,LO
6814,6979,0.0,0.0,0.003,0.21900001,0.107999995,0.027,0.006,0.0,LO
6867,698,0.0,0.0,24.132,73.813,33.398,18.367,6.184,0.0,LO
6867,742,0.0,0.0,6.288,47.359,34.266,14.955,5.895,0.0,LO
6867,1524,0.0,0.0,0.0,0.475,0.702,0.143,0.0,0.0,LO
6867,6814,0.0,0.0,1.595,4.541,0.914,0.613,0.329,0.0,LO
6867,6867,0.0,0.0,0.691,0.452,0.253,0.167,0.11,0.0,LO
6867,6913,0.0,0.0,1.935,5.868,3.732,2.328,1.326,0.0,LO
6867,6914,0.0,0.0,1.535,40.81,8.063,4.449,0.746,0.111,LO
6867,6919,0.0,0.0,1.636,22.988,14.719,10.42,2.853,0.518,LO
6867,6926,0.0,0.0,0.695,2.77,3.257,1.924,0.086,0.0,LO
6867,6934,0.0,0.0,1.391,16.798,6.907,3.487,0.293,0.0,LO
6867,6941,0.0,0.0,4.433,26.289,17.68,11.853,3.075,0.0,LO
6867,6947,0.0,0.0,3.707,9.232,6.3,5.758,1.184,0.0,LO
6867,6949,0.0,0.0,2.302,4.264,1.385,1.481,0.459,0.0,LO
6867,6952,0.0,0.0,2.675,5.23,6.103,3.818,1.776,0.0,LO
6867,6954,0.0,0.0,2.023,20.099,25.569,13.051,3.514,0.0,LO
6867,6956,0.0,0.0,2.683,8.446,9.431,3.968,1.798,0.0,LO
6867,6958,0.0,0.0,2.33,27.833,14.614,8.393,2.365,0.0,LO
6867,6959,0.0,0.0,2.781,15.503,6.865,4.412,1.187,0.0,LO
6867,6961,0.0,0.0,0.346,27.347,11.121,5.047,2.895,0.0,LO
6867,6962,0.0,0.0,0.097,13.918,5.083,3.65,0.669,0.0,LO
6867,6965,0.0,1.92,48.336998,238.227,79.914,37.53,12.598,0.0,LO
6867,6966,0.0,0.0,0.17300001,5.715,1.919,0.264,0.027,0.0,LO
6867,6967,0.0,0.0,0.458,2.922,2.133,1.318,0.23,0.0,LO
6867,6968,0.0,0.0,0.352,9.441,3.436,3.612,0.66,0.0,LO
6867,6972,0.0,0.0,12.347,26.935,11.551,10.387,2.297,0.0,LO
6867,6973,0.0,0.0,2.389,29.722,23.186,13.794,4.396,0.0,LO
6886,736,0.0,0.0,6.514,41.597,13.713,1.9779999,0.0,0.0,LO
6886,7473,0.0,0.0,4.536,37.39,28.388,16.955,0.0,0.0,LO
6913,514,0.0,0.0,0.25,1.204,1.069,1.266,0.002,0.0,LO
6913,698,0.0,0.0,95.248,273.155,80.518,32.685,3.938,0.0,LO
6913,719,0.0,0.0,0.562,10.887,1.322,1.107,0.198,0.0,LO
6913,1409,0.0,0.0,0.089,0.48700002,0.236,0.039,0.0050000004,0.0,LO
6913,1437,0.0,0.0,0.0,0.266,0.116000004,0.089,0.0,0.0,LO
6913,6814,0.0,0.0,0.27,1.738,0.199,0.001,0.0,0.0,LO
6913,6867,0.0,0.0,3.547,6.905,2.581,2.325,0.146,0.0,LO
6913,6934,0.0,0.0,1.606,14.375,4.2599998,1.076,0.0,0.0,LO
6913,6941,0.0,0.0,3.9129999,7.73,2.156,1.095,0.491,0.0,LO
6913,6956,0.0,0.0,0.552,6.472,2.824,1.996,0.588,0.0,LO
6913,6958,0.0,0.0,3.697,9.865,2.511,2.42,0.13100001,0.0,LO
6913,6959,0.0,0.0,1.474,12.877,2.008,0.571,0.0,0.0,LO
6913,6961,0.0,0.0,1.179,7.998,4.05,0.995,0.35999998,0.0,LO
6913,6962,0.0,0.0,1.1669999,15.5,4.62,1.584,0.009000001,0.0,LO
6913,6965,0.0,0.0,26.338,76.346,23.399,10.371,2.943,0.0,LO
6913,6966,0.0,0.0,0.77,9.2560005,3.23,1.371,0.684,0.0,LO
6913,6967,0.0,0.0,0.341,3.573,2.273,1.17,0.004,0.0,LO
6913,6968,0.0,0.0,2.8170002,10.183,2.28,1.72,0.0,0.0,LO
6913,6972,0.0,0.0,12.647,13.086,3.499,2.5839999,0.001,0.0,LO
6914,514,0.0,0.0,0.25800002,0.328,0.030000001,0.08,0.0,0.0,LO
6914,618,0.0,0.0,0.23900001,2.022,0.351,0.0,0.0,0.0,LO
6914,621,0.0,0.0,0.026,0.397,0.15799999,0.053000003,0.0,0.0,LO
6914,686,0.0,0.0,0.184,0.527,0.093,0.0,0.0,0.0,LO
6914,742,0.0,3.3960001,60.578,413.734,121.551,29.541,2.076,0.0,LO
6914,1437,0.0,0.0,0.0,0.382,0.214,0.077,0.0,0.0,LO
6914,1440,0.0,0.0,0.0,0.987,0.439,0.0,0.0,0.0,LO
6914,1441,0.0,0.0,0.0,1.294,1.4,0.077,0.0,0.0,LO
6914,1524,0.0,0.0,0.0,3.626,1.2919999,0.0,0.0,0.0,LO
6914,5595,0.0,0.0,0.075,0.28599998,0.12,0.105000004,0.0,0.0,LO
6914,6867,0.0,0.005,3.487,34.328,17.844,5.202,1.156,0.0,LO
6914,6919,0.0,0.0,2.696,33.601,9.191,4.773,0.223,0.0,LO
6914,6926,0.0,0.0,3.748,48.736,24.038,2.975,0.134,0.0,LO
6914,6934,0.0,0.0,0.0,1.671,0.0,0.198,0.0,0.0,LO
6914,6954,0.0,0.0,1.519,38.802,20.805,2.286,0.222,0.0,LO
6914,6956,0.0,0.0,0.0,0.148,0.0,0.0,0.0,0.0,LO
6914,6961,0.0,0.0,0.656,25.473999,13.926,3.458,0.0,0.0,LO
6914,6962,0.0,0.0,0.0,3.488,0.0,0.0,0.0,0.0,LO
6914,6965,0.0,3.93,41.446,235.384,56.316,17.475,4.696,0.0,LO
6914,6966,0.0,0.0,0.0,4.282,3.137,0.0,0.0,0.0,LO
6914,6973,0.0,0.0,0.934,31.821001,13.732,1.381,0.0,0.0,LO
6914,6978,0.0,0.0,0.293,2.442,0.775,1.028,0.0,0.0,LO
6914,7401,0.0,0.0,0.38,2.738,1.741,0.0,0.0,0.0,LO
6919,621,0.0,0.0,0.023000002,0.0,0.02,0.0,0.0,0.0,LO
6919,686,0.0,0.0,0.277,0.34600002,0.098,0.0,0.0,0.0,LO
6919,742,0.0,10.725,137.145,538.225,135.744,36.734,4.705,0.0,LO
6919,1429,0.0,0.0,0.0,0.996,0.665,0.921,0.0,0.0,LO
6919,1440,0.0,0.0,0.113,1.354,0.423,0.08,0.0,0.0,LO
6919,5595,0.0,0.0,0.296,0.369,0.106,0.0,0.0,0.0,LO
6919,6867,0.0,0.01,6.011,31.314,14.711,4.406,0.64199996,0.0,LO
6919,6914,0.0,0.0,2.507,34.784,5.2,2.8439999,0.81,0.0,LO
6919,6926,0.0,0.0,10.27,29.623,12.741,4.75,0.109,0.0,LO
6919,6941,0.0,0.0,0.025,0.3,0.093,0.055,0.0,0.0,LO
6919,6954,0.0,0.0,3.768,22.941,12.877,0.847,0.0,0.0,LO
6919,6956,0.0,0.0,0.077,0.231,0.0,0.0,0.0,0.0,LO
6919,6959,0.0,0.0,1.474,0.969,0.0,0.0,0.0,0.0,LO
6919,6961,0.0,0.0,2.499,33.586,10.72,4.945,3.692,0.0,LO
6919,6962,0.0,0.0,0.28800002,6.052,1.739,0.393,0.0,0.0,LO
6919,6965,0.0,14.401999,67.49,310.397,59.919,24.664999,3.694,0.0,LO
6919,6966,0.0,0.0,0.479,3.569,1.2129999,0.29700002,0.303,0.0,LO
6919,6973,0.0,0.0,4.054,24.32,6.675,2.22,0.65900004,0.0,LO
6919,6978,0.0,0.0,0.109,2.953,0.958,0.195,0.0,0.0,LO
6919,6979,0.0,0.0,0.16,1.261,1.342,0.0,0.0,0.0,LO
6919,7401,0.0,0.0,0.0,1.611,0.471,1.353,0.0,0.0,LO
6926,514,0.0,0.0,0.017,0.08,0.008,0.054,0.067999996,0.0,LO
6926,603,0.0,0.0,0.073,0.384,0.083000004,0.0,0.11,0.0,LO
6926,742,0.0,0.0,47.006,299.194,117.074,24.181,10.352,0.0,LO
6926,1413,0.0,0.0,0.0,1.815,0.27899998,0.012,0.0,0.0,LO
6926,1440,0.0,0.0,0.0,1.377,0.342,0.525,0.012,0.0,LO
6926,1448,0.0,0.0,0.266,0.696,0.591,0.702,0.013,0.0,LO
6926,5595,0.0,0.0,0.0,0.869,0.548,0.106,0.0,0.0,LO
6926,6867,0.0,0.0,1.278,7.415,3.853,1.391,0.497,0.0,LO
6926,6914,0.0,0.0,5.089,55.429,7.938,3.455,2.524,0.0,LO
6926,6919,0.0,0.0,7.773,27.643,15.624,8.827,3.884,0.0,LO
6926,6954,0.0,0.0,11.026999,39.13,19.395,8.246,2.378,0.0,LO
6926,6961,0.0,0.0,1.0009999,41.244,13.563,4.155,5.759,0.0,LO
6926,6965,0.0,0.061,130.828,402.306,133.856,26.187,12.916,0.0,LO
6926,6973,0.0,0.0,6.759,48.503,30.462,15.417,7.5070004,0.0,LO
6934,514,0.0,0.0,0.026,0.164,0.1,0.044,0.057,0.0,LO
6934,686,0.0,0.0,0.0,1.046,0.099,0.0,0.0,0.0,LO
6934,698,0.0,0.0,45.859,224.542,94.141,32.412,4.884,0.0,LO
6934,719,0.0,0.0,0.0,13.732,4.804,1.363,0.124,0.0,LO
6934,1413,0.0,0.0,0.0,2.1,0.25599998,0.29,0.0,0.0,LO
6934,1421,0.0,0.0,0.369,1.635,0.87700003,0.20799999,0.0,0.0,LO
6934,1440,0.0,0.0,0.0,0.592,1.314,0.577,0.0,0.0,LO
6934,5595,0.0,0.0,0.0,0.431,0.303,0.153,0.0,0.0,LO
6934,6814,0.0,0.0,1.159,4.2079997,0.80200005,0.358,0.092,0.0,LO
6934,6867,0.0,0.0,2.423,19.329,8.673,4.102,0.911,0.0,LO
6934,6913,0.0,0.0,0.21499999,7.019,4.0230002,2.868,1.273,0.0,LO
6934,6914,0.0,0.0,0.263,0.952,0.227,0.639,0.0,0.0,LO
6934,6919,0.0,0.0,0.355,0.714,0.0,0.154,0.0,0.0,LO
6934,6941,0.0,0.0,4.922,25.741001,18.743,12.649,3.329,0.0,LO
6934,6947,0.0,0.0,4.955,13.038,5.473,6.907,0.61,0.0,LO
6934,6949,0.0,0.0,0.873,4.53,3.399,1.892,0.569,0.0,LO
6934,6952,0.0,0.0,3.362,9.022,4.639,2.866,1.074,0.0,LO
6934,6954,0.0,0.0,0.185,0.291,1.087,0.0,0.04,0.0,LO
6934,6956,0.0,0.0,1.554,5.872,5.855,3.741,0.707,0.0,LO
6934,6958,0.0,0.0,0.58,18.105999,8.75,3.448,0.857,0.0,LO
6934,6959,0.0,0.0,2.599,27.934,10.731,6.637,1.56,0.0,LO
6934,6961,0.0,0.0,1.4530001,34.828,20.018,9.792,3.032,0.0,LO
6934,6962,0.0,0.0,3.372,80.224,44.621,13.327,3.395,0.0,LO
6934,6965,0.0,0.0,23.047,124.208,44.46,18.967001,5.295,0.0,LO
6934,6966,0.0,0.0,3.9650002,89.007,40.012,7.086,1.7,0.0,LO
6934,6967,0.0,0.0,0.0,4.083,1.393,0.405,0.0,0.0,LO
6934,6968,0.0,0.0,0.65,5.152,1.857,2.402,0.221,0.0,LO
6934,6972,0.0,0.0,18.071,20.785,15.893,10.15,1.9430001,0.0,LO
6934,6978,0.0,0.0,0.0,1.569,0.821,0.47800002,0.663,0.0,LO
6934,6979,0.0,0.0,0.0,0.822,1.421,0.424,0.243,0.0,LO
6941,514,0.0,0.0,0.531,3.941,2.242,0.692,0.08,0.0,LO
6941,698,0.0,0.0,194.265,723.083,249.025,108.324,17.583,0.0,LO
6941,719,0.0,0.0,0.84999996,29.884,7.952,1.801,0.067,0.0,LO
6941,766,0.0,0.0,0.0,0.28,0.126,0.083000004,0.0,0.0,LO
6941,1409,0.0,0.0,0.0,0.802,0.285,0.0,0.0,0.0,LO
6941,1413,0.0,0.0,0.047,0.87,0.237,0.051,0.0,0.0,LO
6941,1421,0.0,0.0,0.122,0.477,0.189,0.136,0.0,0.0,LO
6941,1429,0.0,0.0,0.0,0.35,0.04,0.036,0.0,0.0,LO
6941,1437,0.0,0.0,0.0,0.541,0.226,0.028,0.0,0.0,LO
6941,1440,0.0,0.0,0.057,0.846,0.331,0.113000005,0.0,0.0,LO
6941,1449,0.0,0.0,0.137,0.174,0.0,0.077,0.0,0.0,LO
6941,6814,0.0,0.0,1.75,13.650001,2.761,1.361,0.059,0.0,LO
6941,6867,0.0,0.0,8.383,29.5,11.465,5.155,2.505,0.0,LO
6941,6913,0.0,0.0,0.784,5.801,4.148,1.3000001,0.299,0.0,LO
6941,6934,0.0,0.0,9.54,32.563,14.538,6.089,0.74,0.0,LO
6941,6947,0.0,0.0,3.474,10.38,4.841,3.293,0.486,0.0,LO
6941,6949,0.0,0.0,2.204,10.253,5.355,2.458,0.185,0.0,LO
6941,6952,0.0,0.0,1.74,15.6710005,7.404,2.861,0.972,0.0,LO
6941,6954,0.0,0.0,0.229,0.091,0.134,0.147,0.0,0.0,LO
6941,6956,0.0,0.0,1.7870001,7.475,3.583,1.317,0.463,0.0,LO
6941,6958,0.0,0.0,1.495,28.383,9.948,3.667,0.325,0.0,LO
6941,6959,0.0,0.0,5.065,42.744,8.276,2.73,0.56299996,0.0,LO
6941,6961,0.0,0.0,2.35,22.441,9.415,4.921,2.337,0.0,LO
6941,6962,0.0,0.0,1.303,33.756,14.44,4.428,2.7849998,0.0,LO
6941,6965,0.0,0.0,50.105,152.968,58.939,37.129,6.2799997,0.0,LO
6941,6966,0.0,0.0,2.374,23.209,7.289,4.274,2.039,0.0,LO
6941,6967,0.0,0.0,1.811,10.246,8.504,2.665,0.846,0.0,LO
6941,6968,0.0,0.0,5.427,31.085,9.113,3.628,0.129,0.0,LO
6941,6972,0.0,0.0,0.141,6.319,3.121,1.26,0.0,0.0,LO
6941,6978,0.0,0.0,0.114,2.104,0.442,0.365,0.0,0.0,LO
6941,6979,0.0,0.0,0.111,1.303,2.237,0.901,0.0,0.0,LO
6941,7402,0.0,0.0,0.16600001,0.642,0.78499997,0.0,0.0,0.0,LO
6941,7403,0.0,0.0,0.0,0.789,0.809,0.602,0.118,0.0,LO
6941,7408,0.0,0.0,0.0,3.359,1.278,0.122999996,0.0,0.0,LO
6941,7467,0.0,0.0,0.0,0.204,0.58100003,1.276,0.0,0.0,LO
6947,514,0.0,0.0,0.205,1.027,0.211,0.143,0.039,0.0,LO
6947,698,0.0,0.0,49.868,216.879,72.65,37.389,7.955,0.0,LO
6947,719,0.0,0.0,0.0,5.057,1.656,0.317,0.0,0.0,LO
6947,1440,0.0,0.0,0.006,0.416,0.186,0.0,0.0,0.0,LO
6947,5595,0.0,0.0,0.006,0.30400002,0.141,0.0050000004,0.0,0.0,LO
6947,6814,0.0,0.0,4.2269998,25.368,5.941,4.256,3.04,0.0,LO
6947,6867,0.0,0.0,3.84,16.154,6.8050003,3.506,1.008,0.0,LO
6947,6934,0.0,0.0,3.086,15.731,5.2580004,3.554,0.91999996,0.0,LO
6947,6941,0.0,0.0,0.49400002,6.241,2.878,2.476,1.0,0.0,LO
6947,6949,0.0,0.0,1.21,4.236,3.617,1.416,1.2509999,0.0,LO
6947,6952,0.0,0.0,0.075,2.648,1.954,1.217,0.08,0.0,LO
6947,6956,0.0,0.0,0.779,4.479,2.0279999,1.364,0.25800002,0.0,LO
6947,6958,0.0,0.0,1.59,14.042,7.261,2.057,1.0309999,0.0,LO
6947,6961,0.0,0.0,0.904,11.191,4.6740003,2.243,0.957,0.0,LO
6947,6962,0.0,0.0,0.414,11.7560005,4.153,1.805,0.293,0.0,LO
6947,6965,0.0,0.0,20.386,51.991,18.479,10.864,5.805,0.0,LO
6947,6966,0.0,0.0,1.257,13.398001,5.28,1.834,0.521,0.0,LO
6947,6967,0.0,0.0,0.526,5.884,1.468,1.5209999,0.895,0.0,LO
6947,6968,0.0,0.0,1.543,17.695,2.923,3.07,1.426,0.0,LO
6947,6972,0.0,0.0,3.7480001,17.754,6.417,4.643,1.13,0.0,LO
6947,6979,0.0,0.0,0.14899999,1.284,0.855,0.486,0.003,0.0,LO
6947,7467,0.0,0.0,0.0,0.67,0.661,0.406,0.004,0.0,LO
6949,514,0.0,0.0,0.139,0.29,0.112,0.047000002,0.005,0.0,LO
6949,698,0.0,0.0,35.301,84.104,29.403,12.213,1.2080001,0.0,LO
6949,719,0.0,0.0,0.0,0.884,0.406,0.164,0.0,0.0,LO
6949,6814,0.0,0.0,1.262,5.046,1.029,0.891,2.97,0.0,LO
6949,6867,0.0,0.0,0.799,3.688,1.873,2.354,0.19,0.0,LO
6949,6934,0.0,0.0,1.699,5.475,2.216,1.6,0.044999998,0.0,LO
6949,6941,0.0,0.0,2.009,9.663,4.5429997,2.649,0.981,0.0,LO
6949,6947,0.0,0.0,2.798,9.547,2.982,2.5640001,0.353,0.0,LO
6949,6952,0.0,0.0,0.947,1.123,1.012,0.439,0.015,0.0,LO
6949,6956,0.0,0.0,1.333,6.196,1.543,1.245,0.001,0.0,LO
6949,6958,0.0,0.0,3.737,8.617,2.612,1.901,0.113,0.0,LO
6949,6959,0.0,0.0,0.599,1.144,0.019000001,0.0,0.0,0.0,LO
6949,6961,0.0,0.0,0.16999999,2.6890001,1.0469999,0.804,0.074,0.0,LO
6949,6962,0.0,0.0,0.44,4.744,2.319,0.93899995,0.036000002,0.0,LO
6949,6965,0.0,0.0,10.027,19.414,5.437,4.013,0.932,0.0,LO
6949,6966,0.0,0.0,0.794,3.842,1.8989999,1.258,0.007,0.0,LO
6949,6967,0.0,0.0,0.334,2.49,0.653,0.551,0.20300001,0.0,LO
6949,6968,0.0,0.0,2.249,7.885,2.41,1.848,0.086,0.0,LO
6949,6972,0.0,0.0,10.405,13.033,6.2469997,4.272,1.466,0.0,LO
6952,514,0.0,0.0,0.126,0.293,0.265,0.24700001,0.01,0.0,LO
6952,618,0.0,0.0,0.155,0.316,0.014,0.0,0.0,0.0,LO
6952,686,0.0,0.0,0.054,0.0,0.05,0.037,0.0,0.0,LO
6952,698,0.0,0.0,45.782,188.822,60.948,26.11,7.501,0.0,LO
6952,719,0.0,0.0,0.0,3.223,0.515,0.338,0.0,0.0,LO
6952,1404,0.0,0.0,0.25,1.464,0.119,0.017,0.0,0.0,LO
6952,1413,0.0,0.0,0.069,0.443,0.121,0.059000004,0.0,0.0,LO
6952,1440,0.0,0.0,0.002,0.326,0.07,0.002,0.0,0.0,LO
6952,6814,0.0,0.0,1.519,9.863,1.765,0.979,3.1890001,0.0,LO
6952,6867,0.0,0.0,2.282,9.525001,3.317,1.7900001,0.282,0.0,LO
6952,6934,0.0,0.0,1.855,13.819,5.657,0.991,0.619,0.0,LO
6952,6941,0.0,0.0,1.865,14.454,4.9040003,2.6169999,0.41599998,0.0,LO
6952,6947,0.0,0.0,0.551,8.521,1.967,0.509,0.105,0.0,LO
6952,6949,0.0,0.0,0.555,1.427,0.413,0.0,0.0,0.0,LO
6952,6956,0.0,0.0,1.0500001,3.263,2.759,1.599,0.34,0.0,LO
6952,6958,0.0,0.0,2.375,17.363,6.1019998,1.666,0.73,0.0,LO
6952,6961,0.0,0.0,0.427,6.739,2.858,0.998,0.015000001,0.0,LO
6952,6962,0.0,0.0,0.992,7.376,2.381,1.416,0.55,0.0,LO
6952,6965,0.0,0.0,12.675,50.279,14.317,9.214,2.755,0.0,LO
6952,6966,0.0,0.0,0.572,7.8789997,4.361,1.804,0.977,0.0,LO
6952,6967,0.0,0.0,0.103,4.865,2.112,1.5,0.333,0.0,LO
6952,6968,0.0,0.0,3.572,7.859,3.205,0.584,1.162,0.0,LO
6952,6972,0.0,0.0,8.798,24.401001,7.853,5.049,0.578,0.0,LO
6954,742,0.0,3.102,103.308,396.214,103.088,51.085,6.6419997,0.0,LO
6954,1440,0.0,0.0,0.117,1.9300001,0.157,0.0,0.0,0.0,LO
6954,1441,0.0,0.0,0.0,1.115,0.575,0.373,0.0,0.0,LO
6954,5595,0.0,0.0,0.297,0.308,0.113,0.012,0.0,0.0,LO
6954,6867,0.0,0.0,6.005,41.178,15.542,7.173,2.4819999,0.0,LO
6954,6914,0.0,0.0,1.626,49.670002,4.879,2.0740001,1.985,0.0,LO
6954,6919,0.0,0.0,2.459,24.427,10.307,3.596,1.9380001,0.0,LO
6954,6926,0.0,0.0,8.345,39.968,18.418001,9.438,0.43800002,0.0,LO
6954,6934,0.0,0.0,0.728,0.77,0.506,0.0,0.0,0.0,LO
6954,6941,0.0,0.0,0.122999996,0.235,0.14299999,0.04,0.007,0.0,LO
6954,6956,0.0,0.0,0.0,0.057,0.055,0.098000005,0.0,0.0,LO
6954,6961,0.0,0.0,1.941,42.634,12.438,6.285,3.027,0.0,LO
6954,6962,0.0,0.0,0.0,3.697,1.803,1.066,0.0,0.0,LO
6954,6965,0.0,6.87,80.673996,226.205,54.943,24.959,5.516,0.0,LO
6954,6966,0.0,0.0,0.0,7.461,2.428,0.713,0.0,0.0,LO
6954,6973,0.0,0.0,4.616,33.772,12.846,2.905,1.062,0.0,LO
6954,6978,0.0,0.0,0.0,1.292,1.029,0.453,0.0,0.0,LO
6954,6979,0.0,0.0,0.0,1.6389999,1.497,0.981,0.149,0.0,LO
6956,514,0.0,0.0,0.366,2.115,0.467,0.33,0.108,0.0,LO
6956,698,0.0,0.0,72.487,381.095,119.069,57.514,13.082,0.0,LO
6956,719,0.0,0.0,0.0,16.702,4.1809998,1.565,0.154,0.0,LO
6956,766,0.0,0.0,0.033,0.206,0.063,0.008,0.0,0.0,LO
6956,1409,0.0,0.0,0.0,0.183,0.047,0.007,0.0,0.0,LO
6956,1413,0.0,0.0,0.0,0.137,0.061,0.004,0.0,0.0,LO
6956,1421,0.0,0.0,0.0,0.551,0.1,0.085,0.0,0.0,LO
6956,1437,0.0,0.0,0.098000005,0.34,0.07,0.059,0.0,0.0,LO
6956,1440,0.0,0.0,0.037,0.333,0.062,0.018,0.0,0.0,LO
6956,1448,0.0,0.0,0.0,0.221,0.024,0.017,0.0,0.0,LO
6956,1524,0.0,0.0,0.0,1.939,0.512,0.074,0.0,0.0,LO
6956,6814,0.0,0.0,0.295,7.643,3.9750001,1.434,0.284,0.0,LO
6956,6867,0.0,0.0,4.75,18.041,4.777,1.605,0.705,0.0,LO
6956,6913,0.0,0.0,1.78,4.704,12.673,2.41,0.21599999,0.0,LO
6956,6914,0.0,0.0,0.0,0.159,0.091,0.009000001,0.0,0.0,LO
6956,6919,0.0,0.0,0.0,0.23,0.162,0.043,0.0,0.0,LO
6956,6934,0.0,0.0,2.537,22.081,3.996,0.796,0.074999996,0.0,LO
6956,6941,0.0,0.0,1.595,10.293,5.775,1.414,0.247,0.0,LO
6956,6947,0.0,0.0,1.771,8.689,3.784,0.985,0.351,0.0,LO
6956,6949,0.0,0.0,0.589,4.8519998,6.394,2.0479999,0.305,0.0,LO
6956,6952,0.0,0.0,1.187,9.286,5.172,0.966,0.221,0.0,LO
6956,6958,0.0,0.0,1.128,14.871,1.507,0.369,0.036,0.0,LO
6956,6959,0.0,0.0,3.624,24.473,17.241,3.971,0.79899997,0.0,LO
6956,6961,0.0,0.0,0.801,17.46,4.611,2.835,1.3199999,0.0,LO
6956,6962,0.0,0.0,0.648,26.652,5.927,2.293,0.909,0.0,LO
6956,6965,0.0,0.0,24.937,94.511,44.676,35.023,13.922,0.0,LO
6956,6966,0.0,0.0,0.95500004,11.9,4.186,1.131,0.56700003,0.0,LO
6956,6967,0.0,0.0,1.143,5.961,1.379,0.475,0.058,0.0,LO
6956,6968,0.0,0.0,5.005,17.786,2.447,1.132,0.107,0.0,LO
6956,6972,0.0,0.0,0.517,4.856,4.775,1.376,0.574,0.0,LO
6956,6978,0.0,0.0,0.098,1.794,0.055,0.172,0.068,0.0,LO
6956,6979,0.0,0.0,0.077,2.989,0.98800004,0.336,0.179,0.0,LO
6956,7402,0.0,0.0,0.144,0.468,0.157,0.082,0.005,0.0,LO
6956,7408,0.0,0.0,0.0,0.68,0.327,0.1,0.0,0.0,LO
6956,7467,0.0,0.0,0.0,1.418,0.278,0.31800002,0.012,0.0,LO
6958,514,0.0,0.0,0.192,0.478,0.32,0.204,0.008,0.0,LO
6958,698,0.0,0.0,35.136,173.475,74.571,32.564,7.069,0.0,LO
6958,719,0.0,0.0,0.0,10.679,4.164,0.843,0.065,0.0,LO
6958,1440,0.0,0.0,0.0,0.468,0.085,0.0,0.0,0.0,LO
6958,6814,0.0,0.0,0.49699998,3.665,0.722,0.262,0.03,0.0,LO
6958,6867,0.0,0.0,5.959,25.499,12.968,4.326,0.869,0.0,LO
6958,6913,0.0,0.0,1.5009999,4.79,2.887,1.5649999,0.7,0.0,LO
6958,6934,0.0,0.0,2.367,25.994,7.585,1.399,0.289,0.0,LO
6958,6941,0.0,0.0,1.39,23.032999,9.22,4.388,0.621,0.0,LO
6958,6947,0.0,0.0,3.491,20.203,4.183,2.422,0.384,0.0,LO
6958,6949,0.0,0.0,1.392,7.489,4.29,1.977,0.213,0.0,LO
6958,6952,0.0,0.0,4.337,12.217999,6.237,3.685,0.29999998,0.0,LO
6958,6956,0.0,0.0,0.538,1.691,2.016,0.869,0.078,0.0,LO
6958,6959,0.0,0.0,6.561,31.517,7.723,2.8600001,0.439,0.0,LO
6958,6961,0.0,0.0,1.8299999,31.035,11.469,3.381,1.834,0.0,LO
6958,6962,0.0,0.0,2.221,49.12,16.172,5.787,1.0600001,0.0,LO
6958,6965,0.0,0.0,29.355,94.103,37.756,21.771,6.981,0.0,LO
6958,6966,0.0,0.0,7.416,42.531,13.96,4.138,1.6290001,0.0,LO
6958,6967,0.0,0.0,0.875,9.463,4.5160003,1.314,0.207,0.0,LO
6958,6968,0.0,0.0,0.481,10.674,4.339,1.572,0.156,0.0,LO
6958,6972,0.0,0.0,3.043,14.33,4.726,1.182,0.338,0.0,LO
6958,6978,0.0,0.0,0.066,3.039,0.771,0.64100003,0.0,0.0,LO
6958,6979,0.0,0.0,0.265,1.921,2.449,0.48000002,0.0,0.0,LO
6959,514,0.0,0.0,0.575,4.323,1.549,1.1719999,0.015999999,0.0,LO
6959,618,0.0,0.0,0.103,0.343,0.002,0.0,0.0,0.0,LO
6959,686,0.0,0.0,0.05,0.324,0.05,0.063,0.0,0.0,LO
6959,698,0.0,0.0,103.837,418.377,139.907,40.116,6.585,0.0,LO
6959,719,0.0,0.0,1.171,20.642,5.727,0.918,0.28399998,0.0,LO
6959,1413,0.0,0.0,0.02,0.277,0.24,0.055,0.0,0.0,LO
6959,1440,0.0,0.0,0.084,0.547,0.137,0.001,0.0,0.0,LO
6959,5595,0.0,0.0,0.039,0.0,0.015,0.01,0.0,0.0,LO
6959,6814,0.0,0.0,0.002,1.054,0.606,0.106,0.0,0.0,LO
6959,6867,0.0,0.0,3.116,13.811,6.725,3.018,1.411,0.0,LO
6959,6913,0.0,0.0,2.539,20.587,9.171,2.484,1.536,0.0,LO
6959,6919,0.0,0.0,0.001,0.237,0.486,0.113,0.001,0.0,LO
6959,6934,0.0,0.0,6.253,33.081,12.432,4.465,0.74899995,0.0,LO
6959,6941,0.0,0.0,3.278,38.023,14.209,3.091,0.32,0.0,LO
6959,6949,0.0,0.0,0.169,1.031,1.008,0.403,0.0,0.0,LO
6959,6954,0.0,0.0,0.025,0.387,0.111,0.001,0.0,0.0,LO
6959,6956,0.0,0.0,2.678,24.556,12.354,4.72,0.663,0.0,LO
6959,6958,0.0,0.0,3.875,25.723999,17.808,4.675,0.74300003,0.0,LO
6959,6961,0.0,0.0,0.93799996,10.911,8.835,3.21,1.098,0.0,LO
6959,6962,0.0,0.0,2.183,22.984,9.974,3.52,0.64100003,0.0,LO
6959,6965,0.0,0.0,37.877,139.521,45.037,17.406,3.048,0.0,LO
6959,6966,0.0,0.0,1.973,19.605999,8.257999,2.153,0.406,0.0,LO
6959,6967,0.0,0.0,1.2639999,6.391,6.08,1.8679999,0.26700002,0.0,LO
6959,6968,0.0,0.0,2.34,27.417,11.931,2.556,0.388,0.0,LO
6959,6972,0.0,0.0,10.634,52.057,36.137,8.732,2.363,0.0,LO
6959,6978,0.0,0.0,0.106,1.548,0.053000003,0.33200002,0.001,0.0,LO
6959,6979,0.0,0.0,0.005,1.072,1.186,0.327,0.001,0.0,LO
6961,603,0.0,0.0,0.067,1.252,0.166,0.052,0.035,0.0,LO
6961,698,0.0,0.0,2.7840002,26.84,18.946001,10.185,2.915,0.0,LO
6961,742,0.0,0.0,5.759,78.189,40.272,26.567,10.031,0.0,LO
6961,1409,0.0,0.0,0.0,1.531,0.957,0.316,0.0,0.0,LO
6961,1413,0.0,0.0,0.0,5.032,0.393,0.0,0.0,0.0,LO
6961,1440,0.0,0.0,0.161,2.463,1.038,0.538,0.158,0.0,LO
6961,1441,0.0,0.0,0.0,1.099,1.176,0.622,0.0,0.0,LO
6961,6814,0.0,0.0,0.006,1.012,0.165,0.089999996,0.0,0.0,LO
6961,6867,0.0,0.0,1.365,26.222,13.293,5.201,2.16,0.0,LO
6961,6913,0.0,0.0,0.004,4.69,3.283,1.336,0.842,0.0,LO
6961,6914,0.0,0.0,0.82,28.1,6.564,3.861,1.449,0.0,LO
6961,6919,0.0,0.0,1.469,25.371,11.021,6.156,3.233,0.0,LO
6961,6926,0.0,0.0,1.821,22.588,10.3,7.168,0.792,0.0,LO
6961,6934,0.0,0.0,1.969,45.59,19.642,8.212,2.606,0.0,LO
6961,6941,0.0,0.0,2.653,15.758,18.676,8.204,3.855,0.0,LO
6961,6947,0.0,0.0,1.03,7.3050003,3.266,3.368,1.34,0.0,LO
6961,6949,0.0,0.0,0.31800002,3.403,1.0419999,0.184,0.0,0.0,LO
6961,6952,0.0,0.0,0.638,4.316,2.901,2.567,0.51199996,0.0,LO
6961,6954,0.0,0.0,1.151,24.005,17.668,5.974,3.718,0.0,LO
6961,6956,0.0,0.0,1.503,13.657,9.39,6.676,2.717,0.0,LO
6961,6958,0.0,0.0,1.344,25.814,17.028,9.758,3.593,0.0,LO
6961,6959,0.0,0.0,0.377,12.649,6.577,3.535,1.723,0.0,LO
6961,6962,0.0,0.0,0.0,4.044,1.244,0.812,0.0,0.0,LO
6961,6965,0.0,0.0,2.026,39.593,11.238,7.967,2.708,0.0,LO
6961,6966,0.0,0.0,0.412,19.945,6.786,2.158,1.2900001,0.0,LO
6961,6967,0.0,0.0,0.337,15.709,5.769,9.507,2.481,0.0,LO
6961,6968,0.0,0.0,1.543,27.017,10.526,5.901,3.228,0.0,LO
6961,6972,0.0,0.0,3.5939999,22.312,13.463,12.613,3.242,0.0,LO
6961,6973,0.0,0.0,2.73,35.577,19.834,11.034,4.182,0.0,LO
6961,6978,0.0,0.0,0.0,0.876,0.261,0.0,0.0,0.0,LO
6962,603,0.0,0.0,0.082,0.97,0.328,0.183,0.0,0.0,LO
6962,698,0.0,0.0,4.33,62.777,32.044,21.417,7.864,0.0,LO
6962,719,0.0,0.0,0.0,0.185,0.071,0.0,0.0,0.0,LO
6962,742,0.0,0.0,0.288,10.111,5.119,2.9950001,0.698,0.0,LO
6962,1409,0.0,0.0,0.231,3.501,0.488,0.205,0.34100002,0.0,LO
6962,1413,0.0,0.0,0.0,3.3799999,0.28100002,0.0,0.0,0.0,LO
6962,1429,0.0,0.0,0.0,1.51,0.672,0.0,0.0,0.0,LO
6962,1440,0.0,0.0,0.235,3.339,1.228,0.967,0.274,0.0,LO
6962,1448,0.0,0.0,0.0,0.889,0.537,0.53,0.0,0.0,LO
6962,1449,0.0,0.0,0.0,1.389,0.249,0.0,0.0,0.0,LO
6962,6814,0.0,0.0,0.195,2.57,0.285,0.106,0.229,0.0,LO
6962,6867,0.0,0.0,0.766,12.065,6.352,1.961,1.206,0.0,LO
6962,6913,0.0,0.0,0.847,8.889,3.846,1.405,0.033,0.0,LO
6962,6914,0.0,0.0,0.0,3.789,0.414,0.0,0.526,0.0,LO
6962,6919,0.0,0.0,0.46899998,2.7480001,2.02,0.789,0.0,0.0,LO
6962,6934,0.0,0.0,2.334,73.14,26.65,12.291,5.062,0.0,LO
6962,6941,0.0,0.0,2.804,19.462,20.652,8.373,5.787,0.0,LO
6962,6947,0.0,0.0,1.19,6.943,4.278,3.627,1.8199999,0.0,LO
6962,6949,0.0,0.0,0.662,3.018,1.94,0.871,0.52500004,0.0,LO
6962,6952,0.0,0.0,0.776,3.852,3.464,2.974,1.3,0.0,LO
6962,6954,0.0,0.0,0.0,3.494,2.465,0.195,0.0,0.0,LO
6962,6956,0.0,0.0,2.631,11.089,7.196,6.199,4.527,0.0,LO
6962,6958,0.0,0.0,3.168,34.693,21.428999,10.084,3.086,0.0,LO
6962,6959,0.0,0.0,1.038,14.546,7.192,3.5509999,3.0059998,0.0,LO
6962,6961,0.0,0.0,0.0,2.654,2.387,0.86800003,1.433,0.0,LO
6962,6965,0.0,0.0,1.378,41.95,15.425,4.497,4.625,0.0,LO
6962,6966,0.0,0.0,0.555,5.979,0.83,0.94200003,0.0,0.0,LO
6962,6967,0.0,0.0,2.004,24.419,14.08,8.627,3.488,0.0,LO
6962,6968,0.0,0.0,2.555,34.015,18.829,9.779,4.09,0.0,LO
6962,6972,0.0,0.0,3.639,26.492,21.512,10.158,2.816,0.0,LO
6962,6973,0.0,0.0,0.566,3.812,2.126,1.141,0.27,0.0,LO
6962,7401,0.0,0.0,0.0,1.905,1.318,0.495,0.0,0.0,LO
6965,698,0.0,0.0,22.123,43.078,43.001,31.269,15.326,0.0,LO
6965,742,0.0,0.0,23.054,217.627,235.823,139.199,88.881,0.939,LO
6965,6814,0.0,0.0,6.665,24.46,14.795,13.764,3.067,0.0,LO
6965,6867,0.0,0.0,13.117,143.896,137.768,77.034,37.853,0.072,LO
6965,6913,0.0,0.0,4.223,32.075,37.817,32.096,12.685,0.0,LO
6965,6914,0.0,0.0,5.396,178.133,126.512,61.472,28.698,0.092,LO
6965,6919,0.0,0.0,11.754,153.928,165.069,91.079,36.039,0.801,LO
6965,6926,0.0,0.0,19.9,215.779,206.917,166.773,36.868,0.0,LO
6965,6934,0.0,0.0,5.369,90.848,82.123,45.126,10.5390005,0.0,LO
6965,6941,0.0,0.0,12.071,91.126,97.827,67.229,26.707,0.0,LO
6965,6947,0.0,0.0,7.908,37.061,34.311,26.799,8.769,0.0,LO
6965,6949,0.0,0.0,1.659,12.6310005,14.175,9.78,4.851,0.0,LO
6965,6952,0.0,0.0,7.663,26.012,30.326,19.707,8.458,0.0,LO
6965,6954,0.0,0.0,9.438,126.704,165.192,80.417,40.299,5.014,LO
6965,6956,0.0,0.0,14.827,104.416,66.098,28.823,11.8220005,0.0,LO
6965,6958,0.0,0.0,5.906,66.682,51.075,32.597,15.623,0.0,LO
6965,6959,0.0,0.0,9.989,83.903,73.366,48.329998,20.296,0.0,LO
6965,6961,0.0,0.0,0.68200004,27.687,19.156,18.557,10.945,0.0,LO
6965,6962,0.0,0.0,0.55700004,31.684,26.185,15.78,3.542,0.0,LO
6965,6966,0.0,0.0,8.021,220.262,178.211,95.882,36.342,0.0,LO
6965,6967,0.0,0.0,4.9,56.068,62.872,45.772,17.105,0.0,LO
6965,6968,0.0,0.0,1.6880001,41.935,40.327,27.184,9.649,0.0,LO
6965,6972,0.0,0.0,20.302,85.495,73.586,57.578,21.402,0.0,LO
6965,6973,0.0,0.0,13.042,132.814,133.635,71.067,33.127,0.627,LO
6965,6978,0.0,0.0,0.0,0.0,0.0,0.0,0.652,0.0,LO
6965,6979,0.0,0.0,0.0,0.0,0.0,0.0,0.825,0.0,LO
6965,7401,0.0,0.0,0.0,0.543,0.065,0.0,0.0,0.0,LO
6966,603,0.0,0.0,0.0,0.396,0.476,0.071,0.0,0.0,LO
6966,698,0.0,0.0,13.95,155.533,89.639,41.503,11.094,0.0,LO
6966,719,0.0,0.0,0.0,0.962,0.28,0.0,0.021000002,0.0,LO
6966,742,0.0,0.0,0.19,12.041,7.614,2.974,0.756,0.0,LO
6966,1083,0.0,0.0,0.02,0.14,0.076,0.01,0.0,0.0,LO
6966,1524,0.0,0.0,0.0,2.513,1.811,0.644,0.0,0.0,LO
6966,6814,0.0,0.0,0.20300001,1.007,0.49400002,0.062000003,0.106000006,0.0,LO
6966,6867,0.0,0.0,0.02,4.268,2.732,1.296,0.552,0.0,LO
6966,6913,0.0,0.0,0.011,5.539,3.771,0.757,1.754,0.0,LO
6966,6914,0.0,0.0,0.0,3.769,0.848,1.35,0.0,0.0,LO
6966,6919,0.0,0.0,0.0,2.233,1.482,0.797,0.299,0.0,LO
6966,6934,0.0,0.0,4.635,65.304,34.949,16.308,3.111,0.0,LO
6966,6941,0.0,0.0,3.119,17.493,11.177,8.597,6.2320004,0.0,LO
6966,6947,0.0,0.0,4.4519997,5.894,3.401,4.764,0.814,0.0,LO
6966,6949,0.0,0.0,0.415,1.679,1.238,1.254,0.311,0.0,LO
6966,6952,0.0,0.0,2.3309999,2.977,2.454,2.117,2.164,0.0,LO
6966,6954,0.0,0.0,0.0,1.2129999,1.124,1.923,0.296,0.0,LO
6966,6956,0.0,0.0,1.102,8.102,7.142,3.8370001,1.145,0.0,LO
6966,6958,0.0,0.0,3.704,37.938,18.716,12.675,6.061,0.0,LO
6966,6959,0.0,0.0,1.427,14.305,7.72,3.8339999,0.638,0.0,LO
6966,6961,0.0,0.0,0.21000001,15.17,9.138,6.064,0.833,0.0,LO
6966,6962,0.0,0.0,0.298,5.417,2.653,1.643,0.639,0.0,LO
6966,6965,0.0,0.0,11.194,230.106,102.138,41.151,12.56,0.0,LO
6966,6967,0.0,0.0,1.678,19.336,17.424,9.708,1.2,0.0,LO
6966,6968,0.0,0.0,2.871,34.74,18.051,18.643,3.566,0.0,LO
6966,6972,0.0,0.0,2.067,17.77,12.913,3.85,1.683,0.0,LO
6966,6973,0.0,0.0,0.313,3.352,2.964,3.445,0.42499998,0.0,LO
6966,7406,0.0,0.0,0.0,2.268,1.415,1.453,0.0,0.0,LO
6967,686,0.0,0.0,0.0,0.642,0.0,0.0,0.0,0.0,LO
6967,698,0.0,0.0,43.996,199.458,63.279,31.582,2.304,0.0,LO
6967,719,0.0,0.0,0.0,5.672,1.502,0.916,0.008,0.0,LO
6967,5595,0.0,0.0,0.093,0.619,0.112,0.129,0.0,0.0,LO
6967,6814,0.0,0.0,0.519,1.8889999,0.38,0.286,0.038,0.0,LO
6967,6867,0.0,0.0,1.029,5.124,2.538,1.8100001,0.006,0.0,LO
6967,6913,0.0,0.0,1.301,1.957,1.5929999,0.466,0.344,0.0,LO
6967,6934,0.0,0.0,2.038,3.223,0.83,0.81200004,0.0,0.0,LO
6967,6941,0.0,0.0,3.396,10.772,3.773,4.1150002,0.927,0.0,LO
6967,6947,0.0,0.0,0.326,4.905,1.918,1.3640001,0.077,0.0,LO
6967,6949,0.0,0.0,0.384,1.321,0.87,0.93,0.15,0.0,LO
6967,6952,0.0,0.0,2.102,2.969,1.804,1.332,0.314,0.0,LO
6967,6956,0.0,0.0,0.95100003,2.463,3.655,1.679,0.331,0.0,LO
6967,6958,0.0,0.0,0.473,14.624001,3.74,1.9,0.53,0.0,LO
6967,6959,0.0,0.0,2.059,8.228,2.905,2.045,0.338,0.0,LO
6967,6961,0.0,0.0,1.0469999,15.016,7.465,4.874,1.416,0.0,LO
6967,6962,0.0,0.0,1.498,39.904,11.736,7.984,1.4679999,0.0,LO
6967,6965,0.0,0.0,19.212,100.458,35.521,9.012,3.083,0.0,LO
6967,6966,0.0,0.0,5.065,37.759,12.337,4.4900002,2.053,0.0,LO
6967,6968,0.0,0.0,0.373,6.338,2.773,2.02,0.572,0.0,LO
6967,6972,0.0,0.0,5.7009997,12.2560005,9.208,3.885,1.634,0.0,LO
6968,698,0.0,0.0,7.952,36.95,14.43,8.902,2.119,0.0,LO
6968,719,0.0,0.0,0.0,12.024,5.364,1.841,0.35999998,0.0,LO
6968,6814,0.0,0.0,0.341,2.524,0.539,1.0139999,0.314,0.0,LO
6968,6867,0.0,0.0,1.283,14.412,6.093,4.308,0.011,0.0,LO
6968,6913,0.0,0.0,0.595,6.166,2.777,1.952,0.001,0.0,LO
6968,6934,0.0,0.0,1.337,14.141,3.365,1.926,0.091,0.0,LO
6968,6941,0.0,0.0,2.579,38.521,10.628,10.235,2.951,0.0,LO
6968,6947,0.0,0.0,1.069,12.608,6.445,4.615,1.185,0.0,LO
6968,6949,0.0,0.0,0.981,6.677,2.589,2.192,0.541,0.0,LO
6968,6952,0.0,0.0,0.37600002,7.85,5.987,3.623,3.227,0.0,LO
6968,6956,0.0,0.0,3.582,4.6610003,5.052,3.595,1.6439999,0.0,LO
6968,6958,0.0,0.0,1.082,14.023,6.5959997,2.115,1.12,0.0,LO
6968,6959,0.0,0.0,2.195,26.272,10.083,10.1310005,1.5619999,0.0,LO
6968,6961,0.0,0.0,0.82500005,33.71,12.9470005,13.934,1.3199999,0.0,LO
6968,6962,0.0,0.0,1.713,60.73,16.769001,18.216,2.004,0.0,LO
6968,6965,0.0,0.0,14.464,73.508,21.395,15.083,7.193,0.0,LO
6968,6966,0.0,0.0,2.905,53.264,18.238,9.472,1.687,0.0,LO
6968,6967,0.0,0.0,0.219,4.162,2.134,1.03,0.565,0.0,LO
6968,6972,0.0,0.0,2.8830001,25.397,12.695,6.9830003,1.949,0.0,LO
6968,6978,0.0,0.0,0.018,3.023,0.176,0.699,0.0,0.0,LO
6972,514,0.0,0.0,0.56,3.308,1.359,1.317,0.046,0.0,LO
6972,698,0.0,0.0,140.176,448.634,191.736,104.743004,18.195,0.0,LO
6972,719,0.0,0.0,0.0,20.63,7.762,2.52,0.349,0.0,LO
6972,766,0.0,0.0,0.063,0.176,0.11,0.237,0.0,0.0,LO
6972,1413,0.0,0.0,0.047000002,0.216,0.058,0.314,0.0,0.0,LO
6972,1440,0.0,0.0,0.124000005,0.527,0.246,0.254,0.0,0.0,LO
6972,1445,0.0,0.0,0.092,0.119,0.224,0.269,0.0,0.0,LO
6972,6814,0.0,0.0,1.206,6.434,1.49,1.104,0.21200001,0.0,LO
6972,6867,0.0,0.0,5.912,20.103,15.501,6.252,1.987,0.0,LO
6972,6913,0.0,0.0,2.466,9.792,4.935,3.9,0.276,0.0,LO
6972,6934,0.0,0.0,6.651,29.243,10.589,6.3450003,1.3510001,0.0,LO
6972,6941,0.0,0.0,0.873,5.258,2.63,1.295,0.684,0.0,LO
6972,6947,0.0,0.0,3.299,21.361,5.896,4.544,0.874,0.0,LO
6972,6949,0.0,0.0,5.818,11.278,7.435,5.501,0.591,0.0,LO
6972,6952,0.0,0.0,2.678,19.123001,12.005,5.223,0.943,0.0,LO
6972,6956,0.0,0.0,0.6,1.313,1.521,0.913,0.038,0.0,LO
6972,6958,0.0,0.0,1.5680001,12.012,6.515,2.194,0.23900001,0.0,LO
6972,6959,0.0,0.0,13.503,53.886,17.765,9.444,2.844,0.0,LO
6972,6961,0.0,0.0,3.611,26.953001,10.473,4.209,4.709,0.0,LO
6972,6962,0.0,0.0,3.385,38.063,18.486,6.462,3.1790001,0.0,LO
6972,6965,0.0,0.0,44.092,111.445,57.979,47.683,20.677,0.0,LO
6972,6966,0.0,0.0,2.008,22.385,10.556,5.93,1.299,0.0,LO
6972,6967,0.0,0.0,2.647,8.92,5.802,4.249,0.241,0.0,LO
6972,6968,0.0,0.0,5.675,17.935,8.182,6.337,1.204,0.0,LO
6972,6978,0.0,0.0,0.112,2.458,1.133,0.62,0.0,0.0,LO
6972,6979,0.0,0.0,0.0,1.026,0.602,1.132,0.152,0.0,LO
6973,742,0.0,0.0,3.983,34.079,12.926001,4.457,0.759,0.0,LO
6973,1429,0.0,0.0,0.0,1.086,0.854,0.646,0.0,0.0,LO
6973,1440,0.0,0.0,0.22,2.383,0.35099998,0.141,0.0,0.0,LO
6973,6867,0.0,0.014,8.672,59.478,20.613,6.467,1.116,0.0,LO
6973,6914,0.0,0.0,3.42,42.292,3.656,2.983,0.482,0.0,LO
6973,6919,0.0,0.0,3.105,29.744,12.409,5.196,0.531,0.0,LO
6973,6926,0.0,0.0,19.388,69.796,26.781,8.255,0.297,0.0,LO
6973,6934,0.0,0.0,0.0,1.419,0.186,0.0,0.178,0.0,LO
6973,6954,0.0,0.0,2.238,38.269,20.861,6.022,2.208,0.0,LO
6973,6961,0.0,0.0,7.712,63.59,20.228,9.282,3.473,0.0,LO
6973,6962,0.0,0.0,0.26,6.414,2.247,0.537,0.0,0.0,LO
6973,6965,0.0,9.188,75.424,226.514,62.701,21.25,3.833,0.0,LO
6973,6966,0.0,0.0,1.13,5.864,3.446,1.453,0.0,0.0,LO
6973,6978,0.0,0.0,0.142,3.335,0.588,0.482,0.0,0.0,LO
6973,6979,0.0,0.0,0.218,2.243,1.7739999,1.217,0.0,0.0,LO
6977,591,0.0,0.0,0.613,11.148,6.197,5.417,1.16,0.0,LO
6977,596,0.0,0.0,0.0,1.036,0.454,1.225,0.021,0.0,LO
6977,597,0.0,0.0,0.0,1.234,0.532,1.238,0.009,0.0,LO
6977,603,0.0,0.0,124.0,1388.272,647.26,244.206,54.048,0.0,LO
6977,618,0.0,0.0,2.3370001,18.519001,6.182,2.623,0.13700001,0.0,LO
6977,621,0.0,0.0,0.603,19.235,2.635,0.829,0.103,0.0,LO
6977,659,0.0,0.0,0.255,0.651,0.514,0.127,0.0,0.0,LO
6977,680,0.0,0.0,0.060000002,0.182,0.236,0.187,0.007,0.0,LO
6977,686,0.0,0.0,2.884,64.228,18.652,8.892,3.3869998,0.0,LO
6977,717,0.0,0.0,0.212,1.16,0.85,0.47,0.075,0.0,LO
6977,719,0.0,0.0,38.131,1303.158,574.607,243.897,56.170002,0.0,LO
6977,751,0.0,0.0,0.115,2.835,3.013,0.63,0.066,0.0,LO
6977,755,0.0,0.0,1.035,14.821,8.451,3.692,0.30200002,0.0,LO
6977,763,0.0,0.0,0.086,3.034,0.343,0.643,0.0,0.0,LO
6977,766,0.0,0.0,3.699,35.966,18.01,9.436,3.509,0.0,LO
6977,788,0.0,0.0,1.034,6.496,3.287,2.414,0.386,0.0,LO
6977,1022,0.0,0.0,0.0,1.446,1.003,0.717,0.0,0.0,LO
6977,1023,0.0,0.0,0.573,2.349,1.75,0.585,0.0,0.0,LO
6977,1024,0.0,0.0,0.234,13.475,5.047,1.035,0.0,0.0,LO
6977,1039,0.0,0.0,0.205,3.027,0.276,0.229,0.0,0.0,LO
6977,1082,0.0,0.0,1.056,2.243,1.774,0.839,0.194,0.0,LO
6977,1083,0.0,0.0,0.037,1.108,0.481,0.25,0.21700001,0.0,LO
6977,1085,0.0,0.0,0.0,1.181,1.597,0.599,0.214,0.0,LO
6977,1402,0.0,0.0,1.017,5.103,1.131,1.454,0.115,0.0,LO
6977,1404,0.0,0.0,0.352,10.689,5.308,5.733,0.871,0.0,LO
6977,1409,0.0,0.0,1.825,45.868,14.623,7.235,2.446,0.0,LO
6977,1413,0.0,0.0,3.03,100.644,19.203,12.499,3.747,0.0,LO
6977,1421,0.0,0.0,7.526,78.409,39.239,22.738,5.13,0.0,LO
6977,1429,0.0,0.0,1.599,56.119,27.006,13.481,1.7260001,0.0,LO
6977,1437,0.0,0.0,1.817,36.025,23.083,8.798,4.865,0.0,LO
6977,1438,0.0,0.0,0.716,14.361,11.842,3.882,1.128,0.0,LO
6977,1439,0.0,0.0,2.807,38.697998,20.943,9.884,1.982,0.0,LO
6977,1440,0.0,0.0,16.832,207.972,97.1,44.363,12.819,0.0,LO
6977,1441,0.0,0.0,0.872,30.387,26.482,13.966,2.272,0.0,LO
6977,1445,0.0,0.0,3.677,46.851,20.653,9.631,2.415,0.0,LO
6977,1448,0.0,0.0,2.036,26.767,14.281,9.332,6.688,0.0,LO
6977,1449,0.0,0.0,3.196,25.604,14.267,5.269,0.889,0.0,LO
6977,1452,0.0,0.0,0.88,10.387,6.351,1.494,0.0,0.0,LO
6977,1455,0.0,0.0,0.236,0.555,2.265,0.0,0.0,0.0,LO
6977,1524,0.0,0.0,0.0,1.123,1.696,0.34600002,0.0,0.0,LO
6977,5150,0.0,0.0,0.0,1.668,0.238,0.401,0.0,0.0,LO
6977,5345,0.0,0.0,0.538,4.266,5.072,2.493,1.4719999,0.0,LO
6977,5356,0.0,0.0,0.002,2.547,3.599,0.95600003,0.294,0.0,LO
6977,5362,0.0,0.0,0.196,2.075,1.914,1.1899999,0.453,0.0,LO
6977,5376,0.0,0.0,0.393,1.105,0.598,0.357,0.401,0.0,LO
6977,5404,0.0,0.0,0.0,2.504,3.058,0.682,0.0,0.0,LO
6977,5411,0.0,0.0,0.464,3.238,2.066,0.0,0.263,0.0,LO
6977,5418,0.0,0.0,0.0,2.129,0.758,1.162,0.0,0.0,LO
6977,5421,0.0,0.0,0.762,3.227,1.549,1.3149999,0.424,0.0,LO
6977,5423,0.0,0.0,0.0,7.06,4.81,1.262,0.31,0.0,LO
6977,5424,0.0,0.0,0.104,2.672,1.494,1.673,0.0,0.0,LO
6977,5437,0.0,0.0,0.0,2.051,0.668,0.665,0.416,0.0,LO
6977,5595,0.0,0.0,3.868,42.205,24.544,10.383,2.1890001,0.0,LO
6977,6977,0.0,0.0,0.060999997,1.446,0.999,0.546,0.0,0.0,LO
6977,6978,0.0,0.0,1.2179999,80.492,25.818,18.181,9.42,0.0,LO
6977,6979,0.0,0.0,0.09,29.061,16.993,10.718,2.387,0.0,LO
6977,9586,0.0,0.0,0.174,4.87,2.731,1.357,0.148,0.0,LO
6977,9587,0.0,0.0,0.775,27.798,16.460001,10.295,1.143,0.0,LO
6978,591,0.0,0.0,0.266,3.737,2.118,2.157,0.853,0.0,LO
6978,603,0.0,0.0,54.738,437.18,170.732,121.421,30.98,0.0,LO
6978,618,0.0,0.0,0.377,5.087,0.892,1.0040001,0.04,0.0,LO
6978,621,0.0,0.0,0.085999995,3.688,0.997,0.392,0.0,0.0,LO
6978,686,0.0,0.0,0.944,14.348,4.053,5.847,0.62,0.0,LO
6978,719,0.0,0.0,11.085,391.767,132.58,103.503,70.915,0.0,LO
6978,742,0.0,0.0,0.072,1.454,0.536,0.31800002,0.104,0.0,LO
6978,755,0.0,0.0,0.11,4.049,2.899,0.869,0.252,0.0,LO
6978,763,0.0,0.0,0.0,1.976,0.665,0.898,0.277,0.0,LO
6978,766,0.0,0.0,0.839,6.488,2.8470001,2.459,0.847,0.0,LO
6978,788,0.0,0.0,0.28399998,0.103,0.0,0.28100002,0.145,0.0,LO
6978,1022,0.0,0.0,0.787,2.7,1.833,2.12,0.74300003,0.0,LO
6978,1023,0.0,0.0,0.299,8.52,1.33,2.198,0.93399996,0.0,LO
6978,1024,0.0,0.0,0.688,16.423,5.18,3.672,0.49,0.0,LO
6978,1039,0.0,0.0,0.0,0.739,0.385,0.38,0.196,0.0,LO
6978,1082,0.0,0.0,0.124000005,1.363,1.049,1.016,0.037,0.0,LO
6978,1083,0.0,0.0,0.0,0.344,0.235,0.274,0.127,0.0,LO
6978,1085,0.0,0.0,0.0,1.528,0.685,0.774,0.0,0.0,LO
6978,1402,0.0,0.0,0.897,2.179,0.778,0.81200004,0.003,0.0,LO
6978,1404,0.0,0.0,0.096,2.274,1.355,1.984,1.32,0.0,LO
6978,1409,0.0,0.0,0.367,12.513,3.359,4.199,1.414,0.0,LO
6978,1413,0.0,0.0,0.433,26.125,5.397,3.997,2.391,0.0,LO
6978,1421,0.0,0.0,1.93,20.231,9.523,10.849,2.091,0.0,LO
6978,1429,0.0,0.0,2.257,79.817,41.643,36.063,12.022,0.0,LO
6978,1434,0.0,0.0,0.0,0.771,0.349,0.80799997,0.0,0.0,LO
6978,1437,0.0,0.0,0.495,7.824,5.001,2.359,1.2310001,0.0,LO
6978,1438,0.0,0.0,0.522,2.306,1.919,0.935,0.632,0.0,LO
6978,1439,0.0,0.0,1.1570001,15.676,3.697,4.9,0.953,0.0,LO
6978,1440,0.0,0.0,5.788,65.177,23.063,19.539999,5.19,0.0,LO
6978,1441,0.0,0.0,0.771,25.302,13.6050005,9.924,2.793,0.0,LO
6978,1445,0.0,0.0,1.39,10.332,4.324,2.929,0.827,0.0,LO
6978,1448,0.0,0.0,0.19,5.682,2.689,3.18,0.914,0.0,LO
6978,1449,0.0,0.0,1.341,8.447,2.833,2.056,0.418,0.0,LO
6978,1452,0.0,0.0,0.919,5.96,2.098,3.907,1.125,0.0,LO
6978,1524,0.0,0.0,0.0,1.4480001,1.347,0.825,0.0,0.0,LO
6978,5150,0.0,0.0,0.0,1.171,0.121,0.396,0.0,0.0,LO
6978,5345,0.0,0.0,0.434,3.45,1.768,2.475,0.189,0.0,LO
6978,5356,0.0,0.0,0.517,1.011,0.873,0.406,0.622,0.0,LO
6978,5362,0.0,0.0,0.337,0.538,0.552,0.245,0.0,0.0,LO
6978,5404,0.0,0.0,0.423,2.055,0.785,1.0320001,0.332,0.0,LO
6978,5418,0.0,0.0,0.0,1.075,0.608,0.067,0.824,0.0,LO
6978,5421,0.0,0.0,0.0,2.276,1.363,1.132,0.367,0.0,LO
6978,5423,0.0,0.0,0.176,4.077,1.512,1.7080001,0.367,0.0,LO
6978,5424,0.0,0.0,0.157,2.265,0.81,1.345,0.5,0.0,LO
6978,5437,0.0,0.0,0.0,0.81,0.848,0.86,0.28,0.0,LO
6978,5595,0.0,0.0,1.766,11.207,6.607,3.945,1.3019999,0.0,LO
6978,6913,0.0,0.0,0.001,0.855,0.356,0.666,0.481,0.0,LO
6978,6914,0.0,0.0,0.0,1.13,0.322,0.372,0.0,0.0,LO
6978,6919,0.0,0.0,0.0,1.289,0.33,0.778,0.25,0.0,LO
6978,6926,0.0,0.0,0.0,0.583,0.737,1.261,0.008,0.0,LO
6978,6934,0.0,0.0,0.0,3.532,1.644,1.376,0.001,0.0,LO
6978,6941,0.0,0.0,0.0,1.197,0.36,0.15,0.592,0.0,LO
6978,6954,0.0,0.0,0.0,1.186,1.132,0.641,0.003,0.0,LO
6978,6956,0.0,0.0,0.19,0.84000003,0.336,0.452,0.191,0.0,LO
6978,6958,0.0,0.0,0.0,1.7229999,1.043,0.401,0.0,0.0,LO
6978,6965,0.0,0.0,0.168,0.0,0.0,0.0,0.0,0.0,LO
6978,6966,0.0,0.0,0.0,1.071,0.949,0.0,0.0,0.0,LO
6978,6968,0.0,0.0,0.0,2.928,1.154,0.882,0.0,0.0,LO
6978,6972,0.0,0.0,0.0,0.68,0.841,1.173,0.675,0.0,LO
6978,6973,0.0,0.0,0.0,1.051,0.843,0.342,0.48,0.0,LO
6978,6977,0.0,0.0,1.183,61.397,28.735,24.384,5.943,0.0,LO
6978,6979,0.0,0.0,0.44799998,18.069,7.848,7.242,3.418,0.0,LO
6978,9586,0.0,0.0,0.0,0.501,1.104,0.774,0.029,0.0,LO
6978,9587,0.0,0.0,0.47300002,6.866,4.682,3.979,0.239,0.0,LO
6979,591,0.0,0.0,1.1899999,8.214,4.339,2.8470001,0.37,0.0,LO
6979,596,0.0,0.0,0.514,4.071,0.906,0.637,0.004,0.0,LO
6979,597,0.0,0.0,0.298,0.955,0.298,0.588,0.029,0.0,LO
6979,603,0.0,0.0,127.087,1026.939,403.671,227.281,28.229,0.0,LO
6979,618,0.0,0.0,1.028,9.5,1.152,1.241,0.076000005,0.0,LO
6979,620,0.0,0.0,0.036,0.305,0.456,0.159,0.0,0.0,LO
6979,621,0.0,0.0,0.31,11.0199995,0.811,0.085,0.213,0.0,LO
6979,659,0.0,0.0,0.0,1.8299999,0.181,0.366,0.006,0.0,LO
6979,686,0.0,0.0,3.016,27.657,10.595,6.706,0.62,0.0,LO
6979,717,0.0,0.0,0.048,0.816,0.233,0.748,0.015,0.0,LO
6979,719,0.0,0.0,35.443,832.343,339.478,223.17,32.095,0.0,LO
6979,742,0.0,0.0,0.119,1.316,0.689,0.571,0.094,0.0,LO
6979,751,0.0,0.0,0.0,4.019,0.648,1.165,0.056,0.0,LO
6979,755,0.0,0.0,1.336,8.226,3.986,1.94,0.045,0.0,LO
6979,763,0.0,0.0,0.21,2.621,2.947,1.057,0.0,0.0,LO
6979,766,0.0,0.0,5.625,26.574,10.816,8.766,0.801,0.0,LO
6979,788,0.0,0.0,0.189,4.563,2.696,2.329,0.42700002,0.0,LO
6979,1022,0.0,0.0,0.145,1.715,1.7049999,2.195,0.199,0.0,LO
6979,1023,0.0,0.0,0.449,3.879,1.61,0.22,0.0,0.0,LO
6979,1024,0.0,0.0,1.155,21.601,4.819,2.216,0.165,0.0,LO
6979,1039,0.0,0.0,0.0,2.422,0.859,1.643,0.0,0.0,LO
6979,1082,0.0,0.0,1.147,3.3700001,2.033,2.402,0.13599999,0.0,LO
6979,1083,0.0,0.0,0.043,1.09,0.275,0.983,0.103,0.0,LO
6979,1085,0.0,0.0,0.0,2.081,1.323,0.29,0.181,0.0,LO
6979,1402,0.0,0.0,0.438,3.611,2.187,0.42000002,0.0,0.0,LO
6979,1404,0.0,0.0,0.328,11.206,3.232,2.708,0.008,0.0,LO
6979,1409,0.0,0.0,1.223,23.471,6.531,4.48,0.28,0.0,LO
6979,1413,0.0,0.0,0.992,46.245,7.2,3.787,0.765,0.0,LO
6979,1421,0.0,0.0,4.828,37.361,15.596,12.651,0.414,0.0,LO
6979,1429,0.0,0.0,5.781,140.40399,54.697998,39.652,4.473,0.0,LO
6979,1437,0.0,0.0,1.664,15.256,9.543,5.315,0.261,0.0,LO
6979,1438,0.0,0.0,0.818,5.508,3.304,1.799,2.054,0.0,LO
6979,1439,0.0,0.0,3.016,23.7,8.961,9.249,0.932,0.0,LO
6979,1440,0.0,0.0,11.783,134.277,48.161,30.916,3.633,0.0,LO
6979,1441,0.0,0.0,0.699,31.171,19.387,12.061,1.699,0.0,LO
6979,1445,0.0,0.0,3.039,25.406,7.498,4.59,0.501,0.0,LO
6979,1448,0.0,0.0,0.389,13.225,5.355,5.919,1.3330001,0.0,LO
6979,1449,0.0,0.0,1.106,13.367,6.368,4.079,0.442,0.0,LO
6979,1452,0.0,0.0,3.295,3.597,3.929,5.302,0.076000005,0.0,LO
6979,1524,0.0,0.0,0.0,6.015,1.0500001,1.771,0.257,0.0,LO
6979,5150,0.0,0.0,0.0,2.047,0.499,0.228,0.083000004,0.0,LO
6979,5345,0.0,0.0,1.466,6.989,4.049,6.866,0.486,0.0,LO
6979,5356,0.0,0.0,0.0,1.591,1.84,1.034,0.0,0.0,LO
6979,5362,0.0,0.0,0.391,3.1,1.934,1.955,0.0,0.0,LO
6979,5376,0.0,0.0,0.36900002,0.924,0.761,0.564,0.0,0.0,LO
6979,5404,0.0,0.0,0.0,3.629,3.596,2.173,1.002,0.0,LO
6979,5411,0.0,0.0,0.654,3.718,2.636,2.563,0.0,0.0,LO
6979,5418,0.0,0.0,0.0,1.874,2.081,2.142,0.012,0.0,LO
6979,5421,0.0,0.0,0.344,5.6019998,2.963,0.67800003,0.165,0.0,LO
6979,5423,0.0,0.0,0.61300004,9.512,6.078,3.211,0.594,0.0,LO
6979,5424,0.0,0.0,0.121,2.511,2.476,2.036,0.159,0.0,LO
6979,5437,0.0,0.0,0.0,1.604,1.367,1.158,0.493,0.0,LO
6979,5595,0.0,0.0,2.681,23.582,9.279,6.945,0.863,0.0,LO
6979,6814,0.0,0.0,0.0,0.262,0.045,0.066,0.001,0.0,LO
6979,6934,0.0,0.0,0.0,1.031,0.939,0.772,0.003,0.0,LO
6979,6941,0.0,0.0,0.488,3.016,1.373,0.672,0.124,0.0,LO
6979,6947,0.0,0.0,0.005,1.284,0.647,0.515,0.17,0.0,LO
6979,6952,0.0,0.0,0.004,0.905,0.544,0.456,0.036000002,0.0,LO
6979,6954,0.0,0.0,0.0,3.248,0.799,0.52,0.0,0.0,LO
6979,6956,0.0,0.0,0.465,0.71,0.663,0.394,0.113000005,0.0,LO
6979,6958,0.0,0.0,0.758,3.736,1.261,0.565,0.119,0.0,LO
6979,6959,0.0,0.0,0.171,0.845,0.865,0.251,0.002,0.0,LO
6979,6961,0.0,0.0,0.171,1.877,0.673,0.0,0.0,0.0,LO
6979,6965,0.0,0.0,0.588,0.806,0.245,0.063,0.0,0.0,LO
6979,6972,0.0,0.0,0.0,1.834,1.742,1.75,0.0,0.0,LO
6979,6973,0.0,0.0,0.122,1.055,1.07,0.43,0.002,0.0,LO
6979,6977,0.0,0.0,1.156,36.238,10.927,8.707,1.108,0.0,LO
6979,6978,0.0,0.0,0.137,20.189,5.1809998,7.176,2.69,0.0,LO
6979,9586,0.0,0.0,0.0,1.658,1.39,1.562,0.165,0.0,LO
6979,9587,0.0,0.0,1.475,15.296,10.423,4.989,0.119,0.0,LO
7401,514,0.0,0.0,36.124,135.908,85.782,70.773,12.32,0.0,LO
7401,522,0.0,0.0,3.157,31.221,20.097,16.338,3.2159998,0.0,LO
7401,591,0.0,0.0,0.0,1.074,0.646,0.906,0.1,0.0,LO
7401,618,0.0,0.0,0.122,2.013,0.83100003,0.283,0.0,0.0,LO
7401,621,0.0,0.0,0.07,3.529,0.619,0.62,0.016,0.0,LO
7401,686,0.0,0.0,0.0,6.381,4.288,2.4160001,0.0,0.0,LO
7401,719,0.0,0.0,0.071,0.428,0.17999999,0.026,0.0,0.0,LO
7401,766,0.0,0.0,0.34399998,3.536,3.63,2.971,0.291,0.0,LO
7401,1404,0.0,0.0,0.0,1.602,1.345,0.778,0.056,0.0,LO
7401,1409,0.0,0.0,3.313,82.234,27.248,14.519,4.592,0.0,LO
7401,1413,0.0,0.0,0.234,13.321,5.124,1.932,0.053,0.0,LO
7401,1421,0.0,0.0,0.492,12.791,7.187,7.06,1.3570001,0.0,LO
7401,1437,0.0,0.0,0.356,8.623,6.38,4.649,0.302,0.0,LO
7401,1438,0.0,0.0,0.0,2.678,2.298,1.153,0.289,0.0,LO
7401,1440,0.0,0.0,0.236,3.529,2.326,0.075,0.0,0.0,LO
7401,1445,0.0,0.0,0.399,8.738,4.2790003,1.249,0.024,0.0,LO
7401,1448,0.0,0.0,0.17,4.733,3.152,4.417,0.29,0.0,LO
7401,1449,0.0,0.0,0.139,2.531,1.016,0.49,0.056,0.0,LO
7401,1524,0.0,0.0,4.431,77.147,41.582,23.823,6.935,0.0,LO
7401,6914,0.0,0.0,0.059,3.136,1.92,0.0,0.0,0.0,LO
7401,7402,0.0,0.0,2.914,41.872,43.793,28.800001,5.153,0.0,LO
7401,7403,0.0,0.0,2.475,39.71,24.859,17.052,4.328,0.0,LO
7401,7404,0.0,0.0,2.553,20.864,17.215,7.397,1.5730001,0.0,LO
7401,7406,0.0,0.0,1.225,42.482,31.255,13.029,1.9860001,0.0,LO
7401,7407,0.0,0.0,13.844,67.517,37.779,24.437,3.075,0.0,LO
7401,7408,0.0,0.0,1.449,34.525,23.861,15.500999,3.181,0.0,LO
7401,7467,0.0,0.0,3.754,25.205,26.929,21.987999,1.944,0.0,LO
7401,9587,0.0,0.0,0.209,1.869,2.269,0.71900004,0.0,0.0,LO
7402,514,0.0,0.0,21.465,150.3,77.908,44.25,17.218,0.0,LO
7402,522,0.0,0.0,18.718,142.857,48.014,17.88,2.487,0.0,LO
7402,686,0.0,0.0,0.0,1.778,0.549,0.575,0.0,0.0,LO
7402,766,0.0,0.0,0.334,1.301,1.322,0.497,0.0,0.0,LO
7402,1404,0.0,0.0,0.0,1.229,0.34,0.0,0.0,0.0,LO
7402,1409,0.0,0.0,1.366,30.411,3.898,2.896,1.19,0.0,LO
7402,1413,0.0,0.0,0.513,4.892,2.535,0.982,0.0,0.0,LO
7402,1421,0.0,0.0,0.64,4.035,1.909,0.597,0.0,0.0,LO
7402,1437,0.0,0.0,0.121,2.229,1.067,0.343,0.0,0.0,LO
7402,1438,0.0,0.0,0.481,3.685,1.076,0.0,0.0,0.0,LO
7402,1440,0.0,0.0,0.077,2.466,0.363,0.0,0.045,0.0,LO
7402,1445,0.0,0.0,0.625,3.455,0.6,0.205,0.0,0.0,LO
7402,1448,0.0,0.0,0.0,2.455,1.105,0.855,0.0,0.0,LO
7402,1449,0.0,0.0,0.163,0.66400003,0.256,0.036,0.0,0.0,LO
7402,1524,0.0,0.0,5.027,32.839,19.579,10.506,3.8049998,0.0,LO
7402,5595,0.0,0.0,0.0,0.842,0.46,0.0,0.0,0.0,LO
7402,6941,0.0,0.0,0.0,0.906,0.576,0.755,0.0,0.0,LO
7402,6956,0.0,0.0,0.0,0.311,0.0,0.306,0.0,0.0,LO
7402,7401,0.0,0.0,7.0889997,68.708,31.142,15.3029995,3.082,0.0,LO
7402,7403,0.0,0.0,1.446,25.94,9.295,4.448,2.226,0.0,LO
7402,7404,0.0,0.0,4.908,47.403,15.034,8.625,4.473,0.0,LO
7402,7406,0.0,0.0,4.337,29.179,9.746,9.632,0.767,0.0,LO
7402,7407,0.0,0.0,0.954,25.937,8.1380005,5.667,3.581,0.0,LO
7402,7408,0.0,0.0,1.918,33.04,16.582,8.313,3.129,0.0,LO
7402,7467,0.0,0.0,1.859,22.646,12.485,7.085,1.633,0.0,LO
7403,514,0.0,0.0,6.3719997,68.806,29.703,22.876,6.2660003,0.0,LO
7403,522,0.0,0.0,15.14,89.544,37.486,19.947,3.559,0.0,LO
7403,766,0.0,0.0,0.0,1.232,0.72900003,0.0,0.0,0.0,LO
7403,1409,0.0,0.0,0.91999996,12.587,3.233,0.954,1.514,0.0,LO
7403,1413,0.0,0.0,0.227,3.246,0.469,0.0,0.0,0.0,LO
7403,1421,0.0,0.0,0.0,3.357,0.459,0.416,0.0,0.0,LO
7403,1440,0.0,0.0,0.0,1.003,0.121,0.037,0.0,0.0,LO
7403,1445,0.0,0.0,0.56,2.53,0.266,0.495,0.0,0.0,LO
7403,1449,0.0,0.0,0.072,0.445,0.14500001,0.024999999,0.0,0.0,LO
7403,1524,0.0,0.0,1.932,25.07,7.305,4.635,1.778,0.0,LO
7403,6941,0.0,0.0,0.0,1.379,0.633,0.666,0.222,0.0,LO
7403,6956,0.0,0.0,0.05,0.194,0.109000005,0.113,0.0,0.0,LO
7403,7401,0.0,0.0,3.575,54.804,22.326,19.668001,5.376,0.0,LO
7403,7402,0.0,0.0,1.952,28.373001,10.164,3.6169999,0.847,0.0,LO
7403,7404,0.0,0.0,2.465,37.043,19.364,12.088,5.894,0.0,LO
7403,7406,0.0,0.0,2.3600001,17.454,9.102,6.896,0.91999996,0.0,LO
7403,7407,0.0,0.0,10.077,93.770004,31.586,14.488,1.1899999,0.0,LO
7403,7408,0.0,0.0,0.519,13.536,7.019,3.06,0.639,0.0,LO
7403,7467,0.0,0.0,1.605,8.97,4.322,1.965,0.261,0.0,LO
7404,514,0.0,0.0,31.980999,168.98,118.393,74.972,14.271999,0.0,LO
7404,522,0.0,0.0,0.536,4.557,2.637,1.355,0.324,0.0,LO
7404,596,0.0,0.0,0.076000005,0.0,0.0,0.007,0.0,0.0,LO
7404,719,0.0,0.0,0.0,0.015000001,0.0,0.0,0.022,0.0,LO
7404,766,0.0,0.0,0.155,4.599,3.366,1.265,0.315,0.0,LO
7404,1404,0.0,0.0,0.0,1.996,1.129,0.0,0.0,0.0,LO
7404,1409,0.0,0.0,1.606,43.845,11.43,4.341,2.166,0.0,LO
7404,1413,0.0,0.0,0.033,6.366,1.283,0.53499997,0.0,0.0,LO
7404,1421,0.0,0.0,0.07,4.6480002,3.819,1.552,0.19,0.0,LO
7404,1437,0.0,0.0,0.156,2.838,2.884,0.41099998,0.077,0.0,LO
7404,1438,0.0,0.0,0.0,1.482,1.212,0.838,0.464,0.0,LO
7404,1445,0.0,0.0,0.192,3.275,1.167,0.433,0.0,0.0,LO
7404,1448,0.0,0.0,0.0,2.331,2.051,0.537,0.0,0.0,LO
7404,1449,0.0,0.0,0.801,0.938,0.289,0.0,0.0,0.0,LO
7404,1524,0.0,0.0,3.391,38.852,20.532,16.155,3.182,0.0,LO
7404,7401,0.0,0.0,0.295,32.87,11.751,6.921,0.443,0.0,LO
7404,7402,0.0,0.0,2.134,37.86,25.355,14.597,5.403,0.0,LO
7404,7403,0.0,0.0,2.299,41.523,19.59,8.255,6.578,0.0,LO
7404,7406,0.0,0.0,1.279,13.4800005,11.399,6.98,0.65000004,0.0,LO
7404,7407,0.0,0.0,0.0,21.469,14.4470005,5.508,0.0,0.0,LO
7404,7408,0.0,0.0,3.597,43.086,30.168,18.301,4.692,0.0,LO
7404,7467,0.0,0.0,5.1280003,38.315998,22.24,14.871,8.966,0.0,LO
7404,9587,0.0,0.0,0.0,3.165,0.447,0.827,0.0,0.0,LO
7406,514,0.0,0.0,4.408,39.764,20.803,20.565,11.993,0.0,LO
7406,522,0.0,0.0,1.155,13.003,11.494,6.986,2.951,0.0,LO
7406,591,0.0,0.0,0.0,2.2450001,0.78000003,0.271,0.0,0.0,LO
7406,618,0.0,0.0,0.174,1.266,0.79,0.0,0.0,0.0,LO
7406,621,0.0,0.0,0.516,5.068,1.554,0.195,0.0,0.0,LO
7406,686,0.0,0.0,0.588,9.043,2.266,1.738,0.0,0.0,LO
7406,719,0.0,0.0,0.171,1.819,0.5,0.043,0.203,0.0,LO
7406,766,0.0,0.0,0.376,2.69,1.109,1.323,0.398,0.0,LO
7406,1404,0.0,0.0,0.109,1.838,1.828,1.368,0.0,0.0,LO
7406,1409,0.0,0.0,2.2519999,56.961,12.682,5.444,4.135,0.0,LO
7406,1413,0.0,0.0,0.288,11.745,1.322,1.428,0.001,0.0,LO
7406,1421,0.0,0.0,0.252,12.422,9.759,2.887,1.327,0.0,LO
7406,1437,0.0,0.0,0.0,3.034,2.649,1.102,0.49400002,0.0,LO
7406,1438,0.0,0.0,0.666,2.053,2.823,0.856,0.523,0.0,LO
7406,1440,0.0,0.0,0.006,3.336,0.35500002,0.26,0.0,0.0,LO
7406,1445,0.0,0.0,0.56700003,10.426,2.142,1.036,0.002,0.0,LO
7406,1448,0.0,0.0,0.26,5.162,3.099,0.994,0.51,0.0,LO
7406,1449,0.0,0.0,0.031000001,3.032,0.988,0.182,0.003,0.0,LO
7406,1524,0.0,0.0,1.381,9.187,5.526,4.8710003,0.0,0.0,LO
7406,6962,0.0,0.0,0.0,0.941,0.247,0.32,0.0,0.0,LO
7406,7401,0.0,0.0,2.56,52.612,17.76,10.027,3.921,0.0,LO
7406,7402,0.0,0.0,0.349,15.565001,20.13,11.381,3.405,0.0,LO
7406,7403,0.0,0.0,0.321,12.048,11.364,9.148,1.662,0.0,LO
7406,7404,0.0,0.0,2.4789999,17.604,9.887,7.453,1.202,0.0,LO
7406,7407,0.0,0.0,6.652,42.006,22.785,11.958,3.695,0.0,LO
7406,7408,0.0,0.0,0.53,12.4869995,9.489,5.705,3.007,0.0,LO
7406,7467,0.0,0.0,0.364,8.277,6.9049997,3.678,5.011,0.0,LO
7406,9587,0.0,0.0,0.104,6.313,1.276,0.99,0.0,0.0,LO
7407,514,0.0,0.0,67.869,250.727,146.783,91.927,44.872,0.0,LO
7407,522,0.0,0.0,9.514,14.573,3.995,0.752,0.617,0.0,LO
7407,1409,0.0,0.0,4.537,81.663,16.122,4.582,3.0310001,0.0,LO
7407,1413,0.0,0.0,0.0,9.561,2.427,0.667,0.0,0.0,LO
7407,1421,0.0,0.0,1.2390001,9.881,1.166,5.987,0.0,0.0,LO
7407,1437,0.0,0.0,0.0,3.346,1.682,0.994,0.709,0.0,LO
7407,1445,0.0,0.0,0.543,3.32,2.48,0.884,0.0,0.0,LO
7407,1448,0.0,0.0,0.788,3.776,1.033,0.0,0.0,0.0,LO
7407,1524,0.0,0.0,8.891,69.178,33.207,14.823,4.741,0.0,LO
7407,7401,0.0,0.0,3.448,71.832,46.993,18.138,12.412,0.0,LO
7407,7402,0.0,0.0,3.9819999,18.559,11.601,4.322,0.0,0.0,LO
7407,7403,0.0,0.0,6.382,59.647,31.166,19.521,5.22,0.0,LO
7407,7404,0.0,0.0,3.587,18.144,7.9,2.582,0.0,0.0,LO
7407,7406,0.0,0.0,1.078,40.944,22.391,14.882,1.429,0.0,LO
7407,7408,0.0,0.0,3.612,76.313,32.427002,19.315,5.921,0.0,LO
7407,7467,0.0,0.0,4.342,61.408,32.555,18.443,4.639,0.0,LO
7408,514,0.0,0.0,8.742,98.902,47.688,22.704,3.147,0.0,LO
7408,522,0.0,0.0,15.962,103.039,52.354,23.715,3.945,0.0,LO
7408,766,0.0,0.0,0.09,0.396,0.671,0.421,0.0,0.0,LO
7408,1409,0.0,0.0,0.364,12.119,2.986,1.255,0.81,0.0,LO
7408,1413,0.0,0.0,0.0,1.475,0.087,0.512,0.0,0.0,LO
7408,1437,0.0,0.0,0.139,0.821,0.61,0.157,0.0,0.0,LO
7408,1440,0.0,0.0,0.02,0.94200003,0.189,0.2,0.026,0.0,LO
7408,1445,0.0,0.0,0.0,0.525,1.4089999,0.287,0.0,0.0,LO
7408,1448,0.0,0.0,0.038000003,2.234,0.69200003,0.361,0.0,0.0,LO
7408,1449,0.0,0.0,0.0,0.732,0.19,0.022,0.092999995,0.0,LO
7408,1524,0.0,0.0,1.293,25.563,16.499,10.087,0.867,0.0,LO
7408,6919,0.0,0.0,0.0,0.0,0.0,0.0,0.045,0.0,LO
7408,6941,0.0,0.0,0.192,1.158,0.796,0.154,0.017,0.0,LO
7408,6956,0.0,0.0,0.081,0.269,0.107,0.034,0.0,0.0,LO
7408,7401,0.0,0.0,5.726,46.256,30.592001,11.413,1.893,0.0,LO
7408,7402,0.0,0.0,1.17,28.754,16.563,8.305,2.244,0.0,LO
7408,7403,0.0,0.0,0.569,13.599,8.328,1.924,0.556,0.0,LO
7408,7404,0.0,0.0,3.3170002,41.815,24.168,11.551,1.722,0.0,LO
7408,7406,0.0,0.0,1.9519999,12.605,8.944,6.489,1.925,0.0,LO
7408,7407,0.0,0.0,7.009,114.537,39.815,18.501,4.675,0.0,LO
7408,7467,0.0,0.0,1.1010001,5.074,3.078,0.843,0.385,0.0,LO
7467,514,0.0,0.0,6.894,56.789,23.441,11.687,1.166,0.0,LO
7467,522,0.0,0.0,14.621,72.525,40.101,19.022,1.768,0.0,LO
7467,1409,0.0,0.0,0.389,6.638,2.792,2.025,0.321,0.0,LO
7467,1413,0.0,0.0,0.167,2.094,0.62,0.0,0.0,0.0,LO
7467,1421,0.0,0.0,0.0,2.47,0.535,0.034,0.141,0.0,LO
7467,1437,0.0,0.0,0.058,0.277,0.797,0.413,0.0,0.0,LO
7467,1440,0.0,0.0,0.134,0.685,0.267,0.246,0.06,0.0,LO
7467,1448,0.0,0.0,0.0,1.176,0.0,0.39000002,0.0,0.0,LO
7467,1524,0.0,0.0,1.387,23.691,19.436,7.309,1.975,0.0,LO
7467,6914,0.0,0.0,0.0,0.031,0.024,0.0,0.0,0.0,LO
7467,6919,0.0,0.0,0.0,0.0,0.0,0.0,0.02,0.0,LO
7467,6926,0.0,0.0,0.0,0.0,0.0,0.04,0.0,0.0,LO
7467,6941,0.0,0.0,0.254,1.337,0.206,0.277,0.0,0.0,LO
7467,6947,0.0,0.0,0.056,0.873,0.502,0.014,0.0,0.0,LO
7467,6956,0.0,0.0,0.14999999,0.201,0.677,0.0,0.0,0.0,LO
7467,6972,0.0,0.0,0.761,1.411,0.28,0.82299995,0.146,0.0,LO
7467,7401,0.0,0.0,7.735,43.686,15.832,11.58,2.322,0.0,LO
7467,7402,0.0,0.0,2.563,29.348,15.675,7.498,0.991,0.0,LO
7467,7403,0.0,0.0,0.503,11.629,5.614,1.829,0.523,0.0,LO
7467,7404,0.0,0.0,6.096,38.712,25.126999,10.124001,1.165,0.0,LO
7467,7406,0.0,0.0,1.9330001,19.685,6.217,2.47,0.683,0.0,LO
7467,7407,0.0,0.0,20.286,101.541,27.962,20.341,4.717,0.0,LO
7467,7408,0.0,0.0,0.111,3.223,1.796,1.2129999,0.15,0.0,LO
7467,9587,0.0,0.0,0.0,0.0,2.299,0.0,0.0,0.0,LO
7473,736,0.0,0.0,21.845,26.403,3.632,2.239,0.0,0.0,LO
7473,6886,0.0,0.0,42.632,104.433,18.915,2.1,0.0,0.0,LO
9586,514,0.0,0.0,0.072,0.035,0.133,0.073,0.021,0.0,LO
9586,596,0.0,0.0,0.0,0.629,0.658,0.388,0.04,0.0,LO
9586,597,0.0,0.0,0.032,0.0,0.0,0.0,0.0,0.0,LO
9586,603,0.0,0.0,3.85,13.842,8.661,1.772,0.297,0.0,LO
9586,617,0.0,0.0,0.0,0.213,0.321,0.187,0.0,0.0,LO
9586,618,0.0,0.0,2.331,28.309,10.914,3.276,2.8,0.0,LO
9586,620,0.0,0.0,0.208,0.46899998,0.572,0.167,0.033,0.0,LO
9586,659,0.0,0.0,0.0,0.43,0.54899997,0.232,0.281,0.0,LO
9586,680,0.0,0.0,0.0,1.311,0.872,0.199,0.0,0.0,LO
9586,717,0.0,0.0,0.225,0.816,0.833,0.41799998,0.623,0.0,LO
9586,719,0.0,0.0,1.112,6.364,5.975,1.087,0.23,0.0,LO
9586,751,0.0,0.0,0.118,2.534,1.829,1.25,0.334,0.0,LO
9586,755,0.0,0.0,23.245,223.384,85.142,28.287,6.96,0.0,LO
9586,766,0.0,0.0,3.557,25.714,15.906,9.005,5.791,0.0,LO
9586,788,0.0,0.0,0.138,0.444,0.127,0.167,0.0,0.0,LO
9586,1023,0.0,0.0,0.0,1.676,0.347,0.174,0.0,0.0,LO
9586,1024,0.0,0.0,0.609,2.887,0.6,0.167,0.0,0.0,LO
9586,1082,0.0,0.0,0.0,1.571,0.041,0.348,0.036000002,0.0,LO
9586,1083,0.0,0.0,0.111,1.833,0.975,0.501,0.048,0.0,LO
9586,1395,0.0,0.0,0.22299999,0.24599999,0.571,0.46199998,0.183,0.0,LO
9586,1409,0.0,0.0,0.179,4.109,2.82,0.91899997,0.561,0.0,LO
9586,1413,0.0,0.0,0.62,15.679,2.417,1.198,0.147,0.0,LO
9586,1421,0.0,0.0,0.774,6.229,6.194,0.93,0.0,0.0,LO
9586,1429,0.0,0.0,0.137,5.099,2.532,0.693,0.098,0.0,LO
9586,1434,0.0,0.0,0.0,0.829,0.64100003,0.47800002,0.14,0.0,LO
9586,1437,0.0,0.0,1.469,12.684,11.8689995,3.984,0.835,0.0,LO
9586,1438,0.0,0.0,0.458,5.359,3.368,1.321,0.246,0.0,LO
9586,1439,0.0,0.0,0.198,0.856,0.686,0.1,0.0,0.0,LO
9586,1440,0.0,0.0,1.202,10.512,4.228,2.499,0.144,0.0,LO
9586,1441,0.0,0.0,0.004,2.444,1.289,0.578,0.172,0.0,LO
9586,1444,0.0,0.0,0.056,2.961,0.411,0.079,0.381,0.0,LO
9586,1445,0.0,0.0,0.691,9.718,3.193,1.362,0.819,0.0,LO
9586,1448,0.0,0.0,0.946,6.967,6.0230002,1.355,0.335,0.0,LO
9586,1449,0.0,0.0,0.19,3.943,1.66,0.221,0.0,0.0,LO
9586,1524,0.0,0.0,0.003,1.913,0.92700005,0.0,0.0,0.0,LO
9586,5301,0.0,0.0,2.161,9.178,3.321,4.226,0.228,0.0,LO
9586,5372,0.0,0.0,0.007,0.769,1.36,1.025,0.0,0.0,LO
9586,5421,0.0,0.0,0.729,5.17,2.652,1.661,0.234,0.0,LO
9586,5423,0.0,0.0,0.512,6.719,3.6139998,2.211,0.38599998,0.0,LO
9586,5424,0.0,0.0,0.007,2.308,1.788,1.903,0.24700001,0.0,LO
9586,5595,0.0,0.0,16.409,209.204,109.624,53.815,19.708,0.0,LO
9586,6956,0.0,0.0,0.0,0.20400001,0.0,0.014,0.051,0.0,LO
9586,6977,0.0,0.0,0.42900002,3.67,1.825,1.075,0.003,0.0,LO
9586,6978,0.0,0.0,0.081,2.0279999,0.614,0.0,0.0,0.0,LO
9586,6979,0.0,0.0,0.245,0.616,1.209,0.41,0.0,0.0,LO
9586,9587,0.0,0.0,23.315,286.872,97.529,38.682,18.659,0.0,LO
9587,514,0.0,0.0,0.057,1.305,0.805,0.0,0.0,0.0,LO
9587,522,0.0,0.0,0.002,0.211,1.123,0.209,0.0,0.0,LO
9587,596,0.0,0.0,0.062,5.265,8.208,3.6100001,1.62,0.0,LO
9587,597,0.0,0.0,0.11,0.0,0.0,0.0,0.0,0.0,LO
9587,603,0.0,0.0,0.99300003,17.909,18.694,6.866,0.259,0.0,LO
9587,617,0.0,0.0,0.0,2.477,3.083,2.758,0.0,0.0,LO
9587,618,0.0,0.0,19.138,204.097,57.105,17.903,8.92,0.0,LO
9587,620,0.0,0.0,0.101,3.422,7.912,3.003,1.3870001,0.0,LO
9587,659,0.0,0.0,0.712,4.339,8.8220005,4.607,0.496,0.0,LO
9587,680,0.0,0.0,0.0,4.343,3.891,1.131,0.0,0.0,LO
9587,709,0.0,0.0,0.089,4.745,6.272,2.523,0.196,0.0,LO
9587,717,0.0,0.0,0.261,6.881,11.639,4.376,1.036,0.0,LO
9587,719,0.0,0.0,0.929,14.326,11.367,2.817,0.025,0.0,LO
9587,751,0.0,0.0,0.796,26.281,30.102999,11.561,5.922,0.0,LO
9587,755,0.0,0.0,24.712,277.686,301.178,76.6,22.644001,0.0,LO
9587,766,0.0,0.0,6.12,136.448,176.018,68.135,13.9140005,0.0,LO
9587,1022,0.0,0.0,0.493,1.7080001,1.087,0.804,0.019,0.0,LO
9587,1023,0.0,0.0,0.145,1.772,0.474,0.168,0.0,0.0,LO
9587,1024,0.0,0.0,0.0,2.416,0.0,0.193,0.0,0.0,LO
9587,1083,0.0,0.0,0.086,0.594,0.53,0.576,0.137,0.0,LO
9587,1395,0.0,0.0,0.513,2.543,4.496,0.73,0.343,0.0,LO
9587,1398,0.0,0.0,0.228,1.8000001,4.291,0.88,0.010000001,0.0,LO
9587,1409,0.0,0.0,0.935,21.382,17.35,10.541,0.658,0.0,LO
9587,1413,0.0,0.0,2.131,62.361,28.946001,6.3190002,0.377,0.0,LO
9587,1415,0.0,0.0,0.003,1.216,1.6110001,0.552,0.0,0.0,LO
9587,1421,0.0,0.0,3.766,105.126,142.255,31.02,3.621,0.0,LO
9587,1429,0.0,0.0,0.509,15.373,20.062,8.176,0.50699997,0.0,LO
9587,1434,0.0,0.0,0.0,1.592,2.748,0.953,0.012,0.0,LO
9587,1437,0.0,0.0,1.5370001,52.812,68.729996,26.03,2.749,0.0,LO
9587,1438,0.0,0.0,0.728,32.850998,41.039,7.6070004,1.045,0.0,LO
9587,1439,0.0,0.0,0.598,4.93,5.455,2.368,0.219,0.0,LO
9587,1440,0.0,0.0,0.677,24.927,20.758,7.4309998,0.848,0.0,LO
9587,1441,0.0,0.0,0.18200001,6.92,7.453,3.163,0.078999996,0.0,LO
9587,1442,0.0,0.0,1.01,2.458,5.14,2.737,0.922,0.0,LO
9587,1444,0.0,0.0,0.0,0.699,2.537,0.811,0.44700003,0.0,LO
9587,1445,0.0,0.0,1.562,30.164,35.392,9.649,0.913,0.0,LO
9587,1448,0.0,0.0,0.68,65.33,88.022,24.547,1.744,0.0,LO
9587,1449,0.0,0.0,0.947,5.888,9.136,2.384,0.141,0.0,LO
9587,1451,0.0,0.0,0.0,0.913,1.176,0.024,0.0,0.0,LO
9587,1455,0.0,0.0,0.92499995,6.306,10.408999,4.09,0.96500003,0.0,LO
9587,1524,0.0,0.0,0.0,5.545,5.5550003,2.113,0.284,0.0,LO
9587,5301,0.0,0.0,0.888,29.484,30.748,14.222,1.294,0.0,LO
9587,5362,0.0,0.0,0.0,0.501,0.712,0.132,0.0,0.0,LO
9587,5372,0.0,0.0,0.587,16.121,10.859,7.789,1.246,0.0,LO
9587,5404,0.0,0.0,0.0,0.0,0.0,0.0,0.03,0.0,LO
9587,5421,0.0,0.0,2.257,15.57,17.841,6.313,1.308,0.0,LO
9587,5423,0.0,0.0,2.697,25.927,20.369999,13.922,2.613,0.0,LO
9587,5424,0.0,0.0,1.082,5.961,10.038,7.01,0.46100003,0.0,LO
9587,5595,0.0,0.0,159.298,1168.12,1057.756,434.867,110.519,0.0,LO
9587,6977,0.0,0.0,1.548,14.599,14.445,3.516,0.351,0.0,LO
9587,6978,0.0,0.0,0.153,4.945,2.115,1.644,0.033,0.0,LO
9587,6979,0.0,0.0,0.677,8.034,12.38,4.46,0.248,0.0,LO
9587,7401,0.0,0.0,0.456,3.749,4.279,1.761,0.24,0.0,LO
9587,7402,0.0,0.0,0.271,0.336,1.268,0.74300003,0.014,0.0,LO
9587,7403,0.0,0.0,0.375,1.311,0.803,0.0,0.0,0.0,LO
9587,7404,0.0,0.0,0.0,2.253,1.191,0.264,0.0,0.0,LO
9587,7406,0.0,0.0,0.4,2.525,2.607,1.613,0.002,0.0,LO
9587,7408,0.0,0.0,0.22999999,0.862,0.673,0.908,0.005,0.0,LO
9587,9586,0.0,0.0,18.558,176.101,159.751,69.329,25.192999,0.0,LO
