,fri,fri,fri,fri,fri,fri,fri,fri,fri,fri,fri,fri,fri,fri,fri,fri,fri,fri,fri,fri,fri,fri,fri,fri,sat,sat,sat,sat,sat,sat,sat,sat,sat,sat,sat,sat,sat,sat,sat,sat,sat,sat,sat,sat,sat,sat,sat,sat,mtt,mtt,mtt,mtt,mtt,mtt,mtt,mtt,mtt,mtt,mtt,mtt,mtt,mtt,mtt,mtt,mtt,mtt,mtt,mtt,mtt,mtt,mtt,mtt,sun,sun,sun,sun,sun,sun,sun,sun,sun,sun,sun,sun,sun,sun,sun,sun,sun,sun,sun,sun,sun,sun,sun,sun
,Morning,Morning,Morning,Morning,AM Peak,AM Peak,AM Peak,AM Peak,Midday,Midday,Midday,Midday,PM Peak,PM Peak,PM Peak,PM Peak,Evening,Evening,Evening,Evening,Late,Late,Late,Late,Morning,Morning,Morning,Morning,AM Peak,AM Peak,AM Peak,AM Peak,Midday,Midday,Midday,Midday,PM Peak,PM Peak,PM Peak,PM Peak,Evening,Evening,Evening,Evening,Late,Late,Late,Late,Morning,Morning,Morning,Morning,AM Peak,AM Peak,AM Peak,AM Peak,Midday,Midday,Midday,Midday,PM Peak,PM Peak,PM Peak,PM Peak,Evening,Evening,Evening,Evening,Late,Late,Late,Late,Morning,Morning,Morning,Morning,AM Peak,AM Peak,AM Peak,AM Peak,Midday,Midday,Midday,Midday,PM Peak,PM Peak,PM Peak,PM Peak,Evening,Evening,Evening,Evening,Late,Late,Late,Late
,alpha,alpha_rnk,efficiencies,efficiencies_rnk,alpha,alpha_rnk,efficiencies,efficiencies_rnk,alpha,alpha_rnk,efficiencies,efficiencies_rnk,alpha,alpha_rnk,efficiencies,efficiencies_rnk,alpha,alpha_rnk,efficiencies,efficiencies_rnk,alpha,alpha_rnk,efficiencies,efficiencies_rnk,alpha,alpha_rnk,efficiencies,efficiencies_rnk,alpha,alpha_rnk,efficiencies,efficiencies_rnk,alpha,alpha_rnk,efficiencies,efficiencies_rnk,alpha,alpha_rnk,efficiencies,efficiencies_rnk,alpha,alpha_rnk,efficiencies,efficiencies_rnk,alpha,alpha_rnk,efficiencies,efficiencies_rnk,alpha,alpha_rnk,efficiencies,efficiencies_rnk,alpha,alpha_rnk,efficiencies,efficiencies_rnk,alpha,alpha_rnk,efficiencies,efficiencies_rnk,alpha,alpha_rnk,efficiencies,efficiencies_rnk,alpha,alpha_rnk,efficiencies,efficiencies_rnk,alpha,alpha_rnk,efficiencies,efficiencies_rnk,alpha,alpha_rnk,efficiencies,efficiencies_rnk,alpha,alpha_rnk,efficiencies,efficiencies_rnk,alpha,alpha_rnk,efficiencies,efficiencies_rnk,alpha,alpha_rnk,efficiencies,efficiencies_rnk,alpha,alpha_rnk,efficiencies,efficiencies_rnk,alpha,alpha_rnk,efficiencies,efficiencies_rnk
"(0, 231)",0.0035988903808206185,107,0.15274803877096932,61,0.009608302896738086,123,0.1500355734859363,40,0.010957107800889432,70,0.1769480272599954,44,0.10298094389029033,265,0.07662774032389631,138,0.08579816686750463,257,0.07192916962436877,151,0.09333260758376805,280,0.05236405060021798,216,0.016668832521443244,150,0.15466172346348941,57,0.011727619056648764,122,0.2405639679311083,26,0.016074834709081776,110,0.17069660794248712,47,0.05018686367890046,178,0.12283298059760518,95,0.05700285585385201,203,0.10668138268079949,96,0.1293722523801969,302,0.056227914607381926,227,0.0009768460467504125,76,0.15447946050449252,60,0.008728988092749357,119,0.13695143089208509,50,0.011490037717118318,69,0.16734243702287968,47,0.12006067255934649,282,0.0649204008604112,174,0.14139852077105952,309,0.04552692790625553,203,0.1287582990846471,297,0.040415891435592474,241,0.025226163647740663,193,0.054461572606315345,94,0.006204790044621156,81,0.3513268976807667,23,0.013426009877743339,80,0.21888963646124998,37,0.061691625949591544,204,0.15553770572047018,77,0.034595154601734346,166,0.1721538819204682,56,0.011140928980292508,114,0.24083448904690027,49
"(0, 61)",0.8166432564453108,581,0.007886549701962916,539,0.719886870183735,575,0.014188836729900503,508,0.6206317154511375,581,0.024527359726188445,499,0.48327221475185733,552,0.027266757470799954,420,0.5887719172637047,554,0.017716972735197085,459,0.48303700046405984,482,0.017990396957663565,439,0.7679513592973275,579,0.01292804647453949,484,0.6940633407564416,572,0.026011204098994257,420,0.49832778107891296,538,0.03627142856983095,396,0.35958486122198474,503,0.04800846440571567,354,0.3837802078596939,487,0.040616990663071666,329,0.43656567872818675,468,0.024782403109394516,396,0.7922075754934219,570,0.008044520702456604,530,0.7081093299514043,573,0.013391974161102538,509,0.6056722147125679,578,0.024524727782052207,499,0.43207002012415807,510,0.028071832065069937,392,0.5238589158410568,492,0.0164748021533581,404,0.4488028714082297,447,0.017218013552922778,400,0.6218320273159068,480,0.008740548258107885,365,0.7457495611583247,592,0.02793472771075614,453,0.5375084636324126,557,0.040402892596009404,412,0.4636557971118286,548,0.04926619414538705,359,0.4958793076600383,539,0.043017275713208625,334,0.6334744378172308,568,0.03208005455478849,401
"(0, 200)",0.04471316933684433,225,0.09912630682149041,106,0.12967116517497834,309,0.07829633659008041,145,0.060266786311003906,190,0.12306953088580909,97,0.005470665370020611,50,0.1450310678040901,44,0.004174895780125976,67,0.13195458440760752,56,0.004884316519300991,92,0.09702067448402853,108,0.01623616932622629,148,0.155391449956301,55,0.0758583222159096,240,0.15769013175940105,49,0.10959841213939814,282,0.10372082583722243,138,0.0399914336621372,158,0.13018498832263758,85,0.02083133229090628,124,0.13493982421268116,62,0.004856908918851488,83,0.1182563383300058,100,0.11367047244854422,290,0.06563232946154825,171,0.1657181296739445,336,0.06303553724250156,174,0.06123929182056376,194,0.11672644738780377,104,0.00517225223444584,58,0.13134849125182935,52,0.0022709355169423517,78,0.1084757627103851,75,0.0032903050002275336,95,0.08885612227049945,114,0.01627255072990308,169,0.05924190671785824,85,0.04108545148647891,181,0.24923844889694816,42,0.061120586204711946,199,0.156717117321052,76,0.010378667273484576,62,0.22707401950628617,43,0.01328214254598925,96,0.20781666771541515,44,0.028618934596653545,172,0.20227375470266876,61
"(0, 46)",0.6456732203154278,529,0.01675162760404593,419,0.1820031523791077,343,0.06683052777836836,173,0.38231970992969755,521,0.04778517878830192,364,0.4811737148340419,551,0.027421556494655518,418,0.5231042195178665,526,0.02149250245504599,414,0.5517364392792998,516,0.014840825064541664,465,0.5784041540391714,524,0.02627505123445769,361,0.269368419361254,407,0.08743604631770249,145,0.23125338989009603,406,0.07228597543307269,203,0.32694607291725963,478,0.05212842605594098,334,0.43716113513347177,516,0.03541462017971921,359,0.47028501261467925,487,0.022675696147723832,412,0.5937471584600313,503,0.01763986540221425,410,0.155573405397347,331,0.0649698645330853,168,0.3766612844709527,517,0.046191480176759545,372,0.4890052711502185,543,0.024139538432131593,430,0.5285226154956874,495,0.016259085195146575,408,0.5582828696804318,491,0.012720481789422986,462,0.5545327781895175,467,0.010760636577902638,342,0.5725608264956876,551,0.05211606498871091,328,0.38909345220904346,515,0.06005631046390708,300,0.5230893299090856,569,0.041888690030038464,396,0.6366884604508983,582,0.028180185285594305,431,0.6258269567518747,562,0.03290527235252201,398
"(231, 0)",0.014042571216231314,167,0.08916939062163293,124,0.13041271194685056,310,0.06119789555750185,195,0.05478109547063115,176,0.12219024106441827,99,0.012807738096979326,78,0.13744612739853782,48,0.008970280580517964,108,0.13911072165479293,52,0.009461003699447579,125,0.130991742897634,61,0.0017415159425971938,65,0.1607924945470865,53,0.032000731161512364,170,0.14780469543652688,58,0.11171763994537331,285,0.10367038889787905,139,0.048277374986204435,173,0.14687575659805666,63,0.024649266180191587,135,0.14937647157392522,55,0.012475342376524368,134,0.15479081547087273,58,0.04349450852309822,229,0.06271737966636072,180,0.16468370148441003,335,0.05120074587698824,223,0.05350156897016223,173,0.1189604483136666,101,0.012326786435698622,90,0.1305447111173816,53,0.007761241492486137,124,0.12004776841447316,56,0.010421504624562483,150,0.12332544701591451,67,0.0009912207055750022,98,0.06407746061210068,72,0.013048970801165183,109,0.23990299006696517,45,0.06691806479002849,208,0.14356248871530042,89,0.019891008927128695,98,0.2167338539962953,47,0.010354495145507014,83,0.20953071206504098,42,0.012830391140751463,121,0.24682440560565777,46
"(231, 94)",0.0039149627045563795,113,0.10862692270174297,98,0.02046861904404329,162,0.1060045003839513,89,0.05072642115668735,167,0.12491973463948174,95,0.22956825785236723,400,0.05401771231183766,239,0.23321172488457198,378,0.05095875522731703,226,0.3156514523837123,407,0.03897256019157101,274,0.02828507561176785,180,0.10387516378775688,96,0.018508183836740355,147,0.16653151885522463,45,0.07491888202205366,234,0.11999674787983125,97,0.1903892582511515,370,0.0864624481705883,186,0.1845715787507366,358,0.07580466932179451,173,0.40127823139295393,451,0.03872915980845855,302,0.0014188772931329474,83,0.11032828243717074,94,0.022535412184161774,171,0.09694913828474279,97,0.05482867065749064,177,0.1181169921145463,102,0.2691581305027366,424,0.04584184768626813,267,0.34111795641925546,414,0.03241431556668501,280,0.40288740985267024,426,0.02978865596428299,299,0.03094636249062377,201,0.03827506141873427,141,0.012687618121966171,107,0.24110945494888172,43,0.05147880278289718,179,0.15532747112838613,78,0.17122082957105644,352,0.10935188355723621,146,0.09376699607962868,261,0.12168697533532007,101,0.07015593180206692,243,0.1644520385254883,87
"(231, 92)",0.6639322870895279,537,0.010509465194884096,498,0.12480519528192868,306,0.062371599012906585,191,0.09816244335465996,260,0.10070972865814919,144,0.12487326339600036,293,0.0739111339250849,151,0.06187901233368065,227,0.09074125838117761,112,0.03699349644734906,196,0.0994050143778451,102,0.49420020771226847,492,0.023920470052496673,378,0.22327494102668444,379,0.07136921680439975,181,0.04720799796876818,175,0.1379862956908625,70,0.05057231982834809,179,0.14497798309434617,66,0.06085817571813723,211,0.11837480843562743,77,0.023053881156070877,164,0.13737515818385174,73,0.5921461611162782,501,0.01205962625343683,470,0.09840374530935336,274,0.06403164722105095,170,0.09600329115453621,260,0.09819410964876728,149,0.12372771948721573,290,0.06999926754908907,154,0.04881739328233803,227,0.0820246517880686,108,0.02328606800694155,182,0.10587728801302604,91,0.6478019355265154,488,0.005627108240862321,422,0.34890217850923333,463,0.06924515120029302,260,0.08787398430262072,244,0.13097437822989438,114,0.1211660605119309,292,0.12837814428841376,113,0.1501199539623812,321,0.0999712881557614,131,0.09279868655889323,272,0.14933607128901014,99
"(231, 213)",0.5984637937770766,506,0.013098165118218964,457,0.25878027411236104,375,0.04213613916691008,277,0.4305474943573001,535,0.039597703540322965,407,0.5043195658096783,561,0.026228375783418592,431,0.6592513336957202,573,0.015435618947438107,481,0.7474127646576811,590,0.010315811621840965,527,0.6630339437255783,559,0.014173568050891188,472,0.426519753738516,470,0.0420119709440841,302,0.3434567557275229,478,0.05370203220605469,292,0.4377814679218982,531,0.04504951078584806,368,0.5546886685673089,565,0.02807002729235675,413,0.6879484053205465,578,0.016341445321416636,477,0.5253317916563491,476,0.014717844980899208,439,0.2523215503543381,373,0.03999877958601594,271,0.4245992900634591,535,0.03888987483616294,404,0.5090376617044576,553,0.024418714725009383,428,0.6956182981025544,557,0.011374465341835711,479,0.7895411059265877,586,0.008034720428121462,531,0.63154754554473,481,0.005948126323748277,416,0.5973313247810492,557,0.034898486249845075,415,0.43979419424748356,529,0.04825195324488824,370,0.5503124725014136,578,0.039432490264875254,411,0.7317861752280739,601,0.017944337455354405,509,0.775637339422399,595,0.01790653661377202,509
"(231, 46)",0.5580347462248408,494,0.01482554139416299,442,0.3847322564734168,445,0.03042367480420559,371,0.2991464368042225,474,0.05559333775827096,305,0.15736978549693004,324,0.06651243940391154,184,0.2804136578531572,400,0.04495336332106117,249,0.2655508170472004,383,0.044395423581447185,246,0.6507623914027211,551,0.014802673318946576,462,0.47065316540621405,492,0.03735811503777391,324,0.2739006009085153,437,0.06427813276858872,234,0.17540270164177718,355,0.09033675178743604,172,0.20637525921686783,380,0.0712225616815839,188,0.2711247213600787,393,0.05419051164349216,237,0.5576812488050865,489,0.01339546954681327,453,0.3665529341948307,435,0.02974913081596321,361,0.2960261033087068,469,0.05418990637151445,308,0.13664440094963237,309,0.06702785519165479,167,0.2425298452051209,363,0.04191138677257884,223,0.260671247163075,369,0.043024271824693025,231,0.6515637144777524,489,0.005553835836895629,424,0.5358706773626873,534,0.04200076576204007,372,0.2692707528538334,447,0.07503745097986377,233,0.1407355984416896,312,0.12022981670402284,125,0.24041963314370352,394,0.07707340397753241,192,0.38469361437000216,450,0.06478457754518777,265
"(61, 155)",0.09111423092396176,274,0.006841166689724313,552,0.27408078665902913,382,0.011112233660948975,547,0.07944029535704089,234,0.026858810010179198,479,0.05046631072814578,188,0.028152563649716283,409,0.011078332696237259,119,0.030465189838500266,341,0.004974091075752418,94,0.032214750344277863,311,0.13770348964810364,304,0.010170089940237225,514,0.2875695048723089,415,0.015041400891263114,506,0.2519613452321746,426,0.01974980817747182,502,0.11731655458867041,290,0.032401303625297126,435,0.08399696104753929,243,0.029476141123320945,398,0.020057822931118907,156,0.0311198499938518,342,0.07853565905090265,260,0.00751767488183637,540,0.2810044322540597,389,0.010551527986219719,543,0.07345661657645841,219,0.027536340385743867,474,0.04328686636791468,180,0.028879443934665378,383,0.008401272794239967,130,0.028385036673884725,299,0.0025614088177507988,87,0.03331507186316159,280,0.2100219398339872,340,0.0036452490013980164,464,0.21885658955083565,378,0.016572488326905475,536,0.21102801804231008,392,0.022395730872752307,517,0.10590833205909189,274,0.033089475769080764,448,0.06309456476967579,219,0.03292705948137065,388,0.015477003915273069,136,0.044510424408670535,324
"(61, 0)",0.03785056462366121,214,0.008634470526578543,526,0.0230191207968109,169,0.025805825143596785,411,0.13281397173208598,311,0.02245029517668811,512,0.27043404028370654,431,0.014407426795520444,532,0.399191733481881,468,0.00861031523893942,546,0.5303565111157164,505,0.0058698401459715875,573,0.026764941542939402,175,0.01600790188272997,451,0.03397150749046851,176,0.033514660245202596,355,0.0636343406519424,210,0.034718507639183306,403,0.20514533899813847,393,0.025240398030688376,481,0.28887936191670427,437,0.016592459867964895,503,0.39141522687453634,447,0.009813412443061805,542,0.04221415379835258,222,0.008840892057127965,518,0.021045025268215944,167,0.025319066552697198,402,0.14015159781836006,322,0.0219979947717565,513,0.3156062665672501,449,0.012756386679650681,538,0.464106847946551,465,0.006563272530351112,545,0.6043290252190928,515,0.004581167599359667,571,0.00499336333312117,125,0.00888571257147378,363,0.06339989807514002,221,0.02681574975922239,462,0.11794947334936101,286,0.029134960965045056,477,0.27556143817950196,443,0.020785519204565835,525,0.4066830109547329,496,0.012772060737984828,547,0.44762784887768714,488,0.011687520592133996,551
"(61, 60)",0.4735597190548996,456,0.0024954184517797847,597,0.24978452185936206,373,0.011804013568804023,540,0.20677592356590013,401,0.01827228599391611,538,0.14522032853627143,317,0.020043138316210147,481,0.2559613210487304,390,0.012242496018595823,516,0.2758389927127921,390,0.011189448008754734,515,0.4247378971807545,464,0.004889924387156635,576,0.18323668368794654,355,0.019621422050747135,468,0.12959752164280058,305,0.027495960291925872,457,0.09168181890745442,260,0.03531488092052812,416,0.08486353061718122,246,0.029381670118068966,399,0.1848911555470657,344,0.016437831706679912,475,0.49218286143566725,457,0.002491806491104142,597,0.25728690950312627,375,0.011189742901699792,538,0.20983046592340426,403,0.018156929711714103,538,0.13736235784186057,310,0.02029311496634975,462,0.24998225739531965,367,0.01116691584083932,485,0.3128889441378043,395,0.009913686642181802,506,0.6648962365910087,491,0.0010657418061010427,530,0.15197496244295894,320,0.019855510809286783,515,0.08816485134516616,245,0.03222356266238365,458,0.07088784965009709,219,0.037593784101807685,421,0.07103641917675796,234,0.03185620565819266,398,0.18563413495485148,348,0.02250461646910988,476
"(200, 159)",0.7153160098347697,550,0.011488271570366684,484,0.7978187930699009,591,0.009530205039368684,558,0.7334840814103628,601,0.014124189758183987,560,0.47746991814734185,549,0.01664073624194558,512,0.5738868410307583,547,0.01379202542213918,495,0.49359447421304203,489,0.010368274335741333,525,0.5959383333975603,533,0.018330871971957843,425,0.7750764272541951,586,0.016742028842831404,490,0.7835054337942207,599,0.009763741521757387,562,0.6686274334889046,591,0.01233025994792467,557,0.6342009355191741,584,0.013549992116421002,526,0.44831999257550403,474,0.011595971822878496,523,0.8041852604557556,572,0.007576091721508912,537,0.8150430806519644,593,0.00764135074418785,565,0.729386317993889,601,0.013363340840596205,561,0.4607334829942642,528,0.014862563765845022,513,0.5051313021325707,481,0.011317773579989475,481,0.46241215777610767,453,0.009434396500848992,511,0.6044678807062893,476,0.007015036240637195,388,0.7075914486193338,581,0.029338038186033914,443,0.7228793911482826,601,0.01848983995264244,539,0.5603032107227345,581,0.02619867571414916,486,0.6642622316229599,591,0.02368086596730844,467,0.6924633693161724,581,0.022985801963052922,472
"(200, 0)",0.0011798223906813732,76,0.09723332347974382,111,0.00038149914831775433,40,0.12187252457425835,70,0.0009457652136664052,28,0.12976751732971395,87,0.010418021103006936,68,0.05955151271046104,212,0.004825541475025341,73,0.06782473730088381,162,0.009221819333931291,124,0.03907428497634864,273,0.003979980366720648,90,0.09733968167184391,103,0.0005398409276268223,42,0.1888720349924886,37,0.00047650167853130476,32,0.11524147271836874,103,0.0019796786422694446,35,0.08586880066827332,189,0.0027935033250601204,38,0.08266054628254615,152,0.012919213687639264,137,0.03782316142970111,308,0.0003439739619999216,60,0.10055154250759418,105,0.0002861869890706803,37,0.10831294417462622,79,0.0009952390598408911,28,0.12048281673436488,99,0.011797177696247885,85,0.05042558541912772,244,0.00843902240339034,132,0.044272262346412766,212,0.01165212131169202,155,0.03218020995924565,286,0.0036864484552352472,120,0.03839590778933441,139,0.0012913890160370922,44,0.24007092474942407,44,0.0010777056295458998,31,0.16185335864100328,70,0.00541415296157266,41,0.1230014418851281,121,0.0020712595676304346,38,0.16209362095919416,62,0.001532572364602025,48,0.1763809180835332,80
"(46, 0)",0.09089386138173117,273,0.010996272079242147,492,0.3550820664569281,432,0.015868248575616084,495,0.08893271483240994,246,0.03320789586171973,446,0.023038785028654085,121,0.04259921960962693,312,0.031426613493608646,171,0.023329373383991256,398,0.016430393036125923,157,0.023637583675941296,373,0.18361317616891926,334,0.011002663791096089,507,0.2539180503007774,395,0.0248802047424576,428,0.10622932929244411,279,0.04225273514154048,363,0.032955615995547305,142,0.05555929345202946,318,0.025598285284506472,138,0.04264481870737012,320,0.022267738800033632,159,0.03047105018938327,346,0.12226075172457407,297,0.009615883185175658,504,0.3649249934373643,434,0.015116338272962142,496,0.08895252844917712,249,0.031709455731072124,451,0.017800416997892254,119,0.04322585332618928,282,0.017701244745110367,163,0.021480732768246722,362,0.009700018573434277,144,0.022295707718804174,353,0.09583706706547446,272,0.007971931359686268,375,0.12696886269562646,293,0.026646306681412067,463,0.06741870521329041,209,0.04867564412241942,364,0.012844204926895975,72,0.07389817811559819,249,0.013696757727640119,100,0.045948182280270554,319,0.036545298593682496,192,0.037773827493467985,360
"(46, 231)",0.1667208128091736,322,0.008983116980899737,521,0.024865272558716178,175,0.03849823624732624,297,0.16969840070628872,356,0.02677334444720811,480,0.36622189542475003,494,0.016942340222419305,506,0.320613859074107,425,0.010756595522437464,525,0.41478761995956703,448,0.00805768838984834,547,0.0804120562721018,257,0.014488565911577095,468,0.04933619526496691,207,0.04295660233220649,300,0.1458610119019057,318,0.038015137568149976,382,0.3135871660893832,467,0.026218857628599896,472,0.3508263512418257,470,0.017819923222516822,494,0.3711740411720895,441,0.011928530084074834,520,0.1277798608973746,301,0.009475396577951633,506,0.023244778719519688,176,0.0378505911067432,283,0.16966792295129696,355,0.025568679875248197,491,0.4034164665878446,493,0.015274573543843623,509,0.40421268631190843,437,0.007571473057760658,532,0.4869469745565128,466,0.006043913318801199,559,0.15954947182118095,310,0.006726300492252505,395,0.12305159689410061,292,0.02692611401910181,461,0.20852878636160532,391,0.03340795083628794,451,0.44912003663696276,539,0.022598624010538856,506,0.4402571365013659,519,0.014451251470916823,531,0.2982764145665565,409,0.018761253840672433,502
"(1, 259)",0.2245035567548317,351,0.017767153127377238,409,0.2926800954312556,397,0.015090472998060918,504,0.05388852320143234,172,0.045501614356505266,380,0.0028681802876386886,33,0.06235261269411291,202,0.0011816800587032272,33,0.06629083927632232,168,0.0010754382040922827,45,0.0741846431477851,151,0.16150351411960218,321,0.021241096023369054,396,0.20637839118415635,367,0.017187789934963893,488,0.05166585526090639,184,0.03692039876719148,390,0.004397306338817075,41,0.0691870033443916,249,0.0029036564264355302,40,0.0587444724236365,239,0.0008436076926050529,39,0.07811687580942278,161,0.2311175249729721,352,0.016667654309681305,420,0.2846880942881882,390,0.014113972229037057,502,0.05030387819765836,167,0.04503684465513494,379,0.002074789892300477,35,0.06265766300606598,186,0.00045517667329608713,39,0.061736287700121725,149,0.0004942462866974751,44,0.07031521308432706,148,0.3470663540978106,393,0.0127840168462814,328,0.10255711389554356,270,0.03561195725107014,411,0.07019765278730195,218,0.042049597882922986,397,0.006933812603653777,45,0.07494171169282156,246,0.0025022466322852654,43,0.07171159894451945,204,0.0012572454323878102,45,0.08496180398587093,209
"(1, 137)",0.20010763975067858,335,0.018927700739686835,402,0.09930100328521496,277,0.025622446249761382,412,0.20555620082390724,400,0.027895331330506513,474,0.42323041361326963,515,0.014279627601407129,536,0.5406778335970654,535,0.01036286867067075,529,0.5571581592667563,519,0.010991147299714893,518,0.20401996782409515,346,0.01893126012055847,419,0.12749670894697496,300,0.02144105995608128,457,0.2673134820319737,435,0.019151386753023057,504,0.45052064385913726,538,0.015400515954889466,539,0.4747264084520615,532,0.011800827149066934,540,0.5739264706016642,532,0.010843216021738579,531,0.1986152854352914,336,0.018129590435665047,406,0.0998294154987931,278,0.02345610653097614,419,0.19993632759322555,391,0.027545900633211544,473,0.4442274520044185,516,0.013232307834920793,532,0.5976484283424119,523,0.0076898211142701735,531,0.5993496734130154,511,0.008752186626610259,522,0.5423543104639581,462,0.007719088470056277,378,0.24231903997614168,394,0.024029240746685866,487,0.23857553615562743,418,0.025424297219599733,495,0.3615732048067797,506,0.021898899962558015,513,0.47365189023896803,531,0.014257766798783855,536,0.5344405689923188,521,0.013576250277754366,543
"(1, 229)",0.043184075367128205,222,0.03209754237630747,307,0.07016808584635525,247,0.028550562340437506,387,0.1851312126803747,369,0.02944778814494607,464,0.4381987930925877,525,0.013748789772337438,541,0.45960826288418355,494,0.01289423257285142,506,0.4583252995764967,470,0.014383411429023097,473,0.06444889493271155,243,0.029343553362863734,346,0.08328009389260893,249,0.02487550911162874,429,0.14436091587721922,317,0.026504332041021893,467,0.34786569269742995,495,0.019890268572555752,513,0.3881397075106402,491,0.014700005079795676,516,0.47680170310905656,489,0.01420378705976612,500,0.04189024646690642,221,0.030835758109166427,310,0.07237371268464687,253,0.025952180368717093,394,0.20074687820418236,394,0.027487192634677627,476,0.46806227811787016,533,0.012443166893729722,542,0.5374740120813755,502,0.009179100886273203,507,0.5251837847112497,481,0.010868937160890473,489,0.002679715142608563,116,0.046516507794750195,120,0.08634909832745397,247,0.03769957641744539,396,0.12652038012763456,303,0.03455041906471212,446,0.3575969228997691,504,0.02211331132822484,512,0.4109469889747501,501,0.0167344459612571,515,0.45642214275618764,490,0.01673575407436921,524
"(259, 215)",0.5141036468586716,478,0.020059225389176608,389,0.5769921081691156,526,0.013860224444771174,513,0.17906674413775014,364,0.045265578581123345,382,0.02035568015878464,112,0.06325837757070144,193,0.017308263867146012,139,0.06279032987726609,176,0.014503084379553943,147,0.06707253603367411,167,0.43594536497747494,468,0.023339226650199215,384,0.4386604894135615,477,0.0183212180660672,478,0.22023674640814594,397,0.034839847060885214,402,0.051063485530819186,180,0.06361040951663575,271,0.03913690994810648,164,0.052097196942358835,264,0.0159855628620017,146,0.07111599453844128,190,0.5225619967155857,473,0.01887436305442968,398,0.5768204398429843,522,0.012695433466889101,518,0.16578541319191475,350,0.04639318793319029,370,0.013486732079549535,99,0.06464810204087547,176,0.007088018915021643,118,0.060128579798499227,157,0.008960979911696976,142,0.06489827473177283,164,0.4917067665641558,444,0.01613745053449033,294,0.32260192342409755,445,0.03736999203315855,397,0.23821156611175587,417,0.03895111505557836,422,0.04723161634390227,176,0.06818712755417017,278,0.02961287064175111,156,0.06605212518514807,227,0.021048194915396223,151,0.07718085065626652,226
"(259, 1)",0.007869418720194643,138,0.08078861602564555,140,0.004698499767453845,95,0.06889279705768032,166,0.08308497705398121,240,0.05846988237550526,290,0.3841749061984241,502,0.023759479587281664,449,0.40740783919898527,472,0.021909584425997372,410,0.4323088923497266,459,0.021632172084381198,394,0.01412914018540179,139,0.07320238623679735,162,0.013855495088781034,131,0.05795930474870764,232,0.06214735034732799,206,0.05311680714267581,295,0.2488619990360056,433,0.03751850128362842,404,0.2881269784521653,436,0.02678028696227559,422,0.4186627676548682,463,0.023947222650699613,401,0.0073621108297439175,139,0.07814792692608906,138,0.004705452255140741,99,0.06306580697420393,173,0.09152072065537808,256,0.05655398052348683,295,0.4423947679535898,513,0.020195503969702176,463,0.5273347986484715,494,0.014296413197105487,437,0.4973440252446508,469,0.017013722740740464,404,0.009355542774295511,145,0.060447821818504256,81,0.031006724834289567,163,0.08158181398116567,219,0.05491575718329267,189,0.06352458709602274,280,0.26033636966733853,429,0.03860128098616428,417,0.32939404941222983,448,0.029589778583451052,413,0.37934098347405587,449,0.02943774854226847,427
"(137, 149)",0.6111585130324967,512,0.012911231274625474,460,0.35772860327449973,436,0.020041983613253073,459,0.5467641071182392,565,0.026636850915757224,482,0.7302666004418867,600,0.014055899600444875,537,0.7964199077058203,601,0.010648555108886345,527,0.8200411177990339,603,0.012275857577508442,503,0.6757777911226177,562,0.012912240928172917,486,0.5796291598433454,543,0.014436474105862832,510,0.6828775678088902,578,0.014730046626769666,535,0.7680168089060713,600,0.01341365881614525,549,0.812097324685923,603,0.010564127802381437,550,0.8556825611916539,602,0.011026400617814862,529,0.6046746465822792,507,0.012846485932484275,460,0.34851537416550427,424,0.019475179638104904,456,0.5494597921801756,567,0.026358544828000374,485,0.7456616379192289,601,0.013092596876457932,533,0.8209817134192354,595,0.008394944920510222,523,0.8369690497395652,600,0.009863152577423378,507,0.5509042391826577,465,0.009396495561444488,358,0.6836882828277233,577,0.01696743650975416,532,0.6462504858529978,578,0.020288355327830444,529,0.7396347694409582,601,0.019597143166823868,532,0.8124244987536499,603,0.013097612357698336,546,0.865530852769532,604,0.013534491345557079,544
"(137, 2)",0.8154749562866366,580,0.005434526606731622,562,0.35505523251847015,431,0.020179980578329575,457,0.47650659586476984,546,0.03245906670851127,450,0.6353229732585471,594,0.02012837307284745,480,0.785544266482286,600,0.01128318909555002,521,0.8315849590197528,604,0.011419755148025566,513,0.8862609561845275,606,0.004038428403323705,586,0.6102301630445868,551,0.013111658538907509,525,0.5430230595865739,552,0.023284084439264812,484,0.7529330739662741,597,0.014405887781532714,543,0.8274023161230056,605,0.00962641071533419,558,0.8773080973752155,606,0.009273446829283227,545,0.786132903383228,566,0.006234440413813444,552,0.31877029516590594,411,0.021021149639597697,440,0.5076938973079453,556,0.029709209588362675,457,0.665307574842255,593,0.018065206602001057,484,0.8247844453621311,599,0.008200367263326108,526,0.8471179450463533,603,0.00920131302386246,517,0.8799216568467056,539,0.0020689365891058803,501,0.7711062435643363,598,0.011675734217722286,564,0.6321621536346728,573,0.021286798600712222,525,0.7946353472212115,605,0.01499585578032032,553,0.8473574984745458,605,0.010467577281772087,559,0.8684348339142718,605,0.013223023346691083,546
"(137, 1)",0.7371882444662247,556,0.008078212526718745,535,0.5713644325379622,523,0.011196041573885679,546,0.5583206294002434,567,0.025743610098057906,491,0.5763983869363392,584,0.024316734896824652,444,0.5978460755429096,559,0.023687056114811554,392,0.7095103789612828,582,0.021064684160546483,404,0.8134004412631144,592,0.006874967442800617,549,0.7581668333129371,581,0.0074378792329087935,559,0.6721636784092813,576,0.015327349715534542,531,0.6885195519710063,593,0.018852558969141703,522,0.7208252274814754,596,0.01650630125563313,504,0.7724457670217492,594,0.018163366680555508,463,0.7307698345707435,550,0.008093762562987494,528,0.5752194364683811,520,0.010501431339634378,544,0.5608888870851962,568,0.02548115648293846,494,0.5784062298985906,576,0.024084027397299302,431,0.5964711191888141,522,0.021606927989531566,359,0.718912422515434,567,0.018136636668104996,391,0.9577354696895791,559,0.000701716007843333,549,0.7419391772740391,590,0.013379215367934079,552,0.6547906213774582,582,0.019692493245648784,530,0.6612034543055264,593,0.02671501612815928,482,0.6539451754449273,589,0.026460488998126197,440,0.7363942504736987,590,0.028422508447563808,433
"(137, 11)",0.08814685812929623,267,0.057355772565307224,198,0.11117154474961799,293,0.04021298877921995,285,0.32886530099591305,488,0.04772107961607361,365,0.5740128275848495,583,0.024494192601326657,440,0.638593893509748,565,0.020726105138494016,423,0.7038118486506633,577,0.021550068632919087,396,0.11868975667841308,290,0.06389737169346857,175,0.12494248808567743,298,0.05066294211388232,264,0.3160582976845624,464,0.04264247512737564,359,0.5090582322941031,561,0.03354499563291993,430,0.5655908845317112,570,0.028353704193602225,409,0.6861006166260191,575,0.026329295254038685,382,0.08496816091377157,264,0.056625782735147144,198,0.11684799852937022,297,0.03739668950194694,287,0.3238693840952348,485,0.048212462630877764,357,0.6109625574630599,585,0.021740528355994524,455,0.7157475346202941,568,0.01412537703424735,442,0.7661432051204197,581,0.014691310315001545,434,0.20683659131134147,338,0.02354645868631075,228,0.17860682151322727,341,0.07144363742499818,253,0.2886735774267375,459,0.05525033842870271,333,0.5296546100293054,571,0.040542670853230614,406,0.6266597637394224,577,0.029047380948523282,420,0.7196027325933243,586,0.030526162545685805,419
"(137, 20)",7.010967086396036e-05,12,0.1587244509838321,58,0.001735795470237278,62,0.09404885844254493,106,3.814785564382195e-05,2,0.2779857928583719,20,5.769953597134503e-07,2,0.3265068234393252,8,5.3479588091320807e-08,1,0.3600251389353743,7,4.359847594059829e-09,1,0.4967164185750849,4,1.4273238307160874e-05,2,0.21531695463184874,33,7.647805569233057e-05,9,0.1598823436832593,48,7.727962944348299e-06,4,0.2589858551784366,21,1.3763260409138667e-07,2,0.38390394322347365,13,2.170560220449147e-08,1,0.39705688513526444,8,1.0823031360018831e-09,1,0.5774636183449029,4,8.868722763966108e-05,20,0.15251062782446262,62,0.002011359805320634,62,0.08781826649818282,112,3.222455558837822e-05,2,0.2797215301889724,21,3.0255301797232903e-07,2,0.3310988586194366,9,1.5021784149915618e-08,2,0.3349158715873942,6,1.3065023507508045e-09,1,0.45184328877260393,6,3.0225296003827395e-06,31,0.11088365988224382,37,9.493785974035163e-06,2,0.2966701921218019,30,8.13175312419645e-06,1,0.3119595508457499,20,1.2685739381179673e-07,1,0.4928003835751154,9,1.7859098422334796e-08,1,0.49495489188408104,7,1.0741605382946773e-09,1,0.7645700362421558,5
"(229, 147)",3.8877453654939664e-05,8,0.0657041860941249,177,0.0003115297220582791,37,0.060726462023151066,196,0.0042594845579743135,45,0.06642898861183942,252,0.031428540059568855,149,0.0358317916959959,351,0.052796743858911754,215,0.027169911250547095,365,0.07389988974984296,254,0.027545847123930014,340,9.872442115765878e-05,10,0.05834539526554875,198,4.350894569915553e-05,8,0.0530847541934412,256,0.0011284962540918375,41,0.06496288970783368,232,0.01353076938648945,81,0.0552820284614912,320,0.02855744498829016,142,0.03592299557530006,354,0.07483376994782887,251,0.029055196428892843,358,4.448395069522881e-05,10,0.06350272421123798,176,0.00040147877018026357,42,0.0562777835472603,199,0.005445099490557159,48,0.061242945277951405,275,0.0395967395411132,169,0.03188288566794979,359,0.07854641783452321,265,0.01939098474471131,385,0.08973137096855077,270,0.022341149203393144,352,9.253584694057793e-07,26,0.09163935322767595,46,0.0009043711082996619,39,0.06717487858045919,267,0.0024491184812633904,43,0.07471092454739185,235,0.020972052399293784,102,0.05520529157789095,333,0.04931889139655432,202,0.03386396237768736,384,0.08286284141421962,260,0.0302453433043958,422
"(229, 2)",0.8764958890449044,598,0.0019678125142564874,607,0.688798139430299,567,0.005446672895976822,592,0.5856836680391534,573,0.010145893486531192,579,0.48115507079410536,550,0.009765467831873438,567,0.6495912103107211,571,0.005050498549040233,579,0.6060540958226881,542,0.006464881431483418,562,0.8673732463061823,603,0.0019443048164174657,605,0.9113896159143623,607,0.0011272752355344616,605,0.7650548033045645,592,0.0045619149217181795,591,0.6508607153216626,589,0.007884736207605346,578,0.6754218775552994,592,0.005327979976369055,583,0.6702658807971155,567,0.005522452056184012,576,0.8635797162141301,590,0.0021216928829770974,604,0.6634236434250074,564,0.0056077926320296885,586,0.5619824175640733,569,0.010297194430926943,576,0.46922486619689374,534,0.009411576644552477,563,0.6476184256651448,545,0.004046654757659935,575,0.6343383809092141,530,0.00508141566677446,567,0.9995000999900006,585,0.0,572,0.7439946568715047,591,0.005117734028167271,604,0.6656738390458079,587,0.008348357142365226,590,0.5794364549647784,586,0.01060299683364085,577,0.643830996338296,586,0.006312460978079148,586,0.6193369210070974,560,0.007044233819371548,580
"(229, 1)",0.5736863971884223,497,0.007954517215531384,537,0.5068406831160137,499,0.00963353447419426,553,0.2634308792915627,451,0.023414296453141432,503,0.10368694964121994,267,0.026148117465988687,432,0.040793300191290016,192,0.028875662494620962,349,0.031684809891065036,184,0.033823003884189046,299,0.49834409250763556,497,0.009010942335578908,524,0.5404377817076871,530,0.007100117649840008,561,0.31720131251325556,465,0.017947945723590583,515,0.12464660038581776,297,0.03263037582966959,433,0.06817048832854244,220,0.029334434615442977,401,0.025876700293612998,174,0.037237105293126474,311,0.5714607505632708,494,0.007770870636497764,535,0.4970150607061673,497,0.009287465915271508,555,0.24748734250169524,441,0.02304854478221891,506,0.08883846843590004,252,0.02572047305423138,411,0.02601945831408492,180,0.025186756516169525,323,0.022832750316720496,179,0.030975227143765695,293,0.7256484214711235,509,0.00607014080513629,413,0.3513551906149037,465,0.016821122160665725,533,0.284479000684529,456,0.02374240912130105,507,0.10883215281510528,277,0.03674017363563898,426,0.04445673699988639,193,0.03470666630996659,379,0.026477075372233205,166,0.03980315835446821,351
"(2, 137)",0.11760567148061019,295,0.0040172231348434674,582,0.0716903893827352,249,0.013542382654477086,517,0.06382274015440648,198,0.02686496855809917,478,0.030557316413866942,142,0.026386827725415757,428,0.020727088510617886,146,0.01562016116871223,477,0.025984003434780578,177,0.014920562823334526,463,0.0791826444964685,254,0.004154187334459163,582,0.09122600212580623,264,0.007017377396269466,562,0.08166884590450552,247,0.014695937388411066,536,0.012216728044928793,76,0.022386487994519793,502,0.012061632504649755,91,0.014585214891849833,518,0.014230596322623135,139,0.01368854884325404,505,0.12650630165414078,300,0.004316785599087418,578,0.07486409358424573,257,0.013548712660553497,506,0.05080521581084607,168,0.02713858023053931,477,0.02533040558450317,142,0.025946398053517842,408,0.016776802523242207,161,0.012917314024396836,456,0.02437205951210486,189,0.01225960328408743,473,0.5693415409602167,470,0.0004988894983123454,556,0.05455013896076877,206,0.012179286865873735,558,0.05000670668053808,171,0.02085547230454002,526,0.014412302740829719,78,0.02580964639656029,489,0.01917751506274168,127,0.015119687319726733,527,0.036067794219073135,191,0.013671261426239934,542
"(2, 229)",0.13269794902664078,302,0.0038587559033448175,586,0.1997711444967325,357,0.009623605424268022,555,0.21639944941732425,412,0.017882412205186226,542,0.3247589598893723,465,0.012001583142958065,553,0.38156391977786486,463,0.0059157413503304656,571,0.3486329655002356,422,0.006279104977751357,565,0.18576430976503466,338,0.003126381593973768,595,0.16622422156240413,334,0.0057453471965626685,573,0.1814536508771667,360,0.011262311338168046,553,0.4559766348417783,539,0.006698692963655026,583,0.45771840256957586,525,0.004340256589055746,588,0.434950444002012,467,0.004378095024864492,582,0.12350570300741126,299,0.004351465336760455,577,0.19364081795117505,350,0.009870146219647376,550,0.249606396814268,444,0.015963862803177662,547,0.3523681117917188,470,0.010788446807631618,552,0.41183427638277936,440,0.004444618114122919,568,0.35801257533789344,412,0.005005810438104878,568,0.005016453666931264,126,0.0024154407255454684,492,0.23918752208471084,393,0.007441165667815644,587,0.2519334818308213,433,0.012165617320602846,567,0.4331840542645048,535,0.008301100900096408,587,0.39275610881821144,485,0.005526276424222397,593,0.300224823260951,410,0.006745791542475348,585
"(3, 220)",0.8458381058515829,588,0.01288295011277229,462,0.6268883222907197,552,0.023650267672040006,427,0.2808324012065816,460,0.07295214770560783,221,0.07182445712152397,226,0.08595141682400687,118,0.030098841861703196,167,0.08532875548477502,123,0.010538695048853186,130,0.08737003997742294,124,0.7461848468076494,573,0.015888358524999698,455,0.5777397047517552,542,0.036570706323266006,331,0.3765952639422101,493,0.05071249725588381,312,0.15357780878178595,325,0.08701270130267606,181,0.09354359398373902,261,0.0719891490286705,185,0.023540126084827806,167,0.077979277095382,162,0.8231021128588014,579,0.014311536500928946,442,0.6300330004528847,549,0.02198179253982491,430,0.27868051960680784,460,0.07438882415150111,213,0.05176770637994754,198,0.08842686787140677,109,0.014557492098250413,158,0.08170604088356834,109,0.008798427796409936,140,0.08736340867544537,118,0.9291643354423893,555,0.0028294829039021805,482,0.5722588241801666,550,0.03625780186070622,406,0.38654083423910024,514,0.05347413045307377,343,0.1522902439182836,325,0.08521091691956123,211,0.07580271644684622,240,0.0844623707166318,170,0.02867996256140737,173,0.10881151780309706,146
"(3, 171)",0.00015992920396257215,44,0.2244580309412601,29,0.0029954389739195175,74,0.14041471678170434,51,0.04111330851648254,150,0.13841814051820533,74,0.19950594296712354,372,0.061144661487781686,205,0.326991451464703,432,0.03852711952304066,292,0.47593205444044273,479,0.02453445951437061,359,0.000803913376124954,52,0.15498562585733958,56,0.00466831829141201,78,0.1822456903014498,40,0.021451141977023802,119,0.13180234669323235,76,0.10020732346457761,270,0.10032110790834235,146,0.16281917715973615,335,0.05984619434242706,237,0.36308412322444295,431,0.031326584492086654,341,0.00024804033815262194,52,0.21346666401798767,35,0.002907255561599209,77,0.13203522222554812,57,0.0417154928903023,151,0.14010192570314275,68,0.2468523706590724,404,0.05253613461337522,229,0.431786697627745,448,0.026395299964679753,317,0.49972742801776937,470,0.022727597690867456,345,1.4159214632547545e-05,35,0.11412782211584155,35,0.004893238530510491,70,0.1773101137656914,73,0.020024412581070905,95,0.1434461608665931,91,0.1011817967021087,267,0.09765289819189024,180,0.19188485080867035,360,0.061974252031965854,246,0.3341147857886049,427,0.047999402349227276,311
"(220, 3)",0.000832853204137507,72,0.13279025466398087,74,0.008008358902735102,115,0.09292552948902584,109,0.0807789944451418,238,0.08626617420068645,179,0.26274014828647774,428,0.03955019765993006,327,0.42779379238631887,481,0.024611422308368488,382,0.5292061166311546,503,0.016950605450333257,448,0.004172333586856869,92,0.08285445496020341,129,0.016607325833330022,143,0.10121788471870094,120,0.04020826126807775,165,0.08178802640480017,186,0.16933785947912816,347,0.05710031516204512,303,0.2912895049120232,441,0.031196146744081873,381,0.4211681186440951,464,0.020125914598298388,441,0.0011857003502393493,81,0.12730864360475336,78,0.007456617805818189,114,0.08797303193086144,111,0.08145403340014523,236,0.08697145633269446,176,0.3123167376968452,446,0.034309110888597553,343,0.5328274820383809,500,0.016893104079748977,400,0.5570921271630463,490,0.015262266899384523,423,4.040209624112112e-05,42,0.0679086516125504,67,0.018118573606550337,129,0.10031055346293632,167,0.04173275153933187,157,0.08855378882947236,195,0.18221836995016516,364,0.05366879273878726,338,0.2992277898696475,426,0.0343426815129258,381,0.38677321298087086,453,0.03096099179379516,410
"(220, 219)",0.7434668257935753,558,0.013791192671303168,452,0.5118663157468193,502,0.023241493735246317,431,0.1829785943961849,367,0.06568606663724808,256,0.04646777145955849,178,0.07045960274885797,170,0.014979506751666594,132,0.0752284939809996,143,0.006982879146311016,109,0.07173239395852189,158,0.5906154496495086,530,0.015897930898151284,454,0.4132722749858184,466,0.034669299674187984,341,0.2841276367402711,441,0.04262100308224498,360,0.08916744396240361,255,0.07071112628523225,242,0.038310167586965926,159,0.06134387643825839,228,0.015703718105628206,143,0.060243004711830785,222,0.7148957261254134,547,0.015069608630742947,435,0.520950393754548,502,0.02135984339432163,436,0.18181998070391092,368,0.06654780541153095,246,0.033239731922548144,155,0.07239724600422483,146,0.006783061079704167,114,0.0723485371083214,129,0.00556142426593953,120,0.07088146882547669,146,0.9005506960210637,548,0.002412998312079912,493,0.4008888510940488,481,0.03573112048383289,410,0.2786193144606979,454,0.04702863940732384,377,0.08122117582938226,240,0.0702580547226225,270,0.03631135916019701,171,0.06936717512755482,218,0.019992143577265642,149,0.08311521634191753,212
"(171, 155)",0.014342017200838941,169,0.07884880649787974,148,0.07335043592382307,254,0.052463809594704605,232,0.3071512152837734,478,0.05630609541651956,300,0.5721218890597621,582,0.027606425917125983,416,0.7269133805393665,594,0.01604119695905314,475,0.7984485941772295,597,0.011193622760523993,514,0.04703517894295506,214,0.06043462135921466,187,0.11817620768749348,292,0.06537791570338768,200,0.26191580074249066,430,0.05235387853912704,301,0.48288683907906216,551,0.04007344914414515,392,0.5650498337037717,569,0.025627503201260844,437,0.7117350262530753,585,0.016308307244807793,478,0.0200999004377036,182,0.07522902094723494,149,0.07059598180721904,251,0.0494407221924872,229,0.3090952130638316,478,0.0570173158972373,293,0.6031854408834426,583,0.02548899695146169,414,0.78229456891414,588,0.011354767356787442,480,0.8176492148771348,594,0.010192211603757306,502,0.0010784158785965836,101,0.04240104110528767,129,0.11222989230363845,279,0.07036010676422295,255,0.24043978440506975,420,0.05813383182137073,315,0.4795675057269899,552,0.03928723039092576,413,0.6083529282298127,573,0.025621741422336537,450,0.7310072354029195,589,0.021546459685390502,483
"(171, 3)",0.4338649701279884,436,0.025305427275502283,353,0.1965266552299535,353,0.03777347169903827,308,0.034419969733896494,129,0.11678919453859969,107,0.004898967213915251,45,0.13493921967739123,50,0.0010260076146815233,31,0.1430037625648702,50,0.0003776618971473855,32,0.1436653151603606,50,0.2609506546025495,375,0.03413819924516272,314,0.13208154444175868,306,0.06299804046467962,207,0.04672826190773671,173,0.09299855880080415,158,0.010002294057481764,66,0.1459168036040694,64,0.005202245426976004,48,0.12227516791363555,72,0.0012306075874157774,45,0.13587570227069842,76,0.385998559522729,422,0.028092355171691636,330,0.20195736704013623,354,0.03482770844078928,311,0.03397102854610412,131,0.11903316005497008,100,0.003729453113338388,45,0.13887411733156196,44,0.0004852509887434131,41,0.13314132335387505,45,0.0002734242699571343,34,0.14684024007989868,46,0.7228249807991961,508,0.004845004972435241,439,0.1387038247070238,310,0.06556416374436017,278,0.0540848334196975,186,0.09558855453739994,180,0.010255327635725342,60,0.14154183338275045,90,0.0035585496410412976,47,0.14220106052961673,71,0.0009754457821242735,39,0.19571108948670993,65
"(4, 40)",9.999999999998899e-05,18,0.11748430441879709,88,9.999999999998899e-05,5,0.12657132123511322,66,9.999999999998899e-05,5,0.09721330734007162,153,9.999999999998899e-05,3,0.045757934985257036,287,9.999999999998899e-05,4,0.016861844355600997,469,9.999999999998899e-05,4,0.022552009057541438,376,9.999999999998899e-05,11,0.04181635557938013,275,9.999999999998899e-05,10,0.1091264604626265,103,9.999999999998899e-05,7,0.10511919277635669,131,9.999999999998899e-05,5,0.077234364126959,224,9.999999999998899e-05,4,0.028027541728542316,414,9.999999999998899e-05,6,0.02723226578823289,373,9.999999999998899e-05,22,0.14509362519082272,65,9.999999999998899e-05,7,0.13229807321848674,56,9.999999999998899e-05,5,0.09398181075395882,160,9.999999999998899e-05,4,0.035342844256717805,335,9.999999999998899e-05,4,0.0107676713146171,491,9.999999999998899e-05,6,0.0115427246910028,482,9.999999999998899e-05,52,0.008213624100886545,371,9.999999999998899e-05,6,0.1231514300719228,129,9.999999999998899e-05,6,0.12296781835728311,126,9.999999999998899e-05,3,0.06867104885838123,276,9.999999999998899e-05,4,0.037470840710682206,365,9.999999999998899e-05,4,0.01862601619786838,503
"(40, 44)",0.6877572419711616,546,0.01770567637226688,410,0.30298200551144516,405,0.05726520643813061,210,0.25035233788407374,439,0.06345943735254835,268,0.053043133917901386,193,0.11489205785714106,69,0.01472043166948045,128,0.15144323602646667,44,0.06554190913951397,244,0.09504601689716864,112,0.33378777348054245,420,0.021253784983128136,395,0.3244689237561118,435,0.04457578537663978,290,0.28781293368529015,445,0.05633616007588578,281,0.15391666333980447,326,0.07392888142561356,232,0.04208385506457757,171,0.10303606852842279,107,0.06769135739191501,240,0.10250481805766128,122,0.9462613791074141,611,0.0030909578812902475,591,0.382894841290621,441,0.04594550659066863,248,0.2332820312850028,427,0.06378408598513502,259,0.049277303147254425,191,0.11851625586617773,63,0.011534959782773635,144,0.15598610155015935,35,0.05788026164269067,243,0.11281847478399136,83,0.9995000999900006,586,0.0,573,0.43734308311799164,500,0.03434138556671796,422,0.2918068841242868,462,0.060473713349616244,296,0.15752813174034874,330,0.07204041007252002,259,0.06570066276846998,226,0.09270270769270189,151,0.04017357882803918,196,0.11479530461033935,140
"(40, 4)",0.9081679454335827,606,0.004683731303370261,571,0.46344903787852576,482,0.03843007920969699,299,0.2448215672984957,437,0.06434589119907054,264,0.20463132988184873,377,0.07032677417469463,171,0.1329754738720772,302,0.08823582417824921,116,0.03789333687776697,198,0.10865988241672483,91,0.6597497781319452,557,0.008609125276541408,530,0.4848343391712371,497,0.029808512174799226,390,0.4104262007623246,507,0.04168596261694576,367,0.2670764420010937,443,0.05495041619477897,323,0.11105836122415302,283,0.07808239692467851,167,0.04788785781816163,209,0.11211233707042247,110,0.9134323319456579,604,0.005049016273887774,566,0.4911908422728257,492,0.03485879627334848,310,0.26426048185304163,455,0.05901756203994675,285,0.2115886804173096,374,0.06996188356899405,155,0.11234527609794775,293,0.0935824845516951,93,0.0348781866118002,203,0.12696997160103082,62,0.9995000999900006,587,0.0,574,0.45993588952286557,511,0.03240837692386399,436,0.22069221157162844,405,0.07223674947951897,245,0.19165976459974887,376,0.06559624238864001,293,0.11424534034040323,288,0.07771734809569258,187,0.08816692271782545,265,0.0931300809893419,185
"(40, 47)",6.3130093376218e-06,2,0.22307883749403315,30,0.0056387815987790635,103,0.1738634982264305,32,0.02745973640150079,108,0.13450155541040373,77,0.18828807319453145,362,0.07343598986246394,155,0.5968139967869094,558,0.026064221060800547,370,0.592177619895085,533,0.022504834362548805,378,0.001626476099775398,63,0.078002597452324,146,0.004306107397192838,77,0.14675416947729858,60,0.00831040611794509,77,0.15748302450307033,56,0.04776009426361483,172,0.10791439250437362,125,0.3821791013426692,484,0.03841935230626022,344,0.5037498301769121,502,0.03154509394140079,338,2.027426038164748e-08,1,0.2732016704185878,21,0.00273732200747967,74,0.18220390980986662,28,0.027182118071035988,110,0.12974844699839197,84,0.19258794903706367,362,0.07354229619086718,141,0.7517989424772387,579,0.014653779486822649,432,0.6709817974640924,542,0.01992001906975405,375,0.0,1,0.01956362566721692,258,0.002284657185943839,55,0.1585109825008541,89,0.025254417461493928,115,0.14426270151890935,88,0.07172223866927285,221,0.095496122994485,186,0.2740275459878838,410,0.05036102694957002,298,0.46763256246440554,498,0.0341365861881374,388
"(5, 166)",0.04575650213669613,227,0.10775141211086513,99,0.01660734478185044,152,0.16301839527592632,36,0.07229894555059269,213,0.19817189160804838,31,0.12093326492646861,288,0.12059177485657269,63,0.08254087007063005,252,0.1314301056681219,57,0.07225660094235087,249,0.1728486390865866,39,0.13458014711792077,302,0.08724572549016114,119,0.07954008335233376,243,0.12381649863324759,84,0.06899406180689183,223,0.18546244131114123,39,0.06783170851567155,213,0.19965979230995434,39,0.05096935205973463,191,0.18552574895649782,40,0.05836339773909094,224,0.21740310855344222,33,0.0422662730091391,224,0.10957955363473953,96,0.013978542959100948,144,0.16336261396505863,36,0.06350753164026779,198,0.20048646847959478,31,0.12579125941886748,292,0.11292717890513866,70,0.110880232210951,291,0.0974408073547472,84,0.09146908340167204,272,0.14572614023359665,47,1.000088900582341e-12,2,0.0071858989913363355,383,0.10650968544868222,276,0.15455772968398862,94,0.08831187587787248,246,0.1964768381821236,47,0.060103545816563075,201,0.23176588560729272,39,0.042128392679545934,185,0.20877485957760433,43,0.032609104837162506,186,0.3488617817655217,25
"(5, 127)",0.26501574833299146,369,0.05999982938577767,193,0.41327211347580317,459,0.05583733052387967,218,0.19857186807718474,391,0.14150772061961026,68,0.12915689871748515,298,0.11797602076297496,64,0.1799781218184633,343,0.10135487276057507,88,0.19865494249725646,345,0.12338395359011955,71,0.11588563949815878,288,0.09170533831215463,111,0.1851348811990623,356,0.09342815701023678,132,0.20522779480618025,384,0.12895785988126182,85,0.20765504079606023,395,0.13750570203067922,75,0.24913285228102267,410,0.10931931397689286,93,0.22933959131628434,372,0.13776945083142092,72,0.27673990797461334,373,0.058573824407397355,194,0.43743382637463835,467,0.05184050074702234,222,0.2171128137021967,410,0.13308578127284865,76,0.12421206570833854,291,0.1134037386829334,69,0.1402702916534524,307,0.09009562090571176,101,0.16586217227361033,325,0.11950326973027149,73,0.9997000299990002,592,0.0,575,0.14551524655200676,315,0.139289249138392,110,0.170657550002407,360,0.15774026341894887,75,0.22507543147355713,404,0.14924742445477804,83,0.27722327802474456,414,0.11141062195054405,113,0.31515122154277186,415,0.163779681406165,88
"(166, 149)",0.16221447204020234,320,0.0734924471680079,164,0.10649202120687873,286,0.10067030062414457,95,0.22220432048255645,418,0.13243391720976053,81,0.24968072432373356,416,0.09680598367050297,95,0.2196692468719601,369,0.09393419741144364,105,0.1786744624930907,338,0.12852098564219372,65,0.3127549783827519,408,0.06292566451191804,178,0.2554497079316316,396,0.08241236900404374,152,0.21692259632435495,395,0.12429999175786599,91,0.2186134701391682,406,0.1298155102953665,87,0.19397171462472196,365,0.11562960768803984,80,0.16255071308375135,328,0.15392670227524016,60,0.15655506270910557,317,0.07483533858534953,150,0.09491668957608446,271,0.10106173129198241,90,0.20774793437210737,400,0.13356594806819713,75,0.23905541274720044,396,0.09612850814388638,92,0.22909900644168957,358,0.07824279880502094,116,0.18726996344828195,336,0.11731365612587448,77,1.000088900582341e-12,3,0.0053712919783177404,429,0.2783182039201665,423,0.10620410550018766,157,0.25590933056414555,437,0.13064560608605746,116,0.19176018714428855,377,0.1536880076703892,78,0.14895697965221477,320,0.13654629671844723,76,0.1092993742307341,285,0.2341618714131376,50
"(166, 5)",0.09396264650417574,276,0.08816323033550545,125,0.14553699793694408,325,0.090715726869002,113,0.061307187687855036,191,0.20342902920798184,30,0.0507795038661083,189,0.16461436196119988,31,0.06239202926293197,231,0.14290160690575932,51,0.08332048034917339,262,0.1657337488046294,41,0.03314145399328683,192,0.13297562339523616,77,0.04882518098326716,206,0.14306923270477728,62,0.06359141220725917,208,0.18711411128267622,38,0.06285006792255854,203,0.19669061597786974,41,0.07468872294973739,232,0.1589388900580482,49,0.09372935358867862,273,0.18493469023383877,44,0.0979983416477026,277,0.08748283689681667,125,0.16084997767039777,334,0.08476708716729883,119,0.06778766448087359,206,0.1940101414027926,34,0.054599477081579306,207,0.15726143531001904,36,0.05846009948285913,238,0.12335751034124198,52,0.0783351996896795,262,0.15686243785338344,43,0.9997000299990002,593,0.0,576,0.04181776499591372,184,0.19977213174224437,61,0.048672922524640505,167,0.22717526339948604,35,0.07586986833310072,230,0.20934841902575985,50,0.10376012788823485,280,0.15403640676921293,63,0.14213649450235333,309,0.21452942663836763,57
"(127, 33)",0.18866550285249262,331,0.05916836322729412,197,0.47539894453989917,489,0.035089094150336696,324,0.26568897661558877,452,0.11175766088797966,115,0.12739656150234802,296,0.13942050318365054,46,0.12007133287642646,296,0.1512739573870219,45,0.07738775933345887,256,0.1968282740908226,28,0.16328730382211043,324,0.07748635714212569,148,0.2832964701922991,413,0.0658753287346376,196,0.30567771472327887,457,0.08835008469715301,163,0.15775989631483156,333,0.15874891527113608,58,0.1169662561566649,289,0.17211561614952808,46,0.0715304018391465,245,0.22392020754865202,31,0.20789243313322803,343,0.055324535005323174,201,0.5019647488482577,499,0.032165319511214575,339,0.2615842974204543,452,0.11183725604200907,113,0.11331252042011464,275,0.14355708717978544,42,0.099465886724453,283,0.1398099720969234,41,0.09245911822952724,273,0.17149988433966964,38,0.10713053679046824,281,0.051907551464572,98,0.1956305609488208,357,0.1070515722884645,155,0.2452952463036251,424,0.11726910119744326,134,0.1376137572163454,308,0.20877656262544142,51,0.09440383442156752,262,0.22541510657482394,39,0.0587210119894952,222,0.35423795695382,24
"(127, 194)",0.10953284354179149,288,0.07687533775125262,153,0.11705685004873301,297,0.09600684464946779,105,0.21192198441133792,408,0.12971070786726846,88,0.443169819933492,530,0.05771960073287068,225,0.49290872030618593,507,0.05325279801683776,210,0.6102708732408291,546,0.04106258008565478,264,0.11395457514646878,286,0.09162297138038518,112,0.07026133934120438,233,0.13163294286194485,70,0.16392891325432413,341,0.13166613340693473,77,0.3702637360428481,509,0.08820542060358443,176,0.4156228689509708,506,0.07386999285530038,179,0.5586940683792752,525,0.053400075998898545,240,0.11668572654494469,293,0.0740435126331887,154,0.12817005945570903,310,0.0910560209480018,107,0.2156376747977221,408,0.1270166399473459,88,0.49845153419283184,548,0.04853983135354619,253,0.6070444218980207,526,0.03237556018146809,281,0.7061743332377892,558,0.02705942473039195,319,0.16874287070815064,314,0.04205974037144861,130,0.09424421881714251,257,0.15078799830154682,99,0.17692926673689724,366,0.14276391375390418,94,0.4564460978898274,543,0.08638510090065296,209,0.4835378791157616,536,0.07380677230264093,201,0.5901480688321994,552,0.0718767000482718,245
"(127, 76)",0.5519806456532717,492,0.021957679513052174,369,0.6218622020216896,550,0.022646984858872017,437,0.5086974945616497,558,0.058413701336316924,291,0.5047310797909821,562,0.048734957388974584,269,0.5486386615122509,538,0.045374491060690206,247,0.5272193227886193,502,0.05292945114816807,214,0.4868713922056309,488,0.03207346061769856,327,0.5257602801868171,520,0.034377199052972214,344,0.4823545535303142,535,0.055297449892690094,286,0.5393830782579869,571,0.05559632470546854,317,0.5952637318317391,578,0.044247659170779434,309,0.5529926111139074,523,0.05431969967819059,235,0.5420918594983724,483,0.022365484704888902,362,0.6380788588184331,553,0.02116094863895448,438,0.5285800267618261,562,0.05461109586558346,305,0.5015463279318713,551,0.048119666857156296,256,0.522653345187503,491,0.04184436557954875,225,0.5105216816671216,475,0.051649535684003045,200,0.9987007797140717,572,0.0,577,0.4618330959325305,512,0.05236645861704783,326,0.4516155671384835,538,0.06788815399232087,261,0.5682305756554942,583,0.06277925828137812,303,0.6119791924887595,575,0.050329376097653436,299,0.5878260984987974,551,0.07240309245963943,244
"(127, 107)",0.005878028006899294,121,0.1603998084669904,55,0.06272041495527536,240,0.1210862223549586,71,0.006780394755751429,53,0.36774775995387876,14,0.0007363031481305571,25,0.4050935337631283,4,0.00020897325976287906,24,0.4815037570479129,3,0.00019347986587603394,24,0.5309255869979305,3,0.0005050961062782466,48,0.26337360705274643,24,0.007614512417875252,100,0.22289447104042548,30,0.0028526588811587095,54,0.36788289772853716,14,0.00038689355456478225,27,0.5437770438983083,5,0.00019664751622305854,24,0.54443429218325,2,0.0001840413521161377,26,0.5901230364638275,3,0.006665788248601201,134,0.15548163758394684,57,0.07401046744938211,254,0.11305528234729884,76,0.008448478849638397,59,0.35069101737999125,15,0.0006067354987687734,25,0.4043031269955419,4,0.00011832369184261449,25,0.4307711512919757,3,6.475752030143944e-05,5,0.536756970518074,3,0.0005409759906390699,86,0.14444985433127516,23,0.002692378458211686,59,0.3318897151822757,27,0.0021071392339079287,39,0.4320700757762901,15,0.00023299742740223728,24,0.7001438267545034,2,0.00023399607049923166,25,0.6440143905873382,3,0.00023158858323613085,27,0.8583299491996843,3
"(127, 5)",0.11674886011047136,294,0.07483584871859447,160,0.06573505830316217,242,0.11924093366951488,75,0.18176159332914577,366,0.14172364685076366,67,0.31394580239638237,455,0.081101347407974,127,0.29273476930068154,408,0.0906637451312852,113,0.25866244882195744,378,0.10882575922035677,90,0.24648621174168228,365,0.06081529015198702,186,0.1751455282883705,342,0.0893557497351826,141,0.15847530800699583,335,0.13395928072674818,73,0.19187005034251015,373,0.1429702632776081,70,0.1976639387483442,369,0.1326180277330455,64,0.21915117587751687,362,0.1343856663184085,79,0.1088301099904414,283,0.07624677023899389,145,0.06408214469312112,245,0.11867342154898831,69,0.17090377929904432,358,0.1449911170489374,63,0.3459648176532856,469,0.0729775573798654,142,0.3722742065473291,426,0.06290791744494394,146,0.31208537121892943,394,0.08780039122767809,116,0.7172981846192681,505,0.008297090926274689,369,0.1898312210744889,351,0.10890262478389091,151,0.17680658660140391,365,0.14281736168439133,92,0.21602838361024257,400,0.16406351418419537,70,0.2289146580257596,386,0.1455754558193671,69,0.1789465040010113,341,0.22413781213844045,54
"(127, 75)",0.24791804894175062,361,0.049990894393134484,227,0.1310305535544034,311,0.09134439840868183,112,0.15061849826731744,337,0.15623833882093469,58,0.21100305371354855,383,0.10729367047756029,80,0.32643937605480466,431,0.08296290030122586,127,0.37893398974200465,436,0.07923400541270484,136,0.3979661728077112,448,0.040744695013060724,279,0.18241373129756422,352,0.08740382457511825,146,0.22471306145904757,402,0.11000050436939343,114,0.35736868182435566,502,0.09122957009218281,169,0.44103604888167036,518,0.06903231211847932,197,0.4724394124824167,488,0.06834383462720421,197,0.24899038541878016,360,0.049305159469554896,222,0.126098840517349,306,0.09172214753977341,106,0.15208627496710436,340,0.15388914906526363,57,0.212397700691505,375,0.10457404540792822,80,0.3205804450684199,402,0.0720159134095795,131,0.3723781415417855,419,0.07498315041503549,139,0.08669169896978346,264,0.05637982290378537,87,0.3310935858382391,451,0.07398352379757635,240,0.25364507270748693,434,0.11462065892764589,139,0.35677296482023224,503,0.11246342240889569,137,0.40223473542494736,491,0.09186019215835071,155,0.5328193474569324,519,0.08547019025216265,206
"(127, 78)",0.26136352978328226,368,0.04819388155144705,234,0.03293682273626042,198,0.14574224107856631,46,0.0997042362245949,263,0.18737180951083407,37,0.19671499573918272,370,0.11183308302902938,72,0.2546179100099919,389,0.10042793198695055,92,0.3227679303513964,411,0.09177287235167665,115,0.5181392101737722,505,0.0293693765090401,345,0.20861606491432294,369,0.08091705346250959,160,0.17621405584966243,358,0.12674814040346644,89,0.2591799528216321,440,0.11826332392322245,104,0.3204528349544471,459,0.09480851479309069,127,0.3488762232941204,423,0.09487801403002244,128,0.22069869610893045,348,0.05333912002354182,210,0.02418639519115129,178,0.1550859838437593,39,0.08391863446146997,240,0.19802382952274436,32,0.1989333446082754,367,0.10872587781490686,73,0.28193446619923046,386,0.079758903068858,111,0.37233421690877966,418,0.07499176862762995,138,0.34712604203516595,394,0.02570045497915188,216,0.2890372132613802,432,0.08264950649075088,216,0.2165040995600015,400,0.1270876507134326,120,0.271240634381559,438,0.1409012429041456,92,0.27979223079062265,417,0.126716823219065,89,0.34666047187515925,433,0.14149152178743554,106
"(6, 230)",0.0023912800724992245,90,0.09022098621696714,121,0.00527567256860928,100,0.1383022973858158,57,0.059709198054012314,187,0.10758442772196193,123,0.31463425960277647,457,0.047301372311346374,279,0.42812357201975626,482,0.036799668246968426,300,0.6078039752607749,544,0.021815582845444013,391,0.05114289569974706,222,0.058080930630570064,200,0.014046754487214708,132,0.09708637726252493,127,0.03097164159172161,141,0.10951447568117545,115,0.17467337408106975,354,0.08118179143017518,208,0.22622873948222488,394,0.060528074447374305,231,0.5141572488238937,507,0.030395017648128467,349,0.0013355288762655348,82,0.09355456873557676,117,0.004344565947316692,92,0.1357536831141192,51,0.057087612244409724,183,0.10785898123309956,122,0.3700057522843305,476,0.04135920881153674,299,0.5793287701941424,517,0.022896585498423484,346,0.6923067468244142,550,0.016336801315139243,410,0.049927377365447057,221,0.022478911618082995,236,0.020250755293659606,136,0.11492740721671643,137,0.0448065001013761,159,0.11446839969709846,141,0.24981878465756746,419,0.0703288758680634,269,0.37369439352823386,478,0.04218455687111736,339,0.513917721335905,513,0.038319758487790304,358
"(6, 108)",0.6500825103150266,531,0.013927127698440104,450,0.5633877148086475,518,0.029150961331174823,379,0.22602983011243172,421,0.0690305352117491,239,0.03272323894334184,155,0.10058278338386009,88,0.014944246948192297,131,0.11260100629300926,75,0.003576406392156395,78,0.12083860743640185,74,0.24863392081023916,368,0.034285346655702216,313,0.43675790551422766,476,0.03087474420955855,382,0.3227692170356804,467,0.05013744904722831,315,0.08576830241415534,250,0.10290234274313133,138,0.059627367961843314,209,0.09440411028038494,129,0.00786611477518484,105,0.12243745524467257,91,0.7046729041248239,545,0.01157764523907807,474,0.5860123384277411,528,0.026470663817622416,389,0.23255483262453347,426,0.06753493462541199,242,0.02244744792598996,137,0.10525742063408043,78,0.004604680916739934,96,0.11473059362119992,63,0.0015352340348314675,74,0.12527805977396386,65,0.25216681113211425,363,0.013101636788693537,324,0.3849204430112617,476,0.043063933085571014,365,0.26811305992384826,446,0.0630511911402794,283,0.050731781524135044,184,0.11965072513756904,127,0.021884585890208808,133,0.10862911494044553,117,0.007880887843384698,102,0.1542394893916988,96
"(230, 122)",0.012094879467813957,158,0.05249159817680158,218,0.01716681987690527,157,0.08379820827208784,130,0.14396982035308348,330,0.06643099956626226,251,0.47033174374857367,545,0.028373644608546942,407,0.575487560451707,550,0.022611341392994935,405,0.6865137432570027,569,0.01635319847215218,453,0.13932682300913135,307,0.03309503318496897,322,0.04690132893860666,203,0.05764291638182538,234,0.089800248554333,260,0.06707229447478426,219,0.32077275237446856,473,0.04898911458481655,348,0.380734886115659,483,0.03740774728214438,348,0.6064826630760191,545,0.02241950685495599,414,0.008650714380484592,148,0.05421587766335335,206,0.014713134992454968,147,0.08179752542777773,125,0.14339558358943982,327,0.06636723792062732,247,0.5281540628406658,558,0.024723632418110292,425,0.7051463038524164,563,0.013899090425522119,446,0.7624807956937733,580,0.01192976078388128,478,0.1625655821572385,312,0.011487732447409795,336,0.06323850666164621,220,0.07184185379777495,251,0.11527211135122739,283,0.07127139302074828,252,0.4036380220568734,524,0.04412199102310675,387,0.5288603671929984,554,0.02690247053739002,437,0.6306787639365231,567,0.026721119292626678,442
"(230, 6)",0.4573434040182256,450,0.0156390188792055,434,0.40857384956475806,453,0.029132281254194956,380,0.10777429596501431,280,0.07316266949674986,219,0.010988296034342815,70,0.09925211530430822,91,0.004759714126534198,71,0.11180932292222194,76,0.0016361558398894083,57,0.1224271004846052,73,0.11169060410301779,282,0.03562614673691156,305,0.2613707559867031,400,0.03251287169561172,365,0.16837155130805714,346,0.05439338732583459,288,0.03139285198856445,136,0.10630535846409801,130,0.02084631291045702,125,0.09851280735237751,119,0.003619676294310814,72,0.123597287925982,90,0.5019255618195904,462,0.014004385134984986,445,0.4303023188941949,462,0.026549153376297423,388,0.1082490497071692,283,0.07288826925319386,216,0.0070418291534107835,65,0.10426470648196458,81,0.0013282935965952536,62,0.11254203537998336,67,0.0006455908722995396,47,0.1261020784190751,64,0.09371905338248232,270,0.013802821837087836,315,0.21772477120386868,376,0.047577554775491686,344,0.13526034245629415,314,0.06757195783212798,264,0.017772771204742632,92,0.12494937122927838,120,0.00700220755686165,65,0.11371755457982176,112,0.0028893997119728843,61,0.16088720490993097,92
"(108, 64)",0.6287598868826008,519,0.01588464772428445,431,0.5438512872299057,511,0.03182226843562321,356,0.2097826179161144,406,0.06972896481973491,232,0.030074491143438742,139,0.102968562457065,83,0.011696482368125594,120,0.1153379688034455,72,0.0035305909799207003,77,0.12273519716517657,72,0.24973113983818562,369,0.0345159740646567,307,0.4405179955287788,479,0.030163113261530115,388,0.3241983715934519,468,0.04776109755253353,325,0.08073395068479217,243,0.10097953402582824,145,0.05074757784086836,190,0.09511620527388347,126,0.007252388596755033,102,0.12631629234377545,84,0.6940990662598447,543,0.01283116624254133,461,0.567138119537033,514,0.029002445351584617,368,0.2128277080612837,405,0.06844827488700729,237,0.020212461595143782,129,0.10765107610597263,75,0.003383421959765709,90,0.1180182353696219,57,0.0011513745081408455,59,0.1273272356867648,61,0.27009174808959346,374,0.012371779930051403,331,0.3538666325919275,466,0.04587709041598275,351,0.2635946120090724,443,0.060339419809988866,298,0.043643192650038354,167,0.12010681887972077,126,0.016295642912792285,115,0.11115458916629019,114,0.005798485769903938,85,0.16351878385729937,89
"(108, 6)",0.002942709427686707,99,0.09496350524694368,116,0.006203475239637379,106,0.1413663909737868,50,0.06683097131686933,203,0.10209640741735511,140,0.327110943667576,468,0.04647353635511193,284,0.4618968820664753,495,0.03386952028217397,317,0.609216803579927,545,0.022045889984714843,387,0.05076207158463786,221,0.058703580112081356,195,0.013670975427408916,129,0.09598371360926586,128,0.030673500435000944,140,0.10481500547033899,134,0.1830563105713705,364,0.07686415590595815,225,0.24977307082958444,411,0.0559170713460601,249,0.5244546831902339,510,0.030319153320460514,352,0.0015049822968741244,86,0.09913556545143928,107,0.0051111619283046306,104,0.1393662721271017,47,0.06542734812792372,202,0.10141887537557634,140,0.3851934185497886,486,0.0403024850325302,304,0.6138548257824367,528,0.020847114249194085,370,0.7173724225924867,566,0.014907744972203327,427,0.044210301284207,214,0.022616642499162412,234,0.02507257616768266,148,0.11086881812447628,144,0.04619935924520435,163,0.10782049520031597,154,0.2719995981439891,439,0.06526551181356535,295,0.41595150803631853,502,0.03775174202144194,362,0.5520651539071746,531,0.03581039146125614,373
"(7, 208)",0.09706253207022697,278,0.030371556977175897,319,0.22830154163464134,363,0.018011016084556013,475,0.07280649337909262,214,0.03540649746915102,435,0.006369744824438861,55,0.05013248975277051,259,0.0026060255084757733,59,0.04894212344008032,230,0.0016932956696973367,58,0.04428340107563871,247,0.16791217420081606,328,0.024739241876950924,372,0.13675338609077758,309,0.03334448410723266,357,0.09022062113865448,261,0.03338254383121004,412,0.014054880976796635,82,0.0569389423477627,304,0.008670673263848072,75,0.05149263528584406,272,0.0017628139535998955,52,0.05574867409845508,230,0.16220153710780472,323,0.021498575437183545,367,0.26388954001328757,376,0.015191651675369497,493,0.07534061340997866,227,0.035842041013192334,430,0.0035952634711677867,44,0.051949437012488456,232,0.000904356312318555,53,0.04614301041422861,200,0.0010026705358558985,56,0.04023177507561992,242,0.20560250756892628,335,0.008971728002217287,362,0.15030176932373618,318,0.03689711009048612,402,0.10373984298309802,270,0.0406524659857071,411,0.012251827588222297,70,0.0670143349511814,286,0.004870082338967796,53,0.06998078717929493,211,0.002890541705109939,62,0.0799423037138632,218
"(7, 26)",0.15784151322384843,316,0.025827191530413282,349,0.05878188672570428,239,0.028311311504644297,390,0.19758043565487093,390,0.025383900625670763,494,0.5406053761850248,570,0.011407745711156457,560,0.6413669247997691,567,0.00780980473649173,556,0.6833526845850831,568,0.005992438689595517,569,0.09010298033096165,264,0.030443931048637893,335,0.11394011354521683,288,0.035435982845727146,336,0.16773416426782473,345,0.02714860522851009,462,0.4366775709435735,530,0.01811193390036006,524,0.5016267201039613,543,0.013313814603291048,528,0.6796139085481333,573,0.007659773890660833,554,0.09397163526829555,270,0.025788677840051663,343,0.04610708842708622,227,0.027174182430908737,382,0.19274619369232393,377,0.026206388776754217,486,0.6072266070010268,584,0.009398116446725887,565,0.7370375103441619,575,0.004939950372287913,563,0.7287839002246321,570,0.004474615152737252,572,0.06881316200545784,245,0.012921960111140432,327,0.1027101157528103,271,0.04188989870371017,373,0.14898279709836415,332,0.03603213942334325,437,0.45558511528895307,542,0.020077586025777503,529,0.5728136515057272,565,0.014283012121145898,534,0.6306373705930871,566,0.013279340438736966,545
"(208, 7)",0.04171622213037729,220,0.022232887671675923,367,0.004612918512190367,94,0.02880052757473868,384,0.028307614528744196,111,0.024125043156967185,501,0.15590957860304877,322,0.011923495400076067,556,0.2260720686331139,376,0.008201416754631484,554,0.3737364535574228,432,0.005360659588514201,578,0.018963656704519938,159,0.02342738152852545,383,0.011960296347532817,123,0.03172934902041045,375,0.015375518067777705,105,0.02694641013686304,464,0.09156711031862808,259,0.019710536601638746,515,0.1783403829525868,353,0.01208278879463046,536,0.4086955236905232,460,0.006349558262710261,565,0.012740916512591238,162,0.022439052886263255,361,0.0033596615289903653,85,0.027687035420975933,377,0.026239744297637313,107,0.025046232548845457,497,0.20649356751949632,371,0.00989845263236029,559,0.34391250143089236,416,0.005252876085981545,556,0.4265844422195235,435,0.004062116159011506,577,0.006847792172325784,135,0.010351903994036266,344,0.017212942960221023,126,0.03778203536332341,395,0.02597376880099278,119,0.03200108752315703,460,0.1502848881464961,323,0.018630831074315034,538,0.23870200462205227,390,0.013354963927448713,542,0.32594106360495,421,0.01134770249251021,553
"(208, 165)",0.27867793294605137,375,0.01180492785800149,477,0.5791220861055151,527,0.005751780819981332,589,0.3360403082394714,496,0.010575609309763775,574,0.0984720921079707,261,0.013897077072549285,538,0.05969181111451771,223,0.012783985376385214,507,0.021878243896294336,169,0.013806043259334468,482,0.39436512403708845,445,0.008519189491582322,532,0.45886693277513957,489,0.0094076154064619,550,0.424136423583532,513,0.008918167911169254,565,0.1657164994877549,339,0.016174208368291358,535,0.08352166561028285,241,0.01555908429096278,511,0.017152120103209212,149,0.01827135980331122,459,0.45022839396677083,446,0.006837968858268963,545,0.614618415468639,537,0.004877228566888455,594,0.34719563093275396,500,0.010589387909868679,572,0.06838513286068881,227,0.014307011294235847,521,0.02683289204848971,181,0.012292983986098668,463,0.01510944049227958,167,0.012369093757730683,471,0.5316448339393058,456,0.002426590873975182,491,0.4081926826786815,484,0.013150693472192856,553,0.3486907655562098,488,0.013464686488213461,564,0.10272321370899928,270,0.021150199405352826,523,0.054731698204749546,209,0.021819682835856048,480,0.03031371799437843,178,0.025046164691098834,462
"(26, 7)",0.533165968796847,485,0.012770010915601225,463,0.7832453776688848,588,0.005141172297681444,594,0.539716721555587,564,0.011801286030490342,569,0.20293043413556533,374,0.015502402243675266,521,0.1494404120742867,315,0.014823144739213426,486,0.06871246440353096,246,0.016841783587547884,450,0.6739529220431685,561,0.009737552241783009,519,0.7019080433057481,573,0.009805286762174716,547,0.6636709535691226,574,0.008316279646100435,569,0.34328190643156753,490,0.016410165256401793,530,0.2516217606664616,412,0.01680396408782373,501,0.08887170052607796,269,0.020842672691853067,434,0.58560737226013,497,0.01060223552996363,490,0.800730002224961,589,0.004468370632797163,596,0.5454190127889418,564,0.011845281263827013,569,0.14983657285906393,321,0.016059833625077388,504,0.07394913184567564,259,0.01417390133887845,440,0.04604157119013563,227,0.015162569849144065,424,0.48534976264891116,439,0.004996328415409931,436,0.5279889020331054,532,0.014083887396275821,549,0.4844384840923901,545,0.01394976014305481,562,0.15871412598592483,332,0.0240424570679851,496,0.08834507306277284,251,0.02515771732548794,456,0.05600471878149782,217,0.02967565952295209,425
"(26, 264)",0.006764627260787748,130,0.05475168027191456,206,0.0004783710566631516,41,0.060595421002655664,197,0.00641589551070898,52,0.05170892792123494,330,0.07011498983838194,224,0.022092478334489563,461,0.10338111839310327,278,0.01676033234150701,471,0.2058115732898398,353,0.011683599459842786,512,0.0018721682291977793,68,0.06926992177812842,165,0.001378377840131062,53,0.07830045366270538,164,0.0020839088523687543,47,0.05679199370063875,278,0.026948268520631036,119,0.03832536535504054,401,0.0501128960137982,189,0.028774733492148416,407,0.1697923056767563,330,0.016797135928184912,473,0.004359985021629376,120,0.05429643229673465,205,0.0003639936548374134,41,0.058113890611445694,191,0.006124449281496691,52,0.05289725319278602,318,0.10307182549321281,265,0.01819283285730574,482,0.19537711128070145,337,0.01025280121762374,496,0.2640993274277248,370,0.008470331901077805,523,0.009817992028539946,152,0.018337003148058573,270,0.007051120808874156,84,0.059362396256967216,304,0.00988584458091779,70,0.05104756446613902,351,0.09643403470358802,262,0.028386200367629923,475,0.1706060578839077,345,0.020202286623332632,497,0.23534568689315405,383,0.01838963765506356,507
"(8, 112)",0.004883583740458164,119,0.0682815735527185,173,0.0006043858015730708,45,0.07221886049398762,158,0.018874888780478827,88,0.06231482723199287,275,0.17893381139896025,348,0.02456375686854493,439,0.2198896315262615,370,0.021242492340624294,417,0.3035522482380483,401,0.021729165483820333,392,0.0059878307304325196,107,0.08445615786312574,126,0.0021370782415861544,63,0.08783031738902199,144,0.008493490983955798,78,0.0643153733468622,233,0.07553350097484235,230,0.04479540336788298,369,0.11804026885543695,290,0.03728635995696028,349,0.22786751698625696,370,0.03177554655538105,335,0.004113521613404392,116,0.06704401363755431,169,0.0005417907388292065,45,0.06881874032294964,157,0.017761800474441092,86,0.06300782082103405,262,0.23081474380413136,391,0.02072310442465686,459,0.35101540751085414,418,0.012565712998596238,460,0.4479118693318067,446,0.011951306315367428,477,0.01871889661397741,175,0.03580971050497961,156,0.008138946020599502,87,0.10027158658302446,168,0.015502952835982908,89,0.07266972263069217,242,0.13202436325618117,303,0.04255251652296282,392,0.21696172173234718,380,0.031982243872074795,397,0.3586924032958386,438,0.032419106435472876,400
"(8, 81)",0.5724898982468258,495,0.013951699855460083,449,0.7671960217335684,584,0.006669909408358207,579,0.39503784143689147,524,0.02261205132307604,511,0.08316469388165659,246,0.03171119415058748,379,0.06229688370607578,230,0.032343345997815284,330,0.035266640886998046,194,0.04453138133073275,244,0.5481686233795838,514,0.018739144817539435,422,0.6612152052841365,564,0.012985848016355042,528,0.5043000800251097,540,0.016485945484043082,527,0.19238591855711162,375,0.03280113684904924,431,0.13222805830033513,308,0.03590201667888236,355,0.05895783259219323,226,0.049866244966418685,253,0.5922218783108782,502,0.01279194110235775,463,0.7748286032992326,584,0.00610822973850513,580,0.40372602849156425,525,0.022243060270223762,510,0.05777426199281788,212,0.0328824772934077,354,0.025565293521116583,178,0.030089312746109712,293,0.01295762434335912,160,0.03893179605313285,247,0.3962270039269745,412,0.01294532232689793,326,0.5097927909099632,527,0.025248526989089522,477,0.4229772554727096,524,0.024139001748361155,503,0.11822931726250185,287,0.04414703582896012,386,0.06357414895629532,221,0.048151496049107054,306,0.024258963494002694,162,0.07957030441878463,219
"(112, 8)",0.2832935946294822,378,0.021216898522740467,377,0.5293997558444067,506,0.010739978433206019,548,0.14535130606110358,333,0.037980016391792236,417,0.013690233474558333,86,0.05355548581481887,242,0.008337460169843047,98,0.05514888428733784,202,0.003757379233775837,80,0.075209823023923,146,0.23392813511653165,355,0.029947280711400962,340,0.35254156104572165,442,0.02243086655114335,448,0.19135477258940314,370,0.030078085552456148,437,0.03699321743230821,154,0.05712117784003897,302,0.021216534549499233,128,0.06165394188845694,226,0.007077098182689534,98,0.08373554603728321,152,0.29532694026961837,380,0.019897246967543133,384,0.5410989960232384,507,0.009825583784740534,551,0.1498076139644543,336,0.037162567026087084,418,0.009003004601305875,72,0.0554520359359772,214,0.002890126717466357,84,0.05147796143791127,182,0.0013016827944141163,64,0.06587369970269125,163,0.1234794901471965,287,0.020362401062343667,252,0.2226986413586609,386,0.041577912265189976,375,0.1534571052614102,339,0.04157949563718168,402,0.020160523990546464,99,0.07499806250599161,245,0.008584523796742793,75,0.08172363003620632,176,0.0028099617606451854,59,0.13281026120403644,119
"(112, 33)",0.040435403189813535,217,0.04059821055352817,267,0.006972073369990506,110,0.04547897540507018,265,0.10664294064741664,274,0.04210988835306729,393,0.44032310661216556,527,0.016840323218667703,509,0.5066932668020421,519,0.01402704780259591,492,0.602358892261007,541,0.013844729292396276,481,0.0565519459974384,234,0.04807312580725158,241,0.025300435116450526,162,0.0539767621326195,253,0.0760887268066247,236,0.04090312763822377,371,0.29647167847876177,457,0.02854369015084447,457,0.3781880570386781,480,0.023602050126368165,454,0.5275281003633874,513,0.01989663947942605,443,0.037280170896774045,216,0.039664444918812373,268,0.00634422717059957,111,0.0432504898739807,257,0.1030943950526706,269,0.04209255773783539,390,0.496733762689779,547,0.014565948165564167,518,0.6306524110043449,536,0.008550607046257515,519,0.7069042207219498,561,0.0080740899902007,530,0.1265329411326649,292,0.020197272673694096,254,0.061098082232892814,213,0.06398713640444302,282,0.10029817779223282,264,0.0479119525442263,371,0.385564412433399,515,0.028044756181162436,476,0.5029207813645562,543,0.02104197618876267,487,0.6335898295821402,569,0.02182038295622591,481
"(81, 141)",0.739839052181493,557,0.026981990185231407,342,0.82970302277082,598,0.014458603967726885,507,0.6777735232927936,592,0.042431641060723155,390,0.47744328104228717,548,0.06028617278366339,207,0.49281627370104863,506,0.06079217989694324,184,0.4787201974228893,481,0.07192958140042327,156,0.7630669219672684,578,0.03450773737147975,308,0.7662379628790426,584,0.03136908079302404,380,0.7125135794623474,581,0.03813200364711633,380,0.57510659174337,580,0.06640047975814314,262,0.5202768154357331,549,0.07120105501418715,189,0.5017814269597805,500,0.08201959923785788,155,0.7557374218502304,556,0.02467673770737978,351,0.8376568329925373,599,0.01307763093776399,512,0.6761922678976109,590,0.041803865194586044,392,0.46287487839534824,529,0.06108154261530563,191,0.46770474560752195,467,0.0549092543455877,168,0.47717878824223847,461,0.0661667189309029,160,0.7159831730974575,502,0.01867533050898304,267,0.7282308643930036,586,0.046099578730318266,350,0.6568635706401513,583,0.05314955030378487,344,0.5211127367403621,568,0.08833650869006066,198,0.4549199711637595,522,0.09558934074666621,144,0.4165336433645206,471,0.13757001325558765,115
"(81, 8)",0.624736492862402,518,0.04162319403918415,260,0.5698957626182632,522,0.0424065234643364,275,0.7131702897837562,596,0.037011113413933226,427,0.8424233584207779,607,0.014554919983092815,528,0.8715226951592889,607,0.012299872374388076,515,0.8797088616446839,607,0.013064746503506237,491,0.6596102510100996,556,0.05255522257548483,218,0.6416558042391668,560,0.0516210127212735,263,0.7227816889422869,583,0.036559400008432254,394,0.8117082301143326,604,0.0256581731575152,477,0.8267149165800203,604,0.021426973978911593,470,0.8574661535221935,603,0.018996023935447706,449,0.6250557258179124,513,0.04085231010823445,260,0.5695614014498838,516,0.04043501983702084,269,0.7040089735236312,596,0.03760395422607373,414,0.8609144557835284,607,0.012407551406779802,543,0.9062005787461248,607,0.0074576090954084715,533,0.9246353264576844,609,0.007343108867416046,540,0.6726609137201054,492,0.022066462318073386,239,0.6565057154350654,570,0.060724225860080736,299,0.7174755022388435,599,0.04225081362122755,395,0.8359572576368923,606,0.02510922665952797,492,0.8605126337367126,606,0.019071522259026804,499,0.888528847624646,606,0.019584939200527157,498
"(81, 107)",0.0012645661570870326,77,0.393546925030998,11,0.00017457298572665092,34,0.3898008126001775,6,0.007337880409767794,54,0.396037615405218,11,0.12403677231143062,292,0.1550757985808466,40,0.11222892384541616,288,0.1696764120652178,36,0.14572950969839693,306,0.17321406902478914,38,0.0043333342190456925,95,0.49209566852341025,10,0.0005357639409229176,41,0.5539001747746178,5,0.005811177301892512,63,0.42005124437770713,9,0.03187826486809808,137,0.33971428771114215,18,0.04696104122684286,182,0.28281016935511005,18,0.0959472332937592,276,0.2487752789275644,26,0.0011739581632320695,80,0.38922660481327825,11,0.00015410582174191223,33,0.3739909086857961,6,0.006698440317940424,54,0.3928443028869523,11,0.16525844607858642,336,0.13292588888763893,48,0.19107690772744101,335,0.11238973632485406,68,0.20989091890552591,346,0.13187334283034247,56,0.005759027057749555,129,0.20888857975249858,13,0.002513553366828125,58,0.598206467647308,8,0.005730080437649443,55,0.4757943754811437,11,0.05755981922590314,197,0.3327622653806066,21,0.09247993340534277,259,0.25896613999397883,28,0.1169707597206513,295,0.30884331588908215,34
"(81, 195)",0.10193324536384396,284,0.17825199053016885,45,0.23478280012749297,367,0.10273279428876561,94,0.02989103591324571,120,0.30959699090834936,18,0.0011924640116873775,29,0.3715636099047658,6,0.0012301502430147604,34,0.3895160341168638,4,0.0007620438264952512,38,0.46190650337264283,5,0.042082882427376456,207,0.33149640234598826,14,0.1434790893522362,312,0.20358198911455622,33,0.032631827733086705,143,0.3119652188655625,17,0.007190232387533357,51,0.4420732620059236,9,0.00505971399909888,46,0.42351338460188587,7,0.0016412542571387911,50,0.5244689370903054,6,0.10301632408358896,279,0.17444842382275758,45,0.24273654972853131,370,0.09582877322311623,98,0.03294910162909148,127,0.2967199194892512,18,0.0006714461390027182,26,0.37975737551294286,6,0.0004033443307815965,36,0.35899233436096495,4,0.0002835368084997958,35,0.45429928349355697,5,0.036423383544633925,207,0.15106518429867957,22,0.06546570312792976,223,0.3357250617625046,26,0.03778013619477494,149,0.3408838640847574,19,0.0036847342092783952,37,0.5473508926177513,7,0.0021545498907544758,39,0.5246025086314511,6,0.001591981542928389,49,0.7037904850932105,7
"(9, 80)",0.22012532551091402,348,0.03314950887212501,304,0.17267522863525087,338,0.049593416624786085,243,0.024391047262610543,100,0.17231516532370522,48,0.003638815627331593,37,0.21757299271618713,20,0.0030113636304475166,61,0.21614721448826543,19,0.002658574385267065,67,0.22624830644236563,21,0.12545874476735486,294,0.04734161840780714,244,0.08470011769964692,253,0.07477047270753635,175,0.0430254347045792,167,0.13008659608701054,83,0.009331886788054411,58,0.22335217963349913,30,0.008735099242710653,76,0.19445088398340424,36,0.007300897908198101,103,0.2125701639897437,36,0.21402876208878607,345,0.034011310981625124,295,0.17113515190101092,341,0.04891939945237292,232,0.02328309483880686,99,0.17329847119524366,45,0.0029591565358942917,39,0.21878839257384183,15,0.0014348087180660052,67,0.21692341975917695,15,0.002196887397506564,82,0.21894001077668312,19,0.06739398616273529,241,0.03051763767645774,186,0.14621371988854248,316,0.0836759695273971,209,0.049444609417354624,170,0.142341570303192,97,0.015307068289075909,85,0.22568598071076879,44,0.008325226208989789,71,0.24003045264109407,33,0.012068590762769449,119,0.2548497827769307,44
"(9, 89)",0.2381820833316548,355,0.0315164340440652,311,0.046021377792387796,226,0.08275072155303356,135,0.10694338103102874,276,0.1095595620191541,118,0.20353124845775472,375,0.07148474922558136,162,0.304791173764447,417,0.052415140001986105,219,0.38871910125051556,438,0.04330358683539344,253,0.3127798001198432,409,0.02743508929243244,355,0.21538059414606425,375,0.048158065944144006,273,0.1916788841622573,371,0.07222044096199681,204,0.2765560922057486,448,0.06962073841988373,246,0.33580956782116056,464,0.05123679830374407,274,0.4036609788366322,455,0.04547536570895382,271,0.2093565773270969,344,0.03446955489398438,293,0.0389041020818921,211,0.08514298044921823,117,0.09863134760555514,263,0.11261257864650057,110,0.2124396835023995,376,0.06807490138317288,161,0.3712129966402663,424,0.0402414620645234,232,0.4234729175623818,433,0.037291593501632664,255,0.22568333554604192,348,0.017622544113438426,277,0.27777932839861597,422,0.05711061339651163,310,0.21742209975545457,401,0.0763417601406594,227,0.25712023408985507,425,0.08143429933468473,221,0.32362640320978886,444,0.06475406346071169,232,0.32687651871198176,422,0.07291262805434025,242
"(9, 211)",0.04344816882902047,223,0.06465221959830736,180,0.09165221169950621,273,0.06589747756693849,179,0.0632074656520164,194,0.13270891522708514,80,0.022207598775961346,118,0.15746427763702572,38,0.008836145832954001,106,0.18299986391505357,29,0.00395903164319078,84,0.2140723645905348,25,0.01701718636185512,151,0.08629338566824292,121,0.030939756944575403,168,0.10142271137382175,119,0.04521842678164545,169,0.12826616926077675,86,0.014486262947475348,84,0.20559219911089527,37,0.006103642588007885,57,0.20647020831780258,31,0.0019489622544744956,57,0.25721001281282896,22,0.04763959207221102,232,0.06349472766978426,177,0.11035345252781059,290,0.06008200065505817,187,0.0649038428643961,200,0.13090281321727104,81,0.019579161943769186,125,0.15821146000260458,34,0.0061780451222710475,111,0.17754050157956222,20,0.0036725023488174413,102,0.20426045256976494,25,0.0010238531808633988,99,0.06696322521760047,69,0.024723376737629033,146,0.15075657339839207,100,0.03853513479765025,153,0.15273008136361993,81,0.011409193920425942,66,0.23899047726912548,37,0.008720563744695986,76,0.2381035186327435,35,0.007691550766854571,97,0.27630084820436596,39
"(9, 23)",0.00816724682212755,139,0.09324215610385361,117,0.03740722713181832,207,0.08764843579037677,120,0.14194819169566975,326,0.09670126807015365,154,0.34299794101063885,480,0.04900643802999078,268,0.3734169093136571,461,0.04379259550772558,257,0.4563339949795031,469,0.03617408492224386,288,0.023677872001538036,170,0.0802587835428199,137,0.04356819248903643,196,0.09259476349726696,133,0.08132116765321751,246,0.10624010063231817,125,0.2011998028685521,388,0.08581476633226925,190,0.2700962169456791,420,0.06095702031060642,230,0.3872176320372246,444,0.04748501343101385,263,0.008265016091723587,146,0.09383040732867032,116,0.03715314759266497,205,0.08620424975483441,115,0.1432796152591792,325,0.09578775496574066,154,0.3653173448395447,475,0.04516893604455777,270,0.4426306977116672,455,0.03331826090493664,271,0.49505932122240137,468,0.030695135234445746,294,0.029055850848254683,196,0.038812286189266874,137,0.03752743900649924,175,0.13581943703165894,112,0.08347714792420857,235,0.11985646011811245,130,0.22825540188735616,406,0.08817650020821974,199,0.29938556434377994,427,0.06901901575647232,219,0.31068152879884636,413,0.07607941093087939,230
"(9, 69)",0.6504001044903622,532,0.009817179442766532,507,0.4942154027538743,494,0.020708968944456164,453,0.45862430262902654,541,0.040361112113097085,402,0.4930465142341103,557,0.03283687528746878,373,0.5671422769342344,544,0.025617899216224267,374,0.6255594801291988,550,0.021892119961213777,390,0.6016475299028845,535,0.012295602006547503,494,0.5669703068626154,539,0.018464515765499546,476,0.5011094647224075,539,0.03132659550994933,428,0.610197115980468,584,0.027573471310740515,462,0.6456388557327382,587,0.02106096480493255,473,0.6967268018214108,582,0.01849558851457815,458,0.6511113793322696,526,0.009874634431794382,496,0.47568900557513294,487,0.02140166278517913,435,0.47112547195889054,544,0.038812180994066456,405,0.49660575415071473,546,0.03176582124670612,360,0.5783742588302132,516,0.02261280639675249,349,0.6005515299949825,513,0.022426351986997467,351,0.643110961233609,487,0.005437874293226604,427,0.6982884299041063,579,0.0165832984935907,535,0.5512377923341986,562,0.030867901568374878,466,0.5753286761722536,584,0.03417488982720336,442,0.614619145629651,576,0.028628949150268826,425,0.6430920611660297,571,0.029538123223329833,426
"(9, 186)",0.07818318039601935,259,0.05369776654855959,210,0.08171098258043985,262,0.06876865588543873,167,0.10150917885296429,267,0.11189729653571624,114,0.2350057825669266,407,0.06538151712360968,186,0.2924227613500957,407,0.05415767096131142,205,0.39189458433678914,440,0.04294400154966786,255,0.11373006456362622,285,0.04939834295542346,236,0.08521466451128745,256,0.07460385877226416,177,0.0665755368692117,218,0.11386055181590315,105,0.16803880837885465,345,0.09480897975558748,159,0.21397260741935942,386,0.07117545812170267,190,0.34979055043781027,424,0.05237010420663492,243,0.08308057625671428,262,0.05297624538978341,213,0.08486356268392048,265,0.06658585434320602,164,0.10425534792074564,271,0.11014441898336598,115,0.26811614702697273,422,0.05835678592680315,203,0.41237242563005183,441,0.03611553492801067,249,0.4334588866605005,440,0.036312251161353115,263,0.7526292506434291,514,0.003521854025442515,467,0.0429326104914064,188,0.13090005699220433,123,0.06170341379621991,200,0.13294281909836786,111,0.15516494705869488,327,0.10961067988438761,145,0.16663470257506163,338,0.10030908564079975,129,0.18248655110347056,344,0.10850694577468566,148
"(9, 144)",0.5026785480805774,471,0.015543233829388003,436,0.5610377918264225,517,0.017065007621527507,483,0.5634736117758179,569,0.029934941853881285,460,0.5670926315792721,578,0.026480638898559422,427,0.5753746391383903,549,0.024980690649492987,378,0.4892040537169754,485,0.03305443208346832,307,0.47682068000519173,484,0.01776454366271053,432,0.5023453549941637,505,0.022299226969630926,449,0.6013776355338664,564,0.02321776713321022,485,0.5547801833881056,575,0.03276869538476881,432,0.522138681879136,551,0.031028315572740363,382,0.4420456510390198,472,0.04106345975313311,286,0.5069181566452081,463,0.015486943920507305,434,0.5575851385411137,511,0.016928239176501603,476,0.578707977722641,573,0.028428001776320908,464,0.5701824992913427,570,0.025630525527879238,412,0.5941223444840853,520,0.02152541356360011,361,0.4675684407362568,455,0.03311724471042512,282,0.9987007797140717,573,0.0,578,0.4759299892393015,517,0.03378755307351893,424,0.5157574170232282,553,0.03422898291133423,447,0.49855805525988117,558,0.04279433803725804,390,0.5204289476412551,550,0.038169797023840255,357,0.36219075412412227,443,0.06648136938648849,259
"(80, 9)",0.06361346965478598,251,0.11130899682175376,91,0.04514682076467291,223,0.1659829739793259,34,0.25498400012581734,443,0.1650420459148655,50,0.6688530928027626,597,0.062416247586956394,200,0.7532812359492291,597,0.04373356406474701,259,0.7491979669878122,591,0.045206160375037434,242,0.15247736796570943,317,0.08956513376612332,114,0.13973783003693852,311,0.13752466420572432,67,0.25516830587271,428,0.14118350557753148,65,0.49215903201099687,557,0.11512818498769678,111,0.6266519569201028,582,0.07398227613109569,177,0.6723096030007332,568,0.06361434141941652,210,0.05682013982064882,240,0.11737256206494606,89,0.041556148837594176,219,0.16679079342019767,34,0.2543323845186466,446,0.16670405486450973,49,0.6978608354090168,596,0.05559238551696468,213,0.8451433047513774,602,0.025624356062058904,319,0.820225507167075,596,0.030572717441910802,295,0.0027038046028140528,117,0.12410508112263945,30,0.21236939944272504,373,0.11854981865316887,132,0.2776141498207958,453,0.1424162776346012,96,0.5367833412585046,574,0.10151925966440795,164,0.6660816673017375,592,0.0652337245855905,231,0.6886903750999436,580,0.06074430507773291,275
"(80, 247)",0.005992115875274928,122,0.1774217297982561,46,0.003978742360909782,85,0.25340405135529004,14,5.051236336328646e-05,3,0.7041633417839502,2,1.4468467157691123e-07,1,1.0,1,6.023877285876722e-08,2,1.0,1,1.5107456730056867e-07,2,1.0,1,0.001494342328600684,62,0.23007109824505007,30,0.0005650303436455228,43,0.36835539902013514,12,7.50885569675841e-05,6,0.5913647262834272,3,3.1066293506576415e-06,3,1.0,1,5.330046656260023e-07,2,1.0,1,7.439256102248493e-07,2,1.0,1,0.006421126370181884,130,0.17940880474768975,43,0.004221856002901259,90,0.24760048612515387,12,4.784805164159689e-05,3,0.7118114568389836,2,9.27472210143776e-08,1,1.0,1,1.1245278042082418e-08,1,1.0,1,3.762981493071749e-08,2,1.0,1,0.1270121117156664,293,0.05555556145510499,92,0.000611604370318819,32,0.3895855859751411,18,8.125658442104111e-05,5,0.6295892234599585,4,2.963817424150861e-06,2,1.0,1,8.374878457395596e-07,2,1.0,1,1.4025742055556734e-06,2,1.0,1
"(80, 252)",0.7214009251832575,553,0.01559386174536124,435,0.8096046792343252,595,0.013795657572087007,514,0.7747557923109913,606,0.03331736719311358,444,0.7610939647846732,602,0.04275640097140094,308,0.7284625946907408,595,0.04878902787534619,231,0.6619796822696871,563,0.0640192617480298,176,0.6084704358266771,536,0.026044423825503205,362,0.7608534387206329,583,0.021487692427760954,456,0.7460206050124003,589,0.03264981029112626,418,0.7118761796528813,594,0.05664477858804943,306,0.7092596248422682,595,0.05485875859029733,253,0.6178414263345193,552,0.07669177030165576,168,0.735375601100503,553,0.015000501677758571,436,0.8221470741897253,594,0.012601399991934489,520,0.782177454013087,606,0.03236278419182111,445,0.7573602955576813,602,0.04319809780877313,283,0.7317786119902626,574,0.04707586214517303,198,0.6829032631652597,548,0.058079309884874385,179,0.4966098092655138,447,0.020706356593427892,249,0.6298849314622247,567,0.03815008382907165,394,0.7054194610348279,597,0.04139804215888917,406,0.6625454626269511,595,0.06817738790744941,279,0.6286860270147439,579,0.07420598751223174,199,0.5658196295819281,538,0.09147236631395056,189
"(80, 221)",0.4406607010472243,439,0.0377960574020424,276,0.6166747128055926,545,0.03097235298120285,367,0.8069187577400332,608,0.02808825727044861,472,0.9233146637485546,610,0.012668690700962168,550,0.9380223481295502,609,0.010031667334831493,534,0.9424496138945346,610,0.009432294989073282,534,0.5141707861328848,504,0.03446098857236736,310,0.6475345239678187,563,0.03377842516314078,351,0.7555410662725519,591,0.03126486338019868,429,0.8702060242572812,607,0.023504936161770046,494,0.902638707090466,607,0.016640091198825185,502,0.9216849425471617,608,0.01336255091194473,509,0.45258156365294144,447,0.0373882083504768,278,0.6239451416978381,545,0.029764337867184115,360,0.8119581805308518,608,0.027513315000997764,475,0.9326386472615855,610,0.01100140285718735,551,0.9600607705140431,610,0.006264199464679231,547,0.9585705826119293,611,0.006600375636548038,552,0.5611994961695586,469,0.01723685516966013,282,0.5369014449668856,535,0.050758257773201185,333,0.7270911453218631,602,0.037889492436294414,426,0.8673723860840619,607,0.024019360191475887,497,0.9000941437974002,608,0.017262713751579246,513,0.8944368262333332,608,0.018510317138019018,506
"(89, 9)",0.13955923010724192,306,0.016993361994050014,416,0.20880535602471362,361,0.03242496737577847,351,0.13794845328221506,320,0.06454937464973258,261,0.12281180269858083,290,0.04871918101787029,270,0.0973374845499192,271,0.039066310148626826,289,0.08289480985348752,260,0.03664026553647787,283,0.121953308144643,292,0.0165078914199035,445,0.10060138972330557,275,0.03232650372719744,367,0.11418969026187087,288,0.04632235869521091,338,0.13535533598037985,306,0.04020342362804683,387,0.12972234529039062,305,0.03024549926804762,392,0.11038479358248954,286,0.03044935063668002,347,0.14772079395588156,311,0.01771772646373745,408,0.21031052385331028,358,0.033083036178248586,330,0.1504568679577628,339,0.06229645761861507,268,0.12029324611849357,284,0.04790111057930775,257,0.07920351098171996,269,0.035109336228349934,257,0.06767734283032345,255,0.03542457526412373,269,0.09867798026998997,275,0.012647772651659275,329,0.16772727897626127,333,0.028763842355590628,447,0.1202965270839842,290,0.048558268275075096,366,0.1252468036242549,297,0.05084401691414877,351,0.11522173295715565,290,0.042405924436605416,338,0.14354297385484038,310,0.041418347878722866,342
"(89, 75)",0.11149027863055472,289,0.01831413861515403,406,0.06728856567889174,244,0.04729475742237152,254,0.11288827436882154,288,0.06901042566752061,240,0.12721403625499483,295,0.04815059636800408,273,0.15746195420283127,321,0.033279021953812035,320,0.17938446974913214,339,0.028327360655135445,333,0.12809701647353489,297,0.01623964235832999,447,0.1530552598660384,321,0.02810675079509983,404,0.1364719174572866,311,0.04365009557855923,350,0.11518676447014875,286,0.04242488158083188,380,0.12039367486675212,293,0.03100733667632268,384,0.14085147218138205,313,0.028073333722467435,366,0.1047372760914258,282,0.019869553681877043,386,0.06658523741891398,246,0.048539993149127186,234,0.10258987403290543,267,0.0707781475902925,224,0.12982795505632727,298,0.04669853524064009,263,0.18572747392029987,328,0.026426848770000965,315,0.20798091302860555,342,0.024365645689219027,331,0.15563025401905473,306,0.010865660356921563,341,0.09022517512552453,252,0.03536759720413893,414,0.1298245029949181,308,0.04734004471660471,374,0.12475352081289448,296,0.050910942200901366,350,0.13531640400343825,308,0.04019337916929325,349,0.1081269403622267,284,0.045520684080269096,319
"(211, 9)",0.0022334877458654034,87,0.24325443290985152,24,0.0028704172751418122,69,0.215557261756514,21,0.01840065872907859,86,0.2166907708880664,28,0.12919369779155987,299,0.10071630018897765,87,0.18741590273505926,350,0.08753976806711562,119,0.2799689247515956,392,0.07365027492131986,153,0.008028260644489249,117,0.21419520606648035,34,0.006538965318124257,87,0.23815996686503818,28,0.01311621628492965,96,0.24841344512365937,24,0.06351687552829632,204,0.19571215637995823,42,0.12055807732853419,294,0.13700208931336336,61,0.2264962602113172,368,0.10707938655196296,118,0.0021681970688677277,92,0.24138191684000923,25,0.0025499764320775498,71,0.2074198956546044,20,0.018797872257019344,89,0.21211024823519176,28,0.153459088349839,324,0.0896496826316239,107,0.28213443334180943,387,0.059541643902548784,159,0.3500504437696933,407,0.05588244914715931,189,0.021577674392764923,182,0.11165907306161307,36,0.008164159721480657,88,0.34145998088863083,25,0.01521289226310607,87,0.27897678802790316,26,0.09407146228681551,258,0.18137907553777807,63,0.15853318236703484,328,0.1303269043168371,82,0.17776337750320048,339,0.14066362222341414,108
"(211, 221)",0.6568791248687105,535,0.03657857656554312,286,0.6313686819400693,557,0.03570946343358102,320,0.3986811466403992,527,0.07772778740592033,202,0.12089805171736334,287,0.10296914480633393,82,0.07825362266881719,248,0.11712224473958122,71,0.04135387295017923,205,0.1393281655472766,53,0.5115484938733388,502,0.05362755098179156,214,0.5373722896275561,529,0.05477890541283176,248,0.44623787502643864,522,0.07666358863408604,194,0.2170916106196481,404,0.12992712562263362,86,0.1295497116609845,304,0.13375616584939132,63,0.059517504995740156,228,0.16717755936551856,53,0.6597995251008031,534,0.03588671038782721,288,0.6435866231639782,554,0.03282162889270434,332,0.3956238352463144,522,0.07682520609065861,200,0.1002966842801235,262,0.10330407083050845,83,0.04075325277842634,209,0.11347985164374481,64,0.025734109132594774,192,0.13339798298568967,54,0.3757428742732769,404,0.04307897012981428,127,0.5093956363664208,526,0.08609116188425729,202,0.4256281389250136,526,0.09189570676878366,188,0.16205798651072167,338,0.15130374215314926,81,0.09656394586763639,267,0.15374552036826522,64,0.08387049962111959,261,0.18068668541349003,74
"(23, 90)",0.009391922248041862,145,0.1339216865883498,71,0.010413868027914996,129,0.11825532119943595,77,0.02035904457955151,90,0.15593908366588444,59,0.039050241804283514,167,0.10274769326160486,84,0.043132758759276024,195,0.10139652578809734,86,0.07250704173914713,250,0.09105676326485629,118,0.026198924000443546,173,0.11508530320158036,85,0.01904862028377119,151,0.12830746472528778,77,0.01380041525572262,99,0.16849538781588927,51,0.0206320580777708,97,0.178180726494777,50,0.03265122669810894,146,0.142752549958471,58,0.07146661525611053,244,0.11364022107975294,106,0.008611265609852148,147,0.1345734594284106,71,0.00832477423766953,118,0.11830638300575452,70,0.02040799575801633,92,0.15614469421077193,56,0.041015862974497,174,0.09921885166532858,88,0.04819060109945461,223,0.08571530149888056,104,0.07835209276871202,263,0.08369988484892764,126,0.015981858207703148,167,0.06071829256184218,80,0.01932823484056123,132,0.1952663034283061,62,0.021043116381797455,103,0.1838250992080424,54,0.03067819294672569,125,0.18810917142181727,58,0.04158268132865195,181,0.14219804616276754,72,0.056619537564071454,219,0.15703465608262904,93
"(23, 9)",0.3649908043123957,418,0.036900703635306904,284,0.30481493795940084,407,0.03853447447474064,295,0.1972927921047356,387,0.07563274995126577,208,0.11557821694134274,279,0.07351105997731591,154,0.10119859599039172,276,0.07822107551243337,138,0.08367875139726633,264,0.08691582698492747,126,0.2924132405797373,397,0.045702739078924,250,0.20612888954359176,366,0.059971463518024896,221,0.23653575705851537,415,0.06852557169599743,215,0.16457619847106764,338,0.09513172538415234,157,0.14425815235236494,317,0.08921044801818699,134,0.08928328768798866,270,0.10562030189965288,119,0.36369055133410155,414,0.036725084628660816,281,0.32359843339044325,414,0.035546193487397446,305,0.20314489494138754,395,0.07455242556943392,210,0.10691055333903587,270,0.07404842910403274,135,0.0784162219740101,264,0.07432906540988185,123,0.07602709114619466,260,0.08451900678233745,123,0.1565865800345213,307,0.031667589651175575,178,0.22119329968033785,383,0.08785673864310284,200,0.22727050952328887,410,0.08270939985908911,211,0.16245042010457422,339,0.10969944980735673,144,0.11191259149977228,287,0.10463131090669518,123,0.12883893952185588,299,0.11844020810506395,137
"(23, 143)",0.16078048448711058,319,0.06323519430178169,185,0.25294406280023196,374,0.04401256131398691,270,0.22892440749138943,423,0.06940985148975902,236,0.200814007241643,373,0.05679197128827518,230,0.19064266198456636,353,0.05908817568934381,188,0.12452341292402425,297,0.07497534113288291,147,0.10737729806457419,277,0.07743960834301329,149,0.16574799199552548,333,0.06723851893974597,192,0.21796125576838377,396,0.072005944177827,205,0.23988611052241282,423,0.07723957979645746,223,0.20910528120026983,382,0.073961297234678,178,0.11994817901239685,295,0.09458111704923765,130,0.16955847539244762,326,0.06112514200174139,184,0.26991688071957565,379,0.04074512818533584,266,0.22904810927760633,424,0.06951053956690194,232,0.19698523852803218,364,0.056095963940031766,212,0.18091316265312996,326,0.052832157873424754,177,0.1334894437365728,305,0.06861331196538926,154,0.22145644937499964,345,0.026366915279579354,211,0.19050656531109433,352,0.09556765567959871,181,0.19429562137116696,384,0.09047956118201073,190,0.20330734365015024,386,0.09764747181728868,181,0.17380865464612116,348,0.08614212664334804,166,0.11468625584598091,290,0.12418148661798623,130
"(23, 169)",0.3220830950000414,396,0.041119974808439166,263,0.23564566681412646,368,0.04605497249344641,261,0.2569458126635127,444,0.06448552684680713,262,0.2975448169692989,445,0.04406250449997162,298,0.32506148601136875,430,0.0415677905321657,277,0.3725164885228165,431,0.038322273024312646,276,0.29436397719325247,398,0.04547656393655163,252,0.34939952048952005,441,0.041416759256950424,304,0.2935415807210877,450,0.05913893296684727,265,0.2885344155973657,453,0.06811340993482813,252,0.2682442870311631,417,0.06326786554242653,217,0.3690785006599494,438,0.04802682939424773,262,0.3244618342121346,399,0.04054583213525501,261,0.23870515816516225,367,0.0441914502300644,254,0.2492330999356237,443,0.06591023116139771,249,0.3124429773046501,447,0.04146841326324664,298,0.387003522352239,432,0.030918950238325603,286,0.3562479958885145,410,0.0376259409766041,253,0.38528549716474814,408,0.017334551708282388,280,0.28471195605196964,429,0.0744433329805364,239,0.25663575156984786,439,0.07656528327852302,225,0.2585762339925135,427,0.08429302478503556,214,0.33382575611131904,452,0.056499973435892144,267,0.3377353723355502,430,0.06703841055543211,258
"(69, 170)",0.4250407854272107,434,0.005240638379075871,564,0.6405196266528281,560,0.007375489012720908,572,0.3530428628613186,506,0.024229864156258194,500,0.4304281594253552,522,0.013851124421144828,540,0.31978936052298024,424,0.012706931872933439,509,0.21322463793429047,355,0.014782378539772026,467,0.5650753020575312,519,0.0043959454098689826,580,0.48326547592498126,496,0.007980629389402834,557,0.39631285886273493,498,0.016315287458681688,528,0.3636762830697787,505,0.01621395176986964,533,0.3751415871123238,478,0.011049017389394048,545,0.3176854561004696,410,0.011332212918702542,524,0.44397698146542175,441,0.005387901283284972,563,0.6594200320771646,562,0.006958044034422989,571,0.3696062479904856,511,0.02333764127958661,504,0.4176000657480814,503,0.013685287704114198,528,0.25684540884781515,372,0.011977656079106468,467,0.16049258951441236,320,0.016138386556998608,415,0.9368262346147066,556,0.0003796360060593093,559,0.4691832465121686,514,0.010291530083562588,570,0.3557751337021534,493,0.01929769718768069,536,0.3051020563821514,474,0.022180932304028917,510,0.28092930475408895,419,0.018583948421168846,505,0.2622337541521209,396,0.021070637724023265,488
"(69, 9)",0.015276742181228986,172,0.015880011468242944,432,0.0026276696719473858,66,0.04607281112551727,260,0.025214002676082092,105,0.05840000170931126,292,0.01469988337765571,92,0.042692077847603226,310,0.03160237102351249,172,0.027484561714523202,362,0.06524682553238625,243,0.021936650646752546,388,0.005201126763976105,101,0.02097596354840304,398,0.009973770811362526,116,0.029094614370508583,395,0.01870767975520038,116,0.045144080218665936,344,0.023444740407419506,106,0.040436981308187965,386,0.021667346415274125,130,0.028583812340472973,408,0.03205521392350297,187,0.02434151529826877,400,0.013333097334829236,166,0.01733389247395821,417,0.0021765975652821012,66,0.0467320865027122,244,0.02250920897958375,97,0.059317565298509976,283,0.01610646854744302,110,0.04050487924802492,303,0.048364368691552695,224,0.02089715994291428,369,0.09516853081190468,274,0.01920940826764721,381,9.962813349195798e-06,34,0.01726340314211183,281,0.011082500495902203,99,0.035868635860038,409,0.024747787105651176,112,0.04692294125907755,378,0.034899543718508785,138,0.04569355259040514,377,0.04108640028828592,180,0.03527261368590373,376,0.04662761022605155,206,0.037470787902935385,362
"(186, 9)",0.30272294150397916,387,0.020835798276128734,380,0.35557835838469953,434,0.02292017397266168,433,0.3162953343714954,483,0.04459794171273742,384,0.2309617264826691,403,0.03670965674851745,346,0.1563964384637737,320,0.040366289184189136,283,0.05595614269292437,229,0.05907719060358005,192,0.2531559516266977,370,0.02349705950053583,381,0.2841339503753685,414,0.031037148268915214,381,0.3716471700343663,490,0.03716016993781718,388,0.215429292018253,402,0.0535271643020386,327,0.15540402734389058,330,0.05192435194671624,265,0.052447729228944584,218,0.07332817141906497,179,0.29827760986598384,383,0.020868027100026464,376,0.356637372275995,431,0.022162063469804427,428,0.3253865725579186,487,0.04262995136661717,387,0.2147249104009089,377,0.035342107384574016,336,0.11348560143565312,294,0.034352244973750834,264,0.04556167805477673,225,0.056455560284690905,185,0.32133737395928463,387,0.0014084230345075856,519,0.32539822228035187,448,0.049140503758795515,339,0.32998659384913,480,0.04994282418864695,360,0.20247809977568165,385,0.06547227059966587,294,0.19047075261690294,359,0.06269072935243489,241,0.09192071182669881,270,0.10780738788301371,150
"(186, 169)",0.03546464576375741,209,0.04258206451368827,258,0.024781090303391595,173,0.05569585558651263,221,0.032357893798026005,125,0.09535694503847898,161,0.05771591636554574,202,0.05828119719150948,219,0.09811450136837851,272,0.04715380173526697,240,0.23547224220897744,369,0.03659225589113138,284,0.049592552133616796,219,0.04045796904517136,283,0.04020654676620361,191,0.059560352943043286,223,0.022195341434827043,122,0.09506792715027154,156,0.06425420754324163,206,0.08011403957044999,212,0.09884512148567537,266,0.06037726389010754,232,0.24493917939662557,379,0.04386926238173954,276,0.03654500373311498,213,0.04201576480269249,253,0.02460235349923401,180,0.054037294041906214,212,0.03042774773967105,120,0.09392000577385086,161,0.06456950624113411,223,0.05275262764922115,228,0.13726803231439577,306,0.03224127757607806,282,0.2656454714353478,372,0.03136696407987751,290,0.03127316719609197,202,0.003061936950689265,479,0.030425347733107122,161,0.10826784174016531,153,0.02949418739126497,130,0.11170168329541076,148,0.0703381166626611,218,0.09313648486966752,190,0.0765684933677444,241,0.08494335062700716,168,0.1651925993480391,328,0.0886726023093839,197
"(144, 68)",0.08791440479954271,266,0.021499617416151452,374,0.14501230884761518,324,0.022240623064150807,441,0.11596908099160586,295,0.03850286454173302,414,0.06169631904319295,212,0.033136308693394595,370,0.04041109370651097,191,0.03370382766496621,319,0.015811049374953035,154,0.042473924500449206,257,0.06178282514079414,239,0.02521941882783397,369,0.10315460691466805,282,0.028998596815973693,396,0.15131634725759602,323,0.03029459534085697,435,0.05700719771819007,189,0.04272467826360349,379,0.042175262007146386,172,0.04170696967757811,322,0.012860980875082029,136,0.05235059143056068,245,0.08992224695322282,268,0.02145101705906397,368,0.14194941691152496,322,0.022280543723304045,427,0.1264150133260682,305,0.03661211221414524,424,0.05815149542356335,213,0.03138387585217421,363,0.02787932016032002,187,0.02837094380653312,300,0.012531667171646887,158,0.04248896330149622,232,0.9997000299990002,594,0.0,579,0.15276162671845972,321,0.0414977159123391,376,0.12307368641822292,296,0.043440142360134854,389,0.06209930294654997,205,0.056836543265806505,325,0.07202239012752187,235,0.052835445336906366,285,0.029270449390828013,175,0.0901402946878041,190
"(144, 9)",0.1712758789847818,325,0.017214140506746495,415,0.10691915787393658,287,0.02461860247332073,420,0.13448800045036247,313,0.036647633402003235,428,0.22128934391080946,390,0.021647298788798227,465,0.2833826291155952,401,0.01760847257520532,462,0.4202093548854362,452,0.01423270289015282,477,0.22108680328964359,352,0.016488078833613008,446,0.14973039533044097,316,0.02561158972362812,425,0.10192674124871659,274,0.034559256637797575,404,0.2327601009468605,420,0.02673124500012883,466,0.2770587859331394,428,0.022269164518748736,463,0.44894075171555603,475,0.016018307021083724,484,0.1681862014534845,325,0.017410322575431795,414,0.10945654140136751,286,0.024297210458947845,410,0.12359558547197813,303,0.03688841683109843,422,0.22986830570901617,390,0.0198487810636435,469,0.338285408469598,409,0.01234639275043686,462,0.4524979456899597,449,0.012855043426977394,460,1.000088900582341e-12,4,0.0011582349421227654,529,0.10082367281043814,267,0.04766227631439685,343,0.12694630950580277,304,0.04299384465486261,391,0.22034847561691295,401,0.037263749215784514,423,0.1991154392932304,365,0.03764548559000768,363,0.331109921788447,425,0.040154852847652696,349
"(10, 224)",0.21990930406908338,347,0.038968010204214094,273,0.4258453423845274,469,0.028788074190085434,386,0.14206336657795438,327,0.062752335503614,272,0.025617669219080264,131,0.06991335913458241,174,0.01779883372889124,140,0.08682752888127139,120,0.006691689699052761,104,0.09165458771821429,116,0.11488707097202844,287,0.048975600243449935,237,0.25913702533168137,398,0.046173757123191,281,0.2000847461008104,377,0.05912819694428194,266,0.06938931231238399,215,0.09642385534570137,154,0.04458513192413216,180,0.09624735042475668,124,0.01380196292002478,138,0.10349576429777642,121,0.23149448910316406,353,0.03863752064791177,272,0.4447933829909224,473,0.025918349492108552,395,0.1355078445917346,315,0.062248925684022245,269,0.01621399159073078,111,0.0724570308974911,145,0.005736847338582374,104,0.08565524666641632,105,0.003107554292797521,91,0.08171221163509626,130,0.13431215266910645,298,0.01953941391634097,259,0.18047568380705847,342,0.06877277205607107,261,0.18781981835482786,378,0.07136316775853153,251,0.0402759555037433,158,0.11560418020071743,135,0.015513943873514013,110,0.11867392727161744,104,0.008160731446608005,103,0.1287328271180207,125
"(10, 50)",0.062288398373352205,246,0.05933628842111744,196,0.015189340526765127,144,0.08745479126865155,121,0.10936077593605964,282,0.06847048440498561,244,0.3507153807686494,483,0.02922503923975256,398,0.40342914664172,471,0.03068071896987373,340,0.5345127479772548,509,0.02128204956933261,402,0.1356896285645095,303,0.0463327348002958,248,0.047617618739808965,204,0.08121741191725196,157,0.07153222199089315,229,0.08331030493770926,179,0.20441292996690918,392,0.06726346443335872,257,0.26884455424507625,419,0.05287922159058299,263,0.43919713759209844,470,0.032660013595022096,334,0.05750496906354052,244,0.061464027011138594,183,0.013254423794614723,138,0.08360004223325365,122,0.1150499147050481,292,0.06573922391796176,251,0.4166609511033387,502,0.024553660576942395,427,0.5533559337285251,510,0.01867713296948646,391,0.6229927149164532,527,0.013961504403025227,441,0.11612853336917328,282,0.020510220172954733,251,0.08224559392062214,245,0.08936865358368337,193,0.07802835766441008,227,0.09563945732834009,179,0.28387857139523254,451,0.06029453526510413,313,0.42287767586882474,507,0.039432816733654695,352,0.5094495767770999,512,0.03245128763092766,399
"(224, 225)",0.4905097508836169,465,0.021217269423223786,376,0.6492679299446836,561,0.016433755650793407,489,0.37356507162652053,515,0.03407210352493917,441,0.12789562019570322,297,0.03648015819570832,347,0.1054253605936275,281,0.04415128968071529,254,0.05156035181153584,223,0.04671964704978643,238,0.34936502494625965,424,0.026809545837642754,359,0.5430511195530567,531,0.024043896700007804,435,0.4639705517252908,527,0.03080086590495332,432,0.248235805538503,432,0.049338773067993454,345,0.18469391245626676,359,0.04956851423893116,285,0.08169683144438433,258,0.0530187357975166,242,0.49731727911298484,460,0.021345294363633548,369,0.6666434882554864,566,0.014866336275833579,500,0.36180927433810994,508,0.034185559825200974,441,0.09294850772933705,258,0.03788598652418048,321,0.05000049561781217,230,0.04259352959626257,218,0.028041663186005983,194,0.040678355182787396,240,0.4003403363013126,414,0.01032514363780495,345,0.426875444559322,495,0.03871221249670352,390,0.4288950293933297,527,0.038700643381334665,424,0.17396735558631637,358,0.059355494183413404,320,0.09213886489265777,258,0.06129017915512573,248,0.052335875900196616,213,0.06720161518952425,257
"(224, 10)",0.009441183751860205,146,0.07917046994203938,146,0.002410751529961286,65,0.10612735134066577,88,0.021904096269052875,97,0.0877026240818579,176,0.12214841851654956,289,0.03704355464299661,343,0.14685899312776185,312,0.039532860836591396,286,0.24744106727044435,373,0.027697947246723382,338,0.02585465961472555,172,0.06385618822758383,177,0.006244129901957773,85,0.10652734783970216,107,0.011518837563624151,90,0.10558207191591815,128,0.05128182171089424,181,0.08346197782151292,198,0.07979162431207398,237,0.06556987061034736,210,0.18140600935762885,339,0.04063939330069205,288,0.008962818272955309,150,0.08141388280403523,132,0.0020209096828018858,63,0.10271949236938081,86,0.023746712382393786,101,0.08474903542489105,182,0.16368360976626062,335,0.03137311751887485,364,0.25195173617110733,368,0.024844443971123394,326,0.3374305508845532,405,0.017751559259907075,395,0.018188291257188904,173,0.028936228053454877,193,0.01507808410673872,117,0.11798668438863603,134,0.014862049834082458,86,0.11870680561332025,132,0.08620907171690595,246,0.0750065499124197,244,0.16487060087249095,337,0.050484427592459115,297,0.24525204928820332,389,0.04015830083287999,348
"(50, 48)",0.0030571574599125295,100,0.15963306444284628,56,0.000624161641421539,47,0.23386940292583858,18,0.009134487026155158,63,0.18518275993691133,38,0.08092395243852724,243,0.07590509782197138,140,0.09612220427048968,265,0.0844811669468055,125,0.18316173106220957,341,0.05547674551937809,203,0.011644214709253031,129,0.11426808967042985,88,0.00279722639315394,66,0.21340573456343748,31,0.00507173922511206,62,0.2289440037021384,27,0.027076399440496224,120,0.18241376385972896,48,0.04224356779615768,173,0.1446915805355424,57,0.11177161533749247,288,0.08752607100329145,143,0.002646070475212259,101,0.16854596614045497,51,0.0005587061137577454,47,0.22285582262110468,18,0.009597009834842574,65,0.17740749248712664,42,0.1132541979730215,274,0.06333131151992014,183,0.1964239522546496,340,0.051204912132973894,183,0.2665798647987996,375,0.03670026659657187,260,0.009589341958733955,147,0.0524618731293635,96,0.005629397593179819,78,0.23503414127178343,48,0.006290941437087083,58,0.2547773017867778,32,0.05253313980000396,188,0.15884570716026825,75,0.10590593006176818,282,0.1046446871595885,122,0.1512796574531512,317,0.08717387806391798,202
"(50, 10)",0.6247300303403782,517,0.027101791041343904,339,0.7649047011613488,582,0.021854287658263867,444,0.49483980568502317,552,0.04894110052748591,354,0.1827288363840197,353,0.057857670450454576,222,0.1591496788559047,327,0.07141112733505217,153,0.08067289681792433,259,0.07291440534279166,154,0.4625041744353109,482,0.033490617070791484,319,0.634062452990025,558,0.03500026068847015,339,0.5680512764657879,556,0.04749549282761,327,0.3425846070039853,489,0.07828260938275995,219,0.2768193951072929,427,0.07732108728738252,170,0.13923299017773083,311,0.08134556739536233,157,0.6398035299870702,521,0.027054319916876374,335,0.7727053519872937,583,0.020002325331376563,451,0.48835510212605837,548,0.04787462233656218,362,0.13753107621602456,311,0.05936124090841008,199,0.0734036979813879,256,0.0710892273081014,134,0.045274178593705194,222,0.06627170442978086,159,0.4884604328822968,443,0.014152405538331823,310,0.5556332277187112,541,0.050857560467170146,332,0.5421350279506278,558,0.05768064726791247,319,0.24470075202950237,417,0.09511335487835947,187,0.1462613008495688,319,0.0939681765755813,147,0.10195493949333334,280,0.0994284006712078,171
"(11, 244)",0.20810495488926306,340,0.02827392929375726,333,0.09988280896231139,278,0.03331880625444879,339,0.020824564782610078,91,0.09334825293935552,166,0.0009112472250331072,26,0.13374090370441902,52,0.004050185256746497,66,0.08661144805416915,121,0.013799964653438579,145,0.074213448934993,150,0.9991003599160128,614,0.0,613,0.1655163295894917,332,0.03067623236831103,385,0.13413676953936116,308,0.03645975629899778,395,0.11038933859611855,282,0.039073605301289935,396,0.10852442304161691,279,0.03577429610194952,356,0.11948472099300789,294,0.03778093981940253,309,0.2278197107027501,350,0.026246585055928653,342,0.10634756645502863,284,0.030161068659162533,355,0.03227104448842222,124,0.08200039695224697,187,0.0008481559730680877,27,0.12861420435026716,54,0.0013590475110956124,64,0.09002811927402198,102,0.0041764778116613055,106,0.08393218485204194,125,0.9991003599160128,578,0.0,580,0.9991003599160128,614,0.0,613,0.9991003599160128,614,0.0,613,0.9991003599160128,614,0.0,613,0.9991003599160128,614,0.0,613,0.9991003599160128,614,0.0,613
"(11, 138)",0.8775372976322212,600,0.0025456754672697015,596,0.8314868155517166,599,0.0029943097568510303,606,0.8207468674962042,609,0.0057967018085141545,601,0.8256485907748967,606,0.0052105965543558464,596,0.8088741700646509,604,0.004406761582851825,584,0.7140816564483048,584,0.0071976895253808215,553,0.8496163284060134,601,0.0032114198856925073,594,0.9375641498947193,610,0.0012087201426694563,604,0.8680960959741855,607,0.0028420264734659757,602,0.8379785812813242,606,0.003498984039738395,596,0.7960320680135786,602,0.0040945791983026895,593,0.7336180620297008,591,0.006079070815060432,568,0.8768250998051802,594,0.0025109140164725386,596,0.8275451233314443,595,0.002847857206174024,606,0.8160828812283603,609,0.005772908305377464,601,0.8156760249633717,604,0.00528941562256387,592,0.7914826116487473,591,0.0044426963594840635,569,0.7062179566153621,559,0.006978793516832055,547,0.9991003599160128,579,0.0,581,0.827121909493354,608,0.004579236887707759,606,0.7635359371929533,606,0.005659641782088745,602,0.6852855245263662,597,0.007143196042809365,591,0.6357291388016175,580,0.006667967868356572,583,0.5663537493765445,539,0.010643930396671544,558
"(11, 149)",0.7641279008608766,564,0.005202342904173038,565,0.6606947120773128,563,0.006640122258579499,581,0.750045528087989,604,0.008398122723772411,590,0.8205894185733847,605,0.0053759308058951545,594,0.830506763359711,605,0.0038640768843167615,591,0.758316249731429,593,0.005932739739295102,571,0.761462183041961,577,0.005337599791990105,567,0.7962017764283198,588,0.004234325579497515,584,0.7839197506827571,600,0.0048637537227997,588,0.7674337817595502,599,0.005214313424392665,592,0.7524470766396227,597,0.005089427493833326,584,0.746987558664951,592,0.00573036404952679,574,0.7565355847963873,557,0.005286218945641699,565,0.6547410770351199,559,0.006289800005139599,578,0.7457830741146942,604,0.008290215719578282,590,0.8243665040833962,605,0.005017215052647304,595,0.8491255405089144,603,0.0031192479981922696,586,0.7750321769099469,582,0.005139588601787064,566,0.9583456655838319,560,0.00033068154485837455,561,0.7102950222420178,583,0.008183798979168305,584,0.6605226127738528,585,0.008630568203901012,585,0.6621822810507996,594,0.007776690493089094,590,0.6782221053310259,593,0.005735963318169812,591,0.6586717022071653,577,0.007882094229605167,573
"(11, 212)",2.8651558475090155e-05,7,0.12140240439947317,84,0.0002761946935601056,36,0.08817742415650337,118,0.00422009014981084,44,0.12157237531799787,100,0.06653496954475957,218,0.06432280615265769,188,0.0516895716685869,211,0.05306421002688597,212,0.05754527731721426,233,0.0532770688121551,211,2.7254651135955044e-07,1,0.14559000768906438,67,3.4889924285574914e-05,7,0.11520309251008022,93,0.0003008186040132088,29,0.1082267121411778,118,0.0028040783793382706,37,0.08626602605727621,188,0.007008093232257484,63,0.0693239055844107,194,0.015891863237677106,145,0.06627514393616094,204,2.2695480908607735e-05,6,0.12039491803797532,84,0.0002706437801902606,36,0.08190493725792035,124,0.002803902321044216,36,0.123969614032612,93,0.0768802138209479,238,0.05861184193817416,201,0.10623360614626864,287,0.03819687527500109,238,0.13345715837961292,304,0.03691004172585975,258,4.274811706839188e-07,24,0.05637047801748237,88,2.0522603224604197e-06,1,0.16822680835862197,80,1.2056138917415637e-05,2,0.1371969449941447,103,0.0005308934679489896,28,0.09855798964786863,177,0.0020707383158624637,37,0.06747886269445963,222,0.007745483865036817,98,0.07255595313804966,243
"(11, 137)",0.35437648767877106,412,0.019232859112338706,398,0.3461724683533054,425,0.0164039685010147,490,0.2522129583253796,440,0.03789279124370115,418,0.21594657098183956,385,0.038738773364911494,331,0.10934528395277077,286,0.04124633582086808,279,0.05040717521898985,222,0.05536166152893883,206,0.26085595501792436,374,0.02482138619539128,371,0.36328508509048607,447,0.018019564264889276,481,0.199829678101205,376,0.02985766158916172,439,0.07079821191255165,220,0.04585554035014041,366,0.039601340581494004,166,0.0493198021650485,287,0.01928019624287769,154,0.06381350630624327,209,0.35678262899216284,409,0.01873783263087224,399,0.3356959502470108,417,0.01562856565649177,486,0.23424956554888243,429,0.038504502607254534,409,0.19924616353601754,369,0.03877863343916946,313,0.11180024007976874,292,0.037428493711898714,241,0.05349738714723806,237,0.051124804058081265,202,0.14791668023715232,302,0.013414053328505144,320,0.1766671876080408,340,0.03844396952337472,391,0.12049433187886982,292,0.04015481634722171,414,0.02166725214701848,103,0.06023094928579866,314,0.008408880986410794,74,0.055960401769885496,269,0.0029703626762223045,65,0.08279072262108175,215
"(244, 11)",0.15714782136056216,315,0.035794492943803755,288,0.013917406570437718,139,0.10786044737157574,86,0.11754733087363523,298,0.0695341536100214,234,0.27958064968009455,437,0.030335949881539575,389,0.4085029054596847,473,0.021246538109301955,416,0.4778081323226553,480,0.021677398561881514,393,0.998900549835033,613,0.0,614,0.4981586985255553,501,0.015270515292050424,504,0.47033266589615474,530,0.02289490362127159,489,0.442042546452742,533,0.028718415079042953,456,0.46366389246485973,528,0.02302757141565989,459,0.5879253183626771,540,0.019785954939280787,444,0.15323784578374333,315,0.0365994968407769,283,0.017213220490689185,155,0.09791218736396066,94,0.11526737425709899,294,0.06973029060728576,230,0.3097496079380404,443,0.027061039983026395,397,0.4761551952094246,472,0.014869256225704319,428,0.4721801606003291,459,0.01899591163746627,383,0.998900549835033,574,0.0,582,0.998900549835033,613,0.0,614,0.998900549835033,613,0.0,614,0.998900549835033,613,0.0,614,0.998900549835033,613,0.0,614,0.998900549835033,613,0.0,614
"(244, 73)",0.2591067010399253,367,0.02670808017829928,344,0.1863035974659295,347,0.047454463666100295,252,0.20102766824493734,394,0.053355648224245544,319,0.22831083591402523,398,0.03484243322889165,356,0.35159894001282355,448,0.024640478283417127,381,0.4312265009024664,458,0.024574676289747813,358,0.27563969252323284,384,0.023607030485114516,379,0.20994830201021886,370,0.03291021921471565,361,0.1558682196176171,332,0.053707512050905744,291,0.21825390572058168,405,0.051884958603752765,336,0.2786210652353487,429,0.03742397623975052,347,0.3963050917309664,448,0.03387232891542777,329,0.28233727544313036,376,0.02535391850733022,349,0.17930094955421516,344,0.045869375087404456,249,0.22294823427898658,417,0.04987190614907038,338,0.26403704977279785,417,0.030529742787900733,371,0.42449288178413225,445,0.017082396911676238,398,0.43542220509189544,441,0.02097104926934206,365,0.7002500231461609,499,0.003932073295766183,454,0.21133753897625196,372,0.04652218082794312,346,0.14519204411403552,330,0.05838759720561644,313,0.26157408441126706,432,0.0457734176935153,374,0.30419734686369304,431,0.03560268685589103,373,0.29744197109241544,408,0.051286864708721874,302
"(244, 119)",0.5440428393408071,487,0.012444916641970878,465,0.5948159835749098,534,0.015452294308932234,503,0.39782607286988736,525,0.03160214875507467,452,0.10301358332280841,266,0.05176412652268452,251,0.05896547664759022,222,0.06167645620087609,181,0.013327208066643115,142,0.10838031320657675,92,0.09316749157060067,267,0.04144258779981007,276,0.6338681348447124,557,0.010099978076261578,545,0.41851422199241817,510,0.026299676610870293,470,0.18672043392605198,367,0.056809698057590806,305,0.09766361516156596,265,0.06503906494815641,211,0.011450853347076406,129,0.14015387842497581,71,0.5624854699707769,490,0.011897422723106874,473,0.6108821000101307,535,0.013894239963610874,504,0.4099651627481061,526,0.030447099111220146,454,0.08769490681303749,250,0.05314847536486592,223,0.04396775292893462,217,0.056361139975243,164,0.03574173851197315,205,0.0752704894576735,137,0.06690197003726173,240,0.026890228912547266,206,0.43067881847724676,498,0.02602786458732691,471,0.3606136132770955,496,0.0321341833500564,459,0.12108102299701928,291,0.06964877025133435,273,0.10937011120862339,286,0.06327306734811454,237,0.03193601956029879,183,0.13209269716728858,121
"(244, 257)",0.006719534956627693,129,0.0844728632515881,133,0.03497014206995552,200,0.0880180544907382,119,0.01401867030650017,75,0.12642003232357865,91,0.03926652860646218,168,0.07069651301963556,168,0.039042319652948354,190,0.0694074603974416,159,0.08982151829934903,275,0.06567900389309518,168,0.001630601261658371,64,0.09440185356762347,108,0.0004897830896088973,40,0.12435050520130168,83,0.004637560482799952,60,0.13350154593133262,74,0.023592885310678824,107,0.11590302484838834,108,0.043735730556732855,178,0.08449006438146231,147,0.07779865628727234,252,0.08695633158464097,145,0.007212864847668254,137,0.08435012865172586,128,0.037048814675386454,204,0.08209237860129201,123,0.014628269417106932,75,0.12470696494997835,92,0.03904651019191607,168,0.06836763612349642,159,0.03758442055989519,200,0.05879071827741602,162,0.038644276183919524,211,0.07375466338338883,140,0.00042589706754858625,84,0.0624442293468721,76,0.0006752760303374572,34,0.17124586165450353,77,0.0028132680379733266,45,0.15012745160566868,84,0.025477947806220813,113,0.11313601458386872,136,0.02790291016579083,150,0.09643053749552084,143,0.0772785040813786,252,0.10203814237880332,160
"(244, 209)",0.020412256184027866,183,0.06888113418400595,172,0.07251669810678041,252,0.07108930484814191,162,0.036603267051296795,134,0.10210156048806367,139,0.021731582130308347,117,0.08151423303965989,126,0.014914752096899186,130,0.08636263328049314,122,0.020635533248815063,166,0.09923927673260549,103,0.050158994786236644,220,0.050862693434286996,224,0.04020520108656178,190,0.06302621424965275,206,0.02082244367965369,117,0.10249557726195414,141,0.009588342661823734,60,0.13834970166892038,74,0.008332761730645566,71,0.12040976138814323,75,0.021314446874540982,158,0.12390781020730139,87,0.017497279173898872,178,0.07184134929095087,160,0.057735182281218655,238,0.07242054965405403,148,0.03052910482868687,121,0.10628490668525215,125,0.018916697554703266,122,0.08108064559628257,123,0.013104031356505286,151,0.0742421860855836,125,0.01966401847764121,177,0.086521370131273,121,0.04611852957218854,216,0.030098392095500495,188,0.024777657918990448,147,0.10079474837074445,165,0.01825275450722763,94,0.110704437735257,149,0.004822220590781079,39,0.15325417597788488,79,0.004256588683006157,52,0.1358320801731151,77,0.007852018548760609,100,0.1751155075051145,81
"(244, 131)",0.871848993466886,597,0.0028640935322002815,593,0.8446963547430121,602,0.005100446364085695,595,0.7500531795471737,605,0.010146521909788332,578,0.7205651211705466,599,0.008139442791278399,581,0.705368278425281,589,0.008489677772914681,549,0.6183237812561645,549,0.014275285358199268,475,0.8456803029083731,599,0.0032292289520210395,593,0.87064643576759,600,0.0031130413212274574,591,0.8101186058348088,605,0.006550092100535246,578,0.7611164255039338,598,0.009840925209698599,571,0.7014582866567333,594,0.010823923066824384,547,0.6691155934820612,566,0.015054947809211478,491,0.850685786939466,587,0.0034068633557730317,587,0.842054917939915,600,0.004917267385292876,593,0.7522521841930123,605,0.009990189300978941,580,0.7294146642725048,599,0.0075710174037901656,581,0.7237311360694824,572,0.0066028286466675535,544,0.6125727237185051,521,0.01255262251229907,466,0.998900549835033,575,0.0,583,0.7657718986384561,597,0.008462349320731862,582,0.7011671969891675,595,0.011524391868848061,572,0.619284427062418,591,0.01700041421326125,546,0.5939010401335714,568,0.01606261894974184,517,0.49005451044528436,505,0.030850273157051897,414
"(138, 11)",0.9460996656067707,611,0.004799174078803743,568,0.9217510572439007,612,0.006331648554938976,584,0.9340598631130858,611,0.006998624130120817,596,0.9518151287776002,612,0.003869975596389181,602,0.9687050052754644,613,0.0026188076751909786,599,0.9499937790932509,611,0.004580120166054927,583,0.9491463679322727,610,0.004038873629981919,585,0.9645767898372042,611,0.0031676077898248585,590,0.9634275924222361,612,0.003994471395713128,596,0.9678939691797328,612,0.0040548700948845025,594,0.9614433642093051,612,0.004030850852581031,594,0.9583745671352901,611,0.004725960722463899,580,0.9451435289616763,609,0.005000026935718581,568,0.9251282172108252,612,0.005980750375580479,583,0.9373958473846109,611,0.006890245396740844,596,0.9555999736544714,612,0.0035600749507044816,604,0.9731121413535153,613,0.001980768520890314,597,0.9552400177574447,610,0.003993562195191938,578,0.9935129660104567,571,0.0003117793884727642,564,0.9470884387448614,611,0.0070120271903346045,589,0.9418025697885615,611,0.007345572160844436,597,0.9528963401152947,611,0.0064456981997932684,595,0.9596516476462048,612,0.004948459978816538,596,0.9546073678811721,611,0.006860341273915609,583
"(138, 24)",0.9730928331981761,613,0.0023672723347925796,599,0.9692022925144502,613,0.002439573176508945,610,0.9584006147970219,612,0.004367290267822681,605,0.9424253748864275,611,0.004643600129768594,599,0.9513917834386181,611,0.004098915366197234,586,0.9247205882623337,609,0.006974061988940805,556,0.9616118303775988,611,0.0030319935424325487,596,0.9931649391320546,613,0.0006036314389647331,608,0.987544399677242,613,0.0013461406626966495,609,0.9777005617168213,613,0.002804256862543221,601,0.964200337185292,613,0.0037380699019467487,595,0.9489745394083509,610,0.005817498687513489,573,0.9733834926891608,613,0.002395847993659332,600,0.9709798019268026,613,0.0022710479785353435,610,0.960140992748795,612,0.004342506772290794,605,0.9412385173665132,611,0.0047419687445364,597,0.9423243695731361,609,0.004307292730554706,570,0.9209110854389455,608,0.0071666313776976714,543,0.9993002099650037,581,0.0,584,0.9707652191255195,612,0.0038338381848774814,608,0.9642552826891877,612,0.004466719904997427,605,0.9536534685978588,612,0.006339953463967968,596,0.9523096104572782,611,0.00586803026575035,590,0.9390999538951279,610,0.009268184290979304,567
"(138, 209)",0.011679388264412283,157,0.2863628979344923,19,0.016309691835202478,150,0.24323238481362472,16,0.00963773947491009,65,0.34985453886866974,16,0.028917290228280157,134,0.2186594446886782,19,0.04617210996442522,202,0.20545332838033167,24,0.08448072364189607,267,0.18657675364622822,32,0.0017873851872487467,67,0.32350725519100887,17,0.0018706927151470598,57,0.36511622333974636,13,0.006246823608635821,65,0.388069863324841,13,0.029964506162444504,132,0.34362416219396935,17,0.04771007279195827,183,0.25367734325366853,21,0.06741682835890483,238,0.2495350996993519,25,0.01590634639793398,173,0.27814050276865515,20,0.023195796211575637,175,0.2249816817593442,17,0.013225244217315413,72,0.34548122111559737,16,0.03573388881841444,162,0.20847768453943502,18,0.05477389426820678,236,0.1731029298991151,22,0.039755124611594916,213,0.2261035082588919,18,0.0009723308737875636,97,0.21093765845821058,12,0.002910279011309358,60,0.5128335533495552,10,0.006444066975711427,59,0.44230393218071457,14,0.044467787145545556,169,0.3368671090599724,20,0.060940547548476,216,0.2779257538837291,25,0.1071378009599373,283,0.28334546513320713,37
"(138, 19)",0.006062580148692098,124,0.3151866871947721,16,0.0043977250563140835,90,0.2951237874848982,10,0.007870073178507742,56,0.3604630775571076,15,0.0020382990212850505,31,0.3233139612201975,9,0.0008995296692653199,30,0.3656944561935201,6,0.000313704730484865,29,0.4291315013409303,7,0.030713328807266738,184,0.2131355666199327,35,0.02749759790309725,166,0.24749714780906723,23,0.010677395265280665,86,0.3590673930331489,16,0.0016968253916143095,34,0.5213499779950905,6,0.0008354965797771063,30,0.45817606307918746,6,0.00045634785995174454,34,0.5203766369494938,7,0.004254458012363238,117,0.3373344379222595,16,0.00276968389721155,75,0.3077176169934755,10,0.005531540040638383,49,0.3927843830260634,12,0.0014683469269283211,31,0.3337204040829987,8,0.000668951617747382,43,0.3303102264491572,7,0.0013093063867810617,66,0.37520309111781547,8,0.039241733840495896,209,0.12424759063876016,29,0.021487349697299485,138,0.38273143749825583,20,0.011331943414210288,74,0.4071224682224357,16,0.0009973312151179137,31,0.5887173984457471,6,0.0005505856680738663,27,0.5547998705329439,5,0.0001673257900098868,25,0.7376964393805886,6
"(149, 166)",0.003797682487902021,111,0.065471631491083,178,0.008895178319282993,122,0.08292327385570644,133,0.005849006727427719,50,0.1389690163454146,73,0.0038985619209709332,40,0.10010610403680278,89,0.0015946707387096692,42,0.0932579103972577,108,0.0012413205671528704,46,0.10697592671139776,95,0.0008990016406325019,54,0.08922342230594461,115,0.0014709862501902649,54,0.1005253601305968,122,0.001181030482622858,42,0.12389414773818286,92,0.0006250517478485484,32,0.135328890208801,80,0.00043424539990233324,26,0.11517493298957851,81,0.0005318223439899628,35,0.12211263480847118,92,0.003974956626459414,115,0.0651601126451751,172,0.010335746659152933,128,0.07794167171884049,135,0.00628923185417718,53,0.13531574265752797,72,0.004205594948394675,50,0.09490485826190627,96,0.001889730939284462,73,0.07633753922681567,121,0.0009957392616388727,55,0.09666030551171911,98,0.6137577852393188,478,0.005137776012632588,433,0.0007330734255676097,36,0.13101771182961566,122,0.0013779810742227117,33,0.1476237828618687,85,0.0019680920280620295,32,0.13837839612785038,97,0.001658693508869935,34,0.1050717852625344,121,0.0006810003067699855,37,0.13935990069802545,112
"(149, 11)",0.7702187833364202,570,0.004366333214768812,575,0.7925949474776957,590,0.0055199907957146225,591,0.7915031881493282,607,0.008775176678056629,588,0.7471611825982939,601,0.00746026472115423,584,0.754077371047297,598,0.006126948865161886,569,0.6732684886026808,565,0.009549466355397176,531,0.8078101391421817,589,0.004233660292950236,581,0.8946800052990226,604,0.0026159521265864344,594,0.8226049985199493,606,0.005512947587297003,583,0.8114562270241448,603,0.006108592116599003,589,0.771592965640862,599,0.0062594957544123316,579,0.6942757352897269,581,0.00940599913571859,543,0.7675097679059742,563,0.004426885348787253,575,0.7852167780080384,587,0.005517705290619742,588,0.787070054955755,607,0.008831110284052457,587,0.7335535312718455,600,0.007577108880178842,580,0.7228537568955711,571,0.0058444562223092175,552,0.6510748686141377,536,0.009160180645570719,519,0.9706322230689315,565,0.000324097647690353,562,0.7943293984304964,603,0.006589173693484511,593,0.7845882126855837,607,0.008246551560484943,593,0.7318431044294731,600,0.010240960251249492,579,0.6813410443755404,594,0.009351507955856106,568,0.5832613962369773,547,0.01596263916451487,529
"(149, 137)",0.7687102387118755,569,0.004398508831696859,574,0.6631303455166406,565,0.00963263693295799,554,0.5843456005941347,572,0.019734752597933166,531,0.5180587967211397,565,0.016403190681056414,515,0.553023784990925,540,0.012579306261010925,510,0.5859218513530754,529,0.012777662740173472,496,0.8398702800971025,596,0.003471209640759966,591,0.7808470339044697,587,0.005758786415831464,572,0.6568376090783115,573,0.0116782203790062,552,0.6704598081337558,592,0.011532053887880006,560,0.6716029934204483,591,0.009515842695220838,560,0.6496673371743468,560,0.01106576259713704,528,0.7594627392890867,560,0.004599778992429043,570,0.652478313396093,558,0.009616486830453025,554,0.5849473294697125,575,0.019366637644807453,527,0.5042131538914072,552,0.016307570039820078,496,0.5306069893304457,498,0.01116579481729999,486,0.5887851412630802,507,0.01122678885202862,484,0.7163269380221586,504,0.0035498886843515105,466,0.7100210397051949,582,0.009722362237624056,576,0.6518683805885066,579,0.014356233900120939,558,0.6068694040131691,588,0.016167952694257602,548,0.5446862528122134,559,0.014575217307590139,529,0.5579278568020365,533,0.017223452429297147,519
"(149, 12)",0.0362012207294895,211,0.045028802277032244,243,0.022159587820977378,166,0.07093341315466728,163,0.03808914773128169,141,0.09963889542798199,146,0.06567023332352473,217,0.05895095179164518,215,0.10247543831892592,277,0.043067023675102706,268,0.1262116404119772,299,0.04448629401162474,245,0.07260908396012222,247,0.04405450999021837,262,0.05261856985815505,212,0.05695265864998346,239,0.08575998714183031,252,0.059301762642421436,262,0.1173914126215172,291,0.05476755482216289,325,0.14748455639977642,321,0.041179858412240596,326,0.1603963448000132,324,0.04260480084941133,280,0.035876489863117866,212,0.04515217670908818,240,0.020213732977189758,166,0.06943693582922751,156,0.03627340845740901,137,0.09910583409388918,147,0.0664212589151032,224,0.05620320339935822,211,0.10389307207445009,284,0.03565279242559627,253,0.14619508097607592,309,0.03700092469503769,257,3.21420687288132e-07,23,0.06726119966039834,68,0.10378812849968355,274,0.05629959949589426,312,0.0849689639928306,239,0.07187084824111395,248,0.08390360694029741,245,0.06999717132831666,271,0.11672919109068314,292,0.046326862115701195,315,0.21202889702961836,365,0.04279869129805151,331
"(212, 42)",0.0028986380257234323,97,0.14471869238292806,64,0.00435527026716187,88,0.10678446371826988,87,0.010939545102025328,69,0.16704948116747467,49,0.02934113672252503,136,0.09686104214684012,94,0.053173358784477376,216,0.07960316526229454,136,0.08960861866306158,274,0.07731751603382997,141,0.0027042730085482525,78,0.18239956688350686,45,0.0019166092438852589,59,0.14822114931555513,56,0.007098333896286668,70,0.14786433111951328,62,0.02896769962480139,125,0.12431600406279794,94,0.05451154536728975,199,0.09884912940878436,117,0.08716631847007317,265,0.09383155730624781,132,0.002787513655148066,104,0.1426295119853847,66,0.004762901121173058,100,0.09907600801815838,93,0.011423255572778235,68,0.1705863232446241,46,0.03468572094883926,159,0.0896140180198644,108,0.07346815709786059,257,0.0596893787904108,158,0.1321063349918532,303,0.0555737604415032,190,0.006295678944428396,131,0.071687702395105,62,0.0052096756115949105,76,0.21787312735859607,52,0.00838422592182897,65,0.18614342190718386,52,0.041146758287514684,162,0.13929322723054954,94,0.06568922043103376,225,0.09681957921699562,141,0.11693084057729264,294,0.10079380282121814,163
"(212, 11)",0.6303442706923565,521,0.02406559968488295,359,0.5857310791707798,532,0.020842366010696785,451,0.4709294110057548,544,0.04766427015362812,366,0.3307541278370518,473,0.043198933474960684,304,0.24292661148496708,384,0.047973713537509795,235,0.16866330558272757,324,0.06262113738050469,182,0.6375635685936585,545,0.02952565106607297,342,0.6717240286942613,568,0.021022824975704155,458,0.5271524445482847,547,0.03517791993812472,400,0.33264319035324785,483,0.055102609430744104,321,0.23929095101337816,403,0.060370798695614035,233,0.17244879568176208,333,0.07474436160672909,174,0.6344240269652711,516,0.023360843680577396,354,0.5754096549355208,521,0.02004164229608379,449,0.46509771563612845,542,0.0495860412846495,342,0.3060122308199674,442,0.04336905214613275,280,0.19629977271049914,339,0.04301535473949135,215,0.11815319206428754,286,0.057680521683912564,181,0.5420426267844818,461,0.016234828497443166,293,0.5648807843228068,545,0.04569004939240578,353,0.505972072262611,550,0.04745622285122103,373,0.2807120298365924,447,0.07344375402716999,250,0.21225407652102024,374,0.0654901341657005,229,0.13343209763790642,304,0.09645470496739739,178
"(12, 149)",0.06451709816224427,252,0.020262386128915365,387,0.024476054563355776,172,0.0496697637261963,242,0.01688409755609821,84,0.08913542910813793,175,0.01162524108318419,73,0.07022454540757249,172,0.006886841010013356,87,0.0582879410347605,193,0.01088389495322395,131,0.05264807287891996,215,0.10921478726624967,280,0.015232762270780619,461,0.033843442169193105,175,0.033221426195855726,360,0.01126675475680261,88,0.059508878411077604,259,0.009715052128867141,61,0.05856998651332182,290,0.009109514320807088,81,0.0458449580389086,304,0.009706888885508858,118,0.04900297283872035,257,0.056855157147728264,241,0.021508676331651422,366,0.022514932772560003,170,0.05063577504998356,226,0.01636286600304726,83,0.08942386178521329,172,0.010831213686803398,81,0.07018726819537506,152,0.006988606090687743,117,0.05051468192518497,186,0.010916712910776005,152,0.04604378012824292,221,0.18768976615780963,329,0.016252137775481675,292,0.030858600974439154,162,0.039194899009160226,385,0.020442381826902944,96,0.0610318474808658,293,0.014962928605505299,84,0.06883759681730606,275,0.007315670284491871,66,0.06291624167234058,240,0.004401427128183144,74,0.0709737110281892,248
"(12, 78)",0.2148417251887217,343,0.013568837831552577,455,0.3573900627549286,435,0.020321623804678425,455,0.410930598438899,529,0.03075767358212945,456,0.46272520848435506,541,0.020567517362478752,474,0.5309358463616075,530,0.013695294771027882,497,0.47161445592811546,478,0.014989307069135005,462,0.14223732148881907,310,0.013948728588493473,474,0.30965231147903016,430,0.015883699910977316,497,0.4669609141818378,529,0.017195753142607146,520,0.4867425266088934,555,0.015887555172655873,537,0.4951977538305036,539,0.012102184378110963,535,0.4868535088611601,495,0.013287695865797856,510,0.23314906276515468,356,0.013437724955337212,452,0.36956927493511005,437,0.01992426888491987,453,0.4153698061350114,529,0.030427170708048082,455,0.4722657241412088,537,0.019941381329713292,466,0.5291035900568544,496,0.011940822448528406,468,0.4712101098446888,458,0.013125929518298718,452,0.07810080565697308,254,0.021769018834724537,242,0.32330950387783297,447,0.01791219479819807,529,0.3835615075199932,513,0.0229679381285559,513,0.427948759659483,530,0.022509575811949126,507,0.5233602193815463,552,0.015155859721917124,526,0.5845245661392477,548,0.013911087954272055,539
"(78, 127)",0.0020156227305628827,85,0.07312553386488319,166,0.008235912777818877,117,0.09963352830359827,97,0.005402578254315893,49,0.19153134304984615,34,0.004578679913322503,42,0.1505228861145064,41,0.006791985421730873,86,0.10288831103869593,84,0.00647357655820735,101,0.10374272062449835,99,0.00037694997618831216,45,0.08845718722715953,117,0.0021076125065766504,62,0.10406829455012132,112,0.00612092520022578,64,0.11736865902269315,99,0.006152081434736223,46,0.1138162354820536,113,0.007406560174242793,70,0.08401282747364609,148,0.007082025080362708,99,0.09157295347565438,135,0.002567424992007128,99,0.07259285583936076,157,0.009978404265839735,125,0.09481572374447264,99,0.006059311912482546,51,0.18657092235921055,36,0.004687244421443637,56,0.14782465763814892,38,0.0058935279808060015,106,0.09281354247682305,94,0.005301704720202416,117,0.09592991199433862,102,0.00034049075045006205,81,0.07114633614086992,63,0.0029402972346926903,61,0.11093770151219148,143,0.004290883451861682,52,0.14654239798257268,86,0.005742738829538796,43,0.14708397064247858,85,0.010726960888491455,86,0.10215802290692728,126,0.018242430245471564,142,0.09415183394503146,182
"(78, 12)",0.6668961486550274,539,0.010572703727290227,495,0.5082709924898006,500,0.025212213808458752,415,0.5605585675369684,568,0.040759909512078356,400,0.579983089619947,586,0.029971663943389727,390,0.5326638825361031,531,0.02403701510542905,387,0.5386133738504795,512,0.023763661179372945,370,0.7985659456849852,585,0.00688743378923059,548,0.6625702972823592,565,0.015305165809201297,503,0.5454893076176714,553,0.026276191561508632,471,0.5448689754603508,574,0.025533727283281894,478,0.5218018927459052,550,0.02034148101772717,478,0.5274408616808433,512,0.021765156002121512,423,0.6428916055606151,523,0.011517208220511953,476,0.4832039057851716,490,0.026013008573600734,393,0.5467236739465537,566,0.041597040685989496,394,0.5772704528281223,572,0.029711618209053867,377,0.5500965473809851,508,0.020460841566784137,375,0.5628029249822253,494,0.020260046730299106,370,0.8048010743043487,525,0.005341027289722802,430,0.6288461269144887,566,0.018550748830302253,524,0.5874312452181506,569,0.028433251020526105,480,0.5532320735447226,579,0.0320850399165507,452,0.47356257389293865,530,0.028904952114898623,422,0.39991569938446436,462,0.033640842534345766,391
"(13, 65)",0.010327574516522886,152,0.19150305937263667,37,0.005223052425275432,99,0.11595621322640326,80,0.05798258980476323,184,0.10325760791189909,134,0.32443856064110566,464,0.04109580556056729,317,0.30442472999319237,416,0.03996686147655845,285,0.3636366078415122,426,0.03352631819178698,305,0.008463323829095315,118,0.19443471129499962,42,0.013834761411920637,130,0.12332345739621764,85,0.045239092538831294,170,0.09387745881477218,157,0.15288895215037246,323,0.07261661897980046,236,0.21268695154408146,385,0.047539366767185044,295,0.3652942587577417,435,0.03413793816905904,324,0.006496056625168611,133,0.18321482178318496,42,0.0045186589299022195,96,0.10635099394922982,81,0.056518964563593066,182,0.10437514626505369,132,0.37614069427502794,479,0.03540542926413049,334,0.4165205367020064,442,0.026727683444091793,310,0.40978929459418023,428,0.029118198198127613,306,0.01621130818162042,168,0.11449301602488714,33,0.06114656737444557,214,0.16262487942264658,87,0.05170510390124683,180,0.10087016823971263,169,0.1465626134043504,318,0.06784178750901439,282,0.2731373042877744,409,0.06330245742489422,236,0.18157242797359263,342,0.05883182260499115,278
"(13, 235)",0.478632559987204,457,0.05331397727344379,213,0.5645769285227924,519,0.02434227196520412,423,0.2302912436918778,425,0.06520218072924999,257,0.030623667976007907,144,0.09025873672137785,108,0.035059511222012674,179,0.08214694231837256,131,0.02345112002895189,173,0.0836027439808429,130,0.5047598949450658,501,0.049765209721791215,231,0.43886812378042106,478,0.03895754404906513,314,0.2666943176840707,434,0.051967046226069985,302,0.100727211132985,271,0.08345373706370535,199,0.06549149767522244,217,0.07039989866797203,191,0.0231859521881137,165,0.08558084908499379,148,0.5381855459453126,480,0.04202746500545112,251,0.5815049449949348,524,0.021064942097227535,439,0.2340131503044911,428,0.06500025718412202,255,0.021518534735490924,134,0.09188594221360223,101,0.01623012313134997,160,0.07883750179263677,114,0.017020485431958887,172,0.0840802614138922,124,0.41668432050219106,419,0.0387956140625672,138,0.22258385793186575,385,0.10571739660012715,158,0.24702983985190086,429,0.059890427251078626,304,0.10566331679844021,273,0.07565952365614093,241,0.04330857835086355,189,0.1169561149634301,105,0.08159912310624007,259,0.07680693581383945,228
"(65, 13)",0.20836835152415412,341,0.08618688711013259,131,0.3934477561509311,446,0.027810876169096544,393,0.1260706937295304,304,0.06594133216429848,254,0.008744469877553618,62,0.09359824507459577,101,0.007092653616598277,90,0.09998823049111953,95,0.004936674469476654,93,0.09345098340452677,114,0.24126370111065698,359,0.08405656693737931,128,0.2396934645192652,389,0.04939657905483104,270,0.12529598653969265,300,0.05554147073891457,285,0.033564681415027,143,0.08698328492670475,182,0.016714379152308223,108,0.08234836974843138,154,0.004433304700631746,79,0.09059243647792375,136,0.2317705761580211,354,0.07475368968840088,151,0.4017868863757358,449,0.02469909047396625,405,0.13162448747841538,310,0.06584007779617713,250,0.006138862257744737,62,0.0932121646979981,98,0.002789483794976233,82,0.09477829637572291,88,0.0033544974469101874,96,0.09414731306656178,106,0.2613914559418301,369,0.040917328020907064,132,0.15832115843332928,328,0.09654107347971974,179,0.1391998337012661,320,0.05967543781640202,306,0.03953529921462717,155,0.08038645248534218,224,0.024963986186795184,141,0.08945039426034408,160,0.015619228175581923,137,0.1003333052386389,166
"(65, 236)",0.06749432730034044,253,0.125495847583639,83,0.019085319021149516,161,0.07625656193800245,151,0.12393538562521811,302,0.066317883379977,253,0.5005267625947843,560,0.024286770379895017,446,0.527252836686022,527,0.023780016845109584,391,0.571223751998249,524,0.019177557202448743,428,0.05378101156311943,230,0.13863066979453234,69,0.05436162981169601,216,0.08099995563438457,158,0.124704479966815,299,0.05562914825653144,284,0.3108767376749527,466,0.04141909187474842,382,0.4123624147609246,504,0.028287336992985263,410,0.5836971813641136,537,0.017807594944374294,465,0.057395981892132575,243,0.11903963052274821,87,0.01800495240682154,159,0.06953693662807894,155,0.1186015947326664,298,0.06816671886651551,238,0.5451318603195092,565,0.020893027141015173,457,0.6343506060566805,538,0.01552769740884217,417,0.6147849336645923,523,0.01657458563535912,407,0.04689474392945758,217,0.07254870623765852,61,0.09671644602714125,259,0.1137780099589289,139,0.11180025928456527,280,0.0641988993618886,279,0.28662700729638235,455,0.04153416688940311,399,0.35450211669329923,467,0.03693861656387048,368,0.4219269549500029,472,0.033438943843813934,394
"(235, 17)",0.11591168477921987,293,0.08653386451227883,130,0.2835246297314331,391,0.03460374872682374,334,0.04779329598228299,162,0.09056270400975514,173,0.002294476233674292,32,0.12433559242497012,57,0.0012396516001287328,35,0.11387891749942072,73,0.0028899767909378316,72,0.11610207323739198,80,0.1388937794467514,306,0.07631607887101205,153,0.14982984388495535,317,0.05495458677315277,247,0.06781730395726981,220,0.0733736687192227,200,0.012805831519867139,78,0.1171838889638207,106,0.0043925528419710425,43,0.10005970409200633,114,0.0034348254622218466,70,0.12068702465994363,93,0.157774721252123,318,0.06813339510591461,166,0.30423023713109076,402,0.029736570561632016,362,0.049009203146088365,165,0.08982593078434693,170,0.001397392148847043,29,0.12625252912941554,56,0.00042501884968393355,37,0.10959998917411555,73,0.0018515033990805785,78,0.11642500088630482,80,0.08285753492252534,258,0.04955072866219988,107,0.042803250524209524,187,0.15396493031087774,95,0.06449046632619493,204,0.08561040980040419,204,0.014545134550362437,81,0.10570355103345304,154,0.01050880079832317,84,0.16415714346539903,61,0.01348008730447392,123,0.10853567898491315,147
"(235, 13)",0.13455137535443118,303,0.08233777461935411,136,0.04037235333424938,213,0.06626619872606362,177,0.2585945415641894,447,0.05158600833213828,332,0.6542097172488914,596,0.01889082793548502,492,0.711108933427123,591,0.013705593091298285,496,0.6306578452094495,552,0.019284430847741795,424,0.11206510665723579,283,0.08197602276354858,131,0.10307706926941018,281,0.06225143516289142,212,0.20768541407516983,387,0.05052640619808476,314,0.4495309017065299,536,0.03578908959132831,413,0.584755748993319,576,0.01959626839529255,485,0.6122171574661457,547,0.021445045546351845,428,0.09711084660831237,276,0.08009706286190663,135,0.035105579670758114,201,0.0610800837003799,182,0.25489620608814634,447,0.051844952714477414,325,0.7007017492648488,597,0.01589163027705459,505,0.7909761893702889,590,0.008910295456163297,514,0.67500307333794,545,0.016297431753060004,414,0.17944684858841597,325,0.03829852982638157,140,0.2748726750648147,419,0.08283302792517454,214,0.21490112660054828,398,0.05731639288450846,322,0.4319051517204586,532,0.03413495727564828,443,0.4763116195302881,532,0.04604125085673958,317,0.44246287249533656,485,0.03389829209798408,389
"(14, 153)",0.003927899785339473,114,0.04819861053260938,233,0.016772144318908166,153,0.027916954323958194,392,0.15689690918855748,344,0.017139741599897743,545,0.5507063446555787,572,0.00813748398010102,582,0.6918587233843234,587,0.004684908179440874,581,0.6666483276345148,564,0.004116305244490163,588,0.015828062353333783,146,0.051870909201811005,221,0.08076449172638722,244,0.02282708064211618,446,0.17154404601409334,351,0.016959225145464718,522,0.3508780027719778,497,0.01280561606601452,551,0.49657259706592916,540,0.007601353468675804,573,0.6602380668237376,563,0.00404351820062599,586,0.005242767217241262,123,0.04598423789087936,238,0.013853618451894034,143,0.026881879807124545,385,0.14689562108963883,335,0.017362217309541694,542,0.6136979310605083,586,0.006789539932894527,585,0.8143273346558823,594,0.0026256773484462257,591,0.7355252958640672,573,0.0028757408479968627,594,0.15947945087356186,309,0.016896191587159916,285,0.2084492378019105,371,0.02763531123349784,454,0.14292851245393468,327,0.021982969123864157,520,0.41974717240867043,527,0.014019386627659846,561,0.46195489053156247,526,0.009888818846725851,565,0.5928903914169232,553,0.007013968171265258,581
"(14, 77)",0.5974145555872014,505,0.00902947954131479,518,0.411873626687283,458,0.009604532672997287,556,0.09774858692470123,259,0.020068068293520414,525,0.0058639532035875686,54,0.036988496166659474,345,0.0015428670623728324,39,0.03585893508012461,304,0.0020208083188575365,60,0.028442305487182403,331,0.4200579142300087,458,0.017389885429824038,437,0.1830036110818266,354,0.01737950120742479,486,0.08774269103277843,256,0.02120610490503149,495,0.025589267704835716,113,0.030650194747883403,447,0.009014130644288576,80,0.028923037137264653,406,0.0021585204117811063,59,0.027244208952899023,372,0.5641302471611866,491,0.009667986965805777,501,0.43867927149425334,468,0.008496987993263084,556,0.1053959999190468,274,0.019393971873482647,526,0.0033883202945254043,42,0.03841466772494606,316,0.000289765208039916,33,0.037053191045552235,245,0.000921811210557455,52,0.026672780374449586,322,0.09588693165668372,273,0.020018764106928863,256,0.06745618907131168,225,0.0402522841505107,379,0.10863716941171409,273,0.024087949243330017,505,0.015863022401539695,88,0.041776266679318934,397,0.011691481046581798,90,0.03368121638745466,385,0.0040892419285404324,70,0.03684746879573369,366
"(153, 83)",0.0005921057860514001,61,0.12025520920456312,86,0.004866610323456366,97,0.06347327478410066,185,0.07658887527304914,229,0.03645030849926116,430,0.44733367018917947,534,0.014785053826013523,526,0.5023401437164396,511,0.012344467779130452,514,0.49841636935396494,492,0.009287570261072277,536,0.003256884980237129,86,0.13850066361033406,71,0.01908073349923245,152,0.06084987031962996,216,0.06947708140456155,225,0.03792611804771245,384,0.21208208702540154,400,0.02715892989900274,464,0.32140372790711025,460,0.016985385361876066,498,0.4036837788986275,456,0.011971760975894488,518,0.0006393880714878897,68,0.11499817847203096,91,0.004491492038711797,94,0.06030033733666977,185,0.07193239256553374,212,0.037335324737369224,415,0.52488743000883,557,0.012086717275372999,546,0.6601263531854111,547,0.007263591949994023,534,0.5798982650594542,504,0.0066522807805828536,551,0.03163312030274135,203,0.04918585332882372,108,0.04610445543930097,194,0.07936045042696387,222,0.05206931837287976,183,0.051760053825210005,350,0.26104697285586287,430,0.02940009759126014,471,0.3059043183628154,434,0.021570055581156745,485,0.35902873962331694,440,0.018583107937261995,504
"(153, 14)",0.7686464580551027,568,0.011023718715007857,491,0.5728970242311429,525,0.012951127365084266,526,0.1904333389787879,375,0.02690556470051044,477,0.013012212088322705,80,0.04807467919966999,274,0.00862308933250966,104,0.04785390361507821,237,0.008887534547893816,121,0.03554995953273952,289,0.6179709315425823,537,0.024102567755705913,377,0.39348223568146445,458,0.022189608277522792,450,0.20423269401702404,382,0.02647547898037757,468,0.06576796454407474,208,0.04012445839184011,390,0.03125913112230849,144,0.03693460059941589,351,0.017767066473198367,152,0.03390782198225246,328,0.7631762954351993,562,0.010841037510008302,486,0.5821990858819119,526,0.01191496524948178,526,0.1992928441890971,390,0.0265826047123133,481,0.007227492443208305,66,0.05042755041151116,243,0.0021609822875210405,75,0.04891890491694537,192,0.004582043989014628,110,0.03339909943595758,278,0.3196455716557529,386,0.02275086904787821,232,0.2638979649125839,410,0.044364924076176974,358,0.24600052856349786,426,0.03084679188154382,467,0.04700445547792098,175,0.05206453378606921,346,0.03471100438475849,168,0.0445544144083721,323,0.024203192932259143,160,0.045660135927239845,318
"(77, 93)",0.9243620960580077,609,0.0020007299321511745,606,0.8562629575562706,604,0.002244582342929302,611,0.5935448619221754,577,0.005034047343648608,603,0.18713354230331447,360,0.009278306197975034,575,0.11340614459482135,289,0.008803316794721376,543,0.10589469475750568,288,0.00769629404502275,549,0.8445504836207225,598,0.005067347210454634,572,0.8458715742387322,597,0.0020570101396480607,598,0.7851076339310826,601,0.0024423333000442075,604,0.48413428577664286,552,0.006157932350054456,588,0.3128128510718995,453,0.00626714843360872,578,0.17422017729674577,334,0.006290178866553303,567,0.9151524122520195,606,0.002165547599791787,603,0.8661965263597544,606,0.001989717530948515,611,0.6084900780941646,580,0.004769755578135095,603,0.12656781444558107,294,0.009658379687913032,562,0.032903615663636754,194,0.009499233179862543,501,0.06710984120390895,253,0.007144106503871242,544,0.7409696809780261,511,0.0025557202119802507,489,0.5989606683859181,558,0.008303716409606768,583,0.6359261120861076,576,0.005637633810711685,603,0.3164120413375715,480,0.010212158724518127,580,0.24033503798356126,393,0.009332479765120536,569,0.1595600329924276,326,0.009685007394012766,563
"(77, 14)",1.7326628863667537e-05,3,0.07531783389666935,157,0.00012810717849465192,31,0.04228114817289494,276,0.004065582560297987,42,0.026507018670832026,484,0.07841154589087529,236,0.012399168871123354,552,0.13735827532774814,305,0.008258609211847482,553,0.1462752352009038,307,0.006910605762048056,558,0.00016421079512607406,34,0.08746922927258423,118,0.00015981897655192867,33,0.035847741093926536,335,0.000465100767497284,31,0.029080306455290784,450,0.009908583186977404,65,0.022512289942822703,499,0.033128497071927,150,0.013246391860715962,529,0.086050924403958,264,0.00795751193937986,552,2.469914849489996e-05,7,0.0721946280749648,158,0.0001021942562191569,29,0.040568418400262485,268,0.0035540993006064614,41,0.02648525176979032,482,0.1234451864780729,288,0.009739140874872576,561,0.31382084979107794,399,0.00447928977073227,566,0.20918615841738597,344,0.004890639778888004,570,0.0008601103531761245,95,0.024318048957646964,225,0.0038739333631612194,66,0.044567803250943935,355,0.0027474438091141806,44,0.0346143469815693,444,0.032332375356737164,129,0.02184352311406003,515,0.0541235905927645,207,0.015339359303862122,523,0.09582954881873651,275,0.011479109040617266,552
"(15, 94)",0.6665370320123765,538,0.007300341488074993,547,0.36848617511306747,440,0.02348231526820299,428,0.30359141351325125,476,0.036245442517433404,431,0.1620667864575317,327,0.03321206703920079,369,0.14562220555566263,311,0.028649651144400837,354,0.13868562749070412,303,0.026737893498185936,345,0.5819031111262558,526,0.00927117731730458,523,0.49833257330327685,503,0.022054730329921494,451,0.3245157597025403,469,0.03418282484660069,407,0.17955424216424376,360,0.043982280493072706,373,0.16631337754282416,339,0.03760843219693246,346,0.1496898533663883,317,0.027663060784147826,367,0.7206832254517253,548,0.006104138875177859,554,0.35934980762352875,433,0.02239440411314162,426,0.30126083029255757,472,0.035233820762326055,434,0.15752362335332548,331,0.03144749248058821,361,0.0899927708580952,276,0.026484821701606435,314,0.0867510734181084,269,0.027904401301585145,318,0.4586716813165438,429,0.005169952155244048,432,0.5518791334250696,539,0.02562839121842394,473,0.3337718276956516,482,0.03965941242010134,417,0.16390447331903002,342,0.05209903996302274,345,0.19669500860980338,364,0.04122259705036668,342,0.33859211544380474,431,0.0368198849139153,367
"(15, 62)",0.00011658884004073222,40,0.07837043759951723,150,0.00840954502618374,119,0.07984644640144585,142,0.009795088954564046,66,0.10312601608185387,136,0.031952083049320734,152,0.05419045828134544,238,0.022812626079470655,154,0.04752757559150977,238,0.033067632842407546,189,0.04049383973628928,267,0.0002626331837664031,38,0.07296663872127342,163,0.0012530878819432267,51,0.12504060101483916,81,0.007431473399150068,72,0.10597237106959526,126,0.01954175518962198,94,0.08243282191607634,203,0.01975606636870486,119,0.06784126496148263,201,0.031225385949552265,185,0.0437737170644105,277,9.670288731966625e-05,21,0.08110790987577919,133,0.009799315840856138,124,0.07301453899968595,147,0.009307464156152134,63,0.10034287625565771,142,0.034510520231812,158,0.04986349934784359,247,0.04505498608214997,220,0.03201675257577179,283,0.05931707339731107,247,0.031144065763229888,292,0.0010606468409291026,100,0.02671395037546798,208,0.0005568608125083863,30,0.17755447381262257,71,0.007593455252284498,62,0.12543450772060596,123,0.02751641071749311,116,0.087985603132493,201,0.010715632196715896,85,0.08854589580765626,163,0.002887046114438463,60,0.13036027614530576,123
"(15, 254)",0.639608211403991,525,0.008009874112666956,536,0.32046955629789475,412,0.026408243602115706,404,0.36103620919014223,512,0.031497704809737945,453,0.3335520268515838,475,0.02146322347896724,466,0.4444539957952598,489,0.013412826557896787,500,0.3723427250336683,430,0.01468747251621752,468,0.6253407395906232,539,0.00809555632629237,538,0.49058876748349367,500,0.022516197497584985,447,0.38541756493893753,495,0.029443653718986173,446,0.4071170729231094,521,0.02489053092073153,484,0.43153568007675636,510,0.019300716647018195,486,0.3620214716431649,430,0.01609686276614123,481,0.6103739457223744,509,0.009050485617336367,514,0.30499894193945765,404,0.02557546898594089,399,0.3727871797222645,512,0.029578732408134772,458,0.32561783802073796,456,0.020456160209366008,460,0.4289014040278236,447,0.010792493978702314,490,0.36702287280188284,417,0.01310712614536535,453,0.5589632932342806,468,0.0039335599822234784,453,0.5542032396076275,540,0.025457691144487427,476,0.3713445227778931,504,0.03617451752388464,435,0.3619357410863444,507,0.03157343018809066,456,0.5099351745028763,547,0.01871092862469136,502,0.5405091809624616,524,0.02189049198918099,480
"(94, 231)",0.0015544265603709695,79,0.07518449517291566,158,0.10501222967754653,284,0.053497608809905756,226,0.04061230797953641,148,0.10799038914607459,122,0.017075675463384066,102,0.12312075890909678,60,0.008199287651022957,97,0.12117463376598538,68,0.006894123352967463,107,0.12582312189050573,69,0.00026942134225860226,39,0.1333289107485284,75,0.01085182410722485,118,0.13047328396552174,72,0.07242857113400247,230,0.09116750778557343,161,0.02967569688635563,130,0.12920527696404643,88,0.0168998341401273,112,0.13174997641523437,65,0.0057113028344987216,91,0.1531756286099687,61,0.005651177797107776,125,0.05479146029978108,204,0.1325509443681605,313,0.044824804663983364,253,0.039089235495067154,146,0.10511976835655037,128,0.01724149695753674,115,0.11711231793301664,66,0.008589566758217315,133,0.10446241836646533,78,0.0078203779677819,134,0.11748347408767895,75,0.000626384696295057,89,0.05586765941924718,91,0.0022279422909984303,53,0.21625637894109137,53,0.039648092976790617,154,0.12642965728348574,122,0.01463118141431341,82,0.19148242849464436,56,0.005072196448943078,56,0.18249881215106348,52,0.0026149561918609177,57,0.23243596325213967,51
"(94, 15)",0.33154559524136373,402,0.020527487249368637,383,0.04904629079796541,229,0.06676590480935692,174,0.13692509766815353,317,0.07489598652459441,211,0.2416019526301928,412,0.0546717434817117,237,0.38922932778409225,465,0.033754215874860695,318,0.39582738579875776,441,0.033767618844050204,301,0.5244105538999368,508,0.020015164419978745,407,0.19131377212503975,358,0.06172196230736174,214,0.09645650173032738,269,0.08338154292077295,178,0.2291542807502378,417,0.06528119708377315,266,0.30162454762698154,448,0.050340643181297905,280,0.38630452222133105,443,0.04119685312750271,285,0.20077329761113394,337,0.023337779971542412,356,0.0407267148747541,216,0.06374622626918001,172,0.14270787644005212,324,0.0710621273354944,222,0.24827747305034598,407,0.05121737910003643,237,0.4281085239954394,446,0.026559369766972037,313,0.42852410198271773,438,0.029493678051390793,303,0.48122678288736276,436,0.009857899322655031,352,0.3230173699815453,446,0.06203728401349812,293,0.14960484447840305,333,0.08402703357398378,208,0.2926240659462642,462,0.07314780790466945,252,0.430499886516028,511,0.04339049200872509,328,0.4233550890013116,474,0.05277984231214228,296
"(94, 183)",0.672680683061642,541,0.007898696692791661,538,0.3610588634170122,437,0.027177492537926305,398,0.3301622394590945,489,0.045376809497637186,381,0.3364348648485431,477,0.04327924473323322,303,0.30648148293024513,419,0.04134003214547113,278,0.3269062059825334,414,0.039992034573624255,270,0.6877773418304165,564,0.011919608093686375,499,0.5186753941669822,513,0.026965874421992126,416,0.29251635684795474,448,0.0486474904155836,319,0.25416465974004776,435,0.06129340049863888,276,0.27242385975656,422,0.05408689353342012,254,0.36470305919570833,434,0.04344670985158011,278,0.6572841463199848,532,0.006840241559524235,544,0.33859621798266093,419,0.026256177022395848,391,0.3269422075961548,489,0.044144779310439544,383,0.32616410180475586,457,0.04227764625155842,293,0.2704632942965193,378,0.039163437785235435,236,0.28301137803316556,381,0.04220887139217627,234,0.6149423004249699,479,0.006712601738467429,396,0.6153497603414984,563,0.028381715533229067,450,0.3110846411855599,472,0.055362923425135026,332,0.3044260985917666,471,0.07106338436861835,264,0.3434439890397549,461,0.05383131678471054,276,0.45294309073685723,489,0.04895219560037085,309
"(62, 84)",0.129133460984872,300,0.019075133681806702,399,0.08789541992988281,270,0.03782681930626906,307,0.1274808209079732,306,0.049137797006970844,351,0.2588215481553079,422,0.026755825398559842,426,0.3721118270419399,460,0.019269996211689327,438,0.3264898639399654,413,0.022430523781055978,379,0.2843254497501554,390,0.013830743524066947,477,0.15735190839340318,325,0.031666038963373104,376,0.13286846311902634,307,0.041367125113469135,368,0.2452989215509268,428,0.034419246154252174,421,0.2934435093676432,444,0.026692413094261878,424,0.3202333360458737,411,0.024748760392025136,397,0.0735545436043028,254,0.020738146431993707,378,0.0835957042422385,264,0.03614340711287684,302,0.13476186009112445,313,0.04677721364837086,367,0.2599647974786429,415,0.02508091715822998,421,0.4234725737162185,444,0.014669794108813111,431,0.3792437837116861,421,0.01926268449095842,380,0.033085379229024325,204,0.018731930786250062,266,0.13840330835567194,309,0.04438604161109696,357,0.11889704978337101,288,0.05407762795389645,340,0.25575540513448214,424,0.04215680859047972,394,0.3881721969312565,484,0.024720445734425996,460,0.3468978428788603,434,0.030712736857429642,415
"(62, 15)",0.00017767151680725402,45,0.06110335104877675,190,0.055338083467352694,234,0.04412486616117518,268,0.0404671174781408,146,0.07277442960848854,222,0.01611345678594145,100,0.07240655517748736,157,0.007109040838544023,91,0.08119756591844465,132,0.004523171507779256,89,0.08991580360631757,120,2.657744472300827e-05,5,0.07889171508877596,143,0.006394141179006274,86,0.07536276986519004,172,0.036337329304440114,158,0.06420365161204174,235,0.024457189036425686,108,0.08217871449811126,204,0.006812239537794862,61,0.09227772100574677,132,0.0019340302802801634,56,0.10905825118763,114,0.0008474980863881765,72,0.04657126820770401,235,0.06677762148870015,247,0.039030003800800336,279,0.03831286740866935,143,0.0720650107599912,218,0.016511395784090777,113,0.06775067763990464,163,0.007491063427803146,120,0.07011009331960454,137,0.00675048103520437,124,0.08336925887484926,127,0.0003078194048113936,78,0.03659287569230476,150,0.0024950249665300905,57,0.11331493258604074,141,0.02595308443514477,118,0.08679150426430646,199,0.0074734995865134435,47,0.129908799339485,109,0.002338657241116926,41,0.12699772452982472,88,0.001192505107194597,44,0.15320049650987272,97
"(62, 106)",0.48891541440192987,462,0.007075390344941158,551,0.09204033998051786,275,0.03718496512968153,313,0.10368664586454812,271,0.05357735594936467,317,0.2292178718338399,399,0.029003164168282424,400,0.4820146233598682,500,0.014391718679313983,488,0.5949398645507605,534,0.010690147697151263,522,0.497450480180333,495,0.007873833450502148,542,0.2054695629596176,365,0.027419245674433452,410,0.16973651799050682,349,0.03674325439486353,391,0.3224038563333451,475,0.028064578750715722,460,0.4529009677731406,524,0.017582426281939217,497,0.6437784385430148,558,0.009876660751716242,540,0.39195046946677126,424,0.008014554715535242,532,0.09056430730127718,270,0.0351001360261107,308,0.11029745392470991,285,0.05100109256123877,331,0.244339005725571,399,0.02616269459012543,406,0.5445675180939435,504,0.0104939814248001,493,0.6299282434035569,528,0.009393459991025307,513,0.4682693997749826,431,0.0046852923701658136,442,0.26299899864887677,409,0.030842159750632075,440,0.2175955774264715,402,0.039778135694264666,416,0.3928733376280643,520,0.029444204277124117,470,0.5059703159627661,544,0.01801008833225256,508,0.6122883522686869,559,0.014598386342913624,534
"(62, 249)",0.3585433658085806,415,0.010001887883460101,505,0.12469807188463922,305,0.03288714501613022,344,0.11240559869824773,287,0.051852208423862935,328,0.08998149852283743,255,0.04549730721698038,290,0.048222268542578606,205,0.05401174744105131,206,0.03514183135704352,193,0.060840049117346154,187,0.49425596797251226,493,0.007944179262499849,540,0.17813534019860178,348,0.029704236786737722,391,0.1109547182933256,284,0.04470513346273968,345,0.07760443713171206,235,0.059509328589994866,284,0.08652433882225496,251,0.05048089831898346,279,0.062241409456609276,233,0.05614347138678477,228,0.3231339451029056,398,0.009583476148757892,505,0.11618951136259015,296,0.03180458515693629,341,0.10717862166543068,280,0.05159961791326459,328,0.08475450034828969,246,0.04372874400192215,274,0.037428815160589046,199,0.05040618286119959,187,0.023623603708607832,185,0.06588741049545517,162,0.8302395912416431,531,0.0011789423606350913,528,0.33927448684647643,456,0.025246767194512857,478,0.1381717894421589,318,0.05059602676768177,356,0.10031497788919053,266,0.06821203322221323,277,0.09757987149960834,270,0.05718140874173922,266,0.08142712693088139,258,0.06823907563347151,256
"(62, 254)",0.20469120130649865,337,0.015086377159058076,439,0.08249810214821518,264,0.03870517559861373,294,0.07487396222548581,222,0.06040655716936044,281,0.04253516428770543,172,0.05773865943621815,224,0.054592894898358835,218,0.05208108823821486,221,0.07814191481030663,257,0.04795537357348732,233,0.16916278161280118,329,0.019095771370768285,417,0.10035495004191719,274,0.03859581855693873,318,0.06866957702795795,221,0.05332929092261464,293,0.025115521795867735,111,0.08168353883592726,205,0.0382150621441798,158,0.06498602396476075,212,0.08158378427977342,257,0.05127385626115361,248,0.2021463636438523,338,0.013282507877014203,455,0.07902119019915321,259,0.036872142481985185,295,0.07328819399423514,218,0.05938516028764765,281,0.04093264405188135,173,0.054859738106797624,216,0.04459534607620064,218,0.048081260113734245,194,0.0643400432252278,251,0.05039832791006191,206,0.217282690923712,343,0.009109140307627286,360,0.10211838136720197,268,0.050529735877459965,335,0.06991790743411863,216,0.06600729586708265,273,0.04752786910212914,177,0.08747454995527414,205,0.05475292099244655,210,0.06960210734386428,216,0.09479469084214331,274,0.06453134218571616,267
"(62, 121)",0.998900549835033,614,0.0,614,0.998900549835033,614,0.0,614,0.998900549835033,613,0.0,613,0.998900549835033,613,0.0,613,0.8516166703581873,606,0.003249947588905766,595,0.998900549835033,613,0.0,613,0.9676245225995452,612,0.00038244969940522166,612,0.9031078808637389,605,0.0018871578382870075,600,0.7485255150780595,590,0.006412872312122122,579,0.9570969071997915,611,0.0011418143666033593,611,0.9551968542755229,611,0.001052375332248324,611,0.9757006140668214,613,0.0005621698072423688,612,0.998900549835033,614,0.0,614,0.998900549835033,614,0.0,614,0.998900549835033,613,0.0,613,0.998900549835033,613,0.0,613,0.9204241755336955,608,0.0014661386432268122,606,0.998900549835033,613,0.0,613,0.998900549835033,576,0.0,585,0.799615814679222,606,0.005428463470561276,601,0.6949084994639608,594,0.010000152708372822,577,0.8737929637889276,608,0.004407885830191485,607,0.8827882397835046,607,0.00337967043173646,607,0.8931259824039254,607,0.003421550673889557,607
"(254, 62)",0.05430075508438881,238,0.012055656584726095,473,0.03593232866255569,202,0.039296038213715676,291,0.057671369557254604,183,0.04588495254336089,378,0.11441498426757946,276,0.029493661075266638,395,0.152920905040274,318,0.01976045371456734,431,0.13322816980892083,301,0.020535882269773573,411,0.08333367016366988,261,0.012828538316428818,490,0.04253103343967446,195,0.03396204052037952,349,0.04797654148331809,177,0.04327556495802495,353,0.128514399433161,302,0.03657874195339549,408,0.1336973695890008,309,0.027920008391558566,415,0.11638583077506559,292,0.02381248356763524,405,0.03259608902396427,202,0.013439829308351352,451,0.03493444231828002,200,0.03781449842188345,284,0.06118043365012138,193,0.04321258785665445,385,0.11440138211118511,276,0.028120367376941003,391,0.19061555407574748,334,0.015514405272590086,418,0.16647649485470073,326,0.0179677980486408,392,0.1471313954328215,301,0.00672683145170154,394,0.062310927698691954,218,0.03827578344169059,392,0.05718886713038418,193,0.05177622294703805,349,0.11433443976090041,283,0.0435246724035041,388,0.16737516089448912,339,0.025792806741028587,447,0.1171073009794874,296,0.030616193271065274,417
"(254, 15)",0.2398572494409974,357,0.0073475385745775165,545,0.3007822571074409,404,0.019353513388706767,468,0.2310740562955682,426,0.028889496923302577,470,0.1362185177098416,308,0.027827718639327172,413,0.1007030217053353,275,0.02271285340708892,403,0.11711778320622823,294,0.021437350335149073,398,0.1786525308174105,333,0.009949034904434323,517,0.27581623860356674,408,0.018211923210567953,480,0.25803090622395786,429,0.024699897415067718,479,0.12155026245532707,295,0.03726439386566334,405,0.11668824530162092,288,0.029215554202409406,403,0.13402906096379041,306,0.022718085971609254,411,0.3152102882789507,394,0.006308345291670062,550,0.3049540285751271,403,0.018365305516877567,465,0.2225037424921359,414,0.028099721729473,468,0.13623379841432826,308,0.026529951666591098,399,0.07648966878245855,261,0.021033924814712827,366,0.09105708785238265,271,0.021970566061831367,359,0.10520725218140636,279,0.0075225272820238906,380,0.2198570781918201,379,0.025141933717588667,479,0.2322968120287403,414,0.032450379510249275,456,0.1363090359703223,307,0.041047462828986137,401,0.09045843985106017,257,0.03166498176119659,401,0.1332395931829764,303,0.029327029905525204,429
"(16, 164)",0.14854237257384106,310,0.010284606776871092,500,0.14416504446747513,321,0.0292910338603602,376,0.09166179010692432,253,0.05010996778576699,346,0.0831346806021318,245,0.03700744898832168,344,0.049772851604581,208,0.03183790076097231,333,0.05429145558533399,228,0.027925888693324963,336,0.2665062256902392,380,0.010691005130346782,510,0.1029228989235178,279,0.03218903508672506,369,0.06555702607774117,212,0.04815564638180941,321,0.08494758616899112,249,0.04154072128745256,381,0.06789037638652229,219,0.031024489233142168,383,0.06624556582086305,237,0.026013221924353343,384,0.173467085843809,328,0.010908292632340236,483,0.13690342842514092,315,0.028995034320293416,369,0.08378122224197515,239,0.04887858297204126,351,0.07475531593071127,233,0.034652984555700234,342,0.042182583819961206,214,0.02658787579411506,312,0.047739568965570744,229,0.0286304857126684,311,0.07215032596767901,250,0.0012749398290204383,526,0.13585179616057608,302,0.033537410844407256,426,0.06571631424015134,206,0.05693237624109239,324,0.05282917261830855,189,0.06164458943841058,308,0.034703138957087654,167,0.05319792295052256,282,0.041044109750888014,197,0.04049352161886738,345
"(16, 170)",0.10408657142559874,285,0.011579049463659357,481,0.10761349685668042,290,0.03228983132339258,353,0.1655759802819008,350,0.04114538433800825,399,0.1789838426992848,349,0.028660160448870584,404,0.2526224390354257,387,0.018526126470728863,449,0.23988228731481231,370,0.017018375587387575,446,0.04529676789974646,211,0.019300353020217296,416,0.1500278595558443,318,0.02838929823635344,399,0.2125433284458209,392,0.032536522886348354,419,0.1759995850895828,356,0.032585208131812905,434,0.20753140940153747,381,0.021376967678645532,471,0.211043841240665,358,0.017678911550436407,467,0.08652302926527788,266,0.013754724693387347,448,0.11380736023983928,294,0.03083696433763619,353,0.17791077981792858,364,0.038027702096225635,413,0.19384595889047784,363,0.025223329981220073,419,0.2770331062595939,381,0.014197683052534287,439,0.25876022655936026,368,0.016298802832336395,413,0.19886368489623585,332,0.0009093211524156266,539,0.11474205205461308,284,0.03547946985936978,412,0.21219487339949028,395,0.038518740760769166,425,0.2438775504631756,416,0.03702220597710988,424,0.3059378805288604,435,0.02575173599270825,448,0.2810817346326471,403,0.02132348997402518,486
"(164, 106)",0.4843716523803058,460,0.01242247716272999,467,0.18632888097818823,348,0.03133052803080182,361,0.10722175190544392,278,0.055832012911332864,303,0.10464183077601774,269,0.04403365174073726,299,0.09212462213512174,261,0.04096322396272008,281,0.15278565364556118,311,0.0343718445834544,295,0.5029304891082248,500,0.012620840080372316,492,0.1760574875495058,345,0.03266669408483288,363,0.11728879355925592,290,0.04999296007686991,316,0.1270118281896221,301,0.05264185656136961,331,0.13485773236969834,311,0.0435672304360246,314,0.21990325910408315,363,0.03294294884809859,332,0.4737304650117913,452,0.01285751274227837,459,0.17854156158423007,342,0.030880371806627525,351,0.10650960689349931,279,0.05569032661844891,299,0.11299477832231808,273,0.0406112835855884,302,0.08778462406274035,275,0.034994991827338034,260,0.12379206104032281,294,0.036128722406784726,264,0.8924229453655034,546,0.0005752414670834345,552,0.28123135440812674,426,0.03353263425912773,427,0.13380018860136955,313,0.05712655541711993,323,0.10987824923360168,278,0.06789605125503001,281,0.09933612081393794,274,0.05528725597287371,273,0.23947970666811003,386,0.041028725548038096,343
"(164, 16)",0.5123970955956152,477,0.011503942115786972,483,0.18830818618694045,350,0.03115606845300185,364,0.20282040898000775,398,0.0416653417409662,395,0.24756053632463526,415,0.028885582556797056,401,0.34319237123740465,446,0.020103148711422672,429,0.38062669904751245,437,0.018821172559746267,430,0.45775030527285676,478,0.014254821916015114,471,0.23090354007950187,383,0.02808489182399998,406,0.23643086470128283,414,0.03529210201144974,398,0.255857934925808,439,0.03648465127564324,409,0.3465564885502813,467,0.024590169341915772,445,0.398355440656888,449,0.020861849040753614,433,0.4374717230544759,438,0.014148659577634465,444,0.19039674659669603,349,0.029859430060894615,357,0.22727035641865734,420,0.03879992771914309,406,0.27450981881342906,429,0.025587443069872227,413,0.3819513771789146,428,0.015312380816180407,421,0.3770769574940104,420,0.018210283212094017,388,0.775074142152513,521,0.0012749398290204383,527,0.2679770423136133,413,0.034692590284375255,418,0.2456633049856276,425,0.041564673942172635,404,0.2918350547388565,461,0.040484650386336994,407,0.33659022903396096,457,0.028344279880947582,429,0.3879061099760355,454,0.028109508010819014,435
"(164, 182)",0.020704783795686854,184,0.053705462733588484,209,0.046490365965715874,227,0.05210597112306923,233,0.09420696354426106,255,0.05855383972265922,289,0.15758547241497511,325,0.03706340745898356,342,0.16606127434314233,332,0.032100140130715105,332,0.20099181652346254,349,0.029911122318000305,320,0.028161359291743127,179,0.053912273429718965,213,0.06322814865606075,227,0.04845259533992642,271,0.06946032786891643,224,0.06005697472975138,254,0.09757764629713961,266,0.058317235169426336,291,0.09729496565201146,264,0.0495580907620947,286,0.15737902319383323,323,0.03930714169286453,297,0.02255529566851311,187,0.053119509742986105,212,0.04748330540318202,228,0.049955452002167104,228,0.09053650423528192,252,0.0590793670200547,284,0.15751320047563455,330,0.03521099326778872,337,0.21529379968714302,347,0.023481439493515163,338,0.21061117694401676,347,0.027934956782601866,317,0.013233122718043888,162,0.016439354077211064,291,0.03575196841490236,171,0.07660511491835684,229,0.06991368523907082,215,0.07232403279457222,244,0.11143754510754822,280,0.06752719691993413,284,0.17342206430684104,347,0.043565890479762864,327,0.1520640749607406,321,0.0524070767981243,299
"(164, 111)",0.033192742210148785,206,0.04864378383771472,232,0.1764706739007138,340,0.03222386204252674,354,0.15102347751341005,338,0.04837966718955671,358,0.07330075338332553,227,0.049771274383493304,261,0.052622627865662186,214,0.04872273243860546,232,0.01933952556375207,164,0.06291712728094521,180,0.027550883870465448,177,0.05416560739824233,212,0.11544540125034208,290,0.039452852142357275,311,0.15577668363822683,331,0.044218545606679774,348,0.09560829618860356,264,0.05874731927626954,289,0.06221792416205729,215,0.057322129635066166,245,0.015208209083115487,142,0.0762081562394709,170,0.03976902747416222,218,0.04688397506560531,234,0.17900244344046512,343,0.030839611134525907,352,0.1398704661922645,321,0.0498273365446788,339,0.059555977227602974,217,0.05032684455185966,245,0.034836269627585015,196,0.04540994109261521,205,0.024187641259501125,188,0.05774202438288212,180,0.009321789714579198,144,0.017378090383103173,279,0.09637559294580234,258,0.057474890873881294,307,0.13057864431438038,311,0.057723016355665596,318,0.0831710388774527,243,0.07503507316353047,243,0.0471959311222494,199,0.06955519625977362,217,0.014676203481147398,133,0.1006068454000046,164
"(170, 69)",0.73078197288953,555,0.0020747245785735983,605,0.5686913142153309,521,0.006737000615769385,578,0.7209399243118455,600,0.0064848252750828545,599,0.7052985840271411,598,0.005325372301181725,595,0.8822526831997533,608,0.001711635998514099,606,0.8123689629138011,600,0.002712057907703475,605,0.42666854523836373,465,0.005862076795365368,562,0.9111735497529135,606,0.0010846907214658655,607,0.8789130751698752,609,0.0023722136526643954,605,0.8927506792769423,608,0.0018918276404822328,608,0.9110418513342887,608,0.0012901361583154607,610,0.8762057749152414,605,0.0017077043336698166,606,0.6830618025904964,539,0.0026222763779808578,594,0.5969141065744418,532,0.006011405095921364,582,0.7147210048650785,598,0.006540555781620249,598,0.7203087205706337,598,0.004731063036808286,599,0.8791002778355829,606,0.0014952051821395008,605,0.813021903178839,593,0.0027384370518896703,598,0.7334761223290864,510,0.0001462262322639633,570,0.7624917830932323,596,0.004403760228491727,607,0.7484865976262702,605,0.006046802421415823,601,0.7808899829477209,603,0.005566486376530011,601,0.8388708433079257,604,0.003660571742496205,605,0.8491959102761926,603,0.003912313904575093,605
"(170, 16)",0.1938515580913318,333,0.010095076629894357,503,0.07937264459566862,259,0.02719286293159743,397,0.05050745589912209,166,0.051279840521259494,335,0.06214401415723769,213,0.03717262441733309,341,0.06322472828955306,234,0.0327129821360923,326,0.08414891695052396,266,0.028569913732929445,330,0.24670549769091354,366,0.009349537209150119,522,0.06242734977255737,226,0.027978511497980713,407,0.05420474032571687,189,0.04609388271499248,339,0.060260971518232065,194,0.04049185015131179,385,0.07990808311017306,238,0.030666528566593815,389,0.10489984006773856,279,0.025962589634712426,385,0.1774905109069118,331,0.011051809507904624,481,0.07633837288769696,258,0.026823024669013238,386,0.0538549462035105,175,0.04949353579154674,344,0.06411477937007459,222,0.034765824243319504,340,0.06868399502034517,253,0.027072718474876304,307,0.07781636078686083,261,0.02975026574454404,300,0.11914014979738052,285,0.0009093211524156266,540,0.1613078786455472,329,0.027225279097134878,457,0.05051669432162054,174,0.053890635054236934,342,0.03948890827815177,154,0.06195361451507899,306,0.043259322304681325,188,0.055775771800372055,271,0.12951501966061507,301,0.044160645462834554,326
"(170, 190)",0.27470069714451084,374,0.00810139380692627,534,0.0560525356823971,235,0.030363876119339106,372,0.05106326680843187,168,0.051121226491157266,337,0.030558069457880976,143,0.044967792908976484,293,0.033175488918210316,176,0.03901297956151223,290,0.04807301298121902,217,0.03401323340647499,298,0.4057730286221892,452,0.00619065406912678,558,0.10485966443836159,284,0.023380841243312366,443,0.03292009629224124,145,0.05258962370129074,299,0.04747428967618206,171,0.043382582814139516,375,0.051030728777990086,192,0.03526512904990008,360,0.06533951009243566,235,0.0306353948637327,345,0.2662102732135424,368,0.008647628276309294,520,0.05290482662507634,233,0.030059431658597466,356,0.049230048473931864,166,0.05077474360358851,332,0.02679984098694521,144,0.043762787494965316,273,0.024850570553355045,175,0.03541585609324738,255,0.04306247459552659,220,0.035520746681939185,267,0.019107818050048908,176,0.0015368090292840067,514,0.2727754752999676,418,0.0199432491388948,513,0.09877303983667063,262,0.043293871693227445,390,0.08138185812196908,241,0.049955621995405944,356,0.0981111632553825,271,0.04305250612575864,333,0.1580202953294394,323,0.04028970738098705,347
"(170, 243)",0.11241000816314739,291,0.013061075069886923,458,0.3740944133226015,442,0.01147012822891161,542,0.3148169295176073,481,0.021889615946667478,518,0.17773065121857823,347,0.02444305174734428,442,0.1104903405409885,287,0.02688284557300957,366,0.04675540445451032,216,0.03427471202562296,296,0.08186621190262255,260,0.015759688020776055,456,0.29234863753065454,419,0.01347306019442502,521,0.3655550759244752,488,0.01762508221165196,516,0.15344284874513292,324,0.0283953565103082,458,0.1005236474555502,270,0.028222816990795017,411,0.03372153773530584,188,0.03676610724995513,313,0.10884532219142307,284,0.013811458050648578,446,0.3829399362514586,442,0.010914235407270339,540,0.31589296167650893,483,0.0214589853265013,516,0.1715742786798985,345,0.02350867762742693,438,0.08697016989973994,274,0.024996983245582548,324,0.04428076614929788,221,0.03525710772393593,270,0.9991003599160128,580,0.0,586,0.20325512075367602,369,0.02407348701032773,486,0.2605794310565356,440,0.026495651254798712,488,0.16061781385783735,335,0.03776130602540461,420,0.14019234587226437,311,0.03713436201114035,366,0.023639863561738195,156,0.07398648389790899,240
"(170, 68)",0.004623103386031668,116,0.02724597860423472,337,0.032603212291503314,197,0.03506564588553915,326,0.051993462780375754,169,0.05085917399292974,338,0.13360065660211695,304,0.02804885253900046,411,0.15041211794241427,316,0.02350288169068995,396,0.20373506161616217,352,0.01925256357590311,426,0.0066000018337976085,110,0.027756988166320648,352,0.01452552167105825,136,0.03957153825951423,310,0.04723564100198574,176,0.04792258522528704,322,0.0805609423831648,242,0.036867898670390246,407,0.08649329288303886,250,0.029830407393015873,396,0.15262961669369202,320,0.022082575040501633,419,0.006493157648592374,132,0.02710314090680443,334,0.032822532133540805,198,0.03408006050481443,317,0.05094477984991297,169,0.05028770958822802,334,0.1465244785366786,315,0.02539747743120279,416,0.22191113271858387,353,0.01620159270220082,410,0.25046548743680863,363,0.01717198446292964,401,0.010103740816812312,155,0.0017269987039279851,506,0.0023270928999019613,56,0.07272929306286463,249,0.030915874409566224,132,0.061165093021856166,291,0.08059570693834384,238,0.05012314391900287,355,0.06446416963131207,222,0.04972254637132403,303,0.07233588137257796,247,0.05501528606784103,289
"(17, 235)",0.011231968821265204,156,0.17355824491374894,48,0.0023690958051085786,64,0.13655119443385316,58,0.03343985583998621,128,0.10589007293606006,126,0.2512275380919703,417,0.03897986596225699,330,0.2910145640394184,405,0.03032551886983291,344,0.21092032045227027,354,0.04155353089371973,262,0.009421621602325403,123,0.16670065230157693,50,0.007565581644898067,98,0.13045174883103078,73,0.018417259192108126,114,0.10770389020895989,120,0.08400737877346076,247,0.07783614807369157,220,0.16308177815421732,336,0.04305740367025133,317,0.18176848446227178,340,0.048496649942311156,261,0.00690930447517335,135,0.16945765604030122,50,0.002047103759923008,64,0.12605447184996763,61,0.03307636735543085,128,0.10573377861644637,127,0.3045612042211009,440,0.03303486245274378,352,0.4172614973056472,443,0.019620634424054543,384,0.25203921063938906,365,0.035572064220569834,266,0.02503792368772695,191,0.07959899818571158,53,0.0405416094078761,180,0.1706588444635731,78,0.022728979392271587,108,0.11903408061624716,131,0.07719533605892126,232,0.0721742606460252,258,0.09623913903290182,266,0.09867360322718116,136,0.07652149422028842,251,0.07478909823693022,235
"(17, 57)",0.46737807315665403,451,0.050085010390777035,226,0.6510168244855249,562,0.021003530758934505,449,0.31142826857140404,479,0.05032966455646326,342,0.05024753096858636,187,0.06665373851289597,183,0.038381338775361096,187,0.05957624251073047,186,0.06630264428088073,245,0.06111349535823267,186,0.49078236269690034,490,0.044635753392515826,259,0.5191131338152869,515,0.03186471272292507,374,0.3985521818875959,500,0.038649569401619954,376,0.1775377427124537,359,0.0606536464779575,281,0.09336232592153615,260,0.051855213948459204,267,0.0814841901212554,256,0.06336656280599103,212,0.5305294882016851,479,0.03986907220590741,266,0.6653990781894012,565,0.018333447707041355,466,0.31304591569740436,481,0.04998622516456417,337,0.03502722110145029,161,0.06793008144451305,162,0.016145159060288794,159,0.058009845309161076,163,0.0499707436154293,232,0.06100421371835329,173,0.35406914164164105,399,0.03291630008341373,171,0.2829052462223952,427,0.08930630657582438,194,0.3681928663576285,500,0.047044209672787884,376,0.18932535382835236,374,0.05351921959271858,339,0.15898614531912592,329,0.08347026722738914,171,0.19055706966585229,353,0.055176958264054374,286
"(57, 56)",0.484800840329518,461,0.025442938629693327,352,0.6291937914890559,555,0.01184423463545437,539,0.3245529653756781,487,0.026656206352077147,481,0.06067106112460863,209,0.03375291068752791,365,0.03491090461949076,178,0.03214547112976251,331,0.0717569365424342,247,0.033822308092227506,300,0.43720318289292015,471,0.02688434391622259,358,0.5366622151086732,527,0.015245903709775037,505,0.43559778847357344,517,0.01813627345275742,514,0.19470156198075483,379,0.029546246141838883,451,0.08606523698170432,249,0.027122942270431168,419,0.08557391086675836,263,0.033962154970804015,327,0.5135764755472514,465,0.02280706214137616,357,0.6363582628524584,551,0.01071827619027178,541,0.32922678198126576,492,0.026078739275354784,488,0.04355981094530692,181,0.0351347515633111,338,0.013746596064851957,157,0.03271042592728865,277,0.05839341078432969,246,0.03326395019299899,281,0.48758505773336713,441,0.01013898925497363,347,0.32190811407019815,443,0.042297416847820755,370,0.3819001110513267,511,0.023092799680450245,509,0.2132179100333651,397,0.02625001756614855,484,0.17799330774235855,350,0.04066041763299104,345,0.22515448930007242,375,0.02808996942786432,437
"(57, 17)",0.009858816531338799,149,0.0932137822168796,118,0.002930588416697466,71,0.07092241827452297,164,0.03059995984358621,121,0.05856703661105917,288,0.22371391399912888,393,0.021847785759845095,464,0.30505385127655105,418,0.015606828521933581,478,0.1996394358548479,348,0.024047822616467224,366,0.014001785901815333,138,0.08465762292596726,125,0.006576619763687619,89,0.06612808320787363,195,0.014164511432193772,101,0.056821070428419856,277,0.07430358359963063,226,0.04073385721604044,384,0.1741972737174723,348,0.021442015451814844,469,0.17498612461135732,335,0.02675723061897722,380,0.00790197435585327,144,0.09169785598414025,119,0.0027359988471215013,73,0.06591539662925124,166,0.029646456687025258,116,0.05818272352868464,288,0.27228225906165826,426,0.019073296819517364,474,0.4397541019616753,450,0.010304208154213124,495,0.22926487523097694,355,0.02108543645468671,363,0.009653225457935233,149,0.037478940820852694,145,0.031152636844640647,165,0.09212826287911945,189,0.020678919300047283,98,0.06104038118405282,292,0.06524988072738536,208,0.03895329964621429,414,0.08373128662369589,248,0.052280990234581805,290,0.06007077179454523,226,0.04363386994199723,328
"(18, 96)",0.6107967823998022,511,0.018308575107904224,408,0.6404151582698625,559,0.01993495182082788,462,0.4178525566047673,532,0.04224411956079247,392,0.17707655983367632,346,0.04425176801238054,296,0.13400438604049592,303,0.04413032524302196,255,0.06094716539637157,235,0.05090594896560784,222,0.49922901534887765,499,0.025105663416660467,370,0.5759934892179764,541,0.02172619809020598,453,0.47869695323965655,534,0.030012998415653837,438,0.2933468449292306,456,0.046113611676924335,364,0.23982663929413106,404,0.043621458904123146,313,0.08130978238033792,255,0.05568424829469271,231,0.5874384293141428,499,0.01924153056833693,392,0.6492544743656755,556,0.01842411253140906,464,0.4222338143290003,531,0.04268152284239353,386,0.15063248993534406,322,0.046637374852705395,265,0.08317901100532255,272,0.04444890362696757,210,0.04575854322737816,226,0.04828960798297198,214,0.35826331689051816,400,0.014438698873250956,308,0.5255055326391989,530,0.033596992460788636,425,0.4421524029874262,532,0.04091955592405184,410,0.23850577081469437,412,0.059498249576777566,317,0.1456248389928756,316,0.055822871282390794,270,0.09028171523822126,269,0.07736397698278306,225
"(18, 41)",0.003479903211259794,106,0.10250956830521844,101,0.002630347903947561,67,0.12447954528765888,68,0.016077668560274816,80,0.1251313875924866,94,0.08428797619510486,247,0.056675554375327716,231,0.11640829257175833,292,0.04625039997940336,245,0.2230565631419983,363,0.033033001691052784,308,0.008832213775336939,120,0.09634927497064844,104,0.004739058922650918,79,0.10761981063978131,105,0.010322584733488127,81,0.10782847280414506,119,0.03778179714527985,155,0.09131218629703845,168,0.05431212654406348,197,0.07156495310424996,187,0.18206661741313435,341,0.04256342030704699,281,0.0042906130014279675,118,0.09917159197504136,106,0.002411074188947482,69,0.11897472328219755,68,0.015585176918884613,81,0.12818985735841473,86,0.10245393431701977,264,0.053031116194764735,225,0.1789099526775889,324,0.03443399961901214,262,0.265009165722513,371,0.026889998505523587,320,0.02433028872684928,190,0.03538993396457332,158,0.007192055192402624,85,0.14045649574117142,108,0.013510402223538609,82,0.13088769377120515,115,0.054805263999017084,194,0.09713961880970663,183,0.1064207234798703,285,0.06197481722575009,245,0.1676418294773473,330,0.06294258721487078,269
"(96, 18)",0.04777054076425591,229,0.052836628351410404,215,0.03966839494628349,212,0.05895359369620889,204,0.16751891120998041,353,0.056434545130279054,299,0.44132184843329314,528,0.02444792230486641,441,0.5151790965655962,522,0.019399460809374415,435,0.6360053789348425,555,0.014809236109487598,466,0.1070973858340164,276,0.04970065185635029,232,0.06355527304641662,228,0.051633156594106756,262,0.12121503620740626,293,0.04788467364560322,324,0.29772779347486666,459,0.03964211327662232,394,0.3660224255884803,474,0.03093146959808261,385,0.6044862182990176,544,0.0185445386683506,457,0.05995291885190923,245,0.05104024061677408,219,0.03866308705363086,209,0.05630805327896267,198,0.16579709463665737,351,0.05799986696444369,289,0.48113044816376516,542,0.02281031933435097,443,0.6064366440390534,525,0.014380650108775317,435,0.6811630747037369,547,0.011811652097643564,479,0.20841973370640132,339,0.01795460615286429,274,0.08822078868388783,248,0.06711403996795162,269,0.1203411294112553,291,0.060500362457814316,295,0.34409921596454207,494,0.04337273391466038,389,0.48252207929493385,535,0.027467852719542933,435,0.5789662083424885,544,0.028107592463470513,436
"(96, 85)",0.2586646909898591,366,0.030089116259127396,321,0.2861292924615948,392,0.03051202651965091,369,0.09036312279123382,249,0.06932702530446792,237,0.013591792881030074,85,0.07799525522991997,133,0.007803349965808448,95,0.07840589358157188,137,0.002745341753519037,69,0.09095378605454787,119,0.14479416163523962,313,0.044947412053265134,257,0.21700451556095013,377,0.034289115495355044,345,0.12886294574744572,304,0.04691798428044996,335,0.03668088526833846,152,0.07966789120155152,214,0.02307035672257185,134,0.07772338071617203,169,0.0036858363813476736,73,0.10150781612841965,123,0.22543916640466255,349,0.03282260405099739,301,0.28993115707530237,395,0.028767650405676966,371,0.09151286004986536,255,0.0707063784085985,225,0.010135514083437491,76,0.08259182298877012,121,0.0036211907037111413,92,0.07926653351576124,113,0.0017337517167297367,75,0.0865098138916577,122,0.06747009757157318,242,0.026148797137916187,213,0.1707989548204082,337,0.0538487084490503,320,0.129777587037483,307,0.05899693355598813,310,0.02679882022976754,115,0.10156392290151312,163,0.010029837446759782,80,0.09990007373894905,132,0.004619138965215486,77,0.14066553777076263,107
"(41, 34)",0.14741818073203283,309,0.0388586872867554,274,0.11100966586803218,292,0.04946619015454482,244,0.26109662887388496,449,0.05131327263853936,334,0.49533073236173286,558,0.024097083340745052,447,0.5639970779855026,542,0.019612047563527763,433,0.5902950219018976,532,0.02097854511570742,405,0.193778320874193,342,0.036309124430610754,300,0.17601162944287851,344,0.04110571419411478,307,0.22290167263906124,400,0.04438439478860045,347,0.37661910506121354,513,0.039461651111975526,395,0.43900844223476376,517,0.030172139101958095,395,0.5647627924859717,530,0.025250205094415768,390,0.16246320785149182,324,0.03757204462979211,277,0.10458139005629041,281,0.04721361104232113,239,0.2604688781080511,451,0.052205549090793536,323,0.5326290335509947,560,0.022328994450026386,446,0.6438724088158329,543,0.014804076714203137,430,0.6116336807583267,520,0.01861553507250169,387,0.35171420933467545,397,0.01248901577639811,330,0.19120480302664655,353,0.05538475771525367,315,0.2393623906885156,419,0.05493608855169284,335,0.4215695124508543,529,0.0427254648211613,391,0.544435955534081,558,0.026666973127296337,438,0.4828664469816808,502,0.044846794523067016,321
"(41, 18)",0.1049782428954118,286,0.04351497195435995,252,0.14011900643574238,319,0.045771629944421445,263,0.04698862444804597,160,0.09088646767183385,172,0.009100251574398532,64,0.09132263589490777,105,0.005248656393554874,76,0.09323933664105573,109,0.004184144065099038,86,0.10921011469991328,89,0.07479116140544528,249,0.04986939275981312,230,0.08494017556027877,254,0.05240566882460588,259,0.06101242422694586,204,0.06835893967909804,216,0.021447612768160207,100,0.10256906146217959,139,0.013820765095350795,98,0.0955549149002282,125,0.005214866746521052,85,0.1203573260297237,95,0.09378999883629835,269,0.04512296828925191,241,0.1479170284022392,325,0.042060971228162845,261,0.047189170187121876,159,0.09226163946664052,165,0.006793887678521626,64,0.09556627469817348,95,0.0025428283531315765,79,0.09365743298261046,92,0.0034532871242412,97,0.10454303200862917,93,0.02544369565354665,194,0.02997308566552847,189,0.07616987115574925,237,0.07527119062924471,236,0.05448490540277451,187,0.0899741264107933,193,0.015658975853859447,86,0.12805270095013035,114,0.006173906513603722,62,0.1186959698292022,103,0.010003832187694739,110,0.16328700262813095,90
"(19, 138)",0.02504144452452084,191,0.41659245566162895,9,0.03233345340961824,196,0.3437300770387691,9,0.026351887387606188,106,0.4524230178367887,6,0.04703708183174382,180,0.30235992276566354,10,0.06912429145769772,239,0.27602964812846414,11,0.10809609108384688,289,0.24386214079044194,17,0.005982670978753379,106,0.5155292832251507,8,0.008196238341573903,105,0.5158200660173311,7,0.02190737706999002,120,0.4826408020971925,6,0.05938618017725461,192,0.4262147059556792,10,0.07329998532976001,229,0.33375814499056283,14,0.08533389486832288,262,0.34106650441905506,14,0.03195052360119044,201,0.3966430182280742,9,0.04193213416945696,221,0.31541628292122065,9,0.032595608240209906,126,0.4478010488264729,7,0.05207166153249487,199,0.2961336858988167,11,0.07321210165495984,255,0.24262480615300996,10,0.045298426000535574,223,0.3522410388706851,10,0.004185689884444566,123,0.325987332369465,6,0.012138867053858915,103,0.7118177999199041,6,0.0208281790512006,101,0.5762303728569551,6,0.06945190221034314,216,0.4454680658550387,14,0.08951110673038976,255,0.35984286859206843,14,0.13495153865026377,306,0.3655347058868601,23
"(19, 35)",0.3540485538246809,411,0.17228345995257666,49,0.31640710910846725,410,0.16070133647816823,38,0.3465695410042776,502,0.1916689677431599,33,0.2609446911930088,426,0.17080012883683465,28,0.2049587260682223,363,0.19213677272710553,26,0.14358024355652232,305,0.22184491743454268,22,0.5482734675721377,515,0.11434555910895898,87,0.50889182612914,510,0.13026505702600763,74,0.37354333575503684,492,0.18751693579601286,37,0.2268167509225123,414,0.27266654336823976,24,0.19662401587144984,368,0.2402081000970439,23,0.17537344911989616,336,0.268261477255084,21,0.3181692562862797,395,0.18436270426533838,41,0.2779141025080285,384,0.1679176070415192,32,0.3152124705541367,482,0.2101859454667326,29,0.2459939313443822,403,0.17648731378811083,26,0.19679379928749685,341,0.17449876435180378,21,0.2665008219293816,374,0.1951198587709998,28,0.5902531357961794,473,0.06262921561891555,75,0.4568486284061235,508,0.21240795960115008,55,0.3808606993487902,509,0.2187213578229655,38,0.2042843737261678,388,0.31090872434420525,24,0.1688120555491549,341,0.29125321171367885,23,0.11555012413564336,291,0.3849441809502647,20
"(35, 19)",0.3088976739017405,388,0.22678302062095418,28,0.3472540074391651,427,0.18047215044541326,30,0.26681503126948225,454,0.23869689650660766,25,0.324228393786119,463,0.15990749752448621,34,0.36688756127970457,455,0.14761630665455386,47,0.4602015419945471,472,0.12901819857791255,63,0.13359153004108693,301,0.28470530670106187,21,0.15932673077066628,326,0.2702886064242059,18,0.2385854239222095,418,0.2510864910752898,22,0.3672921604719004,506,0.22172885465879774,31,0.39636204849608925,495,0.1740403969101648,44,0.4287525509986585,466,0.1817795079853513,45,0.34347505555076097,406,0.2173294144107441,31,0.38528152283544226,443,0.16558544211662132,35,0.30157690000596593,474,0.23662231878820225,24,0.3433113161352762,466,0.15730407564473978,35,0.37148556038645664,425,0.13106294571195284,46,0.2842335813007677,382,0.19197734506951078,31,0.10392997032477891,278,0.1764956994939426,17,0.20256327983750766,368,0.379879061888707,21,0.24633674900725944,428,0.3020739294169924,22,0.3894037659904396,518,0.2379785279748394,38,0.4198218258310449,506,0.19289121865953368,48,0.5059404721901561,510,0.19682632115300627,64
"(35, 36)",0.034016382643855314,208,0.47313604889358535,7,0.026229311204323702,178,0.42693686173248235,5,0.04520211775068517,158,0.43138390992633496,8,0.030667267375727558,145,0.35096258098890115,7,0.022933715819032696,155,0.371952248895689,5,0.011843467293720877,135,0.4369925589224465,6,0.11678495842028846,289,0.29775534527995184,20,0.095995800173585,269,0.3200171180031457,15,0.05477539015941346,191,0.41005567186867964,10,0.022870071806577852,105,0.5594186280974167,3,0.018701255929558958,116,0.4816414205219787,4,0.014877200431578919,141,0.5573227327373751,5,0.026912879023530012,193,0.50788282221685,5,0.02020011627419127,165,0.44241542064291756,4,0.03574009212354101,134,0.48172942452965606,6,0.026942877107842822,145,0.3674131459857195,7,0.022220046081118605,170,0.33512918635230715,5,0.04017950126073666,214,0.36853063588502283,9,0.1487410628955692,303,0.15661647153021985,21,0.07029603764859393,227,0.5405742008584277,9,0.051950050068781506,181,0.5074901959727509,9,0.01963015582170946,95,0.644213627184968,5,0.015854617240699587,111,0.5749307543415362,4,0.008386280031059457,104,0.7719571530369087,4
"(20, 137)",0.004659421000540176,117,0.5783111862473067,3,0.0032594257866283005,78,0.379339240239197,7,0.037349587065272694,138,0.37936378680816407,12,0.18888426873722763,363,0.1658266543166269,30,0.2306452690356372,377,0.15246644770476186,43,0.3541232964811549,423,0.13486549506433015,57,0.0069096939720995065,112,0.6716397742344661,4,0.006704576379341187,90,0.4855821464991481,8,0.03543272912730833,154,0.36132676661530894,15,0.09956470413231466,269,0.2965693307993525,21,0.13474717388765267,310,0.25030251172806073,22,0.3059476008695222,404,0.18157647418602707,47,0.00435218125381398,119,0.5641351243790476,3,0.003315434854459287,83,0.3509938529826562,7,0.03773577594391386,141,0.38310618095582544,13,0.23141422430822467,392,0.14315215137436724,43,0.3563736136989152,420,0.09430594510011422,90,0.43558928850415346,442,0.09597241545190675,101,0.016898666770699844,170,0.23423201759812,10,0.012256276449427728,104,0.6975249997674556,7,0.03183644637778482,134,0.459352774007478,12,0.1259582364495806,300,0.32904436395167524,23,0.2027576685351622,367,0.2302625852641923,38,0.33975411255648735,432,0.2192232838611305,56
"(20, 145)",0.5779608293901007,498,0.115959439806746,89,0.6178870597149919,546,0.06603463308710598,178,0.2950513442642131,471,0.19048112210251317,35,0.07743831571601634,235,0.22322061592646902,16,0.05784161556545553,220,0.24177366498828565,14,0.02502866459544073,176,0.3261918637984453,10,0.530522451905937,511,0.15802340734632891,54,0.5342739232444487,525,0.11284054252994757,97,0.3028563072654973,455,0.17672152960586832,43,0.15443545957489024,327,0.2561999445678646,25,0.11573459086578675,286,0.26332011486935364,20,0.03470086128575889,191,0.37511276618328254,12,0.5858121873476221,498,0.11007769608024688,95,0.616051077120507,539,0.061509297908732094,177,0.2935274053926309,468,0.1933543892173335,35,0.05753669625525859,211,0.22765625582589535,13,0.024646756055948793,174,0.2297493703651182,11,0.014165377409133262,162,0.3006741596802016,11,0.4108082884507126,417,0.08085694731236291,52,0.45553555966101467,507,0.20901231026586217,57,0.3186982013080407,477,0.21313821994137797,40,0.12404663581861475,293,0.33072598352691807,22,0.07020011645333046,233,0.3279214772507618,18,0.027602500789431827,168,0.5061649975864103,9
"(145, 27)",0.802371156375927,578,0.023266123693085786,362,0.8279563089397433,597,0.012749797646523467,529,0.7182573742297023,599,0.03420922547964719,439,0.5777273268074786,585,0.05018177767726077,258,0.5473758921443824,536,0.05512056390659423,203,0.5796264034859311,527,0.05722415745159793,197,0.841042155971941,597,0.022505762346023923,388,0.8360853286545198,592,0.01670446379620055,491,0.7650664345089282,593,0.02655532814820721,466,0.6622859233057146,590,0.047657971415419005,359,0.639828615490171,585,0.04664268387375982,301,0.6253436836815369,554,0.05817818293328498,224,0.8125295554796933,574,0.021335361817406806,370,0.8346703912325744,598,0.011415586861762226,537,0.7163542186498406,599,0.03492950865983374,436,0.5712281438973477,571,0.05058843416290563,241,0.5215440337799133,490,0.0531349943752644,174,0.5368798040729962,485,0.05980040611368167,175,0.721286226017353,507,0.01788388235425296,275,0.78270018180926,601,0.03626886342661669,405,0.7875323302633108,608,0.029230328841012322,476,0.6989364684187418,598,0.04978643041808546,357,0.6275688207712145,578,0.05720590047238897,265,0.6538741872745721,575,0.06937116411643462,252
"(145, 215)",0.45198284778744036,446,0.08058063357962363,142,0.3515327061032517,429,0.06647117470589677,176,0.5881620989076097,575,0.05409630787511118,313,0.8151853501199586,604,0.019150767472807466,490,0.8064351705571575,603,0.020224521771752442,427,0.8440477093957961,606,0.018269827009419357,434,0.542251183382731,513,0.07713373762882077,150,0.521877427488693,517,0.05869117548479149,228,0.6159614209620592,566,0.047320137792376274,330,0.7485403499141853,596,0.03378992347256772,426,0.7898265628460329,600,0.02501462915182586,441,0.8617966472113864,604,0.018856406658364768,451,0.4544044817296835,448,0.0778038231212168,139,0.3556536582509453,429,0.06149654516008164,178,0.587434763563075,576,0.054929277059472544,301,0.8397087539366166,606,0.01621919450737469,500,0.8522792020287134,605,0.013508333648954842,449,0.8513868390703574,605,0.01598169178255388,416,0.5184951857836052,452,0.03512498519950536,162,0.5765091961144779,553,0.07978632071451681,221,0.6329761596510883,575,0.05510721175770631,334,0.7758119803600778,602,0.0355445624317616,435,0.7922264395616563,602,0.029073568260525703,419,0.8468544406397103,602,0.02764517933354277,439
"(145, 218)",0.06059594156650827,242,0.24796245819487925,23,0.09084699829700149,272,0.139003781958288,56,0.004297788873396602,46,0.40074098643095935,10,0.00010667963018784477,23,0.4854290389415898,2,8.572572567377978e-05,3,0.4928680454155923,2,1.329344770650831e-05,3,0.6099502981886031,2,0.044090715959464566,208,0.33147146965312835,15,0.032645405253035276,174,0.25580469025514113,21,0.0032480176506706204,57,0.3954411493180557,11,0.0004763336990701861,29,0.5541529924851591,4,0.00032594158776766413,25,0.5150225391193746,3,1.5898058081553756e-05,3,0.7118832638078544,2,0.06125054419168707,246,0.24019792366013318,27,0.08592749300154456,266,0.13246395519810217,55,0.004408678159616319,44,0.40474425260812974,10,5.651192333022692e-05,3,0.49531803721037304,2,2.1446275774605894e-05,3,0.4695288586290828,2,9.969111139374043e-06,3,0.5676211402404521,2,0.02427008107784423,189,0.1616197024184672,20,0.017032914834133717,125,0.46513633254285036,14,0.0034387559691463343,50,0.4838701032637972,10,0.000262090713901042,25,0.6907939050403924,3,9.648444148546709e-05,3,0.6512972892929314,2,1.449206533432612e-05,3,0.9382235980108957,2
"(145, 20)",0.0049341131991597065,120,0.3995519893061973,10,0.004065802829583132,86,0.26090654245294315,12,0.05461521930059077,174,0.25180970187475,23,0.2792296235711309,436,0.11090190654797755,74,0.3214259627634932,426,0.10002041274196455,94,0.47016798967833673,475,0.07802778046817337,139,0.00491115845180623,99,0.49022905575885095,11,0.007883488849639853,102,0.3303449151337591,14,0.05651172365157797,195,0.23819219247362322,25,0.14973584076090285,322,0.1980708907539428,40,0.1715176095915023,345,0.16803977282098206,47,0.4073753941176912,459,0.10798790813452312,117,0.004684889346894039,121,0.39077338845279214,10,0.00426121292386572,91,0.24253105198049227,14,0.05395356370383253,176,0.2559765685067136,22,0.33200082240546547,460,0.09589889878388094,93,0.4638820021288895,464,0.06218477718896462,148,0.5359768497147415,484,0.05995514220344583,174,0.014704372822621492,165,0.1775473177786993,16,0.01545238460238374,121,0.47327839925062914,13,0.050141415101411124,172,0.30314363659719035,21,0.17196850268827113,355,0.22192717276561025,46,0.27185161410976777,405,0.15084042431734954,65,0.4047079491865887,464,0.1428098014726728,105
"(21, 142)",0.2227434396573411,350,0.025652682853011026,351,0.07334954544376004,253,0.04810680785588674,250,0.05982676930648645,188,0.07775254728225164,201,0.04751847555759747,182,0.0628435860686808,197,0.03694360867715918,181,0.05173820934278327,223,0.019574929455714374,165,0.06554012381757114,169,0.2867983985388942,392,0.017801942702000445,431,0.17110199342391463,339,0.025711007562556322,422,0.07905856441636017,239,0.0592610552235279,263,0.03125269415266163,135,0.08452190617699042,195,0.02126832204736917,129,0.06659598933638737,203,0.010112729122083164,119,0.07624499501499037,169,0.2042888193599277,340,0.027036054132713632,336,0.06987779310657671,249,0.047289405680526614,237,0.058789095752242115,185,0.07538780268618717,205,0.043168539788020155,178,0.0625028216062506,187,0.04503939227003251,219,0.04184997069724542,224,0.023088922395123834,181,0.05655036062322996,184,0.16019587968231985,311,0.03919362126556309,136,0.1428475378529902,314,0.038236816561778714,393,0.08393420796589757,237,0.06654297288468213,271,0.03024380380922509,123,0.08884046583895437,197,0.023241729450242277,135,0.06325705352422817,238,0.012167165472209973,120,0.0763889633823969,229
"(21, 222)",0.061079170662418414,244,0.03948541637844608,272,0.1965283730318016,354,0.03463622850031125,333,0.2257445642092928,420,0.04994293288401908,347,0.25944409989201067,424,0.03568895730257513,352,0.296670481822074,413,0.025836462674105977,373,0.3898089842773311,439,0.02418002308916045,364,0.03948957146285381,201,0.03447456798544287,309,0.08802596348311909,258,0.032087350391534646,372,0.18598358421812167,367,0.04455818415387673,346,0.32143416765064603,474,0.0388658130284712,398,0.3778350698203591,479,0.025522608719172404,438,0.4814294510183137,494,0.02103729581183494,431,0.0694497367078768,252,0.038737772025505435,271,0.20341308595302654,356,0.03311951385174684,329,0.2282837305189247,423,0.047963222939854194,360,0.2736161269169167,428,0.033773404840061166,347,0.2673475077876628,377,0.023113583626394246,345,0.36590524649601,415,0.022513709323750405,348,0.09537823675410029,271,0.046588930663598434,119,0.10870463678105569,277,0.04188160252927732,374,0.17765830489529888,368,0.05182667659570519,348,0.32628203460195726,486,0.04020609649012351,408,0.3649441128471853,474,0.025261336185929163,454,0.456531145408399,491,0.022817616905854682,473
"(142, 21)",0.00010822677452781981,39,0.06314719816211392,186,0.0006180088236348302,46,0.05951971783098615,202,0.0016601426177667022,30,0.07818992986922134,199,0.00367024764820989,39,0.05190087271920262,250,0.0032393479271840553,62,0.03827600601716141,294,0.0090254644722072,122,0.03666934964047038,282,8.612071935643062e-05,9,0.055391984228290864,209,2.1469438985288747e-05,6,0.05406176924245225,251,0.000506594174826791,34,0.07146556437537205,208,0.0027389210904240624,36,0.06122455366125917,278,0.005123108082762617,47,0.03976055030679987,338,0.011823827666460174,130,0.03398940557187321,326,0.00013338731756906697,44,0.061529766999300343,182,0.0006820698418879001,49,0.056487602355245,196,0.0016739408116046572,31,0.07471575768462117,209,0.004149597867814214,49,0.04913743466216106,251,0.003006200469636733,87,0.0334051402292349,269,0.007740929048068446,133,0.03374735357216098,274,0.00025123936282134274,77,0.08645644566187548,49,0.00039782670963217637,28,0.06758616771294834,264,0.0011232799450507924,32,0.08116988986133182,215,0.005208019095919614,40,0.061359774340733746,309,0.007372852507795846,67,0.038128349479663766,358,0.013535334659309006,124,0.03547593689420815,376
"(142, 38)",0.863738847693961,592,0.003159886667648316,589,0.7656118549924751,583,0.005541868363348702,590,0.6851767501642886,594,0.010501832419375495,575,0.6049540643882712,589,0.00946598148510499,572,0.6185512290816876,562,0.006646922089529182,562,0.496408593684875,491,0.009642285003067052,530,0.873282299891909,604,0.002559162831410028,602,0.9189160119532898,609,0.001545510215911582,602,0.7794056717118067,598,0.006190547178165077,580,0.6362477887364257,587,0.009959633847483601,566,0.5668625280160501,571,0.008282046088920175,567,0.46042701289721566,481,0.010027884766291613,536,0.8544158932312901,588,0.0033130933854629277,588,0.7584863373954003,581,0.0054523053456538685,590,0.6844142618064151,593,0.010066671280720373,579,0.5912343224079852,580,0.009407941408643107,564,0.6265095144889883,533,0.005634344381794353,555,0.5162021472057832,476,0.008322059470759481,525,0.8223936407130615,528,0.0058228198937762534,418,0.7951887940668199,604,0.00536536226502657,602,0.719440773890773,600,0.009416567181653198,581,0.5649184560315698,582,0.012866073318112585,567,0.5223779617447344,551,0.009214354264217545,571,0.4418975145801828,484,0.011099830665614393,555
"(222, 21)",0.5474170264813583,491,0.016494964469588203,422,0.2776442487877626,386,0.033278865669434776,340,0.285069879452726,464,0.050595487594233636,341,0.2902580393826353,442,0.038258864626453656,334,0.2743319231056025,398,0.03044836311877273,342,0.17799879763085547,335,0.04060252244068235,266,0.6500800517213894,549,0.00986221570608273,518,0.5166822381972047,512,0.015373495333676383,502,0.3522299774632296,481,0.03664025567837739,393,0.22156199392697817,409,0.05191666987430341,335,0.18508533825619788,360,0.040118247087858695,335,0.11895131363388267,293,0.04736406786207092,264,0.5236569376696416,474,0.01752303172286917,412,0.2709883891710638,380,0.0325976136286748,334,0.28087661557923316,462,0.04921615396361127,348,0.2787684872210896,432,0.0380116969119113,318,0.3197188011769707,401,0.024297704776369018,332,0.20680913544056911,341,0.03521852163572892,271,0.2552625215272304,364,0.021556104095661905,244,0.44128013154064005,502,0.024308293886699896,484,0.3424088058738025,486,0.04292871902527743,392,0.21265417291539535,396,0.05472457044331672,334,0.1932159950219312,362,0.0379919493797375,359,0.12911420570303167,300,0.046875742274597544,314
"(222, 73)",0.006024925710426565,123,0.074154968156339,163,0.04200868631750987,217,0.06245277039846175,188,0.03995320814707837,143,0.09740434801024228,152,0.03857786016291398,165,0.07496883902002689,145,0.042960061393900184,194,0.056489504908252997,197,0.08372796607863364,265,0.05220777572565535,217,0.0023913386591704056,74,0.06388757670698787,176,0.007711779942667696,101,0.06243990806926346,211,0.025354297918219526,130,0.0880812367987462,166,0.061580079613148375,199,0.0795533550993653,215,0.07956829772604213,236,0.05315603746910066,261,0.13125033822711474,303,0.04583584742556675,269,0.007298469146685638,138,0.07281389707996608,156,0.04394283508994001,223,0.059777811507060165,188,0.04110102882159261,148,0.0933960772823475,163,0.0416907005088516,175,0.07161193679818147,149,0.031617456511152886,192,0.05254269358094715,178,0.06823426772620222,256,0.050967521678232375,203,0.04888733323977945,220,0.03739674829814223,146,0.013595892248397856,111,0.077539565838566,226,0.027108794923998314,122,0.09997532711780314,170,0.06550644656192373,209,0.08102996485796325,223,0.07508993996331925,238,0.05206094145459026,291,0.12097413502734167,298,0.047904391200741706,313
"(22, 227)",0.0007163699551320235,68,0.3028682476176135,18,0.002121948337212798,63,0.1268585344307196,65,0.0673171637426,205,0.09748466050250483,151,0.34699688115552896,482,0.036118678122217966,349,0.41108481642990347,474,0.03313760394867023,322,0.527041427759684,501,0.030643512936720785,314,0.00279998852662966,80,0.32165533490617065,18,0.006994399645393168,92,0.17053932072680592,44,0.05696618358244687,197,0.11195267113918927,110,0.19266889590169356,376,0.07458689028953955,230,0.24545824512381487,409,0.06218210869575257,222,0.4498654321926697,477,0.04425043436953464,273,0.0009107334889953966,73,0.29686570928144257,19,0.002169404112051132,65,0.12064066536816416,67,0.06117629595332974,192,0.09619898025822363,153,0.4052567879231158,495,0.030971964323794784,367,0.5315071420259707,499,0.021393853443948466,363,0.6168758978529438,524,0.022857066748252414,343,0.012015863475578259,158,0.10401888516568326,40,0.012542411681276122,106,0.23649301097583875,47,0.051074350770607846,177,0.13750655373433357,102,0.23010550143443786,408,0.07937158129703988,228,0.34016895668363434,460,0.05345753529540984,278,0.5337369713344458,520,0.05252315896744336,297
"(22, 240)",0.7548705029659151,561,0.02976290928404709,322,0.6619092126266558,564,0.018705320327138075,473,0.2087445285417161,405,0.06685078630203203,250,0.026275294531689086,132,0.0853737792900506,119,0.016865743606503614,138,0.09607928235419601,102,0.007104619699285664,110,0.12875769406751075,64,0.6339598055924627,543,0.05277427409132578,216,0.5289999414321516,523,0.040326401394829035,308,0.23286491563646972,409,0.07001731966473637,211,0.0753819498859889,229,0.10197896061512357,142,0.052262298265778995,194,0.10413462382133898,103,0.012774661233753815,135,0.14504250168592067,65,0.7364825422023178,555,0.03186419751423721,306,0.6597449276433602,563,0.017939700577011348,470,0.2225135281794144,415,0.06255269918102342,267,0.01757195282378643,118,0.08816012015535427,111,0.006855361521337033,115,0.09122529234091896,99,0.003290180145694488,94,0.13082172502535028,57,0.4582361051797893,428,0.030903008044566617,183,0.45238060999441376,504,0.07157763321204996,252,0.24883077020210975,430,0.08111284879266067,216,0.05805670249605921,198,0.1256097192769453,116,0.027524788555967294,147,0.12359450435707889,95,0.0067336240954429805,93,0.22561967956723955,53
"(227, 195)",0.011141986010041016,155,0.10603738825232063,100,0.030783173905439165,189,0.04913505353468848,246,0.24078131796304725,433,0.04225580823337528,391,0.6170040856830017,591,0.01636703208553885,516,0.6761065158556816,582,0.015060465851873374,483,0.767301231939685,594,0.013249966323669062,489,0.03896164297511118,200,0.11226546016178644,90,0.07024360299466959,232,0.06294606468895331,208,0.23779747233771276,417,0.043940974689938635,349,0.44537132922698797,534,0.033709393535511466,428,0.5283530092170248,554,0.026913153306254285,421,0.7296400536946417,590,0.0180819513045216,464,0.013247674917039376,165,0.10447254139178204,100,0.03148290466917947,194,0.04690220335735117,243,0.23555759219765549,430,0.04131790839020783,395,0.676860742529291,595,0.0136785576052009,529,0.7636589976209298,586,0.009742815580337473,500,0.8198034073227018,595,0.010327164978247828,499,0.1229093321564152,286,0.0365513546633903,151,0.09124432677156258,253,0.08972413208816972,192,0.21880570245081465,404,0.05551667979659245,331,0.4929972204436126,556,0.03682351718400655,425,0.5563207860093741,561,0.029260835801032198,417,0.7286322152311582,588,0.02912321566764487,430
"(227, 22)",0.4684623331670901,452,0.030494510487396615,318,0.32367108415837087,416,0.02242820918253122,439,0.05395866926728643,173,0.06956758572730126,233,0.003286268803697423,36,0.09371985019012116,100,0.001829977152658202,46,0.10806744664182809,80,0.0006034888651391679,36,0.14354243829995203,51,0.2887917638810339,393,0.05757893757343457,202,0.20266950373552084,364,0.044215517149253376,294,0.05507168270155027,192,0.07155324189298891,207,0.013198974692216314,80,0.10892936178877437,120,0.007030650191932164,66,0.11357275223989302,85,0.0009921211968951793,40,0.16321495190016594,54,0.44486361360121274,442,0.032382205052198056,302,0.3203493027323774,412,0.021644301874596303,433,0.05592340824685593,181,0.06672769964557065,244,0.001815373260470321,32,0.09845053964340203,90,0.00063510873856365,42,0.10360203280002775,79,0.0002631854816147472,33,0.15082165843007114,45,0.1271142423761833,294,0.0361437901903118,152,0.1661968877748593,332,0.07346890958351444,244,0.06276639360179614,201,0.08417839451998518,206,0.009263952613814741,53,0.13850793342923637,96,0.005597279346584716,59,0.13554062857838317,80,0.0010045481944815915,40,0.2616687482281187,41
"(240, 22)",9.999999999998899e-05,19,0.1332776178990639,72,9.999999999998899e-05,6,0.05676757591894619,213,9.999999999998899e-05,6,0.04259817322386535,389,9.999999999998899e-05,4,0.015848053005218698,518,9.999999999998899e-05,5,0.013934822666602913,494,9.999999999998899e-05,5,0.014249819372406785,476,9.999999999998899e-05,12,0.15111749665078245,61,9.999999999998899e-05,11,0.0746734836431748,176,9.999999999998899e-05,8,0.04895246055658,318,9.999999999998899e-05,6,0.03233662932351619,436,9.999999999998899e-05,5,0.027699004294076627,416,9.999999999998899e-05,7,0.020355694357931265,435,9.999999999998899e-05,23,0.13290327652814748,75,9.999999999998899e-05,8,0.05417839237791794,209,9.999999999998899e-05,6,0.041611717685622975,393,9.999999999998899e-05,5,0.013534278039446533,530,9.999999999998899e-05,5,0.00907564642821482,510,9.999999999998899e-05,7,0.01049757054545647,495,9.999999999998899e-05,53,0.04452817085000768,125,9.999999999998899e-05,7,0.10668151262891437,156,9.999999999998899e-05,7,0.061640734688964485,288,9.999999999998899e-05,4,0.036061320259202605,432,9.999999999998899e-05,5,0.024085167920957277,465,9.999999999998899e-05,5,0.02554382389223897,456
"(90, 117)",0.35544663584070857,414,0.03715115418666902,280,0.3716133155230068,441,0.03667269346908046,316,0.34833659335407896,504,0.06840902461043728,245,0.3681120891163171,495,0.04492766375026153,295,0.3326629054392727,434,0.052115845069127475,220,0.29597992018612607,398,0.059733461581707684,189,0.26259355431996134,376,0.04995977377143042,229,0.2822890975286573,410,0.06352573221886043,205,0.3560518831549321,483,0.06513958674588807,229,0.3969770622346832,518,0.06566110645004115,265,0.35796847064531456,472,0.06381358073477596,214,0.295168646189955,398,0.07285465017209092,181,0.4017548643744375,427,0.03236284500446796,303,0.3921602968067637,447,0.033393529515202094,326,0.3614788646886298,507,0.06451147270091533,257,0.3907713314983515,490,0.03997865428773865,306,0.33643403278080886,408,0.04262812117976197,217,0.3224910642849862,400,0.0529122996975595,197,0.26258960072604454,370,0.026779683155258388,207,0.3103109111812814,438,0.08263065154885804,217,0.31175035590968303,473,0.08663879589148603,200,0.34618176246883303,495,0.08711320906193427,207,0.3204292279913985,442,0.0776887116106252,188,0.3214974032166322,419,0.09713510738558435,176
"(90, 174)",0.31333684031921205,392,0.04144581088303616,262,0.2738127637173995,381,0.047336941860476205,253,0.17725397753763994,362,0.10890939531731668,121,0.19611636983051206,369,0.07120972154810883,165,0.23997202380767946,380,0.0666041105009765,166,0.3773707646062934,435,0.04833611093484382,230,0.32065785730972085,414,0.04287621763925688,266,0.22806090488680963,382,0.07353811249241818,179,0.1582533971676271,334,0.112170299263274,108,0.16822529368307915,346,0.12192993958064142,98,0.17881024134652246,355,0.10367731026798231,105,0.36330418634015893,432,0.0610176282792608,220,0.30599744312367616,387,0.041516528093617784,256,0.2926495640432456,396,0.043265119442243864,256,0.19268796634539453,376,0.1015129966851525,139,0.22865635118663574,389,0.06129626715800646,190,0.3404627619040175,413,0.04218475636995603,222,0.4496468991149104,448,0.03793188752370743,252,0.35083633849250473,396,0.02125027145301832,245,0.1869382889391853,348,0.11577814219492139,136,0.14339631217682935,329,0.13947364717598804,98,0.17888101355901986,361,0.1372412228042975,101,0.22484021096928053,384,0.10027686959509895,130,0.24304157701476692,387,0.11958149121529987,136
"(90, 169)",0.16038505018662452,317,0.06344781300384512,184,0.11824556764570127,299,0.07517564180789713,153,0.11736587884345906,297,0.13243064940882338,82,0.18132123866932615,351,0.07437950155984899,148,0.22061586232647323,371,0.07026562310354593,156,0.23202024699554313,365,0.07090593226660077,160,0.1319955520250995,300,0.07338893620658872,161,0.10284691685202585,278,0.10924725151774121,102,0.11963664497033788,292,0.1276072458758296,87,0.1767459379688312,358,0.11880950883310142,102,0.2003161162108561,374,0.0973257184777238,122,0.2346862037038745,374,0.08566596515993834,146,0.1556436630739224,316,0.06328824855203677,178,0.12792893562304886,309,0.06979386842070057,154,0.12576686273304416,304,0.12542788839986502,91,0.1870031160033836,357,0.06903141055062377,157,0.25347079875526735,369,0.053034262402944385,175,0.19968910583632593,338,0.07373292198343462,141,0.23459963135667916,352,0.02889173365162583,194,0.12837090726057265,297,0.1393935798168657,109,0.11804508357951027,287,0.15213541699416624,82,0.1842338290756801,366,0.13506622055374345,104,0.21585760129876663,378,0.10283003831637062,124,0.22520892628952682,376,0.12559745921799695,128
"(90, 239)",0.048934167916842686,231,0.09930350452739675,104,0.05507323347878246,232,0.09872650678802022,100,0.04161723844582521,151,0.18782653657970086,36,0.03185407281400554,151,0.1391534695734154,47,0.015965079427303075,137,0.17158583098249652,35,0.012055016033414523,137,0.188591488850073,29,0.03622847601715784,195,0.1136532316554373,89,0.03615936755173432,181,0.15236140036017107,53,0.05448712369226372,190,0.16896318763245985,50,0.0355907640372497,148,0.2132071808920402,35,0.024888189839768926,136,0.2041192524915738,32,0.014756265182787609,140,0.2209147353924583,32,0.05540888908167174,238,0.09407240792529648,115,0.055909027994950455,236,0.09440725079901985,100,0.0409249110401384,147,0.18410128153097532,38,0.03044168744300857,151,0.1328136878225443,49,0.011741013348260054,146,0.15028081239294727,38,0.00859457382373463,138,0.19000279504303919,32,0.03743730751899532,208,0.060403221224785406,82,0.0385015180744811,176,0.20984469310062476,56,0.046314467855208985,164,0.20999617031355222,42,0.023454286375979905,107,0.27390112783717646,30,0.01863345256331439,122,0.24009752230348874,32,0.01447487855096552,131,0.3166924627042932,32
"(90, 257)",0.01471350069110644,171,0.1318660633846672,76,0.025403131367284892,176,0.12096595182929844,72,0.05482723951434865,177,0.17360293026223725,47,0.040785744203259644,171,0.13055995317488353,54,0.046928578790898956,204,0.132887226037096,53,0.03911498065294983,202,0.14550290173079644,48,0.038778466463935346,198,0.111650824760123,91,0.07515465020342882,239,0.12261862701697582,86,0.0469510724193104,174,0.17646319406289004,44,0.03503837263074305,146,0.21406244637639799,34,0.0388767814306088,163,0.18295088629240228,41,0.03539984570757859,193,0.18175427594732427,46,0.012185085176539712,161,0.13429526395994118,74,0.01862293031969009,161,0.12436008872833151,63,0.04602390944033785,157,0.1782412537874065,41,0.034730853770771786,160,0.12852828505830108,55,0.03939105154728595,207,0.11517051528727791,61,0.05008805360093238,233,0.1289633250004358,60,0.021919222366901803,183,0.06864700382237708,66,0.06170893204387107,215,0.18316193353155322,68,0.0695994797569538,214,0.18541117028810084,53,0.04772455208814741,178,0.2289580845955104,40,0.0457529817231922,195,0.19327215927010122,47,0.04307388459437911,203,0.2464186926772456,47
"(90, 23)",0.3200043015195472,395,0.04073210562800684,265,0.2745165586768228,383,0.04724853404870362,255,0.30226155907390906,475,0.07712186170138559,204,0.27629143265011347,434,0.05709055764071889,228,0.3197434302278974,423,0.05389598328729739,208,0.3135545513237392,405,0.05705007030281979,198,0.30256257640199224,401,0.044949192959897986,256,0.2821145818315475,409,0.06355503943196468,204,0.29382261975327606,451,0.07659671216018951,195,0.31429767961804744,468,0.08140397895080967,206,0.35801948172925036,473,0.06380513639911098,215,0.30143558382554914,402,0.07166739867612544,187,0.3084793923278508,391,0.04124818099725458,258,0.28518877570941015,391,0.044123547858948245,255,0.29675407892107886,470,0.07634396208432784,203,0.2576049210286786,414,0.05664375469172634,209,0.2845590582196209,389,0.04881480987400737,193,0.28951476603900994,383,0.05767738778842366,182,0.246215878673266,356,0.027988784012598605,198,0.2863537016710135,431,0.08798822043790225,199,0.30538976391471084,469,0.08808997457555308,196,0.3542579712323778,501,0.08530733942209667,210,0.32770646746746235,447,0.0762322072286778,194,0.3703360282276795,446,0.08556903249534523,205
"(143, 23)",0.4069025902326726,427,0.05943828605403056,195,0.2772460352807278,385,0.062383828012250765,190,0.35386837766971,507,0.08158052471079648,189,0.45684301138319683,537,0.05222095305375487,247,0.5026809697419837,512,0.048092787865636345,234,0.5747349543957219,526,0.047623063332654245,234,0.45643426133841025,477,0.06182617727946031,181,0.41996053069858363,468,0.06275500108971017,210,0.37159813887954996,489,0.08208796403521906,185,0.4002512931337906,520,0.08424088590441325,196,0.4358832563390973,514,0.0741553850122278,176,0.5638434877425833,528,0.06250093568807684,214,0.4006167215141224,426,0.059074323728280545,191,0.26625273923907633,378,0.060543890774103395,183,0.3516800344227786,502,0.08223442103814592,186,0.47461713356443935,538,0.04893504044666635,252,0.5645133498049429,514,0.03539880052082754,256,0.5641535851771935,496,0.04583968518452866,222,0.4514450358335157,426,0.022507795812110442,235,0.3499011151447491,464,0.1090139946406713,150,0.35901991919339094,494,0.10352894078178902,165,0.40673728970369927,526,0.10530116448607571,155,0.5006356750416997,542,0.06976827431642638,212,0.5407372296734931,525,0.08686049451770349,204
"(143, 132)",0.01736987829609815,178,0.170071224019812,51,0.04212191256713904,218,0.11691164587241261,78,0.025072277364480478,104,0.19715258908496672,32,0.012139367224075825,75,0.17499881412512508,26,0.008600434344627539,103,0.18663967648562463,28,0.004790573703446599,90,0.2348789099333487,19,0.012175812468803393,133,0.2069184215646422,36,0.015839011112821044,139,0.18712930828176505,39,0.02220283394631184,123,0.209975129332726,33,0.018199631736444788,92,0.23601864163729466,27,0.014135454987860285,99,0.23253919194304826,26,0.005255455283448951,87,0.2969859657722358,16,0.018153131715785475,180,0.16570079669121632,53,0.04537461594199532,226,0.1092020273116715,78,0.025449629670028395,104,0.19733724217291768,33,0.010642819511798463,80,0.17353304598922212,28,0.005225854888351034,99,0.16858832788689385,26,0.005241735683150228,115,0.21804645882541207,20,0.012628369500683134,161,0.07414561987657317,59,0.025760327436860075,150,0.2601039234117288,38,0.024204653979801538,111,0.25437142688607567,33,0.017390079266229597,90,0.3011415283370152,27,0.008737139459474408,77,0.26897308434160766,27,0.006362920459009214,91,0.38188466872524157,21
"(169, 242)",0.0195735604520888,182,0.13903575517749256,69,0.020813559814147453,163,0.14327417096780581,49,0.00752796306817316,55,0.3303603466935699,17,0.00505065601964283,48,0.24482492675105016,12,0.005364873173682172,77,0.26509218835627774,12,0.0082696306693949,117,0.27312798564330704,14,0.008587073988525096,119,0.19610408864997037,41,0.00730986903592068,95,0.2432299528137677,25,0.007541166879663552,73,0.29563147886809665,19,0.004026317538560753,40,0.38939020165551613,12,0.004630408236046213,44,0.35473624975178275,12,0.009223486645532075,113,0.32294704148466663,15,0.019607333748036915,181,0.1373139162716656,69,0.02317678153929814,174,0.13328340351515802,54,0.009434840958951751,64,0.31136931559130937,17,0.005368564492054695,59,0.23029455284952635,12,0.005245997361586485,100,0.21886543289485033,13,0.005640621377595356,121,0.2777452092041727,14,0.009804618858388903,151,0.07462762486440623,58,0.010229060043642102,95,0.3237225085519731,29,0.007631987480933189,63,0.3628493166599745,18,0.004206108687304977,38,0.47527875912448364,11,0.005874305693719495,60,0.3699127378476743,12,0.009659724437169226,108,0.4464531725295186,14
"(169, 90)",0.028460899275870033,198,0.12783966046286155,79,0.03167773157375253,194,0.13005776407107653,63,0.03687236737041455,136,0.23863392849624224,26,0.04620960333979962,177,0.15641075486865166,39,0.031229466114842785,170,0.18942518822019278,27,0.03231413607965494,187,0.20719223451640234,26,0.03202222904966978,187,0.15003960291124807,63,0.021308081447209082,157,0.1991650196876466,34,0.033398000861044275,147,0.21907648062891616,29,0.04328729946885468,163,0.24523420807412766,26,0.04260100334706707,175,0.22888833619539142,28,0.03560640308432628,194,0.24350228762067433,27,0.029895292533025475,198,0.1248214666902803,81,0.03004974001740479,191,0.1254808387785966,62,0.03670837621781553,139,0.23384122933471715,25,0.04583613885736193,186,0.14880568008558326,37,0.026917433137196856,182,0.16151763205877495,29,0.032127026103187184,200,0.1985751744159741,27,0.00543583564672645,127,0.082082614104513,50,0.02969220949707807,159,0.26000009553170556,39,0.03635126207701078,145,0.2636589405212866,29,0.039445454897655274,153,0.3088372406245117,25,0.02759802298985603,148,0.27605741163100983,26,0.03211776298296076,185,0.3482541701465777,27
"(169, 23)",0.28336736718522215,379,0.05008899757097274,225,0.44018867102515624,475,0.034707470835940175,331,0.4837245363787269,548,0.05881991412973245,286,0.46484379884891946,543,0.043150757308165685,305,0.491864624604453,505,0.04377696412874372,258,0.41415441271979003,447,0.05952973369536781,190,0.28948051516479234,395,0.059526136363130415,191,0.39907518127221664,462,0.05404881577809678,252,0.46196254526097913,526,0.05587305726918754,283,0.5231147033365499,564,0.05649268966547427,309,0.5172526983114476,548,0.05338245121911798,260,0.40276686658593486,454,0.07387200594534103,178,0.2834460057056447,377,0.04947645380490594,221,0.449942091318943,475,0.032205791441837314,338,0.4696266821798347,543,0.05983705029471146,279,0.44849278603263243,519,0.04280470633360765,286,0.45916021970287424,463,0.03939372804945828,234,0.4592269199569201,451,0.05052897217825519,204,0.31611703190939044,385,0.021611430070251247,243,0.4131032076504835,489,0.07337362927714929,245,0.44841563804923446,537,0.07126345817392526,253,0.5125223683396252,565,0.07150194674667276,261,0.49246799328239743,538,0.06182617126049895,247,0.46456185298347763,495,0.08733976446429804,200
"(169, 226)",0.09784126557118877,281,0.08808738118666642,126,0.0666903416769421,243,0.10535580245543721,92,0.12517045140085092,303,0.15848457491125723,55,0.1630563031219031,331,0.09750088517088883,93,0.18075200260927882,344,0.100929423404404,90,0.2037186643142288,351,0.10409604378257002,98,0.1632711602478949,323,0.0848397206291765,124,0.21196810997687088,373,0.08873641222068686,143,0.15286600241640336,327,0.12935386254692674,84,0.16621013078026503,340,0.14865409127025234,60,0.1477309400795941,323,0.14644681486915567,56,0.18717118222237672,348,0.131552444875146,81,0.09628799603232097,274,0.08756591675381495,124,0.0636180200939549,244,0.10188401890024724,88,0.10499505344852633,273,0.16694710059238524,48,0.15749978176779478,329,0.0941733407223597,97,0.20378317805441193,342,0.07764048887195966,118,0.21763855138378507,350,0.09576499074423554,103,0.13034739795710737,295,0.03676278271599564,149,0.14175522728863832,313,0.15461303751354097,93,0.14269555127478328,326,0.16440553475028738,67,0.1552041656825257,328,0.18895582499747116,57,0.19358968475080085,363,0.1374715189432233,74,0.19495906989730105,356,0.17917953275969073,76
"(169, 186)",0.417100290596506,431,0.03533911987540711,290,0.35480354236815703,430,0.043407001461141036,274,0.37961741523253556,519,0.0776000918000694,203,0.32809695129682726,470,0.06180287498422364,204,0.3336576717593628,436,0.06655261889962448,167,0.22293470217390499,361,0.09859219020837022,104,0.42240607136871167,460,0.0420866081609156,272,0.3771625591695281,451,0.057226624421101574,236,0.4024171740606276,505,0.0654502603988723,228,0.3435949396553013,491,0.09140033111156246,167,0.33363385471313645,462,0.08715913416532031,141,0.20829925789219983,357,0.12374161518349665,88,0.4111523977315201,431,0.035464829695552307,290,0.35150694453469045,425,0.04169787881847372,263,0.38732920311874264,520,0.07444362726022427,212,0.3234272454254187,455,0.059380252209719896,198,0.3253179615703794,406,0.05596357698432978,166,0.22636861484452409,353,0.09345824779594109,108,0.8881009138971344,544,0.0023329296271655847,494,0.3591353846150095,467,0.08446159210626543,205,0.37499662113350996,507,0.08645479727364652,201,0.35391143942013115,499,0.10928301034113948,147,0.30205445780625606,430,0.10222961411959577,125,0.18325884791832392,345,0.18545295032602616,70
"(169, 174)",0.5840299446776147,499,0.022066260629544227,368,0.5434145711101801,510,0.026042158970372105,409,0.49665000837116413,553,0.05675139613652923,297,0.5131381829806119,563,0.037750420773817246,338,0.5690710632069629,545,0.03501051899856191,311,0.6425510032808126,558,0.030465807669742627,316,0.5928818687007491,531,0.02592198649449455,364,0.583819665203287,545,0.03221057022121602,368,0.44349452766579456,520,0.0587170967468845,270,0.5236861719366916,565,0.05640026800196152,310,0.5601455794061239,568,0.04709999742711648,297,0.6530052011353402,561,0.035379522653576065,317,0.5773744911542182,495,0.022254038169260016,364,0.5362074175278295,505,0.025331530559868767,401,0.5022934959637193,554,0.05467828690060278,304,0.5376053063861832,563,0.03340133353225606,350,0.6356063225910298,539,0.02327421028495858,342,0.6987835823307701,552,0.02371614584914563,337,0.998900549835033,577,0.0,587,0.5255835427468826,531,0.05396787168181304,319,0.4833299386255627,544,0.06481931455499433,276,0.5779964781614285,585,0.05895964711312001,321,0.6077447589352338,572,0.04388164540721647,325,0.6453193281143804,572,0.05064324079962609,305
"(24, 138)",0.10099759620088233,283,0.004821057207319646,567,0.05733048238594862,237,0.006523105319900806,583,0.19249777185015404,379,0.005506495948366734,602,0.4087333895671217,511,0.003039174952967356,607,0.5728222286511537,546,0.0017459330829860712,604,0.4896589774006096,487,0.0034433352592854833,596,0.22709276259070998,354,0.003476997587316739,590,0.16415689623686913,329,0.002351377617126034,595,0.2111446307258089,390,0.0030261045270340314,601,0.4207562399796174,527,0.0024431239064696946,605,0.39701678613975744,496,0.0029099972357994972,602,0.45511766870214343,480,0.0035000201015236284,593,0.09533257317573707,272,0.005013410620888515,567,0.05471940423344046,235,0.0062149197149505625,579,0.19620563312455008,383,0.00540692587414998,602,0.43801519294560753,511,0.002849484580041582,606,0.6570908991666933,546,0.0013045511073430487,608,0.5596086037667672,493,0.00280836209498563,595,1.000088900582341e-12,5,0.0005216145627310006,555,0.14911348251402767,317,0.006029056219654542,596,0.18231707529426167,372,0.0062288547560723296,599,0.3542275841874337,500,0.004761017592723872,604,0.40437655438057596,493,0.0037080480203710913,604,0.4324173069774695,477,0.005347825087540514,594
"(24, 71)",0.15253243849748177,311,0.004202024300657866,577,0.23193677383731326,365,0.004093797771281698,601,0.0754735549222667,225,0.00752348323448445,594,0.017147547733979307,103,0.008746515433737972,578,0.004869725056300345,74,0.00855459397033348,547,0.009502454737648103,126,0.012813426446996797,495,0.05927333502109411,237,0.005440669763366483,565,0.09262464644192403,266,0.002845552282287076,593,0.06619903216854228,215,0.0044544428624964895,593,0.015749747234939715,86,0.00730350199869671,580,0.018615942141894104,115,0.008069882155337514,570,0.012293848357606274,131,0.01166493939348573,522,0.16026042017528042,321,0.00421636587325263,580,0.23873482594239603,368,0.00380344713052087,601,0.07351706634403099,220,0.0074999468127077504,594,0.013920106402480315,101,0.008995980755454094,569,0.0022287031166956517,77,0.008682647604568876,517,0.005445739323424625,118,0.01315413457769877,450,0.9997000299990002,595,0.0,588,0.1036372392280509,273,0.0068063826240900285,590,0.08116360386681754,232,0.008157621390430695,594,0.02501084315374036,111,0.011519080176632666,572,0.017680896275784397,120,0.010525415445691095,558,0.01449181111170983,132,0.016587107600125658,526
"(71, 24)",0.08919299840229211,272,0.008940092524834568,523,0.04960647936973406,230,0.012371091341144821,535,0.1297302896682544,308,0.009782413474601206,582,0.21584449438779751,384,0.005133091160742799,598,0.18715907786813601,349,0.003958141006072331,589,0.16850029842256598,323,0.006032237989795794,568,0.21625560311929015,349,0.006329342173160223,555,0.13165058405161378,305,0.006301212735716618,568,0.10971692624557672,283,0.007679834808399461,574,0.12094729751207112,294,0.006601472884203687,585,0.10201344136287716,272,0.0066561156451769325,577,0.13198863400158367,304,0.007288526504489705,557,0.0736699386346018,255,0.009360330555138425,509,0.04846086628618429,230,0.011807986531557471,528,0.11672436421578114,296,0.009641711548213404,581,0.21869856078551186,381,0.004733519277287592,598,0.23815054491672716,360,0.0027873449574399413,589,0.18426691845016685,334,0.004958997874239516,569,0.22661171761755217,349,0.000928223308801237,537,0.1732562529068613,338,0.011097013201224715,566,0.15407940001314102,341,0.011289041317795406,573,0.1614597790223602,337,0.008634753369187292,586,0.17011095525769593,343,0.0067996580200809596,582,0.1782372560463814,340,0.009697650006512862,562
"(71, 119)",0.5935900706486189,504,0.002310339110602895,600,0.6926879538090414,569,0.0019396427079065922,612,0.5013703483595386,555,0.0037624957251507934,607,0.25885521240423226,423,0.0046036827344241695,600,0.17503900339624057,338,0.004090364082401274,587,0.1385009773821837,302,0.0065743990862303335,561,0.47782684644100903,485,0.0032944546574492873,592,0.8919626256662213,603,0.0004273024054259469,611,0.7756618981832002,597,0.001064991071767068,611,0.4736842515348051,546,0.0026593655638759398,602,0.3349211477200753,463,0.003568391532178527,598,0.25635265685405717,388,0.005215966900948944,579,0.5884114004804254,500,0.002317566061533302,601,0.6999429947173277,571,0.0017905340341024861,612,0.48961724637145465,550,0.003674635963281109,607,0.2152092561458292,378,0.0047763069864370815,596,0.07786314918528281,263,0.00446751902356928,567,0.07973666713713268,264,0.00685931375131795,549,0.9995000999900006,588,0.0,589,0.5950978068021542,556,0.003699842397825698,609,0.5438173879265354,559,0.004149326032076544,607,0.2975705698671428,468,0.006082687652729835,597,0.2449895923066706,398,0.00558920133219943,592,0.25597560170524747,393,0.007929982913317651,572
"(71, 131)",0.026115158441078368,194,0.012072903457200496,472,0.038902454815571086,210,0.013083963468052216,525,0.021576979642999206,94,0.01562788092786945,553,0.03154217859735997,150,0.009700562358806774,568,0.06510816821211862,236,0.005850641254335408,573,0.09629791216080064,282,0.007524850905698481,550,0.010383552285836761,126,0.014368799940517719,469,0.005716247112322437,81,0.012173018128049527,533,0.0111363765151552,87,0.012753388305496651,549,0.02639380423420845,117,0.009897150126892023,569,0.05657288923036996,201,0.007935696383911168,571,0.06088895586008447,230,0.009381103524865248,544,0.033527204836386826,203,0.011351637725359373,477,0.03913326568643627,212,0.012402024000769207,524,0.026101659363247487,105,0.014292704615552826,559,0.040520607290191135,172,0.008546832621408405,574,0.11541185476491256,295,0.003918377635516332,576,0.14969860235323829,312,0.005460421152462644,565,0.0011186321467611116,103,0.0026851681256547396,484,0.009534772096089439,92,0.02272699275995371,495,0.01415566276251945,84,0.02073719817264969,527,0.03833916911414681,147,0.013538108941844429,564,0.047429283638063424,200,0.010405217567579278,560,0.04193074648123418,199,0.015614392656557684,530
"(25, 167)",0.002287542368745732,88,0.17077537858739583,50,0.003881124201569275,83,0.13960782721029769,53,0.002145859887805912,34,0.2350026475471823,27,0.0003719131936115172,24,0.22701933314867567,14,0.00034098478808120003,25,0.22311191331756708,16,0.00021094039933067243,25,0.13662640536060391,55,0.00048756792724891085,47,0.26007225138209483,25,0.002458747070639866,64,0.25674235915617244,20,0.002274683523696197,50,0.21319168642672623,31,0.0005471098569405086,30,0.2728798642507269,23,0.000642425089514953,27,0.2323398264557078,27,5.9375953954443617e-05,4,0.17051643085084284,51,0.00708419185634368,136,0.11113441798982772,93,0.00509830102197073,103,0.10783859004840944,80,0.0020514096838040174,34,0.22067084391132077,27,0.000352174911164016,24,0.1963166905519678,20,0.00023333881042209015,29,0.16970542784383857,23,0.00019425897528413394,31,0.1212633437842219,70,0.0006136332953458057,88,0.09429298236205808,44,0.0016186874206240986,47,0.4083366999879579,16,0.002073943338788853,38,0.2917644673966127,24,0.000468850545352284,27,0.40797682631941945,16,0.0014771368190273915,31,0.30679076563787583,21,0.0022447613278178125,54,0.2799687382672725,38
"(25, 159)",0.6545104417779054,534,0.025916485821772674,348,0.5987536740735545,537,0.0260303226453188,410,0.6608141147075358,588,0.034800069026010565,436,0.7994007800673779,603,0.017590918485502257,503,0.8047134570123298,602,0.016757941660015666,472,0.8318363043231496,605,0.008647859131629368,542,0.7819765631616677,580,0.022218145924818133,390,0.6472814764752797,562,0.04005939811080199,309,0.6550699925713691,572,0.032283555354652764,422,0.7741558114114198,601,0.024306375936903754,487,0.7628351523856347,598,0.02194089096977258,466,0.8874691112002304,607,0.006922325525923985,559,0.5274025112652241,478,0.026417879391279694,341,0.5674353944037367,515,0.022418706520947185,425,0.6651956804767338,588,0.03212027706943675,448,0.8027528310369105,603,0.014917043179676005,512,0.8264442326366086,600,0.011133205061549398,488,0.8361222498740033,598,0.007454753894207916,537,0.7661178698177582,520,0.00875690180913813,364,0.6874967636598409,578,0.05432284738784892,317,0.6641365512972035,586,0.042646058821468644,394,0.7845775649653544,604,0.034363838973585935,440,0.6957729609147228,597,0.039429990764733566,353,0.6563815128290958,576,0.042180735723425615,335
"(167, 25)",0.0006997539717217283,67,0.2508845976527192,22,0.0014928439891237488,60,0.22314271932219482,19,0.0027051888689693104,35,0.30316067990871776,19,0.012739397388929818,77,0.14987594901754506,42,0.010381464423893538,116,0.16071595393708463,39,0.01600483664950758,156,0.07834144348443708,137,0.0050420746100126035,100,0.19630132405955886,40,0.00190169697695719,58,0.3716078520014883,11,0.0019446570269179286,46,0.2993799164133543,18,0.006372724801832819,48,0.2341703126804296,29,0.006037005225102643,55,0.20711540833970507,30,0.03032927565123411,183,0.07224975411378944,186,0.00019842089329191737,48,0.2559184507652101,23,0.001104840413868824,55,0.19057404404674264,26,0.002809949246804,37,0.27987812973552045,20,0.013356571424920638,97,0.12512138126388603,57,0.013633834096709374,155,0.1066163850241825,76,0.014936671681071712,165,0.06885638473424664,152,0.002111200814700065,112,0.07794304185606434,55,0.0022762595986628442,54,0.4829348948912409,12,0.0028392795595728604,46,0.3737970098502889,17,0.010107462891860486,58,0.30604210115346636,26,0.0035378483065382493,46,0.35953050482732013,15,0.0019500052173099247,52,0.3907969443188697,18
"(167, 115)",0.75660591962082,562,0.024443640002507285,356,0.6948258540879467,570,0.02879357163015759,385,0.6375286207025228,585,0.04908010775196536,353,0.45024475348299864,536,0.04567010612733077,288,0.47793879418176743,498,0.0448422885810018,250,0.418492881446062,450,0.026394450585968163,348,0.5687421795312568,521,0.040627600401950625,280,0.67246751300188,569,0.05255026187047377,257,0.6703374927074726,575,0.04269783274372812,358,0.5405478363342718,572,0.05329611014325671,328,0.547173092285328,561,0.046108183814715445,303,0.3258652926375746,415,0.032742438252577076,333,0.8350292486599242,584,0.015851249514315324,430,0.7208193269880196,575,0.021972937801139316,431,0.6335902931677094,583,0.04598317450306238,375,0.44373420430424204,515,0.038921439260636244,311,0.4408945411848021,452,0.033464554476819515,268,0.42819451216448734,437,0.02249823571477399,349,0.6624045035945249,490,0.011470423169371288,337,0.6550012795216869,569,0.07315013536591282,248,0.6325081011355027,574,0.061661844375795555,287,0.4814986403124908,554,0.08442353605109362,213,0.6089920488205258,574,0.06463160480746298,233,0.6700748374587625,579,0.055794147619740865,285
"(159, 200)",0.2977288562738388,385,0.028089220853063694,334,0.18261942145948307,344,0.03684844326240757,314,0.29874621955872216,473,0.03944989839024356,408,0.5276054127906117,569,0.018536283112379436,496,0.49599521126056545,508,0.020179926367010062,428,0.5149147827647702,495,0.012184013038584726,505,0.40579784919128425,453,0.029537672185844726,341,0.21169446037624517,372,0.05656648349388612,241,0.31326439133387296,462,0.0330698571739948,416,0.5053022394426843,560,0.023579311608818113,492,0.44678219154324483,520,0.02456932238824285,446,0.6147667414731192,549,0.010639677581653819,534,0.17489404851414014,329,0.02902694043233175,324,0.1567772321039973,332,0.032481828295644714,336,0.3046881486815969,475,0.036521087886143104,426,0.5337379992282945,562,0.015855867415675913,506,0.5472125148470821,506,0.013224154181734091,452,0.5332810451646198,483,0.010435871978018856,496,0.38210452923065685,406,0.011918659136245787,333,0.26562410676557313,411,0.07446947849996115,238,0.29146644032368285,460,0.04955536412113787,362,0.4801821250933762,553,0.03848217902055052,418,0.30032888251557865,429,0.05241776713036421,287,0.25349525611111234,392,0.05817670541180437,281
"(159, 25)",0.03668062212248957,212,0.05645049721064291,200,0.08098755242241795,261,0.04832019828480992,248,0.03642958814868247,133,0.07955398539117021,197,0.0070727342448697605,56,0.07803030206774227,132,0.009054085459872852,111,0.07664147869167197,140,0.007819544789552157,116,0.049201119501434444,229,0.01750528805144591,154,0.08422152341424734,127,0.06594582378290648,230,0.08344492203147884,151,0.03302757390737643,146,0.0700019984658671,212,0.0084278575035448,55,0.09228741217986093,165,0.013064463820839034,96,0.07974949350478854,164,0.003355061322292574,68,0.060431740356273016,221,0.08563108658592045,265,0.036828366274594834,280,0.09783593396056056,273,0.038010361391722376,282,0.03499721220024421,133,0.0751307532155421,207,0.00673356839040018,63,0.06811105724302824,160,0.0060350517009961635,108,0.05941000370978719,160,0.006758369649623841,125,0.04476103753094478,224,0.020649680742274468,180,0.03152465536749562,180,0.04556827374594963,193,0.1340231895673344,118,0.03826443629857845,151,0.09750384690356827,175,0.010208068509982349,59,0.1389143549731123,95,0.036042467582566795,169,0.10626886569752261,118,0.049478243094769114,209,0.100292312525381,167
"(264, 232)",0.028571180729668688,199,0.08098139155185133,139,0.004394701502935305,89,0.07234900397324677,157,0.04310907381482498,154,0.06435833397956191,263,0.2523639905513452,419,0.02788457710431379,412,0.3143909184059981,421,0.02253483958527193,407,0.31740976470278515,409,0.024719957651318056,357,0.007144634109026882,114,0.11130666455332412,93,0.012437913305325399,125,0.1043160295559196,111,0.02980646034639045,138,0.06563691062451331,226,0.14421640670149394,317,0.04991677356181304,343,0.19635988083882028,367,0.03877058389282555,343,0.2455686942218709,380,0.038920755083877184,299,0.021930589757918173,185,0.07822620885821509,137,0.003704009211670245,86,0.06829015092228359,158,0.041300197931537275,149,0.06495663013933994,256,0.3118405319432398,445,0.02341705985754886,440,0.4463530951591954,458,0.014066363152212498,443,0.4691762817231815,456,0.013890991754525102,443,0.018619392793210787,174,0.037721483097171424,144,0.02728856104927957,155,0.09860028453364311,174,0.05340040977351479,184,0.06916416718991743,256,0.23148926230732592,410,0.04567685605316956,378,0.33577221761901055,455,0.03395062542460183,383,0.4406961278705277,483,0.031469378060086886,402
"(264, 26)",0.33467483584103497,405,0.03565772339057935,289,0.5846997403699565,531,0.014172007831720443,509,0.27381993688041883,458,0.0347514290659079,437,0.04986044213067631,185,0.04787636280317104,275,0.032777098892328715,174,0.04788001721290674,236,0.03211502106107256,186,0.05304996231590736,213,0.526336607405785,509,0.026551759602537257,360,0.45352551000548025,486,0.03145813586046787,379,0.3284324253263715,471,0.029496439163265716,444,0.10757124232089721,275,0.05504096021727228,322,0.07343694806747503,230,0.05381232068156344,256,0.05222293160708136,217,0.06520564195098828,206,0.3733896337253695,419,0.030407564357849103,313,0.6039427841918591,534,0.012500196103587739,523,0.28016114036074136,461,0.03431401723483711,439,0.0333468483951056,156,0.049335358519983455,249,0.013105246503454904,152,0.045595950927034425,202,0.011083073882816485,153,0.048412613380911095,213,0.39699025146296907,413,0.013603499659920474,319,0.34143688974040864,457,0.042471887910135835,368,0.24230289357440937,422,0.04177756737957523,400,0.05750703454111039,196,0.07266068643082159,256,0.02835917718136982,151,0.07738049260029459,191,0.01365339395623355,125,0.10019691826742574,169
"(27, 30)",0.3776747183041731,421,0.02795959113414321,335,0.4812483010791643,490,0.014744022080860725,505,0.1629006894771714,349,0.03904016642658803,410,0.011515668574880511,72,0.057698636159188466,226,0.009395196811589734,112,0.06160142558176314,183,0.005336953695907587,96,0.062311092482441,183,0.4215189075323187,459,0.02599277753315046,363,0.4112700127375706,465,0.019649919672329163,466,0.17097408568266304,350,0.030501487442376355,434,0.03624976534137381,151,0.05402307015795239,326,0.02305103602647196,133,0.05162642522903611,271,0.005348913387554832,89,0.062428772059319515,216,0.3851954144004679,421,0.02570635555013848,346,0.48249073246360796,489,0.013224648474092719,510,0.16471890887423424,349,0.03999307353338398,400,0.00810949621202317,70,0.05806581967962469,204,0.0034117342350538093,91,0.0589685606546201,161,0.0035406088600991037,100,0.06477252717528093,165,0.3005357795310162,382,0.022258351062954273,237,0.2770055799239256,421,0.04208950968854904,371,0.1930280631095953,382,0.03290236635097953,453,0.03706062874797489,144,0.05461451243537222,335,0.023022863729358578,134,0.062547735325026,242,0.011514765427430018,117,0.07551202580625388,233
"(27, 145)",0.021291886036545193,185,0.07291755141886125,168,0.010126528110430577,128,0.05340544254420629,227,0.09348728176865273,254,0.04697878606473941,373,0.4640077931816009,542,0.016830105636039757,510,0.49115137062302283,504,0.016474829801867673,473,0.5620147713854913,520,0.013195137917099451,490,0.015664610391668332,145,0.07789062294778337,147,0.01684372647452792,144,0.057006415527058645,238,0.0881081329829867,257,0.03804454979663625,381,0.29947929340997825,460,0.02672342149588114,467,0.3661444634425154,475,0.020537679879193225,476,0.5617483125814353,527,0.013232017168551529,511,0.020212181856675726,183,0.06866411293608086,165,0.010032207483393618,126,0.04809297321624417,236,0.09224185387017858,257,0.048520275669062474,355,0.510257972758439,554,0.014598960037606024,516,0.6129504264217644,527,0.010450501726095995,494,0.6089066514375013,518,0.011647514321412712,481,0.035992164185525866,206,0.045156720645774126,123,0.04219043359832175,185,0.07881315431362103,224,0.07519009977736135,223,0.045051964263845334,385,0.2962019594955677,466,0.02731595233082964,479,0.3663225827632276,475,0.02486814971003675,459,0.46401840844409015,494,0.02202534652251534,479
"(30, 251)",0.28928031823079814,382,0.04400743507108864,246,0.40574802515834074,450,0.02064513132402647,454,0.1049091699663266,272,0.05801804605362134,294,0.005566751627307687,51,0.08662847726042576,116,0.003958043210400497,65,0.09472928290589173,104,0.0027892460094338656,70,0.0885407795319157,121,0.3063271738350336,404,0.04560701534740813,251,0.30875881989303533,428,0.030873448863123005,383,0.10129654526836762,273,0.04706280875151352,332,0.018464588696871065,93,0.08062903477672816,210,0.010511909114168771,87,0.07677774706443886,171,0.002742368501951198,63,0.08893183194857106,142,0.30137528425073157,384,0.039727743857477724,267,0.4029921911782577,450,0.01872632861263473,461,0.10735238639209577,281,0.0593607883891737,282,0.003906688801954328,47,0.0868790924957776,114,0.001466434364932323,69,0.09032487021950523,100,0.0018560350775640444,79,0.09265538294537992,109,0.2581091574964345,368,0.0325753179252441,174,0.18601175032845163,347,0.06642847428072796,273,0.12420448613605539,298,0.04851964203959699,367,0.020586053345788224,101,0.07894108891198268,229,0.012012717737854728,91,0.09103463243752631,159,0.0063299172579108776,90,0.10784071840687759,149
"(30, 27)",0.03883334322870868,215,0.08594700722254511,132,0.017511417391007367,158,0.058856715339019,205,0.1475048348865351,336,0.05178836062093748,329,0.5569772665801861,576,0.018660164684137993,495,0.5965582654607082,557,0.017800278790241604,455,0.6343594654398528,554,0.014505314180685482,471,0.034612035247537865,193,0.09433751831551164,109,0.034048298630718454,177,0.06438130853953898,202,0.15213964572895156,325,0.041095593209420994,370,0.39818506837038903,519,0.028967411140899544,454,0.476272110564233,533,0.021536618399811587,468,0.6361175782719131,556,0.014473938080242254,497,0.035788769077912286,211,0.0808253373530404,134,0.01785346660183973,158,0.052922944427756254,217,0.1444828466422996,330,0.05376481198763469,312,0.5980202234078246,581,0.01624100592283092,499,0.696422644004876,558,0.01157721045623496,474,0.6747720213533056,544,0.01298216206274568,456,0.04795105702508429,218,0.057089609495254025,86,0.07904264262223237,240,0.08835828009745238,197,0.12579890340898592,301,0.048313785164471414,369,0.3825502937026871,513,0.02980331896549925,465,0.4582717498461324,525,0.027042450197949708,436,0.541376521826588,526,0.024476480909655124,463
"(28, 104)",0.765056299403096,565,0.007320833739778446,546,0.4857954068339134,492,0.015501322498963481,501,0.2203071650809818,417,0.030532195317467488,458,0.05532431119767711,198,0.03786879649794209,337,0.0242737463244862,156,0.03731522790550555,298,0.0077108983072931014,115,0.04221592484110895,258,0.5854515966133038,527,0.014631483668863562,463,0.49830760049507505,502,0.013178045043729275,523,0.3038049193000456,456,0.018635498502045267,510,0.10891017964814231,279,0.03232765837197884,437,0.07054634069858734,223,0.03323189135306625,371,0.011402426978525781,128,0.04417423361469299,274,0.7308403544511829,551,0.008307228132741915,524,0.48101785972260447,488,0.014957578583159038,498,0.21633719426189213,409,0.031906046735337076,449,0.04545546676979084,184,0.03985417202024748,307,0.012725039631785062,150,0.03750136024195532,240,0.0052595399040438195,116,0.03895099116300233,246,0.3232073882111445,388,0.011269932881416048,338,0.4376922691392421,501,0.024467932394725944,481,0.30269018140237813,466,0.02434800261939774,501,0.07540726676281806,229,0.04229330278238053,393,0.031008091756466127,159,0.0442137909544126,324,0.007823068501724428,99,0.06858693903195899,254
"(28, 85)",0.0006228388696393194,64,0.07840307684204943,149,0.009784954098650989,125,0.05697272018776114,211,0.06211706311793297,192,0.04656189007595249,376,0.23712923390374585,408,0.02331265887546874,452,0.3586033739001986,453,0.015207584712879151,482,0.5166967823658711,496,0.010393601163141508,524,0.004365927773488654,97,0.07489046311141306,156,0.008894961029283888,110,0.05042378877821952,265,0.03520653155495457,153,0.038223595339626805,379,0.1426012390853275,313,0.02954989711048781,450,0.20205744416696614,377,0.023400309669621967,456,0.4653444163565206,483,0.012830491336747959,513,0.0009774700172862083,77,0.07539846345193355,147,0.010144104989586067,127,0.0541390272896309,210,0.06385033062284884,199,0.0479213463629183,361,0.26598995185442553,421,0.022116382274137755,450,0.45039945672488524,459,0.011421788549817527,477,0.5637512912527951,495,0.008199837546692594,526,0.03087993518958787,200,0.02465223483486896,219,0.013952538825009242,113,0.07716774638443918,227,0.03547249016474274,142,0.04975448386216842,361,0.19262157836572213,378,0.030939100910949157,458,0.3225954090125862,443,0.02025334246184094,496,0.5148573329927417,515,0.016987840105431726,522
"(104, 28)",0.01599228469678904,174,0.06989174527593327,170,0.07781865294925583,257,0.05102325591049135,238,0.2429578488606262,434,0.04151766227553821,396,0.5513049651308244,573,0.02103233796078651,471,0.6848174585763385,584,0.01315178252889966,503,0.771096323644473,595,0.009155787263555978,538,0.04739360422469807,216,0.06902326620947825,167,0.10336311501606199,283,0.04453093400630898,291,0.23220822158973864,408,0.0332996751570339,414,0.4585032555711239,540,0.025678409955169235,476,0.5380371992686882,558,0.019880736953006614,481,0.747942323377247,593,0.011115049178083184,527,0.02282436812575861,188,0.06740293208764614,168,0.081719733175031,262,0.048329500611025096,235,0.23831449312385633,432,0.04220135604704503,389,0.5779636777077705,575,0.020106489814732165,464,0.7493912644449586,578,0.009771962192360113,498,0.7975773604764235,591,0.007402065276300876,539,0.12546391738835183,290,0.02450685813772345,222,0.11737625698898402,286,0.06813547502009308,263,0.20428407819953898,388,0.044243957314716094,388,0.504419745253976,562,0.026839683606184897,481,0.6378751678704009,583,0.017655335033687436,511,0.7665566484345365,592,0.015428201454283547,531
"(104, 52)",0.41860349822528875,433,0.023539384624172103,361,0.18819705525325636,349,0.03801238595686787,305,0.05316201465850545,171,0.0688984406430982,242,0.005835038016358762,53,0.09579370181853913,97,0.0016666336932771308,44,0.09777537892301638,99,0.000571777901075432,35,0.10115548779469574,100,0.25983181611096573,373,0.039144550403442134,291,0.14946343105238935,315,0.03937966506874889,312,0.057223677528975614,198,0.053113787636329304,296,0.011992304060679082,75,0.08650636410776534,185,0.006503866370452416,59,0.08662555770548928,143,0.0007855988152289939,38,0.10934539178037767,113,0.36758335610588977,416,0.02669068771603288,340,0.18136703661885067,346,0.03705116219888956,292,0.05487707411519316,178,0.06885142109712324,234,0.00465930648269075,54,0.10027577194357347,86,0.0007707315097010836,49,0.09680927073655332,86,0.0003829775510013622,38,0.09452631855224998,105,0.12453722761572905,289,0.024567493706803133,220,0.13294691050584573,301,0.06536430136029606,279,0.06945204616635092,213,0.06339238955366935,281,0.008485631432739282,49,0.10474823082795763,157,0.002696117707793211,44,0.10919638110187921,115,0.0006098574702568804,36,0.16650244040732198,85
"(85, 28)",0.7890236642024873,575,0.013205169907656905,456,0.6279013562719666,553,0.02475267269548855,419,0.35859383714876636,511,0.05237367404263801,324,0.10782329752251552,272,0.06369376306050589,191,0.07043740991778036,240,0.06200397956519021,179,0.027987952864430676,180,0.07061940513683723,162,0.63409969003606,544,0.024256170952789497,375,0.6104356151290173,552,0.024499696727015772,433,0.4581814602559078,525,0.03356673371834649,411,0.22985738876209572,418,0.0566438397675397,307,0.168177285386784,342,0.05680069190775355,246,0.03926432587793016,200,0.07694476353627351,167,0.757739281370877,558,0.014966747855411756,437,0.6236391952941596,544,0.023965446499716984,413,0.3597749109118391,506,0.053848565141506474,311,0.08941245623442395,254,0.06743338049478803,165,0.03835268746930032,203,0.06257257126046366,147,0.018116525353903956,173,0.0671679985396047,156,0.38320242142223626,407,0.018986685129896576,263,0.5755394347589895,552,0.03882861033798866,388,0.4551721492880353,539,0.041578148210362674,403,0.1677156498420227,348,0.07145241368620722,262,0.08285553094040943,247,0.07444977443116073,198,0.03284795339197488,187,0.11680203201262729,138
"(85, 96)",0.0004380658082625555,55,0.16066732044058527,54,0.002966807204441091,73,0.14751045341034535,41,0.02427533034955931,99,0.12850664890658753,90,0.1439104018328654,314,0.05785004696911559,223,0.2022773307162462,360,0.04362193762895887,263,0.3377128503568678,417,0.030789211773467957,313,0.0027962249062598588,79,0.1479167622048871,65,0.0034914391667346667,71,0.13699535326849907,68,0.012020687420255305,91,0.11296532410095035,107,0.05815586232584069,190,0.08955867821165543,173,0.08992812060638489,255,0.0699805846251078,192,0.28764557494401277,396,0.03961800040135762,291,0.0006890558119727608,71,0.1544836692105208,59,0.003088725759426314,79,0.1405951077376268,45,0.024079893447273792,102,0.13262729334851842,77,0.16896274138007628,341,0.054543619957111086,217,0.29112518496235784,395,0.0318387500523478,284,0.4009049948916015,425,0.023924354030689064,336,0.020493294435358744,179,0.05039506037805375,103,0.004757592976659009,69,0.192035320585549,63,0.012288944444228012,76,0.1385964723168166,100,0.09023286735888192,252,0.08785230911022901,202,0.17945020315127103,351,0.0575425675698589,263,0.31407139165374065,414,0.05503137666556842,288
"(29, 216)",9.999999999998899e-05,20,0.044854479049871644,245,9.999999999998899e-05,7,0.04715165569151373,256,9.999999999998899e-05,7,0.03961253432919148,406,9.999999999998899e-05,5,0.016884687644793207,508,9.999999999998899e-05,6,0.018812640452537614,444,9.999999999998899e-05,6,0.0418552262882449,261,9.999999999998899e-05,13,0.0505514800001959,227,9.999999999998899e-05,12,0.04676994032015134,275,9.999999999998899e-05,9,0.04554299055710898,341,9.999999999998899e-05,7,0.033875564765732474,424,9.999999999998899e-05,6,0.03248338016201249,374,9.999999999998899e-05,8,0.058503676223833755,223,9.999999999998899e-05,24,0.044232153571305916,243,9.999999999998899e-05,9,0.045695600840699686,250,9.999999999998899e-05,7,0.03852631612964557,408,9.999999999998899e-05,6,0.014676282487894541,515,9.999999999998899e-05,6,0.012810816788160262,459,9.999999999998899e-05,8,0.053195329633900286,195,9.999999999998899e-05,54,0.038199240409412215,142,9.999999999998899e-05,8,0.07034276021768156,256,9.999999999998899e-05,8,0.05812978954091372,316,9.999999999998899e-05,5,0.03871857416024418,416,9.999999999998899e-05,6,0.028519489954057283,427,9.999999999998899e-05,6,0.062462551049336845,272
"(216, 238)",0.014664594602027403,170,0.1255652059740199,82,0.030259091862473886,188,0.1312413965764075,62,0.07932602073504724,233,0.11516648000401183,111,0.2688702936833791,430,0.047215343442069596,281,0.33433330377443005,440,0.051530312002324476,225,0.2162175714046023,358,0.08079550173280031,133,0.016556279792767636,149,0.1316041026746101,78,0.026906220732041408,164,0.14592417624872206,61,0.06351822919873351,207,0.13737344773609156,71,0.19986775222102515,386,0.09508009025611755,158,0.24334956754006198,408,0.08262742865361006,153,0.16142712212850385,326,0.11669800766145605,103,0.015490600873846239,172,0.12595975332268924,79,0.03151410809981037,195,0.12218081241649958,66,0.08424708499480005,242,0.10906693869834672,117,0.32015701175798006,453,0.03960790934979237,309,0.4435595748773816,456,0.03370661548820535,267,0.16165185564421725,321,0.08909527766999571,113,0.011131033357849263,157,0.07942569302154687,54,0.021836497211783268,139,0.20157039040037084,60,0.05112609915439825,178,0.17316770164017775,61,0.201136817270264,384,0.10680037439201993,152,0.2762255550853967,412,0.07610522702515528,195,0.18216810363392422,343,0.12265977580433833,132
"(216, 29)",0.6317846463289574,523,0.0176025660379038,412,0.6008455087536906,538,0.023422011716391106,430,0.28625769298900716,466,0.062046239131891084,277,0.1633979563765403,332,0.0629250090846486,196,0.09908950182748766,274,0.10003337759159069,93,0.053197179892039426,225,0.14076984649159427,52,0.37751065355704316,437,0.03856241654782825,293,0.446722098308582,482,0.039335785208244746,313,0.3369314286738445,473,0.060747770681689336,252,0.1962207239443292,380,0.09604603224723277,155,0.13193157697904778,307,0.11355718299601071,86,0.07291347356053501,247,0.15878370138185782,56,0.655808433193952,531,0.01642152918114742,424,0.6257236249186502,547,0.020308391298987278,447,0.2830262298877195,463,0.060443250774985975,276,0.14388733718667346,313,0.06381076966148044,180,0.08242176376089028,271,0.0922019440630073,97,0.05792987272090133,244,0.12995246076411815,58,0.21424793019741495,341,0.033098419174432396,170,0.41032125766803274,487,0.057223994447093904,308,0.32146706029220107,478,0.07488549117749833,234,0.14690354971034914,320,0.125007391696172,119,0.10265141025386415,279,0.12584548280171837,92,0.0716329011845176,246,0.17825815448506258,77
"(216, 49)",0.23193310853447713,353,0.052231596937993965,219,0.4092065006812944,455,0.03998944491506147,288,0.12815298481190673,307,0.09644235768821181,159,0.02057902262120237,113,0.11750638254798772,66,0.020801001869278135,147,0.15113180378757507,46,0.04532659967876351,213,0.14688446624963683,47,0.17672467881308296,331,0.06510104196394821,174,0.21630470393195855,376,0.07106772492152628,183,0.16040101271666551,337,0.09709479874375115,153,0.04707152124957159,169,0.16369420446279806,55,0.043628402956487955,177,0.16303927473712057,48,0.06834979655108442,241,0.16200078623030495,55,0.24526874574651159,359,0.051070711648418844,218,0.4224888684733996,459,0.03630413986945228,298,0.12708608568319169,306,0.09350501024292993,162,0.014885226357510328,103,0.11916386823095124,61,0.009756779441427943,138,0.1487534978937169,39,0.046197061641947146,228,0.13818481247650802,50,0.30508973785118143,383,0.02613520457602092,214,0.2216491386752989,384,0.09273564340729414,186,0.15680114674150503,342,0.11635883952416072,136,0.03474029500248044,136,0.19883238332355424,54,0.024750564160526123,140,0.18606348934816958,50,0.05941256741572676,224,0.18853583222870102,66
"(216, 168)",0.08642333794517043,265,0.08182602467749275,137,0.022979397430447523,168,0.13904641516701083,55,0.10200470232689662,268,0.10551075665805013,129,0.2599339952208196,425,0.04831725414060919,272,0.32338452578849086,427,0.05297354802879116,213,0.4639996362570268,474,0.042717590845381674,256,0.1965245842463893,344,0.061558818671203226,184,0.08968620807306649,262,0.10542031239222312,108,0.08193426999977926,248,0.12682933157411674,88,0.15587801498808407,330,0.10790677762690587,126,0.20036588127013755,375,0.09274097198261787,131,0.34741756311621597,422,0.07132474759971828,188,0.07373088030310415,256,0.08730952238257204,127,0.019634449395652842,162,0.13468375156413667,53,0.09833559687975635,262,0.10332055671340774,133,0.30466886494483825,441,0.04119021946656057,300,0.45439021224745213,461,0.03276167271765813,276,0.553623468652587,489,0.03148546450305134,289,0.2659312521435777,371,0.028883132108551476,195,0.11484943743406895,285,0.12735331672254852,126,0.10868567609585744,274,0.13594773061883722,106,0.2615123993229196,431,0.09095062986991032,195,0.3366761434518586,458,0.06528892517851646,230,0.35261377111699477,436,0.07859184283317115,220
"(251, 37)",0.023873226161883476,188,0.17476598961256107,47,0.008376571778019537,118,0.14626864901363865,42,0.042209371459317246,153,0.12283588311880429,98,0.11572662816960866,280,0.07455764749530522,146,0.12608500437421033,298,0.06916774860329031,160,0.177871413917306,334,0.0531180107697463,212,0.011318242307463477,128,0.21634386991901772,32,0.016899811685852528,145,0.13879993277152,65,0.03618336345073625,157,0.11154145910822345,111,0.0466930118819876,168,0.11671343557505941,107,0.05115828095788344,193,0.09479123029352644,128,0.15154801938983908,319,0.061311329201895505,219,0.022487402748596175,186,0.1696308022063047,49,0.007950743744713051,117,0.13807222906592997,49,0.04354012285544018,155,0.12598736485378342,89,0.13247385530081635,303,0.06919455404325921,156,0.16687218057347597,321,0.053200173886765574,173,0.24736579504442124,361,0.04417832883847844,229,0.009461507835772265,146,0.1426743259337055,24,0.025080081436666513,149,0.2162367698015228,54,0.027231362968312967,123,0.16260597137646238,69,0.03283669836206615,134,0.16100359546015586,73,0.06901837611347883,231,0.11552334872042012,108,0.11379178547571545,289,0.10677031054853614,152
"(251, 218)",0.4074036311842206,428,0.05088448638257421,224,0.4201138466626355,464,0.03443192567640531,335,0.258451144388102,446,0.05935319410574177,284,0.1753351407527941,345,0.06192151541256164,203,0.3030387460902211,415,0.04235239380776714,273,0.2755071801026332,389,0.04087081982105344,265,0.522424895426986,507,0.04053254451042208,281,0.4482753973122474,483,0.03402826510689685,347,0.22204437082139505,399,0.057143374772516534,274,0.24491288312750714,427,0.05994295935209703,282,0.32260556928385686,461,0.04088127198083664,327,0.22585174805077712,367,0.04968777035077412,255,0.3717786530081272,417,0.05343103816319948,209,0.37762692800430675,439,0.035955147668648366,304,0.24706395723559682,440,0.06319902577038762,261,0.15527281668257964,328,0.06445219230024611,178,0.2655780303195505,375,0.0406729760540564,229,0.24486895230407013,360,0.044468018302733135,227,0.4094809141287423,416,0.035146011193687106,161,0.2759027380401601,420,0.08876127305550868,196,0.12222352528974711,294,0.10482426709712463,163,0.1430575721812566,315,0.10112271690506307,168,0.1815519412888934,353,0.0787196250730513,184,0.13287745365825154,302,0.10020189869053182,168
"(251, 177)",0.3171693597604419,393,0.06394667415391109,182,0.5055769629683751,498,0.027433740560881374,395,0.1473066556931092,334,0.08083358082735943,195,0.022583680001570183,120,0.11757801150806863,65,0.008987783510775782,109,0.13231750824785113,55,0.005459210973744688,97,0.12755912283455625,67,0.3714197719586545,432,0.060369840880444614,188,0.3324949694273587,436,0.04573593002797624,284,0.16493684009019371,344,0.06705104609679038,220,0.06035167373463968,195,0.10877883756704877,121,0.033206700179095994,151,0.10551725184373494,100,0.009296668225565297,114,0.12648030059095117,83,0.347677657489031,407,0.056784450952413336,197,0.5251279021460945,503,0.024336816165133945,409,0.15357779154015905,343,0.08197090830160723,189,0.019668453622929793,126,0.11849174258619426,64,0.0051315186674534274,98,0.12472716088697627,50,0.003499608209664107,98,0.13533825603025149,52,0.49817271241489913,448,0.027808045416147432,200,0.26110176265687557,406,0.09220946482887128,188,0.27056494013049215,448,0.06884258132244854,257,0.1167930014806714,286,0.11014274287096122,142,0.04707451387582173,198,0.12873682580388454,86,0.03149761317097566,180,0.1559328332477722,94
"(251, 30)",0.07089906372183463,256,0.1330602702158381,73,0.0860114472212673,268,0.0873605494388432,122,0.17388869130537166,360,0.07467327332226387,214,0.49135881388264924,556,0.02714414647926456,422,0.4887291046738943,503,0.02625924550092133,369,0.5237935834231559,499,0.021441664245310642,397,0.07701229911480989,251,0.14032564768235037,68,0.07878821610323394,242,0.09565113341193926,131,0.2061168337848145,386,0.059663432402591,257,0.36818027723105473,507,0.043794412077738105,374,0.4101191428571336,500,0.03275148781937566,372,0.5377114467582824,518,0.02200957034381007,420,0.07475586991137417,257,0.12550108853972716,80,0.09697320990630987,272,0.07847483285958878,134,0.17065985098108327,357,0.07791615151295629,197,0.5326295556846823,561,0.02374216784738965,434,0.5899556441916955,519,0.01711666820273583,396,0.5460311574465553,487,0.02022263585290043,371,0.08287828954900323,259,0.08786040863701117,48,0.13591070302859365,304,0.1310410919575628,121,0.2761866836498913,450,0.06785611517684678,262,0.45244225607762845,541,0.04466003693552312,381,0.43372660206461955,514,0.040936608995548913,344,0.5057365672241707,509,0.0371221582855085,364
"(31, 139)",0.9141674033905152,607,0.00859617505167571,528,0.7692224333740828,586,0.01800787469022907,476,0.49119395751639217,550,0.03316088980208563,447,0.18591353929552745,358,0.0505397107142948,254,0.0961570252991224,266,0.04527748456171452,248,0.03266278969318348,188,0.05615653426580589,201,0.798797709851906,586,0.013873040056597213,476,0.6453549678676385,561,0.02365626427917047,440,0.6498167016946613,571,0.025376378670251904,476,0.34996034907220985,496,0.046537228353589435,363,0.20027154338215303,373,0.046728314715112525,300,0.048699705580924624,211,0.0635561395183675,211,0.9225919856663145,608,0.00810074901499444,527,0.7834311117383939,586,0.016445752165296413,482,0.5026614024657087,555,0.031811117517524204,450,0.12096255386570509,286,0.05228029260505082,231,0.027604035849617015,185,0.04784240202674651,195,0.026373134118227837,193,0.05369361901663452,193,0.5412951750187689,460,0.008203854447024317,372,0.6112878826984408,561,0.03608936437979685,407,0.5666073032527573,566,0.036086335924285395,436,0.2764894612216744,444,0.05407117928616459,337,0.1674721168873936,340,0.047063309616546166,312,0.11108193665080524,286,0.07140700783841976,246
"(31, 266)",2.559638670407427e-05,6,0.28308766121653134,20,0.0005872800865106553,43,0.19702954240150286,24,0.009392151183830522,64,0.12400965207849106,96,0.07909817579105993,238,0.06719664685408573,181,0.1591009559853509,326,0.03828115517729662,293,0.31490783950073387,406,0.02638498781529117,349,0.0003755467966559678,44,0.17841412045251054,47,0.002505994408547929,65,0.15050549275464165,54,0.0023976205166953424,51,0.16422267450202468,53,0.02574992444509272,114,0.11105756357092691,117,0.07143819838711807,225,0.06588851233895564,208,0.2558283711879794,387,0.036560886674001904,315,1.8606775777918472e-05,4,0.29760349544820025,18,0.0004770353923784221,43,0.194030712661131,25,0.008601733645833165,60,0.12344555088973588,95,0.12912630148301507,296,0.05115445021895664,238,0.33974592932699177,411,0.02072139946656896,371,0.3464512063981069,406,0.022755998618735562,344,0.006334108961055351,132,0.03613550722290687,154,0.0034642651670873104,63,0.20242187957625152,59,0.005134191442632607,54,0.17309299430876857,62,0.042337893899373036,164,0.10106845315904744,169,0.09039413753614522,256,0.05780293350645847,262,0.14003463304281705,308,0.06610132479254623,262
"(139, 31)",0.0003854375331797666,53,0.14557825425302312,63,0.013884497446764898,138,0.0900709556833966,114,0.1266429593062356,305,0.059897911385031026,283,0.3655092579054645,493,0.03272591128131239,374,0.5575657087287093,541,0.01724977840221561,466,0.6883281317468508,570,0.013059597642990816,492,0.0075036123529974574,115,0.07943956649170743,141,0.04066648716528998,192,0.07332616143190185,180,0.05348084681853782,188,0.07784656412050334,191,0.24786049515866848,431,0.05138957431478882,339,0.4231447408348836,508,0.029586181372455236,397,0.6484888684164514,559,0.01734147509522151,470,0.0002658145074131424,54,0.15279841914267647,61,0.012102827672542116,135,0.08839786689345065,110,0.11509879667031464,293,0.06018431618512194,278,0.4583621533737462,526,0.02531165638885588,417,0.7278289603552149,573,0.009294646383934388,504,0.70600542954092,557,0.011521179159516653,483,0.0065585635544638254,133,0.016732656076857446,288,0.03594992129340269,173,0.09736088635322043,178,0.08263693234738378,234,0.08155749964293191,214,0.28492528660098104,453,0.04974900234711572,358,0.4801991121093877,533,0.027474069851169406,434,0.5421811880827778,527,0.030944134977128366,411
"(139, 58)",0.7971771104113412,577,0.011426053014289683,485,0.43837050646843834,474,0.028498000081788443,388,0.12337131208015095,301,0.060422770489394664,280,0.023151765315461592,122,0.08209748230293513,125,0.005539502631258131,78,0.08024018993044955,133,0.00160402415963401,56,0.09850493789639268,105,0.5201552983441518,506,0.019338197286165426,414,0.2824499438319851,412,0.03843179531453763,320,0.24208260979079388,419,0.04705990107873541,333,0.05141315635517485,182,0.08681325410105487,183,0.015484482338400385,104,0.08911544924195595,136,0.002429487935281971,61,0.1116559736093068,111,0.8192446530698483,578,0.010499627276994133,491,0.45725388688149027,479,0.026344195049873835,390,0.13545334235186157,314,0.05700465866819559,294,0.012004742576481764,87,0.08523262537768996,117,0.0010145348854733172,55,0.08320581023297513,107,0.0013152380425821564,68,0.09363355007485115,107,0.5370022955812649,458,0.0038533851054193442,456,0.3007097462695042,434,0.04796244698933086,341,0.17981670267494787,370,0.0629378575733921,285,0.039992240840887705,156,0.09572737003519768,185,0.010206764987439554,82,0.09918227763298351,135,0.00628857584937037,89,0.13670227030671744,116
"(266, 206)",4.8414696771859056e-05,11,0.18452975938572944,39,0.00147662947196181,58,0.16236408771468555,37,0.04719426678525118,161,0.1037980519130398,132,0.330485737139673,472,0.047633099631277626,277,0.444647677365803,490,0.028212708127213677,357,0.6139682360101045,547,0.02078441915843684,406,0.0009568264969559426,56,0.13559533705216317,74,0.009338731588660831,111,0.1260493520515211,80,0.010359634267700368,82,0.13279598794836733,75,0.11657977468550274,288,0.08563148770609329,191,0.2344449522334504,402,0.05369541940970136,257,0.5303768459370842,514,0.02894165225777118,359,4.200975514245808e-05,9,0.19108535457843243,38,0.001038805018398925,54,0.1597932399267482,37,0.04160513504363317,150,0.10487241378474577,130,0.43038069840885407,509,0.03609420821933716,330,0.6609062672319802,548,0.014641448227889993,433,0.6733919417910096,543,0.017148284378294874,402,0.012056380732682115,159,0.035826064056009854,155,0.008818729259151059,90,0.18010366195653457,69,0.020686499491523458,99,0.14565848598930625,87,0.16479304448853704,343,0.08128556101547783,222,0.2868215351085397,421,0.04600357127112459,318,0.41186527407116014,469,0.04657385201247405,315
"(266, 31)",0.5077462958491177,476,0.027108838150526993,338,0.27297221285791884,380,0.050974956972714584,239,0.04358965697143602,155,0.10574214210132923,127,0.004758682880931175,44,0.15751176557286653,37,0.0006039833871498423,27,0.14572233521768074,48,0.0002443059628780553,26,0.1812286183130218,34,0.2659984896558585,378,0.04201025178903202,274,0.10153915766598631,277,0.07619632529646432,168,0.09515222315589478,268,0.08318896551600734,180,0.00838860134779107,54,0.15088890133695346,59,0.002323158196580799,33,0.14983536844021905,53,9.240213569261524e-05,5,0.2050595955506161,40,0.5213273951064248,471,0.026928647954871897,338,0.29530319535250027,398,0.04631331511117943,245,0.04812135702412279,163,0.10138804021120876,141,0.0023150044821793614,37,0.16350338099045736,31,0.00011457061845532301,24,0.15419254396033757,37,0.0007564335018699353,51,0.17194724792070928,37,0.06952771839307681,246,0.025235440693687904,218,0.10896180648890064,278,0.10542803609187835,159,0.06790508586290378,210,0.11230637850896145,144,0.006609341043294581,44,0.170097781878942,69,0.0018928313146180376,36,0.14873790344003315,67,0.00037251066267418587,29,0.22742680693581385,52
"(266, 189)",0.9494629340813868,612,0.0022064869752731774,603,0.8033266942521655,593,0.009551633836384629,557,0.6685013288965391,591,0.017575364601747443,543,0.45817818447058545,538,0.03465766968810644,357,0.6682503618135682,578,0.014603110092721661,487,0.6019416288973005,540,0.02158527570617318,395,0.9211137613411354,608,0.0029429482107898894,597,0.8784565811874075,601,0.005310272712523442,576,0.8781717588800426,608,0.0056853949497526176,582,0.836934447003729,605,0.00857226576089264,574,0.7922906538925646,601,0.00970161807985043,557,0.8286892568177225,601,0.008961578839269058,547,0.9456970150448675,610,0.0024481201225305836,599,0.8297637589816786,596,0.007837839320564352,563,0.6788556968350691,591,0.016614094282352616,546,0.46515123668222425,531,0.0330167353980065,353,0.6471021368190704,544,0.015355700368664607,419,0.4144655275870276,431,0.03642370031967693,262,0.9995000999900006,589,0.0,590,0.8582717937564955,609,0.008862576887310547,581,0.7970299410545479,609,0.011974132998213313,568,0.7195232221707113,599,0.01710629808689685,545,0.7170709458018181,600,0.013393962298560227,541,0.8001738520417332,600,0.012492816697443126,549
"(32, 52)",0.000541974289135494,58,0.04362206946891872,251,0.0034769725022562037,79,0.02630278250685399,405,0.06797545523486015,207,0.019143029259009795,533,0.24443872039872094,414,0.008309594659497207,580,0.31795662790956136,422,0.0051943072356733806,577,0.4485265659291723,465,0.0037531018405645602,592,0.002938980890113463,81,0.04108907783318871,278,0.005713575272138671,80,0.0218312830697897,452,0.034759137326817235,152,0.01495829893985132,533,0.1170292372212367,289,0.01154404992772647,559,0.14496724975131026,318,0.009569279506850797,559,0.46898738045697685,486,0.004305594968933474,583,0.00043274991697894727,63,0.04247569219746306,249,0.003176751662774757,82,0.0250215665822932,403,0.061072541802366764,191,0.019407706313506634,525,0.26472191407303014,419,0.00819028475343251,577,0.46447659966902655,466,0.003513367845377544,579,0.5079791399812107,473,0.003103144139409774,591,0.00795453368630672,139,0.014284826824920903,309,0.011950044825736139,101,0.03400073961652065,423,0.04011918239327461,156,0.022559368374215762,515,0.1507791552152583,324,0.013935625665861383,562,0.21971534046809982,382,0.009353015139280704,567,0.36057283946882335,441,0.00844296649324578,568
"(32, 70)",0.7748053071341673,572,0.003872293770986013,585,0.6108886867682253,543,0.004696216229800624,599,0.20735233545796172,403,0.013199527777627654,563,0.05262717702293007,191,0.013864359631802796,539,0.03199649340740174,173,0.01116733299250797,522,0.012899809802125795,141,0.012249695799754413,504,0.6288932117097257,542,0.006869624722902057,550,0.5538462077318203,536,0.0047524641537161705,577,0.3056990965204016,458,0.007246703398029425,575,0.1333247078986719,305,0.0110531511145312,563,0.10695594063864067,278,0.010590120523100207,549,0.011098635178833138,124,0.014996745908162447,492,0.7898140756560093,568,0.0034757177863957113,585,0.620642777781488,541,0.004312161492724148,597,0.22275914591182222,416,0.012607946639276783,564,0.04584770435898,187,0.014693427046440088,514,0.011475840561965267,143,0.012062853868095727,466,0.008254618997519447,135,0.012251376808429082,474,0.5127291894071102,451,0.003562737903018133,465,0.45898359022469404,510,0.010077337943659925,572,0.2844560306423546,455,0.01174282472761767,570,0.10234058136372703,269,0.015857118826055335,550,0.062372116237747854,218,0.014231202690925288,537,0.02394869302261937,159,0.020848051122127634,491
"(52, 104)",2.2296920865638725e-05,5,0.17914270804086282,44,0.00010974645193040367,29,0.12987141207189598,64,0.0028699877605977697,36,0.0964883582706345,157,0.03285498272490739,156,0.0454413487463185,292,0.04610851034293084,200,0.03147589641360996,336,0.0922857598476321,278,0.021372502524333238,401,0.00013406774033031255,32,0.1742098451190024,48,0.0001671082544281166,34,0.11403728071808825,94,0.00128742530268533,44,0.08709833156617657,169,0.007829723255527887,53,0.06724666997757367,258,0.01282838667340025,94,0.049818545740261476,284,0.0709738883160449,242,0.028388061343458,363,3.080685623357837e-05,8,0.17385205017855015,46,0.00010393680308840025,31,0.12251228763425155,64,0.0025815801454494025,35,0.0983909699557778,148,0.039956368903299566,171,0.04293454320534371,284,0.09853687730828598,281,0.02103504583825216,365,0.13119206119753002,300,0.01673441430529274,406,0.0003376957541539882,80,0.06319904129961883,73,0.0006986208574902841,35,0.1659013655251717,83,0.0016271402946435032,34,0.110351112480496,152,0.01469205956616304,83,0.06627620886755875,291,0.033738378116117906,163,0.04312259015500251,332,0.08424959503058926,263,0.038902851100673506,356
"(52, 32)",0.9179166104611273,608,0.005188155960686032,566,0.8631349079700137,606,0.0065305661314273,582,0.6313843336500929,584,0.015983442806759472,549,0.3140397289072244,456,0.021411976743299598,468,0.26388499044782165,393,0.01759679501561299,463,0.16465430256616398,319,0.017621488059653308,441,0.8541816293559654,602,0.009397176461578942,521,0.8436924930704002,596,0.006647394070616457,564,0.7078571650743076,580,0.010631681846023292,558,0.514748894141344,562,0.016661769153007613,528,0.44928927347916525,522,0.015226720516898898,514,0.20119811526257925,355,0.02005829273638593,442,0.9088720756006046,603,0.005626366566847382,560,0.8654764058878018,604,0.006044369748093272,581,0.6423304476753444,585,0.015643392535951244,548,0.28505816541234974,433,0.022302712676897825,447,0.15582160778232945,313,0.01805512505137691,394,0.11900590709969094,289,0.017287155122146517,398,0.805298488666591,526,0.004730423923333704,440,0.7567253589494205,594,0.016154160016109663,539,0.6870200898010983,592,0.014709409440790923,553,0.4305025032619709,531,0.02149776565547335,520,0.31011262356513036,438,0.020586053202821298,493,0.1771395344971105,336,0.030366789006290657,420
"(70, 32)",9.999999999998899e-05,21,0.0208147496737003,381,9.999999999998899e-05,8,0.0171092115274138,482,9.999999999998899e-05,8,0.014317618436731792,559,9.999999999998899e-05,6,0.006557252768382543,588,9.999999999998899e-05,7,0.003707579195921865,592,9.999999999998899e-05,7,0.0030417241390826907,599,9.999999999998899e-05,14,0.019319720379849574,415,9.999999999998899e-05,13,0.012222079374295855,532,9.999999999998899e-05,10,0.011163562297280688,555,9.999999999998899e-05,8,0.008635166735044095,573,9.999999999998899e-05,7,0.007290232476519139,574,9.999999999998899e-05,9,0.0035550259444225673,592,9.999999999998899e-05,25,0.021231490952628825,372,9.999999999998899e-05,10,0.01669392546639208,480,9.999999999998899e-05,8,0.015215874427361374,552,9.999999999998899e-05,7,0.006028744006834636,590,9.999999999998899e-05,7,0.0025300700551631667,593,9.999999999998899e-05,9,0.0026882947240673576,599,9.999999999998899e-05,55,0.007053477704747256,387,9.999999999998899e-05,9,0.022082656545669054,502,9.999999999998899e-05,9,0.016453728315036775,546,9.999999999998899e-05,6,0.010580873921803716,578,9.999999999998899e-05,7,0.007051169254061012,581,9.999999999998899e-05,7,0.007010903295507659,582
"(33, 112)",0.7825486837371689,574,0.01369494399588152,453,0.8878170912687398,611,0.007585401469353539,570,0.6654991633033662,589,0.026105456209519328,488,0.32523029614161136,466,0.03375857535768951,364,0.2716644218731914,396,0.03535873095270496,309,0.1699921903309305,326,0.04745941306329926,236,0.750507485498862,575,0.019011623532365973,418,0.8365508993694516,593,0.01390473439407094,516,0.7426850097737958,588,0.018987997909606938,506,0.4771384575594102,548,0.03578418686199975,414,0.3900001439026569,492,0.03952344919445656,339,0.24373212385439613,378,0.052361861740879416,244,0.7894668458252373,567,0.012872243213377356,457,0.8915170423245937,611,0.006934800345373308,572,0.6653024763380895,589,0.026033227111353724,489,0.27509275307762393,430,0.03481200156433043,339,0.1617755859377482,318,0.03301310228290839,273,0.09847263673789286,276,0.04131394836162882,239,0.6402770858259778,484,0.013055655700407195,325,0.7529380960446919,593,0.025862192497895158,472,0.6840472710462503,590,0.02765907945596295,484,0.3619677983193931,508,0.04896036923835545,360,0.2513412560015218,400,0.05322844341487071,281,0.14570431852806365,311,0.0835159488472236,211
"(33, 127)",0.0004834052837883185,56,0.16080279184211804,53,5.880438268845989e-05,3,0.1874777963724637,27,0.002044987496270023,33,0.1795630221176079,41,0.030459960625407234,141,0.07433693712237298,149,0.043742278647509014,197,0.06499407846584451,173,0.08874199413833583,273,0.058941650329471414,193,0.0007594198199187829,50,0.18936959021783603,44,0.0001926437687229665,36,0.226851592482716,29,0.0008413175534536244,37,0.182149260014053,40,0.010443930157987724,68,0.12792378696827425,89,0.01954892596248059,117,0.10719358441597855,95,0.05288165440787196,219,0.0871400208214778,144,0.0004350794368406241,64,0.1570035056837733,56,5.2960846916194626e-05,3,0.17772923498811394,29,0.0020491479569139104,33,0.17892730253174205,40,0.04273959899531876,176,0.06475578362348819,175,0.09426822623645159,279,0.03952472765734026,233,0.15590883875971417,318,0.035446904269482105,268,0.0026338908742347122,114,0.08148082466497787,51,0.0007352099882997898,37,0.2606841528235778,37,0.0016806128148311172,36,0.20497955055231026,43,0.023720931950440116,108,0.1214387851376887,124,0.05020865484354553,203,0.09105535620961457,158,0.10635626464467218,282,0.09275539992797542,187
"(34, 41)",0.211436859165971,342,0.03370075971545999,301,0.29961479980969297,402,0.037620777496217846,309,0.20105707885801194,395,0.0747083393400123,213,0.16615558273092845,334,0.07426790226358103,150,0.16481366635725547,331,0.08005086634619274,134,0.18158968332743597,340,0.08748094921609295,123,0.1843020664358005,336,0.03968216159323469,289,0.21216726264412333,374,0.04325825613338441,298,0.23747270482030436,416,0.05870803822784501,271,0.2168506471770929,403,0.0867730934459167,184,0.18999904602104623,363,0.08267954603779237,151,0.18584329355872997,346,0.09580251590333304,127,0.19115633452189174,335,0.03507274664195763,291,0.3113334651782479,406,0.03450398111938719,312,0.1965547391558652,384,0.07515633697637111,206,0.15460274474193803,327,0.07694418925470442,131,0.1476779725626972,311,0.07746416788384468,119,0.18568485730078932,335,0.08273621198609254,128,0.076845153348156,253,0.0233129427206256,231,0.20092279140004266,364,0.06188971266828349,294,0.2130004846098953,397,0.07536143227278866,231,0.18845664261292105,371,0.10571788222791356,153,0.14496253412646687,315,0.09918566879568885,134,0.18871922630677074,352,0.12798193255740897,126
"(34, 151)",0.26528598981329976,370,0.02923391246971134,324,0.24387719977768074,371,0.04342265233644849,273,0.3468274367588766,503,0.05121109101692834,336,0.6014778983318974,588,0.02300210789259023,454,0.6854533160690932,585,0.018516931541916002,450,0.6979385236642361,575,0.020254504000525465,414,0.3862177116115302,441,0.02349505598057387,382,0.30523059431631006,425,0.03395329693193958,350,0.2927053320740538,449,0.050899818482935136,311,0.4700921271551963,544,0.045217142403528636,367,0.5476101528450842,562,0.03226897320176882,376,0.6657281201675711,565,0.025315640179699214,389,0.25855498911397345,364,0.029273738953830158,321,0.23323021706534441,365,0.042192877960430294,260,0.3533954174541588,504,0.050043990603488596,336,0.6507489600884702,590,0.019566755531809712,470,0.7741327169985388,587,0.011635263460950387,472,0.7882970415012118,585,0.01293045278717892,457,0.4687885005909952,432,0.0077923608740229685,377,0.33191336062634136,454,0.044033831296538706,360,0.3049004399875209,467,0.05933453883119408,308,0.5204651005047203,567,0.04439136182384068,383,0.6500402828424576,587,0.02454938041573394,463,0.6944279266343218,582,0.030649140685459462,416
"(34, 122)",0.24266650384709265,358,0.031005796803653816,314,0.13753686854274527,318,0.058697906636526485,206,0.03328176455167797,126,0.14043424801176307,70,0.004583833617894273,43,0.17622682991081376,25,0.002070545587024686,52,0.20673022814457367,22,0.0031535538159525034,75,0.2268132895151388,20,0.05845789892938935,236,0.06165053536279517,183,0.08334567234133106,250,0.06506087966328764,201,0.04907346272301405,178,0.11063952137916734,112,0.010898150971682896,69,0.21040010756796776,36,0.007105558369969289,67,0.19836773630450802,33,0.005778715006436563,92,0.23361099228690244,29,0.2737824815836525,370,0.028146479131215332,329,0.14345091803865362,324,0.05443604602423677,208,0.03236216686430926,125,0.140416875264085,66,0.00338618966412374,41,0.18284357290045597,24,0.0010880557460303253,56,0.2017548502484709,17,0.0017894911012908965,76,0.23023731227721186,16,0.04064081279633447,210,0.02789289273610307,199,0.06977799323297029,226,0.09557042107107633,180,0.04905432439456803,168,0.13304267839706516,110,0.009923337509691321,56,0.2405297588644351,36,0.005072296506376084,57,0.21799448898380797,40,0.007866408829356297,101,0.3015964171602394,35
"(34, 76)",0.01619781446820534,176,0.07535473849475974,156,0.024165108276780423,171,0.09810580092681231,101,0.11066138921257496,286,0.0984260385417011,149,0.27804607027442296,435,0.05487371279635226,236,0.36524387812851256,454,0.04724501542909055,239,0.2648890344740007,381,0.06991428956300925,163,0.0639450637000285,242,0.06006085357964459,189,0.050850368482393105,209,0.07546639758003378,171,0.07954953982112367,241,0.09595308984406933,155,0.16647040796825863,341,0.09995256870158101,147,0.21038481918822038,383,0.07815074326646695,166,0.1941622582558632,349,0.09359033902270936,133,0.016256352548753572,175,0.07410773748718029,153,0.023043812897848293,173,0.09358231639386533,102,0.11357793117001591,289,0.09680450748163423,151,0.32035197078452227,454,0.04933083903750154,250,0.4699019154317028,468,0.03313569421424538,272,0.30036258529872106,390,0.061096663635275675,172,0.1704384702673971,317,0.01696702157766105,283,0.05874896361291604,211,0.10058407581999512,166,0.08589933500423008,242,0.11244920575177585,143,0.18175865741496977,363,0.10774261564334749,149,0.27297900557664023,408,0.06964317809218462,215,0.1494945154098395,315,0.14355878048593604,104
"(151, 34)",0.834691734399718,584,0.003956488180699748,583,0.8267562964999267,596,0.006290025080106958,585,0.6165777629896563,580,0.020747016780534866,521,0.4266467460372658,517,0.019217261171153088,489,0.3240835922349652,429,0.021241113101302368,418,0.3277228677038111,415,0.02217836877419269,382,0.7194088544612722,568,0.005993196046209184,561,0.8052060338016582,589,0.005979966819701052,570,0.649509002330024,570,0.01897603171778933,507,0.5318830669505049,567,0.026255993195428946,471,0.45171839949236015,523,0.023668549269729895,453,0.378447045860379,442,0.023886497545847877,402,0.8404993469830933,586,0.003819653243026847,583,0.8329466817764564,597,0.005853415383395267,585,0.6299460491129448,582,0.019283692399172377,528,0.3845132510987883,483,0.019267241567763275,473,0.22247368396277056,354,0.019640812847762524,383,0.2301011043181831,356,0.019711027414338396,378,0.5435130533628669,463,0.003971470486884505,452,0.7150586958303597,585,0.011851713675388793,562,0.605365683620221,570,0.025154662141707983,497,0.44960989328586487,540,0.03176224019666295,454,0.33458092830100583,454,0.025746272452794074,449,0.37210073399913735,447,0.02766126993127016,438
"(151, 76)",0.0001997187266639111,49,0.06373025372189361,183,0.00023199850313693204,35,0.09607634799895144,104,0.0032992911118899793,39,0.11861639800106104,105,0.015102722213036546,97,0.05852784857733133,218,0.030697341695475888,168,0.04659750854208887,242,0.02995008860019177,182,0.04923785731700394,228,0.0011237095924744311,60,0.05165341597927381,222,0.0003382140140110179,38,0.07984920224470582,162,0.002404976348959087,52,0.12265827497391761,93,0.00683471201386654,50,0.11209694218858048,114,0.012603200885012877,93,0.07803700862047923,168,0.02117861172004676,157,0.062448453048980605,215,0.0001782090416977411,46,0.06405600070571582,175,0.00020652499740458907,35,0.09317316971829516,104,0.0029096663709824444,38,0.11579156290656299,107,0.020308000785378533,131,0.051353209198542,236,0.06119314526858566,241,0.03020077451516333,291,0.05805845822985001,245,0.03119322874871192,291,0.006220633650136254,130,0.017622862689107847,276,0.00118341852046,43,0.10019566401700263,169,0.003656575425926234,51,0.1381230763610733,101,0.012798465420730931,71,0.10402485335222639,158,0.028589393252030026,152,0.05845384834795741,259,0.022126142819521633,154,0.07086912214296112,249
"(122, 34)",0.00331780188427222,103,0.051750631736248213,223,0.005584561686716505,102,0.07906468798465474,144,0.05986910563090175,189,0.06823947601566081,247,0.28368709869153375,439,0.031327531864034364,383,0.38262956384668856,464,0.025266560986284842,376,0.45318109951298136,467,0.022551313265579898,377,0.05257556276730435,226,0.033804724478160963,316,0.01450939331574741,135,0.05809175392174228,231,0.03273701400896023,144,0.06880817512331606,214,0.17238089316505467,351,0.05166318833667814,338,0.2180418245480028,388,0.039917826058560146,336,0.36684700475726306,437,0.029759170289847155,354,0.0023590095049010884,97,0.05323844777534533,211,0.004853501331156029,101,0.07660937041171743,138,0.05951965914718782,189,0.06794104316572917,239,0.33651802071123804,463,0.027507388002925674,396,0.5303361291437252,497,0.01584366590071399,414,0.5369332766040515,486,0.01754785605312893,396,0.08881831130455353,267,0.010169041559788955,346,0.021931405815238003,140,0.07324868386220607,246,0.04709597843899915,166,0.07400247746877789,237,0.24164196879309274,415,0.04674432133376392,370,0.35114025541710503,464,0.029079408596296024,418,0.3881222966276552,455,0.03702369915179563,365
"(122, 230)",0.6159740223064758,513,0.009071484021050829,517,0.5565939182805377,514,0.01705294691116513,485,0.2256419928491249,419,0.04384936392883182,386,0.04032807504751679,170,0.060025650897072,210,0.020574757383443165,145,0.06694128854054412,164,0.012469268882679074,139,0.07469911172415022,148,0.24458247997106852,362,0.020250244095515364,404,0.43224825194915606,473,0.018739291128139875,471,0.31457198601183933,463,0.03236530569314501,421,0.0872094180931875,253,0.0648370306692841,268,0.06309962253221058,216,0.06034916008547252,235,0.02294010450186046,162,0.07497515064788306,173,0.6514438467957897,527,0.008175411459936149,526,0.5732122385671912,518,0.015614513571186373,487,0.2264910095760656,418,0.04351797717012905,384,0.028215957416318105,148,0.06284738302068749,185,0.006920014523312479,116,0.06729824599051919,142,0.006562224750474077,123,0.07618108196566543,136,0.16987453884405224,316,0.008192279531035377,373,0.37338423297031,474,0.02847322485121565,448,0.26076024112943996,441,0.04183056616778938,398,0.05364213694791364,190,0.07720005749174322,236,0.025543528643413582,144,0.06966032230363944,214,0.019805742423138817,148,0.09981725678295315,170
"(76, 242)",0.13995834053867984,307,0.02634533950561191,345,0.1336777457292775,314,0.04046693685275707,283,0.18624468711328745,371,0.05433887925236737,312,0.33756294422584554,479,0.026756778333727218,425,0.41578494175624603,476,0.022911739717311107,402,0.4912649586579749,488,0.020726111792059514,407,0.24089647267259862,358,0.020031637806332638,406,0.15136986444097011,319,0.03322563607177126,359,0.16003439775559902,336,0.05741099250167107,273,0.25531179041847585,437,0.04921432719376015,347,0.31900178322988393,458,0.035561472454643035,357,0.4644622546177032,482,0.024921179318543214,394,0.13363081026303436,305,0.026989084973438014,337,0.12694523332288687,307,0.04008978127544234,270,0.18023697279913342,365,0.05367823115493445,313,0.37974878743157103,480,0.022996256738634344,442,0.526573671482006,493,0.014327161271327174,436,0.6143870624291871,522,0.01313298078314873,451,0.061212148303338765,236,0.007315028329341404,382,0.19881975479758873,361,0.041236260718091715,378,0.19190061914555545,381,0.061450448079302965,290,0.3074003475624323,476,0.04670898032994862,371,0.3868274033352709,483,0.030380673085509676,408,0.4650546127242089,496,0.03496755062791642,379
"(76, 127)",0.0280261030465897,196,0.04301824348207308,256,0.026650382864674915,181,0.06546766750741972,180,0.10227223014827624,270,0.07077177037263362,227,0.1874870130195504,361,0.03960292673919139,326,0.2048791016658621,362,0.03940735005829585,287,0.15428841003464755,313,0.050298661741572846,224,0.08061370695322134,259,0.03289245505548192,324,0.06985778073631421,231,0.04444948909917398,292,0.13621070823875325,310,0.061778540681529416,249,0.14132007508812405,311,0.0677299539133012,255,0.1203076372502826,292,0.06164378229711,227,0.11184818060970536,289,0.06453531080740335,207,0.028709776352073613,197,0.042968615847495346,247,0.023596810003758795,177,0.06506818100664327,167,0.0901169300718545,251,0.07192524263504119,220,0.20721028002902342,372,0.035847503425595784,331,0.27800020645622947,382,0.02734945114287149,305,0.18763194300836927,337,0.0415370425467445,236,0.12420628043894055,288,0.005728415303738008,420,0.09906682901539521,262,0.05628476694160524,313,0.13828914241436907,319,0.07201577148120236,247,0.1163490178932729,284,0.0796878415398437,227,0.12726088022384907,301,0.06108162264874676,250,0.07078900457274528,245,0.1063075143091387,153
"(76, 151)",0.5277138085786697,482,0.009387769408202315,514,0.44823049604175014,478,0.017542611751877643,479,0.23160152548210833,427,0.04800613240551248,361,0.16111027765779418,326,0.04274385399169719,309,0.12705529292865914,300,0.049636892261180114,228,0.15786684909964255,316,0.04975942297137679,227,0.384504924428141,440,0.013894856162849663,475,0.40254332206353305,463,0.017132251956539828,489,0.23530092192807728,413,0.046548933504766736,336,0.1631415303682494,336,0.0633775820302244,272,0.14644362495863705,320,0.056673894930034066,247,0.15554578276167097,322,0.05606256065151141,229,0.5407207512625054,482,0.009082219260789608,513,0.4593390491361167,481,0.01651317330061443,481,0.24629381987788856,438,0.04484927529284654,380,0.1472309340523249,316,0.042621323419422756,290,0.10615406590756193,286,0.0448624011667613,207,0.16265704922237245,323,0.044644104055515395,226,0.023936119388638932,188,0.009187403730414897,359,0.36209669811458434,468,0.02703044469757553,458,0.2159547380069179,399,0.05751940519190502,320,0.14675293665050715,319,0.07221850646969948,257,0.1383992407253909,310,0.05893087190184318,257,0.2379042093277578,385,0.0625943407069136,270
"(76, 34)",0.1126941237852479,292,0.02882100750665488,329,0.14965593753289097,330,0.03849128030274515,298,0.06724720643533022,204,0.08145735375239696,191,0.023724277879607403,124,0.07708551979013405,135,0.02097466847752294,148,0.08249276359102428,128,0.017858055733472877,161,0.09387430323392972,113,0.03281028507137207,190,0.04204854128163836,273,0.06356019414337943,229,0.04573771112932511,283,0.05743535055443916,199,0.08353922825220124,176,0.04862877082881667,174,0.09741597999769887,153,0.04990382668950477,187,0.08225600982709563,156,0.029980571155960423,182,0.09464840248397641,129,0.11239698421483435,287,0.02896734515497129,325,0.16794648794161082,337,0.035320830763133144,307,0.07406630043325513,222,0.07676905646820759,201,0.019543358915080855,124,0.07655114165320605,132,0.011566482925748356,145,0.07710399903527919,120,0.008773993586399964,139,0.09604782481210827,100,0.9993002099650037,582,0.0,591,0.036195284395235006,174,0.07555250636228589,235,0.050587430397399547,175,0.10152217310601944,168,0.05422545586254113,193,0.1025748982311271,159,0.03856287605954978,176,0.08905080225489713,161,0.02933620190637709,176,0.13364658917639125,118
"(36, 35)",0.010127311024811236,151,0.48090836124668557,6,0.00375433512269141,82,0.34623354393203504,8,0.01238915382641026,72,0.49758214151815244,4,0.030061033100623025,138,0.37893837516506956,5,0.03757083401917782,185,0.3420455590332819,8,0.056932472617635455,232,0.30147761164121184,12,0.004346142379942242,96,0.6378143467166982,5,0.0057853537760745866,82,0.5518404120237942,6,0.015772212081801684,106,0.5048059916847268,4,0.0367751339929101,153,0.4718430517424666,8,0.042424560429069724,174,0.36975621598763436,10,0.058985133551848534,227,0.3603935726934175,13,0.011761177889907937,160,0.45697667097413697,7,0.004105217400541594,88,0.321906373265542,8,0.015308400336456085,77,0.49788112599786766,5,0.033370311330959135,157,0.3817268873788687,5,0.0385489588323511,204,0.3229550308613777,8,0.01666924503045064,171,0.4806206758363143,4,0.002593475988052374,113,0.44094599983115496,2,0.010938632876482224,97,0.779811485776963,4,0.017529006290117,92,0.6325004139594617,3,0.041063717782194864,161,0.53838109540137,8,0.043410590433834995,191,0.4495268762832254,8,0.06458467495311582,235,0.4865007547256553,11
"(36, 156)",0.4812380294559596,458,0.13277217326541899,75,0.6024487549912971,539,0.06371476947298454,183,0.4540625849831904,540,0.14979825728176022,61,0.32717702424011663,469,0.1709919335096899,27,0.29417636091138477,410,0.1722522794228527,34,0.23295112777429616,366,0.18848934659011846,30,0.5859708825390301,528,0.12438564286499793,81,0.5523392152766962,534,0.12074102235865097,89,0.42055560836599704,512,0.1689717988172258,49,0.29734762859176955,458,0.2350863928711395,28,0.27618698139165443,426,0.19802508099635246,34,0.2278002974588943,369,0.22970641850901197,30,0.46114842482191243,449,0.13451293823572388,72,0.5924501719725264,530,0.061370220763072504,179,0.4247503696900994,536,0.1644590125260786,53,0.31173642396007595,444,0.1812495710790063,25,0.2903690537266739,394,0.16475154475041892,28,0.4127453775676746,429,0.16489735414997297,39,0.6418606920101765,486,0.07023159920207414,64,0.47094061627025896,516,0.22249585631226998,51,0.40560513607016824,521,0.22196206903676052,36,0.2810110405674404,448,0.283575101511468,29,0.27278950295907767,406,0.2436005933781143,29,0.21469111985350686,367,0.32597827003087865,31
"(156, 37)",0.34797900913585555,408,0.1103561534801036,93,0.4258305309815804,468,0.058979229717769845,203,0.23688916279957806,431,0.11252232630726805,112,0.04480903488783339,176,0.1427188765021435,45,0.08281942425923061,253,0.12020282173975408,69,0.10079669020447413,285,0.13792391821048988,54,0.4582333690158473,479,0.09762440411977132,102,0.41953370435097836,467,0.08569882482933,148,0.267509340669117,436,0.11006972934822612,113,0.18337562306120625,365,0.14421566084045093,68,0.15082503292557115,325,0.13149928520018023,66,0.11048057347980622,287,0.17150048033389725,50,0.3405607051768582,405,0.1083541467875452,97,0.41140195905918964,454,0.057597909588690654,193,0.2308161864290308,425,0.1163245130400429,106,0.03802265139971572,165,0.14551972157236923,39,0.06287033489464677,244,0.11038390492054867,70,0.2092756541266655,345,0.13968712362649685,49,0.48344434699461136,438,0.06228940157153378,77,0.326275051745172,449,0.16487716508155265,84,0.24188784800964258,421,0.15892554987739915,74,0.1399919935838041,311,0.21026825908962965,49,0.1356889595469425,309,0.1857871095876836,51,0.08931827345692911,268,0.2629330094781283,40
"(156, 36)",0.02610006571260004,193,0.26167789444246425,21,0.0151909455249285,145,0.17916359141925897,31,0.05541537488889636,178,0.18261803893987008,39,0.2681047055614689,429,0.07861434544365697,131,0.17951066030989815,341,0.09288137806237104,110,0.1527972273371203,312,0.12006502593355801,76,0.012016104978844977,132,0.3285988672543361,16,0.015887078473380445,140,0.2552010588161764,22,0.04499005617532914,168,0.19940775178852627,34,0.08054918855313753,241,0.18971684860486582,44,0.1023051561925159,274,0.14966331510104505,54,0.14073885591859836,312,0.15820588771103866,57,0.02745159465754421,194,0.25083483892776987,24,0.016828055709204204,154,0.1671671198143354,33,0.0577736890231173,184,0.18457942855573206,37,0.29240545878618596,437,0.07372376323747822,138,0.21856695166107565,351,0.07286620976416308,127,0.06706791501961729,252,0.20412256116825356,26,0.00996032025420246,153,0.22721581324669496,11,0.030245234037125313,160,0.3643086508735997,22,0.05355207240935578,185,0.26270780690116086,30,0.11111848283590742,279,0.22709767293403657,42,0.11488766973553843,289,0.1963839278481151,46,0.1691067900890949,331,0.2125387898338071,58
"(37, 156)",0.03593363813604067,210,0.20085707683685683,34,0.016832709270821256,154,0.16045221268877607,39,0.07130663694428319,212,0.14563118266366248,66,0.25441551606970425,420,0.07531099568595663,144,0.17492527970380622,337,0.07394506581730044,146,0.2354537437456481,368,0.053969799289067616,210,0.012997773756845854,134,0.2665235856596055,23,0.01770039924662503,146,0.19323767631688965,36,0.07066084043190068,227,0.14478723048529393,63,0.09640359173384017,265,0.135495061439022,79,0.10178967611836676,271,0.10146634569394958,113,0.22277365389958237,364,0.06842609107117235,196,0.03746174537405311,217,0.19468649180447092,37,0.02000388799678876,163,0.14928800682430862,41,0.07421027571515104,224,0.14897976001355132,60,0.2905412615672658,436,0.0687966922104214,158,0.23880356550647752,361,0.05426626727267064,170,0.3188196318278149,399,0.04482038567676571,223,0.019384735640999073,177,0.17596898772050082,18,0.04658702527774006,195,0.2814545054135052,31,0.09522059245143544,258,0.19871341698757886,45,0.13872484634056703,309,0.16294762894561785,71,0.13174096200181518,305,0.13563746511341368,78,0.25835520865108585,394,0.10731432599550995,151
"(37, 251)",0.30077685868662385,386,0.09892500058416825,107,0.41136276502885605,457,0.05529112058528215,223,0.20053338806744359,393,0.10317365056474513,135,0.04916960930138847,184,0.1302588786028361,55,0.08561168811503861,256,0.0938315820058921,106,0.05596324017144383,230,0.08712679110766741,125,0.447486396582745,475,0.08192793828446154,133,0.40421949180516614,464,0.06811044900917332,187,0.20182673162475107,379,0.10204622998416772,144,0.1587565711544512,334,0.11473888741633155,112,0.15149486892873132,327,0.08887043156492673,138,0.06106641937642765,231,0.1053356845107079,120,0.2946071355989023,379,0.09790031023213876,109,0.38668859820448054,445,0.05562575716437389,201,0.19487903755219216,380,0.10798420700978888,121,0.03850416959241021,166,0.1349379919634759,46,0.054693665882840525,235,0.0886947418470961,103,0.03181031370570486,198,0.0966350384793399,99,0.39121254079418166,410,0.06463263181201062,70,0.2623621621893122,408,0.1581962306708563,91,0.16041885346103724,346,0.1670009782318706,65,0.11221164069907219,282,0.17488537479343252,67,0.11849300064597379,295,0.14051489907334597,73,0.047871016701045765,208,0.18823738995180483,67
"(38, 142)",0.0302705856328227,204,0.00960307713876982,511,0.10642541326896737,285,0.008902823715216,560,0.2069656829446349,402,0.011033478494916244,572,0.3220272012192601,462,0.006556670419113593,589,0.4018662586502961,470,0.003961359231156832,588,0.4306509576166422,457,0.004921058227211144,580,0.037126475527755276,196,0.008115591525911969,537,0.05355563490340487,214,0.005879901307555075,571,0.189791276370756,369,0.008104578701140333,572,0.3814395045439507,514,0.006427373836345019,586,0.449173724102533,521,0.00426372979709185,591,0.5435275774982614,521,0.0037000260562846028,589,0.03442249822901777,207,0.009366727788301414,507,0.1120939184849774,293,0.008442078988696445,557,0.20726263128310018,399,0.01046119980297811,574,0.33987797965740096,465,0.006099729356686547,589,0.3870286648280262,433,0.003482699844265809,581,0.4207805836785806,432,0.004405669451981572,573,0.007512606361062213,138,0.01375524787045439,316,0.09183162941808054,254,0.009841274071161565,575,0.1684196060454165,356,0.011720068185785608,571,0.3350075392119485,491,0.008684842980894013,585,0.38647139596144087,482,0.0053813984175327635,594,0.4673073223085694,497,0.005027928680341121,597
"(38, 147)",0.32615132971420424,398,0.004347880915723621,576,0.14561905873313252,326,0.008019306560762784,567,0.06815956554993319,208,0.015977284258839496,550,0.031127544766047288,146,0.014286721674319797,535,0.017994941105518247,141,0.01115547153433938,523,0.014676447496990708,148,0.015178423324282472,459,0.2959389736561929,399,0.004062693256196331,584,0.24187811387825098,391,0.00355718323031551,586,0.07693963500203282,237,0.010950631183068306,557,0.02074494075186828,99,0.016964382297308393,527,0.012839185021396915,95,0.013944896751503654,523,0.006219896053345053,94,0.01641915999853991,476,0.3071403374889847,388,0.004516025742466248,572,0.13886054101391254,316,0.007860505526656278,561,0.06801811923716228,207,0.015166322722176783,554,0.02757927499964241,146,0.01408933926295985,524,0.019956725460452684,166,0.009356943263477286,502,0.015747023393409942,169,0.01317137100288769,449,0.5200036005139494,453,0.00335014173962492,472,0.16532435397129364,331,0.008089775668929343,585,0.08976865126443123,250,0.014455045200181215,556,0.02850674550759802,119,0.019745324934789584,531,0.02003406429217658,128,0.014432600076037406,532,0.011237862066897697,115,0.01741922136831378,516
"(147, 38)",0.04452355288562049,224,0.014819328811067374,443,0.11846501749940885,300,0.01372940780958483,515,0.27093757135022234,457,0.016616013657396962,548,0.4276589639024214,520,0.009584357209229835,570,0.505452925207621,518,0.0062506206576948675,567,0.5361448079988668,511,0.007363148853835818,552,0.06292113276370725,240,0.012965890740487622,483,0.11163954482850835,287,0.010504773837369901,543,0.2642284133351789,432,0.013857632959768208,543,0.4496233251766899,537,0.011321549466922069,562,0.5242856328044982,552,0.007272947976954881,575,0.6069218610593823,546,0.006378490999647929,563,0.04785587228834398,233,0.014384599637579907,441,0.12412736875325592,301,0.01294586857623598,514,0.26666347468750407,456,0.015549405877747863,549,0.44645426193628024,517,0.008823650923426064,572,0.5136574296198188,485,0.0050888863567992125,559,0.546255789216453,488,0.006240369392261276,556,0.012382008905667874,160,0.02116202599258887,247,0.1273837712543835,294,0.0155223937630869,543,0.23646800736695905,416,0.018102679313315363,541,0.420399615542838,528,0.013329263088589461,565,0.4861308178090973,537,0.00814048607419035,576,0.5627361806468009,537,0.007606255411421259,577
"(147, 229)",0.26904870467974407,372,0.00813607300211673,533,0.13177099849057972,312,0.01325079394534389,523,0.04395794926909169,156,0.030465205398256326,459,0.014993943701302359,94,0.02928353887086077,397,0.008418025604497337,99,0.024476348804107557,385,0.006604169149696637,102,0.031882440103444785,312,0.21845042896662625,351,0.008562821704087224,531,0.139386008380737,310,0.009755577842710614,548,0.04600130535907998,172,0.024817546329012792,478,0.0127972132409373,77,0.03708090661270744,406,0.007262133390421033,69,0.030283894606774338,390,0.0036052481052245566,71,0.03521955153248465,318,0.25840181238687066,363,0.008199316910176786,525,0.12587671149866675,304,0.012885617854310099,516,0.04524854482731544,156,0.028086660546312935,469,0.013095621301544624,96,0.02861092772546777,385,0.00789696773771098,126,0.02046572602649123,374,0.006082606523532763,122,0.027945533679876886,316,0.4541414386889253,427,0.006369283358722044,404,0.1226461546312494,291,0.015719742154898624,542,0.05557551786426107,190,0.02933408070607561,475,0.015789698393010032,87,0.03980176201340203,410,0.009760150561648917,79,0.029951314207426874,410,0.005304682452596854,82,0.036006926619212176,371
"(39, 214)",0.6444262288828336,528,0.006375037507311375,556,0.5654506313551214,520,0.007325675474107928,573,0.3758267004873097,517,0.009938262442372016,581,0.19239373452892672,366,0.011957906947786777,554,0.04920579400299796,206,0.013327681517089693,501,0.023148494703082223,171,0.01346315698068593,487,0.42434163958771953,463,0.010021829463052197,515,0.5211637403335785,516,0.006580845647490248,565,0.6415644447446626,568,0.0043298602673113055,594,0.28213567262106376,450,0.010815838152351168,564,0.11222099787638729,285,0.012917590540760743,530,0.023431193517652882,166,0.016622025584277278,474,0.6953458191349607,544,0.005366857753143567,564,0.5903801178374117,529,0.006563141938477468,575,0.3993022978065487,524,0.009090987433525983,583,0.13140752964315972,302,0.012509731010718885,539,0.018839869936384868,164,0.013313275553111013,451,0.015195360736057872,168,0.011006632693933779,487,0.4931561705316587,445,0.003698026370631996,460,0.4580490685448181,509,0.010825250638742581,567,0.44407153118914944,535,0.009419262035291205,580,0.17824219339237302,360,0.01472119774279513,554,0.09842505841363636,272,0.015302998503743656,524,0.02455001783480837,163,0.018999547930825755,500
"(39, 181)",0.002529020231796464,91,0.040416283866459506,268,0.005184663411255008,98,0.035000349760600506,327,0.021565200372668736,93,0.025766484704617818,490,0.07552931033863908,230,0.016331032312549183,517,0.25430730920796885,388,0.007708568570262128,557,0.36552984209919404,428,0.005366365082598855,576,0.01535305448449309,142,0.03030079067802232,337,0.007444049427367094,97,0.027122935177302156,412,0.0026009997487397296,53,0.02715442057406631,461,0.04075291160793948,159,0.02061389055877241,510,0.1387140684831527,312,0.012036476891217826,537,0.36376056539551593,433,0.006663108388592899,561,0.0014842052199426359,85,0.041682687807614326,254,0.004181004971136937,89,0.034176596405919316,316,0.018320893232789404,87,0.02539390239337429,495,0.11880422166120241,280,0.012937313353356277,535,0.3953040187076534,435,0.0048268871410352505,565,0.42578979324629684,434,0.003623762527502381,582,0.009252723647316552,143,0.01391687192674034,314,0.012032381640558976,102,0.03641593197338084,404,0.013323965094735879,79,0.030312612004854335,473,0.0835809054652481,244,0.01894862183303212,536,0.1559734898569849,326,0.013125872046909579,545,0.3569488300179404,437,0.0077844013148317005,576
"(214, 39)",9.999999999998899e-05,22,0.020494569831473946,385,9.999999999998899e-05,9,0.015776811562171082,497,9.999999999998899e-05,9,0.012707849421241034,566,9.999999999998899e-05,7,0.008435911510016832,579,9.999999999998899e-05,8,0.003189169109452754,596,9.999999999998899e-05,8,0.002830203382773527,604,9.999999999998899e-05,15,0.014608331882636471,465,9.999999999998899e-05,14,0.01310388646029423,526,9.999999999998899e-05,11,0.012984324624219638,547,9.999999999998899e-05,9,0.008469725698552873,575,9.999999999998899e-05,8,0.00502028949557629,585,9.999999999998899e-05,10,0.002819596142727883,600,9.999999999998899e-05,26,0.021297651811393405,371,9.999999999998899e-05,11,0.015208446804724234,492,9.999999999998899e-05,9,0.012140167770224435,566,9.999999999998899e-05,8,0.006871725739332068,583,9.999999999998899e-05,8,0.0018897253948745364,601,9.999999999998899e-05,10,0.0016182652830779242,609,9.999999999998899e-05,56,0.006667151609630119,398,9.999999999998899e-05,10,0.020138586336904622,511,9.999999999998899e-05,10,0.01440998125879009,557,9.999999999998899e-05,7,0.009202853048627689,584,9.999999999998899e-05,8,0.006333938341879692,585,9.999999999998899e-05,8,0.0034636927155565433,606
"(181, 39)",0.5887692583099753,502,0.009420594100976173,513,0.33098075175354424,419,0.013168276247934324,524,0.11046163658202901,284,0.020319563281027988,523,0.02348569614063334,123,0.02740646835450544,419,0.004539526946828909,70,0.028716130479717824,351,0.00263388592659064,66,0.025059504128551183,353,0.3958580962717134,446,0.0160927175611196,449,0.255591266250343,397,0.01379689680331168,517,0.2057302484399286,385,0.01300870434212841,546,0.04950533410644753,177,0.02446347190219744,486,0.014808029154224078,103,0.026033491026903787,430,0.0018712012307949832,55,0.0313755346458591,339,0.6112154466643583,510,0.008588369695431095,521,0.35648254540129165,430,0.01165889968129678,531,0.12269821759349653,300,0.018931175105223314,532,0.013468875152298665,98,0.028338825405170374,388,0.0012382048660639633,60,0.02897877878418111,298,0.0014156793572983606,72,0.02200445130680504,357,0.36198523003479444,401,0.00615509431698173,410,0.23866599729438676,392,0.020071965542216588,512,0.15984591459784836,345,0.019435583865492073,534,0.03283177609290355,133,0.029943291602657473,464,0.013545630666315311,98,0.03164067842847492,402,0.0027592573419630284,58,0.03578625556466505,374
"(181, 128)",0.004240746477540247,115,0.048780460665818294,231,0.029296093237747067,185,0.029547898942915204,375,0.14076111165343974,323,0.0187423465902571,535,0.36342175227038886,492,0.010998089470871102,562,0.5809740065539641,551,0.0056982812839063,575,0.6402772785395117,557,0.0040152762516740765,589,0.018767163526652086,158,0.0444641185157746,260,0.048778233940183324,205,0.023963747139308354,437,0.06875161515498174,222,0.01874587823404507,509,0.2534147670150628,434,0.014194653166844992,545,0.42940409481098785,509,0.008473758897064209,566,0.6740018661999312,569,0.00440971917919171,581,0.003466568260729108,109,0.04815879212157167,229,0.02462840877401984,181,0.02841350898183306,372,0.127330391053603,308,0.018698766835797766,534,0.44257785624520507,514,0.008847672955313666,571,0.7112088572557005,565,0.0034861429879937587,580,0.6995531505846079,553,0.0027832909310744735,596,0.023718098664513576,187,0.015267632765082834,300,0.05474518898227432,207,0.03278974954854984,433,0.0956263115749525,259,0.023066000858161174,510,0.31414428551591933,477,0.014104399829750975,560,0.44179237667076166,520,0.009903137089259547,564,0.6354815057088639,570,0.00583820520875635,591
"(44, 40)",9.999999999998899e-05,23,0.30505424234118317,17,9.999999999998899e-05,10,0.14610209901798332,43,9.999999999998899e-05,10,0.08254590851841549,188,9.999999999998899e-05,8,0.04768911104278214,276,9.999999999998899e-05,9,0.017734167252077132,457,9.999999999998899e-05,9,0.008175277231349158,546,9.999999999998899e-05,16,0.06539021667845775,173,9.999999999998899e-05,15,0.10171157362894864,118,9.999999999998899e-05,12,0.09978842207196513,148,9.999999999998899e-05,10,0.06779368939457239,253,9.999999999998899e-05,9,0.02895800196462747,405,9.999999999998899e-05,11,0.016849618567281146,472,9.999999999998899e-05,27,0.36428488697435785,14,9.999999999998899e-05,12,0.15093864561189468,40,9.999999999998899e-05,10,0.08721800299626234,175,9.999999999998899e-05,9,0.03799867883737099,319,9.999999999998899e-05,9,0.011287265725097643,482,9.999999999998899e-05,11,0.007671188551409695,534,9.999999999998899e-05,57,0.010397566506653189,343,9.999999999998899e-05,11,0.09928157643403773,172,9.999999999998899e-05,11,0.08062418199963531,217,9.999999999998899e-05,8,0.060851225644100226,310,9.999999999998899e-05,9,0.03504860854942262,378,9.999999999998899e-05,9,0.013129161526614615,547
"(47, 188)",0.0001290929342678826,42,0.1982149672439238,35,0.0076991856366595,114,0.18876453392731116,26,0.02253658999636987,98,0.147048277108514,64,0.17090252198827605,340,0.0738479754998251,153,0.5286209123144323,528,0.027811625332396676,360,0.49550001971903346,490,0.024046152715759522,367,0.002273573812601959,70,0.08536130365927339,122,0.008752749022549522,109,0.14793471583499487,57,0.014655640263676384,104,0.15914475949576032,55,0.07019065182517048,217,0.10928538338873942,119,0.38371426495420635,486,0.04120848998785467,325,0.4888148270701922,496,0.03037752343509639,350,2.090742858329442e-05,5,0.2559892412006058,22,0.004094894877991639,87,0.20427275790557328,22,0.021731286045038267,96,0.1399556943122991,69,0.18555019243381998,356,0.07202109733722407,148,0.6910344227805821,556,0.016189181370158214,411,0.6042291764430754,514,0.020198152294393444,372,1.000088900582341e-12,6,0.019237510373620238,261,0.0058143838144477655,79,0.1643685844488964,85,0.03013772538243975,131,0.16137517183434796,71,0.07496575592050225,228,0.0974628359430253,182,0.2588964054892593,401,0.0480661517876891,308,0.43970449806041256,482,0.03315927393093302,396
"(47, 40)",0.8559141208398097,590,0.010551006049015984,496,0.5168901352438141,503,0.046444673678969366,258,0.36942945826770535,514,0.057886705592879006,296,0.08815414656906595,251,0.0920818075782487,104,0.00701561962123276,89,0.11746788211365668,70,0.009088471185039637,123,0.0911793618084802,117,0.6551183952144435,554,0.012923816821286462,485,0.5004038464862337,504,0.03840119275499784,321,0.4308490293822519,514,0.05156466904700689,306,0.20277686537544182,391,0.07673303397476681,226,0.020420758500445668,122,0.10955496371904376,91,0.009563580810036942,116,0.11273540019610341,109,0.9196099474430872,607,0.007251937183210697,543,0.592734463187073,531,0.03890493061686633,280,0.374714249204013,514,0.05417334425266199,309,0.07930402595582109,241,0.09561259939361318,94,0.0015569854656927173,70,0.12348947082644339,51,0.0036944232628167706,104,0.11045786800698154,85,0.9997000299990002,596,0.0,592,0.5517340399135192,538,0.0360365705424969,408,0.3268008386935558,479,0.07290866631992883,241,0.19344940587097592,379,0.07105656661591384,265,0.04769545725336377,201,0.08447386299024438,169,0.013751519189713068,126,0.10524668418753975,155
"(42, 110)",0.20637395911195178,339,0.09883431541599642,108,0.30890016265947706,408,0.06684275677771252,172,0.33482199304795623,493,0.12029743021391151,101,0.4095057731813895,512,0.07686486235804443,137,0.5156839582253736,523,0.06167121509145276,182,0.5997355220027147,538,0.06067431147210654,188,0.16567259925518885,325,0.12611423536551106,80,0.1950363449154503,359,0.10022807812363886,123,0.3007792735212096,454,0.10444640202892931,136,0.46092994752493843,541,0.09112097985322483,170,0.551278602444971,563,0.07211343909423945,184,0.6158675157139664,551,0.07024094745966367,192,0.20675830369013026,342,0.09721504871661402,110,0.320770654156438,413,0.062211420938203844,176,0.3422490072925515,499,0.12277323658542431,96,0.42911694757738794,508,0.07204487374506376,147,0.5444786472415026,503,0.04896142373833005,191,0.657178608107425,539,0.044725193601290535,225,0.268859381609616,373,0.04877605882605928,109,0.25529196326349946,402,0.15153063161289948,98,0.29948922815435675,465,0.13411867356908513,108,0.4998333736077827,560,0.10120494735094827,166,0.5713773380474352,564,0.07133725226143453,207,0.6626814148542829,578,0.07415198718881934,239
"(42, 212)",0.06844241293535691,254,0.142785559063862,65,0.03401581086509742,199,0.13945479642951367,54,0.028542663318454453,114,0.2733355864401846,21,0.017054519682109248,101,0.22175224871523166,17,0.007772493998230212,94,0.2496645689969068,13,0.003847108968321078,81,0.3265476918075785,9,0.09159667689813211,266,0.15365773734921842,58,0.07412768390309843,238,0.1383676108986563,66,0.0359330523733421,155,0.21206943656794408,32,0.011780120856289322,74,0.30934761675719513,20,0.005836308968792059,54,0.32841815822442016,15,0.003321075816517194,66,0.40055288441724846,10,0.06825854373900064,250,0.14065941669354626,67,0.03139329758579623,193,0.1349965548329212,52,0.02713827360427956,109,0.2857746480011138,19,0.014838479084159806,102,0.22113891646291742,14,0.00617175196077846,110,0.21796068682549916,14,0.002226723806876274,83,0.29777706916918667,12,0.044580656502149596,215,0.0887836409269915,47,0.04887755207405431,199,0.2629115499591853,36,0.03624733443749517,143,0.2711383570794853,27,0.00879126005797426,50,0.3891584374768248,17,0.004930209864317137,54,0.34780480618186355,16,0.002105210177000494,53,0.5044203170613971,10
"(110, 54)",0.3223421266077985,397,0.03152552110590655,310,0.2481049525770349,372,0.03292674902318063,343,0.25876633386011694,448,0.061767344890372194,278,0.3550947202983852,484,0.03457449962433178,358,0.37039199365785835,457,0.03326118379191508,321,0.5407912759560751,514,0.024878876535334545,354,0.304135874405577,403,0.04122131015067806,277,0.16482862841308543,331,0.05657895120332826,240,0.17992372566000248,359,0.06367736283920379,237,0.3329153395058264,485,0.04860503268294978,352,0.3914994944190878,493,0.040242932981661934,332,0.5536294195367437,524,0.029081605962027808,357,0.3359318933654971,403,0.02966523278858087,318,0.2508150343949048,372,0.03077570302053424,354,0.2849966848083465,464,0.05827563297590575,286,0.4045488325023573,494,0.029057373994986223,381,0.441995029783944,454,0.02266229157870302,347,0.5944476486822452,510,0.017490270723520492,397,0.297181035487765,381,0.019370356427768545,260,0.22094094005521403,381,0.07638564339472417,230,0.21198379851750515,394,0.07510048061217495,232,0.3925373035270061,519,0.05121412348953732,349,0.41928483692217355,505,0.040040023255840246,350,0.536820587160468,523,0.03826497383362322,359
"(110, 194)",0.43681430162442125,438,0.023557466022733977,360,0.4502002342607243,479,0.019649645900348577,466,0.29311580878799803,470,0.056558218827284276,298,0.1971325019603103,371,0.05206371875113823,248,0.15891153171644523,325,0.058105329748537084,195,0.11192209725286129,291,0.07949715393256052,135,0.4178893258770644,456,0.03089383258676243,333,0.36222487621975086,446,0.03364937627449945,354,0.346912551218411,480,0.04112679477500148,369,0.17024557526695783,348,0.07470445148003489,229,0.12215820329313509,296,0.0832709134198306,149,0.10674338798025729,282,0.09822563262186276,126,0.4479815336339432,444,0.022280721365479317,363,0.4645184068716943,483,0.017809766911516235,471,0.3090579175123441,477,0.05482020944751734,303,0.19024170300543852,359,0.050569914109691666,242,0.16037295465809875,317,0.047361242709043065,196,0.12201749066932277,293,0.06339635531872011,168,0.28309744345678844,379,0.020077700605771638,255,0.3465228532876029,461,0.055314114532961825,316,0.29178096375826823,461,0.06096327842718761,294,0.1425211071907393,313,0.09949883952109323,174,0.09700726523549696,268,0.0971858247891733,140,0.07966306779416266,257,0.13648772900368553,117
"(110, 42)",0.11843938828921541,296,0.0554589874936066,204,0.057147726628182904,236,0.06120142962611966,194,0.09091640204431461,251,0.10201207301624687,141,0.08570535381814304,248,0.07443418945028771,147,0.05793688649279605,221,0.08405865996785453,126,0.03416585696084784,190,0.11324292490901824,83,0.19069965212707063,341,0.05556740353162689,208,0.196659521027729,360,0.05165890160451324,261,0.12142801701748462,294,0.07620462366941817,196,0.06396592464643436,205,0.10858022487254732,122,0.04458235948324729,179,0.1151478847269016,82,0.02962704555341622,181,0.1418661245254905,67,0.11371257573051707,291,0.05488598783717627,203,0.0522146046896077,232,0.059070779872447486,189,0.07983090663168113,232,0.10759614175342479,123,0.07597151984193884,236,0.07380152781105301,137,0.0512845929346426,231,0.07118219218875604,133,0.023519361748000955,184,0.10129847083528305,97,0.1264665644346984,291,0.03112887819418568,182,0.1358686704508616,303,0.09767790077624537,177,0.12127391998550052,293,0.09831365042178952,172,0.05208550060163275,187,0.1410266060712227,91,0.04569962866259969,194,0.12223502490809009,100,0.026491002647225592,167,0.1821145344070615,73
"(110, 226)",0.010793078080509555,153,0.10056688429870693,102,0.03679956803481277,205,0.06858538918425787,168,0.03786628065104236,139,0.13138105688474755,85,0.04423686720340514,175,0.09039431821935806,107,0.08044709024992658,251,0.07602247608399015,142,0.11631019407675658,292,0.07830484482725991,138,0.006253499749308777,108,0.13593304147241797,72,0.019407157303388822,153,0.10729678362241687,106,0.03433241009496757,151,0.11200277257782748,109,0.07730190412496396,234,0.10239110281889206,141,0.1256846496241254,300,0.0823025856159978,155,0.13309782281786753,305,0.08987298696697951,139,0.010233750101251937,156,0.09874853284507853,108,0.0381587940570034,208,0.06400354305044016,171,0.03589893795976473,136,0.1342876794263205,73,0.04415220808761999,182,0.0861702706182598,115,0.07146883941884796,254,0.06464382239560008,145,0.12847666985433603,296,0.0620587695503663,171,0.02204795240282431,184,0.051132563052761974,102,0.022786350812565304,144,0.16432559518138073,86,0.035347443053631133,141,0.14344975400477708,90,0.09307585012394304,256,0.11780798397800286,130,0.1420426518791713,312,0.08342919647906881,173,0.19730794133371043,357,0.09312012014312969,186
"(43, 73)",0.4254098305286713,435,0.004185797404512598,578,0.5388056298994193,508,0.00501304828620391,596,0.3813168989381016,520,0.010942859861236604,573,0.28236416779888385,438,0.010277988129392504,565,0.24083908351535643,381,0.009386551129321154,538,0.1553101706802107,315,0.013004908394813513,494,0.3547960596594826,427,0.005126562355997002,570,0.5087546137763788,509,0.003445783436858499,587,0.47584984661315366,531,0.007867827036861126,573,0.3854762740165931,517,0.01149961242359957,561,0.3041278656685933,450,0.011390881041081035,543,0.21510488377342663,360,0.013553641546602819,508,0.39944396730488474,425,0.004443299302297549,574,0.5320596947771343,504,0.004971983895540264,592,0.3774337008933881,518,0.010494189389310243,573,0.27710352756264167,431,0.009378024399605174,566,0.21578551013345726,349,0.007146925428793506,536,0.14910956669097264,311,0.01111240166668397,486,0.9995000999900006,590,0.0,593,0.3317598403680778,453,0.00955317055903897,577,0.39473427194857,519,0.011744321868527674,569,0.2545864612464388,421,0.01630876015827761,547,0.20438405778501134,369,0.013917331742752427,539,0.14628116816514447,312,0.021496655454329522,484
"(43, 134)",0.04613926651112121,228,0.012240179575178005,470,0.02562569815657978,177,0.022383556506026792,440,0.040441210092957425,145,0.029547707442831393,463,0.05151915902190307,190,0.020578740821116707,472,0.049675752529360295,207,0.017101556149752287,468,0.11657789364619187,293,0.0146116311924093,469,0.054943487432720595,232,0.012058296197719814,497,0.037816348680313694,185,0.013098219319638713,527,0.025616409902167403,131,0.029612075072979794,442,0.03561188356824374,149,0.03224733706170252,438,0.037458628547583306,155,0.025892576175494408,434,0.08236592085622751,260,0.020134325277640735,440,0.04283454903891526,227,0.012386979408316536,468,0.02550886980454381,184,0.021802195339962773,432,0.03790108691473515,142,0.028468531839528955,462,0.05368035807508886,204,0.018346102263214363,481,0.06282483424446061,243,0.011501541367330026,475,0.15243171599726968,314,0.01100643682546572,488,1.8577414297671346e-05,40,0.00617930606785768,409,0.04241071717392875,186,0.022602801542686204,497,0.030999397690095853,133,0.03466899262478445,442,0.04871479849509275,180,0.03090139456435882,459,0.07464233309746104,237,0.020711526222919212,492,0.16540070835582366,329,0.020356138563033,495
"(43, 174)",0.08913252903772251,271,0.01021339388407357,501,0.10388980445732732,279,0.015693957286797913,498,0.1150632848720774,294,0.021906834743913122,517,0.13590677567167275,307,0.015137322192885938,522,0.16712744705128957,333,0.011394631632761899,520,0.1255688174151045,298,0.014204314578121853,478,0.09724469488601506,270,0.010203927166261435,513,0.08239045758461949,248,0.010712191185361805,541,0.1228933369323123,297,0.019522450532937274,503,0.12556018501179533,299,0.022501754290435813,500,0.16028492878330058,331,0.0164862459584288,505,0.1230138148944977,298,0.01753727571031131,469,0.1033508629289468,280,0.009668660358770304,500,0.10608368598939344,283,0.01516176693230562,494,0.12277362535588066,301,0.02030636957546846,521,0.13424883322795644,305,0.013702137513802228,527,0.15547525807243867,312,0.00841047910384097,522,0.09932177523542451,277,0.012984904221298464,455,0.5484789100403467,464,0.000788687165595102,544,0.13155005573773448,300,0.016088042019872104,540,0.13547150981563827,315,0.02281328347255247,514,0.1597800317339767,333,0.020918674089019536,524,0.1421729922971653,313,0.016524570669381608,516,0.09265925148909115,271,0.025498616974814387,458
"(73, 244)",0.5440010605197398,486,0.008151372647053696,532,0.6679555255415173,566,0.008030806307852493,566,0.5218108695390147,561,0.018629230403971835,536,0.37462428313628215,497,0.020022967855167408,482,0.3287058483388261,433,0.019173817256306798,439,0.3027768016172131,400,0.02551483038818512,352,0.358012717978588,428,0.011096161389320881,505,0.5364687270273851,526,0.008202943221403526,555,0.5077993383808689,541,0.015297378319206328,532,0.42498419396906695,528,0.022931003890159254,495,0.33919030465484046,465,0.022165985292342243,464,0.31362788688380383,408,0.026913501041158,377,0.5193421507129617,470,0.008870858044049326,517,0.6714554145385337,567,0.0077433727333914215,564,0.525948629408081,561,0.017939871698785956,539,0.38906641515121876,489,0.018686291569598088,477,0.34930686813645273,417,0.015230706244029049,423,0.30116793267111097,391,0.022990453174998485,341,0.9993002099650037,583,0.0,594,0.38474782561429144,475,0.017384256425198547,531,0.4406381355856558,530,0.021561973099970988,524,0.33116759411523433,489,0.03160543188445885,455,0.2669114302066158,403,0.026595193516699783,439,0.1845101080715894,346,0.04188765697910521,339
"(73, 43)",0.6244868565958063,516,0.006365579544986705,557,0.5953980544328414,535,0.010235784643731385,552,0.6216445591226978,582,0.013784338460722478,561,0.6380299528555369,595,0.009513310598417875,571,0.7241853693194296,593,0.005878501888638377,572,0.7303875383909455,587,0.007137016466334246,555,0.56774110394343,520,0.006315985373413825,557,0.6290136593226852,554,0.006175564131468594,569,0.5933886588613382,563,0.011911169701960184,551,0.6378408145568888,588,0.012399106785304372,555,0.6571315445469347,589,0.009016703291773568,562,0.7065764823081712,584,0.008534148115091065,550,0.6465903378781497,524,0.005995638433768771,556,0.6015101045596571,533,0.009805420004798884,552,0.6384087184560612,584,0.012702067948852945,563,0.661765725417065,591,0.008482921244136892,575,0.758403861280898,584,0.004228741009691489,573,0.7423499928897244,574,0.006080540722327654,557,0.9498155573096113,557,0.0005302161058053514,554,0.5605649434383733,543,0.010816200266634017,568,0.5806957515272464,568,0.014580355894348564,555,0.6642786936009686,596,0.012283781582021949,569,0.6365297187913206,581,0.009665378904028965,566,0.5984264722344308,555,0.013811096382680388,540
"(73, 222)",0.051710510155791756,235,0.0337636273473828,300,0.006274291971797075,107,0.07389170906941299,154,0.008495396496306484,59,0.10370705622540588,133,0.01258714215585266,76,0.07110585161486513,166,0.01481352969220584,129,0.058993651821147595,190,0.013694406268734749,144,0.07451723170540281,149,0.13992412365344653,308,0.019913430128577006,408,0.0409815261278722,194,0.035311467669610234,338,0.01295362892089269,95,0.0766839423435328,193,0.00611886242641746,45,0.10306016890215479,137,0.007021999676733559,65,0.07861016790373987,165,0.0069185682009964555,97,0.08966726175026575,140,0.04309016307999536,228,0.03592610387625192,287,0.006200695801126921,110,0.07226939348986137,149,0.008119335348580115,58,0.1017082411756896,137,0.011152465152994617,84,0.07019488254086091,151,0.023714054969765086,172,0.04520215137228895,206,0.01879388464167353,176,0.06321439351189617,169,0.0006039807145181708,87,0.04725592192347494,115,0.03993101028127122,179,0.05026023590800497,336,0.016709560839431536,90,0.08638607850587733,202,0.009572678706322724,55,0.10501815817993274,156,0.013024000298967553,94,0.07147346396343272,205,0.015152405538115032,134,0.08794852541165113,199
"(73, 257)",0.007115520201051551,133,0.04957826760544052,229,0.04536220146506431,224,0.051204110469599745,236,0.04816869038614158,163,0.0738218854934901,217,0.05328710363742295,194,0.05235769925027297,246,0.046017867721518835,198,0.046429057446237244,243,0.05400885941791023,227,0.05544042517898553,205,0.00429904783479329,94,0.04397548225838551,263,0.009690885352799938,113,0.04667764688661864,276,0.037952452320232144,160,0.061894288424811886,247,0.07788123502175592,236,0.06089367158827672,279,0.08996867533431363,256,0.045085099771805026,307,0.09065452034674681,271,0.051185544128058987,249,0.009174357396704469,152,0.04848723954001873,227,0.04475090854929509,224,0.05017499177327404,227,0.0474838322699187,161,0.07219508398610075,217,0.05303708857874612,203,0.05075182327958899,239,0.02557445838700345,179,0.04450823780144223,209,0.04046018408660179,215,0.05363936345098304,194,0.05482691513769744,230,0.024565051293337577,221,0.020955002924580524,137,0.05783062077759288,306,0.038449226452515806,152,0.07263379124885208,243,0.07302490195388645,225,0.06750270866532194,285,0.07957967909444075,244,0.04692709791454798,313,0.11654187470700128,293,0.051632429450391155,301
"(134, 174)",0.08866032240775268,268,0.015021376849356172,440,0.15639071807908922,332,0.015833749334346957,496,0.14139642498646343,325,0.02926403718455823,466,0.20458987229303172,376,0.017764987976075824,502,0.18375897613370973,345,0.020283461265442882,426,0.19899219089273545,346,0.023906855165058555,368,0.057383882697386035,235,0.018871154521699678,420,0.03773213782433871,184,0.02395921342678394,438,0.14309105154935275,315,0.025716911885995966,474,0.23149837258273187,419,0.02583143769825412,474,0.2173469819675532,387,0.025946936586337725,432,0.20638766115048224,356,0.0292042336668392,356,0.10918439214506725,285,0.013807080996379166,447,0.17007123405752667,340,0.014781686898942504,501,0.14687860171424427,334,0.02770250017975958,472,0.22557337493375584,383,0.015788517301733373,507,0.18633834635745727,331,0.015719952945837667,415,0.18295377850198324,333,0.019567259958785357,379,0.07526516432454677,252,0.00961142794641345,354,0.05329272322030876,205,0.034475381353769735,420,0.1164904095511824,284,0.03556757659896895,439,0.17392378344912285,357,0.034850960447433806,439,0.15998518732327816,332,0.03178084648696268,399,0.1720591964604199,334,0.03736696523664672,363
"(134, 54)",0.3289267390585999,400,0.007540499551024965,543,0.42794975407962665,471,0.007765134101916593,569,0.3151495887982442,482,0.01825318192689904,539,0.32076479099357436,460,0.013132081896518866,546,0.3339232119253577,437,0.013685272298621862,498,0.3161838783930049,408,0.017604232419007035,442,0.3093529230354549,405,0.008687485168386948,528,0.29636138737258055,420,0.010220769131376302,544,0.3259973307850892,470,0.015690137811387988,530,0.30227679368802696,462,0.02151515824810669,504,0.27033525152776483,421,0.02257540362934908,462,0.30819049658655207,406,0.022395452312036882,415,0.32844056678257205,400,0.0074859412383831295,541,0.4482639635818717,474,0.007159681833839481,570,0.31649001370172547,484,0.017516797085497967,541,0.3333286361876171,462,0.011967540487317128,547,0.37023657367135554,422,0.009748340624924181,499,0.32544152103232893,401,0.013456751360845148,447,0.2567290980581818,367,0.0054924569245873,426,0.22400856570427652,387,0.01938665125421816,518,0.2775287843582953,452,0.022505471301455613,516,0.27267706994870833,441,0.026705415619248822,483,0.23760889759955095,389,0.025607611577730914,451,0.18842513669156102,351,0.035659063220724686,375
"(134, 43)",0.1536232056506337,313,0.012054358433034474,474,0.23421856393477603,366,0.01273504431245228,530,0.19656556465632657,386,0.02489033699951272,497,0.11850540106339025,283,0.023004701993879193,453,0.11592971671919383,291,0.025001195340745668,377,0.09893977984648405,283,0.03266214457555021,310,0.16679950785176145,327,0.012708549732040334,491,0.3088601803661375,429,0.009901951989927384,546,0.1856476163545332,366,0.022672913988019714,490,0.13585377777816954,307,0.03397779188790233,423,0.1432018680841577,316,0.03210945442334753,378,0.09863442934084066,277,0.040765889918000925,287,0.14683314490750587,310,0.012203227303121782,469,0.2145136909071893,359,0.013050826103808144,513,0.19229375500906798,375,0.024254347825501513,500,0.10712972273095733,271,0.022509528125255293,445,0.09909470825737798,282,0.020718596907720627,372,0.11351897767642938,283,0.024263402348893844,334,0.1894110796135282,330,0.006581560946445838,402,0.2529624715108043,400,0.017961469046344693,528,0.22707703804363966,409,0.025669828328840415,493,0.16344160053200474,341,0.035936374505556395,433,0.18215208048971188,354,0.029794001937484296,411,0.14638801058368056,313,0.04034985556772992,346
"(134, 226)",0.0633478888538539,250,0.01672436641852188,420,0.012430039421255867,134,0.031669462040148255,357,0.029069673967588416,117,0.047623171272611134,367,0.03342597572954631,159,0.0336869463976086,366,0.037230699587429195,184,0.03538999371066869,308,0.04352985284148225,208,0.04189307737095286,260,0.09578367572047364,269,0.016029272762324204,450,0.07285523463524612,237,0.020004520759060056,465,0.029424723477067483,136,0.04196196786372946,365,0.026044439807368147,115,0.055620942665501286,316,0.030992152753436586,143,0.05181510335405054,269,0.04318046843573797,202,0.05233461113981022,246,0.05340123218062587,236,0.01741040674955236,413,0.011639147243189818,134,0.031117957920164332,346,0.028351911586816936,112,0.046105572600923225,373,0.03145434223331178,152,0.03212693772197352,356,0.03808399062643064,202,0.027479569946543995,303,0.039732037264526454,212,0.0335326817311717,276,0.07995000346190051,255,0.009425167371692323,357,0.09359263858585742,256,0.028923480863616673,445,0.0362782981423887,144,0.050754124847778206,355,0.03463138278695488,135,0.06013021351114403,315,0.04022290064867429,179,0.05078925544008438,294,0.06350823528419758,232,0.05471531135306603,290
"(174, 134)",0.39339287207246154,424,0.01117550973780674,488,0.42157294305206616,465,0.012472289115534257,533,0.3519366881258277,505,0.029723540270179264,462,0.37471404772391703,498,0.020179408045144565,479,0.42470448789704984,479,0.019781142304396277,430,0.5330230086760128,508,0.019494281703343254,422,0.4365538115537886,469,0.012044939397973417,498,0.37672013588231235,450,0.018429055656826458,477,0.342832013806065,476,0.027682386850430094,456,0.36311914733729767,504,0.031764261752754944,440,0.3718651278432794,477,0.03024721452372957,391,0.5381178373976434,520,0.023875227235529137,403,0.37205799436229436,418,0.01120323875080218,478,0.4331147426541021,465,0.011467271586481394,536,0.352088425764409,503,0.028246491725807794,466,0.3847097270483273,484,0.017957967142674607,485,0.4730261574481558,470,0.013407041164865168,450,0.5752932269008793,502,0.01476534859592668,432,0.2668923799637857,372,0.00693985238265398,391,0.3201666758346322,441,0.03176856589563362,439,0.3144343024021643,474,0.037574194560647534,427,0.35076113009271226,497,0.039377252554187565,412,0.4060882569157145,495,0.032349054638036716,395,0.4241233268624973,475,0.0440024212518485,327
"(174, 90)",0.007159407988040267,134,0.04533646422794654,242,0.014079031606892167,140,0.04900491005542935,247,0.01654199479896501,82,0.09510394183515426,162,0.03260450872542242,154,0.05965432382685212,211,0.01439268731759935,127,0.07805869306959824,139,0.01862232822012011,163,0.09840683122981508,106,0.0037276349857630064,87,0.05934359343326297,193,0.002929796904589721,69,0.08003945625242674,161,0.015841243109454894,109,0.08723197268040124,168,0.02897913997974555,126,0.09360155226669348,160,0.019549983825790318,118,0.09869119394330025,118,0.01583707938748391,144,0.1259396621228252,85,0.009881413406950479,155,0.041074529786527696,259,0.01613891049222027,150,0.04533221968953168,251,0.017207727637419956,85,0.08977112767562377,171,0.03607353005053748,164,0.053194259687400165,222,0.01232577790525946,148,0.06164572501276566,150,0.023314643787947453,183,0.08077850664787374,131,1.821107510013853e-05,39,0.031867761363461394,177,0.00673056253891835,82,0.10801443132112554,154,0.012875239853979425,77,0.1141957703373867,142,0.018844196578184924,94,0.1226566583912135,122,0.013615647479588988,99,0.12283865186964221,96,0.02803172662531228,169,0.15257832673108015,98
"(174, 169)",0.1837788369433937,329,0.019251218686263068,397,0.11145087816764565,294,0.028910308087199944,381,0.14366957254894364,329,0.051918569919816956,327,0.11452313449721174,277,0.04106171165791237,318,0.13753879907289746,306,0.04239441463244191,271,0.07285216891836788,251,0.07078848258349225,161,0.23976397197067612,357,0.019906751728703806,409,0.25915139080752103,399,0.024837134473475676,430,0.1496413513056467,320,0.04639225467545395,337,0.09473788423398155,262,0.0673910397092911,256,0.11129236160027556,284,0.06179274565595006,224,0.06765360959969646,239,0.0900080624772176,137,0.18416839697022758,333,0.018261407108470813,404,0.10520809449204471,282,0.0279969993985515,375,0.14338725171425137,326,0.04940089564707121,346,0.10547322773753298,268,0.03868721216852973,315,0.13060777050544325,301,0.033355174608624666,270,0.05380328714856941,238,0.06635749481878936,158,0.7604487555965919,518,0.001548277753383141,513,0.2601733461708724,404,0.037020044311627434,401,0.17254957797316828,361,0.05474984422248832,337,0.13247445788865841,305,0.07105114024131226,266,0.11657897630393887,291,0.07079655020785944,210,0.0645013577802086,234,0.12362942587214872,131
"(174, 43)",0.3099633148166685,389,0.01379972338241954,451,0.2982459080451255,401,0.01705328348912873,484,0.25816510021070704,445,0.0377228655949704,421,0.1818368893839446,352,0.033334836853264084,368,0.24158633017395093,383,0.031551294829875426,334,0.2761029391635682,391,0.038085286282210994,277,0.3111162088817797,406,0.016571558832028002,443,0.3802607113826968,453,0.01826438474120759,479,0.2630905831848266,431,0.033899885918576886,409,0.24424578787270046,426,0.04299933541939251,377,0.27368570549538096,423,0.03878549342298403,342,0.3232278548560795,413,0.04198998018948588,282,0.2699118366267266,369,0.01451279682320135,440,0.27863064337647836,385,0.016982811316009552,475,0.25168781609793667,445,0.0364708629240946,427,0.17604256242543892,350,0.030936103212796932,369,0.24949930139345455,366,0.023780672705406947,337,0.27764302443662825,377,0.03252376325221571,285,0.9993002099650037,584,0.0,595,0.284599682038596,428,0.034768010051946616,416,0.2886182695846047,458,0.040117238110380614,415,0.25530088914813853,422,0.05019841747437325,354,0.3047446554904112,432,0.04181021018803244,340,0.293176414337353,405,0.06134693627357081,274
"(45, 88)",0.8713332655631438,595,0.0013730735892521942,612,0.779500369891355,587,0.0048457129419668355,598,0.41291560349624523,530,0.009409255744511257,586,0.1302201876443787,300,0.01277864883110855,549,0.07483628476932314,244,0.006493182879778144,564,0.03604850220919886,195,0.008013853496271112,548,0.8871438797457114,607,0.0016482290887056238,608,0.770934933616308,585,0.001778024901092203,601,0.7664626040433464,594,0.0019095581802397016,607,0.3306270958634814,482,0.0030349980811551916,600,0.17429784866951425,349,0.004317166608721812,589,0.05770415508171123,223,0.004129475343504761,584,0.8848511969170365,596,0.0012464503773357478,610,0.8137115317509543,592,0.0038957000330224006,600,0.42911266172691653,537,0.009046687131879979,584,0.08330132195153772,244,0.012778984092060285,537,0.022308498632260143,171,0.0065118655937617285,546,0.008487593304339569,137,0.012407679845937698,469,0.9997000299990002,597,0.0,596,0.6074398864781041,560,0.006701046348715362,592,0.48935851051412316,546,0.00691185043921623,598,0.22256012524843416,403,0.009529409489393455,583,0.09703007474531766,269,0.009092837600609204,572,0.05503739084871939,216,0.007879412463317269,574
"(45, 189)",9.035153874192847e-05,15,0.029226494460044928,325,0.0005058839670857296,42,0.05596882031499322,217,0.016649218095563967,83,0.027439598784428323,476,0.11992121957198165,286,0.013134464234437298,545,0.1936932291789467,355,0.004729227736318864,580,0.30030408151118504,399,0.003953211608704413,590,5.991363347712664e-05,7,0.04047377459153793,282,0.0005731011886109805,44,0.019627574946315986,467,0.0006106653221016334,36,0.020598177627269672,497,0.029366414629054316,127,0.006802276159894485,581,0.0860024082676234,248,0.00546335323249829,581,0.23099137473490994,373,0.002600750266240055,602,6.380022226371018e-05,16,0.029947300266596276,316,0.00029286924624782884,38,0.054766847511871365,206,0.014838933987068037,76,0.02776807539830549,471,0.17870632589193514,352,0.009908326719087096,558,0.3709082962941024,423,0.0025513695024104812,592,0.5043898661790085,471,0.003179532841951579,590,0.9997000299990002,598,0.0,597,0.0035882885850408996,64,0.03706931855977406,399,0.009524173952179193,69,0.025695728866583487,492,0.061156597467706963,202,0.01465775090129995,555,0.15788640657793485,327,0.007730720580627343,578,0.23788843344523336,384,0.004837140164430585,599
"(88, 45)",0.002889535983012559,96,0.009873278140868745,506,0.017159553692033924,156,0.0194079829224829,467,0.14504533335127046,332,0.008030620802996725,592,0.21676728722371685,387,0.003789187870532958,604,0.15847518285494822,323,0.0017023491204131095,607,0.1917859293259382,343,0.002649436631164578,606,0.00235839260375581,71,0.015383916721244032,460,0.0704850300123383,234,0.006541337581206077,566,0.11449951733602115,289,0.004748117813085623,589,0.19764113168382424,383,0.00246857637362219,604,0.1711150286099703,344,0.0029423232082670045,601,0.17088040723810427,331,0.0025280819967221906,604,0.0023335751065081123,95,0.009734400346932055,499,0.012465977462090772,137,0.018269250851570808,467,0.13625800669970511,317,0.008086622843928555,591,0.27323757746711375,427,0.002715815973157811,607,0.18613179881203923,329,0.001197973797996523,609,0.11836416497205648,287,0.0035910524933370444,584,0.9997000299990002,599,0.0,598,0.15059854636579795,319,0.015954800430496033,541,0.09102197525077693,253,0.010438515566822041,575,0.12526727125223946,298,0.0071255255409017155,593,0.32601699880412216,446,0.003823159154424884,602,0.1700142257253212,333,0.004727570856096422,600
"(88, 93)",0.6306738239094385,522,0.001639843761880406,609,0.40863398209939494,454,0.0067458638354775495,577,0.10689220941399236,275,0.008890680872719027,587,0.06365999035472947,215,0.005700616993756369,591,0.09660563309518233,269,0.0020077127062882276,600,0.0758559963025105,255,0.0036093512213097147,594,0.6514700099910187,552,0.0023621500351506445,603,0.20218115779856782,363,0.004603823150237194,583,0.13612360574216398,309,0.004482065753888537,592,0.07277530415500988,223,0.003444115196614572,597,0.08801759468828374,254,0.0036722304723088473,596,0.08816837161395197,267,0.0031519861903373746,595,0.6525269278042929,529,0.0014886193222030453,608,0.453217217233589,477,0.0055147697522511495,589,0.11437983733533807,290,0.008572444996933987,589,0.04327921343655827,179,0.005019425669078678,594,0.07897482335849171,268,0.0015942556191505094,603,0.13187932851791628,302,0.0034639338575687593,587,0.9997000299990002,600,0.0,599,0.102480190638925,269,0.018139208298587863,526,0.16652900669947202,353,0.008534751185660746,588,0.12473310918644875,295,0.007135682601053356,592,0.03029813437269735,157,0.008440415575685666,574,0.08872770918251205,266,0.005871918842089939,590
"(189, 266)",0.0001403617388671119,43,0.04805191939145616,235,0.0045536460625625885,92,0.08127791248064185,139,0.0673709960615898,206,0.03411684726084756,440,0.3778203635306123,499,0.014333362556678468,534,0.4766543276109385,497,0.005742968637936803,574,0.6956463574505085,573,0.0037844124788340085,591,0.0008278929292109272,53,0.05085378890112273,225,0.018694101093053583,148,0.029206499918878925,394,0.01361522279935734,98,0.029221999586439465,448,0.22721475216325193,415,0.008131020121322732,577,0.27890472480926487,430,0.007686060710815149,572,0.7265653654687619,589,0.0015278840093304713,607,0.0002442349164155644,51,0.047817381888557504,230,0.002945660281795881,78,0.07870221677420523,133,0.058917099590843014,186,0.035364163291181167,433,0.4692627368751576,535,0.0112220715018481,550,0.6272005215182882,534,0.003405749585601638,583,0.83902172441423,601,0.002663419428624257,600,0.9997000299990002,601,0.0,600,0.0036944778163137126,65,0.06292422048013732,288,0.05202150026236119,182,0.03064273157551025,471,0.16921950537904262,349,0.018761759753803994,537,0.33023942980145515,449,0.009298191342210896,570,0.5689483653002779,540,0.0033763437564649722,608
"(189, 45)",0.8520532900365815,589,0.0026341352325416215,594,0.5806158832379263,529,0.016148393633986836,494,0.2086301070730362,404,0.02340637832010146,504,0.021270482165142157,116,0.037398205347787455,339,0.010481871593160497,117,0.020498622599663834,424,0.001479229223633416,53,0.029429495122220036,322,0.743927706376724,572,0.005269925339941683,568,0.39641685380754565,461,0.01055189206396291,542,0.4410835640030135,519,0.00916666210012929,563,0.0592235352506687,191,0.012728945724387127,553,0.04165233361710252,170,0.014486917546999656,519,0.0010303935658891872,41,0.01359922742863833,507,0.8239533967192543,580,0.003188263164664108,590,0.6286544635713067,548,0.013169739469526081,511,0.2279678716297262,422,0.02252609745581617,508,0.011075958132679697,83,0.03912172110931876,310,0.0029865923295090413,86,0.020243683292593472,380,0.00018351800762994586,29,0.04420496695013404,228,0.9997000299990002,602,0.0,601,0.6042275449317475,559,0.011506291139911964,565,0.24613523057714093,427,0.018252842546588783,540,0.0892446606799776,251,0.023221822262856646,503,0.029443685614035875,155,0.02081344950200776,490,0.0050332489228510635,81,0.016325060722850948,527
"(188, 47)",0.573397153358175,496,0.036951795176884294,282,0.30476354323213883,406,0.09399214505567814,107,0.18651104115419437,372,0.11876558568230615,104,0.03340778143319034,158,0.16920544477507768,29,0.0016969011124481348,45,0.21160482770542388,20,0.005768321217159311,98,0.16580750275255302,40,0.33862048330450323,421,0.032259342747502605,326,0.2644270399613846,403,0.08200935434428429,154,0.2168511375755131,394,0.10634701352369791,124,0.0860253054369009,252,0.1457532402085976,65,0.007014605381018502,64,0.18613242169692884,39,0.006606524387006485,95,0.19035655056508832,41,0.6608040548051487,535,0.03354414461248592,300,0.3067146136685439,405,0.09988376230531967,92,0.19828430512733464,388,0.11165574599149594,114,0.02958219041913257,149,0.17417309313331938,27,0.0003286305504206499,35,0.22577726367282386,12,0.0018268668558336643,77,0.18410029875817432,34,0.9287026494722344,554,0.0012823732613069143,524,0.25935820396204856,403,0.08449930199005111,204,0.13048496768908047,310,0.1548811734231139,79,0.0686012057911296,212,0.1428198141703233,88,0.017248906009298848,117,0.14939823817793582,66,0.00429526289539417,71,0.17786086996498382,78
"(188, 148)",0.00484582437662473,118,0.18141150629733385,41,0.03497940144334899,201,0.19340830009111726,25,0.07876102296420306,232,0.15830270922064077,56,0.3115703135803152,452,0.08038558721559122,128,0.6831559486585633,583,0.028657466833891768,353,0.5526954344017222,518,0.03623475798129044,287,0.027815932947935496,178,0.07420993416433404,159,0.045939419098141254,201,0.14697275918829705,59,0.06362295528114692,209,0.16004468422058543,54,0.17426118518434974,352,0.11519317222964763,110,0.5286390070503102,555,0.04406597401123756,312,0.5361006563349859,517,0.04396867661156606,275,0.0021460804979882564,91,0.2265125584420919,28,0.03452160014377026,199,0.2068756660904991,21,0.07244574098530698,214,0.1561850896226072,55,0.32954700520160785,459,0.07798637209007347,127,0.806932365141992,592,0.016735440126252873,402,0.676266764854633,546,0.025639965942390774,327,1.4444939684610247e-05,36,0.051372981491284574,100,0.04754618646346276,198,0.14874688799184058,102,0.11967093510606308,289,0.15941256981542348,73,0.20604296815774048,391,0.09898736893044348,175,0.40789611591536534,498,0.05204944918097769,292,0.5873149622448692,550,0.03452390986200397,383
"(48, 50)",0.23940665175795794,356,0.03467520801026356,293,0.4165334994862222,461,0.02882891231633572,382,0.13736522925925676,318,0.06416452824705983,265,0.019488402844980213,110,0.07714206061006487,134,0.013345654457603384,122,0.09774218523000194,100,0.006650694235486698,103,0.09810527499368221,107,0.11215729120776885,284,0.04270346969587012,268,0.2316409537435301,385,0.04724419903386585,274,0.18520981995825792,365,0.06345201819890024,243,0.056174591499928095,188,0.10610924929095585,131,0.039315514965245324,165,0.10286652210139932,108,0.016087835710886234,147,0.10872283329545726,116,0.26099378898906966,365,0.034108195394396155,294,0.4306692152365392,463,0.026114549327006176,392,0.13419553086058988,312,0.0625971341340422,266,0.012378841409021901,91,0.07892799644021979,124,0.00403030277281502,94,0.0984408404249416,83,0.002454056974237284,85,0.09094016277061433,110,0.11912633850517829,284,0.018539511081920142,268,0.17532912537118073,339,0.06623565107497051,274,0.17063013803159843,359,0.07642904345571264,226,0.031043762963300248,126,0.12951406537167395,110,0.014134515670918502,103,0.12540726922101603,93,0.009728680797202016,109,0.1290427626790079,124
"(48, 49)",0.054468407395604546,239,0.056800163641293235,199,0.016228633298906336,149,0.08503889074224921,127,0.11340002480595346,290,0.06839896983832303,246,0.3904459677987342,504,0.02840292089452236,406,0.4438470649327444,488,0.030393745241624335,343,0.5352750246872631,510,0.022722478088119547,375,0.1387874704908183,305,0.03977610441811769,287,0.057447123238602904,221,0.07519647976652676,173,0.07949742846619912,240,0.08411673679936128,173,0.23490404769505246,421,0.06586222266590185,264,0.28745261611755435,435,0.05299968531655373,262,0.4177633746825613,462,0.03671497031955367,314,0.04702141740587784,231,0.06039072279980633,188,0.014674528462503611,146,0.08055189468789789,127,0.11623443920879784,295,0.06566826264450448,254,0.45417640885489874,523,0.02375287705587942,433,0.5945264129095897,521,0.01863077063882407,392,0.6474742677807059,535,0.014178918402567287,438,0.13106362792070503,296,0.01795864144467695,273,0.08536132059094548,246,0.08419561172596376,206,0.08832954662376702,247,0.09518642248897281,181,0.32242550752643706,484,0.05936064228239437,319,0.43589249335673785,516,0.03999047460075653,351,0.48655741592168344,503,0.035024633938901706,377
"(49, 216)",0.007200509172019975,135,0.10931206861955661,95,0.0014278210524536483,57,0.1648041657581399,35,0.018456293076395847,87,0.13473583160066566,76,0.13234483951988807,303,0.056567025647932395,233,0.16087463178581718,328,0.06229361982279533,178,0.2226742862998723,360,0.04733291808469069,237,0.022597188008659952,168,0.079415746865493,142,0.007153254827034106,94,0.14846645554678678,55,0.01044839015208876,84,0.16959336979033104,48,0.05327539906073775,186,0.13296911270091674,84,0.07719660500599224,234,0.10800344898334817,94,0.12136260188730108,297,0.08056623384750061,158,0.005982977882777574,127,0.11617375423985045,90,0.0013093089175417738,58,0.1552718371089971,38,0.018994758068848983,90,0.1292849769732687,85,0.17514712943198596,348,0.04709826381624216,259,0.2879379436715499,392,0.038020554286886096,239,0.350910293832712,408,0.028710791784571324,309,0.019903693870285677,178,0.035745676795426104,157,0.011105840679887846,100,0.16635413552982511,81,0.013448860205544477,81,0.1884491686226813,49,0.09535021578495961,260,0.11703855188706351,133,0.1593945095276157,330,0.07898112139721933,183,0.1576966978131864,322,0.08067442591045966,216
"(49, 48)",0.525357848697616,481,0.026159981989072528,347,0.6987966850812695,572,0.020912654708762173,450,0.3982493520679863,526,0.048396383248196645,357,0.11793206315051519,282,0.05878344696555797,217,0.09489934667142952,264,0.07427654300100407,145,0.06110836640622774,238,0.07283717243506035,155,0.3690389064717615,431,0.03130166020568581,331,0.5261851875183534,521,0.03543371598946494,337,0.47708147059912476,532,0.04744908189672863,329,0.2426459513691156,424,0.08021741413990952,211,0.1893230461009513,362,0.08008832247334592,162,0.1287093599821777,300,0.07900319319851913,159,0.5482672293392579,486,0.02576813935463365,344,0.7063977074911861,572,0.019073203375926873,460,0.3941301029547213,521,0.04704853616453105,366,0.08547404236142064,248,0.05982203162232767,196,0.039186893055307204,206,0.07391588816252793,126,0.025583631697116527,191,0.06872632807145752,153,0.38741192963010096,409,0.013288534514753505,322,0.4688999885999613,513,0.04777389757040246,342,0.44278332342043014,533,0.058797514386775586,311,0.16023547977208996,334,0.09844264440313287,179,0.09594746445510893,265,0.09354126687056348,149,0.09716732310413279,278,0.09480618491927884,181
"(51, 165)",9.999999999998899e-05,24,0.004129142355685404,580,9.999999999998899e-05,11,0.0032211633043182563,605,9.999999999998899e-05,11,0.0034706559645348075,609,9.999999999998899e-05,9,0.001752024246058872,612,0.9999,614,0.0,614,9.999999999998899e-05,10,0.0009288822686603055,612,9.999999999998899e-05,17,0.0028116063466169672,598,9.999999999998899e-05,16,0.0022309103986201968,597,9.999999999998899e-05,13,0.0021804190828775085,606,9.999999999998899e-05,11,0.00047796395283908186,613,0.9999,614,0.0,614,0.9999,614,0.0,614,9.999999999998899e-05,28,0.004260136415946754,579,9.999999999998899e-05,13,0.0031404485714370965,605,9.999999999998899e-05,11,0.003526384801845693,608,9.999999999998899e-05,10,0.0014110119057414768,612,0.9999,614,0.0,614,9.999999999998899e-05,12,0.0007711341587361155,612,9.999999999998899e-05,58,0.0013261243199073158,521,9.999999999998899e-05,12,0.004818820349359447,605,9.999999999998899e-05,12,0.004102914663866415,608,9.999999999998899e-05,9,0.0026227477240880525,611,9.999999999998899e-05,10,0.0020128434635527256,612,9.999999999998899e-05,10,0.0018722559784232747,612
"(165, 208)",0.0011696755686071425,75,0.019050190624303402,400,9.8039336411615e-05,4,0.024022803381419294,426,0.0009068224876782605,27,0.023272147112376282,508,0.009668731545125153,67,0.011100000592937437,561,0.008423185240802211,100,0.006833579144430262,561,0.060968954545537635,236,0.004792058397541016,582,0.00021808093976249943,36,0.02097974797499785,397,2.5252569146871906e-07,2,0.030189667863458825,387,1.000088900582341e-12,1,0.02726569497461322,460,0.0004397152613835331,28,0.01962030551931535,516,0.005502836565718261,51,0.010766527972851462,548,0.04996446398047438,212,0.005369209478566478,578,0.00010898324523234137,43,0.01964649226237814,388,6.832809328605194e-05,4,0.0232180391816412,422,0.0008726223207131678,27,0.023719647224175414,501,0.015597250362892723,104,0.00914517280216707,568,0.030666269419456604,189,0.004254284331766276,572,0.08670703773978006,268,0.003775952327181823,581,7.873881687348039e-05,50,0.011105229260325701,340,0.00044032246674674536,29,0.037067810164422635,400,0.0008216028312603152,29,0.03037639020762051,472,0.007667528231810605,48,0.01795239511130955,542,0.017001632487338103,116,0.012364932815414871,551,0.04421551335218288,204,0.009513757461056923,565
"(165, 51)",0.7160452114816276,551,0.0022435770236052194,602,0.8679489115911418,610,0.0011612500707514927,613,0.7368225521269606,603,0.0024939605382872524,611,0.4873733229316133,554,0.003004869286941909,608,0.5053738291737577,517,0.0017455652858335566,605,0.22300482677356748,362,0.003110190068098551,598,0.8300749803937776,594,0.0013436940544877289,610,0.981157357015209,612,0.0001920351090697888,613,0.9997000299990002,614,0.0,614,0.7887798168421526,602,0.0016147712767239173,610,0.5583612235461227,567,0.002308338319669563,606,0.2520576805473762,386,0.0031306230648078174,596,0.8634374793477474,589,0.0009855106035823158,612,0.8822994349998288,610,0.0009896614188544528,613,0.739842893250015,602,0.002506131350259729,611,0.4221249440725301,507,0.0030459838183859713,605,0.3242332010985214,405,0.001938329772615589,599,0.1731748883796751,328,0.0029983545089998626,593,0.8768492779054773,537,0.0004972966199652435,557,0.7886902166678273,602,0.0030522379936129508,611,0.7445150774115337,604,0.003139055346005733,611,0.5174139613325591,566,0.004409555483915043,606,0.4099465676312287,500,0.004280024130006628,598,0.27007433100088307,398,0.005204542145872761,595
"(53, 225)",0.007422413691733132,137,0.040390135382385416,269,0.0014868161447042505,59,0.048065801440654664,251,0.018163679829031665,85,0.03721736192692669,424,0.12368450163083156,291,0.014540520073896947,530,0.13277065286295475,301,0.014914174534460752,485,0.2700659266220258,386,0.009966941532323156,529,0.01429225029160408,140,0.03371100426660706,318,0.002899124729114466,68,0.04943819205907297,269,0.006507964544195222,67,0.043241008385392785,354,0.03278617073874113,141,0.034732707891109764,418,0.06072413067029114,210,0.025966727998052528,431,0.2112553861094315,359,0.013794355189380745,503,0.005550289977480194,124,0.04129944303667904,257,0.001184064112099481,57,0.04714258063851713,241,0.018646491291435807,88,0.037125133944453076,419,0.16536332305491064,337,0.012469596041287043,540,0.24458319752494684,364,0.0090802105954821,509,0.3151251089871845,396,0.006903775893566642,548,0.008717189891973454,141,0.016912757521969777,284,0.013008906126456221,108,0.057203631109849634,309,0.010692257881322664,72,0.052953574558665326,345,0.06137186465271682,203,0.033577710345411,444,0.133623186576465,307,0.021879970172840026,479,0.20820254552532946,362,0.017593153067557526,512
"(53, 205)",0.5215317040857006,479,0.009788063754825879,509,0.6951884286906681,571,0.006192810144953471,587,0.40053375317856876,528,0.013271922136850224,562,0.12632479314474598,294,0.014438503070145348,531,0.11753861539885024,294,0.015532441547837535,480,0.04421802859124946,210,0.018218755879442078,435,0.4343488838942686,467,0.010802534408229212,509,0.6303266715336443,555,0.008221725744718952,554,0.5379594125648137,550,0.009926459363763171,560,0.3143499700543666,469,0.016349246236659752,532,0.22358731086804884,393,0.016815970877597376,500,0.06614793954226383,236,0.02031414560198008,437,0.5573324761505871,488,0.008885420166907179,516,0.7150125635253541,574,0.005577426653167682,587,0.396782025477726,523,0.013397272986537825,560,0.09180530159995426,257,0.01517200094142785,511,0.05257530527805199,233,0.015158079933302303,424,0.03261486056404306,202,0.014704237633893237,433,0.5009324667792548,449,0.004382751676106241,447,0.4473686270886388,503,0.017590655189118835,530,0.47399665324664775,542,0.014962126826399627,552,0.22205180111945655,402,0.0218720463651708,514,0.11675602064113799,293,0.022886580302544465,469,0.06757258136676603,239,0.025600524093754552,455
"(225, 224)",0.00610947609593393,126,0.08700945165701646,128,0.0009447906503388115,53,0.1057454475446329,91,0.012524852039587087,73,0.09250666851339315,169,0.09025135675591844,256,0.039155364855581624,328,0.09706098580485967,270,0.04238843792871356,272,0.18722187806501323,342,0.02999948789711631,319,0.014775952690538219,141,0.07435485544158248,157,0.002892538838225933,67,0.11397008462174425,95,0.0066587992692555,68,0.10827770824836311,117,0.030583973720607505,134,0.08759028454293577,178,0.04884084039000469,185,0.06858806089685443,199,0.13547244744424325,309,0.04339523649400496,279,0.005101080786355072,122,0.08856952479331887,122,0.0007954811221172475,52,0.10250149255282791,87,0.013250288685258349,73,0.0899747205512735,169,0.12298018561300117,287,0.03382287352331436,346,0.1769517409569259,322,0.027362823352233525,304,0.2486233037677933,362,0.01975392260884264,377,0.01008833155703015,154,0.0353067857148546,159,0.008703735316870853,89,0.12907841820613075,124,0.009447357425426017,68,0.12382478181416949,125,0.05403439914642394,192,0.08019597282304633,225,0.11708779624392873,294,0.05330851253430256,280,0.18729300774302016,349,0.04214510654274352,336
"(225, 53)",0.54571791096953,489,0.019464579189293143,395,0.733566377735754,577,0.011505188433453403,541,0.4525724158036404,539,0.027981299632083317,473,0.1676877024352006,335,0.03184995209912559,378,0.15784365152092572,322,0.036045684084313814,302,0.07836210011720568,258,0.04010489202978658,269,0.4297071453657104,466,0.024178924127589495,376,0.6305650118995733,556,0.018936831459560738,470,0.5351240128547503,548,0.025091091237291932,477,0.32463015573049003,476,0.03985574709927933,393,0.2554025222929648,414,0.03951553262977064,340,0.11508165862817155,290,0.045820203561989986,270,0.567371090111185,493,0.018416876709155518,403,0.7469903167386629,577,0.01046731172154696,546,0.444836410329309,539,0.027890877450284693,470,0.1270418096770085,295,0.03345851481061428,349,0.08436411091540574,273,0.03502622034021943,258,0.05114659543088329,235,0.033462756688075745,277,0.4817502517565232,437,0.009731743357564554,353,0.5011329539582273,524,0.03342754938297831,430,0.49042381567754123,547,0.033193560257975346,452,0.24057621030288778,413,0.04874818407765337,361,0.1332608527048953,306,0.0510582876813754,293,0.07832231182376237,255,0.05635846786860878,283
"(205, 150)",0.19147385035921405,332,0.01420539578605125,448,0.4170449036144356,462,0.007300544319492369,574,0.09831891329053555,262,0.019776479902207284,530,0.013824918237601014,88,0.02210968410834492,460,0.008908498371179685,107,0.023853944072764987,390,0.0033114478301426997,76,0.027589264542330315,339,0.12191043015450731,291,0.015968054096819877,453,0.26783519220062413,406,0.01136407427905065,537,0.1640445675717792,342,0.014465783904666803,538,0.04384824038313373,166,0.02606781183992443,473,0.02553356808823959,137,0.026602955913310983,425,0.004431053159061449,78,0.030448677782332633,348,0.22039757701695606,347,0.013033352480139959,456,0.44476245634347933,472,0.0066479838096877965,574,0.10109469946695104,266,0.01967768231593898,522,0.008813260172873316,71,0.02369078329656259,436,0.0031550673046751854,88,0.022538978989376464,350,0.0023440423055289816,84,0.02193863950153825,360,0.19651026763754043,331,0.00582887283149524,417,0.13792951256156827,308,0.024673828360195757,480,0.14163120969077925,322,0.02159505991408208,523,0.03253326258193723,131,0.03310227644762804,447,0.011441283281240056,89,0.03549398125139179,374,0.005477900992292839,83,0.03919784539234241,355
"(205, 53)",0.07602436836981585,258,0.019327346010464586,396,0.016169954158428146,148,0.021569823182693564,446,0.15611786316882603,343,0.016951591676709916,547,0.43896679238563474,526,0.006982208912188507,586,0.4981095277906272,510,0.006238115554509376,568,0.6161809657266546,548,0.004832553489702835,581,0.12814133299740527,298,0.01570492514181582,457,0.04489088719102452,198,0.020611228645809214,459,0.09270138633744984,264,0.01749714460941511,518,0.27130685085205064,444,0.01419934726939361,544,0.3511974247851458,471,0.0111032458574926,544,0.5837554642843292,538,0.005984030138491929,571,0.062078200626622504,247,0.019882853192926413,385,0.013257396672470723,139,0.021441075997045984,434,0.15240469438922377,341,0.01716131746134765,544,0.4995084222885331,550,0.006167521593915362,588,0.6213748383196916,531,0.0038739370594927996,577,0.6520801061412698,537,0.003360711174903295,589,0.07335893160389584,251,0.008095220143751962,374,0.11290484703160741,280,0.026376555312731836,468,0.10972453701088491,278,0.023512897419797413,508,0.31549572466570786,478,0.015522770667912971,551,0.46488450180670504,527,0.010324394856435128,562,0.5589046862927863,534,0.008388564948548399,569
"(54, 134)",0.2801788744131486,377,0.010469871568289641,499,0.2828693034442288,390,0.010434365642256107,551,0.3370398351169799,498,0.020001832482217822,526,0.4187959980711353,513,0.011954042266274651,555,0.48125953114675535,499,0.01184867721754098,517,0.5744272139003672,525,0.011864505369844043,509,0.2802933737832347,386,0.01284300818282075,488,0.26570999662927985,404,0.015709475815396293,499,0.298059070269179,452,0.017512689475421162,517,0.503221078144074,559,0.0153020441147585,542,0.5576778227800921,566,0.0148727181326935,515,0.6136092411305138,548,0.013654401485124118,506,0.2955617219814398,382,0.009786335779321045,498,0.2803123717832099,387,0.009756478324129058,553,0.34759840946248555,501,0.018902763665565845,533,0.44767368149163056,518,0.010340428544206408,554,0.48886471412044386,478,0.008762320348971425,516,0.5649041040748138,497,0.009657882422900785,510,0.36966990517493103,403,0.006240154020716976,407,0.301009899263194,435,0.024356311138720332,483,0.3144517848631748,475,0.023781634213143162,506,0.497377223994658,557,0.02042668279181129,527,0.5470842570153582,560,0.017294553001423914,512,0.6473944168723745,574,0.01755139413536024,513
"(54, 110)",0.04129524938526519,218,0.019820736378401572,393,0.04055145341317967,214,0.019936971288609488,461,0.02811616367014902,109,0.04577673805848132,379,0.01597046219088294,99,0.03551483487115893,353,0.010125672201289238,115,0.04291953701694442,269,0.004803238292528711,91,0.05845431763960649,194,0.04126331378400361,206,0.02432295495152149,374,0.04554176387593012,200,0.028280974890680852,403,0.03659895331172702,159,0.035234172223024315,399,0.00856463510065808,56,0.05948846591200102,285,0.005534323240454109,52,0.06920911539646486,195,0.0033910917004171814,69,0.07723072663391325,166,0.037221136782337516,214,0.01952418726519629,390,0.04125801738937729,218,0.018478684670917008,463,0.026167839441324947,106,0.04476740725819374,382,0.01298008742072232,95,0.03365889490891597,348,0.009559959194618495,137,0.03252345521555001,278,0.0052086501358936665,114,0.046057295052538784,220,0.02249935738773079,185,0.015863900226348017,298,0.035877153599845,172,0.04949170847645282,338,0.032763618864176336,136,0.0505392851271926,357,0.008958698479281435,52,0.0779252437590083,231,0.006041409208972004,61,0.07766308949240701,189,0.002455998695891859,55,0.11253610806751922,142
"(55, 245)",0.7683778358220476,567,0.0035417287152266887,588,0.18624785543491018,346,0.02273197079468133,435,0.26578769038858263,453,0.022971635110811756,509,0.07939652141594067,239,0.01930794883458147,488,0.005149525324012472,75,0.024584848964099314,383,0.00358208602326493,79,0.027808160693431838,337,0.6479466712961304,547,0.005114986462883457,571,0.31787914509803683,433,0.015529746497464194,501,0.20121153237764378,378,0.020532643156193804,498,0.1679469811379808,344,0.021941382759521025,503,0.03216135562404909,145,0.026495026748092933,427,0.004669586655849933,82,0.02813018991482169,365,0.8129169456569265,575,0.003014106909213834,592,0.22485663227619712,361,0.019963585849627093,452,0.24884819593421836,442,0.023532347164632577,502,0.08387879423769662,245,0.01775203594088969,487,0.001903969001850081,74,0.024583245486458957,329,0.0012728134649585554,62,0.028639299793730918,310,0.9997000299990002,603,0.0,602,0.2663268958399807,412,0.016174020554903454,538,0.19039053582177434,380,0.019441123286859086,533,0.09477466339623009,259,0.021216289865243636,522,0.030326264579489504,158,0.025185977014699185,455,0.021450626161046316,152,0.0209518737884163,490
"(55, 148)",0.0005943662253177218,62,0.03858236642668168,275,0.07890932380939009,258,0.03026621241356748,373,0.04551779750654128,159,0.04136596090126452,397,0.18538728710519992,357,0.014553808225397546,529,0.5662549294622914,543,0.005131597821169669,578,0.6076298239804727,543,0.005023478803950317,579,0.0024425938015020243,76,0.032865518842660014,325,0.03201326108193259,171,0.033379134624383536,356,0.07096719020584263,228,0.02906095924795951,451,0.09007999926386456,256,0.0270050676487981,465,0.3171965222058435,457,0.012354722791591818,534,0.5777082095297192,534,0.005645416188169102,575,0.0002969094600695499,58,0.0421663523043844,250,0.060194352907484316,242,0.0309757527418169,349,0.05106828764977456,170,0.039895720590860995,401,0.17774969203807212,351,0.013820675679333483,526,0.6723539502897109,551,0.003477975530778622,582,0.7088420198706594,563,0.0034809744142896234,586,1.000088900582341e-12,7,0.004541083783808179,446,0.045351827426673874,192,0.029180410871809774,444,0.07661220094877841,225,0.026333211466063263,490,0.16105204023579478,336,0.017779168537490474,543,0.3258799546202551,445,0.011413334880708316,554,0.3765987482451063,448,0.008061389461424708,571
"(245, 55)",9.999999999998899e-05,25,0.05203696690937158,222,9.999999999998899e-05,12,0.03831625976167251,301,9.999999999998899e-05,12,0.06294224501192182,271,9.999999999998899e-05,10,0.02056862912017402,473,9.999999999998899e-05,10,0.008623188139277425,545,9.999999999998899e-05,11,0.008403218677950743,543,9.999999999998899e-05,18,0.05207994311784214,220,9.999999999998899e-05,17,0.045462126175162564,287,9.999999999998899e-05,14,0.03857833141855625,377,9.999999999998899e-05,12,0.041006949670979925,383,9.999999999998899e-05,10,0.019604844673702295,484,9.999999999998899e-05,12,0.009848400869125962,541,9.999999999998899e-05,29,0.05544338886356183,199,9.999999999998899e-05,14,0.03807937060517423,281,9.999999999998899e-05,12,0.0616668277994761,271,9.999999999998899e-05,11,0.020771001114003308,458,9.999999999998899e-05,10,0.006234732560216781,548,9.999999999998899e-05,13,0.006248595867919624,555,9.999999999998899e-05,59,0.006654514774743109,399,9.999999999998899e-05,13,0.04384829866831316,362,9.999999999998899e-05,13,0.037136131130380313,430,9.999999999998899e-05,10,0.02761022879960663,478,9.999999999998899e-05,11,0.018495966588757844,507,9.999999999998899e-05,11,0.01440453295124549,535
"(148, 188)",0.29598243226723997,383,0.040319571565433705,270,0.13585662221160488,316,0.07134639431600598,161,0.15915221254596923,346,0.06813528343962694,248,0.018015798491303192,105,0.10753052780749525,79,0.0020150901399996757,49,0.12644985637521194,61,0.007328968415256987,113,0.09686968762837363,109,0.1280752224430728,296,0.04244434778078998,269,0.17403874246307116,341,0.05381905370409171,255,0.1555714690375889,330,0.0636019870141097,241,0.06725054762444782,211,0.08864989995824336,174,0.008793999415098286,78,0.11227720642904218,89,0.005296739548162899,88,0.11696916796345326,102,0.3882754975412651,423,0.0362180197263735,285,0.14116152748027955,320,0.07179677181251785,151,0.15779166926803367,346,0.06660987969438448,245,0.015633410021844707,106,0.10827221019837924,74,0.0009027431023429511,52,0.1370188637033157,43,0.003772881364216607,105,0.11010608823835313,86,0.8265634344086086,530,0.0018131203265612998,505,0.11854904256478616,287,0.06696294903358366,271,0.07563434083568266,224,0.0900379046135595,192,0.04385483029214865,168,0.08658100693755036,208,0.014228913262814058,104,0.09239316989687474,152,0.004362467151407534,73,0.10160944288220916,161
"(148, 55)",0.8862751866755274,602,0.004450805799845038,572,0.6182195543567148,547,0.019876331158834002,463,0.603584831702043,579,0.021274766631881343,520,0.5235796190084847,568,0.02364030975051734,450,0.4148890391838904,475,0.028692775360533156,352,0.28672075002063613,394,0.0342175179263841,297,0.7051150230529647,567,0.008499822131950044,534,0.636826274492561,559,0.015738944946804976,498,0.6151388070408377,565,0.018955342507637394,508,0.5357699984082089,570,0.024933925290958732,483,0.4003627682779781,497,0.03069225740182305,388,0.34301414362781335,420,0.034699266908367166,322,0.9139630588184111,605,0.003746505932255321,584,0.6581279596683722,561,0.0177863307281473,473,0.5969754315659611,577,0.02114740204987864,518,0.5322305998496645,559,0.022722287675572682,444,0.39923260095992885,436,0.030491039538740456,288,0.2823293685038605,379,0.036595085229225846,261,0.9995000999900006,591,0.0,603,0.6661355080988167,573,0.015051020215765898,545,0.6455252034166951,577,0.018711416807323057,537,0.5069439957956354,564,0.023658297573756603,498,0.4095308278448143,499,0.026375521532564394,441,0.40894129563301973,466,0.025106312877841718,461
"(148, 163)",0.0007957628925362448,70,0.14179627474972564,67,0.013204402217216638,135,0.12552736858467678,67,0.010713746551747505,68,0.13210236109929327,83,0.13861829696433992,310,0.06357724026587316,192,0.5052324331894269,516,0.02269878516600524,404,0.43583734572084143,461,0.0236858716380724,372,0.010832390788772184,127,0.07499175217615658,155,0.008070141019136168,103,0.11281933123206551,98,0.010675254616556051,85,0.12212482885270276,95,0.04362903858642819,165,0.09891736261952622,149,0.28740739160404793,434,0.04049151311279983,330,0.42335817000260867,465,0.02844811359396235,362,0.0002490323288935059,53,0.1701342476214077,48,0.010798581267692287,130,0.132008224897273,58,0.01114198523130061,67,0.12796283514390058,87,0.14882781552388102,318,0.06074705178683389,192,0.6650699918920024,549,0.014236998949520872,438,0.5771282854741554,503,0.01704799972265025,403,7.297103266079574e-08,20,0.0466929987156091,117,0.013904965463272023,112,0.11085122017870964,145,0.027430737329749544,126,0.11449430023484153,140,0.0727022670983003,223,0.07598093199792573,239,0.21642827487146232,379,0.042533093038056004,336,0.3856963044079329,452,0.026598141152853017,444
"(56, 57)",0.13041172904310017,301,0.04636821664742311,239,0.04489266739221942,222,0.041059145779713424,281,0.18420527573308165,368,0.03124055401291611,454,0.5824185631939724,587,0.011864995768967858,557,0.6653137744994909,576,0.007237880164331766,559,0.5009035264462584,493,0.013314118342523355,488,0.18534124363897897,337,0.03298305868042833,323,0.0930095307718597,268,0.03211455266668113,371,0.12260461849056181,296,0.02954340926198903,443,0.3513622065759614,498,0.02039420655949718,512,0.5374877960600564,557,0.010148640099115392,553,0.4896675111991283,497,0.015227030308555866,489,0.1158234342501534,292,0.04651394563159883,236,0.041228618959609165,217,0.0390483870082889,278,0.18316293211861168,371,0.03046433448693653,453,0.6272598530484692,587,0.010454152478398223,553,0.7542171512316977,583,0.0050282710125653125,560,0.5182077743240623,477,0.01205276618182039,476,0.06347133584203635,239,0.016784159143413743,287,0.2204723689627548,380,0.04401774174612348,361,0.14219437639619525,323,0.03103558135029534,464,0.29086409623200227,460,0.019428229865123978,534,0.3533922250732394,466,0.02374492126285392,466,0.2769596740776594,399,0.02218893426607719,477
"(56, 72)",0.11974009548380748,297,0.04770670376660568,237,0.26782933621749383,377,0.022638570409781986,438,0.08007144487705786,236,0.04124077898844216,398,0.004482929452457873,41,0.06009320341227026,209,0.002048908795449278,51,0.04974842674768012,227,0.008719133501621013,120,0.05137352116376494,219,0.07942268713583212,255,0.04374886188935494,264,0.16359465647954274,327,0.026604472766474617,418,0.12742637983187932,302,0.029165970968676645,449,0.025504878870716396,112,0.04888970392417586,350,0.006532856897262684,60,0.04413973000556139,310,0.009501838485377445,115,0.05666476529242334,226,0.13464889821085357,306,0.044236530625575324,242,0.28041786820536097,388,0.020609500537877253,445,0.08067220154313737,233,0.04004020151385845,399,0.002984913383182408,40,0.06215280733794966,188,0.0007226997614167008,45,0.05100328804211398,184,0.00761976023818467,132,0.04919726246394306,212,0.2171949816194949,342,0.011138042554276003,339,0.0620460724820745,217,0.06716985059595443,268,0.10925080504383722,277,0.033885389072488274,449,0.0384203451677545,148,0.038148387413649336,419,0.02515393182936021,142,0.05729557788615264,264,0.04220352804733363,202,0.041542475346905625,341
"(72, 113)",0.45025204192292123,445,0.020510611277377556,384,0.620455907034154,548,0.013373588805731071,522,0.433717192533294,536,0.015234236599596726,555,0.14851859180331506,318,0.01738148451205061,504,0.06140741794139759,225,0.015844333533169785,476,0.1732989447782438,329,0.017375734338836216,444,0.32845552561000146,417,0.017714900890319747,433,0.5340855576999475,524,0.010801246252805636,540,0.5699472898528731,558,0.009871325414547464,561,0.30793530463796626,464,0.01535586982398263,540,0.15462677172415784,329,0.013692490280767565,524,0.19708628682179685,353,0.018690884488907412,455,0.4180332658174104,433,0.022479288115893625,360,0.6226301711967784,543,0.012656982726618509,519,0.42265968486196015,532,0.015364529542915142,551,0.12360476898258721,289,0.017811231336440934,486,0.027669915363886854,186,0.0165456668556659,403,0.15163907420961986,313,0.015930961849327397,418,0.32467867136299766,389,0.00859368487450508,367,0.34665883561302513,462,0.026384600087939445,467,0.4760734208113614,543,0.012744711424592457,566,0.33224683918310005,490,0.012745579974395859,568,0.2729153556972691,407,0.018560775476015628,506,0.35885961264272215,439,0.014209913340637955,538
"(72, 56)",0.01273872064449355,162,0.0673113906134731,174,0.0031823055732538297,77,0.07754806768066762,146,0.01435724540377259,77,0.04744595591409755,369,0.10410533453273474,268,0.019566935436736543,484,0.2219680357251128,374,0.010324066071080476,530,0.08662885734228443,270,0.02189378986192148,389,0.029801795606936965,183,0.03942303967815455,290,0.00671475472186267,91,0.04645160893361575,279,0.004990666183703141,61,0.047892501995390434,323,0.034238194055390525,145,0.03193429257840482,439,0.09942205754938782,268,0.015864135916860242,510,0.07306098664956506,248,0.026018772972719297,383,0.016057084441978953,174,0.06662398477593186,170,0.0031181523976373526,80,0.07397888741555876,143,0.015538028659698888,80,0.046208042295612005,371,0.12640569114006528,293,0.017678692600177643,490,0.33939514234248114,410,0.007174390505507149,535,0.10167912664793577,279,0.018201273262563444,389,0.030573930279130357,199,0.018889200975053935,265,0.026335865483468,151,0.06229723081239408,291,0.010527552670136942,71,0.045405888374970324,383,0.029045670464451057,120,0.028717904907376652,473,0.043373648636767625,190,0.03426600355619929,382,0.024231222149826648,161,0.034895909157082544,380
"(58, 139)",0.0010791921778359193,73,0.09697313679069454,112,0.026565461962013703,179,0.06306848368654291,187,0.2203070175663836,416,0.047972197549626894,362,0.5718116932599461,581,0.023997183970698728,448,0.7492615030616584,596,0.012359455513095417,513,0.81650659227174,601,0.009067004209263051,540,0.020575346346776158,163,0.05684520404069905,204,0.07056043630906672,235,0.06294039754829779,209,0.11254990413358557,286,0.06357414045558088,242,0.4095825345456757,523,0.040160863764939374,388,0.6319255545561798,583,0.020765808884892493,475,0.7979209158020226,597,0.011699927819549885,521,0.0006450417575920575,69,0.10176230305781012,103,0.02105547596137225,168,0.061160450078667626,181,0.19666013342591282,385,0.04763453893888793,364,0.6445211925763835,589,0.018582245222894735,478,0.8504230552266168,604,0.006832398252900829,540,0.8412556607874077,602,0.007265349085597851,542,0.0003120881207403503,79,0.053091272460248404,95,0.08839956266399329,249,0.07008432181413703,257,0.1695273018075607,357,0.06610985001941792,272,0.4489644254115497,538,0.04067179074118572,405,0.6026310928107192,570,0.022589853565826424,473,0.7703627749536845,594,0.01679820091793029,523
"(58, 223)",0.7227655409550249,554,0.011083711868184935,490,0.3453841273838525,424,0.026821561341418013,401,0.06211712654726065,193,0.07315801916464702,220,0.0049119641823405225,46,0.11717264347603645,67,0.0007720544751985692,29,0.12236611264155592,64,0.00027896879803512853,28,0.12969756984916345,62,0.3826254297710674,439,0.02145614049928608,393,0.20202901909911464,362,0.044324650086448175,293,0.13833595900486007,313,0.05934951557612348,260,0.017045299130359792,90,0.11589071586837196,109,0.002855166258293629,39,0.125610812444048,69,0.00038087504025541286,30,0.14970706444918547,63,0.7625421689151097,561,0.009624132248991089,503,0.3792909414872657,440,0.02333108147062195,420,0.07328127995769684,217,0.06619569207170024,248,0.002526658373971369,38,0.11784968132490396,65,0.00014532112664555896,26,0.12312377693329118,53,0.00017553410006154735,28,0.12249320189514495,68,0.8099990473861709,527,0.0038632609511713768,455,0.1705215895196821,336,0.056300353693569984,311,0.08904401526486905,249,0.08193657572134495,213,0.012858764600700678,73,0.1329324030950371,106,0.0037481643889806238,49,0.12283563750279301,97,0.0005778104425143704,34,0.18488403276352186,71
"(223, 58)",9.532515576138323e-05,17,0.17981839599635183,42,0.0031585271052243513,76,0.1323384163524384,61,0.07282478227974853,215,0.08094795386015899,194,0.3006859048311523,448,0.04402226945957142,300,0.5174539405850282,524,0.024496301799631467,384,0.6585347466654449,560,0.016431544647021956,452,0.003162512490417102,85,0.09625778089238558,105,0.008389635400183892,107,0.1276675635861277,78,0.015796235093523014,107,0.13020290299813495,82,0.14205955454794905,312,0.07994734677327912,213,0.36621168723825803,476,0.040370521615850016,331,0.5988993227833801,541,0.023210615353897002,408,5.41902010267048e-05,14,0.1888585282188689,40,0.002398812301495412,68,0.12674206155833584,60,0.06307204024991897,197,0.07941401338380785,194,0.4147962435522028,500,0.030601612384325193,370,0.7181492171037446,570,0.011631179732342819,473,0.7104033002398245,564,0.012378299575729312,470,7.410704933097367e-05,49,0.06291550895383467,74,0.010970798210178101,98,0.13637880030781319,111,0.027388687451808003,125,0.13160677055028017,112,0.18688608637444437,370,0.07659230353636833,238,0.34401541721663054,463,0.043259555448712995,331,0.5802663146703314,545,0.03086138333167319,412
"(223, 74)",0.8691218676752543,593,0.008607487516416983,527,0.6212577729434468,549,0.022755699541115216,434,0.19754485824010226,389,0.05804217750669553,293,0.03595570759219879,163,0.08935540712355038,109,0.0076651165346488526,93,0.09974355343540929,96,0.0021962912507231813,63,0.1099785473422417,87,0.6211230480592332,538,0.01655976032558535,444,0.5058888676791542,507,0.0325569134744203,364,0.42034134206790974,511,0.043611848498170236,351,0.1093639779072545,280,0.08723071628771178,180,0.02304039978235206,132,0.10150289383424957,112,0.0038760633670862354,75,0.12454920861394866,86,0.8907159800536875,599,0.00742786109519285,542,0.6497667992606357,557,0.019588462544984718,455,0.21810488310801013,411,0.05251551655094279,321,0.016429390982019676,112,0.08977362452620961,105,0.0011407626438881824,57,0.09968509648049055,82,0.0012499039906082032,61,0.10253459673718389,95,0.8792080020077693,538,0.002758546721511238,483,0.4705459982440072,515,0.03896059493123854,387,0.34089819483777717,484,0.056788500999640994,326,0.07855025262633142,235,0.102249594030654,161,0.026814106798296544,145,0.10127142225740658,127,0.004567461728461897,76,0.1551432446307208,95
"(59, 260)",0.0025367343227832295,92,0.07294063997394795,167,0.006790505487901388,109,0.05790756548166354,208,0.029325167471546898,118,0.04343259362469633,387,0.18082461876702682,350,0.02203800220742138,462,0.2625167794753489,392,0.01394833921195782,493,0.2911719075092909,397,0.014347926038984389,474,0.0057439336381214234,105,0.0714862600827142,164,0.0073559514493953815,96,0.04994548210689393,268,0.029462572873211634,137,0.03756433645397451,386,0.10766084004094023,276,0.029312584148307775,453,0.1602982379615241,332,0.02083996070745061,474,0.23610764470022905,376,0.021883746580848584,421,0.0023936827616908296,98,0.07192981629166535,159,0.006435276575547766,112,0.05494735905974995,204,0.030547158086273507,122,0.04195413612661322,391,0.20539192276873874,370,0.020100987836058525,465,0.3819548250797611,429,0.008861691078422244,515,0.36212874288982033,414,0.008939632750539765,521,0.00820144819160229,140,0.046206533668404146,121,0.01475604795899299,116,0.06927707890189823,259,0.03271046431334579,135,0.046123917155408325,381,0.11663315335880475,285,0.03089248974449985,460,0.20654137751417712,371,0.0226863133050008,472,0.2254310190361244,377,0.023069319827447494,471
"(59, 152)",0.6441165430041027,527,0.011518778135119787,482,0.5326910001964669,507,0.013527292742442297,519,0.3308344343417021,490,0.019365365407386058,532,0.08203926319538113,244,0.028680330909913326,403,0.0465382053829595,203,0.024829709918385807,379,0.03834059258732969,200,0.028202396418842274,334,0.5532069669871134,516,0.015595399383895349,459,0.5226676243980904,519,0.012058703805112536,534,0.3301448222521439,472,0.016786665949440713,524,0.14410752720949982,316,0.026597723860968196,468,0.09530582886842254,263,0.024783729348486522,443,0.05571294070003652,221,0.035413838225292836,316,0.6499817193102397,525,0.01110786947220133,479,0.5393450891896929,506,0.012555875085431387,521,0.32480807210457474,486,0.01907902231254038,530,0.06891475982101847,229,0.028927291499202236,382,0.020671089659308528,169,0.023427870582957065,339,0.023694784649027634,186,0.022184846165884533,355,0.5088101583791952,450,0.0116720815681144,335,0.4298954927547659,496,0.02251430901540247,498,0.31469203344489427,476,0.021686684937774335,522,0.13375771148374338,306,0.029513494906651748,468,0.06836225193893619,229,0.03279649971721471,391,0.05995628824259158,225,0.03587245519534752,372
"(260, 126)",0.003792624582817705,109,0.15719606281718945,59,0.01103073101481078,130,0.12216775954466387,69,0.05467546796444056,175,0.08978345917090108,174,0.29850667813299414,446,0.04160986114252268,315,0.33827533947489485,442,0.032405319818013964,329,0.405587910691504,443,0.030372849863680444,317,0.011722559299354396,130,0.15221319945664538,60,0.011250160299799083,121,0.1270509786828075,79,0.04016049072079775,164,0.09859750640219218,151,0.14697070007526136,319,0.07377700112981833,233,0.20189849435132934,376,0.053558990611613996,259,0.34412947815879313,421,0.04686497814989614,266,0.0038681363496100296,114,0.15492179550806487,58,0.010756884519223409,129,0.11542387682211513,72,0.055811106670656585,180,0.08763097875659151,174,0.3380637389855863,464,0.037049538391358,327,0.4713582789407099,469,0.019868861064906707,381,0.48986698465434975,467,0.01883353667744792,384,0.017919678338511602,171,0.09256736415269758,45,0.017021224462323348,124,0.17746195889773506,72,0.03809087568190672,150,0.11786391528098791,133,0.16274243776111486,340,0.07288149813576204,255,0.27616778209623494,411,0.05230435157766309,289,0.3176989676021027,416,0.05323574258108512,294
"(260, 59)",0.6013226058939389,509,0.029043733246888793,327,0.46981335513327305,486,0.03498239893587511,328,0.23885218777397665,432,0.054922558773599334,309,0.03648854017741798,164,0.08384209483102555,121,0.027881227082332538,164,0.07446218861373574,144,0.01753112771835652,160,0.08654538734460183,127,0.4615947715733939,481,0.04474104949718327,258,0.4671597795485335,490,0.03668955435872741,330,0.2843036535203761,442,0.05134972492856351,307,0.1053358495028558,273,0.08244022816676416,202,0.07062520288135465,224,0.07601340274401328,172,0.026793301837952477,176,0.10975230044696033,112,0.5991277616297482,504,0.028847397033165276,327,0.473189240203829,486,0.03269737380962716,333,0.23585081149603493,431,0.054202428949183375,307,0.02792133003781383,147,0.08507532773739528,118,0.010904677230626714,142,0.06972990619355098,138,0.009487443509540894,143,0.07013070498741839,149,0.4024642423359779,415,0.03280894008281906,172,0.40978313271851174,486,0.06145881439622579,296,0.2921398902635327,463,0.05976646398373028,305,0.09359664671117929,257,0.08763901084704455,204,0.0424300675368674,187,0.09765719640521683,138,0.03205228560395146,184,0.11435511182965422,141
"(152, 247)",0.22659769984695022,352,0.03414871477419022,298,0.12925192573293032,308,0.038017827300612754,304,0.0493347869707621,164,0.050246712686520735,344,0.005781770214959736,52,0.07210288650415099,159,0.0019859426899815347,48,0.06506607475844922,172,0.0021478513224986173,62,0.06879183797064761,164,0.17762138216946255,332,0.03987205076296266,286,0.0997291447787606,272,0.03721125513564382,325,0.03888308741076418,161,0.047007562968729426,334,0.009720177645464512,62,0.07194640544924806,239,0.004873045983251556,45,0.06649782393428197,204,0.0030811430445110144,65,0.09000099750657002,138,0.24142129420766323,358,0.03204205743099237,305,0.1362487888730799,314,0.0350416658766379,309,0.047581169887594754,162,0.049492997186055605,345,0.0046803158033896786,55,0.07254123082112168,143,0.0007284851775255508,46,0.06031346860937911,156,0.0012823911219395079,63,0.05274248173575503,198,0.17431081660604553,322,0.0266721107708841,209,0.08075723137082813,244,0.06137585265189729,297,0.04660981647891993,165,0.05484386467163658,336,0.011592764146943102,67,0.07463032127337811,247,0.004196225523199537,51,0.08140015079370164,178,0.004316233659567015,72,0.0853157971358736,207
"(152, 59)",0.059475904602870444,241,0.053335025875872216,212,0.12084236074250665,301,0.03888002785070456,292,0.253922248391937,442,0.02910215535351887,467,0.5524140910697859,574,0.01577192407351408,519,0.668324003724128,579,0.00935436887847614,539,0.6607233332437786,561,0.010190569068763172,528,0.08395660883136657,262,0.051185705374820735,223,0.15421534023726535,323,0.032178996151849576,370,0.2890907037775805,447,0.024084812788929013,482,0.48667288373658013,554,0.01952037329172481,518,0.5727425239210118,573,0.013575457066160713,525,0.623900417718939,553,0.015326612751969235,488,0.05372310718805762,237,0.05287599401218976,214,0.11438804035349615,295,0.03714514755026436,291,0.25924984000133455,449,0.028126517352657063,467,0.577442063746865,573,0.014571597518666567,517,0.7536236462738299,582,0.005963524936808304,550,0.7081955263475243,562,0.0064285989900630044,553,0.08599431124163281,262,0.033755322204777255,166,0.18301613692420393,343,0.04672631699883627,345,0.26229003803175144,442,0.030833766755626785,468,0.46310427253343667,547,0.021831557262374533,516,0.5899679851241475,567,0.015654360639603432,521,0.5867594511853552,549,0.01659247113270146,525
"(60, 61)",0.765490911665563,566,0.007565071708044943,542,0.4985401809560438,495,0.02269606914523053,436,0.5108357749999002,559,0.020167987591405735,524,0.4465478417169796,532,0.015124404627283764,523,0.5366045254505061,533,0.007545174685257585,558,0.41911606159143233,451,0.005700901857708875,574,0.625350800432975,540,0.013039575752421921,480,0.42094590126908915,469,0.03063008565154468,386,0.4050609457021517,506,0.03215662425453141,425,0.40899549029007864,522,0.024085753117118802,490,0.45789578719822066,526,0.015427405431686974,513,0.35006700879991404,425,0.009978261758171774,537,0.7583323956951148,559,0.007961188323096637,533,0.4967511744714994,496,0.021990262289871998,429,0.5114072709126601,557,0.019597968703250725,523,0.44085958995683094,512,0.013431705437030761,531,0.501674944397829,480,0.0059799399243485275,549,0.4138565190126202,430,0.004343775016075905,574,0.554181851214089,466,0.006979143381882496,389,0.5657983943439628,548,0.0220205609370353,503,0.5134928543957744,552,0.02600309189540734,491,0.49915483857814813,559,0.019007198851166925,535,0.4964992923752125,540,0.01152806921890596,553,0.36087694968904815,442,0.01033207928833585,559
"(60, 248)",0.0006190579820342101,63,0.0811987392350771,138,0.008879087329059954,121,0.08690830084841769,123,0.008073040451591185,58,0.080366913716607,196,0.013086723431648739,83,0.04905583183616631,267,0.006579686775885718,84,0.03272043002843072,325,0.015934237315730737,155,0.01695422356853328,447,0.0030393053314425877,83,0.07698035704506628,151,0.015728536921840508,138,0.09162082489604034,134,0.01759613907728408,112,0.09147549743291636,160,0.01711592863057998,91,0.06937445450616633,248,0.012045933340995019,90,0.05187223456253393,266,0.02573120229099679,173,0.02382055781980389,404,0.0006835051465794439,70,0.08241706997293634,130,0.00900180327399569,121,0.08372083241858429,121,0.008037117128603,57,0.07824079597273902,196,0.0136372778550371,100,0.04278800389834839,287,0.008667449873448696,134,0.02313168014924347,344,0.016538908205296465,170,0.012705204048914624,464,0.005697687364803916,128,0.03209618011843582,175,0.005169446743127359,73,0.10533376138241415,160,0.007907148694097144,64,0.10451929949375678,164,0.008837251315078065,51,0.07292741361315988,254,0.009019195050331774,78,0.043853762513861375,326,0.023898865794794055,157,0.025537694140723773,457
"(248, 154)",0.006969054189720825,131,0.06932083670698232,171,0.029551026776287737,186,0.07969229369411648,143,0.08853770348940304,245,0.06916099587993144,238,0.22250649658012756,391,0.0418817123694373,313,0.3783783871108761,462,0.02789180511164482,359,0.5977510903927266,536,0.014490841707885383,472,0.0291381964680012,181,0.06855889480496177,169,0.051836361604753356,211,0.07822289479487703,165,0.05920783940312535,201,0.07937846034029389,188,0.19162455605565953,372,0.05806896930129953,297,0.2854339931360004,433,0.043076535368242304,316,0.5786641543585126,536,0.0201851257808685,438,0.0037016098095498107,111,0.07033606349287584,162,0.027894335860962016,188,0.07679892919260087,137,0.09236958323144195,258,0.06760293356866802,240,0.26483690193669696,420,0.03667692671064745,328,0.48277756015370754,476,0.019317237410445234,387,0.6443435044062683,534,0.01020161329022399,501,0.06836561073530079,243,0.03201281948493748,176,0.07348251503245362,233,0.08759000406512546,201,0.07829124012510724,228,0.09046968005200469,191,0.23360036493480063,411,0.06232636470886318,305,0.3967786054158954,489,0.03536323308930778,375,0.5719693962712842,542,0.020728137858111575,493
"(248, 60)",0.5294539036767538,484,0.016367374703325978,424,0.3297025279007606,418,0.03566424979380393,321,0.17030772742397382,357,0.05561080792481946,304,0.06117926910384408,211,0.06440761738255392,187,0.02118865909012868,149,0.07290392402782017,148,0.003916102840078262,83,0.07744303690369239,140,0.33177782599550343,419,0.030474429074725504,334,0.2466580048206708,393,0.046506499238822045,278,0.22725322395824887,404,0.050698182559130035,313,0.07594300611029647,232,0.07905546728904209,217,0.03985508686779482,167,0.08303249288003965,150,0.004631211819682068,80,0.10091183539022106,125,0.6040144144472953,506,0.0128714014721717,458,0.3382061398831535,418,0.03342976657080129,325,0.164531062774798,348,0.05576896302015488,297,0.04581199121080903,185,0.06582527985298713,171,0.010010539069730262,139,0.07031395945754312,135,0.002531079074445719,86,0.06465559369985155,166,0.20653435813373777,337,0.022144831932750804,238,0.19627212937819039,358,0.06312911084870618,286,0.18734858401758891,377,0.06763798174625918,263,0.05667929870241628,195,0.09992821880366806,172,0.01864693667626338,123,0.09799386350268675,137,0.00490535308993123,79,0.10126541057841867,162
"(155, 171)",0.4843341771777867,459,0.011950969923308906,475,0.2069397285002681,360,0.02013919854840656,458,0.06371977848240307,197,0.048855383595211965,355,0.013057807606220329,81,0.05038401169611449,256,0.002410507351720881,56,0.05443085229634152,204,0.0010025839955767335,43,0.055441955921300926,204,0.2676750029208208,382,0.0186910603384524,423,0.17757818546099746,346,0.028318863773920594,401,0.08950789801649683,259,0.03673900471926475,392,0.022322476844169326,103,0.058130827141551294,296,0.009847249979013872,85,0.0511483966647513,276,0.0026651768353975758,62,0.053085011950734284,241,0.44713777148233935,443,0.012781840207889876,464,0.20500074425393744,357,0.01914697682378021,457,0.06210506286648365,196,0.05012154979421231,335,0.010158359399575545,78,0.051747681419518354,233,0.0011934911180233598,59,0.050017668131710984,189,0.0007437870519900747,50,0.056237362811276614,187,0.24385067179397102,355,0.002575790479153736,487,0.20096114345839045,365,0.02840459286272571,449,0.1006553099335703,265,0.03916969762843898,421,0.022958355795707708,106,0.05656550281134902,326,0.008327259821580224,72,0.056281808635181355,268,0.002480480886919656,56,0.07588057711610516,232
"(155, 61)",0.009893636452140697,150,0.04371859631970286,250,0.06817194425347639,245,0.029160048936192055,378,0.2166320363295572,413,0.032490990609974006,449,0.44685233599466656,533,0.015518919786576406,520,0.6492781136282049,570,0.008428255648444767,550,0.728790896375845,586,0.006166108363196725,567,0.044939610578432876,209,0.033881303463373647,315,0.08398282509680632,252,0.036347582899743096,333,0.16881695361634796,347,0.02973553933248109,441,0.37081726524705605,510,0.02278246162284305,496,0.4849561669669574,535,0.013954132743637226,521,0.6390640410606838,557,0.008544745571062419,549,0.013030752277332414,164,0.04153529892250391,255,0.06910393629835676,248,0.027511721219717157,378,0.2203350764920846,412,0.03286287939034167,443,0.48083122688084146,540,0.014305439300329091,522,0.7143410608583161,566,0.005935098982775233,551,0.7520703571399407,575,0.0056030133972073464,562,0.05283886844718211,228,0.004288453277957803,449,0.07109230832834179,229,0.040162283227875545,381,0.15298395769788087,338,0.03406804026350878,448,0.3667312001415298,510,0.022460321027104185,508,0.5068510199983312,545,0.014307880647651792,533,0.6463917677262949,573,0.011879841545923331,550
"(84, 62)",0.09732107577397109,279,0.030757015304466645,317,0.2716129903409761,379,0.03833045213247103,300,0.24706420443245813,438,0.06251303192729495,274,0.17005128713640827,339,0.056288345052318264,234,0.09634118953515292,267,0.058119765786773275,194,0.07314744762122127,252,0.0650331697943907,171,0.05265949550168714,227,0.030438365715410226,336,0.20827283672806696,368,0.038777652812828585,316,0.23219945601336,407,0.05277918159970985,298,0.11229640919529982,284,0.07928255753900514,216,0.09908625404668936,267,0.062274600559833075,221,0.0881743729697495,268,0.06266595321677365,213,0.12308461849183583,298,0.02918005315764062,323,0.27222471594387887,381,0.036429934907083475,297,0.24146857385690124,433,0.06149635916153128,274,0.16612051232490566,338,0.053665366611330846,218,0.067622823733551,251,0.054352986450749,169,0.055540336012185554,241,0.06968138272169813,150,0.4775576036556617,434,0.006184403278568407,408,0.2016316675774168,366,0.050707726528928375,334,0.22692524128947444,408,0.06435684772789405,278,0.13208835810858754,304,0.0849254061328329,212,0.07450853675558089,236,0.06976224558272799,213,0.07559379281076162,249,0.07510286489261442,234
"(84, 202)",0.049327790825110296,232,0.03734216793557903,279,0.045999553234670976,225,0.07680568888561785,149,0.08045165689674438,237,0.1014596889732205,143,0.16799145498794266,336,0.05661059596141842,232,0.19484777959309985,356,0.04338719109636653,266,0.16705100652570715,321,0.048037337866557124,231,0.0761973449914044,250,0.027526805984024374,353,0.044527828980394535,197,0.06670823649269407,193,0.06633365634923305,217,0.08727335110070511,167,0.13076672939107192,303,0.07481325034577282,228,0.12367091062022018,297,0.057472808249588184,243,0.13475632131414406,308,0.053793359364946614,238,0.040013319298246364,219,0.040465614198355974,262,0.04506131310823924,225,0.07346122206751027,145,0.08492823760663593,245,0.0967800009317875,152,0.1706862652177632,343,0.05298975310509324,227,0.23296819105437494,359,0.032982834647346415,274,0.21541237655112855,348,0.04195913909540499,235,9.274900560751753e-05,51,0.03798080369207963,143,0.032677117412247325,168,0.09168831423495317,190,0.054695686946957034,188,0.11051385169741346,150,0.12061694236906306,290,0.087989359853371,200,0.16293063551700215,335,0.05240891242774469,288,0.11155247033081017,287,0.06611281807663723,261
"(84, 106)",0.38140558336532704,422,0.014478842167379229,446,0.1555818368583295,331,0.05190363167061763,235,0.10723385237361682,279,0.09230167684691395,171,0.07674332175590226,233,0.0757618928426522,142,0.11847942206584428,295,0.054006230483763594,207,0.17807724837839745,336,0.04660108409953945,239,0.43703311347091045,470,0.01043611286851967,511,0.21106522814893847,371,0.0384970483912283,319,0.13706701448190206,312,0.06835066399503727,217,0.15471603355452745,328,0.06971639379848552,245,0.18279222661948724,356,0.048471410316207386,292,0.1868405960855961,347,0.04642526783387833,267,0.3638735965029749,415,0.015606218649348795,431,0.1577095821871678,333,0.04910664830142532,230,0.10464329742124712,272,0.09030798269891441,167,0.07741433485399374,240,0.07126187340507095,150,0.13429984346533153,304,0.04315420151214866,214,0.1722308950976318,327,0.04706778047923922,218,0.9098734813625209,550,0.0008422078780577292,542,0.26989893192843906,416,0.042640576790270446,367,0.16502920679396815,352,0.07585848305491005,230,0.14312710386934047,317,0.0821718688670662,218,0.1797101843772797,352,0.05003717091120919,302,0.2510199480494275,391,0.04496785711549218,320
"(106, 164)",0.04199064941014963,221,0.016377296291254798,423,0.12114165908919716,302,0.044774125052961945,267,0.1994384519858916,392,0.06351737797685668,267,0.21871727118058515,389,0.04026103435394808,321,0.23713932321943476,379,0.028318449808561578,356,0.20371094734073392,350,0.024785362095703124,355,0.05536005078205808,233,0.016143473400155917,448,0.10299355424679812,280,0.04313422671218081,299,0.1538578805349473,328,0.05983487326293111,255,0.1709292972668479,349,0.052501972305420856,332,0.1685205945870334,343,0.035427814454195745,358,0.15343039499801692,321,0.02755843193312905,369,0.03519336444636689,209,0.01909919213046046,395,0.13107360144275226,311,0.04260866569001466,259,0.214167972251043,407,0.05975491295731309,280,0.22757514420371672,387,0.03621196038791504,329,0.25940782336519996,373,0.021586509346493723,360,0.21632120634631757,349,0.024319224862289775,333,0.4424004633748947,423,0.0021904201110448593,496,0.14155391341877643,312,0.04908419033234223,340,0.16486463135386908,351,0.06297588495250621,284,0.2096827661324947,393,0.05409246737113995,336,0.21359696127467132,376,0.03519122578097535,377,0.1775236610500046,337,0.03449134555707948,384
"(106, 84)",0.06091423981399635,243,0.014948309454142049,441,0.04386954661806963,220,0.06044547551987131,198,0.02935418089155173,119,0.11665634586204023,108,0.054211538104064205,196,0.06784983097047766,178,0.046123152109354915,201,0.05202922883971032,222,0.061066739526028035,237,0.0389498773736247,275,0.09750834870892755,271,0.013674691580363187,478,0.03873808228869968,187,0.056446340111989166,243,0.024238663844137642,125,0.10055604768538622,147,0.03251889386199269,140,0.0874938989706042,179,0.048878871424137715,186,0.05358722635899378,258,0.061223913294729204,232,0.0377281207531326,310,0.06361917258828842,248,0.016579944876051925,421,0.04025462144029179,215,0.06048007890727135,184,0.02633652923276697,108,0.11643573507396265,105,0.05154450067187999,196,0.06321886483077756,184,0.04895048117185785,228,0.041347832224734475,228,0.06309539164519462,250,0.03914548855178184,245,0.05518319454244458,232,0.006400609966215051,403,0.019235074786880357,131,0.0828481118786888,213,0.026135646641931243,120,0.10767946452659358,156,0.032657274077714904,132,0.09990108693066026,173,0.045753570548547895,196,0.06099420601011999,251,0.05285242719587213,214,0.05246224456176108,298
"(106, 62)",0.5844862434487412,500,0.0035518357533971703,587,0.347116568813272,426,0.02479783023893838,418,0.29215242803510444,468,0.05027247804006349,343,0.17280300102753143,341,0.04547777204604922,291,0.17993982906194494,342,0.032878766702588186,324,0.16910496736204395,325,0.0272033783204584,341,0.3522150669967491,425,0.006920157948609267,547,0.42664594345562035,471,0.01849528024334378,475,0.4108776291377515,508,0.031227510968356804,430,0.31485664252071854,470,0.03640172213061769,412,0.2418164600171795,407,0.029225449908266806,402,0.22289000323840735,365,0.02286005823890804,410,0.6294762983700167,515,0.0034606506188144645,586,0.34435911101252614,421,0.024498992629103777,406,0.2925273528190746,467,0.0491033161132181,350,0.17246208218226355,346,0.041882240659199925,297,0.1559131249338127,314,0.028332108348206247,301,0.15450833763396976,316,0.028737625764694984,308,0.07166039302593252,249,0.0059632055721008425,415,0.49807070584568514,523,0.019735341979623084,516,0.37129837215664097,503,0.03739828050372205,428,0.2601427538723402,428,0.04759236628752077,364,0.20169895042795316,366,0.03630013598562449,370,0.2172731796637336,369,0.03104757453394733,408
"(249, 82)",0.11206259838644139,290,0.00916142738825603,516,0.02664890617518123,180,0.02881213951448292,383,0.013597538482288618,74,0.04994280719936765,348,0.004944467782652673,47,0.04408203967090279,297,0.0004736499316305709,26,0.05252409990841851,217,0.00035243273247898,30,0.05938779213521298,191,0.0790240275365226,253,0.007443299272009891,545,0.012673275702543174,127,0.02881481954043051,398,0.012144072718695775,92,0.043218865338851796,355,0.002935672549661872,38,0.05932458957635933,287,0.0014353957063150125,32,0.048784378506790765,291,0.00032788822922213967,28,0.05516295438905414,233,0.14992536217672314,313,0.008074318341136836,529,0.026187075360202594,186,0.027383856868153998,380,0.013168215382955983,71,0.04911799311285158,349,0.004328884307410519,52,0.04277478932456973,288,0.0002436794788817087,30,0.049689128161576654,190,0.00015019574996111285,27,0.06432163796181622,167,0.1461294282809824,300,0.0013242128658907935,522,0.05160207666378924,203,0.024012899797045403,488,0.0154949980216732,88,0.04994911218046896,359,0.0031861435855804476,34,0.06790495607488897,280,0.0011689613680199162,29,0.05539049803745879,272,0.000494333828585769,32,0.06605305299936404,263
"(249, 62)",0.1388966736049685,305,0.008528763888832223,529,0.34492344083079907,423,0.012271408167591593,537,0.4412633818693369,538,0.015657668190257906,552,0.571038813196936,580,0.009052037036566452,577,0.7839035757855701,599,0.004440415022306896,583,0.8027081879955862,599,0.004513741612923696,585,0.18604468935206553,339,0.005595163413766497,564,0.45095847042616044,484,0.008760589861906353,553,0.4567901774361125,524,0.012898995611538941,548,0.6290116213993392,585,0.00991404889606704,568,0.6983272050337652,593,0.006202760374163236,580,0.807067581595269,599,0.004085571597337717,585,0.10300266481921327,278,0.009150568646688893,512,0.3474905557984448,422,0.011566694902375062,534,0.44569284831945877,540,0.015184635308875438,553,0.5864253767255483,578,0.008328669342036547,576,0.8240784370088621,598,0.003310382511648436,584,0.8488584015240723,604,0.0036110310770787477,583,0.10601233398824572,280,0.0014737310467387676,517,0.24732240512471115,396,0.014242268908175676,547,0.42304936579113206,525,0.01658802185466415,545,0.6203269194866401,592,0.011716099316012437,571,0.7160967148594768,599,0.006521959474098489,584,0.7810541423353272,597,0.005671169479967206,593
"(121, 62)",9.999999999998899e-05,26,0.004061731192841918,581,9.999999999998899e-05,13,0.004047237819650196,602,0.9999,614,0.0,614,0.9999,614,0.0,614,9.999999999998899e-05,11,0.008304951653064302,552,0.9999,614,0.0,614,9.999999999998899e-05,19,0.0015569576237718977,609,9.999999999998899e-05,18,0.0005247772247008315,609,9.999999999998899e-05,15,0.003953987643956363,598,9.999999999998899e-05,13,0.0066672946332742835,584,9.999999999998899e-05,11,0.002651917227038499,603,9.999999999998899e-05,13,0.0037602465203757955,588,9.999999999998899e-05,30,0.0038317743163882975,582,9.999999999998899e-05,15,0.003596034501526817,603,0.9999,614,0.0,614,0.9999,614,0.0,614,9.999999999998899e-05,11,0.00916925189374907,508,0.9999,614,0.0,614,0.9999,614,0.0,604,9.999999999998899e-05,14,0.0031668760403214184,610,9.999999999998899e-05,14,0.007951165658941122,595,9.999999999998899e-05,11,0.009600369772644644,582,9.999999999998899e-05,12,0.0025889643276059107,611,9.999999999998899e-05,12,0.0065151596417160245,588
"(63, 258)",0.049594186092083214,234,0.03434417932890008,295,0.10451041791710414,280,0.027038654127940803,400,0.22936256764480834,424,0.023552298200409456,502,0.5227491358849337,567,0.012454915578414707,551,0.6641801803509194,575,0.008063125025286054,555,0.798675929015987,598,0.005991186264064739,570,0.10840100899550609,279,0.037759227656411466,295,0.13501354583353253,307,0.028316758835962828,402,0.1752413269056169,355,0.023178960884979286,486,0.46807463538628635,542,0.015988321907366165,536,0.5953341487595406,579,0.011800299378087874,541,0.7900685921739339,596,0.007322842076206475,555,0.05003120756772961,235,0.03372890680712746,299,0.11095504255142785,292,0.025880428111215905,396,0.24181088866683398,435,0.02312058326665846,505,0.5574142142157438,567,0.011400885808741495,549,0.7520673954041368,580,0.00518825708625003,558,0.8367177338938737,599,0.004322621221525867,575,0.17403988983493823,321,0.015167918580554248,301,0.13103731084632853,299,0.04278663974013364,366,0.1750350720599254,363,0.031186044011750763,463,0.5298434483660437,572,0.018347268216930872,539,0.6519259711909551,588,0.011235110440749417,556,0.7679558077905217,593,0.009740941376588947,561
"(63, 154)",0.2531511075100159,363,0.019946657092488856,391,0.14800649265580157,329,0.024077497300504493,425,0.058354171650953246,185,0.03716922470542974,425,0.007351201252960848,57,0.05160032755558154,253,0.002073011385332446,53,0.05517361864584444,201,0.0003762836306815398,31,0.07699536435563542,144,0.14321245887283074,311,0.03441179102663479,311,0.11549422987995572,291,0.029829723472681303,389,0.08541567769370073,251,0.02945282407159406,445,0.011174089710640933,72,0.055526956301139,319,0.004001452851332021,42,0.06252793062978253,219,0.000431048121956934,32,0.08961747052855906,141,0.2518614969508549,361,0.019680161910604392,387,0.14018282387935277,317,0.023939892878836282,414,0.05358024488707436,174,0.038208134935756484,412,0.005546507537974699,60,0.05300596429225665,226,0.0007438164519024681,48,0.052073705375956465,180,0.00019201769176613315,30,0.07060353146930536,147,0.08616366396788155,263,0.019173476664066737,262,0.11915103566964391,288,0.044164558893662394,359,0.08554353490619782,241,0.039591891365060146,418,0.00694736565589793,46,0.07780614179339455,233,0.0023476614150197417,42,0.07329903988647896,202,0.0005979302420121568,35,0.10588379523565064,154
"(258, 63)",0.16066216912081988,318,0.04383719174924457,248,0.08496721097306126,267,0.05283348439139328,231,0.030993590264572046,122,0.08331648111632102,186,0.0052501767285753065,49,0.11558171821410634,68,0.0015606809356625284,40,0.12388198860564421,62,0.0002757502673105261,27,0.17725369799511723,36,0.07766128609359813,252,0.0788391783431068,144,0.059043454530903317,223,0.06629550673466802,194,0.041802365411210296,166,0.0697632337973569,213,0.005568862682469478,44,0.12645234228936808,91,0.002408925021967656,34,0.142326374892879,60,0.0002444376549669558,27,0.2135649791423563,35,0.15926621674773078,320,0.04337366171565713,246,0.08046577631361496,261,0.05234772327825141,221,0.02928555935193855,115,0.08577009678471373,181,0.004594418319941229,53,0.11892625152698329,62,0.0007954806100938239,51,0.11625814833976014,60,0.0002046968401667737,32,0.16457848028397795,40,0.014692059550173608,164,0.0429169213059691,128,0.059220271585995965,212,0.09837100844022618,175,0.04204274283091003,158,0.0897486569897467,194,0.0034162022699921746,35,0.17685487049817875,64,0.0013072178202653273,30,0.16700967649438178,58,0.0004507106641660208,31,0.2527461286788087,45
"(258, 196)",0.09504893087222488,277,0.0522193572220444,220,0.17596769522141031,339,0.041449127446872715,279,0.3226645337524887,486,0.038156729011700107,416,0.5639627189450781,577,0.02431440549974885,445,0.6908195944911792,586,0.016255162952528417,474,0.8171678772235043,602,0.01234042707153966,502,0.18848091940296752,340,0.058666181072791444,196,0.2276568151569992,381,0.04227800271828449,301,0.2783727015818047,438,0.03708099177139787,389,0.5569317758106438,576,0.02724258923775807,463,0.6493441254369987,588,0.022032723120129254,465,0.8239078065228038,600,0.014243821893435685,498,0.09603898042647363,273,0.051339479615384875,217,0.18352006080578687,347,0.039768604503770344,272,0.3310337985569858,493,0.03821756053185138,411,0.579586676321882,577,0.02371274208644758,435,0.7469903658384922,576,0.011872119720189322,469,0.8334113502730078,597,0.010306794657570013,500,0.4305025034139418,421,0.013920801026663192,313,0.22722275075263143,388,0.0628357279528536,289,0.2775243577483627,451,0.047843682918730104,372,0.6128082393011842,590,0.03135860140899295,457,0.7065363741664629,598,0.020502781318612173,494,0.787170950782472,598,0.020987502969098393,489
"(154, 248)",0.371210199018038,419,0.02191882768742436,370,0.08196114521126563,263,0.04577622984325733,262,0.07421185952991682,218,0.0701184615545105,230,0.16222503887776107,330,0.08297566500051248,124,0.11745517046797316,293,0.09825939997572537,97,0.17590680325910268,332,0.10507279653818452,96,0.27394102056478864,383,0.039139652910201786,292,0.09828761841074984,270,0.060059223239033184,220,0.10369490918489599,277,0.06371091290972045,236,0.11578294176754944,287,0.10662069784197503,128,0.1256047292135236,299,0.10955443594806469,92,0.1390467394238326,310,0.13466170481442427,77,0.47887502555704264,453,0.01762067370272529,411,0.08840035583317984,267,0.04313287584491773,258,0.07710028687418002,230,0.07026027841056441,227,0.16343807509274333,334,0.08529255764538499,116,0.11016528642555734,289,0.09505975335720528,87,0.22292516994680012,351,0.08962275145447028,112,0.0013923988682795763,107,0.02719404390928452,204,0.10326332876117328,272,0.07842650230520519,225,0.056362960053018885,192,0.08414066656905309,207,0.06922246707985169,213,0.13550394810493607,103,0.09949745998490345,275,0.125894843058874,91,0.2227525056073878,373,0.13178697581046808,122
"(154, 97)",0.002830979354709995,95,0.08420405312630164,134,0.03108707853359416,192,0.05820369799330535,207,0.021826499435145474,96,0.09242987519137058,170,0.0036504432680762866,38,0.18355267783252568,24,0.005937335955981338,81,0.18086397390111406,30,0.0024703430787872405,65,0.2501681033379089,16,0.004084611983719455,91,0.11445219089360106,86,0.016216689496601377,142,0.09084102634184127,136,0.0124065438831642,93,0.1021528073748423,143,0.006799002183997094,49,0.19220931274479094,43,0.0054592922654910225,50,0.20880678238485192,29,0.004045783656996593,76,0.2758132580229891,18,0.0011399173913917426,79,0.09549991683596888,113,0.02809795337374099,189,0.05728294075881453,194,0.020368048037350706,91,0.09478918038517295,158,0.003463742945975401,43,0.19027537059387917,23,0.0063805846568636415,112,0.16951821691277005,24,0.0013072526642630145,65,0.25401750711541177,15,0.5937060297094064,475,0.0036806109007036813,461,0.01940472212287736,133,0.11720659259272294,135,0.03390260376904708,138,0.09460238781998019,183,0.016201757462311894,89,0.18389120870268044,60,0.008406006676127564,73,0.209603622063206,41,0.0013844214460420057,47,0.37180505857743795,22
"(154, 63)",0.4998167848081281,470,0.01578923357495027,433,0.5716265971295356,524,0.012305963505187983,536,0.7347240477243797,602,0.010336808472050436,577,0.9016140341288329,608,0.005578376588119398,592,0.9496495927921501,610,0.0028989771561188566,597,0.9635480808033079,612,0.002648045047241491,607,0.5752856843588554,523,0.01795843987236242,429,0.7058285705566618,574,0.010889167892118365,538,0.7688865469838436,595,0.008951382480980742,564,0.9119379612955392,609,0.0055605295657005895,591,0.9361520656646174,610,0.004228764969729036,592,0.9695885913199842,612,0.002543221219538412,603,0.5249751079100409,475,0.015560259579519965,433,0.5740476773422547,519,0.011789266459010211,529,0.7419245447973563,603,0.01015379071891176,578,0.9125411558328644,608,0.005090558393359347,593,0.9645883063083157,611,0.0019147082051796573,600,0.971833130886102,612,0.0019692615778341143,607,0.39542551398516324,411,0.006295055227747091,406,0.6254993911272893,565,0.019247376083436383,519,0.692653862358785,593,0.013621886283763898,563,0.8826912344091993,609,0.00807110609967638,589,0.927964970518146,610,0.005054151216466581,595,0.9575369691410791,612,0.004389285194351434,602
"(64, 79)",0.7732729515335792,571,0.008983209706020567,520,0.5273060853825415,505,0.03424400298006129,337,0.19258855998335933,380,0.07483226440632038,212,0.0294759197573341,137,0.10848081593273719,78,0.009967069996090538,113,0.12370360698667471,63,0.0029349865888093074,73,0.13204879004561057,60,0.46120748014301505,480,0.01937915813872105,413,0.4324692336789655,474,0.031970283457422116,373,0.3007137797036401,453,0.05119707210771272,308,0.0747894602923016,228,0.10481086052600863,133,0.0447620923398504,181,0.09980848510597314,115,0.005215708021751864,86,0.13724563372197965,74,0.805342484671105,573,0.007804035240000619,534,0.5523492618330283,509,0.031014684717885623,348,0.19390090664939752,379,0.0743504485102576,214,0.020079245810535218,128,0.11358181611768299,68,0.0028921055606441204,85,0.12655819269225577,49,0.0009698494502442534,53,0.1346950239811559,53,0.35309851240527135,398,0.01006168155919428,349,0.4130048723807084,488,0.03903651749726037,386,0.2490390188895315,431,0.06305822770255644,282,0.037951969030744825,146,0.1251523732945009,118,0.014989301740400585,108,0.1159333026119112,107,0.004988212938509484,80,0.17645753997747318,79
"(64, 108)",0.0005541471754690885,59,0.10038467943627577,103,0.007089642279053621,111,0.14401155718972883,47,0.07542493880368539,224,0.1022807868010001,138,0.330078002083662,471,0.04848825306231011,271,0.4833545605052919,502,0.03392211527498354,316,0.6290361858007633,551,0.02206537215963806,386,0.011756062042562854,131,0.06584857752308834,172,0.014486414359235922,134,0.09917706640949721,125,0.035948942473677636,156,0.10392838894015213,137,0.19378152991690523,377,0.07631014749183149,227,0.26825950207461613,418,0.05494808382850346,252,0.5647436796517984,529,0.02879513822362752,361,0.00033744933253521125,59,0.10429013607251633,101,0.005784872842329092,107,0.14175575223555684,43,0.07472621035898808,225,0.10216901817335718,135,0.38614674862485654,487,0.042394268549515814,291,0.630580706802044,535,0.021027198673476834,367,0.7314699428642581,572,0.01479747102468785,431,0.02520442500246889,192,0.024255501934550755,226,0.016638724300477636,123,0.11387178186994264,138,0.05100194247509693,176,0.10697985057934863,157,0.29268110087800037,463,0.06334596658271555,300,0.4277023032238222,510,0.03793919795987652,360,0.5700050476891961,541,0.03636321842603305,369
"(79, 250)",0.9328338976020204,610,0.0015791088077366875,611,0.836910659252137,601,0.0058978556561842645,588,0.6462551598685615,587,0.010434465446210048,576,0.29325405601450405,444,0.02033526588585277,478,0.204655566338399,361,0.019692135393487784,432,0.06368959887135905,240,0.02113551578223159,403,0.7948584415332739,584,0.003828504033976136,587,0.8804736157497468,602,0.0028735641489557725,592,0.7919349211171434,602,0.005363649773497881,584,0.4781999938636311,550,0.013828304541273002,547,0.38627499751634387,490,0.014260635739727103,520,0.18434177327325707,343,0.02091264954398138,432,0.9506218503989976,612,0.0011863500552518928,611,0.8527596988604377,602,0.005162890136658454,591,0.6508213304841999,586,0.010312410036051559,575,0.2396116036467133,397,0.021405202405759827,456,0.13372814865415894,303,0.020437940657337776,377,0.0557173252100186,242,0.021533583509598636,361,0.6961960541632908,497,0.002078706242968106,498,0.8107893754269403,607,0.005580560001830185,598,0.677194791562444,589,0.00946043341031632,579,0.317191259096266,481,0.019521173922402008,533,0.23900950435692403,391,0.01861428048758891,503,0.15177431052875912,320,0.026593543839216617,445
"(79, 146)",0.8715287451637325,596,0.0031019334671295007,590,0.59119499266631,533,0.016823905606934496,486,0.6954875869545522,595,0.008742750037988186,589,0.31306110976271684,454,0.019373013130176028,485,0.2592676475899258,391,0.017137324422834315,467,0.36067654452756726,425,0.009208249977456342,537,0.6734793525734236,560,0.006484503663547557,552,0.7328399989069274,578,0.006889947690672566,563,0.8035160371028242,604,0.005037095753802425,585,0.722363288067728,595,0.00634830428674833,587,0.5053185280427004,546,0.010504093853513207,551,0.09437731700961449,274,0.027425374985933143,371,0.8680509758035198,591,0.003285231751555706,589,0.6121812692140987,536,0.015393578216264867,491,0.694936799787161,595,0.008794485110655151,588,0.31581267565879667,450,0.017730666648719733,488,0.15960894592829944,316,0.018952023955952746,390,0.16430632297140713,324,0.014880910992079667,429,0.8913455331615132,545,0.0006766547218489282,550,0.6327832545750638,568,0.011880875985516386,561,0.7041458348059759,596,0.008546129456576776,587,0.5312848892446109,573,0.011304112259724655,573,0.30503489676188955,433,0.01580639776755991,518,0.09793536027727401,279,0.03146439763698079,403
"(79, 64)",1.1495417284734799e-07,1,0.10966933851011501,94,4.445355273363649e-05,2,0.14587945269506108,45,8.5672696928496e-05,4,0.10562349579038113,128,0.013838580947599599,89,0.05375967864484996,241,0.03399190682357567,177,0.03560083342834759,306,0.08307153794989108,261,0.01956525248342067,419,2.582518167515424e-05,4,0.07499242001614391,154,4.545218082796509e-06,4,0.10454935383262244,110,5.395886722214804e-06,2,0.10726550262087557,121,0.0003212154411875723,26,0.08062997359723788,209,0.0024644366532323714,35,0.057552369724681675,242,0.1283426774288391,299,0.024543035175311364,399,7.903643628459633e-08,2,0.11326074044943593,92,3.0318322163713773e-05,2,0.1441108721080255,42,8.253076112307856e-05,4,0.10616883720191216,126,0.019378701629898076,123,0.046985325879003725,260,0.10610010306251161,285,0.02230396441166643,353,0.2247029641316075,352,0.01267092706700484,465,6.810885875507822e-06,33,0.026998119872590973,205,3.509559029235554e-05,5,0.11837911857923236,133,5.9271274199024226e-05,4,0.10813609250414485,153,0.0035708292188696422,36,0.06431255695084498,297,0.020663911623842734,131,0.04035785056050268,347,0.15170422357115265,319,0.026598907371792414,443
"(236, 65)",0.49296514889901877,466,0.04765542677478663,238,0.6094876972751689,542,0.02021879923679825,456,0.2808808337944342,461,0.05166028796113228,331,0.03137758678160929,147,0.07568444038988179,143,0.024480122349422317,158,0.08466451382733393,124,0.016527231704950296,158,0.07728717950430668,143,0.5408173984441508,512,0.04652863452990966,247,0.5080593901309288,508,0.03158653707589143,378,0.28888986720084,446,0.04213050105129146,364,0.1077087638394787,277,0.06869537433746654,250,0.06103536260195852,213,0.06572384779348851,209,0.016732907374659933,148,0.07455697167098164,176,0.5158489375597721,468,0.04202022603108248,252,0.6156136800553696,538,0.01806626559191955,469,0.2902142508591016,466,0.05197354477548634,324,0.023400341933898505,138,0.07563245858913645,133,0.010473518159171746,140,0.07971934695254157,112,0.01059030193879662,151,0.08032702982900486,134,0.5912756704005284,474,0.02053952913454141,250,0.38572513600669467,477,0.06480292689033991,281,0.30494142838536586,468,0.04602076414670903,382,0.10849204733743267,275,0.06783093475981126,283,0.06754884821716223,228,0.07779760561305252,186,0.041998350038088716,201,0.08999662863666665,191
"(236, 177)",0.009266219689159638,144,0.1792325586829472,43,0.0035218593927535125,80,0.11267295128780058,84,0.04109985748825029,149,0.0980356620143655,150,0.32084465035309684,461,0.034869697762847054,355,0.3573657635772154,451,0.034641894302454304,312,0.4139564450168889,446,0.02641532434481446,347,0.006358774074709306,109,0.20461904848829965,38,0.008249471847860956,106,0.12473781378553013,82,0.038935845712186445,162,0.08217206287864749,184,0.1440493373098488,315,0.06235061670597717,275,0.2228472721345851,390,0.04268229044688348,319,0.412205470974481,461,0.025623639257215905,388,0.00776243286416789,142,0.17020276535554812,47,0.003328888739699387,84,0.10292907055946647,85,0.03858926600942936,144,0.10182781159472198,136,0.3639526792773494,474,0.030299396555751524,374,0.47676078829451707,473,0.02232686532111279,352,0.47527896380487067,460,0.02260380881905612,347,0.004148082368734984,122,0.1072929935122065,38,0.0201380613334583,135,0.17338627465817874,75,0.03493741449761145,140,0.09475359905189061,182,0.14310290602308162,316,0.06185065253545961,307,0.20825280888615483,372,0.05345339054099219,279,0.2776806558162238,400,0.04794998122763598,312
"(66, 207)",0.39108829073510987,423,0.01684982350700501,418,0.13214049736328082,313,0.053394559856716525,229,0.04506295179622399,157,0.09592466260897958,160,0.014176661070592456,90,0.09208350168521291,103,0.002873906955341954,60,0.10129105995461384,89,0.000771608631367382,39,0.11625598241928535,79,0.3816501771036144,438,0.013021098846106069,481,0.1142751569437297,289,0.06081295294621688,217,0.05290830066932317,187,0.10590303425719415,127,0.016680967787342738,89,0.1393533007938145,72,0.008407108442510247,72,0.10458481246647831,102,0.0011562478753790462,44,0.11929943078204348,97,0.43077568923755616,435,0.015907814523335423,428,0.12541978743376614,303,0.052532806566212224,220,0.04308283427151782,154,0.09400268171674037,159,0.01087049054380751,82,0.09195741881155,100,0.001366614693913415,65,0.09426815059221673,91,0.0003922874118265085,39,0.11899244476558168,74,0.4879071136343811,442,0.003269117327702332,476,0.20204025421273009,367,0.04632256984310425,348,0.06035692613663812,197,0.10613471453565128,159,0.014543818762107086,79,0.13742544126513,99,0.00402210734566566,50,0.11426560415259178,110,0.0011320465823878578,43,0.14030081755560833,109
"(66, 179)",0.019401504332813513,181,0.04585730123164924,240,0.11812148522612342,298,0.05542844439443145,222,0.26727029223708976,455,0.05299317368952698,320,0.43547857583238314,524,0.029402496944254567,396,0.6312415837872227,563,0.016787917127945595,470,0.7493052148398804,592,0.011739819450335484,510,0.020714719806717685,164,0.034390865373698766,312,0.1363757125163606,308,0.05733251899220751,235,0.2436583462263675,420,0.06365354228913696,238,0.41264582084689716,524,0.04782612460004943,356,0.505620416617089,547,0.02669373252170953,423,0.7170174748025577,586,0.013989819377296852,501,0.01466334153185489,170,0.04908512831839636,223,0.12458115031507466,302,0.05265042059527521,219,0.2739099604532911,457,0.050742561925493083,333,0.47177991046657963,536,0.026167164947797767,405,0.7026605773384245,561,0.011766983726821938,470,0.796072198765176,590,0.009398748439662817,512,0.009629680552672437,148,0.012096849127341599,332,0.07055486458430038,228,0.06578036707806474,276,0.22446581539634214,407,0.06850407776269658,259,0.4319177695239209,534,0.044377169767190444,384,0.5947553999665991,569,0.021608300360555957,484,0.7187912717379669,585,0.016323528284972147,528
"(207, 262)",0.6933413329663236,548,0.011682345248264094,478,0.44178561557733675,476,0.032554157217474074,347,0.2873527850503821,467,0.05355297312698762,318,0.18404352373248467,356,0.044942593067883715,294,0.08326574906658868,254,0.04641655234305176,244,0.034558485713460985,191,0.05036893672968872,223,0.7340735105791512,571,0.00865609668898291,529,0.4518641743272911,485,0.037105036727928996,326,0.3086453268959013,459,0.06268629375614175,244,0.2060499374898428,394,0.07154323419701691,241,0.1486374621437485,324,0.051405025303319876,273,0.05000347575482933,213,0.053729101774771096,239,0.7227016625263804,549,0.011007365572245974,482,0.4173135521735192,457,0.03295233253547646,331,0.2783117946416993,459,0.05318931202035498,315,0.1603861886777156,332,0.04488966150206081,271,0.060253285061590445,240,0.0406489541210707,230,0.024651839261361497,190,0.04962974004141051,210,0.8346075187105387,532,0.0020307075087754325,502,0.5595592762676771,542,0.027254692806487704,456,0.330103456058229,481,0.06002412193434199,301,0.1940776967547051,380,0.06679644514025716,288,0.09565822192674789,264,0.05371658244651289,277,0.046140541934807544,205,0.0625790163281256,271
"(207, 66)",0.001517716408398706,78,0.08997368831971325,123,0.013546293005179955,137,0.10400881744510512,93,0.039342025107215406,142,0.1039050095514051,131,0.08016432620286273,240,0.0592886084859512,213,0.17876551214936942,340,0.03598049203903063,303,0.3065564683798696,404,0.02433198405356151,362,0.0009388014913384035,55,0.0797463276592164,139,0.012589797210419196,126,0.1223946940019307,87,0.03407440725296307,150,0.13067215665109458,79,0.06859785797318307,214,0.10322602719220589,136,0.10401158796458776,275,0.057901226341841236,241,0.2519429772368088,385,0.03134071443338179,340,0.0010800269088014902,78,0.0962775173617541,111,0.016139205008988022,151,0.0974420199891876,95,0.04181957646759327,152,0.10004798974926028,144,0.0952436667222527,259,0.05340598761671624,220,0.22471482910006668,355,0.02621193254288896,318,0.35634344711957333,411,0.02037365044177154,369,0.00020004349323521353,76,0.03269138566080293,173,0.00544798808427327,77,0.1276373978470673,125,0.029470834807691304,129,0.13430072590374162,107,0.07463265397567875,227,0.09185488649902694,193,0.1598009788458501,331,0.045271268524697275,321,0.2637825407139186,397,0.03499781627602271,378
"(179, 172)",0.0029340854344517275,98,0.04275406961282811,257,0.030858061605181564,191,0.05340157189762488,228,0.09677023045990218,258,0.05496177238484489,308,0.2163555576607472,386,0.03170240597071059,380,0.41937356196586795,477,0.017643321355406066,461,0.5864270192903352,530,0.012349054891862797,501,0.004262685754644502,93,0.031862200568376346,328,0.03897920370803232,189,0.052081022624197,260,0.08012343420690815,243,0.06229912594237954,246,0.20179140818562713,389,0.047163108693404905,362,0.27537354407387715,425,0.027507423428677357,417,0.5260697790412512,511,0.014688410403472064,494,0.001971732337440857,90,0.04599997845142513,237,0.03229030001143063,197,0.050843043308238176,225,0.09933477133091317,264,0.05272112919718428,320,0.24126157326931197,398,0.028706131606445626,384,0.5054337619943077,482,0.01284052391195257,457,0.6356701781209398,531,0.010762972319672225,491,0.0014448905746402563,108,0.011700434802692814,334,0.015967545308513187,122,0.06320880440310658,285,0.0775965294954043,226,0.06857249710228377,258,0.2294445256724158,407,0.04553994444783786,379,0.38291860016354784,480,0.022314227397052782,475,0.5282245896705354,518,0.017672839837255098,511
"(179, 66)",0.6290684631162896,520,0.007143357858509625,550,0.32331208644347087,414,0.024404482792143082,422,0.15824647913512246,345,0.04665125186311785,375,0.06384219088729814,216,0.04761885854460965,278,0.015905146508002455,136,0.0525131579431312,218,0.004328822035025048,88,0.0634232463537718,177,0.5881822210081078,529,0.0061659439895959435,559,0.28872502038238346,416,0.026717491742976062,417,0.18411470970388333,363,0.0472105408953552,331,0.07067838964615336,219,0.06690744283339368,259,0.042658528740811885,176,0.05121793049124263,275,0.007159831090794766,100,0.0615207551175199,218,0.6690134066303852,536,0.006595210694557705,546,0.31660466717594127,408,0.023754713343715834,417,0.15474400489233886,344,0.04547930906610386,378,0.05378179385222026,206,0.04734334749126721,258,0.008419275426980954,131,0.050278145958385846,188,0.0027542393707510326,89,0.06602001344832902,161,0.6977413315239769,498,0.0014913589004466963,516,0.41882174611753265,491,0.021273905238078837,506,0.18859792406389708,379,0.05100175195429289,353,0.05832127454257974,199,0.07189125433988222,260,0.02053361802243514,130,0.05917371683113178,256,0.007037864516528103,94,0.0745473561615496,237
"(67, 184)",0.0031595966469051273,102,0.07228980235084144,169,0.0153976556841241,146,0.07324435745275329,156,0.028741982101217367,116,0.0873825052746706,177,0.04367762541016784,174,0.060145191319734746,208,0.14282819831276794,307,0.028483498780752434,355,0.26798954821503884,384,0.019536864171389706,420,0.023477388167069346,169,0.04281722510704362,267,0.011020807070738492,120,0.0707942449053215,184,0.010361948819084033,83,0.08249123588282928,183,0.034168724298232034,144,0.06458365344504881,269,0.12378377836662513,298,0.034416869143803736,364,0.2684387353987828,392,0.021039819015637645,430,0.0016505255310181877,89,0.07775500213128873,140,0.01383261794958357,142,0.07349211740575022,144,0.03386949936215211,129,0.08634061465120042,179,0.05553842578081636,209,0.053088641346790054,224,0.21563321319744244,348,0.020621948664008186,373,0.29620359748698954,387,0.01690540747790555,405,4.305600440401847e-06,32,0.050272408745326895,104,0.012394309807309378,105,0.0650392421620635,280,0.01711065639396525,91,0.07734409597990717,223,0.0648894485849244,206,0.05330619960515472,340,0.18349890719310136,356,0.03072431090631838,405,0.23430152688410688,382,0.026566726176337627,446
"(67, 192)",0.6212216043385901,514,0.012431935125054661,466,0.4239344455537436,466,0.024256388488158545,424,0.33379639842122244,491,0.03858657051958412,413,0.27188303441223316,432,0.03269589382354013,375,0.10872075823053362,285,0.031195634983393953,339,0.0448439897426689,212,0.03545352276686962,290,0.36347335094296795,429,0.01717951583381826,439,0.4699344333288643,491,0.02026391388277827,464,0.47818967806814383,533,0.02299790233775773,487,0.30823604853925546,465,0.031024471191093056,445,0.12622416220838806,301,0.03419362201966079,367,0.04470780274779762,205,0.038241003979428825,305,0.6857110294904861,540,0.01042050360366245,492,0.43888960473690897,469,0.02321438178957541,423,0.30953836625568365,480,0.04129649882193514,396,0.2365654382767901,394,0.0327503315556211,355,0.06416324731992518,246,0.03088916304142334,287,0.03706021899153056,208,0.033800238058536075,273,0.9519845059608479,558,0.0008313763052974357,543,0.45400570637301174,505,0.01958374824680465,517,0.40903923581932444,522,0.026848976509559697,487,0.21401405832867915,399,0.035811428751910186,434,0.08047798610681123,245,0.04043905006750298,346,0.05640724447838963,218,0.04270559569691444,332
"(184, 67)",0.2713264385034454,373,0.03214409038696418,306,0.10480801164975095,282,0.06148897939968964,193,0.03556917716212926,131,0.10630621481693842,125,0.01306203607904377,82,0.10184049898226526,85,0.0015128798290180434,38,0.10141997285657013,85,0.00041923434304691476,33,0.10790369571291959,94,0.08050499558107227,258,0.045475896096564314,253,0.08959476118499243,261,0.058727283266682355,227,0.09178305560852085,262,0.0655767441647201,227,0.020111754808285198,95,0.0978062163895738,152,0.0025259131915371658,36,0.10393539027674333,104,0.0004177896303662054,31,0.1147273854915445,105,0.3296899095595942,401,0.027683353119863276,331,0.11024142193570352,288,0.058987237337892115,190,0.030835962513798054,123,0.11296469198633127,109,0.009021583732229388,73,0.1033420443083185,82,0.00047481314116981643,40,0.10218842211692966,80,0.0002977352340830519,36,0.10478767172523101,92,0.82426995600376,529,0.002654797245169995,485,0.10623755185494488,275,0.05266713209043232,325,0.07394497577391113,221,0.07317126483554356,240,0.01095237063258836,65,0.10736596959087501,150,0.0017648135804391174,35,0.11617652433705597,106,0.0011177899069699793,42,0.12076836435243007,133
"(184, 201)",0.31871217139189656,394,0.02861599226449952,332,0.40606302454755194,451,0.027932212524974787,391,0.46564021262826005,542,0.030951227945328685,455,0.5696831328243491,579,0.018686952750509717,494,0.6687465329206799,580,0.010784272258164175,524,0.7073471379380387,579,0.009150916719825174,539,0.4519755027217257,476,0.016872086826321978,442,0.3775201189968914,452,0.027160985978846343,411,0.3986503922411997,502,0.029010969642889697,452,0.5335977076215176,568,0.021295787189001367,507,0.6686933624315627,590,0.01152058075918536,542,0.7241059537854164,588,0.009090935087554331,546,0.3121359994512848,393,0.028895881326611073,326,0.41003329357845353,453,0.027012920314955356,383,0.4798746841847982,546,0.030773897992967425,452,0.5777150162177256,574,0.01760662650451484,491,0.7177618555441048,569,0.008368841086665768,525,0.6931921365332492,551,0.009223446160752777,516,0.5858514561890725,472,0.007101476438939929,386,0.3671994342505239,469,0.02646353944466414,466,0.3908514224579426,516,0.03087029699383088,465,0.5281764999364064,570,0.021642051564750773,519,0.6398491521265349,584,0.013812205698886608,540,0.6293225981769349,564,0.014375799741017999,536
"(184, 253)",0.015407953512310502,173,0.07922100513289178,145,0.041046867641512774,215,0.07992851532823729,141,0.09817884938444821,261,0.08108205938323274,193,0.15245364739522316,320,0.05504582347574844,235,0.33688350428045233,441,0.02727620462762377,364,0.45905702933329773,471,0.01972305810029869,418,0.04706607243735361,215,0.05254164316240933,219,0.05496453922457245,217,0.06754422069853498,190,0.049320769044455925,180,0.07808700629253938,190,0.1254586586538079,298,0.061290688350499674,277,0.27958231155993285,432,0.033519394593909915,369,0.44781191031571943,473,0.02158213961963208,425,0.011134901237062289,157,0.08251841561409734,129,0.03799458977908354,207,0.07940722721846574,132,0.10562832973972991,276,0.08159051817349183,191,0.18547917955450366,355,0.04846250890325768,254,0.4378594878643024,449,0.01985556892865462,382,0.5086216695723091,474,0.016506227540007603,408,5.2512321946807106e-05,45,0.060265277959926374,83,0.04717704773237186,197,0.0666160181027554,272,0.06412038653289298,203,0.07618036835056094,228,0.18612892891624488,368,0.05156544646053585,348,0.33600209104802814,456,0.03168419834986023,400,0.39775531242479634,459,0.02736359387331336,440
"(192, 67)",0.006096565446930047,125,0.03425933584334054,297,0.03226099358254897,195,0.033597436711983335,338,0.04054043384726502,147,0.047416168651709105,370,0.0430105171381725,173,0.033050756291701504,371,0.14788355441164636,314,0.01553731486010835,479,0.2750103164317742,388,0.010834315791583032,520,0.03233825466726992,188,0.020646050594666985,402,0.018911332472255182,150,0.033997014874139274,348,0.014014685591246079,100,0.04228740354774102,362,0.035744990884346795,150,0.03367872539886051,429,0.14230329754441562,315,0.01816073133224569,491,0.296728246287566,399,0.01084102924510957,532,0.003351708461477809,108,0.03660017023374143,282,0.030439018027891507,192,0.03328967882996563,328,0.04743925146968386,160,0.04664808298187081,369,0.05209158028467842,201,0.02967128674038368,378,0.20995531261493006,346,0.01165896510149627,471,0.2828562392938493,380,0.01001005392846531,504,5.994022209565575e-05,46,0.013302127076648778,321,0.019201133494861744,130,0.033500706557522526,428,0.02518471624588081,113,0.04029165502639609,413,0.07127554100542222,220,0.029230071187077884,472,0.20571133388082807,370,0.01687009246947106,514,0.24750363335915881,390,0.01529679490617649,532
"(192, 193)",0.5459761165079694,490,0.007657425928391728,541,0.31673898053999183,411,0.01569031102552557,499,0.28290953906301164,462,0.02481266388493017,498,0.27415836028637985,433,0.01782539347751878,500,0.10460796064562783,279,0.017437906645726746,465,0.042763430159777904,206,0.020147769513624722,415,0.3163851446974949,412,0.009653181790051587,520,0.39476130996649017,459,0.01234724222363055,530,0.43707532226131296,518,0.01343445473698478,545,0.3015565974094463,461,0.016543895022342367,529,0.1091594831050211,280,0.019838911102916003,482,0.036929206788461455,198,0.02171368264454636,424,0.6148749493804869,511,0.006441340402163746,548,0.32533187806229646,415,0.01511277712805598,497,0.25968996114760157,450,0.02646842034819229,483,0.24593786239738913,401,0.017686847318568937,489,0.06675047223365504,247,0.017082476984786193,397,0.04055503202314803,217,0.019125380694851226,382,0.8871278494626428,543,0.0005417910217942926,553,0.39257941224262294,479,0.012251438443517003,557,0.3532130897688166,492,0.016707643413373482,544,0.2005953582397315,383,0.02070314962087034,526,0.06876072445938908,230,0.024308419465726084,464,0.051538366292227966,212,0.02580778631686218,454
"(68, 170)",0.31061538235587405,390,0.011598521739033677,479,0.4275531830621122,470,0.010506617711775837,550,0.3575230351458236,510,0.01987853583916688,527,0.23242456795590383,405,0.01787600492307484,498,0.18420724084213957,346,0.01748535247840111,464,0.10143440912738266,286,0.022319336225601363,380,0.28933776426341695,394,0.01316846886997467,479,0.38640474767268773,456,0.013559200732388872,519,0.4322692792866556,515,0.014617094722696924,537,0.24293193945353742,425,0.02139488490947215,505,0.1925928243298386,364,0.021287114669460337,472,0.09500989084172762,275,0.02655335575171877,381,0.3095377821475491,392,0.011562409723255694,475,0.4164184331357591,455,0.010554511648168124,542,0.37476169734975173,515,0.01859710504934569,535,0.22749877616700387,386,0.016932388492945653,493,0.14079617328527783,308,0.014991127499051736,426,0.0819074040597535,265,0.022451031413972512,350,0.9997000299990002,604,0.0,605,0.4266840793086102,494,0.022006482580421982,504,0.3663392520260955,499,0.022992191811297965,511,0.22728048302688442,405,0.030141980395760805,462,0.24564436407835644,399,0.02842566778587596,428,0.15954011255627432,325,0.044604286228747,323
"(68, 144)",0.03362399282634998,207,0.024336635213069346,357,0.015005278951124357,143,0.03209063326526792,355,0.024453805659911287,101,0.04860753346259581,356,0.057138707621703144,200,0.028535643587000444,405,0.08007031724657265,250,0.023082673443942194,399,0.15195899209048558,310,0.019505971008297183,421,0.03881828528222808,199,0.02572319279160231,366,0.02004333220767507,155,0.03635729799800969,332,0.01450720538913397,103,0.04531596841327962,342,0.053171423703195164,185,0.03550139326179313,415,0.07542265617878163,233,0.02909575019016248,404,0.1607175802668892,325,0.022285440626239002,417,0.03386963298794421,204,0.024174049859361876,353,0.01624186231806224,153,0.03112214467160806,345,0.021724178105816172,95,0.04805249680001012,359,0.05910776521305794,215,0.026535650144503084,398,0.11043181187616335,290,0.016255481905198724,409,0.18104815389926732,331,0.01723505410964364,399,1.000088900582341e-12,8,0.001712131839355033,507,0.015098697798909377,118,0.06703057542517266,270,0.023020228872622228,109,0.057832457356186896,317,0.059196720910753564,200,0.047198328008761226,366,0.052195979312543495,204,0.04763585091996592,309,0.09584373030961091,276,0.05286221084812774,295
"(119, 244)",0.006456622041214999,128,0.07342234697666034,165,0.0013866520606827804,56,0.1058079388532082,90,0.037302198440977374,137,0.06988594494936856,231,0.10072337532868081,262,0.051940525410333886,249,0.2099005413332291,366,0.041136456421554383,280,0.26495713895082906,382,0.03680725560724826,281,0.003735870401599173,88,0.12130823620342761,83,0.02183550636822773,158,0.059646979235920466,222,0.015808032158129537,108,0.0881405085899923,165,0.07862481286767231,239,0.07371556054312645,234,0.12868528334429818,303,0.059960588702138606,236,0.10740485544968359,283,0.07817070415721378,160,0.0056545684883670955,126,0.07630358777037569,144,0.001115678362590189,56,0.10371396614621657,84,0.03716989267599147,140,0.06864486589127225,235,0.14976429592007623,320,0.04272301177526598,289,0.4064029952478715,439,0.021862681502719247,355,0.5822339605446337,506,0.012715780946189645,463,0.0007061919418762663,92,0.06119764275243008,79,0.005101545314420641,71,0.14174189997981262,106,0.029100490068608487,128,0.08636751395859328,203,0.20862259504732716,392,0.05020607005393955,353,0.31752257127169414,440,0.032848874341219546,389,0.14737787280965375,314,0.07125567959788831,247
"(119, 71)",0.8229185193558987,582,0.004418630182916991,573,0.8022035681127555,592,0.006234377523458221,586,0.8505997244965148,610,0.004617402724164546,604,0.921595249788827,609,0.0022852973538896276,610,0.9585022916808283,612,0.0012947379261389756,610,0.913057609271072,608,0.0028442583803967017,603,0.927045341660103,609,0.0027100946685443355,599,0.9159143296823427,608,0.001942857735015513,599,0.921229597592367,610,0.002544772848688399,603,0.9506371215165428,610,0.0018626198912908441,609,0.9344913996103291,609,0.0023989829853233494,605,0.9354042511909456,609,0.002880994101927004,599,0.8176764776612947,576,0.0046693909901368135,569,0.8033113494266739,590,0.005980317263362162,584,0.8514224630646029,610,0.004505300281986905,604,0.9264296412611063,609,0.002050862550600396,609,0.9672203448888202,612,0.0008813647212450857,612,0.9062649260792058,607,0.002417408632746035,604,0.9765009505040058,567,0.00037921123850008205,560,0.8852710008417938,610,0.005234131869452404,603,0.8473249039293418,610,0.005551099066113443,604,0.8953027921024008,610,0.004081746802856611,609,0.9074554236325973,609,0.0030818133074499705,609,0.9006675451928084,609,0.004637540130716951,601
"(119, 168)",0.13855011105067416,304,0.03774014415418185,277,0.2795121862940716,388,0.03253558933314874,348,0.03581565440230006,132,0.07049438434693187,228,0.008385318241872719,61,0.0868661287030002,115,0.0016197393870203136,43,0.1109585161591679,79,0.001002412820316767,42,0.11812794111262145,78,0.15424882092479875,318,0.05621765706594741,206,0.05125313813976218,210,0.04998466633656921,267,0.06562718661555578,213,0.06567269736639773,225,0.011409358175149764,73,0.10932491816353775,118,0.005241698512203574,49,0.11588188221603118,79,0.007242398814403694,101,0.13611120129228407,75,0.1499967412190466,314,0.03736489211908012,279,0.30020155066958876,399,0.029846581065084542,358,0.03587870274249194,135,0.06916394693335538,233,0.003980823060210414,48,0.09044275355758187,103,0.000148110169986726,27,0.10991924066349541,72,2.70527198549253e-05,4,0.10888582768236481,89,0.2714491501905303,376,0.018347622337039255,269,0.14128078795662558,311,0.07040912961314436,254,0.04577517661290109,162,0.07840601802737314,222,0.0020849945867480457,33,0.13229918692037795,108,0.0005671934309805504,28,0.12429025790545967,94,0.004467892189586875,75,0.14807295936740966,101
"(131, 244)",0.021629654308302992,186,0.004182552025283544,579,0.08008549427279266,260,0.004855081028620403,597,0.15322647575308745,340,0.006699620344373431,597,0.24083273630771473,411,0.00419905587418884,601,0.4960424011709792,509,0.001868961230502153,602,0.48959051484471106,486,0.0031893711933221785,597,0.018526052326804043,157,0.005367207364761289,566,0.012361506381092902,124,0.0036818603247368745,585,0.10819958526024975,280,0.00413403968906242,595,0.34655641018279015,494,0.003184061915421244,599,0.47822620498228907,534,0.0024123092025446482,604,0.5213898252128808,509,0.0029010115187617863,598,0.03176342961681067,200,0.00386729579526699,581,0.08234732938375044,263,0.004569574521143913,595,0.16716477317775924,353,0.006166628919398496,600,0.2514533748730705,410,0.0037903229332345205,602,0.5199845287188313,488,0.0014048827141132944,607,0.5238558653105292,479,0.002501044468605908,602,1.000088900582341e-12,9,0.0010216721718312209,532,0.05045602549422257,200,0.010538655521971411,569,0.10976190025052635,279,0.009052911654613185,582,0.34728529026766664,496,0.006048738027017502,598,0.43453917698875255,515,0.004223504751584144,599,0.47874356155447706,501,0.006810920152324326,584
"(131, 71)",0.3753940472430427,420,0.0016154570551020885,610,0.18418079472639426,345,0.003678180082561453,604,0.1004720595664037,266,0.007711633157672275,593,0.05393970241557455,195,0.006914391692777091,587,0.009050814354943926,110,0.00709922063783382,560,0.009507399856455878,127,0.011865757795374821,508,0.3977095935150389,447,0.0019311706300001734,606,0.4543679306186572,488,0.0011073592840879316,606,0.14345526338796655,316,0.0037630877427165866,599,0.026354244197496657,116,0.007515466807114216,579,0.010359110095584434,86,0.008653728800924127,564,0.007430749785501289,104,0.011965368859594306,519,0.3190377320165574,396,0.0017924037233243795,606,0.18030401436311339,345,0.0035190367738260086,604,0.09059816179823832,253,0.007563502260661898,593,0.05017035647871437,193,0.006486538107367479,586,0.0075137377402985095,121,0.005767906329194808,553,0.007286955799974293,129,0.01039944044296046,497,0.9997000299990002,605,0.0,606,0.25061924562150684,399,0.00617662756486917,595,0.14158692501814973,321,0.008316318326891137,591,0.02622372193287903,114,0.014310741202420608,558,0.01427272175752603,105,0.01318804336317431,543,0.01031897437331697,111,0.024473416033897525,464
"(113, 233)",0.31303519429663507,391,0.009450173414520976,512,0.42977716067753247,472,0.007947895936152057,568,0.4288279067026428,534,0.006450387680591562,600,0.22662132104901667,396,0.0058829981966231374,590,0.0987149270965566,273,0.004569235974975081,582,0.23410818753035878,367,0.006426473715206228,563,0.1663658126733334,326,0.008905646230911463,525,0.3893473157320708,457,0.00461046180071937,582,0.5088038279394568,542,0.0037531345551299784,600,0.3184601541498908,472,0.00477139877058325,593,0.21126303996485274,384,0.003651911289614984,597,0.2583002711644238,389,0.006342829719236385,566,0.27634502361430235,372,0.01106418310362777,480,0.43907945553326977,470,0.007512235179549557,567,0.41453608983197854,528,0.00652237784629438,599,0.2352834969676214,393,0.005783856831047941,591,0.061913757740387654,242,0.005019703189800415,561,0.20643969518669247,340,0.005625146534097665,561,0.17624625394225413,324,0.004551596780899053,445,0.21873927668290583,377,0.013918215306844065,551,0.3811943448715577,510,0.00617166397331017,600,0.2973074697349365,467,0.005558833796963707,602,0.2449726295831971,397,0.007880120137590775,577,0.32978457927701066,423,0.0066465661898230805,586
"(113, 72)",0.03307876364971851,205,0.019988847022466553,390,0.014768550637639155,142,0.024446723326575034,421,0.014869185699365461,78,0.019781130234310124,529,0.05946622211320762,206,0.009189153818982977,576,0.15558020538412565,319,0.003926326552379831,590,0.05648211973608219,231,0.010323047858241017,526,0.09113115044546238,265,0.010884233500011352,508,0.019637860587920164,154,0.012478396050229646,529,0.008201852146295652,76,0.014857313227596184,534,0.031887736557679514,138,0.01027518185214057,565,0.06614441036906349,218,0.005378118219379883,582,0.04788887570327005,210,0.011123628071012377,526,0.0423792555388004,225,0.02067055461317951,379,0.013813686480981024,141,0.02379653273457334,415,0.01645964467128125,84,0.01911847516476615,529,0.05602860600178694,210,0.009331355830498381,567,0.22078083893016243,352,0.003285639920673172,585,0.06841092544889649,258,0.0081287372927883,528,0.08479596986501614,260,0.0058086963724319485,419,0.0627952932710647,219,0.021098428578862804,507,0.02078015989024773,100,0.016276766259474284,549,0.03678510410391289,143,0.011155652216138344,574,0.05243575838731496,205,0.013173348324784465,544,0.029534598088346575,177,0.014855835906551937,533
"(257, 90)",0.0033683068646015446,104,0.13858900554533313,70,0.0048122250585179716,96,0.13298677770298892,60,0.0045568176848160835,47,0.2113779549875503,29,0.009619292139776636,65,0.13489220820913414,51,0.008677731003383204,105,0.12814613684260856,59,0.0149081366415309,149,0.11934390714461454,77,0.0010955416821172292,59,0.15237993684014625,59,0.0005890090675961801,45,0.1966287313668463,35,0.0021319346939704387,49,0.22976094791921903,26,0.006287978681336903,47,0.21613807421000603,33,0.00942417965903597,82,0.15636600653512414,50,0.00965672566093878,117,0.15458475382698525,59,0.0037953157665410187,113,0.1376128185737941,68,0.006469229225472106,113,0.12244284530858138,65,0.005174218446873602,47,0.2074299011685854,30,0.00991061907134494,75,0.13266788538769275,50,0.009507203332122849,136,0.10992644724339111,71,0.008947493050758704,141,0.12980144617524705,59,0.0013296100080000262,106,0.099311292498658,41,0.0009133155448686203,40,0.27625556943558605,33,0.0021377681067449306,40,0.257739095649039,31,0.009308447927596886,54,0.2132357903076323,48,0.007691066309992611,68,0.17877286632752531,53,0.015957969365327895,138,0.1793653408524952,75
"(257, 244)",0.08237669182919494,262,0.07468776670062878,161,0.12256343963771532,303,0.0645909380085658,181,0.1148965514891731,293,0.10465157638088785,130,0.07051540927389588,225,0.08772260565509847,113,0.051966374528862325,213,0.08966407247075094,114,0.043329812302017046,207,0.09548673152561016,111,0.12949550396944265,299,0.062005603622720264,180,0.1662278817593048,335,0.06794480658372778,188,0.1132442290396154,287,0.10508709654222907,132,0.06256420281200947,202,0.13714529926833546,76,0.040694203597867795,168,0.11799600081540616,78,0.043697524454660575,203,0.1150188996375502,104,0.07765179669114164,259,0.07666612570765184,143,0.10339658848221867,280,0.06604566715980503,165,0.10344172311723931,270,0.10863443848896383,119,0.0679276459893382,226,0.08767167217363969,112,0.04994005315741101,229,0.07881099759324255,115,0.06171512649164557,249,0.0869189831214265,119,0.1715647614570457,319,0.03613986109038895,153,0.13016077380758917,298,0.11045023841445524,146,0.1280875082528946,306,0.1121821158134311,147,0.05109371178954347,185,0.1514598547763019,80,0.04179284397127825,183,0.13008745055025384,84,0.023946267463961113,158,0.16608140310012184,86
"(257, 210)",0.5069475045620848,474,0.023028098307914906,363,0.4737741100190582,488,0.025234315761401904,414,0.4935535367897259,551,0.03776572406110738,420,0.4866277619173792,553,0.027199257896444326,421,0.5127066903437278,521,0.023686688317659042,393,0.44263435708130683,464,0.02904221731642503,325,0.49761541759443206,496,0.02323459838551909,385,0.5636584289249424,538,0.02362857624911066,441,0.5801649306484981,559,0.029406413140712684,447,0.5820573037458369,582,0.03120806275743893,443,0.5811153435534637,574,0.02398534379991147,451,0.5380206158451881,519,0.027031082338363988,375,0.5154550036407033,466,0.022641996690946974,359,0.4694370551827892,485,0.024426903506543893,407,0.4972373140348145,552,0.03727782860119037,416,0.49560025071305536,545,0.026224640975013497,404,0.4779881666475263,475,0.0226477182726917,348,0.43851375649205515,443,0.029416505874976764,304,0.6405941018866654,485,0.010006674160274358,350,0.6122964680277582,562,0.029581141236838936,441,0.5463527225068707,561,0.036480982268162494,434,0.5425872988283912,575,0.03659672255322334,427,0.5878461802725758,566,0.026074650041428706,445,0.5816421254018722,546,0.029939238838105602,423
"(257, 73)",0.693642465365427,549,0.0126769148942878,464,0.4555290033865831,480,0.0264878442905074,403,0.47425899800865745,545,0.03978698462537364,405,0.4710633801463552,546,0.028362050564010567,408,0.5928177928462328,556,0.01872951829606935,446,0.5703405009017972,523,0.02036889219900318,413,0.8108295043343428,591,0.007226028662801803,546,0.746789892886621,580,0.01227518857815327,531,0.5878432491516248,562,0.028722886370720003,454,0.5436516244933722,573,0.0349757580897381,417,0.5931339100630731,577,0.02311412585622595,457,0.6015390057600453,543,0.022339605401203708,416,0.6739200299536254,537,0.013740751789373456,449,0.4513285334734962,476,0.025626816845601367,398,0.4797929894468398,545,0.03908511932670005,402,0.46772872629232376,532,0.028271868289704523,389,0.6206874402976538,530,0.014904168101643526,427,0.5997845736248137,512,0.018647069895858695,386,0.46368453888924355,430,0.016879944228019476,286,0.7108444423864142,584,0.020800017698505455,509,0.5648691163960282,565,0.03455056877880312,445,0.5457013973176825,576,0.03626877473435461,430,0.6429697167434569,585,0.021813277306301497,481,0.6201481444506727,561,0.02651730505474634,448
"(74, 223)",9.999999999998899e-05,27,0.1509732799582811,62,9.999999999998899e-05,14,0.09802160033958472,102,9.999999999998899e-05,13,0.06475323515434891,260,9.999999999998899e-05,11,0.034346324592588455,360,9.999999999998899e-05,12,0.01866598133797248,448,9.999999999998899e-05,12,0.010844613512613874,519,9.999999999998899e-05,20,0.0811031559001214,134,9.999999999998899e-05,19,0.10523831621802882,109,9.999999999998899e-05,16,0.10337850328438414,140,9.999999999998899e-05,14,0.057166867104845503,301,9.999999999998899e-05,12,0.030218846833605022,393,9.999999999998899e-05,14,0.01511853254503961,490,9.999999999998899e-05,31,0.15825256545884658,55,9.999999999998899e-05,16,0.09404781578139652,101,9.999999999998899e-05,13,0.06330041825409415,260,9.999999999998899e-05,12,0.023575929491750296,437,9.999999999998899e-05,12,0.009030244974871858,512,9.999999999998899e-05,14,0.008089955336113229,529,9.999999999998899e-05,60,0.05172214042496933,99,9.999999999998899e-05,15,0.11358443255549575,140,9.999999999998899e-05,15,0.10214663057958218,166,9.999999999998899e-05,12,0.05545754842795841,332,9.999999999998899e-05,13,0.032200031876929436,396,9.999999999998899e-05,13,0.019592984499390856,497
"(75, 127)",0.08315146224264303,263,0.026304355002205,346,0.05405259702097587,231,0.06657859917261284,175,0.07743621843963511,230,0.09647139084269171,158,0.07651469406848876,232,0.07148400805378452,163,0.08650655408137009,258,0.05293851535001416,215,0.10949213890463783,290,0.04304683960158396,254,0.1093752384256863,281,0.019853324529718212,410,0.1281042207254044,302,0.03758334339925459,323,0.09437778468806512,267,0.06185939635147456,248,0.07048941061801584,218,0.06304471800283253,274,0.07193640982735305,226,0.04724407890440022,296,0.08751507415896254,266,0.04164026414243116,284,0.08172352867031996,261,0.027638572487722363,332,0.05085501281754434,231,0.069882030818918,153,0.0698209340475704,210,0.10007963282186458,143,0.0762351140379689,237,0.07003370404060892,153,0.09829635024503347,280,0.04339866471683306,213,0.12918830825325722,298,0.03712295075063652,256,0.2718232344315826,377,0.014786371120478418,305,0.07414694967883273,234,0.046105360912498734,349,0.09044472913016421,251,0.06682683080121891,269,0.07695132347158407,231,0.0757079436141241,240,0.08087119298501211,246,0.06127849848358508,249,0.06164681661453408,229,0.06845898046907924,255
"(75, 89)",0.17895586553923226,327,0.02037365627391149,386,0.24052696888825065,370,0.040477987829228644,282,0.1888880690769974,374,0.07166576529824151,224,0.190569563681532,364,0.05273585568919237,245,0.17349328395281371,336,0.041978528002236205,274,0.14190709253626121,304,0.039482158224205324,272,0.1420461497402845,309,0.01819685874783564,426,0.12194633638855867,295,0.0382055954432303,322,0.16161865725367663,338,0.05170490834176651,304,0.20217231449175266,390,0.04437272551172759,371,0.19928491988568198,372,0.033638670835177784,368,0.17190048953988413,332,0.03324926578974681,330,0.18136057892393742,332,0.02118931971822545,373,0.249462557954216,371,0.04112838437496662,264,0.20352905973567226,396,0.0700592439109976,228,0.19108435629538578,360,0.05155653678541885,234,0.15614857717317332,315,0.037194279865288206,244,0.12090320814695199,291,0.037952257844385245,251,0.04369530108766995,212,0.027194362484953938,203,0.1949996326058283,356,0.03340190666200405,431,0.16739582713042567,355,0.05442900692547443,339,0.18976993920163243,375,0.056036500856601924,329,0.1828196783762479,355,0.046690846912741994,314,0.22140538703855672,371,0.04470312847192957,322
"(242, 169)",4.437018722036612e-05,9,0.21919856936265575,31,0.00017011392495291933,33,0.2377355618010713,17,0.0002793637195789289,25,0.37848814184166474,13,0.0012097759993401347,30,0.1875129175656022,23,0.000753176568724756,28,0.21074151583918435,21,0.0007430271947550526,37,0.20649964319788214,27,2.173276908035149e-05,3,0.2435641373488622,28,1.3951340608331364e-05,5,0.375670220341667,10,0.00022077013679355773,28,0.39312887845804767,12,0.0008111888592619021,33,0.3158855627869075,19,0.0007598908862873621,29,0.27270084819393475,19,0.0005957010632990922,36,0.2554795996449348,24,5.098611799803088e-05,13,0.2160496310816644,32,0.00019422176132088964,34,0.22684603736487985,16,0.00028383383491725755,25,0.364286766490013,14,0.0014032739143174933,30,0.16988626574959817,29,0.0009147787326294621,54,0.15998487258806784,31,0.0005199612908864948,46,0.18550839717502826,33,1.530143701200526e-05,38,0.11898121624757155,31,3.286879081021432e-05,4,0.41448592503727616,15,0.0002509141582689445,27,0.4448032592158755,13,0.0005921671230236791,29,0.37412710155487894,18,0.0002772836715400073,26,0.33607420919027703,17,0.00017672864501694363,26,0.40563247542352754,17
"(242, 76)",0.8354935131658445,585,0.008944450605513583,522,0.7877539813989691,589,0.013447074994450671,521,0.6455963738651955,586,0.03938089751660954,409,0.4429133360645735,529,0.038134771291324567,335,0.4391772862310954,486,0.04193025462596869,275,0.41484463526198156,449,0.04365287440008817,250,0.7928122828220042,581,0.012512427389097379,493,0.841921180705484,595,0.014229218676175371,513,0.6993572584468285,579,0.03332170637000651,413,0.5177964682749706,563,0.051324691386227944,340,0.4699267263208521,530,0.0501526247700073,281,0.44014788749968903,471,0.049993078010901255,252,0.8334772397172426,583,0.008971698640486943,515,0.7872717669590037,588,0.012937639444087956,515,0.6552092479173139,587,0.036704617707247984,423,0.4122933153280154,499,0.037729769629696694,322,0.38121165293269554,427,0.037257937987700294,242,0.403352142498296,427,0.03951313366632279,243,0.7463950256449925,512,0.007586773375357005,379,0.780935385606808,600,0.022904732012196883,492,0.654480803153612,581,0.04466630076542827,387,0.5000750348066217,561,0.06257514311367322,304,0.5260527716361139,553,0.050291508114110366,300,0.5596878662364612,536,0.05405444751783375,291
"(242, 87)",0.5924360007431819,503,0.025182473765281564,355,0.49938362376187984,496,0.037421635534420454,311,0.5557603536971829,566,0.052092894531347696,325,0.5564118748173522,575,0.028070505343636892,410,0.6392560692901568,566,0.023654230218949645,395,0.6759273396219302,567,0.020383364671803284,412,0.6903842512233674,565,0.01969638213269802,412,0.6843247940700937,570,0.030730475000299542,384,0.537796769724224,549,0.05632475305191011,282,0.5351059172142224,569,0.04891765991268761,349,0.5984607607636375,580,0.03491191832216328,363,0.6768210534438892,571,0.024803766234924075,395,0.5815600258743076,496,0.025765529956896117,345,0.4862757257345407,491,0.03719293426501867,290,0.545427114989543,565,0.05168485223223699,326,0.5697645867159613,569,0.024722797296347326,426,0.6907121636975403,555,0.015150953426516546,425,0.7562863097229269,577,0.01292908170790253,458,0.7654368445906358,519,0.006950683955414274,390,0.6640407308852948,571,0.03732172338191288,398,0.5608685306330208,564,0.060012444235243954,302,0.6011465662868141,587,0.04678981939773086,369,0.6816299603878149,595,0.030781018682668936,404,0.7031415573597404,583,0.033547746933208694,393
"(93, 88)",0.6511994760875599,533,0.003060485338118444,591,0.2972823749301525,400,0.005312097806863599,593,0.3367833599538582,497,0.002913747274057016,610,0.17461284243379382,344,0.002413043607160313,609,0.05181237195741972,212,0.0017904365384403189,603,0.01154759567132535,134,0.005624225583546803,575,0.3464655575766983,423,0.009971741464003201,516,0.5990258258250964,548,0.0014216427130124346,603,0.7128655643159773,582,0.0005909285753667103,612,0.19094536169522325,371,0.0019307365349407616,607,0.056645643308869786,202,0.0031011822729644697,599,0.0102102501547644,121,0.0035762208563652775,590,0.6554641852721552,530,0.0028774923115358277,593,0.34842701397767484,423,0.004254557567687981,599,0.3620783534222992,509,0.0026718871901570923,610,0.14852322096692294,317,0.0020460974440705444,610,0.005118665558755953,97,0.002254618556927217,595,0.002193407180688167,81,0.007619283407374879,535,0.9997000299990002,606,0.0,607,0.24599549574110058,395,0.007239292089949636,588,0.3097492084303942,471,0.004070127277937324,609,0.1389910017056244,310,0.004551336912607124,605,0.10628710444468203,283,0.004145508009361116,600,0.019201141994125037,145,0.007451479185662511,578
"(93, 77)",0.002364777508958582,89,0.019911236096331757,392,0.03679133568153614,204,0.010659592396232593,549,0.028165170606184398,110,0.006662920426156433,598,0.08580598693507491,249,0.0030578630704164037,606,0.24672588940743623,385,0.001064221060800547,611,0.4636329937367346,473,0.001642486504419114,611,0.026370556528057754,174,0.023529783659914507,380,0.0038716720209086564,74,0.007632019279936344,558,0.0012144016820200276,43,0.004947852566228118,587,0.07631048422760622,233,0.0026211868631471963,603,0.23368690694427308,400,0.0019336209245360068,609,0.4801536988496413,492,0.0009907780265282918,611,0.002265658083632993,94,0.019031179441043433,397,0.02602050225752972,185,0.010103064345942322,548,0.02370296809872341,100,0.006629560339030612,597,0.10410168177350987,267,0.002303413196682523,608,0.5669649542022106,515,0.00046946864365039867,613,0.6586640124504165,540,0.0011377999309367783,611,1.000088900582341e-12,10,0.006685098039007467,397,0.05207110588956532,204,0.012147107765043288,559,0.033821299147816175,137,0.00851558778201269,589,0.11198088689993968,281,0.004891250583161347,603,0.1457896628712596,318,0.0037310325675962348,603,0.39257934869270916,458,0.00272505765797519,609
"(250, 267)",0.6683238852776573,540,0.002958673155446989,592,0.36749052633966595,439,0.011238282108317633,545,0.09541215278673199,256,0.017911948098271825,541,0.009650750877567837,66,0.034322077686663066,361,0.0012859162872130847,36,0.035201129872852524,310,0.00042794815444602285,34,0.03629223039731391,286,0.2807604145755347,387,0.006374755292297979,554,0.282292185003724,411,0.00712893910803092,560,0.1646607609688101,343,0.01113392640165764,556,0.022410483017350935,104,0.0253383483038695,480,0.00866925284552178,74,0.025813410528635207,435,0.0003451731628009158,29,0.036960898583523846,312,0.7348009287557253,552,0.0022726170811512595,602,0.39870267038013807,448,0.009980252970259533,549,0.09462364115033473,259,0.017768595152604438,540,0.00592061054773807,61,0.03580378234506416,332,0.0002556188808009452,32,0.03612466326254524,248,0.00011411388814885903,26,0.03685539442327215,259,0.1691095050221374,315,0.003108448998424644,477,0.28056908056247654,425,0.010108008649138944,571,0.12539027880239928,300,0.01639923238591262,548,0.011916083156687352,69,0.033375125693619376,445,0.0036845910967537865,48,0.03238729941743593,394,0.0005247863131865316,33,0.045966623502999744,317
"(250, 79)",0.0019859451381545323,84,0.020579598767275154,382,0.02283892868639903,167,0.02837200773074705,389,0.1601479676080333,348,0.015071977714603085,557,0.4876188746501807,555,0.009283970868136645,574,0.707958486175194,590,0.004294951248487434,585,0.7905340844408625,596,0.002957811628520569,601,0.04113330941543358,205,0.012092356037073133,496,0.04070984746551254,193,0.013594337004453075,518,0.09228136962081623,263,0.013504350717227815,544,0.3702453501250751,508,0.009948680941536833,567,0.5016479687539571,544,0.006673795972975488,576,0.8039742825674268,598,0.0027883084155743577,601,0.0009302598419286268,75,0.021007840314285965,375,0.018397889493452446,160,0.027825005724299818,376,0.1612673090574268,347,0.014875475756962889,556,0.5495403165617152,566,0.007907718848693276,578,0.8214340659618955,596,0.002447995117462048,594,0.8614312114499028,606,0.0018787703455922838,608,0.08931649951211118,268,0.003845526905573641,457,0.04118651818496377,182,0.019161397548405033,520,0.1246105318707198,299,0.01643336719866072,547,0.45937067672849796,544,0.009879758495719912,581,0.6045235341515979,571,0.005916071737409461,589,0.7770120982291814,596,0.004032993387530553,603
"(146, 79)",9.999999999998899e-05,28,0.009792329110384064,508,9.999999999998899e-05,15,0.01741269265792757,480,9.999999999998899e-05,14,0.009989793149457526,580,9.999999999998899e-05,12,0.010899937148631628,563,9.999999999998899e-05,13,0.0014722000522271951,609,9.999999999998899e-05,13,0.002228482494430881,609,9.999999999998899e-05,21,0.018780328283424165,421,9.999999999998899e-05,20,0.008782772669615089,552,9.999999999998899e-05,17,0.006928536895963132,577,9.999999999998899e-05,15,0.0036348000734783524,595,9.999999999998899e-05,13,0.003007898752415377,600,9.999999999998899e-05,15,0.0004915201007666671,613,9.999999999998899e-05,32,0.010779506227874831,487,9.999999999998899e-05,17,0.016701288374103472,479,9.999999999998899e-05,14,0.010249527844961333,577,9.999999999998899e-05,13,0.008990478776780452,570,9.999999999998899e-05,13,0.0015422881707914597,604,9.999999999998899e-05,15,0.0022403435376234927,606,9.999999999998899e-05,61,0.004060459290542604,450,9.999999999998899e-05,16,0.012015877369469121,560,9.999999999998899e-05,16,0.008560352295221816,586,9.999999999998899e-05,13,0.005615741161374954,600,9.999999999998899e-05,14,0.0035350987223982905,606,9.999999999998899e-05,14,0.004883113300794569,598
"(247, 178)",0.8936621411868705,604,0.020236515820203766,388,0.8078973252516025,594,0.03642233556048842,319,0.5862030543459332,574,0.09260998129686701,168,0.2924758581509598,443,0.12198088962639013,61,0.15269937636326847,317,0.1312510804041355,58,0.1467894745227878,308,0.13586673969699095,56,0.8098434887857908,590,0.03373860831941629,317,0.7327096225373763,577,0.052490999771047514,258,0.6435186143540527,569,0.074968191737311,198,0.4380729471717404,532,0.12224110642291969,96,0.26746284337912907,416,0.12613027103018917,68,0.24659228071284744,381,0.14128023660250272,69,0.90141030848528,602,0.01852302027518877,402,0.8111126643070452,591,0.03547713615036578,306,0.5776212348035932,572,0.09485448630097328,157,0.25206268671362,411,0.12384718195284185,58,0.06850013611032035,252,0.1346800883078286,44,0.06828104583687367,257,0.13701861161770312,51,0.9160306926442415,551,0.014450273789239895,307,0.7384352054118795,587,0.0541282643875148,318,0.617170698808186,571,0.08388570347207938,209,0.3663098051126241,509,0.13245919540221887,107,0.2416638969479652,396,0.1302178219164817,83,0.23106068863560736,379,0.138627778501429,113
"(247, 80)",1.9677484777602672e-05,4,1.0,1,5.2158548115022185e-06,1,1.0,1,1.6162888772708328e-05,1,1.0,1,0.001154249453654499,28,0.46918260609556633,3,0.0057752017832005675,79,0.2904976847169249,10,0.0029447738540167023,74,0.320216680749496,11,3.2864306540592025e-05,6,0.8765769371700592,2,4.473114530556543e-06,3,0.9999999999999999,1,7.677943184125624e-06,3,1.0,1,9.020490380939883e-05,4,0.8085214025519436,2,0.0006446036213850759,28,0.4773808573507613,5,0.0010374460865487656,42,0.48733208709493964,8,1.5423185535379247e-05,3,1.0,1,4.017990076432554e-06,1,1.0,1,1.5209447828068434e-05,1,1.0,1,0.002074492428104202,34,0.4063191600561457,3,0.02791430678437601,188,0.1694163639169107,25,0.010097136568157028,146,0.20707664940347278,24,9.698440940342223e-07,27,1.0,1,2.2520608718878954e-05,3,1.0,1,1.5640500906188848e-05,3,1.0,1,0.00026905593594372945,26,0.6848223884980894,4,0.0016349965408085643,33,0.4255647322093011,10,0.00170559228423095,50,0.4387580357211269,15
"(247, 128)",0.8886832737918798,603,0.021233681769610713,375,0.834115139972327,600,0.031039892959232162,365,0.7143246778858394,597,0.05915498941043969,285,0.357265895277768,486,0.10355710580460341,81,0.2700526544325027,395,0.09508494275237321,103,0.40568353794322454,444,0.06852743702526115,166,0.7942100318700702,583,0.03680577476784769,298,0.814124187253584,590,0.03496852470079925,340,0.7286310801969327,586,0.054318011500740504,289,0.5693321575174513,579,0.08497619099030648,194,0.4731599180356518,531,0.0744728392561332,175,0.4492496361883098,476,0.08418871344024878,151,0.888764459094355,598,0.021023160004228908,374,0.8468715013675385,601,0.028252631854518186,374,0.7190198337674238,600,0.057899417040346665,291,0.3170158512508521,451,0.10489546903705006,79,0.1769865129333419,323,0.09276621926884124,95,0.3514309782363192,409,0.05969972972110093,176,0.8869868366053318,541,0.019713462423734316,257,0.7404398558653992,589,0.05365462824716666,321,0.7128139399274313,598,0.05944577640080738,307,0.5053189019189414,563,0.09207736785769095,192,0.3714747834835612,476,0.09354673041047765,148,0.36585503528499785,445,0.0982239044984714,173
"(247, 152)",0.24924044190744254,362,0.2286481864264517,26,0.40759405092855205,452,0.14602233004060983,44,0.5312675266112263,562,0.10891492544197949,120,0.546612375935442,571,0.0626083169640248,198,0.5888970907140951,555,0.04061170183420439,282,0.5826120023264715,528,0.04209082144642347,259,0.2788176134353877,385,0.18957795629387986,43,0.47940986704445177,495,0.12042771043955314,90,0.5550171516733431,554,0.09909080427235543,150,0.5758919797973999,581,0.08331520888182618,200,0.5707353304768121,572,0.056554354803276675,248,0.5351980618252254,516,0.066583815868025,203,0.2623940169072565,367,0.21894555752560407,30,0.4199844312825659,458,0.14034967748058047,46,0.5429605678218158,563,0.10509027970591063,129,0.5425006272681612,564,0.057979016141086054,205,0.6368851565928922,541,0.026421003432974446,316,0.6417292732476578,532,0.026416584418232456,324,0.4461345117006026,424,0.1263909677426206,28,0.37003738628816885,471,0.16904938662360028,79,0.5089555168123512,551,0.1158114848074632,137,0.5475055552445828,577,0.08172036667265423,220,0.5397046916164241,556,0.05980484989018285,253,0.5593216123094156,535,0.058471699703473275,279
"(252, 80)",0.006138534157069775,127,0.07461117575082311,162,0.012150129421974576,133,0.06012858736714075,201,0.0729508772832439,216,0.052728481813619464,321,0.3698035853853252,496,0.02246597597925736,458,0.4252145836486202,480,0.019396610381442424,436,0.5315070452698655,506,0.018128859558010683,436,0.03150885226915978,186,0.06872207037519695,168,0.018777543674303843,149,0.06791128949470802,189,0.061402926609017694,205,0.059343588396998874,261,0.21498461283718107,401,0.04452178934599364,370,0.2930194675665744,443,0.03266005149725328,373,0.4688060274238244,485,0.02701543847478723,376,0.006093605654130307,128,0.07372971151172007,155,0.011634398292690862,133,0.057065999661017504,195,0.0735677837021409,221,0.051617795848590456,327,0.4119650484544082,498,0.019879091071158123,468,0.553618438256244,511,0.01215717999161955,464,0.6056257096434552,517,0.012303086083995843,472,0.05341733099762036,229,0.04359909800608798,126,0.03137634295464542,166,0.0992820792324882,171,0.06307675856661255,202,0.07151632527362496,250,0.25764184942482626,426,0.04451533361281481,382,0.39413308465557906,487,0.032393516549062404,393,0.44549427112242124,486,0.034401697941169714,386
"(252, 126)",0.5451383910091656,488,0.016723346442192748,421,0.45672219800925085,481,0.017949702798853325,477,0.19729984355938035,388,0.03784540813011277,419,0.022478682061050526,119,0.05713804557655966,227,0.015257824254022667,134,0.05880727061411091,191,0.006855366842738353,106,0.07730304356102986,142,0.32022750976838843,413,0.0317264064376213,329,0.3957788725756063,460,0.024585027673457407,432,0.22197861459036283,398,0.03866634443687828,375,0.06445305705817717,207,0.06652127466372755,261,0.03786538266735806,156,0.06460035532181166,213,0.011113592302396391,125,0.09404266535774068,131,0.5460353734976265,485,0.016476326533635642,423,0.46261849239734265,482,0.016719286592953533,478,0.19610808917590594,382,0.037227468987769075,417,0.01676132648046824,114,0.057798138592190046,206,0.00572437736074527,103,0.0558033506913152,167,0.003647959187613403,101,0.06761849601613329,155,0.24225652388231123,354,0.026339836347678624,212,0.3208505101854594,442,0.04574083203590383,352,0.21809409393635026,403,0.04729483106112258,375,0.04810345818742645,179,0.07788545034526352,232,0.018994363197092023,125,0.08901519504649097,162,0.013187205605013075,122,0.11120978308341826,144
"(221, 211)",9.16023467085747e-05,16,0.16465895144207962,52,0.00010360181627311338,26,0.1437035883530337,48,0.00117889588675113,29,0.1337715789549095,79,0.0186451515833721,109,0.06093644515371057,206,0.030747289906506547,169,0.05312737918783033,211,0.061338001100241346,239,0.04592268693703473,241,0.0003552321098362343,42,0.1500745532039178,62,0.00015852432545959694,32,0.1614694669034128,47,0.0005528840860855588,35,0.1562027538121547,58,0.005238440917363807,43,0.121405660482656,99,0.014418608732127858,101,0.08464536099205112,146,0.039549943293251566,201,0.06803566733610068,198,8.727402925534644e-05,19,0.16285226027715508,54,9.180452196766442e-05,5,0.1381026912919516,48,0.001191634133988817,29,0.13099397219664594,80,0.0248525129141961,140,0.05361697867388854,219,0.06724196993467346,249,0.034784479621273415,261,0.09623789968856478,275,0.03354776360321201,275,0.0011949786935965268,105,0.07641260434016874,56,0.00039414044795027525,27,0.23077418140012773,50,0.0009724821964574026,30,0.17736403789682845,58,0.010912362545352772,64,0.11204197398150775,139,0.02412923832050129,138,0.08059588003874969,179,0.028527925819438638,171,0.08836075120104818,198
"(221, 80)",0.8707692782280272,594,0.007772961428946038,540,0.8656141823950781,609,0.007081880835806106,576,0.7153823987072122,598,0.015800697323583055,551,0.3967923133975516,505,0.021989296632200065,463,0.32384340602562867,428,0.024236820908532523,386,0.22213163509781142,359,0.029904303556777184,321,0.802224963528871,587,0.011438763302816015,503,0.8462658929186277,598,0.009238896533231948,551,0.7734308092052663,596,0.01396667068894734,541,0.5642281526664523,577,0.025516515573936967,479,0.4331231058529531,512,0.02722955200820156,418,0.2865721624966071,395,0.03515933106839346,319,0.8727444931870117,592,0.007558920200913525,538,0.8706786233107978,609,0.0065243543331481866,576,0.7144730235724824,597,0.015534728878114386,550,0.35515718846301403,472,0.02209457085868153,451,0.20890452645030277,344,0.023838725710122372,336,0.1589878772629243,319,0.0283785988627485,313,0.7142354598082269,501,0.009071335994856065,361,0.7957756841449242,605,0.018258874329801087,525,0.7312520206981752,603,0.019504602061443263,531,0.4712636502545884,549,0.03193491021924084,453,0.35947586161018796,470,0.032754486979254,392,0.3348980976830308,428,0.03887871520408242,357
"(141, 81)",0.12184873606556601,298,0.07699903306243998,152,0.04183206608115797,216,0.07168678682986135,159,0.2529022601542632,441,0.0651175949588389,258,0.6302575554673362,593,0.026230069890382814,430,0.6635973609330466,574,0.0229898046629323,401,0.6998893038792966,576,0.02215318110518482,384,0.09411212538079994,268,0.1035913317931459,97,0.10126600140766473,276,0.1027917306378901,115,0.23522333007132012,412,0.06497373756396739,231,0.48946493440780836,556,0.04791458235474335,355,0.5529540665176237,564,0.03978944576790348,337,0.6354350728518079,555,0.03414550778046715,323,0.11288369268726872,288,0.07414283809545615,152,0.03923850923604233,214,0.06668628825427575,163,0.24525234882785507,437,0.06570111757946384,252,0.6754373905442341,594,0.022129744222345177,449,0.7488437603107246,577,0.014142913045326907,441,0.7909939731072846,589,0.013100858354387563,454,0.17998719216193593,326,0.037028793399961665,148,0.1534618129389096,322,0.10872739952390015,152,0.26640659164673697,444,0.0760227194127375,229,0.5587640524683302,580,0.04784893640970742,362,0.6579555239388032,590,0.036411290763188706,369,0.7366143338796052,591,0.03631801150860847,370
"(141, 232)",0.12820513306537706,299,0.0757048685510142,155,0.2782676120918368,387,0.03811722999252965,303,0.049678200625822067,165,0.11201958770155576,113,0.002901036743465979,34,0.15768403507479062,36,0.0020854873501464644,54,0.15695228567540428,40,0.0014103088667694053,52,0.17539120207245812,37,0.16199956662661763,322,0.08643719387884581,120,0.15217971125817042,320,0.08974160105467105,139,0.05605172664586511,193,0.10480169727570071,135,0.009516476315527989,59,0.17818980175970434,49,0.005755980308893349,53,0.18223193027617596,42,0.0027604933662823683,64,0.2092642623674414,38,0.13795369027054027,308,0.06934819601391769,163,0.28774298796516007,392,0.034324624537424124,314,0.052335768934362425,171,0.1099455389057637,116,0.0018430077940327916,33,0.1583661540279912,33,0.0007763248402705702,50,0.13974022841815495,42,0.000424901321256832,40,0.1611615548587426,41,0.08253547612544754,257,0.04801827350039796,112,0.10029463237101388,266,0.12528907768412037,127,0.04532734991967535,161,0.1371949987109617,104,0.005484344871395153,42,0.2234807855553804,45,0.002209250086848802,40,0.24315691625749777,30,0.0009092160661279269,38,0.33856839653362547,28
"(107, 81)",0.5039840070933446,473,0.12778958889761327,80,0.6383617567406183,558,0.08149646377167359,136,0.322286964643703,485,0.25974078043381565,22,0.07902700876088109,237,0.2977581988424167,11,0.07320085878673488,243,0.33209250833980036,9,0.07352324332143567,253,0.3805965330634774,8,0.3942051535073845,444,0.22249757017551278,31,0.5483804690167519,532,0.16226383810501177,46,0.3529588151489744,482,0.2507465170273877,23,0.1815258605240444,362,0.36422146692373664,15,0.14075320973447691,313,0.3610929873090871,11,0.10889409452940901,285,0.4197606892585364,9,0.5156815226538632,467,0.12148833986412276,83,0.6467636167706167,555,0.07517600958698709,140,0.3275444261550059,490,0.24865153382725252,23,0.05982317152356176,218,0.30020038501078267,10,0.04229954972354211,215,0.2987377194874008,9,0.04553752625297591,224,0.3867191776971627,7,0.3656620268648345,402,0.10471624730604452,39,0.4305937664759596,497,0.25530898598876695,41,0.33878924657273757,483,0.29160906417015425,25,0.125302344944472,299,0.47414506424618824,13,0.09257045265913966,260,0.4453235301099453,9,0.07964607438126259,256,0.5912804284696309,8
"(107, 127)",0.008514279820293846,141,0.4980256967272854,5,0.002683420617688892,68,0.5049690968137903,3,0.031072879886125282,123,0.5664486582597879,3,0.18603941352555076,359,0.22383118266454227,15,0.19681553635894855,357,0.23882402377440792,15,0.1961937489063562,344,0.2743961360724158,13,0.018984821265614737,160,0.6115479774020757,6,0.005977408795809214,84,0.7318320376090883,2,0.025228474380142862,129,0.6041979637567534,2,0.0816264500954621,245,0.475409735172295,7,0.1104683596685343,282,0.39146462384113045,9,0.1426204922332206,314,0.3836565024728239,11,0.007772642610791691,143,0.4918192855704682,6,0.0024713794173949477,70,0.48085557372594995,3,0.02998631379646155,118,0.5517049152867818,3,0.22575328448911502,384,0.19282190247320327,21,0.2766234906853423,380,0.15974929749858813,32,0.265723730995713,373,0.21480385633674648,22,0.02312750219423998,186,0.26282365296915183,8,0.014682460216830395,115,0.78732807121235,3,0.02778405966669162,127,0.6711902779262443,2,0.12469814180389771,294,0.47490962651376717,12,0.164236291129926,336,0.3678550556772397,13,0.18494887292176987,347,0.44650987273103415,13
"(195, 81)",0.00023246572662927178,50,0.5233231496423963,4,0.00010466839599110322,27,0.44407681404723837,4,0.0020132362392555336,32,0.4307371367100861,9,0.03347197129479995,160,0.16091538528651161,32,0.038301062615096804,186,0.1621293064449095,38,0.0871243661599479,271,0.14405481950043253,49,0.0006648043074750642,49,0.6968972599415773,3,0.00018113130019914436,35,0.6484505875529513,3,0.0017462091948290404,45,0.44657279878826084,8,0.007296691850185999,52,0.35860961517017115,16,0.013106731942253425,97,0.28345734851818405,17,0.05597110617677903,222,0.2103648838661807,37,0.00023572477877742415,50,0.5139596045028441,4,0.00010374578190486261,30,0.4205389224957235,5,0.0016962430386353589,32,0.42818584474750576,8,0.04825807809022731,190,0.13725068974917018,45,0.07547699469977709,260,0.10638521395575017,77,0.13642837776290773,307,0.11009747002575866,87,0.0006751138342437901,90,0.3181485656395964,7,0.0005681494823708277,31,0.7273673447993166,5,0.001650454580109928,35,0.5382916244847216,7,0.011798817725256816,68,0.3733918973652725,19,0.01778815697233671,121,0.29781605353816964,22,0.05308569429397725,215,0.3295143704362084,30
"(195, 227)",0.8266473677547126,583,0.03428594795301878,296,0.8651765860372471,608,0.021963170629488864,443,0.6670103633811837,590,0.062249094159296,276,0.31128617597231834,451,0.0765193704190289,139,0.2913247153185037,406,0.08244026054750284,129,0.17251492926447587,328,0.11471814302588235,82,0.7603569495525012,576,0.06663885484141693,171,0.8396822177338588,594,0.038889862197807816,315,0.6804966353650335,577,0.061138629003208385,250,0.5236876288564527,566,0.08629252165832839,187,0.44633748805974915,519,0.08745099151674122,140,0.23543324519671482,375,0.13031826178845024,82,0.8258918442662285,581,0.033839427427430124,297,0.8655549327358574,605,0.020734718092550692,444,0.6831918337377784,592,0.05798034251538998,290,0.25716932053495123,413,0.07857749092382299,125,0.19249135079806334,336,0.07786621496891523,117,0.11422835985942359,284,0.1168120369791833,79,0.7592357676674262,517,0.0305935648776696,185,0.7715402481944063,599,0.06568332697712291,277,0.6857149799196273,591,0.07213913589218669,246,0.46071460569283884,545,0.11006106897631722,143,0.4035146810206067,492,0.10520554779146762,120,0.2431681911855993,388,0.19841047881021523,62
"(82, 249)",0.012346523240504226,159,0.034985373539440257,292,0.05753693923212699,238,0.04967980496877707,241,0.11896168074356184,299,0.05795683762837587,295,0.2259520102611905,395,0.03420656076804034,362,0.4241205206863372,478,0.020772447579710834,422,0.5440174330462373,515,0.01658378392820763,451,0.02199859865315612,166,0.021852392225095912,392,0.08907280792906858,259,0.04124026830510719,306,0.09799026642814324,270,0.059727401203709424,256,0.21985065681048122,407,0.0472893278952677,360,0.294909507701386,445,0.029335490157401098,400,0.48016528019431304,493,0.01913934191144127,447,0.007411690592074915,140,0.038057055912491235,274,0.056785709137464946,237,0.04719416911607668,240,0.12281811904172679,302,0.05584167476145836,296,0.24595216563789213,402,0.031225841339735737,366,0.511567370646435,483,0.015265057608198589,422,0.6218742022650592,526,0.013815190657387464,444,0.0027404412228839714,118,0.007843545364909846,376,0.03972664450726593,178,0.053230517754190375,323,0.10087331099872499,266,0.06581820697014912,274,0.2639633711988538,433,0.04574948599014431,375,0.3958262747175927,488,0.024698403176841226,461,0.4919479456474617,507,0.02210848127744022,478
"(82, 172)",0.4545336558803932,449,0.010516697754308845,497,0.23141360980048964,364,0.03123914711368409,363,0.13123926892281823,310,0.056090043500714705,302,0.059741246101935985,207,0.053295440395811154,243,0.01537726006532325,135,0.06276118195292932,177,0.0061950609267522605,100,0.07371220040589721,152,0.37294018071742996,434,0.008506500531823244,533,0.16948308162213443,338,0.03328085021358643,358,0.15656609863392013,333,0.05108993554919619,309,0.062313698391028405,201,0.07199094726676492,238,0.03738536279932636,154,0.05839680329117983,240,0.010209361266933059,120,0.06908616118595963,195,0.521714403580025,472,0.009217150376056301,511,0.23332710502948972,366,0.029465442312965544,363,0.12720757007887484,307,0.055191847236401755,300,0.05208649822230682,200,0.052386893441852656,230,0.008027077446255526,128,0.06097431198581554,151,0.0031403421232676365,92,0.08052524871867744,133,0.6361903569207332,482,0.00127621413169812,525,0.28591199798153133,430,0.02757045023338647,455,0.15269616554396892,337,0.05732298030451248,321,0.04608401968493259,174,0.08185602603769326,219,0.0187713322644657,124,0.06823471518189632,220,0.009338367201721987,106,0.08287845468964301,214
"(172, 82)",0.0027842020794824895,94,0.0440048387677054,247,0.0247925627949932,174,0.0632871471702292,186,0.0747113420329697,219,0.06576399112113349,255,0.1622121109347624,329,0.03832737007681929,333,0.35487542411672046,449,0.021845955518612372,411,0.5330154096424244,507,0.015001413849265857,461,0.00526784871471353,102,0.028583996683951847,347,0.034324382234120376,178,0.056212530080373,244,0.057767609872111714,200,0.0718854994246722,206,0.15555328603890106,329,0.05573182779903859,315,0.23260745685410056,399,0.0320166986737775,379,0.46772356671023774,484,0.017778157566676084,466,0.0016471585044597337,88,0.047693982627808294,232,0.025132354965927584,182,0.06029316692327764,186,0.078864306171603,231,0.06296365517076083,263,0.18253075050161216,353,0.03469626351294559,341,0.4415000344511609,453,0.01588906735405695,413,0.5892969303631195,508,0.013315726063844895,448,0.0004840652774087406,85,0.009926499283470225,351,0.015362677589694562,120,0.06746750727863605,265,0.05897670211498629,196,0.07859271149885066,221,0.18930425240750903,373,0.05267479222202944,342,0.33438051909326194,453,0.026332378407035235,442,0.4900639987593731,506,0.02037874202174529,494
"(172, 179)",0.6345475297266864,524,0.0072040928126533435,548,0.35551062962770463,433,0.02604984416720767,408,0.19392898574389061,384,0.04785229439216451,363,0.09396428720896344,258,0.04597790418639243,286,0.02490040305761909,160,0.0529656403900121,214,0.006772821543846952,105,0.06428686333643935,174,0.5635639261436776,518,0.006021245325676622,560,0.3075630206996536,426,0.027063834996180345,414,0.2308314934921376,405,0.04530064721441033,343,0.09873480654596012,268,0.06484944396269045,267,0.057066984819263755,204,0.05114338284045022,277,0.011203228791436537,127,0.061673997695137435,217,0.68589864163842,541,0.006386879746157788,549,0.3535179046616421,428,0.02497710039454598,404,0.1863276860216163,372,0.04727421186531739,365,0.08103913758023862,243,0.04548097683504866,269,0.013574295370219036,154,0.050718868355563364,185,0.004221102591851489,108,0.06907712849774565,151,0.7824577359749123,522,0.0008458184023111604,541,0.42425369514118694,492,0.022320731611969315,500,0.22782105344107728,411,0.05008924456964535,358,0.07720693997157213,233,0.07102929560509573,267,0.02862829810710099,153,0.059745504542839244,254,0.009473244119977298,107,0.07593268000398434,231
"(83, 185)",4.8095357708333175e-05,10,0.3898009228745826,13,0.00011655893949680252,30,0.21972611641367878,20,0.004112880592452628,43,0.1344480137488954,78,0.10176315784959089,264,0.05389991893698177,240,0.1351711963232789,304,0.04903784264902221,229,0.17479282403286378,330,0.037462969951806674,280,0.00019293682604493156,35,0.5049578214525341,9,0.0006714448175209053,47,0.21303639891100223,32,0.002937778705827121,56,0.13983714124769803,67,0.020681324368543974,98,0.10169376780694765,143,0.054140955836787796,195,0.06611149557760905,206,0.12117045242879221,296,0.04973352444639647,254,5.068435920152492e-05,12,0.3714563536983078,13,0.00010215190438522814,28,0.2086044575717015,19,0.003640290858742179,42,0.14024950360771424,67,0.15398382124764298,325,0.04330003178866428,281,0.25606071080781134,371,0.030063769424034922,294,0.24364894684779226,359,0.025526949836322515,328,0.0017085762219612999,110,0.16186893478384376,19,0.004192252855599321,68,0.27632545842020223,32,0.0028787031857016032,47,0.18869664601510497,48,0.045410677209310135,172,0.10196923134290665,162,0.06160991271624494,217,0.0814048607419035,177,0.1137916824222911,288,0.07062048409712592,251
"(83, 153)",0.8948200770064453,605,0.01471065496945449,445,0.8604972919418239,605,0.011284449385658266,544,0.5922394877773852,576,0.02565098050995542,493,0.15152944259071388,319,0.04720115529624425,282,0.11535227936172021,290,0.05169922284461674,224,0.08569399566135871,269,0.04751090166845346,235,0.8364729383942562,595,0.030967740212025835,332,0.7596333377219365,582,0.020445100465450356,460,0.6289362274040087,567,0.023375452464638506,483,0.3818833081010783,515,0.038474846442866466,400,0.2402881321864735,406,0.04022921093620634,333,0.12890939691939562,301,0.04871768259542799,259,0.8930351086351607,600,0.014275004932603466,443,0.8662141351072914,607,0.01022972560801015,547,0.6058575364121735,579,0.025497045344926996,492,0.09990246604055697,261,0.050017407376276836,246,0.04862288426043704,225,0.05230511666371865,179,0.052911696471361847,236,0.04246878884928646,233,0.6825210439370554,494,0.021978747817092966,240,0.5900754398315087,554,0.05312115909121191,324,0.6310670951414984,572,0.031294736441817066,462,0.2661354703134262,435,0.05655715454273123,327,0.22149196364210133,383,0.053139142796963176,283,0.1369211629796815,307,0.06639631908421512,260
"(185, 241)",0.00257491489873507,93,0.14242801099794114,66,0.00546847393934391,101,0.08359312009960015,131,0.108898066887682,281,0.05200290432092519,326,0.5208886891889821,566,0.020344265829100185,477,0.5753694329422607,548,0.01895203557334059,442,0.637715036943636,556,0.013523551722947887,485,0.009029159377030638,122,0.18135795911661687,46,0.03203532507123619,172,0.07942076641114877,163,0.0872409823888588,255,0.05235891104970453,300,0.27734960987934276,449,0.03769572973318617,402,0.41100460632468605,503,0.02505473974623452,440,0.5702461872655831,531,0.017626933552100713,468,0.0023414497186795558,96,0.1358359028886538,70,0.004861605119518719,102,0.07966367777528925,130,0.10598664288461124,277,0.054017821917096226,310,0.6001735378172506,582,0.016378506264862404,495,0.703886798744827,562,0.01148600718399928,476,0.7008702724183923,555,0.009200921286926348,518,0.0589575943248688,234,0.05195204586640105,97,0.08059743181898171,242,0.11025791800714828,147,0.0808431127947129,231,0.07183386886063685,249,0.3602975408949066,505,0.041010869584878165,402,0.4399823148062205,517,0.030410628356073596,407,0.5190232160569873,516,0.029327796124464605,428
"(185, 83)",0.6425943835586845,526,0.022622333179162363,366,0.5591106675172954,515,0.017876945862388194,478,0.14261573716550702,328,0.047531170107765794,368,0.007460256135734089,58,0.08377332467644676,122,0.004764547210303949,72,0.09367655550610726,107,0.0027003063355395263,68,0.08359147215106591,131,0.4963551649481668,494,0.04769668666773224,242,0.31777724859166967,432,0.03696319629323663,328,0.17233118979979378,352,0.04172946587504903,366,0.04209243264496365,160,0.07066971386941445,243,0.016875287419905405,109,0.07262537694392897,183,0.004977981086024208,84,0.0856077632588893,147,0.652190634834915,528,0.020799425191765482,377,0.5730172971292975,517,0.016247916128685147,483,0.1461612534142812,332,0.04852997056790293,354,0.0038320105465301513,46,0.08828583054308509,110,0.0013476086168844326,63,0.0925014975673389,96,0.0013947240317706555,70,0.07315001742250024,143,0.22786810378978917,350,0.033104578304041184,169,0.18329216446534047,345,0.08384340141140552,207,0.18286805564542585,373,0.05472229682974424,338,0.023993883475572186,109,0.10117795461575076,167,0.013723966127410447,102,0.09660744314998322,142,0.007570948173028613,96,0.12003049551378811,135
"(202, 129)",0.4709873562603387,454,0.012260115476156477,469,0.6135537608982546,544,0.013944537224653282,512,0.5764602782967039,571,0.02331714221758753,507,0.6135413571197241,590,0.013591290765507646,542,0.6355586986059234,564,0.010559180400825334,528,0.6978968692751164,574,0.009522608785681603,532,0.4016669262971312,451,0.011683192738175115,501,0.45386279596887946,487,0.02033548177334222,462,0.5570987997002266,555,0.021658471689164408,493,0.6321065253898637,586,0.01907651981740567,519,0.5841569679178016,575,0.015537181795331733,512,0.6974763193623709,583,0.010351191280211372,535,0.4801747686973511,454,0.012678053517232463,465,0.6254135779654716,546,0.012758379109284512,517,0.5775083651556652,571,0.02214355290573623,512,0.6281014172074674,588,0.012093103500619193,545,0.6905273878087149,554,0.006918636992319468,538,0.7576797717542062,578,0.007033244950951597,545,0.6920781295126077,496,0.005310337833568637,431,0.3937289382666864,480,0.03346827605746684,429,0.5174616284451489,554,0.02963545517125945,474,0.6121957005195456,589,0.022784094711664017,505,0.5186237664224693,549,0.018796838079893536,501,0.514757752110061,514,0.024262705825562593,466
"(202, 84)",0.44821834464197696,443,0.01300404912057641,459,0.560655692245004,516,0.016372666750399785,491,0.5329679528052848,563,0.02643361883439803,485,0.4256814682497754,516,0.022927620127007203,455,0.35124287780149555,447,0.0230052521433379,400,0.3400512778774275,420,0.02662211371578513,346,0.3242224300543117,416,0.014131271518360923,473,0.5527324850449016,535,0.015558891792263992,500,0.5689869260833849,557,0.020920034637092803,496,0.4768428737709939,547,0.029959953046456912,448,0.4185518476519684,507,0.0243658666758147,450,0.39922215506027503,450,0.024979381219592242,393,0.488302814365277,456,0.01240827546081964,467,0.5634992795892244,513,0.015433280169610597,490,0.5226583318383622,560,0.025913791343694127,490,0.4165280307632695,501,0.02187763569954932,453,0.2824224662386321,388,0.02165529214794276,358,0.29230877002285816,386,0.02840935021223328,312,0.7050937595354556,500,0.005050804854880819,435,0.5491351784057514,537,0.02223198768546035,501,0.5523698245960177,563,0.026870086196390756,486,0.4610969958530813,546,0.03496115759318859,437,0.3583372359899495,469,0.028343903085091434,430,0.42283853976959485,473,0.0308525718138701,413
"(202, 198)",0.001983871652154967,83,0.06243636738583034,189,0.00033933745200265264,39,0.11950037918312416,73,0.0005462821002377716,26,0.1737692110560766,46,0.0009785380345415096,27,0.10949770363801001,77,0.0015863893330336776,41,0.08827766110434773,115,0.0012692985567290815,48,0.10104833583261807,101,0.006790312305614554,111,0.04424796097321205,261,0.0011422371078664284,49,0.10325303588724914,113,0.0004819411520826655,33,0.15357298745149078,60,0.0005808153100419489,31,0.16858994479422468,52,0.0012298939334585146,31,0.11251364782766166,88,0.0007523630065087161,37,0.11355931034447958,107,0.0014355935975245426,84,0.06781690041258787,167,0.0003041614319798658,39,0.11420500279261134,74,0.0005855607221413317,26,0.164876835735828,52,0.0009667159364896705,28,0.10218790603190273,84,0.0022271539182324718,76,0.06834752402333429,140,0.0014903622537114636,73,0.09483422378403385,104,5.089994643003859e-05,44,0.06446686627202221,71,0.001816798721772872,49,0.14108650219961752,107,0.0007225874806533472,28,0.18355067327923866,55,0.0007464209278682521,30,0.18599065912224355,59,0.0027997619198431023,45,0.10560608178655495,119,0.0017998813859940732,51,0.13996942786431796,111
"(86, 95)",0.041614744038226625,219,0.004688645734774257,570,0.04224900995560055,219,0.01548645697223776,502,0.033322371727384836,127,0.02042325311845615,522,0.019545467345346124,111,0.0193224546254626,487,0.008034692993996284,96,0.014212877313903834,490,0.021570474472757062,168,0.011127661682569689,516,0.025198391161326716,171,0.004939344546218311,574,0.02714113839752108,165,0.01080869449481003,539,0.026311077664212257,133,0.019899441491976106,500,0.010380644257218519,67,0.02430595868334388,488,0.008588008884205967,73,0.01758255822468398,496,0.01241336608067145,133,0.010949527008625825,530,0.047015350239214104,230,0.004469729976155155,573,0.04163822076714219,220,0.01514559740948845,495,0.02995716986601582,117,0.02097195131114081,519,0.020687171298659157,132,0.01806997170853091,483,0.007427109731818149,119,0.01214236646627837,465,0.013017757847376243,161,0.011171358075568797,485,0.4783456390897226,435,0.0002873552538172002,565,0.03236412853078563,167,0.011739589620932706,563,0.036747496760009546,147,0.017481066407481635,543,0.013990492828993117,76,0.02182529606091119,517,0.014468514177704894,107,0.014273403826814076,535,0.04779683114317179,207,0.010884523143643065,557
"(86, 197)",0.27903832646452253,376,0.002486424115059264,598,0.27680033904063417,384,0.00827628383597232,564,0.31194921475658,480,0.009690412309755855,584,0.39002558673502974,503,0.00712382566622874,585,0.5114459125694445,520,0.003559632791322929,593,0.3757912527324345,433,0.004292479769152926,587,0.35313358131824213,426,0.0020487104677684837,604,0.3422334865882748,439,0.004643816971434695,581,0.3467970867791832,479,0.008424199039595681,568,0.4779493297797337,549,0.006781517795290608,582,0.5028682205558397,545,0.004527879172112053,586,0.45379566354660694,478,0.0032991730788284193,594,0.2610128101984348,366,0.0025242977016424724,595,0.27895487056288437,386,0.0080341354026216,559,0.3276879697191708,491,0.009447544268658573,582,0.3818424661591242,482,0.006837485747050558,584,0.5214517620736083,489,0.0029433273756270433,588,0.44727504728813183,445,0.003436316403572876,588,0.010349832788949409,156,0.0010312294419138328,531,0.31626683390727717,439,0.005491061877645504,600,0.29745900616325127,464,0.008706323533947222,584,0.4373152038471372,536,0.006928506401521944,594,0.43264158857622537,512,0.004598605026381362,597,0.2585836465627669,395,0.006200243657622729,589
"(95, 86)",9.999999999998899e-05,29,0.006036219915798172,558,9.999999999998899e-05,16,0.019234589174901,471,9.999999999998899e-05,15,0.025235592736985637,496,9.999999999998899e-05,13,0.01894959227080639,491,9.999999999998899e-05,14,0.011402171474388444,519,9.999999999998899e-05,14,0.012075052017407046,507,9.999999999998899e-05,22,0.004718289510415409,577,9.999999999998899e-05,21,0.014629966479672612,509,9.999999999998899e-05,18,0.02611537489016546,472,9.999999999998899e-05,16,0.022479118284812485,501,9.999999999998899e-05,14,0.014607513215715176,517,9.999999999998899e-05,16,0.011265263911137472,525,9.999999999998899e-05,33,0.005782509560496614,559,9.999999999998899e-05,18,0.018627675274018072,462,9.999999999998899e-05,15,0.024590437651970904,498,9.999999999998899e-05,14,0.018385009112406554,480,9.999999999998899e-05,14,0.009255490633167707,505,9.999999999998899e-05,16,0.010005353085231969,505,9.999999999998899e-05,62,0.00252853508818971,490,9.999999999998899e-05,17,0.01245808860666253,555,9.999999999998899e-05,17,0.021796425366477638,521,9.999999999998899e-05,14,0.018186007494797287,541,9.999999999998899e-05,15,0.012418437826988154,548,9.999999999998899e-05,15,0.017198550313766655,520
"(197, 265)",0.0037225937341749393,108,0.004737697323693383,569,0.0044606171883507795,91,0.014134647677760707,510,0.008612120422603287,60,0.015469769636372935,554,0.018075367920218688,106,0.01073767346596497,564,0.013831466200142195,124,0.006340822909349036,566,0.015023898061968799,150,0.0071889225466653765,554,0.007005134435102756,113,0.003612791718071794,589,1.000088900582341e-12,1,0.009447123472746071,549,0.0010461319195861352,39,0.013984116725616001,540,0.004000863722236403,39,0.012905026726655212,550,0.008736717367765157,77,0.008181109889174693,568,0.00466182656800429,81,0.00636099678661585,564,0.0037893014941802194,112,0.004555587579132091,571,0.004524201877566858,97,0.013704633059147635,505,0.0096184788239837,66,0.015035306936457746,555,0.018205230458435695,120,0.010142455561574436,557,0.02446869622611736,173,0.00494363373534572,562,0.024074044916475135,187,0.005946958427113524,560,0.00018113366095451333,75,0.0021070594775465215,497,0.005172413123498698,74,0.010024544106359973,573,0.006949395841213235,61,0.01399721950990194,561,0.022896156403986456,105,0.011078291593613518,575,0.025488852259636596,143,0.007437008210758502,579,0.006601472450352919,92,0.011031637180007815,556
"(197, 86)",0.6033892094964032,510,0.0008689271072989135,613,0.5829920502035472,530,0.0027852387451274027,608,0.5025050682366434,557,0.003988476728418468,606,0.40122973733742495,508,0.003820687671898917,603,0.43890114833364546,485,0.0020028393940174113,601,0.42737958242304974,456,0.002354977473039453,608,0.5288080793728452,510,0.0008548351837695292,611,0.9997000299990002,614,0.0,614,0.7253255367988608,585,0.0015799846541977452,608,0.5953506911348475,583,0.002435300402222001,606,0.5006419486487594,542,0.0021220351640609076,608,0.5779010104378747,535,0.001275731842646955,609,0.6014199861032328,505,0.000841404509173969,613,0.5813637267888826,523,0.0027158061031671383,608,0.4880605691710217,547,0.004061220054544578,606,0.4002073515968646,492,0.0036205967161145533,603,0.3574340278883512,421,0.0020223264649555633,596,0.3598103933752954,413,0.0024142747372571404,605,0.8396815613922173,533,0.00012636834887009177,571,0.5657305357504331,547,0.00209616674003334,612,0.5298069420214113,555,0.003301045992468184,610,0.3671262082393445,511,0.004393276360110358,608,0.35145433461507003,465,0.0031014066919697646,608,0.5361953766359779,522,0.002547294864034449,610
"(87, 226)",0.028322359015036103,197,0.02298757743011215,364,0.0368974370434747,206,0.032513375187551055,349,0.08291899708937167,239,0.049368554026992785,349,0.1562377802710817,323,0.030805641037369463,387,0.2250945446266368,375,0.025338005583160773,375,0.3060568142093839,403,0.021406318013664244,400,0.07199024891842376,246,0.01804882088397972,427,0.03809731773713454,186,0.02790192413997902,408,0.05655824527745956,196,0.052819665351466615,297,0.14369411162763157,314,0.04768144192816208,358,0.20327698459452614,378,0.03420417743924201,366,0.30137372506730675,401,0.025112269953201302,391,0.027664982741853028,195,0.023337948319783544,355,0.035885966142816916,203,0.03230930526201509,337,0.0758608942156701,228,0.04875860859889052,352,0.17085931722615277,344,0.02841251261954952,386,0.27969392073680954,384,0.01820029759972045,393,0.3833846063476609,422,0.014408867984064926,436,0.17089377628648084,318,0.006634019740010397,400,0.06359881807414247,222,0.034374318865224116,421,0.0783769585574674,229,0.05642843861078499,329,0.184869995876205,367,0.04574336392649127,376,0.237218017681753,388,0.030240693424949994,409,0.23234221167175373,380,0.033365003716161856,395
"(87, 242)",0.3359635991884342,406,0.010079498809594899,504,0.296855751061482,399,0.016226030950924186,493,0.17934401063660055,365,0.03817445054755147,415,0.09823085642085216,260,0.03595916736336816,350,0.06009562051814743,224,0.03935015760107985,288,0.03467528056720859,192,0.044238731231707636,248,0.1991787675887733,345,0.012856587595896255,487,0.2921148387395287,418,0.014149716788693697,514,0.23391190376508242,410,0.03290613282987352,417,0.1080019083657755,278,0.052442722299918317,333,0.06994458717013019,222,0.048811690654957184,290,0.035789145774975495,195,0.05109016702431679,250,0.33942137929355276,404,0.01011873938143469,495,0.30097351697079966,400,0.015902292578468143,485,0.191776839698375,374,0.03579248930800774,432,0.08818194007743374,251,0.03542114920319804,333,0.04143078975867187,211,0.03439788664642365,263,0.020467449031567497,178,0.038266626735614984,250,0.08815977180609003,266,0.008271711064610865,370,0.2169058152900014,375,0.022836351422932184,494,0.18719532636918323,376,0.042214582811205444,396,0.07969106990121522,237,0.0605545838325482,311,0.055290674604455026,211,0.04913870119221977,304,0.05717103686378966,221,0.05324455409888822,293
"(226, 87)",0.6483291901332249,530,0.011598429013912847,480,0.3974664329034745,447,0.020772077312631396,452,0.3910306365324452,522,0.03876805915624626,412,0.3360515668447085,476,0.03254453595445563,376,0.2932358092979708,409,0.03552718204855658,307,0.30548217890399276,402,0.04040853564180408,268,0.652548020179488,553,0.01283254535635274,489,0.5587070131960594,537,0.01609063150405589,496,0.4007879028527931,504,0.0325310430414973,420,0.2911927212007416,454,0.04931905783728927,346,0.2743268875087217,424,0.04581579869231545,305,0.3136307968682783,409,0.04717415472252076,265,0.6353201333430396,517,0.011919476342695067,472,0.38888367857704886,446,0.020366668954140826,446,0.41310553203420486,527,0.03709645320205004,420,0.33303592846108576,461,0.03198162653521784,358,0.29432126315485174,396,0.030212785481656176,290,0.3002096814676518,389,0.03439019388432048,272,0.5350226261262204,457,0.007485997271930352,381,0.5616310032254315,544,0.024238656301309006,485,0.39291284844907615,517,0.041111339674623375,408,0.2940555324434788,464,0.05653600559556617,328,0.280733999959341,418,0.04545137694393692,320,0.33073680581295295,424,0.04978009516439227,307
"(226, 134)",0.41313638192759616,429,0.022921093518476963,365,0.2895968978903517,396,0.027292321719841594,396,0.2853797610481943,465,0.050650286102256276,340,0.25660194144006676,421,0.03984232522957267,324,0.2900644643930236,403,0.03581507526968726,305,0.3766175061306849,434,0.03376358325067325,302,0.49155917313348685,491,0.020927211229328682,400,0.38523637166100233,455,0.025688177081629814,424,0.20407838289475533,381,0.05396070324973811,290,0.22156672002873345,410,0.05911564985625094,288,0.3003188422279809,447,0.042877433766391415,318,0.39011882042051105,445,0.038882065958902395,300,0.40895998241838316,430,0.022778106243901586,358,0.2744475449521391,382,0.027214654361531473,381,0.3013317761090455,473,0.049240929816203566,347,0.27012559019918314,425,0.037522413808433776,324,0.3271340408081673,407,0.02780514721161009,302,0.4387343968796906,444,0.024177416091417298,335,0.44693937045073484,425,0.009518085275273272,356,0.40942230223234755,485,0.03669624210952106,403,0.25452541878282986,436,0.05842996629336956,312,0.2850474471332657,454,0.05784821428447198,323,0.3720523926040784,477,0.0360744352677907,371,0.40901325566408464,467,0.04082299576280926,344
"(226, 110)",0.28491577326050255,381,0.03172478739057045,309,0.15903130733275328,334,0.03885646739325248,293,0.2182592534815062,415,0.060353015507852076,282,0.25193879091902593,418,0.04032837510577581,320,0.20993487318996085,367,0.04417363335773054,253,0.17624365542627596,333,0.05694959794357295,200,0.3114019403139614,407,0.03330050528773441,321,0.3382302995713671,438,0.028928971945063057,397,0.28654950778027566,444,0.043442420642061115,352,0.22722508635969085,416,0.05822752565405278,293,0.16443546297743483,337,0.06173244782159231,225,0.16246658953694837,327,0.0706577807278703,191,0.28365213894866714,378,0.03129156097202927,309,0.15436445234814178,327,0.03780116819027525,285,0.20038992045927018,392,0.06415437726029159,258,0.24770545281895984,406,0.03976746673132801,308,0.2256725847010077,357,0.03610440476572731,250,0.16175174404156167,322,0.04989435834175405,209,0.2557092034329318,365,0.015503272568564123,299,0.2609872647288003,405,0.053498006529843475,322,0.2564396606436593,438,0.058140119813192746,314,0.17633041178844677,359,0.07738218888542127,235,0.14432689058885628,314,0.06616139598343154,226,0.12062634012241336,297,0.08878983380711206,196
"(226, 169)",0.0005570080481120954,60,0.1269638716966212,81,0.009838181010055624,126,0.08128862687914983,138,0.006308715324754743,51,0.15906109040735777,54,0.007770976760850146,59,0.11288692344245925,71,0.010659598293210726,118,0.10548449918900728,82,0.008454647515861002,118,0.12817907347229135,66,0.00026991772041518036,40,0.14985461123476043,64,0.0006518997276705463,46,0.1309357226430119,71,0.006692781995178421,69,0.13574101313831943,72,0.014478856612145652,83,0.13854122105290392,73,0.016000385845157505,105,0.1211399325376746,74,0.008626223076142914,110,0.1523088239969466,62,0.0006105714400275186,67,0.12396684684417754,82,0.01161459939762255,132,0.07597784467383137,139,0.005983730179733193,50,0.16217963408758748,54,0.007452614331333707,69,0.11074883747366235,72,0.0077499102731495295,123,0.09433877507519468,89,0.0076071156504137205,130,0.10928912085809193,88,0.0009704310281274386,96,0.05507472457805981,93,0.001013803786006573,42,0.19195512423269812,64,0.005799932081584358,56,0.17139104452227583,64,0.01412436361124425,77,0.16065533352098385,74,0.013263583927890843,95,0.12617630956341797,90,0.011270422361512877,116,0.16109331780462952,91
"(117, 90)",0.15689516588358088,314,0.031022950951007384,313,0.12462292331593161,304,0.036624394531303686,317,0.11423776314569967,291,0.0736951953648506,218,0.11663972899054853,281,0.049437747074912566,265,0.17510843180355717,339,0.0435416659004226,264,0.2828276467085056,393,0.03302381723716041,309,0.24382827563195564,360,0.029370934802343845,344,0.15389511860860983,322,0.053893698042440076,254,0.10859140527361455,281,0.07254117963613606,202,0.09490189851301567,263,0.08137967393094685,207,0.12208489957632951,295,0.0673807847822516,202,0.29225117353592467,397,0.03943986221288674,295,0.12087026060560535,296,0.032218149691215656,304,0.12279821452100703,299,0.03368982639611077,323,0.11439480448397454,291,0.06961866461924766,231,0.11886352686366197,281,0.04341174160566307,279,0.22546330662269232,356,0.02922900725278208,297,0.3155174036421722,397,0.026464572192906155,323,0.24768368411226271,359,0.013934287396668656,312,0.12216837213689258,289,0.08502824595995159,203,0.11492456663526929,282,0.09182908399828849,189,0.1191146271087491,288,0.09421981186063566,189,0.17035559593052585,344,0.06646999178961831,225,0.16238825605857832,327,0.08510853491276597,208
"(117, 129)",0.09774985859421959,280,0.03632293340741452,287,0.12537783654219425,307,0.03655074005360229,318,0.13641779310014268,316,0.06946276472801025,235,0.1337505072786842,305,0.04723265509761022,280,0.0854980331457077,255,0.05529535950332672,200,0.04056286539381193,204,0.06308968368740794,179,0.052846948770432056,229,0.04889590467162975,238,0.09996897043952646,273,0.06222876660026936,213,0.14298347525989286,314,0.06618422410820836,222,0.16087100382337716,335,0.0682519381167073,251,0.1279611387893418,302,0.06633315938881482,205,0.038062272166700994,199,0.07780769923679816,165,0.1292227504873683,302,0.031508477680726885,308,0.12722794825853367,308,0.03329420244646805,327,0.13624118858545953,316,0.06567876545158165,253,0.13134412180769384,301,0.04199070823876603,296,0.05994293674483886,239,0.04545622335016764,204,0.032528495744139185,201,0.05643969493877838,186,0.05147515256537494,225,0.023524370773230937,229,0.12787504771549651,296,0.08374409871743656,208,0.13564774219012488,316,0.08689211213345874,198,0.13107610998155783,302,0.09126188115154348,194,0.08850676105161104,252,0.08268351747974818,174,0.09384198208066241,273,0.10217836044471347,159
"(239, 90)",0.003386300180790114,105,0.238232996716418,25,0.00421652755423374,87,0.2843311906967158,11,0.0040013252219651685,40,0.4494029413476235,7,0.013765834724484671,87,0.23185288502180743,13,0.021674281514847404,150,0.22286125955812847,17,0.03779775517242445,197,0.21864775337125122,23,0.0023640283082321245,72,0.25379522334127463,26,0.0015115654221434793,55,0.38943473348409,9,0.0028552663790422095,55,0.4500425470810935,7,0.00975257188897305,63,0.3818484478741297,14,0.012237214644894578,92,0.3057938038367631,16,0.025021189435957325,171,0.27410504904855876,19,0.0031798248471278656,106,0.24110902434113549,26,0.004558405310326252,98,0.26441207374418874,11,0.00438960970491542,43,0.42448724083986905,9,0.01592534258901812,109,0.21143111721656077,16,0.03799206211562989,201,0.16050766992294646,30,0.03699281136581689,207,0.21567547101959528,21,0.0066636658312744235,134,0.11572569148176448,32,0.0015265265505256531,46,0.49876474990679365,11,0.0030848184582211724,48,0.5278176266783324,8,0.01317809868144193,74,0.41634151319882134,15,0.01602564223324987,112,0.32044509387303566,19,0.021840274999151976,153,0.3878217161771805,19
"(239, 175)",0.20476560468361504,338,0.0868183451829856,129,0.312899378657303,409,0.0802063604371901,140,0.2709001765624859,456,0.140197583813124,71,0.14181667003342247,312,0.12329736956011668,59,0.062101299260447274,229,0.1732334702764731,33,0.03796365501310173,199,0.21841842034072656,24,0.15999530199907974,320,0.10105309461467189,99,0.2615335843488882,401,0.11231414612220232,99,0.2814345123751347,440,0.13150151439426633,78,0.14924187306721304,321,0.1877653537053212,45,0.08543405650892955,247,0.1940741874470992,37,0.045418679976027,206,0.23897145465895286,28,0.22834428998015577,351,0.0818598372947919,131,0.3142206594761132,407,0.0750484339769028,141,0.263299428031752,454,0.13655911343381738,70,0.13005996154823118,299,0.1197113642337883,60,0.04161384639983612,212,0.15697876789423817,34,0.04053628230678452,216,0.21095993765114926,23,0.1349713492216955,299,0.056322479283289706,89,0.25429693090700256,401,0.14670527488368384,103,0.24315725850360392,423,0.1717374829288508,63,0.09538116892143311,261,0.2574099580096002,32,0.056084492059954805,213,0.2424289466634162,31,0.0359921192328404,190,0.34835186306135113,26
"(239, 198)",0.34915397741355547,409,0.05977079833732732,194,0.34849356584669877,428,0.07331627294430941,155,0.3386087471183973,499,0.1180625057422175,106,0.30061824553438654,447,0.07989281385237383,129,0.3341312891524557,439,0.07663724902441804,141,0.3395554971298609,419,0.08365979892168945,129,0.3663014198458914,430,0.05863679611334936,197,0.36962373891685396,449,0.08537223560926781,149,0.3390583490218356,475,0.11364169352256616,106,0.34562947558665713,493,0.11111639632286957,116,0.39227222634393777,494,0.08195715951020216,158,0.40266010297061694,453,0.08156138542728691,156,0.3522498250881174,408,0.059596455798149116,189,0.3529729131662481,426,0.06805756966104734,159,0.3367103609918224,496,0.11330899554654049,108,0.2960494421463833,438,0.07558854100936648,134,0.28657944153537296,391,0.0703126782877839,136,0.308775701829884,393,0.08873468382030478,115,0.4768203635450754,433,0.02272655110511245,233,0.41343949174000816,490,0.09788480233861614,176,0.3612706904223173,497,0.1270954358461646,119,0.3771589301660413,512,0.11737776986856624,131,0.40054477801733523,490,0.08803985897284697,165,0.4636193126270616,493,0.0958244898897411,179
"(239, 210)",0.4730325792177352,455,0.043434579274600246,254,0.28278709921048495,389,0.0865816519347427,125,0.3454154686798636,501,0.11605331090448834,110,0.34541457450493196,481,0.07134514422356114,164,0.45697378750647133,493,0.05595904946503904,199,0.442312744936053,463,0.06435950401722447,173,0.660553292653809,558,0.025234779147542324,368,0.5226569603719056,518,0.05702212160258965,237,0.3952171240744431,496,0.09858621121178493,152,0.3555464165775162,500,0.10837097221226902,123,0.43660518876902166,515,0.07312517606110006,181,0.43697816488940666,469,0.07465386269700545,175,0.4386797474202788,439,0.04779019364761481,231,0.26613264798376557,377,0.08483393081965909,118,0.339831984151572,498,0.11242056578891027,111,0.3446592648362614,468,0.06685017075538187,168,0.48497725077605525,477,0.0422358430141056,221,0.4693670755048118,457,0.058807157112170154,177,0.3491819149881876,395,0.03159113149051468,179,0.47914574286033407,519,0.08238578870347636,218,0.4100806311611068,523,0.11226460827757234,146,0.3971669441037412,521,0.11155735698824522,140,0.5005258256515217,541,0.0676454064628779,221,0.4894485294713512,504,0.08940549072491974,194
"(91, 160)",0.6752541830996995,542,0.02730226275257859,336,0.6916928311685421,568,0.01561497365800616,500,0.3163784530672573,484,0.03389287721200273,442,0.032047326872713056,153,0.07061874292180935,169,0.024787082103540747,159,0.07367905652674436,147,0.00856836526507565,119,0.09612310285363766,110,0.7291257275621444,569,0.02795377834925093,350,0.5515871174714726,533,0.028336512869104914,400,0.3976701308457402,499,0.03847365519854429,378,0.11043867500591853,283,0.07771900413675611,221,0.04993063011230259,188,0.08224479469379058,157,0.0174660845463811,150,0.1089815457920278,115,0.6381920163239951,519,0.030616147828610715,311,0.6933602978666076,568,0.014884093876784578,499,0.30565308218300324,476,0.034756077691687676,437,0.021592911914342428,135,0.07359864234746243,139,0.009493410840485494,135,0.0720993495901498,130,0.0072211352362512304,128,0.10153214191767373,96,0.9858655351743105,569,0.0009196217657268862,538,0.48802078135517757,521,0.05021950923351644,337,0.3830365367041699,512,0.037108583737636244,431,0.07240016275280325,222,0.07402896765727686,248,0.03853277958365564,175,0.08180238037014165,175,0.026008119506215843,165,0.14674740060224808,103
"(91, 173)",0.0018465878633214805,82,0.1952380272396733,36,0.001545700631377267,61,0.11943654156269447,74,0.032339717546725266,124,0.07248786860323253,223,0.3177218503369146,458,0.03287266329708792,372,0.3555429816408475,450,0.030324139630510977,345,0.5031647123850106,494,0.024729977055564276,356,0.0009984486999690123,58,0.25172870380717766,27,0.005821449459323169,83,0.12918360467063061,76,0.01853116190784454,115,0.10691456888327136,123,0.14078810398236874,309,0.07167685964956752,240,0.25215723622022357,413,0.0479373060853973,293,0.40611689777459636,458,0.0381828020783798,306,0.0026878445675675433,102,0.18958309904869775,39,0.001517396706560925,61,0.11464162803225474,73,0.03476993863854527,132,0.07173080605274078,221,0.37564053787852436,478,0.02840421052672947,387,0.489784263365719,479,0.01936736317727538,386,0.5249981289004942,480,0.024326863732543957,332,1.060832659494082e-07,21,0.1933449542658079,15,0.00962138213819752,93,0.18589715710214122,67,0.02051685348463872,97,0.09844285368232288,171,0.19837351864998254,382,0.052903813057777395,341,0.29043123723722797,423,0.041721663161837216,341,0.34849685530745145,435,0.061783681069028665,273
"(160, 91)",0.008309124497142939,140,0.13089040966329282,77,0.005972808889385339,104,0.0900643363167791,115,0.0738541747454734,217,0.053772041474426754,314,0.44936247412400665,535,0.022570957670196342,457,0.39942145190363043,469,0.02094696732857894,421,0.5246090734842135,500,0.019784148634522193,417,0.0017770672773478324,66,0.16301083637163424,52,0.008503412646119313,108,0.0900063374824359,138,0.024493486625005167,128,0.08284675479673745,182,0.19725772262595398,382,0.051732243800837796,337,0.31350161813566646,455,0.034397605503067995,365,0.455068837983612,479,0.03029526699112825,353,0.007911031218436282,145,0.12801595873986626,77,0.0058378731918364846,108,0.08703866450521214,113,0.07312426242868142,216,0.053348873897104264,314,0.5216259783215179,556,0.01875148019191884,475,0.5623091664923594,513,0.012826270898381058,458,0.5595896679251006,492,0.018658626135473994,385,1.967675221314913e-06,30,0.1333467489087456,26,0.014247047389516432,114,0.13269680725497937,119,0.05853304712437646,195,0.0732545058701398,238,0.3046182502899334,472,0.03885047680440521,415,0.3781112823139422,479,0.03043681566807601,406,0.3197506927852587,418,0.05101064278106826,303
"(160, 204)",0.5071318907692319,475,0.03324445939585504,303,0.5484740665681991,513,0.019963056080788584,460,0.1955587220840178,385,0.03886772708482872,411,0.012821550000246873,79,0.0738644401018836,152,0.018305627827160942,142,0.058533353684775774,192,0.007243498320866237,111,0.08246693318281963,132,0.678861201310338,563,0.022465914560113834,389,0.5041491505904547,506,0.023082587726527753,445,0.357285957925076,484,0.03390681959981699,408,0.07297257968547688,224,0.07206417526652333,237,0.03297467266129317,148,0.07286986684997912,182,0.012298245155655252,132,0.10095304771899855,124,0.5134301398275531,464,0.03185527505745725,307,0.5512461630105998,508,0.01911386780086886,458,0.19696373040888893,386,0.03834278630854069,410,0.007416878892974266,67,0.07740129560790306,130,0.005323765243775869,101,0.06062975739369074,153,0.005446602488977215,119,0.08738985091863291,117,0.9628762163534722,561,0.0016921677640713546,508,0.4347897063067132,499,0.04246283753802727,369,0.22891780626943792,412,0.046495208101089355,379,0.03501373260356444,140,0.07990406169704439,226,0.021227788427157,132,0.07948847701752516,182,0.03161063726147062,181,0.11031981978530546,145
"(173, 91)",0.680226599257838,545,0.053554413511756244,211,0.7370169838276212,579,0.0267176148469925,402,0.4350594860476844,537,0.047242849517389794,371,0.06674436579374965,219,0.10137721366839383,86,0.06196151670861949,228,0.100850071168749,91,0.02208999123950317,170,0.13385450934420776,59,0.7303900528010534,570,0.059745633105629574,190,0.6273723589606472,553,0.045579840782492866,286,0.5114506434299505,543,0.05466928073904989,287,0.2007569396800366,387,0.10496858237164214,132,0.10016076903843918,269,0.11409155111231033,83,0.04620438680810013,208,0.14713861119162,64,0.637980807429015,518,0.06090519502470342,185,0.7277931516826226,576,0.026710848604469123,387,0.42358860086368244,533,0.04866475659205993,353,0.04707228638721073,189,0.1059225214310666,77,0.027191502105928467,183,0.09718369259869032,85,0.018266088108335188,174,0.140661569255075,48,0.989464875652251,570,0.001367963924491195,520,0.6174279202158445,564,0.06733652828228713,266,0.49431011863868946,549,0.052618214994824386,346,0.14722792404972163,321,0.09885518801066186,176,0.07543774129573477,239,0.11406985870532191,111,0.056862340559723945,220,0.20247680272160967,60
"(173, 97)",0.0017512761345800376,80,0.39074634820656634,12,0.0009045915951653161,51,0.2495395192735481,15,0.014219445682978282,76,0.14776040634350546,63,0.2099684222938175,382,0.0691874343004143,175,0.2206694129741591,372,0.06603935797329057,170,0.3723382135437143,429,0.052205827508163036,218,0.0009829476072147347,57,0.5411458442321109,7,0.0029817317421951817,70,0.27109722643659584,17,0.008034396251435538,75,0.2182864883018173,30,0.07119453384769558,221,0.14829754810333745,61,0.1536397109586758,328,0.09892776728466451,116,0.26357855985469714,390,0.08234761573220936,154,0.002693357195034718,103,0.3768416455838553,12,0.0010149817928659655,53,0.23907688579225417,15,0.015435627366455207,79,0.14678709705913323,62,0.260834410008852,416,0.059857941858135116,195,0.3419608838502133,415,0.041790636522770756,226,0.39973049781975256,424,0.050288445699482535,207,4.376726825405797e-08,19,0.38680459577260706,3,0.003273362430917137,62,0.38617259009331184,19,0.009171547173689176,66,0.19875668435987795,44,0.10513009995032785,272,0.11059967143997476,141,0.19256464542782747,361,0.08346574567711534,172,0.23313066026065887,381,0.12650772731800386,127
"(92, 124)",0.44579471379190927,440,0.016269735151091876,428,0.0875808610354637,269,0.08953383334981631,116,0.041640436196379915,152,0.1773532345761995,42,0.03035426840212363,140,0.14888807289403447,43,0.004443244741650365,69,0.17326445718657243,32,0.0015139659736507216,54,0.18307594597091925,33,0.09922976956177987,272,0.04235441199583089,270,0.056494839455314194,219,0.14008491643558227,64,0.0336438986542118,149,0.29076962631595954,20,0.030500935638341664,133,0.29380721654635683,22,0.016372916298493245,107,0.23805162787659925,24,0.0020843756443733596,58,0.27001644960665777,20,0.43056673510799826,434,0.01868412954195137,400,0.07407581281333386,255,0.09295892354096764,105,0.046318433203073495,158,0.16655782347366607,50,0.029651899717983987,150,0.14405909360894578,40,0.0027515773595516713,81,0.1551410099477227,36,0.0004630588978677963,43,0.1947696459501158,29,0.051221526872023526,223,0.0055561720584713795,423,0.05581115636470679,209,0.1351233125769753,113,0.02566116630951054,116,0.2684282326041958,28,0.027837678420630674,118,0.24560508877061865,34,0.0063289383617548545,63,0.18878188305236293,49,0.00044764680249320676,30,0.2859295385063328,36
"(92, 231)",0.01315848310729928,166,0.052644965526654576,217,0.17179735445424382,337,0.07152393919180564,160,0.2789469975562342,459,0.09408137151113546,165,0.3257436484197762,467,0.06750063317247788,180,0.5834401574904446,552,0.034088727385072584,315,0.6935640006272755,572,0.023748771231395915,371,0.15488520123179128,319,0.03651259301341423,299,0.23407537082003793,387,0.08721859003483509,147,0.31052776916308444,460,0.1386173725172808,69,0.3250317428154169,477,0.13351341996977625,83,0.41528302139141027,505,0.08102115767883686,161,0.6636491863826827,564,0.0395429771416239,293,0.01468530288304426,171,0.05761365021410529,195,0.19513524352165001,352,0.06730871863557716,162,0.26321491621435444,453,0.09333534951322182,164,0.3291996914685933,458,0.06457608507002226,177,0.6357703762092406,540,0.025282523955672487,322,0.785397572631988,584,0.016331904603437846,411,0.24840844963499753,361,0.0032824975058179887,474,0.23585068160415235,390,0.08357792382955434,210,0.3504666542988135,490,0.11229784480577441,145,0.3385054510599884,492,0.1068053833531906,151,0.5413955252429091,557,0.042844891609020046,335,0.7876163867046548,599,0.02368459363578549,470
"(124, 187)",0.6627386389804423,536,0.009274273860306268,515,0.2893152106309258,395,0.04569690963650197,264,0.17732699992045142,363,0.07822725821069548,198,0.10864582153031799,273,0.07003342896567148,173,0.024361553703120098,157,0.07970863109577805,135,0.014294918119244437,146,0.0876245606769555,122,0.3219543635546934,415,0.01985132100975625,411,0.2267284397904622,380,0.07420035835759138,178,0.17460829970588843,354,0.14099864468898468,66,0.1669050401679385,342,0.14432925812212744,67,0.09478669857025102,262,0.12323637080925104,71,0.023738419793940313,168,0.13459610151555396,78,0.6574302006123238,533,0.010701308469869367,488,0.2569605899920646,374,0.04908970880133114,231,0.17680717003975643,362,0.07776399546171013,198,0.090549372988741,255,0.06764923490810934,164,0.013187061076283313,153,0.07118539511315412,132,0.003688697964239873,103,0.08965742017331618,111,0.24791616039265563,360,0.0025912944950655286,486,0.19148080568929027,354,0.0735257258084182,242,0.15387143974624096,340,0.12055023521580838,129,0.1430102140241698,314,0.1253320002075936,117,0.03861183885459085,177,0.0992184500351739,133,0.006161382846680663,87,0.1326137260460804,120
"(124, 92)",0.0021039738251631412,86,0.06310259737899465,187,0.03882419641404944,209,0.0892571662637361,117,0.08413546322078469,241,0.1002974830014651,145,0.14291812456330644,313,0.06391664400798602,190,0.3580756015825288,452,0.03253984162654612,328,0.4343229053893518,460,0.02808118945914143,335,0.031142889580750843,185,0.043244865312257484,265,0.059422335045433816,224,0.11594662136408398,92,0.0858088158477156,253,0.17867313720782219,42,0.09077101520987685,258,0.17681881087533852,51,0.1610349032445768,334,0.1032796348352596,106,0.3618602479258517,429,0.05428370197060535,236,0.002221053647771476,93,0.07131820713163553,161,0.04832654426313088,229,0.08568090582436799,116,0.08445239571621532,243,0.09948124212121155,146,0.16723819277841567,340,0.055137391530578256,215,0.4454957814894407,457,0.022020425529325295,354,0.604400506552163,516,0.016384593221344883,409,0.05139365456049505,224,0.0043783978086241624,448,0.07602061114168657,236,0.10003929369890467,170,0.09998673287084758,263,0.1391788601308082,99,0.10856915044118176,276,0.13738801319416027,100,0.290127629185186,422,0.050656623298719616,296,0.5446842779418594,529,0.029769138233558857,424
"(183, 94)",0.06111156790598149,245,0.013671391815190675,454,0.0552636355424756,233,0.04829832071717584,249,0.14744103245351314,335,0.04698946926011079,372,0.23909962775622295,409,0.03156666565020249,381,0.37141913395695436,459,0.018992401310829053,440,0.48614742370936226,483,0.012565028716725837,499,0.12404052203758997,293,0.014573381589966726,466,0.07185520521455646,236,0.04546164042024924,288,0.1222535094503231,295,0.06013682389758102,253,0.21084077625381448,397,0.049970599271037176,342,0.2910906730748367,439,0.03229245901033705,375,0.3911257126104193,446,0.01891343106430587,450,0.03469822361928454,208,0.015582397373228724,432,0.057740631311445245,239,0.046223372140508916,246,0.14673732854452048,333,0.0459291793025759,376,0.2522464924161989,412,0.0294917355613465,379,0.45117604588894067,460,0.013985329164940758,445,0.5736336598132494,500,0.009820649119855245,508,0.11864674124874641,283,0.0068651994841198005,392,0.09965563766551422,263,0.039964432037613344,383,0.15823641440511427,343,0.05562103051801975,330,0.27348742569782714,442,0.04508649432408173,380,0.406698758498089,497,0.021676877206375237,482,0.4099749907435912,468,0.019409091953934917,499
"(183, 213)",0.22266670540355815,349,0.008884550177457335,524,0.23728942946205311,369,0.029715683057770413,374,0.10496002198010379,273,0.05262579745340273,322,0.05458295902010524,197,0.05164988018428496,252,0.022230207827105497,151,0.048553453799160685,233,0.009758923946864506,129,0.04623301015188304,240,0.1259644130831008,295,0.014498806124716,467,0.1994451992826447,361,0.03234868653490618,366,0.12778731981066604,303,0.059255910879382014,264,0.06633943048974222,210,0.07346979819635892,235,0.03836162389026132,161,0.06345680755293048,216,0.019396452514468976,155,0.05147958147786739,247,0.3059588583380608,386,0.007542506247403228,539,0.2308994455763702,364,0.029121551211621806,366,0.10552296014264861,275,0.051264874600523036,329,0.049900317062179456,192,0.05061442118717667,240,0.01265317805344246,149,0.04603146857206505,201,0.004836019738095554,112,0.04825278471097747,215,0.13157610589979485,297,0.006632533053553102,401,0.1543136806541724,325,0.03454401334225968,419,0.09677748195120683,261,0.06552641420678931,275,0.04320613454154598,165,0.0834021253857074,216,0.017394791106718266,118,0.06198423712215383,244,0.016998227296066704,139,0.056077648627318774,284
"(97, 154)",0.00894262485330155,143,0.3528466241194359,14,0.008191249184319682,116,0.2126556792286351,22,0.07483663109799554,221,0.13621061530052267,75,0.4007997818684148,507,0.07191489357196525,161,0.4824362505167402,501,0.05989236416331664,185,0.5985481108532267,537,0.050087975935617535,225,0.00885282502718776,121,0.45202193008427693,12,0.023147630404933173,159,0.2400882519526538,27,0.0509367221584307,182,0.19485165221236433,35,0.2361572305169033,422,0.13503180567416861,81,0.3829512944514063,485,0.08911320621529495,137,0.5096233106642067,505,0.07392903035128214,177,0.013333223952387785,167,0.34090695594730563,15,0.009131565780210682,122,0.2026928607803123,23,0.08164300553618231,237,0.1337676558246279,74,0.449764974951268,520,0.06419133956134394,179,0.5988156383014178,524,0.03870333769544946,237,0.6303680763899853,529,0.04630369758535311,219,1.5125416170658212e-06,29,0.34843566072328364,5,0.022371786851221875,142,0.3418182247845948,24,0.04939545939937462,169,0.18164750775444136,56,0.31631386295497754,479,0.09664637527220574,184,0.4335494232236663,513,0.07415625045921996,200,0.45927983009888884,492,0.12049214242477646,134
"(97, 173)",0.4976113246067516,468,0.0924224660357155,119,0.508970075019864,501,0.05369035579039473,225,0.1936925763158751,382,0.09920754570428085,147,0.0181298780753556,107,0.20183495078195746,21,0.010036327826980385,114,0.21776754484366778,18,0.0038882757691449665,82,0.26844015688160516,15,0.4989257433026506,498,0.11789846784150107,84,0.3655352821697426,448,0.09569663245548785,130,0.24922686306420783,424,0.11477557407246076,104,0.05569400962709126,187,0.21855814485729252,32,0.020528969309207223,123,0.23633835133582137,25,0.008149697659625366,107,0.293438845866395,17,0.4439756709411472,440,0.10596469602704885,98,0.4948816349568389,495,0.053561544331874836,213,0.1814976576116789,367,0.10249447054137661,134,0.012784014516286968,94,0.21033710770707836,17,0.003878970501221879,93,0.2076222874533364,16,0.0028979797820619657,90,0.27847227295759625,13,0.9659569146360562,563,0.004046123385418685,451,0.370496562984602,472,0.13410162612560858,117,0.2537414996207057,435,0.10527565508149088,162,0.0323538411342037,130,0.20665679808557502,52,0.014374550974438849,106,0.23083192380283482,37,0.011924046235321506,118,0.4069208725701282,16
"(98, 261)",0.08889915069843868,269,0.03194074419698376,308,0.0645321501604027,241,0.03246574940570149,350,0.19161691423810823,377,0.026318868747644195,486,0.4599542458818182,539,0.014791724372185138,525,0.5383247834518529,534,0.009559691638867331,536,0.47097735277926644,477,0.010768633030413347,521,0.045500267493115754,213,0.04947870636723096,234,0.10632212223869564,285,0.029400154210993148,393,0.22447001775456477,401,0.022198180490209028,491,0.3827965819303223,516,0.0182834251134695,523,0.4334534374906054,513,0.013950174461294266,522,0.5013281567848935,499,0.00993166659461518,539,0.11828943726889185,295,0.02932660030154537,319,0.07410689348629429,256,0.029364960278315987,364,0.18304210685142897,370,0.02637120205704209,484,0.45726498919301195,525,0.014370185799363567,520,0.5882197011146072,518,0.006913992751942233,539,0.5671476292781426,498,0.008164385353974474,527,0.004573699578595214,124,0.003657992028174833,463,0.06182108324986291,216,0.06324802268224369,284,0.1636888360913198,349,0.03259320675306368,455,0.3245264361382221,485,0.02175795336072771,518,0.33845753742470863,459,0.02286849410144927,470,0.43363135248623275,478,0.02271992399108121,474
"(98, 217)",0.16975004848047281,324,0.02574587159944528,350,0.2148081642854911,362,0.021743721797220863,445,0.0759471293132512,227,0.03582955200585791,434,0.011865040389239967,74,0.05006112549690275,260,0.006488733428453575,83,0.041693853006190024,276,0.0109356425981596,132,0.03774671391372403,278,0.2658445457454528,377,0.027471375265076817,354,0.14574644179172824,314,0.026466194534480014,419,0.06035517546741542,203,0.034392624620898184,405,0.020550976003669508,96,0.04846587862073081,353,0.014384460258788478,100,0.043410614397988136,315,0.008690652122401277,111,0.03837473378097212,304,0.13195967475709847,303,0.02827678066985092,328,0.1950759748444444,351,0.021267397997500846,437,0.08074218086018536,234,0.034642835887176156,438,0.012101841655558054,88,0.04822081484009407,255,0.00426128232210965,95,0.03573238509688887,251,0.00511075010732287,113,0.03923382523087506,244,0.5801087593820176,471,0.0007280515965154194,548,0.2209973275452639,382,0.041364725722188266,377,0.09294492392438225,255,0.039360283666282504,420,0.030605455920267755,124,0.04780079472734485,363,0.02784674071781268,149,0.05257922415472444,286,0.014366097595811755,130,0.07074039736114197,250
"(261, 120)",0.010986712860805659,154,0.05409490824107493,207,0.009651713585752453,124,0.05199237606035381,234,0.021713138392562392,95,0.04807048294704365,359,0.11908591443804195,284,0.026234516921163888,429,0.15867395868666134,324,0.01867444067248031,447,0.16451859246393785,318,0.017685361761722983,440,0.0053916886856885116,103,0.08071202428088102,135,0.010854611539586667,119,0.05018123515816342,266,0.02405782038369164,124,0.04066782981033362,372,0.07221438527463342,222,0.03468023825595523,419,0.10202750080707168,273,0.026303841710927964,428,0.15123773249099437,318,0.018729405400295353,454,0.01797652041918041,179,0.04901416953475953,224,0.012176228865512284,136,0.04696375341593201,242,0.021560468465125382,94,0.04769041925859338,363,0.1200670943475548,283,0.025436236905966223,415,0.20930588435734854,345,0.01311325292445014,453,0.24022922935127866,358,0.013518254059814704,446,4.7068763042057427e-05,43,0.004649293319521308,443,0.004177740371557603,67,0.10912058791217215,149,0.022334190255414943,106,0.05215919159181711,347,0.07331907601897392,226,0.036098748330172355,431,0.08943248805889237,254,0.03562265703626698,372,0.13440865825306358,305,0.03757844166392105,361
"(261, 98)",0.4703511170946666,453,0.015463397500353283,437,0.4876057176791191,493,0.014064302883368051,511,0.3748354200235393,516,0.018599694510886236,537,0.1311067188957592,302,0.025406892728299973,435,0.0964628548181099,268,0.022044290133105788,409,0.09237807025889433,279,0.021436932859972148,399,0.5607992132442656,517,0.01716237460747705,440,0.47197613587926035,493,0.014270507843808419,512,0.359908868338917,487,0.01650462168996402,525,0.19873781934222157,385,0.024747412949693723,485,0.15118530352224235,326,0.023072168063390575,458,0.10198717321055506,278,0.021358079121951992,429,0.4020124070639024,428,0.017397107238502994,416,0.45642959738308087,478,0.014032739626312704,503,0.37585851092851974,516,0.018392569614086474,537,0.13006619932606966,300,0.02476696050016523,424,0.06705375966590776,248,0.019164457916656226,388,0.05416277103060407,239,0.022210700803667913,354,0.8955462734677321,547,0.00017415469928315166,569,0.5904686699095111,555,0.020948594640621033,508,0.3707410241060465,502,0.020447052264290885,528,0.19658716521538588,381,0.025984403486292627,488,0.16893212711825634,342,0.028817347078343773,423,0.11604099031086434,292,0.03946487269272322,352
"(217, 246)",0.33435762719841877,404,0.028972798529453763,328,0.26024590338865405,376,0.03533378632987479,322,0.07949820243107941,235,0.06364431947479904,266,0.010729675584411735,69,0.08730405535325095,114,0.008458922552327053,101,0.07197624765989062,150,0.012228185231056399,138,0.06861441102045407,165,0.40714498454101566,455,0.035109906426713244,306,0.18859832509293972,357,0.043539346309898024,297,0.06632219522944438,216,0.06257837436264652,245,0.027648426866706877,122,0.08413239997884525,197,0.01741424371957434,114,0.07370374499689605,180,0.008957343536726614,112,0.07254715573533477,184,0.3025447626130987,385,0.02980773957469847,317,0.2400731868540552,369,0.03405917487117558,318,0.08407393057802148,241,0.06170708855993857,270,0.010599194789880806,79,0.08335006442473153,120,0.005450606080110942,102,0.0606231113255647,154,0.0048240439219054965,111,0.0730373930533681,144,0.15338894383519364,304,0.0028440311928057123,481,0.3443415172553229,460,0.051619802918091366,330,0.1259550440198065,302,0.060107961825302224,299,0.03592711052852504,141,0.08336121886948025,217,0.04166922574604093,182,0.08007722054275937,181,0.020161438072868076,150,0.11183961505160486,143
"(217, 98)",0.028632745278302618,200,0.06573144727964896,176,0.04726061811696669,228,0.0623952716630132,189,0.1852084597896897,370,0.04800927452179818,360,0.47352866804242266,547,0.024704791273316207,438,0.5048270949294515,515,0.01841817800646587,452,0.45584872810195864,468,0.020539778704758215,410,0.017340294060280925,152,0.10053729953113179,100,0.0775963076525914,241,0.058539296115223655,229,0.21087803855074916,389,0.042556586946853,361,0.33950947381320407,487,0.03646723093951837,411,0.40653978357871645,498,0.02578834140712979,436,0.49739694409715707,498,0.01901570492510879,448,0.03550733147261165,210,0.060881626270945045,186,0.05422060834986109,234,0.0559277326277005,200,0.17742819465543147,363,0.04810770386285165,358,0.47516669852407256,539,0.02346289330489269,439,0.5595018701935855,512,0.012947501586848858,455,0.5739230616980457,501,0.014850159642594889,430,0.10034952865882962,277,0.0032761259924295803,475,0.02675466625444245,152,0.12097054179298429,131,0.12404979591980148,297,0.06041412714139808,297,0.30080377127312496,470,0.0410528892035877,400,0.27884472651571635,416,0.04249390626901642,337,0.38555787551531917,451,0.04182214525978654,340
"(99, 123)",9.999999999998899e-05,30,0.0670976592099597,175,9.999999999998899e-05,17,0.03101504228625294,366,9.999999999998899e-05,16,0.022237888115774665,514,9.999999999998899e-05,14,0.019808292738295208,483,9.999999999998899e-05,15,0.009592977281169889,535,9.999999999998899e-05,15,0.006748764551793084,560,9.999999999998899e-05,23,0.06244615540102232,179,9.999999999998899e-05,22,0.02534312917486108,426,9.999999999998899e-05,19,0.01630533427109508,529,9.999999999998899e-05,17,0.013575866137547429,548,9.999999999998899e-05,15,0.011938575374601945,538,9.999999999998899e-05,17,0.006675387980432723,560,9.999999999998899e-05,34,0.06166200454270893,181,9.999999999998899e-05,19,0.027466821919751624,379,9.999999999998899e-05,16,0.021652479349192212,515,9.999999999998899e-05,15,0.018457910329832322,479,9.999999999998899e-05,15,0.006983816503820649,537,9.999999999998899e-05,17,0.006999163837509869,546,9.999999999998899e-05,63,0.0033203018185892093,473,9.999999999998899e-05,18,0.05165550160807513,329,9.999999999998899e-05,18,0.03187023740762266,461,9.999999999998899e-05,15,0.027691207005199163,477,9.999999999998899e-05,16,0.02099412311503163,488,9.999999999998899e-05,16,0.020846518684248836,492
"(123, 203)",0.030077449585660054,203,0.06460168440745495,181,0.13539601687394387,315,0.032845128867007335,345,0.20268788281488725,397,0.023396449232638644,505,0.3608715062335357,490,0.01691941683755971,507,0.530094444744916,529,0.01010669795394444,532,0.5522193385641653,517,0.006421881488260043,564,0.01817921111625398,155,0.0780455618248416,145,0.12930663778488405,303,0.02710301922585563,413,0.2508916998753652,425,0.01690800537114262,523,0.4294529107634486,529,0.013988321281485826,546,0.48706977777630167,536,0.011024871867101991,546,0.5849239030800396,539,0.006026756389551043,569,0.024160544412562768,192,0.06065343023009164,187,0.1549614395283192,328,0.029072320789473104,367,0.19320863641107544,378,0.023458558212346832,503,0.34456574328972667,467,0.01617213293979121,503,0.5502774517284099,509,0.007866622541044878,529,0.5803479056747811,505,0.006077994432242927,558,0.009795179079310712,150,0.0034853240153489757,468,0.08071884125095119,243,0.05100739440541192,331,0.1781297507631021,369,0.028415435043697056,481,0.328193143701371,488,0.023479088074094778,501,0.360619399056442,472,0.019612035914673826,498,0.42463372437702795,476,0.017718046754679685,510
"(123, 99)",0.32709642120446114,399,0.029158526946476464,326,0.1151502398364237,296,0.034667137576635296,332,0.07023453514759714,210,0.03331007748333076,445,0.02389975682895995,126,0.04181881864839065,314,0.006933420507416077,88,0.04289544630345472,270,0.0057910948421124875,99,0.029339042167219408,323,0.40041166795614713,450,0.027842249071368497,351,0.12079006329099684,294,0.02772559510644023,409,0.05036252794121576,181,0.028876993027959846,453,0.014802858063742486,85,0.042982228023437555,378,0.0096909980340808,84,0.04068626060407347,328,0.004386106971490333,77,0.03079099243156609,344,0.35928643154485906,410,0.024664784982259463,352,0.09917313163690655,277,0.03373568816767256,322,0.0750938588980119,226,0.032144648967910694,447,0.026713867740818964,143,0.037926760116136944,320,0.005884741605670429,105,0.03570588089749465,252,0.0045642340918277124,109,0.030563315755444118,296,0.4856573472551967,440,0.0009487183435339494,535,0.18308239101113188,344,0.03882182255890723,389,0.08364880564789146,236,0.03655778559684571,433,0.029854821037463397,121,0.052205897801330406,344,0.02394105812037628,137,0.04843484653293178,305,0.015321132184415331,135,0.05361961826972439,292
"(100, 161)",0.0006777621888900409,66,0.11154006782286238,90,0.0076920057764670036,113,0.09904502173424153,99,0.055921320132401586,180,0.0945443937669965,163,0.23940615491550843,410,0.04958852259472812,264,0.4554677393118248,492,0.026747680119460514,367,0.5654503444797659,521,0.019853171197107288,416,0.005450112257904927,104,0.08193572975098028,132,0.016028646951439574,141,0.09022023156260554,137,0.025999920521452946,132,0.09698128767183647,154,0.11828390967470326,292,0.07905463278192233,218,0.3110528580903583,452,0.0416720048502153,323,0.5060198046132729,503,0.02588571602552339,386,0.00026828215916596676,55,0.11919249072569539,86,0.005946028930336245,109,0.10034608553658321,91,0.05510537121174086,179,0.09553272526568735,156,0.28870598763818556,434,0.04290737718564261,285,0.6230966930518331,532,0.016428760115135523,406,0.6523910504881995,538,0.015273627270531765,422,1.2024875650773481e-08,18,0.13324416754319224,27,0.013278067309867803,110,0.09321481033059752,184,0.037427967188869204,148,0.09655525842298963,176,0.17239409860760913,356,0.0664857504098652,290,0.3316087194442988,450,0.03793787917438,361,0.4118692790182197,470,0.031232233298342668,406
"(100, 157)",0.49619835544529245,467,0.019002993537800876,401,0.287967049771338,393,0.03508269916902828,325,0.13835786632611002,321,0.07047641144177764,229,0.047495461608142775,181,0.09099794970704657,106,0.015090899166435245,133,0.10434065004468736,83,0.011856126626462404,136,0.10834343623261496,93,0.29887175987323933,400,0.02715860353768198,357,0.18219115833629873,351,0.04629130981221686,280,0.15181728580188825,324,0.05879895891894514,269,0.059745827367745585,193,0.09800795848577433,150,0.022294423602234437,131,0.10656712026383271,98,0.011131316931544344,126,0.12057751761490629,94,0.5667401962023172,492,0.015858151792201704,429,0.3185003691542292,409,0.032008629135343435,340,0.14991027553401093,337,0.06858238765430037,236,0.039901760779497475,170,0.09262910233302071,99,0.008063342293230358,129,0.11259128034260403,66,0.007029694820158916,126,0.11733598513123286,76,0.9098158698062321,549,0.0025617731496992385,488,0.19924395980713616,362,0.044422494498756446,356,0.12993847496528832,309,0.0671821023391629,268,0.05071976623424601,183,0.10073688775711101,171,0.032581542235869065,161,0.09495632370833439,145,0.024691513089431183,164,0.10048233482235214,165
"(100, 253)",0.5852218646041364,501,0.01476499189026093,444,0.42485773545458283,467,0.025045439427494348,416,0.2619998782975643,450,0.050693270253044674,339,0.1741743513605527,342,0.05882341730174502,216,0.18463228519250396,347,0.0526934704971514,216,0.16316869044735638,317,0.05602864770327424,202,0.4758949821969706,483,0.017466687028365836,435,0.4466164175327567,480,0.023880359212520037,439,0.3990394700059574,503,0.031421206708806305,427,0.28558022835118735,452,0.05043729737775958,341,0.2233165301684511,392,0.0518293531704852,268,0.1943402250881061,350,0.05677999159941347,225,0.6388719875496123,520,0.012660713648395943,466,0.43269526493089916,464,0.02414119381319408,411,0.2465598567451519,439,0.053037021317736036,317,0.16210470806199573,333,0.059491569028242,197,0.17908163897325102,325,0.052969723476322825,176,0.18152341857245347,332,0.05393747525936413,192,0.9638472998866545,562,0.0010038319343436785,533,0.4554013644793645,506,0.02344850853638639,490,0.3634379042615029,498,0.03673834079059221,432,0.2303970325250534,409,0.05706208565629705,324,0.16087428244218382,334,0.05862340648322486,258,0.15144997974225094,318,0.06040870118227582,276
"(161, 100)",0.8577962130410619,591,0.01113063077932497,489,0.7475401680893157,580,0.018532711928137914,474,0.512215133954273,560,0.04426588286366445,385,0.23425502852189395,406,0.05802072824576072,221,0.09387947769352123,262,0.06442675135809098,174,0.0492523374410655,219,0.06484544512316631,172,0.7466700516064686,574,0.017009661863709887,441,0.6679237828283702,567,0.024607534317775032,431,0.5842241974554414,561,0.03510780029074491,401,0.3734999045071177,511,0.057502338966986595,299,0.1778180285079609,352,0.06216522002442262,223,0.07432831806637141,250,0.0674465833549628,200,0.8794606531861778,595,0.009830779714979695,497,0.7580655573531443,580,0.017790276861691965,472,0.5131063882459215,558,0.044833117128112436,381,0.19824631563229955,366,0.058549355180380645,202,0.038649441699617926,205,0.06687081572959376,143,0.029025461416439247,196,0.06666050333887184,157,0.9759539996418543,566,0.002069679932334528,500,0.6677384203904049,574,0.025461964931316472,475,0.5325150571867757,556,0.041497152887131454,405,0.28714558602101814,456,0.06315131278611082,302,0.14573758501899226,317,0.06403457177339347,235,0.10305389444280055,281,0.06604654013837914,264
"(161, 178)",0.0001238370213725304,41,0.21217668141243357,32,0.0007897623202285375,50,0.18196380788376662,28,0.007986563540125613,57,0.17718758220561734,43,0.056425242264349085,199,0.09325132373282918,102,0.1623342246761118,330,0.053676776184398776,209,0.25416824859676723,376,0.0375244779612071,279,0.0007988260703957195,51,0.16631107897564032,51,0.001994228008670884,60,0.17089084536575241,43,0.004412978558587133,58,0.17893124908366367,41,0.02191393392213481,102,0.14798200009868048,62,0.0838373859160284,242,0.07987180442918601,163,0.19465455894942396,351,0.04893165027789726,258,7.362245765696329e-05,17,0.22472773038961844,29,0.0006859982938214326,50,0.1839263489785337,27,0.007931099240171102,56,0.17997973766142344,39,0.07246515936863807,231,0.08188683284640003,122,0.289983444138882,393,0.03415806768211648,266,0.33234946996071857,403,0.029575355202570108,301,5.276025039080423e-07,25,0.25406452113032774,9,0.0019980742764229564,51,0.17669468846230907,74,0.006800112220256782,60,0.17753755652829795,57,0.039397104468192556,152,0.1224414121986849,123,0.10632929981560313,284,0.07113020293848017,209,0.14985958577895175,316,0.058296618675820436,280
"(157, 100)",0.007268876671374769,136,0.08803462059291409,127,0.030812368232519205,190,0.08683268299926193,124,0.09150208783369407,252,0.08400686690661542,185,0.35658124141062086,485,0.0363933881546347,348,0.6717726197232623,581,0.014375167807450831,489,0.7079894273475604,580,0.012699594882088312,498,0.03313561672942256,191,0.05932311300698515,194,0.05592933071811412,218,0.0780706915887003,166,0.06708090828695279,219,0.08602260447184415,170,0.2085762347369986,396,0.06589925391934093,263,0.46803053536543704,529,0.030187708345840402,394,0.6793863885785026,572,0.016238666819853174,480,0.0032099556143184715,107,0.10058689563823175,104,0.024330230705236655,179,0.08868554965357278,109,0.08950995089436997,250,0.08313833570364633,183,0.40680319310669644,497,0.03136535579896025,365,0.8094960734223839,593,0.007971198022642595,528,0.7782683427267819,583,0.009818102829770518,509,0.0006760654383017872,91,0.016470043533365227,290,0.05066080293025099,201,0.07911282219010457,223,0.09047448770695854,252,0.0837862933156551,210,0.2821273913860507,450,0.051701801514626375,347,0.4444585060937818,521,0.028611239745029785,426,0.5934696695198913,554,0.018519128655822115,505
"(157, 176)",0.5241687617135138,480,0.02115041461110528,378,0.323531031212666,415,0.03965393278167831,289,0.1658131049293573,351,0.06890522761427531,241,0.024611796570825017,130,0.0887212287696633,112,0.0019156319310826841,47,0.10137160753101448,87,0.001285455731840246,50,0.1040989661088085,97,0.3127810480411346,410,0.028069982507044598,349,0.23554214627739334,388,0.04834427199425383,272,0.20924791195801662,388,0.05887422291047085,267,0.06739635834439417,212,0.09603361895382642,156,0.0111777464822298,88,0.10482626768939887,101,0.0017671131127692252,53,0.11807769550077439,101,0.619529350519906,512,0.017405524650559556,415,0.35826366546345734,432,0.036182675954004255,301,0.16881381989598254,354,0.06729081168655422,243,0.01738202284148027,116,0.08971772049290065,106,0.00031475947981118857,34,0.10921163459084685,74,0.0005151803445012648,45,0.11265512048163273,84,0.7591329109880389,516,0.0015845953796970666,512,0.25002437961565094,398,0.046466872998390786,347,0.16735097669628696,354,0.06825570208572689,260,0.04075519146639661,159,0.09853558846041091,178,0.013286645423547072,97,0.09218819295112922,154,0.004068295259819443,69,0.09748756809770824,174
"(253, 184)",0.28485167450242954,380,0.02158464635195266,372,0.14447771458425773,323,0.03761427032225489,310,0.052552870677640584,170,0.06766132661909167,249,0.017746023318564674,104,0.07307842741132833,156,0.003525196488812332,63,0.07231839096101718,149,0.0015867852585833564,55,0.07187016076690747,157,0.14367960125114798,312,0.02580689540334641,365,0.12031545334223592,293,0.03460388467919288,342,0.10241430374276272,276,0.043202313970730245,356,0.028942385594115216,124,0.06656978039006324,260,0.007239383470907468,68,0.06836389017349812,200,0.0017285256007264493,51,0.07300637882742683,180,0.3219172698722582,397,0.019594135959386322,389,0.15142700942961218,326,0.036018382052522654,303,0.04837993773638416,164,0.07095602205374044,223,0.012312280209864523,89,0.07398687571762136,136,0.00143317314595659,66,0.07257482371704663,128,0.001035123646057401,57,0.0711617566032647,145,0.8445860758384157,535,0.0016897253506057983,509,0.13635624604033603,305,0.03273469311822274,434,0.08684516233767592,243,0.04880170338704177,363,0.01815874240224602,93,0.07339700372291039,251,0.005044915513951476,55,0.07598352196361885,196,0.0028932094283289356,63,0.07808537211422792,222
"(253, 100)",0.0400121271905578,216,0.04152286545844598,261,0.1073565965590797,288,0.041528223268319,278,0.24464573115995913,436,0.040522239836227866,401,0.40385267773477196,509,0.02578785503187886,434,0.609384103036867,561,0.01298213609230237,504,0.68931290297932,571,0.00948962824670445,533,0.10801390439965364,278,0.028381863781123014,348,0.12980459218911422,304,0.033739240933465496,352,0.15068374407702145,321,0.03798438333684304,383,0.33277209058313395,484,0.02949440238702417,452,0.5246805858174586,553,0.01639692072022267,507,0.681443737616991,574,0.009956562205468523,538,0.031150706987170595,199,0.042679393569231866,248,0.10184175001655604,279,0.04111024178537711,265,0.2567980261786901,448,0.0406768332043822,398,0.45491306623357,524,0.02221389502116616,448,0.698464766853645,560,0.009222260292537499,506,0.7261912735858531,569,0.008008669921870026,532,0.00016409137037021182,73,0.029174416462291526,192,0.1142924606759661,283,0.034718484404574756,417,0.17295603937917892,362,0.03878867526684291,423,0.40057258408960184,522,0.026170569876469277,487,0.5686758720951276,563,0.015729531412905333,520,0.6305407242706608,565,0.012975534629264967,548
"(101, 116)",0.15322732101079273,312,0.08290395420714272,135,0.07638835871010463,255,0.11315992350480429,83,0.05691114486531701,182,0.25154463294488816,24,0.08889737584384982,253,0.12341998055165207,58,0.03708543307666923,183,0.1645560320571998,37,0.005008574941385624,95,0.0851017581827918,128,0.20480601599724968,347,0.10199630729009679,98,0.05753810902278356,222,0.28152719401731297,16,0.05606073892102459,194,0.22540872093822995,28,0.06062780323934869,196,0.1856207747209435,47,0.025613568378005436,139,0.19484130256516488,35,0.008095081325954934,106,0.072531511871758,185,0.05691082625501942,242,0.08853955880639751,123,0.061612765773439104,243,0.08472343908040844,120,0.058980603480490945,187,0.22438668319467384,26,0.07204423887840583,230,0.10169287532570362,85,0.020273381796378276,167,0.1126804817870909,65,0.0013109220595020066,67,0.08655760579786335,120,0.08695034990251893,265,0.05999629390304575,84,0.06546596374727165,224,0.4065919893648071,17,0.07206735990627677,219,0.30198035811011714,23,0.09681778516931305,263,0.2841593411769027,28,0.01914465190703496,126,0.3925037218010691,11,0.00032630422884027954,28,0.4571484395951299,12
"(101, 103)",0.10047142160400524,282,0.0954274090264567,115,0.19080191562625193,352,0.08340155114198379,132,0.23300569975939234,428,0.15723841159234786,57,0.16975278024248208,338,0.09948161385711733,90,0.2961028385144022,411,0.08233176038751108,130,0.5695263462951188,522,0.017565963861122153,443,0.06919832696843098,245,0.14644239412621374,66,0.23141065134675443,384,0.1770290063688946,42,0.23519988466999409,411,0.1397584104155523,68,0.22381720035544905,413,0.12010268192855016,100,0.35073885092237256,469,0.08144099949268015,159,0.5104861806888197,506,0.018222409649538772,460,0.23300651516546267,355,0.05534515766486175,200,0.22148526832755955,360,0.0553068422009531,203,0.2278114489016938,421,0.14301281907999178,64,0.19907240879720245,368,0.07246916472545888,144,0.38475937288408746,431,0.042243610105770976,220,0.7062908486357222,560,0.010637420631648388,493,0.17278965601759566,320,0.04772093620893892,113,0.21274295946855493,374,0.27450205983955195,34,0.19902688881101638,386,0.2152390080662958,39,0.1581804923629847,331,0.2412659370187136,35,0.3930022978123964,486,0.1433489691053774,70,0.8073568474747719,601,0.03379944985480151,390
"(116, 114)",0.25732898464151877,365,0.05572037960922667,203,0.20610957516424067,359,0.06399783154037317,182,0.1937052840731316,383,0.11617698460149356,109,0.28916608957018464,441,0.057064351923616106,229,0.20053573715534578,359,0.06958234794346221,158,0.17053560152543157,327,0.03486265623312705,291,0.4181643566982217,457,0.05733116893813887,203,0.18115518203405512,349,0.13654311544418885,69,0.18453714835788104,364,0.10714662353767823,122,0.24752954589720688,430,0.08544956515398691,192,0.17252207572485834,346,0.08493180869093667,145,0.2712372021136623,394,0.029704164446948216,355,0.13792288756150817,307,0.058695119315132424,192,0.1841475519529534,348,0.05116402758559092,224,0.19905204457954395,389,0.10471514098133382,131,0.264572111833981,418,0.04681324167102363,261,0.16199195762637564,319,0.04699947239827853,199,0.11573428385470097,285,0.033339359553200526,279,0.2558934825558401,366,0.029528884990466627,190,0.18893665311968943,349,0.19158079078631893,65,0.21271781019792857,396,0.14258260998970268,95,0.2987332123693718,469,0.12691079694102742,115,0.12631910273807523,300,0.16686027693741834,59,0.03848595846679759,195,0.1829420508616132,72
"(116, 101)",0.048205774955705216,230,0.097381683673072,110,0.06856921770596058,246,0.0923609199550848,111,0.07482989026023112,220,0.15951770274599597,53,0.03886330272479499,166,0.11140399749949814,73,0.07130545791655019,241,0.09821747110033874,98,0.08839052088056998,272,0.04340071939322489,251,0.01604216692813032,147,0.16998820594582392,49,0.08184435862501505,247,0.1779469212367838,41,0.07988127120598576,242,0.14164179954078898,64,0.051529263626251876,183,0.14417862958701183,69,0.08711983419966962,253,0.10665459830361214,97,0.043868910658290794,204,0.054519032778604176,234,0.11291064448407684,289,0.06274355781785663,179,0.08010457657996595,260,0.06752546723905495,161,0.07205458145576837,213,0.14693023146840284,61,0.045894273585901924,188,0.08393902176685925,119,0.09411742319877259,278,0.05632494692954455,165,0.13474751366346793,306,0.03169112639451004,288,0.04867816415969295,219,0.05134388491347751,101,0.07740941239695909,239,0.25794440406693553,40,0.06547742788610256,205,0.21117247392654248,41,0.03643278682556428,142,0.25591492223796486,33,0.12369011263836338,299,0.16803418442725337,57,0.29061133825324603,404,0.09324884492494885,184
"(103, 102)",0.012926609722060278,163,0.10885076114342684,97,0.0898619726738541,271,0.0691874710648132,165,0.11057695032414205,285,0.15080310606992767,60,0.07480476120793489,228,0.08658760692991396,117,0.2073535935482913,364,0.06626316254059561,169,0.4230224256820482,454,0.01594713428339551,456,0.009839308789786005,125,0.2067131720752059,37,0.1261486287326572,299,0.15427818924817122,52,0.1191020003653388,291,0.12241816830258673,94,0.14096462097798224,310,0.09183792578248344,166,0.29126960218124653,440,0.05737965667178385,244,0.3665218198470459,436,0.015389861060623674,487,0.06971999635339143,253,0.051855803670934404,216,0.11824911095556567,298,0.0406446942742661,267,0.11289668848523826,288,0.13198918049289404,79,0.09104524599636221,256,0.06047278797491471,193,0.26155542201066906,374,0.03696358923551559,246,0.5901320234900591,509,0.009267712434533414,514,0.06964934033227399,247,0.04861273569953642,110,0.16353242338632368,330,0.1913143076075668,66,0.10207432673510297,268,0.1868368975766978,50,0.0876608186231762,248,0.20375730525680735,53,0.30848238175113574,437,0.11454782424884806,109,0.7085492942397921,584,0.03134946479607083,404
"(103, 101)",0.4482413256797718,444,0.03338020897275031,302,0.16827773704656324,336,0.05613200453101255,216,0.1406256640076866,322,0.13919072407053373,72,0.19375266872707453,368,0.06304968476904664,194,0.06797485709170914,238,0.09610070653832997,101,0.015497969482295648,152,0.04801521168218005,232,0.4850628984470451,487,0.05637548991628403,205,0.1238583649680145,297,0.1552233063912069,51,0.13108956942799455,306,0.11856673204084295,98,0.11028866788988112,281,0.09966633275950539,148,0.03831531514778441,160,0.1128233174496259,87,0.022991389347282176,163,0.03873286050736919,301,0.20373520333754147,339,0.036271133596450414,284,0.1320030606942264,312,0.03918096747067373,275,0.13793883642941607,318,0.12346292091682504,94,0.16649420192773556,339,0.049451489569844985,248,0.04684261756922603,222,0.0655765139803246,144,0.004190162124304675,107,0.048218311860599626,216,0.2038797044104761,334,0.033983210000302654,165,0.09305225247005566,255,0.23087298129564623,49,0.1511244587532593,335,0.16392929422681507,68,0.17167212873862936,353,0.16286025040075167,72,0.03411192668615204,164,0.23865006102208894,34,0.001277143478378484,46,0.25759667767467875,43
"(102, 103)",9.999999999998899e-05,31,0.05528095526161281,205,9.999999999998899e-05,18,0.050563490412212087,240,9.999999999998899e-05,17,0.1483748786043373,62,9.999999999998899e-05,15,0.064251865423531,189,9.999999999998899e-05,16,0.10708689943322458,81,9.999999999998899e-05,16,0.04148172516328846,263,9.999999999998899e-05,24,0.07373220596007117,160,9.999999999998899e-05,23,0.1425308543425032,63,9.999999999998899e-05,20,0.12153624878227223,96,9.999999999998899e-05,18,0.10360134676931525,135,9.999999999998899e-05,16,0.11387872746500384,84,9.999999999998899e-05,18,0.02886360115347421,360,9.999999999998899e-05,35,0.05272203954567523,215,9.999999999998899e-05,20,0.03924049633890242,274,9.999999999998899e-05,17,0.13650202125175687,71,9.999999999998899e-05,16,0.05322845055487209,221,9.999999999998899e-05,16,0.07428262300610951,124,9.999999999998899e-05,18,0.03892435305134672,248,9.999999999998899e-05,64,0.04120149751803006,131,9.999999999998899e-05,19,0.20539040162786024,58,9.999999999998899e-05,19,0.1756207670212196,59,9.999999999998899e-05,16,0.1820320492814993,62,9.999999999998899e-05,17,0.2794610085996118,24,9.999999999998899e-05,17,0.20912183647355395,59
"(105, 228)",9.999999999998899e-05,32,0.030293111524953627,320,9.999999999998899e-05,19,0.03851742119125151,296,9.999999999998899e-05,18,0.023384634875404403,506,9.999999999998899e-05,16,0.014711413113912601,527,9.999999999998899e-05,17,0.006590005480177571,563,9.999999999998899e-05,17,0.004337288771476315,586,9.999999999998899e-05,25,0.017598028892538756,434,9.999999999998899e-05,24,0.020328681204555603,463,9.999999999998899e-05,21,0.020276544284583326,499,9.999999999998899e-05,19,0.015765821446561763,538,9.999999999998899e-05,17,0.009097056423335659,561,9.999999999998899e-05,19,0.00380684168393239,587,9.999999999998899e-05,36,0.030483994459322688,312,9.999999999998899e-05,21,0.03729976861220354,288,9.999999999998899e-05,18,0.02236680488181245,509,9.999999999998899e-05,17,0.013036398094291437,534,9.999999999998899e-05,17,0.0038114800337299974,578,9.999999999998899e-05,19,0.003046929889077728,592,9.999999999998899e-05,65,0.006131732101224233,412,9.999999999998899e-05,20,0.02885610587125292,446,9.999999999998899e-05,20,0.02231743040315909,518,9.999999999998899e-05,17,0.014199152678562857,559,9.999999999998899e-05,18,0.008725461640863059,573,9.999999999998899e-05,18,0.005672318808376306,592
"(228, 267)",0.00039797999820323504,54,0.02701759663163017,340,0.017760509184166384,159,0.03437218308786609,336,0.08647770031496516,243,0.01900703846616462,534,0.30510523687834257,450,0.011850542918929358,558,0.5494661640203384,539,0.005452960583179164,576,0.6733343128971638,566,0.0037041180864719123,593,0.01383718359591013,136,0.015614989356856736,458,0.0150586166163722,137,0.01724559476965016,487,0.039948122030085687,163,0.01706535520186574,521,0.21155773651682175,399,0.012792576892268365,552,0.34502488184504354,466,0.00811949262736928,569,0.6935828736531017,580,0.003561922701483291,591,0.000229358289234316,49,0.027475190519704488,333,0.014849569100364057,148,0.033853013455256674,320,0.08859208220530101,248,0.01849288488681071,536,0.3573654678815339,473,0.010202928202174923,556,0.7153041104225817,567,0.0029923321189178572,587,0.753819952410981,576,0.002456778194825273,603,0.05515066090589005,231,0.005542898072245529,425,0.022217349434349942,141,0.023694125579443788,489,0.06891771198400576,212,0.0193733028036359,535,0.28444695703569756,452,0.011863863670547266,570,0.4402503446654845,518,0.007092428400309425,580,0.6286836666976165,563,0.005115660748902392,596
"(228, 105)",0.7951644738681359,576,0.002145102945283648,604,0.403736390357334,449,0.012133691684151427,538,0.17353918030813364,359,0.015068961282968812,558,0.03489879427309761,161,0.024412822526201486,443,0.005924228631716044,80,0.02468323470239693,380,0.0018844229849559468,59,0.026284654614436628,350,0.438843853096069,473,0.004933111373003325,575,0.42705638195223683,472,0.0056551587009877335,575,0.28508873102010346,443,0.00886381679693227,566,0.06600868666838788,209,0.01886111266711918,521,0.026630510791862738,141,0.019070080729168385,488,0.0015136484128109862,46,0.027460531625584147,370,0.8273747832566734,582,0.0017914778079981576,607,0.4290124964907567,461,0.01103261941361033,539,0.17022365130740702,356,0.014875206454217322,557,0.0244801718540526,139,0.024935851595522234,423,0.00117998851278589,58,0.02532488263083726,321,0.0007265678679473364,49,0.02487118220527133,329,0.237588209752993,353,0.003406529633112331,471,0.3715031928566287,473,0.009265821244592087,579,0.20538580897809633,389,0.013462440776848454,565,0.04012164097541848,157,0.02279119073998914,504,0.01369742957522968,101,0.022550101603002613,474,0.002944842640398626,64,0.030574434338867987,418
"(109, 237)",0.20366940559753166,336,0.012168595781897162,471,0.03612020809532335,203,0.037916461237241524,306,0.0633442061178765,196,0.056158164581788725,301,0.11960929168961243,285,0.027745872096618312,414,0.027190390917099405,161,0.027301122884706625,363,0.007572523802187758,114,0.033533693586579344,304,0.059531881301196354,238,0.02025247022880643,403,0.08142850266106527,246,0.02809849296157322,405,0.10481169833758697,278,0.03383669995243718,410,0.0789995335405087,240,0.031286715053475744,442,0.02022860900816048,121,0.033375181173881406,370,0.003353507069417061,67,0.03962590643993943,290,0.28146490234793187,375,0.00936546517649293,508,0.03528398995660553,202,0.037037061990004345,293,0.05306182192108111,172,0.06040245140903236,277,0.11512622902808811,277,0.02633703853934649,401,0.020537289880720122,168,0.024732501763410065,327,0.00843363757184612,136,0.029519140952238062,302,0.9997000299990002,607,0.0,608,0.11302621044538219,281,0.024398043410109815,482,0.08847075188136844,248,0.03596102523011805,438,0.05376852320837244,191,0.036585174114968734,428,0.010156627847423993,81,0.04478256429927087,322,0.005822919202956189,86,0.0508895801886431,304
"(109, 118)",0.06975219607385097,255,0.017392543639223615,414,0.3000097018636674,403,0.01872259799593627,472,0.2174839905411512,414,0.037225405744618086,423,0.1305502930187834,301,0.02694805359815614,423,0.3419668931676756,445,0.011739717311108577,518,0.5189968259674265,497,0.008194202772703137,544,0.2264612226279441,353,0.012973682207006352,482,0.18186359506336658,350,0.021496112179592006,455,0.14762723863975902,319,0.030185781278814616,436,0.1860880447985711,366,0.023514115740087334,493,0.3850782544404494,488,0.01249959592534416,533,0.6148168918073564,550,0.006975312805780761,558,0.04093799823694111,220,0.01780855033982776,407,0.30347940043113986,401,0.018076708408738974,468,0.2432340508348454,436,0.03636139135802103,428,0.13542276907983652,307,0.02494945916777758,422,0.3828927808760283,430,0.00932731621279493,503,0.5052137215544956,472,0.007544265784109466,536,1.000088900582341e-12,11,0.007159563402664249,384,0.13779091684942568,307,0.02283886541518456,493,0.17041132810818516,358,0.02890230526763041,478,0.24129767416354664,414,0.022180097477167135,511,0.48085388617981173,534,0.012379062660020493,549,0.55155657395649,530,0.01116380994705427,554
"(237, 109)",9.999999999998899e-05,33,0.049664780143175005,228,9.999999999998899e-05,20,0.05102516318561843,237,9.999999999998899e-05,19,0.1289838735280599,89,9.999999999998899e-05,17,0.09677040742425437,96,9.999999999998899e-05,18,0.04365126945187191,261,9.999999999998899e-05,18,0.028880097789385446,327,9.999999999998899e-05,26,0.044950528639872624,255,9.999999999998899e-05,25,0.06946100958653513,185,9.999999999998899e-05,22,0.1051962461049766,130,9.999999999998899e-05,20,0.08510188862521942,193,9.999999999998899e-05,18,0.04683677165130963,298,9.999999999998899e-05,20,0.027582486476048156,368,9.999999999998899e-05,37,0.04956736185511681,220,9.999999999998899e-05,22,0.04864697186705149,233,9.999999999998899e-05,19,0.12597336111101387,90,9.999999999998899e-05,18,0.09132115427779086,102,9.999999999998899e-05,18,0.03501949419898344,259,9.999999999998899e-05,20,0.026690604405042676,321,9.999999999998899e-05,66,0.024505690026935572,223,9.999999999998899e-05,21,0.07348877012230823,243,9.999999999998899e-05,21,0.09596523519035698,177,9.999999999998899e-05,18,0.0753314366994619,242,9.999999999998899e-05,19,0.040340894746975935,348,9.999999999998899e-05,19,0.040075549187424814,350
"(118, 109)",0.44676984111947493,442,0.016348087878193314,425,0.1985983569321682,356,0.04021383022412895,284,0.23490060738562457,429,0.06323018854834353,269,0.3029602277388863,449,0.03539746502304409,354,0.10700471555219881,284,0.03793928772403444,296,0.03868928547405526,201,0.043355214598939956,252,0.24394189811096867,361,0.022894890445302345,387,0.28883988566192353,417,0.03368483638317254,353,0.34332663941754005,477,0.037821553661268874,385,0.25537906587748316,438,0.04008325460280226,391,0.0916432643226226,259,0.04504802386052596,308,0.027105425733279453,178,0.05021713850858133,251,0.5189356381072189,469,0.013521309857058874,450,0.19867559590882355,353,0.03917885003316196,276,0.21250752450116006,404,0.06754893836818156,241,0.2900730509544557,435,0.03399363136143564,344,0.07895489333963268,267,0.03543699539427479,254,0.042383463381359454,219,0.0385157714269821,249,0.9997000299990002,608,0.0,609,0.3303975092082544,450,0.029484101135897115,442,0.2845977874711316,457,0.04174418113728214,401,0.1831952639057992,365,0.046029570402271056,372,0.054201211322036924,208,0.055275010107548844,274,0.03777090135710981,194,0.060057006689091336,277
"(118, 193)",0.013065636095402233,164,0.053062135845269226,214,0.07228544060018405,250,0.05632273204371991,215,0.056175916968159934,181,0.10186753566710459,142,0.03540787900402853,162,0.07239924934120416,158,0.14490753052352268,308,0.03429202726112494,313,0.28983082052283504,396,0.0221576341737387,383,0.05280596847472885,228,0.03813054668936135,294,0.03894898671149871,188,0.06568831309300555,197,0.02694006843719099,134,0.08834371018375485,164,0.04884862678891877,175,0.06956764290438938,247,0.1656034614943651,338,0.036984474956937186,350,0.34242708018948975,418,0.021561617562036756,426,0.007576178090512586,141,0.055323104045273554,202,0.07224607790526583,252,0.054890236370511915,205,0.06557337312070577,203,0.0999618128706784,145,0.038626068288633464,167,0.0665691768445494,169,0.18616710029696715,330,0.026624549278473218,311,0.27633033763319603,376,0.02061711494756503,367,1.000088900582341e-12,12,0.02089920106531704,248,0.029412153016694975,158,0.06603252050097831,275,0.04008079182268065,155,0.08023447622076123,219,0.08065348776587133,239,0.06050630301237533,312,0.24012549926155735,392,0.03365521747338032,386,0.2933895737292065,406,0.03032503007409337,421
"(194, 110)",0.02415029464670937,189,0.0454352164816306,241,0.00619949270828446,105,0.05654453692173311,214,0.037869252169214884,140,0.08256287594635829,187,0.13646207914611042,309,0.04015859382345543,322,0.17049622038289258,335,0.03760633935172074,297,0.3175029808284163,410,0.028860198139285306,328,0.029782260974507757,182,0.05457254456384928,211,0.013071391055568315,128,0.08169150871266202,156,0.018404881444563648,113,0.08308249995890116,181,0.12303294420358746,296,0.05821615549454614,294,0.1728275605553884,347,0.04991987776824125,283,0.3214061488470137,412,0.03503552586847413,321,0.023815175239926267,190,0.043804464864711984,245,0.005675810578959717,106,0.05332848183484045,215,0.038881832283618856,145,0.07942572805324007,193,0.16972129485434095,342,0.033912084177522714,345,0.2403522614894431,362,0.02465130762991842,328,0.3661906257154569,416,0.019998954062380583,373,0.050088576909093185,222,0.02723779496788492,202,0.026849815334269334,153,0.10185892129117635,164,0.03413316642927655,139,0.09315031085136716,185,0.18134120437842716,362,0.05951132853094542,316,0.21388213328307848,377,0.05014700690327689,301,0.31875165995214116,417,0.048519281899609995,310
"(194, 127)",0.3593484265090364,416,0.018472605846652678,404,0.5439299018210337,512,0.012725115262526045,531,0.2930043295536927,469,0.041743517594154456,394,0.114198426634189,275,0.042614995980731235,311,0.08841593590052998,259,0.04680825631047965,241,0.03209478702159507,185,0.06195415120616929,184,0.3285523011421114,418,0.02451462502788232,373,0.44670922411742287,481,0.025173438791804472,427,0.3986483314517807,501,0.029805099812018954,440,0.12698791109393293,300,0.05760540059627621,298,0.08692637324772934,252,0.06277123305112979,218,0.031258619128696874,186,0.07618511097807287,171,0.36138907626378647,412,0.017693400142893986,409,0.5546452593495355,510,0.011577907696471492,533,0.28909548505246463,465,0.0406939339287258,397,0.0889178348208629,253,0.042066556944766964,295,0.05411721568647698,234,0.04052075707203706,231,0.02304373167424123,180,0.05027963161842002,208,0.2516930883320859,362,0.015902341690458077,297,0.3438198451803183,459,0.04353807202436963,363,0.3083902169058188,470,0.044724240118645425,386,0.08173491726071302,242,0.07761802747387374,234,0.06494901990431368,223,0.07460689830317523,197,0.03182493913416895,182,0.10458658657124688,157
"(111, 196)",0.08907253016529182,270,0.08068272393765757,141,0.14054915388807232,320,0.05573719857970831,220,0.07037518651954677,211,0.0859654108298191,181,0.02808453710720593,133,0.08931946029140335,110,0.01835503087841528,143,0.09184492568658532,111,0.009674236433477867,128,0.1130173491550859,84,0.08015812746327677,256,0.0889244526049544,116,0.09114139463053816,263,0.07127902830882483,182,0.077127076159069,238,0.08045921994520377,187,0.039959582291240636,157,0.10802632077181062,124,0.032905770604549245,147,0.10607800850898762,99,0.010452821727353845,123,0.14133070067855677,68,0.09434971449750473,271,0.07732546159404237,142,0.14046262027115497,318,0.05345528746764772,214,0.06890196418894279,208,0.08856128509115763,173,0.02503866407075983,141,0.09021948129801305,104,0.010679618778848599,141,0.08478549254611431,106,0.010417781540055793,149,0.10337448072820762,94,0.0601618478896051,235,0.02941398536569567,191,0.09968131715472484,264,0.10194188303550485,163,0.07517104323134438,222,0.1015804118874186,167,0.03711377503644364,145,0.13381662387947102,105,0.016035805029267935,113,0.12848154661134298,87,0.010394753397848677,112,0.18745009999157158,68
"(111, 164)",0.1694835081334558,323,0.06511074532081222,179,0.11064215564256741,291,0.060364416326970684,199,0.20240310761159497,396,0.060449289950845995,279,0.3372055784994472,478,0.03900649520610082,329,0.3990361614028821,467,0.032908098525501216,323,0.48729822315626137,484,0.030602182894205115,315,0.18405431194104416,335,0.0674044220802147,170,0.16635051192574135,336,0.05832556395335845,230,0.18944955731524415,368,0.05963211900344211,258,0.2850462572763919,451,0.056117474401754894,312,0.31381115853218744,456,0.050021869509944854,282,0.4770248673090952,490,0.03954886461716354,292,0.16165884301719757,322,0.06462038818410833,173,0.11071596285683871,291,0.057868315983659935,192,0.20541842534213672,398,0.06153298433492859,273,0.35406481208341645,471,0.037308671761924664,325,0.47415504760431937,471,0.023944181995929566,335,0.4774729862114846,462,0.028886094063481364,307,0.22493491134006227,347,0.01895142942248072,264,0.15427931548034524,324,0.08812950680248592,198,0.1930637970470821,383,0.07417539724388336,236,0.29598966188752796,465,0.06697760256926315,287,0.41822029632073665,504,0.04332474113182693,329,0.4777681871241328,500,0.052330071794714626,300
"(196, 258)",0.6213502758443958,515,0.020854714200778075,379,0.7035987237841852,574,0.013683857591844132,516,0.6257309113014882,583,0.018005583163585737,540,0.44631269685772534,531,0.021286930473003136,470,0.3943662314274543,466,0.021664171775982108,412,0.28709439082554966,395,0.028435625884351588,332,0.6383177503392483,546,0.021892462624335106,391,0.7139396739141166,576,0.013135136693051792,524,0.7296354572391249,587,0.012070197036209136,550,0.5667963625331844,578,0.021335009023629798,506,0.4896362146171882,537,0.024668675275051146,444,0.3093204246435942,407,0.03412801356743507,325,0.6280399920523918,514,0.020190088732990937,382,0.6965170546489594,570,0.013485574523838835,507,0.6140559873079742,581,0.019065691826634742,531,0.4198256101478375,504,0.022035522837559038,452,0.3118800922791146,398,0.020357467181835707,378,0.2917260435202328,385,0.026280064095997487,325,0.611182541099192,477,0.007141086013837866,385,0.682924695457397,576,0.02181642476614215,505,0.675903261460439,588,0.01856424785586965,538,0.48152043564616454,555,0.03287130768253593,449,0.3560711821379987,468,0.03140197825360396,403,0.29485102263782925,407,0.04649339902383707,316
"(196, 111)",0.0031557929890809744,101,0.12132405167237173,85,0.001352055774523686,54,0.11006570618909096,85,0.003028414277194802,37,0.10644647888793214,124,0.013109091799451411,84,0.06899250611784379,176,0.018963510268379835,144,0.059575690815001706,187,0.0394107255991325,203,0.05512300488612948,208,0.0026845670161600443,77,0.13562783859821276,73,0.0011991527171566485,50,0.11050033727582814,100,0.0009921776129759863,38,0.1089481504908543,116,0.0051259795245636175,42,0.10240226435161877,140,0.009504098674752548,83,0.09179098422030744,133,0.03391939372074748,189,0.07130136591114658,189,0.002962905525813131,105,0.12038195522340822,85,0.0014648839734119345,59,0.10525570127268581,82,0.0033771497209544865,40,0.10801194519258243,120,0.015854191273535045,108,0.0656797721669931,172,0.03333793688978781,195,0.042895004855233024,216,0.0381974377589257,209,0.05175354184054074,199,0.0034676148858163724,119,0.04003848394086599,134,0.001701146555790567,48,0.16093874481897621,88,0.0018339279320114255,37,0.13310001889391831,109,0.010105804458818368,57,0.11916944745175362,128,0.024697761770210436,139,0.07642757588009151,193,0.03740012460147102,193,0.0925339626544889,188
"(233, 113)",0.06324389778432848,249,0.005953972733621869,559,0.016473310888549086,151,0.007466308966565972,571,0.0052334281772257185,48,0.009773866918304097,583,0.014307945296468061,91,0.005468789043871442,593,0.014266215086397915,125,0.0015039225566315663,608,0.029040515975903514,181,0.0045286315609007225,584,0.10500770043061225,274,0.00415240642782631,583,0.002048636031157347,61,0.0031897905975335947,589,8.539969608700737e-06,5,0.004603740676295612,590,1.000088900582341e-12,1,0.0032948427355685827,598,7.027521935065728e-05,3,0.0022407836343497104,607,0.024308377834669104,170,0.0031075778034097908,597,0.07732608047879652,258,0.005916346412195955,557,0.017777136895364976,157,0.007243513109873737,569,0.00507780968432292,46,0.008968993289783489,586,0.009091829611520441,74,0.0063446165324732426,587,0.04335423429520868,216,0.00172317332617373,602,0.018669423895633974,175,0.004161813209251964,576,0.041139508357918575,211,0.0030906087609371014,478,0.05482868210882885,208,0.009445068892186687,578,0.013623080072857952,83,0.007767466469283611,596,0.017723964404427806,91,0.00566917008052879,599,0.0291505952376242,154,0.006138946486322123,588,0.0183504252081097,144,0.006614001884898591,587
"(233, 234)",0.2177124795725356,344,0.003943228488421043,584,0.41441871316786016,460,0.00254811956977034,609,0.5643416741424239,570,0.0020534358350318563,612,0.43419611192064667,523,0.0017532948262820368,611,0.43460263124538656,484,0.00048153842192953726,613,0.3322730094995956,416,0.0020097255017216677,610,0.14738124721371526,315,0.0037087380629167595,588,0.66532666131224,566,0.0004640578605345829,610,0.939924224620178,611,9.606503524602662e-05,613,0.9997000299990002,614,0.0,614,0.881238185919534,606,9.645014642346104e-05,613,0.35839500515299494,427,0.0012673211633046097,610,0.18908781119908846,334,0.004391448044029126,576,0.40360301442047475,451,0.0025581051321199202,609,0.5679102936527216,570,0.0018615552287417124,612,0.4954517393982282,544,0.0016734857633599956,611,0.2729815403440293,379,0.0009331720233842309,611,0.39660602475940543,423,0.0015027028869249374,610,0.2807381107630056,378,0.0016294083571955361,511,0.2384433633529055,391,0.005786455967299999,597,0.44100373521063563,531,0.0024371956873957806,612,0.4040299234051732,525,0.0019994103339599635,612,0.33171508576883046,451,0.002729320784021746,610,0.3990720409495099,460,0.0023695320700937088,611
"(114, 116)",0.0844350057860992,264,0.0560688406133062,202,0.0918997668190491,274,0.05323872425956915,230,0.07540233187073075,223,0.094127623462861,164,0.02909072150045,135,0.07582076305965883,141,0.046018568757397516,199,0.06809893007808333,161,0.04474357329050971,211,0.0348506886113885,292,0.02680518599292281,176,0.09295464431510114,110,0.08517132978013431,255,0.10307978330149478,114,0.0805888581739378,245,0.08368975623525264,175,0.04247603591440474,161,0.0930696582912403,162,0.0590685191826571,207,0.07491220859620178,174,0.01795954109856379,153,0.045336589499805124,272,0.1730919574714933,327,0.036137465092992205,286,0.11026543720530402,289,0.03927245039589826,273,0.07419911718685723,223,0.08666741353294771,178,0.03171962676741369,153,0.06024273649162302,194,0.0486975012658466,226,0.044370271832994405,211,0.059363496923379944,248,0.02806011673368959,315,0.06974172136182544,248,0.025964448017211587,215,0.07722676379344273,238,0.15175814791173975,97,0.06587999851932236,207,0.12427272637444274,124,0.0314301897869782,128,0.15823030062532706,76,0.0950785554192266,263,0.10903982242364892,116,0.17551930041548536,335,0.07793749185892376,223
"(114, 115)",0.17683563274774483,326,0.04382337570624088,249,0.16522356347105283,335,0.04378329562444721,271,0.19263080029718327,381,0.06885520512300694,243,0.33201829662873994,474,0.03367588176149854,367,0.2641730552303395,394,0.03803252430219685,295,0.26832061617051184,385,0.019182427746179547,427,0.34406431425125006,422,0.03970063849955054,288,0.1756365254791752,343,0.08098408764054912,159,0.183306992186407,361,0.06363620808603668,239,0.27600762311742977,447,0.04987494389243538,344,0.2275951981911003,396,0.047784120558724746,294,0.40214723964765386,452,0.0160849196014751,482,0.08675934789769657,267,0.045492997723258384,239,0.1409919845901768,319,0.0361828684483235,300,0.19490027872635252,381,0.06281324958736087,265,0.31924178257054203,452,0.0279023514719979,393,0.2558350325889115,370,0.025523544016628943,320,0.2268721865783907,354,0.017947427727962983,393,0.20369080611707147,333,0.018164335135232718,272,0.18926821180767595,350,0.11255947791420094,142,0.2118377836141886,393,0.08419621049681425,205,0.3205970375423324,482,0.07296011099857953,253,0.16062014038537975,333,0.09155442232108509,156,0.08524372210440145,264,0.09915179563408448,172
"(115, 167)",0.0527966201077148,237,0.04797653386822129,236,0.07135045129727713,248,0.04411987358804843,269,0.1021097428546307,269,0.06269602877977422,273,0.21855438657453508,388,0.03098172227996304,385,0.19255879790435237,354,0.03265376679453748,327,0.21552130397368796,357,0.016331907238128954,454,0.1519769279686558,316,0.04221906309173405,271,0.08381265322545306,251,0.07551756376423788,169,0.08909750962788743,258,0.05881014227578403,268,0.16693015976649606,343,0.04589403199103907,365,0.14580553278534036,319,0.0421082075644095,321,0.3337615718976923,416,0.013723032628557655,504,0.020910583361862134,184,0.04898824390562532,225,0.058584765772771386,240,0.037202077745183144,289,0.10286726070594276,268,0.057874237233636015,292,0.2168339413612419,379,0.025751765557937723,410,0.20811419929864783,343,0.021696049360908482,357,0.2032701527531029,339,0.014424929198445511,435,0.0855857355191173,261,0.017437876417064402,278,0.0900074873251685,250,0.10290700466119303,162,0.10915923051008591,275,0.07696876275376914,224,0.20437100462453306,389,0.06462547788620168,296,0.10034441537341854,277,0.07744021474349434,190,0.06766971007885847,240,0.08015301392219813,217
"(115, 114)",0.24396783068923877,359,0.02880403880954297,330,0.2004461239652202,358,0.03126803672222653,362,0.1510784628826004,339,0.05502096985566751,307,0.06287581043856172,214,0.04693147464387754,283,0.07544087210871808,245,0.04462574800745892,252,0.06421314733759176,241,0.024452634379693118,361,0.10142071108175832,273,0.04831243513604122,239,0.17785886414730823,347,0.05876598174144431,226,0.16944515812108207,348,0.047467646269081176,328,0.09075428058256263,257,0.056231384623601305,311,0.10627425027962856,277,0.04678953614868364,299,0.028748773868751076,180,0.03107342304388205,343,0.38028978515648204,420,0.01862840627413693,401,0.22878948742825722,363,0.023623817206624462,418,0.1500994124350985,338,0.05102519515696714,330,0.06363054856602535,221,0.03875200779237379,314,0.06761431906443593,250,0.0315598554103839,285,0.06994794192032505,259,0.02058479665033581,368,0.17496707611169426,323,0.013739637662652791,318,0.16805687750604403,335,0.0835703818527972,211,0.14230359897983091,325,0.07045784665025202,255,0.06940971739499746,215,0.09262682307055163,191,0.15339572909208865,323,0.06722433709363039,223,0.2079970477746187,361,0.05512715403299339,287
"(129, 117)",0.01839232974582905,180,0.034547154618397184,294,0.011337806528746275,132,0.039543310824308044,290,0.011245802921738046,71,0.07636536578444,206,0.018355878668428915,108,0.049675345576644374,263,0.032963808899797,175,0.044805784713614745,251,0.08357390086440397,263,0.03309798866026093,306,0.04495291224761466,210,0.03132659289854575,330,0.010390797958391929,117,0.05938629076576671,224,0.00773936557915067,74,0.07507163778807067,197,0.009796485522010179,64,0.08290337961822761,201,0.020200765451682923,120,0.06920199048824754,196,0.08233730433419795,259,0.03941160233029646,296,0.011400034012579274,159,0.03580851262982175,289,0.01128315447539674,131,0.03622627591731484,299,0.011733435433925798,70,0.07204898724662988,219,0.019782114049383237,127,0.04367003985446677,276,0.051587719974868884,232,0.029874156299667852,295,0.10367342431724813,280,0.026003301950634484,326,0.05166975856539335,227,0.014707789122021385,306,0.010424011546267042,96,0.09134289169947635,191,0.010986037750901456,73,0.09569889382246724,178,0.020254410552899005,100,0.0945202103930657,188,0.03687931175172543,172,0.06648901998035386,224,0.03461952386179834,188,0.08691451295293116,203
"(129, 202)",0.39874589209048394,425,0.012389652469956134,468,0.4661122769907574,483,0.01145739436262203,543,0.4672120394601219,543,0.022048984084678272,516,0.39902955775404114,506,0.017799081878730746,501,0.31355038108525335,420,0.021146773131682412,420,0.17825379916116924,337,0.025712574463655727,351,0.2676313018575823,381,0.017284366711827488,438,0.4778189485611095,494,0.01657606258077699,493,0.5162278596591351,544,0.01851102774042847,511,0.4856397162316407,553,0.02256788897967631,498,0.3852768886514968,489,0.02590102051115939,433,0.18032091961489005,338,0.030348758911745568,351,0.4653727842572406,450,0.010399712595882741,493,0.4667646296561576,484,0.010474530258518909,545,0.4614689389832365,541,0.021186316296613276,517,0.3882941358680567,488,0.016189031874288825,501,0.24736322289860224,365,0.017716015430728874,395,0.14906737535178816,310,0.02303863681814024,340,0.2471301397601856,357,0.00872939810967817,366,0.47739321856446093,518,0.025530596919806407,474,0.4703593791643753,541,0.027355459279414105,485,0.38489441133713576,514,0.035420173229356575,436,0.2969285443163793,425,0.03317367236922075,387,0.3062951361894798,412,0.04202289462190927,338
"(193, 118)",0.07420279307965993,257,0.025267688151324432,354,0.017067580070733612,155,0.05575576646403365,219,0.016524687394055215,81,0.08505206046789128,183,0.023833422560333384,125,0.05287906066851156,244,0.002459937588761174,57,0.0561681421462435,198,0.0009520895235503035,41,0.06315077422163146,178,0.015417274217515375,143,0.035723428761731166,302,0.024378210295149305,161,0.045587936697715034,285,0.03342966392737701,148,0.0516047054644901,305,0.01586439870686185,87,0.05831587909535674,292,0.0025638198315189875,37,0.06594775463135527,207,0.00044397113854355297,33,0.07268492266296239,182,0.11716506490880874,294,0.019974771332584074,383,0.017703070255040476,156,0.054119296621907564,211,0.013588760388573595,74,0.09129834354574229,166,0.020260336667349388,130,0.05151340520260225,235,0.0014461675487058567,68,0.05345192374445564,172,0.0009893572291308494,54,0.05735968913323698,183,0.5300418309367564,454,0.0014468644986176471,518,0.03877189955089788,177,0.03978191620009065,384,0.027003444043076974,121,0.05669118684049072,328,0.010303623765612446,61,0.06577225171866502,292,0.0016208493344069819,32,0.0780773765362438,185,0.0010229376913000188,41,0.08430898544950234,210
"(193, 192)",0.19489328095711966,334,0.018313582264429046,407,0.40939710880019275,456,0.01933298213292709,469,0.4139782272852476,531,0.02906721502042187,468,0.3612772722025889,491,0.021366447618636195,469,0.6472325840918228,569,0.008765525637300514,544,0.7329515473608365,588,0.0068904277951633,559,0.42375566627160866,462,0.011837241161916914,500,0.3579756875174003,443,0.018616557053371834,473,0.31147339003876773,461,0.02452409504556044,481,0.4197349516197607,526,0.01957054803230002,517,0.6430349080003374,586,0.010457254179121514,552,0.7881536821863369,595,0.006002870060218783,570,0.13317665949784718,304,0.019139848230693656,394,0.40419799361801356,452,0.019076716397253224,459,0.4413527154466167,538,0.028615032533118177,461,0.3848522164518584,485,0.019306541415432154,472,0.6976627577635925,559,0.006815342680480987,541,0.7298654831840394,571,0.006348097049692027,554,0.006936341774610888,137,0.00613980268484955,411,0.2895148669895461,433,0.020353281275257765,510,0.3429812502376739,487,0.024297698684821598,502,0.4789418870831659,551,0.018292726195294665,540,0.687374670540361,596,0.010392218110542108,561,0.727157628651107,587,0.009446713303859445,566
"(168, 119)",0.16522451170559282,321,0.036903299938690154,283,0.044463510770106796,221,0.06348415747159043,184,0.22639726269974147,422,0.04929188638962166,350,0.5144075074036405,564,0.023446599207327355,451,0.5846028263538344,553,0.02391573399438741,389,0.6551060403766241,559,0.01908946994011736,429,0.2452078250272114,363,0.03342628181867966,320,0.16446250347543445,330,0.046636843473898924,277,0.18404441633538116,362,0.05652068546372739,279,0.3748874977205674,512,0.04723498061909372,361,0.432983090632566,511,0.04129161391705683,324,0.5309250593210143,515,0.033147160142530746,331,0.1479278569308211,312,0.039129686730858974,269,0.03919030762297271,213,0.06129851662915113,180,0.22669150692384354,419,0.04832934002245446,356,0.5688298220964223,568,0.020421821967465326,461,0.7102108896053613,564,0.014634161574884333,434,0.711223590341471,565,0.013898630624779282,442,0.2062003337771977,336,0.014026143381351537,311,0.16788839122591548,334,0.06235480123497355,290,0.20312073940317554,387,0.061766344811313836,286,0.4756725637964978,550,0.04083611249514583,404,0.5586391455859969,562,0.029046627356810982,421,0.4963188456779042,508,0.03924343541923669,354
"(168, 216)",0.09189912549792334,275,0.0448731167991585,244,0.26924804076719866,378,0.03482964863672742,329,0.059558134558451714,186,0.07692818165353492,205,0.007850704481476511,60,0.09452486864318128,99,0.004398421398415953,68,0.12205017488754602,66,0.0022738570282991866,64,0.1260791733323537,68,0.052351670972210385,225,0.05592714667146324,207,0.0924162549602795,265,0.056515641146290915,242,0.0801638133055762,244,0.07456279505190139,199,0.021705343065688165,101,0.12209798845188187,97,0.014433104532668883,102,0.1283016527807923,67,0.006887436539283032,96,0.14107114711405203,70,0.10457279653590268,281,0.04392550725008535,244,0.2879250387510661,393,0.03153186883013599,344,0.059437462618533,188,0.07550966217855687,204,0.005038321590049355,57,0.09870215691810201,89,0.0012527105496444868,61,0.12111930677185498,55,0.0012379916617328846,60,0.11554065475303239,81,0.0685256578790352,244,0.020249625275368846,253,0.09011868696882885,251,0.07672528374802053,228,0.07002135643598861,217,0.08808997457555308,197,0.010559174092400037,63,0.14530161529258107,86,0.005490073281166685,58,0.1356063794552813,79,0.009031671790810103,105,0.14919853498938787,100
"(120, 261)",0.3326834425944456,403,0.01629300915642023,426,0.32787378675706935,417,0.016560140676125667,487,0.2103294204222006,407,0.022208100853386214,515,0.052848616648625946,192,0.028829518204449914,402,0.02869762598064418,165,0.02801041969333073,358,0.02725172631127193,178,0.027192523965858324,342,0.4872609846765905,489,0.014269737009065258,470,0.2986820369617258,422,0.016274894534512398,494,0.19601373235491004,374,0.01979174576561764,501,0.0847731454042171,248,0.028875928297896515,455,0.05877966989735406,206,0.028100901894631842,412,0.028121923783872127,179,0.028289656395152563,364,0.27587605807961124,371,0.018219404222308565,405,0.2949356976199802,397,0.016866833488660207,477,0.2080440455193937,401,0.02214907361202038,511,0.050605460518450274,194,0.028185113875975474,390,0.017475194624312795,162,0.024257107709623197,333,0.014970901375751411,166,0.028270675336849693,314,0.9997000299990002,609,0.0,610,0.4034562294622843,483,0.02696306970521178,459,0.22278637356469155,406,0.02412597662244412,504,0.08850570367043376,250,0.030003399136705543,463,0.06346122684837818,220,0.03444987993400044,380,0.03528152568875509,189,0.049195087004160566,308
"(120, 180)",0.02895979241472879,201,0.03676319228111586,285,0.02991948374420661,187,0.03678309104114166,315,0.066576460094252,202,0.03258651094505934,448,0.2438236532433844,413,0.017317690796679212,505,0.33402404043546974,438,0.012359731360959803,512,0.3416355406258884,421,0.011705586485827554,511,0.009676967035707307,124,0.052693465452860064,217,0.03644537439977524,182,0.032812582477136316,362,0.07361688213903617,232,0.027431767823670673,458,0.17628343312348105,357,0.02262307076297004,497,0.2283070191619071,397,0.017876790545510685,493,0.3370096676699733,417,0.012362184710966164,515,0.04251383548764531,226,0.033983028477115075,296,0.03737875427867288,206,0.033578997791801415,324,0.06764748270345922,205,0.032209954883711034,446,0.2501848947796357,409,0.0165449411197401,494,0.40604270006757215,438,0.008500721498757226,521,0.4278742137720244,436,0.009246558639983374,515,1.000088900582341e-12,13,0.003463660869828389,470,0.01779545251336534,127,0.07631298901863044,231,0.06106105218474023,198,0.03714152083765633,429,0.17035723207380393,350,0.024119817690509925,495,0.21721793928452815,381,0.022859074205045522,471,0.3034897455934379,411,0.024009853575560684,467
"(180, 125)",0.0804133326058809,261,0.024271820353609103,358,0.08281555071392721,265,0.025583122724347304,413,0.15357714111266396,341,0.02585609786108603,489,0.4294809106554608,521,0.01290115394095868,548,0.5365195827913998,532,0.008510826109184261,548,0.5299203855085584,504,0.00935687114044199,535,0.05116160611932685,223,0.03021441670632894,338,0.0864913618056482,257,0.025690767774500908,423,0.16366174712826698,339,0.02215053939007537,492,0.3420181369889762,488,0.017258754683801603,526,0.4098807223009131,499,0.013447868431972631,527,0.5031562547782575,501,0.010736232180503945,533,0.11173110214382387,286,0.022116076785652958,365,0.09885084847713,275,0.023274343770022417,421,0.1533274547299155,342,0.02549596813394472,493,0.44985480734899475,521,0.011870813737242102,548,0.6165102191584128,529,0.00568687234192307,554,0.6099784455131723,519,0.007413425647448118,538,5.995428799998592e-05,47,0.005667673542768519,421,0.05694420663142641,210,0.05233930750072214,327,0.12740595775710917,305,0.03223628836011869,457,0.3056111851749903,475,0.02039356799296074,528,0.41644412897949123,503,0.015649650691401555,522,0.4037136997311248,463,0.024323237121775174,465
"(180, 120)",0.18361096299605117,328,0.01843227041909158,405,0.17951714803840202,342,0.019767672572918074,465,0.10020782574159925,265,0.029810639733618922,461,0.014799892745795962,93,0.039645173531611615,325,0.006584204802033589,85,0.03689768618811353,299,0.006943088639171147,108,0.03969020002070677,271,0.24858023625547587,367,0.017839119127961257,430,0.1735174473238964,340,0.020369808453884208,461,0.09296350124240993,266,0.02674622804944699,465,0.027180917129819848,121,0.04014250460830479,389,0.017009523347077615,113,0.03884262463146742,341,0.008568925088728752,109,0.04172958555704687,283,0.13927990443155058,309,0.020549596401926714,380,0.15539628423046215,330,0.02001661803458103,450,0.1003958808843215,265,0.02936113578971549,459,0.01277565020049698,93,0.03890842118609593,312,0.0033013579862153364,89,0.03250543876581074,279,0.0035060845858173595,99,0.04138563622093728,238,0.8871193711216281,542,0.00023086116843998273,568,0.23292111303184904,389,0.032727151141465606,435,0.12262452422579218,295,0.03264994839355284,454,0.03477977634604357,137,0.0420830655510226,395,0.016238907267869696,114,0.046149956461238824,316,0.01776333698842003,141,0.0688976408118856,253
"(203, 123)",0.4173782183700866,432,0.014275959603002958,447,0.1374428119022384,317,0.01627270309521022,492,0.06483490412031201,200,0.016958755701841317,546,0.015074979294815716,95,0.02285170295867311,456,0.0038559805608510134,64,0.018916451198834817,443,0.004222381330581282,87,0.015481510302730735,458,0.37230368945072656,433,0.014612784149218603,464,0.12789637754153027,301,0.013332515106168211,522,0.04907828018790694,179,0.014090358615585413,539,0.011171658242102867,71,0.020628181493198196,509,0.006843690307816064,62,0.018723467138669847,490,0.0022452785139941422,60,0.016083910319954018,483,0.4133972481250161,432,0.013361294853863625,454,0.1239461776128391,300,0.015523415634600354,488,0.06702594449095678,204,0.016941027815472683,545,0.015630636017963995,105,0.02175826241225511,454,0.0028376098465147104,83,0.016441091374068177,405,0.003269297426475415,93,0.015946239589835758,417,0.6393881998564859,483,0.0003168765991834906,563,0.18594474346901113,346,0.019902773863631505,514,0.09416492495667039,256,0.01759529825891495,542,0.027617248968545782,117,0.02481675898228483,493,0.020161032460030537,129,0.022235288665189378,476,0.014178828043552305,128,0.025979419359287725,452
"(203, 158)",0.016131811198399015,175,0.04222349647143825,259,0.11333177733349664,295,0.01735334274367922,481,0.21413496947101596,410,0.011387657842640554,570,0.4269042878560869,519,0.007497111547626007,583,0.5994787843340852,560,0.003517979763800668,594,0.5892625216552727,531,0.00298466919823614,600,0.022095243449392843,167,0.0374627067020414,296,0.12214768403544651,296,0.013538475189420127,520,0.2546889999719566,427,0.008138576105930545,571,0.46810396532786125,543,0.00593908285789898,590,0.531719502147217,556,0.004387887919916031,587,0.6563587304375088,562,0.002423453145703413,605,0.016592669655344672,176,0.03902404820954911,270,0.12605977876875307,305,0.015436167584399377,489,0.2093653074368792,402,0.011589174352791443,570,0.42182428396834903,506,0.007253916757911907,582,0.6325694744624593,537,0.0027115157223151025,590,0.6175616825053745,525,0.0027791776932452996,597,0.0026567883678187965,115,0.001971027666704011,503,0.07908052653586961,241,0.026465802037691277,465,0.16192375654023206,348,0.01468665289895886,554,0.339675509680438,493,0.010751039463796273,576,0.38556077615917017,481,0.008314754157659676,575,0.43545732286747496,480,0.008295852456881029,570
"(187, 124)",9.999999999998899e-05,34,0.0522144427906404,221,9.999999999998899e-05,21,0.07722736497768291,148,9.999999999998899e-05,20,0.08126354801989487,192,9.999999999998899e-05,18,0.05018871292764554,257,9.999999999998899e-05,19,0.028817458595235552,350,9.999999999998899e-05,19,0.02056510553215839,409,9.999999999998899e-05,27,0.04507163029090665,254,9.999999999998899e-05,26,0.1222624067472005,88,9.999999999998899e-05,23,0.17257149771652627,46,9.999999999998899e-05,21,0.1659859696404224,53,9.999999999998899e-05,19,0.08912600466153718,135,9.999999999998899e-05,21,0.04609371885420307,268,9.999999999998899e-05,38,0.05858333608302127,193,9.999999999998899e-05,23,0.07340424374901167,146,9.999999999998899e-05,20,0.08151672922120608,192,9.999999999998899e-05,19,0.046683208300049225,264,9.999999999998899e-05,19,0.02105450360397057,364,9.999999999998899e-05,21,0.015402508722512554,420,9.999999999998899e-05,67,0.003839367775964847,458,9.999999999998899e-05,22,0.09271050348477035,187,9.999999999998899e-05,22,0.12218062166680292,127,9.999999999998899e-05,19,0.11206813188984348,138,9.999999999998899e-05,20,0.04813435183765223,307,9.999999999998899e-05,20,0.028394924565745414,434
"(125, 180)",0.34970503187928426,410,0.007365249072656066,544,0.5391756025137926,509,0.004405749447212767,600,0.354790405665961,508,0.008163343794904769,591,0.11485088616332162,278,0.010185182832258848,566,0.06722962473769667,237,0.009426181272504589,537,0.04865431119793895,218,0.012102048745514925,506,0.4064289326583195,454,0.007478249564679635,544,0.6020611269173298,549,0.0034359064202874566,588,0.4533170640896227,523,0.004978494963966665,586,0.196295614961028,381,0.009049499520001936,572,0.12992298549291226,306,0.009823269290524071,555,0.05846027276565258,225,0.012081940875279215,516,0.30833100100026856,390,0.007769523850568714,536,0.5198302556159833,501,0.004296376958545482,598,0.35562623241515556,505,0.008024952515193388,592,0.10584502254091166,269,0.009828990151605549,560,0.03560813569539267,197,0.008614665534219364,518,0.028405844210412035,195,0.01253107698081292,467,0.9997000299990002,610,0.0,611,0.5146441529415735,528,0.009908397664300076,574,0.3748227310183986,506,0.009472859679869355,578,0.1493667183958618,322,0.013727892915088784,563,0.09951726372155534,276,0.014112888792094222,538,0.06750843252700878,238,0.02547754595398089,459
"(125, 140)",0.025794793046178266,192,0.017562137885221877,413,0.0064441314105301295,108,0.019269705475770064,470,0.02491487029463868,103,0.01978666035897296,528,0.13573006740406113,306,0.009633592192877467,569,0.20893081385838785,365,0.006459345541746815,565,0.2559656161249302,377,0.006958337090609926,557,0.01742781932827908,153,0.02136553687433967,394,0.0037674799992157837,73,0.018645378511562744,472,0.012456882306227102,94,0.01649791167586069,526,0.07347031642546886,225,0.01255714157110778,554,0.12020297195512275,291,0.010081217356540304,554,0.22909857571956904,371,0.007663306375984617,553,0.03414681984757306,205,0.016178939365677294,426,0.007522894741075481,115,0.01763036220597335,474,0.024772983993524234,103,0.019503578090928994,524,0.14633686255288292,314,0.008822963176091858,573,0.3021248281134319,397,0.004223696403764494,574,0.33552998365241615,404,0.005502337004626609,564,1.000088900582341e-12,14,0.00346960761565757,469,0.007836155559400093,86,0.03997649920042476,382,0.021715038157164912,104,0.02448139787447911,500,0.10343878146982832,271,0.01551650946644963,552,0.15449904702917194,324,0.01218821555888057,552,0.20833844917113353,363,0.017499291247481053,514
"(140, 243)",0.01314196128228029,165,0.03131994951302621,312,0.003976506957281023,84,0.03531246972551338,323,0.01547100061245954,79,0.03716080383378406,426,0.0939982413011603,259,0.01782597582678773,499,0.14722688299297337,313,0.013429469379048065,499,0.21526975523241176,356,0.013030931014175231,493,0.013177264238922959,135,0.035721647855098314,303,0.004031461468850583,75,0.03450770520635354,343,0.009152870674405289,79,0.033254606228973194,415,0.05195129905471507,184,0.02575998302612519,475,0.08409137010478618,244,0.020479888956986006,477,0.17762470382119266,337,0.015699374060421985,485,0.017374381268438377,177,0.02923771243022807,322,0.004493244621884496,95,0.032554398654002725,335,0.01538283025402487,78,0.03658329682036941,425,0.10333906575651819,266,0.016278832026212213,497,0.21637439317276086,350,0.009070441676067917,511,0.27982093873535785,378,0.010567299720084373,494,1.000088900582341e-12,15,0.006066742664662472,414,0.005104096525193169,72,0.06851559064865273,262,0.01303703210847651,78,0.046397893941939085,380,0.07866386958219695,236,0.02851504197996443,474,0.12859793285228072,303,0.02166708051411534,483,0.19106384155636524,354,0.03126709626008536,405
"(140, 125)",0.44596779455276614,441,0.00967401185620485,510,0.596036309409096,536,0.006647695262760526,580,0.42326710143717394,533,0.012332555052076807,567,0.16216325959043099,328,0.014863088628052887,524,0.10513093165249243,280,0.0150248814773676,484,0.06432546983281162,242,0.019491359377104774,423,0.4455981949730714,474,0.011046518616930099,506,0.5944940677709325,547,0.0065316224829394766,567,0.49457682898220723,537,0.008796157488057012,567,0.2463332238311463,429,0.015333338131749275,541,0.17739950521255465,351,0.015968370685224855,509,0.08395459330875421,261,0.020154342694475517,439,0.40686572832911216,429,0.01021949580375174,494,0.5821542046341946,525,0.006433545138041046,577,0.42406968051485117,534,0.012110140514093554,567,0.14949418810777337,319,0.014393618333536137,519,0.06383384308063245,245,0.013625320462595169,447,0.04139524555789764,218,0.01998054242638333,374,0.9997000299990002,611,0.0,612,0.5673013589272156,549,0.01425031368338329,546,0.44707147283609316,536,0.01428122714052973,560,0.18668377047474016,369,0.021377828862997817,521,0.12146980991724277,297,0.022082874741376747,478,0.07624623278710985,250,0.04246921715410962,334
"(126, 252)",0.008852574327870899,142,0.04946412298169865,230,0.015924853543659245,147,0.04015100233759006,286,0.10698265734114709,277,0.030589256149215833,457,0.42003771258925127,514,0.014385932813411908,533,0.5182936881499177,525,0.010688828897086678,526,0.5957335258090889,535,0.010394853588672285,523,0.03519158958303237,194,0.047478302991878614,243,0.026404859866228092,163,0.04130033999605567,305,0.10097129722974008,272,0.032254590460440054,424,0.30235858389583437,463,0.023851256616467937,491,0.37838464246076176,481,0.017783770910451118,495,0.5475191257995096,522,0.014867389659877175,493,0.009067203031377868,151,0.048575033147768676,226,0.015468588749460332,149,0.03776295806790372,286,0.10759313235616452,282,0.02988008218042584,456,0.45926868234825446,527,0.01290317161069394,536,0.6377656238657252,542,0.006691229360054905,543,0.6667979912329005,541,0.006818181373026209,550,0.0516474703250962,226,0.030714942207718775,184,0.044436186587416104,190,0.060171398963782666,302,0.09616534103030072,260,0.04096402100907897,409,0.32650862497238153,487,0.0252842620248809,491,0.45713303835460517,524,0.01859939705127099,504,0.5216537030835161,517,0.018997249274007557,501
"(126, 260)",0.498929428502185,469,0.012901309686696652,461,0.41919907726134986,463,0.013497337303681786,520,0.14493453396600198,331,0.027644967504861798,475,0.01583033305507786,98,0.04290791766301333,306,0.0076146051905390255,92,0.04364216647234717,262,0.0039872488935823736,85,0.055158351117775874,207,0.30386779464253666,402,0.02314265908059804,386,0.3462746767788132,440,0.017513569563503868,483,0.15256706245979368,326,0.028108472745991632,455,0.0355519881816696,147,0.04868524967983613,351,0.021187743514144763,127,0.04648435258004142,302,0.006019875648239803,93,0.06686086364556186,202,0.49580611749062664,459,0.01279774911667678,462,0.42328900157098936,460,0.012531524554046006,522,0.14418979520601716,329,0.02710182040576922,478,0.01192502369791093,86,0.0435744920998218,277,0.0026989825629737396,80,0.041367530209782746,227,0.0020176754322889234,80,0.04713927247007962,217,0.24719342486352336,358,0.018225820239430854,271,0.26933884738808633,415,0.03300167909542536,432,0.1590893235177654,344,0.03463605552476436,443,0.030197429121255004,122,0.05591030286266305,330,0.012113564953262435,92,0.06238627830066576,243,0.007415251835018788,95,0.07842289155703351,221
"(128, 247)",7.34161300031122e-05,13,0.15512393454199908,60,0.0007176851877760404,48,0.08460812704516692,129,0.008660434335348022,61,0.05860398789857902,287,0.10094787008122319,263,0.029659630616917523,393,0.1900354254213017,352,0.01773030538197573,458,0.24626499608540908,372,0.011018283186215082,517,0.0003382123207413823,41,0.13859638734184992,70,0.0008742501253806712,48,0.07625688274232612,167,0.00442645616216375,59,0.057016331838826796,275,0.02941346930611144,128,0.04415439758652196,372,0.06994116102609715,221,0.02708890104228171,420,0.2157211147149809,361,0.014594883649185183,496,6.316288523933178e-05,15,0.15156223800804974,63,0.0006008351804925871,48,0.0806099798487322,126,0.007882571074305567,55,0.058214905206780077,287,0.1338516438974635,304,0.025085780514379003,420,0.31702341952668145,400,0.011190697554495156,484,0.3040096999694145,392,0.007943053985071297,533,0.0007281269811696411,93,0.04769937925530814,114,0.0018864384303782789,50,0.09907568046856792,173,0.006107421185197248,57,0.06719991831599197,267,0.0488363326470882,181,0.04096676289901419,403,0.09867646283706955,273,0.02954625866206574,414,0.22157195459771373,372,0.01725333496793374,518
"(128, 181)",0.8795685773653013,601,0.006779319034130633,553,0.7547343999932836,581,0.008320038971240479,563,0.5017799540483999,556,0.015145000497082796,556,0.15259791499523834,321,0.025843337034957056,433,0.07680603700407151,246,0.02398074214109434,388,0.05197547874696573,224,0.01850611795955946,431,0.8052063357068037,588,0.01037956908292658,512,0.739697175412966,579,0.00806256005145116,556,0.5838745345481018,560,0.011200691041985787,554,0.3303909071100005,481,0.01971575227113721,514,0.2032839622106981,379,0.01898167909017561,489,0.06412408250252899,234,0.02186877557161921,422,0.8852203841681627,597,0.006286291672081869,551,0.7676131761304763,582,0.007428933262893246,568,0.5138904534961204,559,0.014464385115852695,558,0.11654746083878131,279,0.026270474422357328,402,0.03219901642364098,193,0.023985019282005242,334,0.03515788968662503,204,0.016303307807101684,412,0.7536602918815671,515,0.004715450866870945,441,0.6732328681960134,575,0.013967740954215926,550,0.5457589781964699,560,0.015030995308259817,551,0.2554161036000202,423,0.023600972795914468,500,0.15563231004925748,325,0.025382852849537504,453,0.06157583763176988,228,0.02643876761345787,449
"(130, 256)",0.023695241683840518,187,0.01601891369924644,430,0.031152667912301313,193,0.046158189735617444,259,0.05544250060848466,179,0.05477739300119991,310,0.08090324180041275,242,0.04117511094282982,316,0.10669400699392084,282,0.026049509174699968,371,0.08528606151110019,268,0.02449925244111652,360,0.03242383067415977,189,0.012197206915082363,495,0.03252326687108775,173,0.03159123270672028,377,0.04531610171142053,171,0.05689812375703978,276,0.04358611050398986,164,0.05743317918943698,300,0.060913644948989765,212,0.03500546572820191,362,0.07413835122878842,249,0.025083169002676788,392,0.023846012010131812,191,0.016117239735302692,427,0.03186531962178418,196,0.044927644754043754,252,0.06157849910413482,195,0.052483469524220144,322,0.08534384422980978,247,0.038345106994572144,317,0.13013760379018557,300,0.020442024385945345,376,0.11852469023044665,288,0.020623382738542823,366,0.001170184923147688,104,0.006335939105322709,405,0.035052785271397324,170,0.03186811998882782,438,0.05037577977079677,173,0.0486704041292344,365,0.06973158083116404,217,0.04735513632096532,365,0.1026214347476988,278,0.02946129119650394,416,0.06720116713639701,237,0.034735769398748,382
"(130, 133)",0.36212592827576473,417,0.006455059286587756,554,0.32190796668074184,413,0.021191902225896658,447,0.23681773344792867,430,0.0337606569587004,443,0.1827644879636534,354,0.03138047270666623,382,0.14528854925256396,310,0.023501870248520535,397,0.17545079503463867,331,0.01926313961371857,425,0.315994192770104,411,0.005710254504914634,563,0.3155411874748961,431,0.014811962653866915,507,0.26644322940917675,433,0.03152442909242922,426,0.272193044472679,445,0.031187930273174867,444,0.2231361941316128,391,0.022708269973327776,461,0.1950160162104666,352,0.018170768078376767,462,0.3612001814610526,411,0.006513982668211879,547,0.3185641492601299,410,0.020855508277881334,443,0.22156570505950146,413,0.03425032713551018,440,0.17535736761920084,349,0.03016194533852962,376,0.11999942312869394,298,0.021002215863171712,368,0.13170695832452295,301,0.019911009120223477,376,0.7160084945472673,503,0.000746316601562189,546,0.3044531469571363,436,0.01550328742196882,544,0.25085305119814927,432,0.028501370931931294,479,0.20371152735203035,387,0.03312620815099903,446,0.15041613604680326,322,0.025935800768437472,446,0.20899143109208995,364,0.02379722781987725,469
"(256, 130)",0.1838893818662084,330,0.008985806009403812,519,0.14443562804137833,322,0.03148445635282211,359,0.08819612051549286,244,0.05020310011247519,345,0.06755894985899236,222,0.04352557847399927,302,0.042521447784103605,193,0.03418720507265832,314,0.05331284410373249,226,0.028775450678369334,329,0.14701541158523335,314,0.0075374647102220025,543,0.09296464877262034,267,0.02600294626546765,421,0.07043346186694133,226,0.05641846958221998,280,0.10614473199495134,274,0.0433683961931037,376,0.0802913327338537,239,0.03217555773847497,377,0.06063392954176949,229,0.026759249182019388,379,0.17639503231737585,330,0.009338866154394191,510,0.14177586519117136,321,0.031116369842030502,347,0.08460742334765592,244,0.049563689156767315,343,0.06282918192938858,220,0.04213154906784937,294,0.031317659322571245,191,0.030483352520185032,289,0.03698837431925106,206,0.02980843867955664,298,0.380843298486337,405,0.0018635614742195297,504,0.12748284053344472,295,0.02232601099569931,499,0.08400858492138508,238,0.0450724750943124,384,0.06930705323903785,214,0.04708381759088725,367,0.04658448596184117,197,0.037487796524208944,364,0.06805606761576,241,0.03478059320670288,381
"(256, 190)",0.08025295515548236,260,0.011846468712133377,476,0.10739113085220398,289,0.03475346982429901,330,0.17083728016340882,358,0.04027350991105171,403,0.20823141264960965,379,0.02990818787307412,392,0.2758495772434505,399,0.018330550334879306,453,0.2425431034599057,371,0.017366132409766918,445,0.10530004895110512,275,0.00842435621338289,536,0.16366007404585026,328,0.02153513449096285,454,0.20228530746261764,380,0.03969107542402536,373,0.14596557346801853,318,0.03899922985424186,397,0.1838226981805744,357,0.024412706350206394,447,0.2238025677355806,366,0.017315065562086545,471,0.08470467802944803,263,0.011925789401737488,471,0.10960260359491214,287,0.033903880079119014,319,0.17655373818237896,361,0.03878592397637353,407,0.21866142681925427,380,0.0278016456123464,394,0.3211272338874862,403,0.014031371203163338,444,0.29649107514545514,388,0.014894425916375523,428,0.020830686227698125,181,0.004909357257658162,438,0.1225496075804795,290,0.022621656484579044,496,0.17753575640846075,367,0.035122925748697714,441,0.2045820853345952,390,0.03282274858674248,450,0.2623702002856174,402,0.021070047480045838,486,0.20718289529745548,360,0.023997977181999985,468
"(133, 130)",0.036930907109599787,213,0.010802754752069717,493,0.03754975155008078,208,0.032760311220179826,346,0.07645546340682885,228,0.03610040242968541,433,0.10985477537787125,274,0.027502079516298582,417,0.12344322685525078,297,0.018472060289309238,451,0.09012265395547137,276,0.018347755709112203,432,0.039690192953945935,202,0.008795675246332778,527,0.03544372060134782,180,0.023561218234462233,442,0.08696020596131215,254,0.032266668485826044,423,0.0745662900176689,227,0.03462526509944144,420,0.07378866185899835,231,0.02494390784063164,442,0.08097886891939043,254,0.01819852332020651,461,0.03725691863538272,215,0.010871340193411927,485,0.038805211803484285,210,0.031737933998895275,342,0.0808772822229975,235,0.03511371173780254,435,0.11019396784001967,272,0.026356148090275484,400,0.14342391325994153,310,0.014857805770981138,429,0.12069318013306995,290,0.015731371880378424,419,0.0016825103350700532,109,0.00459715310162617,444,0.04154220071545778,183,0.02315487424130856,491,0.078705776934893,230,0.03065246299142528,470,0.09890710057458363,264,0.03050791283684046,461,0.12058745465500453,296,0.02086036058609842,489,0.07044195667665143,244,0.02611618943997058,451
"(133, 265)",0.2967214253056002,384,0.005393634828445544,563,0.2942595146147493,398,0.016493273854023556,488,0.19067844344496265,376,0.026620386226420146,483,0.14147692852853955,311,0.025278034717334023,436,0.12656980699826414,299,0.018318688876710714,454,0.16788238521115795,322,0.01491165668622677,464,0.28604793927555827,391,0.00455355564687649,579,0.3028103652101162,423,0.011525344910276208,535,0.1727740782664242,353,0.02566658678022098,475,0.19420325710338948,378,0.02516643983720018,482,0.195684175589122,366,0.01802087202279443,492,0.1826343542662452,342,0.013877116274109424,502,0.295419371257408,381,0.00545178944079428,562,0.2893876577749124,394,0.016244836219577116,484,0.18280919028468468,369,0.02675590102908658,479,0.14107621526052228,312,0.02427261754130033,429,0.10822556561761687,288,0.016319940758710336,407,0.12940807664802634,299,0.015369994556815274,421,0.6839431000969312,495,0.0006205854040309379,551,0.2792965098485398,424,0.01226828219160794,556,0.18660923274687669,375,0.022987400960385953,512,0.15532025877916866,329,0.02624695653432203,485,0.1295188961539845,304,0.020369395585535112,495,0.20226814495341106,358,0.018374313276275565,508
"(132, 182)",0.35453091513419666,413,0.03960568086016273,271,0.4832431633766854,491,0.0274963440621112,394,0.3789483917072961,518,0.045912100428069355,377,0.2617253933411565,427,0.040552950160220175,319,0.21808507914207564,368,0.04322453280566702,267,0.14914863800009392,309,0.054601160914972004,209,0.2922903170534511,396,0.048079581593795676,240,0.36093033749203074,445,0.04143019847621922,303,0.3803378549618389,494,0.04776031471755481,326,0.3289058904736757,479,0.053258348696087844,329,0.2795669653133882,431,0.05386206309633998,255,0.1650702465834437,329,0.06796451298886443,199,0.36274411808472706,413,0.03845604124397229,273,0.49332504904079144,493,0.025749291356225463,397,0.37996144730114656,519,0.04610382213307703,374,0.2468535905966931,405,0.0400473798963496,305,0.16295706091123463,320,0.03924295038341808,235,0.15414994434340135,315,0.050447490895543935,205,0.3376354960076712,392,0.015083177452488421,303,0.40141665076239597,482,0.05900214116720134,305,0.3806573675331717,508,0.059162667054725594,309,0.30502397348251575,473,0.06911782036724312,274,0.21123841742074667,373,0.06303700474423662,239,0.17771370603810688,338,0.08975795143704363,193
"(132, 143)",0.02495907568953948,190,0.09591783219052712,113,0.009975449728647723,127,0.10023499312455364,96,0.021105378847310563,92,0.12022352763887179,102,0.04678864583544218,179,0.0719875813488988,160,0.06308070121300113,233,0.06535920908900322,171,0.10360965972732794,287,0.06165120338611333,185,0.03805221610703391,197,0.0948648892921653,106,0.023890128443465386,160,0.10242012812919266,117,0.02090363354108893,118,0.1256173911934867,90,0.029710992284014637,131,0.11869685037193463,103,0.04146634753869238,169,0.10175279339283512,111,0.09200353145699491,272,0.0825854697440109,153,0.02359505819579022,189,0.09562196931078903,112,0.00924080587701226,123,0.09695563496801755,96,0.020958110579351263,93,0.1211154088837051,97,0.05176727577060092,197,0.06740655834875402,166,0.09344836216062447,277,0.047234807268428367,197,0.09977806396465572,278,0.058318857021306764,178,0.028002660504339527,195,0.0345866985100747,163,0.018051717098066078,128,0.1659179578740374,82,0.02085749313801344,102,0.15576568427274434,77,0.034917948007920474,139,0.14234813699341836,89,0.06615576451298821,227,0.09282478955009446,150,0.08390060961592938,262,0.11527227590011571,139
"(182, 132)",0.029670936907475243,202,0.09143846705346641,120,0.014730291379222216,141,0.09389117166659777,108,0.028607137008539008,115,0.11148806731066643,117,0.061058170931947764,210,0.06762387945412486,179,0.07736802033264079,247,0.06167838713592679,180,0.12219447116474247,296,0.05786414689782546,196,0.0406732955019482,204,0.09462491212338833,107,0.03199494229314492,169,0.09586195104432448,129,0.027914792466612548,135,0.11698316871245676,100,0.038022316359000774,156,0.11164474364306382,115,0.04779283692251579,184,0.09659409595799999,123,0.10617557268529043,280,0.07781510063461941,164,0.028594155218691464,196,0.09066705970369364,120,0.014360649400678271,145,0.08980201670523451,108,0.028809033499761938,113,0.11222330152778141,112,0.06762031087933673,225,0.06357393895446586,181,0.11551829103761557,296,0.04460945021242196,208,0.12162237057852443,292,0.053992906035823955,191,0.03393452843251388,205,0.03352892109570916,167,0.022649977737072224,143,0.15329620837174504,96,0.027274009636424346,124,0.14277154917254523,93,0.045443390704479114,173,0.1285996516824057,112,0.07798519651583347,242,0.08588006512539578,167,0.09675905847815647,277,0.10464060500647455,156
"(182, 164)",0.3291049792105597,401,0.04100100847841415,264,0.430139546290928,473,0.030490092855689564,370,0.3344894930474819,492,0.04912007547111948,352,0.22279320233008237,392,0.043925228895027216,301,0.18901171169383701,351,0.04579561880031925,246,0.1278481459387606,300,0.05699830338088097,199,0.2824251615872525,388,0.049599140178277656,233,0.3179637975559516,434,0.04458760541286415,289,0.3380982141822034,474,0.05093940756614479,310,0.29240676413995426,455,0.05656164081624394,308,0.2585959564009299,415,0.05502131205184822,251,0.14592744240836208,316,0.06998845886580644,193,0.3345563840877863,402,0.03993792663653009,265,0.43368417832957173,466,0.028837188978506758,370,0.333452921131824,495,0.04961135574273293,341,0.20810152145385585,373,0.04370653958798924,275,0.13498684842514663,305,0.04235258960841607,219,0.12843959201956257,295,0.053020223223458306,196,0.30925437775902576,384,0.016051966063195856,295,0.3686994712925632,470,0.060487156390681425,300,0.34151533538473944,485,0.061482936037050046,289,0.2660291715904892,434,0.07135432152994822,263,0.1878973642499736,358,0.06406038228953974,234,0.1582619871415082,324,0.08881205415635464,195
"(265, 133)",0.012550715243489607,161,0.0084538419912015,530,0.013262772212074725,136,0.026198275049155808,407,0.028511780343755233,112,0.02901819800636492,469,0.05817974803636816,204,0.02040329486863471,476,0.061544795998627055,226,0.014065482605033671,491,0.04672738673726018,215,0.014555132885131985,470,0.021668581207924698,165,0.006707339605983312,551,0.008130850862481998,104,0.018559399891903337,474,0.02434718112832157,127,0.025917093973412016,473,0.02943699320465032,129,0.02761175432485923,461,0.03636237567303657,153,0.019785870119520335,483,0.03688172610828466,197,0.014671420831200526,495,0.01123299119581922,158,0.008533824865304572,522,0.013266446042022872,140,0.02539038569798007,400,0.030329857199764554,119,0.028456682518723946,463,0.05948113413534917,216,0.019369617670940704,471,0.08029259944739353,270,0.011058496849963892,489,0.06757038971924978,254,0.012114268880789945,475,0.000371961234108098,82,0.0036740270035356595,462,0.015299001166579562,119,0.018754382202744925,523,0.025251784217202644,114,0.024688751890514685,499,0.051684762444685894,186,0.024205109168221647,494,0.069571599193892,232,0.01575722590833235,519,0.030458194838526076,179,0.0212706208672066,487
"(265, 197)",0.45228999051121543,447,0.0025593987851525567,595,0.44470655034284423,477,0.0081244310780609,565,0.33498151646379815,495,0.012764533199035094,565,0.22979769195616517,401,0.012907506842074503,547,0.22164486701448516,373,0.009176263107371022,540,0.26191856228422283,379,0.008193785297526209,545,0.37513332339244987,436,0.002592777444105132,601,0.5099205198552791,511,0.004671343083190062,580,0.3581618665986903,485,0.010577330731786308,559,0.3302729665748827,480,0.012333910916573593,556,0.2990197979561171,446,0.009802554279595914,556,0.29691884591924067,400,0.007320318872403772,556,0.4673657968418736,451,0.002462766419509002,598,0.4446683536293856,471,0.007874846353440552,560,0.3258624610327645,488,0.012896235228407776,562,0.22658494373621518,385,0.012402344176963676,544,0.18382049781567122,327,0.008390540899462845,524,0.20820718628394685,343,0.008324997497780321,524,0.7993927792198193,524,0.0002847004565720302,566,0.4248365372389793,493,0.006193219913734869,594,0.3528235335483805,491,0.010250474668525517,576,0.24708755416021866,418,0.014368483393693635,556,0.2040388874775848,368,0.011008279335347182,557,0.3252388584643583,420,0.009659339059542874,564
"(135, 218)",0.000675888946731984,65,0.42257767676097063,8,0.0006018558245508565,44,0.25416976622248283,13,0.024502681812827665,102,0.1749065314668492,45,0.2237505870596599,394,0.07100791105599617,167,0.2897190365084026,402,0.056786041362467767,196,0.40082934489063615,442,0.04402484478272922,249,0.001481261781080656,61,0.41485040161670705,13,0.0035281299730937077,72,0.24400861793983566,24,0.01312867839266274,97,0.1899470792371027,36,0.07841755246895676,237,0.13950705873062916,71,0.1408875988979128,314,0.09428615346656473,130,0.3072689965113158,405,0.06417096017829295,208,0.000583411294755587,66,0.41598993479535923,8,0.0004926251221908373,44,0.24374925227987868,13,0.02313078899908827,98,0.17717562282319224,43,0.3008297593604403,439,0.056851257887418016,208,0.4590908118765523,462,0.03295929315302043,275,0.47799338197423435,463,0.03272413669503691,284,0.006851403215698992,136,0.13336480153001276,25,0.006883715990918304,83,0.3239615892151743,28,0.014755300205221311,85,0.24794255410442678,34,0.13089705901487036,301,0.1397170410007125,93,0.1855497389063645,357,0.09228276871102283,153,0.27783578347256055,401,0.0898062232302258,192
"(135, 136)",0.7591519795578715,563,0.04065264019945544,266,0.7674930795556497,585,0.023438504036607567,429,0.3572310720089995,509,0.07159689010925892,225,0.0606556980138615,208,0.10971624343639436,76,0.038718493950068655,189,0.11106940700065099,78,0.018126125295209405,162,0.12357084331099008,70,0.6955235040610597,566,0.053374217013268194,215,0.6092931018799197,550,0.04381719812032278,296,0.44610708233478724,521,0.05864440492743175,272,0.18712281586627122,369,0.10439788381512038,134,0.1103540904278042,281,0.10228439071149466,109,0.03439260375816244,190,0.13315467928986283,80,0.7696866883777831,564,0.03792885872686979,275,0.7812862300013272,585,0.020901562543762384,442,0.36564132326313026,510,0.0705963682370338,226,0.03592080827664135,163,0.11545116249686276,67,0.011940629193257557,147,0.11124188829368768,69,0.010377215516189642,148,0.11730464617634391,78,0.5315791308422434,455,0.03126883910495104,181,0.5309924635728343,533,0.07610357346400728,232,0.42990257270527055,528,0.08057687234687917,218,0.11928276791629955,289,0.14411198701454644,87,0.07930428328771977,243,0.12251102787271988,99,0.04195433703463758,200,0.16864632099976248,84
"(218, 251)",0.5564784310011482,493,0.11856881743202599,87,0.4662497898719935,484,0.09697641356994839,103,0.4866784314011785,549,0.09653775233864573,156,0.46262329164493465,540,0.06893765940487717,177,0.46669662974666126,496,0.0666741758585305,165,0.5406591347912403,513,0.051093256161655304,221,0.571689424954514,522,0.133000333474767,76,0.5717240013790986,540,0.08447877040534951,150,0.5211959112801787,545,0.0834793972931132,177,0.47215952543084416,545,0.09785972915862805,151,0.4919425704228406,538,0.08119241936154227,160,0.5749998727678155,533,0.05536565176120467,232,0.5511847055274992,487,0.11867886024200396,88,0.45730371286285376,480,0.09354824489935772,103,0.4892303211354927,549,0.09741730587917516,150,0.4645327125345128,530,0.06528775618649604,173,0.47773474426742324,474,0.05201108820397376,181,0.5691588953190863,499,0.04138837837949007,237,0.29435776015355297,380,0.11435390464924024,34,0.5037802510528966,525,0.1570737331301692,92,0.4435130456946339,534,0.1364360979836806,105,0.4033235278499676,523,0.14868989924892018,84,0.42571005788363525,508,0.10071508317580127,128,0.5069350889846428,511,0.09358329949199684,183
"(218, 145)",0.00019963062719796643,48,0.8768281221197259,2,0.00033438761045123666,38,0.5469389664666814,2,0.0032039348717893823,38,0.49150553999090796,5,0.04772633073634669,183,0.21993325430324348,18,0.05708000437594429,219,0.2056218714254714,23,0.11826532409311974,295,0.15342212752029766,45,0.00035741644339293277,43,1.0,1,0.0003971866928533796,39,0.6317602106492373,4,0.002109015771382561,48,0.4839585370335184,5,0.011136205152961098,70,0.41654954880807876,11,0.01619759157777767,106,0.34471058029078866,13,0.07101148375724653,243,0.217080306680283,34,0.00017531810479987087,45,0.869299139336452,2,0.0003322157892771127,40,0.515681790335765,2,0.0029369204370958135,39,0.5033565894207648,4,0.06842459091316289,228,0.19065314037959621,22,0.12330326170635564,299,0.12952994602191586,47,0.15555366195700815,317,0.12065360524316386,71,0.004145355159642983,121,0.35110012143042607,4,0.0009867286661524588,41,0.9187341948449582,2,0.003343875232711291,49,0.6184075271454105,5,0.02250099609280809,104,0.4761418309617525,10,0.038122761298873376,174,0.30772107460670994,20,0.06346089995108395,231,0.31224111377585034,33
"(218, 135)",0.690564969831138,547,0.07650582814474464,154,0.732990223884314,576,0.0412716947637276,280,0.3641900880578982,513,0.1316437378062322,84,0.07690906578387302,234,0.193641296567824,22,0.0641472637531918,235,0.19933860877049087,25,0.021332842616816228,167,0.23696990393617864,18,0.5948756264996846,532,0.12402723540513622,82,0.5805899190255134,544,0.08227781489305132,153,0.39526218492390697,497,0.11575176929092709,101,0.21102368028890506,398,0.1877611811697224,46,0.1608198448818169,333,0.18791945423203057,38,0.03642759721102817,196,0.25599231465764416,23,0.7145565322841075,546,0.06869340553003771,164,0.7470691328896064,578,0.036586480912215176,296,0.3744758480425311,513,0.13040945058738967,82,0.05376730715111688,205,0.20329521362734007,19,0.025319296385860945,177,0.1971495254026737,18,0.012661932223650751,159,0.22622240041900182,17,0.537263105502366,459,0.06158088928274282,78,0.5206301417670519,529,0.15001821387386846,101,0.3946036781011282,518,0.1542838142000222,80,0.16551448342045938,345,0.27052453145690225,31,0.10465867979574517,281,0.2330231801042745,36,0.05076151695790854,211,0.33077480059152103,29
"(136, 241)",0.5029226416618203,472,0.0527506721644009,216,0.6041335593036187,540,0.02624433013384191,406,0.2437269319664337,435,0.08149304819340254,190,0.08825847408201826,252,0.13554682172827712,49,0.0629917968293161,232,0.14494324889936702,49,0.09411013689619685,281,0.13440905553755775,58,0.3733845813987018,435,0.07975456435239334,138,0.35808005015170596,444,0.057833979981068505,233,0.27837873334806584,439,0.07055166045449833,210,0.15615441250887763,331,0.1194085806316948,101,0.11623717676154477,287,0.11982644251353566,76,0.10766921738199342,284,0.1427881031949984,66,0.5266982070975034,477,0.048383116152879053,228,0.6193937491563137,540,0.02378791861378681,416,0.24169591087939346,434,0.08176556495811131,190,0.07557032564553245,235,0.14361559482800249,41,0.056608968710400664,237,0.14256969183142978,40,0.1120685742817662,282,0.11974242512976775,72,0.1860888089860786,328,0.05016897784465507,105,0.2055308284217997,370,0.12342796921968445,128,0.27294433790049233,449,0.09312845259408109,186,0.10135028762724474,268,0.1764885206436682,65,0.08892607752935322,253,0.1481740284413048,68,0.07759458823239951,253,0.19830742236286597,63
"(136, 199)",0.676987219864248,544,0.030826559145089222,315,0.47184517528169945,487,0.03817955301212315,302,0.1352347159514622,314,0.10925414831618387,119,0.05022213114553731,186,0.1586744523587475,35,0.05161139993883168,210,0.15261246317431007,42,0.023877232108874935,174,0.18777254171133653,31,0.47989419476728057,486,0.060904558096958786,185,0.30787322866625155,427,0.06538277325252098,199,0.20466065235660857,383,0.08499709064971836,171,0.06950753399256693,216,0.15909095887684524,57,0.054508128877097994,198,0.15113460864792333,52,0.026018077246440452,175,0.20565338951218565,39,0.6787879133279388,538,0.029977097905276508,315,0.49466371866689685,494,0.034192573434417235,315,0.143599761566097,328,0.10638387544424853,124,0.04307272564181064,177,0.16620116815849706,30,0.035702752180103214,198,0.15875126625614253,33,0.014216440232822758,163,0.19350413977800662,30,0.41152326501985026,418,0.028581334757720553,196,0.31789490773648943,440,0.09320550855926371,185,0.18402997213065408,374,0.11693568791678534,135,0.07277486143398992,224,0.1959705968413769,55,0.059244836657474265,215,0.1667427166302996,60,0.05000328394594544,210,0.2233064645891917,55
"(136, 135)",0.0003489003385346301,51,0.32714451877702244,15,0.0007222255262585575,49,0.20929977254622184,23,0.06327324591466521,195,0.14054723851339693,69,0.405526966379252,510,0.058206497662555916,220,0.5041006674273596,514,0.04368814111641148,260,0.599914849606575,539,0.03466602542479491,293,0.0031210804521200064,84,0.3053121773498061,19,0.009688103805158832,112,0.18825739310882172,38,0.030489217817303738,139,0.15708601533528987,57,0.1982854595821677,384,0.10641676516458518,129,0.3095031944546953,451,0.07162828562173731,186,0.5206927608710228,508,0.048579579240626676,260,0.00028128684509320934,57,0.3236765134675226,17,0.0005474349390273137,46,0.20240416742501408,24,0.05960693784713533,190,0.14255769743998117,65,0.49922011737718075,549,0.046180366749125935,266,0.6713909848882211,550,0.024991938639655552,325,0.6859110126772232,549,0.02453252562400266,330,0.01810687895315355,172,0.0969140105862695,42,0.024459709886015202,145,0.23839157792483512,46,0.036544502163778914,146,0.19711686592115038,46,0.2800258804276916,446,0.10798068043676472,148,0.36055176017979607,471,0.0712743273534575,208,0.446237572954969,487,0.07383822053313514,241
"(241, 185)",0.7197094823339242,552,0.02151241348282601,373,0.7362105830665997,578,0.012713727708090868,532,0.304735314879948,477,0.03651692136451804,429,0.033243280474221426,157,0.0625671289884572,199,0.022750548506393464,153,0.06972845536229859,157,0.015050195411005163,151,0.06290905609419131,181,0.6496195976949855,548,0.037135465108254634,297,0.5190279748812441,514,0.026977370621607603,415,0.3727294657623952,491,0.030808023253330204,431,0.13145648481021122,304,0.053084666901789056,330,0.0618220503702438,214,0.05571295591990812,250,0.02522100862508836,172,0.06531498078243878,205,0.7363631504131068,554,0.01909649855860236,396,0.7487451276892387,579,0.01148863845591837,535,0.3094759251199526,479,0.03697769069125436,421,0.018803819144034728,121,0.06598989708991014,170,0.007677363125154324,122,0.06884661971766703,139,0.007608010327995962,131,0.05593768405515108,188,0.43823421606178214,422,0.02405533022226494,227,0.33718687077800324,455,0.06303508753846722,287,0.3698921384254835,501,0.04179403592958528,399,0.07751100435556735,234,0.07813395047445297,230,0.05368992330216371,206,0.07143691476538618,206,0.02892434606755656,174,0.09664511037383823,177
"(241, 136)",0.001119667872535146,74,0.1856572041299027,38,0.0009138706804228125,52,0.11829834708244966,76,0.03498606888823552,130,0.07513403325439917,210,0.31230093782658463,453,0.029652165958106432,394,0.36805483715035137,456,0.02756998260319468,361,0.4271347156349453,455,0.020623969532104956,408,0.00240233046962679,75,0.24013989912054376,29,0.00757066407477347,99,0.11041257755481985,101,0.022030550149883976,121,0.07908970606671387,189,0.11875846054674866,293,0.054912967687780014,324,0.22099506649406075,389,0.03643704450890581,353,0.35300216853852584,426,0.02710240489918708,374,0.0009121097552604596,74,0.1778151361230208,44,0.0007773356347968718,51,0.11346024227142526,75,0.03388378689527738,130,0.07729500473030272,199,0.3955785096897314,491,0.02390462359269088,432,0.5172510341136026,487,0.016919448132923287,399,0.5184036682820847,478,0.013695319154937248,445,0.013898146790924937,163,0.0759966507077955,57,0.028088105141309994,156,0.1443328203951141,105,0.022464995937035326,107,0.1063254502875858,158,0.18875262817993177,372,0.05807598287992726,322,0.24151168978413518,395,0.043275380874671296,330,0.33286401490183126,426,0.0428067365969152,330
"(199, 206)",0.6760049987298988,543,0.01964975125559086,394,0.6304141304307633,556,0.022126467038162723,442,0.19194783185316933,378,0.06320555435666363,270,0.02415716105386201,127,0.0951293471843519,98,0.00858537379314428,102,0.0876705199548345,118,0.002793568206634678,71,0.11029541100152852,86,0.39418271475980005,443,0.035633492976772076,304,0.3832305646763403,454,0.03862917372765405,317,0.32103672435965436,466,0.04836779466104307,320,0.07573652754427118,231,0.0923732620998056,164,0.03806346397651572,157,0.08699684458925895,142,0.005456521046060203,90,0.120270191391737,96,0.688476679736334,542,0.01925592434295365,391,0.6558225614344497,560,0.019804393047605673,454,0.20039383734230243,393,0.06164528357983063,272,0.012640042554442621,92,0.09956331483014629,87,0.0017507146910535898,72,0.09133787513351192,98,0.0014131311989389328,71,0.11313695691305027,82,0.3316470750008702,391,0.01513999011353506,302,0.32207503572640417,444,0.05557054174270445,314,0.2665440948002077,445,0.06744290428568563,265,0.04447276700012126,170,0.11670100355928432,134,0.02379679500695797,136,0.09739004814320655,139,0.013852591427450545,127,0.12443587130586695,129
"(199, 136)",0.0018319495937930697,81,0.1409405146095846,68,0.00289670668655595,70,0.13309218270192336,59,0.07576881691878112,226,0.08616273573256115,180,0.35930689281683903,489,0.03868191489992487,332,0.5029079603819289,513,0.022574101931302847,406,0.6341985209707202,553,0.01808015412070265,437,0.018987791693268585,161,0.09793383664722954,101,0.020489299977736075,156,0.10253994767448071,116,0.031336841527439985,142,0.10504840212756653,133,0.19200785172526402,374,0.06774466210128685,254,0.2922465350686603,442,0.044098431926449834,311,0.5593722519374089,526,0.02569782144901539,387,0.0016014147426900438,87,0.1453314170814206,64,0.0022574765744716174,67,0.13116437792525196,59,0.0713767185318801,211,0.08696458911268246,177,0.4513184120813154,522,0.03023577992733753,375,0.6802564914783348,552,0.012516948474635282,461,0.69971252698862,554,0.014300748589698063,437,0.029164041314631017,197,0.03404618179095808,164,0.03111747140299892,164,0.12110504037848654,130,0.04528514983037557,160,0.12177010562927978,128,0.2692172925454095,437,0.06403316822776971,298,0.36150177578526355,473,0.03932335753744315,354,0.4386895512824234,481,0.03933116748779797,353
"(209, 138)",0.10801826992675445,287,0.0992091103543917,105,0.08416831027826488,266,0.09909747180023605,98,0.09086832910938303,250,0.14614573562660899,65,0.05805491350848602,203,0.12168479149355012,62,0.04353924758021588,196,0.1325178657466834,54,0.027747247796327423,179,0.15074986891279446,46,0.20524924903469366,348,0.07426736840324355,158,0.18260140083403587,353,0.09107596980158854,135,0.10236231114333783,275,0.14826391245936665,61,0.04916515378759545,176,0.2034143441551174,38,0.03536065949180622,152,0.17902506186465444,43,0.030834787474396164,184,0.186666112683254,43,0.09684383370724214,275,0.10299924175952195,102,0.06998406042985039,250,0.10185889839158485,89,0.08173613347442477,238,0.15320700521073882,58,0.052503736798003686,202,0.12288521993152689,59,0.03988276539150526,208,0.11653712305483399,59,0.050448779595132054,234,0.13321974267975878,55,0.21936505259294403,344,0.045857587118499,122,0.1568829267852474,326,0.14637644469707273,104,0.11333698473413101,281,0.1602421355936568,72,0.03902323879694802,150,0.2280241916128006,41,0.032059091742472234,160,0.20298878241056656,45,0.019302514161694706,146,0.2609975404372045,42
"(209, 244)",0.14367432122811186,308,0.09021060100343416,122,0.1772730165822083,341,0.07730920951916528,147,0.16675907767578124,352,0.11936962611706946,103,0.2301099819813427,402,0.07689016808082247,136,0.2723520536711488,397,0.07192135393487784,152,0.3389843893258352,418,0.06545412393112439,170,0.06898368987407189,244,0.10681766677188857,95,0.08099803296466901,245,0.11942090242252451,91,0.1507510236956524,322,0.13031529573436576,81,0.25442884564727863,436,0.11760124683708764,105,0.3031578941536561,449,0.08747104681394556,139,0.3234235675996122,414,0.08527503678410613,149,0.15814436442341806,319,0.08746617042094468,126,0.20319662208845335,355,0.0713991747961028,152,0.18133913551414427,366,0.11746797249772642,103,0.24478278514479923,400,0.07355904775093604,140,0.2853311903488398,390,0.060479700385640114,155,0.25064034126825696,364,0.07807317136708553,135,0.06252362139612944,238,0.06968173759665454,65,0.09775878709052122,261,0.1713738238601496,76,0.13743689008512538,317,0.15026788342302705,83,0.28855778846151003,458,0.1170427260213724,132,0.3176675653880363,441,0.09450718304780371,146,0.39182319415296174,457,0.09567775896284605,180
"(243, 170)",0.05267854630808855,236,0.02698356651228552,341,0.02122788406237408,164,0.032331735279860926,352,0.06443402780359431,199,0.03425233531508702,438,0.23211606977474242,404,0.01682168804206129,511,0.34040822451697617,443,0.012721643759034016,508,0.40782650370861406,445,0.012732853737850082,497,0.05228611572529185,224,0.03019727547998773,339,0.03496848270308295,179,0.02963898371004706,392,0.05217756623437064,185,0.030797622731470044,433,0.17465300763432756,353,0.024193404535567065,489,0.23442893533024178,401,0.01912206617060593,487,0.37069723523868636,440,0.015470267155136495,486,0.06389546005592073,249,0.025503664267816462,347,0.022985507366558577,172,0.029839843763910724,359,0.06494786875297898,201,0.03362742988501042,442,0.25011507936926425,408,0.01527408229574776,510,0.4399969492694291,451,0.008519538679596018,520,0.47872072606122906,464,0.010390626361897942,498,1.000088900582341e-12,16,0.005116643826561035,434,0.026916098403361177,154,0.0616347938538923,295,0.0557688545504722,191,0.04265564052329267,393,0.21186558663681554,395,0.02711809836458809,480,0.29207271571051197,424,0.02077539312053662,491,0.38999877571970987,456,0.028437066607412402,432
"(243, 140)",0.24429579231981124,360,0.016180997210457463,429,0.3781106300447453,444,0.012380122849834788,534,0.2150271011058097,411,0.022920858511634817,510,0.05725991170946276,201,0.026821789688479144,424,0.02748006187449481,163,0.02943544976074795,347,0.017257357286527664,159,0.036539236543661785,285,0.2453914646496962,364,0.01803613192422064,428,0.30480978205663645,424,0.014401661670407519,511,0.2456960835943891,422,0.01837436711985729,512,0.08578097952472896,251,0.030663755488579407,446,0.056357961210038554,200,0.030752951064415106,387,0.02234092039605673,160,0.039458197493853056,294,0.21623542854317324,346,0.016987010923107275,418,0.3665590817558467,436,0.011854955145454964,527,0.2138846813137335,406,0.022602444784184817,507,0.05062952360785111,195,0.026013600793031624,407,0.013722516066326795,156,0.027065832187420404,308,0.01032074311538711,147,0.037333509353796625,254,0.9997000299990002,612,0.0,613,0.3434574747957704,458,0.02637580111505612,469,0.23596129660901988,415,0.026373035414269372,489,0.06586723770441616,210,0.0400303654357191,409,0.03810815223584474,173,0.040961289124126735,343,0.01954911196470932,147,0.07712529978316005,227
"(232, 264)",0.7823179476270299,573,0.017650783100735458,411,0.8651216150559764,607,0.008988763288588846,559,0.6812987780315575,593,0.022294823262871584,513,0.32071161378770796,459,0.03096409297936663,386,0.2907504992167721,404,0.03010355328829044,346,0.2536797199029929,375,0.03358810451797203,303,0.8278292646304063,593,0.018416355490334796,424,0.8244576801990129,591,0.01783400588799722,482,0.7243937740996181,584,0.019095246301691852,505,0.4938563501845187,558,0.03378992347256772,427,0.41093865621698933,501,0.035264997107155326,361,0.34284216831368497,419,0.03981783814253175,289,0.7908495561291373,569,0.016298803313362743,425,0.8691590439298429,608,0.008119747251108936,558,0.6891175797856822,594,0.021854591059741312,514,0.2682855636184224,423,0.03096587284740611,368,0.1896909680449652,333,0.026780611769770275,309,0.14014446510453826,308,0.030487318789838423,297,0.750847368771304,513,0.009602614019559485,355,0.7607618647814818,595,0.026070351056392112,470,0.6600857187197914,584,0.027735882784646164,482,0.3875379481800313,516,0.044231770755430645,385,0.27625917947033984,413,0.04730653134169092,311,0.1923033441772366,355,0.06387430944518087,268
"(232, 141)",0.00048508097020227847,57,0.20699204900633905,33,0.0001048029208445822,28,0.18166358034023433,29,0.0017312233447788206,31,0.16337999208438064,51,0.03140583847701495,148,0.06717790579579405,182,0.0384498198131884,188,0.0590871642471744,189,0.04941621517690031,220,0.05794165812234139,195,0.00022743183759865726,37,0.28329148944790555,22,0.00024200034793220304,37,0.2683488251369748,19,0.0010580765483242383,40,0.1682975542334094,52,0.00920339633562417,57,0.1274494739840841,90,0.01688313813230158,111,0.10220021124033438,110,0.027029004320670014,177,0.09286079669655432,134,0.0004258564159003164,62,0.20033920487105533,36,9.52399998818132e-05,6,0.16968200997178323,31,0.0015901933141763136,30,0.16538285559475105,51,0.04475419409294523,183,0.056251984335277214,210,0.07699460167936167,262,0.0361700647158882,247,0.11098787087188111,281,0.03295232346032204,283,0.0007559997964441401,94,0.09580749109448265,43,0.0006611094452384503,33,0.27319453246908976,35,0.002161878297615827,41,0.18676623252574562,51,0.019886285109335988,97,0.1190294748145954,129,0.042403857748742446,186,0.08835372992101982,164,0.07557779072392523,248,0.08720146194573639,201
"(215, 259)",0.009520254848250254,148,0.08046361447713601,143,0.0045804692239842515,93,0.06794157163621599,170,0.08950725296419182,247,0.055154446955484125,306,0.4268077989412684,518,0.02048196496078566,475,0.4341654763582148,483,0.020396374991264815,425,0.470959776324129,476,0.018296823737527234,433,0.015422175679207228,144,0.07664131694483686,152,0.014472353251421044,133,0.060320559382404715,219,0.0736308612153358,233,0.04907670765106003,317,0.27599807055178394,446,0.03382601590549708,425,0.3134912587532983,454,0.024408088354139608,448,0.4783233888366495,491,0.01864042041285334,456,0.008876350240692,149,0.07771274672276478,141,0.004393779607817727,93,0.06284275418177065,175,0.0911139072489916,254,0.05576734720368147,298,0.4811269082031646,541,0.017540455386002365,492,0.5475337626470896,507,0.013543886109773669,448,0.5272060552254385,482,0.014998040335977101,425,0.04397829460007863,213,0.03020224776373154,187,0.03452065695092388,169,0.08320359038317514,212,0.06883716554134178,211,0.056783710148728975,327,0.2820346851590372,449,0.03489965868103756,438,0.34383963877870616,462,0.028012322731679525,433,0.399454934374861,461,0.02653760985664044,447
"(215, 145)",0.48941268510031566,463,0.021640003249088234,371,0.5799379662748851,528,0.013530434136769241,518,0.1688179383073125,355,0.044640297440268685,383,0.015085367982382025,96,0.062411377029434265,201,0.01431109446202461,126,0.06361318405672903,175,0.010937073199032032,133,0.06413128425383828,175,0.42371103187923587,461,0.025399290397752138,367,0.4326046075843042,475,0.019436349428768408,469,0.1959868807318884,373,0.035412211263899374,397,0.042478779275606504,162,0.06311930207666054,273,0.03297698105165203,149,0.05170572281864008,270,0.010351560589191733,122,0.06688996459608638,201,0.49858031993597174,461,0.0202920235929959,381,0.5847237685114217,527,0.012308856750251231,525,0.16639157187536135,352,0.04562446324596524,377,0.010135784100977707,77,0.06350992932757518,182,0.006019151959591573,107,0.060911854960052726,152,0.007095300087848977,127,0.06305280202575005,170,0.27086919344835636,375,0.016476521238643443,289,0.30671865975722357,437,0.040171836398434586,380,0.20555272305523253,390,0.039432745286326704,419,0.040780722727741914,160,0.06649215074913883,289,0.026846199261476023,146,0.06554005961664036,228,0.01830134029930508,143,0.07416348047291033,238
"(163, 148)",0.39909030606303153,426,0.028631199184315656,331,0.14797402203196353,328,0.06807653939962008,169,0.15972085923116663,347,0.07112645245896364,226,0.0243172108482248,129,0.09820261603997416,92,0.0011444951806753867,32,0.11286931431576856,74,0.0012838514693400693,49,0.11045168587609115,85,0.17519820409433073,330,0.036136376487223995,301,0.15600757566620704,324,0.05913531739387955,225,0.15532813147685953,329,0.06620961032823264,221,0.06208455109551014,200,0.09262914284540018,163,0.006385526152877796,58,0.11082768343505019,90,0.0015649588225574718,47,0.12373488664002277,89,0.49289389510066817,458,0.02516427421369587,350,0.16914743193715465,339,0.06448415324203265,169,0.15740949417292238,345,0.06984757195298082,229,0.02180027881221136,136,0.09702739390969278,91,0.00022310464177233147,28,0.12132605554175187,54,0.0004293088222773189,41,0.12386114727604741,66,0.881845362178848,540,0.0015062257650196482,515,0.15396401819926253,323,0.060449446506895745,301,0.10922332607235408,276,0.07994253374331041,220,0.04223710244984735,163,0.08773974662169917,203,0.011174178549454572,88,0.09130140390368044,157,0.0035381436994614823,67,0.09726881259050961,175
"(163, 162)",0.018348081012709905,179,0.07992200704636739,144,0.1045361698959546,281,0.07643702382281999,150,0.09571514995719244,257,0.08436418837062543,184,0.3583419038109412,487,0.040055465062008556,323,0.7178753822286237,592,0.01318552791764286,502,0.7080972701923205,581,0.01346830584120135,486,0.08544239065282244,263,0.04590887902167674,249,0.09839998529503702,271,0.06895469104854082,186,0.0989012736336069,271,0.076960954092432,192,0.2203827986513227,408,0.060722493315337196,280,0.540300907538508,559,0.02524460535595184,439,0.6905713871769619,579,0.016252628547561467,479,0.009271258157820594,153,0.09462139153962547,114,0.08929172240063687,268,0.07978802910552606,128,0.09737556216271726,261,0.08197440923729961,188,0.3742544410610107,477,0.037611968336309226,323,0.8288601760880404,601,0.007833632419744524,530,0.7903294676711203,588,0.010106225346280763,503,6.915654887529321e-05,48,0.03518923129283847,160,0.09991730851297387,265,0.06982085542608774,258,0.14222713877470505,324,0.07320749564556567,239,0.27684203719179235,445,0.046883180868439775,368,0.46807356385899546,528,0.026289235281506073,443,0.6089829083734795,557,0.01748626552551126,515
"(150, 205)",9.999999999998899e-05,35,0.0331125115489138,305,9.999999999998899e-05,22,0.03143217457580939,360,9.999999999998899e-05,21,0.025293533361293977,495,9.999999999998899e-05,19,0.009331988212403745,573,9.999999999998899e-05,20,0.008926804688678099,542,9.999999999998899e-05,20,0.00587902459986396,572,9.999999999998899e-05,28,0.027169066364149994,356,9.999999999998899e-05,27,0.03418063023137802,346,9.999999999998899e-05,24,0.027072670235574057,463,9.999999999998899e-05,22,0.020963131788389443,508,9.999999999998899e-05,20,0.016442177081677178,506,9.999999999998899e-05,22,0.008007807801847086,551,9.999999999998899e-05,39,0.03374170127345343,298,9.999999999998899e-05,24,0.030944376167778818,350,9.999999999998899e-05,21,0.026104323036183787,487,9.999999999998899e-05,20,0.007895585020725512,579,9.999999999998899e-05,20,0.005216202601623386,557,9.999999999998899e-05,22,0.003894648618823704,580,9.999999999998899e-05,68,0.01318882033022492,323,9.999999999998899e-05,23,0.04334198062868409,364,9.999999999998899e-05,23,0.03535707858702237,440,9.999999999998899e-05,20,0.022448076899798095,509,9.999999999998899e-05,21,0.014487800668963364,530,9.999999999998899e-05,21,0.010195692317122695,560
"(176, 162)",0.43561199770387793,437,0.035270966911596986,291,0.19858466312279743,355,0.0812954706310764,137,0.14112463562362998,324,0.1026756879757871,137,0.021235780946218696,115,0.13179315716315013,53,0.0014217279852867248,37,0.1544764591432533,41,0.001020218368330772,44,0.1613126866809833,43,0.2538831175741292,372,0.040059713799399564,285,0.16873007185332678,337,0.08177570623097256,155,0.1755211671341561,356,0.09068528143868068,162,0.06062889704746377,197,0.1367924070700695,77,0.008957690293500464,79,0.15329345583777373,51,0.0016170575422560507,48,0.17429804049674819,49,0.5390520090424844,481,0.029295119180453827,320,0.2254561408002107,362,0.07483105976688746,142,0.13880996961566194,320,0.10156887700485795,138,0.015711000467067415,107,0.13227945551829548,51,0.00024945131251730146,31,0.16614922088463654,27,0.0003684126232215146,37,0.18101360757008125,36,0.8434381126248429,534,0.002914967375196654,480,0.19944479649416014,363,0.07492476249686693,237,0.13319107179876155,312,0.10586732516912453,160,0.039276075634273044,151,0.13590591723888248,102,0.011031775874465799,87,0.13683115438569654,75,0.0034647734817304654,66,0.14749331473975374,102
"(176, 157)",0.014163063899687356,168,0.11050914992947328,92,0.0722924218261427,251,0.11385462042167722,82,0.11015291022073104,283,0.11151584361863204,116,0.3780567795861616,500,0.05047348172016234,255,0.6991756956305382,588,0.019570670383869886,434,0.7273744367184986,585,0.01805705382757941,438,0.049347915460099756,217,0.06915594375362581,166,0.08956483468774334,260,0.10099719006974468,121,0.08524256873863578,250,0.11537041682272109,102,0.22381458768525664,412,0.08851001570229461,175,0.49739189709137965,541,0.04018118377711176,334,0.6875888917767756,577,0.023178822985982932,409,0.006450594844198632,131,0.12807732167375863,76,0.05994589966010189,241,0.11637224820949003,71,0.112137773215922,286,0.10905616658852398,118,0.4211028830406409,505,0.044200882546854135,272,0.8227888348275639,597,0.011161711088692421,487,0.7999857869407794,592,0.01397854495974609,440,0.00016797418917857687,74,0.049915710187465864,106,0.07185540915382038,230,0.10529630289785372,161,0.11715183323905021,285,0.11049364029512841,151,0.287601261421224,457,0.06998701426816503,272,0.4698006126414306,529,0.03918281268309924,355,0.6112718921251776,558,0.026297783328608316,450
"(158, 246)",0.00019486495497866851,47,0.09545439203661826,114,0.002949676830310999,72,0.043578375740941325,272,0.019389193883095235,89,0.026131975670970652,487,0.08931059942974928,254,0.016434266955681318,513,0.14525049709894367,309,0.009060866750769616,541,0.19950829747527266,347,0.006194774992012309,566,0.0004084464948626021,46,0.079743433685938,140,0.001521845616194728,56,0.03620574246505074,334,0.00941946223117951,80,0.02296077359305263,488,0.04743441117038916,170,0.01739352758364187,525,0.07828192995432426,235,0.011911527111925052,539,0.18557954885805583,345,0.006480596646864003,562,0.0001963269676938939,47,0.08912372720312293,121,0.003167146934730636,81,0.03909121699432248,277,0.016316295315562668,82,0.0266124973170714,480,0.08636080903916787,249,0.015730599151231366,508,0.18669265558536186,332,0.0067123686610823146,542,0.238685538034201,357,0.0055101717433488455,563,0.0004071485535492858,83,0.004924224122231113,437,0.0020467938439217015,52,0.06217379379280229,292,0.009219754638325917,67,0.033709025873289784,450,0.0451714704560795,171,0.02362128691621775,499,0.05895937490704828,214,0.017763475444402453,510,0.0891358604785254,267,0.017081701925508196,521
"(158, 203)",0.8359620833471864,586,0.005874600030191299,560,0.6285110988567325,554,0.007296112709638287,575,0.39117949724262113,523,0.009599165252819074,585,0.1691185352681861,337,0.013283757410659153,543,0.10672498581934464,283,0.010041230060796867,533,0.07182326558571717,248,0.008708114715499017,541,0.7935196099527917,582,0.0063907834519936575,553,0.6930966559489793,571,0.004705831682036491,579,0.49081248430960056,536,0.006147379420766979,581,0.25970499626850096,441,0.00986867257143042,570,0.1873652416227185,361,0.008904815844212563,563,0.07928737116948248,253,0.008604461394393071,548,0.8355771046267005,585,0.005499516167154989,561,0.6209665486277474,542,0.006728927670933272,573,0.41577256874081914,530,0.00904359015030594,585,0.17372530129565744,347,0.012461293948466992,541,0.07865887584226872,266,0.008953695081757449,513,0.054737867257589556,240,0.0090021147918496,520,0.7937219278108383,523,0.00039418429496284083,558,0.6654137302036132,572,0.009042075934130386,580,0.49362380111374016,548,0.008943770082273882,583,0.2669151646738046,436,0.013065736075887987,566,0.22786371864382537,385,0.01131932431459892,555,0.16938630473196747,332,0.013790791580786296,541
"(246, 158)",0.8774555888356783,599,0.010176025660379038,502,0.7032109057174163,573,0.014523563514701921,506,0.47950755771441056,547,0.02159727344744578,519,0.22764395639922297,397,0.029019681711183565,399,0.16211500851094207,329,0.02629151970105447,368,0.16620712799327586,320,0.02212423615958462,385,0.8491575577614228,600,0.011355060691071913,504,0.707103236937933,575,0.013945861643399544,515,0.526131952057125,546,0.017400520406327138,519,0.3565107176948543,501,0.02626162611848729,470,0.2910293148619092,438,0.022992474645552312,460,0.14591620407576356,315,0.022244396511048356,418,0.8762746779485868,593,0.009628004258537107,502,0.6956012133059579,569,0.013475997931456046,508,0.5016774544512492,553,0.020337339391208825,520,0.2284285044859835,388,0.02762327342873928,395,0.11797614576645432,297,0.023291345930488372,341,0.08636205970411259,267,0.022901137153564993,342,0.8546813025966353,536,0.0007386707854960995,547,0.7392595153545982,588,0.018963043559692354,522,0.569856212056197,567,0.01949651750052924,532,0.35173078270623304,498,0.029499720263432394,469,0.3067082351099921,436,0.026257019235805257,444,0.21664312541328445,368,0.03359218763169388,392
"(246, 217)",7.75295155440725e-05,14,0.22847089599542456,27,0.0013580600784135477,55,0.11662600337396971,79,0.010259947096439292,67,0.07779452595582863,200,0.05904868427875376,205,0.04550313070966988,289,0.09403179290510932,263,0.03152573292777567,335,0.09123746117841636,277,0.027020524192964822,343,0.00014925497372830776,33,0.20271036180453927,39,0.001298695498478608,52,0.11387730543329823,96,0.007156287696751362,71,0.0728950210465184,201,0.02462366582700759,109,0.06400711333868879,270,0.038377517003598705,162,0.04517231392609491,306,0.10618466449882225,281,0.024730593324645667,398,7.989693701015987e-05,18,0.21391421781703507,34,0.0014799758703978316,60,0.10477624604700886,83,0.008667282124918518,61,0.0786697952464295,195,0.05873052659741318,214,0.043441412990653065,278,0.13229724635377305,302,0.02241862910511814,351,0.1737233083224179,329,0.01814172924827445,390,0.00013261936788067086,72,0.013746221559820814,317,0.0008791526575144815,38,0.178985941001127,70,0.004994536654311599,53,0.09456136615904608,184,0.025440818379736108,112,0.07080180528526103,268,0.0345230871156601,165,0.054381438734689376,275,0.06371487416962318,233,0.05051336668939783,306
"(204, 191)",0.7468246313541859,559,0.006426870849855404,555,0.8532574279936189,603,0.0036800873576885262,603,0.5952045269019212,578,0.007122046457823184,595,0.20986246093323102,381,0.013220651926241972,544,0.16862093478349405,334,0.01012729459448525,531,0.09948742887331763,284,0.015977888288095727,455,0.880857912966893,605,0.002666907682697646,600,0.8630266747772544,599,0.002315107916930728,596,0.8021641891660789,603,0.003959691155944195,597,0.4157661470298166,525,0.011619051255114355,558,0.22971639917070208,398,0.012608976460754623,532,0.13441433831812155,307,0.018783738388846904,452,0.7708541833789793,565,0.0058341924705239065,558,0.8536708669441114,603,0.003660327604156992,602,0.5838067716732012,574,0.007118075519491729,595,0.1530740058658555,323,0.014063450488307976,525,0.07354148090405543,258,0.011214319121931089,483,0.08593097057651589,266,0.017781135398583517,394,0.9833275453089663,568,0.0002725945811340551,567,0.6996336857007284,580,0.008002540137771802,586,0.6525799029680894,580,0.008266912676860999,592,0.2724724527304624,440,0.016102697061228567,549,0.21358537718718773,375,0.014871755646380104,528,0.2061694217219332,359,0.02149588923539012,485
"(204, 160)",0.0007972103039610712,71,0.06288515697064805,188,0.00013677589963001502,32,0.06774568326140008,171,0.004006071497810071,41,0.03772135737915326,422,0.06679374014548878,220,0.019363589660187558,486,0.08963641797510458,260,0.012501701061830376,511,0.1545390559012546,314,0.013796302171872861,483,7.098221146240036e-05,8,0.06174381034769085,182,0.00011002036586560404,31,0.045999694945914424,282,0.00035558530869428395,30,0.051931930485595884,303,0.016317036916133953,88,0.03419059120343959,422,0.058212291839065955,205,0.0199253336007373,480,0.11603584043348802,291,0.019727248397471215,445,0.0005737641202414601,65,0.06437645158270916,174,0.00013555970647127769,32,0.0675937545988096,160,0.004429071845939658,45,0.03622552812288177,429,0.1005872195780908,263,0.01617625942379644,502,0.19615866732577836,338,0.008086263081644065,527,0.17441231128976964,330,0.01404376915960871,439,1.7455127598875464e-07,22,0.04850378282059465,111,0.0014143913065168823,45,0.06328900075595746,283,0.002332336502163579,42,0.05407014224934643,341,0.04350379824885553,166,0.02968226907054134,466,0.06508324434739188,224,0.02210020735075964,477,0.06854049069074075,242,0.03102995149834114,409
"(178, 247)",0.00384592378189752,112,0.1588487026457444,57,0.021809435168124613,165,0.140045322466652,52,0.11903645790017747,300,0.13030708153829468,86,0.35896105517670907,488,0.06539231705550658,185,0.5482515134667256,537,0.038957350242194426,291,0.6611184133289131,562,0.026783676609255482,344,0.01831221657401494,156,0.13113038151027115,79,0.04939913905296445,208,0.1296734075415717,75,0.08506585245238962,249,0.1304730928993624,80,0.2216276746222141,411,0.10693395095205269,127,0.41098100289867334,502,0.05951369862561841,238,0.5999504868406619,542,0.035114754467879025,320,0.0026445047138188293,100,0.16674455578623004,52,0.02013694076832495,164,0.14106720005559237,44,0.12122107012227745,299,0.13254246298366434,78,0.4055384645195158,496,0.05712783056538775,207,0.6847760839438222,553,0.024305551941144345,331,0.7231344180115393,568,0.020993182406232377,364,0.0010994496792654518,102,0.2029921688790862,14,0.04682149640248401,196,0.1343771596764693,114,0.10134535596120076,267,0.13134102803875441,113,0.29019208761070003,459,0.08980246465934402,196,0.45528209601468717,523,0.052977308976746795,284,0.5422395832827992,528,0.04204243320486396,337
"(178, 161)",0.5997698558982861,507,0.029511346031235012,323,0.37419351895391195,443,0.05429810340000401,224,0.13115946435865444,309,0.12616187604954537,92,0.024214406544478595,128,0.16063908702881594,33,0.005983751117643266,82,0.1756270941450371,31,0.002139194923068688,61,0.1810838935850208,35,0.3993700124218752,449,0.04693445862887108,246,0.25373054511253057,394,0.07515648594532925,174,0.1758075376380679,357,0.10242993095730987,142,0.06155211391078885,198,0.16389886733391773,54,0.016878096799672226,110,0.17249759039562373,45,0.003839693257871035,74,0.18913094637132175,42,0.6398643138781644,522,0.026759037101932167,339,0.38573315811200926,444,0.05272236534709566,218,0.12885666083423353,309,0.12987097974762563,83,0.017537218651730524,117,0.16275643826070074,32,0.001667382411047913,71,0.1806660753534407,19,0.0010743812496591953,58,0.18397768509717133,35,0.7212255723805607,506,0.023362215757495954,230,0.2616219138535213,407,0.07572672602537572,234,0.15207565021910363,336,0.11472246450952618,138,0.038595040291379834,149,0.17592988233532797,66,0.012279053068138035,93,0.1766560272076752,54,0.006285584287983759,88,0.18576748320064973,69
"(162, 176)",0.0007629169991576479,69,0.1840272819559511,40,0.007231575926087697,112,0.16681129234774855,33,0.008757719728605617,62,0.1807418184633518,40,0.06921545577267463,223,0.08466225436507836,120,0.33343005297611616,435,0.031296043606030395,338,0.357635120943111,424,0.029313854498211542,324,0.0038120784804083208,89,0.10832765298321896,94,0.0071406042361139566,93,0.15529843648446864,50,0.006387273333062771,66,0.17385926125652393,45,0.02817148905282929,123,0.13589760681091334,78,0.1475478133377175,322,0.06123766252872229,229,0.30373083459126204,403,0.03798111398775035,307,0.00027325546262257916,56,0.21511698182579728,33,0.005430150353915586,105,0.17338189515854652,30,0.009100845391057488,62,0.1768902965642625,44,0.07971945580714646,242,0.07768111052330547,128,0.5120168170838921,484,0.0190145610548255,389,0.4647332742799113,454,0.02349363926943412,339,1.051897709825056e-06,28,0.07287492772314501,60,0.006114869812201329,80,0.15840866301618228,90,0.011790056419478168,75,0.16455884197947182,66,0.0495316350078856,182,0.10232723292879942,160,0.12856414031988717,302,0.05947308113884288,255,0.21395031678010612,366,0.04338025147305591,329
"(162, 163)",0.7501610936447654,560,0.018506450515755665,403,0.5248163662160312,504,0.039991464382843074,287,0.5003300959255227,554,0.04692851220416818,374,0.20477071142104464,378,0.05897503987504267,214,0.028813503006896668,166,0.07078789506011644,154,0.02443506625239289,175,0.07170484059684479,159,0.600753874730066,534,0.020055234819217938,405,0.5264074424592603,522,0.037037192958367236,327,0.5402672371282846,551,0.03960652924632339,374,0.3367503238257723,486,0.059435474709896643,286,0.10487493266971915,276,0.06861814384266092,198,0.03522414544395558,192,0.07788440463240033,163,0.8176842610196202,577,0.01492802775995157,438,0.5599510080469279,512,0.036973538864651184,294,0.495322203946135,551,0.046676898375646626,368,0.1848202622527455,354,0.058693094373229567,200,0.007998948989793586,127,0.07606240802101952,122,0.011454084745050164,154,0.0807293436623917,132,0.9697989904624114,564,0.0007487590150277454,545,0.5456101715630607,536,0.035449804750791715,413,0.46081547763532393,540,0.048489848935487904,368,0.25333666976604885,420,0.0593908351872287,318,0.12150234763842416,298,0.06060365710522062,252,0.06491822374647493,236,0.06455662741071634,266
"(190, 170)",0.06297061882049348,248,0.008778658089469355,525,0.09694370563988441,276,0.02492247627812537,417,0.16810180047123913,354,0.02933504901261509,465,0.20846881681036078,380,0.02145041179505033,467,0.29635840681412884,412,0.012939011876170053,505,0.2702306811256776,387,0.012437420470978797,500,0.07463389694586786,248,0.006322663773287023,556,0.14425957883965912,313,0.014705258491238762,508,0.1919788822911308,372,0.027381330884327298,459,0.1475263170134501,320,0.026490176755909905,469,0.19778133099234907,370,0.01686716466256633,499,0.24768416703389917,383,0.0120445974589992,517,0.06902270133604738,251,0.008750909922243314,519,0.09902336514467469,276,0.02437257198493501,408,0.1732747287965133,360,0.028412247565705154,465,0.21982109115257076,382,0.019926840386075808,467,0.3397685534461541,412,0.010079042569027226,497,0.32576001013382205,402,0.010733200312527728,492,0.009170438896663358,142,0.003755900950576702,459,0.09671919827504327,260,0.01666575743946872,534,0.16472180938020886,350,0.02537938299229961,496,0.21114185135316088,394,0.023232396736439176,502,0.27788868031856406,415,0.015261739357495243,525,0.224141298104912,374,0.017270191784600535,517
"(190, 256)",0.2183370154623956,345,0.005800049033043895,561,0.15800595829699826,333,0.021177429373461804,448,0.08997786651224204,248,0.036129812638119575,432,0.06744696112726145,221,0.03124605590722393,384,0.0370215126619966,182,0.025883448760339694,372,0.0441687482187878,209,0.022747665757127417,374,0.19407534628651613,343,0.004597855699368713,578,0.10753574190384452,286,0.016218223127957232,495,0.07575211047853703,235,0.03733138713102052,387,0.10489205521048073,272,0.029679767280999518,449,0.07270331985914313,228,0.023546106402587662,455,0.05147498312792709,215,0.02033416301881486,436,0.2051685731808056,341,0.006086209787497382,555,0.1551632955105824,329,0.020983805741662805,441,0.08664411164093755,246,0.035796259546445705,431,0.06232645711265228,219,0.03033221192855504,373,0.027599792078071284,184,0.023272608822759534,343,0.03035090559960285,197,0.023675796944726116,338,0.4943259326381668,446,0.0009942746642610664,534,0.15831733571451467,327,0.014141206419630055,548,0.09223988330335553,254,0.030791098239691662,469,0.06620031489057743,211,0.03419784756590228,441,0.04193933985529297,184,0.028665121552459216,424,0.060492285892318254,227,0.026724184168384273,441
"(175, 239)",0.04934974756590105,233,0.07510799694823082,159,0.028714496406349377,184,0.08462972413116465,128,0.06519144773375085,201,0.09656490022335419,155,0.17453619492508676,343,0.049723521743439365,262,0.300712487169294,414,0.04339555848158623,265,0.3242727793696757,412,0.04988104740625456,226,0.054741868886036715,231,0.08281572024093885,130,0.04507821039444204,199,0.09875024975898458,126,0.05235297141048978,186,0.10193473191648403,145,0.16328979179166048,337,0.07728652082194362,222,0.22743527171054512,395,0.062366432710189754,220,0.2515044466578339,384,0.06923822626846923,194,0.04226515444662571,223,0.07531866638563733,148,0.028863132384559842,190,0.07789970795724355,136,0.06931964901685062,209,0.09017009969318339,168,0.18932140834787814,358,0.0455214556781476,268,0.38948332702342436,434,0.029804252474679483,296,0.3175442562984956,398,0.04935904981855725,211,0.05813121478154337,233,0.0447003079033845,124,0.04389091399298661,189,0.13435704773845025,115,0.05807725483185855,194,0.13035441217906166,117,0.21340342215661323,398,0.08715244592443787,206,0.31046087331323935,439,0.05842973341316382,260,0.3370889435654565,429,0.07465386059412617,236
"(175, 238)",0.2538776576651538,364,0.04350838847078101,253,0.3339374191583412,420,0.037353815074754805,312,0.21334664736855125,409,0.0650410530061192,259,0.08585373287068032,250,0.06298986161687263,195,0.03594925613851596,180,0.0880911879480229,117,0.03065805451202286,183,0.10949413697861526,88,0.23867485785539144,356,0.05069328469083683,226,0.2672203049865227,405,0.05456371598622657,249,0.24520418459302296,421,0.0609246913868805,251,0.09321904255973568,261,0.09316552229662203,161,0.059133628572388686,208,0.09771442180380248,121,0.050152921244017934,214,0.1185120229820131,99,0.27674382285080434,374,0.04025972429945246,264,0.3331763540739694,416,0.034468754658964075,313,0.20455616898744755,397,0.06286522501725557,264,0.0771975055698415,239,0.06138773755345577,189,0.01961930140459578,165,0.0807012034267768,110,0.03208583150578248,199,0.10597345943084148,90,0.2299190175759651,351,0.02826541388554532,197,0.271163098743733,417,0.07322203554433085,247,0.23005403856566753,413,0.0823855682802552,212,0.06516569660056937,207,0.12942167786563713,111,0.03365910528610394,162,0.12253740358265038,98,0.02810678941575362,170,0.17088214786493092,83
"(238, 216)",0.4163753707012071,430,0.02677039145949711,343,0.4012255220275758,448,0.030768442831587778,368,0.13744951281935758,319,0.08693745592396379,178,0.03969964610894161,169,0.0891301438381518,111,0.013735421458499264,123,0.1280454523721077,60,0.013569812742721843,143,0.16377565106645428,42,0.2533779164341964,371,0.049460897300902425,235,0.26324112067086314,402,0.05591346697206617,245,0.16369524099779387,340,0.08408531156664402,174,0.045287221292162894,167,0.13391544377471773,82,0.02629748222758299,140,0.14263987085444144,59,0.02400783384916627,169,0.1790635314121211,48,0.43458378988501845,436,0.025478243683405642,348,0.41703580910205207,456,0.026992997152912774,384,0.13223791266251017,311,0.0830439450913246,184,0.03284618626661551,154,0.08705559793662045,113,0.006543539314513458,113,0.1178310244385534,58,0.014699232420058106,164,0.15796263103845348,42,0.15550565992595466,305,0.0404415883545726,133,0.26840131543244783,414,0.07392771316957354,241,0.16114375400999936,347,0.1076888965143266,155,0.031158157794284214,127,0.182153934003319,61,0.015114923860237495,109,0.17613925169096561,55,0.014239957837599793,129,0.24279332776547569,48
"(238, 175)",0.01624681562164998,177,0.078927251950102,147,0.01807590162118211,160,0.08647058120675429,126,0.11332588519733933,289,0.09271392250359803,167,0.2860126728430421,440,0.04614858546303756,285,0.4398667516985475,487,0.040321601830158635,284,0.44154571567582457,462,0.05129976721584135,220,0.04951774248563212,218,0.08523107486174598,123,0.04631020514649331,202,0.09978733649894411,124,0.09294053217012055,265,0.10154622209990113,146,0.2665373421310169,442,0.07417141005729205,231,0.3468729662311678,468,0.06037013898189021,234,0.3602126538502278,428,0.07260031122877839,183,0.014268146828197992,169,0.07956794434003113,136,0.016170996018072592,152,0.07974986710673435,129,0.11803113310473634,297,0.086250398231435,180,0.31407935249307106,448,0.04101523689481489,301,0.537285856123762,501,0.027109952471004128,306,0.43043434365652344,439,0.05124878879836066,201,0.09876998972707507,276,0.04704736105189439,116,0.04471913159399932,191,0.13435000856014362,116,0.09471028534925108,257,0.1285611367970587,118,0.32188192413474137,483,0.0836367117338672,215,0.42653360887368574,509,0.05785493133460716,261,0.4348589558346023,479,0.07767659431005816,224
"(177, 236)",0.23408278573766717,354,0.060857629478576966,191,0.33537154500671373,421,0.02714495666811152,399,0.06930406927857469,209,0.07546294998718645,209,0.003052304068832945,35,0.11066721979259049,75,0.0020462353262304944,50,0.12211628642571049,65,0.0012452065788277622,47,0.1156268473276579,81,0.2831842428068704,389,0.05828150524009515,199,0.22077640724259417,378,0.04405052239702562,295,0.06487421961141482,211,0.0636260312313133,240,0.01316297218588558,79,0.10159247950528752,144,0.006057770674129825,56,0.09828507417491256,120,0.0011252215137174115,43,0.11349421168636983,108,0.2545215317705851,362,0.053792818533390525,208,0.34309371402098476,420,0.024137728915447545,412,0.07263452820442085,215,0.07658929688554068,202,0.0020811848110946496,36,0.1111853605316444,71,0.0007350768727039103,47,0.11494014494994512,62,0.0006765723820199021,48,0.12245402820153378,69,0.32521421785173277,390,0.02547182384039784,217,0.13733495315315003,306,0.08900135931561085,195,0.08161516965462479,233,0.06662801048837037,270,0.014544004502867525,80,0.1008434673197981,170,0.0069767511042488906,64,0.11891300424234456,102,0.0036140639892340287,68,0.1400494977434852,110
"(177, 251)",0.05649196517081778,240,0.09774831880083422,109,0.028436407687804532,183,0.06178830940198567,192,0.2045882257405902,399,0.05260493380126567,323,0.6248985164124846,592,0.018776952182983885,493,0.6654401397306512,577,0.017757798219126184,456,0.7107260664965444,583,0.013939217840773855,479,0.04046528031886454,203,0.11147896727005266,92,0.061915656457815826,225,0.06729794295747668,191,0.21404780567136195,393,0.04273876382975844,357,0.4457477194804331,535,0.031401459782441916,441,0.5467546822418368,560,0.021910939966710848,467,0.719296602734301,587,0.013174992762610428,512,0.04913418448101292,234,0.09307603886016119,118,0.026982792444865344,187,0.056338467381404495,197,0.19791546069667487,387,0.05483475179577803,302,0.6637980539336508,592,0.016273182673109808,498,0.7529516216383455,581,0.011402330784099114,478,0.7590781598048641,579,0.01178462224905185,480,0.0304632766799543,198,0.056086414712249184,90,0.1134266723281474,282,0.0948604696590046,182,0.18154508110320033,371,0.051040977046135,352,0.4319159882945318,533,0.032564369673021974,451,0.5293159006367727,555,0.02808937748426218,432,0.6066533390423396,556,0.025388281447540822,460
"(213, 231)",0.3454160818188746,407,0.007172195371087788,549,0.3651360913664383,438,0.022951756204912927,432,0.18737943173101956,373,0.04015423517684647,404,0.10761401630702305,271,0.03805509532316361,336,0.0512845551421075,209,0.03644612323411391,301,0.023247050960944704,172,0.03440538175600079,294,0.2181338869239171,350,0.011500204581649449,502,0.3330411960051405,437,0.024036448458003408,436,0.2256591434019949,403,0.045914166170591596,340,0.13817871848670937,308,0.05576802454535792,314,0.08430172306514394,245,0.04901791716502541,288,0.04605275609152826,207,0.03851115499990496,303,0.4358870117071638,437,0.006104559745780688,553,0.35342736856346046,427,0.0226822312440032,424,0.18976526263962246,373,0.039035836924261026,403,0.09969242116696986,260,0.037105638923905324,326,0.031030492881658045,190,0.034198424529532444,265,0.012399733482513664,157,0.03583158994074391,265,0.22201703615054647,346,0.005425662225898822,428,0.24788097128163922,397,0.026948488550147986,460,0.17524429175061673,364,0.05076864711460524,354,0.0920463140627148,255,0.06362048548243043,299,0.039771234261363864,178,0.047475147487318,310,0.041648090975686225,198,0.042478794890852115,333
"(213, 183)",0.0265596832694599,195,0.016866514028754432,417,0.02321113233075056,170,0.057508944980105156,209,0.07827399991978246,231,0.05371548338128412,315,0.1441644132124399,315,0.034520976432430975,359,0.2482279839218824,386,0.021545833042160584,413,0.36491074763878406,427,0.013741056290126324,484,0.06305935824920317,241,0.01739255678977332,436,0.02888960598271595,167,0.05429865572185284,250,0.059862024457529306,202,0.07145740052487966,209,0.11268704875044344,285,0.059690833888541364,283,0.1770540126613469,350,0.03827645831367936,345,0.26406349121353245,391,0.021516368107174937,427,0.014135073095983275,168,0.019143131021395716,393,0.025147896582799367,183,0.05473754025176525,207,0.07695388556052296,229,0.05273822992152787,319,0.15426445911778663,326,0.032080318277676316,357,0.3224886905699528,404,0.015671028275656806,416,0.45394589681762665,450,0.010791177379072278,490,0.06138661750474239,237,0.008328311341877887,368,0.05140598182383582,202,0.045527896892127356,354,0.08541384144935715,240,0.06451105324162447,277,0.16500709454061102,344,0.052371889209014075,343,0.28574587787678896,420,0.02460345062109145,462,0.2789197979325855,402,0.022536031445625274,475
"(201, 184)",0.6012335648618977,508,0.011244311777462677,487,0.4998205464308081,497,0.012854753874839784,528,0.28334019277507627,463,0.028592252722675182,471,0.14450528836461018,316,0.025071036022643437,437,0.0784536418637165,249,0.023658184038339174,394,0.04988981494297162,221,0.02385119180813509,369,0.627455041792141,541,0.007939726995917717,541,0.4850862117474736,498,0.016613627627407843,492,0.41273076876230397,509,0.018263651887152323,513,0.18698128025741723,368,0.028168370573735124,459,0.090948472178076,257,0.02439634544985549,449,0.05394700411328501,220,0.023396996008123373,406,0.610357136026281,508,0.010620164617644107,489,0.5180066093686962,500,0.011578437055849437,532,0.27712056330931856,458,0.02913949963011268,460,0.12086218411036087,285,0.025810911828679384,409,0.045515675971182,221,0.02342178502660069,340,0.049324329912280085,231,0.02207339700756072,356,0.9276262279619845,553,0.0009469130814072338,536,0.48608433841981324,520,0.01654835400128264,537,0.37404274879378363,505,0.02204495075753833,519,0.1675278878709412,347,0.029602682243051768,467,0.08383661400334552,249,0.029677383620005902,412,0.05910937602853217,223,0.03415995586578909,387
"(201, 219)",0.0037956651121218155,110,0.06083936262977344,192,0.008792127618277634,120,0.04942770807403975,245,0.040422678439284265,144,0.054719578061543,311,0.10733397842550396,270,0.027683507783997977,415,0.18705838824297516,348,0.01770897314712989,460,0.2522774290498544,374,0.013895939580765864,480,0.0029793951751597714,82,0.04723788059644343,245,0.009837574923324932,115,0.06092208588341169,215,0.016670964748448203,111,0.05322998271388533,294,0.0784968596699096,238,0.03761926801833872,403,0.16663901204625864,341,0.019937208447766176,479,0.24081293941621928,377,0.01420984274889261,499,0.0034939498183583773,110,0.05936817558317514,190,0.007631841978959941,116,0.047230069306617176,238,0.042157653306649334,153,0.05458578140750003,306,0.12923119526899085,297,0.025241260536718997,418,0.26579456998853557,376,0.013006435395773758,454,0.2539534245787769,366,0.012783159699200877,461,1.5126362546080685e-05,37,0.03734131613166308,147,0.009763584512617607,94,0.0608773279882506,298,0.02183211063778323,105,0.05683087008739411,325,0.0903571746336973,253,0.03636686689061361,429,0.17781930278127633,349,0.02309815117577263,468,0.22749482011176392,378,0.02179777949751362,482
"(191, 255)",0.21882501471173177,346,0.010741463447201019,494,0.33882120447242237,422,0.008628007807935599,561,0.11485968785277023,292,0.011895046780455684,568,0.011369399849207928,71,0.017893210696930194,497,0.002192407385222639,55,0.018781469643862018,445,0.0013256883092281901,51,0.028946754659301296,326,0.43875767761113915,472,0.0050564391573284075,573,0.29782672908586705,421,0.0056954763587941225,574,0.24774816234007835,423,0.008262264032568618,570,0.025044931960834127,110,0.02044469424024229,511,0.003605936705478041,41,0.023765263301642886,452,0.0018665580291384876,54,0.03915255340655222,298,0.3073888709298759,389,0.008030126927839883,531,0.3740762873701877,438,0.00783894616290005,562,0.1095263332930494,284,0.012030022947286948,568,0.007442739574218149,68,0.018745830838816438,476,0.0006733448097888672,44,0.020335607222818724,379,0.0013440390778255429,69,0.03175164975113932,287,0.9997000299990002,613,0.0,614,0.1972342589934436,359,0.013019463076618689,554,0.14301524699632429,328,0.014324195084646852,559,0.013677731930984649,75,0.02575719144207853,490,0.008237841457564121,70,0.02492674146566806,458,0.005558480318645254,84,0.03654826029989809,368
"(191, 204)",0.06275799423275441,247,0.016288187450137066,427,0.027778027909263314,182,0.01986096076516288,464,0.13572022943172268,315,0.011251415680492522,571,0.46573639642539244,544,0.005190637856683634,597,0.6587088542946676,572,0.0028041774400582586,598,0.705317239109025,578,0.003572335088955611,595,0.013845786807546445,137,0.016001000869527663,452,0.036656397183336464,183,0.011449890980405617,536,0.05145253502952685,183,0.013951908657920013,542,0.3540281640033752,499,0.008455539077517053,576,0.6069008684573832,581,0.004304368162479574,590,0.6742371478424811,570,0.005497556445330669,577,0.03436477351024103,206,0.016669169443851484,419,0.021827064630906556,169,0.02021060418480725,448,0.14186645298084022,323,0.011036026513393906,571,0.5211859920863788,555,0.004547974871480901,600,0.7594272593135993,585,0.0019536237366164807,598,0.7041185398116598,556,0.0039387190241362835,579,1.000088900582341e-12,17,0.010086318077629459,348,0.07298467230103844,232,0.018134683112533582,527,0.10856496211879185,272,0.015702463006396685,550,0.44044959321908883,537,0.008096011767719444,588,0.5082408758370649,546,0.006308316223661499,587,0.5571556383910437,532,0.007867919179226272,575
"(255, 191)",9.999999999998899e-05,36,0.03397939870355445,299,9.999999999998899e-05,23,0.03164388211491456,358,9.999999999998899e-05,22,0.017350891814296904,544,9.999999999998899e-05,20,0.011601720958559603,559,9.999999999998899e-05,21,0.006009161827069134,570,9.999999999998899e-05,21,0.007427996664651653,551,9.999999999998899e-05,29,0.020933667015872775,399,9.999999999998899e-05,28,0.02334894333733703,444,9.999999999998899e-05,25,0.026391156469812372,469,9.999999999998899e-05,23,0.016369378720923818,531,9.999999999998899e-05,21,0.008619027859050844,565,9.999999999998899e-05,23,0.012487335619580264,514,9.999999999998899e-05,40,0.03479724474534635,292,9.999999999998899e-05,25,0.03173740463951733,343,9.999999999998899e-05,22,0.01726338320191808,543,9.999999999998899e-05,21,0.010283443765086536,555,9.999999999998899e-05,21,0.004260289815012699,571,9.999999999998899e-05,23,0.007340758445799375,541,9.999999999998899e-05,69,0.01591954477660678,296,9.999999999998899e-05,24,0.028094617618007422,451,9.999999999998899e-05,24,0.02556712446241413,494,9.999999999998899e-05,21,0.014335507732653375,557,9.999999999998899e-05,22,0.012370961549113269,550,9.999999999998899e-05,22,0.014358176705411804,537
"(198, 202)",0.04521950661457452,226,0.07831545160286497,151,0.10484214497399824,283,0.09276756223144234,110,0.08506351657963507,242,0.15961246897317274,52,0.07552135774718627,229,0.11347631384347977,70,0.053894185639661085,217,0.11166137651762299,77,0.0585402345641155,234,0.12068595068003923,75,0.019114159140682374,162,0.08061674577602339,136,0.053443086978625765,213,0.10867891826914512,104,0.06611004739650872,214,0.15547102677418642,59,0.08272034482530555,246,0.16326516348985456,56,0.07201665996601858,227,0.12143653982790709,73,0.07222143420851235,246,0.11916435527180542,98,0.05604581169463352,239,0.07615729314883264,146,0.10922352765602628,285,0.0869112813894471,114,0.08721675578135468,247,0.15132255924862378,59,0.07544123190862395,234,0.1065886047242445,76,0.04134190137448546,210,0.10193619182057988,81,0.04921872299811514,230,0.12673277488621512,63,0.15878713448433723,308,0.03335349209374833,168,0.0726176487393212,231,0.13236169208773732,120,0.07369863377487218,220,0.1753690976342479,60,0.08835844259827597,249,0.17194302751909352,68,0.05597206050779491,212,0.1297954337617377,85,0.07814945661588002,254,0.13814391124119807,114
"(198, 239)",0.2667582481751152,371,0.04334278140497845,255,0.14758898868552672,327,0.08277327227659484,134,0.1758113276836426,361,0.12530420398820022,93,0.19240856831506747,367,0.08308456431380622,123,0.2409562094628066,382,0.06778041774400582,163,0.2288999661624802,364,0.07660544254038655,145,0.3932310736774769,442,0.029421245414721953,343,0.2421859742085133,392,0.06567390236391009,198,0.21133758818416015,391,0.10553901599208844,129,0.17967671940904584,361,0.12606669568665177,92,0.19912672715090363,371,0.08652013545242179,144,0.19872397718563461,354,0.08503903312175991,150,0.2352387200085727,357,0.047212422484052365,233,0.14222689839402602,323,0.07958923059731852,131,0.17236933680161792,359,0.12058232409885242,98,0.1925581259120569,361,0.07799374081151139,126,0.2800117741251591,385,0.05387655144653275,171,0.25426866659621683,367,0.07331082543477414,142,0.0963816781087048,274,0.039392624867061035,135,0.19794839441855427,360,0.09475287079060278,183,0.19585678312292332,385,0.12660766733768522,121,0.1705853269804123,351,0.13808718069089992,98,0.2354307584533153,387,0.08040729371274667,180,0.18760251109078485,350,0.10317176329964525,158
"(206, 199)",0.007028552499710905,132,0.13002064802990645,78,0.011211492379775811,131,0.11449136983248347,81,0.1540667949642165,342,0.07386650354474707,216,0.49887050502679053,559,0.03384402187769734,363,0.6430753292283726,568,0.01929040895365388,437,0.7444875278059575,589,0.01592013755528763,457,0.0453345962629208,212,0.09107957224403584,113,0.05670645023657617,220,0.08922475782688795,142,0.07281329520371393,231,0.09226191108582678,159,0.31663179371806327,471,0.058214277853526696,295,0.45859381850376324,527,0.0367682207982668,352,0.6863124973687871,576,0.022489315493497454,413,0.006104156684575868,129,0.13435140809835847,73,0.008854322678357729,120,0.11256211190137516,77,0.14571759591349887,331,0.07445332215906475,211,0.5866684907212043,579,0.02622591822006274,403,0.7871360093849151,589,0.01055731925477238,492,0.7896199185650377,587,0.012481718126862832,468,0.09193274529422657,269,0.02666212873324226,210,0.07581788102444131,235,0.11018425803415358,148,0.10234749963467848,269,0.10571596422312311,161,0.38881946116552135,517,0.05569700459947859,331,0.5104040766155592,548,0.03283097653805243,390,0.5775042379797674,543,0.034474871849882384,385
"(206, 266)",0.5283903698591242,483,0.03080699414459407,316,0.46762414943630914,485,0.03301375442677154,342,0.09984030668024235,264,0.08535885670202721,182,0.008856583530219675,63,0.1297346054382528,56,0.002562803633561206,58,0.1216718955161849,67,0.0008218970688804728,40,0.15403762508947885,44,0.26638299378266417,379,0.050473342721679464,228,0.23353058758167244,386,0.055664922374745664,246,0.19756720286468932,375,0.06614866103346072,223,0.032284379053183265,139,0.1246092290020015,93,0.011984326581129467,89,0.12390175807110262,70,0.0016397495036142296,49,0.16822519358440108,52,0.545824242164169,484,0.030044605549970137,314,0.49890373013797507,498,0.029361062268351137,365,0.10634550135185983,278,0.08269546733855906,185,0.004319675206836404,51,0.13480663222264266,47,0.0004509516417235959,38,0.1271140602215447,48,0.0004340513798730683,42,0.15237019453852116,44,0.165174813507609,313,0.02193159861801875,241,0.191856687475231,355,0.08085703001480489,220,0.15077019796314328,334,0.09290972030712949,187,0.019710039993800166,96,0.15049382095941363,82,0.00810026501350336,69,0.13064378963185916,81,0.004677807605793838,78,0.17166177563577018,82
"(219, 201)",0.8025284641482839,579,0.00831234345681476,531,0.6252747214078779,551,0.012890992102254181,527,0.34161918346390363,500,0.03204129092716436,451,0.1642348933229727,333,0.030732900319593283,388,0.07292434423617422,242,0.03132436398677401,337,0.046112692656216314,214,0.030275299830672068,318,0.6507009927030161,550,0.008482458292279725,535,0.5370370029604636,528,0.017380796553860343,485,0.4352481204569475,516,0.02153120508833789,494,0.18243582624477783,363,0.03647860109902502,410,0.09101519690339632,258,0.0319767200221136,380,0.05175441879242315,216,0.03155215891204835,337,0.7965705091754544,571,0.008318928335500535,523,0.6365285219997759,552,0.011742875328070475,530,0.3397047024315861,497,0.032518171876014086,444,0.13516622348061025,306,0.031396353553809084,362,0.04163551977223612,213,0.030153771599621317,292,0.03834096564637346,210,0.029332282433712723,305,0.9215743798389836,552,0.0012874704720176407,523,0.49722608338162877,522,0.01906486024591369,521,0.4042069374442808,520,0.02509283022212481,498,0.16678811125146797,346,0.03748720453912061,422,0.08720616052721797,250,0.03701171495996356,367,0.061876818576540815,230,0.04434721977457839,325
"(219, 220)",0.0003534720387956547,52,0.10925096276492957,96,0.0030414888335015267,75,0.07608187797489341,152,0.02725475753717599,107,0.07442919372919055,215,0.09257140644766304,257,0.037204865390495896,340,0.19735135951144622,358,0.022478106874496574,408,0.26387160955306344,380,0.01692639189007155,449,0.0023765770913291018,73,0.05508054818087065,210,0.006556723092291605,88,0.0754817798189559,170,0.014200174078567551,102,0.06738285629420011,218,0.08109440345532071,244,0.04779816861153767,357,0.16653914672794934,340,0.02614366321878284,429,0.24689002002185678,382,0.0187431989144168,453,0.00038918740163840226,61,0.10562235987870845,99,0.002731499912541291,72,0.07226255994152793,150,0.027611770683169667,111,0.07506921753817972,208,0.11535675350967911,278,0.03309946157734949,351,0.2789644697102913,383,0.01599484393230395,412,0.29117046616008013,384,0.014922826844243632,426,1.937126016260393e-05,41,0.04665105291913541,118,0.008969088881264242,91,0.07269459996978181,250,0.017701958999284395,93,0.07118860112842505,254,0.09084896222149985,254,0.04590198103022922,373,0.17238602398484337,346,0.029490869671211704,415,0.22086708635519492,370,0.029017860563477407,431
"(262, 207)",0.012412636584548609,160,0.037427382321621905,278,0.07659638261700152,256,0.04481759970659377,266,0.13311724476840814,312,0.051463717166298766,333,0.18362265544970757,355,0.03252341255824552,377,0.3407636631993032,444,0.018961138552865322,441,0.42080993355414087,453,0.015087135418927993,460,0.004535821350144298,98,0.040264963288835894,284,0.053701583682028486,215,0.060779597775501557,218,0.12292713495470431,298,0.06570110309276851,224,0.1710118418054205,350,0.05609734191749082,313,0.24019179543798574,405,0.030851644237499577,386,0.37036013049861394,439,0.01930419122655124,446,0.009673600429153772,154,0.04027083528336712,263,0.08954043010290147,269,0.04172636797772302,262,0.13818699525820455,319,0.04965888767732576,340,0.19700169790412114,365,0.03045664507123662,372,0.35470956173989476,419,0.015353458321585942,420,0.46035390635785534,452,0.012904989886331653,459,0.0017939633254540066,111,0.0149766669870122,304,0.029181397067300385,157,0.05971913175757974,303,0.10473834011128336,271,0.06722147714509602,266,0.17173281684377417,354,0.05059162092627101,352,0.3002643640317171,428,0.025019433246280934,457,0.4078145070356629,465,0.019897556527802254,496
"(262, 263)",0.4538036990775496,448,0.011276858294874044,486,0.19041956117981584,351,0.033083706546873336,341,0.11721963308976102,296,0.05369235740542135,316,0.08040658985261318,241,0.04282930051170501,307,0.027413747293564716,162,0.04392307154758007,256,0.01574373996286904,153,0.04510930613399061,243,0.5810681443187188,525,0.007987366248346539,539,0.24147991915618316,390,0.036823622714806485,329,0.12709603756664078,301,0.0649747440660829,230,0.08808386840786464,254,0.06998187137595725,244,0.054176639915348046,196,0.05068277071847443,278,0.022392794848803077,161,0.049183970658167625,256,0.4873068979185592,455,0.01090399975219139,484,0.16876730354673963,338,0.033779576872462025,321,0.11267982440934932,287,0.0531541680120583,316,0.07310465313079317,232,0.04238287159369184,292,0.024928634511917735,176,0.03720468936958201,243,0.011830192523531236,156,0.043731161125906796,230,0.6779748427634507,493,0.0020714851944612436,499,0.3315593335800413,452,0.026564099134759284,464,0.14771945579851287,331,0.05994192889838277,303,0.08762205787001998,247,0.06331285178386499,301,0.03605816843570153,170,0.05071201228957365,295,0.01725881411983221,140,0.057097486035659825,282
"(210, 257)",0.489960705901478,464,0.01515202654460579,438,0.28826489464046245,394,0.02920212118164221,377,0.33488244068686224,494,0.043412735449770694,388,0.38177436927363795,501,0.029956628744082277,391,0.4539656353486322,491,0.021212608821982497,419,0.451404798073045,466,0.0243205730653922,363,0.6591715969830355,555,0.008862014018406559,526,0.48561695605215327,499,0.017441677836331035,484,0.35839849557746084,486,0.03439172995235107,406,0.34482163671828925,492,0.038735108350839736,399,0.37989511461041714,482,0.02650017251513878,426,0.40408746190946976,457,0.02685159844119834,378,0.44988693623283216,445,0.016536090159237234,422,0.2762292384610918,383,0.028355279450259327,373,0.33186262362681007,494,0.04246217575612805,388,0.3812977811650835,481,0.029431803293651453,380,0.514188302523955,486,0.016783644138444166,401,0.48336369498671705,465,0.022674713204492363,346,0.18012760979783204,327,0.02118294579488081,246,0.3898486622851943,478,0.028042829377608422,452,0.3488301758658139,489,0.04112586194145042,407,0.356600212080036,502,0.041569368755408106,398,0.40560941159189334,494,0.025540918711192385,452,0.3655336891676645,444,0.033108703480932644,397
"(210, 239)",0.00948068649911793,147,0.05643881384541832,201,0.03910048382785736,211,0.056835228089630034,212,0.028530957166109205,113,0.09866031473196302,148,0.02069692342281959,114,0.07915164205552774,130,0.012397943317206561,121,0.07043986700454964,155,0.012632077879939474,140,0.08010708516604936,134,0.0021821104358104026,69,0.05946202372434771,192,0.009798172248997705,114,0.06406751086552781,203,0.024307797333992354,126,0.08433235191921501,172,0.02666737954675036,118,0.09091652560888511,171,0.020967724363023188,126,0.06960164506214174,193,0.017716808831848008,151,0.07614944969766133,172,0.012772659828784838,163,0.05420510337592095,207,0.04241244202852634,222,0.052953262283038455,216,0.029121446768099468,114,0.09555440413670561,155,0.02076529374508629,133,0.07764716527988148,129,0.007864201199687448,125,0.06761485506727063,141,0.009966383129631051,145,0.08269018289609942,129,0.08245202573662258,256,0.02748607160625322,201,0.019569529451581302,134,0.07601985752200308,233,0.025949099179197965,117,0.09778650710737706,174,0.024608604694452696,110,0.10134561567715798,165,0.01752847976493843,119,0.0727820759718413,203,0.02314788349205532,155,0.08306426278244745,213
"(267, 228)",0.8375531467839973,587,0.0022589693936630167,601,0.6065699153122451,541,0.008525014951073625,562,0.29786692469377996,472,0.012792686560954981,564,0.07572104903705223,231,0.02237629419183898,459,0.022333008089631567,152,0.021406437921357612,415,0.007328511442129759,112,0.02225421009800091,381,0.5133160020605958,503,0.005157282995413719,569,0.5891556575642636,546,0.004724452287047474,578,0.46536407048967554,528,0.007133863327525071,576,0.1565817020033382,332,0.016204980818332288,534,0.08348623090559171,240,0.01631313707729668,508,0.008336251361038993,108,0.02325250053702188,407,0.8967654671826157,601,0.001392913347119932,609,0.6329055324192039,550,0.007581388763740847,566,0.2976359613681281,471,0.012593269639643303,565,0.05498098431926679,208,0.023071122948443563,441,0.006045429919320333,109,0.02173952905961259,356,0.0025856728391062678,88,0.0219766379843411,358,0.42147157123489143,420,0.0022779222282456623,495,0.5653631553957572,546,0.006707079930121071,591,0.35969200844056104,495,0.011256253931866316,574,0.09992833929101175,265,0.019817815733954035,530,0.04404793737871304,192,0.018872762444907737,500,0.011004842258781289,113,0.025886706867620356,453
"(267, 250)",0.0001889042838738586,46,0.03711081875910792,281,0.0036168063388724025,81,0.047012536799891896,257,0.03664645281524437,135,0.02572123823010371,492,0.19203663384404202,365,0.016408378883634337,514,0.3707487169928262,458,0.008391383983905194,551,0.5231390864318768,498,0.0053646951818911515,577,0.007918101315568027,116,0.020717732086639323,401,0.0042263547095100495,76,0.02449662027923135,434,0.011400769013910184,89,0.024562789460222983,480,0.09797885051724065,267,0.018946023766554142,520,0.17839915511168214,354,0.012665184070024656,531,0.5067119531680219,504,0.005913885072776768,572,4.5379479175600146e-05,11,0.03765857562573358,276,0.0028284806210252533,76,0.046026787316972795,247,0.03670362974244712,138,0.02530058899203483,496,0.2380381877241209,395,0.014155461256662737,523,0.5470031990569977,505,0.004842421324366,564,0.6421686426502804,533,0.0034962521547979844,585,0.015669882620902298,166,0.00682505894977283,393,0.005188496674933374,75,0.03203530047361099,437,0.024093563351090364,110,0.02771641995281611,483,0.15394930314047217,326,0.017159031316999203,544,0.27063538000895426,404,0.01030423627813111,563,0.47012941012606546,499,0.007405122939828827,579
"(234, 233)",9.999999999998899e-05,37,0.0019506583669029178,608,9.999999999998899e-05,24,0.0028804903088265497,607,9.999999999998899e-05,23,0.003572963270797259,608,9.999999999998899e-05,21,0.0037538233876548734,605,9.999999999998899e-05,22,0.0008140270478025957,612,9.999999999998899e-05,22,0.0028969994110816842,602,9.999999999998899e-05,30,0.0017853588994353189,607,9.999999999998899e-05,29,0.0004235782844237505,612,9.999999999998899e-05,26,0.001143498236776044,610,9.999999999998899e-05,24,0.0007483442596393659,612,9.999999999998899e-05,22,0.0009235992133573558,612,9.999999999998899e-05,24,0.0014543746718783722,608,9.999999999998899e-05,41,0.0018353325248128471,605,9.999999999998899e-05,26,0.002787462113508703,607,9.999999999998899e-05,23,0.0034690233170396193,609,9.999999999998899e-05,22,0.003963831760692617,601,9.999999999998899e-05,22,0.0011456860571976636,610,9.999999999998899e-05,24,0.0026248333404172426,601,9.999999999998899e-05,70,0.00164055850562525,510,9.999999999998899e-05,25,0.005561956459162584,599,9.999999999998899e-05,25,0.004384976011311199,606,9.999999999998899e-05,22,0.003593512226526373,610,9.999999999998899e-05,23,0.0038785481452789177,601,9.999999999998899e-05,23,0.003935300472757085,604
"(263, 262)",9.999999999998899e-05,38,0.053931341127930625,208,9.999999999998899e-05,25,0.060170827901572715,200,9.999999999998899e-05,24,0.07608999071316111,207,9.999999999998899e-05,22,0.049342559439860476,266,9.999999999998899e-05,23,0.029368694577566575,348,9.999999999998899e-05,23,0.02413855388825247,365,9.999999999998899e-05,31,0.05768133970482362,201,9.999999999998899e-05,30,0.08957547287431221,140,9.999999999998899e-05,27,0.0992015195050604,149,9.999999999998899e-05,25,0.08790270314589367,177,9.999999999998899e-05,23,0.0488470513105543,289,9.999999999998899e-05,25,0.031722054634763734,336,9.999999999998899e-05,42,0.05757939134703508,196,9.999999999998899e-05,27,0.05555578547932578,202,9.999999999998899e-05,24,0.0733638579018677,215,9.999999999998899e-05,23,0.04671361655718302,262,9.999999999998899e-05,23,0.024529116064131197,330,9.999999999998899e-05,25,0.021360435783837207,362,9.999999999998899e-05,71,0.024472558157315853,224,9.999999999998899e-05,26,0.08282372615384073,215,9.999999999998899e-05,26,0.09807650330164486,173,9.999999999998899e-05,23,0.07659995611593463,237,9.999999999998899e-05,24,0.03859331556615273,356,9.999999999998899e-05,24,0.031213460934327374,407
