,fri,fri,fri,fri,fri,fri,fri,fri,fri,fri,fri,fri,fri,fri,fri,fri,fri,fri,fri,fri,fri,fri,fri,fri,sat,sat,sat,sat,sat,sat,sat,sat,sat,sat,sat,sat,sat,sat,sat,sat,sat,sat,sat,sat,sat,sat,sat,sat,mtt,mtt,mtt,mtt,mtt,mtt,mtt,mtt,mtt,mtt,mtt,mtt,mtt,mtt,mtt,mtt,mtt,mtt,mtt,mtt,mtt,mtt,mtt,mtt,sun,sun,sun,sun,sun,sun,sun,sun,sun,sun,sun,sun,sun,sun,sun,sun,sun,sun,sun,sun,sun,sun,sun,sun
,Morning,Morning,Morning,Morning,AM Peak,AM Peak,AM Peak,AM Peak,Midday,Midday,Midday,Midday,PM Peak,PM Peak,PM Peak,PM Peak,Evening,Evening,Evening,Evening,Late,Late,Late,Late,Morning,Morning,Morning,Morning,AM Peak,AM Peak,AM Peak,AM Peak,Midday,Midday,Midday,Midday,PM Peak,PM Peak,PM Peak,PM Peak,Evening,Evening,Evening,Evening,Late,Late,Late,Late,Morning,Morning,Morning,Morning,AM Peak,AM Peak,AM Peak,AM Peak,Midday,Midday,Midday,Midday,PM Peak,PM Peak,PM Peak,PM Peak,Evening,Evening,Evening,Evening,Late,Late,Late,Late,Morning,Morning,Morning,Morning,AM Peak,AM Peak,AM Peak,AM Peak,Midday,Midday,Midday,Midday,PM Peak,PM Peak,PM Peak,PM Peak,Evening,Evening,Evening,Evening,Late,Late,Late,Late
,alpha,alpha_rnk,traffic,traffic_rnk,alpha,alpha_rnk,traffic,traffic_rnk,alpha,alpha_rnk,traffic,traffic_rnk,alpha,alpha_rnk,traffic,traffic_rnk,alpha,alpha_rnk,traffic,traffic_rnk,alpha,alpha_rnk,traffic,traffic_rnk,alpha,alpha_rnk,traffic,traffic_rnk,alpha,alpha_rnk,traffic,traffic_rnk,alpha,alpha_rnk,traffic,traffic_rnk,alpha,alpha_rnk,traffic,traffic_rnk,alpha,alpha_rnk,traffic,traffic_rnk,alpha,alpha_rnk,traffic,traffic_rnk,alpha,alpha_rnk,traffic,traffic_rnk,alpha,alpha_rnk,traffic,traffic_rnk,alpha,alpha_rnk,traffic,traffic_rnk,alpha,alpha_rnk,traffic,traffic_rnk,alpha,alpha_rnk,traffic,traffic_rnk,alpha,alpha_rnk,traffic,traffic_rnk,alpha,alpha_rnk,traffic,traffic_rnk,alpha,alpha_rnk,traffic,traffic_rnk,alpha,alpha_rnk,traffic,traffic_rnk,alpha,alpha_rnk,traffic,traffic_rnk,alpha,alpha_rnk,traffic,traffic_rnk,alpha,alpha_rnk,traffic,traffic_rnk
"(0, 37)",0.11326946106787172,47,0.32998324958123953,42,0.07196277575629573,42,0.17843459222769567,53,0.08042796203125013,31,0.21467471810360428,61,0.151240494736815,54,0.13125603158356483,73,0.2014069348158627,59,0.14722029891665442,68,0.26226738232993474,61,0.08976342612824359,79,0.08796086781179824,44,0.3221476510067114,39,0.04190671830698933,18,0.3447067071745735,47,0.038635373911155235,17,0.2611719579914321,62,0.12021904375982106,42,0.19268345323741007,71,0.17573028053668194,68,0.15419388830347733,75,0.1574238314382107,56,0.11245705686072546,77,0.11555533537977691,47,0.3248081841432225,42,0.07637568737288603,42,0.17645358440700362,54,0.07794944810317816,30,0.20914963880288956,62,0.16510077544173174,56,0.11921693884376369,73,0.21810311294410367,57,0.12164975982858978,69,0.23499405429518616,58,0.10636997810479147,74,0.0384433593750001,34,0.2896174863387978,41,0.05148451581209135,36,0.2853598014888337,49,0.04643151583280458,23,0.24665068741156063,55,0.18246056606346905,75,0.15864562837586318,75,0.14723139003636987,59,0.18573264781491,70,0.20610844328172362,66,0.13147475834043,74
"(0, 40)",0.13751370477564773,50,0.3093243997766611,49,0.1992329239534265,54,0.12707535121328223,71,0.18358559839913846,67,0.16304358632263144,75,0.10198504908460726,39,0.14967977774528438,66,0.07086972258945479,35,0.20853178349873763,52,0.04661697806689191,31,0.1596489777599301,51,0.1712034253134126,56,0.25801640566741235,51,0.2780038071844353,80,0.18345407805562047,72,0.2900373693805198,82,0.13338395757388447,76,0.12990606004038718,53,0.18776978417266188,74,0.08511348402525154,28,0.1963435194942044,65,0.09736515376932986,38,0.13199040294079553,66,0.13494575946025122,50,0.3084398976982097,48,0.1908252448988652,53,0.1300379914106376,70,0.18796162981336784,68,0.15596904024767802,76,0.09198285822437069,37,0.14488342489441738,65,0.06307281435055934,37,0.1839576306478429,53,0.05613992613130481,35,0.1714276015411511,49,0.290775390625,63,0.14754098360655737,67,0.24765700010539193,60,0.16904466501240695,69,0.26285526407200566,76,0.1383930852328136,77,0.08107999541228261,21,0.20789619624258351,67,0.10512733102704086,35,0.20780205655526993,59,0.06856976115310598,28,0.18974198078675691,55
"(37, 0)",0.10577294094227174,45,0.3260748185371301,43,0.1710803362248432,51,0.12383689107827038,73,0.15339377742832072,57,0.1727208196718052,74,0.08183989721124707,29,0.16337476239216261,62,0.056098835759201604,19,0.21762377345558565,47,0.03424488772296275,25,0.17519812914122387,42,0.1551427010370371,55,0.2587621178225205,50,0.2734530599057563,76,0.1771441925683571,74,0.2524865690525919,74,0.14211766247003993,75,0.10362135653468052,33,0.20035971223021584,69,0.06906476775041637,18,0.20143835616438355,64,0.06416662988237265,27,0.1428888628471687,58,0.10634272308802883,45,0.32327365728900254,44,0.16623513684648028,51,0.12661050545094152,71,0.15932089457986676,57,0.1645675954592363,74,0.07439628395568476,27,0.15715407928610872,60,0.05006785118657797,28,0.19116118346806882,48,0.04059892041490076,29,0.1852945669331432,41,0.22380648688046656,56,0.18032786885245902,58,0.23639015518063944,57,0.16160049627791565,71,0.2303505886000402,70,0.14542825218196803,76,0.06261346009243329,16,0.22068934081879163,59,0.08764315948105528,23,0.21551413881748072,55,0.05013889411869088,25,0.19522507582209073,53
"(37, 36)",0.14642635788867875,52,0.2925739810161921,53,0.0880398698588839,44,0.15453384418901658,63,0.10034588608977546,41,0.19896686039691172,68,0.18116275956626782,68,0.12535750840766194,77,0.23510082083803685,76,0.13498108166705133,74,0.30790635867592964,71,0.08425360530076655,82,0.09903863229629628,45,0.3005219985085757,45,0.043216178777371494,22,0.32764664641271324,51,0.049818878917260445,25,0.244115955437023,69,0.14913372668717184,64,0.1774604316546763,77,0.20508163740623642,78,0.14014752370916753,78,0.2156256241725758,67,0.0953969888918357,80,0.14572102340133164,52,0.29104859335038363,53,0.09121868573632874,44,0.1546498183019491,60,0.09599996359260288,41,0.19484004127966975,66,0.19452549562387622,70,0.11407327133623876,76,0.25175390551474996,67,0.11158195233447882,73,0.2826961145519631,66,0.09703481168423374,77,0.060632288629737685,39,0.2786885245901639,43,0.05560517549601007,41,0.2617866004962779,56,0.057958932394103546,29,0.23035895567644896,62,0.21915778363715754,81,0.14535108977232153,79,0.17169977384451196,70,0.1722365038560411,73,0.2515455489254874,71,0.11403941254687523,80
"(40, 0)",0.1936296069416209,56,0.3243997766610832,45,0.11212549072760691,46,0.16725962415617587,57,0.09969615603785531,40,0.2021481986666216,64,0.17817972944374794,65,0.1271121508992543,76,0.22794906776676083,73,0.1427897022722981,72,0.2663323134413116,63,0.09448781697709852,76,0.15029231662331033,54,0.3087248322147651,42,0.06612137710335353,40,0.3311521383500818,50,0.042235842544096736,20,0.24643498230539518,68,0.12213017879384358,43,0.1880071942446043,73,0.1711583655395339,65,0.15419388830347733,76,0.15092500115293572,54,0.11862483269908039,72,0.18882131505434874,55,0.32250639386189256,45,0.11715873548703937,47,0.1658407664354146,58,0.09482956059419734,39,0.1986934984520124,63,0.18852135743678344,65,0.11766139423463316,74,0.24437785320242522,64,0.12069606792829508,70,0.2420912311663781,60,0.11371930003224874,72,0.052101569290662564,37,0.28415300546448086,42,0.07690536821512195,43,0.27667493796526055,51,0.058295113726086645,30,0.23080323524380952,61,0.19361847561093692,78,0.15598672065515484,76,0.1548544410628263,63,0.18766066838046272,69,0.18943495401732924,62,0.1354638220309862,72
"(40, 35)",0.07487004356714455,43,0.4452819653824679,24,0.13882413068791521,49,0.15576537128261264,60,0.1542594625938536,58,0.17477477119218662,73,0.08361861720045494,30,0.1635706974703904,61,0.05892472956221351,21,0.22415252162844534,44,0.04535016304869277,29,0.17047373829236895,45,0.10271744976148955,46,0.3504847129008203,35,0.21131300433532785,57,0.2248188829165693,65,0.2768464498805565,80,0.1316789713590971,77,0.12791442951250664,52,0.18512949640287768,75,0.08798977856404444,30,0.19248155953635404,69,0.10222801738134168,40,0.135074290859973,64,0.07747306728556347,44,0.4340153452685422,25,0.13318355341410737,48,0.15890320449289724,59,0.1609738932785142,59,0.16656346749226006,73,0.07763889843393468,31,0.15814703526160373,58,0.0526490465577506,30,0.2013338970712122,43,0.05347769627124466,34,0.18812057640409388,40,0.24590975310736352,58,0.16939890710382513,62,0.18985385168072244,54,0.20471464019851116,63,0.22950973722062562,69,0.14616797766162334,75,0.07487595180147677,18,0.214102846550637,62,0.09925263285889152,30,0.21765424164524422,54,0.0771350982209833,31,0.18276485440664547,58
"(1, 28)",0.030780247549959228,29,0.2948073701842546,52,0.050719378643695245,38,0.2649607735814632,36,0.1048869198247987,46,0.28300588746413535,43,0.1998684758756849,73,0.1661529463371838,59,0.16048778005684183,50,0.17029996573019168,63,0.13169890861867006,46,0.14311360978893786,58,0.031732739950049105,26,0.23340790454884414,59,0.052089667252431915,29,0.3101191867258705,54,0.09596162155913701,43,0.34161128361105025,40,0.09103157041055976,25,0.32158273381294966,42,0.08410737555956915,26,0.2799420442571128,40,0.13582839841668415,53,0.15296084079120228,54,0.026162469403252064,29,0.29258312020460353,51,0.05143733975889053,37,0.25623554674595306,35,0.10902867872057298,47,0.27829308565531474,44,0.21331168006363233,73,0.15045745974380179,61,0.203929224200891,52,0.13627303563310836,65,0.1781386560739866,51,0.1292835684097968,69,0.01656225735199901,25,0.20765027322404372,48,0.04491068456692515,31,0.2620967741935484,55,0.09483262256925673,43,0.30270321902760533,44,0.08842331937745584,26,0.2860225019561964,44,0.12040225651793968,43,0.21829691516709512,53,0.19090555317660174,63,0.16583747927031509,62
"(1, 22)",0.32368512977455155,64,0.13456169737576773,72,0.24985468859476345,60,0.15571975916803502,61,0.14753276371774326,52,0.2525843402600346,53,0.07164125691556844,25,0.23390261734171663,45,0.09517192548417852,43,0.2027024191687124,55,0.11853219374557755,45,0.1482277628828233,57,0.3191806674983215,71,0.10812826249067858,76,0.24594324636803977,67,0.1848562748305679,70,0.15937465338271728,53,0.2884640182411011,51,0.16651465444151126,71,0.2629496402877698,59,0.1773731811467203,70,0.21829820864067437,60,0.11476296090301574,41,0.16179926356756488,51,0.3476285320930861,64,0.12352941176470587,73,0.24779149802124956,61,0.1517178724810043,63,0.14245951289126957,52,0.25455727554179564,49,0.06520731337582641,23,0.22335028012765837,44,0.06962514553323174,40,0.1949759510692476,47,0.08364342565882277,42,0.16633569258448325,51,0.41365688913012355,71,0.07103825136612021,79,0.26777008211946574,66,0.1445409429280397,75,0.16096953614505416,55,0.25375916048932956,53,0.1704847820712223,68,0.2298055958612202,56,0.1297133263007444,49,0.21294344473007712,57,0.0763320863906587,30,0.225105702717643,44
"(28, 1)",0.47446807161657867,77,0.12562814070351758,74,0.35502314859537165,77,0.15015508118956394,64,0.20959632346250845,78,0.2455595476932315,55,0.1795639899599728,67,0.23521859921041088,44,0.23186658859229614,75,0.2025870208346447,56,0.27323873339539584,65,0.15452891917748357,55,0.5018703525037693,83,0.10141685309470544,79,0.3729339646971558,85,0.17971488665576069,73,0.1926943732405919,65,0.2825958363950083,52,0.19159195613588653,83,0.2682230215827338,56,0.2199699184740348,83,0.2270811380400421,56,0.25899040362936243,72,0.16385930069757546,50,0.4905567742812855,77,0.11687979539641943,75,0.36061847762470745,78,0.1442434753881731,65,0.19748689684054188,72,0.24643962848297213,52,0.17604073290776534,62,0.2246465673019338,43,0.21351123519907067,55,0.1962475402696405,45,0.22496274764738644,57,0.17651951049781894,45,0.6021880214136041,80,0.07103825136612021,80,0.4373260531740353,86,0.13988833746898263,76,0.21757999305818043,68,0.2522041820035676,54,0.22946630958105496,85,0.23702263110314284,55,0.24490490758124706,84,0.2210796915167095,50,0.1967265543191703,64,0.22709276440619725,43
"(28, 41)",0.16594165719130527,53,0.2814070351758794,54,0.1475463192882679,50,0.2611749680715198,37,0.241400114670704,80,0.22554296496750062,60,0.376968862360223,86,0.1406638397426524,71,0.36813068117824377,87,0.14302399585964765,71,0.4234689929472344,85,0.10551336412061371,74,0.22270246115126835,61,0.2087994034302759,66,0.1806237718791449,55,0.29656461790137884,58,0.12061983021899858,49,0.3515730698143755,37,0.13205713050836532,54,0.32038129496402884,44,0.16989216593547896,63,0.2611485774499473,48,0.32770878502273804,80,0.13754140119531497,61,0.1609552572442624,53,0.2774936061381074,54,0.151870386481058,50,0.25111496531219024,38,0.25690770066562907,82,0.21025180598555213,61,0.40076234166338076,85,0.12517985984543073,72,0.43462146756948905,88,0.1112640550343806,74,0.5029506706338627,89,0.08600234227812006,82,0.266719296095549,61,0.17486338797814208,60,0.2356602613811628,56,0.23418114143920596,60,0.13122636320182735,49,0.32439961169965814,41,0.17946127717015126,72,0.27196827543245233,47,0.27524556324178895,88,0.2043701799485861,61,0.3704082291240536,83,0.1449210404434285,68
"(28, 5)",0.17175759563573556,54,0.2766610831937465,55,0.24619251308617063,57,0.19813902572523262,44,0.10642725271936504,47,0.3361620732781504,35,0.025012260528356478,10,0.4428512940488375,20,0.011411670441957344,8,0.5076337746445381,14,0.00415677305681772,7,0.4960610391297672,11,0.1339140830428972,51,0.26994780014914244,49,0.1271744577635332,49,0.34891329749941574,45,0.17503427624167622,57,0.2971281318631836,48,0.0820195521842213,16,0.3832158273381295,31,0.0419180747527389,9,0.42535827186512115,26,0.01118744256045967,7,0.4422295276100485,16,0.185312801653579,54,0.25856777493606137,57,0.2253959263235763,57,0.20395606210769737,41,0.10420042215515146,43,0.3289308565531476,35,0.023999101439892034,11,0.4222448064254363,19,0.0061614395208947625,7,0.5122374565672814,11,0.003312823459745262,7,0.5128740431454418,16,0.266719296095549,62,0.17486338797814208,61,0.1468791136161256,49,0.3008684863523573,45,0.15603675787601423,53,0.3002596814071223,45,0.04686467175975373,12,0.4426397635851193,27,0.028645826627404336,8,0.48329048843187655,22,0.009548896474660395,8,0.5318751587408304,14
"(28, 43)",0.015193926003046587,18,0.5597431602456728,14,0.01687944795194296,20,0.48243933588761173,15,0.053236353018190075,19,0.42013548524356126,29,0.14273410837996325,51,0.2625120631671297,40,0.1983685561984566,58,0.22182007651259242,45,0.26636300663484846,64,0.15728678233550264,54,0.012802098468353673,16,0.5011185682326622,15,0.029152334342871455,15,0.5421827529796682,26,0.07506206455566877,34,0.41686605931223353,30,0.14892561432349294,63,0.30383453237410074,49,0.17981173000236383,71,0.2537723919915701,50,0.20341396170975268,66,0.18996749582133188,44,0.013464383750516395,18,0.5552429667519181,13,0.018007081723065532,20,0.4645275850677238,17,0.05418959842555249,15,0.4058472652218782,27,0.14018059943701555,52,0.25018342463515997,38,0.2642301520505267,71,0.17166454205304435,56,0.30286662767417605,71,0.14427075377225587,62,0.002083744500746554,16,0.5956284153005464,12,0.012992113515011394,12,0.5803349875930521,15,0.06771068448512452,34,0.4113295732472616,31,0.14838003754746165,57,0.2981775086794345,42,0.1315149218275029,51,0.3054884318766066,41,0.26013060939345145,73,0.19172904247531114,54
"(22, 14)",0.3800543979051896,72,0.1125069793411502,77,0.26685252250142544,66,0.1426290822842547,66,0.14301929358064425,51,0.25550122978607487,51,0.0721373031289978,26,0.2394092703611639,43,0.08164852192491989,39,0.22788023751075306,43,0.11111483422774948,44,0.17264105259428114,44,0.32957411972607187,72,0.10216256524981357,78,0.27478547428499567,77,0.16148632858144427,76,0.17015033910960398,56,0.26301407995218673,61,0.17179191093692792,74,0.25671223021582734,62,0.17592704739141507,69,0.22462065331928344,57,0.12227945226676551,46,0.17002707653593038,47,0.38137913456350303,70,0.11048593350383631,77,0.2682820251523147,68,0.13866864882722166,67,0.14439548143585457,54,0.2516676986584107,50,0.06820554916571275,24,0.22823469020032822,41,0.05920059390539323,34,0.22316390466895764,39,0.07195476657305311,38,0.20735950574537063,37,0.304450788880541,64,0.09836065573770492,74,0.31663979595911007,77,0.11693548387096774,80,0.18799724004989005,59,0.21399613921055968,67,0.18397974705396436,76,0.21879012101828568,60,0.12971146978924863,48,0.22172236503856038,49,0.08382766528519303,34,0.23804401416341717,41
"(22, 1)",0.020944645812446927,22,0.29564489112227804,51,0.04519064048936117,32,0.257799671592775,38,0.10856159479480054,48,0.28009098627451373,44,0.19888928815345652,72,0.17073548764439245,58,0.18148826169952303,54,0.17461166712126616,61,0.13999624970816804,47,0.15984385888244534,50,0.02957675492806655,24,0.22818791946308722,61,0.04282849783485698,21,0.3000701098387474,57,0.08863953183070317,40,0.3268743079250134,43,0.08758433494440421,22,0.32134532374100716,43,0.08499223318590454,27,0.2862644889357218,39,0.12776060366792918,47,0.1675599662005884,48,0.02075360828365047,24,0.29156010230179025,52,0.04475526638077287,30,0.2518995705318797,37,0.10742408647677948,45,0.27774406604747165,45,0.20686929581109115,72,0.1576725941558189,59,0.22727098701961468,60,0.1425228965530396,63,0.19924871646795905,55,0.14766535974336778,61,0.035053343350863964,33,0.20218579234972678,53,0.03228263259275277,20,0.2503101736972705,58,0.07792964773711586,39,0.28700460051492,48,0.08020098278696408,20,0.2885522627304703,43,0.12040402310559806,44,0.2272943444730077,48,0.17783407633894754,59,0.18525988675242405,57
"(2, 33)",9.999999999998899e-05,2,0.3595756560580681,36,9.999999999998899e-05,2,0.3568235723408137,26,9.999999999998899e-05,2,0.662646913207127,9,9.999999999998899e-05,1,0.8158093288492468,3,9.999999999998899e-05,1,0.8051062014365344,3,9.999999999998899e-05,1,0.8336601037003791,3,9.999999999998899e-05,2,0.30797912005965694,43,9.999999999998899e-05,2,0.4884318766066838,30,9.999999999998899e-05,2,0.6053765399627892,18,9.999999999998899e-05,1,0.8544388489208634,4,9.999999999998899e-05,1,0.8688092729188619,3,9.999999999998899e-05,1,0.8439552712896202,3,9.999999999998899e-05,2,0.36061381074168797,36,9.999999999998899e-05,2,0.35563263957713903,25,9.999999999998899e-05,2,0.679531475748194,7,9.999999999998899e-05,1,0.8198601565396393,3,9.999999999998899e-05,1,0.8066103564582425,3,9.999999999998899e-05,1,0.8362102618938505,3,9.999999999998899e-05,5,0.20765027322404372,49,9.999999999998899e-05,2,0.4522332506203474,27,9.999999999998899e-05,2,0.5695664053562345,20,9.999999999998899e-05,1,0.8500907827064642,3,9.999999999998899e-05,1,0.8577570694087403,3,9.999999999998899e-05,1,0.8381515844202411,3
"(33, 24)",0.06840084036269722,41,0.41959798994974873,29,0.11892079181869886,47,0.46816274402481295,17,0.027167757681654248,11,0.8559788281938151,3,0.003733930997664836,6,0.9999999999999999,1,0.0040658059583333905,6,1.0,1,0.0012460314128961425,6,1.0,1,0.0605705585068701,37,0.4093959731543624,25,0.06753624839424455,41,0.6422061229259173,12,0.042165099335884304,19,0.7770356982767973,9,0.01161174090965611,6,1.0,1,0.008674974725196516,6,0.9999999999999999,1,0.0024604038496712777,6,0.9999999999999999,1,0.07098438630132342,41,0.4148337595907928,28,0.11391544217447436,46,0.48067393458870167,14,0.024674715486436072,12,0.8741651186790506,3,0.0025701771167294662,6,1.0,1,0.001777454550275559,6,1.0,1,0.001048755832603332,6,1.0,1,0.09229132314769739,46,0.31693989071038253,38,0.0794650814235538,44,0.6048387096774194,12,0.040341520010033216,19,0.7566081032150291,9,0.006791345835401197,6,1.0,1,0.006115150211657205,6,0.9999999999999999,1,0.0022887037428265256,6,1.0,1
"(33, 39)",0.5895843406613634,88,0.10134003350083752,81,0.6342619009503114,91,0.11749680715197956,75,0.8135885257156938,91,0.06733898948766534,85,0.9087209722695123,91,0.028170785202514984,90,0.951195445845943,91,0.014917857367659096,91,0.9432546714477064,91,0.01574993799237011,90,0.7031185480291746,90,0.06487695749440715,84,0.7126673117153822,91,0.10095816779621407,83,0.757289455048684,91,0.08958239095149693,83,0.8401704870100923,91,0.05803597122302157,88,0.8958903584014092,91,0.03547418335089567,89,0.8987081278747611,91,0.030222101607939162,90,0.6156704660860122,87,0.09335038363171355,81,0.6300633172776131,91,0.12037495870498843,74,0.8325879804125049,91,0.06013003095975233,85,0.9025890900226878,91,0.029124980231620592,90,0.9533281459851384,91,0.01324678049509325,91,0.9625669845833702,91,0.010183817913335709,91,0.7132192119628785,84,0.0546448087431694,85,0.6638840661135584,91,0.11972704714640199,79,0.7503299231715634,91,0.08915358078224303,83,0.879531635991516,91,0.04013431282429178,89,0.8976613719920347,91,0.033419023136246784,90,0.859711118378159,91,0.04232590799754979,88
"(33, 2)",0.03639278941115398,32,0.4896705750977108,21,0.015366913837575158,18,0.7643222039773764,3,0.05229152619869759,18,0.7426436523354005,6,0.15873756749422163,56,0.45752302968270214,18,0.14266484427966042,47,0.4832742353986138,20,0.2359315294661508,57,0.34015614111755466,27,0.030404149256178736,25,0.47949291573452646,16,0.02606523234121616,14,0.798083664407572,7,0.03920903076292481,18,0.7897258717842179,8,0.09464164933510122,29,0.637410071942446,15,0.10308124884436476,38,0.5957112750263434,14,0.19401086728947914,63,0.3998754109280652,22,0.03229264479506122,31,0.50153452685422,19,0.016610652759680655,19,0.76300792864222,3,0.054609897768270854,16,0.7369102167182662,6,0.18936859739741574,66,0.40638602913535055,21,0.20406402798261636,53,0.3791465729081563,24,0.24371631558720752,61,0.3295653207053991,30,0.0173415299158326,27,0.4644808743169399,20,0.024450283679160023,15,0.7974565756823822,3,0.04167374686981562,20,0.7511301361494734,10,0.12230635817426494,44,0.5432984130119347,20,0.1257546479256999,46,0.5310668380462724,17,0.2121109828695491,68,0.3789909312297372,33
"(3, 17)",9.999999999998899e-05,3,0.11362367392518147,76,9.999999999998899e-05,3,0.030286444079547527,89,9.999999999998899e-05,3,0.008814295343514938,91,0.9999,92,0.0,92,0.9999,92,0.0,92,0.9999,92,0.0,92,9.999999999998899e-05,3,0.13273676360924683,73,9.999999999998899e-05,3,0.05585417153540547,89,9.999999999998899e-05,3,0.010371146639048485,91,0.9999,92,0.0,92,0.9999,92,0.0,92,0.9999,92,0.0,92,9.999999999998899e-05,3,0.11611253196930946,76,9.999999999998899e-05,3,0.030599603567888996,89,9.999999999998899e-05,3,0.007017543859649123,91,0.9999,92,0.0,92,0.9999,92,0.0,92,0.9999,92,0.0,92,9.999999999998899e-05,6,0.20218579234972678,54,9.999999999998899e-05,3,0.06854838709677419,85,9.999999999998899e-05,3,0.018586435700528918,91,0.9999,92,0.0,92,0.9999,92,0.0,92,0.9999,92,0.0,92
"(17, 12)",8.586912273567116e-05,1,0.14517029592406477,71,1.000088900582341e-12,1,0.05769932494070425,86,1.000088900582341e-12,1,0.04500201816146485,87,0.21689361589066114,76,0.02373446410293903,91,0.2625096499964179,79,0.024359539245924346,90,0.4518452700878184,88,0.015159389136263244,91,1.000088900582341e-12,1,0.1670395227442207,71,1.000088900582341e-12,1,0.09838747370881047,84,1.000088900582341e-12,1,0.05567301925836171,88,0.08518400000000015,20,0.03525179856115108,90,0.1551778517801139,58,0.028271865121180195,91,0.4614329284266012,89,0.014389421030882052,91,1.037746500931469e-05,1,0.14910485933503834,71,1.000088900582341e-12,1,0.05731747604889329,86,1.000088900582341e-12,1,0.04162435500515996,87,0.26151165076873195,80,0.021777624527827402,91,0.39937231952916163,86,0.016953463014238623,90,0.47275388758185455,86,0.016692974862942783,90,1.000088900582341e-12,1,0.26229508196721313,45,1.000088900582341e-12,1,0.11445409429280397,81,1.000088900582341e-12,1,0.06101513438346214,86,0.026433118749077167,8,0.03430750647633952,90,0.22282127696725285,80,0.02420951156812339,91,0.5491782964473579,89,0.012445281101997517,91
"(17, 3)",0.8734002900468147,91,0.006700167504187605,91,0.9997000299990002,92,0.0,92,0.9997000299990002,92,0.0,92,0.06360420255799215,20,0.035724521128820005,89,0.04654045532033246,16,0.04336179825573669,89,0.012591534714343933,10,0.05000177164656832,86,0.9997000299990002,92,0.0,92,0.9997000299990002,92,0.0,92,0.9997000299990002,92,0.0,92,0.175616,77,0.027697841726618707,91,0.09901257601220459,36,0.032839831401475235,90,0.011736549549247188,8,0.04892896572566966,86,0.9359806814962988,91,0.003324808184143222,91,0.9997000299990002,92,0.0,92,0.9997000299990002,92,0.0,92,0.046856526946827404,16,0.03862935779340812,89,0.018311921016780364,11,0.04736669771463631,88,0.010791869292049006,11,0.05884549450922484,86,0.9997000299990002,91,0.0,91,0.9997000299990002,92,0.0,92,0.9997000299990002,92,0.0,92,0.34611760709929296,88,0.014555620551077614,91,0.061046327004708134,16,0.037275064267352186,89,0.005938291454343769,7,0.0562801607577727,87
"(4, 31)",0.005140887174504116,9,0.22752652149637076,64,0.05154128671311953,39,0.09295748950921365,80,0.076164413037076,28,0.1467392276903683,81,0.16510067884182078,59,0.07267144319344933,84,0.25512564093641243,77,0.06352503444465425,85,0.47318311623950327,89,0.03563371797748828,88,0.0035686016470490856,11,0.23564504101416853,58,0.019246135917334595,12,0.16405702266884786,75,0.04656760137086391,23,0.10575212816256523,81,0.17589638738722635,79,0.0743381294964029,84,0.23607373564165102,86,0.06251844046364595,85,0.4376708194882488,88,0.037419896011299365,88,0.0033267864483796927,8,0.22736572890025575,63,0.05393102521320392,38,0.09126197555335315,79,0.09567827963228281,40,0.15239009287925695,77,0.16208801312168908,55,0.07514317491839874,83,0.2812558516607262,77,0.05838819710904196,86,0.44575798132198097,82,0.04441841913199925,88,3.1993985130984726e-05,3,0.3333333333333333,35,0.016824798194715718,14,0.17555831265508684,67,0.03529282247948973,17,0.1184760322280398,80,0.16215631486291504,63,0.07242104943289297,84,0.274775593987578,87,0.06341259640102827,87,0.47793212318428635,88,0.03835178462044134,89
"(4, 12)",0.566453330661565,86,0.047459519821328865,89,0.24749532083343584,58,0.055099434409779234,87,0.19121488482557902,70,0.10796666752827912,84,0.09198292363004668,35,0.08831700541014768,82,0.04893283488158495,18,0.1101529552464279,78,0.010757375964957738,8,0.1257869063507624,68,0.6080436431042251,85,0.04250559284116331,89,0.3922432826962934,86,0.060060761860247724,88,0.2624236593453184,76,0.05942685445394388,87,0.08501111283912044,18,0.09472661870503596,82,0.05572589063317879,12,0.10115911485774498,81,0.013954695439944875,9,0.1180080551152449,73,0.6156819358794059,88,0.03989769820971867,89,0.24085626630128354,59,0.05541790551701354,87,0.15977274326414403,58,0.12844788441692467,84,0.09405057065733313,38,0.0900919586121431,81,0.04099585647537596,19,0.11094615773428236,75,0.013161991821004637,15,0.1437106437870224,63,0.9077533423716342,90,0.01092896174863388,90,0.4114294008414099,85,0.06048387096774194,89,0.30344232679335525,82,0.05783187128332374,87,0.09400306944671288,31,0.08685511991673821,83,0.04283135944813865,10,0.11782776349614393,81,0.010381983770857195,9,0.13745088371954042,71
"(31, 4)",0.5885738233497665,87,0.05918481295365718,88,0.29607262018875957,72,0.06043605181536216,85,0.2487667800530079,81,0.118371632006649,83,0.13209099978403682,49,0.10181605497879806,79,0.06368384632973545,27,0.1279872432387067,76,0.020459495913092818,20,0.1354364746595486,62,0.6518850066829202,89,0.048471290082028336,85,0.48753698272167445,90,0.06917504089740593,86,0.3617778700089255,87,0.07109362687205643,85,0.13624378977404772,58,0.1099496402877698,81,0.08561348757939713,29,0.11766596417281347,80,0.02576575691597538,15,0.13096038437579025,67,0.594390612221928,86,0.05728900255754475,88,0.2818039570939721,71,0.06091014205483977,85,0.20548833651478793,76,0.13739318885448915,82,0.12936388525005937,49,0.1039207501873135,78,0.05146604002268462,29,0.12631013424802984,68,0.023421971575170453,21,0.1510599657144797,59,0.8683134321331872,89,0.02185792349726776,88,0.4985270161349008,88,0.07258064516129033,84,0.40247530546501875,87,0.06805030133261655,84,0.12792407056220956,49,0.10521677694802975,81,0.06031380863661806,15,0.13646529562982007,79,0.019712709753220592,13,0.15339219816831756,66
"(31, 29)",0.004248040446797496,8,0.3062534896705751,50,0.037092998302378444,27,0.12078087940156905,74,0.051096622091890365,17,0.20062314463357941,67,0.11816742862627372,43,0.10566749524784325,78,0.21671330406115075,67,0.08509053523845492,82,0.3834407105680163,78,0.05098798823626679,85,0.0023486239894171534,9,0.31618195376584635,40,0.009656744311088095,8,0.2556672119654125,62,0.023751822714239812,11,0.17622966757885816,74,0.11439248941075675,38,0.11654676258992806,80,0.17492238224356016,67,0.09272918861959957,82,0.3498702090473699,83,0.05489320496135888,85,0.0040351693181330806,9,0.3025575447570332,50,0.04084433577028512,27,0.11595639246778988,76,0.06886822345239174,23,0.19779772961816303,64,0.12073537426119363,43,0.10633962205451147,77,0.24770965859395289,66,0.07481077163211652,82,0.3638179659876928,75,0.06054279749478079,85,9.719014188247499e-05,4,0.453551912568306,22,0.008879985196448503,11,0.27791563275434245,50,0.01791828860548872,10,0.19200430062621207,71,0.12212083109669003,43,0.10685770285566691,80,0.22456935484437968,81,0.08804627249357326,83,0.3887999708476446,84,0.05677319110154931,86
"(12, 17)",0.6761152585426933,90,0.025404801786711336,90,0.4526224326858468,82,0.02440248129903302,90,0.5402898419161308,89,0.030753599386001716,90,0.14282449630142935,52,0.06248281912560315,86,0.0657120480547635,32,0.08648930292412384,81,0.0164315144232845,16,0.0952791524442817,75,0.745092763898469,91,0.020134228187919462,90,0.46425849503431404,88,0.040663706473475114,90,0.3625595126578943,88,0.03670735027130364,89,0.11775843384885576,41,0.0683453237410072,85,0.07227790898583897,21,0.07551633298208639,84,0.017994205337242275,11,0.09436697032683045,81,0.7431330747351821,90,0.019181585677749358,90,0.4539621860818488,80,0.023827221671622066,90,0.5569907026894568,89,0.03040866873065015,89,0.14757840885321727,54,0.06408066017313212,86,0.05416719620128241,33,0.09070563663702803,79,0.020512998446996944,19,0.11032469406113685,73,0.9997000299990002,92,0.0,92,0.5632952536394782,89,0.032568238213399506,90,0.4057005793105768,88,0.035173613347935326,89,0.14519031672710825,56,0.056338456162208575,87,0.055285606306014534,13,0.08354755784061696,84,0.010439640689986263,10,0.10507522447820955,82
"(12, 4)",0.001829807360879565,7,0.18230039084310443,67,0.012520276551711174,15,0.08068783068783068,83,0.006386100312288034,8,0.1350080428208131,82,0.10872384457656481,41,0.06843105717210118,85,0.21220419370053234,62,0.05851394921074533,87,0.41477796995424976,82,0.03248018708587762,89,0.000815450802025719,8,0.1953765846383296,70,0.011494355122387945,9,0.13951857910726806,80,0.023624933692959038,10,0.09121983269438992,82,0.13253252249045067,55,0.06570503597122303,86,0.19861313203368325,75,0.053914646996838775,88,0.4018720935915636,86,0.033509526129782335,89,0.0008364588624545366,7,0.18439897698209717,67,0.012398256128663188,16,0.0791212421539478,83,0.005566128232176393,8,0.1411764705882353,81,0.10485056839976625,39,0.07181430945485939,84,0.24021728412679666,61,0.05520922410805965,87,0.38306366894790367,77,0.04158392314612081,89,1.000088900582341e-12,2,0.3442622950819672,34,0.005279781631926106,8,0.15446650124069478,73,0.017517255963232836,9,0.10026056996625696,82,0.10677400284830552,37,0.06241595952382762,85,0.23723140049670666,83,0.05141388174807199,88,0.4771932852359396,87,0.02938759655177566,90
"(5, 15)",0.3757705310186975,70,0.2573981016192072,59,0.36859439579329967,78,0.19056741470534572,49,0.1823546562190752,65,0.325556286821505,40,0.06419063856466001,21,0.4269132914168738,23,0.03818890884522241,14,0.4972619122553031,17,0.018574969250530815,18,0.4683052428927445,15,0.30536194951771556,70,0.2774049217002237,48,0.23186637272809763,61,0.36690815611124095,41,0.2232000775845402,71,0.2987655736060766,47,0.11048532508452624,36,0.37134532374100715,32,0.06580553765730135,15,0.4046364594309799,28,0.038252990706258316,21,0.4159116281077881,19,0.39552539538573284,72,0.24092071611253194,61,0.3509829683260226,77,0.19437561942517342,45,0.17424769724500155,65,0.3164767801857585,39,0.06241742234617076,22,0.40621491922834624,22,0.02258350179659052,15,0.49750927465373035,15,0.015300303464697462,16,0.4865658468693245,17,0.4365902661035713,73,0.1912568306010929,56,0.27588515139602554,70,0.3107940446650124,44,0.21210421911645638,65,0.3029986649399001,43,0.08163433521904762,22,0.428843830954244,28,0.08087759973102027,20,0.4607969151670951,25,0.02851210625298717,15,0.5094646885691662,16
"(5, 28)",0.02157355810823669,24,0.6672250139586823,12,0.02266634254066946,22,0.4828042328042328,14,0.08114169661677151,33,0.42643254668116826,27,0.21557177172647013,75,0.2850796900131598,35,0.29175912384580016,83,0.2524775672632411,39,0.39733219922976737,80,0.16870209172404835,47,0.034838355572543556,27,0.5719612229679344,12,0.05735821797918428,36,0.5844823556905819,18,0.060886768033076355,28,0.46066762593462107,27,0.14073327232586685,60,0.342568345323741,36,0.2120001025571966,80,0.273972602739726,42,0.2915107568536599,75,0.21135117465290842,40,0.01881079011879294,22,0.6649616368286444,11,0.02557095154899447,22,0.46539478031053844,16,0.0860337307883795,34,0.4004127966976264,28,0.21961049190724002,75,0.2670792316646661,35,0.3691270284083533,81,0.19603772805157565,46,0.4248245955283556,81,0.1606836736425819,55,0.014063717249579666,24,0.6010928961748634,11,0.04251122180523359,27,0.5797146401985112,17,0.06575782561780352,33,0.4476871916422128,27,0.18151242703360815,74,0.32856502548752975,38,0.18280864343493253,74,0.3511182519280205,39,0.3349798321411628,81,0.224104701716642,45
"(15, 5)",0.02032751514430342,21,0.6864879955332217,10,0.025391226375545473,23,0.458128078817734,19,0.08698076554840295,37,0.4094640836851032,31,0.23663027790979252,82,0.2698230735487644,38,0.29954182387761663,84,0.24396606589594572,42,0.36698193295443404,76,0.1728359337167964,43,0.036855631464501215,29,0.6085011185682326,10,0.06987164884035879,42,0.578639869128301,19,0.0746892702985622,33,0.4369247206626727,28,0.14510497497903496,61,0.330453237410072,39,0.20469735967008118,77,0.2679978925184405,45,0.26214552540459546,73,0.2146385991747516,38,0.01797328975908785,21,0.679539641943734,10,0.028418507104549295,23,0.44003964321110006,19,0.09185419597566336,38,0.3833498452012384,31,0.2407579255738762,77,0.253294513853421,37,0.3751234503005021,84,0.1903155766498075,49,0.39917167845918544,79,0.16605563759186653,52,0.02239695956618437,29,0.5846994535519126,13,0.05752337362970261,42,0.5614143920595533,19,0.08123327801128499,41,0.42599079897015996,30,0.17532815740571528,70,0.3278053375673273,40,0.16779215304518513,69,0.3577570694087403,38,0.3034601549313066,76,0.23505595147386193,42
"(15, 8)",0.3843746843107728,73,0.25767727526521494,58,0.35201671590286376,76,0.19070425104907862,48,0.17274159011814127,61,0.3257551204633619,38,0.05551375603131503,15,0.4374908612370229,21,0.03623446764804428,13,0.49329640586643164,18,0.02291885629495649,21,0.4356301746843516,19,0.2970237009546739,69,0.30350484712900816,44,0.20342561307985152,56,0.40523486795980374,38,0.19397068047217825,66,0.3178683783391019,46,0.10684356283856655,35,0.3659496402877698,33,0.0692510593493676,19,0.3846153846153846,30,0.04665551735505269,23,0.3815817877915045,24,0.4020380528335047,73,0.24117647058823527,60,0.3354643203767709,76,0.19326065411298313,46,0.16529096291183776,61,0.31517027863777086,40,0.053967300458986345,20,0.4169741027748324,20,0.02167005656361365,12,0.4923180117431263,16,0.01833764074794042,17,0.4636522565643192,19,0.370333097638446,67,0.22950819672131148,46,0.2314479225967021,55,0.3529776674937965,37,0.18219763159916702,57,0.3254347830916082,40,0.08536191964551343,24,0.4166888242310059,29,0.09018227792003852,24,0.44001928020565545,31,0.03528857478234526,21,0.4815711233621681,20
"(6, 14)",0.009846003772446266,16,0.3397543271915131,41,0.0457606758584318,33,0.24826673964604998,39,0.09501398837180564,38,0.2705469714653841,48,0.16673709150023042,62,0.17609592045620706,55,0.1726072259507716,52,0.15876013232342304,65,0.09470154393835528,41,0.16240093542938808,49,0.011931562301941923,15,0.25428784489187173,54,0.0498414281704016,26,0.26688478616499184,61,0.1055181650940995,47,0.2955582345921849,49,0.07795159880822178,13,0.30323741007194244,50,0.07446556063347343,22,0.25342465753424653,51,0.07830559248870539,32,0.15563148772920996,53,0.0093720807581672,15,0.3427109974424552,40,0.046308761218661676,32,0.24475553353154936,39,0.08821533496713063,36,0.2672858617131063,47,0.16902722309794915,59,0.16359144139356058,56,0.19645215956264928,51,0.1344705579415514,66,0.13737624954672056,46,0.15841777415686475,56,0.009218388103789832,21,0.2677595628415301,44,0.02571809641571865,17,0.23107940446650124,61,0.09860376693097539,46,0.2447247354870526,57,0.06044483783971033,14,0.25461700333502996,53,0.10638621820194927,38,0.19173521850899744,66,0.12124477480790152,46,0.17380066633797978,59
"(6, 30)",0.48497291144847765,78,0.0926856504745952,82,0.26500228821571437,65,0.13825031928480203,68,0.16071176315999292,60,0.2270680190005428,59,0.09088299834617575,32,0.21557537651703468,51,0.08706585751182327,41,0.19943979354188962,58,0.16115621302312977,52,0.13602702351565546,61,0.45919413127517583,81,0.07531692766592095,83,0.2524200532663893,70,0.15541014255667213,79,0.14674330258153434,50,0.264788657441047,59,0.18795776248259233,82,0.226136690647482,65,0.19439408272340564,74,0.18405163329820862,70,0.18732290952434472,61,0.11636742674224247,74,0.49147489364947106,79,0.09156010230179028,82,0.26324571974645494,66,0.13714073339940533,68,0.17080742679979755,63,0.21444788441692467,59,0.0893702816204307,35,0.20230894671481942,52,0.07338906517402455,41,0.1867106212666936,51,0.11339032730526621,45,0.16888164706281716,50,0.49364321439360903,76,0.07103825136612021,81,0.35014171639234837,81,0.0967741935483871,83,0.15573085455190383,52,0.2101442353615436,69,0.22425496132708267,82,0.16447243472381545,72,0.14566737737059254,56,0.17266709511568124,72,0.12883197407982805,47,0.17031957330464792,60
"(14, 6)",0.4132621281606512,76,0.11781127861529872,75,0.2505678646642344,61,0.1554004743659916,62,0.1499848671761973,55,0.25795284859017004,50,0.07718525403084597,28,0.23282936101769267,46,0.06347484814297166,26,0.2172740815341684,49,0.11050257037518407,43,0.1499994094511439,56,0.34391765706464383,73,0.10738255033557047,77,0.2418383043768837,64,0.18438887590558542,71,0.1552686635892131,52,0.2791162726913607,54,0.16349037851676784,68,0.24556115107913667,64,0.1578021895358368,59,0.20284510010537407,63,0.12041802929877721,44,0.1430923994498344,57,0.4161033503653041,75,0.11790281329923273,74,0.25157873455651014,63,0.1520482325735051,62,0.15418199252429698,56,0.2488482972136223,51,0.0733929207481383,25,0.2199384522849654,45,0.045958512649380445,24,0.2069511423639479,42,0.0800041056131362,41,0.1782168134833749,44,0.25403703703703706,59,0.12021857923497267,70,0.296992917397672,75,0.13182382133995038,77,0.1625376898752694,56,0.22539857430686835,64,0.16972300265161466,67,0.19587033646577984,68,0.11553872061886772,41,0.19516066838046273,65,0.09620646866569715,38,0.20020020020020018,51
"(14, 22)",0.016608516306830134,19,0.34394193188163036,39,0.05047367834812222,37,0.2650976099251961,35,0.10295634717432833,43,0.2924186720696395,42,0.18934369073078283,69,0.1726363503436175,56,0.21718700608450714,68,0.14418846995796702,70,0.1407130100353049,49,0.13838921894008294,59,0.026831950691201034,22,0.2513049962714392,55,0.053570207010355975,32,0.3047440990885721,56,0.09894529905809224,44,0.32435060083877953,44,0.09308112892197995,27,0.2962805755395683,54,0.09709097360180896,35,0.23849315068493152,54,0.1296967519145633,49,0.13959527054948714,59,0.016278136239500696,19,0.34731457800511506,38,0.05012757175680671,35,0.2603237528906508,34,0.09975408670030539,42,0.28771929824561404,42,0.1964447266400995,71,0.1584062926964588,57,0.2643657287504846,72,0.11550162604469,71,0.1843226839962233,52,0.13493558735169814,67,0.049296296296296394,36,0.20765027322404372,50,0.03686329047009762,22,0.2642679900744417,54,0.09373837625067938,42,0.27078839630625967,51,0.08891672496116676,27,0.24297098751832746,54,0.13496418615767292,53,0.18530848329048843,71,0.15903181028195623,53,0.1693185723036469,61
"(30, 6)",0.009330806239976619,15,0.3224455611390285,46,0.06973026697721973,41,0.19946177704798393,43,0.14798628636390543,53,0.2060572680655276,63,0.22391564557569887,80,0.14173417166252375,70,0.21802233554283712,69,0.13439709615828455,75,0.15483790164886768,51,0.11338538037251822,71,0.018852926702643158,18,0.2117822520507084,63,0.08469129171299072,44,0.2035522318298668,68,0.15982993933558776,54,0.22583187157544413,71,0.09635291581421035,30,0.26487050359712233,57,0.09369138143119893,34,0.22075869336143308,59,0.10166642650646307,39,0.12849327404044827,68,0.009079572580944939,14,0.3240409207161125,43,0.06942936901018193,41,0.19978526593987445,43,0.14601848503831516,55,0.1966295149638803,65,0.22663559503565023,76,0.13153166699938038,71,0.25361925871452407,70,0.10893386782466057,76,0.22425561090082913,56,0.10580138160463023,75,0.01656225735199901,26,0.20765027322404372,51,0.04875430001292069,34,0.17028535980148884,68,0.1473534316533589,51,0.18778364473628678,72,0.07260268828547112,17,0.22676684418041068,58,0.16155399427685235,67,0.14096401028277636,78,0.17378900360986294,56,0.12699266430609715,78
"(30, 36)",0.4920542353112699,79,0.08598548297040759,83,0.20371421234068054,55,0.13952745849297574,67,0.10452644229311958,45,0.23137674401958114,57,0.06058660441515973,17,0.21913437637081445,49,0.06310814987017355,25,0.20317100634341145,54,0.09926492891285443,42,0.1314975137893158,65,0.3952047220764766,78,0.07680835197613721,81,0.17641686403234424,54,0.15938303341902316,78,0.09563765463450313,42,0.26799599645493866,58,0.15882726276331116,66,0.22422302158273383,66,0.1626055384559505,60,0.18369863013698629,71,0.15165565335015674,55,0.11245705686072546,78,0.495628017654858,80,0.08542199488491048,84,0.20433064057988726,55,0.13941195903534853,66,0.10610195550257151,44,0.2187141382868937,57,0.05946037194553777,21,0.20546151712265728,50,0.04943653686876226,25,0.18787730435805408,50,0.06044456679631227,36,0.1637897381061493,53,0.41365688913012355,72,0.07103825136612021,82,0.2556634887538273,63,0.09801488833746898,82,0.10502989252764416,47,0.21021976288799493,68,0.19797759125609682,80,0.16231492103044068,74,0.09442297393612964,26,0.16859897172236504,75,0.0863208448612538,37,0.16035438423498125,64
"(7, 41)",0.11235247662116599,46,0.37632607481853714,33,0.06388975754379511,40,0.6195037401933954,7,0.07075925019485318,24,0.8347692436169429,5,0.0733319962882979,27,0.7137476239216259,4,0.10048128746284157,44,0.6388871404292819,8,0.16165211760102238,53,0.4496084661084011,17,0.133681211093291,50,0.3542132736763609,32,0.09959370486464492,46,0.6394017293760225,14,0.07634927406838932,35,0.8803296170228444,5,0.08851077196979551,24,0.8353741007194245,6,0.09958902602746622,37,0.7348050579557428,7,0.1351001347086952,51,0.48067327441051483,12,0.11045609785592758,46,0.378772378516624,32,0.06353252896853867,40,0.6151717872481004,6,0.06847995368317916,22,0.8438947368421053,5,0.07592065331909248,30,0.6761433901020697,4,0.11419712919748748,45,0.5827057510800561,7,0.13891352469815255,47,0.5179659521021096,15,0.12256500418670324,48,0.4207650273224044,25,0.09664699327883342,47,0.5800248138957816,16,0.07512613499268561,38,0.8711589254654384,5,0.09331249763638771,30,0.775641366526631,4,0.10744884351837114,39,0.6625964010282775,8,0.1129524622730167,45,0.573215006050827,7
"(7, 19)",0.13856274989214634,51,0.3509212730318258,37,0.21624828315529532,56,0.4126071884692574,23,0.20162877901476428,74,0.5888120286399977,14,0.19656223152968166,71,0.5138178096212896,9,0.15321425015247248,48,0.5550764776232139,11,0.0943544115614886,40,0.5379900079133547,8,0.11670300371136277,49,0.3706189410887397,29,0.1543966065540403,52,0.5524655293292826,25,0.19087388899887303,64,0.6486316104034862,15,0.1703493898328493,72,0.6715827338129496,14,0.15440287396036134,57,0.6348788198103266,10,0.11541623607254681,43,0.5065779329316056,9,0.14076762200817805,51,0.3493606138107417,37,0.21705609769937007,56,0.4084489593657086,22,0.20629563028270748,77,0.5843137254901961,13,0.1916659923836217,68,0.49656613527534443,9,0.13646354016988316,47,0.549113543378676,10,0.11204799553899636,44,0.5564353242697353,10,0.1274670347726714,49,0.41530054644808745,27,0.1584176688225042,50,0.49193548387096775,23,0.1931480482028154,60,0.6359128945480234,16,0.16315407287199657,64,0.6438355123715178,13,0.14436533265320173,55,0.6004755784061696,11,0.13787511356085735,48,0.5363572527751632,12
"(41, 28)",0.3848931352635939,74,0.10496929089893914,80,0.4384408209411883,79,0.12899106002554278,70,0.34777098300781906,86,0.1868380082436428,71,0.21745232362433842,77,0.21533265097236437,52,0.2782515496244994,81,0.173796884944364,62,0.28536050138392044,69,0.13248373037901423,64,0.6204580872374592,87,0.04548844146159582,86,0.4827073504898768,89,0.11591493339565319,82,0.274559678102295,78,0.2604903728659529,63,0.24392199089030653,87,0.270863309352518,55,0.23580244563964314,85,0.2427081138040042,53,0.24325286693118808,70,0.1599489308160584,52,0.42079312407660063,76,0.09590792838874679,79,0.4587768665675578,82,0.12074661380905186,72,0.34929590421341117,86,0.18575851393188855,70,0.21418495710444263,74,0.2053759621691551,51,0.2476252745013664,65,0.16901645754322608,58,0.2367685127126804,59,0.158137719164248,57,0.5549289573066434,78,0.04918032786885246,86,0.6106978146413875,90,0.06854838709677419,86,0.2848730517914049,79,0.2456866007503882,56,0.22964646925968468,86,0.2566453700819703,51,0.23204938218789906,82,0.21872750642673522,52,0.1714292124102328,55,0.224104701716642,46
"(41, 7)",0.07200649504488754,42,0.24706867671691793,61,0.18328093860960726,52,0.24416164933406312,40,0.3182183010572839,85,0.2008219782754363,66,0.4253488630504111,89,0.12867378271677143,74,0.4837082106529982,90,0.10408929732905309,79,0.3634286254006398,75,0.10945232499084648,73,0.08170641478024154,43,0.19686800894854584,69,0.14535829916618725,50,0.2736620705772377,59,0.18863482221416206,62,0.32435060083877953,45,0.20070910433434463,84,0.3026402877697842,52,0.23239246477405806,84,0.24481559536354056,52,0.30061443303014,77,0.13877495636298595,60,0.07441297207265296,43,0.24450127877237848,59,0.19313658858077365,54,0.23451437066402378,40,0.3423862180716879,85,0.18892260061919502,68,0.43908242088303573,88,0.11753176551720562,75,0.5180776376843554,90,0.08551437372642394,80,0.46508316530985927,84,0.0896770032418487,79,0.08962412471226378,44,0.16939890710382513,63,0.1790072396399468,52,0.21246898263027295,62,0.20776375767880084,64,0.2983337294826142,46,0.22733031285910155,83,0.2581647459223751,50,0.2737018305149366,86,0.19708868894601542,64,0.3328416538348685,80,0.14891010413398473,67
"(41, 43)",0.06734305833632237,40,0.2518146286990508,60,0.016452570600961947,19,0.47532384601350114,16,0.009627531991833305,9,0.5935184209427498,13,0.013091443979738382,7,0.4747770141833601,15,0.006125696894852206,7,0.4920165334340446,19,0.010907278948035781,9,0.3553155302538179,24,0.026856090478769246,23,0.25727069351230425,53,0.019627543642772083,13,0.46552932928254265,31,0.03499779027458472,14,0.5586419058184446,22,0.038229322206897565,9,0.5281798561151079,20,0.03254695419468767,8,0.47962592202318227,21,0.020585669556963504,13,0.35074290859972984,28,0.05718084552834968,38,0.26291560102301786,56,0.013795291837594537,18,0.48149983481995373,13,0.008204545396694685,9,0.6044726522187822,10,0.012608662782273239,8,0.4514553416105591,15,0.0066424361067948245,8,0.4393340687357542,22,0.009291860005410824,9,0.38387901624318954,24,0.02936803318571457,32,0.22404371584699453,47,0.008463136635156854,9,0.4488213399503722,28,0.028760551645001797,13,0.5622357924947853,21,0.03495066940348546,9,0.49201947839827403,22,0.02591845245217339,7,0.44751928020565546,29,0.029634278739702147,16,0.38097799291829143,32
"(19, 34)",0.18952066129901834,55,0.3249581239530988,44,0.2525667814890554,62,0.3431399379675242,28,0.14907484950594285,54,0.6049851570686354,12,0.09169987359765086,33,0.582880538090364,7,0.06369962142579699,28,0.6480945287201975,6,0.04050565819907015,27,0.6529521537316783,4,0.14566188083486376,53,0.3512304250559284,33,0.15406511788091737,51,0.5723299836410376,21,0.15183016669345717,51,0.7291405272971773,12,0.11666742887877324,40,0.7793741007194245,9,0.08804120058898146,31,0.7727397260273972,4,0.058369592154238426,26,0.6494667957787742,4,0.1968342500106195,56,0.3168797953964194,47,0.25036522330608335,62,0.33263131813676905,28,0.14301098003169121,53,0.587890608875129,12,0.08492159298466762,33,0.5604290192031982,6,0.049788401971177065,27,0.6339921225049036,5,0.036534868865276016,25,0.7069266934840538,5,0.14775266396254383,51,0.40437158469945356,29,0.17535479627486283,51,0.49162531017369726,24,0.15702695097759056,54,0.7126244260463339,12,0.10243524319166497,36,0.753352122947893,6,0.07398041314836579,18,0.7384318766066837,4,0.06447960033717914,27,0.7201231081828097,4
"(19, 7)",0.07708803028445699,44,0.4385817978782803,26,0.049791700728445076,36,0.5895821930304689,8,0.10366755749190482,44,0.6828603412382961,8,0.1655195082737455,61,0.47872495978944285,13,0.2166776192686405,66,0.4309358455200968,26,0.2830365878687128,68,0.34153802544084466,25,0.1063906759545652,47,0.39000745712155105,27,0.09984156258277566,47,0.6613694788501987,10,0.1015328640229004,45,0.8337996630963614,6,0.13372016533338038,56,0.7447266187050361,10,0.17107826401766646,64,0.6192465753424656,11,0.2293241671800481,68,0.41159418502093964,20,0.07319118127953317,42,0.4406649616368286,24,0.05054336314094199,36,0.567021803766105,8,0.10856851297424552,46,0.6444437564499483,9,0.17604183692759978,63,0.43952949960722504,16,0.25257652042956047,68,0.3689738593050129,25,0.2983187002258866,70,0.3510616630174652,26,0.10471193906394838,47,0.453551912568306,23,0.08534543520661875,46,0.625,10,0.09765378439350536,44,0.8348768345969385,6,0.15065666003451617,58,0.6624478664164761,12,0.19531734268540757,78,0.5342802056555269,16,0.2149253706653168,69,0.48207909401939253,19
"(8, 35)",0.254324383434151,60,0.3604131769960916,35,0.29032088642909404,71,0.1804871373836891,51,0.37593703992309235,87,0.1896872943314517,69,0.41165900109903286,88,0.143050153531218,68,0.46235425427290844,89,0.15526321310925073,67,0.5621190362653656,90,0.11023775496946864,72,0.2699748924847335,65,0.3228933631618195,38,0.2617746952834684,72,0.3381631222248189,48,0.2834090489588833,81,0.2289020748433685,70,0.38574347971713374,89,0.18393525179856116,76,0.47751272047063653,89,0.14892518440463642,77,0.5260579053703002,90,0.12232549820209335,71,0.23654099676191231,59,0.36982097186700763,33,0.28397829315701095,72,0.17922035018169805,51,0.3623146778764885,87,0.18747781217750256,69,0.4066749335257118,86,0.13477238493506896,69,0.4815939940649935,89,0.13192737954076555,67,0.5159835834294584,90,0.1360727803520206,66,0.13827512087295457,50,0.3551912568306011,32,0.24907009391745016,61,0.2869106699751861,48,0.29277543156267616,80,0.2214733643292378,65,0.4691074185076931,89,0.16345445291074423,73,0.3991149564389389,90,0.20929948586118252,58,0.5519327177527155,90,0.1240046016165419,79
"(8, 32)",0.5356654431450576,84,0.17308766052484645,69,0.32154540928701436,75,0.1667578908958219,58,0.12859370482010357,50,0.36936729146824726,34,0.1301571409869665,48,0.3035531510454745,30,0.10813464625345248,45,0.4050586433352216,28,0.05597600057960239,36,0.47106310605076357,14,0.43710371656782054,80,0.21103653989560028,64,0.17506425580260376,53,0.4276700163589624,36,0.10787686368914762,48,0.37838617835424826,34,0.0784143305456948,14,0.4407697841726618,26,0.06853563376834348,17,0.47277660695468915,23,0.04216745143619127,22,0.5076079514966108,8,0.51994681177032,82,0.17723785166240408,68,0.29136901627907075,73,0.17587545424512718,55,0.11050977913847237,49,0.3748875128998968,32,0.126503391076779,48,0.28574576697423243,30,0.11009251063170411,44,0.35985974371119667,26,0.0686126055377021,37,0.4797766349271007,18,0.5597787746115787,79,0.11475409836065574,71,0.18217815599012654,53,0.34398263027295284,39,0.14075348413819666,50,0.3361730202347129,38,0.12948150117959512,51,0.4038956796547979,31,0.10425145499873079,32,0.46979434447300766,23,0.04676466680047575,23,0.539838345808495,10
"(8, 15)",0.04670591765204479,35,0.7191513121161363,8,0.028521802243971384,24,0.4439883232986681,20,0.11184998613683406,49,0.3907737213505576,32,0.1899554100855103,70,0.253738850709168,42,0.2791725666402427,82,0.24793157228481708,40,0.3792133108165333,77,0.18051306884618565,40,0.048876856340668184,34,0.662938105891126,7,0.09000090306543196,45,0.5648516008413181,23,0.09461032353031618,41,0.39714921392562336,31,0.17520292363259238,76,0.31846762589928057,46,0.25697269601929795,87,0.26220231822971546,47,0.2910376704086415,74,0.22553705908112476,37,0.04446819988805406,35,0.7132992327365728,8,0.03050268647563359,24,0.4274859596960687,20,0.12003039721320619,50,0.3628482972136223,33,0.19101431870712793,67,0.2353201958949178,40,0.3258984362019507,79,0.19699141995187033,44,0.40864414408759075,80,0.18105130946925332,43,0.00424883733015935,18,0.7814207650273224,4,0.05236416717236614,37,0.5477667493796526,21,0.09799473571457451,45,0.3885980091832587,34,0.19368657585118232,79,0.33337385002241077,36,0.18065428311686293,73,0.3691131105398457,35,0.27138789345096304,74,0.25896045299030374,38
"(8, 42)",0.03421419808141335,31,0.7761027359017308,6,0.09093542156578227,45,0.32320744389709904,30,0.05069930395205513,15,0.5044409493908731,21,0.022895815335833847,9,0.5009007164790173,11,0.0139554513684097,9,0.679682199981816,4,0.014450824333349432,13,0.6336589226026669,5,0.04044677814449027,30,0.6957494407158836,6,0.07127067239959839,43,0.6099555971021267,16,0.10356646961794591,46,0.38425436020034104,33,0.050304962374981166,10,0.5025179856115108,22,0.026330865062036746,7,0.6022128556375131,12,0.032590199829587885,20,0.5396803858560565,6,0.041317976467473816,33,0.7265984654731458,7,0.09905686775501854,45,0.3062851007598282,30,0.05828452181980892,17,0.4634324045407636,21,0.024000706360122304,12,0.46152230780598213,14,0.009936390804364814,9,0.6422574523074576,4,0.011474445048227477,13,0.7117385474481048,4,0.36950548395622784,66,0.1912568306010929,57,0.12136964199260225,48,0.4143920595533499,31,0.07269535903520097,36,0.4298404814213392,29,0.01832987561001187,7,0.6940964651721073,9,0.03360227694215934,9,0.6538174807197943,9,0.029926688286083913,17,0.6006006006006006,6
"(35, 40)",0.13393217017803394,49,0.36320491345616973,34,0.07585504302144641,43,0.18007662835249041,52,0.0768307663758877,29,0.2144758844617474,62,0.12061595950681125,44,0.1584529902032461,63,0.1646536826604803,51,0.16866690445717322,64,0.20497551960933236,56,0.11358616698359454,70,0.11120950243327155,48,0.3646532438478747,31,0.04814407763791895,25,0.35802757653657397,42,0.030552037485099603,13,0.2535312454586577,65,0.08109235311245111,15,0.19544604316546765,70,0.13697349096113887,53,0.1594625922023182,74,0.1149776350682794,42,0.12294227578592884,70,0.12723836022456458,49,0.3641943734015345,35,0.07845714543071391,43,0.17851833498513378,52,0.07206871523868164,26,0.2134158926728586,60,0.12630356656827924,46,0.14916117256952635,63,0.1786792655674252,50,0.14453836543566234,62,0.18867733614211524,54,0.13777008333757657,64,0.01749811532771972,28,0.4207650273224044,26,0.0529638446073597,38,0.31203473945409427,43,0.04520719539134288,22,0.24005980002976673,59,0.14405218062274672,54,0.172950551913274,71,0.10572388269695965,36,0.2204370179948586,51,0.15668711831842685,52,0.13794391406331705,70
"(35, 8)",0.11647406375860547,48,0.3805136795086544,32,0.19178769851944721,53,0.13218390804597702,69,0.18999019560450847,69,0.1586036310999676,78,0.1294890052881137,47,0.1547477701418336,64,0.09228618125413202,42,0.2045697740290804,53,0.06911615523363246,37,0.1631922708965713,48,0.13988587668961394,52,0.3378076062639821,36,0.25751755965085277,71,0.20472072914232298,67,0.32478447981913594,85,0.11530455393016718,80,0.182439346540183,81,0.14915827338129495,79,0.11374543937430892,42,0.16965226554267648,72,0.1355884897855839,52,0.11636742674224247,75,0.12278804621531758,48,0.36854219948849104,34,0.18705213543378807,52,0.13363065741658406,69,0.19902422099063077,73,0.1521155830753354,78,0.12370543375189125,45,0.1501982023089467,62,0.08331759208718004,42,0.18639272396659537,52,0.0775526143899894,39,0.1852945669331432,42,0.40585617461310886,70,0.14754098360655737,68,0.24350468471907039,59,0.18765508684863524,65,0.26679844796617336,77,0.13283959064080664,78,0.10770642152519128,39,0.19055252102436318,69,0.146487311934687,58,0.19773136246786632,63,0.09790176773934034,40,0.16135538523598225,63
"(32, 10)",0.5111620296263075,82,0.12814070351758794,73,0.2858520471493081,70,0.14399744572158366,65,0.23009597339376142,79,0.27637876218104596,45,0.10826077865310235,40,0.23005117707267145,48,0.06847354282846407,33,0.30236461677262333,34,0.023761977045127836,22,0.33858528116031034,28,0.47883737727183917,82,0.15809097688292317,72,0.24112397205796,63,0.34564150502453844,46,0.29541896391129463,84,0.25394060589438094,64,0.21600000000000008,85,0.3,53,0.10314259224311506,39,0.32911485774499477,36,0.030997977802520227,18,0.36225197831410016,26,0.49113095645521854,78,0.1322250639386189,72,0.2580849935992948,65,0.15109844730756525,64,0.21327391882465974,79,0.2861362229102167,43,0.11781949155629123,42,0.21881327501769432,46,0.06749016034985433,39,0.2638547590815311,35,0.02777057124593052,22,0.3425751480896855,29,0.711207155853975,83,0.08743169398907104,77,0.3324517250247634,80,0.2655086848635236,53,0.35552811668090256,85,0.2156244238249361,66,0.16729304094153674,66,0.26804068888500604,48,0.10467157956076778,34,0.3273393316195372,40,0.043277330624303834,22,0.38197899391929246,31
"(32, 8)",0.008052516244290153,12,0.5111669458403126,19,0.039742730598150144,28,0.2779602262360883,33,0.058060507040476494,20,0.437368396983296,25,0.1433814374867417,53,0.20948384266705658,53,0.20630900311050904,61,0.2093465656756398,50,0.36171548773935536,74,0.13661757237176234,60,0.01031171050944768,13,0.5682326621923937,13,0.053832408060543235,33,0.5697592895536341,22,0.03725702107693496,15,0.5063788589896575,23,0.06400000000000006,12,0.45,24,0.1497457990127231,56,0.2906533192834563,38,0.32264361621425375,79,0.16591317005174763,49,0.009396657039158818,16,0.4943734015345268,21,0.04795892508149735,33,0.2647836141394119,33,0.065224451542226,20,0.4246996904024768,25,0.13246648149769158,50,0.2104314821488293,49,0.20837718658892124,54,0.18120146105599125,55,0.33886072108696363,74,0.14880255274369025,60,0.0012382294890278533,14,0.726775956284153,5,0.02900533980920028,18,0.5986352357320099,13,0.024789600205815332,12,0.5238811374445483,23,0.09051294602076598,28,0.3289448694476309,37,0.1478034499749893,60,0.2917737789203085,42,0.27324400914224545,75,0.20666935592308727,50
"(42, 27)",0.212033190693676,58,0.6769960915689559,11,0.2596811860659566,64,0.29729976281700415,32,0.18841888316834732,68,0.46652933889802417,23,0.08777997047631658,31,0.4641029390261734,17,0.06414491780999831,30,0.647860235132848,7,0.016173016846975474,15,0.5856295841354955,7,0.21880039752196723,60,0.6428038777032066,9,0.25240928714509425,69,0.5562047207291424,24,0.27630909914267965,79,0.34631892862186764,38,0.12565169731217685,49,0.449158273381295,25,0.06405443908583075,14,0.5463645943097998,17,0.025803248923176314,16,0.47985296022401364,13,0.23028861387359623,58,0.6314578005115089,12,0.2645036278446733,67,0.2823752890650809,32,0.1968483890792112,71,0.42841486068111456,24,0.08158510026663657,32,0.42764513879346777,18,0.04159263293231008,21,0.6112116019798645,6,0.010774037495757227,10,0.6656313118454774,6,0.509662104075681,77,0.18032786885245902,59,0.2905938792111177,72,0.3892679900744417,34,0.2348426844633249,72,0.39659504139574875,32,0.07705980184541172,19,0.6412981547180419,14,0.12606959950643626,47,0.6004755784061696,12,0.033555335332273284,19,0.5418403478104971,9
"(42, 8)",0.06579037062562065,38,1.0,1,0.047442076695220714,34,0.5239463601532567,12,0.07769564573151189,30,0.6267892542346595,11,0.17148577285785582,63,0.3712531071794122,25,0.21567434452278011,64,0.43245001153983337,25,0.417018170545159,83,0.19822953452939163,38,0.06276870106130117,38,0.9746457867263235,3,0.049845078962729716,27,0.9551297032016827,3,0.042389549412120475,21,0.6469266241886988,16,0.12435055996116895,46,0.4507194244604317,23,0.21587756990898677,81,0.36441517386722866,34,0.3496569622031527,82,0.20127302893303645,42,0.05798363840544085,39,0.9999999999999999,1,0.04591557965566606,31,0.5061942517343905,12,0.0731838704274016,27,0.5958039215686275,11,0.1815963311807648,64,0.327530287749827,27,0.27911697173596295,75,0.324042254909129,30,0.4729756363896854,87,0.1886891729042551,39,0.008147235603081837,20,0.7158469945355191,6,0.03849049481108224,25,0.7636476426799007,4,0.05619823834767501,27,0.6388007117358669,15,0.18957209237053152,77,0.47505564714015486,25,0.12393646746392628,45,0.6039010282776349,10,0.31091796257360027,78,0.2579743923027505,39
"(9, 34)",0.02654915671371816,27,0.5482970407593524,15,0.010895700953312715,13,0.6706349206349206,5,0.07247018823555551,26,0.634014868779738,10,0.21893612715498922,78,0.33201637666325484,29,0.2161461853387272,65,0.3430477749103041,32,0.26152013691336295,60,0.30117991661450155,31,0.06540826299707059,40,0.45861297539149887,20,0.050430393411380336,28,0.7709745267585885,8,0.06816184169433481,32,0.9014116794625916,4,0.08579683219128165,21,0.790769784172662,8,0.12274576720302188,46,0.5990516332982087,13,0.18042668809730378,59,0.3895998963813659,23,0.023837744684924278,26,0.5493606138107416,15,0.01020688752770127,13,0.6490749917409976,5,0.07810859444982077,31,0.5742683178534571,15,0.2686527434663101,81,0.27226438036176787,33,0.27199933152154454,74,0.27731135179468924,33,0.28290498803649,67,0.3080604918784052,31,0.07402954024467512,43,0.5737704918032787,14,0.04334633332121851,29,0.7400744416873449,7,0.0643645940361901,31,0.9246213072037711,4,0.09888611241217782,33,0.692075695304369,10,0.1577996731206488,65,0.48886246786632387,21,0.177186327551471,58,0.44073924670939596,23
"(9, 26)",0.34547430749241603,67,0.23310999441652708,63,0.4714688755069798,84,0.19102353585112206,47,0.19823647921762122,72,0.4533407034336581,24,0.06270969289640371,19,0.5036789004240385,10,0.0639350653633659,29,0.5148619066602323,13,0.0468538299313781,32,0.5342518336541981,9,0.21286961427694207,59,0.3094705443698732,41,0.25069388502337553,68,0.4517410609955597,33,0.20696091015100548,67,0.6225021337912713,17,0.1746275445400205,75,0.6239784172661871,17,0.12728166461519275,49,0.591849315068493,15,0.08227461483304599,34,0.5061708597262741,10,0.3612508016356719,68,0.2219948849104859,64,0.48019751513208964,84,0.17979848034357448,50,0.1876757927717333,67,0.42875748194014446,23,0.04464306904186055,15,0.4952257743371436,10,0.043643271378048576,22,0.510330072766692,12,0.040541680111157774,28,0.5886840809952983,8,0.1952235350582766,53,0.41530054644808745,28,0.27300848395570787,68,0.40074441687344914,32,0.21518225040925432,67,0.6183638516372812,17,0.15534861828493307,61,0.5953370355457979,17,0.09709279399222881,28,0.5747686375321336,13,0.08422108950506557,35,0.5647438483259378,8
"(34, 9)",0.2975620673035111,61,0.2610273590173088,56,0.4402791998699779,80,0.21670315635832876,41,0.2008275963597974,73,0.519884358353896,19,0.09187175353518229,34,0.5500307062436028,8,0.06918997739003352,34,0.5936579873131771,10,0.04945552933534425,34,0.5885823284160299,6,0.2071820580177639,57,0.32363907531692765,37,0.24225132505149483,65,0.4900677728441225,29,0.20948591074637068,68,0.6793336430827297,13,0.16309652053355883,67,0.7133093525179857,11,0.1169161170786841,43,0.6923076923076923,8,0.07219706660269676,29,0.5884058149790604,5,0.30816655040761876,62,0.25191815856777494,58,0.44968563178790777,79,0.20370829203832175,42,0.19346234679303298,70,0.4919855521155831,19,0.075503996666344,29,0.5370517763023149,8,0.04978676048242603,26,0.5797397692701396,8,0.04388975128336303,30,0.6415805285401497,7,0.16527074476574644,52,0.40437158469945356,30,0.25473141437398894,62,0.43331265508684863,29,0.2138647703818406,66,0.6721949854165232,14,0.1441452866316688,55,0.6796623946882622,11,0.09224433423930756,25,0.6655976863753214,7,0.08094370522339123,33,0.6558797603573723,5
"(34, 19)",0.036721941644331624,33,0.52428810720268,17,0.013694575421143607,17,0.6890622149242839,4,0.07115914380960042,25,0.7346903066611258,7,0.16526499040886278,60,0.4522591022079251,19,0.20482322909063955,60,0.4134512494492352,27,0.2535627759020863,59,0.3413372388297684,26,0.06805646622493655,42,0.46905294556301264,17,0.05341922851197134,31,0.8111708343070811,6,0.0669695314575336,31,0.9935177775003224,3,0.09335216227502097,28,0.8591151079136692,3,0.1334481769520729,52,0.6624499473129609,9,0.1987718349799178,64,0.41982199798930503,17,0.03418476551398775,32,0.5242966751918158,17,0.01279140613942742,17,0.6673273868516683,4,0.07495887775527277,28,0.6748544891640866,8,0.19244095780843828,69,0.39316389995774104,23,0.25258136686004073,69,0.3373939415132547,28,0.27116701358809525,65,0.349644415024526,27,0.0918678632056994,45,0.4918032786885246,18,0.04906413201789972,35,0.7503101736972705,5,0.06495686473536522,32,1.0,1,0.10762975679651221,38,0.7491738393867798,7,0.16471525808995124,68,0.5486311053984575,15,0.18269484365199307,60,0.5000074701567239,18
"(26, 9)",0.026880794874485026,28,0.5307091010608599,16,0.012421679156658039,14,0.6245666849115125,6,0.08259601838762243,34,0.5632300922786931,16,0.2392877973281372,83,0.2869308378417897,34,0.22852557368569248,74,0.30096584908695445,35,0.27506487856923756,66,0.2586603989748072,33,0.05200099361040622,35,0.46830723340790453,18,0.05669392683495744,35,0.7050712783360599,9,0.07689044820393165,36,0.8048026166319051,7,0.09231205570344792,26,0.7076762589928058,12,0.13830075193032232,54,0.5194942044257113,18,0.192964429009725,62,0.34498220596670637,29,0.024270037888663554,27,0.5309462915601022,16,0.011581940957048342,14,0.6051370994383878,7,0.08790406932556682,35,0.5131062951496388,17,0.29178759358003203,83,0.23544982461234532,39,0.28239635673583385,78,0.24425003258447328,36,0.2950253347242011,68,0.2644992107541117,33,0.058653042861908755,38,0.5245901639344263,16,0.048268710277121096,33,0.6560173697270472,8,0.07151456651504717,35,0.8277683615191695,7,0.09809794157521745,32,0.6347192573290892,15,0.1571923631256844,64,0.45094473007712077,28,0.1762444105949017,57,0.41832877653773176,25
"(26, 20)",0.34365037378671626,66,0.2269681742043551,65,0.4537041224433299,83,0.1882411968618865,50,0.1798854257232636,64,0.4345171225590685,26,0.054512721703655176,14,0.4698055271238485,16,0.05869129232459347,20,0.4734828615989313,21,0.0427476555625359,28,0.4811024366045803,13,0.2461930374890715,63,0.27889634601043994,46,0.2335627672652295,62,0.4398223884085067,34,0.18988110753855958,63,0.595414753759464,19,0.16461562691339904,70,0.5835755395683453,18,0.1125805929131749,41,0.5563751317175974,16,0.075224048996683,31,0.47224809261532197,14,0.3586257031230202,67,0.21636828644501277,65,0.4632308018674701,83,0.17694912454575487,53,0.1712920022063127,64,0.4108008255933952,26,0.038181570186889946,13,0.4637700697661758,13,0.040681210410305924,18,0.4659325358349732,19,0.037356144938057945,27,0.5267325220225062,13,0.22862027451404998,57,0.3333333333333333,36,0.25713688618422204,64,0.3756203473945409,35,0.20011980099808557,63,0.5874131155771081,18,0.15641903781815003,62,0.5432984130119347,21,0.09753336042087812,29,0.5287082262210796,18,0.08479710169406762,36,0.5338622204293846,13
"(10, 32)",0.008248687132284771,13,0.434394193188163,27,0.0497519626125944,35,0.20055646779784708,42,0.06694302560888687,21,0.3337084661376366,37,0.15982714283182875,58,0.16395964322269338,60,0.22428721827713893,72,0.15817614681465628,66,0.43761675691987256,86,0.08996421273931991,78,0.008561570377843442,12,0.4668158090976883,19,0.03915650207366839,17,0.42042533302173407,37,0.05024555855549995,26,0.34556979902449414,39,0.08241811150554113,17,0.3202661870503597,45,0.1913687834467097,73,0.19564278187565856,66,0.38569335971590446,85,0.11019965090388754,79,0.008319804930535302,13,0.41867007672634265,27,0.058105847589368764,39,0.18760323752890648,48,0.06956053554188157,24,0.3286542827657378,36,0.14091525352254752,53,0.1718876793089234,55,0.22413248094702154,58,0.1397699059341889,64,0.39811724671430126,78,0.10297537213367956,76,0.001152298512973715,13,0.6065573770491803,9,0.024781638238659864,16,0.4627791563275434,26,0.03050691696709995,15,0.3488349879044888,36,0.12745960756157304,48,0.21195292973646426,63,0.17549035587705109,72,0.20158740359897173,62,0.3438474363066102,82,0.13047375733942898,76
"(10, 29)",0.5080716284495693,81,0.10999441652707985,78,0.2526841458612603,63,0.11667578908958219,77,0.209542615992532,77,0.2281278023116399,58,0.09563964043127915,36,0.1945693814885217,54,0.060431379803789986,22,0.2448997433261297,41,0.013960132358123212,12,0.2836642375423719,32,0.503267403949254,84,0.12005965697240864,74,0.2880528525292414,81,0.21617200280439355,66,0.2512333054275907,73,0.20208896630349577,73,0.1801847234670687,80,0.24676258992805755,63,0.0760811510320647,24,0.26606954689146467,46,0.020142500555301313,12,0.2948196850733657,35,0.5069664156312981,81,0.10639386189258311,78,0.22998247550050266,58,0.1185992732077965,75,0.2040615578291035,75,0.2295830753353973,55,0.11033059487638808,40,0.18649424318865904,54,0.06049596827172854,36,0.216275070175829,41,0.018473344543160075,18,0.2865641495663391,32,0.7173050375952469,85,0.07103825136612021,83,0.3555751229348155,82,0.19044665012406947,64,0.3250027806210607,84,0.15853449941910447,74,0.12257224001884581,45,0.21473338752440496,61,0.08526160807690464,21,0.256426735218509,44,0.026844774866110477,14,0.3052754246784098,35
"(29, 10)",0.005588262742054262,10,0.3972640982691234,31,0.04228668340861064,30,0.16447728516694032,59,0.05070370543471814,16,0.27611431343737636,46,0.1339002800480289,50,0.1385670419651996,72,0.2138521055484437,63,0.12215787890868145,77,0.41731339222614516,84,0.06889933504198803,84,0.0033848492155856835,10,0.43475018642803875,22,0.018935103570315137,11,0.3498480953493807,44,0.028316495634747696,12,0.27481798811626656,56,0.08514106451693726,19,0.21798561151079138,68,0.2016909294356577,76,0.13610642781875656,79,0.42156212738304,87,0.07072588553841598,84,0.005583077737903341,11,0.38542199488491047,31,0.048470650915729774,34,0.1546498183019491,61,0.06343932486632087,19,0.2681795665634675,46,0.12634142583519548,47,0.13879087517532282,68,0.2250311662205371,59,0.10469311784135017,77,0.3706789339242953,76,0.08119048831406894,83,0.0002087603893290435,11,0.6065573770491803,10,0.013121922545404119,13,0.3898883374689826,33,0.023167960965974732,11,0.27352960123687436,49,0.12562185815926696,47,0.1511778961202738,78,0.2065523565096542,79,0.13217866323907454,80,0.40260561862350863,85,0.0786906309294369,84
"(29, 31)",0.556514380179527,85,0.08570630932439978,84,0.2766684918727823,68,0.08794015690567414,82,0.2499000727940458,82,0.16224825175520396,77,0.11650312336705548,42,0.14514695130867084,67,0.06496258757194384,31,0.1817209038836785,60,0.01613922330081552,14,0.20373935535686868,37,0.6138090920843832,86,0.07680835197613721,82,0.3945811978459479,87,0.12713250759523254,81,0.33599409917941614,86,0.12048910384860215,79,0.17568556925840184,78,0.1712230215827338,78,0.07072833609056739,20,0.19300842992623812,68,0.015659798022164106,10,0.21196795223674392,39,0.5566258213105512,84,0.08312020460358055,85,0.25652226832981717,64,0.08874297984803435,80,0.21726769290546566,80,0.1779153766769866,71,0.12366810295770514,44,0.13978383115081783,67,0.0601219048708691,35,0.1625504264592281,59,0.02234373377868093,20,0.2070709642378261,38,0.8323824490332509,88,0.03825136612021858,87,0.4461779730579254,87,0.12034739454094293,78,0.3654073675738838,86,0.10907063378701683,81,0.1243801974653489,46,0.15167929014760734,77,0.06835699882709023,17,0.19109254498714653,68,0.017901926192273043,12,0.22211764002808776,47
"(11, 20)",0.018333248979970795,20,0.49581239530988275,20,0.006842627977761362,10,0.5300127713920817,10,0.042241614701562624,14,0.47242873305191746,22,0.20348990012097568,74,0.2544699517473315,41,0.18110854965332157,53,0.2673954246309002,37,0.1899322265763188,55,0.2466545407301546,35,0.04169008054803913,31,0.4116331096196868,24,0.046736941430575274,24,0.5749006777284412,20,0.04357269238026973,22,0.6744213178540507,14,0.06084757300979238,11,0.6253021582733813,16,0.09262965912853649,33,0.4662802950474183,24,0.12953588385288461,48,0.3314130991223255,33,0.01667410114441714,20,0.49565217391304345,20,0.006031151482793873,9,0.5171787248100429,11,0.04079136971977626,13,0.43040866873065015,22,0.24898116238789814,79,0.21177184308703012,47,0.21660560712448884,56,0.22666077497003817,38,0.1862031414162122,53,0.2639306142539504,34,0.07172837660759246,41,0.453551912568306,24,0.03776857647780174,23,0.5356699751861043,22,0.030689238748742076,16,0.6958173300130841,13,0.0591473086859986,13,0.5660890506180062,18,0.10016560644527917,31,0.417525706940874,33,0.10873699032197459,42,0.41284568150239787,27
"(11, 18)",0.39920592084255824,75,0.17755443886097153,68,0.5317388462549288,88,0.12420178799489144,72,0.27682623460431177,83,0.25245311005640914,54,0.06984012716590549,23,0.3634537213042842,26,0.08187182061999021,40,0.3484085520656302,31,0.07686247440489213,38,0.3334652225778638,30,0.2787706876323468,68,0.21849366144668156,62,0.2618884160076056,73,0.32367375555036226,52,0.2722385551366623,77,0.36617290975444516,35,0.22329329538910025,86,0.4053956834532374,28,0.16414955541602383,61,0.38531612223393047,29,0.12057125861702378,45,0.33943120771218693,31,0.4127041289157888,74,0.17007672634271098,69,0.5472912532613309,89,0.11508919722497521,77,0.28199604243757515,84,0.22593808049535605,56,0.05102204832386459,18,0.3592011759917245,25,0.06373146888238468,38,0.34078590570530287,27,0.07893455180614206,40,0.35134171801008196,25,0.1996959439637227,55,0.3224043715846995,37,0.2933986925505532,74,0.2704714640198511,52,0.3241225926717669,83,0.31714230496682344,42,0.22740169405504307,84,0.3613531561234645,33,0.15363327712077723,62,0.3620437017994858,37,0.14280872973954373,50,0.3769889292277352,34
"(20, 11)",0.3470036314634599,69,0.2171970965940815,66,0.447989019857328,81,0.17656449553001277,54,0.17725769757459509,62,0.41025941825253065,30,0.056747608060354615,16,0.4360754496271384,22,0.06093373858698303,23,0.43979354188959524,24,0.05351389175013099,35,0.42480541415191275,21,0.22971031777881312,62,0.27889634601043994,47,0.21175690453403861,58,0.43444730077120824,35,0.1827388018740732,59,0.5709902633620364,21,0.17164048063813975,73,0.5370503597122303,19,0.12367939323651722,47,0.49894625922023184,19,0.09010331145807005,35,0.4169416466727933,18,0.36404227564222547,69,0.2053708439897698,66,0.4571838305051349,81,0.16646019160885364,57,0.16824223586608955,62,0.38871620227038184,30,0.040680842477738066,14,0.43002252947108893,17,0.043891581870536545,23,0.43106873893320025,23,0.04852194681392741,33,0.45968905409304606,20,0.1968320100335692,54,0.34972677595628415,33,0.23908572825344165,58,0.36569478908188585,36,0.1957413293714605,62,0.5567578254292296,22,0.17053051768282534,69,0.4875904978234941,23,0.11334324737517476,40,0.4648714652956297,24,0.10664724149570315,41,0.4621487158800591,21
"(20, 26)",0.02627408635961548,25,0.5134003350083752,18,0.012950355679139047,16,0.57530560116767,9,0.08417763415436608,35,0.5258493676096021,18,0.2334248840822335,81,0.2721625968708875,37,0.22308845401520871,71,0.2853486078764608,36,0.24199221607358112,58,0.25688875240648656,34,0.058214727188837134,36,0.4407158836689038,21,0.06591713549277389,39,0.6410376256134611,13,0.08091816268060181,38,0.7491295973735435,11,0.08768104003850441,23,0.6718201438848921,13,0.126329974124208,48,0.49543203371970496,20,0.1679116727567942,57,0.33881443012835144,32,0.023385966620418808,25,0.5127877237851662,18,0.012109051113470937,15,0.5584324413610835,9,0.0898853436673025,37,0.4790505675954592,20,0.282397695632446,82,0.22542433960649907,42,0.27116085004771406,73,0.23492610477259215,37,0.25636657413229846,63,0.2639306142539504,35,0.07319233957555571,42,0.48633879781420764,19,0.05458815108646098,39,0.5983250620347395,14,0.07375883779672332,37,0.770825049370567,8,0.08839380129622043,25,0.6069906482417023,16,0.1374297687220285,54,0.43595115681233926,32,0.14534601916344725,51,0.41683474519295416,26
"(18, 13)",0.3797697495511936,71,0.16917922948073702,70,0.518197790373207,86,0.11334610472541506,78,0.18324886619635894,66,0.242113760679852,56,0.03370019404510893,12,0.3611141979821611,27,0.04811647124246465,17,0.3376835008357637,33,0.033129481877276046,23,0.337008515714505,29,0.2661237876521685,64,0.20805369127516776,67,0.24577980542362232,66,0.30497779855106333,55,0.21114045798294911,69,0.33724545456406185,41,0.12557683714459555,48,0.3905251798561151,30,0.10580872725616852,40,0.37161749209694417,32,0.055796789692814985,25,0.34107800386102766,30,0.3859981132186895,71,0.16675191815856777,70,0.5422476107810843,88,0.1020812685827552,78,0.1897896084960533,69,0.2149287925696594,58,0.022758985424839895,10,0.3577337789104448,26,0.030308991910103833,17,0.3328384732028471,29,0.032311947432584365,24,0.34681840555357535,28,0.36112850265742835,65,0.20765027322404372,52,0.27379582956536663,69,0.25744416873449133,57,0.2483708444582693,73,0.2968542785233036,47,0.11176886944069786,40,0.35312573594767266,34,0.08632413397360383,22,0.36246786632390743,36,0.07112826466562272,29,0.39491730536506653,29
"(18, 11)",0.020985904960928226,23,0.44416527079843665,25,0.007620359488396566,11,0.4626436781609195,18,0.08062247375550902,32,0.31833266061284504,41,0.3102802675130266,84,0.172294195057757,57,0.2576020193489932,78,0.19302994062231174,59,0.31280845161269766,73,0.15944819114885375,52,0.04541427136105114,33,0.3750932140193885,28,0.052147774409882164,30,0.511334423930825,28,0.06620095796223613,30,0.4964191195885109,25,0.12442493203313687,47,0.391726618705036,29,0.14638191654585553,55,0.333508956796628,35,0.23588823886434618,69,0.21093793367173863,41,0.020099962673022054,23,0.44654731457800506,23,0.006285173133623867,11,0.4510654112983151,18,0.07694054858710841,29,0.29040247678018577,41,0.3680008791241409,84,0.1414690044773759,66,0.32596408866864945,80,0.15078822635559358,61,0.31650553211095933,72,0.16209243512059338,54,0.023857723237888706,31,0.5136612021857924,17,0.043116103258318716,28,0.47673697270471466,25,0.051234653829673404,26,0.5024068845561759,24,0.13923616923355175,53,0.32818518152742854,39,0.17378375948249192,71,0.28706298200514135,43,0.20088927966819603,65,0.2793838614734137,36
"(13, 16)",0.5053971802060022,80,0.10524846454494696,79,0.5435421040577789,89,0.09678890713373471,79,0.20495697906257115,75,0.1856450063925016,72,0.026086967465186905,11,0.3028688404737534,31,0.04545328656072134,15,0.26424819733814514,38,0.04647835722643645,30,0.23248136818358983,36,0.4198660748109838,79,0.11782252050708426,75,0.2767429212962963,79,0.2442159383033419,63,0.22046113090997643,70,0.28177711552356177,53,0.13405180308584208,57,0.3079136690647482,47,0.1283640045964236,50,0.273972602739726,43,0.07996191749058879,33,0.24527394176386055,36,0.5328232855633539,83,0.09590792838874679,80,0.5760520911880513,90,0.08614139411959035,81,0.22330868298846018,81,0.1585139318885449,75,0.015963431638555514,9,0.3019934304166008,28,0.022209279745450727,14,0.26586704899115293,34,0.04598377578685153,31,0.2330991055213266,36,0.44530728775356887,74,0.14207650273224043,69,0.33119480506920507,79,0.1870347394540943,66,0.27356034294507925,78,0.23495058500512034,60,0.1362932894393052,52,0.25841544293604185,49,0.11927091035418735,42,0.2523586118251928,45,0.11161916374536418,44,0.27191370474952564,37
"(13, 18)",0.008421661718049034,14,0.4120603015075377,30,0.0062191584049111626,9,0.4295292829775588,21,0.06912513791846986,23,0.2667015288318722,49,0.34805267350278135,85,0.12769703172978505,75,0.2659970317743343,80,0.14663631340788766,69,0.26270655489093164,62,0.13051129719961732,66,0.015849637160222252,17,0.3512304250559284,34,0.04226541203703715,19,0.4568824491703669,32,0.06205089880590653,29,0.4299655932553775,29,0.11636513342388022,39,0.3227841726618705,41,0.12169528798684026,45,0.27888830347734456,41,0.18439629940043423,60,0.18565005273448343,45,0.006783289876571397,12,0.4107416879795396,29,0.004736671069830667,8,0.4267839444995044,21,0.06084110569661372,18,0.2445139318885449,53,0.418858065629823,87,0.10162891446319453,79,0.37155596970857974,82,0.10395241713212129,78,0.26428464706270716,64,0.13013221990257479,68,0.013205108940646193,23,0.45901639344262296,21,0.029253609476642906,19,0.41997518610421836,30,0.04318483064824585,21,0.43472755666230534,28,0.11434844598158034,41,0.27398904530019064,45,0.1309096751172747,50,0.244646529562982,46,0.13940964283899815,49,0.25249129726741665,40
"(16, 13)",0.007600587827187977,11,0.344500279173646,38,0.008911216619740259,12,0.34861339171683997,27,0.09892075213167306,39,0.18895757486583697,70,0.40771935839861184,87,0.09611346688112296,81,0.3241242682999721,86,0.10094207003629802,80,0.303392876968807,70,0.08976342612824359,80,0.025508845208625952,20,0.2431021625652498,57,0.06411952684194222,38,0.3379294227623277,49,0.08098471240867289,39,0.33103750355631884,42,0.12657121077609246,51,0.25755395683453236,61,0.1327104223319161,51,0.2091675447839831,62,0.1994080976072543,65,0.13548753184114276,63,0.005394789258079236,10,0.3427109974424552,41,0.007242090049398242,12,0.34394615130492234,26,0.08197841201095835,33,0.17708978328173375,72,0.46792467287465433,90,0.07911759139472722,82,0.43226970247009666,87,0.07194969593123245,83,0.29774635717024167,69,0.08656245226335352,80,0.01316283007544583,22,0.3005464480874317,40,0.04374151622278455,30,0.29590570719602977,47,0.05654202746204384,28,0.3292866869406243,39,0.12197051045960294,42,0.21157308577636308,64,0.14644081717153634,57,0.17202442159383033,74,0.18791031144475778,61,0.15787429220265042,65
"(16, 23)",0.5185275453108329,83,0.0843104410943607,85,0.4980697860383311,85,0.091178617040686,81,0.15530181660540254,59,0.16258030393710496,76,0.017270372548474855,8,0.27572159672466734,36,0.030688890657460277,11,0.22147038459117518,46,0.03530460695252979,26,0.1838614808603116,39,0.3513394147565171,75,0.10141685309470544,80,0.21573134331438704,59,0.22551998130404302,64,0.18262430515428396,58,0.25244029989745526,66,0.12344184630171418,44,0.25971223021582734,60,0.11759416356993957,44,0.2177713382507903,61,0.07187399325121846,28,0.19038073680250164,43,0.5607306545289031,85,0.07289002557544756,86,0.5246335441753811,86,0.08250743310208127,82,0.1809277245064459,66,0.13601651186790506,83,0.011186528789055794,7,0.274641771039389,32,0.014507161359236243,10,0.22305899855992523,40,0.03667628922388455,26,0.17397355601948503,47,0.44574920696159115,75,0.09289617486338798,76,0.27166699792806126,67,0.1609801488833747,72,0.23395369616673245,71,0.20511054786334854,70,0.1280792428214519,50,0.20815449013545237,66,0.10576130093083402,37,0.19173521850899744,67,0.07797799296448404,32,0.21165942061464446,49
"(23, 16)",9.999999999998899e-05,4,0.310999441652708,48,9.999999999998899e-05,4,0.30382229520160553,31,9.999999999998899e-05,4,0.1570785770669254,79,9.999999999998899e-05,2,0.08441585027050737,83,9.999999999998899e-05,2,0.07938006616171153,84,9.999999999998899e-05,2,0.07933433332939632,83,9.999999999998899e-05,4,0.22893363161819535,60,9.999999999998899e-05,4,0.2685206824024305,60,9.999999999998899e-05,4,0.2788440480016047,55,9.999999999998899e-05,2,0.2197841726618705,67,9.999999999998899e-05,2,0.1684193888303477,73,9.999999999998899e-05,2,0.11328353882306501,76,9.999999999998899e-05,4,0.30792838874680306,49,9.999999999998899e-05,4,0.3012471093491906,31,9.999999999998899e-05,4,0.14468524251805986,80,9.999999999998899e-05,2,0.07012913612830132,85,9.999999999998899e-05,2,0.059128897818270826,85,9.999999999998899e-05,2,0.07440127637184513,84,9.999999999998899e-05,7,0.36065573770491804,31,9.999999999998899e-05,4,0.24100496277915634,59,9.999999999998899e-05,4,0.27234337479202164,50,9.999999999998899e-05,2,0.1768781384607203,70,9.999999999998899e-05,2,0.14546272493573265,77,9.999999999998899e-05,2,0.12998072699565236,77
"(21, 25)",0.0265429831454449,26,0.9896705750977108,2,0.035385180319471354,26,0.3592866265280058,25,0.06742230831705176,22,0.3702282411374875,33,0.1551525060450759,55,0.23156309401959352,47,0.31517356217782067,85,0.21750837512151794,48,0.44219099309255716,87,0.1354364746595486,63,0.020646657384414957,19,0.9783743475018642,2,0.042679547407797336,20,0.6564617901378828,11,0.0575726679193056,27,0.39633049305417684,32,0.11075879176905779,37,0.32805755395683456,40,0.2075538677124844,79,0.25482613277133825,49,0.34319661205546326,81,0.13692462361147947,62,0.024503564838516567,28,0.9846547314578005,2,0.03807858740728198,26,0.3422530558308556,27,0.06529435222320723,21,0.355969040247678,34,0.16631961912794946,58,0.21125332821731993,48,0.3744370995063895,83,0.170288046743619,57,0.4975814158188563,88,0.13635283534463738,65,0.0007181734455369293,12,1.0,1,0.03822729074733311,24,0.6209677419354839,11,0.04992815928402694,24,0.39281866507318397,33,0.15317032175461232,60,0.2729786603663215,46,0.26450677734572947,85,0.22836760925449873,47,0.40340140603566543,86,0.14043894640909566,69
"(21, 44)",0.3455084656352172,68,0.42071468453378,28,0.30305521441759753,73,0.1756066411238825,55,0.20852113766452973,76,0.25410939429307683,52,0.0990313632566594,38,0.26894575230296824,39,0.03260418130648568,12,0.46334179587783164,22,0.013506630958053711,11,0.43326797925992416,20,0.3821256818747285,77,0.3698732289336316,30,0.27530069235891064,78,0.35265248889927553,43,0.23132327978232503,72,0.2493005053554579,67,0.14041244038427125,59,0.3031151079136691,51,0.06787971480552879,16,0.3698630136986301,33,0.02696391057103109,17,0.31969432502945117,34,0.3572258022625079,66,0.4030690537084399,30,0.2921876880630543,74,0.1735216385860588,56,0.21312001832019045,78,0.23997316821465428,54,0.09116208228893452,36,0.25813485016216553,36,0.021772847267858775,13,0.4395470599268201,21,0.008944677073246643,8,0.5205119065804436,14,0.7546839205620373,86,0.09836065573770492,75,0.2916103138856194,73,0.31544665012406947,42,0.2521645093861369,75,0.2289528108457528,63,0.10051445337949971,34,0.3141309550036845,41,0.04591459958835642,12,0.4093830334190231,34,0.017802297668038425,11,0.39741233771084516,28
"(25, 21)",0.3134696117578114,63,0.44863204913456173,23,0.31954052593951987,74,0.194125159642401,46,0.27972049472513283,84,0.27266653808757824,47,0.12697427128487482,46,0.29633864600087734,33,0.07729781528979995,37,0.5016890119804451,16,0.016802964038100443,17,0.45964779666221783,16,0.3442163109257881,74,0.4049217002237136,26,0.3213455394000534,83,0.37321804159850436,40,0.2586100061280766,75,0.2647211129691527,60,0.1256643420672885,50,0.3390863309352518,38,0.06328176709326594,13,0.40849841938883036,27,0.02477270330361847,14,0.355263888289244,27,0.32654896549606305,63,0.42915601023017896,26,0.31241341521887644,75,0.1915262636273538,47,0.2814336068077362,83,0.2614385964912281,48,0.11365655188270951,41,0.28479429218831426,31,0.05333856901608358,31,0.4748336602377236,18,0.010840764677081172,12,0.5434254968854489,11,0.6529546891605488,81,0.1092896174863388,72,0.28576044848155613,71,0.33095533498759305,41,0.29290844386723447,81,0.2406529132521931,58,0.1528276093274965,59,0.35033768128053,35,0.15877107127099876,66,0.44623393316195364,30,0.030811485375000114,18,0.43077405763972926,24
"(25, 27)",0.032981805182792034,30,0.9503070910106086,5,0.031655602789550485,25,0.41954022988505746,22,0.041423350829077554,13,0.5153767996930009,20,0.12304630028056951,45,0.299458985231759,32,0.1891391251897504,56,0.37230300105606956,30,0.411613458025352,81,0.15826709343664003,53,0.02677747365176819,21,0.948545861297539,4,0.03127143960200862,16,0.8114045337695723,5,0.04778827858018153,24,0.46476123029185357,26,0.12433800349317203,45,0.3402877697841727,37,0.2176261711624391,82,0.27063224446786094,44,0.35562789037021525,84,0.14617628736901186,55,0.0301891801275469,30,0.9491048593350383,5,0.03321802686279207,25,0.4042781631978857,23,0.04094665450560553,14,0.4970753353973168,18,0.13707415210411678,51,0.2675536727704509,34,0.24247249122363568,63,0.28663845857957126,32,0.47214744974597544,85,0.15445457168559157,58,0.0023235881079923804,17,0.7158469945355191,7,0.0397673212117966,26,0.6386476426799007,9,0.03789377120172688,18,0.47582341664315686,26,0.10077367004966009,35,0.4025054507608275,32,0.09639319451957684,27,0.5269922879177378,19,0.32353526462500004,79,0.19671910716686833,52
"(44, 21)",9.999999999998899e-05,5,0.9804578447794529,3,9.999999999998899e-05,5,0.328544061302682,29,9.999999999998899e-05,5,0.3349014679887778,36,9.999999999998899e-05,3,0.21572159672466737,50,9.999999999998899e-05,3,0.20142254673632531,57,9.999999999998899e-05,3,0.12637745520686927,67,9.999999999998899e-05,5,0.9187173750932139,5,9.999999999998899e-05,5,0.5893900444028979,17,9.999999999998899e-05,5,0.36085122409004294,36,9.999999999998899e-05,3,0.30623741007194244,48,9.999999999998899e-05,3,0.2356849315068493,55,9.999999999998899e-05,3,0.12746942325128136,69,9.999999999998899e-05,5,0.9782608695652173,3,9.999999999998899e-05,5,0.3121902874132805,29,9.999999999998899e-05,5,0.3225325077399381,37,9.999999999998899e-05,3,0.1969941693002901,53,9.999999999998899e-05,3,0.1597974358403774,60,9.999999999998899e-05,3,0.1264490724239184,70,9.999999999998899e-05,8,0.9234972677595629,2,9.999999999998899e-05,5,0.5614143920595533,20,9.999999999998899e-05,5,0.3572762996843394,35,9.999999999998899e-05,3,0.2555058382016667,52,9.999999999998899e-05,3,0.2140102827763496,56,9.999999999998899e-05,3,0.13446282102998522,73
"(24, 43)",0.21138258080084538,57,0.47180346175321053,22,0.2796996250948056,69,0.5291005291005291,11,0.1509708251080979,56,0.8406686377708362,4,0.060734563477122916,18,0.9145079690013159,2,0.06287217124800482,24,0.9091989956848017,2,0.03320599999760898,24,0.8968488313038138,2,0.20861558748348097,58,0.4123788217747949,23,0.22744312068105632,60,0.6382332320635663,15,0.18373822626744185,60,0.7563629962727733,10,0.10483845033113126,34,0.9135467625899281,2,0.09247735447174976,32,0.8928661749209693,2,0.0478469198077196,24,0.8538237126309881,2,0.21765667651934328,57,0.4662404092071611,22,0.27160408355671284,69,0.5441443673604228,10,0.1414256375947609,51,0.8738224974200206,4,0.05202335258866286,19,0.9059336249115285,2,0.041389533204389206,20,0.9185102060928196,2,0.028814837210700217,23,0.9188095116859311,2,0.2590839843749999,60,0.31693989071038253,39,0.25728722669894943,65,0.5722704714640199,18,0.18550562849065166,58,0.7343208187183867,11,0.08277388405984298,23,0.9136462741105953,2,0.07863238698900554,19,0.8997429305912595,2,0.047917150443962275,24,0.8844665561083471,2
"(24, 33)",0.06608931773627624,39,0.695142378559464,9,0.04142919280727897,29,0.9999999999999999,1,0.10219268243696389,42,0.9574496006426303,2,0.22356243657452568,79,0.5922883462494516,6,0.2185627375266821,70,0.6001867354860367,9,0.3124670113686301,72,0.42480541415191275,22,0.06737783060896807,41,0.6010439970171514,11,0.059130431265317585,37,1.0,1,0.08033997863358333,37,0.9965204362963525,2,0.14759362949947596,62,0.8151079136690648,7,0.16437281387066205,62,0.7370916754478398,6,0.2584293690180135,71,0.48663751364620406,11,0.0632683794691905,40,0.7038363171355498,9,0.043760140652550406,29,0.9999999999999999,1,0.10989811705847408,48,0.9504643962848297,2,0.24613001018403757,78,0.5396443506508658,7,0.2798413623269326,76,0.48574707455009586,17,0.33342322720646655,73,0.40622401004803366,23,0.04763476562500013,35,0.5573770491803278,15,0.04821944837773273,32,1.0,1,0.07932931624300976,40,0.9746760646604482,3,0.17958695742043074,73,0.7057500778680118,8,0.1867397968754667,75,0.6743830334190232,6,0.25821333684414904,72,0.5044895641910567,17
"(43, 24)",0.011052873441270372,17,0.7322724734785037,7,0.005710920802605157,8,0.9793833242109103,2,0.02171423520590776,10,1.0,1,0.06864413578843842,22,0.6769001315981867,5,0.0711070021175979,36,0.6641803571053901,5,0.14033448266285842,48,0.44704548407289735,18,0.011825883277719274,14,0.6607009694258016,8,0.01271687648113562,10,0.9988315026875438,2,0.015800414376069938,8,1.0,1,0.035656524909640996,8,0.8424460431654677,5,0.04330403815964523,11,0.7518440463645942,5,0.09607368118948034,37,0.510895376018454,7,0.010737625851206745,17,0.7355498721227621,6,0.00624837097911457,10,0.9741906177733729,2,0.023591446270430194,10,1.0,1,0.07482072766957115,28,0.6398914229862828,5,0.10025448702260364,43,0.5601350427730817,9,0.14788232123826106,48,0.4480879881867712,21,0.004715910704344184,19,0.6502732240437158,8,0.008849948545933684,10,0.9959677419354839,2,0.015244258253142906,8,0.989930403605773,2,0.046729270570927905,11,0.7593080762422798,5,0.056667339070610834,14,0.7054434447300771,5,0.10970495152973836,43,0.5134537522597225,15
"(43, 28)",0.3339403869521316,65,0.24288107202680068,62,0.5486013114246414,90,0.1720488961868272,56,0.38385180744583314,88,0.32568950536154917,39,0.17573194089426736,64,0.4793566310864161,12,0.15571560824221753,49,0.5023883958232797,15,0.09406561700070004,39,0.5185018956618281,10,0.27112220431926704,66,0.25801640566741235,52,0.36044621891703355,84,0.3166627716756252,53,0.43849340826508154,90,0.26963343819783164,57,0.30770507337261965,88,0.3635467625899281,34,0.2571039176757617,88,0.3835616438356164,31,0.13443512980164518,50,0.4514811913675809,15,0.354318508760478,65,0.2312020460358056,62,0.5311250195265369,87,0.18161546085232902,49,0.3963825106082468,88,0.32039834881320944,38,0.17555702853280197,61,0.4647630257416708,12,0.1308399779740792,46,0.5076819882568737,13,0.0917128127083181,43,0.5357876334504471,12,0.3908979752743428,68,0.16939890710382513,64,0.36228532463265706,83,0.29931761786600497,46,0.4331375452480595,89,0.26908680556326875,52,0.23739715135815453,87,0.4142806135239644,30,0.18836200380448753,76,0.4584447300771207,26,0.09649893209054106,39,0.5368502831189398,11
"(43, 41)",0.30928291639228656,62,0.25795644891122277,57,0.24897645686212266,59,0.36913884327677426,24,0.1796511741044441,63,0.5430802910129182,17,0.17853636553297347,66,0.4757011258955987,14,0.1951707711160252,57,0.45086828504087895,23,0.16989666533747827,54,0.41082712272786326,23,0.3663774029219935,76,0.20432513049962714,68,0.2652625521300003,75,0.3998597803225053,39,0.18785868758805402,61,0.5041969678672527,24,0.16406715947196304,69,0.525179856115108,21,0.17313906756372544,66,0.47699157007376186,22,0.17372830136084394,58,0.4033725398284125,21,0.29540817085275495,61,0.26700767263427105,55,0.24776825968554572,60,0.37202675916749256,24,0.16367004186538092,60,0.5759195046439628,14,0.16625046956584522,57,0.47686257022635775,11,0.17159902523492832,49,0.4513092600304546,20,0.16515279918861936,49,0.42659164587470505,22,0.3908979752743428,69,0.16939890710382513,65,0.3181210143324158,78,0.33343672456575685,40,0.19477846903748897,61,0.4873013792659169,25,0.17795038360443471,71,0.4839212051689166,24,0.19437175595280876,77,0.4511568123393316,27,0.2084017036410598,67,0.3869541182974019,30
"(27, 42)",0.05429273987999472,37,0.9720826353992184,4,0.04267890545717001,31,0.4941616493340631,13,0.07458566073437223,27,0.5825169555388093,15,0.15974597307935534,57,0.3438602134815031,28,0.18889859877857218,55,0.4050586433352216,29,0.38779000617116643,79,0.1803181877236704,41,0.04240375268501362,32,0.9999999999999999,1,0.046722199178827584,23,0.9137648983407338,4,0.03781312382158197,16,0.5816336346908408,20,0.10056944855813077,32,0.4118705035971223,27,0.1870738300911503,72,0.3250790305584826,37,0.31862093163913463,78,0.1768116299581208,46,0.04745822668002986,36,0.9734015345268542,4,0.041477795094059466,28,0.47798975883713246,15,0.06976898820384969,25,0.5561052631578947,16,0.1703542265466521,60,0.30186380169917326,29,0.2414994277143483,62,0.3048635107942028,31,0.4527714001570151,83,0.17256479454147355,48,0.0015837914336719328,15,0.7868852459016393,3,0.03236647865424658,21,0.7406947890818859,6,0.050149038148875946,25,0.5869688360097475,19,0.16421986752191375,65,0.45049493668001184,26,0.10431566109687984,33,0.5638431876606683,14,0.30946935633521866,77,0.22062360868331016,48
"(27, 25)",0.2398788292194708,59,0.5924064768285874,13,0.27530291684643116,67,0.26546250684181716,34,0.1941665944912453,71,0.42345004205331527,28,0.09569730113607,37,0.4079046644246234,24,0.07743040780543287,38,0.5452851038235315,12,0.019851506468346436,19,0.4856319463309199,12,0.27625954595932534,67,0.535421327367636,14,0.26193493238342525,74,0.5143725169432111,27,0.29322406343014995,83,0.29385324837739757,50,0.15309752019529077,65,0.35803597122302155,35,0.07844499028606122,25,0.43431506849315066,25,0.03185308624222305,19,0.380965010207669,25,0.25963103508703567,60,0.5524296675191815,14,0.27952611660290705,70,0.2530558308556326,36,0.20363510577818666,74,0.38912899896800823,29,0.08850764604735661,34,0.3754929131980183,24,0.05369442337646868,32,0.5032314260554985,14,0.012506657772731744,14,0.570862399646961,9,0.6894847470886664,82,0.10382513661202186,73,0.3162560923213926,76,0.34646401985111663,38,0.25151582368367464,74,0.3429105198737358,37,0.09258166000426149,29,0.5453267797588751,19,0.14825238808287566,61,0.501503856041131,20,0.03388529028383358,20,0.46116265519250593,22
"(36, 37)",0.05279989916622485,36,0.3221663874930207,47,0.1383976402623618,48,0.11708629812078088,76,0.08556379126094771,36,0.15283745548611843,80,0.05134048888996845,13,0.15450504459716333,65,0.02694257781716236,10,0.2093465656756398,51,0.04932096568323763,33,0.17047373829236895,46,0.03541437747299203,28,0.24384787472035793,56,0.1151928937860216,48,0.16148632858144427,77,0.16036540395036547,55,0.12540142907728113,78,0.09960703929280246,31,0.1896906474820144,72,0.07448362965431898,23,0.19388830347734456,67,0.07425408758727225,30,0.14514626880400658,56,0.05516270282852642,37,0.3214833759590793,46,0.13518696577473077,49,0.12041625371655103,73,0.07962078634026049,32,0.14599174406604748,79,0.04990605558905814,17,0.1482952527371104,64,0.02877072075167264,16,0.1839576306478429,54,0.048310321446620064,32,0.1751107490198075,46,0.06205524171514276,40,0.15846994535519127,66,0.08370833621049023,45,0.14702233250620347,74,0.1069748618804719,48,0.12980516119573401,79,0.061396112527925206,15,0.21005370993595832,65,0.04386703361146416,11,0.20715938303341902,60,0.0539146168676361,26,0.18924895044298026,56
"(36, 30)",0.041012479362753984,34,0.34198771635957564,40,0.018216593866015707,21,0.1975460682357234,45,0.027711284752863108,12,0.2014184792010069,65,0.07016527720316779,24,0.14222254715601695,69,0.12377117864659049,46,0.13894309113670855,73,0.14417288815330487,50,0.12106251550190747,69,0.06464665037776474,39,0.21103653989560028,65,0.05392412663015134,34,0.2035522318298668,69,0.021540813065832443,9,0.21921251332979919,72,0.026560368870952922,7,0.26487050359712233,58,0.04236548263995199,10,0.2242676501580611,58,0.09444255837673166,36,0.1346610498788032,65,0.04157990740331363,34,0.34398976982097185,39,0.019851201340181257,21,0.19838123554674594,44,0.02427939196419593,11,0.19284416924664602,67,0.07420007966501363,26,0.1333879502329428,70,0.1473229555638087,48,0.11518372874459176,72,0.1686074617933233,50,0.1154166030178047,71,0.02307838042845156,30,0.19672131147540983,55,0.05478168296073549,40,0.16563275434243177,70,0.030142146088803834,14,0.1813415910095587,73,0.04306707341723248,10,0.2292966049546846,57,0.1347253140290472,52,0.14717223650385602,76,0.15945621144073052,54,0.13147475834043,75
"(36, 38)",0.647568029226305,89,0.06030150753768844,87,0.5212617140583107,87,0.043787629994526546,88,0.5914354685246407,90,0.03923584254761568,88,0.470461327736063,90,0.04829945898523175,88,0.46002233383821733,88,0.05851394921074533,88,0.2766453563893657,67,0.08543470301298027,81,0.620921323059155,88,0.04548844146159582,87,0.3141785760492568,82,0.09511568123393317,85,0.42420853211111065,89,0.06447426862641153,86,0.5445468633868558,90,0.058755395683453226,87,0.50930516317555,90,0.06041095890410959,86,0.291929062666915,76,0.0781272165444419,83,0.6254971552251888,89,0.06547314578005115,87,0.5076677189694645,85,0.046291707961678225,88,0.6654396545131913,90,0.028757481940144474,90,0.46099508543023227,89,0.04718485314362603,88,0.3854417228666127,85,0.06283875931041719,84,0.24375926859673958,62,0.09476891219851655,78,0.7980355158840382,87,0.01639344262295082,89,0.3979143133409698,84,0.06327543424317618,87,0.48167352002847386,90,0.04894627993611259,88,0.5728877668044616,90,0.051780328640994286,88,0.3179554173242749,89,0.09125964010282776,82,0.23683543329222034,70,0.10707722648021155,81
"(39, 33)",0.9999,92,0.0,92,9.999999999998899e-05,6,0.007662835249042145,91,9.999999999998899e-05,6,0.036519774999850874,89,9.999999999998899e-05,4,0.09699078812691912,80,9.999999999998899e-05,4,0.08112852576879769,83,9.999999999998899e-05,4,0.09055476159542677,77,9.999999999998899e-05,6,0.011185682326621923,91,9.999999999998899e-05,6,0.018695956999298904,91,9.999999999998899e-05,6,0.027017788757734355,90,9.999999999998899e-05,4,0.051676258992805764,89,9.999999999998899e-05,4,0.05812961011591148,87,9.999999999998899e-05,4,0.08716917592347025,82,0.9999,92,0.0,92,9.999999999998899e-05,6,0.016022464486290054,91,9.999999999998899e-05,6,0.03199174406604747,88,9.999999999998899e-05,4,0.0960989533777355,80,9.999999999998899e-05,4,0.07852063312426287,81,9.999999999998899e-05,4,0.08656245226335352,81,9.999999999998899e-05,9,0.060109289617486336,84,9.999999999998899e-05,6,0.02698511166253102,91,9.999999999998899e-05,6,0.03228579616009171,90,9.999999999998899e-05,4,0.05785783200261334,86,9.999999999998899e-05,4,0.08290488431876607,85,9.999999999998899e-05,4,0.10159413144487771,83
"(38, 36)",9.999999999998899e-05,6,0.07872696817420435,86,9.999999999998899e-05,7,0.07006020799124246,84,9.999999999998899e-05,7,0.051631131780972804,86,9.999999999998899e-05,5,0.053709606667641456,87,9.999999999998899e-05,5,0.06294454585510166,86,9.999999999998899e-05,5,0.04626359738741186,87,9.999999999998899e-05,7,0.04548844146159582,88,9.999999999998899e-05,7,0.06029446132273896,87,9.999999999998899e-05,7,0.07470827951949273,84,9.999999999998899e-05,5,0.08920863309352518,83,9.999999999998899e-05,5,0.08535300316122234,83,9.999999999998899e-05,5,0.0444079860361555,87,9.999999999998899e-05,6,0.08618925831202046,83,9.999999999998899e-05,7,0.07511562603237529,84,9.999999999998899e-05,7,0.043894736842105264,86,9.999999999998899e-05,5,0.04835151160047393,87,9.999999999998899e-05,5,0.044082818604621585,89,9.999999999998899e-05,5,0.051207631074223055,87,9.999999999998899e-05,10,0.07650273224043716,78,9.999999999998899e-05,7,0.062034739454094295,88,9.999999999998899e-05,7,0.0666419351040836,85,9.999999999998899e-05,5,0.08938488069101214,82,9.999999999998899e-05,5,0.07755141388174806,86,9.999999999998899e-05,5,0.06772444085876922,85
