,fri,fri,fri,fri,fri,fri,fri,fri,fri,fri,fri,fri,fri,fri,fri,fri,fri,fri,fri,fri,fri,fri,fri,fri,sat,sat,sat,sat,sat,sat,sat,sat,sat,sat,sat,sat,sat,sat,sat,sat,sat,sat,sat,sat,sat,sat,sat,sat,mtt,mtt,mtt,mtt,mtt,mtt,mtt,mtt,mtt,mtt,mtt,mtt,mtt,mtt,mtt,mtt,mtt,mtt,mtt,mtt,mtt,mtt,mtt,mtt,sun,sun,sun,sun,sun,sun,sun,sun,sun,sun,sun,sun,sun,sun,sun,sun,sun,sun,sun,sun,sun,sun,sun,sun
,Morning,Morning,Morning,Morning,AM Peak,AM Peak,AM Peak,AM Peak,Midday,Midday,Midday,Midday,PM Peak,PM Peak,PM Peak,PM Peak,Evening,Evening,Evening,Evening,Late,Late,Late,Late,Morning,Morning,Morning,Morning,AM Peak,AM Peak,AM Peak,AM Peak,Midday,Midday,Midday,Midday,PM Peak,PM Peak,PM Peak,PM Peak,Evening,Evening,Evening,Evening,Late,Late,Late,Late,Morning,Morning,Morning,Morning,AM Peak,AM Peak,AM Peak,AM Peak,Midday,Midday,Midday,Midday,PM Peak,PM Peak,PM Peak,PM Peak,Evening,Evening,Evening,Evening,Late,Late,Late,Late,Morning,Morning,Morning,Morning,AM Peak,AM Peak,AM Peak,AM Peak,Midday,Midday,Midday,Midday,PM Peak,PM Peak,PM Peak,PM Peak,Evening,Evening,Evening,Evening,Late,Late,Late,Late
,alpha,alpha_rnk,traffic,traffic_rnk,alpha,alpha_rnk,traffic,traffic_rnk,alpha,alpha_rnk,traffic,traffic_rnk,alpha,alpha_rnk,traffic,traffic_rnk,alpha,alpha_rnk,traffic,traffic_rnk,alpha,alpha_rnk,traffic,traffic_rnk,alpha,alpha_rnk,traffic,traffic_rnk,alpha,alpha_rnk,traffic,traffic_rnk,alpha,alpha_rnk,traffic,traffic_rnk,alpha,alpha_rnk,traffic,traffic_rnk,alpha,alpha_rnk,traffic,traffic_rnk,alpha,alpha_rnk,traffic,traffic_rnk,alpha,alpha_rnk,traffic,traffic_rnk,alpha,alpha_rnk,traffic,traffic_rnk,alpha,alpha_rnk,traffic,traffic_rnk,alpha,alpha_rnk,traffic,traffic_rnk,alpha,alpha_rnk,traffic,traffic_rnk,alpha,alpha_rnk,traffic,traffic_rnk,alpha,alpha_rnk,traffic,traffic_rnk,alpha,alpha_rnk,traffic,traffic_rnk,alpha,alpha_rnk,traffic,traffic_rnk,alpha,alpha_rnk,traffic,traffic_rnk,alpha,alpha_rnk,traffic,traffic_rnk,alpha,alpha_rnk,traffic,traffic_rnk
"(0, 105)",0.030103868621507046,63,0.15603265799818566,99,0.19009807137584045,144,0.13937612118796094,106,0.1250000000000001,120,0.1531296112365568,119,0.04099673240419277,48,0.23683208203625708,80,0.09386924980634737,96,0.11793711009716153,117,0.135731681091954,127,0.05161977198578843,132,0.03789170456178148,67,0.16353383458646614,116,0.17820248185162924,146,0.15789473684210525,119,0.14072708871785156,132,0.15477836943390838,110,0.05680167882834608,44,0.2197240400159873,93,0.07629508495164883,63,0.1408675613707454,109,0.12269766869084342,120,0.06067825799859905,129,0.028204994412909468,62,0.15770139071109943,93,0.19010250042941412,147,0.14070674621385956,108,0.13157242308182848,128,0.15720077951491734,120,0.03628142523445432,49,0.2307567965216588,80,0.08661031937549579,96,0.11241445487850885,111,0.16428599176837944,140,0.054381937152586206,141,0.9997000299990002,123,0.0,89,0.06580553765730135,75,0.053467000835421885,170,0.15652061910813586,153,0.1345754189944134,122,0.06958252979380886,60,0.16332717045476816,97,0.1204851279085336,114,0.11150125944584383,128,0.1769397331432614,145,0.07239347300447392,146
"(0, 74)",0.32696679613666635,170,0.07045660719685516,172,0.07677180061385735,90,0.18855889974088103,81,0.1250000000000001,121,0.1531296112365568,120,0.28125268910275325,190,0.12464017579197949,136,0.16234896050123993,144,0.09825208154205801,126,0.11484944253678397,118,0.054575810490912105,129,0.29291652339696217,167,0.08270676691729323,171,0.08360487841892983,91,0.20320218020780106,89,0.11049058760439712,109,0.1677751904547736,105,0.23328614303020423,200,0.13720448837639368,137,0.19097374748437212,181,0.10374932819864441,147,0.12733095368741765,125,0.059933164683469195,131,0.33657525893071205,171,0.06901075833114667,174,0.07676938077929751,87,0.1903625516291877,81,0.11865017873541817,114,0.16271222628539375,115,0.29934996470600983,190,0.1141973985016478,142,0.17332838040064835,144,0.08920492091744374,128,0.09253654738133965,101,0.06584918756340208,128,0.9997000299990002,124,0.0,90,0.2120001025571966,163,0.03620161514898357,190,0.09802355005320129,91,0.15729422718808192,102,0.20401649376979503,184,0.11411342745333741,138,0.1296262751568651,131,0.10881612090680101,132,0.08437143952525206,86,0.09266364544572663,127
"(105, 85)",0.14743885135002754,122,0.149077713940127,102,0.07429903181214459,88,0.21048435319912298,75,0.1022099416207467,100,0.21244589957213422,90,0.21915195615292982,172,0.14814136605017397,121,0.18979251882149883,158,0.11161900157403312,120,0.2458746340998359,164,0.04852661846132752,138,0.17080680050318975,139,0.20676691729323307,87,0.06300992637840519,70,0.3019928461931528,54,0.08189217105341595,72,0.22728242566392465,77,0.16056718871330755,160,0.1956655312498136,100,0.1786887043798815,173,0.14589398877946744,108,0.2961125137248849,186,0.050862657440002144,145,0.17218584493357847,133,0.1348727368144844,113,0.06861693030064275,82,0.21633776961909132,74,0.09654563598216925,90,0.228020672635133,88,0.23763292898383725,173,0.13437336086800183,125,0.23653939199246776,164,0.08726551838508029,133,0.23480404568263435,158,0.056754880848564664,137,0.9991003599160128,89,0.0,91,0.2118592030808315,161,0.07184628237259816,147,0.09113261267800488,83,0.19757914338919924,84,0.18056554878392306,174,0.14296353884246768,111,0.20022036114265762,176,0.11519899244332493,125,0.2511270746023663,169,0.07336354554273387,144
"(105, 55)",0.06590775786758662,96,0.20290293317205926,63,0.042179670364784205,66,0.248804066175005,61,0.03321977080297278,31,0.2989173267599375,64,0.00915835872465287,20,0.3878410547518769,35,0.023107527168952924,37,0.22644375647262752,63,0.04146735898780962,65,0.10014639044711596,87,0.14020664980970043,123,0.2274436090225564,75,0.04944986220875536,61,0.3243059104070857,50,0.044469602941022424,43,0.2737928398522105,63,0.01253220233920116,19,0.4099252533808975,31,0.014280252104937774,23,0.3152459276271783,40,0.0403933428110983,56,0.12061142268206823,85,0.08840189416635902,101,0.1794804513251115,72,0.04523666815795013,67,0.24456172556218447,63,0.0348631645431966,30,0.3102841964025931,64,0.006821837089706184,20,0.38739761094964914,32,0.018713841531937003,50,0.21065051004261118,63,0.039028179422229026,72,0.11548523732403138,81,0.9991003599160128,90,0.0,92,0.2118592030808315,162,0.07184628237259816,148,0.05025334852182706,45,0.23904469273743018,71,0.017009663166522193,21,0.30052199363677345,43,0.04055156879194077,39,0.2109168765743073,66,0.09171644672986845,92,0.12017316518742671,108
"(105, 54)",0.05822874508091258,90,0.21076504384638645,58,0.33998881938706893,182,0.0947777556308551,142,0.23487581815471548,197,0.14110265170434153,128,0.4515929655554056,214,0.08069218091924556,183,0.4579224349637141,210,0.05503072523644835,182,0.4452898243151596,198,0.028903039517355133,173,0.01520123543205909,52,0.431390977443609,19,0.19864694471592403,156,0.18770226537216828,102,0.23964604774613418,193,0.13743290143629686,124,0.31349868558318605,209,0.12865605220929052,148,0.3296671012315081,211,0.09717630774108486,156,0.36834964909403667,200,0.0422383138582895,164,0.06479986821513106,91,0.1991603253739176,62,0.35171134478641775,183,0.09210647085819183,148,0.23767565846531902,198,0.1470842499890106,127,0.47942781278519553,211,0.07142079549240762,183,0.5387215189298096,208,0.03916023363977244,188,0.5611695249743922,201,0.023729436959784536,186,5.080526342537972e-05,13,0.0946372239747634,47,0.011727020944370059,28,0.1768309663046505,44,0.21899684760226978,191,0.13128491620111732,125,0.33879459566758807,213,0.09353420397603662,157,0.3388086445837395,208,0.07976322418136021,165,0.41666204032114296,198,0.04777969218295279,180
"(105, 36)",0.15131105554669344,124,0.14726338070758996,103,0.38666181792308174,188,0.0840641817819414,155,0.2505619810302754,201,0.13527813174771683,130,0.14381685932500732,132,0.18501007141549167,105,0.10081918747588225,101,0.14897825197166192,97,0.058661401285600934,76,0.0908709626684196,98,0.25034249256228847,160,0.16541353383458646,115,0.3975926302912136,201,0.11122466360074945,164,0.28635386494011217,203,0.12146893088982251,138,0.21630958779022968,194,0.16643500981310363,112,0.1430606041902086,142,0.1627789183901513,98,0.05131219759439121,66,0.11302664043224336,95,0.08876239075030301,102,0.17921805300446075,73,0.3798482874608373,188,0.0856815052776503,154,0.25676810289650676,203,0.1397579819690078,131,0.1490468158102477,131,0.17357727466161718,108,0.08497029552003932,95,0.14127762572569355,92,0.05490250161554833,79,0.1051985264019648,91,0.02601229487374901,39,0.0473186119873817,70,0.14065393999708364,128,0.08883319409635199,121,0.25633044247455805,199,0.11868342644320298,133,0.1504051014039045,148,0.1566830211606682,101,0.08086034243450402,80,0.1716221662468514,81,0.02805290277022765,50,0.16892292990863947,65
"(105, 0)",0.43885874546369463,178,0.0680374962201391,179,0.08518028137348033,94,0.2008670520231214,79,0.18702793000921059,183,0.16129571355591976,113,0.20805932387974957,167,0.15278154184215345,120,0.16543998935373883,145,0.1199534108171512,114,0.13193847793261881,126,0.06775095073134732,115,0.3467553823217189,175,0.1287593984962406,142,0.15053302911544697,136,0.21665815022994378,81,0.15285083722983428,145,0.17637117459518287,101,0.2233049773861998,196,0.16325544493029417,115,0.2594010183308443,205,0.11664018126070533,132,0.1543145906263811,140,0.07540165883649441,114,0.4361121932354961,180,0.06691157176594069,178,0.08470889627010636,92,0.2015603487838458,77,0.18253454174973982,180,0.1716439936114943,109,0.21294711885798123,160,0.1437751745933303,119,0.1523419602185786,133,0.11123207761661101,113,0.11865020941750526,114,0.08048431780834919,116,0.9991003599160128,91,0.0,93,0.3967950575328564,198,0.04427736006683375,183,0.15355765245263964,147,0.1589068901303538,101,0.2090825103577636,187,0.13175276186245238,121,0.16830700807098642,156,0.12644836272040302,120,0.128118319165747,121,0.1052166736647024,120
"(74, 0)",0.053995622726763726,86,0.11097671605684911,122,0.2070598944931995,149,0.10763404424955153,128,0.13146520999953493,131,0.1303404884848462,138,0.03409101761932343,40,0.22859183299761945,86,0.08427435279812046,90,0.10356203970519157,124,0.10673856605809262,113,0.049603374642593574,136,0.10020825694824853,103,0.09210526315789473,168,0.22337721955855738,168,0.11701584057230455,159,0.1652934860474069,158,0.1322139110653341,129,0.05201650509639377,40,0.2053116033239279,96,0.06075690850032256,49,0.13210611174908077,115,0.09796040648525373,104,0.055471528065925146,137,0.04970131079831552,80,0.11598005772763054,122,0.2055939368645232,151,0.11060119320789352,124,0.1373671040942599,137,0.1321512225448106,137,0.027889119855913025,38,0.22712802631188292,83,0.07195932850997877,84,0.10085146353999196,118,0.11666950366265971,113,0.0533912331595152,142,0.9997000299990002,125,0.0,94,0.11480116660687845,112,0.04093567251461988,185,0.19030766880166394,179,0.11291061452513967,143,0.051297388498374064,43,0.15690514611248668,100,0.08409450941994301,83,0.10595969773299749,137,0.1084541804092587,106,0.07094560354438445,149
"(74, 34)",0.2406811942798437,148,0.0674327184759601,180,0.06811465360891467,85,0.15591987243372535,94,0.11875030705427514,111,0.1348356429476211,131,0.308573167026573,198,0.10968687053653177,149,0.17709890879694057,149,0.08085256007010354,147,0.1452338205296786,132,0.044764021018925904,144,0.15357656791961882,132,0.07988721804511278,174,0.06081230937140325,69,0.18054845852495316,106,0.0918524905389213,85,0.1608170482925459,107,0.24614930939020696,203,0.12229095703113349,155,0.22350917651114555,194,0.0855768598748033,167,0.15660691622362743,141,0.04744058215434586,154,0.25283388663271744,152,0.0674363684072422,175,0.06881729368517564,83,0.15929325378614043,98,0.1133983749354408,105,0.14087366792748252,129,0.3382336707889284,200,0.09885759716032237,154,0.19923972099079945,153,0.07182119012474461,145,0.13371789303155523,129,0.05101828946353675,146,0.9997000299990002,126,0.0,95,0.1357856591547726,123,0.03870788081314397,186,0.07665738291762869,65,0.15288640595903166,105,0.24819126763851074,198,0.09276983281830832,158,0.17739434153300748,162,0.08261964735516372,162,0.14314845972957158,130,0.064676328782197,158
"(1, 67)",0.003830288652089231,41,0.2249773208345933,53,0.11047600793394086,107,0.11117201514849512,127,0.089619583163695,80,0.13059496702224027,137,0.06397458913684129,72,0.1411206738692547,124,0.15197094445918657,137,0.08186071043009838,145,0.30651920697688206,180,0.036565349421495606,159,0.0038423398923026486,33,0.19736842105263158,92,0.11698528165013211,112,0.12348833248168967,153,0.10845372025430522,106,0.11578944136848067,146,0.07094730330950583,60,0.13919097075158235,136,0.10649642400000003,96,0.1016884929610684,149,0.3085787980217434,190,0.03539416328697693,180,0.004021055177297006,41,0.2067698766727893,59,0.12404255736839342,115,0.10784763653051858,127,0.08750041597481184,79,0.1401766258558651,130,0.05889646314863428,71,0.1414131750749671,121,0.17136135724675627,142,0.07072236414687809,149,0.3455610030746139,180,0.03756963106657886,162,0.00048246903528803564,22,0.14826498422712933,37,0.040562113319509874,58,0.14257866889445836,58,0.09465781393833916,90,0.11067597765363128,144,0.08620705717300403,75,0.1080115243651473,143,0.14912428983888304,147,0.08463476070528966,160,0.35880347002303226,185,0.04874976472121274,178
"(1, 62)",0.6002235777924481,194,0.04172966434835198,193,0.14074422116421847,126,0.10255132549332271,131,0.16864659195664822,162,0.10577951143919007,160,0.21605718705682275,170,0.0940596960263688,166,0.10142528056965106,103,0.09367282636464278,132,0.03456718217750532,58,0.07568345787947589,110,0.5998737292033572,201,0.03665413533834586,198,0.13337266628390132,127,0.11820814171350706,158,0.14314901341810615,135,0.10555715024705778,158,0.20125137669748994,183,0.09832789486556943,175,0.145531576,147,0.09163563814362437,162,0.0340897211421366,47,0.07376423819785574,115,0.5947848252125573,194,0.03909734977696142,194,0.12596235678319845,120,0.1072969251950436,128,0.1719234820621831,164,0.11191816349299713,155,0.2280187429134244,171,0.09005947884262024,162,0.08785962726877372,97,0.08836181250585493,130,0.026533490458993336,58,0.08839215267519739,104,0.7826778539174226,85,0.012618296529968454,86,0.28283039161145673,179,0.07463102199944305,146,0.16121856195225392,155,0.09267597765363128,164,0.1739705726475319,170,0.08547237484238929,165,0.10362875989258158,98,0.09555163727959697,143,0.024240533330762704,48,0.1196953682655972,109
"(67, 90)",0.009021632356953302,49,0.2518899304505594,46,0.09187772509298497,98,0.12392864261510864,118,0.08599910424399204,71,0.14331889389194535,127,0.09072448780081888,93,0.14661417322834644,122,0.17765094788710012,150,0.08708001747094357,140,0.2923098995633069,175,0.040194864639246354,151,0.011739293764087222,47,0.23966165413533833,64,0.11098012428758741,107,0.13881791858286494,138,0.09196204902195904,86,0.1336475984201809,127,0.07501211241868622,63,0.15499931397755812,118,0.1109196780890025,104,0.11316034690082087,135,0.285504823720221,182,0.04134598653478069,165,0.010515157011499632,47,0.23196011545526107,47,0.105483159376767,105,0.11968793024323084,119,0.08573414173225413,72,0.15357323023529879,123,0.08861959977727163,95,0.1462493360999957,118,0.20106794787602378,156,0.07553289262140887,141,0.3373754868929185,178,0.04211975060361755,155,0.00018658892128287086,21,0.20820189274447948,29,0.029471813443072814,48,0.17321080478975215,45,0.09095820764615892,82,0.12364990689013035,130,0.11784745704422728,113,0.11694225404561401,135,0.19906951200960088,174,0.09202518891687657,150,0.4319720051848651,202,0.04970535856487179,176
"(67, 1)",0.49646402595818806,185,0.06622316298760206,181,0.16525615819182926,138,0.10190352800478374,132,0.17430314011156134,171,0.11324864642106323,152,0.16697489425768708,147,0.11963742904229994,141,0.08393867086690632,89,0.11180305082231556,119,0.038047186316839676,62,0.07931297309722664,108,0.4614012021036814,186,0.07048872180451127,181,0.14015351541179877,131,0.12842786578095725,148,0.16513151351295652,157,0.10995645213034581,153,0.19336222413292348,180,0.11304456759707218,162,0.14022416234933277,138,0.10465408513221439,145,0.03983602782693196,55,0.0797160614456595,112,0.4762308380689735,187,0.06507478352138546,181,0.14678692577106367,129,0.10720513997246443,129,0.1747282728941726,171,0.1211283290038578,148,0.17018112944147856,144,0.11766122461097935,140,0.07103890800678458,82,0.10684436927642056,115,0.028052151162298755,60,0.09650168775620374,99,0.8381807580174928,86,0.012618296529968454,87,0.3300985569272977,187,0.07741576162628794,139,0.16662443567141905,162,0.1010558659217877,155,0.13243624852130176,130,0.11248015574878974,140,0.07204570999526627,69,0.12913350125944584,115,0.014538164246728824,33,0.15395195969131426,79
"(62, 1)",0.0041591994817820055,42,0.17357121257937708,88,0.12043992729192055,112,0.09014351205899941,147,0.08432103840965421,69,0.11907316637768793,146,0.0392573924822589,46,0.13990111701153635,126,0.08218906960457484,85,0.08332486340524073,142,0.18319972236649884,150,0.03804135227671424,155,0.0037716747717915222,32,0.1682330827067669,112,0.11898960465747532,114,0.11156532106966445,162,0.10087163123289145,97,0.10345880911849717,163,0.053043019362103316,41,0.1268664284478593,151,0.07556792490368425,62,0.09537452683918912,157,0.22058286757955226,167,0.03360950863995931,185,0.004571273644796814,43,0.15560220414589346,95,0.1369645375457118,125,0.0869664983937586,153,0.08562533072152889,71,0.1258024880006196,142,0.035560366260109166,48,0.13970765307637242,123,0.09611471805578975,100,0.0708919985720326,148,0.2067123550205261,155,0.03895780312872626,159,9.391435011263383e-05,14,0.13249211356466878,42,0.049000011395380794,65,0.11194653299916457,90,0.1003625326516906,97,0.08994413407821229,168,0.0766637336550886,67,0.09538306754558461,154,0.1287665755518591,130,0.07522921914357683,170,0.32134178642357514,181,0.041510417420765354,188
"(62, 98)",0.5909726359547627,193,0.033262775929845785,196,0.1296737457599566,122,0.0879509667131752,149,0.1770223396315611,174,0.09299291448191778,174,0.28767173012604996,191,0.07202710126350485,189,0.1805711718037205,154,0.06409583746528474,169,0.08065090758948834,92,0.05000665411123254,135,0.6019376523908999,202,0.03101503759398496,203,0.13120945993454614,125,0.10798841764605689,169,0.15269838010586834,144,0.0901043337575042,175,0.24328594604695442,202,0.07635728048773213,192,0.19232173330098556,182,0.06985574153336968,184,0.06199863950867546,75,0.051308821101756545,144,0.580170013067328,193,0.030963001836788243,197,0.11375334992245711,108,0.09251950435979807,146,0.17490331447236662,172,0.09914952494384939,165,0.3023236806455397,191,0.06845180168440916,185,0.1591601566802585,140,0.059921461793010555,162,0.06828049609006093,84,0.05635741277948827,138,0.8697407963936892,88,0.006309148264984227,88,0.2549238011612177,172,0.06460595934280144,160,0.15337168966176384,146,0.0780875232774674,185,0.1902960256243822,178,0.0704462751605506,183,0.12130760128666473,115,0.07674055415617129,168,0.03127223362231302,52,0.09024570344737719,131
"(2, 104)",0.5496683227698977,191,0.1530087692772906,100,0.4177630463492771,192,0.14665138529001395,101,0.21097955122192658,191,0.27119056074535625,73,0.05127304818479128,58,0.4197656106940121,30,0.018657934600012527,32,0.3744166050880003,26,0.006559316090604339,30,0.2457302786257849,34,0.49735542227178287,194,0.16729323308270677,113,0.34694791283280213,194,0.20064724919093851,94,0.2684219064744311,197,0.19422779664971515,87,0.08857429071279399,76,0.32969045474339775,59,0.06327559192366738,54,0.2963001627789184,47,0.013349676445258418,30,0.22427308785408664,39,0.5634298446086033,191,0.14510627131986353,103,0.41309630650581897,193,0.1486920605782469,104,0.21908275455632398,192,0.2984240150879257,67,0.045671841435186655,58,0.41065472911230383,28,0.012716099309090456,36,0.36754209845379493,20,0.0060015214105447745,35,0.30630550463613876,23,0.9997000299990002,127,0.0,96,0.3667480704995697,189,0.12726260094681147,72,0.2729274683056744,201,0.17479888268156424,92,0.09293078775129437,84,0.2474929279335193,66,0.0427649695798451,43,0.28916876574307304,35,0.01779498556662462,39,0.31418767283941684,25
"(2, 89)",0.005914369043564349,45,0.6930752948291503,3,0.016087873152986543,44,0.43427347020131557,19,0.06627526711038723,52,0.3989368874236327,27,0.2482609136608549,183,0.24812305438564364,77,0.39669417705276544,204,0.13515258232083355,104,0.5369881065786922,203,0.05659220783410696,124,0.008960196647978647,39,0.638157894736842,4,0.02628406047444476,43,0.4741951967296883,16,0.04471289731572936,44,0.3529986937174101,37,0.17025115228749743,167,0.26516258731872605,76,0.21764024116116687,190,0.19628972327583874,88,0.4438054758639608,205,0.06974876524206611,119,0.005273801136026712,45,0.6885331933875622,3,0.016627982114128526,44,0.43386874713171175,19,0.06264601588838326,51,0.452972685579602,23,0.26528905174151707,182,0.22844757911543778,82,0.45049586442548517,202,0.11190808346013718,112,0.5478907902422793,200,0.06802636340446232,126,0.9997000299990002,128,0.0,97,0.022955696115118274,45,0.3205235310498468,16,0.043370094904432666,40,0.3227188081936685,40,0.1637094535134166,161,0.20492333422618852,82,0.2750049928969672,199,0.15550125944584384,91,0.4034599699716699,194,0.11100815150506033,114
"(104, 82)",0.556331762762534,192,0.14968249168430603,101,0.42901394383016367,195,0.12955949770779351,114,0.22199399723866609,193,0.24156470116813245,82,0.057514372447991624,65,0.3797216626991393,38,0.017787051274873233,30,0.3387962080360846,32,0.004967711174946654,27,0.22019058987687878,38,0.47993100199212635,189,0.162593984962406,117,0.35997153750598254,196,0.18003747232158065,107,0.28556178384625464,201,0.17294352591919468,104,0.09027619638563233,80,0.3066222044585493,67,0.06475861919172399,55,0.26485405961342906,66,0.01230381296700278,29,0.206127611730535,49,0.5733480689620472,192,0.14064549986880084,108,0.4272274310399894,196,0.13001376778338686,114,0.2289572898463248,196,0.26660707968677066,77,0.051605568117437994,63,0.36986075419040493,36,0.011233604251645879,33,0.3345418731185137,23,0.003578881575908688,26,0.2748640006644242,29,0.9997000299990002,129,0.0,98,0.3759592339935893,193,0.11584516847674742,82,0.2850041978336696,203,0.15667225325884543,103,0.09637307791848182,90,0.22506484088667053,76,0.04606453524070209,46,0.25994962216624684,42,0.019559930328340247,40,0.28136447217918836,31
"(104, 2)",0.005596767791655077,44,0.6933776837012399,2,0.014849415380141062,42,0.39754833565876024,23,0.06139639644174666,50,0.37076573351539305,36,0.2314706950097103,178,0.23872184581578468,79,0.4035235417080124,206,0.1196787104465804,115,0.5704886248142158,206,0.04530038271221574,142,0.010227355335934218,44,0.5864661654135338,8,0.02404750047721893,41,0.44370635326179525,21,0.039820707732873606,39,0.33350422968469623,46,0.16765016731120297,163,0.249455656105898,81,0.21430426391944435,189,0.17773060668978824,92,0.4550070237314967,206,0.061869514975483306,125,0.004847861222225136,44,0.6903699816321175,2,0.015040233496458777,41,0.3966957319871501,22,0.058517143361577206,48,0.4201091404613037,27,0.24731248033002684,178,0.219375653590998,89,0.46735843594303916,203,0.09654730648383283,121,0.6077280533759144,207,0.049636049760629304,149,0.9997000299990002,130,0.0,99,0.021545491904331415,41,0.3004734057365636,19,0.03997093404758312,36,0.30155121042830535,46,0.15879913166312898,155,0.19055054322616893,85,0.2640257608170483,196,0.1452544080604534,102,0.3899192191430829,193,0.10376880420461293,121
"(89, 2)",0.15519188318298882,126,0.16056849107952828,96,0.09317514280955586,99,0.14690053817022125,100,0.012640462422959242,21,0.288979370146629,67,0.0005068578515635691,15,0.46053836293719097,26,0.0002526778817425468,15,0.4047242969730766,22,0.00011025678725917754,16,0.27127400016937736,31,0.05101266682265293,73,0.18421052631578946,102,0.028727139521359635,45,0.20746039856923862,85,0.019753939759379113,27,0.20794146134800381,82,0.0024886929453620255,15,0.3483800922252778,50,0.0020378709431342346,15,0.31769727760958577,39,0.00027540206940268597,16,0.24330642966452956,35,0.14726628568507572,121,0.1514038310154815,96,0.09140778482846623,96,0.1491968793024323,103,0.013647725388655996,21,0.3165638547054526,61,0.0005580511755789441,16,0.44958153681717267,25,0.00019285093471577142,16,0.3948000719047414,19,0.00011921884765186963,16,0.34032165251798985,17,0.9995000999900006,97,0.0,100,0.03350854341570009,53,0.12698412698412698,73,0.023073499962713795,28,0.18646741154562382,88,0.0038623902026769796,15,0.26676553404718195,56,0.0013788472593960766,15,0.30982367758186397,30,0.0006971569422171697,14,0.34024932312102746,18
"(89, 88)",0.9995000999900006,220,0.0,219,0.9995000999900006,220,0.0,219,0.9995000999900006,220,0.0,219,0.9995000999900006,220,0.0,219,0.9995000999900006,220,0.0,219,0.9995000999900006,220,0.0,219,0.9995000999900006,220,0.0,219,0.9995000999900006,220,0.0,219,0.9995000999900006,220,0.0,219,0.9995000999900006,220,0.0,219,0.9995000999900006,220,0.0,219,0.9995000999900006,220,0.0,219,0.9995000999900006,220,0.0,219,0.9995000999900006,220,0.0,219,0.9995000999900006,220,0.0,219,0.9995000999900006,220,0.0,219,0.9995000999900006,220,0.0,219,0.9995000999900006,220,0.0,219,0.9995000999900006,98,0.0,101,0.9995000999900006,220,0.0,219,0.9995000999900006,220,0.0,219,0.9995000999900006,220,0.0,219,0.9995000999900006,220,0.0,219,0.9995000999900006,216,0.0,215
"(89, 83)",0.002912761997938218,38,0.3556093135772604,28,0.007707011489533566,34,0.24182778552920073,65,0.06723076196902722,53,0.20687395905934094,93,0.2900728755605211,192,0.12934261124336202,134,0.3470211191810665,199,0.09541167971035593,129,0.41420761194714784,195,0.05229324869841551,131,0.018149855507443413,54,0.22650375939849623,78,0.033947076017513345,48,0.20064724919093851,95,0.047566251551422134,46,0.17442633318341524,103,0.16635384692736888,162,0.15032839596022263,125,0.18090051176568267,174,0.12952716784014415,119,0.33997300027538835,197,0.058594673698205986,132,0.003265051571147537,39,0.3243243243243243,31,0.00795258394488052,35,0.24313905461220742,64,0.06359363985917155,52,0.23269692485132912,87,0.28224409313526166,187,0.12942503785467105,131,0.36907931608707,186,0.08709588395992578,134,0.40795676908407197,187,0.06683989155647309,127,0.9995000999900006,99,0.0,102,0.029114916547878344,47,0.13060428849902533,65,0.04159580971503274,38,0.16573556797020483,98,0.1358884782428179,133,0.13087732822881484,122,0.2103677435165826,181,0.11335012594458438,127,0.26423043844111493,175,0.10376880420461293,122
"(3, 64)",0.0009250324516596464,28,0.6918657393407923,4,0.010104725152065175,37,0.5441498903727328,12,0.05077781313304164,44,0.4647081947786321,21,0.18661104000365658,156,0.31776963926020874,57,0.3239938466666079,189,0.20391832608582192,75,0.47405628138661704,199,0.10135622885303287,86,0.0030167032704003782,29,0.5620300751879699,9,0.02574169702754081,42,0.5045137114631238,11,0.03973068905495114,38,0.456968656892828,22,0.09419018172728166,81,0.40753908836565594,32,0.16104683649403595,154,0.2960449749258602,48,0.32345796151002226,192,0.13280953719443367,74,0.0008371778549121078,28,0.6859092101810548,4,0.011645354810835284,37,0.5307939421753097,13,0.05238565376362392,44,0.4672756539740818,21,0.22589315829281142,168,0.27485295233445384,66,0.4403192752229118,201,0.14710089703696766,89,0.6037558296197024,206,0.08265556129016949,110,0.002370370370370467,25,0.3280757097791798,25,0.014039980281051578,30,0.4825953773322194,8,0.04877530484486048,44,0.4356927374301676,22,0.16133676285449972,159,0.2883247205472113,48,0.26161692351134,194,0.19882619647355165,68,0.434072108385535,203,0.11872529572733724,110
"(3, 47)",0.7352485375680642,205,0.07469005140610825,167,0.4815346216642542,201,0.15008969503687464,98,0.24968561325287375,200,0.27327956366426304,72,0.07870476053273157,84,0.42373191723127634,29,0.03071599561949212,49,0.44721220328926226,13,0.010687498344402968,37,0.3587856448640343,19,0.6261408301771367,206,0.09492481203007519,167,0.3500072114625882,195,0.2113779594617612,83,0.2858969221507861,202,0.2366965632948407,74,0.16188751103215449,161,0.34022537328568964,56,0.09477831774512357,88,0.35326891773284924,32,0.030827610435046005,45,0.29075147345549296,27,0.7430666492089983,205,0.0713723432170034,170,0.462490902665048,200,0.15557595227168425,101,0.2451127255488429,200,0.2793757182359184,72,0.05976549523213537,73,0.42813880375940594,26,0.013690612313366324,38,0.4678036392913839,10,0.003710277417334762,27,0.4512567703049825,9,0.650962962962963,82,0.050473186119873815,67,0.4368249032765379,205,0.15343915343915343,55,0.25560010302597846,198,0.2508379888268156,68,0.0945749786143062,86,0.3445092671836516,32,0.046823081242522546,48,0.3528110831234257,22,0.014320695935142624,32,0.37017678486107697,17
"(64, 87)",0.0010462590648911974,30,0.679770184457212,5,0.00883562250743708,35,0.6045943791110225,7,0.0464556447907738,38,0.5654228236862545,9,0.18059123694903012,153,0.3852151620582311,36,0.31230737117732543,184,0.25950119906711755,48,0.37402226920035586,187,0.1693773768283683,55,0.0024543521974064175,28,0.6268796992481203,5,0.02110186559347005,39,0.5896780786918753,4,0.03581613575166398,36,0.5556689747907415,9,0.09906589642081687,89,0.49851162957174305,22,0.1663109517846193,162,0.3735022212942664,31,0.24561407884745334,175,0.2159432122891319,42,0.0008893749772174164,30,0.6683285226974547,5,0.010221800075175147,36,0.5837999082147775,10,0.04741845950351642,40,0.566284933215834,9,0.21764064116196935,165,0.3353874371975338,46,0.4225719437137925,199,0.1917451331377052,75,0.5728962620471569,202,0.11172412156590554,84,0.00015978094637836282,20,0.7697160883280757,3,0.009036529665501503,27,0.6276803118908382,2,0.04029423890298234,37,0.5554320297951583,13,0.16502147214227136,162,0.3648728987959521,28,0.2685721747494506,197,0.2552493702770781,47,0.41053238480324517,195,0.16457932152837101,69
"(64, 3)",0.7253155771256288,204,0.07680677351073481,165,0.49917881855848656,204,0.15756428144309348,93,0.2627786414469907,205,0.3173385343175702,56,0.082177197827205,87,0.5008240249038638,20,0.03324183553910731,54,0.5475684896698926,9,0.021835192401559844,51,0.436618582311356,8,0.6474621239541377,208,0.09774436090225563,165,0.3789724834071003,197,0.22517458695281894,78,0.3012620535487478,204,0.2732294958915801,65,0.15510593316123322,153,0.4293128441297358,27,0.09116788748108418,80,0.456372543333604,21,0.052206764610455814,67,0.36183872968282227,22,0.7383527020889512,204,0.07110994489635265,172,0.4800032925998923,202,0.16181734740706746,96,0.25975455728960395,204,0.3212401069216487,59,0.06327541637742395,76,0.5062695252578902,15,0.015547732131469538,40,0.5765038598161366,7,0.004866642055226134,33,0.5475567578470282,7,0.8458831251289778,87,0.044164037854889586,71,0.49624864471619856,208,0.16513505987190197,51,0.2838113746651676,202,0.2897579143389199,52,0.09203657177313929,83,0.4432699406142408,20,0.04466742829765069,45,0.4641460957178841,11,0.01693157303178494,38,0.4763490523694384,10
"(47, 32)",0.6889367909739235,203,0.07589960689446629,166,0.42363967284312376,194,0.14849511660354794,99,0.22598628674975485,195,0.245615467737249,81,0.07941050373734304,85,0.36452298113898557,43,0.030716056038469386,50,0.3837564176874075,24,0.01065252870841249,36,0.30259268370388,28,0.547392139177821,197,0.09868421052631579,164,0.2835137399135067,186,0.20422415261454607,86,0.24708761743778052,194,0.2121872635144988,81,0.15930400629392039,157,0.2844487660544165,73,0.09215634660865268,82,0.2947535697300809,51,0.029885784166343354,43,0.23929095670873993,37,0.6928450032006308,203,0.07347152978220939,168,0.40675741835224566,190,0.15406149609912803,102,0.22338214709467585,193,0.2525113400162852,81,0.0635003669048253,77,0.3674393747958817,37,0.016231023087481367,44,0.39505325761392723,18,0.004521127152490534,31,0.3772980476605741,13,0.5822906999549675,80,0.050473186119873815,68,0.37133402827823936,190,0.14230019493177387,59,0.22627463919248725,193,0.2184972067039106,76,0.09093409573251998,81,0.2858225482958443,49,0.039274953737668095,37,0.308816120906801,31,0.009386460925004725,26,0.3267407010583926,22
"(47, 3)",0.0015933526902437434,31,0.5739340792258845,11,0.015430014742590759,43,0.4479768786127168,18,0.059727127917126754,49,0.38273002296004116,30,0.1853626803949615,155,0.2747958249404871,68,0.32399355607187896,188,0.17498413605359955,84,0.4744950833567152,200,0.08536216512681122,103,0.006026157215704542,35,0.44360902255639095,18,0.040375322941460956,52,0.39107477431442683,36,0.05168474014712232,49,0.3574501855044077,34,0.09601201260107117,85,0.33674753777597494,58,0.16484483760860835,160,0.2428151086674941,72,0.32804013929158626,194,0.10767267649119051,99,0.0015261013700065273,31,0.5646811860404093,10,0.017387618263969506,46,0.4406149609912804,18,0.060810239594962345,50,0.38961721296205204,36,0.21712907421164496,163,0.2438962435630565,76,0.41651270684805086,194,0.13393524015930447,98,0.5814420447738535,204,0.07474772642332128,117,0.004487916263546721,27,0.25552050473186116,28,0.02224323337551759,44,0.3636869952659426,14,0.05960850253323402,50,0.3408435754189944,33,0.16666054055560153,164,0.23355785375031848,71,0.28760549201082564,202,0.15902770780856423,90,0.49127355545721463,206,0.08734996452719823,134
"(4, 60)",0.0020448317025152374,33,0.5824009676443908,10,0.0015828900276202429,22,0.5250647797488539,13,0.10133571683888154,99,0.3205669933740625,54,0.4356853799071969,213,0.1604724409448819,117,0.5330900380097321,215,0.09623578082206832,128,0.6694216785083413,213,0.04839353623667665,139,0.024412809630601107,59,0.28289473684210525,52,0.01767186176618818,35,0.26162493612672455,66,0.06572757833130394,60,0.24130155479863138,73,0.22340101818599623,197,0.1708076572035339,108,0.2772198648097306,207,0.13184705741340047,116,0.5566711433934095,212,0.049225236801363474,149,0.0023443113488945677,34,0.5258462345840986,14,0.0015810487653081795,22,0.5579164754474529,11,0.09338732824846074,89,0.34573077430280097,51,0.49602664896046555,214,0.1398165161826657,122,0.654015406235912,215,0.06540546425397564,155,0.6600534600219462,210,0.055568409000575435,139,1.000088900582341e-12,3,0.08832807570977917,50,0.015625,33,0.2247284878863826,31,0.08576073722873101,75,0.2143389199255121,78,0.31080628318807546,210,0.12129982295334722,130,0.37312595827664996,212,0.09420654911838791,145,0.4293626885042432,200,0.09411151490581611,126
"(4, 11)",0.6655065344307292,201,0.084668884185062,157,0.689536535374368,211,0.06926450069762807,179,0.15208828498426286,143,0.27998906122107914,69,0.014155590327880607,23,0.5029005676616004,19,0.00676875882539818,20,0.4125093054750531,21,0.0019633534368772576,20,0.3380812769441095,24,0.35776834914476385,176,0.11560150375939848,152,0.40444936461468184,202,0.09214784534150912,178,0.21217026807951622,182,0.16327304376123428,106,0.06080231364328881,47,0.26356982217105224,77,0.042129364677982784,34,0.24706823955179735,71,0.005580970160007359,21,0.22828856080987628,38,0.6520686415089687,200,0.08055628443977958,161,0.6896423902135319,211,0.07356585589720055,175,0.16304552058694644,153,0.2871206301427785,70,0.009051906154224243,22,0.5310639224366862,12,0.0022989650771841896,21,0.43016251990672644,14,0.0021625898204088445,23,0.3741361001856828,14,0.9997000299990002,131,0.0,103,0.421875,203,0.07490949596212754,144,0.17468552966101325,168,0.1690875232774674,95,0.03358066005849536,30,0.2546793234335291,62,0.021970464113681087,24,0.24215113350125944,51,0.014812416589554789,35,0.28909609509606615,30
"(60, 4)",9.999999999998899e-05,9,0.07408527366192924,169,9.999999999998899e-05,3,0.05904923260912896,187,9.999999999998899e-05,1,0.2508702596250809,80,9.999999999998899e-05,1,0.46676432887749497,24,9.999999999998899e-05,1,0.38586336952968553,23,9.999999999998899e-05,2,0.32033698032399477,26,9.999999999998899e-05,6,0.09962406015037593,163,9.999999999998899e-05,1,0.07187872594106626,189,9.999999999998899e-05,1,0.13477275134427377,125,9.999999999998899e-05,1,0.23334904225301703,89,9.999999999998899e-05,1,0.21910197074619248,80,9.999999999998899e-05,2,0.21029031869470358,43,9.999999999998899e-05,10,0.0713723432170034,171,9.999999999998899e-05,4,0.0627351996328591,184,9.999999999998899e-05,1,0.2553727709829549,79,9.999999999998899e-05,1,0.49323894132278573,17,9.999999999998899e-05,1,0.4055199548316695,16,9.999999999998899e-05,2,0.35772126216875183,16,0.9999,218,0.0,104,9.999999999998899e-05,1,0.0657198551935394,159,9.999999999998899e-05,1,0.13972625698324023,115,9.999999999998899e-05,1,0.22822032181985666,74,9.999999999998899e-05,1,0.21948110831234258,63,9.999999999998899e-05,1,0.26737805319472396,34
"(11, 59)",0.6440734188358427,200,0.09857877230117931,141,0.6742681040769226,210,0.07838349611321507,162,0.15994744266199334,154,0.300056782897523,63,0.017600116448207026,30,0.5243252151620582,14,0.007943138317641596,21,0.4305461318067318,16,0.002866065975762222,23,0.34668726080486517,21,0.3347352995572501,173,0.1419172932330827,132,0.3937443384533188,200,0.10935104752171691,167,0.21459901414262728,186,0.18327866185086888,94,0.07030929769605221,58,0.2870377550959537,72,0.05254285992681096,39,0.2653683018021676,65,0.008165979739706009,24,0.241227307000754,36,0.6342698898697916,199,0.09262660718971398,146,0.6786407955267406,210,0.08187241854061496,162,0.16988080600929756,160,0.3099367219765016,65,0.011732405554673031,27,0.5499236308814943,10,0.0029639470607234486,22,0.44628285401058826,12,0.0029769892573556778,25,0.38600081866557506,11,0.9997000299990002,132,0.0,105,0.39408438751685126,197,0.08382066276803118,127,0.18081285293156268,172,0.1907504655493482,85,0.04269894496846116,38,0.2741740544990102,55,0.029043112655510184,31,0.2584382871536524,45,0.02208690166017191,42,0.3093662675373189,27
"(11, 4)",0.0025378099591713,34,0.6241306319927427,8,0.0018659477713123263,23,0.5583017739685071,11,0.09555426129891209,88,0.3562699523517425,40,0.4050287631463687,208,0.1843362021607764,106,0.5129124925193115,214,0.10731719377089441,121,0.6315273295684788,210,0.057398766771384904,122,0.02855946023228939,62,0.3223684210526316,44,0.0190459085282787,36,0.30011923011412023,56,0.06462604172576558,56,0.27343365051491475,64,0.2025364314318605,185,0.20173235580106544,98,0.24467364405471992,203,0.15891243576805744,104,0.5093670079176319,210,0.06082549200697801,128,0.002791650939198309,35,0.5652059826817109,9,0.0017812573955424682,23,0.5935291418081688,8,0.08881424398161264,82,0.3847337320218616,37,0.46148084996638683,208,0.1617012994296233,115,0.6280029699782474,214,0.07485941863497457,142,0.6275402314836414,208,0.06485848357033108,130,1.000088900582341e-12,4,0.08832807570977917,51,0.019000813177278975,37,0.2302979671400724,29,0.08204621056776717,71,0.24823091247672252,69,0.275233492092545,204,0.14732110775020088,109,0.3322598251056793,206,0.11469521410579345,126,0.37235852567717487,191,0.12065096210925624,107
"(5, 29)",0.9272533361912434,215,0.005442999697611128,215,0.4920542353112699,202,0.03607733705401635,202,0.28257051684216206,208,0.04994616069749908,206,0.11356945877164826,113,0.07306354147592016,187,0.03449787823863282,56,0.05274247114959359,186,0.006543485853045983,29,0.03212927526646691,166,0.6257852928057192,205,0.021616541353383457,206,0.4227988135408376,206,0.038834951456310676,206,0.39699422766451997,210,0.04170126806116043,207,0.15227330400000016,148,0.0708869971902907,196,0.12238351525259716,120,0.046270197538597166,202,0.03187323181046797,46,0.029147872022415262,191,0.9399498045504942,216,0.004723169771713461,215,0.5212021782185406,204,0.03460302891234511,201,0.290093991234994,208,0.05533006930649547,204,0.0951963539110714,101,0.0740038201053663,180,0.020423743063473276,51,0.053845004772550616,168,0.0072515143668759885,37,0.034603451446605794,165,0.9997000299990002,133,0.0,106,0.5417218191664352,212,0.020328599275967696,205,0.33750789880607734,208,0.036126629422718805,209,0.1943810768226688,180,0.03843414975141604,204,0.08547192278369753,84,0.037113350125944584,201,0.02118980669123105,41,0.03909247542241592,189
"(5, 27)",1.5367450281633666e-05,6,0.21348654369519202,57,0.009330806239976619,36,0.1352900139525613,110,0.04063337909529796,33,0.09533449684465604,167,0.13717287996652583,124,0.06860648232924373,193,0.3068164085970453,183,0.02545648334079603,205,0.5372868660836473,204,0.007392112660152358,208,0.003026858612341865,30,0.12781954887218044,144,0.01552265316477286,31,0.11684551183784704,160,0.01861887567872844,24,0.11563594165168765,147,0.10119469600000008,94,0.08123102253136315,189,0.12765351404493785,125,0.04562449494070749,203,0.3185274354247736,191,0.013532143861011096,207,8.528836522136984e-06,5,0.22644975072159537,49,0.0074417868948040145,34,0.14263423588802202,105,0.038620608192011296,32,0.10835969045471006,158,0.16045317688786254,138,0.0621839258675235,190,0.38369317175972184,188,0.020254856734866458,203,0.524469858301587,197,0.008305302935924587,207,0.9997000299990002,134,0.0,107,0.006312149748802898,24,0.08966861598440545,120,0.02802693715625426,30,0.08280633147113595,175,0.0744724209645038,66,0.052918003227344884,196,0.17515054897666704,161,0.029219143576826194,204,0.3783705468830654,192,0.014956491522724312,206
"(29, 5)",9.999999999998899e-05,10,0.12518899304505596,111,9.999999999998899e-05,4,0.07843332668925654,161,9.999999999998899e-05,2,0.07045637117403863,195,9.999999999998899e-05,2,0.056095953122138796,197,9.999999999998899e-05,2,0.01968777555880923,208,9.999999999998899e-05,3,0.005512830336294749,210,9.999999999998899e-05,7,0.07894736842105263,175,9.999999999998899e-05,2,0.06557656276613864,192,9.999999999998899e-05,2,0.08063800622287852,186,9.999999999998899e-05,2,0.05339044221603145,204,9.999999999998899e-05,2,0.027966268805604853,208,9.999999999998899e-05,3,0.008477109573333691,210,9.999999999998899e-05,11,0.13408554185253213,115,9.999999999998899e-05,5,0.08164295548416704,163,9.999999999998899e-05,2,0.07528682339298312,193,9.999999999998899e-05,2,0.048658509631086026,195,9.999999999998899e-05,2,0.014094848430375197,209,9.999999999998899e-05,3,0.004941655246875129,210,0.9999,219,0.0,108,9.999999999998899e-05,2,0.04928989139515455,175,9.999999999998899e-05,2,0.054748603351955305,198,9.999999999998899e-05,2,0.038545212227325286,203,9.999999999998899e-05,2,0.0184735516372796,210,9.999999999998899e-05,2,0.0111051587588863,211
"(27, 75)",0.4519293582865649,180,0.0979739945570003,143,0.4732094394855566,200,0.058002790512258325,188,0.3496964260475266,210,0.08020441843108284,185,0.21862235171275646,171,0.09772202893242996,159,0.12547049167145796,123,0.09046707304008153,136,0.07253815028640564,87,0.055652566672178154,126,0.5554635709059916,198,0.06766917293233082,183,0.5252003127701613,209,0.05450519502640096,200,0.5012345992779795,215,0.047227257865709235,205,0.3444747092627254,212,0.06930019745515502,197,0.22815157022809607,195,0.06598925891127581,188,0.12016705039654252,118,0.04952416645473893,148,0.47322988159391943,186,0.09131461558646024,148,0.47633482391684323,201,0.05704451583295089,188,0.3628331427869458,210,0.0864499626360331,182,0.22621320526232647,169,0.09099306245113531,159,0.1161978298095998,116,0.08599958983915112,136,0.06600534014595849,83,0.07197731465826644,120,0.9995000999900006,100,0.0,109,0.48515819326949283,207,0.04455583402951824,181,0.44478882635224626,214,0.04829236499068901,204,0.28165268081610484,206,0.05662226345325903,195,0.15574692154716385,151,0.06952141057934509,175,0.09609765358583222,99,0.07094560354438445,150
"(27, 5)",0.9252765679338433,214,0.010281221651043242,212,0.5825036790602347,205,0.04275463424357186,195,0.43508155612027943,214,0.06488632975480803,200,0.1563748492632293,142,0.11554660318622963,144,0.11535433095229042,113,0.09339812599407198,134,0.07015812236131813,86,0.05618892836546799,125,0.7956736271784922,214,0.02725563909774436,205,0.5423398780810307,210,0.05195026400953841,201,0.44192468319321243,213,0.05515705323523678,202,0.19226834456833108,179,0.10141201314776924,171,0.16946046323601416,166,0.07707059810619682,179,0.07749015688592287,91,0.05740787835793926,135,0.9282695932174658,214,0.009708737864077669,212,0.5867522282462381,205,0.041854061496099125,197,0.42196924204046227,212,0.07465885756269716,195,0.12764356592880743,119,0.11941952872171621,138,0.08235900309906963,93,0.09663338962495602,120,0.06534012695019098,82,0.0721790148724246,119,0.9995000999900006,101,0.0,110,0.6383618476128757,214,0.028404344193817876,198,0.44629931794271926,215,0.04810614525139664,205,0.2597334080554585,202,0.05977774438644515,191,0.19678725996987523,173,0.062130982367758186,184,0.11961547142082041,113,0.06563192262585606,156
"(27, 82)",0.00011256090927380669,23,0.5588146356214091,13,0.0008203169355892603,20,0.3165736495913893,43,0.0047377185435641955,17,0.2780899676584366,70,0.06135250491162059,71,0.1594323383995605,118,0.15697958786389932,142,0.08241011117123997,143,0.3718782314284119,185,0.02446696536232644,183,9.128162964511244e-05,4,0.5150375939849624,14,0.0007325043074573045,17,0.3445750298075285,46,0.0017119368043886363,16,0.263661858543871,70,0.02364468671846265,25,0.19029665996551992,102,0.052526619416111475,38,0.1148345338761875,133,0.2308045853682008,169,0.03643818625548224,177,8.592746999835921e-05,9,0.5560220414589346,11,0.000779697288861847,20,0.31491509866911427,45,0.004680390573370885,17,0.3099367219765016,66,0.07433858352295952,86,0.1434452863924416,120,0.22624634131898103,161,0.06321287601242635,159,0.4178919765174903,188,0.027484620358670435,173,0.9995000999900006,102,0.0,111,0.0005217041042970827,18,0.2578668894458368,25,0.0023735773822144424,16,0.2264432029795158,75,0.02063784790796297,23,0.1365415145001862,118,0.07037495967386131,66,0.09219143576826196,149,0.19359435692155302,149,0.05309337310148118,172
"(6, 106)",0.2360032852508409,146,0.06168732990625945,184,0.2668422305963011,167,0.06986246761012557,178,0.08011683980694717,64,0.1241380489092556,142,0.018495614151545547,31,0.19251785387291703,102,0.02717769249120272,43,0.12608747009199717,107,0.04677190861855274,70,0.060625002520496685,120,0.15032039581549905,129,0.09022556390977443,169,0.20468673841175988,162,0.12331800374723216,154,0.09326721706943597,87,0.12658661144770186,133,0.05835745127840819,46,0.15360937285617987,121,0.05231052145135462,37,0.1309461669624526,118,0.0694768858959075,78,0.06945429722530819,120,0.22021016026854445,143,0.05903962214641826,186,0.26198400851758463,165,0.06599357503441945,181,0.07884042928382673,61,0.127617309250146,141,0.013992089355521209,29,0.18825729960116516,101,0.016105488549452707,43,0.12439773449427421,106,0.02825238219247117,61,0.08127332158726203,114,0.9997000299990002,135,0.0,112,0.08650362108577969,99,0.063213589529379,162,0.121962861038029,117,0.11495903165735569,137,0.05921713457205491,50,0.14046136659110062,114,0.04895633621644313,49,0.1420654911838791,106,0.05745140213309652,67,0.10906800642854042,116
"(6, 88)",0.055752806151759815,88,0.09978832778953735,138,0.045193790869096695,67,0.12627067968905722,116,0.18412619341299474,178,0.09406780143837346,170,0.39794488038413145,206,0.06921809192455594,191,0.3420355829794217,196,0.05420662412473595,184,0.2617781447992834,166,0.03414567260966177,165,0.10269566605243696,106,0.10244360902255639,161,0.06925621642756852,77,0.1769715551013456,110,0.1632198102695127,156,0.1050444611929691,159,0.22935439972163296,198,0.09733763638424416,176,0.24532306836144524,204,0.07823054289282498,176,0.20423309521230015,164,0.04848460512285117,152,0.062158789344627596,89,0.0900026239832065,151,0.046706650925321114,69,0.11725562184488297,120,0.18637004892641396,182,0.09580037384899097,170,0.43729936237936395,206,0.05976584535500919,193,0.41760865081706533,195,0.0420288277248479,184,0.3363279986470249,177,0.035594155439676804,163,0.9997000299990002,136,0.0,113,0.1734979484980994,137,0.05012531328320802,174,0.12808714589241155,124,0.11309683426443204,142,0.2272304394003265,194,0.08971888127421326,160,0.2550549952883111,193,0.08194962216624685,163,0.23163011417337387,163,0.06852766154603501,151
"(106, 6)",0.004399911668458989,43,0.1784094345328092,84,0.004738467440904892,32,0.16483954554514652,89,0.0422209096484949,35,0.13401333543499686,132,0.15319738190943533,140,0.09601538179820546,162,0.11955003043916645,115,0.07279559820126198,155,0.0901171043662552,98,0.0400577496199091,152,0.006094079043590495,36,0.21334586466165412,83,0.007026959116421816,25,0.23335036620677907,72,0.0294413124604489,32,0.13758640115308987,123,0.05654273969934098,43,0.13044567597072176,146,0.06176478167823418,52,0.10065614210096932,151,0.055528802229906415,72,0.05413303708066193,140,0.004508863444572353,42,0.15980057727630542,91,0.004755624808287839,33,0.15612666360715924,100,0.04312561785939095,35,0.13654698335681228,134,0.18589359458093513,148,0.08153846661366462,172,0.1738368145462963,145,0.0551944846025111,166,0.13167126211262947,127,0.0407375109007101,157,0.9995000999900006,103,0.0,114,0.032119612909042417,52,0.07546644388749651,143,0.02275819841147353,27,0.1431415270018622,111,0.0559129148734574,45,0.11640000783970417,136,0.07054152495148369,67,0.1051234256926952,138,0.09355192433650683,96,0.07576700884648241,143
"(106, 95)",0.9995000999900006,221,0.0,220,0.9995000999900006,221,0.0,220,0.9995000999900006,221,0.0,220,0.9995000999900006,221,0.0,220,0.9995000999900006,221,0.0,220,0.9995000999900006,221,0.0,220,0.9995000999900006,221,0.0,220,0.9995000999900006,221,0.0,220,0.9995000999900006,221,0.0,220,0.9995000999900006,221,0.0,220,0.9995000999900006,221,0.0,220,0.9995000999900006,221,0.0,220,0.9995000999900006,221,0.0,220,0.9995000999900006,221,0.0,220,0.9995000999900006,221,0.0,220,0.9995000999900006,221,0.0,220,0.9995000999900006,221,0.0,220,0.9995000999900006,221,0.0,220,0.9995000999900006,104,0.0,115,0.9995000999900006,221,0.0,220,0.9995000999900006,221,0.0,220,0.9995000999900006,221,0.0,220,0.9995000999900006,221,0.0,220,0.9995000999900006,217,0.0,216
"(106, 57)",0.12731264413564136,117,0.09101905049894164,152,0.12253536488058514,114,0.08600757424755831,153,0.02268830036962788,28,0.1517375756551398,122,0.002997056133661302,18,0.21088811572971985,92,0.004966165788937271,19,0.1375342345336824,103,0.008138332651302704,32,0.06479491222622365,118,0.10690241607217921,110,0.12030075187969924,149,0.09847215871931281,100,0.1376256174416624,141,0.03314650651280737,34,0.13436290710043639,126,0.015944830381125707,22,0.16802777496077742,110,0.014196542376066268,22,0.13506783743760464,112,0.016319272820237818,31,0.06915536757193273,121,0.12572795679642212,117,0.08213067436368407,158,0.1223043746206498,112,0.08155117026158788,164,0.022147722733182995,27,0.15601392409567688,122,0.001905014346079703,18,0.20381482715507718,91,0.0022440363746952796,20,0.13174012006066332,101,0.004116225275772156,28,0.08146908944218026,113,0.9995000999900006,105,0.0,116,0.03039932517771815,50,0.07630186577554998,141,0.042106295328089294,39,0.1265679702048417,128,0.01617596320359005,20,0.14916997131974888,107,0.011810282434134844,20,0.15029219143576825,94,0.00765592542464788,22,0.12499457048952468,104
"(88, 89)",0.9995000999900006,222,0.0,221,0.9995000999900006,222,0.0,221,0.9995000999900006,222,0.0,221,0.9995000999900006,222,0.0,221,0.9995000999900006,222,0.0,221,0.9995000999900006,222,0.0,221,0.9995000999900006,222,0.0,221,0.9995000999900006,222,0.0,221,0.9995000999900006,222,0.0,221,0.9995000999900006,222,0.0,221,0.9995000999900006,222,0.0,221,0.9995000999900006,222,0.0,221,0.9995000999900006,222,0.0,221,0.9995000999900006,222,0.0,221,0.9995000999900006,222,0.0,221,0.9995000999900006,222,0.0,221,0.9995000999900006,222,0.0,221,0.9995000999900006,222,0.0,221,0.9995000999900006,106,0.0,117,0.9995000999900006,222,0.0,221,0.9995000999900006,222,0.0,221,0.9995000999900006,222,0.0,221,0.9995000999900006,222,0.0,221,0.9995000999900006,218,0.0,217
"(88, 48)",0.0028523706575367402,37,0.10039310553371636,137,0.002657133029406289,27,0.11196930436515846,125,0.046183666393058376,37,0.08159835310606248,183,0.1919045329064829,160,0.05408167002380516,198,0.15232566078260634,139,0.04276260668675642,195,0.08929792716920881,97,0.027556086092100966,177,0.012558674125514369,50,0.10526315789473684,159,0.008740743109986515,27,0.15397717594958268,124,0.03934961125711245,37,0.08836518196623926,178,0.06630008875031324,53,0.08361718754660478,188,0.0884284130620343,75,0.06341031500233922,192,0.0783669618272983,92,0.03851730891925776,172,0.0028917168307402985,36,0.09026502230385725,150,0.0025428292729530177,26,0.10527765029830197,132,0.0444254623266247,37,0.08519403097546119,185,0.21716717724141876,164,0.04662309943160264,199,0.19995743410148503,154,0.03426362202411848,193,0.12820794957075254,125,0.031245736116796288,169,0.9995000999900006,107,0.0,118,0.058263671228558245,71,0.037315510999721524,189,0.021551017138531803,25,0.09844878957169459,158,0.07121599874081119,63,0.07611046143192196,178,0.08369538325553783,82,0.06935516372795969,177,0.08602523614378677,88,0.05501903948340019,168
"(88, 6)",0.15666249421886136,127,0.04505594194133656,191,0.16167539738165226,137,0.04923260912896153,190,0.020456325338788828,26,0.09603146418214586,166,0.0017577691082721891,17,0.1382530672038088,128,0.00303478721120809,17,0.0935821752423544,133,0.00825914433385111,33,0.044360741550286936,145,0.06754356352880653,79,0.07518796992481203,178,0.08618076898354077,93,0.09742803610969171,176,0.024542693651207315,31,0.09711466582344154,167,0.012888175703503535,20,0.11602727386612421,160,0.008389937025306105,18,0.1015608990345393,150,0.01012103561615152,25,0.05800127602807262,133,0.15570031268508544,124,0.04067173970086591,191,0.16481152505752683,139,0.045709040844424044,190,0.021404222978839815,26,0.09859063535489489,166,0.0012627005402785496,17,0.13052686444563938,128,0.0015799597562157208,17,0.09021766375418706,126,0.004339763408681474,29,0.061500768240521565,132,0.9995000999900006,108,0.0,119,0.01533668842555791,32,0.04873294346978557,177,0.04416352345875196,41,0.08528864059590316,172,0.01165032768505414,18,0.10931814172878544,142,0.009151309523466766,19,0.10797481108312343,133,0.00876572021359634,25,0.08687216760536871,135
"(7, 102)",9.999999999998899e-05,11,0.21046265497429695,60,9.999999999998899e-05,5,0.11206896551724138,124,9.999999999998899e-05,3,0.09685377169477008,165,9.999999999998899e-05,3,0.08252334737227614,181,9.999999999998899e-05,3,0.05576417522587238,180,9.999999999998899e-05,4,0.02513640928026713,181,9.999999999998899e-05,8,0.23966165413533833,65,9.999999999998899e-05,3,0.14460909555442003,133,9.999999999998899e-05,3,0.08846649177932267,177,9.999999999998899e-05,3,0.08550225790864568,187,9.999999999998899e-05,3,0.06482931412464767,190,9.999999999998899e-05,4,0.02900063801403631,192,9.999999999998899e-05,12,0.16426134872736814,87,9.999999999998899e-05,6,0.09329967875172097,144,9.999999999998899e-05,3,0.0915427655196522,177,9.999999999998899e-05,3,0.06586877707145049,189,9.999999999998899e-05,3,0.038737413505432104,189,9.999999999998899e-05,4,0.024126905028860928,185,0.9999,220,0.0,120,9.999999999998899e-05,3,0.09384572542467279,112,9.999999999998899e-05,3,0.10310428305400371,151,9.999999999998899e-05,3,0.08199023956829363,172,9.999999999998899e-05,3,0.07674055415617129,169,9.999999999998899e-05,3,0.05694470586531919,166
"(102, 7)",0.4883947208763081,184,0.06894466283640763,175,0.30345071181182226,174,0.06448076539764801,183,0.1759006864235585,172,0.09254852658825942,175,0.09079996166003534,94,0.11536348654092657,145,0.08052634622194965,84,0.08204475967838082,144,0.06684273478329916,80,0.041134505801175156,148,0.48407905298988985,192,0.08176691729323307,173,0.27586647486253213,183,0.0972577073752342,177,0.2102560889713414,181,0.07265602094964134,193,0.1562331099614479,154,0.08620021117560385,186,0.12862148854772304,129,0.07346316981978325,182,0.1028229473718687,108,0.03762498159574895,174,0.45812641068209614,183,0.06113880871162424,184,0.2768946166636299,170,0.06085360256998623,186,0.17022684897373175,161,0.09238005329336679,176,0.07520787101319848,87,0.10605905658572311,146,0.05413321801612425,72,0.07393022708226257,144,0.04212498008916499,73,0.05002758547046574,147,0.9997000299990002,137,0.0,121,0.2679793813465925,178,0.05708716235032024,168,0.21094944911221103,189,0.08317877094972068,174,0.14969108292469935,146,0.08579902918329882,163,0.11718643903293302,107,0.09269521410579346,148,0.07320949537037047,81,0.08590209506710876,136
"(102, 107)",0.009594125057391434,50,0.2555185969156335,43,0.035290824618274264,59,0.1321008570859079,112,0.08500846530079009,70,0.1179337102401024,147,0.16686160318558563,146,0.09418421534517488,165,0.18341515969096944,155,0.06235698411957158,170,0.2097574012933846,159,0.028096480580077188,174,0.009912716557435308,41,0.2988721804511278,50,0.04251659015979581,54,0.18140010219724068,105,0.06661052929450828,61,0.10657945836089933,157,0.09823428406951651,88,0.10061861328020139,173,0.12144713571755361,116,0.07488216894209168,180,0.1501564358208094,136,0.0331633449782049,187,0.012025548779911244,51,0.2057202833901863,60,0.04222209252004383,63,0.11390546122074345,123,0.08859001328522154,81,0.11484867070099825,151,0.19299474873794942,153,0.07746764621469784,178,0.24030903105993962,166,0.04498350495104654,179,0.2772352621227038,165,0.0266956165797576,176,0.9997000299990002,138,0.0,122,0.04484707714756109,59,0.1035923141186299,102,0.06628917908331788,55,0.1223463687150838,131,0.10318527804468847,98,0.09712740172604152,152,0.13315338269816368,138,0.08883123425692696,153,0.19679883796296294,150,0.06178058986201805,160
"(8, 100)",0.12615740009103327,116,0.0979739945570003,144,0.03810818910346636,62,0.10040861072353997,136,0.15968901841584993,153,0.09362531263827775,172,0.2946008831532917,193,0.05322468412378686,199,0.1969802661159321,161,0.043037307057327216,194,0.1363456425625963,128,0.022180370775143468,190,0.10458953260127457,108,0.20676691729323307,88,0.04443746812157867,56,0.2003065917220235,96,0.09378531692371905,88,0.12320961767825538,137,0.24849944125774392,205,0.08977945869846629,181,0.23352095136374462,198,0.07397741200852173,181,0.15913359647585046,143,0.033315040623201404,186,0.1625541700752704,129,0.07163474153765416,169,0.0370728793284586,60,0.09486002753556677,140,0.14402319900942073,143,0.09475376413184772,171,0.3369126459303976,199,0.043380298416866525,202,0.19746198647390223,152,0.03510926229279914,192,0.14248047919621554,133,0.02116072540888786,192,0.421875,75,0.031545741324921134,76,0.06955604442533092,79,0.1136173767752715,84,0.09195553994261663,87,0.0973314711359404,159,0.21120663278192364,189,0.06500421384099773,186,0.17816684512964176,163,0.06734005037783375,178,0.14470312500000004,131,0.05501903948340019,169
"(8, 19)",0.12384970050068289,113,0.09857877230117931,142,0.29207257239485396,171,0.05092684871437114,189,0.09573778562461532,89,0.111034303327022,154,0.037463326460449586,45,0.10584142098516755,151,0.07311572139308453,80,0.05988468078443438,173,0.11430188752511872,117,0.023523291405711244,186,0.14790676917387358,126,0.18421052631578946,103,0.26933458716965586,181,0.10986203372508942,166,0.16246996093634558,155,0.10258846572428074,164,0.051189778893437676,36,0.15201660770850609,123,0.056710200956379575,46,0.11857342257175227,126,0.09613369623369827,102,0.03940963624276657,168,0.09372695871451708,106,0.08606664917344528,154,0.2961529964617833,173,0.047452960073428176,189,0.10773029954360092,100,0.10438257352956569,162,0.028140456591925433,39,0.09924026747335328,152,0.07286740367706313,85,0.048948393156896655,173,0.1090111381587966,108,0.02313620103578992,189,0.015625,32,0.0946372239747634,48,0.20407076166900773,158,0.07936507936507936,135,0.16514113005918984,158,0.08007448789571694,178,0.0661704245252347,56,0.09570972188649415,153,0.08362639843250963,81,0.08664987405541562,155,0.10717187500000014,105,0.0608105173237581,161
"(100, 101)",0.18293776248352323,134,0.06471121862715452,182,0.0659747199820343,83,0.06562686864660155,181,0.24259571647402922,198,0.05653031807918081,201,0.429335873472919,211,0.031616919978026,209,0.33756722336101297,195,0.024723033351371992,206,0.2999133568557032,177,0.011021627877903107,204,0.1440562547696419,124,0.1569548872180451,119,0.06740356049684304,74,0.14494975302333504,132,0.21363740918686935,185,0.06186038586758807,198,0.3155245549761173,211,0.06671120841361784,198,0.3351604959041694,212,0.052069921471737945,198,0.36894442026704055,201,0.014424471184519906,206,0.23411680507271648,148,0.04933088428234059,190,0.06598272208306555,81,0.06287287746672786,183,0.22712921366433303,195,0.05533006930649547,205,0.49571855393586006,213,0.024081838664876475,209,0.37309412560314703,187,0.018059736636225305,205,0.3382144181077078,179,0.009296006928995591,206,0.1250000000000001,55,0.025236593059936908,80,0.1250000000000001,116,0.08549150654413812,125,0.1250000000000001,119,0.06151396648044692,196,0.1250000000000001,120,0.05095807718188767,198,0.1250000000000001,120,0.04819647355163728,194,0.1250000000000001,116,0.03716680904049691,191
"(100, 8)",0.08080267216600245,101,0.0849712730571515,156,0.21163159438499346,151,0.044498704405022925,191,0.05329368515395694,47,0.09368798272584494,171,0.014815258538031895,25,0.0971140816700238,160,0.028015647557116274,44,0.05667892745987315,178,0.036143706939334885,60,0.022313452999794328,189,0.1077030653657467,111,0.17293233082706766,110,0.20856094071113573,164,0.09947198092318174,175,0.06505968763744607,57,0.09194633035902049,173,0.03252692343760066,30,0.14227508903378214,131,0.0284771689576937,27,0.11844196216260106,128,0.0226118712186838,36,0.03658542026386119,176,0.05647878010012841,83,0.07924429283652584,164,0.21161419062043607,153,0.04263423588802202,196,0.05925844981753736,49,0.0865902083381303,181,0.009073282798834015,23,0.09137903164617511,157,0.021975282552957554,52,0.04641653606503835,176,0.027892767370514937,59,0.021356493263806082,190,0.1250000000000001,56,0.025236593059936908,81,0.1250000000000001,117,0.08549150654413812,126,0.1250000000000001,120,0.06151396648044692,197,0.1250000000000001,121,0.05095807718188767,199,0.1250000000000001,121,0.04819647355163728,195,0.1250000000000001,117,0.03716680904049691,192
"(19, 49)",0.08618977884589896,104,0.14484426973087391,106,0.23017843744446953,157,0.07145704604345227,177,0.10112869160999138,97,0.10609666006415137,158,0.05281694844386964,60,0.09503753891228713,163,0.09968838716507855,98,0.051368969296739585,188,0.1612662737568039,141,0.020030891207297747,193,0.12420886311443491,115,0.22274436090225563,80,0.25514380883887844,178,0.11531255322772951,161,0.14662565763984647,139,0.10714280232152971,156,0.055895275249699394,42,0.14197681840687693,132,0.0766075133517583,65,0.1068425142963195,142,0.13769414008670577,129,0.03509969527021902,182,0.1530493822081317,123,0.1293623720808187,116,0.2684696872775736,167,0.06773749426342358,180,0.11472056542254583,108,0.09921860118518085,164,0.044189004038428514,54,0.0861569014261067,164,0.10612742621623994,108,0.04017297647651576,185,0.17688105808223342,146,0.018390313643833013,195,0.007579036078717349,29,0.14195583596214512,39,0.16778229990368954,136,0.09690893901420217,108,0.16955764949315233,165,0.08187523277467411,176,0.09614995770239987,89,0.08525678297738898,166,0.1200986087225755,112,0.07707808564231738,167,0.18040786741412485,148,0.04680961964469284,181
"(19, 8)",0.1739981684049854,130,0.11460538252192319,116,0.05802758814691744,77,0.11311540761411203,123,0.15236001223859508,145,0.09254852658825942,176,0.24391144568663148,181,0.057070133675151076,196,0.15426985608166643,141,0.04441080891018122,193,0.09462436676167107,102,0.023926570874350215,185,0.12579448915549896,118,0.22180451127819548,81,0.048926792973449595,59,0.1999659342531085,97,0.10561264328200859,102,0.11952562447522283,142,0.2356309877246181,201,0.08788842292388731,184,0.19039913645864048,179,0.07887624549071465,173,0.11311105431761304,114,0.03747774758737,175,0.10060583317100702,110,0.14877984780897402,100,0.044698434348016236,66,0.12312987608994952,117,0.13587584622618532,134,0.09377623065603591,173,0.27016293878580455,185,0.047117931732935714,196,0.1459869762702024,131,0.036122005129542466,191,0.08440726096810469,94,0.023533669104866314,188,0.5188878006559768,78,0.03470031545741325,75,0.09018879160444104,100,0.11918685602896129,77,0.08902426175519995,79,0.10148975791433891,154,0.1591108434720132,156,0.07207954686509829,182,0.13003296445403967,133,0.07506297229219143,172,0.08228576582472757,83,0.0608105173237581,162
"(9, 55)",0.11048886789598455,110,0.21076504384638645,59,0.09741816679510618,102,0.32016145106637434,42,0.11906260032927374,112,0.3237954524305549,52,0.1643761994724271,145,0.32027101263504854,56,0.1262536758468049,125,0.23294591424403832,61,0.08391720162075444,95,0.1251497175027322,71,0.18615733566849402,146,0.2612781954887218,60,0.11606772285699407,110,0.42173394651677737,26,0.0972226454838292,94,0.3405130267534656,43,0.15358475198928023,150,0.34380462080855206,54,0.1440257495688031,145,0.26756059744889477,64,0.0894546886305514,97,0.1409877171143919,69,0.0839322990579855,97,0.22067698766727892,50,0.09410358111961359,99,0.32055988985773287,44,0.1166855393426367,111,0.34447484264222905,52,0.18074728219764125,146,0.2939303869918485,57,0.1415090052277731,127,0.2058399815680804,64,0.07776856077214656,91,0.14949545284664256,66,0.9997000299990002,139,0.0,123,0.23576399394375924,168,0.05151768309663046,171,0.11706178246348542,112,0.28286778398510243,57,0.15937318319888993,157,0.25294152233989037,65,0.12030232330478796,113,0.22115869017632242,61,0.06488306249256004,75,0.18822302981163222,53
"(9, 10)",0.14072910938180572,120,0.19443604475355308,70,0.1573508272249018,132,0.2728722344030297,53,0.1311315798415127,130,0.31354034719228513,58,0.09247504719574007,95,0.38796191173777694,34,0.12375465092563931,117,0.23450346534517474,59,0.177686343787248,147,0.09746054918598039,91,0.07896040552949435,90,0.34774436090225563,40,0.13437917882155537,128,0.401635155850792,30,0.15762032304620444,149,0.28985812021176816,60,0.10020210038410182,92,0.39640166315701564,38,0.10772819786165166,98,0.2947535697300809,52,0.16889820806038802,147,0.11407066340074866,94,0.1776614518356634,137,0.1718709000262398,80,0.16201183944027187,137,0.26746213859568607,54,0.13370033254323777,131,0.3291943407719375,56,0.08208494082310902,93,0.3823965058241762,33,0.1098276811555462,112,0.22398580134542886,53,0.1882873408825687,149,0.11133258585606909,85,0.9997000299990002,140,0.0,124,0.05584433199026184,69,0.0832637148426622,128,0.1332892140667219,129,0.2708882681564246,62,0.09596266987809832,88,0.29954203061404483,45,0.12981840481548523,132,0.21561712846347605,65,0.21402820880831386,156,0.12644243994961415,101
"(55, 9)",0.13595374053681897,118,0.19141215603265802,73,0.1576196103657671,133,0.27317121785927845,52,0.13041130090605246,127,0.3026528437976554,62,0.08339225324562571,90,0.37636696575718737,39,0.11105259399645173,107,0.23367936423346236,60,0.1447293973132593,131,0.09947694652917524,88,0.08589534498381068,94,0.343984962406015,41,0.14406292067541193,134,0.3997615397717595,31,0.15873653554907585,151,0.28131432597506856,61,0.08598724473602137,74,0.39650307517016337,37,0.08800062435529798,74,0.29423932754134235,53,0.14304280820429216,132,0.11421789740912762,93,0.1741706081057035,134,0.1684597218577801,85,0.16569030599616696,140,0.2669573198715007,55,0.13467699565942093,132,0.3162163802793611,62,0.07324992280605958,85,0.371727921407435,35,0.09898202800871858,104,0.22120075854438473,55,0.15008778054537864,137,0.11350382933788938,82,0.9997000299990002,141,0.0,125,0.06746791573554756,77,0.07908660540239487,136,0.14152483578768937,136,0.26027374301675976,66,0.08306758045845941,73,0.3031352283640497,42,0.10840839823298487,104,0.21796977329974812,64,0.14935540377021606,135,0.12596464302778462,102
"(55, 105)",0.11465100946745133,112,0.20260054429996976,64,0.09722316189989177,101,0.3209089097069962,41,0.11974049993464497,115,0.3113886741858111,59,0.17855517004579868,150,0.2920087895989746,64,0.1400688809774957,133,0.2162798427615079,68,0.10715037137906047,114,0.10996221271378853,82,0.17446943562338002,141,0.2716165413533834,56,0.10769757448024975,104,0.44047010730710273,22,0.09641796040652229,92,0.3321733871401007,47,0.17432213528515805,168,0.3132855702636116,64,0.17114146607120895,168,0.23572784602119606,73,0.10854202997442475,111,0.1252247549446088,80,0.08608190405540794,100,0.21306743636840722,54,0.09158475010554867,97,0.32528682882055987,40,0.11579802448371201,110,0.33254349186679594,55,0.19672070357812355,154,0.2674304678144577,71,0.1552190766100051,136,0.19039565330774472,76,0.10287630288302463,104,0.1287321955068311,71,0.9997000299990002,142,0.0,126,0.20842436158193278,159,0.05430242272347535,169,0.10981431270879027,106,0.28324022346368716,56,0.1790957740909681,171,0.23464887924895633,70,0.1432035625114786,141,0.19865491183879092,69,0.10344763840070126,101,0.14236900401059843,88
"(10, 103)",0.15865579181374923,128,0.18778348956758392,77,0.1477909959209489,128,0.29449870440502296,46,0.13876573744555298,139,0.3067036103667719,60,0.10940170251143799,108,0.35249954220838675,48,0.13810864773556497,131,0.22379015089291354,65,0.20897717060902055,158,0.09477067513015845,93,0.07252601649883061,84,0.37969924812030076,33,0.13562112052645303,129,0.4057230454777721,28,0.15085551674927034,141,0.29819929482230106,58,0.10881159916276473,103,0.3817864024386607,41,0.1117474217328408,106,0.29514021799229023,49,0.1814370765116089,150,0.11466406107088202,92,0.19152617347796808,138,0.17160850170558908,81,0.15010919144578994,131,0.2905002294630564,48,0.14064157645254438,141,0.32333332635593526,57,0.10069455181714726,104,0.3429187848238232,44,0.1241067953444267,118,0.21259244443206649,60,0.2195500423375627,157,0.11014611400807986,86,0.9997000299990002,143,0.0,127,0.04566078633069992,60,0.09161793372319688,116,0.1262206945436124,123,0.2860335195530726,55,0.10594658853993266,103,0.2951844617063116,46,0.13359800251894405,139,0.21964735516372796,62,0.22110599323805658,158,0.13030825140805308,99
"(10, 9)",0.09647589306763527,106,0.22165104324160873,54,0.1046814749473921,105,0.33037671915487343,36,0.11217614877917814,103,0.3292401536746511,49,0.14201465315985706,128,0.3231386193004944,55,0.11274823361641495,109,0.23944807201544915,56,0.06720786070047069,81,0.13832485774316744,67,0.19812733207659605,152,0.2716165413533834,57,0.11494840595376288,109,0.428717424629535,23,0.10228162613717973,100,0.33943852873591446,45,0.14271929245516723,139,0.3487797748653308,49,0.13926100372614647,137,0.27426121183298346,62,0.08167858072311485,94,0.14961206069610455,64,0.07599610899941411,96,0.23353450537916556,46,0.10285965965608868,103,0.3295089490592015,38,0.1105633952218481,102,0.3503358570582313,47,0.1529320955538489,135,0.2983277967096951,55,0.12589748004157153,121,0.21157970159532316,62,0.0624435597334434,80,0.16748829842139917,62,0.9997000299990002,144,0.0,128,0.26532477885484695,177,0.050960735171261484,172,0.12378720125376008,118,0.28789571694599625,54,0.14621089064983206,141,0.26513226234263426,58,0.11677904105723869,106,0.22972292191435767,58,0.0617746232877141,72,0.19932818857051848,48
"(103, 31)",0.06563535630910311,94,0.2670093740550348,41,0.10518025584756141,106,0.3274367151684274,38,0.11238755660752964,104,0.34791394067611525,43,0.10910329947568664,107,0.3616553744735396,44,0.11399770181162938,111,0.2541884939002783,51,0.18021988074507822,149,0.11049857440707836,81,0.04441232232003012,70,0.3890977443609022,30,0.09866240466552023,101,0.455459035939363,17,0.11300354878585261,111,0.3476262036296543,40,0.09945384762181919,90,0.39998091067987807,35,0.09721543090264628,89,0.33174420897565277,37,0.15169955126794965,138,0.14262513775303057,68,0.09046147106212188,103,0.23773287850957753,44,0.10685191008949702,106,0.3223497016980266,43,0.11737185371265402,112,0.3634519700334706,45,0.10465032336066227,108,0.34880069144566905,43,0.10703720449660359,110,0.23833130362789806,46,0.1899424133788885,150,0.12695248773484727,73,0.9997000299990002,145,0.0,129,0.03524524079107949,54,0.09133945976051239,117,0.09928968254482795,94,0.32749906890130354,36,0.1063242054085094,105,0.3098839070472407,40,0.12553306528813224,127,0.23744584382871536,54,0.18030443988583167,147,0.1568476986114932,73
"(103, 10)",0.2123718569852724,139,0.18052615663743574,82,0.14716516158796322,127,0.2927546342435719,47,0.1385224149623716,138,0.3244924197680447,51,0.14237036649742907,129,0.3309540377220289,51,0.13668836818565344,129,0.2392640227671667,57,0.08239724321848774,93,0.1434344086108232,66,0.2694182028198523,163,0.21334586466165412,84,0.15565135988826406,138,0.3912451030488843,35,0.13781678163358013,131,0.32536874469466603,48,0.15458410657699384,152,0.3452959739430781,52,0.1576302800238374,153,0.2823808253393805,57,0.10163280890041315,106,0.16299697054873669,58,0.16737059244685581,132,0.1936499606402519,65,0.14509473864205646,128,0.291096833409821,47,0.13295169517497007,130,0.3486612815108021,50,0.14783020744812547,130,0.3108635483434664,52,0.14486777074530433,129,0.21546103851714196,58,0.07685690130582867,90,0.17164094988936146,60,0.9997000299990002,146,0.0,130,0.3036421550702484,184,0.04455583402951824,182,0.15480461326822959,150,0.2824338919925512,58,0.14574387118582732,139,0.27896280713674404,53,0.12446844592901107,118,0.23812090680100756,53,0.08234707702518596,84,0.20367179695078694,46
"(59, 35)",0.6374393211137166,198,0.10553371635923799,130,0.6600127130330302,208,0.0856587602152681,154,0.17025304468244995,163,0.30277818397278977,61,0.019804506191357762,33,0.523651345907343,15,0.011409786550770518,25,0.4207503165921771,19,0.0041779022889070205,26,0.3417107921618603,22,0.382220955262665,179,0.1513157894736842,126,0.38391473900322237,198,0.12382898995060466,152,0.21703786234450773,188,0.19586563862789672,85,0.07934940308461158,67,0.2968806857838254,68,0.0559240408855719,45,0.27516596876655336,60,0.011842136886398125,28,0.24583617762667703,33,0.626762850719691,198,0.09997376016793492,135,0.66642159738343,209,0.08843506195502523,151,0.18063417368868284,178,0.3145418047319319,63,0.013649342834694878,28,0.5488778852846771,11,0.004769615581616149,24,0.4357326055088147,13,0.004392697854798233,30,0.3806616953496235,12,0.9997000299990002,147,0.0,131,0.3830201955229735,194,0.09301030353661932,113,0.19462698429156566,184,0.20186219739292363,83,0.05076308804965568,42,0.28092273318220123,51,0.03429849029458265,35,0.26448362720403024,39,0.023207060771024524,44,0.3132176003011569,26
"(59, 11)",0.002707530186184526,36,0.6516480193528879,7,0.0021634888237858085,25,0.576639425951764,8,0.08857306660427566,79,0.37646301420332073,34,0.38813128257637686,204,0.19422450100714156,101,0.46525720290028394,211,0.12224166490400597,111,0.5904642766151222,207,0.0656014711635016,117,0.02063304495209617,57,0.40037593984962405,27,0.02039241256646751,38,0.3294157724408108,49,0.06354056843943834,55,0.2949758007696476,59,0.18547024535571632,175,0.22370297017890273,91,0.23555594217934284,199,0.17038428970780992,96,0.46021680541356236,207,0.07257744285758902,116,0.002999000147996367,37,0.5932826029913408,8,0.002025561500981543,24,0.6105094079853144,6,0.08215180059793559,64,0.4090150774595852,30,0.4407372015993728,207,0.17236658496435558,109,0.5752456577961613,211,0.08819217808070041,131,0.5847519682919444,205,0.07455195856840306,118,1.000088900582341e-12,5,0.1451104100946372,38,0.020519175613817886,40,0.24672793093845724,27,0.07434283312271939,60,0.2782122905027933,60,0.24972819963907633,199,0.16517603402431616,96,0.30767476207081534,204,0.1272896725440806,117,0.36516165574835857,188,0.12499457048952468,105
"(12, 42)",9.999999999998899e-05,12,0.1273057151496825,110,9.999999999998899e-05,6,0.08670520231213873,152,9.999999999998899e-05,4,0.05095837756638756,205,9.999999999998899e-05,4,0.026551913568943417,210,9.999999999998899e-05,4,0.013185617787398397,211,9.999999999998899e-05,5,0.004972435848318526,211,9.999999999998899e-05,9,0.06766917293233082,184,9.999999999998899e-05,4,0.05995571452904105,197,9.999999999998899e-05,4,0.06099004247337163,200,9.999999999998899e-05,4,0.04434091139572757,206,9.999999999998899e-05,4,0.024358840519191287,209,9.999999999998899e-05,5,0.006246291264561667,213,9.999999999998899e-05,13,0.13618472841773813,112,9.999999999998899e-05,7,0.09150986691142726,150,9.999999999998899e-05,4,0.05414530710668931,206,9.999999999998899e-05,4,0.01962834795287877,211,9.999999999998899e-05,4,0.007679122559606246,212,9.999999999998899e-05,5,0.004152651467962293,212,9.999999999998899e-05,15,0.031545741324921134,77,9.999999999998899e-05,4,0.0328599275967697,193,9.999999999998899e-05,4,0.05462383612662942,199,9.999999999998899e-05,4,0.031469879203224735,209,9.999999999998899e-05,4,0.01142065491183879,213,9.999999999998899e-05,4,0.004821405302097964,213
"(42, 109)",2.402258336475782e-06,3,0.2673117629271243,40,0.00011470845998251544,18,0.21661351405222246,73,0.01742264214484035,23,0.1179337102401024,148,0.19274862965321593,161,0.060428492950009155,195,0.32539065412003654,190,0.029758291143934756,201,0.609665369937256,208,0.009811789471986191,207,1.3306463502948951e-05,2,0.19360902255639095,96,0.001283406411514365,18,0.14529041049225005,131,0.009758216355280513,19,0.13103810323469953,130,0.051766316985307426,39,0.09137222384614008,180,0.12008423598339468,115,0.04910432930059196,200,0.4787905637154958,208,0.013532143861011096,208,7.764496776641039e-07,2,0.28286538966150615,36,9.696705824679963e-05,3,0.22872877466727856,70,0.016445656422718002,23,0.1239876667510932,145,0.2669311195054196,183,0.04695298763249135,198,0.5355944807593769,206,0.017300179508667815,207,0.6585030000000001,209,0.007712067011929974,209,1.000088900582341e-12,6,0.11041009463722397,46,0.0005220389325635288,19,0.0985797827903091,105,0.01982553264144804,23,0.11508379888268155,136,0.05689341527473524,46,0.05836006454689776,192,0.19632208280027696,171,0.02468513853904282,207,0.4305861387082044,201,0.011582955680715828,210
"(42, 12)",0.9603571321804393,217,0.003628666465074085,217,0.8612028262636617,218,0.011062387881203907,214,0.40647119750793803,211,0.04127300039691056,208,0.07533931115845549,80,0.08264786669108222,180,0.03042690685962457,48,0.06556273744413281,166,0.0035161417814941753,25,0.054712925510249345,128,0.9305812444225958,216,0.004699248120300752,216,0.7081272060366075,216,0.01771418838358031,212,0.48615700388295213,214,0.035611934295981224,208,0.24685630692168758,204,0.05428525409674706,203,0.13004812043556302,130,0.04781679058743471,201,0.010315334594978576,27,0.04863183913123012,151,0.9726791273132983,218,0.002623983206507478,218,0.8684095607120395,218,0.01101422670949977,214,0.41465632263921204,211,0.04228303257258762,208,0.04516658923384265,56,0.08489013073469401,165,0.0066335752336805776,28,0.07477333549385139,143,0.0021970000000000045,24,0.05161152538753136,143,0.9997000299990002,148,0.0,132,0.777369679738376,216,0.008632692843219159,215,0.387978514800859,212,0.042705772811918064,208,0.23305108188353985,197,0.036474223705958826,207,0.07345657159376207,71,0.034256926952141054,202,0.01468326231710293,34,0.035718939580407436,196
"(13, 91)",9.999999999998899e-05,13,0.01995766555790747,202,9.999999999998899e-05,7,0.009667131752043054,215,9.999999999998899e-05,5,0.01082483330706254,214,9.999999999998899e-05,5,0.010683025086980408,214,9.999999999998899e-05,5,0.005768707781986798,214,9.999999999998899e-05,6,0.0016131178745558885,214,9.999999999998899e-05,10,0.02819548872180451,204,9.999999999998899e-05,5,0.024357009027422927,210,9.999999999998899e-05,5,0.01882981025900007,212,9.999999999998899e-05,5,0.015211801972165385,213,9.999999999998899e-05,5,0.009279558293025252,213,9.999999999998899e-05,6,0.0038682389474106894,214,9.999999999998899e-05,14,0.018630280766203097,203,9.999999999998899e-05,8,0.008994951812758145,215,9.999999999998899e-05,5,0.010466097171432579,214,9.999999999998899e-05,5,0.007422484519996174,216,9.999999999998899e-05,5,0.004557342765344953,215,9.999999999998899e-05,6,0.0027704117650548445,214,0.9999,221,0.0,133,9.999999999998899e-05,5,0.021164021164021163,204,9.999999999998899e-05,5,0.020484171322160148,212,9.999999999998899e-05,5,0.007513049840919336,214,9.999999999998899e-05,5,0.006045340050377834,214,9.999999999998899e-05,5,0.002895738920178957,214
"(91, 92)",0.00034796875562614904,25,0.09192621711521017,150,0.001980504861207155,24,0.0374725931831772,200,0.008934171875000008,19,0.030702645627242113,211,0.0469205357214334,55,0.018066288225599705,212,0.035167340560622096,58,0.010897363700543634,212,0.15736955937876673,137,0.003093153524460916,213,0.001000000000000112,25,0.06766917293233082,185,0.005409934809755823,24,0.044796457162323285,203,0.015119194590533569,23,0.03177444137615566,210,0.03396350778135093,32,0.023664791538658858,212,0.05328060503591692,41,0.014951688299636938,212,0.1374911886140111,128,0.006692454926316071,212,0.0006190643195906897,25,0.0844922592495408,156,0.0031649207556149195,29,0.03386874713171179,202,0.007441430980411168,18,0.03307286706172695,210,0.0641934832417308,79,0.01473610593369907,212,0.03830601214116469,61,0.009957793942278722,211,0.08619311153850728,96,0.004745887391956907,211,0.9997000299990002,149,0.0,134,0.008648345239830935,26,0.04204956836535784,184,0.022357958235541764,26,0.031968342644320295,211,0.058334102956429046,48,0.014261728524110355,212,0.1250000000000001,122,0.012256926952141057,211,0.36443148688046656,187,0.005791477840357914,212
"(91, 13)",0.8034844808137145,207,0.006954944058058664,214,0.6685873696655642,209,0.005381702212477577,218,0.497734578125,215,0.008038863050665916,218,0.2613103968321182,186,0.01019227247756821,215,0.3039698901202169,182,0.005309958163133562,215,0.09740456078220427,106,0.003629515217750749,212,0.7290000000000001,211,0.007518796992481203,213,0.5603962188247408,212,0.009538409129620166,215,0.42649402854996254,211,0.010437980741925531,215,0.3091279947884389,208,0.011334283822397739,214,0.2426316478256858,202,0.009020503957344963,214,0.11328924843073418,115,0.007138618588070476,211,0.7654901815481783,207,0.007871949619522435,213,0.6210417015839218,207,0.005828361633776962,217,0.5212082256852002,215,0.008023310091620215,218,0.21556539248458806,161,0.009840565032510481,215,0.2913055736524306,176,0.005063714183716614,214,0.1739928451430235,144,0.0037551833988859027,213,0.9997000299990002,150,0.0,135,0.5019610730427178,209,0.01086048454469507,213,0.3705864352449645,211,0.012538175046554934,214,0.22941255968812113,196,0.009035259069557775,213,0.1250000000000001,123,0.012256926952141057,212,0.023323615160349864,45,0.014478694600894786,207
"(14, 38)",0.3041669674480221,164,0.16359237980042335,94,0.32460467703230056,179,0.2111819812637034,74,0.12539823727752109,122,0.3871625073352489,29,0.05173807976921352,59,0.4974070683025087,21,0.05756449977309974,67,0.3659915447225938,28,0.10082794456675837,111,0.19438070388398457,42,0.23526050449109825,159,0.19924812030075187,90,0.23377908138202175,170,0.2962016692215977,57,0.14568863605512739,137,0.34066652647025863,42,0.08397436904960243,70,0.4455149045832265,25,0.07850964108556746,68,0.3920613378803169,26,0.12445695712282734,121,0.20642654138391045,48,0.3416219490277175,172,0.14300708475465757,106,0.32818013862488815,179,0.2015144561725562,78,0.1272989111408387,123,0.4039222745759661,33,0.05032825639636607,62,0.4766323692900476,19,0.04931580180603046,69,0.3426438158124603,22,0.08564272766527004,95,0.22503218304887668,36,0.9997000299990002,151,0.0,136,0.23114450918291274,167,0.06906154274575327,151,0.17789606217846476,170,0.29310986964618246,50,0.07849281228137328,68,0.3705370850673234,25,0.07485422880918613,73,0.32896725440806046,25,0.08864246071472637,89,0.22731550523404812,38
"(14, 17)",0.03512057894082954,69,0.33595403689144243,33,0.03058924946324315,54,0.46407215467410806,17,0.12460260675907486,119,0.3879848148478731,28,0.24693632947819033,182,0.2954294085332356,63,0.23134392529251957,175,0.23019891053833033,62,0.1527559916892598,134,0.16924429460371743,56,0.05603744022341661,75,0.3214285714285714,45,0.0566098213010674,67,0.4752171691364333,15,0.10636897939594947,104,0.3783261469882588,31,0.1775921167966119,172,0.3470855977045093,51,0.18695848550023875,176,0.2935936249434527,54,0.12554462022298718,124,0.20582868207715954,50,0.027254245014397882,61,0.33219627394384676,29,0.029857451636850385,54,0.44804956402019275,17,0.12272893441957855,119,0.40887483175748796,31,0.2509917019692931,179,0.27897655484556283,63,0.2539788550290317,169,0.19841404471765997,70,0.17487531063453443,145,0.1773775412743894,55,0.9997000299990002,152,0.0,137,0.05764344900848695,70,0.10971874129768866,93,0.08379013123217804,73,0.37672253258845434,30,0.18698849939272144,177,0.2774405979081056,54,0.19365940750867217,169,0.23963224181360201,52,0.17014581537498263,143,0.1829093488931038,56
"(38, 18)",0.601211584,195,0.07075899606894466,171,0.46079931637146154,198,0.1518337651983257,97,0.2795743138821497,207,0.21421775386607972,88,0.19937325188302524,164,0.21931148141366053,90,0.12090499203330562,116,0.24310982795515793,54,0.061858063508327676,78,0.27019724398811135,32,0.4814917181608197,190,0.11278195488721804,154,0.5123057933425097,208,0.12825753704649975,149,0.269421011272883,198,0.21576994690444795,80,0.16894183001417495,166,0.295484779249909,70,0.13632207969340904,134,0.285860659699265,55,0.07876667862249276,93,0.2798918499283908,28,0.5987371518378624,195,0.07084754657570191,173,0.4283987255348203,197,0.1630105553005966,95,0.2804536887597563,207,0.22641726654846955,89,0.19003544484786372,151,0.2158557464875154,90,0.1124133956307618,113,0.21858281831140325,57,0.10870205365797414,107,0.2044706259232234,42,1.000088900582341e-12,7,0.2618296529968454,27,0.06604343653923939,76,0.16541353383458646,50,0.21789075429467442,190,0.25499627560521415,67,0.15026893458991397,147,0.25457479404443806,63,0.14728899715731802,144,0.23257934508816122,57,0.13441528396568003,127,0.16313145206828156,70
"(38, 14)",0.0037964160000000247,40,0.38282431206531603,26,0.011791459739899812,38,0.5152481562686865,14,0.041464288497400914,34,0.40469683819912755,25,0.07189164399448167,77,0.3081230543856437,58,0.129186443792635,126,0.23779986979202436,58,0.220910898373763,161,0.17676948948852064,49,0.010107989655104399,43,0.4088345864661654,23,0.007980906929306641,26,0.5135411343893714,7,0.04441147798669509,41,0.393522618950768,26,0.08942613857895798,77,0.36528010594572674,46,0.11432283931604437,109,0.30313223757215824,46,0.18650099359823646,151,0.20999585067794568,45,0.0038816986271856813,40,0.37995276830228286,25,0.014914883932635403,40,0.4992198256080771,14,0.041218641786397114,34,0.4290409077874043,26,0.07680602638459488,89,0.29195105778651614,58,0.13849271565492682,125,0.20389804717862509,65,0.14285063694740563,134,0.186673548203385,51,0.9997000299990002,153,0.0,138,0.2114822196670929,160,0.11222500696184906,89,0.06316575614541597,53,0.3852886405959032,29,0.10273559385752529,97,0.28897802922903043,47,0.10508132306573847,101,0.2602871536523929,41,0.11603498308328863,108,0.171326393212388,64
"(17, 56)",0.06140018189966745,92,0.25340187481100696,44,0.05604799639560765,75,0.3512557305162448,31,0.15588561371609644,148,0.3153767706673605,57,0.22616560905571592,174,0.29695293902215714,61,0.22734831486119034,172,0.2176533446143619,67,0.15757387368214537,138,0.15714591054454827,61,0.10268967878154878,105,0.26785714285714285,58,0.0779387059304597,84,0.40316811446090955,29,0.12962804771536973,123,0.3171304148943845,52,0.19192472827924156,178,0.31298729963670635,65,0.20644541813451578,186,0.2606009287291258,67,0.13211196116541846,127,0.18039735335715848,57,0.04550053844133106,79,0.2589871424822881,39,0.054908259029664674,74,0.33997246443322626,35,0.14922880861993804,145,0.3393108702978442,54,0.22704345258307357,170,0.2874414860803674,60,0.23934011176950154,165,0.19495299607308966,72,0.1655623719468604,141,0.17342065766134532,59,0.9997000299990002,154,0.0,139,0.11250973799663788,108,0.07101086048454469,149,0.11496336858370226,110,0.30831843575418993,44,0.20531284237420877,185,0.2536993604108005,64,0.18982761970728235,167,0.22653400503778337,59,0.1628696243269797,139,0.1805058855893553,58
"(17, 14)",0.22198507988656002,141,0.1651043241608709,93,0.23523303549522334,159,0.21775961730117602,72,0.09848973557046736,94,0.3675372744589007,37,0.05965332613024943,69,0.4630397363120307,25,0.05916906340248884,69,0.34090315987836267,31,0.09725631028386816,105,0.18456891441199838,45,0.15032811471366148,130,0.23590225563909772,68,0.1879809479128467,153,0.30063021631749276,55,0.12048343971005471,118,0.32495890045082865,49,0.07578125037519223,64,0.42662840848758893,28,0.06840818493834688,58,0.3765954073919415,30,0.11814796952432616,117,0.18724150392847105,54,0.26584366680222604,154,0.1437942797166098,105,0.23823151093234585,160,0.20844424047728316,76,0.10354680032726593,98,0.38326847841786105,38,0.05929347781650007,72,0.4496936988054749,24,0.05449321174555721,73,0.31926717928333254,28,0.09167096551485443,100,0.21119198894208235,39,0.9997000299990002,155,0.0,140,0.1383820574849317,127,0.06627680311890838,157,0.1356044152304059,131,0.29180633147113594,51,0.06895295636331489,59,0.3649839612718613,27,0.07691973091757509,75,0.30613098236775815,32,0.09350873802890725,95,0.21718041901342178,41
"(15, 110)",0.42656245737032883,177,0.06078016328999093,186,0.2779455933392343,168,0.12273270879011362,119,0.19060634814915456,185,0.1875677739015168,102,0.13834279803506022,125,0.17823475553927853,112,0.10556777284714258,106,0.16930607939390113,88,0.09764957791984497,107,0.08536216512681122,104,0.3220473701459201,172,0.06296992481203006,187,0.2725187557474844,182,0.1492079713847726,129,0.2604416288492535,196,0.179491823837585,96,0.1461148292357055,144,0.24140234917945752,83,0.11833950197731458,114,0.2139440829283193,84,0.11178571423222483,112,0.09696474860908479,105,0.4339151135260685,179,0.060876410390973495,185,0.28169019946684104,171,0.12299219825608076,118,0.20022138840294246,189,0.18050459147682912,107,0.13161455267777822,123,0.1697835603513969,111,0.09741404897534567,102,0.15368372547579925,86,0.1223342771704623,117,0.08345049742832225,109,0.9997000299990002,156,0.0,141,0.1661942885748161,135,0.09440267335004177,110,0.3042960656635936,205,0.1355679702048417,121,0.16620225144468126,163,0.16680930572886382,95,0.14980402727175357,148,0.14307304785894207,105,0.1744764621092656,144,0.11051587588862989,115
"(15, 50)",0.015111811770886607,55,0.18506198971877835,80,0.041923210136528666,65,0.230566075343831,66,0.07649467735084414,58,0.2542886280378375,77,0.11254394404024215,112,0.19092840139168651,104,0.14668151404390573,134,0.1517252556773699,95,0.1570327246633837,136,0.07286050159900309,112,0.031123297049742482,63,0.13721804511278196,137,0.04349017306424263,55,0.2750809061488673,61,0.047197895632521636,45,0.3171810698009262,51,0.10602412182615972,98,0.2686404228284407,75,0.13190583849793514,131,0.20634257809328274,86,0.13921666879611205,131,0.09012505967438976,109,0.014336853251158077,53,0.18971398583049068,68,0.04087573652353704,62,0.23405231757687012,66,0.07146342984051934,54,0.2544664069679089,80,0.11861086339982452,113,0.17577433007953605,107,0.15735649611520364,138,0.1309805629331058,102,0.127704169169077,124,0.08226402558033302,111,0.9997000299990002,157,0.0,142,0.09124606951473813,101,0.11528822055137844,83,0.035089980517311936,34,0.27852327746741157,59,0.09124073060073035,82,0.20372124625164142,83,0.10309719082845659,97,0.16205037783375315,87,0.08589096413284092,87,0.13996554070684988,93
"(110, 16)",0.2318798383034194,144,0.06985182945267614,174,0.1496278131587172,130,0.12562288220051823,117,0.0899032254083254,81,0.19547939768348566,95,0.10256292407177714,102,0.18110236220472442,110,0.05987806015192443,70,0.17525883642417034,83,0.1116142103054566,116,0.09786382865461936,90,0.27637296153213553,165,0.07142857142857142,179,0.16200842788271919,139,0.1595980241866803,117,0.11565493712347164,114,0.18880465165541768,91,0.06386279086195001,48,0.24786289095822422,82,0.055234498935340604,43,0.22232275077039668,79,0.16870855212996028,146,0.10127915121824989,102,0.1250000000000001,115,0.07976908947782733,162,0.1250000000000001,117,0.13822854520422212,109,0.1250000000000001,121,0.18755246131207182,102,0.1250000000000001,117,0.17918537407672538,105,0.1250000000000001,119,0.1566384027019979,84,0.1250000000000001,119,0.09511351569405636,101,0.1250000000000001,57,0.04100946372239748,73,0.1250000000000001,118,0.11751601225285435,80,0.1250000000000001,121,0.14761080074487895,106,0.1250000000000001,122,0.17508672672751147,91,0.1250000000000001,124,0.15029219143576825,95,0.1250000000000001,118,0.11679962934541824,112
"(110, 15)",0.05735291188401048,89,0.11127910492893862,121,0.10323466450566077,103,0.14216663344628264,104,0.16821508053712786,161,0.1586369825682202,115,0.15049166171514816,136,0.15937374107306354,119,0.225620308241526,171,0.11262715193402796,118,0.13941538782077612,129,0.0908709626684196,99,0.04237125191791091,69,0.13345864661654133,141,0.09410595613085437,99,0.19127916879577583,100,0.1348353677226808,127,0.17939051402450162,98,0.2163090887598118,193,0.1650450686917254,114,0.23736642311251588,201,0.13674589089559339,111,0.08957894406926048,98,0.1250730592996123,81,0.1250000000000001,116,0.07976908947782733,163,0.1250000000000001,118,0.13822854520422212,110,0.1250000000000001,122,0.18755246131207182,103,0.1250000000000001,118,0.17918537407672538,106,0.1250000000000001,120,0.1566384027019979,85,0.1250000000000001,120,0.09511351569405636,102,0.1250000000000001,58,0.04100946372239748,74,0.1250000000000001,119,0.11751601225285435,81,0.1250000000000001,122,0.14761080074487895,107,0.1250000000000001,123,0.17508672672751147,92,0.1250000000000001,125,0.15029219143576825,96,0.1250000000000001,119,0.11679962934541824,113
"(50, 15)",0.13660795028229544,119,0.1366797701844572,108,0.25653419726397986,165,0.12706796890572056,115,0.18426850502913172,179,0.21966245511017593,85,0.13177785631396,121,0.2346932796191174,81,0.0909462433428645,94,0.19586136421698033,77,0.08383696766224169,94,0.11278516899426135,79,0.09061113843187474,98,0.1832706766917293,104,0.1487890416873423,135,0.25310849940384944,68,0.20785151308901328,180,0.23362656895898026,75,0.11426193006747154,110,0.3139775581180317,63,0.09464162661099296,87,0.2558335556560841,68,0.07116221431641989,82,0.13429526218807583,73,0.16547000932784695,130,0.12437680398845447,119,0.2603942941241336,164,0.12831574116567232,115,0.17694270457008487,174,0.2255088093139892,90,0.1216120998453114,115,0.23130770981714296,79,0.08175156534401462,91,0.17950866781275399,78,0.08835223848984863,97,0.12853642765191287,72,0.9997000299990002,158,0.0,143,0.19489735535478658,150,0.08799777220829852,122,0.2285197569710038,194,0.18746182495344504,86,0.1107767704461291,108,0.23943763188669015,67,0.11314423928044115,105,0.19378841309823677,71,0.12791776115682907,120,0.15444423530774468,78
"(50, 96)",0.1140689824296719,111,0.1451466586029634,105,0.04846672308860156,69,0.22144707992824397,70,0.08003517159905194,63,0.2900542571030847,66,0.11845862970181242,116,0.24317890496246108,78,0.16664234942316714,146,0.16005966492048798,93,0.17781871895950885,148,0.08778184193864506,102,0.1671452534095501,137,0.1494360902255639,127,0.10389219948740291,103,0.2853006302163175,59,0.06773859220776857,62,0.3394907186396241,44,0.13639059515655283,132,0.29598587390310976,69,0.1612416503087475,155,0.2142031372639996,83,0.20082146446751348,160,0.09503285995368821,107,0.09173327040845614,105,0.1514038310154815,97,0.04721305662002018,70,0.22670949977053695,71,0.08436962593339459,69,0.2886549599881105,69,0.12845024364732938,121,0.22712802631188292,84,0.1813128879768826,147,0.1376494745130606,97,0.1705949466492369,143,0.10322305077506272,94,0.9997000299990002,159,0.0,144,0.07420065279369692,87,0.1214146477304372,76,0.058693642569680016,49,0.29491061452513967,49,0.14039138333844559,136,0.22125605127166537,78,0.13765631330728012,140,0.1815264483627204,77,0.1221269484159132,115,0.1568476986114932,74
"(16, 110)",0.08538945509045692,102,0.1149077713940127,115,0.12146490221341977,113,0.14535579031293602,102,0.1560050330840308,149,0.16699299424384742,108,0.14321855863873978,130,0.16559970701336751,116,0.1945363631035053,160,0.12169226416286436,112,0.11143231867522962,115,0.10579230300806156,83,0.049296296296296394,72,0.14285714285714285,130,0.0826358698456795,90,0.20218020780105603,92,0.13058005852809074,124,0.18911165108900374,90,0.19190360794022931,177,0.17667762314102833,107,0.22308470293024307,193,0.1516937127126082,106,0.09440984482260129,100,0.13786457148211106,71,0.09149145398548775,104,0.11965363421674101,121,0.11632845542983472,109,0.16466268930702158,93,0.1559505285847631,151,0.1625029043419651,116,0.15815145214487858,136,0.15444375901007149,117,0.19209746838836494,151,0.1080267465383184,114,0.1530181573250764,138,0.08443526906215333,107,0.9997000299990002,160,0.0,145,0.13614459254438194,124,0.126427179058758,74,0.14633631151031934,138,0.14698882681564246,108,0.2218270281561836,192,0.1205354517956189,131,0.22477624951440967,187,0.10663476070528967,135,0.1666797160415714,141,0.09700725382599507,124
"(16, 26)",0.175283673763593,132,0.09041427275476263,153,0.12860303085845382,121,0.14261510863065577,103,0.09840185531541434,93,0.19471976025842863,96,0.10839594295584065,106,0.18171397180003662,109,0.07439055828875363,81,0.1676578771704763,89,0.13962657234327502,130,0.09812999310392109,89,0.25403703703703706,161,0.08270676691729323,172,0.179818486847395,147,0.15602112076307273,123,0.11958121768427599,117,0.19474048570380387,86,0.07579261859389386,65,0.24080580792564713,84,0.0609353177134333,50,0.23379460471014912,74,0.16157277730953434,145,0.11525745874101538,91,0.1658289118150642,131,0.09813697192337968,138,0.13409211758487238,124,0.1570445158329509,99,0.09844195291460456,92,0.18943635880292967,101,0.09683872272134586,103,0.18187726179597735,103,0.07568834533659119,87,0.1473540827461535,88,0.1006294429568666,103,0.09709492368019836,98,0.9997000299990002,161,0.0,146,0.11448081853400183,111,0.1339459760512392,62,0.10584546655569671,104,0.16374860335195532,99,0.06146731826493235,52,0.18488635695479758,86,0.060227751514397077,56,0.16540554156171283,86,0.09092129292198892,91,0.11872529572733724,111
"(26, 66)",0.1250000000000001,114,0.10916238282431207,125,0.17860011806951737,141,0.12063982459637235,120,0.11383035399691654,108,0.189022479570501,100,0.10029566343351837,98,0.20594396630653727,95,0.10126766046985591,102,0.16445487084962077,90,0.164236953206373,145,0.09383103396822964,94,0.20332669120256164,154,0.1099624060150376,155,0.2168840371045112,167,0.14971895758814513,128,0.12686488110965177,122,0.19028899391680623,89,0.10009107702237663,91,0.23573520726825867,88,0.09276412909274034,83,0.22734917817911868,77,0.19758006557774377,157,0.10960902678320461,97,0.12239591793604221,113,0.11335607452112306,124,0.18616955766715515,143,0.1312987608994952,113,0.11417206400806357,106,0.18594696200597408,104,0.09276840820277021,99,0.2035410199483395,92,0.10665477910426002,109,0.14034843417298157,93,0.14092575256040518,132,0.08839215267519739,105,0.9997000299990002,162,0.0,147,0.18199334413436552,144,0.12754107490949596,71,0.13230447310796944,128,0.16883985102420856,96,0.09751835299176981,93,0.18423304827297848,88,0.10499727745908904,100,0.168095717884131,84,0.12980349181497663,122,0.13223391778997207,98
"(26, 16)",0.1250000000000001,115,0.10916238282431207,126,0.0833652014530264,93,0.15552122782539368,95,0.1368774238851529,134,0.17775515746334275,107,0.1534604438532029,141,0.17872184581578465,111,0.1521775346164298,138,0.14357764268624,100,0.09257000089784384,99,0.11359172793153928,78,0.06992018441735515,82,0.1569548872180451,120,0.06360843072879396,71,0.22534491568727644,77,0.123153484543159,119,0.19218164542486418,88,0.15373244553545196,151,0.2043153794300645,97,0.16395281144819174,159,0.18803864936029044,90,0.07280668359361775,85,0.1528869019733819,62,0.1276407586740611,119,0.11178168459721857,127,0.0789535062105553,91,0.1747590637907297,86,0.13649176991851775,136,0.17520246664978137,108,0.16394655635500555,140,0.16835184555953986,112,0.1453367540701519,130,0.12659285459291536,105,0.11032167650303037,109,0.09590845183220914,100,0.9997000299990002,163,0.0,148,0.08135260649973663,93,0.1668059036480089,49,0.11796945068148967,113,0.1754189944134078,91,0.15721299473378614,152,0.157120737977487,99,0.14739431392037716,145,0.15012594458438286,97,0.1203164994195014,114,0.13562193232658146,96
"(56, 33)",0.07458499003366126,100,0.23918959782280014,50,0.05491170303301618,74,0.3708391469005382,26,0.1268282314617204,124,0.3377215055254127,47,0.15072623047766054,137,0.3300384544955136,53,0.13715633607986266,130,0.24274447646229874,55,0.07927733246084467,91,0.17206725088419025,53,0.13541152547726687,120,0.2199248120300752,82,0.0778474057486559,83,0.4224152614546074,25,0.09830400025356067,96,0.34870070164720546,39,0.13814798667390615,136,0.34290980892783646,55,0.14030097152410304,139,0.2950126240657611,50,0.073134963822034,86,0.2035978637683875,52,0.054682495946686505,82,0.24534242980844922,41,0.05367828552326914,73,0.3614043139054612,29,0.12194908805454707,116,0.3644295035092824,44,0.1496805217744609,132,0.316197840551837,51,0.14197633989372083,128,0.21968164428926973,56,0.07889607610952742,92,0.19695432676621163,47,0.9997000299990002,164,0.0,149,0.1062143993632273,106,0.07490949596212754,145,0.09334466402702657,89,0.3247057728119181,39,0.15324137359226553,150,0.26437442427172414,59,0.13210302638122284,135,0.2349269521410579,56,0.10571741538921398,103,0.1920888412700711,51
"(56, 17)",0.1941678637313793,135,0.1738736014514666,87,0.23822234964286992,160,0.22737691847717761,68,0.12318942283222434,117,0.3410145337630349,46,0.10238146709240004,101,0.37545138253067206,41,0.11358404699712399,110,0.2584930487071227,49,0.18559724698809577,151,0.1295857916577609,69,0.1151363196651729,113,0.23214285714285712,72,0.18814526203640702,154,0.3147675012774655,53,0.15613816260125724,147,0.29886394859601484,56,0.11271387809553124,106,0.3669742831065482,45,0.11085400734725237,103,0.31911241024927217,38,0.19694301530610925,156,0.14634168105544476,66,0.23883340793737773,149,0.15009183941222776,98,0.24154340619796055,161,0.21890775585130792,73,0.12810137723113746,126,0.3584994128519487,46,0.10319351969535928,107,0.3579286979642599,39,0.10943390515003437,111,0.2395972321738272,45,0.18627134229782905,148,0.14791151292957697,67,0.9997000299990002,165,0.0,150,0.14587945750772535,130,0.06739069896964633,152,0.16310739800518137,156,0.26958472998137806,63,0.10046081608857793,95,0.3043307832517786,41,0.11815626344929209,110,0.24382871536523928,50,0.14649535012461357,133,0.17229646575064794,63
"(18, 38)",0.17679289578269386,133,0.10946477169640158,124,0.20594763268233207,148,0.17988837950966713,84,0.3138175148172554,209,0.20807798437805636,91,0.3471643030182622,202,0.2063724592565464,94,0.42152689658509646,208,0.1584114626970632,94,0.3006442523974103,178,0.17703968673250875,48,0.13913682585331122,122,0.15225563909774437,123,0.28739194382397726,188,0.15823539431102027,118,0.35072927713238333,206,0.18726965448748745,92,0.37808490977238884,215,0.2132634982372206,95,0.44782756739924223,215,0.1732184214698047,94,0.263904631966276,177,0.20999585067794568,46,0.15890848777574762,128,0.11178168459721857,128,0.2052311609880122,150,0.18077099586966497,85,0.3135261484624545,209,0.21155540856503527,93,0.3335647441939479,197,0.20128788353626956,96,0.4155283542306898,193,0.14397911724270634,90,0.3905024004215203,185,0.13150260727188592,70,0.015691212846566938,33,0.35962145110410093,22,0.06402225509687876,74,0.20690615427457532,37,0.2667807800875066,200,0.23445065176908753,73,0.3453447784829611,214,0.20502786361527955,81,0.4159122363793655,215,0.16087153652392946,89,0.4263254226295974,199,0.12983045448622355,100
"(18, 24)",0.23097355112611317,143,0.09495010583610523,147,0.161323830057843,136,0.20295993621686267,77,0.22435465017347866,194,0.2598586694570681,75,0.25092664743204607,185,0.26142830983336385,74,0.21615592500836922,170,0.2634376553773971,45,0.12139684628629199,119,0.2851185843277533,29,0.1782097142056489,144,0.1362781954887218,140,0.2795922665595204,185,0.16130131153125532,115,0.2164255966228048,187,0.2612058630751826,71,0.22027867473512863,195,0.314973782011895,62,0.20854219432262555,188,0.31408598284055017,42,0.13893204839176132,130,0.2928305961192685,26,0.21957051898308655,142,0.09498819207557072,142,0.14379425669526336,126,0.2140890316659018,75,0.21162449103523961,190,0.27281556852886446,75,0.24008812708965244,175,0.2534630013888293,74,0.2254130309305038,160,0.23031544407507462,50,0.1904352132988696,151,0.21653111225803387,38,0.057248934674102414,44,0.277602523659306,26,0.07162010847745304,80,0.20050125313283207,38,0.1530755329007507,145,0.3159534450651769,42,0.19341172882519375,179,0.2997576224790451,44,0.2035910591629091,177,0.272544080604534,38,0.25730741537465485,172,0.19691024657216907,49
"(18, 25)",0.04893742636662557,85,0.169337768370124,89,0.06377405419132587,81,0.281044448873829,50,0.02180035849021189,27,0.5378232969403703,10,0.015095693284444378,27,0.6143563449917597,7,0.013469818101894182,26,0.5765054267058207,7,0.0539774903822301,73,0.36644795476817477,16,0.0899311058318133,97,0.17857142857142855,108,0.01759014994150465,34,0.39737693748935443,32,0.019020987994937344,25,0.5421103448064138,12,0.016094693317317388,23,0.6781659935692853,7,0.01269368650963354,21,0.6797276449640998,4,0.05509644421677817,70,0.3950020746610272,19,0.05983435817481697,87,0.1563893991078457,94,0.07331029150266155,86,0.2710417622762735,53,0.023931762478962115,29,0.5374696744834458,10,0.01752792819520077,33,0.5662530968254859,9,0.012876237318957262,37,0.5195370752493247,8,0.019229889069234396,51,0.41902033019511525,10,0.9995000999900006,109,0.0,151,0.4002790156826763,199,0.08187134502923976,133,0.04816665562659328,43,0.4591564245810056,17,0.0233311007742516,24,0.5655497265903167,8,0.015319896961941026,21,0.5662468513853904,7,0.009558483626449732,27,0.501440630112789,8
"(24, 41)",0.011418841674905256,53,0.14605382521923194,104,0.005542858646759075,33,0.31428144309348216,44,0.009357245200343978,20,0.3334181595124647,48,0.01663473387922698,29,0.28926203991942867,65,0.008508810374069808,23,0.28935014133334064,41,0.0068770406359911496,31,0.3644315574249799,17,0.01675887074618254,53,0.19266917293233082,97,0.012585822135535385,30,0.22994379151762903,74,0.005667550107436137,18,0.3612354885205237,33,0.007454451618873703,17,0.3996826400529729,36,0.005245614979257129,16,0.38574737175843765,28,0.007819737994273157,23,0.41255415311444543,17,0.011998691629618419,50,0.1458934662818158,102,0.004660600512965685,32,0.3320330426801285,37,0.009318746607126172,20,0.34035748001498745,53,0.019715886060338694,34,0.26781313812748864,69,0.012463633216564629,35,0.2403567893013847,44,0.008321665071089113,39,0.26992234541754906,31,0.02709755560235305,40,0.4037854889589905,18,0.017674027440266804,36,0.2634363686995266,23,0.008739744067237765,18,0.41204283054003726,25,0.011092526225979449,17,0.3488668360913848,31,0.007171649620002496,17,0.3103274559193955,29,0.004229450952387359,18,0.2910217614779852,28
"(24, 25)",0.9995000999900006,223,0.0,222,0.9995000999900006,223,0.0,222,0.9995000999900006,223,0.0,222,0.9995000999900006,223,0.0,222,0.9995000999900006,223,0.0,222,0.9995000999900006,223,0.0,222,0.9995000999900006,223,0.0,222,0.9995000999900006,223,0.0,222,0.9995000999900006,223,0.0,222,0.9995000999900006,223,0.0,222,0.9995000999900006,223,0.0,222,0.9995000999900006,223,0.0,222,0.9995000999900006,223,0.0,222,0.9995000999900006,223,0.0,222,0.9995000999900006,223,0.0,222,0.9995000999900006,223,0.0,222,0.9995000999900006,223,0.0,222,0.9995000999900006,223,0.0,222,0.9995000999900006,110,0.0,152,0.9995000999900006,223,0.0,222,0.9995000999900006,223,0.0,222,0.9995000999900006,223,0.0,222,0.9995000999900006,223,0.0,222,0.9995000999900006,219,0.0,218
"(24, 18)",0.07221466004087806,99,0.10099788327789537,135,0.1126847295331197,109,0.17206497907115806,88,0.08250320010166035,66,0.21573702871619374,87,0.054699984833511794,62,0.22798022340230728,87,0.08765328155302299,93,0.18148629382501036,82,0.09972828993688077,110,0.21346792113466714,39,0.05437997254881988,74,0.15225563909774437,124,0.06743942607787479,75,0.16436722875149037,114,0.11131590444803052,110,0.1991397875870919,84,0.09506996639640297,82,0.2402092666718367,85,0.11610730592008234,111,0.20763011680644003,85,0.09235498652032637,99,0.2517835392378633,30,0.0697628256653724,92,0.1025977433744424,134,0.12359663243310359,113,0.1723726480036714,89,0.08272343301336871,65,0.21992828630218136,92,0.04764322286073608,61,0.22448892070477316,85,0.06791057806632883,80,0.17123709069365292,80,0.08888007401611908,98,0.1680815343453938,61,0.0358965832279774,42,0.38170347003154576,19,0.05212143333233743,66,0.2121971595655806,35,0.0861870021123109,77,0.260707635009311,65,0.07366990172380383,64,0.2388953856807803,68,0.09729173884805498,94,0.18421662468513855,76,0.12988950651229048,123,0.14671261239086686,86
"(25, 24)",0.9995000999900006,224,0.0,223,0.9995000999900006,224,0.0,223,0.9995000999900006,224,0.0,223,0.9995000999900006,224,0.0,223,0.9995000999900006,224,0.0,223,0.9995000999900006,224,0.0,223,0.9995000999900006,224,0.0,223,0.9995000999900006,224,0.0,223,0.9995000999900006,224,0.0,223,0.9995000999900006,224,0.0,223,0.9995000999900006,224,0.0,223,0.9995000999900006,224,0.0,223,0.9995000999900006,224,0.0,223,0.9995000999900006,224,0.0,223,0.9995000999900006,224,0.0,223,0.9995000999900006,224,0.0,223,0.9995000999900006,224,0.0,223,0.9995000999900006,224,0.0,223,0.9995000999900006,111,0.0,153,0.9995000999900006,224,0.0,223,0.9995000999900006,224,0.0,223,0.9995000999900006,224,0.0,223,0.9995000999900006,224,0.0,223,0.9995000999900006,220,0.0,219
"(25, 43)",0.23523786307664507,145,0.18838826731176292,76,0.16101237442940075,135,0.27127765596970305,54,0.05115266644679006,45,0.5240225840206469,12,0.019601398337992126,32,0.5705914667643288,10,0.014515853052009198,27,0.5042592292457003,11,0.016308486031045955,41,0.3227566571358286,25,0.3609396540085733,177,0.15977443609022557,118,0.12467987955068982,119,0.3653551354113439,38,0.048950215597078905,47,0.5354070121740625,13,0.03155741238717724,29,0.6334253995335047,12,0.02399989797834179,24,0.5968573229247621,13,0.02096554336281531,35,0.372546657564928,20,0.24944282850747834,151,0.1734452899501443,78,0.15938212976822408,135,0.2631941257457549,56,0.04941206004658172,42,0.5261662895382986,12,0.017352776043804363,31,0.5299653947277267,13,0.00948214209064957,30,0.45919532517906564,11,0.011077497629295108,44,0.3741361001856828,15,0.9995000999900006,112,0.0,154,0.19699254596677507,153,0.08242829295460874,129,0.06268664590612283,52,0.44959590316573556,18,0.03064154232396632,27,0.51469617879752,12,0.022944970220518446,26,0.49907808564231737,10,0.005217450639481647,19,0.47779692182952793,9
"(25, 18)",0.001002438180282339,29,0.5612337465981252,12,0.002682049155416588,28,0.6153079529599362,5,0.018088758324550147,24,0.6451220832296745,3,0.04787612068520164,57,0.47726423731917234,23,0.06074548277737635,71,0.37872115989484473,25,0.05555754647811917,75,0.2525860295926474,33,0.00021310321492074014,22,0.706766917293233,2,0.004582718713079137,20,0.7073752342020099,2,0.01908581822086175,26,0.6463873074154178,3,0.030944987987883588,28,0.6359129765618942,11,0.04015509095019543,33,0.538473435331145,17,0.045224459839098397,62,0.3194531818161538,23,0.0008382586428998806,29,0.5418525321437943,12,0.0027444672553782468,27,0.5930243230839835,9,0.018870214397487928,24,0.6378730378684327,4,0.05289470584800371,66,0.42407128224244806,27,0.08179686457872071,92,0.2984223998460631,33,0.0737383122410522,87,0.25608215131075474,32,0.9995000999900006,113,0.0,155,0.0016429958186336968,21,0.214703425229741,34,0.01391613836967176,19,0.6075102420856611,8,0.0318680853671085,29,0.5106717973175146,14,0.04180262583682426,42,0.4426549118387909,13,0.11644396313298078,110,0.25675069135766726,36
"(49, 40)",0.05402501990742259,87,0.16268521318415483,95,0.13852523471263678,125,0.08834961132150689,148,0.09575404001825771,90,0.10058928873248797,162,0.10223421350507567,100,0.08374656656290057,177,0.17396432190025735,148,0.046883112245318416,191,0.26738584606701266,168,0.019893776187960493,194,0.09185170635325557,99,0.23778195488721804,67,0.2068487010459944,163,0.12144438766819962,156,0.113458813866252,112,0.10883129920625297,155,0.06487312996985373,50,0.13203247570585744,144,0.09769765586142909,90,0.09962765772349237,152,0.20354479372153178,163,0.03539416328697693,181,0.0972254281492494,109,0.14641826292311727,101,0.16070714336053626,136,0.08485543827443781,155,0.10929384004693787,101,0.09733470369432298,168,0.10666290381477583,110,0.07576542309811204,179,0.21420995389585773,157,0.036711927831945455,190,0.31896157066654873,172,0.01760130986492018,196,0.0037363155520930835,26,0.15457413249211355,35,0.12798396039874627,120,0.10498468393205235,99,0.14457943417185737,137,0.08367411545623836,173,0.12965483134456157,126,0.07893928802419856,176,0.16981975047518638,158,0.07036272040302266,174,0.25768788192562386,173,0.04440615634094431,185
"(49, 19)",0.2406015964178807,147,0.09888116117326883,139,0.11238510376318067,108,0.09472792505481364,143,0.15966615962494746,152,0.08482681216255482,179,0.15091696778296404,138,0.0735506317524263,185,0.08621097148164025,91,0.05924462892100441,174,0.04502769946987906,68,0.03602495493351938,160,0.16529464624248802,136,0.19548872180451127,94,0.06821537888766804,76,0.17577925396014307,111,0.1372984471392188,129,0.10212796657390168,165,0.21405022065103751,191,0.08868778820399324,183,0.15696675256373838,152,0.08506261768606481,169,0.06981322410640678,79,0.05056372778662669,146,0.15761648288160202,125,0.12463920230910522,118,0.09501724268113898,100,0.10110142267094997,134,0.1421430881576673,142,0.08917114790060557,178,0.14532676825140334,127,0.06834293857811588,186,0.06480110341647127,79,0.054688113184139436,167,0.031779794038257925,66,0.037967099135655255,161,0.6029818770757309,81,0.028391167192429023,79,0.12206278475360854,115,0.10665552770815928,98,0.10727318835456501,105,0.0924264432029795,166,0.1204579345657244,117,0.08089921406965576,174,0.08885387791746857,88,0.08731989924433249,154,0.048088423304586625,58,0.07770715392300231,142
"(20, 79)",0.8335969532994655,208,0.0254006652555186,200,0.6942661566586532,212,0.04325294000398645,193,0.13782562513475083,136,0.15072535878625132,123,0.014360104174958033,24,0.25965940303973634,75,0.009081477878616129,24,0.1830410979224411,81,0.000982787160621279,17,0.16803445619780052,57,0.6161466242028752,203,0.045112781954887216,194,0.40534262529198717,204,0.061318344404701075,196,0.20736689483754556,178,0.10463615194629965,162,0.08960562890852386,78,0.14068232388610835,134,0.06792936670682836,57,0.11986096128490951,124,0.005005890536458946,19,0.1167476453712751,88,0.8218024454435924,208,0.025190238782471792,199,0.7022400052397131,212,0.04382744378155117,194,0.1510059112875215,146,0.14847833413224543,126,0.007727520465549587,21,0.2804610517495621,62,0.002178462384037072,19,0.1983279615765368,71,0.0007305103586363604,18,0.1738181257304217,58,0.9997000299990002,166,0.0,156,0.42601873807155255,204,0.04928989139515455,176,0.19178656473909994,180,0.10639292364990689,148,0.04454601849406692,39,0.13621486015927664,119,0.022753012713555787,25,0.10998992443324937,131,0.007215075389087167,21,0.1491305543892163,83
"(20, 35)",0.00020396983230752674,24,0.4061082552162081,23,0.001502185115160537,21,0.3344129958142316,33,0.11299580181938329,106,0.1610431341120883,114,0.43368946582407475,212,0.08338033327229445,178,0.49560060287583696,212,0.04825661409817242,190,0.7304032163520962,217,0.018550855557392717,195,0.0033125016024562193,31,0.2575187969924812,61,0.017561361466604808,33,0.17458695281894054,112,0.06796853352445287,64,0.15176056500175755,113,0.16866786341311102,165,0.11393937947778779,161,0.20744931123020816,187,0.0826151341862794,170,0.5695893657649232,214,0.024092837734737856,200,0.0002539312176672581,24,0.3726056153240619,26,0.001373179494949861,21,0.3504818724185406,32,0.1021656377492538,97,0.16913213029035049,112,0.5164228020564033,215,0.06911157808618659,184,0.6593359409492965,216,0.02953917669071087,195,0.7534167061839354,217,0.017203841795843788,197,1.000088900582341e-12,8,0.17350157728706625,31,0.015170562138726917,31,0.14981899192425507,56,0.07585565392608218,64,0.14494040968342645,109,0.2689741916105063,203,0.07480384406828382,180,0.36803907547267845,211,0.0434911838790932,200,0.5251037248260517,209,0.035718939580407436,197
"(79, 95)",0.9098584480980907,212,0.015119443604475355,207,0.6592350837139107,207,0.042306159059198725,196,0.16374636982748436,156,0.12603714247189815,141,0.020086611608244986,35,0.22041018128547887,89,0.020442839164448667,36,0.17104767974331997,87,0.002541401318466807,21,0.15311311585815857,63,0.6859993221664952,210,0.03195488721804511,202,0.4129624457008563,205,0.05518650996423097,199,0.22328728487079808,191,0.09348132752695071,171,0.12037858794072165,116,0.12487398066013257,152,0.08894208835786832,76,0.11109564518062273,137,0.010265155226530709,26,0.10336273551864295,101,0.8999113565293803,212,0.01574389923904487,205,0.6638640401172643,208,0.0440110142267095,192,0.17766947411742118,175,0.12308130273604713,146,0.011470939044880946,26,0.23317487703417314,78,0.0062058053470626096,26,0.18929935918697005,77,0.0021471527145000557,22,0.16689506249740457,63,0.9997000299990002,167,0.0,157,0.46059549587935955,206,0.03842940685045948,187,0.20717621103300343,186,0.09546927374301675,161,0.06684637939645122,57,0.1195554887728903,132,0.04325295783630079,44,0.10058942065491183,139,0.008604795115009667,24,0.14044333762867942,91
"(79, 20)",2.9785638263613023e-05,7,0.47263380707589964,17,0.0021807006245881944,26,0.2839346222842336,49,0.09290548291644618,86,0.15224463363636534,121,0.3860938858209466,203,0.0822816334004761,182,0.38355827827188815,202,0.06437053783585554,168,0.6439295370069698,212,0.024196768118338326,184,0.0016453537594307566,26,0.23872180451127817,66,0.01664371093110395,32,0.1609606540623403,116,0.06085009939875974,52,0.14418688897518983,118,0.12973820312969664,126,0.12179582779047085,156,0.16968398111766825,167,0.08957480290604834,165,0.47943999794184045,209,0.028701708360660858,194,4.121490430475383e-05,7,0.4400419837313041,18,0.002079771655183249,25,0.3007801743919229,46,0.08392743304134442,68,0.15803806728863193,119,0.4645343910752837,209,0.067900888388925,187,0.5438053103591596,209,0.04261875042725089,182,0.6607551726216961,211,0.02472014095285554,179,1.000088900582341e-12,9,0.1608832807570978,34,0.01180917032983575,29,0.13032581453634084,67,0.06805924991024104,58,0.13836126629422718,119,0.20974958956964773,188,0.08166358522738408,173,0.27332729239220743,198,0.054408060453400506,188,0.5026153070080756,207,0.03619673650223696,194
"(35, 20)",0.8379431850726856,209,0.019352887813728455,203,0.7373904624983832,213,0.02865258122383895,206,0.193636849545613,186,0.14806662779855173,125,0.03994353427050812,47,0.2765061344076176,66,0.026982001808929623,41,0.22525430386805592,64,0.016766898008619968,42,0.18107248141889848,46,0.6467464630851041,207,0.03477443609022556,200,0.5442129188638068,211,0.040708567535343215,204,0.279762549026194,200,0.08831299206252964,179,0.12329402846196191,119,0.1457529245434968,128,0.10470868710259729,94,0.13300700220002862,114,0.028228642424471206,41,0.13265784154943716,75,0.830001495140783,209,0.018630280766203097,204,0.7394778825387723,213,0.029830197338228545,205,0.2242593167681659,194,0.14533850498081566,128,0.030361591073794436,43,0.2974502940953311,56,0.01699583545843808,45,0.23816420105983538,47,0.022186126078745927,53,0.19299744315316755,48,0.9993002099650037,92,0.0,158,0.5095657494880818,210,0.03313840155945419,191,0.24904026602105156,197,0.0931098696461825,163,0.08523522184377863,74,0.14220570077155753,112,0.07920265925833903,78,0.1271183879093199,119,0.050712528362276355,61,0.1568476986114932,75
"(35, 59)",6.880505364348366e-07,2,0.6737224070154219,6,2.5207509847247067e-06,1,0.5661251744070162,10,0.00449346370925463,16,0.3810208387536628,32,0.1107303438530377,110,0.2022816334004761,98,0.18394067372804557,156,0.12004406193943956,113,0.2681079394217424,169,0.07017062754318115,113,0.00021131693672860052,21,0.4041353383458646,24,0.0002129014736207413,15,0.3428717424629535,47,0.0020479649967002356,17,0.3116044250898357,53,0.022183956813651373,24,0.23663001914897427,87,0.03366499273360146,29,0.18533211152482476,91,0.1459426078263455,133,0.07986329545403845,111,8.345363881057111e-07,3,0.6132248753607976,7,1.9184209545386466e-06,1,0.5990821477742083,7,0.0036971598761023072,16,0.41620109977749076,29,0.14604628784586127,128,0.18187726179597735,104,0.29478731495006616,177,0.0864198781163996,135,0.259220573328521,160,0.08068008566326741,115,0.0,1,0.17665615141955834,30,0.00028112554620562946,16,0.24867724867724866,26,0.0025878476273144546,17,0.2962141527001862,47,0.03608651624917447,33,0.1811820967288834,89,0.060362669172098427,57,0.13820151133501257,109,0.08156390216170917,82,0.136099729248411,95
"(35, 43)",0.9993002099650037,219,0.0,224,0.9993002099650037,219,0.0,224,0.9993002099650037,219,0.0,224,0.9993002099650037,219,0.0,224,0.9993002099650037,219,0.0,224,0.9993002099650037,219,0.0,224,0.9993002099650037,219,0.0,224,0.9993002099650037,219,0.0,224,0.9993002099650037,219,0.0,224,0.9993002099650037,219,0.0,224,0.9993002099650037,219,0.0,224,0.9993002099650037,219,0.0,224,0.9993002099650037,219,0.0,224,0.9993002099650037,219,0.0,224,0.9993002099650037,219,0.0,224,0.9993002099650037,219,0.0,224,0.9993002099650037,219,0.0,224,0.9993002099650037,219,0.0,224,0.9993002099650037,93,0.0,159,0.9993002099650037,219,0.0,224,0.9993002099650037,219,0.0,224,0.9993002099650037,219,0.0,224,0.9993002099650037,219,0.0,224,0.9993002099650037,215,0.0,220
"(35, 70)",0.45363413703500344,181,0.08285455095252495,160,0.4219149801393023,193,0.07803468208092486,163,0.12985302792718756,126,0.17914719304475973,105,0.043264253831881816,51,0.27107489470792895,72,0.03442629640930883,55,0.21344218793351152,70,0.032821167904107273,55,0.15808555170647706,60,0.14893433902157294,127,0.13721804511278196,138,0.18270328489656673,150,0.10543348662919434,171,0.13780477293559001,130,0.13088460351790648,131,0.06590557048077428,52,0.18154539977212125,105,0.054288985776457244,42,0.16432551143898885,97,0.043817678284439165,60,0.11971909535855943,86,0.4453208795913568,181,0.07740750459197061,166,0.44125967600867033,199,0.07797154658100046,168,0.12498366994475218,120,0.19425076350178866,100,0.040857154137360574,52,0.27754484005370583,64,0.02845616456845057,59,0.21512430152392478,59,0.026404367104728488,57,0.1862760801343086,52,0.9993002099650037,94,0.0,160,0.17702254361648473,140,0.07908660540239487,137,0.13742387148274726,132,0.1276219739292365,127,0.06344011668750493,54,0.15614077495475837,102,0.04130068341293669,41,0.1529823677581864,93,0.047876904406545684,57,0.15926564060984263,72
"(21, 93)",0.03990583735071884,77,0.0553371635923798,189,0.01822000617177988,47,0.0950269085110624,140,0.17159606627780666,167,0.06564596717986505,199,0.45937443271416323,215,0.034059696026368796,207,0.36260730596873936,201,0.02829413816879239,203,0.25741530689583336,165,0.018147576088753746,196,0.12152797901787937,114,0.05075187969924812,191,0.049319125701443034,60,0.12706523590529722,150,0.16180410414261703,154,0.07516420632203934,190,0.21333106867027385,190,0.06482613805157696,199,0.23321055289235482,196,0.05103757061163889,199,0.23304506144742831,171,0.02900063801403631,193,0.03777285090756677,70,0.05300446077145106,189,0.015470013993383436,42,0.0934832491968793,143,0.16448947963004246,157,0.07110038452441009,200,0.4942652862231558,212,0.030075907275024495,207,0.4195936287074763,197,0.02337663652912775,200,0.31114415968004305,169,0.021356493263806082,191,0.9997000299990002,168,0.0,161,0.19960221933573252,157,0.017822333611807295,208,0.11067685537292316,107,0.07225325884543761,190,0.22887606574768327,195,0.052806940751435646,197,0.21311850907116814,182,0.05071536523929471,191,0.256211379385229,171,0.03909247542241592,190
"(21, 48)",0.28524555232890436,156,0.028726942848503176,198,0.4000914431759408,189,0.033934622284233606,204,0.0877094278373527,75,0.08210351199372538,181,0.011915754028118508,21,0.1150595129097235,146,0.02361719570334575,38,0.07032329486612478,158,0.04817752206247028,71,0.031725995797827936,169,0.1285375288867412,119,0.04981203007518797,192,0.25396894276371196,177,0.07358201328564129,187,0.09424833320277626,89,0.09000148894725289,176,0.06519851569186619,51,0.09624000047723301,178,0.05683116162391921,48,0.08171037725270945,171,0.05689576695493859,73,0.046401020822458096,156,0.2933819274857852,163,0.02676462870637628,198,0.42327605974286553,195,0.031023405231757686,204,0.09239788752562106,85,0.086171564451273,183,0.009174689733851604,24,0.11359040421201255,143,0.01588032222016489,41,0.06962607002610345,151,0.03350409981825542,69,0.044890162368672396,153,0.9997000299990002,169,0.0,162,0.07177575334094144,81,0.02506265664160401,203,0.14050846174856324,135,0.06672811918063314,194,0.05854986509411009,49,0.08318579445602252,169,0.06529503812883208,62,0.07522921914357683,171,0.048573134858744926,59,0.0680498646242055,152
"(93, 33)",0.03981369974318416,76,0.04082249773208346,194,0.03414769808298379,58,0.060494319314331274,186,0.25311305476573365,202,0.04456602863453273,207,0.5578232464091029,216,0.023742904229994505,211,0.5090495946682883,213,0.016756722604818794,210,0.3736592170030767,186,0.010755463428601387,205,0.15049651811255693,131,0.041353383458646614,196,0.11031788059860292,106,0.08039516266394141,183,0.21362405284694752,184,0.057766548420718156,201,0.3145203974505365,210,0.0467270764109692,205,0.35342956545197235,213,0.03273750836126867,206,0.3331885455432728,195,0.018886107802063953,203,0.04147701411015037,74,0.04014694305956441,193,0.02733332959311574,52,0.06259752179899036,185,0.23539693968208208,197,0.04988769877735053,207,0.6056159405337108,217,0.01995823615376749,210,0.5710701483625199,210,0.013672028296034859,210,0.43516170257779585,191,0.01226218654896866,202,0.9997000299990002,170,0.0,163,0.3836363236929735,195,0.010582010582010581,214,0.16601797222492087,161,0.05325884543761639,201,0.3356435845937783,212,0.033645397113682245,208,0.3421973482198788,210,0.027707808564231738,205,0.37189479008316917,190,0.019792375519423172,205
"(93, 21)",0.2855878469552098,157,0.0211672210462655,201,0.30832719282683363,175,0.02905122583217062,205,0.04960702355405422,43,0.07672337993075905,188,0.005527610873855893,19,0.11054019410364402,148,0.008186181601602782,22,0.0663868385558452,163,0.02188989126605323,52,0.027693201111438217,176,0.1025591631912004,104,0.046992481203007516,193,0.14093022156890722,132,0.0740929994890138,185,0.06506573361337986,58,0.08585699659384129,182,0.03274842982548165,31,0.09932411875943281,174,0.02514751935304682,26,0.07900383941724375,172,0.028860745572039215,42,0.0426844775200439,163,0.2795289030496131,159,0.021254263972710574,201,0.34119579564203617,181,0.026984855438274436,206,0.055985040793481655,47,0.0805198719786994,188,0.003648282607908726,19,0.109687826795499,144,0.004943146624991179,25,0.06658784151587348,153,0.014209000001814132,46,0.03836456720473165,160,0.9997000299990002,171,0.0,164,0.0204317887235681,39,0.028125870231133387,199,0.09136438253978874,84,0.06499068901303538,195,0.02838394951616996,26,0.0766527076378318,177,0.02714780989174015,28,0.06448362720403022,181,0.02215753811144694,43,0.050675431103131746,174
"(48, 21)",0.03318394993255036,68,0.09132143937103115,151,0.024172572842135698,50,0.10045844129958142,135,0.15271909985489196,146,0.07127867868666285,194,0.42612520847855295,209,0.04053103827137887,204,0.34311637199734923,198,0.031225191122782825,198,0.268437685464775,171,0.021373811837865523,191,0.07527023319615922,87,0.09774436090225563,166,0.052291118446492146,63,0.13915857605177995,137,0.15254419452041468,143,0.07915519895865791,187,0.20341623548277765,186,0.07297489157862712,194,0.23565211576942124,200,0.052970811922685816,196,0.23666682641034387,172,0.031824853992941694,188,0.03063386005061597,64,0.08527945421149304,155,0.021481935922041284,48,0.09678751720972922,138,0.15433947530515768,148,0.07507750144955447,194,0.46484213945180286,210,0.03507701240049747,204,0.40379343839589654,190,0.025318570918583073,199,0.33075246837335404,175,0.02451844073869737,182,0.9997000299990002,172,0.0,165,0.2962962962962965,182,0.01921470342522974,207,0.10349154034633856,101,0.07988826815642458,180,0.22320380654476235,193,0.0610843617500833,190,0.21528238474594308,186,0.06129471032745592,185,0.21773448098188664,157,0.048257489104782315,179
"(48, 88)",0.3125653241490052,165,0.04324160870879952,192,0.359213709909749,185,0.040861072353996414,197,0.10085591680031314,96,0.08185093254989394,182,0.015159041813104901,28,0.12323750228895806,138,0.026978633606900226,40,0.07288624932355034,154,0.044708120573507926,66,0.038847911213992184,154,0.19287791495198903,149,0.07142857142857142,180,0.2453774419093454,174,0.08312042241526145,181,0.10098866583985866,98,0.09082117743492762,174,0.06987624827738281,57,0.10419786080306383,170,0.05588717956054823,44,0.0855768598748033,168,0.05549985550792669,71,0.051607750755132,143,0.32438940470272404,169,0.038834951456310676,195,0.376387392897902,187,0.03726480036714089,200,0.09963636792973862,95,0.0868686065228904,180,0.011444868027485455,25,0.12057413742482673,137,0.017753401403846958,48,0.07173510698362141,147,0.029341466801518168,63,0.05497517307658082,140,0.9997000299990002,173,0.0,166,0.03703703703703709,56,0.03842940685045948,188,0.149299337513214,141,0.07070204841713222,192,0.06088519959519412,51,0.0941875126578557,155,0.06431982524726565,58,0.09168765743073047,151,0.06323424830264135,74,0.07287126992630345,145
"(22, 73)",0.03932352293137242,75,0.4254611430299365,21,0.05821336222334206,78,0.6055411600558103,6,0.17170555929266174,169,0.5962527085821937,8,0.2779402955799113,189,0.5323200878959897,13,0.3420404441165412,197,0.4299060799433019,18,0.37585661479770205,188,0.3856682542435082,12,0.09480755129036511,101,0.45300751879699247,17,0.13039224881370814,124,0.509282916027934,9,0.1610596330622347,153,0.5967040540810202,7,0.20556180199882046,189,0.6775694523154748,8,0.221953387765498,192,0.6516299157493437,7,0.26479997645037157,178,0.5572584135312515,10,0.03755295294093919,69,0.4153765415901338,21,0.06482937268071232,79,0.6160165213400642,5,0.18179982770608105,179,0.5949620394655593,8,0.3101001077288603,192,0.47740430768012726,18,0.4266101520778328,200,0.3283818648140225,26,0.4334690796702144,190,0.3213381029501622,19,0.16552389801630896,64,0.6813880126182965,9,0.11550422302597507,113,0.5221386800334169,4,0.1494347493711886,142,0.6518305400372439,6,0.27977431750074655,205,0.5289644404084486,10,0.3298182289727801,205,0.4473551637279597,12,0.34933581047362183,184,0.41988214342594876,13
"(22, 87)",0.2874224528015844,158,0.21923193226489265,56,0.22971372624486452,156,0.38319712975882003,24,0.08763946439214698,73,0.746091190674691,2,0.04192471130692732,49,1.0,1,0.02717679404538975,42,1.0,1,0.021560750493923697,50,1.0,1,0.16100521718234062,134,0.37969924812030076,34,0.11975849980933506,115,0.5239311871912792,6,0.09476933161260237,90,0.7120851862028315,2,0.06883278743593979,54,0.9757446326200689,2,0.06141363743388273,51,1.0,1,0.0458234564490112,63,1.0,1,0.2942468846411528,164,0.209131461558646,57,0.21414723758967413,155,0.41363010555300594,21,0.08146583363543136,63,0.7774907741353434,2,0.03374123054259226,46,1.0,1,0.015106667853423517,39,1.0,1,0.014382844995954658,47,1.0,1,0.09169691256244561,49,0.8296529968454258,2,0.1350024569151137,122,0.4956836535783904,7,0.10338554785455223,100,0.7369962756052142,2,0.041408288242739455,37,1.0,1,0.029527863146691202,32,1.0,1,0.025859809670394363,49,1.0,1
"(73, 22)",0.29896963028997137,161,0.20048382219534322,65,0.28398084256345246,170,0.3342136735100658,34,0.16438469692645974,157,0.5042720109691644,16,0.08673480219799712,92,0.6590990661051089,6,0.07036643460156444,76,0.6227457400840034,4,0.040779779892178625,64,0.7488899732625712,5,0.17223381399831694,140,0.3364661654135338,43,0.1815632308614521,148,0.39141543178334187,34,0.14572530552459373,138,0.5442593408415162,10,0.1215094309643866,117,0.6889037361378726,5,0.1284005404876054,126,0.6538222113960709,6,0.06991418477118994,80,0.8145476123551642,4,0.2980705209171072,165,0.19679874048806087,64,0.2716007255429872,168,0.35520881138136756,31,0.15542341156644757,150,0.5247010359342981,13,0.0710328009901311,82,0.659007762269367,6,0.04452516282180918,64,0.5990373879336756,6,0.04453501419497574,75,0.58809256853358,4,0.12002272045427931,54,0.7129337539432177,6,0.19106011818988833,149,0.3948760790866054,11,0.1560180819078637,152,0.5717560521415269,10,0.09354324980569106,85,0.6313117785022245,6,0.07674847359271753,74,0.5971435768261965,4,0.059794259473366584,70,0.6365847655175411,4
"(73, 108)",0.036374691552106375,72,0.40459631085576053,24,0.040248144932400365,63,0.6410205301973291,3,0.09246925651849047,85,0.6108757290145413,5,0.17313086401543087,148,0.5234682292620398,16,0.2024208086596493,165,0.43787239068985506,15,0.2820381076275533,173,0.39306439969834694,11,0.08730286091404393,95,0.4219924812030075,21,0.08160451935690427,88,0.510986203372509,8,0.10633925220033436,103,0.6045325396374643,4,0.12855678541105586,125,0.6760780991809489,9,0.12166003546130089,119,0.6656807135980328,5,0.20333891505172352,162,0.5706433233838837,8,0.03659612458587458,68,0.3959590658619785,22,0.04376113494884737,65,0.6527765029830197,3,0.09883078625623065,93,0.6101734650945193,5,0.20108016816268404,157,0.4658582206490221,21,0.26904336361368475,173,0.3288882362323941,25,0.26901068539779605,162,0.3229161105079879,18,0.13011301523314667,59,0.694006309148265,7,0.0762482510095348,88,0.5363408521303258,3,0.09839225862262846,92,0.6667281191806331,4,0.16281967517785656,160,0.5248224633657157,11,0.1901407738573917,168,0.44130982367758187,14,0.22582338215768305,160,0.40877698466706247,14
"(87, 64)",0.4991743315886963,186,0.11460538252192319,117,0.3583526492001593,184,0.1867649990033885,83,0.14479327885522086,140,0.40292498390518205,26,0.04343223796011464,52,0.5907342977476653,9,0.019932307262004012,34,0.6176170841654466,6,0.008429110823960029,34,0.621453661172656,7,0.2696515064509736,164,0.22932330827067668,74,0.2488363679893444,175,0.2674161130982797,64,0.19220255989881396,175,0.3424578681652332,41,0.09620660518140345,86,0.5318165277719781,19,0.06496170108240229,56,0.5538079054103692,14,0.023412456105490698,37,0.5633574707874343,9,0.5163014967985133,190,0.10837050642875885,130,0.35914898544124996,186,0.19082147774208352,79,0.13804496574877578,138,0.4192027764462577,28,0.033750107648872985,47,0.5974275318094698,8,0.009554900046226389,31,0.6345669385037231,2,0.0052461154662738485,34,0.6244816601114097,2,0.028117543635110653,41,0.6656151419558359,10,0.2831109724931562,180,0.2375382901698691,28,0.1855999486215767,177,0.35468715083798885,31,0.053520764244283536,44,0.5540057621825736,9,0.026802121051863637,27,0.5946246851385389,6,0.01280895869153642,30,0.6172701869199474,6
"(87, 63)",0.9127038413906594,213,0.01572422134865437,206,0.8091609848390645,216,0.040811241777954956,199,0.7179229108601445,218,0.07723043791198461,187,0.6615424419605939,218,0.09375572239516572,167,0.7155775973459525,218,0.06730159078984597,162,0.7989508711378182,218,0.039654470151270126,153,0.9380309584903396,217,0.012218045112781954,209,0.8388348377959367,218,0.036791006642820645,208,0.7501476796485014,218,0.06564722388087194,197,0.7357598005641047,218,0.08023479863749979,190,0.7438977058676431,218,0.07088422591084666,183,0.7900971788934634,218,0.044915295828815927,158,0.9275164265498061,213,0.012857517711886644,207,0.797656132912244,216,0.04456172556218449,191,0.689979563622464,218,0.08784613999870221,179,0.6568631348773867,218,0.09071925524439768,160,0.6951902232965954,218,0.06616502138153314,154,0.7318953488403102,216,0.05161152538753136,144,0.9993002099650037,95,0.0,167,0.84961393866348,218,0.03313840155945419,192,0.7485486874119862,218,0.06722532588454376,193,0.6929225036070509,218,0.08275461072602194,171,0.7309748026109959,218,0.06448362720403022,182,0.7622313317699745,214,0.050675431103131746,175
"(87, 69)",0.6105292077204691,197,0.08255216208043545,162,0.4647268630732698,199,0.14201714171815827,105,0.42921248625913777,213,0.19009926562051932,99,0.3984449149061666,207,0.20149056949276686,99,0.33625440102798754,194,0.20785752939980714,73,0.2773284223488691,172,0.21037880040489257,40,0.5768914757115613,199,0.10150375939849623,162,0.4051216589571043,203,0.17969681485266564,109,0.3567302765769047,207,0.22339274284038943,79,0.35280627434832446,214,0.25870204553995935,78,0.285673145945609,208,0.2807066383640139,58,0.23242432573638172,170,0.2553528485318985,29,0.6124649626380558,196,0.08134347940173182,159,0.41213114614650614,192,0.16677374942634235,91,0.4278605756128814,213,0.19431983974312012,99,0.3789695635818353,204,0.20150560974885615,95,0.3155835687828794,179,0.19858114728572263,69,0.27422023288789443,163,0.1997247385312665,43,0.9993002099650037,96,0.0,168,0.4166117523990799,201,0.1693121693121693,47,0.3402592094687721,209,0.23674674115456237,72,0.29488385006784845,207,0.2594746091580811,60,0.27505484542138436,200,0.24802518891687655,48,0.26905126396154944,176,0.22779330215587767,37
"(87, 22)",5.131448565065533e-06,4,1.0,1,0.0001042144075563689,17,1.0,1,0.0016757148744985795,15,1.0,1,0.01367735920388835,22,0.7497418055301227,2,0.0349322646922825,57,0.5488513404004582,8,0.07716160012659268,90,0.3851318925502184,13,7.09291000685619e-05,3,1.0,1,0.0003921692781738706,16,1.0,1,0.0013016599688722152,15,1.0,1,0.004733151411401848,16,1.0,1,0.011530486745557456,19,0.807449165419726,2,0.04227022640003553,57,0.49345700990037167,13,3.8483281860068885e-06,4,0.9999999999999999,1,0.00015965872671341863,18,1.0,1,0.002023185650774195,15,1.0,1,0.019903162119326634,35,0.6671428053032827,5,0.0729119729505262,86,0.4079657287824046,15,0.12153158679825382,116,0.30769367669828607,22,0.0016275701992836122,24,1.0,1,0.0002486439201286883,15,1.0,1,0.0015571313642528395,15,1.0,1,0.015802457448186757,19,0.7246303906132608,2,0.03361506525364477,33,0.565743073047859,8,0.06218455253391009,73,0.43628650440876254,11
"(23, 90)",9.999999999998899e-05,14,0.09888116117326883,140,9.999999999998899e-05,8,0.08022722742674905,160,9.999999999998899e-05,6,0.05589602082925819,203,9.999999999998899e-05,6,0.03839223585423915,205,9.999999999998899e-05,6,0.022984180005658827,207,9.999999999998899e-05,7,0.013038025221097968,202,9.999999999998899e-05,11,0.03477443609022556,201,9.999999999998899e-05,6,0.039516266394140694,205,9.999999999998899e-05,6,0.04425857334293218,206,9.999999999998899e-05,6,0.03728382836315045,210,9.999999999998899e-05,6,0.029771916190122684,207,9.999999999998899e-05,7,0.017993780478555144,204,9.999999999998899e-05,15,0.10469692993964838,131,9.999999999998899e-05,9,0.08742542450665443,152,9.999999999998899e-05,6,0.05763261068421063,203,9.999999999998899e-05,6,0.032108018592499,206,9.999999999998899e-05,6,0.01696344251545066,208,9.999999999998899e-05,7,0.011864718479892268,203,9.999999999998899e-05,16,0.05362776025236593,66,9.999999999998899e-05,6,0.04650515176830966,178,9.999999999998899e-05,6,0.051458100558659216,202,9.999999999998899e-05,6,0.03756524920459668,205,9.999999999998899e-05,6,0.02233249370277078,208,9.999999999998899e-05,6,0.012060752602545357,208
"(90, 32)",4.486359904931625e-05,8,0.466888418506199,18,0.0029304460373067442,30,0.2754135937811441,51,0.008046562408115188,18,0.2554907542629902,76,0.02738952646762094,36,0.21540743453579927,91,0.09323484786381975,95,0.12883447379770516,106,0.19621613052617137,153,0.060762117539833925,119,0.00013280311106667053,20,0.36372180451127817,36,0.009907426014847509,28,0.24953159598024185,69,0.010618440996378098,20,0.2286117332113522,76,0.012949579023759483,21,0.23235281835915364,90,0.033213683973958075,28,0.1712851801587578,95,0.11498166205394655,116,0.0712389518723258,118,4.831054809317781e-05,8,0.44948832327473104,17,0.003547514497021065,30,0.2759063790729692,52,0.008248971875518318,19,0.26800116383000544,76,0.03125,44,0.202386411245229,94,0.14012790831499933,126,0.10313013492266443,117,0.2811611245835992,166,0.05695064870348288,136,1.5601271288190333e-06,12,0.34069400630914826,24,0.0021073656545431696,23,0.26455026455026454,22,0.014999835509772907,20,0.21030353817504654,80,0.03543719088836439,32,0.17487113486251118,93,0.08688185704143492,85,0.1272896725440806,118,0.2621539952738091,174,0.06757206770237596,154
"(90, 67)",0.5049541671730515,188,0.06894466283640763,176,0.2196719776930297,153,0.10459437911102253,130,0.17663291602675502,173,0.12097225994033048,145,0.1504797248342702,135,0.13239333455411095,129,0.10070658678459266,100,0.12553806935085557,108,0.06772266734857935,82,0.09100807768775683,97,0.4150097220836203,182,0.07048872180451127,182,0.12388874837754749,117,0.14137284959972748,136,0.15410504865310937,146,0.11947343457151322,143,0.1565292429510481,155,0.12397916877941695,153,0.11466242213358258,110,0.12192179652248553,123,0.04893678948919167,65,0.09190971432140738,108,0.49993798473295936,188,0.0674363684072422,176,0.20951474666710457,152,0.10949977053694354,125,0.17192210984027212,163,0.12894231715204937,139,0.14493216113209118,126,0.12970214394341759,130,0.0929565072017654,99,0.12001002615408377,107,0.053333624498828835,78,0.11271482555897654,83,0.6995662212779985,83,0.025236593059936908,82,0.24116370200819026,170,0.09245335561125034,115,0.16106121379462246,154,0.1132216014897579,141,0.11511477903108669,111,0.1259775131151718,126,0.06552443454877233,63,0.1383727959697733,108,0.01247608225029273,29,0.16795285737037952,68
"(90, 23)",0.9641119935443868,218,0.003931055337163592,216,0.7739585277314006,215,0.019982060992625075,210,0.6303504522661798,216,0.036399926315169764,210,0.38993597018346415,205,0.07208569859000183,188,0.2310035619292421,174,0.08662126785209033,141,0.16138583235834303,142,0.06681130956941851,116,0.9681554918509457,218,0.002819548872180451,217,0.7498746204894764,217,0.023164707886220406,211,0.621040820149607,217,0.03479378080547441,209,0.560479344957272,216,0.04374437014191716,208,0.4318460695248706,214,0.05361651452057548,195,0.3364845755781466,196,0.03970856589614202,167,0.9627833592308237,217,0.003935974809761217,216,0.7531112269205724,214,0.022487379531895363,209,0.6369916770771853,216,0.037468627873728635,209,0.3717173375674323,203,0.07268426730181142,182,0.17193551419326103,143,0.09418508381712903,122,0.13272040540054797,128,0.08443526906215333,108,0.9995000999900006,114,0.0,169,0.798539193195759,217,0.01642996379838485,210,0.5105774766069665,216,0.04655493482309125,206,0.41398212159938397,216,0.05803341020598823,193,0.34171245318014654,209,0.06364231738035264,183,0.36802377386419416,189,0.052123300563221224,173
"(41, 46)",0.05855556514607774,91,0.18052615663743574,83,0.03638972152894626,60,0.3525014949172813,29,0.08848905031704646,78,0.3452552096884157,44,0.13875214210898545,126,0.3018384911188427,59,0.13301809782755925,127,0.28037842723049833,44,0.0968024685544937,104,0.35959220380131224,18,0.10275580405562512,107,0.21334586466165412,85,0.08549425066524985,92,0.2571963890308295,67,0.06782998073537205,63,0.384106946322684,30,0.09538895204051512,83,0.4104203826215602,30,0.10817597596292972,99,0.38007524175182594,29,0.1014810483233034,105,0.4185015147256317,16,0.058317066260086925,85,0.17895565468381,74,0.0319996314602955,56,0.37273978889398807,27,0.08458297799761483,70,0.34984604371060823,48,0.1476723544378541,129,0.2772149518528171,65,0.1557528152701695,137,0.2260112870189155,52,0.12020402168442879,115,0.25509144731768374,33,0.09567245185492634,50,0.4416403785488959,16,0.08179375351206586,95,0.29406850459482037,20,0.07961414720736604,70,0.4362513966480447,21,0.11879849658766051,115,0.3424448117491033,34,0.11814975472697065,109,0.2987405541561713,33,0.11443681051260735,107,0.2910217614779852,29
"(41, 24)",0.22886192175260545,142,0.11460538252192319,118,0.2989084299213416,173,0.1747059996013554,86,0.1703830038122519,164,0.27752023958964384,71,0.112187947408524,111,0.3239956052005127,54,0.11731076637891735,114,0.29237184540961947,40,0.15820174128942144,139,0.3052825577597019,27,0.15024289609629804,128,0.18796992481203006,98,0.17511453216307538,145,0.20252086526997104,91,0.2076586835896137,179,0.2645306669409195,68,0.16018074028659668,159,0.3452959739430781,53,0.14348376070679425,144,0.34592260075087095,34,0.15189794657859823,139,0.3658542026386119,21,0.22945501358545672,146,0.11335607452112306,125,0.3179421240654441,177,0.1733822854520422,88,0.17659366362972828,173,0.2737240257633448,74,0.10477580088239558,109,0.3108107662313242,53,0.09858757563614584,103,0.26322958626923265,39,0.12992187991670678,126,0.248565852153743,34,0.15978094637835305,63,0.37223974763406936,21,0.18124116134613477,142,0.22556390977443608,30,0.18500487281787148,173,0.3293612662942272,35,0.13141365296439256,128,0.3311164392063606,35,0.13211003795348586,136,0.287823677581864,36,0.13619400295687778,129,0.27461740049517136,32
"(43, 25)",0.0008310588746056613,27,0.5557907469005141,14,0.002875298827012318,29,0.568716364361172,9,0.01988787237974765,25,0.6056209371267094,6,0.04706720655238772,56,0.45260208752975645,27,0.048054403609222085,63,0.3593080847066063,29,0.05107004694085171,72,0.22072695157016864,37,0.0004639007547543317,24,0.650375939849624,3,0.005195066654914315,22,0.6668369954011242,3,0.0213986730974578,28,0.5991093946431668,6,0.024910292321823846,26,0.61125792654191,14,0.02482539767848435,25,0.5433684023307157,15,0.03584959256675879,50,0.2986307237220758,25,0.0006994700616871352,27,0.5355549724481763,13,0.0030100954223426513,28,0.549564020192749,12,0.0201950036469567,25,0.6076616017733756,6,0.052864837137500786,65,0.4060923752940129,29,0.06806631832551902,81,0.28221851445817,35,0.07625165417834157,89,0.21020128494901133,40,0.9995000999900006,115,0.0,170,0.0010562601954059447,20,0.22333611807296017,32,0.01557319606727603,21,0.5747988826815642,9,0.023400240012505513,25,0.4992388953856807,15,0.033876074085593344,34,0.40621158690176323,18,0.13567489240233843,128,0.2123590137113238,42
"(43, 45)",0.2501317494136577,149,0.17750226791654067,86,0.15609994564123286,131,0.2558301773968507,60,0.047297071677846025,40,0.5092742234131649,14,0.020003304910401698,34,0.5370811206738693,12,0.01951441700713008,33,0.43027143143616103,17,0.018124778131876518,46,0.27154016461867914,30,0.2972949599254774,169,0.17857142857142855,109,0.11671312408070644,111,0.35786067109521374,39,0.044435418069395216,42,0.5176516999326136,15,0.038819400447845154,33,0.5593588374604046,17,0.03894078170613957,31,0.49658396260338006,18,0.027135120427585258,40,0.3157366385137396,24,0.26396352605791396,153,0.16347415376541588,88,0.1528946898117738,133,0.2505277650298302,61,0.04668975906153028,39,0.5138853711173397,16,0.0173650279203994,32,0.5073680529668495,14,0.012423600969507564,34,0.3965723718690422,17,0.010543826878086304,43,0.3122378638760849,21,0.9995000999900006,116,0.0,171,0.23111573803578656,166,0.07602339181286549,142,0.05758309479196544,47,0.4425195530726257,20,0.04107780836981301,36,0.4460987672065174,19,0.0287893698090943,29,0.419647355163728,17,0.003874787909960098,17,0.43243517164492457,12
"(43, 35)",0.9995000999900006,225,0.0,225,0.9995000999900006,225,0.0,225,0.9995000999900006,225,0.0,225,0.9995000999900006,225,0.0,225,0.9995000999900006,225,0.0,225,0.9995000999900006,225,0.0,225,0.9995000999900006,225,0.0,225,0.9995000999900006,225,0.0,225,0.9995000999900006,225,0.0,225,0.9995000999900006,225,0.0,225,0.9995000999900006,225,0.0,225,0.9995000999900006,225,0.0,225,0.9995000999900006,225,0.0,225,0.9995000999900006,225,0.0,225,0.9995000999900006,225,0.0,225,0.9995000999900006,225,0.0,225,0.9995000999900006,225,0.0,225,0.9995000999900006,225,0.0,225,0.9995000999900006,117,0.0,172,0.9995000999900006,225,0.0,225,0.9995000999900006,225,0.0,225,0.9995000999900006,225,0.0,225,0.9995000999900006,225,0.0,225,0.9995000999900006,221,0.0,221
"(66, 26)",0.2120001025571966,138,0.07862110674327184,164,0.13638999508925265,124,0.15412597169623282,96,0.1714504663747609,166,0.16566362874999763,111,0.22798623782878336,175,0.13074528474638344,133,0.14958939225581136,136,0.14275354157452758,102,0.10545832951634515,112,0.13388878358813874,68,0.10652907921257526,109,0.14285714285714285,131,0.10052218116846712,102,0.2106966445239312,84,0.1663296744463083,159,0.18394331562458266,93,0.1936537206565644,181,0.20083754392034983,99,0.17652620389016405,171,0.19860961284909504,87,0.0969434380186307,103,0.1830743353276849,56,0.19328762918035192,139,0.08422986092889005,157,0.11834406922568497,110,0.18095456631482332,84,0.16360576970542118,154,0.1694105284751106,111,0.22911253318355695,172,0.12728076454889437,133,0.1359376306376625,124,0.13013745452151698,103,0.10397779949912889,106,0.1214175965639775,77,0.9997000299990002,174,0.0,173,0.13327413932436627,121,0.164021164021164,53,0.15445277558876436,148,0.18032216014897579,89,0.14648920649367836,143,0.18488635695479758,87,0.12781765529628775,129,0.1786750629722922,79,0.09399864542541247,97,0.17422213213256696,60
"(66, 69)",0.06580553765730135,95,0.11611732688237072,114,0.11426246333609069,110,0.16349411999202712,91,0.0878025665553388,76,0.2070638684156052,92,0.05890964824951572,68,0.20527375938472808,96,0.10326466918302035,104,0.16152381789563036,92,0.14681787917245592,133,0.11990708441042558,74,0.14549137073414475,125,0.1287593984962406,143,0.15316008885943,137,0.1831033895418157,104,0.09115534802372949,84,0.22477424029152665,78,0.07485724644747904,62,0.27570347127355593,74,0.08462428679578837,71,0.253768853935886,69,0.1580063289412239,142,0.15556388394390833,61,0.07505180247555421,95,0.11545526108632904,123,0.13190092866733338,123,0.17452960073428178,87,0.093001904294302,88,0.2045075387297926,94,0.058454657856196635,69,0.20068088924663433,97,0.11466539036354906,114,0.13773302579709193,96,0.1486803388707595,135,0.1077731703121014,88,0.9997000299990002,175,0.0,174,0.11707560847091192,114,0.17126148705096073,46,0.09955178246683083,96,0.20875232774674116,81,0.10572235834155097,101,0.20611888911391743,80,0.12222406088802362,116,0.181360201511335,78,0.1621626782878327,138,0.14526474293077737,87
"(75, 27)",0.0026271863320677102,35,0.16812821288176596,91,0.016412523440102356,45,0.10120589994020332,134,0.04841140424308543,42,0.09824580727618708,163,0.19844715040573713,162,0.05115180369895623,200,0.3194322765200601,187,0.03140649336735955,197,0.4809767780749781,201,0.010215068940625164,206,0.002051860275179118,27,0.14849624060150374,128,0.010524130811041754,29,0.10560381536365185,170,0.022596135094631098,30,0.07854120009148582,189,0.08411992748721264,71,0.05647456049823126,202,0.17713408719614732,172,0.03531258578758318,205,0.3430000000000001,198,0.014723400837895357,205,0.0021330534120405087,33,0.16872212017843086,84,0.01692740449519714,45,0.09458467186782928,142,0.04541962966464497,38,0.11031266418689938,156,0.20191842733100818,158,0.04706514962079351,197,0.3539097544255756,184,0.02590849362098606,198,0.49738343318700085,194,0.012855422472963273,200,0.9997000299990002,176,0.0,175,0.017157252627211017,35,0.09133945976051239,118,0.024908428240376868,29,0.07839851024208566,184,0.10376868980057807,100,0.04224947245323943,202,0.1868902491075597,166,0.033083123425692695,203,0.30595011185382837,179,0.022195838823171707,204
"(75, 92)",0.6405384888076477,199,0.026912609615966133,199,0.4149414747977296,191,0.034482758620689655,203,0.25670231014698053,203,0.056340408722916555,202,0.07236256976776556,79,0.0715986083134957,190,0.03167878725285922,51,0.06785099153098757,161,0.010147241210579638,35,0.036968628890134574,158,0.6651744148690474,209,0.021616541353383457,207,0.47611686050290614,207,0.02963719979560552,209,0.36904568414801386,208,0.03095628788564885,211,0.1773525412322443,171,0.04404264076882237,207,0.08425291417698189,70,0.0452378466784981,204,0.027000000000000135,39,0.034354601955089166,183,0.6613994558967924,201,0.024927840461821043,200,0.4105673094203107,191,0.03267553923818265,203,0.266106372457767,205,0.061191083722497715,201,0.07061530773852687,81,0.06680236067996556,188,0.025065193559047794,54,0.06262042145293152,160,0.008958271835163734,41,0.04904281383663469,150,0.9997000299990002,177,0.0,176,0.4086530297175405,200,0.031746031746031744,195,0.35482825742627444,210,0.032340782122905025,210,0.14894608445365476,144,0.03745418672868744,206,0.07854791692065322,76,0.04416624685138539,199,0.03470027293566946,54,0.04585402580103379,183
"(82, 104)",0.003694212227542071,39,0.6102207438766254,9,0.014689292316004132,41,0.3601255730516245,28,0.05661476580567926,48,0.326201603974423,50,0.20460863164311482,166,0.20869071598608316,93,0.4191196567753569,207,0.09504632821749677,131,0.5695536947364499,205,0.03737190835877355,156,0.010904334971136631,46,0.5178571428571428,13,0.019594009061554507,37,0.39686595128598195,33,0.034059661310822165,35,0.30254794179904737,54,0.15323849723839544,149,0.22370297017890273,92,0.1906846733778148,180,0.1599447866281565,102,0.40904169683329994,203,0.054878130395791785,138,0.003061036455691779,38,0.6163736552086067,6,0.0143443740196737,39,0.35975217989903624,30,0.05190231480207541,43,0.37224349165747395,41,0.22090552699069532,167,0.1910052683145682,100,0.47976609725284414,204,0.07755837829489552,140,0.5773977613360008,203,0.04429692644467778,154,0.9997000299990002,178,0.0,177,0.016136058278343968,34,0.2701197438039543,21,0.03622737117535746,35,0.26598324022346365,64,0.13296394754852692,132,0.17160459145341583,94,0.2337347170002193,190,0.12980856423173803,112,0.36174000972536147,186,0.09073797906380762,129
"(82, 27)",0.6042354879761695,196,0.11158149380102812,119,0.4305288067414381,196,0.11680287024118,122,0.23376635480811103,196,0.20333025047144998,94,0.06929415397406546,75,0.2993957150704999,60,0.01593383082794908,29,0.2826666813173531,43,0.005007409853048594,28,0.18107248141889848,47,0.4713624944840009,187,0.1475563909774436,129,0.38966887160982266,199,0.14648271163345256,130,0.3087094162909787,205,0.14510788727594798,116,0.10046298676590837,93,0.2575089630323385,79,0.07645207592604875,64,0.21690967509946527,81,0.017110359834469624,33,0.15808917026943822,59,0.6245955204368162,197,0.10469692993964838,132,0.4338420900407073,198,0.11546581000458926,121,0.2464715460745609,201,0.22146261614751336,91,0.06186036255512595,74,0.29195105778651614,59,0.010240037265420998,32,0.2796005742251884,36,0.004682103682925209,32,0.22048799587107795,37,0.9997000299990002,179,0.0,178,0.4173410702185021,202,0.09133945976051239,119,0.29957084017335034,204,0.13153258845437615,124,0.1173605789769061,112,0.17889551634251666,90,0.05662705969270754,53,0.20822670025188916,67,0.023757984972054613,47,0.2248975632356987,39
"(28, 94)",0.08586912273559943,103,0.017236165709101907,204,0.1043706542906293,104,0.013105441498903728,212,0.17406077491320882,170,0.008863069656852783,216,0.07109202966124772,76,0.008544222669840687,217,0.05639214372658785,66,0.004120505558561999,216,0.1250000000000001,121,0.00013308222465086082,216,0.1250000000000001,116,0.007518796992481203,214,0.16679163169319,143,0.008346107988417647,216,0.14547010110247416,136,0.00982398187475344,216,0.1250000000000001,121,0.00755817768577786,216,0.15261787506433788,151,0.0034798343598844697,218,0.1250000000000001,122,0.00014723400837895358,217,0.06090377608698527,88,0.019417475728155338,202,0.08595938459514174,93,0.014639743001376777,211,0.19442693926570864,186,0.009069919808763472,216,0.08917482478949079,96,0.007422484519996174,217,0.07973834903067134,89,0.003461048644570306,217,0.1250000000000001,121,0.0001957678549182224,216,0.9997000299990002,180,0.0,179,0.24020294947979381,169,0.007797270955165692,216,0.31752997099934976,207,0.004221601489757914,217,0.32030908295669924,211,0.001959926045457218,218,0.3325830219298963,207,0.0006700251889168766,218,0.9997000299990002,223,0.0,222
"(28, 72)",0.17451150010177086,131,0.01360749924402782,208,0.14818289638971027,129,0.011660354793701417,213,0.08615059482770526,72,0.011204652019591048,213,0.2009617005752602,165,0.0060428492950009155,218,0.23434055296395429,176,0.0025629544574255632,218,0.1250000000000001,122,0.00013308222465086082,217,0.1250000000000001,117,0.007518796992481203,215,0.09084661424570406,95,0.010219724067450179,214,0.10654635980287552,105,0.010898479892304597,214,0.1250000000000001,122,0.00755817768577786,217,0.10093271748390742,91,0.003994076548622953,217,0.1250000000000001,123,0.00014723400837895358,218,0.22315964772381824,144,0.012595119391235896,209,0.17436677070434525,142,0.011564938044974759,213,0.07444823275804491,57,0.01249024036438764,213,0.16932654116166101,143,0.0059940686101480215,218,0.18478717180266213,149,0.0026154083758896315,218,0.1250000000000001,122,0.0001957678549182224,217,0.9997000299990002,181,0.0,180,0.05417250705782495,68,0.012809802283486493,212,0.032088930702848684,32,0.009063314711359405,215,0.03149147105992145,28,0.004246506431823972,216,0.028979523072743874,30,0.0015113350125944584,217,0.9997000299990002,224,0.0,223
"(94, 28)",9.999999999998899e-05,15,0.003628666465074085,218,9.999999999998899e-05,9,0.005929838548933626,217,9.999999999998899e-05,7,0.008356011675627223,217,9.999999999998899e-05,7,0.00958432521516206,216,9.999999999998899e-05,7,0.003480453695132035,217,9.999999999998899e-05,8,0.00013308222465086082,218,9.999999999998899e-05,12,0.0018796992481203006,218,9.999999999998899e-05,7,0.005961505706012604,218,9.999999999998899e-05,7,0.007624330933109429,218,9.999999999998899e-05,7,0.006263683165009276,218,9.999999999998899e-05,7,0.004767373073041724,216,9.999999999998899e-05,8,0.0002989296533754512,215,9.999999999998899e-05,16,0.003411178168459722,217,9.999999999998899e-05,10,0.005461220743460303,218,9.999999999998899e-05,7,0.008722445382671912,217,9.999999999998899e-05,7,0.01000550913295484,214,9.999999999998899e-05,7,0.004050971346973292,216,9.999999999998899e-05,8,0.0001957678549182224,218,0.9999,222,0.0,181,9.999999999998899e-05,7,0.003063213589529379,218,9.999999999998899e-05,7,0.003972067039106145,218,9.999999999998899e-05,7,0.00413544395591473,217,9.999999999998899e-05,7,0.002181360201511335,216,0.9999,225,0.0,224
"(72, 28)",9.999999999998899e-05,16,0.01149077713940127,210,9.999999999998899e-05,10,0.006278652581223839,216,9.999999999998899e-05,8,0.01019243515070257,215,9.999999999998899e-05,8,0.013367515107123237,213,9.999999999998899e-05,8,0.007875659624264834,213,9.999999999998899e-05,9,0.00027019724398811136,215,9.999999999998899e-05,13,0.009398496240601503,211,9.999999999998899e-05,8,0.006642820643842616,217,9.999999999998899e-05,8,0.008135484990030193,217,9.999999999998899e-05,8,0.007653624286387525,215,9.999999999998899e-05,8,0.006186372195350168,215,9.999999999998899e-05,9,0.0002989296533754512,216,9.999999999998899e-05,17,0.01075833114668066,211,9.999999999998899e-05,11,0.006470858191831115,216,9.999999999998899e-05,8,0.010397020930101124,215,9.999999999998899e-05,8,0.011437223924811881,213,9.999999999998899e-05,8,0.006582828438831599,213,9.999999999998899e-05,9,0.000397468069076391,215,0.9999,223,0.0,182,9.999999999998899e-05,8,0.003620161514898357,217,9.999999999998899e-05,8,0.00484171322160149,216,9.999999999998899e-05,8,0.004684223248642751,215,9.999999999998899e-05,8,0.002856423173803526,215,0.9999,226,0.0,225
"(30, 84)",9.999999999998899e-05,17,0.07166616268521318,170,9.999999999998899e-05,11,0.040861072353996414,198,9.999999999998899e-05,9,0.0714059179553599,193,9.999999999998899e-05,9,0.09815052188243911,158,9.999999999998899e-05,9,0.07700675488211234,151,9.999999999998899e-05,10,0.07877257860925042,109,9.999999999998899e-05,14,0.11842105263157894,150,9.999999999998899e-05,9,0.06370294668710612,194,9.999999999998899e-05,9,0.07275886575989267,192,9.999999999998899e-05,9,0.11214975571635658,164,9.999999999998899e-05,9,0.11857342257175227,127,9.999999999998899e-05,10,0.12418073197610346,82,9.999999999998899e-05,18,0.07557071634741537,167,9.999999999998899e-05,12,0.04075263882514915,198,9.999999999998899e-05,9,0.07395972227164546,198,9.999999999998899e-05,9,0.10374983917950208,148,9.999999999998899e-05,9,0.08507039828643913,137,9.999999999998899e-05,10,0.09432451191514353,103,9.999999999998899e-05,17,0.0694006309148265,57,9.999999999998899e-05,9,0.05847953216374269,167,9.999999999998899e-05,9,0.08007448789571694,179,9.999999999998899e-05,9,0.11715784591061432,134,9.999999999998899e-05,9,0.14626196473551636,100,9.999999999998899e-05,7,0.17374433521073743,61
"(84, 51)",0.14258150250591384,121,0.06440882975506501,183,0.2242759621882473,155,0.04444887382898147,192,0.13097780587307117,129,0.0714685880429271,192,0.036131199501412636,43,0.09961545504486358,154,0.020119440569616454,35,0.08186071043009838,146,0.003410506859047757,24,0.08495888565817225,105,0.20753542414949744,156,0.106203007518797,158,0.23196559556380003,169,0.06370294668710612,195,0.15726565730074915,148,0.07163371283579982,195,0.06929611926710588,55,0.11125494383564095,165,0.03940745628821585,32,0.11792771997386259,130,0.0063012015118406595,22,0.12998085957891073,76,0.15853247215316546,127,0.06717397008659144,177,0.2511553002396758,162,0.04391922900413033,193,0.1350024569151137,133,0.07451861186059996,196,0.02900254257224244,41,0.10314614377187573,149,0.007021720097891038,29,0.0930027065552312,123,0.0014563460203751433,20,0.1051985264019648,92,1.000088900582341e-12,10,0.0725552050473186,56,0.25957425006771584,176,0.05959342801448064,166,0.12195489190356168,116,0.08026070763500931,177,0.047931966721194375,40,0.11127806777424265,141,0.018157469071652388,23,0.14458438287153652,103,0.0057016115786372445,20,0.19304443511373018,50
"(84, 30)",0.10892667179881776,109,0.07045660719685516,173,0.060436075622824936,79,0.06881602551325494,180,0.11920690268182321,113,0.07374750031809817,190,0.299964629448809,195,0.04919611792711958,201,0.38585849479143186,203,0.030582392255647153,199,0.6129895110259681,209,0.015054422564292829,199,0.06788847033629031,80,0.15413533834586465,122,0.057319131824870584,68,0.10151592573667177,173,0.09748005917743208,95,0.08401499999232502,183,0.20460458676675075,188,0.07755036299535295,191,0.28710667694160774,209,0.06083137109340263,193,0.5419349854077684,211,0.029446801675790713,190,0.0965644562007868,107,0.07924429283652584,165,0.05027224304820266,72,0.07508031206975677,174,0.11550422302597507,109,0.07849572878574435,189,0.3324659455782426,196,0.04574559681723864,200,0.5285121211379993,205,0.022027156699167272,201,0.6970383214796252,214,0.013448658396957885,199,0.9997000299990002,182,0.0,183,0.04747651994267699,61,0.10498468393205235,100,0.12809537997496512,125,0.07895716945996276,183,0.2581678037391081,201,0.0634820046123593,187,0.4005825998804674,213,0.051551637279596975,190,0.5540988787923478,210,0.04198821434259488,187
"(31, 103)",0.19943045694773764,136,0.19473843362564258,69,0.12646572703474757,119,0.3250946780944788,39,0.11808024409819384,110,0.366967546390108,38,0.12718973167614334,120,0.37630470609778427,40,0.12585821582965195,124,0.2598665505599767,47,0.06925580292223521,85,0.1649413026733396,58,0.3011840400695802,170,0.1983082706766917,91,0.1364023985285463,130,0.4254811786748424,24,0.11822123901664328,116,0.37070181605514935,32,0.13717130114744114,134,0.3826812143193763,40,0.13866837563515078,136,0.3144726311027595,41,0.07328445838499675,87,0.19943515680421892,53,0.15836821531194922,126,0.20545788506953555,61,0.12489352641117635,116,0.32326755392381823,41,0.1142191009266269,107,0.3917104323963385,35,0.1277094492827915,120,0.35748994665707795,40,0.13489202415125456,123,0.23183455833018962,49,0.06995895894767368,85,0.18904649189936346,49,0.9997000299990002,183,0.0,184,0.19834642437580696,155,0.06627680311890838,158,0.13058670952063056,127,0.3166350093109869,41,0.13033194836478057,127,0.31010603199905923,39,0.12560998665382117,128,0.2586045340050378,44,0.09787922889380485,100,0.20270172441252698,47
"(31, 39)",0.07186266996185364,98,0.27366192924100396,39,0.12354564204548402,116,0.3276360374725932,37,0.13218495036958666,132,0.35342131200777865,42,0.12283554632925342,117,0.38069950558505766,37,0.12414569446266654,118,0.2610560031645483,46,0.204687590013509,155,0.11493464856210706,75,0.035835002899169854,65,0.4031954887218045,25,0.11425144128613285,108,0.4513711463123829,19,0.13203305864672088,125,0.3572966857876147,35,0.11357085085318785,108,0.40753908836565594,33,0.11226067889809999,107,0.3374163389822644,36,0.19665399556550134,155,0.1435174650765394,67,0.09668257432919058,108,0.24219364996064024,43,0.12510653408517958,119,0.3230839834786599,42,0.1364388010390174,135,0.36917483196680995,43,0.12232914627371927,116,0.36265599588299524,38,0.11560380451703889,115,0.24407102365514083,43,0.20324771954254295,154,0.13248737890571702,69,0.9997000299990002,184,0.0,185,0.07241400146020782,83,0.09273182957393483,114,0.11957494583562611,114,0.32607076350093106,38,0.1198154934106972,116,0.31892569920361674,36,0.12439199135941748,117,0.2594458438287154,43,0.1567179612273607,136,0.1732665382889079,62
"(39, 31)",0.16847994294820656,129,0.1992742667069852,66,0.09077777203158732,97,0.3523520031891569,30,0.11587306676770481,109,0.38089549857852845,33,0.1351118316637565,123,0.3913825306720381,33,0.14769390516249759,135,0.2566607972354155,50,0.07409509406019132,89,0.17448692769602409,51,0.22169224389805753,158,0.2556390977443609,62,0.10893957969946766,105,0.45477772100153296,18,0.1084586043727398,107,0.3845674454730631,29,0.14044695523405137,138,0.3894400267250482,39,0.15050709808055096,150,0.308931961505299,44,0.07166686222560203,83,0.2070199390540438,47,0.13132695354693125,120,0.20991865652059827,56,0.09108079317670881,95,0.3468563561266636,34,0.11235769641296212,104,0.4063629684363442,32,0.1354273750337165,124,0.3745319711149891,34,0.15895195085975433,139,0.2291330668131768,51,0.07545820582569185,88,0.19833656646911907,45,0.9997000299990002,185,0.0,186,0.18012109126424858,141,0.06739069896964633,153,0.11327109284220394,109,0.32625698324022345,37,0.141606149812616,138,0.3155480933186121,37,0.1314436615697837,134,0.26381360201511334,40,0.09589825700400945,98,0.21041886863480394,43
"(39, 33)",0.08972899712150051,105,0.24584215300876927,48,0.16689489939495195,139,0.2876220849113016,48,0.1345940390026823,133,0.36234705175219867,39,0.115405705439102,114,0.4124995422083867,31,0.10475865900990777,105,0.28779533723590994,42,0.19509847216252318,152,0.12635955590864914,70,0.06152463506874617,77,0.39191729323308266,29,0.1425660579504182,133,0.41577244081076475,27,0.143143136680128,134,0.3505933531552634,38,0.11072933080343761,104,0.42155780783020047,29,0.10255097047413408,92,0.35107662208612206,33,0.19981774228218763,159,0.14708677437057463,65,0.11887959097734413,112,0.21700341117816846,52,0.16644105677530097,141,0.2837081229921982,49,0.1385567471538116,139,0.3789417938471908,40,0.11512209571924714,112,0.3953710087651295,30,0.0962636119264959,101,0.27082515754480757,37,0.19252642821370092,152,0.14514703352376204,68,0.9997000299990002,186,0.0,187,0.0824558975044487,96,0.08744082428292954,124,0.13751184777741987,133,0.30583426443202977,45,0.10974567817950198,106,0.34352930416092303,33,0.11877044490762467,111,0.27288161209068007,37,0.15946355381131694,137,0.17761014666917632,59
"(32, 47)",0.0018096024622222817,32,0.4968249168430602,16,0.01800731570432501,46,0.3803069563484154,25,0.046783515681386056,39,0.3415196926506978,45,0.1415711551741624,127,0.25312946346822923,76,0.26533338758932723,179,0.16445487084962077,91,0.40818909397027614,193,0.08038569648380632,107,0.004572940920715807,34,0.3825187969924812,32,0.045452404093909826,58,0.3241355816726282,51,0.05068837463420972,48,0.29845410435217745,57,0.07764403772048212,66,0.2917086731132892,71,0.1370312808063774,135,0.21678208117293615,82,0.28979027211501107,183,0.09547902361544262,106,0.001758683660137983,32,0.48360010495932826,16,0.020316076255253335,47,0.3765488756310234,26,0.048593674339849624,41,0.34935832358241947,49,0.1609086997130348,139,0.22899849241092193,81,0.3484940857688801,183,0.12709922601128704,104,0.5174466514490206,196,0.07158577894842999,121,0.0012382294890278533,23,0.4195583596214511,17,0.02210500797033854,43,0.3333333333333333,15,0.06714754749778351,56,0.2729366852886406,61,0.1458134130582922,140,0.20753656895346484,79,0.24918845161805292,192,0.1454256926952141,101,0.44762210034508954,204,0.07963282030492132,141
"(32, 90)",0.6771600490958782,202,0.06894466283640763,177,0.40176815533822907,190,0.13509069164839546,111,0.2617415601937748,204,0.19237817789569037,98,0.10977520929016782,109,0.27552829152169933,67,0.04565812292971949,61,0.29566824985646906,39,0.017213377740373792,44,0.23094605330548015,35,0.5801279123445356,200,0.07612781954887218,177,0.2659998975602962,179,0.17986714358712313,108,0.2499444798642142,195,0.1753473314841734,102,0.1885120733273673,176,0.21703960437384048,94,0.11369439783020874,108,0.23070141861247404,76,0.03869987795728913,54,0.18679534026671665,55,0.6798328884364766,202,0.0663867751246392,180,0.38445589432142513,189,0.14130335016062415,106,0.256149154903355,202,0.20073974374807685,96,0.09487538802510653,100,0.27309134934170815,67,0.026008610434469004,55,0.30188091663354155,31,0.007665556195475265,38,0.2914746065362734,26,0.711207155853975,84,0.050473186119873815,69,0.37223952501320456,191,0.13004734057365636,68,0.2091057241065396,188,0.18690316573556795,87,0.1062678682212359,104,0.23061796468213266,72,0.050950051589469636,50,0.2468513853904282,49,0.012984956415813431,31,0.25916863335601664,35
"(33, 93)",0.8701568337790795,210,0.0127003326277593,209,0.8496206547830754,217,0.02192545345824198,209,0.6962843963057819,217,0.05469389460410546,204,0.5917652262835206,217,0.07983885735213331,184,0.6218524945519891,217,0.050086118566173954,189,0.7124434737051029,216,0.020297055656599467,192,0.7364029636393798,212,0.03665413533834586,199,0.6825467205311289,215,0.06693919264179866,191,0.6055898492071112,216,0.0744980175511576,191,0.5742869351340036,217,0.0866953404162665,185,0.5866820765297213,217,0.06933763286200911,185,0.6363164102992491,217,0.03167761998456274,189,0.8643303153022723,211,0.012857517711886644,208,0.8497485197980039,217,0.021385956860945386,210,0.6888781029687601,217,0.0599351520619258,202,0.5698792180198955,216,0.0813174415190692,173,0.5817682224714534,212,0.05215625609228113,170,0.6717709459902323,212,0.026891384434675824,175,0.9995000999900006,118,0.0,188,0.5933481263114415,213,0.015873015873015872,211,0.6855539035638138,217,0.04972067039106145,203,0.6125382941874905,217,0.06141101609099283,189,0.6260475968213879,217,0.04836272040302267,192,0.6141533648170882,212,0.036674533424066486,193
"(33, 56)",0.048546221567530634,84,0.21016026610220745,61,0.08738485057349943,96,0.26380306956348415,55,0.04836075522203476,41,0.3558274635516468,41,0.04439083036946356,54,0.3716059329793078,42,0.046347904283063235,62,0.2536390931591367,52,0.09894052340261539,108,0.11466445131811893,77,0.02741088412965398,61,0.31672932330827064,47,0.08230050423334068,89,0.35786067109521374,40,0.07123662839460387,66,0.32035390894703797,50,0.05122944271500862,37,0.3699569893756003,42,0.048555374924824646,36,0.31112425715202624,43,0.11294946400837391,113,0.12953469591715633,77,0.07009978581521392,93,0.18446601941747573,70,0.08621367673808522,94,0.2586507572280863,59,0.0527279430504588,45,0.3711968819403307,42,0.04566785831270537,57,0.3520995734545562,42,0.0463945031269809,65,0.23310048687611876,48,0.11123772340935223,110,0.12497701210794519,75,0.9995000999900006,119,0.0,189,0.03615091814975402,55,0.07769423558897243,138,0.0638511010816808,54,0.2893240223463687,53,0.04070868294357499,35,0.3109749325458786,38,0.05587692119787746,52,0.2371133501259446,55,0.09237668856670322,93,0.1496083513110458,81
"(33, 39)",0.02585005585379241,60,0.24009676443906866,49,0.012745580532227851,39,0.3979968108431334,22,0.03958470937523184,32,0.37260215699046845,35,0.0566893369967395,64,0.35005676616004394,49,0.050157408397843994,64,0.24887853573714472,53,0.015746153297529597,40,0.17462000992067492,50,0.06139208410734076,76,0.2640977443609022,59,0.02213859209174296,40,0.4854368932038835,13,0.03312673453679249,33,0.3856941333943239,28,0.051734328193958845,38,0.3690621774948846,43,0.05270308256584033,40,0.30493788495667606,45,0.01647903113313509,32,0.20523528440702618,51,0.016690420801420802,54,0.25006559958016267,40,0.012995481897649985,38,0.38747131711794397,24,0.03682234424631159,31,0.4032943087456802,34,0.058580955564425774,70,0.33104280959182936,48,0.05584200379985904,74,0.2227198727994997,54,0.015036096489984052,48,0.1997247385312665,44,0.9995000999900006,120,0.0,190,0.06813294532532244,78,0.06655527708159287,156,0.029993914612634454,31,0.3446312849162011,32,0.05820209894051487,47,0.2852803020899345,50,0.04095406493237874,40,0.25541561712846345,46,0.02339432847460532,46,0.2084932022528849,45
"(34, 74)",0.03134350824343579,67,0.08799516177804657,155,0.12571022557915013,118,0.0920869045246163,146,0.09855194948907675,95,0.12160465809669045,143,0.03410172639326481,41,0.20045046694744553,100,0.08261903424066241,87,0.09541167971035593,130,0.09327329561836883,100,0.04503421826291402,143,0.1141367954169894,112,0.06484962406015038,186,0.18658892128279891,152,0.09964230965763925,174,0.16996651868231827,162,0.11532894221810161,148,0.04036732024570422,34,0.19287968359451899,101,0.04279021943495809,35,0.12578827914457938,121,0.06351960961271996,77,0.05398580307228298,141,0.02663747290481444,59,0.09551298871687221,140,0.12367648163787781,114,0.09752179899036255,136,0.0981648367565644,91,0.12140672718861792,147,0.029791000000000012,42,0.20326721274160187,93,0.07143594131972042,83,0.09198996371848787,125,0.10341779360640557,105,0.04627240207157984,152,0.9997000299990002,187,0.0,191,0.1423379492784309,129,0.03007518796992481,197,0.19300552505245117,181,0.10173743016759777,153,0.03390422361904999,31,0.15723180045339621,98,0.07146838300816905,68,0.09303274559193954,147,0.09071216854684372,90,0.06033272040192857,163
"(34, 53)",0.3210052806839,166,0.04052010885999395,195,0.1242924545141888,117,0.09243571855690652,145,0.15580115177495846,147,0.10438747585777307,161,0.3085266636387427,197,0.09619849844350851,161,0.17984676112224873,152,0.07361969931297438,152,0.1632109832947064,144,0.03737190835877355,157,0.13653150487260746,121,0.06109022556390977,188,0.07871720116618075,85,0.13285641287685232,144,0.08875863987108068,81,0.14321523576789,120,0.2835430883782952,207,0.10071405988081107,172,0.2749177033134429,206,0.06766344588664247,186,0.2170854071095223,165,0.035840326948731335,178,0.3449864815652093,174,0.04067173970086591,192,0.12633292722094613,121,0.09683340982101882,137,0.1563277741044513,152,0.10396392964270838,163,0.32850899999999994,195,0.09132295065202403,158,0.200276030955012,155,0.065238361685913,156,0.1493935350066724,136,0.04093327875562832,156,0.9997000299990002,188,0.0,192,0.10913045075289507,107,0.0328599275967697,194,0.07520212196023413,63,0.139292364990689,116,0.3093866551262171,209,0.0752415608851026,179,0.20021154488617388,175,0.06599496221662468,179,0.16699339707565097,142,0.04922756164304227,177
"(53, 34)",0.03895237585147471,74,0.058965830057453886,187,0.15942446995860138,134,0.07399840542156667,173,0.1127756767192214,105,0.09413237061950332,169,0.07217518178656768,78,0.12244277604834279,139,0.1250000000000001,119,0.06611213818527441,164,0.1250000000000001,123,0.03427875483431263,162,0.20730307949918836,155,0.03759398496240601,197,0.24887984504344207,176,0.07273036961335377,188,0.1805879568679436,169,0.09343067262040901,172,0.042191746024425436,35,0.16643500981310363,113,0.05676676771222078,47,0.10323508600990593,148,0.07443593417661998,90,0.04669995047583355,155,0.03247240005259078,65,0.06664917344528995,179,0.15681517436815784,134,0.07971546581000459,167,0.12209635636909821,118,0.0946135184297505,172,0.07205748474486151,83,0.11787895082356589,139,0.11726488245902966,117,0.061354492907002366,161,0.1395698283577509,131,0.03302544388878013,167,0.9997000299990002,189,0.0,193,0.15874766761944836,133,0.026176552492341965,202,0.18722259462379176,178,0.088268156424581,170,0.036232237912860454,34,0.13959246604428124,115,0.08879283392226478,87,0.07422166246851386,173,0.1334022322133399,125,0.04295828688085483,186
"(53, 71)",0.28882699789170274,159,0.03023888720895071,197,0.09592610802203194,100,0.08765198325692646,150,0.13807723499690638,137,0.0879907020379173,178,0.1988148323240886,163,0.08734663980955869,173,0.1250000000000001,120,0.06611213818527441,165,0.1250000000000001,124,0.03427875483431263,163,0.06799887801851268,81,0.05451127819548872,190,0.051057277588560934,62,0.12331800374723216,155,0.08217913838715862,74,0.12146893088982251,139,0.27700097823096825,206,0.08888464681775068,182,0.23337570565499843,197,0.06444266586243828,191,0.19445026476782146,152,0.033908438293334765,184,0.3157727537255577,168,0.03122540015743899,196,0.09780823112966486,101,0.09329967875172097,145,0.12794931798950337,124,0.09314826482574995,174,0.19904632869227812,156,0.08401262812033002,167,0.1330680038958112,122,0.058822635815144055,164,0.11148115438502315,111,0.035594155439676804,164,0.9997000299990002,190,0.0,194,0.09640997663992112,103,0.030910609857978277,196,0.07836169917340241,66,0.1180018621973929,134,0.2995509402836021,208,0.06903512840782142,185,0.1699138015574121,159,0.05978337531486146,187,0.11695819415461028,111,0.044883953262773835,184
"(70, 35)",0.00863607692516788,48,0.32567281524039915,35,0.013491585497829028,40,0.2615606936416185,58,0.09690903346585467,92,0.22130707013542433,84,0.3285186917659253,201,0.12213880241713972,140,0.3502622041376299,200,0.08808816783093841,138,0.44229653060860363,197,0.04772005952404957,140,0.0654435552245457,78,0.22556390977443608,79,0.054898995079870394,66,0.20337250894225856,88,0.08444314191728064,77,0.179491823837585,97,0.1831537628135873,174,0.1407837358992561,133,0.1936862946046345,183,0.11818677430954287,129,0.30324046145620676,188,0.0566627850428094,136,0.011108036487471384,48,0.30149567042770925,34,0.0160942985193957,43,0.28031206975676914,50,0.08624545639461612,75,0.25069861198619314,82,0.3432916416010985,201,0.11518706310431395,141,0.40635123242872384,192,0.07046917843769226,150,0.4190663573632618,189,0.05951936025437956,134,0.9997000299990002,191,0.0,195,0.0738524678558743,86,0.13060428849902533,66,0.08345603384213429,72,0.17641154562383612,90,0.17381284021440946,169,0.12303762404698597,128,0.21454090953484695,185,0.09974811083123425,140,0.2389753672625391,164,0.09266364544572663,128
"(70, 81)",0.5021450943551797,187,0.08406410644088298,159,0.4423450421822779,197,0.08172214470799283,156,0.1580539883156059,150,0.1880102627016125,101,0.029789043795084957,37,0.27186595861563817,71,0.02569697267783888,39,0.21042048385723272,72,0.013496321878552653,38,0.15270983638951957,64,0.21279213201091884,157,0.15225563909774437,125,0.23825615675289535,171,0.12468063362289218,151,0.1768223151900732,166,0.14029874114882257,122,0.0806775097039768,68,0.18502920069437404,103,0.07483996349405175,61,0.16226467620141283,99,0.035340953923478136,49,0.11600255205614524,90,0.4688733664395106,185,0.08659144581474679,153,0.4177067117997315,194,0.09467645709040844,141,0.17390926769253867,168,0.1984372023703617,97,0.02694648374705566,37,0.2690238278247502,68,0.017437340739916873,46,0.20128263880273542,67,0.015939858047739675,49,0.176980073205313,56,0.9997000299990002,192,0.0,196,0.19556198906011457,151,0.09440267335004177,111,0.17844926341485068,171,0.13693296089385476,120,0.08630589644927256,76,0.15537640379703005,104,0.06465215300474958,59,0.1487808564231738,98,0.05462939453052984,66,0.1515484963875657,80
"(36, 86)",0.34188663227214144,172,0.10795282733595404,129,0.252991306604608,162,0.08067570261112218,157,0.16682887141737002,158,0.13325369800993983,134,0.04292490622882772,50,0.1840944881889764,108,0.030085204504156082,46,0.1517252556773699,96,0.020027362766542378,49,0.09194771884968564,96,0.4560281924857479,184,0.13721804511278196,139,0.30939675857670057,191,0.1081587463805144,168,0.18088703037838605,170,0.12039443287227135,141,0.11209214727098515,105,0.1615612677694726,116,0.07729091127040677,66,0.15839819357931897,105,0.02991790504809777,44,0.1119870791003556,96,0.2480805916694825,150,0.1348727368144844,114,0.23094512653989796,158,0.08389169343735658,157,0.17045836843420914,162,0.13584994128519487,135,0.04045639410143598,51,0.17049611886531657,110,0.018541484567136668,49,0.1437259315335205,91,0.01020979063763705,42,0.1077731703121014,89,0.4705075445816187,77,0.025236593059936908,83,0.3229815867347272,185,0.08242829295460874,130,0.16544799895381923,159,0.11489757914338919,139,0.06535916601217062,55,0.14819000829702025,108,0.046724376258789,47,0.16943576826196471,83,0.01675147256200238,37,0.16843065429220902,66
"(36, 105)",0.027205235611396317,61,0.2509827638342909,47,0.04964812000920027,72,0.13882798485150488,108,0.09082178152976694,84,0.16319480711856232,112,0.2744529771068944,188,0.09918696209485442,155,0.32705836025707413,192,0.06849104339441754,159,0.3865196061726117,189,0.03427875483431263,164,0.012212112423247268,49,0.45864661654135336,16,0.03390191001024356,47,0.22602623062510646,76,0.08200242260800805,73,0.15672321084567598,109,0.13886258403721263,137,0.15042980797337038,124,0.18915166239203174,178,0.11754107171165319,131,0.32788157569094356,193,0.05041649377824774,147,0.05133609342673551,81,0.22802414064549986,48,0.05772250260071421,76,0.13318035796236805,111,0.0884403723207916,80,0.169063054049019,113,0.28321675825200776,188,0.08912589523410518,163,0.39759043625624124,189,0.0517334359579408,171,0.4801596858040992,193,0.02985756405464889,171,0.010973936899862924,30,0.08832807570977917,52,0.030927160983853508,51,0.18017265385686437,43,0.0917481254947291,86,0.1398510242085661,114,0.21297748184776288,190,0.09995622831831812,148,0.26192806205864916,195,0.09538035264483627,144,0.4120483701357692,196,0.05791477840357914,165
"(86, 99)",0.44574920696159115,179,0.10281221651043242,132,0.25395501905326323,163,0.0804265497309149,158,0.16814133675818443,160,0.12641696118442666,140,0.043714566473394,53,0.17396081303790514,113,0.02912076263809049,45,0.14733004974823713,99,0.018646896302710325,47,0.08791492416329592,101,0.5351794290072004,196,0.12781954887218044,145,0.3070209316148058,190,0.11156532106966445,163,0.17688457181242367,167,0.11763143796999695,144,0.11955379080060324,114,0.15400905549623287,119,0.07902809235786112,69,0.15053376792598006,107,0.025843017999506945,38,0.10841776980632035,98,0.34408735389418854,173,0.12752558383626345,117,0.22791946043444455,157,0.08402937127122533,156,0.17257895598965178,166,0.12887324091071792,140,0.04144700890238351,53,0.15999577743102864,116,0.017710083808399668,47,0.1390825056270524,94,0.008864681773148475,40,0.10381628669905733,93,0.4000583175390001,73,0.031545741324921134,78,0.34423159667150105,188,0.07964355332776385,134,0.16579670341032637,160,0.10937243947858473,146,0.07372674016020797,65,0.13948140356837202,116,0.05379990239039523,51,0.16171284634760705,88,0.01646730648222694,36,0.1626391764518511,71
"(86, 36)",0.01316283007544583,54,0.33262775929845784,34,0.04932379515934604,71,0.13887781542754635,107,0.08995180724967256,82,0.15572567213668914,117,0.2717580845317915,187,0.09460904596227797,164,0.3318660881261515,193,0.06546933931813875,167,0.39677891543697974,191,0.031725995797827936,170,0.006655824058919957,37,0.5516917293233082,11,0.03445026566250431,49,0.23130642139328905,73,0.08440511530842043,76,0.15053256726741338,114,0.13060914679460556,128,0.14953499609265478,126,0.18603749595837293,175,0.11316034690082087,136,0.3494310840798882,199,0.04550869349894929,157,0.026800983604901463,60,0.298609288900551,35,0.05893674540170579,77,0.13189536484625974,112,0.0870837733850871,77,0.16187493851167914,117,0.2796359981672447,186,0.08467240452210746,166,0.40414155744083735,191,0.04903447629801983,172,0.49875155304190766,195,0.027093084648833993,174,0.01822423093745451,35,0.08832807570977917,53,0.026774688232474975,46,0.18657755499860762,39,0.0915131232982066,85,0.13333333333333333,123,0.19580286980474482,181,0.10072059947604643,147,0.2412123269602895,191,0.0980705289672544,141,0.4144702731983747,197,0.05549683640522971,167
"(37, 52)",0.0417900826625307,80,0.19231932264892654,72,0.08309234376283281,92,0.09931233805062788,137,0.07476416663364882,57,0.11400828384612025,151,0.14351975287367003,131,0.09070499908441677,169,0.17857496691063646,151,0.05640422708930235,179,0.23965569984125878,163,0.0264833627055213,178,0.07377660367190053,85,0.3148496240601504,48,0.12520903005707218,121,0.15278487480838018,127,0.08548791746219697,80,0.12080427711610871,140,0.07320234056431285,61,0.13452005273424683,141,0.11641111130484272,112,0.09846771293686421,154,0.194558953741921,153,0.044469132167061526,160,0.0854551014109286,99,0.17633167147730253,77,0.10152907261552424,102,0.09541073887104176,139,0.07943282521303785,62,0.11428978111204376,152,0.1590046016318185,137,0.08236318711588643,170,0.22507757164909392,159,0.046249433496975696,177,0.29516657160208903,168,0.025704912586686595,177,0.004629629629629761,28,0.12618296529968454,44,0.07639337854596306,89,0.13979392926761347,61,0.1057131776855027,103,0.10180074487895716,152,0.13982488644001445,135,0.08395016561375084,168,0.15010224480303513,149,0.08631234256926952,156,0.14775419476977958,134,0.07142340046621397,148
"(37, 40)",0.27841618375508725,153,0.1022074387662534,134,0.17905445336969938,142,0.0768885788319713,166,0.19382925473215717,187,0.08299038868747946,180,0.10814616675050881,105,0.09967771470426662,153,0.08338033729941352,88,0.07270494707897361,156,0.054375676378275783,74,0.04342110038835813,146,0.19570728027933237,151,0.2274436090225564,76,0.12479120271579602,120,0.15295520354283768,126,0.17512474703124747,163,0.09511916950513225,168,0.19681267125676527,182,0.09674109513043375,177,0.1340012900199623,133,0.09395552771688068,158,0.07437865775196362,89,0.06127165566873241,127,0.1751776907183059,135,0.1388087116242456,110,0.15183512475072147,132,0.08343276732446075,159,0.1853234085676957,181,0.086171564451273,184,0.09622593307519689,102,0.09737310025632315,155,0.060102658332526815,77,0.07182119012474461,146,0.03732054827281539,70,0.05121405731845497,145,0.5787037037037038,79,0.025236593059936908,84,0.1907926748165485,148,0.10303536619326092,103,0.14650061748620136,139,0.09130912476722532,167,0.11126185890429852,109,0.0905943149078508,159,0.10286505908459409,96,0.09789924433249371,142,0.10471072224888034,102,0.08011061722675085,140
"(52, 37)",0.2577945840373165,150,0.12972482612639855,109,0.18355564729019713,143,0.07698823998405421,165,0.17165437869742273,168,0.09305558456948498,173,0.10768659467610453,104,0.09900384544955136,156,0.06743829692922376,73,0.08030315932896194,149,0.04590779864929706,69,0.046510221118132654,141,0.2026773977327483,153,0.24624060150375937,63,0.12439057529016018,118,0.15721342190427526,120,0.14730324408305318,140,0.10473746175938306,161,0.14819759512958752,146,0.11304456759707218,163,0.10306208295638442,93,0.10439503079653409,146,0.05356005492898641,69,0.0651398946161431,123,0.17743325582325953,136,0.1624245604828129,90,0.16360201195649404,138,0.08086278109224415,165,0.16770742705001507,159,0.09607877203375108,169,0.10292322307668433,106,0.09269858444972999,156,0.04801196089356119,67,0.07966994710950535,139,0.028450586117724108,62,0.0571464165584011,135,0.35742338290087616,71,0.056782334384858045,64,0.18141577486856098,143,0.11333890281258702,85,0.15294835659394712,144,0.0925512104283054,165,0.09697563569244172,91,0.09941398211240828,149,0.0879648819069836,86,0.10629722921914357,136,0.09318248288113817,94,0.08205076230327076,138
"(52, 80)",0.048053591774232185,83,0.22709404293921984,52,0.08044524081863003,91,0.10135539166832769,133,0.08767215924533467,74,0.11641443538998836,149,0.14407625139551306,133,0.08984801318439846,170,0.20848720245567398,168,0.05512412336244241,181,0.2645286344668064,167,0.025942968217545076,179,0.07023970810146363,83,0.3505639097744361,38,0.12561141196257064,122,0.15670243570090275,121,0.1050699486707447,101,0.11722312872332749,145,0.10435901919856339,96,0.12706328706161676,150,0.1498490759213601,149,0.09214988033236285,161,0.24186603759728964,173,0.03940963624276657,169,0.08407085447796248,98,0.20834426659669378,58,0.09300448297309649,98,0.09761358421294171,135,0.09023830690390189,83,0.11812665233509095,150,0.1500274428246482,133,0.08175619282625118,171,0.25792222145442945,171,0.0454898763694182,178,0.33529810062326093,176,0.025111676662691984,178,0.024470477661038714,37,0.138801261829653,40,0.08169109407638842,94,0.14786967418546365,57,0.10068224572606721,98,0.10639292364990689,149,0.15796174556566256,154,0.08449241181966068,167,0.17119716795451234,160,0.08513853904282116,159,0.16334293027916424,140,0.0680498646242055,153
"(40, 37)",0.030619986020006817,65,0.18596915633504688,78,0.08661318673169627,95,0.09582419772772574,139,0.080378369610692,65,0.10647647877667987,157,0.126592337668183,119,0.08624793993774034,176,0.18488983847283913,157,0.05173432078959875,187,0.2681212699816523,170,0.02258365024378244,187,0.0835794017025191,91,0.23590225563909772,69,0.16310548266987002,140,0.1299608243910748,146,0.0963349964906175,91,0.11128729467494132,150,0.06953551834507055,56,0.1315373464651948,145,0.1099828221594783,102,0.09808106467465481,155,0.2025148528752453,161,0.04045365921127188,166,0.06454390645081998,90,0.1668853319338756,86,0.10726441903564021,107,0.09251950435979807,147,0.08723062220941658,78,0.10480121741642298,161,0.13670063193598647,125,0.07834844771107072,176,0.22928876993934622,162,0.04236556471806506,183,0.32571134570173554,174,0.02116072540888786,193,0.013026663952778295,31,0.08201892744479496,54,0.10537789260686936,105,0.1088833194096352,94,0.12930106884846926,126,0.08653072625698324,171,0.13837665559334256,134,0.08079468468056472,175,0.15885947755964813,152,0.07959697732997481,166,0.22354919425703756,159,0.05501903948340019,170
"(40, 49)",0.32445632245975353,168,0.084668884185062,158,0.17332382695933113,140,0.0760414590392665,167,0.1836716040052384,177,0.08083871568100545,184,0.1234210714115519,118,0.08698040651895257,174,0.07967974786476151,83,0.06849104339441754,160,0.04480400924261452,67,0.041001423576524296,149,0.17824468484657707,145,0.1832706766917293,105,0.0933459842859794,98,0.15653210696644523,122,0.15885227071503571,152,0.09419817120437411,170,0.2041128352229269,187,0.09186735308680272,179,0.14132547150453356,140,0.09021663902131592,164,0.07031995709783923,81,0.05755511236631822,134,0.21478195776444398,141,0.11178168459721857,129,0.1445901345379007,127,0.08375401560348783,158,0.1723475012934268,165,0.08351945542803198,186,0.11398683656624042,111,0.08324068973025042,168,0.05838381058186615,76,0.06684102722505932,152,0.030360908599126324,64,0.04666987014065623,151,0.44718094850396906,76,0.025236593059936908,85,0.14691821671033534,131,0.09746588693957114,107,0.12079538508996446,115,0.08851582867783984,169,0.11251444377125908,110,0.08656340034102714,162,0.09632983322337552,93,0.09404030226700251,146,0.06074011838930904,71,0.08494650122344971,137
"(46, 76)",0.038465964250572804,73,0.18929543392803144,74,0.034036644685418116,57,0.3614709986047439,27,0.0784640545096098,59,0.38222486407237827,31,0.11789379920653853,115,0.3526203991942868,47,0.13840157487879234,132,0.3046427109630171,38,0.09562585484423225,103,0.4013961535204281,9,0.08455482241248058,93,0.23308270676691728,71,0.07160481353984594,81,0.2703117015840572,63,0.06257923560967793,54,0.4137323916637373,24,0.09558587047748934,84,0.4377598682836912,26,0.12156779268883111,118,0.39412217311789294,25,0.10277411336131492,107,0.4592496419536614,14,0.036111154518378985,67,0.1881395959065862,69,0.0300680109520004,55,0.3806333180357962,25,0.07702373514827676,59,0.38299008023310094,39,0.11872659472311176,114,0.33516641210293835,47,0.15316980331467267,134,0.2563935721212152,40,0.1237081910190796,118,0.28672871914431647,27,0.08527373032970742,47,0.45741324921135645,15,0.07192009386620213,82,0.303536619326093,18,0.07934790628121313,67,0.4477337057728119,19,0.11814575571532548,114,0.37521477522914803,24,0.12509733823716995,126,0.3202367758186398,27,0.1170501589381423,112,0.3301142369004011,21
"(46, 41)",0.29068831474497614,160,0.09646205019655277,145,0.3088095067777572,176,0.17331074347219455,87,0.18703980576793655,184,0.2861307298026652,68,0.13238616951189863,122,0.33925288408716353,50,0.11249273783354563,108,0.32643469136039865,33,0.1598465578939532,140,0.3382183919634467,23,0.17663966582486113,142,0.18233082706766918,106,0.19994071935300117,158,0.19196048373360586,98,0.21923670494855507,189,0.2724113424010733,66,0.15990288970904132,158,0.36876390686797944,44,0.12849620758075042,127,0.38690731654506577,27,0.15021931222584683,137,0.4046704412112451,18,0.3000468380904291,166,0.09288900551036473,145,0.3271427585972826,178,0.17177604405690683,90,0.18963783625316588,184,0.2836312333458229,71,0.1314905894280064,122,0.3239502132727219,50,0.10051484488280449,106,0.2950449024855241,34,0.1263007708699062,123,0.28475324351741443,28,0.17547074276997798,66,0.35962145110410093,23,0.19931710729314656,156,0.21609579504316345,33,0.1854728816260185,176,0.3373687150837989,34,0.13211434617096285,129,0.3614952929109475,29,0.12490271226851801,119,0.3204030226700252,26,0.1333018892016331,124,0.3161133392213359,24
"(109, 42)",0.9292379693287036,216,0.008769277290595706,213,0.7564206424353312,214,0.025662746661351408,208,0.2645853837293768,206,0.09242318641312501,177,0.03382240265818259,39,0.18427760483427943,107,0.014912661358932988,28,0.14330294231566917,101,0.0016259523906820839,19,0.12407699411615256,72,0.8687926778764741,215,0.011278195488721804,210,0.5758811810183885,214,0.03866462272185318,207,0.3708668399428563,209,0.06943252689698787,196,0.12019191976665955,115,0.12397916877941695,154,0.07816878784740222,67,0.10490927298527257,144,0.0044064444403271175,18,0.10618695149754834,100,0.9381199103480081,215,0.007871949619522435,214,0.760718530608411,215,0.026755392381826525,207,0.27073845211024894,206,0.09272962093889264,175,0.024074598789422863,36,0.19122629340916364,99,0.003521236485983237,23,0.16085647661703384,83,0.0016434016914410599,21,0.11824971672984629,80,0.9997000299990002,193,0.0,197,0.68035299858164,215,0.01949317738791423,206,0.31083883654560873,206,0.07647486033519553,186,0.10327215607205287,99,0.09374979584103693,156,0.039968845685963705,38,0.08597984886649873,157,0.009715436389575283,28,0.09073797906380762,130
"(109, 95)",1.4114004629695032e-05,5,0.35409736921681284,29,0.0007015143458858342,19,0.2631552720749452,56,0.045890145751258604,36,0.16572819793112745,110,0.3097443780346161,199,0.08807910639077092,172,0.4284195722188676,209,0.04678971411932435,192,0.6870869648474357,214,0.016534458214197856,197,9.608151983164781e-05,5,0.2349624060150376,70,0.0047436378371785715,21,0.19144949753023335,99,0.02231486342722777,29,0.17718932808568966,100,0.12993462644282794,127,0.12079960389660747,158,0.1875678582563205,177,0.07836200330197615,175,0.5843940252176788,215,0.02082245809407807,202,9.350477645275745e-06,6,0.3657832589871425,27,0.0006615041523229115,19,0.28031206975676914,51,0.04401722271940045,36,0.1699003418227336,110,0.3598070327360393,202,0.0776325903151422,177,0.6095070428604142,213,0.028863170847184705,196,0.6861083153576625,213,0.01582160209293634,198,1.000088900582341e-12,11,0.11356466876971609,45,0.0017489030005928274,22,0.14230019493177387,60,0.03357327622744266,33,0.16058286778398512,100,0.1495798075015048,145,0.08285914011511299,170,0.28501193452320694,201,0.04467002518891688,198,0.4867373043932155,205,0.024613780821521134,203
"(45, 43)",0.018700242825639757,57,0.5146658602963411,15,0.041903607489533146,64,0.493920669722942,15,0.11330473312943545,107,0.5263660654769479,11,0.17826454823201365,149,0.3924189708844534,32,0.15390493255194382,140,0.3178283287504155,36,0.15508487691220507,135,0.19196102707215074,44,0.01199353614730203,48,0.6268796992481203,6,0.05480912747675659,65,0.5820132856412877,5,0.12404087585481749,120,0.5101302138097554,17,0.10818479853551777,102,0.551305530533964,18,0.09416323747952382,86,0.49426407303012376,19,0.1285107281325466,126,0.24613510728005245,32,0.016891809844209127,55,0.49645762267121485,15,0.042308277563222085,64,0.48260670032124825,16,0.11058213607309231,103,0.5339112014451587,11,0.18785408546554372,150,0.35440879086077726,41,0.18210631284803647,148,0.2536085293201711,41,0.1782241161179221,147,0.18805578790629243,50,0.9997000299990002,194,0.0,198,0.021764168983728904,42,0.18045112781954886,42,0.10167941463155716,99,0.4926759776536313,16,0.08826642436626686,79,0.46058262068244626,17,0.10160913297992957,95,0.3825340050377834,20,0.25313787901784224,170,0.18725295727337227,54
"(45, 44)",0.39636980761127094,175,0.18596915633504688,79,0.2780147905571202,169,0.2628562886186964,57,0.13747357202302335,135,0.49351174684323174,18,0.08356741393938338,91,0.5051565647317341,18,0.09996160977137514,99,0.3669996950825887,27,0.09908151424961587,109,0.2228804639327007,36,0.45848927316807786,185,0.18609022556390975,101,0.23849547296922347,172,0.35649804121955375,43,0.12596405561743107,121,0.5075207186242741,18,0.1434731105997138,140,0.5017926064677003,21,0.16192617863015935,156,0.41255369577741435,24,0.12155379996553906,119,0.25074397790597547,31,0.4108658412378847,178,0.17134610338493833,82,0.2765929721891769,169,0.25810004589261126,60,0.14061957707613126,140,0.4928129310723772,19,0.0780092815588933,90,0.4750390092797551,20,0.08128659370013369,90,0.3318429134585928,24,0.08359181729468201,93,0.24204025698980225,35,0.9997000299990002,195,0.0,199,0.3744949299285467,192,0.06989696463380674,150,0.15163869829729548,143,0.4312234636871508,23,0.17072808753694269,166,0.3696616514336859,26,0.15173047821294938,150,0.3346750629722922,24,0.04959864845504014,60,0.32239709267812416,23
"(44, 45)",0.024680743357899715,59,0.4336256425763532,20,0.04882571583519346,70,0.42500498305760415,20,0.1277114803852203,125,0.4639485573535751,22,0.19006403821477158,159,0.35756454861746934,46,0.1250000000000001,121,0.31837772949155707,34,0.12332605331503199,120,0.19559054228990147,41,0.01054475820390488,45,0.5554511278195489,10,0.06422342093481137,72,0.48322261965593594,14,0.14227440765671084,133,0.43205104786581666,23,0.10675271506119044,99,0.5140217021708137,20,0.07253618436088805,60,0.47867054861521924,20,0.10445286850565239,109,0.2450910843115472,34,0.021775364283736165,57,0.4219364996064025,19,0.048755452045088354,71,0.4212941716383662,20,0.12036264934509167,115,0.4766951414283711,20,0.19698661610455437,155,0.330877865491385,49,0.14882587624242927,132,0.2650018862335335,38,0.1356711862618708,130,0.19794503075928266,46,0.9997000299990002,196,0.0,200,0.03750193169152949,57,0.13338902812587022,64,0.11274491673175113,108,0.4213538175046555,24,0.08718797736145545,77,0.4413100145687836,21,0.09167354839519926,90,0.3586901763224181,21,0.20629126327759129,153,0.19014869619355124,52
"(44, 78)",0.35617202518692925,173,0.1781070456607197,85,0.2554480960291492,164,0.24481762009168828,64,0.12232717264648496,116,0.47065805491039125,20,0.0767903977448352,81,0.48367331990477935,22,0.1250000000000001,122,0.31837772949155707,35,0.12668902592925413,125,0.19384434219069474,43,0.47585518316236586,188,0.15601503759398494,121,0.2154982756987457,166,0.32277295179696813,52,0.10918369553385676,108,0.47190878432829286,20,0.14521644837844616,143,0.4639122368507394,24,0.1981074637230975,184,0.3424427663909865,35,0.14807909306546996,135,0.21817403059790394,40,0.3744203305834839,176,0.16347415376541588,89,0.2556600115532748,163,0.24249655805415327,65,0.12975495900060907,127,0.46490403635503513,22,0.07311244179603826,84,0.4604150653343582,22,0.10386321356027839,107,0.29875913683928024,32,0.11490357811664076,112,0.2092165133151803,41,0.9997000299990002,197,0.0,201,0.29444829978995224,181,0.06711222500696185,154,0.13811244507448295,134,0.39379329608938546,28,0.1724146675449475,168,0.3515911332945703,30,0.16555854149435234,155,0.29454408060453396,34,0.06848204734633523,78,0.27461740049517136,33
"(78, 44)",9.999999999998899e-05,18,0.4348351980647112,19,9.999999999998899e-05,12,0.40083715367749656,21,9.999999999998899e-05,10,0.4348924258451441,24,9.999999999998899e-05,10,0.33046328511261674,52,9.999999999998899e-05,10,0.30665626467930107,37,9.999999999998899e-05,11,0.17112357692757504,54,9.999999999998899e-05,15,0.525375939849624,12,9.999999999998899e-05,10,0.4469425992164878,20,9.999999999998899e-05,10,0.3938296183843541,25,9.999999999998899e-05,10,0.4810091091849457,23,9.999999999998899e-05,10,0.45534405895612706,22,9.999999999998899e-05,11,0.21029031869470358,44,9.999999999998899e-05,19,0.4219364996064025,20,9.999999999998899e-05,13,0.3943093162000918,23,9.999999999998899e-05,10,0.45108878808874414,24,9.999999999998899e-05,10,0.2998122936136943,54,9.999999999998899e-05,10,0.25166659493071575,42,9.999999999998899e-05,11,0.17915724904637323,54,0.9999,224,0.0,202,9.999999999998899e-05,10,0.1336675020885547,63,9.999999999998899e-05,10,0.39689571694599624,27,9.999999999998899e-05,10,0.4166998765246592,22,9.999999999998899e-05,10,0.3195617128463476,28,9.999999999998899e-05,8,0.13996554070684988,94
"(76, 46)",0.2757297178382099,152,0.10916238282431207,127,0.2075853805219421,150,0.22862268287821408,67,0.1959519073575573,188,0.3208841419990239,53,0.24011180868450033,180,0.36159311481413664,45,0.20344499178562314,167,0.35811863210203476,30,0.3089360115414581,181,0.3540793734650175,20,0.19353321874693763,150,0.2020676691729323,89,0.16342130308924707,142,0.22636688809402147,75,0.22122549432745364,190,0.30167759840483094,55,0.21529763683451963,192,0.4045563820966039,34,0.16875495941894514,165,0.43949148020554224,23,0.2750700327866873,181,0.42920944260773736,15,0.28038617776418095,160,0.10443453161899763,133,0.21868469578411154,156,0.2299219825608077,69,0.1992410083616205,188,0.31865707413973915,60,0.26020038161700487,180,0.3401147351162691,45,0.221073859946465,158,0.31352745925608977,29,0.2483927004848121,159,0.2978044338452959,24,0.19107484090027593,67,0.3785488958990536,20,0.16097173385903174,134,0.2584238373712058,24,0.17621400718345592,169,0.40210986964618245,26,0.2181324296894256,191,0.3874120483187101,23,0.21335407046794708,183,0.34055415617128465,23,0.24613078857391446,168,0.3334877727424096,20
"(76, 97)",0.04255592055319446,81,0.2035077109162383,62,0.06786475798221314,84,0.3318716364361172,35,0.07364907308051494,56,0.4446404731021883,23,0.054206286960793215,61,0.5938472807178172,8,0.06986214523939038,74,0.5114014388805411,10,0.03400757582799474,57,0.738807986546597,6,0.07492122185283201,86,0.27725563909774437,54,0.09312859370744908,96,0.2730369613353773,62,0.06172357509544957,53,0.46167649320687004,21,0.06431300927269157,49,0.6051911019906582,15,0.0895485205276143,77,0.5428541601419773,16,0.04274616572211731,58,0.798334024887009,6,0.041237447814522765,73,0.19784833377066385,63,0.06281905064594762,78,0.348462597521799,33,0.07195867561670077,55,0.44746123880912564,25,0.04727521856538086,60,0.6005053887237615,7,0.061788357850283804,78,0.4795337331979634,9,0.05122702404339252,77,0.5040547675405032,8,0.07624027103769326,46,0.5141955835962145,13,0.09483107811085656,102,0.3082706766917293,17,0.08481577220774672,74,0.513096834264432,15,0.0630599953617299,53,0.585906825115799,7,0.06518808022063127,61,0.5056272040302267,9,0.05202307639197645,62,0.5598476841327987,7
"(96, 65)",0.14908097211353688,123,0.14091321439371032,107,0.07415424575951202,87,0.22628064580426552,69,0.07850356192657904,60,0.3198073559490055,55,0.09714769005760482,97,0.27211133492034423,70,0.17311869508506073,147,0.17461878456074037,85,0.17320019680806265,146,0.088588400875923,100,0.17780661108219264,143,0.1419172932330827,133,0.11702847136915184,113,0.28836654743655254,58,0.05927672177257626,50,0.386615131695082,27,0.11738045373951844,112,0.3400285146719321,57,0.1665331677995341,163,0.23108806687468342,75,0.22139724924952475,168,0.09964173057961122,103,0.12295458635930645,114,0.1443190763579113,104,0.07197787420815072,84,0.23221661312528682,67,0.08300567512082235,66,0.32193714899326614,58,0.10186804538322525,105,0.2555544925824638,73,0.190332401033258,150,0.14845037686692814,87,0.15824340641861978,139,0.1010458749340025,96,0.9997000299990002,198,0.0,203,0.11436765974955598,110,0.11779448621553884,78,0.062417809691409976,51,0.3133463687150838,43,0.15431672714295364,151,0.22343156918212287,77,0.14764748838429198,146,0.17615617128463476,80,0.11626852902222928,109,0.15539982915140374,77
"(96, 50)",0.10366275187189522,108,0.15905654671908073,97,0.19498573226658433,146,0.16394259517640025,90,0.1869693267137743,182,0.23947569824922563,83,0.15772381492388798,143,0.23152169932246838,82,0.086742478546041,92,0.2198509475789283,66,0.08669108150805405,96,0.11157533058834443,80,0.0838443025914054,92,0.18233082706766918,107,0.13332554329186286,126,0.27610287855561233,60,0.22708447046790292,192,0.24708388913022455,72,0.13294235046910519,130,0.32620665382114505,61,0.09101919358875676,79,0.2826398796750608,56,0.061650286657699116,74,0.15258797232000643,63,0.1270679731225275,118,0.1427446864340068,107,0.19920315826806823,149,0.1653969710876549,92,0.17919913477933358,177,0.24909311268009537,83,0.15139275941413433,134,0.223938007409289,86,0.07664389481636502,88,0.2010294530935496,68,0.09677244423634512,102,0.11904465286799906,78,0.9997000299990002,199,0.0,204,0.1362716923736259,125,0.1111111111111111,91,0.21960959586550777,192,0.20602048417132213,82,0.09965336156354909,94,0.2584946461353525,61,0.10479558422937307,99,0.19748110831234256,70,0.13415802113771746,126,0.14816048185095634,84
"(51, 68)",0.2022170625462315,137,0.05745388569700635,188,0.24922672618803565,161,0.04285429539565477,194,0.11955820815852736,114,0.07419188821175653,189,0.03490349825525785,42,0.09857901483244827,157,0.018407694979180045,31,0.08039655745495601,148,0.0027611857539786566,22,0.08320865276427912,106,0.3651834085560076,178,0.07800751879699247,176,0.26717434596526446,180,0.057230454777721,198,0.15162731563901888,142,0.07255471113655795,194,0.07068845194999451,59,0.10817082555344117,167,0.03553663275051533,30,0.11393364342523964,134,0.005249221574339158,20,0.126563245929872,79,0.22680447811724935,145,0.058252427184466014,187,0.2640296522245973,166,0.04341441027994493,195,0.12195688046180031,117,0.07738004282726964,191,0.028144856084893144,40,0.10149670276743213,151,0.006476003797030172,27,0.08988092676096991,127,0.001075249857443339,19,0.10223234678199172,95,0.1025591631912004,51,0.07886435331230283,55,0.25698331369195104,174,0.06237816764132553,164,0.11609722131202949,111,0.07970204841713222,181,0.04934822357043256,41,0.10714262381832793,145,0.01797363503986582,22,0.1348463476070529,110,0.0037267791492054947,16,0.18677516035154273,55
"(51, 84)",0.07046724747267197,97,0.08164499546416693,163,0.05093676965025218,73,0.0727526410205302,174,0.13060446126296021,128,0.07203831611171987,191,0.3050852752403348,196,0.047855704083501184,202,0.39862647094898684,205,0.02884353890993399,202,0.6354090694543548,211,0.013578419709074191,201,0.023203596793480497,58,0.19548872180451127,95,0.045092244095063294,57,0.10355987055016182,172,0.10168813528390475,99,0.08288984706823216,185,0.2017711590584519,184,0.07625586847458436,193,0.3024225761576992,210,0.055804943684680614,194,0.5639843041595156,213,0.02662258569688533,196,0.0593912032650048,86,0.09105221726580949,149,0.046063320227419435,68,0.07769619091326296,171,0.12809332523693517,125,0.07612411116669772,192,0.33688962298488945,198,0.04436996301953268,201,0.5385671214401417,207,0.020591593728083613,202,0.7230677270305775,215,0.011668950624974046,204,0.15049651811255693,62,0.0694006309148265,58,0.04831908567350607,63,0.1088833194096352,95,0.1343466595262537,130,0.07591620111731844,187,0.2538821993511102,200,0.0620643247728119,188,0.4020353117115584,214,0.04785894206549118,196,0.6032648399850102,211,0.03427107012031796,198
"(68, 54)",0.2651601726322548,151,0.09374055034774721,148,0.13263252909546863,123,0.07220450468407415,176,0.05118630487814313,46,0.11533764933997004,150,0.015048525692618941,26,0.14020509064273942,125,0.004590406305323036,18,0.1350619311985452,105,0.0012256727297528247,18,0.10431630015284292,85,0.48260356517911096,191,0.10902255639097744,156,0.18253604688859115,149,0.09095554420030659,180,0.0685494482543596,65,0.11425444420055045,149,0.026623670411096922,27,0.17001425733596606,109,0.012304130030838634,20,0.17476501451864226,93,0.003280097478375432,17,0.13890413281399883,70,0.2665828453651218,155,0.09997376016793492,136,0.14925664882232348,130,0.07324460761817347,176,0.053180668451698,46,0.11854529622194826,149,0.014085907562850997,30,0.131239422959559,126,0.001972808111992963,18,0.1335985031660873,100,0.0005348714854114256,17,0.12536854781778164,74,0.1437209804556745,61,0.06309148264984227,60,0.18821377943404038,147,0.08214981899192425,132,0.0577266793738217,48,0.11489757914338919,140,0.019418736952639515,22,0.15581412061384883,103,0.007895284295209026,18,0.18505289672544079,75,0.0026943612935708128,15,0.20897099917471446,44
"(68, 51)",0.04571174381191301,82,0.16843060175385546,90,0.11766605222724191,111,0.07514450867052024,170,0.24850940162752166,199,0.06811478881130037,198,0.4271502518912551,210,0.04596227797106757,203,0.579687626265793,216,0.02692063631593839,204,0.7120781032981965,215,0.012501663527808135,203,0.010023678778269485,42,0.3966165413533834,28,0.08103605527354141,87,0.11923011412025208,157,0.2061507575279533,177,0.07915519895865791,188,0.3450626199926158,213,0.07237835032481671,195,0.4550035043951144,216,0.05245656973394733,197,0.617206583946964,216,0.02424007174311681,199,0.04527326453012326,78,0.1805300446077145,71,0.10352498286572587,104,0.08274437815511702,161,0.24290648723458053,199,0.07144785895050164,199,0.4363712319708283,205,0.04178693840657401,203,0.6689610840823332,217,0.019158562614091813,204,0.7757110018605242,218,0.011075714700979433,205,0.10797969981643463,52,0.0694006309148265,59,0.07780937122535769,90,0.11027568922305764,92,0.23093460047012848,195,0.0723780260707635,189,0.39096070509145286,215,0.057275572135078105,194,0.5136846594938084,216,0.04601007556675063,197,0.6379423727942886,213,0.03377879450388753,199
"(80, 61)",0.030326168979336043,64,0.2582400967644391,42,0.06595904973621536,82,0.11172015148495117,126,0.08424672635969555,68,0.12116216929659474,144,0.17922574653029655,152,0.08636879692364036,175,0.2464986741583366,177,0.05338252301302355,185,0.29941287706778774,176,0.025406606524255245,180,0.04055097192239576,68,0.4022556390977443,26,0.0905862831974541,94,0.17424629535002556,113,0.09063920595593633,83,0.12453892522568295,135,0.1079640009093159,101,0.12895432283619573,147,0.16228088018451448,157,0.09150804421709527,163,0.2702024827612183,179,0.03911516822600867,171,0.0578271936389142,84,0.23720808186827602,45,0.07817742795896354,89,0.1070215695273061,130,0.08592204684228122,74,0.12412791245319038,143,0.18596264437975973,149,0.07900822411284816,175,0.30228478121038027,178,0.04354794197996289,181,0.36489595979642275,182,0.02472014095285554,180,0.025442703032770297,38,0.15141955835962145,36,0.07332682790002543,85,0.1570593149540518,54,0.09298532639282375,88,0.11495903165735569,138,0.1720539900613569,167,0.08558343731829852,164,0.195439645497006,170,0.0837934508816121,161,0.20100502917821295,152,0.06757206770237596,155
"(80, 52)",0.3258804201546124,169,0.11702449349863925,113,0.21166568243397132,152,0.07574247558301775,168,0.1771442426940637,175,0.09457485941959902,168,0.08298974550060911,88,0.11163889397546237,147,0.051892713657063494,65,0.08973637005436322,137,0.03626602073784124,61,0.05134957474180032,133,0.2828710612741867,166,0.21052631578947367,86,0.1671826442247002,144,0.14205416453755748,134,0.16710304512703322,160,0.1015661576104392,166,0.14373997789092385,141,0.11722035637374503,159,0.0939165145947286,85,0.10980810646746549,139,0.04417717872421356,61,0.07153341988908372,117,0.2306815393705175,147,0.14956704277092625,99,0.18755237336745512,145,0.07994492886645249,166,0.1744266175180047,169,0.09803174576594038,167,0.07907040375682639,91,0.10506939198305694,147,0.03556970588239616,60,0.08886818392422659,129,0.02324940987893842,55,0.06189230395035801,131,0.3517199267250153,70,0.06309148264984227,61,0.19657220494087135,152,0.11306042884990253,86,0.1636299306877521,157,0.09521973929236499,162,0.08741727031055113,78,0.10725368629423715,144,0.07391641935616278,72,0.1158690176322418,124,0.07107036071672046,79,0.09555938436590558,125
"(71, 53)",9.999999999998899e-05,19,0.0553371635923798,190,9.999999999998899e-05,13,0.06408212078931633,184,9.999999999998899e-05,11,0.07931944083089142,186,9.999999999998899e-05,11,0.10522981138985534,152,9.999999999998899e-05,11,0.06134883375957675,172,9.999999999998899e-05,12,0.027959365560739937,175,9.999999999998899e-05,16,0.043233082706766915,195,9.999999999998899e-05,11,0.06796116504854369,190,9.999999999998899e-05,11,0.08376019046244859,184,9.999999999998899e-05,11,0.13700762976263622,139,9.999999999998899e-05,11,0.07874865156418555,174,9.999999999998899e-05,12,0.03569309294035238,179,9.999999999998899e-05,20,0.06297559695617948,182,9.999999999998899e-05,14,0.06801284993116108,179,9.999999999998899e-05,11,0.08086734640479096,187,9.999999999998899e-05,11,0.10611513757987419,145,9.999999999998899e-05,11,0.059668276083824724,163,9.999999999998899e-05,12,0.030652500192801673,170,0.9999,225,0.0,205,9.999999999998899e-05,11,0.026733500417710943,201,9.999999999998899e-05,11,0.07939106145251396,182,9.999999999998899e-05,11,0.1131334644306088,139,9.999999999998899e-05,11,0.06599496221662468,180,9.999999999998899e-05,9,0.03619673650223696,195
"(54, 68)",0.03091623137116728,66,0.22013909888116118,55,0.07223049489426903,86,0.10564082120789317,129,0.07251380989975431,55,0.15452354591153641,118,0.2297414712316106,177,0.08276872367698224,179,0.3155472796638459,186,0.05787112706815042,176,0.43936902156370206,196,0.029169203966656853,172,0.009466033227127912,40,0.4238721804511278,20,0.030295722612904585,46,0.20269119400442856,90,0.07292799775936154,67,0.15365321650981553,111,0.1490122551991191,147,0.13939379477787786,135,0.21936580429301755,191,0.10542738165663315,143,0.39378580826994813,202,0.044915295828815927,159,0.04193995657099037,75,0.21044345316189975,55,0.07774080289848695,88,0.10348783845800825,133,0.07217230357022464,56,0.1599219647794898,118,0.24426766308020842,177,0.0727403482959625,181,0.4187555332983032,196,0.04008689333539258,186,0.5468974705075447,199,0.024322672883779147,183,0.052734375,43,0.0946372239747634,49,0.03005829123542647,49,0.18267891952102477,41,0.07941690554390846,68,0.14376163873370576,110,0.2030953578673984,182,0.09941398211240828,150,0.3017810424088857,203,0.08127455919395467,164,0.5055108611051244,208,0.04633182272286331,182
"(54, 105)",0.3230338148658667,167,0.10069549440580587,136,0.19870618677161467,147,0.07539366155072753,169,0.19815118840045254,189,0.11052724534579644,155,0.058202252670823684,66,0.13080754440578649,132,0.03252192763642969,52,0.12343111750857752,110,0.013784855410853059,39,0.09248408054297548,95,0.49016414428766497,193,0.1137218045112782,153,0.32602875410364573,192,0.0918071878725941,179,0.1973442646409771,176,0.11026345156393186,152,0.10371670368734709,95,0.1572900323921901,117,0.06252329583855887,53,0.1601999744812147,101,0.019040403833141317,34,0.12328840465259466,83,0.27788650470753695,158,0.11204408291786933,126,0.18833740052355896,146,0.07705369435520881,172,0.19882048829615728,187,0.1140804591686151,153,0.05268866243625725,64,0.12128999482075525,136,0.015975047225572192,42,0.11908083460137177,108,0.006050677640603741,36,0.10915541001500886,87,0.244140625,69,0.056782334384858045,65,0.32719049063026107,186,0.08242829295460874,131,0.18535141590203996,175,0.10837988826815642,147,0.07003383637953053,62,0.14176798395473877,113,0.035690872210023095,36,0.16557682619647354,85,0.008414247976484934,23,0.18146147943301433,57
"(57, 106)",0.02774995772295452,62,0.25279709706682796,45,0.027814939419392393,52,0.20106637432728725,78,0.10513716759138259,101,0.16579086801869466,109,0.23660054965601585,179,0.11859732649697857,142,0.20193102205713942,163,0.08753876708979681,139,0.19779314683491,154,0.04073122633253618,150,0.03703703703703709,66,0.2800751879699248,53,0.04025661696313443,51,0.26622381195707717,65,0.08486889553066046,78,0.1584623626369409,108,0.1365751420074458,133,0.1448581126627812,129,0.14724212021894933,148,0.11058140299188425,138,0.14647301029632165,134,0.05443196673403738,139,0.029999136110978153,63,0.21595381789556545,53,0.029399391316160317,53,0.18627810922441487,83,0.10692668950079098,99,0.16836391875796733,114,0.2676340878508159,184,0.10171442898001867,150,0.25967340458777943,172,0.06498517597672718,157,0.26187983072193066,161,0.0397468069076391,158,0.9997000299990002,200,0.0,206,0.047518457241638945,62,0.11278195488721804,87,0.07435755359049101,61,0.1669776536312849,97,0.140956196693096,137,0.1265262924078998,125,0.16877785258537203,157,0.11704282115869018,122,0.22705121478605628,161,0.08976790652554767,132
"(57, 58)",0.33897001534328586,171,0.10976716056849108,123,0.33862574106537335,181,0.08740283037671916,151,0.14721907768592868,142,0.14819196797368617,124,0.05552506537171531,63,0.19227247756821095,103,0.07060905626854819,78,0.12425521862028992,109,0.07269725682604222,88,0.05686240507809507,123,0.2962962962962965,168,0.1400375939849624,135,0.28394967975312,187,0.13881791858286494,139,0.17612754369732153,165,0.12423192579209691,136,0.11409807951471451,109,0.1538062314699373,120,0.10511875943337234,95,0.12372744390700337,122,0.10573539064112225,110,0.06067825799859905,130,0.32748131471938835,170,0.09734977696142744,139,0.330461532704604,180,0.08315741165672326,160,0.14500308096040704,144,0.15210797663129824,125,0.04495206412931063,55,0.18435142330264276,102,0.047444582167240235,66,0.11452349183602681,110,0.046739662861142506,76,0.070595074955359,122,0.9997000299990002,201,0.0,207,0.259444156683589,175,0.06404901141743247,161,0.1945990257326835,183,0.12116759776536312,132,0.11029582105518143,107,0.1373058856579145,117,0.0895335168905047,89,0.14458438287153652,104,0.05929030651452516,69,0.14044333762867942,92
"(58, 57)",0.016861519792947366,56,0.3235560931357726,36,0.030256242475264594,53,0.17734702013155274,85,0.09058380226210816,83,0.1562327301179147,116,0.21369010145125045,169,0.11664530305804797,143,0.19324631669775305,159,0.07810555636439553,150,0.22380648688046667,162,0.03548859324022954,161,0.01960499612791544,55,0.38439849624060146,31,0.041864548304332505,53,0.24271844660194175,71,0.07955348302336451,70,0.14618238529349914,115,0.12639786658685326,123,0.13362524085353122,143,0.14340440389556863,143,0.09962765772349237,153,0.16067515185569214,144,0.044317436522065025,161,0.01957462504740093,56,0.27027027027027023,37,0.03349148242967703,57,0.16122074346030288,97,0.09258827824351923,86,0.1569223813301572,121,0.24246450347896875,176,0.09907532337290892,153,0.24533349239897306,167,0.058232713112741065,165,0.31216602659367776,171,0.03262797581970373,168,0.9997000299990002,202,0.0,208,0.05221052744095256,67,0.10498468393205235,101,0.07021347325957228,59,0.1563631284916201,104,0.12105645572021795,118,0.12423971202153304,127,0.14632921525317677,142,0.11637279596977329,123,0.20039539322957467,151,0.08929010960371814,133
"(58, 107)",0.4111203280755005,176,0.11158149380102812,120,0.3262213155237552,180,0.08027705800279052,159,0.16718637708562567,159,0.12736650796574794,139,0.06503584169230625,73,0.17341146310199596,114,0.07507379420398974,82,0.10704249340032361,122,0.060632288629737685,77,0.05484600773490021,127,0.38958824366800304,181,0.1419172932330827,134,0.2781527678619624,184,0.12910918071878727,147,0.18511134952511554,172,0.11031564146764147,151,0.12361247783866713,120,0.13462146474739461,140,0.10824173735353759,100,0.1094214582052561,140,0.09503978209689534,101,0.052794546095398714,142,0.3898112207350046,177,0.09971136184728417,137,0.31119991578277173,176,0.07668655346489214,173,0.16421017007548877,156,0.1296393592236668,138,0.053341479885792964,67,0.16411937994213763,114,0.05230680107713237,71,0.09747649803654483,119,0.033273595854255045,67,0.06881536718337515,125,0.9997000299990002,203,0.0,209,0.24560351434666572,171,0.06265664160401002,163,0.20273058229563112,185,0.10980819366852886,145,0.12902827101751202,125,0.12162647729425675,129,0.10585118473307897,103,0.12963727959697732,113,0.07137593674166731,80,0.12596464302778462,103
"(107, 102)",0.5367855693744227,190,0.06864227396431812,178,0.3211561509801434,178,0.07270281044448874,175,0.1788675944082767,176,0.10717154702060706,156,0.0818855804216595,86,0.13916865043032411,127,0.06986235273245445,75,0.10264728747119081,125,0.06288997805470786,79,0.048663733480664766,137,0.5275471690955558,195,0.08552631578947367,170,0.2976680362359466,189,0.11020269119400443,165,0.21256571713717265,183,0.08769899319535755,180,0.14785085129544906,145,0.10827223756658892,166,0.11648030990981939,113,0.0935688794546713,160,0.08722782942048235,96,0.048332909477854666,153,0.5090290209713657,189,0.06140120703227499,183,0.30346207333134745,175,0.06870123910050481,178,0.17322675400999565,167,0.10856901239813871,157,0.06898854807172583,80,0.12991987015600412,129,0.048126636192630134,68,0.0930027065552312,124,0.033283724137693094,68,0.061299068026363396,133,0.9997000299990002,204,0.0,210,0.22380648688046667,164,0.06126427179058758,165,0.20881794030665712,187,0.09608938547486033,160,0.14645354716878844,142,0.10256946304559442,146,0.1176461742085797,108,0.11133501259445844,129,0.0828379954314975,85,0.10617226750836145,119
"(107, 58)",0.006570065694034621,46,0.2978530390081645,37,0.03131153316670243,55,0.15796292605142517,92,0.08320443650895148,67,0.1383166814479449,129,0.18108519148176827,154,0.10681926387108588,150,0.2034445686565075,166,0.07188084596726121,157,0.21852188084476187,160,0.03212927526646691,167,0.007076021632425933,38,0.3599624060150376,37,0.036695684014796726,50,0.22142735479475387,80,0.06554680636387744,59,0.12981010550035535,132,0.10463392755857637,97,0.12149755716356564,157,0.1339253147521603,132,0.08931574857036806,166,0.1723518987725967,148,0.03851730891925776,173,0.008187492459317713,46,0.24324324324324323,42,0.03528811773834328,58,0.14075263882514916,107,0.08667434173660626,76,0.13675630530024094,133,0.20523919945262947,159,0.09033328604935786,161,0.25757091454120884,170,0.05316899892902446,169,0.31212098004789457,170,0.029068560275736056,172,0.9997000299990002,205,0.0,211,0.060632288629737685,73,0.09468114731272625,109,0.06728265087866547,57,0.14016201117318436,113,0.10575105436989662,102,0.11432901931833772,137,0.13265406122401868,137,0.10696725440806046,134,0.17947956078152028,146,0.08205076230327076,139
"(61, 99)",0.01974216729512568,58,0.2939219836710009,38,0.056095899383980186,76,0.12019134941199922,121,0.0882832153956351,77,0.13185976333496022,136,0.2113330112260453,168,0.08954403955319538,171,0.28729568538306727,181,0.054849422991871614,183,0.35282368875211023,184,0.02500332705561627,182,0.026502375587159843,60,0.46240601503759393,15,0.06934365852893065,78,0.19076818259240333,101,0.08502339062097297,79,0.1336475984201809,128,0.11595853803293876,111,0.13392351148043644,142,0.17591372692266694,170,0.09395552771688068,159,0.2940600015553616,184,0.03940963624276657,170,0.03966593770961224,72,0.2692206769876673,38,0.06533137813123702,80,0.11541991739329968,122,0.08586912273559943,73,0.1352219754549089,136,0.21805127620901388,166,0.08087869021188719,174,0.3439245052332186,181,0.0443910503915517,180,0.4078615779756468,186,0.024322672883779147,184,0.01916398210728376,36,0.1640378548895899,33,0.06021775755878467,72,0.16847674742411584,48,0.087662435037966,78,0.12402234636871508,129,0.1845358181482204,175,0.08961435188512219,161,0.21414589657410954,184,0.08580856423173804,158,0.24213749215962665,167,0.06563192262585606,157
"(61, 80)",0.3885850788699584,174,0.10885999395222257,128,0.2351084537577266,158,0.07454654175802272,172,0.17070202396240552,165,0.10584218152675728,159,0.06611215656774294,74,0.13190624427760483,130,0.03935719604271393,59,0.10639969453318793,123,0.025251757463023994,53,0.06022172305185771,121,0.34573333414888063,174,0.19642857142857142,93,0.20450678315283333,161,0.13302674161130984,143,0.17587645297607168,164,0.10489096147617608,160,0.13449963855898317,131,0.1274629697016697,149,0.08500043497988996,72,0.11973336735838042,125,0.03760035524151262,53,0.07822587481539979,113,0.28613846604594273,161,0.13933350826554708,109,0.21303857276294225,154,0.0778338687471317,169,0.17451150010177086,170,0.1067541911486123,159,0.06309548745448401,75,0.12227965942342141,135,0.026830700345813807,57,0.10388969205022192,116,0.017253098626320407,50,0.06980607117644616,123,0.3928574422132878,72,0.05993690851735015,62,0.2248002975408343,165,0.1086048454469507,96,0.17166959860072528,166,0.09913035381750467,157,0.07988203240221603,70,0.11846446327425246,133,0.06482997729114537,60,0.1277934508816121,116,0.05346079430278872,63,0.10859020950671089,117
"(99, 86)",0.011132670285261104,52,0.36710009071666166,27,0.04813671099959749,68,0.13055610922862268,113,0.07945020445830897,62,0.1480020586174219,126,0.2287238896406898,176,0.09192455594213514,168,0.2858897559432294,180,0.061991632626712416,171,0.3476030296892547,183,0.029572483435295824,171,0.013840602079892683,51,0.5949248120300752,7,0.05330568797654456,64,0.2164878214954863,82,0.08028196822754885,71,0.1443925785956925,117,0.11293486798253993,107,0.14664773642421242,127,0.16612715626747165,161,0.10736062296768008,141,0.30394556964194264,189,0.042831711528422856,162,0.025391164824887014,58,0.3290474940960378,30,0.05734715385425404,75,0.12400183570445159,116,0.07529579715900514,58,0.15350206077453307,124,0.2380397856042541,174,0.08258091332847299,169,0.3631934169799391,185,0.046839356199378686,174,0.452362338993076,192,0.02472014095285554,181,0.016926440684658428,34,0.17350157728706625,32,0.048737175420679346,64,0.18629908103592313,40,0.08581444063828125,76,0.13072625698324022,126,0.1799717380614323,172,0.09908732777149874,151,0.2269810000000001,188,0.08900251889168764,152,0.3351000313240402,182,0.054541242561570655,171
"(99, 61)",0.4685750132751936,182,0.10553371635923799,131,0.25754009236383313,166,0.07464620291010564,171,0.18529284090665032,180,0.11160403139581476,153,0.05861122406604735,67,0.1447244094488189,123,0.039732611753041214,60,0.1196787104465804,116,0.02616701571388258,54,0.07003754531853028,114,0.4388096056622679,183,0.18796992481203006,99,0.24256275276805206,173,0.13064213932890478,145,0.18383896620798534,171,0.10954814288367637,154,0.137895211068217,135,0.13720448837639368,138,0.09129109518583878,81,0.13107376088898168,117,0.03517311549125646,48,0.08789424136561774,110,0.35201707111375447,175,0.13697192337969036,111,0.23189445230804118,159,0.0778338687471317,170,0.19283005386187213,185,0.11219656167775724,154,0.054980382796284255,68,0.1345943859625973,124,0.023522493702411662,53,0.11663506065063664,109,0.012544085488974455,45,0.08167078965633841,112,0.4105753854658164,74,0.05993690851735015,63,0.25571518641405877,173,0.10721247563352826,97,0.1745992678285938,167,0.10316573556797021,150,0.08254466660812965,72,0.128486218453357,124,0.05931900000000001,55,0.13920906801007554,107,0.028488857200534623,51,0.12403897664586562,106
"(98, 62)",9.999999999998899e-05,20,0.10250982763834292,133,9.999999999998899e-05,14,0.06089296392266295,185,9.999999999998899e-05,12,0.09780331847609136,164,9.999999999998899e-05,12,0.12738692547152536,135,9.999999999998899e-05,12,0.07361969931297438,153,9.999999999998899e-05,13,0.031992160247129656,168,9.999999999998899e-05,17,0.10714285714285714,157,9.999999999998899e-05,12,0.0807358201328564,182,9.999999999998899e-05,12,0.08616399602742733,181,9.999999999998899e-05,12,0.10558780192444209,168,9.999999999998899e-05,12,0.0773296524418771,178,9.999999999998899e-05,13,0.02721598336701869,195,9.999999999998899e-05,21,0.08790343741800052,152,9.999999999998899e-05,15,0.06048646167966957,187,9.999999999998899e-05,12,0.10626647102042355,160,9.999999999998899e-05,12,0.1288774234411958,132,9.999999999998899e-05,12,0.064309170133201,158,9.999999999998899e-05,13,0.034603451446605794,166,9.999999999998899e-05,18,0.13564668769716087,41,9.999999999998899e-05,12,0.07713728766360345,140,9.999999999998899e-05,12,0.07144692737430168,191,9.999999999998899e-05,12,0.06990402895464078,184,9.999999999998899e-05,12,0.05222670025188917,189,9.999999999998899e-05,10,0.026061650281610612,201
"(63, 87)",9.999999999998899e-05,21,0.07469005140610825,168,9.999999999998899e-05,15,0.06477974885389676,182,9.999999999998899e-05,13,0.06906433559262164,197,9.999999999998899e-05,13,0.06885185863394983,192,9.999999999998899e-05,13,0.05759642669757961,177,9.999999999998899e-05,14,0.04315090314437002,147,9.999999999998899e-05,18,0.06109022556390977,189,9.999999999998899e-05,13,0.06404360415602112,193,9.999999999998899e-05,13,0.061757541057336746,199,9.999999999998899e-05,13,0.06482613805157696,200,9.999999999998899e-05,13,0.06547115023991526,189,9.999999999998899e-05,14,0.049225236801363474,150,9.999999999998899e-05,22,0.08108108108108107,160,9.999999999998899e-05,16,0.06480036714089031,182,9.999999999998899e-05,13,0.07416904421507411,197,9.999999999998899e-05,13,0.0600957335558979,192,9.999999999998899e-05,13,0.04666972177422418,175,9.999999999998899e-05,14,0.04983181761554752,148,0.9999,226,0.0,212,9.999999999998899e-05,13,0.050403787245892506,173,9.999999999998899e-05,13,0.07275046554934823,188,9.999999999998899e-05,13,0.047475941907792016,200,9.999999999998899e-05,13,0.060619647355163724,186,9.999999999998899e-05,11,0.06418405316576659,159
"(65, 85)",0.22042091683186738,140,0.12367704868460841,112,0.12703476715869533,120,0.18825991628463226,82,0.09609744185421354,91,0.29720814255355915,65,0.0832032424535637,89,0.29628273210034795,62,0.15728782596395097,143,0.18423329753071838,79,0.16218608669379653,143,0.09571031629208726,92,0.3090350024656858,171,0.1400375939849624,136,0.1913533656586739,155,0.24799863737012434,70,0.07840455943190383,69,0.35345919286778915,36,0.12264914187300135,118,0.3568330817917713,47,0.16858259828139055,164,0.22722158425258956,78,0.17918484233708531,149,0.09919556691785682,104,0.19654444703953244,140,0.12411440566780371,120,0.12816847708571955,122,0.18737953189536483,82,0.10033685961944117,96,0.2971680834273538,68,0.08358217649999333,94,0.28562710097547944,61,0.15459222072211887,135,0.16727220248780278,81,0.16826022696947496,142,0.09867293123802405,97,0.9997000299990002,206,0.0,213,0.1875373551954571,146,0.08799777220829852,123,0.07518688221203451,62,0.2962141527001862,48,0.15783292235746638,153,0.2376932977062332,69,0.14717707318696294,143,0.17145088161209066,82,0.10599629269173949,104,0.1568476986114932,76
"(65, 96)",0.06206817264426823,93,0.18869065618385245,75,0.12298707747285931,115,0.1903029699023321,80,0.15918434055705744,151,0.25118740825004227,79,0.17886958333270297,151,0.22956601355063178,84,0.09746394469255815,97,0.21609854051693114,69,0.09398237347267213,101,0.1148015663374562,76,0.03398484630558074,64,0.29229323308270677,51,0.07608948759273138,82,0.3372508942258559,48,0.18714601979854373,173,0.26448001203437776,69,0.1273807076209026,124,0.3523590223881932,48,0.08966157936913577,78,0.2804475840283336,59,0.08301423197571256,95,0.12819620493189313,78,0.07334121354469514,94,0.17239569666754131,79,0.12188417701960863,111,0.190546122074346,80,0.15340575625827102,147,0.2579537105454302,78,0.17824008756641463,145,0.22190589609181446,87,0.09944780074850601,105,0.19377061881119184,73,0.08987349891972984,99,0.12161336441889574,76,0.9997000299990002,207,0.0,214,0.07818580871876712,91,0.11779448621553884,79,0.19303409580345687,182,0.21632588454376164,77,0.09706874468411297,92,0.27950505334265385,52,0.10517073450808245,102,0.19177329974811083,72,0.1461492984662176,132,0.14092113455050895,89
"(85, 65)",0.035777124012280614,71,0.19443604475355308,71,0.026676207972646138,51,0.2205501295594977,71,0.06611744628708194,51,0.2661256782137885,74,0.1450033067506672,134,0.2044790331441128,97,0.07053363635533016,77,0.2113352360912335,71,0.06904658072117331,84,0.10512285909012087,84,0.020197237966114723,56,0.3139097744360902,49,0.027144352557725293,44,0.3571793561573838,41,0.04399322769413705,40,0.27916532993996623,62,0.08458164140342905,72,0.32670774847434575,60,0.06844512083336529,59,0.27426121183298346,63,0.04843090660401317,64,0.11823337036491727,87,0.04252260451041201,76,0.17764366308055626,76,0.02453084303778441,49,0.22455254703992655,72,0.06362444193182348,53,0.2778392951711521,73,0.16491828613453996,141,0.19215987701767873,98,0.08262847145776919,94,0.17925548210356815,79,0.07267413288620694,86,0.11845141694400445,79,0.9997000299990002,208,0.0,215,0.019654047320162404,38,0.12280701754385964,75,0.05292013825024089,46,0.2317188081936685,74,0.07902697072262521,69,0.2666610046580909,57,0.06895694437515543,65,0.1889168765743073,73,0.043656104450547795,56,0.13320399032823202,97
"(85, 105)",0.3014234922883714,162,0.09555488358028424,146,0.34477300819837475,183,0.09398046641419175,144,0.21132153311215918,192,0.18066646789487378,104,0.10692650520702007,103,0.22633217359457974,88,0.2020830691483556,164,0.14879694972708518,98,0.20511921594556148,156,0.07312666604830483,111,0.38530207141631667,180,0.1174812030075188,151,0.3422160749632239,193,0.15346618974621018,125,0.27081902607943964,199,0.15232237396522003,112,0.1765958470218637,170,0.2556179272577595,80,0.20636830745664314,185,0.1898442967448083,89,0.25664301986632143,176,0.06781687658666953,122,0.27584555377361164,157,0.09525059039622145,141,0.3570630984625862,185,0.09196879302432308,149,0.21684777063678173,191,0.1846219541040707,105,0.0921065185955472,98,0.2333398211346175,77,0.17983091110799598,146,0.13832294849949492,95,0.19783822189862554,153,0.08483273713122971,106,0.9997000299990002,209,0.0,216,0.3892287867660621,196,0.045391255917571705,179,0.24362558329435668,196,0.139292364990689,117,0.18603948083979827,176,0.20045470284254605,84,0.2053045886289111,179,0.1313198992443325,111,0.2719558772991051,177,0.07239347300447392,147
"(69, 87)",0.041564469129405035,79,0.1563350468702752,98,0.060751951287926764,80,0.20908909706996215,76,0.07039404066958244,54,0.2540987186815733,78,0.07771550974422159,82,0.2299945065006409,83,0.13630888414046083,128,0.17297058233731558,86,0.20527249647834078,157,0.1211169228163425,73,0.07579302772841112,89,0.17293233082706766,111,0.09316844663667467,97,0.22449327201498892,79,0.07745961138510138,68,0.27036365617905433,67,0.08157920664529017,69,0.31039831059516926,66,0.10715021818158199,97,0.2743926722421346,61,0.19502585425116825,154,0.15675067928417502,60,0.04444795748492014,77,0.17029651010233535,83,0.0720401585405589,85,0.23010555300596602,68,0.07715371112304259,60,0.24462827562676226,85,0.08034319919948096,92,0.2194845166972913,88,0.16811271476645162,141,0.13368205445011863,99,0.21773356452517845,156,0.1077731703121014,90,0.9997000299990002,210,0.0,217,0.08540924742569822,97,0.20913394597605123,36,0.09840128960026262,93,0.24761080074487896,70,0.12697381834565724,124,0.227135829408037,75,0.15979864214174255,154,0.18723929471032746,74,0.2129109071925881,155,0.14816048185095634,85
"(69, 66)",0.2792172071561143,154,0.08285455095252495,161,0.22352099032484085,154,0.13543950568068566,109,0.20236498295089422,190,0.178704704244664,106,0.18838303329761108,158,0.17121406335835926,115,0.11433457479987852,112,0.18340919641900597,80,0.06897245301016319,83,0.17421673045203595,52,0.19190284790174195,147,0.1268796992481203,147,0.1633633383299541,141,0.18616930676205076,103,0.18884568699472248,174,0.20088047437552478,83,0.18160637883873898,173,0.2377216896434473,86,0.14472958450817952,146,0.2482281843384255,70,0.0741331885751042,88,0.2163893759508863,41,0.26929972202796326,156,0.09341380215166623,144,0.19908044377550493,148,0.16397430013767783,94,0.18940107802751083,183,0.18134187925054374,106,0.1837326359836685,147,0.166593541448803,113,0.08997067174184337,98,0.1646542622548213,82,0.06323465021397234,81,0.16274241102944229,65,0.9997000299990002,211,0.0,218,0.175251709706149,139,0.164578111946533,52,0.15600580225503768,151,0.21235195530726256,79,0.12304674383084269,119,0.2295269391834948,73,0.09565988165478267,91,0.2221662468513854,60,0.06538946325815298,76,0.2195983610117712,40
"(81, 70)",0.009936432899627867,51,0.33897792561233747,32,0.021336193180482188,48,0.2566772971895555,59,0.1055030251541953,102,0.2163067567849865,86,0.32624164076486617,200,0.12335835927485808,137,0.3256419701491682,191,0.09110987190721721,135,0.40668224883380566,192,0.05068013082385963,134,0.07538374867263231,88,0.2274436090225564,77,0.07064962366327321,79,0.2013285641287685,93,0.08875955793255907,82,0.17790617176311307,99,0.17496442792593037,169,0.14406471279521335,130,0.17357156240250093,169,0.12617492740678876,120,0.2750531650388529,180,0.06261014665399563,124,0.013052239856384817,52,0.3067436368407242,33,0.025421936562521452,50,0.2619091326296466,58,0.09280166545663437,87,0.24644100365685434,84,0.3195948283650364,193,0.12387301943371391,134,0.34589123499514984,182,0.08194861849217784,138,0.37081542919339516,183,0.06525595163940746,129,0.9997000299990002,212,0.0,219,0.10264002455136123,104,0.12809802283486493,70,0.08974559809670302,81,0.1734320297951583,93,0.16061480331714595,158,0.13000842768199547,123,0.18640408649347828,165,0.11116876574307304,130,0.2082393970855263,154,0.10279873166635298,123
"(81, 83)",0.48376251726867503,183,0.09283338373147869,149,0.37737365360385944,187,0.09851504883396453,138,0.14676216732507152,141,0.19377021347710738,97,0.030252078176635666,38,0.2725398278703534,69,0.030375174303467367,47,0.2008966220095431,76,0.01739681036483398,45,0.14491041146604183,65,0.19266553334330527,148,0.16635338345864661,114,0.20184931420347052,160,0.1418838358031,135,0.16996510298343737,161,0.1432658906744317,119,0.08558737957580131,73,0.18283989429288983,104,0.08645734951060202,73,0.15917149010373774,103,0.04275104158794729,59,0.11644871571789964,89,0.44691103395051657,182,0.09446339543426921,143,0.35183958771950397,184,0.1090867370353373,126,0.1638979537325277,155,0.20387957289950664,95,0.03164397872825808,45,0.26776035601534637,70,0.026473896563715904,56,0.19301106168363436,74,0.022322758861764602,54,0.16650352678756813,64,0.9997000299990002,213,0.0,220,0.150392151598861,132,0.11278195488721804,88,0.1684546793402839,163,0.14059590316573556,112,0.0950823181372773,87,0.15483415759112024,105,0.07882125089605685,77,0.14811083123425692,99,0.06755518002950422,77,0.1496083513110458,82
"(108, 77)",0.03548865491381137,70,0.4021771998790445,25,0.03785041320555904,61,0.6376320510265099,4,0.09427641255242425,87,0.6022652388015199,7,0.18735144911481316,157,0.5127888665079656,17,0.2144887932260673,169,0.4191927654910407,20,0.3023015720318303,179,0.3722269495537713,15,0.09295441533004545,100,0.42105263157894735,22,0.07936955035700155,86,0.5053653551354114,10,0.11351763126559966,113,0.57946143089366,8,0.14390442730624176,142,0.6330316823059899,13,0.12856650013892135,128,0.6368096878588579,9,0.21729082904026886,166,0.5468494153025213,11,0.03527832307813661,66,0.3946470742587247,23,0.04061632638386692,61,0.6490592014685636,4,0.09947661682423925,94,0.6032658409613738,7,0.21658023192366815,162,0.4581058479281372,23,0.29109359333231,175,0.3070307139583814,30,0.2916477319141171,167,0.2978044338452959,25,0.14117430104940643,60,0.694006309148265,8,0.08584326892523453,98,0.5168476747424116,6,0.09932293256909397,95,0.6562998137802607,5,0.18049849790252437,173,0.49390136345521896,16,0.20640660167934044,180,0.4204886649874055,16,0.23958854183898748,165,0.3971940289863466,15
"(108, 73)",0.3026226962080657,163,0.19685515573026913,68,0.29307804474468446,172,0.32230416583615706,40,0.16176385235799384,155,0.5030698847440117,17,0.07828963868994343,83,0.6858926936458524,4,0.06467558323324374,72,0.6251273922968522,3,0.03556567416433709,59,0.7596454366911727,4,0.16367499514551898,135,0.34868421052631576,39,0.18543476628803657,151,0.3808550502469767,37,0.13723167756139543,128,0.54395234140793,11,0.10782822619254961,100,0.696957043064313,3,0.12150007507219962,117,0.648923377913878,8,0.0634291429914603,76,0.8243632129137611,3,0.30350319143956506,167,0.1926003673576489,66,0.28263265837721396,172,0.33997246443322626,36,0.15455355866231324,149,0.5208620714918165,15,0.06374269530625665,78,0.6886977003493516,3,0.03836086764505797,62,0.6033415449898346,3,0.038217636030941304,71,0.5863128607615963,6,0.11011081720995275,53,0.7539432176656151,4,0.17455298855535695,138,0.40796435533277636,9,0.15475991525619326,149,0.5661080074487895,11,0.08223208490181821,71,0.6418757798872389,4,0.06842677514889872,64,0.6075566750629723,3,0.05440066541201216,65,0.6510634601184359,3
"(92, 91)",0.7606208246222459,206,0.016026610220743878,205,0.6178820176798558,206,0.013454255531193941,211,0.41588940757625403,212,0.02361143026433483,212,0.1017551029881294,99,0.0372935359824208,206,0.058761161529002126,68,0.02994234039221719,200,0.019045245102716546,48,0.015860981501570774,198,0.7914531250000001,213,0.008458646616541353,212,0.5604897136369733,213,0.016351558507920284,213,0.4382014697866238,212,0.017396122904153242,213,0.23042491999398917,199,0.024159920779321494,211,0.12703968318768977,123,0.02345795006824342,211,0.03703703703703709,51,0.021415855764211428,201,0.7591848938262558,206,0.015219102597743374,206,0.6044646520313997,206,0.012895823772372647,212,0.43869109994045696,214,0.024699989324580885,212,0.0919148946667312,97,0.03469434208746656,205,0.057089318051664395,75,0.027766876726410056,197,0.02481192129629628,56,0.020170021415816853,194,0.9997000299990002,214,0.0,221,0.5132768073926125,211,0.01670843776106934,209,0.3952675035986959,213,0.01973929236499069,213,0.2037035462456549,183,0.019272606113662643,211,0.09617588185885761,92,0.025022670025188917,206,0.03166521396193045,53,0.026061650281610612,202
"(92, 75)",0.0006623947337098812,26,0.16782582400967644,92,0.0032595785790565657,31,0.07728722344030298,164,0.016302807633529426,22,0.06950682439271735,196,0.15153994648968117,139,0.03265702252334737,208,0.22835276000213256,173,0.019044976691673557,209,0.3937493358155847,190,0.005778994785596471,209,0.000421875000000016,23,0.10432330827067668,160,0.005405697263100029,23,0.07681825924033385,184,0.01390142805089356,21,0.05495289861190206,203,0.05792931553854186,45,0.038280052257013836,209,0.12298226655700262,122,0.023713137921301614,210,0.2962962962962965,187,0.010707927882105714,209,0.0006755843837642495,26,0.15822618735240093,92,0.003686556230545035,31,0.0705828361633777,177,0.013852436711214278,22,0.0781461611402185,190,0.1652011983063325,142,0.02853532937687418,208,0.23255048172972703,163,0.017386262649791,206,0.355396412037037,181,0.008305302935924587,208,0.9997000299990002,215,0.0,222,0.00792053038511642,25,0.06711222500696185,155,0.01884467044555982,22,0.05443761638733705,200,0.06973548641666305,61,0.027550027112310294,210,0.15907458024935228,153,0.021158690176322416,209,0.31949564151564847,180,0.012060752602545357,209
"(97, 76)",0.15267616039231813,125,0.19806471121862715,67,0.07434758439569744,89,0.4726928443292805,16,0.12428024146065286,118,0.5110460777071104,13,0.22394062214563193,173,0.4494305072331075,28,0.19898988598388878,162,0.4460227506846907,14,0.3118998852508803,182,0.377336500421427,14,0.1699113339897873,138,0.2763157894736842,55,0.1199934541441201,116,0.3571793561573838,42,0.1348344226854714,126,0.5041437248548276,19,0.16805600926438924,164,0.5659207912523191,16,0.12761989996502998,124,0.6270158873770942,12,0.2443670914832583,174,0.5031253764505896,12,0.15181355431761667,122,0.19023878247179216,67,0.07859046282124638,90,0.488572739788894,15,0.13287274522683346,129,0.5016756221571463,18,0.26378805717296494,181,0.39080865494683853,31,0.27770008173267957,174,0.3211230305316647,27,0.3251934802171419,173,0.2724910569684457,30,0.20134454303840887,68,0.4700315457413249,14,0.11337889318962735,109,0.3996101364522417,10,0.10407286517729886,102,0.6309124767225326,7,0.20697973525513103,186,0.45992931200062714,18,0.23038777374118302,189,0.38774307304785893,19,0.2894503259697647,178,0.33687578727901896,19
"(97, 77)",0.10088848667390438,107,0.22739643181130936,51,0.19461795951104244,145,0.3429838548933626,32,0.1257225321356974,123,0.5090843140569007,15,0.06057615673667893,70,0.6949276689251053,3,0.07208616104519106,79,0.6256767930379938,2,0.03333347913162421,56,0.7951340299314021,2,0.08879443485572991,96,0.3430451127819549,42,0.13014390461055003,123,0.3476409470277636,44,0.11565579027183048,115,0.5305978660469371,14,0.09000805993287031,79,0.6968615964637035,4,0.12241620348572879,121,0.6357773369987588,10,0.0526529142428549,68,0.8392338477600354,2,0.1015455687326261,111,0.21752820781946994,51,0.18681444572612993,144,0.3660853602569986,28,0.11744453805240973,113,0.5227459689826744,14,0.04613881658806984,59,0.6988120725885997,2,0.041992835910847015,63,0.6027516222874316,4,0.030467554214272385,65,0.5999572870134724,3,0.07090082733196168,45,0.6656151419558359,11,0.13738924489640647,126,0.3748259537733222,12,0.14855974758238033,140,0.5603351955307262,12,0.06815286450303715,58,0.6660482011145445,3,0.05794411416113354,54,0.6142720403022669,2,0.03878879729200557,55,0.6583028074188833,2
"(77, 108)",0.2818898399347296,155,0.1832476564862413,81,0.31067137627577945,177,0.3086505880007973,45,0.18606327829095182,181,0.48357189113636057,19,0.09306252805869009,96,0.6667277055484343,5,0.08251185677167427,86,0.617801133413729,5,0.04046316502327252,63,0.7608552750970896,3,0.15793733836100543,133,0.31954887218045114,46,0.200168075403656,159,0.34610798841764606,45,0.15795566480377143,150,0.511461056354351,16,0.11827616903901439,113,0.6790608054500009,6,0.14179073331447012,141,0.6310099639257172,11,0.07240346378974627,84,0.8088947187607358,5,0.2863543109948916,162,0.17790606140120702,75,0.29791335900686056,174,0.3273519963285911,39,0.17853011160366206,176,0.501884944100575,17,0.0764476003290212,88,0.6696730478040992,4,0.04968095889846058,70,0.6008932391820077,5,0.042232691664873756,74,0.5877010328237436,5,0.08953564659571378,48,0.7287066246056783,5,0.197360460318308,154,0.3742690058479532,13,0.18518811450256156,174,0.539975791433892,14,0.08981056863327419,80,0.6338204838404097,5,0.0734225159522145,70,0.5969773299748111,5,0.05357343092970379,64,0.6269274762187442,5
"(77, 97)",0.04082064560246046,78,0.3489567583912912,30,0.03361127701022659,56,0.6477476579629261,2,0.07901352448532362,61,0.643350228935729,4,0.1635174600375363,144,0.5525251785387292,11,0.18002691820903882,153,0.47633044256976703,12,0.28319198220062025,174,0.3977666383026774,10,0.09699326792095242,102,0.37593984962406013,35,0.07149026113357337,80,0.48782149548628856,12,0.09698002818062146,93,0.60176954473519,5,0.13197394753135172,129,0.654704026056922,10,0.109590080736366,101,0.6875882041348165,3,0.19836705513881303,158,0.5780808716253296,7,0.03960816588587135,71,0.3440041983731304,28,0.036634968347792896,59,0.6582836163377696,2,0.08340733908308673,67,0.6468048051945334,3,0.19069290496098756,152,0.49378655573626096,16,0.2528940977947941,168,0.3493127273924151,21,0.27685748609655303,164,0.3140175716480687,20,0.16877460271176548,65,0.5899053627760252,12,0.0729196580573288,84,0.5215817321080478,5,0.07950978038457945,69,0.7157672253258845,3,0.1683558604386326,165,0.5140428701157009,13,0.1963876867863652,172,0.43006045340050375,15,0.24182949852529367,166,0.37934179854344335,16
"(95, 106)",0.9995000999900006,226,0.0,226,0.9995000999900006,226,0.0,226,0.9995000999900006,226,0.0,226,0.9995000999900006,226,0.0,226,0.9995000999900006,226,0.0,226,0.9995000999900006,226,0.0,226,0.9995000999900006,226,0.0,226,0.9995000999900006,226,0.0,226,0.9995000999900006,226,0.0,226,0.9995000999900006,226,0.0,226,0.9995000999900006,226,0.0,226,0.9995000999900006,226,0.0,226,0.9995000999900006,226,0.0,226,0.9995000999900006,226,0.0,226,0.9995000999900006,226,0.0,226,0.9995000999900006,226,0.0,226,0.9995000999900006,226,0.0,226,0.9995000999900006,226,0.0,226,0.9995000999900006,121,0.0,223,0.9995000999900006,226,0.0,226,0.9995000999900006,226,0.0,226,0.9995000999900006,226,0.0,226,0.9995000999900006,226,0.0,226,0.9995000999900006,222,0.0,226
"(95, 79)",9.033212733378093e-09,1,0.41941336558814635,22,3.809866798498707e-05,2,0.24631253737293204,62,0.03169877411700461,30,0.13261940076001724,135,0.24993588290758129,184,0.07324665812122322,186,0.25093938594613086,178,0.059060579672721984,175,0.5191176273961723,202,0.02245056801913158,188,6.20921323046808e-06,1,0.18796992481203006,100,0.0016012478261897556,19,0.13404871401805485,142,0.014854951407333838,22,0.12515292409285506,134,0.08665183107935781,75,0.10539094331068465,169,0.1109457765598939,105,0.07758870677755739,177,0.43287819774389125,204,0.025132399066625618,197,2.2593801385362156e-08,1,0.3875623196011545,24,3.738219968929535e-05,2,0.2621844882973841,57,0.023773333527934426,28,0.13808340642157857,132,0.32176992476042454,194,0.06212784487337242,191,0.4212228150745664,198,0.04000334205136125,187,0.5309456520190017,198,0.023729436959784536,187,0.0,2,0.12933753943217666,43,0.00045021047676541137,17,0.10219994430520746,104,0.020947667955455662,24,0.11694599627560522,135,0.1328491818531442,131,0.07219060934100753,181,0.20490357371369483,178,0.04836272040302267,193,0.3415206842911145,183,0.03377879450388753,200
"(95, 109)",0.8828447187996421,211,0.01058361052313275,211,0.4964994543353707,203,0.03702411799880407,201,0.03080632313750109,29,0.13337903818507427,133,0.0008330991683322964,16,0.22919978026002566,85,0.0008227014568358282,16,0.18542275013528994,78,2.8029483589819826e-05,1,0.1602350312743228,59,0.620921323059155,204,0.018796992481203006,208,0.1989417534129314,157,0.05109862033725089,202,0.059696852634352426,51,0.09475998016783659,169,0.008665659751787569,18,0.16703155106691403,111,0.005701862412362924,17,0.14048091310853603,110,8.715093921873862e-05,1,0.13786457148211106,72,0.8606552343285901,210,0.011807924429283651,210,0.49791521769712666,203,0.039238182652592934,199,0.04049955828127527,33,0.12412791245319038,144,0.00034394047871422195,15,0.24406118766350085,75,0.00010096480969878918,15,0.2119164385885403,61,2.379424451581791e-05,1,0.17579360135732378,57,0.9995000999900006,122,0.0,224,0.29974083888160885,183,0.0278473962684489,200,0.04525754436933338,42,0.10024767225325885,156,0.0040433673432352935,16,0.14514558983974338,110,0.0014806540475328367,16,0.12963727959697732,114,0.00027024464006286664,13,0.14092113455050895,90
"(83, 89)",0.5072216002801518,189,0.08829755065013607,154,0.37540728814246127,186,0.09497707793502093,141,0.15231159511083792,144,0.18541420180148016,103,0.03654192981516191,44,0.2646035524629189,73,0.03261007552391604,53,0.20694003016210072,74,0.017052747366025134,43,0.1551295132013534,62,0.2659030544074503,162,0.12781954887218044,146,0.21204627317828095,165,0.1381366036450349,140,0.1772974761267223,168,0.14045224086561559,121,0.0972861539107287,87,0.1788609641299744,106,0.0931251124568353,84,0.16058662274342408,100,0.037125533286834655,52,0.12328840465259466,84,0.4664990281490857,184,0.09157701390711098,147,0.34571664231791954,182,0.10541532813217072,131,0.16596067130848946,158,0.1963439829360752,98,0.03749209262130915,50,0.25989582130615935,72,0.027633343168329327,58,0.20254856734866458,66,0.02078431316540974,52,0.1825208967354227,53,0.9997000299990002,216,0.0,225,0.18369568194617525,145,0.09830130882762461,106,0.16899680447149446,164,0.13910614525139664,118,0.10100051502246676,96,0.1526586396806627,106,0.08036819023478436,79,0.15550125944584384,92,0.05877239873892104,68,0.16843065429220902,67
"(83, 81)",0.008303339076305205,47,0.3477472029029332,31,0.021627679125518773,49,0.24591389276460038,63,0.10116554125996902,98,0.2125085696597014,89,0.2982900714215668,194,0.13141549166819264,131,0.3151468174189973,185,0.0971532800597748,127,0.4095205248720156,194,0.053769251553634156,130,0.045482235029795315,71,0.23026315789473684,73,0.06578437491822653,73,0.20405382388008858,87,0.08415342557759797,75,0.1800551677982154,95,0.15753271321315987,156,0.1523148783354113,122,0.1634263678888912,158,0.1331345961265577,113,0.295942733586267,185,0.06171781933048682,126,0.011305378339681038,49,0.31645237470480186,32,0.026505387828656524,51,0.2481413492427719,62,0.09140287305547212,84,0.23953337952370884,86,0.2944871727934343,189,0.13074459065822594,127,0.3395897787144866,180,0.08777188980345195,132,0.3811654591970789,184,0.06921283525245155,124,0.9997000299990002,217,0.0,226,0.08036449225173137,92,0.12949039264828738,69,0.08939017409691807,80,0.17200558659217877,94,0.15252859641070415,149,0.1330593792260905,120,0.18368926527634177,164,0.11805037783375315,121,0.22832498693783354,162,0.1071423400466214,118
"(101, 100)",9.999999999998899e-05,22,0.06138494103416994,185,9.999999999998899e-05,16,0.02655969703009767,207,9.999999999998899e-05,14,0.038931418034172285,209,9.999999999998899e-05,14,0.062259659403039735,194,9.999999999998899e-05,14,0.03708455002705799,196,9.999999999998899e-05,15,0.013844584158375913,200,9.999999999998899e-05,19,0.12218045112781954,148,9.999999999998899e-05,14,0.07392267075455629,186,9.999999999998899e-05,14,0.04993806286427401,204,9.999999999998899e-05,14,0.06094861990180931,201,9.999999999998899e-05,14,0.06663109502654341,187,9.999999999998899e-05,15,0.024686235404871214,198,9.999999999998899e-05,23,0.05641563893991078,188,9.999999999998899e-05,17,0.024368976594768242,208,9.999999999998899e-05,14,0.03111989332953763,211,9.999999999998899e-05,14,0.05701457775959728,194,9.999999999998899e-05,14,0.0330837766193125,194,9.999999999998899e-05,15,0.01245795440388688,201,9.999999999998899e-05,19,0.044164037854889586,72,9.999999999998899e-05,14,0.045391255917571705,180,9.999999999998899e-05,14,0.04531284916201117,207,9.999999999998899e-05,14,0.04475164470460648,201,9.999999999998899e-05,14,0.06952141057934509,176,9.999999999998899e-05,12,0.058884850941839095,164
