,fri,fri,fri,fri,fri,fri,fri,fri,fri,fri,fri,fri,fri,fri,fri,fri,fri,fri,fri,fri,fri,fri,fri,fri,sat,sat,sat,sat,sat,sat,sat,sat,sat,sat,sat,sat,sat,sat,sat,sat,sat,sat,sat,sat,sat,sat,sat,sat,mtt,mtt,mtt,mtt,mtt,mtt,mtt,mtt,mtt,mtt,mtt,mtt,mtt,mtt,mtt,mtt,mtt,mtt,mtt,mtt,mtt,mtt,mtt,mtt,sun,sun,sun,sun,sun,sun,sun,sun,sun,sun,sun,sun,sun,sun,sun,sun,sun,sun,sun,sun,sun,sun,sun,sun
,Morning,Morning,Morning,Morning,AM Peak,AM Peak,AM Peak,AM Peak,Midday,Midday,Midday,Midday,PM Peak,PM Peak,PM Peak,PM Peak,Evening,Evening,Evening,Evening,Late,Late,Late,Late,Morning,Morning,Morning,Morning,AM Peak,AM Peak,AM Peak,AM Peak,Midday,Midday,Midday,Midday,PM Peak,PM Peak,PM Peak,PM Peak,Evening,Evening,Evening,Evening,Late,Late,Late,Late,Morning,Morning,Morning,Morning,AM Peak,AM Peak,AM Peak,AM Peak,Midday,Midday,Midday,Midday,PM Peak,PM Peak,PM Peak,PM Peak,Evening,Evening,Evening,Evening,Late,Late,Late,Late,Morning,Morning,Morning,Morning,AM Peak,AM Peak,AM Peak,AM Peak,Midday,Midday,Midday,Midday,PM Peak,PM Peak,PM Peak,PM Peak,Evening,Evening,Evening,Evening,Late,Late,Late,Late
,alpha,alpha_rnk,loads,loads_rnk,alpha,alpha_rnk,loads,loads_rnk,alpha,alpha_rnk,loads,loads_rnk,alpha,alpha_rnk,loads,loads_rnk,alpha,alpha_rnk,loads,loads_rnk,alpha,alpha_rnk,loads,loads_rnk,alpha,alpha_rnk,loads,loads_rnk,alpha,alpha_rnk,loads,loads_rnk,alpha,alpha_rnk,loads,loads_rnk,alpha,alpha_rnk,loads,loads_rnk,alpha,alpha_rnk,loads,loads_rnk,alpha,alpha_rnk,loads,loads_rnk,alpha,alpha_rnk,loads,loads_rnk,alpha,alpha_rnk,loads,loads_rnk,alpha,alpha_rnk,loads,loads_rnk,alpha,alpha_rnk,loads,loads_rnk,alpha,alpha_rnk,loads,loads_rnk,alpha,alpha_rnk,loads,loads_rnk,alpha,alpha_rnk,loads,loads_rnk,alpha,alpha_rnk,loads,loads_rnk,alpha,alpha_rnk,loads,loads_rnk,alpha,alpha_rnk,loads,loads_rnk,alpha,alpha_rnk,loads,loads_rnk,alpha,alpha_rnk,loads,loads_rnk
"(0, 37)",0.05153280394769122,40,0.5831488691635904,8,0.02315276481128692,23,0.625734934208632,8,0.031568776945220645,17,0.7286311949728271,7,0.04822921169073746,24,0.5636285837276427,23,0.06966155851980615,32,0.5233940775898926,27,0.10518201317184905,43,0.3111618682728853,43,0.030544072933823663,25,0.6191531318734899,9,0.013295433113795108,14,0.7420269376737952,5,0.013648008499062225,12,0.8765130678169414,5,0.04317144431088238,16,0.7874428253564546,13,0.06414005229303199,25,0.6654373289325392,24,0.051601491427822443,31,0.3303316635060527,37,0.053040586123397127,41,0.5736860251671422,8,0.025046938435396182,24,0.6189977975730119,8,0.03056672449597353,16,0.747986012785136,6,0.05541550058487743,26,0.508894742181773,25,0.07931535087806063,38,0.454056120248326,30,0.09046210502122509,42,0.3659352013290831,37,0.011580338163960646,27,0.23143884625366104,36,0.01487955328626478,15,0.5819134230967928,19,0.01610877449189818,15,0.8218477269819575,8,0.06962460265885162,26,0.6788831463679793,24,0.05507476169704595,23,0.5125800739979789,28,0.0707894861155356,36,0.3459639695828436,40
"(0, 40)",0.24751946709488737,55,0.3456242783266968,26,0.3655029679376418,74,0.24943710230053842,50,0.31994660814311693,81,0.3366933273206583,47,0.2572574176269714,70,0.3225822218639757,50,0.20385470470072875,64,0.36592011748158154,43,0.1471629632496817,50,0.2782065529951842,47,0.32482299095067124,74,0.2815516886437758,44,0.44436729943202136,85,0.2303596822550112,59,0.4407507325712795,85,0.27524354484981395,60,0.27360617952220034,79,0.42550949526373644,46,0.21568526491217854,69,0.44416408388343265,44,0.24732406878434288,64,0.19592152907947577,61,0.2432926632407313,56,0.3452767788523583,26,0.3540164340603702,73,0.25601545232197054,49,0.32471348898935093,82,0.34025903621557285,49,0.23688883172120945,68,0.31356206944161574,49,0.18553023476700814,58,0.3420506230460093,43,0.1673696370076171,53,0.29808093082780035,47,0.4632495481032787,69,0.06767137507878249,77,0.4287304359237988,83,0.18981341425386647,69,0.41757986683805315,81,0.2776934749620637,54,0.20393033553206852,68,0.47448445918370835,39,0.23778930810738919,72,0.314785815105276,48,0.20156802188441425,60,0.2440880850145129,52
"(37, 0)",0.03311462957184186,32,0.5763092219453944,9,0.05360947394224602,38,0.46694451642624746,24,0.04607254839935315,21,0.6462276899127596,11,0.021107747889543838,14,0.6539984599210753,12,0.01470739972569779,11,0.7104475577338942,13,0.009361533439737224,14,0.5472788635307746,16,0.055058695759786724,36,0.500422567258622,19,0.10928088577048367,41,0.40713205257103524,28,0.08818527028719336,38,0.5357941258436224,24,0.031911515628197495,11,0.8133186146683832,12,0.018087068701372555,10,0.8399185920141685,6,0.019283458136587717,15,0.38615029907081605,32,0.033618191848697965,34,0.5710038542362892,9,0.05225452003368314,37,0.4756234648115506,21,0.04793048240527353,21,0.6521799885853014,12,0.019245409232157007,16,0.6244031967827741,15,0.013098766029371545,14,0.6545984037885482,13,0.01142571713784335,16,0.5783331278655418,21,0.09251633801510328,41,0.14541022503985465,50,0.0880577219346762,39,0.3425144628387655,43,0.0780430652069698,35,0.5364487767274565,22,0.018671033426399974,10,0.8955217482260869,8,0.025437264258071024,11,0.5874111564898568,18,0.016311282141894812,14,0.45098471945690505,25
"(37, 36)",0.31287481553547336,64,0.2726080444271821,37,0.24173108880345384,58,0.2826408683884714,45,0.2640000991876281,79,0.36113114478140473,44,0.3789321483813397,80,0.24976804490582025,60,0.4303567700818859,81,0.2305514074863527,61,0.49162273371013676,80,0.1461437860340032,70,0.2378319137743522,61,0.3072714073656724,42,0.1421585240857992,52,0.3729572565962882,36,0.17085414154220468,56,0.42978850371375604,38,0.31834991789746836,83,0.3778112989796767,53,0.4011373472999684,84,0.29894793511511836,57,0.39196506022204425,79,0.14149319828559528,72,0.31064092429446677,64,0.27210985247578345,37,0.24548006110370357,59,0.28398745284018867,45,0.2581723646467047,77,0.3720501505965779,42,0.39224870472417583,78,0.22858812320596705,61,0.4464212017857142,79,0.20190022339821104,65,0.4650685856282375,78,0.16812548798600468,68,0.1643156265628215,55,0.12007192377562746,59,0.17105254018129068,54,0.27451003206724345,54,0.18779340531193944,61,0.4003251911388654,41,0.3965936794714775,84,0.3233580372238816,56,0.3517512572300242,82,0.24472994078491317,63,0.4158159859463615,80,0.1532348214071533,72
"(40, 0)",0.4288122625916726,73,0.2920523046706011,33,0.23875992251320555,57,0.34495263597362585,35,0.2585127621959167,78,0.38095135138474273,41,0.34043381858706745,75,0.29010079113408466,55,0.40338983780397464,79,0.2647084337648014,56,0.4313331980115982,77,0.1766287829947135,66,0.3024642917527235,67,0.33699467998656457,38,0.17661494882281015,59,0.4026665942048677,31,0.14702659055268974,49,0.464096824223625,35,0.2708226063311556,78,0.42598147518028534,45,0.3440599284882946,81,0.35329707374013847,53,0.29302583990954456,68,0.18963135913709758,64,0.4212428386163637,72,0.2912789477029638,34,0.24517359302338826,58,0.34307347835588764,33,0.2518574552409434,75,0.39377511696698997,39,0.35053083138379393,77,0.2692718142588961,57,0.41943226408198675,77,0.2367827682935173,59,0.4036629281613888,73,0.21223648755745758,61,0.1387959522055393,51,0.13044155266377486,56,0.19893714670351714,58,0.31134314743019903,45,0.1777965847232228,58,0.4297818725373816,36,0.35481162463569627,82,0.3686772729922801,47,0.31498090708545234,79,0.28524717496429564,56,0.3270061015288235,74,0.19571089308417491,65
"(40, 35)",0.014870849272104691,22,0.8955801227094602,2,0.05471000574477558,39,0.5637125334715385,10,0.04781983806521972,22,0.6685914433663155,10,0.027475281648877914,19,0.6712934776457029,11,0.01780374236018234,13,0.7490411247498249,7,0.014604888419030404,16,0.5459669546316933,17,0.0355266263222862,32,0.6881182754921825,4,0.08456994903766812,34,0.514694347073902,15,0.10529110034234412,42,0.5187323551150477,26,0.04399216180367338,17,0.7807175035555298,15,0.02680598601895179,12,0.8271941917565611,8,0.03786375392015162,27,0.37509180396154645,33,0.01569538067664511,25,0.872092709695687,2,0.05236390071049302,38,0.5739416114751288,10,0.05003258358614837,23,0.674862914182679,11,0.025649936391757944,17,0.6437800880740048,11,0.01589852132923708,16,0.704885311344524,10,0.017769665832750192,20,0.6010813476338915,18,0.11214993280621699,44,0.14004745486226966,53,0.07211296755831709,37,0.4366567222529914,31,0.08385037711656862,38,0.5521463748799563,21,0.02491125880954992,13,0.8936766728283497,9,0.03264666346205858,15,0.607253221751731,16,0.030095855372612057,20,0.4334756638760285,30
"(1, 28)",0.015114553433470568,24,0.1806980482059346,53,0.046687064592967564,34,0.2491088652788575,51,0.10298942373324294,42,0.25570599254695986,61,0.21904954189127102,68,0.14622431986993364,77,0.19015919728239095,62,0.15727567895803254,74,0.1450027642720486,49,0.20045394913231862,64,0.031444276039423125,26,0.23552436262771823,54,0.04826494280539384,31,0.23973442750649893,57,0.09696654826490458,41,0.295785825932074,56,0.09200809213311967,37,0.32803701827863746,59,0.08083147960152914,32,0.28229904604733536,60,0.16198933664977422,55,0.1726736602102448,65,0.012671263678792899,24,0.1806916437614727,52,0.047684885299519086,35,0.24274331060240242,53,0.10710113041557323,43,0.264060029866778,58,0.23296888050040832,67,0.1359807405813983,78,0.24327078349716702,65,0.1340463633091492,75,0.19633046128431242,55,0.17917965516634082,66,0.07708661673061468,39,0.09877470062655247,65,0.045563536380410996,30,0.3066587235468512,47,0.09302287710038426,40,0.26485263561911826,57,0.08938486405429358,34,0.30214138490399084,59,0.14018397488638967,55,0.23570151921358362,64,0.1938607028133852,59,0.19854391057164103,64
"(1, 22)",0.42653704238595225,72,0.05935167554515608,81,0.26204585457857665,62,0.1401723244363825,69,0.14994236977808806,54,0.22561276004948105,66,0.0626604331405678,26,0.2219231435446168,66,0.07673841199325215,34,0.21282848060872314,65,0.10692694798778268,44,0.22187633672464857,59,0.32053079926629513,72,0.10862416434615842,75,0.2571483783062365,67,0.13726076284158947,76,0.15797432686753787,52,0.25137524081860146,65,0.1650635128019644,56,0.26996937618681,67,0.18288810339009953,64,0.2150343141201095,71,0.0941192481559413,40,0.20693252363152725,59,0.45098023891020356,76,0.054932016356908836,83,0.2589290621377197,63,0.13810643624281402,69,0.1447895832910172,53,0.23881132243830086,64,0.05692553357011554,27,0.21750754990872986,67,0.05304851228787544,30,0.22270362404847532,61,0.07345222123544204,40,0.2486659269826174,54,0.1895232362169177,56,0.07318429540651762,72,0.26563945164864644,65,0.1703845742130959,71,0.16357521101728667,54,0.21942952275609207,67,0.16900492353680086,62,0.24434216888955954,68,0.1109540576857595,43,0.25480861583690384,59,0.07474750486183979,37,0.2727852807829779,46
"(28, 1)",0.27339917130304736,57,0.0908679447060099,69,0.30384192695708645,66,0.13369036307621432,72,0.18886295139780107,61,0.22173798224304694,67,0.2171904667846929,67,0.22191028097007823,67,0.21591310620462045,65,0.22087900512432848,64,0.1705727271821985,53,0.23026968835512004,57,0.251356916874356,62,0.10113443056353136,78,0.2425061276609063,63,0.1449779444399156,74,0.15046850880122775,51,0.24478226363427072,67,0.1747604713334301,61,0.2737075825690447,66,0.23507329075261918,73,0.2233411487683143,70,0.12107952723124393,47,0.22176913998414216,55,0.28553132354571664,58,0.08514472166096206,70,0.3133431471331042,69,0.12969978682391187,73,0.1790589294064754,62,0.23371343045367537,66,0.21370859661398278,66,0.21756323501479474,66,0.21137271115991163,61,0.2324352784743479,60,0.13559165707236642,50,0.262840269338922,51,0.37213979760967064,65,0.07279501723946168,74,0.17710160952408882,56,0.16388036916890455,72,0.16507539015698103,56,0.224653958084676,65,0.23005203434755606,72,0.2504724147510005,67,0.13555527589648586,54,0.2630122856689468,58,0.06287836756746035,32,0.3039892532444167,42
"(28, 41)",0.46200058443750014,76,0.056121315847919406,82,0.4295784324596368,80,0.097143042238922,81,0.6463347788520916,89,0.06325663569212427,86,0.8968106650123786,91,0.017480238797983827,91,0.8954854564264425,89,0.017572666943434106,89,0.7048523036164076,89,0.05026801009412588,88,0.3155212926773897,70,0.085824493731919,81,0.4173396319491828,83,0.09286160702154835,81,0.4449230865227922,86,0.11281215543250413,82,0.4866890753358343,87,0.12131295090938456,84,0.627160939013005,89,0.07707092255675414,87,0.6468013924069393,89,0.05139925679897399,88,0.4421494529715322,74,0.05715383622673927,82,0.4355955815785748,80,0.09504067881338522,80,0.6688125721111823,89,0.05990864873874313,86,0.8823128947567666,91,0.01949512679040966,91,0.9137589794957995,89,0.014944775129324068,90,0.7908592696677378,90,0.03489136624340301,90,0.3480746760090482,64,0.07735698661624586,71,0.3496547718466576,75,0.1042674100930369,85,0.45871212525917593,85,0.10432028088222674,82,0.5579632584786185,89,0.10578660914238289,85,0.5709634601610039,88,0.08148338386242725,86,0.6400268559959337,89,0.05750713651737952,87
"(28, 5)",0.027769557359332397,28,0.21529942139826466,48,0.05133514500353342,37,0.295346376436037,42,0.010343997751064204,10,0.5018555382759787,28,0.000653161730967966,7,0.7351210025262096,4,0.0002856461450077008,7,0.773085812364069,5,0.0006610765076666691,6,0.6689916721414815,11,0.03291084194304306,29,0.21803387039103722,59,0.02208495474182859,17,0.3323152450567467,43,0.023356192236449358,18,0.42886006470296006,39,0.006420527480858418,7,0.6376088023470415,25,0.0012587272242482461,7,0.7348580140074064,17,0.002391550181482738,7,0.4921185613908163,17,0.03200431588466135,31,0.2017252570935476,48,0.043800311759830235,34,0.30596003177357534,42,0.01011840201528158,10,0.5161986022886639,27,0.000759518488364086,7,0.7055630946578151,4,0.0001734198047487201,7,0.8286184709567452,5,0.0006232642117471876,6,0.6896878650722366,12,0.00950752725185744,26,0.26851481110740366,32,0.04848610299558842,31,0.26256975439935587,56,0.019818348663270036,18,0.42465460587578935,38,0.002747491827486903,7,0.753116565553334,19,0.004599317981296425,8,0.5681224056859847,23,0.004926105673354275,8,0.49525511550363427,21
"(28, 43)",0.06334764301946694,42,0.17503518239585536,54,0.03361692484065493,30,0.3281506435173188,37,0.13582888186313402,50,0.25967652014374826,60,0.3498329940230732,78,0.1577577617062291,74,0.48069922472015925,84,0.11158891360518507,81,0.5605931474235171,86,0.08184387670103009,83,0.09734626811022307,44,0.1599092022146858,68,0.10085647390018049,37,0.2211081220619005,61,0.14866950529392287,50,0.2461347857168821,66,0.2763226930582219,80,0.20828583480075707,74,0.3656020532644656,82,0.16004115681854778,79,0.4728101677599418,84,0.08643457163632112,80,0.05595676534884919,42,0.1753340434425014,54,0.03728873096847796,30,0.31830369937067915,39,0.13968915168302987,50,0.2629539152584891,59,0.34000223776200056,75,0.15706403710916494,74,0.5650186303667125,84,0.09143263398686978,82,0.6148149358987993,85,0.0710566327938336,86,0.14300564329598586,52,0.1340877914951989,54,0.09050190776229639,40,0.2173009527089607,67,0.14799068887464373,52,0.23650853545765632,64,0.2918238320795108,79,0.2134114346661545,71,0.35287411848671557,83,0.1464278853783001,79,0.5583082110645567,87,0.07439009763235542,82
"(22, 14)",0.26566261218960374,56,0.10898806272097543,64,0.10821305245955992,46,0.2672734732659584,48,0.04340525540132245,19,0.46986893089181664,33,0.013884848181608511,10,0.48152762795260406,32,0.013921984269952059,10,0.5156487201571378,28,0.029230707822452184,26,0.5079420631558266,21,0.16982519775246052,53,0.20933873641554612,61,0.11173607298700639,42,0.25104571433747275,54,0.05359115534292802,28,0.4704959348608401,33,0.05504476164336203,24,0.5370598316866304,36,0.0533913280308379,21,0.4821637014973435,39,0.029238938297836636,22,0.4291912847439172,25,0.2661118224066872,57,0.10798025305825273,64,0.10983974702554655,46,0.2608495374641599,48,0.043896142560457374,20,0.4864934483333361,30,0.013655107133262012,11,0.46140755166319214,33,0.009441824613855121,12,0.5317963179453313,24,0.016459099637475938,18,0.6071485179901728,17,0.03921262821122862,33,0.18790086382678975,45,0.1261535087453306,47,0.29277300208041473,50,0.060634162557791194,32,0.39044475718359867,42,0.06030130872444417,23,0.4752612427851721,38,0.032796407694303364,16,0.5245713378934798,27,0.023402276039881098,18,0.5582171900112745,16
"(22, 1)",0.0455563870847,39,0.19617303949585752,49,0.14343901151334415,47,0.2433100112291613,53,0.2728076714620826,80,0.2546079586608002,62,0.4383670028655655,83,0.15235462289503965,75,0.43799647735061453,82,0.16334184289936612,72,0.3313103187458444,69,0.2261252023634827,58,0.08885034097603906,41,0.2597948923536996,52,0.1392741470206893,51,0.2332708350316568,58,0.24178109597876152,69,0.28473846191128177,57,0.23786887684537417,71,0.3297226608377408,57,0.2423277870016748,74,0.2912171952986637,58,0.33126879500812656,73,0.1910929147438076,63,0.045417952754991164,40,0.19466589877284662,49,0.14149471926111,47,0.2397341122308636,54,0.2711454954724034,79,0.2651459414685229,57,0.44067876143123086,83,0.14492468398702313,76,0.49050082811726314,81,0.1425227042189838,73,0.414540772835269,75,0.2071291453126926,64,0.287840708905019,61,0.09668372075779483,66,0.1238535443255604,46,0.29457416655419083,49,0.22380201121089427,65,0.25264501208940165,61,0.22459938646827227,71,0.3065997455304934,57,0.3143037759909143,78,0.2469619904287039,61,0.3639406285853015,76,0.22363806462446326,58
"(2, 33)",9.999999999998899e-05,2,0.23733407434774412,39,9.999999999998899e-05,2,0.3625608246235352,32,9.999999999998899e-05,2,0.6430339710990068,12,9.999999999998899e-05,2,0.902549705275542,2,9.999999999998899e-05,2,0.8429845650517079,4,9.999999999998899e-05,1,1.0,1,9.999999999998899e-05,2,0.27114190675349154,49,9.999999999998899e-05,2,0.33125730279068505,44,9.999999999998899e-05,2,0.5558820322060801,21,9.999999999998899e-05,1,0.922214260065638,4,9.999999999998899e-05,1,0.9959069594268236,2,9.999999999998899e-05,1,1.0,1,9.999999999998899e-05,2,0.2394008502048466,40,9.999999999998899e-05,2,0.364093373482151,31,9.999999999998899e-05,3,0.6924378462921591,10,9.999999999998899e-05,2,0.9165203979120375,2,9.999999999998899e-05,2,0.9009209598686384,3,9.999999999998899e-05,1,0.999923683391745,2,9.999999999998899e-05,7,0.1593908723538353,49,9.999999999998899e-05,2,0.3854678140751462,37,9.999999999998899e-05,2,0.5131396329939448,24,9.999999999998899e-05,1,0.9497114068871383,3,9.999999999998899e-05,1,0.9243316378943149,2,9.999999999998899e-05,1,0.8877755655240243,2
"(33, 24)",0.20538777992434054,52,0.1497343821213432,58,0.3020679474637775,65,0.26985258126745565,47,0.11697760081572306,47,0.46497333677208924,34,0.020458028369735426,13,0.638009422264602,16,0.019257710282460483,15,0.5861717486538569,22,0.005589130748524518,10,0.6549781928403748,12,0.20866314092587923,58,0.18002990475984093,66,0.24250748600728178,64,0.23975616604621255,56,0.16118799541092033,53,0.40074335704159647,42,0.06447060900981472,27,0.6167036985349806,27,0.04569182042038733,19,0.6488639108034134,27,0.011759581680404363,12,0.6050346936762143,10,0.2074756017519963,53,0.14965069177859236,58,0.29208370325278943,66,0.28095142752078434,46,0.10846057666819464,46,0.4993072052339255,29,0.015103893575946215,12,0.6490861921532821,10,0.009237225346797828,11,0.6321262095778637,16,0.004605189376918339,10,0.6516322948404102,14,0.3156852671550494,62,0.1902736069402736,44,0.2736991000115455,67,0.25836936437976177,57,0.1646579890358848,55,0.381275273975154,44,0.0425728699078185,17,0.6414380613676192,26,0.029261189377868924,14,0.5704484143886815,21,0.01605253245788829,13,0.527771247631156,17
"(33, 39)",0.41865260278819083,71,0.0881901880850356,71,0.4186323533105609,79,0.20257190982119722,60,0.5402298288256078,86,0.15440117000066408,79,0.8018680162486561,89,0.050983815451210536,87,0.9277463133105305,90,0.015978672383773172,90,0.9145928610768519,91,0.017953299317848306,91,0.6031291090717069,87,0.06435753524102587,86,0.5075540557441662,89,0.12324483936124926,77,0.46603969044850246,88,0.18555906265524466,73,0.5697893501342574,90,0.155464853176613,78,0.7307369579854007,91,0.08568215665754307,86,0.8609343328687795,91,0.0303181441166906,91,0.4503798503970122,75,0.08176624567337418,72,0.41332181540444024,77,0.20856512470604865,59,0.5666757440757568,86,0.14946689316481784,82,0.7843920272799855,89,0.054208306539643605,87,0.9240590893719731,91,0.0162893289427107,89,0.9567697358183871,91,0.008700093341082404,91,0.8813248525022911,86,0.023050828606384157,84,0.5635193542043072,89,0.12265604274391352,80,0.46159699465155113,87,0.18034018750313774,72,0.6308648628156055,90,0.12060722871732964,82,0.7872324154929613,91,0.05261498500831016,89,0.8315537306163856,91,0.03399141219085086,90
"(33, 2)",0.014903637784230206,23,0.3138743370078806,30,0.007195707426573161,16,0.7949871872390659,3,0.02169624457710473,15,0.7131537046674934,8,0.06782612734600757,29,0.49115226372736837,30,0.05558076932866296,26,0.47114699449150177,31,0.1284120857674388,47,0.3415629521838883,37,0.00649854396670646,14,0.42475052279154435,28,0.007275889978228145,9,0.608695415885438,11,0.017933674141935807,16,0.7240491451696939,12,0.0412211358816813,15,0.6889589628358936,19,0.03851362673515757,18,0.6744057921429722,21,0.09034918632142908,38,0.3922614284513722,31,0.012660385092679638,23,0.32308843555759303,29,0.007940548978500384,17,0.7981317975232839,3,0.021996143088353515,15,0.7431776972276425,7,0.08803285496596625,36,0.4401320270980509,36,0.09447976912983402,42,0.39099148945030954,35,0.13289185754526434,49,0.3283639480342603,41,0.0006562376942443882,15,0.7105828050272494,4,0.004325036817603767,10,0.7507388497679895,8,0.01767059844848151,16,0.6972774958986725,12,0.05319157306048328,22,0.6082438517492206,30,0.05183423258171782,19,0.5031194407556814,31,0.07684933396333926,38,0.37671696212248423,38
"(3, 17)",9.999999999998899e-05,3,0.08887646847688907,70,9.999999999998899e-05,3,0.05933819930321615,85,9.999999999998899e-05,3,0.007230653523206196,91,0.9999,92,0.0,92,0.9999,92,0.0,92,0.9999,92,0.0,92,9.999999999998899e-05,3,0.11738430866912981,74,9.999999999998899e-05,3,0.03900256333614124,90,9.999999999998899e-05,3,0.008872423695338718,91,0.9999,92,0.0,92,0.9999,92,0.0,92,0.9999,92,0.0,92,9.999999999998899e-05,3,0.09235143084429157,68,9.999999999998899e-05,3,0.060037400691219225,85,9.999999999998899e-05,4,0.005879074904330349,91,0.9999,92,0.0,92,0.9999,92,0.0,92,0.9999,92,0.0,92,9.999999999998899e-05,8,0.09516368220071923,67,9.999999999998899e-05,3,0.07928614313439852,86,9.999999999998899e-05,3,0.01427407718107219,91,0.9999,92,0.0,92,0.9999,92,0.0,92,0.9999,92,0.0,92
"(17, 12)",6.284794645261549e-06,1,0.1527815933704472,57,1.000088900582341e-12,1,0.13418055915464572,71,1.000088900582341e-12,1,0.05325078260010101,88,0.1458765397128169,58,0.07132640583652182,85,0.15432154458817504,56,0.06920476866166421,84,0.28626089862369475,66,0.0385877229068299,90,1.000088900582341e-12,1,0.1748209506679813,67,1.000088900582341e-12,1,0.08651757651513095,83,1.000088900582341e-12,1,0.06313688189892282,89,0.04641879789156467,18,0.04977114462185941,90,0.06269235022845288,24,0.06898798502656577,89,0.262340086946386,66,0.03197700973030645,89,1.000088900582341e-12,1,0.1580294663202156,57,1.000088900582341e-12,1,0.13323832667894167,72,1.000088900582341e-12,1,0.052214670413202,87,0.1862475336614744,62,0.06460616518033202,85,0.26738088194067977,68,0.05178316987485535,87,0.30775301660459153,67,0.04237039385240368,89,1.000088900582341e-12,1,0.14287435583731878,51,1.000088900582341e-12,1,0.1590865722490354,75,1.000088900582341e-12,1,0.0668277507235017,88,0.013103732280295266,9,0.04927174393920168,90,0.116568616806771,45,0.038851026868114896,90,0.2828608637506018,70,0.02563868832009979,91
"(17, 3)",0.9456525657806366,91,0.0028724834192762707,91,0.9997000299990002,92,0.0,92,0.9997000299990002,92,0.0,92,0.1062167608583241,41,0.07928319444611182,84,0.09964976247109036,41,0.08006685792535956,83,0.03963315765219344,29,0.07459051455072749,85,0.9997000299990002,92,0.0,92,0.9997000299990002,92,0.0,92,0.9997000299990002,92,0.0,92,0.2628956671636462,77,0.027922080976700507,91,0.21897604534550008,70,0.04546872484302044,91,0.04659399981175194,29,0.05688739810217005,87,0.9997000299990002,92,0.0,92,0.9997000299990002,92,0.0,92,0.9997000299990002,92,0.0,92,0.07890950532283458,32,0.08601899548645517,83,0.04502921330279108,25,0.09377072977740496,81,0.03428036917835087,27,0.08806056016390458,84,0.9997000299990002,92,0.0,92,0.9997000299990002,92,0.0,92,0.9997000299990002,92,0.0,92,0.4463690062764527,86,0.01519958022819948,91,0.13382844527865823,53,0.03710338837246207,91,0.04055376522771015,24,0.048986494590639765,88
"(4, 31)",0.009227240990328345,18,0.290518699561812,34,0.05022541637272682,36,0.25565633007975586,49,0.08032139629596724,35,0.2000043241840805,70,0.1734965717538579,60,0.22990737231322256,64,0.22028739804399222,67,0.20391357420362236,66,0.382147208753868,73,0.10464775962390581,77,0.00600275795951366,13,0.3268855709533767,40,0.028926217499979368,21,0.17402969122215886,68,0.05609772005416591,29,0.14208297488216545,78,0.16676251315991275,57,0.1223431529199249,83,0.1896412351919543,65,0.17629256560940268,78,0.37307709469658457,78,0.08660265053109278,79,0.006250744765281535,17,0.29084171050274576,35,0.052181520571872086,36,0.2509732947548737,51,0.09794180370535843,40,0.21725134728799894,68,0.1708602154767619,58,0.23401398840376741,59,0.246393515517222,66,0.19358451502360405,66,0.3590023235970702,69,0.12838508186423864,75,7.768965755605706e-06,3,0.43384495606717827,19,0.020769737632462926,20,0.2908345395395162,51,0.04829173200209702,29,0.15532249470835635,77,0.1558648390255133,60,0.12130341887669888,81,0.22968101963053322,71,0.1153023811313506,80,0.39299704523694046,78,0.07575263271523497,81
"(4, 12)",0.4935174914596091,78,0.07710760181843251,76,0.2512922148645069,60,0.14947597247415856,68,0.18377048676940488,60,0.1517834942804944,81,0.08650448674939071,35,0.2899370076849595,56,0.06212556331970209,30,0.310946668566861,52,0.020643580954479823,21,0.27682915098413635,49,0.5478657216489806,85,0.0726030143131115,85,0.3328544760485961,79,0.07708486182440695,85,0.2351037209911231,68,0.08812597690564755,85,0.09086603720399733,36,0.1497885498613069,79,0.07702187104357827,31,0.23805295041056193,68,0.021977860884312084,16,0.22257116862332424,54,0.5429213282781439,81,0.06567322008825643,77,0.245684974828158,60,0.14974082551098797,67,0.15663235341119608,55,0.18577674667618455,73,0.08818136212805772,37,0.29174037315123547,52,0.05192994183287847,29,0.3252927825422181,46,0.024207568824404557,25,0.3154253476808556,43,0.9417522516139867,89,0.008766173580988397,89,0.3812668541654064,78,0.11025034789933959,84,0.25706668220036,68,0.08895629515306494,84,0.09850503351087947,36,0.14135232366326345,78,0.058226461458322665,24,0.1821824392606884,71,0.019145352524762904,16,0.20741478158658574,63
"(31, 4)",0.3462911644539016,68,0.09576453425033865,67,0.18175360470887325,54,0.16301718925455647,63,0.11447516230461074,46,0.16193297205804907,77,0.048069828017586635,23,0.3311950017750353,49,0.029342571979008025,18,0.3585620279204645,45,0.007267614851507842,12,0.31786058563122055,39,0.4624467780028513,82,0.08183177489083679,83,0.2764619971492066,69,0.08713169026204,82,0.17297180908241172,58,0.10191473506924668,83,0.048537487967557524,21,0.17097119668077376,77,0.03508533098779443,15,0.27421107712123655,62,0.010810277163983972,11,0.247081456147851,47,0.3525155311185544,70,0.09319219753105444,67,0.17225655514403715,54,0.16371635671727147,64,0.09041686327676157,38,0.19425190792143054,71,0.04911576531470252,24,0.33410148267315976,44,0.023847237682323996,19,0.3686843897897201,39,0.008569191280138999,14,0.35368932095830175,39,0.8863833794604328,87,0.015760204649093536,87,0.3211685528551331,70,0.12949069398355217,79,0.1922940772025995,63,0.10140360139469425,83,0.04588257568499454,18,0.16767722840867388,77,0.025638824566764584,12,0.20991080153341185,67,0.009332120725136006,10,0.23190203180847746,55
"(31, 29)",0.02640189518254754,27,0.22584308809335094,44,0.0814929063023988,41,0.21298767671532637,59,0.13615094174960607,51,0.15283828632584892,80,0.25774483622384814,71,0.1892247640575077,71,0.33074691225278174,75,0.15991839491408852,73,0.524190624109374,82,0.07636087523357504,84,0.011649145999077959,17,0.2791544320804395,46,0.042345755421492215,30,0.16284883562946662,69,0.08683520063331851,36,0.12823211884019334,79,0.2563194374445509,74,0.09817966284012739,86,0.3043156923207253,78,0.1334602922234745,83,0.4725253036147613,83,0.07014188051052138,85,0.025304930717955587,27,0.22423526828450857,45,0.08728840509753333,41,0.20535177980441197,60,0.1674378411463472,57,0.1581844904885929,80,0.25457668650501153,70,0.19305416024953032,69,0.3611926781660896,74,0.14901196117452128,72,0.50315223342027,80,0.09099874958172628,82,6.118407864008635e-05,6,0.3841990138286434,23,0.031308906157026195,28,0.2813586458221827,53,0.07558276304745193,33,0.1384313414296426,79,0.2646097263775835,77,0.09350211086228123,87,0.3505943597429917,81,0.08778072878822049,85,0.4920357514631286,84,0.061844220020629934,86
"(12, 17)",0.6233704411630501,86,0.03954532871462419,85,0.5268151853821228,84,0.053236301862889066,87,0.5570339177805289,87,0.039859711113616386,90,0.17607986943005116,62,0.17029877188138307,73,0.11493372415581848,46,0.20026086363833517,67,0.04492553799988919,31,0.17441225048659337,67,0.6875099527634438,89,0.03609699543844062,87,0.47034553567390214,87,0.042602103203717295,89,0.4011202801893854,81,0.04445905175025142,90,0.17152549877399326,59,0.08816929809843838,89,0.1413771509514261,53,0.14317591772661406,82,0.04730660697333278,30,0.13809690844450292,74,0.691503572339643,88,0.030756844110491965,87,0.5281153456358315,84,0.051950711699297394,87,0.5716839096604647,87,0.0414363664219297,90,0.1794743552404019,60,0.17302659230797987,72,0.09448766953587096,43,0.21974679552965606,62,0.05253249377282754,33,0.20164315528081572,65,0.9895253474484567,91,0.0007767026285544806,91,0.555756898352738,87,0.05563596930108303,88,0.4244460423313612,82,0.04426356677025926,90,0.20041317780441548,67,0.07574240278201703,89,0.10657790233942943,39,0.10641176617974996,81,0.05005497466569009,29,0.11849737328183847,77
"(12, 4)",0.003096542292464921,10,0.2317669930708837,42,0.007117443830525261,15,0.2235214937663759,58,0.005564123565226842,9,0.1850812560519273,71,0.08489820361163503,33,0.21717771104483552,68,0.1356375150254574,52,0.18950411123572533,70,0.2677212512843892,64,0.09620119483996145,80,0.001618454010414272,9,0.2713504816183242,48,0.010987168949759374,12,0.14903037055152488,73,0.01808923092293313,17,0.12490458130884152,80,0.08775455431109269,34,0.11023945532576807,85,0.10993910918840688,44,0.155696546449847,80,0.2601025674656352,65,0.07824255246071157,82,0.0015489381091833287,10,0.23506892745907404,41,0.0070440064082728515,14,0.21905904153204125,58,0.004917326265446387,9,0.20223546267410364,70,0.08284110441608028,34,0.22388845281602637,62,0.16146148484419642,54,0.18380526577247888,67,0.2447025538917984,62,0.12073874476790944,77,4.301528855332748e-08,2,0.2208968227486746,38,0.005623609512096617,12,0.2572244381251134,59,0.01534163741331196,14,0.1338741309477346,80,0.07136700117893957,27,0.10686004520091774,84,0.14543128857864662,58,0.09593846308035381,83,0.2517917035315751,66,0.06915825077362248,85
"(5, 15)",0.6151370195821255,85,0.08509771601254248,72,0.6386466394094892,87,0.12030750626241689,76,0.4146801341398558,83,0.21118697308658718,68,0.20784038558429585,66,0.3215900886145635,51,0.15545903770489344,57,0.3225523121441008,49,0.07914269468061708,38,0.2939535531036572,46,0.5480119764139878,86,0.09859631824732103,79,0.4779980326251444,88,0.15414255047417194,71,0.47163545117777406,89,0.18442009669094034,74,0.30868975186635483,82,0.2750780491705855,65,0.22789860618565716,71,0.3015642609885687,56,0.1555874633190053,54,0.21177209963424573,58,0.630343050151849,86,0.08036689401716975,73,0.6183828810350177,86,0.12554553579958047,75,0.40504998419852023,83,0.21527313623055672,69,0.20035107651622752,65,0.3128404514917888,50,0.10110663191021851,46,0.35289331917387284,42,0.06769693742941829,38,0.3036080144179684,46,0.43706841999416524,66,0.14156378600823044,52,0.5561989327048148,88,0.11120212602566311,83,0.461730858043083,88,0.18189812513057038,71,0.2500398965050905,74,0.3328749224073775,53,0.24552835665375228,74,0.24639823607526748,62,0.13097360990480367,49,0.21884520354067213,60
"(5, 28)",0.0033435990067410826,11,0.48399082573635666,15,0.0026760083847510163,11,0.7462490282456595,4,0.016442887381899918,14,0.6193158214173748,14,0.06774386214509387,28,0.46729304546319855,34,0.09880444635186403,40,0.3751572307558849,42,0.1858348652844508,57,0.22116000581251372,60,0.005995546632454496,12,0.44413444139858926,26,0.010376853595631896,11,0.5525556370750796,14,0.010882193225327796,10,0.6477959796924792,16,0.0340641851100707,12,0.5734963676362901,33,0.058945210495001676,23,0.47330844469489614,40,0.09870956809215226,41,0.24645664112598245,48,0.0028986717776275928,12,0.48328482632822845,15,0.003244427910870429,12,0.722505322859046,4,0.017597493694329946,14,0.6123632298546562,17,0.07139820848018452,30,0.441256408554758,35,0.15238900723992232,50,0.3077882982172763,49,0.20793950170602882,57,0.20886094526925084,63,0.014015382248710795,30,0.4455881807733659,16,0.0056029606811729415,11,0.5148933496539624,23,0.011710806676879293,10,0.6191020643483304,18,0.05065545022258111,20,0.5667725241523113,33,0.05223730520518344,21,0.41274126598347993,41,0.11921084341848054,46,0.22581860052294478,57
"(15, 5)",0.04039219595141663,37,0.23229222913765496,41,0.03384566396768118,31,0.3377335809507357,36,0.1361648582149786,52,0.2648068556849894,58,0.3427847112971051,76,0.18149950178961285,72,0.426412433066904,80,0.13877511819415445,78,0.48786060623945937,79,0.09482993280816043,81,0.06100606866430813,37,0.22112457066083016,57,0.10540480067900804,38,0.2516598280843818,53,0.11591943589422038,43,0.27553585925288676,59,0.20967933730170696,69,0.24330799904035977,72,0.3037106949729774,77,0.185273607309612,75,0.3428184449550079,75,0.1074170293151516,77,0.03605845474772762,36,0.2315161344379191,43,0.03829989717200477,32,0.3266619294202632,36,0.14342726572534958,52,0.2594655294618761,60,0.341832790427018,76,0.17627463589187328,71,0.5091995112604524,82,0.11487308542378728,78,0.5288100971651135,83,0.0880458838930863,85,0.12808419402202964,48,0.2109535461387313,42,0.0851564312053118,38,0.22292319220333143,65,0.1251983279767046,46,0.26181125634227986,59,0.24486727361710592,73,0.2515715721208421,66,0.2389673047120302,73,0.18672588175356838,70,0.37740911109095654,77,0.10225250077961955,78
"(15, 8)",0.2834518804872894,60,0.12133163657874486,62,0.30964259242898473,68,0.16148109757853218,64,0.1144627660006845,45,0.2805839501730446,55,0.02703957041442573,18,0.4232035699646879,38,0.015128002143482311,12,0.4223388500932541,34,0.009633077613798502,15,0.35085069412465386,36,0.2229167494297658,59,0.14356451735234524,71,0.14688464063267315,55,0.22530728331657657,60,0.13454281445810257,48,0.2621863299850965,64,0.06687916609434996,28,0.3561049269371953,54,0.03522893521667747,16,0.37989806391885367,49,0.027033366465666564,19,0.2504923615450105,45,0.30026318776820204,62,0.11422195855299529,62,0.2913292228840981,65,0.1661000291824848,63,0.10822278699604937,44,0.28500381331748526,55,0.027215198286955844,18,0.40975465752515566,38,0.008176634921767123,10,0.4553263071472554,29,0.007005021467868744,12,0.37211097608941957,36,0.12196571809377499,47,0.21442368294220143,40,0.17566066549514203,55,0.17512019398587925,70,0.12480188158291394,45,0.262088187043206,58,0.052473472059430426,21,0.42039597101379683,43,0.054632408930105125,22,0.30537529336106173,49,0.02133097055176547,17,0.2664451747547197,48
"(6, 14)",0.017557321429645834,25,0.28865142745268924,35,0.0978088657200662,44,0.3219731651838415,38,0.18115867118287543,59,0.3440475289604507,46,0.2930434546704046,73,0.23259479288682477,63,0.31333334332386675,74,0.22701952449701648,62,0.17725589271367503,55,0.3152674677292924,40,0.04351464028708696,34,0.34954167705026384,35,0.10630744624980881,40,0.2860991096256443,49,0.19810626947033094,63,0.35896057239098034,48,0.15829390713829405,54,0.4312249995687891,43,0.15561524469861854,57,0.364328409273869,51,0.15437720828377044,51,0.25826052959467416,42,0.016942341388120674,26,0.2922978837334279,33,0.09830655883175277,44,0.31940753012797113,38,0.17198956532746235,60,0.35707972274740685,44,0.2925988264678694,72,0.21949924596263917,64,0.3402397556203034,71,0.20463841318852607,64,0.23698165084669753,60,0.30694539840204765,44,0.004904135094669915,21,0.34758091424758086,26,0.07100293983527806,36,0.37467711683367383,39,0.18823184605929377,62,0.30392739557202386,51,0.1328949871928653,50,0.3757352008148511,46,0.1972217663417718,66,0.30214101375560626,50,0.21405780554746034,62,0.286847218557344,44
"(6, 30)",0.4053753799501666,70,0.1013695083095714,65,0.15681430507376648,50,0.2750957357979903,46,0.08184230428781636,36,0.4483792803631079,37,0.03785925201850393,21,0.4601011512861717,36,0.033012189128502456,19,0.4806629406333843,30,0.08417873275921761,40,0.4040904541742649,27,0.2724356184459452,65,0.1896514361869264,64,0.1457645535895944,53,0.2575256107171001,52,0.07253679558563231,34,0.5017569155832353,28,0.09673606828658998,39,0.5081545898870855,37,0.0986890586279432,39,0.42405359442923846,45,0.09960818808052851,43,0.29887350601612833,40,0.4104422016027356,71,0.10101816556843728,65,0.15613467962688277,49,0.27376180549285034,47,0.08745830298090485,36,0.4473686425768261,36,0.0379730526728721,22,0.4335428771502652,37,0.027511546772170603,22,0.47323534748684454,28,0.055380273246925515,36,0.4983269051267149,24,0.5719984693205571,77,0.07113965817669521,75,0.20113993826858212,59,0.2647991026756833,55,0.07779934590757309,34,0.40801447165347066,40,0.11742405530055311,45,0.39156066628484804,45,0.0729911116621248,29,0.42082800898666206,40,0.06486970778863976,34,0.42705159881977595,31
"(14, 6)",0.6110132255251617,84,0.07464667611881069,77,0.3732760933392697,75,0.19770162103020356,61,0.2356350271343548,71,0.32884184451160653,50,0.14295526966106764,56,0.3153508824583638,53,0.12407567836595279,49,0.3176866786048443,50,0.1731247141669201,54,0.3082944979645969,44,0.4833585073506125,83,0.1504447791273444,70,0.3551797278858553,80,0.19274838546054004,65,0.24521782299802752,72,0.3400449528056125,49,0.2549874950667034,73,0.3530582260140904,55,0.2603259318387615,75,0.2892398567058445,59,0.17418840680994196,58,0.2516250671402107,43,0.6082916153280986,84,0.07620639907236372,75,0.3733244991719492,75,0.19484804824139546,61,0.2407998413037178,72,0.3336981098403794,50,0.13542589794154525,53,0.3019711764737293,51,0.09273560966092431,41,0.32325364174780097,47,0.13216997896626237,48,0.36536282676716975,38,0.15640916811769,53,0.16084417751084418,47,0.39780714636305614,82,0.22032616435742178,66,0.260679272223846,70,0.2766262391029389,55,0.26282409612840807,76,0.29327610627359924,60,0.17282204793245426,61,0.3224486983538373,46,0.16538386551445905,56,0.3299685753352364,41
"(14, 22)",0.0034730042204589306,12,0.4182721101753698,19,0.021947751696648976,22,0.5084211511329937,16,0.05589372736046072,26,0.5312260142914284,25,0.10861488726486157,43,0.3455925102085966,47,0.12592890086022568,50,0.3161205673319412,51,0.0867386815152591,41,0.3881633480078837,30,0.00996677320849959,16,0.5486331574442266,15,0.024848685744004118,20,0.46777714373703616,21,0.052348099667539616,25,0.5689665095539858,20,0.048978802262864995,22,0.6119039293504083,28,0.04723496156524987,20,0.5109080663339237,35,0.08607077872595714,37,0.3182793105842204,39,0.0035605405850829275,14,0.42285363725492087,19,0.02194043350314856,22,0.5011601019162293,17,0.05395183567907069,26,0.5494190793826634,25,0.11512342121699137,46,0.31877053388286153,47,0.16399450940030091,55,0.2673103866782084,54,0.11809413166258786,47,0.3793375718403456,34,0.09810517322359424,43,0.18790086382678975,46,0.01851342677669432,16,0.6125308920651025,15,0.047121856856858324,28,0.48923937986956734,28,0.046441329244786944,19,0.5226330391958489,36,0.08692985978585277,34,0.4054500430123692,42,0.09179142664363527,41,0.40151606016264063,33
"(30, 6)",0.007143019501762993,16,0.181188549222198,52,0.0940304260830579,43,0.183560076012784,62,0.1898975851765754,62,0.17746297031293196,75,0.3088482222859922,74,0.11539101369092433,82,0.3125267650077468,73,0.11853495015087956,80,0.18112048216807752,56,0.16287522948172434,68,0.03530187153821096,31,0.20843671784425685,63,0.10612623317438508,39,0.15292519225021062,72,0.20191432445798174,64,0.19035574511395714,72,0.12765467867805946,48,0.263245622425475,69,0.12449425837969086,48,0.20985197633231362,72,0.13213665464778557,48,0.14847395325214394,71,0.007405007967962618,18,0.18368296258058553,51,0.093536672398298,43,0.18606189565756778,62,0.18806708778807668,63,0.17772079781672845,75,0.3058413749434692,73,0.11145793524203572,82,0.3537619608641376,73,0.10296396774260719,80,0.2589550960229954,63,0.1504934162249109,71,0.0044375412524940705,20,0.19824454083713342,43,0.06994410226115266,35,0.1941743731994173,68,0.1858113668848388,59,0.15946511887776665,76,0.09945147367443707,37,0.23338831978106017,70,0.20343621268532452,67,0.15490090451254043,77,0.21658618528172968,63,0.14701945450620096,73
"(30, 36)",0.5263649841880302,80,0.043217770872870764,84,0.16211697374752654,52,0.15308226080446863,67,0.07688142987980662,34,0.2398872005695568,64,0.034027745853232094,20,0.2406999298560935,61,0.03319259644793182,20,0.25030051986839086,57,0.08186479248094303,39,0.2122324759875645,61,0.30340435381271824,68,0.10175744639355097,77,0.14598845191928334,54,0.13750350986839127,75,0.07061734436066835,33,0.2701787813064182,63,0.12238238290461778,46,0.26697285253058073,68,0.12550710944167798,49,0.20928594429238445,73,0.11812505117779504,46,0.15412651956109485,69,0.5218283724535902,80,0.044470105110282016,85,0.1628291929726513,52,0.15467044076021028,66,0.07789082728390329,34,0.23842241456232713,65,0.03472576018270446,21,0.23017553013365194,60,0.02509050485959574,20,0.24874394281481743,57,0.04767645909210161,32,0.26453978149968005,50,0.5835875788801443,78,0.03898342787231676,82,0.2032779721268746,60,0.13606471160424646,78,0.07915599728512723,37,0.2119313406199037,69,0.15458729204338884,59,0.2014767462198246,74,0.06986645045713169,28,0.22119424051848702,66,0.06374006124149667,33,0.221028138268525,59
"(7, 41)",0.03420453977942184,33,0.05611921069334317,83,0.03634037763426745,33,0.13282874089430194,73,0.10912196630180215,44,0.15960563441185693,78,0.1171888275132138,47,0.1464910039153677,76,0.15031870294899286,55,0.12232862622144287,79,0.23408736281376463,60,0.1275314622769908,74,0.1718724591843389,54,0.08353558774771652,82,0.13200433589884764,50,0.10845538617610032,79,0.12556765534537928,46,0.16208909379505881,76,0.1459017982510602,50,0.18326776314448387,76,0.17128752166511096,62,0.1480739816454677,81,0.2380288875270128,63,0.1383618153982191,73,0.036149143200668754,37,0.05881610804959464,79,0.03743574049833398,31,0.13493300460507465,70,0.10518175327451407,41,0.170183392791904,77,0.12196431076952485,49,0.14718107499715857,75,0.17165657102516985,56,0.12785903602630805,76,0.20136169651293356,56,0.1482068532314213,72,0.01340586741451133,29,0.21320209097986875,41,0.144215576253794,53,0.14769548684963768,77,0.11480605756267526,44,0.16234778933185207,74,0.1531981413306196,58,0.1785744906322984,76,0.19107933241331043,65,0.16637017363634088,76,0.177644069740716,58,0.18396382565308128,68
"(7, 19)",0.30808092322176417,63,0.026972293008044844,88,0.29910944722556554,64,0.06578776885203422,84,0.1423480781674058,53,0.14607248259129824,82,0.13315078194513452,52,0.1403864260393389,79,0.10269697920644627,42,0.1388928476271323,77,0.05649019101309427,35,0.20484198763408182,63,0.08753294804338985,40,0.10460435786029276,76,0.11824792595210842,43,0.11250781228770958,78,0.12443405804247143,45,0.16257981849244527,75,0.10619632025603098,44,0.20373695195056282,75,0.08790694134200538,34,0.18494656657543065,76,0.054984485524841586,32,0.22549976067026942,53,0.2998910771281216,61,0.02905412303122875,89,0.2947100104804089,67,0.06782899325662135,84,0.14716328836732184,54,0.15215894378681788,81,0.12808564803850253,50,0.14479805758145095,77,0.08767075845695738,40,0.15995579630604664,70,0.07089227410629362,39,0.2098912194806948,62,0.4432255797412967,67,0.06642753864976086,78,0.10757192534345716,41,0.16285645138019464,74,0.13578018916130663,48,0.15351677698009497,78,0.10049344803118465,38,0.20552185111133214,73,0.07623783674989337,30,0.22599032848087,65,0.08394284353577475,39,0.23618634106556,54
"(41, 28)",0.7000237778376697,89,0.020727351957635868,90,0.7789317322550294,91,0.032002389795859607,91,0.7036912220372205,90,0.048523522789222284,89,0.6279151954957938,87,0.055694090247252984,86,0.6708991586351947,86,0.04496025082565511,87,0.4851633626767091,78,0.07398470326503628,86,0.9085489992707989,91,0.008172342431170295,91,0.7919702647678193,91,0.024972147495991963,91,0.5836376424827955,91,0.0760517260181023,88,0.539283574275089,89,0.0977657003884034,87,0.6157869235682318,88,0.06746598776364515,90,0.45828954879435235,81,0.0842879118389658,81,0.7265804169299729,90,0.01930681531447371,90,0.7893991600371334,91,0.03062197951468089,91,0.7069624149628411,90,0.050664089660943046,88,0.5942498637312494,85,0.06067845817857832,86,0.5870156212135088,86,0.05813707904608072,84,0.4302983818081769,77,0.09020916621170226,83,0.6073544842638086,79,0.02154747339932525,85,0.906591527038585,91,0.013897356895853597,91,0.6053624545472656,90,0.07166027242855269,87,0.5209861557137088,87,0.098243405913158,86,0.461101246751067,86,0.10003507804865829,82,0.4136138642771421,79,0.12470314486530573,75
"(41, 7)",0.31777669896427163,65,0.061689449702067994,79,0.41207500369619177,78,0.10668638968068872,78,0.5979201348625026,88,0.0698834477955155,85,0.8310543306953359,90,0.022771044458202633,90,0.9379077353638459,91,0.007464975493689082,91,0.5593544661693831,85,0.060261849648281525,87,0.28909570581938104,66,0.09454671535219356,80,0.36161748004557137,81,0.1008613896361512,80,0.403538290549706,82,0.12363536125819387,81,0.41204582478608087,86,0.1367361883152826,81,0.5186397316472878,86,0.08983054258573499,85,0.5611686436135224,86,0.06365805445025413,86,0.3246089601315324,66,0.0628668121555794,78,0.42578885343530526,79,0.1040571505593746,78,0.6264204147160368,88,0.06752518220586527,84,0.8065988816990552,90,0.025825684259346143,90,0.9201751783481357,90,0.00949219296132028,91,0.6768664230976389,88,0.04364429415943126,88,0.0922709377105404,40,0.08606384161939716,70,0.4288748143848582,84,0.11145577838695715,82,0.4370234588467866,84,0.11447440658285328,81,0.44491888720285555,85,0.12015967790059226,83,0.48413554672838843,87,0.09418247266835378,84,0.6127388696666813,88,0.07189771391560919,83
"(41, 43)",0.0015370307458587584,7,0.2186613532565162,47,0.0004203967515437057,8,0.5179241887650802,15,0.00012459999648795073,8,0.5965397261247126,19,3.076957762959687e-05,1,0.5482243644601921,25,5.7308621861373865e-06,1,0.533573026328019,25,0.0008715534215917309,7,0.4150973903041541,26,0.0007764599655852855,8,0.3274381589069594,39,0.0006387622545031002,8,0.42210084870882136,24,0.0013845320798641092,8,0.5451981679611297,22,0.0016806245632475791,6,0.6069943973945454,29,0.0004644547407111066,6,0.5727162493962326,31,0.0010490405138778858,6,0.4354248194065354,24,0.001267611653698375,8,0.22981245028112238,44,0.00034620807053531433,8,0.5281977394697687,12,9.331010787505534e-05,2,0.63793350180396,13,5.55960842227865e-05,1,0.5272975255217047,24,2.2456310849072736e-05,1,0.5076345074381788,26,0.0006476676997779762,7,0.4473914396247571,27,0.023934590351275542,31,0.11940273606940273,60,0.00016498246107865544,8,0.5902094842712264,18,0.0009397672483854036,8,0.5641450857756408,20,0.0014832767987560391,6,0.5851495437039373,31,0.0016748977160838674,6,0.5031966959818932,30,0.0010818679961515087,6,0.5738599563413055,14
"(19, 34)",0.054367635639804734,41,0.13205739914467568,60,0.030747042020914606,26,0.242480061040569,54,0.011615896244768775,11,0.6099060879878799,18,0.003703204894926926,8,0.6928031322941516,9,0.0014819575105212701,8,0.7267949091314666,11,0.000994583326178966,8,0.8891856545524875,3,0.017067878991858687,21,0.4060410865396075,31,0.01720351469252468,16,0.45456554622609896,22,0.012610869845498307,11,0.7221968108952999,13,0.008259773398291204,8,0.907976460589677,5,0.0039296638027483954,8,0.9541866245371118,4,0.0024123559454722887,8,0.9620032081145568,2,0.059267067118475625,43,0.13011466401114088,60,0.030812919158980767,27,0.23716723134120346,56,0.010566011268156261,11,0.6225371272334845,15,0.003664612033693504,8,0.6728614440139656,7,0.0012094940040305868,8,0.7582554711738966,7,0.0008236803115474478,8,0.9606470474278367,4,0.0028258627218507026,18,0.4424368813257702,17,0.01964171728515751,17,0.6205081424735062,14,0.014134761994248679,13,0.6932952000297985,13,0.006815182589864799,8,0.9081114727336953,4,0.0030998499311754024,7,1.0,1,0.002421430118001777,7,1.0,1
"(19, 7)",0.23967731636207545,54,0.08053795120041175,74,0.3238445970988515,71,0.11061947539661975,77,0.462834185878539,85,0.17856872595637827,74,0.6039667916839444,86,0.12680354732655677,81,0.6954814813905108,87,0.09352519100051429,82,0.7294396335077317,90,0.0985998800657387,79,0.4093946226058429,78,0.14079345129099713,73,0.40827052436049227,82,0.15818048422597214,70,0.4516350544697807,87,0.21909948988864786,69,0.5078988186650959,88,0.23004081607052412,73,0.5973643017432206,87,0.17878813798100143,77,0.6492010360292133,90,0.1490037671595763,70,0.22710811029016498,55,0.08314826193397527,71,0.3235283895109977,70,0.10830824032234215,77,0.4755860254099743,85,0.17500854418818426,76,0.6051235849090592,87,0.12264606470304204,79,0.7132101486186987,88,0.09042273128854066,83,0.744320717001168,89,0.09936422394815168,80,0.6330020558650487,81,0.07285062840618395,73,0.38931906658825777,81,0.22928311792275008,64,0.4358900710199458,83,0.22108300957273316,66,0.5322394615790379,88,0.2124528871314564,72,0.6232568747486891,90,0.17069646630419352,74,0.6488233441979828,90,0.15511310480485524,71
"(8, 35)",0.03807948886422907,34,0.5888917308475667,7,0.03139244068321734,28,0.6793656963519622,6,0.043603579368713064,20,0.6726021241009944,9,0.09457087180700763,37,0.5922786822549637,22,0.11880072249089313,48,0.5983397051807146,20,0.21213506952572725,59,0.3856827963921482,31,0.03899290319575055,33,0.5683935943137616,13,0.023479156469638607,18,0.7450830140485314,4,0.017708587562515365,15,0.8018789909246222,9,0.04044792292371757,14,0.775174483605362,16,0.10588409602521687,42,0.6614021494123331,26,0.15518459234334736,53,0.39404087240254165,30,0.03299799961143579,32,0.6038871735407932,6,0.031010851771325676,28,0.6745295796544427,5,0.03911367258236986,18,0.6988910232991173,9,0.09548243511229926,39,0.5537014195125189,23,0.13545804097181546,48,0.5323109369933754,23,0.17111355686824714,54,0.4718010132497372,26,0.00493426464953306,22,0.583431579727876,11,0.030657447018973327,25,0.5982030242808142,17,0.019603010305,17,0.7679288336682953,9,0.07502607843601128,28,0.7114994838590198,22,0.07697096898335787,31,0.5847239274051431,19,0.1427856579235024,51,0.3804039628661213,36
"(8, 32)",0.4547244812313007,75,0.16808501456240674,56,0.27403500999090724,63,0.29403342834931334,43,0.25653383411590713,76,0.32929588384006075,49,0.07108099819763491,31,0.6513693496853815,14,0.05954583014897663,29,0.7563868217390496,6,0.028966863131418608,25,0.7707597814986051,5,0.32276909986547486,73,0.2285953430921088,55,0.257460391782559,68,0.31645335724572704,46,0.26988830681891607,75,0.3124159406768366,53,0.20324663856802339,67,0.4292712222398191,44,0.07244703555328569,29,0.753688013202383,14,0.02915629720588142,21,0.6685813045114568,7,0.43985249831731454,73,0.17332024831991127,55,0.24790291527372854,62,0.3115197531397344,40,0.2364708979048452,70,0.3510339730390878,47,0.0694224498779803,29,0.6155179897219025,16,0.05960418668341927,33,0.7105223234603818,9,0.039398401848817155,29,0.7830700410348533,8,0.7106926771903295,82,0.052242983724465196,80,0.13082885928624755,48,0.3846323902429943,38,0.30294694626015983,77,0.2802457719483776,53,0.25552477411848296,75,0.40744614814789404,44,0.1126815786648192,44,0.5107697961297221,29,0.040617035732282813,25,0.5754815649962819,13
"(8, 15)",0.21156723062922478,53,0.31414063906177464,29,0.15227219363893085,48,0.41057772595087966,26,0.2535800885664137,75,0.3318332532844494,48,0.43890521127235405,84,0.22981047425169826,65,0.5284194250086678,85,0.19861265157664496,68,0.5928061554439036,88,0.13971727442227913,73,0.22381891160773204,60,0.2950332094525045,43,0.2557900813609738,66,0.31782831988261195,45,0.25109983343854425,74,0.3279873623244599,51,0.32897191701876416,84,0.3096721386021554,62,0.46645945612492656,85,0.248777370793753,66,0.5036980965812361,85,0.15736021134094078,67,0.2098545387402947,54,0.31299056761863675,30,0.1595365563765624,51,0.3977422178950138,28,0.2680384953541114,78,0.32331544806059553,51,0.43477069293811044,82,0.21791336465429853,65,0.5651536146803894,85,0.167750936279453,69,0.6233429913411275,87,0.13819470127918376,74,0.06380327114715634,37,0.35664368071775476,24,0.2358969674433704,62,0.2844001470718278,52,0.2588336183438251,69,0.3137381919826133,49,0.3311392906632231,81,0.33602321091132314,51,0.3680022646334927,85,0.2536957229836386,60,0.46786474971596115,83,0.16114376184422002,70
"(8, 42)",0.0662031223385604,43,0.5075222435895411,13,0.2001636596242835,56,0.3575530505888112,33,0.09592274785151855,40,0.5305356891900032,26,0.09237823045468896,36,0.5972247709175476,21,0.06804115664029742,31,0.7270721929275592,10,0.05918283190457552,36,0.6449904932654661,14,0.09331733152413657,43,0.44040447271190664,27,0.15769716173006154,56,0.4165086093674991,26,0.188308838220838,61,0.3885146187493185,44,0.09840802164786322,40,0.5945708197240565,31,0.07471253458256955,30,0.7463849420383193,15,0.10377928864275454,44,0.4662179690954067,19,0.07940991931759633,44,0.47534906745202443,17,0.21428022355920118,56,0.3406348433633403,34,0.10863432244434401,47,0.5124290579843124,28,0.09470211058078004,38,0.5553284925431542,22,0.05358052492088072,31,0.7321556588759888,8,0.053511579212808025,35,0.723452093716795,10,0.4950935590524963,72,0.10483446409372334,62,0.27307827911076255,66,0.2581785433373204,58,0.14944715995740043,53,0.42490238597661806,37,0.0404573699264934,15,0.8456995682249209,10,0.08894579775083844,35,0.557139635689409,24,0.09350210347934118,42,0.45004677717273966,27
"(35, 40)",0.17832101223662922,49,0.5944724956291727,6,0.07818975684963969,40,0.6791130402234317,7,0.09295321174807247,39,0.7459866166502709,6,0.11177615244556638,45,0.6518658450625721,13,0.14806937262335174,54,0.6464616109104203,16,0.16829281202904556,52,0.3973999234549254,28,0.13121729309516295,48,0.6414002145341466,8,0.05284873698270309,32,0.7870094109761511,3,0.04261504145232564,23,0.875422568489416,6,0.08833622704831434,35,0.8162806414536353,11,0.13489520518455034,51,0.7024684028336823,19,0.09143103250419982,39,0.39661686415936803,28,0.1702415182914263,51,0.595803100724427,7,0.08048588510920385,40,0.6732137505774338,6,0.08861734713196234,37,0.7794589298130717,5,0.11690100168199469,47,0.609544427179519,18,0.16090099416719528,53,0.5799935152050594,21,0.154745641916894,52,0.47823509037647566,25,0.0034079649707103865,19,0.6900196492789085,5,0.05599748643515612,34,0.6489986549443594,12,0.05657282502801364,31,0.8229230602299983,7,0.14040226065050376,52,0.746706814775693,20,0.1069112888554059,40,0.6144129020403732,15,0.10848171366901838,44,0.4209513757286444,32
"(35, 8)",0.08353334843731353,45,0.7654426245383131,4,0.18753028086506518,55,0.5073428637240506,17,0.1636767501866936,56,0.6177652925542183,15,0.13922773757121099,54,0.605851270908115,19,0.10446057145923238,43,0.7261845749657655,12,0.08985205079195124,42,0.4898618709335429,22,0.1189822660209725,47,0.6626721419825988,5,0.24382331975331106,65,0.47275164624149707,20,0.27552438996188233,76,0.4699143352194933,34,0.17061977665439354,58,0.6554546609192788,24,0.11560093449580022,46,0.7395573377877959,16,0.16591876881274614,56,0.32516506443633286,38,0.08858052284404472,46,0.7407616787597103,4,0.18348522408272938,55,0.5115159581080853,16,0.17018460977234917,59,0.6270844872897835,14,0.13346468700060177,52,0.5832068976301792,20,0.09488080638649943,44,0.6916450258945597,11,0.0993335531544719,43,0.5543902596525833,22,0.6130704901227553,80,0.12223334445556666,58,0.23536452181885836,61,0.40214836568758405,35,0.2338743436313111,66,0.5127444804148454,25,0.11076748284122262,43,0.808110443881243,14,0.1450219509944327,57,0.5550391287280868,25,0.14311533535874,52,0.3838150982320628,35
"(32, 10)",0.3661434179482711,69,0.18394419656249306,51,0.26063362932592204,61,0.30480982407647345,41,0.15653617093504701,55,0.32846038970164676,51,0.06873338739892754,30,0.6469146113701729,15,0.046388888178910515,24,0.737766982470707,8,0.015402602183190561,17,0.7124115587155982,10,0.3602045670787064,76,0.22408795900014084,56,0.1737513471963399,58,0.33453257610753334,42,0.21410429953040566,65,0.281153445372042,58,0.14971096389231908,52,0.3871427025789547,51,0.06453026940518247,26,0.6884383553373049,20,0.023277056796408346,18,0.6136030634205517,9,0.3455714871192953,68,0.19027619137506288,50,0.23449495499828088,57,0.32041844804143654,37,0.14333457296949614,51,0.35655612816113913,45,0.07621414655017,31,0.6152105774240376,17,0.04590822076124823,28,0.6785281895225941,12,0.01814142782652528,21,0.719606910762403,11,0.7986982208938741,84,0.052013124235346445,81,0.2529799846720395,64,0.38957744774528646,36,0.26585582009150455,71,0.24324556303574352,63,0.11117051567352498,44,0.35796348945597706,50,0.0668528816267574,27,0.4628172684222395,35,0.037819599256650016,22,0.5231558999208387,18
"(32, 8)",0.023051201482178763,26,0.4623866768977178,18,0.04713645129300281,35,0.5389975814114192,11,0.09801216706901539,41,0.3839381271032137,39,0.2057681050503315,65,0.44885926113941826,37,0.2629907314901303,70,0.41375544498627526,37,0.4238893501687081,76,0.23596349577671763,54,0.024009163229082753,23,0.5526827603393539,14,0.08634446625546621,35,0.42234721882557547,23,0.06484873485978926,32,0.4186502647490034,40,0.1031697656897439,42,0.4382999941982535,42,0.2148123572619054,68,0.4610695741426501,42,0.36472274805327476,76,0.24521249191577058,49,0.02653159654358639,29,0.44768851761179895,18,0.05633244224540579,39,0.5154372727070485,14,0.10829964695626493,45,0.3914736578048423,41,0.19112305195480184,64,0.45282594285182504,34,0.2645272777692078,67,0.37847851242373676,38,0.4007088318824814,72,0.25647370305794776,53,0.0003761486762424715,14,0.6685296407518628,6,0.049651943584650304,32,0.670363630440145,11,0.04549679214515179,27,0.4381270415541805,33,0.13993131647085066,51,0.3315356994653396,54,0.20973565412590878,68,0.31614926544895733,47,0.293198696397164,72,0.26433180607863366,49
"(42, 27)",0.278207471409435,58,0.5318294109040691,11,0.32250611463867673,70,0.4233293023523653,25,0.23718885448149662,72,0.6154811967488313,16,0.12272266196628623,48,0.7134046891801737,6,0.09654493429931399,39,0.8672755550323136,3,0.025148379216741068,23,0.7589157615313926,6,0.3186444802578343,71,0.4640790742526518,24,0.3037715283793069,74,0.487593634230954,17,0.3233230730815837,79,0.4569828306939211,36,0.16409984007806278,55,0.6866962817077206,20,0.08947181289528161,35,0.8733421550474965,5,0.027911292468397075,20,0.5289132237897406,13,0.29857477820405065,60,0.496174656036859,12,0.3275207683321959,72,0.403958872325975,26,0.24631568434386808,73,0.5952765370699916,19,0.11445247084898069,45,0.6617129806559096,8,0.06444879017078764,35,0.8688524590163934,4,0.016982173351573926,19,0.8612974997505034,5,0.5583755990480093,75,0.1260427093760427,57,0.3615395450696379,76,0.31599731919706225,44,0.2820202122883769,74,0.5099152527276055,26,0.10607538747603851,40,1.0,1,0.16378758731715726,60,0.654664962875732,11,0.034700233294759464,21,0.5177969151054286,19
"(42, 8)",0.04184907289360007,38,1.0,1,0.031026834344459298,27,0.9238720451469868,2,0.05530172093518959,25,1.0,1,0.1273053385699321,51,0.7047396014659905,7,0.15855964343645135,58,0.7350824415845143,9,0.35342455787352245,71,0.314483597045442,41,0.03184801419647376,27,1.0,1,0.035214469277277116,25,1.0,1,0.03085576714634697,21,1.0,1,0.09266361599006745,38,0.830802256095362,9,0.16887205175345188,61,0.7066872283046209,18,0.338116674231688,74,0.230297316949295,50,0.03647177082504505,38,1.0,1,0.029991119721691994,25,0.8962294397617244,2,0.051957513849596015,25,1.0,1,0.13617641734799868,54,0.6244687984145765,14,0.21499413867281247,62,0.5814897775239388,20,0.4101090617966384,74,0.2979781969320723,48,0.005502175796989972,23,0.587915693471249,10,0.02379063816229099,22,0.782708355634573,7,0.040784710018086145,24,0.971461562504555,2,0.1460513614522937,55,0.8988826662368349,7,0.09287723969717288,36,0.7909390059549164,7,0.30595028103642186,73,0.2506416868568139,50
"(9, 34)",0.013558808413092427,21,0.3228149284931619,28,0.0104841355134635,19,0.4791799833002217,22,0.0909237781851393,37,0.5958787437009765,20,0.26840370791067436,72,0.34748245116080445,45,0.2668025171940196,71,0.3356992818504588,47,0.34404302363492634,70,0.314387404037241,42,0.06890647903306846,39,0.5455830886416088,16,0.053721829395525944,33,0.62827097089753,10,0.08755118614040014,37,0.8203750711853728,8,0.10832536030696116,45,0.8480271709900131,8,0.15195168667519598,56,0.6735202664627274,23,0.28379889183459484,67,0.4134832158608015,26,0.012224648254829718,22,0.3248094551099931,28,0.009855684071241488,19,0.4668006705428336,23,0.09769294054678168,39,0.5669047815465739,23,0.324312010003031,74,0.28596208988491495,54,0.3289973232799621,69,0.28811527466676184,51,0.36821625850322903,70,0.3198986750262705,42,0.09332282421193616,42,0.5779946613279946,12,0.05119478755534568,33,0.9095415175392463,4,0.07875234788896335,36,0.8518825619490741,6,0.12345814343210826,47,0.7686162277467788,16,0.2227162688899349,70,0.5362556688632207,26,0.2351307564063424,65,0.5142010698778996,20
"(9, 26)",0.4416579138231833,74,0.10108004955533871,66,0.47662548745655553,82,0.13426117877400595,70,0.16667599346800044,58,0.4868845952486483,30,0.044718407185551756,22,0.6314906694884298,18,0.045205949380025534,23,0.6066644153494396,19,0.026809069919064066,24,0.7360525254757971,8,0.20540907347028914,56,0.37908887998006346,34,0.24142477391064876,62,0.3807179152740415,35,0.17184386473316282,57,0.6552219771964474,15,0.1433035814921696,49,0.7725041121838244,17,0.10143998910467966,40,0.7706362703268396,12,0.04029763625400573,28,0.7925650666286662,5,0.4558882034268765,77,0.09721978777623472,66,0.4848428906998732,82,0.12739724951809644,74,0.15697322109950718,56,0.48401184569617034,32,0.03064991386803928,20,0.6277976998237148,13,0.02969259011017744,24,0.6423144768585036,15,0.022725325907509752,23,0.8094873285077756,6,0.16313908641129005,54,0.47980758536314083,15,0.2484850821552117,63,0.5371938136748875,21,0.18652645448943295,60,0.6390783228040287,16,0.12655464081735668,48,0.7622956441816678,17,0.06109064001452902,25,0.8253363734308838,5,0.056087320532492546,30,0.8291145920790655,5
"(34, 9)",0.4985709094309324,79,0.09300993948733169,68,0.5129361286398132,83,0.13127249431343757,75,0.22212381863263997,68,0.4887748814324168,29,0.1038811451684798,39,0.5980762733520041,20,0.08169918100362084,35,0.5891630056943867,21,0.04124441684131097,30,0.7383836709298589,7,0.2585802068108274,63,0.34454129782323684,37,0.2971226753243388,72,0.3575555012092064,40,0.23050353000820567,66,0.6190673807417818,19,0.18177865335485976,64,0.765302106347581,18,0.13270000189693087,50,0.7826135082917406,11,0.057920351254199254,33,0.8039323153598533,4,0.5063635511579812,79,0.09099734383216257,69,0.5213941396180327,83,0.12443712483167728,76,0.21449397192097963,65,0.4858115968624731,31,0.08510659090145944,35,0.5913628586445026,19,0.058516679781861036,32,0.6159127348878993,17,0.03629647493148813,28,0.8032117551058746,7,0.061084202419765754,36,0.40904793682571455,22,0.29440547853693455,69,0.5032043972614854,26,0.2435949251322297,67,0.6011938790217707,19,0.1616116451494608,61,0.7548913360334993,18,0.0852882049955217,33,0.8316504221893715,4,0.0686064118976305,35,0.8405426152037805,3
"(34, 19)",0.008876991882017071,17,0.3561911017221216,25,0.00794166992569778,17,0.5266930120065648,14,0.06134131573833845,29,0.7505671630727034,5,0.14880308770025863,59,0.5305563320739443,28,0.18140201043180326,61,0.451607006760148,32,0.2803611679016249,65,0.38979044250830436,29,0.047797947315187495,35,0.6048346028409521,10,0.036831017231574226,27,0.717107324982111,6,0.05789801179923648,31,0.9811661678641964,2,0.08147823407368526,31,1.0,1,0.11760377739483685,47,0.8147616124617615,9,0.23044742640253002,62,0.5073479708127345,15,0.008358813384336639,19,0.3573836265262372,25,0.007430496178341017,16,0.5132544751929251,15,0.06467325459450646,32,0.72448823259048,8,0.17574145780901762,59,0.46439090029085944,32,0.22895844093082407,64,0.3908650656957322,36,0.2992885270573742,66,0.39757724121331667,32,0.22273151878941377,58,0.2657602046490935,33,0.03751277309054901,29,1.0,1,0.052931217916868833,30,1.0,1,0.09438268376598935,35,0.9031181088320123,5,0.17544732794273954,62,0.6539153783835702,12,0.20603213108936236,61,0.5825988917408305,11
"(26, 9)",0.005801561408250611,15,0.3595793480125761,24,0.0042846611378890564,13,0.5039921107943912,18,0.05300587393996037,23,0.6119739745892412,17,0.1927855856553633,63,0.3472706474334019,46,0.1686453079687913,59,0.3418351540086872,46,0.24012800657521138,62,0.32312664116528617,38,0.03362790548438177,30,0.5726030143131114,12,0.031543106409596344,22,0.6605037906578626,9,0.05121743370327492,24,0.8437435630248028,7,0.06256119703712426,26,0.8744752947522418,7,0.09641672298431714,38,0.6740712043149252,22,0.17649154417031077,59,0.44039045458033255,22,0.005283532119005119,15,0.36093064108219103,24,0.004010052931227914,13,0.49136106847153144,18,0.056589458611375765,28,0.5862861991578714,21,0.24413403163390424,69,0.28598726260409496,53,0.21968746015470153,63,0.29436358281945796,50,0.25973803212452207,64,0.3289715456461375,40,0.03965276265396156,34,0.6041541541541541,9,0.031126476525738855,27,0.9263733297341071,3,0.04448764746054534,25,0.878416085948925,5,0.06694817146445153,25,0.8119806438558645,13,0.12896022769363802,52,0.569769821185471,22,0.14832934611721527,54,0.5604984767433493,15
"(26, 20)",0.5520010390257795,81,0.07876435846993153,75,0.5875966226589947,85,0.09773185338746367,80,0.24338852547063705,74,0.368191919644305,43,0.07531955786569189,32,0.47503288531557036,33,0.08962042555449079,38,0.4220259376529708,35,0.05420028181686054,33,0.5307050128837231,19,0.31059815721421113,69,0.2729107299578516,47,0.3200668771146593,78,0.3050913471554216,47,0.24842017754475387,73,0.49844906762307495,31,0.2192783209215673,70,0.5756837828641498,32,0.15873826085974452,58,0.5708596643052649,32,0.08464551990953573,36,0.5626148691359649,11,0.563210911759145,83,0.07612164824941398,76,0.5950928833866723,85,0.09280880761414212,81,0.2338315052335722,69,0.3653595882627266,43,0.05273674866877598,25,0.47663399552840985,29,0.0623841600517373,34,0.44784499555285856,31,0.04742377765571104,31,0.5798800068097896,20,0.28618766219577685,60,0.312623734845957,30,0.32203227316583616,71,0.42513764713000496,32,0.2691678750690202,73,0.48206509329001773,30,0.20953160524325165,69,0.5551053373435715,34,0.12112168990753591,47,0.5818049326417947,20,0.1042548018974796,43,0.6304027634514358,9
"(10, 32)",0.010479503289751002,19,0.5054002477766936,14,0.03453349721092658,32,0.4825379344101812,21,0.057595588878042836,27,0.38132971749178785,40,0.13658431837045093,53,0.4658387170353652,35,0.1788521748405134,60,0.4183623835872778,36,0.3808139577213334,72,0.20552147867073545,62,0.00913250300678281,15,0.5835410052766732,11,0.03242495300633963,23,0.4054618081030407,30,0.042015561204556184,22,0.37794283360191927,45,0.0691953870711044,29,0.4123614833027304,48,0.16395494895150264,60,0.41551028417324104,46,0.3120067443236496,71,0.21462944084536378,57,0.010667251024641167,20,0.4873644227602188,13,0.04069587011812237,33,0.452988718286949,24,0.05985978079941057,30,0.394519261041364,38,0.12048110802415324,48,0.48620420567484635,28,0.17975685854645307,57,0.3882428882919705,37,0.3422159331559632,68,0.23450626089713106,56,0.0001323592684869812,13,0.7124958291624958,3,0.020577582481283274,19,0.6712758481064501,10,0.025483738475101658,19,0.3858389623681948,43,0.10743538176754386,41,0.2856711718972382,61,0.15124551965853827,59,0.28785714882279745,55,0.25448598727098626,67,0.21852855806366495,61
"(10, 29)",0.47668450319509903,77,0.1415811184475748,59,0.30666358726274034,67,0.23301877285422248,56,0.23126536258165986,70,0.23991654324724604,63,0.11408994019113539,46,0.49463716392236495,29,0.08321369437014825,36,0.5399071796365259,24,0.0208349143753086,22,0.5413742501550345,18,0.49486821359660316,84,0.1542072529877672,69,0.31598907213403615,77,0.18982455186906153,67,0.2776200387402854,77,0.2014091674643467,71,0.20481207648169364,68,0.2872005632398207,63,0.0927626668815753,36,0.5023798502656577,37,0.03330942253099034,24,0.452433672779623,21,0.4743101966172929,78,0.13756792104305152,59,0.28234302046755233,64,0.23750812987383485,55,0.2256645779898887,67,0.25348880669258267,62,0.12963049597044884,51,0.4744851606820435,30,0.08267257978139908,39,0.5029731892399999,27,0.027144378736625008,26,0.5457929002072289,23,0.8547714396955395,85,0.03826048270492715,83,0.3826097347933486,79,0.25338474641745123,60,0.35148374242393476,80,0.16088863984919421,75,0.14438172509194513,54,0.2588678507615223,64,0.10198118513649113,37,0.3282699840478398,45,0.049146058573295015,28,0.3780651042291362,37
"(29, 10)",0.00545403445392989,14,0.3814697978735833,23,0.017311380116430186,20,0.3770889119230659,29,0.028330579500646325,16,0.28428112756188606,54,0.0853252843175838,34,0.35481754866769444,43,0.13181436427488358,51,0.29131063840334104,55,0.31429415761660207,67,0.14159815473157034,72,0.0022224775056184365,10,0.4933228955608768,20,0.011731772909221005,13,0.2936188328215719,48,0.01384382260296868,13,0.27141770970907897,62,0.049219790520911855,23,0.2545649552559903,70,0.11330122163512124,45,0.2751972307196909,61,0.29839172596273533,69,0.12435097796339536,75,0.005581222045971446,16,0.3706731334112785,22,0.020425783832661804,21,0.3557848714334882,32,0.0366602422659188,17,0.2901017053021107,54,0.08103240924041333,33,0.3549772949701094,40,0.14212797527112353,49,0.2627888782792091,55,0.27044576887225524,65,0.16636727074197352,69,1.2628011889281865e-05,4,0.6488173358543728,7,0.006688553947528653,13,0.512912999567162,24,0.011810921684669129,11,0.26840576987544595,56,0.07580147408628723,29,0.18421603157891128,75,0.12176001366098921,48,0.1799107180142484,72,0.2617708563605565,68,0.1186892796315398,76
"(29, 31)",0.5594267282903421,82,0.08149263880073553,73,0.4073822466063084,77,0.13158921424663847,74,0.3359208482578244,82,0.12466777139274249,83,0.17538736845672975,61,0.27906041465510295,57,0.11842463154024896,47,0.3019000910854034,53,0.03279853959333867,28,0.30075869676893824,45,0.6573669758803831,88,0.07404136825111331,84,0.4614881672221711,86,0.08633461047254153,84,0.4387773482503471,84,0.08576474294507518,86,0.2542654764258889,72,0.14725930200285697,80,0.13747756669790945,52,0.25801501368539687,65,0.03651686411058519,26,0.25046495737738467,46,0.5566657260209208,82,0.07992869373941819,74,0.38367875039132504,76,0.1338416058480129,71,0.29781118999772416,81,0.14431175932831738,83,0.18254231224323225,61,0.270789805506418,56,0.1093065251180998,47,0.2868257523700735,52,0.04410449768577229,30,0.3045091374462114,45,0.931753513807974,88,0.015469172876580282,88,0.5345709190082994,86,0.11907465756931226,81,0.46057535493266055,86,0.07915035717582508,86,0.1918871583830868,65,0.1351672056710347,79,0.12829695899277238,51,0.176801717154001,73,0.04677422075520643,27,0.21072516611893397,62
"(11, 20)",0.0019799112658834828,8,0.41623537312285985,21,0.0007765469627514232,9,0.5377839682128359,12,0.01444508537807987,13,0.633747785786098,13,0.10708659936542086,42,0.38913146751685435,40,0.07619006389978922,33,0.3985063852726676,39,0.11160201966739525,45,0.3842624145263722,32,0.012426600886846106,18,0.6937281267268374,3,0.015001459206429146,15,0.6688604476327636,8,0.016391952264898535,14,0.8806584798439373,4,0.024255339698800782,10,0.9613415519515037,3,0.03679158208663469,17,0.7575948921268718,13,0.07901521506913411,34,0.5249231769834224,14,0.0018528568053922667,11,0.41701160893658906,21,0.0006796595506649572,9,0.5278450632527086,13,0.013671982087065992,13,0.6083428315523821,18,0.14227638131219322,56,0.32520483346720647,46,0.10088061938246795,45,0.3583027685314914,40,0.10873822229909502,44,0.4102105751337008,31,0.11248614968519455,45,0.3184944203462722,28,0.014192249098725185,14,0.9385649326774055,2,0.010069180613575535,9,0.919413166030482,3,0.023517337028866603,12,0.9004396629479365,6,0.051930838586431216,20,0.6554542189705428,10,0.058834243471418635,31,0.6839542303355962,8
"(11, 18)",0.6686161521492382,88,0.05977165388311549,80,0.7488220776755219,90,0.05443407906481242,86,0.4328674609171481,84,0.20403508148770466,69,0.14480735093799124,57,0.35189345672258177,44,0.19116751187618763,63,0.29326711569085495,54,0.13942952787511032,48,0.3567798674173815,34,0.4536499508705478,81,0.20912203525727843,62,0.42758882111527896,84,0.2189632528101592,62,0.4151187753717217,83,0.29988882965188834,54,0.35871423532191726,85,0.39164924836022263,50,0.2972813827345264,76,0.37754085493479317,50,0.1860602859980458,61,0.3945615515874321,29,0.6749340236442845,87,0.05839042777977885,80,0.7587453835623108,90,0.05088286831109314,88,0.4405078023081893,84,0.1911793673428501,72,0.1091820412076634,42,0.3552091891104343,39,0.15268653088624906,51,0.3120703451517234,48,0.1428072522724968,51,0.37458539534938323,35,0.13840913956279122,50,0.29722129536944353,31,0.4353257571366067,85,0.29983105356486284,48,0.482002527822349,89,0.2532166877468692,60,0.36322539492317096,83,0.3615696173011828,48,0.2463909834411825,75,0.39006998905898965,43,0.22817223962090127,64,0.4353275601506465,29
"(20, 11)",0.32498822615017353,66,0.1258671921132489,61,0.3525203610471802,73,0.15568008407474593,66,0.09132720326747445,38,0.5533303167001533,23,0.018777876311218744,12,0.6978881367617525,8,0.022549004018072916,16,0.6271291987582642,17,0.017623944688122783,19,0.7220267662161969,9,0.15128042841615885,51,0.42394601974147555,29,0.1282245264160965,48,0.47283860040035147,19,0.09457843234120622,40,0.7496516460481516,11,0.08761349444728639,33,0.8296497469968122,10,0.056484032070971635,22,0.8109905812268557,10,0.030042199197656716,23,0.7644812756457335,6,0.3413734909259023,67,0.119793362084408,61,0.36172220583187964,74,0.14782106294910605,68,0.08516498349302237,35,0.5517053862899031,24,0.01259549135101068,10,0.6936441935309163,6,0.01545640127211545,15,0.6540584999895886,14,0.015560869623942652,17,0.7797033045091375,9,0.03003001563545471,32,0.49744744744744746,14,0.13373728885757163,50,0.6475279366660305,13,0.10797767350361032,41,0.7187550102593919,11,0.08708775471403707,33,0.7791225260385408,15,0.045374820245844605,17,0.7924172951483719,6,0.042266062078708755,26,0.8374457264854751,4
"(20, 26)",0.030509923214134815,31,0.2769415051223673,36,0.025304096489073613,24,0.3745969019031989,30,0.16607334889961667,57,0.4533335598382137,36,0.3957763344710896,81,0.252649261602471,59,0.3693493709769068,77,0.24693748567108872,58,0.40483609611066096,74,0.2539966148247752,50,0.10195434686312255,45,0.4835442557940472,21,0.12182999105198711,45,0.4809706257982121,18,0.16133183206638657,54,0.6274081860149519,17,0.17174622902462855,60,0.6629122572086701,23,0.2341032532206353,72,0.504880454033167,36,0.32726954898887306,72,0.3448595262367501,34,0.02730032673439786,30,0.2780481885474672,36,0.023760883306357616,23,0.36635926910307703,29,0.17564680769188556,61,0.43342520089364633,37,0.4518022298879234,84,0.21032569684570576,68,0.42339971236553875,78,0.2169714222821124,63,0.4224532288050309,76,0.25942656874658776,52,0.3273294327047932,63,0.22435583731880024,37,0.11665179534954806,44,0.677712567660022,9,0.1437234323234715,51,0.6534058427519462,14,0.17257267468429083,63,0.6202985729816487,28,0.26625207458406397,77,0.4393337676329835,38,0.27674064620554717,69,0.44764075131335906,28
"(18, 13)",0.29152571359982216,62,0.1114353049158517,63,0.39534921446566473,76,0.10541087213152515,79,0.07349612658821658,33,0.37097947402478065,42,0.006230753363060004,9,0.632589990858997,17,0.01095325119872459,9,0.5261235415491954,26,0.008715449954919685,13,0.6008931623144447,15,0.13161754853604646,49,0.3901921055768043,33,0.12156404648875774,44,0.36861317174352154,37,0.09070883841839139,39,0.4991578921859665,30,0.046878750736056296,19,0.670992365215237,22,0.03487433499517434,14,0.6644285340524876,25,0.015643855271599838,14,0.6507959997223045,8,0.29618713421112053,59,0.11111121811972596,63,0.42285503660796775,78,0.09505441944521874,79,0.07560011619700813,33,0.34918539794030345,48,0.0038753691747022145,9,0.6311738954325247,12,0.006235497244658217,9,0.5515273476891225,22,0.008323628783053705,13,0.6169904252009181,15,0.2068927735477405,57,0.16079968857746635,48,0.13318396767133123,49,0.5075630291211528,25,0.11435540993255411,42,0.4348978028544916,34,0.040528702703857444,16,0.6272690483457766,27,0.027562667965850052,13,0.6808774523314376,9,0.02431641931087558,19,0.715597188571977,7
"(18, 11)",0.03824912861718377,35,0.21930132024769242,46,0.018833929752056777,21,0.2907805706717342,44,0.19624592876984293,64,0.26740599918767116,57,0.5433139264187333,85,0.14265452668298212,78,0.470761149356669,83,0.15019952040746778,75,0.5009583790240686,81,0.15570168706163107,69,0.1186080683154207,46,0.4039661729491944,32,0.12850009487719505,49,0.36185792052752197,39,0.16699839926127125,55,0.40727120718275556,41,0.26144174311554846,76,0.3783710891132579,52,0.3052090742948955,79,0.32241688133955887,55,0.42170539350401604,80,0.21704831537446884,56,0.03706433761564232,39,0.22214057464910275,47,0.01551644363337179,20,0.28604789329941366,44,0.19226174146091657,64,0.2558188867806678,61,0.5989193130801297,86,0.1176153349154006,80,0.5432206713764949,83,0.12441287321036021,77,0.5069072147185905,81,0.1568218242017576,70,0.06819434537125635,38,0.23278278278278275,35,0.11715835516465356,45,0.529723867989072,22,0.1362854611287736,50,0.4101942887496498,39,0.28295238506412645,78,0.3281987880118112,55,0.3399666089185458,80,0.2946890163948119,53,0.35834666154983297,75,0.29187756374889057,43
"(13, 16)",0.6010691918841226,83,0.062319943497651166,78,0.6340867532439345,86,0.07926420200973194,83,0.2224563035524041,69,0.2638184707522999,59,0.026785726160248213,17,0.4883216398239028,31,0.05742913664710658,27,0.37560491241549815,41,0.05313360789966337,32,0.3839329023067902,33,0.4305244688051536,80,0.21044932985166803,60,0.3027737287887189,73,0.2760595273679158,51,0.23390350098010226,67,0.3907001611515673,43,0.14906986998523553,51,0.49689136151309543,39,0.14452593163209193,54,0.45211620511994854,43,0.08363997778598131,35,0.435885209422649,23,0.6248289585854145,85,0.05717983932014431,81,0.6651503825274632,87,0.07035530656658254,83,0.23935537649565997,71,0.23994774155640597,63,0.016110038004969462,15,0.491707114649531,27,0.027828742771257797,23,0.4043388632570924,34,0.052584696106909634,34,0.3837786113899602,33,0.4619037379605375,68,0.10325696066436806,63,0.34244742239834447,74,0.3481017960448848,41,0.2893665894142795,75,0.32347287293739263,48,0.15135008461028732,57,0.4329874102754923,42,0.12521246553865728,50,0.44591716569366846,37,0.12502837884375717,48,0.4596253028522081,24
"(13, 18)",0.003801283097384589,13,0.3369963022959868,27,0.0027965728085356245,12,0.4833383720595434,20,0.06120049669272076,28,0.4056347207272042,38,0.3441710319192435,77,0.20848861319151346,69,0.23168652811850898,69,0.23594372533103658,60,0.2430361014427278,63,0.2312889249101005,56,0.01468974865568029,19,0.6488466080851202,7,0.03545248816133517,26,0.5642781446156355,13,0.056561506640916415,30,0.6271173861942784,18,0.10367146611230282,43,0.5608391520669114,35,0.10731704919374685,43,0.4992779946868459,38,0.17814436357617025,60,0.3387812818573449,36,0.0030543070150788054,13,0.3369191920164725,27,0.0020523695811247578,11,0.4832645647425857,20,0.0544875203870655,27,0.3929754146246197,40,0.41756880019468867,79,0.16614833749446015,73,0.338552709702008,70,0.1758063604534597,68,0.24455703021219566,61,0.22991845863933355,58,0.011695891176701556,28,0.35163496830163493,25,0.02710167575947664,23,0.8107846468181754,5,0.038810731754751915,23,0.6319315673467933,17,0.10190082074504048,39,0.494018937744138,37,0.12478777494409288,49,0.44642245663267444,36,0.12497162545083973,47,0.4596948689039749,23
"(16, 13)",0.00203147963818906,9,0.2459494194509967,38,0.0017334525569595582,10,0.3677003253577496,31,0.06277818225334364,32,0.27250544769976576,56,0.3607875911622759,79,0.13825123866592806,80,0.23113955788807328,68,0.1425130276912019,76,0.23712699021747607,61,0.14555025470680577,71,0.016019255639482255,20,0.42165169622831633,30,0.03808303001987057,29,0.3914223345380108,33,0.052717887676453135,26,0.4541399595303583,37,0.08440257814851115,32,0.42047765621986427,47,0.08555206731643017,33,0.34440911286427306,54,0.1546373001601684,52,0.22941307580723547,51,0.0013457812125439172,9,0.245875620462701,39,0.001346185763558827,10,0.36530843792571427,30,0.05119525509791101,24,0.26964784476009773,56,0.4251939768242491,81,0.1142711773128199,81,0.34464632227468095,72,0.1062286752872794,79,0.23131198870503322,59,0.13950969514450257,73,0.008007597915571596,25,0.21553034515997477,39,0.027947199267966738,24,0.5376475954221566,20,0.03471014297470454,21,0.4502180626835071,32,0.08078828841475327,31,0.35937301731558674,49,0.1071443939382195,42,0.2956453108165669,52,0.13459944115590505,50,0.2684122148391585,47
"(16, 23)",0.66613986479261,87,0.03566658140790632,87,0.6811791234475578,88,0.05020082923037056,88,0.21877860219942158,65,0.17973934436103234,73,0.02391349674566301,15,0.3416162596662247,48,0.05764541073171303,28,0.22640764125982887,63,0.05532516152539646,34,0.2364280875397308,53,0.41836590638728155,79,0.1421180371209084,72,0.2921704058092046,70,0.19846199831526318,64,0.24418643075909685,71,0.2724385382462347,61,0.17688872679988088,63,0.32857015173919113,58,0.1750213209472995,63,0.27130293028497826,63,0.09941421468647882,42,0.26581129124783964,41,0.7040053796630055,89,0.030515111649578458,88,0.703979117808332,88,0.04534277641898196,90,0.24848374185494815,74,0.1592603005870657,79,0.015260066219876522,13,0.34642848697464357,42,0.026699220640160615,21,0.24919163163984998,56,0.057577135629794496,37,0.22177899884350982,59,0.5118784814311572,73,0.0539039039039039,79,0.33792739603352073,73,0.23424446502622626,63,0.3059079936748763,78,0.2179606564067351,68,0.1829625653945156,64,0.27365760476290096,62,0.14473670151427998,56,0.2674450652702263,57,0.1158681780747235,45,0.28215990596588864,45
"(23, 16)",9.999999999998899e-05,4,0.17213217423522365,55,9.999999999998899e-05,4,0.24337911376004148,52,9.999999999998899e-05,4,0.1739310385300245,76,9.999999999998899e-05,3,0.08513395085124519,83,9.999999999998899e-05,3,0.06743572902402299,85,9.999999999998899e-05,2,0.10145906373503123,78,9.999999999998899e-05,4,0.28087991505314597,45,9.999999999998899e-05,4,0.2450567466463774,55,9.999999999998899e-05,4,0.2997343422471556,55,9.999999999998899e-05,2,0.2799374038595726,64,9.999999999998899e-05,2,0.20546208340041863,74,9.999999999998899e-05,2,0.15642298880813796,68,9.999999999998899e-05,4,0.1718313304530895,56,9.999999999998899e-05,4,0.2437967590429716,52,9.999999999998899e-05,5,0.1688718809504168,78,9.999999999998899e-05,3,0.0713013456725426,84,9.999999999998899e-05,3,0.05224721942106844,86,9.999999999998899e-05,2,0.09353187392496316,81,9.999999999998899e-05,9,0.41750824898973043,21,9.999999999998899e-05,4,0.3460818854980661,42,9.999999999998899e-05,4,0.2912825130408449,52,9.999999999998899e-05,2,0.23420968698878888,69,9.999999999998899e-05,2,0.19464767440889313,69,9.999999999998899e-05,2,0.190515028666011,67
"(21, 25)",0.028390387086524194,29,0.5308484088715423,12,0.03055755905177371,25,0.3525150441968271,34,0.0619937682211974,31,0.3527005301758553,45,0.1428494825871831,55,0.2379524839346444,62,0.31250032618899204,72,0.19113063629660382,69,0.41258743146092136,75,0.12184788815413802,75,0.017290144192150025,22,0.5365520678708028,17,0.037804590138917016,28,0.40698531742796845,29,0.05305604773707384,27,0.3612551647259818,47,0.10304593233370052,41,0.3525925182559009,56,0.20336128234379802,67,0.26975326034455,64,0.3720243691108216,77,0.08810439891698729,78,0.0263272813576243,28,0.5292419231502652,10,0.03333790795827252,29,0.3377545452047158,35,0.05996604774655523,31,0.35619247404334553,46,0.15467549737165975,57,0.2209577380557355,63,0.376619080494238,75,0.15857108435885311,71,0.4733506940051406,79,0.12105575221758452,76,0.0007376778768759529,16,1.0,1,0.030706074921105664,26,0.35831304890138277,40,0.04544605935869117,26,0.35043879750535645,47,0.14338403978046754,53,0.3039916045639894,58,0.26150031023960507,76,0.1681094602156465,75,0.4281226415154509,81,0.07862643030201262,80
"(21, 44)",0.3356101744433644,67,0.2330321909712025,40,0.32475778700752267,72,0.16033586709279896,65,0.2205942208852415,66,0.23102416755595573,65,0.10870301581845809,44,0.26063692039095365,58,0.03319852637695231,21,0.4035594564617968,38,0.01668784654394484,18,0.3549685735395548,35,0.4075567314735927,77,0.1871322852220645,65,0.2932575001528519,71,0.20559405088629842,63,0.24324998553883792,70,0.2174576825677624,70,0.14986980605425837,53,0.31120411328145214,61,0.06990320808404427,28,0.38508543310256,48,0.022137779515173595,17,0.22567149345405785,52,0.34670669858991565,69,0.22411392051528503,46,0.31188022073006494,68,0.16029428507492574,65,0.22540742285874993,66,0.22908525837119995,67,0.09938576719605341,40,0.25605995073775145,58,0.021447616404541847,18,0.4121592879814142,33,0.010743934841495495,15,0.42755499198675606,30,0.752687663554044,83,0.09933081229377524,64,0.3240415693776433,72,0.16335677484513245,73,0.2660205036063352,72,0.19444907795032412,70,0.10825862089405591,42,0.3338420437125112,52,0.04686013137825085,18,0.2981822054070307,51,0.014944346333669478,12,0.2405833953030921,53
"(25, 21)",0.1580564844185156,48,0.5470338898309455,10,0.16936845494373576,53,0.4038711813653509,27,0.13058862818860828,49,0.5681035827409459,22,0.04848959238448458,25,0.6813537259448418,10,0.027973792324640256,17,1.0,1,0.005290036446779611,9,0.8474378889932686,4,0.20756613773372523,57,0.45373159394536966,25,0.16870018577107726,57,0.4915554830937566,16,0.11598546283149513,44,0.5395866401715719,23,0.04728979670002975,20,0.7872750451203392,14,0.0191495262898157,11,0.9821410602157464,3,0.004943098262147894,9,0.5594396395803874,12,0.1678395810027934,49,0.5234403440883413,11,0.16452830682426234,53,0.3997319922476664,27,0.1311187587428666,49,0.5742098519961412,22,0.04262632493582186,23,0.6567234425905627,9,0.017921131488171316,17,1.0,1,0.003193797088374861,9,1.0,1,0.26810044797579013,59,0.23387646906165424,34,0.14372909642779785,52,0.4067373790497112,34,0.13592671681193447,49,0.487142156140331,29,0.06131927506168244,24,0.831705460119964,11,0.06591456646948579,26,0.7221672387729365,8,0.006972658138376886,9,0.5763835248398781,12
"(25, 27)",0.09690723198336804,46,0.6439215240477069,5,0.08914749593247573,42,0.5002080274106706,19,0.1195731366228221,48,0.5850389408219966,21,0.2564647567307,69,0.3910625687075856,39,0.3377873640302589,76,0.4358823821001691,33,0.5630647553521481,87,0.1788166622663482,65,0.06787389068365746,38,0.6585927426782097,6,0.08958443018663809,36,0.6070161136925628,12,0.1344699196779705,47,0.5136342707588664,27,0.2601549440610488,75,0.4459692758322762,41,0.3929657578811113,83,0.3587360127193689,52,0.5710712955582199,87,0.11486548207584744,76,0.09015093234652016,47,0.6439348266171517,5,0.09237145879090147,42,0.4845476780295149,19,0.11907462295683113,48,0.5929515077335425,20,0.2754852353983136,71,0.3525675792158775,41,0.4024526752000548,76,0.3544461003477397,41,0.6200700634770022,86,0.1726986139729839,67,0.04481032673351526,35,0.42458013569124675,20,0.10797299266658533,42,0.4474288028073964,29,0.11467513418634856,43,0.5155461769797712,23,0.222175802930885,70,0.5415056226786517,35,0.2117624978627466,69,0.48942020996717706,33,0.5293892704830425,86,0.13611917384316455,74
"(44, 21)",9.999999999998899e-05,5,0.47922370319846647,17,9.999999999998899e-05,5,0.31491247012755175,40,9.999999999998899e-05,5,0.30470517558503896,52,9.999999999998899e-05,4,0.20199815807932608,70,9.999999999998899e-05,4,0.1644788613704945,71,9.999999999998899e-05,3,0.11186223523897822,76,9.999999999998899e-05,5,0.48282372444280713,22,9.999999999998899e-05,5,0.34924050976875637,41,9.999999999998899e-05,5,0.3143803540487817,52,9.999999999998899e-05,3,0.31439507384682447,60,9.999999999998899e-05,3,0.23463663258734502,69,9.999999999998899e-05,3,0.07653070545635249,83,9.999999999998899e-05,5,0.4793978454029421,16,9.999999999998899e-05,5,0.3010147129451147,43,9.999999999998899e-05,6,0.3081581424008917,52,9.999999999998899e-05,4,0.18846662288139152,70,9.999999999998899e-05,4,0.13880287115783338,74,9.999999999998899e-05,3,0.11022466435368639,78,9.999999999998899e-05,10,0.888115893671449,2,9.999999999998899e-05,5,0.3078083039732664,46,9.999999999998899e-05,5,0.3042933975510257,50,9.999999999998899e-05,3,0.27169421133315264,63,9.999999999998899e-05,3,0.14912346637936078,78,9.999999999998899e-05,3,0.07062153669009523,84
"(24, 43)",0.07773523991127895,44,0.3081135815100063,31,0.15299245748104906,49,0.5326163945754514,13,0.06166627614281761,30,0.7881381453265608,3,0.01831450199893858,11,1.0,1,0.0184406778961812,14,0.9202011314418137,2,0.007207086551165087,11,0.9669198384776126,2,0.09301966960165142,42,0.3139891432719708,41,0.12255352158244626,46,0.42177839370306974,25,0.0818368969226182,35,0.67725157819486,14,0.0397201042397346,13,0.9629174317393165,2,0.03198633840586673,13,1.0,1,0.011837289577624643,13,0.8489336124904543,3,0.08172584807056216,45,0.3055989475488714,31,0.1470827746655634,48,0.5518218114863831,11,0.05668184360695194,29,0.8603079948347646,3,0.015460859895073176,14,1.0,1,0.011100544970597648,13,0.991458216205443,2,0.005896294445753902,11,0.9876073569210359,3,0.13496826606525036,49,0.3167334000667334,29,0.1397081665308807,51,0.4377085650723025,30,0.0858294437461109,39,0.6455044106477426,15,0.029656363143166664,14,0.9969888918230236,2,0.023889666185287428,10,0.8527703306523682,3,0.013910009392592126,11,0.7840645764866746,6
"(24, 33)",0.18834743553412392,50,0.22940185190448065,43,0.10064888032665853,45,0.6123995853848148,9,0.22135975794939033,67,0.5147369737815453,27,0.3993521736295107,82,0.3579422967756098,42,0.39837042691446956,78,0.33040455550942766,48,0.5252430464489909,83,0.2314854042460003,55,0.16357988399921775,52,0.2601334879134929,51,0.12747882227014407,47,0.416274920065578,27,0.18116785570978733,60,0.5196441337194508,25,0.2859363797586514,81,0.4986961750810284,38,0.31800357308667193,80,0.4650619867976172,41,0.46027242986120764,82,0.25058370877042985,44,0.18135663284627312,52,0.23429365004459055,42,0.10524614027955881,45,0.6169510977456204,9,0.23359382318934918,68,0.5365969045626807,26,0.4233592013381131,80,0.33177338755384483,45,0.46896421282334544,80,0.2846705991891032,53,0.5500396335309256,84,0.217760635893462,60,0.11553504231715384,46,0.3335798761724687,27,0.11136214425214064,43,0.47207729648470403,28,0.17457518038864084,57,0.509468276859444,27,0.3291774801350865,80,0.44694379379053245,41,0.36093316253552943,84,0.34495293695138357,44,0.43811586188624196,82,0.24827404226737354,51
"(43, 24)",0.02976065149539775,30,0.4165858813598034,20,0.008857598260008537,18,1.0,1,0.03777557499178863,18,0.930510361826103,2,0.1059540588153286,40,0.7311576145583764,5,0.11360885702538603,45,0.6520289738330843,15,0.19888034250325604,58,0.43242850505831953,25,0.03267785086591246,28,0.4707534699272968,23,0.024509479617103147,19,0.7075967138574134,7,0.02793768788015072,19,0.8946456483018501,3,0.0590499938114355,25,0.8881674164509306,6,0.06887741948884862,27,0.8376066655933023,7,0.14148942985012436,50,0.46421563791421394,20,0.03339420454338771,33,0.41977275222519067,20,0.009796339211156302,18,1.0,1,0.04092450914813828,19,0.9772194265376593,2,0.11385540061118293,43,0.6979548309880751,5,0.15393041234482785,52,0.5837639177680407,19,0.23047593654980958,58,0.43110371427061867,28,0.0008912126339223336,17,0.6439754569384198,8,0.020041091834477998,18,0.7873602003155529,6,0.025531896990195535,20,0.8899435288097001,4,0.0764853798844487,30,0.8289532798101424,12,0.1070328864569372,41,0.6220799612471083,13,0.16752050782549943,57,0.45038980977283083,26
"(43, 28)",0.2824796801628451,59,0.18433891304553762,50,0.4578254736569436,81,0.23658691082894245,55,0.25831837344091024,77,0.459115611694447,35,0.10200481164403874,38,0.7409228811480961,3,0.08848548292295155,37,0.7103639078736205,14,0.06772452803324513,37,0.6522520420547645,13,0.27046789934475624,64,0.21862167228283833,58,0.312640610221084,76,0.28033115042163714,50,0.3127320169129868,78,0.3631165864947717,46,0.2014299468851528,66,0.5635346121218868,34,0.16343338885023417,59,0.6142982208984061,28,0.1387104855066713,49,0.4680558752708446,18,0.31342524451754583,65,0.17621140707553806,53,0.4384002648847771,81,0.25192270698298913,50,0.2717754733340413,80,0.4746073461498962,34,0.10280540125732518,41,0.7238720524080758,3,0.07239355165429207,36,0.7638776099068629,6,0.0800676039109739,41,0.6719589299237421,13,0.47177928789963697,70,0.11906536165795423,61,0.3893069685642534,80,0.24955203596743938,61,0.31288973049228475,79,0.35500734433174685,46,0.1465877925660698,56,0.657599618638691,25,0.17978154751655617,63,0.5014260897162856,32,0.15559503697284793,55,0.4657639072132799,22
"(43, 41)",0.2048473595843039,51,0.22422738195608855,45,0.24710198670926364,59,0.3989087558665169,28,0.1906009608370055,63,0.5462293886993627,24,0.20481275055022474,64,0.5493562710195906,24,0.21747895834685815,66,0.4861048287656378,29,0.15912849012720365,51,0.4818983178503523,23,0.20117872797428948,55,0.260658988222292,50,0.20901266046220124,61,0.36318215990507513,38,0.19150518262359917,62,0.49273909197755994,32,0.17579959848376236,62,0.6035917514845415,30,0.19119998895029844,66,0.5694408106585092,33,0.1160834212773606,45,0.5018580025650301,16,0.16855576786929616,50,0.25493047543285524,38,0.2462486780879014,61,0.40500185171371855,25,0.17007858410597676,58,0.617289396283657,16,0.1908131493482883,63,0.5584460956731148,21,0.19445551869352373,59,0.5222238087163973,25,0.11678738819848011,45,0.591747239393459,19,0.5711870356577236,76,0.09043673302932562,68,0.18615306342172566,57,0.4144237437226858,33,0.20330861603493866,64,0.4671173133511369,31,0.1946587677058722,66,0.5756223699959189,32,0.11684613858064818,46,0.6025406529528201,17,0.08527468569492869,40,0.5828555664835561,10
"(27, 42)",0.039378659944108496,36,0.7686319337213132,3,0.031552443814852005,29,0.6922597967233883,5,0.053552646501720425,24,0.7859467106086135,4,0.12689533537616082,50,0.5367981107450518,27,0.1475900654905572,53,0.5487554759677049,23,0.315171813986159,68,0.2436732630510376,52,0.02705426714518777,24,0.8097472180988807,2,0.03421678743097678,24,0.7989438692789146,2,0.02848678126134252,20,0.7503862185118318,10,0.07715507826077794,30,0.6319152505962471,26,0.14976492593531487,55,0.5172702664627274,34,0.30034233756022977,70,0.16973593344075769,66,0.03414434288323909,35,0.7702376297506208,3,0.030669796168356633,26,0.6727361000422688,7,0.049899496313691616,22,0.7889593936404302,4,0.13668146023731242,55,0.4739870459661481,31,0.19632287513697122,60,0.4357841693661857,32,0.38098766266686,71,0.2314888196168906,57,0.00731215772867988,24,0.542092092092092,13,0.021375917552732604,21,0.612172520839054,16,0.03761869402063489,22,0.7437759420097396,10,0.13004290008496922,49,0.7097144248543317,23,0.08001966558640139,32,0.6145569725973625,14,0.28654692116032077,71,0.18369035910475687,69
"(27, 25)",0.28721493851690494,61,0.39634166237741414,22,0.3200231194218688,69,0.31980579309550555,39,0.24188627931724294,73,0.4754625718702559,32,0.12312363196620146,49,0.5422244021904108,26,0.10484128769379208,44,0.6150170088049224,18,0.03260456655464372,27,0.519075892190151,20,0.34270482797777535,75,0.3473665391741519,36,0.308027912532292,75,0.38406021575500676,34,0.33511076864929934,80,0.3299411736196096,50,0.18939859017352312,65,0.468440851194611,40,0.10312767593759609,41,0.5857727217839318,30,0.03603919409682499,25,0.3441287484333951,35,0.3083417420464505,63,0.3698737790584569,23,0.3242162128737671,71,0.3065279778893605,41,0.2522489098898366,76,0.45970257807199344,35,0.11400382259761843,44,0.5035352414254473,26,0.07345616017631129,37,0.6047636470724721,18,0.020809894134990237,22,0.6101131246954674,16,0.5234207637691122,74,0.13055833611389164,55,0.37710421855803333,77,0.2351590097784149,62,0.2939877644613895,76,0.3748006017979442,45,0.12008918629719023,46,0.7288047821061981,21,0.18429554437901818,64,0.46536042694996377,34,0.039556684810935994,23,0.35542255379374865,39
"(36, 37)",0.097355513036816,47,0.3010476301748646,32,0.16178577876661782,51,0.2261984970199534,57,0.10868162287343741,43,0.2966266731117601,53,0.06554660510017918,27,0.29265872845733143,54,0.046852309703998896,25,0.3631410832347091,44,0.12554408507021686,46,0.2777399145724221,48,0.15077634889425817,50,0.24896525196927177,53,0.18289591019683427,60,0.19056185067434767,66,0.1759527879015641,59,0.24318892295016414,68,0.12539126756482466,47,0.4004616308552558,49,0.09398495435704413,37,0.4079606746095637,47,0.1698977708653452,57,0.2011210131503466,60,0.1000652922531684,48,0.301322883300043,32,0.15760356591393765,50,0.23335584179690824,57,0.10532203257598605,42,0.2993883539768777,53,0.0635027633365779,28,0.28307332965659077,55,0.045592187896804415,27,0.33818503083252277,45,0.11751893002793679,46,0.2844055816793176,49,0.4907904002704996,71,0.06809401994587179,76,0.27985800559852847,68,0.1525777130330772,76,0.1350822715956781,47,0.24460592437362647,62,0.08440627309004223,32,0.4474427872298833,40,0.10238246252611383,38,0.2929267620455514,54,0.144553232839861,53,0.22735625014992683,56
"(36, 30)",0.01087653965286628,20,0.4810951856167418,16,0.006418064062219231,14,0.4709575019435087,23,0.013886245620997384,12,0.4757251116180016,31,0.025775955796074612,16,0.36143148449545265,41,0.03449030573790757,22,0.38869766461982685,40,0.019024127070405683,20,0.4474673608936535,24,0.005464869891443125,11,0.5114716175657958,18,0.009615487930487832,10,0.4002246315770406,32,0.009791504221171254,9,0.500013631241594,29,0.01266991115877436,9,0.6865363416695545,21,0.016620732232090818,9,0.6055310135243923,29,0.010606848025035198,10,0.4023808740833306,27,0.011208365517023311,21,0.4840514360449103,14,0.007177929630746149,15,0.47392420667480645,22,0.012718109918030351,12,0.48095109020474064,33,0.02889998245206593,19,0.3391360265091618,43,0.04516375549665064,26,0.3389316746536733,44,0.023909576073606664,24,0.42951574176807966,29,5.1153627907085664e-05,5,0.4420846772698624,18,0.0014254560233279978,9,0.4956087889379645,27,0.012723112137716042,12,0.4316701836325859,35,0.02121503585746287,11,0.6162809041555349,29,0.02190701124168193,9,0.42754086175072875,39,0.018203446188776784,15,0.39067575023388584,34
"(36, 38)",0.8479960178567763,90,0.026221805401616123,89,0.7378028038531133,89,0.043713829143992404,89,0.7082087774803418,91,0.05517658886738809,87,0.7301994034360785,88,0.042455071027136596,89,0.7650756313392908,88,0.04136330683388378,88,0.5488106188581335,84,0.09246194747861754,82,0.8249640943395053,90,0.02983433196450435,88,0.5680934647293148,90,0.07073901977301343,86,0.5811040530317302,90,0.08522858077570852,87,0.6678367062711359,91,0.09140729985150664,88,0.7189428853832451,90,0.06914144260183545,88,0.5763837478527132,88,0.07030630551627626,84,0.8224717835685783,91,0.03130676138213183,86,0.7198845569116322,89,0.04805360678499314,89,0.7526192205403737,91,0.04563859178310052,89,0.7016052119527727,88,0.04570069026647231,88,0.6682563173773357,87,0.05684755674939243,85,0.5111792730255987,82,0.10254016895322966,79,0.9707310616996139,90,0.0030400771141511876,90,0.7952028317340124,90,0.03039872289526718,89,0.6315380357019549,91,0.06510948479553284,89,0.6858179312618221,91,0.08333876338794252,88,0.591649910049654,89,0.07973783334586121,87,0.5042067481623629,85,0.09071173267445486,79
"(39, 33)",0.9999,92,0.0,92,9.999999999998899e-05,6,0.03651132993579224,90,9.999999999998899e-05,6,0.18400329873471286,72,9.999999999998899e-05,5,0.321122748406327,52,9.999999999998899e-05,5,0.23894427680048577,59,9.999999999998899e-05,4,0.2509614184170724,51,9.999999999998899e-05,6,0.02090082671491879,90,9.999999999998899e-05,6,0.06774091283751349,87,9.999999999998899e-05,6,0.1591341435339448,77,9.999999999998899e-05,4,0.24497325708479487,71,9.999999999998899e-05,4,0.23922526565770405,67,9.999999999998899e-05,4,0.19301120647761447,62,9.999999999998899e-05,6,0.000707861987137136,91,9.999999999998899e-05,6,0.0571800035856506,86,9.999999999998899e-05,7,0.18097011470256968,74,9.999999999998899e-05,5,0.3147284054302895,48,9.999999999998899e-05,5,0.23939750900583334,58,9.999999999998899e-05,4,0.2411252590361799,55,9.999999999998899e-05,11,0.08647721795869943,69,9.999999999998899e-05,6,0.05922666281921801,87,9.999999999998899e-05,6,0.16776656199441925,73,9.999999999998899e-05,4,0.25821795896250516,65,9.999999999998899e-05,4,0.20093666741833918,68,9.999999999998899e-05,4,0.19277952359248687,66
"(38, 36)",9.999999999998899e-05,6,0.038489593694641,86,9.999999999998899e-05,7,0.082493305692321,82,9.999999999998899e-05,7,0.07244861556613608,84,9.999999999998899e-05,6,0.04483721983168892,88,9.999999999998899e-05,6,0.04683462732438176,86,9.999999999998899e-05,5,0.039645845997040526,89,9.999999999998899e-05,7,0.02983433196450435,89,9.999999999998899e-05,7,0.04425785531190276,88,9.999999999998899e-05,7,0.09637287807005851,84,9.999999999998899e-05,5,0.13048441447049655,82,9.999999999998899e-05,5,0.10419014651424893,84,9.999999999998899e-05,5,0.030877189136257175,90,9.999999999998899e-05,7,0.0450835854991342,84,9.999999999998899e-05,7,0.09043560420175435,82,9.999999999998899e-05,8,0.06671706194410165,85,9.999999999998899e-05,6,0.04276387302880447,89,9.999999999998899e-05,6,0.03237935455467605,88,9.999999999998899e-05,5,0.043964236863269994,87,9.999999999998899e-05,12,0.02104511919326734,86,9.999999999998899e-05,7,0.02948650522896198,90,9.999999999998899e-05,7,0.08409624232569965,85,9.999999999998899e-05,5,0.13330498273242633,80,9.999999999998899e-05,5,0.06662741265983481,88,9.999999999998899e-05,5,0.0452898985295176,89
