mode_mnlc_o,mode_mnlc_d,1,2,3,4,5,6,7,8,mode
514,522,0.0,143.68,339.837,263.477,218.676,104.101,31.563,0.0,LO
514,591,0.0,0.0,0.0,0.254,0.0,0.003,0.017,0.0,LO
514,596,0.0,0.391,0.004,0.104,0.096,0.054,0.021,0.0,LO
514,597,0.0,0.019,0.02,0.091,0.0,0.043,0.0,0.0,LO
514,618,0.0,0.046,0.17199999,0.174,0.24000001,0.051,0.0,0.0,LO
514,621,0.0,0.0,0.0,0.329,0.0,0.0,0.0,0.0,LO
514,659,0.0,0.042,0.024999999,0.159,0.044,0.076000005,0.104,0.0,LO
514,717,0.0,0.408,0.007,0.109,0.053,0.029,0.0,0.0,LO
514,751,0.0,0.502,0.047,0.221,0.352,0.096,0.0,0.0,LO
514,766,0.0,2.4559999,1.6570001,2.429,1.186,0.381,0.468,0.0,LO
514,1404,0.0,0.17999999,0.608,1.043,0.522,0.099,0.0,0.0,LO
514,1409,0.0,19.671,54.974,23.2,13.365,6.468,2.457,0.0,LO
514,1413,0.0,5.975,12.026,7.6480002,3.094,1.6899999,0.397,0.0,LO
514,1421,0.0,3.728,4.396,4.688,2.059,0.967,0.495,0.0,LO
514,1429,0.0,0.176,0.0,2.264,0.046,0.519,0.057,0.0,LO
514,1437,0.0,1.622,2.064,2.33,2.402,0.892,0.02,0.0,LO
514,1438,0.0,1.465,2.358,1.705,0.92,0.388,0.271,0.0,LO
514,1439,0.0,1.562,1.161,0.946,0.38799998,0.197,0.105,0.0,LO
514,1440,0.0,3.711,7.513,4.315,1.356,1.047,0.37399998,0.0,LO
514,1442,0.0,0.112,0.028,0.001,0.099,0.074,0.003,0.0,LO
514,1445,0.0,3.3730001,6.941,2.707,3.009,1.852,0.476,0.0,LO
514,1448,0.0,0.442,3.699,2.734,2.274,1.28,0.275,0.0,LO
514,1449,0.0,0.489,0.974,0.48,0.347,0.105000004,0.011,0.0,LO
514,1452,0.0,1.342,0.65500003,0.393,0.47100002,0.002,0.0,0.0,LO
514,1524,0.0,40.407,183.818,83.176,60.629,28.723999,12.461,0.0,LO
514,6814,0.0,0.019,0.0,0.0,0.024,0.0,0.002,0.0,LO
514,6867,0.0,0.0,0.0,0.125,0.046,0.31,0.055999998,0.0,LO
514,6914,0.0,0.387,3.54,2.692,2.256,0.697,0.306,0.0,LO
514,6919,0.0,1.061,3.9919999,2.79,3.683,0.536,0.117,0.0,LO
514,6926,0.0,0.724,2.93,3.142,1.679,0.639,0.097,0.0,LO
514,6934,0.0,0.0,0.013,0.011,0.0,0.244,0.0,0.0,LO
514,6941,0.0,1.0320001,2.552,0.018,2.379,1.173,0.498,0.0,LO
514,6947,0.0,8.819,2.399,0.497,1.899,0.647,0.006,0.0,LO
514,6952,0.0,0.50699997,0.672,0.283,1.033,0.396,0.42900002,0.0,LO
514,6954,0.0,0.182,1.62,3.083,1.681,0.205,0.135,0.0,LO
514,6956,0.0,0.874,0.459,0.0,1.516,0.60099995,0.133,0.0,LO
514,6958,0.0,0.0,0.0,0.0,1.518,0.022,0.067999996,0.0,LO
514,6959,0.0,0.879,2.806,2.743,0.0,1.484,0.407,0.0,LO
514,6972,0.0,1.585,3.601,0.0,6.4379997,0.884,0.113,0.0,LO
514,6977,0.0,0.0,0.0,0.39,0.0,0.278,0.029000001,0.0,LO
514,6979,0.0,0.0,0.0,0.116,0.0,0.085,0.07,0.0,LO
514,7401,0.0,46.495,182.85,96.959,101.86,47.926,13.416,0.0,LO
514,7402,0.0,10.267,200.436,152.036,176.819,70.441,18.632,0.0,LO
514,7403,0.0,20.332,99.822,71.357,82.705,30.586,7.092,0.0,LO
514,7404,0.0,7.886,223.197,150.946,169.47,68.33,26.811,0.0,LO
514,7406,0.0,10.104,99.127,71.378,54.114,21.612999,5.147,0.0,LO
514,7407,0.0,326.747,696.702,410.939,296.911,148.215,47.986,0.0,LO
514,7408,0.0,4.791,81.216,80.058,95.563,34.264,7.589,0.0,LO
514,7467,0.0,2.742,42.845,55.778,55.202,30.974,4.611,0.0,LO
514,9586,0.0,0.083,0.0,0.02,0.036,0.185,0.0,0.0,LO
514,9587,0.0,0.087,0.206,0.507,0.098,0.291,0.072000004,0.0,LO
522,514,0.0,45.702,208.332,249.669,383.072,155.91699,55.975,0.0,LO
522,591,0.0,0.184,0.519,0.442,0.108,0.038,0.027,0.0,LO
522,596,0.0,0.161,0.0,0.046,0.047,0.039,0.006,0.0,LO
522,618,0.0,0.103,0.122,0.0,0.121,0.005,0.0,0.0,LO
522,621,0.0,0.047,0.09,0.493,0.147,0.0,0.0,0.0,LO
522,659,0.0,0.024,0.008,0.008,0.021,0.025000002,0.011,0.0,LO
522,686,0.0,0.0,0.162,0.446,0.164,0.014,0.116000004,0.0,LO
522,717,0.0,0.164,0.0,0.045,0.116000004,0.049000002,0.009,0.0,LO
522,751,0.0,0.262,0.0,0.060000002,0.049000002,0.033999998,0.0,0.0,LO
522,766,0.0,0.503,0.64199996,0.533,0.603,0.243,0.088,0.0,LO
522,1404,0.0,0.182,0.969,0.22,0.53400004,0.102,0.215,0.0,LO
522,1409,0.0,3.148,78.448,15.163,9.453,2.501,1.231,0.0,LO
522,1413,0.0,0.47399998,6.458,2.161,0.429,0.443,0.225,0.0,LO
522,1421,0.0,0.52,2.816,1.133,1.815,0.599,0.083000004,0.0,LO
522,1437,0.0,0.267,0.809,0.769,0.647,0.255,0.255,0.0,LO
522,1438,0.0,0.25300002,1.024,0.43,0.486,0.196,0.053,0.0,LO
522,1440,0.0,0.983,0.446,0.0,0.0,0.0,0.39200002,0.0,LO
522,1445,0.0,1.154,2.9889998,0.72,0.38,0.034,0.024,0.0,LO
522,1448,0.0,0.0,1.911,0.823,0.787,0.603,0.091,0.0,LO
522,1449,0.0,0.10699999,0.18200001,0.047,0.099,0.030000001,0.0,0.0,LO
522,1452,0.0,0.653,0.657,0.202,0.069,0.001,0.077,0.0,LO
522,1524,0.0,8.099,120.755,45.494,32.357,16.11,8.621,0.0,LO
522,7401,0.0,0.41,40.954,30.735,39.414,14.777,5.9370003,0.0,LO
522,7402,0.0,0.882,63.994,106.277,226.515,90.992,36.102,0.0,LO
522,7403,0.0,4.479,74.069,77.47,156.383,61.298,14.501,0.0,LO
522,7404,0.0,0.036,12.2630005,10.957,22.053,3.211,0.285,0.0,LO
522,7406,0.0,1.171,35.932,24.331,15.711,9.662,9.291,0.0,LO
522,7407,0.0,3.1999998,45.593,20.987999,39.218,15.692,6.945,0.0,LO
522,7408,0.0,2.405,83.689,79.764,175.448,60.956,21.431,0.0,LO
522,7467,0.0,2.1629999,44.732998,58.394,106.996,44.705,12.052,0.0,LO
522,9586,0.0,0.101,0.453,0.0,0.067,0.009,0.076,0.0,LO
522,9587,0.0,0.246,0.589,0.0,0.368,0.303,0.0,0.0,LO
591,514,0.0,0.008,0.249,0.365,0.0,0.038,0.078,0.0,LO
591,522,0.0,0.082,0.4,0.237,0.918,0.122,0.124,0.0,LO
591,596,0.0,1.346,0.676,1.379,2.692,1.204,0.722,0.0,LO
591,597,0.0,0.764,5.097,6.879,24.466,4.737,0.445,0.0,LO
591,603,0.0,4.647,24.881,18.959,67.26,7.968,2.282,0.0,LO
591,617,0.0,0.0,0.022,0.284,0.479,0.032,0.028,0.0,LO
591,620,0.0,0.111,1.372,3.788,12.271,2.272,0.268,0.0,LO
591,621,0.0,0.139,4.703,17.237,16.938,7.792,1.4679999,0.0,LO
591,659,0.0,0.512,2.055,1.575,5.486,0.88,0.238,0.0,LO
591,680,0.0,0.009,0.403,1.311,9.551,0.186,0.03,0.0,LO
591,686,0.0,1.434,71.376,91.109,303.211,85.596,11.361,0.0,LO
591,709,0.0,0.266,1.63,3.634,16.7,1.192,0.289,0.0,LO
591,717,0.0,0.157,1.261,2.082,6.997,2.012,0.87899995,0.0,LO
591,719,0.0,3.933,15.194,19.823,105.716,8.449,0.903,0.0,LO
591,751,0.0,2.544,2.2610002,9.483,25.772,5.875,1.642,0.0,LO
591,763,0.0,0.0,0.0,0.026,0.0,0.0,0.0,0.0,LO
591,766,0.0,13.13,76.928,73.305,164.706,41.743,12.54,0.0,LO
591,1022,0.0,0.405,0.82,0.721,1.592,0.64,0.26500002,0.0,LO
591,1023,0.0,0.038,1.842,0.191,2.8600001,0.405,0.01,0.0,LO
591,1024,0.0,0.23099999,1.296,0.147,2.003,0.177,0.075,0.0,LO
591,1082,0.0,0.029,0.22,0.0,0.26,0.0,0.0,0.0,LO
591,1083,0.0,0.055,1.186,0.169,0.272,0.0,0.0,0.0,LO
591,1395,0.0,1.2639999,1.293,0.767,2.111,0.585,0.078,0.0,LO
591,1398,0.0,0.003,0.411,1.279,5.243,0.522,0.0050000004,0.0,LO
591,1402,0.0,2.929,4.4509997,13.508,29.676,4.358,0.643,0.0,LO
591,1404,0.0,0.46400002,15.018,44.557,82.388,31.214,7.681,0.0,LO
591,1409,0.0,2.906,23.511,10.376,19.945,6.3320003,1.74,0.0,LO
591,1413,0.0,3.493,41.471,22.688,22.189,4.856,0.794,0.0,LO
591,1415,0.0,1.431,1.932,0.694,1.6650001,0.207,0.114,0.0,LO
591,1421,0.0,5.72,43.557,24.016,62.125,13.053,1.747,0.0,LO
591,1429,0.0,3.855,9.188,17.096,41.413002,17.579,2.376,0.0,LO
591,1434,0.0,0.006,0.568,3.476,8.034,0.89500004,0.007,0.0,LO
591,1437,0.0,32.581,42.318,48.004,181.52701,39.927002,9.532,0.0,LO
591,1438,0.0,3.055,20.725,21.858,48.974,14.611,3.669,0.0,LO
591,1439,0.0,1.412,13.347,3.215,15.5789995,2.584,0.746,0.0,LO
591,1440,0.0,18.425001,36.762,21.365,40.096,7.806,3.9589999,0.0,LO
591,1441,0.0,0.152,1.999,3.48,14.614,3.558,0.96000004,0.0,LO
591,1442,0.0,0.88600004,0.864,1.2870001,4.713,0.869,0.267,0.0,LO
591,1443,0.0,0.0,0.027,0.0,0.0,0.006,0.0,0.0,LO
591,1444,0.0,0.378,2.912,3.535,5.607,0.911,0.004,0.0,LO
591,1445,0.0,9.922,49.16,31.205,69.934,8.865,3.45,0.0,LO
591,1448,0.0,0.356,43.286,34.029,90.612,19.368,4.545,0.0,LO
591,1449,0.0,2.867,15.822,7.283,17.822,3.348,0.968,0.0,LO
591,1451,0.0,0.534,2.625,1.255,2.45,0.383,0.0,0.0,LO
591,1452,0.0,1.205,15.686,16.382,15.736,11.332,1.993,0.0,LO
591,1455,0.0,1.11,2.106,3.801,8.472,1.03,0.013,0.0,LO
591,1524,0.0,0.72,2.169,1.82,14.533,3.572,0.292,0.0,LO
591,5345,0.0,0.002,0.094,0.031000001,0.039,0.100999996,0.0,0.0,LO
591,5356,0.0,0.0,0.0,0.0,0.0,0.0,0.016,0.0,LO
591,5362,0.0,0.0,0.0,0.07,0.032,0.036,0.0,0.0,LO
591,5404,0.0,0.025,0.145,0.047,0.083,0.067,0.0,0.0,LO
591,5418,0.0,0.002,0.178,0.041,0.075,0.038999997,0.012,0.0,LO
591,5437,0.0,0.0,0.0,0.132,0.0,0.013,0.007,0.0,LO
591,6914,0.0,0.08,0.0,0.148,0.263,0.041,0.021,0.0,LO
591,6919,0.0,0.0,0.095,0.138,0.599,0.185,0.004,0.0,LO
591,6941,0.0,0.0,0.002,0.193,0.0,0.211,0.086,0.0,LO
591,6954,0.0,0.0,0.0,0.138,0.611,0.026,0.102,0.0,LO
591,6959,0.0,0.002,0.0050000004,0.373,0.294,0.825,0.30699998,0.0,LO
591,6977,0.0,3.526,11.506,12.33,34.655,11.776,3.426,0.0,LO
591,6978,0.0,3.2749999,9.235,5.075,8.699,2.4819999,0.698,0.0,LO
591,6979,0.0,1.304,7.638,7.3980002,17.479,10.185,2.329,0.0,LO
591,7401,0.0,0.336,2.408,1.552,8.898,2.373,0.842,0.0,LO
591,7402,0.0,0.143,1.109,1.815,6.023,1.161,0.212,0.0,LO
591,7403,0.0,0.001,0.013,1.206,3.6100001,0.285,0.017,0.0,LO
591,7404,0.0,0.053,0.014,1.773,4.196,0.80300003,0.168,0.0,LO
591,7406,0.0,0.428,1.202,2.527,14.648,3.369,0.87,0.0,LO
591,7407,0.0,0.175,3.631,4.917,7.051,1.103,0.013,0.0,LO
591,7408,0.0,0.001,0.010000001,1.079,2.677,0.791,0.166,0.0,LO
591,7467,0.0,0.006,0.394,0.253,1.975,0.386,0.022,0.0,LO
596,514,0.0,0.075,0.141,0.0,0.0,0.0,0.024,0.0,LO
596,522,0.0,0.065,0.028,0.0,0.0,0.0,0.024,0.0,LO
596,591,0.0,0.0,5.057,3.339,1.033,0.431,0.221,0.0,LO
596,597,0.0,7.838,24.039,32.112,34.697,13.433001,3.654,0.0,LO
596,603,0.0,0.792,2.751,2.318,2.511,0.426,0.177,0.0,LO
596,617,0.0,0.299,3.042,4.465,3.558,1.197,0.444,0.0,LO
596,618,0.0,1.22,3.2220001,0.321,1.4530001,0.189,0.0,0.0,LO
596,620,0.0,8.002,37.245,30.676,38.709,12.268,3.0080001,0.0,LO
596,621,0.0,0.0,0.41799998,1.045,0.502,0.166,0.149,0.0,LO
596,659,0.0,0.861,10.479,13.056,13.721,5.93,1.957,0.0,LO
596,680,0.0,13.15,49.062,125.224,54.435,31.643,11.744,0.0,LO
596,686,0.0,0.0,5.499,6.9240003,3.747,1.728,0.171,0.0,LO
596,709,0.0,1.096,5.712,13.442,17.406,5.748,3.362,0.0,LO
596,717,0.0,0.592,2.963,6.0950003,4.71,2.73,1.773,0.0,LO
596,719,0.0,0.317,2.044,3.1790001,3.467,0.587,0.421,0.0,LO
596,751,0.0,5.9509997,37.487,80.495,86.137,28.782999,6.481,0.0,LO
596,755,0.0,2.0900002,10.412,0.778,4.237,0.61399996,0.0,0.0,LO
596,763,0.0,0.0,0.107,0.082,0.092,0.009,0.013,0.0,LO
596,766,0.0,0.304,1.404,1.825,1.42,0.679,0.377,0.0,LO
596,1023,0.0,0.0,0.323,0.138,0.077,0.0,0.027999999,0.0,LO
596,1395,0.0,1.6389999,3.6769998,1.695,2.99,0.972,0.379,0.0,LO
596,1398,0.0,0.329,3.683,7.29,5.289,1.806,0.552,0.0,LO
596,1402,0.0,3.705,33.821,26.246,25.11,12.35,1.2129999,0.0,LO
596,1404,0.0,0.0,0.75600004,1.532,0.965,0.486,0.274,0.0,LO
596,1409,0.0,0.183,1.995,1.114,1.172,0.396,0.394,0.0,LO
596,1413,0.0,0.615,5.665,2.494,0.913,0.172,0.0,0.0,LO
596,1415,0.0,15.557,9.847,12.412,11.758,3.25,0.385,0.0,LO
596,1421,0.0,0.124,3.495,3.057,4.5490003,1.227,0.196,0.0,LO
596,1429,0.0,0.312,2.2649999,2.683,1.816,0.926,0.114,0.0,LO
596,1434,0.0,3.964,18.896,8.135,14.27,4.394,2.883,0.0,LO
596,1437,0.0,0.0,0.654,1.521,1.287,0.629,0.134,0.0,LO
596,1438,0.0,0.0,1.706,2.718,1.158,0.4,0.089,0.0,LO
596,1439,0.0,0.244,3.211,0.948,0.665,0.171,0.0,0.0,LO
596,1440,0.0,0.375,2.783,3.033,2.294,0.583,0.091,0.0,LO
596,1441,0.0,0.037,0.267,0.45700002,0.559,0.0,0.059,0.0,LO
596,1442,0.0,4.471,13.361,5.155,11.562,2.976,3.98,0.0,LO
596,1444,0.0,15.32,73.915,72.48,63.269,22.281,8.102,0.0,LO
596,1445,0.0,0.063,1.789,0.87,1.859,0.301,0.049999997,0.0,LO
596,1448,0.0,0.0,1.425,0.952,1.445,0.145,0.037,0.0,LO
596,1449,0.0,0.078,0.34100002,0.259,0.305,0.081,0.065,0.0,LO
596,1451,0.0,1.625,19.435,8.962,7.206,1.577,0.114,0.0,LO
596,1452,0.0,0.0,1.764,2.833,1.942,1.15,0.16,0.0,LO
596,1455,0.0,7.17,10.389,13.816,13.917999,3.614,2.216,0.0,LO
596,1524,0.0,0.002,0.43199998,0.1,0.0,0.0,0.001,0.0,LO
596,5345,0.0,0.0,0.052,0.0,0.0,0.0,0.0,0.0,LO
596,5362,0.0,0.0,0.028,0.0,0.0,0.0,0.0,0.0,LO
596,5376,0.0,0.0,0.0,0.0,0.0,0.0,0.001,0.0,LO
596,5423,0.0,0.032,0.114,0.0,0.255,0.0,0.0,0.0,LO
596,5424,0.0,0.0,0.09,0.0,0.18900001,0.0,0.0,0.0,LO
596,5595,0.0,2.848,8.728,0.695,10.6,1.721,0.0,0.0,LO
596,6977,0.0,0.387,1.685,2.077,1.594,0.457,0.199,0.0,LO
596,6978,0.0,0.41,0.347,0.804,0.203,0.074,0.116,0.0,LO
596,6979,0.0,0.095,0.736,0.546,0.76600003,0.561,0.335,0.0,LO
596,7401,0.0,0.012,0.434,0.05,0.0,0.141,0.002,0.0,LO
596,7402,0.0,0.0,0.075,0.0,0.0,0.0,0.001,0.0,LO
596,7404,0.0,0.0050000004,0.241,0.19600001,0.0,0.057,0.001,0.0,LO
596,7406,0.0,0.007,0.015000001,0.06,0.0,0.0,0.002,0.0,LO
596,9586,0.0,0.272,3.326,0.246,0.936,0.096,0.0,0.0,LO
596,9587,0.0,0.903,11.507,1.066,12.739,0.982,0.0,0.0,LO
597,514,0.0,0.124,0.035,0.0,0.0,0.0,0.0,0.0,LO
597,522,0.0,0.0,0.039,0.0,0.0,0.0,0.0,0.0,LO
597,591,0.0,1.366,8.168,3.911,3.072,1.12,0.701,0.0,LO
597,596,0.0,25.289,39.941,25.745,17.089,10.062,3.098,0.0,LO
597,603,0.0,0.067,0.573,0.824,1.494,0.571,0.444,0.0,LO
597,617,0.0,2.385,14.15,10.225,7.549,1.974,1.356,0.0,LO
597,618,0.0,0.0,1.644,0.0,0.0,0.0,0.0,0.0,LO
597,620,0.0,14.861,20.675,21.9,24.999,8.46,4.175,0.0,LO
597,621,0.0,0.176,1.75,3.399,1.513,0.412,0.016999999,0.0,LO
597,659,0.0,3.808,13.674,14.85,20.739,6.589,2.912,0.0,LO
597,680,0.0,13.874,34.63,110.845,57.152,27.198,8.525,0.0,LO
597,686,0.0,0.984,4.781,11.727,7.812,1.082,0.819,0.0,LO
597,709,0.0,0.28,8.876,18.091,33.206,11.7560005,2.701,0.0,LO
597,717,0.0,29.851,19.944,16.997,14.961,6.8199997,4.686,0.0,LO
597,719,0.0,1.3349999,1.551,2.158,2.029,0.477,0.107,0.0,LO
597,751,0.0,3.737,28.647,50.298,52.09,15.221,8.316,0.0,LO
597,755,0.0,0.0,0.296,0.0,0.0,0.0,0.0,0.0,LO
597,763,0.0,0.0,0.0,0.053000003,0.0,0.0,0.014,0.0,LO
597,766,0.0,6.111,32.966,16.605,11.284,5.02,1.675,0.0,LO
597,1022,0.0,0.0,0.0,0.137,0.124,0.001,0.022,0.0,LO
597,1024,0.0,0.0,0.0,0.026999999,0.101,0.005,0.036,0.0,LO
597,1395,0.0,5.558,18.401001,8.1970005,14.5720005,7.431,0.227,0.0,LO
597,1398,0.0,0.643,6.722,28.511,68.51,11.689,1.97,0.0,LO
597,1402,0.0,12.2,108.108,45.84,26.415,15.026,2.738,0.0,LO
597,1404,0.0,0.163,3.378,4.237,2.685,2.781,1.067,0.0,LO
597,1409,0.0,0.254,0.666,1.48,0.231,0.194,0.0,0.0,LO
597,1413,0.0,0.205,3.677,2.433,0.9,0.483,0.001,0.0,LO
597,1415,0.0,73.541,22.161,8.787,5.639,3.191,0.374,0.0,LO
597,1421,0.0,0.393,1.51,2.718,2.272,0.558,0.301,0.0,LO
597,1429,0.0,2.01,0.663,3.628,0.92700005,0.644,0.147,0.0,LO
597,1434,0.0,0.841,52.253,19.614,91.927,19.909,3.866,0.0,LO
597,1437,0.0,0.0,0.438,1.054,0.634,0.447,0.002,0.0,LO
597,1438,0.0,0.538,2.234,0.451,0.083,0.344,0.172,0.0,LO
597,1439,0.0,0.556,0.11,0.179,0.623,0.071,0.0,0.0,LO
597,1440,0.0,0.868,1.532,2.07,0.73,0.075,0.0,0.0,LO
597,1441,0.0,0.19999999,0.157,0.354,0.0,0.217,0.0,0.0,LO
597,1442,0.0,22.02,42.207,44.262,92.018,27.668,10.134,0.0,LO
597,1443,0.0,0.0,0.0,0.25800002,0.134,0.005,0.0,0.0,LO
597,1444,0.0,5.868,0.0,33.304,37.892,11.151,1.863,0.0,LO
597,1448,0.0,0.0,0.787,1.568,0.7,0.23200001,0.0,0.0,LO
597,1449,0.0,0.021,0.31,0.421,0.087,0.084,0.019,0.0,LO
597,1451,0.0,0.417,3.931,2.245,3.574,0.482,0.297,0.0,LO
597,1452,0.0,0.496,10.324,4.844,1.395,0.453,0.007,0.0,LO
597,1455,0.0,14.603,96.683,94.711,55.282,23.906,5.009,0.0,LO
597,5421,0.0,0.0,0.0,0.0,0.0,0.037,0.0,0.0,LO
597,5423,0.0,0.0,0.0,0.0,0.0,0.063,0.0,0.0,LO
597,5424,0.0,0.0,0.0,0.0,0.0,0.02,0.0,0.0,LO
597,5595,0.0,0.84000003,2.139,0.567,1.539,0.323,0.0,0.0,LO
597,6977,0.0,0.44199997,1.876,2.195,1.211,0.177,0.0,0.0,LO
597,6978,0.0,1.394,0.536,0.561,0.525,0.296,0.0,0.0,LO
597,6979,0.0,0.30699998,1.076,0.791,1.244,0.337,0.13,0.0,LO
597,7401,0.0,0.0,0.162,0.221,0.188,0.0,0.0,0.0,LO
597,9586,0.0,0.0,0.336,0.0,0.0,0.0,0.0,0.0,LO
597,9587,0.0,0.0,2.235,0.0,0.125,0.003,0.0,0.0,LO
603,591,0.0,3.497,51.475,15.059,25.747,5.405,3.642,0.0,LO
603,596,0.0,0.939,0.592,0.981,0.897,0.37,0.158,0.0,LO
603,597,0.0,0.074,0.103999995,0.407,0.0,0.232,0.206,0.0,LO
603,617,0.0,0.0,0.0,0.112,0.083,0.036,0.0,0.0,LO
603,618,0.0,3.196,39.211,39.354,17.396,9.551,1.599,0.0,LO
603,620,0.0,0.0,0.023,0.70100003,0.508,0.078,0.0,0.0,LO
603,621,0.0,0.645,7.737,20.236,24.022,4.537,3.749,0.0,LO
603,659,0.0,0.04,0.12100001,0.435,0.782,0.25,0.0,0.0,LO
603,686,0.0,1.647,32.541,30.897,51.568,18.521,14.088,0.0,LO
603,709,0.0,0.0,0.092999995,0.32,0.486,0.117,0.044,0.0,LO
603,717,0.0,0.36,0.555,0.84,0.803,0.241,0.082,0.0,LO
603,719,0.0,134.684,836.783,1277.652,1230.025,576.817,354.832,0.0,LO
603,751,0.0,0.467,0.98700005,3.1759999,3.337,1.03,0.127,0.0,LO
603,755,0.0,0.451,1.9350001,1.254,2.063,1.036,0.612,0.0,LO
603,763,7.181,42.129,376.639,306.925,313.012,138.415,105.186,11.385,LO
603,766,0.0,19.599,54.313,58.575,78.038,36.751,17.366,0.0,LO
603,788,3.989,12.457,150.232,69.996,85.244,42.675,31.445,7.357,LO
603,1022,15.127,8.136,327.075,505.136,522.482,421.551,255.89,26.463,LO
603,1023,8.534,8.643,353.166,264.859,220.922,195.729,104.246,13.647,LO
603,1024,9.3619995,15.08,529.863,481.33,310.286,238.789,110.535,16.829,LO
603,1039,1.607,1.782,30.949,33.629,50.472,26.405,23.572,2.114,LO
603,1082,7.724,31.549,231.273,117.908,143.6,58.704,55.875,10.318,LO
603,1083,4.761,1.718,9.441,10.312,25.847,20.188,17.696,10.175,LO
603,1085,2.983,6.677,79.684,51.645,52.184,31.761,24.147,8.436,LO
603,1395,0.0,1.204,0.0,0.0,0.0,0.0,0.117,0.0,LO
603,1404,0.0,3.88,33.802,29.754,50.535,22.921,13.224,0.0,LO
603,1409,0.0,7.259,146.966,98.31,82.314,42.918,19.041,0.0,LO
603,1413,0.0,34.678,461.123,251.064,93.264,53.3,22.593,0.0,LO
603,1421,0.0,40.309,264.71,142.621,189.598,70.142,43.126,0.0,LO
603,1429,0.0,17.894,433.362,909.498,992.39,859.623,326.001,0.0,LO
603,1437,0.0,9.97,70.078,64.454,71.681,34.113,26.24,0.0,LO
603,1438,0.0,7.107,107.234,49.216,58.449,21.468,16.374,0.0,LO
603,1439,0.0,4.75,91.572,66.841,51.721,26.578001,9.91,0.0,LO
603,1440,0.0,57.815,412.33398,261.971,136.865,67.345,35.826,0.0,LO
603,1441,5.545,2.218,137.105,247.349,385.748,282.596,162.412,7.46,LO
603,1442,0.0,0.0,0.0,0.819,0.295,0.053000003,0.0,0.0,LO
603,1443,37.420002,14.419,329.682,692.028,1008.977,775.928,513.382,74.693,LO
603,1444,0.0,0.0,0.0,0.042,0.16800001,0.0,0.0,0.0,LO
603,1445,0.0,23.181,215.412,96.105,73.671,26.805,16.039999,0.0,LO
603,1448,0.0,2.5839999,165.511,92.338,130.275,56.88,22.026,0.0,LO
603,1449,0.0,3.133,40.939,21.449,16.665,10.905,4.855,0.0,LO
603,1452,0.0,11.271,71.748,24.422,25.901001,16.493,7.888,0.0,LO
603,5150,0.0,0.0,1.188,2.048,1.966,0.461,0.185,0.0,LO
603,5345,18.923,13.417,134.889,168.007,153.938,101.486,99.396,41.41,LO
603,5356,0.0,1.4580001,23.062,26.677,50.492,23.937,14.593,0.0,LO
603,5362,0.0,5.905,47.541,68.034,100.215,58.37,29.627,0.0,LO
603,5376,0.0,2.057,8.135,14.225,13.817,10.1310005,5.487,0.0,LO
603,5378,0.0,0.0,2.54,8.317,7.578,5.408,1.705,0.0,LO
603,5397,0.0,4.265,6.629,10.551,19.858,8.868,3.065,0.0,LO
603,5404,0.0,3.998,42.701,61.83,99.297,73.225,37.072998,0.0,LO
603,5411,0.0,2.513,20.42,25.067,17.0,9.35,4.975,0.0,LO
603,5418,0.0,2.267,31.619,36.582,77.718,41.964,29.764,0.0,LO
603,5421,0.0,0.0,0.0,0.0,0.0,0.0,2.284,0.0,LO
603,5423,0.0,0.0,0.0,0.0,0.0,0.0,9.817,0.0,LO
603,5424,0.0,0.0,0.0,0.0,0.0,0.0,15.117001,0.0,LO
603,5437,0.0,2.944,36.268,52.525,84.5,42.19,25.119,0.0,LO
603,5595,0.0,0.41799998,1.535,4.608,4.49,3.916,6.762,0.0,LO
603,6919,0.0,0.003,0.0,0.0,0.0,0.0,0.0,0.0,LO
603,6926,0.0,0.172,0.04,1.639,1.51,0.364,0.082,0.0,LO
603,6934,0.0,0.0,0.003,0.0,0.0,0.0,0.0,0.0,LO
603,6961,0.0,0.0,0.338,0.257,0.324,0.217,0.143,0.0,LO
603,6962,0.0,0.253,0.578,0.495,0.056999996,0.122999996,0.003,0.0,LO
603,6966,0.0,0.0,0.484,0.0,0.0,0.889,0.0,0.0,LO
603,6967,0.0,0.0,0.015999999,0.011,0.0,0.0,0.025,0.0,LO
603,6973,0.0,0.005,0.059,0.007,0.091000006,0.02,0.022,0.0,LO
603,6977,0.0,16.595,648.011,964.45703,1093.155,890.192,328.571,0.0,LO
603,6978,0.0,16.47,451.705,391.729,370.023,378.651,168.043,0.0,LO
603,6979,0.0,13.28,505.268,644.945,838.419,745.294,314.613,0.0,LO
603,7406,0.0,0.0,0.0,0.0,0.019000001,0.005,0.0,0.0,LO
603,9586,0.0,3.966,40.804,19.908,12.403,7.005,2.309,0.0,LO
603,9587,0.0,3.409,43.759,31.957,40.63,17.695,3.525,0.0,LO
617,514,0.0,0.002,0.0,0.007,0.0,0.013,0.0,0.0,LO
617,522,0.0,0.025,0.004,0.007,0.0,0.0,0.0,0.0,LO
617,591,0.0,0.208,0.829,0.021,0.092,0.0,0.0,0.0,LO
617,596,0.0,0.898,8.3,4.336,2.525,0.716,0.271,0.0,LO
617,597,0.0,2.205,15.682,10.424,11.204,6.2070003,1.507,0.0,LO
617,603,0.0,0.0,0.123,0.356,0.031999998,0.09,0.0,0.0,LO
617,618,0.0,0.0,0.589,0.182,0.116000004,0.237,0.0,0.0,LO
617,620,0.0,1.578,19.065,7.674,9.983,4.9379997,1.407,0.0,LO
617,659,0.0,0.396,3.724,3.2419999,4.027,2.057,1.716,0.0,LO
617,680,0.0,12.0130005,110.066,189.349,50.265,43.565998,10.975,0.0,LO
617,686,0.0,0.15699999,1.591,0.488,0.126,0.0,0.0,0.0,LO
617,709,0.0,0.0,1.284,5.057,7.261,1.615,1.89,0.0,LO
617,717,0.0,0.689,7.092,5.225,4.415,1.989,0.292,0.0,LO
617,719,0.0,0.0,0.0,0.084,0.03,0.021,0.0,0.0,LO
617,751,0.0,3.286,26.983,28.801,27.613,9.650001,1.9449999,0.0,LO
617,755,0.0,0.08,1.001,0.9,0.111,0.458,0.557,0.0,LO
617,763,0.0,0.0,0.0,0.0,0.0,0.022,0.0,0.0,LO
617,766,0.0,0.93700004,5.055,3.313,2.912,0.974,0.416,0.0,LO
617,1395,0.0,1.9660001,3.0440001,0.93700004,1.406,0.793,0.227,0.0,LO
617,1398,0.0,0.119,0.59,3.111,3.531,1.355,0.489,0.0,LO
617,1402,0.0,1.693,25.023,11.414,12.032,7.542,0.595,0.0,LO
617,1404,0.0,0.022,2.335,0.508,0.05,0.0,0.0,0.0,LO
617,1415,0.0,10.932,11.304,15.619,5.919,1.54,0.298,0.0,LO
617,1429,0.0,0.158,0.266,0.229,0.078999996,0.0,0.003,0.0,LO
617,1434,0.0,1.179,4.366,2.94,3.901,1.794,0.607,0.0,LO
617,1442,0.0,5.169,3.532,1.422,4.675,0.864,1.641,0.0,LO
617,1444,0.0,17.52,189.33,85.844,48.684002,19.928,6.653,0.0,LO
617,1448,0.0,0.0,0.15200001,0.28,0.027,0.0,0.0,0.0,LO
617,1451,0.0,1.159,17.769001,9.506,3.557,2.948,0.185,0.0,LO
617,1455,0.0,5.002,7.131,6.073,4.564,3.727,0.561,0.0,LO
617,5595,0.0,0.373,0.6,0.805,0.359,1.006,0.664,0.0,LO
617,6977,0.0,0.0,0.182,0.362,0.0,0.037,0.026999999,0.0,LO
617,9586,0.0,0.05,0.328,0.064,0.07300001,0.329,0.0,0.0,LO
617,9587,0.0,0.16499999,0.64,1.682,0.685,1.025,0.148,0.0,LO
618,514,0.0,0.0,0.15,0.0,0.0,0.468,0.514,0.0,LO
618,522,0.0,0.0,0.0,0.0,0.593,0.119,0.68799996,0.0,LO
618,596,0.0,0.001,0.71500003,1.362,4.586,0.679,0.081,0.0,LO
618,597,0.0,0.0,0.071,0.32,0.0,0.133,0.0,0.0,LO
618,603,0.0,0.889,7.285,50.969,40.799,22.431,11.405,0.0,LO
618,617,0.0,0.0,0.022,0.0,0.0,0.117,0.095,0.0,LO
618,620,0.0,0.0,1.284,4.252,18.723,3.41,0.781,0.0,LO
618,659,0.0,0.0,0.648,2.138,4.182,1.348,0.312,0.0,LO
618,680,0.0,0.0,0.084,0.0,0.0,0.231,1.14,0.0,LO
618,709,0.0,0.0,0.473,3.978,11.058,1.73,0.76199996,0.0,LO
618,717,0.0,0.098,0.301,1.906,8.874,1.245,0.18400002,0.0,LO
618,719,0.0,0.791,7.94,43.251,43.561,13.298,5.044,0.0,LO
618,751,0.0,0.744,0.0,0.0,0.313,1.323,0.0,0.0,LO
618,755,0.0,0.91599995,46.203,134.105,60.895,34.408,29.685,0.0,LO
618,766,0.0,0.936,12.08,70.509,62.336998,22.325,18.472,0.0,LO
618,788,0.0,0.082,0.002,3.678,2.395,0.841,0.306,0.0,LO
618,1022,0.0,0.117,1.036,1.676,2.603,1.312,0.7,0.0,LO
618,1023,0.0,0.098000005,1.5469999,1.126,1.407,0.264,0.345,0.0,LO
618,1024,0.0,0.009,1.131,3.126,1.442,0.398,0.577,0.0,LO
618,1083,0.0,0.2,0.703,4.99,5.203,1.509,0.78099996,0.0,LO
618,1395,0.0,0.124,0.69,1.073,5.288,1.145,0.089999996,0.0,LO
618,1398,0.0,0.0,0.134,1.585,2.706,0.913,0.531,0.0,LO
618,1409,0.0,0.691,2.619,9.851,14.083,3.534,1.7739999,0.0,LO
618,1413,0.0,1.275,16.797,20.26,16.702,5.817,0.98300004,0.0,LO
618,1421,0.0,0.794,8.759,22.8,41.438,11.675,2.337,0.0,LO
618,1429,0.0,0.28,3.657,14.181,22.779,8.978,6.303,0.0,LO
618,1434,0.0,0.0,0.589,0.809,2.335,1.353,0.121,0.0,LO
618,1437,0.0,1.572,18.89,54.322998,111.677,22.786,11.972,0.0,LO
618,1438,0.0,0.31800002,15.296,18.397,23.325,11.384,2.244,0.0,LO
618,1439,0.0,0.527,3.227,4.662,7.314,2.088,1.589,0.0,LO
618,1440,0.0,0.334,9.546,16.597,22.505,3.333,2.1000001,0.0,LO
618,1441,0.0,0.092,1.458,4.634,8.568,2.855,1.8629999,0.0,LO
618,1442,0.0,0.0,0.187,1.352,3.014,0.874,0.564,0.0,LO
618,1444,0.0,0.006,0.482,1.967,2.5939999,0.373,0.35,0.0,LO
618,1445,0.0,0.86300004,18.03,23.185,34.435,10.021,2.578,0.0,LO
618,1448,0.0,0.009000001,7.868,21.684,47.3,9.423,2.004,0.0,LO
618,1449,0.0,0.016,0.90500003,3.234,3.388,1.267,0.688,0.0,LO
618,1455,0.0,0.001,0.264,1.233,1.694,0.569,0.319,0.0,LO
618,1524,0.0,0.109,2.043,3.904,2.927,1.546,0.361,0.0,LO
618,5301,0.0,0.082,11.745,27.022,27.356,7.362,1.952,0.0,LO
618,5362,0.0,0.0,0.0,0.0,0.0,0.008,0.035,0.0,LO
618,5372,0.0,0.004,0.31800002,7.712,6.3380003,4.573,1.738,0.0,LO
618,5404,0.0,0.001,0.074,1.374,0.86899996,0.421,0.146,0.0,LO
618,5421,0.0,0.96599996,11.872,35.186,25.77,8.728,2.55,0.0,LO
618,5423,0.0,0.73399997,3.118,31.057,43.754,18.957,1.556,0.0,LO
618,5424,0.0,0.84599996,0.793,10.194,9.733,3.786,1.227,0.0,LO
618,5437,0.0,0.0,0.0,0.0,0.0,0.026,0.016,0.0,LO
618,5595,0.0,19.503,138.737,428.137,424.985,146.859,81.858,0.0,LO
618,6814,0.0,0.0,0.0,0.067999996,0.0,0.01,0.033,0.0,LO
618,6914,0.0,0.0,0.001,3.296,0.144,0.073,0.004,0.0,LO
618,6977,0.0,0.413,2.363,9.276,13.345,4.112,2.699,0.0,LO
618,6978,0.0,0.010000001,1.827,3.594,3.746,2.109,0.636,0.0,LO
618,6979,0.0,0.195,1.201,3.399,9.624,3.566,1.226,0.0,LO
618,7401,0.0,0.044,0.884,2.327,4.743,1.319,0.212,0.0,LO
618,7404,0.0,0.0,0.004,1.337,1.658,0.311,0.065,0.0,LO
618,7406,0.0,0.024,0.525,1.379,3.493,1.341,0.59,0.0,LO
618,7467,0.0,0.0,0.013,0.55,1.418,0.246,0.019000001,0.0,LO
618,9586,0.0,0.811,34.6,30.055,18.246,7.687,3.355,0.0,LO
618,9587,0.0,2.297,40.946,255.021,213.04,50.553,48.347,0.0,LO
620,591,0.0,1.309,3.214,2.869,1.012,0.547,0.096,0.0,LO
620,596,0.0,36.634,38.009,27.601,16.184,6.222,1.567,0.0,LO
620,597,0.0,34.33,53.962,40.766,22.093,13.539,3.134,0.0,LO
620,603,0.0,0.878,0.311,0.453,0.11,0.104,0.804,0.0,LO
620,617,0.0,3.012,6.865,7.184,8.607,1.9,0.591,0.0,LO
620,618,0.0,4.155,6.754,0.054,0.744,0.216,0.0,0.0,LO
620,621,0.0,0.069,0.468,2.728,1.756,0.4,0.006,0.0,LO
620,659,0.0,1.803,6.459,10.464,7.785,4.731,1.026,0.0,LO
620,680,0.0,10.78,17.374,38.859,25.663,8.447,1.92,0.0,LO
620,686,0.0,2.752,2.908,7.751,5.08,1.42,0.015000001,0.0,LO
620,709,0.0,0.0,8.604,25.548,20.535,6.772,0.817,0.0,LO
620,717,0.0,14.803,10.672,12.649,9.764,4.998,1.411,0.0,LO
620,719,0.0,1.221,0.619,0.693,0.242,0.078999996,0.0,0.0,LO
620,751,0.0,10.019,28.209,67.496,39.582,12.062,6.517,0.0,LO
620,755,0.0,4.526,4.622,0.208,2.256,0.157,0.0,0.0,LO
620,766,0.0,12.434,18.739,13.649,11.392,5.374,1.254,0.0,LO
620,1395,0.0,1.558,5.967,5.257,4.1,2.298,2.066,0.0,LO
620,1398,0.0,0.0,5.348,8.967,10.911,4.157,1.093,0.0,LO
620,1402,0.0,24.046999,100.885,71.019,39.911,18.931,2.554,0.0,LO
620,1404,0.0,0.362,1.595,3.086,2.129,0.379,0.825,0.0,LO
620,1409,0.0,0.60400003,0.84,0.335,0.126,0.184,0.24700001,0.0,LO
620,1413,0.0,0.287,1.512,0.994,0.15799999,0.0,0.117,0.0,LO
620,1415,0.0,17.381,5.775,4.25,2.9750001,1.102,0.069,0.0,LO
620,1429,0.0,0.372,1.273,1.511,0.741,0.413,0.167,0.0,LO
620,1434,0.0,0.647,13.464,6.403,5.199,2.012,0.31,0.0,LO
620,1439,0.0,0.774,0.408,0.656,0.208,0.0,0.0,0.0,LO
620,1440,0.0,1.155,1.8429999,0.263,0.182,0.0,0.0,0.0,LO
620,1442,0.0,16.144,30.519,20.431,34.688,13.231,3.212,0.0,LO
620,1444,0.0,6.071,8.985,8.713,9.217,2.022,1.0879999,0.0,LO
620,1448,0.0,0.0,1.333,0.915,0.299,0.008,0.0,0.0,LO
620,1451,0.0,0.0,5.0360003,1.204,0.0,0.198,0.0,0.0,LO
620,1452,0.0,0.384,2.4029999,1.159,2.807,1.914,0.192,0.0,LO
620,1455,0.0,13.627,47.689,44.776,24.425001,9.331,2.878,0.0,LO
620,5421,0.0,0.097,0.057,0.0,0.0,0.0,0.0,0.0,LO
620,5595,0.0,18.581,4.091,0.332,3.5,0.251,0.0,0.0,LO
620,6977,0.0,0.589,0.667,0.517,0.565,0.126,0.0,0.0,LO
620,6978,0.0,0.73300004,0.407,0.0,0.0,0.0,0.22,0.0,LO
620,6979,0.0,0.812,0.277,0.432,0.514,0.324,0.0,0.0,LO
620,9586,0.0,1.607,2.1599998,0.084,0.378,0.092,0.0,0.0,LO
620,9587,0.0,4.242,12.408,0.824,4.428,0.51,0.0,0.0,LO
621,514,0.0,0.036,0.046000004,0.032,0.019,0.048,0.054,0.0,LO
621,522,0.0,0.0,0.13,0.2,0.228,0.053,0.12900001,0.0,LO
621,591,0.0,1.275,25.42,18.855,9.494,3.718,1.178,0.0,LO
621,596,0.0,1.975,0.826,0.366,1.7540001,0.24000001,0.057,0.0,LO
621,597,0.0,0.164,2.514,2.929,4.897,2.387,0.431,0.0,LO
621,603,0.0,2.104,17.229,14.054,28.816,5.527,2.984,0.0,LO
621,620,0.0,0.348,1.804,1.982,2.506,0.696,0.09,0.0,LO
621,659,0.0,0.0,0.208,0.053999998,0.804,0.338,0.03,0.0,LO
621,680,0.0,0.001,0.187,0.90099996,3.999,0.47800002,0.053,0.0,LO
621,686,0.0,1.981,101.456,114.718,97.544,54.244,14.743,0.0,LO
621,709,0.0,0.0,0.0,1.467,2.302,0.146,0.066,0.0,LO
621,717,0.0,0.701,0.431,0.553,1.131,0.131,0.39499998,0.0,LO
621,719,0.0,0.649,10.712,6.545,17.973999,3.006,1.656,0.0,LO
621,751,0.0,0.243,1.177,2.407,4.676,1.353,0.092,0.0,LO
621,763,0.0,0.0,0.0,0.029,0.0,0.0,0.0,0.0,LO
621,766,0.0,4.03,39.116,31.738,40.919,11.0,5.63,0.0,LO
621,1022,0.0,0.0050000004,0.648,0.638,0.82600003,0.281,0.194,0.0,LO
621,1023,0.0,0.022,0.909,0.23900001,0.921,0.117,0.155,0.0,LO
621,1024,0.0,0.13,1.385,0.31,0.706,0.086,0.138,0.0,LO
621,1083,0.0,0.086,1.059,0.387,0.123,0.0,0.0,0.0,LO
621,1085,0.0,0.0,0.094000004,0.021,0.001,0.0,0.0,0.0,LO
621,1395,0.0,0.003,0.459,0.735,0.683,0.492,0.351,0.0,LO
621,1398,0.0,0.0,0.001,2.144,1.955,0.557,0.257,0.0,LO
621,1402,0.0,0.105000004,2.786,6.019,7.329,2.763,0.699,0.0,LO
621,1404,0.0,0.34399998,12.242001,25.964,20.461,5.546,4.013,0.0,LO
621,1409,0.0,1.201,6.578,7.225,8.313,3.818,2.533,0.0,LO
621,1413,0.0,0.918,15.587,15.475,9.615,2.06,0.806,0.0,LO
621,1421,0.0,0.841,16.883,6.17,11.794,3.061,1.268,0.0,LO
621,1429,0.0,0.077,4.325,7.311,12.585,3.294,2.08,0.0,LO
621,1437,0.0,0.388,3.814,11.587,23.327,5.6,4.0889997,0.0,LO
621,1438,0.0,0.039,6.009,17.446001,8.951,2.831,2.281,0.0,LO
621,1439,0.0,0.98800004,11.533,3.875,5.299,2.133,0.959,0.0,LO
621,1440,0.0,0.611,10.533,14.172,11.027,4.008,1.775,0.0,LO
621,1441,0.0,0.114,1.05,5.37,4.823,2.603,1.771,0.0,LO
621,1442,0.0,0.0,0.0,1.587,1.596,0.717,0.102,0.0,LO
621,1444,0.0,0.063,5.011,3.007,1.939,0.27,0.0050000004,0.0,LO
621,1445,0.0,1.364,17.07,19.335,24.851,5.861,3.473,0.0,LO
621,1448,0.0,0.086,8.829,13.771,19.772,3.945,2.788,0.0,LO
621,1449,0.0,0.48,5.214,3.609,5.2720003,1.673,0.667,0.0,LO
621,1452,0.0,0.171,6.8310003,27.791,18.051,7.275,4.145,0.0,LO
621,1455,0.0,1.024,0.447,0.828,2.8339999,0.897,0.20799999,0.0,LO
621,1524,0.0,0.32099998,1.829,2.122,3.645,0.746,1.237,0.0,LO
621,5345,0.0,0.0,0.012,0.114999995,0.01,0.035,0.013,0.0,LO
621,5362,0.0,0.0,0.0,0.155,0.0,0.044999998,0.005,0.0,LO
621,5404,0.0,0.0,0.15,0.048,0.011,0.067,0.027,0.0,LO
621,5418,0.0,0.0,0.0,0.13,0.02,0.039,0.011,0.0,LO
621,5437,0.0,0.0,0.0,0.006,0.0,0.029,0.01,0.0,LO
621,6919,0.0,0.0,0.04,0.212,0.569,0.176,0.286,0.0,LO
621,6977,0.0,0.284,1.932,6.179,12.588,2.372,1.623,0.0,LO
621,6978,0.0,0.46,1.6719999,2.248,1.741,0.538,0.759,0.0,LO
621,6979,0.0,0.022,1.19,3.775,4.089,0.991,0.656,0.0,LO
621,7401,0.0,0.207,0.08400001,1.704,3.961,0.87,0.023,0.0,LO
621,7402,0.0,0.0,0.097,1.173,1.4070001,0.43199998,0.019,0.0,LO
621,7406,0.0,0.017,1.506,4.336,7.009,2.3140001,1.72,0.0,LO
659,514,0.0,0.061,0.091000006,0.0,0.0,0.0,0.0,0.0,LO
659,522,0.0,0.023,0.099,0.0,0.0,0.0,0.02,0.0,LO
659,591,0.0,0.45,3.4060001,1.42,0.807,0.524,0.092,0.0,LO
659,596,0.0,17.826,18.487,11.859,7.028,3.93,1.359,0.0,LO
659,597,0.0,8.893,24.785,14.703,11.819,5.879,0.676,0.0,LO
659,603,0.0,1.51,1.821,0.781,0.663,0.359,0.131,0.0,LO
659,617,0.0,0.921,5.986,4.49,4.14,0.98,0.674,0.0,LO
659,618,0.0,2.857,2.0570002,0.072,0.512,0.015,0.0,0.0,LO
659,620,0.0,1.254,12.099,10.008,7.216,4.0239997,0.89199996,0.0,LO
659,680,0.0,16.87,28.932,84.226,34.808,17.26,2.955,0.0,LO
659,686,0.0,0.774,5.709,5.481,1.837,0.239,0.18,0.0,LO
659,709,0.0,0.0,20.091,14.956,4.032,2.839,0.818,0.0,LO
659,717,0.0,16.617,9.592,7.4500003,3.712,1.782,0.931,0.0,LO
659,719,0.0,0.679,0.823,1.243,0.96999997,0.15799999,0.077,0.0,LO
659,751,0.0,2.978,22.539999,50.49,23.86,6.21,1.496,0.0,LO
659,755,0.0,3.398,3.547,0.067,1.563,0.458,0.0,0.0,LO
659,763,0.0,0.0,0.096,0.047,0.028,0.01,0.0,0.0,LO
659,766,0.0,3.18,12.251,7.741,5.225,2.204,0.39699998,0.0,LO
659,1395,0.0,0.837,2.345,0.793,1.23,0.462,0.0,0.0,LO
659,1398,0.0,0.088,1.865,2.209,2.153,0.828,0.0,0.0,LO
659,1402,0.0,2.708,20.73,13.676,8.309,4.841,0.802,0.0,LO
659,1404,0.0,0.082,3.4850001,2.017,1.397,0.373,0.094000004,0.0,LO
659,1409,0.0,0.20199999,2.475,0.963,0.529,0.064,0.002,0.0,LO
659,1413,0.0,0.152,3.173,1.629,0.696,0.331,0.0,0.0,LO
659,1415,0.0,19.036999,6.458,5.267,3.977,1.156,0.185,0.0,LO
659,1421,0.0,0.0,1.714,2.163,3.059,0.718,0.002,0.0,LO
659,1429,0.0,0.304,1.058,1.595,1.5,0.218,0.0,0.0,LO
659,1434,0.0,2.1929998,7.197,4.733,4.414,1.148,0.0,0.0,LO
659,1437,0.0,0.033999998,0.322,0.548,1.026,0.0,0.0,0.0,LO
659,1438,0.0,0.205,6.1679997,0.432,0.18399999,0.244,0.002,0.0,LO
659,1439,0.0,1.387,1.309,0.343,0.30400002,0.161,0.003,0.0,LO
659,1440,0.0,0.716,3.367,2.03,0.519,0.181,0.194,0.0,LO
659,1441,0.0,0.078999996,0.282,0.408,0.47,0.0,0.0,0.0,LO
659,1442,0.0,2.086,3.223,6.136,5.66,2.2779999,0.617,0.0,LO
659,1444,0.0,28.467,36.364,32.391,21.344,6.888,1.243,0.0,LO
659,1445,0.0,0.81200004,1.723,0.522,0.284,0.239,0.002,0.0,LO
659,1448,0.0,0.0,4.203,0.923,1.271,0.161,0.002,0.0,LO
659,1449,0.0,0.098000005,0.324,0.192,0.059,0.017,0.013,0.0,LO
659,1451,0.0,1.142,9.195,4.218,2.134,2.104,0.17300001,0.0,LO
659,1452,0.0,0.122,4.8620005,0.928,0.903,0.279,0.0,0.0,LO
659,1455,0.0,7.083,28.343,14.7630005,4.866,2.819,1.785,0.0,LO
659,1524,0.0,0.035,0.659,0.198,0.0,0.015,0.001,0.0,LO
659,5421,0.0,0.084,0.02,0.0,0.138,0.0,0.0,0.0,LO
659,5595,0.0,4.087,3.695,0.172,2.528,0.72300005,0.0,0.0,LO
659,6977,0.0,0.341,1.862,0.618,0.673,0.458,0.004,0.0,LO
659,6978,0.0,0.393,0.143,0.403,0.6,0.0,0.093,0.0,LO
659,6979,0.0,0.115,1.138,0.44,0.20899999,0.235,0.004,0.0,LO
659,7406,0.0,0.062,0.549,0.326,0.0,0.003,0.0,0.0,LO
659,9586,0.0,0.763,2.5800002,0.054,0.141,0.122,0.0,0.0,LO
659,9587,0.0,2.2740002,13.922,0.364,4.689,1.072,0.0,0.0,LO
680,591,0.0,0.356,12.849,2.494,0.983,0.0,0.0,0.0,LO
680,596,0.0,26.737,103.909004,67.746,64.379,56.106,18.863,0.0,LO
680,597,0.0,6.941,47.762,54.517,52.353,46.614,15.64,0.0,LO
680,617,0.0,3.4950001,29.771,75.561,95.745,78.86,31.657999,0.0,LO
680,618,0.0,0.029000001,0.859,1.224,0.327,0.11799999,0.023,0.0,LO
680,620,0.0,2.21,32.42,28.654,35.272,24.192,8.022,0.0,LO
680,621,0.0,0.086,1.079,1.538,0.90500003,0.0,0.0,0.0,LO
680,659,0.0,3.693,26.692,36.31,47.814,46.065,18.078001,0.0,LO
680,686,0.0,1.167,9.155,5.571,2.645,0.0,0.0,0.0,LO
680,709,0.0,1.428,11.523,37.762,50.488,41.859,12.752,0.0,LO
680,717,0.0,21.629,53.686,57.019,68.188,53.455,18.833,0.0,LO
680,751,0.0,20.887001,102.025,171.778,152.543,139.85,44.173,0.0,LO
680,755,0.0,0.11,0.353,0.359,0.183,0.863,0.962,0.0,LO
680,766,0.0,11.496,84.295,96.024,114.946,97.434,38.264,0.0,LO
680,1395,0.0,1.442,5.816,6.665,12.97,5.691,5.324,0.0,LO
680,1398,0.0,1.058,10.008,32.219,52.062,25.971,7.626,0.0,LO
680,1402,0.0,4.046,52.424,36.013,19.389,11.826,6.787,0.0,LO
680,1404,0.0,0.078,4.082,2.622,3.474,0.0,0.0,0.0,LO
680,1409,0.0,0.021,0.133,0.222,0.0,0.041,0.0,0.0,LO
680,1413,0.0,0.016,0.757,1.516,0.005,0.136,0.0,0.0,LO
680,1415,0.0,9.199,5.536,8.223001,7.728,4.22,0.852,0.0,LO
680,1429,0.0,0.0,0.111,0.113,0.042999998,0.069000006,0.028,0.0,LO
680,1434,0.0,1.397,18.77,17.154,33.312,19.895,3.979,0.0,LO
680,1442,0.0,6.759,22.89,35.91,88.121,43.981,14.485,0.0,LO
680,1444,0.0,15.588,222.592,112.421,76.128,33.326,6.567,0.0,LO
680,1448,0.0,0.0,0.0,0.407,0.193,0.21900001,0.067,0.0,LO
680,1451,0.0,0.1,25.769,11.054,7.223,4.243,2.1560001,0.0,LO
680,1452,0.0,0.71500003,9.508,3.553,2.343,0.0,0.0,0.0,LO
680,1455,0.0,8.11,19.798,28.705,36.642,13.873,5.041,0.0,LO
680,5421,0.0,0.0,0.0,0.02,0.0,0.0,0.0,0.0,LO
680,5595,0.0,0.294,1.439,1.619,1.299,1.801,1.128,0.0,LO
680,6977,0.0,0.029,0.131,0.071,0.031000001,0.042,0.015999999,0.0,LO
680,6979,0.0,0.0,0.037,0.125,0.012,0.042,0.017,0.0,LO
680,9586,0.0,0.077999994,1.918,0.566,0.484,0.081,0.29,0.0,LO
680,9587,0.0,0.117,1.541,3.306,1.266,1.118,0.042,0.0,LO
686,514,0.0,0.031,0.375,0.063,0.89,0.031,0.044,0.0,LO
686,522,0.0,0.215,0.13000001,0.16600001,0.95600003,0.081,0.237,0.0,LO
686,591,0.0,5.974,198.019,67.306,41.77,23.033,10.34,0.0,LO
686,596,0.0,2.282,6.001,5.68,7.772,2.767,0.598,0.0,LO
686,597,0.0,1.678,6.002,7.8780003,29.62,6.681,0.61899996,0.0,LO
686,603,0.0,6.6219997,35.904,29.226,60.177002,12.743,4.363,0.0,LO
686,617,0.0,0.128,0.0,1.081,0.939,0.108,0.096,0.0,LO
686,620,0.0,1.174,2.856,6.501,29.923,4.916,0.489,0.0,LO
686,621,0.0,0.921,28.346,100.524,68.329,42.839,11.071,0.0,LO
686,659,0.0,0.178,1.364,3.6790001,9.379,2.834,0.294,0.0,LO
686,680,0.0,0.349,0.547,2.077,9.549,0.709,0.395,0.0,LO
686,709,0.0,0.013,0.266,5.055,20.672,4.937,0.334,0.0,LO
686,717,0.0,0.215,3.8209999,4.04,11.111,3.961,0.407,0.0,LO
686,719,0.0,6.309,12.543,19.978,52.757,6.801,4.348,0.0,LO
686,751,0.0,1.804,4.706,16.355,47.839,15.42,2.2879999,0.0,LO
686,766,0.0,31.278,152.477,145.724,190.284,85.389,27.948,0.0,LO
686,1022,0.0,0.111,1.406,0.834,2.258,0.935,0.163,0.0,LO
686,1023,0.0,0.591,1.288,0.707,0.962,0.222,0.125,0.0,LO
686,1024,0.0,0.192,0.869,0.077999994,0.0,0.103,0.0,0.0,LO
686,1082,0.0,0.02,0.0,0.0,0.0,0.0,0.0,0.0,LO
686,1395,0.0,0.873,1.2820001,0.952,2.735,0.601,0.33699998,0.0,LO
686,1398,0.0,0.732,0.208,4.147,3.896,0.43400002,0.14500001,0.0,LO
686,1402,0.0,1.488,4.064,9.9539995,12.419,3.406,0.946,0.0,LO
686,1404,0.0,8.622,122.559,132.884,226.333,90.367,36.466,0.0,LO
686,1409,0.0,6.054,24.206,20.041,21.854,10.564,2.748,0.0,LO
686,1413,0.0,9.666,70.856,52.53,33.904,16.027,3.821,0.0,LO
686,1415,0.0,8.8029995,2.6660001,2.206,2.556,0.291,0.001,0.0,LO
686,1421,0.0,20.162,102.354004,103.39,179.796,52.654,17.894,0.0,LO
686,1429,0.0,3.8,19.775,27.218,33.632,14.054,3.549,0.0,LO
686,1434,0.0,1.686,2.093,2.906,3.842,2.372,0.1,0.0,LO
686,1437,0.0,4.658,28.26,46.94,116.599,35.585,11.964,0.0,LO
686,1438,0.0,2.162,50.113,32.372,39.052002,15.369,7.706,0.0,LO
686,1439,0.0,2.43,24.513,10.926,13.887,4.59,0.885,0.0,LO
686,1440,0.0,15.976,63.797,36.017,40.354,13.758,3.332,0.0,LO
686,1441,0.0,0.404,6.795,7.5090003,11.062,5.7400002,1.992,0.0,LO
686,1442,0.0,0.968,1.148,2.3240001,3.546,1.129,0.35300002,0.0,LO
686,1443,0.0,0.223,0.763,0.58,1.167,0.682,0.299,0.0,LO
686,1444,0.0,0.111999996,3.295,3.658,2.044,0.461,0.21499999,0.0,LO
686,1445,0.0,15.927,58.225998,47.065,77.701,21.296,3.229,0.0,LO
686,1448,0.0,1.707,89.353,64.502,109.76,27.489,6.772,0.0,LO
686,1449,0.0,0.961,5.928,3.943,5.068,1.913,0.619,0.0,LO
686,1451,0.0,1.121,0.541,0.732,2.824,0.646,0.001,0.0,LO
686,1452,0.0,7.18,82.606,118.222,138.414,76.047,30.31,0.0,LO
686,1455,0.0,4.483,2.64,4.737,6.161,1.446,0.648,0.0,LO
686,1524,0.0,0.56,2.263,4.385,7.499,2.515,1.1919999,0.0,LO
686,5418,0.0,0.017,0.0,0.0,0.0,0.0,0.0,0.0,LO
686,6814,0.0,0.0,0.0,0.0,0.0,0.0,0.028,0.0,LO
686,6919,0.0,0.0,0.382,0.582,0.806,0.215,0.109,0.0,LO
686,6941,0.0,0.076000005,0.009000001,0.348,0.901,0.316,0.011,0.0,LO
686,6956,0.0,0.045,0.2,0.218,0.204,0.215,0.006,0.0,LO
686,6972,0.0,0.113,0.199,0.143,0.174,0.678,0.01,0.0,LO
686,6977,0.0,4.395,18.276,18.927,33.605,16.764,3.478,0.0,LO
686,6978,0.0,3.003,11.168,5.245,7.269,2.923,1.827,0.0,LO
686,6979,0.0,1.57,9.191,7.434,15.465,8.004,0.654,0.0,LO
686,7401,0.0,0.459,1.0929999,4.137,9.613,2.218,0.578,0.0,LO
686,7402,0.0,0.038,0.401,1.43,2.605,0.916,0.432,0.0,LO
686,7403,0.0,0.024,0.635,0.396,2.123,0.348,0.179,0.0,LO
686,7404,0.0,0.076,0.534,0.948,4.054,1.326,0.656,0.0,LO
686,7406,0.0,1.548,4.862,8.765,8.922,3.629,1.43,0.0,LO
686,7407,0.0,0.336,3.035,2.671,9.9800005,1.133,0.027,0.0,LO
686,7408,0.0,0.41099998,0.347,1.191,2.054,0.36,0.013,0.0,LO
686,7467,0.0,0.004,0.341,0.578,1.667,0.463,0.010000001,0.0,LO
698,1429,0.0,0.016,0.0,0.0,0.0,0.0,0.0,0.0,LO
698,6814,0.0,3.156,23.802,55.178,83.212,30.892,13.864,0.0,LO
698,6867,0.0,5.455,26.521,30.321,43.592,19.677,12.1710005,0.0,LO
698,6913,0.0,7.898,76.015,137.763,357.768,218.881,77.36,0.0,LO
698,6926,0.0,0.0,0.092,0.0,0.13,0.0,0.0,0.0,LO
698,6934,0.0,3.497,54.686,107.098,165.38899,118.922,49.568,0.0,LO
698,6941,0.0,19.293,316.976,620.854,902.923,711.167,318.027,0.0,LO
698,6947,0.0,188.753,213.461,192.38,246.328,156.82,84.833,0.0,LO
698,6949,0.0,12.913,23.863,85.194,180.602,131.274,40.196,0.0,LO
698,6952,0.0,21.668,145.395,199.846,309.014,194.726,90.221,0.0,LO
698,6956,0.0,5.785,236.919,311.023,427.05,247.587,119.44,0.0,LO
698,6958,0.0,21.417,58.736,126.573,219.067,130.159,55.016,0.0,LO
698,6959,0.0,1.989,225.905,294.586,508.126,243.952,77.483,0.0,LO
698,6961,0.0,9.848,38.686,29.432,24.108,12.67,4.4700003,0.0,LO
698,6962,0.0,14.174,95.111,60.05,53.748,37.676,19.617,0.0,LO
698,6965,0.0,57.132,245.178,101.031,95.276,30.818,11.648,0.0,LO
698,6966,0.0,5.677,169.282,148.926,100.777,82.788,31.646,0.0,LO
698,6967,0.0,5.1740003,14.101,120.103,60.951,75.604,40.961,0.0,LO
698,6968,0.0,1.551,22.184,25.556,26.095,13.322,6.734,0.0,LO
698,6972,0.0,17.889,359.358,428.96,806.41,438.941,179.747,0.0,LO
709,591,0.0,1.168,4.6169996,1.595,0.707,0.177,0.0,0.0,LO
709,596,0.0,13.991,20.877,7.715,3.563,1.2409999,0.82,0.0,LO
709,597,0.0,13.4140005,27.855,10.591,4.827,3.31,1.196,0.0,LO
709,603,0.0,0.977,0.80399996,0.305,0.137,0.024,0.085,0.0,LO
709,617,0.0,1.588,6.118,2.59,0.832,0.745,0.298,0.0,LO
709,618,0.0,1.451,3.941,0.04,0.39499998,0.133,0.0,0.0,LO
709,620,0.0,4.363,16.32,13.821,4.364,2.896,1.442,0.0,LO
709,621,0.0,0.016,0.584,1.3,0.464,0.120000005,0.0,0.0,LO
709,659,0.0,0.606,6.31,8.751,3.671,1.264,0.704,0.0,LO
709,680,0.0,13.717,33.234,41.104,16.994,5.989,1.438,0.0,LO
709,686,0.0,1.491,9.042,3.031,1.486,0.551,0.0,0.0,LO
709,717,0.0,11.584001,8.37,5.714,2.465,1.042,1.33,0.0,LO
709,719,0.0,0.901,1.609,0.665,0.111,0.049000002,0.0,0.0,LO
709,751,0.0,9.205,47.842,66.144,18.423,5.773,1.456,0.0,LO
709,755,0.0,2.007,4.172,0.058,0.75,0.924,0.0,0.0,LO
709,766,0.0,8.836,12.006,3.55,2.261,1.021,0.44,0.0,LO
709,1395,0.0,2.426,2.925,0.667,0.752,0.231,0.206,0.0,LO
709,1398,0.0,0.0,2.202,2.703,2.692,1.144,0.312,0.0,LO
709,1402,0.0,9.875,32.03,11.103,5.17,4.013,1.908,0.0,LO
709,1404,0.0,0.081,1.872,2.689,0.142,0.004,0.235,0.0,LO
709,1413,0.0,0.15200001,2.991,0.985,0.142,0.15599999,0.0,0.0,LO
709,1415,0.0,10.53,4.0230002,3.821,0.934,0.488,0.075,0.0,LO
709,1429,0.0,0.206,0.709,1.043,0.399,0.151,0.0,0.0,LO
709,1434,0.0,0.0,10.059,2.902,1.844,0.749,0.0,0.0,LO
709,1438,0.0,0.027999999,8.441999,0.692,0.0,0.0,0.0,0.0,LO
709,1439,0.0,2.004,1.751,0.015000001,0.129,0.0,0.0,0.0,LO
709,1440,0.0,1.99,3.412,0.627,0.229,0.594,0.022,0.0,LO
709,1442,0.0,3.845,7.676,4.067,2.568,1.446,0.761,0.0,LO
709,1444,0.0,20.978,29.003,19.532,9.67,2.259,0.908,0.0,LO
709,1448,0.0,0.013,4.44,1.511,0.238,0.0,0.0,0.0,LO
709,1451,0.0,0.331,5.243,3.065,1.2969999,0.384,0.0,0.0,LO
709,1452,0.0,0.27,1.3959999,3.237,0.184,0.0,0.0,0.0,LO
709,1455,0.0,5.041,25.697,16.167,4.169,0.702,1.876,0.0,LO
709,5595,0.0,4.407,4.112,0.036999997,0.379,0.208,0.0,0.0,LO
709,6977,0.0,0.289,0.913,1.061,0.312,0.0,0.185,0.0,LO
709,9586,0.0,0.502,1.471,0.069,0.186,0.0,0.0,0.0,LO
709,9587,0.0,3.23,7.3469996,0.387,2.599,0.248,0.0,0.0,LO
717,514,0.0,0.091,0.003,0.0,0.0,0.0,0.011,0.0,LO
717,522,0.0,0.094,0.0,0.0,0.0,0.0,0.0,0.0,LO
717,591,0.0,0.0,6.667,3.14,2.766,0.411,0.067,0.0,LO
717,596,0.0,5.266,5.0629997,6.446,3.115,2.711,0.633,0.0,LO
717,597,0.0,6.221,19.755,15.825,20.198,6.111,3.145,0.0,LO
717,603,0.0,0.43199998,3.626,1.994,1.01,0.726,0.132,0.0,LO
717,617,0.0,1.3,4.857,3.361,4.206,1.3659999,0.745,0.0,LO
717,618,0.0,4.059,3.957,0.255,0.43800002,0.066,0.0,0.0,LO
717,620,0.0,3.478,21.192,10.069,14.247,3.732,2.332,0.0,LO
717,621,0.0,0.0,0.88199997,1.676,0.94200003,0.071,0.0,0.0,LO
717,659,0.0,0.55300003,6.422,5.629,7.999,4.062,2.736,0.0,LO
717,680,0.0,25.571,51.302,112.32,39.053,22.512001,7.845,0.0,LO
717,686,0.0,0.0,5.772,4.846,4.721,1.215,0.273,0.0,LO
717,709,0.0,2.036,6.455,8.395,10.207,4.047,1.589,0.0,LO
717,719,0.0,0.56,1.386,1.963,1.062,0.245,0.234,0.0,LO
717,751,0.0,4.379,24.4,32.584,32.79,8.907,3.228,0.0,LO
717,755,0.0,5.081,10.052,0.277,2.418,0.34,0.0,0.0,LO
717,763,0.0,0.0,0.098,0.134,0.0,0.011,0.018,0.0,LO
717,766,0.0,1.677,6.382,4.741,3.208,1.953,0.225,0.0,LO
717,1082,0.0,0.0,0.0,0.048,0.0,0.033999998,0.054,0.0,LO
717,1083,0.0,0.0,0.0,0.0,0.013,0.0,0.0,0.0,LO
717,1395,0.0,4.016,5.544,0.948,1.978,1.139,0.418,0.0,LO
717,1398,0.0,0.63199997,1.198,7.1679997,7.136,2.503,0.293,0.0,LO
717,1402,0.0,6.584,21.544,20.228,7.019,5.732,0.672,0.0,LO
717,1404,0.0,0.0,2.1,1.383,2.141,0.095,0.077,0.0,LO
717,1409,0.0,0.656,1.917,0.769,0.573,0.607,0.161,0.0,LO
717,1413,0.0,0.489,8.887,3.952,0.38099998,0.312,0.0,0.0,LO
717,1415,0.0,16.245,8.34,7.011,5.429,1.159,0.11,0.0,LO
717,1421,0.0,0.302,4.632,2.222,2.6069999,1.21,0.218,0.0,LO
717,1429,0.0,0.585,1.832,5.751,1.35,0.643,0.120000005,0.0,LO
717,1434,0.0,19.671999,24.35,4.975,9.991,2.911,1.179,0.0,LO
717,1437,0.0,0.185,1.616,1.823,0.825,0.473,0.105000004,0.0,LO
717,1438,0.0,0.077,9.713,1.569,0.44099998,0.519,0.0,0.0,LO
717,1439,0.0,0.89400005,2.112,1.693,0.75299996,0.26700002,0.0,0.0,LO
717,1440,0.0,1.5320001,4.844,3.256,0.912,0.994,0.378,0.0,LO
717,1441,0.0,0.057,0.747,0.624,0.271,0.258,0.089,0.0,LO
717,1442,0.0,7.5969996,11.774,2.823,7.075,3.093,0.053999998,0.0,LO
717,1444,0.0,18.059,67.492,50.442,36.109,13.245,3.575,0.0,LO
717,1445,0.0,0.134,2.946,3.014,1.119,0.406,0.003,0.0,LO
717,1448,0.0,0.0,2.888,0.798,0.388,0.153,0.003,0.0,LO
717,1449,0.0,0.073,0.56700003,0.387,0.13,0.094,0.003,0.0,LO
717,1451,0.0,0.934,17.57,7.691,3.391,1.206,0.166,0.0,LO
717,1452,0.0,0.0,2.627,5.289,2.659,2.71,0.195,0.0,LO
717,1455,0.0,9.643,21.937,14.68,8.024,3.461,1.0550001,0.0,LO
717,1524,0.0,0.016,0.599,0.075,0.0,0.0,0.011,0.0,LO
717,5301,0.0,1.888,2.4490001,0.0,0.267,1.4990001,0.0,0.0,LO
717,5345,0.0,0.0,0.024,0.0,0.0,0.0,0.0,0.0,LO
717,5421,0.0,0.031,0.099,0.0,0.048,0.0,0.0,0.0,LO
717,5423,0.0,0.095,0.001,0.0,0.206,0.056,0.0,0.0,LO
717,5595,0.0,6.9,6.735,0.331,5.274,0.781,0.0,0.0,LO
717,6977,0.0,0.836,1.162,2.204,0.792,0.38099998,0.092,0.0,LO
717,6978,0.0,0.64100003,1.852,0.504,0.12900001,0.271,0.117,0.0,LO
717,6979,0.0,0.105,0.788,0.68700004,0.453,0.223,0.089999996,0.0,LO
717,7401,0.0,0.008,0.115,0.063,0.0,0.004,0.006,0.0,LO
717,7404,0.0,0.012,0.678,0.019,0.0,0.063999996,0.001,0.0,LO
717,7406,0.0,0.018,0.114,0.022,0.0,0.023,0.003,0.0,LO
717,9586,0.0,0.476,2.403,0.128,0.622,0.023,0.0,0.0,LO
717,9587,0.0,2.481,17.081,1.089,5.891,0.62,0.0,0.0,LO
719,591,0.0,14.102,60.595,12.459,19.371,4.802,1.105,0.0,LO
719,596,0.0,9.445,2.586,2.261,2.151,1.394,0.121999994,0.0,LO
719,597,0.0,4.1809998,0.739,1.772,2.148,0.622,0.065,0.0,LO
719,603,0.0,352.035,1119.183,1176.045,1020.422,565.652,176.063,0.0,LO
719,617,0.0,0.074,0.006,0.121,0.034,0.0,0.0,0.0,LO
719,618,0.0,8.8949995,49.357998,53.837,12.935,3.469,0.154,0.0,LO
719,620,0.0,0.191,0.439,0.394,1.3610001,0.574,0.0,0.0,LO
719,621,0.0,1.194,9.352,12.551,14.212,1.564,0.322,0.0,LO
719,659,0.0,1.056,0.20300001,1.038,1.644,0.619,0.207,0.0,LO
719,680,0.0,0.251,0.0,0.0,0.0,0.0,0.0,0.0,LO
719,686,0.0,10.973001,31.315,28.91,17.38,13.188,4.113,0.0,LO
719,698,0.0,0.069,0.0,0.0,1.146,0.0,0.0,0.0,LO
719,709,0.0,1.889,0.276,0.35,2.429,0.527,0.0,0.0,LO
719,717,0.0,2.293,0.907,1.6110001,2.091,1.164,0.176,0.0,LO
719,742,0.0,0.038000003,0.184,2.447,2.647,0.24,0.0,0.0,LO
719,751,0.0,5.983,1.617,3.849,6.162,2.213,0.51600003,0.0,LO
719,755,0.0,6.835,4.387,4.937,4.1610003,1.185,0.53,0.0,LO
719,766,0.0,71.682,72.153,64.75,62.819,27.018,8.1779995,0.0,LO
719,1022,0.0,0.855,6.588,10.643,6.257,7.5,1.141,0.0,LO
719,1023,0.0,1.529,12.113,4.791,3.965,4.753,0.85,0.0,LO
719,1024,0.0,0.133,0.85400003,0.739,1.202,1.313,0.37,0.0,LO
719,1082,0.0,0.18800001,0.0,0.0,0.0,0.0,0.063,0.0,LO
719,1395,0.0,0.698,0.121,0.595,1.469,0.565,0.067,0.0,LO
719,1398,0.0,0.18100001,0.0,1.616,1.545,0.461,0.291,0.0,LO
719,1402,0.0,1.372,0.591,3.763,2.41,0.872,0.5,0.0,LO
719,1404,0.0,9.37,28.562,22.942,20.978,12.553,2.598,0.0,LO
719,1409,0.0,25.682,185.755,84.877,67.947,33.369,17.323,0.0,LO
719,1413,0.0,54.295,400.21,189.172,75.327,39.751,11.46,0.0,LO
719,1421,0.0,44.028,143.661,79.818,122.123,37.104,10.500999,0.0,LO
719,1429,0.0,120.255,944.683,1244.55,836.287,541.895,221.447,0.0,LO
719,1437,0.0,12.1380005,50.689,37.93,41.088,24.115,6.028,0.0,LO
719,1438,0.0,10.41,74.231,29.694,25.615,9.317,4.467,0.0,LO
719,1439,0.0,145.587,660.245,222.59799,196.064,95.885,35.25,0.0,LO
719,1440,0.0,281.338,1098.72,567.573,316.017,161.405,52.567,0.0,LO
719,1441,0.0,14.582,276.195,238.726,261.024,142.009,46.603,0.0,LO
719,1442,0.0,2.432,0.455,1.318,2.471,0.657,0.054,0.0,LO
719,1443,0.0,0.167,1.672,2.56,4.014,2.124,1.081,0.0,LO
719,1445,0.0,48.516,169.282,58.922,60.812,26.999,8.13,0.0,LO
719,1448,0.0,1.963,89.068,52.931,56.507,21.935,6.069,0.0,LO
719,1449,0.0,8.459,58.459,31.421,23.975,14.745,5.034,0.0,LO
719,1452,0.0,17.365,46.935,20.39,13.49,6.935,1.525,0.0,LO
719,1455,0.0,0.69200003,0.831,2.894,2.815,0.687,0.231,0.0,LO
719,1524,0.0,1.411,4.298,5.245,6.64,3.628,0.58599997,0.0,LO
719,5595,0.0,14.949,4.653,17.393,7.853,8.772,1.671,0.0,LO
719,6913,0.0,0.15,0.827,1.313,10.169,1.012,0.0,0.0,LO
719,6914,0.0,0.106,0.177,1.998,1.369,0.47100002,0.0,0.0,LO
719,6919,0.0,0.22999999,0.143,3.473,2.819,1.12,0.0,0.0,LO
719,6926,0.0,0.402,0.599,2.06,2.31,0.39000002,0.0,0.0,LO
719,6934,0.0,0.065,1.843,5.812,4.259,1.842,0.662,0.0,LO
719,6941,0.0,0.331,5.791,14.033,15.408,11.528,2.4689999,0.0,LO
719,6947,0.0,5.094,0.726,1.513,1.516,0.34,0.175,0.0,LO
719,6949,0.0,0.253,0.067,0.236,0.799,0.232,0.026,0.0,LO
719,6952,0.0,1.123,0.30400002,0.86,3.071,0.419,0.016,0.0,LO
719,6954,0.0,0.001,0.078999996,1.205,1.213,0.28399998,0.0,0.0,LO
719,6956,0.0,0.30400002,5.236,6.634,5.99,4.333,0.518,0.0,LO
719,6958,0.0,0.414,1.517,5.9,8.235,4.24,0.44700003,0.0,LO
719,6959,0.0,0.131,2.955,4.941,17.234,2.417,0.0,0.0,LO
719,6966,0.0,0.0,0.663,0.749,0.207,0.398,0.085,0.0,LO
719,6967,0.0,0.091000006,0.074,3.076,0.573,0.628,0.327,0.0,LO
719,6968,0.0,0.967,1.4990001,4.703,8.228,2.168,0.797,0.0,LO
719,6972,0.0,0.58100003,2.932,10.156,20.822,12.057,1.043,0.0,LO
719,6973,0.0,0.0,0.049000002,0.613,0.828,0.21900001,0.0,0.0,LO
719,6977,0.0,88.664,1060.687,1052.928,768.325,519.171,220.038,0.0,LO
719,6978,0.0,26.547,359.504,394.739,475.432,416.944,146.22,0.0,LO
719,6979,0.0,51.709,1009.542,815.439,752.433,527.655,261.012,0.0,LO
719,7401,0.0,0.039,0.15,1.239,1.785,0.4,0.263,0.0,LO
719,7404,0.0,0.0,0.0,0.012,0.0,0.0,0.0,0.0,LO
719,7406,0.0,0.294,0.772,1.8330001,2.806,2.3899999,0.17,0.0,LO
719,9586,0.0,8.021,38.318,13.133,8.238,4.4049997,0.352,0.0,LO
719,9587,0.0,9.88,24.4,24.196,19.545,9.373,2.086,0.0,LO
736,6886,0.0,10.732,109.24,115.756,55.225998,15.224,0.0,0.0,LO
736,7473,0.0,1.071,11.277,26.793,95.099,18.642,0.0,0.0,LO
742,719,0.0,0.0,0.0,0.404,0.181,0.162,0.104,0.0,LO
742,766,0.0,0.237,0.0,0.0,0.0,0.0,0.0,0.0,LO
742,1404,0.0,0.006,0.0,0.0,0.0,0.0,0.0,0.0,LO
742,1429,0.0,0.161,0.854,1.756,0.559,0.3,0.21100001,0.0,LO
742,1441,0.0,0.0,0.0,0.030000001,0.0,0.0,0.0,0.0,LO
742,1445,0.0,0.081,0.0,0.0,0.0,0.0,0.0,0.0,LO
742,1452,0.0,0.019,0.0,0.0,0.0,0.0,0.0,0.0,LO
742,6867,0.0,15.427,143.491,71.165,46.245,27.244999,4.927,0.0,LO
742,6914,0.0,2.017,88.488,259.137,511.608,287.533,119.445,29.931002,LO
742,6919,0.0,5.919,154.3,381.41,752.587,395.411,204.13,26.51,LO
742,6926,0.0,10.002,115.36,139.295,188.555,208.614,40.957,0.0,LO
742,6934,0.0,0.001,0.02,0.0,0.11,0.0,0.0,0.0,LO
742,6954,0.0,4.221,114.989,311.483,359.005,213.96,117.829,4.361,LO
742,6961,0.0,65.126,136.225,97.451,62.221,28.514,10.822,0.0,LO
742,6962,0.0,0.19,4.065,9.096,8.078,3.67,1.205,0.0,LO
742,6965,0.0,570.526,1352.272,431.154,187.191,71.675,22.438,0.0,LO
742,6966,0.0,0.686,7.945,6.368,3.407,3.084,0.666,0.0,LO
742,6967,0.0,0.019000001,0.16399999,0.0,0.067,0.004,0.0,0.0,LO
742,6973,0.0,0.119,10.809999,22.452,50.359,29.897,8.061,0.0,LO
742,6978,0.0,0.124,1.1,0.607,0.647,0.894,0.168,0.0,LO
742,6979,0.0,0.177,0.476,1.446,1.386,1.5600001,0.243,0.0,LO
751,514,0.0,0.159,0.02,0.0,0.0,0.0,0.07,0.0,LO
751,522,0.0,0.067,0.075,0.0,0.0,0.0,0.074,0.0,LO
751,591,0.0,1.186,6.3389997,7.107,4.045,1.708,1.092,0.0,LO
751,596,0.0,64.175,68.371,54.158,34.993,20.525,5.28,0.0,LO
751,597,0.0,3.149,38.41,38.436,32.894,17.325,3.286,0.0,LO
751,603,0.0,1.6340001,3.678,2.667,2.081,1.137,0.527,0.0,LO
751,617,0.0,4.898,19.061,19.535,15.239,6.495,2.572,0.0,LO
751,618,0.0,0.0,0.0,0.0,0.155,0.276,0.0,0.0,LO
751,620,0.0,3.54,44.877,39.59,47.126,22.52,11.949,0.0,LO
751,621,0.0,0.129,0.74899995,5.564,0.865,0.83,1.827,0.0,LO
751,659,0.0,1.168,12.901999,40.727,33.174,18.676,8.667,0.0,LO
751,680,0.0,42.631,90.842,287.347,106.198,72.766,30.411,0.0,LO
751,686,0.0,3.247,8.767,15.97,8.517,3.954,12.116,0.0,LO
751,709,0.0,1.773,36.847,84.886,57.068,30.253,13.518,0.0,LO
751,717,0.0,15.951,24.009,23.706,21.631,10.954,2.012,0.0,LO
751,719,0.0,2.032,3.983,6.154,6.066,1.7,1.154,0.0,LO
751,755,0.0,0.0,0.0,0.0,0.237,0.562,0.0,0.0,LO
751,763,0.0,0.0,0.225,0.152,0.032,0.038,0.0,0.0,LO
751,766,0.0,16.814001,35.681,23.988,21.368,9.002,2.625,0.0,LO
751,1022,0.0,0.0,0.214,0.619,0.135,0.015000001,0.041,0.0,LO
751,1023,0.0,0.0,0.067,1.193,0.059,0.237,0.0,0.0,LO
751,1395,0.0,8.759,20.667,5.019,6.237,3.979,2.075,0.0,LO
751,1398,0.0,2.37,5.896,14.7300005,18.411,8.216,2.562,0.0,LO
751,1402,0.0,27.709,31.54,97.163,2.5479999,27.272,9.066,0.0,LO
751,1404,0.0,0.269,3.037,8.604,4.621,2.979,1.446,0.0,LO
751,1409,0.0,1.367,3.9850001,3.026,1.641,0.713,0.43,0.0,LO
751,1413,0.0,2.092,12.327,6.299,1.472,0.643,0.112,0.0,LO
751,1415,0.0,92.686,21.651,33.600998,13.081,5.241,1.105,0.0,LO
751,1421,0.0,0.47599998,8.157,4.875,5.796,1.381,0.6,0.0,LO
751,1429,0.0,2.308,5.975,8.199,1.998,1.152,0.341,0.0,LO
751,1434,0.0,1.043,17.81,18.468,28.11,8.726,3.282,0.0,LO
751,1437,0.0,0.074999996,1.26,2.332,2.0149999,0.453,0.109,0.0,LO
751,1438,0.0,0.111,5.1019998,4.696,1.4120001,0.454,0.24000001,0.0,LO
751,1439,0.0,3.092,4.465,1.9679999,1.01,0.424,0.122,0.0,LO
751,1440,0.0,4.024,10.683,4.733,1.3610001,1.895,1.0,0.0,LO
751,1441,0.0,0.402,0.899,0.69,0.724,0.86,0.374,0.0,LO
751,1442,0.0,9.7960005,15.622,18.838,34.303,14.027,8.117,0.0,LO
751,1444,0.0,42.896,77.604004,126.058,96.625,37.781,15.659,0.0,LO
751,1445,0.0,0.197,3.0870001,1.79,1.615,1.101,0.002,0.0,LO
751,1448,0.0,0.0,6.024,3.415,2.362,1.088,0.078999996,0.0,LO
751,1449,0.0,0.263,0.937,0.65900004,0.189,0.133,0.049,0.0,LO
751,1451,0.0,2.372,15.498,13.039,6.381,2.846,0.846,0.0,LO
751,1452,0.0,0.384,2.117,10.526,4.117,5.9449997,0.0,0.0,LO
751,1455,0.0,26.586,47.621,47.091,24.947,17.712,6.262,0.0,LO
751,1524,0.0,0.299,0.95000005,0.598,0.0,0.23,0.012,0.0,LO
751,5301,0.0,1.05,0.0,0.0,0.0,1.827,0.0,0.0,LO
751,5421,0.0,0.304,0.0,0.0,0.0,0.049,0.0,0.0,LO
751,5423,0.0,0.119,0.0,0.0,0.0,0.156,0.0,0.0,LO
751,5595,0.0,4.027,4.387,0.904,2.799,0.735,0.0,0.0,LO
751,6977,0.0,2.4589999,3.8109999,2.218,2.157,1.204,0.236,0.0,LO
751,6978,0.0,0.724,1.654,0.782,1.209,0.3,0.222,0.0,LO
751,6979,0.0,0.275,1.5749999,0.802,1.51,0.673,0.003,0.0,LO
751,7401,0.0,0.085999995,0.311,0.185,0.0,0.473,0.0,0.0,LO
751,7402,0.0,0.001,0.106,0.0,0.0,0.0,0.004,0.0,LO
751,7406,0.0,0.113,0.252,0.106,0.0,0.273,0.001,0.0,LO
751,9586,0.0,0.0,0.0,0.0,0.0,0.158,0.0,0.0,LO
751,9587,0.0,0.0,0.02,0.0,0.038999997,0.027,0.0,0.0,LO
755,522,0.0,0.284,0.0,0.0,0.0,0.0,0.0,0.0,LO
755,596,0.0,0.34899998,4.7,7.376,9.12,2.606,0.115,0.0,LO
755,597,0.0,0.0,0.096,0.104,0.634,0.135,0.0,0.0,LO
755,603,0.0,0.358,1.308,3.404,2.972,0.83000004,0.365,0.0,LO
755,617,0.0,0.0,0.199,0.0,0.0,0.358,0.40899998,0.0,LO
755,618,0.0,2.386,131.31,273.28,87.162,60.347,21.892,0.0,LO
755,620,0.0,0.709,4.4,5.673,8.975,4.014,0.952,0.0,LO
755,659,0.0,0.013,2.613,2.762,5.6219997,1.731,0.755,0.0,LO
755,680,0.0,0.03,0.04,0.0,0.0,0.378,0.95,0.0,LO
755,709,0.0,0.089,2.05,4.799,6.156,1.228,0.668,0.0,LO
755,717,0.0,0.586,2.129,6.488,11.77,1.8970001,0.55799997,0.0,LO
755,719,0.0,0.79399997,1.977,14.154,8.184,3.868,1.723,0.0,LO
755,751,0.0,0.934,0.037,1.416,1.318,2.342,0.0,0.0,LO
755,766,0.0,10.217,59.467,132.827,132.556,57.679,31.703001,0.0,LO
755,788,0.0,0.0,0.0,0.0,0.0,0.0,0.044,0.0,LO
755,1022,0.0,0.0,0.045,0.32,0.456,0.425,0.076000005,0.0,LO
755,1023,0.0,0.0,0.029,0.154,0.24599999,0.113,0.0,0.0,LO
755,1024,0.0,0.0,0.0,0.125,0.34399998,0.163,0.081,0.0,LO
755,1082,0.0,0.0,0.0,0.123,0.177,0.0,0.058,0.0,LO
755,1083,0.0,0.171,1.584,7.709,6.268,2.57,1.064,0.0,LO
755,1395,0.0,0.001,0.719,1.593,2.484,0.873,0.363,0.0,LO
755,1398,0.0,0.0,0.004,2.59,4.009,0.296,0.187,0.0,LO
755,1402,0.0,0.0,0.0,0.0,0.038,0.0,0.0,0.0,LO
755,1409,0.0,0.906,18.748,13.829,13.805,5.008,2.212,0.0,LO
755,1413,0.0,2.945,54.708,36.209,17.184,6.294,2.825,0.0,LO
755,1421,0.0,1.68,38.593,32.541,53.736,14.7,3.74,0.0,LO
755,1429,0.0,0.466,7.8129997,17.235,21.464,9.163,2.602,0.0,LO
755,1434,0.0,0.0,0.0,1.206,1.6620001,0.161,0.449,0.0,LO
755,1437,0.0,1.5,16.788,42.064,67.509,22.834,6.588,0.0,LO
755,1438,0.0,1.285,40.992,29.872,37.652,11.393,3.716,0.0,LO
755,1439,0.0,0.007,1.239,1.839,2.804,0.0,0.26999998,0.0,LO
755,1440,0.0,0.515,11.655,10.758,8.402,1.953,0.172,0.0,LO
755,1441,0.0,0.044,1.789,6.23,5.003,2.432,1.312,0.0,LO
755,1442,0.0,0.163,0.796,1.476,2.3240001,0.913,0.308,0.0,LO
755,1443,0.0,0.0,0.153,0.598,1.101,0.211,0.163,0.0,LO
755,1445,0.0,0.989,36.767,28.385,31.4,8.388,2.266,0.0,LO
755,1448,0.0,0.067,41.426,68.174,95.684,26.526,5.098,0.0,LO
755,1449,0.0,0.921,3.966,2.042,2.409,0.47800002,0.318,0.0,LO
755,1455,0.0,0.007,0.208,1.613,2.619,0.39400002,0.668,0.0,LO
755,1524,0.0,0.18,1.239,2.135,1.255,0.427,0.009000001,0.0,LO
755,5301,0.0,1.5350001,10.089,9.907,14.28,6.048,1.573,0.0,LO
755,5345,0.0,0.0,0.0,0.085,0.0,0.031999998,0.025,0.0,LO
755,5372,0.0,0.004,0.481,11.511,2.905,1.135,0.401,0.0,LO
755,5404,0.0,0.0,0.0,0.069,0.0,0.028,0.013,0.0,LO
755,5421,0.0,1.324,14.597,35.598,15.947,7.113,1.722,0.0,LO
755,5423,0.0,0.354,5.302,42.746,22.354,13.242,2.022,0.0,LO
755,5424,0.0,0.477,1.024,18.293,6.364,1.839,0.74,0.0,LO
755,5595,0.0,36.013,288.765,469.843,518.539,248.479,91.73,0.0,LO
755,6919,0.0,0.0,0.012,0.481,0.0,0.15200001,0.072,0.0,LO
755,6941,0.0,0.0,0.0,0.0,0.0,0.122,0.0,0.0,LO
755,6959,0.0,0.0,0.002,0.225,0.0,0.061,0.0,0.0,LO
755,6977,0.0,0.89500004,9.389,18.751,19.379,11.015,2.301,0.0,LO
755,6978,0.0,0.093,4.33,4.474,5.241,3.895,1.687,0.0,LO
755,6979,0.0,0.49600002,6.646,12.214,10.677,7.38,2.016,0.0,LO
755,9586,0.0,5.452,210.961,201.96,171.692,112.122,47.074,0.0,LO
755,9587,0.0,5.267,276.083,420.156,344.602,121.698,25.54,0.0,LO
763,596,0.0,0.0,0.0,0.258,0.157,0.045,0.012,0.0,LO
763,597,0.0,0.0,0.0,0.049999997,0.0,0.0,0.0,0.0,LO
763,603,1.5600001,38.657,206.639,232.896,317.619,128.493,64.463,7.66,LO
763,617,0.0,0.0,0.0,0.0,0.008,0.0,0.0,0.0,LO
763,618,0.0,0.001,0.055,0.429,0.100999996,0.066,0.0,0.0,LO
763,659,0.0,0.0,0.02,0.1,0.0,0.045,0.026,0.0,LO
763,717,0.0,0.0,0.0,0.13,0.04,0.042999998,0.0,0.0,LO
763,751,0.0,0.0,0.0,0.177,0.0,0.072,0.016,0.0,LO
763,766,0.0,1.041,0.711,3.641,3.067,1.307,0.36,0.0,LO
763,788,2.184,26.729,189.989,396.15,442.083,238.056,115.055,4.771,LO
763,1022,0.984,8.188,211.743,261.293,280.955,177.661,94.712,5.031,LO
763,1023,0.306,21.025,400.436,307.379,288.326,186.666,81.688,1.628,LO
763,1024,1.548,37.353,550.523,725.016,520.801,388.311,175.42,2.905,LO
763,1039,0.331,2.322,40.396,109.111,235.171,108.215,50.203,1.084,LO
763,1082,0.0,28.317,242.711,312.202,289.704,119.006,58.004,0.274,LO
763,1083,0.91400003,42.454,368.883,547.131,788.505,500.507,306.101,4.406,LO
763,1085,0.5,19.513,155.676,181.303,185.411,118.689,65.672,1.836,LO
763,1404,0.0,0.0,0.0,0.204,0.0,0.0,0.0,0.0,LO
763,1409,0.0,0.65,5.532,5.922,8.037,3.941,0.857,0.0,LO
763,1413,0.0,6.875,18.335001,10.899,4.045,1.516,0.85400003,0.0,LO
763,1421,0.0,3.012,12.249,3.862,5.787,0.663,0.202,0.0,LO
763,1429,0.0,0.0,0.086,0.219,1.042,0.001,0.046,0.0,LO
763,1437,0.0,0.676,2.339,2.186,1.694,0.549,0.024,0.0,LO
763,1438,0.0,0.317,0.359,1.403,2.426,1.884,0.286,0.0,LO
763,1439,0.0,8.651999,21.334,8.536,4.69,2.8009999,1.664,0.0,LO
763,1440,0.0,19.161,49.316,25.618,13.981,5.037,1.527,0.0,LO
763,1441,0.77500004,2.438,45.877,56.342,106.613,50.96,28.255,1.289,LO
763,1443,0.53499997,13.001,160.35,362.524,462.926,289.969,137.978,6.294,LO
763,1445,0.0,3.771,7.684,4.259,4.042,0.988,0.154,0.0,LO
763,1448,0.0,0.16600001,1.671,3.352,5.309,2.031,0.213,0.0,LO
763,1449,0.0,0.736,2.545,2.095,1.57,0.58,0.154,0.0,LO
763,1452,0.0,0.104,0.005,0.163,0.005,0.0,0.0,0.0,LO
763,5150,0.0,16.009,147.16,190.71,220.00099,75.522,26.451,0.0,LO
763,5301,0.0,7.863,54.41,22.977,46.512,15.381,1.559,0.0,LO
763,5345,5.342,12.382,142.06,217.391,195.983,149.149,95.986,12.902,LO
763,5356,0.0,7.006,44.725002,65.67,137.762,75.829,33.172,0.0,LO
763,5362,0.0,9.112,46.997,101.349,171.207,118.195,55.43,0.0,LO
763,5372,0.0,7.2139997,13.01,28.105,18.073,12.201,3.963,0.0,LO
763,5376,0.0,6.522,29.362,31.294,52.635,27.805,13.065,0.0,LO
763,5378,0.0,5.706,14.049,15.691,22.032,13.775,4.915,0.0,LO
763,5397,0.0,5.357,15.651,22.726,52.341,29.871,6.278,0.0,LO
763,5404,0.0,6.211,51.154,99.358,164.036,120.603,49.969,0.0,LO
763,5411,0.0,35.027,220.136,172.952,157.647,79.61,34.761,0.0,LO
763,5418,0.0,4.072,35.413002,59.456,124.899,75.562,37.241,0.0,LO
763,5420,0.0,0.0,0.0,0.0,0.0,0.0,0.387,0.0,LO
763,5421,0.0,10.53,223.413,92.514,61.254,33.915,14.7300005,0.0,LO
763,5423,0.0,13.259,119.276,124.614,123.716,86.921,50.379,0.0,LO
763,5424,0.0,7.409,34.054,61.164,54.195,37.776,26.465,0.0,LO
763,5437,0.0,7.699,51.978,84.081,154.014,94.642,47.657,0.0,LO
763,5595,0.0,16.178999,34.32,49.534,63.169,24.891,24.069,0.0,LO
763,6977,0.0,0.0,0.717,1.05,1.167,0.402,0.289,0.0,LO
763,6978,0.0,0.0,0.926,0.788,1.188,1.57,1.396,0.0,LO
763,6979,0.0,0.143,1.886,3.954,2.227,1.3610001,0.442,0.0,LO
763,9586,0.0,0.079,0.54700005,0.18800001,0.0,0.157,0.0,0.0,LO
763,9587,0.0,0.0,0.0,0.037,0.033999998,0.0,0.0,0.0,LO
766,514,0.0,0.468,1.432,3.497,2.584,3.999,0.837,0.0,LO
766,522,0.0,0.544,1.028,0.933,0.779,0.925,0.308,0.0,LO
766,591,0.0,11.96,272.615,70.397,86.082,22.687,6.329,0.0,LO
766,596,0.0,0.464,1.3840001,1.694,1.617,1.085,0.265,0.0,LO
766,597,0.0,7.13,21.57,17.611,26.204,14.357,2.302,0.0,LO
766,603,0.0,26.294,82.562,90.513,78.575,40.102,10.919,0.0,LO
766,617,0.0,0.216,2.831,3.979,2.816,1.142,1.242,0.0,LO
766,618,0.0,15.484,119.724,82.844,21.019001,18.407,6.527,0.0,LO
766,620,0.0,8.005,20.57,17.497,21.892,9.785,2.335,0.0,LO
766,621,0.0,2.297,34.538,42.603,44.664,11.751,2.911,0.0,LO
766,659,0.0,1.894,5.994,6.892,8.504,5.008,1.654,0.0,LO
766,680,0.0,22.193,95.85,191.412,70.306,48.397,13.03,0.0,LO
766,686,0.0,21.077,373.244,162.395,179.70801,61.706,20.385,0.0,LO
766,709,0.0,0.791,4.677,7.427,14.448999,5.44,2.046,0.0,LO
766,717,0.0,1.151,2.909,4.779,5.98,2.763,0.934,0.0,LO
766,719,0.0,16.885,43.864998,72.646,89.19,34.661,9.7439995,0.0,LO
766,751,0.0,9.786,21.209,45.74,44.23,22.082,3.558,0.0,LO
766,755,0.0,51.69,243.273,179.717,80.436,47.23,23.34,0.0,LO
766,763,0.0,1.286,5.463,1.745,1.416,0.923,0.734,0.0,LO
766,788,0.0,0.031,0.0,0.0,0.0,0.0,0.0,0.0,LO
766,1022,0.0,0.65500003,4.742,2.566,2.203,1.435,0.553,0.0,LO
766,1023,0.0,0.977,8.749,4.271,3.6890001,1.21,0.178,0.0,LO
766,1024,0.0,0.4,6.73,7.757,5.059,2.1430001,1.122,0.0,LO
766,1082,0.0,0.135,2.567,0.681,1.3840001,0.387,0.299,0.0,LO
766,1083,0.0,0.052,0.106,0.219,0.231,0.18800001,0.027,0.0,LO
766,1085,0.0,0.244,1.776,0.599,0.736,0.089,0.0,0.0,LO
766,1395,0.0,8.455,8.445,1.724,5.424,1.811,0.511,0.0,LO
766,1398,0.0,0.524,3.566,5.895,6.277,2.161,0.107,0.0,LO
766,1402,0.0,9.323,38.529,25.985,19.603,10.4,1.61,0.0,LO
766,1404,0.0,1.457,101.087,59.675,104.359,52.736,26.432,0.0,LO
766,1409,0.0,6.488,40.815998,22.429,20.802,8.281,3.917,0.0,LO
766,1413,0.0,5.853,136.61,59.208,25.786,11.401,1.047,0.0,LO
766,1415,0.0,25.962,7.986,12.752,10.45,2.657,0.317,0.0,LO
766,1421,0.0,11.9539995,109.028,48.073,71.757,15.996,2.844,0.0,LO
766,1429,0.0,7.354,46.885,56.469,43.829,25.879,5.684,0.0,LO
766,1434,0.0,0.524,6.753,4.131,7.429,3.437,0.541,0.0,LO
766,1437,0.0,3.098,24.016,40.468,45.405,16.968,2.627,0.0,LO
766,1438,0.0,1.638,61.349,22.858,16.754,5.211,2.094,0.0,LO
766,1439,0.0,8.454,49.451,14.95,14.624,4.596,0.813,0.0,LO
766,1440,0.0,11.397,96.381996,56.909,44.575,17.913,4.229,0.0,LO
766,1441,0.0,1.924,12.909,7.82,13.552,5.519,1.014,0.0,LO
766,1442,0.0,5.001,2.988,6.495,8.122,4.392,0.987,0.0,LO
766,1443,0.0,0.0,0.12,0.0,0.0,0.004,0.0,0.0,LO
766,1444,0.0,24.799,116.902,89.377,58.515,20.864,6.325,0.0,LO
766,1445,0.0,3.14,64.023,32.396,41.129,8.879,1.089,0.0,LO
766,1448,0.0,0.005,50.638,33.715,55.68,15.983,3.398,0.0,LO
766,1449,0.0,5.631,37.190998,18.519,13.177,4.649,1.195,0.0,LO
766,1451,0.0,4.653,24.8,13.844,6.204,3.148,0.64599997,0.0,LO
766,1452,0.0,3.9490001,158.45,54.446,58.077,37.056,5.565,0.0,LO
766,1455,0.0,4.418,18.681,13.648,10.083,5.329,1.2639999,0.0,LO
766,1524,0.0,2.857,18.172,11.783,12.962,7.153,1.414,0.0,LO
766,5150,0.0,0.277,0.616,0.226,0.289,0.036,0.053,0.0,LO
766,5301,0.0,8.354,15.766,15.254,12.896999,13.218,1.296,0.0,LO
766,5345,0.0,0.478,1.059,0.91,0.725,0.47599998,0.21900001,0.0,LO
766,5356,0.0,0.107,0.006,0.0,0.0,0.0,0.152,0.0,LO
766,5362,0.0,0.265,0.592,0.183,0.437,0.212,0.364,0.0,LO
766,5372,0.0,2.408,3.21,9.239,3.484,3.328,0.84,0.0,LO
766,5376,0.0,0.0,0.46899998,0.0,0.0,0.166,0.018,0.0,LO
766,5404,0.0,0.131,0.243,0.712,0.64100003,0.613,0.107,0.0,LO
766,5411,0.0,0.0,0.0,0.06,0.0,0.0,0.0,0.0,LO
766,5421,0.0,3.255,4.419,16.791,4.349,3.415,0.17,0.0,LO
766,5423,0.0,1.1389999,4.048,14.918,6.703,5.206,2.354,0.0,LO
766,5424,0.0,1.5,0.698,1.835,1.775,0.395,0.751,0.0,LO
766,5437,0.0,0.132,0.048,0.343,0.695,0.103,0.118,0.0,LO
766,5595,0.0,136.281,328.324,251.509,191.849,118.659996,46.786,0.0,LO
766,6919,0.0,0.265,0.089,0.409,0.347,0.193,0.0,0.0,LO
766,6926,0.0,2.2150002,0.0,0.095,0.809,0.0,0.046,0.0,LO
766,6941,0.0,0.091,0.297,0.674,0.109,0.378,0.207,0.0,LO
766,6947,0.0,0.904,0.974,0.20300001,0.125,0.202,0.062,0.0,LO
766,6954,0.0,0.131,0.057000004,0.712,0.31599998,0.23400001,0.11,0.0,LO
766,6956,0.0,0.003,0.129,1.0780001,0.118,0.311,0.009000001,0.0,LO
766,6961,0.0,0.209,0.395,0.747,0.373,0.24,0.0,0.0,LO
766,6972,0.0,0.066,0.107,0.7,0.195,0.77,0.030000001,0.0,LO
766,6977,0.0,7.5889997,44.572,31.438,38.724,15.233,3.685,0.0,LO
766,6978,0.0,5.211,15.388,11.145,11.538,6.361,1.875,0.0,LO
766,6979,0.0,2.338,18.538,13.33,22.447,13.782,2.353,0.0,LO
766,7401,0.0,1.005,8.921,8.649,22.011,6.247,1.353,0.0,LO
766,7402,0.0,0.315,2.529,6.481,7.83,3.37,0.632,0.0,LO
766,7403,0.0,0.35099998,1.275,2.484,2.149,1.221,0.16600001,0.0,LO
766,7404,0.0,0.278,6.248,5.953,7.899,3.683,1.696,0.0,LO
766,7406,0.0,0.902,10.311,8.277,9.581,4.104,0.802,0.0,LO
766,7407,0.0,0.146,3.636,4.959,2.363,2.847,1.53,0.0,LO
766,7408,0.0,0.61,2.277,2.308,1.9219999,1.367,0.568,0.0,LO
766,7467,0.0,0.038,0.847,1.178,1.916,0.655,0.368,0.0,LO
766,9586,0.0,6.591,87.207,39.381,23.097,15.801,12.207,0.0,LO
766,9587,0.0,25.297,205.67,239.867,148.62,69.419,20.776,0.0,LO
788,603,4.195,9.387,43.634,39.077,91.672,27.534,19.969,14.672,LO
788,618,0.0,0.169,0.444,0.428,0.101,0.043,0.0,0.0,LO
788,755,0.0,0.078,0.0,0.0,0.0,0.0,0.0,0.0,LO
788,763,5.559,56.425,527.728,454.559,325.742,186.055,101.618004,12.286,LO
788,766,0.0,0.014,0.0,0.0,0.0,0.0,0.0,0.0,LO
788,1022,2.5870001,4.266,91.524,116.291,159.869,112.718,59.075,10.722,LO
788,1023,5.9839997,9.965,184.457,152.28,162.228,117.283,61.175,8.79,LO
788,1024,10.49,35.039,814.944,724.038,562.038,378.873,205.486,25.455,LO
788,1039,2.492,2.3240001,35.713,161.031,197.456,146.184,92.965,4.132,LO
788,1082,10.0,14.126,179.045,167.781,184.368,117.282,99.927,18.307,LO
788,1083,13.551,34.504,426.894,889.644,1144.017,767.984,459.785,28.177,LO
788,1085,7.481,24.127,256.923,405.713,412.314,314.529,191.218,21.912,LO
788,1409,0.0,0.25,2.261,1.474,1.8610001,0.755,0.0,0.0,LO
788,1413,0.0,0.086,1.983,2.166,1.351,0.788,0.024,0.0,LO
788,1429,0.0,0.98499995,1.212,1.474,1.279,0.602,0.213,0.0,LO
788,1438,0.0,0.0,0.0,0.021,0.0,0.0,0.0,0.0,LO
788,1439,0.0,0.076000005,3.228,3.129,3.914,1.933,0.322,0.0,LO
788,1440,0.0,0.635,5.231,2.662,1.914,1.12,0.549,0.0,LO
788,1441,1.179,1.849,19.887,25.218,63.55,32.575,25.081,3.796,LO
788,1443,6.2400002,4.247,92.676,202.998,338.458,225.061,132.617,26.255,LO
788,1448,0.0,0.0,0.141,0.477,0.134,0.157,0.0,0.0,LO
788,1449,0.0,0.0,0.884,0.347,0.281,0.030000001,0.0,0.0,LO
788,5150,0.0,22.158,369.413,574.183,665.659,272.758,108.192,0.0,LO
788,5301,0.0,7.771,83.2,57.623,127.104004,43.873,6.14,0.0,LO
788,5345,43.182,25.725,406.299,803.853,850.266,607.967,423.735,93.777,LO
788,5356,0.0,6.691,155.19,302.767,633.429,447.803,212.465,0.0,LO
788,5362,0.0,13.966,188.482,539.066,833.9,638.562,329.408,0.0,LO
788,5372,0.0,8.235,17.655,77.782,43.141,31.263,8.35,0.0,LO
788,5376,0.0,8.092,80.446,155.232,234.711,140.797,83.885,0.0,LO
788,5378,0.0,8.423,29.552,68.549,106.712,66.972,37.946,0.0,LO
788,5397,0.0,7.17,46.905,93.655,200.331,120.58,31.752,0.0,LO
788,5404,0.0,10.609,173.528,500.345,796.221,616.516,307.882,0.0,LO
788,5411,0.0,46.979,415.256,333.626,318.617,171.88,78.954,0.0,LO
788,5418,0.0,6.081,101.154,345.872,601.372,391.199,227.403,0.0,LO
788,5420,0.0,0.0,0.0,0.0,0.0,0.0,0.398,0.0,LO
788,5421,0.0,9.933,443.661,367.758,195.145,138.844,57.575,0.0,LO
788,5423,0.0,15.747,254.932,548.061,540.451,416.832,201.018,0.0,LO
788,5424,0.0,12.504,141.42,332.991,409.691,239.698,136.865,0.0,LO
788,5437,0.0,10.115,182.166,390.012,706.742,484.971,273.797,0.0,LO
788,5595,0.0,21.455,61.428,45.825,28.001,13.972,35.267,0.0,LO
788,6977,0.0,0.18,1.011,1.692,1.049,1.405,0.322,0.0,LO
788,6978,0.0,0.05,0.021,0.0,0.0,0.032,0.19600001,0.0,LO
788,6979,0.0,0.061,2.056,1.67,0.936,0.813,0.42900002,0.0,LO
788,9586,0.0,0.747,5.394,0.334,0.587,0.301,0.003,0.0,LO
1022,591,0.0,0.087000005,1.168,0.547,1.456,0.229,0.108,0.0,LO
1022,596,0.0,0.104,0.17500001,0.013,0.046,0.28,0.0,0.0,LO
1022,603,4.007,61.506,540.447,493.709,413.25,179.901,82.941,10.489,LO
1022,618,0.0,0.016,2.378,1.481,1.072,1.344,0.0,0.0,LO
1022,621,0.0,0.098000005,0.321,0.384,0.916,0.136,0.086,0.0,LO
1022,686,0.0,0.043,1.1800001,1.518,0.93,0.305,0.301,0.0,LO
1022,719,0.0,0.92,3.883,7.867,6.508,2.786,0.89500004,0.0,LO
1022,751,0.0,0.116,0.751,0.531,0.254,0.168,0.001,0.0,LO
1022,755,0.0,0.07,0.122,0.275,0.0,0.181,0.046,0.0,LO
1022,763,1.138,35.919,395.288,285.357,267.148,103.693,60.399,4.0889997,LO
1022,766,0.0,1.005,3.509,2.373,5.147,1.472,0.508,0.0,LO
1022,788,1.844,27.498,278.197,169.176,173.378,71.815,36.507,7.498,LO
1022,1023,0.375,0.082,3.775,6.732,4.999,3.804,1.826,0.149,LO
1022,1024,1.399,1.796,82.897,83.627,42.403,30.239,13.539,3.418,LO
1022,1039,0.115,0.426,9.394,8.811,8.1050005,5.751,6.156,1.505,LO
1022,1082,0.639,31.198,176.682,92.568,86.443,37.283,22.476,1.893,LO
1022,1083,0.802,0.125,1.721,1.919,4.494,3.553,3.466,1.708,LO
1022,1085,0.087,0.05,8.481,6.719,6.017,6.183,4.29,1.002,LO
1022,1404,0.0,0.723,1.357,2.215,2.644,1.182,0.532,0.0,LO
1022,1409,0.0,0.188,12.167,1.9300001,3.186,2.227,0.88600004,0.0,LO
1022,1413,0.0,0.0,7.208,3.739,3.516,1.833,1.651,0.0,LO
1022,1421,0.0,2.05,7.829,7.83,10.329,4.322,2.125,0.0,LO
1022,1437,0.0,0.258,2.075,1.708,3.18,1.23,0.865,0.0,LO
1022,1438,0.0,0.0,5.795,2.576,2.153,0.614,0.718,0.0,LO
1022,1439,0.0,1.757,11.311,9.011,3.905,2.078,0.602,0.0,LO
1022,1440,0.0,2.686,22.799,15.274,10.254,5.183,1.969,0.0,LO
1022,1441,0.347,0.065,7.617,9.436,7.251,5.741,4.533,1.072,LO
1022,1443,0.44700003,0.726,17.087,40.802,30.763,13.146,6.688,0.674,LO
1022,1445,0.0,0.391,8.213,4.184,5.633,1.818,1.132,0.0,LO
1022,1448,0.0,0.0,6.85,3.685,6.272,1.871,0.785,0.0,LO
1022,1449,0.0,0.051,2.131,1.022,1.183,0.615,0.148,0.0,LO
1022,5150,0.0,5.524,35.04,24.023,40.254,12.743,6.328,0.0,LO
1022,5301,0.0,1.306,14.261,8.839,10.529,5.849,1.77,0.0,LO
1022,5345,7.461,0.81,11.85,17.409,18.503,14.674,15.691,12.934,LO
1022,5356,0.0,0.291,3.533,5.282,13.327,8.37,3.89,0.0,LO
1022,5362,0.0,0.077999994,3.268,5.5950003,12.797,11.014,5.056,0.0,LO
1022,5372,0.0,0.18,2.731,2.993,3.558,1.818,1.507,0.0,LO
1022,5376,0.0,0.194,3.889,3.588,5.435,4.185,1.687,0.0,LO
1022,5378,0.0,2.577,3.381,2.022,5.362,3.055,2.432,0.0,LO
1022,5397,0.0,0.456,1.857,2.464,7.466,2.618,1.131,0.0,LO
1022,5404,0.0,1.681,2.848,10.085,16.808,12.807,6.887,0.0,LO
1022,5411,0.0,1.721,23.106,8.844,8.583,6.024,2.7,0.0,LO
1022,5418,0.0,0.0,2.779,4.563,9.973001,6.699,4.86,0.0,LO
1022,5420,0.0,0.0,0.0,0.0,0.0,0.0,1.1850001,0.0,LO
1022,5421,0.0,2.06,27.880001,10.7,16.002,11.1189995,10.955999,0.0,LO
1022,5423,0.0,1.001,24.293,15.995,29.45,23.998,19.891,0.0,LO
1022,5424,0.0,0.787,11.357,9.966,12.451,5.841,8.396,0.0,LO
1022,5437,0.0,0.231,4.043,5.066,12.33,7.099,3.257,0.0,LO
1022,5595,0.0,3.957,41.132,26.395,29.707,13.592,13.156,0.0,LO
1022,6977,0.0,0.0,0.145,1.237,0.944,0.383,0.02,0.0,LO
1022,6978,0.0,0.0,1.414,2.744,2.942,2.203,0.674,0.0,LO
1022,6979,0.0,0.0,1.27,2.742,1.571,1.516,0.784,0.0,LO
1022,9586,0.0,0.677,5.619,0.058000002,0.346,0.0,0.0,0.0,LO
1022,9587,0.0,0.508,4.836,3.825,2.2649999,0.008,0.0,0.0,LO
1023,591,0.0,0.114999995,0.838,0.602,1.152,0.251,0.162,0.0,LO
1023,603,5.176,10.708,140.804,241.849,259.167,111.662,74.269,13.288,LO
1023,618,0.0,0.127,1.296,1.422,1.842,0.489,0.0,0.0,LO
1023,621,0.0,0.046,0.238,1.11,0.636,0.123,0.029,0.0,LO
1023,686,0.0,0.012,0.539,0.552,2.062,0.932,0.124,0.0,LO
1023,717,0.0,0.0,0.07,0.018,0.120000005,0.047,0.0,0.0,LO
1023,719,0.0,0.312,2.029,6.846,5.655,1.5600001,1.238,0.0,LO
1023,751,0.0,0.0,0.049000002,0.094,0.538,0.234,0.052,0.0,LO
1023,755,0.0,0.034,0.02,0.028,0.125,0.116000004,0.135,0.0,LO
1023,763,0.452,23.594,265.191,364.061,373.505,135.0,90.514,3.858,LO
1023,766,0.0,0.285,2.02,2.166,8.774,1.674,1.381,0.0,LO
1023,788,4.807,18.472,179.671,189.541,224.023,89.866,62.577,14.019,LO
1023,1022,0.198,0.0,2.935,8.084,4.32,6.514,3.306,0.44099998,LO
1023,1024,0.0,0.305,4.013,24.262,10.978,6.619,5.693,1.572,LO
1023,1039,1.615,0.382,11.485,10.91,17.687,11.295,7.969,2.236,LO
1023,1082,0.797,17.711,138.146,159.988,156.056,65.042,44.175,3.133,LO
1023,1083,1.948,0.12,2.5,4.197,7.645,5.677,9.217,6.183,LO
1023,1085,0.74,1.154,8.732,8.768,9.476,7.985,8.074,2.374,LO
1023,1404,0.0,0.085,1.345,1.325,2.519,1.365,0.43199998,0.0,LO
1023,1409,0.0,0.0,4.859,3.781,7.958,2.286,1.8939999,0.0,LO
1023,1413,0.0,0.0,8.6779995,4.062,3.047,1.396,2.323,0.0,LO
1023,1421,0.0,0.859,5.19,5.651,12.524,6.498,2.582,0.0,LO
1023,1437,0.0,0.0,2.122,2.41,4.789,1.54,0.896,0.0,LO
1023,1438,0.0,0.0,1.329,2.944,4.125,2.739,1.118,0.0,LO
1023,1439,0.0,0.584,4.376,4.779,8.503,4.679,0.811,0.0,LO
1023,1440,0.0,0.141,15.331,15.615,10.856,6.256,3.639,0.0,LO
1023,1441,1.045,0.075,7.674,13.435,20.318,12.817,14.489,2.854,LO
1023,1443,1.4399999,0.568,11.994,61.464,56.277,38.85,24.355999,2.735,LO
1023,1445,0.0,0.127,5.07,2.836,7.35,3.068,0.707,0.0,LO
1023,1448,0.0,0.0,5.533,3.452,9.646,2.444,1.381,0.0,LO
1023,1449,0.0,0.0,1.4070001,0.757,1.017,0.722,0.218,0.0,LO
1023,1452,0.0,0.689,1.126,1.405,5.216,1.406,0.425,0.0,LO
1023,5150,0.0,0.68,30.579,43.075,63.869,23.542,9.867,0.0,LO
1023,5301,0.0,0.158,7.236,6.591,9.9539995,5.567,2.335,0.0,LO
1023,5345,4.73,0.334,13.559999,25.035,34.755,21.518,27.8,22.207,LO
1023,5356,0.0,0.047000002,3.7220001,8.967,32.731,12.841,9.517,0.0,LO
1023,5362,0.0,0.137,2.864,10.356,26.379,13.561,10.769,0.0,LO
1023,5372,0.0,0.0,1.478,2.786,2.892,1.63,3.629,0.0,LO
1023,5376,0.0,0.365,2.239,4.772,7.752,4.401,4.248,0.0,LO
1023,5378,0.0,0.0,1.081,4.6410003,8.263,1.7720001,1.169,0.0,LO
1023,5397,0.0,0.0,2.7680001,4.343,9.919,3.565,1.385,0.0,LO
1023,5404,0.0,0.033,6.892,11.758,33.695,18.193,11.2630005,0.0,LO
1023,5411,0.0,1.466,14.001,12.536,14.608,6.9579997,6.498,0.0,LO
1023,5418,0.0,0.0,1.2870001,6.727,17.445,8.907,11.026999,0.0,LO
1023,5420,0.0,0.0,0.0,0.0,0.0,0.0,1.839,0.0,LO
1023,5421,0.0,0.933,19.969,19.276,23.903,14.064,12.844,0.0,LO
1023,5423,0.0,0.381,14.913,21.471,42.946,30.166,26.421,0.0,LO
1023,5424,0.0,0.214,5.719,9.137,15.492,8.328,11.108,0.0,LO
1023,5437,0.0,0.275,3.184,7.153,24.449,11.314,8.238,0.0,LO
1023,5595,0.0,1.272,18.102,30.566,50.544,19.305,20.684,0.0,LO
1023,6977,0.0,0.0,0.231,2.4,1.341,0.573,0.276,0.0,LO
1023,6978,0.0,0.108,2.415,4.513,4.686,3.73,3.017,0.0,LO
1023,6979,0.0,0.0,0.221,6.025,1.781,2.656,0.799,0.0,LO
1023,9586,0.0,0.0,2.06,1.115,0.86,0.0,0.0,0.0,LO
1023,9587,0.0,0.014,0.963,1.8100001,2.139,0.588,0.0,0.0,LO
1024,591,0.0,0.0,0.096,0.201,0.431,0.13,0.3,0.0,LO
1024,597,0.0,0.0,0.0,0.0,0.0,0.015,0.0,0.0,LO
1024,603,18.125,5.915,49.444,235.656,366.779,264.997,235.139,66.864,LO
1024,618,0.0,0.008,0.15799999,0.691,1.348,1.325,0.131,0.0,LO
1024,621,0.0,0.0,0.019000001,0.893,0.56,0.088,0.08,0.0,LO
1024,686,0.0,0.0,0.006,0.772,0.70500004,0.103,0.439,0.0,LO
1024,719,0.0,0.009000001,0.078999996,0.621,0.661,0.141,0.453,0.0,LO
1024,751,0.0,0.0,0.041,0.28,0.16,0.072,0.158,0.0,LO
1024,755,0.0,0.006,0.0,0.038,0.0,0.397,0.039,0.0,LO
1024,763,3.937,12.85,144.739,461.856,557.602,375.613,346.028,16.553,LO
1024,766,0.0,0.0,0.136,3.986,4.659,3.064,3.463,0.0,LO
1024,788,50.9,29.329,233.613,509.981,843.033,496.395,396.794,163.563,LO
1024,1022,1.4580001,0.055000003,7.365,55.328,62.685,62.048,38.438,5.59,LO
1024,1023,0.182,0.112,4.469,14.948,8.811,11.063,4.524,0.948,LO
1024,1039,7.38,0.148,7.601,41.571,158.134,91.946,70.39,20.331999,LO
1024,1082,9.991,18.276,169.978,291.216,657.767,321.375,280.835,28.376,LO
1024,1083,21.198,0.287,2.196,13.53,52.955,45.788,53.654,52.403,LO
1024,1085,6.001,0.26,11.921,55.547,79.474,63.182,48.053,23.545,LO
1024,1404,0.0,0.057,0.38099998,2.296,4.455,2.44,1.691,0.0,LO
1024,1409,0.0,0.062,1.939,5.863,13.302,8.585,5.308,0.0,LO
1024,1413,0.0,0.188,0.911,10.635,14.01,8.584,5.471,0.0,LO
1024,1421,0.0,0.007,0.766,5.25,15.53,7.242,5.975,0.0,LO
1024,1429,0.0,0.0,0.0,0.63,0.3,1.046,0.442,0.0,LO
1024,1437,0.0,0.0,0.067999996,1.5780001,4.975,3.8009999,3.098,0.0,LO
1024,1438,0.0,0.011,1.514,6.164,7.992,3.364,2.359,0.0,LO
1024,1439,0.0,0.105,6.242,7.365,16.938,6.664,6.6219997,0.0,LO
1024,1440,0.0,0.907,7.856,30.497,22.637,11.872,8.819,0.0,LO
1024,1441,3.888,0.184,9.843,55.547,122.255,90.64,69.335,14.928,LO
1024,1443,7.845,1.097,18.648,165.481,279.42902,233.152,154.078,22.367,LO
1024,1445,0.0,0.116,2.303,3.167,6.269,3.299,2.3799999,0.0,LO
1024,1448,0.0,0.001,0.99,7.44,20.604,8.459,4.9110003,0.0,LO
1024,1449,0.0,0.081,1.022,1.627,2.576,1.378,0.764,0.0,LO
1024,1452,0.0,0.0,0.0,2.643,4.15,3.526,0.91,0.0,LO
1024,5150,0.0,2.057,29.46,123.338,352.754,126.812996,64.966,0.0,LO
1024,5301,0.0,0.04,6.0360003,18.815,80.901,43.643,11.619,0.0,LO
1024,5345,67.087006,2.112,22.36,81.938,162.607,120.373,152.631,153.16699,LO
1024,5356,0.0,0.2,9.319,53.446,203.141,115.22,74.57,0.0,LO
1024,5362,0.0,0.472,5.197,53.379,167.167,104.104,69.879,0.0,LO
1024,5372,0.0,0.334,0.842,12.258,19.238,22.488,21.921,0.0,LO
1024,5376,0.0,0.432,2.793,12.47,46.501,27.548,23.826,0.0,LO
1024,5378,0.0,1.46,1.681,16.496,45.846,21.602,16.056,0.0,LO
1024,5397,0.0,0.994,2.609,15.244,67.104996,27.221,8.18,0.0,LO
1024,5404,0.0,0.675,9.067,65.194,183.845,131.671,71.221,0.0,LO
1024,5411,0.0,1.03,14.472,34.466,76.154,48.007,47.321,0.0,LO
1024,5418,0.0,0.0,4.935,39.061,139.039,76.217,49.48,0.0,LO
1024,5420,0.0,0.0,0.0,0.0,0.0,0.0,8.0789995,0.0,LO
1024,5421,0.0,0.38399997,24.701,47.15,95.041,76.115,47.528,0.0,LO
1024,5423,0.0,0.907,13.694,74.893,204.29,147.95,114.941,0.0,LO
1024,5424,0.0,0.554,6.733,36.947998,70.883,49.786,56.724,0.0,LO
1024,5437,0.0,0.047,3.556,43.79,166.392,87.773,58.439,0.0,LO
1024,5595,0.0,7.031,21.009,83.589,239.721,125.028,114.818,0.0,LO
1024,6977,0.0,0.0,0.34399998,2.48,2.5149999,3.559,0.45000002,0.0,LO
1024,6978,0.0,0.0,1.3199999,6.466,10.743,7.4,4.36,0.0,LO
1024,6979,0.0,0.0,0.30900002,5.928,10.313,6.8259997,3.098,0.0,LO
1024,9586,0.0,0.0,1.054,1.07,2.122,0.611,0.538,0.0,LO
1024,9587,0.0,0.0,0.0,0.83100003,1.565,0.761,0.096,0.0,LO
1039,603,0.221,6.596,44.091,29.029,30.536,16.169,10.131,1.503,LO
1039,763,0.115,31.823,403.862,161.15,91.199,44.941,19.142,0.929,LO
1039,788,0.59000003,34.853,240.973,200.137,122.745,70.996,25.156,3.185,LO
1039,1022,0.0,0.221,7.753,8.364,5.3780003,6.244,4.313,0.392,LO
1039,1023,0.0,1.0419999,31.665,17.239,11.268,10.518,4.998,1.196,LO
1039,1024,1.57,10.282,296.096,77.948,46.13,41.991,18.563,1.423,LO
1039,1082,0.26,7.6289997,84.989,40.362,33.724,16.302,13.036,0.319,LO
1039,1083,0.145,0.14,1.207,4.647,3.89,3.9819999,1.249,0.24599999,LO
1039,1085,0.132,6.748,35.377,29.669,17.665,17.991,9.007,1.257,LO
1039,1409,0.0,0.228,2.361,0.157,1.035,0.24800001,0.999,0.0,LO
1039,1413,0.0,0.0,3.527,0.23900001,0.14,0.214,0.0,0.0,LO
1039,1439,0.0,0.528,3.999,0.623,0.339,1.261,0.68,0.0,LO
1039,1440,0.0,0.0,5.613,3.665,1.54,0.508,0.744,0.0,LO
1039,1441,0.0,0.0,6.65,4.182,4.852,4.867,3.396,0.37,LO
1039,1443,0.201,1.525,17.98,28.25,27.733,22.69,16.336,1.647,LO
1039,5150,0.0,3.556,15.776,16.263,12.818,5.208,3.086,0.0,LO
1039,5301,0.0,1.097,23.235,9.354,8.978,4.0,1.615,0.0,LO
1039,5345,1.352,1.874,15.224999,18.42,9.378,8.762,6.388,1.183,LO
1039,5356,0.0,0.14500001,7.025,6.532,10.378,6.086,3.769,0.0,LO
1039,5362,0.0,0.0,5.548,5.645,8.221,4.698,3.589,0.0,LO
1039,5372,0.0,0.946,1.684,3.509,1.821,1.843,0.233,0.0,LO
1039,5376,0.0,0.366,6.378,2.065,3.808,2.024,0.576,0.0,LO
1039,5378,0.0,0.0,3.778,2.272,2.114,3.233,2.688,0.0,LO
1039,5397,0.0,0.064,1.023,3.164,2.993,1.2739999,0.504,0.0,LO
1039,5404,0.0,0.161,2.8700001,4.638,6.029,4.88,3.3409998,0.0,LO
1039,5411,0.0,5.7660003,19.846,15.676,8.776,1.9860001,0.716,0.0,LO
1039,5418,0.0,0.103,4.461,3.734,5.047,2.851,2.792,0.0,LO
1039,5421,0.0,1.136,34.085,18.573,7.0629997,4.696,3.486,0.0,LO
1039,5423,0.0,0.624,14.283,20.912,10.188,10.155,4.558,0.0,LO
1039,5424,0.0,2.167,15.146,10.18,4.972,3.464,1.9250001,0.0,LO
1039,5437,0.0,0.0,4.21,7.326,9.728,3.6430001,2.466,0.0,LO
1039,5595,0.0,10.2,40.447998,20.785,18.93,7.143,4.018,0.0,LO
1039,6977,0.0,0.229,0.363,0.674,0.183,1.231,0.179,0.0,LO
1039,6978,0.0,0.0,0.441,0.424,0.573,0.708,0.22399999,0.0,LO
1039,6979,0.0,0.165,1.206,0.727,1.37,0.427,0.711,0.0,LO
1039,9586,0.0,0.488,7.742,0.975,0.33699998,0.0050000004,0.0,0.0,LO
1082,603,4.833,13.471,101.453,91.086,162.665,56.673,29.909,5.198,LO
1082,717,0.0,0.087,0.057,0.171,0.023,0.0,0.0,0.0,LO
1082,755,0.0,0.047,0.0,0.0,0.0,0.03,0.046,0.0,LO
1082,763,0.477,35.836,330.774,395.389,360.643,153.016,59.318,0.548,LO
1082,766,0.0,0.089,0.04,0.106,0.042,0.0,0.0,0.0,LO
1082,788,5.837,36.448,230.749,240.824,269.398,116.23,50.48,10.713,LO
1082,1022,0.94,2.667,82.77,83.704,106.065,66.585,29.749,0.279,LO
1082,1023,1.702,2.924,211.744,124.727,118.614,83.612,31.396,0.85899997,LO
1082,1024,2.577,20.311,780.855,470.495,420.743,312.466,143.255,3.713,LO
1082,1039,0.925,1.341,21.396,40.844,55.037,25.173,12.487,1.684,LO
1082,1083,1.515,2.516,23.225,23.854,35.13,23.778,9.481,1.9549999,LO
1082,1085,0.0,2.243,23.849,30.265,26.225,14.533,5.494,0.076,LO
1082,1409,0.0,0.298,3.747,1.381,2.283,0.679,0.898,0.0,LO
1082,1413,0.0,0.26500002,5.19,3.056,2.912,0.647,0.242,0.0,LO
1082,1429,0.0,0.0,0.062,0.036000002,0.0,0.146,0.0,0.0,LO
1082,1439,0.0,0.0,3.642,2.069,2.741,1.375,0.477,0.0,LO
1082,1440,0.0,0.647,3.728,4.434,5.444,1.507,0.60899997,0.0,LO
1082,1441,0.949,1.394,31.066,23.378,66.619,26.638,13.809,0.594,LO
1082,1443,3.359,3.4,116.173,165.231,263.219,148.786,72.698,3.4989998,LO
1082,1445,0.0,0.283,1.524,0.429,3.865,0.0,0.0,0.0,LO
1082,1448,0.0,0.0,0.653,1.306,3.976,1.235,0.135,0.0,LO
1082,1449,0.0,0.083,0.741,0.332,0.583,0.113,0.109,0.0,LO
1082,5150,0.0,2.768,41.447,52.274002,45.474,17.005,4.493,0.0,LO
1082,5301,0.0,0.732,16.532999,11.209,25.885,9.13,1.212,0.0,LO
1082,5345,6.9760003,3.43,48.866,63.764,49.598,32.391,16.412,8.783,LO
1082,5356,0.0,0.184,24.254,26.813,77.426,26.247,13.619,0.0,LO
1082,5362,0.0,0.947,16.96,26.659,54.839,24.27,10.573,0.0,LO
1082,5372,0.0,1.824,4.939,13.659,6.001,3.356,1.78,0.0,LO
1082,5376,0.0,1.5550001,10.333,16.549,42.116,21.182,5.209,0.0,LO
1082,5378,0.0,0.006,3.423,6.006,12.726,5.287,2.179,0.0,LO
1082,5397,0.0,0.14999999,1.524,5.922,20.662,7.441,2.205,0.0,LO
1082,5404,0.0,0.789,12.687,19.497,37.311,18.483,8.737,0.0,LO
1082,5411,0.0,8.332,91.959,74.749,94.786,41.684,14.951,0.0,LO
1082,5418,0.0,0.73800004,5.324,13.344,29.478,14.656,5.255,0.0,LO
1082,5420,0.0,0.0,0.0,0.0,0.0,0.0,0.185,0.0,LO
1082,5421,0.0,1.531,100.881,47.724,47.57,25.918,8.059,0.0,LO
1082,5423,0.0,1.895,38.298,42.301,62.866,36.087,19.409,0.0,LO
1082,5424,0.0,1.448,16.957,21.345,35.113,14.307,8.774,0.0,LO
1082,5437,0.0,1.738,17.004,24.595,66.207,22.138,10.558,0.0,LO
1082,5595,0.0,8.134,77.806,60.216,77.146,39.297,20.1,0.0,LO
1082,6977,0.0,0.0,1.286,1.386,2.405,1.711,0.321,0.0,LO
1082,6978,0.0,0.0,0.951,0.583,2.101,0.82,0.268,0.0,LO
1082,6979,0.0,0.174,5.09,1.929,2.697,2.354,0.702,0.0,LO
1082,9586,0.0,1.27,6.177,1.626,0.65699995,0.025,0.0,0.0,LO
1083,591,0.0,0.0,0.209,0.583,0.326,0.048,0.0,0.0,LO
1083,596,0.0,0.021,0.0,0.0,0.0,0.0,0.0,0.0,LO
1083,603,1.445,17.683,76.09,62.441,109.488,40.096,20.773,5.3,LO
1083,618,0.0,0.84999996,6.8129997,5.515,0.185,1.387,0.412,0.0,LO
1083,621,0.0,0.0,0.062,0.72900003,0.342,0.0,0.0,0.0,LO
1083,709,0.0,0.0,0.0,0.006,0.0,0.0,0.0,0.0,LO
1083,717,0.0,0.028,0.0,0.0,0.0,0.0,0.0,0.0,LO
1083,755,0.0,1.8659999,6.927,0.682,0.469,1.37,0.555,0.0,LO
1083,763,1.609,137.731,1022.844,749.33,521.985,248.799,125.627,2.072,LO
1083,766,0.0,0.087,0.342,0.321,0.273,0.152,0.041,0.0,LO
1083,788,2.993,203.145,1248.235,1167.228,739.498,510.753,227.098,8.915,LO
1083,1022,0.572,0.246,9.898,3.826,2.26,1.815,0.978,1.417,LO
1083,1023,0.586,0.777,19.618,5.841,3.055,3.21,1.605,2.524,LO
1083,1024,1.476,6.5880003,157.526,31.466,12.118,12.266,4.209,4.786,LO
1083,1039,0.372,0.0,4.908,3.764,2.7,2.811,0.639,0.422,LO
1083,1082,0.694,9.206,68.85,29.352,27.41,13.13,7.77,1.822,LO
1083,1085,0.203,2.248,13.326,5.643,2.728,2.645,0.841,0.541,LO
1083,1395,0.0,0.0,0.0,0.0,0.0,0.011,0.004,0.0,LO
1083,1398,0.0,0.0,0.0,0.011,0.055,0.027,0.004,0.0,LO
1083,1404,0.0,0.067999996,0.73,0.169,0.327,0.194,0.067,0.0,LO
1083,1409,0.0,0.096,1.026,0.482,0.177,0.21700001,0.073,0.0,LO
1083,1413,0.0,0.482,1.288,0.286,0.198,0.002,0.076,0.0,LO
1083,1429,0.0,0.07,0.431,0.548,0.983,0.677,0.327,0.0,LO
1083,1439,0.0,0.264,2.75,0.288,0.304,0.153,0.057,0.0,LO
1083,1440,0.0,0.21000001,3.073,0.34600002,0.356,0.091,0.073,0.0,LO
1083,1441,0.274,0.068,3.817,0.96000004,1.04,0.813,0.675,0.656,LO
1083,1442,0.0,0.028,0.0,0.019000001,0.069,0.016,0.007,0.0,LO
1083,1443,3.952,1.064,15.471,9.236,7.188,6.81,2.931,4.979,LO
1083,1448,0.0,0.0,0.561,0.133,0.243,0.043,0.011,0.0,LO
1083,1449,0.0,0.021000002,0.114,0.030000001,0.022,0.010000001,0.0050000004,0.0,LO
1083,5150,0.0,4.876,57.921,15.829,36.632,8.4140005,3.04,0.0,LO
1083,5301,0.0,1.562,48.971,7.151,6.101,6.452,1.916,0.0,LO
1083,5345,1.875,0.64100003,15.95,11.794,5.9049997,6.443,3.121,6.916,LO
1083,5356,0.0,0.385,12.746,2.818,2.963,2.568,1.142,0.0,LO
1083,5362,0.0,0.381,9.925,5.251,3.989,3.193,1.403,0.0,LO
1083,5372,0.0,0.918,4.484,3.659,0.70600003,0.78900003,0.658,0.0,LO
1083,5376,0.0,0.867,9.797,1.777,1.632,1.465,0.653,0.0,LO
1083,5378,0.0,1.234,3.672,1.633,0.829,0.712,0.99,0.0,LO
1083,5397,0.0,0.449,4.644,1.129,0.931,0.781,0.195,0.0,LO
1083,5404,0.0,0.978,10.837,7.512,4.697,4.488,1.639,0.0,LO
1083,5411,0.0,8.765,49.755,8.8550005,4.794,3.682,0.936,0.0,LO
1083,5418,0.0,0.298,6.061,3.592,1.911,2.322,0.81,0.0,LO
1083,5420,0.0,0.0,0.0,0.0,0.0,0.0,1.188,0.0,LO
1083,5421,0.0,2.3869998,50.961998,10.764,4.467,3.072,1.314,0.0,LO
1083,5423,0.0,0.901,17.82,12.467,5.0,5.527,2.483,0.0,LO
1083,5424,0.0,2.017,19.425,8.21,4.924,4.195,1.455,0.0,LO
1083,5437,0.0,0.519,13.26,4.408,2.927,3.62,1.068,0.0,LO
1083,5595,0.0,23.791,130.499,49.679,42.203,29.083,12.016,0.0,LO
1083,6926,0.0,0.058,0.011,0.009000001,0.036,0.022,0.007,0.0,LO
1083,6934,0.0,0.0,0.168,0.0,0.0,0.0,0.0,0.0,LO
1083,6966,0.0,0.0,0.245,0.058,0.006,0.029,0.004,0.0,LO
1083,6967,0.0,0.0,0.0,0.002,0.0,0.0,0.0,0.0,LO
1083,6977,0.0,0.199,1.911,0.76600003,1.676,0.916,0.345,0.0,LO
1083,6978,0.0,0.136,0.575,0.194,0.39,0.33,0.143,0.0,LO
1083,6979,0.0,0.021,0.98,0.53,0.996,0.675,0.157,0.0,LO
1083,9586,0.0,2.082,14.477,2.228,0.47,1.857,0.557,0.0,LO
1083,9587,0.0,3.1069999,3.337,1.4,0.96500003,0.315,0.059,0.0,LO
1085,591,0.0,0.0,0.016,0.091,0.0,0.0,0.0,0.0,LO
1085,603,1.015,5.529,36.203,49.269,65.327,26.187,18.972,2.512,LO
1085,621,0.0,0.0,0.009,0.143,0.093,0.0,0.0,0.0,LO
1085,755,0.0,0.0,0.058000002,0.041,0.0,0.049000002,0.024,0.0,LO
1085,763,0.485,24.709,293.167,268.749,202.326,78.551,52.129,0.118,LO
1085,766,0.0,0.29500002,0.737,0.557,0.89,0.152,0.058,0.0,LO
1085,788,4.058,59.513,465.859,502.702,409.299,179.696,96.071,6.334,LO
1085,1022,0.412,0.27,11.721,6.366,6.06,5.465,5.394,0.422,LO
1085,1023,0.0,0.275,13.84,13.156,11.149,9.083,3.492,0.49400002,LO
1085,1024,1.772,8.19,144.397,77.488,54.127,42.691,17.974,1.429,LO
1085,1039,0.183,0.11,14.573,25.103,29.676,23.221,9.693,0.071,LO
1085,1082,0.0,3.103,32.631,37.69,25.754,14.982,8.465,0.13,LO
1085,1083,0.243,0.19700001,1.658,5.178,6.007,5.432,3.394,0.958,LO
1085,1409,0.0,0.006,0.98800004,0.58,1.216,0.813,0.42000002,0.0,LO
1085,1413,0.0,0.364,0.855,1.579,0.968,0.648,0.156,0.0,LO
1085,1439,0.0,0.0,2.931,2.482,2.868,0.423,0.201,0.0,LO
1085,1440,0.0,0.009000001,4.679,4.059,3.173,1.2409999,0.568,0.0,LO
1085,1441,0.0,0.0,8.994,6.528,7.592,2.8,2.231,0.178,LO
1085,1443,0.54,0.221,8.8619995,30.187,29.956,20.647,9.401999,0.518,LO
1085,1449,0.0,0.148,0.602,0.261,0.38,0.106,0.028,0.0,LO
1085,5150,0.0,1.158,15.22,18.151001,32.109,6.969,4.239,0.0,LO
1085,5301,0.0,0.124,6.4309998,6.1809998,19.595,8.897,3.991,0.0,LO
1085,5345,2.709,0.0,13.425,13.033,18.038,8.992,10.421,3.3470001,LO
1085,5356,0.0,0.085,3.191,7.001,17.893,8.84,5.832,0.0,LO
1085,5362,0.0,0.25800002,0.612,7.59,14.319,7.125,3.5080001,0.0,LO
1085,5372,0.0,0.0,2.391,5.371,2.529,2.054,4.347,0.0,LO
1085,5376,0.0,0.796,2.79,3.645,10.727,3.378,0.842,0.0,LO
1085,5378,0.0,0.0,2.003,1.428,4.548,2.558,1.885,0.0,LO
1085,5397,0.0,0.0,1.258,2.987,6.115,4.221,1.068,0.0,LO
1085,5404,0.0,0.51699996,3.628,7.846,12.408,9.557,3.514,0.0,LO
1085,5411,0.0,3.0800002,14.67,15.969,20.438,6.756,3.251,0.0,LO
1085,5418,0.0,0.0,2.974,3.928,11.099,5.077,2.746,0.0,LO
1085,5420,0.0,0.0,0.0,0.0,0.0,0.0,0.066,0.0,LO
1085,5421,0.0,0.19,17.712,9.184,9.695,5.634,6.119,0.0,LO
1085,5423,0.0,0.07,4.495,6.969,13.861,8.992,10.035,0.0,LO
1085,5424,0.0,0.20300001,7.749,9.175,12.641,5.283,7.916,0.0,LO
1085,5437,0.0,0.414,1.909,4.487,13.452,8.426,6.514,0.0,LO
1085,5595,0.0,3.286,33.912,30.769,45.99,23.667,19.068,0.0,LO
1085,6978,0.0,0.0,0.836,0.264,1.3249999,0.32,0.144,0.0,LO
1085,6979,0.0,0.0,2.789,1.402,1.367,1.283,0.403,0.0,LO
1085,9586,0.0,0.346,4.308,2.429,0.508,0.547,0.001,0.0,LO
1395,514,0.0,0.134,0.053,0.0,0.0,0.001,0.001,0.0,LO
1395,591,0.0,0.349,3.259,1.743,0.797,0.585,0.153,0.0,LO
1395,596,0.0,3.273,3.52,2.26,1.9679999,1.197,0.452,0.0,LO
1395,597,0.0,2.223,5.688,5.993,7.323,1.692,0.7,0.0,LO
1395,603,0.0,0.074999996,0.31800002,0.703,0.338,0.161,0.213,0.0,LO
1395,617,0.0,0.99,3.071,2.167,1.202,0.661,0.842,0.0,LO
1395,618,0.0,1.1340001,10.9279995,1.877,1.562,0.154,0.0,0.0,LO
1395,620,0.0,3.157,11.901,12.918,6.445,3.119,0.787,0.0,LO
1395,621,0.0,0.141,0.644,2.088,1.643,0.074999996,0.0,0.0,LO
1395,659,0.0,0.0,1.319,2.225,1.31,0.456,0.333,0.0,LO
1395,680,0.0,13.727,27.149,53.445,24.695,4.593,1.201,0.0,LO
1395,686,0.0,0.382,4.116,2.5740001,1.232,0.719,0.0,0.0,LO
1395,709,0.0,0.352,0.218,1.722,4.01,1.094,0.0,0.0,LO
1395,717,0.0,2.024,3.088,2.343,3.606,0.868,0.0,0.0,LO
1395,719,0.0,0.48000002,1.637,1.211,0.64,0.477,0.0,0.0,LO
1395,751,0.0,1.82,6.999,8.906,13.938,3.789,0.807,0.0,LO
1395,755,0.0,1.581,5.648,1.502,3.082,0.422,0.0,0.0,LO
1395,763,0.0,0.0,0.0,0.052,0.0,0.005,0.0,0.0,LO
1395,766,0.0,3.3309999,8.055,2.578,5.219,1.25,0.353,0.0,LO
1395,1398,0.0,0.335,7.975,20.575,9.731,4.9630003,1.544,0.0,LO
1395,1402,0.0,6.426,47.308,21.727,10.37,4.177,0.875,0.0,LO
1395,1404,0.0,0.102,0.644,1.164,0.683,0.489,0.0,0.0,LO
1395,1413,0.0,0.003,3.257,0.584,0.21900001,0.0,0.0,0.0,LO
1395,1415,0.0,2.84,1.9860001,1.479,1.694,0.476,0.072,0.0,LO
1395,1434,0.0,0.417,5.907,4.845,4.592,2.235,0.0,0.0,LO
1395,1442,0.0,4.968,10.986,112.527,33.787,7.897,2.431,0.0,LO
1395,1444,0.0,4.212,3.36,42.439,17.564,3.522,2.005,0.0,LO
1395,1451,0.0,0.321,3.213,1.266,0.832,0.644,0.0,0.0,LO
1395,1452,0.0,0.914,5.453,0.802,0.126,0.003,0.0,0.0,LO
1395,1455,0.0,0.0,20.103,62.693,31.489,28.272,11.372,0.0,LO
1395,5595,0.0,1.868,2.353,1.393,1.917,0.79,0.001,0.0,LO
1395,6977,0.0,0.13700001,0.872,0.528,0.561,0.15100001,0.0,0.0,LO
1395,9586,0.0,0.23900001,2.342,0.584,0.397,0.152,0.0,0.0,LO
1395,9587,0.0,1.142,14.298,5.337,1.7490001,0.81799996,0.0,0.0,LO
1398,591,0.0,1.0,6.208,2.368,0.792,0.026,0.0,0.0,LO
1398,596,0.0,3.62,9.875,5.429,3.716,0.842,2.128,0.0,LO
1398,597,0.0,5.525,97.875,19.367,9.841,5.908,1.834,0.0,LO
1398,603,0.0,0.304,0.766,0.445,0.273,0.012,0.089999996,0.0,LO
1398,617,0.0,0.404,6.857,2.714,1.62,1.066,0.0,0.0,LO
1398,618,0.0,0.911,8.185,3.073,1.196,0.028,0.207,0.0,LO
1398,620,0.0,1.8310001,11.163,10.544,6.238,2.134,0.693,0.0,LO
1398,621,0.0,0.003,1.362,2.33,1.288,0.04,0.0,0.0,LO
1398,659,0.0,0.891,3.3330002,1.1570001,3.203,1.194,0.31100002,0.0,LO
1398,680,0.0,16.685999,77.094,45.42,23.163,5.448,3.194,0.0,LO
1398,686,0.0,0.509,6.168,3.254,2.366,0.713,0.83100003,0.0,LO
1398,709,0.0,0.024,2.255,0.88600004,4.669,1.286,0.333,0.0,LO
1398,717,0.0,4.224,12.264,2.096,4.685,1.727,1.643,0.0,LO
1398,719,0.0,2.155,0.74,1.096,1.129,0.010000001,0.05,0.0,LO
1398,751,0.0,5.301,23.685,23.239,12.847,3.947,0.603,0.0,LO
1398,755,0.0,1.109,14.289,0.92300004,0.167,0.0,0.0,0.0,LO
1398,766,0.0,3.154,10.076,2.613,3.855,1.242,0.36900002,0.0,LO
1398,1395,0.0,8.102,27.858,7.68,6.126,2.494,1.165,0.0,LO
1398,1402,0.0,32.754,225.91101,87.83,43.781,22.103,10.331,0.0,LO
1398,1413,0.0,0.013,3.031,0.679,0.87,0.329,0.236,0.0,LO
1398,1415,0.0,3.076,4.089,2.019,1.939,0.351,0.368,0.0,LO
1398,1429,0.0,0.38,4.871,0.452,0.0,0.413,0.346,0.0,LO
1398,1440,0.0,0.043,4.473,0.92899996,0.436,0.154,1.381,0.0,LO
1398,1442,0.0,1.533,11.217,16.829,14.281,8.984,5.7990003,0.0,LO
1398,1444,0.0,10.653,65.577995,30.834,20.823,6.405,3.378,0.0,LO
1398,1451,0.0,3.258,2.661,0.493,1.007,0.0,0.137,0.0,LO
1398,1455,0.0,7.2279997,167.942,85.771,26.948,12.237,2.482,0.0,LO
1398,5595,0.0,1.541,6.6940002,1.363,2.811,0.936,0.736,0.0,LO
1398,9586,0.0,0.819,7.028,1.363,0.58500004,0.191,0.0,0.0,LO
1398,9587,0.0,0.648,17.936,6.943,3.314,0.205,0.651,0.0,LO
1402,514,0.0,0.0,0.0,0.0,0.0,0.0,0.02,0.0,LO
1402,591,0.0,3.44,22.122,7.987,5.894,5.6870003,1.36,0.0,LO
1402,596,0.0,27.151001,33.75,18.177,21.586,6.602,2.717,0.0,LO
1402,597,0.0,1.9,11.542,38.65,84.463,18.785,5.452,0.0,LO
1402,603,0.0,0.0,0.0,0.0,0.037,0.125,0.107,0.0,LO
1402,617,0.0,4.537,9.409,9.758,11.84,5.594,2.284,0.0,LO
1402,620,0.0,15.261,54.851,69.225,81.675,30.187,6.381,0.0,LO
1402,621,0.0,1.7639999,3.816,11.614,5.799,0.947,0.121,0.0,LO
1402,659,0.0,1.347,7.98,7.142,14.349,5.273,2.708,0.0,LO
1402,680,0.0,12.403,25.598,36.749,51.694,33.997,11.004,0.0,LO
1402,686,0.0,1.8100001,8.982,10.2630005,13.523,5.47,1.204,0.0,LO
1402,709,0.0,0.0,4.42,9.444,28.762,7.4370003,2.045,0.0,LO
1402,717,0.0,15.776999,16.045,17.806,24.237,8.306,2.8600001,0.0,LO
1402,719,0.0,1.647,1.6439999,3.905,3.501,1.1620001,0.825,0.0,LO
1402,751,0.0,0.781,19.836,36.347,86.622,22.452,10.249,0.0,LO
1402,766,0.0,10.951,26.02,13.504,24.967,11.313,3.315,0.0,LO
1402,1395,0.0,3.6890001,13.187,4.628,21.677,6.126,1.34,0.0,LO
1402,1398,0.0,7.272,22.926,90.545,178.564,54.126,9.571,0.0,LO
1402,1404,0.0,0.944,9.84,5.047,5.238,3.905,1.155,0.0,LO
1402,1413,0.0,2.051,10.717999,3.191,2.681,0.633,0.033999998,0.0,LO
1402,1415,0.0,51.036,6.255,2.983,5.444,2.889,0.671,0.0,LO
1402,1421,0.0,0.099,11.321,4.6349998,9.451,3.739,0.676,0.0,LO
1402,1429,0.0,0.972,1.117,1.306,1.649,0.839,0.417,0.0,LO
1402,1434,0.0,1.032,40.928,38.705,62.403,19.763,4.832,0.0,LO
1402,1437,0.0,0.012,3.251,1.13,2.713,0.801,0.089,0.0,LO
1402,1442,0.0,43.187,97.052,113.169,215.478,77.585,17.897,0.0,LO
1402,1444,0.0,2.241,0.0,0.0,0.0,0.0,6.478,0.0,LO
1402,1451,0.0,1.517,8.464,1.635,3.422,2.737,0.273,0.0,LO
1402,1452,0.0,5.256,9.047,6.809,3.437,4.036,0.022,0.0,LO
1402,1455,0.0,6.612,27.029,47.954,66.287,36.079,8.8550005,0.0,LO
1402,5595,0.0,0.17199999,0.627,0.68,1.676,0.229,0.092,0.0,LO
1402,6977,0.0,0.634,1.651,2.813,1.913,0.662,0.368,0.0,LO
1402,6978,0.0,0.537,1.056,0.888,0.53000003,0.354,0.027,0.0,LO
1402,6979,0.0,0.569,1.436,1.436,1.7820001,0.516,0.305,0.0,LO
1404,514,0.0,0.48600003,0.792,1.7919999,1.07,0.592,0.465,0.0,LO
1404,522,0.0,0.69299996,0.915,0.347,1.216,0.182,0.098,0.0,LO
1404,591,0.0,10.469,97.809,51.507,33.381,10.797,4.6610003,0.0,LO
1404,596,0.0,0.361,0.46400002,0.633,0.893,0.46699998,0.088,0.0,LO
1404,597,0.0,3.083,4.373,3.735,6.4440002,2.086,0.333,0.0,LO
1404,603,0.0,19.99,48.253,40.476,39.586,16.335,5.48,0.0,LO
1404,617,0.0,0.0,0.116,0.612,0.918,0.031,0.0,0.0,LO
1404,620,0.0,0.132,2.299,1.5370001,4.855,1.2409999,0.052,0.0,LO
1404,621,0.0,1.611,15.206,28.17,10.717,6.748,0.974,0.0,LO
1404,659,0.0,0.2,1.204,0.517,3.987,0.788,0.287,0.0,LO
1404,680,0.0,0.062,0.929,3.038,8.753,0.803,0.001,0.0,LO
1404,686,0.0,31.878,281.532,152.952,137.14,57.726,17.152,0.0,LO
1404,709,0.0,0.0,0.631,2.089,4.505,2.1460001,0.072,0.0,LO
1404,717,0.0,0.0,0.655,1.0929999,1.9250001,0.942,0.063,0.0,LO
1404,719,0.0,16.056,11.077,29.319,27.994,7.503,6.528,0.0,LO
1404,751,0.0,3.886,2.8309999,4.852,8.235,3.539,0.539,0.0,LO
1404,763,0.0,0.75200003,0.771,1.119,1.167,0.114,0.208,0.0,LO
1404,766,0.0,12.135,92.216,102.113,79.908,23.028,12.364,0.0,LO
1404,788,0.0,0.149,0.115,0.100999996,0.0,0.15200001,0.0,0.0,LO
1404,1022,0.0,0.38,3.162,2.536,1.541,1.179,0.186,0.0,LO
1404,1023,0.0,1.372,4.291,1.112,1.942,1.52,0.403,0.0,LO
1404,1024,0.0,1.046,4.2070003,5.331,2.21,1.678,0.358,0.0,LO
1404,1083,0.0,0.060999997,0.33900002,0.562,0.612,0.163,0.0,0.0,LO
1404,1398,0.0,0.012,0.23900001,1.688,1.668,0.18,0.068,0.0,LO
1404,1402,0.0,4.238,4.042,4.597,9.078,1.838,0.577,0.0,LO
1404,1409,0.0,3.8009999,16.747,11.365,6.455,6.714,0.996,0.0,LO
1404,1413,0.0,4.18,50.09,24.849,8.724,4.428,0.746,0.0,LO
1404,1415,0.0,0.90999997,0.828,1.117,1.472,0.224,0.057,0.0,LO
1404,1421,0.0,13.455,116.934,47.505,33.371,8.703,3.195,0.0,LO
1404,1429,0.0,1.6,6.7339997,15.131,15.342,5.813,3.268,0.0,LO
1404,1434,0.0,1.29,3.74,1.76,2.447,0.67,0.33999997,0.0,LO
1404,1437,0.0,40.19,83.209,71.62,80.867,23.879,9.759,0.0,LO
1404,1438,0.0,1.553,37.521,21.566,12.27,5.991,4.114,0.0,LO
1404,1439,0.0,5.056,26.06,6.169,7.071,2.029,0.579,0.0,LO
1404,1440,0.0,12.672,48.975002,30.691,18.06,7.926,3.519,0.0,LO
1404,1441,0.0,0.49400002,3.363,6.564,7.697,1.224,0.945,0.0,LO
1404,1442,0.0,0.694,0.488,0.86800003,3.029,0.035,0.107,0.0,LO
1404,1444,0.0,1.335,12.779,9.562,6.48,1.327,0.57,0.0,LO
1404,1445,0.0,5.232,47.83,25.054,25.59,7.529,2.502,0.0,LO
1404,1448,0.0,0.0,39.636,68.576,45.5,10.541,3.958,0.0,LO
1404,1449,0.0,11.155,54.218,24.026001,11.547,3.492,2.276,0.0,LO
1404,1451,0.0,0.067,3.714,2.065,2.422,0.025,0.252,0.0,LO
1404,1452,0.0,0.848,7.637,11.762,8.5130005,4.461,2.007,0.0,LO
1404,1455,0.0,0.141,3.182,2.069,3.512,1.593,0.0050000004,0.0,LO
1404,1524,0.0,1.101,3.685,2.431,5.98,4.2269998,0.255,0.0,LO
1404,5421,0.0,0.0,0.0,0.18599999,0.0,0.11,0.027,0.0,LO
1404,6941,0.0,0.042000003,0.138,0.784,0.0,0.869,0.045,0.0,LO
1404,6956,0.0,0.142,0.088,0.291,0.0,0.283,0.017,0.0,LO
1404,6977,0.0,2.685,10.276,7.867,12.2039995,6.412,2.5379999,0.0,LO
1404,6978,0.0,1.27,6.973,3.813,5.204,2.686,2.41,0.0,LO
1404,6979,0.0,0.58,4.123,3.082,7.38,3.167,1.91,0.0,LO
1404,7401,0.0,1.845,2.615,2.535,4.074,0.49600002,0.121,0.0,LO
1404,7402,0.0,0.157,1.048,0.955,3.8439999,0.531,0.011,0.0,LO
1404,7403,0.0,0.396,0.315,1.384,1.164,0.113,0.119,0.0,LO
1404,7404,0.0,0.071,0.526,1.441,1.026,0.301,0.001,0.0,LO
1404,7406,0.0,1.664,4.682,3.386,3.777,1.757,0.352,0.0,LO
1409,514,0.0,2.7450001,10.535,33.306,65.307,15.644,3.242,0.0,LO
1409,522,0.0,2.0,8.83,41.992,31.888,13.759,2.6069999,0.0,LO
1409,591,0.0,2.391,42.293,12.424,17.62,2.988,1.016,0.0,LO
1409,596,0.0,2.158,1.352,1.158,0.708,0.969,0.096,0.0,LO
1409,597,0.0,0.404,0.45,1.008,1.434,0.388,0.0,0.0,LO
1409,603,0.0,13.748,101.36,167.104,110.515,32.31,10.167,0.0,LO
1409,618,0.0,1.049,23.935999,12.505,6.3640003,3.081,0.846,0.0,LO
1409,620,0.0,0.663,0.222,0.574,0.723,0.629,0.0,0.0,LO
1409,621,0.0,0.047,7.021,14.262,8.216,2.69,0.86399996,0.0,LO
1409,659,0.0,0.0,0.293,0.839,2.072,0.364,0.07,0.0,LO
1409,680,0.0,0.001,0.1,1.758,0.456,0.406,0.011,0.0,LO
1409,686,0.0,3.152,30.373,32.954,30.339,13.005,4.77,0.0,LO
1409,717,0.0,3.619,0.537,1.0500001,0.941,0.429,0.062,0.0,LO
1409,719,0.0,13.273,66.705,126.589,123.043,27.3,9.248,0.0,LO
1409,751,0.0,0.407,1.159,3.365,4.369,1.16,0.475,0.0,LO
1409,755,0.0,3.354,22.789999,18.045,13.773,3.353,0.78900003,0.0,LO
1409,763,0.0,0.414,14.113,7.499,4.856,1.499,0.454,0.0,LO
1409,766,0.0,6.442,33.563,33.937,40.23,9.359,4.8789997,0.0,LO
1409,788,0.0,0.132,3.205,1.01,1.712,0.289,0.19399999,0.0,LO
1409,1022,0.0,0.0,4.617,8.076,4.087,2.463,0.508,0.0,LO
1409,1023,0.0,0.007,12.526,5.158,3.646,2.911,0.162,0.0,LO
1409,1024,0.0,0.576,22.673,17.124,8.292,4.398,0.669,0.0,LO
1409,1039,0.0,0.0,1.568,0.603,1.47,0.337,0.0,0.0,LO
1409,1082,0.0,0.0,2.4950001,3.3140001,2.077,0.429,0.019,0.0,LO
1409,1083,0.0,0.0,0.192,0.467,0.279,0.249,0.118,0.0,LO
1409,1085,0.0,0.0,1.034,1.446,0.987,0.564,0.16499999,0.0,LO
1409,1404,0.0,0.953,12.434,13.851,17.378,5.131,1.8210001,0.0,LO
1409,1413,0.0,0.142,12.638,19.079,7.474,1.729,1.184,0.0,LO
1409,1421,0.0,8.522,97.209,167.524,153.346,26.699,7.323,0.0,LO
1409,1429,0.0,0.678,19.674,66.234,33.289,21.167,7.751,0.0,LO
1409,1437,0.0,0.748,17.897,55.378,29.879,12.669,4.909,0.0,LO
1409,1438,0.0,1.219,25.52,32.603,20.862,7.229,3.037,0.0,LO
1409,1439,0.0,0.642,14.834,29.616,10.6970005,4.596,0.693,0.0,LO
1409,1440,0.0,2.108,20.942999,36.096,15.257,7.335,1.442,0.0,LO
1409,1441,0.0,0.033999998,9.98,29.14,15.488,5.38,1.171,0.0,LO
1409,1442,0.0,0.009000001,0.59,1.8449999,2.096,0.374,0.0,0.0,LO
1409,1443,0.0,0.0,0.82,0.906,1.302,0.905,0.308,0.0,LO
1409,1445,0.0,5.782,96.834,96.474,73.607,15.134,4.66,0.0,LO
1409,1448,0.0,0.0,35.997,54.998,45.42,11.044,2.3009999,0.0,LO
1409,1449,0.0,0.0,1.306,3.77,1.398,0.266,0.021000002,0.0,LO
1409,1452,0.0,1.69,28.667,9.562,9.46,3.9559999,1.77,0.0,LO
1409,1524,0.0,0.468,12.202,31.985,16.843,6.5099998,1.8050001,0.0,LO
1409,5345,0.0,0.0,3.268,2.379,2.922,0.618,0.417,0.0,LO
1409,5356,0.0,0.13,0.55,0.856,3.528,0.0,0.0,0.0,LO
1409,5362,0.0,0.259,1.131,1.159,1.64,0.377,0.138,0.0,LO
1409,5404,0.0,0.0,0.515,2.403,1.791,0.183,0.275,0.0,LO
1409,5423,0.0,0.0,0.29,0.592,0.839,0.119,0.381,0.0,LO
1409,5437,0.0,0.0,0.492,0.414,1.622,0.916,0.0,0.0,LO
1409,5595,0.0,3.751,11.975,16.73,19.442,6.634,2.509,0.0,LO
1409,6814,0.0,0.0,0.04,0.0,0.0,0.0,0.0,0.0,LO
1409,6913,0.0,0.043,0.624,0.657,0.46899998,0.155,0.006,0.0,LO
1409,6919,0.0,0.081,0.36,0.522,0.677,0.093,0.004,0.0,LO
1409,6926,0.0,0.591,0.14899999,0.541,1.341,0.306,0.0,0.0,LO
1409,6941,0.0,0.0,0.059,2.655,0.407,0.732,0.337,0.0,LO
1409,6954,0.0,0.0,0.0,0.583,0.167,0.042,0.077,0.0,LO
1409,6959,0.0,0.0,0.6,0.36699998,0.865,0.039,0.183,0.0,LO
1409,6961,0.0,0.044,1.067,1.195,1.165,0.113000005,0.0,0.0,LO
1409,6962,0.0,0.038,1.775,0.887,0.605,0.315,0.002,0.0,LO
1409,6977,0.0,1.648,21.118,30.873001,33.85,15.045,5.481,0.0,LO
1409,6978,0.0,0.769,11.371,14.314,7.689,3.933,1.694,0.0,LO
1409,6979,0.0,0.328,14.287,15.6449995,11.793,5.649,2.401,0.0,LO
1409,7401,0.0,0.316,15.193,45.736,49.982,18.879,6.278,0.0,LO
1409,7402,0.0,0.102,4.5699997,12.534,25.493,7.268,2.534,0.0,LO
1409,7403,0.0,0.68,1.978,6.256,17.346,3.727,0.68299997,0.0,LO
1409,7404,0.0,0.266,8.191,42.105,43.194,8.472,3.029,0.0,LO
1409,7406,0.0,0.056,12.483,58.891,36.897,14.889,4.831,0.0,LO
1409,7407,0.0,0.0,10.008,50.456,53.238003,21.886,14.235,0.0,LO
1409,7408,0.0,0.255,2.759,6.989,14.804,4.08,0.692,0.0,LO
1409,7467,0.0,0.143,1.448,4.047,10.487,3.284,0.493,0.0,LO
1409,9586,0.0,1.004,12.017,5.304,4.337,2.387,1.0550001,0.0,LO
1409,9587,0.0,2.6,54.774998,37.826,41.719,9.962,1.571,0.0,LO
1413,514,0.0,0.661,9.452,12.901999,25.289,16.053,2.634,0.0,LO
1413,522,0.0,0.0,1.673,1.921,3.237,1.072,0.392,0.0,LO
1413,591,0.0,0.759,26.958,21.921999,28.374,7.981,1.895,0.0,LO
1413,596,0.0,0.293,1.384,2.087,0.99,1.284,0.312,0.0,LO
1413,597,0.0,0.018,1.155,3.863,3.5830002,1.114,0.003,0.0,LO
1413,603,0.0,7.283,100.47,279.736,319.15298,111.227,25.299,0.0,LO
1413,618,0.0,1.173,24.722,26.017,9.752,4.59,2.2350001,0.0,LO
1413,620,0.0,0.0,0.142,1.18,1.657,0.275,0.081,0.0,LO
1413,621,0.0,0.05,4.279,19.232,10.708,4.354,0.27,0.0,LO
1413,659,0.0,0.0,0.282,2.8240001,1.159,1.499,0.0,0.0,LO
1413,680,0.0,0.064,0.107,1.1110001,0.813,0.167,0.0,0.0,LO
1413,686,0.0,2.916,37.173,53.106,61.628998,23.114,6.999,0.0,LO
1413,709,0.0,0.0,0.0,2.421,1.407,0.379,0.0,0.0,LO
1413,717,0.0,0.0,0.67,3.023,1.72,1.6489999,0.675,0.0,LO
1413,719,0.0,12.206,78.504,230.54,283.293,121.834,25.365,0.0,LO
1413,751,0.0,1.031,0.579,10.107,11.653,3.646,0.854,0.0,LO
1413,755,0.0,2.055,24.685,41.043,37.485,11.274,3.227,0.0,LO
1413,763,0.0,0.05,9.33,19.652,10.09,5.711,0.952,0.0,LO
1413,766,0.0,2.7419999,25.848,49.286,93.32,22.157,9.766,0.0,LO
1413,788,0.0,0.167,3.181,1.908,2.288,0.93,0.363,0.0,LO
1413,1022,0.0,0.313,2.918,5.059,4.968,4.0,0.55,0.0,LO
1413,1023,0.0,0.004,3.629,5.784,5.387,3.194,0.543,0.0,LO
1413,1024,0.0,1.39,19.735,16.654,9.903,2.57,0.697,0.0,LO
1413,1039,0.0,0.0,0.0,1.01,1.835,0.546,0.186,0.0,LO
1413,1082,0.0,0.559,2.635,2.517,2.699,1.401,0.551,0.0,LO
1413,1083,0.0,0.0,0.144,0.267,0.693,0.157,0.124,0.0,LO
1413,1085,0.0,0.0,0.97,0.859,1.398,0.679,0.316,0.0,LO
1413,1395,0.0,0.769,0.13,0.292,1.373,0.343,0.071,0.0,LO
1413,1398,0.0,0.0,0.087,2.205,1.529,1.367,0.0,0.0,LO
1413,1402,0.0,0.159,2.249,5.21,6.208,2.959,0.256,0.0,LO
1413,1404,0.0,0.27899998,10.539,30.522,35.586,16.772001,3.537,0.0,LO
1413,1409,0.0,0.14,5.547,15.081,9.757,2.39,0.649,0.0,LO
1413,1421,0.0,6.416,128.965,297.361,317.558,76.131004,21.355,0.0,LO
1413,1429,0.0,0.76600003,13.578,60.994,60.94,27.622,11.616,0.0,LO
1413,1434,0.0,0.014,1.0879999,1.413,2.638,0.756,0.11,0.0,LO
1413,1437,0.0,0.114,16.084,96.039,76.494,35.451,14.161,0.0,LO
1413,1438,0.0,0.083,19.821,56.029,52.597,14.037,5.826,0.0,LO
1413,1439,0.0,0.116,16.34,26.236,30.261,6.951,3.0900002,0.0,LO
1413,1440,0.0,0.643,11.799,44.52,27.042,8.458,5.802,0.0,LO
1413,1441,0.0,0.0,5.416,29.731,25.799,10.165,2.876,0.0,LO
1413,1442,0.0,0.011,0.65500003,2.422,0.698,1.162,0.0,0.0,LO
1413,1443,0.0,0.0,0.0,0.93,2.336,0.452,0.394,0.0,LO
1413,1445,0.0,0.722,46.541,108.313,87.664,24.096,7.98,0.0,LO
1413,1448,0.0,0.0,26.685,74.625,83.385,19.382,5.594,0.0,LO
1413,1449,0.0,0.081,3.343,7.079,3.133,1.34,0.413,0.0,LO
1413,1452,0.0,0.255,11.312,24.277,20.0,7.904,1.9269999,0.0,LO
1413,1455,0.0,0.127,3.617,2.225,2.585,1.4070001,0.0,0.0,LO
1413,1524,0.0,0.414,1.099,11.54,7.731,2.611,1.2080001,0.0,LO
1413,5345,0.0,0.0,1.941,2.522,2.394,0.524,0.278,0.0,LO
1413,5356,0.0,0.0,0.0,1.42,3.425,0.65099996,0.134,0.0,LO
1413,5362,0.0,0.0,0.834,1.77,2.353,0.455,0.221,0.0,LO
1413,5376,0.0,0.0,0.401,0.899,0.463,0.15799999,0.0,0.0,LO
1413,5404,0.0,0.0,0.318,0.79399997,2.325,1.76,0.222,0.0,LO
1413,5418,0.0,0.0,0.144,2.3040001,1.165,0.278,0.168,0.0,LO
1413,5421,0.0,0.0,1.407,0.888,0.673,0.12900001,0.11,0.0,LO
1413,5423,0.0,0.0,0.963,0.244,0.854,0.131,0.096,0.0,LO
1413,5437,0.0,0.0,0.484,1.303,2.125,0.57,0.28800002,0.0,LO
1413,5595,0.0,1.661,19.044,40.302,50.146,22.413,3.99,0.0,LO
1413,6814,0.0,0.0,0.0,0.137,0.049,0.074,0.004,0.0,LO
1413,6913,0.0,0.001,0.016,0.86,0.0,1.018,0.031999998,0.0,LO
1413,6914,0.0,0.0,0.0,0.992,1.222,0.502,0.401,0.0,LO
1413,6919,0.0,0.0,0.0,0.412,0.503,0.69200003,0.001,0.0,LO
1413,6934,0.0,0.015000001,0.199,0.116000004,1.444,0.387,0.0,0.0,LO
1413,6941,0.0,0.006,0.291,1.404,0.0,0.783,0.115,0.0,LO
1413,6947,0.0,0.003,0.115,2.323,0.0,0.968,0.012,0.0,LO
1413,6949,0.0,0.0,0.003,1.17,0.0,0.212,0.008,0.0,LO
1413,6952,0.0,0.002,0.011,3.935,0.0,1.195,0.244,0.0,LO
1413,6954,0.0,0.001,0.097,0.94,0.285,0.467,0.0,0.0,LO
1413,6956,0.0,0.004,0.294,0.286,0.0,0.547,0.219,0.0,LO
1413,6958,0.0,0.002,0.143,0.27199998,0.0,0.035,0.055,0.0,LO
1413,6959,0.0,0.025,0.587,2.031,0.0,1.612,0.253,0.0,LO
1413,6961,0.0,0.0,0.527,1.23,1.049,0.138,0.12900001,0.0,LO
1413,6965,0.0,0.133,0.837,0.111,0.108,0.060000002,0.0,0.0,LO
1413,6972,0.0,0.023,0.62299997,2.112,0.0,0.499,0.159,0.0,LO
1413,6977,0.0,1.596,22.07,43.891,63.48,24.448,9.1779995,0.0,LO
1413,6978,0.0,0.148,7.057,11.705,8.484,5.96,2.045,0.0,LO
1413,6979,0.0,0.202,11.398,14.158,18.873,10.311,3.556,0.0,LO
1413,7401,0.0,0.0,4.321,18.578,16.519,4.96,0.933,0.0,LO
1413,7402,0.0,0.169,0.921,6.153,9.462,3.329,1.453,0.0,LO
1413,7403,0.0,0.001,0.689,3.527,5.921,1.974,0.257,0.0,LO
1413,7404,0.0,0.001,1.749,17.057001,19.567,4.27,0.248,0.0,LO
1413,7406,0.0,0.0050000004,2.207,18.424,17.762001,7.5230002,0.977,0.0,LO
1413,7407,0.0,0.004,1.351,16.294,9.532,6.121,2.0279999,0.0,LO
1413,7408,0.0,0.004,1.275,4.8389997,7.603,1.882,0.541,0.0,LO
1413,7467,0.0,0.004,0.136,3.071,5.907,2.221,0.039,0.0,LO
1413,9586,0.0,0.634,11.527,7.218,4.274,4.393,1.5320001,0.0,LO
1413,9587,0.0,2.078,47.841,68.889,86.777,23.106,6.78,0.0,LO
1415,591,0.0,0.12,3.3470001,1.501,0.546,0.917,0.0,0.0,LO
1415,596,0.0,7.7,13.492,11.872,9.848,4.021,1.451,0.0,LO
1415,597,0.0,2.5709999,9.401,12.925,13.623,4.744,0.869,0.0,LO
1415,603,0.0,0.0,0.0,0.082,0.0,0.0,0.0,0.0,LO
1415,617,0.0,0.14,3.235,17.64,11.347,4.485,1.162,0.0,LO
1415,620,0.0,1.459,3.979,4.56,9.062,1.685,0.907,0.0,LO
1415,659,0.0,1.5699999,5.375,3.991,5.56,3.066,3.774,0.0,LO
1415,680,0.0,0.815,6.363,18.252,14.499,5.629,2.488,0.0,LO
1415,686,0.0,0.621,2.4559999,4.327,2.382,1.328,0.018000001,0.0,LO
1415,709,0.0,0.0,1.52,5.104,9.329,2.997,0.824,0.0,LO
1415,717,0.0,2.987,5.021,8.231,6.251,2.901,0.716,0.0,LO
1415,751,0.0,3.109,13.371,39.835,36.734,17.45,7.035,0.0,LO
1415,766,0.0,1.204,10.349,16.347,11.818,4.304,0.985,0.0,LO
1415,1395,0.0,1.441,2.5379999,0.819,2.55,1.7179999,0.21599999,0.0,LO
1415,1398,0.0,0.082,1.15,3.3400002,5.62,2.634,0.0,0.0,LO
1415,1402,0.0,2.118,15.946,12.659,9.71,5.082,0.40399998,0.0,LO
1415,1404,0.0,0.065,0.655,1.036,1.6309999,1.042,0.0,0.0,LO
1415,1434,0.0,0.278,1.867,4.274,6.027,2.347,3.196,0.0,LO
1415,1442,0.0,1.098,2.8899999,3.933,3.8899999,1.9,0.847,0.0,LO
1415,1444,0.0,16.805,210.872,190.444,119.023,55.26,14.558,0.0,LO
1415,1451,0.0,0.0,5.1749997,8.515,4.154,2.5640001,0.51,0.0,LO
1415,1452,0.0,0.002,1.214,1.684,1.852,2.2549999,0.0,0.0,LO
1415,1455,0.0,1.4189999,5.081,7.558,8.453,2.837,0.48600003,0.0,LO
1415,5595,0.0,0.48700002,2.102,3.537,1.173,0.732,0.236,0.0,LO
1415,9587,0.0,0.033,2.003,3.517,3.43,1.619,0.010000001,0.0,LO
1421,514,0.0,0.087,3.407,3.382,10.533,2.957,1.056,0.0,LO
1421,522,0.0,2.718,2.129,1.262,1.753,1.553,0.613,0.0,LO
1421,591,0.0,3.296,78.469,23.053,23.858,7.982,1.056,0.0,LO
1421,596,0.0,1.202,2.247,0.058000002,0.158,0.544,0.001,0.0,LO
1421,597,0.0,0.257,0.84499997,1.864,2.68,1.8720001,0.22399999,0.0,LO
1421,603,0.0,74.542,349.862,235.507,221.926,123.269,30.864,0.0,LO
1421,618,0.0,15.167,115.702,86.343,34.255,20.086,3.528,0.0,LO
1421,620,0.0,0.001,0.0,0.0,0.0,0.0,0.0,0.0,LO
1421,621,0.0,0.267,11.296,11.186,10.712,2.494,0.45,0.0,LO
1421,659,0.0,0.0,0.628,1.227,1.212,1.14,1.889,0.0,LO
1421,686,0.0,9.377,56.694,37.356,41.365,18.135,3.627,0.0,LO
1421,709,0.0,0.0,0.0,0.0,0.0,0.025,0.0,0.0,LO
1421,717,0.0,0.0,0.167,0.024,0.0,0.055999998,0.0,0.0,LO
1421,719,0.0,46.905,57.001,72.618004,128.828,42.321,10.559999,0.0,LO
1421,751,0.0,1.995,0.50200003,0.927,0.493,0.143,0.0,0.0,LO
1421,755,0.0,6.015,19.585001,11.494,11.933,4.722,0.526,0.0,LO
1421,763,0.0,2.183,3.237,3.58,5.574,1.993,0.639,0.0,LO
1421,766,0.0,39.901,79.517,58.776,86.25,35.937,15.168,0.0,LO
1421,788,0.0,0.45,0.351,0.11,0.0,0.064,0.0,0.0,LO
1421,1022,0.0,0.826,3.8530002,6.413,6.301,4.149,2.379,0.0,LO
1421,1023,0.0,2.358,11.828,6.57,8.58,2.311,0.653,0.0,LO
1421,1024,0.0,2.955,7.95,12.639,5.284,7.398,1.416,0.0,LO
1421,1082,0.0,2.272,1.6570001,2.459,1.855,0.907,0.304,0.0,LO
1421,1395,0.0,0.0,0.0,0.0,0.0,0.0,0.001,0.0,LO
1421,1402,0.0,6.5889997,2.886,3.828,8.453,3.44,0.459,0.0,LO
1421,1404,0.0,0.848,37.743,26.851,57.096,24.124,6.897,0.0,LO
1421,1409,0.0,1.335,52.14,22.338,24.932,9.43,4.125,0.0,LO
1421,1413,0.0,1.795,183.809,138.103,72.126,37.838,10.529,0.0,LO
1421,1429,0.0,8.415,56.063,93.848,90.425,66.184,19.608,0.0,LO
1421,1437,0.0,9.551,35.343,40.557,93.199,44.47,9.601,0.0,LO
1421,1438,0.0,1.883,65.746,67.046,99.609,47.206,17.803,0.0,LO
1421,1439,0.0,7.669,61.485,26.912,32.998,12.173,5.62,0.0,LO
1421,1440,0.0,17.125,169.075,173.238,146.254,73.441,27.758,0.0,LO
1421,1441,0.0,2.157,16.689,24.064,37.139,19.709,7.0629997,0.0,LO
1421,1442,0.0,3.104,0.019,1.878,3.362,0.699,0.358,0.0,LO
1421,1443,0.0,0.0,0.213,2.164,2.801,1.151,0.461,0.0,LO
1421,1445,0.0,15.599,16.767,31.135,20.767,9.383,2.054,0.0,LO
1421,1448,0.0,0.205,89.899,95.371,189.959,82.477,18.942,0.0,LO
1421,1449,0.0,105.3,658.14703,314.276,242.7,99.098,37.357,0.0,LO
1421,1452,0.0,1.8889999,63.031,32.523,38.347,28.701,8.228,0.0,LO
1421,1524,0.0,1.044,7.559,4.476,5.496,2.163,0.080000006,0.0,LO
1421,5595,0.0,5.816,14.858,14.927,25.806,9.713,2.297,0.0,LO
1421,6914,0.0,1.669,0.193,0.213,1.354,0.557,0.0,0.0,LO
1421,6919,0.0,0.0,0.14899999,0.603,1.515,1.445,0.006,0.0,LO
1421,6941,0.0,0.018,0.458,0.827,0.0,0.95500004,0.13,0.0,LO
1421,6947,0.0,8.793,0.004,1.127,0.0,0.69699997,0.004,0.0,LO
1421,6956,0.0,0.171,0.48700002,0.476,0.0,0.23,0.012,0.0,LO
1421,6972,0.0,0.43400002,0.331,0.847,0.0,1.216,0.39499998,0.0,LO
1421,6977,0.0,17.838,62.708,59.928,79.911,49.920002,13.321,0.0,LO
1421,6978,0.0,8.911,40.607,13.242001,11.092,12.512,6.0550003,0.0,LO
1421,6979,0.0,5.975,26.228,25.092001,28.834,21.292,7.928,0.0,LO
1421,7401,0.0,2.178,9.2,13.218,20.078001,7.465,2.604,0.0,LO
1421,7402,0.0,1.668,2.388,5.27,13.568,5.139,1.12,0.0,LO
1421,7403,0.0,0.0,0.833,3.703,3.762,3.167,0.295,0.0,LO
1421,7404,0.0,0.28,2.229,6.905,14.404,4.98,0.84,0.0,LO
1421,7406,0.0,1.1800001,13.197,21.072,20.236,9.242,1.492,0.0,LO
1421,7407,0.0,0.914,2.7580001,15.665999,8.564,4.765,2.105,0.0,LO
1421,7408,0.0,0.12900001,0.24,2.893,2.871,1.712,1.072,0.0,LO
1421,7467,0.0,0.095,0.639,1.899,2.251,1.503,0.725,0.0,LO
1421,9586,0.0,3.609,39.01,15.091,6.51,5.604,0.772,0.0,LO
1421,9587,0.0,16.387001,94.566,82.013,80.315,41.944,4.063,0.0,LO
1429,514,0.0,0.217,0.067,0.586,0.0,1.599,0.283,0.0,LO
1429,591,0.0,7.197,48.769,17.193,12.272,5.975,6.169,0.0,LO
1429,596,0.0,3.242,1.524,2.547,1.512,1.272,0.43400002,0.0,LO
1429,597,0.0,0.212,1.546,1.894,1.354,0.598,0.45700002,0.0,LO
1429,603,0.0,122.675,934.935,1197.006,795.498,419.897,267.759,0.0,LO
1429,618,0.0,2.428,31.348999,18.764,6.702,4.678,1.873,0.0,LO
1429,620,0.0,0.334,0.594,1.359,1.748,0.88,0.233,0.0,LO
1429,621,0.0,0.872,8.035,10.24,6.091,2.398,1.8729999,0.0,LO
1429,659,0.0,0.659,0.282,0.986,1.848,0.71,0.249,0.0,LO
1429,680,0.0,0.113,0.307,0.276,0.042,0.083,0.047,0.0,LO
1429,686,0.0,3.487,28.002,29.029,19.426,19.536,18.366,0.0,LO
1429,698,0.0,0.0,0.093,0.117,0.0,0.077,0.325,0.0,LO
1429,717,0.0,1.683,1.2129999,3.2220001,1.615,0.665,0.223,0.0,LO
1429,719,0.0,104.068,583.437,1274.786,1028.644,492.461,202.571,0.0,LO
1429,742,0.0,0.031,0.313,1.279,2.0149999,1.116,1.356,0.0,LO
1429,751,0.0,0.42700002,1.341,8.658,11.197,1.59,0.39699998,0.0,LO
1429,755,0.0,3.2389998,15.9279995,22.332,12.096,7.961,4.466,0.0,LO
1429,763,0.0,0.085999995,1.007,3.752,6.627,1.009,1.947,0.0,LO
1429,766,0.0,11.134,33.006,52.813,49.974,22.723,23.113,0.0,LO
1429,788,0.0,0.863,2.27,2.612,2.706,1.748,1.102,0.0,LO
1429,1024,0.0,0.0,0.316,3.516,1.6159999,1.031,3.362,0.0,LO
1429,1082,0.0,0.38300002,1.197,2.204,0.695,0.499,0.966,0.0,LO
1429,1083,0.0,0.0,0.047,0.213,0.367,0.0,0.05,0.0,LO
1429,1402,0.0,0.228,1.27,2.281,1.971,0.673,0.779,0.0,LO
1429,1404,0.0,2.295,13.156,12.208,11.735,6.478,5.197,0.0,LO
1429,1409,0.0,1.174,62.971,46.01,22.025,13.835,18.073,0.0,LO
1429,1413,0.0,4.019,76.709,54.203,20.905,14.013,13.613,0.0,LO
1429,1421,0.0,14.081,79.347,83.808,105.926,38.402,38.958,0.0,LO
1429,1437,0.0,1.796,21.035,43.655,30.821,19.232,16.489,0.0,LO
1429,1438,0.0,0.915,26.382,21.632,7.711,7.196,6.05,0.0,LO
1429,1439,0.0,6.166,87.426,64.234,47.706,25.904,26.632,0.0,LO
1429,1440,0.0,22.885,255.327,221.029,127.595,86.687,66.458,0.0,LO
1429,1441,0.0,0.033,2.4720001,22.826,15.224,6.223,5.812,0.0,LO
1429,1445,0.0,8.783,61.209,56.231,48.057,20.257,22.1,0.0,LO
1429,1448,0.0,0.0,73.26,37.458,34.093,16.754,11.667,0.0,LO
1429,1449,0.0,0.989,14.345,10.786,8.867,7.74,4.506,0.0,LO
1429,1452,0.0,2.636,30.097,16.429,7.4249997,5.143,3.333,0.0,LO
1429,1455,0.0,1.408,0.402,1.711,1.221,0.215,0.132,0.0,LO
1429,1524,0.0,0.01,1.221,2.893,0.765,1.031,0.0,0.0,LO
1429,5345,0.0,0.0,0.09,1.837,1.016,0.47,0.57,0.0,LO
1429,5362,0.0,0.0,0.292,0.305,1.961,0.455,0.54,0.0,LO
1429,5376,0.0,0.373,0.0,0.527,1.227,0.378,0.157,0.0,LO
1429,5378,0.0,0.0,0.015,0.008,0.0,0.0,0.0,0.0,LO
1429,5423,0.0,0.0,0.0,0.922,0.149,0.03,0.338,0.0,LO
1429,5595,0.0,2.556,16.903,19.284,13.166,10.835,7.58,0.0,LO
1429,6914,0.0,0.078,0.211,0.724,0.955,0.912,0.0,0.0,LO
1429,6919,0.0,0.1,1.414,0.733,1.623,1.256,0.284,0.0,LO
1429,6941,0.0,0.0,0.194,1.062,1.1439999,0.437,0.094,0.0,LO
1429,6954,0.0,0.0,1.274,1.0,2.16,0.537,0.45000002,0.0,LO
1429,6956,0.0,0.0,0.0,0.508,0.357,0.478,0.136,0.0,LO
1429,6973,0.0,0.007,1.566,2.515,1.427,0.741,0.408,0.0,LO
1429,6977,0.0,0.16600001,13.275,71.628,30.103,23.444,12.564,0.0,LO
1429,6978,0.0,2.308,61.804,67.465,43.99,64.178,34.939,0.0,LO
1429,6979,0.0,0.959,44.317,130.133,81.961,59.716,28.004,0.0,LO
1429,9586,0.0,0.776,20.708,6.949,3.156,2.374,1.504,0.0,LO
1429,9587,0.0,6.685,68.349,49.96,34.97,14.534,4.134,0.0,LO
1434,591,0.0,1.6689999,3.688,1.471,0.819,0.007,0.0,0.0,LO
1434,596,0.0,6.538,20.361,12.915,7.047,2.3270001,0.451,0.0,LO
1434,597,0.0,2.015,69.125,45.747,19.317,10.472,1.352,0.0,LO
1434,603,0.0,0.083,0.159,0.78999996,0.965,0.0,0.574,0.0,LO
1434,617,0.0,0.911,6.4769998,4.698,3.417,1.8429999,0.022,0.0,LO
1434,618,0.0,0.368,7.339,2.007,1.057,2.4650002,0.0,0.0,LO
1434,620,0.0,3.004,7.565,9.884,7.402,3.662,0.15,0.0,LO
1434,621,0.0,0.409,1.215,2.431,0.7,0.032,0.0,0.0,LO
1434,659,0.0,0.0,5.927,4.25,4.2009997,2.203,0.498,0.0,LO
1434,680,0.0,12.714,43.051,35.924,16.457,12.361,1.439,0.0,LO
1434,686,0.0,0.711,6.829,6.632,1.878,5.397,0.362,0.0,LO
1434,709,0.0,0.0,3.897,8.715,6.445,0.984,1.0519999,0.0,LO
1434,717,0.0,3.513,13.676,12.635,7.13,3.206,0.282,0.0,LO
1434,751,0.0,5.179,26.462,34.859,17.0,9.057,4.007,0.0,LO
1434,755,0.0,0.45700002,3.742,0.253,0.384,0.814,0.0,0.0,LO
1434,766,0.0,2.204,12.802,6.928,3.4160001,1.655,0.662,0.0,LO
1434,1395,0.0,1.022,6.2070003,4.575,4.448,1.014,0.413,0.0,LO
1434,1398,0.0,0.002,0.619,1.937,1.789,1.354,0.08400001,0.0,LO
1434,1402,0.0,10.009,83.344,29.171,32.944,11.89,0.65999997,0.0,LO
1434,1404,0.0,0.148,3.231,4.192,1.362,1.915,0.089999996,0.0,LO
1434,1409,0.0,0.69,1.126,1.181,0.72900003,0.0,0.0,0.0,LO
1434,1413,0.0,0.12900001,3.848,1.897,0.969,0.549,0.0,0.0,LO
1434,1415,0.0,18.050999,4.234,4.947,1.85,1.789,0.0,0.0,LO
1434,1440,0.0,1.657,0.741,0.40699998,0.0,0.0,0.0,0.0,LO
1434,1442,0.0,2.689,8.316,30.843,14.569,7.316,0.075,0.0,LO
1434,1444,0.0,6.841,29.837,21.682,15.632999,8.817,1.175,0.0,LO
1434,1451,0.0,0.834,0.591,2.788,0.268,0.006,0.0,0.0,LO
1434,1452,0.0,0.744,4.7860003,2.5509999,1.485,0.098,0.255,0.0,LO
1434,1455,0.0,7.9319997,75.141,46.207,15.613,15.293,5.655,0.0,LO
1434,5595,0.0,1.99,6.715,3.218,2.92,0.601,0.003,0.0,LO
1434,9587,0.0,0.512,10.75,6.657,4.318,1.715,0.003,0.0,LO
1437,514,0.0,2.721,2.807,3.121,6.392,3.406,0.47,0.0,LO
1437,522,0.0,0.511,1.829,0.366,0.796,0.68,0.371,0.0,LO
1437,591,0.0,20.408,167.187,48.458,49.271,20.121,5.658,0.0,LO
1437,596,0.0,0.514,2.509,0.883,0.68799996,0.559,0.289,0.0,LO
1437,597,0.0,0.155,0.227,1.101,0.594,0.254,0.163,0.0,LO
1437,603,0.0,15.817,78.354,64.157,81.228,43.027,13.155,0.0,LO
1437,618,0.0,7.949,77.412,33.377,11.365,9.066,1.084,0.0,LO
1437,621,0.0,1.999,15.597,26.73,19.802,5.477,1.388,0.0,LO
1437,659,0.0,0.349,0.23,0.147,0.65099996,0.501,0.124,0.0,LO
1437,686,0.0,26.293,112.6,60.669,48.024,27.081,10.702,0.0,LO
1437,717,0.0,1.0220001,1.018,0.806,0.765,0.928,0.198,0.0,LO
1437,719,0.0,27.111,37.069,46.598,61.346,21.046,5.946,0.0,LO
1437,751,0.0,0.209,0.542,3.287,3.426,1.097,0.78400004,0.0,LO
1437,755,0.0,27.937,82.861,38.141,31.394,14.715,2.375,0.0,LO
1437,763,0.0,1.052,1.845,2.85,2.894,0.709,0.169,0.0,LO
1437,766,0.0,9.718,51.634,40.949,39.171,17.459,8.631,0.0,LO
1437,1022,0.0,0.29299998,3.444,3.084,3.14,1.934,0.393,0.0,LO
1437,1023,0.0,0.96099997,6.0,3.765,3.439,2.689,0.865,0.0,LO
1437,1024,0.0,1.2260001,5.722,3.651,2.372,2.325,0.49,0.0,LO
1437,1402,0.0,0.207,4.497,2.63,2.43,0.661,0.281,0.0,LO
1437,1404,0.0,6.445,78.522,59.665,75.091,38.823,15.595,0.0,LO
1437,1409,0.0,4.074,83.653,29.435,20.745,12.589,5.228,0.0,LO
1437,1413,0.0,7.414,140.80501,105.686,22.91,15.515,2.715,0.0,LO
1437,1421,0.0,3.351,172.398,78.604,131.84,44.955,10.275,0.0,LO
1437,1429,0.0,5.329,30.461,46.224,25.161,22.341,7.489,0.0,LO
1437,1438,0.0,0.379,27.317,18.486,15.564,5.731,1.941,0.0,LO
1437,1439,0.0,8.702,33.635,12.027,10.781,5.832,1.744,0.0,LO
1437,1440,0.0,12.944,74.78,61.89,35.191,22.497,6.194,0.0,LO
1437,1441,0.0,0.342,10.908,6.592,6.5950003,2.79,2.146,0.0,LO
1437,1445,0.0,0.416,19.848,20.079,15.402,6.854,0.916,0.0,LO
1437,1448,0.0,0.01,46.697,39.887,43.85,17.113,7.608,0.0,LO
1437,1449,0.0,0.623,9.021,6.647,3.717,3.019,0.862,0.0,LO
1437,1452,0.0,8.017,107.573,52.461,40.75,26.567,8.537,0.0,LO
1437,1455,0.0,0.015000001,0.12,1.027,1.098,0.294,0.103,0.0,LO
1437,1524,0.0,1.745,13.625,7.662,8.08,4.92,1.749,0.0,LO
1437,5421,0.0,0.105,0.462,0.428,0.266,0.174,0.0,0.0,LO
1437,5595,0.0,41.529,61.873,41.192,28.167,22.093,4.735,0.0,LO
1437,6913,0.0,0.054,0.496,0.31100002,0.0,0.29,0.17300001,0.0,LO
1437,6914,0.0,0.0,0.095,0.352,0.227,0.042,0.168,0.0,LO
1437,6941,0.0,0.313,0.177,0.208,0.0,0.747,0.18,0.0,LO
1437,6947,0.0,2.1,0.374,0.144,0.0,0.104,0.01,0.0,LO
1437,6954,0.0,0.0050000004,0.444,0.30900002,0.296,0.141,0.062,0.0,LO
1437,6956,0.0,0.003,0.402,0.612,0.0,0.212,0.111,0.0,LO
1437,6959,0.0,0.035,0.308,0.37100002,0.0,0.275,0.052,0.0,LO
1437,6972,0.0,0.006,0.241,0.268,0.0,0.594,0.136,0.0,LO
1437,6977,0.0,4.507,24.985,23.46,17.932,17.785,4.547,0.0,LO
1437,6978,0.0,2.359,12.301,4.171,4.282,2.71,1.381,0.0,LO
1437,6979,0.0,1.783,16.017,8.477,9.341,6.62,1.591,0.0,LO
1437,7401,0.0,0.57,5.277,7.119,8.078,5.461,0.378,0.0,LO
1437,7402,0.0,0.156,1.495,2.293,3.688,2.292,0.537,0.0,LO
1437,7403,0.0,0.0,1.423,0.72,1.027,0.758,0.009000001,0.0,LO
1437,7404,0.0,0.108,2.086,2.369,4.032,2.8860002,0.765,0.0,LO
1437,7406,0.0,0.62,8.836,7.0099998,5.2920003,4.217,0.764,0.0,LO
1437,7407,0.0,3.266,3.339,7.386,3.249,2.813,2.657,0.0,LO
1437,7408,0.0,0.237,1.103,1.606,2.6499999,1.658,0.176,0.0,LO
1437,7467,0.0,0.0,1.417,2.455,1.971,1.278,0.199,0.0,LO
1437,9586,0.0,7.6480002,85.967,25.069,15.774,10.643,3.692,0.0,LO
1437,9587,0.0,26.808,125.537,94.443,79.437996,32.629,8.229,0.0,LO
1438,514,0.0,0.0,0.401,2.303,5.134,1.336,0.469,0.0,LO
1438,522,0.0,0.18,1.317,0.45,0.642,0.076,0.051999997,0.0,LO
1438,591,0.0,3.236,49.35,21.374,20.613,8.988,0.92300004,0.0,LO
1438,596,0.0,0.98,2.032,0.906,0.855,0.302,0.0,0.0,LO
1438,597,0.0,0.17300001,0.255,1.25,2.159,0.19500001,0.0,0.0,LO
1438,603,0.0,4.305,43.815,61.702,79.046,23.019,3.827,0.0,LO
1438,618,0.0,1.072,21.192,20.099,16.053,3.002,1.072,0.0,LO
1438,620,0.0,0.0,0.014,0.948,1.786,0.543,0.141,0.0,LO
1438,621,0.0,0.52,7.827,12.824,6.528,1.939,0.505,0.0,LO
1438,659,0.0,0.0,0.314,1.854,4.649,0.342,0.0,0.0,LO
1438,680,0.0,0.0,0.017,0.25100002,0.0,0.0,0.0,0.0,LO
1438,686,0.0,0.904,42.856,37.157,37.363,10.647,1.952,0.0,LO
1438,709,0.0,0.0,0.23300001,3.837,6.822,0.095,0.114999995,0.0,LO
1438,717,0.0,0.0,0.159,0.604,2.059,0.229,0.089,0.0,LO
1438,719,0.0,3.095,19.094,37.699,48.239998,12.399,2.626,0.0,LO
1438,751,0.0,0.197,0.676,5.267,9.978,1.194,0.286,0.0,LO
1438,755,0.0,5.417,40.34,33.437,34.241,9.234,0.921,0.0,LO
1438,763,0.0,0.53000003,1.876,2.649,1.437,0.467,0.501,0.0,LO
1438,766,0.0,3.195,19.967,40.763,36.78,5.275,4.157,0.0,LO
1438,1022,0.0,0.307,2.079,2.228,2.757,3.073,0.583,0.0,LO
1438,1023,0.0,0.336,5.87,5.606,4.422,1.754,0.15200001,0.0,LO
1438,1024,0.0,0.75,6.679,9.017,6.099,2.6169999,0.34600002,0.0,LO
1438,1404,0.0,0.136,15.656,23.086,26.89,7.531,1.177,0.0,LO
1438,1409,0.0,1.192,35.976,21.775,18.912,5.696,1.024,0.0,LO
1438,1413,0.0,0.648,59.373,62.369,18.38,10.937,1.229,0.0,LO
1438,1421,0.0,2.73,47.964,45.222,34.961,6.706,0.552,0.0,LO
1438,1429,0.0,0.191,5.539,23.299,23.819,12.419,3.4129999,0.0,LO
1438,1437,0.0,10.338,27.162,79.475,62.303,13.776999,3.974,0.0,LO
1438,1439,0.0,0.316,10.988,11.859,12.167,2.272,0.681,0.0,LO
1438,1440,0.0,2.849,38.152,44.766,33.919,10.937,2.0709999,0.0,LO
1438,1441,0.0,0.334,2.8,10.433,8.318,3.828,1.518,0.0,LO
1438,1445,0.0,4.092,52.73,48.159,29.817,10.081,1.057,0.0,LO
1438,1448,0.0,0.0,10.441,18.689,10.22,4.8719997,0.28,0.0,LO
1438,1449,0.0,0.131,3.862,5.03,4.703,2.375,0.13,0.0,LO
1438,1452,0.0,0.59000003,23.405,15.129,8.345,5.226,1.101,0.0,LO
1438,1455,0.0,0.060000002,0.954,0.88,0.155,0.006,0.128,0.0,LO
1438,1524,0.0,0.902,2.027,5.272,4.664,3.327,0.927,0.0,LO
1438,5423,0.0,0.0050000004,0.49400002,5.251,4.9769998,0.772,0.0050000004,0.0,LO
1438,5595,0.0,5.094,34.443,39.475998,50.326,14.82,2.933,0.0,LO
1438,6941,0.0,0.0,0.045,1.566,0.0,0.349,0.102,0.0,LO
1438,6977,0.0,0.508,10.314,16.912,21.645,8.845,3.48,0.0,LO
1438,6978,0.0,0.305,3.0939999,4.644,6.719,2.325,0.585,0.0,LO
1438,6979,0.0,0.0,3.238,3.731,8.436,5.641,0.91499996,0.0,LO
1438,7401,0.0,0.0,0.527,4.777,9.948999,3.379,0.248,0.0,LO
1438,7402,0.0,0.228,0.513,2.794,3.497,2.11,0.269,0.0,LO
1438,7404,0.0,0.002,0.736,2.315,4.915,1.052,0.196,0.0,LO
1438,7406,0.0,0.004,4.31,7.724,10.352,2.378,0.215,0.0,LO
1438,7407,0.0,0.0,0.0,1.502,5.9230003,2.453,0.016,0.0,LO
1438,7467,0.0,0.0,0.015000001,1.724,3.013,0.616,0.015000001,0.0,LO
1438,9586,0.0,0.476,10.166,9.5,8.983,1.748,0.622,0.0,LO
1438,9587,0.0,4.506,53.542,83.188,88.988,23.466,2.748,0.0,LO
1439,514,0.0,0.215,0.261,1.116,3.078,0.996,0.317,0.0,LO
1439,591,0.0,0.85899997,9.546,4.089,6.533,2.157,0.244,0.0,LO
1439,596,0.0,0.238,0.516,1.49,0.639,0.502,0.249,0.0,LO
1439,597,0.0,0.08,0.106,0.656,1.092,0.627,0.125,0.0,LO
1439,603,0.0,4.025,44.439,74.665,71.237,19.004,9.191,0.0,LO
1439,618,0.0,0.087,9.078,6.296,2.467,1.973,0.0,0.0,LO
1439,620,0.0,0.0,0.052,0.27199998,1.089,0.537,0.0,0.0,LO
1439,621,0.0,0.035,1.38,6.045,5.079,1.502,0.456,0.0,LO
1439,659,0.0,0.0,0.344,0.416,1.526,0.299,0.162,0.0,LO
1439,686,0.0,1.0389999,11.198,14.644,15.133,5.188,2.201,0.0,LO
1439,709,0.0,0.0,0.177,0.363,2.74,0.338,0.0,0.0,LO
1439,717,0.0,0.165,1.262,1.061,0.735,0.714,0.0,0.0,LO
1439,719,0.0,26.089,125.693,291.072,466.647,106.939,38.778,0.0,LO
1439,751,0.0,0.208,0.123,3.088,6.7,1.164,1.126,0.0,LO
1439,755,0.0,0.295,3.246,1.722,0.899,1.0009999,0.341,0.0,LO
1439,763,0.0,0.099,6.018,7.797,32.624,4.506,0.881,0.0,LO
1439,766,0.0,2.548,14.809,17.769,37.872,9.27,3.1069999,0.0,LO
1439,788,0.0,0.322,4.091,2.979,2.673,1.381,0.222,0.0,LO
1439,1022,0.0,0.0,2.337,7.286,5.755,3.132,0.81,0.0,LO
1439,1023,0.0,0.585,7.597,3.185,5.947,5.252,0.741,0.0,LO
1439,1024,0.0,0.394,18.208,14.816,11.291,8.282,1.186,0.0,LO
1439,1039,0.0,0.0,1.0600001,1.696,2.126,0.748,0.0,0.0,LO
1439,1082,0.0,0.036,2.692,1.995,4.1809998,0.988,0.439,0.0,LO
1439,1083,0.0,0.044999998,0.0,0.382,0.85499996,0.384,0.051,0.0,LO
1439,1085,0.0,0.7,2.415,1.336,1.9350001,0.663,0.0,0.0,LO
1439,1404,0.0,0.374,5.295,6.802,15.81,4.79,1.0239999,0.0,LO
1439,1409,0.0,1.238,17.191,12.375,8.264,3.836,1.766,0.0,LO
1439,1413,0.0,1.178,38.885,27.152,10.549,3.813,3.632,0.0,LO
1439,1421,0.0,3.951,19.961,22.102,68.957,12.93,5.757,0.0,LO
1439,1429,0.0,1.0910001,24.65,63.455,74.706,41.685,12.992,0.0,LO
1439,1437,0.0,0.703,4.592,13.302,21.116,6.532,3.757,0.0,LO
1439,1438,0.0,0.283,13.101,8.229,9.006,4.321,3.73,0.0,LO
1439,1440,0.0,0.927,17.95,33.8,19.06,10.655,5.049,0.0,LO
1439,1441,0.0,0.0,8.918,24.257,22.712,10.339,3.623,0.0,LO
1439,1445,0.0,0.95,38.769,22.524,25.107,5.168,5.037,0.0,LO
1439,1448,0.0,0.0,7.902,11.3880005,28.085,4.178,2.535,0.0,LO
1439,1449,0.0,0.029,2.332,3.487,2.318,1.353,1.199,0.0,LO
1439,1452,0.0,1.278,11.031,6.77,8.128,2.029,0.0,0.0,LO
1439,5345,0.0,0.0,2.005,4.168,3.769,0.72900003,0.528,0.0,LO
1439,5362,0.0,0.0,0.985,2.069,2.352,0.394,0.16,0.0,LO
1439,5404,0.0,0.0,1.188,2.54,3.996,0.676,0.388,0.0,LO
1439,5418,0.0,0.0,1.775,0.866,3.01,1.247,0.0,0.0,LO
1439,5423,0.0,0.0,0.306,0.794,0.94,0.503,0.069,0.0,LO
1439,5437,0.0,0.0,0.269,1.633,2.341,0.867,0.183,0.0,LO
1439,5595,0.0,0.951,4.094,4.031,7.209,1.8,0.68700004,0.0,LO
1439,6919,0.0,0.127,0.18800001,0.695,0.114,0.087000005,0.0,0.0,LO
1439,6926,0.0,0.0,0.0,0.358,0.921,1.021,0.08,0.0,LO
1439,6941,0.0,0.003,0.096,0.018000001,0.0,0.096,0.002,0.0,LO
1439,6961,0.0,0.0,0.287,1.112,1.2260001,0.649,0.421,0.0,LO
1439,6962,0.0,0.0,2.399,0.74,1.113,0.651,0.0,0.0,LO
1439,6977,0.0,1.413,29.364,45.027,59.427002,40.045002,10.497,0.0,LO
1439,6978,0.0,1.757,16.206,16.987,14.83,12.892,5.65,0.0,LO
1439,6979,0.0,0.478,15.1779995,20.679,36.776,17.999,9.4470005,0.0,LO
1439,9586,0.0,0.376,4.151,3.844,3.6200001,1.563,0.0,0.0,LO
1439,9587,0.0,0.987,11.324,12.331,8.205,1.5600001,0.40800002,0.0,LO
1440,514,0.0,0.227,2.087,6.834,26.772001,6.932,0.955,0.0,LO
1440,522,0.0,0.0,0.044,0.057000004,0.0,0.638,0.0,0.0,LO
1440,591,0.0,2.307,37.156998,18.195,37.086998,10.213,4.05,0.0,LO
1440,596,0.0,0.40399998,1.605,1.597,0.825,1.863,0.965,0.0,LO
1440,597,0.0,0.0,0.472,1.52,3.703,1.033,0.093,0.0,LO
1440,603,0.0,8.224,73.561,224.194,355.533,155.372,58.643,0.0,LO
1440,618,0.0,0.065,24.003,19.316,12.393,6.401,1.647,0.0,LO
1440,620,0.0,0.0,0.08,0.91899997,2.377,0.558,0.283,0.0,LO
1440,621,0.0,0.149,4.282,15.774,12.747,4.482,3.853,0.0,LO
1440,659,0.0,0.126,0.424,0.874,2.776,1.416,0.616,0.0,LO
1440,686,0.0,3.053,27.928,38.039,62.822,21.852,16.738,0.0,LO
1440,709,0.0,0.0,0.299,1.678,4.34,0.967,0.355,0.0,LO
1440,717,0.0,1.135,0.718,1.7,1.283,2.219,1.042,0.0,LO
1440,719,0.0,52.269,200.667,506.466,878.51,350.978,148.857,0.0,LO
1440,751,0.0,0.0,1.038,6.536,15.201,5.5169997,1.199,0.0,LO
1440,755,0.0,0.73,10.045,8.088,10.205,6.05,0.81700003,0.0,LO
1440,763,0.0,1.804,11.087,13.148,51.766,10.624,5.242,0.0,LO
1440,766,0.0,9.806,34.482,41.805,90.448,37.24,23.552,0.0,LO
1440,788,0.0,1.2179999,4.033,3.2680001,4.559,1.783,0.884,0.0,LO
1440,1022,0.0,0.087,5.045,11.779,18.817,11.609,4.422,0.0,LO
1440,1023,0.0,0.44300002,12.084,12.106,13.491,8.14,3.365,0.0,LO
1440,1024,0.0,0.47800002,21.611,29.746,22.637001,14.801001,3.076,0.0,LO
1440,1039,0.0,0.0,0.186,3.825,3.787,1.32,0.016,0.0,LO
1440,1082,0.0,1.528,3.309,2.704,5.182,1.254,1.454,0.0,LO
1440,1083,0.0,0.046,0.221,0.495,1.237,0.393,0.262,0.0,LO
1440,1085,0.0,1.9810001,5.076,2.491,2.931,1.309,0.812,0.0,LO
1440,1398,0.0,0.0,0.103,1.525,2.347,1.068,0.007,0.0,LO
1440,1404,0.0,2.832,16.596,19.187,45.071,17.68,12.872,0.0,LO
1440,1409,0.0,0.955,16.136,32.116,16.004,16.484,7.093,0.0,LO
1440,1413,0.0,0.492,31.622,55.547,15.089,15.051,3.083,0.0,LO
1440,1421,0.0,7.407,63.543,100.533,201.169,72.153,31.934,0.0,LO
1440,1429,0.0,4.469,70.506,206.45,202.733,138.092,89.859,0.0,LO
1440,1437,0.0,1.556,17.615,51.295,62.348,32.118,16.163,0.0,LO
1440,1438,0.0,2.6529999,25.409,32.535,40.273,16.107,9.467,0.0,LO
1440,1439,0.0,2.56,13.284,24.634,25.675,13.589,3.726,0.0,LO
1440,1441,0.0,0.534,17.111,57.075,75.425,40.639,20.276,0.0,LO
1440,1442,0.0,0.012,0.361,1.735,0.899,0.29500002,0.142,0.0,LO
1440,1443,0.0,0.0,1.06,2.641,5.449,1.233,0.746,0.0,LO
1440,1445,0.0,2.384,43.478,66.636,89.526,26.183,9.42,0.0,LO
1440,1448,0.0,0.0,29.363,45.001,82.985,41.074,13.339,0.0,LO
1440,1449,0.0,0.028,5.018,5.289,7.157,3.955,0.635,0.0,LO
1440,1452,0.0,1.507,24.258,12.708,30.05,10.354,6.778,0.0,LO
1440,1524,0.0,0.0,0.215,1.926,2.012,1.465,0.282,0.0,LO
1440,5345,0.0,0.0,5.653,5.791,9.205,3.1430001,0.92700005,0.0,LO
1440,5356,0.0,0.0,0.021,2.813,6.257,1.109,1.217,0.0,LO
1440,5362,0.0,0.271,1.584,4.635,5.437,2.735,0.616,0.0,LO
1440,5376,0.0,0.472,0.072000004,0.64100003,1.108,0.841,0.249,0.0,LO
1440,5397,0.0,0.0,0.001,1.09,3.211,0.637,0.133,0.0,LO
1440,5404,0.0,0.296,1.405,2.56,6.862,1.96,0.88,0.0,LO
1440,5411,0.0,0.0,1.0749999,1.957,1.867,0.418,0.0050000004,0.0,LO
1440,5418,0.0,0.19,1.503,1.71,4.789,1.058,1.117,0.0,LO
1440,5423,0.0,0.0,0.468,0.444,1.2160001,0.811,0.215,0.0,LO
1440,5424,0.0,0.0,0.0,0.785,0.45499998,0.519,0.265,0.0,LO
1440,5437,0.0,0.588,1.62,1.164,3.719,1.7260001,0.964,0.0,LO
1440,5595,0.0,2.9320002,8.393,9.526,12.887,5.605,1.771,0.0,LO
1440,6814,0.0,0.0,0.0,0.091,0.0,0.045,0.036,0.0,LO
1440,6913,0.0,0.0,0.008,0.545,0.0,0.273,0.053999998,0.0,LO
1440,6914,0.0,0.199,0.0,0.861,1.844,0.751,0.298,0.0,LO
1440,6919,0.0,0.0,0.031,0.859,0.97,1.188,0.17,0.0,LO
1440,6926,0.0,0.766,0.605,0.366,2.4520001,0.972,0.113000005,0.0,LO
1440,6941,0.0,0.002,0.289,0.674,0.0,1.098,0.28,0.0,LO
1440,6947,0.0,0.0,0.20099999,0.341,0.0,0.302,0.13800001,0.0,LO
1440,6952,0.0,0.024,0.38799998,0.862,0.0,0.643,0.01,0.0,LO
1440,6954,0.0,0.0,0.108,1.262,0.481,0.368,0.27,0.0,LO
1440,6956,0.0,0.081,0.266,0.864,0.0,0.191,0.054,0.0,LO
1440,6958,0.0,0.001,0.085999995,0.215,0.0,0.120000005,0.167,0.0,LO
1440,6959,0.0,0.0,0.065,0.745,0.0,0.401,0.126,0.0,LO
1440,6961,0.0,1.309,0.735,1.436,3.018,1.554,0.519,0.0,LO
1440,6962,0.0,0.0,3.01,1.7049999,1.691,0.709,0.147,0.0,LO
1440,6972,0.0,0.003,0.709,0.59499997,0.0,0.758,0.299,0.0,LO
1440,6973,0.0,0.0,0.002,0.409,1.122,0.625,0.44,0.0,LO
1440,6977,0.0,6.4639997,91.096,138.218,192.578,110.039,55.028,0.0,LO
1440,6978,0.0,3.997,47.166,41.761,61.749,37.738,27.68,0.0,LO
1440,6979,0.0,2.324,48.91,67.561,96.163,70.889,38.252,0.0,LO
1440,7401,0.0,0.0,0.0,4.034,3.48,0.829,0.002,0.0,LO
1440,7402,0.0,0.204,0.91,1.365,9.336,2.086,0.211,0.0,LO
1440,7403,0.0,0.0,0.678,0.768,4.465,2.076,0.106,0.0,LO
1440,7406,0.0,0.0,0.0,3.881,4.137,3.67,0.481,0.0,LO
1440,7407,0.0,1.824,3.732,1.38,3.771,2.836,0.437,0.0,LO
1440,7408,0.0,0.0,0.006,0.83,4.3450003,1.202,0.083,0.0,LO
1440,7467,0.0,0.35,0.481,0.833,5.544,0.49199998,0.006,0.0,LO
1440,9586,0.0,1.043,12.549,7.644,9.089,6.949,1.3149999,0.0,LO
1440,9587,0.0,2.224,31.458,31.094,53.208,22.035,1.59,0.0,LO
1441,591,0.0,2.618,21.749,3.988,3.502,1.383,0.519,0.0,LO
1441,596,0.0,0.139,1.235,0.327,0.328,0.309,0.074999996,0.0,LO
1441,597,0.0,0.034,0.074,0.261,0.569,0.077,0.111999996,0.0,LO
1441,603,0.21599999,46.54,493.031,385.59,241.303,92.9,34.919,1.885,LO
1441,618,0.0,0.489,19.785,7.724,3.65,1.442,0.339,0.0,LO
1441,621,0.0,0.621,3.215,8.292,3.591,0.663,0.337,0.0,LO
1441,686,0.0,2.158,18.456,12.204,12.068,3.542,0.896,0.0,LO
1441,698,0.0,0.0,0.0,0.0,0.0,0.0,0.013,0.0,LO
1441,717,0.0,1.045,1.08,0.137,0.44,0.072,0.0,0.0,LO
1441,719,0.0,33.107,272.755,301.073,238.307,84.805,40.018,0.0,LO
1441,742,0.0,0.031,0.0,0.120000005,0.029,0.044,0.029,0.0,LO
1441,751,0.0,0.096,2.416,1.082,2.634,0.0,0.085,0.0,LO
1441,755,0.0,2.1920002,10.764,4.8650002,2.996,0.974,0.657,0.0,LO
1441,763,0.527,9.246,183.952,80.893,63.854,24.07,13.657,0.865,LO
1441,766,0.0,5.386,18.593,9.286,15.984,3.9720001,1.459,0.0,LO
1441,788,0.689,13.927,126.062,37.174,28.425,14.471,6.155,1.147,LO
1441,1022,0.136,0.504,7.108,13.714,4.813,5.702,1.411,0.146,LO
1441,1023,0.0,1.103,28.378,18.97,13.446,12.277,6.095,0.68,LO
1441,1024,1.145,7.946,227.43001,103.107,45.432,31.204,11.068,1.809,LO
1441,1039,0.0,0.0,6.455,4.262,6.019,2.511,1.6370001,0.484,LO
1441,1082,0.04,13.274,122.419,42.693,37.568,14.542,7.08,0.41,LO
1441,1083,0.066,0.063999996,0.469,0.56700003,1.821,1.817,1.026,0.713,LO
1441,1085,0.0,0.45499998,12.366,4.731,4.054,2.865,0.798,0.0,LO
1441,1404,0.0,0.697,9.914,4.323,5.908,2.895,1.5649999,0.0,LO
1441,1409,0.0,1.2770001,44.466,17.669,6.315,5.5690002,2.146,0.0,LO
1441,1413,0.0,1.502,47.385,36.996,9.608,5.514,3.908,0.0,LO
1441,1421,0.0,5.396,43.428,26.602,38.832,11.114,11.726,0.0,LO
1441,1429,0.0,0.079,3.504,19.96,7.629,3.701,1.538,0.0,LO
1441,1437,0.0,1.348,6.29,6.848,9.261,2.775,2.367,0.0,LO
1441,1438,0.0,0.216,16.205,8.189,9.69,3.889,3.829,0.0,LO
1441,1439,0.0,1.239,37.412,33.548,16.83,4.938,5.017,0.0,LO
1441,1440,0.0,7.654,117.969,74.109,34.66,23.694,9.702,0.0,LO
1441,1443,0.0,0.31,4.722,13.795,5.606,5.3190002,2.398,1.29,LO
1441,1445,0.0,2.694,57.196,22.546,14.149,5.456,4.125,0.0,LO
1441,1448,0.0,0.0,26.504,12.667,11.557,6.18,1.653,0.0,LO
1441,1449,0.0,0.266,6.426,4.129,2.989,2.633,1.684,0.0,LO
1441,1452,0.0,2.053,18.874,3.147,2.069,0.686,0.958,0.0,LO
1441,5150,0.0,0.006,2.26,2.885,2.371,0.547,0.113000005,0.0,LO
1441,5345,0.155,1.074,17.297,15.2630005,12.783999,7.028,7.655,3.504,LO
1441,5356,0.0,0.29500002,3.355,4.017,5.913,2.532,3.051,0.0,LO
1441,5362,0.0,0.23,5.176,3.423,4.945,2.816,2.836,0.0,LO
1441,5376,0.0,0.225,5.208,1.505,2.2,0.781,0.413,0.0,LO
1441,5378,0.0,0.758,2.287,1.993,2.516,1.217,0.307,0.0,LO
1441,5397,0.0,0.108,0.921,1.663,2.474,0.344,0.298,0.0,LO
1441,5404,0.0,0.3,5.509,6.275,6.464,4.588,3.009,0.0,LO
1441,5411,0.0,1.718,7.078,5.143,2.1430001,2.133,1.064,0.0,LO
1441,5418,0.0,0.132,3.516,4.279,4.982,2.707,1.737,0.0,LO
1441,5421,0.0,0.0,0.0,0.0,0.0,0.0,1.895,0.0,LO
1441,5423,0.0,0.0,0.0,0.0,0.0,0.0,22.524,0.0,LO
1441,5424,0.0,0.0,0.0,0.0,0.0,0.0,3.789,0.0,LO
1441,5437,0.0,0.183,3.628,4.015,3.397,1.537,1.328,0.0,LO
1441,5595,0.0,0.364,13.42,6.282,6.293,2.997,0.963,0.0,LO
1441,6941,0.0,0.0,0.294,0.022,0.269,0.254,0.0,0.0,LO
1441,6954,0.0,0.063,0.30900002,0.391,0.412,0.229,0.367,0.0,LO
1441,6977,0.0,1.199,18.853,26.398,14.747,12.558,4.902,0.0,LO
1441,6978,0.0,0.718,30.383,20.642,11.071,16.077,8.991,0.0,LO
1441,6979,0.0,0.53,23.326,22.636,15.32,14.351,3.9390001,0.0,LO
1441,9586,0.0,0.348,11.107,1.997,1.803,0.83,1.223,0.0,LO
1441,9587,0.0,1.03,52.761,10.823,9.854,3.621,0.854,0.0,LO
1442,514,0.0,0.072,0.22,0.0,0.0,0.0,0.0,0.0,LO
1442,591,0.0,1.3770001,5.436,1.577,1.468,0.252,0.0,0.0,LO
1442,596,0.0,7.449,13.479,4.678,6.24,1.681,0.171,0.0,LO
1442,597,0.0,11.379,104.343,38.961002,29.696,8.537,2.826,0.0,LO
1442,603,0.0,0.582,1.189,0.509,1.012,0.23,0.0,0.0,LO
1442,617,0.0,1.877,7.653,3.384,2.639,1.28,0.0,0.0,LO
1442,618,0.0,1.423,7.4,4.36,1.422,0.024,0.0,0.0,LO
1442,620,0.0,9.974,37.214,23.279,22.602,5.6019998,1.553,0.0,LO
1442,621,0.0,0.227,2.364,0.92,1.735,0.269,0.0,0.0,LO
1442,659,0.0,0.938,12.521,3.134,3.872,0.947,0.342,0.0,LO
1442,680,0.0,51.639,103.677,60.361,38.782,7.807,1.109,0.0,LO
1442,686,0.0,2.423,3.188,3.484,1.849,0.32299998,0.0,0.0,LO
1442,709,0.0,3.32,4.778,5.334,6.87,1.372,0.574,0.0,LO
1442,717,0.0,5.953,10.284,3.537,6.343,1.751,0.17,0.0,LO
1442,719,0.0,1.004,1.484,1.017,1.657,0.404,0.0,0.0,LO
1442,751,0.0,10.869,42.690998,37.719,15.066,5.72,0.483,0.0,LO
1442,755,0.0,3.1529999,7.081,2.714,1.531,0.514,0.0,0.0,LO
1442,766,0.0,4.934,16.345,6.809,3.562,1.7820001,0.058,0.0,LO
1442,1395,0.0,21.478,182.641,13.456,12.299,2.947,0.853,0.0,LO
1442,1398,0.0,4.442,21.974,15.681,12.468,1.1800001,0.53000003,0.0,LO
1442,1402,0.0,60.933,345.186,191.653,97.224,34.622,11.749,0.0,LO
1442,1404,0.0,0.648,3.709,0.803,1.178,0.28,0.0,0.0,LO
1442,1409,0.0,0.962,1.948,0.793,0.337,0.0,0.0,0.0,LO
1442,1413,0.0,1.0929999,2.805,2.094,0.768,0.228,0.0,0.0,LO
1442,1415,0.0,28.342001,3.335,3.096,1.797,1.09,0.168,0.0,LO
1442,1421,0.0,0.742,4.366,2.525,1.266,0.0,0.0,0.0,LO
1442,1434,0.0,1.254,45.264,7.458,8.938,0.869,0.209,0.0,LO
1442,1440,0.0,2.366,2.213,0.462,0.411,0.0,0.0,0.0,LO
1442,1444,0.0,23.855,79.474,28.182001,25.055,5.152,3.444,0.0,LO
1442,1451,0.0,2.597,12.143,3.5180001,2.1890001,0.0,0.0,0.0,LO
1442,1455,0.0,33.386,121.561,146.48,58.981,22.702,3.549,0.0,LO
1442,5595,0.0,2.145,6.774,2.774,2.573,1.524,0.007,0.0,LO
1442,6977,0.0,0.199,1.048,0.399,1.992,0.0,0.0,0.0,LO
1442,9586,0.0,0.255,4.159,0.075,0.37,0.003,0.0,0.0,LO
1442,9587,0.0,1.557,17.211,6.27,3.994,0.85,0.003,0.0,LO
1443,591,0.0,0.053999998,1.536,0.319,0.314,0.351,0.228,0.0,LO
1443,596,0.0,0.074,0.091,0.227,0.029,0.0,0.035,0.0,LO
1443,603,20.114,55.072998,808.137,669.097,500.501,276.965,218.02,69.817,LO
1443,618,0.0,0.184,1.315,1.441,0.436,0.238,0.0,0.0,LO
1443,686,0.0,0.0,0.649,1.006,1.675,0.5,0.784,0.0,LO
1443,719,0.0,0.063,1.266,7.622,7.195,1.786,0.694,0.0,LO
1443,755,0.0,0.157,0.311,0.153,0.08,0.195,0.045,0.0,LO
1443,763,7.14,46.061,597.346,383.752,277.431,148.415,129.089,14.0199995,LO
1443,766,0.0,0.169,0.45,0.718,1.835,0.616,1.426,0.0,LO
1443,788,10.463,50.53,488.591,275.967,222.158,123.961,96.925,36.152,LO
1443,1022,0.56600004,0.841,14.252,40.35,20.689,14.098001,5.174,1.258,LO
1443,1023,2.72,0.587,46.53,59.724,36.545,30.363,18.073,4.063,LO
1443,1024,11.026,11.588,388.68,269.179,149.173,103.638,65.766,22.345001,LO
1443,1039,3.042,0.731,38.947,20.866,21.827,12.835,12.536,6.291,LO
1443,1082,4.4290004,46.807,395.05,182.251,162.34,69.518,65.669,8.142,LO
1443,1083,7.449,0.929,4.895,5.726,9.166,10.181,12.882,13.318,LO
1443,1085,1.257,4.669,33.692,21.745,14.285,9.572,11.534,4.4830003,LO
1443,1409,0.0,0.036,1.724,0.677,0.965,1.01,0.481,0.0,LO
1443,1413,0.0,0.0,2.511,1.855,1.333,1.3180001,0.394,0.0,LO
1443,1421,0.0,0.025,2.539,2.786,3.65,1.063,1.488,0.0,LO
1443,1437,0.0,0.0,0.0,0.842,0.421,0.355,0.809,0.0,LO
1443,1439,0.0,0.0,5.879,1.86,1.744,1.3019999,0.959,0.0,LO
1443,1440,0.0,0.365,5.181,6.108,3.671,2.956,1.107,0.0,LO
1443,1441,1.847,0.0,4.504,5.828,5.377,5.403,5.082,1.467,LO
1443,1445,0.0,0.227,2.465,1.3560001,1.424,0.695,0.227,0.0,LO
1443,1448,0.0,0.006,1.553,1.489,2.716,0.825,0.231,0.0,LO
1443,1449,0.0,0.103,0.488,0.25,0.329,0.355,0.187,0.0,LO
1443,5150,0.0,13.782,116.027,119.106,127.789,53.857,28.443,0.0,LO
1443,5301,0.0,0.977,37.976,10.579,18.362,12.453,5.561,0.0,LO
1443,5345,43.138,5.967,59.349,66.748,64.445,50.251,84.852,94.233,LO
1443,5356,0.0,1.543,12.656,16.113,29.757,20.232,25.344,0.0,LO
1443,5362,0.0,0.946,21.654,19.379,24.227,25.726,24.116,0.0,LO
1443,5372,0.0,0.622,3.508,10.681,4.3,4.785,7.157,0.0,LO
1443,5376,0.0,1.11,17.199,12.556,18.617,9.436,12.385,0.0,LO
1443,5378,0.0,1.266,8.21,6.742,6.079,4.09,5.483,0.0,LO
1443,5397,0.0,0.0,4.473,3.291,14.95,6.12,1.609,0.0,LO
1443,5404,0.0,1.817,21.674,24.867,39.439,33.545,30.717001,0.0,LO
1443,5411,0.0,5.601,53.981,44.857,37.075,26.98,15.627001,0.0,LO
1443,5418,0.0,0.183,11.153,11.872,20.178,14.602,20.602,0.0,LO
1443,5420,0.0,0.0,0.0,0.0,0.0,0.0,2.642,0.0,LO
1443,5421,0.0,3.7630002,87.697,44.413,39.496,33.600998,32.387,0.0,LO
1443,5423,0.0,3.194,71.77,65.537,75.108,73.334,78.336,0.0,LO
1443,5424,0.0,3.194,29.016,26.491,24.42,21.93,26.056,0.0,LO
1443,5437,0.0,2.034,17.294,19.684,30.529,19.993,18.035,0.0,LO
1443,5595,0.0,12.845,61.669,35.684002,40.211998,24.355,33.021,0.0,LO
1443,6978,0.0,0.0,0.352,0.829,1.285,0.936,0.70600003,0.0,LO
1443,6979,0.0,0.0,0.391,1.185,0.51,0.579,0.258,0.0,LO
1443,9587,0.0,0.019,1.077,1.331,1.902,1.724,0.0,0.0,LO
1444,591,0.0,0.06,7.824,4.857,4.305,2.544,0.095,0.0,LO
1444,596,0.0,42.168,99.211,55.982,86.763,39.317,37.995,0.0,LO
1444,597,0.0,7.819,41.089,71.626,5.306,28.647,10.5460005,0.0,LO
1444,617,0.0,2.724,34.016,80.673,147.261,82.297,61.771,0.0,LO
1444,618,0.0,0.126,7.704,10.031,3.363,1.812,1.395,0.0,LO
1444,620,0.0,1.4300001,5.277,15.197,25.321001,11.572,6.431,0.0,LO
1444,621,0.0,0.013,1.173,7.436,6.027,2.4819999,0.056,0.0,LO
1444,659,0.0,3.048,29.358,30.486,63.281002,25.041,16.736,0.0,LO
1444,680,0.0,11.866,61.651,124.039,214.748,102.037,91.044,0.0,LO
1444,686,0.0,0.401,2.667,6.06,6.926,3.431,1.298,0.0,LO
1444,709,0.0,0.642,4.355,32.086,78.701,36.15,18.26,0.0,LO
1444,717,0.0,19.616,49.7,45.332,92.264,36.888,29.504,0.0,LO
1444,751,0.0,27.781,108.46,147.897,174.219,94.38,86.306,0.0,LO
1444,766,0.0,16.529,83.87,89.832,140.061,82.417,63.469,0.0,LO
1444,1395,0.0,7.669,0.0,0.0,3.0,0.0,6.77,0.0,LO
1444,1398,0.0,0.41,10.805,37.911,76.172,39.732998,23.146,0.0,LO
1444,1402,0.0,0.0,0.0,0.0,0.003,0.0,0.058,0.0,LO
1444,1404,0.0,0.01,1.961,11.947,25.418,12.008,7.022,0.0,LO
1444,1415,0.0,70.824,126.442,139.179,190.068,82.246,34.001,0.0,LO
1444,1434,0.0,0.159,14.475,23.638,43.803,29.201,9.9470005,0.0,LO
1444,1442,0.0,32.053,23.631,45.509,79.993996,37.954,28.268,0.0,LO
1444,1451,0.0,4.246,67.111,80.119,94.443,56.126,18.568,0.0,LO
1444,1452,0.0,0.037,3.579,9.796,13.142,7.321,4.334,0.0,LO
1444,1455,0.0,7.355,32.174,37.443,30.048,24.334,19.841,0.0,LO
1444,9586,0.0,0.0050000004,2.484,4.139,2.344,1.619,1.211,0.0,LO
1444,9587,0.0,0.45499998,1.539,2.443,3.901,0.697,0.003,0.0,LO
1445,514,0.0,1.776,3.9650002,3.976,12.423,3.212,0.902,0.0,LO
1445,522,0.0,0.244,1.751,0.553,2.293,0.909,0.125,0.0,LO
1445,591,0.0,8.991,57.127,22.966,38.906,13.598,2.898,0.0,LO
1445,596,0.0,0.0,1.726,1.317,0.567,1.0339999,0.132,0.0,LO
1445,597,0.0,0.0,0.157,0.53,0.928,0.155,0.045,0.0,LO
1445,603,0.0,10.666,64.412,72.106,151.275,44.6,14.832,0.0,LO
1445,618,0.0,2.8830001,38.176,30.959,15.732,5.59,0.412,0.0,LO
1445,621,0.0,0.651,10.563,24.245,14.889,7.85,0.83,0.0,LO
1445,659,0.0,0.0,0.356,0.888,1.781,0.59000003,0.15,0.0,LO
1445,686,0.0,12.156,60.562,47.378,43.734,23.184,4.513,0.0,LO
1445,717,0.0,0.0,0.849,0.517,0.607,0.83500004,0.159,0.0,LO
1445,719,0.0,21.189,47.673,64.243004,158.293,44.582,9.305,0.0,LO
1445,751,0.0,0.0,0.117,2.5970001,5.172,0.495,0.658,0.0,LO
1445,755,0.0,10.111,34.317,25.064,24.163,11.587,1.572,0.0,LO
1445,763,0.0,0.503,3.825,4.712,3.093,1.377,0.669,0.0,LO
1445,766,0.0,5.004,34.715,28.004,47.892,21.503,11.389,0.0,LO
1445,1022,0.0,0.242,5.843,3.828,6.276,1.351,0.6,0.0,LO
1445,1023,0.0,0.273,4.584,3.538,3.133,1.343,0.298,0.0,LO
1445,1024,0.0,0.221,7.486,4.796,5.591,2.393,0.301,0.0,LO
1445,1404,0.0,2.234,20.147,21.03,41.724,12.415,4.274,0.0,LO
1445,1409,0.0,3.079,108.834,48.15,66.076004,16.814,7.389,0.0,LO
1445,1413,0.0,1.331,98.313,89.111,50.572,22.725,7.321,0.0,LO
1445,1421,0.0,0.519,75.8,31.130001,13.099,15.786,2.726,0.0,LO
1445,1429,0.0,3.366,35.57,51.706,49.095,27.063,10.333,0.0,LO
1445,1437,0.0,0.34,5.211,16.94,15.3619995,6.142,3.2319999,0.0,LO
1445,1438,0.0,0.793,26.539,37.863,57.818,12.874,5.782,0.0,LO
1445,1439,0.0,1.5040001,27.283,15.867,30.691,6.373,3.019,0.0,LO
1445,1440,0.0,11.75,78.682,55.494,40.346,17.055,5.123,0.0,LO
1445,1441,0.0,0.228,10.334,20.909,32.554,10.095,2.245,0.0,LO
1445,1443,0.0,0.0,0.345,0.718,2.526,0.23,0.226,0.0,LO
1445,1448,0.0,0.0,38.268,44.057,70.11,24.398,4.461,0.0,LO
1445,1449,0.0,0.595,17.871,13.37,8.304,4.052,0.913,0.0,LO
1445,1452,0.0,0.325,32.442,18.353,15.899,9.173,0.542,0.0,LO
1445,1524,0.0,0.61300004,7.505,8.905,10.011,3.204,0.63100004,0.0,LO
1445,5595,0.0,9.289,17.151001,20.916,28.926,11.777,3.464,0.0,LO
1445,6941,0.0,0.060999997,0.242,0.533,0.0,0.947,0.15900001,0.0,LO
1445,6956,0.0,0.0,0.007,0.36,0.0,0.259,0.05,0.0,LO
1445,6972,0.0,0.137,0.271,0.518,0.0,0.354,0.031999998,0.0,LO
1445,6977,0.0,4.993,35.945,33.993,38.438,23.557,4.528,0.0,LO
1445,6978,0.0,1.127,14.777,9.134,8.354,5.733,1.9,0.0,LO
1445,6979,0.0,0.245,14.141,14.551,16.344,16.06,3.768,0.0,LO
1445,7401,0.0,0.099,5.6809998,11.114,11.547,6.965,1.702,0.0,LO
1445,7402,0.0,0.001,1.6930001,3.805,9.994,3.3309999,0.80799997,0.0,LO
1445,7403,0.0,0.917,2.954,2.882,7.5559998,1.593,0.224,0.0,LO
1445,7404,0.0,0.104,0.987,4.114,11.346,2.2,0.136,0.0,LO
1445,7406,0.0,0.059,3.649,13.549,14.074,3.607,0.481,0.0,LO
1445,7407,0.0,0.0,5.571,7.772,11.033,4.318,4.928,0.0,LO
1445,7408,0.0,0.227,1.351,2.245,3.681,1.011,0.24599999,0.0,LO
1445,7467,0.0,0.0,0.0050000004,1.157,3.769,1.032,0.014,0.0,LO
1445,9586,0.0,3.286,28.432,10.04,8.382,3.74,1.572,0.0,LO
1445,9587,0.0,4.982,38.564,44.105,67.499,16.858,2.988,0.0,LO
1448,514,0.0,0.039,3.492,2.97,5.057,2.056,0.215,0.0,LO
1448,522,0.0,0.0,1.45,0.271,1.329,0.873,0.521,0.0,LO
1448,591,0.0,0.317,94.468,27.799,35.872,9.973001,1.773,0.0,LO
1448,596,0.0,0.0,1.477,1.212,0.963,0.352,0.134,0.0,LO
1448,597,0.0,0.006,0.225,1.036,1.515,1.329,0.096,0.0,LO
1448,603,0.0,2.098,108.409,77.123,119.528,37.062,5.909,0.0,LO
1448,618,0.0,0.0,45.194,17.726,10.277,5.995,0.438,0.0,LO
1448,620,0.0,0.0,0.348,0.65999997,2.2120001,0.742,0.107,0.0,LO
1448,621,0.0,0.029,13.417,15.443,8.937,3.069,0.373,0.0,LO
1448,659,0.0,0.0,0.452,1.13,0.904,0.182,0.046,0.0,LO
1448,680,0.0,0.0,0.183,2.15,0.336,0.208,0.0,0.0,LO
1448,686,0.0,0.468,106.624,58.287,67.765,17.262001,2.852,0.0,LO
1448,709,0.0,0.0,0.042,2.046,1.434,1.208,0.067999996,0.0,LO
1448,717,0.0,0.0,0.661,1.251,0.972,1.24,0.002,0.0,LO
1448,719,0.0,3.1790001,35.531,49.896,87.738,19.941,3.226,0.0,LO
1448,751,0.0,0.025,1.918,5.992,5.825,1.502,0.15799999,0.0,LO
1448,755,0.0,0.132,128.03,56.607,40.698,15.3619995,1.916,0.0,LO
1448,763,0.0,0.007,4.916,2.777,1.749,1.291,0.056,0.0,LO
1448,766,0.0,0.0,33.065998,35.52,50.401,17.897,2.864,0.0,LO
1448,788,0.0,0.0,0.352,0.206,0.031,0.197,0.051000003,0.0,LO
1448,1022,0.0,0.010000001,5.813,4.921,3.5019999,3.157,0.106,0.0,LO
1448,1023,0.0,0.018000001,9.746,5.076,3.82,2.888,0.237,0.0,LO
1448,1024,0.0,0.127,14.469,12.864,6.395,4.743,0.47800002,0.0,LO
1448,1082,0.0,0.007,2.606,0.935,0.46,0.878,0.28,0.0,LO
1448,1083,0.0,0.0,0.105000004,0.175,0.351,0.076,0.059,0.0,LO
1448,1402,0.0,0.034,2.087,1.7689999,2.983,1.327,0.036,0.0,LO
1448,1404,0.0,0.269,81.244,22.666,34.242,14.485001,2.177,0.0,LO
1448,1409,0.0,0.0,58.578,23.991,25.932,12.926,2.377,0.0,LO
1448,1413,0.0,0.0,88.147995,56.392,20.842,12.2960005,1.291,0.0,LO
1448,1421,0.0,0.63,180.513,69.752,66.463,27.089,1.976,0.0,LO
1448,1429,0.0,0.177,21.282,37.341,42.845,25.542,2.438,0.0,LO
1448,1437,0.0,2.1890001,82.538,99.625,95.596,39.062,5.302,0.0,LO
1448,1438,0.0,0.0,8.98,14.625,10.397,6.478,0.809,0.0,LO
1448,1439,0.0,0.0,28.613,16.865,9.588,3.758,0.947,0.0,LO
1448,1440,0.0,0.0,72.923,46.949,21.282,13.816,3.611,0.0,LO
1448,1441,0.0,0.0,10.123,6.556,10.841,4.535,1.027,0.0,LO
1448,1442,0.0,0.070999995,0.916,0.51,1.511,1.344,0.101,0.0,LO
1448,1443,0.0,0.0,0.266,1.004,1.916,0.501,0.101,0.0,LO
1448,1445,0.0,0.097,91.712,43.109,39.067,13.738,1.307,0.0,LO
1448,1449,0.0,0.252,68.931,25.201,13.034,7.836,1.41,0.0,LO
1448,1452,0.0,0.046,37.694,29.431,21.577,15.176,2.345,0.0,LO
1448,1524,0.0,0.007,5.697,4.747,5.039,3.1100001,0.676,0.0,LO
1448,5150,0.0,0.015000001,1.047,0.299,0.696,0.165,0.046,0.0,LO
1448,5301,0.0,0.0,0.0,7.281,6.608,5.786,0.009000001,0.0,LO
1448,5345,0.0,0.0,1.131,1.125,1.099,0.606,0.077,0.0,LO
1448,5372,0.0,0.20199999,2.055,3.6690001,2.388,1.3180001,0.002,0.0,LO
1448,5411,0.0,0.039,0.16499999,0.006,0.0,0.001,0.0,0.0,LO
1448,5421,0.0,0.021000002,5.413,8.99,2.638,2.354,0.137,0.0,LO
1448,5423,0.0,0.067,3.853,8.956,8.021,5.599,0.236,0.0,LO
1448,5424,0.0,0.002,0.131,1.552,1.606,0.508,0.0,0.0,LO
1448,5595,0.0,0.37,150.139,84.476,92.82,39.109,4.289,0.0,LO
1448,6941,0.0,0.0050000004,0.152,0.61300004,0.0,0.51600003,0.141,0.0,LO
1448,6956,0.0,0.009000001,0.269,0.231,0.0,0.23300001,0.05,0.0,LO
1448,6961,0.0,0.0,2.195,0.568,0.448,0.187,0.0,0.0,LO
1448,6972,0.0,0.008,0.341,0.867,0.0,0.433,0.015000001,0.0,LO
1448,6977,0.0,0.0,19.925,20.491,25.317,20.093,1.658,0.0,LO
1448,6978,0.0,0.0,6.041,5.143,5.442,4.079,0.687,0.0,LO
1448,6979,0.0,0.078,6.557,5.927,14.781,8.491,0.881,0.0,LO
1448,7401,0.0,0.006,2.903,5.051,6.54,2.958,0.55300003,0.0,LO
1448,7402,0.0,0.006,2.12,2.648,3.2670002,1.065,0.273,0.0,LO
1448,7403,0.0,0.003,1.788,1.002,1.098,0.647,0.007,0.0,LO
1448,7404,0.0,0.002,1.8199999,4.975,6.3650002,2.463,0.259,0.0,LO
1448,7406,0.0,0.0050000004,5.2799997,7.306,8.003,4.131,0.814,0.0,LO
1448,7407,0.0,0.009000001,1.501,6.356,4.7539997,2.483,0.629,0.0,LO
1448,7408,0.0,0.0,0.463,0.703,2.016,1.342,0.121,0.0,LO
1448,7467,0.0,0.004,0.256,1.841,3.744,0.543,0.015000001,0.0,LO
1448,9586,0.0,0.0,43.906,11.3,6.354,4.019,0.443,0.0,LO
1448,9587,0.0,0.013,113.143,122.585,98.168,34.353,2.0970001,0.0,LO
1449,514,0.0,0.296,0.596,1.816,5.27,2.302,0.268,0.0,LO
1449,522,0.0,0.0,0.24700001,0.177,0.531,0.443,0.075,0.0,LO
1449,591,0.0,1.834,12.293,5.804,9.524,2.591,3.74,0.0,LO
1449,596,0.0,1.29,0.564,0.63,0.403,0.65900004,0.27,0.0,LO
1449,597,0.0,0.0,0.23900001,0.894,0.854,0.647,0.316,0.0,LO
1449,603,0.0,5.325,34.221,50.642,95.849,40.686,21.65,0.0,LO
1449,618,0.0,0.518,11.315,6.818,3.458,2.0180001,0.513,0.0,LO
1449,621,0.0,0.305,2.8899999,5.788,3.619,1.559,1.182,0.0,LO
1449,659,0.0,0.122,0.031,0.538,0.983,0.589,0.305,0.0,LO
1449,686,0.0,0.736,8.819,11.109,16.284,7.291,11.814,0.0,LO
1449,717,0.0,0.841,0.283,0.407,0.742,0.32700002,0.264,0.0,LO
1449,719,0.0,9.764,47.962,77.322,129.726,58.178,40.695,0.0,LO
1449,751,0.0,0.314,0.168,1.499,2.988,1.882,0.554,0.0,LO
1449,755,0.0,0.403,5.208,6.5360003,10.287,5.511,0.761,0.0,LO
1449,763,0.0,0.782,6.165,4.592,7.716,2.615,1.768,0.0,LO
1449,766,0.0,2.723,12.837,10.6,31.387,11.436,7.279,0.0,LO
1449,788,0.0,0.035,0.482,0.25,1.131,0.242,0.462,0.0,LO
1449,1022,0.0,0.04,2.5939999,2.967,5.625,2.794,4.021,0.0,LO
1449,1023,0.0,0.038000003,4.5690002,2.461,3.267,2.059,2.554,0.0,LO
1449,1024,0.0,0.926,8.734,6.178,6.18,3.496,1.8740001,0.0,LO
1449,1082,0.0,0.0,1.406,0.574,1.49,0.929,0.335,0.0,LO
1449,1083,0.0,0.0,0.041,0.084,0.258,0.205,0.17400001,0.0,LO
1449,1085,0.0,0.0,1.047,0.219,0.768,0.249,0.013,0.0,LO
1449,1404,0.0,0.414,4.937,6.045,13.579,4.758,6.06,0.0,LO
1449,1409,0.0,1.376,99.521,41.764,57.986,18.973,8.2369995,0.0,LO
1449,1413,0.0,0.19,86.178,86.449,71.572,25.973,9.288,0.0,LO
1449,1421,0.0,6.614,164.575,101.088,158.608,59.971,19.945,0.0,LO
1449,1429,0.0,0.854,13.072,30.753,35.458,30.278,34.589,0.0,LO
1449,1437,0.0,0.409,5.858,16.426,17.304,10.886,6.3320003,0.0,LO
1449,1438,0.0,0.06,8.232,12.139,12.784,5.508,5.906,0.0,LO
1449,1439,0.0,0.01,6.0,8.151,10.251,4.0230002,3.023,0.0,LO
1449,1440,0.0,0.026,3.2159998,3.304,2.259,0.804,1.15,0.0,LO
1449,1441,0.0,0.492,4.306,8.189,14.623,7.899,8.061,0.0,LO
1449,1443,0.0,0.0,0.333,0.662,1.046,0.34,0.811,0.0,LO
1449,1445,0.0,1.649,20.771,27.638,47.392,15.802,6.779,0.0,LO
1449,1448,0.0,0.0,32.211,32.761,79.549,26.137,12.641,0.0,LO
1449,1452,0.0,0.33699998,23.39,15.972,24.472,11.662,8.059,0.0,LO
1449,1455,0.0,0.0,0.0,0.531,1.921,0.57,0.0,0.0,LO
1449,1524,0.0,0.0,4.592,3.098,7.23,3.604,1.086,0.0,LO
1449,5345,0.0,0.274,1.409,2.352,1.687,1.706,1.346,0.0,LO
1449,5362,0.0,0.0,0.20099999,0.539,1.879,0.657,0.455,0.0,LO
1449,5404,0.0,0.0,0.42,0.505,0.939,0.714,0.276,0.0,LO
1449,5437,0.0,0.334,0.153,0.878,1.65,0.935,0.15,0.0,LO
1449,5595,0.0,0.48900002,2.744,3.943,8.413,3.97,0.638,0.0,LO
1449,6914,0.0,0.007,0.208,0.163,0.69,0.18100001,0.038,0.0,LO
1449,6919,0.0,0.0,0.051,0.723,0.366,0.29,0.256,0.0,LO
1449,6926,0.0,0.354,0.87299997,0.185,0.684,0.078,0.012,0.0,LO
1449,6941,0.0,0.083,0.157,0.24000001,0.0,0.144,0.018,0.0,LO
1449,6947,0.0,0.84599996,0.32999998,0.403,0.0,0.21,0.002,0.0,LO
1449,6954,0.0,0.003,0.16700001,0.262,0.235,0.081,0.064,0.0,LO
1449,6956,0.0,0.06,0.283,0.175,0.0,0.084,0.155,0.0,LO
1449,6958,0.0,0.0,0.007,0.322,0.0,0.122,0.294,0.0,LO
1449,6959,0.0,0.0,0.265,0.263,0.11,0.43600002,0.015000001,0.0,LO
1449,6972,0.0,0.098,0.28,0.224,0.0,0.377,0.15799999,0.0,LO
1449,6977,0.0,0.433,13.632999,20.348999,34.947998,23.377,28.837,0.0,LO
1449,6978,0.0,0.159,7.065,7.67,7.227,8.097,7.627,0.0,LO
1449,6979,0.0,0.133,5.226,5.721,12.151,10.25,11.621,0.0,LO
1449,7401,0.0,0.0,1.0600001,1.933,2.776,1.192,0.306,0.0,LO
1449,7402,0.0,0.0,0.51699996,0.559,2.193,0.954,0.049,0.0,LO
1449,7403,0.0,0.0,0.46,0.904,1.453,0.644,0.125,0.0,LO
1449,7404,0.0,0.0,0.447,0.942,1.032,0.565,0.0,0.0,LO
1449,7406,0.0,0.0,0.777,3.225,3.1629999,2.1529999,0.197,0.0,LO
1449,7407,0.0,0.0,0.0,1.672,2.305,1.406,0.001,0.0,LO
1449,7408,0.0,0.0,0.0,0.196,1.77,0.971,0.089,0.0,LO
1449,7467,0.0,0.143,0.004,0.30900002,0.894,0.343,0.046,0.0,LO
1449,9586,0.0,0.164,4.267,4.254,3.9589999,1.246,0.526,0.0,LO
1449,9587,0.0,2.339,47.867,37.629,56.674,30.32,10.725,0.0,LO
1451,591,0.0,0.938,7.615,3.093,1.823,0.22,0.0,0.0,LO
1451,596,0.0,2.855,17.473999,10.889,11.066,3.522,0.0,0.0,LO
1451,597,0.0,0.551,8.53,3.796,5.7269998,1.178,0.388,0.0,LO
1451,617,0.0,0.0,9.3,6.782,5.797,4.621,0.792,0.0,LO
1451,618,0.0,0.089,5.7289996,3.477,0.63699996,0.007,0.0,0.0,LO
1451,620,0.0,0.0,0.851,1.3,5.819,0.475,0.0,0.0,LO
1451,659,0.0,0.407,3.505,3.402,7.578,2.593,0.204,0.0,LO
1451,680,0.0,0.68,9.258,17.617,14.491,5.737,0.82799995,0.0,LO
1451,686,0.0,0.33699998,4.665,3.016,2.63,0.885,0.483,0.0,LO
1451,709,0.0,0.0,2.008,2.783,6.038,3.401,1.505,0.0,LO
1451,717,0.0,0.421,5.751,6.966,9.594,3.87,0.837,0.0,LO
1451,751,0.0,2.042,9.7039995,14.626,26.288,12.598,1.526,0.0,LO
1451,766,0.0,1.365,12.474,14.393,14.282001,5.662,3.832,0.0,LO
1451,1395,0.0,0.0,1.02,0.89,1.573,0.27400002,0.264,0.0,LO
1451,1398,0.0,0.0,0.0,5.002,3.42,1.091,0.174,0.0,LO
1451,1402,0.0,1.7689999,11.004,3.9589999,4.775,1.641,0.0,0.0,LO
1451,1404,0.0,0.006,2.767,2.494,4.658,0.026,0.0,0.0,LO
1451,1415,0.0,3.119,2.507,9.648,5.177,1.029,0.053999998,0.0,LO
1451,1434,0.0,0.398,3.023,0.52,2.818,0.0,0.0,0.0,LO
1451,1442,0.0,0.797,2.733,3.625,7.584,1.5550001,1.523,0.0,LO
1451,1444,0.0,7.1400003,132.085,114.248,85.393,24.408,7.816,0.0,LO
1451,1452,0.0,0.058,6.127,3.999,2.874,0.037,0.0,0.0,LO
1451,1455,0.0,0.0,1.848,5.527,4.805,0.61300004,0.444,0.0,LO
1451,9587,0.0,0.006,1.643,3.47,2.039,0.021,0.0,0.0,LO
1452,514,0.0,0.559,0.736,1.308,2.8999999,0.718,0.025,0.0,LO
1452,522,0.0,0.0,0.495,0.245,1.926,0.042,0.002,0.0,LO
1452,591,0.0,2.6759999,15.787,18.644001,14.1050005,7.587,1.57,0.0,LO
1452,596,0.0,0.0,1.845,1.906,2.155,0.514,0.001,0.0,LO
1452,597,0.0,0.20199999,2.037,4.72,12.716,2.944,0.064,0.0,LO
1452,603,0.0,4.745,29.534,28.207,51.19,11.814,3.353,0.0,LO
1452,620,0.0,6.7939997,1.845,0.933,4.4630003,2.171,0.043,0.0,LO
1452,621,0.0,1.147,14.901,23.364,7.012,8.28,0.48999998,0.0,LO
1452,659,0.0,0.78900003,0.912,0.753,4.525,0.922,0.002,0.0,LO
1452,680,0.0,0.0,0.614,3.373,4.03,0.298,0.01,0.0,LO
1452,686,0.0,19.711,182.81,122.74,111.424,66.738,11.432,0.0,LO
1452,709,0.0,0.0,0.276,1.133,5.906,0.047000002,0.001,0.0,LO
1452,717,0.0,4.6419997,0.829,0.904,3.3930001,2.021,0.065,0.0,LO
1452,719,0.0,6.607,10.365,27.758,45.55,9.63,1.893,0.0,LO
1452,751,0.0,2.977,1.817,5.991,7.405,7.879,0.315,0.0,LO
1452,763,0.0,0.091,0.0,0.018,0.0,0.139,0.0,0.0,LO
1452,766,0.0,13.873,68.71,67.991,62.226,22.93,7.601,0.0,LO
1452,1022,0.0,0.326,1.451,1.763,1.003,1.415,0.0050000004,0.0,LO
1452,1023,0.0,0.0,8.024,1.534,2.178,0.567,0.003,0.0,LO
1452,1024,0.0,0.0,4.04,2.839,2.591,1.7,0.18300001,0.0,LO
1452,1402,0.0,1.163,3.549,8.058,7.354,2.306,0.006,0.0,LO
1452,1404,0.0,0.378,8.397,9.384,10.834,6.71,1.963,0.0,LO
1452,1409,0.0,0.82,13.115,9.827,11.84,4.37,0.806,0.0,LO
1452,1413,0.0,2.216,25.661,15.794,9.393,3.739,2.0479999,0.0,LO
1452,1421,0.0,10.39,94.641,51.808,80.081,17.463,3.023,0.0,LO
1452,1429,0.0,0.931,7.402,9.801,14.235001,6.506,2.921,0.0,LO
1452,1437,0.0,2.275,14.3619995,22.673,44.574,16.306,3.693,0.0,LO
1452,1438,0.0,0.0,17.983,12.045,13.064,6.861,0.884,0.0,LO
1452,1439,0.0,0.37,10.492001,3.327,6.4049997,2.401,0.469,0.0,LO
1452,1440,0.0,4.241,20.213,18.541,19.877,7.893,3.352,0.0,LO
1452,1441,0.0,0.501,1.776,1.366,5.063,1.932,0.566,0.0,LO
1452,1444,0.0,0.179,6.566,5.561,5.27,1.293,0.007,0.0,LO
1452,1445,0.0,4.232,26.668,14.031,20.376,3.935,2.248,0.0,LO
1452,1448,0.0,0.0,31.376,17.22,36.909,12.415999,3.326,0.0,LO
1452,1449,0.0,0.508,2.458,1.895,1.577,1.542,0.100999996,0.0,LO
1452,1455,0.0,0.078,3.1829998,2.821,4.761,0.012,0.0,0.0,LO
1452,1524,0.0,0.48,2.287,0.704,5.083,0.597,0.442,0.0,LO
1452,5421,0.0,0.0,0.0,0.149,0.0,0.003,0.001,0.0,LO
1452,6919,0.0,0.0,0.003,0.696,1.622,0.24200001,0.241,0.0,LO
1452,6941,0.0,0.003,0.007,1.154,0.0,0.974,0.061,0.0,LO
1452,6977,0.0,0.693,5.999,8.077,12.101,4.972,0.514,0.0,LO
1452,6978,0.0,0.0,4.427,2.285,4.876,1.502,0.078,0.0,LO
1452,6979,0.0,1.803,2.052,3.185,3.995,2.55,0.975,0.0,LO
1452,7401,0.0,0.045,2.7220001,4.154,5.125,1.292,0.92300004,0.0,LO
1452,7402,0.0,0.001,0.011000001,1.528,4.536,1.562,0.135,0.0,LO
1452,7404,0.0,0.33499998,0.078,1.534,3.769,0.479,0.009000001,0.0,LO
1452,7406,0.0,0.152,1.073,1.909,3.524,0.582,0.722,0.0,LO
1452,7407,0.0,0.001,0.012,2.247,11.443,5.981,0.053999998,0.0,LO
1452,7408,0.0,0.345,0.039,1.2540001,3.1139998,0.847,0.014,0.0,LO
1455,522,0.0,0.041,0.0,0.0,0.0,0.0,0.0,0.0,LO
1455,591,0.0,1.2720001,6.459,5.269,1.641,0.261,0.003,0.0,LO
1455,596,0.0,6.791,11.206,14.324,12.69,4.885,0.758,0.0,LO
1455,597,0.0,1.671,56.49,126.901,84.9,38.25,8.769,0.0,LO
1455,617,0.0,1.704,5.241,5.927,5.251,2.013,0.92,0.0,LO
1455,618,0.0,1.2900001,3.478,5.343,1.304,1.602,0.0,0.0,LO
1455,620,0.0,8.565,26.383,56.826,45.201,17.898,5.836,0.0,LO
1455,621,0.0,0.269,1.858,2.535,1.073,0.326,0.0,0.0,LO
1455,659,0.0,0.407,2.4720001,17.829,21.254,8.12,2.463,0.0,LO
1455,680,0.0,9.961,45.326,55.185,31.683,8.91,3.834,0.0,LO
1455,686,0.0,1.321,6.353,6.061,4.763,2.5279999,0.021000002,0.0,LO
1455,709,0.0,0.055,1.639,39.5,23.738,7.739,2.817,0.0,LO
1455,717,0.0,5.742,5.42,14.595,11.454,6.638,1.844,0.0,LO
1455,719,0.0,2.6360002,0.707,2.606,0.708,0.278,0.076000005,0.0,LO
1455,751,0.0,5.363,25.88,72.279,57.91,26.264,8.752,0.0,LO
1455,755,0.0,2.515,5.879,2.461,1.967,0.039,0.93,0.0,LO
1455,766,0.0,3.234,10.124,9.936,13.379,2.774,1.076,0.0,LO
1455,1395,0.0,6.231,10.633,7.62,6.021,3.007,1.388,0.0,LO
1455,1398,0.0,0.152,6.821,158.63501,76.635,24.031,6.928,0.0,LO
1455,1402,0.0,22.335001,86.846,108.873,61.461,20.344,8.497,0.0,LO
1455,1404,0.0,0.551,2.066,1.935,1.683,2.281,0.319,0.0,LO
1455,1413,0.0,0.241,4.518,1.604,2.845,0.227,0.0,0.0,LO
1455,1415,0.0,26.377,5.112,6.088,5.006,0.99300003,0.68700004,0.0,LO
1455,1429,0.0,0.191,1.3230001,2.256,0.672,0.21800001,0.0,0.0,LO
1455,1434,0.0,0.768,12.037,52.4,47.139,18.701,4.311,0.0,LO
1455,1437,0.0,0.0,0.03,0.0,0.0,0.0,0.0,0.0,LO
1455,1438,0.0,0.003,0.743,7.9170003,1.466,1.387,0.0,0.0,LO
1455,1442,0.0,7.364,37.574,154.362,123.762,52.633,17.118,0.0,LO
1455,1444,0.0,16.575,41.738,52.556,36.123,12.18,2.027,0.0,LO
1455,1449,0.0,0.386,0.3,0.035,0.189,0.162,0.0,0.0,LO
1455,1451,0.0,2.063,3.549,4.517,2.601,0.903,0.312,0.0,LO
1455,1452,0.0,1.318,5.098,3.019,3.053,4.111,0.019000001,0.0,LO
1455,5595,0.0,2.218,2.743,4.6549997,1.451,1.256,0.314,0.0,LO
1455,9587,0.0,1.209,9.651,13.17,6.05,1.406,0.589,0.0,LO
1524,514,0.0,19.256,54.774,92.988,149.791,62.813,13.554,0.0,LO
1524,522,0.0,3.526,23.858,58.223,66.969,23.135,6.21,0.0,LO
1524,591,0.0,1.598,7.514,2.442,1.623,1.026,0.15900001,0.0,LO
1524,596,0.0,0.0,0.477,0.41300002,0.36699998,0.17,0.038000003,0.0,LO
1524,618,0.0,0.348,4.215,3.399,2.051,0.54,0.0,0.0,LO
1524,621,0.0,0.356,1.596,2.86,1.11,0.372,0.016,0.0,LO
1524,659,0.0,0.361,0.187,0.267,0.192,0.053999998,0.0,0.0,LO
1524,686,0.0,0.646,5.138,4.492,3.725,0.32999998,0.17999999,0.0,LO
1524,717,0.0,0.0,0.100999996,0.493,0.81399995,0.083,0.0,0.0,LO
1524,719,0.0,2.31,4.019,7.236,7.8120003,1.969,0.269,0.0,LO
1524,751,0.0,0.0,0.051999997,1.424,2.631,0.757,0.003,0.0,LO
1524,755,0.0,0.082,1.8119999,1.134,0.69200003,0.016,0.0,0.0,LO
1524,766,0.0,2.933,7.392,9.125,10.656,4.282,0.849,0.0,LO
1524,1404,0.0,1.2609999,2.287,1.61,3.285,0.738,0.957,0.0,LO
1524,1409,0.0,1.1110001,24.793,18.214,14.298,6.442,0.686,0.0,LO
1524,1413,0.0,0.007,9.571,7.447,1.597,2.271,0.732,0.0,LO
1524,1421,0.0,2.025,12.839,10.957,15.166,4.108,2.667,0.0,LO
1524,1429,0.0,0.001,1.121,2.216,0.998,1.242,0.032,0.0,LO
1524,1437,0.0,0.891,4.381,7.371,4.376,1.635,0.289,0.0,LO
1524,1438,0.0,0.408,7.7009997,5.717,2.155,2.159,1.945,0.0,LO
1524,1445,0.0,0.663,14.74,7.888,7.4570003,1.499,0.344,0.0,LO
1524,1448,0.0,0.007999999,9.389,4.818,4.46,1.652,0.232,0.0,LO
1524,1449,0.0,0.044,0.22,0.16600001,0.17,0.111,0.032,0.0,LO
1524,1452,0.0,0.38,4.665,1.868,1.563,0.327,0.0,0.0,LO
1524,5595,0.0,0.677,2.456,1.329,1.417,0.717,0.0,0.0,LO
1524,6919,0.0,0.0,0.0,0.017,0.0,0.0,0.017,0.0,LO
1524,6941,0.0,0.0,0.685,0.92899996,2.4850001,0.459,0.45999998,0.0,LO
1524,6954,0.0,0.0,0.0,0.013,0.0,0.0,0.068,0.0,LO
1524,6972,0.0,0.454,2.389,0.628,3.158,0.413,0.249,0.0,LO
1524,6977,0.0,0.002,1.249,2.072,1.311,0.838,0.386,0.0,LO
1524,6978,0.0,0.003,2.107,0.589,1.315,0.368,0.0,0.0,LO
1524,6979,0.0,0.359,0.602,2.388,2.586,1.276,0.44,0.0,LO
1524,7401,0.0,0.499,18.771,56.088,48.15,26.673,5.11,0.0,LO
1524,7402,0.0,0.345,21.064,35.737,74.03,22.853,9.696,0.0,LO
1524,7403,0.0,1.15,7.946,29.63,55.202,14.391,2.921,0.0,LO
1524,7404,0.0,0.268,24.853,57.173,69.916,22.381,5.656,0.0,LO
1524,7406,0.0,0.0,3.801,10.877,8.923,2.905,2.789,0.0,LO
1524,7407,0.0,7.016,51.61,69.008,68.654,46.145,18.72,0.0,LO
1524,7408,0.0,2.17,23.814,29.037,62.803,13.352,6.152,0.0,LO
1524,7467,0.0,2.085,15.289,25.539,51.4,20.351,5.251,0.0,LO
1524,9586,0.0,0.484,2.468,1.003,0.25,0.169,0.14400001,0.0,LO
1524,9587,0.0,1.238,13.052,5.08,4.332,1.737,0.778,0.0,LO
5150,603,0.0,0.0,0.0,0.0,0.0,0.0,10.719,0.0,LO
5150,763,0.0,52.086,240.075,162.107,185.417,84.77,33.453,0.0,LO
5150,766,0.0,0.003,0.114,0.261,0.803,0.095,0.16999999,0.0,LO
5150,788,0.0,118.84,537.861,545.589,557.646,254.075,103.638,0.0,LO
5150,1022,0.0,0.848,28.62,20.207,21.694,20.772,7.125,0.0,LO
5150,1023,0.0,4.078,63.274,27.278,27.211,22.992,11.688,0.0,LO
5150,1024,0.0,14.65,257.305,145.661,118.183,96.314,38.225,0.0,LO
5150,1039,0.0,0.0,6.015,8.286,14.459,8.922,1.779,0.0,LO
5150,1082,0.0,7.1860003,48.521,26.171999,33.774,9.559,6.439,0.0,LO
5150,1083,0.0,4.288,20.161,16.815,34.418,19.479,3.354,0.0,LO
5150,1085,0.0,2.976,33.23,18.296,20.022,7.225,5.027,0.0,LO
5150,1440,0.0,0.563,2.088,1.4909999,0.69699997,0.459,0.505,0.0,LO
5150,1441,0.0,0.0,0.0,0.0,0.0,0.0,17.857,0.0,LO
5150,1443,0.0,5.023,68.498,83.574,107.359,94.477,67.965,0.0,LO
5150,5301,0.0,0.333,8.977,8.481,5.239,5.917,0.0,0.0,LO
5150,5372,0.0,0.393,1.911,3.826,1.364,0.976,0.873,0.0,LO
5150,5421,0.0,0.157,5.095,4.182,1.004,0.61800003,0.0,0.0,LO
5150,5423,0.0,0.081,0.461,0.811,0.809,0.931,0.0,0.0,LO
5150,5595,0.0,1.638,5.791,5.62,4.818,2.223,1.779,0.0,LO
5150,6977,0.0,1.181,0.207,0.674,2.1990001,0.666,2.534,0.0,LO
5150,6978,0.0,0.0,1.039,0.576,0.186,0.57600003,0.529,0.0,LO
5150,6979,0.0,0.22800002,2.44,0.625,1.536,1.009,1.3100001,0.0,LO
5150,9586,0.0,0.986,0.0,1.272,0.047,0.067,0.002,0.0,LO
5301,618,0.0,0.68799996,23.64,14.245,5.48,2.326,0.751,0.0,LO
5301,751,0.0,0.07,0.0,0.0,0.0,0.0,0.0,0.0,LO
5301,755,0.0,3.832,25.961,4.574,4.254,2.254,1.04,0.0,LO
5301,763,0.0,11.898,53.113,24.014,75.245,12.915,1.878,0.0,LO
5301,766,0.0,0.416,12.293,15.201,18.841,10.13,1.819,0.0,LO
5301,788,0.0,26.736,184.845,45.601,62.485,25.976,4.894,0.0,LO
5301,1022,0.0,0.053999998,8.762,8.154,11.319,5.844,2.151,0.0,LO
5301,1023,0.0,1.554,15.634,3.98,5.732,3.591,0.076,0.0,LO
5301,1024,0.0,7.259,98.624,22.598,20.845,14.002,2.759,0.0,LO
5301,1039,0.0,0.445,6.382,6.614,7.8459997,3.266,1.25,0.0,LO
5301,1082,0.0,3.511,34.297,7.401,15.769,3.625,0.874,0.0,LO
5301,1083,0.0,0.24700001,2.43,4.009,11.364,7.8980002,1.982,0.0,LO
5301,1085,0.0,1.6750001,24.141,6.544,6.797,5.017,2.231,0.0,LO
5301,1443,0.0,0.898,8.544,12.135,22.602,8.076,3.613,0.0,LO
5301,1448,0.0,0.413,7.781,9.36,12.492001,1.926,0.062,0.0,LO
5301,5150,0.0,3.174,1.849,4.546,9.978,1.594,0.149,0.0,LO
5301,5345,0.0,0.54,2.74,3.28,4.097,1.838,0.702,0.0,LO
5301,5362,0.0,0.83500004,1.217,2.4129999,2.985,1.432,0.7,0.0,LO
5301,5372,0.0,0.0,2.6469998,12.158,5.797,4.064,1.398,0.0,LO
5301,5404,0.0,0.0,1.429,1.679,4.089,2.471,0.901,0.0,LO
5301,5418,0.0,0.0,0.37800002,0.58,3.398,1.228,0.81,0.0,LO
5301,5420,0.0,0.0,0.0,0.0,0.0,0.0,0.106,0.0,LO
5301,5421,0.0,7.944,250.96,118.021,95.607,46.29,12.596,0.0,LO
5301,5423,0.0,4.0030003,86.658,107.368004,156.406,104.297,27.271,0.0,LO
5301,5424,0.0,1.999,16.152,29.149,23.01,21.371,9.995,0.0,LO
5301,5437,0.0,0.278,1.188,1.826,2.867,1.355,0.26500002,0.0,LO
5301,5595,0.0,20.328001,359.095,256.296,425.788,139.531,46.982,0.0,LO
5301,9586,0.0,2.5240002,64.72,8.234,2.5479999,2.7319999,0.698,0.0,LO
5301,9587,0.0,4.256,35.926,25.767,13.919,9.536,3.737,0.0,LO
5345,591,0.0,0.0,0.107,0.003,0.14,0.0,0.012,0.0,LO
5345,603,3.882,18.604,103.195,137.794,158.275,48.451,31.838,11.914,LO
5345,618,0.0,0.117,1.01,0.966,0.106,0.32,0.0,0.0,LO
5345,621,0.0,0.0,0.013,0.077,0.018,0.0,0.002,0.0,LO
5345,686,0.0,0.0,0.021,0.107,0.030000001,0.0,0.006,0.0,LO
5345,763,3.129,54.869,227.379,280.04102,267.978,88.201,52.886,6.557,LO
5345,766,0.0,0.50699997,0.731,0.886,1.169,0.386,0.136,0.0,LO
5345,788,16.246,176.754,737.254,1061.413,709.516,351.381,152.66,31.057,LO
5345,1022,1.219,0.603,19.816,19.62,13.747,10.584,9.269,6.04,LO
5345,1023,1.66,1.665,36.335,34.296,20.381,16.229,10.351,4.638,LO
5345,1024,6.269,10.587,161.22,142.265,80.0,52.614,39.228,11.838,LO
5345,1039,1.202,0.052,5.039,12.744,13.011,5.653,3.045,1.6570001,LO
5345,1082,1.558,12.527,62.015,64.256996,71.987,21.061,16.379,3.192,LO
5345,1083,2.392,0.354,3.205,10.606,11.934,8.698,3.922,2.558,LO
5345,1085,0.111,1.78,16.462,16.702,10.215,4.598,2.161,0.749,LO
5345,1409,0.0,0.249,1.779,2.302,1.796,0.957,0.788,0.0,LO
5345,1413,0.0,0.494,2.725,2.136,1.063,0.51100004,0.69200003,0.0,LO
5345,1439,0.0,0.259,4.003,3.555,2.102,1.345,0.0,0.0,LO
5345,1440,0.0,0.49100003,5.671,7.263,3.0410001,2.437,1.21,0.0,LO
5345,1441,2.072,0.438,10.135,11.1119995,11.851,9.937,9.433,2.609,LO
5345,1443,6.885,3.4950001,38.195,69.479004,72.088,58.962,48.018,20.251999,LO
5345,1448,0.0,0.0050000004,1.025,1.383,2.616,0.931,0.0,0.0,LO
5345,1449,0.0,0.077,0.7,0.402,0.546,0.187,0.088,0.0,LO
5345,5301,0.0,0.004,2.516,2.95,3.556,3.302,0.642,0.0,LO
5345,5356,0.0,1.596,38.798,27.089,32.763,19.563,12.809,0.0,LO
5345,5362,0.0,1.284,32.852,52.272,34.729,25.088,13.886,0.0,LO
5345,5372,0.0,0.0,0.291,2.846,1.234,0.727,0.268,0.0,LO
5345,5376,0.0,6.686,37.371002,30.085001,39.973,25.776001,8.799,0.0,LO
5345,5378,0.0,0.429,7.272,12.781,10.27,9.111,2.963,0.0,LO
5345,5397,0.0,1.143,10.458,12.533,19.874,11.692,2.325,0.0,LO
5345,5404,0.0,0.08,5.231,17.756,12.282,10.188,3.313,0.0,LO
5345,5411,0.0,11.67,140.446,125.528,82.14,51.808,24.06,0.0,LO
5345,5418,0.0,0.042,7.251,17.278,16.632,10.519,6.421,0.0,LO
5345,5421,0.0,0.113,1.264,2.623,1.107,0.282,0.136,0.0,LO
5345,5423,0.0,0.0,0.635,0.069,0.0,0.0,0.0,0.0,LO
5345,5424,0.0,0.0,0.0,0.0,0.0,0.0,0.062,0.0,LO
5345,5437,0.0,1.6650001,31.477,56.435,42.83,30.564,17.366,0.0,LO
5345,5595,0.0,1.5370001,4.625,8.652,4.639,2.491,1.693,0.0,LO
5345,6977,0.0,0.16499999,2.391,2.531,3.422,2.519,0.607,0.0,LO
5345,6978,0.0,0.29,2.351,1.7360001,1.658,1.7409999,0.733,0.0,LO
5345,6979,0.0,0.239,3.148,2.336,3.215,2.404,1.115,0.0,LO
5356,591,0.0,0.0,0.047,0.109,0.0,0.0,0.0,0.0,LO
5356,603,0.0,7.3120003,47.586,28.0,31.617,8.407,5.231,0.0,LO
5356,621,0.0,0.0,0.0,0.13,0.0,0.0,0.0,0.0,LO
5356,763,0.0,58.085,211.632,96.917,105.685,27.131,10.178,0.0,LO
5356,766,0.0,0.0,0.0,0.0,0.0,0.005,0.0,0.0,LO
5356,788,0.0,162.555,796.116,474.307,305.17,108.718,33.605,0.0,LO
5356,1022,0.0,1.723,21.727,6.969,2.555,3.094,1.534,0.0,LO
5356,1023,0.0,1.8479999,49.951,11.98,5.082,3.2120001,3.197,0.0,LO
5356,1024,0.0,19.381,247.09799,77.875,39.742,20.267,5.091,0.0,LO
5356,1039,0.0,1.214,6.137,7.119,4.0099998,2.22,1.402,0.0,LO
5356,1082,0.0,29.455,112.323,26.565,24.544,6.152,4.233,0.0,LO
5356,1083,0.0,0.114,2.054,2.667,3.606,3.501,0.945,0.0,LO
5356,1085,0.0,3.0,30.083,7.977,4.245,2.027,1.454,0.0,LO
5356,1413,0.0,0.241,2.219,0.39000002,0.215,0.109,0.0,0.0,LO
5356,1439,0.0,0.062,4.89,0.914,1.414,0.529,0.0,0.0,LO
5356,1440,0.0,2.5049999,9.438,2.514,2.756,0.076,0.23900001,0.0,LO
5356,1441,0.0,0.264,6.412,3.851,1.802,2.915,1.164,0.0,LO
5356,1443,0.0,3.6069999,31.185,17.851,23.008,13.632999,9.594,0.0,LO
5356,1448,0.0,0.066,0.428,0.17,0.110999994,0.049,0.017,0.0,LO
5356,5345,0.0,3.463,28.081,41.289,31.495,15.1970005,6.64,0.0,LO
5356,5362,0.0,0.149,10.121,14.54,12.414,8.364,2.547,0.0,LO
5356,5404,0.0,0.519,9.759,16.023,15.43,8.781,3.7480001,0.0,LO
5356,5411,0.0,0.0,0.0,0.0,0.0,0.0,0.095,0.0,LO
5356,5418,0.0,0.0,5.153,12.098,11.206,3.956,3.539,0.0,LO
5356,5421,0.0,0.018,0.972,0.211,0.082,0.058,0.024,0.0,LO
5356,5437,0.0,0.103,4.254,16.288,9.294,6.851,2.215,0.0,LO
5356,6977,0.0,0.039,1.694,1.8149999,1.636,0.82100004,0.035,0.0,LO
5356,6978,0.0,0.212,2.651,1.279,0.598,0.69699997,0.228,0.0,LO
5356,6979,0.0,0.489,4.166,1.441,1.519,0.825,0.0,0.0,LO
5362,591,0.0,0.0,0.08,0.228,0.027,0.0,0.0,0.0,LO
5362,603,0.0,19.666,127.816,75.942,66.731,17.678,6.987,0.0,LO
5362,618,0.0,0.484,0.0,0.967,0.058,0.107,0.0,0.0,LO
5362,621,0.0,0.0,0.0,0.222,0.14,0.0,0.007,0.0,LO
5362,763,0.0,46.55,330.02,169.191,118.197,33.557,12.599,0.0,LO
5362,766,0.0,0.256,0.945,0.13599999,0.289,0.197,0.031,0.0,LO
5362,788,0.0,211.544,1114.883,857.522,456.887,174.935,48.781002,0.0,LO
5362,1022,0.0,0.72900003,19.768,10.078,5.205,4.2799997,2.907,0.0,LO
5362,1023,0.0,1.352,38.686,13.776,6.284,6.3190002,3.55,0.0,LO
5362,1024,0.0,16.532999,236.01,98.937004,40.608,23.293,13.897,0.0,LO
5362,1039,0.0,0.361,9.434,6.921,4.543,1.515,0.978,0.0,LO
5362,1082,0.0,17.547,93.983,38.044,23.011,6.65,4.538,0.0,LO
5362,1083,0.0,0.298,3.297,4.866,5.826,4.427,1.219,0.0,LO
5362,1085,0.0,1.393,21.174,7.607,6.526,1.292,1.428,0.0,LO
5362,1409,0.0,0.249,2.312,0.754,0.335,0.283,0.175,0.0,LO
5362,1413,0.0,0.453,3.836,0.88199997,0.777,0.06,0.0,0.0,LO
5362,1429,0.0,1.081,0.102000006,0.64,0.373,0.0,0.0,0.0,LO
5362,1439,0.0,0.0,6.512,0.747,1.366,0.597,0.139,0.0,LO
5362,1440,0.0,1.092,7.283,2.569,1.489,0.538,0.149,0.0,LO
5362,1441,0.0,0.18,7.643,4.271,3.994,2.414,1.735,0.0,LO
5362,1443,0.0,2.341,28.754,32.262,25.76,20.616,10.961,0.0,LO
5362,1449,0.0,0.0,0.878,0.281,0.060000002,0.136,0.138,0.0,LO
5362,5301,0.0,0.0,4.101,1.607,2.57,1.4,0.07,0.0,LO
5362,5345,0.0,3.341,37.655,74.335,36.665,21.954,7.729,0.0,LO
5362,5356,0.0,0.32,12.573,15.7369995,12.978,9.602,6.332,0.0,LO
5362,5372,0.0,0.147,1.178,2.701,0.0,0.204,0.25,0.0,LO
5362,5376,0.0,4.459,34.88,15.076,18.125,8.642,3.02,0.0,LO
5362,5378,0.0,0.299,6.7530003,6.803,4.628,3.362,0.558,0.0,LO
5362,5397,0.0,0.0,4.725,6.498,6.589,4.164,0.314,0.0,LO
5362,5404,0.0,0.59,16.545,40.152,18.399,18.472,7.724,0.0,LO
5362,5411,0.0,13.092999,134.057,92.354996,50.519,19.673,5.6480002,0.0,LO
5362,5418,0.0,0.068,5.948,39.527,19.352,11.267,4.14,0.0,LO
5362,5420,0.0,0.0,0.0,0.0,0.0,0.0,0.001,0.0,LO
5362,5421,0.0,1.166,0.0,0.0,0.0,0.0,0.0,0.0,LO
5362,5423,0.0,0.0,8.789,1.1520001,0.635,0.612,0.0,0.0,LO
5362,5437,0.0,0.206,7.703,24.886,12.46,8.299,4.737,0.0,LO
5362,6977,0.0,0.305,1.018,1.518,1.669,0.687,0.146,0.0,LO
5362,6978,0.0,0.164,2.853,1.455,1.349,0.622,0.296,0.0,LO
5362,6979,0.0,0.331,4.545,1.949,0.986,1.004,0.246,0.0,LO
5362,9587,0.0,0.18900001,0.5,1.667,1.455,0.049,0.0,0.0,LO
5372,618,0.0,0.452,4.5559998,5.853,0.51699996,0.45099998,0.0,0.0,LO
5372,755,0.0,0.013,1.274,3.157,0.619,1.072,1.786,0.0,LO
5372,763,0.0,2.182,8.321,30.389,26.053,9.198,4.603,0.0,LO
5372,766,0.0,1.009,1.108,8.175,3.491,1.675,2.146,0.0,LO
5372,788,0.0,7.211,20.348999,50.56,25.213,21.934,8.025,0.0,LO
5372,1022,0.0,0.0,2.017,4.71,1.7129999,2.713,1.515,0.0,LO
5372,1023,0.0,0.149,1.96,4.202,1.737,3.384,0.812,0.0,LO
5372,1024,0.0,0.997,13.425,27.874,7.98,8.453,2.656,0.0,LO
5372,1039,0.0,0.072,0.804,3.437,2.183,2.4029999,0.427,0.0,LO
5372,1082,0.0,0.376,3.567,15.554,8.607,4.761,0.747,0.0,LO
5372,1083,0.0,0.003,0.133,2.707,2.042,2.795,1.585,0.0,LO
5372,1085,0.0,0.0,1.6290001,7.285,2.927,1.205,1.158,0.0,LO
5372,1443,0.0,0.431,1.228,8.609,4.519,5.217,1.769,0.0,LO
5372,5150,0.0,0.0,0.943,2.498,2.923,0.138,0.0,0.0,LO
5372,5301,0.0,0.092999995,2.506,16.02,3.811,3.204,0.583,0.0,LO
5372,5345,0.0,0.096,0.413,3.478,0.513,1.283,1.069,0.0,LO
5372,5362,0.0,0.063,0.147,2.487,0.906,2.263,0.31,0.0,LO
5372,5404,0.0,0.066,0.038,1.907,1.478,1.364,0.96900004,0.0,LO
5372,5411,0.0,0.031,0.0,0.0,0.0,0.048,0.31300002,0.0,LO
5372,5420,0.0,0.0,0.0,0.0,0.0,0.0,0.176,0.0,LO
5372,5421,0.0,2.092,19.703,53.086998,15.569,15.769,6.259,0.0,LO
5372,5423,0.0,0.756,9.168,47.781,21.933,25.577,10.442,0.0,LO
5372,5424,0.0,0.241,1.013,21.144,4.018,7.8519998,3.127,0.0,LO
5372,5437,0.0,0.0,0.448,2.068,0.694,0.473,0.301,0.0,LO
5372,5595,0.0,1.961,20.528,125.838,50.377,21.339,9.592,0.0,LO
5372,9586,0.0,0.014,2.7549999,0.85400003,0.541,1.4959999,1.798,0.0,LO
5372,9587,0.0,0.629,5.4900002,28.359,3.397,4.089,7.7799997,0.0,LO
5376,591,0.0,0.0,0.0,0.072,0.0,0.0,0.0,0.0,LO
5376,603,0.0,12.361,18.427,15.779,13.97,6.38,2.128,0.0,LO
5376,763,0.0,37.339,74.805,57.979,55.981,13.702,7.735,0.0,LO
5376,766,0.0,0.1,0.037,0.642,0.292,0.248,0.001,0.0,LO
5376,788,0.0,147.697,299.481,229.649,122.664,60.566,18.273,0.0,LO
5376,1022,0.0,0.497,5.954,3.823,3.275,2.161,0.819,0.0,LO
5376,1023,0.0,0.33,11.591,6.005,4.374,2.234,1.005,0.0,LO
5376,1024,0.0,6.388,44.057,24.23,17.486,9.525,2.129,0.0,LO
5376,1039,0.0,0.378,4.02,3.771,2.086,0.75699997,0.214,0.0,LO
5376,1082,0.0,15.145,46.525,18.366,13.823,5.16,2.159,0.0,LO
5376,1083,0.0,0.393,1.045,2.523,2.7,1.995,0.642,0.0,LO
5376,1085,0.0,4.616,10.694,2.72,3.475,0.837,0.465,0.0,LO
5376,1440,0.0,0.551,1.669,0.278,0.66899997,0.0,0.0,0.0,LO
5376,1441,0.0,0.114,1.824,3.72,1.261,1.218,0.505,0.0,LO
5376,1443,0.0,2.681,13.697,19.533,13.821,7.722,4.087,0.0,LO
5376,5345,0.0,3.694,27.422,41.96,26.204,14.136,2.1460001,0.0,LO
5376,5362,0.0,0.691,15.400001,18.689,11.156,6.485,1.643,0.0,LO
5376,5378,0.0,4.286,5.229,7.961,5.153,3.02,0.353,0.0,LO
5376,5397,0.0,0.009,8.22,5.927,6.795,3.45,0.562,0.0,LO
5376,5404,0.0,0.67,9.584,11.436,7.948,3.4520001,1.337,0.0,LO
5376,5411,0.0,1.499,65.84,124.26,147.33,52.933,22.93,0.0,LO
5376,5418,0.0,0.378,5.896,9.723001,5.064,3.37,1.445,0.0,LO
5376,5421,0.0,0.091,0.843,0.372,0.071,0.114,0.0,0.0,LO
5376,5423,0.0,0.003,0.0,0.897,0.0,0.222,0.059,0.0,LO
5376,5424,0.0,0.0,0.0,0.159,0.0,0.067999996,0.0,0.0,LO
5376,5437,0.0,0.379,6.784,13.36,8.924,3.328,0.614,0.0,LO
5376,6977,0.0,0.526,1.532,1.955,1.266,0.268,0.0,0.0,LO
5376,6978,0.0,0.295,1.547,0.78900003,0.796,0.212,0.298,0.0,LO
5376,6979,0.0,0.453,2.286,1.213,1.115,0.919,0.0,0.0,LO
5378,603,0.0,1.6140001,11.661,7.767,5.865,1.739,0.228,0.0,LO
5378,763,0.0,14.322,33.918,28.897,22.841,7.138,6.228,0.0,LO
5378,788,0.0,58.078,140.013,118.145,70.82,35.662,7.754,0.0,LO
5378,1022,0.0,0.43800002,5.939,4.141,4.318,2.622,0.041,0.0,LO
5378,1023,0.0,1.786,7.745,3.299,3.3270001,2.491,1.766,0.0,LO
5378,1024,0.0,10.066,51.812,28.954,11.719,9.923,4.421,0.0,LO
5378,1039,0.0,0.0,2.095,1.999,2.0,1.143,0.296,0.0,LO
5378,1082,0.0,2.76,12.542,5.006,8.103,3.128,2.216,0.0,LO
5378,1083,0.0,0.249,0.618,1.601,1.3640001,1.381,0.554,0.0,LO
5378,1085,0.0,0.94,6.212,2.6200001,1.7770001,1.563,0.768,0.0,LO
5378,1429,0.0,0.0,0.0,0.0,0.0,0.016,0.0,0.0,LO
5378,1441,0.0,0.268,1.551,2.342,0.989,1.633,1.529,0.0,LO
5378,1443,0.0,0.659,4.602,11.452,7.867,3.91,3.594,0.0,LO
5378,5345,0.0,1.92,14.175,12.919,8.745,6.127,0.514,0.0,LO
5378,5362,0.0,0.0,2.496,6.772,3.162,2.234,1.393,0.0,LO
5378,5376,0.0,2.074,5.307,8.084,6.265,3.384,1.552,0.0,LO
5378,5404,0.0,0.0,1.753,5.732,4.459,4.513,1.867,0.0,LO
5378,5411,0.0,2.976,46.864998,32.818,18.864,12.158999,5.723,0.0,LO
5378,5418,0.0,0.294,3.168,4.405,2.873,3.199,0.741,0.0,LO
5378,5437,0.0,0.0,1.8280001,2.6,1.893,2.079,0.601,0.0,LO
5378,6977,0.0,0.0,0.0,0.0,0.0,0.018,0.0,0.0,LO
5378,6979,0.0,0.0,0.0,0.0,0.0,0.015,0.0,0.0,LO
5397,603,0.0,6.885,19.909,11.948,12.078,2.221,0.437,0.0,LO
5397,763,0.0,26.71,72.018,32.383,23.074,3.526,0.429,0.0,LO
5397,788,0.0,103.368004,231.033,136.933,82.827,19.701,1.865,0.0,LO
5397,1022,0.0,1.244,3.428,1.281,1.5649999,0.477,0.098000005,0.0,LO
5397,1023,0.0,2.116,7.002,3.975,2.725,0.979,0.14500001,0.0,LO
5397,1024,0.0,13.043,57.279,17.19,8.866,3.1729999,0.576,0.0,LO
5397,1039,0.0,0.929,1.987,1.898,1.004,0.208,0.085,0.0,LO
5397,1082,0.0,6.7929997,22.396,5.123,2.537,0.244,0.098,0.0,LO
5397,1083,0.0,0.128,0.992,0.874,1.526,0.396,0.0,0.0,LO
5397,1085,0.0,0.966,4.3650002,1.399,0.552,0.196,0.0,0.0,LO
5397,1440,0.0,1.233,2.4029999,0.024,0.533,0.092,0.0,0.0,LO
5397,1441,0.0,0.29500002,1.925,0.925,0.753,0.317,0.096999995,0.0,LO
5397,1443,0.0,3.381,6.302,4.912,4.509,2.209,0.37,0.0,LO
5397,5345,0.0,2.961,13.250999,14.011,5.979,3.731,0.22,0.0,LO
5397,5362,0.0,0.061,6.193,6.229,2.354,1.675,0.238,0.0,LO
5397,5376,0.0,3.619,23.177,7.401,6.002,1.494,0.065,0.0,LO
5397,5378,0.0,0.0,1.452,1.988,1.38,0.723,0.0,0.0,LO
5397,5404,0.0,0.58100003,3.098,4.443,2.794,1.396,0.046,0.0,LO
5397,5411,0.0,8.094,124.806,71.821,23.132,6.767,0.95199996,0.0,LO
5397,5418,0.0,0.0,3.558,2.185,1.727,0.661,0.085,0.0,LO
5397,5437,0.0,1.04,5.637,8.137,2.907,1.615,0.141,0.0,LO
5404,591,0.0,0.0,0.295,0.128,0.149,0.0,0.0,0.0,LO
5404,603,0.0,24.901,133.07,80.432,79.571,22.811,12.436,0.0,LO
5404,618,0.0,0.147,0.635,1.013,0.499,0.006,0.0,0.0,LO
5404,621,0.0,0.0,0.017,0.39000002,0.133,0.0,0.0,0.0,LO
5404,686,0.0,0.0,0.0,0.017,0.035,0.0,0.0,0.0,LO
5404,755,0.0,0.033,0.0,0.0,0.0,0.021,0.002,0.0,LO
5404,763,0.0,56.349,311.904,158.877,127.635,39.657,17.37,0.0,LO
5404,766,0.0,0.264,0.354,0.669,0.319,0.0,0.0,0.0,LO
5404,788,0.0,230.353,1073.604,884.946,477.35,208.948,66.574,0.0,LO
5404,1022,0.0,0.657,27.361,14.344,7.603,7.6280003,3.001,0.0,LO
5404,1023,0.0,1.198,54.612,22.235,13.453,10.09,3.764,0.0,LO
5404,1024,0.0,22.297998,242.523,117.193,57.782,44.384,15.578,0.0,LO
5404,1039,0.0,0.061,5.614,8.004,5.049,3.452,1.345,0.0,LO
5404,1082,0.0,12.425,70.877,25.061,20.759,6.784,4.443,0.0,LO
5404,1083,0.0,0.478,4.508,8.469,9.161,6.986,2.731,0.0,LO
5404,1085,0.0,2.129,25.093,5.367,4.942,2.009,1.023,0.0,LO
5404,1409,0.0,0.405,3.291,1.398,0.771,0.452,0.295,0.0,LO
5404,1413,0.0,0.552,1.801,1.064,0.872,0.3,0.0,0.0,LO
5404,1439,0.0,0.474,5.867,1.86,1.972,0.879,0.147,0.0,LO
5404,1440,0.0,0.599,4.777,2.919,1.793,0.747,0.314,0.0,LO
5404,1441,0.0,0.44,8.432,7.093,7.496,4.347,4.671,0.0,LO
5404,1443,0.0,4.915,45.251,38.812,31.093,32.533,15.104,0.0,LO
5404,1449,0.0,0.079,0.59499997,0.222,0.21900001,0.239,0.035,0.0,LO
5404,5301,0.0,0.28,10.8359995,5.273,2.9650002,3.162,0.286,0.0,LO
5404,5345,0.0,1.178,14.399,19.219,9.15,8.194,3.309,0.0,LO
5404,5356,0.0,0.313,27.64,14.666,11.991,7.215,3.976,0.0,LO
5404,5362,0.0,0.174,31.604,37.475,18.128,10.3880005,6.777,0.0,LO
5404,5372,0.0,0.252,1.252,4.372,1.223,0.881,0.419,0.0,LO
5404,5376,0.0,3.734,21.105,8.592,11.291,4.358,2.392,0.0,LO
5404,5378,0.0,0.47,7.04,5.671,3.089,2.855,0.527,0.0,LO
5404,5397,0.0,1.3429999,7.2,6.425,5.931,3.858,0.486,0.0,LO
5404,5411,0.0,3.962,80.398,46.837,34.916,12.253,7.839,0.0,LO
5404,5418,0.0,0.102,4.072,9.138,7.159,6.296,1.825,0.0,LO
5404,5420,0.0,0.0,0.0,0.0,0.0,0.0,0.001,0.0,LO
5404,5421,0.0,0.71,3.169,1.413,0.176,0.386,0.369,0.0,LO
5404,5423,0.0,0.0,2.505,1.232,0.818,0.805,0.0,0.0,LO
5404,5424,0.0,0.099,0.188,0.0,0.0,0.0,0.0,0.0,LO
5404,5437,0.0,0.45700002,22.076,21.455,17.095,10.266,4.927,0.0,LO
5404,5595,0.0,2.488,1.301,5.335,0.883,0.937,0.247,0.0,LO
5404,6977,0.0,0.0,1.34,2.809,2.697,1.46,0.324,0.0,LO
5404,6978,0.0,0.899,5.194,1.071,1.349,2.191,0.881,0.0,LO
5404,6979,0.0,0.347,4.716,2.414,1.707,1.135,0.291,0.0,LO
5404,9586,0.0,0.442,0.0,0.37600002,0.002,0.096,0.0,0.0,LO
5411,603,0.0,7.377,15.821,28.334,24.211,8.616,2.506,0.0,LO
5411,763,0.0,63.871,176.842,203.68,370.787,89.371,22.882,0.0,LO
5411,766,0.0,0.0,0.0,0.154,0.0,0.021,0.0,0.0,LO
5411,788,0.0,150.301,400.149,353.292,456.257,175.779,34.88,0.0,LO
5411,1022,0.0,0.59499997,10.678,10.881,15.257,7.05,1.816,0.0,LO
5411,1023,0.0,1.2590001,14.759,12.219,14.907001,7.837,2.83,0.0,LO
5411,1024,0.0,8.151999,76.465004,55.203,54.732998,29.744,10.748,0.0,LO
5411,1039,0.0,0.593,8.449,8.913,13.42,4.079,1.028,0.0,LO
5411,1082,0.0,34.489,115.078,66.998,91.565,16.675,12.288,0.0,LO
5411,1083,0.0,1.038,2.587,8.148,16.619,9.252,2.757,0.0,LO
5411,1085,0.0,3.963,29.033,11.746,13.035,3.204,0.85,0.0,LO
5411,1440,0.0,1.138,1.3889999,1.322,1.715,0.278,0.059,0.0,LO
5411,1441,0.0,0.33,2.621,3.965,4.966,2.089,0.679,0.0,LO
5411,1443,0.0,4.276,22.03,53.947,55.765,25.694,6.612,0.0,LO
5411,5150,0.0,0.0,0.948,0.606,1.094,0.147,0.087000005,0.0,LO
5411,5345,0.0,9.473001,98.817,153.19,197.165,70.292,34.179,0.0,LO
5411,5362,0.0,3.164,67.939,87.226,143.779,63.888,20.883,0.0,LO
5411,5376,0.0,7.591,17.647,171.784,124.297,50.825,3.853,0.0,LO
5411,5378,0.0,4.186,35.588,39.054,65.561,27.72,6.869,0.0,LO
5411,5397,0.0,1.32,33.672,69.495,139.18001,51.065,15.058,0.0,LO
5411,5404,0.0,2.01,35.911,45.196,91.636,34.093,15.249,0.0,LO
5411,5418,0.0,1.118,41.029,48.495,93.252,34.424,13.064,0.0,LO
5411,5421,0.0,0.052,0.238,0.505,0.074,0.081,0.048,0.0,LO
5411,5437,0.0,1.08,37.182,85.043,137.845,55.815,25.185999,0.0,LO
5411,6977,0.0,0.359,1.577,3.546,4.041,1.696,0.319,0.0,LO
5411,6978,0.0,0.257,1.723,0.612,2.339,0.756,0.217,0.0,LO
5411,6979,0.0,0.396,3.404,3.054,6.681,1.061,0.631,0.0,LO
5418,591,0.0,0.0,0.104,0.162,0.0,0.0,0.0,0.0,LO
5418,603,0.0,14.18,85.242,44.618,44.855,10.74,4.047,0.0,LO
5418,621,0.0,0.0,0.045,0.226,0.024,0.0,0.0,0.0,LO
5418,686,0.0,0.0,0.0,0.001,0.0,0.0,0.0,0.0,LO
5418,755,0.0,0.001,0.0,0.0,0.0,0.097,0.0,0.0,LO
5418,763,0.0,33.416,218.58301,92.837,78.996,23.281,9.982,0.0,LO
5418,788,0.0,154.169,770.842,479.678,276.107,92.959,27.243,0.0,LO
5418,1022,0.0,0.492,15.024,4.245,3.276,2.706,1.2820001,0.0,LO
5418,1023,0.0,1.12,28.894,10.102,5.057,5.899,1.003,0.0,LO
5418,1024,0.0,12.462,178.734,56.785,30.411,15.099,4.376,0.0,LO
5418,1039,0.0,0.227,5.411,4.304,3.575,1.026,0.511,0.0,LO
5418,1082,0.0,12.183001,51.183,18.768,13.476,3.761,2.4750001,0.0,LO
5418,1083,0.0,0.017,1.794,3.191,3.06,1.779,0.551,0.0,LO
5418,1085,0.0,0.496,14.811,4.144,3.766,0.99700004,1.729,0.0,LO
5418,1439,0.0,0.035,4.671,0.795,0.98300004,0.149,0.0,0.0,LO
5418,1440,0.0,0.413,5.923,1.31,1.123,0.69200003,0.0,0.0,LO
5418,1441,0.0,0.291,7.388,4.702,3.72,1.661,1.357,0.0,LO
5418,1443,0.0,1.433,22.966,12.78,14.597,10.754,6.37,0.0,LO
5418,5301,0.0,0.0,5.436,1.843,1.566,0.96500003,0.0,0.0,LO
5418,5345,0.0,1.98,22.345,21.677,10.474,5.714,1.538,0.0,LO
5418,5356,0.0,0.18800001,13.712,9.127,6.85,5.364,1.169,0.0,LO
5418,5362,0.0,0.597,37.569,24.286,7.888,8.924,2.294,0.0,LO
5418,5376,0.0,1.638,20.494,8.964,4.039,3.184,1.365,0.0,LO
5418,5378,0.0,0.0,4.364,4.942,2.92,1.899,1.777,0.0,LO
5418,5397,0.0,0.52500004,3.019,4.7599998,2.668,1.934,0.71000004,0.0,LO
5418,5404,0.0,0.177,5.921,6.55,5.469,4.729,1.716,0.0,LO
5418,5411,0.0,4.344,91.734,44.335,24.679,12.149,9.064,0.0,LO
5418,5421,0.0,0.789,2.207,1.265,0.153,0.148,0.0,0.0,LO
5418,5423,0.0,0.0,3.067,0.016,0.0,0.0,0.0,0.0,LO
5418,5424,0.0,0.66300005,0.0,0.0,0.0,0.0,0.0,0.0,LO
5418,5437,0.0,0.112,28.347,19.17,8.181,5.878,4.067,0.0,LO
5418,5595,0.0,0.605,0.07,0.089,0.0,0.011,0.0,0.0,LO
5418,6977,0.0,0.0,1.768,1.358,1.114,0.33699998,0.107,0.0,LO
5418,6978,0.0,0.0,1.802,0.804,0.903,0.357,0.0,0.0,LO
5418,6979,0.0,0.40600002,4.075,1.018,0.739,0.88,0.157,0.0,LO
5418,9587,0.0,0.242,1.33,0.323,0.297,0.186,0.0,0.0,LO
5420,763,0.0,2.377,0.0,0.0,0.0,0.0,4.395,0.0,LO
5420,788,0.0,11.5859995,0.0,0.0,0.0,0.0,13.348001,0.0,LO
5420,1022,0.0,0.0,0.0,0.0,0.0,0.0,1.2789999,0.0,LO
5420,1023,0.0,0.0,0.0,0.0,0.0,0.0,1.0929999,0.0,LO
5420,1024,0.0,1.618,0.0,0.0,0.0,0.0,5.307,0.0,LO
5420,1039,0.0,0.0,0.0,0.0,0.0,0.0,0.701,0.0,LO
5420,1082,0.0,0.003,0.0,0.0,0.0,0.0,2.354,0.0,LO
5420,1083,0.0,0.159,0.0,0.0,0.0,0.0,2.353,0.0,LO
5420,1085,0.0,0.0,0.0,0.0,0.0,0.0,1.024,0.0,LO
5420,1443,0.0,1.086,0.0,0.0,0.0,0.0,3.96,0.0,LO
5420,5150,0.0,0.0,0.0,0.0,0.0,0.0,0.04,0.0,LO
5420,5301,0.0,0.085,0.0,0.0,0.0,0.0,2.53,0.0,LO
5420,5345,0.0,0.063,0.0,0.0,0.0,0.0,0.011,0.0,LO
5420,5362,0.0,0.009,0.0,0.0,0.0,0.0,0.075,0.0,LO
5420,5372,0.0,0.0,0.0,0.0,0.0,0.0,0.773,0.0,LO
5420,5404,0.0,0.01,0.0,0.0,0.0,0.0,0.009,0.0,LO
5420,5418,0.0,0.054,0.0,0.0,0.0,0.0,0.023,0.0,LO
5420,5421,0.0,3.767,0.0,0.0,0.0,0.0,9.324,0.0,LO
5420,5423,0.0,2.453,0.0,0.0,0.0,0.0,16.888,0.0,LO
5420,5424,0.0,0.361,0.0,0.0,0.0,0.0,5.056,0.0,LO
5420,6977,0.0,0.024,0.0,0.0,0.0,0.0,0.022,0.0,LO
5420,6979,0.0,0.002,0.0,0.0,0.0,0.0,0.0,0.0,LO
5421,596,0.0,0.189,0.075,0.0,0.0,0.0,0.0,0.0,LO
5421,603,0.0,0.008,0.425,0.956,1.232,0.225,0.074,0.0,LO
5421,618,0.0,4.488,58.211,26.856,4.986,4.393,2.372,0.0,LO
5421,620,0.0,0.004,0.051,0.0,0.0,0.0,0.0,0.0,LO
5421,680,0.0,0.0,0.0,0.0,0.0,0.0,0.012,0.0,LO
5421,751,0.0,0.109,0.0,0.0,0.0,0.0,0.0,0.0,LO
5421,755,0.0,3.609,24.808,8.583,3.968,5.14,0.317,0.0,LO
5421,763,0.0,16.432,112.126,156.717,279.573,53.551,19.816,0.0,LO
5421,766,0.0,2.539,5.47,9.697,4.515,2.846,1.707,0.0,LO
5421,788,0.0,52.035,265.24,352.611,400.964,142.817,33.298,0.0,LO
5421,1022,0.0,0.523,20.205,14.401,18.837,11.337,3.2779999,0.0,LO
5421,1023,0.0,1.485,31.913,18.699,18.532999,8.433,2.909,0.0,LO
5421,1024,0.0,5.837,105.36,67.73,68.055,25.358,9.374,0.0,LO
5421,1039,0.0,0.485,6.051,13.64,14.921,7.392,1.8479999,0.0,LO
5421,1082,0.0,10.776,66.657,45.53,70.068,14.752,5.161,0.0,LO
5421,1083,0.0,0.274,1.637,9.217,17.708,11.025,2.679,0.0,LO
5421,1085,0.0,1.105,12.448,10.655,8.651,4.185,2.149,0.0,LO
5421,1413,0.0,0.032,1.096,0.694,0.85,0.501,0.0,0.0,LO
5421,1437,0.0,0.18,0.349,0.698,0.599,0.010000001,0.0,0.0,LO
5421,1441,0.0,0.05,0.558,1.064,2.06,0.669,0.079,0.0,LO
5421,1443,0.0,4.183,25.062,42.487,67.348,35.42,13.83,0.0,LO
5421,1448,0.0,0.0,0.732,6.114,4.495,2.978,0.314,0.0,LO
5421,5150,0.0,0.044,0.888,2.214,2.929,0.328,0.0,0.0,LO
5421,5301,0.0,10.729,225.296,151.914,256.726,85.566,13.529,0.0,LO
5421,5345,0.0,0.0,0.998,2.031,2.852,0.577,0.0,0.0,LO
5421,5372,0.0,4.025,17.476,51.043,36.867,17.953,7.639,0.0,LO
5421,5376,0.0,0.0,0.095,1.059,1.019,0.411,0.0,0.0,LO
5421,5404,0.0,0.0,0.282,0.947,1.868,0.62,0.212,0.0,LO
5421,5411,0.0,0.0,0.672,2.027,0.98,0.459,0.0,0.0,LO
5421,5418,0.0,0.0,0.0,0.503,1.485,1.112,0.0,0.0,LO
5421,5420,0.0,0.0,0.0,0.0,0.0,0.0,16.326,0.0,LO
5421,5423,0.0,0.389,10.814,23.358,66.329,22.603,3.813,0.0,LO
5421,5424,0.0,0.17,4.254,19.007,15.647,10.157001,2.486,0.0,LO
5421,5437,0.0,0.0,0.21700001,1.05,1.514,0.143,0.21599999,0.0,LO
5421,5595,0.0,64.928,620.753,655.504,981.885,261.042,44.527,0.0,LO
5421,6977,0.0,0.107,0.283,0.491,2.404,0.534,0.0,0.0,LO
5421,6978,0.0,0.063,0.31,0.793,1.329,0.92,0.265,0.0,LO
5421,6979,0.0,0.09200001,1.909,2.352,4.177,1.141,0.22399999,0.0,LO
5421,9586,0.0,2.7259998,65.636,14.069,3.12,6.318,0.542,0.0,LO
5421,9587,0.0,19.27,85.121,53.6,22.032,29.065,7.88,0.0,LO
5423,596,0.0,0.149,0.012,0.0,0.0,0.0,0.0,0.0,LO
5423,603,0.0,0.013,1.651,1.253,1.969,1.211,1.2390001,0.0,LO
5423,618,0.0,4.901,44.26,19.219,2.648,5.353,2.8279998,0.0,LO
5423,680,0.0,0.0,0.0,0.0,0.0,0.0,0.017,0.0,LO
5423,717,0.0,0.174,0.041,0.0,0.0,0.0,0.0,0.0,LO
5423,751,0.0,0.233,0.0,0.0,0.0,0.0,0.0,0.0,LO
5423,755,0.0,2.816,22.267,8.992001,2.654,5.146,1.347,0.0,LO
5423,763,0.0,30.126,167.929,183.519,191.117,89.078,58.306,0.0,LO
5423,766,0.0,0.666,5.497,6.83,2.8969998,2.032,1.564,0.0,LO
5423,788,0.0,93.475,674.174,661.012,497.82,250.942,138.765,0.0,LO
5423,1022,0.0,0.32500002,25.151,20.998,17.828001,15.606,16.782,0.0,LO
5423,1023,0.0,1.0419999,51.578,26.692,21.817,14.644,12.209,0.0,LO
5423,1024,0.0,10.319,195.754,114.607,73.924,50.917,28.33,0.0,LO
5423,1039,0.0,0.0,3.611,11.657001,12.054,4.13,2.893,0.0,LO
5423,1082,0.0,8.399,59.421,30.437,42.343,14.185,14.67,0.0,LO
5423,1083,0.0,0.647,2.563,9.991,14.075,10.415,6.39,0.0,LO
5423,1085,0.0,0.788,13.6779995,12.745,6.641,4.395,4.644,0.0,LO
5423,1421,0.0,0.77099997,12.061,3.705,8.928,2.595,1.849,0.0,LO
5423,1441,0.0,0.036,1.144,1.647,2.644,1.831,1.735,0.0,LO
5423,1443,0.0,2.834,33.578,57.367,60.246002,61.771,57.427,0.0,LO
5423,1448,0.0,0.14899999,3.9659998,4.226,2.776,1.352,0.312,0.0,LO
5423,5150,0.0,0.005,0.347,0.421,0.389,0.171,0.244,0.0,LO
5423,5301,0.0,5.709,166.274,115.514,92.793,83.13,41.136,0.0,LO
5423,5345,0.0,0.021,0.006,0.0,0.0,0.0,0.0,0.0,LO
5423,5362,0.0,0.001,0.071,0.0,0.0,0.0,0.0,0.0,LO
5423,5372,0.0,1.712,11.871,45.887,13.685,14.384,15.789,0.0,LO
5423,5376,0.0,0.002,0.14,0.702,0.575,0.434,0.363,0.0,LO
5423,5404,0.0,0.001,0.093,1.063,0.61,0.973,0.23300001,0.0,LO
5423,5411,0.0,0.107,3.9390001,3.372,1.781,1.16,0.657,0.0,LO
5423,5418,0.0,0.007,0.012,0.0,0.0,0.0,0.0,0.0,LO
5423,5420,0.0,0.0,0.0,0.0,0.0,0.0,7.0099998,0.0,LO
5423,5421,0.0,5.397,61.811,36.398,9.717999,13.241,8.893,0.0,LO
5423,5424,0.0,4.295,11.664,6.262,3.029,4.065,1.344,0.0,LO
5423,5437,0.0,0.0,0.0,1.205,0.798,0.932,0.163,0.0,LO
5423,5595,0.0,47.163002,568.791,426.52798,336.281,204.129,138.294,0.0,LO
5423,6977,0.0,0.178,0.997,0.672,2.319,1.219,0.219,0.0,LO
5423,6978,0.0,0.17199999,1.197,1.3,3.4029999,2.1759999,1.2229999,0.0,LO
5423,6979,0.0,0.32299998,2.627,1.78,4.0,2.321,1.212,0.0,LO
5423,9586,0.0,4.421,40.856,8.5390005,1.513,4.71,0.45499998,0.0,LO
5423,9587,0.0,13.917,84.619995,44.071,12.09,22.454,10.196,0.0,LO
5424,596,0.0,0.037,0.008,0.0,0.0,0.0,0.0,0.0,LO
5424,603,0.0,0.067,0.414,0.951,0.792,0.25,0.069,0.0,LO
5424,618,0.0,2.759,4.399,5.63,0.548,3.22,0.307,0.0,LO
5424,755,0.0,0.777,2.012,3.489,0.417,1.624,0.248,0.0,LO
5424,763,0.0,13.255,76.025,142.537,93.138,39.384,16.974,0.0,LO
5424,766,0.0,0.012,0.35300002,1.164,1.249,0.597,0.076,0.0,LO
5424,788,0.0,104.74,782.474,678.816,437.488,171.395,49.308,0.0,LO
5424,1022,0.0,0.541,13.61,12.14,6.884,7.677,2.633,0.0,LO
5424,1023,0.0,0.25,21.195,17.492,8.784,7.303,6.27,0.0,LO
5424,1024,0.0,3.9029999,66.885,65.965004,34.154,24.365,7.644,0.0,LO
5424,1039,0.0,0.0,0.819,10.758,6.792,3.152,1.188,0.0,LO
5424,1082,0.0,4.402,30.413,23.977,24.28,6.983,4.943,0.0,LO
5424,1083,0.0,0.337,1.735,6.631,7.251,5.435,1.334,0.0,LO
5424,1085,0.0,1.487,13.859,11.099,8.689,1.989,1.268,0.0,LO
5424,1441,0.0,0.0,0.197,0.513,1.082,0.956,0.197,0.0,LO
5424,1443,0.0,1.793,14.375999,33.613,27.848,26.711,11.093,0.0,LO
5424,1448,0.0,0.087,0.76,1.594,0.558,0.505,0.0,0.0,LO
5424,5301,0.0,1.488,21.648,46.926,27.264,29.94,3.296,0.0,LO
5424,5345,0.0,0.03,0.0,0.151,0.0,0.009,0.022,0.0,LO
5424,5372,0.0,0.482,2.861,23.045,3.44,5.282,3.762,0.0,LO
5424,5376,0.0,0.0,0.048,0.401,0.12100001,0.067,0.926,0.0,LO
5424,5404,0.0,0.011,0.05,0.094,0.0,0.029000001,0.0,0.0,LO
5424,5411,0.0,0.134,0.17,2.139,0.068,0.288,0.183,0.0,LO
5424,5420,0.0,0.0,0.0,0.0,0.0,0.0,1.9280001,0.0,LO
5424,5421,0.0,1.134,20.865,45.331,11.898,8.371,4.21,0.0,LO
5424,5423,0.0,0.7,3.724,7.871,1.419,3.524,0.783,0.0,LO
5424,5595,0.0,19.542,82.776,191.799,92.247,70.436,30.295,0.0,LO
5424,6977,0.0,0.062,0.14,0.69,0.504,0.219,0.0,0.0,LO
5424,6978,0.0,0.067,0.377,0.751,1.081,1.131,0.059,0.0,LO
5424,6979,0.0,0.08499999,0.401,0.878,1.539,0.669,0.109,0.0,LO
5424,9586,0.0,1.467,7.168,2.238,1.518,2.773,0.004,0.0,LO
5424,9587,0.0,4.102,9.173,15.062,3.2189999,6.569,0.8,0.0,LO
5437,591,0.0,0.0,0.0,0.04,0.084,0.0,0.0,0.0,LO
5437,603,0.0,21.274,77.192,48.216,41.558,14.608,5.1480002,0.0,LO
5437,618,0.0,0.327,0.0,1.519,0.0,0.005,0.0,0.0,LO
5437,621,0.0,0.0,0.0,0.511,0.17799999,0.0,0.0,0.0,LO
5437,763,0.0,67.656,214.903,120.939,94.884,27.735,12.319,0.0,LO
5437,766,0.0,0.432,0.493,0.268,0.39900002,0.106,0.0,0.0,LO
5437,788,0.0,228.871,772.53,568.676,321.707,124.072,30.87,0.0,LO
5437,1022,0.0,0.644,11.049,7.612,4.095,3.128,1.117,0.0,LO
5437,1023,0.0,1.138,28.411001,11.078,4.296,3.667,1.881,0.0,LO
5437,1024,0.0,15.145,166.539,66.332,29.444,22.931,6.238,0.0,LO
5437,1039,0.0,0.721,5.654,6.042,2.6069999,1.747,1.104,0.0,LO
5437,1082,0.0,19.291,76.266,21.84,17.102,5.91,3.246,0.0,LO
5437,1083,0.0,0.462,2.248,4.274,4.813,3.922,0.918,0.0,LO
5437,1085,0.0,0.624,16.669,6.018,2.43,1.822,0.272,0.0,LO
5437,1409,0.0,0.426,1.9610001,0.262,0.231,0.003,0.429,0.0,LO
5437,1413,0.0,0.189,1.947,1.827,0.37,0.161,0.0,0.0,LO
5437,1439,0.0,0.64,2.634,1.527,0.278,0.433,0.032,0.0,LO
5437,1440,0.0,1.187,2.989,2.168,0.728,1.048,0.046000004,0.0,LO
5437,1441,0.0,0.108,4.109,3.476,3.833,1.4530001,1.328,0.0,LO
5437,1443,0.0,2.211,30.677,19.668,17.305,13.278,4.597,0.0,LO
5437,1449,0.0,0.085,0.563,0.23,0.084,0.049000002,0.028,0.0,LO
5437,5301,0.0,0.319,2.344,1.372,2.371,0.54,0.041,0.0,LO
5437,5345,0.0,5.34,44.412,66.386,33.581,21.504,5.25,0.0,LO
5437,5356,0.0,0.198,16.656,12.285,11.607,9.826,3.271,0.0,LO
5437,5362,0.0,0.1,9.724,26.406,12.185,6.666,2.374,0.0,LO
5437,5376,0.0,6.895,30.724,13.955,20.54,9.751,1.772,0.0,LO
5437,5378,0.0,0.038999997,1.7030001,2.868,3.763,1.668,0.63199997,0.0,LO
5437,5397,0.0,0.176,5.3849998,7.163,6.729,4.603,0.423,0.0,LO
5437,5404,0.0,1.0450001,15.255,21.425,15.291,9.579,3.082,0.0,LO
5437,5411,0.0,19.942999,162.362,152.73601,67.38,29.058,7.546,0.0,LO
5437,5418,0.0,0.107999995,7.9240003,23.803,14.377,7.769,1.869,0.0,LO
5437,5420,0.0,0.0,0.0,0.0,0.0,0.0,0.001,0.0,LO
5437,5421,0.0,0.0,1.189,1.229,0.157,0.0,0.216,0.0,LO
5437,5423,0.0,0.0,0.644,1.531,1.17,0.282,0.261,0.0,LO
5437,6977,0.0,0.322,2.292,1.742,0.971,0.123,0.079,0.0,LO
5437,6978,0.0,0.216,3.125,1.392,0.769,0.632,0.312,0.0,LO
5437,6979,0.0,0.44,1.547,1.275,1.004,0.816,0.0,0.0,LO
5437,9587,0.0,1.398,0.292,1.383,0.477,0.25599998,0.0,0.0,LO
5595,596,0.0,6.191,10.191,7.342,12.155,4.666,0.89,0.0,LO
5595,597,0.0,0.001,1.034,2.642,2.18,2.278,0.19,0.0,LO
5595,603,0.0,0.31,2.581,4.206,3.113,4.35,0.94200003,0.0,LO
5595,617,0.0,0.289,0.235,0.0,0.0,0.93799996,1.3460001,0.0,LO
5595,618,0.0,14.306,704.698,593.621,244.676,154.631,37.384,0.0,LO
5595,620,0.0,1.107,3.93,7.913,22.987,6.64,0.898,0.0,LO
5595,659,0.0,0.49400002,3.001,3.571,10.977,5.689,1.064,0.0,LO
5595,680,0.0,0.522,0.863,0.0,0.0,0.917,1.957,0.0,LO
5595,709,0.0,0.344,0.984,5.052,12.55,6.296,0.278,0.0,LO
5595,717,0.0,4.6540003,4.393,5.754,15.767,4.523,0.544,0.0,LO
5595,719,0.0,6.514,11.602,35.349,8.145,24.037,3.391,0.0,LO
5595,751,0.0,1.107,4.0099998,13.224,14.177,7.2139997,0.379,0.0,LO
5595,755,0.0,25.913,443.587,383.302,278.61,176.751,67.873,0.0,LO
5595,763,0.0,15.333,113.916,120.86,136.653,44.655,25.081,0.0,LO
5595,766,0.0,56.555,232.316,236.987,265.13,135.18,65.488,0.0,LO
5595,788,0.0,50.569,127.178,110.985,115.961,89.108,44.006,0.0,LO
5595,1022,0.0,0.75200003,31.067,31.278,35.843998,23.027,10.324,0.0,LO
5595,1023,0.0,3.486,49.413002,37.718,42.272,21.738,9.799,0.0,LO
5595,1024,0.0,10.587,281.615,174.199,150.048,89.783,26.335,0.0,LO
5595,1039,0.0,1.298,12.878,18.272,29.616,11.109,4.987,0.0,LO
5595,1082,0.0,13.029,71.116,50.558,74.451004,29.762,23.09,0.0,LO
5595,1083,0.0,4.588,38.716,57.322,85.382,49.273,19.392,0.0,LO
5595,1085,0.0,6.959,59.315,47.589,57.771,22.29,12.674,0.0,LO
5595,1395,0.0,0.005,0.568,1.671,1.7409999,1.104,0.414,0.0,LO
5595,1398,0.0,0.011,0.784,3.221,3.9029999,2.316,0.724,0.0,LO
5595,1402,0.0,0.118,0.238,1.343,0.665,0.226,0.144,0.0,LO
5595,1409,0.0,1.522,14.649,12.799,11.414,5.348,1.886,0.0,LO
5595,1413,0.0,4.943,79.119,39.849,24.497,11.968,2.137,0.0,LO
5595,1415,0.0,2.7619998,1.145,0.588,0.164,0.089,0.161,0.0,LO
5595,1421,0.0,11.856,63.329,55.462,94.092,25.359,6.825,0.0,LO
5595,1429,0.0,0.996,8.416,15.203,17.033,15.174,3.583,0.0,LO
5595,1434,0.0,0.35599998,0.694,2.675,4.107,3.327,0.594,0.0,LO
5595,1437,0.0,1.446,26.109001,39.507,73.584,29.281,6.282,0.0,LO
5595,1438,0.0,4.42,58.883,41.843,42.332,22.679,6.821,0.0,LO
5595,1439,0.0,1.456,4.636,4.458,5.066,0.952,1.093,0.0,LO
5595,1440,0.0,1.75,10.178,10.417,10.114,3.363,0.955,0.0,LO
5595,1441,0.0,0.272,3.484,8.705,7.052,5.035,2.267,0.0,LO
5595,1442,0.0,0.923,3.858,2.069,3.8140001,1.726,0.42200002,0.0,LO
5595,1443,0.0,1.249,25.572,49.748,68.491,38.484,17.877,0.0,LO
5595,1445,0.0,3.056,43.766,26.34,30.041,12.029,1.646,0.0,LO
5595,1448,0.0,0.712,105.203,96.236,158.008,65.561,8.707,0.0,LO
5595,1449,0.0,0.179,3.457,0.842,1.182,0.648,0.346,0.0,LO
5595,1455,0.0,0.183,0.284,1.574,0.757,1.674,0.213,0.0,LO
5595,1524,0.0,0.277,0.391,3.569,3.495,1.377,0.55,0.0,LO
5595,5150,0.0,0.447,1.999,5.137,1.788,2.149,0.66,0.0,LO
5595,5301,0.0,10.101,386.661,286.132,396.044,250.01,49.086,0.0,LO
5595,5345,0.0,0.876,3.787,11.253,3.713,8.904,3.974,0.0,LO
5595,5362,0.0,0.187,0.253,1.506,0.0,0.415,1.213,0.0,LO
5595,5372,0.0,3.426,23.682,92.619,50.739,28.511,14.733,0.0,LO
5595,5404,0.0,0.406,1.186,11.011,1.018,9.915999,3.147,0.0,LO
5595,5418,0.0,0.13599999,0.399,4.673,0.0,2.263,2.326,0.0,LO
5595,5421,0.0,12.431,747.065,533.088,383.039,251.825,80.104,0.0,LO
5595,5423,0.0,15.656,252.259,455.223,503.228,375.49,124.316,0.0,LO
5595,5424,0.0,4.1,49.531,165.764,135.264,112.457,49.668,0.0,LO
5595,5437,0.0,0.0,0.0,0.213,0.0,0.0,0.0,0.0,LO
5595,6814,0.0,0.0,0.0,0.01,0.0,0.002,0.02,0.0,LO
5595,6914,0.0,0.0,0.016,0.134,0.0,0.046,0.0,0.0,LO
5595,6919,0.0,0.0,0.006,0.097,0.0,0.060000002,0.033,0.0,LO
5595,6926,0.0,0.0,0.036,0.168,0.063,0.125,0.029000001,0.0,LO
5595,6941,0.0,0.0,0.0,0.020000001,0.0,0.088,0.0,0.0,LO
5595,6952,0.0,0.001,0.004,0.066,0.0,0.063,0.002,0.0,LO
5595,6954,0.0,0.0,0.0,0.019000001,0.0,0.031,0.023,0.0,LO
5595,6956,0.0,0.0,0.0,0.04,0.0,0.044,0.0,0.0,LO
5595,6959,0.0,0.0,0.008,0.069,0.0,0.022,0.0,0.0,LO
5595,6972,0.0,0.069,0.0,0.065,0.0,0.012,0.0,0.0,LO
5595,6977,0.0,2.046,16.229,20.604,21.487,19.916,3.816,0.0,LO
5595,6978,0.0,0.497,10.342,7.39,7.889,5.585,1.142,0.0,LO
5595,6979,0.0,0.696,12.649,13.35,14.146,13.006,1.887,0.0,LO
5595,7402,0.0,0.0,0.064,0.264,0.575,0.168,0.002,0.0,LO
5595,7406,0.0,0.156,0.742,4.789,1.2030001,0.877,0.048,0.0,LO
5595,9586,0.0,10.041,623.494,355.467,283.521,148.006,45.440998,0.0,LO
5595,9587,0.0,93.688,1660.566,1490.165,1329.951,597.561,178.839,0.0,LO
6814,514,0.0,0.041,0.074,0.11,0.155,0.015000001,0.01,0.0,LO
6814,618,0.0,0.0,0.0,0.46199998,0.0,0.0,0.0,0.0,LO
6814,698,0.0,40.276,47.205,79.507,51.22,18.007,3.191,0.0,LO
6814,755,0.0,0.0,0.0,0.0,0.034,0.005,0.0,0.0,LO
6814,1413,0.0,0.013,0.062,0.151,0.027,0.0,0.0,0.0,LO
6814,1440,0.0,0.013,0.104,0.024,0.0,0.01,0.0,0.0,LO
6814,5595,0.0,0.0,0.0,0.0,0.0,0.003,0.0,0.0,LO
6814,6867,0.0,0.59099996,2.71,0.981,0.999,0.378,0.037,0.0,LO
6814,6913,0.0,0.003,0.004,0.0,0.0,0.0,0.0,0.0,LO
6814,6934,0.0,2.559,5.065,4.267,1.772,0.396,0.188,0.0,LO
6814,6941,0.0,0.343,8.088,9.139,8.576,5.279,1.109,0.0,LO
6814,6947,0.0,18.173,29.433,15.742,16.395,6.908,2.76,0.0,LO
6814,6949,0.0,0.535,1.9,4.121,36.253002,3.1560001,1.231,0.0,LO
6814,6952,0.0,2.7910001,11.101,10.237,17.972,8.5,3.159,0.0,LO
6814,6956,0.0,1.481,4.887,3.7910001,1.653,1.202,0.019000001,0.0,LO
6814,6958,0.0,1.9419999,8.183,4.338,3.225,0.852,0.061,0.0,LO
6814,6959,0.0,0.068,2.9129999,0.0,1.803,0.285,0.0,0.0,LO
6814,6961,0.0,0.5,0.056,0.691,0.073,0.077,0.081,0.0,LO
6814,6962,0.0,0.46499997,0.511,1.507,0.429,0.639,0.078,0.0,LO
6814,6965,0.0,4.225,28.446999,17.412,31.617,10.24,0.65000004,0.0,LO
6814,6966,0.0,0.724,2.141,2.453,0.121,0.21100001,0.001,0.0,LO
6814,6967,0.0,0.77900004,0.579,2.829,0.115,0.09,0.0,0.0,LO
6814,6968,0.0,0.898,1.02,2.29,1.212,0.385,0.113,0.0,LO
6814,6972,0.0,2.987,22.173,10.744,8.019,3.724,0.124000005,0.0,LO
6867,514,0.0,0.0,0.032,0.1,0.034,0.343,0.151,0.0,LO
6867,698,0.0,8.88,79.463,69.319,58.303,25.547,12.2699995,0.0,LO
6867,742,0.0,3.035,25.428,66.396,90.179,50.902,24.395,0.031999998,LO
6867,6814,0.0,0.316,0.517,1.305,0.985,0.206,0.197,0.0,LO
6867,6867,0.0,0.1,0.913,0.135,0.118,0.093,0.036,0.0,LO
6867,6913,0.0,0.267,4.96,3.899,10.113,4.7660003,2.279,0.0,LO
6867,6914,0.0,0.39,7.991,21.559,37.586,10.0199995,5.482,0.456,LO
6867,6919,0.0,1.0569999,12.539,28.253,44.354,19.278,7.2799997,1.5999999,LO
6867,6926,0.0,0.537,2.71,3.749,3.592,4.615,0.294,0.0,LO
6867,6934,0.0,0.135,10.161,18.768,12.316,4.601,3.796,0.0,LO
6867,6941,0.0,1.263,28.728,30.007,29.921,17.816,7.73,0.0,LO
6867,6947,0.0,9.4869995,12.008,10.096,12.302,5.158,1.491,0.0,LO
6867,6949,0.0,1.1340001,2.743,5.055,7.559,3.021,1.247,0.0,LO
6867,6952,0.0,0.91899997,12.344,11.542,10.76,5.572,0.948,0.0,LO
6867,6954,0.0,0.16,16.628,40.244,30.594,15.218,7.653,0.0,LO
6867,6956,0.0,1.417,24.73,21.327,27.025,9.434,3.032,0.0,LO
6867,6958,0.0,3.199,15.33,29.407999,40.532,20.232,10.488,0.0,LO
6867,6959,0.0,0.763,18.518,14.959,23.906,10.363,4.467,0.0,LO
6867,6961,0.0,1.237,22.726,22.049,21.818,10.369,2.775,0.0,LO
6867,6962,0.0,0.695,7.638,13.996,10.5789995,6.714,1.966,0.0,LO
6867,6965,0.0,57.944,460.679,293.872,189.376,69.28,36.009,0.0,LO
6867,6966,0.0,0.659,6.377,7.576,4.418,1.982,0.361,0.0,LO
6867,6967,0.0,0.0,1.101,4.9440002,1.596,1.197,0.619,0.0,LO
6867,6968,0.0,1.266,11.898,20.331,13.4,4.342,1.074,0.0,LO
6867,6972,0.0,1.127,28.055,29.822,33.536,13.738,5.664,0.0,LO
6867,6973,0.0,0.88699996,19.358,35.015,43.989,21.241,15.604,1.869,LO
6867,7401,0.0,0.0,0.0,0.0,0.0,0.0,0.08,0.0,LO
6886,736,0.0,31.881,97.534,92.223,111.361,29.878,0.0,0.0,LO
6886,7473,0.0,1.9549999,30.245,62.743,112.236,62.606,0.0,0.0,LO
6913,514,0.0,0.126,1.554,1.392,0.878,0.395,0.001,0.0,LO
6913,698,0.0,136.101,584.603,223.687,119.69,32.685,6.501,0.0,LO
6913,719,0.0,0.821,0.763,1.406,0.276,0.223,0.003,0.0,LO
6913,755,0.0,0.156,0.0,0.0,0.0,0.0,0.0,0.0,LO
6913,1409,0.0,0.77199996,1.403,0.491,0.126,0.0,0.0,0.0,LO
6913,1413,0.0,1.025,1.6600001,0.948,0.099,0.069,0.0,0.0,LO
6913,1437,0.0,0.389,0.375,0.373,0.238,0.0,0.0,0.0,LO
6913,1440,0.0,0.81,0.0,0.436,0.259,0.022000002,0.0,0.0,LO
6913,6867,0.0,1.493,14.647,4.217,3.456,1.699,0.32299998,0.0,LO
6913,6934,0.0,3.1999998,28.846,7.607,4.267,1.063,0.137,0.0,LO
6913,6941,0.0,0.762,20.072,8.041,5.198,2.109,2.167,0.0,LO
6913,6954,0.0,0.059,0.259,0.056,0.04,0.020000001,0.011,0.0,LO
6913,6956,0.0,0.893,22.368,6.486,3.516,2.304,0.298,0.0,LO
6913,6958,0.0,0.681,8.404,7.625,7.452,3.142,0.288,0.0,LO
6913,6959,0.0,0.458,21.473,8.87,6.907,1.543,0.121,0.0,LO
6913,6961,0.0,3.5619998,22.16,6.221,3.332,1.317,0.057,0.0,LO
6913,6962,0.0,5.233,16.91,5.134,3.113,1.718,0.371,0.0,LO
6913,6965,0.0,99.154,379.032,96.092,50.397,14.023001,3.81,0.0,LO
6913,6966,0.0,0.293,24.652,3.476,3.4490001,2.184,0.339,0.0,LO
6913,6967,0.0,0.042,3.707,3.3140001,0.759,0.866,0.157,0.0,LO
6913,6968,0.0,5.999,22.305,5.862,5.254,0.924,0.103,0.0,LO
6913,6972,0.0,2.0040002,40.094,12.741,9.52,1.933,0.368,0.0,LO
6913,7403,0.0,0.213,1.302,0.39000002,0.713,0.551,0.002,0.0,LO
6914,514,0.0,0.502,2.83,2.514,0.374,1.183,0.303,0.0,LO
6914,618,0.0,0.967,1.527,0.261,0.012,0.002,0.0,0.0,LO
6914,686,0.0,0.077,0.21700001,0.117000006,0.11,0.0,0.0,0.0,LO
6914,719,0.0,0.0,0.168,0.624,0.186,0.111,0.065,0.0,LO
6914,742,0.0,117.102,626.329,351.562,209.194,59.084,12.867,0.0,LO
6914,763,0.0,0.0,0.0,0.049,0.0,0.0,0.0,0.0,LO
6914,766,0.0,0.26999998,0.186,0.41,0.068,0.491,0.0,0.0,LO
6914,1022,0.0,0.0,0.0,0.037,0.0,0.0,0.0,0.0,LO
6914,1413,0.0,0.778,1.888,0.82600003,0.087,0.0,0.0,0.0,LO
6914,1421,0.0,1.46,1.102,0.73,0.189,0.0,0.0,0.0,LO
6914,1429,0.0,0.133,0.599,1.373,0.395,0.341,0.094,0.0,LO
6914,1440,0.0,1.573,3.769,1.18,0.281,0.213,0.0,0.0,LO
6914,1449,0.0,0.128,0.293,0.068,0.054,0.023000002,0.0,0.0,LO
6914,5595,0.0,0.049000002,0.008,0.040000003,0.137,0.133,0.0,0.0,LO
6914,6867,0.0,4.772,56.582,18.888,14.682,6.144,2.375,0.0,LO
6914,6919,0.0,0.75200003,19.2,25.486,16.569,7.548,2.413,0.0,LO
6914,6926,0.0,4.628,36.174,13.778,14.514,7.505,1.148,0.0,LO
6914,6934,0.0,0.0,1.89,0.79,0.795,0.34600002,0.0,0.0,LO
6914,6954,0.0,0.465,42.769,42.348,14.396,5.498,1.067,0.0,LO
6914,6961,0.0,7.111,32.8,21.764,12.856,3.553,1.052,0.0,LO
6914,6962,0.0,1.249,2.328,1.497,1.545,0.269,0.0,0.0,LO
6914,6965,0.0,237.719,925.58,294.011,136.829,41.737,15.315,0.0,LO
6914,6966,0.0,1.742,4.655,1.795,1.436,0.506,0.155,0.0,LO
6914,6973,0.0,3.208,18.348999,15.164,9.627,5.222,0.753,0.0,LO
6914,6978,0.0,0.481,5.311,1.018,0.836,0.26,0.0,0.0,LO
6914,6979,0.0,0.128,3.053,1.27,0.472,0.558,0.121,0.0,LO
6914,7401,0.0,0.005,0.0,0.0,0.5,0.117,0.0,0.0,LO
6914,7408,0.0,0.0,1.0780001,0.58599997,1.969,0.138,0.0,0.0,LO
6919,514,0.0,1.4760001,3.889,2.372,0.2,0.991,0.156,0.0,LO
6919,591,0.0,0.132,0.15799999,0.401,0.003,0.0,0.0,0.0,LO
6919,621,0.0,0.047,0.151,0.425,0.343,0.0,0.0,0.0,LO
6919,686,0.0,0.059,0.073,0.488,0.543,0.0,0.0,0.0,LO
6919,719,0.0,0.0,0.895,0.642,0.253,0.195,0.215,0.0,LO
6919,742,0.0,222.347,1110.093,535.391,307.091,88.027,15.743,0.0,LO
6919,755,0.0,0.169,0.12799999,0.192,0.0,0.042,0.0,0.0,LO
6919,763,0.0,0.0,0.0,0.049000002,0.0,0.0,0.0,0.0,LO
6919,1022,0.0,0.001,0.0,0.157,0.0,0.065,0.066,0.0,LO
6919,1023,0.0,0.0,0.0,0.031,0.0,0.062,0.0,0.0,LO
6919,1083,0.0,0.0,0.0,0.014,0.009,0.011,0.0,0.0,LO
6919,1409,0.0,1.747,1.7179999,0.747,0.307,0.0,0.0,0.0,LO
6919,1413,0.0,3.203,1.857,0.648,0.212,0.167,0.001,0.0,LO
6919,1421,0.0,3.552,1.316,0.674,1.039,0.097,0.0,0.0,LO
6919,1429,0.0,0.193,1.538,1.328,1.131,0.6,0.101,0.0,LO
6919,1440,0.0,3.612,4.7019997,1.313,0.18800001,0.093,0.0,0.0,LO
6919,1445,0.0,1.365,0.516,0.538,0.098000005,0.0,0.0,0.0,LO
6919,1448,0.0,0.60400003,0.26,0.17300001,0.20199999,0.114,0.0,0.0,LO
6919,1449,0.0,0.266,0.598,0.023,0.082,0.022,0.0,0.0,LO
6919,1524,0.0,0.419,0.0,0.0,0.854,0.004,0.0,0.0,LO
6919,5437,0.0,0.0,0.0,0.031,0.045,0.0,0.0,0.0,LO
6919,5595,0.0,0.036,0.012,0.012,0.038000003,0.0,0.0,0.0,LO
6919,6814,0.0,0.0,0.075,0.0,0.074,0.0,0.0,0.0,LO
6919,6867,0.0,8.159,74.211,26.177,17.425,8.8289995,2.906,0.0,LO
6919,6914,0.0,0.072,23.198,24.502,12.043,6.8589997,2.912,0.0,LO
6919,6926,0.0,4.7929997,47.298,21.676,14.654,7.772,0.54499996,0.0,LO
6919,6934,0.0,0.0,1.589,0.60899997,0.739,0.476,0.0,0.0,LO
6919,6941,0.0,0.037,2.945,0.17999999,0.184,0.026,0.104,0.0,LO
6919,6954,0.0,1.01,35.012,31.497,12.058,6.085,0.942,0.0,LO
6919,6956,0.0,0.0,1.069,0.124000005,0.20500001,0.0,0.034,0.0,LO
6919,6959,0.0,0.002,3.112,0.977,0.127,0.249,0.133,0.0,LO
6919,6961,0.0,19.282,49.816998,34.010002,19.191,7.858,2.13,0.0,LO
6919,6962,0.0,1.849,5.606,4.795,1.601,1.462,0.0,0.0,LO
6919,6965,0.0,300.80798,1175.49,326.126,176.726,56.352,13.852,0.0,LO
6919,6966,0.0,1.979,6.574,3.729,0.749,0.571,0.151,0.0,LO
6919,6973,0.0,0.862,26.383,25.623001,11.466,4.372,0.91899997,0.0,LO
6919,6978,0.0,0.285,7.271,2.128,1.5550001,0.667,0.016,0.0,LO
6919,6979,0.0,0.592,4.777,2.248,1.256,0.519,0.011,0.0,LO
6919,7403,0.0,0.714,2.641,0.93,0.423,0.011000001,0.0,0.0,LO
6919,7406,0.0,0.054,0.0,0.0,0.346,0.001,0.0,0.0,LO
6919,7408,0.0,0.164,2.0049999,2.066,2.075,0.618,0.60899997,0.0,LO
6919,7467,0.0,0.121,2.602,1.7820001,0.932,0.388,0.117,0.0,LO
6919,9586,0.0,1.181,0.69699997,0.19500001,0.186,0.17199999,0.0,0.0,LO
6926,514,0.0,0.0,1.969,0.816,0.141,0.819,0.033999998,0.0,LO
6926,603,0.0,0.077,0.526,0.61800003,0.312,0.118,0.0,0.0,LO
6926,686,0.0,0.233,0.477,0.32,0.167,0.203,0.0,0.0,LO
6926,698,0.0,0.076000005,0.076000005,0.0,1.484,0.729,0.0,0.0,LO
6926,719,0.0,0.0,0.127,0.946,0.167,0.482,0.036,0.0,LO
6926,742,0.0,22.434,326.143,241.518,176.116,60.85,4.067,0.0,LO
6926,766,0.0,0.292,0.903,0.536,1.118,0.553,0.0,0.0,LO
6926,1083,0.0,0.002,0.033,0.013,0.04,0.0,0.0,0.0,LO
6926,1409,0.0,0.231,2.223,0.683,1.086,0.102,0.0,0.0,LO
6926,1413,0.0,0.155,2.512,0.767,0.0,0.127,0.0,0.0,LO
6926,1437,0.0,0.007,0.986,0.505,0.293,0.115,0.0,0.0,LO
6926,1438,0.0,0.066,4.442,0.06,0.932,0.0,0.0,0.0,LO
6926,1440,0.0,0.033,4.608,1.881,1.427,0.568,0.078,0.0,LO
6926,1445,0.0,0.21800001,4.46,0.676,0.0,0.135,0.0,0.0,LO
6926,1448,0.0,0.031000001,3.629,0.437,0.757,0.0,0.0,0.0,LO
6926,1449,0.0,0.035,0.291,0.234,0.182,0.058000002,0.025,0.0,LO
6926,5595,0.0,0.064,0.119,0.24,0.132,0.208,0.0,0.0,LO
6926,6867,0.0,0.552,7.754,6.176,6.289,2.565,0.212,0.0,LO
6926,6914,0.0,0.549,14.661,11.531,19.15,8.017,0.325,0.0,LO
6926,6919,0.0,2.5410001,26.112999,18.551,18.177,6.561,0.48000002,0.0,LO
6926,6954,0.0,0.831,42.908,22.725,17.12,7.8240004,0.719,0.0,LO
6926,6961,0.0,2.444,29.862,31.529,27.403,9.12,0.652,0.0,LO
6926,6965,0.0,98.116,957.156,325.736,246.183,68.668,5.669,0.0,LO
6926,6966,0.0,0.001,1.217,1.826,0.55,0.182,0.0,0.0,LO
6926,6973,0.0,0.153,23.9,37.939,30.38,14.506,1.139,0.0,LO
6926,6978,0.0,0.0,2.5,1.328,0.428,0.881,0.005,0.0,LO
6926,9587,0.0,0.467,2.631,0.282,0.001,0.0,0.0,0.0,LO
6934,603,0.0,0.011,0.0,0.0,0.0,0.0,0.0,0.0,LO
6934,698,0.0,19.67,268.52,186.635,146.564,35.138,19.306,0.0,LO
6934,719,0.0,0.0,0.84000003,4.186,0.47399998,0.447,0.334,0.0,LO
6934,742,0.0,0.0,0.038,0.0,0.0,0.04,0.0,0.0,LO
6934,1413,0.0,0.0,1.428,0.615,0.0,0.224,0.16000001,0.0,LO
6934,1440,0.0,0.2,0.463,0.298,0.229,0.181,0.0,0.0,LO
6934,5595,0.0,0.0,0.007,0.148,0.066,0.153,0.014,0.0,LO
6934,6814,0.0,1.05,1.597,3.729,3.61,0.958,0.228,0.0,LO
6934,6867,0.0,0.614,8.685,14.445,11.248,7.935,2.261,0.0,LO
6934,6913,0.0,0.121,8.603,4.065,10.571,4.2530003,2.0740001,0.0,LO
6934,6914,0.0,0.0,0.36,1.946,0.984,0.486,0.186,0.0,LO
6934,6919,0.0,0.0,0.505,0.843,0.763,0.52,0.271,0.0,LO
6934,6941,0.0,1.433,58.563,34.051,52.781002,14.397,4.446,0.0,LO
6934,6947,0.0,5.152,18.298,14.606,14.014,5.791,2.916,0.0,LO
6934,6949,0.0,0.77,3.6230001,7.463,14.698999,2.098,0.244,0.0,LO
6934,6952,0.0,0.933,15.787,20.957,14.488,4.756,2.705,0.0,LO
6934,6956,0.0,0.19399999,17.561,18.383,20.549,3.399,1.841,0.0,LO
6934,6958,0.0,0.197,6.599,12.463,15.944,5.477,1.184,0.0,LO
6934,6959,0.0,1.4909999,22.465,13.554,24.439,12.443,2.753,0.0,LO
6934,6961,0.0,3.259,29.712,24.241,16.849,9.495,4.881,0.0,LO
6934,6962,0.0,3.507,43.257,39.856,30.321,17.706,10.993,0.0,LO
6934,6965,0.0,29.763,450.704,184.885,105.588,33.747,14.785,0.0,LO
6934,6966,0.0,1.207,45.59,49.032,22.47,10.684,2.53,0.0,LO
6934,6967,0.0,0.0,0.505,5.34,0.742,0.72900003,0.243,0.0,LO
6934,6968,0.0,0.0,2.446,5.1610003,3.534,1.508,0.126,0.0,LO
6934,6972,0.0,0.31399998,35.641,29.912,44.420002,11.371,2.007,0.0,LO
6934,6973,0.0,0.0,0.29,1.697,0.466,0.537,0.393,0.0,LO
6934,6978,0.0,0.010000001,2.811,1.52,1.514,0.939,0.36200002,0.0,LO
6934,6979,0.0,0.374,1.162,1.042,0.931,0.719,0.393,0.0,LO
6941,514,0.0,3.286,5.311,10.539,7.132,4.013,0.307,0.0,LO
6941,591,0.0,0.058,0.16600001,0.12,0.037,0.001,0.0,0.0,LO
6941,621,0.0,0.021000002,0.13100001,0.033,0.065,0.001,0.006,0.0,LO
6941,686,0.0,0.093,0.366,0.088,0.084,0.075,0.0,0.0,LO
6941,698,0.0,385.033,963.41,885.791,507.509,182.927,32.136,0.0,LO
6941,719,0.0,0.53999996,4.66,10.492,0.32,1.413,0.146,0.0,LO
6941,755,0.0,0.0,0.0,0.0,0.0,0.002,0.0,0.0,LO
6941,766,0.0,0.175,0.837,0.604,0.55,0.217,0.019000001,0.0,LO
6941,1404,0.0,1.1309999,0.12100001,0.174,0.141,0.26,0.013,0.0,LO
6941,1409,0.0,0.09,5.704,1.8280001,0.096999995,0.055,0.0,0.0,LO
6941,1413,0.0,1.403,7.252,1.148,0.52,0.023000002,0.002,0.0,LO
6941,1421,0.0,1.325,0.997,1.196,0.732,0.012,0.001,0.0,LO
6941,1429,0.0,0.193,0.267,0.51600003,0.123,0.081,0.0,0.0,LO
6941,1437,0.0,0.268,0.311,0.474,0.713,0.045,0.061,0.0,LO
6941,1439,0.0,0.046,0.0,0.02,0.117,0.046,0.065,0.0,LO
6941,1440,0.0,1.12,0.0,0.349,0.229,0.193,0.001,0.0,LO
6941,1445,0.0,0.681,3.503,0.411,0.373,0.15799999,0.001,0.0,LO
6941,1448,0.0,0.422,0.681,0.518,0.744,0.031,0.137,0.0,LO
6941,1449,0.0,0.086,0.0,0.047,0.039,0.07,0.0,0.0,LO
6941,1452,0.0,1.507,0.21700001,0.113,0.026,0.004,0.001,0.0,LO
6941,1524,0.0,0.215,2.667,0.562,0.614,0.0,0.0,0.0,LO
6941,5595,0.0,0.0,0.0,0.0,0.0,0.008,0.0,0.0,LO
6941,6814,0.0,1.737,11.034,11.11,9.408,2.302,0.63600004,0.0,LO
6941,6867,0.0,5.21,37.408,27.301,21.979,9.406,1.691,0.0,LO
6941,6913,0.0,0.026999999,6.757,6.1540003,9.786,4.189,0.44799998,0.0,LO
6941,6919,0.0,0.03,0.193,0.166,0.244,0.149,0.122,0.0,LO
6941,6934,0.0,11.0460005,72.767,48.389,37.453,6.473,2.833,0.0,LO
6941,6947,0.0,2.602,30.959,13.696,12.636,3.2779999,0.926,0.0,LO
6941,6949,0.0,4.5439997,42.987,26.701,27.863,7.876,0.824,0.0,LO
6941,6952,0.0,1.4679999,77.962,45.886,36.456,9.513,3.784,0.0,LO
6941,6954,0.0,0.007,0.582,0.436,0.262,0.085,0.017,0.0,LO
6941,6956,0.0,0.541,11.668,12.073,6.689,3.312,0.557,0.0,LO
6941,6958,0.0,1.631,29.199,33.034,33.18,10.545,0.978,0.0,LO
6941,6959,0.0,1.415,83.883,53.007,26.646,7.6749997,0.778,0.0,LO
6941,6961,0.0,20.813,41.624,27.245,10.9470005,7.3389997,1.433,0.0,LO
6941,6962,0.0,25.762001,37.657,29.012,19.156,8.564,3.534,0.0,LO
6941,6965,0.0,155.24701,375.866,286.443,128.758,57.082,10.958,0.0,LO
6941,6966,0.0,6.499,46.179,22.499,16.896,4.445,0.747,0.0,LO
6941,6967,0.0,1.0849999,5.421,18.2,4.969,3.956,0.654,0.0,LO
6941,6968,0.0,6.503,70.128,38.199,20.591,7.054,0.702,0.0,LO
6941,6972,0.0,0.911,4.394,6.419,4.85,1.3199999,0.744,0.0,LO
6941,6978,0.0,1.78,2.266,2.52,0.459,0.523,0.22299999,0.0,LO
6941,6979,0.0,0.138,3.439,1.878,1.9139999,0.793,0.009000001,0.0,LO
6941,7402,0.0,0.055,1.594,1.477,3.121,0.588,0.0,0.0,LO
6941,7403,0.0,0.0,1.577,1.17,1.374,0.508,0.0,0.0,LO
6941,7408,0.0,0.276,1.298,2.093,1.747,1.403,0.0,0.0,LO
6941,7467,0.0,0.0,0.941,1.799,1.743,1.793,0.0,0.0,LO
6947,514,0.0,0.295,1.242,4.698,3.705,0.791,0.51,0.0,LO
6947,698,0.0,72.855,223.663,258.113,178.86101,54.964,18.808,0.0,LO
6947,719,0.0,0.0,2.64,4.503,0.0,0.856,0.02,0.0,LO
6947,766,0.0,0.008,0.078,0.36,0.20199999,0.012,0.0,0.0,LO
6947,1413,0.0,0.455,3.884,0.326,0.28100002,0.059,0.175,0.0,LO
6947,1421,0.0,0.319,0.738,0.79,2.314,0.049000002,0.007,0.0,LO
6947,1437,0.0,0.099,0.216,0.317,0.377,0.046,0.003,0.0,LO
6947,1440,0.0,0.196,0.0,0.0,0.323,0.115,0.002,0.0,LO
6947,1445,0.0,0.085,0.365,0.977,0.704,0.028,0.003,0.0,LO
6947,1449,0.0,0.024,0.0,0.013,0.052,0.0050000004,0.023,0.0,LO
6947,6814,0.0,2.194,20.965,12.015,27.73,3.541,1.8770001,0.0,LO
6947,6867,0.0,1.986,16.745,9.933,12.83,5.127,0.761,0.0,LO
6947,6934,0.0,0.637,21.209,13.325,15.941999,4.161,1.075,0.0,LO
6947,6941,0.0,0.120000005,7.243,14.275,11.284,3.4780002,2.141,0.0,LO
6947,6949,0.0,1.8140001,25.598999,10.879,30.909,5.692,1.059,0.0,LO
6947,6952,0.0,0.092,8.96,9.493,9.549,4.29,0.36900002,0.0,LO
6947,6954,0.0,0.002,0.146,0.177,1.441,0.017,0.033999998,0.0,LO
6947,6956,0.0,0.536,5.936,11.051,8.309,4.614,0.642,0.0,LO
6947,6958,0.0,1.043,13.611,23.845,16.122,13.492,2.578,0.0,LO
6947,6961,0.0,2.487,1.588,10.744,2.882,4.441,1.721,0.0,LO
6947,6962,0.0,4.216,0.716,8.469,5.394,6.074,0.516,0.0,LO
6947,6965,0.0,32.458,123.278,82.687996,59.011,16.789999,6.966,0.0,LO
6947,6966,0.0,0.763,10.363,7.743,1.58,2.916,0.202,0.0,LO
6947,6967,0.0,1.074,2.592,6.929,0.92999995,1.369,0.619,0.0,LO
6947,6968,0.0,20.93,2.29,15.241,2.711,4.039,2.21,0.0,LO
6947,6972,0.0,1.149,15.568,19.967001,23.962,10.584,1.556,0.0,LO
6947,6973,0.0,0.002,0.215,0.143,1.128,0.13,0.04,0.0,LO
6947,6979,0.0,0.042,0.361,0.829,1.616,0.101,0.001,0.0,LO
6947,7402,0.0,0.003,0.44300002,0.949,1.493,0.335,0.003,0.0,LO
6947,7403,0.0,0.004,0.46,0.86800003,1.144,0.16600001,0.298,0.0,LO
6947,7467,0.0,0.078,0.016,0.63199997,1.6090001,0.528,0.004,0.0,LO
6949,514,0.0,0.006,0.35799998,1.34,0.667,0.218,0.18300001,0.0,LO
6949,698,0.0,124.06,218.183,112.951,59.191,18.592,5.129,0.0,LO
6949,719,0.0,0.067,0.333,0.786,0.0,0.18,0.045,0.0,LO
6949,1409,0.0,0.808,0.976,0.003,0.033,0.117,0.0,0.0,LO
6949,1413,0.0,0.36,1.836,0.34,0.007,0.004,0.001,0.0,LO
6949,1440,0.0,0.318,0.0,0.047,0.004,0.002,0.001,0.0,LO
6949,6814,0.0,10.77,20.452,2.236,2.138,0.455,0.157,0.0,LO
6949,6867,0.0,2.179,8.265,4.785,3.05,2.139,0.077,0.0,LO
6949,6934,0.0,8.089,22.434,5.509,3.522,2.137,0.163,0.0,LO
6949,6941,0.0,2.7689998,17.159,23.965,26.753,7.042,1.129,0.0,LO
6949,6947,0.0,27.491001,24.665,18.781,11.894,2.996,0.691,0.0,LO
6949,6952,0.0,0.418,13.736,10.503,8.7699995,1.876,0.093,0.0,LO
6949,6956,0.0,1.546,10.935,13.661,3.394,2.559,0.566,0.0,LO
6949,6958,0.0,5.228,23.008,18.369999,13.408,3.756,1.073,0.0,LO
6949,6959,0.0,0.541,12.801,0.0,2.012,0.34,0.0,0.0,LO
6949,6961,0.0,2.284,0.918,4.56,1.084,0.331,0.515,0.0,LO
6949,6962,0.0,6.1470003,0.834,4.566,1.14,1.627,0.146,0.0,LO
6949,6965,0.0,58.827,103.298,40.352,12.747,5.176,2.199,0.0,LO
6949,6966,0.0,4.336,18.862999,2.5440001,0.292,1.036,0.357,0.0,LO
6949,6967,0.0,2.217,1.255,4.354,0.422,0.653,0.041,0.0,LO
6949,6968,0.0,4.521,2.183,10.125,1.989,2.579,0.57699996,0.0,LO
6949,6972,0.0,8.773,54.471,33.442,15.876,10.082,0.913,0.0,LO
6952,514,0.0,0.006,0.67899996,0.78900003,0.752,0.17400001,0.001,0.0,LO
6952,698,0.0,137.204,347.125,269.555,129.247,36.36,11.059,0.0,LO
6952,719,0.0,0.353,1.074,1.906,0.0,0.20300001,0.0,0.0,LO
6952,1409,0.0,1.1639999,1.485,0.38099998,0.282,0.002,0.0,0.0,LO
6952,1413,0.0,0.564,3.996,0.468,0.19500001,0.021,0.004,0.0,LO
6952,1440,0.0,0.507,0.0,0.193,0.29,0.17,0.003,0.0,LO
6952,1524,0.0,0.399,3.22,0.428,0.538,0.388,0.004,0.0,LO
6952,6814,0.0,1.686,8.823,6.176,5.914,1.168,0.146,0.0,LO
6952,6867,0.0,3.488,16.343,12.167,7.36,2.113,0.106,0.0,LO
6952,6934,0.0,4.491,16.229,17.673,6.717,2.344,1.125,0.0,LO
6952,6941,0.0,3.026,49.491,45.771,20.448,3.727,0.858,0.0,LO
6952,6947,0.0,7.722,14.337999,13.896,5.05,1.062,0.508,0.0,LO
6952,6949,0.0,0.987,26.408998,6.224,4.022,0.827,0.085999995,0.0,LO
6952,6956,0.0,1.738,28.685,25.075,8.132,3.546,0.629,0.0,LO
6952,6958,0.0,1.7310001,27.647999,37.716,23.449,5.961,0.9,0.0,LO
6952,6959,0.0,0.105000004,5.078,0.0,1.365,0.42299998,0.0,0.0,LO
6952,6961,0.0,3.0180001,4.171,9.331,1.14,0.885,0.917,0.0,LO
6952,6962,0.0,2.811,2.062,8.803,1.606,1.67,1.2490001,0.0,LO
6952,6965,0.0,88.483,181.283,77.731,38.737,11.318,4.078,0.0,LO
6952,6966,0.0,3.468,26.638,10.335,1.7839999,1.801,0.373,0.0,LO
6952,6967,0.0,0.47100002,2.879,10.519,1.6040001,1.4120001,0.25,0.0,LO
6952,6968,0.0,18.477001,5.061,21.807001,9.309999,1.889,1.058,0.0,LO
6952,6972,0.0,7.717,58.641003,66.93,22.318,7.543,1.25,0.0,LO
6952,6978,0.0,0.0139999995,1.574,0.875,0.474,0.33900002,0.083000004,0.0,LO
6954,514,0.0,0.70000005,3.299,2.169,0.0,0.943,0.022,0.0,LO
6954,591,0.0,0.06,0.074,0.118,0.098000005,0.014,0.0,0.0,LO
6954,603,0.0,0.0,0.0,0.0,0.0,0.035,0.0,0.0,LO
6954,686,0.0,0.065,0.127,0.442,0.311,0.079,0.0,0.0,LO
6954,719,0.0,0.0,0.009,0.49199998,0.067,0.094,0.0,0.0,LO
6954,742,0.0,100.868,411.117,379.835,258.16,70.239,13.281,0.0,LO
6954,766,0.0,1.813,0.241,0.263,0.231,0.0,0.0,0.0,LO
6954,1023,0.0,0.0,0.0,0.056,0.0,0.0,0.0,0.0,LO
6954,1409,0.0,0.237,0.426,0.585,0.24,0.126,0.004,0.0,LO
6954,1413,0.0,0.754,0.645,0.87,0.054,0.15,0.003,0.0,LO
6954,1429,0.0,0.144,2.34,1.288,1.196,0.472,0.0,0.0,LO
6954,1437,0.0,0.287,0.207,0.087000005,0.394,0.146,0.066,0.0,LO
6954,1440,0.0,0.883,1.881,0.941,0.39200002,0.214,0.0,0.0,LO
6954,1441,0.0,0.0050000004,0.328,1.7670001,1.39,0.182,0.054,0.0,LO
6954,1524,0.0,0.437,0.0,0.0,0.562,0.001,0.0,0.0,LO
6954,5595,0.0,0.041,0.0,0.019,0.074,0.035,0.0,0.0,LO
6954,6867,0.0,4.432,48.627,43.342,19.979,8.898,2.537,0.0,LO
6954,6913,0.0,0.003,0.34,0.244,0.115,0.106,0.20500001,0.0,LO
6954,6914,0.0,1.31,22.54,20.248,23.627,5.8919997,1.65,0.0,LO
6954,6919,0.0,0.24,18.382,20.473999,17.462,7.819,3.566,0.0,LO
6954,6926,0.0,1.7360001,41.442,19.263,28.257,12.876,0.905,0.0,LO
6954,6941,0.0,0.044999998,0.92,0.291,0.415,0.169,0.092,0.0,LO
6954,6956,0.0,0.033,3.433,0.359,0.71900004,0.051,0.030000001,0.0,LO
6954,6959,0.0,0.076,0.35799998,0.938,0.026,0.018000001,0.0,0.0,LO
6954,6961,0.0,13.957,41.458,37.652,21.975,6.258,3.841,0.0,LO
6954,6962,0.0,0.486,1.563,3.299,3.55,0.855,0.419,0.0,LO
6954,6965,0.0,140.881,515.981,260.954,107.433,44.751,11.848,0.0,LO
6954,6966,0.0,0.566,4.978,2.417,3.133,1.8479999,0.252,0.0,LO
6954,6973,0.0,1.6539999,21.832,36.434,18.629,6.3,1.157,0.0,LO
6954,6978,0.0,0.65599996,6.137,2.151,1.873,1.275,0.242,0.0,LO
6954,6979,0.0,0.124,2.64,1.3,2.089,0.407,0.163,0.0,LO
6954,7408,0.0,0.116,0.31599998,0.60400003,1.49,0.73,0.226,0.0,LO
6956,514,0.0,0.568,2.173,4.665,6.015,2.7120001,1.359,0.0,LO
6956,591,0.0,0.018000001,0.157,0.027999999,0.197,0.035,0.0,0.0,LO
6956,686,0.0,0.031999998,0.409,0.021,0.337,0.046000004,0.0,0.0,LO
6956,698,0.0,152.089,457.755,477.942,412.753,106.365,33.926,0.0,LO
6956,719,0.0,0.0,1.701,5.429,1.025,0.872,0.060000002,0.0,LO
6956,766,0.0,0.106,0.245,0.303,0.076000005,0.035,0.0,0.0,LO
6956,1409,0.0,0.029000001,1.561,0.345,0.638,0.142,0.0,0.0,LO
6956,1413,0.0,1.1,0.0,0.347,0.338,0.107,0.0,0.0,LO
6956,1421,0.0,2.503,0.715,1.459,0.71599996,0.159,0.002,0.0,LO
6956,1429,0.0,0.001,0.118,0.242,0.223,0.165,0.024999999,0.0,LO
6956,1437,0.0,0.341,0.209,0.56200004,0.8,0.146,0.082,0.0,LO
6956,1440,0.0,0.091000006,0.0,0.215,0.308,0.116000004,0.0,0.0,LO
6956,1445,0.0,1.946,0.0,0.138,0.007,0.156,0.001,0.0,LO
6956,1449,0.0,0.031999998,0.0,0.053,0.057,0.015000001,0.0,0.0,LO
6956,5595,0.0,0.0,0.0,0.0,0.0,0.011,0.0,0.0,LO
6956,6814,0.0,0.929,2.4160001,5.103,7.505,1.405,0.023,0.0,LO
6956,6867,0.0,3.288,26.996,21.063,23.084,8.529,2.432,0.0,LO
6956,6913,0.0,0.121999994,5.779,5.157,10.497,4.194,0.587,0.0,LO
6956,6919,0.0,0.053999998,0.437,0.23900001,0.168,0.008,0.0,0.0,LO
6956,6934,0.0,5.408,28.949,22.927,12.611,4.73,0.943,0.0,LO
6956,6941,0.0,0.119,5.473,13.379,14.318,5.614,0.935,0.0,LO
6956,6947,0.0,2.205,11.132,11.995,12.011001,4.9110003,1.975,0.0,LO
6956,6949,0.0,2.408,6.755,8.222,18.405,5.9049997,1.981,0.0,LO
6956,6952,0.0,1.918,17.012001,30.931,26.098,7.718,3.643,0.0,LO
6956,6954,0.0,0.001,0.307,0.515,0.259,0.034,0.024,0.0,LO
6956,6958,0.0,0.0,14.151999,14.347,10.729,2.634,0.475,0.0,LO
6956,6959,0.0,1.008,34.951,32.307,26.627,6.634,0.941,0.0,LO
6956,6961,0.0,6.414,25.91,19.508,18.342,5.369,2.342,0.0,LO
6956,6962,0.0,12.07,39.921,26.32,21.49,7.638,4.992,0.0,LO
6956,6965,0.0,76.666,221.589,151.941,120.88,38.356,12.467,0.0,LO
6956,6966,0.0,2.137,30.461,21.007,13.74,4.69,2.303,0.0,LO
6956,6967,0.0,1.96,5.903,12.419,3.882,2.938,1.09,0.0,LO
6956,6968,0.0,3.683,24.296,21.92,16.35,3.062,1.259,0.0,LO
6956,6972,0.0,0.266,5.67,6.866,5.453,1.788,0.936,0.0,LO
6956,6973,0.0,0.003,0.671,0.16,0.244,0.033,0.078,0.0,LO
6956,6978,0.0,1.403,2.2250001,1.831,1.441,0.362,0.169,0.0,LO
6956,6979,0.0,0.0,0.769,2.842,1.977,0.612,0.0,0.0,LO
6956,7402,0.0,0.006,0.359,1.184,2.413,0.207,0.068,0.0,LO
6956,7403,0.0,0.006,0.555,1.346,4.668,0.19600001,0.0,0.0,LO
6956,7408,0.0,0.124,0.107,1.061,1.7590001,0.593,0.0,0.0,LO
6956,7467,0.0,0.003,0.145,0.969,2.492,0.491,0.0,0.0,LO
6958,514,0.0,0.0,1.231,0.656,1.158,1.953,0.324,0.0,LO
6958,686,0.0,0.053,0.007,0.002,0.0,0.0,0.0,0.0,LO
6958,698,0.0,41.956,200.943,239.001,142.581,85.027,29.588,0.0,LO
6958,719,0.0,0.0,0.747,4.205,0.434,2.048,0.31800002,0.0,LO
6958,1413,0.0,0.15799999,0.0,0.048,0.171,0.25,0.001,0.0,LO
6958,1440,0.0,0.041,0.0,0.074,0.20300001,0.103,0.0,0.0,LO
6958,1449,0.0,0.038,0.0,0.009,0.0,0.047,0.0,0.0,LO
6958,6814,0.0,1.702,2.717,3.218,6.328,1.143,0.183,0.0,LO
6958,6867,0.0,3.132,31.483,28.476,19.725,17.678,7.901,0.0,LO
6958,6913,0.0,0.011,7.232,4.537,8.523,4.85,2.032,0.0,LO
6958,6914,0.0,0.0,0.33200002,0.136,0.2,0.083000004,0.0,0.0,LO
6958,6934,0.0,0.122999996,23.227,16.097,11.825,7.967,1.107,0.0,LO
6958,6941,0.0,1.2019999,14.607,31.789,32.801,18.549,5.387,0.0,LO
6958,6947,0.0,6.1029997,18.437,22.706,16.163,9.681,5.713,0.0,LO
6958,6949,0.0,5.9779997,9.518001,18.301,21.025,8.549,3.7020001,0.0,LO
6958,6952,0.0,3.174,26.215,26.576,25.528,21.729,9.087,0.0,LO
6958,6956,0.0,0.227,2.666,9.095,10.264,5.6740003,1.452,0.0,LO
6958,6959,0.0,1.368,74.017,50.08,33.173,13.835,4.054,0.0,LO
6958,6961,0.0,14.945,47.758,40.488,16.343,11.653,7.829,0.0,LO
6958,6962,0.0,7.827,46.147,42.671,27.625,27.469,11.804,0.0,LO
6958,6965,0.0,103.057,296.215,189.69,102.9,53.665,27.187,0.0,LO
6958,6966,0.0,5.2139997,80.689,43.169,17.594,14.906,5.482,0.0,LO
6958,6967,0.0,0.137,4.229,15.611,3.532,2.4259999,1.747,0.0,LO
6958,6968,0.0,2.013,13.492,19.656,8.905,3.116,1.5910001,0.0,LO
6958,6972,0.0,0.19,13.607,17.025,16.939001,10.276,1.306,0.0,LO
6958,6978,0.0,1.319,4.337,2.428,1.964,1.33,0.29799998,0.0,LO
6958,6979,0.0,0.142,2.948,3.833,3.289,1.657,0.608,0.0,LO
6959,514,0.0,1.046,3.196,6.821,8.493,3.6169999,0.454,0.0,LO
6959,591,0.0,0.068,0.349,0.028,0.0,0.0,0.0,0.0,LO
6959,686,0.0,0.042,0.031,0.152,0.098000005,0.004,0.0,0.0,LO
6959,698,0.0,183.002,661.37,431.544,342.571,80.762,12.199,0.0,LO
6959,719,0.0,0.983,1.244,5.769,1.156,0.578,0.104,0.0,LO
6959,755,0.0,0.108,0.0,0.0,0.019,0.0,0.0,0.0,LO
6959,1409,0.0,0.49400002,0.45,0.34600002,0.445,0.234,0.002,0.0,LO
6959,1413,0.0,1.392,1.595,2.139,0.464,0.14,0.0,0.0,LO
6959,1421,0.0,0.613,1.193,1.294,0.553,0.003,0.0,0.0,LO
6959,1429,0.0,0.482,0.18100001,0.38,0.435,0.107999995,0.0,0.0,LO
6959,1437,0.0,0.207,0.213,0.15100001,0.695,0.082,0.0,0.0,LO
6959,1440,0.0,1.875,0.0,0.548,0.348,0.056,0.0,0.0,LO
6959,1448,0.0,0.619,0.637,0.461,0.563,0.003,0.0,0.0,LO
6959,1449,0.0,0.145,0.0,0.075,0.115,0.0,0.0,0.0,LO
6959,5595,0.0,0.0,0.0,0.0,0.032,0.015000001,0.0,0.0,LO
6959,6814,0.0,0.483,0.765,1.195,3.077,0.37,0.065,0.0,LO
6959,6867,0.0,3.327,23.17,17.592,12.6119995,6.868,0.725,0.0,LO
6959,6913,0.0,0.024,7.921,17.75,19.909,4.595,2.166,0.0,LO
6959,6919,0.0,0.047,0.651,0.363,0.514,0.19,0.003,0.0,LO
6959,6934,0.0,4.62,43.488,26.980999,20.082,3.951,1.35,0.0,LO
6959,6941,0.0,0.329,44.984,71.303,55.033,9.568,1.462,0.0,LO
6959,6949,0.0,0.006,0.973,2.5939999,7.378,1.235,0.271,0.0,LO
6959,6952,0.0,0.031,0.576,0.0,4.155,0.0,0.0,0.0,LO
6959,6954,0.0,0.028,0.293,0.501,0.125,0.053,0.0,0.0,LO
6959,6956,0.0,1.177,34.597,42.925,30.693,6.344,1.107,0.0,LO
6959,6958,0.0,4.715,45.738,67.039,60.195,12.829,2.3109999,0.0,LO
6959,6961,0.0,5.433,39.051,15.342,13.751,2.661,1.439,0.0,LO
6959,6962,0.0,8.911,25.667,14.286,20.989,9.058001,1.0899999,0.0,LO
6959,6965,0.0,136.472,503.831,222.269,136.51399,43.848,6.921,0.0,LO
6959,6966,0.0,5.2260003,42.257,16.047,8.218,2.435,0.44,0.0,LO
6959,6967,0.0,1.184,2.279,9.882999,4.269,2.742,0.34600002,0.0,LO
6959,6968,0.0,26.566,42.286,35.165,24.103,3.306,1.475,0.0,LO
6959,6972,0.0,2.4490001,83.545,116.604,89.722,16.612,1.677,0.0,LO
6959,6978,0.0,0.782,2.323,0.531,0.414,0.234,0.295,0.0,LO
6959,6979,0.0,0.968,1.857,1.51,1.125,0.867,0.16700001,0.0,LO
6959,7402,0.0,0.033999998,0.183,0.971,2.079,0.725,0.105,0.0,LO
6959,7403,0.0,0.162,0.42700002,1.179,2.72,0.502,0.0050000004,0.0,LO
6959,7408,0.0,0.167,0.92399997,1.337,1.4100001,0.78999996,0.069,0.0,LO
6959,7467,0.0,0.0,0.135,1.156,3.973,0.198,0.002,0.0,LO
6961,603,0.0,0.152,0.603,0.439,0.504,0.32,0.179,0.0,LO
6961,698,0.0,2.6330001,17.198,30.688,37.662,15.5859995,10.456,0.0,LO
6961,742,0.0,3.726,27.574,90.77,131.455,57.15,32.007,0.0,LO
6961,1429,0.0,0.0,0.156,1.281,0.99,0.721,0.0,0.0,LO
6961,1439,0.0,0.604,2.516,0.842,0.801,0.652,0.17199999,0.0,LO
6961,1440,0.0,0.0,2.623,1.708,1.658,1.029,0.0,0.0,LO
6961,1449,0.0,0.0,0.095,0.311,0.191,0.095000006,0.0,0.0,LO
6961,6814,0.0,0.003,0.151,0.77500004,0.045,0.355,0.08,0.0,LO
6961,6867,0.0,0.465,14.603,17.591,20.544,10.634,5.441,0.0,LO
6961,6913,0.0,0.111,1.812,5.316,16.349,3.879,5.097,0.0,LO
6961,6914,0.0,0.505,7.6060004,16.94,24.896,9.384,5.394,0.0,LO
6961,6919,0.0,0.773,14.007,31.653,36.797,16.914,8.241,0.0,LO
6961,6926,0.0,1.046,9.831,16.633,16.567,20.233,2.502,0.0,LO
6961,6934,0.0,0.186,15.413,14.078,19.476,9.833,5.787,0.0,LO
6961,6941,0.0,1.036,9.605,23.796,38.675,21.579,4.519,0.0,LO
6961,6947,0.0,5.5,6.659,9.429,2.754,5.992,1.3889999,0.0,LO
6961,6949,0.0,0.433,1.773,4.396,1.528,1.186,0.459,0.0,LO
6961,6952,0.0,0.411,2.658,9.593,2.326,5.708,2.3009999,0.0,LO
6961,6954,0.0,0.564,13.403999,31.055,27.546,12.5390005,7.495,0.0,LO
6961,6956,0.0,1.148,12.1,17.663,21.568,10.1310005,4.988,0.0,LO
6961,6958,0.0,1.504,11.873,28.516,65.064,30.968,9.234,0.0,LO
6961,6959,0.0,0.651,8.069,10.0130005,32.209,6.891,5.4579997,0.0,LO
6961,6962,0.0,0.0,0.837,3.442,2.556,1.536,1.137,0.0,LO
6961,6965,0.0,7.88,53.45,55.101,42.991,14.412,8.088,0.0,LO
6961,6966,0.0,0.137,4.436,13.476,8.494,2.964,1.512,0.0,LO
6961,6967,0.0,0.1,1.12,18.396,5.09,7.284,5.875,0.0,LO
6961,6968,0.0,6.7860003,16.561,32.261,31.025,11.769,8.889,0.0,LO
6961,6972,0.0,1.034,19.171999,24.531,49.878002,20.696,6.932,0.0,LO
6961,6973,0.0,2.1230001,14.017,37.391,61.785,30.754,15.211,0.0,LO
6962,603,0.0,0.0,0.555,0.128,0.626,0.187,0.0,0.0,LO
6962,698,0.0,5.878,36.273,68.194,85.856,51.415,20.063,0.0,LO
6962,719,0.0,0.0,0.015999999,0.206,0.0,0.0,0.0,0.0,LO
6962,742,0.0,0.064,1.523,7.633,10.257,9.224,2.744,0.0,LO
6962,1409,0.0,0.0,1.5619999,0.292,1.166,1.044,0.284,0.0,LO
6962,1413,0.0,0.249,1.241,1.2870001,0.939,0.837,0.368,0.0,LO
6962,1439,0.0,0.0,1.9480001,1.307,1.923,0.856,0.391,0.0,LO
6962,1440,0.0,0.0,2.364,3.111,1.669,0.944,0.742,0.0,LO
6962,1449,0.0,0.0,0.139,0.192,0.477,0.22500001,0.042,0.0,LO
6962,6814,0.0,0.0,0.0,0.82,0.528,0.235,0.151,0.0,LO
6962,6867,0.0,1.573,3.8509998,8.76,11.13,7.151,2.2910001,0.0,LO
6962,6913,0.0,0.662,1.453,3.683,10.77,5.83,2.542,0.0,LO
6962,6914,0.0,0.001,0.779,1.548,3.853,0.947,0.321,0.0,LO
6962,6919,0.0,0.0,1.359,2.6660001,5.853,1.493,0.417,0.0,LO
6962,6926,0.0,0.0,0.23200001,2.168,2.459,1.286,0.0,0.0,LO
6962,6934,0.0,2.5549998,18.513,36.329998,34.118,25.952,12.093,0.0,LO
6962,6941,0.0,2.598,14.451,22.942,51.209,20.111,9.110001,0.0,LO
6962,6947,0.0,4.546,8.507,8.486,11.784,3.326,2.388,0.0,LO
6962,6949,0.0,1.96,3.2910001,3.479,7.472,5.301,2.708,0.0,LO
6962,6952,0.0,1.622,5.392,6.4,7.352,6.3009996,2.624,0.0,LO
6962,6954,0.0,0.034,2.314,5.004,3.469,0.718,0.40600002,0.0,LO
6962,6956,0.0,1.234,18.652,22.951,24.332,12.212,6.083,0.0,LO
6962,6958,0.0,5.502,22.947,45.423,73.465,37.124,12.6119995,0.0,LO
6962,6959,0.0,2.102,15.349,14.723,22.294,10.037,2.2549999,0.0,LO
6962,6961,0.0,0.0,0.434,3.311,2.669,2.869,0.83,0.0,LO
6962,6965,0.0,8.407,116.012,72.795,40.392,21.891,8.774,0.0,LO
6962,6966,0.0,0.0,0.444,5.341,2.524,1.492,0.658,0.0,LO
6962,6967,0.0,0.346,3.713,22.77,6.899,12.018,5.56,0.0,LO
6962,6968,0.0,5.537,26.268,48.458,44.215,17.0,8.085,0.0,LO
6962,6972,0.0,7.282,22.43,33.202,40.991,14.625,2.929,0.0,LO
6962,6973,0.0,0.001,0.521,4.691,4.975,5.079,1.038,0.0,LO
6965,698,0.0,7.302,51.4,89.113,157.446,93.082,69.301,0.0,LO
6965,742,0.0,13.458,59.71,441.288,1038.001,489.188,330.072,15.9,LO
6965,1429,0.0,0.0,0.0,0.429,0.29299998,0.389,0.033,0.0,LO
6965,6814,0.0,0.376,1.962,6.284,1.875,3.1560001,7.196,0.0,LO
6965,6867,0.0,7.8,61.987,185.871,294.074,234.241,157.883,7.9909997,LO
6965,6913,0.0,8.673,17.121,55.571,247.56,141.954,73.384,0.0,LO
6965,6914,0.0,1.649,35.349,285.729,749.553,306.341,210.261,10.737,LO
6965,6919,0.0,2.464,56.406,344.571,789.874,322.824,226.054,10.616,LO
6965,6926,0.0,10.364,116.501,260.727,493.604,536.465,103.479996,0.001,LO
6965,6934,0.0,6.728,39.912,134.604,247.949,149.099,70.593,0.0,LO
6965,6941,0.0,9.849,66.71,205.271,340.19,211.795,128.982,0.0,LO
6965,6947,0.0,57.035,49.904,61.732,116.803,61.218,30.174,0.0,LO
6965,6949,0.0,3.248,8.325,35.194,88.611,44.151,19.944,0.0,LO
6965,6952,0.0,8.855,18.309,74.111,128.527,63.394,36.662,0.0,LO
6965,6954,0.0,2.195,48.808,227.953,320.777,178.016,114.342,5.401,LO
6965,6956,0.0,3.399,81.942,111.613,197.901,96.713,44.929,0.0,LO
6965,6958,0.0,15.248,40.541,146.141,342.812,135.281,103.606,0.0,LO
6965,6959,0.0,3.153,65.475,177.49901,392.297,182.743,115.592,0.0,LO
6965,6961,0.0,0.842,27.041,39.288,50.582,34.733,19.272,0.0,LO
6965,6962,0.0,0.839,30.628,66.178,104.992,59.571,34.942,0.0,LO
6965,6966,0.0,4.954,137.87,334.634,470.407,285.983,103.44,0.0,LO
6965,6967,0.0,9.717,11.637,132.086,89.773,89.722,56.39,0.0,LO
6965,6968,0.0,25.715,41.642002,93.886,173.664,67.078,48.72,0.0,LO
6965,6972,0.0,12.844,92.426,145.309,355.469,164.903,72.397,0.0,LO
6965,6973,0.0,4.793,52.071,226.732,520.5,245.359,159.901,10.813001,LO
6965,6978,0.0,0.0,0.014,0.066,0.0,0.0,0.064,0.0,LO
6965,6979,0.0,0.002,0.704,1.104,0.384,1.115,0.296,0.0,LO
6966,698,0.0,10.769,129.276,161.695,185.615,57.997,22.532,0.0,LO
6966,719,0.0,0.0,0.068,0.221,0.013,0.029,0.0,0.0,LO
6966,742,0.0,0.035,2.424,5.526,11.843,4.926,1.663,0.0,LO
6966,1083,0.0,0.012,0.128,0.043,0.032,0.065,0.017,0.0,LO
6966,6814,0.0,0.0,0.301,1.54,0.75,0.247,0.035,0.0,LO
6966,6867,0.0,0.022,9.507,3.04,6.053,1.649,0.367,0.0,LO
6966,6913,0.0,0.50200003,3.858,3.737,10.736,5.0750003,2.321,0.0,LO
6966,6914,0.0,0.004,2.3,3.2450001,1.855,0.505,0.275,0.0,LO
6966,6919,0.0,0.004,1.607,4.504,2.194,0.973,0.248,0.0,LO
6966,6934,0.0,0.0,28.187,30.888,24.460001,19.557,5.359,0.0,LO
6966,6941,0.0,1.1340001,21.432,13.658,26.032,9.956,4.537,0.0,LO
6966,6947,0.0,0.267,7.792,6.804,4.441,3.6430001,0.654,0.0,LO
6966,6949,0.0,0.026,1.604,3.624,7.247,1.96,0.44799998,0.0,LO
6966,6952,0.0,0.777,5.407,9.651,10.219,2.734,0.927,0.0,LO
6966,6954,0.0,0.01,1.7030001,3.26,2.153,0.87700003,0.24000001,0.0,LO
6966,6956,0.0,1.6899999,14.946,16.139,20.961,8.477,2.776,0.0,LO
6966,6958,0.0,0.593,8.668,43.593,57.893,17.841,9.871,0.0,LO
6966,6959,0.0,0.579,11.095,10.662,24.324001,5.258,2.546,0.0,LO
6966,6961,0.0,0.0,3.096,12.05,8.759,4.028,1.135,0.0,LO
6966,6962,0.0,0.0,1.309,4.532,2.875,1.328,0.238,0.0,LO
6966,6965,0.0,26.088001,725.264,370.945,241.016,72.09,31.877,0.0,LO
6966,6967,0.0,0.336,2.333,22.475,6.379,7.623,3.499,0.0,LO
6966,6968,0.0,8.266,14.649,27.437,34.047,14.215,5.638,0.0,LO
6966,6972,0.0,0.641,23.163,20.608,32.679,11.63,3.399,0.0,LO
6966,6973,0.0,0.007,1.3989999,4.018,7.158,2.848,1.205,0.0,LO
6967,603,0.0,0.0,0.013,0.0,0.0,0.0,0.0,0.0,LO
6967,698,0.0,8.111,70.623,254.413,80.815,47.57,19.112,0.0,LO
6967,719,0.0,0.0,0.143,2.008,0.257,0.536,0.326,0.0,LO
6967,742,0.0,0.0,0.03,0.0,0.0,0.0,0.0,0.0,LO
6967,1440,0.0,0.0,0.14,0.447,0.529,0.089999996,0.0,0.0,LO
6967,6814,0.0,0.083,0.073,0.836,0.846,0.368,0.095000006,0.0,LO
6967,6867,0.0,0.034,0.419,5.762,2.779,3.642,0.751,0.0,LO
6967,6913,0.0,0.61800003,0.777,2.928,2.626,2.0770001,0.824,0.0,LO
6967,6934,0.0,0.051,0.238,5.551,1.119,0.956,0.0,0.0,LO
6967,6941,0.0,0.092,4.76,12.907,5.4969997,3.921,2.046,0.0,LO
6967,6947,0.0,2.902,1.332,5.2860003,3.084,2.292,0.367,0.0,LO
6967,6949,0.0,0.013,0.608,2.96,2.6,1.274,0.443,0.0,LO
6967,6952,0.0,0.38799998,1.8100001,5.018,1.944,3.057,1.215,0.0,LO
6967,6956,0.0,0.078999996,2.157,12.191,5.646,3.319,2.142,0.0,LO
6967,6958,0.0,0.0,2.328,16.042,7.213,5.974,1.75,0.0,LO
6967,6959,0.0,0.118,3.433,8.191,3.424,1.909,2.081,0.0,LO
6967,6961,0.0,0.303,3.061,15.267,4.793,5.613,4.004,0.0,LO
6967,6962,0.0,0.23900001,5.2269998,36.57,10.507,11.328,9.289,0.0,LO
6967,6965,0.0,9.098,83.893,216.256,44.13,26.743,12.042,0.0,LO
6967,6966,0.0,0.497,7.825,35.267998,8.34,10.3619995,3.8990002,0.0,LO
6967,6968,0.0,0.0,1.476,10.335,5.687,3.886,1.676,0.0,LO
6967,6972,0.0,0.04,3.6399999,7.796,9.098001,6.003,0.84000003,0.0,LO
6968,698,0.0,7.653,37.384,41.988,38.825,11.182,6.032,0.0,LO
6968,719,0.0,0.0,0.271,5.185,0.87600005,0.511,0.207,0.0,LO
6968,6814,0.0,0.003,0.421,3.944,2.498,2.583,0.176,0.0,LO
6968,6867,0.0,0.0,9.854,18.991,12.003,4.148,0.221,0.0,LO
6968,6913,0.0,0.214,4.761,6.838,10.869,4.232,1.35,0.0,LO
6968,6934,0.0,0.0,8.585,8.264,5.123,1.7459999,0.452,0.0,LO
6968,6941,0.0,1.708,20.397,52.104,48.209,14.802,7.109,0.0,LO
6968,6947,0.0,12.353,8.988,18.663,3.647,5.82,1.072,0.0,LO
6968,6949,0.0,0.542,2.244,8.552,4.727,5.314,1.536,0.0,LO
6968,6952,0.0,1.198,10.893,18.77,5.466,8.614,4.2139997,0.0,LO
6968,6956,0.0,0.596,14.233,19.807,19.486,4.609,2.424,0.0,LO
6968,6958,0.0,0.0,4.23,20.44,14.8949995,4.036,1.335,0.0,LO
6968,6959,0.0,0.939,22.086,29.627,21.122,7.3250003,3.468,0.0,LO
6968,6961,0.0,4.525,23.344,30.516,20.234,6.859,4.296,0.0,LO
6968,6962,0.0,4.227,44.675,46.666,36.994,16.13,8.639,0.0,LO
6968,6965,0.0,45.681,203.239,143.76399,92.903,18.729,9.109,0.0,LO
6968,6966,0.0,1.114,36.342,36.464,22.741,6.669,3.869,0.0,LO
6968,6967,0.0,0.0,1.137,8.289,2.098,0.852,1.173,0.0,LO
6968,6972,0.0,1.673,15.8,26.425,32.44,9.464,3.25,0.0,LO
6968,6978,0.0,0.198,3.591,3.831,3.459,1.588,0.0,0.0,LO
6972,514,0.0,1.835,5.547,6.563,12.94,4.3,0.536,0.0,LO
6972,591,0.0,0.045,0.413,0.065,0.165,0.007,0.0,0.0,LO
6972,686,0.0,0.039,0.57,0.060000002,0.292,0.058,0.031,0.0,LO
6972,698,0.0,180.759,671.393,562.404,470.456,112.579,32.496,0.0,LO
6972,719,0.0,0.0,4.38,7.634,1.371,1.511,0.067,0.0,LO
6972,766,0.0,0.136,0.17,0.493,0.631,0.066,0.0,0.0,LO
6972,1413,0.0,1.875,0.0,1.01,0.524,0.219,0.16,0.0,LO
6972,1437,0.0,0.67,0.389,0.365,0.514,0.052,0.0,0.0,LO
6972,1440,0.0,0.542,0.0,0.24700001,0.53999996,0.249,0.0,0.0,LO
6972,1445,0.0,0.824,0.39,0.561,1.21,0.089,0.0,0.0,LO
6972,1448,0.0,0.549,0.736,1.2969999,1.483,0.198,0.0,0.0,LO
6972,1449,0.0,0.058000002,0.0,0.060000002,0.104,0.04,0.026,0.0,LO
6972,1524,0.0,0.014,2.131,1.17,0.62700003,0.502,0.0,0.0,LO
6972,5595,0.0,0.0,0.0,0.0,0.0,0.036,0.0,0.0,LO
6972,6814,0.0,1.072,10.7369995,13.312,13.932,2.559,0.114,0.0,LO
6972,6867,0.0,4.458,39.276,26.749,18.667,8.129,2.8799999,0.0,LO
6972,6913,0.0,0.098,13.741,10.075,17.747,4.742,0.299,0.0,LO
6972,6934,0.0,0.729,38.031,24.117,24.868,7.3910003,2.4589999,0.0,LO
6972,6941,0.0,0.317,4.216,6.543,6.97,0.933,0.676,0.0,LO
6972,6947,0.0,5.513,39.641,22.26,21.089,7.313,1.6199999,0.0,LO
6972,6949,0.0,3.056,28.113,29.21,45.263,15.182,2.712,0.0,LO
6972,6952,0.0,2.802,87.718,42.413,45.75,18.414,3.08,0.0,LO
6972,6956,0.0,0.0,9.208,5.85,6.789,2.381,0.604,0.0,LO
6972,6958,0.0,0.218,12.69,18.029,19.95,4.169,0.728,0.0,LO
6972,6959,0.0,2.127,94.322,59.959,48.759,13.715,2.902,0.0,LO
6972,6961,0.0,4.066,47.461,31.273,21.969,3.342,2.721,0.0,LO
6972,6962,0.0,13.931999,33.073,27.11,19.994,8.616,3.379,0.0,LO
6972,6965,0.0,97.086,327.078,198.989,118.229,31.242,14.905,0.0,LO
6972,6966,0.0,4.341,30.575,19.361,17.143,7.292,2.892,0.0,LO
6972,6967,0.0,3.017,2.9620001,10.418,3.361,2.582,1.446,0.0,LO
6972,6968,0.0,7.853,31.587,22.499,27.686,7.2139997,0.814,0.0,LO
6972,6978,0.0,1.598,4.685,1.525,1.0,0.211,0.016,0.0,LO
6972,6979,0.0,0.171,1.661,2.41,2.113,0.804,0.36,0.0,LO
6972,7402,0.0,0.006,0.805,0.621,2.996,0.59099996,0.0,0.0,LO
6972,7403,0.0,0.006,0.568,0.284,2.652,0.895,0.0,0.0,LO
6972,7408,0.0,0.097,1.324,1.396,2.742,0.213,0.15,0.0,LO
6972,7467,0.0,0.004,0.65,0.54,3.836,0.68,0.070999995,0.0,LO
6973,603,0.0,0.096999995,0.0,0.15100001,0.141,0.069,0.0,0.0,LO
6973,719,0.0,0.0,0.011,0.243,0.066,0.053,0.089,0.0,LO
6973,742,0.0,2.178,43.287,42.085,31.366,11.133,3.685,0.536,LO
6973,1429,0.0,0.163,1.706,2.9850001,1.607,0.651,0.229,0.0,LO
6973,1437,0.0,0.075,0.456,0.294,0.44300002,0.201,0.0,0.0,LO
6973,1440,0.0,0.917,0.952,1.1,0.213,0.24000001,0.0,0.0,LO
6973,6867,0.0,3.936,67.44,47.796,33.318,16.329,2.96,0.0,LO
6973,6914,0.0,0.32099998,16.557,13.883,15.053,5.1670003,0.489,0.081,LO
6973,6919,0.0,0.191,26.876999,18.644001,21.058,9.099,2.604,0.305,LO
6973,6926,0.0,4.846,55.713,43.713,24.657,25.248001,1.168,0.0,LO
6973,6954,0.0,0.027,20.302,47.37,22.375,8.116,1.732,0.078,LO
6973,6961,0.0,21.552,65.187,54.707,41.539,15.606,4.953,0.0,LO
6973,6962,0.0,1.249,3.201,3.296,1.796,2.075,0.847,0.0,LO
6973,6965,0.0,147.38,623.992,237.864,128.74,42.506,12.74,0.0,LO
6973,6966,0.0,0.556,10.066,5.536,2.216,1.341,0.74200004,0.0,LO
6973,6978,0.0,0.278,8.104,3.126,0.994,1.076,0.335,0.0,LO
6973,6979,0.0,0.429,3.877,2.386,2.11,1.3,0.42,0.0,LO
6977,514,0.0,0.0,0.0,0.71999997,0.0,0.792,0.107,0.0,LO
6977,591,0.0,8.081,53.600998,15.039,18.108,8.809,5.198,0.0,LO
6977,596,0.0,2.2779999,3.9169998,1.808,1.097,0.618,0.376,0.0,LO
6977,597,0.0,0.38300002,1.3529999,0.997,3.041,1.793,0.502,0.0,LO
6977,603,0.0,151.225,1231.015,1502.733,1155.733,516.723,245.233,0.0,LO
6977,618,0.0,1.461,23.214,16.936,5.607,7.454,0.282,0.0,LO
6977,620,0.0,0.0,0.44799998,1.201,1.302,0.46600002,0.117,0.0,LO
6977,621,0.0,1.158,10.275,9.473,3.867,2.824,2.946,0.0,LO
6977,659,0.0,0.517,0.277,0.375,1.926,0.451,0.145,0.0,LO
6977,680,0.0,0.0,0.274,0.269,0.089,0.024,0.036000002,0.0,LO
6977,686,0.0,7.807,43.745,26.824,35.948,15.177,8.729,0.0,LO
6977,717,0.0,0.778,0.817,1.387,1.319,1.091,0.085,0.0,LO
6977,719,0.0,107.292,699.92,1366.432,1368.088,508.449,169.777,0.0,LO
6977,751,0.0,0.546,0.97400004,3.289,5.3120003,3.895,0.0,0.0,LO
6977,755,0.0,3.831,29.625,19.861,13.283,9.206,4.155,0.0,LO
6977,763,0.0,0.065,1.938,3.151,3.098,1.507,0.216,0.0,LO
6977,766,0.0,12.204,45.121,33.745,55.527,21.986,8.457,0.0,LO
6977,788,0.0,0.471,2.168,3.475,4.1150002,2.839,2.329,0.0,LO
6977,1022,0.0,0.0,1.688,1.3989999,0.554,0.47300002,0.266,0.0,LO
6977,1023,0.0,0.0,1.237,2.8140001,1.592,0.581,0.842,0.0,LO
6977,1024,0.0,0.0,2.889,9.379,5.501,4.099,2.333,0.0,LO
6977,1039,0.0,0.0,1.168,1.374,1.841,1.08,0.347,0.0,LO
6977,1082,0.0,0.0,2.153,3.96,2.803,0.765,0.337,0.0,LO
6977,1083,0.0,0.012,0.235,0.537,0.867,1.022,0.639,0.0,LO
6977,1085,0.0,0.0,0.498,1.938,1.39,0.331,0.371,0.0,LO
6977,1395,0.0,0.036,0.165,0.404,0.721,0.40399998,0.102,0.0,LO
6977,1402,0.0,1.494,3.273,1.785,2.833,1.03,0.718,0.0,LO
6977,1404,0.0,1.7850001,17.391,11.749,10.033999,9.323,2.755,0.0,LO
6977,1409,0.0,0.874,49.878,29.391,21.474,15.431,7.973,0.0,LO
6977,1413,0.0,5.362,79.807,57.257,23.151,20.846,10.591001,0.0,LO
6977,1421,0.0,17.833,115.66,73.859,103.643,42.878,26.38,0.0,LO
6977,1429,0.0,0.776,18.407,82.013,41.596,29.885,25.898,0.0,LO
6977,1437,0.0,2.408,18.42,27.838,28.844,15.524,9.3550005,0.0,LO
6977,1438,0.0,0.704,42.329,19.303,11.677,7.532,10.762,0.0,LO
6977,1439,0.0,7.093,114.764,60.167,52.722,28.165,14.167,0.0,LO
6977,1440,0.0,20.436,305.325,207.383,137.032,86.721,46.838,0.0,LO
6977,1441,0.0,0.0,9.551,29.566,21.872,17.534,11.819,0.0,LO
6977,1442,0.0,4.2,1.631,0.776,0.727,0.524,0.0,0.0,LO
6977,1443,0.0,0.0,0.47300002,0.784,1.045,0.325,1.245,0.0,LO
6977,1445,0.0,11.023,70.584,46.229,54.357,19.059,12.924,0.0,LO
6977,1448,0.0,0.349,59.334,33.168,35.401,11.611,6.149,0.0,LO
6977,1449,0.0,1.077,18.52,11.556,9.447,6.85,2.845,0.0,LO
6977,1452,0.0,3.343,28.157999,7.895,8.598,5.955,3.441,0.0,LO
6977,1524,0.0,0.24,1.033,2.234,2.511,2.793,0.001,0.0,LO
6977,5150,0.0,0.0,1.618,2.369,2.984,1.671,0.0,0.0,LO
6977,5345,0.0,0.313,3.65,3.849,4.235,3.577,4.737,0.0,LO
6977,5356,0.0,0.022,1.228,1.951,2.17,3.864,2.823,0.0,LO
6977,5362,0.0,0.0,1.872,1.484,2.694,1.336,0.96599996,0.0,LO
6977,5376,0.0,0.0,0.284,0.728,2.081,1.239,0.793,0.0,LO
6977,5378,0.0,0.0,0.0,0.042,0.0,0.0,0.0,0.0,LO
6977,5397,0.0,0.0,0.991,1.436,2.4980001,0.95,0.608,0.0,LO
6977,5404,0.0,0.044,1.796,2.469,2.622,2.329,1.625,0.0,LO
6977,5411,0.0,1.776,5.735,4.939,4.269,1.62,0.7,0.0,LO
6977,5418,0.0,0.0,0.94,0.838,1.915,1.324,1.069,0.0,LO
6977,5420,0.0,0.0,0.0,0.0,0.0,0.01,0.0,0.0,LO
6977,5421,0.0,0.064,0.98399997,1.53,1.1340001,0.254,0.762,0.0,LO
6977,5423,0.0,0.123,1.61,3.1660001,2.326,2.261,1.272,0.0,LO
6977,5424,0.0,0.081,0.026,0.576,0.531,0.537,0.63,0.0,LO
6977,5437,0.0,0.0,0.657,2.386,3.236,2.202,1.163,0.0,LO
6977,5595,0.0,4.133,25.118,25.859,30.584,19.207,10.320001,0.0,LO
6977,6977,0.0,0.057,0.208,1.4860001,0.173,0.583,0.077,0.0,LO
6977,6978,0.0,0.995,36.387,55.833,39.922,51.847,18.695,0.0,LO
6977,6979,0.0,0.19,16.421,40.648,25.648,21.502,6.943,0.0,LO
6977,9586,0.0,1.0649999,14.673,5.2669997,6.751,1.3610001,0.61300004,0.0,LO
6977,9587,0.0,5.8209996,62.223,27.623,23.967001,16.149,3.121,0.0,LO
6978,591,0.0,1.442,10.826,4.121,8.831,3.328,1.073,0.0,LO
6978,596,0.0,0.519,0.527,0.358,0.435,0.278,0.11,0.0,LO
6978,597,0.0,0.054,0.56299996,0.526,1.393,0.127,0.001,0.0,LO
6978,603,0.0,59.59,435.378,470.208,448.845,184.636,121.012,0.0,LO
6978,618,0.0,0.447,7.086,4.9900002,2.177,1.224,0.57199997,0.0,LO
6978,621,0.0,0.026,1.1850001,3.036,2.093,0.628,0.752,0.0,LO
6978,659,0.0,0.0,0.311,0.932,0.58100003,0.104,0.131,0.0,LO
6978,686,0.0,0.733,5.693,6.369,6.762,3.299,4.875,0.0,LO
6978,698,0.0,0.053,0.0,0.0,0.082,0.0,0.0,0.0,LO
6978,717,0.0,0.312,0.684,0.5,0.729,0.291,0.126,0.0,LO
6978,719,0.0,40.437,538.818,455.348,377.29,164.216,117.259,0.0,LO
6978,742,0.0,0.0,0.192,1.428,4.3129997,1.028,0.232,0.0,LO
6978,751,0.0,0.195,0.871,0.952,1.732,0.384,0.002,0.0,LO
6978,755,0.0,0.535,11.815,6.924,7.146,2.914,1.123,0.0,LO
6978,763,0.0,0.002,1.316,1.657,1.345,0.518,0.616,0.0,LO
6978,766,0.0,2.953,17.458,11.191,17.496,4.999,2.674,0.0,LO
6978,788,0.0,0.0,0.076,0.11,0.508,0.0,0.655,0.0,LO
6978,1022,0.0,0.0,3.227,3.284,2.346,1.873,1.164,0.0,LO
6978,1023,0.0,0.207,3.08,4.259,3.014,4.613,1.28,0.0,LO
6978,1024,0.0,0.18,9.754,14.053,7.7530003,6.987,2.585,0.0,LO
6978,1082,0.0,0.0,2.426,0.616,0.242,1.181,0.228,0.0,LO
6978,1083,0.0,0.04,0.165,0.192,0.236,0.193,0.26,0.0,LO
6978,1085,0.0,0.0,1.827,0.38,0.98800004,0.685,0.489,0.0,LO
6978,1402,0.0,0.003,0.751,1.207,0.757,0.673,0.289,0.0,LO
6978,1404,0.0,0.13,4.2469997,3.206,4.029,4.863,3.269,0.0,LO
6978,1409,0.0,0.927,15.295,5.887,7.854,3.065,4.631,0.0,LO
6978,1413,0.0,0.429,14.157,9.836,6.2999997,4.512,4.4700003,0.0,LO
6978,1421,0.0,2.518,10.613,11.554,45.391,10.402,6.922,0.0,LO
6978,1429,0.0,1.474,39.794,67.801,68.502,50.835,50.311,0.0,LO
6978,1437,0.0,0.868,4.659,6.674,9.122,3.43,2.536,0.0,LO
6978,1438,0.0,0.294,6.027,2.126,2.192,1.227,2.978,0.0,LO
6978,1439,0.0,1.037,32.639,19.734,18.717,9.232,3.869,0.0,LO
6978,1440,0.0,9.504,90.119,61.097,46.442,26.114,17.598,0.0,LO
6978,1441,0.0,0.030000001,12.771,15.231,22.731,11.934,7.744,0.0,LO
6978,1445,0.0,1.398,12.841,9.754,18.125,4.543,4.526,0.0,LO
6978,1448,0.0,0.0,10.046,5.584,6.785,3.6499999,1.7409999,0.0,LO
6978,1449,0.0,0.222,3.906,2.492,3.433,1.932,1.121,0.0,LO
6978,1452,0.0,0.229,7.083,5.266,5.197,1.741,1.6620001,0.0,LO
6978,1524,0.0,0.235,1.06,0.37600002,2.426,1.484,0.571,0.0,LO
6978,5150,0.0,0.0,0.833,0.107999995,0.99,0.781,0.413,0.0,LO
6978,5345,0.0,0.0,1.223,2.246,2.9090002,2.565,2.795,0.0,LO
6978,5356,0.0,0.0,0.184,1.1060001,2.19,1.311,0.50699997,0.0,LO
6978,5362,0.0,0.0,0.607,1.135,3.448,1.363,1.036,0.0,LO
6978,5376,0.0,0.0,0.011,0.328,1.229,0.494,0.741,0.0,LO
6978,5404,0.0,0.002,0.492,2.145,3.062,1.586,1.418,0.0,LO
6978,5411,0.0,0.25800002,0.77099997,0.907,1.034,0.099,0.656,0.0,LO
6978,5418,0.0,0.0,0.438,0.624,1.652,0.866,0.763,0.0,LO
6978,5421,0.0,0.04,1.71,0.386,0.608,0.546,0.45499998,0.0,LO
6978,5423,0.0,0.17199999,0.454,0.981,1.658,2.019,2.6729999,0.0,LO
6978,5424,0.0,0.004,0.56299996,0.461,0.477,0.724,0.802,0.0,LO
6978,5437,0.0,0.103,0.322,0.739,2.214,0.693,0.642,0.0,LO
6978,5595,0.0,0.815,5.5559998,7.981,7.769,7.41,2.8569999,0.0,LO
6978,6914,0.0,0.249,0.493,0.74,3.166,0.295,0.329,0.0,LO
6978,6919,0.0,0.0,0.246,2.071,1.464,0.638,0.439,0.0,LO
6978,6926,0.0,0.0,0.584,0.173,0.94,1.411,0.197,0.0,LO
6978,6934,0.0,0.0,0.31100002,0.988,2.359,0.84999996,0.524,0.0,LO
6978,6941,0.0,0.097,1.049,0.942,4.3980002,1.239,0.106,0.0,LO
6978,6954,0.0,0.096,2.148,1.766,2.3799999,0.406,0.06,0.0,LO
6978,6956,0.0,0.14999999,1.802,1.989,3.377,0.489,0.114,0.0,LO
6978,6958,0.0,0.007,2.346,2.056,7.61,1.482,0.63199997,0.0,LO
6978,6959,0.0,0.042999998,0.863,0.794,2.685,0.954,0.273,0.0,LO
6978,6961,0.0,0.0,0.663,1.021,0.576,0.315,0.40899998,0.0,LO
6978,6965,0.0,0.24,0.889,1.008,0.702,0.042,0.111,0.0,LO
6978,6968,0.0,0.03,3.096,3.059,6.709,1.054,1.026,0.0,LO
6978,6972,0.0,0.010000001,1.975,1.26,7.294,0.428,0.209,0.0,LO
6978,6973,0.0,0.0,0.033,1.627,4.369,1.585,0.435,0.0,LO
6978,6977,0.0,2.268,33.458,52.211,43.161,39.944,26.576,0.0,LO
6978,6979,0.0,0.015000001,6.192,14.312,10.245,10.084,7.815,0.0,LO
6978,9586,0.0,0.529,3.913,1.806,1.0830001,0.902,0.447,0.0,LO
6978,9587,0.0,2.121,10.552,5.775,6.005,3.253,1.5929999,0.0,LO
6979,514,0.0,0.0,0.116,0.47800002,0.0,0.0,0.031,0.0,LO
6979,591,0.0,3.802,28.604,8.292,8.553,4.291,1.179,0.0,LO
6979,596,0.0,2.377,2.674,1.0649999,0.671,0.243,0.108,0.0,LO
6979,597,0.0,0.0,1.245,0.647,1.587,0.267,0.052,0.0,LO
6979,603,0.0,218.917,1322.947,1128.571,764.618,299.87,95.247,0.0,LO
6979,618,0.0,1.168,17.454,5.984,2.6299999,1.356,0.0,0.0,LO
6979,620,0.0,0.0,0.323,0.325,0.656,0.085,0.02,0.0,LO
6979,621,0.0,0.324,4.218,4.301,2.375,1.205,0.317,0.0,LO
6979,659,0.0,0.047,0.105,0.732,0.663,0.007,0.0,0.0,LO
6979,680,0.0,0.627,0.175,0.192,0.054,0.016,0.0,0.0,LO
6979,686,0.0,1.117,21.417,12.618,11.909,7.272,1.172,0.0,LO
6979,698,0.0,0.107,0.0,0.0,0.216,0.0,0.0,0.0,LO
6979,717,0.0,0.15,0.571,0.323,0.23900001,0.548,0.174,0.0,LO
6979,719,0.0,73.05,1004.941,1048.865,892.575,375.939,72.67,0.0,LO
6979,742,0.0,0.201,1.854,3.6200001,2.184,0.596,0.159,0.0,LO
6979,751,0.0,0.481,0.545,2.02,1.826,0.439,0.18100001,0.0,LO
6979,755,0.0,5.8389997,20.902,17.176,9.209,3.649,1.117,0.0,LO
6979,763,0.0,0.492,7.404,8.054,7.037,1.298,0.209,0.0,LO
6979,766,0.0,9.943,27.818,20.301,27.179,7.979,1.962,0.0,LO
6979,788,0.0,0.187,1.57,2.081,2.012,1.935,0.793,0.0,LO
6979,1022,0.0,0.0,2.189,2.423,2.023,2.202,0.172,0.0,LO
6979,1023,0.0,0.0,6.5,5.733,2.263,2.073,0.184,0.0,LO
6979,1024,0.0,0.304,26.065,20.701,8.607,6.736,0.682,0.0,LO
6979,1039,0.0,0.31599998,1.665,1.357,1.545,1.118,0.148,0.0,LO
6979,1082,0.0,0.635,8.191,3.244,3.915,1.753,0.351,0.0,LO
6979,1083,0.0,0.341,0.36900002,0.424,0.501,0.606,0.191,0.0,LO
6979,1085,0.0,0.479,3.249,2.286,1.934,1.01,0.025,0.0,LO
6979,1402,0.0,1.689,1.0929999,1.322,1.458,0.298,0.232,0.0,LO
6979,1404,0.0,1.5,16.089,4.973,4.3980002,2.9520001,0.891,0.0,LO
6979,1409,0.0,1.186,35.243,10.281,11.104,6.022,2.544,0.0,LO
6979,1413,0.0,2.623,28.864,16.631,10.0130005,4.963,0.999,0.0,LO
6979,1421,0.0,14.089,58.396,31.82,43.799,14.254,4.978,0.0,LO
6979,1429,0.0,1.807,92.413,151.615,78.37,49.586,25.406,0.0,LO
6979,1437,0.0,2.124,12.3,12.029,12.003,6.325,2.083,0.0,LO
6979,1438,0.0,0.832,20.559,5.612,6.553,2.909,1.099,0.0,LO
6979,1439,0.0,6.433,98.712,34.913,20.598,8.297,4.886,0.0,LO
6979,1440,0.0,22.367,192.552,100.923,74.625,37.316,16.048,0.0,LO
6979,1441,0.0,0.098000005,27.157,23.36,18.213,12.405,6.014,0.0,LO
6979,1445,0.0,5.336,37.061,23.901,18.654,6.956,2.937,0.0,LO
6979,1448,0.0,0.0,39.324,9.032,8.366,4.813,1.6110001,0.0,LO
6979,1449,0.0,0.484,8.5130005,5.241,3.891,2.475,0.718,0.0,LO
6979,1452,0.0,1.366,13.526,5.375,3.3899999,1.88,0.647,0.0,LO
6979,1524,0.0,0.053000003,3.399,1.456,1.682,0.384,0.0,0.0,LO
6979,5150,0.0,0.454,4.176,1.578,1.822,0.67300004,0.238,0.0,LO
6979,5345,0.0,0.384,7.801,6.313,5.053,5.132,2.487,0.0,LO
6979,5356,0.0,0.115,3.089,2.261,3.902,3.336,0.741,0.0,LO
6979,5362,0.0,0.176,1.538,1.79,4.013,1.973,1.151,0.0,LO
6979,5376,0.0,0.238,4.65,1.021,1.5090001,1.011,0.23900001,0.0,LO
6979,5378,0.0,0.0,0.0,0.007,0.0,0.0,0.0,0.0,LO
6979,5404,0.0,0.334,2.844,1.855,3.76,2.948,1.439,0.0,LO
6979,5411,0.0,1.778,6.6289997,4.798,3.651,2.369,0.23099999,0.0,LO
6979,5418,0.0,0.226,1.6029999,0.838,2.749,2.355,0.554,0.0,LO
6979,5421,0.0,0.109,5.788,1.399,1.773,0.96099997,0.762,0.0,LO
6979,5423,0.0,0.28,4.2139997,2.7680001,3.396,4.416,1.153,0.0,LO
6979,5424,0.0,0.2,1.026,0.645,0.82199997,0.90000004,0.273,0.0,LO
6979,5437,0.0,0.316,2.933,1.978,1.762,1.445,0.686,0.0,LO
6979,5595,0.0,5.387,28.04,17.879,16.202,8.329,1.985,0.0,LO
6979,6914,0.0,0.0,1.398,1.147,0.647,0.711,0.0,0.0,LO
6979,6919,0.0,0.0,1.295,1.8299999,2.086,0.209,0.177,0.0,LO
6979,6934,0.0,0.0,0.242,2.755,1.455,0.316,0.296,0.0,LO
6979,6941,0.0,0.371,3.855,4.07,2.832,1.325,0.669,0.0,LO
6979,6947,0.0,3.1729999,2.5210001,2.062,0.884,0.661,0.18800001,0.0,LO
6979,6952,0.0,0.030000001,1.936,1.238,1.098,0.242,0.167,0.0,LO
6979,6954,0.0,0.117,2.768,2.387,2.462,0.924,0.183,0.0,LO
6979,6956,0.0,0.248,9.806,3.542,1.859,0.833,0.38300002,0.0,LO
6979,6958,0.0,0.017,4.614,3.242,6.485,1.735,0.175,0.0,LO
6979,6959,0.0,0.102000006,3.1859999,1.495,1.8560001,1.168,0.04,0.0,LO
6979,6961,0.0,0.003,1.573,1.679,1.064,0.454,0.0,0.0,LO
6979,6965,0.0,0.96800005,17.171999,4.486,2.388,0.379,0.013,0.0,LO
6979,6972,0.0,0.213,4.322,2.24,3.055,2.776,0.531,0.0,LO
6979,6973,0.0,0.0,1.395,1.643,2.13,2.019,0.224,0.0,LO
6979,6977,0.0,1.959,31.597,34.318,20.974,12.219,3.788,0.0,LO
6979,6978,0.0,0.0,9.074,12.945,8.005,12.036,3.368,0.0,LO
6979,9586,0.0,0.982,7.708,2.521,1.944,0.411,0.0,0.0,LO
6979,9587,0.0,4.005,50.257,19.426,14.689,4.235,0.571,0.0,LO
7401,514,0.0,38.066,71.539,74.195,163.003,48.694,16.465,0.0,LO
7401,522,0.0,4.4,25.577,23.954,26.225,13.574,4.8,0.0,LO
7401,591,0.0,0.915,7.741,1.3840001,0.329,0.223,0.003,0.0,LO
7401,596,0.0,0.468,0.74300003,0.556,0.328,0.003,0.0,0.0,LO
7401,597,0.0,0.044,0.322,0.0050000004,0.141,0.123,0.048,0.0,LO
7401,618,0.0,0.401,3.56,1.82,0.517,0.362,0.0,0.0,LO
7401,621,0.0,0.543,2.263,2.12,0.718,0.18,0.0,0.0,LO
7401,686,0.0,1.12,4.664,5.002,1.706,0.55,0.128,0.0,LO
7401,717,0.0,0.389,0.266,0.221,0.076,0.0,0.0,0.0,LO
7401,719,0.0,0.22299999,0.771,2.193,0.69,0.019000001,0.0,0.0,LO
7401,751,0.0,0.035,0.085999995,0.512,0.485,0.091,0.092,0.0,LO
7401,766,0.0,9.142,10.341,4.163,3.899,1.188,0.163,0.0,LO
7401,1404,0.0,0.418,3.086,1.666,1.939,0.682,0.177,0.0,LO
7401,1409,0.0,2.294,58.072,23.507,14.9279995,7.855,1.911,0.0,LO
7401,1413,0.0,0.529,21.074,6.465,1.0009999,0.447,0.073,0.0,LO
7401,1421,0.0,1.59,14.825,8.892,8.012,5.011,0.565,0.0,LO
7401,1437,0.0,0.89,4.101,3.129,2.545,1.801,0.37800002,0.0,LO
7401,1438,0.0,0.95600003,10.936,1.701,1.044,1.482,0.456,0.0,LO
7401,1440,0.0,0.719,2.473,2.691,0.825,0.006,0.0,0.0,LO
7401,1445,0.0,1.435,14.222,5.146,4.246,1.11,0.313,0.0,LO
7401,1448,0.0,0.015000001,8.474,3.8669999,2.276,1.35,0.283,0.0,LO
7401,1449,0.0,0.077,0.93,0.677,0.327,0.139,0.033,0.0,LO
7401,1452,0.0,1.4779999,5.726,1.829,0.869,0.045,0.13599999,0.0,LO
7401,1524,0.0,2.578,53.841,47.572,23.473999,14.226,6.12,0.0,LO
7401,5595,0.0,0.38,1.773,0.23200001,0.17300001,0.23099999,0.0,0.0,LO
7401,6814,0.0,0.0,0.01,0.032,0.0,0.084,0.0,0.0,LO
7401,6914,0.0,0.0,0.0,0.021,0.0,0.0,0.022,0.0,LO
7401,6919,0.0,0.0,0.0,0.009,0.0,0.0,0.002,0.0,LO
7401,6978,0.0,0.021,1.548,0.126,0.659,0.174,0.004,0.0,LO
7401,7402,0.0,1.584,22.211,22.806,44.693,19.602,6.271,0.0,LO
7401,7403,0.0,5.218,23.281,23.302,32.642,12.711,4.243,0.0,LO
7401,7404,0.0,0.394,13.764999,16.024,12.679,7.316,1.323,0.0,LO
7401,7406,0.0,0.068,13.572,25.734,14.562,11.083,4.755,0.0,LO
7401,7407,0.0,0.423,33.096,40.267002,33.733,19.662,11.06,0.0,LO
7401,7408,0.0,3.289,27.847,29.752,49.954,15.378,5.943,0.0,LO
7401,7467,0.0,1.381,15.343,14.609,33.393,17.78,2.942,0.0,LO
7401,9586,0.0,0.253,3.948,1.015,0.209,0.279,0.0,0.0,LO
7401,9587,0.0,0.101,7.3849998,3.631,1.655,0.218,0.147,0.0,LO
7402,514,0.0,65.228,151.212,162.401,157.592,69.037,16.612,0.0,LO
7402,522,0.0,40.506,224.488,180.244,114.958,43.304,7.334,0.0,LO
7402,591,0.0,1.597,2.45,1.175,0.601,0.063,0.0,0.0,LO
7402,596,0.0,0.285,0.556,0.23,0.115,0.066,0.0,0.0,LO
7402,621,0.0,0.24,0.61800003,1.2,0.75699997,0.044,0.0,0.0,LO
7402,751,0.0,0.534,0.279,0.381,0.167,0.030000001,0.0,0.0,LO
7402,766,0.0,3.214,2.912,2.502,1.641,0.685,0.032,0.0,LO
7402,1404,0.0,0.99300003,1.837,0.537,0.422,0.264,0.029,0.0,LO
7402,1409,0.0,3.767,33.237,11.708,4.395,2.31,0.87,0.0,LO
7402,1413,0.0,0.878,8.565001,4.08,1.3479999,0.754,0.312,0.0,LO
7402,1421,0.0,2.719,10.195001,3.664,3.845,1.063,0.088,0.0,LO
7402,1437,0.0,1.039,1.7809999,2.096,1.3840001,1.102,0.216,0.0,LO
7402,1438,0.0,0.93200004,4.317,1.338,0.866,0.832,0.304,0.0,LO
7402,1440,0.0,0.518,7.056,2.662,1.6309999,0.361,0.146,0.0,LO
7402,1445,0.0,1.7820001,9.984,3.148,1.113,0.426,0.385,0.0,LO
7402,1448,0.0,0.267,3.453,1.922,1.578,1.308,0.378,0.0,LO
7402,1449,0.0,0.20899999,0.884,0.633,0.243,0.105,0.0,0.0,LO
7402,1452,0.0,1.5719999,0.378,2.401,0.15900001,0.0,0.0,0.0,LO
7402,1524,0.0,16.748,75.968,38.519,27.754,11.917,3.233,0.0,LO
7402,5595,0.0,0.086,0.02,0.233,0.148,0.131,0.039,0.0,LO
7402,6941,0.0,0.256,0.111,0.0,0.498,0.023,0.0,0.0,LO
7402,6956,0.0,0.0,0.099999994,0.0,0.184,0.036,0.0,0.0,LO
7402,6959,0.0,0.025,0.59,0.55,0.0,0.005,0.0,0.0,LO
7402,6972,0.0,0.0,0.344,0.0,0.155,0.226,0.0,0.0,LO
7402,7401,0.0,4.8399997,54.251,32.59,34.536,15.92,5.587,0.0,LO
7402,7403,0.0,0.617,13.082,28.112,21.045,7.258,1.248,0.0,LO
7402,7404,0.0,0.749,56.303,39.243,28.069,12.817,3.717,0.0,LO
7402,7406,0.0,1.8790001,42.26,23.961,20.309,11.108,4.285,0.0,LO
7402,7407,0.0,0.0,28.157,40.862,14.52,10.758,3.7849998,0.0,LO
7402,7408,0.0,2.479,27.167,38.57,36.675,12.209001,1.591,0.0,LO
7402,7467,0.0,1.8130001,25.566,28.405,24.166,6.418,3.248,0.0,LO
7402,9587,0.0,0.444,1.775,1.239,0.321,0.003,0.0,0.0,LO
7403,514,0.0,27.366,66.29,68.065,74.948,24.257,6.5950003,0.0,LO
7403,522,0.0,46.026,157.331,117.208,76.998,31.436,6.559,0.0,LO
7403,591,0.0,1.496,0.899,0.45,0.361,0.003,0.0,0.0,LO
7403,766,0.0,3.242,1.101,0.679,0.749,0.128,0.09900001,0.0,LO
7403,1404,0.0,1.2279999,0.87799996,0.41599998,0.86,0.0050000004,0.0,0.0,LO
7403,1409,0.0,2.322,11.28,5.834,4.08,1.16,1.45,0.0,LO
7403,1413,0.0,1.799,4.0039997,2.195,0.731,0.176,0.123,0.0,LO
7403,1421,0.0,1.166,4.568,1.787,1.142,0.44,0.0,0.0,LO
7403,1437,0.0,0.414,0.843,0.66899997,0.861,0.213,0.0,0.0,LO
7403,1440,0.0,1.056,2.327,1.992,0.932,0.178,0.0,0.0,LO
7403,1445,0.0,2.461,5.061,2.207,2.0770001,0.552,0.0,0.0,LO
7403,1448,0.0,0.255,2.112,0.584,1.28,0.366,0.0,0.0,LO
7403,1449,0.0,0.232,0.26500002,0.113,0.12,0.021000002,0.0,0.0,LO
7403,1524,0.0,17.517,59.656,24.752,11.509,4.729,2.339,0.0,LO
7403,6914,0.0,0.0,0.848,0.997,0.55,0.15200001,0.060999997,0.0,LO
7403,6919,0.0,0.0,0.145,0.853,1.176,0.336,0.0,0.0,LO
7403,6941,0.0,0.437,0.098,0.0,0.375,0.086,0.024999999,0.0,LO
7403,6947,0.0,2.438,1.144,0.0,0.581,0.104,0.004,0.0,LO
7403,6956,0.0,0.38,0.085,0.0,0.382,0.017,0.013,0.0,LO
7403,6959,0.0,0.345,0.377,0.702,0.0,0.0050000004,0.0,0.0,LO
7403,7401,0.0,7.258,43.992,25.955,24.334,17.557001,6.12,0.0,LO
7403,7402,0.0,0.0,13.781,26.873,19.111,4.322,1.049,0.0,LO
7403,7404,0.0,1.805,44.971,28.809,34.023,9.6189995,5.902,0.0,LO
7403,7406,0.0,2.69,34.896,22.496,15.523,4.87,3.947,0.0,LO
7403,7407,0.0,0.805,121.746,107.731,64.087,33.549,5.829,0.0,LO
7403,7408,0.0,0.08,9.818,11.842,10.938,3.574,1.003,0.0,LO
7403,7467,0.0,0.339,8.407,5.8450003,7.224,3.204,0.964,0.0,LO
7404,514,0.0,52.056,97.087,177.76,202.554,75.531,28.148,0.0,LO
7404,522,0.0,0.61800003,3.886,7.045,10.353,3.908,1.039,0.0,LO
7404,591,0.0,1.116,1.103,0.054,0.692,0.054,0.001,0.0,LO
7404,596,0.0,0.335,0.309,0.146,0.254,0.001,0.081,0.0,LO
7404,686,0.0,1.059,1.702,1.301,0.778,0.049000002,0.0,0.0,LO
7404,717,0.0,0.0,0.112,0.246,0.269,0.045,0.0,0.0,LO
7404,719,0.0,0.0,0.007,0.141,0.215,0.137,0.0,0.0,LO
7404,766,0.0,2.08,4.43,2.929,4.546,0.941,0.186,0.0,LO
7404,1409,0.0,2.1729999,46.906,20.676,10.304,5.506,0.917,0.0,LO
7404,1413,0.0,1.412,12.083,4.183,0.525,0.398,0.204,0.0,LO
7404,1421,0.0,2.521,9.875,2.396,3.614,0.961,0.351,0.0,LO
7404,1437,0.0,0.323,2.093,1.152,1.4909999,0.437,0.0,0.0,LO
7404,1438,0.0,0.629,1.567,0.713,0.0,0.233,0.0,0.0,LO
7404,1440,0.0,0.668,1.372,1.212,1.159,0.107,0.003,0.0,LO
7404,1445,0.0,1.827,7.912,3.629,1.8560001,0.56700003,0.0,0.0,LO
7404,1448,0.0,0.098000005,4.3059998,3.451,2.137,0.783,0.0,0.0,LO
7404,1449,0.0,0.044,0.275,0.295,0.285,0.033,0.024,0.0,LO
7404,1452,0.0,0.811,0.876,1.821,2.458,0.52,0.004,0.0,LO
7404,1524,0.0,3.495,84.464,39.297,31.687,10.383,4.094,0.0,LO
7404,7401,0.0,0.056,3.716,27.976,15.385,7.672,1.076,0.0,LO
7404,7402,0.0,0.34899998,16.955,43.234,46.309002,15.681,5.216,0.0,LO
7404,7403,0.0,3.612,22.746,39.908,48.521,12.805,2.6000001,0.0,LO
7404,7406,0.0,0.17199999,16.491,19.648,10.456,5.346,2.3569999,0.0,LO
7404,7407,0.0,0.468,11.79,33.132,43.363,7.526,3.3960001,0.0,LO
7404,7408,0.0,1.9419999,21.862,40.758,57.468998,23.484,6.215,0.0,LO
7404,7467,0.0,3.028,20.243,34.549,43.649998,21.473,4.0230002,0.0,LO
7404,9586,0.0,0.118,1.568,0.738,0.248,0.003,0.0,0.0,LO
7404,9587,0.0,0.041,0.876,2.1299999,1.365,0.398,0.0,0.0,LO
7406,514,0.0,17.167,47.073,58.533,73.217,29.264,14.71,0.0,LO
7406,522,0.0,0.672,19.399,28.421,21.448,17.097,3.496,0.0,LO
7406,591,0.0,0.528,13.12,2.713,1.302,0.048,0.002,0.0,LO
7406,603,0.0,0.0,0.0,0.021,0.0,0.0,0.0,0.0,LO
7406,618,0.0,0.313,4.419,2.759,1.996,0.637,0.0,0.0,LO
7406,621,0.0,0.246,3.4689999,4.917,1.77,0.539,0.25100002,0.0,LO
7406,686,0.0,0.302,11.153,6.519,3.238,2.011,0.52500004,0.0,LO
7406,717,0.0,0.897,0.67,0.183,0.139,0.036,0.058,0.0,LO
7406,719,0.0,0.704,3.807,3.909,2.326,0.569,0.04,0.0,LO
7406,751,0.0,0.001,0.283,0.677,0.709,0.009,0.14,0.0,LO
7406,766,0.0,0.542,5.968,3.872,6.032,1.181,0.39200002,0.0,LO
7406,1404,0.0,0.178,3.6430001,4.043,4.607,1.1190001,0.192,0.0,LO
7406,1409,0.0,0.708,66.54,31.881,12.502,7.44,5.379,0.0,LO
7406,1413,0.0,0.235,17.987,12.837,2.862,2.597,0.131,0.0,LO
7406,1421,0.0,1.128,21.248,11.59,17.978,7.691,2.404,0.0,LO
7406,1437,0.0,0.232,2.881,4.7530003,3.921,2.286,1.759,0.0,LO
7406,1438,0.0,0.57199997,6.686,6.5360003,3.6729999,1.923,0.73300004,0.0,LO
7406,1440,0.0,0.044,4.619,2.928,1.2590001,0.578,0.0,0.0,LO
7406,1445,0.0,0.747,15.381,8.821,4.739,2.243,0.741,0.0,LO
7406,1448,0.0,0.017,13.751,8.8220005,5.344,1.521,0.342,0.0,LO
7406,1449,0.0,0.033,1.6,1.288,0.337,0.456,0.007,0.0,LO
7406,1452,0.0,0.408,5.66,3.535,1.0780001,1.112,0.253,0.0,LO
7406,1524,0.0,0.113000005,7.109,10.804,6.174,5.571,1.048,0.0,LO
7406,6867,0.0,0.0,0.059,0.007,0.0,0.0,0.0,0.0,LO
7406,6919,0.0,0.0,0.0,0.023,0.0,0.0,0.026,0.0,LO
7406,6977,0.0,0.0,0.89,1.043,0.782,0.792,0.129,0.0,LO
7406,7401,0.0,0.41300002,9.973,37.299,13.887,12.953,4.019,0.0,LO
7406,7402,0.0,0.486,16.383,25.967,30.456,13.573,6.3050003,0.0,LO
7406,7403,0.0,2.075,14.945,20.47,31.571,13.483,6.493,0.0,LO
7406,7404,0.0,0.172,16.903,19.789999,13.082,3.003,2.833,0.0,LO
7406,7407,0.0,4.369,27.115,42.191,36.82,23.819,10.105,0.0,LO
7406,7408,0.0,2.061,19.531,17.981,28.963,10.906,4.855,0.0,LO
7406,7467,0.0,2.13,9.677,13.592,26.351,8.488,4.385,0.0,LO
7406,9586,0.0,0.565,7.469,1.4660001,0.843,0.21800001,0.0,0.0,LO
7406,9587,0.0,0.486,9.021,3.389,2.424,0.521,0.21599999,0.0,LO
7407,514,0.0,100.473,282.391,388.093,384.482,177.036,64.86,0.0,LO
7407,522,0.0,2.473,38.432,25.067,9.750999,4.743,1.454,0.0,LO
7407,591,0.0,1.75,4.823,1.62,0.18699999,1.448,0.068,0.0,LO
7407,686,0.0,2.895,8.208,4.298,1.298,0.615,0.002,0.0,LO
7407,766,0.0,0.209,2.716,4.469,2.0,0.14,1.1270001,0.0,LO
7407,1409,0.0,5.121,89.32,43.318,10.216,7.178,24.843,0.0,LO
7407,1413,0.0,2.255,11.84,6.89,1.143,1.275,0.07700001,0.0,LO
7407,1421,0.0,0.78,18.67,8.224,3.374,1.555,1.472,0.0,LO
7407,1437,0.0,0.804,3.014,2.829,2.896,0.563,0.0,0.0,LO
7407,1438,0.0,0.288,9.439,2.5900002,2.331,0.24599999,0.0,0.0,LO
7407,1440,0.0,1.556,5.047,4.327,1.354,0.482,0.0,0.0,LO
7407,1445,0.0,2.483,13.99,6.936,3.996,0.86800003,0.002,0.0,LO
7407,1448,0.0,0.141,4.109,3.227,0.65999997,1.562,0.755,0.0,LO
7407,1449,0.0,0.032,1.082,0.7,0.207,0.271,0.0,0.0,LO
7407,1452,0.0,5.5779996,6.8529997,0.201,1.007,0.617,0.003,0.0,LO
7407,1524,0.0,15.414,124.482,68.774,38.775,22.984999,16.398,0.0,LO
7407,7401,0.0,3.664,46.608,48.981,35.832,41.713,15.0390005,0.0,LO
7407,7402,0.0,1.707,28.708,34.721,16.14,10.559,3.454,0.0,LO
7407,7403,0.0,1.381,53.679,100.582,68.019,30.35,19.097,0.0,LO
7407,7404,0.0,0.25800002,48.043,30.023,11.606,23.008,3.269,0.0,LO
7407,7406,0.0,0.162,51.5,41.221,25.805,20.499,10.841001,0.0,LO
7407,7408,0.0,7.847,87.284,111.811,101.5,41.962,17.586,0.0,LO
7407,7467,0.0,2.711,52.317,86.618004,96.141,55.012,12.203,0.0,LO
7407,9587,0.0,0.367,7.656,0.827,1.29,0.217,0.0,0.0,LO
7408,514,0.0,14.160999,80.537,85.915,84.945,36.345,8.066,0.0,LO
7408,522,0.0,64.121,173.822,106.595,87.991,31.125,8.677,0.0,LO
7408,591,0.0,1.224,0.803,0.503,0.26,0.002,0.0,0.0,LO
7408,686,0.0,0.35500002,0.796,0.828,1.04,0.205,0.0,0.0,LO
7408,766,0.0,1.163,0.80399996,0.91,1.988,0.367,0.121,0.0,LO
7408,1409,0.0,3.285,14.959,7.026,3.455,0.218,0.227,0.0,LO
7408,1413,0.0,1.589,4.129,2.911,0.538,0.343,0.133,0.0,LO
7408,1421,0.0,1.186,1.122,2.372,0.99899995,0.253,0.207,0.0,LO
7408,1437,0.0,0.74300003,1.416,0.738,0.525,0.448,0.0,0.0,LO
7408,1440,0.0,0.90999997,2.007,0.86300004,0.44300002,0.2,0.092,0.0,LO
7408,1445,0.0,1.039,2.221,1.132,0.817,0.337,0.0,0.0,LO
7408,1448,0.0,0.157,1.16,0.664,0.645,0.714,0.127,0.0,LO
7408,1449,0.0,0.191,0.353,0.198,0.135,0.037,0.0,0.0,LO
7408,1524,0.0,15.297001,53.274998,30.381,20.399,7.759,5.665,0.0,LO
7408,6919,0.0,0.363,2.162,1.801,1.865,0.429,0.076000005,0.0,LO
7408,6926,0.0,0.0,1.475,0.858,0.427,0.28100002,0.051000003,0.0,LO
7408,6941,0.0,0.282,0.83,0.0,0.859,0.11,0.0,0.0,LO
7408,6954,0.0,0.0,1.3379999,1.0500001,0.185,0.308,0.051,0.0,LO
7408,6959,0.0,0.196,0.672,0.867,0.0,0.132,0.0,0.0,LO
7408,6972,0.0,0.498,0.443,0.0,0.779,0.087,0.002,0.0,LO
7408,7401,0.0,8.915999,59.755,27.675001,29.643,16.744,5.639,0.0,LO
7408,7402,0.0,0.70299995,35.248,37.632,25.999,10.477,1.825,0.0,LO
7408,7403,0.0,0.0,7.3599997,11.167,14.941,6.816,0.616,0.0,LO
7408,7404,0.0,1.867,61.125,31.634,31.788,13.571,5.274,0.0,LO
7408,7406,0.0,2.522,38.289,18.551,14.575,8.058,2.997,0.0,LO
7408,7407,0.0,18.9,158.834,122.018,67.26,38.228,7.461,0.0,LO
7408,7467,0.0,0.0,5.446,5.198,6.126,2.311,0.219,0.0,LO
7467,514,0.0,7.725,40.957,49.863,40.624,17.291,4.015,0.0,LO
7467,522,0.0,60.039,102.918,76.518,50.405,20.362,5.058,0.0,LO
7467,591,0.0,0.742,0.183,0.127,0.165,0.0,0.0,0.0,LO
7467,686,0.0,0.759,0.126,0.857,0.266,0.003,0.0,0.0,LO
7467,1409,0.0,2.188,9.176,2.405,2.302,0.615,0.321,0.0,LO
7467,1413,0.0,1.441,2.862,1.953,0.341,0.211,0.0,0.0,LO
7467,1421,0.0,1.6,0.289,1.466,0.306,0.449,0.0,0.0,LO
7467,1437,0.0,0.69,0.457,0.855,0.367,0.081,0.0,0.0,LO
7467,1440,0.0,1.288,3.03,0.717,0.555,0.072,0.0,0.0,LO
7467,1445,0.0,1.048,1.895,2.073,1.074,0.473,0.127,0.0,LO
7467,1448,0.0,0.375,2.2459998,1.131,0.672,0.161,0.128,0.0,LO
7467,1449,0.0,0.081,0.31399998,0.21700001,0.137,0.031999998,0.02,0.0,LO
7467,1524,0.0,19.514,44.838,31.258,20.718,6.719,2.018,0.0,LO
7467,6919,0.0,0.141,1.594,1.596,2.129,0.67,0.0,0.0,LO
7467,6926,0.0,0.016,1.311,0.233,0.568,0.20300001,0.0,0.0,LO
7467,6941,0.0,0.178,0.737,0.0,0.422,0.033999998,0.035,0.0,LO
7467,6956,0.0,0.137,0.92800003,0.0,0.185,0.003,0.0,0.0,LO
7467,6959,0.0,0.253,0.945,0.111,0.0,0.298,0.0,0.0,LO
7467,6972,0.0,0.021,1.0320001,0.0,0.535,0.047,0.0,0.0,LO
7467,7401,0.0,10.731,41.531002,29.243,24.146,9.26,3.114,0.0,LO
7467,7402,0.0,0.59,25.099,30.706,24.716,7.99,1.505,0.0,LO
7467,7403,0.0,0.284,3.494,9.496,6.267,2.849,0.821,0.0,LO
7467,7404,0.0,2.118,39.287,38.117,32.867,12.598,3.172,0.0,LO
7467,7406,0.0,2.815,32.735,35.194,14.982,4.561,1.529,0.0,LO
7467,7407,0.0,36.133,133.561,116.742,57.138,33.1,8.8220005,0.0,LO
7467,7408,0.0,0.611,4.028,4.292,5.536,1.306,0.28800002,0.0,LO
7473,736,0.0,39.019,154.109,45.204,33.348,11.437,0.0,0.0,LO
7473,6886,0.0,37.458,125.338,68.931,35.209,11.213,0.0,0.0,LO
9586,514,0.0,0.0,0.036,0.0,0.0,0.176,0.059,0.0,LO
9586,522,0.0,0.0,0.0,0.0,0.44399998,0.112,0.168,0.0,LO
9586,596,0.0,0.105,0.837,1.256,2.557,0.722,0.14999999,0.0,LO
9586,597,0.0,0.0,0.0,0.025,0.0,0.018,0.0,0.0,LO
9586,603,0.0,3.1460001,12.5130005,29.537,43.452,8.845,1.8330001,0.0,LO
9586,617,0.0,0.0,0.0,0.0,0.0,0.033999998,0.13700001,0.0,LO
9586,618,0.0,6.399,23.522,39.407,35.118,9.471,2.575,0.0,LO
9586,620,0.0,0.002,0.64199996,1.411,7.2669997,0.578,0.269,0.0,LO
9586,659,0.0,0.062,0.747,1.465,3.1299999,0.306,0.299,0.0,LO
9586,680,0.0,0.18,0.306,0.0,0.0,0.16,0.33200002,0.0,LO
9586,709,0.0,0.0,0.132,0.798,3.475,0.956,0.209,0.0,LO
9586,717,0.0,0.141,0.832,1.605,3.935,0.539,0.229,0.0,LO
9586,719,0.0,0.847,3.672,15.907,61.196,6.203,1.702,0.0,LO
9586,751,0.0,0.195,0.0,0.674,0.0,0.932,0.0,0.0,LO
9586,755,0.0,3.273,179.315,319.772,245.347,70.856,27.764,0.0,LO
9586,763,0.0,0.005,0.17300001,0.871,0.943,0.668,0.066,0.0,LO
9586,766,0.0,2.501,27.517,44.19,47.539,15.544,11.601,0.0,LO
9586,788,0.0,0.67300004,0.212,6.0820003,10.113,2.063,0.559,0.0,LO
9586,1022,0.0,0.0,0.245,0.436,3.113,0.06,0.0,0.0,LO
9586,1023,0.0,0.108,2.164,1.341,3.0049999,0.422,0.14999999,0.0,LO
9586,1024,0.0,0.013,5.495,5.143,5.094,2.153,1.068,0.0,LO
9586,1082,0.0,0.103,1.498,6.915,7.991,1.317,0.521,0.0,LO
9586,1083,0.0,0.261,1.591,5.108,8.551,1.2,0.204,0.0,LO
9586,1085,0.0,0.228,1.788,2.264,3.52,0.222,0.702,0.0,LO
9586,1395,0.0,0.0,0.0,0.372,1.423,0.168,0.003,0.0,LO
9586,1398,0.0,0.0,0.0,1.311,3.208,0.555,0.175,0.0,LO
9586,1409,0.0,0.966,7.937,4.401,6.866,1.469,0.98,0.0,LO
9586,1413,0.0,0.849,6.689,10.1710005,7.737,1.9560001,0.691,0.0,LO
9586,1421,0.0,1.197,9.019,11.015,23.925,4.669,0.587,0.0,LO
9586,1429,0.0,0.206,2.226,6.622,16.062,4.248,0.839,0.0,LO
9586,1434,0.0,0.0,0.0,1.77,1.838,0.024,0.0,0.0,LO
9586,1437,0.0,1.632,16.909,35.822,76.927,12.697,3.415,0.0,LO
9586,1438,0.0,1.35,4.167,6.005,12.204,3.464,0.712,0.0,LO
9586,1439,0.0,0.011,5.069,3.618,2.846,1.28,0.21,0.0,LO
9586,1440,0.0,0.262,12.38,9.79,10.903,3.874,0.339,0.0,LO
9586,1441,0.0,0.104,1.709,1.686,4.8589997,0.467,0.154,0.0,LO
9586,1444,0.0,0.114999995,1.657,0.64599997,0.829,0.754,0.191,0.0,LO
9586,1445,0.0,2.057,9.438,14.125,24.642,3.583,2.118,0.0,LO
9586,1448,0.0,0.012,11.201,17.341,31.576,3.3899999,0.46100003,0.0,LO
9586,1449,0.0,0.156,2.056,1.3840001,1.382,0.518,0.158,0.0,LO
9586,1524,0.0,0.018,0.412,1.775,1.9599999,0.18800001,0.074,0.0,LO
9586,5301,0.0,1.264,10.074,20.7,39.875,8.584,1.139,0.0,LO
9586,5372,0.0,0.096,0.78400004,13.64,4.7799997,2.5279999,0.125,0.0,LO
9586,5404,0.0,0.0,0.009000001,1.307,0.0,0.366,0.008,0.0,LO
9586,5421,0.0,0.894,10.467,26.924,43.24,6.842,2.034,0.0,LO
9586,5423,0.0,0.845,5.833,25.019,53.031,15.19,3.384,0.0,LO
9586,5424,0.0,0.144,0.861,10.78,13.609,2.747,1.3280001,0.0,LO
9586,5595,0.0,17.039,225.875,341.902,411.67,112.777,40.263,0.0,LO
9586,6941,0.0,0.18900001,0.273,0.495,0.25800002,0.389,0.013,0.0,LO
9586,6977,0.0,0.026999999,3.47,5.269,11.152,3.352,0.478,0.0,LO
9586,6978,0.0,0.010000001,2.27,2.156,2.445,0.514,0.0,0.0,LO
9586,6979,0.0,0.556,0.84,2.672,5.68,0.686,0.435,0.0,LO
9586,7401,0.0,0.047,0.793,2.096,4.057,1.2080001,0.29799998,0.0,LO
9586,7404,0.0,0.0,0.008,3.007,1.217,0.274,0.158,0.0,LO
9586,7406,0.0,0.313,0.099999994,2.944,5.492,1.071,0.030000001,0.0,LO
9586,9587,0.0,12.964,223.647,369.742,410.819,104.297,40.959,0.0,LO
9587,514,0.0,0.0,0.22100002,0.164,0.305,0.611,0.042,0.0,LO
9587,522,0.0,0.334,0.949,0.0,1.306,0.284,0.097,0.0,LO
9587,596,0.0,0.0,1.049,7.52,11.476,8.482,0.98399997,0.0,LO
9587,597,0.0,0.0,0.033,0.043,0.077,0.196,0.0,0.0,LO
9587,603,0.0,9.132,18.012,26.421999,38.277,13.939,5.93,0.0,LO
9587,617,0.0,0.0,0.089,0.0,0.0,0.924,0.79499996,0.0,LO
9587,618,0.0,4.595,105.465,235.95,78.139,66.281,21.495,0.0,LO
9587,620,0.0,0.052,1.436,6.546,22.676,8.903,3.456,0.0,LO
9587,659,0.0,0.0,1.589,6.363,13.095,11.593,5.572,0.0,LO
9587,680,0.0,0.85800004,0.177,0.0,0.0,0.862,1.26,0.0,LO
9587,709,0.0,0.258,1.05,6.783,20.107,11.157,2.896,0.0,LO
9587,717,0.0,0.535,1.221,6.798,21.254,8.112,1.673,0.0,LO
9587,719,0.0,1.261,4.365,21.327,17.815,7.883,2.627,0.0,LO
9587,751,0.0,0.002,0.027,0.092,0.08499999,0.02,0.0,0.0,LO
9587,755,0.0,29.119999,168.741,320.497,298.692,195.759,86.136,0.0,LO
9587,766,0.0,8.523,32.775,138.33,161.289,110.091,56.153,0.0,LO
9587,788,0.0,0.0,0.0,0.008,0.0,0.0,0.0,0.0,LO
9587,1022,0.0,0.442,1.213,1.873,4.955,2.932,0.508,0.0,LO
9587,1023,0.0,0.0,1.492,1.9,2.09,1.267,0.16,0.0,LO
9587,1024,0.0,0.0,1.128,1.229,1.55,0.711,0.185,0.0,LO
9587,1083,0.0,0.134,0.085,1.186,3.263,2.029,0.219,0.0,LO
9587,1395,0.0,0.141,1.9909999,1.741,4.684,3.475,1.091,0.0,LO
9587,1398,0.0,0.0,0.089999996,2.2,4.652,5.229,1.302,0.0,LO
9587,1409,0.0,3.356,33.123,20.965,28.449999,17.615,6.954,0.0,LO
9587,1413,0.0,6.43,80.367,65.263,31.374,17.639,4.623,0.0,LO
9587,1415,0.0,0.009,0.225,1.783,0.0,0.93700004,0.189,0.0,LO
9587,1421,0.0,20.272,79.574,101.175,192.399,66.851,18.616001,0.0,LO
9587,1429,0.0,4.583,11.042,34.324,45.87,20.427,7.4950004,0.0,LO
9587,1434,0.0,0.001,0.235,2.744,5.171,4.028,1.977,0.0,LO
9587,1437,0.0,5.011,19.092001,75.042,115.941,69.924,20.578,0.0,LO
9587,1438,0.0,2.145,37.38,56.782,59.936,37.365,13.583,0.0,LO
9587,1439,0.0,2.856,12.756,5.298,9.531,6.534,3.372,0.0,LO
9587,1440,0.0,10.250999,21.625,26.307,32.105,14.018,5.428,0.0,LO
9587,1441,0.0,0.098000005,2.269,9.892,22.928,9.401,2.325,0.0,LO
9587,1442,0.0,0.55,1.119,2.212,4.416,3.541,1.2260001,0.0,LO
9587,1443,0.0,0.0,0.869,1.962,2.406,1.036,0.136,0.0,LO
9587,1445,0.0,9.291,29.58,33.606,48.084,22.0,6.735,0.0,LO
9587,1448,0.0,0.016999999,24.162,110.628,138.889,69.428,13.871,0.0,LO
9587,1449,0.0,0.224,4.9509997,4.296,5.01,2.883,1.111,0.0,LO
9587,1455,0.0,0.003,0.292,2.297,3.995,2.926,1.959,0.0,LO
9587,1524,0.0,0.692,4.349,6.32,9.781,4.407,1.527,0.0,LO
9587,5301,0.0,1.346,10.321,46.401,50.907,30.772,3.858,0.0,LO
9587,5362,0.0,0.0,0.0,0.0,0.0,0.62,0.048,0.0,LO
9587,5372,0.0,1.563,2.977,44.58,18.117,11.125,2.588,0.0,LO
9587,5421,0.0,12.369,45.847,67.622,70.665,39.93,10.108,0.0,LO
9587,5423,0.0,6.679,13.413,75.962,92.437,48.096,11.9140005,0.0,LO
9587,5424,0.0,2.155,5.033,17.473,17.267,12.698999,3.987,0.0,LO
9587,5437,0.0,0.0,0.0,0.0,0.0,0.057,0.122,0.0,LO
9587,5595,0.0,225.331,770.796,974.201,1263.89,774.767,322.369,0.0,LO
9587,6941,0.0,0.0,0.0,0.30900002,0.995,0.303,0.182,0.0,LO
9587,6977,0.0,2.103,12.751,19.34,32.442,16.688,3.504,0.0,LO
9587,6978,0.0,1.756,4.183,4.683,7.894,4.401,1.535,0.0,LO
9587,6979,0.0,0.994,7.939,11.617,20.893,11.658,4.3190002,0.0,LO
9587,7401,0.0,0.702,0.084,3.353,4.773,2.638,1.173,0.0,LO
9587,7402,0.0,0.002,0.014,2.1759999,1.4580001,1.643,0.084,0.0,LO
9587,7404,0.0,0.017,0.707,4.217,1.594,0.393,0.011,0.0,LO
9587,7406,0.0,1.491,2.449,3.441,8.202,2.466,0.233,0.0,LO
9587,7407,0.0,0.052,1.466,4.777,3.984,2.29,0.039,0.0,LO
9587,7467,0.0,0.003,0.011,0.844,2.269,0.45499998,0.017,0.0,LO
9587,9586,0.0,17.815,325.196,254.59,215.893,134.246,59.426,0.0,LO
