mode_mnlc_o,mode_mnlc_d,1,2,3,4,5,6,7,8,mode
514,522,0.0,79.875,138.338,274.665,156.654,94.587,34.579,0.0,LO
514,591,0.0,0.19299999,0.204,0.536,0.363,0.128,0.0,0.0,LO
514,596,0.0,0.164,0.045,0.127,0.126,0.03,0.0,0.0,LO
514,597,0.0,0.0,0.159,0.298,0.12,0.033,0.0,0.0,LO
514,618,0.0,0.0,0.034,0.0,0.0,0.0,0.0,0.0,LO
514,621,0.0,0.039,0.192,0.916,0.3,0.135,0.0,0.0,LO
514,659,0.0,0.019,0.052,0.176,0.115,0.055,0.0,0.0,LO
514,709,0.0,0.0,0.0,0.066,0.07,0.101,0.0,0.0,LO
514,717,0.0,0.04,0.056,0.179,0.075,0.060000002,0.0,0.0,LO
514,751,0.0,0.121,0.194,0.573,0.15799999,0.051,0.0,0.0,LO
514,766,0.0,1.6,1.528,1.962,1.055,0.62,0.43,0.0,LO
514,1404,0.0,0.183,1.268,2.676,1.053,0.161,0.234,0.0,LO
514,1409,0.0,2.422,15.16,33.126,14.405,7.039,1.923,0.0,LO
514,1413,0.0,2.186,5.531,6.035,4.755,0.366,0.357,0.0,LO
514,1421,0.0,2.25,2.934,5.225,2.075,0.623,0.237,0.0,LO
514,1437,0.0,0.664,1.895,1.9020001,1.776,0.697,0.313,0.0,LO
514,1438,0.0,0.70600003,0.595,1.41,0.198,0.0,0.0,0.0,LO
514,1439,0.0,0.0,0.0,0.0,0.0,0.22500001,0.087,0.0,LO
514,1440,0.0,3.3109999,5.431,5.855,2.633,1.768,0.202,0.0,LO
514,1442,0.0,0.018,0.176,0.147,0.07,0.044,0.0,0.0,LO
514,1445,0.0,2.059,5.697,2.151,2.1660001,2.166,0.868,0.0,LO
514,1448,0.0,0.894,3.749,2.123,5.7669997,1.353,0.585,0.0,LO
514,1449,0.0,0.029,0.078,0.187,0.167,0.022,0.024,0.0,LO
514,1452,0.0,0.589,1.707,1.058,0.883,0.0,0.0,0.0,LO
514,1455,0.0,0.027,0.158,0.171,0.12100001,0.072,0.0,0.0,LO
514,1524,0.0,11.506,95.047,101.484,53.598,30.566,9.951,0.0,LO
514,6814,0.0,0.0,0.0,0.0,0.0,0.0,0.001,0.0,LO
514,6867,0.0,0.0,0.0,0.0,0.0,0.12,0.024,0.0,LO
514,6913,0.0,0.03,0.27400002,0.588,0.525,0.649,0.635,0.0,LO
514,6914,0.0,0.141,1.567,2.262,1.0139999,0.131,0.0,0.0,LO
514,6919,0.0,0.040999997,1.263,3.796,3.108,0.534,0.0,0.0,LO
514,6926,0.0,0.0,0.268,2.0,1.2080001,0.301,0.0,0.0,LO
514,6934,0.0,0.026999999,0.205,1.628,0.569,0.672,0.13,0.0,LO
514,6941,0.0,0.136,0.242,0.48,0.305,0.109,4.149,0.0,LO
514,6947,0.0,0.55200005,0.536,0.937,0.642,0.391,0.208,0.0,LO
514,6949,0.0,0.144,0.138,0.624,0.294,0.323,0.271,0.0,LO
514,6952,0.0,0.239,0.803,1.463,1.158,0.899,0.177,0.0,LO
514,6954,0.0,0.0,0.278,0.88,0.518,0.333,0.025,0.0,LO
514,6956,0.0,0.029,0.184,0.143,0.053,0.027,1.4,0.0,LO
514,6958,0.0,0.0,0.009,0.049000002,0.01,0.032,0.0,0.0,LO
514,6959,0.0,0.073,1.964,2.709,2.288,1.174,1.018,0.0,LO
514,6966,0.0,0.0,0.0,0.371,0.0,0.032,0.0,0.0,LO
514,6972,0.0,0.059,0.131,0.446,0.213,0.333,4.72,0.0,LO
514,7401,0.0,11.597,66.306,165.425,80.629,53.479,19.965,0.0,LO
514,7402,0.0,6.754,74.046,184.45,91.645,52.373,13.011,0.0,LO
514,7403,0.0,5.612,40.253,97.333,54.512,22.449,7.451,0.0,LO
514,7404,0.0,1.047,103.306,238.768,119.391,70.753,34.034,0.0,LO
514,7406,0.0,6.5230002,32.522,64.141,26.357,19.577,12.569,0.0,LO
514,7407,0.0,108.483,182.182,320.511,135.64,84.277,28.275,0.0,LO
514,7408,0.0,4.7799997,41.107,118.721,58.988,28.361,10.171,0.0,LO
514,7467,0.0,1.559,22.182,72.095,40.786,21.73,4.354,0.0,LO
514,9587,0.0,0.018,0.098000005,0.132,0.084,0.078999996,0.0,0.0,LO
522,514,0.0,13.614,88.028,270.963,155.429,105.821,39.761,0.0,LO
522,591,0.0,0.534,0.705,0.674,0.159,0.235,0.0,0.0,LO
522,596,0.0,0.018,0.026,0.049000002,0.0,0.012,0.0,0.0,LO
522,621,0.0,0.031999998,0.297,2.503,1.016,0.0,0.022,0.0,LO
522,659,0.0,0.011,0.026,0.082,0.0,0.009,0.0,0.0,LO
522,686,0.0,1.436,2.385,5.693,0.575,0.197,0.021,0.0,LO
522,717,0.0,0.046,0.005,0.061,0.0,0.015000001,0.0,0.0,LO
522,751,0.0,0.098,0.16,0.313,0.0,0.01,0.0,0.0,LO
522,766,0.0,0.40199998,1.8840001,2.093,0.718,0.58,0.26,0.0,LO
522,1404,0.0,0.332,2.158,1.981,1.722,0.674,0.158,0.0,LO
522,1409,0.0,0.566,16.175,39.684,10.205,4.895,1.8659999,0.0,LO
522,1413,0.0,0.862,3.514,4.451,1.3,0.672,0.0,0.0,LO
522,1421,0.0,0.312,2.437,5.552,1.7310001,0.876,0.32,0.0,LO
522,1437,0.0,0.206,1.365,2.237,0.70600003,0.386,0.43,0.0,LO
522,1438,0.0,0.08,0.425,0.856,0.161,0.16,0.0,0.0,LO
522,1445,0.0,1.138,2.3,4.054,0.479,0.694,0.284,0.0,LO
522,1448,0.0,1.4219999,4.828,1.3280001,3.095,0.421,0.046,0.0,LO
522,1449,0.0,0.0,0.004,0.0,0.004,0.0,0.001,0.0,LO
522,1452,0.0,0.484,1.823,3.375,0.822,0.486,0.35500002,0.0,LO
522,1524,0.0,1.507,34.353,67.494,26.891,24.044,15.512,0.0,LO
522,7401,0.0,0.382,15.346,47.333,22.663,12.253,5.012,0.0,LO
522,7402,0.0,0.466,24.117,140.215,97.775,57.199,20.37,0.0,LO
522,7403,0.0,0.489,21.285,91.62,64.712,38.529,11.63,0.0,LO
522,7404,0.0,0.012,3.0609999,12.287,5.36,4.227,1.642,0.0,LO
522,7406,0.0,0.07,8.114,28.711,13.206,6.573,12.499,0.0,LO
522,7407,0.0,2.325,7.274,23.374,13.74,7.6349998,4.418,0.0,LO
522,7408,0.0,2.135,30.044,129.34,90.909,45.952,20.483,0.0,LO
522,7467,0.0,1.015,21.165,82.121,58.488,31.381,12.7,0.0,LO
591,514,0.0,0.026999999,0.078,0.319,0.013,0.08,0.008,0.0,LO
591,522,0.0,0.0,0.207,0.526,0.30900002,0.295,0.05,0.0,LO
591,596,0.0,0.0,0.105000004,0.426,0.265,0.087,0.0,0.0,LO
591,597,0.0,0.0,0.193,1.823,0.392,0.078,0.156,0.0,LO
591,603,0.0,0.98399997,4.181,14.502,11.588,4.62,1.839,0.0,LO
591,617,0.0,0.0,0.003,0.22,0.154,0.032,0.001,0.0,LO
591,620,0.0,0.0,0.07300001,0.589,0.321,0.146,0.102,0.0,LO
591,621,0.0,0.043,2.113,23.129,7.686,4.989,0.931,0.0,LO
591,659,0.0,0.0,0.041,0.285,0.061,0.067999996,0.059,0.0,LO
591,680,0.0,0.018000001,0.038,0.89100003,0.408,0.122,0.256,0.0,LO
591,686,0.0,1.173,33.359,165.035,65.895,28.324999,6.377,0.0,LO
591,709,0.0,0.0,0.13700001,0.673,0.341,0.137,0.078,0.0,LO
591,717,0.0,0.0,0.015000001,0.773,0.476,0.08,0.0,0.0,LO
591,719,0.0,0.512,3.424,16.295,6.111,3.942,1.115,0.0,LO
591,751,0.0,0.0,0.81200004,3.338,1.627,0.36,0.102,0.0,LO
591,766,0.0,4.07,25.239,79.154,50.933,22.291,8.413,0.0,LO
591,1022,0.0,0.0,0.0,0.284,0.496,0.384,0.188,0.0,LO
591,1023,0.0,0.0,0.222,0.491,0.367,0.2,0.0,0.0,LO
591,1024,0.0,0.0,0.0,0.0,0.13,0.0,0.0,0.0,LO
591,1395,0.0,0.0,0.241,0.342,0.526,0.589,0.012,0.0,LO
591,1398,0.0,0.004,0.242,0.783,0.015000001,0.491,0.004,0.0,LO
591,1402,0.0,0.38099998,2.306,9.32,1.77,0.891,0.298,0.0,LO
591,1404,0.0,0.022000002,5.989,37.252,29.643,16.238,4.957,0.0,LO
591,1409,0.0,0.475,3.95,12.224,6.73,4.568,0.718,0.0,LO
591,1413,0.0,1.16,12.622,32.497,9.2439995,5.984,0.739,0.0,LO
591,1415,0.0,0.002,0.323,0.563,0.614,0.326,0.008,0.0,LO
591,1421,0.0,0.974,2.984,14.741,8.692,4.994,2.249,0.0,LO
591,1429,0.0,1.117,5.811,17.948,13.186,9.234,3.049,0.0,LO
591,1434,0.0,0.015999999,0.577,2.007,0.635,0.411,0.002,0.0,LO
591,1437,0.0,5.46,18.939,55.683,36.489,17.42,4.404,0.0,LO
591,1438,0.0,0.657,8.121,10.077,8.03,5.02,1.406,0.0,LO
591,1439,0.0,0.644,2.56,6.649,2.026,1.035,0.299,0.0,LO
591,1440,0.0,6.393,10.849,36.46,15.134,6.514,1.134,0.0,LO
591,1441,0.0,0.646,1.505,5.682,4.524,2.798,0.305,0.0,LO
591,1442,0.0,0.338,1.315,1.868,1.488,0.805,0.115,0.0,LO
591,1443,0.0,0.074,0.063,0.221,0.262,0.183,0.174,0.0,LO
591,1444,0.0,1.313,2.14,6.62,2.812,0.57100004,0.003,0.0,LO
591,1445,0.0,1.511,17.125,23.228,10.929,7.983,2.474,0.0,LO
591,1448,0.0,0.566,39.684,21.556,40.107,13.69,2.777,0.0,LO
591,1449,0.0,1.629,5.048,14.799,6.291,3.145,0.414,0.0,LO
591,1451,0.0,0.265,1.48,1.269,0.652,0.266,0.0,0.0,LO
591,1452,0.0,0.27400002,5.776,38.449,12.313,9.356,3.388,0.0,LO
591,1455,0.0,0.329,1.06,4.105,1.724,0.836,0.169,0.0,LO
591,1524,0.0,0.255,5.277,19.087,5.33,2.686,0.315,0.0,LO
591,5345,0.0,0.0,0.0,0.0,0.028,0.0,0.0,0.0,LO
591,6941,0.0,0.0,0.0,0.0,0.047,0.0,0.067,0.0,LO
591,6956,0.0,0.0,0.0,0.0,0.023,0.0,0.0,0.0,LO
591,6972,0.0,0.0,0.0,0.0,0.106,0.0,0.006,0.0,LO
591,6977,0.0,0.859,3.621,17.916,12.326,9.521,2.4720001,0.0,LO
591,6978,0.0,0.639,3.059,7.407,3.165,3.904,1.39,0.0,LO
591,6979,0.0,0.549,3.057,5.763,5.774,6.742,2.613,0.0,LO
591,7401,0.0,0.401,0.469,5.185,1.796,2.54,0.51,0.0,LO
591,7402,0.0,0.214,0.324,3.081,1.13,0.305,0.003,0.0,LO
591,7403,0.0,0.0,0.013,2.062,0.799,0.276,0.003,0.0,LO
591,7404,0.0,0.038000003,0.661,3.092,1.827,0.145,0.002,0.0,LO
591,7406,0.0,0.006,2.866,5.162,4.032,2.681,0.97900003,0.0,LO
591,7407,0.0,1.396,2.417,3.894,3.11,1.161,0.052,0.0,LO
591,7408,0.0,0.006,0.487,1.14,2.243,0.827,0.013,0.0,LO
591,7467,0.0,0.0,0.014,1.8,2.189,0.103,0.002,0.0,LO
596,514,0.0,0.0,0.0,0.0,0.0,0.0,0.007,0.0,LO
596,591,0.0,0.056999996,0.298,1.956,0.56700003,0.312,0.073,0.0,LO
596,597,0.0,3.092,10.057,23.577,15.867,9.039,1.8479999,0.0,LO
596,603,0.0,0.486,0.529,2.468,1.666,0.355,0.243,0.0,LO
596,617,0.0,0.013,0.973,3.418,1.891,0.932,0.438,0.0,LO
596,618,0.0,0.0,0.0,0.081,0.0,0.0,0.0,0.0,LO
596,620,0.0,2.458,10.972,22.409,11.658,5.606,1.137,0.0,LO
596,621,0.0,0.0,0.104,1.301,0.225,0.082,0.0,0.0,LO
596,659,0.0,0.98700005,4.594,10.109,5.052,3.158,1.258,0.0,LO
596,680,0.0,0.47,39.75,102.523,45.9,37.186,12.413,0.0,LO
596,686,0.0,0.281,1.149,4.13,1.933,1.136,0.118,0.0,LO
596,709,0.0,0.90400004,3.266,8.257,4.391,2.06,2.201,0.0,LO
596,717,0.0,0.272,0.542,4.0099998,1.99,1.969,0.905,0.0,LO
596,719,0.0,0.229,0.734,3.761,1.5320001,1.322,0.638,0.0,LO
596,751,0.0,2.391,17.435,70.953,36.728,19.092,4.614,0.0,LO
596,755,0.0,0.0,0.0,1.362,0.0,0.0,0.0,0.0,LO
596,763,0.0,0.028,0.022,0.028,0.054,0.0,0.0,0.0,LO
596,766,0.0,0.1,0.536,1.794,0.718,0.76,0.378,0.0,LO
596,1023,0.0,0.0,0.033,0.229,0.176,0.347,0.18800001,0.0,LO
596,1395,0.0,0.542,1.936,2.708,1.304,0.704,0.09,0.0,LO
596,1398,0.0,0.718,1.768,3.24,1.561,1.053,0.459,0.0,LO
596,1402,0.0,2.99,17.73,19.37,10.555,8.885,0.963,0.0,LO
596,1404,0.0,0.0,0.323,0.858,0.329,0.454,0.053000003,0.0,LO
596,1409,0.0,0.049000002,0.523,1.201,0.555,0.134,0.828,0.0,LO
596,1413,0.0,0.176,0.954,1.102,0.592,0.564,0.007,0.0,LO
596,1415,0.0,14.561001,6.703,10.602,5.042,1.622,0.279,0.0,LO
596,1421,0.0,0.112,1.627,2.885,1.075,0.682,0.33,0.0,LO
596,1429,0.0,0.075,0.961,1.751,1.147,0.397,0.005,0.0,LO
596,1434,0.0,1.033,0.755,8.568,3.053,4.129,0.33900002,0.0,LO
596,1437,0.0,0.0,0.393,0.845,0.653,0.235,0.008,0.0,LO
596,1438,0.0,0.0,0.129,0.35300002,0.27899998,0.113,0.098000005,0.0,LO
596,1439,0.0,0.0,0.697,0.22,0.154,0.072,0.057000004,0.0,LO
596,1440,0.0,0.118,1.453,2.227,0.91400003,0.96500003,0.323,0.0,LO
596,1441,0.0,0.013,0.177,0.468,0.472,0.244,0.009,0.0,LO
596,1442,0.0,0.695,5.965,4.172,2.192,2.719,4.631,0.0,LO
596,1444,0.0,6.545,21.439,76.453,35.731,22.698,12.416,0.0,LO
596,1445,0.0,0.038000003,0.775,0.659,0.23,0.133,0.060000002,0.0,LO
596,1448,0.0,0.022,0.16600001,0.277,0.599,0.142,0.0,0.0,LO
596,1449,0.0,0.005,0.038000003,0.119,0.077,0.09,0.022,0.0,LO
596,1451,0.0,0.533,4.759,8.414,0.99,0.638,0.243,0.0,LO
596,1452,0.0,0.0,0.119,1.396,0.852,0.251,0.0,0.0,LO
596,1455,0.0,1.969,5.1800003,14.371,5.236,3.006,1.988,0.0,LO
596,1524,0.0,0.0,0.0,0.0,0.145,0.0,0.0,0.0,LO
596,5423,0.0,0.0,0.0,0.156,0.0,0.0,0.0,0.0,LO
596,5595,0.0,0.0,0.0,1.178,0.0,0.0,0.0,0.0,LO
596,6977,0.0,0.022,0.334,1.304,0.674,0.368,0.107999995,0.0,LO
596,6978,0.0,0.0,0.11,0.704,0.143,0.24,0.0,0.0,LO
596,6979,0.0,0.0,0.428,0.51,0.784,0.307,0.175,0.0,LO
596,7401,0.0,0.0,0.0,0.0,0.075,0.0,0.0,0.0,LO
596,7404,0.0,0.0,0.0,0.0,0.044,0.0,0.22,0.0,LO
596,7406,0.0,0.0,0.0,0.0,0.062,0.0,0.216,0.0,LO
596,9587,0.0,0.0,0.0,0.842,0.0,0.0,0.0,0.0,LO
597,514,0.0,0.011,0.0,0.0,0.0,0.0,0.019,0.0,LO
597,591,0.0,1.876,1.904,3.545,1.243,0.61,0.89,0.0,LO
597,596,0.0,10.402,15.808001,15.317,12.946,6.627,1.77,0.0,LO
597,603,0.0,0.22600001,0.528,1.586,0.559,0.271,0.12900001,0.0,LO
597,617,0.0,1.258,4.542,7.756,2.814,2.393,1.052,0.0,LO
597,620,0.0,4.785,10.037,25.876,16.099,6.903,7.4969997,0.0,LO
597,621,0.0,0.242,0.644,3.207,1.2030001,0.42,0.013,0.0,LO
597,659,0.0,0.629,6.467,12.14,8.668,4.0090003,2.737,0.0,LO
597,680,0.0,10.226,42.295002,112.905,50.005,28.995,10.19,0.0,LO
597,686,0.0,1.6110001,4.177,7.7,3.058,1.4,0.405,0.0,LO
597,709,0.0,0.143,2.512,11.243,9.955,2.703,3.7089999,0.0,LO
597,717,0.0,5.4300003,7.333,10.316999,11.516,4.091,2.994,0.0,LO
597,719,0.0,0.73,1.12,5.104,1.329,0.69200003,0.485,0.0,LO
597,751,0.0,1.981,13.16,51.217,26.747,8.804,2.532,0.0,LO
597,763,0.0,0.0,0.0,0.026,0.0,0.0,0.0,0.0,LO
597,766,0.0,3.701,13.413,15.294,6.382,4.3,2.375,0.0,LO
597,1022,0.0,0.0,0.14,0.047000002,0.201,0.149,0.047000002,0.0,LO
597,1024,0.0,0.0,0.0,0.54,0.093,0.0,0.0,0.0,LO
597,1082,0.0,0.004,0.053000003,0.074,0.115,0.0,0.058,0.0,LO
597,1395,0.0,1.916,4.122,11.117,6.702,3.057,0.972,0.0,LO
597,1398,0.0,0.053999998,6.533,13.809,10.068,11.109,4.4900002,0.0,LO
597,1402,0.0,33.418,35.676,45.822,22.662,23.572,2.3,0.0,LO
597,1404,0.0,0.271,1.025,1.927,0.947,0.838,2.191,0.0,LO
597,1409,0.0,0.103,0.861,0.534,0.428,0.081,0.109,0.0,LO
597,1413,0.0,0.22,0.84,1.165,0.551,0.30699998,0.0,0.0,LO
597,1415,0.0,51.236,13.073999,10.435,3.36,1.704,0.304,0.0,LO
597,1421,0.0,0.133,0.855,3.082,0.888,0.73,0.167,0.0,LO
597,1429,0.0,0.334,1.341,1.986,1.451,0.633,0.283,0.0,LO
597,1434,0.0,0.004,7.318,15.493,8.303,6.751,4.244,0.0,LO
597,1437,0.0,0.0,0.0,0.7,0.303,0.415,0.0,0.0,LO
597,1438,0.0,0.0,0.832,0.396,0.13800001,0.067,0.248,0.0,LO
597,1439,0.0,0.17300001,0.007,0.457,0.234,0.538,0.0,0.0,LO
597,1440,0.0,0.266,1.364,1.838,1.249,0.673,0.112,0.0,LO
597,1441,0.0,0.263,0.372,0.286,0.215,0.0,0.0,0.0,LO
597,1442,0.0,7.129,24.84,33.152,24.229,16.869,13.793,0.0,LO
597,1443,0.0,0.0,0.149,0.099999994,0.185,0.07,0.014,0.0,LO
597,1444,0.0,26.493,58.685,118.389,56.605,37.261,9.423,0.0,LO
597,1445,0.0,0.018000001,0.519,0.605,0.089,0.098,0.0,0.0,LO
597,1448,0.0,0.028,2.126,0.503,1.138,0.39,0.0,0.0,LO
597,1449,0.0,0.012,0.107,0.117,0.047000002,0.05,0.0,0.0,LO
597,1451,0.0,1.074,1.8610001,2.718,1.557,0.564,0.377,0.0,LO
597,1452,0.0,0.32700002,2.399,2.986,0.597,0.191,0.167,0.0,LO
597,1455,0.0,7.669,54.952,159.399,48.166,22.227,11.386001,0.0,LO
597,1524,0.0,0.0,0.0,0.0,0.258,0.0,0.0,0.0,LO
597,5421,0.0,0.0,0.0,0.294,0.0,0.0,0.0,0.0,LO
597,5423,0.0,0.0,0.0,0.061,0.0,0.0,0.0,0.0,LO
597,5595,0.0,0.0,0.289,1.414,0.0,0.0,0.0,0.0,LO
597,6977,0.0,0.161,1.148,1.5370001,0.765,0.819,0.148,0.0,LO
597,6978,0.0,0.20899999,0.613,0.452,0.109000005,0.149,0.265,0.0,LO
597,6979,0.0,0.063,0.547,0.269,0.646,0.164,0.145,0.0,LO
597,7402,0.0,0.0,0.0,0.0,0.0,0.0,0.13,0.0,LO
597,7404,0.0,0.0,0.0,0.0,0.059,0.0,0.0,0.0,LO
597,9586,0.0,0.0,0.0,0.811,0.0,0.0,0.0,0.0,LO
597,9587,0.0,0.0,0.0,0.005,0.0,0.0,0.0,0.0,LO
603,591,0.0,1.217,6.52,12.709,10.116,3.121,3.971,0.0,LO
603,596,0.0,0.041,0.411,0.634,0.313,0.234,0.066,0.0,LO
603,597,0.0,0.01,0.303,0.714,0.203,0.277,0.024,0.0,LO
603,617,0.0,0.0,0.125,0.268,0.18200001,0.078,0.053,0.0,LO
603,618,0.0,0.646,10.573,42.053,7.711,4.154,1.597,0.0,LO
603,620,0.0,0.018,0.053,0.219,0.132,0.081,0.07,0.0,LO
603,621,0.0,0.963,5.337,45.148,23.623,3.497,2.899,0.0,LO
603,659,0.0,0.01,0.146,0.24900001,0.16,0.107,0.024,0.0,LO
603,686,0.0,3.306,26.876,107.009,42.29,14.269,19.401001,0.0,LO
603,709,0.0,0.0,0.0,0.228,0.181,0.127,0.099999994,0.0,LO
603,717,0.0,0.025,0.318,0.583,0.374,0.162,0.125,0.0,LO
603,719,0.0,49.826,375.126,1839.721,847.795,502.374,336.19,0.0,LO
603,751,0.0,0.014,0.634,1.711,0.569,0.485,0.714,0.0,LO
603,755,0.0,0.313,0.96000004,2.199,1.335,0.67,0.451,0.0,LO
603,763,5.212,14.927,69.576,270.631,168.829,117.825,90.729,12.507,LO
603,766,0.0,6.914,28.658,60.385,38.817,26.183,18.364,0.0,LO
603,788,5.448,7.87,18.766,125.135,78.2,35.552002,36.022,8.848,LO
603,1022,14.834,12.442,66.75,523.854,372.59,313.87,204.422,31.568,LO
603,1023,7.154,4.905,66.969,300.662,192.805,181.046,88.843,16.59,LO
603,1024,7.085,6.767,117.511,828.731,355.637,273.633,121.153,19.301,LO
603,1039,1.807,2.839,12.8550005,52.916,31.605,19.169,21.229,2.572,LO
603,1082,6.488,15.631,61.021,227.719,119.952,69.0,80.53,13.709,LO
603,1083,5.585,1.334,4.212,28.509,19.858,18.185,22.747,13.018,LO
603,1085,3.499,1.942,18.115,86.602,57.955,35.063,30.89,10.2300005,LO
603,1395,0.0,0.0,0.0,0.0,0.0,0.21700001,0.186,0.0,LO
603,1398,0.0,0.005,0.003,0.097,0.036,0.093,0.036000002,0.0,LO
603,1402,0.0,0.0,0.0,0.0,0.0,0.117,0.0,0.0,LO
603,1404,0.0,0.985,10.469,36.283,26.647,17.563,11.898,0.0,LO
603,1409,0.0,0.74300003,31.741,97.869,35.593,25.324,17.378,0.0,LO
603,1413,0.0,6.486,104.038,218.726,63.564,31.794,17.048,0.0,LO
603,1421,0.0,8.65,101.532,185.18,96.757,61.588,54.387,0.0,LO
603,1429,0.0,8.59,187.454,1096.371,828.936,719.099,327.415,0.0,LO
603,1434,0.0,0.0,0.0,0.505,0.114,0.088,0.0,0.0,LO
603,1437,0.0,2.3140001,28.05,55.813,33.003,26.165,24.816,0.0,LO
603,1438,0.0,3.345,16.979,29.14,18.227,13.531,11.522,0.0,LO
603,1439,0.0,1.24,23.89,60.567,28.402,21.558,10.316,0.0,LO
603,1440,0.0,10.907,102.706,260.427,96.612,72.707,44.508,0.0,LO
603,1441,5.202,1.924,50.244,282.918,297.325,216.157,141.092,10.118,LO
603,1442,0.0,0.0,0.028,0.255,0.113,0.100999996,0.056,0.0,LO
603,1443,32.688,17.487,119.169,784.142,642.25,585.514,432.684,89.996,LO
603,1445,0.0,5.014,59.55,70.903,26.19,20.076,20.206,0.0,LO
603,1448,0.0,3.453,152.231,66.153,113.999,52.181,20.061,0.0,LO
603,1449,0.0,0.245,4.437,8.775,4.714,3.8630002,2.184,0.0,LO
603,1452,0.0,1.379,18.473,25.14,18.122,7.141,4.185,0.0,LO
603,1455,0.0,0.209,0.241,0.826,0.321,0.048,0.01,0.0,LO
603,5150,0.0,0.015,0.549,4.396,3.4959998,1.298,1.0,0.0,LO
603,5345,14.404,12.066,39.034,174.673,109.617,80.566,90.471,38.937,LO
603,5356,0.0,0.308,11.104,35.337,23.281,15.451,10.383,0.0,LO
603,5362,0.0,5.56,17.428,75.431,52.471,41.629,27.951,0.0,LO
603,5376,0.0,1.212,6.7730002,24.94,9.431,11.168,5.78,0.0,LO
603,5378,0.0,0.295,5.55,9.289,5.136,4.86,3.491,0.0,LO
603,5397,0.0,1.216,7.856,13.332,12.525,7.96,2.553,0.0,LO
603,5404,0.0,1.489,18.141,84.302,79.478,69.756,34.31,0.0,LO
603,5411,0.0,1.138,11.337,26.01,8.217,7.003,4.859,0.0,LO
603,5418,0.0,0.449,12.93,53.647,53.39,35.862,23.972,0.0,LO
603,5421,0.0,0.0,0.0,0.0,0.0,0.0,1.041,0.0,LO
603,5423,0.0,0.019,2.205,7.559,1.351,6.211,9.205,0.0,LO
603,5424,0.0,0.33,1.558,4.0889997,0.0,4.776,4.226,0.0,LO
603,5437,0.0,1.54,16.092001,44.286,39.766,23.783,18.621,0.0,LO
603,5595,0.0,0.183,3.752,10.945,5.774,6.119,5.074,0.0,LO
603,6926,0.0,0.0,0.279,0.263,0.195,0.126,0.07,0.0,LO
603,6961,0.0,0.002,0.18800001,0.376,0.151,0.15,0.156,0.0,LO
603,6962,0.0,0.053999998,0.053,0.651,0.42,0.284,0.199,0.0,LO
603,6965,0.0,0.0,0.027,0.118,0.154,0.05,0.053999998,0.0,LO
603,6973,0.0,0.0,0.017,0.012,0.04,0.0,0.0,0.0,LO
603,6977,0.0,3.819,174.719,1279.661,983.653,765.047,324.924,0.0,LO
603,6978,0.0,2.617,104.364,554.145,344.236,344.638,205.075,0.0,LO
603,6979,0.0,5.838,165.44,688.996,624.684,572.474,313.258,0.0,LO
603,9586,0.0,0.858,6.737,18.676,6.099,5.03,1.01,0.0,LO
603,9587,0.0,2.756,11.172,49.434,19.541,13.992,3.934,0.0,LO
617,522,0.0,0.0,0.0,0.01,0.0,0.015,0.0,0.0,LO
617,591,0.0,0.0,0.48,0.334,0.403,0.084,0.052,0.0,LO
617,596,0.0,0.316,1.911,4.039,1.686,1.114,0.287,0.0,LO
617,597,0.0,0.393,2.82,13.826,6.781,2.84,1.384,0.0,LO
617,603,0.0,0.0,0.019,0.531,0.334,0.294,0.061,0.0,LO
617,618,0.0,0.0,0.121,0.0,0.0,0.0,0.0,0.0,LO
617,620,0.0,0.116000004,4.396,7.949,3.661,3.436,1.367,0.0,LO
617,621,0.0,0.0,0.036,0.437,0.359,0.078,0.07700001,0.0,LO
617,659,0.0,0.043,1.789,4.291,1.452,1.439,1.533,0.0,LO
617,680,0.0,0.09200001,65.506996,232.495,91.853,60.194,18.903,0.0,LO
617,686,0.0,0.01,0.852,1.033,0.555,0.501,0.0,0.0,LO
617,709,0.0,0.060000002,0.448,2.503,2.317,1.385,2.563,0.0,LO
617,717,0.0,0.132,1.434,4.678,2.194,0.982,0.289,0.0,LO
617,719,0.0,0.0,0.0,0.120000005,0.034,0.184,0.107999995,0.0,LO
617,751,0.0,1.103,7.808,33.588,16.339,6.938,2.538,0.0,LO
617,755,0.0,0.0,0.186,0.0,0.0,0.0,0.0,0.0,LO
617,766,0.0,0.068,1.387,3.585,2.015,1.35,0.349,0.0,LO
617,1395,0.0,0.0,0.576,1.456,1.262,0.80300003,0.1,0.0,LO
617,1398,0.0,0.0,1.527,1.7360001,1.277,1.052,0.131,0.0,LO
617,1402,0.0,0.335,4.287,15.786,6.137,4.672,0.558,0.0,LO
617,1404,0.0,0.0,0.38500002,0.50200003,0.412,0.155,0.191,0.0,LO
617,1415,0.0,5.0360003,7.261,20.993,6.386,1.998,0.24700001,0.0,LO
617,1429,0.0,0.0,0.064,0.294,0.120000005,0.092,0.0,0.0,LO
617,1434,0.0,1.069,0.923,3.116,0.772,1.408,0.514,0.0,LO
617,1440,0.0,0.017,0.034,0.315,0.059,0.018,0.0,0.0,LO
617,1442,0.0,2.3109999,1.951,3.233,1.483,0.508,3.5059998,0.0,LO
617,1444,0.0,8.494,54.336,139.798,53.891,32.198,14.512,0.0,LO
617,1448,0.0,0.0,0.084,0.179,0.179,0.037,0.0,0.0,LO
617,1451,0.0,0.84,3.209,8.1710005,1.366,1.171,0.157,0.0,LO
617,1452,0.0,0.0,0.126,1.221,0.38300002,0.21200001,0.079,0.0,LO
617,1455,0.0,0.47,1.307,8.45,2.583,1.615,0.135,0.0,LO
617,5595,0.0,0.383,0.661,0.0,0.0,0.0,0.111,0.0,LO
617,6977,0.0,0.0,0.031,0.23200001,0.16,0.0,0.0,0.0,LO
617,9586,0.0,0.0,0.312,0.0,0.0,0.0,0.0,0.0,LO
617,9587,0.0,0.0,0.50699997,0.0,0.0,0.0,0.0,0.0,LO
618,522,0.0,0.0,0.0,0.0,0.0,0.0,0.038,0.0,LO
618,596,0.0,0.174,0.431,1.614,1.3790001,0.403,0.037,0.0,LO
618,603,0.0,0.122999996,1.852,21.1,24.227,8.345,3.323,0.0,LO
618,620,0.0,0.0,0.444,2.39,1.351,0.801,0.72,0.0,LO
618,659,0.0,0.0,0.165,0.804,0.96000004,0.608,0.18100001,0.0,LO
618,680,0.0,0.0,0.0,0.0,0.0,0.0,0.056,0.0,LO
618,709,0.0,0.0,0.08,1.502,0.713,0.458,0.262,0.0,LO
618,717,0.0,0.0,0.301,2.434,1.42,0.61300004,0.252,0.0,LO
618,719,0.0,0.633,1.81,32.368,51.901,8.172,3.799,0.0,LO
618,751,0.0,0.0,0.0,0.0,0.0,0.0,0.049,0.0,LO
618,755,0.0,0.363,24.41,135.094,81.58,42.445,16.836,0.0,LO
618,763,0.0,0.0,0.0,0.0,0.0,0.032,0.0,0.0,LO
618,766,0.0,0.548,5.918,45.241,38.218998,13.907,8.931,0.0,LO
618,788,0.0,0.106000006,0.0,1.804,1.082,0.246,0.235,0.0,LO
618,1022,0.0,0.0,0.106,0.92,1.11,0.472,0.0,0.0,LO
618,1023,0.0,0.0,0.0,1.136,0.752,0.0,0.159,0.0,LO
618,1024,0.0,0.0,0.0,1.836,0.795,0.849,0.415,0.0,LO
618,1039,0.0,0.0,0.0,0.959,0.517,0.0,0.156,0.0,LO
618,1083,0.0,0.042999998,0.685,8.639,7.514,2.085,1.644,0.0,LO
618,1085,0.0,0.0,0.0,0.55,1.725,0.322,0.092,0.0,LO
618,1395,0.0,0.284,0.392,1.704,1.404,0.4,0.257,0.0,LO
618,1398,0.0,0.077,0.182,2.434,1.482,0.518,0.306,0.0,LO
618,1409,0.0,0.003,0.791,7.3519998,7.283,2.672,1.095,0.0,LO
618,1413,0.0,0.796,4.693,22.708,10.592,5.663,0.139,0.0,LO
618,1415,0.0,0.0,0.0,0.15,0.196,0.245,0.048,0.0,LO
618,1421,0.0,0.575,1.02,15.314,10.937,2.826,0.84000003,0.0,LO
618,1429,0.0,0.006,2.582,12.125,15.572,6.417,1.372,0.0,LO
618,1434,0.0,0.001,0.245,2.162,0.368,0.308,0.0,0.0,LO
618,1437,0.0,0.52599996,5.697,38.566,33.702,16.642,5.916,0.0,LO
618,1438,0.0,0.0,3.065,7.361,7.375,3.569,0.783,0.0,LO
618,1439,0.0,0.194,0.29500002,3.711,2.014,0.822,1.263,0.0,LO
618,1440,0.0,0.023,3.498,19.944,9.195,5.643,3.184,0.0,LO
618,1441,0.0,0.059,0.31599998,2.944,5.018,1.402,0.412,0.0,LO
618,1442,0.0,0.0,0.0,1.64,2.4689999,0.736,0.206,0.0,LO
618,1443,0.0,0.0,0.0,1.092,0.74300003,0.001,0.16,0.0,LO
618,1444,0.0,0.0,0.361,4.58,5.12,0.608,0.282,0.0,LO
618,1445,0.0,0.154,5.518,15.633,10.395,7.375,1.311,0.0,LO
618,1448,0.0,0.084,10.205,10.883,18.431,3.9720001,0.916,0.0,LO
618,1449,0.0,0.001,0.686,3.1990001,4.086,0.955,0.571,0.0,LO
618,1451,0.0,0.0,0.134,0.843,0.13,0.0,0.151,0.0,LO
618,1455,0.0,0.004,0.114,4.04,1.861,0.911,0.161,0.0,LO
618,1524,0.0,0.0,0.419,8.954,4.058,2.467,0.0,0.0,LO
618,5301,0.0,0.0,2.2549999,27.731,27.464,12.162,3.581,0.0,LO
618,5372,0.0,0.0,0.0,4.614,4.095,4.397,0.414,0.0,LO
618,5404,0.0,0.0,0.18599999,0.43400002,0.309,0.143,0.043,0.0,LO
618,5418,0.0,0.0,0.0,0.0,0.0,0.0,0.17,0.0,LO
618,5421,0.0,0.118,5.509,29.682,17.588,10.411,2.423,0.0,LO
618,5423,0.0,0.028,3.149,29.149,22.880001,10.974999,2.11,0.0,LO
618,5424,0.0,0.921,3.809,4.866,4.876,2.514,1.4319999,0.0,LO
618,5595,0.0,8.949,75.151,445.729,323.469,117.014,86.425,0.0,LO
618,6814,0.0,0.0,0.0,0.035,0.033,0.01,0.0,0.0,LO
618,6913,0.0,0.0,0.0,0.266,0.913,0.317,0.0,0.0,LO
618,6914,0.0,0.0,0.0,0.793,1.392,0.266,0.266,0.0,LO
618,6919,0.0,0.0,0.0,1.197,0.374,0.025,0.102000006,0.0,LO
618,6941,0.0,0.0,0.0,0.683,0.171,0.023,0.05,0.0,LO
618,6959,0.0,0.0,0.0,0.798,0.552,0.0050000004,0.0,0.0,LO
618,6972,0.0,0.0,0.0,0.685,0.023,0.432,0.001,0.0,LO
618,6977,0.0,0.094,1.699,10.856,10.403,4.378,1.973,0.0,LO
618,6978,0.0,0.0,0.751,3.299,2.032,1.887,0.81,0.0,LO
618,6979,0.0,0.001,0.96999997,3.356,3.53,2.466,0.692,0.0,LO
618,7401,0.0,0.0,0.0,5.21,2.3899999,1.2620001,0.095,0.0,LO
618,7404,0.0,0.0,0.0,0.881,0.772,0.147,0.021,0.0,LO
618,7406,0.0,0.0,0.0,3.449,5.476,0.368,0.75600004,0.0,LO
618,7407,0.0,0.0,1.367,1.349,2.336,1.808,0.0,0.0,LO
618,9586,0.0,1.015,7.694,29.124,15.765,7.147,3.696,0.0,LO
618,9587,0.0,1.58,17.637001,310.294,194.477,62.915,30.54,0.0,LO
620,591,0.0,0.567,1.934,2.492,0.881,0.207,0.033,0.0,LO
620,596,0.0,13.846001,17.343,10.203,8.183,4.532,1.17,0.0,LO
620,597,0.0,8.252,32.434,58.422,25.772,6.304,2.258,0.0,LO
620,603,0.0,0.454,0.759,0.836,0.407,0.448,0.18,0.0,LO
620,617,0.0,0.653,3.466,6.954,3.6399999,2.05,0.489,0.0,LO
620,618,0.0,0.0,0.0,0.854,0.0,0.0,0.0,0.0,LO
620,621,0.0,0.047000002,0.205,2.82,0.775,0.414,0.0,0.0,LO
620,659,0.0,0.234,3.469,9.252,4.679,3.924,0.673,0.0,LO
620,680,0.0,4.46,21.083,47.435,21.557,10.124,3.912,0.0,LO
620,686,0.0,4.927,6.043,5.452,1.762,0.58,0.117,0.0,LO
620,709,0.0,0.433,1.918,13.863,8.785,4.458,1.804,0.0,LO
620,717,0.0,4.236,3.842,7.656,5.216,2.359,1.145,0.0,LO
620,719,0.0,1.396,0.783,1.023,0.237,0.054,0.078999996,0.0,LO
620,751,0.0,3.69,17.401001,63.531998,19.781,12.405,5.362,0.0,LO
620,755,0.0,0.0,0.0,0.831,0.0,0.0,0.0,0.0,LO
620,766,0.0,3.906,11.119,12.175,3.715,3.696,1.23,0.0,LO
620,1395,0.0,1.052,4.515,6.459,2.264,3.309,0.992,0.0,LO
620,1398,0.0,0.309,3.287,5.149,3.635,2.608,0.309,0.0,LO
620,1402,0.0,30.967001,83.993996,102.941,35.168,24.431,2.514,0.0,LO
620,1404,0.0,0.084,1.7409999,1.324,1.7080001,0.527,0.368,0.0,LO
620,1409,0.0,0.0,0.575,0.439,0.167,0.41799998,0.147,0.0,LO
620,1413,0.0,0.136,0.61,0.708,0.202,0.078999996,0.0,0.0,LO
620,1415,0.0,9.887,4.496,5.189,2.196,0.242,0.034,0.0,LO
620,1421,0.0,0.0,0.412,1.221,0.0,0.0,0.221,0.0,LO
620,1429,0.0,0.046,1.666,1.031,1.291,0.092,0.0,0.0,LO
620,1434,0.0,0.062,3.774,7.162,3.353,3.228,0.454,0.0,LO
620,1439,0.0,0.163,0.217,0.68,0.0,0.0,0.0,0.0,LO
620,1440,0.0,0.525,0.612,0.916,0.163,0.0,0.0,0.0,LO
620,1442,0.0,5.584,19.078,16.66,12.399,10.3,1.462,0.0,LO
620,1444,0.0,7.814,9.334,20.108,6.588,5.132,2.1,0.0,LO
620,1448,0.0,0.201,2.674,0.52500004,0.666,0.069000006,0.0,0.0,LO
620,1449,0.0,0.0,0.015000001,0.023,0.023,0.016,0.0,0.0,LO
620,1451,0.0,0.0,0.439,1.074,0.499,0.274,0.0,0.0,LO
620,1452,0.0,0.308,1.843,1.871,2.348,2.839,0.085,0.0,LO
620,1455,0.0,6.105,23.944,81.868004,24.344,9.144,2.912,0.0,LO
620,5421,0.0,0.0,0.0,0.031,0.0,0.0,0.0,0.0,LO
620,5423,0.0,0.0,0.0,0.031,0.0,0.0,0.0,0.0,LO
620,5595,0.0,0.0,0.128,0.81299996,0.0,0.0,0.0,0.0,LO
620,6977,0.0,0.138,0.487,0.773,0.349,0.0,0.0,0.0,LO
620,6979,0.0,0.059,0.879,0.0,0.39499998,0.382,0.0,0.0,LO
620,9586,0.0,0.0,0.0,0.339,0.0,0.0,0.0,0.0,LO
620,9587,0.0,0.0,0.0,1.1639999,0.0,0.0,0.0,0.0,LO
621,514,0.0,0.0,0.014,0.043,0.029000001,0.084,0.014,0.0,LO
621,522,0.0,0.0,0.057,0.571,0.809,0.611,0.098,0.0,LO
621,591,0.0,0.061,4.871,18.646,10.936,5.382,1.726,0.0,LO
621,596,0.0,0.0,0.048,0.088,0.061,0.0,0.0,0.0,LO
621,597,0.0,0.016,0.0,0.879,0.297,0.035,0.111,0.0,LO
621,603,0.0,0.139,2.518,20.449,37.153,11.719,6.747,0.0,LO
621,620,0.0,0.0,0.0,0.336,0.34399998,0.096,0.031,0.0,LO
621,659,0.0,0.0,0.047,0.19399999,0.076,0.091,0.001,0.0,LO
621,680,0.0,0.0,0.0,1.126,1.098,0.377,0.497,0.0,LO
621,686,0.0,0.669,50.65,306.077,152.36,96.745,29.029,0.0,LO
621,709,0.0,0.0,0.0,0.398,0.123,0.104,0.0,0.0,LO
621,717,0.0,0.0,0.052,0.258,0.174,0.071,0.0,0.0,LO
621,719,0.0,0.364,2.593,12.221,14.344,8.064,4.425,0.0,LO
621,751,0.0,0.0,0.215,3.216,1.166,0.155,0.088,0.0,LO
621,766,0.0,1.145,9.598001,43.79,44.713,22.695,7.98,0.0,LO
621,1022,0.0,0.0,0.052,0.486,1.117,0.291,0.293,0.0,LO
621,1023,0.0,0.0,0.036,0.375,0.594,0.311,0.299,0.0,LO
621,1024,0.0,0.0,0.0,0.0,0.308,0.0,0.112,0.0,LO
621,1395,0.0,0.0,0.0,0.481,1.301,1.34,0.199,0.0,LO
621,1398,0.0,0.0,0.001,0.884,1.699,1.288,0.885,0.0,LO
621,1402,0.0,0.005,0.434,6.005,4.277,6.984,0.63600004,0.0,LO
621,1404,0.0,0.0,2.808,33.12,24.883999,11.992,3.444,0.0,LO
621,1409,0.0,0.0,0.903,13.894,11.563,7.347,4.3780003,0.0,LO
621,1413,0.0,0.0,4.076,22.445,13.436,6.9830003,3.75,0.0,LO
621,1415,0.0,0.0,0.0,0.541,0.879,0.25800002,0.033,0.0,LO
621,1421,0.0,0.096999995,1.63,5.67,5.955,2.565,2.726,0.0,LO
621,1429,0.0,0.0,1.219,9.657,13.026999,8.479,2.492,0.0,LO
621,1434,0.0,0.0,0.019,0.46,0.82,0.252,0.012,0.0,LO
621,1437,0.0,0.091,2.209,19.902,27.585001,15.387,6.499,0.0,LO
621,1438,0.0,0.085,0.532,5.352,6.425,3.585,2.453,0.0,LO
621,1439,0.0,0.0,0.697,6.046,7.263,3.729,1.511,0.0,LO
621,1440,0.0,0.164,2.094,27.691,23.159,8.5,3.434,0.0,LO
621,1441,0.0,0.0,1.38,6.19,10.399,5.981,2.352,0.0,LO
621,1442,0.0,0.0,0.296,0.37399998,1.264,0.988,0.396,0.0,LO
621,1443,0.0,0.0,0.0,0.14,0.448,0.253,0.026,0.0,LO
621,1444,0.0,0.952,2.779,8.544,10.932,0.814,0.0,0.0,LO
621,1445,0.0,0.041,2.964,19.331,21.861,10.494,5.942,0.0,LO
621,1448,0.0,0.0,3.284,13.187,34.196,11.715,2.357,0.0,LO
621,1449,0.0,0.595,1.6110001,13.8619995,12.162,5.71,1.451,0.0,LO
621,1451,0.0,0.0,0.0,0.325,0.576,0.27899998,0.16600001,0.0,LO
621,1452,0.0,0.018,1.503,36.498,28.825,10.133,2.829,0.0,LO
621,1455,0.0,0.0,0.637,3.104,3.017,1.04,0.37,0.0,LO
621,1524,0.0,0.0,2.078,5.053,6.42,7.284,0.429,0.0,LO
621,5345,0.0,0.0,0.0,0.0,0.073,0.0,0.0,0.0,LO
621,5362,0.0,0.0,0.0,0.011,0.038000003,0.0,0.0,0.0,LO
621,5404,0.0,0.0,0.0,0.0,0.142,0.0,0.0,0.0,LO
621,5418,0.0,0.0,0.0,0.0,0.034,0.0,0.0,0.0,LO
621,5437,0.0,0.0,0.0,0.0,0.033,0.0,0.0,0.0,LO
621,6913,0.0,0.0,0.0,0.008,0.102,0.138,0.035,0.0,LO
621,6914,0.0,0.0,0.0,0.174,0.074,0.3,0.086,0.0,LO
621,6919,0.0,0.0,0.0,0.067,0.106,0.29700002,0.062,0.0,LO
621,6934,0.0,0.0,0.0,0.0,0.38099998,0.18800001,0.0,0.0,LO
621,6941,0.0,0.0,0.0,0.0,0.056,0.0,0.018,0.0,LO
621,6956,0.0,0.0,0.0,0.0,0.028,0.0,0.014,0.0,LO
621,6959,0.0,0.001,0.026,0.047000002,0.329,0.068,0.037,0.0,LO
621,6972,0.0,0.0,0.0,0.0,0.15,0.0,0.003,0.0,LO
621,6977,0.0,0.026,0.732,10.63,13.495,8.617,2.374,0.0,LO
621,6978,0.0,0.0,0.87799996,8.277,4.246,2.911,1.069,0.0,LO
621,6979,0.0,0.0,0.19,3.155,3.8,2.658,1.414,0.0,LO
621,7401,0.0,0.177,0.78900003,3.717,6.078,4.445,0.906,0.0,LO
621,7402,0.0,0.0,0.0,2.184,2.053,0.918,0.185,0.0,LO
621,7403,0.0,0.0,0.257,0.09,0.968,0.482,0.0,0.0,LO
621,7404,0.0,0.0,0.0,2.824,2.323,0.82199997,0.87299997,0.0,LO
621,7406,0.0,0.0,0.899,5.697,11.766,6.289,4.182,0.0,LO
621,7407,0.0,0.0,0.0,2.188,3.336,0.258,0.69600004,0.0,LO
621,7408,0.0,0.0,0.585,0.51,0.46899998,0.278,0.278,0.0,LO
659,591,0.0,0.23200001,0.568,1.12,0.19600001,0.206,0.061,0.0,LO
659,596,0.0,6.628,6.57,8.449,4.231,2.4029999,1.035,0.0,LO
659,597,0.0,1.747,8.573,15.809,9.186,3.522,0.857,0.0,LO
659,603,0.0,0.072,1.235,1.639,1.126,0.575,0.052,0.0,LO
659,617,0.0,2.835,2.092,2.8569999,1.9380001,0.833,0.559,0.0,LO
659,618,0.0,0.0,0.0,0.411,0.0,0.0,0.0,0.0,LO
659,620,0.0,0.27,4.368,8.557,3.912,2.445,0.791,0.0,LO
659,621,0.0,0.068,0.157,0.582,0.545,0.0,0.0,0.0,LO
659,680,0.0,8.661,34.745,82.428,33.326,20.23,4.585,0.0,LO
659,686,0.0,0.403,2.968,3.2810001,0.55799997,0.121,0.0,0.0,LO
659,709,0.0,0.125,3.421,4.263,3.053,2.031,0.219,0.0,LO
659,717,0.0,4.482,2.774,4.767,1.592,1.683,0.407,0.0,LO
659,719,0.0,0.973,0.552,1.93,0.931,0.386,0.365,0.0,LO
659,751,0.0,3.041,14.41,65.018,22.681,7.893,1.58,0.0,LO
659,755,0.0,0.0,0.0,0.485,0.0,0.0,0.0,0.0,LO
659,763,0.0,0.0,0.008,0.035,0.022,0.0,0.016,0.0,LO
659,766,0.0,1.459,5.468,6.486,3.106,2.539,0.368,0.0,LO
659,1395,0.0,0.317,2.808,1.645,0.885,0.2,0.07,0.0,LO
659,1398,0.0,0.0,1.995,3.213,1.434,1.321,0.236,0.0,LO
659,1402,0.0,4.177,15.733,22.027,12.473001,6.422,0.111,0.0,LO
659,1404,0.0,0.022,0.926,0.748,0.516,0.379,0.07,0.0,LO
659,1409,0.0,0.047,0.42000002,0.372,0.081,0.0,0.0,0.0,LO
659,1413,0.0,0.091,1.161,0.99,0.832,0.682,0.0,0.0,LO
659,1415,0.0,23.525,5.151,4.53,2.283,1.111,0.17300001,0.0,LO
659,1421,0.0,0.155,1.979,1.488,0.58,0.355,0.18,0.0,LO
659,1429,0.0,0.078999996,0.62,1.772,0.716,0.513,0.149,0.0,LO
659,1434,0.0,4.693,4.439,4.055,2.401,0.317,0.0,0.0,LO
659,1437,0.0,0.0,0.0,0.245,0.634,0.255,0.173,0.0,LO
659,1438,0.0,0.0,0.852,0.666,0.086,0.16600001,0.0,0.0,LO
659,1439,0.0,0.273,0.457,0.57,0.0,0.0,0.0,0.0,LO
659,1440,0.0,0.076000005,1.802,1.831,1.1899999,0.697,0.221,0.0,LO
659,1441,0.0,0.0,0.199,0.325,0.597,0.085,0.0,0.0,LO
659,1442,0.0,0.378,2.546,3.849,2.317,1.021,0.0,0.0,LO
659,1444,0.0,17.67,18.424,35.829998,21.344,10.982,3.72,0.0,LO
659,1445,0.0,0.31100002,0.475,0.536,0.515,0.095,0.0,0.0,LO
659,1448,0.0,0.048,1.851,0.613,0.452,0.561,0.0,0.0,LO
659,1449,0.0,0.002,0.172,0.055,0.016,0.038000003,0.02,0.0,LO
659,1451,0.0,0.461,3.238,3.152,1.562,1.135,0.19600001,0.0,LO
659,1452,0.0,0.118,1.839,0.45,0.594,0.776,0.0,0.0,LO
659,1455,0.0,2.123,17.029,22.366,5.341,1.646,3.515,0.0,LO
659,1524,0.0,0.001,0.006,0.0,0.136,0.0,0.003,0.0,LO
659,5595,0.0,0.0,0.29999998,0.4,0.0,0.0,0.0,0.0,LO
659,6977,0.0,0.197,1.411,0.842,0.819,0.435,0.232,0.0,LO
659,6978,0.0,0.0,0.463,0.601,0.0,0.0,0.0,0.0,LO
659,6979,0.0,0.0,0.194,0.483,0.115,0.538,0.155,0.0,LO
659,7406,0.0,0.003,0.05,0.0,0.0,0.0,0.0,0.0,LO
659,9586,0.0,0.0,0.0,0.081,0.0,0.0,0.0,0.0,LO
659,9587,0.0,0.0,0.0,1.937,0.0,0.0,0.0,0.0,LO
680,591,0.0,0.023,2.612,6.86,4.096,2.993,1.087,0.0,LO
680,596,0.0,7.366,26.931,61.421,56.884,43.829,16.94,0.0,LO
680,597,0.0,2.051,16.716,73.299,49.749,28.72,13.318,0.0,LO
680,617,0.0,1.025,14.416,79.892,78.581,60.31,35.657,0.0,LO
680,618,0.0,0.0,0.088,0.0,0.0,0.0,0.037,0.0,LO
680,620,0.0,0.735,9.532,36.959,30.038,20.079,9.983,0.0,LO
680,621,0.0,0.019,2.032,12.788,6.317,4.178,0.588,0.0,LO
680,659,0.0,2.007,12.042,44.346,40.744,31.156,12.83,0.0,LO
680,686,0.0,0.006,6.573,33.977,15.13,10.632,1.091,0.0,LO
680,709,0.0,0.922,5.005,31.34,33.276,22.389,12.894,0.0,LO
680,717,0.0,3.509,16.141,62.327,55.94,37.305,17.289,0.0,LO
680,751,0.0,7.421,41.623,229.563,164.66,125.405,45.881,0.0,LO
680,755,0.0,0.007,0.193,0.0,0.0,0.0,0.071,0.0,LO
680,766,0.0,2.588,24.692,101.127,88.114,74.745,43.054,0.0,LO
680,1395,0.0,0.47,1.614,10.646,6.05,16.58,6.231,0.0,LO
680,1398,0.0,0.37,4.584,21.885,25.338,17.325,5.485,0.0,LO
680,1402,0.0,2.702,15.701,30.098999,15.301,25.613,9.714,0.0,LO
680,1404,0.0,0.0,1.743,12.194,9.039,6.97,3.2220001,0.0,LO
680,1409,0.0,0.0,0.014,0.175,0.101,0.129,0.012,0.0,LO
680,1413,0.0,0.0,0.47,1.385,0.227,0.22,0.096,0.0,LO
680,1415,0.0,8.262,3.4060001,10.967,6.327,3.159,0.608,0.0,LO
680,1429,0.0,0.0,0.118,0.049,0.148,0.135,0.029000001,0.0,LO
680,1434,0.0,0.75299996,5.121,19.616,12.955,16.623,4.513,0.0,LO
680,1438,0.0,0.0,0.0,0.065,0.067,0.185,0.053,0.0,LO
680,1442,0.0,1.876,9.476,33.545002,36.729,28.602,13.806,0.0,LO
680,1444,0.0,6.528,74.09,184.564,60.994,33.067,11.833,0.0,LO
680,1448,0.0,0.0,0.294,0.353,1.314,1.085,0.262,0.0,LO
680,1449,0.0,0.0,0.009,0.019000001,0.009000001,0.0,0.0,0.0,LO
680,1451,0.0,0.694,4.336,17.178,4.943,3.774,5.6480002,0.0,LO
680,1452,0.0,0.0,1.09,9.455,5.606,1.7310001,0.824,0.0,LO
680,1455,0.0,5.835,10.833,69.274,38.455,24.772,7.394,0.0,LO
680,5421,0.0,0.0,0.037,0.0,0.0,0.0,0.0,0.0,LO
680,5595,0.0,0.708,0.753,0.0,0.0,0.0,0.381,0.0,LO
680,6977,0.0,0.0,0.018,0.086,0.137,0.228,0.0,0.0,LO
680,6979,0.0,0.0,0.027,0.131,0.0,0.17400001,0.0,0.0,LO
680,9586,0.0,0.013,0.127,0.0,0.0,0.0,0.059,0.0,LO
680,9587,0.0,0.0,0.352,0.0,0.0,0.0,0.274,0.0,LO
686,514,0.0,0.41500002,0.41,1.241,0.308,0.461,0.086,0.0,LO
686,522,0.0,0.135,0.243,1.437,1.177,0.644,0.088,0.0,LO
686,591,0.0,1.036,28.76,80.342,58.771,24.096,11.156,0.0,LO
686,596,0.0,0.0,0.151,1.454,1.085,0.721,0.0,0.0,LO
686,597,0.0,0.115,0.199,1.25,0.918,0.577,0.243,0.0,LO
686,603,0.0,2.784,17.1,67.098,81.053,23.126,9.139,0.0,LO
686,617,0.0,0.0,0.184,0.442,0.715,0.169,0.3,0.0,LO
686,620,0.0,0.043,0.221,1.686,1.3829999,0.86300004,0.012,0.0,LO
686,621,0.0,0.359,17.315,198.43,124.109,55.988,27.228,0.0,LO
686,659,0.0,0.0,0.0,0.372,0.598,0.133,0.025,0.0,LO
686,680,0.0,0.511,0.542,3.079,1.9619999,0.823,0.67800003,0.0,LO
686,709,0.0,0.0,0.083,0.652,0.409,0.113,0.002,0.0,LO
686,717,0.0,0.0,0.063,1.062,0.555,0.238,0.0,0.0,LO
686,719,0.0,2.994,8.213,41.298,29.166,8.817,3.663,0.0,LO
686,751,0.0,0.0,1.029,5.089,4.019,1.219,0.44300002,0.0,LO
686,766,0.0,7.809,52.255,165.135,148.753,62.763,26.107,0.0,LO
686,1022,0.0,0.051,0.345,1.462,2.496,0.403,0.207,0.0,LO
686,1023,0.0,0.027,0.0,0.0,0.464,0.0,0.081,0.0,LO
686,1395,0.0,0.27199998,0.775,0.922,1.362,1.087,0.059,0.0,LO
686,1398,0.0,0.0,0.548,2.285,2.357,1.225,0.23200001,0.0,LO
686,1402,0.0,0.312,1.2919999,8.2560005,8.323,1.846,0.501,0.0,LO
686,1404,0.0,1.049,26.298,156.042,129.55501,67.42,35.054,0.0,LO
686,1409,0.0,0.41700003,10.54,28.37,25.517,15.866,3.657,0.0,LO
686,1413,0.0,0.917,19.138,55.086,36.318,15.466001,5.092,0.0,LO
686,1415,0.0,0.0,0.48700002,2.483,1.697,0.397,0.1,0.0,LO
686,1421,0.0,4.195,44.807,166.799,149.374,57.05,18.919,0.0,LO
686,1429,0.0,1.517,9.995,36.522,35.3,21.511,4.907,0.0,LO
686,1434,0.0,0.009000001,1.403,3.246,1.321,1.168,0.002,0.0,LO
686,1437,0.0,1.8479999,14.22,62.855,66.416,27.126,6.175,0.0,LO
686,1438,0.0,0.316,8.189,17.83,20.498,8.598,3.57,0.0,LO
686,1439,0.0,0.32299998,2.197,10.828,11.824,5.775,1.837,0.0,LO
686,1440,0.0,3.756,14.376,68.902,42.468,17.257,6.11,0.0,LO
686,1441,0.0,0.149,1.49,15.908,16.785,6.867,2.6399999,0.0,LO
686,1442,0.0,0.463,0.695,2.334,1.034,1.085,0.25800002,0.0,LO
686,1443,0.0,0.103,0.321,1.048,1.988,0.649,0.264,0.0,LO
686,1444,0.0,0.501,1.719,7.026,2.714,0.878,0.155,0.0,LO
686,1445,0.0,1.9909999,15.012,56.936,43.993,18.394,4.607,0.0,LO
686,1448,0.0,1.66,49.346,46.714,92.114,32.293,8.003,0.0,LO
686,1449,0.0,0.057,0.66899997,2.992,2.296,0.97900003,0.714,0.0,LO
686,1451,0.0,0.0,0.397,1.128,1.0469999,0.39699998,0.223,0.0,LO
686,1452,0.0,1.2129999,20.741,185.691,133.574,66.124,34.455,0.0,LO
686,1455,0.0,2.163,1.1240001,7.664,2.579,0.699,0.097,0.0,LO
686,1524,0.0,0.778,2.648,13.346,19.158,6.559,0.352,0.0,LO
686,6914,0.0,0.0,0.255,0.17999999,0.792,0.305,0.091,0.0,LO
686,6919,0.0,0.0,0.0,1.478,1.117,0.591,0.147,0.0,LO
686,6926,0.0,0.0,0.002,1.131,0.981,0.262,0.098000005,0.0,LO
686,6941,0.0,0.0,0.0,0.0,0.091,0.0,0.009,0.0,LO
686,6947,0.0,0.0,0.0,0.0,0.0,0.0,0.001,0.0,LO
686,6952,0.0,0.0,0.0,0.0,0.0,0.0,0.002,0.0,LO
686,6959,0.0,0.001,0.014,0.30200002,1.046,0.1,0.002,0.0,LO
686,6961,0.0,0.0,0.586,0.264,0.432,0.0,0.0,0.0,LO
686,6972,0.0,0.0,0.0,0.0,0.119,0.0,0.0,0.0,LO
686,6977,0.0,0.828,7.426,34.969,29.719,18.5,5.328,0.0,LO
686,6978,0.0,0.454,5.473,18.232,6.559,5.334,2.912,0.0,LO
686,6979,0.0,0.90500003,3.583,11.341,11.254,7.215,2.568,0.0,LO
686,7401,0.0,0.0,0.654,9.709,9.9939995,3.546,1.5780001,0.0,LO
686,7402,0.0,0.0,0.0,2.279,1.658,0.734,0.0,0.0,LO
686,7403,0.0,0.0,0.36,0.638,1.061,0.647,0.31,0.0,LO
686,7404,0.0,0.0,0.0,5.136,3.02,1.513,0.0,0.0,LO
686,7406,0.0,0.12100001,2.309,10.599,14.811,7.225,2.9980001,0.0,LO
686,7407,0.0,0.0,0.495,6.163,2.021,0.18,1.193,0.0,LO
686,7408,0.0,0.0,0.0,0.595,0.644,0.79,0.115,0.0,LO
686,7467,0.0,0.0,0.24700001,1.65,1.111,0.561,0.0,0.0,LO
698,6814,0.0,0.659,20.672,71.63,47.271,39.996,27.391,0.0,LO
698,6867,0.0,1.549,9.511,53.723,34.266,25.742,22.685,0.0,LO
698,6913,0.0,2.712,35.805,152.213,179.239,137.948,96.439,0.0,LO
698,6934,0.0,1.595,20.707,165.781,150.801,107.651,38.06,0.0,LO
698,6941,0.0,32.937,161.483,628.51,638.89,407.802,230.399,0.0,LO
698,6947,0.0,22.078,70.89,163.466,154.259,94.517,68.94,0.0,LO
698,6949,0.0,1.268,16.558,64.692,59.936,61.162,48.776,0.0,LO
698,6952,0.0,3.504,34.972,118.073,102.472,99.282,60.972,0.0,LO
698,6956,0.0,3.097,78.215,300.247,228.86101,164.405,75.864,0.0,LO
698,6958,0.0,13.318,30.622,129.066,87.199,80.601,43.567,0.0,LO
698,6959,0.0,7.632,78.682,307.358,320.535,160.914,86.718,0.0,LO
698,6961,0.0,1.188,12.572,34.659,16.203001,10.802,4.3980002,0.0,LO
698,6962,0.0,8.82,22.219,75.563,39.863,29.817,18.439,0.0,LO
698,6965,0.0,10.273,46.255,111.520996,46.604,23.985,11.581,0.0,LO
698,6966,0.0,0.924,36.534,205.322,104.508,73.308,31.039,0.0,LO
698,6967,0.0,1.845,22.08,129.895,79.933,95.026,49.69,0.0,LO
698,6968,0.0,0.0,2.129,24.952,21.06,14.414,6.673,0.0,LO
698,6972,0.0,8.106,142.239,401.982,384.408,269.802,213.948,0.0,LO
709,591,0.0,0.29299998,2.423,0.809,0.0,0.17500001,0.081,0.0,LO
709,596,0.0,7.036,8.083,5.059,4.711,1.793,0.87,0.0,LO
709,597,0.0,6.86,12.191,15.084,5.852,2.742,0.609,0.0,LO
709,603,0.0,1.301,1.233,0.804,0.58,0.099,0.0,0.0,LO
709,617,0.0,1.43,2.112,3.936,1.405,0.686,0.134,0.0,LO
709,618,0.0,0.0,0.0,0.618,0.0,0.0,0.0,0.0,LO
709,620,0.0,1.797,5.392,13.214,5.457,2.796,0.958,0.0,LO
709,621,0.0,0.074,0.488,2.073,1.139,0.0,0.0,0.0,LO
709,659,0.0,0.084,1.779,5.858,2.11,1.008,0.80700004,0.0,LO
709,680,0.0,15.19,24.913,64.568,27.776001,11.449,3.861,0.0,LO
709,686,0.0,1.098,1.9480001,2.548,0.617,0.27499998,0.29000002,0.0,LO
709,717,0.0,2.654,3.888,2.78,1.925,0.767,1.549,0.0,LO
709,719,0.0,1.5450001,0.404,0.856,0.537,0.068,0.0,0.0,LO
709,751,0.0,4.329,22.587,75.852,22.122,8.228,3.4950001,0.0,LO
709,755,0.0,0.0,0.0,0.84000003,0.0,0.0,0.0,0.0,LO
709,766,0.0,4.226,5.721,5.498,1.559,1.5320001,0.552,0.0,LO
709,1395,0.0,0.752,1.202,1.898,0.63,0.583,0.0,0.0,LO
709,1398,0.0,0.0,2.835,3.059,4.223,0.67,0.105000004,0.0,LO
709,1402,0.0,12.191,40.852,29.028,11.008,5.331,1.708,0.0,LO
709,1404,0.0,0.092999995,0.68299997,1.207,0.116,0.504,0.002,0.0,LO
709,1409,0.0,0.07,0.100999996,1.194,0.206,0.0,0.0,0.0,LO
709,1413,0.0,0.077,1.025,1.136,0.16,0.118,0.0,0.0,LO
709,1415,0.0,3.927,0.748,3.888,0.53000003,0.215,0.209,0.0,LO
709,1421,0.0,0.0,0.722,1.529,0.278,0.444,0.0,0.0,LO
709,1429,0.0,0.14199999,0.486,1.35,0.503,0.805,0.0,0.0,LO
709,1434,0.0,0.0,5.121,2.21,1.031,0.0,0.189,0.0,LO
709,1437,0.0,0.0,0.219,0.712,0.0,0.076,0.082,0.0,LO
709,1438,0.0,0.0,0.216,0.996,0.0,0.0,0.0,0.0,LO
709,1440,0.0,1.227,0.34,1.974,0.682,0.0,0.0,0.0,LO
709,1442,0.0,1.462,1.488,3.431,1.542,0.74300003,0.173,0.0,LO
709,1444,0.0,18.831,19.968,29.09,12.5130005,5.038,4.264,0.0,LO
709,1448,0.0,0.107999995,5.19,0.081,0.0,0.0,0.0,0.0,LO
709,1451,0.0,0.288,0.611,3.739,0.898,0.322,0.0,0.0,LO
709,1452,0.0,0.118,0.193,0.769,1.407,0.218,0.004,0.0,LO
709,1455,0.0,0.43,9.087,38.845,9.422,2.942,2.5800002,0.0,LO
709,5421,0.0,0.0,0.0,0.001,0.0,0.0,0.0,0.0,LO
709,5595,0.0,0.0,0.161,0.30400002,0.0,0.0,0.0,0.0,LO
709,6977,0.0,0.0,0.61800003,0.78999996,0.302,0.003,0.17199999,0.0,LO
709,9586,0.0,0.0,0.0,0.066,0.0,0.0,0.0,0.0,LO
709,9587,0.0,0.0,0.0,1.4070001,0.0,0.0,0.0,0.0,LO
717,514,0.0,0.0,0.0,0.0,0.0,0.0,0.046,0.0,LO
717,522,0.0,0.0,0.0,0.0,0.0,0.0,0.006,0.0,LO
717,591,0.0,0.205,1.068,1.65,0.291,0.183,0.024,0.0,LO
717,596,0.0,3.1079998,3.086,3.48,2.793,1.568,0.368,0.0,LO
717,597,0.0,1.9449999,9.319,16.889,10.0789995,4.311,1.548,0.0,LO
717,603,0.0,0.349,1.545,1.883,1.24,0.707,0.187,0.0,LO
717,617,0.0,0.181,1.234,2.672,1.801,0.9,0.528,0.0,LO
717,618,0.0,0.0,0.0,0.324,0.0,0.0,0.0,0.0,LO
717,620,0.0,0.92200005,7.732,7.746,5.158,3.17,0.933,0.0,LO
717,621,0.0,0.118,0.33200002,1.173,0.898,0.267,0.001,0.0,LO
717,659,0.0,0.24399999,1.497,5.612,3.45,1.504,0.933,0.0,LO
717,680,0.0,9.492,41.42,96.672,40.215,24.808,7.885,0.0,LO
717,686,0.0,0.75,2.768,6.074,1.561,1.107,0.092,0.0,LO
717,709,0.0,0.551,2.003,5.428,2.766,1.025,0.541,0.0,LO
717,719,0.0,1.156,1.105,2.679,0.78400004,1.067,0.567,0.0,LO
717,751,0.0,0.79899997,9.322,36.674,15.466,4.1280003,1.286,0.0,LO
717,755,0.0,0.0,0.0,1.677,0.0,0.0,0.0,0.0,LO
717,763,0.0,0.0,0.0,0.047,0.018,0.0,0.0,0.0,LO
717,766,0.0,0.47,2.531,3.342,2.31,1.6389999,0.291,0.0,LO
717,1022,0.0,0.0,0.1,0.346,0.164,0.0,0.106,0.0,LO
717,1024,0.0,0.0,0.0,0.107999995,0.054,0.151,0.212,0.0,LO
717,1395,0.0,0.964,1.3889999,2.5609999,0.967,0.576,0.116,0.0,LO
717,1398,0.0,0.030000001,1.341,4.3980002,2.295,1.766,0.42,0.0,LO
717,1402,0.0,6.999,15.739,28.055,8.433,5.219,1.176,0.0,LO
717,1404,0.0,0.017,0.296,1.194,0.871,0.17899999,0.001,0.0,LO
717,1409,0.0,0.337,0.903,0.906,0.171,0.535,0.234,0.0,LO
717,1413,0.0,0.27699998,2.253,1.299,1.049,0.555,0.0,0.0,LO
717,1415,0.0,17.959,7.56,10.112,3.616,1.2179999,0.215,0.0,LO
717,1421,0.0,1.1730001,1.924,2.566,2.733,0.782,0.47,0.0,LO
717,1429,0.0,0.179,1.736,2.954,1.362,0.677,0.296,0.0,LO
717,1434,0.0,0.002,1.964,6.233,1.3610001,1.517,3.493,0.0,LO
717,1437,0.0,0.018,0.662,1.043,0.884,0.36200002,0.0,0.0,LO
717,1439,0.0,0.141,1.056,0.27,0.068,0.184,0.072000004,0.0,LO
717,1440,0.0,0.327,1.696,3.351,1.054,1.941,0.556,0.0,LO
717,1441,0.0,0.12,0.344,0.315,0.488,0.443,0.126,0.0,LO
717,1442,0.0,1.7490001,4.806,4.392,2.888,1.377,0.209,0.0,LO
717,1444,0.0,13.497,23.773,55.903,26.192,17.212,5.922,0.0,LO
717,1445,0.0,0.077,0.584,0.661,0.642,0.24000001,0.0,0.0,LO
717,1448,0.0,0.0,2.367,0.458,1.129,0.0,0.0,0.0,LO
717,1449,0.0,0.007,0.118999995,0.15100001,0.076,0.028,0.0,0.0,LO
717,1451,0.0,3.9169998,7.358,4.976,1.674,0.358,0.099,0.0,LO
717,1452,0.0,0.023,0.799,0.885,1.2820001,1.1669999,0.209,0.0,LO
717,1455,0.0,5.015,11.437,18.727,8.777,3.135,0.649,0.0,LO
717,1524,0.0,0.0,0.0,0.0,0.066,0.0,0.0,0.0,LO
717,5595,0.0,0.0,0.0,0.48,0.0,0.0,0.0,0.0,LO
717,6977,0.0,0.266,0.318,1.314,0.698,0.771,0.162,0.0,LO
717,6978,0.0,0.085,0.13800001,0.484,0.17400001,0.101,0.168,0.0,LO
717,6979,0.0,0.049,0.498,0.092,0.467,0.142,0.0,0.0,LO
717,7401,0.0,0.0,0.0,0.0,0.121,0.0,0.0,0.0,LO
717,7404,0.0,0.0,0.0,0.0,0.045,0.0,0.337,0.0,LO
717,7406,0.0,0.0,0.0,0.0,0.088,0.0,0.0,0.0,LO
717,7408,0.0,0.0,0.0,0.0,0.0,0.0,0.343,0.0,LO
717,9586,0.0,0.0,0.0,0.17,0.0,0.0,0.0,0.0,LO
717,9587,0.0,0.0,0.0,1.163,0.0,0.0,0.0,0.0,LO
719,591,0.0,3.798,9.524,11.228,6.847,4.835,1.075,0.0,LO
719,596,0.0,3.527,1.044,1.851,1.418,0.716,0.188,0.0,LO
719,597,0.0,1.4419999,0.468,1.622,1.084,1.38,0.055999998,0.0,LO
719,603,0.0,224.801,575.322,1461.417,1013.353,691.997,201.543,0.0,LO
719,617,0.0,0.108,0.076000005,0.287,0.245,0.0,0.012,0.0,LO
719,618,0.0,1.81,23.837,66.061,9.54,2.762,0.357,0.0,LO
719,620,0.0,0.158,0.268,1.401,0.72400004,0.726,0.039,0.0,LO
719,621,0.0,1.003,4.492,24.391,10.902,2.984,1.0699999,0.0,LO
719,659,0.0,0.396,0.524,1.922,1.066,0.908,0.093,0.0,LO
719,686,0.0,5.605,22.397,60.555,28.428,20.528,6.681,0.0,LO
719,698,0.0,0.27899998,0.0,0.0,0.0,4.896,0.0,0.0,LO
719,709,0.0,0.308,0.18,0.57,0.854,0.368,0.069000006,0.0,LO
719,717,0.0,0.821,0.25800002,1.371,1.208,0.563,0.249,0.0,LO
719,742,0.0,0.012,0.278,4.708,4.826,1.9860001,0.36,0.0,LO
719,751,0.0,2.15,2.198,8.1710005,4.635,2.713,0.554,0.0,LO
719,755,0.0,3.464,5.654,4.34,2.672,1.48,0.259,0.0,LO
719,766,0.0,27.985,36.87,72.316,46.248,32.152,10.715,0.0,LO
719,1022,0.0,1.306,1.646,6.167,4.607,5.495,0.94,0.0,LO
719,1023,0.0,0.159,1.115,1.853,1.2080001,1.357,0.628,0.0,LO
719,1024,0.0,0.007,0.009,0.0,0.0,0.0,0.137,0.0,LO
719,1082,0.0,0.0,0.0,0.0,0.0,0.0,0.17,0.0,LO
719,1395,0.0,0.34100002,0.477,0.681,0.407,0.13,0.053,0.0,LO
719,1398,0.0,0.0,0.097,0.908,0.41799998,0.023,0.366,0.0,LO
719,1402,0.0,4.2400002,2.576,8.429,3.915,4.211,0.738,0.0,LO
719,1404,0.0,0.985,9.025,23.133,16.12,11.116,2.76,0.0,LO
719,1409,0.0,1.667,41.401,88.3,43.673,33.349,11.506,0.0,LO
719,1413,0.0,9.58,82.997,159.993,55.157,31.562,7.223,0.0,LO
719,1421,0.0,14.463,75.744,101.897,59.954,39.485,15.905,0.0,LO
719,1429,0.0,42.316,422.941,1561.82,863.625,629.041,279.933,0.0,LO
719,1434,0.0,0.597,0.0,0.715,0.0,0.438,0.125,0.0,LO
719,1437,0.0,2.539,17.608,39.12,29.868,24.789,6.0369997,0.0,LO
719,1438,0.0,2.327,7.522,15.415,9.115,3.554,2.619,0.0,LO
719,1439,0.0,22.767,147.522,203.292,120.429,81.895,41.509,0.0,LO
719,1440,0.0,56.288002,299.578,725.805,284.775,171.657,69.723,0.0,LO
719,1441,0.0,9.762,81.205,315.132,233.872,163.748,50.192,0.0,LO
719,1442,0.0,0.782,1.163,1.273,1.185,0.863,0.209,0.0,LO
719,1443,0.0,0.527,0.668,2.971,3.746,4.188,0.687,0.0,LO
719,1445,0.0,11.686,45.786,50.689,29.537,20.741,14.028,0.0,LO
719,1448,0.0,5.775,93.66,44.652,74.074,36.677002,11.245,0.0,LO
719,1449,0.0,0.556,6.028,12.803,7.341,5.124,1.952,0.0,LO
719,1452,0.0,2.087,11.657,23.188,16.742,10.296,2.386,0.0,LO
719,1455,0.0,1.546,0.622,1.717,0.926,0.482,0.001,0.0,LO
719,1524,0.0,0.036,1.362,9.293,7.437,4.338,0.95299995,0.0,LO
719,5595,0.0,6.751,13.063,25.318,12.242,10.162,1.74,0.0,LO
719,6913,0.0,0.097,2.197,2.726,2.739,1.601,0.0,0.0,LO
719,6914,0.0,0.0,0.15200001,2.672,2.879,0.596,0.129,0.0,LO
719,6919,0.0,0.093,0.26,2.602,3.816,2.552,0.25800002,0.0,LO
719,6926,0.0,0.0,0.315,2.076,4.45,2.4689999,0.55,0.0,LO
719,6934,0.0,0.001,1.174,12.147,12.571,6.456,0.333,0.0,LO
719,6941,0.0,0.424,2.849,17.425,27.29,15.726,1.296,0.0,LO
719,6947,0.0,0.16499999,1.233,3.387,4.488,2.3209999,0.263,0.0,LO
719,6949,0.0,0.0,0.070999995,0.593,0.896,0.34600002,0.072,0.0,LO
719,6952,0.0,0.0,0.625,1.078,0.92800003,0.876,0.261,0.0,LO
719,6954,0.0,0.287,0.277,1.186,2.071,0.996,0.171,0.0,LO
719,6956,0.0,0.148,3.285,8.386,10.451,7.701,0.571,0.0,LO
719,6958,0.0,0.356,1.923,9.165,9.782,5.637,0.601,0.0,LO
719,6959,0.0,0.15599999,1.2310001,5.563,8.989,4.927,0.0,0.0,LO
719,6966,0.0,0.0,0.276,1.848,1.226,0.263,0.023,0.0,LO
719,6967,0.0,0.102,0.928,5.012,2.389,3.112,0.221,0.0,LO
719,6968,0.0,0.007,1.35,5.847,8.906,6.296,0.252,0.0,LO
719,6972,0.0,0.147,2.115,15.533,20.328,14.878,1.136,0.0,LO
719,6973,0.0,0.0,0.0,1.528,1.8610001,0.276,0.077,0.0,LO
719,6977,0.0,20.041,268.613,1192.768,803.949,576.72,242.568,0.0,LO
719,6978,0.0,1.831,90.792,511.281,337.387,343.333,156.108,0.0,LO
719,6979,0.0,15.973,214.272,692.333,550.465,458.83398,234.543,0.0,LO
719,7401,0.0,0.0,0.037,0.34199998,0.07,0.704,0.15100001,0.0,LO
719,7404,0.0,0.0,0.103,0.014,0.0,0.045,0.0,0.0,LO
719,7406,0.0,0.0,0.031,2.486,1.753,2.486,0.279,0.0,LO
719,9586,0.0,1.424,10.094,11.443,5.02,3.7450001,0.491,0.0,LO
719,9587,0.0,3.668,14.69,35.42,18.677,8.985,0.641,0.0,LO
736,6886,0.0,1.908,26.444,101.237,40.797,19.159,0.0,0.0,LO
736,7473,0.0,0.155,10.699,47.726,20.994,17.838,0.0,0.0,LO
742,719,0.0,0.0,0.0,0.0,0.0,0.016,0.196,0.0,LO
742,1429,0.0,0.034,0.872,2.79,1.293,0.885,0.34,0.0,LO
742,6867,0.0,1.888,24.194,76.793,47.28,25.664,8.107,0.0,LO
742,6914,0.0,0.875,42.512,282.194,291.695,174.703,110.519,36.71,LO
742,6919,0.0,1.88,64.576,366.85,402.15,237.129,173.83301,32.718,LO
742,6926,0.0,3.766,28.688,182.664,163.169,105.277,49.875,0.0,LO
742,6954,0.0,4.086,37.517,255.829,231.734,154.516,99.18,10.651,LO
742,6961,0.0,10.627,36.069,89.42,50.501,32.138,8.978,0.0,LO
742,6962,0.0,0.24700001,2.798,12.36,6.4049997,2.286,1.16,0.0,LO
742,6965,0.0,76.637,175.036,388.623,132.831,67.631,15.889,0.0,LO
742,6966,0.0,0.0,3.257,19.934,7.364,3.796,0.996,0.0,LO
742,6973,0.0,0.0,3.207,21.834,22.543,15.764,7.485,0.0,LO
742,6978,0.0,0.013,0.495,1.103,0.672,0.405,0.266,0.0,LO
742,6979,0.0,0.018,0.14,1.119,0.922,0.615,0.146,0.0,LO
751,514,0.0,0.001,0.0,0.0,0.0,0.0,0.047,0.0,LO
751,591,0.0,0.482,2.409,5.209,3.502,1.336,0.56299996,0.0,LO
751,596,0.0,28.462,30.149,39.612,31.007,15.641,4.455,0.0,LO
751,597,0.0,2.955,20.77,41.333,29.821001,16.564,2.122,0.0,LO
751,603,0.0,2.814,1.725,4.165,3.534,1.543,0.487,0.0,LO
751,617,0.0,2.535,8.868,19.149,10.641,6.783,2.501,0.0,LO
751,618,0.0,0.0,0.0,1.053,0.0,0.0,0.0,0.0,LO
751,620,0.0,1.252,20.989,49.545002,28.136,15.651,8.323,0.0,LO
751,621,0.0,0.081,1.1029999,2.969,1.447,1.466,0.351,0.0,LO
751,659,0.0,0.201,5.166,46.632,27.302,11.812,6.824,0.0,LO
751,680,0.0,12.174,102.507,322.104,137.45801,100.446,27.936,0.0,LO
751,686,0.0,2.1130002,9.336,13.948999,7.211,3.315,1.375,0.0,LO
751,709,0.0,0.398,6.349,64.815,37.729,14.348,7.808,0.0,LO
751,717,0.0,3.237,9.414,23.871,18.009,12.386,3.994,0.0,LO
751,719,0.0,2.136,1.737,8.979,3.923,3.255,1.162,0.0,LO
751,755,0.0,0.0,0.0,3.782,0.0,0.0,0.0,0.0,LO
751,763,0.0,0.006,0.016,0.046,0.0,0.0,0.0,0.0,LO
751,766,0.0,7.318,10.552,23.286,12.489,11.694,2.15,0.0,LO
751,1022,0.0,0.0,0.197,0.327,0.473,0.002,0.244,0.0,LO
751,1023,0.0,0.045,0.066,0.216,0.354,0.227,0.0,0.0,LO
751,1024,0.0,0.0,0.033,0.315,0.168,0.053,0.185,0.0,LO
751,1395,0.0,3.158,5.612,8.971,4.875,2.117,1.581,0.0,LO
751,1398,0.0,0.875,5.015,16.059,8.2109995,3.154,3.453,0.0,LO
751,1402,0.0,66.152,148.209,190.769,101.072,81.958,16.987,0.0,LO
751,1404,0.0,0.038000003,0.923,7.347,5.321,3.154,1.302,0.0,LO
751,1409,0.0,0.30900002,1.6899999,1.095,1.541,0.829,0.0,0.0,LO
751,1413,0.0,1.77,5.0620003,5.812,2.573,1.637,0.126,0.0,LO
751,1415,0.0,52.026,16.532,32.797,11.134,8.196,0.762,0.0,LO
751,1421,0.0,0.29500002,3.7419999,6.32,3.218,3.4550002,0.284,0.0,LO
751,1429,0.0,1.219,5.119,7.04,3.751,1.858,0.52,0.0,LO
751,1434,0.0,1.091,11.14,25.771,17.727,5.387,7.82,0.0,LO
751,1437,0.0,0.0,0.282,1.39,1.341,1.421,0.155,0.0,LO
751,1438,0.0,0.063999996,0.449,2.174,0.572,0.308,0.168,0.0,LO
751,1439,0.0,0.422,2.23,1.307,0.896,0.907,0.139,0.0,LO
751,1440,0.0,1.652,4.693,7.561,2.811,4.685,1.236,0.0,LO
751,1441,0.0,0.122999996,1.084,0.743,1.251,0.997,0.0,0.0,LO
751,1442,0.0,2.1100001,8.913,22.535,17.173,6.966,8.375999,0.0,LO
751,1443,0.0,0.0,0.231,0.234,0.283,0.113,0.021,0.0,LO
751,1444,0.0,46.0,59.092,152.119,83.782,45.558,20.608,0.0,LO
751,1445,0.0,0.0,1.1340001,1.268,0.741,1.045,0.571,0.0,LO
751,1448,0.0,0.358,4.518,1.993,3.895,2.429,0.443,0.0,LO
751,1449,0.0,0.048,0.204,0.342,0.205,0.124,0.01,0.0,LO
751,1451,0.0,2.4420002,7.15,12.783,5.004,3.514,0.70199996,0.0,LO
751,1452,0.0,0.313,1.465,9.499,8.631,6.574,1.7329999,0.0,LO
751,1455,0.0,9.66,33.194,79.89,33.863,20.653,11.004,0.0,LO
751,1524,0.0,0.022,0.095,0.0,0.021,0.0,0.382,0.0,LO
751,5301,0.0,0.0,0.0,0.347,0.0,0.0,0.0,0.0,LO
751,5421,0.0,0.0,0.0,0.085,0.0,0.0,0.0,0.0,LO
751,5423,0.0,0.0,0.0,0.084,0.0,0.0,0.0,0.0,LO
751,5424,0.0,0.0,0.0,0.024,0.0,0.0,0.0,0.0,LO
751,5595,0.0,0.0,0.35900003,5.125,0.0,0.0,0.0,0.0,LO
751,6977,0.0,0.795,2.811,2.906,2.308,1.392,0.513,0.0,LO
751,6978,0.0,0.0,0.463,1.636,0.448,0.332,0.0,0.0,LO
751,6979,0.0,0.099,0.474,1.076,0.876,0.881,0.32999998,0.0,LO
751,7401,0.0,0.002,0.065,0.0,0.128,0.0,0.069,0.0,LO
751,7404,0.0,0.0,0.0,0.0,0.169,0.0,0.451,0.0,LO
751,7406,0.0,0.089,0.07,0.0,0.212,0.0,0.73800004,0.0,LO
751,7408,0.0,0.002,0.0,0.0,0.0,0.0,0.0050000004,0.0,LO
751,7467,0.0,0.001,0.0,0.0,0.0,0.0,0.0,0.0,LO
751,9586,0.0,0.0,0.0,1.043,0.0,0.0,0.0,0.0,LO
751,9587,0.0,0.0,0.0,6.974,0.0,0.0,0.0,0.0,LO
755,596,0.0,0.399,1.936,5.515,3.1039999,1.859,0.661,0.0,LO
755,597,0.0,0.0,0.043,0.038,0.0,0.0,0.0,0.0,LO
755,603,0.0,0.142,1.426,1.887,2.043,1.103,0.186,0.0,LO
755,617,0.0,0.0,0.0,0.0,0.0,0.0,0.013,0.0,LO
755,618,0.0,0.896,67.214,376.221,79.357,51.652,18.451,0.0,LO
755,620,0.0,0.589,1.518,2.994,2.703,1.074,0.807,0.0,LO
755,659,0.0,0.073,0.91,2.223,2.792,0.551,0.913,0.0,LO
755,709,0.0,0.089,0.381,1.612,2.063,0.661,0.491,0.0,LO
755,717,0.0,0.0,0.535,5.033,3.904,2.31,1.396,0.0,LO
755,719,0.0,0.44799998,1.516,8.138,4.895,2.092,0.811,0.0,LO
755,751,0.0,0.0,0.399,0.197,0.139,1.012,0.768,0.0,LO
755,766,0.0,2.397,25.343,132.124,93.775,60.347,30.219,0.0,LO
755,788,0.0,0.0,0.0,0.0,0.0,0.0,0.039,0.0,LO
755,1022,0.0,0.0,0.018,0.116000004,0.255,0.379,0.162,0.0,LO
755,1023,0.0,0.0,0.014,0.052,0.106,0.094000004,0.0,0.0,LO
755,1024,0.0,0.026,0.015999999,0.103,0.143,0.108,0.060000002,0.0,LO
755,1082,0.0,0.0,0.0,0.054,0.095,0.037,0.064,0.0,LO
755,1083,0.0,0.518,1.061,2.633,1.601,1.067,1.562,0.0,LO
755,1085,0.0,0.0,0.0,0.126,0.13,0.030000001,0.009,0.0,LO
755,1395,0.0,0.002,0.228,2.528,3.336,1.079,0.32,0.0,LO
755,1398,0.0,0.0,0.111,1.523,1.462,1.37,0.36,0.0,LO
755,1402,0.0,0.0,0.0,0.0,0.0,0.0,0.009,0.0,LO
755,1409,0.0,0.111,4.956,15.36,9.191,4.31,1.629,0.0,LO
755,1413,0.0,2.982,13.874,59.731,19.389,7.978,1.813,0.0,LO
755,1415,0.0,0.0,0.0,0.357,0.124,0.055999998,0.033,0.0,LO
755,1421,0.0,1.255,11.313,46.097,28.619,12.686,3.05,0.0,LO
755,1429,0.0,0.13,3.66,20.67,13.667,11.154,3.348,0.0,LO
755,1434,0.0,0.001,0.156,0.943,0.738,0.22500001,0.285,0.0,LO
755,1437,0.0,0.131,5.68,36.317,28.788,14.28,4.163,0.0,LO
755,1438,0.0,0.49,8.008,18.421,15.713,8.169,1.4990001,0.0,LO
755,1439,0.0,0.0,0.182,1.095,1.342,0.696,0.0,0.0,LO
755,1440,0.0,0.301,2.309,11.798,7.297,3.6,0.732,0.0,LO
755,1441,0.0,0.0,0.628,3.381,5.159,2.029,0.88600004,0.0,LO
755,1442,0.0,0.24,0.364,1.137,3.599,2.888,0.897,0.0,LO
755,1443,0.0,0.0,0.0,0.137,0.21599999,0.124,0.297,0.0,LO
755,1445,0.0,0.136,7.005,22.767,10.984,6.605,0.734,0.0,LO
755,1448,0.0,0.826,39.869,35.62,84.031,22.021,4.015,0.0,LO
755,1449,0.0,0.031000001,0.282,1.012,0.659,0.391,0.18699999,0.0,LO
755,1455,0.0,0.052,1.526,7.803,3.805,1.713,1.833,0.0,LO
755,1524,0.0,0.0,0.0,1.222,1.489,0.046,0.704,0.0,LO
755,5301,0.0,0.0,2.645,26.72,18.86,22.325,2.814,0.0,LO
755,5345,0.0,0.0,0.011,0.007,0.0,0.003,0.006,0.0,LO
755,5372,0.0,0.0,0.0,6.093,1.202,0.985,0.559,0.0,LO
755,5404,0.0,0.0,0.0,0.022,0.0,0.025,0.005,0.0,LO
755,5421,0.0,0.379,8.116,40.549,23.415,16.183,5.743,0.0,LO
755,5423,0.0,0.188,9.1,46.416,30.16,23.478,7.028,0.0,LO
755,5424,0.0,0.814,1.988,7.07,7.69,3.361,2.018,0.0,LO
755,5595,0.0,12.204,135.647,616.501,340.822,239.4,135.472,0.0,LO
755,6977,0.0,0.176,3.454,22.451,17.513,8.965,2.107,0.0,LO
755,6978,0.0,0.022000002,2.271,8.478,5.512,4.154,1.049,0.0,LO
755,6979,0.0,0.184,1.447,10.063,11.742,7.363,2.728,0.0,LO
755,7406,0.0,0.0,0.0,0.76600003,1.309,0.205,0.565,0.0,LO
755,9586,0.0,0.238,30.571001,156.322,90.602,69.031,50.949,0.0,LO
755,9587,0.0,5.166,91.222,910.793,364.101,114.855,39.177,0.0,LO
763,596,0.0,0.0,0.0,0.342,0.18800001,0.119,0.0,0.0,LO
763,597,0.0,0.0,0.0,0.02,0.0,0.0,0.0,0.0,LO
763,603,1.919,18.5,63.077,190.606,123.868004,87.316,45.065,10.304,LO
763,617,0.0,0.008,0.0,0.0,0.02,0.0,0.0,0.0,LO
763,618,0.0,0.0,0.052,0.103,0.023,0.013,0.0,0.0,LO
763,659,0.0,0.0,0.0,0.164,0.0,0.115,0.022,0.0,LO
763,717,0.0,0.0,0.0,0.063,0.177,0.117,0.0,0.0,LO
763,751,0.0,0.0,0.030000001,0.501,0.083000004,0.175,0.021,0.0,LO
763,766,0.0,0.685,0.859,3.572,3.379,1.642,0.699,0.0,LO
763,788,3.495,20.407,77.294,343.874,215.09,141.107,87.83,6.827,LO
763,1022,1.2670001,9.099,33.776,202.239,140.698,119.677,63.391,6.832,LO
763,1023,0.336,9.009,82.144,247.24,158.807,148.789,56.693,2.57,LO
763,1024,1.608,13.6640005,115.053,847.465,459.235,377.65,148.813,4.401,LO
763,1039,0.315,5.49,13.965,92.767,72.84,43.518,30.536,1.6259999,LO
763,1082,0.0,17.637001,67.649,356.81,191.975,126.578,69.281,0.542,LO
763,1083,1.109,28.846,169.045,772.504,508.037,336.167,245.992,7.607,LO
763,1085,1.016,4.355,37.866,206.303,157.876,87.594,52.83,2.519,LO
763,1404,0.0,0.0,0.0,0.0,0.0,0.015,0.049000002,0.0,LO
763,1409,0.0,0.067,2.549,6.371,3.653,1.157,0.783,0.0,LO
763,1413,0.0,0.671,3.383,9.938,3.007,2.126,1.103,0.0,LO
763,1421,0.0,0.103,0.924,2.354,3.019,0.845,0.342,0.0,LO
763,1429,0.0,0.179,0.015,0.051,0.093,0.059,0.018000001,0.0,LO
763,1437,0.0,0.42000002,0.411,1.046,0.974,0.418,0.256,0.0,LO
763,1438,0.0,0.022,0.0,0.0,0.0,0.038,0.0,0.0,LO
763,1439,0.0,6.891,4.689,6.107,2.335,2.198,1.562,0.0,LO
763,1440,0.0,10.934,15.385,20.293,9.639,6.93,2.032,0.0,LO
763,1441,0.794,2.819,20.644,63.444,47.351,35.376,24.99,1.786,LO
763,1443,0.843,10.306,65.737,314.808,203.367,177.93,112.739,10.61,LO
763,1445,0.0,0.757,0.749,2.289,0.76100004,1.061,0.516,0.0,LO
763,1448,0.0,0.43400002,5.184,1.689,4.28,1.801,0.762,0.0,LO
763,1449,0.0,0.124,0.33,0.592,0.189,0.073,0.051,0.0,LO
763,1452,0.0,0.0,0.226,0.528,0.060000002,0.032,0.0,0.0,LO
763,5150,0.0,2.0640001,40.920002,165.245,89.193,49.284,22.613,0.0,LO
763,5301,0.0,4.302,19.992,30.983,21.434,14.275,4.841,0.0,LO
763,5345,5.508,19.574,47.742,185.025,123.67,93.443,71.993004,17.419,LO
763,5356,0.0,1.156,19.499,59.746,37.997,28.926,15.431,0.0,LO
763,5362,0.0,5.54,21.486,79.13,60.677002,40.075,28.643,0.0,LO
763,5372,0.0,5.85,10.861,18.468,8.16,6.421,2.859,0.0,LO
763,5376,0.0,2.307,11.67,40.296,17.282,11.894,9.342,0.0,LO
763,5378,0.0,1.202,13.517,19.769,7.433,8.962,3.03,0.0,LO
763,5397,0.0,0.756,7.436,18.076,13.756,11.219,3.93,0.0,LO
763,5404,0.0,1.621,21.018,89.895,87.108,69.959,35.821,0.0,LO
763,5411,0.0,5.405,68.307,119.578,61.238,49.603,20.601,0.0,LO
763,5418,0.0,0.647,13.591,58.921,54.498,34.299,26.634,0.0,LO
763,5421,0.0,2.439,29.106,70.47,34.170002,26.268,13.306,0.0,LO
763,5423,0.0,2.556,48.756,200.978,111.739,80.182,55.293,0.0,LO
763,5424,0.0,2.532,23.407999,72.882,42.191,34.892,24.488,0.0,LO
763,5437,0.0,3.05,19.529,60.872,51.188,34.628,24.203,0.0,LO
763,5595,0.0,6.968,16.975,42.519,22.121,17.419,13.517,0.0,LO
763,6977,0.0,0.0,0.138,1.21,1.001,0.155,0.114,0.0,LO
763,6978,0.0,0.0,0.103,0.708,0.651,0.527,1.215,0.0,LO
763,6979,0.0,0.234,0.247,1.456,0.737,1.516,0.358,0.0,LO
763,9587,0.0,0.185,0.0,0.545,0.627,0.314,0.0,0.0,LO
766,514,0.0,0.467,1.167,2.867,1.072,0.847,0.098000005,0.0,LO
766,522,0.0,0.411,0.829,1.643,0.949,1.072,0.053000003,0.0,LO
766,591,0.0,4.289,39.813,61.174,28.699,16.638,6.272,0.0,LO
766,596,0.0,0.132,0.833,1.461,0.939,0.705,0.08,0.0,LO
766,597,0.0,1.515,5.902,22.749,14.398,7.064,1.248,0.0,LO
766,603,0.0,16.822,37.509,95.682,49.603,43.703,13.101,0.0,LO
766,617,0.0,0.02,0.91,3.003,1.806,1.073,0.87299997,0.0,LO
766,618,0.0,7.001,41.931,106.245,22.649,10.455,5.452,0.0,LO
766,620,0.0,2.758,6.286,15.066,8.665,6.889,1.771,0.0,LO
766,621,0.0,1.194,14.426,71.012,25.244,8.719,2.434,0.0,LO
766,659,0.0,1.031,3.356,5.997,3.299,2.947,0.687,0.0,LO
766,680,0.0,0.512,62.474,175.859,69.268,49.04,15.814,0.0,LO
766,686,0.0,8.435,86.063,223.164,77.612,38.291,16.426,0.0,LO
766,709,0.0,0.306,1.019,6.304,3.648,2.939,1.245,0.0,LO
766,717,0.0,0.266,1.313,3.581,3.196,1.395,0.454,0.0,LO
766,719,0.0,11.543,18.334,93.079,39.39,34.09,9.205,0.0,LO
766,751,0.0,4.63,6.898,39.79,17.184,11.099,1.654,0.0,LO
766,755,0.0,16.75,120.078,190.027,68.542,41.302,13.238,0.0,LO
766,763,0.0,0.015,0.717,1.701,1.105,0.468,0.332,0.0,LO
766,1022,0.0,0.171,1.13,2.346,0.837,0.932,0.45700002,0.0,LO
766,1023,0.0,0.439,1.421,3.128,2.736,1.292,0.255,0.0,LO
766,1024,0.0,0.075,1.1340001,7.9,3.8890002,2.968,1.225,0.0,LO
766,1082,0.0,0.135,0.275,1.688,0.823,0.296,0.215,0.0,LO
766,1083,0.0,0.024,0.102,0.248,0.092,0.162,0.029,0.0,LO
766,1085,0.0,0.0,0.366,0.417,0.297,0.145,0.14,0.0,LO
766,1395,0.0,2.122,1.7390001,2.319,1.571,0.494,0.024,0.0,LO
766,1398,0.0,0.75200003,2.754,3.594,2.895,1.177,0.194,0.0,LO
766,1402,0.0,6.6219997,13.937,32.15,14.042,8.016,1.82,0.0,LO
766,1404,0.0,0.437,17.948,67.86,46.773,37.328,20.047,0.0,LO
766,1409,0.0,0.534,11.992,20.584,8.491,6.528,3.43,0.0,LO
766,1413,0.0,1.902,36.011,53.872,14.696,10.774,1.684,0.0,LO
766,1415,0.0,17.831001,4.458,15.541,5.914,2.643,0.264,0.0,LO
766,1421,0.0,6.932,17.474,38.849,14.75,6.6940002,3.519,0.0,LO
766,1429,0.0,3.4490001,24.443,58.206,24.26,20.973,7.264,0.0,LO
766,1434,0.0,0.0,2.826,10.302,1.9729999,1.984,0.278,0.0,LO
766,1437,0.0,1.049,8.908,39.819,18.401001,12.805,3.591,0.0,LO
766,1438,0.0,0.90999997,4.518,12.121,3.828,2.774,1.559,0.0,LO
766,1439,0.0,1.25,14.258,8.631,2.836,3.524,1.115,0.0,LO
766,1440,0.0,4.408,32.825,70.022,22.554,22.509,7.931,0.0,LO
766,1441,0.0,1.124,7.6349998,8.482,5.796,4.947,0.907,0.0,LO
766,1442,0.0,2.01,2.862,5.638,3.578,2.327,0.811,0.0,LO
766,1443,0.0,0.0,0.068,0.972,0.53900003,0.067,0.029000001,0.0,LO
766,1444,0.0,13.29,43.831,117.959,47.965,28.388,11.595,0.0,LO
766,1445,0.0,0.598,18.953,29.884,10.55,5.244,2.474,0.0,LO
766,1448,0.0,0.381,45.418,19.521,26.49,17.556,3.239,0.0,LO
766,1449,0.0,2.089,13.76,34.994,6.934,5.608,1.112,0.0,LO
766,1451,0.0,0.772,4.236,9.033,2.369,0.814,2.074,0.0,LO
766,1452,0.0,0.662,18.781,72.596,31.881,18.61,5.882,0.0,LO
766,1455,0.0,3.4390001,7.198,19.973,7.881,3.485,0.918,0.0,LO
766,1524,0.0,0.235,16.134,29.035,10.718,10.212,0.568,0.0,LO
766,5150,0.0,0.022,0.244,0.608,0.20300001,0.118,0.113,0.0,LO
766,5301,0.0,6.589,6.727,12.206,7.292,6.573,1.021,0.0,LO
766,5345,0.0,0.116000004,0.186,1.008,0.317,0.23200001,0.391,0.0,LO
766,5362,0.0,0.065,0.171,0.189,0.059,0.244,0.0,0.0,LO
766,5372,0.0,0.487,3.4259999,8.097,2.736,1.009,0.0,0.0,LO
766,5376,0.0,0.0,0.0,0.0,0.061,0.0,0.0,0.0,LO
766,5404,0.0,0.021,0.138,0.807,0.253,0.24,0.013,0.0,LO
766,5411,0.0,0.0,0.0,0.0,0.034,0.0,0.0,0.0,LO
766,5418,0.0,0.017,0.058,0.534,0.082,0.004,0.012,0.0,LO
766,5421,0.0,0.833,11.506,15.425,4.078,5.529,0.459,0.0,LO
766,5423,0.0,0.256,5.887,16.843,5.451,7.632,0.911,0.0,LO
766,5424,0.0,0.603,2.061,2.1130002,0.628,0.103,0.009,0.0,LO
766,5437,0.0,0.005,0.025,0.117,0.047,0.091,0.033,0.0,LO
766,5595,0.0,50.329998,199.86,332.87,155.289,103.459,42.409,0.0,LO
766,6934,0.0,0.0,0.0,0.284,0.23,0.201,0.0,0.0,LO
766,6941,0.0,0.362,0.371,0.199,0.363,0.251,0.032,0.0,LO
766,6947,0.0,0.36200002,0.2,0.281,0.17,0.055,0.0,0.0,LO
766,6952,0.0,0.067999996,0.003,0.080000006,0.017,0.0,0.0,0.0,LO
766,6956,0.0,0.0,0.134,0.142,0.195,0.38,0.0,0.0,LO
766,6958,0.0,0.0,0.0,0.245,0.074999996,0.2,0.0,0.0,LO
766,6961,0.0,0.347,0.23200001,0.0,0.0,0.0,0.0,0.0,LO
766,6972,0.0,0.172,0.666,0.461,0.229,0.402,0.247,0.0,LO
766,6977,0.0,1.935,13.366,31.996,18.953,16.553999,5.566,0.0,LO
766,6978,0.0,0.51600003,4.482,11.389,4.149,5.252,4.763,0.0,LO
766,6979,0.0,1.023,6.777,14.953,10.021,8.96,3.589,0.0,LO
766,7401,0.0,0.52,10.29,15.04,8.875,10.43,2.344,0.0,LO
766,7402,0.0,0.138,1.66,5.18,3.917,1.389,0.319,0.0,LO
766,7403,0.0,0.0,0.272,1.428,1.327,1.363,0.097,0.0,LO
766,7404,0.0,0.01,5.619,14.985,8.526,4.612,1.8379999,0.0,LO
766,7406,0.0,1.277,10.397,14.016,7.525,4.197,2.289,0.0,LO
766,7407,0.0,0.0,1.327,7.445,1.507,3.0,0.226,0.0,LO
766,7408,0.0,0.244,1.169,5.318,2.632,2.609,0.551,0.0,LO
766,7467,0.0,0.003,2.142,3.504,1.739,0.363,0.57299995,0.0,LO
766,9586,0.0,1.854,26.541,49.785,19.326,18.206,7.549,0.0,LO
766,9587,0.0,12.569,93.437,439.378,178.899,79.59,13.726,0.0,LO
788,603,4.964,5.046,15.837,68.631,40.916,21.034,39.21,12.535,LO
788,618,0.0,0.0,0.078999996,0.586,0.116000004,0.052,0.064,0.0,LO
788,763,4.9,18.006,106.69,337.215,223.745,173.431,189.549,13.502,LO
788,766,0.0,0.007999999,0.0,0.0,0.0,0.0,0.0,0.0,LO
788,1022,2.371,4.5820003,22.11,140.5,106.041,86.23,92.477,11.993,LO
788,1023,4.298,7.914,60.857,186.53,115.511,107.381,79.913,8.913,LO
788,1024,7.671,10.44,155.47,1023.906,522.364,447.866,337.276,28.772,LO
788,1039,2.81,6.22,23.373,175.872,150.989,116.597,82.599,4.938,LO
788,1082,11.992,16.84,72.335,354.755,248.484,216.811,208.954,26.181,LO
788,1083,16.15,28.598,219.211,1133.524,717.606,533.821,431.003,30.327,LO
788,1085,10.178,11.559,93.935,680.137,484.544,308.042,223.335,23.992,LO
788,1404,0.0,0.0,0.0,1.011,0.748,0.538,0.301,0.0,LO
788,1409,0.0,0.0,1.194,2.524,1.231,0.161,0.196,0.0,LO
788,1413,0.0,0.188,1.271,7.606,1.4,0.609,0.296,0.0,LO
788,1421,0.0,0.0,0.0,0.101,0.094,0.0,0.0,0.0,LO
788,1429,0.0,0.321,0.481,2.658,0.912,1.414,0.177,0.0,LO
788,1438,0.0,0.0,0.0,0.082,0.124,0.0,0.0,0.0,LO
788,1439,0.0,0.075,0.109,3.358,1.79,1.271,1.645,0.0,LO
788,1440,0.0,0.027,0.63,3.693,1.802,0.826,0.962,0.0,LO
788,1441,0.797,1.096,8.065,38.795002,32.213,22.34,34.467,3.689,LO
788,1443,6.079,6.156,51.102,272.858,218.062,189.486,217.075,29.64,LO
788,1448,0.0,0.0,1.191,1.258,2.982,0.619,0.359,0.0,LO
788,1449,0.0,0.0,0.001,0.107,0.059,0.032,0.082,0.0,LO
788,5150,0.0,11.419,120.761,588.402,403.583,250.924,115.575,0.0,LO
788,5301,0.0,4.6,41.41,78.454,43.541,37.695,33.169,0.0,LO
788,5345,36.836,56.277,168.245,798.891,624.815,518.795,366.397,81.392,LO
788,5356,0.0,1.902,82.276,328.539,250.161,225.491,127.064,0.0,LO
788,5362,0.0,14.426,82.382,478.259,443.413,330.47,215.762,0.0,LO
788,5372,0.0,9.16,19.494,54.525,24.83,29.56,14.975,0.0,LO
788,5376,0.0,8.249,36.568,183.706,119.261,89.279,69.441,0.0,LO
788,5378,0.0,4.732,50.06,91.26,69.096,61.865,34.934,0.0,LO
788,5397,0.0,4.8459997,22.704,80.62,92.81,78.928,39.033,0.0,LO
788,5404,0.0,5.472,86.184,516.917,584.204,472.57,267.977,0.0,LO
788,5411,0.0,20.97,143.505,300.27798,152.959,125.95,73.827,0.0,LO
788,5418,0.0,1.717,59.15,389.963,381.399,285.014,188.068,0.0,LO
788,5421,0.0,3.665,109.689,249.23,151.399,123.633,71.581,0.0,LO
788,5423,0.0,2.359,158.008,808.769,505.968,429.761,225.087,0.0,LO
788,5424,0.0,8.7699995,98.379,607.023,239.495,223.224,140.809,0.0,LO
788,5437,0.0,7.168,90.191,346.551,347.893,265.881,199.776,0.0,LO
788,5595,0.0,7.201,23.825,47.322,18.459,15.729,78.823,0.0,LO
788,6977,0.0,0.019000001,0.256,1.176,1.063,0.963,0.801,0.0,LO
788,6978,0.0,0.0,0.0,0.0,0.0,0.044,0.46899998,0.0,LO
788,6979,0.0,0.009000001,1.051,1.979,1.725,2.54,1.504,0.0,LO
788,9586,0.0,0.053000003,0.312,0.575,0.248,0.20400001,0.0,0.0,LO
788,9587,0.0,0.0,0.183,0.344,0.064,0.162,0.0,0.0,LO
1022,591,0.0,0.072,0.293,1.224,1.415,0.278,0.419,0.0,LO
1022,603,6.414,22.366,149.444,538.162,237.751,125.131,70.228,16.281,LO
1022,618,0.0,0.0,0.773,1.938,0.22,0.198,0.162,0.0,LO
1022,621,0.0,0.033999998,0.126,2.424,0.525,0.021,0.287,0.0,LO
1022,680,0.0,0.0,0.0,0.0,0.0,0.0,0.015,0.0,LO
1022,686,0.0,0.0,1.39,4.799,1.961,0.373,0.359,0.0,LO
1022,717,0.0,0.0,0.092999995,0.103,0.026999999,0.085,0.059,0.0,LO
1022,719,0.0,0.176,2.195,10.297,3.554,2.289,0.707,0.0,LO
1022,751,0.0,0.0,0.357,0.499,0.209,0.142,0.0,0.0,LO
1022,755,0.0,0.0,0.103,0.146,0.164,0.14,0.037,0.0,LO
1022,763,1.46,7.597,55.099,247.614,122.353,57.234,53.883,6.497,LO
1022,766,0.0,0.349,0.738,2.591,1.548,1.051,0.564,0.0,LO
1022,788,2.997,11.401,63.662,253.562,130.609,65.854004,41.334,13.023,LO
1022,1023,0.488,0.102,1.977,8.359,3.196,3.604,0.88,0.228,LO
1022,1024,1.628,0.669,18.632,111.441,42.434,36.332,15.63,5.986,LO
1022,1039,0.202,0.573,1.629,15.149,9.287,5.234,6.657,2.578,LO
1022,1082,1.081,11.632,31.465,141.883,61.033,34.347,27.102,3.514,LO
1022,1083,1.501,0.216,0.862,6.451,3.654,3.006,4.235,3.052,LO
1022,1085,0.134,0.308,2.9160001,16.514,8.135,5.496,4.448,1.38,LO
1022,1404,0.0,0.0,0.583,1.636,1.502,0.412,0.237,0.0,LO
1022,1409,0.0,0.0,0.4,4.362,2.409,0.707,0.196,0.0,LO
1022,1413,0.0,0.0,1.511,7.712,1.8610001,1.848,0.873,0.0,LO
1022,1421,0.0,0.342,2.573,9.838,5.764,3.2089999,2.262,0.0,LO
1022,1437,0.0,0.109,0.76600003,3.154,1.58,0.582,0.92,0.0,LO
1022,1438,0.0,0.0,1.0,0.74,0.867,0.758,0.605,0.0,LO
1022,1439,0.0,0.16600001,1.786,4.821,1.245,1.652,1.033,0.0,LO
1022,1440,0.0,0.188,4.332,21.598999,8.004,3.811,4.219,0.0,LO
1022,1441,0.54,0.164,1.955,19.788,8.229,5.632,3.906,1.956,LO
1022,1443,0.822,1.374,13.166,63.142,20.659,11.555,6.595,1.084,LO
1022,1445,0.0,0.178,2.082,3.09,2.284,2.117,0.932,0.0,LO
1022,1448,0.0,0.0,4.7139997,3.014,5.883,1.112,0.839,0.0,LO
1022,1449,0.0,0.003,0.107,0.572,0.35,0.12900001,0.034,0.0,LO
1022,1452,0.0,0.0,1.4779999,0.38300002,0.97400004,0.283,1.132,0.0,LO
1022,5150,0.0,0.65,5.622,44.088,19.887001,8.598,5.15,0.0,LO
1022,5301,0.0,0.096,3.38,21.841,13.148,10.894,5.347,0.0,LO
1022,5345,8.707,2.825,4.58,25.433,15.408,11.263,15.9869995,16.779,LO
1022,5356,0.0,0.0,1.107,8.221,4.914,3.261,3.078,0.0,LO
1022,5362,0.0,0.15,1.958,11.553,8.163,6.031,5.719,0.0,LO
1022,5372,0.0,0.0,4.026,7.034,3.223,3.325,2.533,0.0,LO
1022,5376,0.0,0.089,1.344,5.191,3.309,2.158,1.479,0.0,LO
1022,5378,0.0,0.04,2.848,8.557,3.184,3.908,2.105,0.0,LO
1022,5397,0.0,0.0,2.27,2.272,1.866,1.666,1.0550001,0.0,LO
1022,5404,0.0,0.085,2.1,15.07,15.997,7.763,5.13,0.0,LO
1022,5411,0.0,0.343,6.854,14.471,8.813,5.45,2.155,0.0,LO
1022,5418,0.0,0.022,2.334,8.869,8.838,4.163,3.226,0.0,LO
1022,5421,0.0,0.407,5.503,27.028,15.819,12.21,10.524,0.0,LO
1022,5423,0.0,0.306,8.238,47.273,34.78,23.644001,18.632,0.0,LO
1022,5424,0.0,0.463,3.667,13.094,9.419,6.913,7.409,0.0,LO
1022,5437,0.0,0.0,1.576,5.871,5.489,4.429,4.261,0.0,LO
1022,5595,0.0,1.021,14.721,46.728,25.01,12.484,14.383,0.0,LO
1022,6977,0.0,0.0,0.144,1.917,0.361,0.517,0.006,0.0,LO
1022,6978,0.0,0.0,0.222,4.246,2.522,2.755,2.473,0.0,LO
1022,6979,0.0,0.0,0.611,2.391,1.516,0.993,0.426,0.0,LO
1022,9586,0.0,0.084,0.144,0.758,0.589,0.305,0.0,0.0,LO
1022,9587,0.0,0.40899998,0.955,3.837,1.106,1.627,0.0,0.0,LO
1023,591,0.0,0.055,0.379,0.674,0.629,0.339,0.17,0.0,LO
1023,596,0.0,0.0,0.084,0.044,0.178,0.0,0.0,0.0,LO
1023,603,7.944,8.324,50.118,228.12,127.151,79.056,56.24,16.423,LO
1023,618,0.0,0.0,0.228,0.909,0.139,0.0,0.0,0.0,LO
1023,621,0.0,0.0,0.075,1.81,0.579,0.0,0.0,0.0,LO
1023,686,0.0,0.0,0.191,2.904,0.767,0.255,0.229,0.0,LO
1023,717,0.0,0.0,0.049,0.042,0.126,0.045,0.0,0.0,LO
1023,719,0.0,0.044,0.739,7.635,2.03,1.017,0.816,0.0,LO
1023,751,0.0,0.0,0.0,0.357,0.0,0.485,0.0,0.0,LO
1023,755,0.0,0.031,0.023,0.17999999,0.127,0.065,0.0,0.0,LO
1023,763,0.742,9.532,50.28,271.479,123.98,74.354,69.458,4.481,LO
1023,766,0.0,0.0,1.546,3.459,2.298,1.902,1.574,0.0,LO
1023,788,7.541,8.5060005,52.177,248.387,140.58,78.115,52.068,17.975,LO
1023,1022,0.238,0.0,0.803,6.633,5.045,3.781,3.279,0.45,LO
1023,1024,0.0,0.208,4.5,33.616,13.878,6.795,6.6150002,2.134,LO
1023,1039,2.643,0.145,1.67,15.419,9.324,7.457,6.741,2.816,LO
1023,1082,1.161,6.876,35.205,172.253,81.405,55.492,46.387,4.144,LO
1023,1083,2.978,0.157,1.223,9.764,4.8650002,5.563,8.607,8.509,LO
1023,1085,1.741,0.901,2.158,20.336,9.843,8.017,6.212,2.233,LO
1023,1404,0.0,0.048,0.389,1.674,0.649,1.375,1.235,0.0,LO
1023,1409,0.0,0.0,0.58,3.873,1.279,0.711,1.218,0.0,LO
1023,1413,0.0,0.049000002,1.283,9.502,2.335,0.78000003,1.04,0.0,LO
1023,1421,0.0,0.0,0.791,9.522,4.149,3.921,2.837,0.0,LO
1023,1437,0.0,0.0,0.617,3.535,2.596,0.894,0.522,0.0,LO
1023,1438,0.0,0.0,0.155,1.939,0.722,0.36699998,1.098,0.0,LO
1023,1439,0.0,0.055,0.469,3.479,2.493,2.01,2.065,0.0,LO
1023,1440,0.0,0.0,3.432,17.605999,6.565,3.954,3.455,0.0,LO
1023,1441,1.522,0.324,2.245,23.619,15.3880005,12.937,12.968,3.471,LO
1023,1443,1.994,1.021,10.626,81.503,35.948,32.055,24.406,3.263,LO
1023,1445,0.0,0.061,0.55300003,3.938,1.348,1.867,1.363,0.0,LO
1023,1448,0.0,0.0,2.002,2.352,6.892,1.3709999,1.539,0.0,LO
1023,1449,0.0,0.0,0.05,0.481,0.27899998,0.14,0.098000005,0.0,LO
1023,1452,0.0,0.0,0.0,1.842,0.79300004,0.518,0.18,0.0,LO
1023,5150,0.0,0.471,6.718,44.816,21.863,12.187,9.419,0.0,LO
1023,5301,0.0,0.0,4.222,17.417,14.427,8.365,3.545,0.0,LO
1023,5345,4.9040003,2.932,4.772,33.355,16.004,16.027,23.785,21.434,LO
1023,5356,0.0,0.077,2.676,8.266,5.129,3.44,3.9829998,0.0,LO
1023,5362,0.0,0.0,2.398,13.467,9.276,5.751,7.943,0.0,LO
1023,5372,0.0,0.0,1.359,4.836,3.5310001,3.76,2.0540001,0.0,LO
1023,5376,0.0,0.088,1.471,6.353,3.25,2.047,3.251,0.0,LO
1023,5378,0.0,0.31599998,3.019,5.347,2.933,2.425,1.596,0.0,LO
1023,5397,0.0,0.272,0.0,3.424,3.101,2.527,1.82,0.0,LO
1023,5404,0.0,0.368,1.311,20.356,11.652,11.86,9.528,0.0,LO
1023,5411,0.0,0.289,7.683,15.644,8.342999,4.0099998,7.476,0.0,LO
1023,5418,0.0,0.032,0.65500003,7.947,8.749,6.139,8.072,0.0,LO
1023,5421,0.0,0.331,2.197,18.123,13.143,8.632,10.219,0.0,LO
1023,5423,0.0,0.102,7.595,47.949,31.757,25.317999,26.143,0.0,LO
1023,5424,0.0,0.442,1.71,14.437,7.94,8.621,7.98,0.0,LO
1023,5437,0.0,0.189,2.414,8.343,4.94,4.773,7.132,0.0,LO
1023,5595,0.0,0.768,8.348,58.131,27.464,16.256,16.948,0.0,LO
1023,6977,0.0,0.0,0.365,1.289,1.755,1.5600001,0.307,0.0,LO
1023,6978,0.0,0.0,0.365,5.599,5.048,3.27,1.413,0.0,LO
1023,6979,0.0,0.0,0.309,2.652,2.36,1.179,1.344,0.0,LO
1023,9586,0.0,0.0,0.097,0.59,0.121,0.328,0.31,0.0,LO
1023,9587,0.0,0.0,0.137,1.661,2.394,0.523,0.22,0.0,LO
1024,591,0.0,0.0,0.057,0.524,0.52,0.561,0.428,0.0,LO
1024,596,0.0,0.0,0.0,0.089,0.103,0.13,0.034,0.0,LO
1024,597,0.0,0.0,0.0,0.0,0.0,0.0,0.141,0.0,LO
1024,603,29.194,7.223,22.695,303.652,308.067,197.563,179.74,81.668,LO
1024,618,0.0,0.0,0.276,0.55,0.63,0.35,0.0,0.0,LO
1024,621,0.0,0.011,0.143,2.403,1.411,1.01,0.307,0.0,LO
1024,686,0.0,0.014,0.072,1.868,2.343,1.432,1.643,0.0,LO
1024,717,0.0,0.0,0.0,0.168,0.142,0.030000001,0.014,0.0,LO
1024,719,0.0,0.0,0.03,0.303,0.0,0.062,0.198,0.0,LO
1024,751,0.0,0.0,0.0,0.147,0.338,0.047000002,0.0,0.0,LO
1024,755,0.0,0.0,0.0,0.1,0.089,0.158,0.021,0.0,LO
1024,763,5.429,10.312,40.409,417.108,369.623,241.878,274.752,19.308,LO
1024,766,0.0,0.0,0.157,3.392,4.676,3.665,3.061,0.0,LO
1024,788,82.518,16.098,65.217,699.795,592.777,388.036,389.755,212.414,LO
1024,1022,2.421,0.751,3.606,67.102,52.652,41.96,30.514,6.1410003,LO
1024,1023,0.269,0.125,1.408,18.147,14.263,10.768,4.567,1.14,LO
1024,1039,11.196,3.246,2.168,57.669,59.765,37.213,51.237,27.506,LO
1024,1082,15.17,12.907001,41.027,423.305,327.768,226.404,282.599,39.743,LO
1024,1083,31.681,0.368,2.128,31.534,25.276001,29.871,49.467,78.179,LO
1024,1085,12.657,0.91899997,5.138,70.270996,52.519,38.674,44.844,26.449,LO
1024,1395,0.0,0.0,0.0,0.0,0.0,0.081,0.0,0.0,LO
1024,1404,0.0,0.019000001,0.085,2.601,3.8639998,2.203,2.173,0.0,LO
1024,1409,0.0,0.043,0.458,8.556,6.277,2.691,2.613,0.0,LO
1024,1413,0.0,0.032,0.216,12.557,7.326,3.89,3.569,0.0,LO
1024,1421,0.0,0.0,0.862,9.798,9.97,9.464,6.198,0.0,LO
1024,1429,0.0,0.0,0.0,0.15900001,0.849,0.431,0.387,0.0,LO
1024,1437,0.0,0.0,0.24,2.205,3.95,3.114,2.617,0.0,LO
1024,1438,0.0,0.0,0.94699997,2.802,2.666,2.226,2.37,0.0,LO
1024,1439,0.0,0.0,0.68700004,7.694,10.061,5.976,6.568,0.0,LO
1024,1440,0.0,0.18,2.328,43.851,26.131,11.504,10.846001,0.0,LO
1024,1441,5.18,1.134,3.741,88.9,81.5,47.471,49.433,19.778,LO
1024,1443,10.196,1.7,12.793,239.731,195.04,169.9,128.604,27.567,LO
1024,1445,0.0,0.0,0.45700002,3.374,4.899,2.3270001,1.74,0.0,LO
1024,1448,0.0,0.109,2.907,5.127,12.094,9.643,3.164,0.0,LO
1024,1449,0.0,0.0,0.034,0.651,0.757,0.541,0.286,0.0,LO
1024,1452,0.0,0.0,0.115,2.637,3.443,2.006,0.936,0.0,LO
1024,5150,0.0,0.121,9.805,146.932,130.509,77.154,54.317,0.0,LO
1024,5301,0.0,0.118,5.538,66.612,69.732,42.584,27.008999,0.0,LO
1024,5345,72.652,11.28,7.575,99.513,113.698,88.296,125.006004,155.59,LO
1024,5356,0.0,0.0,6.483,40.79,44.722,30.885,29.132,0.0,LO
1024,5362,0.0,0.912,4.415,55.586998,59.25,34.190998,33.44,0.0,LO
1024,5372,0.0,0.0,1.673,25.194,18.893,13.691,19.002,0.0,LO
1024,5376,0.0,0.333,0.945,17.387,18.22,15.3550005,15.044,0.0,LO
1024,5378,0.0,0.0,5.037,22.167,18.621,19.787,14.53,0.0,LO
1024,5397,0.0,0.38099998,1.612,14.290999,20.657999,14.518,8.102,0.0,LO
1024,5404,0.0,0.611,6.047,73.766,94.721,65.276,46.807,0.0,LO
1024,5411,0.0,0.35999998,6.093,49.38,49.321,35.016,37.517,0.0,LO
1024,5418,0.0,0.034,1.946,41.079998,49.636,31.666,39.309,0.0,LO
1024,5421,0.0,0.177,8.377,58.133,58.281,41.498,43.184,0.0,LO
1024,5423,0.0,0.031,8.688,126.637,123.577,101.114,99.726,0.0,LO
1024,5424,0.0,0.36699998,4.716,50.102,46.723,35.128,50.096,0.0,LO
1024,5437,0.0,0.015999999,2.233,40.09,38.569,29.448,34.846,0.0,LO
1024,5595,0.0,2.542,11.622,136.305,129.896,89.927,104.548996,0.0,LO
1024,6977,0.0,0.0,0.0,4.628,6.9579997,4.609,1.3050001,0.0,LO
1024,6978,0.0,0.0,0.888,9.196,11.05,8.484,4.419,0.0,LO
1024,6979,0.0,0.066,0.122,5.793,9.262,5.409,3.646,0.0,LO
1024,9586,0.0,0.0,0.0,1.745,1.072,1.028,0.367,0.0,LO
1024,9587,0.0,0.0,0.119,2.1,1.914,0.223,0.21900001,0.0,LO
1039,603,0.15799999,2.366,13.186,36.768,26.352,18.971,11.202,1.677,LO
1039,618,0.0,0.0,0.120000005,0.926,0.31,0.058,0.0,0.0,LO
1039,763,0.042,5.769,43.787,139.237,58.292,49.444,21.519,1.336,LO
1039,788,0.072000004,16.836,83.647,244.694,113.21,76.49,32.016,4.017,LO
1039,1022,0.0,0.111,1.914,15.541,8.321,8.548,4.465,0.435,LO
1039,1023,0.0,0.13,4.377,19.968,11.061,9.255,5.951,1.051,LO
1039,1024,0.186,3.203,30.758,127.047,54.527,56.726,23.715,2.2,LO
1039,1082,0.074,2.257,16.738,66.358,28.518,23.328001,16.037,0.413,LO
1039,1083,0.059,0.126,1.007,9.907,3.474,4.269,1.212,0.38300002,LO
1039,1085,0.062,0.30900002,11.056,64.712,28.388,20.185,5.617,1.587,LO
1039,1409,0.0,0.0,0.0,0.775,0.812,0.736,0.279,0.0,LO
1039,1413,0.0,0.062,0.02,1.472,0.259,0.28800002,0.243,0.0,LO
1039,1439,0.0,0.0,0.0,0.859,0.97,0.015,0.0,0.0,LO
1039,1440,0.0,0.0,0.66,2.659,1.291,0.412,0.0,0.0,LO
1039,1441,0.0,0.0,1.216,7.402,4.6,4.277,3.2450001,0.314,LO
1039,1443,0.075,0.572,11.27,47.026,24.425,31.902,21.967001,1.883,LO
1039,1449,0.0,0.0,0.024,0.075,0.052,0.044,0.0,0.0,LO
1039,5150,0.0,0.141,4.473,24.693,13.064,6.003,3.321,0.0,LO
1039,5301,0.0,1.195,8.709,12.843,11.0720005,7.348,4.664,0.0,LO
1039,5345,0.267,0.343,4.857,22.292,9.306,6.136,8.574,1.173,LO
1039,5356,0.0,0.0,1.87,6.728,2.872,2.299,2.035,0.0,LO
1039,5362,0.0,0.111,1.1290001,4.37,4.891,2.628,2.69,0.0,LO
1039,5372,0.0,1.14,2.071,7.916,3.575,2.804,0.898,0.0,LO
1039,5376,0.0,0.0,1.7459999,2.926,1.461,1.913,0.361,0.0,LO
1039,5378,0.0,0.002,6.058,4.0559998,2.524,2.877,0.241,0.0,LO
1039,5397,0.0,0.0,1.5550001,2.034,1.494,1.513,0.408,0.0,LO
1039,5404,0.0,0.091000006,1.084,7.97,5.8,3.78,4.189,0.0,LO
1039,5411,0.0,0.538,6.302,11.489,5.602,2.816,2.175,0.0,LO
1039,5418,0.0,0.0,2.059,7.384,2.236,2.922,3.1890001,0.0,LO
1039,5421,0.0,1.8989999,5.89,20.483,8.848,5.872,3.4160001,0.0,LO
1039,5423,0.0,0.036,6.066,30.403,15.186,10.275,7.798,0.0,LO
1039,5424,0.0,0.208,2.964,8.919,3.608,3.007,3.27,0.0,LO
1039,5437,0.0,0.066,1.7440001,7.235,3.264,2.346,2.283,0.0,LO
1039,5595,0.0,2.136,13.738,29.217,16.39,12.5789995,5.406,0.0,LO
1039,6977,0.0,0.0,0.148,0.911,1.378,0.712,0.302,0.0,LO
1039,6978,0.0,0.0,0.0,0.314,0.347,0.53,0.331,0.0,LO
1039,6979,0.0,0.17199999,0.226,1.587,2.202,1.529,0.54,0.0,LO
1039,9586,0.0,0.0,0.39699998,1.765,0.214,0.261,0.0,0.0,LO
1082,591,0.0,0.0,0.0,0.182,0.284,0.0,0.0,0.0,LO
1082,603,6.385,17.232,32.929,117.823,85.86,65.152,60.835,7.884,LO
1082,618,0.0,0.0,0.242,0.351,0.0,0.548,0.0,0.0,LO
1082,621,0.0,0.0,0.0,0.073,0.231,0.0,0.0,0.0,LO
1082,751,0.0,0.0,0.0,0.185,0.082,0.073,0.02,0.0,LO
1082,755,0.0,0.0,0.0,0.0,0.0,0.011,0.056,0.0,LO
1082,763,0.651,19.67,99.641,433.148,212.698,163.082,135.185,0.783,LO
1082,766,0.0,0.0,0.113,0.702,0.836,0.15799999,0.461,0.0,LO
1082,788,8.981,49.203,163.994,597.316,318.45,207.524,149.31,16.283,LO
1082,1022,1.408,1.36,15.208,97.357,50.104,49.11,36.628,0.445,LO
1082,1023,2.881,4.886,33.795,140.991,66.575,75.648,41.311,1.082,LO
1082,1024,3.238,8.54,88.701,586.625,312.934,314.267,177.765,5.162,LO
1082,1039,1.41,2.468,7.617,57.032,35.207,18.789,13.613,2.69,LO
1082,1082,0.0,0.025,0.221,0.578,0.423,0.486,0.724,0.0,LO
1082,1083,2.094,2.042,10.347,52.632,25.745,19.939,12.393,3.281,LO
1082,1085,0.0,0.288,6.006,42.742,23.115,18.923,6.013,0.108,LO
1082,1404,0.0,0.0,0.0,0.566,0.602,0.0,0.557,0.0,LO
1082,1409,0.0,0.0,0.294,2.844,0.716,1.219,0.24599999,0.0,LO
1082,1413,0.0,0.06,0.589,5.184,1.492,0.0,0.682,0.0,LO
1082,1421,0.0,0.0,0.5,1.68,1.207,0.528,0.266,0.0,LO
1082,1429,0.0,0.0,0.022,0.0,0.0,0.0,0.055,0.0,LO
1082,1437,0.0,0.0,0.0,0.267,0.461,0.141,0.185,0.0,LO
1082,1438,0.0,0.0,1.145,0.745,0.26500002,0.746,1.17,0.0,LO
1082,1439,0.0,0.0,1.485,2.932,1.753,1.396,1.569,0.0,LO
1082,1440,0.0,0.0,0.614,9.051,4.165,1.819,1.417,0.0,LO
1082,1441,1.333,1.6650001,14.976,37.926,32.56,18.113,16.208,0.858,LO
1082,1443,4.215,10.075,42.429,213.302,129.728,117.882,80.237,5.009,LO
1082,1445,0.0,0.0,0.13499999,0.55300003,0.449,0.372,0.447,0.0,LO
1082,1448,0.0,0.0,1.241,1.112,2.765,1.267,1.08,0.0,LO
1082,1449,0.0,0.014,0.131,0.227,0.089,0.086,0.066,0.0,LO
1082,5150,0.0,1.057,9.606,61.632,23.873,12.201,6.955,0.0,LO
1082,5301,0.0,0.64100003,8.891,28.317999,22.374,25.282,12.537,0.0,LO
1082,5345,7.129,5.811,12.983,61.4,32.725,21.909,17.883,10.239,LO
1082,5356,0.0,0.212,5.025,26.579,14.987,12.1310005,7.225,0.0,LO
1082,5362,0.0,1.08,6.757,34.883,21.056,11.146,7.537,0.0,LO
1082,5372,0.0,0.634,4.234,20.248,9.422,6.435,4.046,0.0,LO
1082,5376,0.0,0.45900002,4.313,21.253,13.537,7.782,5.777,0.0,LO
1082,5378,0.0,0.472,7.048,16.607,6.008,7.933,3.052,0.0,LO
1082,5397,0.0,0.0,2.218,7.263,6.816,3.462,2.479,0.0,LO
1082,5404,0.0,0.727,7.505,25.551,22.577,17.78,12.06,0.0,LO
1082,5411,0.0,2.963,28.388,93.676,58.377,34.461,18.553,0.0,LO
1082,5418,0.0,0.127,4.636,18.066,15.637,9.174,8.071,0.0,LO
1082,5421,0.0,0.732,16.015,47.086998,28.322,20.91,10.462,0.0,LO
1082,5423,0.0,0.163,12.034,74.358,48.323,38.892,29.148,0.0,LO
1082,5424,0.0,0.838,6.292,28.747,16.001,14.616,11.403,0.0,LO
1082,5437,0.0,0.985,6.316,28.061,19.207,10.488,7.646,0.0,LO
1082,5595,0.0,6.423,38.345,94.801,52.91,35.888,38.72,0.0,LO
1082,6977,0.0,0.0,0.497,2.819,1.774,0.97900003,1.1209999,0.0,LO
1082,6978,0.0,0.0,0.811,2.303,2.802,1.344,2.209,0.0,LO
1082,6979,0.0,0.0,0.472,3.269,1.696,3.412,2.194,0.0,LO
1082,9586,0.0,0.05,0.148,1.25,0.661,0.475,0.0,0.0,LO
1082,9587,0.0,0.19500001,0.0,1.712,0.91899997,0.0,0.0,0.0,LO
1083,591,0.0,0.046000004,0.0,0.577,0.595,0.169,0.0,0.0,LO
1083,603,1.9070001,11.152,26.526001,94.767,81.779,44.586,29.06,6.503,LO
1083,618,0.0,0.046,1.954,6.248,0.888,0.838,0.042,0.0,LO
1083,621,0.0,0.019,0.0,1.087,2.145,0.186,0.0,0.0,LO
1083,755,0.0,0.13100001,0.356,0.436,0.254,0.594,0.221,0.0,LO
1083,763,1.993,44.047,255.682,882.554,474.692,274.145,166.571,2.335,LO
1083,766,0.0,0.0,0.307,0.205,0.186,0.193,0.044,0.0,LO
1083,788,4.349,101.082,480.596,1518.96,873.025,524.837,273.964,14.472,LO
1083,1022,0.698,0.228,2.108,8.465,4.918,4.116,1.878,1.832,LO
1083,1023,1.118,0.643,5.843,10.706,7.032,5.198,2.523,2.904,LO
1083,1024,1.721,2.752,24.129,70.477,31.584,27.3,10.775,5.6280003,LO
1083,1039,0.414,0.182,1.628,6.312,7.111,2.9490001,0.847,0.763,LO
1083,1082,0.861,6.187,23.318,54.087,33.059002,20.055,13.204,3.093,LO
1083,1085,0.417,0.678,5.744,16.576,9.872,5.423,1.0550001,0.68700004,LO
1083,1395,0.0,0.0,0.0,0.0,0.007,0.031000001,0.001,0.0,LO
1083,1398,0.0,0.0,0.0,0.030000001,0.021,0.012,0.015000001,0.0,LO
1083,1404,0.0,0.0,0.044,0.257,0.212,0.068,0.065,0.0,LO
1083,1409,0.0,0.0,0.11,0.319,0.030000001,0.192,0.064,0.0,LO
1083,1413,0.0,0.071,0.292,0.893,0.214,0.0,0.0,0.0,LO
1083,1429,0.0,0.034,0.036,1.113,1.48,1.226,0.512,0.0,LO
1083,1439,0.0,0.154,0.48700002,0.498,0.278,0.404,0.113,0.0,LO
1083,1440,0.0,0.08,0.541,1.2870001,0.232,0.313,0.14400001,0.0,LO
1083,1441,0.30699998,0.084,1.524,2.983,2.309,2.274,0.987,1.039,LO
1083,1442,0.0,0.0,0.0,0.041,0.0,0.034,0.0050000004,0.0,LO
1083,1443,4.688,2.654,9.392,23.271,14.142,12.163,6.473,6.4249997,LO
1083,1448,0.0,0.202,0.548,0.057,0.322,0.055,0.016,0.0,LO
1083,1449,0.0,0.0,0.015000001,0.031000001,0.031000001,0.013,0.0,0.0,LO
1083,1455,0.0,0.0,0.069,0.08,0.083000004,0.0,0.0,0.0,LO
1083,5150,0.0,0.585,8.524,30.394001,17.733,10.754,5.139,0.0,LO
1083,5301,0.0,1.768,16.223,23.535,15.487,14.069,5.296,0.0,LO
1083,5345,1.658,1.262,7.844,24.74,14.074,7.978,5.129,7.668,LO
1083,5356,0.0,0.116,1.353,5.311,2.975,2.442,1.181,0.0,LO
1083,5362,0.0,0.775,3.35,9.968,7.166,3.27,2.031,0.0,LO
1083,5372,0.0,0.581,4.247,10.291,3.358,2.487,1.224,0.0,LO
1083,5376,0.0,0.162,1.744,4.146,2.274,1.561,0.961,0.0,LO
1083,5378,0.0,0.342,2.7879999,3.478,1.973,1.182,0.462,0.0,LO
1083,5397,0.0,0.18,0.544,1.728,1.642,0.622,0.44300002,0.0,LO
1083,5404,0.0,0.254,4.3980002,12.528,11.538,8.004,2.98,0.0,LO
1083,5411,0.0,2.199,13.492,18.042,9.486,4.5559998,1.8889999,0.0,LO
1083,5418,0.0,0.012,2.764,7.623,5.701,3.901,1.646,0.0,LO
1083,5421,0.0,1.245,10.368,17.901,10.102,5.081,2.444,0.0,LO
1083,5423,0.0,0.12,10.623,29.715,15.175,10.751,4.829,0.0,LO
1083,5424,0.0,0.512,5.584,14.493,8.564,5.875,3.151,0.0,LO
1083,5437,0.0,0.335,4.275,8.173,6.577,3.767,2.3,0.0,LO
1083,5595,0.0,8.482,46.335,74.39,44.5,26.624,13.983,0.0,LO
1083,6926,0.0,0.0,0.0,0.033,0.029,0.021,0.002,0.0,LO
1083,6966,0.0,0.0,0.0,0.065,0.019,0.005,0.018000001,0.0,LO
1083,6977,0.0,0.015000001,0.494,1.624,1.6750001,1.152,0.316,0.0,LO
1083,6978,0.0,0.012,0.186,0.495,0.34,0.391,0.118,0.0,LO
1083,6979,0.0,0.047000002,0.603,1.119,1.279,0.94,0.281,0.0,LO
1083,9586,0.0,0.331,3.05,1.989,1.946,1.04,0.105000004,0.0,LO
1083,9587,0.0,0.507,0.748,1.5780001,1.201,0.0,0.0,0.0,LO
1085,591,0.0,0.044,0.0,0.037,0.076,0.0,0.0,0.0,LO
1085,603,1.256,3.594,16.291,62.309,38.433,20.739,20.925,5.211,LO
1085,618,0.0,0.0,0.328,0.866,0.089,0.157,0.0,0.0,LO
1085,621,0.0,0.0,0.0,0.118,0.228,0.0,0.0,0.0,LO
1085,755,0.0,0.0,0.005,0.0,0.0,0.053,0.032,0.0,LO
1085,763,0.623,8.0,65.989,261.821,120.787,70.624,63.097,0.199,LO
1085,766,0.0,0.13,0.0,0.589,0.408,0.18699999,0.304,0.0,LO
1085,788,5.043,33.869,206.983,831.945,369.169,221.849,164.992,11.391,LO
1085,1022,0.31,0.0,2.399,22.773,6.179,5.404,3.8270001,0.726,LO
1085,1023,0.0,0.0,5.838,22.597,10.815,8.92,3.092,0.858,LO
1085,1024,2.296,1.163,25.973,126.809,54.548,54.895,24.735,2.618,LO
1085,1039,0.163,0.768,6.493,49.201,30.619,17.973,10.287,0.135,LO
1085,1082,0.0,1.187,9.64,47.458,16.437,10.383,13.425,0.253,LO
1085,1083,0.416,0.14,3.757,13.363,7.2530003,4.82,4.781,2.145,LO
1085,1409,0.0,0.054,1.053,1.316,0.269,0.229,0.322,0.0,LO
1085,1413,0.0,0.0,0.737,3.065,0.445,0.26,0.489,0.0,LO
1085,1439,0.0,0.0,0.558,1.882,0.19600001,0.66,0.401,0.0,LO
1085,1440,0.0,0.0,0.153,2.943,2.23,1.059,0.49199998,0.0,LO
1085,1441,0.0,0.0,1.533,7.9700003,4.541,3.736,3.953,0.375,LO
1085,1443,0.506,0.658,7.131,41.094,19.977,20.625,15.778,0.953,LO
1085,1448,0.0,0.0,0.0,0.788,2.228,0.314,0.0,0.0,LO
1085,1449,0.0,0.0,0.045,0.125,0.064,0.058000002,0.046,0.0,LO
1085,5150,0.0,0.913,5.929,25.672,11.309,8.462,10.597,0.0,LO
1085,5301,0.0,0.031000001,7.237,27.676,17.994,21.939,14.695,0.0,LO
1085,5345,1.998,0.912,3.266,14.747,9.632,7.564,13.05,4.788,LO
1085,5356,0.0,0.0,1.413,6.562,4.047,1.362,1.617,0.0,LO
1085,5362,0.0,0.287,1.491,6.531,3.592,3.06,2.341,0.0,LO
1085,5372,0.0,0.0,0.89500004,6.398,4.12,3.536,5.328,0.0,LO
1085,5376,0.0,0.0,0.563,5.567,2.208,0.9,1.695,0.0,LO
1085,5378,0.0,0.0,0.964,5.111,2.105,3.658,3.12,0.0,LO
1085,5397,0.0,0.0,1.068,1.224,2.235,2.029,1.548,0.0,LO
1085,5404,0.0,0.24000001,2.596,6.501,5.412,4.306,3.336,0.0,LO
1085,5411,0.0,0.511,4.641,20.354,6.559,6.832,7.5420003,0.0,LO
1085,5418,0.0,0.0,1.865,6.031,4.04,2.317,3.615,0.0,LO
1085,5421,0.0,0.17,3.171,12.177,6.136,7.268,10.196,0.0,LO
1085,5423,0.0,0.015000001,5.659,20.298,10.711,10.109,14.203,0.0,LO
1085,5424,0.0,0.002,3.8470001,11.243,7.3980002,5.54,8.436,0.0,LO
1085,5437,0.0,0.346,2.011,6.256,3.52,3.943,3.839,0.0,LO
1085,5595,0.0,1.816,18.773,65.04,32.968,23.801,33.796,0.0,LO
1085,6977,0.0,0.0,0.0,1.102,1.738,1.728,0.0,0.0,LO
1085,6978,0.0,0.0,0.123,1.462,1.278,1.006,0.318,0.0,LO
1085,6979,0.0,0.0,1.455,2.544,0.937,1.194,0.178,0.0,LO
1085,9586,0.0,0.089999996,0.108,0.85,0.399,0.033,0.0,0.0,LO
1395,591,0.0,0.106,0.341,0.832,0.56299996,0.643,0.317,0.0,LO
1395,596,0.0,0.97499996,1.758,1.276,1.614,1.196,0.0,0.0,LO
1395,597,0.0,1.4070001,1.072,4.477,3.406,2.8569999,2.325,0.0,LO
1395,603,0.0,0.14,0.441,2.098,0.728,0.571,0.012,0.0,LO
1395,617,0.0,0.203,1.329,2.095,1.044,0.798,0.391,0.0,LO
1395,618,0.0,0.118,1.715,6.208,1.776,0.302,0.0,0.0,LO
1395,620,0.0,0.81600004,6.937,12.677,6.336,2.915,1.043,0.0,LO
1395,621,0.0,0.24,0.342,1.821,0.955,0.183,0.504,0.0,LO
1395,659,0.0,0.235,0.613,2.09,1.244,0.383,0.42,0.0,LO
1395,680,0.0,1.633,17.2,60.557,22.087,11.811,3.218,0.0,LO
1395,686,0.0,0.207,1.885,4.731,0.839,0.368,0.171,0.0,LO
1395,709,0.0,0.0,0.19299999,1.73,0.616,0.356,0.57199997,0.0,LO
1395,717,0.0,0.121,0.164,1.39,1.107,1.145,0.484,0.0,LO
1395,719,0.0,0.0,0.304,1.268,0.538,0.31,0.0,0.0,LO
1395,751,0.0,0.439,2.749,10.123,6.53,1.79,1.538,0.0,LO
1395,755,0.0,0.707,0.563,3.555,0.601,0.12,0.0,0.0,LO
1395,766,0.0,0.129,1.195,3.623,2.477,1.3050001,0.267,0.0,LO
1395,1398,0.0,0.559,4.69,11.852,15.517,3.423,0.463,0.0,LO
1395,1402,0.0,1.8280001,25.649,38.961,11.865,9.305,1.432,0.0,LO
1395,1404,0.0,0.0,0.312,0.767,0.673,0.204,0.42900002,0.0,LO
1395,1409,0.0,0.0,0.167,0.585,0.197,0.0,0.206,0.0,LO
1395,1413,0.0,0.05,0.205,1.234,0.0,0.125,0.0,0.0,LO
1395,1415,0.0,2.427,1.119,1.985,1.242,0.56700003,0.127,0.0,LO
1395,1421,0.0,0.0,0.289,2.289,0.231,0.0,0.0,0.0,LO
1395,1429,0.0,0.0,0.119,1.35,0.677,0.188,0.39,0.0,LO
1395,1434,0.0,0.0,2.277,3.407,2.482,1.8659999,0.351,0.0,LO
1395,1442,0.0,0.45900002,2.907,20.263,18.625,5.4570003,3.295,0.0,LO
1395,1444,0.0,3.141,13.162,44.453,22.313,12.379,3.1399999,0.0,LO
1395,1449,0.0,0.0,0.0,0.030000001,0.065,0.048,0.0,0.0,LO
1395,1451,0.0,0.0,0.751,2.423,0.361,0.206,0.157,0.0,LO
1395,1452,0.0,0.15900001,0.31800002,1.596,0.459,0.0,0.298,0.0,LO
1395,1455,0.0,0.0,27.439,134.193,63.705,9.54,4.125,0.0,LO
1395,5595,0.0,0.12799999,1.386,5.266,1.781,0.556,1.7,0.0,LO
1395,6977,0.0,0.036,0.111,1.063,0.447,0.0,0.0,0.0,LO
1395,6979,0.0,0.05,0.118,0.797,0.298,0.198,0.0,0.0,LO
1395,9586,0.0,0.0,0.148,2.053,1.039,0.0,0.0,0.0,LO
1395,9587,0.0,0.124,2.602,14.904,3.986,1.0680001,0.396,0.0,LO
1398,591,0.0,0.0,0.19,0.61,1.118,0.157,0.184,0.0,LO
1398,596,0.0,1.522,1.068,3.598,2.076,1.204,1.674,0.0,LO
1398,597,0.0,1.405,8.089,19.994,7.053,7.856,1.425,0.0,LO
1398,603,0.0,0.317,0.549,1.5009999,1.113,0.191,0.132,0.0,LO
1398,617,0.0,1.609,0.268,4.298,1.296,0.96999997,0.117,0.0,LO
1398,618,0.0,0.021,1.776,5.013,0.768,0.22500001,0.001,0.0,LO
1398,620,0.0,1.314,3.727,8.115,4.489,1.529,0.831,0.0,LO
1398,621,0.0,0.044999998,0.764,3.127,2.223,0.0,0.0,0.0,LO
1398,659,0.0,0.0,0.354,3.101,1.996,0.775,0.663,0.0,LO
1398,680,0.0,3.63,19.458,61.151,24.423,8.661,3.391,0.0,LO
1398,686,0.0,0.074,1.497,10.192,1.625,1.044,0.88600004,0.0,LO
1398,709,0.0,0.0,1.064,2.527,1.001,4.557,0.385,0.0,LO
1398,717,0.0,0.881,3.402,2.388,1.494,0.113,1.933,0.0,LO
1398,719,0.0,1.9089999,0.246,1.76,0.171,0.201,0.0,0.0,LO
1398,751,0.0,2.273,15.244,38.38,14.188,4.675,1.583,0.0,LO
1398,755,0.0,0.109,0.443,1.352,0.719,0.121,0.139,0.0,LO
1398,766,0.0,0.863,1.586,3.049,3.0279999,2.474,0.121,0.0,LO
1398,1395,0.0,0.053999998,5.738,7.772,3.7510002,1.737,0.977,0.0,LO
1398,1402,0.0,10.093,111.409,112.502,56.776,39.265,6.885,0.0,LO
1398,1404,0.0,0.0,0.282,0.714,0.559,0.388,0.0,0.0,LO
1398,1413,0.0,0.0,1.372,0.805,0.144,0.528,0.224,0.0,LO
1398,1415,0.0,2.974,1.537,3.463,1.685,1.004,0.436,0.0,LO
1398,1421,0.0,0.0,0.721,2.111,0.0,0.322,0.55899996,0.0,LO
1398,1429,0.0,0.086,1.379,0.435,0.736,0.582,0.0,0.0,LO
1398,1434,0.0,0.0,0.268,0.631,0.672,0.244,0.323,0.0,LO
1398,1439,0.0,0.12,1.859,0.154,0.0,0.0,0.0,0.0,LO
1398,1440,0.0,0.0,0.0,0.856,0.0,0.766,1.403,0.0,LO
1398,1442,0.0,0.083,4.421,15.07,6.469,5.948,3.351,0.0,LO
1398,1444,0.0,4.318,19.739,47.595,22.054,10.746,5.809,0.0,LO
1398,1451,0.0,0.119,0.159,2.789,0.822,0.739,0.265,0.0,LO
1398,1455,0.0,1.8859999,36.395,151.516,20.673,9.023,1.7800001,0.0,LO
1398,5595,0.0,0.268,2.362,3.572,2.779,1.637,0.579,0.0,LO
1398,6978,0.0,0.171,0.289,1.107,0.36200002,0.0,0.0,0.0,LO
1398,9586,0.0,0.065,0.077,0.579,0.514,0.163,0.205,0.0,LO
1398,9587,0.0,0.049,2.4589999,11.338,2.054,0.464,0.004,0.0,LO
1402,591,0.0,1.007,2.732,8.623,8.207,7.643,2.218,0.0,LO
1402,596,0.0,4.485,5.479,17.545,11.837,7.746,6.1410003,0.0,LO
1402,597,0.0,3.204,17.4,38.512,33.813,13.246,8.908,0.0,LO
1402,603,0.0,0.033,0.0,0.0,0.0,0.0,0.0,0.0,LO
1402,617,0.0,2.032,8.266,10.181,8.397,6.5559998,3.205,0.0,LO
1402,620,0.0,10.951,44.523,150.336,68.33,47.611,25.505001,0.0,LO
1402,621,0.0,0.359,5.948,12.933,7.475,2.681,0.315,0.0,LO
1402,659,0.0,0.419,6.7780004,11.655,11.234,4.936,3.308,0.0,LO
1402,680,0.0,6.603,21.701,47.544,37.298,27.012,7.483,0.0,LO
1402,686,0.0,0.336,7.869,17.846,7.809,5.03,1.0370001,0.0,LO
1402,709,0.0,0.023,5.157,24.356,18.867,11.79,3.937,0.0,LO
1402,717,0.0,3.994,7.153,17.317,11.78,9.938,4.507,0.0,LO
1402,719,0.0,1.172,3.4910002,9.548,4.389,4.101,0.39200002,0.0,LO
1402,751,0.0,4.773,17.817,49.379,26.889,19.815,11.12,0.0,LO
1402,766,0.0,1.662,10.529,21.523,15.343,10.489,4.449,0.0,LO
1402,1395,0.0,1.312,5.757,14.333,7.16,52.732,2.391,0.0,LO
1402,1398,0.0,6.283,38.931,102.868004,94.018,66.17,15.835,0.0,LO
1402,1404,0.0,0.17,5.405,9.924,7.317,4.672,2.231,0.0,LO
1402,1409,0.0,0.121,1.428,1.7950001,1.158,0.854,0.089,0.0,LO
1402,1413,0.0,0.216,3.686,4.41,0.009000001,0.6,0.571,0.0,LO
1402,1415,0.0,50.271,14.919001,10.279,7.281,5.191,0.951,0.0,LO
1402,1421,0.0,0.046,3.932,10.556,11.299,5.17,0.28599998,0.0,LO
1402,1429,0.0,0.15,0.976,3.787,1.472,1.742,0.228,0.0,LO
1402,1434,0.0,0.172,49.536,84.093,33.511,43.911,16.307,0.0,LO
1402,1437,0.0,0.0,0.021000002,4.01,1.836,1.217,0.17500001,0.0,LO
1402,1440,0.0,0.667,0.415,1.743,0.626,0.649,0.0,0.0,LO
1402,1441,0.0,0.095,0.291,0.719,1.107,0.472,0.001,0.0,LO
1402,1442,0.0,17.099,120.174,155.183,116.702,88.744,28.24,0.0,LO
1402,1444,0.0,3.842,0.0,0.001,0.0,0.046,0.029000001,0.0,LO
1402,1445,0.0,0.13700001,0.596,2.685,1.192,1.329,2.242,0.0,LO
1402,1448,0.0,0.048,8.681,2.0149999,1.617,0.61,0.088,0.0,LO
1402,1449,0.0,0.020000001,0.01,0.271,0.106,0.067,0.066,0.0,LO
1402,1451,0.0,0.669,0.779,4.664,2.289,1.39,0.5,0.0,LO
1402,1452,0.0,0.174,1.148,14.557,5.64,5.442,1.3599999,0.0,LO
1402,1455,0.0,2.677,16.273,96.195,49.43,44.916,13.972,0.0,LO
1402,5595,0.0,0.022000002,0.067,0.459,1.208,0.185,0.094,0.0,LO
1402,6977,0.0,0.088,0.55,4.005,2.4490001,1.563,0.433,0.0,LO
1402,6978,0.0,0.14799999,1.244,3.849,0.997,1.038,0.047000002,0.0,LO
1402,6979,0.0,0.392,1.364,1.672,1.8100001,1.432,0.22,0.0,LO
1404,514,0.0,0.139,0.606,2.532,1.203,1.619,0.263,0.0,LO
1404,522,0.0,1.177,0.172,1.137,0.937,0.304,0.101,0.0,LO
1404,591,0.0,1.096,22.75,67.231,25.866,11.309,5.082,0.0,LO
1404,596,0.0,0.0,0.03,0.171,0.171,0.069,0.0,0.0,LO
1404,597,0.0,0.0,0.114,0.966,0.184,0.031,0.058,0.0,LO
1404,603,0.0,7.871,14.489,41.464,26.511,15.218,6.63,0.0,LO
1404,617,0.0,0.0,0.028,0.553,0.321,0.314,0.43899998,0.0,LO
1404,620,0.0,0.0,0.0,0.343,0.05,0.13,0.077,0.0,LO
1404,621,0.0,1.108,8.276,40.418,10.702,4.443,1.2409999,0.0,LO
1404,659,0.0,0.0,0.048,0.154,0.066,0.045,0.194,0.0,LO
1404,680,0.0,0.028,0.194,2.654,0.49,0.411,0.32999998,0.0,LO
1404,686,0.0,7.453,74.614,239.247,78.357,36.283,11.259,0.0,LO
1404,709,0.0,0.0,0.066,0.214,0.0,0.035,0.0,0.0,LO
1404,717,0.0,0.0,0.068,0.148,0.08,0.233,0.0,0.0,LO
1404,719,0.0,7.7929997,5.8580003,30.472,13.439,7.892,8.009,0.0,LO
1404,751,0.0,0.0,0.60899997,1.859,0.81,0.312,0.328,0.0,LO
1404,763,0.0,0.0,0.186,0.719,0.377,0.193,0.0,0.0,LO
1404,766,0.0,7.852,35.737,125.782,56.337,27.011,10.398,0.0,LO
1404,788,0.0,0.0,0.0,0.0,0.036,0.0,0.041,0.0,LO
1404,1022,0.0,0.21800001,0.851,1.665,0.59000003,0.571,0.442,0.0,LO
1404,1023,0.0,0.56,0.31599998,1.998,1.328,1.729,0.163,0.0,LO
1404,1024,0.0,0.187,1.107,8.797,4.731,2.078,0.571,0.0,LO
1404,1082,0.0,0.0,0.116,1.228,0.23,0.099,0.264,0.0,LO
1404,1083,0.0,0.016,0.061,0.467,0.19500001,0.078,0.077,0.0,LO
1404,1395,0.0,0.534,0.096,0.89199996,0.40399998,0.20300001,0.008,0.0,LO
1404,1398,0.0,0.0,0.587,1.136,0.337,0.211,0.008,0.0,LO
1404,1402,0.0,0.0,0.335,0.763,0.163,0.065,0.212,0.0,LO
1404,1409,0.0,0.73,5.734,18.719,4.509,4.638,2.121,0.0,LO
1404,1413,0.0,1.9599999,13.004001,35.784,6.872,4.7200003,1.1309999,0.0,LO
1404,1415,0.0,0.0,0.381,0.742,0.645,0.263,0.086,0.0,LO
1404,1421,0.0,5.2539997,5.956,24.415,7.833,2.08,2.124,0.0,LO
1404,1429,0.0,1.267,5.283,20.445,11.017,12.124001,4.832,0.0,LO
1404,1434,0.0,0.0,1.171,0.396,0.513,0.183,0.002,0.0,LO
1404,1437,0.0,16.246,41.024002,90.642,50.004,24.35,6.953,0.0,LO
1404,1438,0.0,0.088,12.4869995,12.958,8.007,2.866,0.358,0.0,LO
1404,1439,0.0,0.702,5.032,6.938,3.08,1.908,0.443,0.0,LO
1404,1440,0.0,1.788,13.277,47.611,19.803,11.573,4.129,0.0,LO
1404,1441,0.0,0.161,1.52,7.686,4.319,1.664,0.377,0.0,LO
1404,1442,0.0,0.0,0.413,0.842,0.195,0.166,0.382,0.0,LO
1404,1444,0.0,1.086,5.687,13.478,4.982,1.398,0.151,0.0,LO
1404,1445,0.0,0.897,13.052,24.335001,11.412,4.112,2.023,0.0,LO
1404,1448,0.0,3.057,42.351,19.623,35.963,14.611,2.836,0.0,LO
1404,1449,0.0,9.328,25.418,57.27,15.351,8.7960005,1.314,0.0,LO
1404,1451,0.0,0.174,1.464,1.322,0.482,0.53000003,0.073,0.0,LO
1404,1452,0.0,0.0,2.777,13.796,4.041,4.137,3.0249999,0.0,LO
1404,1455,0.0,0.77,2.599,6.322,1.011,0.434,0.085,0.0,LO
1404,1524,0.0,2.724,2.937,7.651,5.174,8.891,0.372,0.0,LO
1404,5345,0.0,0.0,0.121,0.949,0.472,0.259,0.112,0.0,LO
1404,5356,0.0,0.0,0.1,0.146,0.15100001,0.097,0.0,0.0,LO
1404,5423,0.0,0.0,0.066,0.037,0.0,0.012,0.027,0.0,LO
1404,5424,0.0,0.0,0.0,0.15,0.071,0.129,0.132,0.0,LO
1404,6941,0.0,0.012,0.633,1.149,0.206,0.339,0.015000001,0.0,LO
1404,6952,0.0,0.0,0.0,0.001,0.003,0.194,0.872,0.0,LO
1404,6956,0.0,0.282,0.268,0.272,0.196,0.20300001,0.015999999,0.0,LO
1404,6977,0.0,0.717,3.925,15.641,10.515,5.289,6.348,0.0,LO
1404,6978,0.0,0.147,0.7,7.532,2.404,1.531,0.903,0.0,LO
1404,6979,0.0,0.0,1.318,5.868,2.404,3.059,0.834,0.0,LO
1404,7401,0.0,2.7020001,1.645,8.676,3.662,1.304,1.596,0.0,LO
1404,7402,0.0,0.288,0.795,1.916,2.527,0.928,0.41799998,0.0,LO
1404,7403,0.0,0.0,0.477,1.545,0.24000001,0.634,0.0,0.0,LO
1404,7404,0.0,0.057,1.9580001,6.32,2.414,0.849,0.0,0.0,LO
1404,7406,0.0,1.21,1.404,7.2860003,3.666,2.86,2.947,0.0,LO
1404,7408,0.0,0.0,0.0,0.593,2.002,0.584,0.0,0.0,LO
1404,7467,0.0,0.0,0.248,0.766,0.72900003,1.272,0.0,0.0,LO
1409,514,0.0,1.8410001,13.195,52.237,22.22,9.829,5.404,0.0,LO
1409,522,0.0,0.521,5.028,38.008,20.699,8.805,4.293,0.0,LO
1409,591,0.0,0.516,8.972,16.904,6.089,2.557,1.015,0.0,LO
1409,596,0.0,0.767,0.674,1.0,0.432,0.199,0.0,0.0,LO
1409,597,0.0,0.0,0.311,1.659,0.588,0.31,0.062,0.0,LO
1409,603,0.0,3.221,26.019,123.521,55.829,29.852,6.492,0.0,LO
1409,618,0.0,0.28,5.546,20.122,4.205,2.011,0.867,0.0,LO
1409,620,0.0,0.257,0.007,0.413,0.337,0.169,0.0,0.0,LO
1409,621,0.0,0.735,2.661,24.286,5.642,2.241,1.077,0.0,LO
1409,659,0.0,0.087,0.127,0.637,0.18,0.0,0.0,0.0,LO
1409,680,0.0,0.0,0.131,0.881,0.225,0.053,0.0,0.0,LO
1409,686,0.0,0.85400003,9.978,69.255,10.337,5.073,4.767,0.0,LO
1409,709,0.0,0.0,0.0,0.398,0.439,0.503,0.0,0.0,LO
1409,717,0.0,0.207,0.164,1.209,0.242,0.060999997,0.072,0.0,LO
1409,719,0.0,4.3,26.657,129.05501,42.902,21.454,9.576,0.0,LO
1409,751,0.0,0.0,0.961,3.31,0.52,0.847,0.067,0.0,LO
1409,755,0.0,0.624,5.938,29.16,10.125,3.738,1.148,0.0,LO
1409,763,0.0,0.311,0.869,7.3190002,2.259,1.011,0.021,0.0,LO
1409,766,0.0,2.108,7.225,28.99,9.619,6.251,2.796,0.0,LO
1409,788,0.0,0.12900001,0.192,1.3659999,0.447,0.223,0.011,0.0,LO
1409,1022,0.0,0.0,0.503,4.851,1.927,1.258,1.031,0.0,LO
1409,1023,0.0,0.0,0.672,6.531,2.977,3.481,0.339,0.0,LO
1409,1024,0.0,0.127,2.625,21.482,5.341,3.171,1.1389999,0.0,LO
1409,1039,0.0,0.625,0.13,1.119,0.869,0.113,0.191,0.0,LO
1409,1082,0.0,0.0,0.497,3.156,0.981,0.781,0.0,0.0,LO
1409,1083,0.0,0.0,0.143,0.337,0.274,0.04,0.111999996,0.0,LO
1409,1085,0.0,0.0,0.0,3.341,0.56,0.463,0.405,0.0,LO
1409,1395,0.0,0.0,0.1,0.829,0.331,0.0,0.0,0.0,LO
1409,1398,0.0,0.0,0.0,0.514,0.477,0.165,0.0,0.0,LO
1409,1402,0.0,0.0,0.278,1.899,0.733,0.382,0.0,0.0,LO
1409,1404,0.0,0.096,2.151,20.609,7.265,3.321,3.141,0.0,LO
1409,1413,0.0,0.058000002,3.997,10.731,2.294,2.404,0.775,0.0,LO
1409,1421,0.0,1.675,33.971,165.149,41.668,16.916,7.796,0.0,LO
1409,1429,0.0,0.502,7.801,48.733,26.679,19.485,9.131,0.0,LO
1409,1437,0.0,0.667,10.246,43.951,16.477,6.863,5.0,0.0,LO
1409,1438,0.0,0.788,10.374001,17.163,4.543,1.627,1.765,0.0,LO
1409,1439,0.0,0.067,2.035,18.954,6.59,3.907,0.727,0.0,LO
1409,1440,0.0,0.059,5.754,50.295,11.726,6.263,1.122,0.0,LO
1409,1441,0.0,0.0,2.063,26.962,9.999,4.549,1.28,0.0,LO
1409,1443,0.0,0.0,0.0,1.029,0.756,0.115,0.201,0.0,LO
1409,1445,0.0,1.29,17.73,72.39,18.016,7.881,5.0889997,0.0,LO
1409,1448,0.0,0.45999998,26.611,28.762001,34.815,11.348,2.716,0.0,LO
1409,1449,0.0,0.0050000004,0.198,1.177,0.29,0.092,0.098000005,0.0,LO
1409,1452,0.0,0.127,4.891,15.661,6.181,1.354,1.326,0.0,LO
1409,1455,0.0,0.0,0.653,1.592,0.335,0.113,0.059,0.0,LO
1409,1524,0.0,0.39200002,11.443,60.443,22.81,14.279,2.8630002,0.0,LO
1409,5345,0.0,0.0,0.44099998,2.09,1.627,1.097,0.244,0.0,LO
1409,5356,0.0,0.0,0.316,0.575,0.108,0.053999998,0.0,0.0,LO
1409,5362,0.0,0.0,0.233,1.625,1.045,0.0,0.0,0.0,LO
1409,5404,0.0,0.0,0.319,3.209,1.8,0.875,0.117,0.0,LO
1409,5411,0.0,0.0,0.386,0.677,0.162,0.0,0.0,0.0,LO
1409,5418,0.0,0.0,0.0,1.329,1.095,0.24,0.0,0.0,LO
1409,5423,0.0,0.0,0.118,1.498,0.527,0.514,0.113,0.0,LO
1409,5595,0.0,0.541,5.817,35.228,10.035,4.522,0.85,0.0,LO
1409,6913,0.0,0.0,0.004,0.73,0.365,0.102000006,0.002,0.0,LO
1409,6919,0.0,0.0,0.078999996,0.585,0.263,0.120000005,0.0,0.0,LO
1409,6941,0.0,0.39,0.074,1.586,0.319,0.22,0.266,0.0,LO
1409,6952,0.0,0.001,0.074,0.357,0.092,0.225,0.007,0.0,LO
1409,6956,0.0,0.0,0.049000002,0.397,0.376,0.0,0.0,0.0,LO
1409,6959,0.0,0.026,0.296,0.667,0.049000002,0.013,0.071,0.0,LO
1409,6961,0.0,0.0,0.17,1.363,0.18,0.109,0.128,0.0,LO
1409,6962,0.0,0.0,0.0,0.487,0.651,0.264,2.187,0.0,LO
1409,6972,0.0,0.0,0.298,0.974,0.654,0.0,0.0,0.0,LO
1409,6977,0.0,0.112,5.509,36.405,24.144,14.7699995,5.587,0.0,LO
1409,6978,0.0,0.0,3.131,14.422,5.905,5.777,2.275,0.0,LO
1409,6979,0.0,0.073,4.59,13.787,8.253,5.535,1.756,0.0,LO
1409,7401,0.0,1.467,10.183,88.871,42.63,23.33,8.753,0.0,LO
1409,7402,0.0,0.0,3.7480001,33.807,17.795,6.597,5.465,0.0,LO
1409,7403,0.0,0.552,1.51,16.106,11.927,3.675,1.9530001,0.0,LO
1409,7404,0.0,0.067,8.687,62.176,19.646,9.008,4.636,0.0,LO
1409,7406,0.0,0.45499998,9.296,64.491,37.46,18.16,4.376,0.0,LO
1409,7407,0.0,1.245,10.626,72.656,33.417,20.626,13.557,0.0,LO
1409,7408,0.0,0.0,2.016,17.353,7.8190002,4.606,1.701,0.0,LO
1409,7467,0.0,0.13,0.6,9.167,4.63,1.973,2.145,0.0,LO
1409,9586,0.0,0.355,2.7,7.231,1.778,1.1110001,0.584,0.0,LO
1409,9587,0.0,0.188,11.53,69.254,18.024,13.074,2.052,0.0,LO
1413,514,0.0,0.365,8.565,8.714,2.877,9.377,0.483,0.0,LO
1413,522,0.0,0.0,0.485,1.633,0.851,0.848,0.201,0.0,LO
1413,591,0.0,0.406,6.912,19.825,12.564,6.338,2.4259999,0.0,LO
1413,596,0.0,0.335,0.509,0.925,0.654,0.65,0.0,0.0,LO
1413,597,0.0,0.0,0.497,2.053,0.892,0.587,0.0,0.0,LO
1413,603,0.0,2.434,35.943,187.651,109.715004,56.573,15.973,0.0,LO
1413,618,0.0,0.183,5.802,25.804,9.267,5.081,2.228,0.0,LO
1413,620,0.0,0.0,0.212,0.872,0.187,0.556,0.068,0.0,LO
1413,621,0.0,0.0,1.486,30.372,9.899,3.022,1.118,0.0,LO
1413,659,0.0,0.0,0.552,0.754,0.328,0.44300002,0.021000002,0.0,LO
1413,680,0.0,0.0,0.186,1.142,0.398,0.17,0.062,0.0,LO
1413,686,0.0,0.427,15.202,72.093,22.56,11.5859995,5.4570003,0.0,LO
1413,709,0.0,0.0,0.0,0.513,0.23,0.48,0.037,0.0,LO
1413,717,0.0,0.314,0.37600002,1.081,0.269,0.69299996,0.371,0.0,LO
1413,719,0.0,2.129,44.696,128.897,79.405,57.763,17.183,0.0,LO
1413,751,0.0,0.354,1.314,9.156,2.336,1.772,0.094,0.0,LO
1413,755,0.0,0.23,8.163,40.889,25.684,11.613,2.61,0.0,LO
1413,763,0.0,0.247,0.651,3.124,3.578,2.2,1.289,0.0,LO
1413,766,0.0,2.011,9.382,44.379,19.947,15.445,6.966,0.0,LO
1413,788,0.0,0.0,0.147,1.445,2.035,0.647,0.066,0.0,LO
1413,1022,0.0,0.0,0.581,5.917,5.254,2.462,0.262,0.0,LO
1413,1023,0.0,0.063999996,0.456,5.698,4.077,1.782,0.3,0.0,LO
1413,1024,0.0,0.0,1.395,21.358,10.101,3.095,1.123,0.0,LO
1413,1039,0.0,0.0,0.388,0.784,0.702,0.249,0.223,0.0,LO
1413,1082,0.0,0.317,0.437,3.556,1.852,0.712,0.407,0.0,LO
1413,1083,0.0,0.0,0.026,0.548,0.355,0.283,0.042,0.0,LO
1413,1085,0.0,0.0,0.447,2.049,1.075,0.884,0.404,0.0,LO
1413,1395,0.0,0.0,0.0,1.244,0.299,0.073,0.091,0.0,LO
1413,1398,0.0,0.0,0.234,0.844,1.031,0.565,0.075,0.0,LO
1413,1402,0.0,0.605,0.0,2.1660001,0.95,0.543,0.0,0.0,LO
1413,1404,0.0,0.030000001,3.841,26.862,17.969,7.986,2.583,0.0,LO
1413,1409,0.0,0.03,0.802,12.421,4.992,3.563,0.936,0.0,LO
1413,1421,0.0,2.472,55.721,318.38998,140.388,46.464,22.683,0.0,LO
1413,1429,0.0,0.081,10.735,53.161,45.714,32.277,10.243,0.0,LO
1413,1434,0.0,0.0,0.24,0.359,0.76100004,0.488,0.0,0.0,LO
1413,1437,0.0,0.325,13.081,73.013,41.179,28.235,12.489,0.0,LO
1413,1438,0.0,0.0,6.676,53.942,17.293,6.0030003,3.71,0.0,LO
1413,1439,0.0,0.054,4.368,23.849,13.688,5.938,2.454,0.0,LO
1413,1440,0.0,0.15900001,7.746,52.357,22.249,11.401,3.802,0.0,LO
1413,1441,0.0,0.0,2.022,33.578,21.185,10.074,3.187,0.0,LO
1413,1443,0.0,0.0,0.0,1.274,0.237,0.26700002,0.0,0.0,LO
1413,1445,0.0,0.0,12.498,86.213,33.301,17.145,5.676,0.0,LO
1413,1448,0.0,0.199,30.811,53.05,66.126,13.535,6.434,0.0,LO
1413,1449,0.0,0.0,0.564,3.287,1.398,0.69,0.158,0.0,LO
1413,1452,0.0,0.087,2.086,25.786,11.569,3.569,4.1,0.0,LO
1413,1455,0.0,0.0,1.248,2.067,0.679,0.373,0.0,0.0,LO
1413,1524,0.0,1.021,0.333,12.6380005,9.261,6.172,0.496,0.0,LO
1413,5150,0.0,0.0,0.0,0.34,0.38,0.262,0.055,0.0,LO
1413,5301,0.0,0.0,0.76600003,3.577,2.501,0.39699998,0.0,0.0,LO
1413,5345,0.0,0.0,0.463,2.678,1.972,0.824,0.20199999,0.0,LO
1413,5356,0.0,0.0,0.095,0.273,0.50200003,0.364,0.056,0.0,LO
1413,5362,0.0,0.0,0.66,2.126,0.973,0.26500002,0.32099998,0.0,LO
1413,5397,0.0,0.238,0.553,0.21,0.911,0.329,0.244,0.0,LO
1413,5404,0.0,0.0,0.28599998,1.553,2.173,0.268,0.011,0.0,LO
1413,5418,0.0,0.0,0.0,0.958,1.203,0.15799999,0.0,0.0,LO
1413,5421,0.0,0.0,0.0,1.049,0.425,0.219,0.0,0.0,LO
1413,5423,0.0,0.0,0.299,1.28,1.297,0.278,0.082,0.0,LO
1413,5424,0.0,0.0,0.0,0.27899998,0.198,0.153,0.062,0.0,LO
1413,5437,0.0,0.0,0.649,1.126,1.076,0.408,0.168,0.0,LO
1413,5595,0.0,1.934,9.968,52.276,31.52,14.587,3.786,0.0,LO
1413,6814,0.0,0.0,0.007,0.075,0.014,0.011,0.005,0.0,LO
1413,6913,0.0,0.046,0.005,0.409,0.464,0.149,0.0,0.0,LO
1413,6914,0.0,0.0,0.077,0.566,0.204,0.0,0.113,0.0,LO
1413,6919,0.0,0.0,0.076000005,0.414,0.958,0.0,0.184,0.0,LO
1413,6926,0.0,0.0,0.096,0.384,0.557,0.133,0.159,0.0,LO
1413,6941,0.0,0.179,0.454,1.093,0.331,0.155,0.0,0.0,LO
1413,6947,0.0,0.0,0.269,1.188,0.315,0.068,0.163,0.0,LO
1413,6949,0.0,0.0,0.273,0.506,0.162,0.175,0.0,0.0,LO
1413,6952,0.0,0.0,0.15799999,0.549,0.442,0.423,0.17199999,0.0,LO
1413,6956,0.0,0.0,0.043,0.191,0.192,0.067,0.0,0.0,LO
1413,6959,0.0,0.0,0.354,0.761,0.21700001,0.17199999,0.0,0.0,LO
1413,6961,0.0,0.168,0.0,0.432,0.744,0.0,0.0,0.0,LO
1413,6962,0.0,0.0,0.0,0.713,0.65,0.247,0.0,0.0,LO
1413,6972,0.0,0.0,0.32299998,0.163,0.253,0.236,0.0,0.0,LO
1413,6977,0.0,0.588,6.963,44.672,37.852,24.396,7.076,0.0,LO
1413,6978,0.0,0.0,3.755,14.217,8.0529995,5.963,2.148,0.0,LO
1413,6979,0.0,0.0,4.2269998,14.488,11.133,8.246,1.507,0.0,LO
1413,7401,0.0,0.0,2.227,22.65,10.748,6.363,2.25,0.0,LO
1413,7402,0.0,0.147,1.372,10.045,3.719,1.821,1.522,0.0,LO
1413,7403,0.0,0.0,0.81200004,3.228,3.061,1.731,0.184,0.0,LO
1413,7404,0.0,0.0,2.465,12.77,6.844,2.991,0.0,0.0,LO
1413,7406,0.0,0.0,1.448,19.213,9.806,5.708,0.686,0.0,LO
1413,7407,0.0,0.0,3.325,13.116,6.429,7.335,0.0,0.0,LO
1413,7408,0.0,0.0,0.795,3.205,2.086,2.144,0.0,0.0,LO
1413,7467,0.0,0.0,0.501,2.774,2.297,2.822,1.358,0.0,LO
1413,9586,0.0,0.041,3.538,10.623,5.86,3.565,0.976,0.0,LO
1413,9587,0.0,0.495,10.615,90.626,45.114,20.855,5.3919997,0.0,LO
1415,591,0.0,0.01,0.566,0.679,0.419,0.438,0.157,0.0,LO
1415,596,0.0,0.978,3.661,9.41,6.925,4.862,0.499,0.0,LO
1415,597,0.0,0.565,3.894,12.717,9.667,2.921,0.859,0.0,LO
1415,617,0.0,0.132,1.06,20.247,10.463,3.583,1.181,0.0,LO
1415,618,0.0,0.0,0.0,2.802,0.861,0.746,0.261,0.0,LO
1415,620,0.0,0.243,0.197,4.391,3.445,1.254,0.27199998,0.0,LO
1415,621,0.0,0.001,0.226,2.447,1.029,0.077999994,0.0,0.0,LO
1415,659,0.0,0.051,0.185,3.435,2.723,2.556,3.95,0.0,LO
1415,680,0.0,0.303,3.293,24.131,12.134,6.423,3.119,0.0,LO
1415,686,0.0,0.033,0.213,1.651,1.105,0.649,0.004,0.0,LO
1415,709,0.0,0.0,0.0,3.481,2.309,2.308,0.873,0.0,LO
1415,717,0.0,0.397,1.329,7.842,5.2139997,2.602,1.125,0.0,LO
1415,719,0.0,0.0,0.0,0.511,0.257,0.053999998,0.0,0.0,LO
1415,751,0.0,1.065,7.05,33.356,20.784,12.315001,6.012,0.0,LO
1415,755,0.0,0.0,0.815,0.782,0.829,0.425,0.504,0.0,LO
1415,766,0.0,0.27,2.45,14.347,8.596,4.995,1.547,0.0,LO
1415,1395,0.0,0.0,0.924,1.375,1.301,1.54,0.398,0.0,LO
1415,1398,0.0,0.0,1.318,3.016,1.826,1.918,0.436,0.0,LO
1415,1402,0.0,2.132,6.975,11.995,6.088,3.836,1.469,0.0,LO
1415,1404,0.0,0.0,0.004,1.119,1.271,0.935,0.185,0.0,LO
1415,1434,0.0,0.0,2.02,4.788,3.773,2.539,1.504,0.0,LO
1415,1442,0.0,0.0,0.319,3.6990001,2.282,1.0600001,0.726,0.0,LO
1415,1444,0.0,9.6119995,66.008,235.195,108.82,64.89,24.188,0.0,LO
1415,1451,0.0,0.265,1.278,8.035,2.282,1.005,0.046,0.0,LO
1415,1452,0.0,0.0,0.013,2.196,0.964,1.399,0.204,0.0,LO
1415,1455,0.0,0.517,1.9350001,13.781,4.113,2.258,0.835,0.0,LO
1415,5595,0.0,0.115,0.787,4.962,2.228,1.854,0.437,0.0,LO
1415,6977,0.0,0.0,0.087,0.444,0.271,0.241,0.12,0.0,LO
1415,9587,0.0,0.0,0.0,11.61,3.673,1.152,0.608,0.0,LO
1421,514,0.0,0.0,2.316,7.794,4.199,1.213,0.50699997,0.0,LO
1421,522,0.0,1.0220001,0.481,1.947,1.182,0.48700002,0.063999996,0.0,LO
1421,591,0.0,1.5649999,12.931,24.538,15.119,7.502,2.306,0.0,LO
1421,597,0.0,0.0,1.339,3.5540001,2.22,0.341,0.20199999,0.0,LO
1421,603,0.0,13.514,61.194,216.599,116.075,75.068,26.451,0.0,LO
1421,617,0.0,0.0,0.0,0.201,0.298,0.07,0.185,0.0,LO
1421,618,0.0,1.548,35.383,126.374,33.625,16.527,4.471,0.0,LO
1421,621,0.0,0.694,3.376,22.236,13.151,4.177,1.257,0.0,LO
1421,659,0.0,0.0,0.429,0.987,0.63600004,0.096,0.177,0.0,LO
1421,680,0.0,0.0,0.030000001,0.052,0.078999996,0.032,0.0,0.0,LO
1421,686,0.0,12.395,26.214,74.543,31.692,11.963,7.635,0.0,LO
1421,709,0.0,0.0,0.17300001,1.17,0.365,0.213,0.0,0.0,LO
1421,717,0.0,0.0,0.053999998,0.068,0.0,0.0,0.0,0.0,LO
1421,719,0.0,11.235,28.307,114.287,51.599,21.333,13.658,0.0,LO
1421,751,0.0,1.193,0.699,1.853,0.911,0.021,0.0,0.0,LO
1421,755,0.0,3.1200001,15.025,36.298,19.873,8.766,1.553,0.0,LO
1421,763,0.0,0.0,0.537,2.374,4.146,1.136,1.043,0.0,LO
1421,766,0.0,6.224,21.833,62.41,36.762,22.797,16.544,0.0,LO
1421,1022,0.0,0.64,2.9720001,10.841,4.209,4.154,1.433,0.0,LO
1421,1023,0.0,2.44,7.441,12.856,6.798,5.498,1.61,0.0,LO
1421,1024,0.0,0.0,3.989,29.283,12.742,9.866,0.68299997,0.0,LO
1421,1082,0.0,0.0,0.0,0.048,0.042,0.0,0.0,0.0,LO
1421,1402,0.0,6.592,1.768,5.039,1.99,1.028,0.007,0.0,LO
1421,1404,0.0,0.5,6.171,28.219,20.391,16.404,7.199,0.0,LO
1421,1409,0.0,0.175,10.032,24.829,12.144,9.087,3.679,0.0,LO
1421,1413,0.0,0.529,30.993,109.77,39.825,22.321,8.674,0.0,LO
1421,1429,0.0,5.676,41.304,125.353,76.236,69.535,29.86,0.0,LO
1421,1434,0.0,0.0,0.007,2.518,1.172,0.038,0.187,0.0,LO
1421,1437,0.0,8.733,21.536,65.129,39.37,22.768,15.072,0.0,LO
1421,1438,0.0,4.552,10.944,56.924,26.07,15.033,7.488,0.0,LO
1421,1439,0.0,1.1439999,12.909,27.581,14.211,11.132,6.225,0.0,LO
1421,1440,0.0,6.079,71.235,260.7,122.586,80.008,29.403,0.0,LO
1421,1441,0.0,1.925,7.003,36.356,23.034,20.308,7.369,0.0,LO
1421,1442,0.0,0.093,1.068,1.757,0.348,0.679,0.026,0.0,LO
1421,1443,0.0,0.0,0.24,1.779,0.625,0.259,0.0,0.0,LO
1421,1445,0.0,0.061,3.348,23.959,3.128,4.478,5.827,0.0,LO
1421,1448,0.0,0.624,69.543,54.386,88.321,54.526,20.213,0.0,LO
1421,1449,0.0,37.023,206.471,570.311,148.781,95.237,34.6,0.0,LO
1421,1452,0.0,0.104,5.419,21.28,14.543,8.854,9.416,0.0,LO
1421,1455,0.0,0.007,0.452,3.421,1.116,0.785,0.302,0.0,LO
1421,1524,0.0,0.195,11.773,12.622,7.3780003,3.867,0.546,0.0,LO
1421,5421,0.0,0.013,0.0,0.0,0.0,0.0,0.0,0.0,LO
1421,5595,0.0,5.919,10.73,32.298,18.144,23.973,4.136,0.0,LO
1421,6919,0.0,0.0,0.094,0.331,0.7,0.119,0.139,0.0,LO
1421,6941,0.0,0.551,0.353,0.811,0.328,0.16800001,0.092,0.0,LO
1421,6947,0.0,0.0,0.266,0.433,0.0,0.0,0.0,0.0,LO
1421,6952,0.0,0.0,0.034,0.085999995,0.113,0.009000001,0.0,0.0,LO
1421,6956,0.0,0.15900001,0.32,0.273,0.184,0.017,0.0,0.0,LO
1421,6972,0.0,0.268,0.64,0.426,0.621,0.062,0.449,0.0,LO
1421,6977,0.0,3.834,36.179,105.199,62.017,51.53,26.146,0.0,LO
1421,6978,0.0,1.173,12.161,34.821,14.624,14.772,8.792,0.0,LO
1421,6979,0.0,3.9,9.998,27.851,21.996,18.408,6.206,0.0,LO
1421,7401,0.0,2.204,9.3949995,34.148,19.462,12.792,4.664,0.0,LO
1421,7402,0.0,0.0,1.742,12.396,7.2,3.111,0.749,0.0,LO
1421,7403,0.0,0.0,0.486,5.091,3.806,1.689,0.0,0.0,LO
1421,7404,0.0,0.0,2.803,18.457,11.024,5.838,1.353,0.0,LO
1421,7406,0.0,3.167,17.535,31.073,16.782999,10.358,7.705,0.0,LO
1421,7407,0.0,0.0,4.324,14.125,5.587,7.907,2.035,0.0,LO
1421,7408,0.0,0.0,0.692,4.146,3.35,2.111,0.67,0.0,LO
1421,7467,0.0,1.22,0.827,3.0970001,1.502,0.65000004,0.42200002,0.0,LO
1421,9586,0.0,0.25,10.2300005,17.251,6.803,5.47,1.0320001,0.0,LO
1421,9587,0.0,4.557,29.1,147.972,59.972,26.046,4.996,0.0,LO
1429,514,0.0,0.0,0.229,0.0,0.0,0.0,0.0,0.0,LO
1429,591,0.0,1.25,7.003,18.557,12.687,5.663,5.986,0.0,LO
1429,596,0.0,0.75,0.498,2.168,1.295,0.552,0.100999996,0.0,LO
1429,597,0.0,0.135,0.342,1.977,1.069,0.446,0.153,0.0,LO
1429,603,0.0,52.071,348.277,1570.885,714.155,435.189,274.001,0.0,LO
1429,618,0.0,0.941,6.766,22.882,5.439,4.721,2.157,0.0,LO
1429,620,0.0,0.086,0.362,1.199,0.43,0.481,0.0,0.0,LO
1429,621,0.0,0.365,2.3009999,27.81,8.834,2.0870001,3.303,0.0,LO
1429,659,0.0,0.479,0.233,1.265,0.826,0.634,0.070999995,0.0,LO
1429,680,0.0,0.0,0.0,0.07700001,0.0,0.0,0.0,0.0,LO
1429,686,0.0,1.105,10.407,54.974,20.927,14.984,10.459,0.0,LO
1429,698,0.0,0.0,0.0,0.0,0.0,0.0,0.106,0.0,LO
1429,709,0.0,0.0,0.15200001,1.208,0.4,0.221,0.524,0.0,LO
1429,717,0.0,0.208,0.38300002,1.7670001,0.603,0.495,0.105000004,0.0,LO
1429,719,0.0,23.858,282.794,1765.244,829.082,445.262,237.089,0.0,LO
1429,742,0.0,0.005,0.019,0.606,0.287,0.0,0.305,0.0,LO
1429,751,0.0,0.049999997,1.569,10.383,3.05,1.645,0.234,0.0,LO
1429,755,0.0,1.608,9.623,29.186,14.237,9.796,4.952,0.0,LO
1429,763,0.0,0.049,0.494,3.717,0.843,0.512,1.687,0.0,LO
1429,766,0.0,6.371,16.806,69.546,29.046,18.254,19.036,0.0,LO
1429,788,0.0,0.854,0.245,1.789,1.341,0.393,0.982,0.0,LO
1429,1023,0.0,0.0,0.0,1.768,0.528,0.0,0.0,0.0,LO
1429,1024,0.0,0.0,0.275,6.933,4.215,1.743,2.746,0.0,LO
1429,1039,0.0,0.0,0.28,0.57,0.49400002,0.335,0.354,0.0,LO
1429,1082,0.0,0.83100003,0.144,4.671,1.535,0.647,0.90400004,0.0,LO
1429,1083,0.0,0.0,0.043,0.58500004,0.23,0.128,0.145,0.0,LO
1429,1085,0.0,0.0,0.0,1.76,0.0,0.142,0.0,0.0,LO
1429,1395,0.0,0.0,0.442,0.914,0.166,0.489,0.033,0.0,LO
1429,1398,0.0,0.0,0.0,0.981,1.774,0.272,0.0,0.0,LO
1429,1402,0.0,0.389,0.649,3.032,1.01,0.586,0.252,0.0,LO
1429,1404,0.0,0.257,1.725,20.251,11.137,6.057,5.498,0.0,LO
1429,1409,0.0,0.487,14.008,55.07,16.916,16.624,9.955,0.0,LO
1429,1413,0.0,1.763,24.136,103.882,24.241,14.987,11.124,0.0,LO
1429,1421,0.0,3.975,32.565,154.408,60.447,38.186,37.433,0.0,LO
1429,1434,0.0,0.0,0.0,0.892,1.629,0.451,0.0,0.0,LO
1429,1437,0.0,1.328,16.341,64.956,39.368,22.5,19.459,0.0,LO
1429,1438,0.0,0.235,10.924,10.157,8.616,5.407,5.324,0.0,LO
1429,1439,0.0,0.423,17.227,74.632,34.392,18.649,24.781,0.0,LO
1429,1440,0.0,11.075,57.277,310.041,125.775,75.937,73.348,0.0,LO
1429,1441,0.0,0.0,4.66,36.378002,21.234,7.273,6.119,0.0,LO
1429,1443,0.0,0.0,0.144,0.768,0.953,0.31,0.632,0.0,LO
1429,1445,0.0,1.906,21.873,71.16,31.931,19.838,23.945,0.0,LO
1429,1448,0.0,1.969,55.243,41.044,47.488,19.926,9.952,0.0,LO
1429,1449,0.0,0.078,2.23,6.202,3.796,3.194,2.568,0.0,LO
1429,1452,0.0,0.15,5.706,16.87,7.857,5.76,5.377,0.0,LO
1429,1455,0.0,0.0,1.011,3.107,1.33,0.001,0.083,0.0,LO
1429,1524,0.0,0.0,0.0,4.134,2.588,2.77,0.551,0.0,LO
1429,5345,0.0,0.0,0.415,2.091,0.438,0.774,0.605,0.0,LO
1429,5356,0.0,0.0,0.389,0.19,0.775,0.242,0.131,0.0,LO
1429,5404,0.0,0.111,0.0,0.975,0.73800004,0.173,0.156,0.0,LO
1429,5411,0.0,0.0,0.408,1.725,1.101,0.587,0.439,0.0,LO
1429,5421,0.0,0.053,0.0,1.151,1.3050001,1.069,0.429,0.0,LO
1429,5423,0.0,0.0,0.0,1.2870001,0.375,0.597,0.204,0.0,LO
1429,5424,0.0,0.0,0.151,0.060000002,0.001,0.086,0.06,0.0,LO
1429,5595,0.0,1.571,10.232,37.892,17.992,11.774,7.692,0.0,LO
1429,6914,0.0,0.0,0.086,0.234,0.0,0.667,0.0,0.0,LO
1429,6919,0.0,0.0,0.0,1.045,0.544,0.445,0.207,0.0,LO
1429,6941,0.0,0.0,0.025,0.842,0.428,0.0,0.063999996,0.0,LO
1429,6947,0.0,0.0,0.103,0.024,0.156,0.195,0.06,0.0,LO
1429,6954,0.0,0.0,0.0,0.658,0.095,0.43,0.316,0.0,LO
1429,6956,0.0,0.0,0.015000001,0.112,0.245,0.064,0.256,0.0,LO
1429,6959,0.0,0.0,0.0,0.042,0.338,0.0,0.0,0.0,LO
1429,6961,0.0,0.0,0.0,1.551,0.82,0.444,0.299,0.0,LO
1429,6962,0.0,0.0,0.0,1.162,0.567,1.007,0.0,0.0,LO
1429,6965,0.0,0.0,0.0,0.721,0.341,0.264,0.426,0.0,LO
1429,6972,0.0,0.0,0.0,0.39200002,0.204,0.141,0.205,0.0,LO
1429,6973,0.0,0.0,0.0,1.575,0.658,1.128,0.586,0.0,LO
1429,6977,0.0,0.083000004,6.356,86.232,50.805,28.362999,16.097,0.0,LO
1429,6978,0.0,0.61,22.552,99.177,67.526,64.207,53.064,0.0,LO
1429,6979,0.0,0.646,21.537,138.659,90.253,64.429,39.594,0.0,LO
1429,7406,0.0,0.0,0.0,2.261,1.955,0.96500003,1.0749999,0.0,LO
1429,9586,0.0,0.204,1.711,7.356,3.8899999,2.368,1.4,0.0,LO
1429,9587,0.0,3.9950001,13.082,71.975,42.247,16.844,7.994,0.0,LO
1434,591,0.0,0.133,0.623,1.141,0.286,0.415,0.0,0.0,LO
1434,596,0.0,4.703,8.429,4.608,2.359,2.09,0.41099998,0.0,LO
1434,597,0.0,0.331,20.817001,31.312,11.944,11.136,1.7870001,0.0,LO
1434,603,0.0,0.0,0.842,1.291,1.302,0.199,0.044,0.0,LO
1434,617,0.0,2.728,5.836,3.967,1.504,1.096,0.254,0.0,LO
1434,618,0.0,0.014,1.7980001,0.767,0.15,0.774,0.01,0.0,LO
1434,620,0.0,0.617,4.388,6.811,3.025,3.031,1.886,0.0,LO
1434,621,0.0,0.0,0.15799999,2.655,0.199,0.075,0.0,0.0,LO
1434,659,0.0,0.049,1.191,1.465,2.55,2.497,0.663,0.0,LO
1434,680,0.0,1.2590001,14.304,38.15,13.519,8.491,4.722,0.0,LO
1434,686,0.0,0.038000003,3.173,4.513,0.43,1.36,0.0,0.0,LO
1434,709,0.0,0.0,0.44099998,3.904,1.443,0.391,0.0,0.0,LO
1434,717,0.0,0.906,2.271,2.791,2.231,1.983,0.591,0.0,LO
1434,719,0.0,0.334,0.573,0.775,0.342,0.179,0.0,0.0,LO
1434,751,0.0,1.131,18.066,50.885,17.058,7.118,9.981,0.0,LO
1434,755,0.0,0.111,1.055,1.162,0.408,0.093,0.002,0.0,LO
1434,766,0.0,0.712,4.343,6.2539997,2.007,1.356,0.601,0.0,LO
1434,1395,0.0,0.95,1.0630001,4.196,0.833,0.27199998,0.143,0.0,LO
1434,1398,0.0,0.0,0.507,1.67,1.926,0.533,0.152,0.0,LO
1434,1402,0.0,2.008,35.949,36.845,20.921,14.582,1.886,0.0,LO
1434,1404,0.0,0.014,0.029,1.765,0.238,0.07,0.0,0.0,LO
1434,1413,0.0,0.027,0.264,1.175,0.0,0.257,0.0,0.0,LO
1434,1415,0.0,9.129,8.487,8.982,1.132,1.127,0.0,0.0,LO
1434,1429,0.0,0.076,0.054,1.286,0.646,0.0,0.981,0.0,LO
1434,1440,0.0,0.355,0.963,0.66,0.344,0.078,0.0,0.0,LO
1434,1442,0.0,0.36900002,4.794,6.318,2.308,2.216,0.788,0.0,LO
1434,1444,0.0,3.29,11.529,29.097,12.598001,9.881,3.431,0.0,LO
1434,1451,0.0,0.537,0.421,1.931,0.284,0.241,0.33900002,0.0,LO
1434,1455,0.0,4.014,28.911,90.838,15.982,7.097,5.165,0.0,LO
1434,5595,0.0,0.081,3.218,3.443,1.023,0.921,0.0,0.0,LO
1434,9587,0.0,0.046,3.0410001,3.19,0.51,1.065,0.008,0.0,LO
1437,514,0.0,2.772,1.358,5.3780003,2.755,4.596,0.684,0.0,LO
1437,522,0.0,0.085,0.571,1.1470001,0.569,1.003,0.07,0.0,LO
1437,591,0.0,6.776,33.126,57.981,29.928,13.86,9.912,0.0,LO
1437,596,0.0,0.114,0.599,0.835,0.552,0.311,0.032,0.0,LO
1437,597,0.0,0.0,0.833,1.874,1.1980001,0.256,0.0,0.0,LO
1437,603,0.0,11.495,34.055,77.045,48.893,46.026,13.212,0.0,LO
1437,617,0.0,0.0,0.343,0.0,0.0,0.026,0.0,0.0,LO
1437,618,0.0,2.156,17.277,39.315998,8.078,4.213,1.547,0.0,LO
1437,621,0.0,1.158,10.078,58.352,19.685,6.848,2.708,0.0,LO
1437,659,0.0,0.0,0.0,0.721,0.275,0.183,0.036,0.0,LO
1437,680,0.0,0.0,0.0,0.1,0.064,0.0,0.009,0.0,LO
1437,686,0.0,12.882,49.947,127.508,44.748,18.144,10.763,0.0,LO
1437,709,0.0,0.0,0.0,0.307,0.0,0.25800002,0.207,0.0,LO
1437,717,0.0,0.0,0.414,0.792,0.77599996,0.195,0.061,0.0,LO
1437,719,0.0,21.651001,22.964,73.17,34.312,24.801,7.809,0.0,LO
1437,751,0.0,0.014,1.003,3.936,2.022,1.4399999,0.366,0.0,LO
1437,755,0.0,9.291,45.77,52.531002,23.153,17.083,4.498,0.0,LO
1437,763,0.0,0.0,0.0,2.975,1.754,0.0,0.0,0.0,LO
1437,766,0.0,3.592,20.361,33.606,22.727,16.786,10.113,0.0,LO
1437,1022,0.0,0.0,0.673,5.42,1.539,2.1069999,0.63,0.0,LO
1437,1023,0.0,0.0,2.568,8.088,2.963,2.896,0.1,0.0,LO
1437,1024,0.0,0.0,1.432,13.752,8.397,7.4170003,1.294,0.0,LO
1437,1082,0.0,0.0,0.0,0.927,0.529,0.27,0.106,0.0,LO
1437,1402,0.0,0.036,2.119,3.536,1.799,1.161,1.347,0.0,LO
1437,1404,0.0,2.397,28.993,80.198,44.575,24.489,15.946,0.0,LO
1437,1409,0.0,1.766,12.193,32.3,18.314,10.485,4.9,0.0,LO
1437,1413,0.0,5.704,53.423,100.388,26.125,15.15,4.119,0.0,LO
1437,1421,0.0,4.393,47.962,151.095,72.725,48.789,10.358,0.0,LO
1437,1429,0.0,4.8910003,20.521,59.896,25.124,26.254,11.998,0.0,LO
1437,1438,0.0,0.213,3.198,8.86,5.12,3.947,1.456,0.0,LO
1437,1439,0.0,3.103,9.312,15.011,6.017,6.224,2.306,0.0,LO
1437,1440,0.0,5.342,28.582,93.821,41.478,34.892,9.942,0.0,LO
1437,1441,0.0,0.878,7.225,12.605,8.927,5.408,2.28,0.0,LO
1437,1443,0.0,0.0,0.141,1.175,0.141,0.147,0.117,0.0,LO
1437,1445,0.0,0.193,3.9720001,22.921,9.338,8.068,1.0270001,0.0,LO
1437,1448,0.0,1.156,51.417,37.836,49.492,14.499001,7.03,0.0,LO
1437,1449,0.0,0.313,1.408,3.375,1.8100001,1.293,0.593,0.0,LO
1437,1452,0.0,2.529,14.705,54.211,26.255,9.233,8.07,0.0,LO
1437,1455,0.0,0.0,0.036000002,2.007,0.80700004,0.019000001,0.099,0.0,LO
1437,1524,0.0,0.342,5.7730002,20.765,11.367,7.106,0.595,0.0,LO
1437,5411,0.0,0.146,0.053,0.198,0.199,0.087,0.0,0.0,LO
1437,5421,0.0,0.37100002,2.082,2.964,0.29500002,0.29,0.0,0.0,LO
1437,5423,0.0,0.0,0.467,1.201,0.852,0.155,0.0,0.0,LO
1437,5595,0.0,21.539,36.088,66.705,32.144,21.061,4.881,0.0,LO
1437,6814,0.0,0.0,0.024,0.017,0.018,0.0,0.006,0.0,LO
1437,6913,0.0,0.107999995,0.195,0.753,0.188,0.070999995,0.0,0.0,LO
1437,6941,0.0,0.28,0.371,0.385,0.329,0.70500004,0.182,0.0,LO
1437,6952,0.0,0.0,0.015,0.024,0.04,0.021,0.0,0.0,LO
1437,6956,0.0,0.0,0.185,0.109000005,0.197,0.201,0.053999998,0.0,LO
1437,6959,0.0,0.031,0.003,0.14,0.011,0.0,0.0,0.0,LO
1437,6972,0.0,0.0,0.072,0.883,0.41799998,0.246,0.0,0.0,LO
1437,6977,0.0,1.839,10.577,37.612,21.039,19.017,7.26,0.0,LO
1437,6978,0.0,0.797,4.44,8.951,4.794,5.664,2.307,0.0,LO
1437,6979,0.0,1.172,5.99,14.047,5.894,9.007,3.5570002,0.0,LO
1437,7401,0.0,0.867,6.965,17.074,10.248,8.08,2.247,0.0,LO
1437,7402,0.0,0.438,1.665,7.887,5.041,1.338,1.209,0.0,LO
1437,7403,0.0,0.0,0.0,2.479,0.801,0.212,0.273,0.0,LO
1437,7404,0.0,0.036,2.1759999,11.509,4.307,3.131,0.55,0.0,LO
1437,7406,0.0,0.518,9.5,14.885,7.232,4.231,4.066,0.0,LO
1437,7407,0.0,6.559,2.591,7.258,3.119,3.244,0.0,0.0,LO
1437,7408,0.0,0.0,1.066,4.214,1.217,2.662,0.267,0.0,LO
1437,7467,0.0,0.0,1.456,3.345,1.9449999,2.457,0.0,0.0,LO
1437,9586,0.0,3.615,20.081,36.212,18.218,9.927,1.62,0.0,LO
1437,9587,0.0,10.771,47.221,215.8,81.878,37.201,7.926,0.0,LO
1438,514,0.0,0.0,0.29000002,2.198,0.511,1.007,0.0,0.0,LO
1438,522,0.0,0.0,0.0,0.503,0.116,0.04,0.024,0.0,LO
1438,591,0.0,0.444,4.12,14.951,3.917,2.888,1.054,0.0,LO
1438,596,0.0,0.0,0.298,0.21000001,0.083000004,0.024,0.0,0.0,LO
1438,597,0.0,0.0,0.189,0.371,0.22399999,0.0,0.109,0.0,LO
1438,603,0.0,1.513,7.357,34.414,19.278,11.751,4.064,0.0,LO
1438,618,0.0,0.206,3.763,14.545,2.652,1.194,1.835,0.0,LO
1438,621,0.0,0.060999997,0.907,13.605,4.8719997,1.3249999,0.0,0.0,LO
1438,680,0.0,0.0,0.116,0.259,0.067,0.036,0.0,0.0,LO
1438,686,0.0,0.24999999,7.929,41.051,9.56,3.098,1.7030001,0.0,LO
1438,709,0.0,0.0,0.287,0.184,0.315,0.236,0.0,0.0,LO
1438,717,0.0,0.0,0.09,0.126,0.039,0.035,0.0,0.0,LO
1438,719,0.0,3.071,6.16,24.043,7.264,2.978,1.011,0.0,LO
1438,751,0.0,0.063,0.167,1.491,0.338,0.423,0.068,0.0,LO
1438,755,0.0,0.876,7.491,23.944,9.856,4.7599998,1.799,0.0,LO
1438,763,0.0,0.0,0.0,0.197,0.011,0.0,0.0,0.0,LO
1438,766,0.0,1.707,3.286,10.263,4.399,4.334,5.228,0.0,LO
1438,1022,0.0,0.0,0.189,1.229,2.065,0.503,0.386,0.0,LO
1438,1023,0.0,0.0,0.96,3.739,1.301,1.29,0.371,0.0,LO
1438,1024,0.0,0.295,0.882,6.638,3.453,2.569,0.0,0.0,LO
1438,1082,0.0,0.0,0.486,1.165,0.0,0.499,0.442,0.0,LO
1438,1404,0.0,0.477,1.668,16.398,6.449,2.348,1.813,0.0,LO
1438,1409,0.0,0.048,2.113,19.619,5.5169997,3.86,1.093,0.0,LO
1438,1413,0.0,0.141,16.513,52.724,8.784,3.893,1.459,0.0,LO
1438,1421,0.0,0.15799999,1.221,6.875,2.096,0.743,0.772,0.0,LO
1438,1429,0.0,0.237,1.288,14.616,10.813,10.424,3.88,0.0,LO
1438,1437,0.0,1.212,8.323,46.607,12.918,9.788,1.975,0.0,LO
1438,1439,0.0,0.0,1.819,7.435,2.861,2.328,0.459,0.0,LO
1438,1440,0.0,0.325,5.447,31.823,13.269,12.136,4.775,0.0,LO
1438,1441,0.0,0.0,1.758,8.485,5.293,2.854,0.574,0.0,LO
1438,1444,0.0,0.0,0.005,0.0,0.0,0.0,0.0,0.0,LO
1438,1445,0.0,0.308,6.931,25.732,7.5889997,5.559,1.118,0.0,LO
1438,1448,0.0,0.227,15.965,7.937,5.486,2.473,0.982,0.0,LO
1438,1449,0.0,0.012,0.26,1.008,0.513,0.255,0.033,0.0,LO
1438,1452,0.0,0.0,4.263,10.545,4.091,1.999,0.778,0.0,LO
1438,1524,0.0,0.86499995,2.415,6.9639997,7.095,9.073,0.542,0.0,LO
1438,5301,0.0,1.9009999,2.582,2.119,0.0,0.371,0.0,0.0,LO
1438,5423,0.0,0.0,0.922,1.528,0.0,0.316,0.402,0.0,LO
1438,5595,0.0,1.095,7.6019998,33.148,11.532,5.715,2.767,0.0,LO
1438,6956,0.0,0.0,0.018,0.081,0.038,0.0,0.0,0.0,LO
1438,6977,0.0,0.0,2.368,15.16,7.955,7.743,2.162,0.0,LO
1438,6978,0.0,0.089,1.073,5.7660003,2.261,0.986,0.451,0.0,LO
1438,6979,0.0,0.0,2.191,4.113,3.198,2.157,2.128,0.0,LO
1438,7401,0.0,0.0,1.9300001,4.126,3.771,2.908,0.297,0.0,LO
1438,7402,0.0,0.45499998,0.71999997,1.155,1.332,1.304,0.0,0.0,LO
1438,7403,0.0,0.0,0.0,1.069,1.255,0.294,0.0,0.0,LO
1438,7404,0.0,0.031,0.33,5.861,2.544,1.806,0.8,0.0,LO
1438,7406,0.0,0.0,4.355,6.989,3.062,0.831,0.86399996,0.0,LO
1438,7407,0.0,0.0,0.88199997,5.529,0.675,0.0,0.0,0.0,LO
1438,9586,0.0,0.0,2.336,8.3619995,1.498,2.743,0.326,0.0,LO
1438,9587,0.0,1.989,9.0460005,97.944,29.213,12.804,1.7850001,0.0,LO
1439,514,0.0,0.316,0.327,0.383,0.0,0.173,0.298,0.0,LO
1439,591,0.0,0.217,3.184,2.969,2.073,1.548,0.254,0.0,LO
1439,596,0.0,0.0,0.14199999,0.358,0.284,0.128,0.0,0.0,LO
1439,597,0.0,0.072,0.066,0.709,0.231,0.121,0.298,0.0,LO
1439,603,0.0,1.244,10.552,61.736,29.546,15.005,6.38,0.0,LO
1439,618,0.0,0.0,1.659,5.92,1.391,0.984,0.0,0.0,LO
1439,620,0.0,0.0,0.0,0.628,0.059,0.24599999,0.0,0.0,LO
1439,621,0.0,0.031,0.657,10.290999,4.877,0.698,0.027,0.0,LO
1439,659,0.0,0.0,0.0,0.401,0.0,0.078,0.006,0.0,LO
1439,686,0.0,0.147,4.825,17.452,5.381,2.321,0.958,0.0,LO
1439,717,0.0,0.039,0.04,0.27199998,0.12900001,0.009,0.0,0.0,LO
1439,719,0.0,6.359,56.765,293.327,124.037,49.054,28.476,0.0,LO
1439,751,0.0,0.012,0.079,2.173,1.01,0.153,0.218,0.0,LO
1439,755,0.0,0.0,0.291,1.624,0.525,0.387,0.15,0.0,LO
1439,763,0.0,0.0,1.047,5.404,1.997,1.4860001,0.28399998,0.0,LO
1439,766,0.0,0.85,2.295,14.057,6.11,4.177,2.327,0.0,LO
1439,788,0.0,0.057,0.202,2.506,2.115,0.377,0.0,0.0,LO
1439,1022,0.0,0.0,0.695,5.533,2.4490001,0.826,0.193,0.0,LO
1439,1023,0.0,0.0,1.794,5.663,2.159,1.89,0.857,0.0,LO
1439,1024,0.0,0.0,2.392,22.404,7.79,5.915,1.815,0.0,LO
1439,1039,0.0,0.0,0.0,1.077,0.131,0.137,0.0,0.0,LO
1439,1082,0.0,0.0,0.153,4.28,2.449,1.357,0.61800003,0.0,LO
1439,1083,0.0,0.013,0.023,0.552,0.461,0.283,0.163,0.0,LO
1439,1085,0.0,0.238,0.314,1.652,0.961,0.722,0.033,0.0,LO
1439,1404,0.0,0.069,0.88199997,6.384,3.406,1.257,1.2509999,0.0,LO
1439,1409,0.0,0.248,3.58,18.356,3.93,1.084,0.996,0.0,LO
1439,1413,0.0,0.245,5.678,36.247,8.911,2.921,1.243,0.0,LO
1439,1421,0.0,1.9070001,7.428,28.194,12.243,6.68,5.9179997,0.0,LO
1439,1429,0.0,0.61800003,10.302,69.676,30.1,25.833,13.291,0.0,LO
1439,1437,0.0,0.496,3.634,18.708,9.33,3.867,3.953,0.0,LO
1439,1438,0.0,0.169,2.263,5.759,2.103,1.002,2.5679998,0.0,LO
1439,1440,0.0,0.078999996,5.302,33.803,11.136,5.883,6.679,0.0,LO
1439,1441,0.0,0.028,3.196,19.933,7.493,5.207,2.271,0.0,LO
1439,1443,0.0,0.0,0.0,1.05,0.492,0.421,0.0,0.0,LO
1439,1445,0.0,0.088,4.561,23.105,7.409,3.315,4.2469997,0.0,LO
1439,1448,0.0,0.065000005,8.714,8.581,10.281,4.322,2.479,0.0,LO
1439,1449,0.0,0.002,0.375,1.32,0.632,0.64,0.54,0.0,LO
1439,1452,0.0,0.048,1.7260001,6.467,3.474,1.122,0.793,0.0,LO
1439,5345,0.0,0.0,0.79,2.336,2.147,0.786,0.518,0.0,LO
1439,5356,0.0,0.0,0.16600001,1.5370001,0.831,0.578,0.0,0.0,LO
1439,5362,0.0,0.0,0.308,1.98,1.016,0.0,0.158,0.0,LO
1439,5404,0.0,0.0,0.007,1.27,1.712,1.005,0.20899999,0.0,LO
1439,5418,0.0,0.028,0.006,2.084,0.821,0.799,0.426,0.0,LO
1439,5423,0.0,0.002,0.13,1.472,0.889,0.537,0.282,0.0,LO
1439,5424,0.0,0.0,0.111,0.293,0.299,0.093,0.08,0.0,LO
1439,5437,0.0,0.0,0.151,1.335,0.887,0.646,0.30900002,0.0,LO
1439,5595,0.0,0.175,1.129,6.443,2.19,1.495,0.293,0.0,LO
1439,6941,0.0,0.0,0.0,0.086,0.052,0.078,0.076000005,0.0,LO
1439,6956,0.0,0.0,0.023,0.102000006,0.05,0.025,0.0,0.0,LO
1439,6961,0.0,0.0,0.188,0.521,1.049,0.543,0.623,0.0,LO
1439,6962,0.0,0.0,0.158,1.918,0.838,0.779,0.0,0.0,LO
1439,6977,0.0,0.111,8.617,55.618,34.03,23.809,12.819,0.0,LO
1439,6978,0.0,0.028,4.132,19.522,10.382,9.489,5.573,0.0,LO
1439,6979,0.0,0.221,6.08,21.535,15.37,10.237,5.2929997,0.0,LO
1439,7402,0.0,0.0,0.04,0.302,0.315,0.011,0.0,0.0,LO
1439,9586,0.0,0.0,0.948,3.421,0.923,1.117,0.126,0.0,LO
1439,9587,0.0,0.30900002,2.957,26.37,6.161,1.939,0.595,0.0,LO
1440,514,0.0,0.49199998,1.7490001,3.892,1.033,7.7939997,4.242,0.0,LO
1440,591,0.0,1.848,10.453,20.315,16.219,6.344,5.364,0.0,LO
1440,596,0.0,0.107,0.332,1.15,0.624,0.47,0.502,0.0,LO
1440,597,0.0,0.0,0.63,1.28,0.755,0.482,0.132,0.0,LO
1440,603,0.0,2.105,29.107,205.556,160.645,96.45,39.456,0.0,LO
1440,618,0.0,0.208,4.486,23.526,8.846,4.6679997,1.395,0.0,LO
1440,620,0.0,0.0,0.0,0.382,0.463,0.309,0.063,0.0,LO
1440,621,0.0,1.145,3.198,35.908,13.761,5.906,2.84,0.0,LO
1440,659,0.0,0.0,0.407,0.654,0.675,1.1110001,0.225,0.0,LO
1440,680,0.0,0.0,0.042,0.178,0.073,0.1,0.0,0.0,LO
1440,686,0.0,1.227,11.790999,59.136,29.79,15.452,10.818,0.0,LO
1440,709,0.0,0.0,0.126,0.266,0.673,0.173,0.341,0.0,LO
1440,717,0.0,0.0,0.39,0.912,0.704,0.482,0.338,0.0,LO
1440,719,0.0,22.148,99.325,556.239,407.551,252.639,129.61101,0.0,LO
1440,751,0.0,0.119,1.557,7.407,5.29,2.823,0.484,0.0,LO
1440,755,0.0,0.556,3.7879999,11.756,6.152,2.6460001,1.132,0.0,LO
1440,763,0.0,0.0,1.37,12.149,13.319,4.018,0.618,0.0,LO
1440,766,0.0,3.907,11.802,46.758,35.728,26.023,19.973,0.0,LO
1440,788,0.0,0.147,0.164,2.977,1.823,1.292,0.387,0.0,LO
1440,1022,0.0,0.0,1.896,14.235,14.092,11.573,3.075,0.0,LO
1440,1023,0.0,0.24000001,2.343,17.703,9.393,9.69,2.753,0.0,LO
1440,1024,0.0,0.348,4.305,60.564,33.891,18.62,2.698,0.0,LO
1440,1039,0.0,0.0,0.135,2.136,1.718,0.638,0.124,0.0,LO
1440,1082,0.0,0.186,1.629,13.736,7.328,1.537,2.005,0.0,LO
1440,1083,0.0,0.0,0.112,1.012,0.948,0.69699997,0.352,0.0,LO
1440,1085,0.0,0.0,0.30400002,2.571,3.806,1.3379999,0.37,0.0,LO
1440,1398,0.0,0.0,0.002,1.515,0.339,0.246,0.002,0.0,LO
1440,1402,0.0,0.0,0.141,0.575,0.329,0.424,0.125,0.0,LO
1440,1404,0.0,0.35,3.364,28.855999,25.554,15.992,15.078,0.0,LO
1440,1409,0.0,0.923,9.903,48.354,20.812,15.232,5.5820003,0.0,LO
1440,1413,0.0,0.533,28.601,97.282,33.082,17.67,2.492,0.0,LO
1440,1421,0.0,4.234,26.646,157.348,89.238,57.96,40.159,0.0,LO
1440,1429,0.0,2.913,39.39,219.453,142.257,131.921,72.115,0.0,LO
1440,1437,0.0,0.936,10.696,74.48,48.845,34.254,19.861,0.0,LO
1440,1438,0.0,0.369,7.443,17.963,12.408,7.497,6.289,0.0,LO
1440,1439,0.0,0.58599997,4.429,21.218,12.918,9.175,3.4850001,0.0,LO
1440,1441,0.0,0.167,8.013,51.407,45.278,29.92,14.236,0.0,LO
1440,1442,0.0,0.0,0.133,0.619,0.667,0.086,0.19,0.0,LO
1440,1443,0.0,0.0,0.449,3.436,3.446,1.457,0.355,0.0,LO
1440,1445,0.0,1.689,12.198,64.139,29.802,22.557,13.305,0.0,LO
1440,1448,0.0,0.74700004,27.685,37.325,67.14,31.134,9.853,0.0,LO
1440,1449,0.0,0.004,0.619,2.691,0.915,1.085,0.199,0.0,LO
1440,1452,0.0,0.098,2.954,19.283,15.333,9.05,11.904,0.0,LO
1440,1524,0.0,0.0,0.141,3.115,1.132,1.028,0.0,0.0,LO
1440,5150,0.0,0.0,0.232,1.679,0.956,0.894,0.091,0.0,LO
1440,5345,0.0,0.282,0.652,4.734,4.015,1.574,0.61800003,0.0,LO
1440,5356,0.0,0.0,0.308,1.636,1.205,0.255,0.542,0.0,LO
1440,5362,0.0,0.58100003,0.43400002,5.002,1.335,1.279,0.461,0.0,LO
1440,5376,0.0,0.303,0.325,0.575,0.48299998,0.24700001,0.0,0.0,LO
1440,5397,0.0,0.0,0.0,1.734,0.507,0.528,0.162,0.0,LO
1440,5404,0.0,0.0,0.77,3.221,3.267,1.428,1.155,0.0,LO
1440,5418,0.0,0.0,1.03,1.481,1.4350001,1.579,0.77099997,0.0,LO
1440,5423,0.0,0.0,0.51,1.348,1.483,0.50200003,0.20300001,0.0,LO
1440,5424,0.0,0.0,0.276,0.193,0.353,0.315,0.0,0.0,LO
1440,5437,0.0,0.792,0.588,1.369,2.033,0.456,0.662,0.0,LO
1440,5595,0.0,0.512,3.577,15.503,10.161,3.5540001,1.03,0.0,LO
1440,6814,0.0,0.0,0.02,0.051,0.068,0.016,0.008,0.0,LO
1440,6913,0.0,0.0,0.0,0.17899999,1.433,0.149,0.0,0.0,LO
1440,6914,0.0,0.0,0.148,0.584,0.106,0.247,0.178,0.0,LO
1440,6919,0.0,0.0,0.0,0.813,0.127,0.224,0.0,0.0,LO
1440,6926,0.0,0.0,0.0,0.879,0.176,1.644,0.504,0.0,LO
1440,6934,0.0,0.0,0.0,0.0,0.819,0.587,0.0,0.0,LO
1440,6941,0.0,0.0,0.143,0.746,0.897,0.503,0.039,0.0,LO
1440,6947,0.0,0.0,0.505,0.662,0.89199996,0.878,0.0,0.0,LO
1440,6949,0.0,0.0,0.0,0.704,0.32999998,0.283,0.0,0.0,LO
1440,6952,0.0,0.101,0.234,0.658,0.474,0.606,0.0,0.0,LO
1440,6954,0.0,0.0,0.0,0.466,0.943,0.274,0.03,0.0,LO
1440,6956,0.0,0.029000001,0.023,0.412,0.149,0.37,0.129,0.0,LO
1440,6958,0.0,0.0,0.0,0.255,0.206,0.082,0.0,0.0,LO
1440,6959,0.0,0.0,0.0,1.806,1.659,0.234,0.257,0.0,LO
1440,6961,0.0,0.0,0.601,2.645,0.849,0.583,0.0,0.0,LO
1440,6962,0.0,0.0,0.0,1.896,1.046,0.41500002,2.446,0.0,LO
1440,6967,0.0,0.0,0.0,0.994,0.302,0.37,0.197,0.0,LO
1440,6972,0.0,0.0,0.0,1.025,0.059,0.58,0.0,0.0,LO
1440,6973,0.0,0.0,0.0,0.691,0.467,1.249,0.209,0.0,LO
1440,6977,0.0,1.599,24.084,161.147,114.032,102.307,50.239,0.0,LO
1440,6978,0.0,1.002,9.023,58.631,43.375,40.281002,29.759,0.0,LO
1440,6979,0.0,0.583,14.703,76.426,59.843998,50.167,37.001,0.0,LO
1440,7401,0.0,0.0,0.336,4.69,3.839,0.916,0.472,0.0,LO
1440,7402,0.0,0.098,0.239,2.306,2.499,0.418,0.379,0.0,LO
1440,7403,0.0,0.0,0.118,1.6850001,1.167,0.479,0.179,0.0,LO
1440,7404,0.0,0.0,0.0,8.6,1.541,0.016,0.708,0.0,LO
1440,7406,0.0,0.0,0.392,5.692,2.438,1.1290001,0.0,0.0,LO
1440,7407,0.0,0.0,0.0,0.374,1.853,0.268,1.406,0.0,LO
1440,7408,0.0,0.0,0.122,0.684,1.346,0.534,0.0,0.0,LO
1440,7467,0.0,0.172,0.387,3.773,2.488,0.276,0.177,0.0,LO
1440,9586,0.0,0.353,3.343,9.0390005,5.001,4.205,1.8709999,0.0,LO
1440,9587,0.0,1.9300001,12.181,73.705,32.803,13.805,2.9320002,0.0,LO
1441,591,0.0,0.454,3.681,4.758,2.82,1.3970001,0.598,0.0,LO
1441,596,0.0,0.0,0.335,0.553,0.1,0.077,0.0,0.0,LO
1441,597,0.0,0.0,0.0,1.002,0.076000005,0.34399998,0.009,0.0,LO
1441,603,0.352,18.471,145.293,555.325,218.477,111.322,41.142002,2.9559999,LO
1441,618,0.0,0.14,3.02,11.951,2.101,3.034,0.284,0.0,LO
1441,621,0.0,0.475,1.279,19.719,6.771,1.495,0.78,0.0,LO
1441,659,0.0,0.0,0.139,0.684,0.268,0.0,0.0,0.0,LO
1441,680,0.0,0.0,0.18900001,0.0,0.021,0.017,0.0,0.0,LO
1441,686,0.0,0.409,7.356,37.328,9.066,5.438,2.199,0.0,LO
1441,717,0.0,0.0,0.295,0.134,0.21,0.062,0.0,0.0,LO
1441,719,0.0,6.04,104.853,463.71,177.936,76.057,38.315998,0.0,LO
1441,742,0.0,0.0,0.007,0.045,0.018,0.0,0.0,0.0,LO
1441,751,0.0,0.0,0.705,2.154,0.525,0.272,0.085,0.0,LO
1441,755,0.0,0.38300002,2.6200001,8.067,2.39,2.445,0.257,0.0,LO
1441,763,0.53900003,3.672,22.849,93.679,45.016,29.694,14.582,1.469,LO
1441,766,0.0,1.334,7.751,16.628,7.08,4.44,1.923,0.0,LO
1441,788,1.134,2.453,12.181,64.225,29.426,13.907,5.686,2.21,LO
1441,1022,0.227,0.0,2.878,20.259,9.651,6.401,4.083,0.222,LO
1441,1023,0.0,1.01,8.321,27.501,12.457,12.193,5.6410003,1.194,LO
1441,1024,2.253,1.538,31.3,162.631,54.11,41.84,15.479,4.0629997,LO
1441,1039,0.0,0.0,0.644,12.001,5.966,4.201,2.869,0.699,LO
1441,1082,0.138,3.688,18.322,72.935,33.953,18.703,13.5,0.904,LO
1441,1083,0.251,0.0,0.351,2.884,2.213,1.465,1.962,1.3180001,LO
1441,1085,0.0,0.0,1.651,10.453,7.755,2.873,0.667,0.0,LO
1441,1402,0.0,0.365,0.0,0.838,0.446,0.327,0.0,0.0,LO
1441,1404,0.0,0.049,2.847,7.927,4.164,2.493,2.536,0.0,LO
1441,1409,0.0,0.0,9.955,30.492,5.384,5.126,1.983,0.0,LO
1441,1413,0.0,0.115,11.968,71.661,10.094,5.909,2.854,0.0,LO
1441,1421,0.0,3.341,10.522,58.353,23.704,15.941,13.234,0.0,LO
1441,1429,0.0,0.085,5.712,28.448,10.6710005,3.971,0.797,0.0,LO
1441,1437,0.0,0.906,2.662,18.86,11.49,6.117,4.374,0.0,LO
1441,1438,0.0,0.0,7.77,6.945,4.757,1.538,2.702,0.0,LO
1441,1439,0.0,0.058,9.06,30.895,7.312,5.758,6.657,0.0,LO
1441,1440,0.0,1.621,24.239,105.104996,32.714,30.163,12.627,0.0,LO
1441,1442,0.0,1.137,0.0,0.613,0.0,0.0,0.0,0.0,LO
1441,1443,0.0,0.591,2.4819999,18.619,8.521,7.046,2.3470001,2.363,LO
1441,1445,0.0,0.211,11.591,25.621,10.31,5.56,4.298,0.0,LO
1441,1448,0.0,0.35,23.9,14.341,21.969,5.953,2.97,0.0,LO
1441,1449,0.0,0.0,0.461,1.88,0.978,0.959,0.442,0.0,LO
1441,1452,0.0,0.0,1.873,4.974,1.1489999,2.2,1.51,0.0,LO
1441,1455,0.0,0.0,0.0,1.816,0.252,0.0,0.0,0.0,LO
1441,5150,0.0,0.0,2.835,7.65,4.111,1.39,0.933,0.0,LO
1441,5345,0.122999996,0.263,4.195,21.911,12.52,7.2200003,7.889,4.1619997,LO
1441,5356,0.0,0.114999995,2.304,7.888,3.459,1.447,0.982,0.0,LO
1441,5362,0.0,0.423,1.594,10.448,5.5030003,3.3009999,2.608,0.0,LO
1441,5376,0.0,0.0,0.959,1.906,1.9169999,0.307,0.389,0.0,LO
1441,5378,0.0,0.214,2.717,7.039,2.553,0.323,0.493,0.0,LO
1441,5397,0.0,0.0,0.395,1.902,1.392,0.35999998,0.975,0.0,LO
1441,5404,0.0,0.0,2.549,9.276,8.344,5.884,3.181,0.0,LO
1441,5411,0.0,0.0,2.057,6.972,1.847,1.058,1.714,0.0,LO
1441,5418,0.0,0.033,1.377,6.256,4.927,3.751,2.146,0.0,LO
1441,5421,0.0,0.002,1.288,1.482,0.0,0.192,1.268,0.0,LO
1441,5423,0.0,0.039,2.145,13.328,5.067,7.632,3.805,0.0,LO
1441,5424,0.0,0.522,2.019,2.766,0.0,2.959,1.122,0.0,LO
1441,5437,0.0,0.092,0.499,5.919,3.514,1.505,1.459,0.0,LO
1441,5595,0.0,0.0,8.206,19.864,6.368,3.832,0.93,0.0,LO
1441,6941,0.0,0.0,0.067,0.251,0.031999998,0.125,0.048,0.0,LO
1441,6954,0.0,0.0,0.148,0.329,0.177,0.058000002,0.221,0.0,LO
1441,6956,0.0,0.001,0.038000003,0.052,0.0,0.0,0.0,0.0,LO
1441,6961,0.0,0.0,0.0,1.66,0.466,0.0,0.0,0.0,LO
1441,6962,0.0,0.0,0.0,1.748,0.108,0.001,0.369,0.0,LO
1441,6972,0.0,0.0,0.111,0.258,0.118,0.0,0.13100001,0.0,LO
1441,6977,0.0,0.0,8.269,41.613,24.464,19.654,5.442,0.0,LO
1441,6978,0.0,0.743,9.606,38.479,22.717,21.997,9.184999,0.0,LO
1441,6979,0.0,0.395,9.492,35.5,19.561,17.504,6.321,0.0,LO
1441,9586,0.0,0.077,1.442,4.736,2.541,1.63,0.574,0.0,LO
1441,9587,0.0,0.34800002,3.532,25.897,11.854,3.769,1.071,0.0,LO
1442,514,0.0,0.001,0.0,0.0,0.0,0.0,0.0,0.0,LO
1442,591,0.0,0.212,1.435,3.111,0.753,0.289,0.268,0.0,LO
1442,596,0.0,2.277,4.544,7.156,5.772,1.647,0.682,0.0,LO
1442,597,0.0,7.705,23.885,51.131,15.432,10.113,2.6100001,0.0,LO
1442,603,0.0,0.601,0.395,4.25,1.208,0.89,0.675,0.0,LO
1442,617,0.0,5.341,3.187,2.814,2.716,1.12,0.183,0.0,LO
1442,618,0.0,0.242,1.5,6.162,0.89100003,0.049,0.099,0.0,LO
1442,620,0.0,6.035,14.203,31.271,15.386,6.752,1.35,0.0,LO
1442,621,0.0,0.077,0.737,1.776,1.137,0.0,0.0,0.0,LO
1442,659,0.0,0.422,2.554,1.865,2.247,1.738,0.389,0.0,LO
1442,680,0.0,10.262,39.919,113.321,32.228,10.444,1.553,0.0,LO
1442,686,0.0,0.296,0.635,3.496,1.767,0.426,0.0,0.0,LO
1442,709,0.0,0.429,0.903,5.89,2.33,2.038,0.471,0.0,LO
1442,717,0.0,1.6,3.385,2.587,3.907,1.701,0.0,0.0,LO
1442,719,0.0,0.36900002,0.16,3.95,0.646,0.377,0.031,0.0,LO
1442,751,0.0,3.59,23.375,52.255,17.936,8.556,1.239,0.0,LO
1442,755,0.0,0.43,0.668,4.105,0.896,0.13599999,0.229,0.0,LO
1442,766,0.0,2.176,3.205,7.075,2.67,3.182,0.496,0.0,LO
1442,1395,0.0,2.466,9.077,18.998,5.929,4.572,0.23400001,0.0,LO
1442,1398,0.0,0.929,7.5,12.269,7.595,2.134,0.285,0.0,LO
1442,1402,0.0,25.862,194.968,291.509,108.499,60.933,9.009,0.0,LO
1442,1404,0.0,0.049,0.456,0.857,1.085,0.509,0.0,0.0,LO
1442,1415,0.0,9.057,1.399,4.096,1.695,0.974,0.106,0.0,LO
1442,1421,0.0,0.26000002,1.747,2.124,1.104,0.0,0.0,0.0,LO
1442,1429,0.0,0.148,0.541,0.80300003,1.025,0.424,0.0,0.0,LO
1442,1434,0.0,3.172,4.555,8.816,3.405,1.325,0.532,0.0,LO
1442,1440,0.0,0.14,0.155,0.936,0.661,0.0,0.0,0.0,LO
1442,1444,0.0,12.864,21.187,56.004,19.542,13.612,7.762,0.0,LO
1442,1448,0.0,0.0,2.479,0.463,1.432,0.0,0.0,0.0,LO
1442,1451,0.0,1.104,2.734,2.607,0.802,0.524,0.46199998,0.0,LO
1442,1455,0.0,13.403999,65.263,233.993,49.539,18.687,4.0030003,0.0,LO
1442,5595,0.0,0.435,3.543,2.421,0.946,0.394,0.0,0.0,LO
1442,6977,0.0,0.0,0.0,1.25,0.661,0.0,0.44799998,0.0,LO
1442,9586,0.0,0.0,0.0,1.193,1.127,0.014,0.0,0.0,LO
1442,9587,0.0,0.652,2.115,17.999,2.394,0.79399997,0.004,0.0,LO
1443,591,0.0,0.076,0.001,0.643,1.452,0.684,0.009,0.0,LO
1443,597,0.0,0.0,0.0,0.073,0.0,0.0,0.024,0.0,LO
1443,603,34.713,27.277,194.59,786.535,382.738,247.857,208.742,109.819,LO
1443,618,0.0,0.04,0.405,1.156,0.136,0.025,0.33699998,0.0,LO
1443,621,0.0,0.061,0.093,1.243,0.555,0.0,0.100999996,0.0,LO
1443,680,0.0,0.0,0.005,0.0,0.0,0.0,0.008,0.0,LO
1443,686,0.0,0.061,1.762,5.585,2.338,1.1800001,0.97,0.0,LO
1443,719,0.0,0.276,2.305,12.795,6.848,4.745,1.267,0.0,LO
1443,751,0.0,0.0,0.063999996,0.696,0.137,0.0,0.0,0.0,LO
1443,755,0.0,0.036000002,0.2,0.152,0.162,0.08,0.0,0.0,LO
1443,763,9.659,12.235,70.755,356.85,184.038,124.243004,111.196,20.355999,LO
1443,766,0.0,0.154,0.38,1.767,0.572,0.6,0.819,0.0,LO
1443,788,19.205,17.292,96.358,468.196,256.926,140.98,101.068,59.052002,LO
1443,1022,0.771,1.546,6.505,47.349,21.576,15.013,6.889,2.126,LO
1443,1023,4.5620003,0.545,9.849,81.284,40.174,34.972,18.432,5.899,LO
1443,1024,10.581,4.438,49.406,428.782,184.952,123.908,70.932,35.332,LO
1443,1039,4.927,1.252,7.08,45.78,27.059,19.969,16.533,10.426001,LO
1443,1082,7.37,18.088,84.75,306.656,139.99,84.708,84.484,13.305,LO
1443,1083,14.188,0.703,3.217,19.483,11.608,14.385,18.017,21.786999,LO
1443,1085,2.776,1.359,8.91,38.543,26.661,16.117,11.969,6.269,LO
1443,1404,0.0,0.0,0.094,0.526,0.328,0.505,0.112,0.0,LO
1443,1409,0.0,0.0,0.11,0.72900003,0.3,0.422,0.496,0.0,LO
1443,1413,0.0,0.0,0.171,2.303,1.124,1.011,0.47,0.0,LO
1443,1421,0.0,0.0,0.373,2.514,2.437,1.045,0.89,0.0,LO
1443,1429,0.0,0.0,0.151,0.825,0.459,0.735,0.336,0.0,LO
1443,1437,0.0,0.0,0.166,0.802,1.008,0.539,0.843,0.0,LO
1443,1439,0.0,0.0,0.0,2.679,0.421,0.98,1.456,0.0,LO
1443,1440,0.0,0.0,1.461,8.294,3.912,3.118,2.591,0.0,LO
1443,1441,2.715,0.156,1.474,9.728,7.901,6.2209997,4.616,2.2680001,LO
1443,1445,0.0,0.0,0.304,1.535,0.941,0.344,0.615,0.0,LO
1443,1448,0.0,0.0,1.352,1.336,2.206,0.505,0.408,0.0,LO
1443,1449,0.0,0.033,0.01,0.18900001,0.133,0.059,0.024,0.0,LO
1443,5150,0.0,2.694,24.833,141.695,70.502,44.953,29.887,0.0,LO
1443,5301,0.0,0.847,8.62,45.089,30.497,24.37,14.871,0.0,LO
1443,5345,55.975998,11.57,26.04,98.806,65.155,57.649,92.427,112.011,LO
1443,5356,0.0,0.203,5.087,30.744,18.514,14.698,13.797,0.0,LO
1443,5362,0.0,0.961,6.419,38.774,22.813,21.097,23.685,0.0,LO
1443,5372,0.0,0.946,3.841,14.498,7.728,6.126,9.419,0.0,LO
1443,5376,0.0,0.522,4.434,26.710001,13.052,13.115,5.877,0.0,LO
1443,5378,0.0,0.365,4.324,16.475,11.687,5.8389997,5.252,0.0,LO
1443,5397,0.0,0.213,3.2549999,10.214,7.943,5.715,4.9960003,0.0,LO
1443,5404,0.0,1.184,10.188,47.604,42.008,35.207,28.435,0.0,LO
1443,5411,0.0,3.87,21.611,66.679,38.518,26.787,15.464,0.0,LO
1443,5418,0.0,0.026,6.95,23.714,24.244,18.603,16.209,0.0,LO
1443,5421,0.0,0.90900004,17.367,80.315,48.499,41.843998,41.867,0.0,LO
1443,5423,0.0,1.309,30.49,159.2,111.613,101.270996,74.886,0.0,LO
1443,5424,0.0,2.265,12.747,46.979,31.91,28.724,27.124,0.0,LO
1443,5437,0.0,1.327,6.681,25.305,18.399,13.572,16.77,0.0,LO
1443,5595,0.0,3.208,16.041,80.293,48.606,27.847,35.02,0.0,LO
1443,6977,0.0,0.0,0.0,1.631,1.652,0.905,0.119,0.0,LO
1443,6978,0.0,0.0,0.405,1.169,0.824,3.2510002,1.222,0.0,LO
1443,6979,0.0,0.0,0.0,0.23300001,0.855,0.457,0.546,0.0,LO
1443,9586,0.0,0.0,0.0,0.816,0.669,0.215,0.024,0.0,LO
1443,9587,0.0,0.125,0.255,3.28,1.725,0.332,0.0,0.0,LO
1444,591,0.0,0.134,1.179,4.555,6.2130003,2.747,1.268,0.0,LO
1444,596,0.0,13.257,27.814,58.148,50.454998,38.856,45.91,0.0,LO
1444,597,0.0,12.396,40.085,148.621,68.724,80.615,33.556,0.0,LO
1444,617,0.0,1.7310001,18.028,88.701,93.514,73.389,75.809,0.0,LO
1444,618,0.0,0.0,4.68,9.462,4.6,1.201,0.0,0.0,LO
1444,620,0.0,1.044,5.5,27.553,27.558,19.676,14.434999,0.0,LO
1444,621,0.0,0.023,2.045,12.84,6.318,2.533,1.204,0.0,LO
1444,659,0.0,2.255,10.044,31.449,33.822,30.886,24.291,0.0,LO
1444,680,0.0,4.482,35.058,133.022,128.511,117.073,166.875,0.0,LO
1444,686,0.0,0.13,2.626,7.491,5.316,4.088,1.68,0.0,LO
1444,709,0.0,2.142,4.022,30.031,40.231,26.185999,6.9760003,0.0,LO
1444,717,0.0,5.234,12.99,46.445,44.011,34.984,29.843,0.0,LO
1444,751,0.0,6.215,39.002,182.549,129.823,96.454,114.234,0.0,LO
1444,755,0.0,0.0,0.271,2.477,1.256,0.0,0.0,0.0,LO
1444,766,0.0,4.169,31.535,110.643,88.798,71.391,83.621,0.0,LO
1444,1395,0.0,5.196,0.0,0.0,0.0,17.315,6.517,0.0,LO
1444,1398,0.0,1.3280001,8.705,35.828,46.295,26.385,28.487001,0.0,LO
1444,1402,0.0,2.284,0.0,0.0,0.0,5.434,0.0,0.0,LO
1444,1404,0.0,0.01,2.511,13.396,12.073,12.246,6.597,0.0,LO
1444,1415,0.0,52.78,65.792,179.897,144.517,88.256004,43.751,0.0,LO
1444,1434,0.0,3.5270002,4.608,26.868,24.449,17.972,21.987,0.0,LO
1444,1442,0.0,7.63,12.699,40.562,41.475,25.117,25.857,0.0,LO
1444,1448,0.0,0.0,0.0,0.012,0.055,0.023,0.0,0.0,LO
1444,1451,0.0,2.315,21.935,121.99,64.335,50.855,26.643,0.0,LO
1444,1452,0.0,0.0050000004,2.44,15.113999,11.814,10.7369995,1.517,0.0,LO
1444,1455,0.0,17.274,21.225,98.847,55.553,44.314,44.205,0.0,LO
1444,9586,0.0,0.0,0.0,4.682,5.51,1.102,2.1100001,0.0,LO
1444,9587,0.0,0.0,0.0,5.5750003,5.3970003,0.0,0.0,0.0,LO
1445,514,0.0,2.409,3.882,6.518,3.39,1.684,0.481,0.0,LO
1445,522,0.0,0.0,0.62,1.219,1.348,0.205,0.0139999995,0.0,LO
1445,591,0.0,1.3249999,9.500999,24.043,12.028,8.148,3.09,0.0,LO
1445,596,0.0,0.243,0.141,0.756,0.333,0.422,0.060999997,0.0,LO
1445,597,0.0,0.0,0.084,0.413,0.232,0.0,0.0,0.0,LO
1445,603,0.0,3.397,13.646,62.356,47.31,21.532,6.726,0.0,LO
1445,618,0.0,0.031,7.821,33.553,7.078,1.911,1.611,0.0,LO
1445,621,0.0,0.547,5.155,38.245,13.387,5.049,1.572,0.0,LO
1445,659,0.0,0.0,0.103,1.876,0.39,0.169,0.039,0.0,LO
1445,686,0.0,2.902,17.918,71.684,20.661,11.326,5.298,0.0,LO
1445,717,0.0,0.0,0.255,0.187,0.42,0.297,0.053,0.0,LO
1445,719,0.0,4.617,15.542,94.41,37.747,18.644,6.966,0.0,LO
1445,751,0.0,0.0,0.182,2.353,1.107,0.6,0.015000001,0.0,LO
1445,755,0.0,1.075,10.746,23.76,9.791,7.302,1.275,0.0,LO
1445,763,0.0,0.0,0.22,1.519,1.73,0.0,0.0,0.0,LO
1445,766,0.0,1.8249999,8.692,23.753,14.984,10.997,8.024,0.0,LO
1445,1022,0.0,0.0,0.119,4.485,2.48,2.58,0.668,0.0,LO
1445,1023,0.0,0.0,1.055,3.468,1.855,1.758,0.207,0.0,LO
1445,1024,0.0,0.0,1.773,7.554,2.671,2.727,0.447,0.0,LO
1445,1082,0.0,0.0,0.346,0.807,1.193,0.32999998,0.0,0.0,LO
1445,1404,0.0,0.017,5.049,18.657,15.864,7.9379997,2.9359999,0.0,LO
1445,1409,0.0,0.576,9.192,39.393,21.532,12.89,5.78,0.0,LO
1445,1413,0.0,0.355,18.73,75.132,28.593,12.875,4.554,0.0,LO
1445,1421,0.0,0.708,0.783,8.468,0.536,0.972,1.7019999,0.0,LO
1445,1429,0.0,2.145,13.929,51.607,34.744,25.081,9.667,0.0,LO
1445,1437,0.0,0.067,2.085,16.761,9.037,3.802,3.163,0.0,LO
1445,1438,0.0,0.359,3.863,17.029,12.531,6.349,4.173,0.0,LO
1445,1439,0.0,0.256,5.167,10.3619995,7.708,4.965,1.299,0.0,LO
1445,1440,0.0,2.657,19.142,56.93,26.354,17.909,3.943,0.0,LO
1445,1441,0.0,0.04,3.198,14.795,11.464,6.68,2.125,0.0,LO
1445,1443,0.0,0.0,0.0,1.099,0.0,0.0,0.102,0.0,LO
1445,1448,0.0,0.356,33.386,26.372,39.795002,22.333,5.107,0.0,LO
1445,1449,0.0,0.020000001,1.5780001,9.448,3.854,2.328,0.676,0.0,LO
1445,1452,0.0,0.076,1.8759999,17.355,7.6280003,4.109,1.8889999,0.0,LO
1445,1455,0.0,0.0,0.0,1.244,0.532,0.124000005,0.0,0.0,LO
1445,1524,0.0,0.698,4.946,14.766,6.945,7.3259997,0.717,0.0,LO
1445,5595,0.0,1.028,12.806,27.848999,16.877,8.869,3.231,0.0,LO
1445,6919,0.0,0.0,0.163,0.252,0.731,0.008,0.0,0.0,LO
1445,6941,0.0,0.0,0.042999998,0.42700002,0.437,0.142,0.0,0.0,LO
1445,6954,0.0,0.0,0.0,0.482,0.554,0.155,0.068,0.0,LO
1445,6956,0.0,0.031,0.063,0.138,0.0,0.063,0.0,0.0,LO
1445,6958,0.0,0.0,0.053,0.208,0.086,0.148,0.0,0.0,LO
1445,6959,0.0,0.0,0.283,0.324,0.732,0.291,0.055999998,0.0,LO
1445,6972,0.0,0.214,0.218,0.191,0.154,0.075,0.0,0.0,LO
1445,6977,0.0,0.897,9.1,36.011,24.304,18.838,6.426,0.0,LO
1445,6978,0.0,0.164,3.29,11.926,5.542,4.419,2.744,0.0,LO
1445,6979,0.0,0.316,6.757,17.527,10.785,9.945,2.454,0.0,LO
1445,7401,0.0,0.659,0.95,10.968,6.403,4.666,1.5830001,0.0,LO
1445,7402,0.0,0.285,0.709,9.924,2.221,3.342,0.511,0.0,LO
1445,7403,0.0,0.652,0.78000003,5.579,4.259,0.992,0.0,0.0,LO
1445,7404,0.0,0.0,0.79399997,11.316,4.664,1.592,2.617,0.0,LO
1445,7406,0.0,0.188,0.56700003,9.844,6.785,4.288,1.159,0.0,LO
1445,7407,0.0,0.0,0.932,6.159,3.2480001,0.86,0.0,0.0,LO
1445,7408,0.0,0.97900003,0.0,2.956,2.75,1.296,0.427,0.0,LO
1445,7467,0.0,0.0,1.382,3.47,1.907,0.532,0.692,0.0,LO
1445,9586,0.0,0.58599997,3.994,10.417,6.6280003,3.033,0.303,0.0,LO
1445,9587,0.0,0.98899996,10.576,93.944,39.894,17.018,3.0540001,0.0,LO
1448,514,0.0,1.034,5.473,3.0740001,3.2,1.228,0.037,0.0,LO
1448,522,0.0,0.667,0.21000001,0.876,0.728,0.27,0.017,0.0,LO
1448,591,0.0,4.312,76.196,17.692,21.825,6.628,1.1159999,0.0,LO
1448,596,0.0,0.0,1.535,0.23900001,0.125,0.101,0.004,0.0,LO
1448,597,0.0,0.0,1.246,1.613,0.961,0.178,0.017,0.0,LO
1448,603,0.0,28.957,115.491,55.338,81.113,26.254,3.971,0.0,LO
1448,618,0.0,1.408,32.381,18.459,8.196,3.602,0.213,0.0,LO
1448,620,0.0,0.0,1.285,0.519,0.503,0.074,0.063999996,0.0,LO
1448,621,0.0,0.842,17.872,15.729,16.44,3.4060001,0.058,0.0,LO
1448,659,0.0,0.0,0.4,0.437,0.327,0.026,0.012,0.0,LO
1448,680,0.0,0.0,1.868,1.492,1.935,0.605,0.049000002,0.0,LO
1448,686,0.0,10.398,133.563,51.032,43.215,8.02,1.5879999,0.0,LO
1448,709,0.0,0.0,0.0,0.2,0.139,0.255,0.018,0.0,LO
1448,717,0.0,0.371,1.155,0.175,0.514,0.184,0.0,0.0,LO
1448,719,0.0,10.61,90.006,37.375,64.016,14.89,3.012,0.0,LO
1448,751,0.0,0.342,5.886,2.31,1.942,0.483,0.025,0.0,LO
1448,755,0.0,8.486,149.557,40.839,45.102,12.856,0.86,0.0,LO
1448,763,0.0,2.822,2.348,1.548,4.301,0.652,0.073,0.0,LO
1448,766,0.0,2.666,44.474,20.429,24.29,10.159,1.373,0.0,LO
1448,788,0.0,0.0,0.0,0.022,0.123,0.0,0.019000001,0.0,LO
1448,1022,0.0,2.296,4.651,2.97,4.548,1.418,0.071,0.0,LO
1448,1023,0.0,0.297,6.196,3.713,3.776,2.625,0.2,0.0,LO
1448,1024,0.0,0.40600002,5.798,10.805,12.432,6.185,0.398,0.0,LO
1448,1082,0.0,0.639,3.295,1.351,1.71,0.598,0.105,0.0,LO
1448,1083,0.0,0.0,0.0,0.057000004,0.437,0.0,0.010000001,0.0,LO
1448,1085,0.0,0.0,1.066,1.15,0.968,0.0,0.0,0.0,LO
1448,1402,0.0,0.002,0.347,2.332,0.259,0.217,0.0,0.0,LO
1448,1404,0.0,2.01,32.847,14.195,21.039,7.345,1.841,0.0,LO
1448,1409,0.0,0.163,44.905,16.991,15.752,7.857,0.898,0.0,LO
1448,1413,0.0,3.363,81.883,44.744,31.321,7.302,0.419,0.0,LO
1448,1421,0.0,11.536,25.149,22.817,21.788,3.907,0.973,0.0,LO
1448,1429,0.0,4.848,47.175,28.829,37.558,19.717001,2.612,0.0,LO
1448,1437,0.0,23.7,138.391,87.89,91.252,29.494,2.085,0.0,LO
1448,1438,0.0,0.0,10.88,5.6349998,7.969,2.749,0.072000004,0.0,LO
1448,1439,0.0,1.6240001,18.913,7.057,8.502,3.203,0.329,0.0,LO
1448,1440,0.0,9.34,83.768,38.117,35.31,17.26,1.936,0.0,LO
1448,1441,0.0,0.869,10.3619995,8.153,11.373,4.743,0.825,0.0,LO
1448,1443,0.0,0.0,0.257,0.372,0.425,0.132,0.0,0.0,LO
1448,1444,0.0,0.0,3.398,0.762,0.0,0.351,0.034,0.0,LO
1448,1445,0.0,1.645,50.845,28.938,27.713,11.005,0.705,0.0,LO
1448,1449,0.0,14.249001,52.959,46.2,26.453001,10.94,0.406,0.0,LO
1448,1452,0.0,1.926,64.703995,21.116,20.414,8.272,1.075,0.0,LO
1448,1455,0.0,0.013,1.837,0.947,0.613,0.153,0.0,0.0,LO
1448,1524,0.0,0.0,8.214,9.618,8.411,4.986,0.56299996,0.0,LO
1448,5150,0.0,0.0,0.009000001,0.26500002,0.496,0.096,0.019000001,0.0,LO
1448,5301,0.0,0.0,5.404,4.168,5.068,1.334,0.148,0.0,LO
1448,5345,0.0,0.0,0.713,0.682,0.599,0.198,0.033,0.0,LO
1448,5376,0.0,0.259,0.022,0.154,0.326,0.089,0.064,0.0,LO
1448,5404,0.0,0.0,0.189,0.475,1.069,0.162,0.0,0.0,LO
1448,5411,0.0,0.0,0.0,0.014,0.169,0.0,0.0,0.0,LO
1448,5421,0.0,0.223,9.6449995,2.911,6.719,1.6240001,0.202,0.0,LO
1448,5423,0.0,0.171,2.265,4.092,8.544,2.21,0.535,0.0,LO
1448,5424,0.0,0.0,0.991,0.914,0.90500003,0.452,0.042999998,0.0,LO
1448,5595,0.0,22.551,194.534,74.703,85.712,27.791,3.14,0.0,LO
1448,6926,0.0,0.0,0.185,0.761,0.801,0.0,0.0,0.0,LO
1448,6941,0.0,0.0,0.399,0.242,0.233,0.044999998,0.0,0.0,LO
1448,6947,0.0,1.5769999,0.30800003,0.115,0.091,0.133,0.005,0.0,LO
1448,6956,0.0,0.0,0.17999999,0.09,0.251,0.022,0.011,0.0,LO
1448,6961,0.0,0.0,0.0,0.619,0.724,0.0050000004,0.0,0.0,LO
1448,6962,0.0,0.645,1.515,0.316,0.08,0.23699999,0.0,0.0,LO
1448,6977,0.0,3.321,25.959,19.028,35.701,13.274,1.1850001,0.0,LO
1448,6978,0.0,0.988,6.662,4.355,7.246,4.318,0.842,0.0,LO
1448,6979,0.0,0.525,10.653,4.36,13.352,4.534,0.844,0.0,LO
1448,7401,0.0,1.166,10.999,5.335,8.429,3.805,0.179,0.0,LO
1448,7402,0.0,0.89699996,6.697,3.674,4.978,0.462,0.0,0.0,LO
1448,7403,0.0,0.0,0.0,0.684,1.651,0.445,0.21700001,0.0,LO
1448,7404,0.0,0.1,11.511,4.778,7.2599998,1.706,0.07,0.0,LO
1448,7406,0.0,1.36,22.57,5.981,15.705,3.075,1.264,0.0,LO
1448,7407,0.0,0.0,8.093,6.1,1.318,0.499,0.0,0.0,LO
1448,7408,0.0,0.0,0.014,0.902,2.224,1.015,0.0,0.0,LO
1448,7467,0.0,0.0,1.356,1.012,0.717,0.74300003,0.0,0.0,LO
1448,9586,0.0,1.3900001,44.831,13.156,7.53,3.168,0.386,0.0,LO
1448,9587,0.0,4.364,118.153,145.86,139.511,42.606,1.731,0.0,LO
1449,514,0.0,0.0,0.52,2.923,0.962,0.852,0.414,0.0,LO
1449,522,0.0,0.0,0.0,0.030000001,0.0,0.057,0.146,0.0,LO
1449,591,0.0,0.391,4.27,9.475,4.845,2.865,2.191,0.0,LO
1449,596,0.0,0.88100004,0.182,0.344,0.283,0.199,0.011,0.0,LO
1449,597,0.0,0.026999999,0.36900002,0.507,0.816,0.338,0.034,0.0,LO
1449,603,0.0,0.654,10.97,66.618004,38.619,21.942,11.379,0.0,LO
1449,618,0.0,0.075,3.254,18.098,3.888,3.682,0.607,0.0,LO
1449,620,0.0,0.0,0.215,0.472,0.12,0.051,0.0,0.0,LO
1449,621,0.0,0.287,1.285,17.223,4.872,3.221,1.988,0.0,LO
1449,659,0.0,0.0,0.11,0.312,0.599,0.24000001,0.057,0.0,LO
1449,686,0.0,0.469,4.45,31.078,11.321,4.407,5.456,0.0,LO
1449,717,0.0,0.052,0.25,0.30400002,0.356,0.329,0.22700001,0.0,LO
1449,719,0.0,2.537,25.085001,135.98,60.399,39.783,20.576,0.0,LO
1449,751,0.0,0.007999999,1.118,2.835,1.5189999,1.653,0.21800001,0.0,LO
1449,755,0.0,0.02,1.526,7.809,3.816,2.74,1.02,0.0,LO
1449,763,0.0,0.126,1.406,5.89,2.2450001,1.929,0.852,0.0,LO
1449,766,0.0,1.108,6.802,18.857,13.162,11.67,8.898,0.0,LO
1449,788,0.0,0.0,0.0,1.5370001,0.008,0.396,0.094,0.0,LO
1449,1022,0.0,0.0,0.322,4.165,2.333,1.78,0.694,0.0,LO
1449,1023,0.0,0.0,2.884,5.0690002,2.9589999,1.8100001,0.764,0.0,LO
1449,1024,0.0,0.0,1.436,16.459,6.86,4.459,1.517,0.0,LO
1449,1039,0.0,0.0,0.097,1.17,0.152,0.211,0.234,0.0,LO
1449,1082,0.0,0.0,0.686,2.711,1.563,1.031,0.577,0.0,LO
1449,1083,0.0,0.0,0.017,0.35500002,0.23799999,0.055,0.127,0.0,LO
1449,1085,0.0,0.0,0.131,1.773,0.40600002,0.035,0.083000004,0.0,LO
1449,1402,0.0,0.008,0.084,0.0,0.416,0.085,0.132,0.0,LO
1449,1404,0.0,0.022999998,1.1899999,12.202,11.377,6.007,3.3309999,0.0,LO
1449,1409,0.0,0.013,8.5460005,28.36,11.176,9.08,6.378,0.0,LO
1449,1413,0.0,0.093,28.079,75.412,24.461,14.286,5.383,0.0,LO
1449,1421,0.0,1.111,58.725,183.808,88.384,61.313,27.771,0.0,LO
1449,1429,0.0,0.524,7.548,47.887,29.506,27.479,20.837,0.0,LO
1449,1437,0.0,0.414,3.56,25.823,16.875,10.33,7.853,0.0,LO
1449,1438,0.0,0.0,2.346,7.497,4.295,3.807,3.412,0.0,LO
1449,1439,0.0,0.0,2.0,15.295,3.591,3.775,1.658,0.0,LO
1449,1440,0.0,0.0,0.708,8.586,2.266,2.51,0.506,0.0,LO
1449,1441,0.0,0.0,1.982,15.346,9.672,6.171,3.7220001,0.0,LO
1449,1443,0.0,0.0,0.0,0.69200003,0.501,0.444,0.097,0.0,LO
1449,1445,0.0,0.163,5.087,39.355,13.341,9.187,5.992,0.0,LO
1449,1448,0.0,0.112,35.384,34.807,54.025,33.93,7.28,0.0,LO
1449,1452,0.0,0.007,5.0030003,22.859,16.838,8.841,3.908,0.0,LO
1449,1455,0.0,0.301,0.032,1.347,0.315,0.17300001,0.104,0.0,LO
1449,1524,0.0,0.002,1.722,4.724,0.593,1.04,0.362,0.0,LO
1449,5345,0.0,0.0,0.39200002,2.849,0.867,0.755,0.723,0.0,LO
1449,5356,0.0,0.0,0.153,0.64100003,0.148,0.0,0.0,0.0,LO
1449,5362,0.0,0.0,0.0,0.902,0.188,0.021,0.09,0.0,LO
1449,5404,0.0,0.0,0.007,1.93,0.826,1.085,0.601,0.0,LO
1449,5418,0.0,0.0,0.357,0.747,0.89,0.127,0.132,0.0,LO
1449,5423,0.0,0.0,0.0,1.343,0.705,0.13,0.0,0.0,LO
1449,5437,0.0,0.0,0.37,0.15,0.191,0.57,0.357,0.0,LO
1449,5595,0.0,0.078,1.489,9.651,5.177,3.193,0.727,0.0,LO
1449,6919,0.0,0.0,0.255,0.90500003,0.654,0.006,0.249,0.0,LO
1449,6926,0.0,0.0,0.0,0.464,0.438,0.179,0.297,0.0,LO
1449,6941,0.0,0.053999998,0.099,0.207,0.25800002,0.11,0.0,0.0,LO
1449,6956,0.0,0.007999999,0.055,0.169,0.22,0.071,0.018,0.0,LO
1449,6961,0.0,0.0,0.126,0.772,0.541,0.249,0.107,0.0,LO
1449,6962,0.0,0.0,0.113000005,0.695,0.285,0.288,0.0,0.0,LO
1449,6972,0.0,0.0,0.161,0.262,0.164,0.131,0.168,0.0,LO
1449,6977,0.0,0.049,5.055,49.821,26.582,23.899,14.688,0.0,LO
1449,6978,0.0,0.0,2.545,12.169,7.2860003,8.934,8.273,0.0,LO
1449,6979,0.0,0.194,3.059,13.666,9.956,6.993,6.704,0.0,LO
1449,7401,0.0,0.0,0.0,3.231,2.346,1.147,0.37,0.0,LO
1449,7402,0.0,0.0,0.47,1.879,1.059,0.86,0.0,0.0,LO
1449,7403,0.0,0.0,0.479,0.472,1.239,0.0,0.0,0.0,LO
1449,7404,0.0,0.0,0.33200002,0.926,1.165,0.26,0.29999998,0.0,LO
1449,7406,0.0,0.0,0.71,7.231,2.366,1.765,0.338,0.0,LO
1449,7407,0.0,0.0,0.0,3.45,0.771,0.0,0.0,0.0,LO
1449,7408,0.0,0.169,0.0,1.23,1.6309999,1.026,0.118,0.0,LO
1449,7467,0.0,0.0,0.0,1.149,0.465,0.63,0.275,0.0,LO
1449,9586,0.0,0.0,1.0699999,5.829,2.001,1.147,0.86,0.0,LO
1449,9587,0.0,0.416,10.541,83.816,38.227,19.673,5.5360003,0.0,LO
1451,591,0.0,0.053,0.593,1.606,0.551,0.75699997,0.005,0.0,LO
1451,596,0.0,0.67,1.985,4.708,3.049,2.865,0.24000001,0.0,LO
1451,597,0.0,0.017,2.801,6.449,4.019,1.36,0.834,0.0,LO
1451,617,0.0,0.0,1.444,6.006,2.438,3.207,1.967,0.0,LO
1451,618,0.0,0.0,0.409,3.051,0.517,0.386,0.0,0.0,LO
1451,620,0.0,0.0,0.328,1.5239999,0.347,0.452,0.425,0.0,LO
1451,621,0.0,0.0,0.015999999,1.748,0.309,0.447,0.003,0.0,LO
1451,659,0.0,0.229,0.811,6.224,2.989,1.14,0.909,0.0,LO
1451,680,0.0,0.127,3.769,17.39,7.512,6.692,2.064,0.0,LO
1451,686,0.0,0.039,0.835,3.348,0.857,0.005,0.0,0.0,LO
1451,709,0.0,0.0,0.51600003,2.206,0.703,1.291,4.059,0.0,LO
1451,717,0.0,0.092999995,0.55,4.999,2.165,1.673,0.444,0.0,LO
1451,751,0.0,0.183,2.299,15.951,7.754,8.024,1.258,0.0,LO
1451,755,0.0,0.0,0.852,1.0730001,0.265,0.0,0.0,0.0,LO
1451,766,0.0,1.017,1.162,7.375,5.496,4.29,2.562,0.0,LO
1451,1395,0.0,1.461,0.414,1.4860001,0.377,0.841,0.0,0.0,LO
1451,1398,0.0,0.0,0.324,2.045,1.745,0.87,0.0,0.0,LO
1451,1402,0.0,2.1720002,2.542,6.7400002,2.989,2.234,0.625,0.0,LO
1451,1404,0.0,0.0,0.478,2.349,1.0929999,0.236,0.0,0.0,LO
1451,1415,0.0,1.092,1.628,6.981,1.604,0.905,0.13599999,0.0,LO
1451,1434,0.0,0.0,0.0,1.703,0.437,0.61,0.0,0.0,LO
1451,1442,0.0,0.0,0.258,3.665,2.269,0.795,0.81,0.0,LO
1451,1444,0.0,4.354,36.282,131.375,56.148,29.737,18.595,0.0,LO
1451,1455,0.0,0.106,1.901,8.587,2.134,1.533,0.564,0.0,LO
1451,5595,0.0,0.0,0.36699998,2.972,0.662,0.984,0.0,0.0,LO
1451,9586,0.0,0.0,0.7,0.552,0.871,0.273,0.0,0.0,LO
1451,9587,0.0,0.0,0.376,7.19,2.8530002,0.624,0.0,0.0,LO
1452,514,0.0,1.254,0.48000002,3.72,1.418,0.24700001,0.0,0.0,LO
1452,522,0.0,0.0,0.15,3.024,1.521,0.297,0.028,0.0,LO
1452,591,0.0,2.642,5.81,47.8,16.025,6.459,2.257,0.0,LO
1452,596,0.0,0.0,0.066,0.195,0.168,0.0,0.0,0.0,LO
1452,597,0.0,0.0,0.081,0.672,0.221,0.196,0.007,0.0,LO
1452,603,0.0,2.462,4.559,45.946,27.026,8.514,5.4309998,0.0,LO
1452,620,0.0,0.0,0.049,0.417,0.0,0.132,0.011,0.0,LO
1452,621,0.0,0.872,5.1289997,51.362,14.5060005,2.043,0.704,0.0,LO
1452,659,0.0,0.0,0.074,0.143,0.177,0.067,0.0,0.0,LO
1452,680,0.0,0.0,0.04,1.621,0.183,0.307,0.211,0.0,LO
1452,686,0.0,5.244,48.861,254.823,82.684,33.601,18.386,0.0,LO
1452,717,0.0,0.0,0.105,0.91999996,0.12,0.287,0.0,0.0,LO
1452,719,0.0,4.685,5.481,41.335,11.393,10.552,1.2030001,0.0,LO
1452,751,0.0,0.0,0.76299995,2.182,0.783,0.233,0.424,0.0,LO
1452,766,0.0,6.071,20.683,103.923,48.362,25.392,12.9,0.0,LO
1452,1022,0.0,0.0,0.0,3.556,0.71999997,0.972,0.619,0.0,LO
1452,1023,0.0,0.0,0.819,2.484,1.9070001,1.075,0.0,0.0,LO
1452,1024,0.0,0.267,0.721,5.665,6.616,0.17300001,0.285,0.0,LO
1452,1395,0.0,1.0600001,0.211,1.832,0.24000001,0.0050000004,0.0,0.0,LO
1452,1402,0.0,0.0,0.451,2.246,0.041,0.177,0.437,0.0,LO
1452,1404,0.0,0.0,1.291,18.388,5.8250003,3.228,1.969,0.0,LO
1452,1409,0.0,0.069,2.784,10.983,4.184,4.002,1.108,0.0,LO
1452,1413,0.0,0.095,5.603,34.09,4.29,5.635,0.3,0.0,LO
1452,1415,0.0,0.0,0.086,1.103,0.353,0.71500003,0.0,0.0,LO
1452,1421,0.0,5.664,17.109001,61.454998,34.835,13.196,4.091,0.0,LO
1452,1429,0.0,0.185,2.44,21.609,12.476,5.961,3.644,0.0,LO
1452,1437,0.0,1.334,4.915,24.838,17.24,10.281,2.915,0.0,LO
1452,1438,0.0,0.0,2.941,7.012,3.49,5.105,0.587,0.0,LO
1452,1439,0.0,0.0,0.755,5.776,5.184,1.762,1.198,0.0,LO
1452,1440,0.0,0.803,4.417,38.116,17.926,11.142,3.6490002,0.0,LO
1452,1441,0.0,0.705,0.849,2.102,4.756,1.21,0.34399998,0.0,LO
1452,1444,0.0,0.359,1.914,17.756,3.097,0.0,0.0,0.0,LO
1452,1445,0.0,0.312,2.852,16.585001,7.602,3.959,1.387,0.0,LO
1452,1448,0.0,1.568,28.875,18.652,31.252998,9.092,4.199,0.0,LO
1452,1449,0.0,0.182,0.354,2.405,0.694,0.56700003,0.0,0.0,LO
1452,1455,0.0,0.0,1.032,7.757,1.5799999,0.983,0.407,0.0,LO
1452,1524,0.0,0.0,3.931,7.216,1.794,2.08,2.222,0.0,LO
1452,6956,0.0,0.004,0.031000001,0.281,0.11,0.328,0.008,0.0,LO
1452,6977,0.0,0.40600002,1.633,11.467,9.883,5.632,1.187,0.0,LO
1452,6978,0.0,0.21900001,0.954,7.058,4.401,1.454,0.479,0.0,LO
1452,6979,0.0,1.362,0.458,6.75,3.079,2.457,1.957,0.0,LO
1452,7401,0.0,0.0,1.582,5.656,2.28,0.784,0.0,0.0,LO
1452,7402,0.0,0.0,0.0,4.846,3.925,1.574,0.0,0.0,LO
1452,7404,0.0,0.0,0.438,6.106,4.182,4.223,0.0,0.0,LO
1452,7406,0.0,0.39699998,1.501,5.743,2.908,1.053,0.0,0.0,LO
1452,7407,0.0,0.0,1.8529999,17.828001,5.453,2.922,0.0,0.0,LO
1452,7467,0.0,0.0,0.306,2.6430001,0.0,1.476,0.0,0.0,LO
1455,591,0.0,0.212,1.547,3.001,3.735,2.694,1.221,0.0,LO
1455,596,0.0,3.665,3.647,9.89,10.572,6.82,1.21,0.0,LO
1455,597,0.0,4.818,12.198,107.143,116.233,83.881,14.809,0.0,LO
1455,603,0.0,0.0,0.571,2.947,2.252,1.315,0.208,0.0,LO
1455,617,0.0,3.249,1.953,6.96,4.226,2.997,0.702,0.0,LO
1455,618,0.0,0.101,1.003,7.317,4.752,0.022,0.48299998,0.0,LO
1455,620,0.0,3.133,13.732,58.252,59.575,28.837,8.571,0.0,LO
1455,621,0.0,0.0,0.635,3.791,2.536,0.601,0.0,0.0,LO
1455,659,0.0,1.013,0.816,14.193,17.449,14.986,2.031,0.0,LO
1455,680,0.0,5.354,26.243,95.277,85.331,18.872,5.623,0.0,LO
1455,686,0.0,0.053,1.519,6.77,6.641,1.786,0.394,0.0,LO
1455,709,0.0,0.156,1.26,20.344,19.925,9.143,5.042,0.0,LO
1455,717,0.0,0.993,2.749,9.232,13.719,8.686,2.82,0.0,LO
1455,719,0.0,0.424,0.476,1.317,2.491,0.386,0.267,0.0,LO
1455,751,0.0,2.559,13.234,77.726,65.129,57.639,11.78,0.0,LO
1455,755,0.0,1.148,0.877,2.272,2.934,1.81,0.85899997,0.0,LO
1455,766,0.0,0.86,4.743,10.882,14.396,7.016,2.361,0.0,LO
1455,1395,0.0,0.0,0.777,13.912,12.409,6.96,0.864,0.0,LO
1455,1398,0.0,0.0,5.98,83.56,89.012,34.985,5.046,0.0,LO
1455,1402,0.0,5.419,39.938,132.961,193.806,47.748,6.592,0.0,LO
1455,1404,0.0,0.15100001,0.641,2.995,4.549,2.154,0.72900003,0.0,LO
1455,1409,0.0,0.0,0.0,0.78499997,0.986,0.374,0.0,0.0,LO
1455,1413,0.0,0.063,0.556,1.201,2.026,0.0,0.0,0.0,LO
1455,1415,0.0,9.177,3.99,5.253,7.725,2.582,0.621,0.0,LO
1455,1429,0.0,0.0,1.705,2.526,1.237,1.47,0.0,0.0,LO
1455,1434,0.0,0.516,5.964,50.278,50.846,34.717,3.571,0.0,LO
1455,1437,0.0,0.0,0.0,1.699,1.521,0.528,0.122,0.0,LO
1455,1440,0.0,0.167,0.21399999,0.64100003,2.323,0.53999996,0.0,0.0,LO
1455,1442,0.0,4.528,24.174,145.306,123.233,65.429,16.855,0.0,LO
1455,1444,0.0,14.544,27.798,117.682,107.348,34.985,7.14,0.0,LO
1455,1445,0.0,0.0,0.0,0.821,1.198,0.22800002,0.0,0.0,LO
1455,1448,0.0,0.0,0.0,0.815,2.22,0.344,0.0,0.0,LO
1455,1449,0.0,0.0,0.0,0.076,0.133,0.0,0.0,0.0,LO
1455,1451,0.0,0.85899997,0.18,9.891,5.248,1.143,0.0,0.0,LO
1455,1452,0.0,0.361,0.959,3.753,6.353,2.519,0.368,0.0,LO
1455,5595,0.0,0.156,0.84000003,7.528,4.648,1.294,0.287,0.0,LO
1455,6977,0.0,0.0,0.46400002,1.723,0.944,0.617,0.0,0.0,LO
1455,6978,0.0,0.0,0.21,0.929,0.636,0.466,0.0,0.0,LO
1455,9586,0.0,0.112,0.0,0.487,1.443,0.25599998,0.318,0.0,LO
1455,9587,0.0,1.397,3.908,26.709,12.769,4.027,0.020000001,0.0,LO
1524,514,0.0,4.514,31.710001,83.981,63.877,44.093,18.516,0.0,LO
1524,522,0.0,0.589,12.139,49.206,28.957,11.635,13.273,0.0,LO
1524,591,0.0,0.129,7.222,3.487,4.009,0.863,0.34600002,0.0,LO
1524,597,0.0,0.0,0.027999999,0.197,0.206,0.482,0.0,0.0,LO
1524,618,0.0,0.0,2.08,9.235,3.184,0.319,0.0,0.0,LO
1524,621,0.0,0.294,1.572,10.906,2.8930001,0.7,0.505,0.0,LO
1524,686,0.0,0.0,5.621,14.5,1.653,0.84000003,0.03,0.0,LO
1524,719,0.0,0.094,0.79399997,9.536,2.8,0.554,1.1389999,0.0,LO
1524,751,0.0,0.0,0.096,3.099,0.387,1.371,0.052,0.0,LO
1524,766,0.0,0.102,1.398,8.339,5.163,2.61,1.259,0.0,LO
1524,1404,0.0,0.0,2.428,5.982,3.483,2.125,1.09,0.0,LO
1524,1409,0.0,0.06,7.652,41.5,18.26,6.262,2.177,0.0,LO
1524,1413,0.0,0.0,3.642,8.366,2.9980001,0.712,0.415,0.0,LO
1524,1421,0.0,0.251,4.901,17.781,18.977,8.834,6.842,0.0,LO
1524,1429,0.0,0.0,0.57100004,4.452,0.97,0.782,1.483,0.0,LO
1524,1437,0.0,0.171,4.99,10.132,5.317,3.709,3.279,0.0,LO
1524,1438,0.0,0.409,1.705,6.9049997,2.899,0.80399996,3.284,0.0,LO
1524,1440,0.0,0.0,0.505,3.343,1.082,0.583,0.0,0.0,LO
1524,1445,0.0,0.15,4.469,12.422,5.7209997,2.4029999,0.85400003,0.0,LO
1524,1448,0.0,0.0,12.846,7.317,8.615,3.804,0.788,0.0,LO
1524,1449,0.0,0.0,0.0,0.096,0.092,0.146,0.044,0.0,LO
1524,1452,0.0,0.0,2.162,9.543,3.079,0.588,1.771,0.0,LO
1524,5595,0.0,0.061,0.556,1.321,0.15100001,0.469,0.291,0.0,LO
1524,6914,0.0,0.0,0.0,0.155,0.016,0.030000001,0.159,0.0,LO
1524,6919,0.0,0.0,0.0,0.0,0.0,0.0,0.131,0.0,LO
1524,6941,0.0,0.0,0.117,0.727,0.536,0.326,0.24,0.0,LO
1524,6952,0.0,0.002,0.19600001,1.073,0.131,0.003,0.0,0.0,LO
1524,6977,0.0,0.0,0.236,5.203,3.633,2.473,0.465,0.0,LO
1524,6978,0.0,0.0,0.44,3.749,1.887,0.73,0.0,0.0,LO
1524,6979,0.0,0.0,0.224,4.527,2.779,1.375,0.635,0.0,LO
1524,7401,0.0,0.111,8.889,86.079,35.299,21.094,12.03,0.0,LO
1524,7402,0.0,1.047,13.573,47.088,26.427,18.285,10.077,0.0,LO
1524,7403,0.0,0.34600002,5.93,28.333,18.494999,11.546,3.615,0.0,LO
1524,7404,0.0,0.026999999,9.021,60.128,27.523,16.627,7.223,0.0,LO
1524,7406,0.0,0.0,1.47,10.78,9.191,4.298,1.273,0.0,LO
1524,7407,0.0,4.43,17.875,55.554,32.557,25.782,16.349,0.0,LO
1524,7408,0.0,1.022,14.152,43.768,22.064,17.085,11.112,0.0,LO
1524,7467,0.0,1.2440001,9.224,27.501,25.816,18.021,7.466,0.0,LO
1524,9586,0.0,0.124,0.78000003,1.847,0.389,0.70600003,0.0,0.0,LO
1524,9587,0.0,0.0,2.291,12.372,3.876,2.456,0.0,0.0,LO
5150,603,0.0,0.0,0.0,0.0,0.0,0.0,31.356,0.0,LO
5150,618,0.0,0.024,0.077,0.289,0.222,0.084,0.111,0.0,LO
5150,763,0.0,9.631,50.07,142.916,77.924,61.858,32.602,0.0,LO
5150,766,0.0,0.0,0.171,0.261,0.252,0.49,0.24000001,0.0,LO
5150,788,0.0,43.725,193.833,565.478,281.262,175.085,87.118,0.0,LO
5150,1022,0.0,0.963,7.281,27.923,18.205,14.03,11.027,0.0,LO
5150,1023,0.0,1.067,10.13,34.812,20.666,21.764,18.373,0.0,LO
5150,1024,0.0,3.38,42.171,204.046,113.107,101.543,61.695,0.0,LO
5150,1039,0.0,0.036999997,3.793,15.367,8.247,6.73,2.334,0.0,LO
5150,1082,0.0,0.332,14.359,32.48,18.826,10.644,4.424,0.0,LO
5150,1083,0.0,1.322,5.006,27.733,13.978,9.786,2.6,0.0,LO
5150,1085,0.0,0.151,8.565,32.282,16.723,9.309999,0.999,0.0,LO
5150,1404,0.0,0.0,0.0,0.122999996,0.262,0.169,0.0,0.0,LO
5150,1413,0.0,0.0,0.152,0.558,0.25300002,0.0,0.0,0.0,LO
5150,1439,0.0,0.0,0.817,0.906,0.52,0.226,0.0,0.0,LO
5150,1440,0.0,0.123,0.271,2.543,0.832,1.374,1.359,0.0,LO
5150,1441,0.0,0.0,0.0,0.0,0.0,0.0,18.594,0.0,LO
5150,1443,0.0,0.785,27.646,86.662,68.739,74.798004,49.705,0.0,LO
5150,1448,0.0,0.0,0.603,0.18699999,0.0,0.083000004,0.452,0.0,LO
5150,5301,0.0,0.454,3.0,7.915,5.384,6.537,2.994,0.0,LO
5150,5345,0.0,0.0,0.257,1.0830001,0.278,0.18,0.297,0.0,LO
5150,5372,0.0,0.0,1.443,3.562,1.483,0.384,4.151,0.0,LO
5150,5411,0.0,0.0,0.176,0.719,0.0,0.278,0.254,0.0,LO
5150,5421,0.0,0.04,1.432,2.177,1.037,0.223,0.003,0.0,LO
5150,5423,0.0,0.002,0.145,2.126,0.716,0.552,0.1,0.0,LO
5150,5424,0.0,0.0,0.0,0.419,0.125,0.234,0.0,0.0,LO
5150,5595,0.0,0.139,3.582,5.07,2.441,2.315,1.2409999,0.0,LO
5150,6977,0.0,0.58599997,0.284,1.803,1.728,0.789,0.694,0.0,LO
5150,6978,0.0,0.0,0.271,2.136,1.558,3.277,0.524,0.0,LO
5150,6979,0.0,0.0,0.69,2.875,1.8299999,2.038,0.136,0.0,LO
5301,603,0.0,0.0,0.20899999,0.518,0.432,0.30200002,0.0,0.0,LO
5301,618,0.0,0.287,5.548,13.747,9.983,5.034,1.44,0.0,LO
5301,755,0.0,1.258,4.432,5.665,3.794,6.492,3.2680001,0.0,LO
5301,763,0.0,2.74,10.098001,22.802,22.711,17.515,5.254,0.0,LO
5301,766,0.0,0.0,0.76199996,9.815,6.368,6.065,4.631,0.0,LO
5301,788,0.0,4.875,16.438,75.459,40.104,24.63,11.337,0.0,LO
5301,1022,0.0,0.04,3.693,21.279,10.401999,12.011,5.0099998,0.0,LO
5301,1023,0.0,0.359,3.207,14.628,8.454,11.148,3.5010002,0.0,LO
5301,1024,0.0,0.46,14.759,75.932,41.211002,36.653,10.574,0.0,LO
5301,1039,0.0,0.049,1.4169999,11.656,3.417,3.932,2.4889998,0.0,LO
5301,1082,0.0,4.6410003,8.746,26.542,14.675,15.451,7.465,0.0,LO
5301,1083,0.0,0.093,2.512,15.245,10.45,14.975,11.266,0.0,LO
5301,1085,0.0,0.321,5.128,31.332,22.566,12.102,9.147,0.0,LO
5301,1443,0.0,0.88199997,4.515,26.958,24.103,20.095,10.05,0.0,LO
5301,1448,0.0,0.0,2.302,1.967,3.018,2.062,0.678,0.0,LO
5301,5150,0.0,0.0,0.579,2.754,4.88,0.975,0.762,0.0,LO
5301,5345,0.0,0.0,1.158,5.446,3.032,3.402,0.63699996,0.0,LO
5301,5362,0.0,0.0,1.643,4.245,1.452,1.353,1.051,0.0,LO
5301,5372,0.0,0.456,1.569,14.957,7.55,9.094,3.694,0.0,LO
5301,5404,0.0,0.0,0.0,6.179,4.584,7.022,2.305,0.0,LO
5301,5418,0.0,0.0,0.765,4.175,1.951,0.43400002,2.016,0.0,LO
5301,5421,0.0,1.345,46.761,175.399,85.777,79.937,36.626,0.0,LO
5301,5423,0.0,0.635,40.905,290.911,175.642,188.147,54.034,0.0,LO
5301,5424,0.0,0.447,14.493,53.293,39.256,45.897,30.635,0.0,LO
5301,5437,0.0,0.333,0.0,2.369,2.091,1.891,0.92200005,0.0,LO
5301,5595,0.0,6.151,141.534,719.849,268.374,168.225,129.449,0.0,LO
5301,9586,0.0,0.004,3.179,8.549,2.5310001,5.597,5.043,0.0,LO
5301,9587,0.0,0.01,9.352,62.631,36.862,21.928,4.922,0.0,LO
5345,591,0.0,0.034,0.109,0.113000005,0.033,0.02,0.0,0.0,LO
5345,603,4.083,8.521,38.925,124.53,76.718,45.981,29.665,13.854,LO
5345,618,0.0,0.060000002,0.195,0.417,0.097,0.0,0.0,0.0,LO
5345,621,0.0,0.0,0.074,0.365,0.358,0.019,0.02,0.0,LO
5345,686,0.0,0.0,0.058,0.277,0.128,0.064,0.026999999,0.0,LO
5345,763,3.307,21.089,79.334,227.422,110.905,68.278,48.422,7.323,LO
5345,766,0.0,0.415,0.847,0.831,0.564,0.307,0.247,0.0,LO
5345,788,18.596,86.541,414.195,1360.475,596.311,298.124,133.983,37.086,LO
5345,1022,1.334,1.594,7.029,32.713,17.797,12.557,9.103,6.931,LO
5345,1023,2.121,1.156,13.154,32.755,20.296,17.492,14.043,5.077,LO
5345,1024,6.42,5.906,48.043,221.897,101.527,71.923,47.58,15.174,LO
5345,1039,1.368,0.098000005,2.864,24.583,10.153,4.261,2.747,2.201,LO
5345,1082,1.663,6.419,25.973999,62.424,32.739,18.25,17.47,4.395,LO
5345,1083,2.478,0.31,2.649,23.4,12.175,9.4,4.812,3.702,LO
5345,1085,0.167,1.005,5.9110003,22.514,13.367,5.163,2.645,0.882,LO
5345,1409,0.0,0.0,0.563,1.681,0.294,0.48499998,0.238,0.0,LO
5345,1413,0.0,0.0,0.622,4.815,1.02,0.325,0.108,0.0,LO
5345,1429,0.0,0.0,0.15,0.672,0.404,0.415,0.375,0.0,LO
5345,1439,0.0,0.0,0.862,2.349,0.963,0.781,0.312,0.0,LO
5345,1440,0.0,0.069,0.921,3.128,2.752,1.619,0.442,0.0,LO
5345,1441,2.02,0.153,5.442,13.633,11.577,10.063,8.047,3.3470001,LO
5345,1443,6.871,5.531,30.497,105.45,74.56,71.853,55.392,23.807,LO
5345,1448,0.0,0.0,2.773,0.476,0.407,0.259,0.106,0.0,LO
5345,1449,0.0,0.0,0.102000006,0.118,0.077,0.049000002,0.013,0.0,LO
5345,5150,0.0,0.16600001,0.747,3.601,0.537,0.075,0.0,0.0,LO
5345,5301,0.0,0.0,0.511,8.542,2.471,3.967,0.271,0.0,LO
5345,5356,0.0,0.491,8.359,26.412,13.882,11.084001,6.99,0.0,LO
5345,5362,0.0,1.246,11.892,43.515,24.012001,14.405,7.9179997,0.0,LO
5345,5372,0.0,0.0,0.665,4.23,0.525,1.728,0.45700002,0.0,LO
5345,5376,0.0,1.387,10.2,26.994,18.828,13.786,6.467,0.0,LO
5345,5378,0.0,0.0,12.293,12.028,5.725,4.574,2.305,0.0,LO
5345,5397,0.0,0.32999998,3.846,9.048,6.588,6.414,2.74,0.0,LO
5345,5404,0.0,0.356,2.962,20.983,14.456,10.624,2.513,0.0,LO
5345,5411,0.0,6.021,66.284,129.193,63.244,43.863,21.768,0.0,LO
5345,5418,0.0,0.071,4.501,20.103,12.198,7.963,4.804,0.0,LO
5345,5421,0.0,0.016,0.341,0.648,1.104,0.681,0.029,0.0,LO
5345,5423,0.0,0.0,0.096,0.599,0.278,0.107,0.085999995,0.0,LO
5345,5424,0.0,0.0,0.059,0.402,0.342,0.0,0.064,0.0,LO
5345,5437,0.0,0.82,11.158,37.82,22.255,16.943,10.332,0.0,LO
5345,5595,0.0,0.16600001,2.898,9.24,3.044,1.723,0.566,0.0,LO
5345,6977,0.0,0.11,1.357,2.927,3.484,2.963,0.499,0.0,LO
5345,6978,0.0,0.0,1.687,1.891,1.166,1.424,0.894,0.0,LO
5345,6979,0.0,0.060000002,1.484,3.978,4.85,3.462,0.895,0.0,LO
5356,603,0.0,1.113,7.698,27.873,15.177,11.016,5.153,0.0,LO
5356,621,0.0,0.021,0.075,0.556,0.387,0.041,0.0,0.0,LO
5356,763,0.0,5.125,20.178,62.722,29.994,19.211,10.94,0.0,LO
5356,766,0.0,0.005,0.0,0.0,0.0,0.0,0.072,0.0,LO
5356,788,0.0,21.454,145.529,530.579,209.361,117.355,47.058,0.0,LO
5356,1022,0.0,0.21599999,1.387,8.5789995,3.97,3.079,1.567,0.0,LO
5356,1023,0.0,0.236,1.842,8.802,4.741,4.272,2.306,0.0,LO
5356,1024,0.0,1.667,14.193,63.743,27.282,17.314,6.919,0.0,LO
5356,1039,0.0,0.0,0.198,4.448,1.8,1.302,0.911,0.0,LO
5356,1082,0.0,2.0410001,8.764,28.135,11.628,11.023,6.436,0.0,LO
5356,1083,0.0,0.01,0.73,4.523,1.9760001,2.511,0.728,0.0,LO
5356,1085,0.0,0.049,1.105,7.264,2.805,0.714,1.0550001,0.0,LO
5356,1404,0.0,0.0,0.055999998,0.585,0.12900001,0.076,0.0,0.0,LO
5356,1409,0.0,0.0,0.326,0.417,0.346,0.004,0.131,0.0,LO
5356,1413,0.0,0.0,0.192,1.298,0.49199998,0.0,0.0,0.0,LO
5356,1439,0.0,0.0,0.257,0.821,0.235,0.153,0.0,0.0,LO
5356,1440,0.0,0.0,0.085999995,1.7129999,0.63600004,0.183,0.775,0.0,LO
5356,1441,0.0,0.0,0.45,3.589,3.754,2.156,1.474,0.0,LO
5356,1443,0.0,0.555,3.9850001,22.493,13.547,13.403,8.941,0.0,LO
5356,1448,0.0,0.0,0.007,0.647,1.184,0.262,0.017,0.0,LO
5356,1449,0.0,0.0,0.02,0.057,0.022,0.0,0.018,0.0,LO
5356,5345,0.0,1.083,8.209,32.099,14.431,9.987,5.187,0.0,LO
5356,5362,0.0,0.061,3.868,18.995,8.379,6.4309998,2.746,0.0,LO
5356,5404,0.0,0.024,2.474,14.84,9.281,6.437,3.618,0.0,LO
5356,5411,0.0,0.0,0.0,0.0,0.0,0.0,0.132,0.0,LO
5356,5418,0.0,0.0,1.668,12.173,7.9570003,5.224,3.278,0.0,LO
5356,5421,0.0,0.026999999,0.106,0.211,0.126,0.036,0.0,0.0,LO
5356,5437,0.0,0.0,3.05,11.115,4.46,4.317,2.7319999,0.0,LO
5356,5595,0.0,0.016,0.0,0.0,0.0,0.0,0.0,0.0,LO
5356,6977,0.0,0.0,0.396,2.497,1.5139999,0.467,0.253,0.0,LO
5356,6978,0.0,0.0,0.242,0.602,0.501,0.337,0.015,0.0,LO
5356,6979,0.0,0.026999999,0.441,1.005,0.357,0.692,0.084,0.0,LO
5362,591,0.0,0.125,0.094000004,0.043,0.0,0.017,0.0,0.0,LO
5362,603,0.0,4.649,27.764,68.8,44.923,17.535,8.367,0.0,LO
5362,618,0.0,0.022,0.518,0.82600003,0.263,0.026,0.0,0.0,LO
5362,621,0.0,0.0,0.015999999,0.208,0.118,0.021000002,0.0,0.0,LO
5362,686,0.0,0.008,0.0,0.0,0.0,0.0,0.0,0.0,LO
5362,755,0.0,0.0,0.0,0.0,0.0,0.053999998,0.0,0.0,LO
5362,763,0.0,7.394,48.775,121.407,53.996,27.275,11.967,0.0,LO
5362,766,0.0,0.033,0.542,0.801,0.519,0.303,0.0,0.0,LO
5362,788,0.0,46.815,328.621,967.605,388.626,154.446,52.555,0.0,LO
5362,1022,0.0,0.078,4.124,18.838,7.295,4.771,1.7820001,0.0,LO
5362,1023,0.0,0.529,5.266,18.005,11.255,10.253,3.036,0.0,LO
5362,1024,0.0,2.215,30.715,112.307,44.178,32.237,9.321,0.0,LO
5362,1039,0.0,0.0,1.797,7.477,2.804,1.433,1.277,0.0,LO
5362,1082,0.0,6.168,20.948,38.281,16.216,9.582,7.031,0.0,LO
5362,1083,0.0,0.046,1.4860001,11.294,4.734,2.874,1.524,0.0,LO
5362,1085,0.0,0.15900001,2.57,9.29,3.743,1.73,0.841,0.0,LO
5362,1409,0.0,0.0,0.415,1.033,0.23200001,0.21800001,0.129,0.0,LO
5362,1413,0.0,0.044,1.216,2.31,1.027,0.244,0.0,0.0,LO
5362,1429,0.0,0.088,0.021,0.964,0.334,0.30900002,0.034,0.0,LO
5362,1439,0.0,0.0,0.681,0.62,0.674,0.839,0.0,0.0,LO
5362,1440,0.0,0.43400002,1.196,1.97,1.1340001,0.514,0.248,0.0,LO
5362,1441,0.0,0.085,1.775,6.361,7.129,3.394,3.183,0.0,LO
5362,1443,0.0,1.826,11.825,43.056,32.134,24.822,11.203,0.0,LO
5362,1448,0.0,0.057,0.499,0.671,0.695,0.43400002,0.0,0.0,LO
5362,1449,0.0,0.0,0.016,0.046,0.057,0.030000001,0.042,0.0,LO
5362,5301,0.0,0.0,1.144,6.965,2.263,2.123,0.0,0.0,LO
5362,5345,0.0,1.482,17.564001,61.451,23.895,15.408,4.402,0.0,LO
5362,5356,0.0,0.051000003,3.8330002,27.786,10.817,6.419,3.397,0.0,LO
5362,5372,0.0,0.0,0.0,1.953,1.0,0.24599999,0.0,0.0,LO
5362,5376,0.0,0.112,5.708,23.147,13.295,4.265,2.264,0.0,LO
5362,5378,0.0,0.0,3.2,10.25,4.225,2.451,0.516,0.0,LO
5362,5397,0.0,0.0,1.772,6.581,5.455,2.208,0.449,0.0,LO
5362,5404,0.0,0.0,10.897,37.585,21.501999,11.953,6.878,0.0,LO
5362,5411,0.0,6.097,47.619,144.547,48.431,16.62,7.542,0.0,LO
5362,5418,0.0,0.041,5.849,34.108,17.443,11.654,4.5,0.0,LO
5362,5423,0.0,0.019,0.077999994,1.736,0.264,0.507,0.0,0.0,LO
5362,5437,0.0,0.225,6.843,28.106,10.3,6.239,2.826,0.0,LO
5362,6977,0.0,0.044,0.249,4.841,1.786,1.281,0.283,0.0,LO
5362,6978,0.0,0.0,0.21700001,1.518,0.505,0.771,0.656,0.0,LO
5362,6979,0.0,0.0,0.526,2.282,2.649,1.189,0.503,0.0,LO
5362,9586,0.0,0.046,0.257,0.67,0.39,0.059,0.0,0.0,LO
5362,9587,0.0,0.0,0.486,1.749,0.414,0.15900001,0.177,0.0,LO
5372,618,0.0,0.002,1.105,3.021,0.45000002,1.065,0.0,0.0,LO
5372,755,0.0,0.001,0.429,0.642,0.579,2.051,0.0,0.0,LO
5372,763,0.0,2.745,6.414,16.685,10.5460005,11.316,1.992,0.0,LO
5372,766,0.0,0.0,1.643,4.1410003,0.576,1.156,1.95,0.0,LO
5372,788,0.0,6.69,10.925,45.742,22.326,17.084,8.188,0.0,LO
5372,1022,0.0,0.0,1.625,6.511,3.763,4.3849998,1.579,0.0,LO
5372,1023,0.0,0.0,0.68,5.271,2.665,4.066,0.482,0.0,LO
5372,1024,0.0,0.556,7.429,37.467,12.373,9.809,4.925,0.0,LO
5372,1039,0.0,0.0,1.9219999,5.505,1.438,1.203,0.566,0.0,LO
5372,1082,0.0,1.669,7.66,15.467999,6.315,6.242,3.325,0.0,LO
5372,1083,0.0,0.015000001,0.408,3.988,3.371,2.439,1.444,0.0,LO
5372,1085,0.0,0.0,2.632,9.663,4.525,1.185,0.955,0.0,LO
5372,1443,0.0,0.365,1.609,9.49,6.793,6.738,1.367,0.0,LO
5372,5150,0.0,0.0,0.851,2.434,0.879,0.15799999,0.109,0.0,LO
5372,5301,0.0,0.0,4.52,12.636,2.722,5.324,0.972,0.0,LO
5372,5345,0.0,0.0,0.538,1.862,1.662,0.62,0.848,0.0,LO
5372,5362,0.0,0.0,0.375,0.806,0.426,0.394,0.0,0.0,LO
5372,5376,0.0,0.0,0.0,0.066,0.802,0.0,0.0,0.0,LO
5372,5404,0.0,0.0,0.0,1.094,1.563,1.171,1.393,0.0,LO
5372,5418,0.0,0.0,0.69,0.771,1.006,0.643,0.282,0.0,LO
5372,5421,0.0,0.47300002,17.466,46.217,17.837,16.475,4.37,0.0,LO
5372,5423,0.0,0.167,11.697,63.979,29.134,27.867,11.891,0.0,LO
5372,5424,0.0,0.601,4.103,11.812,6.685,6.377,4.084,0.0,LO
5372,5437,0.0,0.0,1.549,1.47,1.853,0.961,0.584,0.0,LO
5372,5595,0.0,3.63,28.815,129.559,35.049,14.825,10.009,0.0,LO
5372,9586,0.0,0.001,0.916,1.769,0.89699996,0.46600002,0.125,0.0,LO
5372,9587,0.0,1.3399999,6.998,18.028,6.9230003,4.195,3.965,0.0,LO
5376,603,0.0,5.828,6.861,20.417,13.215,7.282,2.743,0.0,LO
5376,763,0.0,9.033,16.963,39.667,32.927002,15.453,8.843,0.0,LO
5376,766,0.0,0.181,0.087,0.442,0.355,0.29,0.031000001,0.0,LO
5376,788,0.0,46.744,119.609,276.171,156.046,78.548,14.557,0.0,LO
5376,1022,0.0,0.3,1.205,5.674,2.663,1.672,0.503,0.0,LO
5376,1023,0.0,0.271,2.135,6.484,5.794,3.356,0.98800004,0.0,LO
5376,1024,0.0,1.743,10.129,33.201,19.947,14.779,2.678,0.0,LO
5376,1039,0.0,0.0,0.922,2.97,1.018,1.901,0.176,0.0,LO
5376,1082,0.0,3.708,7.641,18.065,9.5,5.768,2.525,0.0,LO
5376,1083,0.0,0.047,0.834,4.231,1.953,1.752,0.75,0.0,LO
5376,1085,0.0,0.917,2.363,6.237,2.559,1.38,0.383,0.0,LO
5376,1409,0.0,0.0,0.074,0.311,0.16600001,0.24000001,0.0,0.0,LO
5376,1413,0.0,0.043,0.106,0.966,0.084,0.0,0.0,0.0,LO
5376,1429,0.0,0.21,0.317,0.574,0.623,0.109,0.0,0.0,LO
5376,1440,0.0,0.0,0.155,0.771,0.096,0.385,0.0,0.0,LO
5376,1441,0.0,0.0,1.452,1.308,1.062,1.031,0.62299997,0.0,LO
5376,1443,0.0,2.082,6.865,21.492,11.608,8.872,2.865,0.0,LO
5376,1448,0.0,0.168,0.229,0.141,0.842,0.22,0.0,0.0,LO
5376,5345,0.0,2.0019999,15.0199995,30.985,15.786,9.62,2.979,0.0,LO
5376,5362,0.0,0.58199996,7.342,21.395,9.811,7.529,2.089,0.0,LO
5376,5372,0.0,0.0,0.0,0.34100002,0.072,0.165,0.0,0.0,LO
5376,5378,0.0,0.0,4.695,17.111,7.133,6.857,2.132,0.0,LO
5376,5397,0.0,0.094000004,2.9490001,9.118,7.906,3.966,0.796,0.0,LO
5376,5404,0.0,0.194,4.415,9.181,7.52,5.202,1.437,0.0,LO
5376,5411,0.0,0.411,36.897,159.315,59.850998,42.148,17.858,0.0,LO
5376,5418,0.0,0.001,2.585,8.035,6.779,5.529,0.87,0.0,LO
5376,5421,0.0,0.0,0.146,0.044,0.162,0.0,0.0,0.0,LO
5376,5437,0.0,0.053,4.401,14.104,7.917,6.432,1.331,0.0,LO
5376,6977,0.0,0.0,0.269,2.029,0.985,0.83,0.0,0.0,LO
5376,6978,0.0,0.063,0.17,0.578,0.745,0.653,0.0,0.0,LO
5376,6979,0.0,0.0,0.509,1.88,1.421,0.991,0.138,0.0,LO
5378,603,0.0,0.989,2.1859999,14.003,7.347,2.976,1.559,0.0,LO
5378,763,0.0,3.752,10.895,30.887,15.499,7.882,7.958,0.0,LO
5378,788,0.0,31.379,58.29,198.142,77.071,40.172,14.64,0.0,LO
5378,1022,0.0,1.7260001,1.251,8.434999,2.86,3.394,1.362,0.0,LO
5378,1023,0.0,0.0,1.281,6.223,4.125,3.223,1.603,0.0,LO
5378,1024,0.0,4.48,13.358,65.991,20.711,17.429,4.462,0.0,LO
5378,1039,0.0,0.0,0.936,4.185,1.558,0.973,0.036,0.0,LO
5378,1082,0.0,2.493,4.438,22.117,9.781,6.923,3.476,0.0,LO
5378,1083,0.0,0.085,0.621,3.707,1.754,1.383,0.48,0.0,LO
5378,1085,0.0,0.0,2.51,6.103,2.495,2.701,1.691,0.0,LO
5378,1441,0.0,0.133,1.552,5.068,3.911,2.556,1.219,0.0,LO
5378,1443,0.0,0.428,3.439,20.702,8.114,8.331,4.865,0.0,LO
5378,5345,0.0,1.183,2.8899999,20.099,7.925,3.626,1.225,0.0,LO
5378,5362,0.0,0.004,2.035,11.375,3.4029999,2.406,0.73,0.0,LO
5378,5376,0.0,0.086,5.893,26.872,9.175,2.088,2.183,0.0,LO
5378,5397,0.0,0.0,0.47,2.78,0.425,0.332,0.0,0.0,LO
5378,5404,0.0,0.0,1.365,10.804,5.658,5.217,1.118,0.0,LO
5378,5411,0.0,6.3059998,21.703,83.421,30.578,8.953,5.9440002,0.0,LO
5378,5418,0.0,0.0,2.881,13.5199995,8.274,2.612,1.578,0.0,LO
5378,5437,0.0,0.0,0.925,6.133,2.163,1.5139999,0.479,0.0,LO
5378,6978,0.0,0.0,0.183,0.791,1.378,0.59,0.0,0.0,LO
5378,6979,0.0,0.0,0.552,1.792,0.24700001,0.741,0.0,0.0,LO
5397,603,0.0,1.746,3.937,11.436,9.584,4.365,1.601,0.0,LO
5397,763,0.0,3.528,6.276,29.867,13.942,6.68,0.795,0.0,LO
5397,788,0.0,19.876,42.656,182.528,111.391,29.8,5.156,0.0,LO
5397,1022,0.0,0.22,0.511,2.82,3.134,1.503,0.0,0.0,LO
5397,1023,0.0,0.433,2.059,5.296,3.49,3.523,0.371,0.0,LO
5397,1024,0.0,2.819,6.096,33.93,18.758,7.483,1.997,0.0,LO
5397,1039,0.0,0.195,0.421,2.381,1.5680001,0.538,0.107,0.0,LO
5397,1082,0.0,0.811,2.084,8.869,4.244,1.6570001,0.597,0.0,LO
5397,1083,0.0,0.012,0.335,1.473,0.873,0.795,0.098000005,0.0,LO
5397,1085,0.0,0.0,0.379,2.733,2.55,0.533,0.234,0.0,LO
5397,1413,0.0,0.074,0.15699999,0.425,0.274,0.296,0.0,0.0,LO
5397,1441,0.0,0.0,0.958,1.215,2.305,0.61800003,0.125,0.0,LO
5397,1443,0.0,0.742,3.6430001,12.58,10.548,5.262,1.08,0.0,LO
5397,5345,0.0,0.469,2.482,13.905,5.642,3.741,1.488,0.0,LO
5397,5362,0.0,0.0,1.337,6.306,3.344,1.778,0.268,0.0,LO
5397,5376,0.0,0.04,2.023,10.369,6.181,1.681,0.152,0.0,LO
5397,5378,0.0,0.0,0.51600003,2.518,0.62,1.057,0.0,0.0,LO
5397,5404,0.0,0.0,0.69,4.876,5.578,1.43,0.264,0.0,LO
5397,5411,0.0,1.092,30.5,115.272,28.643,14.838,3.2,0.0,LO
5397,5418,0.0,0.0,2.013,4.444,2.679,2.466,0.223,0.0,LO
5397,5437,0.0,0.297,1.531,8.671,4.236,1.891,0.104,0.0,LO
5397,6977,0.0,0.0,0.274,1.789,1.238,0.176,0.0,0.0,LO
5397,6978,0.0,0.0,0.0,0.656,0.309,0.125,0.0,0.0,LO
5404,591,0.0,0.067,0.151,0.111999996,0.134,0.053,0.0,0.0,LO
5404,603,0.0,8.690001,42.875,105.045,55.53,27.683,15.398,0.0,LO
5404,618,0.0,0.0,0.42200002,1.263,0.238,0.089,0.0,0.0,LO
5404,621,0.0,0.0,0.078,0.334,0.087,0.0,0.0,0.0,LO
5404,686,0.0,0.0,0.0,0.0,0.097,0.0,0.0,0.0,LO
5404,763,0.0,15.923,62.825,168.101,73.247,37.266,24.27,0.0,LO
5404,766,0.0,0.083000004,0.251,1.103,0.574,0.262,0.0,0.0,LO
5404,788,0.0,82.606,451.46,1347.103,473.784,240.633,77.709,0.0,LO
5404,1022,0.0,1.552,6.448,27.844,12.081,10.024,4.3849998,0.0,LO
5404,1023,0.0,0.852,9.188,30.975,14.767,13.167,8.089,0.0,LO
5404,1024,0.0,5.964,52.401,190.381,66.075,49.313,19.113,0.0,LO
5404,1039,0.0,0.014,2.47,7.8980002,5.051,2.448,1.202,0.0,LO
5404,1082,0.0,6.441,16.376,39.881,19.153,12.118,7.732,0.0,LO
5404,1083,0.0,0.229,3.278,16.838,8.184,4.785,3.19,0.0,LO
5404,1085,0.0,0.617,4.517,9.218,5.0620003,3.042,1.37,0.0,LO
5404,1409,0.0,0.0,0.821,3.528,0.464,0.48,0.145,0.0,LO
5404,1413,0.0,0.084,0.987,3.865,0.385,0.31,0.423,0.0,LO
5404,1439,0.0,0.0,1.313,1.9810001,0.996,0.795,1.2739999,0.0,LO
5404,1440,0.0,0.855,0.423,2.858,1.446,0.88,0.366,0.0,LO
5404,1441,0.0,0.0,4.943,10.903,12.205,7.423,5.999,0.0,LO
5404,1443,0.0,1.001,18.297,66.957,47.577,49.382,21.258,0.0,LO
5404,1448,0.0,0.114999995,0.535,0.354,0.823,0.305,0.0,0.0,LO
5404,1449,0.0,0.008,0.065000005,0.145,0.099,0.054,0.0,0.0,LO
5404,5301,0.0,0.0,4.92,13.399,5.268,4.104,0.86399996,0.0,LO
5404,5345,0.0,1.001,5.764,29.769,9.213,7.926,2.838,0.0,LO
5404,5356,0.0,0.218,4.8910003,22.016,8.337,5.254,3.3,0.0,LO
5404,5362,0.0,3.373,11.41,42.847,15.28,10.058,6.267,0.0,LO
5404,5372,0.0,0.0,0.684,4.066,1.074,1.052,0.0,0.0,LO
5404,5376,0.0,0.142,3.563,16.859,9.009,5.086,2.793,0.0,LO
5404,5378,0.0,0.54,13.024,9.8550005,4.726,2.058,0.982,0.0,LO
5404,5397,0.0,0.277,2.487,6.691,3.363,2.317,0.709,0.0,LO
5404,5411,0.0,1.785,36.021,88.715,31.469,18.576,15.738,0.0,LO
5404,5418,0.0,0.042,2.198,14.3029995,9.126,5.52,3.646,0.0,LO
5404,5421,0.0,0.0,0.42700002,0.908,1.057,0.042,0.48,0.0,LO
5404,5423,0.0,0.0,0.0,2.257,1.503,0.291,0.112,0.0,LO
5404,5437,0.0,0.392,6.49,24.918,11.463,8.743,3.791,0.0,LO
5404,5595,0.0,0.58100003,4.967,13.441,3.849,2.605,0.992,0.0,LO
5404,6977,0.0,0.0,1.551,5.15,3.413,1.92,0.19500001,0.0,LO
5404,6978,0.0,0.0,0.839,1.572,1.228,1.527,0.921,0.0,LO
5404,6979,0.0,0.112,0.894,3.467,4.116,2.634,0.27899998,0.0,LO
5404,9586,0.0,0.08,0.38,0.29,0.239,0.0,0.0,0.0,LO
5411,603,0.0,3.63,4.789,15.578,13.541,6.428,2.0279999,0.0,LO
5411,763,0.0,16.056,58.027,164.299,112.338,63.092,22.211,0.0,LO
5411,766,0.0,0.0,0.155,0.135,0.194,0.0,0.013,0.0,LO
5411,788,0.0,47.829998,129.324,403.478,249.982,140.732,38.407,0.0,LO
5411,1022,0.0,0.15,3.7020001,15.532001,8.334,5.981,1.471,0.0,LO
5411,1023,0.0,0.805,3.6660001,20.225,12.38,9.276,2.891,0.0,LO
5411,1024,0.0,2.157,19.264,89.234,47.21,41.949,12.883,0.0,LO
5411,1039,0.0,0.139,1.987,8.555,6.46,3.261,2.24,0.0,LO
5411,1082,0.0,17.919,40.12,80.321,41.511,21.098,12.582,0.0,LO
5411,1083,0.0,0.387,1.947,12.724,9.302,7.966,2.881,0.0,LO
5411,1085,0.0,1.647,6.3519998,26.803,7.94,3.332,1.971,0.0,LO
5411,1429,0.0,0.141,0.38799998,2.18,0.944,0.741,0.057,0.0,LO
5411,1440,0.0,0.0,0.0,1.185,0.44300002,0.731,0.0,0.0,LO
5411,1441,0.0,0.077,1.683,4.493,3.642,2.633,0.87,0.0,LO
5411,1443,0.0,3.075,14.503,62.569,42.188,27.622,10.119,0.0,LO
5411,1448,0.0,0.0,0.14,0.155,0.0,0.145,0.011,0.0,LO
5411,5345,0.0,5.197,38.781,115.36,77.641,51.249,16.41,0.0,LO
5411,5362,0.0,2.373,25.832,93.581,70.689,34.242,11.255,0.0,LO
5411,5376,0.0,5.748,39.796,215.122,116.038,51.243,6.179,0.0,LO
5411,5378,0.0,0.371,25.384998,61.832,31.37,17.042,4.9179997,0.0,LO
5411,5397,0.0,0.55,7.383,89.159,68.461,23.652,4.414,0.0,LO
5411,5404,0.0,1.0469999,12.9,50.746,40.799,25.94,11.443,0.0,LO
5411,5418,0.0,0.523,18.506,51.06,43.329,23.424,5.506,0.0,LO
5411,5421,0.0,0.012,0.05,0.472,0.134,0.073,0.0,0.0,LO
5411,5423,0.0,0.0050000004,0.178,1.004,0.598,0.271,0.094,0.0,LO
5411,5424,0.0,0.0,0.049000002,0.24,0.16,0.11,0.067,0.0,LO
5411,5437,0.0,1.279,16.684,85.905,56.673,30.050001,9.562,0.0,LO
5411,6977,0.0,0.095,0.772,4.2860003,3.613,1.834,0.092,0.0,LO
5411,6978,0.0,0.0,0.259,1.098,0.957,1.526,0.118,0.0,LO
5411,6979,0.0,0.395,1.756,4.871,2.473,2.355,0.68799996,0.0,LO
5411,9587,0.0,0.003,0.0,0.0,0.0,0.0,0.0,0.0,LO
5418,603,0.0,5.512,25.98,62.191,36.334,13.775,8.647,0.0,LO
5418,618,0.0,0.048,0.736,0.749,0.67300004,0.106000006,0.0,0.0,LO
5418,621,0.0,0.0,0.049000002,0.221,0.062,0.0,0.0,0.0,LO
5418,686,0.0,0.044999998,0.0,0.0,0.212,0.0,0.0,0.0,LO
5418,755,0.0,0.0,0.0,0.0,0.0,0.093,0.0,0.0,LO
5418,763,0.0,7.502,39.634,100.303,46.788,19.718,15.803,0.0,LO
5418,766,0.0,0.0,0.17,0.338,0.373,0.133,0.102,0.0,LO
5418,788,0.0,44.024,269.678,841.775,332.746,132.881,42.857,0.0,LO
5418,1022,0.0,0.5,2.079,12.97,6.876,4.604,1.768,0.0,LO
5418,1023,0.0,0.0,3.158,13.6,8.314,5.538,1.804,0.0,LO
5418,1024,0.0,1.618,28.978,101.014,40.237,23.043,8.943,0.0,LO
5418,1039,0.0,0.0,0.593,5.414,2.605,1.209,0.865,0.0,LO
5418,1082,0.0,2.864,13.803,32.144,9.912,5.786,3.566,0.0,LO
5418,1083,0.0,0.014,1.663,10.265,3.718,1.944,0.977,0.0,LO
5418,1085,0.0,0.0,2.598,5.974,3.242,1.519,1.323,0.0,LO
5418,1409,0.0,0.0,0.13,0.555,0.151,0.755,0.15900001,0.0,LO
5418,1413,0.0,0.0,0.533,1.651,0.689,0.362,0.0,0.0,LO
5418,1439,0.0,0.0,0.637,1.326,0.89599997,0.273,0.349,0.0,LO
5418,1440,0.0,0.181,0.15799999,2.155,2.415,0.801,0.417,0.0,LO
5418,1441,0.0,0.229,2.02,5.418,7.723,2.775,2.142,0.0,LO
5418,1443,0.0,1.742,11.966,35.323,24.607,20.287,8.189,0.0,LO
5418,1449,0.0,0.0,0.0,0.072000004,0.034,0.038000003,0.037,0.0,LO
5418,5301,0.0,0.0,1.954,7.335,5.364,1.3169999,0.0,0.0,LO
5418,5345,0.0,1.228,8.379,29.839,9.128,6.099,2.842,0.0,LO
5418,5356,0.0,0.0,3.429,19.519,7.232,5.092,0.764,0.0,LO
5418,5362,0.0,0.107,13.4470005,34.903,8.215,5.769,2.427,0.0,LO
5418,5372,0.0,0.0,1.155,4.011,0.663,0.38,0.0,0.0,LO
5418,5376,0.0,0.0,2.676,13.361,7.245,2.442,1.21,0.0,LO
5418,5378,0.0,0.0,5.3519998,9.949,3.1529999,2.9490001,1.101,0.0,LO
5418,5397,0.0,0.354,1.62,6.6349998,3.898,1.187,0.787,0.0,LO
5418,5404,0.0,0.209,4.037,14.81,6.711,8.316,1.66,0.0,LO
5418,5411,0.0,6.204,35.163,77.065,27.186,10.908999,8.351,0.0,LO
5418,5437,0.0,0.13,8.053,26.755,8.323,6.433,5.156,0.0,LO
5418,5595,0.0,0.259,2.655,6.467,1.956,1.517,0.519,0.0,LO
5418,6977,0.0,0.0,0.373,2.538,1.821,1.929,0.0,0.0,LO
5418,6978,0.0,0.097,0.212,1.008,1.092,0.30900002,0.395,0.0,LO
5418,6979,0.0,0.087,0.207,1.349,1.339,0.731,0.0,0.0,LO
5418,9586,0.0,0.0,0.14400001,0.46899998,0.0,0.193,0.0,0.0,LO
5421,596,0.0,0.081,0.0,0.0,0.0,0.039,0.0,0.0,LO
5421,603,0.0,0.0,0.173,1.238,1.182,0.497,0.022,0.0,LO
5421,618,0.0,0.31699997,8.749,20.236,7.8459997,4.445,0.71,0.0,LO
5421,717,0.0,0.0,0.0,0.0,0.0,0.005,0.0,0.0,LO
5421,755,0.0,0.98899996,6.289,3.448,6.472,4.829,1.234,0.0,LO
5421,763,0.0,7.105,38.296,96.368,63.565,46.301,17.493,0.0,LO
5421,766,0.0,0.143,2.047,2.941,1.309,2.324,0.394,0.0,LO
5421,788,0.0,24.872,94.084,275.393,150.204,90.356,26.066,0.0,LO
5421,1022,0.0,0.356,5.376,27.968,15.676,12.232,3.302,0.0,LO
5421,1023,0.0,0.268,5.408,18.989,14.948,14.339,4.991,0.0,LO
5421,1024,0.0,1.513,20.553,103.259,48.482,33.257,9.973001,0.0,LO
5421,1039,0.0,0.255,2.761,13.238999,7.938,5.225,0.961,0.0,LO
5421,1082,0.0,3.932,19.813,38.969,20.468,14.261,6.895,0.0,LO
5421,1083,0.0,0.304,1.8330001,13.351,9.625,9.006,2.942,0.0,LO
5421,1085,0.0,0.537,3.521,14.364,7.137,5.821,1.529,0.0,LO
5421,1413,0.0,0.0,0.111,1.352,0.0,0.0,0.0,0.0,LO
5421,1437,0.0,0.0,0.0,1.033,0.528,0.0,0.0,0.0,LO
5421,1438,0.0,0.0,0.0,1.013,1.749,0.0,0.0,0.0,LO
5421,1441,0.0,0.0,0.18,0.715,1.491,0.933,0.47800002,0.0,LO
5421,1443,0.0,1.711,11.236,50.525,50.283,39.807,15.7699995,0.0,LO
5421,1448,0.0,0.302,14.302,2.347,9.304,1.745,0.212,0.0,LO
5421,5150,0.0,0.0,0.197,1.188,0.69200003,0.131,0.0,0.0,LO
5421,5301,0.0,4.033,56.062,138.638,110.539,68.911,10.823,0.0,LO
5421,5345,0.0,0.0,0.328,1.885,1.063,0.532,0.024,0.0,LO
5421,5356,0.0,0.011,0.038,0.083000004,0.15,0.058,0.043,0.0,LO
5421,5362,0.0,0.053,0.0,0.0,0.0,0.0,0.0,0.0,LO
5421,5372,0.0,0.012,10.919,43.32,20.074999,13.493,4.2070003,0.0,LO
5421,5376,0.0,0.0,0.0,0.697,0.141,0.0,0.115,0.0,LO
5421,5404,0.0,0.004,0.065,1.672,1.031,1.167,0.27400002,0.0,LO
5421,5411,0.0,0.0,0.613,0.527,0.396,0.09,0.0,0.0,LO
5421,5418,0.0,0.0,0.055,0.407,0.756,0.463,0.177,0.0,LO
5421,5423,0.0,0.718,7.374,27.331,24.681,16.483,5.217,0.0,LO
5421,5424,0.0,0.917,5.748,23.179,14.65,12.141,3.031,0.0,LO
5421,5595,0.0,12.814,171.254,514.123,235.467,133.873,39.759,0.0,LO
5421,6977,0.0,0.035,0.276,0.668,0.533,0.20300001,0.0,0.0,LO
5421,6978,0.0,0.0,0.245,1.029,0.857,0.81200004,0.214,0.0,LO
5421,6979,0.0,0.042000003,0.175,1.017,1.011,0.718,0.065,0.0,LO
5421,9586,0.0,0.56,3.705,12.656,2.842,3.717,0.167,0.0,LO
5421,9587,0.0,1.286,15.797,60.631,33.265,21.226,4.662,0.0,LO
5423,596,0.0,0.0,0.0,0.0,0.0,0.013,0.0,0.0,LO
5423,603,0.0,0.046,0.382,2.85,2.717,2.157,1.237,0.0,LO
5423,618,0.0,0.905,9.8619995,23.461,8.97,5.251,1.8050001,0.0,LO
5423,717,0.0,0.0,0.0,0.0,0.0,0.03,0.0,0.0,LO
5423,755,0.0,0.958,7.317,9.404,6.378,6.538,1.708,0.0,LO
5423,763,0.0,15.346,91.874,271.3,166.396,110.428,70.91,0.0,LO
5423,766,0.0,0.0,0.515,3.589,2.758,1.423,0.668,0.0,LO
5423,788,0.0,34.938,259.868,1038.653,675.072,357.441,182.639,0.0,LO
5423,1022,0.0,0.42,5.531,38.142,28.744,24.472,18.341,0.0,LO
5423,1023,0.0,0.398,8.191999,37.453,26.694,29.105,13.844,0.0,LO
5423,1024,0.0,1.622,29.741001,195.615,101.539,77.748,40.711,0.0,LO
5423,1039,0.0,0.089,1.2080001,14.173,9.809,7.103,3.317,0.0,LO
5423,1082,0.0,2.211,14.202,56.539,31.745,24.649,24.928,0.0,LO
5423,1083,0.0,0.494,2.92,20.692,13.814,11.471,6.2929997,0.0,LO
5423,1085,0.0,0.069,2.164,19.603,12.317,5.662,5.251,0.0,LO
5423,1409,0.0,0.0,0.316,0.427,0.241,0.242,0.191,0.0,LO
5423,1413,0.0,0.0,0.20899999,1.283,0.357,0.34600002,0.413,0.0,LO
5423,1421,0.0,0.0,0.529,2.8109999,2.44,0.927,0.94,0.0,LO
5423,1437,0.0,0.044,0.0,0.324,0.276,0.128,0.0,0.0,LO
5423,1438,0.0,0.544,0.0,0.106000006,0.537,0.167,0.088,0.0,LO
5423,1439,0.0,0.0,0.105000004,0.22600001,0.106,0.293,0.298,0.0,LO
5423,1440,0.0,0.0,0.0,0.301,0.283,0.18,0.396,0.0,LO
5423,1441,0.0,0.012,0.3,1.9629999,3.234,1.88,2.1890001,0.0,LO
5423,1443,0.0,1.056,20.511,99.736,83.557,86.948,73.866,0.0,LO
5423,1448,0.0,1.037,4.575,3.435,6.978,1.899,0.137,0.0,LO
5423,1449,0.0,0.0,0.0050000004,0.012,0.021000002,0.008,0.003,0.0,LO
5423,5150,0.0,0.885,1.566,4.226,2.096,1.035,0.767,0.0,LO
5423,5301,0.0,10.434,90.442,255.447,179.632,148.336,76.425,0.0,LO
5423,5345,0.0,0.0,0.177,0.671,0.89,0.21000001,0.377,0.0,LO
5423,5362,0.0,0.012,0.058000002,0.936,1.131,0.599,0.548,0.0,LO
5423,5372,0.0,3.0410001,19.447,72.437,32.736,22.082,16.814,0.0,LO
5423,5376,0.0,0.0,0.244,0.15100001,0.0,0.299,0.188,0.0,LO
5423,5378,0.0,0.004,0.264,0.663,0.105000004,0.373,0.083,0.0,LO
5423,5404,0.0,0.0,0.0,0.588,0.689,0.572,0.419,0.0,LO
5423,5411,0.0,0.0,0.241,3.135,2.013,0.90400004,0.868,0.0,LO
5423,5421,0.0,0.545,3.598,27.271,15.516,12.425,10.747,0.0,LO
5423,5424,0.0,0.83,4.907,20.613,14.134,8.071,3.089,0.0,LO
5423,5437,0.0,0.0,0.0,0.694,0.869,0.161,0.034,0.0,LO
5423,5595,0.0,51.312,300.612,798.072,371.913,212.981,174.909,0.0,LO
5423,6977,0.0,0.0,0.233,1.028,1.464,1.072,0.225,0.0,LO
5423,6978,0.0,0.021000002,0.331,1.133,1.406,1.555,0.34,0.0,LO
5423,6979,0.0,0.089999996,0.308,2.368,1.84,2.0279999,0.332,0.0,LO
5423,9586,0.0,1.018,3.462,13.787,4.368,1.196,1.549,0.0,LO
5423,9587,0.0,5.2330003,16.795,67.764,43.708,26.097,16.135,0.0,LO
5424,596,0.0,0.013,0.0,0.0,0.0,0.0,0.0,0.0,LO
5424,603,0.0,0.118,0.259,1.16,0.865,0.596,0.157,0.0,LO
5424,618,0.0,0.515,3.211,6.989,2.124,0.667,0.58,0.0,LO
5424,755,0.0,1.619,1.842,3.143,1.603,1.646,0.127,0.0,LO
5424,763,0.0,10.713,50.097,125.647,56.88,40.797,17.479,0.0,LO
5424,766,0.0,0.120000005,0.269,0.779,0.537,0.11,0.0,0.0,LO
5424,788,0.0,32.26,227.986,778.412,370.733,202.002,53.937,0.0,LO
5424,1022,0.0,0.0,4.423,20.081,9.808,10.959,2.519,0.0,LO
5424,1023,0.0,0.0,6.247,21.723999,11.626,11.306,4.0,0.0,LO
5424,1024,0.0,1.691,17.93,99.155,41.622,33.64,10.805,0.0,LO
5424,1039,0.0,0.0,1.184,11.134,7.366,3.767,0.61,0.0,LO
5424,1082,0.0,2.733,15.766,35.845,16.922,11.785,6.604,0.0,LO
5424,1083,0.0,0.055,1.6240001,11.364,5.965,5.0559998,2.211,0.0,LO
5424,1085,0.0,0.406,5.168,19.051,7.622,3.96,1.412,0.0,LO
5424,1404,0.0,0.078,0.32999998,0.17300001,0.0,0.102,0.012,0.0,LO
5424,1409,0.0,0.0,0.117,0.243,0.0,0.0,0.0,0.0,LO
5424,1413,0.0,0.0,0.0,0.459,0.12,0.039,0.0,0.0,LO
5424,1437,0.0,0.0,0.0,0.244,0.309,0.051,0.04,0.0,LO
5424,1439,0.0,0.026,0.043,0.141,0.147,0.043,0.027,0.0,LO
5424,1440,0.0,0.0,0.337,0.206,0.096,0.055,0.0,0.0,LO
5424,1441,0.0,0.0,0.171,0.826,1.362,0.5,0.313,0.0,LO
5424,1443,0.0,0.612,11.458,45.158,31.123,34.277,14.343,0.0,LO
5424,1448,0.0,0.0,0.0,0.384,1.19,0.295,0.053000003,0.0,LO
5424,5150,0.0,0.0,0.0,0.0,0.0,0.0,0.01,0.0,LO
5424,5301,0.0,5.067,46.439,103.128,57.226,39.612,8.638,0.0,LO
5424,5345,0.0,0.0,0.28,0.44,0.273,0.111,0.017,0.0,LO
5424,5372,0.0,1.296,11.16,26.742,9.9,7.67,3.264,0.0,LO
5424,5376,0.0,0.0,0.125,0.636,0.122,0.21,0.533,0.0,LO
5424,5378,0.0,0.0,0.149,0.858,0.119,0.091000006,0.003,0.0,LO
5424,5404,0.0,0.0,0.051,0.047,0.029,0.046,0.0,0.0,LO
5424,5411,0.0,0.0,0.659,1.959,0.33,0.643,0.156,0.0,LO
5424,5421,0.0,0.363,7.921,16.238,7.632,4.535,4.298,0.0,LO
5424,5423,0.0,0.081,1.67,6.97,2.814,3.124,0.814,0.0,LO
5424,5437,0.0,0.0,0.171,0.319,0.215,0.0,0.12900001,0.0,LO
5424,5595,0.0,29.323,116.173,245.416,113.591,55.769,22.898,0.0,LO
5424,6977,0.0,0.0,0.201,0.737,0.594,0.262,0.0,0.0,LO
5424,6978,0.0,0.0,0.095,0.461,0.418,0.557,0.034,0.0,LO
5424,6979,0.0,0.0,0.151,1.022,0.86,0.499,0.037,0.0,LO
5424,9586,0.0,1.503,5.29,4.133,2.011,1.3740001,0.386,0.0,LO
5424,9587,0.0,2.354,6.826,22.827,8.636,6.799,0.574,0.0,LO
5437,603,0.0,7.211,22.417,42.473,22.576,13.315,5.641,0.0,LO
5437,618,0.0,0.065,0.506,1.366,0.257,0.0,0.0,0.0,LO
5437,621,0.0,0.0,0.066,0.214,0.094,0.069,0.0,0.0,LO
5437,763,0.0,12.976,35.824,81.439,41.232,20.106,11.986,0.0,LO
5437,766,0.0,0.106,0.08,0.41300002,0.317,0.145,0.0,0.0,LO
5437,788,0.0,70.398,262.679,661.987,264.336,118.465,34.251,0.0,LO
5437,1022,0.0,0.76600003,3.508,7.571,5.496,5.171,1.137,0.0,LO
5437,1023,0.0,1.072,6.026,11.658,4.278,4.981,1.799,0.0,LO
5437,1024,0.0,4.475,27.041,76.568,32.361,24.151001,9.114,0.0,LO
5437,1039,0.0,0.0,3.596,6.724,3.0310001,1.845,1.483,0.0,LO
5437,1082,0.0,4.353,15.728,26.685,14.9210005,8.291,5.091,0.0,LO
5437,1083,0.0,0.194,1.885,9.403,3.884,3.684,1.367,0.0,LO
5437,1085,0.0,0.063,3.245,6.578,3.859,1.866,0.242,0.0,LO
5437,1409,0.0,0.0,0.089,0.019000001,0.0,0.001,0.0,0.0,LO
5437,1413,0.0,0.1,0.582,1.225,0.149,0.237,0.0,0.0,LO
5437,1439,0.0,0.0,1.479,0.895,0.424,0.143,0.122999996,0.0,LO
5437,1440,0.0,0.238,0.87700003,1.955,1.03,0.335,0.241,0.0,LO
5437,1441,0.0,0.0,1.266,3.633,3.725,1.977,1.668,0.0,LO
5437,1443,0.0,1.518,12.352,27.444,16.606,17.534,7.789,0.0,LO
5437,1449,0.0,0.0,0.060000002,0.05,0.009000001,0.011,0.0,0.0,LO
5437,5301,0.0,0.0,0.602,4.28,1.8050001,2.071,0.424,0.0,LO
5437,5345,0.0,3.843,14.283,54.878,19.678,13.365,4.378,0.0,LO
5437,5356,0.0,0.15900001,3.139,16.679,7.67,7.115,3.37,0.0,LO
5437,5362,0.0,0.259,5.842,31.621,10.773,5.88,0.699,0.0,LO
5437,5372,0.0,0.289,0.735,5.9379997,0.985,0.714,0.387,0.0,LO
5437,5376,0.0,0.342,4.839,19.061,11.057,4.962,1.778,0.0,LO
5437,5378,0.0,0.012,5.414,10.739,5.075,3.69,1.542,0.0,LO
5437,5397,0.0,0.0,1.562,8.015,2.786,1.6079999,1.196,0.0,LO
5437,5404,0.0,0.211,5.781,22.192,11.887,7.087,3.096,0.0,LO
5437,5411,0.0,5.3519998,74.96,225.884,61.421,30.777,8.028,0.0,LO
5437,5418,0.0,0.02,4.363,24.126,12.031,6.33,1.805,0.0,LO
5437,5423,0.0,0.053,0.186,2.921,0.648,0.724,0.145,0.0,LO
5437,5424,0.0,0.0,0.08,0.40399998,0.431,0.0,0.0,0.0,LO
5437,6977,0.0,0.0,0.791,1.592,0.979,0.805,0.391,0.0,LO
5437,6978,0.0,0.122,0.528,0.885,0.175,0.6,0.0,0.0,LO
5437,6979,0.0,0.133,0.444,1.179,1.36,0.823,0.504,0.0,LO
5437,9587,0.0,0.0,0.368,1.705,1.273,0.233,0.0,0.0,LO
5595,596,0.0,5.596,5.228,6.516,5.844,2.67,2.271,0.0,LO
5595,597,0.0,0.304,2.024,4.321,1.841,1.179,0.436,0.0,LO
5595,603,0.0,0.15100001,2.162,8.328,7.155,6.5820003,1.249,0.0,LO
5595,617,0.0,0.0,0.0,0.0,0.0,0.0,0.26,0.0,LO
5595,618,0.0,3.625,208.206,805.929,199.727,125.682,46.275,0.0,LO
5595,620,0.0,1.039,2.25,8.334,3.8240001,1.921,0.601,0.0,LO
5595,659,0.0,1.057,1.498,3.874,2.307,2.468,0.659,0.0,LO
5595,680,0.0,0.0,0.0,0.0,0.0,0.0,0.197,0.0,LO
5595,709,0.0,0.14,0.618,3.011,2.101,2.0609999,0.738,0.0,LO
5595,717,0.0,0.45700002,1.735,6.1019998,3.405,2.994,1.418,0.0,LO
5595,719,0.0,2.09,5.551,20.56,10.821,6.492,1.585,0.0,LO
5595,751,0.0,1.591,5.199,15.517,9.829,4.608,1.542,0.0,LO
5595,755,0.0,14.134,207.571,565.137,256.569,164.93,69.304,0.0,LO
5595,763,0.0,7.26,31.889,101.784,58.578,44.594,25.437,0.0,LO
5595,766,0.0,16.912,95.777,279.333,184.694,135.24,52.203,0.0,LO
5595,788,0.0,8.654,41.994,182.546,102.763,56.335,44.563,0.0,LO
5595,1022,0.0,0.254,8.838,43.764,29.407999,18.196,10.487,0.0,LO
5595,1023,0.0,1.733,16.247,55.017,39.564,26.585001,8.7960005,0.0,LO
5595,1024,0.0,2.086,50.37,339.759,184.278,103.876,26.725,0.0,LO
5595,1039,0.0,0.465,5.817,25.39,20.512001,9.705,5.918,0.0,LO
5595,1082,0.0,5.096,29.354,96.311,59.624,37.705,29.009,0.0,LO
5595,1083,0.0,1.854,13.038,76.511,46.559,31.876,18.177,0.0,LO
5595,1085,0.0,1.868,15.693,111.977,68.694,23.894001,14.705,0.0,LO
5595,1395,0.0,0.666,0.585,3.058,1.469,1.362,0.214,0.0,LO
5595,1398,0.0,0.007,0.818,2.974,2.727,1.223,0.541,0.0,LO
5595,1402,0.0,0.004,1.124,2.297,0.71,0.803,0.125,0.0,LO
5595,1409,0.0,0.15,7.531,21.741,7.529,4.598,1.813,0.0,LO
5595,1413,0.0,0.904,29.744,75.554,18.041,9.76,3.065,0.0,LO
5595,1415,0.0,0.0,0.121,0.293,0.151,0.114,0.023,0.0,LO
5595,1421,0.0,5.538,57.159,131.984,78.147995,38.133,13.391001,0.0,LO
5595,1429,0.0,0.297,4.814,22.417,16.883,16.998,4.073,0.0,LO
5595,1434,0.0,1.397,0.793,3.198,1.1439999,1.589,0.428,0.0,LO
5595,1437,0.0,0.599,10.927,48.196,36.734,22.845,6.137,0.0,LO
5595,1438,0.0,1.038,15.708,25.67,17.695,15.379,4.8250003,0.0,LO
5595,1439,0.0,0.097,2.068,4.918,3.247,2.375,0.602,0.0,LO
5595,1440,0.0,0.93700004,2.816,13.918,6.225,5.294,1.3199999,0.0,LO
5595,1441,0.0,0.149,1.819,7.13,6.08,4.435,2.3860002,0.0,LO
5595,1442,0.0,0.153,1.187,1.951,2.14,1.072,0.629,0.0,LO
5595,1443,0.0,1.58,14.059,52.372,42.966,33.0,21.539,0.0,LO
5595,1445,0.0,1.018,10.387,28.254,14.853,10.655,2.782,0.0,LO
5595,1448,0.0,2.608,127.568,67.677,151.293,71.866,10.261,0.0,LO
5595,1449,0.0,0.005,0.161,0.557,0.63,0.343,0.108,0.0,LO
5595,1451,0.0,0.0,0.0,0.11,0.026,0.100999996,0.0,0.0,LO
5595,1455,0.0,0.52,1.91,9.967,3.216,2.989,0.819,0.0,LO
5595,1524,0.0,0.0,0.34100002,0.98,0.611,0.004,0.251,0.0,LO
5595,5150,0.0,0.006,1.281,5.151,1.429,2.481,0.767,0.0,LO
5595,5301,0.0,1.599,127.959,569.423,436.428,310.78,78.153,0.0,LO
5595,5345,0.0,0.156,3.013,12.624,8.449,6.663,3.073,0.0,LO
5595,5362,0.0,0.125,0.13700001,1.698,0.621,0.597,0.96,0.0,LO
5595,5372,0.0,1.91,11.440001,64.672,40.987,28.713,10.217,0.0,LO
5595,5397,0.0,0.0,0.0,0.0,0.0,0.0,0.008,0.0,LO
5595,5404,0.0,0.060999997,3.236,11.395,11.65,10.47,3.843,0.0,LO
5595,5418,0.0,0.069,2.476,4.555,0.981,2.305,2.044,0.0,LO
5595,5421,0.0,2.178,129.981,403.408,274.575,180.11,72.917,0.0,LO
5595,5423,0.0,3.259,110.889,543.395,414.376,296.846,101.562,0.0,LO
5595,5424,0.0,2.423,59.274,146.156,111.345,99.27,43.846,0.0,LO
5595,5437,0.0,0.061,0.04,0.092,0.0,0.066,0.411,0.0,LO
5595,6814,0.0,0.0,0.002,0.016,0.005,0.006,0.0,0.0,LO
5595,6913,0.0,0.0,0.253,0.0,0.0,0.108,0.0,0.0,LO
5595,6914,0.0,0.0,0.026,0.174,0.0,0.003,0.003,0.0,LO
5595,6919,0.0,0.0,0.037,0.0,0.0,0.074,0.036,0.0,LO
5595,6926,0.0,0.0,0.067,0.283,0.182,0.145,0.018,0.0,LO
5595,6934,0.0,0.0,0.0,0.496,0.211,0.103,0.0,0.0,LO
5595,6947,0.0,0.0,0.0,0.002,0.0,0.0,0.0,0.0,LO
5595,6949,0.0,0.0,0.0,0.0,0.0,0.01,0.0,0.0,LO
5595,6952,0.0,0.0,0.042,0.001,0.0,0.0,0.0,0.0,LO
5595,6954,0.0,0.0,0.042000003,0.0,0.0,0.058000002,0.016,0.0,LO
5595,6959,0.0,0.0,0.0,0.004,0.0,0.043,0.018,0.0,LO
5595,6966,0.0,0.024999999,0.058,0.236,0.13,0.083,0.027,0.0,LO
5595,6967,0.0,0.0,0.060000002,0.246,0.191,0.087,0.01,0.0,LO
5595,6977,0.0,0.322,6.722,35.888,24.321,19.181,4.367,0.0,LO
5595,6978,0.0,0.073,3.313,15.996,11.247,9.742,4.338,0.0,LO
5595,6979,0.0,0.134,8.206,15.108,11.651,12.249,3.325,0.0,LO
5595,7401,0.0,0.052,0.055,0.246,0.65,0.095,0.0,0.0,LO
5595,7402,0.0,0.0,0.09200001,0.626,0.30900002,0.0050000004,0.018,0.0,LO
5595,7403,0.0,0.0,0.058,0.194,0.067,0.146,0.0,0.0,LO
5595,7406,0.0,0.045,0.042,0.793,0.293,0.032,0.132,0.0,LO
5595,9586,0.0,3.464,113.013,505.917,166.76,113.175,44.514,0.0,LO
5595,9587,0.0,34.284,541.928,3013.972,1227.835,595.093,250.605,0.0,LO
6814,514,0.0,0.058,0.338,0.624,0.327,0.0,0.0,0.0,LO
6814,618,0.0,0.012,0.264,0.545,0.026,0.009000001,0.0,0.0,LO
6814,621,0.0,0.0,0.009,0.01,0.0,0.0,0.0,0.0,LO
6814,698,0.0,12.802,81.034,218.509,76.117,31.758,10.232,0.0,LO
6814,1413,0.0,0.0,0.023,0.067,0.019000001,0.019000001,0.0,0.0,LO
6814,1429,0.0,0.0,0.019,0.062000003,0.016,0.015000001,0.0,0.0,LO
6814,1440,0.0,0.0,0.0,0.034,0.0,0.0,0.0,0.0,LO
6814,5595,0.0,0.002,0.036000002,0.009,0.01,0.016,0.0,0.0,LO
6814,6867,0.0,0.042,0.772,2.181,1.652,0.564,0.143,0.0,LO
6814,6913,0.0,0.002,0.298,0.841,0.726,0.055,0.001,0.0,LO
6814,6934,0.0,0.721,2.914,7.342,2.219,0.69,0.127,0.0,LO
6814,6941,0.0,1.099,6.394,10.749,7.239,2.711,0.592,0.0,LO
6814,6947,0.0,5.102,12.188,21.130001,17.781,10.306,3.186,0.0,LO
6814,6949,0.0,0.129,1.145,6.917,5.914,5.9240003,4.401,0.0,LO
6814,6952,0.0,0.082,2.117,9.416,10.948,10.532,5.445,0.0,LO
6814,6956,0.0,0.15100001,3.7649999,13.997,2.065,0.856,0.546,0.0,LO
6814,6958,0.0,0.779,6.996,8.468,2.426,0.87,0.419,0.0,LO
6814,6959,0.0,0.007999999,0.526,1.189,0.754,0.071,0.040000003,0.0,LO
6814,6961,0.0,0.095,0.423,0.972,0.32999998,0.128,0.0,0.0,LO
6814,6962,0.0,0.046,1.727,4.103,2.395,0.15900001,0.001,0.0,LO
6814,6965,0.0,2.6920002,11.036,33.913,14.872,5.4030004,0.862,0.0,LO
6814,6966,0.0,0.21,1.673,9.111,2.012,0.366,1.106,0.0,LO
6814,6967,0.0,0.202,1.326,2.7810001,0.52,0.789,0.051,0.0,LO
6814,6968,0.0,0.002,1.4070001,1.399,1.377,0.34100002,0.301,0.0,LO
6814,6972,0.0,0.37,5.34,14.254,4.138,1.503,0.34100002,0.0,LO
6814,6978,0.0,0.0,0.063,0.869,0.246,0.044,0.0,0.0,LO
6814,6979,0.0,0.0,0.04,0.126,0.081,0.058000002,0.009,0.0,LO
6867,514,0.0,0.0,0.0,0.0,0.0,0.0,0.01,0.0,LO
6867,698,0.0,2.543,17.834,90.027,47.516,22.534,11.392,0.0,LO
6867,742,0.0,0.96000004,12.141,67.693,38.315998,30.537,15.165,0.065,LO
6867,1524,0.0,0.0,0.0,0.0,0.0,0.0,0.031,0.0,LO
6867,6814,0.0,0.105000004,0.805,2.274,1.534,0.425,0.264,0.0,LO
6867,6867,0.0,0.0,0.0,0.0,0.0,0.0,0.05,0.0,LO
6867,6913,0.0,0.091000006,3.277,8.04,6.256,1.314,3.934,0.0,LO
6867,6914,0.0,0.328,4.068,27.855,12.26,7.993,3.421,0.153,LO
6867,6919,0.0,0.686,4.809,25.532,19.794,9.522,5.737,0.097,LO
6867,6926,0.0,0.205,0.26700002,3.824,2.0839999,2.558,0.323,0.0,LO
6867,6934,0.0,0.40899998,2.447,19.254,8.67,6.9100003,3.616,0.0,LO
6867,6941,0.0,3.692,6.4570003,31.7,19.685,11.632,5.345,0.0,LO
6867,6947,0.0,2.065,6.3849998,10.222,8.097,3.754,1.377,0.0,LO
6867,6949,0.0,0.746,2.213,4.087,2.252,1.762,3.2879999,0.0,LO
6867,6952,0.0,0.212,2.628,6.741,4.545,3.684,0.489,0.0,LO
6867,6954,0.0,0.866,3.404,33.276,19.03,9.019,7.692,0.0,LO
6867,6956,0.0,1.275,5.239,13.003,11.408,5.916,3.126,0.0,LO
6867,6958,0.0,2.13,8.141,31.725,15.891,10.655,13.624,0.0,LO
6867,6959,0.0,0.82,6.07,17.028,15.91,5.961,4.689,0.0,LO
6867,6961,0.0,0.862,4.61,27.543,16.999,9.795,2.865,0.0,LO
6867,6962,0.0,0.103,2.03,17.754,6.783,4.486,3.663,0.0,LO
6867,6965,0.0,8.765,57.815,280.252,103.081,45.536,20.558,0.0,LO
6867,6966,0.0,0.024999999,0.733,7.598,3.26,1.101,0.39699998,0.0,LO
6867,6967,0.0,0.213,1.442,6.854,2.402,1.9679999,1.127,0.0,LO
6867,6968,0.0,0.0,4.534,11.0,4.488,3.418,0.96500003,0.0,LO
6867,6972,0.0,1.107,10.276,26.892,14.844,11.318,9.75,0.0,LO
6867,6973,0.0,0.029,5.567,41.16,27.335,16.442,15.102,1.393,LO
6867,7406,0.0,0.0,0.0,0.0,0.0,0.0,0.045,0.0,LO
6886,736,0.0,7.731,23.31,94.251,48.182,17.797,0.0,0.0,LO
6886,7473,0.0,1.215,13.67,65.412,29.628,33.597,0.0,0.0,LO
6913,514,0.0,0.939,1.054,3.484,2.171,2.055,0.129,0.0,LO
6913,621,0.0,0.03,0.0,0.146,0.0,0.0,0.0,0.0,LO
6913,698,0.0,41.219,177.493,412.843,169.205,70.361,17.107,0.0,LO
6913,719,0.0,0.0,0.363,0.387,0.0,0.58100003,0.056999996,0.0,LO
6913,1409,0.0,0.001,0.409,1.437,0.010000001,0.23,0.0,0.0,LO
6913,1413,0.0,0.017,0.0,0.402,0.0,0.0,0.0,0.0,LO
6913,1429,0.0,0.0,0.074,0.381,0.172,0.001,0.0,0.0,LO
6913,1437,0.0,0.009,0.066,0.033,0.0,0.334,0.0,0.0,LO
6913,1440,0.0,0.131,0.0,0.453,0.0,0.0,0.0,0.0,LO
6913,6814,0.0,0.0,0.23,1.466,0.71999997,0.003,0.0,0.0,LO
6913,6867,0.0,0.498,7.318,8.67,7.057,3.921,1.687,0.0,LO
6913,6934,0.0,0.187,6.586,16.013,7.082,2.781,1.004,0.0,LO
6913,6941,0.0,0.015,5.457,15.462,3.825,3.792,3.374,0.0,LO
6913,6956,0.0,0.482,3.135,27.863,4.654,2.7450001,0.162,0.0,LO
6913,6958,0.0,2.8990002,6.383,19.282,4.723,4.426,0.113000005,0.0,LO
6913,6959,0.0,0.134,4.395,21.502,6.897,2.369,0.023,0.0,LO
6913,6961,0.0,0.22999999,5.697,11.245,4.266,3.2610002,1.294,0.0,LO
6913,6962,0.0,0.99,3.276,15.081,5.769,2.633,0.26700002,0.0,LO
6913,6965,0.0,8.432,64.489,133.171,65.36,28.271,2.698,0.0,LO
6913,6966,0.0,0.78999996,6.022,13.057,4.0690002,2.671,0.649,0.0,LO
6913,6967,0.0,0.755,3.5509999,5.281,1.636,2.151,0.819,0.0,LO
6913,6968,0.0,0.121999994,7.011,7.057,4.6610003,1.441,0.266,0.0,LO
6913,6972,0.0,1.077,10.259,25.184,9.393,2.639,1.05,0.0,LO
6913,6978,0.0,0.17099999,0.345,2.464,0.35099998,0.557,0.299,0.0,LO
6913,7408,0.0,0.003,0.57,1.292,1.632,0.012,0.0,0.0,LO
6914,514,0.0,0.831,1.311,1.622,0.465,0.266,0.0,0.0,LO
6914,618,0.0,0.0,0.132,0.6,0.0,0.0,0.0,0.0,LO
6914,621,0.0,0.0,0.076,0.58,0.379,0.201,0.108,0.0,LO
6914,686,0.0,0.0,0.324,1.197,0.403,0.0,0.0,0.0,LO
6914,719,0.0,0.0,0.0,0.0,0.0,0.071,0.0,0.0,LO
6914,742,0.0,36.747,179.928,567.052,186.386,79.245,15.561,0.0,LO
6914,1409,0.0,0.0,0.352,0.492,0.208,0.103,0.0,0.0,LO
6914,1429,0.0,0.0,0.644,2.169,1.039,0.244,0.0,0.0,LO
6914,1440,0.0,0.0,0.0,1.125,0.35,0.104,0.0,0.0,LO
6914,1441,0.0,0.0,0.0,1.4679999,0.68799996,0.0,0.0,0.0,LO
6914,5595,0.0,0.0,0.0,0.0,0.0,0.088,0.027,0.0,LO
6914,6867,0.0,1.021,15.167,38.501,17.727,6.092,1.296,0.0,LO
6914,6919,0.0,1.6159999,9.45,48.002,17.678,13.221,3.942,0.0,LO
6914,6926,0.0,2.055,8.507,38.835,18.811,6.91,1.028,0.0,LO
6914,6954,0.0,0.0,7.759,43.084,23.44,9.637,1.68,0.0,LO
6914,6956,0.0,0.0,0.0,0.158,0.0,0.0,0.0,0.0,LO
6914,6961,0.0,3.411,6.185,28.398,22.083,3.942,2.374,0.0,LO
6914,6962,0.0,0.112,0.592,2.742,1.222,0.0,0.0,0.0,LO
6914,6965,0.0,25.026,115.687004,370.638,139.391,61.122,11.393,0.0,LO
6914,6966,0.0,0.0,0.573,2.267,2.362,0.0,0.0,0.0,LO
6914,6973,0.0,0.104,4.201,33.474,14.257999,10.385,0.61,0.0,LO
6914,6978,0.0,0.0,2.11,5.265,0.676,0.55799997,0.0,0.0,LO
6914,6979,0.0,0.0,0.0,2.88,0.858,0.241,0.746,0.0,LO
6919,514,0.0,0.574,1.752,1.015,0.712,0.263,0.031,0.0,LO
6919,618,0.0,0.0,0.291,0.57,0.081,0.0,0.0,0.0,LO
6919,621,0.0,0.075,0.0,0.4,0.676,0.0,0.0,0.0,LO
6919,686,0.0,0.0,0.91899997,1.714,0.30900002,0.0,0.095,0.0,LO
6919,719,0.0,0.0,0.0,0.0,0.0,0.038999997,0.0,0.0,LO
6919,742,0.0,83.215,279.262,756.47,246.918,83.785,23.7,0.0,LO
6919,1409,0.0,0.0,0.692,0.703,0.0,0.191,0.0,0.0,LO
6919,1413,0.0,0.049000002,0.294,0.638,0.235,0.0,0.0,0.0,LO
6919,1429,0.0,0.0,0.20699999,2.87,2.23,0.455,0.608,0.0,LO
6919,1440,0.0,0.263,0.222,1.5040001,0.222,0.315,0.36499998,0.0,LO
6919,1441,0.0,0.0,0.254,1.169,0.924,0.764,0.0,0.0,LO
6919,1449,0.0,0.013,0.04,0.089,0.007,0.011,0.018000001,0.0,LO
6919,1524,0.0,0.0,0.0,0.0,0.057,0.0,0.185,0.0,LO
6919,6867,0.0,1.556,15.268,44.491,17.748,14.336,2.63,0.0,LO
6919,6914,0.0,0.11,9.406,57.221,13.708,11.308,2.121,0.0,LO
6919,6926,0.0,0.79800004,16.033,47.958,17.517,9.044,2.524,0.0,LO
6919,6934,0.0,0.118,0.323,1.158,0.388,0.252,0.0,0.0,LO
6919,6941,0.0,0.083000004,0.418,0.208,0.0,0.0,0.084,0.0,LO
6919,6954,0.0,1.696,6.49,39.183,10.616,6.828,1.405,0.0,LO
6919,6956,0.0,0.0,0.11,0.287,0.06,0.0,0.0,0.0,LO
6919,6959,0.0,0.0,2.116,2.355,0.551,0.0,0.0,0.0,LO
6919,6961,0.0,6.342,15.459001,39.688,24.427,7.829,3.124,0.0,LO
6919,6962,0.0,0.0,1.5370001,3.671,1.237,0.738,1.652,0.0,LO
6919,6965,0.0,40.834,148.013,417.693,148.97,66.232,13.632,0.0,LO
6919,6966,0.0,0.399,1.354,5.759,2.8630002,0.423,0.0,0.0,LO
6919,6973,0.0,0.767,10.865,43.57,16.147,4.3,2.19,0.0,LO
6919,6978,0.0,0.0,1.753,6.977,0.975,1.409,0.0,0.0,LO
6919,6979,0.0,0.0,1.792,1.287,0.77,0.735,0.241,0.0,LO
6919,7401,0.0,0.0,0.0,0.0,0.102,0.0,0.199,0.0,LO
6919,7408,0.0,0.0,0.0,2.319,0.204,0.042999998,1.046,0.0,LO
6919,7467,0.0,0.0,0.245,1.62,0.952,0.0,0.0,0.0,LO
6926,514,0.0,0.0,0.198,0.828,0.053,0.288,0.0,0.0,LO
6926,603,0.0,0.0,0.254,0.811,0.353,0.36400002,0.099,0.0,LO
6926,621,0.0,0.0,0.0,0.44099998,0.88,0.0,0.0,0.0,LO
6926,686,0.0,0.13599999,0.14299999,1.308,0.0,0.0050000004,0.331,0.0,LO
6926,719,0.0,0.0,0.0,0.0,0.0,0.065,0.409,0.0,LO
6926,742,0.0,12.426,98.724,386.488,131.024,72.823,26.381,0.0,LO
6926,766,0.0,0.0,0.0,0.371,0.838,0.303,0.266,0.0,LO
6926,1413,0.0,0.0,0.17,1.403,0.0,0.176,0.0,0.0,LO
6926,1421,0.0,0.476,1.116,1.017,0.26,0.0,0.0,0.0,LO
6926,1439,0.0,0.0,0.315,0.955,0.186,0.157,0.0,0.0,LO
6926,1440,0.0,0.0,0.146,0.985,0.915,0.0,0.0,0.0,LO
6926,1448,0.0,0.615,1.709,0.533,1.012,0.287,0.168,0.0,LO
6926,1449,0.0,0.0,0.0,0.089,0.033,0.043,0.048,0.0,LO
6926,5595,0.0,0.0,0.064,0.528,0.34600002,0.24,0.025,0.0,LO
6926,6867,0.0,0.32500002,2.275,8.882,4.931,3.195,0.935,0.0,LO
6926,6914,0.0,0.182,7.666,39.758,10.651999,6.638,1.788,0.0,LO
6926,6919,0.0,1.3429999,11.7630005,30.292,17.945,11.204,3.422,0.0,LO
6926,6954,0.0,2.0249999,10.658,45.342,16.248,13.019,4.638,0.0,LO
6926,6961,0.0,1.417,10.735,44.957,17.192,15.674,3.001,0.0,LO
6926,6962,0.0,0.0,1.378,1.518,0.711,0.0,0.0,0.0,LO
6926,6965,0.0,29.75,133.122,501.858,161.316,94.49,26.669,0.0,LO
6926,6973,0.0,0.133,16.678,77.037,33.834,18.454,16.013,0.0,LO
6926,6978,0.0,0.0,0.542,0.584,0.637,1.783,0.3,0.0,LO
6926,7408,0.0,0.0,0.549,0.977,0.541,0.987,0.081,0.0,LO
6934,514,0.0,0.0,0.089,0.291,0.195,0.467,0.048,0.0,LO
6934,686,0.0,0.0,0.0,0.114,0.19500001,0.0,0.074,0.0,LO
6934,698,0.0,9.321,79.583,250.026,102.115,62.007,29.499,0.0,LO
6934,719,0.0,0.0,0.201,1.418,0.787,0.568,0.391,0.0,LO
6934,1413,0.0,0.0,0.112,1.058,0.029000001,0.061,0.0,0.0,LO
6934,1440,0.0,0.0,0.0,0.621,0.125,0.043,0.0,0.0,LO
6934,5595,0.0,0.0,0.026,0.0,0.0,0.16499999,0.049,0.0,LO
6934,6814,0.0,0.35300002,2.05,6.799,1.973,0.959,0.52500004,0.0,LO
6934,6867,0.0,0.147,2.6100001,18.073,10.382999,9.5,2.947,0.0,LO
6934,6913,0.0,0.008,3.1200001,7.242,7.325,5.639,3.855,0.0,LO
6934,6914,0.0,0.0,0.355,0.538,0.295,0.0,0.0,0.0,LO
6934,6919,0.0,0.0,0.0,0.799,0.407,0.162,0.29,0.0,LO
6934,6941,0.0,1.709,7.343,32.173,23.122,17.621,7.779,0.0,LO
6934,6947,0.0,3.226,10.711,11.596,5.851,8.231,1.7030001,0.0,LO
6934,6949,0.0,0.53000003,1.677,6.165,1.913,1.432,1.943,0.0,LO
6934,6952,0.0,0.141,3.217,6.65,3.546,4.088,1.61,0.0,LO
6934,6954,0.0,0.0,0.0,0.597,0.47599998,0.248,0.0,0.0,LO
6934,6956,0.0,0.35300002,1.6669999,7.679,7.935,5.554,1.11,0.0,LO
6934,6958,0.0,0.0,2.339,16.869,7.474,6.815,1.727,0.0,LO
6934,6959,0.0,0.392,10.065,18.465,20.076,13.239,2.552,0.0,LO
6934,6961,0.0,1.299,7.78,34.876,19.986,18.828,7.89,0.0,LO
6934,6962,0.0,1.24,14.082,61.488,30.313,29.335001,20.126,0.0,LO
6934,6965,0.0,3.808,45.347,145.629,56.461,33.168,17.866,0.0,LO
6934,6966,0.0,0.152,14.224,99.054,32.631,22.493,8.752,0.0,LO
6934,6967,0.0,0.49,1.649,3.03,0.635,1.3989999,0.458,0.0,LO
6934,6968,0.0,0.0,1.887,4.032,1.926,2.1269999,0.934,0.0,LO
6934,6972,0.0,1.593,16.054,23.354,13.215,10.233,6.032,0.0,LO
6934,6973,0.0,0.0,0.0,0.603,0.244,0.137,0.132,0.0,LO
6934,6978,0.0,0.0,0.13599999,2.394,0.646,1.557,0.225,0.0,LO
6934,6979,0.0,0.0,0.286,0.82,0.791,0.62,0.212,0.0,LO
6941,514,0.0,2.43,4.804,6.978,3.655,2.261,0.418,0.0,LO
6941,591,0.0,0.004,0.0,0.025,0.0,0.0,0.0,0.0,LO
6941,618,0.0,0.0,0.076000005,0.0,0.0,0.0,0.0,0.0,LO
6941,621,0.0,0.0,0.011,0.048,0.0,0.0,0.0,0.0,LO
6941,686,0.0,0.079,0.026,0.192,0.0,0.0,0.0,0.0,LO
6941,698,0.0,197.265,491.888,971.831,369.889,172.232,35.338,0.0,LO
6941,719,0.0,0.0,1.697,6.748,1.719,1.056,0.292,0.0,LO
6941,766,0.0,0.029,0.034,0.029,0.015999999,0.116,0.011,0.0,LO
6941,1404,0.0,0.021,0.013,0.27899998,0.0,0.0,0.0,0.0,LO
6941,1409,0.0,0.014,1.875,1.225,0.605,0.347,0.051,0.0,LO
6941,1413,0.0,0.042,0.384,0.747,0.0,0.0,0.0,0.0,LO
6941,1421,0.0,0.218,0.226,1.358,0.0,0.0,0.0,0.0,LO
6941,1429,0.0,0.078,0.147,0.67,0.132,0.0,0.0,0.0,LO
6941,1437,0.0,0.012,0.188,0.826,0.308,0.037,0.0,0.0,LO
6941,1439,0.0,0.009,0.126,0.132,0.0,0.0,0.0,0.0,LO
6941,1440,0.0,0.063,1.052,0.724,0.0,0.0,0.0,0.0,LO
6941,1441,0.0,0.0,0.015,0.023,0.0,0.013,0.007999999,0.0,LO
6941,1445,0.0,0.029,0.365,0.6,0.0,0.0,0.0,0.0,LO
6941,1448,0.0,0.109,2.079,0.114999995,0.213,0.255,0.004,0.0,LO
6941,1449,0.0,0.002,0.015,0.040999997,0.0,0.0,0.0,0.0,LO
6941,1524,0.0,0.071,0.313,0.956,0.419,0.11,0.0,0.0,LO
6941,6814,0.0,1.064,5.17,19.758999,8.95,3.392,1.593,0.0,LO
6941,6867,0.0,2.376,14.389,34.54,15.483,8.108,1.932,0.0,LO
6941,6913,0.0,0.002,2.568,10.018,7.639,2.365,0.208,0.0,LO
6941,6919,0.0,0.0,0.042,0.237,0.077,0.069,0.0,0.0,LO
6941,6934,0.0,2.646,24.612,46.318,19.163,9.241,2.175,0.0,LO
6941,6947,0.0,2.113,2.677,14.838,7.551,3.448,0.78000003,0.0,LO
6941,6949,0.0,0.012,5.342,18.075,7.045,4.045,0.826,0.0,LO
6941,6952,0.0,0.564,4.567,22.193,9.672,7.026,2.123,0.0,LO
6941,6954,0.0,0.138,0.161,0.299,0.117,0.0,0.0,0.0,LO
6941,6956,0.0,0.102,2.023,13.588,6.379,2.226,0.301,0.0,LO
6941,6958,0.0,1.985,8.372,39.749,14.207,7.087,0.712,0.0,LO
6941,6959,0.0,2.123,15.844,69.98,21.623,5.996,0.459,0.0,LO
6941,6961,0.0,7.4649997,15.762,32.853,11.587,5.899,2.026,0.0,LO
6941,6962,0.0,5.128,22.433,28.868,11.283,8.354,5.427,0.0,LO
6941,6965,0.0,41.242,106.090004,244.759,99.391,42.559002,8.009,0.0,LO
6941,6966,0.0,1.208,16.613,22.208,9.864,5.1019998,2.06,0.0,LO
6941,6967,0.0,0.418,5.33,21.941,4.574,6.687,1.9629999,0.0,LO
6941,6968,0.0,1.5189999,17.451,22.819,18.316,8.069,1.618,0.0,LO
6941,6972,0.0,0.95199996,2.24,10.257,3.376,0.942,0.712,0.0,LO
6941,6973,0.0,0.0,0.0,0.374,0.055999998,0.044,0.034,0.0,LO
6941,6978,0.0,0.285,0.977,2.171,1.002,0.20300001,0.0,0.0,LO
6941,6979,0.0,0.125,1.51,1.918,0.94,1.136,0.517,0.0,LO
6941,7402,0.0,0.075,1.349,1.529,0.935,0.26,0.0,0.0,LO
6941,7403,0.0,0.112,1.209,1.598,1.0649999,0.0,0.0,0.0,LO
6941,7408,0.0,0.75100005,0.796,2.22,1.793,0.296,0.0,0.0,LO
6941,7467,0.0,0.0,0.61800003,2.148,1.581,2.286,0.0,0.0,LO
6947,514,0.0,0.539,0.716,2.118,0.825,1.164,0.101,0.0,LO
6947,621,0.0,0.0,0.015,0.001,0.0,0.0,0.0,0.0,LO
6947,698,0.0,33.593,107.658,278.462,114.682,50.544,13.294,0.0,LO
6947,719,0.0,0.0,0.921,4.702,1.399,0.338,0.053,0.0,LO
6947,766,0.0,0.001,0.239,0.127,0.107999995,0.027,0.0,0.0,LO
6947,1413,0.0,0.0,0.365,0.441,0.131,0.009,0.001,0.0,LO
6947,1429,0.0,0.0,0.114,0.244,0.176,0.046,0.0,0.0,LO
6947,1440,0.0,0.0,1.278,1.103,0.0,0.0,0.0,0.0,LO
6947,1449,0.0,0.0,0.001,0.046,0.0,0.0,0.0,0.0,LO
6947,6814,0.0,0.499,3.887,18.168,7.83,3.3669999,0.612,0.0,LO
6947,6867,0.0,0.90099996,4.524,17.706,9.234,4.419,1.514,0.0,LO
6947,6934,0.0,1.779,9.1449995,22.392,5.11,3.826,0.99300003,0.0,LO
6947,6941,0.0,0.001,2.188,9.892,6.975,2.886,1.283,0.0,LO
6947,6949,0.0,0.077,0.78099996,6.2,4.7139997,2.5110002,1.303,0.0,LO
6947,6952,0.0,0.0,0.72,3.2779999,1.4530001,0.889,0.162,0.0,LO
6947,6956,0.0,0.15799999,1.848,5.809,2.691,2.853,0.487,0.0,LO
6947,6958,0.0,0.559,3.566,20.454,9.372,3.546,1.219,0.0,LO
6947,6961,0.0,1.303,4.72,11.023,5.736,2.742,1.3790001,0.0,LO
6947,6962,0.0,1.365,2.827,9.549,5.45,2.631,1.689,0.0,LO
6947,6965,0.0,8.669,29.93,76.088,32.06,15.262,4.587,0.0,LO
6947,6966,0.0,0.262,4.786,9.072,2.926,1.773,0.67800003,0.0,LO
6947,6967,0.0,1.237,1.5910001,6.931,2.084,1.253,0.726,0.0,LO
6947,6968,0.0,1.2989999,4.219,8.908,4.296,4.775,3.145,0.0,LO
6947,6972,0.0,0.632,5.155,12.721,8.3619995,4.932,2.789,0.0,LO
6947,6978,0.0,0.126,0.614,0.931,0.596,0.61700004,0.005,0.0,LO
6947,6979,0.0,0.0,0.002,1.2,0.786,0.15900001,0.14,0.0,LO
6947,7402,0.0,0.003,0.154,0.662,0.764,0.004,0.0,0.0,LO
6947,7403,0.0,0.005,0.779,0.607,0.285,0.268,0.001,0.0,LO
6947,7467,0.0,0.070999995,0.20199999,0.638,0.73800004,0.12900001,0.0,0.0,LO
6949,514,0.0,0.125,0.313,0.442,0.107,0.234,0.014,0.0,LO
6949,698,0.0,25.338,60.891,127.226,44.147,21.414,8.107,0.0,LO
6949,719,0.0,0.0,0.198,0.643,0.117,0.13,0.0,0.0,LO
6949,1413,0.0,0.029,0.283,0.306,0.067,0.073,0.0,0.0,LO
6949,1440,0.0,0.0,0.36,0.213,0.0,0.0,0.0,0.0,LO
6949,5595,0.0,0.015999999,0.154,0.0,0.013,0.042,0.001,0.0,LO
6949,6814,0.0,3.99,6.947,28.638,10.157001,4.349,1.916,0.0,LO
6949,6867,0.0,0.257,2.065,4.762,2.072,2.3660002,1.127,0.0,LO
6949,6934,0.0,0.435,3.645,5.543,1.747,1.482,0.842,0.0,LO
6949,6941,0.0,1.089,5.087,12.257,6.303,2.953,1.536,0.0,LO
6949,6947,0.0,3.4720001,6.345,12.387,5.8650002,2.243,0.695,0.0,LO
6949,6952,0.0,0.0,0.807,2.422,0.506,0.43699998,0.074,0.0,LO
6949,6956,0.0,0.187,2.9559999,14.241,2.715,1.885,1.7360001,0.0,LO
6949,6958,0.0,3.239,7.478,12.706,4.19,3.39,0.60899997,0.0,LO
6949,6959,0.0,0.11,1.043,2.05,0.148,0.017,0.0,0.0,LO
6949,6961,0.0,0.156,1.2409999,3.4,1.38,0.871,0.429,0.0,LO
6949,6962,0.0,0.136,2.3960001,3.539,1.931,1.309,1.072,0.0,LO
6949,6965,0.0,3.044,7.753,19.966,8.82,5.079,1.184,0.0,LO
6949,6966,0.0,0.065,1.506,2.554,0.9,0.496,0.188,0.0,LO
6949,6967,0.0,0.559,1.286,1.602,0.867,0.806,0.033,0.0,LO
6949,6968,0.0,0.0,0.392,5.582,2.1200001,1.065,0.482,0.0,LO
6949,6972,0.0,1.369,14.9609995,27.463,8.094,6.907,5.132,0.0,LO
6949,6978,0.0,0.051,0.553,0.681,0.343,0.116,0.0,0.0,LO
6952,514,0.0,0.265,1.262,1.5,0.473,0.558,0.020000001,0.0,LO
6952,618,0.0,0.018,0.052,0.105,0.05,0.002,0.0,0.0,LO
6952,686,0.0,0.0,0.015,0.004,0.0,0.0,0.0,0.0,LO
6952,698,0.0,24.944,93.923,235.886,78.952,41.947,16.527,0.0,LO
6952,719,0.0,0.0,0.704,2.341,0.861,0.20199999,0.076,0.0,LO
6952,766,0.0,0.017,0.081,0.083000004,0.029,0.043,0.007,0.0,LO
6952,1404,0.0,0.0,0.047,0.231,0.0,0.0,0.0,0.0,LO
6952,1413,0.0,0.015,0.51,0.239,0.109,0.135,0.012,0.0,LO
6952,1429,0.0,0.021,0.052,0.386,0.144,0.063,0.030000001,0.0,LO
6952,1440,0.0,0.0,0.344,0.794,0.0,0.0,0.0,0.0,LO
6952,1449,0.0,0.0,0.013,0.036,0.0,0.0,0.0,0.0,LO
6952,5595,0.0,0.0,0.0,0.0,0.0,0.048,0.002,0.0,LO
6952,6814,0.0,0.751,3.735,9.585,3.017,0.612,0.335,0.0,LO
6952,6867,0.0,0.194,2.2849998,11.46,4.471,2.668,0.82,0.0,LO
6952,6934,0.0,0.788,3.206,12.934,3.0080001,2.133,0.362,0.0,LO
6952,6941,0.0,0.22399999,8.914,25.846,7.181,3.026,0.27899998,0.0,LO
6952,6947,0.0,0.889,1.548,8.394,3.296,1.57,0.364,0.0,LO
6952,6949,0.0,0.082,0.538,2.151,0.975,0.767,0.327,0.0,LO
6952,6956,0.0,0.139,2.103,10.473,3.922,2.353,0.181,0.0,LO
6952,6958,0.0,0.556,9.69,24.892,6.7209997,2.14,1.016,0.0,LO
6952,6959,0.0,0.0,0.351,1.863,0.686,0.011,0.0,0.0,LO
6952,6961,0.0,0.277,4.4110003,7.4430003,1.982,0.873,0.53,0.0,LO
6952,6962,0.0,0.199,1.78,7.865,1.444,1.007,2.587,0.0,LO
6952,6965,0.0,6.121,25.06,67.544,26.866,12.281,6.004,0.0,LO
6952,6966,0.0,0.106,5.661,4.525,1.799,1.3690001,0.027,0.0,LO
6952,6967,0.0,0.102,1.871,3.615,0.913,1.46,0.49199998,0.0,LO
6952,6968,0.0,0.48000002,3.8240001,6.505,3.662,1.399,2.927,0.0,LO
6952,6972,0.0,0.86700004,21.098,30.311,10.777,3.639,1.6099999,0.0,LO
6952,6978,0.0,0.0,0.186,1.198,0.416,0.319,0.012,0.0,LO
6952,6979,0.0,0.001,0.22000001,0.864,0.50200003,0.32500002,0.001,0.0,LO
6952,7403,0.0,0.001,0.333,0.598,0.387,0.024,0.092,0.0,LO
6952,7467,0.0,0.0,0.001,0.495,0.25,0.666,0.001,0.0,LO
6954,514,0.0,0.161,0.382,1.044,0.19600001,0.124000005,0.0,0.0,LO
6954,686,0.0,0.206,0.273,1.182,0.373,0.0,0.0,0.0,LO
6954,719,0.0,0.0,0.0,0.0,0.0,0.015,0.0,0.0,LO
6954,742,0.0,44.369,168.085,479.773,138.314,89.526,13.828,0.0,LO
6954,1022,0.0,0.0,0.0,0.0,0.0,0.0,0.048,0.0,LO
6954,1429,0.0,0.0,0.656,3.175,1.533,1.346,0.139,0.0,LO
6954,1440,0.0,0.0,0.415,0.782,0.349,0.205,0.063,0.0,LO
6954,1441,0.0,0.0,0.0,1.515,0.46600002,0.759,0.106,0.0,LO
6954,1449,0.0,0.0,0.023,0.037,0.022,0.026999999,0.014,0.0,LO
6954,6867,0.0,0.829,12.425,46.022,17.782,18.839,2.164,0.0,LO
6954,6914,0.0,1.1159999,5.945,35.819,18.163,7.15,1.09,0.0,LO
6954,6919,0.0,0.0,6.486,31.661,7.979,10.933,2.64,0.0,LO
6954,6926,0.0,3.11,6.98,46.357998,19.935999,19.691,2.818,0.0,LO
6954,6934,0.0,0.0,1.024,0.481,0.375,0.21700001,0.053,0.0,LO
6954,6941,0.0,0.0,0.086,0.29,0.07,0.0,0.081,0.0,LO
6954,6956,0.0,0.0,0.022,0.118,0.048,0.054,0.0,0.0,LO
6954,6961,0.0,3.2020001,12.084001,43.852,15.003,16.831,2.89,0.0,LO
6954,6962,0.0,0.076000005,0.35500002,2.588,1.366,3.018,0.225,0.0,LO
6954,6965,0.0,26.581,117.471,271.602,86.052,55.654,8.783,0.0,LO
6954,6966,0.0,0.0,1.268,9.015,2.13,1.449,0.291,0.0,LO
6954,6973,0.0,0.454,14.015,52.953,19.06,8.053,1.192,0.0,LO
6954,6978,0.0,0.0,1.053,3.26,0.86399996,0.564,0.34600002,0.0,LO
6954,6979,0.0,0.0,0.339,2.458,0.875,1.466,0.131,0.0,LO
6956,514,0.0,0.191,0.759,3.4819999,1.702,1.734,0.696,0.0,LO
6956,591,0.0,0.007,0.0,0.0,0.0,0.0,0.0,0.0,LO
6956,621,0.0,0.0,0.0,0.004,0.0,0.0,0.0,0.0,LO
6956,686,0.0,0.006,0.029,0.053,0.0,0.0,0.0,0.0,LO
6956,698,0.0,48.311,187.306,455.043,187.114,93.809,27.165,0.0,LO
6956,719,0.0,0.0,0.667,2.486,0.5,0.331,0.251,0.0,LO
6956,766,0.0,0.051,0.018,0.015,0.005,0.040000003,0.015000001,0.0,LO
6956,1404,0.0,0.0,0.003,0.14999999,0.0,0.0,0.0,0.0,LO
6956,1409,0.0,0.015000001,0.0,0.666,0.156,0.101,0.0,0.0,LO
6956,1413,0.0,0.011,0.086,0.508,0.0,0.0,0.0,0.0,LO
6956,1421,0.0,0.068,0.165,0.587,0.0,0.0,0.0,0.0,LO
6956,1429,0.0,0.0,0.027,0.347,0.026,0.029000001,0.0,0.0,LO
6956,1437,0.0,0.004,0.112,0.259,0.0,0.0,0.0,0.0,LO
6956,1438,0.0,0.0,0.005,0.077,0.068,0.004,0.0,0.0,LO
6956,1440,0.0,0.008,0.162,0.206,0.0,0.0,0.0,0.0,LO
6956,1441,0.0,0.0,0.0,0.011,0.0,0.0,0.0,0.0,LO
6956,1445,0.0,0.016,0.043,0.307,0.0,0.0,0.0,0.0,LO
6956,1448,0.0,0.014,0.031,0.211,0.116,0.020000001,0.002,0.0,LO
6956,1449,0.0,0.001,0.014,0.03,0.0,0.0,0.0,0.0,LO
6956,6814,0.0,0.052,1.58,6.001,12.499,1.905,0.276,0.0,LO
6956,6867,0.0,0.216,10.334,25.273,6.965,4.189,2.336,0.0,LO
6956,6913,0.0,0.007,4.62,6.754,22.913,4.752,0.498,0.0,LO
6956,6914,0.0,0.0,0.0,0.0,0.063,0.013,0.0,0.0,LO
6956,6919,0.0,0.028,0.053,0.191,0.091,0.068,0.0,0.0,LO
6956,6934,0.0,2.099,8.034,20.306,3.5279999,2.683,1.739,0.0,LO
6956,6941,0.0,0.175,1.448,12.794,8.746,1.8889999,0.307,0.0,LO
6956,6947,0.0,0.947,1.535,8.663,5.421,2.12,0.734,0.0,LO
6956,6949,0.0,0.058,1.284,5.664,15.549,4.042,1.161,0.0,LO
6956,6952,0.0,0.398,2.435,10.356,8.644,2.914,1.218,0.0,LO
6956,6954,0.0,0.0,0.171,0.146,0.034,0.07,0.02,0.0,LO
6956,6958,0.0,0.736,5.571,14.78,1.928,1.055,0.626,0.0,LO
6956,6959,0.0,1.868,10.037,37.089,54.920998,6.737,0.44599998,0.0,LO
6956,6961,0.0,2.602,13.507,28.333,7.405,4.072,2.924,0.0,LO
6956,6962,0.0,0.818,9.344,24.531,6.804,5.356,3.244,0.0,LO
6956,6965,0.0,10.819,49.171,138.019,77.499,33.484,9.09,0.0,LO
6956,6966,0.0,1.441,6.105,20.836,3.606,2.404,2.7519999,0.0,LO
6956,6967,0.0,0.847,3.379,8.422,1.585,1.366,0.549,0.0,LO
6956,6968,0.0,0.201,4.858,14.583,2.1829998,2.195,0.377,0.0,LO
6956,6972,0.0,0.0,1.152,5.053,3.5310001,0.52,1.0,0.0,LO
6956,6978,0.0,0.13,1.401,1.52,0.296,0.45000002,0.341,0.0,LO
6956,6979,0.0,0.0,1.193,2.1100001,0.529,1.006,0.038,0.0,LO
6956,7402,0.0,0.028,0.277,1.463,0.235,0.25,0.227,0.0,LO
6956,7403,0.0,0.0,0.315,0.811,0.227,0.052,0.0,0.0,LO
6956,7408,0.0,0.1,0.304,1.117,0.24,0.583,0.02,0.0,LO
6956,7467,0.0,0.0,0.143,0.846,0.257,0.451,0.175,0.0,LO
6958,514,0.0,0.24599999,1.247,0.886,0.522,1.256,0.175,0.0,LO
6958,686,0.0,0.13,0.0,0.044,0.0,0.0,0.0,0.0,LO
6958,698,0.0,25.941,84.768,243.816,116.713,78.293,24.01,0.0,LO
6958,719,0.0,0.0,0.649,2.501,0.662,0.426,0.296,0.0,LO
6958,766,0.0,0.022,0.046,0.011,0.0,0.0,0.0,0.0,LO
6958,1409,0.0,0.0,0.049000002,1.006,0.147,0.0,0.0,0.0,LO
6958,1421,0.0,0.147,0.025,0.40600002,0.0,0.0,0.0,0.0,LO
6958,1437,0.0,0.028,0.115,0.048,0.0,0.0,0.0,0.0,LO
6958,1440,0.0,0.038,0.093,0.238,0.0,0.0,0.0,0.0,LO
6958,1445,0.0,0.001,0.455,0.049000002,0.0,0.0,0.0,0.0,LO
6958,1449,0.0,0.0,0.006,0.017,0.0,0.0,0.0,0.0,LO
6958,6814,0.0,0.067999996,2.181,5.09,1.602,0.988,0.23099999,0.0,LO
6958,6867,0.0,0.968,12.624001,29.756,13.95,12.888,3.383,0.0,LO
6958,6913,0.0,0.006,4.46,7.616,5.582,4.085,5.072,0.0,LO
6958,6919,0.0,0.0,0.093,0.201,0.072,0.073,0.0,0.0,LO
6958,6934,0.0,0.206,4.309,27.849,9.315,8.2109995,0.589,0.0,LO
6958,6941,0.0,3.784,6.849,30.826,14.705,8.924,3.142,0.0,LO
6958,6947,0.0,0.638,8.518001,24.534,5.526,5.435,1.781,0.0,LO
6958,6949,0.0,1.026,3.511,10.951,6.0299997,3.8769999,2.634,0.0,LO
6958,6952,0.0,0.283,3.444,16.071001,7.326,6.393,3.783,0.0,LO
6958,6956,0.0,0.141,0.82500005,4.999,4.07,2.879,0.605,0.0,LO
6958,6959,0.0,3.743,21.09,46.143,17.635,13.692,2.318,0.0,LO
6958,6961,0.0,10.79,17.786,43.729,12.713,9.046,4.369,0.0,LO
6958,6962,0.0,4.078,23.407999,51.757,13.422,16.014,5.798,0.0,LO
6958,6965,0.0,28.086,61.281998,132.061,50.659,36.997,10.961,0.0,LO
6958,6966,0.0,1.423,17.628,56.527,15.152,12.209,6.537,0.0,LO
6958,6967,0.0,0.0,1.827,13.597,3.297,3.68,0.728,0.0,LO
6958,6968,0.0,0.0,4.3129997,8.629,4.744,3.4720001,0.352,0.0,LO
6958,6972,0.0,0.0,3.234,18.67,8.244,6.176,1.584,0.0,LO
6958,6978,0.0,0.261,0.756,3.969,1.132,3.284,0.577,0.0,LO
6958,6979,0.0,0.0,4.205,5.463,1.33,1.088,0.122999996,0.0,LO
6959,514,0.0,0.61,1.976,7.466,4.076,2.278,0.076,0.0,LO
6959,686,0.0,0.017,0.0,0.203,0.0,0.0,0.0,0.0,LO
6959,698,0.0,61.398,198.563,700.935,229.94,86.648,21.791,0.0,LO
6959,719,0.0,0.0,0.365,1.226,0.0,0.78,0.139,0.0,LO
6959,755,0.0,0.007,0.0,0.0,0.0,0.012,0.0,0.0,LO
6959,766,0.0,0.025,0.008,0.053,0.066,0.033,0.0,0.0,LO
6959,1409,0.0,0.015999999,0.099,1.745,0.54399997,0.094000004,0.003,0.0,LO
6959,1413,0.0,0.038,0.146,0.503,0.0,0.114,0.0,0.0,LO
6959,1429,0.0,0.06,0.193,0.253,0.255,0.053,0.0,0.0,LO
6959,1437,0.0,0.012,0.015000001,0.36299998,0.045,0.143,0.0,0.0,LO
6959,1440,0.0,0.066,0.0,1.171,0.0,0.0,0.0,0.0,LO
6959,1445,0.0,0.035,0.132,0.132,0.0,0.042,0.0,0.0,LO
6959,1448,0.0,0.038999997,0.214,0.427,0.292,0.012,0.0,0.0,LO
6959,1449,0.0,0.001,0.0,0.026,0.0,0.0,0.0,0.0,LO
6959,6814,0.0,0.024999999,0.811,3.7450001,0.534,0.32999998,0.002,0.0,LO
6959,6867,0.0,0.62700003,6.534,26.503,12.166,6.472,1.893,0.0,LO
6959,6913,0.0,0.176,3.477,40.56,16.891,2.923,1.637,0.0,LO
6959,6919,0.0,0.002,0.086,0.573,0.46600002,0.242,0.002,0.0,LO
6959,6934,0.0,1.8,10.434999,41.962,17.823,9.57,0.951,0.0,LO
6959,6941,0.0,0.937,12.378,78.261,24.642,6.453,1.873,0.0,LO
6959,6947,0.0,0.0,0.0,0.8,0.78000003,0.004,0.0,0.0,LO
6959,6949,0.0,0.0,0.0,1.0749999,1.277,0.282,0.234,0.0,LO
6959,6952,0.0,0.0,0.003,0.949,0.272,0.126,0.299,0.0,LO
6959,6954,0.0,0.004,0.042999998,0.285,0.166,0.04,0.0,0.0,LO
6959,6956,0.0,0.46100003,6.263,78.373,14.264999,5.87,1.463,0.0,LO
6959,6958,0.0,1.214,13.205,82.29,27.063,8.375,0.88299996,0.0,LO
6959,6961,0.0,1.86,7.305,23.632,10.1,3.605,1.6,0.0,LO
6959,6962,0.0,0.872,7.4119997,28.339,15.303,6.511,2.216,0.0,LO
6959,6965,0.0,17.152,76.594,263.205,82.804,33.703,10.952,0.0,LO
6959,6966,0.0,1.423,7.0880003,27.061,7.865,5.392,1.704,0.0,LO
6959,6967,0.0,0.68700004,5.037,16.891,5.681,2.714,0.71,0.0,LO
6959,6968,0.0,2.067,7.24,28.545,12.271,4.001,1.521,0.0,LO
6959,6972,0.0,1.9679999,19.799,110.195,48.701,12.639,1.856,0.0,LO
6959,6978,0.0,0.094,0.426,4.67,0.59000003,0.266,0.002,0.0,LO
6959,6979,0.0,0.085,0.254,1.382,0.929,0.609,0.371,0.0,LO
6959,7402,0.0,0.018000001,0.266,1.673,0.822,0.514,0.16,0.0,LO
6959,7403,0.0,0.007999999,0.462,2.189,0.485,0.05,0.166,0.0,LO
6959,7408,0.0,0.54800004,0.429,2.374,0.997,0.399,0.123,0.0,LO
6959,7467,0.0,0.001,0.028,1.7,0.845,0.236,0.088,0.0,LO
6961,603,0.0,0.0,0.228,0.532,0.23,0.053,0.120000005,0.0,LO
6961,698,0.0,1.6389999,7.286,34.703,22.954,14.832,6.965,0.0,LO
6961,719,0.0,0.007,0.0,0.0,0.0,0.0,0.0,0.0,LO
6961,742,0.0,1.2279999,18.688,92.333,48.853,34.872,21.181,0.0,LO
6961,1409,0.0,0.0,0.227,0.677,0.161,0.0,0.151,0.0,LO
6961,1413,0.0,0.0,0.452,1.5320001,0.109,0.0,0.0,0.0,LO
6961,1429,0.0,0.0,0.167,1.011,0.417,0.878,1.833,0.0,LO
6961,1439,0.0,0.0,0.381,0.963,0.186,0.384,0.0,0.0,LO
6961,1440,0.0,0.0,0.33,1.345,0.283,0.1,0.182,0.0,LO
6961,1441,0.0,0.0,0.0,1.24,0.256,0.735,0.0,0.0,LO
6961,1448,0.0,0.0,0.0,0.361,0.814,0.14,0.0,0.0,LO
6961,1449,0.0,0.0,0.01,0.067,0.036000002,0.008,0.011,0.0,LO
6961,6814,0.0,0.0,0.283,1.453,0.65,0.179,0.145,0.0,LO
6961,6867,0.0,0.449,2.364,31.827,15.448,11.363,6.118,0.0,LO
6961,6913,0.0,0.153,1.9,5.209,4.251,1.721,7.63,0.0,LO
6961,6914,0.0,0.12,4.959,21.634,7.052,7.871,6.984,0.0,LO
6961,6919,0.0,1.443,7.075,31.427,17.417,8.484,7.56,0.0,LO
6961,6926,0.0,1.5350001,2.2979999,19.717001,12.547,15.287,5.532,0.0,LO
6961,6934,0.0,0.0,6.826,46.802002,18.721,16.973,6.154,0.0,LO
6961,6941,0.0,1.48,9.3359995,27.584,15.737,9.249,5.157,0.0,LO
6961,6947,0.0,1.087,2.184,10.721,6.172,2.83,1.631,0.0,LO
6961,6949,0.0,0.199,0.592,3.858,1.259,0.154,0.58,0.0,LO
6961,6952,0.0,0.406,1.449,3.142,2.691,2.915,1.148,0.0,LO
6961,6954,0.0,0.633,5.958,33.521,22.23,8.8220005,5.663,0.0,LO
6961,6956,0.0,0.329,9.871,18.758999,10.905,6.94,2.888,0.0,LO
6961,6958,0.0,4.739,7.611,38.266,24.443,11.881,7.027,0.0,LO
6961,6959,0.0,0.311,4.574,13.902,11.793,5.347,3.6629999,0.0,LO
6961,6962,0.0,0.0,0.429,3.155,2.132,1.712,0.503,0.0,LO
6961,6965,0.0,1.698,11.142,58.575,21.333,9.585,5.073,0.0,LO
6961,6966,0.0,0.0,2.507,20.582,6.41,6.621,2.247,0.0,LO
6961,6967,0.0,0.216,1.781,25.437,4.774,8.85,4.325,0.0,LO
6961,6968,0.0,0.86800003,6.172,23.948,17.612,15.093,9.387,0.0,LO
6961,6972,0.0,0.373,8.562,23.941,23.184,15.861,5.109,0.0,LO
6961,6973,0.0,0.236,9.773,46.598,26.476,22.728,13.501,0.0,LO
6961,6978,0.0,0.0,0.0,1.152,0.932,0.961,0.194,0.0,LO
6962,603,0.0,0.016,0.0,0.0,0.0,0.0,0.0,0.0,LO
6962,698,0.0,4.414,9.666,66.322,49.307,23.724,16.739,0.0,LO
6962,719,0.0,0.0,0.0,0.034,0.0,0.008,0.01,0.0,LO
6962,742,0.0,0.008,1.312,13.266,8.315001,4.278,1.528,0.0,LO
6962,766,0.0,0.0,0.0,0.37,0.059,0.0,0.213,0.0,LO
6962,1409,0.0,0.0,0.17300001,0.368,0.252,0.066,0.0,0.0,LO
6962,1413,0.0,0.094000004,0.31,1.454,0.057,0.067,0.632,0.0,LO
6962,1429,0.0,0.0,0.135,0.485,1.45,0.0,0.0,0.0,LO
6962,1439,0.0,0.070999995,0.37,0.828,0.556,0.085999995,0.221,0.0,LO
6962,1440,0.0,0.0,0.204,2.371,0.42000002,0.732,0.383,0.0,LO
6962,1441,0.0,0.0,0.0,1.39,0.34,0.58,0.6,0.0,LO
6962,1448,0.0,0.0,0.0,0.245,0.522,0.068,0.334,0.0,LO
6962,1449,0.0,0.0,0.0,0.019000001,0.029000001,0.015000001,0.037,0.0,LO
6962,6814,0.0,0.169,0.435,1.337,0.435,0.16,0.07,0.0,LO
6962,6867,0.0,0.007,0.969,12.009,7.081,6.542,2.196,0.0,LO
6962,6913,0.0,0.008,0.996,9.074,4.175,3.175,9.092,0.0,LO
6962,6914,0.0,0.0,0.87,2.2220001,1.484,0.573,0.0,0.0,LO
6962,6919,0.0,0.0,1.006,2.833,2.331,0.476,0.0,0.0,LO
6962,6926,0.0,0.0,0.267,2.356,0.558,0.29000002,0.0,0.0,LO
6962,6934,0.0,1.091,5.1470003,68.805,32.761,26.781,9.539,0.0,LO
6962,6941,0.0,1.619,10.845,28.535,23.887,9.419,8.783,0.0,LO
6962,6947,0.0,2.919,5.029,9.831,4.199,2.192,2.105,0.0,LO
6962,6949,0.0,0.258,0.65999997,2.853,1.39,1.6370001,2.169,0.0,LO
6962,6952,0.0,0.556,2.508,4.007,1.997,2.48,0.746,0.0,LO
6962,6954,0.0,0.0,0.504,4.588,2.269,0.803,0.269,0.0,LO
6962,6956,0.0,0.626,7.124,14.376,10.6449995,8.272,6.701,0.0,LO
6962,6958,0.0,5.042,13.415,49.107,26.153,17.376,13.559,0.0,LO
6962,6959,0.0,1.231,4.448,21.603,12.458,4.349,2.041,0.0,LO
6962,6961,0.0,0.0,0.146,3.291,1.707,1.694,1.055,0.0,LO
6962,6965,0.0,0.97499996,8.288,50.495,18.032999,9.97,8.33,0.0,LO
6962,6966,0.0,0.0,0.712,4.582,1.533,2.69,0.898,0.0,LO
6962,6967,0.0,0.58,3.704,31.205,11.572,12.085,10.192,0.0,LO
6962,6968,0.0,1.091,11.736,37.896,26.077,18.31,11.105,0.0,LO
6962,6972,0.0,5.702,23.766,33.6,28.785,9.315,14.631,0.0,LO
6962,6973,0.0,0.0,0.644,3.705,4.8250003,1.53,0.726,0.0,LO
6965,603,0.0,0.0,0.0,0.036,0.005,0.008,0.003,0.0,LO
6965,698,0.0,16.786,14.541,60.662,66.226,42.158,35.198,0.0,LO
6965,742,0.0,13.112,31.349,265.609,237.983,155.98799,140.039,5.1390004,LO
6965,1429,0.0,0.0,0.0,0.031,0.072,0.007,0.016,0.0,LO
6965,6814,0.0,0.69699997,1.516,12.097,7.525,8.206,11.493,0.0,LO
6965,6867,0.0,1.535,20.643,156.567,144.369,113.972,88.738,4.532,LO
6965,6913,0.0,2.358,10.793,46.461,53.907,51.933,48.656,0.0,LO
6965,6914,0.0,0.944,17.844,186.357,172.576,131.009,141.912,8.458,LO
6965,6919,0.0,2.157,29.236,184.105,214.34601,145.049,136.153,6.0420003,LO
6965,6926,0.0,3.967,24.735,221.065,244.49,198.69,147.92,0.013,LO
6965,6934,0.0,1.615,9.723001,101.681,92.686,67.694,26.317,0.0,LO
6965,6941,0.0,17.483,33.544,123.471,130.519,82.145,54.175,0.0,LO
6965,6947,0.0,9.564,16.714,36.053,41.024,25.383,16.352,0.0,LO
6965,6949,0.0,1.338,2.801,15.213,16.438,15.524,17.261,0.0,LO
6965,6952,0.0,2.687,7.7469997,32.814,31.286,26.409,16.002,0.0,LO
6965,6954,0.0,3.111,16.686,125.905,131.645,83.902,73.775,3.6690001,LO
6965,6956,0.0,2.904,32.155,119.822,51.106,38.537,18.517,0.0,LO
6965,6958,0.0,6.265,19.197,92.271,57.66,49.38,35.465,0.0,LO
6965,6959,0.0,1.965,24.973,105.043,134.772,83.295,60.821,0.0,LO
6965,6961,0.0,0.58,6.051,32.72,20.426,14.927,13.394,0.0,LO
6965,6962,0.0,0.062,4.716,39.568,26.062,16.248,25.139,0.0,LO
6965,6966,0.0,1.407,25.731,272.199,174.388,111.498,72.281,0.0,LO
6965,6967,0.0,3.008,10.32,80.245,47.4,57.924,35.809002,0.0,LO
6965,6968,0.0,3.4060001,4.566,34.274002,37.462,28.266,14.884,0.0,LO
6965,6972,0.0,6.916,31.366001,114.313995,89.204,64.599,53.942,0.0,LO
6965,6973,0.0,3.263,17.523,167.995,137.699,89.166,93.548,7.938,LO
6965,6979,0.0,0.0,0.0,0.262,0.065,0.042,0.0,0.0,LO
6966,603,0.0,0.0,0.0,0.0,0.0,0.0,0.082,0.0,LO
6966,698,0.0,4.188,43.181,203.385,103.723,59.715,27.886,0.0,LO
6966,719,0.0,0.0,0.015999999,0.2,0.009,0.002,0.0,0.0,LO
6966,742,0.0,0.02,2.06,15.615,10.038,5.272,1.658,0.0,LO
6966,1439,0.0,0.052,0.0,0.84999996,0.386,0.0,0.45499998,0.0,LO
6966,1440,0.0,0.0,0.0,1.14,0.315,0.097,0.0,0.0,LO
6966,6814,0.0,0.0,0.298,1.467,0.578,0.058,0.17,0.0,LO
6966,6867,0.0,0.0,0.869,7.004,4.86,2.448,0.493,0.0,LO
6966,6913,0.0,0.371,2.542,5.612,4.17,2.23,2.209,0.0,LO
6966,6914,0.0,0.0,2.099,2.762,0.454,0.572,0.0,0.0,LO
6966,6919,0.0,0.0,0.707,4.232,2.335,2.129,0.289,0.0,LO
6966,6926,0.0,0.0,0.0,2.555,0.739,0.0,0.0,0.0,LO
6966,6934,0.0,0.568,6.474,84.178,41.545,31.597,8.106,0.0,LO
6966,6941,0.0,0.0,7.7229996,17.501,12.736,8.006,5.991,0.0,LO
6966,6947,0.0,3.9650002,4.907,6.526,2.2849998,1.9020001,0.95,0.0,LO
6966,6949,0.0,0.001,0.28599998,1.511,0.889,1.475,2.305,0.0,LO
6966,6952,0.0,0.68299997,1.614,3.566,1.998,0.945,0.423,0.0,LO
6966,6954,0.0,0.0,1.05,4.354,3.058,1.56,0.768,0.0,LO
6966,6956,0.0,0.588,4.604,11.336,11.158,11.43,1.571,0.0,LO
6966,6958,0.0,0.0,7.981,44.219,20.138,20.655,16.491001,0.0,LO
6966,6959,0.0,0.194,5.341,16.567,10.646,7.122,4.678,0.0,LO
6966,6961,0.0,0.0,2.743,21.489,10.386,3.895,4.249,0.0,LO
6966,6962,0.0,0.0,0.405,5.217,2.5640001,1.176,1.735,0.0,LO
6966,6965,0.0,1.718,62.883,323.972,116.827,61.987,32.204,0.0,LO
6966,6967,0.0,0.0,3.578,40.208,11.73,13.542,5.893,0.0,LO
6966,6968,0.0,1.465,8.944,34.252,23.542,21.794,14.384,0.0,LO
6966,6972,0.0,0.0,12.048,23.16,11.794001,9.706,3.136,0.0,LO
6966,6973,0.0,0.0,0.927,5.787,2.42,2.1959999,0.368,0.0,LO
6966,6978,0.0,0.0,0.244,0.87,0.16600001,0.431,0.0,0.0,LO
6967,698,0.0,14.533,89.821,295.425,88.739,50.644,14.807,0.0,LO
6967,719,0.0,0.0,0.188,0.934,0.396,0.208,0.0,0.0,LO
6967,1413,0.0,0.0,0.0,0.378,0.046,0.0,0.0,0.0,LO
6967,1440,0.0,0.0,0.098000005,0.688,0.092,0.0,0.0,0.0,LO
6967,5595,0.0,0.042999998,0.167,0.184,0.091000006,0.065,0.024999999,0.0,LO
6967,6814,0.0,0.053999998,0.518,1.584,0.407,0.0,0.0,0.0,LO
6967,6867,0.0,0.026,0.962,7.7400002,1.495,2.806,2.864,0.0,LO
6967,6913,0.0,0.141,2.254,4.87,1.892,2.378,0.707,0.0,LO
6967,6934,0.0,0.296,1.066,4.979,1.612,0.712,0.0,0.0,LO
6967,6941,0.0,2.325,9.032,9.978,4.377,2.409,2.681,0.0,LO
6967,6947,0.0,0.11,3.167,5.455,2.165,0.787,0.16,0.0,LO
6967,6949,0.0,0.001,1.146,1.429,1.102,1.746,0.688,0.0,LO
6967,6952,0.0,0.59,1.16,2.998,1.007,0.43199998,0.472,0.0,LO
6967,6956,0.0,0.142,1.675,4.389,3.802,5.602,2.418,0.0,LO
6967,6958,0.0,0.41,1.807,12.863,3.829,5.048,1.554,0.0,LO
6967,6959,0.0,0.243,7.254,12.272,4.3459997,2.132,3.195,0.0,LO
6967,6961,0.0,0.228,2.884,19.24,7.593,8.353,2.154,0.0,LO
6967,6962,0.0,0.72,7.993,40.461,15.991,14.0720005,8.978,0.0,LO
6967,6965,0.0,2.991,40.741,134.722,35.511,22.12,9.178,0.0,LO
6967,6966,0.0,0.486,10.148,62.623,15.876,10.431,2.882,0.0,LO
6967,6968,0.0,0.0,5.099,8.713,1.169,2.85,5.135,0.0,LO
6967,6972,0.0,0.772,5.081,14.026,6.421,3.39,2.09,0.0,LO
6967,6978,0.0,0.0,0.0,1.308,0.449,0.50699997,0.0,0.0,LO
6968,698,0.0,3.065,17.706,46.672,22.046,12.856,4.327,0.0,LO
6968,719,0.0,0.0,0.28,2.105,0.267,0.38700002,0.289,0.0,LO
6968,6814,0.0,0.006,1.465,2.535,1.423,0.625,0.0,0.0,LO
6968,6867,0.0,0.0,2.721,13.389,7.393,4.489,0.67,0.0,LO
6968,6913,0.0,0.343,3.864,7.138,4.586,1.786,1.291,0.0,LO
6968,6934,0.0,0.664,1.38,8.868,3.91,2.016,0.673,0.0,LO
6968,6941,0.0,2.843,11.175,24.925,15.52,10.437,4.027,0.0,LO
6968,6947,0.0,0.393,4.217,9.39,6.729,2.589,1.076,0.0,LO
6968,6949,0.0,0.18599999,2.962,4.381,1.8629999,2.082,1.906,0.0,LO
6968,6952,0.0,0.375,3.822,6.34,2.604,2.847,1.96,0.0,LO
6968,6956,0.0,0.103,3.101,3.93,5.407,5.594,4.788,0.0,LO
6968,6958,0.0,0.0,4.104,8.923,4.544,3.106,0.0,0.0,LO
6968,6959,0.0,1.092,7.767,18.933,10.407001,4.557,5.072,0.0,LO
6968,6961,0.0,0.912,8.478,30.128,15.632,14.421,5.512,0.0,LO
6968,6962,0.0,1.8,13.906,50.59,20.568,20.718,9.271,0.0,LO
6968,6965,0.0,6.806,30.374,82.961,32.406,18.494,11.976,0.0,LO
6968,6966,0.0,0.0,15.952,61.096,20.785,15.522,12.465,0.0,LO
6968,6967,0.0,0.0,1.196,6.176,1.431,1.768,2.537,0.0,LO
6968,6972,0.0,0.272,5.1679997,17.965,14.889,7.058,1.8989999,0.0,LO
6968,6978,0.0,0.0,0.365,2.916,0.917,3.188,0.0,0.0,LO
6972,514,0.0,0.343,2.996,5.073,2.55,3.529,0.631,0.0,LO
6972,591,0.0,0.016,0.023,0.057,0.0,0.0,0.0,0.0,LO
6972,621,0.0,0.009,0.015,0.14,0.0,0.0,0.0,0.0,LO
6972,686,0.0,0.0,0.086,0.194,0.0,0.0,0.0,0.0,LO
6972,698,0.0,86.3,265.857,566.20703,230.676,167.251,56.06,0.0,LO
6972,719,0.0,0.0,0.77199996,3.986,2.023,1.295,0.356,0.0,LO
6972,766,0.0,0.0,0.047,0.0,0.026,0.244,0.0,0.0,LO
6972,1409,0.0,0.0,0.122999996,1.627,0.716,0.0,0.0,0.0,LO
6972,1413,0.0,0.037,0.133,0.279,0.0,0.0,0.0,0.0,LO
6972,1421,0.0,0.013,0.306,1.652,0.0,0.0,0.0,0.0,LO
6972,1437,0.0,0.022,0.109,0.37,0.0,0.0,0.0,0.0,LO
6972,1440,0.0,0.088,0.857,0.252,0.0,0.0,0.0,0.0,LO
6972,1441,0.0,0.0,0.0,0.045,0.0,0.0,0.0,0.0,LO
6972,1445,0.0,0.016,0.223,0.44,0.0,0.0,0.0,0.0,LO
6972,1449,0.0,0.002,0.01,0.058,0.0,0.0,0.0,0.0,LO
6972,1524,0.0,0.0,0.205,1.007,0.109,0.561,0.0,0.0,LO
6972,6814,0.0,0.193,4.961,11.121,6.868,2.8,0.282,0.0,LO
6972,6867,0.0,1.244,11.855,32.172,15.456,11.825,5.2530003,0.0,LO
6972,6913,0.0,0.221,3.664,11.297,15.05,5.8139997,2.134,0.0,LO
6972,6934,0.0,1.6429999,11.068,38.46,13.768,14.655,2.7,0.0,LO
6972,6941,0.0,0.375,1.451,5.6150002,4.649,1.654,0.684,0.0,LO
6972,6947,0.0,1.415,10.503,20.782,10.521,7.586,2.677,0.0,LO
6972,6949,0.0,0.914,9.113,17.496,16.986,12.512,2.24,0.0,LO
6972,6952,0.0,0.942,6.76,24.71,19.959,12.586,2.741,0.0,LO
6972,6956,0.0,0.124,0.721,2.932,1.789,0.993,0.45900002,0.0,LO
6972,6958,0.0,5.44,5.115,20.364,8.558,4.752,0.759,0.0,LO
6972,6959,0.0,3.804,24.382,85.697,59.184002,16.387,6.4560003,0.0,LO
6972,6961,0.0,2.494,18.943,33.887,8.547,5.85,2.478,0.0,LO
6972,6962,0.0,3.901,14.551,33.388,17.41,14.095,5.7799997,0.0,LO
6972,6965,0.0,32.32,70.229,151.71,72.218,50.623,10.314,0.0,LO
6972,6966,0.0,0.604,8.154,27.659,7.473,7.59,4.43,0.0,LO
6972,6967,0.0,1.295,4.506,14.871,3.726,6.831,3.546,0.0,LO
6972,6968,0.0,0.447,6.169,16.171,12.252,9.788,0.525,0.0,LO
6972,6978,0.0,0.192,2.462,4.06,1.509,1.071,0.352,0.0,LO
6972,6979,0.0,0.359,1.257,1.225,1.2279999,1.14,0.0,0.0,LO
6972,7403,0.0,0.0,0.334,0.257,0.81,0.431,0.0,0.0,LO
6972,7408,0.0,0.0,1.295,1.9580001,1.268,0.892,0.064,0.0,LO
6972,7467,0.0,0.1,0.525,1.368,1.325,1.141,0.0,0.0,LO
6973,603,0.0,0.0,0.0,0.226,0.302,0.15200001,0.0,0.0,LO
6973,742,0.0,1.624,15.972,52.613,23.531,11.037,5.054,0.0,LO
6973,1429,0.0,0.0,0.187,2.079,1.105,0.0,0.221,0.0,LO
6973,1440,0.0,0.0,0.58100003,1.3840001,0.099,0.111999996,0.0,0.0,LO
6973,1441,0.0,0.0,0.0,0.513,0.887,0.45,0.0,0.0,LO
6973,6867,0.0,0.99,17.695,76.019,31.407,24.753,4.666,0.0,LO
6973,6914,0.0,0.428,7.557,38.143,19.396,5.526,1.0780001,0.0,LO
6973,6919,0.0,0.059,9.918,32.781,21.230999,10.319,4.038,0.0,LO
6973,6926,0.0,2.141,17.622,93.415,49.054,25.138,6.085,0.0,LO
6973,6934,0.0,0.0,0.0,0.959,0.287,0.453,0.0,0.0,LO
6973,6954,0.0,0.264,9.264,58.584,23.452,11.066999,2.575,0.0,LO
6973,6956,0.0,0.049,0.022,0.105000004,0.19,0.0,0.0,0.0,LO
6973,6961,0.0,7.2139997,35.963,63.616,35.759,19.518,5.548,0.0,LO
6973,6962,0.0,0.116000004,1.742,4.686,2.526,1.132,0.986,0.0,LO
6973,6965,0.0,44.012,110.572,263.678,112.020996,53.351,19.56,0.0,LO
6973,6966,0.0,0.0,2.743,8.672,3.386,1.827,0.0,0.0,LO
6973,6978,0.0,0.249,0.995,3.882,1.552,1.8199999,0.249,0.0,LO
6973,6979,0.0,0.099999994,0.84499997,2.201,2.479,1.1,0.259,0.0,LO
6977,591,0.0,2.15,8.6710005,21.631,11.456,6.654,5.8190002,0.0,LO
6977,596,0.0,0.549,0.18900001,0.442,0.668,0.56,0.12100001,0.0,LO
6977,597,0.0,0.0,0.388,1.552,1.0090001,0.723,0.071,0.0,LO
6977,603,0.0,64.474,470.189,1843.835,903.796,532.576,280.418,0.0,LO
6977,618,0.0,0.55,7.684,24.446,6.159,4.698,0.647,0.0,LO
6977,620,0.0,0.0,0.402,0.74,0.32299998,0.283,0.015,0.0,LO
6977,621,0.0,0.732,2.932,26.093,7.146,1.1389999,1.635,0.0,LO
6977,659,0.0,0.119,0.0,1.28,0.847,0.291,0.0,0.0,LO
6977,680,0.0,0.0,0.0,0.089,0.152,0.087,0.104,0.0,LO
6977,686,0.0,2.4420002,15.326,56.221,20.563,11.706,10.494,0.0,LO
6977,709,0.0,0.187,0.0,1.681,0.257,0.497,0.05,0.0,LO
6977,717,0.0,0.127,0.319,0.958,0.358,0.176,0.0,0.0,LO
6977,719,0.0,34.9,304.387,1715.91,817.023,424.815,187.341,0.0,LO
6977,751,0.0,0.937,0.392,3.543,3.174,0.941,0.085,0.0,LO
6977,755,0.0,2.213,10.338,25.347,12.074,10.727,3.784,0.0,LO
6977,763,0.0,0.017,0.0,1.768,1.987,0.423,0.067999996,0.0,LO
6977,766,0.0,9.193,14.039,47.068,26.438,16.846,12.775,0.0,LO
6977,788,0.0,0.162,0.139,1.47,0.862,0.0,0.732,0.0,LO
6977,1022,0.0,0.0,0.143,1.778,1.178,0.469,0.287,0.0,LO
6977,1023,0.0,0.0,0.158,2.1200001,0.798,2.162,0.362,0.0,LO
6977,1024,0.0,0.0,0.716,13.501,9.408,4.88,5.037,0.0,LO
6977,1039,0.0,0.0,0.402,2.325,1.83,0.715,0.776,0.0,LO
6977,1082,0.0,2.136,0.665,4.465,2.867,1.995,0.95600003,0.0,LO
6977,1083,0.0,0.021000002,0.080000006,1.161,1.076,0.769,0.775,0.0,LO
6977,1085,0.0,0.0,0.452,2.665,1.567,0.468,1.607,0.0,LO
6977,1402,0.0,0.015000001,0.802,1.177,0.65999997,0.419,0.423,0.0,LO
6977,1404,0.0,0.331,3.198,17.707,13.367,9.202,4.642,0.0,LO
6977,1409,0.0,0.241,9.778,40.705,16.963,10.351,10.062,0.0,LO
6977,1413,0.0,1.437,27.743,93.996,25.407,18.131,9.963,0.0,LO
6977,1421,0.0,4.775,46.049,120.915,67.539,37.193,34.635,0.0,LO
6977,1429,0.0,0.51600003,8.739,109.887,48.153,37.272,28.947,0.0,LO
6977,1437,0.0,3.441,15.28,38.003,33.609,20.448,16.798,0.0,LO
6977,1438,0.0,0.297,3.386,9.439,7.874,3.889,6.264,0.0,LO
6977,1439,0.0,1.031,22.465,70.319,35.82,23.738,19.215,0.0,LO
6977,1440,0.0,7.947,64.183,273.616,133.393,79.497,52.063,0.0,LO
6977,1441,0.0,0.098,3.824,42.856,30.84,22.752,12.750999,0.0,LO
6977,1442,0.0,0.40600002,0.692,0.592,0.357,0.421,0.094,0.0,LO
6977,1443,0.0,0.0,0.0,3.678,0.939,0.871,0.187,0.0,LO
6977,1445,0.0,2.286,21.31,54.878,25.543,19.399,18.432,0.0,LO
6977,1448,0.0,1.466,82.067,29.435,51.836,20.565,9.761,0.0,LO
6977,1449,0.0,0.059,1.705,5.363,3.706,2.845,1.785,0.0,LO
6977,1452,0.0,0.48399997,4.068,16.194,5.565,3.9190001,4.869,0.0,LO
6977,1455,0.0,0.56200004,0.686,1.133,0.694,0.267,0.116000004,0.0,LO
6977,1524,0.0,0.0,0.786,8.92,5.934,2.26,0.498,0.0,LO
6977,5150,0.0,0.0,0.565,2.974,2.0310001,0.91,0.333,0.0,LO
6977,5345,0.0,0.0,0.524,6.949,4.689,4.775,3.597,0.0,LO
6977,5356,0.0,0.0,0.254,2.368,1.918,0.59,0.654,0.0,LO
6977,5362,0.0,0.0,0.174,2.984,2.717,1.529,1.138,0.0,LO
6977,5376,0.0,0.0,0.0,1.489,1.153,0.639,0.667,0.0,LO
6977,5397,0.0,0.0,0.743,1.301,0.85,0.67399997,0.305,0.0,LO
6977,5404,0.0,0.002,0.672,3.61,3.242,2.3470001,1.596,0.0,LO
6977,5411,0.0,0.312,0.456,3.069,2.361,0.804,0.856,0.0,LO
6977,5418,0.0,0.0,0.177,2.06,1.804,1.308,1.793,0.0,LO
6977,5421,0.0,0.0,0.088,1.7590001,0.597,0.534,0.432,0.0,LO
6977,5423,0.0,0.0,0.181,2.639,1.676,3.266,1.13,0.0,LO
6977,5424,0.0,0.0,0.002,1.08,0.896,0.37600002,0.234,0.0,LO
6977,5437,0.0,0.0,0.176,1.07,1.381,1.7360001,0.474,0.0,LO
6977,5595,0.0,2.615,14.811,59.289,33.486,28.203,12.47,0.0,LO
6977,6977,0.0,0.046,1.055,3.381,1.352,1.7,0.281,0.0,LO
6977,6978,0.0,0.068,13.026999,94.129,66.592,67.911,36.849,0.0,LO
6977,6979,0.0,0.081,6.646,31.477,21.57,15.342,5.95,0.0,LO
6977,7406,0.0,0.0,0.569,1.37,1.119,1.047,1.047,0.0,LO
6977,9586,0.0,0.464,1.635,6.854,4.103,2.368,1.01,0.0,LO
6977,9587,0.0,1.121,9.842,49.799,29.802,17.564001,8.042,0.0,LO
6978,591,0.0,0.064,1.392,6.128,3.681,2.043,1.36,0.0,LO
6978,596,0.0,0.45499998,0.038000003,0.139,0.031000001,0.12900001,0.0,0.0,LO
6978,597,0.0,0.0,0.121,1.001,0.087,0.167,0.0,0.0,LO
6978,603,0.0,17.937,169.074,601.696,312.134,209.354,155.489,0.0,LO
6978,618,0.0,0.059,1.158,4.785,1.131,0.571,0.578,0.0,LO
6978,621,0.0,0.024,0.373,10.508,2.417,3.48,0.138,0.0,LO
6978,686,0.0,0.238,3.346,16.473,6.968,7.919,2.991,0.0,LO
6978,698,0.0,0.033,0.0,0.0,0.0,0.362,0.0,0.0,LO
6978,719,0.0,1.681,107.209,552.734,268.341,167.253,150.097,0.0,LO
6978,742,0.0,0.121,0.164,3.843,2.673,1.446,0.345,0.0,LO
6978,751,0.0,0.14999999,0.77500004,0.576,0.404,0.24700001,0.0,0.0,LO
6978,755,0.0,0.107,3.45,9.321,4.939,3.915,0.36200002,0.0,LO
6978,763,0.0,0.169,0.496,1.421,0.908,1.164,0.097,0.0,LO
6978,766,0.0,0.652,4.634,11.453,5.537,5.145,1.8560001,0.0,LO
6978,1022,0.0,0.0,0.733,3.3,2.967,0.846,0.25,0.0,LO
6978,1023,0.0,0.0,0.363,4.357,3.59,3.736,1.316,0.0,LO
6978,1024,0.0,0.0,2.616,19.769,13.575,7.49,2.58,0.0,LO
6978,1039,0.0,0.0,0.117,0.554,0.235,0.254,0.273,0.0,LO
6978,1082,0.0,0.308,0.0,1.784,1.936,1.417,0.912,0.0,LO
6978,1083,0.0,0.012,0.039,0.555,0.263,0.192,0.536,0.0,LO
6978,1085,0.0,0.0,0.227,1.568,1.381,0.416,1.245,0.0,LO
6978,1402,0.0,0.0,0.149,0.921,0.378,0.368,0.195,0.0,LO
6978,1404,0.0,0.0,1.124,3.219,2.019,2.546,3.089,0.0,LO
6978,1409,0.0,0.018000001,2.115,10.482,4.114,4.2660003,5.7139997,0.0,LO
6978,1413,0.0,0.05,4.434,23.363,3.874,3.627,2.309,0.0,LO
6978,1421,0.0,0.661,3.203,33.14,20.64,10.529,11.221,0.0,LO
6978,1429,0.0,1.14,17.4,124.532,70.852,76.915,69.973,0.0,LO
6978,1437,0.0,0.229,3.072,10.722,6.776,5.502,4.406,0.0,LO
6978,1438,0.0,0.0,1.954,2.779,2.407,2.626,0.98800004,0.0,LO
6978,1439,0.0,0.056,8.218,19.626,10.481,8.074,6.763,0.0,LO
6978,1440,0.0,1.567,21.778,79.28,35.936,29.806,20.818,0.0,LO
6978,1441,0.0,0.439,6.766,34.629,19.142,16.149,13.927,0.0,LO
6978,1443,0.0,0.0,0.0,0.484,0.125,0.371,0.537,0.0,LO
6978,1445,0.0,0.158,3.624,17.364,6.843,5.211,5.626,0.0,LO
6978,1448,0.0,0.544,15.996,6.697,5.163,3.878,3.388,0.0,LO
6978,1449,0.0,0.014,0.39000002,1.654,0.857,0.767,0.523,0.0,LO
6978,1452,0.0,0.054,2.85,6.2269998,3.351,1.874,2.3,0.0,LO
6978,1455,0.0,0.0,0.006,0.679,0.43600002,0.31,0.164,0.0,LO
6978,1524,0.0,0.0,0.0,1.862,3.248,0.0,0.0,0.0,LO
6978,5150,0.0,0.0,0.13599999,0.199,0.362,0.169,0.113,0.0,LO
6978,5345,0.0,0.447,0.083,3.236,1.694,1.653,1.987,0.0,LO
6978,5356,0.0,0.025,0.09,0.817,0.427,0.199,0.223,0.0,LO
6978,5362,0.0,0.112,0.276,1.33,0.676,1.052,0.534,0.0,LO
6978,5376,0.0,0.0,0.0,1.24,0.224,0.007,0.31599998,0.0,LO
6978,5404,0.0,0.359,0.357,2.026,1.38,1.028,1.077,0.0,LO
6978,5411,0.0,0.139,0.193,1.201,0.444,0.217,0.167,0.0,LO
6978,5418,0.0,0.0,0.141,0.18599999,0.593,0.99,0.394,0.0,LO
6978,5421,0.0,0.0,0.081,0.541,0.361,0.338,0.404,0.0,LO
6978,5423,0.0,0.0,0.336,2.087,1.24,1.492,0.73800004,0.0,LO
6978,5424,0.0,0.024,0.085,0.637,0.354,0.502,0.235,0.0,LO
6978,5437,0.0,0.0,0.345,0.537,0.628,0.546,0.626,0.0,LO
6978,5595,0.0,0.4,5.033,16.695,8.125,11.59,5.36,0.0,LO
6978,6814,0.0,0.0,0.01,0.192,0.118,0.072000004,0.074,0.0,LO
6978,6913,0.0,0.0,0.023,0.854,0.446,0.439,0.008,0.0,LO
6978,6914,0.0,0.0,0.0,2.833,1.623,0.29500002,0.201,0.0,LO
6978,6919,0.0,0.0,0.0,2.469,2.249,0.282,0.327,0.0,LO
6978,6926,0.0,0.0,0.0,0.676,0.514,0.456,0.356,0.0,LO
6978,6934,0.0,0.0,0.298,2.5609999,1.669,0.594,0.4,0.0,LO
6978,6941,0.0,0.195,0.577,2.058,0.16,0.217,0.395,0.0,LO
6978,6947,0.0,0.39999998,0.359,1.172,0.39000002,0.673,0.401,0.0,LO
6978,6952,0.0,0.002,0.074,0.33,0.064,0.106,0.137,0.0,LO
6978,6954,0.0,0.0,0.26999998,1.652,0.915,0.32099998,0.0,0.0,LO
6978,6956,0.0,0.0,0.203,0.855,0.215,0.392,0.15,0.0,LO
6978,6958,0.0,0.439,0.316,2.538,1.801,0.711,1.368,0.0,LO
6978,6959,0.0,0.0,0.011,0.93,2.053,0.554,0.213,0.0,LO
6978,6961,0.0,0.0,0.0,1.539,0.578,0.283,0.41,0.0,LO
6978,6962,0.0,0.0,0.0,0.937,0.596,0.238,0.445,0.0,LO
6978,6965,0.0,0.206,0.47,1.693,0.32299998,0.549,0.593,0.0,LO
6978,6966,0.0,0.0,0.0,1.151,0.94,0.156,0.287,0.0,LO
6978,6968,0.0,0.0,0.0,3.344,2.278,0.442,0.61,0.0,LO
6978,6972,0.0,0.0,0.548,4.017,0.244,1.9070001,1.248,0.0,LO
6978,6973,0.0,0.0,0.0,1.554,0.627,1.122,1.099,0.0,LO
6978,6977,0.0,0.531,8.107,99.201996,53.667,45.187,38.601,0.0,LO
6978,6979,0.0,0.085999995,2.457,16.923,13.555,10.009,11.496,0.0,LO
6978,9586,0.0,0.0,0.0,2.171,0.561,0.984,0.45499998,0.0,LO
6978,9587,0.0,0.122,2.655,8.875,5.697,4.932,0.874,0.0,LO
6979,591,0.0,1.114,5.689,9.418,6.566,2.844,1.2540001,0.0,LO
6979,596,0.0,0.595,0.269,0.622,0.529,0.30200002,0.122999996,0.0,LO
6979,597,0.0,0.055999998,0.068,0.56700003,0.213,0.374,0.102,0.0,LO
6979,603,0.0,83.7,445.043,1330.585,540.776,302.013,124.023,0.0,LO
6979,618,0.0,0.372,3.126,10.555,2.517,1.934,0.776,0.0,LO
6979,620,0.0,0.0,0.74300003,0.367,0.352,0.23900001,0.0,0.0,LO
6979,621,0.0,0.356,0.594,9.004,2.854,0.532,0.603,0.0,LO
6979,659,0.0,0.0,0.133,0.32799998,0.191,0.0,0.0,0.0,LO
6979,680,0.0,0.251,0.041,0.098000005,0.055,0.041,0.0,0.0,LO
6979,686,0.0,1.068,9.387,29.391,7.7469997,6.0950003,2.134,0.0,LO
6979,698,0.0,0.049,0.0,0.0,0.0,0.335,0.0,0.0,LO
6979,717,0.0,0.0,0.035,0.344,0.229,0.225,0.0,0.0,LO
6979,719,0.0,18.752,301.167,1044.025,441.174,275.773,87.047,0.0,LO
6979,742,0.0,0.052,0.994,4.521,3.088,1.155,0.31599998,0.0,LO
6979,751,0.0,0.345,0.269,1.357,0.77000004,0.49,0.0,0.0,LO
6979,755,0.0,1.496,7.953,21.516,6.665,3.771,1.325,0.0,LO
6979,763,0.0,0.0,0.9,1.418,2.328,1.752,0.16,0.0,LO
6979,766,0.0,3.147,12.858,27.485,13.532,6.94,3.287,0.0,LO
6979,788,0.0,0.447,0.034,0.095,0.0,0.0,0.273,0.0,LO
6979,1022,0.0,0.0,0.108,2.421,1.066,0.668,0.864,0.0,LO
6979,1023,0.0,0.0,1.643,4.316,1.675,2.365,0.234,0.0,LO
6979,1024,0.0,0.0,2.049,18.41,6.0230002,7.018,1.594,0.0,LO
6979,1039,0.0,0.777,0.856,2.071,0.794,0.708,0.14,0.0,LO
6979,1082,0.0,0.786,1.053,4.327,1.804,1.33,0.846,0.0,LO
6979,1083,0.0,0.067,0.178,2.048,0.58,0.829,0.243,0.0,LO
6979,1085,0.0,0.0,0.318,4.007,1.263,0.479,0.0,0.0,LO
6979,1402,0.0,0.566,0.296,1.263,0.252,0.269,0.117,0.0,LO
6979,1404,0.0,0.087000005,2.38,5.729,3.968,3.7350001,2.299,0.0,LO
6979,1409,0.0,0.041,5.452,18.873,5.46,4.577,3.575,0.0,LO
6979,1413,0.0,1.168,7.29,34.676,6.313,3.5479999,2.923,0.0,LO
6979,1421,0.0,3.157,18.589,41.093,23.754,11.263,8.37,0.0,LO
6979,1429,0.0,1.966,40.486,209.068,84.913,74.253,40.565998,0.0,LO
6979,1437,0.0,1.524,6.879,14.19,12.505,7.896,4.662,0.0,LO
6979,1438,0.0,0.199,2.857,4.762,3.8140001,1.741,1.19,0.0,LO
6979,1439,0.0,1.497,14.5789995,32.235,14.886,10.629,4.758,0.0,LO
6979,1440,0.0,6.839,43.812,134.168,61.906002,37.082,15.53,0.0,LO
6979,1441,0.0,0.276,7.774,35.066,18.195,15.04,6.95,0.0,LO
6979,1445,0.0,2.587,15.349,30.168,11.061,6.374,3.704,0.0,LO
6979,1448,0.0,0.754,37.935,10.461,14.471,5.177,2.615,0.0,LO
6979,1449,0.0,0.39000002,0.784,2.94,1.398,0.93,0.367,0.0,LO
6979,1452,0.0,0.21599999,4.963,8.071,2.139,2.211,0.0,0.0,LO
6979,1455,0.0,0.030000001,0.66899997,0.74,0.23200001,0.008,0.0,0.0,LO
6979,1524,0.0,0.0,0.673,3.47,1.836,0.615,0.0,0.0,LO
6979,5150,0.0,0.0,0.795,2.563,1.068,0.244,0.24000001,0.0,LO
6979,5345,0.0,0.086,1.788,6.718,3.793,3.415,2.775,0.0,LO
6979,5356,0.0,0.0,0.33200002,1.155,1.229,0.616,0.286,0.0,LO
6979,5362,0.0,0.0,1.224,3.662,2.028,1.021,0.579,0.0,LO
6979,5376,0.0,0.0,1.074,1.613,1.163,0.84,0.111,0.0,LO
6979,5378,0.0,0.0,0.99300003,1.637,0.29299998,1.211,0.30900002,0.0,LO
6979,5404,0.0,0.066,0.62,3.038,3.116,3.659,0.671,0.0,LO
6979,5411,0.0,0.23,2.1,5.079,2.651,2.728,0.47100002,0.0,LO
6979,5418,0.0,0.0,0.538,1.643,1.316,1.333,0.203,0.0,LO
6979,5421,0.0,0.0,0.683,1.807,1.263,0.94,0.387,0.0,LO
6979,5423,0.0,0.019000001,1.0139999,5.093,2.836,3.4,1.165,0.0,LO
6979,5424,0.0,0.091000006,0.667,1.096,0.767,0.621,0.535,0.0,LO
6979,5437,0.0,0.264,0.0,2.01,1.24,0.955,0.249,0.0,LO
6979,5595,0.0,2.021,11.993,31.699,14.748,7.277,2.973,0.0,LO
6979,6814,0.0,0.0,0.0,0.098,0.021,0.004,0.023,0.0,LO
6979,6914,0.0,0.126,0.0,0.834,0.768,0.46400002,0.369,0.0,LO
6979,6934,0.0,0.0,0.0,1.671,0.444,0.558,0.753,0.0,LO
6979,6941,0.0,0.529,1.405,3.516,2.46,0.342,0.398,0.0,LO
6979,6947,0.0,0.0,0.016,1.076,0.913,0.395,0.009,0.0,LO
6979,6952,0.0,0.002,0.42700002,0.928,0.446,0.058,0.1,0.0,LO
6979,6954,0.0,0.327,1.062,3.347,1.36,0.811,0.0,0.0,LO
6979,6956,0.0,0.088,1.978,0.72900003,1.334,1.418,0.096,0.0,LO
6979,6958,0.0,0.0,1.84,2.7480001,1.78,1.095,0.587,0.0,LO
6979,6959,0.0,0.144,1.025,1.775,1.681,0.408,0.004,0.0,LO
6979,6961,0.0,0.0,0.0,1.852,0.45,0.006,0.325,0.0,LO
6979,6965,0.0,0.0,0.968,4.526,0.647,0.20300001,0.0,0.0,LO
6979,6968,0.0,1.571,0.0,1.436,0.0,0.914,0.0,0.0,LO
6979,6972,0.0,0.423,1.135,2.308,1.422,3.317,0.373,0.0,LO
6979,6973,0.0,0.105000004,0.0,1.487,1.502,1.242,0.817,0.0,LO
6979,6977,0.0,0.231,7.698,43.062,15.775,10.101,4.668,0.0,LO
6979,6978,0.0,0.0,2.028,15.768,11.975,12.652,5.916,0.0,LO
6979,9586,0.0,0.088,0.504,2.669,1.159,0.77,0.452,0.0,LO
6979,9587,0.0,1.845,5.922,25.27,10.882,5.041,1.293,0.0,LO
7401,514,0.0,16.497,46.343,123.023,83.45,48.153,26.719,0.0,LO
7401,522,0.0,3.142,8.571,32.765,22.093,13.903,5.255,0.0,LO
7401,591,0.0,0.0,1.802,2.068,2.711,1.102,0.211,0.0,LO
7401,596,0.0,0.0,0.645,0.113,1.207,0.196,0.0,0.0,LO
7401,618,0.0,0.0,0.643,2.535,0.457,1.213,0.0,0.0,LO
7401,621,0.0,0.23500001,1.295,5.705,1.159,1.087,0.377,0.0,LO
7401,686,0.0,0.53,0.752,10.859,2.065,0.981,0.394,0.0,LO
7401,719,0.0,0.0,0.861,3.047,0.911,0.112,0.185,0.0,LO
7401,751,0.0,0.0,0.114,0.913,0.20300001,0.009000001,0.046,0.0,LO
7401,766,0.0,2.8309999,5.46,6.756,5.25,1.327,1.121,0.0,LO
7401,1404,0.0,0.0,0.454,6.121,3.262,0.605,0.72900003,0.0,LO
7401,1409,0.0,0.553,16.598999,72.922,26.021,11.842,7.399,0.0,LO
7401,1413,0.0,0.459,8.838,13.223,3.42,0.94600004,0.258,0.0,LO
7401,1421,0.0,1.359,10.498,15.562,8.354,4.483,3.735,0.0,LO
7401,1437,0.0,0.474,2.961,8.453,6.2,3.435,0.689,0.0,LO
7401,1438,0.0,0.0,0.802,3.994,2.294,0.534,0.62,0.0,LO
7401,1440,0.0,0.0,0.995,4.942,0.995,2.552,0.0,0.0,LO
7401,1445,0.0,0.232,4.227,8.015,4.673,2.312,2.057,0.0,LO
7401,1448,0.0,0.488,7.869,3.083,10.183,3.609,1.094,0.0,LO
7401,1449,0.0,0.0,0.085,0.375,0.23900001,0.145,0.046,0.0,LO
7401,1452,0.0,0.22299999,0.294,2.915,1.85,0.452,0.271,0.0,LO
7401,1524,0.0,0.35500002,20.972,78.043,37.12,23.322,8.201,0.0,LO
7401,6919,0.0,0.0,0.0,0.0,0.0,0.005,0.0,0.0,LO
7401,6966,0.0,0.0,0.0,1.2950001,0.333,0.24,0.0,0.0,LO
7401,7402,0.0,1.3429999,12.44,53.904,34.984,21.91,7.987,0.0,LO
7401,7403,0.0,3.569,12.972,42.062,29.139,16.185,7.853,0.0,LO
7401,7404,0.0,0.0,5.734,25.811,18.542,8.59,2.422,0.0,LO
7401,7406,0.0,0.0,6.941,43.908,25.95,14.690001,8.349,0.0,LO
7401,7407,0.0,1.215,17.901001,52.321,23.637,17.451,15.2300005,0.0,LO
7401,7408,0.0,2.4160001,15.696,50.863,34.125,24.014,8.03,0.0,LO
7401,7467,0.0,2.958,12.179,29.733,24.781,20.369,9.047,0.0,LO
7401,9586,0.0,0.273,0.045,1.726,1.523,0.255,0.0,0.0,LO
7401,9587,0.0,0.472,3.946,6.038,2.474,4.091,0.401,0.0,LO
7402,514,0.0,25.133999,71.056,150.006,87.436,45.471,11.905,0.0,LO
7402,522,0.0,19.245,72.0,216.29,92.763,36.123,9.322,0.0,LO
7402,591,0.0,0.221,0.809,1.506,0.04,0.154,0.297,0.0,LO
7402,597,0.0,0.0,0.118,0.4,0.073,0.0,0.0,0.0,LO
7402,618,0.0,0.0,0.247,0.556,0.419,0.096,0.0,0.0,LO
7402,621,0.0,0.12900001,0.112,2.631,0.081,0.182,0.0,0.0,LO
7402,686,0.0,0.336,0.68,3.167,1.152,0.936,0.0,0.0,LO
7402,751,0.0,0.442,0.277,0.502,0.022,0.001,0.0,0.0,LO
7402,766,0.0,1.762,2.386,3.232,1.243,0.809,0.123,0.0,LO
7402,1404,0.0,0.276,1.7,1.222,0.063,0.253,0.49,0.0,LO
7402,1409,0.0,0.59800005,9.282001,33.382,8.468,3.83,0.968,0.0,LO
7402,1413,0.0,0.985,2.618,5.621,1.227,0.608,0.395,0.0,LO
7402,1421,0.0,1.9979999,5.981,6.529,2.029,2.109,0.841,0.0,LO
7402,1437,0.0,1.441,1.05,3.716,1.631,0.689,0.617,0.0,LO
7402,1438,0.0,0.0,1.897,1.7049999,0.711,0.365,0.27,0.0,LO
7402,1440,0.0,0.0,0.37,3.167,0.55300003,0.275,0.146,0.0,LO
7402,1445,0.0,0.668,5.338,4.3389997,1.454,0.541,1.02,0.0,LO
7402,1448,0.0,0.706,3.494,2.083,2.404,0.929,0.049,0.0,LO
7402,1449,0.0,0.016,0.072,0.247,0.082,0.039,0.011,0.0,LO
7402,1452,0.0,0.367,0.96999997,1.895,0.809,0.0,0.0,0.0,LO
7402,1524,0.0,2.808,49.35,47.322,33.253,17.102,5.865,0.0,LO
7402,5595,0.0,0.36299998,0.044,0.373,0.321,0.031,0.044,0.0,LO
7402,6941,0.0,0.057,0.0,0.0,0.0,0.042,0.004,0.0,LO
7402,6959,0.0,0.704,0.61300004,1.316,0.011,0.008,0.0,0.0,LO
7402,7401,0.0,2.36,23.406,62.242,29.289999,17.016,5.878,0.0,LO
7402,7403,0.0,0.0,6.8719997,26.296,14.169001,6.573,1.089,0.0,LO
7402,7404,0.0,0.094,16.421,59.218002,30.5,16.451,7.389,0.0,LO
7402,7406,0.0,0.362,16.764,37.714,23.232,10.973001,8.481,0.0,LO
7402,7407,0.0,0.0,2.868,38.781,14.465,6.23,0.217,0.0,LO
7402,7408,0.0,1.68,13.738,52.317,29.794,11.535,1.805,0.0,LO
7402,7467,0.0,0.715,10.938,29.398,17.967001,8.59,0.994,0.0,LO
7402,9587,0.0,0.0,0.374,1.72,0.43,0.5,0.0,0.0,LO
7403,514,0.0,7.684,25.414,70.489,40.543,22.187,5.598,0.0,LO
7403,522,0.0,13.168,50.262,127.744,54.747,24.818,8.198,0.0,LO
7403,621,0.0,0.0,0.0,1.521,0.264,0.0,0.0,0.0,LO
7403,686,0.0,0.0,0.268,1.88,0.493,0.0,0.0,0.0,LO
7403,766,0.0,0.714,0.236,0.775,0.941,0.554,0.388,0.0,LO
7403,1409,0.0,0.536,5.141,14.165,4.107,2.3930001,0.929,0.0,LO
7403,1413,0.0,0.63600004,1.8149999,4.347,0.973,0.21900001,0.324,0.0,LO
7403,1421,0.0,1.112,3.007,2.453,1.284,0.0,0.237,0.0,LO
7403,1438,0.0,0.0,2.191,0.38099998,0.0,0.0,0.199,0.0,LO
7403,1440,0.0,0.0,0.412,0.662,0.596,0.152,0.0,0.0,LO
7403,1445,0.0,1.145,4.154,2.393,1.193,0.17,0.183,0.0,LO
7403,1448,0.0,0.28300002,3.4,1.207,1.298,0.0,0.0,0.0,LO
7403,1449,0.0,0.0,0.038000003,0.079,0.1,0.0,0.0,0.0,LO
7403,1524,0.0,2.855,25.319,27.621,12.4609995,11.518,3.679,0.0,LO
7403,5595,0.0,0.21000001,0.116,0.322,0.065,0.115,0.0,0.0,LO
7403,6913,0.0,0.045,0.035,0.164,0.402,0.598,0.115,0.0,LO
7403,6914,0.0,0.0,0.76600003,1.301,0.731,0.0,0.0,0.0,LO
7403,6941,0.0,0.036,0.0,0.007,0.0,0.049000002,0.042,0.0,LO
7403,6956,0.0,0.012,0.0,0.0,0.0,0.052,0.0,0.0,LO
7403,6959,0.0,0.562,0.147,0.794,0.155,0.352,0.0,0.0,LO
7403,6972,0.0,0.023,0.0,0.0,0.0,0.148,0.0,0.0,LO
7403,7401,0.0,1.878,12.47,43.785,21.785,18.17,10.347,0.0,LO
7403,7402,0.0,0.103,7.309,27.019,12.702,5.96,0.972,0.0,LO
7403,7404,0.0,0.282,16.504,53.542,29.380001,15.679,8.429,0.0,LO
7403,7406,0.0,0.468,12.1970005,26.555,18.97,8.058,5.449,0.0,LO
7403,7407,0.0,2.259,35.07,108.66,34.417,20.266,9.016,0.0,LO
7403,7408,0.0,0.517,8.338,17.369,7.671,4.313,0.491,0.0,LO
7403,7467,0.0,0.227,1.8610001,12.963,9.418,3.002,0.384,0.0,LO
7404,514,0.0,22.567999,60.55,159.743,98.835,60.814,21.927,0.0,LO
7404,522,0.0,0.62600005,2.139,5.023,4.893,3.068,0.733,0.0,LO
7404,618,0.0,0.0,0.476,3.559,0.184,0.0,0.0,0.0,LO
7404,621,0.0,0.089,0.186,0.794,1.38,0.0,0.0,0.0,LO
7404,686,0.0,0.0,0.764,2.6759999,0.742,0.0,0.0,0.0,LO
7404,719,0.0,0.0,0.0,0.057,0.011,0.018,0.0,0.0,LO
7404,751,0.0,0.098,0.208,0.603,0.097,0.0,0.0,0.0,LO
7404,766,0.0,0.565,1.556,4.226,3.269,0.56700003,0.153,0.0,LO
7404,1404,0.0,0.085,0.157,0.906,2.621,0.84900004,0.0,0.0,LO
7404,1409,0.0,0.487,10.887,41.086998,19.482,5.774,1.4,0.0,LO
7404,1413,0.0,0.134,6.384,5.612,3.464,0.328,0.0,0.0,LO
7404,1421,0.0,0.0,4.099,9.15,4.045,1.147,0.618,0.0,LO
7404,1437,0.0,0.334,1.368,3.69,3.479,0.823,0.229,0.0,LO
7404,1438,0.0,0.458,1.981,0.47,1.714,0.0050000004,0.31599998,0.0,LO
7404,1440,0.0,0.0,0.997,1.307,2.322,0.131,0.0,0.0,LO
7404,1445,0.0,0.58100003,3.424,3.299,2.44,0.782,0.0,0.0,LO
7404,1448,0.0,1.029,1.525,3.007,6.823,0.677,0.0,0.0,LO
7404,1449,0.0,0.0,0.036,0.205,0.184,0.012,0.019000001,0.0,LO
7404,1524,0.0,0.479,30.549,49.749,42.898,17.373,5.3580003,0.0,LO
7404,7401,0.0,0.0,6.343,24.429,17.434,9.142,4.122,0.0,LO
7404,7402,0.0,0.238,8.995,48.523,28.834,14.073,5.368,0.0,LO
7404,7403,0.0,0.49400002,16.549,41.142998,28.983,14.849999,3.4459999,0.0,LO
7404,7406,0.0,0.0,5.651,16.875,15.106,5.513,2.95,0.0,LO
7404,7407,0.0,0.71,1.218,16.155,14.99,3.177,4.134,0.0,LO
7404,7408,0.0,3.581,19.972,62.434002,38.18,19.172,6.021,0.0,LO
7404,7467,0.0,2.675,15.993,41.693,25.748,17.232,6.111,0.0,LO
7404,9587,0.0,0.0,0.181,3.184,0.593,1.642,0.0,0.0,LO
7406,514,0.0,4.384,19.403,53.977,30.765,19.192,19.305,0.0,LO
7406,522,0.0,0.499,7.421,26.789,11.607,9.876,6.575,0.0,LO
7406,591,0.0,0.185,2.612,3.154,1.086,0.61,0.58599997,0.0,LO
7406,603,0.0,0.0,0.0,0.0,0.013,0.0,0.029,0.0,LO
7406,618,0.0,0.0,0.491,5.976,1.484,0.61399996,0.113,0.0,LO
7406,621,0.0,0.153,1.3870001,10.482,3.527,0.523,1.394,0.0,LO
7406,659,0.0,0.0,0.063,0.635,0.187,0.0,0.0,0.0,LO
7406,686,0.0,0.088,2.607,12.266,3.727,1.7639999,0.056,0.0,LO
7406,717,0.0,0.0,0.92899996,1.091,0.21900001,0.139,0.0,0.0,LO
7406,719,0.0,0.0,0.522,6.42,1.457,0.592,0.134,0.0,LO
7406,751,0.0,0.0,0.0,0.843,0.435,0.18900001,0.091,0.0,LO
7406,755,0.0,0.144,0.37,1.359,0.357,0.132,0.0,0.0,LO
7406,766,0.0,0.593,2.61,7.465,3.634,1.704,2.087,0.0,LO
7406,1024,0.0,0.0,0.0,0.148,0.018,0.306,0.528,0.0,LO
7406,1404,0.0,0.0,0.97,5.419,1.82,1.961,0.626,0.0,LO
7406,1409,0.0,0.198,12.636,59.017998,17.834,11.727,10.433,0.0,LO
7406,1413,0.0,0.067,5.507,12.819,2.643,2.259,0.318,0.0,LO
7406,1421,0.0,0.0,6.441,21.781,12.664,9.863,8.031,0.0,LO
7406,1429,0.0,0.0,0.22299999,2.142,1.607,0.991,0.0,0.0,LO
7406,1437,0.0,0.053,2.721,10.445,5.002,4.536,2.929,0.0,LO
7406,1438,0.0,0.712,1.184,3.489,1.916,2.91,0.849,0.0,LO
7406,1440,0.0,0.0,0.0,4.241,2.215,0.638,0.0,0.0,LO
7406,1445,0.0,0.515,3.006,10.588,3.776,2.777,1.291,0.0,LO
7406,1448,0.0,0.0,8.6779995,7.658,10.12,5.466,0.978,0.0,LO
7406,1449,0.0,0.0,0.064,0.41,0.183,0.157,0.0,0.0,LO
7406,1452,0.0,0.074,0.762,7.4570003,2.271,0.614,0.559,0.0,LO
7406,1524,0.0,0.031,2.679,19.012,8.455,5.237,3.8930001,0.0,LO
7406,5595,0.0,0.0,0.407,1.23,0.422,0.344,0.0,0.0,LO
7406,6962,0.0,0.0,0.0,0.462,0.402,0.506,0.0,0.0,LO
7406,6966,0.0,0.0,0.0,1.247,0.331,0.112,0.0,0.0,LO
7406,6977,0.0,0.0,0.847,1.783,0.805,0.645,0.174,0.0,LO
7406,6978,0.0,0.0,0.169,1.665,0.2,0.77,0.082,0.0,LO
7406,7401,0.0,0.0,8.821,54.472,17.501,11.962,3.8539999,0.0,LO
7406,7402,0.0,0.117,9.76,36.882,19.848,12.5859995,6.995,0.0,LO
7406,7403,0.0,0.19600001,8.477,26.794,15.55,12.863,8.629,0.0,LO
7406,7404,0.0,0.063999996,3.476,25.956,9.551,8.298,8.328,0.0,LO
7406,7407,0.0,0.0,16.239,42.559,18.18,13.892,12.46,0.0,LO
7406,7408,0.0,0.992,7.934,30.728,15.627,12.826,7.4179997,0.0,LO
7406,7467,0.0,2.406,1.904,14.427,9.821,7.246,7.874,0.0,LO
7406,9587,0.0,0.0,1.168,11.421,1.291,0.0,0.0,0.0,LO
7407,514,0.0,40.705,101.498,235.434,155.88899,80.527,45.648,0.0,LO
7407,522,0.0,2.899,11.441,16.119,6.684,6.402,0.002,0.0,LO
7407,591,0.0,0.73399997,2.908,0.391,0.627,0.38300002,0.0,0.0,LO
7407,618,0.0,0.0,0.45000002,1.871,0.497,0.288,0.0,0.0,LO
7407,621,0.0,0.44099998,1.532,5.287,0.0,0.0,0.0,0.0,LO
7407,686,0.0,3.19,2.2910001,4.493,0.103,0.675,0.003,0.0,LO
7407,766,0.0,0.0,1.487,3.313,1.629,1.892,0.693,0.0,LO
7407,1409,0.0,1.013,24.594,75.447,20.11,9.94,16.659,0.0,LO
7407,1413,0.0,1.767,4.711,8.4279995,2.475,0.168,1.753,0.0,LO
7407,1421,0.0,0.0,5.086,7.867,6.86,0.786,0.0,0.0,LO
7407,1437,0.0,0.62700003,0.61800003,2.961,0.913,0.615,0.712,0.0,LO
7407,1440,0.0,0.0,1.039,1.942,1.327,0.413,0.0,0.0,LO
7407,1445,0.0,0.364,1.998,5.218,0.985,1.336,0.231,0.0,LO
7407,1448,0.0,1.973,7.541,2.394,3.565,3.42,0.633,0.0,LO
7407,1449,0.0,0.0,0.048,0.139,0.089,0.043,0.0,0.0,LO
7407,1452,0.0,2.203,8.907,0.68,1.332,0.291,0.0,0.0,LO
7407,1524,0.0,2.394,35.856,67.665,25.645,28.076,20.689001,0.0,LO
7407,7401,0.0,0.648,8.036,46.389,30.996,22.957,11.859,0.0,LO
7407,7402,0.0,2.9099998,7.8519998,32.739,15.344,3.214,0.433,0.0,LO
7407,7403,0.0,1.229,17.624,70.687,44.918,20.703,14.418,0.0,LO
7407,7404,0.0,0.025,14.338,14.492,5.341,5.369,0.857,0.0,LO
7407,7406,0.0,0.0,10.536,51.486,21.664,11.558001,10.355,0.0,LO
7407,7408,0.0,0.144,29.406,91.404,62.892002,27.602,9.337,0.0,LO
7407,7467,0.0,0.44700003,12.934,63.439,45.205,22.152,10.96,0.0,LO
7407,9587,0.0,0.0,1.414,1.196,0.028,0.387,0.001,0.0,LO
7408,514,0.0,3.716,33.757,109.96,61.114,30.497,8.765,0.0,LO
7408,522,0.0,34.17,77.814,153.874,73.837,33.197,10.39,0.0,LO
7408,591,0.0,0.0,0.336,1.227,0.954,0.0,0.0,0.0,LO
7408,621,0.0,0.0,0.26,0.585,1.2,0.114,0.0,0.0,LO
7408,717,0.0,0.0,0.0,0.682,0.13800001,0.0,0.0,0.0,LO
7408,751,0.0,0.0,0.71000004,0.49,0.407,0.0,0.0,0.0,LO
7408,766,0.0,1.13,0.716,2.525,1.214,0.0,0.025,0.0,LO
7408,1409,0.0,0.668,7.367,13.203,5.685,1.945,0.252,0.0,LO
7408,1413,0.0,0.24700001,1.972,2.512,0.802,0.0,0.0,0.0,LO
7408,1421,0.0,0.0,0.912,5.52,1.661,0.703,0.0,0.0,LO
7408,1437,0.0,0.423,1.0699999,2.139,0.554,0.42200002,0.0,0.0,LO
7408,1438,0.0,0.423,2.978,0.0,0.435,0.0,0.266,0.0,LO
7408,1440,0.0,0.168,0.0,1.293,0.253,0.271,0.0,0.0,LO
7408,1445,0.0,0.951,1.887,1.085,0.0,0.004,0.26500002,0.0,LO
7408,1448,0.0,0.573,0.0,2.0180001,2.295,0.266,0.373,0.0,LO
7408,1449,0.0,0.063,0.088,0.175,0.036000002,0.049,0.033,0.0,LO
7408,1524,0.0,6.042,36.225,45.406002,23.331,10.362,5.1610003,0.0,LO
7408,6913,0.0,0.0,0.198,0.388,0.386,0.16,0.0,0.0,LO
7408,6919,0.0,0.314,0.063,2.406,0.297,0.426,0.0,0.0,LO
7408,6926,0.0,0.0,0.0,1.791,0.0,0.861,0.134,0.0,LO
7408,6941,0.0,0.0,0.391,0.17300001,0.02,0.058,0.0,0.0,LO
7408,6947,0.0,0.0,1.349,0.505,0.38500002,0.001,0.0,0.0,LO
7408,6954,0.0,0.0,0.156,1.053,0.951,0.468,0.0,0.0,LO
7408,6956,0.0,0.0,0.022,0.003,0.0,0.0,0.0,0.0,LO
7408,6959,0.0,0.277,1.116,0.85,0.761,0.0,0.0,0.0,LO
7408,6972,0.0,0.08,0.026999999,0.0,0.025,0.0,0.107,0.0,LO
7408,7401,0.0,3.786,32.094,52.963,21.516,14.059,7.618,0.0,LO
7408,7402,0.0,1.003,16.416,53.639,26.796,12.615,2.989,0.0,LO
7408,7403,0.0,0.495,4.9,18.237,12.775,4.922,0.443,0.0,LO
7408,7404,0.0,0.247,32.925,65.1,38.574,23.710001,5.552,0.0,LO
7408,7406,0.0,0.564,12.993,24.876,17.249,9.82,4.205,0.0,LO
7408,7407,0.0,7.887,51.411,125.429,41.215,24.094,8.646,0.0,LO
7408,7467,0.0,0.059,1.314,6.515,4.6019998,2.223,0.335,0.0,LO
7467,514,0.0,2.081,17.766,47.692,26.241,8.253,2.867,0.0,LO
7467,522,0.0,27.83,55.121,85.17,37.318,19.328,5.13,0.0,LO
7467,621,0.0,0.088,0.244,0.992,0.0,0.0,0.0,0.0,LO
7467,686,0.0,0.491,0.189,0.558,0.0,0.0,0.0,0.0,LO
7467,751,0.0,0.0,0.41,0.46400002,0.428,0.0,0.0,0.0,LO
7467,766,0.0,0.0,0.93299997,1.812,0.52,0.118,0.0,0.0,LO
7467,1409,0.0,0.485,2.43,7.836,2.91,1.684,0.613,0.0,LO
7467,1413,0.0,0.493,2.321,1.528,0.551,0.299,0.0,0.0,LO
7467,1437,0.0,0.349,1.01,1.154,0.282,0.274,0.0,0.0,LO
7467,1440,0.0,0.23,0.654,0.64100003,0.329,0.184,0.0,0.0,LO
7467,1445,0.0,0.197,0.62,0.746,0.214,1.019,0.16,0.0,LO
7467,1448,0.0,0.351,5.2599998,0.19500001,0.0,0.21000001,0.0,0.0,LO
7467,1449,0.0,0.005,0.05,0.083000004,0.024,0.014,0.0,0.0,LO
7467,1524,0.0,5.162,32.058,36.153,17.039999,10.498,2.872,0.0,LO
7467,5595,0.0,0.0,0.254,0.166,0.055,0.05,0.0,0.0,LO
7467,6913,0.0,0.061,0.286,0.084,0.20300001,0.0,0.0,0.0,LO
7467,6919,0.0,0.38,0.819,1.532,0.775,0.78999996,0.0,0.0,LO
7467,6926,0.0,0.0,0.341,0.78900003,1.054,0.0,0.0,0.0,LO
7467,6941,0.0,0.08,0.201,0.281,0.006,0.046,0.0,0.0,LO
7467,6947,0.0,0.259,0.32,0.536,0.2,0.003,0.012,0.0,LO
7467,6952,0.0,0.234,0.163,0.739,0.0,0.0,0.0,0.0,LO
7467,6956,0.0,0.007999999,0.024,0.024,0.005,0.0,0.0,0.0,LO
7467,6959,0.0,1.046,0.518,0.47800002,0.0,0.0,0.0,0.0,LO
7467,6972,0.0,0.022,0.12900001,0.165,0.0,0.0,0.0,0.0,LO
7467,7401,0.0,2.921,26.07,44.09,22.98,14.088,5.325,0.0,LO
7467,7402,0.0,0.744,12.803,37.608,18.7,6.961,1.759,0.0,LO
7467,7403,0.0,0.0,3.86,13.044,8.038,2.119,0.85499996,0.0,LO
7467,7404,0.0,0.299,28.688,53.356,28.03,11.965,3.769,0.0,LO
7467,7406,0.0,1.422,17.036,30.276,10.147,6.08,2.326,0.0,LO
7467,7407,0.0,15.391,48.526,102.87,38.061,23.428,9.21,0.0,LO
7467,7408,0.0,0.0,1.026,6.742,4.017,0.404,0.0,0.0,LO
7473,736,0.0,0.419,26.449,97.22,28.66,8.225,0.0,0.0,LO
7473,6886,0.0,5.945,34.107998,115.824,31.942,11.332,0.0,0.0,LO
9586,514,0.0,0.036,0.0,0.0,0.0,0.022,0.019,0.0,LO
9586,596,0.0,0.0,0.23200001,1.542,0.772,0.38300002,0.117,0.0,LO
9586,603,0.0,2.782,6.592,22.572,12.324,4.184,1.007,0.0,LO
9586,617,0.0,0.0,0.0,0.0,0.0,0.0,0.02,0.0,LO
9586,618,0.0,0.386,7.759,50.163,11.733,5.409,2.466,0.0,LO
9586,620,0.0,0.065,0.335,1.233,0.939,0.305,0.468,0.0,LO
9586,659,0.0,0.211,0.29500002,0.595,0.42,0.24499999,0.397,0.0,LO
9586,680,0.0,0.0,0.0,0.0,0.0,0.0,0.171,0.0,LO
9586,709,0.0,0.0,0.0,0.665,0.208,0.15200001,0.096,0.0,LO
9586,717,0.0,0.0,0.44,1.668,0.793,0.402,0.46600002,0.0,LO
9586,719,0.0,0.697,2.568,13.638,10.891,3.807,0.831,0.0,LO
9586,751,0.0,0.0,0.0,0.0,0.0,0.0,0.016,0.0,LO
9586,755,0.0,3.922,57.832,272.642,107.04,42.111,20.322,0.0,LO
9586,763,0.0,0.037,0.0,0.261,0.36699998,0.179,0.0,0.0,LO
9586,766,0.0,1.567,7.034,35.888,19.535,15.254,8.043,0.0,LO
9586,788,0.0,0.237,0.292,5.241,0.789,0.708,0.826,0.0,LO
9586,1022,0.0,0.0,0.0,1.348,0.484,0.338,0.0,0.0,LO
9586,1023,0.0,0.0,0.0,0.501,0.872,0.138,0.161,0.0,LO
9586,1024,0.0,0.0,1.5500001,5.338,3.767,0.893,2.013,0.0,LO
9586,1082,0.0,0.338,0.442,4.303,1.8529999,0.39000002,0.196,0.0,LO
9586,1083,0.0,0.0,0.259,4.157,1.803,1.448,0.63,0.0,LO
9586,1085,0.0,0.0,0.0,4.432,2.006,0.241,0.555,0.0,LO
9586,1395,0.0,0.0,0.21700001,0.65,0.53999996,0.26200002,0.145,0.0,LO
9586,1398,0.0,0.0,0.176,0.452,0.623,0.0050000004,0.144,0.0,LO
9586,1409,0.0,0.034,1.606,3.207,3.601,0.914,0.19,0.0,LO
9586,1413,0.0,0.193,1.797,14.025,4.744,1.493,0.817,0.0,LO
9586,1421,0.0,0.796,1.35,5.322,4.773,0.719,0.33,0.0,LO
9586,1429,0.0,0.0,0.803,5.467,4.573,3.7159998,0.345,0.0,LO
9586,1437,0.0,0.322,10.217,34.82,21.749,9.992,2.09,0.0,LO
9586,1438,0.0,0.0,2.909,5.955,2.152,1.691,0.22799999,0.0,LO
9586,1439,0.0,0.114999995,1.0450001,1.872,1.754,0.547,0.0,0.0,LO
9586,1440,0.0,0.0,2.822,13.235,6.184,1.828,0.197,0.0,LO
9586,1441,0.0,0.423,0.354,2.634,2.593,0.78900003,0.504,0.0,LO
9586,1442,0.0,0.0,0.086,0.0,0.317,0.214,0.484,0.0,LO
9586,1444,0.0,0.0,0.35,1.986,0.59,0.39000002,0.375,0.0,LO
9586,1445,0.0,0.191,3.036,14.273,5.326,1.687,1.245,0.0,LO
9586,1448,0.0,0.0,7.9309998,11.64,22.487999,3.944,0.209,0.0,LO
9586,1449,0.0,0.299,0.268,2.2419999,0.369,0.258,0.143,0.0,LO
9586,1455,0.0,0.0,0.087,1.584,0.978,0.133,0.405,0.0,LO
9586,1524,0.0,0.0,0.0,1.006,2.204,0.882,0.524,0.0,LO
9586,5301,0.0,0.60899997,5.201,17.802,12.346,3.276,1.6620001,0.0,LO
9586,5345,0.0,0.0,0.0,1.168,0.5,0.227,0.0,0.0,LO
9586,5372,0.0,0.0,0.481,4.193,3.461,2.178,0.0,0.0,LO
9586,5404,0.0,0.0,0.94,0.401,0.016,0.165,0.0,0.0,LO
9586,5421,0.0,0.345,5.68,18.027,13.351,4.968,1.104,0.0,LO
9586,5423,0.0,0.14,2.745,20.077,12.337,5.67,1.148,0.0,LO
9586,5424,0.0,0.246,0.713,5.662,4.565,1.598,0.807,0.0,LO
9586,5595,0.0,9.727,69.116,350.144,231.273,73.207,35.026,0.0,LO
9586,6941,0.0,0.0,0.0,0.487,0.344,0.0,0.0,0.0,LO
9586,6956,0.0,0.0,0.021000002,0.101,0.035,0.0,0.0,0.0,LO
9586,6977,0.0,0.0,0.753,6.289,4.1349998,1.599,0.703,0.0,LO
9586,6978,0.0,0.108,0.594,2.854,0.989,0.381,0.276,0.0,LO
9586,6979,0.0,0.332,0.225,1.664,1.277,0.702,0.18599999,0.0,LO
9586,7401,0.0,0.0,0.0,2.94,0.963,0.31,0.90999997,0.0,LO
9586,7406,0.0,0.0,0.0,1.7329999,0.778,1.002,0.06,0.0,LO
9586,7407,0.0,0.991,0.56,0.828,0.36699998,0.0,0.0,0.0,LO
9586,9587,0.0,4.682,68.601,449.625,200.047,79.184,44.574,0.0,LO
9587,514,0.0,0.0,0.119,0.161,0.30200002,0.125,0.0,0.0,LO
9587,522,0.0,0.0,0.0,0.0,0.0,0.0,0.017,0.0,LO
9587,596,0.0,1.293,0.995,9.098,8.282,6.076,1.977,0.0,LO
9587,603,0.0,3.749,7.679,31.928,32.975,22.807,3.096,0.0,LO
9587,618,0.0,1.416,58.029,292.265,77.47,60.105,22.021,0.0,LO
9587,620,0.0,0.681,1.006,4.702,6.991,7.013,3.5379999,0.0,LO
9587,659,0.0,0.22,1.364,3.961,4.9040003,10.085,2.141,0.0,LO
9587,680,0.0,0.0,0.0,0.0,0.0,0.0,0.159,0.0,LO
9587,709,0.0,0.0,0.229,4.834,6.294,4.011,1.296,0.0,LO
9587,717,0.0,0.0,1.607,5.757,8.209,7.108,3.159,0.0,LO
9587,719,0.0,0.0,4.289,28.299,22.039,11.394,2.053,0.0,LO
9587,751,0.0,0.0,0.0,0.0,0.0,0.0,0.106,0.0,LO
9587,755,0.0,5.909,85.099,435.707,426.432,241.622,84.12,0.0,LO
9587,763,0.0,0.0,0.0,0.11,0.274,0.162,0.116000004,0.0,LO
9587,766,0.0,5.005,15.199,172.285,179.257,117.445,46.847,0.0,LO
9587,1022,0.0,0.0,0.742,2.489,1.791,3.14,0.583,0.0,LO
9587,1023,0.0,0.0,0.0,0.58100003,0.952,1.256,0.0,0.0,LO
9587,1024,0.0,0.0,0.0,1.887,1.427,0.184,0.22600001,0.0,LO
9587,1082,0.0,0.0,1.3579999,1.32,0.599,1.024,0.0,0.0,LO
9587,1083,0.0,0.0,0.0,1.406,1.302,1.273,0.178,0.0,LO
9587,1395,0.0,0.924,1.024,3.7280002,4.234,1.408,1.016,0.0,LO
9587,1398,0.0,0.001,0.339,2.499,3.908,4.428,0.514,0.0,LO
9587,1409,0.0,0.53900003,9.542,26.257,22.341,15.887,4.256,0.0,LO
9587,1413,0.0,2.349,24.694,61.497,29.569,21.823,5.166,0.0,LO
9587,1415,0.0,0.0,0.92700005,1.8149999,1.083,0.399,0.063,0.0,LO
9587,1421,0.0,7.099,36.025,181.557,172.505,88.079,15.9800005,0.0,LO
9587,1429,0.0,4.305,9.75,40.359,27.875,26.122,9.366,0.0,LO
9587,1434,0.0,0.0,0.186,4.786,2.613,4.223,0.865,0.0,LO
9587,1437,0.0,0.77,9.561,91.496,94.298,69.37,20.782,0.0,LO
9587,1438,0.0,2.206,3.963,36.843,42.205,22.467001,6.999,0.0,LO
9587,1439,0.0,0.329,2.33,8.236,9.686,6.151,2.527,0.0,LO
9587,1440,0.0,2.343,8.74,32.595,27.875,20.313,3.964,0.0,LO
9587,1441,0.0,0.244,0.986,9.46,12.647,7.942,2.4959998,0.0,LO
9587,1442,0.0,0.161,0.422,3.667,4.943,3.655,1.674,0.0,LO
9587,1443,0.0,0.0,0.436,1.445,1.05,0.637,0.453,0.0,LO
9587,1444,0.0,0.0,0.0,2.721,2.261,0.615,0.47,0.0,LO
9587,1445,0.0,1.327,14.231,42.582,34.399,29.37,7.2400002,0.0,LO
9587,1448,0.0,0.848,36.268,103.255,241.558,79.325005,13.043,0.0,LO
9587,1449,0.0,0.059,0.636,2.175,1.701,1.395,0.336,0.0,LO
9587,1451,0.0,0.0,0.0,0.824,1.327,0.688,0.231,0.0,LO
9587,1455,0.0,0.151,0.825,8.341,3.671,4.608,2.578,0.0,LO
9587,1524,0.0,0.639,5.221,7.41,7.075,9.226,0.735,0.0,LO
9587,5150,0.0,0.164,0.285,1.965,0.0,0.637,0.0,0.0,LO
9587,5301,0.0,8.85,38.773,86.845,78.133,34.014,7.116,0.0,LO
9587,5362,0.0,0.0,0.0,0.0,0.079,0.0,0.0,0.0,LO
9587,5372,0.0,5.489,6.405,29.253,23.958,20.513,5.483,0.0,LO
9587,5404,0.0,0.0,0.0,0.352,0.465,0.229,0.0,0.0,LO
9587,5418,0.0,0.0,0.031999998,0.171,0.211,0.0050000004,0.0,0.0,LO
9587,5421,0.0,4.166,29.862,65.137,43.389,33.182,8.631,0.0,LO
9587,5423,0.0,1.671,19.449,70.643,45.872,37.815998,9.901999,0.0,LO
9587,5424,0.0,2.29,8.966,13.272,16.254,13.802,5.507,0.0,LO
9587,5437,0.0,0.0,0.0,0.0,0.17,0.0,0.0,0.0,LO
9587,5595,0.0,105.667,449.361,1606.475,1314.416,830.347,330.569,0.0,LO
9587,6941,0.0,0.0,0.19600001,0.27199998,0.395,0.06,0.049999997,0.0,LO
9587,6956,0.0,0.072,0.073,0.14,0.058000002,0.11,0.047,0.0,LO
9587,6972,0.0,0.0,0.0,0.413,0.191,0.533,0.13100001,0.0,LO
9587,6977,0.0,0.663,7.524,20.916,22.695,14.831,5.729,0.0,LO
9587,6978,0.0,0.0,2.118,6.12,4.394,5.079,2.806,0.0,LO
9587,6979,0.0,0.90599996,4.248,10.252,9.83,13.569,4.069,0.0,LO
9587,7401,0.0,0.0,0.661,6.342,5.393,6.104,1.3640001,0.0,LO
9587,7402,0.0,0.0,0.0,1.072,0.277,0.61,0.82500005,0.0,LO
9587,7404,0.0,0.0,1.098,1.848,1.5699999,0.192,0.0,0.0,LO
9587,7406,0.0,2.216,0.0,3.904,6.349,5.585,3.1539998,0.0,LO
9587,7407,0.0,0.0,0.0,0.615,1.073,0.621,0.0,0.0,LO
9587,7467,0.0,0.0,0.0,0.8,0.229,0.114999995,0.0,0.0,LO
9587,9586,0.0,6.586,63.367,277.973,183.794,138.232,68.457,0.0,LO
