,fri,fri,fri,fri,fri,fri,fri,fri,fri,fri,fri,fri,fri,fri,fri,fri,fri,fri,fri,fri,fri,fri,fri,fri,sat,sat,sat,sat,sat,sat,sat,sat,sat,sat,sat,sat,sat,sat,sat,sat,sat,sat,sat,sat,sat,sat,sat,sat,mtt,mtt,mtt,mtt,mtt,mtt,mtt,mtt,mtt,mtt,mtt,mtt,mtt,mtt,mtt,mtt,mtt,mtt,mtt,mtt,mtt,mtt,mtt,mtt,sun,sun,sun,sun,sun,sun,sun,sun,sun,sun,sun,sun,sun,sun,sun,sun,sun,sun,sun,sun,sun,sun,sun,sun
,Morning,Morning,Morning,Morning,AM Peak,AM Peak,AM Peak,AM Peak,Midday,Midday,Midday,Midday,PM Peak,PM Peak,PM Peak,PM Peak,Evening,Evening,Evening,Evening,Late,Late,Late,Late,Morning,Morning,Morning,Morning,AM Peak,AM Peak,AM Peak,AM Peak,Midday,Midday,Midday,Midday,PM Peak,PM Peak,PM Peak,PM Peak,Evening,Evening,Evening,Evening,Late,Late,Late,Late,Morning,Morning,Morning,Morning,AM Peak,AM Peak,AM Peak,AM Peak,Midday,Midday,Midday,Midday,PM Peak,PM Peak,PM Peak,PM Peak,Evening,Evening,Evening,Evening,Late,Late,Late,Late,Morning,Morning,Morning,Morning,AM Peak,AM Peak,AM Peak,AM Peak,Midday,Midday,Midday,Midday,PM Peak,PM Peak,PM Peak,PM Peak,Evening,Evening,Evening,Evening,Late,Late,Late,Late
,alpha,alpha_rnk,distress,distress_rnk,alpha,alpha_rnk,distress,distress_rnk,alpha,alpha_rnk,distress,distress_rnk,alpha,alpha_rnk,distress,distress_rnk,alpha,alpha_rnk,distress,distress_rnk,alpha,alpha_rnk,distress,distress_rnk,alpha,alpha_rnk,distress,distress_rnk,alpha,alpha_rnk,distress,distress_rnk,alpha,alpha_rnk,distress,distress_rnk,alpha,alpha_rnk,distress,distress_rnk,alpha,alpha_rnk,distress,distress_rnk,alpha,alpha_rnk,distress,distress_rnk,alpha,alpha_rnk,distress,distress_rnk,alpha,alpha_rnk,distress,distress_rnk,alpha,alpha_rnk,distress,distress_rnk,alpha,alpha_rnk,distress,distress_rnk,alpha,alpha_rnk,distress,distress_rnk,alpha,alpha_rnk,distress,distress_rnk,alpha,alpha_rnk,distress,distress_rnk,alpha,alpha_rnk,distress,distress_rnk,alpha,alpha_rnk,distress,distress_rnk,alpha,alpha_rnk,distress,distress_rnk,alpha,alpha_rnk,distress,distress_rnk,alpha,alpha_rnk,distress,distress_rnk
(7, 102),9.999999999998899e-05,2,0.850987278632286,7,9.999999999998899e-05,2,0.8509872786322858,8,9.999999999998899e-05,2,0.850987278632286,8,9.999999999998899e-05,2,0.8509872786322862,8,9.999999999998899e-05,2,0.8509872786322861,8,9.999999999998899e-05,2,0.8509872786322862,8,9.999999999998899e-05,2,0.8509872786322858,8,9.999999999998899e-05,2,0.8509872786322864,8,9.999999999998899e-05,2,0.8509872786322854,8,9.999999999998899e-05,2,0.8509872786322863,8,9.999999999998899e-05,2,0.8509872786322861,8,9.999999999998899e-05,2,0.8509872786322862,7,9.999999999998899e-05,2,0.8509872786322863,8,9.999999999998899e-05,2,0.850987278632286,8,9.999999999998899e-05,2,0.8509872786322861,8,9.999999999998899e-05,2,0.8509872786322858,8,9.999999999998899e-05,2,0.8509872786322861,7,9.999999999998899e-05,2,0.1377251521502845,10,0.9999,216,0.0,89,9.999999999998899e-05,2,0.8509872786322856,8,9.999999999998899e-05,2,0.8509872786322857,8,9.999999999998899e-05,2,0.8509872786322857,8,9.999999999998899e-05,2,0.8509872786322862,8,9.999999999998899e-05,2,0.8509872786322861,8
(102, 107),0.2833632878944359,202,0.4133577050584333,107,0.2833632878944359,202,0.4133577050584333,110,0.28336328789443577,202,0.41335770505843317,107,0.2833632878944359,202,0.41335770505843356,106,0.2833632878944359,202,0.4133577050584333,107,0.2833632878944359,202,0.4133577050584335,103,0.28336328789443577,202,0.41335770505843317,105,0.283363287894436,202,0.41335770505843333,107,0.28336328789443577,202,0.4133577050584332,107,0.2833632878944359,202,0.41335770505843344,107,0.2833632878944359,202,0.4133577050584333,107,0.2833632878944359,202,0.4133577050584332,105,0.2833632878944359,202,0.4133577050584333,109,0.2833632878944359,202,0.4133577050584333,107,0.2833632878944359,202,0.4133577050584332,105,0.2833632878944359,202,0.4133577050584332,107,0.2833632878944359,202,0.4133577050584334,105,0.1250000000000001,26,0.1377251521502845,11,0.9997000299990002,120,0.0,90,0.28336328789443577,202,0.41335770505843317,108,0.2833632878944359,202,0.41335770505843306,108,0.2833632878944359,202,0.41335770505843333,108,0.2833632878944359,202,0.4133577050584334,109,0.2833632878944359,202,0.4133577050584333,106
(102, 7),0.040416373264971606,32,0.7911426270819955,17,0.040416373264971606,33,0.7911426270819951,17,0.040416373264971606,33,0.7911426270819949,17,0.040416373264971606,33,0.7911426270819957,17,0.040416373264971606,33,0.7911426270819952,17,0.040416373264971606,32,0.7911426270819956,17,0.040416373264971606,32,0.7911426270819949,17,0.040416373264971606,33,0.7911426270819957,17,0.040416373264971606,33,0.7911426270819948,17,0.040416373264971606,33,0.7911426270819957,17,0.040416373264971606,33,0.7911426270819952,17,0.040416373264971606,33,0.7911426270819951,17,0.040416373264971606,33,0.7911426270819952,17,0.040416373264971606,33,0.7911426270819953,17,0.040416373264971606,33,0.7911426270819952,17,0.040416373264971606,33,0.7911426270819953,17,0.040416373264971606,33,0.7911426270819956,17,0.1250000000000001,27,0.1377251521502845,12,0.9997000299990002,121,0.0,91,0.040416373264971606,33,0.7911426270819949,17,0.040416373264971606,33,0.7911426270819949,17,0.040416373264971606,33,0.7911426270819952,17,0.040416373264971606,33,0.7911426270819955,17,0.040416373264971606,33,0.7911426270819956,17
(107, 58),0.07484060464386655,60,0.567517165218695,46,0.07484060464386655,59,0.5675171652186952,46,0.07484060464386655,60,0.5675171652186949,46,0.07484060464386655,59,0.5675171652186952,46,0.07484060464386655,58,0.5675171652186952,46,0.07484060464386655,59,0.5675171652186953,42,0.07484060464386655,61,0.567517165218695,46,0.07484060464386677,60,0.5675171652186949,46,0.07484060464386655,59,0.5675171652186949,46,0.07484060464386655,59,0.5675171652186951,46,0.07484060464386655,59,0.5675171652186949,46,0.07484060464386677,58,0.5675171652186951,42,0.07484060464386655,59,0.567517165218695,46,0.07484060464386655,60,0.5675171652186951,46,0.07484060464386677,58,0.5675171652186947,46,0.07484060464386677,58,0.567517165218695,46,0.07484060464386655,59,0.5675171652186952,42,0.1250000000000001,28,0.1377251521502845,13,0.9997000299990002,122,0.0,92,0.07484060464386655,58,0.567517165218695,46,0.07484060464386655,59,0.5675171652186948,46,0.07484060464386655,58,0.5675171652186952,46,0.07484060464386677,59,0.5675171652186951,46,0.07484060464386655,58,0.567517165218695,42
(107, 102),0.19368508604636714,177,0.41335770505843344,106,0.19368508604636714,177,0.4133577050584334,109,0.19368508604636714,176,0.4133577050584331,108,0.19368508604636714,179,0.4133577050584334,107,0.19368508604636714,179,0.41335770505843344,106,0.19368508604636725,178,0.41335770505843333,104,0.19368508604636747,177,0.41335770505843306,106,0.19368508604636703,177,0.41335770505843356,106,0.19368508604636714,177,0.4133577050584331,108,0.19368508604636714,178,0.4133577050584333,108,0.19368508604636714,178,0.4133577050584333,108,0.19368508604636714,179,0.4133577050584335,104,0.19368508604636747,177,0.4133577050584329,110,0.19368508604636714,176,0.4133577050584333,108,0.19368508604636714,179,0.4133577050584332,106,0.19368508604636714,179,0.41335770505843356,106,0.19368508604636714,178,0.41335770505843344,104,0.1250000000000001,29,0.1377251521502845,14,0.9997000299990002,123,0.0,93,0.19368508604636714,178,0.4133577050584332,107,0.19368508604636714,177,0.41335770505843306,109,0.19368508604636714,179,0.4133577050584334,107,0.19368508604636714,178,0.41335770505843344,108,0.19368508604636714,179,0.41335770505843344,105
(58, 57),0.18270361975304583,170,0.45543889170939433,81,0.18270361975304583,169,0.4554388917093942,82,0.18270361975304605,169,0.45543889170939417,82,0.18270361975304583,170,0.4554388917093943,82,0.18270361975304583,171,0.45543889170939433,82,0.18270361975304583,171,0.45543889170939467,78,0.18270361975304572,169,0.45543889170939444,79,0.18270361975304583,169,0.45543889170939456,82,0.18270361975304572,169,0.4554388917093942,81,0.18270361975304583,170,0.4554388917093944,82,0.18270361975304583,171,0.4554388917093943,82,0.18270361975304583,172,0.4554388917093945,78,0.18270361975304583,169,0.45543889170939417,82,0.1827036197530456,169,0.45543889170939433,82,0.18270361975304605,172,0.45543889170939417,81,0.18270361975304583,172,0.4554388917093943,81,0.18270361975304583,171,0.4554388917093945,78,0.1250000000000001,30,0.1377251521502845,15,0.9997000299990002,124,0.0,94,0.18270361975304583,169,0.4554388917093943,82,0.1827036197530456,169,0.4554388917093944,82,0.18270361975304583,171,0.45543889170939444,82,0.18270361975304583,171,0.45543889170939444,82,0.18270361975304583,172,0.45543889170939433,78
(58, 107),0.0809386049898091,69,0.5974394909938407,42,0.0809386049898091,70,0.5974394909938405,43,0.0809386049898091,69,0.5974394909938406,43,0.0809386049898091,68,0.5974394909938409,43,0.0809386049898091,68,0.5974394909938407,43,0.0809386049898092,68,0.5974394909938407,39,0.0809386049898092,70,0.5974394909938404,43,0.0809386049898092,69,0.5974394909938409,43,0.0809386049898092,69,0.5974394909938402,43,0.0809386049898091,68,0.5974394909938406,43,0.0809386049898091,67,0.5974394909938405,43,0.0809386049898092,67,0.5974394909938405,39,0.0809386049898091,70,0.5974394909938405,43,0.0809386049898092,69,0.5974394909938401,43,0.08093860498980887,67,0.597439490993841,43,0.0809386049898091,67,0.5974394909938407,43,0.0809386049898091,68,0.597439490993841,39,0.1250000000000001,31,0.1377251521502845,16,0.9997000299990002,125,0.0,95,0.0809386049898091,69,0.5974394909938404,43,0.0809386049898092,69,0.5974394909938402,43,0.0809386049898091,68,0.5974394909938406,43,0.0809386049898091,67,0.5974394909938407,43,0.0809386049898091,67,0.5974394909938406,39
(57, 106),0.08617890629259262,74,0.5378305755611048,54,0.08617890629259228,74,0.5378305755611051,54,0.08617890629259262,72,0.5378305755611049,53,0.0861789062925924,73,0.5378305755611054,53,0.08617890629259262,73,0.5378305755611053,53,0.08617890629259262,72,0.5378305755611053,49,0.08617890629259262,72,0.5378305755611051,53,0.0861789062925924,72,0.5378305755611057,53,0.08617890629259262,72,0.5378305755611049,53,0.0861789062925924,72,0.5378305755611054,53,0.0861789062925924,72,0.5378305755611051,53,0.0861789062925924,72,0.5378305755611053,49,0.08617890629259262,72,0.5378305755611053,54,0.0861789062925924,72,0.5378305755611053,53,0.08617890629259262,74,0.537830575561105,53,0.08617890629259262,72,0.5378305755611051,53,0.08617890629259262,72,0.5378305755611054,49,0.1250000000000001,32,0.1377251521502845,17,0.9997000299990002,126,0.0,96,0.0861789062925924,73,0.5378305755611053,53,0.08617890629259262,73,0.5378305755611048,53,0.08617890629259262,72,0.537830575561105,53,0.08617890629259262,72,0.537830575561105,53,0.0861789062925924,73,0.5378305755611053,50
(57, 58),0.17401553668709613,165,0.4255165659342492,102,0.17401553668709657,167,0.4255165659342485,103,0.17401553668709624,166,0.4255165659342491,103,0.17401553668709635,165,0.4255165659342491,102,0.17401553668709624,166,0.42551656593424936,103,0.17401553668709624,167,0.42551656593424914,99,0.17401553668709624,167,0.425516565934249,102,0.17401553668709657,166,0.4255165659342492,103,0.17401553668709635,166,0.42551656593424886,104,0.17401553668709635,166,0.4255165659342489,104,0.17401553668709635,166,0.42551656593424897,104,0.17401553668709657,168,0.4255165659342488,100,0.17401553668709624,167,0.42551656593424914,103,0.17401553668709635,166,0.4255165659342489,103,0.17401553668709635,164,0.4255165659342489,102,0.17401553668709624,167,0.425516565934249,103,0.17401553668709624,168,0.42551656593424925,99,0.1250000000000001,33,0.1377251521502845,18,0.9997000299990002,127,0.0,97,0.17401553668709657,165,0.4255165659342488,102,0.17401553668709624,166,0.42551656593424886,104,0.17401553668709635,167,0.4255165659342489,104,0.17401553668709624,167,0.42551656593424914,104,0.17401553668709635,165,0.42551656593424897,100
(106, 6),0.08909191581761444,78,0.42563118543549344,101,0.08609635395022397,73,0.4332499658909048,96,0.08441879045468192,70,0.4376569271277727,93,0.08227045020179946,69,0.4434565939284794,89,0.08210601340615908,69,0.4439079808301246,90,0.0864629448485077,73,0.4323006433012136,94,0.08761061788469093,74,0.42935957968417743,97,0.08646439478526646,74,0.43229689814460037,98,0.0854105413160331,71,0.4350390384333058,94,0.08384285256828117,69,0.43919420739386766,92,0.0825462825029134,69,0.44270184689857683,91,0.08418532160698622,69,0.4382785755374187,89,0.08665115633879361,74,0.4318151259661816,98,0.08471272241588912,70,0.43687721324881895,93,0.08206105687526244,68,0.44403157752679495,89,0.08223274528483338,68,0.44356000001637685,90,0.08466596950437721,71,0.43700101747275255,90,0.13168724279835398,180,0.1377251521502845,19,0.9995000999900006,97,0.0,98,0.08171120171083412,70,0.4449962015437144,90,0.08486231320458715,71,0.4364816389965403,94,0.08255359133754858,69,0.4426818892504099,91,0.08172961056585193,68,0.4449453210307702,89,0.08245773524777622,68,0.4429438043774841,87
(106, 57),0.027821137705721477,24,0.5677529013362511,45,0.028828292624736074,24,0.5677529013362501,45,0.029417608789375604,24,0.5677529013362503,45,0.030200582938826326,25,0.5677529013362508,45,0.030261872139226265,25,0.5677529013362509,45,0.02870198889111797,24,0.5677529013362509,41,0.028312149543706422,23,0.5677529013362508,45,0.028701491066067786,24,0.5677529013362509,45,0.02906694315722469,24,0.5677529013362506,45,0.029624329511706127,24,0.5677529013362507,45,0.030098216159170743,25,0.5677529013362507,45,0.029501131619253607,24,0.5677529013362507,41,0.028637481252228314,24,0.5677529013362506,45,0.02931298589623932,24,0.5677529013362502,45,0.03027866284662073,25,0.5677529013362507,45,0.030214618944649163,25,0.5677529013362504,45,0.029329587884288966,25,0.5677529013362511,41,0.13168724279835398,181,0.1377251521502845,20,0.9995000999900006,98,0.0,99,0.030409837271185958,25,0.5677529013362504,45,0.029259965735625837,24,0.5677529013362502,45,0.03009551120588383,25,0.5677529013362501,45,0.030402912552767503,25,0.5677529013362508,45,0.03013101763578785,25,0.5677529013362507,41
(106, 95),0.5740737196508626,223,0.11661766833672949,215,0.5763744780689622,223,0.11661766833672947,215,0.5776943656909508,223,0.11661766833672943,215,0.5794192816318857,223,0.11661766833672953,215,0.5795529592990121,223,0.11661766833672946,215,0.5760891094279141,223,0.11661766833672946,211,0.5752026522943974,223,0.11661766833672944,215,0.5760879828880876,223,0.11661766833672949,215,0.5769112680803248,223,0.11661766833672942,215,0.5781529108836692,223,0.11661766833672946,215,0.5791955802458689,223,0.11661766833672943,215,0.5778799092692739,223,0.11661766833672949,211,0.5759430179104477,223,0.11661766833672943,215,0.5774614209172049,223,0.11661766833672942,215,0.5795895479548634,223,0.11661766833672939,215,0.5794499124845738,223,0.11661766833672943,215,0.5774984248758417,223,0.11661766833672947,211,0.13168724279835398,182,0.1377251521502845,21,0.9995000999900006,99,0.0,100,0.5798748963700032,223,0.11661766833672943,215,0.5773431453005203,223,0.1166176683367294,215,0.5791896618203776,223,0.11661766833672943,215,0.5798598546211031,223,0.11661766833672951,215,0.5792673197301224,223,0.11661766833672946,211
(6, 88),0.10655673820083633,97,0.4546644193977622,82,0.09461145649572322,88,0.4978948812515954,65,0.08729735054387766,75,0.5044623729955444,65,0.08348120825390204,70,0.5205602644390812,62,0.08360550977017012,71,0.520814454633878,63,0.08902032243183733,79,0.5061165769038559,60,0.10412962595160402,95,0.439751256360597,90,0.09036139217159667,80,0.4931687491355192,67,0.08676306180643745,73,0.500013917630798,64,0.0859927961990139,71,0.5084186866097955,63,0.08338972543542478,70,0.518830897243399,63,0.08475446824156818,71,0.5195813747754195,59,0.09600315114520375,89,0.49342968712681784,66,0.08729236975498766,75,0.5046060889367073,64,0.08285903202571876,69,0.5222518009603984,62,0.08268806809727836,70,0.5221940699331172,62,0.08671377632052435,73,0.5145481454069714,60,0.1250000000000001,34,0.1377251521502845,22,0.9997000299990002,128,0.0,101,0.08610836494922514,72,0.5165516336618348,63,0.09010579212047287,81,0.5041792339739759,64,0.08538115913960032,71,0.5162805708755688,63,0.08544340932922967,71,0.5226240750053777,62,0.08480276412888887,72,0.5242401006082433,58
(6, 106),0.14545732906282627,144,0.40986365200908464,113,0.1612846955479298,155,0.4167937372176167,108,0.17224248209657822,164,0.40220645946540573,121,0.1784074880946106,169,0.40413788427345687,117,0.17820143619158268,169,0.40469166727530337,118,0.16956370251920627,162,0.40829054170432305,110,0.14848781234335162,147,0.39069236305081484,120,0.16752152290060784,161,0.4014514050810136,121,0.17308607182940428,165,0.3971973498168322,122,0.17431324321144215,167,0.4017279670007999,122,0.17855936940865313,169,0.4025339033281923,122,0.17631386555050255,169,0.40701675434933404,115,0.1593164265478929,154,0.416773649023666,108,0.17225031770013377,165,0.4023072916534631,121,0.1794443425773511,170,0.4036608600879358,117,0.17973086660033322,170,0.403124006162873,120,0.17316420188441328,166,0.40860406098413093,110,0.1250000000000001,35,0.1377251521502845,23,0.9997000299990002,129,0.0,102,0.17412828604184694,166,0.4084815184927001,115,0.16790791622388845,160,0.4097121090521077,114,0.17529707411289897,168,0.4062077839685785,119,0.17519655995985584,169,0.41137738211055974,112,0.17623518893989432,166,0.4108052938927441,110
(88, 48),0.04222916686565292,35,0.4581607427026362,79,0.03517691170897619,28,0.49623294573199117,67,0.03151188135722105,25,0.5066850772252779,63,0.028816766096336988,24,0.5195086574522579,63,0.028042542949847427,24,0.526495067500612,61,0.030395800130571304,25,0.5126353717333497,59,0.041369767083303866,33,0.44752017575293607,81,0.033001659234595415,26,0.49601403622986423,66,0.03216277845887028,25,0.4937350518295036,67,0.03114211813559664,25,0.5042034670370507,65,0.028483765915979897,24,0.5238892964768191,61,0.03010896257514417,25,0.5251562366196731,57,0.036583275071370935,29,0.4871724525584679,70,0.032028030552027964,25,0.5038170451006106,65,0.02792045763908635,24,0.5224423740998317,61,0.027391733388210104,24,0.526687051758753,61,0.028973899644508583,24,0.5273196945492772,57,0.13168724279835398,183,0.1377251521502845,24,0.9995000999900006,100,0.0,103,0.02991058453094453,24,0.525347843240998,61,0.032806171789514726,26,0.5036476544475923,65,0.02960143793487713,24,0.5221098441600662,61,0.028987574147548045,24,0.5327028424429441,58,0.028922752001442453,24,0.5346250236359904,52
(88, 6),0.07048856447761354,56,0.40218143512156773,119,0.07953181380669139,66,0.4039749309527334,121,0.08730201792264436,76,0.39176302606088725,125,0.09316355239565532,86,0.386446296429982,127,0.09448209848877764,87,0.3877888413843463,125,0.0895166620293566,80,0.39038151820773725,121,0.07389856494096925,60,0.38571873144923646,123,0.08500227892060419,70,0.39039698325820515,126,0.08764127585539216,76,0.3828528492118607,128,0.08874710352491766,78,0.38688906853297456,127,0.09349571068026119,82,0.3883749160930765,126,0.08837971503743769,79,0.40081124547877905,120,0.07766169775729637,62,0.40278137254222895,122,0.08634420217931904,73,0.3921921689165157,124,0.09554669658898518,88,0.38305205526126773,128,0.09658981074811823,88,0.3833643416144814,128,0.09142224959779299,82,0.39510497462401584,120,0.13168724279835398,184,0.1377251521502845,25,0.9995000999900006,101,0.0,104,0.08892699561466999,79,0.39964408626782905,123,0.0842928560771029,70,0.3969651176329236,123,0.09034488095460103,80,0.3943547698426843,124,0.0905472778237899,81,0.40042503836740573,124,0.0904515521000564,82,0.40183316976198225,120
(88, 89),0.5296299076139135,222,0.11661766833672949,216,0.543853342841486,222,0.11661766833672947,216,0.5432429058499928,222,0.11661766833672943,216,0.5458360501938815,222,0.11661766833672953,216,0.5486802926119321,222,0.11661766833672946,216,0.544824506857225,222,0.11661766833672946,212,0.5194664881855214,222,0.11661766833672944,216,0.5390250632517095,222,0.11661766833672949,216,0.5355273177239348,222,0.11661766833672942,216,0.5406743262364435,222,0.11661766833672946,216,0.5479937370055619,222,0.11661766833672943,216,0.5526128795758474,222,0.11661766833672949,212,0.5402742088790488,222,0.11661766833672943,216,0.5423942990266822,222,0.11661766833672942,216,0.5456777819350997,222,0.11661766833672939,216,0.5472392262178851,222,0.11661766833672943,216,0.5514273794314427,222,0.11661766833672947,212,0.13168724279835398,185,0.1377251521502845,26,0.9995000999900006,102,0.0,105,0.5522870407106955,222,0.11661766833672943,216,0.543993573066217,222,0.1166176683367294,216,0.5494193336157962,222,0.11661766833672943,216,0.5549905899693152,222,0.11661766833672951,216,0.5560881984248629,222,0.11661766833672946,212
(48, 21),0.17991672910880507,168,0.3714924556995982,134,0.1696714724827677,162,0.39490191303139427,125,0.15435571290772665,151,0.3978753636328644,123,0.15239276008677471,150,0.400453297676269,123,0.15142199097397624,151,0.4021031871359309,123,0.15959441340953417,153,0.39674502686786006,119,0.16560392886533104,159,0.3667478426910861,133,0.15825021526963923,154,0.3943984523818443,123,0.15187318650806902,150,0.3922017254418043,123,0.1527410890586296,150,0.3969227423035484,123,0.15202555579100152,150,0.4049210561422045,118,0.16244854550202226,157,0.40698470395031083,116,0.17106953651413992,162,0.3917415936063022,126,0.15587903708937967,152,0.3966664381792619,123,0.14867129774201504,148,0.40279522749085117,120,0.1478687288786752,150,0.40358333594317,118,0.15825039048524925,155,0.4074707263654709,113,0.1250000000000001,36,0.1377251521502845,27,0.9997000299990002,130,0.0,106,0.16873013553459237,161,0.3992776768026011,124,0.16480834381673726,159,0.39370263794381816,124,0.1573534737705461,153,0.4041378191807878,120,0.16109818960737832,155,0.4112676362913323,113,0.16155085106670453,154,0.41092912267617654,109
(48, 88),0.0825773899875355,71,0.4816003532616408,71,0.08895022062200364,78,0.4897523223226601,68,0.09962424010343907,92,0.46039748645448864,80,0.10110377714415741,93,0.45914605701041705,80,0.10184560239284934,92,0.45893699998582566,80,0.09580507923770376,90,0.47031396577470896,71,0.09164294929527994,84,0.4467090599698773,84,0.09676753879986899,88,0.4646651200313498,78,0.10149997282698986,93,0.4485882491884389,83,0.10083924291756696,93,0.455842435216309,80,0.10138358451137641,93,0.46346827718334793,78,0.09380016522383416,86,0.4887448134320537,67,0.08804680548269972,78,0.4888242141720681,69,0.09849457810850226,91,0.46225745069346713,78,0.10398492309752994,94,0.45377082393706303,82,0.10461973140153702,93,0.45291927706192475,82,0.0967674125698339,89,0.48006675746102895,71,0.1250000000000001,37,0.1377251521502845,28,0.9997000299990002,131,0.0,107,0.08956479293917474,81,0.4931285416185697,69,0.09218111644935711,82,0.4778380563084986,75,0.09741624434661778,90,0.47418135983668225,75,0.09474226236526917,87,0.49087792792608137,69,0.09442517122043215,89,0.49148176665161525,65
(21, 93),0.15196454232811796,149,0.36048899499195186,141,0.1456605211853944,145,0.38017682195712504,131,0.13993423164322238,132,0.3800175870466995,130,0.13554332524112933,129,0.3821075698765044,129,0.13589836222329676,129,0.3823871841597332,129,0.14207093352165012,137,0.37534149723705995,129,0.13812828191687454,132,0.35469639528149904,145,0.13854603439023938,132,0.3792275222984624,131,0.13681224610602305,129,0.3778576448485497,133,0.1359640777684925,129,0.3804059202888784,130,0.13385893451373632,128,0.38903107422770367,125,0.14124529429150479,136,0.38933514301524774,122,0.14640429347684714,146,0.3782600708618923,132,0.1404481284369643,134,0.38047175468661715,129,0.13207743303496267,125,0.38554220376141807,127,0.13231508849211804,126,0.3860485038213064,127,0.1390169589322523,132,0.38767397790179364,122,0.1250000000000001,38,0.1377251521502845,29,0.9997000299990002,132,0.0,108,0.14330145399595517,140,0.3810457877518429,130,0.14545114524006464,145,0.37823306092173564,133,0.13752751567063803,130,0.38631233256329306,128,0.13787823412677358,132,0.39169610746877775,126,0.14086888806590636,135,0.39290952668961887,121
(21, 48),0.10143017003540333,94,0.4124934423961948,109,0.10639177868216798,96,0.42214686258314116,105,0.11116801509152507,109,0.41031595189749454,113,0.11501810730227469,114,0.4036047615641444,118,0.1147004540754506,114,0.404625289878606,119,0.10935442032421683,104,0.40955875347506066,109,0.11273108498573159,110,0.379550658449498,128,0.11236701267040794,109,0.40664765295463284,117,0.11388801196404208,114,0.401677217869035,120,0.11464178291601801,114,0.40266234382631816,120,0.11654081319861831,115,0.40741848759327537,117,0.11005068395535345,105,0.4231074645700242,101,0.10579070635751053,96,0.4215275183058535,105,0.11072832956500389,107,0.4118522952781852,110,0.11818002529760818,117,0.4000983611809791,123,0.11795961716797221,116,0.4011134387815646,123,0.11195841497128067,109,0.4166809682809476,103,0.1250000000000001,39,0.1377251521502845,30,0.9997000299990002,133,0.0,109,0.10832712575674708,101,0.418293989328686,105,0.10656176355747338,96,0.41956385711222055,107,0.11325732616393924,112,0.41214149033149106,110,0.11294973015285925,110,0.418619473677066,107,0.11036999091002642,106,0.4262004647896818,99
(93, 33),0.13702088091083242,129,0.3331120136358,162,0.12240443424698388,119,0.364343823720621,139,0.11876590350355842,117,0.36735169472764645,135,0.11227918218510591,109,0.37577961045879743,134,0.11201259976902134,109,0.375472451356233,134,0.12395528634812392,120,0.3510543901476997,143,0.13156661650034107,124,0.3291467917850012,165,0.12247500238254339,119,0.3592072155802991,144,0.11297472887936477,110,0.3734753522197088,136,0.11261295036009744,110,0.377721266448164,134,0.11059192972968424,108,0.38231836882962655,130,0.11346575836994566,112,0.3827527658075363,126,0.12240559307506915,119,0.3645777011052643,139,0.11778356045287663,117,0.3704420395669777,135,0.11004417603459982,106,0.3787124445917129,133,0.10957416893927618,103,0.3790515683014727,133,0.11667105209856587,114,0.36911762001605913,132,0.1250000000000001,40,0.1377251521502845,31,0.9997000299990002,134,0.0,110,0.12809484478422672,123,0.35198626363413693,148,0.1194857077476924,118,0.3711512919428543,136,0.11407022440569903,114,0.3780872866591179,134,0.1130601260891656,111,0.3826486341867147,130,0.11662587400361701,114,0.37556851117421663,130
(93, 21),0.11370358111154732,114,0.35448225504971903,146,0.12763200118103757,122,0.3593000430638245,145,0.13144852066274904,125,0.35513548780958326,146,0.13864707614057137,132,0.3502644441127713,148,0.13895438171308228,132,0.34944295432441214,149,0.12605056722401753,123,0.3490983729767448,144,0.11865559877605691,117,0.34067645279926145,155,0.12755946558279208,122,0.3543697485993632,148,0.13784968477753368,132,0.34950531858357753,149,0.1382636439084054,132,0.35274826248935437,147,0.14060808247005707,133,0.35290911979205436,147,0.13729056140209295,130,0.3591917755699709,140,0.12763080959727824,122,0.3595329362361494,145,0.1325053397329743,125,0.3561809594751845,146,0.1412529805122963,135,0.3484705310696425,148,0.14180962818600107,139,0.3478289989644426,148,0.1337161972199905,129,0.3527154439039023,143,0.1250000000000001,41,0.1377251521502845,32,0.9997000299990002,135,0.0,111,0.12195540985254139,118,0.35779635278234645,144,0.13068139188944305,125,0.36023428680994457,145,0.13660654967702035,129,0.3560347038656095,146,0.13775221988308872,131,0.35826450880293276,144,0.13376568729961646,129,0.3587890949022867,140
(33, 39),0.4835209105458693,219,0.11661766833672949,217,0.49959939359473826,221,0.11661766833672947,217,0.48843009647248414,219,0.11661766833672943,217,0.4774959510268907,219,0.11661766833672953,217,0.47823405583461365,218,0.11661766833672946,217,0.47575504826143156,218,0.11661766833672946,213,0.48202295002058426,219,0.11661766833672944,217,0.4991120327885028,221,0.11661766833672949,217,0.49015985949044105,219,0.11661766833672942,217,0.492491489637058,219,0.11661766833672946,217,0.49377389682392747,219,0.11661766833672943,217,0.4897308533576201,219,0.11661766833672949,213,0.5009320700805757,221,0.11661766833672943,217,0.491338669698696,219,0.11661766833672942,217,0.4754410129890605,219,0.11661766833672939,217,0.4770706376079874,218,0.11661766833672943,217,0.4776160845609182,218,0.11661766833672947,213,0.13168724279835398,186,0.1377251521502845,33,0.9995000999900006,103,0.0,112,0.4853245113145077,219,0.11661766833672943,217,0.4997058932605837,220,0.1166176683367294,217,0.49359742152302377,219,0.11661766833672943,217,0.4924913526367195,219,0.11661766833672951,217,0.4856697739495742,218,0.11661766833672946,213
(33, 56),0.0905235476864541,81,0.328891849068927,166,0.09352230781773474,85,0.33965748206232893,158,0.0911726802870727,82,0.33242721417232934,164,0.08981704131868296,81,0.3245304885172623,171,0.08840128792211943,79,0.32682678552723166,170,0.08483788197470332,71,0.32896607264599886,161,0.08781901414387472,75,0.33080499567181365,163,0.09764396949658871,89,0.33436579196326116,161,0.09256928140839848,83,0.33230515397583293,164,0.0962473300810407,89,0.3300852281076201,165,0.09778928256216213,89,0.3294513302052175,166,0.09753204932052906,89,0.3262086072321909,167,0.09405689420165109,85,0.3402363388674053,158,0.09312935637983166,84,0.33269008258496846,164,0.0894410793665914,79,0.3232208146185967,171,0.0895968431337284,79,0.32442481647542126,171,0.08821348169312204,79,0.326518254432145,166,0.13168724279835398,187,0.1377251521502845,34,0.9995000999900006,104,0.0,113,0.08902770518532421,80,0.33224816351387193,165,0.09744333031274865,89,0.3351325126644434,160,0.09671341974954584,88,0.3305253962828181,165,0.0983711894648257,90,0.32766646149923623,167,0.09234097237157968,84,0.3286317060563354,163
(33, 93),0.036845959820825946,29,0.4166328971173855,105,0.03350832233390655,26,0.44362905225634863,89,0.035916634838514705,29,0.4243901832015933,104,0.03797704756372389,30,0.4074072974722387,116,0.03859935174067464,31,0.4067597056788197,117,0.04084842497499541,33,0.39910026750951616,118,0.038396341491618524,30,0.41131400906965754,109,0.031817531996569226,25,0.44774256181616057,84,0.03505217585110321,29,0.4285399263830861,99,0.033147878365954675,27,0.4362298435140341,94,0.03235459631999116,26,0.4398924897605979,93,0.0329232627046423,27,0.4336351539288686,93,0.03312218611668705,26,0.4462830031959994,88,0.034654341161797,28,0.4309145779966581,98,0.03844007447949915,31,0.4041497283021144,116,0.03814419096939847,30,0.4065649249883914,117,0.03877910801209372,31,0.40568757677473993,116,0.13168724279835398,188,0.1377251521502845,35,0.9995000999900006,105,0.0,114,0.037352703201459,30,0.41740190578424186,106,0.03183379511531004,25,0.44841177022662637,84,0.03282329464386313,26,0.43840077215407414,93,0.03226017277844062,26,0.43864828732992234,93,0.035708324157575744,29,0.4218111702082276,101
(39, 31),0.0799624994427689,67,0.44435275840473987,88,0.07947614712015649,65,0.44586470757373603,88,0.0789692376641089,65,0.44687818836738036,86,0.0775224019860361,61,0.4503235225284602,83,0.07849415378433466,62,0.44867712174657476,84,0.07812836916522148,62,0.4497732066738713,80,0.07996298891258502,67,0.4444904217669095,87,0.07918031686340066,65,0.44697241758486733,87,0.07910687491708868,64,0.4467407564977214,86,0.07851766999306609,62,0.448482228806326,84,0.07886361886157855,63,0.4475558374555397,85,0.07808137107599855,60,0.45036201553567073,80,0.07961010698194948,66,0.44545036338676064,89,0.07894304658001405,65,0.44726398631529124,84,0.07741778818189482,61,0.4507492008787746,83,0.07817186809466325,60,0.44965213059215015,84,0.07810683539191765,62,0.44987641056726396,80,0.1250000000000001,42,0.1377251521502845,36,0.9997000299990002,136,0.0,115,0.07938448210614324,66,0.44565988567632536,89,0.07884796790747195,63,0.4476895433035271,85,0.07843961455770909,62,0.4490064470709972,84,0.07854834939288335,63,0.4488217443358636,84,0.0778162362868523,61,0.45179757073540033,80
(39, 33),0.18439528362404034,172,0.33633603326189937,158,0.18524722593838305,173,0.3362777459792497,160,0.18614169154707438,173,0.33578445556471004,158,0.18873199985833056,177,0.33474841221522855,159,0.18698610656932213,176,0.3359514987456833,158,0.1876403234793158,176,0.33585702958918506,154,0.18439442927895788,172,0.33644143842298696,157,0.18576841946541656,173,0.3363792312025395,158,0.1858981620896495,173,0.3360227017180585,159,0.1869441687200446,175,0.33586421367114017,159,0.1863289052530651,175,0.3360310295093738,159,0.18772463960055108,177,0.3361789150595764,154,0.18501196119968755,173,0.33629632217461985,160,0.18618808906145867,173,0.3360092703743474,158,0.18892147050679753,177,0.33480205330119645,159,0.1875623375796901,177,0.33587545945388364,158,0.18767894844565336,176,0.33588018335606373,154,0.1250000000000001,43,0.1377251521502845,37,0.9997000299990002,137,0.0,116,0.1854084784770622,172,0.3358965576931733,159,0.18635667211547502,174,0.3360924863713805,159,0.18708342600950023,176,0.3360619082069431,159,0.18688947833754266,175,0.3361950332246487,159,0.18820140946863462,177,0.3365836440976846,153
(31, 103),0.2722531632712546,198,0.24595201027818853,203,0.27146174468275375,199,0.24651049250982102,203,0.26995968852224494,197,0.24672640097100298,203,0.2678433540614148,197,0.24725981942747116,202,0.2696914889613615,198,0.2469643076104788,204,0.26972508471550016,198,0.24690351356360488,199,0.27251544420384755,199,0.24564835685164305,203,0.2714382651183651,197,0.2466039403152089,203,0.27043691270304937,197,0.24673918737558967,203,0.2697631184956576,197,0.2468997431406419,203,0.2703911234730969,198,0.24658943627365165,204,0.2700629047594595,198,0.24706701940902848,201,0.2715350213752583,199,0.24645518628280888,203,0.2701671576632759,197,0.24683722594829308,203,0.2679158896735858,197,0.24733441432929454,203,0.26951979494705913,198,0.24708726630794914,205,0.26966878537677363,198,0.24705708788567346,200,0.1250000000000001,44,0.1377251521502845,38,0.9997000299990002,138,0.0,117,0.27008518518207436,198,0.24677581795981682,204,0.2702290054706722,198,0.24707221489606562,203,0.26993961856253046,198,0.247056711898613,205,0.2704016346502809,198,0.24702093763640226,204,0.2707367961815158,198,0.24748248128948458,198
(31, 39),0.043568386295946504,37,0.45302016077389284,83,0.04380230711080446,36,0.45279952170423077,83,0.04424983595993259,37,0.45082851222734444,83,0.04488840613177347,37,0.44847245877955044,84,0.04433023915236256,36,0.4508408368033697,83,0.04432015927308586,36,0.4507827397660886,79,0.04349114737757076,36,0.45287388907458287,80,0.04380926671364227,37,0.4529341229337473,83,0.04410714127789461,37,0.451603344562044,82,0.04430875068776885,37,0.4508357298026407,83,0.04412081210142493,36,0.451257166415598,83,0.044218933001919924,36,0.45161358887684633,79,0.04378059440679838,36,0.4528134942576115,83,0.04418774226083122,37,0.45135775032451614,83,0.044866362836526674,37,0.44872171258138094,84,0.04438179020019828,36,0.45079488712613525,83,0.044337052346368755,36,0.45097445126941615,79,0.1250000000000001,45,0.1377251521502845,39,0.9997000299990002,139,0.0,118,0.044212265161454045,37,0.45111638250936154,83,0.04416924914539977,36,0.4518849637432298,83,0.04425584749558609,36,0.45140044172118465,83,0.044117673500180254,36,0.4520633884840998,83,0.044017715998385,37,0.4534378006572535,79
(103, 10),0.09456515671132382,88,0.2960840417925204,186,0.09406928828451044,86,0.2970801475105521,187,0.09373082012657308,86,0.2974839121518254,187,0.09295134360724944,85,0.29851741386912606,185,0.09345838629264225,83,0.2980609212347843,186,0.09351618096732905,84,0.2978688920967113,182,0.09460354015809547,88,0.29609366482105876,186,0.09390666575182971,85,0.2974030553907353,187,0.09377950894430498,86,0.29750515512605263,187,0.09354861360719124,84,0.29788761490867843,187,0.09383793902432536,85,0.2973571315682741,187,0.09346269046205014,84,0.2981481393516156,183,0.09409799211675374,86,0.2970361891364248,187,0.09366507423005266,87,0.29771220011948796,187,0.09290017802354211,85,0.298634129221645,185,0.09329448275517516,84,0.2983255224921539,186,0.09332298384373727,85,0.2982751064599341,182,0.1250000000000001,46,0.1377251521502845,40,0.9997000299990002,140,0.0,119,0.09373014094118948,86,0.29756029467753836,187,0.09346204682309844,85,0.29818145030735793,187,0.0934652011413597,83,0.29812287109957414,187,0.09351703628309038,84,0.2980728067828869,187,0.09306100961408437,86,0.2991066352150495,183
(103, 31),0.16135078651262047,155,0.24778120114088587,202,0.16206111072753837,157,0.2478163635801615,202,0.16254859619528306,157,0.24760716942528524,202,0.1636794743302601,157,0.24720475526722255,204,0.1629425391483491,159,0.24764694348074903,203,0.16285885020405988,158,0.24758079294727783,198,0.16129599297418595,155,0.24785083443144537,202,0.16229506302772667,157,0.24782348690094022,202,0.1624783388069586,157,0.24770341280487493,202,0.16281191412842277,157,0.24764876792682503,202,0.16239408370045738,156,0.24767439526667878,203,0.16293630436618112,159,0.24772637201801495,200,0.1620198681145396,157,0.2478259188891782,202,0.16264353752167982,156,0.24769101654079861,202,0.16375411049868893,157,0.24721845309577722,204,0.16318022184422487,159,0.2476014729545817,203,0.16313885476124135,159,0.24760576095161213,199,0.1250000000000001,47,0.1377251521502845,41,0.9997000299990002,141,0.0,120,0.16254957656703828,156,0.24766964936748312,203,0.16293723668374516,157,0.24775300826921573,202,0.162932667696585,158,0.24770943798996894,204,0.1628576121475972,158,0.24775166460067108,203,0.1635196710751473,157,0.24787076033207692,197
(10, 9),0.1228023364440387,119,0.3031667934505042,183,0.12234149644762193,118,0.3040199007880587,182,0.12196092647019019,120,0.30413005667333937,181,0.12079497520475058,119,0.3051728084484501,180,0.12164877363955429,119,0.30468714878861286,181,0.12175808897821938,117,0.30437698971977956,178,0.12289579854784616,119,0.3031819901549332,183,0.12222045610484122,118,0.304243582662496,182,0.12203022335437796,120,0.30422325456707905,182,0.12180120953886564,119,0.30453065942795243,181,0.12221626861342094,120,0.30389306763884927,181,0.12181897465400504,118,0.304630438027131,177,0.12237136815174676,118,0.30398970421374494,182,0.12195700448964575,119,0.3043337732220766,181,0.12077109335974545,119,0.3052673605081062,180,0.12146059288197875,118,0.3049273898234012,181,0.12147729659991846,119,0.30484399728991424,178,0.1250000000000001,48,0.1377251521502845,42,0.9997000299990002,142,0.0,121,0.1220315677568784,119,0.304260501232411,182,0.1217186455493171,120,0.3048602344265284,182,0.12182358257105441,120,0.3046460667543173,181,0.12186083056526553,119,0.3046643554808392,181,0.12132178209221123,118,0.3058246756918707,177
(10, 103),0.12722372788849856,122,0.2996133320943598,185,0.12769674043700663,123,0.29970915220266314,186,0.12808914471300648,123,0.29920037893510426,186,0.12930149775672428,122,0.2983281756167754,186,0.12841221524383017,122,0.2992411183193015,185,0.12829895198135988,125,0.2991139874049748,181,0.1271280839312421,122,0.2997794862130134,185,0.12782136931182242,123,0.29973323750723746,185,0.12801757241332956,123,0.29940451670504603,186,0.1282543110804064,123,0.29933504535350114,186,0.12782568387487736,123,0.2993811311033659,186,0.12823592568078301,124,0.2994619887801023,181,0.12766600822447083,123,0.2997278190228216,186,0.12809319708287492,123,0.2993944267491868,186,0.1293264912869837,123,0.2983817150783822,186,0.1286075075139329,124,0.2991709780986863,185,0.12859015638815008,124,0.2991163222398626,181,0.1250000000000001,49,0.1377251521502845,43,0.9997000299990002,143,0.0,122,0.12801618439798323,122,0.2994433552729781,186,0.12833980440666481,123,0.2995247345104223,186,0.12823115745321134,123,0.2994848402872855,186,0.1281926223444726,123,0.2995633512959067,186,0.12875182038434052,124,0.29982487284239845,181
(9, 55),0.10608316064735124,96,0.3407730696718249,156,0.1056336978636091,95,0.3417885300412739,155,0.10523929306030766,95,0.34203407860915575,154,0.10413663059620504,95,0.3434248021492487,151,0.10493681891677742,94,0.34272272405724136,154,0.10516286029957311,95,0.34211042525480234,149,0.10613228445694733,96,0.3408773315208267,154,0.10546175036150307,95,0.34220795904374623,154,0.10526518544295171,95,0.3421973806073655,154,0.10508075422217622,95,0.34254528505690124,154,0.10549200647634327,95,0.34171804397518857,156,0.10509876301432175,94,0.34260720036308373,150,0.10565421112579665,95,0.34177654504911964,155,0.10522700318374667,95,0.34229829672497863,154,0.10415663937885011,95,0.34349490947265887,149,0.10477238519455734,94,0.34299376061124803,154,0.10486609681892312,94,0.34273935921367366,149,0.1250000000000001,50,0.1377251521502845,44,0.9997000299990002,144,0.0,123,0.10526373479622797,95,0.34222576599115606,156,0.10495281227309838,95,0.3429666149986472,154,0.10513689981445884,95,0.34259011401192746,155,0.10512830565894937,95,0.3426645765628495,154,0.10450130641356403,95,0.34428735146717526,147
(9, 10),0.1460417415184736,145,0.30632921327620455,181,0.14659945844590117,147,0.30641794104010184,181,0.14709133391798956,147,0.3059142148636577,180,0.1484789384940446,147,0.3051250610202575,181,0.14747013977265566,148,0.3059737496150292,180,0.14718692518409449,147,0.3058421663117459,177,0.14598096742848465,145,0.30651275130129463,181,0.1468136141313512,147,0.3064782467270799,181,0.1470589712742525,147,0.3061078212780265,181,0.14728970961244037,147,0.3060799763982844,180,0.14677589902441945,147,0.30609496058507213,180,0.14726715664154677,148,0.3061684157282185,176,0.14657393918995076,147,0.3064448114969184,181,0.14710669843777824,147,0.3061279542495575,180,0.14845359446271966,147,0.305224262063025,181,0.14767664827836124,149,0.3059129681990847,180,0.14755890795121873,148,0.3058584881443665,177,0.1250000000000001,51,0.1377251521502845,45,0.9997000299990002,145,0.0,124,0.14706078415797785,147,0.30613054880699564,181,0.14745007587430936,147,0.30622093182302884,181,0.14721941284094675,147,0.30622326900290003,180,0.14723017003233674,147,0.30627402175393437,180,0.14801798374944752,147,0.3065656416237296,176
(55, 105),0.06873457307453623,53,0.49724817677478145,64,0.0685606040680673,53,0.49808259368646846,64,0.06830106700724103,51,0.49808524762234563,66,0.06656422158544806,51,0.5037164779941862,65,0.06750486888626661,52,0.501562013766278,66,0.06744801060337735,53,0.5015981225568853,62,0.06819795334743439,52,0.49978111728888164,63,0.06790237470857086,52,0.5009812932682634,64,0.0682354869921411,51,0.4987713304534968,65,0.06774740649877498,50,0.500764996512128,66,0.06836365864843308,51,0.49829182417948975,66,0.06757337902979188,52,0.5016654273545894,62,0.06867857086356577,53,0.4976635593207365,64,0.06826209768476466,51,0.49869284441341627,66,0.06642668769156934,50,0.5045192278203764,65,0.06708510829090997,51,0.5032022714438996,66,0.06749139223180634,54,0.5014471308145544,62,0.1250000000000001,52,0.1377251521502845,46,0.9997000299990002,146,0.0,125,0.06894769771210063,53,0.4958826037309205,67,0.06786013689707526,51,0.5005246897793009,66,0.06771622855039006,50,0.5012203295950721,66,0.06783390211782492,52,0.5008299896339675,66,0.06670842275384625,52,0.5061428920054978,62
(55, 9),0.20576564221601634,183,0.34501713081872837,150,0.20612751685555197,183,0.34510208737112985,151,0.2066693129574374,185,0.3443664575616155,149,0.21035577318413845,186,0.34325349303449365,152,0.20834600324235097,185,0.34448840774041856,150,0.20846658997605416,183,0.3443500335843092,145,0.20688521249936842,184,0.3452447958502655,148,0.20750614003332335,184,0.34522813321947776,150,0.20680658192296242,186,0.3446541099061656,150,0.20783290220788453,187,0.34463556120229444,150,0.20653843765505764,186,0.34468725965144315,150,0.20820085653591214,185,0.3447560375818492,145,0.20588202000404676,183,0.34514648184727215,150,0.20675086376307883,185,0.34467562292468834,150,0.21065229416411113,186,0.3434022926885972,152,0.20923894574129953,186,0.3444058028171545,150,0.20837457460133246,183,0.3443708408004997,145,0.1250000000000001,53,0.1377251521502845,47,0.9997000299990002,147,0.0,126,0.20532372670915233,183,0.3446717980541774,151,0.20759511835350697,186,0.3447926796624118,150,0.20789874492983706,187,0.3448595913820076,150,0.20765041602996126,185,0.34492790033456966,150,0.21004561428476742,185,0.3453256413171072,146
(105, 0),0.05451327609849932,43,0.8463134595211919,10,0.053261059355263485,43,0.8463134595211916,11,0.053070238941754666,42,0.8463134595211914,11,0.05387849451603555,42,0.8463134595211927,11,0.053367687962270094,42,0.8463134595211916,11,0.0528192905835122,42,0.8463134595211916,11,0.05470776330954219,43,0.8463134595211919,11,0.05521626481394959,43,0.8463134595211926,11,0.053455110063641564,42,0.8463134595211923,11,0.05383747646366577,42,0.8463134595211921,11,0.05296882313329576,42,0.8463134595211916,11,0.051754793115743825,41,0.8463134595211917,10,0.05308326031495603,43,0.8463134595211922,11,0.053135949301955865,42,0.8463134595211917,11,0.054299654985448864,42,0.8463134595211922,11,0.053889638003253304,42,0.8463134595211921,11,0.05208990816264736,42,0.8463134595211924,11,0.1342177280000002,205,0.1377251521502845,48,0.9991003599160128,89,0.0,127,0.055698632049291597,42,0.8463134595211914,11,0.054576549101668315,42,0.8463134595211917,11,0.05408833600816676,42,0.8463134595211925,11,0.05350530082476612,42,0.8463134595211921,11,0.05652511044412756,43,0.8463134595211923,11
(105, 55),0.17553380348265502,167,0.538607622341751,53,0.17374382403533672,166,0.5378475917440754,53,0.17565483170798968,168,0.5342473480477932,57,0.1782722165364169,168,0.5324455921440745,57,0.176115250654171,167,0.5343789142943083,57,0.17533194498459093,168,0.5340307020590517,53,0.17691109030204222,168,0.5369705050382907,55,0.17737005259513305,168,0.5376932348185807,54,0.17554837708487447,168,0.5355312385323168,54,0.17613881311711488,169,0.5356976487264944,55,0.17465110063790323,167,0.5355474835193847,55,0.17253157288037424,165,0.5353727460079332,51,0.17329619121963036,166,0.5380468012906816,53,0.17506503554883912,167,0.5353745292033272,54,0.1785827086103372,169,0.5331616464088883,57,0.17713267114355125,169,0.534273339927613,57,0.17369807225137945,167,0.5344970871044277,51,0.1342177280000002,206,0.1377251521502845,49,0.9991003599160128,90,0.0,128,0.1805439750914949,168,0.5340472579121694,57,0.17736162102573028,168,0.5358802070219933,54,0.17630998810246545,170,0.5361482009944499,55,0.17461636861483232,168,0.5371616866145643,54,0.17862302836054467,169,0.5394107348243752,49
(105, 85),0.04634501817942238,39,0.8859546624381606,3,0.0490865322785502,41,0.8661490053176617,6,0.04881324335524351,40,0.8666022096644301,7,0.046582999496881716,39,0.8817098794282503,3,0.048136508460079885,40,0.8713746852531844,5,0.04937185152943013,40,0.8626747816055073,6,0.045604553186968766,38,0.8907728020956802,2,0.04464185156418787,38,0.8983508310442864,3,0.04816133183323501,40,0.8716620671811749,5,0.047308392125916865,39,0.8777840627023878,4,0.04932050937667021,40,0.8636280695848495,6,0.0523212720498577,42,0.8436845034175315,11,0.04955500625131626,41,0.8630176191880897,6,0.04888442430407913,40,0.8665591322649577,6,0.04578070402758838,38,0.8879026501559598,3,0.04691169614661872,39,0.8800651465044682,4,0.05127440972601183,41,0.8501282979311087,8,0.1342177280000002,207,0.1377251521502845,50,0.9991003599160128,91,0.0,129,0.042975768649349155,36,0.9098495270749086,2,0.045686197844910015,38,0.8897173483960579,3,0.04682511454562044,39,0.8814516383619627,3,0.04836905636467581,40,0.8708578518400824,5,0.042256927126488764,35,0.917893343983055,3
(105, 36),0.3279526213326629,209,0.356989083713618,143,0.32533172138352107,209,0.3569890837136179,146,0.32492919470045367,209,0.3569890837136176,144,0.3266284484738069,209,0.3569890837136181,144,0.3255562837891406,209,0.3569890837136177,145,0.32439854581005734,209,0.35698908371361787,140,0.3283565304518039,209,0.3569890837136173,144,0.3294086511149418,209,0.35698908371361765,146,0.3257402020327481,209,0.35698908371361776,146,0.3265425721037156,209,0.35698908371361804,144,0.32471491978265776,209,0.35698908371361776,145,0.3221311014259416,209,0.3569890837136178,142,0.32495668944076017,209,0.3569890837136177,147,0.32506790260698537,209,0.3569890837136178,144,0.32750800789243995,209,0.35698908371361765,145,0.3266517721706722,209,0.3569890837136178,144,0.3228478236887953,209,0.3569890837136181,141,0.1342177280000002,208,0.1377251521502845,51,0.006419949976952832,21,0.2721034899173346,54,0.3304015041067905,209,0.3569890837136178,145,0.32808411793811687,209,0.35698908371361754,147,0.32706718352280406,209,0.3569890837136178,144,0.3258457140260498,209,0.356989083713618,145,0.33209108857778236,209,0.3569890837136178,142
(105, 54),0.25108986098920305,194,0.4361345254966505,92,0.24856683907151134,194,0.4361345254966505,94,0.2481797577828897,194,0.43613452549665044,94,0.24981455790773344,195,0.4361345254966505,94,0.24878283265879664,195,0.4361345254966507,94,0.24766963906182504,194,0.4361345254966505,90,0.25147909928731393,195,0.43613452549665027,93,0.25249352094123756,195,0.43613452549665044,94,0.24895975850748897,195,0.43613452549665044,93,0.24973189185862021,195,0.4361345254966507,95,0.24797374981242348,194,0.4361345254966506,95,0.24549208581491833,194,0.43613452549665055,91,0.248206194010946,193,0.43613452549665055,94,0.24831313086315332,194,0.4361345254966506,94,0.25066152418489607,195,0.4361345254966507,94,0.24983701055651475,195,0.4361345254966504,94,0.24618001390182287,194,0.4361345254966505,91,0.1342177280000002,209,0.1377251521502845,52,0.0004954878952050379,19,0.3616971335144557,35,0.25345148119121863,195,0.43613452549665055,94,0.25121656927850966,195,0.4361345254966504,95,0.25023696965325337,195,0.4361345254966504,95,0.24906126940874063,195,0.4361345254966506,95,0.25508320558573094,195,0.4361345254966505,91
(0, 105),0.025021127989450775,20,0.8762357852963373,5,0.025021127989450775,21,0.876235785296337,4,0.025021127989450775,21,0.8762357852963377,4,0.025021127989450775,21,0.8762357852963369,5,0.025021127989450775,21,0.8762357852963377,4,0.025021127989450775,21,0.8762357852963373,4,0.025021127989450775,20,0.8762357852963375,5,0.025021127989450997,21,0.876235785296337,5,0.025021127989450775,21,0.8762357852963369,4,0.025021127989450775,21,0.8762357852963383,5,0.025021127989450775,21,0.8762357852963369,4,0.025021127989450775,21,0.876235785296337,4,0.025021127989450775,21,0.8762357852963373,4,0.025021127989450775,21,0.8762357852963364,4,0.025021127989450775,21,0.8762357852963367,5,0.025021127989450775,21,0.8762357852963377,5,0.025021127989450997,21,0.8762357852963367,4,0.1250000000000001,54,0.1377251521502845,53,0.9997000299990002,148,0.0,130,0.025021127989450775,21,0.8762357852963373,5,0.025021127989450775,21,0.876235785296337,5,0.025021127989450775,21,0.8762357852963367,5,0.025021127989450775,21,0.8762357852963383,4,0.025021127989450775,21,0.8762357852963377,5
(0, 74),0.35416739073308356,211,0.3622322303138656,139,0.35416739073308356,211,0.36223223031386553,143,0.3541673907330839,211,0.36223223031386537,143,0.35416739073308323,211,0.3622322303138657,142,0.35416739073308356,211,0.36223223031386553,142,0.35416739073308356,211,0.36223223031386564,138,0.35416739073308356,212,0.36223223031386553,139,0.354167390733083,211,0.362232230313866,142,0.35416739073308356,211,0.36223223031386553,143,0.3541673907330839,211,0.36223223031386564,142,0.35416739073308356,211,0.36223223031386553,143,0.35416739073308356,211,0.3622322303138654,139,0.35416739073308356,211,0.36223223031386537,144,0.35416739073308323,211,0.3622322303138656,143,0.35416739073308334,211,0.3622322303138654,143,0.3541673907330837,211,0.3622322303138655,142,0.354167390733083,211,0.3622322303138658,139,0.1250000000000001,55,0.1377251521502845,54,0.9997000299990002,149,0.0,131,0.35416739073308356,211,0.3622322303138654,142,0.35416739073308356,211,0.3622322303138653,144,0.35416739073308323,211,0.36223223031386564,143,0.3541673907330837,211,0.3622322303138657,143,0.35416739073308356,211,0.36223223031386553,138
(8, 19),0.04171599277990001,34,0.6041687415218974,40,0.04171599277990001,34,0.6041687415218978,41,0.04171599277990001,34,0.6041687415218975,41,0.04171599277990001,34,0.6041687415218974,41,0.04171599277990001,34,0.6041687415218974,40,0.04171599277990001,34,0.6041687415218977,37,0.04171599277990001,34,0.6041687415218973,40,0.04171599277990001,34,0.604168741521898,41,0.04171599277990001,34,0.6041687415218974,41,0.04171599277990001,34,0.6041687415218979,41,0.04171599277990001,34,0.6041687415218974,41,0.04171599277990001,34,0.6041687415218975,37,0.04171599277990001,34,0.6041687415218969,41,0.04171599277990001,34,0.6041687415218975,41,0.04171599277990001,34,0.6041687415218977,41,0.04171599277990001,34,0.6041687415218976,40,0.04171599277990001,34,0.6041687415218978,37,0.1250000000000001,56,0.1377251521502845,55,0.02571612125854461,25,0.5519139965898864,14,0.04171599277990001,34,0.6041687415218975,40,0.04171599277990001,34,0.6041687415218973,40,0.04171599277990001,34,0.6041687415218976,39,0.04171599277990001,34,0.6041687415218977,39,0.04171599277990001,34,0.6041687415218975,37
(8, 100),0.27867874646175317,200,0.3207927149365267,171,0.2786787464617533,201,0.3207927149365268,172,0.2786787464617533,201,0.3207927149365266,173,0.27867874646175317,201,0.3207927149365267,172,0.27867874646175317,201,0.3207927149365268,172,0.2786787464617533,201,0.32079271493652667,168,0.27867874646175317,201,0.3207927149365266,171,0.2786787464617533,201,0.32079271493652683,172,0.27867874646175317,201,0.3207927149365268,172,0.2786787464617533,201,0.32079271493652683,172,0.27867874646175317,201,0.32079271493652667,172,0.27867874646175317,201,0.32079271493652667,168,0.27867874646175306,201,0.32079271493652656,172,0.27867874646175317,201,0.32079271493652667,172,0.2786787464617533,201,0.32079271493652667,172,0.2786787464617533,201,0.3207927149365266,172,0.2786787464617533,201,0.32079271493652667,167,0.1250000000000001,57,0.1377251521502845,56,0.35015297852899674,84,0.2311287415216553,66,0.27867874646175317,201,0.3207927149365268,172,0.2786787464617533,201,0.3207927149365265,173,0.27867874646175317,201,0.3207927149365267,172,0.27867874646175317,201,0.32079271493652683,172,0.27867874646175317,201,0.3207927149365268,168
(19, 49),0.09565155891461163,89,0.7524123712839492,24,0.09565155891461175,89,0.752412371283949,25,0.09565155891461175,89,0.752412371283949,25,0.09565155891461175,89,0.752412371283949,25,0.09565155891461163,88,0.7524123712839492,25,0.09565155891461163,88,0.7524123712839493,22,0.09565155891461163,89,0.7524123712839487,25,0.09565155891461163,87,0.7524123712839493,24,0.09565155891461163,88,0.7524123712839487,25,0.09565155891461163,88,0.7524123712839491,25,0.09565155891461163,88,0.752412371283949,24,0.09565155891461163,88,0.7524123712839491,22,0.09565155891461175,88,0.7524123712839484,25,0.09565155891461163,89,0.7524123712839491,24,0.09565155891461163,89,0.7524123712839492,24,0.09565155891461175,87,0.7524123712839486,25,0.09565155891461175,88,0.752412371283949,23,0.1250000000000001,58,0.1377251521502845,57,0.09033857761257003,42,0.7197276650871178,6,0.09565155891461163,89,0.752412371283949,25,0.09565155891461163,88,0.7524123712839493,24,0.09565155891461163,87,0.7524123712839492,24,0.09565155891461163,88,0.7524123712839491,24,0.09565155891461163,90,0.7524123712839492,22
(19, 8),0.15981036009363891,154,0.6340910672970429,31,0.1598103600936387,154,0.634091067297043,31,0.1598103600936387,154,0.634091067297043,31,0.15981036009363858,154,0.6340910672970432,31,0.1598103600936387,156,0.6340910672970431,31,0.15981036009363891,155,0.6340910672970429,27,0.15981036009363891,154,0.6340910672970425,31,0.15981036009363891,155,0.634091067297043,31,0.15981036009363891,155,0.6340910672970425,31,0.15981036009363891,154,0.6340910672970429,31,0.1598103600936387,154,0.6340910672970429,31,0.15981036009363891,154,0.6340910672970429,27,0.15981036009363858,155,0.6340910672970429,31,0.15981036009363891,154,0.6340910672970427,31,0.15981036009363891,154,0.634091067297043,31,0.1598103600936387,156,0.6340910672970427,31,0.1598103600936387,156,0.6340910672970431,27,0.1250000000000001,59,0.1377251521502845,58,0.1675559581728392,66,0.585786448757688,9,0.15981036009363891,154,0.6340910672970428,31,0.15981036009363891,154,0.6340910672970427,31,0.15981036009363891,155,0.6340910672970429,31,0.15981036009363891,154,0.6340910672970429,31,0.15981036009363891,153,0.6340910672970429,27
(49, 40),0.29100266421344567,205,0.3830086729572367,127,0.29100266421344545,205,0.38300867295723673,129,0.29100266421344545,205,0.38300867295723684,128,0.29100266421344567,205,0.38300867295723673,128,0.29100266421344567,205,0.38300867295723684,128,0.29100266421344545,205,0.383008672957237,124,0.29100266421344545,205,0.38300867295723673,125,0.29100266421344545,205,0.38300867295723695,129,0.29100266421344567,205,0.38300867295723656,127,0.29100266421344545,205,0.38300867295723695,128,0.29100266421344523,205,0.3830086729572368,129,0.29100266421344545,205,0.38300867295723673,125,0.29100266421344567,205,0.38300867295723656,129,0.29100266421344545,205,0.38300867295723684,128,0.29100266421344523,205,0.38300867295723673,129,0.29100266421344545,205,0.38300867295723673,129,0.29100266421344545,205,0.38300867295723695,125,0.1250000000000001,60,0.1377251521502845,59,0.34999584433064734,83,0.30155799484797813,49,0.29100266421344545,205,0.38300867295723673,129,0.29100266421344545,205,0.38300867295723673,128,0.29100266421344523,205,0.38300867295723695,129,0.29100266421344523,205,0.38300867295723695,129,0.29100266421344545,205,0.3830086729572369,125
(49, 19),0.03838442216509885,30,0.7524123712839491,25,0.03838442216509885,31,0.7524123712839491,24,0.03838442216509885,31,0.7524123712839491,24,0.03838442216509885,31,0.7524123712839494,24,0.038384422165098964,30,0.7524123712839493,24,0.038384422165098964,30,0.7524123712839493,23,0.038384422165098964,29,0.7524123712839489,24,0.038384422165098964,31,0.7524123712839493,25,0.03838442216509885,31,0.7524123712839491,24,0.03838442216509885,31,0.7524123712839494,24,0.038384422165098964,31,0.7524123712839486,25,0.038384422165098964,31,0.7524123712839489,23,0.03838442216509885,31,0.7524123712839491,24,0.038384422165098964,31,0.752412371283949,25,0.038384422165098964,30,0.7524123712839484,25,0.038384422165098964,31,0.7524123712839487,24,0.03838442216509885,30,0.7524123712839496,22,0.1250000000000001,61,0.1377251521502845,60,0.02574369247491526,26,0.7197276650871178,7,0.03838442216509885,31,0.7524123712839491,24,0.038384422165098964,31,0.7524123712839489,25,0.038384422165098964,31,0.752412371283949,25,0.038384422165098964,31,0.752412371283949,25,0.038384422165098964,31,0.7524123712839489,23
(40, 37),0.06541952127299311,50,0.6118750954449909,37,0.06541952127299311,50,0.6118750954449911,38,0.06541952127299311,47,0.611875095444991,37,0.06541952127299311,48,0.6118750954449913,36,0.06541952127299311,49,0.6118750954449914,36,0.06541952127299311,50,0.6118750954449914,32,0.06541952127299311,49,0.6118750954449909,37,0.06541952127299289,49,0.6118750954449916,35,0.06541952127299289,49,0.611875095444991,37,0.06541952127299311,48,0.6118750954449914,36,0.06541952127299289,48,0.6118750954449911,36,0.06541952127299311,49,0.6118750954449913,32,0.06541952127299311,50,0.6118750954449911,38,0.06541952127299311,48,0.6118750954449913,36,0.06541952127299311,48,0.6118750954449912,36,0.06541952127299289,49,0.611875095444991,36,0.06541952127299311,49,0.6118750954449911,33,0.1250000000000001,62,0.1377251521502845,61,0.0524546922439425,31,0.560637686941021,12,0.06541952127299311,49,0.6118750954449913,36,0.06541952127299311,49,0.6118750954449911,36,0.06541952127299311,48,0.6118750954449913,36,0.06541952127299333,48,0.6118750954449909,37,0.06541952127299289,48,0.6118750954449914,32
(40, 49),0.21284489224305259,186,0.4129309987323823,108,0.2128448922430527,186,0.4129309987323823,112,0.2128448922430527,188,0.41293099873238226,109,0.2128448922430527,189,0.41293099873238237,108,0.2128448922430527,188,0.4129309987323824,108,0.2128448922430527,186,0.41293099873238237,105,0.2128448922430527,187,0.41293099873238215,107,0.2128448922430528,187,0.4129309987323824,108,0.2128448922430528,188,0.412930998732382,109,0.2128448922430528,189,0.4129309987323823,109,0.2128448922430528,189,0.41293099873238204,109,0.2128448922430527,188,0.41293099873238254,106,0.2128448922430527,186,0.41293099873238226,111,0.2128448922430527,189,0.41293099873238226,109,0.2128448922430527,188,0.41293099873238226,107,0.2128448922430527,188,0.41293099873238204,108,0.21284489224305259,187,0.4129309987323825,106,0.1250000000000001,63,0.1377251521502845,62,0.24491972634852033,77,0.33543044701578,40,0.2128448922430528,187,0.4129309987323822,109,0.2128448922430527,188,0.4129309987323822,110,0.2128448922430527,189,0.41293099873238226,109,0.21284489224305259,189,0.4129309987323824,110,0.2128448922430528,188,0.4129309987323822,107
(37, 52),0.15425280965549648,151,0.5290358566491886,59,0.15425280965549626,150,0.5290358566491893,58,0.15425280965549626,150,0.5290358566491891,59,0.15425280965549648,151,0.529035856649189,60,0.15425280965549648,152,0.529035856649189,60,0.15425280965549648,150,0.5290358566491891,56,0.15425280965549648,151,0.5290358566491885,59,0.15425280965549626,151,0.5290358566491894,58,0.1542528096554967,151,0.5290358566491884,60,0.15425280965549626,151,0.5290358566491891,59,0.15425280965549615,151,0.5290358566491892,59,0.15425280965549626,151,0.529035856649189,56,0.1542528096554967,151,0.5290358566491885,59,0.15425280965549626,150,0.5290358566491888,60,0.15425280965549626,151,0.5290358566491888,60,0.15425280965549648,153,0.5290358566491887,59,0.15425280965549648,151,0.5290358566491891,56,0.1250000000000001,64,0.1377251521502845,63,0.16244299436868204,64,0.46686261829115433,22,0.15425280965549648,151,0.529035856649189,60,0.15425280965549626,150,0.529035856649189,58,0.1542528096554967,150,0.5290358566491885,59,0.15425280965549648,151,0.529035856649189,60,0.15425280965549626,150,0.5290358566491891,56
(37, 40),0.09970112933831243,92,0.611875095444991,36,0.09970112933831243,93,0.6118750954449914,37,0.09970112933831243,93,0.6118750954449912,36,0.09970112933831243,92,0.6118750954449913,37,0.09970112933831243,91,0.6118750954449912,37,0.09970112933831243,93,0.6118750954449914,33,0.09970112933831232,92,0.611875095444991,36,0.09970112933831254,92,0.6118750954449912,36,0.09970112933831232,92,0.6118750954449912,36,0.09970112933831254,92,0.6118750954449911,37,0.09970112933831277,92,0.6118750954449906,37,0.09970112933831243,92,0.611875095444991,33,0.09970112933831232,92,0.6118750954449912,37,0.09970112933831243,93,0.611875095444991,37,0.09970112933831243,92,0.611875095444991,37,0.09970112933831243,91,0.611875095444991,37,0.09970112933831243,92,0.6118750954449914,32,0.1250000000000001,65,0.1377251521502845,64,0.09380401454721621,44,0.5606376869410209,13,0.09970112933831243,92,0.6118750954449912,37,0.09970112933831254,93,0.6118750954449907,37,0.09970112933831232,93,0.6118750954449913,37,0.09970112933831243,92,0.6118750954449912,36,0.09970112933831243,93,0.6118750954449912,33
(52, 80),0.1436527709348685,139,0.481101515812962,73,0.1436527709348685,139,0.48110151581296223,75,0.1436527709348685,140,0.481101515812962,74,0.1436527709348685,140,0.481101515812962,74,0.1436527709348685,142,0.48110151581296223,74,0.1436527709348685,141,0.48110151581296234,69,0.14365277093486828,140,0.4811015158129621,71,0.14365277093486828,140,0.48110151581296245,73,0.1436527709348685,140,0.4811015158129618,74,0.1436527709348685,140,0.4811015158129621,74,0.1436527709348685,141,0.4811015158129621,73,0.1436527709348686,142,0.4811015158129618,71,0.1436527709348685,139,0.4811015158129619,75,0.1436527709348686,140,0.4811015158129619,74,0.14365277093486828,140,0.4811015158129624,73,0.1436527709348685,142,0.4811015158129618,74,0.1436527709348685,141,0.48110151581296234,69,0.1250000000000001,66,0.1377251521502845,65,0.14959416430839245,59,0.41260033669675805,29,0.1436527709348685,141,0.4811015158129621,75,0.14365277093486828,139,0.4811015158129623,73,0.14365277093486828,140,0.481101515812962,74,0.1436527709348685,141,0.481101515812962,75,0.1436527709348685,141,0.4811015158129621,70
(52, 37),0.10803609005487513,102,0.5290358566491891,58,0.10803609005487513,102,0.5290358566491892,59,0.10803609005487513,101,0.529035856649189,60,0.10803609005487491,101,0.5290358566491893,59,0.10803609005487513,99,0.5290358566491893,59,0.10803609005487513,100,0.5290358566491893,55,0.10803609005487524,101,0.5290358566491887,58,0.10803609005487513,101,0.5290358566491893,59,0.10803609005487513,101,0.5290358566491888,59,0.10803609005487524,101,0.529035856649189,60,0.10803609005487524,100,0.529035856649189,60,0.10803609005487491,99,0.5290358566491895,55,0.10803609005487524,102,0.5290358566491887,58,0.10803609005487491,101,0.5290358566491894,59,0.10803609005487524,101,0.529035856649189,59,0.10803609005487513,100,0.5290358566491887,60,0.10803609005487513,100,0.5290358566491893,55,0.1250000000000001,67,0.1377251521502845,66,0.10326094186870649,48,0.46686261829115455,21,0.10803609005487513,100,0.5290358566491892,59,0.10803609005487524,102,0.5290358566491888,59,0.10803609005487513,101,0.5290358566491888,58,0.10803609005487513,100,0.5290358566491892,59,0.10803609005487513,100,0.5290358566491891,57
(80, 61),0.2111172008186344,185,0.32686901112132055,168,0.2111172008186344,185,0.3268690111213206,169,0.2111172008186346,186,0.3268690111213203,170,0.2111172008186344,187,0.32686901112132044,169,0.2111172008186344,187,0.32686901112132055,168,0.2111172008186344,185,0.3268690111213206,165,0.2111172008186346,185,0.32686901112132033,168,0.2111172008186344,186,0.3268690111213208,169,0.2111172008186344,187,0.32686901112132033,170,0.2111172008186344,188,0.32686901112132044,170,0.2111172008186344,188,0.3268690111213205,170,0.2111172008186344,187,0.3268690111213203,166,0.2111172008186344,185,0.32686901112132055,169,0.2111172008186346,187,0.3268690111213203,171,0.21111720081863417,187,0.3268690111213205,168,0.2111172008186346,187,0.32686901112132033,169,0.2111172008186344,186,0.3268690111213205,164,0.1250000000000001,68,0.1377251521502845,67,0.2550536205398035,79,0.23800718584525077,65,0.2111172008186344,186,0.3268690111213205,170,0.21111720081863417,187,0.32686901112132055,170,0.2111172008186346,188,0.3268690111213203,171,0.2111172008186346,188,0.32686901112132033,171,0.2111172008186344,187,0.32686901112132044,167
(80, 52),0.06621169269878013,51,0.48110151581296234,72,0.06621169269878013,51,0.4811015158129624,74,0.06621169269878013,49,0.4811015158129622,73,0.06621169269878013,50,0.48110151581296223,73,0.06621169269877991,50,0.48110151581296245,73,0.06621169269878013,51,0.48110151581296223,70,0.06621169269878013,51,0.4811015158129621,72,0.06621169269878013,50,0.48110151581296245,74,0.06621169269878013,50,0.481101515812962,73,0.06621169269877991,49,0.48110151581296234,73,0.06621169269878013,49,0.4811015158129621,74,0.06621169269878013,50,0.4811015158129619,70,0.06621169269878013,51,0.4811015158129621,74,0.06621169269877991,49,0.48110151581296223,73,0.06621169269878013,49,0.4811015158129619,74,0.06621169269877991,50,0.48110151581296223,73,0.06621169269878013,50,0.48110151581296234,70,0.1250000000000001,69,0.1377251521502845,68,0.04895679366483652,29,0.41260033669675816,28,0.06621169269878013,50,0.4811015158129622,74,0.06621169269878036,50,0.4811015158129619,74,0.06621169269877991,49,0.48110151581296223,73,0.06621169269878013,49,0.4811015158129621,74,0.06621169269878013,50,0.4811015158129621,71
(61, 99),0.0796290150574388,66,0.43290301827315764,94,0.0796290150574388,67,0.4329030182731578,97,0.0796290150574388,66,0.4329030182731574,96,0.0796290150574388,63,0.4329030182731575,97,0.0796290150574388,65,0.4329030182731575,97,0.0796290150574388,66,0.4329030182731576,92,0.0796290150574388,65,0.43290301827315736,95,0.0796290150574388,66,0.4329030182731579,96,0.0796290150574388,67,0.43290301827315725,96,0.0796290150574388,66,0.4329030182731578,97,0.0796290150574388,65,0.4329030182731577,97,0.07962901505743902,65,0.4329030182731572,95,0.07962901505743858,67,0.4329030182731577,96,0.07962901505743902,66,0.43290301827315736,97,0.0796290150574388,64,0.43290301827315736,96,0.07962901505743902,64,0.4329030182731572,97,0.0796290150574388,66,0.4329030182731575,93,0.1250000000000001,70,0.1377251521502845,69,0.06366934920095801,34,0.35803902636462315,37,0.0796290150574388,67,0.4329030182731574,97,0.07962901505743858,66,0.43290301827315747,97,0.0796290150574388,65,0.43290301827315725,98,0.0796290150574388,65,0.4329030182731574,99,0.0796290150574388,65,0.4329030182731575,94
(61, 80),0.1849787915113008,173,0.32686901112132055,169,0.1849787915113008,172,0.3268690111213205,170,0.1849787915113008,172,0.3268690111213203,171,0.1849787915113006,175,0.32686901112132055,168,0.1849787915113008,173,0.3268690111213205,169,0.1849787915113008,173,0.32686901112132044,166,0.1849787915113008,174,0.32686901112132033,169,0.1849787915113008,172,0.32686901112132066,170,0.1849787915113008,171,0.32686901112132033,171,0.18497879151130092,172,0.32686901112132044,171,0.1849787915113008,173,0.32686901112132044,171,0.18497879151130037,174,0.32686901112132055,165,0.18497879151130092,172,0.3268690111213203,170,0.18497879151130037,172,0.3268690111213207,170,0.1849787915113006,175,0.3268690111213205,169,0.18497879151130037,174,0.3268690111213207,168,0.1849787915113008,173,0.3268690111213205,165,0.1250000000000001,71,0.1377251521502845,70,0.21674610662002647,74,0.2380071858452508,64,0.1849787915113006,171,0.32686901112132044,171,0.18497879151130092,171,0.3268690111213201,171,0.1849787915113006,173,0.32686901112132044,170,0.1849787915113006,173,0.3268690111213205,170,0.1849787915113008,174,0.3268690111213205,166
(99, 86),0.08961343729634463,80,0.5344824705707608,55,0.08961343729634486,79,0.5344824705707605,56,0.08961343729634463,80,0.5344824705707603,55,0.08961343729634486,80,0.5344824705707605,56,0.08961343729634486,80,0.5344824705707606,56,0.08961343729634463,81,0.5344824705707605,52,0.08961343729634463,79,0.53448247057076,56,0.08961343729634486,79,0.5344824705707603,57,0.08961343729634463,80,0.5344824705707607,56,0.08961343729634463,80,0.5344824705707606,57,0.08961343729634463,78,0.5344824705707605,56,0.08961343729634486,80,0.5344824705707604,53,0.08961343729634463,79,0.5344824705707607,55,0.08961343729634486,80,0.5344824705707604,57,0.08961343729634441,80,0.5344824705707608,55,0.08961343729634463,80,0.5344824705707605,55,0.08961343729634486,80,0.5344824705707604,53,0.1250000000000001,72,0.1377251521502845,71,0.0799617976849587,38,0.4730282543089321,20,0.08961343729634486,82,0.53448247057076,56,0.08961343729634463,79,0.53448247057076,56,0.08961343729634463,78,0.5344824705707605,56,0.08961343729634463,79,0.5344824705707607,56,0.08961343729634463,80,0.5344824705707605,54
(99, 61),0.16865596004370698,161,0.4329030182731575,95,0.16865596004370687,161,0.4329030182731577,98,0.16865596004370698,161,0.43290301827315725,97,0.16865596004370687,160,0.4329030182731577,96,0.16865596004370687,162,0.4329030182731577,96,0.16865596004370698,161,0.4329030182731574,93,0.16865596004370687,162,0.43290301827315714,96,0.16865596004370653,162,0.43290301827315775,97,0.16865596004370698,161,0.43290301827315725,97,0.16865596004370687,161,0.4329030182731576,98,0.16865596004370687,162,0.4329030182731575,98,0.16865596004370687,162,0.4329030182731576,94,0.16865596004370698,161,0.4329030182731575,97,0.16865596004370687,161,0.4329030182731576,96,0.1686559600437072,161,0.43290301827315725,97,0.16865596004370687,162,0.43290301827315747,96,0.16865596004370687,162,0.4329030182731575,94,0.1250000000000001,73,0.1377251521502845,72,0.18439650851788514,70,0.3580390263646232,36,0.16865596004370675,160,0.4329030182731575,96,0.16865596004370687,162,0.43290301827315714,98,0.16865596004370687,162,0.4329030182731576,97,0.16865596004370698,162,0.43290301827315764,98,0.16865596004370687,160,0.4329030182731576,93
(86, 36),0.1440740129615672,143,0.4850590458337727,70,0.14407401296156752,142,0.485059045833772,73,0.1440740129615674,143,0.48505904583377213,72,0.14407401296156752,143,0.48505904583377213,72,0.1440740129615674,145,0.48505904583377235,72,0.1440740129615674,144,0.48505904583377246,68,0.1440740129615674,143,0.48505904583377213,70,0.14407401296156752,143,0.48505904583377213,72,0.1440740129615672,144,0.48505904583377246,72,0.14407401296156752,144,0.48505904583377213,72,0.1440740129615674,144,0.48505904583377235,72,0.14407401296156752,145,0.485059045833772,69,0.14407401296156752,142,0.4850590458337719,73,0.1440740129615674,143,0.48505904583377224,72,0.14407401296156697,143,0.48505904583377246,72,0.14407401296156752,146,0.485059045833772,72,0.14407401296156752,144,0.48505904583377213,68,0.1250000000000001,74,0.1377251521502845,73,0.1500832779015444,60,0.417080310858522,27,0.14407401296156752,144,0.4850590458337718,73,0.1440740129615674,143,0.485059045833772,72,0.1440740129615672,144,0.48505904583377235,72,0.1440740129615674,144,0.48505904583377224,73,0.1440740129615674,144,0.48505904583377235,69
(86, 99),0.10768843825547436,98,0.5344824705707605,56,0.10768843825547425,99,0.5344824705707606,55,0.10768843825547436,98,0.53448247057076,56,0.10768843825547414,98,0.5344824705707608,55,0.10768843825547425,96,0.5344824705707608,55,0.10768843825547436,97,0.5344824705707606,51,0.10768843825547436,98,0.53448247057076,57,0.10768843825547414,98,0.534482470570761,56,0.10768843825547436,97,0.5344824705707604,57,0.10768843825547414,97,0.5344824705707608,56,0.10768843825547425,97,0.5344824705707605,57,0.10768843825547425,96,0.5344824705707605,52,0.10768843825547425,99,0.5344824705707603,56,0.10768843825547425,98,0.5344824705707605,56,0.10768843825547458,98,0.5344824705707599,56,0.10768843825547425,96,0.5344824705707605,56,0.10768843825547414,97,0.5344824705707608,52,0.1250000000000001,75,0.1377251521502845,74,0.10287980333028723,47,0.4730282543089322,19,0.10768843825547425,97,0.5344824705707603,55,0.10768843825547436,98,0.53448247057076,57,0.10768843825547436,97,0.53448247057076,57,0.10768843825547425,97,0.5344824705707606,57,0.10768843825547425,97,0.5344824705707606,53
(36, 105),0.20600096199118623,184,0.3569890837136179,144,0.20600096199118667,182,0.3569890837136177,147,0.20600096199118656,184,0.35698908371361754,145,0.20600096199118667,184,0.3569890837136177,145,0.20600096199118656,184,0.356989083713618,144,0.20600096199118656,182,0.3569890837136177,141,0.20600096199118656,183,0.3569890837136174,143,0.20600096199118656,183,0.356989083713618,145,0.20600096199118656,185,0.3569890837136178,145,0.20600096199118667,184,0.3569890837136177,145,0.20600096199118645,185,0.35698908371361787,144,0.20600096199118667,183,0.3569890837136177,143,0.20600096199118656,184,0.35698908371361787,146,0.20600096199118645,184,0.3569890837136178,145,0.20600096199118623,184,0.35698908371361804,144,0.20600096199118667,184,0.35698908371361754,145,0.20600096199118667,182,0.35698908371361776,142,0.1250000000000001,76,0.1377251521502845,75,0.24259223632283966,76,0.27210348991733474,53,0.20600096199118667,185,0.3569890837136175,146,0.20600096199118645,185,0.35698908371361776,146,0.20600096199118656,185,0.35698908371361765,145,0.20600096199118667,182,0.3569890837136176,146,0.20600096199118656,183,0.3569890837136177,143
(36, 86),0.06862138795761985,52,0.5149813716089175,62,0.06862138795761963,54,0.514981371608918,62,0.06862138795761985,52,0.5149813716089172,62,0.06862138795761963,53,0.5149813716089181,64,0.06862138795761985,53,0.514981371608918,64,0.06862138795761985,55,0.5149813716089175,58,0.06862138795761985,53,0.5149813716089172,62,0.06862138795761985,53,0.5149813716089178,62,0.06862138795761985,52,0.5149813716089178,62,0.06862138795761985,53,0.5149813716089179,62,0.06862138795761985,52,0.5149813716089175,64,0.06862138795761963,54,0.514981371608918,60,0.06862138795761985,52,0.5149813716089178,62,0.06862138795761985,52,0.5149813716089174,62,0.06862138795761996,53,0.5149813716089174,64,0.06862138795761963,53,0.5149813716089178,64,0.06862138795761963,55,0.5149813716089181,59,0.1250000000000001,77,0.1377251521502845,76,0.05329495221842584,32,0.4509527630263239,23,0.06862138795761963,51,0.5149813716089178,64,0.06862138795761996,52,0.5149813716089173,62,0.06862138795761985,52,0.5149813716089175,64,0.06862138795761963,55,0.514981371608918,64,0.06862138795761985,54,0.5149813716089175,60
(20, 35),0.27985342835242544,201,0.20433161753042844,208,0.26387641604885803,196,0.23105587774278713,204,0.21176642432768744,187,0.23241916645633828,204,0.18284531476295274,171,0.24836593356413036,201,0.1925919575555155,177,0.23831748934445185,206,0.2159240378535474,188,0.21117472035262616,206,0.24234236166501033,193,0.22666383503843496,206,0.2520805747634782,194,0.23278084160652027,204,0.22418137259857707,191,0.24242607313671752,204,0.20768534217412027,185,0.23840033096978527,205,0.19896851668595783,179,0.2442808131850941,205,0.1819287267368328,171,0.254045337756532,197,0.26335195196754746,196,0.22729775137341865,206,0.2103558548516875,186,0.23696268567834528,204,0.17819543872631827,167,0.25200278032443557,200,0.1734643548132635,166,0.2577184652634341,199,0.20874936037739267,184,0.21731373519346317,206,0.37771551518437874,217,0.1377251521502845,77,1.000088900582341e-12,5,0.09109670544049793,82,0.23033548093274636,192,0.2589288760860863,198,0.21844666443425886,190,0.2451686036169189,204,0.1935721473122174,178,0.25307601606207536,202,0.20919356048946702,186,0.23087220828508337,206,0.17844435871457343,168,0.25970635201521974,193
(20, 79),0.04138615878849006,33,0.38639136318589345,125,0.04611119029940269,38,0.4132838508267169,111,0.0659127631058345,48,0.34295289074548574,153,0.08085631112735137,67,0.32599829672724007,170,0.07542312014040586,60,0.32573703027077805,171,0.06403377085060746,48,0.316669254458265,172,0.053386011596989746,42,0.3753037054665065,130,0.049956681268762626,41,0.399266158221897,122,0.06047555236403024,45,0.3751911221583195,134,0.06781733805234924,52,0.34620119009688954,149,0.07209702133811269,58,0.3426455035200638,154,0.08139039376042179,68,0.3321650536025347,160,0.04627542153333619,38,0.4058110409108789,120,0.0665641836620714,50,0.34773731362637733,149,0.08360913104386603,71,0.3243044864739111,170,0.08652474694214318,73,0.3249641898206434,170,0.06731489155392212,53,0.31690214407619344,172,0.02128588856751623,22,0.35922862906415604,8,0.9997000299990002,150,0.0,132,0.057964953958199894,45,0.41012124629521896,113,0.06292277466254315,46,0.3712308311090453,135,0.07490054748602404,59,0.3472990651882031,149,0.06710637242822692,51,0.33726129760704704,158,0.08345898901959692,70,0.33457421912679963,157
(35, 43),0.4368592128093407,215,0.11661766833672949,218,0.43631963232908,215,0.11661766833672947,218,0.43385557550363996,215,0.11661766833672943,218,0.42918098831844287,214,0.11661766833672953,218,0.4381925407511662,214,0.11661766833672946,218,0.4304077359457317,214,0.11661766833672946,214,0.4264096773618615,215,0.11661766833672944,218,0.42879221738113327,214,0.11661766833672949,218,0.43747954429830493,215,0.11661766833672942,218,0.43620589447520886,214,0.11661766833672946,218,0.44080933530951694,214,0.11661766833672943,218,0.43600108700154405,214,0.11661766833672949,214,0.4356911761922859,215,0.11661766833672943,218,0.4346057609408339,215,0.11661766833672942,218,0.430375636080946,214,0.11661766833672939,218,0.4385695827135603,214,0.11661766833672943,218,0.4335759203651387,214,0.11661766833672947,214,0.25291682994758025,213,0.1377251521502845,78,0.9993002099650037,92,0.0,133,0.4337566681947549,215,0.11661766833672943,218,0.4387856554064099,216,0.1166176683367294,218,0.4382420149248868,214,0.11661766833672943,218,0.4415812252235912,214,0.11661766833672951,218,0.4321603822612914,214,0.11661766833672946,214
(35, 20),0.0599002642527493,47,0.34608355127083007,149,0.056826591813915694,46,0.3508315280213529,150,0.06679265375233823,50,0.3325130120030586,163,0.06537330735412161,47,0.33063607675120327,162,0.058353921875447856,45,0.34990394080547255,148,0.06807315277314108,54,0.32765315021925884,163,0.06310313169116577,47,0.3317417326143249,162,0.06396820776966683,48,0.332451541430409,163,0.06478912604479425,48,0.3387506900703403,158,0.06217739455091065,46,0.34176557939314267,156,0.06157657334311706,46,0.34687559112223104,149,0.06130153301564634,46,0.3430032571910087,149,0.06033559952131862,47,0.34431159577969983,152,0.06517104388675221,47,0.33563627166893995,159,0.06723845496972802,52,0.3288587174796891,164,0.06073022386505733,45,0.34624733275499175,149,0.06730627069952122,52,0.33150059747925437,159,0.012530794225392272,19,0.35924160601603666,7,0.9993002099650037,93,0.0,134,0.056651995683450584,44,0.34880324609520913,150,0.06437772166578837,48,0.3405519585510674,158,0.06326511749962715,46,0.34183300837079755,156,0.059138439329175174,45,0.35166461758499756,149,0.06568095195825441,49,0.332731941839718,160
(35, 70),0.12949465859281495,123,0.26468653460173397,197,0.1364456744596514,129,0.2584713942510626,198,0.12097138750492031,119,0.27012240615950034,196,0.12945330795363874,123,0.2594946513146902,196,0.13077877290544115,124,0.26450261819326093,197,0.12318806231940282,118,0.2657410846574998,191,0.13750510667593185,129,0.2510632248047467,200,0.13255043528783672,126,0.2566476029087402,200,0.11985158472064827,118,0.27370930619682393,196,0.12605409545749668,121,0.26722840774975576,195,0.12134642452222966,119,0.2747140325416201,195,0.12794435429531437,123,0.26543471823604914,192,0.13019209639328833,125,0.2632857341280383,198,0.12277489386006513,120,0.269023460624155,196,0.1246313158697192,121,0.2644499594633509,196,0.12570235050904155,122,0.2691904220547205,196,0.12046923046123803,118,0.2703814457454423,191,0.25291682994758025,214,0.1377251521502845,79,0.9993002099650037,94,0.0,135,0.140398181429924,132,0.25356564386949215,201,0.11895171972212393,117,0.27547731839193285,196,0.12153457398085465,119,0.2727087884893107,195,0.124875465257413,121,0.27205560556822256,195,0.12500764619448723,122,0.2653471033429461,191
(35, 59),0.07906981550477932,65,0.3177968997480142,173,0.07873051232782124,64,0.317796899748014,177,0.07719235828356685,62,0.31779689974801406,174,0.07432512975895533,58,0.3177968997480144,174,0.07991207425129698,66,0.31779689974801434,174,0.0750711513294734,60,0.3177968997480143,169,0.07265657573384843,59,0.3177968997480141,174,0.07408965794597,59,0.3177968997480143,174,0.07946099893655867,66,0.31779689974801406,174,0.07865910452275449,63,0.31779689974801406,175,0.08158096179146201,68,0.317796899748014,175,0.07853062046116577,62,0.31779689974801417,170,0.07833644473719226,64,0.31779689974801417,175,0.07765868816943233,62,0.31779689974801417,174,0.07505157232060711,59,0.31779689974801417,174,0.08015123925479128,66,0.3177968997480143,174,0.07701895836898098,61,0.31779689974801406,170,0.25291682994758025,215,0.1377251521502845,80,0.0,1,0.2277374407438008,68,0.07713100364690428,62,0.3177968997480141,175,0.08028849503638469,68,0.317796899748014,175,0.07994343180867469,66,0.31779689974801406,174,0.08207726667386028,69,0.3177968997480142,175,0.07614491003589141,60,0.3177968997480142,171
(43, 25),0.035872331987460204,27,0.4328223655064243,96,0.03496236687967791,27,0.4374105461740065,93,0.033258700263307905,27,0.4463989195185455,89,0.03387053688547981,27,0.4431086097670356,90,0.03334584178151323,27,0.4459258768357198,89,0.03328182075513364,27,0.44627326643503806,85,0.03481781937733819,26,0.4381525606163717,91,0.03504344071793264,28,0.4369959745219937,93,0.03334311474287022,27,0.44594065791279563,89,0.03329719322360836,28,0.44618977954448796,89,0.03303047029680095,28,0.4476449346761524,84,0.03337332626801004,28,0.4457769865344223,85,0.03506504233524088,27,0.4368857086547875,93,0.033523923998203364,27,0.4449637648134274,89,0.03424700176973472,27,0.4411193153271182,91,0.03378344403491407,27,0.44357260155035105,89,0.03366091059317333,27,0.44422784099685614,85,0.13168724279835398,189,0.1377251521502845,81,0.9995000999900006,106,0.0,136,0.03304613411233259,27,0.44755908872715733,84,0.033429482948492795,28,0.44547322877016116,90,0.033073446461325595,28,0.44740951942287843,85,0.03355653140544912,28,0.4447882634051699,90,0.03402858570942824,27,0.4422702415512986,88
(43, 35),0.4957079430643413,220,0.11661766833672949,219,0.4976251610210165,219,0.11661766833672947,219,0.5013414116562576,221,0.11661766833672943,219,0.4999870748759947,221,0.11661766833672953,219,0.5011471278509836,221,0.11661766833672946,219,0.5012898185170109,221,0.11661766833672946,215,0.49793392726243024,220,0.11661766833672944,219,0.4974524937430842,219,0.11661766833672949,219,0.5011532007673651,221,0.11661766833672942,219,0.5012555332291622,221,0.11661766833672946,219,0.5018524795030684,221,0.11661766833672943,219,0.5010859473568723,221,0.11661766833672949,215,0.49740654962584174,219,0.11661766833672943,219,0.5007515360145343,221,0.11661766833672942,219,0.4991648766991278,221,0.11661766833672939,219,0.5001784812309418,221,0.11661766833672943,219,0.5004485454932937,221,0.11661766833672947,215,0.13168724279835398,190,0.1377251521502845,82,0.9995000999900006,107,0.0,137,0.5018173005493268,221,0.11661766833672943,219,0.5009610862866183,221,0.1166176683367294,219,0.5017559970698459,221,0.11661766833672943,219,0.5006793110877563,221,0.11661766833672951,219,0.4996408788698421,221,0.11661766833672946,215
(43, 45),0.0893909566096096,79,0.3411166823561141,154,0.0908223448759452,81,0.34111668235611387,157,0.0936361823664501,85,0.34111668235611387,155,0.09260470183728309,84,0.34111668235611403,155,0.09348778877291286,84,0.3411166823561139,157,0.09359676175234954,85,0.34111668235611387,152,0.09105415686742857,81,0.34111668235611387,153,0.09069286763346651,82,0.3411166823561141,156,0.09349242510067046,84,0.34111668235611387,157,0.09357057104532651,85,0.3411166823561141,158,0.09402721454183605,86,0.3411166823561139,158,0.09344108868341217,83,0.3411166823561141,152,0.09065843455800637,81,0.341116682356114,157,0.0931860761727834,85,0.341116682356114,156,0.09198187279635761,83,0.3411166823561137,156,0.09275006032007849,83,0.341116682356114,156,0.09295538801729297,84,0.3411166823561139,152,0.13168724279835398,191,0.1377251521502845,83,0.9995000999900006,108,0.0,138,0.0940002665810713,87,0.341116682356114,157,0.09334582391794877,84,0.34111668235611387,157,0.09395331773352733,85,0.3411166823561138,158,0.09313105483246387,83,0.3411166823561143,156,0.09234214260857865,85,0.3411166823561141,151
(25, 18),0.3574510967795067,212,0.14645622491094723,214,0.38237205339779146,212,0.1465362553790378,214,0.3843950542629946,213,0.14653225455607372,214,0.37806761850142223,213,0.14653029822391045,214,0.38726263704448616,213,0.14653369612948852,214,0.39325119627450067,213,0.14653591388863768,210,0.34519698997376813,210,0.14652799216101148,214,0.3753725728863426,212,0.14650924033046156,214,0.386511188379159,213,0.14652694077511874,214,0.3855259299647156,213,0.14653139404098886,214,0.38759785218846854,213,0.14653854809166938,214,0.39244114708507083,213,0.14653858882649232,210,0.38278966699463,212,0.1465347832338349,214,0.383413283043771,213,0.14652528980466445,214,0.37611870856437357,212,0.14653229486473085,214,0.38565454613707806,213,0.1465328202448548,214,0.3928554503941568,213,0.1465263401111876,210,0.19753086419753096,210,0.1377251521502845,84,1.1102230246251565e-16,3,0.03387245216780185,87,0.3742562211032071,212,0.14653440409548849,214,0.38747977359867103,213,0.1465297855773202,214,0.3852125739143659,213,0.14653464021772744,214,0.3891896716027342,213,0.14653437145090012,214,0.3954929932316076,212,0.14653999411187485,209
(25, 24),0.4508549790037809,217,0.11661766833672949,220,0.4745362388422588,218,0.11661766833672947,220,0.47641773018544087,218,0.11661766833672943,220,0.47048831828636284,218,0.11661766833672953,220,0.4791004413593448,219,0.11661766833672946,220,0.4846890495069238,219,0.11661766833672946,216,0.43940057188442894,216,0.11661766833672944,220,0.4679032164011425,218,0.11661766833672949,220,0.47838093611466403,218,0.11661766833672942,220,0.4774723585453532,218,0.11661766833672946,220,0.47942617173413105,218,0.11661766833672943,220,0.4839418412216634,218,0.11661766833672949,216,0.47492307374464837,218,0.11661766833672943,220,0.4754812475458958,218,0.11661766833672942,220,0.4686652495842494,218,0.11661766833672939,220,0.47759629898135436,219,0.11661766833672943,220,0.48429545247563266,219,0.11661766833672947,216,0.19753086419753096,211,0.1377251521502845,85,0.9996000599960001,117,0.0,139,0.4669219391193422,218,0.11661766833672943,220,0.4792928136697747,218,0.1166176683367294,220,0.47718814687306,218,0.11661766833672943,220,0.4809004037718496,218,0.11661766833672951,220,0.48678559904376606,219,0.11661766833672946,216
(25, 43),0.027534928060743646,23,0.3827390807072794,128,0.02166643838081528,20,0.422749496375784,104,0.021249433830586528,20,0.4260836219340741,102,0.022583799962737627,20,0.4156659914046664,105,0.020669628540834983,19,0.4308693902626581,98,0.019507078487990936,19,0.44099000504078517,87,0.030916456639911605,24,0.3644049901652996,136,0.023181811932072915,20,0.41121231081768944,110,0.020821699809144834,20,0.4295876815611385,98,0.02101931732334994,20,0.42796093480851927,101,0.020601674201603193,20,0.43144894307194204,99,0.01965991509287257,19,0.439621959115119,88,0.021579889983969647,20,0.4234338174493674,104,0.021453154956607046,20,0.42443027281728746,104,0.02300995203389211,20,0.41250408824824575,108,0.02099290953148092,18,0.42818049646925976,98,0.01958418264237849,18,0.44027989670355017,87,0.19753086419753096,212,0.1377251521502845,86,0.9996000599960001,118,0.0,140,0.023424337886994495,20,0.40949919311798766,114,0.020627346589443096,20,0.43121836008076053,99,0.021082074833726594,20,0.4274513053315341,101,0.020288554235216805,20,0.43410669846123184,97,0.019087294714202785,20,0.4448369048975851,86
(18, 38),0.03327927928011443,25,0.3090402318259477,180,0.03301735665790251,25,0.31024174751247685,180,0.03298217120420266,26,0.3104041217122139,179,0.0329187048135231,26,0.3106975919081191,179,0.03295068786552524,26,0.3105496072633807,179,0.032895550707845,26,0.31080484495803834,175,0.033167651828856504,25,0.3095507524798022,180,0.03308197188416373,27,0.30994416052970497,180,0.03299751847156829,26,0.31033326859602317,179,0.032984952081553276,26,0.310391280086224,179,0.03301004679508046,27,0.3102754621514805,179,0.03288777193158976,26,0.3108408999263635,175,0.033046378892270245,25,0.31010798893906727,180,0.03299069682214384,26,0.3103647564066374,179,0.03289405122906208,26,0.310811794223299,179,0.032948438396063096,26,0.31056000923032523,179,0.03292468787512859,26,0.31066989388425786,175,0.1250000000000001,78,0.1377251521502845,87,0.0023548624838516385,20,0.22072738479961942,69,0.0328986436184765,26,0.31079051234033905,180,0.03294199462350489,27,0.3105898116801541,179,0.03294047179562054,27,0.3105968558950668,179,0.032946727616750104,27,0.31056792082733314,179,0.032870475203722105,26,0.31092111178382853,175
(18, 24),0.312140747334095,208,0.1465399941118749,213,0.3133101798093749,208,0.14653999411187488,213,0.31346796946166133,208,0.14653999411187482,213,0.3137530035365106,208,0.14653999411187496,213,0.3136092970324422,208,0.14653999411187485,213,0.31385712525630627,208,0.14653999411187488,209,0.3126380323959195,208,0.14653999411187482,213,0.3130208413406793,208,0.1465399941118749,213,0.31339912412438165,208,0.14653999411187482,213,0.3134554925676255,208,0.14653999411187493,213,0.31334294740353297,208,0.14653999411187477,213,0.3138921217776356,208,0.1465399941118749,209,0.31318015336451954,208,0.1465399941118748,213,0.3134297210500251,208,0.14653999411187485,213,0.3138638707424737,208,0.14653999411187477,213,0.31361939989110876,208,0.14653999411187482,213,0.31372610998296135,208,0.14653999411187485,209,0.1250000000000001,79,0.1377251521502845,88,0.6516198260755511,88,0.033872452167801846,88,0.3138432125837345,208,0.14653999411187482,213,0.31364834402772424,208,0.1465399941118748,213,0.31365518507736057,208,0.14653999411187485,213,0.3136270838277657,208,0.1465399941118749,213,0.3139699684367966,208,0.14653999411187485,210
(38, 14),0.10085733085375037,93,0.36193940137331415,140,0.10718001445250791,97,0.3660457674818849,138,0.10719714835102723,96,0.36585854532457496,139,0.1057471455415333,96,0.36634278271931964,139,0.10825789948803877,100,0.36640568084414493,139,0.10914187496937333,103,0.3682651126947394,132,0.10236693555016652,94,0.3601237178250926,141,0.10573676739740812,96,0.36447938875301816,138,0.10771278860173195,98,0.36558026618597717,140,0.10793933121511345,100,0.36545914563691506,139,0.1089125550023543,102,0.36510038689902125,139,0.10879476858008197,102,0.36797029224412603,133,0.10759736861284597,98,0.36570282473846505,138,0.10707979685493452,96,0.3659304989969622,139,0.10536850232748751,96,0.36648697203167435,139,0.10792063774644411,99,0.3664927398924106,139,0.10904956760885476,103,0.3681176366567872,133,0.1250000000000001,80,0.1377251521502845,89,0.9997000299990002,151,0.0,141,0.10858575523493186,103,0.3655914361985576,138,0.10797801834382281,101,0.36665973860194756,140,0.10795276618623362,100,0.3660713151416395,139,0.10890248394007851,102,0.3658160312147247,139,0.10875084628439291,102,0.36836277616510077,133
(38, 18),0.15271723523631253,150,0.31519235098489157,176,0.1446931822701486,144,0.33120023572645496,164,0.14467225552834728,145,0.3310644359851189,165,0.146458403782314,146,0.32865412849651066,165,0.14338490982300212,141,0.3336421527431911,161,0.142324312433444,138,0.3370787309748789,153,0.1507450378726558,149,0.316536612833868,176,0.14647129944745052,146,0.32696214376775956,168,0.14404445187310777,143,0.33182287574241576,165,0.14376983808692567,141,0.3321565449253965,164,0.14259839620297776,139,0.33373369865066005,162,0.14273946126768,139,0.33612494501205853,155,0.14418464602634096,143,0.33170793436041635,164,0.14481566966846005,145,0.3308993660458596,165,0.14692993651539554,146,0.3280389246727612,165,0.14379247044446297,143,0.3330592464432039,163,0.1424345499342481,138,0.3367618023907037,153,0.1250000000000001,81,0.1377251521502845,90,1.000088900582341e-12,6,0.25459983696742133,58,0.14299026301381157,138,0.3335427290292957,164,0.14372301505769636,140,0.33332373197701853,164,0.14375357532201627,141,0.33273928029147437,164,0.14261045004146566,139,0.3343681318781752,162,0.14279211399887304,139,0.3363968171576438,154
(14, 17),0.08652426701315519,75,0.37163941494988284,133,0.08716982940814111,75,0.3782494592689419,133,0.08719550014728639,74,0.3791002867749048,132,0.08626374960612704,74,0.37936587297415153,131,0.08718967913373299,74,0.3793049741225008,131,0.08772346911564843,76,0.38254032418918493,125,0.08788944211720584,76,0.3693867089293615,132,0.08679757191432036,75,0.3760244557529088,134,0.08694584405299222,75,0.37886794664671436,131,0.08743737768520066,74,0.37802185279576644,133,0.08785114078776146,75,0.3772129752143081,134,0.08682679213904576,74,0.3814303655645913,127,0.08738900837093166,75,0.3776748740273656,133,0.08734839578695752,76,0.37895883821409515,132,0.08610572134543948,73,0.3792953877285115,131,0.0868901689060575,74,0.3792905593711902,131,0.08784396307728215,76,0.3822155067208755,126,0.1250000000000001,82,0.1377251521502845,91,0.9997000299990002,152,0.0,142,0.08680940013811989,74,0.3785192003975522,134,0.08689250596654441,75,0.38025222897311445,130,0.08721410336961843,74,0.3788973844798691,132,0.08770083803340434,74,0.37813587212017546,133,0.08670768000144213,74,0.3821638545549686,126
(14, 38),0.17346511787268748,164,0.294734081866175,189,0.17244326277097255,165,0.3013133014871921,185,0.17240281619030706,165,0.3020443285268618,185,0.17388007375883308,164,0.3003201221800813,184,0.1724119864752418,165,0.3021953280836798,184,0.17157410425637887,165,0.3058899727735963,176,0.17131482437417644,165,0.2957071681840749,188,0.17303139610925722,165,0.29877458109371624,186,0.17279677833117446,164,0.30134148663294563,185,0.1720224152684262,165,0.30168538219761243,185,0.1713746058016814,165,0.3018933883789439,185,0.1729851216881303,166,0.3031309396237645,180,0.17209838476151462,165,0.301308533733788,185,0.17216221036270785,164,0.30224867668725386,185,0.1741325135745817,165,0.2999357788371714,184,0.17288481948258105,165,0.30156200815754236,184,0.1713858123862625,165,0.30588204645696737,176,0.1250000000000001,83,0.1377251521502845,92,0.9997000299990002,153,0.0,143,0.17301266217366762,164,0.300781325923369,185,0.1728811224457577,165,0.3023314670272656,185,0.17237351403660406,165,0.30192124175221813,185,0.17160950370524963,166,0.3023212549059813,184,0.17317386979504246,164,0.30346458138880317,179
(17, 56),0.190949856062837,175,0.28249440420311167,193,0.20489369127613366,181,0.28331448724844327,193,0.204362852850823,183,0.2830697061511479,193,0.20171443801557676,181,0.28399992918915534,193,0.20523431534354986,183,0.2834198569489109,193,0.21436358750480755,187,0.28381769809404545,189,0.19198203911409117,175,0.2815647537080214,193,0.1952902735476082,178,0.2832049057916728,194,0.20125546126496163,180,0.28291091033997434,193,0.20384670201776944,181,0.2830876669597749,193,0.2039984278553436,182,0.2827244225878107,193,0.2067554036401894,184,0.28393982874473356,189,0.20547633238812957,182,0.2832191657170802,194,0.20513933231027337,183,0.2832400370439817,193,0.20138837201361248,180,0.28411204370074933,193,0.20453826911136774,182,0.2836146493109795,194,0.21402040712033998,188,0.28391446060458975,189,0.1250000000000001,84,0.1377251521502845,93,0.9997000299990002,154,0.0,144,0.19910578179820404,179,0.283731944890928,194,0.20320514253870137,183,0.28384470877107687,193,0.20497379421746076,182,0.2835413232217637,193,0.20648784397405362,184,0.2836049659889952,193,0.21106339167186905,186,0.28460661978720614,189
(17, 14),0.07630804579575123,63,0.38352426890569086,126,0.06915581007907701,55,0.4069134894368669,120,0.06941368565540085,53,0.40570685400017986,118,0.07071664674192668,56,0.40276959065491363,121,0.06899090930131258,54,0.40761451793423664,114,0.06473191135046608,49,0.42304217729760646,100,0.07575041221356216,63,0.3838870737155032,124,0.07399458542151627,58,0.3913761255533573,125,0.0709452649990494,56,0.40048948297969733,121,0.0696654702094377,56,0.40490175094904235,117,0.06959134937048084,55,0.4046260568626086,119,0.06825992902618794,53,0.41082480856044956,108,0.06887401559176398,54,0.40771632973507016,117,0.06903684715211478,53,0.4072026902865405,118,0.07087897525055609,57,0.40240369929474235,121,0.06932835016798145,55,0.40677091878172184,116,0.06488658329717545,48,0.422624113545107,100,0.1250000000000001,85,0.1377251521502845,94,0.9997000299990002,155,0.0,145,0.07202729306586264,57,0.39820235830319056,125,0.06997987407295791,54,0.4049499180828428,119,0.06911699111074532,55,0.40736858452584396,118,0.0683878726156748,53,0.40990727829653306,116,0.06623653668989937,51,0.4188097298774772,104
(56, 33),0.08565290063606024,73,0.3525309423705947,147,0.08579821062410709,71,0.35507095440518777,148,0.08522727808626929,71,0.35500752463185603,147,0.08366789349073755,71,0.3566787931523455,146,0.08468119161758692,72,0.35553523888614125,146,0.08464693154880443,70,0.35716441494701945,139,0.08631513185505346,73,0.351208646484669,147,0.0852570355560347,71,0.35506238919987243,147,0.08528233327042889,70,0.3547782293490131,147,0.08506742059276085,70,0.3550916840303907,146,0.08524003979337369,71,0.3546758292659245,146,0.08423672470844656,70,0.3569907042745098,141,0.08585317122966973,71,0.3549769345111024,148,0.08521642868885715,71,0.3553003879704118,147,0.08353771284605638,70,0.35674835858448223,146,0.08425522961480536,71,0.3560373623647066,146,0.08458109812873038,70,0.35727476591475793,140,0.1250000000000001,86,0.1377251521502845,95,0.9997000299990002,156,0.0,146,0.08508273169408498,71,0.355543721854176,147,0.08500951601362927,72,0.35635290154771,148,0.0848105357778326,70,0.3558040814112516,147,0.0845571361253672,70,0.355904497126036,147,0.08392625662450648,71,0.35827108326350715,141
(56, 17),0.17485893835864885,166,0.2778958030259779,194,0.17462533071933106,168,0.2801810835067426,195,0.17554591784690188,167,0.27901883404838973,194,0.1780981607876171,167,0.27727481356376243,194,0.17643333897154267,168,0.27836721737931147,194,0.17648924025747492,169,0.2795755436048509,190,0.173798112936432,166,0.2781287132602018,194,0.1754977548150336,167,0.2791199586594991,195,0.17545682572131027,167,0.278945845214338,195,0.17580499333801358,168,0.27877330743469175,194,0.1755252603289511,168,0.2787829860291338,194,0.1771606593607774,170,0.27863455138863735,190,0.17453709624310665,168,0.2802138946820914,195,0.17556348278441036,168,0.27922784784150934,194,0.1783137766502414,168,0.2770732151951383,194,0.17713028730769675,168,0.27792668975860424,195,0.1765967344994397,169,0.2795326619441962,190,0.1250000000000001,87,0.1377251521502845,96,0.9997000299990002,157,0.0,147,0.17578015408395675,167,0.2791580841182323,195,0.17589898027143347,167,0.27965013926346377,195,0.17622253348017158,169,0.27883056639795945,194,0.17663588486290682,170,0.278413688954868,194,0.17767141368132222,167,0.2790220477960346,190
(22, 87),0.07517903232691991,61,0.22264716579490465,207,0.07515397017369896,61,0.22268939936442367,208,0.07511434743653178,61,0.22275564679208415,208,0.0751045668468866,60,0.22276500780396813,208,0.07510347989538868,59,0.22277445366030857,209,0.07509606936108337,61,0.2227889781506718,204,0.07510905892263753,62,0.22276676071553556,208,0.0751120600704499,61,0.2227588650110263,208,0.07511040204493802,60,0.22275768017405848,209,0.0751084764640575,60,0.22276337012838765,208,0.07509734578710514,60,0.2227815807791117,209,0.0750949321789316,59,0.22278630003229166,205,0.07514404668654473,60,0.22270409668726618,208,0.07510597701050548,61,0.222766828492256,208,0.07509232217391859,60,0.22277917964489846,209,0.07509249533842488,59,0.22278817650197993,209,0.07509603832276202,60,0.22278831652626702,204,0.1250000000000001,88,0.1377251521502845,97,0.027585701358662562,27,0.1201929775252265,81,0.07509967319641819,59,0.22278101715608886,208,0.07511748684412978,60,0.22273985887958414,208,0.07511162005133842,60,0.22276124636711628,209,0.07509900106233114,60,0.22277410205477358,209,0.07509443090658574,59,0.222791780938401,205
(22, 73),0.1930488149994013,176,0.16258995150678013,211,0.1930958205161516,175,0.16258952489898093,211,0.19317017214881305,175,0.16258844070943282,211,0.19318853227914268,178,0.16258306501110656,211,0.1931905728755663,178,0.1625886021629632,211,0.1932044860045714,177,0.16258995150678016,207,0.19318009940875702,176,0.16258995150678007,211,0.19317446574716046,176,0.16258793465778623,211,0.19317757810913727,176,0.1625850003725427,211,0.19318119281202029,177,0.16258674980303398,211,0.19320208942753836,177,0.16258614637227303,212,0.19320662118129717,178,0.16258657740419175,208,0.19311443758686864,176,0.1625878736089737,211,0.19318588494881073,175,0.16258615404144697,211,0.19321152187578394,178,0.16257812286289586,212,0.1932111967261323,178,0.16258490469951384,212,0.1932045442817245,177,0.16258942990983283,207,0.1250000000000001,89,0.1377251521502845,98,0.33984369681877447,82,0.052041207439016864,85,0.1931977196785093,177,0.16258864042830873,211,0.19316427943498526,176,0.1625808353237874,211,0.19317529172114978,177,0.1625891235440618,211,0.19319898160520665,177,0.16258275467119912,212,0.19320756238364523,178,0.16258995150678013,207
(87, 69),0.09315030204304686,86,0.5968811869308761,43,0.0906368011225629,80,0.6050065598382426,40,0.08820488382438041,79,0.613114811122135,35,0.08778437836926223,76,0.6145362935560243,35,0.0872913486853415,76,0.6162188555363701,35,0.0869634619810491,74,0.617353999720532,29,0.09161010315636553,83,0.6018299628133531,42,0.08955621997552776,78,0.6085702203815858,38,0.08827710874579175,79,0.6128627177076866,35,0.08814533328914664,76,0.6133052190028954,35,0.08759266987653491,74,0.6151750769620378,35,0.0869356720999156,75,0.6174436091592564,29,0.08977130993425098,80,0.607863067266966,39,0.08834075937819041,79,0.6126535099057393,35,0.0874154414028907,76,0.6157912404334044,35,0.08702079107166161,75,0.6171406628975075,33,0.086922443898786,74,0.617491183391205,29,0.1334838867187501,201,0.1377251521502845,99,0.9993002099650037,95,0.0,148,0.08756035275829888,76,0.6153013136580517,35,0.08814595864709807,77,0.6132945649746653,35,0.08785941280689247,75,0.6142683128072817,35,0.0877837096442311,75,0.6145243057220742,35,0.08672245710075388,75,0.618168298131735,29
(87, 64),0.08489064308705585,72,0.6163657147980728,33,0.08587388397046902,72,0.6163657147980722,34,0.08685637460462148,73,0.6163657147980725,33,0.08702694426476376,75,0.6163657147980728,33,0.08723067920491145,75,0.6163657147980726,34,0.08737113404594665,75,0.616365714798073,30,0.08548924307112049,71,0.6163657147980728,33,0.08630308839397371,73,0.6163657147980732,33,0.08682356401314228,74,0.6163657147980729,33,0.08687615105462121,73,0.616365714798073,33,0.08710013769951708,73,0.6163657147980729,33,0.08738025161627627,76,0.6163657147980731,30,0.08621969064518198,73,0.6163657147980728,34,0.08679996358096831,74,0.6163657147980726,34,0.08717798626743867,75,0.6163657147980725,34,0.08734054131569802,76,0.6163657147980725,35,0.08738661816134696,75,0.6163657147980722,31,0.1334838867187501,202,0.1377251521502845,100,5.073007838696242e-06,13,0.5657211249860479,10,0.08712010207896914,75,0.6163657147980726,34,0.08687235906921509,74,0.6163657147980728,33,0.08699073913221178,73,0.6163657147980731,33,0.08702131893494403,73,0.6163657147980729,33,0.0874652170540432,76,0.616365714798073,30
(87, 22),0.45165568427802516,218,0.2227901958835009,206,0.4531450229357714,217,0.22278704269323069,207,0.45463221545872545,217,0.2227783906278153,207,0.4549156543723144,217,0.22276144444166707,209,0.4552287890238327,216,0.2227558921987833,210,0.45540284742141746,217,0.22277648628117944,205,0.45256370592174355,218,0.22278824110721002,207,0.453829296421815,217,0.22276370589228267,207,0.45461409095383964,217,0.22276025429219398,208,0.4547086370830611,217,0.2227508540836695,209,0.4550864786112859,217,0.22272521815907306,210,0.4554412539037199,217,0.22276189012136133,206,0.45367102087733635,217,0.22278318962819296,207,0.45455359300861975,217,0.22277507675438052,207,0.4551605920448485,217,0.22274983897818104,210,0.45542261947991225,216,0.2227381167556852,210,0.455442550367703,216,0.22276669477535152,205,0.1334838867187501,203,0.1377251521502845,101,0.2596143233401741,80,0.12019297752522655,80,0.45505137358387615,217,0.2227633209313199,209,0.45473801148301374,217,0.22273027925676553,209,0.45491290230991055,217,0.22273133799450207,210,0.4549657057193329,217,0.22272711873347034,210,0.45561139979911747,217,0.22273617564883902,206
(87, 63),0.07588867782764785,62,0.6395471955957324,29,0.07681568391114835,62,0.6395471955957325,29,0.0777424759307156,63,0.6395471955957323,29,0.07790342556146346,62,0.6395471955957324,29,0.07809568915906995,61,0.6395471955957323,29,0.07822824779638915,63,0.6395471955957325,26,0.07645298274525003,64,0.6395471955957321,29,0.0772204959160031,63,0.6395471955957327,29,0.07771151751952055,62,0.6395471955957323,29,0.07776113624892811,61,0.6395471955957325,30,0.07797249542125573,61,0.6395471955957324,29,0.07823685312969142,61,0.6395471955957323,26,0.07714183046206469,61,0.6395471955957325,29,0.07768924968375757,63,0.6395471955957321,30,0.07804596110953665,62,0.6395471955957325,29,0.07819937411018041,61,0.6395471955957326,29,0.07824286201863062,63,0.6395471955957325,25,0.1334838867187501,204,0.1377251521502845,102,0.9993002099650037,96,0.0,149,0.07799133551435011,63,0.6395471955957321,29,0.07775755825810449,61,0.6395471955957324,29,0.07786926115192017,61,0.6395471955957323,30,0.07789811726327711,61,0.6395471955957325,29,0.0783170471001936,63,0.6395471955957326,25
(69, 66),0.27569317979413155,199,0.3297261008036118,163,0.27480660691410397,200,0.33060488782591074,165,0.27094331367323854,198,0.3328316852310345,162,0.2705140704343332,198,0.33296462121926707,161,0.26657979786666264,197,0.3335276522526768,163,0.2690244906278113,197,0.33411071187617924,157,0.27390603487155885,200,0.332023574921685,161,0.2718761687575125,200,0.3322302570183236,164,0.27113050107532954,199,0.3331361632807563,163,0.2700877053985573,198,0.3331399631564336,163,0.2686387282037017,197,0.3335363723799358,163,0.2691686718780193,197,0.33402680420935554,158,0.2744424303123505,200,0.33143202259843585,165,0.27097997000650653,198,0.33280686001545706,163,0.2703307182892154,198,0.33325247764015203,161,0.2654064283713844,197,0.33368608095135543,161,0.26727165614855153,197,0.3339293209578929,157,0.1250000000000001,90,0.1377251521502845,103,0.9997000299990002,158,0.0,150,0.26946483415896005,197,0.333950678093048,162,0.2687333338718131,197,0.33333920689977153,163,0.26720156798509775,197,0.3334028906412397,162,0.2674654475138998,197,0.33330601459906417,164,0.2684376625366247,197,0.33421411713218424,158
(69, 87),0.042566434953779764,36,0.6146193677441399,35,0.04282237788649024,35,0.6143672642865792,35,0.04395624112546437,36,0.6102539899671912,38,0.04408411495863662,36,0.609584620579402,38,0.04527419912030206,37,0.6022692162397585,42,0.044530852112028896,37,0.6085094640276085,34,0.04308397813510767,35,0.6150789383312367,35,0.04367965438633792,35,0.6111340732964058,37,0.0439005967395778,35,0.6112109095052761,38,0.044211511003997006,36,0.6089989620945161,38,0.044647305449128205,37,0.6066445831362374,38,0.04448740748674429,37,0.6086633094700697,34,0.0429279679383181,35,0.6151269796057883,35,0.043945338738329065,36,0.6102864500962006,38,0.04413885334421841,36,0.6097214926889956,38,0.0456355317959537,37,0.6000777608633036,42,0.04506253553744932,37,0.6044591847597865,35,0.1250000000000001,91,0.1377251521502845,104,0.9997000299990002,159,0.0,151,0.04439830522009458,38,0.6091546508828852,38,0.0446187169590857,37,0.6064866122038293,38,0.04508393123818499,37,0.6033580369802504,41,0.04500343183815203,37,0.6037407661663385,41,0.044708127514118345,38,0.6074498739757647,35
(66, 26),0.08115307301574448,70,0.4371062446336624,91,0.08070604489716793,69,0.4387931838656284,91,0.07963093988375913,67,0.44210568103882986,90,0.07974312351077073,64,0.44163090682047584,91,0.07922979168445055,64,0.4431303187620309,91,0.07901396564115737,65,0.4441520648924537,86,0.07972518796375183,66,0.44204869266018937,88,0.07964626849435352,67,0.4418423333599513,90,0.07941194435635945,65,0.44267987305680795,90,0.0794735080996164,65,0.4424289618726085,90,0.07917565183951214,64,0.4431479662998381,90,0.0789339083991345,64,0.44447639086868257,86,0.08023153999022725,69,0.44019856332739293,91,0.07964341192286684,67,0.4420380552850947,90,0.07944440184214652,63,0.44230234401480967,90,0.07907633830768368,62,0.4433884097816073,91,0.07900916012412718,65,0.4438166240258781,86,0.1250000000000001,92,0.1377251521502845,105,0.9997000299990002,160,0.0,152,0.07879361050333045,65,0.4445432844029912,91,0.0791427816811745,65,0.4427943128050675,91,0.07911646046156573,64,0.44281512625291986,90,0.07926609495744641,64,0.4427486640531678,91,0.07866694338497093,64,0.44486371683637344,85
(66, 69),0.1823351390178649,169,0.3337325320223688,160,0.1831044833194302,170,0.3339352265831288,162,0.18497541538149198,171,0.33382232104535936,161,0.18477881101381,174,0.33373863400026904,160,0.18568109642695707,174,0.3336094974580667,162,0.18606249744846914,174,0.33384639421863643,158,0.18481022172336425,173,0.3340103811907937,160,0.18494853252997567,171,0.3336610444816239,162,0.18536014541749157,172,0.3337179748605226,162,0.18525186533115723,173,0.333679976851227,162,0.18577665651955733,174,0.3334895749926887,164,0.18620428158134938,175,0.3338925116788358,159,0.18392660844404374,170,0.3338480234681763,163,0.1849535418392696,171,0.3338018411319249,162,0.185303046027136,176,0.33351304176353647,160,0.18595214951953332,176,0.33342599231378023,162,0.1860710034515256,174,0.33358241417053874,158,0.1250000000000001,93,0.1377251521502845,106,0.9997000299990002,161,0.0,153,0.18645315932967355,173,0.33359623366086166,163,0.18583471158723563,172,0.3331426160399937,165,0.1858812202735074,174,0.333093552077532,163,0.18561706168711334,174,0.33341140321237633,163,0.18667830173898348,175,0.33352351890555787,159
(26, 16),0.0462980661599266,38,0.8400806667451857,11,0.044726727184003945,37,0.8560733266999448,7,0.043304930524153074,35,0.8677262695699226,6,0.04315270277462013,35,0.8706020600557394,6,0.043043385671519885,35,0.8677520386813483,7,0.04425370514396665,35,0.8578252027028481,7,0.044587209966983066,37,0.8575522153370903,7,0.04373365668065221,36,0.8623771682785794,7,0.04408939219610164,36,0.8605382317757203,7,0.0440239229128897,35,0.8597545088113522,7,0.0437192896647951,35,0.8619705414645203,7,0.04350183832330601,35,0.8649214406116367,6,0.04430295660552075,37,0.8608500902806479,7,0.04369452233657478,35,0.8645945628167859,7,0.04301967211151958,35,0.8724156946406504,6,0.042799653771700474,35,0.8697437795032831,6,0.04429149771863883,35,0.8543928599475449,6,0.1250000000000001,94,0.1377251521502845,107,0.9997000299990002,162,0.0,154,0.04258531295693957,35,0.8724086295368679,6,0.04380112646757839,35,0.8582928748357606,7,0.04388788503720198,35,0.8563778851845942,7,0.0438466382281717,35,0.8592190428824372,7,0.04294416919549571,36,0.8704733500218489,6
(26, 66),0.26327978937892405,196,0.4706550973535545,74,0.2683762321568156,197,0.4711060215677882,76,0.27314975682131015,200,0.46963622464979643,75,0.2736703775307655,200,0.4703412770701833,75,0.2740454081029686,200,0.4681915892809725,75,0.2699467706405101,199,0.46948598831368565,72,0.2688376700763946,197,0.47115879025523055,73,0.27169355617747937,198,0.4691114870667502,75,0.27049638353659033,198,0.47006839532591493,75,0.2707159613145753,199,0.4692807658546905,75,0.27174211659041214,199,0.4688110124841495,75,0.27247911230654087,200,0.46921093815016385,72,0.2697824385940424,197,0.47141189937702016,76,0.2718258685616347,199,0.47010106738269836,75,0.27412689047004846,200,0.4705747519098888,75,0.27488510205084793,200,0.4679014045945948,75,0.2698206553978022,199,0.4678134114212556,72,0.1250000000000001,95,0.1377251521502845,108,0.9997000299990002,163,0.0,155,0.2756276010260277,200,0.4681291288428535,76,0.2714657281917847,199,0.46726035095274865,77,0.271173297463953,199,0.4666930719643625,77,0.27131225074417253,199,0.46801473436095764,76,0.2743866340288953,200,0.46910410197160896,72
(16, 110),0.4453913344695688,216,0.2565116469447029,199,0.4455835887648826,216,0.25646956246622526,200,0.44243285289648226,216,0.2571368340660928,200,0.44239899187415954,215,0.2571855248043354,199,0.43983541069167886,215,0.2572344688342674,199,0.4418281007686091,215,0.25757333227208895,193,0.4418592168130181,217,0.2570619369849722,199,0.44112464554595265,216,0.2568704071250233,199,0.44165738937868426,216,0.25726194871041347,200,0.4407395124514826,215,0.2570666135995486,199,0.44158708023343096,215,0.25723408169768935,199,0.4426882536587763,215,0.2574980158633791,196,0.4467293423070805,216,0.25670059975377435,201,0.4432555003160066,216,0.2571105053750381,200,0.4440141130956138,215,0.25726175671117424,199,0.4419728440500412,215,0.25733452506142823,201,0.44177934210278447,215,0.25734515863966356,195,0.1250000000000001,96,0.1377251521502845,109,0.9997000299990002,164,0.0,156,0.4365226349146393,216,0.25755283428706294,199,0.4351572515240978,214,0.2571235532764145,200,0.43894556360438663,215,0.25712301865418435,200,0.44237466505817746,215,0.25707248529807847,200,0.4435859932295698,215,0.25760037318306855,194
(16, 26),0.013197058988828503,18,0.828950550253816,15,0.01317866107506871,18,0.8293193466658251,15,0.013483015882063687,18,0.8232234501075857,15,0.013486319879757791,17,0.8232910841695953,15,0.01373852961766886,17,0.8167938796417591,15,0.01354213148720751,17,0.8230438974554749,15,0.013539084312144456,18,0.8214906994313522,15,0.013611180831390346,18,0.8189723640831826,15,0.013558859832128012,17,0.8216048576355462,15,0.013649114945536445,17,0.8185995629366083,15,0.01356575482117206,17,0.8213330657863644,15,0.013458117894744492,17,0.8250465329931785,15,0.013069480795579125,18,0.833084264267438,13,0.013402963109690025,18,0.8252855841958631,15,0.013329510263420996,17,0.8277568014626415,15,0.013527961963354485,17,0.822657625517613,15,0.013546907600657354,17,0.8221878997128775,15,0.1250000000000001,97,0.1377251521502845,110,0.9997000299990002,165,0.0,157,0.014070565673697688,18,0.8092786260235583,15,0.014209454721942238,18,0.8044482883882323,16,0.0138270355007315,17,0.8141444878111203,15,0.013488694012140146,17,0.8228658599519842,15,0.013370919683223792,17,0.8277235961362737,15
(110, 15),0.03558931425999634,26,0.5244675266659553,60,0.03569018190724682,29,0.524565046732451,60,0.03494079122912197,28,0.5302063594508295,58,0.03487068469583354,28,0.5305751215261193,58,0.03484212468842218,28,0.5308358986741565,58,0.0347074021013527,28,0.5319131068864901,54,0.03506984871396468,27,0.5289297173094012,60,0.03507808288514114,29,0.5288707776788206,60,0.034846607951662834,28,0.5306853515417999,58,0.03500923744572837,29,0.529488140979808,58,0.03491886815194678,29,0.5299455288415293,58,0.0346059950425921,29,0.5327236880006183,54,0.03546749774294988,28,0.5261189187795937,60,0.03498420831332705,29,0.5298261546890468,58,0.0348114325424973,28,0.5307895821693417,58,0.03481839374302409,28,0.5309207712289156,58,0.03487714700547917,28,0.530432010539948,54,0.1250000000000001,98,0.1377251521502845,111,0.9997000299990002,166,0.0,158,0.03452982363704882,28,0.5324979343920716,58,0.0350236456537627,29,0.5287860671614419,60,0.035220597784683894,29,0.5275624107027348,60,0.03543853493317384,29,0.5262360868305215,61,0.03465808611483712,28,0.5318753547714843,55
(110, 16),0.3022031455116636,207,0.2570743914769467,198,0.3017839074684566,207,0.25748399784758524,199,0.3049271144344836,207,0.2575276291021613,199,0.30522457716080564,207,0.2574505794325762,198,0.3053459273571124,207,0.25747265892782667,198,0.3059196885489487,207,0.2575009989642368,194,0.30438106489369776,207,0.2573771898768468,198,0.30434629325225826,207,0.25737845063144554,198,0.30532687165685224,207,0.25741603334596197,199,0.304637266220114,207,0.25742819498646435,198,0.3050200707062902,207,0.25732094991227983,198,0.3063530199186315,207,0.25752045654643896,195,0.302711030121942,207,0.2574451335674353,200,0.3047431915688571,207,0.25750128830952773,199,0.30547644674353736,207,0.25733791550955415,198,0.30544683401759165,207,0.2574269935445052,200,0.30519713274834914,207,0.2574047514060708,194,0.1250000000000001,99,0.1377251521502845,112,0.9997000299990002,167,0.0,159,0.3066793413307247,207,0.2571310600357905,200,0.30457632352014863,207,0.2571392701779952,199,0.3037457532302683,207,0.25725827120713113,199,0.3028320384524681,207,0.25739806227666956,199,0.30613026834749,207,0.2573016879091819,195
(15, 50),0.23733289114267786,191,0.3736984589114506,132,0.23777457004511926,192,0.37667016877470744,134,0.234980626453553,193,0.3781775468285967,133,0.23509190120463597,193,0.3778925045907746,133,0.23316508702853034,192,0.3783383991632813,133,0.23414047628766632,192,0.3783413444106259,128,0.2359926885199365,191,0.3757385401991934,129,0.23476719951205627,192,0.3774932313425191,133,0.2346458400781447,192,0.3786912417517598,132,0.23466816399045554,192,0.37809705072906313,132,0.23380047467895726,192,0.3780890701201041,133,0.23285786503844097,192,0.37825742567465287,130,0.2376844799775082,192,0.37686905439357654,134,0.23529660768447536,193,0.37817010879723595,133,0.23527696197345815,193,0.3779174727768921,134,0.23365297384646122,192,0.3782605130039835,134,0.2326897432590671,192,0.37828554089150457,129,0.1250000000000001,100,0.1377251521502845,113,0.9997000299990002,168,0.0,160,0.2295342198583762,191,0.3787542075557298,133,0.2302808870972317,192,0.3785902658912805,132,0.23125584593180082,192,0.3782590466791419,133,0.23271692739362504,192,0.3777444854579122,134,0.2334103522151073,192,0.3794602539954691,129
(15, 110),0.055247186361379264,44,0.6074873354321199,38,0.05508032036636845,44,0.6133158793363965,36,0.05614509629693365,43,0.6094468206083101,39,0.05610226734204515,43,0.6092385317291624,39,0.056848902882040475,44,0.6056116671652465,39,0.05646960767419906,44,0.6078144841843648,35,0.05575685583799672,44,0.6077885317095416,38,0.056227341876325054,44,0.6078631146751733,39,0.05627416664757112,44,0.609517982853406,39,0.05626555012869283,44,0.6086119729001636,39,0.056601510670518884,44,0.6066430757316228,39,0.05696894148800191,44,0.6047906238146302,36,0.05511431224155472,44,0.6134360415485183,36,0.05602356924564489,43,0.6101484266949245,39,0.05603111673911376,43,0.6096964694306454,39,0.056658837000665874,44,0.6065857816780619,38,0.05703474673084519,44,0.604457331280487,36,0.1250000000000001,101,0.1377251521502845,114,0.9997000299990002,169,0.0,161,0.05828529536334304,46,0.5981181011525463,42,0.05798671946119416,44,0.5995322663713333,42,0.05759935607740596,44,0.6011936077644412,42,0.05702410089509646,44,0.6036538510018956,42,0.05675326886903087,44,0.6079614433629779,34
(50, 96),0.07894526690343273,64,0.5043016703203357,63,0.0782331355981033,63,0.5070161185442269,63,0.07879758653683622,64,0.5053441504574131,64,0.08042183996763486,66,0.4990289122034243,66,0.0789686913641654,63,0.5047831408579805,65,0.07876325443831378,64,0.5055916100093396,61,0.08054708022984303,69,0.49936372383788763,64,0.0786051465295251,64,0.5060291183657529,63,0.078411855248117,63,0.5065948986135754,63,0.07899148153902857,64,0.5046362086143099,64,0.07882832073682966,62,0.5053944311731345,65,0.07859495720092424,63,0.5065642742638063,61,0.07816887575222431,63,0.5071189477748598,63,0.07868678967990339,64,0.5057815196713986,63,0.08050715490544125,66,0.4984485930615822,66,0.07911013302885106,63,0.5041299683737662,65,0.07895681073555094,64,0.504927146239288,61,0.1250000000000001,102,0.1377251521502845,115,0.9997000299990002,170,0.0,162,0.07860946319633788,64,0.5063749250106309,65,0.0784509204082573,62,0.5066514916260608,63,0.07887570594723736,63,0.50534020948025,65,0.07848973420398431,62,0.5068488075700365,65,0.07805688734557825,62,0.5084539409486619,61
(50, 15),0.18618415506059882,174,0.3788653313641044,130,0.18745258144828303,174,0.378897322876485,132,0.18644609903091003,174,0.37923386699780604,131,0.18359621221601752,172,0.3789912099774001,132,0.18614265913413064,175,0.37929272897337385,132,0.18650707672980316,175,0.3793231114776231,127,0.18337927169966828,170,0.3795918180513139,127,0.186788295094916,174,0.37920665392011327,132,0.1871329898354308,174,0.37908616646068394,130,0.18610230062247668,174,0.37924620872905696,131,0.18639153790221286,176,0.3793579123345497,132,0.18680644095321475,176,0.3795789931609501,129,0.18756770070243833,175,0.37879285169005633,131,0.18664299833458164,174,0.37925064824059584,131,0.18344838713883638,173,0.37878598477700626,132,0.1858924033235042,175,0.3791979719979545,132,0.18616370361490997,175,0.37936761065339686,128,0.1250000000000001,103,0.1377251521502845,116,0.9997000299990002,171,0.0,163,0.1867806085045196,174,0.37947794502862514,132,0.187063245443849,175,0.37923858578290726,131,0.1863074655659669,175,0.3794502615207371,131,0.1869939899041546,176,0.3794956765152319,132,0.18776858763348858,176,0.37947314586714376,128
(96, 65),0.13992610634606406,132,0.494415660314533,65,0.13783973233398494,132,0.49720530500702775,66,0.1401983987748181,133,0.4948876999132345,67,0.14263474484895422,138,0.4893419821239022,70,0.14111347686176756,137,0.4934425601239693,67,0.14096057333086587,134,0.4942379150161649,63,0.14324572688445425,139,0.4894550103509585,68,0.13980141944872737,133,0.4961329222734537,65,0.13942126503109886,133,0.49669385950675504,66,0.14092822288447238,135,0.49413433502475196,67,0.14115883039032495,136,0.4939130388995536,67,0.14099168770492088,134,0.495414972980853,63,0.13795405578881303,132,0.4971990189647495,65,0.14011656463516597,132,0.495393958888259,67,0.1426832608060904,138,0.48937379123362096,70,0.14164472173050113,138,0.49280172777858805,68,0.14121101985951323,136,0.4938950098846419,63,0.1250000000000001,104,0.1377251521502845,117,0.9997000299990002,172,0.0,164,0.14062438958472345,133,0.4959035129289562,66,0.13974932105552407,132,0.4965773545791828,67,0.14119995067350266,136,0.4939070735762712,68,0.14027586993976726,134,0.49572739195321436,67,0.13928348873598517,132,0.4992028942399408,63
(96, 50),0.11117498500399758,109,0.5338133633410459,57,0.11298344523678705,110,0.5312785593552642,57,0.11094171675534104,108,0.5350438588876835,54,0.10888218907763891,103,0.5354291013825073,54,0.11016237045700983,104,0.5358974353418775,54,0.11029210472332696,107,0.5363568149946657,50,0.1083733825716755,102,0.5371543875427768,54,0.11128201234278556,108,0.5353365761137584,55,0.1116091431478694,108,0.5349319517552491,55,0.11031957822854976,106,0.536158867154895,54,0.11012392687136607,105,0.5365282722416059,54,0.11026568921616153,107,0.5377166683475006,50,0.11288337291542372,110,0.5315756695872306,57,0.11101175656587903,109,0.5353743271967236,55,0.10884167532182909,103,0.5355910478078748,54,0.10971314006217092,104,0.5366026403873729,54,0.11007971010399775,105,0.5366466332276753,50,0.1250000000000001,105,0.1377251521502845,118,0.9997000299990002,173,0.0,165,0.1105780360403874,108,0.5372722923401865,54,0.11132677117650958,109,0.5356777505839329,55,0.11008908641107773,105,0.5366304824705218,54,0.11087546335245513,107,0.5361571368337497,55,0.11172800766460977,109,0.5372663266704663,51
(65, 85),0.20145715511682605,179,0.34401148608695664,151,0.20026428071244018,178,0.34467773550845593,152,0.2030078172161509,181,0.3441380956558912,150,0.20555952259486454,183,0.3423374811585819,153,0.20454076766967488,182,0.34400336157010664,151,0.2040994982556773,181,0.3442601098816742,146,0.20321242950095386,181,0.34320294011211844,151,0.20321605697088507,182,0.3440921433645672,151,0.20269154007302914,182,0.3445799284443761,151,0.20476346066554718,182,0.34410604881433604,151,0.2043047383729042,183,0.34405308751891556,151,0.20465415629752215,182,0.34443543873424837,146,0.2001711143832534,179,0.34477754815199463,151,0.20308040675852357,181,0.34436907429686464,151,0.2058356564640198,183,0.34236289724022934,153,0.2050781386386349,183,0.34387357014825526,151,0.20445829281835692,181,0.3440221215687029,146,0.1250000000000001,106,0.1377251521502845,119,0.9997000299990002,174,0.0,166,0.2054793021852388,184,0.3444447843984028,152,0.20375243028467138,184,0.3446465238946532,151,0.20498553906095918,183,0.34430380446464787,151,0.20422230894196258,181,0.3445088233802786,151,0.20540970272672232,182,0.3453267092567561,145
(65, 96),0.07084469707773877,58,0.48737665883652537,68,0.07144185138801451,58,0.4859931662632208,71,0.07007689893389246,55,0.49058249391165487,68,0.06883388659490985,54,0.49298407121339655,67,0.0693271355415993,55,0.49338759746495114,68,0.06954202419950706,56,0.4928917769938515,64,0.06997629399159122,55,0.4896481405935837,65,0.06997451189462733,54,0.4909238567381795,68,0.07023273089266235,54,0.4905937360341366,68,0.06921897423232237,55,0.49397094800972263,68,0.06944198306078175,54,0.4929969522404272,68,0.06927203915750058,55,0.49422953485156995,64,0.07148873137157286,57,0.4859522334380145,71,0.07004118892760047,55,0.49105369301541013,68,0.06870087530847857,54,0.4935594509260101,67,0.06906646133790062,54,0.494253232271266,67,0.06936724183880161,56,0.49325307838091825,64,0.1250000000000001,107,0.1377251521502845,120,0.9997000299990002,175,0.0,167,0.06887258257674533,52,0.4958612653143936,68,0.06971156871098205,53,0.49276503390729337,68,0.06911130147219335,54,0.4946900848890691,67,0.06948214242875062,56,0.49348846939028246,68,0.06890617523369591,55,0.4969939553719238,64
(85, 105),0.019951199268853248,19,0.9126244100991022,2,0.0197836917481391,19,0.9160054953666507,2,0.021060180295729314,19,0.8936828423309889,2,0.021264652312347976,19,0.8922025242689627,2,0.0207294206632902,20,0.9034331241522771,2,0.020577297702528474,20,0.9043488838416013,2,0.021271465320033323,19,0.8876165208827105,3,0.0200052146868146,19,0.9159767286056238,2,0.02072727650538697,19,0.9007694624044081,2,0.02080639709580434,19,0.9023193745739485,2,0.020521759385503713,19,0.9068056637800121,2,0.020582594198430892,20,0.9062882185972356,2,0.01970188516819249,19,0.9180383625803118,2,0.02090934378592524,19,0.8972578078711639,2,0.021032838264733567,19,0.8968326005013859,2,0.02107938872943027,19,0.8969713769773989,2,0.020097045503127076,20,0.915464124773254,2,0.1250000000000001,108,0.1377251521502845,121,0.9997000299990002,176,0.0,168,0.021250242476358983,19,0.8965518760646385,3,0.020481306615355965,19,0.9084139324370468,2,0.02051886895094679,19,0.9089676898364514,2,0.019725563752044928,19,0.9239247634912434,2,0.01872078871115823,19,0.9506511379683972,2
(85, 65),0.38706855967928977,213,0.33964022299895114,157,0.38828265608507295,213,0.33958710770990796,159,0.3792586174865742,212,0.340951256927862,157,0.37786005688758273,212,0.3419053379063764,154,0.38154766102657534,212,0.3421701600139682,155,0.38261173351103794,212,0.3413600491542587,150,0.3778136705735359,213,0.3401981573521267,156,0.3866790426860537,213,0.34130970227320195,155,0.3815626090980194,212,0.3411450951247875,155,0.38101195642775565,212,0.3423311156584795,155,0.38300201511831644,212,0.3418629753389623,155,0.38257456424822045,212,0.34213250788092603,151,0.3888790096086274,213,0.3396971658584101,159,0.38029835785050103,212,0.3411844510054662,155,0.3794465806704197,213,0.34194831367648526,154,0.3791267031939506,212,0.34234957844649266,155,0.3860190342874913,212,0.3418344498249547,150,0.1250000000000001,109,0.1377251521502845,122,0.9997000299990002,177,0.0,169,0.3779582113155292,213,0.34346471325136935,155,0.383286897641428,212,0.34215929966157604,155,0.38302235345960145,212,0.34265589821892534,154,0.38870616522215196,212,0.3420628730686259,155,0.39621252623274406,213,0.34367912377990084,148
(23, 90),9.999999999998899e-05,3,0.4854816876256898,69,9.999999999998899e-05,3,0.48548168762568966,72,9.999999999998899e-05,3,0.48548168762568955,71,9.999999999998899e-05,3,0.4854816876256898,71,9.999999999998899e-05,3,0.48548168762568966,71,9.999999999998899e-05,3,0.4854816876256899,67,9.999999999998899e-05,3,0.48548168762568966,69,9.999999999998899e-05,3,0.4854816876256899,71,9.999999999998899e-05,3,0.48548168762568933,71,9.999999999998899e-05,3,0.48548168762568966,71,9.999999999998899e-05,3,0.4854816876256898,71,9.999999999998899e-05,3,0.48548168762568966,68,9.999999999998899e-05,3,0.48548168762568955,72,9.999999999998899e-05,3,0.48548168762568966,71,9.999999999998899e-05,3,0.48548168762568966,71,9.999999999998899e-05,3,0.48548168762568966,71,9.999999999998899e-05,3,0.4854816876256898,67,9.999999999998899e-05,3,0.1377251521502845,123,9.999999999998899e-05,14,0.41755874672572074,26,9.999999999998899e-05,3,0.48548168762568955,72,9.999999999998899e-05,3,0.48548168762568955,71,9.999999999998899e-05,3,0.4854816876256898,71,9.999999999998899e-05,3,0.4854816876256898,72,9.999999999998899e-05,3,0.4854816876256898,68
(90, 32),0.1334628011556408,127,0.42804072163852097,98,0.1334628011556409,127,0.42804072163852064,100,0.1334628011556408,128,0.42804072163852086,98,0.1334628011556408,127,0.42804072163852114,98,0.1334628011556408,127,0.428040721638521,100,0.1334628011556409,129,0.42804072163852086,96,0.1334628011556408,127,0.42804072163852086,98,0.1334628011556407,128,0.42804072163852114,99,0.1334628011556408,127,0.42804072163852086,100,0.1334628011556407,127,0.42804072163852097,99,0.1334628011556408,127,0.4280407216385209,100,0.1334628011556407,128,0.42804072163852114,96,0.1334628011556408,128,0.4280407216385209,99,0.1334628011556409,128,0.42804072163852075,100,0.1334628011556409,128,0.4280407216385208,98,0.1334628011556407,129,0.42804072163852125,99,0.1334628011556409,128,0.42804072163852097,95,0.13168724279835398,192,0.1377251521502845,124,0.13412765805373172,55,0.35253484492431586,38,0.1334628011556407,127,0.42804072163852086,98,0.1334628011556409,128,0.4280407216385207,100,0.1334628011556409,127,0.4280407216385208,99,0.1334628011556409,127,0.4280407216385209,100,0.1334628011556409,128,0.4280407216385208,96
(90, 67),0.1501644111393694,147,0.40744778427211015,116,0.1501644111393694,148,0.40744778427211015,118,0.1501644111393694,148,0.40744778427211004,116,0.1501644111393694,148,0.40744778427211026,114,0.1501644111393694,149,0.4074477842721102,116,0.1501644111393694,148,0.4074477842721102,114,0.1501644111393694,148,0.40744778427211015,115,0.1501644111393694,148,0.40744778427211026,116,0.1501644111393694,148,0.40744778427211015,116,0.1501644111393694,148,0.4074477842721101,116,0.1501644111393694,148,0.40744778427211004,116,0.1501644111393694,149,0.40744778427211026,113,0.1501644111393694,149,0.4074477842721102,118,0.1501644111393693,148,0.40744778427211026,116,0.1501644111393694,149,0.4074477842721101,114,0.15016441113936962,151,0.40744778427211015,114,0.1501644111393694,149,0.4074477842721102,114,0.13168724279835398,193,0.1377251521502845,125,0.15753868670892768,62,0.3292233787241287,45,0.1501644111393694,148,0.4074477842721099,119,0.1501644111393694,148,0.40744778427211004,117,0.1501644111393694,148,0.4074477842721102,116,0.1501644111393694,149,0.4074477842721102,119,0.1501644111393694,148,0.40744778427211026,116
(90, 23),0.11349864425404066,113,0.4555593618505443,80,0.11349864425404066,113,0.45555936185054424,81,0.11349864425404066,113,0.45555936185054424,81,0.11349864425404088,113,0.4555593618505444,81,0.11349864425404088,113,0.45555936185054435,81,0.11349864425404066,112,0.45555936185054435,77,0.11349864425404088,113,0.45555936185054413,78,0.11349864425404088,113,0.45555936185054424,81,0.11349864425404066,113,0.45555936185054435,80,0.11349864425404088,113,0.45555936185054413,81,0.11349864425404088,113,0.4555593618505442,81,0.11349864425404088,113,0.45555936185054424,77,0.11349864425404088,113,0.45555936185054413,81,0.11349864425404066,113,0.45555936185054424,81,0.11349864425404088,113,0.4555593618505442,80,0.11349864425404088,112,0.4555593618505443,80,0.11349864425404088,112,0.45555936185054435,77,0.13168724279835398,194,0.1377251521502845,126,0.10727480410668377,49,0.3836862945579189,32,0.11349864425404066,113,0.45555936185054413,81,0.11349864425404066,113,0.45555936185054413,81,0.11349864425404088,113,0.4555593618505442,81,0.11349864425404066,114,0.4555593618505445,81,0.11349864425404066,112,0.4555593618505444,77
(32, 47),0.116966319688248,116,0.4472079880242995,85,0.116966319688248,115,0.44720798802429923,84,0.11696631968824811,115,0.4472079880242989,85,0.116966319688248,116,0.4472079880242997,85,0.11696631968824811,116,0.4472079880242993,86,0.11696631968824778,114,0.4472079880242997,81,0.116966319688248,115,0.44720798802429945,82,0.116966319688248,115,0.44720798802429934,86,0.11696631968824811,116,0.44720798802429873,85,0.116966319688248,116,0.44720798802429923,85,0.11696631968824778,116,0.44720798802429945,87,0.116966319688248,115,0.44720798802429945,81,0.116966319688248,115,0.4472079880242994,84,0.11696631968824811,115,0.447207988024299,86,0.116966319688248,115,0.44720798802429923,85,0.116966319688248,114,0.4472079880242993,85,0.116966319688248,115,0.4472079880242994,81,0.1250000000000001,110,0.1377251521502845,127,0.11413531765040341,52,0.37423243349809837,33,0.11696631968824811,115,0.447207988024299,86,0.11696631968824778,115,0.44720798802429945,86,0.116966319688248,116,0.4472079880242991,87,0.116966319688248,116,0.4472079880242993,86,0.11696631968824811,115,0.4472079880242993,82
(32, 90),0.1333933622769614,126,0.428040721638521,97,0.1333933622769613,126,0.42804072163852086,99,0.1333933622769613,127,0.42804072163852086,99,0.1333933622769614,126,0.42804072163852097,99,0.1333933622769613,126,0.4280407216385211,99,0.1333933622769614,128,0.4280407216385209,95,0.1333933622769614,126,0.42804072163852075,99,0.1333933622769614,127,0.4280407216385209,100,0.1333933622769613,126,0.4280407216385207,101,0.1333933622769613,126,0.42804072163852086,100,0.13339336227696164,126,0.4280407216385206,101,0.1333933622769613,127,0.4280407216385211,97,0.1333933622769614,127,0.4280407216385209,100,0.1333933622769613,127,0.42804072163852086,99,0.1333933622769614,127,0.42804072163852064,99,0.1333933622769614,128,0.4280407216385207,100,0.1333933622769613,127,0.42804072163852097,96,0.1250000000000001,111,0.1377251521502845,128,0.13653317012839117,56,0.35253484492431575,39,0.1333933622769613,126,0.42804072163852086,99,0.13339336227696164,127,0.42804072163852064,101,0.1333933622769613,126,0.4280407216385208,100,0.1333933622769614,126,0.4280407216385208,101,0.1333933622769613,127,0.42804072163852097,95
(47, 3),0.09232605073791511,83,0.5422593571309964,51,0.09232605073791522,83,0.5422593571309957,52,0.09232605073791522,83,0.5422593571309958,52,0.09232605073791522,83,0.5422593571309963,52,0.09232605073791522,82,0.5422593571309962,51,0.09232605073791489,83,0.5422593571309964,47,0.09232605073791522,85,0.5422593571309959,51,0.09232605073791511,83,0.5422593571309963,52,0.09232605073791511,82,0.5422593571309957,51,0.09232605073791511,83,0.5422593571309959,51,0.09232605073791522,81,0.5422593571309959,52,0.09232605073791511,82,0.5422593571309963,47,0.09232605073791511,83,0.5422593571309958,52,0.09232605073791522,82,0.5422593571309957,52,0.09232605073791511,84,0.542259357130996,51,0.09232605073791511,82,0.5422593571309958,52,0.09232605073791511,83,0.5422593571309963,47,0.1250000000000001,112,0.1377251521502845,129,0.08354206979495693,40,0.48183178849960684,18,0.09232605073791511,84,0.542259357130996,51,0.09232605073791511,83,0.5422593571309962,51,0.09232605073791522,82,0.5422593571309959,52,0.09232605073791522,82,0.542259357130996,52,0.09232605073791522,83,0.5422593571309958,48
(47, 32),0.16459504863583518,159,0.44720798802429956,84,0.16459504863583518,159,0.4472079880242991,85,0.16459504863583518,159,0.44720798802429923,84,0.16459504863583518,158,0.4472079880242997,86,0.16459504863583507,160,0.4472079880242996,85,0.1645950486358354,159,0.4472079880242991,82,0.16459504863583518,158,0.44720798802429934,83,0.16459504863583518,159,0.44720798802429956,85,0.16459504863583518,159,0.44720798802429895,84,0.1645950486358354,158,0.44720798802429906,86,0.16459504863583507,159,0.4472079880242996,86,0.16459504863583518,160,0.44720798802429945,82,0.1645950486358354,159,0.447207988024299,85,0.16459504863583507,159,0.44720798802429934,85,0.1645950486358354,158,0.4472079880242991,86,0.16459504863583518,160,0.44720798802429906,86,0.16459504863583518,160,0.44720798802429934,82,0.1250000000000001,113,0.1377251521502845,130,0.17830655387782435,68,0.37423243349809815,34,0.1645950486358354,158,0.4472079880242991,85,0.16459504863583518,158,0.44720798802429934,87,0.16459504863583507,159,0.4472079880242995,86,0.16459504863583507,159,0.4472079880242996,85,0.16459504863583507,158,0.44720798802429934,81
(3, 64),0.184265873717938,171,0.4106657096921309,112,0.184265873717938,171,0.410665709692131,114,0.184265873717938,170,0.4106657096921309,111,0.184265873717938,173,0.4106657096921313,110,0.1842658737179379,172,0.4106657096921314,110,0.184265873717938,172,0.4106657096921311,108,0.184265873717938,171,0.41066570969213084,111,0.184265873717938,170,0.4106657096921314,111,0.18426587371793834,170,0.4106657096921304,112,0.18426587371793768,171,0.41066570969213156,111,0.18426587371793834,172,0.41066570969213084,112,0.18426587371793768,173,0.41066570969213145,109,0.184265873717938,171,0.41066570969213095,113,0.184265873717938,170,0.41066570969213123,112,0.1842658737179379,174,0.410665709692131,110,0.184265873717938,173,0.41066570969213106,110,0.1842658737179379,172,0.41066570969213134,108,0.1250000000000001,114,0.1377251521502845,131,0.20686954377863687,72,0.33286611110022435,43,0.1842658737179379,170,0.41066570969213106,111,0.184265873717938,170,0.41066570969213106,112,0.184265873717938,172,0.41066570969213123,112,0.184265873717938,172,0.41066570969213123,114,0.184265873717938,173,0.4106657096921311,112
(3, 47),0.08003668074134007,68,0.5422593571309959,52,0.08003668074134018,68,0.5422593571309958,51,0.08003668074134007,68,0.5422593571309959,51,0.08003668074134007,65,0.5422593571309964,51,0.08003668074134018,67,0.5422593571309962,52,0.08003668074134007,67,0.5422593571309963,48,0.08003668074134007,68,0.5422593571309958,52,0.08003668074134007,68,0.5422593571309964,51,0.08003668074134007,68,0.5422593571309955,52,0.08003668074134018,67,0.5422593571309959,52,0.08003668074134007,66,0.5422593571309962,51,0.08003668074134018,66,0.5422593571309959,48,0.08003668074134007,68,0.5422593571309959,51,0.08003668074134018,68,0.5422593571309962,51,0.08003668074134018,65,0.5422593571309955,52,0.08003668074134018,65,0.5422593571309959,51,0.08003668074134018,67,0.5422593571309958,48,0.1250000000000001,115,0.1377251521502845,132,0.06820543082245134,36,0.481831788499607,17,0.08003668074134018,68,0.5422593571309958,52,0.08003668074134007,67,0.5422593571309962,52,0.08003668074134018,67,0.542259357130996,51,0.08003668074134007,66,0.5422593571309964,51,0.08003668074134007,66,0.5422593571309963,47
(64, 87),0.06393138705306411,49,0.6163657147980728,34,0.06393138705306411,49,0.6163657147980723,33,0.06393138705306411,46,0.6163657147980722,34,0.06393138705306411,46,0.6163657147980726,34,0.06393138705306411,48,0.6163657147980728,33,0.06393138705306411,47,0.616365714798073,31,0.06393138705306411,48,0.6163657147980726,34,0.063931387053064,47,0.6163657147980731,34,0.06393138705306411,47,0.6163657147980721,34,0.06393138705306411,47,0.6163657147980725,34,0.06393138705306411,47,0.6163657147980728,34,0.06393138705306411,47,0.6163657147980723,31,0.063931387053064,49,0.6163657147980729,33,0.06393138705306411,46,0.6163657147980728,33,0.063931387053064,46,0.6163657147980731,33,0.063931387053064,48,0.6163657147980727,34,0.06393138705306411,47,0.6163657147980731,30,0.1250000000000001,116,0.1377251521502845,133,0.050830924690810964,30,0.5657211249860479,11,0.063931387053064,48,0.6163657147980728,33,0.063931387053064,47,0.6163657147980728,34,0.063931387053064,47,0.6163657147980729,34,0.06393138705306411,47,0.6163657147980725,34,0.06393138705306411,46,0.6163657147980727,31
(64, 3),0.2161544711406973,187,0.41066570969213106,111,0.2161544711406973,187,0.4106657096921309,115,0.2161544711406973,190,0.41066570969213073,112,0.2161544711406973,190,0.41066570969213106,111,0.2161544711406973,189,0.4106657096921313,111,0.2161544711406973,189,0.4106657096921313,107,0.2161544711406973,188,0.4106657096921311,110,0.21615447114069752,188,0.4106657096921309,112,0.2161544711406973,189,0.41066570969213084,111,0.21615447114069708,190,0.4106657096921312,112,0.2161544711406973,190,0.41066570969213106,111,0.21615447114069708,190,0.4106657096921312,110,0.2161544711406974,187,0.41066570969213095,114,0.21615447114069708,190,0.41066570969213123,113,0.21615447114069752,190,0.4106657096921308,111,0.2161544711406974,189,0.4106657096921308,111,0.2161544711406973,189,0.4106657096921312,109,0.1250000000000001,117,0.1377251521502845,134,0.24953211797562158,78,0.33286611110022457,42,0.21615447114069752,189,0.41066570969213084,112,0.2161544711406973,189,0.41066570969213095,113,0.2161544711406973,190,0.410665709692131,113,0.21615447114069708,190,0.41066570969213106,115,0.2161544711406973,190,0.4106657096921312,111
(24, 25),0.2705231195619131,197,0.11661766833672949,221,0.27135560705705886,198,0.11661766833672947,221,0.27194601531179374,199,0.11661766833672943,221,0.27206446711178545,199,0.11661766833672953,221,0.2722408634354976,199,0.11661766833672946,221,0.27241937263261606,200,0.11661766833672946,217,0.27174738265612475,198,0.11661766833672944,221,0.2717264761560201,199,0.11661766833672949,221,0.27212145680944944,200,0.11661766833672942,221,0.27217023911050586,200,0.11661766833672946,221,0.27220572645388863,200,0.11661766833672943,221,0.27239178739255676,199,0.11661766833672949,217,0.27151472933612686,198,0.11661766833672943,221,0.27199322696273265,200,0.11661766833672942,221,0.2721933652139048,199,0.11661766833672939,221,0.2722583856470452,199,0.11661766833672943,221,0.272406342867483,200,0.11661766833672947,217,0.0625,24,0.1377251521502845,135,0.9996000599960001,119,0.0,170,0.27237060314421835,199,0.11661766833672943,221,0.2722463080234333,200,0.1166176683367294,221,0.2721680681540666,200,0.11661766833672943,221,0.27198961722556936,200,0.11661766833672951,221,0.2724826148676951,199,0.11661766833672946,217
(24, 41),0.006042531103837567,16,0.30165513800063903,184,0.0059946302863944645,16,0.3024882106981078,184,0.00596089785855336,16,0.3030798814755188,184,0.0059541540048498875,16,0.3031986715463849,183,0.005944125858428073,16,0.3033756243481363,183,0.005933995446565032,16,0.3035547609833257,180,0.0059722244856216244,16,0.30288074536265014,184,0.005973417936291581,16,0.30285979051809514,184,0.005950912215952009,16,0.303255834127869,184,0.00594813875063116,16,0.3033047696472545,183,0.00594612199921396,16,0.30334037148486936,182,0.00593555973956883,16,0.30352707455658184,178,0.005985519506678361,16,0.3026476038691386,184,0.00595820899246291,16,0.3031272245437354,184,0.005946824409867935,16,0.3033279700733045,183,0.005943130677186548,16,0.3033932052842513,183,0.005934734280048093,16,0.30354168323044833,180,0.0625,25,0.1377251521502845,136,1.1102230246251565e-16,4,0.2118227844902026,70,0.00593676133825638,16,0.303505813650799,183,0.005943816612280273,16,0.30338108711652206,183,0.00594826214948585,16,0.30330259176950936,182,0.005958414534943057,16,0.3031236045991228,183,0.005930410745755288,16,0.30361824103638047,178
(27, 82),0.28473957716208753,204,0.42059628381635517,103,0.28473957716208753,204,0.4205962838163547,107,0.28473957716208753,204,0.42059628381635483,106,0.28473957716208753,204,0.42059628381635517,103,0.28473957716208753,204,0.42059628381635505,104,0.28473957716208753,204,0.420596283816355,101,0.2847395771620872,204,0.42059628381635494,103,0.28473957716208775,204,0.42059628381635483,105,0.28473957716208775,204,0.4205962838163545,106,0.28473957716208753,204,0.42059628381635494,105,0.28473957716208753,204,0.420596283816355,106,0.2847395771620872,204,0.42059628381635517,102,0.28473957716208764,204,0.4205962838163545,107,0.28473957716208753,204,0.42059628381635494,105,0.28473957716208753,204,0.42059628381635483,104,0.28473957716208753,204,0.4205962838163549,105,0.28473957716208753,204,0.420596283816355,101,0.13168724279835398,195,0.1377251521502845,137,0.9995000999900006,109,0.0,171,0.28473957716208764,204,0.4205962838163545,104,0.2847395771620872,204,0.42059628381635494,105,0.28473957716208753,204,0.4205962838163548,106,0.28473957716208753,204,0.42059628381635494,106,0.28473957716208753,204,0.4205962838163549,102
(27, 5),0.14634426620454355,146,0.6041452672330504,41,0.14634426620454355,146,0.60414526723305,42,0.14634426620454355,146,0.6041452672330498,42,0.14634426620454355,145,0.6041452672330503,42,0.14634426620454366,147,0.60414526723305,41,0.14634426620454355,146,0.6041452672330501,38,0.14634426620454355,146,0.6041452672330497,41,0.14634426620454355,145,0.6041452672330502,42,0.14634426620454355,146,0.6041452672330497,42,0.14634426620454355,146,0.6041452672330501,42,0.14634426620454377,146,0.6041452672330497,42,0.14634426620454355,147,0.6041452672330502,38,0.14634426620454344,145,0.6041452672330501,42,0.14634426620454355,146,0.6041452672330497,42,0.14634426620454355,145,0.6041452672330502,42,0.14634426620454355,148,0.6041452672330501,41,0.14634426620454355,147,0.6041452672330501,38,0.13168724279835398,196,0.1377251521502845,138,0.9995000999900006,110,0.0,172,0.14634426620454355,146,0.6041452672330497,41,0.14634426620454355,146,0.6041452672330497,41,0.14634426620454355,146,0.60414526723305,40,0.14634426620454355,146,0.6041452672330498,40,0.14634426620454355,146,0.6041452672330501,38
(27, 75),0.04646075484411172,40,0.8684610565449808,6,0.04646075484411172,39,0.8684610565449803,5,0.04646075484411161,38,0.8684610565449808,5,0.04646075484411161,38,0.8684610565449815,7,0.04646075484411161,38,0.8684610565449814,6,0.04646075484411161,38,0.8684610565449812,5,0.04646075484411161,39,0.8684610565449805,6,0.046460754844111385,39,0.868461056544982,6,0.046460754844111385,38,0.8684610565449811,6,0.04646075484411161,38,0.8684610565449812,6,0.04646075484411161,38,0.8684610565449812,5,0.04646075484411172,38,0.8684610565449807,5,0.04646075484411161,39,0.8684610565449807,5,0.04646075484411161,38,0.8684610565449808,5,0.04646075484411161,39,0.868461056544981,7,0.04646075484411161,38,0.8684610565449806,7,0.04646075484411161,38,0.8684610565449814,5,0.13168724279835398,197,0.1377251521502845,139,0.9995000999900006,111,0.0,173,0.046460754844111385,39,0.868461056544981,7,0.04646075484411161,39,0.8684610565449805,6,0.04646075484411161,38,0.8684610565449807,6,0.04646075484411161,38,0.8684610565449808,6,0.04646075484411161,39,0.8684610565449812,7
(82, 104),0.14127283877250374,136,0.3869719123565702,123,0.14127283877250374,136,0.38697191235656997,128,0.14127283877250385,137,0.3869719123565699,127,0.14127283877250374,136,0.38697191235657036,125,0.14127283877250352,138,0.38697191235657036,126,0.14127283877250374,136,0.38697191235657025,122,0.14127283877250352,136,0.38697191235657014,122,0.14127283877250385,137,0.3869719123565703,127,0.14127283877250374,137,0.38697191235657,125,0.14127283877250352,137,0.3869719123565704,125,0.14127283877250374,137,0.3869719123565701,128,0.14127283877250385,137,0.3869719123565701,124,0.14127283877250352,136,0.3869719123565702,127,0.14127283877250374,137,0.38697191235656997,126,0.14127283877250374,136,0.3869719123565701,125,0.14127283877250374,137,0.38697191235657,126,0.14127283877250352,137,0.3869719123565703,123,0.1250000000000001,118,0.1377251521502845,140,0.9997000299990002,178,0.0,174,0.14127283877250374,136,0.3869719123565701,127,0.14127283877250385,136,0.3869719123565698,127,0.14127283877250374,137,0.38697191235657,126,0.14127283877250385,137,0.38697191235657025,128,0.14127283877250352,137,0.3869719123565702,123
(82, 27),0.1100273643323173,105,0.42059628381635517,104,0.1100273643323173,105,0.42059628381635494,106,0.1100273643323173,104,0.4205962838163549,105,0.11002736433231752,105,0.4205962838163551,104,0.11002736433231752,103,0.4205962838163549,105,0.11002736433231752,105,0.420596283816355,102,0.11002736433231752,105,0.4205962838163545,104,0.1100273643323173,104,0.42059628381635533,104,0.1100273643323173,104,0.42059628381635483,105,0.11002736433231752,104,0.42059628381635494,106,0.1100273643323173,104,0.42059628381635505,105,0.1100273643323173,104,0.4205962838163551,103,0.11002736433231752,105,0.4205962838163547,106,0.1100273643323173,104,0.4205962838163547,106,0.1100273643323173,105,0.420596283816355,103,0.1100273643323173,105,0.42059628381635494,104,0.11002736433231752,104,0.4205962838163548,102,0.1250000000000001,119,0.1377251521502845,141,0.9997000299990002,179,0.0,175,0.11002736433231752,105,0.4205962838163548,103,0.1100273643323173,105,0.42059628381635483,106,0.1100273643323173,104,0.4205962838163549,105,0.11002736433231719,104,0.42059628381635533,105,0.11002736433231752,104,0.42059628381635467,103
(104, 2),0.10776257066248596,100,0.4262145300798413,100,0.10776257066248585,101,0.4262145300798414,101,0.10776257066248596,100,0.4262145300798413,100,0.10776257066248596,100,0.4262145300798417,100,0.10776257066248596,98,0.4262145300798415,102,0.10776257066248596,99,0.42621453007984117,98,0.10776257066248596,100,0.4262145300798414,100,0.10776257066248596,100,0.4262145300798415,102,0.10776257066248585,100,0.4262145300798414,103,0.10776257066248596,99,0.4262145300798417,102,0.10776257066248585,99,0.4262145300798416,102,0.10776257066248596,98,0.4262145300798413,98,0.10776257066248596,101,0.42621453007984134,102,0.10776257066248585,100,0.42621453007984117,102,0.10776257066248585,100,0.42621453007984134,100,0.10776257066248596,98,0.4262145300798414,102,0.10776257066248596,99,0.4262145300798416,97,0.1250000000000001,120,0.1377251521502845,142,0.9997000299990002,180,0.0,176,0.10776257066248596,99,0.42621453007984106,101,0.10776257066248596,100,0.4262145300798412,103,0.10776257066248585,99,0.42621453007984145,102,0.10776257066248596,99,0.4262145300798415,103,0.10776257066248596,99,0.42621453007984134,98
(104, 82),0.14398404336652315,141,0.3869719123565702,124,0.14398404336652315,140,0.3869719123565701,127,0.14398404336652293,141,0.38697191235657025,126,0.14398404336652315,141,0.38697191235657036,126,0.14398404336652315,143,0.38697191235657014,127,0.14398404336652293,142,0.38697191235657014,123,0.14398404336652315,141,0.38697191235657025,121,0.14398404336652315,141,0.3869719123565702,128,0.14398404336652315,141,0.38697191235657,126,0.14398404336652315,142,0.38697191235657036,126,0.14398404336652315,142,0.38697191235657014,127,0.14398404336652293,143,0.38697191235657025,123,0.14398404336652315,140,0.38697191235657014,128,0.14398404336652337,141,0.3869719123565698,127,0.14398404336652315,141,0.38697191235657,126,0.14398404336652315,144,0.3869719123565702,125,0.14398404336652315,142,0.3869719123565703,124,0.1250000000000001,121,0.1377251521502845,143,0.9997000299990002,181,0.0,177,0.14398404336652293,142,0.38697191235657,128,0.14398404336652315,141,0.38697191235657014,126,0.14398404336652337,142,0.38697191235656997,127,0.14398404336652315,142,0.38697191235657036,127,0.14398404336652315,142,0.38697191235657014,124
(2, 89),0.1105702232257928,107,0.46179069739272866,78,0.11057022322579269,107,0.46179069739272877,80,0.11057022322579269,106,0.4617906973927287,78,0.1105702232257928,107,0.4617906973927288,79,0.1105702232257928,106,0.46179069739272866,79,0.1105702232257928,108,0.4617906973927289,76,0.11057022322579269,107,0.46179069739272866,76,0.1105702232257928,106,0.46179069739272904,80,0.1105702232257928,106,0.4617906973927286,79,0.11057022322579269,107,0.461790697392729,78,0.1105702232257928,107,0.46179069739272893,79,0.11057022322579269,108,0.46179069739272904,75,0.11057022322579302,107,0.4617906973927284,80,0.1105702232257928,106,0.46179069739272866,79,0.11057022322579257,108,0.461790697392729,78,0.11057022322579302,107,0.46179069739272893,79,0.11057022322579269,107,0.4617906973927289,75,0.1250000000000001,122,0.1377251521502845,144,0.9997000299990002,182,0.0,178,0.11057022322579269,107,0.4617906973927289,79,0.1105702232257928,107,0.4617906973927284,80,0.11057022322579269,107,0.4617906973927289,79,0.1105702232257928,106,0.4617906973927289,80,0.1105702232257928,107,0.4617906973927287,76
(2, 104),0.14063356069058175,134,0.42621453007984156,99,0.14063356069058197,134,0.4262145300798413,102,0.14063356069058197,135,0.426214530079841,101,0.14063356069058175,134,0.4262145300798416,101,0.14063356069058164,135,0.4262145300798416,101,0.14063356069058175,133,0.42621453007984156,97,0.14063356069058197,134,0.42621453007984117,101,0.14063356069058175,135,0.4262145300798416,101,0.14063356069058164,135,0.42621453007984156,102,0.14063356069058175,134,0.42621453007984156,103,0.14063356069058175,134,0.4262145300798416,103,0.1406335606905822,133,0.42621453007984117,99,0.14063356069058164,134,0.4262145300798414,101,0.14063356069058175,135,0.4262145300798414,101,0.1406335606905822,133,0.426214530079841,101,0.14063356069058164,135,0.42621453007984206,101,0.14063356069058175,134,0.42621453007984145,98,0.1250000000000001,123,0.1377251521502845,145,0.9997000299990002,183,0.0,179,0.14063356069058197,134,0.42621453007984117,100,0.14063356069058164,134,0.4262145300798413,102,0.14063356069058197,134,0.4262145300798414,103,0.14063356069058175,135,0.4262145300798417,102,0.14063356069058175,134,0.4262145300798414,97
(89, 88),0.497688527918534,221,0.11661766833672949,222,0.49808321881243045,220,0.11661766833672947,222,0.4979752619279002,220,0.11661766833672943,222,0.4978560503900965,220,0.11661766833672953,222,0.49789307594433674,220,0.11661766833672946,222,0.4980442297234222,220,0.11661766833672946,218,0.49807388067090186,221,0.11661766833672944,222,0.49777985192591145,220,0.11661766833672949,222,0.4977845292337624,220,0.11661766833672942,222,0.49784201865256705,220,0.11661766833672946,222,0.49797592365829035,220,0.11661766833672943,222,0.4977784102075056,220,0.11661766833672949,218,0.49808798396957843,220,0.11661766833672943,222,0.4979072950035863,220,0.11661766833672942,222,0.4978942389595413,220,0.11661766833672939,222,0.4978618585155752,220,0.11661766833672943,222,0.4979300032782158,220,0.11661766833672947,218,0.13168724279835398,198,0.1377251521502845,146,0.9995000999900006,112,0.0,180,0.49813720311021836,220,0.11661766833672943,222,0.49792002291146875,219,0.1166176683367294,222,0.4979131569926303,220,0.11661766833672943,222,0.4979286168432473,220,0.11661766833672951,222,0.49801778970907584,220,0.11661766833672946,218
(89, 2),0.0266159339929406,22,0.46179069739272904,77,0.026766361437297825,23,0.4617906973927289,79,0.026725158214438105,23,0.46179069739272854,79,0.026679710180612326,23,0.46179069739272904,78,0.02669382005615728,23,0.4617906973927292,78,0.026751475683799653,23,0.4617906973927291,75,0.026762795683661023,22,0.46179069739272854,77,0.026650688240775544,23,0.4617906973927292,79,0.02665246907563623,23,0.46179069739272915,78,0.02667436423891867,23,0.4617906973927287,79,0.026725410639998448,23,0.46179069739272893,80,0.026650139338430745,23,0.4617906973927289,76,0.026768181130380153,23,0.4617906973927289,79,0.02669924008642699,23,0.46179069739272843,80,0.026694263346644043,23,0.46179069739272866,79,0.026681923229732285,23,0.4617906973927292,78,0.0267078976102042,23,0.46179069739272866,76,0.13168724279835398,199,0.1377251521502845,147,0.9995000999900006,113,0.0,181,0.026786981652095143,23,0.46179069739272877,80,0.02670409236031579,23,0.46179069739272904,79,0.026701474783457302,23,0.46179069739272877,80,0.026707368976924162,23,0.46179069739272927,79,0.02674138431544526,23,0.46179069739272893,75
(89, 83),0.11254777710727171,110,0.3168887416409871,175,0.1119532475834446,109,0.317837626090402,175,0.11211557720658216,110,0.3175779447685175,176,0.11229508140012623,110,0.3172913138067166,176,0.11223930145154726,110,0.31738032389935045,176,0.11201184866611413,110,0.3177438289065002,171,0.1119672803571955,109,0.317815159798941,173,0.1124099565819825,110,0.31710817033332844,176,0.11240290205977133,109,0.31711941075966743,176,0.11231622723448509,109,0.3172575844978753,176,0.11211458153509846,110,0.3175795361847954,176,0.11241213112744175,110,0.317104705660137,172,0.11194608742725676,109,0.3178490907110185,174,0.11221788684682199,110,0.31741451006544896,176,0.1122375497521435,110,0.31738312000942415,176,0.11228632962415241,109,0.3173052758243199,176,0.11218369485762447,110,0.31746911021493285,171,0.13168724279835398,200,0.1377251521502845,148,0.9995000999900006,114,0.0,182,0.1118721550623678,110,0.31796752040249354,174,0.11219872117704666,110,0.31744511268236947,176,0.11220905949611815,109,0.3174286042819116,176,0.11218578214663466,109,0.31746577651418934,176,0.11205160438494466,110,0.3176802292246646,172
(30, 84),9.999999999998899e-05,4,1.0,1,9.999999999998899e-05,4,1.0,1,9.999999999998899e-05,4,1.0,1,9.999999999998899e-05,4,1.0,1,9.999999999998899e-05,4,1.0,1,9.999999999998899e-05,4,1.0,1,9.999999999998899e-05,4,1.0,1,9.999999999998899e-05,4,1.0,1,9.999999999998899e-05,4,1.0,1,9.999999999998899e-05,4,1.0,1,9.999999999998899e-05,4,1.0,1,9.999999999998899e-05,4,1.0,1,9.999999999998899e-05,4,1.0,1,9.999999999998899e-05,4,1.0,1,9.999999999998899e-05,4,1.0,1,9.999999999998899e-05,4,1.0,1,9.999999999998899e-05,4,1.0,1,9.999999999998899e-05,4,0.1377251521502845,149,9.999999999998899e-05,15,1.0,1,9.999999999998899e-05,4,1.0,1,9.999999999998899e-05,4,1.0,1,9.999999999998899e-05,4,1.0,1,9.999999999998899e-05,4,1.0,1,9.999999999998899e-05,4,1.0,1
(84, 51),0.35180829081979104,210,0.36669170254485717,136,0.35180829081979104,210,0.36669170254485706,137,0.35180829081979104,210,0.366691702544857,137,0.35180829081979104,210,0.36669170254485717,138,0.35180829081979104,210,0.3666917025448572,137,0.35180829081979104,210,0.36669170254485717,133,0.35180829081979104,211,0.36669170254485706,134,0.35180829081979104,210,0.36669170254485733,136,0.35180829081979104,210,0.36669170254485695,137,0.35180829081979104,210,0.36669170254485717,137,0.35180829081979104,210,0.3666917025448571,138,0.35180829081979104,210,0.36669170254485717,134,0.35180829081979104,210,0.36669170254485717,136,0.35180829081979104,210,0.36669170254485706,137,0.35180829081979126,210,0.36669170254485695,138,0.35180829081979104,210,0.3666917025448572,137,0.35180829081979104,210,0.3666917025448572,134,0.1250000000000001,124,0.1377251521502845,150,0.42750573741871023,87,0.28308697745547773,51,0.35180829081979104,210,0.366691702544857,137,0.35180829081979126,210,0.366691702544857,139,0.35180829081979104,210,0.3666917025448571,137,0.35180829081979104,210,0.3666917025448571,138,0.35180829081979104,210,0.3666917025448571,134
(84, 30),0.02542736641126475,21,0.8803106968994184,4,0.02542736641126475,22,0.8803106968994183,3,0.02542736641126475,22,0.8803106968994181,3,0.02542736641126453,22,0.8803106968994185,4,0.02542736641126475,22,0.8803106968994185,3,0.02542736641126475,22,0.8803106968994184,3,0.02542736641126475,21,0.8803106968994181,4,0.02542736641126453,22,0.880310696899419,4,0.02542736641126475,22,0.8803106968994181,3,0.02542736641126453,22,0.8803106968994187,3,0.02542736641126453,22,0.8803106968994185,3,0.02542736641126453,22,0.8803106968994185,3,0.02542736641126453,22,0.8803106968994185,3,0.02542736641126453,22,0.8803106968994187,3,0.02542736641126453,22,0.8803106968994184,4,0.02542736641126475,22,0.8803106968994183,3,0.02542736641126475,22,0.8803106968994185,3,0.1250000000000001,125,0.1377251521502845,151,0.015010365588280061,22,0.8645101913287926,2,0.02542736641126475,22,0.8803106968994183,4,0.02542736641126453,22,0.8803106968994185,4,0.02542736641126475,22,0.8803106968994184,4,0.02542736641126453,22,0.8803106968994185,3,0.02542736641126453,22,0.8803106968994185,4
(51, 68),0.13766018395653368,131,0.343482623370291,152,0.13766018395653346,131,0.343482623370291,153,0.13766018395653346,131,0.34348262337029084,152,0.13766018395653346,131,0.34348262337029106,149,0.13766018395653346,131,0.343482623370291,152,0.13766018395653346,131,0.34348262337029095,147,0.13766018395653346,131,0.34348262337029084,149,0.13766018395653346,131,0.34348262337029106,153,0.13766018395653346,131,0.34348262337029084,153,0.13766018395653346,131,0.343482623370291,152,0.13766018395653346,131,0.34348262337029095,152,0.13766018395653368,131,0.3434826233702909,148,0.13766018395653346,131,0.343482623370291,153,0.13766018395653368,131,0.3434826233702909,152,0.13766018395653368,131,0.34348262337029084,151,0.13766018395653346,132,0.3434826233702909,153,0.13766018395653346,131,0.343482623370291,147,0.1250000000000001,126,0.1377251521502845,152,0.14415088721717373,58,0.2568140055579449,56,0.13766018395653368,130,0.3434826233702909,153,0.13766018395653368,131,0.3434826233702909,152,0.13766018395653346,132,0.343482623370291,152,0.13766018395653346,130,0.34348262337029106,152,0.13766018395653346,131,0.34348262337029095,149
(51, 84),0.11314084303075622,111,0.3666917025448572,135,0.11314084303075622,111,0.36669170254485717,136,0.11314084303075622,111,0.3666917025448569,138,0.11314084303075622,111,0.3666917025448573,137,0.11314084303075622,111,0.3666917025448571,138,0.11314084303075622,111,0.3666917025448571,134,0.11314084303075622,111,0.36669170254485695,135,0.11314084303075622,111,0.36669170254485717,137,0.11314084303075622,111,0.3666917025448569,138,0.11314084303075622,111,0.36669170254485717,138,0.11314084303075622,111,0.36669170254485717,137,0.11314084303075622,111,0.3666917025448571,135,0.11314084303075633,111,0.366691702544857,137,0.11314084303075622,111,0.36669170254485717,136,0.11314084303075622,111,0.3666917025448572,137,0.11314084303075622,110,0.36669170254485706,138,0.11314084303075622,111,0.36669170254485706,135,0.1250000000000001,127,0.1377251521502845,153,0.10762514741258766,50,0.2830869774554778,50,0.11314084303075622,111,0.3666917025448571,136,0.11314084303075622,111,0.3666917025448571,138,0.11314084303075622,110,0.36669170254485706,138,0.11314084303075622,112,0.3666917025448572,137,0.11314084303075622,111,0.3666917025448571,135
(68, 54),0.07011814420654006,54,0.489484703937848,66,0.07011814420654017,56,0.489484703937848,70,0.07011814420654017,56,0.48948470393784776,69,0.07011814420654017,55,0.489484703937848,68,0.07011814420654006,56,0.489484703937848,69,0.07011814420654006,57,0.4894847039378481,65,0.07011814420654017,56,0.4894847039378479,66,0.07011814420654039,55,0.489484703937848,69,0.07011814420654017,53,0.489484703937848,69,0.07011814420654039,57,0.48948470393784776,70,0.07011814420654017,56,0.4894847039378479,69,0.07011814420654017,56,0.4894847039378479,65,0.07011814420654017,55,0.48948470393784776,67,0.07011814420654017,56,0.4894847039378479,69,0.07011814420654017,55,0.4894847039378479,69,0.07011814420654017,56,0.4894847039378479,69,0.07011814420654006,57,0.489484703937848,65,0.1250000000000001,128,0.1377251521502845,154,0.0541290735644504,33,0.42209021194601914,25,0.07011814420654006,55,0.4894847039378479,70,0.07011814420654039,55,0.48948470393784765,70,0.07011814420654017,56,0.4894847039378479,69,0.07011814420654017,57,0.4894847039378479,71,0.07011814420654017,56,0.4894847039378479,66
(68, 51),0.20292402805833387,182,0.3434826233702909,153,0.20292402805833387,180,0.34348262337029095,154,0.20292402805833376,180,0.34348262337029095,151,0.20292402805833376,182,0.34348262337029106,150,0.20292402805833387,181,0.3434826233702908,153,0.20292402805833387,180,0.34348262337029084,148,0.20292402805833387,180,0.34348262337029084,150,0.20292402805833376,181,0.3434826233702912,152,0.20292402805833376,183,0.343482623370291,152,0.20292402805833376,180,0.343482623370291,153,0.20292402805833376,181,0.34348262337029095,153,0.20292402805833376,181,0.34348262337029095,147,0.20292402805833376,181,0.34348262337029095,154,0.20292402805833387,180,0.34348262337029084,153,0.20292402805833376,182,0.343482623370291,150,0.20292402805833376,181,0.34348262337029095,152,0.20292402805833387,180,0.3434826233702909,148,0.1250000000000001,129,0.1377251521502845,155,0.24032022601631486,75,0.2568140055579449,57,0.20292402805833387,181,0.3434826233702908,154,0.20292402805833376,182,0.3434826233702909,153,0.20292402805833376,181,0.343482623370291,153,0.20292402805833376,180,0.34348262337029106,153,0.20292402805833387,181,0.3434826233702909,150
(54, 105),0.1344214694940904,128,0.46605685127179614,76,0.13442146949409084,128,0.46605685127179586,78,0.13442146949409062,129,0.4660568512717959,77,0.1344214694940904,128,0.46605685127179625,77,0.13442146949409062,128,0.4660568512717959,77,0.13442146949409062,130,0.466056851271796,74,0.13442146949409062,128,0.46605685127179575,75,0.1344214694940904,129,0.46605685127179625,77,0.13442146949409062,128,0.4660568512717958,77,0.13442146949409062,128,0.4660568512717961,77,0.13442146949409062,129,0.4660568512717958,77,0.13442146949409062,129,0.46605685127179586,74,0.1344214694940904,129,0.4660568512717959,78,0.13442146949409062,129,0.46605685127179597,77,0.13442146949409062,129,0.46605685127179597,77,0.1344214694940904,130,0.466056851271796,77,0.1344214694940904,130,0.4660568512717963,74,0.1250000000000001,130,0.1377251521502845,156,0.13756181853000304,57,0.39556958568225753,31,0.1344214694940904,128,0.46605685127179597,78,0.13442146949409062,129,0.46605685127179586,78,0.1344214694940904,128,0.46605685127179597,78,0.13442146949409062,128,0.4660568512717962,78,0.13442146949409062,130,0.46605685127179597,74
(54, 68),0.11602937531568247,115,0.48948470393784776,67,0.11602937531568225,114,0.4894847039378481,69,0.11602937531568236,114,0.48948470393784776,70,0.11602937531568247,115,0.48948470393784776,69,0.11602937531568236,115,0.4894847039378479,70,0.11602937531568236,113,0.489484703937848,66,0.11602937531568236,114,0.48948470393784765,67,0.11602937531568247,114,0.4894847039378479,70,0.11602937531568236,115,0.48948470393784776,70,0.11602937531568236,115,0.4894847039378481,69,0.11602937531568225,114,0.4894847039378479,70,0.11602937531568236,114,0.48948470393784776,66,0.11602937531568236,114,0.48948470393784754,68,0.11602937531568236,114,0.48948470393784776,70,0.11602937531568236,114,0.489484703937848,68,0.11602937531568247,113,0.48948470393784754,70,0.11602937531568236,113,0.489484703937848,66,0.1250000000000001,131,0.1377251521502845,157,0.11322719331671616,51,0.42209021194601926,24,0.11602937531568236,114,0.48948470393784765,71,0.11602937531568236,114,0.48948470393784776,69,0.11602937531568236,115,0.48948470393784765,70,0.11602937531568236,115,0.489484703937848,70,0.11602937531568236,113,0.4894847039378479,67
(34, 74),0.259657544649744,195,0.31423824171895753,177,0.259657544649744,195,0.3142382417189576,178,0.2596575446497442,196,0.3142382417189572,178,0.259657544649744,196,0.3142382417189576,178,0.259657544649744,196,0.3142382417189575,177,0.259657544649744,196,0.31423824171895753,173,0.259657544649744,196,0.3142382417189573,177,0.259657544649744,196,0.31423824171895753,179,0.259657544649744,196,0.3142382417189574,177,0.2596575446497442,196,0.3142382417189575,177,0.2596575446497442,196,0.31423824171895737,178,0.2596575446497442,196,0.3142382417189574,173,0.2596575446497442,195,0.3142382417189573,179,0.2596575446497442,196,0.31423824171895726,178,0.259657544649744,196,0.3142382417189573,178,0.259657544649744,196,0.31423824171895737,178,0.259657544649744,196,0.3142382417189575,173,0.1250000000000001,132,0.1377251521502845,158,0.9997000299990002,184,0.0,183,0.259657544649744,196,0.3142382417189574,178,0.2596575446497442,196,0.31423824171895726,178,0.2596575446497442,196,0.31423824171895737,178,0.259657544649744,196,0.31423824171895764,177,0.259657544649744,196,0.3142382417189575,173
(34, 53),0.04744968916122483,41,0.5537514726156034,50,0.04744968916122483,40,0.5537514726156038,49,0.047449689161224606,39,0.5537514726156036,49,0.04744968916122483,40,0.5537514726156038,50,0.047449689161224606,39,0.5537514726156038,49,0.04744968916122483,39,0.5537514726156036,45,0.04744968916122483,40,0.5537514726156034,50,0.04744968916122483,40,0.5537514726156039,49,0.04744968916122483,39,0.5537514726156033,50,0.047449689161224606,40,0.553751472615604,49,0.04744968916122483,39,0.5537514726156035,49,0.047449689161224606,39,0.5537514726156038,45,0.047449689161224606,40,0.5537514726156039,49,0.047449689161224606,39,0.5537514726156035,49,0.04744968916122483,40,0.5537514726156034,50,0.04744968916122483,40,0.5537514726156034,50,0.04744968916122483,39,0.5537514726156035,46,0.1250000000000001,133,0.1377251521502845,159,0.9997000299990002,185,0.0,184,0.04744968916122483,40,0.5537514726156035,50,0.047449689161224606,40,0.5537514726156036,49,0.04744968916122483,40,0.5537514726156035,49,0.04744968916122483,39,0.5537514726156039,49,0.047449689161224606,40,0.5537514726156038,45
(74, 0),0.0880315442445827,77,0.3921545560890109,122,0.08803154424458293,77,0.3921545560890108,126,0.08803154424458293,77,0.3921545560890108,124,0.08803154424458293,77,0.392154556089011,124,0.0880315442445827,77,0.3921545560890111,124,0.0880315442445826,77,0.3921545560890113,120,0.0880315442445827,77,0.3921545560890108,119,0.0880315442445827,76,0.39215455608901095,124,0.0880315442445827,77,0.3921545560890107,124,0.0880315442445826,75,0.3921545560890113,124,0.08803154424458293,76,0.3921545560890107,124,0.0880315442445826,77,0.39215455608901095,121,0.0880315442445826,77,0.3921545560890111,125,0.0880315442445827,77,0.3921545560890107,125,0.0880315442445827,77,0.3921545560890107,124,0.0880315442445827,77,0.3921545560890112,124,0.0880315442445827,77,0.39215455608901095,121,0.1250000000000001,134,0.1377251521502845,160,0.9997000299990002,186,0.0,185,0.0880315442445827,77,0.39215455608901084,126,0.0880315442445827,76,0.3921545560890108,125,0.0880315442445827,76,0.39215455608901084,125,0.0880315442445827,76,0.3921545560890112,125,0.0880315442445826,77,0.3921545560890111,122
(74, 34),0.17109330168945713,162,0.3142382417189575,178,0.17109330168945713,163,0.3142382417189574,179,0.17109330168945713,163,0.3142382417189574,177,0.17109330168945713,163,0.3142382417189577,177,0.17109330168945747,164,0.3142382417189575,178,0.17109330168945747,164,0.3142382417189575,174,0.17109330168945713,164,0.3142382417189573,178,0.17109330168945713,164,0.3142382417189576,178,0.17109330168945713,163,0.3142382417189573,178,0.17109330168945758,164,0.3142382417189573,178,0.17109330168945713,164,0.3142382417189575,177,0.17109330168945747,164,0.3142382417189573,174,0.17109330168945747,163,0.3142382417189574,178,0.17109330168945713,163,0.31423824171895737,177,0.17109330168945713,163,0.3142382417189574,177,0.17109330168945747,164,0.3142382417189575,177,0.17109330168945736,164,0.3142382417189574,174,0.1250000000000001,135,0.1377251521502845,161,0.9997000299990002,187,0.0,186,0.17109330168945736,163,0.31423824171895737,179,0.17109330168945713,164,0.31423824171895737,177,0.17109330168945713,164,0.3142382417189574,177,0.17109330168945747,165,0.31423824171895753,178,0.17109330168945747,163,0.3142382417189574,174
(44, 45),0.14259103044745514,137,0.4082078983156945,115,0.14259103044745547,137,0.4082078983156941,117,0.14259103044745514,138,0.4082078983156946,114,0.14259103044745547,137,0.4082078983156943,113,0.14259103044745547,139,0.40820789831569443,113,0.14259103044745514,139,0.4082078983156946,111,0.14259103044745514,137,0.40820789831569443,112,0.14259103044745491,138,0.4082078983156948,113,0.14259103044745514,138,0.40820789831569426,113,0.14259103044745514,138,0.40820789831569443,114,0.14259103044745514,138,0.4082078983156945,113,0.14259103044745514,138,0.4082078983156946,111,0.14259103044745514,137,0.40820789831569443,116,0.14259103044745514,138,0.40820789831569443,114,0.14259103044745491,137,0.40820789831569465,112,0.14259103044745514,140,0.4082078983156944,112,0.14259103044745514,139,0.40820789831569465,111,0.1250000000000001,136,0.1377251521502845,162,0.9997000299990002,188,0.0,187,0.14259103044745514,137,0.4082078983156941,117,0.14259103044745514,137,0.40820789831569443,115,0.14259103044745514,138,0.4082078983156944,114,0.14259103044745491,138,0.40820789831569465,117,0.14259103044745514,138,0.40820789831569465,113
(44, 78),0.10891870972512041,104,0.4465581055260364,86,0.10891870972512041,104,0.44655810552603625,87,0.10891870972512052,103,0.44655810552603625,87,0.10891870972512041,104,0.44655810552603664,87,0.10891870972512041,102,0.4465581055260366,87,0.10891870972512052,102,0.44655810552603625,84,0.10891870972512052,104,0.44655810552603614,86,0.10891870972512052,103,0.44655810552603653,89,0.10891870972512052,103,0.44655810552603614,87,0.10891870972512052,103,0.44655810552603625,88,0.10891870972512052,103,0.4465581055260362,88,0.10891870972512052,103,0.44655810552603636,84,0.10891870972512052,104,0.44655810552603636,87,0.10891870972512052,103,0.44655810552603625,87,0.10891870972512074,104,0.4465581055260362,87,0.10891870972512052,102,0.44655810552603614,88,0.10891870972512052,102,0.44655810552603664,83,0.1250000000000001,137,0.1377251521502845,163,0.9997000299990002,189,0.0,188,0.10891870972512041,104,0.44655810552603614,88,0.10891870972512052,104,0.4465581055260363,89,0.10891870972512052,103,0.4465581055260361,89,0.10891870972512074,103,0.4465581055260362,88,0.10891870972512052,103,0.4465581055260364,84
(45, 43),0.16167179960615052,156,0.341116682356114,155,0.1616717996061503,156,0.341116682356114,156,0.1616717996061503,156,0.34111668235611387,156,0.16167179960615052,155,0.34111668235611403,156,0.1616717996061503,157,0.34111668235611414,156,0.1616717996061503,156,0.34111668235611403,151,0.1616717996061503,156,0.341116682356114,152,0.1616717996061503,156,0.3411166823561141,157,0.1616717996061503,156,0.341116682356114,156,0.16167179960615008,155,0.3411166823561143,157,0.1616717996061503,155,0.34111668235611403,157,0.1616717996061503,156,0.34111668235611387,153,0.1616717996061503,156,0.34111668235611414,156,0.1616717996061503,155,0.341116682356114,157,0.1616717996061503,155,0.34111668235611387,155,0.1616717996061503,157,0.3411166823561139,157,0.1616717996061503,157,0.341116682356114,151,0.1250000000000001,138,0.1377251521502845,164,0.9997000299990002,190,0.0,189,0.1616717996061503,155,0.341116682356114,158,0.16167179960615008,155,0.34111668235611403,156,0.16167179960615008,156,0.34111668235611414,157,0.1616717996061503,156,0.34111668235611403,157,0.1616717996061503,155,0.3411166823561141,152
(45, 44),0.09434066635820604,87,0.40820789831569465,114,0.09434066635820604,87,0.40820789831569454,116,0.09434066635820604,87,0.40820789831569443,115,0.09434066635820604,88,0.40820789831569465,112,0.09434066635820626,86,0.4082078983156946,112,0.09434066635820604,87,0.4082078983156946,112,0.09434066635820626,87,0.40820789831569443,113,0.09434066635820604,86,0.40820789831569465,114,0.09434066635820626,87,0.40820789831569426,114,0.09434066635820626,87,0.40820789831569454,113,0.09434066635820626,87,0.40820789831569443,114,0.09434066635820604,87,0.4082078983156944,112,0.09434066635820626,87,0.40820789831569454,115,0.09434066635820626,88,0.40820789831569443,115,0.09434066635820626,87,0.4082078983156942,113,0.09434066635820626,86,0.4082078983156943,113,0.09434066635820626,87,0.4082078983156945,112,0.1250000000000001,139,0.1377251521502845,165,0.9997000299990002,191,0.0,190,0.09434066635820604,88,0.4082078983156944,116,0.09434066635820626,87,0.40820789831569415,116,0.09434066635820637,86,0.40820789831569426,115,0.09434066635820626,86,0.4082078983156945,118,0.09434066635820626,88,0.4082078983156944,114
(41, 24),0.11949657321589324,118,0.3035422490520537,182,0.11987858335096879,117,0.3035031250446741,183,0.12019014277006024,118,0.3034403153963927,182,0.12020583269487506,118,0.30353841424839667,182,0.12034882369520972,118,0.30342895569235634,182,0.12033681252375927,116,0.3036204572884939,179,0.12004663923179892,118,0.3035395757183724,182,0.12020259376233089,117,0.3032674036694095,183,0.12036466645988941,119,0.3033230716613675,183,0.12045297674761468,118,0.30321099599179313,184,0.1204268626781384,118,0.30326944305483916,183,0.12039560831228147,117,0.3035040582042992,179,0.119974708614634,117,0.3034800785836856,183,0.12021014045441814,118,0.3034529654715572,183,0.12025210474044623,118,0.3035693238716625,182,0.12034383108664137,117,0.3034466006975117,182,0.12036025079816048,117,0.30356733402150865,179,0.1250000000000001,140,0.1377251521502845,166,0.1174850180196878,53,0.2118227844902026,71,0.12050568373592996,117,0.3033181676917751,184,0.12057470054551456,119,0.30308670675902744,184,0.12050256259731496,118,0.3031049127777466,184,0.12032337674811056,118,0.30322761745314913,182,0.12049602475604071,117,0.3034205933686535,180
(41, 46),0.13066985856882107,124,0.29463148705278425,190,0.13026524182689847,124,0.29521212064960983,189,0.1299364982333442,124,0.29565542024029307,189,0.12991997258813592,124,0.29577641084740885,189,0.12976949594802267,123,0.2959012272496885,189,0.12978212685150847,126,0.29606852195469546,185,0.13008777731272858,123,0.29551973843945584,189,0.1299233838091436,124,0.2955070899853466,189,0.12975283829375117,124,0.29582360734760527,189,0.12966003854813668,124,0.29585715537815266,188,0.12968747085357735,124,0.29587193424273744,188,0.12972031323864608,125,0.2960502199233457,185,0.13016369494768387,124,0.2953453468718192,189,0.12991543587349574,124,0.29570012122742984,189,0.12987125240195296,124,0.29588147107800306,189,0.12977474595513638,125,0.2959103520023198,190,0.12975748078955274,125,0.2960546791678454,185,0.1250000000000001,141,0.1377251521502845,167,0.13282880343408277,54,0.2033306029593137,72,0.1296046947698295,124,0.2960470171531152,188,0.12953227343165175,124,0.29593270022468504,188,0.12960797116241307,124,0.29583382739823644,188,0.12979625783072968,124,0.2956637177660936,189,0.12961483457614453,125,0.29613135228919435,184
(42, 109),0.14026333310743255,133,0.782940665572846,18,0.14026333310743233,133,0.782940665572846,18,0.14026333310743255,134,0.7829406655728455,18,0.14026333310743233,133,0.7829406655728461,18,0.14026333310743233,134,0.7829406655728461,18,0.14026333310743233,132,0.7829406655728461,18,0.14026333310743255,133,0.7829406655728457,18,0.14026333310743233,134,0.7829406655728464,18,0.14026333310743233,134,0.782940665572846,18,0.14026333310743233,133,0.7829406655728464,18,0.14026333310743255,132,0.7829406655728458,18,0.14026333310743233,132,0.7829406655728459,18,0.14026333310743255,133,0.7829406655728458,18,0.14026333310743233,133,0.7829406655728461,18,0.14026333310743222,132,0.7829406655728464,18,0.14026333310743255,134,0.7829406655728457,18,0.14026333310743255,133,0.782940665572846,18,0.6790283738204228,223,0.1377251521502845,168,1.000088900582341e-12,7,0.7542860812956659,5,0.14026333310743233,131,0.7829406655728458,18,0.14026333310743255,133,0.7829406655728456,18,0.14026333310743233,133,0.7829406655728459,18,0.14026333310743233,133,0.7829406655728461,18,0.14026333310743233,133,0.7829406655728461,18
(42, 12),0.11088618141781581,108,0.8467419822450242,8,0.11088618141781581,108,0.8467419822450241,9,0.1108861814178157,107,0.846741982245024,9,0.1108861814178157,108,0.8467419822450243,9,0.1108861814178157,107,0.8467419822450243,9,0.1108861814178157,109,0.8467419822450243,9,0.1108861814178157,108,0.846741982245024,9,0.1108861814178157,107,0.8467419822450245,9,0.11088618141781581,107,0.846741982245024,9,0.11088618141781581,108,0.8467419822450243,9,0.1108861814178157,109,0.8467419822450241,9,0.1108861814178157,109,0.8467419822450241,8,0.1108861814178157,108,0.8467419822450242,9,0.11088618141781581,108,0.846741982245024,9,0.11088618141781581,109,0.8467419822450241,9,0.11088618141781548,108,0.8467419822450244,9,0.1108861814178157,108,0.8467419822450243,9,0.0017738941624226845,16,1.0,1,0.9997000299990002,192,0.0,191,0.11088618141781581,109,0.8467419822450238,9,0.1108861814178157,108,0.8467419822450241,9,0.1108861814178157,108,0.8467419822450241,9,0.11088618141781581,108,0.8467419822450242,10,0.1108861814178157,108,0.8467419822450243,9
(109, 95),0.23468013810711663,190,0.4677879979107464,75,0.23468013810711663,191,0.4677879979107464,77,0.23468013810711663,192,0.46778799791074616,76,0.23468013810711685,192,0.4677879979107464,76,0.23468013810711663,193,0.4677879979107465,76,0.23468013810711663,193,0.46778799791074627,73,0.23468013810711663,190,0.46778799791074627,74,0.23468013810711663,191,0.4677879979107466,76,0.23468013810711663,193,0.46778799791074627,76,0.23468013810711663,193,0.4677879979107465,76,0.23468013810711663,193,0.4677879979107464,76,0.23468013810711663,193,0.4677879979107463,73,0.23468013810711663,190,0.46778799791074627,77,0.23468013810711663,192,0.46778799791074616,76,0.23468013810711685,192,0.4677879979107461,76,0.23468013810711663,193,0.4677879979107462,76,0.23468013810711663,193,0.4677879979107464,73,0.6492382810966834,222,0.1377251521502845,169,1.000088900582341e-12,8,0.3975292656270566,30,0.23468013810711663,193,0.46778799791074616,77,0.23468013810711663,193,0.46778799791074616,76,0.23468013810711663,193,0.46778799791074627,76,0.23468013810711663,193,0.4677879979107465,77,0.23468013810711663,193,0.4677879979107464,73
(109, 42),0.05626092898147328,45,0.7530183397977006,23,0.05626092898147328,45,0.7530183397977005,23,0.05626092898147328,44,0.7530183397977002,23,0.05626092898147328,44,0.7530183397977009,23,0.05626092898147328,43,0.7530183397977006,23,0.05626092898147328,43,0.7530183397977005,21,0.05626092898147328,45,0.7530183397977004,23,0.05626092898147328,45,0.753018339797701,23,0.05626092898147328,43,0.7530183397977003,23,0.05626092898147328,43,0.7530183397977006,23,0.05626092898147328,43,0.7530183397977003,23,0.05626092898147328,43,0.7530183397977004,21,0.05626092898147328,45,0.7530183397977005,23,0.05626092898147328,44,0.7530183397977005,23,0.05626092898147328,44,0.7530183397977005,23,0.05626092898147328,43,0.7530183397977005,23,0.05626092898147328,43,0.7530183397977005,21,0.002411462540642395,17,0.8893126307510728,2,0.9997000299990002,193,0.0,192,0.05626092898147328,43,0.7530183397977003,23,0.05626092898147328,43,0.7530183397977003,23,0.05626092898147328,43,0.7530183397977005,23,0.05626092898147328,43,0.7530183397977006,23,0.05626092898147328,42,0.7530183397977006,21
(95, 106),0.421014227189649,214,0.11661766833672949,223,0.42494409374204045,214,0.11661766833672947,223,0.4318140394492951,214,0.11661766833672943,223,0.4428595068560294,216,0.11661766833672953,223,0.45672259083006317,217,0.11661766833672946,223,0.44870591481377176,216,0.11661766833672946,219,0.4237989221250449,214,0.11661766833672944,223,0.42910240295689694,215,0.11661766833672949,223,0.4357217207880656,214,0.11661766833672942,223,0.44255365235372834,216,0.11661766833672946,223,0.4451625036819129,216,0.11661766833672943,223,0.45467566198279574,216,0.11661766833672949,219,0.4243437251419835,214,0.11661766833672943,223,0.43305338822035866,214,0.11661766833672942,223,0.44482930478563876,216,0.11661766833672939,223,0.46596597993535827,217,0.11661766833672943,223,0.45687304564736775,217,0.11661766833672947,219,0.385037521356165,218,0.1377251521502845,170,0.9995000999900006,115,0.0,193,0.4315293746544484,214,0.11661766833672943,223,0.43637321296164855,215,0.1166176683367294,223,0.44864569491431305,216,0.11661766833672943,223,0.4520834959067035,216,0.11661766833672951,223,0.4446013253864376,216,0.11661766833672946,219
(95, 79),0.24599709487410304,192,0.1795275551086424,210,0.2341219103888963,190,0.1868270551372914,210,0.21465808724522684,189,0.19980787723700627,210,0.18653777551835915,176,0.22129052267778174,210,0.1561386839207627,154,0.24938772945953733,201,0.17309656396251638,166,0.23298084862800422,201,0.23752491115010987,192,0.18469063731363433,210,0.2221499477081621,189,0.19465022981007607,210,0.20428107573977738,184,0.2073200040676637,210,0.1872672968847513,176,0.2206851553077632,210,0.18112996982029683,170,0.2258684645853894,208,0.1603140037871158,155,0.2451561064810084,202,0.2359001544188808,191,0.18570605235113477,210,0.2113141594574377,188,0.2021801553042532,210,0.18190314058877755,171,0.22520396410132626,208,0.1385188226879709,133,0.2688709328752259,197,0.1558358376436515,153,0.24969993022186956,197,0.385037521356165,219,0.1377251521502845,171,0.0,2,0.06774490433560369,84,0.21543318990071203,188,0.19926432463801058,210,0.20259780979395559,181,0.20858169306734003,210,0.17323024904106898,166,0.23285927087372357,206,0.16575162929004594,160,0.239839299384638,205,0.1824339426189796,171,0.22474972614525346,204
(95, 109),0.010690822730121341,17,0.4378656721356009,90,0.01149204977203866,17,0.4378656721356009,92,0.01299159375598924,17,0.43786567213560085,92,0.015678982630978666,18,0.437865672135601,93,0.019566153439196987,18,0.43786567213560085,93,0.01724621690978667,18,0.437865672135601,89,0.011254395410759233,17,0.4378656721356009,92,0.012384411374547821,17,0.4378656721356013,92,0.013902500250106531,18,0.4378656721356008,92,0.015599810200678244,18,0.4378656721356011,93,0.016284062580164904,18,0.4378656721356009,94,0.018954588327178445,18,0.437865672135601,90,0.011367025464313896,17,0.43786567213560096,92,0.013275864983804953,17,0.4378656721356008,92,0.01619553897630599,18,0.43786567213560085,93,0.022496967635663556,20,0.4378656721356011,93,0.01961163247015929,19,0.43786567213560096,89,0.005070284038658945,18,0.517118179229354,4,0.9995000999900006,116,0.0,194,0.012926901747719932,17,0.4378656721356008,93,0.01405855406243095,17,0.4378656721356009,93,0.017229546067649815,18,0.43786567213560107,94,0.018199138774285473,18,0.437865672135601,94,0.016135161602333747,18,0.4378656721356011,90
(46, 41),0.14375065634013895,140,0.2960406357259565,187,0.1441708882667303,143,0.2960605762811332,188,0.14462794462048945,144,0.2959848833339535,188,0.14471646760569068,144,0.2959984049262922,188,0.14480855921296976,146,0.2960090146129784,188,0.144883039987447,145,0.2961420211132425,184,0.144480054524169,144,0.29605169780929097,187,0.1445925540249301,144,0.2958340472763591,188,0.14485358575153928,145,0.2958579272863417,188,0.14494158665237433,145,0.29577224809932023,189,0.14491552623223258,145,0.29583725072795103,189,0.14493008708342492,146,0.29605242888786404,184,0.14428800152504506,144,0.2960297711549483,188,0.14466638156202616,144,0.29598281680663846,188,0.14483867005324957,144,0.2959652144228884,188,0.14486206374824073,147,0.29597313952589127,189,0.14487769152905372,145,0.29611168550292377,184,0.1250000000000001,142,0.1377251521502845,172,0.15781311766336015,63,0.2033306029593136,73,0.14504086663881222,145,0.295859095124186,189,0.14503671222968018,144,0.29566878495839505,189,0.1449671974435276,145,0.2957166966633574,189,0.14474770896088118,145,0.2958353372351256,188,0.14504151258660414,145,0.29598730329358197,185
(46, 76),0.10795517783645392,101,0.32569176760194607,170,0.10760868823288783,98,0.3263803414773021,171,0.10723343966137566,97,0.3270219146906441,169,0.10716095352833732,97,0.3271773009558115,167,0.10708561128358107,95,0.32733514847064576,167,0.1070247260459023,96,0.3276004661588237,164,0.10735467692543466,97,0.3268610703713137,170,0.10726243630881682,97,0.32679914558403456,171,0.10704879852407934,96,0.3272394806243515,169,0.1069768971875027,96,0.32728424058256567,168,0.10699818352306001,96,0.3273148396821729,169,0.10698628945416266,95,0.3275760218281135,163,0.10751237808035485,97,0.3265321687198376,171,0.10720195832225832,97,0.327080609929381,169,0.10706099150843584,97,0.32733448371390317,167,0.10704186888795109,95,0.3273803642825173,167,0.1070290967451939,96,0.3275584183271945,163,0.1250000000000001,143,0.1377251521502845,173,0.09708306861475102,45,0.2390759829340983,63,0.10689585381019295,96,0.3275378041728098,168,0.10689924353923486,97,0.3273205317586251,168,0.1069559833480036,96,0.32726337051916177,168,0.10713538672184686,96,0.32704659691701476,169,0.10689532677084213,96,0.32768076503649385,164
(53, 34),0.13253756170507225,125,0.5537514726156035,49,0.13253756170507225,125,0.5537514726156036,50,0.13253756170507225,126,0.5537514726156034,50,0.13253756170507225,125,0.5537514726156039,49,0.13253756170507225,125,0.5537514726156035,50,0.13253756170507225,127,0.5537514726156035,46,0.13253756170507214,125,0.5537514726156038,49,0.13253756170507225,125,0.5537514726156035,50,0.13253756170507214,125,0.5537514726156038,49,0.13253756170507225,125,0.5537514726156038,50,0.13253756170507225,125,0.5537514726156035,50,0.13253756170507225,126,0.5537514726156035,46,0.13253756170507225,126,0.5537514726156036,50,0.13253756170507225,126,0.5537514726156034,50,0.13253756170507225,126,0.5537514726156036,49,0.13253756170507225,127,0.5537514726156035,49,0.13253756170507225,126,0.5537514726156038,45,0.1250000000000001,144,0.1377251521502845,174,0.9997000299990002,194,0.0,195,0.13253756170507225,125,0.5537514726156036,49,0.13253756170507236,126,0.5537514726156032,50,0.13253756170507225,125,0.5537514726156034,50,0.13253756170507225,125,0.5537514726156038,50,0.13253756170507225,126,0.5537514726156036,46
(53, 71),0.11775377657977681,117,0.5760182872544212,44,0.11775377657977681,116,0.5760182872544212,44,0.1177537765797767,116,0.5760182872544213,44,0.11775377657977681,117,0.5760182872544214,44,0.1177537765797767,117,0.5760182872544213,44,0.1177537765797767,115,0.5760182872544213,40,0.11775377657977681,116,0.5760182872544211,44,0.1177537765797767,116,0.5760182872544213,44,0.11775377657977681,117,0.5760182872544208,44,0.11775377657977681,117,0.5760182872544213,44,0.11775377657977681,117,0.5760182872544212,44,0.11775377657977681,116,0.5760182872544212,40,0.11775377657977681,116,0.5760182872544212,44,0.11775377657977681,116,0.5760182872544211,44,0.11775377657977681,116,0.5760182872544212,44,0.11775377657977681,115,0.5760182872544211,44,0.11775377657977681,116,0.5760182872544213,40,0.1250000000000001,145,0.1377251521502845,175,0.9997000299990002,195,0.0,196,0.11775377657977681,116,0.5760182872544211,44,0.11775377657977681,116,0.576018287254421,44,0.1177537765797767,117,0.5760182872544213,44,0.11775377657977681,117,0.5760182872544213,44,0.11775377657977681,116,0.5760182872544213,40
(63, 87),9.999999999998899e-05,5,0.6395471955957324,30,9.999999999998899e-05,5,0.6395471955957324,30,9.999999999998899e-05,5,0.6395471955957321,30,9.999999999998899e-05,5,0.6395471955957324,30,9.999999999998899e-05,5,0.6395471955957323,30,9.999999999998899e-05,5,0.6395471955957326,25,9.999999999998899e-05,5,0.6395471955957321,30,9.999999999998899e-05,5,0.6395471955957327,30,9.999999999998899e-05,5,0.6395471955957321,30,9.999999999998899e-05,5,0.6395471955957326,29,9.999999999998899e-05,5,0.6395471955957323,30,9.999999999998899e-05,5,0.6395471955957324,25,9.999999999998899e-05,5,0.6395471955957323,30,9.999999999998899e-05,5,0.6395471955957324,29,9.999999999998899e-05,5,0.6395471955957325,30,9.999999999998899e-05,5,0.6395471955957321,30,9.999999999998899e-05,5,0.6395471955957325,26,9.999999999998899e-05,5,0.1377251521502845,176,0.9999,217,0.0,197,9.999999999998899e-05,5,0.639547195595732,30,9.999999999998899e-05,5,0.6395471955957321,30,9.999999999998899e-05,5,0.6395471955957324,29,9.999999999998899e-05,5,0.6395471955957325,30,9.999999999998899e-05,5,0.6395471955957324,26
(71, 53),9.999999999998899e-05,6,0.6059406130295664,39,9.999999999998899e-05,6,0.6059406130295666,39,9.999999999998899e-05,6,0.6059406130295665,40,9.999999999998899e-05,6,0.6059406130295664,40,9.999999999998899e-05,6,0.6059406130295667,38,9.999999999998899e-05,6,0.6059406130295665,36,9.999999999998899e-05,6,0.6059406130295666,39,9.999999999998899e-05,6,0.6059406130295666,40,9.999999999998899e-05,6,0.6059406130295666,40,9.999999999998899e-05,6,0.6059406130295666,40,9.999999999998899e-05,6,0.6059406130295667,40,9.999999999998899e-05,6,0.6059406130295666,35,9.999999999998899e-05,6,0.6059406130295666,40,9.999999999998899e-05,6,0.6059406130295664,40,9.999999999998899e-05,6,0.6059406130295665,40,9.999999999998899e-05,6,0.6059406130295665,39,9.999999999998899e-05,6,0.6059406130295666,34,9.999999999998899e-05,6,0.1377251521502845,177,0.9999,218,0.0,198,9.999999999998899e-05,6,0.6059406130295665,39,9.999999999998899e-05,6,0.6059406130295664,39,9.999999999998899e-05,6,0.6059406130295665,38,9.999999999998899e-05,6,0.6059406130295667,38,9.999999999998899e-05,6,0.6059406130295663,36
(77, 97),0.09749219362472361,90,0.33540853612580424,159,0.0976183829808539,90,0.3354219761122581,161,0.09804183949491341,90,0.33531997993427265,159,0.09814700910903529,90,0.33527142565591667,157,0.09818596702787263,89,0.33525184309133743,159,0.09819364332565317,91,0.3353590371449518,156,0.09798539558529251,90,0.33536701854232037,158,0.09799347699601846,90,0.33526547600553847,159,0.09811121069772932,90,0.3352513716517803,160,0.09820700714652153,90,0.3351237877741263,160,0.09821473910208989,90,0.33516778972233957,161,0.09820577674355646,90,0.3353096896803493,157,0.09767986910323656,90,0.3354178147509327,161,0.09805313651618919,90,0.3353264395800825,160,0.09821195623318868,90,0.33522021773836397,158,0.09826454224186265,89,0.33515231073833895,160,0.09820713642942969,90,0.3353077841791972,156,0.1250000000000001,146,0.1377251521502845,178,0.0841002124272856,41,0.24777503048450084,59,0.09819721266345027,90,0.3352582203110667,161,0.09818747137849426,91,0.3350961062340551,161,0.09830213889416284,91,0.33492441177302607,161,0.09823696545251948,89,0.3350447650658135,161,0.09827724901295609,91,0.3351987239246475,156
(77, 108),0.15724896695413904,153,0.2860013775498286,192,0.15707555153978126,153,0.2862414469511758,192,0.156495636117863,153,0.2869211115143612,192,0.15635208847194315,153,0.28706990713899316,192,0.15629896250537645,155,0.2871236390334199,192,0.15628849760129326,152,0.2872293398063571,187,0.1565727558705935,153,0.2868591682222262,192,0.15656171080604064,153,0.2867869403375074,192,0.15640092890691037,153,0.2869879524119448,192,0.15627028145526944,153,0.2870520261286867,192,0.15625974347286808,153,0.2871037040290446,191,0.15627195848211628,153,0.28720903451322827,187,0.15699115470943048,153,0.2863492743566483,193,0.15648020750620673,153,0.28694708906431504,192,0.15626353616266075,153,0.287143578472011,191,0.156191890728542,155,0.2871805364516436,192,0.1562701052454778,154,0.2872098631908693,187,0.1250000000000001,147,0.1377251521502845,179,0.17738496156825745,67,0.19320467746355172,76,0.15628363195751926,153,0.2871494509865075,192,0.15629691158216052,152,0.2869929804910418,192,0.1561406965271488,152,0.2870532191806208,191,0.15622945660950927,153,0.28703851560454596,191,0.1561745855980332,152,0.28724329479227034,187
(97, 76),0.09283087379620125,85,0.40320035896792455,118,0.09287383464714849,84,0.40341259391080353,122,0.09347591780562092,84,0.40303630193344203,119,0.09360732081105627,87,0.40296702016507496,120,0.09367735278391742,85,0.4028883698576938,121,0.09361818492280771,86,0.4032528695561472,116,0.09333988012268046,86,0.40321100022873396,116,0.09339676548586773,84,0.4029025383826208,118,0.09354038558582056,85,0.40298077585191705,117,0.09370200948636553,86,0.40267257342033297,119,0.09368081628219538,83,0.40282443386988387,121,0.09365301058551745,85,0.40312673801006077,118,0.09294745627454848,84,0.4034170713947586,121,0.09347799219390274,86,0.40305456596283523,119,0.09370831294973025,86,0.4028392494442562,119,0.09380874059215527,85,0.40264011734740884,121,0.09369099433584116,86,0.40302282859626043,118,0.1250000000000001,148,0.1377251521502845,180,0.0809375995704209,39,0.3250308021601116,46,0.09367175187171228,85,0.4029483231725595,121,0.09365495132657276,86,0.40272083393030367,121,0.09389398992213449,84,0.4022011718650602,122,0.09377536513932894,85,0.4024515445939819,122,0.09376665876234047,87,0.4028871829556823,118
(97, 77),0.16385528574810038,157,0.3336298531579362,161,0.16379255759867062,158,0.33389956742423893,163,0.16291714615981512,158,0.3349051402769302,160,0.16272700436950926,156,0.3351348300282821,158,0.16262580031572682,158,0.3352224674270635,160,0.16271129845146226,157,0.33539632668451386,155,0.16311433842127787,157,0.33475268704790323,159,0.16303183808924748,158,0.33462095979316586,160,0.16282381972824833,158,0.3349999439315868,161,0.1625901906072612,156,0.33509676744510536,161,0.16262079757039638,158,0.3351768372344399,160,0.162660967042368,158,0.33536757354850466,156,0.16368514309559845,158,0.33406452112675733,162,0.16291414195960396,157,0.33492485302197106,161,0.1625810888549144,156,0.3352492451085474,157,0.16243617929031728,158,0.3353028337978466,159,0.16260609749591148,158,0.33536416435130784,155,0.1250000000000001,149,0.1377251521502845,181,0.18270534988030795,69,0.24777503048450075,60,0.1626338908620234,157,0.3352601098420799,160,0.16265816287992096,156,0.33503413494596573,162,0.16231331955401185,157,0.3351232376580676,160,0.16248431653345952,157,0.33507295098971546,160,0.1624968771383839,156,0.3354166306107874,155
(76, 46),0.16631555346992077,160,0.3275570181676578,167,0.1667366934923441,160,0.3276160066633346,168,0.1677089247964556,160,0.32749285932684796,168,0.16792609830103622,159,0.32749838625873373,166,0.1679914337068753,161,0.32752015748073654,166,0.16806788443998,160,0.32767125320793916,162,0.16742890972313818,161,0.3275876378191154,167,0.16735615067247245,160,0.32734919895899334,167,0.16787997533425858,160,0.327358042664202,168,0.16804691133543814,159,0.3272576539332127,169,0.16805831951022387,161,0.32734057373889386,168,0.16811978099998726,161,0.3275653055463165,164,0.16688529847106492,160,0.327603567702122,168,0.16769600419762343,160,0.3275000108549052,168,0.16808268510749058,160,0.32744367899662075,166,0.1680956321672531,161,0.3274718438301378,166,0.16807101793970025,161,0.32763288412031577,162,0.1250000000000001,150,0.1377251521502845,182,0.1912888202065478,71,0.23907598293409846,62,0.1681132309043728,159,0.32736959926423664,169,0.16806872492538627,161,0.3271521774407799,169,0.1681627139674069,161,0.32711943991772674,169,0.167961591389844,161,0.3272897770083883,168,0.16819239196316682,159,0.32750594193032556,165
(76, 97),0.09116480531968563,82,0.4002415094996144,121,0.09088326392456303,82,0.4010644813156961,124,0.09023731608448538,81,0.4026476512072622,120,0.09009378617899022,82,0.4030419802965392,119,0.09005066002499884,81,0.4031853836036375,120,0.09000022860419754,82,0.4035079066899032,115,0.09042278618613264,80,0.40226448605985327,117,0.09047105413323542,81,0.4018419676544497,120,0.09012424574406364,81,0.40278698885844877,118,0.09001406030610193,82,0.402961177447738,118,0.09000653632926514,79,0.4030836306541699,120,0.08996601400792537,81,0.4034700872086865,117,0.09078416971178882,82,0.40131427424244415,124,0.0902458640121504,81,0.40263339013780525,120,0.08999046915198505,81,0.4032540751882158,118,0.08998193300347612,81,0.4033118679699028,119,0.08999816229064739,81,0.40346625255153323,117,0.1250000000000001,151,0.1377251521502845,183,0.07612439947496163,37,0.3250308021601115,47,0.08997033151776668,83,0.4032173441815419,120,0.08999967436000966,80,0.4028701939212674,120,0.08993772084381779,79,0.40299744926871506,121,0.09007035504498906,80,0.40284855381941564,121,0.08991816909264849,81,0.4035265809678211,117
(78, 44),9.999999999998899e-05,7,0.4465581055260361,87,9.999999999998899e-05,7,0.44655810552603636,86,9.999999999998899e-05,7,0.4465581055260361,88,9.999999999998899e-05,7,0.4465581055260361,88,9.999999999998899e-05,7,0.4465581055260364,88,9.999999999998899e-05,7,0.4465581055260363,83,9.999999999998899e-05,7,0.44655810552603636,85,9.999999999998899e-05,7,0.4465581055260367,88,9.999999999998899e-05,7,0.4465581055260361,88,9.999999999998899e-05,7,0.4465581055260365,87,9.999999999998899e-05,7,0.4465581055260362,89,9.999999999998899e-05,7,0.4465581055260364,83,9.999999999998899e-05,7,0.4465581055260364,86,9.999999999998899e-05,7,0.44655810552603625,88,9.999999999998899e-05,7,0.4465581055260362,88,9.999999999998899e-05,7,0.44655810552603653,87,9.999999999998899e-05,7,0.4465581055260362,84,9.999999999998899e-05,7,0.1377251521502845,184,0.9999,219,0.0,199,9.999999999998899e-05,7,0.4465581055260362,87,9.999999999998899e-05,7,0.4465581055260364,88,9.999999999998899e-05,7,0.4465581055260365,88,9.999999999998899e-05,7,0.4465581055260363,87,9.999999999998899e-05,7,0.44655810552603653,83
(92, 75),0.11019566256210289,106,0.8305916119964079,13,0.11019566256210289,106,0.830591611996408,13,0.110195662562103,105,0.8305916119964074,14,0.110195662562103,106,0.8305916119964076,14,0.110195662562103,105,0.8305916119964075,14,0.11019566256210289,106,0.8305916119964081,13,0.110195662562103,106,0.8305916119964075,13,0.11019566256210289,105,0.8305916119964082,13,0.11019566256210289,105,0.8305916119964074,14,0.11019566256210289,105,0.830591611996408,13,0.110195662562103,106,0.8305916119964077,14,0.11019566256210289,106,0.8305916119964075,13,0.110195662562103,106,0.8305916119964077,15,0.110195662562103,105,0.8305916119964076,14,0.11019566256210289,107,0.8305916119964077,13,0.11019566256210289,106,0.8305916119964079,13,0.110195662562103,106,0.8305916119964076,14,0.1250000000000001,152,0.1377251521502845,185,0.9997000299990002,196,0.0,200,0.11019566256210289,106,0.8305916119964074,14,0.110195662562103,106,0.8305916119964075,14,0.11019566256210289,106,0.8305916119964076,13,0.11019566256210289,105,0.8305916119964081,13,0.110195662562103,105,0.8305916119964075,14
(92, 91),0.1410742171253514,135,0.7649384499482814,19,0.1410742171253514,135,0.7649384499482814,20,0.14107421712535106,136,0.7649384499482816,19,0.14107421712535106,135,0.7649384499482819,20,0.14107421712535118,136,0.7649384499482814,19,0.1410742171253514,135,0.7649384499482816,20,0.14107421712535106,135,0.7649384499482815,19,0.14107421712535118,136,0.7649384499482819,20,0.14107421712535118,136,0.7649384499482812,20,0.14107421712535118,136,0.7649384499482818,19,0.14107421712535106,135,0.7649384499482818,19,0.14107421712535118,135,0.7649384499482813,20,0.14107421712535118,135,0.7649384499482816,19,0.14107421712535106,136,0.7649384499482819,19,0.1410742171253514,134,0.7649384499482813,19,0.1410742171253514,136,0.7649384499482815,19,0.14107421712535106,135,0.7649384499482818,19,0.1250000000000001,153,0.1377251521502845,186,0.9997000299990002,197,0.0,201,0.14107421712535106,135,0.7649384499482813,20,0.14107421712535106,135,0.7649384499482815,19,0.14107421712535106,135,0.7649384499482815,19,0.1410742171253514,136,0.7649384499482818,20,0.14107421712535106,136,0.7649384499482818,20
(75, 27),0.12322302506794591,120,0.8385387307698358,12,0.12322302506794591,120,0.8385387307698361,12,0.12322302506794602,121,0.8385387307698353,12,0.12322302506794602,120,0.8385387307698355,12,0.12322302506794602,120,0.8385387307698359,12,0.12322302506794602,119,0.8385387307698359,12,0.12322302506794602,120,0.8385387307698349,12,0.12322302506794602,120,0.8385387307698358,12,0.12322302506794602,121,0.8385387307698355,12,0.12322302506794602,120,0.8385387307698358,12,0.12322302506794602,121,0.8385387307698352,12,0.12322302506794591,119,0.8385387307698355,12,0.12322302506794602,120,0.8385387307698354,12,0.12322302506794602,121,0.8385387307698353,12,0.12322302506794591,120,0.8385387307698358,12,0.12322302506794591,119,0.838538730769836,12,0.12322302506794602,120,0.838538730769836,12,0.1250000000000001,154,0.1377251521502845,187,0.9997000299990002,198,0.0,202,0.12322302506794602,120,0.8385387307698355,12,0.12322302506794602,121,0.8385387307698356,12,0.12322302506794602,121,0.8385387307698356,12,0.12322302506794602,120,0.8385387307698356,12,0.12322302506794602,119,0.8385387307698358,12
(75, 92),0.12679397693811567,121,0.8305916119964076,14,0.1267939769381159,121,0.8305916119964076,14,0.12679397693811567,122,0.8305916119964075,13,0.12679397693811567,121,0.8305916119964081,13,0.12679397693811567,121,0.830591611996408,13,0.12679397693811567,124,0.8305916119964079,14,0.12679397693811567,121,0.8305916119964074,14,0.12679397693811567,121,0.8305916119964079,14,0.12679397693811567,122,0.8305916119964079,13,0.12679397693811567,122,0.8305916119964079,14,0.12679397693811567,122,0.830591611996408,13,0.12679397693811567,122,0.8305916119964074,14,0.12679397693811567,121,0.8305916119964081,14,0.12679397693811567,122,0.8305916119964077,13,0.12679397693811567,122,0.8305916119964077,14,0.12679397693811567,123,0.8305916119964079,14,0.12679397693811567,123,0.8305916119964081,13,0.1250000000000001,155,0.1377251521502845,188,0.9997000299990002,199,0.0,203,0.12679397693811567,121,0.8305916119964076,13,0.12679397693811567,122,0.8305916119964077,13,0.12679397693811567,122,0.8305916119964076,14,0.12679397693811567,122,0.8305916119964079,14,0.12679397693811567,123,0.8305916119964079,13
(100, 8),0.14301930913683059,138,0.3207927149365267,172,0.14301930913683059,138,0.3207927149365268,173,0.14301930913683059,139,0.32079271493652667,172,0.1430193091368308,139,0.3207927149365267,173,0.14301930913683059,140,0.32079271493652667,173,0.14301930913683059,140,0.3207927149365268,167,0.1430193091368308,138,0.3207927149365265,172,0.14301930913683059,139,0.3207927149365268,173,0.14301930913683059,139,0.3207927149365266,173,0.14301930913683059,139,0.3207927149365267,173,0.1430193091368308,140,0.3207927149365265,173,0.14301930913683059,140,0.32079271493652667,169,0.14301930913683059,138,0.32079271493652656,173,0.14301930913683059,139,0.32079271493652667,173,0.14301930913683059,139,0.32079271493652667,173,0.1430193091368308,141,0.32079271493652656,173,0.1430193091368308,140,0.32079271493652667,168,0.1250000000000001,156,0.1377251521502845,189,0.15325539534544075,61,0.23112874152165522,67,0.14301930913683059,139,0.32079271493652667,173,0.14301930913683059,138,0.32079271493652667,172,0.14301930913683059,139,0.3207927149365267,173,0.14301930913683059,140,0.3207927149365268,173,0.14301930913683059,140,0.32079271493652667,169
(100, 101),0.10856158185013509,103,0.35166623198018593,148,0.1085615818501352,103,0.351666231980186,149,0.1085615818501352,102,0.3516662319801859,148,0.10856158185013509,102,0.35166623198018604,147,0.10856158185013509,101,0.351666231980186,147,0.1085615818501352,101,0.351666231980186,142,0.10856158185013509,103,0.3516662319801858,146,0.10856158185013509,102,0.35166623198018604,149,0.10856158185013509,102,0.3516662319801858,148,0.10856158185013509,102,0.35166623198018593,148,0.10856158185013509,101,0.3516662319801858,148,0.10856158185013509,101,0.35166623198018593,144,0.10856158185013509,103,0.3516662319801859,149,0.1085615818501352,102,0.3516662319801859,148,0.1085615818501352,102,0.3516662319801858,147,0.10856158185013509,101,0.35166623198018593,147,0.10856158185013509,101,0.35166623198018604,144,0.1250000000000001,157,0.1377251521502845,190,0.10045023522938379,46,0.2660779542657332,55,0.1085615818501352,102,0.35166623198018576,149,0.1085615818501352,103,0.3516662319801858,149,0.10856158185013509,102,0.35166623198018593,148,0.10856158185013509,101,0.35166623198018604,148,0.10856158185013509,101,0.351666231980186,144
(101, 100),9.999999999998899e-05,8,0.41151088353047677,110,9.999999999998899e-05,8,0.4115108835304767,113,9.999999999998899e-05,8,0.4115108835304767,110,9.999999999998899e-05,8,0.4115108835304768,109,9.999999999998899e-05,8,0.4115108835304767,109,9.999999999998899e-05,8,0.41151088353047677,106,9.999999999998899e-05,8,0.4115108835304766,108,9.999999999998899e-05,8,0.4115108835304768,109,9.999999999998899e-05,8,0.4115108835304766,110,9.999999999998899e-05,8,0.4115108835304769,110,9.999999999998899e-05,8,0.4115108835304768,110,9.999999999998899e-05,8,0.4115108835304767,107,9.999999999998899e-05,8,0.41151088353047666,112,9.999999999998899e-05,8,0.4115108835304767,111,9.999999999998899e-05,8,0.4115108835304766,109,9.999999999998899e-05,8,0.41151088353047666,109,9.999999999998899e-05,8,0.41151088353047677,107,9.999999999998899e-05,8,0.1377251521502845,191,9.999999999998899e-05,16,0.333822858601337,41,9.999999999998899e-05,8,0.4115108835304766,110,9.999999999998899e-05,8,0.4115108835304766,111,9.999999999998899e-05,8,0.41151088353047677,111,9.999999999998899e-05,8,0.4115108835304767,111,9.999999999998899e-05,8,0.41151088353047666,108
(67, 1),0.2224158675685941,188,0.26503840740185575,196,0.2224158675685941,188,0.26503840740185575,196,0.22241586756859388,191,0.26503840740185564,197,0.22241586756859388,191,0.2650384074018558,195,0.2224158675685941,191,0.2650384074018558,196,0.2224158675685941,191,0.26503840740185586,192,0.2224158675685941,189,0.26503840740185575,196,0.2224158675685941,190,0.26503840740185586,197,0.2224158675685941,190,0.2650384074018557,197,0.2224158675685941,191,0.2650384074018558,197,0.2224158675685941,191,0.26503840740185575,197,0.22241586756859388,191,0.2650384074018558,193,0.2224158675685941,188,0.26503840740185575,197,0.22241586756859388,191,0.26503840740185575,197,0.2224158675685941,191,0.2650384074018557,195,0.2224158675685941,191,0.2650384074018557,198,0.22241586756859388,191,0.2650384074018558,193,0.1250000000000001,158,0.1377251521502845,192,0.2902553829359509,81,0.1680141584739116,77,0.2224158675685941,190,0.26503840740185564,197,0.22241586756859388,191,0.26503840740185564,197,0.22241586756859388,191,0.2650384074018557,197,0.22241586756859377,191,0.2650384074018559,197,0.2224158675685941,191,0.2650384074018558,192
(67, 90),0.0612176037356138,48,0.4074477842721101,117,0.0612176037356138,48,0.40744778427211015,119,0.06121760373561369,45,0.4074477842721099,117,0.0612176037356138,45,0.40744778427211015,115,0.06121760373561369,46,0.40744778427211026,115,0.0612176037356138,45,0.40744778427211026,113,0.06121760373561369,46,0.40744778427211037,114,0.06121760373561369,46,0.4074477842721104,115,0.06121760373561369,46,0.40744778427211026,115,0.06121760373561369,45,0.40744778427211026,115,0.06121760373561369,45,0.40744778427211037,115,0.0612176037356138,45,0.40744778427211015,114,0.0612176037356138,48,0.4074477842721101,119,0.06121760373561369,45,0.40744778427211004,117,0.06121760373561369,45,0.4074477842721101,115,0.06121760373561369,46,0.40744778427211015,115,0.06121760373561369,45,0.4074477842721102,115,0.1250000000000001,159,0.1377251521502845,193,0.03857855200600735,28,0.3292233787241289,44,0.06121760373561369,47,0.40744778427211004,118,0.06121760373561369,45,0.4074477842721099,118,0.0612176037356138,45,0.4074477842721099,117,0.0612176037356138,46,0.40744778427211015,120,0.06121760373561369,45,0.4074477842721103,115
(1, 67),0.284562144844535,203,0.29496073317700117,188,0.284562144844535,203,0.29496073317700106,190,0.284562144844535,203,0.294960733177001,190,0.284562144844535,203,0.29496073317700117,190,0.284562144844535,203,0.2949607331770012,190,0.2845621448445349,203,0.29496073317700117,186,0.284562144844535,203,0.2949607331770012,190,0.284562144844535,203,0.2949607331770012,190,0.284562144844535,203,0.29496073317700106,190,0.284562144844535,203,0.2949607331770013,190,0.284562144844535,203,0.29496073317700117,190,0.284562144844535,203,0.2949607331770011,186,0.2845621448445349,203,0.2949607331770011,191,0.284562144844535,203,0.294960733177001,190,0.284562144844535,203,0.294960733177001,190,0.2845621448445349,203,0.2949607331770011,191,0.284562144844535,203,0.29496073317700117,186,0.1250000000000001,160,0.1377251521502845,194,0.36749094030686114,86,0.20188661064171345,74,0.284562144844535,203,0.294960733177001,190,0.284562144844535,203,0.29496073317700106,190,0.284562144844535,203,0.29496073317700106,190,0.284562144844535,203,0.29496073317700106,190,0.284562144844535,203,0.2949607331770011,186
(1, 62),0.04009044104979975,31,0.5668606380527019,47,0.04009044104979975,32,0.5668606380527017,47,0.04009044104979975,32,0.5668606380527018,47,0.04009044104979975,32,0.5668606380527019,47,0.04009044104979975,32,0.566860638052702,48,0.040090441049799974,31,0.5668606380527017,44,0.04009044104979975,31,0.5668606380527019,47,0.04009044104979975,32,0.5668606380527019,48,0.04009044104979975,32,0.5668606380527017,48,0.04009044104979975,32,0.566860638052702,47,0.04009044104979975,32,0.5668606380527019,47,0.04009044104979975,32,0.5668606380527018,44,0.04009044104979975,32,0.5668606380527017,48,0.04009044104979975,32,0.5668606380527018,47,0.04009044104979975,32,0.5668606380527016,47,0.04009044104979975,32,0.5668606380527016,48,0.04009044104979975,32,0.566860638052702,43,0.1250000000000001,161,0.1377251521502845,195,0.022838863735513915,23,0.5096807504268682,16,0.04009044104979975,32,0.5668606380527016,48,0.04009044104979975,32,0.5668606380527016,47,0.04009044104979975,32,0.5668606380527018,47,0.04009044104979975,32,0.5668606380527019,47,0.04009044104979975,32,0.5668606380527018,44
(108, 73),0.1711790383357653,163,0.23008608057630767,205,0.17112603467228138,164,0.23014305274728838,206,0.1709453584331131,162,0.23027837809057675,206,0.1708832559270974,162,0.2303092068088845,207,0.1708575299781514,163,0.23032208900933906,207,0.17089133114856847,163,0.23035499728427383,202,0.17094181284507148,163,0.23030057072064927,205,0.1708803135235688,163,0.23027474340196746,206,0.17087568997340263,162,0.23029613739511354,206,0.17081023475799684,163,0.230305634751493,206,0.1707817072907667,163,0.23033164149811702,206,0.17087223413181873,163,0.23034899827350133,203,0.17109920966631242,164,0.23016819359294588,205,0.17092707267658547,162,0.23029660984518283,206,0.17083409915005365,162,0.230334720909988,206,0.17078010383624787,163,0.23034802910979174,207,0.17087504949221244,163,0.2303500319919907,202,0.1250000000000001,162,0.1377251521502845,196,0.21607382421524435,73,0.12876644152236624,79,0.17084635082018773,162,0.23033824665743236,206,0.17082232063350522,163,0.23027495514861607,206,0.1707548920181612,163,0.23029623577660613,207,0.17077937975911228,164,0.23031181051355656,207,0.17080704908313726,162,0.23035937624046332,202
(108, 77),0.0879765132976289,76,0.28724443589929455,191,0.08801052936676335,76,0.28724888668108106,191,0.0881266003870449,78,0.287190405854872,191,0.0881665390745765,78,0.2871506951470221,191,0.08818309003604785,78,0.2871343791274699,191,0.0881613445963847,78,0.2872179517020488,188,0.08812888000196273,78,0.2872136210429431,191,0.08816843190055779,77,0.287104023528817,191,0.08817140629411169,78,0.2871248789292121,191,0.08821352747318767,77,0.28705434872799895,191,0.08823189278883037,77,0.287050861289678,192,0.08817362956336439,78,0.28718643405483163,188,0.08802775082317904,76,0.2872465196066539,192,0.08813835786575086,78,0.28719013087864115,191,0.08819816766441624,78,0.2871206368813705,192,0.08823292519168269,78,0.2870692662595675,193,0.08817181833399601,78,0.2871912665749035,188,0.1250000000000001,163,0.1377251521502845,197,0.06396719858038169,35,0.19320467746355174,75,0.08819028338562585,78,0.2871404519323705,193,0.08820574825462846,78,0.2870313163609671,191,0.08824916002279215,77,0.28697299541239124,192,0.08823339140193032,77,0.2870232179696395,192,0.08821557810825387,78,0.28711732267869416,188
(73, 22),0.20150066083532847,180,0.1625682056199085,212,0.20148747673877665,179,0.1625747272876431,212,0.20146033814718312,179,0.16257909772572973,212,0.20143822760564234,180,0.1625788746828538,212,0.20142870803372626,180,0.16258184311131385,212,0.20145644553741515,179,0.1625891700815968,208,0.20146187138211702,179,0.16258995150678007,212,0.20139898309404902,179,0.1625850994951677,212,0.20141975709328253,181,0.16258037039651307,212,0.2013982905312992,179,0.1625798362747479,212,0.20137175980690136,180,0.16258836550483693,211,0.20144155628903726,180,0.16258804888182035,207,0.20147621194655652,180,0.162577878675392,212,0.201445788339086,179,0.16258420636959264,212,0.2014089770225047,181,0.1625852259512857,211,0.20139203532323213,180,0.1625890589183256,211,0.20144894156518411,179,0.16258805977852245,208,0.1250000000000001,164,0.1377251521502845,198,0.36120826985851007,85,0.052041207439016864,86,0.20141075492584615,180,0.16258719411235611,212,0.20138542261297154,180,0.16257183105787074,212,0.20138334791326007,180,0.16257907577843073,212,0.20137430481436702,179,0.1625860843438437,211,0.2014023697269245,180,0.1625899515067801,208
(73, 108),0.07082302566465248,57,0.2303578120334048,204,0.07082959223503182,57,0.23035490967294783,205,0.07084311126578668,57,0.2303361056315001,205,0.07085412775357003,57,0.2303154249570503,206,0.07085887144169667,57,0.23031086227807215,208,0.070845050601551,58,0.23034679025778604,203,0.07084234740991469,57,0.2303528951593153,204,0.07087368597083366,57,0.23028809767466443,205,0.07086333210513085,55,0.23030053209551993,205,0.07087403117722624,58,0.23028000492962616,207,0.0708872567988964,57,0.23026765073319536,207,0.07085246912598153,57,0.23033148745785223,204,0.07083520341075511,56,0.2303489992105147,204,0.07085036042956716,57,0.23032994191790498,205,0.07086870473188123,56,0.2302974813736141,207,0.07087714915868748,57,0.23028730676833917,208,0.07084878932333682,58,0.23033830537002317,203,0.1250000000000001,165,0.1377251521502845,199,0.02384469082679641,24,0.12876644152236633,78,0.0708678186194297,56,0.2303019067328705,207,0.07088044551093065,56,0.23025681584020152,207,0.07088147975837278,57,0.23026516610891645,208,0.07088598798563317,58,0.23026676392178058,208,0.07087199793859988,57,0.23029808936550145,203
(62, 1),0.15528080671509858,152,0.5668606380527018,48,0.15528080671509858,151,0.5668606380527017,48,0.15528080671509858,152,0.5668606380527016,48,0.1552808067150987,152,0.5668606380527019,48,0.15528080671509858,153,0.5668606380527021,47,0.15528080671509858,151,0.566860638052702,43,0.15528080671509858,152,0.5668606380527018,48,0.15528080671509858,152,0.566860638052702,47,0.15528080671509858,152,0.5668606380527019,47,0.1552808067150987,152,0.5668606380527019,48,0.15528080671509858,152,0.5668606380527019,48,0.15528080671509858,152,0.5668606380527019,43,0.15528080671509858,152,0.5668606380527018,47,0.15528080671509858,151,0.5668606380527018,48,0.1552808067150987,152,0.5668606380527016,48,0.15528080671509858,154,0.5668606380527018,47,0.15528080671509858,152,0.566860638052702,44,0.1250000000000001,166,0.1377251521502845,200,0.16304373976180442,65,0.5096807504268684,15,0.15528080671509858,152,0.5668606380527017,47,0.15528080671509858,151,0.5668606380527016,48,0.1552808067150987,151,0.5668606380527014,48,0.1552808067150987,152,0.5668606380527017,48,0.1552808067150987,151,0.5668606380527019,43
(62, 98),0.09893630725226243,91,0.6587647140610781,28,0.09893630725226243,92,0.658764714061078,28,0.09893630725226243,91,0.658764714061078,28,0.09893630725226266,91,0.6587647140610783,28,0.09893630725226266,90,0.6587647140610782,28,0.09893630725226243,92,0.6587647140610784,24,0.09893630725226266,91,0.658764714061078,28,0.09893630725226243,91,0.6587647140610784,28,0.09893630725226266,91,0.658764714061078,28,0.09893630725226243,91,0.6587647140610785,28,0.09893630725226243,91,0.6587647140610781,28,0.09893630725226243,91,0.6587647140610782,24,0.09893630725226243,91,0.6587647140610781,28,0.09893630725226243,92,0.6587647140610781,28,0.09893630725226243,91,0.6587647140610781,28,0.09893630725226266,90,0.658764714061078,28,0.09893630725226266,91,0.6587647140610781,24,0.1250000000000001,167,0.1377251521502845,201,0.09338855647218758,43,0.6137173297360056,8,0.09893630725226243,91,0.658764714061078,28,0.09893630725226243,92,0.658764714061078,28,0.09893630725226243,92,0.658764714061078,28,0.09893630725226243,91,0.6587647140610784,28,0.09893630725226266,92,0.6587647140610783,24
(98, 62),9.999999999998899e-05,9,0.808376342936805,16,9.999999999998899e-05,9,0.808376342936805,16,9.999999999998899e-05,9,0.8083763429368049,16,9.999999999998899e-05,9,0.8083763429368053,16,9.999999999998899e-05,9,0.8083763429368054,16,9.999999999998899e-05,9,0.808376342936805,16,9.999999999998899e-05,9,0.8083763429368049,16,9.999999999998899e-05,9,0.8083763429368055,16,9.999999999998899e-05,9,0.8083763429368049,16,9.999999999998899e-05,9,0.8083763429368055,16,9.999999999998899e-05,9,0.8083763429368047,16,9.999999999998899e-05,9,0.808376342936805,16,9.999999999998899e-05,9,0.8083763429368052,16,9.999999999998899e-05,9,0.8083763429368052,16,9.999999999998899e-05,9,0.8083763429368053,16,9.999999999998899e-05,9,0.8083763429368052,16,9.999999999998899e-05,9,0.8083763429368054,16,9.999999999998899e-05,9,0.1377251521502845,202,9.999999999998899e-05,17,0.7830795905750146,4,9.999999999998899e-05,9,0.8083763429368048,16,9.999999999998899e-05,9,0.8083763429368049,15,9.999999999998899e-05,9,0.8083763429368049,16,9.999999999998899e-05,9,0.8083763429368056,16,9.999999999998899e-05,9,0.8083763429368054,16
(5, 27),0.05123621236913756,42,0.6340675930081953,32,0.051236212369137446,42,0.6340675930081954,32,0.05123621236913756,41,0.6340675930081953,32,0.05123621236913756,41,0.6340675930081955,32,0.051236212369137446,41,0.6340675930081956,32,0.051236212369137446,41,0.6340675930081956,28,0.05123621236913756,41,0.6340675930081952,32,0.05123621236913756,42,0.6340675930081955,32,0.051236212369137446,41,0.6340675930081957,32,0.05123621236913756,41,0.6340675930081955,32,0.051236212369137446,41,0.6340675930081954,32,0.05123621236913756,40,0.6340675930081952,28,0.051236212369137446,42,0.6340675930081956,32,0.05123621236913756,41,0.6340675930081957,32,0.05123621236913756,41,0.6340675930081953,32,0.05123621236913756,41,0.6340675930081955,32,0.05123621236913756,40,0.6340675930081957,28,0.1250000000000001,168,0.1377251521502845,203,0.9997000299990002,200,0.0,204,0.05123621236913756,41,0.6340675930081953,32,0.05123621236913756,41,0.6340675930081953,32,0.05123621236913756,41,0.6340675930081954,32,0.05123621236913756,41,0.6340675930081955,32,0.05123621236913756,41,0.6340675930081954,28
(5, 29),0.24836638034365444,193,0.37465393077081466,131,0.24836638034365444,193,0.37465393077081466,135,0.24836638034365432,195,0.37465393077081477,134,0.24836638034365444,194,0.3746539307708149,135,0.24836638034365444,194,0.3746539307708148,135,0.24836638034365444,195,0.3746539307708149,130,0.24836638034365432,194,0.37465393077081477,131,0.24836638034365444,193,0.3746539307708149,135,0.24836638034365466,194,0.37465393077081466,135,0.24836638034365444,194,0.3746539307708148,135,0.24836638034365444,195,0.37465393077081466,135,0.24836638034365432,195,0.37465393077081477,131,0.24836638034365444,194,0.3746539307708149,135,0.24836638034365444,195,0.3746539307708149,134,0.24836638034365432,194,0.3746539307708149,135,0.24836638034365444,194,0.3746539307708148,135,0.24836638034365466,195,0.3746539307708148,130,0.1250000000000001,169,0.1377251521502845,204,0.9997000299990002,201,0.0,205,0.24836638034365444,194,0.37465393077081466,135,0.24836638034365444,194,0.37465393077081466,134,0.24836638034365444,194,0.3746539307708147,135,0.24836638034365444,194,0.3746539307708149,135,0.24836638034365444,194,0.3746539307708148,131
(13, 91),9.999999999998899e-05,10,0.4402505755689817,89,9.999999999998899e-05,10,0.4402505755689817,90,9.999999999998899e-05,10,0.44025057556898156,91,9.999999999998899e-05,10,0.44025057556898173,92,9.999999999998899e-05,10,0.44025057556898156,92,9.999999999998899e-05,10,0.4402505755689816,88,9.999999999998899e-05,10,0.44025057556898145,89,9.999999999998899e-05,10,0.44025057556898184,91,9.999999999998899e-05,10,0.4402505755689815,91,9.999999999998899e-05,10,0.4402505755689816,91,9.999999999998899e-05,10,0.44025057556898156,92,9.999999999998899e-05,10,0.44025057556898173,87,9.999999999998899e-05,10,0.44025057556898156,90,9.999999999998899e-05,10,0.44025057556898156,91,9.999999999998899e-05,10,0.4402505755689815,92,9.999999999998899e-05,10,0.44025057556898145,92,9.999999999998899e-05,10,0.4402505755689817,88,9.999999999998899e-05,10,0.1377251521502845,205,0.9999,220,0.0,206,9.999999999998899e-05,10,0.44025057556898156,92,9.999999999998899e-05,10,0.44025057556898145,92,9.999999999998899e-05,10,0.44025057556898156,92,9.999999999998899e-05,10,0.44025057556898173,92,9.999999999998899e-05,10,0.4402505755689817,89
(91, 92),0.03663815148689942,28,0.7649384499482813,20,0.03663815148689942,30,0.7649384499482818,19,0.03663815148689942,30,0.764938449948281,20,0.03663815148689942,29,0.7649384499482821,19,0.03663815148689942,29,0.7649384499482814,20,0.036638151486899195,29,0.7649384499482819,19,0.03663815148689942,28,0.7649384499482815,20,0.03663815148689942,30,0.764938449948282,19,0.03663815148689942,30,0.7649384499482813,19,0.03663815148689942,30,0.7649384499482816,20,0.03663815148689942,30,0.7649384499482816,20,0.03663815148689942,30,0.7649384499482814,19,0.03663815148689942,30,0.7649384499482816,20,0.03663815148689942,30,0.7649384499482813,20,0.03663815148689942,29,0.7649384499482813,20,0.03663815148689942,29,0.7649384499482815,20,0.03663815148689942,29,0.7649384499482818,20,0.1250000000000001,170,0.1377251521502845,206,0.9997000299990002,202,0.0,207,0.036638151486899195,29,0.7649384499482814,19,0.03663815148689942,30,0.7649384499482812,20,0.03663815148689942,30,0.7649384499482811,20,0.03663815148689942,30,0.764938449948282,19,0.036638151486899195,30,0.7649384499482822,19
(91, 13),0.29790048739632646,206,0.38040592401869083,129,0.2979004873963267,206,0.3804059240186908,130,0.29790048739632646,206,0.38040592401869067,129,0.2979004873963267,206,0.38040592401869094,130,0.29790048739632646,206,0.38040592401869083,130,0.2979004873963267,206,0.3804059240186909,126,0.2979004873963267,206,0.3804059240186908,126,0.2979004873963267,206,0.380405924018691,130,0.2979004873963267,206,0.38040592401869067,129,0.2979004873963267,206,0.3804059240186909,129,0.2979004873963267,206,0.3804059240186908,131,0.29790048739632635,206,0.3804059240186909,128,0.2979004873963267,206,0.3804059240186908,130,0.2979004873963267,206,0.3804059240186908,130,0.2979004873963267,206,0.3804059240186908,130,0.2979004873963267,206,0.3804059240186907,130,0.2979004873963267,206,0.38040592401869094,127,0.1250000000000001,171,0.1377251521502845,207,0.9997000299990002,203,0.0,208,0.2979004873963267,206,0.3804059240186906,131,0.29790048739632646,206,0.38040592401869067,129,0.29790048739632635,206,0.3804059240186908,130,0.2979004873963267,206,0.3804059240186909,131,0.2979004873963269,206,0.38040592401869083,127
(12, 42),9.999999999998899e-05,11,0.8467419822450242,9,9.999999999998899e-05,11,0.8467419822450241,10,9.999999999998899e-05,11,0.8467419822450238,10,9.999999999998899e-05,11,0.8467419822450241,10,9.999999999998899e-05,11,0.8467419822450242,10,9.999999999998899e-05,11,0.8467419822450242,10,9.999999999998899e-05,11,0.8467419822450237,10,9.999999999998899e-05,11,0.8467419822450243,10,9.999999999998899e-05,11,0.8467419822450237,10,9.999999999998899e-05,11,0.8467419822450242,10,9.999999999998899e-05,11,0.8467419822450241,10,9.999999999998899e-05,11,0.8467419822450241,9,9.999999999998899e-05,11,0.8467419822450241,10,9.999999999998899e-05,11,0.846741982245024,10,9.999999999998899e-05,11,0.8467419822450241,10,9.999999999998899e-05,11,0.8467419822450241,10,9.999999999998899e-05,11,0.8467419822450243,10,9.999999999998899e-05,11,0.1377251521502845,208,9.999999999998899e-05,18,0.8265099807164866,3,9.999999999998899e-05,11,0.8467419822450238,10,9.999999999998899e-05,11,0.8467419822450241,10,9.999999999998899e-05,11,0.8467419822450241,10,9.999999999998899e-05,11,0.8467419822450243,9,9.999999999998899e-05,11,0.8467419822450243,10
(79, 95),0.05662646076437794,46,0.3101034618068358,179,0.05992825362406351,47,0.3187452266284364,174,0.07352967265894672,59,0.303328643323583,183,0.08849755338039322,79,0.29811396525933687,187,0.11120078345833573,108,0.29794750901356737,187,0.09566690728221605,89,0.29648289135532035,183,0.06576288845338518,50,0.31060518300331835,179,0.06749958845670223,51,0.31531111682623886,177,0.07696220762516859,61,0.3099379254886162,180,0.08971299197630955,81,0.3035729057172013,182,0.09376419793487467,84,0.3019225239362811,184,0.1085498681508883,100,0.29831799448137153,182,0.059142547615664176,46,0.317791412427305,177,0.07445318656267241,59,0.30415960952400384,182,0.0901110562872649,82,0.29766458440237087,187,0.12436442239237344,120,0.2976900760241602,187,0.10635884772236337,95,0.2965278900096253,183,0.02255126572377819,23,0.3497542689478973,9,0.9997000299990002,204,0.0,209,0.07527275142833312,60,0.31719933480947454,177,0.07892718296163748,64,0.30981433051192536,180,0.09724683083531016,89,0.3031742781347105,183,0.10295313816838336,94,0.3003187636930597,185,0.08859913943845332,79,0.29930338949868174,182
(79, 20),0.23373625814515242,189,0.19331745016672422,209,0.2254988235354558,189,0.2049302816414609,209,0.19618138037563027,177,0.21869979277623128,209,0.1703698442488566,161,0.2396413921254436,205,0.13989603703819475,133,0.275998827571376,195,0.15978875142676308,154,0.24988382647312699,196,0.21209316706129766,186,0.21022939124816406,209,0.2083571973223537,185,0.2165559673247593,209,0.18975007368266594,175,0.22942456117205265,207,0.16850430515559067,160,0.24604306066160844,204,0.1625004276083768,157,0.25135625182405513,202,0.14303338698512869,141,0.27210931553047446,191,0.22741337907595804,189,0.20284773506162593,209,0.1944175451275083,177,0.2208771654595149,209,0.16789994497040217,159,0.2419002636616703,205,0.12563773938502443,121,0.29668097997296816,188,0.1457011323477314,146,0.2669945805602974,192,0.36933478431702726,216,0.1377251521502845,209,1.000088900582341e-12,9,0.09079538118751308,83,0.19287319946142722,176,0.23180398795748935,205,0.18621620020698404,173,0.23272223702671038,205,0.15758695104417608,154,0.25811352001871696,198,0.14998899108031216,148,0.2649166182823235,198,0.17021274451651658,161,0.2407635721262908,201
(29, 5),9.999999999998899e-05,12,0.43449858232110566,93,9.999999999998899e-05,12,0.43449858232110566,95,9.999999999998899e-05,12,0.43449858232110544,95,9.999999999998899e-05,12,0.4344985823211057,95,9.999999999998899e-05,12,0.4344985823211058,95,9.999999999998899e-05,12,0.4344985823211056,91,9.999999999998899e-05,12,0.43449858232110544,94,9.999999999998899e-05,12,0.4344985823211058,95,9.999999999998899e-05,12,0.4344985823211054,95,9.999999999998899e-05,12,0.4344985823211055,96,9.999999999998899e-05,12,0.43449858232110555,96,9.999999999998899e-05,12,0.43449858232110555,92,9.999999999998899e-05,12,0.43449858232110566,95,9.999999999998899e-05,12,0.43449858232110555,95,9.999999999998899e-05,12,0.4344985823211056,95,9.999999999998899e-05,12,0.4344985823211056,95,9.999999999998899e-05,12,0.4344985823211058,92,9.999999999998899e-05,12,0.1377251521502845,210,0.9999,221,0.0,210,9.999999999998899e-05,12,0.43449858232110544,95,9.999999999998899e-05,12,0.4344985823211053,96,9.999999999998899e-05,12,0.43449858232110566,96,9.999999999998899e-05,12,0.43449858232110566,96,9.999999999998899e-05,12,0.43449858232110555,92
(81, 83),0.16431131687936884,158,0.27171165077756865,195,0.15641889715777324,152,0.28256725154467344,194,0.16086482692860404,155,0.27655130425675367,195,0.17531760812444774,166,0.2592016223535626,197,0.17927000971794171,170,0.2548359909459496,200,0.18047399746952486,170,0.25377912705040906,195,0.16573011608959098,160,0.27084885896324984,195,0.15305082316603735,150,0.28634138915826524,193,0.15797066843043184,154,0.27987336118248535,194,0.16865915359632555,162,0.26679682733387416,196,0.16710961467866925,160,0.2689833019581925,196,0.1737472911516389,167,0.26083676533910827,194,0.1473112975226072,148,0.29496828693179833,190,0.1637369097108129,158,0.27285506963746525,195,0.17593151426581044,166,0.2586211025395504,197,0.17988530622979548,171,0.25409563339647495,202,0.1787417891940446,170,0.25547415923870276,196,0.1250000000000001,172,0.1377251521502845,211,0.9997000299990002,205,0.0,211,0.15179858786925582,150,0.28883464308581,191,0.1565065863590248,153,0.28215440465253616,194,0.16656255058065006,160,0.2695244191523139,196,0.1689972518156282,163,0.2666384000360253,196,0.1787989229212097,170,0.2558061317785992,196
(81, 70),0.09251927665798765,84,0.3290435208352536,165,0.09809804463413618,91,0.33011463899571997,166,0.09490624341991527,88,0.32973457005424717,166,0.08536844871049243,72,0.32946839827443053,163,0.08296325785131353,70,0.329459002291396,164,0.08224659256358713,69,0.3297778434843675,159,0.09155794196152955,82,0.33008729937958137,164,0.10060474379931816,93,0.32932386041389455,165,0.09696919063212128,89,0.3293131895198306,166,0.08961134230493806,79,0.32940458413391493,166,0.0906348366658496,80,0.32983298184125426,165,0.08634701102191933,73,0.32930049514702364,161,0.1050635196903218,94,0.330143964604991,166,0.09291196669343238,83,0.3295770834526075,166,0.0849894830142699,72,0.3296022061511118,162,0.08259608950675923,69,0.32936385438039495,164,0.08328000518270429,69,0.329540475754319,160,0.1250000000000001,173,0.1377251521502845,212,0.9997000299990002,206,0.0,212,0.10155701638136283,93,0.3302442117531272,166,0.09803382256913051,90,0.3297658875458069,166,0.09099955436667573,81,0.3296938285569651,166,0.08938988151437077,78,0.32970063852548614,165,0.08324567603399835,69,0.33004920303374097,161
(83, 89),0.20010583785106717,178,0.2546038243475493,200,0.19310907466241023,176,0.26486662790176646,197,0.19971734381542228,178,0.2609542845100871,198,0.21227805214868156,188,0.2487604679053111,200,0.21618016573933618,190,0.24626012105023118,205,0.2201187302231573,190,0.24436112314239172,200,0.19904827787457802,178,0.2574163568337318,197,0.19119147466494102,175,0.26769833703953244,196,0.19816270656607504,178,0.26224729853050344,198,0.20770152048661594,186,0.2536797202066404,200,0.21018377143224787,187,0.2539882284083612,200,0.2159134808704407,189,0.248694730345409,198,0.18711158186121368,174,0.2718084115652719,196,0.2004455134689871,178,0.25933828254641406,198,0.21487759738261492,189,0.24858503723341366,201,0.21866290126107557,190,0.24650736694894299,206,0.220336506144849,190,0.24542424499640622,201,0.1250000000000001,174,0.1377251521502845,213,0.9997000299990002,207,0.0,213,0.1898240622248033,175,0.2693158321429525,196,0.19711009997922835,178,0.26440609752795574,198,0.2076502112258798,186,0.25555616955567073,201,0.21109538055166677,187,0.25373275273641893,201,0.2153049644960524,189,0.2473484925348105,199
(83, 81),0.07152159848939865,59,0.3587614508602564,142,0.0751469051398157,60,0.36279205723264374,140,0.07171756422844333,58,0.3671367410977595,136,0.06567825173911845,49,0.36779786310901513,136,0.06391998196247584,47,0.36964697444437183,136,0.06219814593655726,46,0.3723848173491741,131,0.07205649467538833,58,0.36118627369337064,140,0.07617708760439279,62,0.36379807166607003,139,0.07250791722458394,58,0.36665407952482315,139,0.06780966687254031,51,0.36841313444961776,136,0.06664414658335083,50,0.3724711547619374,136,0.06403846578550709,48,0.3729175850116755,132,0.07842384384937495,65,0.36320103244775026,141,0.07135075792877132,58,0.3659310092661629,138,0.06450101387559681,47,0.37126429413190837,136,0.0628285399052797,47,0.37356766900982835,136,0.06210444826947836,46,0.37431627804553413,131,0.1250000000000001,175,0.1377251521502845,214,0.9997000299990002,208,0.0,214,0.0769216789733419,61,0.36393966207424294,139,0.07304869921471735,58,0.36810376835105135,137,0.06783399926159506,51,0.3710633162735252,136,0.06622176598313034,50,0.3734242536101487,136,0.0643097349147832,47,0.3700283871344351,132
(4, 11),0.9997000299990002,224,0.0,224,0.9997000299990002,224,0.0,224,0.9997000299990002,224,0.0,224,0.9997000299990002,224,0.0,224,0.9997000299990002,224,0.0,224,0.9997000299990002,224,0.0,224,0.9997000299990002,224,0.0,224,0.9997000299990002,224,0.0,224,0.9997000299990002,224,0.0,224,0.9997000299990002,224,0.0,224,0.9997000299990002,224,0.0,224,0.9997000299990002,224,0.0,224,0.9997000299990002,224,0.0,224,0.9997000299990002,224,0.0,224,0.9997000299990002,224,0.0,224,0.9997000299990002,224,0.0,224,0.9997000299990002,224,0.0,224,0.9997000299990002,224,0.0,224,0.9997000299990002,209,0.0,215,0.9997000299990002,224,0.0,224,0.9997000299990002,224,0.0,224,0.9997000299990002,224,0.0,224,0.9997000299990002,224,0.0,224,0.9997000299990002,224,0.0,224
(4, 60),1.000088900582341e-12,1,0.40213812271501626,120,1.000088900582341e-12,1,0.4021381227150163,123,1.000088900582341e-12,1,0.40213812271501626,122,1.000088900582341e-12,1,0.4021381227150164,122,1.000088900582341e-12,1,0.40213812271501637,122,1.000088900582341e-12,1,0.40213812271501626,117,1.000088900582341e-12,1,0.4021381227150162,118,1.000088900582341e-12,1,0.4021381227150164,119,1.000088900582341e-12,1,0.4021381227150162,119,1.000088900582341e-12,1,0.40213812271501637,121,1.000088900582341e-12,1,0.4021381227150163,123,1.000088900582341e-12,1,0.4021381227150164,119,1.000088900582341e-12,1,0.4021381227150162,123,1.000088900582341e-12,1,0.4021381227150162,122,1.000088900582341e-12,1,0.4021381227150163,122,1.000088900582341e-12,1,0.40213812271501626,122,1.000088900582341e-12,1,0.40213812271501626,119,1.000088900582341e-12,1,0.1377251521502845,215,1.000088900582341e-12,10,0.3232127745193822,48,1.000088900582341e-12,1,0.4021381227150161,122,1.000088900582341e-12,1,0.40213812271501614,122,1.000088900582341e-12,1,0.40213812271501614,123,1.000088900582341e-12,1,0.4021381227150164,123,1.000088900582341e-12,1,0.4021381227150163,119
(11, 59),0.10775321262555049,99,0.36254408626537565,138,0.10775321262555027,100,0.3625440862653758,141,0.10775321262555049,99,0.3625440862653756,142,0.10775321262555049,99,0.36254408626537576,141,0.10775321262555027,97,0.3625440862653758,140,0.10775321262555049,98,0.3625440862653758,136,0.10775321262555027,99,0.36254408626537576,137,0.10775321262555027,99,0.3625440862653758,141,0.10775321262555049,99,0.36254408626537565,141,0.10775321262555027,98,0.3625440862653758,141,0.10775321262555027,98,0.3625440862653757,141,0.10775321262555049,97,0.3625440862653757,138,0.10775321262555027,100,0.3625440862653757,142,0.10775321262555027,99,0.3625440862653757,141,0.10775321262555027,99,0.3625440862653757,141,0.10775321262555027,97,0.3625440862653758,140,0.10775321262555027,98,0.3625440862653759,137,0.014416061351650633,20,0.42816358922482867,5,0.9997000299990002,210,0.0,216,0.10775321262555049,98,0.36254408626537565,141,0.10775321262555027,99,0.3625440862653758,142,0.10775321262555027,98,0.3625440862653757,141,0.10775321262555027,98,0.362544086265376,141,0.10775321262555049,98,0.3625440862653759,136
(11, 4),0.1439953962545838,142,0.3291455835265994,164,0.1439953962545838,141,0.32914558352659945,167,0.1439953962545838,142,0.32914558352659934,167,0.1439953962545838,142,0.3291455835265995,164,0.1439953962545839,144,0.3291455835265994,165,0.1439953962545838,143,0.3291455835265995,160,0.1439953962545839,142,0.3291455835265993,166,0.1439953962545839,142,0.3291455835265994,166,0.1439953962545839,142,0.3291455835265993,167,0.1439953962545838,143,0.32914558352659945,167,0.1439953962545839,143,0.32914558352659923,167,0.1439953962545838,144,0.3291455835265994,162,0.1439953962545839,141,0.3291455835265993,167,0.1439953962545838,142,0.32914558352659934,167,0.1439953962545839,142,0.32914558352659923,163,0.1439953962545839,145,0.32914558352659934,165,0.1439953962545839,143,0.32914558352659934,161,0.4331477238634478,221,0.1377251521502845,216,1.000088900582341e-12,11,0.2405842946730813,61,0.1439953962545839,143,0.3291455835265993,167,0.1439953962545839,142,0.32914558352659923,167,0.1439953962545839,143,0.3291455835265993,167,0.1439953962545839,143,0.3291455835265995,166,0.1439953962545839,143,0.3291455835265995,162
(59, 35),0.1513221736140946,148,0.3177968997480141,174,0.1513221736140944,149,0.3177968997480143,176,0.1513221736140946,149,0.31779689974801406,175,0.15132217361409472,149,0.31779689974801417,175,0.1513221736140944,150,0.3177968997480142,175,0.1513221736140946,149,0.31779689974801417,170,0.1513221736140946,150,0.31779689974801406,175,0.1513221736140946,149,0.3177968997480142,175,0.1513221736140946,149,0.31779689974801406,175,0.1513221736140946,149,0.31779689974801417,174,0.1513221736140946,149,0.3177968997480141,174,0.1513221736140946,150,0.31779689974801406,171,0.1513221736140946,150,0.3177968997480141,176,0.1513221736140946,149,0.317796899748014,175,0.1513221736140946,150,0.317796899748014,175,0.15132217361409472,152,0.31779689974801395,175,0.1513221736140946,150,0.3177968997480141,169,0.019345498218935497,21,0.3753172824919083,6,0.9997000299990002,211,0.0,217,0.1513221736140946,149,0.31779689974801406,176,0.1513221736140944,149,0.31779689974801406,174,0.1513221736140946,149,0.31779689974801406,175,0.1513221736140944,150,0.3177968997480143,174,0.1513221736140944,149,0.3177968997480143,170
(59, 11),0.10192226425331197,95,0.36254408626537576,137,0.10192226425331219,94,0.36254408626537565,142,0.10192226425331219,94,0.36254408626537565,141,0.10192226425331197,94,0.362544086265376,140,0.10192226425331219,93,0.36254408626537576,141,0.10192226425331197,94,0.3625440862653758,137,0.10192226425331219,93,0.36254408626537565,138,0.10192226425331197,94,0.3625440862653759,140,0.10192226425331219,94,0.36254408626537565,142,0.10192226425331197,94,0.3625440862653759,140,0.10192226425331197,94,0.3625440862653757,142,0.10192226425331197,93,0.36254408626537576,137,0.10192226425331219,93,0.36254408626537565,143,0.10192226425331197,94,0.36254408626537565,142,0.10192226425331197,93,0.3625440862653756,142,0.10192226425331197,92,0.3625440862653757,141,0.10192226425331197,93,0.36254408626537576,138,0.3915036594292789,220,0.1377251521502845,217,1.000088900582341e-12,12,0.2783918232387616,52,0.10192226425331197,94,0.3625440862653757,140,0.10192226425331219,94,0.36254408626537554,143,0.10192226425331197,94,0.3625440862653757,142,0.10192226425331219,93,0.3625440862653758,142,0.10192226425331219,94,0.36254408626537576,137
(70, 81),0.20274796954119378,181,0.2505953139878985,201,0.2075671065645115,184,0.24906448146556903,201,0.20380808738283618,182,0.254088327545335,201,0.20941278465028823,185,0.2472534025088738,203,0.20840942007015517,186,0.2480946889565666,202,0.21003319088002947,184,0.24791609700628023,197,0.20534101063927246,182,0.24879549646999966,201,0.2018464097696716,180,0.25387472258843763,201,0.20100360112253024,179,0.25605569251885046,201,0.20551925851609232,183,0.2511234244891371,201,0.205286833407188,184,0.2527749291507114,201,0.21086211076575956,186,0.24795571338206643,199,0.19984659811134908,178,0.25807872100902,199,0.20503643576565556,182,0.2523952477428899,201,0.21012268109163035,185,0.24734718111330872,202,0.20882097387031107,185,0.24755952309342752,204,0.20896830589106852,185,0.2493325593873513,198,0.1250000000000001,176,0.1377251521502845,218,0.9997000299990002,212,0.0,218,0.20294641147703207,182,0.25323143839653844,202,0.20128324046839996,179,0.2569894187049503,201,0.2056574601747415,184,0.2522877340349194,203,0.206443608265223,183,0.25112268013760947,202,0.20989836073402546,184,0.24675973133578416,200
(70, 35),0.07020489890407111,55,0.35686392192927,145,0.0678734308397525,52,0.36151920604883436,144,0.06968434843503912,54,0.36336807757259704,140,0.06700373033108908,52,0.3615017022515394,143,0.06747496027453503,51,0.36130644046073684,143,0.0667142060191559,52,0.36335231285232095,135,0.06893934809542546,54,0.3579689482598559,142,0.07065106618236783,56,0.3602358229267811,143,0.07107107477778896,57,0.36210797271495804,144,0.068853305739206,54,0.3615733956135242,143,0.06896552415609658,53,0.3636165836754865,140,0.06632956183513172,51,0.36458986637449414,136,0.07165229737192558,58,0.3632796561653197,140,0.0690866513364804,54,0.362710510396646,140,0.06667255965740937,51,0.362645450624839,140,0.06728122514589341,52,0.36111016412691005,143,0.067212021985948,51,0.3639067814304268,136,0.1250000000000001,177,0.1377251521502845,219,0.9997000299990002,213,0.0,219,0.07010712325764656,54,0.3609031714076071,143,0.07093140418673483,57,0.36383537977901326,141,0.06878667765760027,53,0.3634484721129988,140,0.06840905160521493,54,0.36289576078974856,140,0.06677700748464455,53,0.36146672148181846,139
(60, 4),9.999999999998899e-05,13,0.5218274258155978,61,9.999999999998899e-05,13,0.5218274258155978,61,9.999999999998899e-05,13,0.5218274258155976,61,9.999999999998899e-05,13,0.5218274258155979,61,9.999999999998899e-05,13,0.521827425815598,62,9.999999999998899e-05,13,0.5218274258155978,57,9.999999999998899e-05,13,0.5218274258155976,61,9.999999999998899e-05,13,0.5218274258155982,61,9.999999999998899e-05,13,0.5218274258155976,61,9.999999999998899e-05,13,0.5218274258155978,61,9.999999999998899e-05,13,0.5218274258155978,62,9.999999999998899e-05,13,0.5218274258155978,58,9.999999999998899e-05,13,0.5218274258155978,61,9.999999999998899e-05,13,0.5218274258155978,61,9.999999999998899e-05,13,0.5218274258155978,63,9.999999999998899e-05,13,0.5218274258155977,63,9.999999999998899e-05,13,0.521827425815598,58,9.999999999998899e-05,13,0.6162767841415416,3,0.9999,222,0.0,220,9.999999999998899e-05,13,0.5218274258155976,62,9.999999999998899e-05,13,0.5218274258155977,61,9.999999999998899e-05,13,0.5218274258155978,62,9.999999999998899e-05,13,0.5218274258155979,63,9.999999999998899e-05,13,0.5218274258155979,59
(72, 28),9.999999999998899e-05,14,0.759263311706799,22,9.999999999998899e-05,14,0.759263311706799,22,9.999999999998899e-05,14,0.7592633117067987,21,9.999999999998899e-05,14,0.7592633117067993,21,9.999999999998899e-05,14,0.7592633117067992,22,9.999999999998899e-05,14,0.11661766833672946,220,9.999999999998899e-05,14,0.7592633117067988,22,9.999999999998899e-05,14,0.7592633117067994,22,9.999999999998899e-05,14,0.7592633117067988,22,9.999999999998899e-05,14,0.7592633117067992,21,9.999999999998899e-05,14,0.759263311706799,21,9.999999999998899e-05,14,0.11661766833672949,220,9.999999999998899e-05,14,0.759263311706799,21,9.999999999998899e-05,14,0.759263311706799,21,9.999999999998899e-05,14,0.759263311706799,21,9.999999999998899e-05,14,0.759263311706799,21,9.999999999998899e-05,14,0.11661766833672947,220,9.999999999998899e-05,14,0.1377251521502845,220,0.9999,223,0.0,221,9.999999999998899e-05,14,0.7592633117067988,21,9.999999999998899e-05,14,0.759263311706799,21,9.999999999998899e-05,14,0.759263311706799,21,9.999999999998899e-05,14,0.7592633117067992,22,9.999999999998899e-05,14,0.11661766833672946,220
(28, 72),0.11314099232423058,112,0.7592633117067991,21,0.11314099232423058,112,0.7592633117067991,21,0.1131409923242308,112,0.7592633117067987,22,0.1131409923242308,112,0.7592633117067991,22,0.1131409923242308,112,0.7592633117067993,21,0.1250000000000001,121,0.11661766833672946,221,0.1131409923242308,112,0.759263311706799,21,0.11314099232423058,112,0.7592633117067995,21,0.1131409923242308,112,0.759263311706799,21,0.1131409923242308,112,0.7592633117067991,22,0.1131409923242308,112,0.759263311706799,22,0.1250000000000001,120,0.11661766833672949,221,0.1131409923242308,112,0.759263311706799,22,0.1131409923242308,112,0.759263311706799,22,0.1131409923242308,112,0.759263311706799,22,0.1131409923242308,111,0.759263311706799,22,0.1250000000000001,121,0.11661766833672947,221,0.1250000000000001,178,0.1377251521502845,221,0.9997000299990002,214,0.0,222,0.1131409923242308,112,0.7592633117067988,22,0.1131409923242308,112,0.7592633117067988,22,0.1131409923242308,111,0.759263311706799,22,0.1131409923242308,113,0.7592633117067993,21,0.1250000000000001,120,0.11661766833672946,221
(28, 94),0.1376600138060926,130,0.7112077379487095,27,0.1376600138060926,130,0.7112077379487095,27,0.1376600138060926,130,0.7112077379487096,26,0.1376600138060926,130,0.7112077379487097,27,0.1376600138060926,130,0.71120773794871,26,0.1250000000000001,122,0.11661766833672946,222,0.1376600138060926,130,0.7112077379487095,27,0.1376600138060926,130,0.71120773794871,26,0.1376600138060926,130,0.7112077379487095,26,0.1376600138060926,130,0.7112077379487098,26,0.1376600138060926,130,0.7112077379487097,26,0.1250000000000001,121,0.11661766833672949,222,0.1376600138060926,130,0.7112077379487095,27,0.1376600138060926,130,0.7112077379487096,26,0.1376600138060926,130,0.7112077379487095,26,0.1376600138060926,131,0.7112077379487096,27,0.1250000000000001,122,0.11661766833672947,222,0.1250000000000001,179,0.1377251521502845,222,0.9997000299990002,215,0.0,223,0.1376600138060926,129,0.7112077379487096,26,0.1376600138060926,130,0.7112077379487095,26,0.1376600138060926,131,0.7112077379487096,26,0.1376600138060926,129,0.71120773794871,26,0.1250000000000001,121,0.11661766833672946,222
(94, 28),9.999999999998899e-05,15,0.7112077379487096,26,9.999999999998899e-05,15,0.7112077379487096,26,9.999999999998899e-05,15,0.7112077379487095,27,9.999999999998899e-05,15,0.71120773794871,26,9.999999999998899e-05,15,0.7112077379487097,27,9.999999999998899e-05,15,0.11661766833672946,223,9.999999999998899e-05,15,0.7112077379487096,26,9.999999999998899e-05,15,0.71120773794871,27,9.999999999998899e-05,15,0.7112077379487095,27,9.999999999998899e-05,15,0.7112077379487098,27,9.999999999998899e-05,15,0.7112077379487095,27,9.999999999998899e-05,15,0.11661766833672949,223,9.999999999998899e-05,15,0.7112077379487096,26,9.999999999998899e-05,15,0.7112077379487095,27,9.999999999998899e-05,15,0.7112077379487095,27,9.999999999998899e-05,15,0.7112077379487097,26,9.999999999998899e-05,15,0.11661766833672947,223,9.999999999998899e-05,15,0.1377251521502845,223,0.9999,224,0.0,224,9.999999999998899e-05,15,0.7112077379487095,27,9.999999999998899e-05,15,0.7112077379487094,27,9.999999999998899e-05,15,0.7112077379487096,27,9.999999999998899e-05,15,0.7112077379487098,27,9.999999999998899e-05,15,0.11661766833672946,223
(18, 25),0,225,0,225,0,225,0,225,0,225,0,225,0,225,0,225,0,225,0,225,0,225,0,225,0,225,0,225,0,225,0,225,0,225,0,225,0,225,0,225,0,225,0,225,0,225,0,225,0,225,0,225,0,225,0,225,0,225,0,225,0,225,0,225,0,225,0,225,0,225,0,225,0,225,0,225,0,225,0,225,0,225,0,225,0,225,0,225,0,225,0,225,0,225,0,225
(24, 18),0,226,0,226,0,226,0,226,0,226,0,226,0,226,0,226,0,226,0,226,0,226,0,226,0,226,0,226,0,226,0,226,0,226,0,226,0,226,0,226,0,226,0,226,0,226,0,226,0,226,0,226,0,226,0,226,0,226,0,226,0,226,0,226,0,226,0,226,0,226,0,226,0,226,0,226,0,226,0,226,0,226,0,226,0,226,0,226,0,226,0,226,0,226,0,226
