,fri,fri,fri,fri,fri,fri,fri,fri,fri,fri,fri,fri,fri,fri,fri,fri,fri,fri,fri,fri,fri,fri,fri,fri,sat,sat,sat,sat,sat,sat,sat,sat,sat,sat,sat,sat,sat,sat,sat,sat,sat,sat,sat,sat,sat,sat,sat,sat,mtt,mtt,mtt,mtt,mtt,mtt,mtt,mtt,mtt,mtt,mtt,mtt,mtt,mtt,mtt,mtt,mtt,mtt,mtt,mtt,mtt,mtt,mtt,mtt,sun,sun,sun,sun,sun,sun,sun,sun,sun,sun,sun,sun,sun,sun,sun,sun,sun,sun,sun,sun,sun,sun,sun,sun
,Morning,Morning,Morning,Morning,AM Peak,AM Peak,AM Peak,AM Peak,Midday,Midday,Midday,Midday,PM Peak,PM Peak,PM Peak,PM Peak,Evening,Evening,Evening,Evening,Late,Late,Late,Late,Morning,Morning,Morning,Morning,AM Peak,AM Peak,AM Peak,AM Peak,Midday,Midday,Midday,Midday,PM Peak,PM Peak,PM Peak,PM Peak,Evening,Evening,Evening,Evening,Late,Late,Late,Late,Morning,Morning,Morning,Morning,AM Peak,AM Peak,AM Peak,AM Peak,Midday,Midday,Midday,Midday,PM Peak,PM Peak,PM Peak,PM Peak,Evening,Evening,Evening,Evening,Late,Late,Late,Late,Morning,Morning,Morning,Morning,AM Peak,AM Peak,AM Peak,AM Peak,Midday,Midday,Midday,Midday,PM Peak,PM Peak,PM Peak,PM Peak,Evening,Evening,Evening,Evening,Late,Late,Late,Late
,alpha,alpha_rnk,traffic_distances,traffic_distances_rnk,alpha,alpha_rnk,traffic_distances,traffic_distances_rnk,alpha,alpha_rnk,traffic_distances,traffic_distances_rnk,alpha,alpha_rnk,traffic_distances,traffic_distances_rnk,alpha,alpha_rnk,traffic_distances,traffic_distances_rnk,alpha,alpha_rnk,traffic_distances,traffic_distances_rnk,alpha,alpha_rnk,traffic_distances,traffic_distances_rnk,alpha,alpha_rnk,traffic_distances,traffic_distances_rnk,alpha,alpha_rnk,traffic_distances,traffic_distances_rnk,alpha,alpha_rnk,traffic_distances,traffic_distances_rnk,alpha,alpha_rnk,traffic_distances,traffic_distances_rnk,alpha,alpha_rnk,traffic_distances,traffic_distances_rnk,alpha,alpha_rnk,traffic_distances,traffic_distances_rnk,alpha,alpha_rnk,traffic_distances,traffic_distances_rnk,alpha,alpha_rnk,traffic_distances,traffic_distances_rnk,alpha,alpha_rnk,traffic_distances,traffic_distances_rnk,alpha,alpha_rnk,traffic_distances,traffic_distances_rnk,alpha,alpha_rnk,traffic_distances,traffic_distances_rnk,alpha,alpha_rnk,traffic_distances,traffic_distances_rnk,alpha,alpha_rnk,traffic_distances,traffic_distances_rnk,alpha,alpha_rnk,traffic_distances,traffic_distances_rnk,alpha,alpha_rnk,traffic_distances,traffic_distances_rnk,alpha,alpha_rnk,traffic_distances,traffic_distances_rnk,alpha,alpha_rnk,traffic_distances,traffic_distances_rnk
"(0, 105)",0.0031716930576606295,38,0.3258353568128586,29,0.03943353709930775,78,0.3272410791993038,35,0.021048459315714974,33,0.38444203240675395,39,0.00467224605249883,20,0.5691029154126049,11,0.014020366299522191,33,0.2710666703907494,46,0.023733618624008024,55,0.11791166421115325,77,0.004229169811797995,33,0.37030706836616456,32,0.03569121499707939,64,0.38009951359451694,29,0.025027133613878316,37,0.39540162397667455,37,0.007117034651545673,19,0.586495009590689,19,0.010547943457278941,23,0.361074481898049,38,0.020493032723774007,42,0.15289355792663098,78,0.0029263299071833337,37,0.3349567961643794,27,0.03943497328012946,77,0.3421319642748648,34,0.022676511527836785,34,0.3940594059405941,39,0.00400332476313725,21,0.5482923628448884,11,0.012543196679924762,43,0.2514700808905867,41,0.03153587651188572,71,0.12361071595737846,80,0.9997000299990002,123,0.0,89,0.008644709848918075,31,0.12091845044705238,95,0.029316461575697228,42,0.3439348812953777,42,0.009315095410791563,23,0.41849284245424356,24,0.019958619471069916,34,0.26618702091697466,43,0.03530160581371666,56,0.16647971265735295,75
"(0, 74)",0.62081320546881,195,0.056118787201581546,177,0.2870086935448549,159,0.16885919336357563,96,0.3793391659950561,203,0.14663188140562308,149,0.5776421953020214,216,0.11423865354955601,165,0.43701904834639416,203,0.08613158759794515,152,0.36188976778054993,179,0.047550233534998904,149,0.58907999368695,202,0.07143684820393975,185,0.30177961971258027,175,0.1865754319185808,115,0.3541322527479829,200,0.16347587053556537,131,0.526822398888902,216,0.1396826944959199,170,0.47581481427639294,213,0.10143163077753234,177,0.3832042651769165,193,0.057603360482954655,161,0.6293465679045491,196,0.05590705295978515,177,0.2870032998379639,160,0.1765462664803451,93,0.3685291380598956,203,0.15557142729602086,147,0.5952815994571286,216,0.10349316091586112,167,0.45237204081846527,192,0.07611270331059712,148,0.32010076711024316,165,0.05709028166558063,140,0.9997000299990002,124,0.0,90,0.502015580055282,206,0.031225086367260162,196,0.33087823249002024,195,0.15332889577735778,134,0.49227532606779845,214,0.11151872126870561,164,0.38701499385405913,203,0.09908040614372185,155,0.30340546874698404,176,0.08127400659437778,150
"(105, 85)",0.020750396187900866,66,0.3767969572598148,25,0.013962095579103218,45,0.5981556817376501,6,0.01690275282455167,28,0.6455537654558346,4,0.057677321618675115,73,0.43086713684620337,24,0.04524719204227268,67,0.3105133003465545,31,0.07003799511768372,94,0.13416507319519763,69,0.02900812392423946,66,0.5667004634994207,9,0.00903243394411024,32,0.8799139372054149,2,0.01286357004841665,27,0.7027602265827768,3,0.03414714823274545,42,0.6321347681437413,14,0.03776961414784852,45,0.45262465642547595,24,0.09344668509288578,105,0.1551239331116986,76,0.025884379789729017,68,0.34673069482691915,24,0.012449562725942553,44,0.636688134151528,4,0.015598428241095252,29,0.6918283352230625,4,0.06665499394827645,80,0.38644826408894006,33,0.0667958634021375,88,0.23627490849939004,47,0.06621733063608681,95,0.15614588973834195,60,0.9991003599160128,89,0.0,91,0.038279260263916814,65,0.19666446640892218,37,0.014801060928756327,27,0.6111810215124293,5,0.04064676126649558,54,0.4433804806635185,22,0.04739140249937468,57,0.3328545060917466,26,0.06828399435717059,86,0.20418776980862705,45
"(105, 55)",0.09460313943597543,105,0.24823688677826247,46,0.11164574947378225,113,0.342241990927311,33,0.076671440115605,90,0.4396603894196995,27,0.022418066873818754,44,0.5460102121797463,13,0.04835115693528791,69,0.3049164337324547,35,0.0702711732726512,95,0.13402087708849253,70,0.18063730903221098,136,0.30173812282734647,53,0.11755918522049624,119,0.4573830101327499,16,0.10248767427380656,112,0.40977455147152037,35,0.03222736767857559,41,0.6410318931044572,11,0.031444715624448394,38,0.4734026946360218,21,0.06201120617674427,83,0.1780550975358754,62,0.11326576028923396,114,0.22333993339250627,50,0.11839328822648354,117,0.3483884197095814,33,0.08084832196167113,92,0.4556848110419699,26,0.017359875859911833,40,0.5392793888568806,12,0.03861063238704987,66,0.2760726145757244,33,0.06944228807635722,97,0.1537963821253866,62,0.9991003599160128,90,0.0,92,0.2385961125845486,159,0.09519257970219369,114,0.10821138254541285,115,0.3579212803482672,39,0.0379949100422976,46,0.4511276053979231,21,0.07096402386215395,80,0.2949862286011287,33,0.12760024530371028,115,0.16191350261169085,78
"(105, 54)",0.1497239595883324,123,0.20486494617186327,60,0.5438701892650647,201,0.10357867177552858,149,0.41496984840296336,206,0.16488765366599986,135,0.5901915008569774,217,0.09025650240330622,183,0.5999785710192188,213,0.05887345065626214,184,0.5808132763169169,206,0.03072944421804959,181,0.06579625560920976,90,0.45467844727694096,19,0.3978323617349975,195,0.2103208378564671,97,0.43141110418785145,203,0.1634198253257628,132,0.4762833950064759,210,0.1598393965993693,152,0.48073412257584436,214,0.11594017166079287,159,0.5008817789647242,208,0.04953881350161253,173,0.15093505323327094,129,0.19689797218871619,65,0.5559036581248675,202,0.1042446381918707,155,0.42028232342546323,206,0.17161478095510183,139,0.6118990821244323,217,0.07898822098457205,187,0.6618936109010295,215,0.040774868988858036,189,0.6804987547121806,212,0.025105773731403557,189,7.177256738044591e-06,13,0.0812480202724105,51,0.04713003914969116,74,0.18614180518289286,42,0.40511920693852366,205,0.1561744380580348,132,0.49414054644135597,215,0.11155289976018093,163,0.48846009034442384,213,0.08863215017986716,170,0.5482852584311635,206,0.05114608472982313,181
"(105, 36)",0.39724767221227075,173,0.10499602466854331,128,0.676022726362998,211,0.0673882456362468,184,0.5436487570346787,213,0.11595627830155773,177,0.4043961546541335,196,0.15178713145560993,137,0.3518632628553766,184,0.11690683419309511,128,0.2708078800171899,164,0.07086925174759412,118,0.5035985156837086,188,0.12788238702201624,142,0.6776781919866153,214,0.0914152083339147,183,0.585085135499982,216,0.10594679708298028,179,0.4954164954713429,215,0.15167918332845673,160,0.4030625345817517,208,0.14245485051346474,137,0.2438085914167788,163,0.0972374718333837,108,0.30041234797886207,157,0.12996426864516716,106,0.6726939996940979,211,0.07113129594750593,183,0.5514329638938762,215,0.11961181690756993,178,0.4085013175840302,196,0.14081204788425836,135,0.3210610364879456,173,0.10790229912749183,122,0.26786141735304037,157,0.08164538955019777,117,0.0601996719044513,44,0.029775102945834648,78,0.3645619744574251,188,0.06859232081472401,151,0.5549181923197105,216,0.10356186746607457,178,0.41716634153189547,207,0.13707284006174913,142,0.3139820564964956,193,0.139883035191756,116,0.19208633672754338,142,0.13262404115254312,96
"(105, 0)",0.2799065338770801,154,0.14208049508992845,97,0.04144090122000077,80,0.47161579702147616,12,0.09666125989764884,106,0.4049432711449446,33,0.09352490314153716,98,0.3671293592680772,43,0.067840325350773,84,0.2756967078392657,42,0.043005184403768104,72,0.154756904172283,57,0.19243945582744704,141,0.2915701042873697,56,0.0832021380387521,100,0.521558953293353,11,0.07888155671693675,94,0.4505621201102223,26,0.11232230037745938,111,0.43575863974771617,42,0.13190335485244686,126,0.2989696979916699,54,0.04970768201799891,72,0.1899950648645133,57,0.266131234984069,149,0.14212127419073411,98,0.04197426196937004,81,0.4900996415335075,13,0.09491735875553875,104,0.4302654250997688,32,0.09546881371972349,99,0.34162078825512665,43,0.05639241555313601,83,0.248827693606425,43,0.037787226830140797,80,0.1829449609486137,45,0.9991003599160128,91,0.0,93,0.22003009403646367,152,0.10013458719449993,111,0.07653982965251738,92,0.40612220770029334,30,0.09741615061450415,96,0.33758096030168216,40,0.06603336530675985,76,0.30186578922597784,30,0.0375571671020124,60,0.24195247968999622,31
"(74, 0)",0.04014330659175114,83,0.08838988331864968,143,0.16987743092871066,135,0.09638915895679206,156,0.10375940029385344,115,0.1248099709095275,172,0.024735739867660644,45,0.2095114026024587,99,0.06440240016097332,81,0.09078740715754373,150,0.08293104014820796,103,0.04321494623992979,155,0.07750660815451149,100,0.07954808806488993,181,0.184573908195385,141,0.10744175273411229,172,0.1329236673004266,129,0.12882658678000256,163,0.038587596143085934,45,0.2090228334254473,119,0.045483751269397854,54,0.1291502959378109,148,0.07564191952993227,93,0.0533147660018899,169,0.0367771813570793,81,0.09395980791551925,137,0.16856406385365452,135,0.10257381979464122,157,0.10879469967012623,114,0.12635056111562465,174,0.020044833732565603,44,0.20583936154322174,95,0.05442754428112684,82,0.08605008393578865,140,0.09123761994073853,109,0.046292642186510524,155,0.9997000299990002,125,0.0,94,0.0896723923858338,106,0.035309850582496805,194,0.1549391336173256,141,0.1100643445616456,174,0.038023718844536813,47,0.15334180200399888,129,0.06425176612528649,73,0.09648164290946892,161,0.08435074080362259,95,0.0622273587364175,172
"(74, 34)",0.28436702259464464,155,0.04602359412940241,194,0.08881643434480857,103,0.11964897277317402,133,0.1489579055822201,133,0.11063789743864312,180,0.3558463773980236,193,0.08614467753769671,185,0.21509774978799046,160,0.060736208181952946,182,0.17932387085525914,138,0.03341901507789724,177,0.1887605857100081,140,0.05912514484356895,189,0.07986023919804808,99,0.14205384226844112,144,0.11739765051582474,120,0.13427231299915265,158,0.29022066087811493,193,0.10668422250398257,187,0.2658981338457391,185,0.07169283172858035,195,0.1921838806035001,147,0.03907173544613242,187,0.29733938107575564,156,0.04681490247843601,191,0.0896737471254534,103,0.12659107479190715,130,0.14273954385363075,131,0.11541572552205627,180,0.38639395242363483,192,0.07676898619379895,189,0.23951634186003468,154,0.05251046065425587,180,0.16620689118441212,130,0.03790416578713094,167,0.9997000299990002,126,0.0,95,0.1685661272987048,135,0.028610494372197887,199,0.09918969868918603,104,0.1277060588834526,160,0.2924012999862343,193,0.07768771112339005,192,0.21543476117157145,167,0.06446160583105175,188,0.17697365086942374,138,0.04860804242156429,185
"(1, 67)",0.03424720142491222,78,0.11127489954229969,123,0.350661869670968,176,0.06182312158151764,189,0.31089472922998995,193,0.07765517487543665,196,0.2541911076461367,176,0.0803198418759265,191,0.41838277102560384,199,0.044562230496370085,194,0.5989234017754969,210,0.01978307890034795,193,0.034334710520828704,70,0.10585168018539977,159,0.3621737648388431,188,0.07041019358547537,199,0.3470032949094336,199,0.0700605154824892,201,0.2706697678037141,189,0.08799592531183285,198,0.34343581488527497,200,0.06173380773316696,199,0.600858708301406,214,0.021125440432149537,206,0.035606744279085945,80,0.10401920844807575,129,0.37425059237607994,178,0.0621103955282824,193,0.3065750543498339,192,0.08322545509735826,193,0.24160140973375355,167,0.07958303992488744,186,0.44616761207674027,190,0.037471403047900254,191,0.6341947580398322,209,0.020227792105287308,192,0.005907278021909046,28,0.06477668672790624,53,0.19087613643130374,143,0.07637180355413063,142,0.32093664229352115,192,0.0669957584090876,202,0.3039028703168327,195,0.06555434664965337,197,0.4141143227857804,208,0.04785407637499131,199,0.6455736638249928,210,0.02654746932254665,201
"(1, 62)",0.30789635464860754,159,0.05351440789049574,184,0.025627021308642695,61,0.14787033874079614,112,0.03356060224070467,46,0.1630916049731242,138,0.04924468336076093,63,0.13881077519728074,147,0.016017339864134783,37,0.13221925966668024,113,0.0038752272008704125,25,0.10616595091062976,88,0.30751847032589075,166,0.05097045191193511,194,0.023687475141055292,48,0.17475714608629161,123,0.02627414659490457,38,0.16560558850806317,130,0.044037687637180745,50,0.16118859520790665,150,0.026920065260357617,36,0.14424902618754534,133,0.003808486652628673,21,0.11415083151294421,96,0.30213061649260897,158,0.050998733092089785,183,0.021800857149345765,58,0.16022388966522874,108,0.03455414873000029,48,0.1722932978599934,137,0.053657009132794586,69,0.1314149755670785,147,0.01312290975196595,45,0.1213917729435732,110,0.002793669323060577,27,0.12339503850072045,81,0.5498138850948241,79,0.01429363319607222,85,0.07634805398864009,95,0.10365357084687064,106,0.031358065813536506,45,0.14545790233166034,140,0.03518325677881351,43,0.13450375678585466,144,0.016508798484145437,29,0.14008356967754876,115,0.0025005959817590018,19,0.1690404160576498,72
"(67, 90)",0.0024628415419796212,33,0.2097771665556439,59,0.03532446781441778,73,0.11604187419427531,136,0.03258470696847782,45,0.14349406914544102,152,0.03478254059086683,52,0.14050581734872647,145,0.08097326040934194,93,0.07981926740131359,161,0.15709461655520918,134,0.036613272311212815,167,0.0032880748199273224,32,0.2164252607184241,80,0.0445911993553616,70,0.13327175359920523,156,0.03536433921115112,54,0.13616050280559652,157,0.027608976429286725,36,0.16499777842799399,146,0.04456130746923925,52,0.11567374331821326,161,0.1521241158857103,132,0.041546954562322345,185,0.0029134261034116093,36,0.19648452020604323,66,0.041869006432316946,80,0.11606264050063796,143,0.03246102879062951,46,0.15352694872733444,152,0.03379920453136931,57,0.13858481104496082,138,0.09516092233369267,109,0.06738569410367949,158,0.19148995703597715,139,0.03818408759258069,166,4.177452937370596e-05,15,0.15311213177066835,33,0.009229969764913304,33,0.15622401481316384,59,0.034892910894952944,48,0.12602820925181835,162,0.0480502376802211,59,0.11949939902819157,157,0.09392296439579584,96,0.08761310758879791,172,0.2718332555602949,165,0.045594117180506925,190
"(67, 1)",0.6471134005383838,200,0.03275243354749984,199,0.3033095741716466,163,0.05666887233180211,194,0.3152619598393738,194,0.06734128007813704,201,0.30559941486960795,185,0.0680921791473878,198,0.1826440000832643,147,0.060862970228107216,181,0.0976045000547261,109,0.04290774583868844,156,0.6169448816188232,204,0.037804171494785634,203,0.26882445490500206,168,0.07322593157952018,196,0.30314248100778407,186,0.06653100167468425,203,0.339719594615592,201,0.0714695969743273,204,0.2689235039135818,186,0.06353472842857866,197,0.10130838750118443,112,0.04757623636621001,175,0.6298105575426715,197,0.0327385693802772,200,0.27813701279569025,157,0.061740537092168424,194,0.3158245688599517,193,0.07191564963529717,200,0.3098459558860194,181,0.06621695153959413,196,0.16050336971508017,130,0.05660991926360079,173,0.07601566796557613,100,0.0519553226442974,149,0.899476210101269,87,0.005503642698764649,88,0.4934787596949469,204,0.04146914352824188,187,0.3051302071064521,189,0.06117187107766209,207,0.25780486316824147,181,0.06826014389144912,195,0.1622715931223645,146,0.0730150155311913,183,0.043692338529214725,67,0.08385737108671266,147
"(62, 1)",0.01215567791162575,56,0.2225970732965168,55,0.2194754666839298,144,0.12997976680466009,125,0.16537811890609921,145,0.1835879763706837,123,0.08818425814886988,94,0.20645972777503255,101,0.1620090787633418,139,0.1176158422478563,125,0.30336650264139875,168,0.053365098272781415,141,0.011113865641680487,45,0.23395133256083434,72,0.21740183447222283,153,0.16493694588704116,131,0.19082678423469634,152,0.16231359963704056,134,0.11334165728136447,114,0.20796081363720104,121,0.15139296307080152,140,0.15013068478829067,131,0.3489323102237666,183,0.05201020693137866,170,0.013255163961739758,56,0.2029707852553161,60,0.2426357858733914,150,0.12986511938756912,127,0.1674285446864039,145,0.19366836593488027,118,0.08113443973220713,88,0.20386285555768943,97,0.18363202882994,140,0.09739249762454973,129,0.3323699638619133,169,0.05438284125221414,145,0.0003288634833598092,22,0.15006335128286347,36,0.10612694486113128,114,0.15548249937849865,60,0.19006451908226374,151,0.14117096413191527,142,0.1531690163520043,143,0.150094845313844,132,0.23125882708317502,171,0.11029396718601008,147,0.460304465838449,198,0.05861291455635246,176
"(62, 98)",0.456659948428753,180,0.06646324430023423,163,0.06247582167093202,93,0.19759096776145693,76,0.0917953078083319,99,0.2233898431580604,90,0.17085571454382686,143,0.16561100878966203,125,0.09410550300407117,100,0.14096369234206843,104,0.03531089386030106,67,0.10929751418450832,86,0.4688027151724694,187,0.06720741599073002,186,0.06338031632013585,88,0.24874491757896763,77,0.07637485136540878,91,0.2202510024753301,84,0.13743157679848872,129,0.1950215113191803,131,0.10186788900121402,103,0.17132691432136654,115,0.025931039881175066,52,0.12370739619956311,88,0.44478568251598405,180,0.06292815039031385,169,0.0532790988795383,86,0.2152576098183365,72,0.09042302827169946,99,0.23781660402289106,86,0.18236710771589348,148,0.15562917440198024,122,0.08040118493141002,98,0.12825889613355718,102,0.02902142757936721,67,0.12258280637671051,83,0.806889980662383,86,0.01112606905289832,87,0.14598757164596843,126,0.13980351984089567,74,0.07679013494251186,93,0.1909606660868692,101,0.10051543916643146,101,0.17272100667050225,112,0.05759817594934957,68,0.1752998809070707,84,0.011834498628162216,33,0.1985904800752348,49
"(2, 104)",0.5767179130370415,190,0.13424586887852677,104,0.4468341974845683,191,0.14466694854589338,115,0.2351776620348064,173,0.28605523133658795,65,0.06079650842091899,76,0.4238024646991001,28,0.022792226655420134,50,0.36156188028936115,23,0.008192035032769218,36,0.23582959781825022,26,0.5255855982931529,195,0.1591685979142526,109,0.3756151650271583,191,0.20293964162827235,101,0.295175907551513,183,0.20847083313873194,96,0.10288168130444875,104,0.3697346034223046,48,0.07446493179623048,80,0.3190968416437617,48,0.016438523435479357,38,0.237433576519467,43,0.5900816600396577,191,0.12949391960065848,108,0.44217515658124595,190,0.15190473297284163,114,0.24370917386554958,175,0.3143015293413922,63,0.054366876941673414,71,0.4099609500032008,24,0.015674267687068033,51,0.3454434719928149,18,0.007506130077324258,39,0.29254123110527813,17,0.9997000299990002,127,0.0,96,0.3956489147687322,194,0.12092273666343772,94,0.29984214317082625,185,0.18769566139828361,104,0.10772468489183273,110,0.2664384302958149,59,0.05101662432332654,61,0.29003834710473225,35,0.02176069788207524,43,0.30356798894138703,21
"(2, 89)",0.004709608471404558,44,0.6666437458366462,5,0.013059528539583143,43,0.46965140139363,14,0.05606928261672617,69,0.4613249225687228,22,0.22341484169612347,164,0.2746327658236377,68,0.3677884669028362,187,0.1430799739600678,100,0.5089577472983877,197,0.05954358797529857,132,0.007187475364713203,39,0.6655996523754345,4,0.02159669137849307,45,0.525797908707579,10,0.03731819648202639,57,0.41536706276396296,33,0.1500808623326555,141,0.3260075641817571,62,0.19439527494984943,163,0.23174544289496316,75,0.41471766781022656,197,0.08095535041374799,129,0.004192022982187904,43,0.6736156944855368,4,0.013508178489134215,45,0.48592639285497297,14,0.05288994171885797,68,0.5230133292860396,14,0.2396793562043642,165,0.25002133879606514,71,0.4214322110478954,182,0.11530907836383997,117,0.5201128178516015,194,0.07122403839976506,129,0.9997000299990002,128,0.0,97,0.018794582461445497,44,0.33388768398583835,11,0.03616108596213885,53,0.37990175834106665,32,0.14403001298035445,135,0.24185270209457188,68,0.24899676808791638,176,0.17098634319226347,91,0.37451806665619425,186,0.1175770760392943,109
"(104, 82)",0.589035240470899,191,0.11737757053527302,117,0.4644497897038897,192,0.11423115848380827,140,0.252414253602661,176,0.22773962323538624,83,0.07041228539410871,82,0.3426530703921657,47,0.02272958404440839,49,0.29241425836683216,37,0.006551060868054237,31,0.188871822199931,50,0.5147370491280598,191,0.13825318655851682,130,0.3952215630720519,194,0.16275188855370412,133,0.31903457829728654,193,0.1659071651131913,129,0.10819510269503585,109,0.3073409408628369,67,0.07886182309735701,83,0.2549314537207224,69,0.015888010590977775,37,0.1950449709439116,55,0.6054200278508348,194,0.11217824711531897,124,0.4626748209804491,192,0.11871468497478584,135,0.2597906173783835,179,0.25096554741136873,78,0.06347393956512482,77,0.3300124831956981,48,0.014541478041551148,48,0.2810297408301837,32,0.004748137606262137,31,0.23462953955157445,25,0.9997000299990002,129,0.0,98,0.4113697986874053,196,0.0983815246928926,112,0.318455750353007,191,0.15036350709442114,137,0.11511584238436745,117,0.21655492198759324,78,0.05692897316454981,67,0.2330374426532759,55,0.024917730669676175,45,0.24298355937772637,30
"(104, 2)",0.004230835573317826,43,0.608354642542493,6,0.011478115032977354,42,0.3921696498884826,25,0.04984339480164457,66,0.39108757481508166,38,0.20232810163664128,156,0.24101942111016272,81,0.3681889952922256,188,0.11556831292607622,129,0.5371438311401642,202,0.04347512617159337,154,0.00783045045405062,42,0.5579663962920047,10,0.018850711658666697,43,0.4487767306742423,20,0.03176410707803612,45,0.35795808618952624,42,0.14346067340543533,134,0.27975551870997106,79,0.18633209084961866,160,0.19140347031347485,100,0.4195254387474068,198,0.06549957726165018,145,0.0036547733479347366,40,0.6160851786947056,6,0.011629564014203675,42,0.40526763472871985,27,0.047406856757644,63,0.44246087367979364,29,0.21718906918493686,160,0.21900273136589632,90,0.4319402184449346,186,0.09074316419613414,134,0.5757708986361477,203,0.047403151644196444,154,0.9997000299990002,130,0.0,99,0.016831874069858976,42,0.28550487342803016,16,0.03188868616922813,46,0.3238023052617429,45,0.13543434384732245,129,0.20513360941959227,86,0.23296008041492677,172,0.14569444273921925,109,0.35477360183407947,185,0.10025267117622397,129
"(89, 2)",0.07048450728642153,99,0.15444485033414274,91,0.03626168330619206,74,0.15886760992692642,107,0.0031499607767727644,16,0.33417051592188246,48,8.500762379493043e-05,1,0.5097434975966937,16,4.0130275662741965e-05,1,0.4284664585477366,10,1.6572651649116033e-05,2,0.28541425033698004,16,0.016948774922403542,55,0.19213499420625726,89,0.008378880538624456,31,0.23003658505956584,88,0.005342027215768597,16,0.24468137631022363,72,0.0004901442210387685,15,0.42831908276168495,44,0.000392039684841472,15,0.37508389120280594,36,4.401929977482233e-05,2,0.2823892176853832,28,0.06576813458197639,95,0.14812201764567545,93,0.03538177917376317,74,0.16709854790692022,103,0.003446876209165173,16,0.3655134855234847,45,9.437184839522494e-05,1,0.492040629067708,15,3.0049634024642558e-05,2,0.4067965824353521,11,1.8005453999103693e-05,2,0.3563221028093136,12,0.9995000999900006,97,0.0,100,0.010103122138690801,34,0.13227692386822457,84,0.006433266738976817,17,0.21950840301429897,85,0.0008039148050488221,15,0.3148465670553521,47,0.0002541214449648388,15,0.3406794435781901,25,0.00012023040821773634,14,0.3604133383187735,12
"(89, 88)",0.9995000999900006,220,0.0,219,0.9995000999900006,220,0.0,219,0.9995000999900006,220,0.0,219,0.9995000999900006,220,0.0,219,0.9995000999900006,220,0.0,219,0.9995000999900006,220,0.0,219,0.9995000999900006,220,0.0,219,0.9995000999900006,220,0.0,219,0.9995000999900006,220,0.0,219,0.9995000999900006,220,0.0,219,0.9995000999900006,220,0.0,219,0.9995000999900006,220,0.0,219,0.9995000999900006,220,0.0,219,0.9995000999900006,220,0.0,219,0.9995000999900006,220,0.0,219,0.9995000999900006,220,0.0,219,0.9995000999900006,220,0.0,219,0.9995000999900006,220,0.0,219,0.9995000999900006,98,0.0,101,0.9995000999900006,220,0.0,219,0.9995000999900006,220,0.0,219,0.9995000999900006,220,0.0,219,0.9995000999900006,220,0.0,219,0.9995000999900006,216,0.0,215
"(89, 83)",0.011823940935473343,55,0.2207189977867074,56,0.02680842617853374,65,0.16876045600733205,97,0.1497409857698936,134,0.1543693305621941,143,0.43484184063591547,203,0.09237979725379214,179,0.4926142705799015,210,0.06517932532512316,175,0.5564279871367079,204,0.03550358922917777,170,0.05389693411728813,87,0.15244785631517963,120,0.08850123390662312,104,0.14356356898279024,143,0.11497149259803607,118,0.13244150281226857,159,0.2928056475349927,194,0.11926590591371632,180,0.31105259407648267,197,0.09867966207443132,178,0.4856578730482465,206,0.04388444896725595,180,0.013032771172791113,54,0.20474597358459073,58,0.027513562017707716,64,0.17571921137371652,95,0.1435582887946638,132,0.17337356819541289,135,0.4265833162194116,200,0.09140473294496725,174,0.5140404216550194,203,0.05790894846092023,169,0.5506647195331424,200,0.045159188318541835,158,0.9995000999900006,99,0.0,102,0.07845918039218769,97,0.0877902840046977,121,0.10365970137309732,108,0.1258970260277234,163,0.2527869074269087,179,0.0996758739725091,173,0.34655505779949913,196,0.08042660642447012,177,0.4072796738546325,190,0.07092921807901922,163
"(3, 64)",0.002507998545749346,34,0.5814771042396373,7,0.023537658345534007,59,0.5141962819015222,9,0.09818912759333687,108,0.46954910578840375,21,0.28762907640164437,180,0.30732072533429167,54,0.4416925713751927,204,0.18863051871458986,73,0.5875135603736399,208,0.0931788972132535,97,0.007695119598900124,41,0.5122103128621089,12,0.0544204134437789,79,0.48880262765004473,15,0.0795046921361271,96,0.4698336658237645,24,0.1652050896102003,153,0.43780140229959796,41,0.2557548065598161,183,0.3054010758309023,52,0.44114134948814365,203,0.13468329054940684,83,0.0022792806973434,34,0.5863393947669876,7,0.02677542266189681,63,0.5194407315146728,9,0.10084040201053157,107,0.471424617664652,24,0.33434616299285613,188,0.26283795318268144,68,0.5562832646421706,209,0.13243737580683398,99,0.7008902220864135,214,0.07562018740994318,123,0.006133506381398757,29,0.24350649350649348,17,0.03170503022861104,58,0.4392557413868482,3,0.09486444782788384,101,0.4481494257899741,22,0.2561235770076975,180,0.2973357865894993,54,0.3748259705819892,201,0.1910275141499589,78,0.550410557410116,207,0.10988363529238473,116
"(3, 47)",0.6452738706615267,199,0.09142402819262092,141,0.3630994148222083,177,0.206557752992578,75,0.1562946536631874,138,0.4021494176226935,34,0.03926870006116712,57,0.5968345237560457,6,0.01355541080003908,32,0.602487114315732,2,0.00428778545181463,27,0.48037365599824455,4,0.5169573145721772,192,0.12599942062572422,145,0.23953549244359063,161,0.29826172131170414,60,0.18519705536885223,148,0.3544299067914785,43,0.09191226236265071,91,0.5323049080485929,24,0.048724055721104165,57,0.5307589835252854,16,0.013609537649372005,32,0.4294294753836207,10,0.654869668975705,199,0.0888580380375824,144,0.34422756614352445,173,0.2217343094963242,66,0.1527395603219195,139,0.41049379960538884,36,0.02863497266023718,49,0.5962859825448649,5,0.00559902825919667,28,0.6133923357277359,2,0.001394408434996608,22,0.6012536825778504,2,0.5452385021653686,78,0.054561292366170404,61,0.3193098399380686,177,0.20340239856668926,31,0.16092425960163692,144,0.37576543791713435,35,0.0486021199098694,61,0.5174224860295417,11,0.021714553123582947,36,0.4936913487785813,4,0.0058782835800244015,25,0.4989745855852793,4
"(64, 87)",0.0002229489744098867,24,1.0,1,0.0021765569923115624,23,1.0,1,0.014312404691003922,27,1.0,1,0.0774186088053892,85,0.6520970905769431,3,0.16330201117340493,140,0.4201624702700031,11,0.21126875062982642,148,0.27254944986050594,20,0.0005471987452398963,23,1.0,1,0.005744133994326273,24,0.9999999999999999,1,0.010548399781426632,25,1.0,1,0.03585904921109606,43,0.937373343303315,2,0.06947618404505707,75,0.674424565367688,4,0.11699687296971395,123,0.3833146512312972,13,0.00018818471916481894,24,1.0,1,0.0025549360984838954,24,1.0,1,0.014663913267573436,27,1.0,1,0.09929128865155779,103,0.5613837142308431,8,0.2524888656272336,157,0.3021669117604544,23,0.4000513738903402,180,0.17891133362090328,46,3.198662624437354e-05,14,0.9999999999999999,1,0.002230896269113547,21,1.0,1,0.012105172331695835,22,1.0,1,0.06877267319929803,74,0.6586081378988203,2,0.13228992101975323,130,0.4292583907312143,11,0.24198406147925988,156,0.2666190783733868,25
"(64, 3)",0.8288975257695943,210,0.06455078754539399,168,0.6594218622660114,210,0.14889115560131447,111,0.43415273199940263,208,0.32064417630805725,55,0.18891998308213664,152,0.48435979216267605,18,0.09321063398458707,99,0.506515354321404,5,0.0661417773333115,91,0.4013886712015297,8,0.7741446087414057,212,0.08907879490150637,173,0.5532027573098969,209,0.2181624867794264,95,0.47580903182212286,209,0.2809212764963738,61,0.3010846705326753,196,0.4611929299825525,39,0.20423453546212278,168,0.4707991164022056,22,0.1333600171182897,124,0.36694836471033815,15,0.8377476093856793,211,0.06078882086529051,171,0.6433886952037976,209,0.1583563703748709,109,0.430770245882346,207,0.3240918140506567,58,0.15480245375157142,135,0.4841399398245951,17,0.04981810055680014,80,0.5190373307070073,3,0.01822511662639803,52,0.5009407208215935,3,0.9077601885178135,88,0.03278428888184985,76,0.6569937839750614,214,0.15030474998499826,66,0.4572274897326307,211,0.29804342650581334,52,0.2056865278080524,166,0.4571202342365949,19,0.1179829326861217,113,0.4459518635383288,10,0.05351687387207493,76,0.4408828761458014,8
"(47, 32)",0.7509438835641553,204,0.07037840857812064,157,0.5106466388095837,198,0.15480982309291585,108,0.30466405417815734,191,0.27380089007435676,69,0.12409046818417946,117,0.3889432939520536,36,0.05305285631684731,73,0.39164100988529105,16,0.019978173869655835,49,0.3069057396319864,14,0.6267660195610212,206,0.0992178447276941,165,0.3679002059616211,189,0.21829364603187448,94,0.3282342396488689,196,0.2406888223166688,73,0.22675473906723087,177,0.33713167961680596,60,0.14138153540700504,130,0.3354670084144141,43,0.05174737541260033,73,0.267729187309433,36,0.7542632745493287,205,0.06929303504100381,157,0.4941553850337086,197,0.16633376875873385,104,0.3017226451915763,189,0.2810595577141123,71,0.10185981217737694,105,0.3876619081151441,31,0.029554632945034576,59,0.39240125739858805,12,0.00890930264178913,42,0.38081755522719557,9,0.6581066979816335,83,0.04133671206841938,72,0.45897587972962983,202,0.14289388185473156,72,0.304989426372981,188,0.24795248899923394,67,0.13974296872552416,134,0.32518556072663474,44,0.06627497893126533,77,0.3273459465432357,27,0.01775026464038576,40,0.3336392580758466,14
"(47, 3)",0.0007550306941495055,27,0.7025119797150655,3,0.008084958698742817,35,0.616518441191951,5,0.035002906035607184,49,0.5632145864464033,8,0.12591396532075816,120,0.3870565862569816,37,0.2432587935237419,166,0.23574088118958658,56,0.3868739194895262,183,0.11428795335569417,82,0.002998910168357627,30,0.5888035921205099,8,0.022774734540152552,47,0.5518232531401478,8,0.029846509834682067,41,0.5352450977121546,11,0.05941156551952842,65,0.5268593473996771,25,0.10993540162749382,112,0.364811223715495,37,0.2469099810656713,165,0.1590299589503847,74,0.0007222515706646337,27,0.7030200960422404,3,0.009182397177225798,36,0.627985448690686,5,0.03570494523241918,52,0.5724772116526351,9,0.15140348206952225,133,0.33968429251221643,45,0.3296845231571156,175,0.17561949623108075,69,0.4980977680085372,190,0.09959250727337807,101,0.002205862263638725,24,0.276211593284764,14,0.011950722167442862,36,0.48210933280755747,2,0.03492609389481416,49,0.5105991186430796,12,0.1113322301795322,111,0.35077955442639946,38,0.2109801748459299,163,0.2225237060409991,59,0.4038186210500594,189,0.11774703422957951,108
"(4, 60)",0.00040644210740237163,25,0.6846165416765155,4,0.00030997003963051384,19,0.6939627680540063,2,0.0342035556910838,48,0.4530358414739606,25,0.2535878022184288,174,0.2170672177051046,96,0.34634285368088413,181,0.1245104084530948,121,0.49976348462337017,196,0.06222375474123068,127,0.006186649249509957,36,0.36060254924681345,38,0.004279156759749103,22,0.3545290406119277,41,0.01997181717769847,35,0.347001247673123,45,0.09683212826291276,98,0.2566457513790002,91,0.13084266180136628,125,0.1902365816231894,103,0.37086078740584005,188,0.06982260292052901,139,0.00046994902147023954,25,0.6287163264222368,5,0.0003095980227934003,19,0.7636467889908257,2,0.03085635283496857,43,0.4878536546170397,20,0.30944303589188005,180,0.18701054136525616,103,0.48097359151640373,200,0.08236307673330777,142,0.4883082915110024,187,0.07110013858423811,131,1.000088900582341e-12,3,0.09170098194488438,46,0.0037234644093184777,26,0.28609208507282285,15,0.027735039381118876,40,0.308359934375997,50,0.15402805203463799,144,0.17495400144688947,110,0.20104277211190302,161,0.12659864864311818,130,0.24803505925974734,159,0.12182603079642405,103
"(4, 11)",0.7938322410201697,209,0.05476932333412124,182,0.8104000410529143,216,0.050374365871273565,197,0.30808518339855895,192,0.217737238238477,97,0.049447113234900475,65,0.37433179102466196,39,0.026392602881596394,53,0.29368402733763177,36,0.00879598783942781,37,0.2392119369298768,25,0.5441837111251897,199,0.08108342989571263,180,0.5877430781350677,210,0.06871349517082795,200,0.38691976570570086,202,0.1292002215120197,162,0.1581605977711934,146,0.21792537685447078,113,0.11933391223874734,117,0.1961654553732526,99,0.02231579281438223,46,0.17818134518786033,61,0.7844228647743252,208,0.05300150966870737,179,0.8104706731651203,216,0.055408894829576526,197,0.32332026853268636,195,0.22294279923934684,96,0.033891314866323796,58,0.39086806222392934,28,0.010147484510660276,35,0.29807130783715496,24,0.009600419223033452,45,0.26343395222056004,18,0.9997000299990002,131,0.0,103,0.6033633283200251,210,0.052476147205815546,175,0.33904916180403166,197,0.13385871404810376,153,0.09986932477138555,100,0.20213729500025635,89,0.07105149133089594,81,0.17906092565081627,83,0.05135202573919395,73,0.205932673895555,44
"(60, 4)",9.999999999998899e-05,9,0.08708769366310677,145,9.999999999998899e-05,2,0.07804391742053435,170,9.999999999998899e-05,1,0.3545387140161564,43,9.999999999998899e-05,2,0.6313822379946993,5,9.999999999998899e-05,2,0.49922975943141845,6,9.999999999998899e-05,3,0.4118961788031723,7,9.999999999998899e-05,5,0.1269843568945539,143,9.999999999998899e-05,1,0.0974038839882459,179,9.999999999998899e-05,1,0.1938083387265728,108,9.999999999998899e-05,1,0.3506128287655646,52,9.999999999998899e-05,1,0.3161324047687301,50,9.999999999998899e-05,3,0.29828111908979266,24,9.999999999998899e-05,8,0.08533421334122306,149,9.999999999998899e-05,2,0.08586867367397777,168,9.999999999998899e-05,1,0.3603514003339018,46,9.999999999998899e-05,3,0.65971822119796,3,9.999999999998899e-05,3,0.5106476065290673,4,9.999999999998899e-05,3,0.45773639625914336,4,0.9999,218,0.0,104,9.999999999998899e-05,1,0.08366694384199291,130,9.999999999998899e-05,1,0.20101966614679243,92,9.999999999998899e-05,1,0.32917874781400064,43,9.999999999998899e-05,1,0.2949412106553385,34,9.999999999998899e-05,2,0.3461255197887986,13
"(11, 59)",0.6128011034685328,193,0.07158604980982874,155,0.6446314352642072,208,0.06399693595688044,188,0.13580480309051302,128,0.2619554054251379,72,0.013563836884178393,33,0.43813545363340967,23,0.005997767780804963,24,0.3441116881052082,26,0.00212314434347205,21,0.275376947431115,19,0.299758396772016,163,0.11174681344148321,156,0.35746738125756683,185,0.09153799571918524,182,0.18579962007947504,149,0.16281533770574932,133,0.05706929469342126,62,0.26642608667381906,83,0.04209571359811881,51,0.23653103552939989,74,0.0061704858983435695,23,0.21136917491420898,50,0.6025239940998273,193,0.06841302715127791,159,0.6492562183355599,210,0.06922656297466431,185,0.1447930681731806,134,0.27016936139060255,72,0.008941718045833436,30,0.4543776540127606,18,0.002196769818412214,23,0.34716073462606656,16,0.0022065711431991097,26,0.30511935682229097,15,0.9997000299990002,132,0.0,105,0.35780318906819875,186,0.06591772179026686,154,0.15473559769998158,140,0.1695259750881438,124,0.03391713557073062,41,0.24429076781981102,66,0.022742132941517612,39,0.2145432520145531,62,0.017143934940205385,39,0.2473911417791223,28
"(11, 4)",0.0034164266246912156,40,0.40371747211895914,21,0.002523918645370271,26,0.4060422484407063,20,0.11478405132065417,119,0.2770587634034393,68,0.4416066345576207,204,0.1372115658176482,152,0.5479669134712899,212,0.0764031376829187,165,0.661854214369591,214,0.04061314692329394,160,0.03618153412435854,72,0.2261152954808807,78,0.024463115340290553,51,0.22379117214512353,90,0.0791626482111818,95,0.21637320772089488,88,0.2326015629292173,179,0.16679129143773638,145,0.277338078929497,187,0.12617236902011703,150,0.5445037395000049,213,0.04747676851919155,176,0.0037517878862052267,41,0.3718640236084875,22,0.0024110323674259027,23,0.447037335196549,19,0.10709828015049605,112,0.2987384942281424,66,0.49762454214093443,206,0.11901180035422401,156,0.6585133095525413,214,0.05187251011373251,181,0.6580750510999711,210,0.045668554226819265,157,1.000088900582341e-12,4,0.05044345898004434,62,0.024406992539986905,50,0.1613288985281133,58,0.09934102775639464,105,0.19651246969424593,97,0.3093302815519544,196,0.11692461933705119,158,0.36810867715765605,199,0.08481380986875224,173,0.4087633151766007,191,0.08595352210023,144
"(5, 29)",0.9478827041666052,215,0.005268925800975568,217,0.5959635693504514,204,0.0392695983698781,200,0.38894314307415523,204,0.05813227160409701,208,0.18594874437299735,150,0.08139496578470569,188,0.06692105775178359,82,0.05619855663148124,188,0.014849874988854816,45,0.034020877088492524,175,0.7128392828018162,209,0.022696987253765934,207,0.5312757595224433,206,0.04334115637810701,208,0.5063290429176732,212,0.04938783952388261,210,0.23685897404030154,181,0.08771958342815653,199,0.1978624164463102,166,0.05498204138070587,204,0.06241254973172006,84,0.03405243485812442,191,0.9570898311589644,216,0.0046503865207067376,217,0.6222796348414993,207,0.03900677440913786,200,0.3970390175202222,204,0.0643019757340928,206,0.16043376671795162,139,0.08151953566779763,182,0.04198374581952469,73,0.055840909397531856,175,0.016321859126863902,49,0.03646784570342973,170,0.9997000299990002,133,0.0,106,0.6404934118250024,212,0.021315354084335592,209,0.44678564435594936,209,0.0428046001583916,211,0.2887847114113604,191,0.045656768195774404,209,0.14651624503709226,137,0.0410727367227754,203,0.043447700434852354,66,0.04167374825792854,193
"(5, 27)",5.529540172632963e-06,4,0.29269183660313297,35,0.003979085481305211,28,0.20854603669048308,72,0.01969310589621054,32,0.15713560248753555,140,0.07907826393489303,86,0.10823712621475524,170,0.20958963199510916,159,0.03841104849400243,199,0.42900961646363944,188,0.011087426726434906,206,0.0012147766005365934,26,0.19002027809965238,92,0.006868096839241278,26,0.18466943682449496,118,0.0083610508663583,20,0.19394444852180762,107,0.05542683750403221,60,0.14234858090315028,165,0.07266172432222995,77,0.07677857781225234,191,0.21962176420063606,154,0.022387916951999116,205,3.0568306974565473e-06,4,0.3157786931882838,32,0.003128426307264842,27,0.22769837171152563,64,0.018613051551116255,31,0.1783320983135284,132,0.09521006006763488,98,0.09700616691206282,170,0.27773211123204367,165,0.029746612212801803,199,0.41572439661877536,184,0.012394570434750687,205,0.9997000299990002,134,0.0,107,0.0026283415371730623,23,0.1331384533616795,82,0.013064136103996704,24,0.138940849322301,145,0.0389634981575655,49,0.08901788104745684,183,0.1057006062546142,106,0.04579552849022088,202,0.2726631879814595,166,0.022593108761911236,207
"(29, 5)",9.999999999998899e-05,10,0.12119818638932463,113,9.999999999998899e-05,3,0.08537357358361662,163,9.999999999998899e-05,2,0.08200333250588543,191,9.999999999998899e-05,3,0.062491951544554745,201,9.999999999998899e-05,3,0.020978044383904226,210,9.999999999998899e-05,4,0.005836807623585467,211,9.999999999998899e-05,6,0.08287949015063731,178,9.999999999998899e-05,2,0.07318407224363249,197,9.999999999998899e-05,2,0.09550237191334345,188,9.999999999998899e-05,2,0.06606738407187057,207,9.999999999998899e-05,2,0.03323272009847732,211,9.999999999998899e-05,4,0.009900876464759688,212,9.999999999998899e-05,9,0.1320315285585319,104,9.999999999998899e-05,3,0.09203247463393888,162,9.999999999998899e-05,2,0.08749118374416343,192,9.999999999998899e-05,4,0.05360038836608838,201,9.999999999998899e-05,4,0.014616969484377924,211,9.999999999998899e-05,4,0.005208381134188089,212,0.9999,219,0.0,108,9.999999999998899e-05,2,0.05167891095814081,176,9.999999999998899e-05,2,0.06486767499599162,206,9.999999999998899e-05,2,0.04578778574642977,208,9.999999999998899e-05,2,0.020442239929280903,212,9.999999999998899e-05,3,0.011829090043849211,211
"(27, 75)",0.19976436507541073,137,0.18886047661000924,66,0.23439598455856214,149,0.12571176495413092,126,0.14588686061585887,131,0.1858740040204234,119,0.08531512420681775,91,0.21677073506730754,97,0.043126201594353764,64,0.191941371479399,71,0.024913013070080314,56,0.11734741857622018,78,0.30216775866089773,164,0.14145422943221322,127,0.28567405476242946,171,0.12111859307981458,162,0.269307104880657,178,0.11136850392650073,175,0.16139125784850628,149,0.17074677330212296,143,0.0893922703625547,90,0.15613375377299632,122,0.044157588583877416,64,0.11519141822021417,94,0.21770985610677407,140,0.17903608790975367,73,0.2369391916821797,149,0.12803861109423417,128,0.15590088333835816,141,0.20004106812845396,113,0.09251324099387814,96,0.19958175959712354,99,0.04190418215908298,72,0.17758538611426447,66,0.022768185438462818,57,0.15103387512734148,63,0.9995000999900006,100,0.0,109,0.2419881164696034,160,0.0930151817784369,116,0.21824946845803905,165,0.11393182035348211,170,0.11325734646279217,114,0.13392272243077433,146,0.05105300760799203,62,0.15320425460513126,102,0.03073448942100976,51,0.1506056176847162,85
"(27, 5)",0.9013647862755865,214,0.014096310462642628,211,0.49262755158148464,194,0.06590479648558713,187,0.3621027246866042,199,0.10694845324026979,181,0.13813121970839726,125,0.18229190063339473,117,0.12269034551801594,118,0.14093576172172936,105,0.09539803061709773,107,0.08426695087928278,104,0.7300610217183704,210,0.04052723059096176,201,0.4430365865966206,200,0.08210569203249402,191,0.3450266578562269,198,0.09251062523769174,190,0.14740614757294712,137,0.17771492354541218,138,0.1473418514928937,136,0.129700015176298,147,0.08962965174331305,101,0.09496883978407826,110,0.9045079804376939,214,0.013537707579447262,211,0.4967621544550359,198,0.06681526824229905,187,0.34721746359565286,198,0.12286869805104948,175,0.1128855064659453,114,0.18629035699805815,104,0.09503530638635738,108,0.14191990347866143,89,0.0927457696744024,110,0.10771482851347755,93,0.9995000999900006,101,0.0,110,0.5521114367765089,208,0.042172083015438955,185,0.35749455721023915,200,0.0807197910137872,188,0.21427186067689818,171,0.1005588183356214,170,0.18682034046877338,157,0.09738200182527308,159,0.13492431175881658,120,0.09909695548228467,131
"(27, 82)",0.0022701930162416506,32,0.4828330145905409,9,0.008336337131116256,36,0.30754138409070464,38,0.03232570651864486,44,0.2888717991151175,64,0.18778527353303442,151,0.1585193836754863,130,0.347455512336017,182,0.07837117216219525,164,0.5810923067004659,207,0.023121532240368642,190,0.0015401744776659676,27,0.4825463499420626,16,0.007115020115735615,27,0.34321306681029073,46,0.013460448182834428,29,0.27869147779208564,62,0.09444139813000829,95,0.21016613023830424,118,0.16954315960201705,153,0.12178810515488256,156,0.435699920611351,200,0.03798906618820082,188,0.0018052860242425695,30,0.48864713959504463,11,0.00800843324527789,35,0.3168274196488243,39,0.031602722900797686,44,0.3214616682588006,60,0.21066194053709286,157,0.14102543584490965,134,0.4313729398187274,185,0.058508352140989,168,0.6211516247206919,207,0.025853761506621758,188,0.9995000999900006,102,0.0,111,0.0059696063651079045,29,0.24129683762955093,23,0.01812630819811123,29,0.2394547312606384,75,0.09036062365947117,88,0.14475730422844904,136,0.21226729397876265,165,0.0910631192525384,168,0.39806988021253986,188,0.050511574152758414,183
"(6, 106)",0.39214707957161776,170,0.058405139996132116,174,0.4272171725711039,188,0.0743683397074667,176,0.17679310943690418,150,0.1412988985208152,158,0.05388215734971402,68,0.20974200020963418,98,0.07437358538654659,90,0.13138993509353533,115,0.11576415386443062,120,0.0627848656781919,126,0.2838002543585709,159,0.09262746234067208,169,0.3546256877367717,183,0.1345917179908635,153,0.19864246514208883,154,0.1466142688435338,144,0.1380576236494706,131,0.1858913922212469,136,0.12659984551851367,122,0.15217105374095746,128,0.15829417179981187,137,0.07934473642933383,133,0.37348266046272593,172,0.05685533732371393,176,0.4218078321542995,188,0.07275198979281852,181,0.17461356241791015,150,0.14503655956217804,155,0.04247985253273856,61,0.2028012504534494,98,0.047909299382483006,79,0.12616580161087332,105,0.07680147338776722,101,0.08376086417826889,115,0.9997000299990002,135,0.0,112,0.18753231545466076,142,0.06481616417923243,159,0.24316266256308083,171,0.13320603701958195,156,0.1396611986314995,133,0.1631738147183977,122,0.12007503486311788,116,0.15376493265724567,101,0.136369984032783,121,0.11372469039283002,114
"(6, 88)",0.01925903365971182,65,0.15948600038678903,86,0.015041335442325776,48,0.22690401853077224,64,0.08446098792687395,94,0.1807486943358757,126,0.24098885721506824,170,0.12730185825734092,157,0.19456858381304087,151,0.09535513783761136,146,0.13471446136643872,124,0.059690918779975545,131,0.04029726541274892,77,0.1775492468134415,100,0.024942922188831096,53,0.3260563203411257,53,0.0722629590782109,90,0.20538167455080433,98,0.1127928141442025,112,0.19884694994418978,127,0.1234136897699103,119,0.1534694703472,126,0.09673587769381775,107,0.09349977619734422,115,0.021916537773868816,64,0.14630889794184362,95,0.015632464678483116,49,0.21820964214107785,68,0.08580553858645779,94,0.18379415939790553,127,0.2759943335711752,174,0.10868382305870303,162,0.2582374705539704,158,0.07195735175359307,152,0.19004377408354345,138,0.06192696335318789,136,0.9997000299990002,136,0.0,113,0.07818862133661841,96,0.08676159207221418,125,0.0530876987945631,74,0.22122026311143936,82,0.1114025316772993,112,0.1759451776996736,109,0.13005782422406387,126,0.14972559515770606,106,0.1142802486350376,109,0.12062499291840871,104
"(106, 6)",0.009660871264421278,52,0.16891505683649571,79,0.010336920302679964,40,0.175470614886886,89,0.07274038264157023,86,0.1525392104849007,145,0.21876135210248582,162,0.10460446520821166,171,0.17756412679706413,144,0.07585741633167825,166,0.13972009185060286,126,0.04148459295946835,159,0.012995115246262734,49,0.21903244495944382,79,0.014787823456494764,39,0.25468336203023356,75,0.053082743351028805,72,0.15935654761507617,139,0.09369380111806103,94,0.15785623719886863,153,0.10110086949547936,101,0.11697553243512133,158,0.09222662862208475,104,0.06184604672693398,151,0.00987886044355435,51,0.15388379344090672,90,0.010371117123955775,37,0.17211555987605567,99,0.07409426648313211,87,0.15518752957351642,148,0.25711640658466206,170,0.08783848665258306,176,0.24313773760324398,155,0.05597967809516834,174,0.19263926770497486,140,0.04198368193540689,162,0.9995000999900006,103,0.0,114,0.057292444306509704,83,0.0773790644046874,139,0.04231520695447821,62,0.1658593229973909,127,0.09278998863211607,89,0.13522150510683628,143,0.1133392588446267,110,0.11377671917396162,143,0.14425476220362832,124,0.07899656684455622,153
"(106, 95)",0.9995000999900006,221,0.0,220,0.9995000999900006,221,0.0,220,0.9995000999900006,221,0.0,220,0.9995000999900006,221,0.0,220,0.9995000999900006,221,0.0,220,0.9995000999900006,221,0.0,220,0.9995000999900006,221,0.0,220,0.9995000999900006,221,0.0,220,0.9995000999900006,221,0.0,220,0.9995000999900006,221,0.0,220,0.9995000999900006,221,0.0,220,0.9995000999900006,221,0.0,220,0.9995000999900006,221,0.0,220,0.9995000999900006,221,0.0,220,0.9995000999900006,221,0.0,220,0.9995000999900006,221,0.0,220,0.9995000999900006,221,0.0,220,0.9995000999900006,221,0.0,220,0.9995000999900006,104,0.0,115,0.9995000999900006,221,0.0,220,0.9995000999900006,221,0.0,220,0.9995000999900006,221,0.0,220,0.9995000999900006,221,0.0,220,0.9995000999900006,217,0.0,216
"(106, 57)",0.08080717840631779,102,0.11045404731718848,124,0.07727241565396958,100,0.11734855162649889,135,0.01129947874917725,22,0.22137314168990824,92,0.0012370374048139565,18,0.2944881182336822,63,0.0021324533511205557,20,0.18369324444234367,76,0.0036478031807256617,24,0.08600670825365976,102,0.06590588165698841,91,0.1582995365005794,110,0.05990175616251503,85,0.1925278294818093,111,0.017275929820258717,33,0.19946757050687555,104,0.007636801824726147,20,0.26062832558492366,89,0.006717831935865948,20,0.20118712375427886,92,0.007837571859320436,27,0.1012620939512072,106,0.07963239812208278,99,0.10137159850398658,131,0.07710183309374741,100,0.1152317880794702,144,0.010999741760947646,23,0.22726745172262944,94,0.0007616369624858788,18,0.28142404455540615,62,0.0009073002761565974,21,0.17125791897064466,71,0.0017406583151702293,24,0.10761846199028993,94,0.9995000999900006,105,0.0,116,0.015675774750899985,39,0.10027603233521641,109,0.022631034977437015,31,0.18797422330623834,103,0.007759686753865402,20,0.22211462326757772,76,0.005484436351464339,22,0.20849856965708605,64,0.0034118326718015624,21,0.1670462399583036,74
"(88, 89)",0.9995000999900006,222,0.0,221,0.9995000999900006,222,0.0,221,0.9995000999900006,222,0.0,221,0.9995000999900006,222,0.0,221,0.9995000999900006,222,0.0,221,0.9995000999900006,222,0.0,221,0.9995000999900006,222,0.0,221,0.9995000999900006,222,0.0,221,0.9995000999900006,222,0.0,221,0.9995000999900006,222,0.0,221,0.9995000999900006,222,0.0,221,0.9995000999900006,222,0.0,221,0.9995000999900006,222,0.0,221,0.9995000999900006,222,0.0,221,0.9995000999900006,222,0.0,221,0.9995000999900006,222,0.0,221,0.9995000999900006,222,0.0,221,0.9995000999900006,222,0.0,221,0.9995000999900006,106,0.0,117,0.9995000999900006,222,0.0,221,0.9995000999900006,222,0.0,221,0.9995000999900006,222,0.0,221,0.9995000999900006,222,0.0,221,0.9995000999900006,218,0.0,217
"(88, 48)",0.005581227128836241,49,0.1312504029052152,108,0.0052227417796006925,31,0.16458482136103075,104,0.07146279779445797,84,0.1282511807357148,170,0.24955617510558437,173,0.08135902849527574,190,0.20436514533206462,156,0.06153115660698823,179,0.12816098386806019,123,0.03940942290210338,162,0.022007626315262874,60,0.14923232908458867,121,0.01578336397113833,40,0.23205699567174465,87,0.06192892375769388,80,0.14132466856597656,152,0.09856404012536701,100,0.13972604224237892,169,0.12707582741903756,123,0.10175539180142658,176,0.11424697976474718,120,0.06076337746900238,152,0.005652357765486338,45,0.12003004164864926,117,0.005011954916622319,31,0.16026034388480465,107,0.06902964470213013,83,0.13369818496727942,168,0.2775635149685186,175,0.0693564219106758,193,0.2585397451491678,160,0.04798698657991053,185,0.1759428197022126,136,0.04446167824594573,160,0.9995000999900006,107,0.0,118,0.08788726930543977,104,0.05283190316579943,174,0.03599864289323096,52,0.15751866121851402,131,0.10500216913334759,108,0.1220912679650696,155,0.12108170933562268,117,0.10365177391169117,153,0.12404481123626099,114,0.07921184721891747,152
"(88, 6)",0.11225949952266678,114,0.07201151771708533,154,0.11638054617054072,115,0.08846946746325418,161,0.011592533083762624,24,0.18451926087810072,120,0.0008370695696149344,17,0.25426530703921657,77,0.0014911237189680904,17,0.16461663075075358,89,0.00434289388645781,28,0.0775524278235792,111,0.043365511023781944,78,0.1303012746234067,139,0.05699047913004307,81,0.17950399477595488,121,0.014146042156724103,31,0.1898758331720922,112,0.0070158532090504044,18,0.23703089610628866,98,0.004415989502027262,18,0.19923444007891675,98,0.005404668963790771,22,0.11185541965867225,99,0.1114806741505473,113,0.06611438585311455,166,0.1189698746264275,118,0.08506288352876845,169,0.012179850498971856,25,0.1891490862341419,122,0.0005911728981653486,17,0.23736476537993725,77,0.0007482534839025057,20,0.15446112452756006,82,0.0021801987890750496,25,0.10699437403059867,95,0.9995000999900006,108,0.0,119,0.008472696684706738,30,0.08434845224726326,129,0.027016246248706022,39,0.16682619194535003,126,0.006290041180683659,18,0.21438458777891076,79,0.004847712541161009,20,0.19728091607427145,71,0.004628184555491965,24,0.15290571852657575,84
"(7, 102)",9.999999999998899e-05,11,0.4119216967144423,20,9.999999999998899e-05,4,0.24661725021240474,59,9.999999999998899e-05,3,0.22790024547621252,82,9.999999999998899e-05,4,0.18586466615755506,113,9.999999999998899e-05,4,0.12012530105985961,122,9.999999999998899e-05,5,0.05381649478072788,140,9.999999999998899e-05,7,0.5086471610660487,13,9.999999999998899e-05,3,0.3262739888877416,52,9.999999999998899e-05,3,0.2118202016293143,91,9.999999999998899e-05,3,0.21391029183870303,117,9.999999999998899e-05,3,0.15574254253579078,124,9.999999999998899e-05,5,0.06849126404505128,141,9.999999999998899e-05,10,0.3269987937822891,30,9.999999999998899e-05,4,0.21262683030560786,77,9.999999999998899e-05,3,0.21507735985501167,104,9.999999999998899e-05,5,0.14668555150118429,130,9.999999999998899e-05,5,0.08121823497780664,144,9.999999999998899e-05,5,0.05140006791545444,150,0.9999,220,0.0,120,9.999999999998899e-05,3,0.19891901622761524,35,9.999999999998899e-05,3,0.2469710441374865,69,9.999999999998899e-05,3,0.19690228938928733,94,9.999999999998899e-05,3,0.1717066303249068,88,9.999999999998899e-05,4,0.12274380502396409,100
"(102, 7)",0.25579159477577207,148,0.13493779143477236,103,0.11765240141795208,116,0.1418951361500553,116,0.05234261834107423,67,0.2177713096228947,96,0.021223961413576187,43,0.25982360780438135,75,0.018146728593494643,42,0.17673637146865645,80,0.01428045358872998,43,0.08806307012319363,100,0.25192014783167704,154,0.17353707995365006,101,0.10157822857792087,115,0.21943780121280448,92,0.06770095097623918,84,0.17396433122718996,122,0.04427374988204513,51,0.21564962016537167,116,0.03383165033833624,41,0.17648685563968095,109,0.025019144574046193,50,0.08886304425171486,119,0.22934504679049572,142,0.12171040154153107,116,0.10215779602170116,110,0.1386832432104016,120,0.04995985814678028,65,0.21704327330839487,102,0.016611076830342686,39,0.23619113159635532,78,0.010941325476037989,38,0.1550046352599697,81,0.008019850423463315,40,0.10659055240962197,97,0.9997000299990002,137,0.0,121,0.09718763110756456,109,0.12100417477475933,93,0.06802954767306191,85,0.19924140466461632,95,0.04170061883185561,56,0.20605642868942575,85,0.029814358971662402,41,0.20740176879601552,67,0.016038289033611486,38,0.18516378304270478,61
"(102, 107)",0.048711877099543055,88,0.23454025828910333,49,0.13264731531823504,125,0.13633319717133402,120,0.2452331695434441,175,0.13014457624121242,166,0.3781373862514906,194,0.09948040669032537,173,0.4006671078466204,194,0.06299858842941825,177,0.4344638078406058,190,0.028209147048681858,184,0.05001124410557756,84,0.29747972190034766,54,0.15177086100031278,128,0.19194738002416678,112,0.20793102112063178,160,0.11967920789436813,170,0.2698798667649137,188,0.11805216901286344,181,0.30970390426789707,196,0.08436672680977354,188,0.35417899713734635,185,0.036734241041198816,189,0.05836120696303937,93,0.1920655150701351,68,0.1510160868560022,129,0.12174190412540252,133,0.2520712289630982,177,0.1265451883330804,173,0.4132403061220039,197,0.08090871263043338,184,0.4709075442006885,198,0.04423059502861141,186,0.511682721116199,192,0.026675171394744814,187,0.9997000299990002,138,0.0,122,0.15766865556658305,132,0.102980634874371,108,0.20723861292639367,159,0.1374427692940561,146,0.27873328890756843,185,0.10938826196674434,166,0.32839331846193964,195,0.09321579556941564,167,0.41819845233294783,192,0.06244263911077874,171
"(8, 100)",0.32497248387524746,162,0.061430689558845654,170,0.14541113080430879,128,0.07078592546762888,179,0.37589490333539066,202,0.07057643915094111,199,0.5374208250694403,213,0.03840198853001512,207,0.42635987825224375,201,0.029698843457467032,203,0.34112349702774414,175,0.01521268925739005,202,0.288536701321389,161,0.14058516801853999,129,0.1621581618345207,134,0.14478307096831808,142,0.2689322707460676,177,0.09450690223446916,189,0.4880982557781368,214,0.07195184065368401,202,0.4709372172772589,212,0.05693472505606799,202,0.37513866747183044,189,0.025203622159906038,200,0.37998367115060616,173,0.04568454751663291,194,0.14257221499581818,128,0.06925618202806975,184,0.3528629679673173,199,0.07131748341651119,201,0.5788383253839321,214,0.03094925634295713,208,0.42697971968674886,183,0.02358104188309123,203,0.35057590439857844,174,0.014441211831973494,204,0.6534435351010168,82,0.01746119733924612,82,0.22072494392551967,154,0.07715189493626397,140,0.2655045641455208,179,0.0746902213433486,196,0.4442262995301707,209,0.05000882944363113,206,0.40160219589683466,207,0.04826742296815595,197,0.3538657269442458,184,0.03799132080174943,195
"(8, 19)",0.030513175127192316,74,0.13515697187184392,102,0.10659428902471557,111,0.0785057534416737,169,0.021555056151491003,34,0.1830201199637221,125,0.0065363980085231255,24,0.16698561011035742,121,0.015133677403942558,35,0.09036844785245757,151,0.02734676830751559,60,0.03528102567317639,171,0.039028794971500025,74,0.27387022016222484,60,0.09400178535698578,109,0.17364089712928674,124,0.044558662734177634,64,0.17206813496220286,125,0.009615729518957505,22,0.26640983126889695,84,0.010938909583119383,25,0.1995447110601487,97,0.021667782670286795,45,0.06520117372059482,146,0.020954890521761804,63,0.12002245537373783,118,0.10893443366960964,113,0.07575566559329243,178,0.025244987331296764,38,0.17179333803533647,138,0.004624247267096204,23,0.15481830015150544,123,0.01506686217586406,50,0.071893749433843,153,0.02564205214507642,61,0.0345313374755642,175,0.0023122152097350135,25,0.1145866328793158,41,0.061937710166149795,85,0.11784523329875786,97,0.04560519716615841,66,0.13436401239276582,152,0.01330902833627634,26,0.16101487334020703,125,0.018028267075008708,30,0.13581095736800536,121,0.025072731239702106,46,0.09181141439205955,138
"(100, 101)",0.10652096223558516,112,0.059114253174893105,173,0.032033888122596554,70,0.06740576355429002,183,0.1507147648210332,135,0.062084552196549715,205,0.31204129912420997,190,0.033236003174460564,212,0.22858332610601784,163,0.02485825210177918,207,0.1965966148339462,143,0.011015328673082348,207,0.07984998661608556,101,0.15547508690614137,116,0.03283111146271778,62,0.15264425424802494,137,0.12878543198263692,125,0.06913176629147513,202,0.2097196908350778,174,0.07789590038687863,200,0.22650275296103173,174,0.05838490464226093,201,0.2561625733899371,167,0.015903378463680846,209,0.14419357880778283,126,0.04583627301486151,193,0.03203770283572638,69,0.06687754420074124,186,0.13888726361212023,128,0.06067548143452759,208,0.3772623774561912,191,0.025030407784392805,212,0.25994718761802016,161,0.017673735518426364,208,0.2291603135055399,146,0.009242008461898512,208,0.0674942574497166,48,0.0203515996198923,80,0.06742304075720518,91,0.08457990793207205,128,0.0674254997245467,84,0.06877401989126368,199,0.06742023041722489,72,0.05711795567049656,200,0.06742458251023575,79,0.05033006339345276,194,0.06742316151919181,85,0.03739080186274176,197
"(100, 8)",0.14550136293899962,122,0.053278036830908745,185,0.31778388265894564,167,0.0313706098703913,206,0.10239032730504993,114,0.07062349011037507,198,0.033301647049162275,48,0.07006873006603477,197,0.0586679630107001,76,0.039115759530249934,198,0.07331418004762025,97,0.015303595498573712,201,0.1845918318139973,139,0.11758400926998842,154,0.3141472810497634,176,0.07190038594307688,198,0.12128948204927381,124,0.07052755889751067,200,0.0668603309156901,70,0.11402624706048095,183,0.05951484136621121,66,0.09115559077955585,182,0.04858924430343747,71,0.02767884127609596,198,0.10759001970262294,107,0.05053597032249254,185,0.317766271628632,168,0.03112658727747737,206,0.11207075397920474,118,0.06517333428563776,205,0.02135259100512421,45,0.06519268932846808,197,0.047356512880487145,77,0.03117670073566683,196,0.05843544089097641,92,0.014574289411613544,202,0.2083684996213594,64,0.013976876781754828,86,0.20851958289099848,148,0.05805251472315329,168,0.20851436330329898,160,0.04720490657649035,210,0.20852554859057504,168,0.039202729722185824,211,0.20851631022586203,162,0.03454513458319521,208,0.20851932654759087,147,0.02566368673306366,202
"(19, 49)",0.057666116653678046,92,0.24958205299009392,45,0.17321494594137732,136,0.13843853241252785,118,0.06877668363007683,80,0.21978638864416986,94,0.03380011798383031,51,0.1884431666741536,111,0.06769122657929083,83,0.09742200374270311,144,0.11574023175615733,119,0.037751167674994514,165,0.08639138510286304,105,0.41619351100811125,23,0.1949090266279816,146,0.22905428597740152,89,0.10398095217498504,114,0.2258515202263159,82,0.03593999639148149,44,0.312705224487142,66,0.050670686336904636,59,0.22597844965684702,78,0.0969277897190628,108,0.07297496853372916,136,0.10910365310190273,109,0.22672341200300417,49,0.20666456521644871,142,0.13590740628227718,122,0.07908522151953701,91,0.20522636573846745,111,0.02787739041596482,48,0.16891790965153744,117,0.07254333377708222,93,0.07415259545648156,149,0.12839212818218315,121,0.03449462641911178,176,0.004315220464554903,27,0.2160278745644599,21,0.12098740603392932,118,0.18084404173060276,45,0.1224340933613105,125,0.1726614160986109,120,0.06505035532471592,71,0.1802573640408091,107,0.08321375933609387,89,0.1518332535287931,103,0.1312887091888244,119,0.08883148078905923,141
"(19, 8)",0.23108730829877855,144,0.15713088510217676,88,0.08668178422597461,102,0.17437176366417517,90,0.20567820308071139,163,0.15255219005991696,144,0.30984195484438715,187,0.09004087866672657,184,0.20795156965212358,158,0.06701630073973174,171,0.13474093120075836,125,0.03588602238174352,169,0.17367658727484547,134,0.3297653534183082,44,0.0741945222528324,94,0.3160519390639694,56,0.1486763374614133,133,0.20047504987356468,102,0.30075064899593995,195,0.15402538010555175,157,0.24999573330498204,181,0.1327420197966376,145,0.15802800337468392,136,0.06200289987030923,150,0.14236994421983895,124,0.20747703255270564,57,0.06830333650355846,95,0.1965702655082326,86,0.18593644186658975,154,0.15433938344240197,149,0.3382955986424605,189,0.0735068177453428,190,0.19809349542401988,147,0.053052044043642756,179,0.12166815107870077,118,0.03511871437880304,174,0.5867862410427707,80,0.042009819448843834,70,0.12910034686624994,123,0.17697358833463347,48,0.1276015084164962,126,0.1702984985189252,123,0.2136580281857069,170,0.12126528775441614,156,0.17885206664269315,153,0.11765235505244592,140,0.11891538595349793,110,0.09181141439205955,139
"(9, 55)",0.0703166883664168,98,0.14462900487783914,94,0.061019386143373766,92,0.24701777352039286,58,0.07651339141299762,89,0.26712938851599655,71,0.11055641839463304,110,0.25289969004087864,78,0.08177646924590909,94,0.17593712602510744,82,0.05162781214818857,85,0.09394062882041315,95,0.12761203736904136,121,0.19442352259559675,88,0.07433979118000944,95,0.3336161164024412,49,0.0608823068988964,78,0.2858519205492431,58,0.1022633960968734,103,0.30155943517886363,69,0.09501433146944738,94,0.22536465271571424,79,0.05545264321072907,76,0.11674082122184773,92,0.05164328693984799,91,0.15402413952676816,89,0.05869454025432663,88,0.2561349413694635,59,0.07478638928276249,89,0.28375576962565513,69,0.12333947629789721,119,0.22950141902993831,81,0.09311998994589721,104,0.15131184602842063,83,0.04743376406835331,84,0.11167044484622657,90,0.9997000299990002,139,0.0,123,0.16806308787292923,134,0.038284484753928316,190,0.07505953290861611,90,0.23756148201413216,76,0.10670121155533685,109,0.21297187679793106,82,0.0774171064300998,84,0.17349507053493599,85,0.03879711379213091,61,0.14224367472268487,91
"(9, 10)",0.2025214695972144,138,0.10165244858929455,132,0.22288515942565157,145,0.16039485387269412,106,0.19057195721581877,156,0.19706726502507496,111,0.14064976758168946,128,0.23339772097689532,89,0.1812705420911156,145,0.13493497536734134,110,0.24724926626219312,154,0.05573179524152847,135,0.122423851187214,118,0.19713209733487833,87,0.19463276264207985,145,0.24205579570411587,80,0.22321068420557122,165,0.18538154110982863,117,0.1508791402986327,142,0.26489266014283086,87,0.1607112760913365,149,0.18914726067821191,105,0.23679103490674724,161,0.07195733594500194,137,0.24720530637754368,146,0.09139185385800011,140,0.2285175353227329,148,0.16281517710675011,105,0.19378732339574756,156,0.20659054183146,110,0.12667536100882337,120,0.22746889870473508,83,0.16343382094410386,134,0.12544112063432716,106,0.25970700644282874,154,0.06335869455483255,134,0.9997000299990002,140,0.0,124,0.09000339169984994,107,0.04714409402244263,179,0.19327310561230537,153,0.17332219085701517,119,0.14527969843895994,136,0.1921514790742186,98,0.18892270623289042,159,0.12886591609473413,127,0.2894185714536004,172,0.07279875817215631,160
"(55, 9)",0.2792517105568837,153,0.13134924898467887,107,0.3100651187394854,165,0.21076284959195196,71,0.2710684154248446,185,0.24968483969413635,74,0.195522778151755,153,0.2971953940374047,60,0.24140553190486091,165,0.1764914414133753,81,0.29194014038480576,167,0.07466850568947682,115,0.19987003899081457,144,0.25596755504055624,64,0.2909911708383519,173,0.31623612014187524,55,0.31160701368042454,191,0.23615583237144633,76,0.20003289419750103,167,0.3477789698408054,55,0.20349748589597183,167,0.2478356912803737,71,0.2895274672664986,175,0.09457479408242825,112,0.3324852633878215,164,0.1175796748522573,119,0.32111188436718563,170,0.2133050306823015,76,0.2773768293585067,186,0.26047728307546714,73,0.17741613604458029,147,0.29024496937882766,56,0.22194582198778678,153,0.16260414879859073,76,0.299555782144421,161,0.08478418487688029,113,0.9997000299990002,141,0.0,125,0.1667353079862628,133,0.05877259907589175,165,0.28734625516338386,184,0.21858526180770485,86,0.1949477608143948,164,0.2552392779224034,62,0.2372149278964577,175,0.17099043573278985,90,0.29853025064933925,174,0.09518791710572531,134
"(55, 105)",0.04155477898383508,84,0.24786728839418098,47,0.03374920598190956,72,0.44142525781199615,16,0.04391904462428364,56,0.45800215136455896,23,0.07387295728230736,84,0.4110986328856146,33,0.05372889571974593,74,0.2912304297663066,38,0.0381422722547371,68,0.1471521268925739,60,0.0716404681750138,96,0.3603418308227115,39,0.038387400475043965,66,0.6212148695523562,5,0.03339949930372388,48,0.4971503679634906,18,0.07155834642596703,77,0.48991081201166053,31,0.0698364087186314,76,0.353988836989697,41,0.0387686014878893,60,0.18486099368379172,58,0.0289987431014751,73,0.2651327218795755,37,0.03132091162955508,66,0.46338477428762376,16,0.04208468880064209,55,0.48837325572052254,19,0.08408126015456685,89,0.37227396880268016,36,0.061416850118642285,84,0.2495273191236757,42,0.036231053722436735,77,0.17144063363283438,52,0.9997000299990002,142,0.0,126,0.09088418843737145,108,0.0719484282444515,147,0.039343759747941354,57,0.42409592894727893,27,0.07417418061562864,77,0.3522378367293462,36,0.05529184482951943,64,0.2778425763361122,39,0.036482734675521655,58,0.19181481355586522,54
"(10, 103)",0.13774267422857056,120,0.1084986140060597,126,0.12782650769469106,124,0.19131238668096767,81,0.11962463892727526,122,0.21304349942322015,101,0.09320299480540262,97,0.23436503301738465,87,0.1190282546727468,116,0.14231295615537157,102,0.1843070068547965,139,0.059894674148145824,130,0.06067080252763657,89,0.23789107763615297,70,0.11677554571392856,118,0.2702327100013116,69,0.13061995082939948,127,0.21077268996990908,94,0.0926772479000153,92,0.2819554168427669,78,0.09529713428971864,95,0.2093115019476249,89,0.1587028518555771,138,0.07994154351144454,130,0.16805180923806073,132,0.1008481455350979,133,0.12993949828996265,125,0.19543638738684002,88,0.1213261391497018,123,0.224253408208269,95,0.0854512834962764,92,0.22543904572903994,84,0.10638477439272376,112,0.13157970816171952,101,0.19421691833722066,141,0.06927376352572986,132,0.9997000299990002,143,0.0,127,0.03753103041494532,64,0.057328144154029474,169,0.108286653541808,116,0.2022602383647768,91,0.09012249346127754,87,0.20926920688810532,83,0.1149450824441447,111,0.14508056166026184,110,0.19565163143395448,145,0.08291693576713462,148
"(10, 9)",0.11306849432089527,115,0.11587768872080281,118,0.12221546907816982,118,0.1941964730060827,80,0.13053402496651234,125,0.20693498693119045,104,0.16331311363086776,140,0.19439977239716694,106,0.13116821589190764,122,0.13777960162341357,107,0.08001309336576534,101,0.0791009686216733,109,0.2237145312078519,149,0.15398319814600234,118,0.13360182596547454,125,0.25837535545552726,74,0.11954360594586921,122,0.21709112017027068,87,0.16407988820128105,152,0.23306999577359472,101,0.16031053533546724,148,0.1759944690825085,110,0.09644212284334763,106,0.09437968407481512,113,0.09001082992364218,103,0.1241797340252016,112,0.12018729471876743,120,0.20058554590193817,84,0.12874728731120444,124,0.21985911846369488,100,0.17518385191362862,144,0.17746143012611226,113,0.14566915769098565,126,0.11849304903738853,112,0.07455907357639358,99,0.09531566919667031,105,0.9997000299990002,144,0.0,128,0.29433339395481206,171,0.02885480870616272,198,0.1433502370807067,134,0.18420553981896717,107,0.1678826281930439,155,0.17007786999641125,116,0.13562483150123872,132,0.13729654957908222,118,0.0738056502803528,89,0.11475577008056016,113
"(103, 31)",0.09891284110367193,108,0.12123256763435546,112,0.1507496269882087,132,0.16715756650637775,99,0.15985543281138082,140,0.1899155191911129,118,0.15571667566133085,135,0.1889582678226495,110,0.16187595059652615,138,0.1270284613021255,119,0.2416846248339909,152,0.05487915739318516,138,0.06941312591193594,94,0.19157010428736965,91,0.14243434558883572,127,0.23839449912513985,83,0.1606299185038399,139,0.19308909186743975,110,0.14345040488335126,133,0.2321326007564182,103,0.14057561216457493,129,0.18488777970760334,106,0.20805477383540527,151,0.07813964520584106,135,0.1318522668902129,120,0.10978857051821844,126,0.15287026445467133,131,0.17042195759159123,101,0.1661003655613954,143,0.1980947959538966,116,0.15007678464638452,132,0.18020079807097283,108,0.15310494903685,129,0.11592197344506786,116,0.25294734542502384,151,0.0627437843592544,135,0.9997000299990002,145,0.0,129,0.05618520363238444,81,0.044915261502061675,182,0.1432377270084647,133,0.18198676183118825,109,0.15220293031798704,141,0.17264125685705986,113,0.17622994211011256,151,0.12325095049253727,133,0.24176270033423886,155,0.0784300395436056,154
"(103, 10)",0.1553125033938303,128,0.10430410211229775,129,0.10236339016009732,108,0.19017929589117233,82,0.09561955405760414,104,0.22540005483870446,88,0.09861422255620389,103,0.22003803363131336,94,0.0941982390689522,101,0.15215312855175434,97,0.05362650060240115,87,0.09064919594997022,99,0.2043640026683251,146,0.13366164542294323,136,0.10904973862524203,116,0.2605911096351819,72,0.09507166216385143,106,0.22997618078583393,80,0.10820361106135401,110,0.25500937395017176,93,0.11061960115055114,113,0.20026305583191406,96,0.06764240994555104,89,0.11363818953215682,97,0.11838934812453128,115,0.11380170994636503,122,0.10074136171346237,108,0.19583814326508292,87,0.09130907124688825,101,0.2418198537617513,83,0.10288485158255012,106,0.20436698461472802,96,0.10056383500377031,110,0.13335671842867577,98,0.04966296805356096,87,0.10795345038041833,92,0.9997000299990002,146,0.0,130,0.23487650591154052,157,0.027881837586688725,201,0.1083800250097553,117,0.19971431208974877,94,0.10124830567633158,103,0.19776814450666197,93,0.08480598607573564,92,0.15728042496940828,96,0.05359789324573416,77,0.12958745481944772,97
"(59, 35)",0.6780965012436357,202,0.0654189139824226,167,0.6989554593347453,212,0.05970186096028449,192,0.20844127805241808,165,0.22564991165776757,87,0.027787394388214315,47,0.37353817588308397,40,0.016371832329852953,38,0.28706876733578407,39,0.006189009287038472,29,0.23170433528729506,30,0.4322165500303542,181,0.10170915411355737,161,0.4339110442730807,199,0.0884878454441694,186,0.25997549886493654,174,0.14853315007439336,143,0.10306287196832442,105,0.2352319646282389,99,0.07430540208319436,79,0.20936883462893952,88,0.01696824404553876,39,0.18388544364572615,59,0.6681808529780768,201,0.06303435823907387,168,0.7048540423078798,213,0.06383285740324443,191,0.2200100874269595,166,0.23405797748395218,87,0.01945069692459145,43,0.387147109660073,32,0.0070403215219061455,31,0.2893500806593055,28,0.006498465062454772,35,0.2568626731155756,19,0.9997000299990002,147,0.0,131,0.43300535597467105,200,0.06244160030174964,160,0.23547731554520668,169,0.15314588708201543,135,0.06784651294716026,73,0.21367823228842092,81,0.04685998524372148,55,0.1874301710272686,80,0.03232541407539313,54,0.21383006447080682,42
"(59, 11)",0.001791637045827299,29,0.47320626598190685,11,0.0014252661758007434,22,0.4708028063704705,13,0.06745994105239594,78,0.32866068632747797,52,0.33877158115443173,191,0.16229878861386882,127,0.415292379217874,198,0.0977013099460939,143,0.5441370403902495,203,0.0521080843860694,142,0.014512692498852564,51,0.3152665121668598,47,0.014337272256591538,38,0.2757581423384857,67,0.04734741559518918,67,0.26204071284169234,67,0.1498480632894914,140,0.20764112400706566,122,0.19469810569439205,164,0.1518675277810566,129,0.41022548156919947,196,0.06359438542260445,148,0.0019889031559386927,32,0.43819841143403354,15,0.0013327569443087883,22,0.5162107357676652,10,0.062244947632493774,77,0.35653563552928785,47,0.39072435514905646,193,0.1424177922881591,133,0.5281808782014281,207,0.06860570223706705,157,0.5381397819232889,198,0.058930423370258535,139,1.000088900582341e-12,5,0.09304719670573328,45,0.01443079853952578,38,0.19403272954831852,38,0.05595419632835219,76,0.24725446468337067,68,0.20762383191498168,167,0.1471782807079505,133,0.26150077000119853,182,0.10566939639119777,150,0.31644389395976436,178,0.09995807697972964,130
"(12, 42)",9.999999999998899e-05,12,0.25692674645980623,43,9.999999999998899e-05,5,0.19674692261937468,78,9.999999999998899e-05,4,0.12364343160494069,173,9.999999999998899e-05,5,0.06166239911354686,202,9.999999999998899e-05,5,0.029288478189408274,205,9.999999999998899e-05,6,0.010980846995391993,208,9.999999999998899e-05,8,0.14808806488991888,123,9.999999999998899e-05,4,0.13948926028972242,147,9.999999999998899e-05,4,0.15058146905170172,142,9.999999999998899e-05,4,0.11438928443707534,182,9.999999999998899e-05,4,0.06034096082828862,200,9.999999999998899e-05,6,0.015210929220975474,210,9.999999999998899e-05,11,0.27955423048620437,35,9.999999999998899e-05,5,0.2150457196670515,74,9.999999999998899e-05,4,0.13117338785276184,171,9.999999999998899e-05,6,0.0450728719885624,203,9.999999999998899e-05,6,0.016604060140811682,209,9.999999999998899e-05,6,0.009122697528428125,209,9.999999999998899e-05,16,0.0562242635413367,57,9.999999999998899e-05,4,0.07181984175289105,148,9.999999999998899e-05,4,0.13492275575465174,151,9.999999999998899e-05,4,0.07792696056371726,191,9.999999999998899e-05,4,0.026343683368324558,210,9.999999999998899e-05,5,0.010730027080004985,212
"(42, 109)",3.823736164809688e-06,3,0.4609923286847026,13,0.00017936272476082316,18,0.42001119554216765,19,0.02453061899972786,38,0.24451410149703173,77,0.23313822787964233,168,0.11991974005360645,163,0.3740705579693693,189,0.05648645687189943,187,0.6519607842911322,213,0.018510391523776683,194,2.1070339656259485e-05,1,0.36205098493626886,37,0.0019467411654712219,19,0.28884337073697547,62,0.01405010253212513,30,0.2764510038097399,64,0.06898856510329954,74,0.20140988545357996,124,0.15108857068769121,139,0.10394415122337824,172,0.5273125434716183,209,0.028160877765493073,197,1.2385244918533544e-06,2,0.4961689311697277,9,0.00015182395147439465,18,0.4592996233063977,17,0.0232098608314395,35,0.25667580283727204,75,0.3131232584388568,184,0.09213558671019781,173,0.5820350585999691,211,0.031961129345917605,195,0.69732482067639,213,0.014477922888425922,203,1.000088900582341e-12,6,0.16815806145074436,30,0.0008031516700308661,17,0.18411442483262327,43,0.027758461059786632,41,0.2428978860066369,72,0.07538490597621528,78,0.12349828253080337,152,0.23705599922384524,174,0.04866849193974144,196,0.4801066675695653,200,0.02199258982290356,208
"(42, 12)",0.9538177605346632,216,0.0073232051915679995,214,0.8401756283532239,217,0.025102380286927573,212,0.35706443406949784,198,0.10014391103799285,185,0.05685938642296451,70,0.19193806807121572,107,0.021827926564702893,48,0.14563240295720814,99,0.00234684362340265,22,0.12077991285539638,74,0.9194074919882365,217,0.010283893395133257,215,0.6702350731142723,213,0.0412119114926202,210,0.4367248034058242,204,0.0879242589021811,193,0.20523916422282307,170,0.1400403134042069,167,0.10210195868029226,104,0.11844931959597324,157,0.007089277130855942,26,0.1184317746211614,90,0.9681274235415025,218,0.00538625518711547,216,0.8483437546356289,217,0.02588325536180813,212,0.3651440743673894,202,0.10243641135980146,184,0.033059085859860504,54,0.19494057145295862,101,0.004497899844937203,25,0.16165975071745345,77,0.0014516693466406494,23,0.11338668673537754,89,0.9997000299990002,148,0.0,132,0.7462573510621116,216,0.01886792452830189,212,0.33892492068782265,196,0.10548426854015747,177,0.19266336998901634,163,0.09032805655401056,181,0.0553520734529821,65,0.07903514264550006,178,0.010213860562338306,31,0.07937047486318365,151
"(13, 91)",9.999999999998899e-05,13,0.019593012011947485,207,9.999999999998899e-05,6,0.010670800895324866,217,9.999999999998899e-05,5,0.01277676915663589,217,9.999999999998899e-05,6,0.01206893970022311,217,9.999999999998899e-05,6,0.006232825354128038,216,9.999999999998899e-05,7,0.001733487978433278,214,9.999999999998899e-05,9,0.030011587485515644,205,9.999999999998899e-05,5,0.02756576799323553,213,9.999999999998899e-05,5,0.02261424215533864,214,9.999999999998899e-05,5,0.019089263846895757,213,9.999999999998899e-05,5,0.011183245367013473,214,9.999999999998899e-05,7,0.004579346649272546,214,9.999999999998899e-05,12,0.018605339220282662,207,9.999999999998899e-05,6,0.010282368309131781,217,9.999999999998899e-05,5,0.012334723102607827,217,9.999999999998899e-05,7,0.008292789620809593,218,9.999999999998899e-05,7,0.0047933020975274125,218,9.999999999998899e-05,7,0.002959828926476932,214,0.9999,221,0.0,133,9.999999999998899e-05,5,0.02250263602307699,206,9.999999999998899e-05,5,0.024612240204581047,213,9.999999999998899e-05,5,0.00905160382571248,216,9.999999999998899e-05,5,0.006785432192742288,214,9.999999999998899e-05,6,0.0031272307012474923,214
"(91, 92)",7.56991287071962e-05,7,0.15460386359241035,90,0.00046292585895657545,20,0.07085758967780567,178,0.002331490717729645,15,0.06207643996216455,206,0.015203022409985278,35,0.03496698261533624,209,0.010866452316138142,28,0.020170204903327823,212,0.0672244209052919,92,0.0056863421209366475,212,0.00022642410579543082,20,0.12340672074159909,147,0.0013509135842095787,17,0.08684975009976476,189,0.0041666449973698505,15,0.06537273400543105,205,0.010433583402642888,23,0.05086858046967283,212,0.01768273655140129,29,0.030861845100585133,212,0.05652916910951877,78,0.013581186804442388,211,0.00013717316748673714,22,0.14453370961256895,96,0.0007607352718048688,20,0.06632389574093202,189,0.0019092617186120542,15,0.0667696345829353,203,0.022079667373854805,47,0.028196551650555873,210,0.011989607734022134,41,0.017941636198585718,207,0.03158827438109735,72,0.008686753733055554,210,0.9997000299990002,149,0.0,134,0.002249037566727896,22,0.07658611437339803,141,0.0064678251501568695,18,0.06579891393246817,205,0.019681146144670425,32,0.029433377575491745,212,0.050080166043294794,60,0.02356894089143718,211,0.20893714859492563,148,0.010730027080004985,213
"(91, 13)",0.8783859492957635,213,0.006828974794249738,215,0.7854164957477756,215,0.005940963023656356,218,0.6526160896317,218,0.009489691783766772,218,0.4257191263288429,201,0.01151490648817813,218,0.4718297897368783,208,0.005738668225052047,217,0.20894189633248317,147,0.003896429579010062,213,0.8280680946699834,214,0.008009849362688297,216,0.7036726439569522,217,0.010794127414237197,218,0.5907700428827471,218,0.012536779668932942,218,0.47727074179532447,211,0.014223479306869534,217,0.404361727482881,209,0.010872974385781496,215,0.23398684063957953,159,0.008458592682992146,213,0.8531229387320314,212,0.007859380808241728,214,0.750377054360511,214,0.006662768090406465,218,0.6720898035984106,218,0.009456382969225689,218,0.3724060970785579,190,0.010994814672556174,217,0.4585338593165573,195,0.005325248771800659,216,0.31985532442775033,164,0.00401527179948421,213,0.9997000299990002,150,0.0,135,0.656193262542542,213,0.011547066942127508,216,0.5387230269401536,215,0.015066636219202309,215,0.3890305522907431,204,0.010885849534887694,213,0.2517177658194525,177,0.013759121249698174,213,0.06722665017434015,84,0.015658814598275488,209
"(14, 38)",0.44798378441579767,178,0.11215162129058598,122,0.4693072767898936,193,0.16277649445756961,105,0.23136266981621834,171,0.3190947395404906,56,0.11419915213365228,113,0.39239027896320916,35,0.12461488516457209,119,0.2761543403109752,41,0.1951989555625262,142,0.14576345569104415,63,0.3717972243993931,173,0.148117033603708,122,0.3700766585599745,190,0.23408577815110104,86,0.25962940720548455,173,0.2857024666564362,59,0.16892040889001958,155,0.39039522307834024,47,0.16009601092776504,147,0.329909110837563,46,0.2300273059496658,157,0.17075568783929057,68,0.4866645536374904,185,0.09971779057329479,134,0.47298230601017077,196,0.16085804119326813,106,0.2340684589419879,173,0.3324000749939737,56,0.11163679491965939,111,0.3717911785417066,38,0.1097861965241651,113,0.2516319777044959,40,0.17158395917628844,135,0.16793013885957103,54,0.9997000299990002,151,0.0,136,0.3669969924561225,192,0.0512760066179181,177,0.3020722007820976,186,0.24592319789070333,70,0.16006699772119115,154,0.31168505659388546,48,0.15409892826377913,142,0.25781368299999596,46,0.1763405395333575,137,0.1716124500039657,71
"(14, 17)",0.012950848818955585,58,0.365421062810237,26,0.011072293774660569,41,0.567542323688127,7,0.05755708481919952,71,0.5073618527045378,14,0.13646126218154842,124,0.3697737448152973,42,0.12538590746872746,120,0.27558713386716627,43,0.07404241873526884,98,0.2013635936177549,45,0.02217242600514746,62,0.37911355735805335,30,0.022436502684887505,46,0.595873227605953,6,0.04745875099860375,68,0.5034154217735641,17,0.08944015707735353,89,0.4825633689868548,34,0.09544894865276254,96,0.3919801696372865,32,0.05808793395789613,80,0.2701508468156899,34,0.009720790870410223,49,0.3675208812216937,23,0.010773501553063669,38,0.567464609028495,7,0.05649751888632881,70,0.5338660286226999,12,0.13938919692604212,127,0.3452697223822632,42,0.14155813827395325,125,0.2311905776054305,51,0.08771716810194219,104,0.21001936508227867,36,0.9997000299990002,152,0.0,137,0.022916485893748506,47,0.12924656888378355,89,0.035620788783934265,51,0.5014972702552567,13,0.0954695034674008,91,0.37027838381306644,30,0.09981624709431536,101,0.2979696906448617,31,0.0847381017558716,96,0.2190987683696477,38
"(38, 18)",0.6354420769182317,197,0.04282184068590584,195,0.4997386716390845,196,0.1033143104668764,150,0.31656159756407576,195,0.15586035924218752,142,0.23161509284386272,166,0.152730485303146,136,0.1452211796606313,131,0.16193314268894526,91,0.07711810615018455,99,0.1788658662737845,52,0.5200327549242203,194,0.07401506373117034,183,0.5500652617302293,208,0.08947851639351123,184,0.3059608152330786,188,0.1597461952641798,138,0.19855418497483068,166,0.22857808554677767,104,0.1625065675130607,150,0.21235013405729897,86,0.09697214058996173,109,0.20439112287722225,53,0.6330879717520118,198,0.04360970132835674,196,0.4677268353460541,195,0.11487028373534237,146,0.31747888373820154,194,0.1644849967413333,141,0.22152357708498416,161,0.14864071869065146,129,0.13562103394005465,122,0.14170789574616122,90,0.13141209480998262,123,0.13469745500601144,74,1.000088900582341e-12,7,0.139927146024707,37,0.08206116618570869,99,0.10841555725099226,100,0.25149204682352055,173,0.18886821268525583,102,0.17800745335580737,159,0.18904123634996498,103,0.17470255527430445,149,0.1609105084163096,95,0.16039902056090627,133,0.10871658905242643,117
"(38, 14)",0.0027603068933079733,36,0.2624449362872553,39,0.008797666877533583,38,0.3971479236887639,21,0.03229970307376684,43,0.33354587387422474,49,0.05745733233906514,72,0.24307084138178875,79,0.10674886136339667,107,0.17942845356749218,79,0.18946588833635924,141,0.13255697313563838,71,0.007510877132730909,40,0.30392526071842413,52,0.005895048581067042,25,0.40584579578783453,26,0.03469776513178924,52,0.33002888997124347,51,0.07230796262322725,78,0.320085178321792,63,0.09375994255881481,93,0.2550764716793417,68,0.15796658427007038,135,0.17370911775845382,65,0.00282353410272429,35,0.2649354787318783,38,0.011202957190467266,39,0.3984993012941248,28,0.03210001648310934,45,0.35307162817273613,50,0.06159644332722891,75,0.227732966306041,82,0.11494848350111053,117,0.14973913412187362,85,0.11879995336873073,117,0.13930469259079103,69,0.9997000299990002,153,0.0,138,0.18078752858702596,140,0.08331976031477972,132,0.0501571537958051,72,0.32326299645157475,46,0.08372273100246352,82,0.24308312778768323,67,0.08575014245171175,94,0.20398858999701247,69,0.09523460151377239,99,0.12934951335304845,98
"(17, 56)",0.18136292416289646,132,0.1376796957259815,101,0.1698392662395456,134,0.21457697811136142,69,0.34296457166546146,196,0.20600532487065046,106,0.4344499972713325,202,0.18566102151745204,114,0.4358547373723791,202,0.13015883928935906,116,0.3453728566391424,176,0.09339205667533933,96,0.25981618405342655,157,0.15780706836616457,111,0.21475277404563609,152,0.2525206296760366,76,0.30384021955021134,187,0.21078870288699555,93,0.3919357087838059,204,0.21736185615050338,115,0.4103877646752251,210,0.17379559212856013,112,0.3076819273956004,179,0.11827109579136236,91,0.14587071788891126,128,0.1431226624790429,97,0.16733235708208438,134,0.2150821738866274,73,0.3333522191822761,197,0.22130185967199067,99,0.43549316335478283,201,0.17770149158184495,112,0.4499376408185868,191,0.11346846577713363,118,0.35660325982146235,175,0.10256610284602465,98,0.9997000299990002,154,0.0,139,0.2763988543876186,167,0.04178203732437229,186,0.28042706566655595,182,0.2050183251627239,90,0.4089721671886357,206,0.16913226506559423,117,0.3892100394885376,204,0.1407056358375589,114,0.3528469091616042,183,0.10800276465322861,118
"(17, 14)",0.08172215023752316,103,0.17958613576294133,72,0.08884120702874165,104,0.2663121677069921,51,0.027006507991994222,40,0.48062392817103194,19,0.014281870761546522,34,0.5795696509590764,8,0.01413835544218267,34,0.4081200758853469,13,0.026567500466993632,59,0.21959499702203691,37,0.04739863218474083,81,0.27824449594438005,59,0.06455700112321794,89,0.37696006340294075,31,0.035198141874445366,53,0.4324034721341883,29,0.019287399333993815,31,0.5931488886721502,17,0.016948844421404874,27,0.5027941250864205,18,0.034296830653189114,56,0.24575061880477905,42,0.10622147290587891,105,0.15908418489269213,85,0.09048684543059293,104,0.26399917978005955,54,0.028828720366892213,40,0.5004312153487667,17,0.01417517388121492,37,0.5565558116211083,10,0.012767941776481884,44,0.3720080408750909,14,0.024608091938402854,59,0.2500573610257069,21,0.9997000299990002,155,0.0,140,0.04236383554531331,70,0.07807343145911379,137,0.04122605693701198,60,0.3884562001888391,31,0.01711874014058279,28,0.48711755692142933,14,0.019656608629754047,33,0.3806594719804213,16,0.025247755006262196,47,0.26014933659653056,27
"(15, 110)",0.2899330797101122,156,0.09946064421857878,134,0.1636987214355694,133,0.2258107411910751,65,0.10098562643848918,112,0.3690044503717837,42,0.06782353776860539,79,0.335618345986254,49,0.04883656857329299,71,0.3049336218065095,34,0.04447452400366381,74,0.15279144854393278,58,0.19866536485316177,143,0.11173232908458865,157,0.15954899935385802,132,0.2814649651311732,65,0.1504276074390275,134,0.3593178497321173,40,0.07253499373588279,79,0.5049253876914074,27,0.0560591247885176,63,0.42972530900628975,26,0.05232254717896656,74,0.19146412845124738,56,0.2968007073608111,155,0.1013222877170623,132,0.16658203297548768,133,0.23434822893249896,63,0.10745187136030498,113,0.354571507646707,49,0.06380663295701328,78,0.31612359430680925,50,0.04434770763961948,75,0.26940015303103604,35,0.058368752392291445,91,0.14864306757587717,65,0.9997000299990002,156,0.0,141,0.08506735145568445,102,0.16729959795290306,52,0.1843205723371808,150,0.27150392658922,61,0.08507359728762542,83,0.3349321272123453,41,0.07479664659872531,83,0.2676480578848932,42,0.09037265830536434,97,0.19916833792220445,48
"(15, 50)",0.03866258521773713,82,0.1946795023314782,63,0.09293814578895421,105,0.2727062077927662,47,0.1525481959167979,136,0.32159979751862977,53,0.20767226864399846,157,0.2311246874204513,90,0.2554153927490391,168,0.17567285938651464,83,0.2692114567107282,163,0.08383749725713927,105,0.07225129047063206,98,0.1565324449594438,113,0.09583740342067171,111,0.33358821017851614,50,0.1026125450228792,113,0.4081826006311759,36,0.19810979008081808,165,0.3612221897114124,49,0.23520408353063627,178,0.2664350876009645,65,0.24528937913051196,164,0.11439950113049033,95,0.036911148662782,82,0.20298975094259464,59,0.09098653531657164,105,0.28668965307734373,48,0.14436164599504198,133,0.3213348927318341,61,0.21643580752826952,159,0.21039519450312613,92,0.2696332859939172,163,0.14760363805268972,87,0.2293262580885954,147,0.09420057085692785,106,0.9997000299990002,157,0.0,142,0.1758051055114047,138,0.1313425286962187,87,0.08000531616473205,95,0.35858691374460083,38,0.1757949722237968,158,0.26295792058057865,60,0.19376797397552337,160,0.19487859478528488,73,0.1675045221813316,135,0.16214011353207108,77
"(110, 16)",0.6038276943917147,192,0.03334551002428176,198,0.5025765177652846,197,0.06742248520333127,182,0.3980161846426582,205,0.1121840893124557,179,0.42363225615578326,199,0.09948040669032537,174,0.32536647363958415,179,0.09207866122091185,148,0.44061962035054114,192,0.051098711639133564,146,0.6470846057159305,207,0.03697856315179606,204,0.5202048630496847,205,0.0878236773147515,188,0.44786870035252835,206,0.11025560618899247,177,0.33623098469628565,199,0.15123486892725166,161,0.31208232005407954,198,0.13026322445744734,146,0.5293120975202082,210,0.05833789227632168,160,0.463968619154715,183,0.03873172656030709,198,0.46398342976041707,193,0.07683106507078194,175,0.4639857532820595,209,0.1074699354516155,183,0.46398429667106933,205,0.09732358150353157,169,0.46398201645804527,197,0.080098448681601,145,0.463992626537275,186,0.04942225974907993,152,0.4637628879212701,74,0.017302819132087425,83,0.4639773123022678,203,0.06075283104592253,163,0.46398429940861363,212,0.08623596460968133,183,0.46397891939274083,213,0.10255256367168142,169,0.46398896851489413,210,0.08201451214870656,176,0.4639747478081969,199,0.061400228877029575,173
"(110, 15)",0.003707866948919225,41,0.18209596665019231,70,0.00860737204352724,37,0.26156640445528434,53,0.018486398742623145,31,0.3120906363723386,58,0.015430829696966741,36,0.30010331970711107,58,0.030431888830744436,55,0.20284935297643727,64,0.013660942738010773,41,0.16265634306134602,55,0.0024635435350468526,29,0.236819235225956,71,0.007500675648062893,28,0.3608302659742202,38,0.012961693018908704,28,0.35911235062950786,41,0.028270995890816386,38,0.34521061586310786,58,0.03329241888223211,40,0.2746606411142775,61,0.006976963316575047,25,0.24696336140111938,41,0.011519002032424286,52,0.13276739722494063,103,0.011517741647529056,41,0.263379458047269,55,0.011517543926246043,24,0.3684132525064951,42,0.01151766787697417,32,0.33362940912873695,46,0.01151786191465931,39,0.27457892373310927,34,0.01151695906012895,46,0.16942611441000743,53,0.011536522081414091,33,0.05927304402914159,55,0.011518262229791576,35,0.20825868173128853,30,0.011517667644021068,21,0.29562058572499783,55,0.011518125467957163,24,0.35154857048459404,37,0.01151727032915606,25,0.2811534416219557,37,0.011518480468636016,32,0.21047622284917905,43
"(50, 15)",0.15439300377240428,126,0.14378236671895483,95,0.28112746128327304,158,0.15029179277576987,109,0.2053900023035392,162,0.2778083338606286,67,0.149170229891615,132,0.2841022415884282,65,0.10453560039519416,106,0.22677300355148577,59,0.09666324994408015,108,0.12977963073257892,72,0.10417030789952975,113,0.2090527230590962,83,0.1675201934581878,136,0.3069405569524171,57,0.2302951525313457,168,0.30065586239566583,55,0.13013230347863747,124,0.42218537663773203,45,0.1086154059372908,109,0.3303374196920898,45,0.0825468253625502,97,0.17046876135750658,69,0.1853897314577233,137,0.13307843449630927,102,0.2851275619705258,158,0.1571731271644693,110,0.1976100556486362,158,0.2847681882705854,68,0.1381440395864182,125,0.27686287689648553,64,0.09434991466574472,106,0.20228814163658407,58,0.1016716369160765,113,0.1471838030818932,67,0.9997000299990002,158,0.0,143,0.21663503671418827,151,0.10025460125328968,110,0.2519685148046493,174,0.24134798050714462,73,0.12632705560880186,124,0.30905900916553214,51,0.12891804249023786,125,0.2330456277343287,54,0.1450090564257649,125,0.1789093216402098,65
"(50, 96)",0.09959639459030645,109,0.1664052259492447,83,0.041031431872009194,79,0.2854504931692064,45,0.06891568713968255,81,0.39979037986348737,36,0.10359272544842124,106,0.32081817228935505,52,0.14797474000543165,133,0.2019684641811279,66,0.1583950711708335,135,0.11008118867747092,84,0.14843628481844073,127,0.18577636152954807,95,0.09036227311287393,106,0.37706331643146374,30,0.057981031251642445,75,0.4761414207460685,22,0.12000444459924398,119,0.4337429695373712,43,0.1429546467409124,133,0.3014316307775323,53,0.17996810833916,144,0.1314658882670023,85,0.07939513261367548,98,0.17655158287626027,76,0.03993764758027485,79,0.3026429309192539,44,0.07279127095645321,86,0.39725379210599154,37,0.11271732456051498,113,0.2962865160147664,52,0.16165855640113602,132,0.16905111120961977,73,0.15164885121404437,126,0.12881909709156658,77,0.9997000299990002,159,0.0,144,0.06371845147617083,88,0.15075051648907442,64,0.049994787384397554,71,0.4137939969908836,28,0.12368227082925398,121,0.3112464326199523,49,0.12116215680931863,118,0.23791575096072393,51,0.10692181236225862,106,0.19803528332030318,50
"(16, 110)",0.473278058154429,181,0.054850978791069475,180,0.5411809976889137,200,0.0780136591984597,171,0.5917659210947622,217,0.0958363145794699,187,0.5742808188209801,215,0.09096326909542847,182,0.6377853027728227,216,0.06393533846540576,176,0.5241926036821355,201,0.05523964765994796,137,0.376501748255162,175,0.07394264194669757,184,0.46717909677483715,203,0.11125653354467646,167,0.5556192033316713,215,0.11043441709645782,176,0.6349045280692303,218,0.10780042697530262,185,0.6668920821762592,218,0.08888251859096505,185,0.49220291468830313,207,0.07940977309853821,132,0.4862402844775635,184,0.05809569327173278,172,0.5326359284155564,200,0.09152363448569172,164,0.5916920539420022,217,0.09311751734235643,189,0.594581906010295,215,0.08388547468151847,179,0.6351228796334993,213,0.05523957837444036,177,0.5877881929174409,204,0.04387430134270689,161,0.9997000299990002,160,0.0,145,0.5640108933461647,209,0.06536051366017162,157,0.5786644090212625,217,0.08587318631094959,184,0.6656817767741006,218,0.07060137055750816,194,0.6685151758835637,218,0.05819183374463366,192,0.6054134397369414,209,0.050998787631575955,182
"(16, 26)",0.010749759072622211,54,0.19368244622558398,64,0.006339996211439658,33,0.3434961146054049,32,0.00413014703414416,17,0.5014853501159239,17,0.004809272374888596,21,0.4479343545513079,20,0.002698467735706256,22,0.39529992114971024,15,0.0072675006065390235,32,0.22994263502711512,31,0.021464990312068943,59,0.1921205098493627,90,0.01124854948023124,34,0.3852900712445897,28,0.005630054272850349,17,0.5103396740036964,14,0.0027746467644693684,16,0.6593571529200125,8,0.0020157077385088984,17,0.6147412441191845,7,0.009320238541017933,28,0.2979291559388043,25,0.009752067083288463,50,0.21382674465357276,55,0.006793511282640052,33,0.39172261376754364,29,0.00413284544263981,17,0.4871322840128918,21,0.004028315465197663,22,0.44331882295200903,21,0.0027688149791466055,24,0.3381465513087623,20,0.004277462301505164,30,0.22640626290623078,29,0.9997000299990002,161,0.0,146,0.005248045185107353,27,0.31075068793772986,12,0.004631201630395987,15,0.42930762789959465,26,0.002041130505351818,17,0.48597257745700634,15,0.001981994346083038,17,0.40507147622029327,14,0.0036549917753276873,22,0.2800797670439738,22
"(26, 66)",0.318224086549419,161,0.10867481788684273,125,0.3971048545683604,182,0.135036074967134,122,0.2997653334346079,190,0.22623723742725357,86,0.27620756561817184,178,0.23592830510758722,85,0.27794496857861395,173,0.18019761988144525,78,0.37730833076837356,181,0.10217861509043602,91,0.4292891626718798,180,0.11871378910776362,153,0.446079451920107,202,0.1718242019517613,125,0.3212206814128913,194,0.23174961135315825,79,0.27584267916931515,190,0.29997182396480165,71,0.2624547262893365,184,0.27781393858658077,57,0.4220189957939441,199,0.131668649647463,84,0.3139875819235073,160,0.11478413254739525,121,0.407202320581445,184,0.15220168296980374,113,0.30034178338146766,188,0.22221785749359427,97,0.26246201551906156,171,0.23056302413417834,79,0.28744782457243434,169,0.1496774591451463,86,0.34318375904826437,172,0.09578832404849531,104,0.9997000299990002,162,0.0,147,0.40165913817410803,195,0.13751039407473448,79,0.32985541609884605,194,0.2057147299326107,89,0.2711930303774649,183,0.22504827711920888,74,0.2845545036795827,188,0.19130580690575288,77,0.32589163622136774,180,0.14497433631326692,89
"(26, 16)",0.03193867987863852,75,0.23384833573285774,50,0.018604493608496364,55,0.374580863904091,29,0.03617983997827845,51,0.4577928557174217,24,0.042418656881738404,59,0.4405612206699309,22,0.041923387165525794,62,0.338519118509622,28,0.021345817845399573,52,0.2661672047898185,22,0.01482021025882907,52,0.3645857473928158,36,0.013131312377913762,35,0.5564835925356432,7,0.03129786644489385,44,0.5036342649737455,16,0.04252343096368749,49,0.5594460158002537,21,0.04655779206773747,55,0.494433671146485,19,0.015609007746483439,36,0.39518575620430696,11,0.03286656290597412,77,0.2435573560314679,44,0.017333302826099795,53,0.4359089252080928,21,0.03603932891745831,53,0.4505316537063986,27,0.0465554908249145,65,0.4103503830313894,23,0.03931678694777774,68,0.29050263178689756,27,0.02696626842057137,63,0.2236391670261291,31,0.9997000299990002,163,0.0,148,0.018021075977836976,43,0.38698533256752937,5,0.029520421916858886,43,0.45990247094129627,19,0.04388202509721151,58,0.4129901053267179,26,0.04009250998428582,48,0.36764519310652477,20,0.030323865783870363,50,0.3199292973928413,18
"(56, 33)",0.0440080787653917,85,0.17310956873025765,76,0.03131924991592516,69,0.3017572860604352,40,0.08016831618751263,92,0.29384784368697814,62,0.09774125255277888,101,0.27485737388257486,67,0.08769070192137929,97,0.1933593875889214,70,0.047118894897537955,79,0.1362151656687878,68,0.08641461946568607,106,0.17259559675550407,103,0.04616691907713444,72,0.35241933008318843,43,0.0600158663192647,77,0.3087250381974794,54,0.08841598964944608,88,0.3172188085871886,64,0.09000381505263855,91,0.2620676862890579,67,0.043052180532533346,63,0.17779877654548168,63,0.031175034127463475,75,0.1805988605415083,71,0.030543605922168204,65,0.30455449905826604,42,0.07665655776965008,90,0.3166013445348142,62,0.09696047492882987,100,0.2603813242856838,69,0.09123881989506377,103,0.17031352088950735,72,0.04686690842953145,82,0.15515928009618296,61,0.9997000299990002,164,0.0,149,0.06550504434864413,90,0.05871259204649688,166,0.05660978505192871,77,0.28760383314141713,57,0.0996275634974031,99,0.23476636152869,72,0.08399362145254319,91,0.19437111976001345,74,0.06517474010976998,82,0.15308700726288,83
"(56, 17)",0.27076915166374804,152,0.09447106603347874,139,0.32111972676234357,168,0.1389011647026692,117,0.18403658013047708,153,0.2227522215353864,91,0.15690696427177153,137,0.2347393797822799,86,0.17162536212488688,142,0.15458094401199726,95,0.2606885373087613,160,0.07701639447039277,114,0.17363958388158873,133,0.13677578215527234,132,0.26369823164382467,166,0.19715189078620204,107,0.2252870388190782,166,0.19864690850619504,105,0.1704961371121656,156,0.25485765683756517,94,0.16806244590968045,152,0.21281891303981249,85,0.2740151997174183,173,0.09594056413572005,109,0.3218018952227665,162,0.08294453674412253,154,0.32482524940241153,171,0.1384910990947202,121,0.19030918167563138,155,0.23381692542563545,88,0.1579827360505699,138,0.2212779804963404,86,0.16620510135638233,135,0.13945290440956812,91,0.2614789902410233,156,0.08748244752613368,110,0.9997000299990002,165,0.0,150,0.21265724721257018,149,0.03965178778085433,189,0.233779174687488,168,0.17926268549874727,112,0.1543512630654793,145,0.20288922181271327,88,0.17756040088561043,152,0.15144855471931312,104,0.2133834806365702,150,0.10309663822699613,125
"(18, 38)",0.26826149155968704,151,0.0662483615187915,164,0.3037233244210591,164,0.12240406351997084,128,0.4190828901026581,207,0.15139376298971532,147,0.4524055268817445,206,0.14371920997858734,144,0.5251971818135033,211,0.1055154381132651,135,0.4077448066805487,184,0.11719695307357136,80,0.22313712321156653,148,0.09991309385863269,164,0.3907536403101811,193,0.11039423122539019,168,0.45652265945271864,208,0.13864517377351065,154,0.4834114398900098,212,0.16497068608645707,147,0.5499758266255554,215,0.12867477193396626,149,0.368518637415839,187,0.1533488146110616,77,0.2468895958915387,145,0.06880751344667228,158,0.30333309883894954,163,0.127385472993499,129,0.4190096469596851,205,0.15368943567034793,151,0.4389239901763067,202,0.13860614984102596,137,0.5193616841844817,205,0.09334122259077304,132,0.4959855090862729,189,0.08662891546361476,111,0.039796481874427525,40,0.1921919543870763,27,0.12274890326418009,119,0.1356116002160253,80,0.37124445713297094,204,0.17365095869024078,118,0.4515687714481479,211,0.15224809027678882,130,0.5200717356995616,214,0.11130073215550017,145,0.5291508937190168,204,0.08652004940118063,143
"(18, 24)",0.184141268026482,133,0.08220125921309926,149,0.12311028587471684,120,0.1975575244633744,77,0.1865843056752703,154,0.2704651392951766,70,0.21329838833113102,159,0.2604405312729287,74,0.18363175247640107,148,0.2510189305150621,53,0.09280373179701251,106,0.27000094040939154,21,0.13312838912469016,122,0.12794032444959444,141,0.2375566000068734,160,0.1609798433344589,134,0.1809212559909501,147,0.27663915558550567,63,0.18573290097682627,161,0.3485483923404532,53,0.1774768192509414,157,0.33376051801763823,44,0.10651233520044279,115,0.3059018864459756,23,0.17212845069416782,134,0.08364247403597411,153,0.10770890257303023,112,0.21581277720396136,71,0.17469187605000114,151,0.283518288708943,70,0.20236304485892664,154,0.24967725070951496,72,0.19211666530681315,144,0.2135939358079133,55,0.158430145555426,127,0.20405381840875927,40,0.02423927313027996,36,0.21222679759265123,23,0.0398962440209365,66,0.1879848782285925,41,0.11911870639204691,122,0.3347650119765425,43,0.15929726571949177,153,0.31842391582976837,46,0.1716472176917606,148,0.2697352535533483,40,0.22286692449352186,153,0.18773581698902067,59
"(18, 25)",0.03746701279099629,81,0.1378687925736511,100,0.052330843484825085,86,0.25726495930667265,55,0.017423946683670977,29,0.5264239810628001,12,0.011946211165535514,30,0.575571627509995,10,0.011352873360977789,29,0.516598308263811,4,0.047051890892320536,78,0.32634086705745896,13,0.07213554257717492,97,0.15764774044032445,112,0.01325260884503554,36,0.37295552026968576,33,0.015531521229546597,32,0.5399342135989699,9,0.013252697259699797,26,0.7057392416311757,6,0.01090126062794039,24,0.6792742357047705,3,0.04677988285980228,68,0.388050851023945,12,0.04620997742779043,88,0.12950529901302563,107,0.06115710285944065,92,0.25694604775502766,58,0.019340554734526116,32,0.5252774330634146,13,0.01392388576673198,36,0.5245609542709601,14,0.010740472296538517,37,0.45311448995757925,6,0.01631854913371822,48,0.3713552804265825,10,0.9995000999900006,109,0.0,151,0.3653613790722825,191,0.07218845636203097,146,0.040399821398903524,58,0.4575087819880575,20,0.019388427381542117,31,0.5649704640869501,7,0.013009321988344036,27,0.5270250913659673,3,0.007807840613902717,27,0.44959606603442215,7
"(24, 41)",0.03288538236798655,77,0.08566087199432709,147,0.01783460077435417,53,0.20724891448628308,74,0.027821797046397645,41,0.23510066471648552,80,0.044970013608554016,61,0.19522633005405565,105,0.025677583012731153,52,0.1867849492629539,74,0.021437810381270905,53,0.233801448230463,29,0.04524497193718746,80,0.12253765932792583,148,0.035671971849038475,63,0.15546836410924728,135,0.01817729354122033,34,0.2591864103710326,68,0.022955901564067238,34,0.29963587892974414,72,0.01701222793476287,28,0.2777026457346171,58,0.023907745630496136,48,0.2919687364905448,26,0.03427793339839036,79,0.08703353892138342,147,0.015369598466176138,48,0.22675435931709095,65,0.02772491665806487,39,0.23962895838727247,84,0.05172957259359523,68,0.17872575379297098,111,0.03538250545221722,63,0.1510150352029203,84,0.025199693148149294,60,0.17233087675180575,51,0.06709103872275779,47,0.20913842255305667,24,0.047279463143727884,75,0.16732960146760048,51,0.026265579109133075,38,0.29576634486288117,54,0.03209649152422056,39,0.25106380554716917,65,0.02221533112962648,38,0.20807294544234226,66,0.014136374366120918,37,0.18797375845541994,58
"(24, 25)",0.9995000999900006,223,0.0,222,0.9995000999900006,223,0.0,222,0.9995000999900006,223,0.0,222,0.9995000999900006,223,0.0,222,0.9995000999900006,223,0.0,222,0.9995000999900006,223,0.0,222,0.9995000999900006,223,0.0,222,0.9995000999900006,223,0.0,222,0.9995000999900006,223,0.0,222,0.9995000999900006,223,0.0,222,0.9995000999900006,223,0.0,222,0.9995000999900006,223,0.0,222,0.9995000999900006,223,0.0,222,0.9995000999900006,223,0.0,222,0.9995000999900006,223,0.0,222,0.9995000999900006,223,0.0,222,0.9995000999900006,223,0.0,222,0.9995000999900006,223,0.0,222,0.9995000999900006,110,0.0,152,0.9995000999900006,223,0.0,222,0.9995000999900006,223,0.0,222,0.9995000999900006,223,0.0,222,0.9995000999900006,223,0.0,222,0.9995000999900006,219,0.0,218
"(24, 18)",0.029680336295376586,72,0.08743580376904399,144,0.0517424860309037,85,0.16748483306618508,98,0.03500810909532737,50,0.22454178044075393,89,0.02110378033341287,42,0.22711767964901244,92,0.03775041322703865,59,0.17292921306551448,85,0.04436529307986903,73,0.20215040280868937,44,0.02095445810944485,58,0.14293163383545773,125,0.02727784734067773,56,0.16403836547665226,132,0.050950016839299894,71,0.2109061309456295,92,0.04178496829442713,48,0.26580838128677786,86,0.05373726232790821,61,0.22063639276259214,82,0.04029459992023454,62,0.2630235930081755,37,0.02843992757917646,72,0.09034494792022274,143,0.05816808313977717,87,0.17376055653441888,97,0.035124856427643625,49,0.22855484827112107,93,0.017840109761414036,41,0.22113394362290079,87,0.02751296812284809,56,0.1588072830438143,79,0.03841033899785151,81,0.15839903082810966,58,0.01267723217332617,34,0.2918514412416851,11,0.019896680192350913,45,0.19895330595869803,34,0.03696395287054033,55,0.2762297617485914,59,0.030421463276111504,37,0.25376960278896493,63,0.043010661650826454,51,0.1823185879098168,82,0.061960440494798985,79,0.13987559060471122,94
"(25, 24)",0.9995000999900006,224,0.0,223,0.9995000999900006,224,0.0,223,0.9995000999900006,224,0.0,223,0.9995000999900006,224,0.0,223,0.9995000999900006,224,0.0,223,0.9995000999900006,224,0.0,223,0.9995000999900006,224,0.0,223,0.9995000999900006,224,0.0,223,0.9995000999900006,224,0.0,223,0.9995000999900006,224,0.0,223,0.9995000999900006,224,0.0,223,0.9995000999900006,224,0.0,223,0.9995000999900006,224,0.0,223,0.9995000999900006,224,0.0,223,0.9995000999900006,224,0.0,223,0.9995000999900006,224,0.0,223,0.9995000999900006,224,0.0,223,0.9995000999900006,224,0.0,223,0.9995000999900006,111,0.0,153,0.9995000999900006,224,0.0,223,0.9995000999900006,224,0.0,223,0.9995000999900006,224,0.0,223,0.9995000999900006,224,0.0,223,0.9995000999900006,220,0.0,219
"(25, 43)",0.18549411075718814,134,0.18307583213357115,68,0.12074826807251815,117,0.2964047658292306,41,0.03374109947786175,47,0.6122254617078201,6,0.011874791628515124,29,0.6380695686027882,4,0.008592224638360069,25,0.5393467242753615,3,0.009738835670601076,39,0.3430864236230839,11,0.30287374927032373,165,0.16836616454229433,104,0.09059910289528716,107,0.4092950050649796,25,0.03214952493769685,46,0.636506782137591,5,0.01989846172981835,32,0.7868103644461784,4,0.014781556615938163,26,0.711940374011433,2,0.012769946480158945,31,0.43685130704576675,9,0.19830987253833876,139,0.17143843358595628,77,0.11937206208484374,119,0.2978150252141685,46,0.03248267514833092,47,0.6137935344481248,6,0.010412197540236368,31,0.5860006828414741,6,0.005444468003717784,27,0.47802732586937624,5,0.00642930008149567,34,0.3957727218495031,8,0.9995000999900006,112,0.0,154,0.15165539610378231,129,0.08674873342305812,126,0.042203169010902375,61,0.5347206364167869,8,0.019270502631704822,30,0.6137260821764864,4,0.014079129536855528,28,0.5544451128927305,2,0.0028834707002356463,20,0.511324880746003,2
"(25, 18)",0.0019152782801232782,30,0.45693104411543506,15,0.004873202929331133,30,0.563246452422529,8,0.028908256377851216,42,0.6314498347537857,5,0.07027301510542905,81,0.4471317550873725,21,0.08711773228211306,96,0.3393656311568218,27,0.0803830160752429,102,0.22494279176201373,33,0.00043327335347775886,22,0.6239571263035921,6,0.008068315989721131,30,0.6639030202906154,4,0.03037072323356549,42,0.6437939938216829,4,0.047275902898947786,55,0.6617683713167961,7,0.059920951960748425,67,0.5381110567762171,14,0.06674118679124619,88,0.3138287087160614,21,0.0016146514759159958,29,0.44870540218636445,14,0.004980157397341922,30,0.5621840634303421,8,0.030055034886427467,42,0.6234034765063522,5,0.07689790399805962,86,0.3928472355589697,27,0.11379202863803262,116,0.2602684017893453,37,0.10369637349192118,115,0.2269477509889041,28,0.9995000999900006,113,0.0,155,0.003064175342914699,24,0.18930931909166504,40,0.022699098396244732,32,0.6053328409913565,6,0.04856062921123916,60,0.5101481637605455,12,0.062147675200799446,70,0.41199196225040624,12,0.1559007029372813,130,0.2302027034682801,36
"(49, 40)",0.18990740168526998,135,0.1260416442830436,109,0.34972364520241683,175,0.07696178784686473,172,0.2774711869188986,186,0.09369306225490913,188,0.28932547162760713,181,0.07466271356482937,194,0.40124075992149255,195,0.03997731174224763,197,0.5140760959046177,198,0.016861540390583366,197,0.2701494391393229,158,0.19976825028968714,85,0.444167182644567,201,0.10846591115216427,169,0.30900637116635965,190,0.1031512086416376,181,0.2149429056320722,176,0.13075305872535953,176,0.2810659819101242,190,0.09474394212771699,180,0.440005040066899,202,0.03309218756575399,192,0.280189694011596,150,0.11538344826539824,120,0.3826823634184686,180,0.0765508232577921,176,0.301816699604915,190,0.09052486853734969,190,0.29720649745689953,178,0.0667904316838444,194,0.45324231513623037,193,0.030469365846325234,197,0.5667335700477496,201,0.014840444570893641,201,0.024390341332404253,37,0.10575704783021855,42,0.333092431162763,182,0.08809031915167206,120,0.35897638620488326,202,0.0793415573878019,190,0.33577969668937935,201,0.07504457444929906,193,0.39552109132599567,206,0.06232120713575367,190,0.503525336444383,203,0.037889345887578314,196
"(49, 19)",0.07687605782052476,101,0.17038485506156392,78,0.025791519503930438,62,0.18352328330375195,87,0.04205785568513798,55,0.17572397635770412,131,0.038821506974069275,56,0.1458395100549541,142,0.01807397241664066,41,0.1123562915870823,132,0.007871117369108727,35,0.06790382746622363,122,0.04419304174868466,79,0.36526651216685985,35,0.01331473200418165,37,0.3491654643735192,44,0.0339914188604985,50,0.21528166053950187,89,0.06447174258015398,67,0.1953303640127009,130,0.04104847817323676,48,0.17990995396522944,108,0.013721714444378419,34,0.10513368861207922,103,0.04129223055908615,87,0.21844299293717806,53,0.02056723662509352,56,0.20284798590436845,82,0.03568228196845946,51,0.18444410716995957,125,0.0368101840989532,60,0.13399163519194246,144,0.01246369072546294,42,0.1009465181584623,127,0.005128705784309906,33,0.07121486063565194,130,0.35790296018779233,72,0.04319765600253405,68,0.02887956773427669,53,0.1990304578536343,33,0.024211866151472083,34,0.19491559736143568,98,0.02835773748926307,35,0.17104626058821185,115,0.018811355106922556,31,0.17200947832385913,87,0.008544523435164875,28,0.14744439534541168,87
"(20, 79)",0.7177429388869122,203,0.04917377570535274,190,0.5223085123366714,199,0.09414845798526424,158,0.04812873068303403,62,0.35081033109273424,46,0.003152321676535008,19,0.5784615845349864,9,0.0018894211731625976,19,0.3900253309241382,17,0.00017355999899115737,17,0.35583524027459956,10,0.427581985491577,179,0.09469872537659328,168,0.22004130094548424,154,0.13684933150640585,150,0.0834273648303624,97,0.24781457042013894,71,0.02763555686335062,37,0.3481365887490924,54,0.01955926925642082,31,0.28482538826029036,55,0.0009834546964597735,18,0.2727217080924745,32,0.6998136745837654,203,0.04960285850838663,189,0.5325594330758212,199,0.09879701075399479,158,0.05430634208643004,69,0.34505798641180624,53,0.0015809847922400033,19,0.6178008236775281,4,0.00040211557101454964,17,0.4113104197945838,10,0.00012719442868847075,17,0.36630292128231723,11,0.9997000299990002,166,0.0,156,0.2374571152405236,158,0.10334496326712558,107,0.0749438134187399,89,0.25208557033121337,64,0.011713627695199236,25,0.32357347521204904,45,0.005325376637410617,21,0.24343249559028762,50,0.001465715837329462,16,0.31794645183951414,19
"(20, 35)",0.0011463037232224416,28,0.42068461654167655,18,0.007376909472564974,34,0.3894910009658743,26,0.25756450624347416,180,0.2005603931513273,108,0.6214678104439505,218,0.09939056346675051,175,0.6730828870803218,217,0.055019025049469414,190,0.841819055204363,218,0.021021284599228866,192,0.015002191793032527,53,0.2892670915411356,57,0.0622314973342708,87,0.2084846083221941,99,0.1784968559759984,146,0.19231780302777576,111,0.33957799048398185,200,0.15086641308234988,163,0.38992407941200113,206,0.10504358970035244,170,0.7303484600345117,217,0.03011580352804802,194,0.0014115158080287848,28,0.3925897266665149,19,0.006797688181734429,34,0.42274591408955586,24,0.23984220926753796,174,0.21031345695435189,109,0.6896460697202351,218,0.08146085397861852,183,0.794510868633648,218,0.03277832278755476,193,0.8565876434332597,218,0.01939720445305115,194,1.000088900582341e-12,8,0.15873455812480203,31,0.05520019964554446,80,0.16807540311865105,50,0.19349069436713162,154,0.18375530603750542,108,0.46169818204581003,212,0.09507886686907929,176,0.5622731650908983,215,0.05150462252452455,193,0.6964663891973345,213,0.04074464348436951,194
"(79, 95)",0.9678207986157212,218,0.01003072823774631,212,0.8612401070554757,218,0.03155375174084311,205,0.47276599769788985,212,0.10051545137283344,184,0.1417529711118155,129,0.16824940478864378,120,0.1434110781138851,128,0.12488210055453022,120,0.031444671768718235,63,0.11109996551832231,83,0.8741156657961698,216,0.02298667439165701,206,0.716602438200361,218,0.042202582441962025,209,0.5478053964871604,213,0.07586119469705563,197,0.40525416271634274,206,0.1058822891944905,189,0.34560213174639776,201,0.0904574810717839,183,0.08970726721697897,102,0.08273429460080875,122,0.9641118797343532,217,0.010620784876002336,213,0.8634994452336913,218,0.03399431921744942,205,0.4918356004291651,212,0.09800819576998278,186,0.09696886956823869,101,0.17599705524614304,115,0.062347662764179246,85,0.13451697892835876,96,0.02748961051945098,65,0.12051322056920494,84,0.9997000299990002,167,0.0,157,0.7491974283559862,217,0.027607519738026453,202,0.5290508784694044,213,0.07750661179644898,192,0.2953326330457777,194,0.09731186164546651,175,0.2294327116251682,170,0.07628086287124458,180,0.07910980080814889,92,0.10259809420215958,126
"(79, 20)",1.275015445001415e-06,2,0.9150095622837743,2,0.00011461125627820756,16,0.6180401112547049,4,0.010790894812859442,20,0.3543472652846665,44,0.10962188999079858,109,0.18330113951155236,116,0.10823620460266681,110,0.137162979466697,108,0.3205289388320852,172,0.05123977304786684,144,8.4354653086538e-05,4,0.5011442641946698,15,0.0011619657180144127,15,0.3592256580985257,39,0.006005734446628441,18,0.3414861321465983,49,0.017572276835176148,30,0.30138604419302756,70,0.02652606140768321,35,0.21285263814646815,84,0.16851302036310467,140,0.06705280594970753,143,1.7754010837034429e-06,3,0.8664967341086507,2,0.00010882740208550956,16,0.6780279786135245,3,0.009346364552043074,20,0.36727227276379576,44,0.1579711129464989,137,0.14957429101850073,128,0.21977196629574847,152,0.08838795102235912,136,0.3403571123134512,170,0.052092989105994,148,1.000088900582341e-12,9,0.27506335128286347,15,0.000772708354991769,16,0.27324629456593486,19,0.0069915519687504535,19,0.3278284965592746,44,0.03727873838244933,45,0.1939914211986397,97,0.05832601533342374,69,0.12041481990775416,137,0.18589299051637687,141,0.0771723489354952,157
"(35, 20)",0.7545507178759596,205,0.020048563508606055,206,0.6183444024345264,206,0.033371633872327826,203,0.09765898138931584,107,0.18439919980920025,121,0.01615065607359334,37,0.32960184478085736,50,0.010805816310404115,27,0.25682205401781966,50,0.0065428658703716724,30,0.20517538635152502,42,0.5197557623676922,193,0.03906431054461182,202,0.4011344031440067,196,0.04861264207756255,206,0.15929878529299324,138,0.11191561192695443,174,0.05837243519191859,63,0.19298958570391322,133,0.04867153236833266,56,0.1691179198354215,116,0.010944639723300287,29,0.16581672666618208,71,0.7434911285042288,204,0.019629486333325747,206,0.6204548105035477,206,0.03598107418433684,203,0.11907707276704393,122,0.18072833433027705,128,0.01198815766417094,33,0.3505964193500203,41,0.006795737376160016,29,0.2642869119917356,36,0.009108291479772435,43,0.21762773153204418,35,0.9993002099650037,92,0.0,158,0.36495326594300415,190,0.037178640926508535,191,0.1360552214875177,132,0.11804384758776724,167,0.03727817787695087,44,0.1807472557519553,106,0.03581906367833687,45,0.15054001072245618,105,0.020912835668128626,42,0.17893198273224784,64
"(35, 59)",5.779594027366386e-06,5,0.41763757870081875,19,2.14334734756072e-05,1,0.39457677108142086,23,0.018287316624169714,30,0.28396065241833823,66,0.21913596201314567,163,0.14429420660946646,143,0.31561318107803205,177,0.08190332138046015,157,0.4124146880153554,185,0.047581580514717406,148,0.0011308177609653525,25,0.2716541135573581,61,0.0012174418263555253,16,0.24501943668496384,78,0.009304954044430769,23,0.23630395185449599,75,0.06445043672598083,66,0.18749525884023102,134,0.08881949595838412,89,0.14101816096993408,138,0.26852340057449875,172,0.05973809350742757,155,6.973619304462275e-06,5,0.38664588027340935,21,1.6762379803747507e-05,1,0.4324191931466067,23,0.015377108970791253,28,0.30970725566695534,64,0.2681423082464187,173,0.1282861745940294,149,0.43983653228450315,188,0.05738856584478336,171,0.40122737013508936,182,0.05444249671894933,144,0.0,1,0.09672949002217293,44,0.001575963357043908,19,0.16694812820930452,53,0.011433471538377149,20,0.22472819969649707,81,0.09471238280345962,90,0.1378133740437143,140,0.13823713864679865,134,0.09793858733686112,158,0.17500671892514286,136,0.09291047735590377,137
"(35, 43)",0.9993002099650037,219,0.0,224,0.9993002099650037,219,0.0,224,0.9993002099650037,219,0.0,224,0.9993002099650037,219,0.0,224,0.9993002099650037,219,0.0,224,0.9993002099650037,219,0.0,224,0.9993002099650037,219,0.0,224,0.9993002099650037,219,0.0,224,0.9993002099650037,219,0.0,224,0.9993002099650037,219,0.0,224,0.9993002099650037,219,0.0,224,0.9993002099650037,219,0.0,224,0.9993002099650037,219,0.0,224,0.9993002099650037,219,0.0,224,0.9993002099650037,219,0.0,224,0.9993002099650037,219,0.0,224,0.9993002099650037,219,0.0,224,0.9993002099650037,219,0.0,224,0.9993002099650037,93,0.0,159,0.9993002099650037,219,0.0,224,0.9993002099650037,219,0.0,224,0.9993002099650037,219,0.0,224,0.9993002099650037,219,0.0,224,0.9993002099650037,215,0.0,220
"(35, 70)",0.35051141778684425,167,0.07071362571717128,156,0.32344766219799603,169,0.07487954440672784,175,0.09851815986766,110,0.18381349648659132,122,0.044125876028806355,60,0.26621745054879237,72,0.038599751684949335,60,0.20049243832167046,68,0.03999022860213386,70,0.14757844581674556,59,0.09084769176559171,107,0.1269843568945539,144,0.12031446498476717,120,0.10373022495207106,174,0.09853630128044144,110,0.13665023118649045,156,0.053220760587522564,57,0.1980450166346977,128,0.0454776440211101,53,0.17213968939176771,114,0.047242773097429525,69,0.12329039637937036,89,0.3425240385062671,167,0.06719543002799336,163,0.3424638723959391,172,0.07748420317151711,174,0.0921709331101439,102,0.19900543706309315,115,0.04391953577096863,62,0.269519663700574,66,0.035445160347022275,64,0.19667571875439677,59,0.03187254461238909,73,0.1730513312346846,50,0.9993002099650037,94,0.0,160,0.11735051848200628,116,0.07309713423572475,145,0.10030413955414641,107,0.13330159023219432,155,0.055026337731128194,64,0.16350990321790498,121,0.0371430294330809,46,0.14925495299717206,107,0.0463894724570435,69,0.1496878434571762,86
"(21, 93)",0.05794388250442517,93,0.04757075015579002,192,0.027756240873795912,66,0.09184485176258125,160,0.21960784750207485,168,0.06784261616314029,200,0.5201620203649735,211,0.033691208840573195,211,0.42422783361784755,200,0.026770425340377574,206,0.3145233149031095,171,0.017065295758753644,196,0.16108636176431146,129,0.047305909617612975,197,0.07055511222188326,91,0.12591846359493558,158,0.20836988725577887,161,0.07904376196798753,196,0.26653597663671835,187,0.07122576590049524,205,0.28835887883430467,191,0.0538522503077416,205,0.2881780922969377,174,0.03008137235023394,195,0.055056734307834976,92,0.04634455343392734,192,0.02376969494086656,61,0.09357114648520566,161,0.2114612887089078,162,0.07336731869760466,199,0.5538106439132437,211,0.029415530375776197,209,0.481204249675794,201,0.021528421563884678,204,0.37135115880189784,177,0.01998458135628998,193,0.9997000299990002,168,0.0,161,0.2512599721112899,163,0.016591943627682102,213,0.14802476011670085,139,0.07601500995211002,193,0.2836200567802587,187,0.055699548274271,202,0.26628827951400236,183,0.04983895853028685,195,0.31328874400841455,177,0.037005563298095324,198
"(21, 48)",0.23038835514680278,143,0.030027719878806116,200,0.33893669344114175,172,0.039884318039394615,199,0.06241856549003022,74,0.10318437648555294,183,0.007503214017931525,25,0.1384034859170747,149,0.015365508441423592,36,0.08091071010379447,159,0.03274778413053869,64,0.036274724930252966,168,0.09475056528672643,111,0.05646002317497103,191,0.20203975484211179,149,0.08867202652207522,185,0.06749360297048645,83,0.1150955103783719,172,0.045287640185751155,52,0.12859650833902272,177,0.0390756805340553,47,0.1048446115710841,171,0.03912340587900709,61,0.058529176597511015,158,0.23783711631487892,144,0.02845611719277483,201,0.36166809018371326,175,0.03776125524029406,201,0.06605307176199648,81,0.10813059664848362,182,0.005715260814072476,26,0.13510925463585344,142,0.010129886119831122,34,0.0779687346414853,146,0.022240610954970652,56,0.051078846171495704,151,0.9997000299990002,169,0.0,162,0.05023643968571956,77,0.02837475247100375,200,0.10449593377421262,109,0.08537112705824049,185,0.04034634026134132,53,0.10669955397068626,167,0.04536369284325914,54,0.08990493028357215,169,0.033022139460462174,55,0.07833939517545349,156
"(93, 33)",0.018621365338943985,63,0.050454477082751366,188,0.01569633373071533,50,0.08406609988239107,164,0.16180496528514676,142,0.06622016928610715,202,0.4460245080028453,205,0.03376907296767141,210,0.39498075315918413,193,0.02279568321520113,209,0.2642569797781886,162,0.014538729193442212,203,0.08603469947222342,104,0.05541714947856315,192,0.05959976029765146,84,0.11454667734544836,164,0.13132092337976953,128,0.0873437906577973,194,0.2122476186070945,175,0.07382121221972973,201,0.24609179459122965,180,0.049663592061109894,207,0.2282827652354853,156,0.028168529138340646,196,0.019487237070292318,60,0.05047148698574539,186,0.012272754978434719,43,0.09008749012698221,165,0.14792529179908165,136,0.07401726646965869,198,0.49797921296385017,207,0.02806851887416512,211,0.4602383348421071,196,0.018101605669472238,206,0.3216250559186463,168,0.016497030993309413,198,0.9997000299990002,170,0.0,163,0.2732673803434087,166,0.014165945153575133,215,0.09675373592722813,102,0.08056269505406854,189,0.23046508383633912,175,0.05102279135739879,204,0.2361708525390247,173,0.039149242675375596,205,0.2626945662050375,163,0.02693270788719308,200
"(93, 21)",0.3969750850654935,172,0.018196273932569788,208,0.4212342955666736,186,0.028078833816270483,208,0.09424773258786656,102,0.07929222377436308,194,0.013136551507533123,32,0.10934818741296437,169,0.018882407132422396,43,0.06280951961481525,178,0.0459923995595658,76,0.026039936052161372,187,0.17424614660375304,135,0.04380069524913094,199,0.22629591449750608,156,0.07342406576938855,195,0.11888523400040629,121,0.09028883299194684,191,0.06569217523414084,69,0.10913337017891782,184,0.052036914575713356,60,0.08336171863143518,190,0.05878948647704052,81,0.04427466898248218,179,0.3904545674914295,177,0.018582580395548373,208,0.45535214188085293,191,0.027010298317030196,210,0.10457483214401919,110,0.08308796614557759,194,0.008917414225699027,29,0.10728613191643728,163,0.011840260533479974,40,0.06131841826812811,164,0.031212357180325334,68,0.035898824328417116,173,0.9997000299990002,171,0.0,164,0.043270489633950415,71,0.026184495898090923,204,0.15826937623568194,143,0.06837399203507288,201,0.057913319368514626,67,0.08085491800010254,189,0.05568881017148264,66,0.0633688975105076,189,0.046482135643234224,70,0.04797353184449958,187
"(48, 21)",0.051449225961422984,89,0.09546382448374412,138,0.03833125448816388,76,0.11807236014928452,134,0.2048705698031924,161,0.08958015942163014,190,0.4963815454024596,208,0.04875492265995837,205,0.41325039669968344,197,0.03592522328382452,202,0.3349420717660698,174,0.024441240086517664,188,0.10889167448128667,116,0.11079084588644264,158,0.07818155238307578,98,0.16769408081084322,129,0.20466338466572542,159,0.10122432095223483,183,0.26339119592579385,185,0.09751075565959015,193,0.2993292732376768,193,0.06796620744313105,196,0.30042785886276313,178,0.04014292764479267,186,0.04777530575814226,89,0.09067495087886995,142,0.034332434012930735,72,0.11780940518865059,139,0.20678561546819074,161,0.09421028667339232,188,0.5339657700557947,209,0.041722681006337616,205,0.47438598285628963,199,0.02835121586434589,201,0.40050327719298295,181,0.027900402903844566,183,0.9997000299990002,172,0.0,165,0.36459148359094773,189,0.02175254815564109,208,0.14499297363832342,138,0.10220630748376001,179,0.285559485518863,188,0.0783484952919128,190,0.2767358546902655,186,0.07324829034119511,182,0.2794905926535378,168,0.05555366713121905,178
"(48, 88)",0.24775759837717137,147,0.05653136214195156,176,0.291207990742848,161,0.0600617745491724,191,0.06916701964224281,82,0.12864868022058787,169,0.009027334857553804,28,0.18539748139496579,115,0.016609892792496472,39,0.10487733086398002,137,0.028519413663024018,61,0.05555625215510485,136,0.1426233892336647,124,0.10126013904982618,162,0.18754498223873606,142,0.12527103919987273,160,0.06926755720459876,85,0.14525183648142836,147,0.04626311161189134,54,0.17411706058931262,140,0.03628649309850096,44,0.13732863430180597,140,0.036018394486523775,57,0.0814106070981786,127,0.2586499986483901,148,0.05163977332210564,182,0.30752828875312144,165,0.056726562974664316,196,0.06824549908520516,82,0.1363265451883331,165,0.006721234055521164,28,0.17936058297590848,110,0.010661214152410059,36,0.10046468240278,128,0.018167555760967957,51,0.07823126130012206,119,0.9997000299990002,173,0.0,166,0.02329802879399956,48,0.054409230795607486,172,0.10693493967830303,111,0.11312366691121811,171,0.03982132577948616,52,0.15108602156662815,131,0.04226743114968534,50,0.13703053444486735,119,0.04148775304326324,65,0.10492085613605717,124
"(22, 73)",0.08934157867573189,104,0.10691707673464126,127,0.1236605449837771,121,0.17109511672109165,92,0.2908135620871397,188,0.18014189920386534,128,0.4162777106827156,198,0.15393438449904914,135,0.48359769527918917,209,0.11890709631122445,123,0.5171746148591471,199,0.10601548540798093,89,0.1832892850128618,138,0.12345017381228275,146,0.2354040330708932,159,0.1475374152697276,140,0.27697609404585366,179,0.183442643732611,119,0.33309259734545926,198,0.2176436165024871,114,0.3527166272272295,203,0.20100163566767282,93,0.401802576240057,194,0.1689767436522298,70,0.08594627224428764,101,0.10617371052292193,127,0.13502352950105911,127,0.1802547238592867,90,0.303683026804761,191,0.17947843476863468,129,0.4506990303413596,204,0.1365069457781192,140,0.565452361087419,210,0.08840144242351822,135,0.5718073585654118,202,0.08790003579328005,109,0.28283039161145673,69,0.151211593284764,34,0.21417322411343165,150,0.14210521803982754,73,0.2615322451412022,178,0.2004754986986948,93,0.4182743161653435,208,0.16310545773544707,123,0.4711503623922506,211,0.1285180501499916,128,0.49092870902870267,202,0.11620607997099379,110
"(22, 87)",0.16907112866328822,131,0.08643874766314975,146,0.1263490926517432,122,0.16987284380307632,95,0.03843345428835587,53,0.3536577253619274,45,0.01625805406991887,38,0.45370528427893325,19,0.00994880120258812,26,0.4339558996989938,9,0.00768197968381501,34,0.43127801636312335,6,0.08059909689238165,102,0.16234067207415992,107,0.05598231794701425,80,0.23813497124263625,84,0.04219884384327088,62,0.34346372740677483,47,0.02887953518038988,39,0.4917422542995546,30,0.025270219193863963,34,0.4839552805085746,20,0.01800297303021725,41,0.4757547122892525,7,0.1743877843001883,135,0.0838662691458613,152,0.11548523372850195,115,0.18989534601130081,89,0.0352355165455418,50,0.36798114437232726,43,0.012697276696518989,34,0.4486215137741929,20,0.005184587636085203,26,0.4223637320299355,9,0.004912145998742901,32,0.4291889609853248,7,0.040562113319509874,41,0.28888184985745957,12,0.06481765763409153,89,0.2116576513248695,28,0.04684998204741131,67,0.3556312423375231,40,0.016029663597609378,27,0.4837794575873403,16,0.010921569376539653,24,0.4507360434136699,9,0.009411134183590741,29,0.43419785399458394,9
"(73, 22)",0.39323078480839513,171,0.05038141693706084,189,0.37721442420236995,179,0.09443192974996358,157,0.24052062127953366,174,0.1523526290940419,146,0.13967812154992099,127,0.1905964092658311,108,0.11650388487847696,115,0.1722459871218355,86,0.07204430134493123,96,0.20585875050938843,41,0.25006996703665374,153,0.09168597914252608,171,0.26130675742876,165,0.11339135967494829,165,0.2173979581443034,163,0.16732030504607054,127,0.18643470707388565,162,0.22128482720504566,111,0.19536514257155269,165,0.2016761378007858,91,0.11584992300053465,121,0.24699779257893348,40,0.3922811188421992,178,0.05030079580023821,187,0.36382659593671207,176,0.10393857464001457,156,0.2294928001342723,172,0.15828192377398248,145,0.11746440432239247,117,0.18843490600260335,102,0.07789808365182704,96,0.16126271805477124,78,0.07791339506930917,102,0.16087243825659192,55,0.18451517356032376,61,0.15821982895153625,32,0.27260727977257393,165,0.10746830342983035,102,0.23022682201070288,166,0.17584868258032543,116,0.1490757591537477,137,0.19466359819765422,96,0.1256396404438762,122,0.17155111378490429,89,0.10105007387158094,104,0.17616732950360875,68
"(73, 108)",0.019114197615186956,64,0.13804929411006298,99,0.021359661054810575,57,0.2459141446836702,60,0.05405494334926386,68,0.2505852977108897,73,0.11138797758905716,111,0.2055313477980923,102,0.13389944450173674,123,0.16443830448243485,90,0.1990722857925109,144,0.14670073038462744,61,0.050645078792746934,85,0.15612688296639632,114,0.046921694071860864,73,0.20098899657590633,102,0.06338202065311815,81,0.2523355506775466,69,0.07880400245348518,82,0.294856789882636,74,0.07395539473454549,78,0.2787919666795946,56,0.1346196161846085,126,0.23493922897115815,45,0.01924106546379456,59,0.13741399060819165,99,0.023420585386216275,60,0.25934367215505194,57,0.05830190712232963,71,0.24991563177958917,79,0.132851177531651,122,0.18085963339948358,107,0.18805402868313592,143,0.12021223901366294,111,0.1880264777498999,137,0.11993502143007921,85,0.07989384710437741,51,0.20913842255305667,25,0.0434641360845891,72,0.19819035944210608,36,0.058008282922951016,79,0.2784161488168407,58,0.1036668434938095,107,0.21972212886430573,77,0.12436253421899957,121,0.17213634708017697,86,0.15246338252493752,127,0.15359688183373554,82
"(87, 64)",0.15500542035601572,127,0.16859273266433164,80,0.09501613215451488,106,0.30890937423607945,37,0.022287731955141776,36,0.7126062499898598,2,0.004959123901469242,22,1.0,1,0.002292087485200822,21,0.9999999999999999,1,0.001092004349717901,20,0.9999999999999999,1,0.040014464370225045,76,0.3658169177288529,34,0.05099860925517996,78,0.45349567313998035,18,0.039366464435321324,59,0.6162984807744916,7,0.014289337440517969,28,1.0,1,0.010290442590418114,22,1.0,1,0.003739361379200834,20,1.0,1,0.16647956875972236,131,0.16215283309436568,83,0.10345665036730822,111,0.3268606841241874,38,0.021519993034924356,33,0.7402655143783089,2,0.003939604813664621,20,1.0,1,0.0012560537611074896,22,1.0,1,0.0008392682697216935,20,1.0,1,0.0001606494610227882,21,0.8647450110864744,2,0.06271044813005167,87,0.3784386170951454,6,0.03862201074056526,56,0.6385788807965574,3,0.008457396372079984,22,1.0,1,0.003919280397496228,19,1.0,1,0.0018061383057126346,17,0.9999999999999999,1
"(87, 63)",0.7890411391084973,207,0.02399810903152331,204,0.6259650825388647,207,0.07002787737775878,181,0.5437352421244054,214,0.14169964289944237,154,0.5267802076102571,212,0.164649686297411,126,0.6218799363735215,214,0.11304811156778867,131,0.7448414717709391,215,0.066198551769537,123,0.8658151212757991,215,0.020220162224797222,209,0.7012814655746131,216,0.06472569577192801,202,0.5856226250374122,217,0.1225615329699291,167,0.5962467236504401,217,0.15651787552694604,155,0.6306880737598081,217,0.13278586243528998,144,0.7219019610887185,216,0.08270751479584225,123,0.8208213005982667,210,0.01995948929197296,205,0.6151342158471407,204,0.07918691901087552,172,0.5097714243218882,213,0.16093171084466426,144,0.5324402466770416,208,0.15753366195079274,121,0.6176621474463141,212,0.10817212715067391,121,0.6751640014826752,211,0.0857386723446434,112,0.9993002099650037,95,0.0,167,0.7124265203024323,215,0.05476927297197672,171,0.5878016489988407,218,0.12556178001059182,164,0.5724523644900235,217,0.15495958393383044,127,0.6411205039764502,217,0.11250393907025664,144,0.6951259483523629,212,0.08517171442491812,145
"(87, 69)",0.23658879816198852,146,0.13418999935535167,105,0.1465429565689429,130,0.2595590103013321,54,0.1779455871443678,151,0.37150626345616883,41,0.209175512434567,158,0.37689531767066464,38,0.18235162382096037,146,0.371881170250022,21,0.15635096113806513,132,0.3740666436788815,9,0.24869475747752778,152,0.1789252607184241,99,0.12482447497593929,123,0.3367332416148774,48,0.11397502548553684,116,0.4442356834513174,27,0.14042664606646826,132,0.5375174745602913,23,0.11175096631291126,114,0.5600829637623729,10,0.10482676844890593,113,0.500862692288564,5,0.2339427883920293,143,0.1344894816298353,101,0.11333537147298545,114,0.31566240354821073,40,0.18170312194395022,153,0.37917667330303817,41,0.20299216204880233,155,0.3727034120734908,35,0.18760771643378482,142,0.3457961757659743,17,0.16803632996336104,133,0.35340357382134563,13,0.9993002099650037,96,0.0,168,0.12461002934866106,121,0.29806348743709976,14,0.10609701272841365,110,0.4709931217882379,17,0.12640367237749683,125,0.5175307179192135,10,0.13091404987625732,127,0.46090600662173065,7,0.14326541320634256,123,0.40778635122426543,10
"(87, 22)",0.003926390454845441,42,0.39427982035799475,22,0.024950537333888523,60,0.44330365638763014,15,0.10142284086071363,113,0.47401407959399894,20,0.24764546895781037,172,0.3401614183250228,48,0.35298433019531694,185,0.2381772906868569,54,0.4657904591324131,193,0.1660982414344378,54,0.019365635883088372,56,0.427534762456547,22,0.05057416306549867,77,0.4545170409356399,17,0.09129600976185948,105,0.48233575083901015,20,0.16153017426661187,150,0.5039717372693088,28,0.23367211155175838,177,0.3907694383083487,34,0.37996758898183736,191,0.23476324739566395,46,0.0032530014106035843,38,0.4010294575054811,18,0.03186360090240292,67,0.45909380885837536,18,0.11059258987554887,115,0.47329411029470847,23,0.2863718787672507,176,0.29929528625994917,51,0.45658331046862355,194,0.17231024826105476,70,0.5408833902579149,199,0.13205884782349323,75,0.09361436205043805,52,0.34819448843839085,6,0.03998286885493163,68,0.42700144874113827,4,0.099405284000739,106,0.48254210414652354,15,0.26393309047624314,182,0.3505630906470558,39,0.3494416828751594,197,0.2550021076583711,47,0.433351453382642,193,0.18943539889187258,57
"(23, 90)",9.999999999998899e-05,14,0.1147259170122698,119,9.999999999998899e-05,7,0.10465761627319034,147,9.999999999998899e-05,6,0.07796992956958107,195,9.999999999998899e-05,7,0.051261548597697014,204,9.999999999998899e-05,7,0.02935078495785699,204,9.999999999998899e-05,8,0.016548070593398325,198,9.999999999998899e-05,10,0.04375724217844728,200,9.999999999998899e-05,6,0.052854388114181104,205,9.999999999998899e-05,6,0.06282000813989952,207,9.999999999998899e-05,6,0.05529546907680137,210,9.999999999998899e-05,6,0.042399204087482927,210,9.999999999998899e-05,8,0.02519214510063468,201,9.999999999998899e-05,13,0.12355386634500862,114,9.999999999998899e-05,7,0.1181101525001519,137,9.999999999998899e-05,6,0.08027033541947523,196,9.999999999998899e-05,8,0.04238951838337281,204,9.999999999998899e-05,8,0.021083205325634242,205,9.999999999998899e-05,8,0.014982699914646793,200,9.999999999998899e-05,17,0.05495723788406715,60,9.999999999998899e-05,6,0.05843398798144926,167,9.999999999998899e-05,6,0.07307067536686765,197,9.999999999998899e-05,6,0.053477946328375554,203,9.999999999998899e-05,6,0.02962180832995699,209,9.999999999998899e-05,7,0.015420873131876222,210
"(90, 32)",2.7344740408774548e-05,6,0.44484173883146744,16,0.002269406299512222,24,0.2950351831458518,42,0.006936605112192518,19,0.29265372278548174,63,0.027057073030695822,46,0.23616788703712022,84,0.0957781709257326,102,0.13510255908937582,109,0.2015382598849017,145,0.06332403372935017,125,8.03745358057828e-05,3,0.3757821552723059,31,0.007738875203359363,29,0.27407260641340836,68,0.009143109547135042,22,0.26646294677706683,66,0.011622795464775848,25,0.28296867041624674,77,0.03151350700712896,39,0.20031364349189756,95,0.1104977800455571,118,0.08190029496042328,125,2.955023847361904e-05,6,0.4355925260019572,16,0.0027947966088639475,26,0.3060908925208093,41,0.007065091431981085,19,0.30651644064316264,65,0.031056485697124714,52,0.21940550114162558,89,0.14586086368023976,127,0.10525991184333015,125,0.2878289334941122,158,0.05906350094989859,138,8.334393188924594e-07,12,0.28666455495723786,13,0.0015997850076323594,20,0.27297626293365795,20,0.013921180306244119,25,0.24522841266679302,71,0.03393896261200602,42,0.2044329503443483,87,0.0839312016872954,90,0.13864299541226208,117,0.24829352158914053,160,0.07089522644096218,164
"(90, 67)",0.5481654950643041,185,0.05741667920149559,175,0.2642031005097667,154,0.09793790216561281,155,0.22081100758449068,169,0.12112052671115417,174,0.1985905744576606,155,0.12687660033241993,159,0.14653214816661297,132,0.11506985877848654,130,0.1083328123596673,115,0.08290335726152785,106,0.4603871073944661,185,0.06365874855156432,188,0.158776745774046,131,0.13572471068222344,151,0.19595613693113978,153,0.12172085482289047,168,0.20022737227396414,168,0.13197763256282713,175,0.155761467756939,144,0.12463113164595384,151,0.07658508186890256,94,0.09235972164305581,116,0.5433409355093424,188,0.05712465008306971,175,0.25375431391108016,154,0.10618354699556475,154,0.21543852244743056,165,0.12890392736297976,172,0.19291378750664445,150,0.12290346328660136,154,0.14008444649135787,123,0.10706390491260465,123,0.09055836610889234,108,0.10218063675327417,99,0.7306385834374275,85,0.018569844789356985,81,0.28655165841394914,170,0.08338405356055995,131,0.20670199936302747,158,0.11540074855415032,169,0.1568416521256748,148,0.1287332881417724,150,0.09821926330662167,99,0.1317388795442547,126,0.023334579133850175,44,0.15403877312847702,81
"(90, 23)",0.9558175050413457,217,0.004559812622214582,218,0.7253338352263243,213,0.026066662048306457,210,0.5606199161271136,216,0.05077285256987474,210,0.30857571270671025,186,0.09624605064163035,178,0.16029547685955892,137,0.11061814759828892,134,0.10160523755591622,111,0.0847904454405818,103,0.9605829742090257,218,0.0035486674391657013,217,0.694589607477272,215,0.03098428042406298,212,0.5494832393891725,214,0.049385170704368195,211,0.4836825461467724,213,0.06487532104424722,208,0.3480906127497687,202,0.07635701397905671,192,0.2504702468836352,166,0.05559104942404291,165,0.9541524742910125,215,0.004646593383251022,218,0.7008220467274229,212,0.030380035239078923,208,0.5678072078948564,216,0.052185092269371215,210,0.29066864565703643,177,0.0959578985553635,171,0.11129169505862757,115,0.1170629605145235,113,0.07900895697542398,103,0.10664103011224405,96,0.9995000999900006,114,0.0,169,0.7545699227234645,218,0.020646704328221306,211,0.43103136404808484,207,0.06610662766799956,204,0.3303316289961349,199,0.08262080672632711,187,0.25702639551443285,180,0.08441683343769313,174,0.2734150406534921,167,0.06660094949975638,167
"(41, 46)",0.061943497550644766,95,0.10266239766207534,131,0.03870042200982937,77,0.22539190369604184,66,0.09311555687207895,101,0.23605141858642698,79,0.14503165887399172,130,0.19752631657757214,103,0.1391343974218141,126,0.17549453311819593,84,0.10173347871359106,112,0.22368891257327356,34,0.10791244835313463,115,0.1315614136732329,137,0.09000547930081637,105,0.16861219557797977,127,0.07162583341195772,88,0.2672262291581876,65,0.10027145064432075,101,0.2983354465359732,73,0.11350510367756073,116,0.26530866903866585,66,0.10657858676448617,116,0.2871828027743878,27,0.061696191587865545,94,0.10351472116646562,130,0.03407519813215454,70,0.24682164773072482,61,0.08905865870853624,97,0.238827237097019,85,0.15420215341188936,134,0.1793792544224655,109,0.16249617070163358,133,0.1376874582007482,93,0.12592627196407835,120,0.157912609330115,59,0.10057683919231375,53,0.22180867912575228,20,0.08616172853496995,103,0.18111407336287966,44,0.08389552662132649,98,0.3036324796706491,51,0.12448150156808668,122,0.23895322673441605,69,0.12380682268183674,120,0.19421969576053727,75,0.11996518309826887,112,0.18226316326183759,62
"(41, 24)",0.22071144215254634,141,0.06721533403528376,161,0.28978818976415777,160,0.11520818054921858,138,0.16344027129851835,143,0.19568656273271973,113,0.10690336693435576,108,0.2186664270847371,95,0.111856817532352,112,0.1887357956681756,72,0.15156815065222462,131,0.1958527945832419,48,0.14380238699112247,125,0.11955388180764775,152,0.16805992231416478,137,0.13692746893339622,149,0.19989904552226379,156,0.18980110622568871,113,0.15349259918286062,144,0.2588619049167182,90,0.13724589514548646,127,0.24903293256664924,70,0.1454304465673425,130,0.25891863147545247,38,0.2212896425586084,141,0.06762405456048916,162,0.3086418903186732,167,0.11840710249711404,136,0.16950481004529805,147,0.19271487112642735,120,0.09973900674007952,104,0.20741843245204106,94,0.0937671484024094,105,0.1653833774373662,75,0.12407828144278099,119,0.15869271927972908,57,0.153087740397422,60,0.19282546721571112,26,0.1740429825058314,137,0.14327535511302752,71,0.17772208980356208,147,0.2364180825547366,78,0.1255199362254592,123,0.2382924425658933,70,0.12620081889005108,123,0.19298374852156974,76,0.13017375294041034,117,0.1773683673816241,67
"(43, 25)",0.00019762001472267698,23,0.5401121688119132,8,0.0007659506798515237,21,0.6213932000219771,3,0.006824521169472519,18,0.7075571953085327,3,0.018851534863513875,41,0.5061288052348651,17,0.019326882679034596,44,0.38431029630091157,18,0.020792738375508324,51,0.2346290084950315,27,0.00010560411366966616,19,0.685356315179606,3,0.001478473204081343,18,0.7470328707411614,3,0.007431396738659335,19,0.7122372046784408,2,0.008874190159647188,21,0.7592682900397716,5,0.008838740950427804,21,0.6481425897509401,5,0.013627123734136992,33,0.35017655542845777,18,0.00016408997277794768,23,0.5293550907697793,8,0.0008057287724858586,21,0.6218550640986694,6,0.00694721802298548,18,0.7088608951066433,3,0.021674799456723792,46,0.4490296182489384,19,0.02943198577045636,58,0.29379260632669624,26,0.033805003738659134,75,0.2223588689323507,32,0.9995000999900006,115,0.0,170,0.0002561123952975475,15,0.23504753413971352,24,0.005142131295317487,16,0.6836281716783517,2,0.008248654283012247,21,0.5952867860255541,5,0.012742793861338919,26,0.45128035130367883,8,0.06905695968523007,87,0.22725676150333682,37
"(43, 45)",0.3670897404206953,169,0.11986591314437976,114,0.25666322835723976,153,0.19423787899418485,79,0.10017658500603133,111,0.41344976012122925,31,0.049452436193523575,66,0.4173427369240675,31,0.04844278484854425,70,0.3197927118268989,29,0.045546061673610305,75,0.2005736497288486,46,0.41764673631157145,177,0.13076477404403244,138,0.2050162552523268,150,0.27857667095492306,66,0.09524702874284008,107,0.42763028843266904,31,0.08535645162538463,86,0.48280720006068684,33,0.08557383667553475,86,0.41160480920020914,29,0.06366427813540998,86,0.25726976062680046,39,0.3822017697380995,174,0.11228066182662327,123,0.2526065435687046,153,0.19698721064463212,85,0.09913600467588313,105,0.41655938362095907,34,0.04394470827894359,63,0.38983846531378696,29,0.03315676352346464,61,0.2868734448750986,30,0.028851872869538386,66,0.229517524940574,27,0.9995000999900006,116,0.0,171,0.34591654722652465,185,0.05559651273434889,170,0.11735536787365908,121,0.3657193942250229,36,0.0893684387631618,85,0.36962899247503544,31,0.06684328329506983,78,0.32395732298739094,29,0.012173034648905956,34,0.32157222656559814,16
"(43, 35)",0.9995000999900006,225,0.0,225,0.9995000999900006,225,0.0,225,0.9995000999900006,225,0.0,225,0.9995000999900006,225,0.0,225,0.9995000999900006,225,0.0,225,0.9995000999900006,225,0.0,225,0.9995000999900006,225,0.0,225,0.9995000999900006,225,0.0,225,0.9995000999900006,225,0.0,225,0.9995000999900006,225,0.0,225,0.9995000999900006,225,0.0,225,0.9995000999900006,225,0.0,225,0.9995000999900006,225,0.0,225,0.9995000999900006,225,0.0,225,0.9995000999900006,225,0.0,225,0.9995000999900006,225,0.0,225,0.9995000999900006,225,0.0,225,0.9995000999900006,225,0.0,225,0.9995000999900006,117,0.0,172,0.9995000999900006,225,0.0,225,0.9995000999900006,225,0.0,225,0.9995000999900006,225,0.0,225,0.9995000999900006,225,0.0,225,0.9995000999900006,221,0.0,221
"(66, 26)",0.12096451614129455,117,0.07826890431269744,150,0.07029960155435167,97,0.17251804942760202,91,0.09293910755628176,100,0.19827923284221866,110,0.13252218343624378,122,0.14978063279577136,138,0.07864491837403753,92,0.15641791942660582,94,0.051634875035554195,86,0.14580107206670637,62,0.05226749205909598,86,0.15421494785631518,117,0.04877576202962741,75,0.2418046396887898,81,0.08953928743592843,100,0.22402204444918902,83,0.10804229841076807,108,0.2555674761858318,92,0.09634369589791714,98,0.2426926125153871,73,0.046722847028054515,67,0.2199234097577958,48,0.1077895389564616,108,0.08528869569175447,150,0.0592547028259367,90,0.20976213621726716,80,0.08774278159039484,95,0.20245515985322607,112,0.1333431549914902,123,0.14418091031304012,132,0.07001697000681362,90,0.13878604372370384,92,0.050774139927209916,88,0.13157701520755516,76,0.9997000299990002,174,0.0,173,0.06836061884579203,92,0.1768407156266877,49,0.08177290968622519,96,0.21970598762342963,84,0.07666484731756651,79,0.22584577525363292,73,0.0650009981140921,74,0.2033460611343704,70,0.0450523795258535,68,0.19101034478851533,55
"(66, 69)",0.1291242519046345,118,0.07658422330618647,151,0.2025560632209451,140,0.12123752943209298,130,0.16369731872478233,144,0.1641835117213675,136,0.11776799001205673,115,0.15579114445292963,134,0.18671749289744066,149,0.11725059567419145,126,0.24722920068815912,153,0.08650512523118396,101,0.2454436797679288,151,0.09209154113557358,170,0.2555987237104207,163,0.13921298867286372,148,0.1687690471022344,143,0.1813556268723437,120,0.1436452640892042,135,0.23241977957670926,102,0.15884012923151336,145,0.20543648719289076,90,0.26193288789697167,169,0.12379921267373399,87,0.1439513332588731,125,0.07744828057079133,155,0.22713839092068833,146,0.13403077343702532,125,0.1715439044234638,149,0.16191020364435002,143,0.11701232725238397,116,0.15059855322962679,126,0.203129661680446,150,0.09730962187457237,130,0.2496962353005605,150,0.07737314035554659,121,0.9997000299990002,175,0.0,174,0.2065447905743516,147,0.12232432942144651,92,0.18127659373456106,149,0.1684991829390549,125,0.19029398399723163,162,0.16680243123002694,119,0.21376713388073088,166,0.1367399640674942,120,0.26730493732705085,164,0.10551004452904585,123
"(75, 27)",0.002561051517797175,35,0.32409480628317255,30,0.016054740572519988,51,0.21934822197113205,67,0.0475083589011569,61,0.2276844600415671,84,0.19601765873634047,154,0.11346300705269305,168,0.3164383821336709,178,0.0666360146012689,172,0.4778571154809085,194,0.02154164446255603,191,0.0019996107551333298,28,0.3103997682502897,50,0.010284134614767293,33,0.23466901823113606,85,0.02212215197917633,36,0.1852120710706637,118,0.08274119310306105,85,0.1391462661334894,171,0.17483576688713987,155,0.08355732425003794,189,0.3399584192181867,182,0.034247544865737535,190,0.002078872255892872,33,0.3308071037878271,28,0.01655963925030668,50,0.21229950179233245,78,0.04456430176324311,60,0.25525984519101147,76,0.1994701709011799,152,0.10322642596504705,168,0.3508543600898919,177,0.05350111496793865,178,0.49438834910367024,188,0.02696885984636423,186,0.9997000299990002,176,0.0,175,0.016786134280927123,41,0.1906809083349764,39,0.024390897973397774,35,0.18495700915205432,105,0.10216738412962478,106,0.09992651624332807,172,0.18453935166726965,156,0.07290042439645258,184,0.30294274253328335,175,0.04712374089307363,189
"(75, 92)",0.64314505208434,198,0.051369877731697364,186,0.4180538558855649,185,0.07400444477356896,177,0.25947547169854135,181,0.12928792429013894,167,0.07361483830238624,83,0.15726457331955737,133,0.032326618561161924,56,0.14254499515511163,101,0.01038782475597877,40,0.07718566816087269,112,0.6676644492389023,208,0.044742178447276945,198,0.47919404446887204,204,0.06521405469061764,201,0.37212693214378845,201,0.07228497654774853,199,0.1796417577649536,158,0.10745906347193775,186,0.08566730077317919,87,0.10598789268671062,166,0.027564202121947767,53,0.079126672303178,134,0.6639060546924048,200,0.04839664079746922,190,0.41367926076457506,187,0.07262364056139499,182,0.26891357900318014,182,0.14020837611263381,162,0.07184256291159308,83,0.14508514179629983,131,0.025593394988530638,55,0.12804496105803423,103,0.009166065726957995,44,0.10189612606576787,100,0.9997000299990002,177,0.0,176,0.411755475555346,197,0.0656262590760632,156,0.3578996238592713,201,0.07554858071088351,194,0.15100364528567256,138,0.08772479478664078,185,0.07988001040778658,86,0.09637114431525659,162,0.035412058966508786,57,0.09637762443772165,133
"(82, 104)",0.004715285270882386,45,0.4785224659947999,10,0.018249636657429624,54,0.31751783841631653,36,0.06749982627563278,79,0.3075315606478755,60,0.22979629376780886,165,0.1883173861611488,112,0.4497731461256912,205,0.08203438044512813,156,0.5974583926505923,209,0.032055421460142314,180,0.013641913437786868,50,0.4403534183082271,21,0.02416442078056491,49,0.35876241478136867,40,0.041330714507511246,60,0.2902394598309303,57,0.17481461348646354,157,0.2242270554959524,108,0.21500936121919367,173,0.15395173937237577,125,0.4397239115038304,201,0.05192604183005536,171,0.003918246380578028,42,0.4916209593603253,10,0.017831177089887018,55,0.3284866942098548,37,0.062080220606774095,76,0.3504057709648332,51,0.24701145298877802,168,0.17042762947314513,116,0.5098440612692777,202,0.06515383088335913,161,0.605028660279075,205,0.037812388145999874,168,0.9997000299990002,178,0.0,177,0.02000103901588579,46,0.22940258716021023,25,0.04387468601694122,64,0.2552712172669514,63,0.1527813440863064,142,0.16511629231724478,120,0.260504055564586,181,0.11636729732716178,142,0.39221918079515594,187,0.07835072572147252,155
"(82, 27)",0.5765779930443726,189,0.09640930872209211,136,0.39985926220314216,183,0.11347072158693228,141,0.20835669314444094,164,0.21121337934592677,102,0.05818030760333681,74,0.2976775526705898,59,0.01278325349936238,31,0.2688107356710546,47,0.003926361522571531,26,0.1711357010752014,53,0.4408125549267533,182,0.13825318655851682,131,0.35926299204193923,187,0.14590211054771546,141,0.28005182625239344,181,0.15337972631255883,140,0.08568044928081353,87,0.2843937275810874,76,0.06444197222033798,68,0.23004569751951842,77,0.013749592245786646,35,0.16482204819599755,72,0.5976898814084818,192,0.09201013526328167,139,0.40317031748977084,182,0.11616668691901087,141,0.22039287607992142,167,0.2296976135846227,90,0.05171158615307614,67,0.2870228111729936,59,0.008135695818981548,33,0.2587939843769575,38,0.0036677669087101794,29,0.20737616901770392,39,0.9997000299990002,179,0.0,178,0.38670912002135094,193,0.08547144094022444,127,0.2712177480146378,180,0.13909146709811374,144,0.10080872740776914,102,0.1896621456117665,102,0.04717790855504744,56,0.20567880923440846,68,0.01924936646770148,41,0.21400002266109203,41
"(28, 94)",0.10174914701797666,111,0.029236951243096894,201,0.12253320238999832,119,0.024995680240664345,213,0.19890889342320528,159,0.01807405821014906,215,0.08494113548952753,90,0.016680891843732688,215,0.06806462845179384,85,0.007693811648787488,214,0.1437209804556745,130,0.00025077583774803296,217,0.14538161254854298,126,0.013832560834298959,214,0.19105852131914092,143,0.016319559751411354,215,0.16788820307910512,141,0.020387112270564924,215,0.14542384731144975,136,0.016385448161513702,216,0.17580098874884853,156,0.007244152909633577,218,0.14372098045567427,129,0.00030605491390292707,218,0.07327075823779428,96,0.033500990008875936,199,0.1018553940719138,109,0.028915790752779637,209,0.22069368053490646,168,0.018469944379469506,215,0.10545420859719268,109,0.014326334208223972,215,0.09491369806367977,107,0.006286992940142508,215,0.1437209804556745,124,0.0003671105645242706,217,0.9997000299990002,180,0.0,179,0.26917858240408,164,0.01432453515983301,214,0.34931297442059117,198,0.008763363278738438,217,0.3521891913870101,202,0.004078633316054207,218,0.36403835693931286,198,0.001301427887389655,218,0.9997000299990002,223,0.0,222
"(28, 72)",0.15154771400933242,124,0.02560113458108602,203,0.1274996845756825,123,0.024666821142853047,214,0.07212733292106299,85,0.02534586511301154,213,0.1760100692135228,146,0.013084168126619049,216,0.20716491445220342,157,0.00530896637368162,218,0.10797969981643452,113,0.0002758534215228363,216,0.10661829080918461,114,0.015338933951332562,213,0.07624911660010136,97,0.02216591366372442,214,0.0901188112370307,102,0.02508556902568072,213,0.10658395113257813,107,0.01817354270294873,215,0.08506988882964606,85,0.009227189180985786,217,0.10797969981643452,117,0.00033666040529321974,217,0.1966804540949577,138,0.024105388531069586,203,0.1514092365111378,130,0.02533644206816939,213,0.061951111778650425,75,0.028208447535465902,213,0.14682301728393954,129,0.012829951134157011,216,0.16085422991409137,131,0.005273210510186972,217,0.10797969981643452,116,0.0004038216209766977,216,0.9997000299990002,181,0.0,180,0.044484422859793815,73,0.02610305778676931,205,0.025863835986382644,37,0.020869469452933567,214,0.025361356527956458,34,0.0098035306381694,215,0.023386595185318493,40,0.0032494771779477552,217,0.9997000299990002,224,0.0,223
"(94, 28)",9.999999999998899e-05,15,0.006154242860519587,216,9.999999999998899e-05,8,0.011309408634900311,216,9.999999999998899e-05,7,0.017040559549478952,216,9.999999999998899e-05,8,0.01870535914828624,214,9.999999999998899e-05,8,0.006497091992720849,215,9.999999999998899e-05,9,0.00025077583774803296,218,9.999999999998899e-05,11,0.0034617612977983782,218,9.999999999998899e-05,7,0.011656429733523469,217,9.999999999998899e-05,7,0.01582076208141234,217,9.999999999998899e-05,7,0.013578681578291448,218,9.999999999998899e-05,7,0.009928671399423302,216,9.999999999998899e-05,9,0.0006082841413820676,216,9.999999999998899e-05,14,0.005886949331269866,215,9.999999999998899e-05,8,0.010786651679931952,216,9.999999999998899e-05,7,0.017759287200135705,216,9.999999999998899e-05,9,0.019314277788447173,214,9.999999999998899e-05,9,0.007360523003802648,214,9.999999999998899e-05,9,0.0003671105645242706,218,0.9999,222,0.0,181,9.999999999998899e-05,7,0.005627802113961922,218,9.999999999998899e-05,7,0.008248347658217496,218,9.999999999998899e-05,7,0.008612979851779275,217,9.999999999998899e-05,7,0.00423168690427957,216,0.9999,225,0.0,224
"(72, 28)",9.999999999998899e-05,16,0.021621505468766792,205,9.999999999998899e-05,9,0.013282563221768084,215,9.999999999998899e-05,8,0.023053347675763728,214,9.999999999998899e-05,9,0.028941497087582167,213,9.999999999998899e-05,9,0.01630718525950769,213,9.999999999998899e-05,10,0.0005548415410175229,215,9.999999999998899e-05,12,0.01917728852838934,210,9.999999999998899e-05,8,0.0144079834125405,216,9.999999999998899e-05,8,0.018725772122845766,216,9.999999999998899e-05,8,0.0184119553084734,214,9.999999999998899e-05,8,0.014285955179333254,213,9.999999999998899e-05,10,0.000677146497010226,215,9.999999999998899e-05,15,0.020589150109621673,204,9.999999999998899e-05,9,0.014176134637584301,215,9.999999999998899e-05,8,0.02348025605085306,214,9.999999999998899e-05,10,0.02448360113522395,213,9.999999999998899e-05,10,0.013267829368467514,213,9.999999999998899e-05,10,0.0008122321240099488,215,0.9999,223,0.0,182,9.999999999998899e-05,8,0.0073765783991839055,217,9.999999999998899e-05,8,0.011148954502094884,216,9.999999999998899e-05,8,0.010811796136691181,214,9.999999999998899e-05,8,0.006138810789573844,215,0.9999,226,0.0,225
"(30, 84)",9.999999999998899e-05,17,0.1758127941208071,75,9.999999999998899e-05,10,0.1127055070760445,142,9.999999999998899e-05,9,0.2106017168732853,103,9.999999999998899e-05,10,0.277076501504874,66,9.999999999998899e-05,10,0.20792842885963572,62,9.999999999998899e-05,11,0.2113852230337607,39,9.999999999998899e-05,13,0.3150202780996524,48,9.999999999998899e-05,9,0.18015420979341024,120,9.999999999998899e-05,9,0.21835880943961464,86,9.999999999998899e-05,9,0.35166943008550344,51,9.999999999998899e-05,9,0.3570443316526989,40,9.999999999998899e-05,11,0.3676025570888057,14,9.999999999998899e-05,16,0.18856444919851006,69,9.999999999998899e-05,10,0.11641047451242481,140,9.999999999998899e-05,9,0.21780392647019436,101,9.999999999998899e-05,11,0.28960213814736574,58,9.999999999998899e-05,11,0.22356408126449123,52,9.999999999998899e-05,11,0.2518883249662717,20,9.999999999998899e-05,18,0.15034051314539118,35,9.999999999998899e-05,9,0.15537105775247959,61,9.999999999998899e-05,9,0.24041674157066809,74,9.999999999998899e-05,9,0.3526650678727877,35,9.999999999998899e-05,9,0.41019533695932425,13,9.999999999998899e-05,8,0.4693905299296372,6
"(84, 51)",0.483294881119122,182,0.04740743924189355,193,0.5877897610837631,203,0.036782850276743294,202,0.46502635089943256,210,0.06323973437299729,204,0.2407472059270046,169,0.08436877648503362,186,0.1706007563977674,141,0.06631373821274107,173,0.051199747111893124,83,0.06839910974577598,121,0.5690808542344955,200,0.08476245654692932,176,0.5960209964844078,211,0.05404877449817633,203,0.5049333396403222,211,0.06449869561446234,206,0.3416690254320831,202,0.10466855229363763,191,0.2527574848463432,182,0.10653761192519771,165,0.07963485056822206,96,0.11544008783776029,93,0.5067152154229667,186,0.050289416387871065,188,0.6156482886470275,205,0.03763898171213318,202,0.4714950616308613,210,0.06583756662411057,204,0.21222727709133882,158,0.08637944647163007,177,0.08586281649592764,100,0.07332769264275348,150,0.026665335509723942,62,0.08428399673271597,114,1.000088900582341e-12,10,0.04715711118150142,66,0.6238972147009789,211,0.04749984998242651,178,0.44997821128291393,210,0.07229815193608624,198,0.28144333681025646,186,0.10049615776791665,171,0.16015302241213314,145,0.12165485968724805,136,0.07423827325979415,90,0.15647484052256475,80
"(84, 30)",0.00997155857153842,53,0.17284741173689752,77,0.004277403412624503,29,0.18981301215026872,84,0.011429286898150703,23,0.2175084732288153,98,0.05397125622811383,69,0.13888264977614062,146,0.08834849180472781,98,0.08257795328711173,154,0.24847086529836737,156,0.04039998746120811,161,0.005027584357281012,35,0.4100231749710313,25,0.003977049667053478,21,0.2870908598744778,63,0.008451967943224004,21,0.25214072685299477,70,0.027245522080307616,35,0.24317543916685633,95,0.04972714792484023,58,0.18317791680016188,107,0.18496855636661347,145,0.08716826516597741,120,0.008336040342925344,48,0.1977324624289735,62,0.003327822658952262,28,0.21446776839419163,75,0.01089357655287837,22,0.2311582105009419,89,0.06570148341703719,79,0.12768868830420588,150,0.1745216185562325,138,0.057887747687670216,170,0.3448328978151449,173,0.03590800209253022,172,0.9997000299990002,182,0.0,183,0.003081235933065418,25,0.278925531276521,17,0.012764167794332648,23,0.23706104230739955,77,0.04094396301164083,55,0.19108055300799207,100,0.09540857388996016,97,0.14458127171604318,112,0.194825758092823,144,0.1134414267423547,115
"(31, 103)",0.41354438904251944,176,0.08841996690805166,142,0.3102339836088148,166,0.16596157046542717,101,0.296677704058117,189,0.2003170261197723,109,0.3113820927940487,189,0.1966129104712277,104,0.30926906935629683,176,0.12986449352117033,117,0.20711648988882714,146,0.08191906209836682,107,0.5288986024197909,197,0.09763904982618772,166,0.32576449819332165,178,0.22270282941204375,91,0.29690841377828503,184,0.20590743199514278,97,0.32694424524672727,197,0.22209217898284514,110,0.3292222662965749,199,0.17526263426808086,111,0.21536138891117718,152,0.10926542994976875,100,0.3582686587490609,170,0.09488533345471373,136,0.30772484800984135,166,0.17090725438969562,100,0.29028648025350856,187,0.21349712969493526,105,0.31220817651619726,183,0.1846899472931737,105,0.32344022789443905,174,0.11276113088779202,119,0.20857911889301772,143,0.09343422755348343,107,0.9997000299990002,183,0.0,184,0.4121853096214505,198,0.03258810317780083,195,0.31674086888614106,190,0.17595071397684375,115,0.316337980804859,197,0.17276657799246936,111,0.30886978316820035,192,0.13423123672482168,123,0.262086629849801,162,0.1013517341400682,127
"(31, 39)",0.016575428597257025,60,0.2583664610954724,42,0.03371073182215778,71,0.34778800452599307,31,0.036941807715713204,52,0.4011499903464411,35,0.03345028906127778,49,0.41359627450099573,32,0.033931161262222065,57,0.27127077877015027,45,0.06808768983998004,93,0.11869533870411585,76,0.007000067928876863,38,0.41277520278099655,24,0.030349983237463185,60,0.491255584733063,14,0.036884323302198485,56,0.4126662174153818,34,0.030108467037115894,40,0.49180727591924317,29,0.029647363912249536,37,0.39101225907626935,33,0.06428452793395178,87,0.16349453500694364,73,0.02432939956351088,66,0.2325724299597169,47,0.03428689098751159,71,0.3551719424023331,32,0.038570453825449325,54,0.41839137926416625,33,0.033264121591811135,55,0.38958239976100545,30,0.030831310737983175,60,0.24684638497905945,46,0.06739500025538026,96,0.13616130838205198,73,0.9997000299990002,184,0.0,185,0.016735288884943245,40,0.09481539266028308,115,0.03226058174142343,47,0.3767630782386466,34,0.032348566702210535,40,0.36945240360241305,32,0.03402279103884154,43,0.2800198078961477,38,0.04667415595304525,71,0.18014435115628222,63
"(39, 31)",0.1178661762032911,116,0.1881384704643617,67,0.05883387391878403,89,0.3740242718717179,30,0.07723645152763581,91,0.43233341932301783,29,0.09179151414737985,96,0.4252010242127487,27,0.10150051436664653,104,0.26670304809008266,49,0.04700215670272645,77,0.18019184351587725,51,0.16142842877836716,130,0.2617178447276941,63,0.07208424558603554,92,0.4949615312703192,13,0.07172796671068427,89,0.4441649597341856,28,0.09588899292718678,97,0.46996543017219894,38,0.10369400012215324,105,0.3580054971923849,39,0.045305877750460466,65,0.23583826528074803,44,0.0888992439498284,102,0.20157870380906862,61,0.05905203494186673,89,0.3813050610608178,30,0.07461717067548257,88,0.4605397780535493,25,0.09203107612488282,94,0.4023403324584427,26,0.11031532862647253,114,0.23173794302388556,50,0.047952968369485816,85,0.2038335520700447,41,0.9997000299990002,185,0.0,186,0.12719266008583596,122,0.06890521461085442,150,0.0752973154730825,91,0.3769784778535185,33,0.09678466275118958,94,0.36554466274373537,33,0.0889855284641714,95,0.28473441458254045,36,0.06252128217780384,80,0.21878151308111535,39
"(39, 33)",0.13241601682356685,119,0.1809785761866902,71,0.22817315184080822,148,0.23806054351729536,62,0.18925060297844998,155,0.3206863599268601,54,0.16538373594964795,141,0.34943323899794854,46,0.151872478063943,135,0.23317985815541883,58,0.26105418217089293,161,0.10174916146829252,92,0.0945108001432513,110,0.31284762456546933,49,0.1989936553259859,148,0.3528351328196727,42,0.199696755164241,155,0.31573068942280114,53,0.15947655735599509,147,0.39666439090997757,46,0.149041166614871,138,0.31722847073503874,49,0.2664765391592463,171,0.13065101705873577,86,0.16974990495469722,133,0.1624828360530129,82,0.22763571853597875,147,0.24318533932802724,62,0.1941069795977619,157,0.33486237713040923,55,0.16502958339694174,142,0.33117011288223114,47,0.1409332261770908,124,0.21356888034861782,56,0.25810328710981234,153,0.11630980460540204,87,0.9997000299990002,186,0.0,187,0.12283268518467261,120,0.06971102329129984,149,0.19282721184998164,152,0.275541454708587,60,0.15822644870728308,150,0.31030082768913525,50,0.16961717972190626,147,0.22964472655690474,56,0.21937045385541643,152,0.1439772482635938,90
"(32, 47)",0.0019437155498663872,31,0.46067430216816735,14,0.019119789546452326,56,0.39647985399611585,22,0.049274815712195164,65,0.3807104045895778,40,0.14716920230204944,131,0.27008370393663056,69,0.27311085772186616,171,0.16783294910826121,87,0.41677370685547777,186,0.08153349424782923,108,0.004893751297594506,34,0.3846031286210892,28,0.04788740259567459,74,0.3464669325199599,45,0.05334577004813501,73,0.33854242422220593,50,0.08133968613426412,84,0.34573078882061614,57,0.14251206366215263,132,0.24672276276073726,72,0.2978216827006671,177,0.1068246420113929,101,0.001889219989592128,31,0.4560868476751861,13,0.021552039280930635,57,0.4065450513396926,26,0.051162542454584736,67,0.38885446705175486,40,0.16696073857830962,143,0.24160051639886476,75,0.35693505723185925,178,0.1262448226748052,104,0.5257505598023974,195,0.07225194798043301,128,0.0013328624064464778,23,0.343561925878999,8,0.02343475861158084,49,0.3347277823973666,10,0.07045792502300463,86,0.3097284507261234,49,0.15151346800010046,140,0.23611641194196492,71,0.2567725087510856,179,0.1541496314667256,100,0.45617423899573606,197,0.08131932877845381,149
"(32, 90)",0.6703837865784632,201,0.06568966628704043,165,0.39318880585095606,180,0.1447155209550132,114,0.25410113843992466,177,0.22036073483863958,93,0.10517702584766297,107,0.30208586017399636,57,0.04331632661602369,65,0.31005566787484495,32,0.01620104798244304,47,0.24068837967461837,24,0.5722465620494476,201,0.07865005793742758,182,0.2583048018953953,164,0.1975565310331163,106,0.24245273165408343,170,0.204379532823144,99,0.18201544646444412,159,0.26432372097055606,88,0.10898472116648894,110,0.26979748073453286,64,0.03665764584617204,58,0.21475108171283633,49,0.6730929975178098,202,0.06433540438638416,167,0.37591519244269367,179,0.1567622577313324,112,0.24857755023832628,176,0.22958869376567956,91,0.0907339140792347,93,0.2960597913065745,53,0.02455232992579459,54,0.3081146923285966,22,0.007178047012386668,38,0.3023017832395672,16,0.7048471454830999,84,0.04248495407031992,69,0.36373838065979447,187,0.13418857637608977,81,0.2022358896277866,157,0.21794068250906543,87,0.10177540941153418,104,0.26960563717252733,57,0.04838832445591312,58,0.2688717275022816,41,0.012199046023568805,35,0.2719331044563037,24
"(33, 93)",0.7920116077775138,208,0.015699336012205342,209,0.7615176113639047,214,0.030468437091165635,207,0.5497455641222583,215,0.08127160896434349,193,0.4236971821224369,200,0.11355285027626791,167,0.45849048412719307,206,0.0681356740625517,170,0.5709983815425048,205,0.02744114604557851,185,0.6016744885554539,203,0.04913093858632677,195,0.5327053639645434,207,0.09537510150888952,180,0.4398540031120862,205,0.11264286524463067,173,0.40415122983710294,205,0.13696804187392309,173,0.4180060303182943,211,0.1051919801696373,169,0.476286325348216,205,0.047243401647340574,177,0.7833947420388062,206,0.016162558698802128,209,0.761701392528419,215,0.03077723433987484,207,0.5403861578919624,214,0.08892499709844745,191,0.399200110571023,194,0.1143572754625184,157,0.41245277742223374,181,0.06905477316136295,156,0.5194228551421669,193,0.03618333501592342,171,0.9995000999900006,118,0.0,188,0.4253535113522816,199,0.021246774622170027,210,0.5363175625334992,214,0.07521009560179899,195,0.4475232935128798,210,0.09313069285498636,178,0.46357009903555324,209,0.06833314916900965,187,0.44995332131948684,196,0.04992238575976976,184
"(33, 56)",0.05436682142279192,90,0.1520983303607882,92,0.09642643069860324,107,0.21466058635656768,68,0.06036904518613517,73,0.3096001804160928,59,0.060123945993139416,75,0.3094739679259692,53,0.061120059066743115,78,0.20203936498660402,65,0.11539054137129778,118,0.09077458386884422,98,0.03490831334494915,71,0.2485660486674392,66,0.09886905973102622,113,0.2985631085300955,59,0.09056860038088921,104,0.28362879389374096,60,0.06904751914397278,75,0.34223587676235684,59,0.06529678469041311,70,0.2763806215537157,59,0.13489365396521036,127,0.11312172186494562,98,0.07754573659791464,97,0.13578673463968988,100,0.0951857735570747,106,0.21796433562184825,69,0.06562820292006688,80,0.32248122918694033,59,0.06263848313014009,76,0.28994622623391586,57,0.06295861184234541,86,0.18071731852619935,61,0.1309251303750527,122,0.09845446452335282,102,0.9995000999900006,119,0.0,189,0.05014521662676086,76,0.06089427618663901,162,0.07828880546977568,94,0.2562656184965107,62,0.05484890951773769,63,0.27615081829005006,56,0.07200140933241628,82,0.19617593013214815,72,0.11372850793740474,108,0.11924266630408917,106
"(33, 39)",0.027395864961492933,69,0.17674968304789737,74,0.014136812627046469,47,0.3294164861126705,34,0.04694588591159965,60,0.32976232775698344,51,0.07022541150195549,80,0.29653654373118904,62,0.061564286244407795,79,0.2016483363018569,67,0.019876458244331263,48,0.14061001222532207,66,0.06876155077981638,93,0.21081981460023178,82,0.02791013936251663,57,0.4119516775826513,24,0.04297674954819497,63,0.34734018775145287,44,0.06553254002727571,68,0.34726963381991177,56,0.06602299454214422,71,0.2755374938873244,60,0.022447379680337942,47,0.18230543515270226,60,0.018042757292368483,58,0.18723685108900975,70,0.014399598213183595,46,0.3321275593899994,36,0.04417197764676828,59,0.3563820764402861,48,0.07343784290937594,84,0.27728698546827985,63,0.06977444017651135,89,0.17563491497526257,68,0.019910597713818312,54,0.16004185060435577,56,0.9995000999900006,120,0.0,190,0.08277817191921,101,0.053059072634222874,173,0.03670153229968509,54,0.31049449597299894,48,0.07088802713997178,75,0.25768304006288845,61,0.051103702814984775,63,0.21494841352666497,61,0.031318114725488955,52,0.16901775496561175,73
"(34, 74)",0.09593582342184481,107,0.06005543975761223,172,0.27201252342165727,156,0.0706648925793303,180,0.2286272703871831,170,0.09978210538441445,186,0.1025349648414835,105,0.15742928589611127,132,0.20109086417826094,154,0.07167212029933029,169,0.21970309851967773,149,0.03361963574809567,176,0.2539793403494448,155,0.04800115874855157,196,0.3574379896538149,184,0.07839695487284529,192,0.3354399340507783,197,0.0962923424896083,187,0.11700836180658347,117,0.16826511481734344,144,0.12241975201060917,118,0.10537746825624336,168,0.16546623642156,139,0.04445830193082394,178,0.0842751972361071,100,0.0663040427259003,165,0.26889787081480476,155,0.07750091135548941,173,0.22798021173296246,171,0.09946700711549965,185,0.09214365521686319,95,0.15785107654226146,120,0.18060777577700826,139,0.06725656212115663,159,0.2367216868416403,148,0.034375315485641385,177,0.9997000299990002,187,0.0,191,0.29678166899118086,172,0.02222831817441472,207,0.3657032213409481,203,0.08498081647790859,186,0.10206686460545833,105,0.13167263840864946,148,0.1806847967553028,154,0.07258529877592114,186,0.21530877748441224,151,0.04534484516808865,192
"(34, 53)",0.15941083943903744,129,0.050703741109224924,187,0.043639376262136764,82,0.130049042207831,124,0.0586502183219193,72,0.15703825567491358,141,0.1505277706025019,133,0.13851728733360286,148,0.0710274562093085,87,0.10139244884936585,140,0.06237740423171023,90,0.05115200150465503,145,0.049315639068834294,83,0.08289397450753187,177,0.024468033257164068,52,0.19164599280577546,113,0.028423211286845662,39,0.21923284783058336,85,0.13334748140169495,126,0.16109106277837382,151,0.12761625164846246,124,0.10392728867005044,173,0.09173581658430296,103,0.054118160150885074,166,0.17709752338534557,136,0.05176494685814424,181,0.04456904126696082,83,0.14108846223950422,118,0.05891209298043654,72,0.15616245123159747,146,0.16486354065482822,141,0.1300252864733372,148,0.08216741395720606,99,0.08744740762726728,138,0.055478997432838906,90,0.0557549169871236,142,0.9997000299990002,188,0.0,192,0.03691589238660864,63,0.044529502027380354,184,0.02312096365115568,33,0.2133184982921888,88,0.15113415257022444,139,0.1155233011865633,161,0.08212186876965533,88,0.09440672486259297,164,0.06430803115826322,81,0.06783597901582876,166
"(53, 34)",0.04683639560174524,87,0.07378644949180223,153,0.18090456345403316,137,0.10410898693083688,148,0.13012714922453505,124,0.14161040832120556,156,0.08487360029201685,89,0.17631133671742807,119,0.1435408363138153,129,0.09105167379613655,149,0.14353641691040653,129,0.04692015924265697,150,0.23193696250716267,150,0.05101390498261877,193,0.27560988774343953,169,0.10491344884649623,173,0.20359698539673643,158,0.14302203777714023,151,0.05059481367498986,56,0.2662039294732165,85,0.06736714278537059,73,0.1585619614522031,121,0.08742641426517272,100,0.0705112264768106,138,0.03926797771452262,86,0.08482593292215723,151,0.17809086022512932,136,0.11614770034631508,142,0.14036455496423395,130,0.14211715130034194,161,0.08473984048893612,90,0.16783763310074046,118,0.1350663542303353,121,0.08224358146589857,143,0.1594511612474836,128,0.044980221918336255,159,0.9997000299990002,189,0.0,193,0.1801806421079175,139,0.035472726805140034,193,0.2106680652614472,161,0.13517702447295923,149,0.04366512586008375,57,0.214321927211206,80,0.10352925599595597,105,0.10617687141646921,148,0.15272484641322248,128,0.05919077240332211,175
"(53, 71)",0.26157500622651,149,0.04158841352042461,196,0.0819920766197969,101,0.13553374309336175,121,0.12000932796131791,123,0.14548318901668364,150,0.17611988933349054,147,0.1382297890181633,150,0.10812871001054103,109,0.10006896714714494,141,0.1081323689062863,114,0.05156578163693928,143,0.057330408076132544,88,0.08128621089223638,179,0.042590413508218794,69,0.19550542357461986,110,0.06978765613768112,86,0.20436218549630036,100,0.25021579619300527,184,0.1562469521115771,156,0.2086382938591549,170,0.10878033151779844,164,0.17203963014723933,141,0.056268195921053143,162,0.28763180082044504,151,0.04367797780255961,195,0.08367230549737747,102,0.14940458108026006,117,0.11079968215372582,116,0.15377514306886056,150,0.1763377054677132,146,0.13146298785822505,146,0.11544665525676145,118,0.08666105167399378,139,0.09590708682557514,112,0.05328609844069788,146,0.9997000299990002,190,0.0,194,0.08242053447985065,100,0.04603825019502285,180,0.06641938158357874,83,0.19861140127976523,96,0.2719253376618396,184,0.11649169177836388,159,0.14925119550783705,138,0.09398928572890193,165,0.10085155899188636,103,0.06797194556805691,165
"(70, 35)",0.0033067186850097574,39,0.27794658014053336,37,0.005345731361944606,32,0.2509847856881795,57,0.04884818220499598,63,0.22707117512204858,85,0.21766532063856903,161,0.11994968779479806,162,0.23641635304952402,164,0.08274338849988934,153,0.32081464398652326,173,0.044550327575938055,152,0.03097125303579218,69,0.20874855156431057,84,0.025329931736879363,54,0.20008483492073237,104,0.04158706813021229,61,0.18739916866272127,116,0.10467472469704031,106,0.15357564723603934,158,0.11210383255349421,115,0.12380486653289043,152,0.196445260182202,149,0.05835319502201683,159,0.004333424852995593,44,0.26171510503197615,39,0.006474179688231829,32,0.2785588431860988,51,0.04262288390709046,56,0.25683471863868085,74,0.23035375217881904,163,0.11185530162388238,160,0.2868916310330223,168,0.06442722256379023,162,0.29874839118698715,159,0.05529602878146826,143,0.9997000299990002,191,0.0,195,0.03559735610082704,60,0.12071271206055567,96,0.04102220943140278,59,0.18426222392814398,106,0.098187166925922,97,0.1288472164466901,149,0.12717615005029037,124,0.09732061371737735,160,0.1454299134434276,126,0.08708657670213127,142
"(70, 81)",0.6163351899656464,194,0.0486580570298902,191,0.5618191602463534,202,0.053184399179205914,196,0.2553804050744388,179,0.13083249371707448,165,0.06326458646957756,77,0.18108201188925324,118,0.05559519356680043,75,0.134054086572032,111,0.03138395678251993,62,0.09668662424375411,94,0.32277107088647616,167,0.09556778679026652,167,0.35237085260118084,182,0.08319403476557376,190,0.27913677146514126,180,0.09934547201409138,184,0.14779949143439863,138,0.13689218331761976,174,0.13884910630642244,128,0.11528253208100771,162,0.07339264398369916,91,0.08102038708295237,128,0.5863056609946967,190,0.050979767404811215,184,0.538601879539703,201,0.06381007351600948,192,0.27549717490960257,185,0.13787820621557195,163,0.057957671551475576,73,0.1771813584277575,114,0.03946471918201855,69,0.12480702477984924,107,0.03642905413767816,79,0.1115098339742472,91,0.9997000299990002,192,0.0,196,0.3021696777779148,175,0.05917550341611446,164,0.2811607338730815,183,0.09700432580730318,180,0.15629732664771612,147,0.11035095614329903,165,0.12284881714240248,119,0.09845015490265893,156,0.1065790201147151,105,0.09659290481208288,132
"(36, 86)",0.22001440888274426,140,0.11747211895910781,116,0.1488412463566483,131,0.09870630175250844,154,0.08823353614965068,97,0.17432867204345565,133,0.017760695278467464,40,0.2305227378224997,91,0.011892399599560344,30,0.1817209129445534,77,0.007565055896234796,33,0.10944484498918529,85,0.32355152056655834,169,0.16192062572421786,108,0.1930151221616735,144,0.13568006072394326,152,0.09752963806490711,109,0.1602719527085182,137,0.05439498948296517,59,0.2247201361119239,106,0.03501219056724203,42,0.2115677115828879,87,0.011817156463358569,30,0.1470440833846613,80,0.1451599117326079,127,0.14927892456966857,92,0.13252413486764236,126,0.10629670696883166,153,0.09061045616032881,100,0.1774553830495764,133,0.016603876170473875,38,0.2111047094722916,91,0.006949611665615807,30,0.1675400742798001,74,0.003626725285237553,28,0.12765810993125856,78,0.3374935576024334,71,0.02427146024707,79,0.20416150703679037,145,0.09714280815752703,113,0.08733210065412522,99,0.15301956249584991,136,0.02878955518888604,36,0.19787067998108793,92,0.019562264728855916,32,0.21078220727080751,63,0.006214773909889004,26,0.20184234678269142,46
"(36, 105)",0.062243085271327714,96,0.17894578507424203,73,0.10385112148538589,109,0.11128814825254786,143,0.17077915495050044,147,0.1398841248440423,160,0.40373489701511434,195,0.08137699713999072,189,0.45964118046418034,207,0.05374710756941296,192,0.5191219457341807,200,0.026732704303940313,186,0.030808095505844957,67,0.3545915411355736,42,0.07519700242794758,96,0.18577173266953728,117,0.1571974801047884,136,0.1366956011182354,155,0.23960379298570755,182,0.1370872481766854,172,0.3046247733155618,195,0.10286494781039746,175,0.4605036745946064,204,0.04337180698646855,183,0.10679877863291432,106,0.16535803424444495,80,0.11776618626877577,116,0.11056336958502946,151,0.1671462796147536,144,0.14469372996812757,157,0.41330168135478573,198,0.07230117576766319,192,0.5298030616313146,208,0.03951245930897043,190,0.606268591052256,206,0.02317385438559458,191,0.028029666974000222,38,0.0556303452644916,59,0.06951178178146034,93,0.13911772521923998,76,0.1721878293358584,146,0.12203116978186336,166,0.33355262140937825,200,0.08744567043959237,186,0.38990205758893504,205,0.07774189983916317,179,0.5436284772663276,205,0.045469481174297784,191
"(86, 99)",0.4133620535129655,175,0.12394438833616263,110,0.22605438524200083,146,0.1090148002519395,146,0.1459444619141419,132,0.18322292582335123,124,0.03569772153424,53,0.24133087761855562,80,0.023463025786779834,51,0.1954907087717187,69,0.014830059612381485,44,0.11593366979091563,81,0.503884618599728,189,0.1670915411355736,105,0.2768391995975439,170,0.15504698012797793,136,0.15397687506255342,135,0.17348394371459644,123,0.10189166589182508,102,0.23731807492657978,97,0.06605739729401927,72,0.22275432946056692,80,0.020747524025267916,43,0.1577139228206021,75,0.31280549540138647,159,0.15637209161185583,87,0.2014703602802138,140,0.11795522206695426,138,0.1500194232098052,137,0.18649929916346009,123,0.03378165885557172,56,0.21946951752982094,88,0.014068427720846932,47,0.179616805660221,64,0.006928377858579138,36,0.13623931937701336,72,0.36795065086678,73,0.03357617991764333,75,0.312945054787245,176,0.10398360950854244,104,0.14379197474558292,135,0.16137318064253867,129,0.06144182889163341,70,0.20632416020598238,84,0.04426881209757272,53,0.22287157198574162,58,0.013058829832035546,36,0.21592621548432414,40
"(86, 36)",0.016596795918870866,61,0.3619614500290092,27,0.059699089578868714,91,0.1699158423291824,94,0.10616180577810996,116,0.20372903190217298,107,0.3017526176904699,184,0.118470269379932,164,0.3635625922124044,186,0.0784141423473323,163,0.4291962922833745,189,0.03776057176891006,164,0.00852082562982226,44,0.6509849362688297,5,0.042237912656757914,68,0.29016054450624124,61,0.09990767192474703,111,0.20039098205886083,103,0.15136200285911694,143,0.20798790597873795,120,0.21145189330352498,171,0.15114581049862572,130,0.3814215094343203,192,0.0597572219395465,154,0.03313014363219424,78,0.3305036527913699,29,0.07083811842017507,97,0.16712133179415517,102,0.10292946136061631,109,0.2114526511262488,107,0.3099228289302638,182,0.10483750506796408,165,0.4365437450294435,187,0.05715921202507859,172,0.530185308914751,197,0.03209005222147781,181,0.022766841769555235,35,0.0848907190370605,50,0.03309891708688473,59,0.21987861435196696,27,0.10792104713078288,114,0.17757187949930117,114,0.22188701257710797,172,0.13448097112487112,145,0.26989634484342195,184,0.1219986330914642,135,0.446841561558991,195,0.06651030513160429,168
"(37, 52)",0.05590836730113957,91,0.22936588091196256,52,0.10664186937433429,112,0.13316962042652947,123,0.09662436952257036,105,0.16346801264859587,137,0.17697263905086524,148,0.12448078103709027,160,0.21627322519509273,161,0.07403977750038135,168,0.2827605352760125,165,0.034547506347763386,173,0.09543218098012751,112,0.4071697566628042,26,0.15604485307684968,130,0.21005572872917846,98,0.10950575326657697,115,0.17625150955103785,121,0.09473173628594189,96,0.2050673515610607,123,0.1458810979241607,135,0.14414447835691283,134,0.2339265469257551,158,0.06399225681067826,147,0.10946796633034095,110,0.21389881426523133,54,0.12850778574103638,123,0.13249513943738989,126,0.10225111893307981,108,0.16362078047299772,142,0.1944562140541637,151,0.11176461174060559,161,0.26710454755766344,162,0.05908655504780775,166,0.34133501336564587,171,0.033374939197312756,179,0.006744254959529461,30,0.13291891035793474,38,0.0985924005276273,110,0.1805568652327844,46,0.13341715717207092,129,0.14858848470419803,138,0.17276875256240642,157,0.12284889119277238,154,0.18442743935690786,155,0.1176810028361306,139,0.18175119052677324,140,0.09381692103742478,135
"(37, 40)",0.23559682721455855,145,0.14200313728860908,98,0.14535262298549867,127,0.12010841998730748,132,0.15844912487303686,139,0.13862186117371053,161,0.08435135819143968,88,0.15935792042885163,129,0.06387869446725669,80,0.11117676000507047,133,0.040581257621541855,71,0.06598539230745118,124,0.16011968424940803,128,0.3426564310544612,43,0.09837257352699513,112,0.24497757734907616,79,0.141890910112906,132,0.16166907972431097,136,0.16111318625330906,148,0.17179795615375446,142,0.10621307173387229,107,0.1602279817209922,119,0.05655256233025674,79,0.10272350616509367,105,0.14193583109314756,123,0.1961583103848517,67,0.12155663522790916,122,0.13497402636855216,124,0.15089505273538295,138,0.14371523716844184,158,0.07443279773592981,85,0.15393007276529458,124,0.04511356586108217,76,0.10689237138358175,124,0.027307469840253118,64,0.07745574023256455,120,0.5335409337891958,77,0.030962939499524864,77,0.15574627066384372,131,0.1550324466580371,62,0.11694452342395745,120,0.15526101412729953,133,0.08696357584632297,84,0.15443551373120895,128,0.07994407939072512,87,0.15549607729990547,99,0.08149432057233574,93,0.1225738468336789,101
"(52, 37)",0.21239718678857467,139,0.1547113049831317,89,0.14603497463518522,129,0.10323468356667997,151,0.13569685985068802,127,0.1334235413796964,163,0.08175444161506795,87,0.13587290178638275,153,0.049470107792367934,72,0.10541016115967934,136,0.03287296049402233,65,0.060675213943136574,129,0.16282740306573218,131,0.3184530706836617,46,0.09555600078755111,110,0.21614207616724757,96,0.11482105074474469,117,0.15281126775598985,141,0.11558313242683493,116,0.1723289660478776,141,0.0779732996962419,81,0.1528219482994115,127,0.03871507421490861,59,0.09374079444204277,114,0.1407066482896795,121,0.19702693886221048,64,0.12874955085515138,124,0.11229266662616198,150,0.1322855844007571,125,0.13754966118794026,164,0.0778595671888529,87,0.1257922028039178,151,0.03447028697796328,62,0.10178298503032676,126,0.019849482295483778,53,0.0741930450903551,125,0.30599956492935665,70,0.05978777320240734,54,0.14417289909845177,125,0.14638714820879017,68,0.11962825833633361,124,0.13508794944425281,150,0.07302959096682593,76,0.14547505254943063,135,0.06575215160682069,75,0.1449250451202593,111,0.06996286621936976,88,0.10775349264081034,120
"(52, 80)",0.06562377876964332,97,0.2288501622365,53,0.10608862890733106,110,0.11483871173230711,139,0.1148805993072235,120,0.1410393070204899,159,0.18130799647140627,149,0.1041911863797673,172,0.2535194356690734,167,0.06114012792224115,180,0.31395878052315196,170,0.028597849597191312,183,0.09353790929581018,109,0.3830822711471611,29,0.1599449903922714,133,0.1820406705307485,119,0.1357634228276673,131,0.14451123906618007,148,0.13491493868191085,127,0.16367025369268615,148,0.1879187475689008,162,0.1139841154747652,163,0.28973211981487923,176,0.04792437383077459,174,0.11050798558585562,112,0.21354984561930557,56,0.12132396347155328,121,0.11453839844461998,148,0.11798695080298471,121,0.1428956601701649,160,0.18812336199322988,149,0.09374399846360668,172,0.30693489469320034,172,0.04910677287611617,184,0.3878046887813784,179,0.027547058985489956,184,0.03468868756983878,39,0.12353500158378206,40,0.107607033664745,115,0.16138033312473749,57,0.1305301887972522,127,0.13121723456046333,157,0.19714714105021125,165,0.1044779520247908,168,0.21211660648409636,164,0.0980818262552845,157,0.2032397643977455,146,0.07551808921671935,159
"(40, 37)",0.008301379239303075,50,0.258379354062359,41,0.0288690905658886,67,0.14968822087228084,110,0.026315241320406746,39,0.17784938176661752,129,0.04663611369931675,62,0.13789137954269798,151,0.0766086877084382,91,0.07911240785580924,162,0.12731179692517258,122,0.03432180809379016,174,0.027618102003192924,65,0.3554026651216686,41,0.0648630905457821,90,0.20814973363509262,100,0.0329707087718758,47,0.18914991426417313,115,0.022021650736943288,33,0.23359558719941048,100,0.03897262514671873,46,0.16725966645869517,117,0.08658958540110251,99,0.06781794323446486,142,0.020110697059954052,62,0.2358345281716319,46,0.03775270046817014,75,0.14967343094963242,115,0.02912537922257097,41,0.17478595470006875,134,0.05149618677823997,66,0.12385837441051577,153,0.1025189173102532,111,0.06305495433160709,163,0.16780892301870964,132,0.031998274580346736,182,0.003138234464386769,26,0.10064935064935064,43,0.03691501363707206,62,0.16383204889715655,55,0.047925583825050744,69,0.14713413241731813,139,0.0523163400858393,62,0.13773362423027188,141,0.06264950438664996,71,0.12642266940048377,131,0.09900011693822075,102,0.08418595692126402,146
"(40, 49)",0.5072520016238571,184,0.06559941551883447,166,0.333145924835309,171,0.06624002573541414,186,0.3467738558386819,197,0.07529613711623047,197,0.26220686448680186,177,0.07754668104158244,192,0.19039698173337427,150,0.058405075638268376,185,0.12271635976042639,121,0.03474499231998997,172,0.3396709645172964,170,0.15396871378910776,119,0.21407247321910494,151,0.1398046006200763,146,0.31351940857517224,192,0.08928135362525773,192,0.3727881274949342,203,0.09097608288089123,196,0.28875002012476303,192,0.08579667133197309,187,0.17336131189299775,142,0.05380827955055836,167,0.3859211533404019,175,0.08808803113407224,146,0.29346097771998103,162,0.07555744577434838,179,0.3318427108237152,196,0.07767590104366613,197,0.24762374661729913,169,0.0733814523184602,191,0.15054850130020936,128,0.0554747142232133,176,0.09017119298505394,106,0.03935884139905836,165,0.6219458272534899,81,0.01726322458029775,84,0.2967851955630827,173,0.08178100863243981,134,0.2581874177287746,176,0.08393135068514893,187,0.24530676683595654,178,0.08229041464206575,188,0.21907471741452778,169,0.08329138479293792,175,0.15519466351690336,129,0.07247017233760494,161
"(46, 76)",0.029922522185633182,73,0.12184713238928165,111,0.026345467541803558,63,0.2616046253673786,52,0.0630877469619191,75,0.2957882901519097,61,0.09699379834247135,100,0.2611892248027192,73,0.11500978115723948,114,0.215828497397081,61,0.07771596477170961,100,0.2826212344440613,18,0.0682607200004095,92,0.1626882966396292,106,0.05730180714707522,82,0.20057877508420702,103,0.04974463514709537,69,0.32579213899212034,52,0.07768165458840759,81,0.3601764253280883,50,0.1002044825677495,99,0.31139065477294575,51,0.08387189049101451,98,0.3566993507810139,17,0.028017538817071808,70,0.1231745525994371,115,0.02316317799779899,59,0.2852846466978553,49,0.0618699761634115,74,0.2959280057852494,67,0.0977206917825626,102,0.24547884258370142,74,0.12812931938138927,120,0.1767932481319228,67,0.1020780574308997,114,0.20090584531796365,42,0.06888067836632517,49,0.26001742160278746,16,0.05756612147057505,84,0.21159764429547462,29,0.06383580644425613,80,0.3527176791258339,41,0.0972123960118425,95,0.296350306751961,55,0.10329734379760103,104,0.23564439096858156,53,0.09625841363888865,101,0.23400976693066836,35
"(46, 41)",0.32785879688418673,163,0.05485957410232719,179,0.3466053144346182,174,0.11081596073438299,145,0.21806897071032416,167,0.19562815464514655,114,0.15793660421605005,138,0.22201158977584115,93,0.1355526150259052,124,0.20432323032663785,63,0.1883822122048726,140,0.2103915237766841,40,0.20675374779327238,147,0.11244206257242179,155,0.2320095989097839,158,0.12584590741273025,159,0.25270579792812664,172,0.18951821135716146,114,0.18844414028887768,163,0.2680570456343401,82,0.15358158522068233,143,0.27007739911977474,63,0.17776108256525813,143,0.2776912747569733,30,0.33755728357741166,166,0.05372979206020468,178,0.36543745134592676,177,0.11374703809465946,149,0.22088306860055407,169,0.1936237266648216,119,0.15693515710509776,136,0.2096216631457653,93,0.12192205183335525,119,0.17974401029972115,63,0.15111961265672558,125,0.17627731532044164,48,0.20546252529287434,63,0.18063034526449157,29,0.23133982609567305,155,0.13309130498144067,83,0.21636996290572252,164,0.23480987340009102,80,0.15763446880556364,149,0.2522486599183134,64,0.14954756844959638,139,0.2083021277118197,65,0.15895921321031392,131,0.1979786305902081,51
"(109, 42)",0.8708088723843139,212,0.015123450157938844,210,0.5997111563941049,205,0.049759646201757046,198,0.11395253626666302,118,0.19162071085887472,116,0.008064437892333576,27,0.36569486246499855,44,0.0031307484064111435,23,0.27200127191748,44,0.00027929679772364935,18,0.23405535876618286,28,0.7690946077920946,211,0.021089223638470454,208,0.3765392964656413,192,0.0768676938017486,194,0.1876563537555278,151,0.1464834966873278,145,0.038729677143384045,46,0.2732967044875755,80,0.022331886431167902,32,0.2220730823061228,81,0.0008120036614606141,17,0.22096782215148955,47,0.8864244955858123,213,0.013807020338803037,210,0.6057384325140052,203,0.053725925025821734,198,0.11779022479148726,120,0.19196493138944193,121,0.0054180569253661215,25,0.3752320594072082,34,0.0006374321675124417,18,0.297167383959495,25,0.0002822561303902349,19,0.22198716948576988,33,0.9997000299990002,193,0.0,197,0.4986885207381492,205,0.03640712197714589,192,0.14409326800455635,137,0.16140719110804477,128,0.03181751805637756,38,0.19837766093797174,91,0.009833864458510755,23,0.169504843521713,92,0.0019353042177703283,18,0.17231494385714446,70
"(109, 95)",9.151414288766091e-05,8,0.32047618024367713,31,0.0038479502303276902,27,0.2677820802846184,48,0.1367393570792108,129,0.18032361325409305,127,0.5109724377550631,209,0.09172993126993396,181,0.622200531522413,215,0.04660975981815017,193,0.8164395069589399,217,0.01636939280900285,199,0.0005883485686187795,24,0.23059096176129779,75,0.021459428968028105,44,0.19974437898884587,105,0.07811943130001153,92,0.19618091927488177,106,0.2896762597012451,192,0.13974771611560846,168,0.37075601648052636,205,0.08705124529956326,186,0.7454178588085961,218,0.022736054416563692,204,6.111491896043653e-05,7,0.33671681194383124,26,0.003644228970407948,29,0.29539993316726415,47,0.1324981313123057,126,0.18458159612174024,124,0.5602171825053965,212,0.07994579945799458,185,0.7633966250696469,217,0.02798309334700462,202,0.8158367651391965,216,0.015583843464055287,199,1.000088900582341e-12,11,0.0907507127019322,47,0.008868975530605061,32,0.13947776739560921,75,0.10767258106977606,112,0.17786987595897366,113,0.3187861457004666,198,0.09201989188203863,180,0.48513611379937416,212,0.04621706016443829,200,0.6707981444732919,211,0.024530632131162397,206
"(45, 43)",0.03478362739512275,80,0.34754281539420245,28,0.07224411055362245,98,0.375006867820142,28,0.1728334678938359,149,0.42732654826049365,30,0.2539109237054151,175,0.30493389036131946,56,0.22435563144992454,162,0.23622214726312146,55,0.2258085307032215,150,0.14179179336070968,64,0.02308832692202878,63,0.4590382387022017,18,0.09173637041704685,108,0.453068707913926,19,0.18676722813262148,150,0.42141594219336936,32,0.16610130928343725,154,0.4758553052223198,36,0.14734898974815447,137,0.4096824781208371,30,0.1925006907613629,148,0.20055395939416432,54,0.031681026919221256,76,0.34098788471896646,25,0.07286754551162877,98,0.3794679202867732,31,0.1692614694251544,146,0.4327920077850887,31,0.26530361969190885,172,0.2723123786355974,65,0.25848936928251565,159,0.1834560729614975,60,0.253857826393979,152,0.1382354830716141,70,0.9997000299990002,194,0.0,198,0.03996323901011467,67,0.13196831628847952,85,0.15746143903024135,142,0.40717005394707645,29,0.1393192531243801,132,0.38162564298287094,29,0.1573689673345675,144,0.2953054467621866,32,0.3397823242089627,182,0.13925241057366552,95
"(45, 44)",0.30559478745130175,157,0.16842942175043515,81,0.19867945758258354,139,0.26766343620332567,49,0.08692263725183413,95,0.5373511607796182,11,0.04933858605387387,64,0.5264663162780947,15,0.060402847782289215,77,0.36583096818272637,22,0.0598003837348432,89,0.22079872104322748,36,0.36590900352037936,172,0.18274913093858633,96,0.16546541577275442,135,0.37219926160131495,36,0.07861697805973211,93,0.5623055931784974,8,0.09130843795416665,90,0.5808923133608591,20,0.10503343696234402,106,0.4586209803888505,23,0.0754719913123254,92,0.27401861579013814,31,0.3194218234982862,161,0.1578400358072176,86,0.19746171078767538,139,0.272181633149037,52,0.08921727323133599,98,0.5357748038104081,11,0.04566733331300621,64,0.48953065318054756,16,0.04782743324071981,78,0.3219491605457465,21,0.049356402672529054,86,0.23861727805871935,24,0.9997000299990002,195,0.0,199,0.28503270742973963,169,0.06855803108364122,152,0.09733785839364717,103,0.4779766040388238,16,0.11169713681539095,113,0.4107969854570519,27,0.09740499077484521,98,0.34651131382828526,24,0.02759720930052212,48,0.3215495654735602,17
"(44, 45)",0.03473141232083532,79,0.3927240690203494,23,0.0661669377936992,95,0.4327769801816609,18,0.16156024381856948,141,0.5051618147392809,16,0.2321775909368322,167,0.37264872796969284,41,0.15841078212184512,136,0.31736274785739915,30,0.15646016739407298,133,0.1937650857339895,49,0.015397039529272627,54,0.5454953650057938,11,0.08551742587089706,103,0.5045054598527109,12,0.17835655907108283,145,0.47868880897257127,21,0.13700852069742575,128,0.5950507710480402,16,0.09578642662205339,97,0.5321214778341736,15,0.13428403307455095,125,0.2678439579021466,35,0.03083057039849524,74,0.3886790019496727,20,0.06607739419216951,94,0.4442789659153047,20,0.15300457732369455,140,0.5182512119561822,15,0.23983010798849147,166,0.34096995497514027,44,0.1858472077674459,141,0.25710177720300126,39,0.17076433171514926,134,0.19514679833698914,43,0.9997000299990002,196,0.0,200,0.0516178492087096,78,0.1308324689463623,88,0.14407661465290356,136,0.4670365709676949,18,0.11362994568505758,115,0.4904157813487972,13,0.11903162994420047,115,0.3713734975260593,19,0.2500485792508601,161,0.1896506792662338,56
"(44, 78)",0.30581727177625084,158,0.19018415454369642,65,0.21121419171337374,142,0.29392518415711344,43,0.09441860533369517,103,0.6042121965821534,7,0.05723571877025524,71,0.5943159187218303,7,0.09665194718837933,103,0.37418007515485374,19,0.0980678125399298,110,0.22641296511081155,32,0.42394006370789816,178,0.18064889918887603,98,0.17507716039483778,138,0.3973204443787098,27,0.08351191098519073,98,0.6164532723063272,6,0.11371449663374478,115,0.6331859509953726,13,0.1596206280842114,146,0.4488305819267153,25,0.11615405765513032,122,0.2811114384198385,29,0.32344377578876315,163,0.17754917802711334,75,0.21140846736994856,143,0.30150829333495355,45,0.10063971323417475,106,0.5959163995750342,7,0.054310837819530944,70,0.5593992061967864,9,0.07913570856286911,97,0.3417429733891749,19,0.08824308102905765,105,0.24318321570499,23,0.9997000299990002,197,0.0,201,0.24727757580561893,162,0.0776105200894962,138,0.10768629550026365,113,0.5146301685785407,11,0.1371043022398405,131,0.46065770810428996,18,0.13116461492062714,128,0.35955014794534,22,0.05065245528291107,72,0.32292056154186066,15
"(78, 44)",9.999999999998899e-05,18,0.46432301179706476,12,9.999999999998899e-05,11,0.4812395041792179,11,9.999999999998899e-05,10,0.5582969499621159,9,9.999999999998899e-05,11,0.406061422817184,34,9.999999999998899e-05,11,0.36040598230917475,24,9.999999999998899e-05,12,0.19987774677909784,47,9.999999999998899e-05,14,0.6083285052143685,7,9.999999999998899e-05,10,0.5501684140613881,9,9.999999999998899e-05,10,0.5144576625144284,13,9.999999999998899e-05,10,0.6565232939952534,9,9.999999999998899e-05,10,0.5968096049103756,8,9.999999999998899e-05,12,0.27095424096468507,33,9.999999999998899e-05,17,0.45826410857476657,12,9.999999999998899e-05,11,0.49026444498450694,12,9.999999999998899e-05,10,0.5782071083573641,8,9.999999999998899e-05,12,0.3642692529287498,40,9.999999999998899e-05,12,0.28787566324691777,29,9.999999999998899e-05,12,0.20824346772639252,38,0.9999,224,0.0,202,9.999999999998899e-05,10,0.1545781077211902,63,9.999999999998899e-05,10,0.518685511703649,9,9.999999999998899e-05,10,0.5459672228266752,8,9.999999999998899e-05,10,0.39009687043425956,15,9.999999999998899e-05,9,0.16458751147217782,76
"(76, 46)",0.3499759689776545,166,0.07026666953177042,158,0.2748018469956367,157,0.16545912472518765,103,0.26152196957100116,182,0.24831873942367444,75,0.3112077057952809,188,0.2678346285731399,71,0.27009084065205424,170,0.2537131611231547,51,0.38519812551683896,182,0.24930252970126326,23,0.25875990761071965,156,0.14103418308227117,128,0.2235726366248625,155,0.16797035242770195,128,0.29019404022121675,182,0.23755429379699627,74,0.28353065632084284,191,0.3328510896539766,61,0.22988035315333633,176,0.34723707063723586,42,0.34926704368359884,184,0.3333664892823395,20,0.35495980050433795,169,0.06837509577672075,160,0.2873411247194684,161,0.17232669056443284,98,0.2652885249719994,181,0.24622128578953478,80,0.3332068395008223,187,0.24910110321575657,73,0.2900225729248216,170,0.2161900668595295,54,0.3203162695818995,166,0.2086656448755954,37,0.25591706450348806,67,0.21519638897687676,22,0.22065764468373716,153,0.18014967467617637,47,0.23864488661167726,170,0.3167750952697921,47,0.28671830162535084,190,0.3059829449327538,53,0.2813316076944895,187,0.2505985340519835,48,0.31782913117023626,179,0.23640051214068,34
"(76, 97)",0.025747181852711076,68,0.16769452263790102,82,0.04282375626688517,81,0.30746971988052785,39,0.04685324750839848,59,0.4404862148801093,26,0.03348971995245398,50,0.5630924037554467,12,0.04421057281946095,66,0.4638072873136973,7,0.020211801872237034,50,0.6659164289520705,2,0.047739672330979754,82,0.24774044032444958,67,0.0607302851213225,86,0.25936044516008405,73,0.03859453153481107,58,0.4653900813322748,25,0.04037071000412418,47,0.637423193211743,12,0.0581466767237413,64,0.549058226396641,12,0.025871936015791963,51,0.793776373325784,2,0.024886052899068978,67,0.1658207970140422,79,0.03934512268590662,76,0.33433987484051275,35,0.04567200445519215,61,0.44260371934398135,28,0.028857164387146472,50,0.5630268015278578,7,0.0386392334343264,67,0.42328885668084554,8,0.031489940217435564,70,0.452119604621922,5,0.04867036478511644,43,0.37420810896420653,4,0.06196656316071314,86,0.27509794004440524,18,0.05475310013208723,75,0.5174465590316412,10,0.03951093492561464,50,0.5923930070806442,6,0.04097488013351658,49,0.4762980515414554,5,0.03202408890835273,53,0.5080276918544704,3
"(96, 65)",0.15307987917254384,125,0.15853192083718332,87,0.07662080614810862,99,0.28622446663911577,44,0.08107825601942587,93,0.4325508272045403,28,0.1001527886292537,104,0.3522722848629142,45,0.1774942902235047,143,0.21621737757257126,60,0.17757466272078348,137,0.10901539136704178,87,0.1822376544457558,137,0.17313151796060255,102,0.12044919225019224,121,0.37398525993252274,32,0.06135389595581642,79,0.5320892186363667,12,0.1208094472916702,120,0.48896258005786924,32,0.17081227443528524,154,0.31910695917575843,47,0.22637575061364612,155,0.13526479488582238,82,0.1264900962663409,118,0.1651418254094692,81,0.07438980711109999,99,0.30419527310286165,43,0.08568870792603123,93,0.434768634663286,30,0.10497856012665063,108,0.32712907837739796,49,0.194942665887192,146,0.17890754342785667,65,0.1623769969401918,129,0.12374838241907507,79,0.9997000299990002,198,0.0,203,0.1177334774979717,117,0.14351966944699235,69,0.06458092134567406,82,0.4314357113126906,24,0.15840265478096338,151,0.3084267070732388,52,0.15162553154707137,140,0.22655485845948592,57,0.11967133277365116,111,0.19253996850108204,53
"(96, 50)",0.10058278044356328,110,0.1823538259879236,69,0.19037474889422668,138,0.21132581177634077,70,0.18246355309650641,152,0.33007546000425086,50,0.1536503258914974,134,0.3054370124133387,55,0.08403376921910621,95,0.2774176637540043,40,0.0839849634909291,104,0.139920378671515,67,0.08120992396943116,103,0.22666570104287373,77,0.129664013601285,124,0.3649073652896805,37,0.2220941566284368,164,0.3465395418971304,46,0.12928635517280118,123,0.4780335294818861,35,0.0882122145526465,88,0.39774041785407144,31,0.059566967344171884,82,0.21108607411884878,51,0.1235216524889089,117,0.16645425096914662,78,0.19453778893159268,138,0.22079485387933653,67,0.17480132890566447,152,0.34280816720085,54,0.147417782921494,130,0.29212545078206686,55,0.07417685590024314,94,0.24689264121160495,45,0.09384979394770854,111,0.14856046769885922,66,0.9997000299990002,199,0.0,204,0.1325595285708987,124,0.13795616057881066,78,0.2146994807459831,162,0.28907276134208537,56,0.09665779394801133,93,0.36363066722111775,34,0.10168950222386763,103,0.2588245405100124,45,0.13048454641269835,118,0.18706731477389893,60
"(51, 68)",0.22220559959378883,142,0.039121559189462154,197,0.27118724358009105,155,0.03280787541893703,204,0.13429293905616735,126,0.06073305394798111,207,0.04076358040252237,58,0.07723821930730874,193,0.02181907100913416,47,0.06025064508990437,183,0.003370503352931209,23,0.06197297890348264,128,0.3896634285152625,176,0.05758980301274624,190,0.2897417053398428,172,0.04492064865226891,207,0.1687079153489368,142,0.06043541790377571,208,0.08088372873537497,83,0.09414588684070788,194,0.04148565915706537,49,0.09521946613156164,179,0.0063575136216269534,24,0.10398215699851947,104,0.24789788894942477,147,0.04034380997898602,197,0.2864882756418393,159,0.03442037790874294,204,0.13688153365393085,127,0.06324670338990616,207,0.03304817685423678,53,0.07863346349998933,188,0.007820952506991219,32,0.06555857291813225,160,0.001324162684632313,21,0.075776209399866,122,0.11576973390174217,55,0.04743427304402914,64,0.2792058065473726,168,0.04599967424755471,181,0.1305496825718051,128,0.0664175804954839,203,0.0570963865411408,66,0.08951346917384889,182,0.021319520650386004,35,0.1049613868801336,151,0.004530945346415294,23,0.14005687934101543,93
"(51, 84)",0.06130664558861776,94,0.060094118658271925,171,0.0438837434768784,83,0.060205102969526,190,0.11614597286426953,121,0.0637443153517546,203,0.2820969239200639,179,0.04053127292873935,206,0.3741294321258537,190,0.023365038168266947,208,0.6142694678345263,212,0.010930691827842386,209,0.01959475060814153,57,0.15602549246813444,115,0.038712568928513935,67,0.0878683272730317,187,0.08957936161484381,101,0.07463353772042781,198,0.18279808783515317,160,0.07174052038969625,203,0.2794980616531365,189,0.05041566193953089,206,0.5408417773053439,212,0.023642742099001114,203,0.051400054924281346,90,0.0681626800792007,161,0.03957235248580615,78,0.06658666990704175,188,0.11382671965377966,119,0.06725709541197583,202,0.313172101759307,185,0.0371588459979088,206,0.5148918290893088,204,0.016235937623470413,210,0.7054174535489028,215,0.009347552749199241,207,0.13470828807326196,58,0.04509819448843839,67,0.04156767145247997,69,0.08679159558691162,123,0.11960986753695524,123,0.06838370931093178,200,0.23253245408204204,176,0.05605272601951592,201,0.3774868748304696,202,0.04027059877960442,204,0.5811921090133892,208,0.02777116829260002,199
"(68, 54)",0.16053034721827586,130,0.09633195092077272,137,0.06798407067426515,96,0.0834258996048117,166,0.02224719307633083,35,0.14249464186918862,153,0.005682335705862851,23,0.16579668478505008,123,0.0015876501465981185,18,0.1527611566714435,96,0.00039801503035974406,19,0.11725651233503652,79,0.3530926849319983,171,0.12148030127462342,149,0.10043358187282148,114,0.10774872119728864,170,0.031141464718448697,43,0.14363453185569697,150,0.010651297842297347,24,0.22331675282031274,109,0.004564536345837311,19,0.22044078714398935,83,0.0011134605500663364,19,0.17224005417171978,66,0.1616291462432251,130,0.10449714376749585,128,0.0784522215361958,101,0.08764201956376451,166,0.023242506938083718,36,0.1462346775705524,154,0.005287300894337932,24,0.15345528455284552,125,0.0006532290695968612,19,0.14706976403539376,88,0.0001691251390567583,18,0.14024082453032793,68,0.07493794969599998,50,0.057253721887868224,56,0.10431807200806709,113,0.0914249954994728,118,0.025535399410201665,36,0.14450398975151307,141,0.00751224458747235,19,0.1964693618306,95,0.002829375491859576,18,0.21739984530196813,60,0.0009060002573428871,15,0.23649115650883212,33
"(68, 51)",0.09514188535086077,106,0.11468294045598128,120,0.20733421575925415,141,0.057528046584921694,193,0.3713081657442405,201,0.05575863182299754,209,0.5545068884495915,214,0.0360121587829238,208,0.6892633043804931,218,0.020174501921841528,211,0.7951589167418316,216,0.009310052976395724,210,0.025205427790272683,64,0.2928447276940904,55,0.15327746809865328,129,0.09358631255528921,181,0.3219611255183681,195,0.0659331861034568,204,0.47451055079048554,209,0.06299511254158675,209,0.5803402630785025,216,0.04383926614167918,209,0.7201727661253708,215,0.019916523522232978,208,0.09437045702979718,104,0.12502560367782609,110,0.18706092319145828,137,0.06560240597849201,190,0.3649392376508541,201,0.05839887866153613,209,0.5631262072790034,213,0.032373620980304295,207,0.7616310175645274,216,0.013973236914786384,212,0.8431014333056972,217,0.008209509999174002,211,0.19350173030400009,62,0.04173265758631611,71,0.14824934058779893,127,0.08131809726282221,135,0.3511869121918173,199,0.060313511710127186,208,0.520009699477064,216,0.04784988806544042,207,0.6328725539262762,216,0.03581382214637381,207,0.7368941718480877,214,0.025335100898512295,204
"(80, 61)",0.07192107148079163,100,0.16564454090293745,84,0.13719925860838267,126,0.08057286777077327,168,0.1671189607013277,146,0.09343671564833789,189,0.3008105949835598,183,0.06375275144872197,200,0.3816073526393279,192,0.03768914938370011,200,0.43982017127726936,191,0.01782702736591329,195,0.09186913288410514,108,0.2797943221320973,58,0.17708201438616844,140,0.12884582648468088,157,0.17716054683872706,144,0.09772683297860275,186,0.20346688090627252,169,0.10572515361357653,190,0.2789650649179073,188,0.07204694534846466,194,0.40823294386681475,195,0.03027265667142327,193,0.12323532035574913,116,0.1547600081931769,88,0.15739831319205755,132,0.07993347104927395,171,0.16977160505352207,148,0.09557803390798954,187,0.3093129476275265,179,0.057665429016494886,200,0.44286800942602333,189,0.02992392777089288,198,0.5068852627698213,191,0.017258785414697272,195,0.0619333667935853,45,0.08576179917643331,49,0.1494796733982071,128,0.1091056380890333,99,0.1808005565654358,148,0.09024757999342464,182,0.291636579440405,192,0.06736011028259917,196,0.3211074271286436,194,0.06144540346310779,191,0.32798409987221333,181,0.0477242598320813,188
"(80, 52)",0.19931517846356073,136,0.11792767045576638,115,0.11354620337155741,114,0.0858186879557147,162,0.09062862123434545,98,0.1145788209029566,178,0.035925455635296144,54,0.12945809562313762,155,0.020720859690495197,45,0.09952969132367506,142,0.013740041167946027,42,0.05660324127770289,134,0.1652688666962152,132,0.23005504055619933,76,0.08428465098834015,101,0.16502345518120906,130,0.08423679325631728,99,0.1252090019282221,166,0.06985141225640024,76,0.1509910378534196,162,0.04163535229942117,50,0.135824494544964,141,0.017208065902485248,40,0.08698463221763565,121,0.12678144607115793,119,0.15330344341018232,91,0.09738368014860588,107,0.09380657998663346,160,0.08888514632549771,96,0.11858689926702319,179,0.03392110675263149,59,0.12047350788468515,155,0.013440618355497147,46,0.09593349895634376,131,0.008325047057142543,41,0.06789709890876386,133,0.22073507778151047,66,0.056145074437757354,58,0.1033504140820305,112,0.12338731108501283,91,0.08205347194381796,97,0.11743651784658689,168,0.0382205133705269,48,0.1326125469242206,147,0.03132185610555971,42,0.1334823018084937,125,0.02989713249138992,49,0.10604258019193943,122
"(71, 53)",9.999999999998899e-05,19,0.07610288587575478,152,9.999999999998899e-05,12,0.0990877146044494,153,9.999999999998899e-05,11,0.13114400351746483,164,9.999999999998899e-05,12,0.16653339921836396,122,9.999999999998899e-05,12,0.09286286709966289,147,9.999999999998899e-05,13,0.04206137738628883,158,9.999999999998899e-05,15,0.06446987253765933,187,9.999999999998899e-05,11,0.10774313995250359,171,9.999999999998899e-05,11,0.1409176735900293,153,9.999999999998899e-05,11,0.24084007932637602,96,9.999999999998899e-05,11,0.13293088039390927,143,9.999999999998899e-05,13,0.05922927721306395,157,9.999999999998899e-05,18,0.08809182427152795,145,9.999999999998899e-05,12,0.1089122972234036,152,9.999999999998899e-05,11,0.13350177217902134,169,9.999999999998899e-05,13,0.166047841580778,119,9.999999999998899e-05,13,0.08790418792365409,137,9.999999999998899e-05,13,0.04588423168347727,156,0.9999,225,0.0,205,9.999999999998899e-05,11,0.039814664003497556,188,9.999999999998899e-05,11,0.133627118973467,154,9.999999999998899e-05,11,0.1909039641353696,101,9.999999999998899e-05,11,0.10375817996537712,152,9.999999999998899e-05,10,0.054817181639983226,179
"(54, 68)",0.027540974024692688,70,0.22622429464726992,54,0.0654510319374948,94,0.12205848277311829,129,0.06571292911800186,77,0.19090683423298016,117,0.21510582854428006,160,0.09787520776245451,176,0.2988710006202314,175,0.06545433451000023,174,0.42176406695781055,187,0.03278894078555531,178,0.008291097094774935,43,0.47233487833140214,17,0.026980014208592085,55,0.24011631314131993,82,0.06609767482973061,82,0.19316381881384317,109,0.13760894570079285,130,0.1830954625746394,137,0.20507098433543236,169,0.13298146805389272,142,0.37626818644209803,190,0.055694342957485155,164,0.03757097682533217,84,0.21996024791946409,51,0.07056471085078186,96,0.12383042712193937,132,0.0653963681372165,78,0.19727521895561964,117,0.22918915268450846,162,0.08505377376608411,178,0.4011472272911486,179,0.0441303731914295,187,0.5301400746397866,196,0.027207481713305004,185,0.047461057169753795,42,0.08588058283180235,48,0.026764903939760387,52,0.2033081018062116,32,0.07212235171048276,87,0.18080611281433365,111,0.18938060737909457,161,0.12534961748571624,151,0.2853309529054886,189,0.09548306302103157,163,0.48823098957957267,201,0.05243776697599057,180
"(54, 105)",0.34008246311436274,165,0.09787480929153149,135,0.21277572326236294,143,0.0823947312472678,167,0.21220226879331983,166,0.1291581285399763,168,0.064398784605189,78,0.14630669481754338,141,0.036398916706831375,58,0.13204952743538895,114,0.0156373302160846,46,0.09833234067897557,93,0.5074115984739724,190,0.11985805330243338,151,0.343108849902357,181,0.1028707132551773,175,0.21136444027737944,162,0.13111243069409323,161,0.11318581202075206,113,0.19541705950561894,129,0.06906992454297978,74,0.19113029694956413,102,0.021499613534919915,44,0.14459946975986168,81,0.2941757978132955,153,0.11077099311924865,125,0.20202040037565916,141,0.08720836624339268,167,0.2128957393468749,164,0.13310716103170284,170,0.05842384527320599,74,0.13414100676439836,143,0.01808581711824342,53,0.12399175868123483,108,0.006930887827472532,37,0.11549298359933553,88,0.25962224732851613,68,0.04874089325308837,63,0.3442853026296997,183,0.08677016450498487,124,0.19891868956165693,156,0.12892719654971926,159,0.07716496109059023,80,0.16908099732838125,118,0.03988282934305054,47,0.18398425190405449,81,0.009606051650077996,30,0.19423955040393395,52
"(57, 106)",0.016203443731695577,59,0.3067709564432602,33,0.016243807956652256,52,0.2743353741707854,46,0.06935500540264439,83,0.24187600287497588,78,0.17418193176589636,144,0.1656140035637812,124,0.1451137634924189,130,0.11691757673937936,127,0.1416985908602968,128,0.0540672706184759,139,0.02209941603419774,61,0.36855446118192353,33,0.024182356604741218,50,0.3724253020151084,34,0.05466550917343538,74,0.2352430960975187,77,0.09300466676162955,93,0.22469304377038699,107,0.1012491876605075,102,0.16471342090619362,118,0.10065107095367543,111,0.07970435095316977,131,0.01761582740490586,57,0.26654756215055725,36,0.017237894920987484,51,0.2632108572817304,56,0.07067113643922596,85,0.2452570775562678,81,0.20097993332808095,153,0.14044662100164307,136,0.1940450018655986,145,0.08447737202924166,141,0.19595393083158752,142,0.0525059884910838,147,0.9997000299990002,200,0.0,206,0.028944523863373872,54,0.14822164882171912,67,0.047238754559323026,68,0.247989738556693,66,0.09637688016104529,92,0.188391845011934,104,0.11821041056661163,114,0.16237154538422818,94,0.1660818327928486,134,0.11996782124930598,105
"(57, 58)",0.41675283068474,177,0.10392590841695855,130,0.41640151697914984,184,0.09304084780353178,159,0.20448345018433411,160,0.16868093446450333,134,0.08607482584431403,93,0.20947846008714793,100,0.1068363968796513,108,0.12948205887345063,118,0.10966771831846656,116,0.058888436099181846,133,0.3722762674246807,174,0.14377172653534184,124,0.35915458413509194,186,0.15151126155666497,138,0.23887880361918967,169,0.14388940411932294,149,0.16360174413769402,151,0.18613522329507895,135,0.15220177292210957,141,0.14378699222636293,135,0.1529895614496679,133,0.06932143799901297,140,0.4049017033228839,179,0.0937473922179992,138,0.40798685900457476,186,0.0916747676043502,163,0.2018060063891327,159,0.17287182279995358,136,0.07108291041483494,82,0.19859750762861958,100,0.07464994576622652,95,0.11615325460779534,115,0.07364801924557063,98,0.07275672500665388,127,0.9997000299990002,201,0.0,207,0.33276119822266437,181,0.06567340745630203,155,0.26031409779414294,177,0.14040006024711033,143,0.15879382741048587,152,0.15950532330004727,126,0.13204471556600228,129,0.15649056464781644,98,0.09132150889878521,98,0.14643597674971956,88
"(58, 57)",0.03235733602818569,76,0.3063368932247459,34,0.055035985109558094,88,0.1887866214067366,85,0.14476852099554205,130,0.17783153485097014,130,0.29868827007774823,182,0.1270832397466421,158,0.2748497870448068,172,0.08139197617732935,158,0.31027271025861236,169,0.03675433371994608,166,0.037140396150620036,73,0.3946407879490151,27,0.07360129282672945,93,0.2649109930987908,71,0.1293929240257644,126,0.1693139132233335,126,0.19249999477685908,164,0.161708768165415,149,0.21418541294500915,172,0.11577829114884576,160,0.23565501768863806,160,0.05063295981881549,172,0.03708778798210344,83,0.26026612652389297,41,0.06029561277808693,91,0.17773330700528586,92,0.1475257096954995,135,0.17834459730914481,131,0.33134464987170453,186,0.106731323218744,164,0.33454759400832956,176,0.05906149958851227,167,0.40678703703660823,183,0.03362732771042319,178,0.9997000299990002,202,0.0,208,0.08951235289721149,105,0.10764832451801498,101,0.11607867300347263,119,0.1811818474808772,110,0.1855609768151093,160,0.14433007308500762,137,0.21786415310916563,168,0.12595611978047613,132,0.28327150932070055,171,0.09309176609220797,136
"(58, 107)",0.31629788433354433,160,0.14327094569912113,96,0.23789216355006304,150,0.11589376815990994,137,0.10711835919607338,117,0.19661297989950566,112,0.036443841013258815,55,0.25622388931314855,76,0.04280987583323337,63,0.15127438826570183,98,0.033701914435950275,66,0.07703206796025203,113,0.2958834357477782,162,0.19759559675550406,86,0.19604368389238702,147,0.19110740268402063,114,0.12070764572902326,123,0.17328111343150143,124,0.07547236413571723,80,0.2209434637016808,112,0.06481216357062491,69,0.17245333288366527,113,0.05588606772329341,77,0.08180082711340482,126,0.29609343148522815,154,0.13022220199215578,105,0.22461307351045,145,0.11465307734370254,147,0.1048925390107559,111,0.19981787177816068,114,0.029223904689944846,51,0.23977604933529648,76,0.028595860818760976,57,0.1340775447191765,97,0.017383997544993535,50,0.0961829679053589,103,0.9997000299990002,203,0.0,209,0.16881015334602556,136,0.0871302066813541,122,0.13436710605106372,130,0.17255776515611615,121,0.07929790717540208,81,0.19161601604110534,99,0.06317740922294512,72,0.1902949493957364,79,0.04044143553760249,62,0.17811618341887892,66
"(107, 102)",0.6328534194776376,196,0.06300792917463524,169,0.425993761081068,187,0.075032428055105,173,0.26652022648556917,184,0.11826826510132994,176,0.13880094560656564,126,0.1469984876390698,140,0.12117001382364789,117,0.1037020963004819,138,0.11067593717618152,117,0.04886053728723237,147,0.6246176904008633,205,0.08512456546929317,175,0.40125576053471623,197,0.11661173791590738,163,0.3066247475009929,189,0.09847810567190868,185,0.22793752790951105,178,0.12703057099819023,178,0.18693612463803289,161,0.1054213108948957,167,0.1464896065838147,131,0.05353283012804573,168,0.6079293235275846,195,0.05732568636822261,174,0.407411103202432,185,0.07342791178078863,180,0.25963477756686215,178,0.11962610147398871,177,0.119870029061102,118,0.13569073682862812,141,0.0877398439234851,101,0.09144857174245302,133,0.06342233948457521,94,0.061252397690874545,137,0.9997000299990002,204,0.0,210,0.3196267617536339,179,0.06090284861940971,161,0.3022462293808197,187,0.1079459784244085,175,0.22615157856315315,174,0.1155233011865633,162,0.18850485941149153,158,0.11682975440664303,141,0.14016728303424553,122,0.10732293189208786,121
"(107, 58)",0.00282989480556195,37,0.3824483744117584,24,0.015173265825494164,49,0.22804666454859113,63,0.04529247216018861,57,0.21351887635819086,100,0.11214560101890858,112,0.15782759085395984,131,0.12890985400757482,121,0.1015836661732257,139,0.14050953830095347,127,0.04512397730478668,151,0.00306039685436299,31,0.5011877172653534,14,0.018072073434977076,42,0.32775301875577306,51,0.034542555616510096,51,0.20390314853982214,101,0.05892941257979778,64,0.1994050521798498,126,0.0785221815664292,82,0.1407652226700167,139,0.10572203643400857,114,0.05968070821107077,156,0.0035723227720916295,39,0.3176752619161413,31,0.01730786646621918,52,0.21043805820523728,79,0.04745702130098062,64,0.210788418787776,108,0.1302742837811699,121,0.1319777863132962,145,0.17154849767824754,137,0.07313303099745784,151,0.2173062908512573,144,0.04062996172872365,164,0.9997000299990002,205,0.0,211,0.0316371449612145,56,0.13165970870873447,86,0.035578964449853534,50,0.22025663325543318,83,0.05965909691179516,68,0.18012634649015374,108,0.07764803130935682,85,0.1570185023757198,97,0.11096834126171573,107,0.11601346068867058,111
"(61, 99)",0.009272654415371506,51,0.2625480800223478,38,0.029258747487920234,68,0.1207119918907965,131,0.04888537522821479,64,0.14160554098057446,157,0.13583522095405565,123,0.09204138777832681,180,0.19725440100074332,153,0.053925433837731684,191,0.25440299035734637,158,0.02443183599260211,189,0.01277100759661165,48,0.44789976825028976,20,0.03714758271276519,65,0.19644028207611142,108,0.04682952259537321,66,0.14604447587720765,146,0.0669146518692485,71,0.1529091756342317,159,0.10909770341032576,111,0.10301671079034787,174,0.20297304514888337,150,0.042480422049726276,184,0.019891998743173267,61,0.24460046883178954,43,0.03472827060697958,73,0.1200483018409381,134,0.047361098058226636,62,0.1449954914337241,156,0.14104360645037062,128,0.08220237714188165,180,0.24642136087081967,156,0.04247864022095061,188,0.305202525329314,162,0.023651098119476133,190,0.008992370508615677,32,0.12939499524865378,39,0.031683206913347695,57,0.16298337805285762,56,0.04849171462628843,70,0.13558515005903243,148,0.11549982114111879,118,0.09821759166956234,174,0.1380032490682338,133,0.08762538521037706,171,0.1600942099339856,132,0.06456145121633411,170
"(61, 80)",0.49287415507196397,183,0.06982830865762726,160,0.33116890141639843,170,0.05376328674363404,195,0.2552684147319926,178,0.08162205748978264,192,0.1147568635912235,114,0.0973631013880778,177,0.07297429143514123,88,0.07511832914732113,167,0.04917379650421094,81,0.04225572866054356,157,0.4499046908047736,183,0.13663093858632677,133,0.2958547722909314,174,0.0983666487136626,178,0.2615966428000166,175,0.08230906264386607,195,0.20960334524212643,173,0.10450599824441627,192,0.14237704918992544,131,0.09426841812387231,181,0.07009401216702793,90,0.06054913902927033,153,0.38749657720616937,176,0.09090633226366857,141,0.30583066892692434,164,0.05813308827996841,195,0.25993292044858485,180,0.08220053745681151,195,0.11022162923641265,110,0.08924417984337323,175,0.05192008128009351,81,0.07138685821886523,154,0.034875877125974286,76,0.048738516322653476,153,0.4968879589768671,75,0.03397212543554007,74,0.3194116496722449,178,0.07544598081489547,143,0.2564583144793404,175,0.07782080371588629,191,0.13500734132354575,128,0.0932389247446582,177,0.11284034708005741,109,0.09370690043258154,166,0.09545022443397344,100,0.07670779654871568,158
"(99, 86)",0.00541502455301901,47,0.4425596836925457,17,0.026351074569915034,64,0.17696361926556925,88,0.0460556362838187,58,0.21451019140005811,99,0.1560958764010577,136,0.12752347154215893,156,0.20387517986783465,155,0.08225352838932705,155,0.2584525825798847,159,0.03899877746779098,163,0.0068261037997862095,37,0.7777230590961762,2,0.029498358302971983,58,0.3008625813815255,58,0.04659912852963255,65,0.21295044669366622,90,0.06862171222902314,73,0.22598263922754316,105,0.10714528322985994,108,0.15886548741210393,120,0.21953412001927575,153,0.062305129097788375,149,0.013098678862797364,55,0.4034760311644173,17,0.03198891178285057,68,0.17406662008627496,96,0.043357573419255724,58,0.22214286351989573,98,0.1636866157254262,140,0.11327966626122954,158,0.2727442138812848,164,0.06048966076835458,165,0.35787749640937616,176,0.03243880725777586,180,0.008463353604369228,31,0.18470858409882798,28,0.026714819190180705,51,0.2432342074357282,22,0.05023588395413148,73,0.19287820852302268,100,0.11764914277225258,119,0.14656876427664073,134,0.15469832907667047,143,0.12265753211621178,134,0.247175345663044,158,0.07240218906149086,162
"(99, 61)",0.5602839998798951,187,0.09426907621892258,140,0.34657406982658845,173,0.07496952280394982,174,0.2640542645957922,183,0.11985177325331427,175,0.0983350690934095,102,0.1487594148211371,139,0.06965155144644863,86,0.1176609609422502,124,0.04783937964513241,80,0.0684304567254945,120,0.5320400558085947,198,0.1820683661645423,97,0.32996573095213844,180,0.13452753367583573,154,0.2623238561300836,176,0.11970856490902664,169,0.20600028718250707,171,0.1566533372346305,154,0.14473561480160213,134,0.1437127969917205,136,0.062450446291028694,85,0.09473547291222728,111,0.44642211806427345,181,0.12444525364710166,111,0.31799167534145634,169,0.08095494866030743,170,0.2729701549026283,183,0.12030461837888028,176,0.09294644645707373,97,0.13679768687450655,139,0.04342389213616826,74,0.11160665241717727,120,0.024394590071739164,58,0.07941060398865629,118,0.5047594404271065,76,0.04727589483687044,65,0.3445605104768008,184,0.10371786409265085,105,0.2512615974252179,172,0.11278356225615711,172,0.13265084533513782,127,0.14082108129354198,139,0.09936876804119943,100,0.14215848772442471,113,0.05165383655637612,74,0.12200731953272827,102
"(98, 62)",9.999999999998899e-05,20,0.20483056492683244,61,9.999999999998899e-05,13,0.13680219961349102,119,9.999999999998899e-05,12,0.2349465322631674,81,9.999999999998899e-05,13,0.29290388272464546,64,9.999999999998899e-05,13,0.16190736057786304,92,9.999999999998899e-05,14,0.06992570765806715,119,9.999999999998899e-05,16,0.23215527230590963,74,9.999999999998899e-05,12,0.18596986685940564,116,9.999999999998899e-05,12,0.21062056725758782,95,9.999999999998899e-05,12,0.26967716765824634,81,9.999999999998899e-05,12,0.18965988229937777,104,9.999999999998899e-05,14,0.06561817354078756,144,9.999999999998899e-05,19,0.17864918788927073,74,9.999999999998899e-05,13,0.1407292362840999,119,9.999999999998899e-05,12,0.25488666089332107,77,9.999999999998899e-05,14,0.29300834346926147,54,9.999999999998899e-05,14,0.13765276602633908,94,9.999999999998899e-05,14,0.07526684349158859,124,9.999999999998899e-05,19,0.23934906556857774,18,9.999999999998899e-05,12,0.16692241091099244,54,9.999999999998899e-05,12,0.1747182394887417,117,9.999999999998899e-05,12,0.171388045502965,114,9.999999999998899e-05,12,0.11929346380352533,138,9.999999999998899e-05,11,0.057343893402223046,177
"(63, 87)",9.999999999998899e-05,21,0.11398672024410686,121,9.999999999998899e-05,14,0.11115596759822179,144,9.999999999998899e-05,13,0.12671634599004142,171,9.999999999998899e-05,14,0.12091400506116826,161,9.999999999998899e-05,14,0.0967452233267947,145,9.999999999998899e-05,15,0.07203535939312247,116,9.999999999998899e-05,17,0.1011008111239861,163,9.999999999998899e-05,13,0.11267137909768014,166,9.999999999998899e-05,13,0.11530100948098133,171,9.999999999998899e-05,13,0.12645621335760807,179,9.999999999998899e-05,13,0.12264472286393607,154,9.999999999998899e-05,15,0.0906496398116232,118,9.999999999998899e-05,20,0.1258600939180834,109,9.999999999998899e-05,14,0.11515128501124006,145,9.999999999998899e-05,13,0.13587658134614183,166,9.999999999998899e-05,15,0.1043547148069906,166,9.999999999998899e-05,15,0.07629965558380185,147,9.999999999998899e-05,15,0.08278343230022303,116,0.9999,226,0.0,212,9.999999999998899e-05,13,0.0833069016656237,133,9.999999999998899e-05,13,0.135879907426752,147,9.999999999998899e-05,13,0.08889825632729324,184,9.999999999998899e-05,13,0.10576352482330457,149,9.999999999998899e-05,12,0.10787812864701948,119
"(65, 85)",0.36476369423184174,168,0.08482282914670049,148,0.24273176517967576,151,0.14517337563114274,113,0.19606803375471937,157,0.245064110988346,76,0.17529445927648202,145,0.23383495799829296,88,0.2849018550565192,174,0.1390708556867817,106,0.2914517271577357,166,0.07180339174320555,117,0.4636061771209691,186,0.10414252607184242,160,0.3291749105435735,179,0.19607750116508485,109,0.1673254221387548,140,0.29656189326056354,56,0.23635651213525155,180,0.312819012321597,65,0.29992248429032176,194,0.19128543244018012,101,0.31369409725425634,181,0.0820954049680364,124,0.33566490682680716,165,0.08658215556415333,148,0.24436695572292333,152,0.14964153350750348,116,0.2027146487205873,160,0.2446571257666795,82,0.17591515065416918,145,0.22289972899728996,85,0.2812655202896215,166,0.12289510050130192,109,0.2994869306047232,160,0.073669912535908,126,0.9997000299990002,206,0.0,213,0.324371401863906,180,0.06536051366017162,158,0.16190363408265496,145,0.2486375569472854,65,0.28563628934595264,189,0.2000296213592786,90,0.2711353500343425,185,0.13442767867008806,122,0.21143939976895865,149,0.11847218917479632,107
"(65, 96)",0.023270518469965085,67,0.21228269978726605,58,0.05324417733432418,87,0.24071610063884666,61,0.07358862189166704,88,0.33973875360386013,47,0.08538277786934889,92,0.2971953940374047,61,0.039998569799071126,61,0.2675796398668783,48,0.0382682370167009,69,0.14127143349738253,65,0.011549882950475876,46,0.3565758980301275,40,0.029656879551121063,59,0.4373826194456149,22,0.09049144863181757,103,0.36399895916038943,39,0.05561799702551262,61,0.5066918083596129,26,0.03614148007721041,43,0.38727214474815774,35,0.03293181120055699,54,0.1740266497316281,64,0.028379841814878293,71,0.19726969965937627,63,0.05265296303608613,84,0.2496081171395589,60,0.0702213317947733,84,0.34836129239614677,52,0.0849995583026959,91,0.28405671851994113,61,0.04099317868820318,71,0.23352651734897825,48,0.036247896603832985,78,0.14893216714544003,64,0.9997000299990002,207,0.0,214,0.030637593612713232,55,0.14351966944699235,70,0.09417894576205388,100,0.2978523200805886,53,0.0398006776079145,51,0.3858352938495805,28,0.04389915627514718,52,0.24664104736297152,49,0.06606314965858295,83,0.174592383606966,69
"(85, 65)",0.2674205854251406,150,0.1333562541633539,106,0.22804008759923744,147,0.17007350359157136,93,0.36465867808914587,200,0.2194359401187307,95,0.5179986574226401,210,0.16138238773340519,128,0.37607308315183974,191,0.15953110933978457,93,0.37230168225879123,180,0.07886273157581267,110,0.19480057389289862,142,0.2334588644264195,73,0.23024900084962108,157,0.2823998236326648,64,0.29789365923406397,185,0.23422761027228634,78,0.409330810476329,207,0.2864093977914323,75,0.3707394754758251,204,0.2308854526752441,76,0.3128461172006918,180,0.09784575597476577,107,0.2927268657004648,152,0.12392180067821297,113,0.21761237730398497,144,0.17932741964882434,91,0.3579777848329201,200,0.22874590434697212,92,0.5460434744125507,210,0.14995838934767303,127,0.4049537345596772,180,0.13170113077215145,100,0.38142842160681767,178,0.08843234611184024,108,0.9997000299990002,208,0.0,215,0.1917467900096136,144,0.0912192571129761,119,0.32706213794253514,193,0.19450261313743306,99,0.3966965167189236,205,0.22440458219642379,75,0.37205440534988976,200,0.1481213192713641,108,0.2967299005636048,173,0.10060391810281337,128
"(85, 105)",0.0450171070182972,86,0.24151965103036296,48,0.058887806813744614,90,0.2670741971418721,50,0.02328729099155702,37,0.5489889722285769,10,0.007632319890398254,26,0.6582842939071321,2,0.02152857518810336,46,0.41393394193438876,12,0.02209554884256204,54,0.20217861509043603,43,0.07425151140101371,99,0.32198725376593285,45,0.057999436001400895,83,0.4471525884418001,21,0.03663984019809907,55,0.47098526144423175,23,0.017075552886417933,29,0.8258233362593062,3,0.02233442824041676,33,0.5889718901236026,9,0.03312105148228928,55,0.2068319108155981,52,0.037940246424370994,85,0.24486978159114528,42,0.06328782171630343,93,0.27066650464791303,53,0.024377860543554397,37,0.5601532019748414,10,0.006093201117340019,27,0.6710651260055908,2,0.017609392211288988,52,0.3745212961767297,13,0.0207465317189629,55,0.23339971916041816,26,0.9997000299990002,209,0.0,216,0.07587708898493373,94,0.12424884057846777,90,0.030084434714223285,44,0.4308785874967811,25,0.01865762974792884,29,0.6216782778597428,3,0.022133201832257754,37,0.3794358023630329,17,0.03692879442553254,59,0.20150243040212104,47
"(69, 87)",0.005542723029679175,48,0.25412897264542195,44,0.009014513634531096,39,0.38214382688474885,27,0.010940872864923956,21,0.49657907075977564,18,0.01248267255907165,31,0.430214276088226,25,0.02721828634346468,54,0.3094626793199538,33,0.05005083745948746,82,0.21535688536409517,38,0.012072525337835871,47,0.30482329084588644,51,0.015957015379924,41,0.4206751631816444,23,0.01242769253913556,26,0.537640363226336,10,0.013323281602848791,27,0.6449386087540774,10,0.01935600068956267,30,0.5474798914051565,13,0.04627204435447296,66,0.3074627665068805,22,0.00603260076375256,46,0.28156080020027763,34,0.011281703027982481,40,0.4355345099945319,22,0.012362467705241631,26,0.4773419993036274,22,0.013052693371758739,35,0.40595725839148156,25,0.03699779293090488,65,0.2327844902852275,49,0.05483671395432854,89,0.19069558274213236,44,0.9997000299990002,210,0.0,217,0.01417570682955982,37,0.36816884263585165,8,0.017201179030925218,28,0.49260272375242325,14,0.02458814056673042,33,0.4530302080900489,20,0.03431950876590473,44,0.34794370301251915,23,0.05294991032647978,75,0.26523675175906725,26
"(69, 66)",0.557496042190397,186,0.05464469132088447,183,0.49656705226604236,195,0.10043420548677119,152,0.4709131029452659,211,0.1416963980056883,155,0.45303410246194087,207,0.12994025425632272,154,0.3418161052855919,180,0.13313667311935612,112,0.25180385015487505,157,0.12568258048337042,73,0.45759544192735824,184,0.09074449594438007,172,0.41891473130366697,198,0.14154315837061138,145,0.4536379380001512,207,0.16207607470025823,135,0.44407860993078985,208,0.20040205034840752,125,0.3914256845572359,207,0.20095104800768934,94,0.26336271731333527,170,0.17220562299390568,67,0.5472619900325574,189,0.06266263076841379,170,0.466781991809351,194,0.12592426635883103,131,0.4543573035686471,208,0.14357060593345178,159,0.4469062519517921,203,0.12501867144655698,152,0.29645335594011035,171,0.11633057016588644,114,0.23842196570171637,149,0.11683752604190568,86,0.9997000299990002,211,0.0,218,0.43548793562374777,201,0.1175537705845542,98,0.40828981397926756,206,0.17140626796683817,122,0.356721894019572,203,0.185748708337843,105,0.30758404667648653,191,0.1675076837448383,93,0.24354321753691077,157,0.15948876576362211,79
"(81, 70)",0.01815916104443338,62,0.1962094677353504,62,0.036995379420687424,75,0.16704449630809878,100,0.15606273447915364,137,0.15052413146362556,148,0.4085822562542164,197,0.08216462273333033,187,0.4079714588346779,196,0.058041977573860364,186,0.48980219373089784,195,0.032086768439860816,179,0.11606225884195198,117,0.14275782155272307,126,0.10956338502241925,117,0.13433777135314487,155,0.13408903680426665,130,0.1259749531288573,165,0.2417899061801846,183,0.10658669007444976,188,0.24013560069127038,179,0.08964470600138273,184,0.35448796606794986,186,0.043731421510304486,181,0.023441832894793624,65,0.18059127426659688,72,0.04347111848286134,82,0.17652044474147885,94,0.13944908935640365,129,0.17123266880339974,140,0.4016704501697129,195,0.081583552055993,181,0.42882258414561836,184,0.05081247145123148,182,0.4540915092201747,185,0.0411163832267183,163,0.9997000299990002,212,0.0,219,0.15235544028769188,130,0.0802979777631094,136,0.13539795136294064,131,0.1228603773218216,165,0.22468747819683776,173,0.09233319472056235,179,0.2552327836234375,178,0.07355932342120018,181,0.2804728115410051,169,0.06552454762795018,169
"(81, 83)",0.40056929126372287,174,0.06996153598212175,159,0.2964630205354344,162,0.08347526828293349,165,0.09835942787806595,109,0.17556335411687782,132,0.017165803878606112,39,0.2363505682583891,83,0.01723976318695053,40,0.16663837796145142,88,0.009492117114190624,38,0.1194570703112755,75,0.1343852035693418,123,0.13595017381228275,134,0.1418224358190061,126,0.12326458169965647,161,0.11633125778209974,119,0.13208388099733787,160,0.053587928689171394,58,0.17612731233135018,139,0.054197466649066994,62,0.1472370706372359,132,0.02496639938025058,49,0.10589500021041276,102,0.3636943684008367,171,0.07240720089214592,156,0.27258353472645447,156,0.09572574275472387,159,0.11158515784847844,117,0.1844405360283549,126,0.018019647722943177,42,0.22960277831124767,80,0.014869751674120524,49,0.15582182870160685,80,0.012386532591094124,47,0.13658807441331142,71,0.9997000299990002,213,0.0,220,0.10113217054627799,111,0.0920507830917336,117,0.11514850336362437,118,0.12967704633682994,158,0.06026465913299961,69,0.1431737007900928,138,0.048897214886850726,59,0.12760132107208194,129,0.041213316485366525,64,0.12417145382235968,99
"(108, 77)",0.012773045427585061,57,0.22017319552184283,57,0.013749158499488212,44,0.3924770097232408,24,0.040130528415402766,54,0.3963897312092259,37,0.09397390463505917,99,0.32303729991165414,51,0.11178174568241439,111,0.25258089674479356,52,0.17547301248620517,136,0.22289896868436726,35,0.03945317288368111,75,0.24995654692931635,65,0.03264240428183118,61,0.31893186137304197,54,0.05028835037451107,70,0.3880757144096238,38,0.06739555817139875,72,0.44296520259653,40,0.05860157246954745,65,0.42791427077888133,27,0.11367271348688313,119,0.3612366148796248,16,0.012687497245754464,53,0.21974783222194408,52,0.014907423895787697,47,0.413740202928489,25,0.04282293677832116,57,0.39644314296172634,38,0.11319360157048353,115,0.28535571773040563,60,0.16684219382466436,136,0.18005623986940325,62,0.16726216680785633,131,0.17747042465514554,47,0.06581365878991674,46,0.33552423186569524,10,0.035851948699378244,61,0.30643018182129905,13,0.04274225775140872,63,0.43972454762032015,23,0.08962230878963018,86,0.33176492033563276,42,0.10638289091554731,107,0.26315854092745156,44,0.12905417475680558,116,0.23945975956581345,32
"(108, 73)",0.44988279294922884,179,0.06716805982336635,162,0.43972828171037115,190,0.12364544689403331,127,0.28441416188266877,187,0.20636226318359774,105,0.16219827170270207,139,0.2693020678915293,70,0.1392212626626419,127,0.23475901245920516,57,0.08527232738354151,105,0.28351462336603866,17,0.2869349667754647,160,0.12901216685979142,140,0.31500021123744404,177,0.1498034006524475,139,0.25110823582378117,171,0.22704848577852804,81,0.20857793404610092,172,0.30396523510733986,68,0.22874781500892427,175,0.27177377198455394,62,0.13705584223365763,128,0.3393995967726509,19,0.4508046903456997,182,0.06684266824461185,164,0.428468707999894,189,0.1350689592320311,123,0.27480467689126087,184,0.21333642832272406,106,0.1376000728568798,124,0.2673751146960288,67,0.09081289969153561,102,0.2205265886606701,53,0.09053344864744961,107,0.21776539799374078,34,0.21198238913824818,65,0.22719353816914792,19,0.3011140059544096,174,0.15075051648907442,65,0.2750835535868359,181,0.23639864800301885,79,0.16864243755912545,156,0.2687283892246609,58,0.14567148019953324,136,0.23698265172070865,52,0.12103163358720759,113,0.24463781909650223,29
"(92, 91)",0.784764309004113,206,0.026954896104175174,202,0.6517523586738417,209,0.02544079461276244,211,0.45588594641508595,209,0.04774212180357685,211,0.12383304354276625,116,0.07217705104592485,195,0.07369769342138932,89,0.055425093299014475,189,0.025044567014954167,57,0.029180903419955488,182,0.8130152226422404,213,0.015425840092699886,212,0.5970984409176323,212,0.03170147037893861,211,0.4780404201356976,210,0.03579153850772958,212,0.26539000205178764,186,0.05193601872622647,211,0.152555869328031,142,0.048422508136181985,208,0.04745704958430985,70,0.04345979777421564,182,0.783464604841215,207,0.02603230235857287,202,0.6390369076426432,208,0.02525366061121575,214,0.47853156717787704,211,0.04986563579712345,211,0.11254230425352829,112,0.06639032925762328,195,0.07168788619162925,92,0.050024188154935256,183,0.0323132742685972,74,0.03692673390908507,169,0.9997000299990002,214,0.0,221,0.5515755369162818,207,0.030432136335970788,197,0.43529695558641657,208,0.040629549911977675,212,0.2367592527535356,177,0.0397723712467744,210,0.11745743679136522,112,0.04810781388762703,198,0.04085461531415191,63,0.04826812604099391,186
"(92, 75)",0.0004675270100108486,26,0.3203429529191826,32,0.002351743003579765,25,0.1658676107231954,102,0.01222485045846089,25,0.15950437492800393,139,0.12617426483259342,121,0.07172783492805054,196,0.19585858730530759,152,0.040013836399614124,196,0.35403029758904037,178,0.012068587191624087,205,0.00029640760916094244,21,0.2159327925840093,81,0.003939006524207311,20,0.16903078893685658,126,0.010373555432671822,24,0.12831951107226497,164,0.04564061136022368,53,0.09339271974598222,195,0.10097979814836922,100,0.05556211321518305,203,0.2596346897511982,168,0.024664200374152134,202,0.0004767948216968243,26,0.30719102998854475,33,0.002665879913011482,25,0.15687465824169147,111,0.010335404511017332,21,0.1790588256300833,130,0.1383446797235337,126,0.06197586582165034,198,0.19977610147710778,148,0.03554791471121656,192,0.3164994579358338,163,0.017258785414697272,196,0.9997000299990002,215,0.0,222,0.005822006676232672,28,0.13873196574455865,77,0.014195188642942558,26,0.1271716087112139,161,0.05546471965097255,65,0.06451759907490216,198,0.13285874124669073,131,0.04617204221864807,201,0.28176670690815553,170,0.02535776199055032,203
"(97, 76)",0.1104405732752658,113,0.16320777016137697,85,0.049933298941782,84,0.43793600704538815,17,0.08783264334019925,96,0.5062699459562946,15,0.17002367217544267,142,0.4261533623826423,26,0.14873043176370615,134,0.4045127288430922,14,0.24842474397271141,155,0.34010532585185416,12,0.12449401680685057,119,0.2469003476245655,68,0.08448192145429079,102,0.339286661104026,47,0.09615369859493805,108,0.5081992807531409,15,0.12297001862069612,121,0.5960586061532126,15,0.0904556968007526,92,0.6341803955955011,6,0.18777967482225932,146,0.500250582460758,6,0.10974053323589028,111,0.1594445329509851,84,0.0530500435854524,85,0.4687716446928732,15,0.0945997620964053,103,0.496229767250846,18,0.20492108097072648,156,0.3664164692828031,39,0.2173497638109616,151,0.2834581930388225,31,0.2606924723860633,155,0.24441762497820282,22,0.15071079976585344,59,0.3420573329109914,9,0.07934638903225322,98,0.3566089170445681,9,0.07218938055482471,88,0.6362596909582368,4,0.15550069683835388,146,0.4650211621826385,17,0.17559893119376446,150,0.365251056898591,21,0.22794988577762765,154,0.30568680104694246,20
"(97, 77)",0.1407858722116926,121,0.15052109074499861,93,0.2521493806417543,152,0.25526313903573417,56,0.17140348816498918,148,0.4051298525358034,32,0.0887215861494195,95,0.5293293203360137,14,0.10393834191819518,105,0.4558341694615191,8,0.051215840063811635,84,0.5757186295100467,3,0.12550735232330856,120,0.246234067207416,69,0.1767588601702016,139,0.2652737740098174,70,0.15910560989492284,137,0.42966259449289096,30,0.1270521998789247,122,0.5896052103991244,18,0.16737929520426686,151,0.5165640861339225,17,0.07805071201372904,95,0.6703138210573433,3,0.14161224785022863,122,0.1464530371651608,94,0.24326655683634724,151,0.2821602162950362,50,0.16130138506410385,142,0.4153684078957941,35,0.06914253388976821,81,0.5263267396453493,13,0.06340321484622558,87,0.42740373403437226,7,0.04711763694962556,83,0.4322956341376114,6,0.10239339156870808,54,0.3890956604371238,3,0.18547555396574333,141,0.268702905197466,21,0.19878693414812987,155,0.45393768310991695,21,0.09877365703864072,98,0.5409657702407875,9,0.08519453815121603,93,0.4648307529865315,6,0.05892439761864676,78,0.4798712849972239,5
"(77, 108)",0.3388976424318806,164,0.10032017534434967,133,0.3690898479620136,178,0.1899810249096832,83,0.23449266547674197,172,0.3182705365269578,57,0.12537700778205307,119,0.42001407543836006,30,0.11230641842336098,113,0.37225071384220054,20,0.05809461203131705,88,0.45561894611454185,5,0.2024657370923757,145,0.1897016222479722,93,0.25028863583475813,162,0.21842759590671507,93,0.20249268337901927,157,0.34253497821576073,48,0.1559508340642587,145,0.47517799668389743,37,0.1837434692012535,159,0.42401564844948825,28,0.09960745874670518,110,0.5343374484966965,4,0.34361585431146635,168,0.09906157779345609,135,0.3557672578679437,174,0.2086692690928975,81,0.22598777812051551,170,0.3298199251845834,57,0.10470937038030548,107,0.4171441222286239,22,0.07032311715666828,91,0.35239347093277623,15,0.06046120127799681,93,0.35022347855615416,14,0.12101766774764577,56,0.35231232182451694,5,0.24715845259446567,161,0.22189742226946588,26,0.23350816365530092,167,0.3617855170481507,37,0.12136768618434135,120,0.4257557718927479,23,0.10089574504815402,102,0.3736121171939905,18,0.07542011903452894,91,0.3779643541022241,11
"(77, 97)",0.02776360603163519,71,0.2309860970840407,51,0.022589275349441884,58,0.4820811605142942,10,0.056333327018291524,70,0.5119777140696972,13,0.12462374874966486,118,0.4208586017399637,29,0.13861573219979517,125,0.34702936367601334,25,0.23001059172109606,151,0.2880035108617285,15,0.07034422621340908,95,0.26984356894553885,62,0.05056972671398752,76,0.37224112093720263,35,0.07033091032339689,87,0.487295751906538,19,0.0984417281245824,99,0.5539354335316492,22,0.08033695831378052,84,0.5586597642615045,11,0.15437818504203016,134,0.4617259201732271,8,0.026887109238098672,69,0.23160517990850954,48,0.024749119240172757,62,0.507372865909229,11,0.05972651371750626,73,0.513944415180923,16,0.14775589550661317,131,0.37190587457055674,37,0.20250845646545979,149,0.24769248856603757,44,0.22421575116608328,145,0.22626400756247764,30,0.1290687522287337,57,0.3448289515362686,7,0.051659785868229946,79,0.3739038001594473,7,0.05671517875034093,78,0.5798541436893582,7,0.12870407266043737,126,0.4175073626167053,25,0.15266659345447864,141,0.325434730117415,28,0.1925975643382497,143,0.2765219755940039,23
"(95, 106)",0.9995000999900006,226,0.0,226,0.9995000999900006,226,0.0,226,0.9995000999900006,226,0.0,226,0.9995000999900006,226,0.0,226,0.9995000999900006,226,0.0,226,0.9995000999900006,226,0.0,226,0.9995000999900006,226,0.0,226,0.9995000999900006,226,0.0,226,0.9995000999900006,226,0.0,226,0.9995000999900006,226,0.0,226,0.9995000999900006,226,0.0,226,0.9995000999900006,226,0.0,226,0.9995000999900006,226,0.0,226,0.9995000999900006,226,0.0,226,0.9995000999900006,226,0.0,226,0.9995000999900006,226,0.0,226,0.9995000999900006,226,0.0,226,0.9995000999900006,226,0.0,226,0.9995000999900006,121,0.0,223,0.9995000999900006,226,0.0,226,0.9995000999900006,226,0.0,226,0.9995000999900006,226,0.0,226,0.9995000999900006,226,0.0,226,0.9995000999900006,222,0.0,226
"(95, 79)",4.0855085314817075e-08,1,0.27822163010078005,36,0.0001427319733682264,17,0.18370881398120964,86,0.06475995847016347,76,0.10576568946691264,182,0.34915192790359506,192,0.0559124328047557,203,0.3502486555745308,183,0.0431205807850223,195,0.6134190179264365,211,0.016287890661734743,200,2.4973240118408846e-05,2,0.1352114716106605,135,0.004688254341896458,23,0.1025079323441507,176,0.03387137894956238,49,0.10156326103056466,182,0.14947587693590747,139,0.08936137932529233,197,0.18277550548158494,158,0.0631738697873632,198,0.5341180622115402,211,0.020119284902693668,207,1.0130659977569678e-07,1,0.26149130992208897,40,0.00014017861806592258,17,0.20251154383619907,83,0.050722779308117416,66,0.10995366443767912,181,0.4251173234909903,199,0.046894671702622535,202,0.5231274271116886,206,0.02842638224223233,200,0.6239288141493825,208,0.017134885599170334,197,0.0,2,0.07578397212543553,52,0.0014617085130422813,18,0.07342288668101121,144,0.045523738210678344,65,0.09494264377924293,181,0.21137298631502677,169,0.05875852326131166,199,0.29860228605952066,190,0.03667734819744053,206,0.4451578250710617,194,0.024677929229409562,205
"(95, 109)",0.8442910248815223,211,0.009579474396716591,213,0.39348108719039054,181,0.03767467155894341,201,0.013313015330077116,26,0.14512787315061337,151,0.0002461805380400417,16,0.2387044607160505,82,0.0002429009555263706,16,0.18470304379306415,75,7.000608683971343e-06,1,0.1586313908654901,56,0.5274719436618877,196,0.018453070683661647,211,0.12321727822101414,122,0.0533120501865531,204,0.028793492382523156,40,0.10491663275041868,180,0.0031620603430007055,17,0.1932279983094379,132,0.001986797148344599,16,0.15605955853835388,123,2.2761910551505338e-05,1,0.1505560635216974,79,0.8157370860734673,209,0.010871131948079534,212,0.3949372347537754,181,0.04135047694270612,199,0.01827732071308452,30,0.1348552348471998,167,9.613308874023563e-05,2,0.25133367475407037,70,2.6522470484069416e-05,1,0.2054566935659508,57,5.914793604011592e-06,1,0.17318899769638121,49,0.9995000999900006,122,0.0,224,0.20588860805380182,146,0.02729462594189605,203,0.020804664931025285,30,0.11103931123948713,173,0.001360965616876375,16,0.1611800693823377,124,0.0004565313220636913,16,0.13412892321166212,124,7.45410577469574e-05,1,0.14045344845168087,92
"(83, 89)",0.5657104703053202,188,0.054803704579152075,181,0.43668675876122154,189,0.06627983918551236,185,0.19701124845296258,158,0.1383557798858771,162,0.05323482582198791,67,0.18898821556384107,109,0.04785863936415424,68,0.1413697605916135,103,0.025986965387394423,58,0.10531958245823016,90,0.3232033893231835,168,0.08602259559675551,174,0.26465867877063065,167,0.09883826389799717,177,0.22570172483026663,167,0.10664469338599805,178,0.13137075430271272,125,0.14190426650194524,166,0.1262404463809328,121,0.12234456941470077,155,0.05403173824949514,75,0.09233676752451309,117,0.5266161394817789,187,0.057811207962554144,173,0.40655411775943084,183,0.07618476213621726,177,0.21276073099393888,163,0.14628824469462276,153,0.05452599473746944,72,0.18354565435418133,106,0.04097729645436121,70,0.1346730937131998,95,0.03133565955791684,69,0.12331702750575906,82,0.9997000299990002,216,0.0,225,0.23295129887420107,156,0.06607631179652473,153,0.21623302063852146,163,0.10566889678147628,176,0.135926745140021,130,0.11625813875328256,160,0.11035524118443918,108,0.11033489259127391,146,0.08275765743525954,94,0.11512967809918759,112
"(83, 81)",0.005173290530058994,46,0.26207104024754496,40,0.014053951345784021,46,0.20837165377905287,73,0.07309972145051502,87,0.1925406382381525,115,0.24275747854629104,171,0.11396612910471228,166,0.25839329614222617,169,0.08058413669675295,160,0.348616241907449,177,0.04432462932196483,153,0.030880770936945856,68,0.18816628041714947,94,0.045867356416442906,71,0.17727707810673013,122,0.05984444727048133,76,0.16600057379619562,128,0.11883861282475572,118,0.14672670329551243,164,0.12376770615230592,120,0.12315397197443638,153,0.2405834118822313,162,0.056126645523373035,163,0.007128742174103531,47,0.24257114029298193,45,0.01741248894677283,54,0.21774788869311623,70,0.06545786405943455,79,0.2166968725727397,103,0.23925221820661724,164,0.11211403452617202,159,0.2813228791439739,167,0.07085876623063743,155,0.3210422998180882,167,0.056778237685735006,141,0.9997000299990002,217,0.0,226,0.05693240573506164,82,0.10568523741352559,103,0.06389652830391168,81,0.15864586521814475,130,0.1146751088937491,116,0.12303687289588662,153,0.140886244633474,135,0.10170781716165946,154,0.1796141551591932,139,0.08892212515721132,140
"(101, 100)",9.999999999998899e-05,22,0.05607581064529299,178,9.999999999998899e-05,15,0.027279379738298228,209,9.999999999998899e-05,14,0.04275634255045404,212,9.999999999998899e-05,15,0.0654477936001677,199,9.999999999998899e-05,15,0.03728737815266877,201,9.999999999998899e-05,16,0.013836556847747719,204,9.999999999998899e-05,18,0.12103128621089225,150,9.999999999998899e-05,14,0.07784720226152038,193,9.999999999998899e-05,14,0.05580901927554895,209,9.999999999998899e-05,14,0.07116616274911408,206,9.999999999998899e-05,14,0.07471460128492656,193,9.999999999998899e-05,16,0.027212107532394,199,9.999999999998899e-05,21,0.052417366500527245,180,9.999999999998899e-05,15,0.02592122850719971,211,9.999999999998899e-05,14,0.03412582917444134,212,9.999999999998899e-05,16,0.059263171371871204,199,9.999999999998899e-05,16,0.03237550809580437,194,9.999999999998899e-05,16,0.012389981552694133,206,9.999999999998899e-05,20,0.035635096610706365,73,9.999999999998899e-05,14,0.044906689069290975,183,9.999999999998899e-05,14,0.0506610176903007,209,9.999999999998899e-05,14,0.05016263265527004,205,9.999999999998899e-05,14,0.07260166893802666,185,9.999999999998899e-05,13,0.05923609458739816,174
