{
  "type": "FeatureCollection",
  "generator": "overpass-turbo",
  "copyright": "The data included in this document is from www.openstreetmap.org. The data is made available under ODbL.",
  "timestamp": "2026-08-27T09:05:06Z",
  "features": [
    {
      "type": "Feature",
      "properties": {
        "@id": "way/32148098",
        "electrified": "rail",
        "frequency": "0",
        "gauge": "1435",
        "line": "Docklands Light Railway",
        "maxspeed": "25",
        "name": "Docklands Light Railway",
        "official_name": "Up Lewisham",
        "operator": "Keolis Amey Docklands",
        "operator:wikidata": "Q89212210",
        "railway": "light_rail",
        "railway:bidirectional": "regular",
        "railway:cbtc": "dto",
        "railway:preferred_direction": "both",
        "railway:track_ref": "Up Lewisham",
        "voltage": "750"
      },
      "geometry": {
        "type": "LineString",
        "coordinates": [
          [
            -0.0137134,
            51.4658779
          ],
          [
            -0.0137881,
            51.4659892
          ],
          [
            -0.0139592,
            51.4662466
          ]
        ]
      },
      "id": "way/32148098"
    },
    {
      "type": "Feature",
      "properties": {
        "@id": "way/163611877",
        "electrified": "rail",
        "frequency": "0",
        "gauge": "1435",
        "line": "Docklands Light Railway",
        "maxspeed": "25",
        "name": "Docklands Light Railway",
        "operator": "Keolis Amey Docklands",
        "operator:wikidata": "Q89212210",
        "railway": "light_rail",
        "railway:cbtc": "dto",
        "railway:preferred_direction": "forward",
        "service": "crossover",
        "voltage": "750"
      },
      "geometry": {
        "type": "LineString",
        "coordinates": [
          [
            -0.013915,
            51.4662589
          ],
          [
            -0.013859,
            51.46614
          ],
          [
            -0.0137881,
            51.4659892
          ]
        ]
      },
      "id": "way/163611877"
    },
    {
      "type": "Feature",
      "properties": {
        "@id": "way/163611882",
        "electrified": "rail",
        "frequency": "0",
        "gauge": "1435",
        "line": "Docklands Light Railway",
        "maxspeed": "25",
        "name": "Docklands Light Railway",
        "operator": "Keolis Amey Docklands",
        "operator:wikidata": "Q89212210",
        "railway": "light_rail",
        "railway:cbtc": "dto",
        "railway:preferred_direction": "forward",
        "service": "crossover",
        "voltage": "750"
      },
      "geometry": {
        "type": "LineString",
        "coordinates": [
          [
            -0.0137567,
            51.466031
          ],
          [
            -0.013859,
            51.46614
          ],
          [
            -0.0139592,
            51.4662466
          ]
        ]
      },
      "id": "way/163611882"
    },
    {
      "type": "Feature",
      "properties": {
        "@id": "way/170167964",
        "electrified": "rail",
        "frequency": "0",
        "gauge": "1435",
        "line": "Docklands Light Railway",
        "maxspeed": "55",
        "name": "Docklands Light Railway",
        "official_name": "Down Lewisham",
        "operator": "Keolis Amey Docklands",
        "operator:wikidata": "Q89212210",
        "railway": "light_rail",
        "railway:cbtc": "dto",
        "railway:preferred_direction": "forward",
        "railway:track_ref": "Down Lewisham",
        "voltage": "750"
      },
      "geometry": {
        "type": "LineString",
        "coordinates": [
          [
            -0.0156596,
            51.4679087
          ],
          [
            -0.0154896,
            51.4677122
          ],
          [
            -0.0153565,
            51.4675771
          ],
          [
            -0.0152838,
            51.4675132
          ],
          [
            -0.0151563,
            51.4674082
          ],
          [
            -0.0149379,
            51.4672523
          ],
          [
            -0.0146556,
            51.4670585
          ],
          [
            -0.0144782,
            51.4669245
          ],
          [
            -0.0143483,
            51.4668102
          ],
          [
            -0.0142734,
            51.4667351
          ],
          [
            -0.014201,
            51.4666579
          ]
        ]
      },
      "id": "way/170167964"
    },
    {
      "type": "Feature",
      "properties": {
        "@id": "way/170167966",
        "electrified": "rail",
        "frequency": "0",
        "gauge": "1435",
        "layer": "-1",
        "line": "Docklands Light Railway",
        "maxspeed": "25",
        "name": "Docklands Light Railway",
        "official_name": "Up Lewisham",
        "operator": "Keolis Amey Docklands",
        "operator:wikidata": "Q89212210",
        "railway": "light_rail",
        "railway:bidirectional": "regular",
        "railway:cbtc": "dto",
        "railway:preferred_direction": "both",
        "railway:track_ref": "Up Lewisham",
        "tunnel": "yes",
        "voltage": "750"
      },
      "geometry": {
        "type": "LineString",
        "coordinates": [
          [
            -0.013224,
            51.4651738
          ],
          [
            -0.0135874,
            51.46566
          ],
          [
            -0.0137134,
            51.4658779
          ]
        ]
      },
      "id": "way/170167966"
    },
    {
      "type": "Feature",
      "properties": {
        "@id": "way/170167969",
        "electrified": "rail",
        "frequency": "0",
        "gauge": "1435",
        "layer": "-1",
        "line": "Docklands Light Railway",
        "maxspeed": "25",
        "name": "Docklands Light Railway",
        "official_name": "Up Lewisham",
        "operator": "Keolis Amey Docklands",
        "operator:wikidata": "Q89212210",
        "railway": "light_rail",
        "railway:bidirectional": "regular",
        "railway:cbtc": "dto",
        "railway:preferred_direction": "both",
        "railway:track_ref": "Up Lewisham",
        "voltage": "750"
      },
      "geometry": {
        "type": "LineString",
        "coordinates": [
          [
            -0.0131584,
            51.4650786
          ],
          [
            -0.013224,
            51.4651738
          ]
        ]
      },
      "id": "way/170167969"
    },
    {
      "type": "Feature",
      "properties": {
        "@id": "way/744622238",
        "bridge": "yes",
        "electrified": "rail",
        "frequency": "0",
        "gauge": "1435",
        "layer": "1",
        "line": "Docklands Light Railway",
        "maxspeed": "55",
        "name": "Docklands Light Railway",
        "official_name": "Down Lewisham",
        "operator": "Keolis Amey Docklands",
        "operator:wikidata": "Q89212210",
        "railway": "light_rail",
        "railway:cbtc": "dto",
        "railway:preferred_direction": "forward",
        "railway:track_ref": "Down Lewisham",
        "voltage": "750"
      },
      "geometry": {
        "type": "LineString",
        "coordinates": [
          [
            -0.014201,
            51.4666579
          ],
          [
            -0.0141205,
            51.4665572
          ],
          [
            -0.0140568,
            51.466468
          ]
        ]
      },
      "id": "way/744622238"
    },
    {
      "type": "Feature",
      "properties": {
        "@id": "way/744622239",
        "electrified": "rail",
        "frequency": "0",
        "gauge": "1435",
        "line": "Docklands Light Railway",
        "maxspeed": "55",
        "name": "Docklands Light Railway",
        "operator": "Keolis Amey Docklands",
        "operator:wikidata": "Q89212210",
        "railway": "light_rail",
        "railway:cbtc": "dto",
        "railway:preferred_direction": "forward",
        "railway:track_ref": "Up Lewisham",
        "voltage": "750"
      },
      "geometry": {
        "type": "LineString",
        "coordinates": [
          [
            -0.0142751,
            51.4666702
          ],
          [
            -0.0143535,
            51.4667523
          ],
          [
            -0.0144625,
            51.4668554
          ],
          [
            -0.0145936,
            51.4669634
          ],
          [
            -0.0148564,
            51.4671502
          ],
          [
            -0.0151069,
            51.4673218
          ],
          [
            -0.0151982,
            51.4673914
          ],
          [
            -0.0153255,
            51.467496
          ],
          [
            -0.0155266,
            51.4676892
          ],
          [
            -0.0157469,
            51.4679476
          ]
        ]
      },
      "id": "way/744622239"
    },
    {
      "type": "Feature",
      "properties": {
        "@id": "way/744622240",
        "bridge": "yes",
        "electrified": "rail",
        "frequency": "0",
        "gauge": "1435",
        "layer": "1",
        "line": "Docklands Light Railway",
        "maxspeed": "55",
        "name": "Docklands Light Railway",
        "official_name": "Up Lewisham",
        "operator": "Keolis Amey Docklands",
        "operator:wikidata": "Q89212210",
        "railway": "light_rail",
        "railway:cbtc": "dto",
        "railway:preferred_direction": "forward",
        "railway:track_ref": "Up Lewisham",
        "voltage": "750"
      },
      "geometry": {
        "type": "LineString",
        "coordinates": [
          [
            -0.0141071,
            51.4664617
          ],
          [
            -0.0141681,
            51.4665442
          ],
          [
            -0.0142751,
            51.4666702
          ]
        ]
      },
      "id": "way/744622240"
    },
    {
      "type": "Feature",
      "properties": {
        "@id": "way/744622241",
        "electrified": "rail",
        "frequency": "0",
        "gauge": "1435",
        "line": "Docklands Light Railway",
        "maxspeed": "25",
        "name": "Docklands Light Railway",
        "official_name": "Down Lewisham",
        "operator": "Keolis Amey Docklands",
        "operator:wikidata": "Q89212210",
        "railway": "light_rail",
        "railway:cbtc": "dto",
        "railway:preferred_direction": "forward",
        "railway:track_ref": "Down Lewisham",
        "voltage": "750"
      },
      "geometry": {
        "type": "LineString",
        "coordinates": [
          [
            -0.0140568,
            51.466468
          ],
          [
            -0.014031,
            51.4664232
          ],
          [
            -0.013915,
            51.4662589
          ],
          [
            -0.0137969,
            51.4660835
          ],
          [
            -0.0137567,
            51.466031
          ]
        ]
      },
      "id": "way/744622241"
    },
    {
      "type": "Feature",
      "properties": {
        "@id": "way/1300368240",
        "electrified": "rail",
        "frequency": "0",
        "gauge": "1435",
        "line": "Docklands Light Railway",
        "maxspeed": "45",
        "name": "Docklands Light Railway",
        "official_name": "Down Lewisham",
        "operator": "Keolis Amey Docklands",
        "operator:wikidata": "Q89212210",
        "railway": "light_rail",
        "railway:cbtc": "dto",
        "railway:preferred_direction": "forward",
        "railway:track_ref": "Down Lewisham",
        "voltage": "750"
      },
      "geometry": {
        "type": "LineString",
        "coordinates": [
          [
            -0.0161752,
            51.4685349
          ],
          [
            -0.0160268,
            51.4683568
          ],
          [
            -0.0156596,
            51.4679087
          ]
        ]
      },
      "id": "way/1300368240"
    },
    {
      "type": "Feature",
      "properties": {
        "@id": "way/1300368241",
        "electrified": "rail",
        "frequency": "0",
        "gauge": "1435",
        "line": "Docklands Light Railway",
        "maxspeed": "45",
        "name": "Docklands Light Railway",
        "official_name": "Up Lewisham",
        "operator": "Keolis Amey Docklands",
        "operator:wikidata": "Q89212210",
        "railway": "light_rail",
        "railway:cbtc": "dto",
        "railway:preferred_direction": "forward",
        "railway:track_ref": "Up Lewisham",
        "voltage": "750"
      },
      "geometry": {
        "type": "LineString",
        "coordinates": [
          [
            -0.0157469,
            51.4679476
          ],
          [
            -0.01594,
            51.4681784
          ],
          [
            -0.0160725,
            51.4683373
          ],
          [
            -0.0162226,
            51.4685178
          ]
        ]
      },
      "id": "way/1300368241"
    },
    {
      "type": "Feature",
      "properties": {
        "@id": "way/1380277089",
        "electrified": "rail",
        "frequency": "0",
        "gauge": "1435",
        "line": "Docklands Light Railway",
        "maxspeed": "25",
        "name": "Docklands Light Railway",
        "official_name": "Up Lewisham",
        "operator": "Keolis Amey Docklands",
        "operator:wikidata": "Q89212210",
        "railway": "light_rail",
        "railway:cbtc": "dto",
        "railway:preferred_direction": "forward",
        "railway:track_ref": "Up Lewisham",
        "voltage": "750"
      },
      "geometry": {
        "type": "LineString",
        "coordinates": [
          [
            -0.0139592,
            51.4662466
          ],
          [
            -0.0140219,
            51.4663402
          ],
          [
            -0.0141071,
            51.4664617
          ]
        ]
      },
      "id": "way/1380277089"
    },
    {
      "type": "Feature",
      "properties": {
        "@id": "way/1380277090",
        "electrified": "rail",
        "frequency": "0",
        "gauge": "1435",
        "line": "Docklands Light Railway",
        "maxspeed": "25",
        "name": "Docklands Light Railway",
        "official_name": "Down Lewisham",
        "operator": "Keolis Amey Docklands",
        "operator:wikidata": "Q89212210",
        "railway": "light_rail",
        "railway:bidirectional": "regular",
        "railway:cbtc": "dto",
        "railway:preferred_direction": "both",
        "railway:track_ref": "Down Lewisham",
        "voltage": "750"
      },
      "geometry": {
        "type": "LineString",
        "coordinates": [
          [
            -0.0137567,
            51.466031
          ],
          [
            -0.0136296,
            51.4659041
          ]
        ]
      },
      "id": "way/1380277090"
    },
    {
      "type": "Feature",
      "properties": {
        "@id": "way/163611910",
        "bridge": "viaduct",
        "electrified": "rail",
        "frequency": "0",
        "gauge": "1435",
        "layer": "2",
        "line": "Docklands Light Railway",
        "maxspeed": "60",
        "name": "Docklands Light Railway",
        "official_name": "Down Lewisham",
        "operator": "Keolis Amey Docklands",
        "operator:wikidata": "Q89212210",
        "railway": "light_rail",
        "railway:cbtc": "dto",
        "railway:preferred_direction": "forward",
        "railway:track_ref": "Down Lewisham",
        "voltage": "750"
      },
      "geometry": {
        "type": "LineString",
        "coordinates": [
          [
            -0.0220196,
            51.4734736
          ],
          [
            -0.0219347,
            51.473281
          ],
          [
            -0.0218892,
            51.473162
          ],
          [
            -0.0218551,
            51.4730338
          ],
          [
            -0.0218164,
            51.4727958
          ],
          [
            -0.0217944,
            51.4725934
          ],
          [
            -0.0217715,
            51.4724345
          ],
          [
            -0.021742,
            51.472331
          ],
          [
            -0.0217219,
            51.4722562
          ],
          [
            -0.0216756,
            51.4721543
          ],
          [
            -0.0216287,
            51.4720536
          ],
          [
            -0.021573,
            51.471963
          ],
          [
            -0.0214805,
            51.4718364
          ],
          [
            -0.0213772,
            51.471722
          ],
          [
            -0.0212471,
            51.4716008
          ],
          [
            -0.021114,
            51.4714927
          ],
          [
            -0.0209839,
            51.4714026
          ],
          [
            -0.0206171,
            51.4711637
          ],
          [
            -0.0202003,
            51.4708987
          ],
          [
            -0.0200234,
            51.4707794
          ],
          [
            -0.0198527,
            51.4706494
          ],
          [
            -0.0196446,
            51.4704669
          ]
        ]
      },
      "id": "way/163611910"
    },
    {
      "type": "Feature",
      "properties": {
        "@id": "way/170167968",
        "electrified": "rail",
        "frequency": "0",
        "gauge": "1435",
        "layer": "-1",
        "line": "Docklands Light Railway",
        "maxspeed": "25",
        "name": "Docklands Light Railway",
        "official_name": "Down Lewisham",
        "operator": "Keolis Amey Docklands",
        "operator:wikidata": "Q89212210",
        "railway": "light_rail",
        "railway:bidirectional": "regular",
        "railway:cbtc": "dto",
        "railway:preferred_direction": "both",
        "railway:track_ref": "Down Lewisham",
        "tunnel": "yes",
        "voltage": "750"
      },
      "geometry": {
        "type": "LineString",
        "coordinates": [
          [
            -0.0136296,
            51.4659041
          ],
          [
            -0.0134396,
            51.4657026
          ],
          [
            -0.013076,
            51.4652237
          ]
        ]
      },
      "id": "way/170167968"
    },
    {
      "type": "Feature",
      "properties": {
        "@id": "way/1300368232",
        "bridge": "viaduct",
        "electrified": "rail",
        "frequency": "0",
        "gauge": "1435",
        "layer": "2",
        "line": "Docklands Light Railway",
        "maxspeed": "45",
        "name": "Docklands Light Railway",
        "official_name": "Down Lewisham",
        "operator": "Keolis Amey Docklands",
        "operator:wikidata": "Q89212210",
        "railway": "light_rail",
        "railway:cbtc": "dto",
        "railway:preferred_direction": "forward",
        "railway:track_ref": "Down Lewisham",
        "voltage": "750"
      },
      "geometry": {
        "type": "LineString",
        "coordinates": [
          [
            -0.0217889,
            51.4762147
          ],
          [
            -0.0219125,
            51.4761865
          ],
          [
            -0.0220452,
            51.476146
          ],
          [
            -0.0221491,
            51.4761091
          ],
          [
            -0.0222401,
            51.4760683
          ],
          [
            -0.0223169,
            51.4760305
          ],
          [
            -0.022389,
            51.475988
          ],
          [
            -0.0224729,
            51.4759313
          ],
          [
            -0.0225469,
            51.4758728
          ],
          [
            -0.0226403,
            51.4757742
          ],
          [
            -0.0227271,
            51.4756398
          ],
          [
            -0.0227787,
            51.4755057
          ],
          [
            -0.0227939,
            51.4753844
          ],
          [
            -0.0227915,
            51.4752668
          ],
          [
            -0.0227546,
            51.4750881
          ],
          [
            -0.022701,
            51.4749319
          ],
          [
            -0.0226152,
            51.4747379
          ]
        ]
      },
      "id": "way/1300368232"
    },
    {
      "type": "Feature",
      "properties": {
        "@id": "way/1300368233",
        "bridge": "viaduct",
        "electrified": "rail",
        "frequency": "0",
        "gauge": "1435",
        "layer": "2",
        "line": "Docklands Light Railway",
        "maxspeed": "45",
        "name": "Docklands Light Railway",
        "official_name": "Up Lewisham",
        "operator": "Keolis Amey Docklands",
        "operator:wikidata": "Q89212210",
        "railway": "light_rail",
        "railway:cbtc": "dto",
        "railway:preferred_direction": "forward",
        "railway:track_ref": "Up Lewisham",
        "voltage": "750"
      },
      "geometry": {
        "type": "LineString",
        "coordinates": [
          [
            -0.0226649,
            51.474729
          ],
          [
            -0.0227498,
            51.4749213
          ],
          [
            -0.0228086,
            51.4750834
          ],
          [
            -0.0228437,
            51.4752597
          ],
          [
            -0.0228503,
            51.4753835
          ],
          [
            -0.0228309,
            51.4755081
          ],
          [
            -0.0227811,
            51.4756457
          ],
          [
            -0.0226962,
            51.475778
          ],
          [
            -0.0225853,
            51.4758941
          ],
          [
            -0.0225074,
            51.4759586
          ],
          [
            -0.0224189,
            51.4760184
          ],
          [
            -0.0223425,
            51.4760609
          ],
          [
            -0.0222643,
            51.4761002
          ],
          [
            -0.0221718,
            51.4761413
          ],
          [
            -0.0220666,
            51.4761773
          ],
          [
            -0.0219338,
            51.4762169
          ],
          [
            -0.0218063,
            51.476247
          ]
        ]
      },
      "id": "way/1300368233"
    },
    {
      "type": "Feature",
      "properties": {
        "@id": "way/1300368237",
        "bridge": "viaduct",
        "electrified": "rail",
        "frequency": "0",
        "gauge": "1435",
        "layer": "2",
        "line": "Docklands Light Railway",
        "maxspeed": "55",
        "name": "Docklands Light Railway",
        "official_name": "Up Lewisham",
        "operator": "Keolis Amey Docklands",
        "operator:wikidata": "Q89212210",
        "railway": "light_rail",
        "railway:cbtc": "dto",
        "railway:preferred_direction": "forward",
        "railway:track_ref": "Up Lewisham",
        "voltage": "750"
      },
      "geometry": {
        "type": "LineString",
        "coordinates": [
          [
            -0.01751,
            51.4694284
          ],
          [
            -0.0179621,
            51.4695124
          ],
          [
            -0.0182122,
            51.4695733
          ],
          [
            -0.018457,
            51.469651
          ],
          [
            -0.0186595,
            51.4697304
          ],
          [
            -0.0188164,
            51.4698031
          ],
          [
            -0.0189726,
            51.4698849
          ],
          [
            -0.0190966,
            51.469962
          ],
          [
            -0.019235,
            51.4700555
          ],
          [
            -0.0193904,
            51.4701794
          ],
          [
            -0.0196854,
            51.4704492
          ]
        ]
      },
      "id": "way/1300368237"
    },
    {
      "type": "Feature",
      "properties": {
        "@id": "way/1300368238",
        "bridge": "viaduct",
        "electrified": "rail",
        "frequency": "0",
        "gauge": "1435",
        "layer": "2",
        "line": "Docklands Light Railway",
        "maxspeed": "45",
        "name": "Docklands Light Railway",
        "official_name": "Down Lewisham",
        "operator": "Keolis Amey Docklands",
        "operator:wikidata": "Q89212210",
        "railway": "light_rail",
        "railway:cbtc": "dto",
        "railway:preferred_direction": "forward",
        "railway:track_ref": "Down Lewisham",
        "voltage": "750"
      },
      "geometry": {
        "type": "LineString",
        "coordinates": [
          [
            -0.0175384,
            51.4694698
          ],
          [
            -0.0173156,
            51.4694222
          ],
          [
            -0.0171472,
            51.4693702
          ],
          [
            -0.0169713,
            51.4692973
          ],
          [
            -0.0168367,
            51.4692246
          ],
          [
            -0.016767,
            51.4691774
          ],
          [
            -0.016675,
            51.4691047
          ],
          [
            -0.0165948,
            51.4690306
          ],
          [
            -0.0165157,
            51.468939
          ],
          [
            -0.016381,
            51.4687816
          ],
          [
            -0.0161752,
            51.4685349
          ]
        ]
      },
      "id": "way/1300368238"
    },
    {
      "type": "Feature",
      "properties": {
        "@id": "way/1300368239",
        "bridge": "viaduct",
        "electrified": "rail",
        "frequency": "0",
        "gauge": "1435",
        "layer": "2",
        "line": "Docklands Light Railway",
        "maxspeed": "45",
        "name": "Docklands Light Railway",
        "official_name": "Up Lewisham",
        "operator": "Keolis Amey Docklands",
        "operator:wikidata": "Q89212210",
        "railway": "light_rail",
        "railway:cbtc": "dto",
        "railway:preferred_direction": "forward",
        "railway:track_ref": "Up Lewisham",
        "voltage": "750"
      },
      "geometry": {
        "type": "LineString",
        "coordinates": [
          [
            -0.0162226,
            51.4685178
          ],
          [
            -0.0164322,
            51.4687659
          ],
          [
            -0.0166271,
            51.4689975
          ],
          [
            -0.0167195,
            51.4690882
          ],
          [
            -0.0168087,
            51.4691573
          ],
          [
            -0.0169144,
            51.4692231
          ],
          [
            -0.0170282,
            51.4692816
          ],
          [
            -0.0171657,
            51.4693383
          ],
          [
            -0.0173255,
            51.4693874
          ],
          [
            -0.01751,
            51.4694284
          ]
        ]
      },
      "id": "way/1300368239"
    },
    {
      "type": "Feature",
      "properties": {
        "@id": "way/1365386516",
        "electrified": "rail",
        "frequency": "0",
        "gauge": "1435",
        "layer": "-1",
        "line": "Docklands Light Railway",
        "maxspeed": "25",
        "name": "Docklands Light Railway",
        "official_name": "Up Lewisham",
        "operator": "Keolis Amey Docklands",
        "operator:wikidata": "Q89212210",
        "railway": "light_rail",
        "railway:bidirectional": "regular",
        "railway:cbtc": "dto",
        "railway:preferred_direction": "both",
        "railway:track_ref": "Up Lewisham",
        "voltage": "750"
      },
      "geometry": {
        "type": "LineString",
        "coordinates": [
          [
            -0.0129253,
            51.4647431
          ],
          [
            -0.0131584,
            51.4650786
          ]
        ]
      },
      "id": "way/1365386516"
    },
    {
      "type": "Feature",
      "properties": {
        "@id": "way/10403377",
        "bridge": "viaduct",
        "electrified": "rail",
        "frequency": "0",
        "gauge": "1435",
        "layer": "2",
        "line": "Docklands Light Railway",
        "maxspeed": "60",
        "name": "Docklands Light Railway",
        "official_name": "Up Lewisham",
        "operator": "Keolis Amey Docklands",
        "operator:wikidata": "Q89212210",
        "railway": "light_rail",
        "railway:cbtc": "dto",
        "railway:preferred_direction": "forward",
        "railway:track_ref": "Up Lewisham",
        "voltage": "750"
      },
      "geometry": {
        "type": "LineString",
        "coordinates": [
          [
            -0.0196854,
            51.4704492
          ],
          [
            -0.0198893,
            51.4706282
          ],
          [
            -0.0200547,
            51.4707561
          ],
          [
            -0.0202354,
            51.4708757
          ],
          [
            -0.0206526,
            51.471143
          ],
          [
            -0.0210211,
            51.4713796
          ],
          [
            -0.0211657,
            51.4714809
          ],
          [
            -0.0212871,
            51.4715816
          ],
          [
            -0.0214231,
            51.4717092
          ],
          [
            -0.0215265,
            51.4718276
          ],
          [
            -0.021618,
            51.4719511
          ],
          [
            -0.0216763,
            51.4720426
          ],
          [
            -0.021728,
            51.4721454
          ],
          [
            -0.0217716,
            51.4722541
          ],
          [
            -0.0217968,
            51.472327
          ],
          [
            -0.0218205,
            51.4724277
          ],
          [
            -0.021847,
            51.472597
          ],
          [
            -0.0218717,
            51.4727919
          ],
          [
            -0.0219069,
            51.4730256
          ],
          [
            -0.0219364,
            51.4731504
          ],
          [
            -0.0219793,
            51.4732571
          ],
          [
            -0.0220694,
            51.4734635
          ]
        ]
      },
      "id": "way/10403377"
    },
    {
      "type": "Feature",
      "properties": {
        "@id": "way/1300368234",
        "bridge": "viaduct",
        "electrified": "rail",
        "frequency": "0",
        "gauge": "1435",
        "layer": "2",
        "line": "Docklands Light Railway",
        "maxspeed": "50",
        "name": "Docklands Light Railway",
        "official_name": "Down Lewisham",
        "operator": "Keolis Amey Docklands",
        "operator:wikidata": "Q89212210",
        "railway": "light_rail",
        "railway:cbtc": "dto",
        "railway:preferred_direction": "forward",
        "railway:track_ref": "Down Lewisham",
        "voltage": "750"
      },
      "geometry": {
        "type": "LineString",
        "coordinates": [
          [
            -0.0226152,
            51.4747379
          ],
          [
            -0.0225249,
            51.4745463
          ],
          [
            -0.0222192,
            51.4738959
          ],
          [
            -0.0220196,
            51.4734736
          ]
        ]
      },
      "id": "way/1300368234"
    },
    {
      "type": "Feature",
      "properties": {
        "@id": "way/1300368235",
        "bridge": "viaduct",
        "electrified": "rail",
        "frequency": "0",
        "gauge": "1435",
        "layer": "2",
        "line": "Docklands Light Railway",
        "maxspeed": "50",
        "name": "Docklands Light Railway",
        "official_name": "Up Lewisham",
        "operator": "Keolis Amey Docklands",
        "operator:wikidata": "Q89212210",
        "railway": "light_rail",
        "railway:cbtc": "dto",
        "railway:preferred_direction": "forward",
        "railway:track_ref": "Up Lewisham",
        "voltage": "750"
      },
      "geometry": {
        "type": "LineString",
        "coordinates": [
          [
            -0.0220694,
            51.4734635
          ],
          [
            -0.0224549,
            51.4742825
          ],
          [
            -0.0225521,
            51.4744871
          ],
          [
            -0.0226649,
            51.474729
          ]
        ]
      },
      "id": "way/1300368235"
    },
    {
      "type": "Feature",
      "properties": {
        "@id": "way/1300368236",
        "bridge": "viaduct",
        "electrified": "rail",
        "frequency": "0",
        "gauge": "1435",
        "layer": "2",
        "line": "Docklands Light Railway",
        "maxspeed": "55",
        "name": "Docklands Light Railway",
        "official_name": "Down Lewisham",
        "operator": "Keolis Amey Docklands",
        "operator:wikidata": "Q89212210",
        "railway": "light_rail",
        "railway:cbtc": "dto",
        "railway:preferred_direction": "forward",
        "railway:track_ref": "Down Lewisham",
        "voltage": "750"
      },
      "geometry": {
        "type": "LineString",
        "coordinates": [
          [
            -0.0196446,
            51.4704669
          ],
          [
            -0.0193516,
            51.4702011
          ],
          [
            -0.019196,
            51.4700762
          ],
          [
            -0.0190585,
            51.4699819
          ],
          [
            -0.0189357,
            51.4699105
          ],
          [
            -0.0187831,
            51.4698292
          ],
          [
            -0.0186318,
            51.4697601
          ],
          [
            -0.0184322,
            51.469683
          ],
          [
            -0.018188,
            51.4696042
          ],
          [
            -0.0179448,
            51.4695433
          ],
          [
            -0.0175384,
            51.4694698
          ]
        ]
      },
      "id": "way/1300368236"
    },
    {
      "type": "Feature",
      "properties": {
        "@id": "way/163611835",
        "electrified": "rail",
        "frequency": "0",
        "gauge": "1435",
        "layer": "-1",
        "line": "Docklands Light Railway",
        "maxspeed": "25",
        "name": "Docklands Light Railway",
        "official_name": "Down Lewisham",
        "operator": "Keolis Amey Docklands",
        "operator:wikidata": "Q89212210",
        "railway": "light_rail",
        "railway:bidirectional": "regular",
        "railway:cbtc": "dto",
        "railway:preferred_direction": "both",
        "voltage": "750"
      },
      "geometry": {
        "type": "LineString",
        "coordinates": [
          [
            -0.013076,
            51.4652237
          ],
          [
            -0.0127937,
            51.464837
          ]
        ]
      },
      "id": "way/163611835"
    },
    {
      "type": "Feature",
      "properties": {
        "@id": "way/1365386515",
        "electrified": "rail",
        "frequency": "0",
        "gauge": "1435",
        "layer": "-1",
        "line": "Docklands Light Railway",
        "maxspeed": "25",
        "name": "Docklands Light Railway",
        "operator": "Keolis Amey Docklands",
        "operator:wikidata": "Q89212210",
        "railway": "light_rail",
        "railway:bidirectional": "regular",
        "railway:cbtc": "dto",
        "railway:preferred_direction": "both",
        "railway:track_ref": "Down Lewisham",
        "voltage": "750"
      },
      "geometry": {
        "type": "LineString",
        "coordinates": [
          [
            -0.0127937,
            51.464837
          ],
          [
            -0.0127572,
            51.4647869
          ]
        ]
      },
      "id": "way/1365386515"
    },
    {
      "type": "Feature",
      "properties": {
        "@id": "way/4005751",
        "electrified": "rail",
        "frequency": "0",
        "gauge": "1435",
        "line": "Docklands Light Railway",
        "maxspeed": "40",
        "name": "Docklands Light Railway",
        "official_name": "Up Lewisham",
        "operator": "Keolis Amey Docklands",
        "operator:wikidata": "Q89212210",
        "railway": "light_rail",
        "railway:cbtc": "dto",
        "railway:preferred_direction": "forward",
        "railway:track_ref": "Up Lewisham",
        "voltage": "750"
      },
      "geometry": {
        "type": "LineString",
        "coordinates": [
          [
            -0.0160714,
            51.4780388
          ],
          [
            -0.0158143,
            51.4780491
          ],
          [
            -0.0152648,
            51.4780606
          ],
          [
            -0.014855,
            51.4780687
          ],
          [
            -0.0144776,
            51.4780727
          ],
          [
            -0.0143495,
            51.4780747
          ],
          [
            -0.0142076,
            51.478081
          ],
          [
            -0.0140687,
            51.4780924
          ],
          [
            -0.0139454,
            51.478107
          ],
          [
            -0.0138266,
            51.4781247
          ],
          [
            -0.0137062,
            51.4781448
          ]
        ]
      },
      "id": "way/4005751"
    },
    {
      "type": "Feature",
      "properties": {
        "@id": "way/163611906",
        "electrified": "rail",
        "frequency": "0",
        "gauge": "1435",
        "line": "Docklands Light Railway",
        "maxspeed": "40",
        "name": "Docklands Light Railway",
        "official_name": "Down Lewisham",
        "operator": "Keolis Amey Docklands",
        "operator:wikidata": "Q89212210",
        "railway": "light_rail",
        "railway:cbtc": "dto",
        "railway:preferred_direction": "forward",
        "railway:track_ref": "Down Lewisham",
        "voltage": "750"
      },
      "geometry": {
        "type": "LineString",
        "coordinates": [
          [
            -0.0136922,
            51.4781182
          ],
          [
            -0.0138064,
            51.4780974
          ],
          [
            -0.0139375,
            51.4780765
          ],
          [
            -0.0140653,
            51.4780613
          ],
          [
            -0.0142133,
            51.4780498
          ],
          [
            -0.0143482,
            51.4780449
          ],
          [
            -0.0144762,
            51.4780431
          ],
          [
            -0.0148523,
            51.4780404
          ],
          [
            -0.0152613,
            51.4780311
          ],
          [
            -0.0158119,
            51.4780182
          ],
          [
            -0.0159912,
            51.4780121
          ],
          [
            -0.016066,
            51.4780075
          ]
        ]
      },
      "id": "way/163611906"
    },
    {
      "type": "Feature",
      "properties": {
        "@id": "way/229936662",
        "bridge": "viaduct",
        "electrified": "rail",
        "frequency": "0",
        "gauge": "1435",
        "layer": "1",
        "line": "Docklands Light Railway",
        "maxspeed": "30",
        "name": "Docklands Light Railway",
        "operator": "Keolis Amey Docklands",
        "operator:wikidata": "Q89212210",
        "railway": "light_rail",
        "railway:cbtc": "dto",
        "railway:preferred_direction": "forward",
        "service": "crossover",
        "voltage": "750"
      },
      "geometry": {
        "type": "LineString",
        "coordinates": [
          [
            -0.0172369,
            51.4779431
          ],
          [
            -0.0170694,
            51.4779692
          ],
          [
            -0.0169096,
            51.4779941
          ]
        ]
      },
      "id": "way/229936662"
    },
    {
      "type": "Feature",
      "properties": {
        "@id": "way/229936663",
        "bridge": "viaduct",
        "electrified": "rail",
        "frequency": "0",
        "gauge": "1435",
        "layer": "1",
        "line": "Docklands Light Railway",
        "maxspeed": "30",
        "name": "Docklands Light Railway",
        "operator": "Keolis Amey Docklands",
        "operator:wikidata": "Q89212210",
        "railway": "light_rail",
        "railway:cbtc": "dto",
        "railway:preferred_direction": "forward",
        "service": "crossover",
        "voltage": "750"
      },
      "geometry": {
        "type": "LineString",
        "coordinates": [
          [
            -0.0172378,
            51.4779765
          ],
          [
            -0.0170694,
            51.4779692
          ],
          [
            -0.0169079,
            51.4779622
          ]
        ]
      },
      "id": "way/229936663"
    },
    {
      "type": "Feature",
      "properties": {
        "@id": "way/1300368228",
        "bridge": "viaduct",
        "electrified": "rail",
        "frequency": "0",
        "gauge": "1435",
        "layer": "2",
        "line": "Docklands Light Railway",
        "maxspeed": "40",
        "name": "Docklands Light Railway",
        "official_name": "Up Lewisham",
        "operator": "Keolis Amey Docklands",
        "operator:wikidata": "Q89212210",
        "railway": "light_rail",
        "railway:cbtc": "dto",
        "railway:preferred_direction": "forward",
        "railway:track_ref": "Up Lewisham",
        "voltage": "750"
      },
      "geometry": {
        "type": "LineString",
        "coordinates": [
          [
            -0.0169096,
            51.4779941
          ],
          [
            -0.0160714,
            51.4780388
          ]
        ]
      },
      "id": "way/1300368228"
    },
    {
      "type": "Feature",
      "properties": {
        "@id": "way/1300368229",
        "bridge": "viaduct",
        "electrified": "rail",
        "frequency": "0",
        "gauge": "1435",
        "layer": "2",
        "line": "Docklands Light Railway",
        "maxspeed": "40",
        "name": "Docklands Light Railway",
        "official_name": "Down Lewisham",
        "operator": "Keolis Amey Docklands",
        "operator:wikidata": "Q89212210",
        "railway": "light_rail",
        "railway:cbtc": "dto",
        "railway:preferred_direction": "forward",
        "railway:track_ref": "Down Lewisham",
        "voltage": "750"
      },
      "geometry": {
        "type": "LineString",
        "coordinates": [
          [
            -0.016066,
            51.4780075
          ],
          [
            -0.0169079,
            51.4779622
          ]
        ]
      },
      "id": "way/1300368229"
    },
    {
      "type": "Feature",
      "properties": {
        "@id": "way/10330967",
        "electrified": "rail",
        "frequency": "0",
        "gauge": "1435",
        "layer": "-1",
        "line": "Docklands Light Railway",
        "maxspeed": "75",
        "name": "Docklands Light Railway",
        "official_name": "Up Lewisham",
        "operator": "Keolis Amey Docklands",
        "operator:wikidata": "Q89212210",
        "railway": "light_rail",
        "railway:cbtc": "dto",
        "railway:preferred_direction": "forward",
        "railway:track_ref": "Up Lewisham",
        "tunnel": "yes",
        "voltage": "750"
      },
      "geometry": {
        "type": "LineString",
        "coordinates": [
          [
            -0.0109714,
            51.4883348
          ],
          [
            -0.0116938,
            51.4887347
          ],
          [
            -0.012786,
            51.4892798
          ],
          [
            -0.0134135,
            51.4896116
          ],
          [
            -0.0138407,
            51.4899325
          ],
          [
            -0.0146243,
            51.4905239
          ]
        ]
      },
      "id": "way/10330967"
    },
    {
      "type": "Feature",
      "properties": {
        "@id": "way/1300368226",
        "electrified": "rail",
        "frequency": "0",
        "gauge": "1435",
        "layer": "-2",
        "line": "Docklands Light Railway",
        "maxspeed": "40",
        "name": "Docklands Light Railway",
        "note": "Route guessed",
        "official_name": "Up Lewisham",
        "operator": "Keolis Amey Docklands",
        "operator:wikidata": "Q89212210",
        "railway": "light_rail",
        "railway:cbtc": "dto",
        "railway:preferred_direction": "forward",
        "railway:track_ref": "Up Lewisham",
        "tunnel": "yes",
        "voltage": "750"
      },
      "geometry": {
        "type": "LineString",
        "coordinates": [
          [
            -0.0137062,
            51.4781448
          ],
          [
            -0.0133402,
            51.4782105
          ],
          [
            -0.0129968,
            51.4782865
          ],
          [
            -0.0127585,
            51.4783523
          ],
          [
            -0.0125343,
            51.4784293
          ]
        ]
      },
      "id": "way/1300368226"
    },
    {
      "type": "Feature",
      "properties": {
        "@id": "way/1300368227",
        "electrified": "rail",
        "frequency": "0",
        "gauge": "1435",
        "layer": "-2",
        "line": "Docklands Light Railway",
        "maxspeed": "40",
        "name": "Docklands Light Railway",
        "note": "Route guessed",
        "official_name": "Down Lewisham",
        "operator": "Keolis Amey Docklands",
        "operator:wikidata": "Q89212210",
        "railway": "light_rail",
        "railway:cbtc": "dto",
        "railway:preferred_direction": "forward",
        "railway:track_ref": "Down Lewisham",
        "tunnel": "yes",
        "voltage": "750"
      },
      "geometry": {
        "type": "LineString",
        "coordinates": [
          [
            -0.012496,
            51.4783933
          ],
          [
            -0.0127246,
            51.4783231
          ],
          [
            -0.0129779,
            51.4782577
          ],
          [
            -0.0133189,
            51.4781857
          ],
          [
            -0.0136922,
            51.4781182
          ]
        ]
      },
      "id": "way/1300368227"
    },
    {
      "type": "Feature",
      "properties": {
        "@id": "way/1300368230",
        "bridge": "viaduct",
        "electrified": "rail",
        "frequency": "0",
        "gauge": "1435",
        "layer": "2",
        "line": "Docklands Light Railway",
        "maxspeed": "60",
        "name": "Docklands Light Railway",
        "official_name": "Down Lewisham",
        "operator": "Keolis Amey Docklands",
        "operator:wikidata": "Q89212210",
        "railway": "light_rail",
        "railway:cbtc": "dto",
        "railway:preferred_direction": "forward",
        "railway:track_ref": "Down Lewisham",
        "voltage": "750"
      },
      "geometry": {
        "type": "LineString",
        "coordinates": [
          [
            -0.0169079,
            51.4779622
          ],
          [
            -0.0172369,
            51.4779431
          ],
          [
            -0.0175123,
            51.4779253
          ],
          [
            -0.0177022,
            51.4779062
          ],
          [
            -0.0178696,
            51.4778826
          ],
          [
            -0.0180219,
            51.4778552
          ],
          [
            -0.0182564,
            51.4778002
          ],
          [
            -0.0184878,
            51.4777312
          ],
          [
            -0.018581,
            51.4776976
          ],
          [
            -0.0186772,
            51.4776602
          ],
          [
            -0.0188181,
            51.4775979
          ],
          [
            -0.0188999,
            51.4775586
          ],
          [
            -0.0189773,
            51.4775169
          ],
          [
            -0.0191196,
            51.4774323
          ],
          [
            -0.0192318,
            51.4773578
          ],
          [
            -0.0193594,
            51.4772594
          ],
          [
            -0.0197256,
            51.4769388
          ],
          [
            -0.0198409,
            51.476848
          ],
          [
            -0.0199651,
            51.4767609
          ],
          [
            -0.0201353,
            51.476664
          ],
          [
            -0.0203008,
            51.4765837
          ],
          [
            -0.020536,
            51.4764886
          ],
          [
            -0.0208176,
            51.4764023
          ],
          [
            -0.021059,
            51.4763474
          ],
          [
            -0.0215469,
            51.4762623
          ],
          [
            -0.0217889,
            51.4762147
          ]
        ]
      },
      "id": "way/1300368230"
    },
    {
      "type": "Feature",
      "properties": {
        "@id": "way/1300368231",
        "bridge": "viaduct",
        "electrified": "rail",
        "frequency": "0",
        "gauge": "1435",
        "layer": "2",
        "line": "Docklands Light Railway",
        "maxspeed": "60",
        "name": "Docklands Light Railway",
        "official_name": "Up Lewisham",
        "operator": "Keolis Amey Docklands",
        "operator:wikidata": "Q89212210",
        "railway": "light_rail",
        "railway:cbtc": "dto",
        "railway:preferred_direction": "forward",
        "railway:track_ref": "Up Lewisham",
        "voltage": "750"
      },
      "geometry": {
        "type": "LineString",
        "coordinates": [
          [
            -0.0218063,
            51.476247
          ],
          [
            -0.021564,
            51.4762944
          ],
          [
            -0.0210713,
            51.4763811
          ],
          [
            -0.0208366,
            51.4764345
          ],
          [
            -0.0205627,
            51.4765158
          ],
          [
            -0.0203354,
            51.4766076
          ],
          [
            -0.0201747,
            51.4766841
          ],
          [
            -0.0200045,
            51.4767851
          ],
          [
            -0.0198869,
            51.4768672
          ],
          [
            -0.0197745,
            51.4769549
          ],
          [
            -0.0194028,
            51.4772768
          ],
          [
            -0.0192698,
            51.4773811
          ],
          [
            -0.0191449,
            51.4774641
          ],
          [
            -0.0190101,
            51.4775429
          ],
          [
            -0.018932,
            51.4775843
          ],
          [
            -0.0188533,
            51.4776233
          ],
          [
            -0.0187061,
            51.4776876
          ],
          [
            -0.0186112,
            51.4777248
          ],
          [
            -0.0185117,
            51.4777609
          ],
          [
            -0.0183227,
            51.4778192
          ],
          [
            -0.0182912,
            51.4778292
          ],
          [
            -0.018048,
            51.4778862
          ],
          [
            -0.0178856,
            51.4779147
          ],
          [
            -0.01771,
            51.4779384
          ],
          [
            -0.0175177,
            51.4779581
          ],
          [
            -0.0172378,
            51.4779765
          ],
          [
            -0.0169096,
            51.4779941
          ]
        ]
      },
      "id": "way/1300368231"
    },
    {
      "type": "Feature",
      "properties": {
        "@id": "way/4005750",
        "electrified": "rail",
        "frequency": "0",
        "gauge": "1435",
        "layer": "-2",
        "line": "Docklands Light Railway",
        "maxspeed": "55",
        "name": "Docklands Light Railway",
        "note": "Route guessed",
        "official_name": "Up Lewisham",
        "operator": "Keolis Amey Docklands",
        "operator:wikidata": "Q89212210",
        "railway": "light_rail",
        "railway:cbtc": "dto",
        "railway:preferred_direction": "forward",
        "railway:track_ref": "Up Lewisham",
        "tunnel": "yes",
        "voltage": "750"
      },
      "geometry": {
        "type": "LineString",
        "coordinates": [
          [
            -0.0125343,
            51.4784293
          ],
          [
            -0.0122912,
            51.4785359
          ],
          [
            -0.0121517,
            51.478603
          ],
          [
            -0.0119157,
            51.4787126
          ],
          [
            -0.0116709,
            51.4788398
          ],
          [
            -0.0112148,
            51.4791335
          ],
          [
            -0.0110256,
            51.4792824
          ],
          [
            -0.0108983,
            51.4794225
          ],
          [
            -0.0107965,
            51.4795659
          ],
          [
            -0.0107387,
            51.4796676
          ],
          [
            -0.0106036,
            51.4799381
          ],
          [
            -0.0105678,
            51.4801027
          ],
          [
            -0.010559,
            51.4803664
          ],
          [
            -0.0105806,
            51.4805327
          ],
          [
            -0.0106476,
            51.4808647
          ]
        ]
      },
      "id": "way/4005750"
    },
    {
      "type": "Feature",
      "properties": {
        "@id": "way/170167850",
        "electrified": "rail",
        "frequency": "0",
        "gauge": "1435",
        "layer": "-2",
        "line": "Docklands Light Railway",
        "maxspeed": "55",
        "name": "Docklands Light Railway",
        "note": "Route guessed",
        "official_name": "Down Lewisham",
        "operator": "Keolis Amey Docklands",
        "operator:wikidata": "Q89212210",
        "railway": "light_rail",
        "railway:cbtc": "dto",
        "railway:preferred_direction": "forward",
        "railway:track_ref": "Down Lewisham",
        "tunnel": "yes",
        "voltage": "750"
      },
      "geometry": {
        "type": "LineString",
        "coordinates": [
          [
            -0.0104435,
            51.4808686
          ],
          [
            -0.0103867,
            51.4806038
          ],
          [
            -0.0103462,
            51.480339
          ],
          [
            -0.0103505,
            51.480027
          ],
          [
            -0.0103881,
            51.4798559
          ],
          [
            -0.0104554,
            51.4797072
          ],
          [
            -0.0106866,
            51.4794012
          ],
          [
            -0.0108558,
            51.4792219
          ],
          [
            -0.0110641,
            51.4790711
          ],
          [
            -0.011266,
            51.4789517
          ],
          [
            -0.0115921,
            51.4787725
          ],
          [
            -0.0118194,
            51.4786678
          ],
          [
            -0.0120503,
            51.4785735
          ],
          [
            -0.0122376,
            51.4784958
          ],
          [
            -0.012496,
            51.4783933
          ]
        ]
      },
      "id": "way/170167850"
    },
    {
      "type": "Feature",
      "properties": {
        "@id": "way/1300368224",
        "electrified": "rail",
        "frequency": "0",
        "gauge": "1435",
        "layer": "-2",
        "line": "Docklands Light Railway",
        "maxspeed": "50",
        "name": "Docklands Light Railway",
        "note": "Route guessed",
        "official_name": "Down Lewisham",
        "operator": "Keolis Amey Docklands",
        "operator:wikidata": "Q89212210",
        "railway": "light_rail",
        "railway:cbtc": "dto",
        "railway:preferred_direction": "forward",
        "railway:track_ref": "Down Lewisham",
        "tunnel": "yes",
        "voltage": "750"
      },
      "geometry": {
        "type": "LineString",
        "coordinates": [
          [
            -0.0106459,
            51.4817118
          ],
          [
            -0.0104435,
            51.4808686
          ]
        ]
      },
      "id": "way/1300368224"
    },
    {
      "type": "Feature",
      "properties": {
        "@id": "way/1300368225",
        "electrified": "rail",
        "frequency": "0",
        "gauge": "1435",
        "layer": "-2",
        "line": "Docklands Light Railway",
        "maxspeed": "50",
        "name": "Docklands Light Railway",
        "note": "Route guessed",
        "official_name": "Up Lewisham",
        "operator": "Keolis Amey Docklands",
        "operator:wikidata": "Q89212210",
        "railway": "light_rail",
        "railway:cbtc": "dto",
        "railway:preferred_direction": "forward",
        "railway:track_ref": "Up Lewisham",
        "tunnel": "yes",
        "voltage": "750"
      },
      "geometry": {
        "type": "LineString",
        "coordinates": [
          [
            -0.0106476,
            51.4808647
          ],
          [
            -0.0108475,
            51.4816561
          ],
          [
            -0.0108866,
            51.4818055
          ]
        ]
      },
      "id": "way/1300368225"
    },
    {
      "type": "Feature",
      "properties": {
        "@id": "way/1300368216",
        "electrified": "rail",
        "frequency": "0",
        "gauge": "1435",
        "layer": "-1",
        "line": "Docklands Light Railway",
        "maxspeed": "50",
        "name": "Docklands Light Railway",
        "official_name": "Down Lewisham",
        "operator": "Keolis Amey Docklands",
        "operator:wikidata": "Q89212210",
        "railway": "light_rail",
        "railway:cbtc": "dto",
        "railway:preferred_direction": "forward",
        "railway:track_ref": "Down Lewisham",
        "tunnel": "yes",
        "voltage": "750"
      },
      "geometry": {
        "type": "LineString",
        "coordinates": [
          [
            -0.0109139,
            51.4883731
          ],
          [
            -0.0103151,
            51.4880046
          ],
          [
            -0.0102353,
            51.4879547
          ]
        ]
      },
      "id": "way/1300368216"
    },
    {
      "type": "Feature",
      "properties": {
        "@id": "way/1300368222",
        "electrified": "rail",
        "frequency": "0",
        "gauge": "1435",
        "layer": "-2",
        "line": "Docklands Light Railway",
        "maxspeed": "50",
        "name": "Docklands Light Railway",
        "note": "Route guessed",
        "official_name": "Down Lewisham",
        "operator": "Keolis Amey Docklands",
        "operator:wikidata": "Q89212210",
        "railway": "light_rail",
        "railway:cbtc": "dto",
        "railway:preferred_direction": "forward",
        "railway:track_ref": "Down Lewisham",
        "tunnel": "yes",
        "voltage": "750",
        "wikidata": "Q107420091"
      },
      "geometry": {
        "type": "LineString",
        "coordinates": [
          [
            -0.0108316,
            51.4824609
          ],
          [
            -0.010737,
            51.4820804
          ],
          [
            -0.0106459,
            51.4817118
          ]
        ]
      },
      "id": "way/1300368222"
    },
    {
      "type": "Feature",
      "properties": {
        "@id": "way/1300368223",
        "electrified": "rail",
        "frequency": "0",
        "gauge": "1435",
        "layer": "-2",
        "line": "Docklands Light Railway",
        "maxspeed": "50",
        "name": "Docklands Light Railway",
        "note": "Route guessed",
        "official_name": "Up Lewisham",
        "operator": "Keolis Amey Docklands",
        "operator:wikidata": "Q89212210",
        "railway": "light_rail",
        "railway:cbtc": "dto",
        "railway:preferred_direction": "forward",
        "railway:track_ref": "Up Lewisham",
        "tunnel": "yes",
        "voltage": "750",
        "wikidata": "Q107420091"
      },
      "geometry": {
        "type": "LineString",
        "coordinates": [
          [
            -0.0108866,
            51.4818055
          ],
          [
            -0.0109574,
            51.4820785
          ],
          [
            -0.0110295,
            51.4824648
          ]
        ]
      },
      "id": "way/1300368223"
    },
    {
      "type": "Feature",
      "properties": {
        "@id": "way/4005749",
        "electrified": "rail",
        "frequency": "0",
        "gauge": "1435",
        "layer": "-2",
        "line": "Docklands Light Railway",
        "maxspeed": "80",
        "name": "Docklands Light Railway",
        "note": "Route guessed",
        "official_name": "Up Lewisham",
        "operator": "Keolis Amey Docklands",
        "operator:wikidata": "Q89212210",
        "railway": "light_rail",
        "railway:cbtc": "dto",
        "railway:preferred_direction": "forward",
        "railway:track_ref": "Up Lewisham",
        "tunnel": "yes",
        "voltage": "750",
        "wikidata": "Q107420091"
      },
      "geometry": {
        "type": "LineString",
        "coordinates": [
          [
            -0.0108899,
            51.4834807
          ],
          [
            -0.0107597,
            51.4838695
          ],
          [
            -0.0103419,
            51.4849018
          ],
          [
            -0.0100506,
            51.4856276
          ],
          [
            -0.0098384,
            51.4862156
          ],
          [
            -0.0096927,
            51.4866058
          ],
          [
            -0.0096339,
            51.4868918
          ]
        ]
      },
      "id": "way/4005749"
    },
    {
      "type": "Feature",
      "properties": {
        "@id": "way/365779357",
        "electrified": "rail",
        "frequency": "0",
        "gauge": "1435",
        "layer": "-2",
        "line": "Docklands Light Railway",
        "maxspeed": "80",
        "name": "Docklands Light Railway",
        "note": "Route guessed",
        "official_name": "Down Lewisham",
        "operator": "Keolis Amey Docklands",
        "operator:wikidata": "Q89212210",
        "railway": "light_rail",
        "railway:cbtc": "dto",
        "railway:preferred_direction": "forward",
        "railway:track_ref": "Down Lewisham",
        "tunnel": "yes",
        "voltage": "750",
        "wikidata": "Q107420091"
      },
      "geometry": {
        "type": "LineString",
        "coordinates": [
          [
            -0.009527,
            51.486817
          ],
          [
            -0.0096692,
            51.4862436
          ],
          [
            -0.0098847,
            51.4856414
          ],
          [
            -0.0101944,
            51.4848444
          ],
          [
            -0.0105789,
            51.4838471
          ],
          [
            -0.0107466,
            51.4834673
          ]
        ]
      },
      "id": "way/365779357"
    },
    {
      "type": "Feature",
      "properties": {
        "@id": "way/1300368217",
        "electrified": "rail",
        "frequency": "0",
        "gauge": "1435",
        "layer": "-1",
        "line": "Docklands Light Railway",
        "maxspeed": "50",
        "name": "Docklands Light Railway",
        "official_name": "Up Lewisham",
        "operator": "Keolis Amey Docklands",
        "operator:wikidata": "Q89212210",
        "railway": "light_rail",
        "railway:cbtc": "dto",
        "railway:preferred_direction": "forward",
        "railway:track_ref": "Up Lewisham",
        "tunnel": "yes",
        "voltage": "750"
      },
      "geometry": {
        "type": "LineString",
        "coordinates": [
          [
            -0.0102983,
            51.4879146
          ],
          [
            -0.0107018,
            51.4881617
          ],
          [
            -0.0109714,
            51.4883348
          ]
        ]
      },
      "id": "way/1300368217"
    },
    {
      "type": "Feature",
      "properties": {
        "@id": "way/1300368218",
        "electrified": "rail",
        "frequency": "0",
        "gauge": "1435",
        "layer": "-2",
        "line": "Docklands Light Railway",
        "maxspeed": "55",
        "name": "Docklands Light Railway",
        "note": "Route guessed",
        "official_name": "Down Lewisham",
        "operator": "Keolis Amey Docklands",
        "operator:wikidata": "Q89212210",
        "railway": "light_rail",
        "railway:cbtc": "dto",
        "railway:preferred_direction": "forward",
        "railway:track_ref": "Down Lewisham",
        "tunnel": "yes",
        "voltage": "750",
        "wikidata": "Q107420091"
      },
      "geometry": {
        "type": "LineString",
        "coordinates": [
          [
            -0.0102353,
            51.4879547
          ],
          [
            -0.0099132,
            51.4876828
          ],
          [
            -0.0097513,
            51.4875005
          ],
          [
            -0.0096782,
            51.4873983
          ],
          [
            -0.0096248,
            51.4872841
          ],
          [
            -0.0095855,
            51.487143
          ],
          [
            -0.0095501,
            51.4869498
          ],
          [
            -0.009527,
            51.486817
          ]
        ]
      },
      "id": "way/1300368218"
    },
    {
      "type": "Feature",
      "properties": {
        "@id": "way/1300368219",
        "electrified": "rail",
        "frequency": "0",
        "gauge": "1435",
        "layer": "-2",
        "line": "Docklands Light Railway",
        "maxspeed": "55",
        "name": "Docklands Light Railway",
        "note": "Route guessed",
        "official_name": "Up Lewisham",
        "operator": "Keolis Amey Docklands",
        "operator:wikidata": "Q89212210",
        "railway": "light_rail",
        "railway:cbtc": "dto",
        "railway:preferred_direction": "forward",
        "railway:track_ref": "Up Lewisham",
        "tunnel": "yes",
        "voltage": "750",
        "wikidata": "Q107420091"
      },
      "geometry": {
        "type": "LineString",
        "coordinates": [
          [
            -0.0096339,
            51.4868918
          ],
          [
            -0.0096865,
            51.4871017
          ],
          [
            -0.0097366,
            51.4872934
          ],
          [
            -0.0098099,
            51.4874131
          ],
          [
            -0.0099087,
            51.4875595
          ],
          [
            -0.0102983,
            51.4879146
          ]
        ]
      },
      "id": "way/1300368219"
    },
    {
      "type": "Feature",
      "properties": {
        "@id": "way/1300368220",
        "electrified": "rail",
        "frequency": "0",
        "gauge": "1435",
        "layer": "-2",
        "line": "Docklands Light Railway",
        "maxspeed": "75",
        "name": "Docklands Light Railway",
        "note": "Route guessed",
        "official_name": "Down Lewisham",
        "operator": "Keolis Amey Docklands",
        "operator:wikidata": "Q89212210",
        "railway": "light_rail",
        "railway:cbtc": "dto",
        "railway:preferred_direction": "forward",
        "railway:track_ref": "Down Lewisham",
        "tunnel": "yes",
        "voltage": "750",
        "wikidata": "Q107420091"
      },
      "geometry": {
        "type": "LineString",
        "coordinates": [
          [
            -0.0107466,
            51.4834673
          ],
          [
            -0.0108428,
            51.4830261
          ],
          [
            -0.0108316,
            51.4824609
          ]
        ]
      },
      "id": "way/1300368220"
    },
    {
      "type": "Feature",
      "properties": {
        "@id": "way/1300368221",
        "electrified": "rail",
        "frequency": "0",
        "gauge": "1435",
        "layer": "-2",
        "line": "Docklands Light Railway",
        "maxspeed": "75",
        "name": "Docklands Light Railway",
        "note": "Route guessed",
        "official_name": "Up Lewisham",
        "operator": "Keolis Amey Docklands",
        "operator:wikidata": "Q89212210",
        "railway": "light_rail",
        "railway:cbtc": "dto",
        "railway:preferred_direction": "forward",
        "railway:track_ref": "Up Lewisham",
        "tunnel": "yes",
        "voltage": "750",
        "wikidata": "Q107420091"
      },
      "geometry": {
        "type": "LineString",
        "coordinates": [
          [
            -0.0110295,
            51.4824648
          ],
          [
            -0.0109841,
            51.4830768
          ],
          [
            -0.0108899,
            51.4834807
          ]
        ]
      },
      "id": "way/1300368221"
    },
    {
      "type": "Feature",
      "properties": {
        "@id": "way/4420523",
        "electrified": "rail",
        "frequency": "0",
        "gauge": "1435",
        "line": "Docklands Light Railway",
        "maxspeed": "45",
        "name": "Docklands Light Railway",
        "official_name": "Up Lewisham",
        "operator": "Keolis Amey Docklands",
        "operator:wikidata": "Q89212210",
        "railway": "light_rail",
        "railway:cbtc": "dto",
        "railway:preferred_direction": "forward",
        "railway:track_ref": "Up Lewisham",
        "voltage": "750"
      },
      "geometry": {
        "type": "LineString",
        "coordinates": [
          [
            -0.0146243,
            51.4905239
          ],
          [
            -0.0147702,
            51.4906758
          ],
          [
            -0.0148437,
            51.4907966
          ],
          [
            -0.0148864,
            51.4909191
          ],
          [
            -0.0149176,
            51.4910435
          ],
          [
            -0.0149482,
            51.4917532
          ],
          [
            -0.0149419,
            51.4917934
          ],
          [
            -0.0149505,
            51.4919797
          ],
          [
            -0.0149448,
            51.492122
          ]
        ]
      },
      "id": "way/4420523"
    },
    {
      "type": "Feature",
      "properties": {
        "@id": "way/163611863",
        "electrified": "rail",
        "frequency": "0",
        "gauge": "1435",
        "line": "Docklands Light Railway",
        "maxspeed": "30",
        "name": "Docklands Light Railway",
        "operator": "Keolis Amey Docklands",
        "operator:wikidata": "Q89212210",
        "railway": "light_rail",
        "railway:cbtc": "dto",
        "railway:preferred_direction": "forward",
        "service": "crossover",
        "voltage": "750"
      },
      "geometry": {
        "type": "LineString",
        "coordinates": [
          [
            -0.0147474,
            51.492865
          ],
          [
            -0.0147565,
            51.492965
          ],
          [
            -0.0147681,
            51.4930928
          ]
        ]
      },
      "id": "way/163611863"
    },
    {
      "type": "Feature",
      "properties": {
        "@id": "way/163611885",
        "electrified": "rail",
        "frequency": "0",
        "gauge": "1435",
        "line": "Docklands Light Railway",
        "maxspeed": "30",
        "name": "Docklands Light Railway",
        "operator": "Keolis Amey Docklands",
        "operator:wikidata": "Q89212210",
        "railway": "light_rail",
        "railway:cbtc": "dto",
        "railway:preferred_direction": "forward",
        "service": "crossover",
        "voltage": "750"
      },
      "geometry": {
        "type": "LineString",
        "coordinates": [
          [
            -0.0147132,
            51.4931027
          ],
          [
            -0.0147565,
            51.492965
          ],
          [
            -0.0147918,
            51.4928527
          ]
        ]
      },
      "id": "way/163611885"
    },
    {
      "type": "Feature",
      "properties": {
        "@id": "way/163611895",
        "electrified": "rail",
        "frequency": "0",
        "gauge": "1435",
        "line": "Docklands Light Railway",
        "maxspeed": "30",
        "name": "Docklands Light Railway",
        "operator": "Keolis Amey Docklands",
        "operator:wikidata": "Q89212210",
        "railway": "light_rail",
        "railway:bidirectional": "regular",
        "railway:cbtc": "dto",
        "railway:preferred_direction": "both",
        "service": "siding",
        "voltage": "750"
      },
      "geometry": {
        "type": "LineString",
        "coordinates": [
          [
            -0.0145317,
            51.4948561
          ],
          [
            -0.0145666,
            51.4944995
          ],
          [
            -0.0146049,
            51.4941303
          ],
          [
            -0.0146551,
            51.4936845
          ]
        ]
      },
      "id": "way/163611895"
    },
    {
      "type": "Feature",
      "properties": {
        "@id": "way/170170338",
        "electrified": "rail",
        "frequency": "0",
        "gauge": "1435",
        "line": "Docklands Light Railway",
        "maxspeed": "30",
        "name": "Docklands Light Railway",
        "operator": "Keolis Amey Docklands",
        "operator:wikidata": "Q89212210",
        "railway": "light_rail",
        "railway:bidirectional": "regular",
        "railway:cbtc": "dto",
        "railway:preferred_direction": "both",
        "service": "siding",
        "voltage": "750"
      },
      "geometry": {
        "type": "LineString",
        "coordinates": [
          [
            -0.0150887,
            51.4917545
          ],
          [
            -0.0150611,
            51.492025
          ],
          [
            -0.0150541,
            51.4920862
          ],
          [
            -0.0150142,
            51.4922698
          ],
          [
            -0.0149731,
            51.4923952
          ],
          [
            -0.0149111,
            51.492525
          ],
          [
            -0.0148396,
            51.4926564
          ],
          [
            -0.014801,
            51.4927535
          ]
        ]
      },
      "id": "way/170170338"
    },
    {
      "type": "Feature",
      "properties": {
        "@id": "way/170170601",
        "electrified": "rail",
        "frequency": "0",
        "gauge": "1435",
        "line": "Docklands Light Railway",
        "maxspeed": "65",
        "name": "Docklands Light Railway",
        "official_name": "Down Lewisham",
        "operator": "Keolis Amey Docklands",
        "operator:wikidata": "Q89212210",
        "railway": "light_rail",
        "railway:cbtc": "dto",
        "railway:preferred_direction": "forward",
        "railway:track_ref": "Down Lewisham",
        "voltage": "750"
      },
      "geometry": {
        "type": "LineString",
        "coordinates": [
          [
            -0.0144793,
            51.4945669
          ],
          [
            -0.0145095,
            51.4942955
          ],
          [
            -0.014566,
            51.4938364
          ],
          [
            -0.0145974,
            51.4937003
          ],
          [
            -0.0146364,
            51.4935408
          ],
          [
            -0.0146674,
            51.4934337
          ]
        ]
      },
      "id": "way/170170601"
    },
    {
      "type": "Feature",
      "properties": {
        "@id": "way/187272269",
        "electrified": "rail",
        "frequency": "0",
        "gauge": "1435",
        "line": "Docklands Light Railway",
        "maxspeed": "45",
        "name": "Docklands Light Railway",
        "official_name": "Down Lewisham",
        "operator": "Keolis Amey Docklands",
        "operator:wikidata": "Q89212210",
        "railway": "light_rail",
        "railway:cbtc": "dto",
        "railway:preferred_direction": "forward",
        "railway:track_ref": "Down Lewisham",
        "voltage": "750"
      },
      "geometry": {
        "type": "LineString",
        "coordinates": [
          [
            -0.0148993,
            51.492054
          ],
          [
            -0.0149073,
            51.4919058
          ],
          [
            -0.014901,
            51.4916308
          ],
          [
            -0.0148661,
            51.4911998
          ],
          [
            -0.0148579,
            51.4911292
          ],
          [
            -0.0148309,
            51.491043
          ],
          [
            -0.0147981,
            51.4908931
          ],
          [
            -0.0147537,
            51.4907875
          ],
          [
            -0.0146853,
            51.4906819
          ],
          [
            -0.0145607,
            51.4905464
          ]
        ]
      },
      "id": "way/187272269"
    },
    {
      "type": "Feature",
      "properties": {
        "@id": "way/187272279",
        "bridge": "yes",
        "electrified": "rail",
        "frequency": "0",
        "gauge": "1435",
        "layer": "1",
        "line": "Docklands Light Railway",
        "maxspeed": "65",
        "name": "Docklands Light Railway",
        "official_name": "Down Lewisham",
        "operator": "Keolis Amey Docklands",
        "operator:wikidata": "Q89212210",
        "railway": "light_rail",
        "railway:cbtc": "dto",
        "railway:preferred_direction": "forward",
        "railway:track_ref": "Down Lewisham",
        "voltage": "750"
      },
      "geometry": {
        "type": "LineString",
        "coordinates": [
          [
            -0.0146674,
            51.4934337
          ],
          [
            -0.0146831,
            51.4933429
          ]
        ]
      },
      "id": "way/187272279"
    },
    {
      "type": "Feature",
      "properties": {
        "@id": "way/187272281",
        "bridge": "yes",
        "electrified": "rail",
        "frequency": "0",
        "gauge": "1435",
        "layer": "1",
        "line": "Docklands Light Railway",
        "maxspeed": "65",
        "name": "Docklands Light Railway",
        "official_name": "Up Lewisham",
        "operator": "Keolis Amey Docklands",
        "operator:wikidata": "Q89212210",
        "railway": "light_rail",
        "railway:cbtc": "dto",
        "railway:preferred_direction": "forward",
        "railway:track_ref": "Up Lewisham",
        "voltage": "750"
      },
      "geometry": {
        "type": "LineString",
        "coordinates": [
          [
            -0.0147408,
            51.4933446
          ],
          [
            -0.0147285,
            51.4934378
          ]
        ]
      },
      "id": "way/187272281"
    },
    {
      "type": "Feature",
      "properties": {
        "@id": "way/700379734",
        "electrified": "rail",
        "frequency": "0",
        "gauge": "1435",
        "line": "Docklands Light Railway",
        "maxspeed": "30",
        "name": "Docklands Light Railway",
        "operator": "Keolis Amey Docklands",
        "operator:wikidata": "Q89212210",
        "railway": "light_rail",
        "railway:bidirectional": "regular",
        "railway:cbtc": "dto",
        "railway:preferred_direction": "both",
        "service": "siding",
        "voltage": "750"
      },
      "geometry": {
        "type": "LineString",
        "coordinates": [
          [
            -0.0150738,
            51.4909422
          ],
          [
            -0.0150804,
            51.4911065
          ],
          [
            -0.0150977,
            51.4916171
          ],
          [
            -0.0150887,
            51.4917545
          ]
        ]
      },
      "id": "way/700379734"
    },
    {
      "type": "Feature",
      "properties": {
        "@id": "way/1300368214",
        "electrified": "rail",
        "frequency": "0",
        "gauge": "1435",
        "line": "Docklands Light Railway",
        "maxspeed": "50",
        "name": "Docklands Light Railway",
        "official_name": "Down Lewisham",
        "operator": "Keolis Amey Docklands",
        "operator:wikidata": "Q89212210",
        "railway": "light_rail",
        "railway:cbtc": "dto",
        "railway:preferred_direction": "forward",
        "railway:track_ref": "Down Lewisham",
        "voltage": "750"
      },
      "geometry": {
        "type": "LineString",
        "coordinates": [
          [
            -0.0146831,
            51.4933429
          ],
          [
            -0.0147042,
            51.4931701
          ],
          [
            -0.0147132,
            51.4931027
          ],
          [
            -0.0147474,
            51.492865
          ],
          [
            -0.0147507,
            51.4927235
          ],
          [
            -0.0147777,
            51.4925655
          ],
          [
            -0.0148066,
            51.4924411
          ],
          [
            -0.0148424,
            51.4923175
          ],
          [
            -0.0148727,
            51.4922094
          ],
          [
            -0.0148993,
            51.492054
          ]
        ]
      },
      "id": "way/1300368214"
    },
    {
      "type": "Feature",
      "properties": {
        "@id": "way/1300368215",
        "electrified": "rail",
        "frequency": "0",
        "gauge": "1435",
        "line": "Docklands Light Railway",
        "maxspeed": "50",
        "name": "Docklands Light Railway",
        "official_name": "Up Lewisham",
        "operator": "Keolis Amey Docklands",
        "operator:wikidata": "Q89212210",
        "railway": "light_rail",
        "railway:cbtc": "dto",
        "railway:preferred_direction": "forward",
        "railway:track_ref": "Up Lewisham",
        "voltage": "750"
      },
      "geometry": {
        "type": "LineString",
        "coordinates": [
          [
            -0.0149448,
            51.492122
          ],
          [
            -0.0149174,
            51.4922619
          ],
          [
            -0.0148358,
            51.492538
          ],
          [
            -0.0148094,
            51.492685
          ],
          [
            -0.014801,
            51.4927535
          ],
          [
            -0.0147918,
            51.4928527
          ],
          [
            -0.0147681,
            51.4930928
          ],
          [
            -0.0147408,
            51.4933446
          ]
        ]
      },
      "id": "way/1300368215"
    },
    {
      "type": "Feature",
      "properties": {
        "@id": "way/163611859",
        "electrified": "rail",
        "frequency": "0",
        "gauge": "1435",
        "line": "Docklands Light Railway",
        "maxspeed": "30",
        "name": "Docklands Light Railway",
        "operator": "Keolis Amey Docklands",
        "operator:wikidata": "Q89212210",
        "railway": "light_rail",
        "railway:cbtc": "dto",
        "railway:preferred_direction": "forward",
        "service": "siding",
        "voltage": "750"
      },
      "geometry": {
        "type": "LineString",
        "coordinates": [
          [
            -0.0144972,
            51.495172
          ],
          [
            -0.0145199,
            51.4949988
          ],
          [
            -0.0145317,
            51.4948561
          ]
        ]
      },
      "id": "way/163611859"
    },
    {
      "type": "Feature",
      "properties": {
        "@id": "way/163611873",
        "electrified": "rail",
        "frequency": "0",
        "gauge": "1435",
        "line": "Docklands Light Railway",
        "maxspeed": "30",
        "name": "Docklands Light Railway",
        "operator": "Keolis Amey Docklands",
        "operator:wikidata": "Q89212210",
        "railway": "light_rail",
        "railway:cbtc": "dto",
        "railway:preferred_direction": "forward",
        "service": "siding",
        "voltage": "750"
      },
      "geometry": {
        "type": "LineString",
        "coordinates": [
          [
            -0.0145317,
            51.4948561
          ],
          [
            -0.0145402,
            51.4949149
          ],
          [
            -0.0145665,
            51.4949944
          ]
        ]
      },
      "id": "way/163611873"
    },
    {
      "type": "Feature",
      "properties": {
        "@id": "way/170170339",
        "electrified": "rail",
        "frequency": "0",
        "gauge": "1435",
        "layer": "-1",
        "line": "Docklands Light Railway",
        "maxspeed": "75",
        "name": "Docklands Light Railway",
        "official_name": "Down Lewisham",
        "operator": "Keolis Amey Docklands",
        "operator:wikidata": "Q89212210",
        "railway": "light_rail",
        "railway:cbtc": "dto",
        "railway:preferred_direction": "forward",
        "railway:track_ref": "Down Lewisham",
        "tunnel": "yes",
        "voltage": "750"
      },
      "geometry": {
        "type": "LineString",
        "coordinates": [
          [
            -0.0145607,
            51.4905464
          ],
          [
            -0.0137731,
            51.4899731
          ],
          [
            -0.0133272,
            51.4896522
          ],
          [
            -0.0127266,
            51.489316
          ],
          [
            -0.0116193,
            51.4887856
          ],
          [
            -0.0109139,
            51.4883731
          ]
        ]
      },
      "id": "way/170170339"
    },
    {
      "type": "Feature",
      "properties": {
        "@id": "way/187272251",
        "electrified": "rail",
        "frequency": "0",
        "gauge": "1435",
        "line": "Docklands Light Railway",
        "maxspeed": "65",
        "name": "Docklands Light Railway",
        "official_name": "Up Lewisham",
        "operator": "Keolis Amey Docklands",
        "operator:wikidata": "Q89212210",
        "railway": "light_rail",
        "railway:cbtc": "dto",
        "railway:preferred_direction": "forward",
        "railway:track_ref": "Up Lewisham",
        "voltage": "750"
      },
      "geometry": {
        "type": "LineString",
        "coordinates": [
          [
            -0.0147285,
            51.4934378
          ],
          [
            -0.014669,
            51.4939866
          ],
          [
            -0.0145962,
            51.4946084
          ],
          [
            -0.0145665,
            51.4949944
          ],
          [
            -0.0145501,
            51.4951731
          ]
        ]
      },
      "id": "way/187272251"
    },
    {
      "type": "Feature",
      "properties": {
        "@id": "way/1300368201",
        "bridge": "viaduct",
        "electrified": "rail",
        "frequency": "0",
        "gauge": "1435",
        "layer": "2",
        "line": "Docklands Light Railway",
        "maxspeed": "35",
        "name": "Docklands Light Railway",
        "official_name": "Down Lewisham",
        "operator": "Keolis Amey Docklands",
        "operator:wikidata": "Q89212210",
        "railway": "light_rail",
        "railway:cbtc": "dto",
        "railway:preferred_direction": "forward",
        "railway:track_ref": "Down Lewisham",
        "short_name": "DLR",
        "voltage": "750"
      },
      "geometry": {
        "type": "LineString",
        "coordinates": [
          [
            -0.0217875,
            51.5017962
          ],
          [
            -0.0218112,
            51.5017017
          ],
          [
            -0.0218294,
            51.5016266
          ],
          [
            -0.0218352,
            51.5015126
          ],
          [
            -0.0218202,
            51.5014458
          ],
          [
            -0.0217908,
            51.5013871
          ],
          [
            -0.0217538,
            51.5013292
          ],
          [
            -0.0216958,
            51.5012689
          ],
          [
            -0.0216125,
            51.5012055
          ],
          [
            -0.0215054,
            51.5011543
          ],
          [
            -0.0214017,
            51.501119
          ],
          [
            -0.0212538,
            51.5010827
          ],
          [
            -0.0208558,
            51.5009928
          ],
          [
            -0.0199339,
            51.5007989
          ],
          [
            -0.0195182,
            51.5007014
          ],
          [
            -0.0193878,
            51.5006796
          ],
          [
            -0.0192745,
            51.5006669
          ],
          [
            -0.0185188,
            51.5005811
          ]
        ]
      },
      "id": "way/1300368201"
    },
    {
      "type": "Feature",
      "properties": {
        "@id": "way/1300368202",
        "bridge": "viaduct",
        "electrified": "rail",
        "frequency": "0",
        "gauge": "1435",
        "layer": "2",
        "line": "Docklands Light Railway",
        "maxspeed": "35",
        "name": "Docklands Light Railway",
        "official_name": "Up Lewisham",
        "operator": "Keolis Amey Docklands",
        "operator:wikidata": "Q89212210",
        "railway": "light_rail",
        "railway:cbtc": "dto",
        "railway:preferred_direction": "forward",
        "railway:track_ref": "Up Lewisham",
        "short_name": "DLR",
        "voltage": "750"
      },
      "geometry": {
        "type": "LineString",
        "coordinates": [
          [
            -0.0185043,
            51.5005386
          ],
          [
            -0.0193136,
            51.5006284
          ],
          [
            -0.0194459,
            51.5006444
          ],
          [
            -0.0195527,
            51.5006652
          ],
          [
            -0.0202096,
            51.5008134
          ],
          [
            -0.0209293,
            51.5009708
          ],
          [
            -0.0212658,
            51.5010445
          ],
          [
            -0.0213667,
            51.5010682
          ],
          [
            -0.0214552,
            51.5010943
          ],
          [
            -0.0215498,
            51.5011288
          ],
          [
            -0.0216431,
            51.5011758
          ],
          [
            -0.0216956,
            51.5012093
          ],
          [
            -0.0217507,
            51.5012517
          ],
          [
            -0.0218137,
            51.5013162
          ],
          [
            -0.0218602,
            51.50139
          ],
          [
            -0.0218928,
            51.5015026
          ],
          [
            -0.021888,
            51.5016144
          ],
          [
            -0.0218632,
            51.5017146
          ],
          [
            -0.0218409,
            51.501809
          ]
        ]
      },
      "id": "way/1300368202"
    },
    {
      "type": "Feature",
      "properties": {
        "@id": "way/1300368213",
        "electrified": "rail",
        "frequency": "0",
        "gauge": "1435",
        "line": "Docklands Light Railway",
        "maxspeed": "45",
        "name": "Docklands Light Railway",
        "official_name": "Down Lewisham",
        "operator": "Keolis Amey Docklands",
        "operator:wikidata": "Q89212210",
        "railway": "light_rail",
        "railway:cbtc": "dto",
        "railway:preferred_direction": "forward",
        "railway:track_ref": "Down Lewisham",
        "voltage": "750"
      },
      "geometry": {
        "type": "LineString",
        "coordinates": [
          [
            -0.0144972,
            51.495172
          ],
          [
            -0.014468,
            51.494854
          ],
          [
            -0.0144793,
            51.4945669
          ]
        ]
      },
      "id": "way/1300368213"
    },
    {
      "type": "Feature",
      "properties": {
        "@id": "way/4420522",
        "bridge": "viaduct",
        "electrified": "rail",
        "frequency": "0",
        "gauge": "1435",
        "layer": "1",
        "line": "Docklands Light Railway",
        "maxspeed": "55",
        "name": "Docklands Light Railway",
        "official_name": "Up Lewisham",
        "operator": "Keolis Amey Docklands",
        "operator:wikidata": "Q89212210",
        "railway": "light_rail",
        "railway:cbtc": "dto",
        "railway:preferred_direction": "forward",
        "railway:track_ref": "Up Lewisham",
        "short_name": "DLR",
        "voltage": "750"
      },
      "geometry": {
        "type": "LineString",
        "coordinates": [
          [
            -0.014426,
            51.4963003
          ],
          [
            -0.0144106,
            51.4965121
          ],
          [
            -0.0143972,
            51.4966244
          ],
          [
            -0.0143729,
            51.4967344
          ],
          [
            -0.0143546,
            51.4968201
          ],
          [
            -0.0143235,
            51.4969059
          ],
          [
            -0.0142374,
            51.4971088
          ],
          [
            -0.014097,
            51.4974412
          ],
          [
            -0.0140375,
            51.497601
          ],
          [
            -0.0140046,
            51.4977359
          ]
        ]
      },
      "id": "way/4420522"
    },
    {
      "type": "Feature",
      "properties": {
        "@id": "way/170221170",
        "bridge": "viaduct",
        "electrified": "rail",
        "frequency": "0",
        "gauge": "1435",
        "layer": "1",
        "line": "Docklands Light Railway",
        "maxspeed": "55",
        "name": "Docklands Light Railway",
        "official_name": "Down Lewisham",
        "operator": "Keolis Amey Docklands",
        "operator:wikidata": "Q89212210",
        "railway": "light_rail",
        "railway:cbtc": "dto",
        "railway:preferred_direction": "forward",
        "railway:track_ref": "Down Lewisham",
        "short_name": "DLR",
        "voltage": "750"
      },
      "geometry": {
        "type": "LineString",
        "coordinates": [
          [
            -0.0139384,
            51.4977484
          ],
          [
            -0.0139668,
            51.4976433
          ],
          [
            -0.0139988,
            51.4975316
          ],
          [
            -0.0140409,
            51.4974269
          ],
          [
            -0.0142017,
            51.4970735
          ],
          [
            -0.0142809,
            51.4968678
          ],
          [
            -0.0143211,
            51.4967278
          ],
          [
            -0.0143475,
            51.4965925
          ],
          [
            -0.0143713,
            51.4964134
          ]
        ]
      },
      "id": "way/170221170"
    },
    {
      "type": "Feature",
      "properties": {
        "@id": "way/1300368203",
        "bridge": "viaduct",
        "electrified": "rail",
        "frequency": "0",
        "gauge": "1435",
        "layer": "2",
        "line": "Docklands Light Railway",
        "maxspeed": "30",
        "name": "Docklands Light Railway",
        "official_name": "Down Lewisham",
        "operator": "Keolis Amey Docklands",
        "operator:wikidata": "Q89212210",
        "railway": "light_rail",
        "railway:cbtc": "dto",
        "railway:preferred_direction": "forward",
        "railway:track_ref": "Down Lewisham",
        "short_name": "DLR",
        "voltage": "750"
      },
      "geometry": {
        "type": "LineString",
        "coordinates": [
          [
            -0.0185188,
            51.5005811
          ],
          [
            -0.0184004,
            51.5005618
          ],
          [
            -0.0182801,
            51.5005328
          ],
          [
            -0.0181578,
            51.5004917
          ],
          [
            -0.0180755,
            51.5004531
          ],
          [
            -0.0177779,
            51.5002875
          ],
          [
            -0.0176787,
            51.5002433
          ],
          [
            -0.0175907,
            51.500218
          ],
          [
            -0.0174746,
            51.5001927
          ],
          [
            -0.0172773,
            51.5001661
          ]
        ]
      },
      "id": "way/1300368203"
    },
    {
      "type": "Feature",
      "properties": {
        "@id": "way/1300368204",
        "bridge": "viaduct",
        "electrified": "rail",
        "frequency": "0",
        "gauge": "1435",
        "layer": "2",
        "line": "Docklands Light Railway",
        "maxspeed": "30",
        "name": "Docklands Light Railway",
        "official_name": "Up Lewisham",
        "operator": "Keolis Amey Docklands",
        "operator:wikidata": "Q89212210",
        "railway": "light_rail",
        "railway:cbtc": "dto",
        "railway:preferred_direction": "forward",
        "railway:track_ref": "Up Lewisham",
        "short_name": "DLR",
        "voltage": "750"
      },
      "geometry": {
        "type": "LineString",
        "coordinates": [
          [
            -0.0174238,
            51.5001467
          ],
          [
            -0.0175642,
            51.5001729
          ],
          [
            -0.0176667,
            51.5001982
          ],
          [
            -0.0177453,
            51.5002226
          ],
          [
            -0.017859,
            51.5002776
          ],
          [
            -0.018121,
            51.5004251
          ],
          [
            -0.0181927,
            51.5004604
          ],
          [
            -0.0182786,
            51.5004925
          ],
          [
            -0.0183816,
            51.5005192
          ],
          [
            -0.0185043,
            51.5005386
          ]
        ]
      },
      "id": "way/1300368204"
    },
    {
      "type": "Feature",
      "properties": {
        "@id": "way/1300368205",
        "bridge": "viaduct",
        "electrified": "rail",
        "frequency": "0",
        "gauge": "1435",
        "layer": "2",
        "line": "Docklands Light Railway",
        "maxspeed": "50",
        "name": "Docklands Light Railway",
        "official_name": "Up Lewisham",
        "operator": "Keolis Amey Docklands",
        "operator:wikidata": "Q89212210",
        "railway": "light_rail",
        "railway:cbtc": "dto",
        "railway:preferred_direction": "forward",
        "railway:track_ref": "Up Lewisham",
        "short_name": "DLR",
        "voltage": "750"
      },
      "geometry": {
        "type": "LineString",
        "coordinates": [
          [
            -0.0144461,
            51.4998078
          ],
          [
            -0.0153336,
            51.4999091
          ],
          [
            -0.0157791,
            51.4999627
          ],
          [
            -0.0167577,
            51.5000731
          ],
          [
            -0.0170003,
            51.5000992
          ],
          [
            -0.0174238,
            51.5001467
          ]
        ]
      },
      "id": "way/1300368205"
    },
    {
      "type": "Feature",
      "properties": {
        "@id": "way/1300368206",
        "bridge": "viaduct",
        "electrified": "rail",
        "frequency": "0",
        "gauge": "1435",
        "layer": "2",
        "line": "Docklands Light Railway",
        "maxspeed": "50",
        "name": "Docklands Light Railway",
        "official_name": "Down Lewisham",
        "operator": "Keolis Amey Docklands",
        "operator:wikidata": "Q89212210",
        "railway": "light_rail",
        "railway:cbtc": "dto",
        "railway:preferred_direction": "forward",
        "railway:track_ref": "Down Lewisham",
        "short_name": "DLR",
        "voltage": "750"
      },
      "geometry": {
        "type": "LineString",
        "coordinates": [
          [
            -0.0172773,
            51.5001661
          ],
          [
            -0.0168974,
            51.5001232
          ],
          [
            -0.015949,
            51.5000189
          ],
          [
            -0.015312,
            51.4999417
          ],
          [
            -0.0145803,
            51.4998609
          ]
        ]
      },
      "id": "way/1300368206"
    },
    {
      "type": "Feature",
      "properties": {
        "@id": "way/1300368207",
        "bridge": "viaduct",
        "electrified": "rail",
        "frequency": "0",
        "gauge": "1435",
        "layer": "2",
        "line": "Docklands Light Railway",
        "maxspeed": "35",
        "name": "Docklands Light Railway",
        "official_name": "Down Lewisham",
        "operator": "Keolis Amey Docklands",
        "operator:wikidata": "Q89212210",
        "railway": "light_rail",
        "railway:cbtc": "dto",
        "railway:preferred_direction": "forward",
        "railway:track_ref": "Down Lewisham",
        "short_name": "DLR",
        "voltage": "750"
      },
      "geometry": {
        "type": "LineString",
        "coordinates": [
          [
            -0.0145803,
            51.4998609
          ],
          [
            -0.0143503,
            51.4998294
          ],
          [
            -0.0142545,
            51.4998097
          ],
          [
            -0.0141564,
            51.4997823
          ],
          [
            -0.0140459,
            51.4997381
          ],
          [
            -0.0139625,
            51.4996911
          ],
          [
            -0.013905,
            51.4996497
          ],
          [
            -0.0138543,
            51.4996034
          ],
          [
            -0.0137787,
            51.4995241
          ],
          [
            -0.0137359,
            51.499456
          ],
          [
            -0.0137156,
            51.4993949
          ],
          [
            -0.01371,
            51.4993156
          ],
          [
            -0.0137122,
            51.4992609
          ],
          [
            -0.0137234,
            51.4991165
          ]
        ]
      },
      "id": "way/1300368207"
    },
    {
      "type": "Feature",
      "properties": {
        "@id": "way/1300368208",
        "bridge": "viaduct",
        "electrified": "rail",
        "frequency": "0",
        "gauge": "1435",
        "layer": "2",
        "line": "Docklands Light Railway",
        "maxspeed": "35",
        "name": "Docklands Light Railway",
        "official_name": "Up Lewisham",
        "operator": "Keolis Amey Docklands",
        "operator:wikidata": "Q89212210",
        "railway": "light_rail",
        "railway:cbtc": "dto",
        "railway:preferred_direction": "forward",
        "railway:track_ref": "Up Lewisham",
        "short_name": "DLR",
        "voltage": "750"
      },
      "geometry": {
        "type": "LineString",
        "coordinates": [
          [
            -0.0137692,
            51.4992646
          ],
          [
            -0.0137741,
            51.499338
          ],
          [
            -0.0137888,
            51.4994086
          ],
          [
            -0.0138322,
            51.4994971
          ],
          [
            -0.0138967,
            51.4995745
          ],
          [
            -0.013976,
            51.4996441
          ],
          [
            -0.0140695,
            51.499701
          ],
          [
            -0.0141866,
            51.4997481
          ],
          [
            -0.0143125,
            51.4997814
          ],
          [
            -0.0144461,
            51.4998078
          ]
        ]
      },
      "id": "way/1300368208"
    },
    {
      "type": "Feature",
      "properties": {
        "@id": "way/1300368209",
        "bridge": "viaduct",
        "electrified": "rail",
        "frequency": "0",
        "gauge": "1435",
        "layer": "2",
        "line": "Docklands Light Railway",
        "maxspeed": "60",
        "name": "Docklands Light Railway",
        "official_name": "Up Lewisham",
        "operator": "Keolis Amey Docklands",
        "operator:wikidata": "Q89212210",
        "railway": "light_rail",
        "railway:cbtc": "dto",
        "railway:preferred_direction": "forward",
        "railway:track_ref": "Up Lewisham",
        "short_name": "DLR",
        "voltage": "750"
      },
      "geometry": {
        "type": "LineString",
        "coordinates": [
          [
            -0.0140046,
            51.4977359
          ],
          [
            -0.0139427,
            51.4981125
          ],
          [
            -0.0138474,
            51.4987186
          ],
          [
            -0.0137692,
            51.4992646
          ]
        ]
      },
      "id": "way/1300368209"
    },
    {
      "type": "Feature",
      "properties": {
        "@id": "way/1300368210",
        "bridge": "viaduct",
        "electrified": "rail",
        "frequency": "0",
        "gauge": "1435",
        "layer": "2",
        "line": "Docklands Light Railway",
        "maxspeed": "60",
        "name": "Docklands Light Railway",
        "official_name": "Down Lewisham",
        "operator": "Keolis Amey Docklands",
        "operator:wikidata": "Q89212210",
        "railway": "light_rail",
        "railway:cbtc": "dto",
        "railway:preferred_direction": "forward",
        "railway:track_ref": "Down Lewisham",
        "short_name": "DLR",
        "voltage": "750"
      },
      "geometry": {
        "type": "LineString",
        "coordinates": [
          [
            -0.0137234,
            51.4991165
          ],
          [
            -0.0139384,
            51.4977484
          ]
        ]
      },
      "id": "way/1300368210"
    },
    {
      "type": "Feature",
      "properties": {
        "@id": "way/1300368211",
        "bridge": "viaduct",
        "electrified": "rail",
        "frequency": "0",
        "gauge": "1435",
        "layer": "1",
        "line": "Docklands Light Railway",
        "maxspeed": "50",
        "name": "Docklands Light Railway",
        "official_name": "Down Lewisham",
        "operator": "Keolis Amey Docklands",
        "operator:wikidata": "Q89212210",
        "railway": "light_rail",
        "railway:cbtc": "dto",
        "railway:preferred_direction": "forward",
        "railway:track_ref": "Down Lewisham",
        "short_name": "DLR",
        "voltage": "750"
      },
      "geometry": {
        "type": "LineString",
        "coordinates": [
          [
            -0.0143713,
            51.4964134
          ],
          [
            -0.0144052,
            51.4960888
          ],
          [
            -0.0144301,
            51.4957887
          ],
          [
            -0.0144407,
            51.4956614
          ],
          [
            -0.0144536,
            51.4955243
          ],
          [
            -0.0144972,
            51.495172
          ]
        ]
      },
      "id": "way/1300368211"
    },
    {
      "type": "Feature",
      "properties": {
        "@id": "way/1300368212",
        "bridge": "viaduct",
        "electrified": "rail",
        "frequency": "0",
        "gauge": "1435",
        "layer": "1",
        "line": "Docklands Light Railway",
        "maxspeed": "50",
        "name": "Docklands Light Railway",
        "official_name": "Up Lewisham",
        "operator": "Keolis Amey Docklands",
        "operator:wikidata": "Q89212210",
        "railway": "light_rail",
        "railway:cbtc": "dto",
        "railway:preferred_direction": "forward",
        "railway:track_ref": "Up Lewisham",
        "short_name": "DLR",
        "voltage": "750"
      },
      "geometry": {
        "type": "LineString",
        "coordinates": [
          [
            -0.0145501,
            51.4951731
          ],
          [
            -0.0145478,
            51.4951918
          ],
          [
            -0.014432,
            51.4961768
          ],
          [
            -0.014426,
            51.4963003
          ]
        ]
      },
      "id": "way/1300368212"
    },
    {
      "type": "Feature",
      "properties": {
        "@id": "way/147563200",
        "electrified": "rail",
        "frequency": "0",
        "gauge": "1435",
        "layer": "-2",
        "line": "Docklands Light Railway",
        "maxspeed": "60",
        "name": "Docklands Light Railway",
        "operator": "Keolis Amey Docklands",
        "operator:wikidata": "Q89212210",
        "railway": "light_rail",
        "railway:cbtc": "dto",
        "railway:preferred_direction": "forward",
        "tunnel": "yes",
        "voltage": "750"
      },
      "geometry": {
        "type": "LineString",
        "coordinates": [
          [
            -0.0865663,
            51.5108074
          ],
          [
            -0.0864755,
            51.5107873
          ],
          [
            -0.0862381,
            51.5107457
          ],
          [
            -0.0858606,
            51.5106819
          ],
          [
            -0.0854911,
            51.5106399
          ],
          [
            -0.0843155,
            51.5106127
          ],
          [
            -0.0833037,
            51.5105027
          ],
          [
            -0.082557,
            51.5102997
          ],
          [
            -0.0804641,
            51.5095825
          ],
          [
            -0.0789733,
            51.5094417
          ],
          [
            -0.0787574,
            51.5094227
          ],
          [
            -0.078422,
            51.509409
          ],
          [
            -0.0776513,
            51.5093493
          ],
          [
            -0.0769777,
            51.5093712
          ],
          [
            -0.0762622,
            51.5094467
          ],
          [
            -0.0751067,
            51.5096463
          ],
          [
            -0.0745292,
            51.5097879
          ],
          [
            -0.0737565,
            51.5099729
          ],
          [
            -0.0724014,
            51.510368
          ]
        ]
      },
      "id": "way/147563200"
    },
    {
      "type": "Feature",
      "properties": {
        "@id": "way/308900858",
        "electrified": "rail",
        "frequency": "0",
        "gauge": "1435",
        "layer": "-6",
        "line": "Docklands Light Railway",
        "maxspeed": "50",
        "name": "Docklands Light Railway",
        "operator": "Keolis Amey Docklands",
        "operator:wikidata": "Q89212210",
        "railway": "light_rail",
        "railway:bidirectional": "regular",
        "railway:cbtc": "dto",
        "railway:preferred_direction": "both",
        "service": "siding",
        "tunnel": "yes",
        "voltage": "750"
      },
      "geometry": {
        "type": "LineString",
        "coordinates": [
          [
            -0.0887158,
            51.5129938
          ],
          [
            -0.0891768,
            51.5137287
          ],
          [
            -0.0898844,
            51.514687
          ]
        ]
      },
      "id": "way/308900858"
    },
    {
      "type": "Feature",
      "properties": {
        "@id": "way/684964772",
        "electrified": "rail",
        "frequency": "0",
        "gauge": "1435",
        "layer": "-2",
        "line": "Docklands Light Railway",
        "maxspeed": "60",
        "name": "Docklands Light Railway",
        "operator": "Keolis Amey Docklands",
        "operator:wikidata": "Q89212210",
        "railway": "light_rail",
        "railway:cbtc": "dto",
        "railway:preferred_direction": "forward",
        "tunnel": "yes",
        "voltage": "750"
      },
      "geometry": {
        "type": "LineString",
        "coordinates": [
          [
            -0.0723609,
            51.510309
          ],
          [
            -0.0737162,
            51.509914
          ],
          [
            -0.0744919,
            51.5097283
          ],
          [
            -0.075074,
            51.5095856
          ],
          [
            -0.0762197,
            51.5093877
          ],
          [
            -0.0769683,
            51.5093075
          ],
          [
            -0.077655,
            51.5092851
          ],
          [
            -0.0784317,
            51.5093453
          ],
          [
            -0.078768,
            51.509359
          ],
          [
            -0.0789882,
            51.5093784
          ],
          [
            -0.0804976,
            51.509521
          ],
          [
            -0.0826024,
            51.5102423
          ],
          [
            -0.0833335,
            51.510441
          ],
          [
            -0.0843263,
            51.510549
          ],
          [
            -0.0855023,
            51.5105762
          ],
          [
            -0.0858833,
            51.5106195
          ],
          [
            -0.0862655,
            51.5106841
          ],
          [
            -0.0865067,
            51.5107263
          ],
          [
            -0.0866096,
            51.5107506
          ]
        ]
      },
      "id": "way/684964772"
    },
    {
      "type": "Feature",
      "properties": {
        "@id": "way/308900853",
        "electrified": "rail",
        "frequency": "0",
        "gauge": "1435",
        "layer": "-6",
        "level": "-6",
        "line": "Docklands Light Railway",
        "maxspeed": "50",
        "name": "Docklands Light Railway",
        "operator": "Keolis Amey Docklands",
        "operator:wikidata": "Q89212210",
        "railway": "light_rail",
        "railway:cbtc": "dto",
        "railway:preferred_direction": "forward",
        "tunnel": "yes",
        "voltage": "750"
      },
      "geometry": {
        "type": "LineString",
        "coordinates": [
          [
            -0.0875952,
            51.5117032
          ],
          [
            -0.0875433,
            51.5116398
          ],
          [
            -0.0873228,
            51.5113718
          ],
          [
            -0.0869629,
            51.5110133
          ],
          [
            -0.0868735,
            51.5109443
          ],
          [
            -0.0867884,
            51.5108981
          ],
          [
            -0.0866803,
            51.5108523
          ],
          [
            -0.0865663,
            51.5108074
          ]
        ]
      },
      "id": "way/308900853"
    },
    {
      "type": "Feature",
      "properties": {
        "@id": "way/308900857",
        "electrified": "rail",
        "frequency": "0",
        "gauge": "1435",
        "layer": "-6",
        "level": "-6",
        "line": "Docklands Light Railway",
        "maxspeed": "50",
        "name": "Docklands Light Railway",
        "operator": "Keolis Amey Docklands",
        "operator:wikidata": "Q89212210",
        "railway": "light_rail",
        "railway:cbtc": "dto",
        "railway:preferred_direction": "forward",
        "tunnel": "yes",
        "voltage": "750"
      },
      "geometry": {
        "type": "LineString",
        "coordinates": [
          [
            -0.0866096,
            51.5107506
          ],
          [
            -0.0867645,
            51.5108027
          ],
          [
            -0.0868921,
            51.5108534
          ],
          [
            -0.0870182,
            51.5109209
          ],
          [
            -0.0872727,
            51.5110376
          ],
          [
            -0.0874618,
            51.5111452
          ],
          [
            -0.0876882,
            51.5113308
          ],
          [
            -0.0878114,
            51.5114899
          ],
          [
            -0.0882346,
            51.5120279
          ]
        ]
      },
      "id": "way/308900857"
    },
    {
      "type": "Feature",
      "properties": {
        "@id": "way/700180397",
        "electrified": "rail",
        "frequency": "0",
        "gauge": "1435",
        "layer": "-6",
        "level": "-6",
        "line": "Docklands Light Railway",
        "maxspeed": "50",
        "name": "Docklands Light Railway",
        "operator": "Keolis Amey Docklands",
        "operator:wikidata": "Q89212210",
        "railway": "light_rail",
        "railway:cbtc": "dto",
        "railway:preferred_direction": "forward",
        "tunnel": "yes",
        "voltage": "750"
      },
      "geometry": {
        "type": "LineString",
        "coordinates": [
          [
            -0.0887158,
            51.5129938
          ],
          [
            -0.0880806,
            51.5123125
          ],
          [
            -0.0875952,
            51.5117032
          ]
        ]
      },
      "id": "way/700180397"
    },
    {
      "type": "Feature",
      "properties": {
        "@id": "way/700180398",
        "electrified": "rail",
        "frequency": "0",
        "gauge": "1435",
        "layer": "-6",
        "level": "-6",
        "line": "Docklands Light Railway",
        "maxspeed": "50",
        "name": "Docklands Light Railway",
        "operator": "Keolis Amey Docklands",
        "operator:wikidata": "Q89212210",
        "railway": "light_rail",
        "railway:cbtc": "dto",
        "railway:preferred_direction": "forward",
        "tunnel": "yes",
        "voltage": "750"
      },
      "geometry": {
        "type": "LineString",
        "coordinates": [
          [
            -0.0882346,
            51.5120279
          ],
          [
            -0.0883767,
            51.5121977
          ],
          [
            -0.0887158,
            51.5129938
          ]
        ]
      },
      "id": "way/700180398"
    },
    {
      "type": "Feature",
      "properties": {
        "@id": "way/4420430",
        "bridge": "viaduct",
        "electrified": "rail",
        "frequency": "0",
        "gauge": "1435",
        "layer": "1",
        "line": "Docklands Light Railway",
        "maxspeed": "80",
        "name": "Docklands Light Railway",
        "operator": "Keolis Amey Docklands",
        "operator:wikidata": "Q89212210",
        "railway": "light_rail",
        "railway:cbtc": "dto",
        "railway:preferred_direction": "forward",
        "voltage": "750"
      },
      "geometry": {
        "type": "LineString",
        "coordinates": [
          [
            -0.0658621,
            51.5111665
          ],
          [
            -0.0654505,
            51.5111995
          ],
          [
            -0.0647679,
            51.5112421
          ],
          [
            -0.0642875,
            51.5112644
          ],
          [
            -0.063279,
            51.5113151
          ],
          [
            -0.0627095,
            51.5113378
          ],
          [
            -0.062384,
            51.5113577
          ],
          [
            -0.0621701,
            51.511373
          ],
          [
            -0.0619571,
            51.5113913
          ],
          [
            -0.0617791,
            51.5114106
          ],
          [
            -0.0616261,
            51.5114328
          ],
          [
            -0.0614565,
            51.5114536
          ],
          [
            -0.0610856,
            51.5114886
          ],
          [
            -0.0607691,
            51.5115102
          ],
          [
            -0.0605196,
            51.5115307
          ],
          [
            -0.0600921,
            51.511547
          ],
          [
            -0.0595794,
            51.5115707
          ],
          [
            -0.0594072,
            51.5115782
          ],
          [
            -0.0591313,
            51.5115884
          ],
          [
            -0.058953,
            51.5115949
          ],
          [
            -0.0583252,
            51.5116295
          ],
          [
            -0.0577698,
            51.5116489
          ],
          [
            -0.0572234,
            51.5116724
          ],
          [
            -0.0567509,
            51.5116987
          ]
        ]
      },
      "id": "way/4420430"
    },
    {
      "type": "Feature",
      "properties": {
        "@id": "way/140204483",
        "bridge": "viaduct",
        "electrified": "rail",
        "frequency": "0",
        "gauge": "1435",
        "layer": "1",
        "line": "Docklands Light Railway",
        "maxspeed": "30",
        "name": "Docklands Light Railway",
        "operator": "Keolis Amey Docklands",
        "operator:wikidata": "Q89212210",
        "railway": "light_rail",
        "railway:bidirectional": "regular",
        "railway:cbtc": "dto",
        "railway:preferred_direction": "both",
        "voltage": "750"
      },
      "geometry": {
        "type": "LineString",
        "coordinates": [
          [
            -0.0715036,
            51.5107359
          ],
          [
            -0.0720436,
            51.5106846
          ],
          [
            -0.0724032,
            51.5106564
          ],
          [
            -0.0726074,
            51.5106415
          ],
          [
            -0.0727924,
            51.5106347
          ],
          [
            -0.0729842,
            51.510632
          ],
          [
            -0.0732628,
            51.5106259
          ]
        ]
      },
      "id": "way/140204483"
    },
    {
      "type": "Feature",
      "properties": {
        "@id": "way/147563201",
        "electrified": "rail",
        "frequency": "0",
        "gauge": "1435",
        "layer": "-1",
        "line": "Docklands Light Railway",
        "maxspeed": "45",
        "name": "Docklands Light Railway",
        "operator": "Keolis Amey Docklands",
        "operator:wikidata": "Q89212210",
        "railway": "light_rail",
        "railway:cbtc": "dto",
        "railway:preferred_direction": "forward",
        "tunnel": "yes",
        "voltage": "750"
      },
      "geometry": {
        "type": "LineString",
        "coordinates": [
          [
            -0.0724014,
            51.510368
          ],
          [
            -0.0722379,
            51.5104211
          ],
          [
            -0.0719873,
            51.5104873
          ],
          [
            -0.0718051,
            51.5105257
          ],
          [
            -0.0717358,
            51.5105354
          ]
        ]
      },
      "id": "way/147563201"
    },
    {
      "type": "Feature",
      "properties": {
        "@id": "way/163579114",
        "bridge": "viaduct",
        "electrified": "rail",
        "frequency": "0",
        "gauge": "1435",
        "layer": "1",
        "line": "Docklands Light Railway",
        "maxspeed": "30",
        "name": "Docklands Light Railway",
        "operator": "Keolis Amey Docklands",
        "operator:wikidata": "Q89212210",
        "railway": "light_rail",
        "railway:cbtc": "dto",
        "railway:preferred_direction": "forward",
        "service": "crossover",
        "voltage": "750"
      },
      "geometry": {
        "type": "LineString",
        "coordinates": [
          [
            -0.0654669,
            51.5111651
          ],
          [
            -0.0658621,
            51.5111665
          ]
        ]
      },
      "id": "way/163579114"
    },
    {
      "type": "Feature",
      "properties": {
        "@id": "way/173441891",
        "bridge": "viaduct",
        "electrified": "rail",
        "frequency": "0",
        "gauge": "1435",
        "layer": "1",
        "line": "Docklands Light Railway",
        "maxspeed": "30",
        "name": "Docklands Light Railway",
        "operator": "Keolis Amey Docklands",
        "operator:wikidata": "Q89212210",
        "railway": "light_rail",
        "railway:bidirectional": "regular",
        "railway:cbtc": "dto",
        "railway:preferred_direction": "both",
        "service": "siding",
        "voltage": "750"
      },
      "geometry": {
        "type": "LineString",
        "coordinates": [
          [
            -0.0726782,
            51.5106738
          ],
          [
            -0.0720936,
            51.5107217
          ],
          [
            -0.0715057,
            51.510771
          ],
          [
            -0.0709008,
            51.5108204
          ]
        ]
      },
      "id": "way/173441891"
    },
    {
      "type": "Feature",
      "properties": {
        "@id": "way/684964771",
        "electrified": "rail",
        "frequency": "0",
        "gauge": "1435",
        "layer": "-1",
        "line": "Docklands Light Railway",
        "maxspeed": "45",
        "name": "Docklands Light Railway",
        "operator": "Keolis Amey Docklands",
        "operator:wikidata": "Q89212210",
        "railway": "light_rail",
        "railway:cbtc": "dto",
        "railway:preferred_direction": "forward",
        "tunnel": "yes",
        "voltage": "750"
      },
      "geometry": {
        "type": "LineString",
        "coordinates": [
          [
            -0.0717251,
            51.5104883
          ],
          [
            -0.0720731,
            51.510399
          ],
          [
            -0.0723609,
            51.510309
          ]
        ]
      },
      "id": "way/684964771"
    },
    {
      "type": "Feature",
      "properties": {
        "@id": "way/1300119374",
        "bridge": "yes",
        "electrified": "rail",
        "frequency": "0",
        "gauge": "1435",
        "layer": "1",
        "line": "Docklands Light Railway",
        "maxspeed": "70",
        "name": "Docklands Light Railway",
        "operator": "Keolis Amey Docklands",
        "operator:wikidata": "Q89212210",
        "railway": "light_rail",
        "railway:cbtc": "dto",
        "railway:preferred_direction": "forward",
        "voltage": "750"
      },
      "geometry": {
        "type": "LineString",
        "coordinates": [
          [
            -0.0650994,
            51.5111915
          ],
          [
            -0.0654669,
            51.5111651
          ],
          [
            -0.0661338,
            51.5111138
          ],
          [
            -0.0667752,
            51.5110677
          ],
          [
            -0.0671503,
            51.5110429
          ],
          [
            -0.0673617,
            51.5110197
          ],
          [
            -0.067562,
            51.5109979
          ],
          [
            -0.0677847,
            51.5109651
          ]
        ]
      },
      "id": "way/1300119374"
    },
    {
      "type": "Feature",
      "properties": {
        "@id": "way/700443383",
        "bridge": "viaduct",
        "electrified": "rail",
        "frequency": "0",
        "gauge": "1435",
        "layer": "1",
        "line": "Docklands Light Railway",
        "maxspeed": "30",
        "name": "Docklands Light Railway",
        "operator": "Keolis Amey Docklands",
        "operator:wikidata": "Q89212210",
        "railway": "light_rail",
        "railway:bidirectional": "regular",
        "railway:cbtc": "dto",
        "railway:preferred_direction": "both",
        "voltage": "750"
      },
      "geometry": {
        "type": "LineString",
        "coordinates": [
          [
            -0.0732628,
            51.5106259
          ],
          [
            -0.0734054,
            51.5106226
          ],
          [
            -0.0739171,
            51.5106191
          ],
          [
            -0.0741792,
            51.5106217
          ]
        ]
      },
      "id": "way/700443383"
    },
    {
      "type": "Feature",
      "properties": {
        "@id": "way/700443384",
        "bridge": "viaduct",
        "electrified": "rail",
        "frequency": "0",
        "gauge": "1435",
        "layer": "1",
        "line": "Docklands Light Railway",
        "maxspeed": "30",
        "name": "Docklands Light Railway",
        "operator": "Keolis Amey Docklands",
        "operator:wikidata": "Q89212210",
        "railway": "light_rail",
        "railway:bidirectional": "regular",
        "railway:cbtc": "dto",
        "railway:preferred_direction": "both",
        "voltage": "750"
      },
      "geometry": {
        "type": "LineString",
        "coordinates": [
          [
            -0.0741792,
            51.5106217
          ],
          [
            -0.0744137,
            51.5106233
          ]
        ]
      },
      "id": "way/700443384"
    },
    {
      "type": "Feature",
      "properties": {
        "@id": "way/3636480",
        "bridge": "viaduct",
        "electrified": "rail",
        "frequency": "0",
        "gauge": "1435",
        "layer": "1",
        "line": "Docklands Light Railway",
        "maxspeed": "70",
        "name": "Docklands Light Railway",
        "operator": "Keolis Amey Docklands",
        "operator:wikidata": "Q89212210",
        "railway": "light_rail",
        "railway:cbtc": "dto",
        "railway:preferred_direction": "forward",
        "voltage": "750"
      },
      "geometry": {
        "type": "LineString",
        "coordinates": [
          [
            -0.0672891,
            51.5110622
          ],
          [
            -0.0668658,
            51.5110948
          ],
          [
            -0.066341,
            51.5111282
          ]
        ]
      },
      "id": "way/3636480"
    },
    {
      "type": "Feature",
      "properties": {
        "@id": "way/3663203",
        "bridge": "viaduct",
        "electrified": "rail",
        "frequency": "0",
        "gauge": "1435",
        "layer": "1",
        "line": "Docklands Light Railway",
        "maxspeed": "70",
        "name": "Docklands Light Railway",
        "operator": "Keolis Amey Docklands",
        "operator:wikidata": "Q89212210",
        "railway": "light_rail",
        "railway:cbtc": "dto",
        "railway:preferred_direction": "forward",
        "voltage": "750"
      },
      "geometry": {
        "type": "LineString",
        "coordinates": [
          [
            -0.066341,
            51.5111282
          ],
          [
            -0.0658621,
            51.5111665
          ]
        ]
      },
      "id": "way/3663203"
    },
    {
      "type": "Feature",
      "properties": {
        "@id": "way/10331564",
        "bridge": "viaduct",
        "electrified": "rail",
        "frequency": "0",
        "gauge": "1435",
        "layer": "1",
        "line": "Docklands Light Railway",
        "maxspeed": "70",
        "name": "Docklands Light Railway",
        "operator": "Keolis Amey Docklands",
        "operator:wikidata": "Q89212210",
        "railway": "light_rail",
        "railway:cbtc": "dto",
        "railway:preferred_direction": "forward",
        "voltage": "750"
      },
      "geometry": {
        "type": "LineString",
        "coordinates": [
          [
            -0.0702986,
            51.5107256
          ],
          [
            -0.0700644,
            51.5107622
          ],
          [
            -0.0698021,
            51.5107956
          ],
          [
            -0.0695119,
            51.5108385
          ],
          [
            -0.0692624,
            51.5108589
          ],
          [
            -0.0687424,
            51.5108915
          ],
          [
            -0.068105,
            51.5109571
          ],
          [
            -0.0678989,
            51.510985
          ],
          [
            -0.067638,
            51.5110232
          ],
          [
            -0.0672891,
            51.5110622
          ]
        ]
      },
      "id": "way/10331564"
    },
    {
      "type": "Feature",
      "properties": {
        "@id": "way/147563202",
        "electrified": "rail",
        "frequency": "0",
        "gauge": "1435",
        "layer": "-1",
        "line": "Docklands Light Railway",
        "maxspeed": "45",
        "name": "Docklands Light Railway",
        "operator": "Keolis Amey Docklands",
        "operator:wikidata": "Q89212210",
        "railway": "light_rail",
        "railway:cbtc": "dto",
        "railway:preferred_direction": "forward",
        "tunnel": "yes",
        "voltage": "750"
      },
      "geometry": {
        "type": "LineString",
        "coordinates": [
          [
            -0.0717358,
            51.5105354
          ],
          [
            -0.071551,
            51.5105587
          ],
          [
            -0.0713484,
            51.5105842
          ],
          [
            -0.0711221,
            51.5106127
          ],
          [
            -0.0708578,
            51.510646
          ],
          [
            -0.0706891,
            51.5106673
          ],
          [
            -0.0702986,
            51.5107256
          ]
        ]
      },
      "id": "way/147563202"
    },
    {
      "type": "Feature",
      "properties": {
        "@id": "way/163579116",
        "bridge": "viaduct",
        "electrified": "rail",
        "frequency": "0",
        "gauge": "1435",
        "layer": "1",
        "line": "Docklands Light Railway",
        "maxspeed": "30",
        "name": "Docklands Light Railway",
        "operator": "Keolis Amey Docklands",
        "operator:wikidata": "Q89212210",
        "railway": "light_rail",
        "railway:cbtc": "dto",
        "railway:preferred_direction": "forward",
        "service": "crossover",
        "voltage": "750"
      },
      "geometry": {
        "type": "LineString",
        "coordinates": [
          [
            -0.0667752,
            51.5110677
          ],
          [
            -0.066341,
            51.5111282
          ]
        ]
      },
      "id": "way/163579116"
    },
    {
      "type": "Feature",
      "properties": {
        "@id": "way/163579120",
        "electrified": "rail",
        "frequency": "0",
        "gauge": "1435",
        "layer": "-1",
        "line": "Docklands Light Railway",
        "maxspeed": "45",
        "name": "Docklands Light Railway",
        "operator": "Keolis Amey Docklands",
        "operator:wikidata": "Q89212210",
        "railway": "light_rail",
        "railway:cbtc": "dto",
        "railway:preferred_direction": "forward",
        "tunnel": "yes",
        "voltage": "750"
      },
      "geometry": {
        "type": "LineString",
        "coordinates": [
          [
            -0.0702801,
            51.5106988
          ],
          [
            -0.0706517,
            51.5106322
          ],
          [
            -0.0708328,
            51.5106079
          ],
          [
            -0.0710881,
            51.5105737
          ],
          [
            -0.0713243,
            51.510542
          ],
          [
            -0.0715425,
            51.5105128
          ],
          [
            -0.0717251,
            51.5104883
          ]
        ]
      },
      "id": "way/163579120"
    },
    {
      "type": "Feature",
      "properties": {
        "@id": "way/173441892",
        "bridge": "viaduct",
        "electrified": "rail",
        "frequency": "0",
        "gauge": "1435",
        "layer": "1",
        "line": "Docklands Light Railway",
        "maxspeed": "30",
        "name": "Docklands Light Railway",
        "operator": "Keolis Amey Docklands",
        "operator:wikidata": "Q89212210",
        "railway": "light_rail",
        "railway:cbtc": "dto",
        "railway:preferred_direction": "forward",
        "voltage": "750"
      },
      "geometry": {
        "type": "LineString",
        "coordinates": [
          [
            -0.0715036,
            51.5107359
          ],
          [
            -0.0714052,
            51.5107487
          ],
          [
            -0.0712386,
            51.510771
          ],
          [
            -0.071047,
            51.5107998
          ],
          [
            -0.0709008,
            51.5108204
          ]
        ]
      },
      "id": "way/173441892"
    },
    {
      "type": "Feature",
      "properties": {
        "@id": "way/173441893",
        "bridge": "viaduct",
        "electrified": "rail",
        "frequency": "0",
        "gauge": "1435",
        "layer": "1",
        "line": "Docklands Light Railway",
        "maxspeed": "30",
        "name": "Docklands Light Railway",
        "operator": "Keolis Amey Docklands",
        "operator:wikidata": "Q89212210",
        "railway": "light_rail",
        "railway:cbtc": "dto",
        "railway:preferred_direction": "forward",
        "voltage": "750"
      },
      "geometry": {
        "type": "LineString",
        "coordinates": [
          [
            -0.0677847,
            51.5109651
          ],
          [
            -0.0679381,
            51.5109589
          ],
          [
            -0.068105,
            51.5109571
          ],
          [
            -0.0682864,
            51.5109519
          ],
          [
            -0.0685197,
            51.5109479
          ]
        ]
      },
      "id": "way/173441893"
    },
    {
      "type": "Feature",
      "properties": {
        "@id": "way/173441894",
        "bridge": "viaduct",
        "electrified": "rail",
        "frequency": "0",
        "gauge": "1435",
        "layer": "1",
        "line": "Docklands Light Railway",
        "maxspeed": "50",
        "name": "Docklands Light Railway",
        "operator": "Keolis Amey Docklands",
        "operator:wikidata": "Q89212210",
        "railway": "light_rail",
        "railway:cbtc": "dto",
        "railway:preferred_direction": "forward",
        "voltage": "750"
      },
      "geometry": {
        "type": "LineString",
        "coordinates": [
          [
            -0.0709008,
            51.5108204
          ],
          [
            -0.0705392,
            51.5108515
          ],
          [
            -0.0702032,
            51.5108761
          ],
          [
            -0.0696171,
            51.5109114
          ],
          [
            -0.0689439,
            51.5109514
          ],
          [
            -0.0679611,
            51.5110146
          ]
        ]
      },
      "id": "way/173441894"
    },
    {
      "type": "Feature",
      "properties": {
        "@id": "way/655761451",
        "bridge": "viaduct",
        "electrified": "rail",
        "frequency": "0",
        "gauge": "1435",
        "layer": "1",
        "line": "Docklands Light Railway",
        "maxspeed": "30",
        "name": "Docklands Light Railway",
        "operator": "Keolis Amey Docklands",
        "operator:wikidata": "Q89212210",
        "railway": "light_rail",
        "railway:cbtc": "dto",
        "railway:preferred_direction": "forward",
        "voltage": "750"
      },
      "geometry": {
        "type": "LineString",
        "coordinates": [
          [
            -0.0679611,
            51.5110146
          ],
          [
            -0.0677141,
            51.5110348
          ],
          [
            -0.0672891,
            51.5110622
          ]
        ]
      },
      "id": "way/655761451"
    },
    {
      "type": "Feature",
      "properties": {
        "@id": "way/655780510",
        "bridge": "viaduct",
        "electrified": "rail",
        "frequency": "0",
        "gauge": "1435",
        "layer": "1",
        "line": "Docklands Light Railway",
        "maxspeed": "30",
        "name": "Docklands Light Railway",
        "operator": "Keolis Amey Docklands",
        "operator:wikidata": "Q89212210",
        "railway": "light_rail",
        "railway:cbtc": "dto",
        "railway:preferred_direction": "forward",
        "tunnel": "yes",
        "voltage": "750"
      },
      "geometry": {
        "type": "LineString",
        "coordinates": [
          [
            -0.0703467,
            51.5108339
          ],
          [
            -0.070563,
            51.5108153
          ],
          [
            -0.0706922,
            51.5108061
          ],
          [
            -0.0708832,
            51.5107897
          ],
          [
            -0.070956,
            51.5107829
          ],
          [
            -0.0711458,
            51.510767
          ],
          [
            -0.0712256,
            51.5107597
          ],
          [
            -0.0714032,
            51.5107445
          ],
          [
            -0.0714487,
            51.5107406
          ],
          [
            -0.0715036,
            51.5107359
          ]
        ]
      },
      "id": "way/655780510"
    },
    {
      "type": "Feature",
      "properties": {
        "@id": "way/655780511",
        "bridge": "viaduct",
        "electrified": "rail",
        "frequency": "0",
        "gauge": "1435",
        "layer": "1",
        "line": "Docklands Light Railway",
        "maxspeed": "30",
        "name": "Docklands Light Railway",
        "operator": "Keolis Amey Docklands",
        "operator:wikidata": "Q89212210",
        "railway": "light_rail",
        "voltage": "750"
      },
      "geometry": {
        "type": "LineString",
        "coordinates": [
          [
            -0.0679611,
            51.5110146
          ],
          [
            -0.0685197,
            51.5109479
          ]
        ]
      },
      "id": "way/655780511"
    },
    {
      "type": "Feature",
      "properties": {
        "@id": "way/655780512",
        "bridge": "yes",
        "electrified": "rail",
        "frequency": "0",
        "gauge": "1435",
        "layer": "1",
        "line": "Docklands Light Railway",
        "maxspeed": "70",
        "name": "Docklands Light Railway",
        "operator": "Keolis Amey Docklands",
        "operator:wikidata": "Q89212210",
        "railway": "light_rail",
        "railway:cbtc": "dto",
        "railway:preferred_direction": "forward",
        "voltage": "750"
      },
      "geometry": {
        "type": "LineString",
        "coordinates": [
          [
            -0.0677847,
            51.5109651
          ],
          [
            -0.0681034,
            51.5109225
          ],
          [
            -0.0683688,
            51.5108944
          ],
          [
            -0.0687409,
            51.5108623
          ],
          [
            -0.0691207,
            51.5108391
          ],
          [
            -0.0694394,
            51.5108186
          ],
          [
            -0.0696425,
            51.5107905
          ],
          [
            -0.0700574,
            51.5107358
          ],
          [
            -0.0702801,
            51.5106988
          ]
        ]
      },
      "id": "way/655780512"
    },
    {
      "type": "Feature",
      "properties": {
        "@id": "way/1017394205",
        "bridge": "viaduct",
        "electrified": "rail",
        "frequency": "0",
        "gauge": "1435",
        "layer": "1",
        "line": "Docklands Light Railway",
        "maxspeed": "50",
        "name": "Docklands Light Railway",
        "operator": "Keolis Amey Docklands",
        "operator:wikidata": "Q89212210",
        "railway": "light_rail",
        "railway:cbtc": "dto",
        "railway:preferred_direction": "forward",
        "voltage": "750"
      },
      "geometry": {
        "type": "LineString",
        "coordinates": [
          [
            -0.0685197,
            51.5109479
          ],
          [
            -0.0689316,
            51.5109193
          ],
          [
            -0.0696236,
            51.5108819
          ],
          [
            -0.070207,
            51.5108444
          ],
          [
            -0.0703467,
            51.5108339
          ]
        ]
      },
      "id": "way/1017394205"
    },
    {
      "type": "Feature",
      "properties": {
        "@id": "way/17682561",
        "bridge": "yes",
        "electrified": "rail",
        "frequency": "0",
        "gauge": "1435",
        "layer": "1",
        "line": "Docklands Light Railway",
        "maxspeed": "80",
        "name": "Docklands Light Railway",
        "operator": "Keolis Amey Docklands",
        "operator:wikidata": "Q89212210",
        "railway": "light_rail",
        "railway:cbtc": "dto",
        "railway:preferred_direction": "forward",
        "voltage": "750"
      },
      "geometry": {
        "type": "LineString",
        "coordinates": [
          [
            -0.0431718,
            51.5122192
          ],
          [
            -0.0436496,
            51.512206
          ],
          [
            -0.0444405,
            51.5121684
          ],
          [
            -0.0448705,
            51.512157
          ],
          [
            -0.0452877,
            51.5121315
          ],
          [
            -0.0455846,
            51.5121207
          ],
          [
            -0.045879,
            51.5121114
          ],
          [
            -0.046288,
            51.5121022
          ],
          [
            -0.0466642,
            51.5120967
          ],
          [
            -0.0469615,
            51.5120957
          ],
          [
            -0.0473399,
            51.5120836
          ],
          [
            -0.047883,
            51.5120598
          ],
          [
            -0.0484638,
            51.51204
          ],
          [
            -0.0489889,
            51.512022
          ],
          [
            -0.0494342,
            51.5120016
          ],
          [
            -0.0498399,
            51.5119863
          ],
          [
            -0.0501756,
            51.5119669
          ],
          [
            -0.051081,
            51.5119266
          ],
          [
            -0.0516019,
            51.5119078
          ],
          [
            -0.0520333,
            51.5118874
          ],
          [
            -0.0523569,
            51.511875
          ],
          [
            -0.0530097,
            51.5118621
          ],
          [
            -0.0533415,
            51.5118584
          ],
          [
            -0.0536813,
            51.5118402
          ],
          [
            -0.0538998,
            51.5118315
          ],
          [
            -0.0541249,
            51.5118139
          ],
          [
            -0.0543342,
            51.5117904
          ]
        ]
      },
      "id": "way/17682561"
    },
    {
      "type": "Feature",
      "properties": {
        "@id": "way/1300119381",
        "bridge": "viaduct",
        "electrified": "rail",
        "frequency": "0",
        "gauge": "1435",
        "layer": "1",
        "line": "Docklands Light Railway",
        "maxspeed": "80",
        "name": "Docklands Light Railway",
        "operator": "Keolis Amey Docklands",
        "operator:wikidata": "Q89212210",
        "railway": "light_rail",
        "railway:cbtc": "dto",
        "railway:preferred_direction": "forward",
        "voltage": "750"
      },
      "geometry": {
        "type": "LineString",
        "coordinates": [
          [
            -0.0544833,
            51.5118399
          ],
          [
            -0.053713,
            51.5118738
          ],
          [
            -0.0533377,
            51.5118892
          ],
          [
            -0.0530057,
            51.5118939
          ],
          [
            -0.0523596,
            51.5119062
          ],
          [
            -0.0519855,
            51.5119208
          ],
          [
            -0.0516083,
            51.511939
          ],
          [
            -0.0508672,
            51.5119634
          ],
          [
            -0.0494315,
            51.5120341
          ],
          [
            -0.0489923,
            51.5120521
          ],
          [
            -0.0484625,
            51.5120683
          ],
          [
            -0.0478902,
            51.5120866
          ],
          [
            -0.0473321,
            51.5121092
          ],
          [
            -0.0466408,
            51.5121296
          ],
          [
            -0.0460627,
            51.5121362
          ],
          [
            -0.0445178,
            51.5121937
          ],
          [
            -0.0438421,
            51.5122275
          ],
          [
            -0.0431483,
            51.512253
          ]
        ]
      },
      "id": "way/1300119381"
    },
    {
      "type": "Feature",
      "properties": {
        "@id": "way/1300119382",
        "bridge": "yes",
        "electrified": "rail",
        "frequency": "0",
        "gauge": "1435",
        "layer": "1",
        "line": "Docklands Light Railway",
        "maxspeed": "80",
        "name": "Docklands Light Railway",
        "operator": "Keolis Amey Docklands",
        "operator:wikidata": "Q89212210",
        "railway": "light_rail",
        "railway:cbtc": "dto",
        "railway:preferred_direction": "forward",
        "voltage": "750"
      },
      "geometry": {
        "type": "LineString",
        "coordinates": [
          [
            -0.0565108,
            51.5116498
          ],
          [
            -0.0568225,
            51.5116517
          ],
          [
            -0.0571734,
            51.5116435
          ],
          [
            -0.0575472,
            51.511625
          ],
          [
            -0.0577543,
            51.5116185
          ],
          [
            -0.0580823,
            51.5116075
          ],
          [
            -0.0585231,
            51.5115868
          ],
          [
            -0.0589498,
            51.5115704
          ],
          [
            -0.0593402,
            51.511555
          ],
          [
            -0.0596287,
            51.5115386
          ],
          [
            -0.0600876,
            51.511518
          ],
          [
            -0.0605081,
            51.5114998
          ],
          [
            -0.0610656,
            51.5114601
          ],
          [
            -0.061401,
            51.5114276
          ],
          [
            -0.0615841,
            51.5114026
          ],
          [
            -0.0617715,
            51.5113776
          ],
          [
            -0.0620203,
            51.5113567
          ],
          [
            -0.0622826,
            51.5113338
          ],
          [
            -0.0625564,
            51.5113162
          ],
          [
            -0.0632361,
            51.511284
          ],
          [
            -0.0638668,
            51.5112571
          ],
          [
            -0.0647461,
            51.5112101
          ],
          [
            -0.0650994,
            51.5111915
          ]
        ]
      },
      "id": "way/1300119382"
    },
    {
      "type": "Feature",
      "properties": {
        "@id": "way/163579113",
        "bridge": "viaduct",
        "electrified": "rail",
        "frequency": "0",
        "gauge": "1435",
        "layer": "1",
        "line": "Docklands Light Railway",
        "maxspeed": "30",
        "name": "Docklands Light Railway",
        "operator": "Keolis Amey Docklands",
        "operator:wikidata": "Q89212210",
        "railway": "light_rail",
        "railway:cbtc": "dto",
        "railway:preferred_direction": "forward",
        "service": "crossover",
        "voltage": "750"
      },
      "geometry": {
        "type": "LineString",
        "coordinates": [
          [
            -0.0572234,
            51.5116724
          ],
          [
            -0.0573873,
            51.5116458
          ],
          [
            -0.0575472,
            51.511625
          ]
        ]
      },
      "id": "way/163579113"
    },
    {
      "type": "Feature",
      "properties": {
        "@id": "way/1300119383",
        "bridge": "viaduct",
        "electrified": "rail",
        "frequency": "0",
        "gauge": "1435",
        "layer": "1",
        "line": "Docklands Light Railway",
        "maxspeed": "50",
        "name": "Docklands Light Railway",
        "operator": "Keolis Amey Docklands",
        "operator:wikidata": "Q89212210",
        "railway": "light_rail",
        "railway:cbtc": "dto",
        "railway:preferred_direction": "forward",
        "voltage": "750"
      },
      "geometry": {
        "type": "LineString",
        "coordinates": [
          [
            -0.0567509,
            51.5116987
          ],
          [
            -0.0565277,
            51.5117133
          ],
          [
            -0.0564433,
            51.5117188
          ],
          [
            -0.0559585,
            51.5117441
          ],
          [
            -0.0553904,
            51.5117825
          ],
          [
            -0.054987,
            51.51181
          ],
          [
            -0.0547419,
            51.5118279
          ],
          [
            -0.0544833,
            51.5118399
          ]
        ]
      },
      "id": "way/1300119383"
    },
    {
      "type": "Feature",
      "properties": {
        "@id": "way/1300119384",
        "bridge": "yes",
        "electrified": "rail",
        "frequency": "0",
        "gauge": "1435",
        "layer": "1",
        "line": "Docklands Light Railway",
        "maxspeed": "50",
        "name": "Docklands Light Railway",
        "operator": "Keolis Amey Docklands",
        "operator:wikidata": "Q89212210",
        "railway": "light_rail",
        "railway:cbtc": "dto",
        "railway:preferred_direction": "forward",
        "voltage": "750"
      },
      "geometry": {
        "type": "LineString",
        "coordinates": [
          [
            -0.0543342,
            51.5117904
          ],
          [
            -0.0545281,
            51.5117694
          ],
          [
            -0.0547189,
            51.5117498
          ],
          [
            -0.0549509,
            51.5117346
          ],
          [
            -0.0553404,
            51.511706
          ],
          [
            -0.0556794,
            51.5116852
          ],
          [
            -0.0559908,
            51.5116668
          ],
          [
            -0.0562611,
            51.5116552
          ],
          [
            -0.0565108,
            51.5116498
          ]
        ]
      },
      "id": "way/1300119384"
    },
    {
      "type": "Feature",
      "properties": {
        "@id": "way/1300119385",
        "bridge": "viaduct",
        "electrified": "rail",
        "frequency": "0",
        "gauge": "1435",
        "layer": "1",
        "line": "Docklands Light Railway",
        "maxspeed": "50",
        "name": "Docklands Light Railway",
        "operator": "Keolis Amey Docklands",
        "operator:wikidata": "Q89212210",
        "railway": "light_rail",
        "railway:cbtc": "dto",
        "railway:preferred_direction": "forward",
        "voltage": "750"
      },
      "geometry": {
        "type": "LineString",
        "coordinates": [
          [
            -0.0399876,
            51.5123792
          ],
          [
            -0.0388153,
            51.5123341
          ],
          [
            -0.0385071,
            51.5123223
          ]
        ]
      },
      "id": "way/1300119385"
    },
    {
      "type": "Feature",
      "properties": {
        "@id": "way/1300119386",
        "bridge": "yes",
        "electrified": "rail",
        "frequency": "0",
        "gauge": "1435",
        "layer": "1",
        "line": "Docklands Light Railway",
        "maxspeed": "50",
        "name": "Docklands Light Railway",
        "operator": "Keolis Amey Docklands",
        "operator:wikidata": "Q89212210",
        "railway": "light_rail",
        "railway:cbtc": "dto",
        "railway:preferred_direction": "forward",
        "voltage": "750"
      },
      "geometry": {
        "type": "LineString",
        "coordinates": [
          [
            -0.0383035,
            51.5122789
          ],
          [
            -0.0388681,
            51.5123127
          ],
          [
            -0.0392811,
            51.5123305
          ],
          [
            -0.0398455,
            51.51235
          ],
          [
            -0.0399685,
            51.5123543
          ]
        ]
      },
      "id": "way/1300119386"
    },
    {
      "type": "Feature",
      "properties": {
        "@id": "way/1300119377",
        "bridge": "viaduct",
        "electrified": "rail",
        "frequency": "0",
        "gauge": "1435",
        "layer": "1",
        "line": "Docklands Light Railway",
        "maxspeed": "55",
        "name": "Docklands Light Railway",
        "operator": "Keolis Amey Docklands",
        "operator:wikidata": "Q89212210",
        "railway": "light_rail",
        "railway:cbtc": "dto",
        "railway:preferred_direction": "forward",
        "voltage": "750"
      },
      "geometry": {
        "type": "LineString",
        "coordinates": [
          [
            -0.0431483,
            51.512253
          ],
          [
            -0.0430384,
            51.5122519
          ],
          [
            -0.0423994,
            51.5122089
          ],
          [
            -0.0421984,
            51.5122064
          ],
          [
            -0.0416635,
            51.5122282
          ],
          [
            -0.0413189,
            51.5122397
          ]
        ]
      },
      "id": "way/1300119377"
    },
    {
      "type": "Feature",
      "properties": {
        "@id": "way/1300119378",
        "bridge": "yes",
        "electrified": "rail",
        "frequency": "0",
        "gauge": "1435",
        "layer": "1",
        "line": "Docklands Light Railway",
        "maxspeed": "55",
        "name": "Docklands Light Railway",
        "operator": "Keolis Amey Docklands",
        "operator:wikidata": "Q89212210",
        "railway": "light_rail",
        "railway:cbtc": "dto",
        "railway:preferred_direction": "forward",
        "voltage": "750"
      },
      "geometry": {
        "type": "LineString",
        "coordinates": [
          [
            -0.0412404,
            51.5122148
          ],
          [
            -0.041365,
            51.5122101
          ],
          [
            -0.0416433,
            51.5122005
          ],
          [
            -0.0418302,
            51.5121904
          ],
          [
            -0.0420133,
            51.5121836
          ],
          [
            -0.0422482,
            51.5121749
          ],
          [
            -0.0423685,
            51.5121765
          ],
          [
            -0.0425045,
            51.5121836
          ],
          [
            -0.0427116,
            51.512199
          ],
          [
            -0.0428359,
            51.5122096
          ],
          [
            -0.0429918,
            51.5122145
          ],
          [
            -0.0431718,
            51.5122192
          ]
        ]
      },
      "id": "way/1300119378"
    },
    {
      "type": "Feature",
      "properties": {
        "@id": "way/1300119379",
        "bridge": "viaduct",
        "electrified": "rail",
        "frequency": "0",
        "gauge": "1435",
        "layer": "1",
        "line": "Docklands Light Railway",
        "maxspeed": "30",
        "name": "Docklands Light Railway",
        "operator": "Keolis Amey Docklands",
        "operator:wikidata": "Q89212210",
        "railway": "light_rail",
        "railway:cbtc": "dto",
        "railway:preferred_direction": "forward",
        "voltage": "750"
      },
      "geometry": {
        "type": "LineString",
        "coordinates": [
          [
            -0.0413189,
            51.5122397
          ],
          [
            -0.0410647,
            51.512257
          ],
          [
            -0.0408967,
            51.5122782
          ],
          [
            -0.0407273,
            51.5123063
          ],
          [
            -0.0404958,
            51.5123436
          ],
          [
            -0.040295,
            51.5123713
          ],
          [
            -0.0401864,
            51.5123792
          ],
          [
            -0.0399876,
            51.5123792
          ]
        ]
      },
      "id": "way/1300119379"
    },
    {
      "type": "Feature",
      "properties": {
        "@id": "way/1300119380",
        "bridge": "yes",
        "electrified": "rail",
        "frequency": "0",
        "gauge": "1435",
        "layer": "1",
        "line": "Docklands Light Railway",
        "maxspeed": "30",
        "name": "Docklands Light Railway",
        "operator": "Keolis Amey Docklands",
        "operator:wikidata": "Q89212210",
        "railway": "light_rail",
        "railway:cbtc": "dto",
        "railway:preferred_direction": "forward",
        "voltage": "750"
      },
      "geometry": {
        "type": "LineString",
        "coordinates": [
          [
            -0.0399685,
            51.5123543
          ],
          [
            -0.0402288,
            51.5123447
          ],
          [
            -0.0403227,
            51.512336
          ],
          [
            -0.0404204,
            51.5123238
          ],
          [
            -0.0405342,
            51.5123064
          ],
          [
            -0.0408578,
            51.5122555
          ],
          [
            -0.0409865,
            51.512237
          ],
          [
            -0.0411077,
            51.5122223
          ],
          [
            -0.0412404,
            51.5122148
          ]
        ]
      },
      "id": "way/1300119380"
    },
    {
      "type": "Feature",
      "properties": {
        "@id": "way/1300119375",
        "bridge": "viaduct",
        "electrified": "rail",
        "frequency": "0",
        "gauge": "1435",
        "layer": "1",
        "line": "Docklands Light Railway",
        "maxspeed": "80",
        "name": "Docklands Light Railway",
        "operator": "Keolis Amey Docklands",
        "operator:wikidata": "Q89212210",
        "railway": "light_rail",
        "railway:cbtc": "dto",
        "railway:preferred_direction": "forward",
        "voltage": "750"
      },
      "geometry": {
        "type": "LineString",
        "coordinates": [
          [
            -0.0385071,
            51.5123223
          ],
          [
            -0.037347,
            51.5122345
          ],
          [
            -0.0365946,
            51.5121603
          ],
          [
            -0.0362868,
            51.5121181
          ],
          [
            -0.0359298,
            51.5120744
          ],
          [
            -0.0353785,
            51.5119941
          ],
          [
            -0.0352666,
            51.5119778
          ],
          [
            -0.0350114,
            51.5119397
          ],
          [
            -0.0347725,
            51.5119004
          ],
          [
            -0.0344095,
            51.5118401
          ],
          [
            -0.0339794,
            51.5117618
          ],
          [
            -0.0339098,
            51.5117486
          ],
          [
            -0.0335479,
            51.5116836
          ],
          [
            -0.0325807,
            51.5114778
          ],
          [
            -0.0317761,
            51.5112735
          ],
          [
            -0.0313691,
            51.5111618
          ],
          [
            -0.0302773,
            51.5108334
          ],
          [
            -0.0300975,
            51.5107746
          ],
          [
            -0.0296773,
            51.5106371
          ],
          [
            -0.0287516,
            51.5102908
          ],
          [
            -0.0285696,
            51.5102126
          ],
          [
            -0.0273535,
            51.5097007
          ]
        ]
      },
      "id": "way/1300119375"
    },
    {
      "type": "Feature",
      "properties": {
        "@id": "way/1300119376",
        "bridge": "yes",
        "electrified": "rail",
        "frequency": "0",
        "gauge": "1435",
        "layer": "1",
        "line": "Docklands Light Railway",
        "maxspeed": "80",
        "name": "Docklands Light Railway",
        "operator": "Keolis Amey Docklands",
        "operator:wikidata": "Q89212210",
        "railway": "light_rail",
        "railway:cbtc": "dto",
        "railway:preferred_direction": "forward",
        "voltage": "750"
      },
      "geometry": {
        "type": "LineString",
        "coordinates": [
          [
            -0.0277347,
            51.5098305
          ],
          [
            -0.0281539,
            51.510018
          ],
          [
            -0.0286219,
            51.5102055
          ],
          [
            -0.0290052,
            51.5103555
          ],
          [
            -0.029245,
            51.5104465
          ],
          [
            -0.0295976,
            51.510567
          ],
          [
            -0.0299566,
            51.510697
          ],
          [
            -0.0303463,
            51.5108199
          ],
          [
            -0.0307976,
            51.5109627
          ],
          [
            -0.0312605,
            51.5110928
          ],
          [
            -0.0317118,
            51.5112165
          ],
          [
            -0.0320695,
            51.5113146
          ],
          [
            -0.0324413,
            51.5114048
          ],
          [
            -0.0327593,
            51.5114814
          ],
          [
            -0.03324,
            51.5115843
          ],
          [
            -0.033561,
            51.5116504
          ],
          [
            -0.033995,
            51.5117343
          ],
          [
            -0.0344178,
            51.5118108
          ],
          [
            -0.0347898,
            51.5118709
          ],
          [
            -0.0350319,
            51.5119111
          ],
          [
            -0.0354466,
            51.5119841
          ],
          [
            -0.035887,
            51.5120372
          ],
          [
            -0.0364222,
            51.5121071
          ],
          [
            -0.0367878,
            51.5121497
          ],
          [
            -0.0371991,
            51.5121909
          ],
          [
            -0.0377159,
            51.512238
          ],
          [
            -0.0383035,
            51.5122789
          ]
        ]
      },
      "id": "way/1300119376"
    },
    {
      "type": "Feature",
      "properties": {
        "@id": "way/1300119387",
        "bridge": "viaduct",
        "electrified": "rail",
        "frequency": "0",
        "gauge": "1435",
        "layer": "1",
        "line": "Docklands Light Railway",
        "maxspeed": "50",
        "name": "Docklands Light Railway",
        "operator": "Keolis Amey Docklands",
        "operator:wikidata": "Q89212210",
        "railway": "light_rail",
        "railway:cbtc": "dto",
        "railway:preferred_direction": "forward",
        "voltage": "750"
      },
      "geometry": {
        "type": "LineString",
        "coordinates": [
          [
            -0.0273535,
            51.5097007
          ],
          [
            -0.026485,
            51.5093621
          ],
          [
            -0.0262331,
            51.5092698
          ],
          [
            -0.0259361,
            51.5091636
          ]
        ]
      },
      "id": "way/1300119387"
    },
    {
      "type": "Feature",
      "properties": {
        "@id": "way/1300119388",
        "bridge": "yes",
        "electrified": "rail",
        "frequency": "0",
        "gauge": "1435",
        "layer": "1",
        "line": "Docklands Light Railway",
        "maxspeed": "50",
        "name": "Docklands Light Railway",
        "operator": "Keolis Amey Docklands",
        "operator:wikidata": "Q89212210",
        "railway": "light_rail",
        "railway:cbtc": "dto",
        "railway:preferred_direction": "forward",
        "voltage": "750"
      },
      "geometry": {
        "type": "LineString",
        "coordinates": [
          [
            -0.0260175,
            51.509159
          ],
          [
            -0.0265769,
            51.5093636
          ],
          [
            -0.0273103,
            51.5096533
          ],
          [
            -0.0277347,
            51.5098305
          ]
        ]
      },
      "id": "way/1300119388"
    },
    {
      "type": "Feature",
      "properties": {
        "@id": "way/150397522",
        "bridge": "viaduct",
        "electrified": "rail",
        "frequency": "0",
        "gauge": "1435",
        "layer": "2",
        "line": "Docklands Light Railway",
        "maxspeed": "20",
        "name": "Docklands Light Railway",
        "official_name": "Up City Lines",
        "operator": "Keolis Amey Docklands",
        "operator:wikidata": "Q89212210",
        "railway": "light_rail",
        "railway:cbtc": "dto",
        "railway:preferred_direction": "forward",
        "railway:track_ref": "Up City Lines",
        "voltage": "750"
      },
      "geometry": {
        "type": "LineString",
        "coordinates": [
          [
            -0.0209664,
            51.5056416
          ],
          [
            -0.0209203,
            51.5058172
          ],
          [
            -0.0208788,
            51.5059539
          ],
          [
            -0.0208379,
            51.5060999
          ],
          [
            -0.0207869,
            51.5062963
          ],
          [
            -0.0206591,
            51.5067284
          ],
          [
            -0.0205978,
            51.5069585
          ],
          [
            -0.0205426,
            51.5071676
          ],
          [
            -0.0205225,
            51.50723
          ],
          [
            -0.0204774,
            51.5073354
          ],
          [
            -0.0204562,
            51.5073973
          ],
          [
            -0.0204366,
            51.5074623
          ],
          [
            -0.0204461,
            51.507528
          ],
          [
            -0.0204766,
            51.5075969
          ],
          [
            -0.0205261,
            51.5076567
          ],
          [
            -0.0205809,
            51.507698
          ],
          [
            -0.0206438,
            51.5077361
          ],
          [
            -0.0207215,
            51.5077654
          ],
          [
            -0.0207837,
            51.507797
          ]
        ]
      },
      "id": "way/150397522"
    },
    {
      "type": "Feature",
      "properties": {
        "@id": "way/150397523",
        "bridge": "viaduct",
        "electrified": "rail",
        "frequency": "0",
        "gauge": "1435",
        "layer": "2",
        "line": "Docklands Light Railway",
        "maxspeed": "20",
        "name": "Docklands Light Railway",
        "operator": "Keolis Amey Docklands",
        "operator:wikidata": "Q89212210",
        "railway": "light_rail",
        "railway:cbtc": "dto",
        "railway:preferred_direction": "forward",
        "voltage": "750"
      },
      "geometry": {
        "type": "LineString",
        "coordinates": [
          [
            -0.0207536,
            51.50571
          ],
          [
            -0.0207463,
            51.5057478
          ],
          [
            -0.0207415,
            51.5057917
          ],
          [
            -0.0207354,
            51.5058314
          ],
          [
            -0.0207131,
            51.5059525
          ],
          [
            -0.0206908,
            51.5060318
          ],
          [
            -0.0206824,
            51.506073
          ],
          [
            -0.0206704,
            51.5061144
          ]
        ]
      },
      "id": "way/150397523"
    },
    {
      "type": "Feature",
      "properties": {
        "@id": "way/151812552",
        "bridge": "viaduct",
        "electrified": "rail",
        "frequency": "0",
        "gauge": "1435",
        "layer": "2",
        "line": "Docklands Light Railway",
        "maxspeed": "20",
        "name": "Docklands Light Railway",
        "operator": "Keolis Amey Docklands",
        "operator:wikidata": "Q89212210",
        "railway": "light_rail",
        "railway:cbtc": "dto",
        "railway:preferred_direction": "forward",
        "voltage": "750"
      },
      "geometry": {
        "type": "LineString",
        "coordinates": [
          [
            -0.0203033,
            51.5072604
          ],
          [
            -0.0205317,
            51.5064289
          ],
          [
            -0.0206167,
            51.5061071
          ]
        ]
      },
      "id": "way/151812552"
    },
    {
      "type": "Feature",
      "properties": {
        "@id": "way/163579104",
        "bridge": "viaduct",
        "electrified": "rail",
        "frequency": "0",
        "gauge": "1435",
        "layer": "2",
        "line": "Docklands Light Railway",
        "maxspeed": "20",
        "name": "Docklands Light Railway",
        "operator": "Keolis Amey Docklands",
        "operator:wikidata": "Q89212210",
        "railway": "light_rail",
        "railway:cbtc": "dto",
        "railway:preferred_direction": "forward",
        "voltage": "750"
      },
      "geometry": {
        "type": "LineString",
        "coordinates": [
          [
            -0.0203576,
            51.5072661
          ],
          [
            -0.0203283,
            51.5073766
          ],
          [
            -0.0203223,
            51.5074373
          ],
          [
            -0.0203332,
            51.5075051
          ],
          [
            -0.0203675,
            51.507574
          ],
          [
            -0.0204197,
            51.5076334
          ],
          [
            -0.0204725,
            51.5076784
          ],
          [
            -0.0205386,
            51.5077161
          ],
          [
            -0.0206119,
            51.5077492
          ],
          [
            -0.0206819,
            51.5077696
          ],
          [
            -0.0207837,
            51.507797
          ]
        ]
      },
      "id": "way/163579104"
    },
    {
      "type": "Feature",
      "properties": {
        "@id": "way/163611724",
        "bridge": "viaduct",
        "electrified": "rail",
        "frequency": "0",
        "gauge": "1435",
        "layer": "2",
        "line": "Docklands Light Railway",
        "maxspeed": "20",
        "name": "Docklands Light Railway",
        "operator": "Keolis Amey Docklands",
        "operator:wikidata": "Q89212210",
        "railway": "light_rail",
        "railway:cbtc": "dto",
        "railway:preferred_direction": "forward",
        "voltage": "750"
      },
      "geometry": {
        "type": "LineString",
        "coordinates": [
          [
            -0.0205929,
            51.5056034
          ],
          [
            -0.020811,
            51.5048108
          ],
          [
            -0.0208679,
            51.5045998
          ],
          [
            -0.0208902,
            51.504541
          ],
          [
            -0.0209189,
            51.5044912
          ],
          [
            -0.0209414,
            51.50446
          ],
          [
            -0.0209729,
            51.504416
          ],
          [
            -0.0209988,
            51.5043792
          ],
          [
            -0.0210339,
            51.5043288
          ],
          [
            -0.0210717,
            51.5042775
          ],
          [
            -0.0211039,
            51.5042269
          ],
          [
            -0.0211408,
            51.5041496
          ],
          [
            -0.0211641,
            51.504085
          ]
        ]
      },
      "id": "way/163611724"
    },
    {
      "type": "Feature",
      "properties": {
        "@id": "way/163611728",
        "bridge": "viaduct",
        "electrified": "rail",
        "frequency": "0",
        "gauge": "1435",
        "layer": "2",
        "line": "Docklands Light Railway",
        "maxspeed": "20",
        "name": "Docklands Light Railway",
        "operator": "Keolis Amey Docklands",
        "operator:wikidata": "Q89212210",
        "railway": "light_rail",
        "railway:cbtc": "dto",
        "railway:preferred_direction": "forward",
        "voltage": "750"
      },
      "geometry": {
        "type": "LineString",
        "coordinates": [
          [
            -0.0210467,
            51.5046195
          ],
          [
            -0.0210614,
            51.5045371
          ],
          [
            -0.0210836,
            51.5044407
          ],
          [
            -0.0210911,
            51.5043912
          ],
          [
            -0.0211016,
            51.5043245
          ],
          [
            -0.0211171,
            51.5042629
          ],
          [
            -0.0211321,
            51.5042204
          ],
          [
            -0.021148,
            51.5041808
          ],
          [
            -0.0211641,
            51.504085
          ]
        ]
      },
      "id": "way/163611728"
    },
    {
      "type": "Feature",
      "properties": {
        "@id": "way/163611731",
        "bridge": "viaduct",
        "electrified": "rail",
        "frequency": "0",
        "gauge": "1435",
        "layer": "2",
        "line": "Docklands Light Railway",
        "maxspeed": "20",
        "name": "Docklands Light Railway",
        "operator": "Keolis Amey Docklands",
        "operator:wikidata": "Q89212210",
        "railway": "light_rail",
        "railway:bidirectional": "regular",
        "railway:cbtc": "dto",
        "railway:preferred_direction": "both",
        "voltage": "750"
      },
      "geometry": {
        "type": "LineString",
        "coordinates": [
          [
            -0.0207536,
            51.50571
          ],
          [
            -0.0207893,
            51.5055519
          ],
          [
            -0.0208377,
            51.5053702
          ]
        ]
      },
      "id": "way/163611731"
    },
    {
      "type": "Feature",
      "properties": {
        "@id": "way/163611735",
        "bridge": "viaduct",
        "electrified": "rail",
        "frequency": "0",
        "gauge": "1435",
        "layer": "2",
        "line": "Docklands Light Railway",
        "maxspeed": "20",
        "name": "Docklands Light Railway",
        "operator": "Keolis Amey Docklands",
        "operator:wikidata": "Q89212210",
        "railway": "light_rail",
        "railway:cbtc": "dto",
        "railway:preferred_direction": "forward",
        "voltage": "750"
      },
      "geometry": {
        "type": "LineString",
        "coordinates": [
          [
            -0.0206167,
            51.5061071
          ],
          [
            -0.0206138,
            51.506049
          ],
          [
            -0.0206153,
            51.5059908
          ],
          [
            -0.0206102,
            51.5059474
          ],
          [
            -0.0206025,
            51.5058936
          ],
          [
            -0.0205947,
            51.5058298
          ],
          [
            -0.0205888,
            51.50578
          ],
          [
            -0.0205829,
            51.5057421
          ],
          [
            -0.0205789,
            51.5057078
          ],
          [
            -0.020582,
            51.5056589
          ],
          [
            -0.0205929,
            51.5056034
          ]
        ]
      },
      "id": "way/163611735"
    },
    {
      "type": "Feature",
      "properties": {
        "@id": "way/163611737",
        "bridge": "viaduct",
        "electrified": "rail",
        "frequency": "0",
        "gauge": "1435",
        "layer": "2",
        "line": "Docklands Light Railway",
        "maxspeed": "20",
        "name": "Docklands Light Railway",
        "operator": "Keolis Amey Docklands",
        "operator:wikidata": "Q89212210",
        "railway": "light_rail",
        "railway:cbtc": "dto",
        "railway:preferred_direction": "forward",
        "voltage": "750"
      },
      "geometry": {
        "type": "LineString",
        "coordinates": [
          [
            -0.0209664,
            51.5056416
          ],
          [
            -0.0209369,
            51.5057038
          ],
          [
            -0.020917,
            51.5057424
          ],
          [
            -0.0208937,
            51.5057765
          ],
          [
            -0.0208645,
            51.5058174
          ],
          [
            -0.0208167,
            51.5058866
          ],
          [
            -0.0207883,
            51.5059266
          ],
          [
            -0.0207503,
            51.5059778
          ],
          [
            -0.0207265,
            51.506018
          ],
          [
            -0.0207009,
            51.5060608
          ],
          [
            -0.0206704,
            51.5061144
          ]
        ]
      },
      "id": "way/163611737"
    },
    {
      "type": "Feature",
      "properties": {
        "@id": "way/170221167",
        "bridge": "viaduct",
        "covered": "yes",
        "electrified": "rail",
        "frequency": "0",
        "gauge": "1435",
        "layer": "2",
        "line": "Docklands Light Railway",
        "maxspeed": "50",
        "name": "Docklands Light Railway",
        "official_name": "Up Lewisham",
        "operator": "Keolis Amey Docklands",
        "operator:wikidata": "Q89212210",
        "railway": "light_rail",
        "railway:cbtc": "dto",
        "railway:preferred_direction": "forward",
        "railway:track_ref": "Up Lewisham",
        "voltage": "750"
      },
      "geometry": {
        "type": "LineString",
        "coordinates": [
          [
            -0.0216291,
            51.5025779
          ],
          [
            -0.0214863,
            51.5031092
          ],
          [
            -0.0214453,
            51.5032695
          ]
        ]
      },
      "id": "way/170221167"
    },
    {
      "type": "Feature",
      "properties": {
        "@id": "way/170221168",
        "bridge": "viaduct",
        "covered": "yes",
        "electrified": "rail",
        "frequency": "0",
        "gauge": "1435",
        "layer": "2",
        "line": "Docklands Light Railway",
        "maxspeed": "50",
        "name": "Docklands Light Railway",
        "official_name": "Up Lewisham",
        "operator": "Keolis Amey Docklands",
        "operator:wikidata": "Q89212210",
        "railway": "light_rail",
        "railway:cbtc": "dto",
        "railway:preferred_direction": "forward",
        "railway:track_ref": "Down Lewisham",
        "voltage": "750"
      },
      "geometry": {
        "type": "LineString",
        "coordinates": [
          [
            -0.0213766,
            51.5032624
          ],
          [
            -0.0215348,
            51.5026998
          ],
          [
            -0.0215751,
            51.5025722
          ]
        ]
      },
      "id": "way/170221168"
    },
    {
      "type": "Feature",
      "properties": {
        "@id": "way/170221169",
        "bridge": "viaduct",
        "electrified": "rail",
        "frequency": "0",
        "gauge": "1435",
        "layer": "2",
        "line": "Docklands Light Railway",
        "maxspeed": "25",
        "name": "Docklands Light Railway",
        "official_name": "Up Lewisham",
        "operator": "Keolis Amey Docklands",
        "operator:wikidata": "Q89212210",
        "railway": "light_rail",
        "railway:cbtc": "dto",
        "railway:preferred_direction": "forward",
        "railway:track_ref": "Up Lewisham",
        "voltage": "750"
      },
      "geometry": {
        "type": "LineString",
        "coordinates": [
          [
            -0.0214453,
            51.5032695
          ],
          [
            -0.0212176,
            51.5040917
          ]
        ]
      },
      "id": "way/170221169"
    },
    {
      "type": "Feature",
      "properties": {
        "@id": "way/187695497",
        "bridge": "viaduct",
        "electrified": "rail",
        "frequency": "0",
        "gauge": "1435",
        "layer": "1",
        "line": "Docklands Light Railway",
        "maxspeed": "20",
        "name": "Docklands Light Railway",
        "official_name": "Down City Lines",
        "operator": "Keolis Amey Docklands",
        "operator:wikidata": "Q89212210",
        "railway": "light_rail",
        "railway:cbtc": "dto",
        "railway:preferred_direction": "forward",
        "railway:track_ref": "Down City Lines",
        "voltage": "750"
      },
      "geometry": {
        "type": "LineString",
        "coordinates": [
          [
            -0.0203487,
            51.5077795
          ],
          [
            -0.0202992,
            51.5077673
          ],
          [
            -0.0202568,
            51.5077534
          ],
          [
            -0.0202088,
            51.5077332
          ],
          [
            -0.0201584,
            51.5077088
          ],
          [
            -0.0201097,
            51.5076801
          ],
          [
            -0.0200558,
            51.5076433
          ],
          [
            -0.0200173,
            51.5076089
          ],
          [
            -0.0199878,
            51.5075726
          ],
          [
            -0.0199607,
            51.5075378
          ],
          [
            -0.0199422,
            51.5075006
          ],
          [
            -0.0199284,
            51.5074637
          ],
          [
            -0.0199206,
            51.5074276
          ],
          [
            -0.0199201,
            51.5073835
          ],
          [
            -0.0199237,
            51.5073578
          ],
          [
            -0.0199323,
            51.5073211
          ],
          [
            -0.0199428,
            51.5072846
          ],
          [
            -0.0199681,
            51.5072457
          ],
          [
            -0.019992,
            51.5072062
          ],
          [
            -0.0200148,
            51.5071754
          ],
          [
            -0.0200704,
            51.5071089
          ],
          [
            -0.0201002,
            51.5070686
          ]
        ]
      },
      "id": "way/187695497"
    },
    {
      "type": "Feature",
      "properties": {
        "@id": "way/655753085",
        "bridge": "viaduct",
        "electrified": "rail",
        "frequency": "0",
        "gauge": "1435",
        "layer": "2",
        "line": "Docklands Light Railway",
        "maxspeed": "20",
        "name": "Docklands Light Railway",
        "official_name": "Down City Lines",
        "operator": "Keolis Amey Docklands",
        "operator:wikidata": "Q89212210",
        "railway": "light_rail",
        "railway:cbtc": "dto",
        "railway:preferred_direction": "forward",
        "railway:track_ref": "Down City Lines",
        "voltage": "750"
      },
      "geometry": {
        "type": "LineString",
        "coordinates": [
          [
            -0.0201002,
            51.5070686
          ],
          [
            -0.0201564,
            51.5069889
          ],
          [
            -0.0201866,
            51.5069193
          ],
          [
            -0.0202747,
            51.5066202
          ],
          [
            -0.0203351,
            51.5064049
          ],
          [
            -0.0203699,
            51.5063138
          ],
          [
            -0.0203972,
            51.5062469
          ],
          [
            -0.0204313,
            51.5061614
          ],
          [
            -0.0204619,
            51.5060735
          ],
          [
            -0.0205079,
            51.5058964
          ],
          [
            -0.0205427,
            51.5057389
          ],
          [
            -0.0205929,
            51.5056034
          ]
        ]
      },
      "id": "way/655753085"
    },
    {
      "type": "Feature",
      "properties": {
        "@id": "way/655753086",
        "bridge": "viaduct",
        "electrified": "rail",
        "frequency": "0",
        "gauge": "1435",
        "layer": "2",
        "line": "Docklands Light Railway",
        "maxspeed": "20",
        "name": "Docklands Light Railway",
        "operator": "Keolis Amey Docklands",
        "operator:wikidata": "Q89212210",
        "railway": "light_rail",
        "railway:cbtc": "dto",
        "railway:preferred_direction": "forward",
        "voltage": "750"
      },
      "geometry": {
        "type": "LineString",
        "coordinates": [
          [
            -0.0206167,
            51.5061071
          ],
          [
            -0.0206345,
            51.5060523
          ],
          [
            -0.0206494,
            51.5059895
          ],
          [
            -0.0206645,
            51.5059338
          ],
          [
            -0.0206885,
            51.5058649
          ],
          [
            -0.0207088,
            51.5058127
          ],
          [
            -0.0207308,
            51.505757
          ],
          [
            -0.0207536,
            51.50571
          ]
        ]
      },
      "id": "way/655753086"
    },
    {
      "type": "Feature",
      "properties": {
        "@id": "way/655777713",
        "bridge": "viaduct",
        "electrified": "rail",
        "frequency": "0",
        "gauge": "1435",
        "layer": "2",
        "line": "Docklands Light Railway",
        "maxspeed": "20",
        "name": "Docklands Light Railway",
        "operator": "Keolis Amey Docklands",
        "operator:wikidata": "Q89212210",
        "railway": "light_rail",
        "railway:cbtc": "dto",
        "railway:preferred_direction": "forward",
        "voltage": "750"
      },
      "geometry": {
        "type": "LineString",
        "coordinates": [
          [
            -0.0204425,
            51.5069468
          ],
          [
            -0.0203576,
            51.5072661
          ]
        ]
      },
      "id": "way/655777713"
    },
    {
      "type": "Feature",
      "properties": {
        "@id": "way/655777714",
        "bridge": "viaduct",
        "electrified": "rail",
        "frequency": "0",
        "gauge": "1435",
        "layer": "2",
        "line": "Docklands Light Railway",
        "maxspeed": "20",
        "name": "Docklands Light Railway",
        "operator": "Keolis Amey Docklands",
        "operator:wikidata": "Q89212210",
        "railway": "light_rail",
        "railway:cbtc": "dto",
        "railway:preferred_direction": "forward",
        "voltage": "750"
      },
      "geometry": {
        "type": "LineString",
        "coordinates": [
          [
            -0.0206704,
            51.5061144
          ],
          [
            -0.0204425,
            51.5069468
          ]
        ]
      },
      "id": "way/655777714"
    },
    {
      "type": "Feature",
      "properties": {
        "@id": "way/655777715",
        "bridge": "viaduct",
        "electrified": "rail",
        "frequency": "0",
        "gauge": "1435",
        "layer": "2",
        "line": "Docklands Light Railway",
        "maxspeed": "20",
        "name": "Docklands Light Railway",
        "operator": "Keolis Amey Docklands",
        "operator:wikidata": "Q89212210",
        "railway": "light_rail",
        "railway:cbtc": "dto",
        "railway:preferred_direction": "forward",
        "voltage": "750"
      },
      "geometry": {
        "type": "LineString",
        "coordinates": [
          [
            -0.0212176,
            51.5040917
          ],
          [
            -0.0212065,
            51.5041634
          ],
          [
            -0.0212047,
            51.5042621
          ],
          [
            -0.0212098,
            51.504329
          ],
          [
            -0.0212216,
            51.5044003
          ],
          [
            -0.0212282,
            51.5044537
          ],
          [
            -0.0212323,
            51.504485
          ],
          [
            -0.021237,
            51.5045327
          ],
          [
            -0.0212384,
            51.5045841
          ],
          [
            -0.021237,
            51.504624
          ],
          [
            -0.0212374,
            51.5046403
          ],
          [
            -0.0210257,
            51.5053929
          ],
          [
            -0.0209664,
            51.5056416
          ]
        ]
      },
      "id": "way/655777715"
    },
    {
      "type": "Feature",
      "properties": {
        "@id": "way/655777717",
        "bridge": "viaduct",
        "electrified": "rail",
        "frequency": "0",
        "gauge": "1435",
        "layer": "2",
        "line": "Docklands Light Railway",
        "maxspeed": "20",
        "name": "Docklands Light Railway",
        "operator": "Keolis Amey Docklands",
        "operator:wikidata": "Q89212210",
        "railway": "light_rail",
        "railway:cbtc": "dto",
        "railway:preferred_direction": "forward",
        "voltage": "750"
      },
      "geometry": {
        "type": "LineString",
        "coordinates": [
          [
            -0.0212176,
            51.5040917
          ],
          [
            -0.0211957,
            51.5041622
          ],
          [
            -0.0211859,
            51.5042001
          ],
          [
            -0.0211763,
            51.5042623
          ],
          [
            -0.0211667,
            51.5042981
          ],
          [
            -0.0211505,
            51.5043422
          ],
          [
            -0.0211326,
            51.5043863
          ],
          [
            -0.021113,
            51.5044299
          ],
          [
            -0.0210933,
            51.504477
          ],
          [
            -0.0210782,
            51.5045274
          ],
          [
            -0.0210467,
            51.5046195
          ]
        ]
      },
      "id": "way/655777717"
    },
    {
      "type": "Feature",
      "properties": {
        "@id": "way/700422769",
        "bridge": "viaduct",
        "electrified": "rail",
        "frequency": "0",
        "gauge": "1435",
        "layer": "2",
        "line": "Docklands Light Railway",
        "maxspeed": "20",
        "name": "Docklands Light Railway",
        "operator": "Keolis Amey Docklands",
        "operator:wikidata": "Q89212210",
        "railway": "light_rail",
        "railway:bidirectional": "regular",
        "railway:cbtc": "dto",
        "railway:preferred_direction": "both",
        "voltage": "750"
      },
      "geometry": {
        "type": "LineString",
        "coordinates": [
          [
            -0.0208377,
            51.5053702
          ],
          [
            -0.0209865,
            51.5048246
          ]
        ]
      },
      "id": "way/700422769"
    },
    {
      "type": "Feature",
      "properties": {
        "@id": "way/700422770",
        "bridge": "viaduct",
        "electrified": "rail",
        "frequency": "0",
        "gauge": "1435",
        "layer": "2",
        "line": "Docklands Light Railway",
        "maxspeed": "20",
        "name": "Docklands Light Railway",
        "operator": "Keolis Amey Docklands",
        "operator:wikidata": "Q89212210",
        "railway": "light_rail",
        "railway:bidirectional": "regular",
        "railway:cbtc": "dto",
        "railway:preferred_direction": "both",
        "voltage": "750"
      },
      "geometry": {
        "type": "LineString",
        "coordinates": [
          [
            -0.0209865,
            51.5048246
          ],
          [
            -0.0210467,
            51.5046195
          ]
        ]
      },
      "id": "way/700422770"
    },
    {
      "type": "Feature",
      "properties": {
        "@id": "way/1300368196",
        "bridge": "viaduct",
        "electrified": "rail",
        "frequency": "0",
        "gauge": "1435",
        "layer": "2",
        "line": "Docklands Light Railway",
        "maxspeed": "20",
        "name": "Docklands Light Railway",
        "operator": "Keolis Amey Docklands",
        "operator:wikidata": "Q89212210",
        "railway": "light_rail",
        "railway:cbtc": "dto",
        "railway:preferred_direction": "forward",
        "voltage": "750"
      },
      "geometry": {
        "type": "LineString",
        "coordinates": [
          [
            -0.0207515,
            51.50783
          ],
          [
            -0.0205874,
            51.5077805
          ],
          [
            -0.0205275,
            51.5077579
          ],
          [
            -0.0204777,
            51.5077325
          ],
          [
            -0.020437,
            51.5077064
          ],
          [
            -0.0203941,
            51.5076756
          ],
          [
            -0.0203581,
            51.5076444
          ],
          [
            -0.020304,
            51.5075768
          ],
          [
            -0.0202754,
            51.5075043
          ],
          [
            -0.0202645,
            51.5074579
          ],
          [
            -0.0202733,
            51.5073966
          ],
          [
            -0.0203033,
            51.5072604
          ]
        ]
      },
      "id": "way/1300368196"
    },
    {
      "type": "Feature",
      "properties": {
        "@id": "way/1300368198",
        "bridge": "viaduct",
        "electrified": "rail",
        "frequency": "0",
        "gauge": "1435",
        "layer": "2",
        "line": "Docklands Light Railway",
        "maxspeed": "25",
        "name": "Docklands Light Railway",
        "official_name": "Down Lewisham",
        "operator": "Keolis Amey Docklands",
        "operator:wikidata": "Q89212210",
        "railway": "light_rail",
        "railway:cbtc": "dto",
        "railway:preferred_direction": "forward",
        "railway:track_ref": "Down Lewisham",
        "voltage": "750"
      },
      "geometry": {
        "type": "LineString",
        "coordinates": [
          [
            -0.0211641,
            51.504085
          ],
          [
            -0.0213766,
            51.5032624
          ]
        ]
      },
      "id": "way/1300368198"
    },
    {
      "type": "Feature",
      "properties": {
        "@id": "way/1300368199",
        "bridge": "viaduct",
        "electrified": "rail",
        "frequency": "0",
        "gauge": "1435",
        "layer": "2",
        "line": "Docklands Light Railway",
        "maxspeed": "50",
        "name": "Docklands Light Railway",
        "official_name": "Up Lewisham",
        "operator": "Keolis Amey Docklands",
        "operator:wikidata": "Q89212210",
        "railway": "light_rail",
        "railway:cbtc": "dto",
        "railway:preferred_direction": "forward",
        "railway:track_ref": "Up Lewisham",
        "short_name": "DLR",
        "voltage": "750"
      },
      "geometry": {
        "type": "LineString",
        "coordinates": [
          [
            -0.0218409,
            51.501809
          ],
          [
            -0.0217558,
            51.5021208
          ],
          [
            -0.0216291,
            51.5025779
          ]
        ]
      },
      "id": "way/1300368199"
    },
    {
      "type": "Feature",
      "properties": {
        "@id": "way/1300368200",
        "bridge": "viaduct",
        "electrified": "rail",
        "frequency": "0",
        "gauge": "1435",
        "layer": "2",
        "line": "Docklands Light Railway",
        "maxspeed": "50",
        "name": "Docklands Light Railway",
        "official_name": "Down Lewisham",
        "operator": "Keolis Amey Docklands",
        "operator:wikidata": "Q89212210",
        "railway": "light_rail",
        "railway:cbtc": "dto",
        "railway:preferred_direction": "forward",
        "railway:track_ref": "Down Lewisham",
        "short_name": "DLR",
        "voltage": "750"
      },
      "geometry": {
        "type": "LineString",
        "coordinates": [
          [
            -0.0215751,
            51.5025722
          ],
          [
            -0.0216996,
            51.5021135
          ],
          [
            -0.0217875,
            51.5017962
          ]
        ]
      },
      "id": "way/1300368200"
    },
    {
      "type": "Feature",
      "properties": {
        "@id": "way/1300368242",
        "bridge": "viaduct",
        "electrified": "rail",
        "frequency": "0",
        "gauge": "1435",
        "layer": "1",
        "line": "Docklands Light Railway",
        "maxspeed": "60",
        "name": "Docklands Light Railway",
        "official_name": "Down City Lines",
        "operator": "Keolis Amey Docklands",
        "operator:wikidata": "Q89212210",
        "railway": "light_rail",
        "railway:cbtc": "dto",
        "railway:preferred_direction": "forward",
        "railway:track_ref": "Down City Lines",
        "voltage": "750"
      },
      "geometry": {
        "type": "LineString",
        "coordinates": [
          [
            -0.0213697,
            51.5080195
          ],
          [
            -0.0208753,
            51.5079127
          ],
          [
            -0.0207305,
            51.5078735
          ],
          [
            -0.0205567,
            51.5078278
          ],
          [
            -0.0204583,
            51.507806
          ],
          [
            -0.0203487,
            51.5077795
          ]
        ]
      },
      "id": "way/1300368242"
    },
    {
      "type": "Feature",
      "properties": {
        "@id": "way/10324857",
        "electrified": "rail",
        "frequency": "0",
        "gauge": "1435",
        "operator": "Keolis Amey Docklands",
        "operator:wikidata": "Q89212210",
        "railway": "light_rail",
        "railway:cbtc": "dto",
        "service": "yard",
        "voltage": "750"
      },
      "geometry": {
        "type": "LineString",
        "coordinates": [
          [
            -0.0165589,
            51.5079791
          ],
          [
            -0.0146169,
            51.5079289
          ],
          [
            -0.0143932,
            51.5079215
          ],
          [
            -0.0142766,
            51.5079168
          ],
          [
            -0.0141462,
            51.5078964
          ]
        ]
      },
      "id": "way/10324857"
    },
    {
      "type": "Feature",
      "properties": {
        "@id": "way/10325031",
        "electrified": "rail",
        "frequency": "0",
        "gauge": "1435",
        "operator": "Keolis Amey Docklands",
        "operator:wikidata": "Q89212210",
        "railway": "light_rail",
        "railway:cbtc": "dto",
        "service": "yard",
        "voltage": "750"
      },
      "geometry": {
        "type": "LineString",
        "coordinates": [
          [
            -0.0135986,
            51.5077638
          ],
          [
            -0.0137066,
            51.5077802
          ],
          [
            -0.0137886,
            51.5077866
          ],
          [
            -0.0143426,
            51.5078017
          ]
        ]
      },
      "id": "way/10325031"
    },
    {
      "type": "Feature",
      "properties": {
        "@id": "way/10325160",
        "electrified": "rail",
        "frequency": "0",
        "gauge": "1435",
        "operator": "Keolis Amey Docklands",
        "operator:wikidata": "Q89212210",
        "railway": "light_rail",
        "railway:cbtc": "dto",
        "service": "yard",
        "voltage": "750"
      },
      "geometry": {
        "type": "LineString",
        "coordinates": [
          [
            -0.013562,
            51.5076636
          ],
          [
            -0.013686,
            51.5076748
          ],
          [
            -0.0137851,
            51.5076981
          ],
          [
            -0.0138742,
            51.507718
          ],
          [
            -0.0139421,
            51.5077272
          ],
          [
            -0.014037,
            51.5077316
          ],
          [
            -0.0143398,
            51.5077372
          ]
        ]
      },
      "id": "way/10325160"
    },
    {
      "type": "Feature",
      "properties": {
        "@id": "way/17681171",
        "electrified": "rail",
        "frequency": "0",
        "gauge": "1435",
        "line": "Docklands Light Railway",
        "maxspeed": "30",
        "name": "Docklands Light Railway",
        "operator": "Keolis Amey Docklands",
        "operator:wikidata": "Q89212210",
        "railway": "light_rail",
        "railway:cbtc": "dto",
        "railway:preferred_direction": "forward",
        "voltage": "750"
      },
      "geometry": {
        "type": "LineString",
        "coordinates": [
          [
            -0.0159759,
            51.5076435
          ],
          [
            -0.0156148,
            51.5075823
          ],
          [
            -0.015533,
            51.5075693
          ],
          [
            -0.0153936,
            51.50755
          ],
          [
            -0.015205,
            51.5075343
          ],
          [
            -0.0149721,
            51.5075279
          ],
          [
            -0.0145958,
            51.5075185
          ],
          [
            -0.0141834,
            51.5075065
          ]
        ]
      },
      "id": "way/17681171"
    },
    {
      "type": "Feature",
      "properties": {
        "@id": "way/38713746",
        "electrified": "rail",
        "frequency": "0",
        "gauge": "1435",
        "line": "Docklands Light Railway",
        "maxspeed": "30",
        "name": "Docklands Light Railway",
        "operator": "Keolis Amey Docklands",
        "operator:wikidata": "Q89212210",
        "railway": "light_rail",
        "railway:cbtc": "dto",
        "railway:preferred_direction": "forward",
        "service": "crossover",
        "voltage": "750"
      },
      "geometry": {
        "type": "LineString",
        "coordinates": [
          [
            -0.0159759,
            51.5076435
          ],
          [
            -0.0157968,
            51.5075932
          ],
          [
            -0.0156294,
            51.5075496
          ]
        ]
      },
      "id": "way/38713746"
    },
    {
      "type": "Feature",
      "properties": {
        "@id": "way/38713750",
        "electrified": "rail",
        "frequency": "0",
        "gauge": "1435",
        "line": "Docklands Light Railway",
        "maxspeed": "30",
        "name": "Docklands Light Railway",
        "operator": "Keolis Amey Docklands",
        "operator:wikidata": "Q89212210",
        "railway": "light_rail",
        "railway:cbtc": "dto",
        "railway:preferred_direction": "forward",
        "service": "crossover",
        "voltage": "750"
      },
      "geometry": {
        "type": "LineString",
        "coordinates": [
          [
            -0.0159852,
            51.5075982
          ],
          [
            -0.0157968,
            51.5075932
          ],
          [
            -0.0156148,
            51.5075823
          ]
        ]
      },
      "id": "way/38713750"
    },
    {
      "type": "Feature",
      "properties": {
        "@id": "way/140235069",
        "bridge": "viaduct",
        "electrified": "rail",
        "frequency": "0",
        "gauge": "1435",
        "layer": "2",
        "line": "Docklands Light Railway",
        "maxspeed": "30",
        "name": "Docklands Light Railway",
        "operator": "Keolis Amey Docklands",
        "operator:wikidata": "Q89212210",
        "railway": "light_rail",
        "railway:cbtc": "dto",
        "railway:preferred_direction": "forward",
        "voltage": "750"
      },
      "geometry": {
        "type": "LineString",
        "coordinates": [
          [
            -0.0195885,
            51.5076395
          ],
          [
            -0.0195121,
            51.5076581
          ],
          [
            -0.0194585,
            51.5076697
          ],
          [
            -0.0191124,
            51.507745
          ],
          [
            -0.0188853,
            51.5078011
          ],
          [
            -0.0187642,
            51.5078187
          ],
          [
            -0.0186807,
            51.50783
          ],
          [
            -0.0185776,
            51.5078317
          ],
          [
            -0.0184338,
            51.5078327
          ],
          [
            -0.0182564,
            51.5078185
          ],
          [
            -0.0181417,
            51.5078111
          ],
          [
            -0.0180289,
            51.5078056
          ]
        ]
      },
      "id": "way/140235069"
    },
    {
      "type": "Feature",
      "properties": {
        "@id": "way/150397520",
        "bridge": "viaduct",
        "electrified": "rail",
        "frequency": "0",
        "gauge": "1435",
        "layer": "2",
        "line": "Docklands Light Railway",
        "maxspeed": "30",
        "name": "Docklands Light Railway",
        "operator": "Keolis Amey Docklands",
        "operator:wikidata": "Q89212210",
        "railway": "light_rail",
        "railway:cbtc": "dto",
        "railway:preferred_direction": "forward",
        "voltage": "750"
      },
      "geometry": {
        "type": "LineString",
        "coordinates": [
          [
            -0.0180577,
            51.5077691
          ],
          [
            -0.0181498,
            51.5077727
          ],
          [
            -0.0182532,
            51.5077812
          ],
          [
            -0.0184822,
            51.5078035
          ],
          [
            -0.0185852,
            51.5078082
          ],
          [
            -0.0186688,
            51.5078081
          ],
          [
            -0.0187585,
            51.5077994
          ],
          [
            -0.0188611,
            51.5077783
          ],
          [
            -0.0190368,
            51.5077348
          ],
          [
            -0.0192031,
            51.507696
          ],
          [
            -0.0194808,
            51.5076257
          ],
          [
            -0.019642,
            51.5075869
          ]
        ]
      },
      "id": "way/150397520"
    },
    {
      "type": "Feature",
      "properties": {
        "@id": "way/163579119",
        "electrified": "rail",
        "frequency": "0",
        "gauge": "1435",
        "line": "Docklands Light Railway",
        "maxspeed": "40",
        "name": "Docklands Light Railway",
        "operator": "Keolis Amey Docklands",
        "operator:wikidata": "Q89212210",
        "railway": "light_rail",
        "railway:cbtc": "dto",
        "railway:preferred_direction": "forward",
        "voltage": "750"
      },
      "geometry": {
        "type": "LineString",
        "coordinates": [
          [
            -0.0160473,
            51.5075766
          ],
          [
            -0.0163332,
            51.5076133
          ],
          [
            -0.0167085,
            51.5076521
          ],
          [
            -0.0172425,
            51.5077085
          ],
          [
            -0.0173976,
            51.5077251
          ],
          [
            -0.0177735,
            51.5077568
          ],
          [
            -0.0179143,
            51.5077657
          ],
          [
            -0.0179811,
            51.5077669
          ],
          [
            -0.0180577,
            51.5077691
          ]
        ]
      },
      "id": "way/163579119"
    },
    {
      "type": "Feature",
      "properties": {
        "@id": "way/163579124",
        "electrified": "rail",
        "frequency": "0",
        "gauge": "1435",
        "maxspeed": "30",
        "operator": "Keolis Amey Docklands",
        "operator:wikidata": "Q89212210",
        "railway": "light_rail",
        "railway:cbtc": "dto",
        "railway:preferred_direction": "forward",
        "service": "crossover",
        "voltage": "750"
      },
      "geometry": {
        "type": "LineString",
        "coordinates": [
          [
            -0.0132691,
            51.507404
          ],
          [
            -0.0133636,
            51.5074108
          ],
          [
            -0.0134177,
            51.5074178
          ],
          [
            -0.0134747,
            51.5074257
          ],
          [
            -0.013544,
            51.5074318
          ]
        ]
      },
      "id": "way/163579124"
    },
    {
      "type": "Feature",
      "properties": {
        "@id": "way/163579126",
        "electrified": "rail",
        "frequency": "0",
        "gauge": "1435",
        "maxspeed": "30",
        "operator": "Keolis Amey Docklands",
        "operator:wikidata": "Q89212210",
        "railway": "light_rail",
        "railway:cbtc": "dto",
        "railway:preferred_direction": "forward",
        "service": "crossover",
        "voltage": "750"
      },
      "geometry": {
        "type": "LineString",
        "coordinates": [
          [
            -0.0137322,
            51.5074281
          ],
          [
            -0.0139547,
            51.5074415
          ],
          [
            -0.0140649,
            51.5074572
          ],
          [
            -0.0141695,
            51.5074706
          ]
        ]
      },
      "id": "way/163579126"
    },
    {
      "type": "Feature",
      "properties": {
        "@id": "way/163579128",
        "electrified": "rail",
        "frequency": "0",
        "gauge": "1435",
        "maxspeed": "30",
        "operator": "Keolis Amey Docklands",
        "operator:wikidata": "Q89212210",
        "railway": "light_rail",
        "railway:cbtc": "dto",
        "railway:preferred_direction": "forward",
        "service": "crossover",
        "voltage": "750"
      },
      "geometry": {
        "type": "LineString",
        "coordinates": [
          [
            -0.0144281,
            51.5074787
          ],
          [
            -0.0145154,
            51.507475
          ],
          [
            -0.0145727,
            51.5074697
          ],
          [
            -0.0146563,
            51.50746
          ],
          [
            -0.0147104,
            51.5074541
          ],
          [
            -0.0147829,
            51.5074519
          ]
        ]
      },
      "id": "way/163579128"
    },
    {
      "type": "Feature",
      "properties": {
        "@id": "way/163579129",
        "electrified": "rail",
        "frequency": "0",
        "gauge": "1435",
        "operator": "Keolis Amey Docklands",
        "operator:wikidata": "Q89212210",
        "railway": "light_rail",
        "railway:cbtc": "dto",
        "service": "yard",
        "voltage": "750"
      },
      "geometry": {
        "type": "LineString",
        "coordinates": [
          [
            -0.0165616,
            51.5079453
          ],
          [
            -0.0144043,
            51.5078891
          ],
          [
            -0.0142203,
            51.5078803
          ],
          [
            -0.0141201,
            51.507875
          ],
          [
            -0.0139664,
            51.5078536
          ]
        ]
      },
      "id": "way/163579129"
    },
    {
      "type": "Feature",
      "properties": {
        "@id": "way/163579131",
        "electrified": "rail",
        "frequency": "0",
        "gauge": "1435",
        "operator": "Keolis Amey Docklands",
        "operator:wikidata": "Q89212210",
        "railway": "light_rail",
        "railway:cbtc": "dto",
        "service": "yard",
        "voltage": "750"
      },
      "geometry": {
        "type": "LineString",
        "coordinates": [
          [
            -0.0146169,
            51.5079289
          ],
          [
            -0.0148018,
            51.5079549
          ],
          [
            -0.0149244,
            51.507974
          ],
          [
            -0.0150436,
            51.5079828
          ],
          [
            -0.0152228,
            51.507987
          ],
          [
            -0.0165605,
            51.5080192
          ]
        ]
      },
      "id": "way/163579131"
    },
    {
      "type": "Feature",
      "properties": {
        "@id": "way/655753089",
        "electrified": "rail",
        "frequency": "0",
        "gauge": "1435",
        "line": "Docklands Light Railway",
        "maxspeed": "30",
        "name": "Docklands Light Railway",
        "operator": "Keolis Amey Docklands",
        "operator:wikidata": "Q89212210",
        "railway": "light_rail",
        "railway:cbtc": "dto",
        "railway:preferred_direction": "forward",
        "service": "crossover",
        "voltage": "750"
      },
      "geometry": {
        "type": "LineString",
        "coordinates": [
          [
            -0.0150991,
            51.5074637
          ],
          [
            -0.0154376,
            51.5074768
          ],
          [
            -0.0156099,
            51.507482
          ],
          [
            -0.0156866,
            51.5074772
          ],
          [
            -0.0157558,
            51.5074732
          ],
          [
            -0.015843,
            51.5074749
          ]
        ]
      },
      "id": "way/655753089"
    },
    {
      "type": "Feature",
      "properties": {
        "@id": "way/819189992",
        "covered": "yes",
        "electrified": "no",
        "gauge": "1435",
        "operator": "Keolis Amey Docklands",
        "operator:wikidata": "Q89212210",
        "railway": "light_rail",
        "railway:cbtc": "dto",
        "service": "yard"
      },
      "geometry": {
        "type": "LineString",
        "coordinates": [
          [
            -0.0145118,
            51.5078065
          ],
          [
            -0.0155687,
            51.5078319
          ]
        ]
      },
      "id": "way/819189992"
    },
    {
      "type": "Feature",
      "properties": {
        "@id": "way/819189993",
        "covered": "yes",
        "electrified": "no",
        "gauge": "1435",
        "operator": "Keolis Amey Docklands",
        "operator:wikidata": "Q89212210",
        "railway": "light_rail",
        "railway:cbtc": "dto",
        "service": "yard"
      },
      "geometry": {
        "type": "LineString",
        "coordinates": [
          [
            -0.0145157,
            51.5077416
          ],
          [
            -0.0155722,
            51.5077657
          ]
        ]
      },
      "id": "way/819189993"
    },
    {
      "type": "Feature",
      "properties": {
        "@id": "way/819189994",
        "covered": "yes",
        "electrified": "no",
        "gauge": "1435",
        "operator": "Keolis Amey Docklands",
        "operator:wikidata": "Q89212210",
        "railway": "light_rail",
        "railway:cbtc": "dto",
        "service": "yard"
      },
      "geometry": {
        "type": "LineString",
        "coordinates": [
          [
            -0.014519,
            51.5076867
          ],
          [
            -0.0155741,
            51.5077112
          ]
        ]
      },
      "id": "way/819189994"
    },
    {
      "type": "Feature",
      "properties": {
        "@id": "way/1300119392",
        "electrified": "rail",
        "frequency": "0",
        "gauge": "1435",
        "line": "Docklands Light Railway",
        "maxspeed": "65",
        "name": "Docklands Light Railway",
        "operator": "Keolis Amey Docklands",
        "operator:wikidata": "Q89212210",
        "railway": "light_rail",
        "railway:cbtc": "dto",
        "railway:preferred_direction": "forward",
        "voltage": "750"
      },
      "geometry": {
        "type": "LineString",
        "coordinates": [
          [
            -0.0191357,
            51.5080319
          ],
          [
            -0.0186947,
            51.5079797
          ],
          [
            -0.0183906,
            51.5079533
          ],
          [
            -0.0179958,
            51.5079092
          ],
          [
            -0.0175394,
            51.507859
          ]
        ]
      },
      "id": "way/1300119392"
    },
    {
      "type": "Feature",
      "properties": {
        "@id": "way/1300119393",
        "electrified": "rail",
        "frequency": "0",
        "gauge": "1435",
        "line": "Docklands Light Railway",
        "maxspeed": "40",
        "name": "Docklands Light Railway",
        "operator": "Keolis Amey Docklands",
        "operator:wikidata": "Q89212210",
        "railway": "light_rail",
        "railway:cbtc": "dto",
        "railway:preferred_direction": "forward",
        "voltage": "750"
      },
      "geometry": {
        "type": "LineString",
        "coordinates": [
          [
            -0.015843,
            51.5074749
          ],
          [
            -0.0165898,
            51.5075493
          ],
          [
            -0.0174218,
            51.5076369
          ],
          [
            -0.017751,
            51.5076721
          ]
        ]
      },
      "id": "way/1300119393"
    },
    {
      "type": "Feature",
      "properties": {
        "@id": "way/1300119394",
        "electrified": "rail",
        "frequency": "0",
        "gauge": "1435",
        "line": "Docklands Light Railway",
        "maxspeed": "65",
        "name": "Docklands Light Railway",
        "operator": "Keolis Amey Docklands",
        "operator:wikidata": "Q89212210",
        "railway": "light_rail",
        "railway:cbtc": "dto",
        "railway:preferred_direction": "forward",
        "voltage": "750"
      },
      "geometry": {
        "type": "LineString",
        "coordinates": [
          [
            -0.017751,
            51.5076721
          ],
          [
            -0.0179104,
            51.5076908
          ],
          [
            -0.0185007,
            51.5077429
          ],
          [
            -0.0188101,
            51.50779
          ],
          [
            -0.0190939,
            51.5078549
          ],
          [
            -0.0192966,
            51.5079062
          ],
          [
            -0.0195008,
            51.5079688
          ]
        ]
      },
      "id": "way/1300119394"
    },
    {
      "type": "Feature",
      "properties": {
        "@id": "way/1300119395",
        "electrified": "rail",
        "frequency": "0",
        "gauge": "1435",
        "line": "Docklands Light Railway",
        "maxspeed": "40",
        "name": "Docklands Light Railway",
        "operator": "Keolis Amey Docklands",
        "operator:wikidata": "Q89212210",
        "railway": "light_rail",
        "railway:cbtc": "dto",
        "railway:preferred_direction": "forward",
        "voltage": "750"
      },
      "geometry": {
        "type": "LineString",
        "coordinates": [
          [
            -0.0175394,
            51.507859
          ],
          [
            -0.0172981,
            51.5078324
          ],
          [
            -0.0169606,
            51.5077979
          ],
          [
            -0.0166978,
            51.5077636
          ],
          [
            -0.0164792,
            51.5077324
          ],
          [
            -0.0162997,
            51.5077012
          ],
          [
            -0.0159759,
            51.5076435
          ]
        ]
      },
      "id": "way/1300119395"
    },
    {
      "type": "Feature",
      "properties": {
        "@id": "way/1300368193",
        "electrified": "rail",
        "frequency": "0",
        "gauge": "1435",
        "line": "Docklands Light Railway",
        "maxspeed": "40",
        "name": "Docklands Light Railway",
        "operator": "Keolis Amey Docklands",
        "operator:wikidata": "Q89212210",
        "railway": "light_rail",
        "railway:cbtc": "dto",
        "railway:preferred_direction": "forward",
        "voltage": "750"
      },
      "geometry": {
        "type": "LineString",
        "coordinates": [
          [
            -0.0180289,
            51.5078056
          ],
          [
            -0.0179093,
            51.5078024
          ],
          [
            -0.0173884,
            51.5077521
          ],
          [
            -0.0163229,
            51.5076416
          ],
          [
            -0.0159852,
            51.5075982
          ]
        ]
      },
      "id": "way/1300368193"
    },
    {
      "type": "Feature",
      "properties": {
        "@id": "way/1300368194",
        "electrified": "rail",
        "frequency": "0",
        "gauge": "1435",
        "line": "Docklands Light Railway",
        "maxspeed": "55",
        "name": "Docklands Light Railway",
        "operator": "Keolis Amey Docklands",
        "operator:wikidata": "Q89212210",
        "railway": "light_rail",
        "railway:cbtc": "dto",
        "railway:preferred_direction": "forward",
        "voltage": "750"
      },
      "geometry": {
        "type": "LineString",
        "coordinates": [
          [
            -0.0150991,
            51.5074637
          ],
          [
            -0.0153899,
            51.5074857
          ],
          [
            -0.0155711,
            51.5075029
          ],
          [
            -0.0158109,
            51.507536
          ],
          [
            -0.0160473,
            51.5075766
          ]
        ]
      },
      "id": "way/1300368194"
    },
    {
      "type": "Feature",
      "properties": {
        "@id": "way/1412483260",
        "electrified": "no",
        "gauge": "1435",
        "operator": "Keolis Amey Docklands",
        "operator:wikidata": "Q89212210",
        "railway": "light_rail",
        "railway:cbtc": "dto",
        "service": "yard"
      },
      "geometry": {
        "type": "LineString",
        "coordinates": [
          [
            -0.0143426,
            51.5078017
          ],
          [
            -0.0145118,
            51.5078065
          ]
        ]
      },
      "id": "way/1412483260"
    },
    {
      "type": "Feature",
      "properties": {
        "@id": "way/1412483261",
        "electrified": "no",
        "gauge": "1435",
        "operator": "Keolis Amey Docklands",
        "operator:wikidata": "Q89212210",
        "railway": "light_rail",
        "railway:cbtc": "dto",
        "service": "yard"
      },
      "geometry": {
        "type": "LineString",
        "coordinates": [
          [
            -0.0143398,
            51.5077372
          ],
          [
            -0.0145157,
            51.5077416
          ]
        ]
      },
      "id": "way/1412483261"
    },
    {
      "type": "Feature",
      "properties": {
        "@id": "way/1412483262",
        "electrified": "no",
        "gauge": "1435",
        "operator": "Keolis Amey Docklands",
        "operator:wikidata": "Q89212210",
        "railway": "light_rail",
        "railway:cbtc": "dto",
        "service": "yard"
      },
      "geometry": {
        "type": "LineString",
        "coordinates": [
          [
            -0.0143436,
            51.507682
          ],
          [
            -0.014519,
            51.5076867
          ]
        ]
      },
      "id": "way/1412483262"
    },
    {
      "type": "Feature",
      "properties": {
        "@id": "way/4420521",
        "electrified": "rail",
        "frequency": "0",
        "gauge": "1435",
        "line": "Docklands Light Railway",
        "maxspeed": "55",
        "name": "Docklands Light Railway",
        "operator": "Keolis Amey Docklands",
        "operator:wikidata": "Q89212210",
        "railway": "light_rail",
        "railway:cbtc": "dto",
        "railway:preferred_direction": "forward",
        "voltage": "750"
      },
      "geometry": {
        "type": "LineString",
        "coordinates": [
          [
            -0.0159852,
            51.5075982
          ],
          [
            -0.0156294,
            51.5075496
          ],
          [
            -0.0154913,
            51.507533
          ],
          [
            -0.0153281,
            51.5075151
          ],
          [
            -0.0151897,
            51.5075057
          ],
          [
            -0.0144281,
            51.5074787
          ],
          [
            -0.0141695,
            51.5074706
          ],
          [
            -0.0132232,
            51.5074717
          ],
          [
            -0.0128782,
            51.507473
          ],
          [
            -0.0126441,
            51.5074787
          ]
        ]
      },
      "id": "way/4420521"
    },
    {
      "type": "Feature",
      "properties": {
        "@id": "way/5028244",
        "bridge": "yes",
        "electrified": "rail",
        "frequency": "0",
        "gauge": "1435",
        "layer": "2",
        "line": "Docklands Light Railway",
        "maxspeed": "30",
        "name": "Docklands Light Railway",
        "operator": "Keolis Amey Docklands",
        "operator:wikidata": "Q89212210",
        "railway": "light_rail",
        "railway:cbtc": "dto",
        "railway:preferred_direction": "forward",
        "voltage": "750"
      },
      "geometry": {
        "type": "LineString",
        "coordinates": [
          [
            -0.0141834,
            51.5075065
          ],
          [
            -0.0127045,
            51.507522
          ],
          [
            -0.0123386,
            51.5075263
          ],
          [
            -0.011809,
            51.507527
          ],
          [
            -0.0115953,
            51.5075333
          ]
        ]
      },
      "id": "way/5028244"
    },
    {
      "type": "Feature",
      "properties": {
        "@id": "way/10324834",
        "electrified": "rail",
        "frequency": "0",
        "gauge": "1435",
        "operator": "Keolis Amey Docklands",
        "operator:wikidata": "Q89212210",
        "railway": "light_rail",
        "railway:cbtc": "dto",
        "service": "yard",
        "voltage": "750"
      },
      "geometry": {
        "type": "LineString",
        "coordinates": [
          [
            -0.0165555,
            51.5080958
          ],
          [
            -0.0157921,
            51.5080738
          ],
          [
            -0.0156266,
            51.5080698
          ],
          [
            -0.0153284,
            51.5080645
          ],
          [
            -0.0151945,
            51.5080617
          ],
          [
            -0.0150001,
            51.5080573
          ],
          [
            -0.0145065,
            51.5080426
          ],
          [
            -0.0140264,
            51.5080285
          ],
          [
            -0.0135989,
            51.5080203
          ],
          [
            -0.0123337,
            51.5079849
          ]
        ]
      },
      "id": "way/10324834"
    },
    {
      "type": "Feature",
      "properties": {
        "@id": "way/10324843",
        "electrified": "rail",
        "frequency": "0",
        "gauge": "1435",
        "operator": "Keolis Amey Docklands",
        "operator:wikidata": "Q89212210",
        "railway": "light_rail",
        "railway:cbtc": "dto",
        "service": "yard",
        "voltage": "750"
      },
      "geometry": {
        "type": "LineString",
        "coordinates": [
          [
            -0.0165581,
            51.5080535
          ],
          [
            -0.0148233,
            51.5080111
          ],
          [
            -0.0147233,
            51.5080077
          ],
          [
            -0.0143277,
            51.5079956
          ],
          [
            -0.0141187,
            51.5079916
          ],
          [
            -0.0133329,
            51.5079707
          ],
          [
            -0.0123357,
            51.5079429
          ]
        ]
      },
      "id": "way/10324843"
    },
    {
      "type": "Feature",
      "properties": {
        "@id": "way/10324960",
        "electrified": "rail",
        "frequency": "0",
        "gauge": "1435",
        "operator": "Keolis Amey Docklands",
        "operator:wikidata": "Q89212210",
        "railway": "light_rail",
        "railway:cbtc": "dto",
        "railway:preferred_direction": "forward",
        "service": "siding",
        "voltage": "750"
      },
      "geometry": {
        "type": "LineString",
        "coordinates": [
          [
            -0.0124131,
            51.5087568
          ],
          [
            -0.0123575,
            51.5086364
          ],
          [
            -0.0121592,
            51.5081549
          ],
          [
            -0.0121164,
            51.5080492
          ],
          [
            -0.0121027,
            51.5080073
          ],
          [
            -0.0121017,
            51.5079682
          ],
          [
            -0.0121064,
            51.5079229
          ],
          [
            -0.0121214,
            51.5078791
          ],
          [
            -0.0121377,
            51.5078434
          ],
          [
            -0.0121704,
            51.5077985
          ],
          [
            -0.012199,
            51.5077674
          ],
          [
            -0.0122419,
            51.5077302
          ],
          [
            -0.0123279,
            51.5076781
          ],
          [
            -0.0123984,
            51.5076537
          ],
          [
            -0.0125079,
            51.5076238
          ],
          [
            -0.0126104,
            51.5076091
          ],
          [
            -0.0127001,
            51.5076014
          ],
          [
            -0.0127917,
            51.5075975
          ],
          [
            -0.0128619,
            51.5075986
          ],
          [
            -0.012955,
            51.5076086
          ],
          [
            -0.0130707,
            51.5076359
          ],
          [
            -0.0135654,
            51.5077545
          ],
          [
            -0.0135986,
            51.5077638
          ],
          [
            -0.0139664,
            51.5078536
          ],
          [
            -0.0141462,
            51.5078964
          ],
          [
            -0.0143803,
            51.5079509
          ],
          [
            -0.0145965,
            51.507994
          ],
          [
            -0.0147233,
            51.5080077
          ]
        ]
      },
      "id": "way/10324960"
    },
    {
      "type": "Feature",
      "properties": {
        "@id": "way/10325018",
        "electrified": "rail",
        "frequency": "0",
        "gauge": "1435",
        "operator": "Keolis Amey Docklands",
        "operator:wikidata": "Q89212210",
        "railway": "light_rail",
        "railway:cbtc": "dto",
        "service": "yard",
        "voltage": "750"
      },
      "geometry": {
        "type": "LineString",
        "coordinates": [
          [
            -0.0130707,
            51.5076359
          ],
          [
            -0.0131882,
            51.5076528
          ],
          [
            -0.0133908,
            51.5076583
          ],
          [
            -0.013562,
            51.5076636
          ],
          [
            -0.0143436,
            51.507682
          ]
        ]
      },
      "id": "way/10325018"
    },
    {
      "type": "Feature",
      "properties": {
        "@id": "way/36794007",
        "bridge": "yes",
        "electrified": "rail",
        "frequency": "0",
        "gauge": "1435",
        "layer": "1",
        "line": "Docklands Light Railway",
        "maxspeed": "65",
        "name": "Docklands Light Railway",
        "operator": "Keolis Amey Docklands",
        "operator:wikidata": "Q89212210",
        "railway": "light_rail",
        "railway:cbtc": "dto",
        "railway:preferred_direction": "forward",
        "voltage": "750"
      },
      "geometry": {
        "type": "LineString",
        "coordinates": [
          [
            -0.0204802,
            51.5083197
          ],
          [
            -0.0201445,
            51.508234
          ],
          [
            -0.019722,
            51.5081259
          ],
          [
            -0.019467,
            51.5080723
          ],
          [
            -0.0191357,
            51.5080319
          ]
        ]
      },
      "id": "way/36794007"
    },
    {
      "type": "Feature",
      "properties": {
        "@id": "way/38713744",
        "electrified": "rail",
        "frequency": "0",
        "gauge": "1435",
        "name": "DLR",
        "operator": "Keolis Amey Docklands",
        "operator:wikidata": "Q89212210",
        "railway": "light_rail",
        "railway:bidirectional": "regular",
        "railway:cbtc": "dto",
        "railway:preferred_direction": "both",
        "service": "siding",
        "voltage": "750"
      },
      "geometry": {
        "type": "LineString",
        "coordinates": [
          [
            -0.0127565,
            51.5096198
          ],
          [
            -0.0128104,
            51.5096871
          ],
          [
            -0.0128554,
            51.5097286
          ],
          [
            -0.0129008,
            51.5097739
          ],
          [
            -0.0129503,
            51.509846
          ],
          [
            -0.0129879,
            51.5099309
          ],
          [
            -0.013127,
            51.5102802
          ],
          [
            -0.0133916,
            51.5109355
          ]
        ]
      },
      "id": "way/38713744"
    },
    {
      "type": "Feature",
      "properties": {
        "@id": "way/38713745",
        "electrified": "rail",
        "frequency": "0",
        "gauge": "1435",
        "operator": "Keolis Amey Docklands",
        "operator:wikidata": "Q89212210",
        "railway": "light_rail",
        "railway:cbtc": "dto",
        "service": "siding",
        "voltage": "750"
      },
      "geometry": {
        "type": "LineString",
        "coordinates": [
          [
            -0.012991,
            51.507695
          ],
          [
            -0.0130933,
            51.5077119
          ],
          [
            -0.0132704,
            51.5077249
          ],
          [
            -0.013368,
            51.5077305
          ],
          [
            -0.0134543,
            51.5077363
          ],
          [
            -0.0135654,
            51.5077545
          ]
        ]
      },
      "id": "way/38713745"
    },
    {
      "type": "Feature",
      "properties": {
        "@id": "way/38713747",
        "electrified": "rail",
        "frequency": "0",
        "gauge": "1435",
        "maxspeed": "30",
        "operator": "Keolis Amey Docklands",
        "operator:wikidata": "Q89212210",
        "railway": "light_rail",
        "railway:cbtc": "dto",
        "railway:preferred_direction": "forward",
        "service": "siding",
        "voltage": "750"
      },
      "geometry": {
        "type": "LineString",
        "coordinates": [
          [
            -0.0125079,
            51.5076238
          ],
          [
            -0.0127093,
            51.50757
          ],
          [
            -0.0128226,
            51.507542
          ],
          [
            -0.0129316,
            51.507517
          ],
          [
            -0.0130556,
            51.5074902
          ],
          [
            -0.0131264,
            51.5074793
          ],
          [
            -0.0132232,
            51.5074717
          ]
        ]
      },
      "id": "way/38713747"
    },
    {
      "type": "Feature",
      "properties": {
        "@id": "way/151812549",
        "bridge": "viaduct",
        "electrified": "rail",
        "frequency": "0",
        "gauge": "1435",
        "layer": "2",
        "line": "Docklands Light Railway",
        "maxspeed": "20",
        "name": "Docklands Light Railway",
        "operator": "Keolis Amey Docklands",
        "operator:wikidata": "Q89212210",
        "railway": "light_rail",
        "railway:cbtc": "dto",
        "railway:preferred_direction": "forward",
        "voltage": "750"
      },
      "geometry": {
        "type": "LineString",
        "coordinates": [
          [
            -0.0203576,
            51.5072661
          ],
          [
            -0.0203195,
            51.5073451
          ],
          [
            -0.0203042,
            51.5073645
          ],
          [
            -0.0202733,
            51.5073966
          ],
          [
            -0.0202308,
            51.5074306
          ],
          [
            -0.0202054,
            51.5074513
          ],
          [
            -0.0201756,
            51.5074693
          ],
          [
            -0.0201341,
            51.5074941
          ],
          [
            -0.0200779,
            51.5075188
          ],
          [
            -0.0200111,
            51.5075394
          ],
          [
            -0.0199141,
            51.5075636
          ],
          [
            -0.0198087,
            51.5075889
          ],
          [
            -0.0196989,
            51.5076147
          ],
          [
            -0.0195885,
            51.5076395
          ]
        ]
      },
      "id": "way/151812549"
    },
    {
      "type": "Feature",
      "properties": {
        "@id": "way/163579106",
        "bridge": "viaduct",
        "electrified": "rail",
        "frequency": "0",
        "gauge": "1435",
        "layer": "2",
        "line": "Docklands Light Railway",
        "maxspeed": "80",
        "name": "Docklands Light Railway",
        "operator": "Keolis Amey Docklands",
        "operator:wikidata": "Q89212210",
        "railway": "light_rail",
        "railway:cbtc": "dto",
        "railway:preferred_direction": "forward",
        "voltage": "750"
      },
      "geometry": {
        "type": "LineString",
        "coordinates": [
          [
            -0.0233046,
            51.5083735
          ],
          [
            -0.0227887,
            51.5082515
          ],
          [
            -0.0226727,
            51.5082241
          ],
          [
            -0.0218729,
            51.5080598
          ],
          [
            -0.0212948,
            51.5079529
          ],
          [
            -0.0210207,
            51.5078969
          ],
          [
            -0.0207515,
            51.50783
          ]
        ]
      },
      "id": "way/163579106"
    },
    {
      "type": "Feature",
      "properties": {
        "@id": "way/163579108",
        "electrified": "rail",
        "frequency": "0",
        "gauge": "1435",
        "line": "Docklands Light Railway",
        "maxspeed": "30",
        "name": "Docklands Light Railway",
        "operator": "Keolis Amey Docklands",
        "operator:wikidata": "Q89212210",
        "railway": "light_rail",
        "railway:cbtc": "dto",
        "railway:preferred_direction": "forward",
        "voltage": "750"
      },
      "geometry": {
        "type": "LineString",
        "coordinates": [
          [
            -0.0119735,
            51.5074651
          ],
          [
            -0.0125195,
            51.5074196
          ],
          [
            -0.0126916,
            51.5074128
          ],
          [
            -0.0129067,
            51.5074072
          ],
          [
            -0.0132691,
            51.507404
          ],
          [
            -0.0138589,
            51.5073994
          ],
          [
            -0.0141194,
            51.5073976
          ],
          [
            -0.0144037,
            51.5074059
          ],
          [
            -0.0147442,
            51.5074199
          ],
          [
            -0.0151642,
            51.5074361
          ],
          [
            -0.0154705,
            51.5074494
          ],
          [
            -0.015843,
            51.5074749
          ]
        ]
      },
      "id": "way/163579108"
    },
    {
      "type": "Feature",
      "properties": {
        "@id": "way/163579123",
        "electrified": "rail",
        "frequency": "0",
        "gauge": "1435",
        "operator": "Keolis Amey Docklands",
        "operator:wikidata": "Q89212210",
        "railway": "light_rail",
        "railway:cbtc": "dto",
        "service": "yard",
        "voltage": "750"
      },
      "geometry": {
        "type": "LineString",
        "coordinates": [
          [
            -0.0123952,
            51.5078707
          ],
          [
            -0.0132669,
            51.5078929
          ],
          [
            -0.0134356,
            51.5078948
          ],
          [
            -0.0134929,
            51.507891
          ],
          [
            -0.013558,
            51.5078855
          ],
          [
            -0.0136744,
            51.507883
          ]
        ]
      },
      "id": "way/163579123"
    },
    {
      "type": "Feature",
      "properties": {
        "@id": "way/163579125",
        "electrified": "rail",
        "frequency": "0",
        "gauge": "1435",
        "operator": "Keolis Amey Docklands",
        "operator:wikidata": "Q89212210",
        "railway": "light_rail",
        "railway:cbtc": "dto",
        "service": "yard",
        "voltage": "750"
      },
      "geometry": {
        "type": "LineString",
        "coordinates": [
          [
            -0.013616,
            51.5078469
          ],
          [
            -0.0135144,
            51.5078315
          ],
          [
            -0.013408,
            51.5078235
          ],
          [
            -0.0131531,
            51.5078148
          ],
          [
            -0.0124439,
            51.5077959
          ]
        ]
      },
      "id": "way/163579125"
    },
    {
      "type": "Feature",
      "properties": {
        "@id": "way/163579127",
        "electrified": "rail",
        "frequency": "0",
        "gauge": "1435",
        "operator": "Keolis Amey Docklands",
        "operator:wikidata": "Q89212210",
        "railway": "light_rail",
        "railway:cbtc": "dto",
        "service": "yard",
        "voltage": "750"
      },
      "geometry": {
        "type": "LineString",
        "coordinates": [
          [
            -0.0141187,
            51.5079916
          ],
          [
            -0.0140035,
            51.5079784
          ],
          [
            -0.01391,
            51.5079596
          ],
          [
            -0.0137953,
            51.5079488
          ],
          [
            -0.0123356,
            51.5079099
          ]
        ]
      },
      "id": "way/163579127"
    },
    {
      "type": "Feature",
      "properties": {
        "@id": "way/163579130",
        "electrified": "no",
        "gauge": "1435",
        "operator": "Keolis Amey Docklands",
        "operator:wikidata": "Q89212210",
        "railway": "light_rail",
        "railway:cbtc": "dto",
        "service": "siding"
      },
      "geometry": {
        "type": "LineString",
        "coordinates": [
          [
            -0.0151499,
            51.5076188
          ],
          [
            -0.0136005,
            51.5075791
          ],
          [
            -0.0133497,
            51.507571
          ],
          [
            -0.0130198,
            51.5075629
          ],
          [
            -0.0128672,
            51.5075617
          ],
          [
            -0.0127093,
            51.50757
          ]
        ]
      },
      "id": "way/163579130"
    },
    {
      "type": "Feature",
      "properties": {
        "@id": "way/163579132",
        "electrified": "rail",
        "frequency": "0",
        "gauge": "1435",
        "operator": "Keolis Amey Docklands",
        "operator:wikidata": "Q89212210",
        "railway": "light_rail",
        "railway:cbtc": "dto",
        "railway:preferred_direction": "forward",
        "service": "siding",
        "voltage": "750"
      },
      "geometry": {
        "type": "LineString",
        "coordinates": [
          [
            -0.0143277,
            51.5079956
          ],
          [
            -0.014242,
            51.5079898
          ],
          [
            -0.0141961,
            51.5079835
          ],
          [
            -0.0140906,
            51.5079607
          ],
          [
            -0.0138317,
            51.5078988
          ],
          [
            -0.013616,
            51.5078469
          ],
          [
            -0.012991,
            51.507695
          ],
          [
            -0.0128928,
            51.5076729
          ],
          [
            -0.0127805,
            51.5076614
          ],
          [
            -0.0126585,
            51.5076697
          ],
          [
            -0.0125432,
            51.5076904
          ],
          [
            -0.0124701,
            51.507718
          ],
          [
            -0.0124132,
            51.5077434
          ],
          [
            -0.0123501,
            51.5077828
          ],
          [
            -0.0122943,
            51.507832
          ],
          [
            -0.0122521,
            51.5078882
          ],
          [
            -0.0122279,
            51.5079476
          ],
          [
            -0.0122192,
            51.5079981
          ],
          [
            -0.0122257,
            51.5080611
          ],
          [
            -0.0122858,
            51.5082088
          ],
          [
            -0.0123531,
            51.5083885
          ],
          [
            -0.0123875,
            51.5085214
          ],
          [
            -0.0124005,
            51.5086401
          ],
          [
            -0.0124131,
            51.5087568
          ]
        ]
      },
      "id": "way/163579132"
    },
    {
      "type": "Feature",
      "properties": {
        "@id": "way/170221213",
        "electrified": "no",
        "gauge": "1435",
        "operator": "Keolis Amey Docklands",
        "operator:wikidata": "Q89212210",
        "railway": "light_rail",
        "railway:cbtc": "dto",
        "service": "siding"
      },
      "geometry": {
        "type": "LineString",
        "coordinates": [
          [
            -0.0132318,
            51.5080593
          ],
          [
            -0.0133361,
            51.5080477
          ],
          [
            -0.0134309,
            51.5080335
          ],
          [
            -0.0134933,
            51.508025
          ],
          [
            -0.0135989,
            51.5080203
          ]
        ]
      },
      "id": "way/170221213"
    },
    {
      "type": "Feature",
      "properties": {
        "@id": "way/170221217",
        "electrified": "rail",
        "frequency": "0",
        "gauge": "1435",
        "operator": "Keolis Amey Docklands",
        "operator:wikidata": "Q89212210",
        "railway": "light_rail",
        "railway:cbtc": "dto",
        "service": "siding",
        "voltage": "750"
      },
      "geometry": {
        "type": "LineString",
        "coordinates": [
          [
            -0.0148233,
            51.5080111
          ],
          [
            -0.0149641,
            51.5080269
          ],
          [
            -0.0150559,
            51.5080448
          ],
          [
            -0.0151945,
            51.5080617
          ]
        ]
      },
      "id": "way/170221217"
    },
    {
      "type": "Feature",
      "properties": {
        "@id": "way/187695506",
        "bridge": "viaduct",
        "electrified": "rail",
        "frequency": "0",
        "gauge": "1435",
        "layer": "2",
        "line": "Docklands Light Railway",
        "name": "Docklands Light Railway",
        "official_name": "Down City Lines",
        "operator": "Keolis Amey Docklands",
        "operator:wikidata": "Q89212210",
        "railway": "light_rail",
        "railway:cbtc": "dto",
        "railway:preferred_direction": "forward",
        "railway:track_ref": "Down City Lines",
        "voltage": "750"
      },
      "geometry": {
        "type": "LineString",
        "coordinates": [
          [
            -0.0218885,
            51.5081159
          ],
          [
            -0.0213697,
            51.5080195
          ]
        ]
      },
      "id": "way/187695506"
    },
    {
      "type": "Feature",
      "properties": {
        "@id": "way/1300119391",
        "bridge": "yes",
        "electrified": "rail",
        "frequency": "0",
        "gauge": "1435",
        "layer": "2",
        "line": "Docklands Light Railway",
        "maxspeed": "65",
        "name": "Docklands Light Railway",
        "operator": "Keolis Amey Docklands",
        "operator:wikidata": "Q89212210",
        "railway": "light_rail",
        "railway:cbtc": "dto",
        "railway:preferred_direction": "forward",
        "voltage": "750"
      },
      "geometry": {
        "type": "LineString",
        "coordinates": [
          [
            -0.0195008,
            51.5079688
          ],
          [
            -0.0200603,
            51.5081439
          ],
          [
            -0.0203944,
            51.5082511
          ],
          [
            -0.0205111,
            51.5082838
          ]
        ]
      },
      "id": "way/1300119391"
    },
    {
      "type": "Feature",
      "properties": {
        "@id": "way/1300368186",
        "electrified": "rail",
        "frequency": "0",
        "gauge": "1435",
        "line": "Docklands Light Railway",
        "maxspeed": "50",
        "name": "Docklands Light Railway",
        "operator": "Keolis Amey Docklands",
        "operator:wikidata": "Q89212210",
        "railway": "light_rail",
        "railway:cbtc": "dto",
        "railway:preferred_direction": "forward",
        "voltage": "750"
      },
      "geometry": {
        "type": "LineString",
        "coordinates": [
          [
            -0.0143174,
            51.5159753
          ],
          [
            -0.0141944,
            51.5155504
          ],
          [
            -0.0140725,
            51.5151428
          ],
          [
            -0.0139949,
            51.5148754
          ],
          [
            -0.0139011,
            51.5145313
          ]
        ]
      },
      "id": "way/1300368186"
    },
    {
      "type": "Feature",
      "properties": {
        "@id": "way/1300368187",
        "electrified": "rail",
        "frequency": "0",
        "gauge": "1435",
        "line": "Docklands Light Railway",
        "maxspeed": "80",
        "name": "Docklands Light Railway",
        "operator": "Keolis Amey Docklands",
        "operator:wikidata": "Q89212210",
        "railway": "light_rail",
        "railway:cbtc": "dto",
        "railway:preferred_direction": "forward",
        "voltage": "750"
      },
      "geometry": {
        "type": "LineString",
        "coordinates": [
          [
            -0.0139011,
            51.5145313
          ],
          [
            -0.0137874,
            51.5141543
          ],
          [
            -0.0136576,
            51.5136511
          ],
          [
            -0.0135851,
            51.5133977
          ],
          [
            -0.0134885,
            51.51306
          ],
          [
            -0.0133586,
            51.5125581
          ],
          [
            -0.0133083,
            51.5122706
          ],
          [
            -0.0132507,
            51.5118076
          ],
          [
            -0.0131514,
            51.5113411
          ],
          [
            -0.0130553,
            51.5109286
          ]
        ]
      },
      "id": "way/1300368187"
    },
    {
      "type": "Feature",
      "properties": {
        "@id": "way/1300368188",
        "electrified": "rail",
        "frequency": "0",
        "gauge": "1435",
        "line": "Docklands Light Railway",
        "maxspeed": "80",
        "name": "Docklands Light Railway",
        "operator": "Keolis Amey Docklands",
        "operator:wikidata": "Q89212210",
        "railway": "light_rail",
        "railway:cbtc": "dto",
        "railway:preferred_direction": "forward",
        "voltage": "750"
      },
      "geometry": {
        "type": "LineString",
        "coordinates": [
          [
            -0.0132313,
            51.5114829
          ],
          [
            -0.0133157,
            51.5119227
          ],
          [
            -0.0133678,
            51.5123609
          ],
          [
            -0.0134333,
            51.5126877
          ],
          [
            -0.013516,
            51.5130135
          ],
          [
            -0.0137348,
            51.5137731
          ],
          [
            -0.0138324,
            51.5141514
          ],
          [
            -0.0139436,
            51.5145308
          ],
          [
            -0.014028,
            51.5148344
          ]
        ]
      },
      "id": "way/1300368188"
    },
    {
      "type": "Feature",
      "properties": {
        "@id": "way/1300368189",
        "electrified": "rail",
        "frequency": "0",
        "gauge": "1435",
        "line": "Docklands Light Railway",
        "maxspeed": "55",
        "name": "Docklands Light Railway",
        "operator": "Keolis Amey Docklands",
        "operator:wikidata": "Q89212210",
        "railway": "light_rail",
        "railway:cbtc": "dto",
        "railway:preferred_direction": "forward",
        "voltage": "750"
      },
      "geometry": {
        "type": "LineString",
        "coordinates": [
          [
            -0.0125902,
            51.507445
          ],
          [
            -0.0128437,
            51.5074378
          ],
          [
            -0.0131969,
            51.5074357
          ],
          [
            -0.013544,
            51.5074318
          ],
          [
            -0.0137322,
            51.5074281
          ],
          [
            -0.0139762,
            51.5074266
          ],
          [
            -0.0142868,
            51.5074349
          ],
          [
            -0.0144187,
            51.5074397
          ],
          [
            -0.0147829,
            51.5074519
          ],
          [
            -0.0150991,
            51.5074637
          ]
        ]
      },
      "id": "way/1300368189"
    },
    {
      "type": "Feature",
      "properties": {
        "@id": "way/1300368190",
        "electrified": "rail",
        "frequency": "0",
        "gauge": "1435",
        "line": "Docklands Light Railway",
        "maxspeed": "50",
        "name": "Docklands Light Railway",
        "operator": "Keolis Amey Docklands",
        "operator:wikidata": "Q89212210",
        "railway": "light_rail",
        "railway:cbtc": "dto",
        "railway:preferred_direction": "forward",
        "voltage": "750"
      },
      "geometry": {
        "type": "LineString",
        "coordinates": [
          [
            -0.011889,
            51.5082724
          ],
          [
            -0.0120017,
            51.5084365
          ],
          [
            -0.0122506,
            51.5087722
          ],
          [
            -0.0124393,
            51.5090583
          ],
          [
            -0.0125174,
            51.5091883
          ],
          [
            -0.0126107,
            51.5093987
          ],
          [
            -0.0126498,
            51.5094891
          ],
          [
            -0.01271,
            51.5096394
          ],
          [
            -0.0127805,
            51.5098153
          ],
          [
            -0.0129261,
            51.5102293
          ],
          [
            -0.0129893,
            51.5104571
          ],
          [
            -0.0130359,
            51.5106473
          ],
          [
            -0.0130677,
            51.5107934
          ],
          [
            -0.013098,
            51.5109254
          ],
          [
            -0.0132313,
            51.5114829
          ]
        ]
      },
      "id": "way/1300368190"
    },
    {
      "type": "Feature",
      "properties": {
        "@id": "way/1300368195",
        "bridge": "viaduct",
        "electrified": "rail",
        "frequency": "0",
        "gauge": "1435",
        "layer": "2",
        "line": "Docklands Light Railway",
        "maxspeed": "20",
        "name": "Docklands Light Railway",
        "operator": "Keolis Amey Docklands",
        "operator:wikidata": "Q89212210",
        "railway": "light_rail",
        "railway:cbtc": "dto",
        "railway:preferred_direction": "forward",
        "voltage": "750"
      },
      "geometry": {
        "type": "LineString",
        "coordinates": [
          [
            -0.019642,
            51.5075869
          ],
          [
            -0.019761,
            51.5075619
          ],
          [
            -0.0199715,
            51.5075131
          ],
          [
            -0.0200084,
            51.507502
          ],
          [
            -0.0200437,
            51.507489
          ],
          [
            -0.0200799,
            51.5074746
          ],
          [
            -0.0201217,
            51.5074536
          ],
          [
            -0.0201665,
            51.5074262
          ],
          [
            -0.0202011,
            51.5074001
          ],
          [
            -0.020232,
            51.5073718
          ],
          [
            -0.0202512,
            51.5073502
          ],
          [
            -0.0202716,
            51.5073163
          ],
          [
            -0.0203033,
            51.5072604
          ]
        ]
      },
      "id": "way/1300368195"
    },
    {
      "type": "Feature",
      "properties": {
        "@id": "way/1300368197",
        "bridge": "viaduct",
        "electrified": "rail",
        "frequency": "0",
        "gauge": "1435",
        "layer": "2",
        "line": "Docklands Light Railway",
        "maxspeed": "80",
        "name": "Docklands Light Railway",
        "official_name": "Up City Lines",
        "operator": "Keolis Amey Docklands",
        "operator:wikidata": "Q89212210",
        "railway": "light_rail",
        "railway:cbtc": "dto",
        "railway:preferred_direction": "forward",
        "voltage": "750"
      },
      "geometry": {
        "type": "LineString",
        "coordinates": [
          [
            -0.0207837,
            51.507797
          ],
          [
            -0.0211951,
            51.5078901
          ],
          [
            -0.0215168,
            51.5079596
          ],
          [
            -0.021839,
            51.5080217
          ],
          [
            -0.0226739,
            51.5081919
          ],
          [
            -0.0233191,
            51.5083437
          ]
        ]
      },
      "id": "way/1300368197"
    },
    {
      "type": "Feature",
      "properties": {
        "@id": "way/1380648342",
        "electrified": "rail",
        "frequency": "0",
        "gauge": "1435",
        "operator": "Keolis Amey Docklands",
        "operator:wikidata": "Q89212210",
        "railway": "light_rail",
        "railway:bidirectional": "regular",
        "railway:cbtc": "dto",
        "railway:preferred_direction": "both",
        "service": "siding",
        "voltage": "750"
      },
      "geometry": {
        "type": "LineString",
        "coordinates": [
          [
            -0.0133319,
            51.5109454
          ],
          [
            -0.0130618,
            51.510288
          ],
          [
            -0.0129219,
            51.5099443
          ],
          [
            -0.0128542,
            51.5097964
          ],
          [
            -0.0127565,
            51.5096198
          ],
          [
            -0.0126929,
            51.5094859
          ],
          [
            -0.0126294,
            51.5093242
          ],
          [
            -0.0125521,
            51.5090885
          ],
          [
            -0.0124131,
            51.5087568
          ]
        ]
      },
      "id": "way/1380648342"
    },
    {
      "type": "Feature",
      "properties": {
        "@id": "way/1380648343",
        "electrified": "rail",
        "frequency": "0",
        "gauge": "1435",
        "operator": "Keolis Amey Docklands",
        "operator:wikidata": "Q89212210",
        "railway": "light_rail",
        "railway:cbtc": "dto",
        "service": "yard",
        "voltage": "750"
      },
      "geometry": {
        "type": "LineString",
        "coordinates": [
          [
            -0.0138317,
            51.5078988
          ],
          [
            -0.0136744,
            51.507883
          ],
          [
            -0.0133448,
            51.5078622
          ],
          [
            -0.0123981,
            51.5078365
          ]
        ]
      },
      "id": "way/1380648343"
    },
    {
      "type": "Feature",
      "properties": {
        "@id": "way/17681996",
        "bridge": "yes",
        "electrified": "rail",
        "frequency": "0",
        "gauge": "1435",
        "layer": "2",
        "line": "DLR",
        "maxspeed": "40",
        "name": "North Curve",
        "operator": "Keolis Amey Docklands",
        "operator:wikidata": "Q89212210",
        "railway": "light_rail",
        "railway:cbtc": "dto",
        "railway:preferred_direction": "forward",
        "voltage": "750"
      },
      "geometry": {
        "type": "LineString",
        "coordinates": [
          [
            -0.0233046,
            51.5083735
          ],
          [
            -0.0231402,
            51.5083382
          ],
          [
            -0.0230451,
            51.5083211
          ],
          [
            -0.0229397,
            51.5083061
          ],
          [
            -0.022846,
            51.5082979
          ],
          [
            -0.0227438,
            51.508288
          ],
          [
            -0.0226601,
            51.5082837
          ],
          [
            -0.0225228,
            51.5082814
          ],
          [
            -0.0223488,
            51.5082884
          ],
          [
            -0.0220931,
            51.5083088
          ],
          [
            -0.0219057,
            51.5083275
          ],
          [
            -0.0215867,
            51.5083658
          ],
          [
            -0.0214579,
            51.5083782
          ],
          [
            -0.0213678,
            51.5083847
          ],
          [
            -0.0212778,
            51.5083898
          ],
          [
            -0.0211976,
            51.5083931
          ],
          [
            -0.0211265,
            51.5083961
          ],
          [
            -0.021034,
            51.5083963
          ],
          [
            -0.0209521,
            51.5083934
          ],
          [
            -0.0208594,
            51.508386
          ],
          [
            -0.0207745,
            51.5083771
          ],
          [
            -0.020682,
            51.5083617
          ],
          [
            -0.0205824,
            51.5083418
          ],
          [
            -0.0204802,
            51.5083197
          ]
        ]
      },
      "id": "way/17681996"
    },
    {
      "type": "Feature",
      "properties": {
        "@id": "way/163579109",
        "bridge": "viaduct",
        "electrified": "rail",
        "frequency": "0",
        "gauge": "1435",
        "layer": "3",
        "line": "Docklands Light Railway",
        "maxspeed": "60",
        "name": "Docklands Light Railway",
        "official_name": "Down City Lines",
        "operator": "Keolis Amey Docklands",
        "operator:wikidata": "Q89212210",
        "railway": "light_rail",
        "railway:cbtc": "dto",
        "railway:preferred_direction": "forward",
        "railway:track_ref": "Down City Lines",
        "voltage": "750"
      },
      "geometry": {
        "type": "LineString",
        "coordinates": [
          [
            -0.0242571,
            51.5086914
          ],
          [
            -0.0239316,
            51.5085925
          ],
          [
            -0.0235872,
            51.5085068
          ],
          [
            -0.0229441,
            51.5083487
          ],
          [
            -0.0218885,
            51.5081159
          ]
        ]
      },
      "id": "way/163579109"
    },
    {
      "type": "Feature",
      "properties": {
        "@id": "way/163579112",
        "bridge": "viaduct",
        "electrified": "rail",
        "frequency": "0",
        "gauge": "1435",
        "layer": "2",
        "line": "Docklands Light Railway",
        "maxspeed": "30",
        "name": "Docklands Light Railway",
        "operator": "Keolis Amey Docklands",
        "operator:wikidata": "Q89212210",
        "railway": "light_rail",
        "voltage": "750"
      },
      "geometry": {
        "type": "LineString",
        "coordinates": [
          [
            -0.0219057,
            51.5083275
          ],
          [
            -0.021827,
            51.5083309
          ],
          [
            -0.0217632,
            51.5083315
          ],
          [
            -0.0216575,
            51.5083312
          ],
          [
            -0.0215933,
            51.5083319
          ],
          [
            -0.0215434,
            51.5083337
          ]
        ]
      },
      "id": "way/163579112"
    },
    {
      "type": "Feature",
      "properties": {
        "@id": "way/163579117",
        "bridge": "viaduct",
        "electrified": "rail",
        "frequency": "0",
        "gauge": "1435",
        "layer": "1",
        "line": "Docklands Light Railway",
        "maxspeed": "30",
        "name": "Docklands Light Railway",
        "operator": "Keolis Amey Docklands",
        "operator:wikidata": "Q89212210",
        "railway": "light_rail",
        "railway:cbtc": "dto",
        "railway:preferred_direction": "forward",
        "service": "crossover",
        "voltage": "750"
      },
      "geometry": {
        "type": "LineString",
        "coordinates": [
          [
            -0.0254235,
            51.5089791
          ],
          [
            -0.0254612,
            51.5089918
          ],
          [
            -0.0255007,
            51.5090015
          ],
          [
            -0.0255503,
            51.5090108
          ],
          [
            -0.0255848,
            51.5090157
          ],
          [
            -0.0256184,
            51.5090214
          ],
          [
            -0.0256503,
            51.5090292
          ],
          [
            -0.0257158,
            51.5090478
          ]
        ]
      },
      "id": "way/163579117"
    },
    {
      "type": "Feature",
      "properties": {
        "@id": "way/543109615",
        "bridge": "viaduct",
        "electrified": "rail",
        "frequency": "0",
        "gauge": "1435",
        "layer": "1",
        "line": "Docklands Light Railway",
        "maxspeed": "50",
        "name": "Docklands Light Railway",
        "official_name": "Down City Lines",
        "operator": "Keolis Amey Docklands",
        "operator:wikidata": "Q89212210",
        "railway": "light_rail",
        "railway:cbtc": "dto",
        "railway:preferred_direction": "forward",
        "railway:track_ref": "Down City Lines",
        "voltage": "750"
      },
      "geometry": {
        "type": "LineString",
        "coordinates": [
          [
            -0.0248828,
            51.5088448
          ],
          [
            -0.0248396,
            51.5088382
          ],
          [
            -0.0247795,
            51.508827
          ],
          [
            -0.0247208,
            51.5088153
          ],
          [
            -0.0246588,
            51.5087997
          ],
          [
            -0.0242571,
            51.5086914
          ]
        ]
      },
      "id": "way/543109615"
    },
    {
      "type": "Feature",
      "properties": {
        "@id": "way/655777710",
        "bridge": "viaduct",
        "electrified": "rail",
        "frequency": "0",
        "gauge": "1435",
        "layer": "1",
        "line": "Docklands Light Railway",
        "maxspeed": "50",
        "name": "Docklands Light Railway",
        "official_name": "Down City Lines",
        "operator": "Keolis Amey Docklands",
        "operator:wikidata": "Q89212210",
        "railway": "light_rail",
        "railway:cbtc": "dto",
        "railway:preferred_direction": "forward",
        "railway:track_ref": "Down City Lines",
        "voltage": "750"
      },
      "geometry": {
        "type": "LineString",
        "coordinates": [
          [
            -0.0252564,
            51.5089237
          ],
          [
            -0.0251403,
            51.5088921
          ],
          [
            -0.025072,
            51.5088763
          ],
          [
            -0.0250194,
            51.5088661
          ],
          [
            -0.0249602,
            51.5088556
          ],
          [
            -0.0248828,
            51.5088448
          ]
        ]
      },
      "id": "way/655777710"
    },
    {
      "type": "Feature",
      "properties": {
        "@id": "way/655777716",
        "bridge": "yes",
        "electrified": "rail",
        "frequency": "0",
        "gauge": "1435",
        "layer": "2",
        "line": "Docklands Light Railway",
        "maxspeed": "40",
        "name": "Docklands Light Railway",
        "operator": "Keolis Amey Docklands",
        "operator:wikidata": "Q89212210",
        "railway": "light_rail",
        "railway:cbtc": "dto",
        "railway:preferred_direction": "forward",
        "voltage": "750"
      },
      "geometry": {
        "type": "LineString",
        "coordinates": [
          [
            -0.0205111,
            51.5082838
          ],
          [
            -0.0205927,
            51.5083037
          ],
          [
            -0.0206631,
            51.5083192
          ],
          [
            -0.0207517,
            51.5083356
          ],
          [
            -0.0208319,
            51.5083467
          ],
          [
            -0.0209214,
            51.5083554
          ],
          [
            -0.0210042,
            51.5083595
          ],
          [
            -0.0211054,
            51.5083614
          ],
          [
            -0.0212084,
            51.5083571
          ],
          [
            -0.0212944,
            51.5083528
          ],
          [
            -0.0213865,
            51.5083468
          ],
          [
            -0.0214744,
            51.5083409
          ],
          [
            -0.0215434,
            51.5083337
          ],
          [
            -0.0218847,
            51.5082984
          ],
          [
            -0.0222863,
            51.5082564
          ],
          [
            -0.02238,
            51.5082487
          ],
          [
            -0.0224823,
            51.5082415
          ],
          [
            -0.0225859,
            51.5082392
          ],
          [
            -0.0226798,
            51.5082432
          ],
          [
            -0.0227818,
            51.5082507
          ],
          [
            -0.0227887,
            51.5082515
          ],
          [
            -0.0228823,
            51.5082627
          ],
          [
            -0.0229675,
            51.5082745
          ],
          [
            -0.0230506,
            51.508287
          ],
          [
            -0.0231371,
            51.5083038
          ],
          [
            -0.0233191,
            51.5083437
          ]
        ]
      },
      "id": "way/655777716"
    },
    {
      "type": "Feature",
      "properties": {
        "@id": "way/699526902",
        "bridge": "yes",
        "electrified": "rail",
        "frequency": "0",
        "gauge": "1435",
        "layer": "2",
        "line": "Docklands Light Railway",
        "maxspeed": "80",
        "name": "Docklands Light Railway",
        "operator": "Keolis Amey Docklands",
        "operator:wikidata": "Q89212210",
        "railway": "light_rail",
        "railway:cbtc": "dto",
        "railway:preferred_direction": "forward",
        "voltage": "750"
      },
      "geometry": {
        "type": "LineString",
        "coordinates": [
          [
            -0.0245787,
            51.5087157
          ],
          [
            -0.0240018,
            51.5085521
          ],
          [
            -0.023643,
            51.5084587
          ],
          [
            -0.0233046,
            51.5083735
          ]
        ]
      },
      "id": "way/699526902"
    },
    {
      "type": "Feature",
      "properties": {
        "@id": "way/772726319",
        "bridge": "yes",
        "electrified": "rail",
        "frequency": "0",
        "gauge": "1435",
        "layer": "2",
        "line": "Docklands Light Railway",
        "maxspeed": "80",
        "name": "Docklands Light Railway",
        "operator": "Keolis Amey Docklands",
        "operator:wikidata": "Q89212210",
        "railway": "light_rail",
        "railway:cbtc": "dto",
        "railway:preferred_direction": "forward",
        "voltage": "750"
      },
      "geometry": {
        "type": "LineString",
        "coordinates": [
          [
            -0.0233191,
            51.5083437
          ],
          [
            -0.0236274,
            51.5084198
          ],
          [
            -0.0241496,
            51.5085643
          ],
          [
            -0.025097,
            51.5088486
          ]
        ]
      },
      "id": "way/772726319"
    },
    {
      "type": "Feature",
      "properties": {
        "@id": "way/772726320",
        "bridge": "yes",
        "electrified": "rail",
        "frequency": "0",
        "gauge": "1435",
        "layer": "1",
        "line": "Docklands Light Railway",
        "maxspeed": "80",
        "name": "Docklands Light Railway",
        "operator": "Keolis Amey Docklands",
        "operator:wikidata": "Q89212210",
        "railway": "light_rail",
        "railway:cbtc": "dto",
        "railway:preferred_direction": "forward",
        "voltage": "750"
      },
      "geometry": {
        "type": "LineString",
        "coordinates": [
          [
            -0.0252564,
            51.5089237
          ],
          [
            -0.0245787,
            51.5087157
          ]
        ]
      },
      "id": "way/772726320"
    },
    {
      "type": "Feature",
      "properties": {
        "@id": "way/1300119389",
        "bridge": "yes",
        "electrified": "rail",
        "frequency": "0",
        "gauge": "1435",
        "layer": "1",
        "line": "Docklands Light Railway",
        "maxspeed": "80",
        "name": "Docklands Light Railway",
        "operator": "Keolis Amey Docklands",
        "operator:wikidata": "Q89212210",
        "railway": "light_rail",
        "railway:cbtc": "dto",
        "railway:preferred_direction": "forward",
        "voltage": "750"
      },
      "geometry": {
        "type": "LineString",
        "coordinates": [
          [
            -0.025097,
            51.5088486
          ],
          [
            -0.0257158,
            51.5090478
          ],
          [
            -0.0260175,
            51.509159
          ]
        ]
      },
      "id": "way/1300119389"
    },
    {
      "type": "Feature",
      "properties": {
        "@id": "way/1300119390",
        "bridge": "viaduct",
        "electrified": "rail",
        "frequency": "0",
        "gauge": "1435",
        "layer": "1",
        "line": "Docklands Light Railway",
        "maxspeed": "80",
        "name": "Docklands Light Railway",
        "operator": "Keolis Amey Docklands",
        "operator:wikidata": "Q89212210",
        "railway": "light_rail",
        "railway:cbtc": "dto",
        "railway:preferred_direction": "forward",
        "voltage": "750"
      },
      "geometry": {
        "type": "LineString",
        "coordinates": [
          [
            -0.0259361,
            51.5091636
          ],
          [
            -0.0254235,
            51.5089791
          ],
          [
            -0.0252564,
            51.5089237
          ]
        ]
      },
      "id": "way/1300119390"
    },
    {
      "type": "Feature",
      "properties": {
        "@id": "way/163579115",
        "bridge": "yes",
        "electrified": "rail",
        "frequency": "0",
        "gauge": "1435",
        "layer": "2",
        "line": "Docklands Light Railway",
        "maxspeed": "30",
        "name": "Docklands Light Railway",
        "operator": "Keolis Amey Docklands",
        "operator:wikidata": "Q89212210",
        "railway": "light_rail",
        "source_ref": "Yahoo",
        "voltage": "750"
      },
      "geometry": {
        "type": "LineString",
        "coordinates": [
          [
            -0.0093761,
            51.5076647
          ],
          [
            -0.0092684,
            51.5076827
          ],
          [
            -0.0091182,
            51.507713
          ]
        ]
      },
      "id": "way/163579115"
    },
    {
      "type": "Feature",
      "properties": {
        "@id": "way/1300119396",
        "bridge": "yes",
        "electrified": "rail",
        "frequency": "0",
        "gauge": "1435",
        "layer": "2",
        "line": "Docklands Light Railway",
        "maxspeed": "60",
        "name": "Docklands Light Railway",
        "operator": "Keolis Amey Docklands",
        "operator:wikidata": "Q89212210",
        "railway": "light_rail",
        "railway:cbtc": "dto",
        "railway:preferred_direction": "forward",
        "voltage": "750"
      },
      "geometry": {
        "type": "LineString",
        "coordinates": [
          [
            -0.0115953,
            51.5075333
          ],
          [
            -0.0114479,
            51.5075413
          ],
          [
            -0.0112747,
            51.5075562
          ],
          [
            -0.010866,
            51.5075938
          ],
          [
            -0.0098135,
            51.5076817
          ]
        ]
      },
      "id": "way/1300119396"
    },
    {
      "type": "Feature",
      "properties": {
        "@id": "way/1300119397",
        "bridge": "viaduct",
        "electrified": "rail",
        "frequency": "0",
        "gauge": "1435",
        "layer": "2",
        "line": "Docklands Light Railway",
        "maxspeed": "60",
        "name": "Docklands Light Railway",
        "operator": "Keolis Amey Docklands",
        "operator:wikidata": "Q89212210",
        "railway": "light_rail",
        "railway:cbtc": "dto",
        "railway:preferred_direction": "forward",
        "voltage": "750"
      },
      "geometry": {
        "type": "LineString",
        "coordinates": [
          [
            -0.0098135,
            51.5076817
          ],
          [
            -0.0091182,
            51.507713
          ],
          [
            -0.0088437,
            51.5077299
          ],
          [
            -0.0084709,
            51.5077644
          ],
          [
            -0.008129,
            51.5078041
          ]
        ]
      },
      "id": "way/1300119397"
    },
    {
      "type": "Feature",
      "properties": {
        "@id": "way/1300119398",
        "bridge": "yes",
        "electrified": "rail",
        "frequency": "0",
        "gauge": "1435",
        "layer": "2",
        "line": "Docklands Light Railway",
        "maxspeed": "60",
        "name": "Docklands Light Railway",
        "operator": "Keolis Amey Docklands",
        "operator:wikidata": "Q89212210",
        "railway": "light_rail",
        "railway:cbtc": "dto",
        "railway:preferred_direction": "forward",
        "voltage": "750"
      },
      "geometry": {
        "type": "LineString",
        "coordinates": [
          [
            -0.0078225,
            51.5078203
          ],
          [
            -0.0082032,
            51.5077645
          ],
          [
            -0.0085399,
            51.5077235
          ],
          [
            -0.0088168,
            51.5076994
          ],
          [
            -0.0091049,
            51.5076799
          ],
          [
            -0.0093761,
            51.5076647
          ],
          [
            -0.0093871,
            51.5076641
          ],
          [
            -0.009802,
            51.5076512
          ],
          [
            -0.0101132,
            51.5076293
          ],
          [
            -0.0105369,
            51.5075926
          ],
          [
            -0.01086,
            51.5075617
          ],
          [
            -0.0112637,
            51.5075256
          ],
          [
            -0.0119735,
            51.5074651
          ]
        ]
      },
      "id": "way/1300119398"
    },
    {
      "type": "Feature",
      "properties": {
        "@id": "way/10325253",
        "bridge": "yes",
        "electrified": "rail",
        "frequency": "0",
        "gauge": "1435",
        "layer": "2",
        "line": "Docklands Light Railway",
        "maxspeed": "75",
        "name": "Docklands Light Railway",
        "operator": "Keolis Amey Docklands",
        "operator:wikidata": "Q89212210",
        "railway": "light_rail",
        "railway:cbtc": "dto",
        "railway:preferred_direction": "forward",
        "voltage": "750"
      },
      "geometry": {
        "type": "LineString",
        "coordinates": [
          [
            0.0039284,
            51.5126704
          ],
          [
            0.0038968,
            51.5125429
          ],
          [
            0.0038432,
            51.5123815
          ],
          [
            0.0037688,
            51.5121925
          ],
          [
            0.0036709,
            51.5120112
          ],
          [
            0.0035549,
            51.5118314
          ],
          [
            0.0033178,
            51.5115304
          ],
          [
            0.0031615,
            51.5113187
          ],
          [
            0.0030221,
            51.5111433
          ],
          [
            0.0028863,
            51.5109805
          ],
          [
            0.0027943,
            51.5108897
          ],
          [
            0.0027481,
            51.5108442
          ],
          [
            0.0026101,
            51.51073
          ],
          [
            0.0024221,
            51.5105802
          ],
          [
            0.0022762,
            51.5104775
          ],
          [
            0.0021373,
            51.5103932
          ],
          [
            0.0020313,
            51.510329
          ],
          [
            0.0017949,
            51.5102245
          ],
          [
            0.001568,
            51.5101315
          ],
          [
            0.0012806,
            51.5100336
          ],
          [
            0.0009773,
            51.5099581
          ],
          [
            0.0004366,
            51.5098514
          ],
          [
            -0.0000627,
            51.50976
          ],
          [
            -0.0004451,
            51.5096889
          ],
          [
            -0.0010411,
            51.5095723
          ]
        ]
      },
      "id": "way/10325253"
    },
    {
      "type": "Feature",
      "properties": {
        "@id": "way/17681253",
        "bridge": "viaduct",
        "electrified": "rail",
        "frequency": "0",
        "gauge": "1435",
        "layer": "2",
        "line": "Docklands Light Railway",
        "maxspeed": "75",
        "name": "Docklands Light Railway",
        "operator": "Keolis Amey Docklands",
        "operator:wikidata": "Q89212210",
        "railway": "light_rail",
        "railway:cbtc": "dto",
        "railway:preferred_direction": "forward",
        "voltage": "750"
      },
      "geometry": {
        "type": "LineString",
        "coordinates": [
          [
            -0.0009811,
            51.5096149
          ],
          [
            -0.0001295,
            51.5097767
          ],
          [
            0.0006557,
            51.5099254
          ],
          [
            0.0010191,
            51.5099989
          ],
          [
            0.0013004,
            51.5100742
          ],
          [
            0.001524,
            51.5101513
          ],
          [
            0.0017633,
            51.510248
          ],
          [
            0.0019904,
            51.5103699
          ],
          [
            0.0020916,
            51.5104285
          ],
          [
            0.0022039,
            51.5104934
          ],
          [
            0.0025341,
            51.5107278
          ],
          [
            0.0027058,
            51.5108794
          ],
          [
            0.0027387,
            51.5109067
          ],
          [
            0.0027932,
            51.5109649
          ],
          [
            0.0029083,
            51.5110904
          ],
          [
            0.0030714,
            51.5112944
          ],
          [
            0.0032427,
            51.5115054
          ]
        ]
      },
      "id": "way/17681253"
    },
    {
      "type": "Feature",
      "properties": {
        "@id": "way/38713749",
        "electrified": "rail",
        "frequency": "0",
        "gauge": "1435",
        "operator": "Keolis Amey Docklands",
        "operator:wikidata": "Q89212210",
        "railway": "light_rail",
        "railway:cbtc": "dto",
        "service": "siding",
        "voltage": "750"
      },
      "geometry": {
        "type": "LineString",
        "coordinates": [
          [
            -0.01196,
            51.5077378
          ],
          [
            -0.0119825,
            51.5081812
          ],
          [
            -0.0120073,
            51.5082678
          ],
          [
            -0.0120597,
            51.5083463
          ],
          [
            -0.012165,
            51.5084388
          ],
          [
            -0.0122368,
            51.5084953
          ],
          [
            -0.0122797,
            51.5085392
          ],
          [
            -0.0123575,
            51.5086364
          ]
        ]
      },
      "id": "way/38713749"
    },
    {
      "type": "Feature",
      "properties": {
        "@id": "way/38713752",
        "electrified": "rail",
        "frequency": "0",
        "gauge": "1435",
        "operator": "Keolis Amey Docklands",
        "operator:wikidata": "Q89212210",
        "railway": "light_rail",
        "railway:cbtc": "dto",
        "service": "siding",
        "voltage": "750"
      },
      "geometry": {
        "type": "LineString",
        "coordinates": [
          [
            -0.0120264,
            51.5076831
          ],
          [
            -0.012052,
            51.5081805
          ],
          [
            -0.0120617,
            51.5082601
          ],
          [
            -0.0120935,
            51.508335
          ],
          [
            -0.012165,
            51.5084388
          ]
        ]
      },
      "id": "way/38713752"
    },
    {
      "type": "Feature",
      "properties": {
        "@id": "way/1300119399",
        "bridge": "viaduct",
        "electrified": "rail",
        "frequency": "0",
        "gauge": "1435",
        "layer": "2",
        "line": "Docklands Light Railway",
        "maxspeed": "50",
        "name": "Docklands Light Railway",
        "operator": "Keolis Amey Docklands",
        "operator:wikidata": "Q89212210",
        "railway": "light_rail",
        "railway:cbtc": "dto",
        "railway:preferred_direction": "forward",
        "voltage": "750"
      },
      "geometry": {
        "type": "LineString",
        "coordinates": [
          [
            -0.008129,
            51.5078041
          ],
          [
            -0.0076805,
            51.5078788
          ],
          [
            -0.0066576,
            51.5080368
          ],
          [
            -0.0063801,
            51.5080772
          ]
        ]
      },
      "id": "way/1300119399"
    },
    {
      "type": "Feature",
      "properties": {
        "@id": "way/1300119400",
        "bridge": "yes",
        "electrified": "rail",
        "frequency": "0",
        "gauge": "1435",
        "layer": "2",
        "line": "Docklands Light Railway",
        "maxspeed": "50",
        "name": "Docklands Light Railway",
        "operator": "Keolis Amey Docklands",
        "operator:wikidata": "Q89212210",
        "railway": "light_rail",
        "railway:cbtc": "dto",
        "railway:preferred_direction": "forward",
        "voltage": "750"
      },
      "geometry": {
        "type": "LineString",
        "coordinates": [
          [
            -0.0063008,
            51.5080595
          ],
          [
            -0.006903,
            51.5079626
          ],
          [
            -0.0075456,
            51.5078647
          ],
          [
            -0.0078225,
            51.5078203
          ]
        ]
      },
      "id": "way/1300119400"
    },
    {
      "type": "Feature",
      "properties": {
        "@id": "way/1300368191",
        "electrified": "rail",
        "frequency": "0",
        "gauge": "1435",
        "line": "Docklands Light Railway",
        "maxspeed": "35",
        "name": "Docklands Light Railway",
        "operator": "Keolis Amey Docklands",
        "operator:wikidata": "Q89212210",
        "railway": "light_rail",
        "railway:cbtc": "dto",
        "railway:preferred_direction": "forward",
        "voltage": "750"
      },
      "geometry": {
        "type": "LineString",
        "coordinates": [
          [
            -0.0126441,
            51.5074787
          ],
          [
            -0.0123889,
            51.5074887
          ],
          [
            -0.0122321,
            51.5075276
          ],
          [
            -0.0121343,
            51.5075665
          ],
          [
            -0.0120371,
            51.5076074
          ],
          [
            -0.0119426,
            51.5076743
          ],
          [
            -0.0118764,
            51.5077359
          ],
          [
            -0.0118256,
            51.5078064
          ],
          [
            -0.0117944,
            51.5078705
          ],
          [
            -0.0117762,
            51.5079634
          ],
          [
            -0.0117827,
            51.5080544
          ],
          [
            -0.0118221,
            51.5081662
          ],
          [
            -0.011889,
            51.5082724
          ]
        ]
      },
      "id": "way/1300368191"
    },
    {
      "type": "Feature",
      "properties": {
        "@id": "way/1300368192",
        "electrified": "rail",
        "frequency": "0",
        "gauge": "1435",
        "line": "Docklands Light Railway",
        "maxspeed": "35",
        "name": "Docklands Light Railway",
        "operator": "Keolis Amey Docklands",
        "operator:wikidata": "Q89212210",
        "railway": "light_rail",
        "railway:cbtc": "dto",
        "railway:preferred_direction": "forward",
        "voltage": "750"
      },
      "geometry": {
        "type": "LineString",
        "coordinates": [
          [
            -0.0118168,
            51.5082446
          ],
          [
            -0.0117567,
            51.5081416
          ],
          [
            -0.0117322,
            51.5080608
          ],
          [
            -0.0117175,
            51.5079708
          ],
          [
            -0.0117445,
            51.5078609
          ],
          [
            -0.0118021,
            51.5077579
          ],
          [
            -0.011921,
            51.5076351
          ],
          [
            -0.0120055,
            51.5075833
          ],
          [
            -0.0121318,
            51.5075306
          ],
          [
            -0.0122837,
            51.5074742
          ],
          [
            -0.0125902,
            51.507445
          ]
        ]
      },
      "id": "way/1300368192"
    },
    {
      "type": "Feature",
      "properties": {
        "@id": "way/38713751",
        "electrified": "rail",
        "frequency": "0",
        "gauge": "1435",
        "line": "Docklands Light Railway",
        "maxspeed": "50",
        "name": "Docklands Light Railway",
        "operator": "Keolis Amey Docklands",
        "operator:wikidata": "Q89212210",
        "railway": "light_rail",
        "railway:cbtc": "dto",
        "railway:preferred_direction": "forward",
        "voltage": "750"
      },
      "geometry": {
        "type": "LineString",
        "coordinates": [
          [
            -0.0130553,
            51.5109286
          ],
          [
            -0.0129375,
            51.510429
          ],
          [
            -0.0128653,
            51.5101868
          ],
          [
            -0.0128067,
            51.5100162
          ],
          [
            -0.0127487,
            51.5098663
          ],
          [
            -0.0126131,
            51.5095318
          ],
          [
            -0.0124763,
            51.509226
          ],
          [
            -0.0123857,
            51.5090589
          ],
          [
            -0.0121845,
            51.5087633
          ],
          [
            -0.012019,
            51.5085154
          ],
          [
            -0.0118168,
            51.5082446
          ]
        ]
      },
      "id": "way/38713751"
    },
    {
      "type": "Feature",
      "properties": {
        "@id": "way/163579121",
        "electrified": "rail",
        "frequency": "0",
        "gauge": "1435",
        "maxspeed": "30",
        "operator": "Keolis Amey Docklands",
        "operator:wikidata": "Q89212210",
        "railway": "light_rail",
        "railway:cbtc": "dto",
        "railway:preferred_direction": "forward",
        "service": "crossover",
        "voltage": "750"
      },
      "geometry": {
        "type": "LineString",
        "coordinates": [
          [
            -0.0127487,
            51.5098663
          ],
          [
            -0.01271,
            51.5096394
          ]
        ]
      },
      "id": "way/163579121"
    },
    {
      "type": "Feature",
      "properties": {
        "@id": "way/163579122",
        "electrified": "rail",
        "frequency": "0",
        "gauge": "1435",
        "operator": "Keolis Amey Docklands",
        "operator:wikidata": "Q89212210",
        "railway": "light_rail",
        "railway:bidirectional": "regular",
        "railway:cbtc": "dto",
        "railway:preferred_direction": "both",
        "service": "crossover",
        "voltage": "750"
      },
      "geometry": {
        "type": "LineString",
        "coordinates": [
          [
            -0.0126498,
            51.5094891
          ],
          [
            -0.0126294,
            51.5093242
          ]
        ]
      },
      "id": "way/163579122"
    },
    {
      "type": "Feature",
      "properties": {
        "@id": "way/1300119401",
        "bridge": "yes",
        "electrified": "rail",
        "frequency": "0",
        "gauge": "1435",
        "layer": "2",
        "line": "Docklands Light Railway",
        "maxspeed": "55",
        "name": "Docklands Light Railway",
        "operator": "Keolis Amey Docklands",
        "operator:wikidata": "Q89212210",
        "railway": "light_rail",
        "railway:cbtc": "dto",
        "railway:preferred_direction": "forward",
        "voltage": "750"
      },
      "geometry": {
        "type": "LineString",
        "coordinates": [
          [
            -0.003107,
            51.5091877
          ],
          [
            -0.0035114,
            51.509104
          ],
          [
            -0.0037708,
            51.5090367
          ],
          [
            -0.0039518,
            51.5089814
          ],
          [
            -0.0041206,
            51.508919
          ],
          [
            -0.0042982,
            51.5088397
          ],
          [
            -0.0047615,
            51.5086
          ],
          [
            -0.0050516,
            51.5084501
          ],
          [
            -0.0052512,
            51.5083555
          ],
          [
            -0.005456,
            51.5082745
          ],
          [
            -0.0056186,
            51.5082159
          ],
          [
            -0.0057944,
            51.5081629
          ],
          [
            -0.0060441,
            51.5081065
          ],
          [
            -0.0063008,
            51.5080595
          ]
        ]
      },
      "id": "way/1300119401"
    },
    {
      "type": "Feature",
      "properties": {
        "@id": "way/1300119402",
        "bridge": "viaduct",
        "electrified": "rail",
        "frequency": "0",
        "gauge": "1435",
        "layer": "2",
        "line": "Docklands Light Railway",
        "maxspeed": "55",
        "name": "Docklands Light Railway",
        "operator": "Keolis Amey Docklands",
        "operator:wikidata": "Q89212210",
        "railway": "light_rail",
        "railway:cbtc": "dto",
        "railway:preferred_direction": "forward",
        "voltage": "750"
      },
      "geometry": {
        "type": "LineString",
        "coordinates": [
          [
            -0.0063801,
            51.5080772
          ],
          [
            -0.0060756,
            51.5081327
          ],
          [
            -0.0058083,
            51.508192
          ],
          [
            -0.0054967,
            51.5082959
          ],
          [
            -0.0052686,
            51.5083843
          ],
          [
            -0.0047988,
            51.5086217
          ],
          [
            -0.0043489,
            51.5088526
          ],
          [
            -0.0041563,
            51.508941
          ],
          [
            -0.0039337,
            51.5090247
          ],
          [
            -0.0036309,
            51.5091155
          ],
          [
            -0.0033025,
            51.5091941
          ]
        ]
      },
      "id": "way/1300119402"
    },
    {
      "type": "Feature",
      "properties": {
        "@id": "way/1300119403",
        "bridge": "yes",
        "electrified": "rail",
        "frequency": "0",
        "gauge": "1435",
        "layer": "2",
        "line": "Docklands Light Railway",
        "maxspeed": "50",
        "name": "Docklands Light Railway",
        "operator": "Keolis Amey Docklands",
        "operator:wikidata": "Q89212210",
        "railway": "light_rail",
        "railway:cbtc": "dto",
        "railway:preferred_direction": "forward",
        "voltage": "750"
      },
      "geometry": {
        "type": "LineString",
        "coordinates": [
          [
            -0.0010411,
            51.5095723
          ],
          [
            -0.0015445,
            51.5094871
          ],
          [
            -0.0026431,
            51.5092843
          ],
          [
            -0.0027637,
            51.509262
          ],
          [
            -0.003107,
            51.5091877
          ]
        ]
      },
      "id": "way/1300119403"
    },
    {
      "type": "Feature",
      "properties": {
        "@id": "way/1300119404",
        "bridge": "viaduct",
        "electrified": "rail",
        "frequency": "0",
        "gauge": "1435",
        "layer": "2",
        "line": "Docklands Light Railway",
        "maxspeed": "50",
        "name": "Docklands Light Railway",
        "operator": "Keolis Amey Docklands",
        "operator:wikidata": "Q89212210",
        "railway": "light_rail",
        "railway:cbtc": "dto",
        "railway:preferred_direction": "forward",
        "voltage": "750"
      },
      "geometry": {
        "type": "LineString",
        "coordinates": [
          [
            -0.0033025,
            51.5091941
          ],
          [
            -0.0027847,
            51.5092892
          ],
          [
            -0.0016327,
            51.5095016
          ],
          [
            -0.0015532,
            51.509515
          ],
          [
            -0.0009811,
            51.5096149
          ]
        ]
      },
      "id": "way/1300119404"
    },
    {
      "type": "Feature",
      "properties": {
        "@id": "way/163579110",
        "bridge": "yes",
        "electrified": "rail",
        "frequency": "0",
        "gauge": "1435",
        "layer": "1",
        "line": "Docklands Light Railway",
        "maxspeed": "80",
        "name": "Docklands Light Railway",
        "operator": "Keolis Amey Docklands",
        "operator:wikidata": "Q89212210",
        "railway": "light_rail",
        "railway:cbtc": "dto",
        "railway:preferred_direction": "forward",
        "voltage": "750"
      },
      "geometry": {
        "type": "LineString",
        "coordinates": [
          [
            -0.0154383,
            51.5192443
          ],
          [
            -0.01532,
            51.5189957
          ]
        ]
      },
      "id": "way/163579110"
    },
    {
      "type": "Feature",
      "properties": {
        "@id": "way/163579111",
        "bridge": "yes",
        "electrified": "rail",
        "frequency": "0",
        "gauge": "1435",
        "layer": "1",
        "line": "Docklands Light Railway",
        "maxspeed": "80",
        "name": "Docklands Light Railway",
        "operator": "Keolis Amey Docklands",
        "operator:wikidata": "Q89212210",
        "railway": "light_rail",
        "railway:cbtc": "dto",
        "railway:preferred_direction": "forward",
        "voltage": "750"
      },
      "geometry": {
        "type": "LineString",
        "coordinates": [
          [
            -0.0153609,
            51.5189795
          ],
          [
            -0.0154794,
            51.5192245
          ]
        ]
      },
      "id": "way/163579111"
    },
    {
      "type": "Feature",
      "properties": {
        "@id": "way/1300368183",
        "electrified": "rail",
        "frequency": "0",
        "gauge": "1435",
        "line": "Docklands Light Railway",
        "maxspeed": "80",
        "name": "Docklands Light Railway",
        "operator": "Keolis Amey Docklands",
        "operator:wikidata": "Q89212210",
        "railway": "light_rail",
        "railway:cbtc": "dto",
        "railway:preferred_direction": "forward",
        "voltage": "750"
      },
      "geometry": {
        "type": "LineString",
        "coordinates": [
          [
            -0.01532,
            51.5189957
          ],
          [
            -0.0152309,
            51.5187999
          ],
          [
            -0.0150835,
            51.5184434
          ],
          [
            -0.0149739,
            51.5181586
          ],
          [
            -0.0148653,
            51.5178178
          ],
          [
            -0.0147892,
            51.5175503
          ],
          [
            -0.0146982,
            51.5172308
          ],
          [
            -0.0145241,
            51.5166378
          ],
          [
            -0.0143174,
            51.5159753
          ]
        ]
      },
      "id": "way/1300368183"
    },
    {
      "type": "Feature",
      "properties": {
        "@id": "way/1300368184",
        "electrified": "rail",
        "frequency": "0",
        "gauge": "1435",
        "line": "Docklands Light Railway",
        "maxspeed": "80",
        "name": "Docklands Light Railway",
        "operator": "Keolis Amey Docklands",
        "operator:wikidata": "Q89212210",
        "railway": "light_rail",
        "railway:cbtc": "dto",
        "railway:preferred_direction": "forward",
        "voltage": "750"
      },
      "geometry": {
        "type": "LineString",
        "coordinates": [
          [
            -0.0143881,
            51.516065
          ],
          [
            -0.014616,
            51.5167781
          ],
          [
            -0.0148237,
            51.5174906
          ],
          [
            -0.0149218,
            51.5178197
          ],
          [
            -0.0150251,
            51.5181474
          ],
          [
            -0.0151818,
            51.5185648
          ],
          [
            -0.0153609,
            51.5189795
          ]
        ]
      },
      "id": "way/1300368184"
    },
    {
      "type": "Feature",
      "properties": {
        "@id": "way/1300368185",
        "electrified": "rail",
        "frequency": "0",
        "gauge": "1435",
        "line": "Docklands Light Railway",
        "maxspeed": "50",
        "name": "Docklands Light Railway",
        "operator": "Keolis Amey Docklands",
        "operator:wikidata": "Q89212210",
        "railway": "light_rail",
        "railway:cbtc": "dto",
        "railway:preferred_direction": "forward",
        "voltage": "750"
      },
      "geometry": {
        "type": "LineString",
        "coordinates": [
          [
            -0.014028,
            51.5148344
          ],
          [
            -0.0142575,
            51.515623
          ],
          [
            -0.0143881,
            51.516065
          ]
        ]
      },
      "id": "way/1300368185"
    },
    {
      "type": "Feature",
      "properties": {
        "@id": "way/51179564",
        "electrified": "rail",
        "frequency": "0",
        "gauge": "1435",
        "line": "Docklands Light Railway",
        "maxspeed": "50",
        "name": "Docklands Light Railway",
        "operator": "Keolis Amey Docklands",
        "operator:wikidata": "Q89212210",
        "railway": "light_rail",
        "railway:cbtc": "dto",
        "railway:preferred_direction": "forward",
        "voltage": "750"
      },
      "geometry": {
        "type": "LineString",
        "coordinates": [
          [
            -0.0202963,
            51.5268827
          ],
          [
            -0.0204616,
            51.5271361
          ],
          [
            -0.020645,
            51.5274083
          ],
          [
            -0.0207407,
            51.5275437
          ],
          [
            -0.0208402,
            51.5276768
          ],
          [
            -0.0208619,
            51.5277065
          ]
        ]
      },
      "id": "way/51179564"
    },
    {
      "type": "Feature",
      "properties": {
        "@id": "way/147380247",
        "electrified": "rail",
        "frequency": "0",
        "gauge": "1435",
        "line": "Docklands Light Railway",
        "maxspeed": "50",
        "name": "Docklands Light Railway",
        "operator": "Keolis Amey Docklands",
        "operator:wikidata": "Q89212210",
        "railway": "light_rail",
        "railway:cbtc": "dto",
        "railway:preferred_direction": "forward",
        "voltage": "750"
      },
      "geometry": {
        "type": "LineString",
        "coordinates": [
          [
            -0.0208212,
            51.5277193
          ],
          [
            -0.020809,
            51.5277025
          ],
          [
            -0.0206986,
            51.5275513
          ],
          [
            -0.0204647,
            51.5272141
          ],
          [
            -0.0202549,
            51.5268932
          ]
        ]
      },
      "id": "way/147380247"
    },
    {
      "type": "Feature",
      "properties": {
        "@id": "way/160117415",
        "electrified": "rail",
        "frequency": "0",
        "gauge": "1435",
        "layer": "-1",
        "line": "Docklands Light Railway",
        "maxspeed": "80",
        "name": "Docklands Light Railway",
        "operator": "Keolis Amey Docklands",
        "operator:wikidata": "Q89212210",
        "railway": "light_rail",
        "railway:cbtc": "dto",
        "railway:preferred_direction": "forward",
        "tunnel": "yes",
        "voltage": "750"
      },
      "geometry": {
        "type": "LineString",
        "coordinates": [
          [
            -0.0191431,
            51.5250758
          ],
          [
            -0.0202963,
            51.5268827
          ]
        ]
      },
      "id": "way/160117415"
    },
    {
      "type": "Feature",
      "properties": {
        "@id": "way/160117419",
        "electrified": "rail",
        "frequency": "0",
        "gauge": "1435",
        "layer": "-1",
        "line": "Docklands Light Railway",
        "maxspeed": "80",
        "name": "Docklands Light Railway",
        "operator": "Keolis Amey Docklands",
        "operator:wikidata": "Q89212210",
        "railway": "light_rail",
        "railway:cbtc": "dto",
        "railway:preferred_direction": "forward",
        "tunnel": "yes",
        "voltage": "750"
      },
      "geometry": {
        "type": "LineString",
        "coordinates": [
          [
            -0.0202549,
            51.5268932
          ],
          [
            -0.0190889,
            51.5250872
          ]
        ]
      },
      "id": "way/160117419"
    },
    {
      "type": "Feature",
      "properties": {
        "@id": "way/163579105",
        "electrified": "rail",
        "frequency": "0",
        "gauge": "1435",
        "line": "Docklands Light Railway",
        "maxspeed": "80",
        "name": "Docklands Light Railway",
        "operator": "Keolis Amey Docklands",
        "operator:wikidata": "Q89212210",
        "railway": "light_rail",
        "railway:cbtc": "dto",
        "railway:preferred_direction": "forward",
        "voltage": "750"
      },
      "geometry": {
        "type": "LineString",
        "coordinates": [
          [
            -0.0154794,
            51.5192245
          ],
          [
            -0.0156236,
            51.5194892
          ],
          [
            -0.0159449,
            51.5200605
          ],
          [
            -0.0163497,
            51.5206889
          ],
          [
            -0.0167553,
            51.5213183
          ],
          [
            -0.0170587,
            51.5218434
          ]
        ]
      },
      "id": "way/163579105"
    },
    {
      "type": "Feature",
      "properties": {
        "@id": "way/163579107",
        "electrified": "rail",
        "frequency": "0",
        "gauge": "1435",
        "line": "Docklands Light Railway",
        "maxspeed": "80",
        "name": "Docklands Light Railway",
        "operator": "Keolis Amey Docklands",
        "operator:wikidata": "Q89212210",
        "railway": "light_rail",
        "railway:cbtc": "dto",
        "railway:preferred_direction": "forward",
        "voltage": "750"
      },
      "geometry": {
        "type": "LineString",
        "coordinates": [
          [
            -0.0170211,
            51.5218526
          ],
          [
            -0.0167549,
            51.5214062
          ],
          [
            -0.0164457,
            51.5209395
          ],
          [
            -0.0161514,
            51.5204687
          ],
          [
            -0.015833,
            51.5199516
          ],
          [
            -0.0156677,
            51.5196547
          ],
          [
            -0.0154941,
            51.5193329
          ],
          [
            -0.0154383,
            51.5192443
          ]
        ]
      },
      "id": "way/163579107"
    },
    {
      "type": "Feature",
      "properties": {
        "@id": "way/884231368",
        "electrified": "rail",
        "frequency": "0",
        "gauge": "1435",
        "line": "Docklands Light Railway",
        "maxspeed": "80",
        "name": "Docklands Light Railway",
        "operator": "Keolis Amey Docklands",
        "operator:wikidata": "Q89212210",
        "railway": "light_rail",
        "railway:cbtc": "dto",
        "railway:preferred_direction": "forward",
        "voltage": "750"
      },
      "geometry": {
        "type": "LineString",
        "coordinates": [
          [
            -0.0190889,
            51.5250872
          ],
          [
            -0.0186451,
            51.5243516
          ],
          [
            -0.0181809,
            51.5236238
          ],
          [
            -0.0178764,
            51.5231473
          ],
          [
            -0.0176132,
            51.5227444
          ]
        ]
      },
      "id": "way/884231368"
    },
    {
      "type": "Feature",
      "properties": {
        "@id": "way/884231369",
        "electrified": "rail",
        "frequency": "0",
        "gauge": "1435",
        "line": "Docklands Light Railway",
        "maxspeed": "80",
        "name": "Docklands Light Railway",
        "operator": "Keolis Amey Docklands",
        "operator:wikidata": "Q89212210",
        "railway": "light_rail",
        "railway:cbtc": "dto",
        "railway:preferred_direction": "forward",
        "voltage": "750"
      },
      "geometry": {
        "type": "LineString",
        "coordinates": [
          [
            -0.017639,
            51.5227332
          ],
          [
            -0.0181097,
            51.5234403
          ],
          [
            -0.0186636,
            51.5243021
          ],
          [
            -0.0191431,
            51.5250758
          ]
        ]
      },
      "id": "way/884231369"
    },
    {
      "type": "Feature",
      "properties": {
        "@id": "way/884231370",
        "electrified": "rail",
        "frequency": "0",
        "gauge": "1435",
        "layer": "-1",
        "line": "Docklands Light Railway",
        "maxspeed": "80",
        "name": "Docklands Light Railway",
        "operator": "Keolis Amey Docklands",
        "operator:wikidata": "Q89212210",
        "railway": "light_rail",
        "railway:cbtc": "dto",
        "railway:preferred_direction": "forward",
        "tunnel": "yes",
        "voltage": "750"
      },
      "geometry": {
        "type": "LineString",
        "coordinates": [
          [
            -0.0175007,
            51.5225255
          ],
          [
            -0.017639,
            51.5227332
          ]
        ]
      },
      "id": "way/884231370"
    },
    {
      "type": "Feature",
      "properties": {
        "@id": "way/884231371",
        "electrified": "rail",
        "frequency": "0",
        "gauge": "1435",
        "layer": "-1",
        "line": "Docklands Light Railway",
        "maxspeed": "80",
        "name": "Docklands Light Railway",
        "operator": "Keolis Amey Docklands",
        "operator:wikidata": "Q89212210",
        "railway": "light_rail",
        "railway:cbtc": "dto",
        "railway:preferred_direction": "forward",
        "tunnel": "yes",
        "voltage": "750"
      },
      "geometry": {
        "type": "LineString",
        "coordinates": [
          [
            -0.0176132,
            51.5227444
          ],
          [
            -0.0175513,
            51.5226497
          ]
        ]
      },
      "id": "way/884231371"
    },
    {
      "type": "Feature",
      "properties": {
        "@id": "way/884231374",
        "electrified": "rail",
        "frequency": "0",
        "gauge": "1435",
        "layer": "-1",
        "line": "Docklands Light Railway",
        "name": "Docklands Light Railway",
        "operator": "Keolis Amey Docklands",
        "operator:wikidata": "Q89212210",
        "railway": "light_rail",
        "railway:cbtc": "dto",
        "railway:preferred_direction": "forward",
        "tunnel": "yes",
        "voltage": "750"
      },
      "geometry": {
        "type": "LineString",
        "coordinates": [
          [
            -0.0174939,
            51.5225619
          ],
          [
            -0.0174749,
            51.5225327
          ]
        ]
      },
      "id": "way/884231374"
    },
    {
      "type": "Feature",
      "properties": {
        "@id": "way/884231375",
        "electrified": "rail",
        "frequency": "0",
        "gauge": "1435",
        "layer": "-1",
        "line": "Docklands Light Railway",
        "maxspeed": "80",
        "name": "Docklands Light Railway",
        "operator": "Keolis Amey Docklands",
        "operator:wikidata": "Q89212210",
        "railway": "light_rail",
        "railway:cbtc": "dto",
        "railway:preferred_direction": "forward",
        "tunnel": "yes",
        "voltage": "750"
      },
      "geometry": {
        "type": "LineString",
        "coordinates": [
          [
            -0.0175321,
            51.5226203
          ],
          [
            -0.0174939,
            51.5225619
          ]
        ]
      },
      "id": "way/884231375"
    },
    {
      "type": "Feature",
      "properties": {
        "@id": "way/884231376",
        "electrified": "rail",
        "frequency": "0",
        "gauge": "1435",
        "layer": "-1",
        "line": "Docklands Light Railway",
        "name": "Docklands Light Railway",
        "operator": "Keolis Amey Docklands",
        "operator:wikidata": "Q89212210",
        "railway": "light_rail",
        "railway:cbtc": "dto",
        "railway:preferred_direction": "forward",
        "tunnel": "yes",
        "voltage": "750"
      },
      "geometry": {
        "type": "LineString",
        "coordinates": [
          [
            -0.0175513,
            51.5226497
          ],
          [
            -0.0175321,
            51.5226203
          ]
        ]
      },
      "id": "way/884231376"
    },
    {
      "type": "Feature",
      "properties": {
        "@id": "way/1300776608",
        "electrified": "rail",
        "frequency": "0",
        "gauge": "1435",
        "line": "Docklands Light Railway",
        "maxspeed": "50",
        "name": "Docklands Light Railway",
        "operator": "Keolis Amey Docklands",
        "operator:wikidata": "Q89212210",
        "railway": "light_rail",
        "railway:cbtc": "dto",
        "railway:preferred_direction": "forward",
        "voltage": "750"
      },
      "geometry": {
        "type": "LineString",
        "coordinates": [
          [
            -0.0170587,
            51.5218434
          ],
          [
            -0.017472,
            51.5224824
          ],
          [
            -0.0175007,
            51.5225255
          ]
        ]
      },
      "id": "way/1300776608"
    },
    {
      "type": "Feature",
      "properties": {
        "@id": "way/1300776609",
        "electrified": "rail",
        "frequency": "0",
        "gauge": "1435",
        "line": "Docklands Light Railway",
        "maxspeed": "50",
        "name": "Docklands Light Railway",
        "operator": "Keolis Amey Docklands",
        "operator:wikidata": "Q89212210",
        "railway": "light_rail",
        "railway:cbtc": "dto",
        "railway:preferred_direction": "forward",
        "voltage": "750"
      },
      "geometry": {
        "type": "LineString",
        "coordinates": [
          [
            -0.0174749,
            51.5225327
          ],
          [
            -0.0174484,
            51.5224922
          ],
          [
            -0.0170211,
            51.5218526
          ]
        ]
      },
      "id": "way/1300776609"
    },
    {
      "type": "Feature",
      "properties": {
        "@id": "way/22616632",
        "electrified": "rail",
        "frequency": "0",
        "gauge": "1435",
        "line": "Docklands Light Railway",
        "maxspeed": "45",
        "name": "Docklands Light Railway",
        "operator": "Keolis Amey Docklands",
        "operator:wikidata": "Q89212210",
        "railway": "light_rail",
        "railway:bidirectional": "regular",
        "railway:cbtc": "dto",
        "railway:preferred_direction": "both",
        "voltage": "750"
      },
      "geometry": {
        "type": "LineString",
        "coordinates": [
          [
            -0.0217839,
            51.5288951
          ],
          [
            -0.021943,
            51.5290564
          ],
          [
            -0.0220236,
            51.5291441
          ],
          [
            -0.0220931,
            51.5292316
          ],
          [
            -0.0221307,
            51.5292926
          ],
          [
            -0.0221592,
            51.5293493
          ],
          [
            -0.0221843,
            51.5294377
          ],
          [
            -0.0221996,
            51.529531
          ],
          [
            -0.0221977,
            51.529597
          ],
          [
            -0.0221855,
            51.5296602
          ],
          [
            -0.0221533,
            51.5297751
          ],
          [
            -0.0221233,
            51.5298349
          ],
          [
            -0.0220794,
            51.529912
          ],
          [
            -0.0219632,
            51.5300523
          ],
          [
            -0.0218056,
            51.530216
          ],
          [
            -0.0217313,
            51.5302802
          ]
        ]
      },
      "id": "way/22616632"
    },
    {
      "type": "Feature",
      "properties": {
        "@id": "way/22616636",
        "bridge": "yes",
        "electrified": "rail",
        "frequency": "0",
        "gauge": "1435",
        "layer": "1",
        "line": "Docklands Light Railway",
        "maxspeed": "55",
        "name": "Docklands Light Railway",
        "operator": "Keolis Amey Docklands",
        "operator:wikidata": "Q89212210",
        "railway": "light_rail",
        "railway:bidirectional": "regular",
        "railway:cbtc": "dto",
        "railway:preferred_direction": "both",
        "voltage": "750"
      },
      "geometry": {
        "type": "LineString",
        "coordinates": [
          [
            -0.0217313,
            51.5302802
          ],
          [
            -0.0215798,
            51.5303975
          ]
        ]
      },
      "id": "way/22616636"
    },
    {
      "type": "Feature",
      "properties": {
        "@id": "way/51179565",
        "electrified": "rail",
        "frequency": "0",
        "gauge": "1435",
        "line": "Docklands Light Railway",
        "maxspeed": "45",
        "name": "Docklands Light Railway",
        "operator": "Keolis Amey Docklands",
        "operator:wikidata": "Q89212210",
        "railway": "light_rail",
        "railway:cbtc": "dto",
        "railway:preferred_direction": "forward",
        "voltage": "750"
      },
      "geometry": {
        "type": "LineString",
        "coordinates": [
          [
            -0.0212013,
            51.5281574
          ],
          [
            -0.0214814,
            51.5285262
          ],
          [
            -0.0215499,
            51.5286138
          ],
          [
            -0.0216307,
            51.5287113
          ],
          [
            -0.0217839,
            51.5288951
          ]
        ]
      },
      "id": "way/51179565"
    },
    {
      "type": "Feature",
      "properties": {
        "@id": "way/106043571",
        "electrified": "rail",
        "frequency": "0",
        "gauge": "1435",
        "layer": "-1",
        "line": "Docklands Light Railway",
        "maxspeed": "50",
        "name": "Docklands Light Railway",
        "operator": "Keolis Amey Docklands",
        "operator:wikidata": "Q89212210",
        "railway": "light_rail",
        "railway:cbtc": "dto",
        "railway:preferred_direction": "forward",
        "tunnel": "yes",
        "voltage": "750"
      },
      "geometry": {
        "type": "LineString",
        "coordinates": [
          [
            -0.0208619,
            51.5277065
          ],
          [
            -0.0212013,
            51.5281574
          ]
        ]
      },
      "id": "way/106043571"
    },
    {
      "type": "Feature",
      "properties": {
        "@id": "way/147380248",
        "electrified": "rail",
        "frequency": "0",
        "gauge": "1435",
        "layer": "-1",
        "line": "Docklands Light Railway",
        "maxspeed": "50",
        "name": "Docklands Light Railway",
        "operator": "Keolis Amey Docklands",
        "operator:wikidata": "Q89212210",
        "railway": "light_rail",
        "railway:cbtc": "dto",
        "railway:preferred_direction": "forward",
        "tunnel": "yes",
        "voltage": "750"
      },
      "geometry": {
        "type": "LineString",
        "coordinates": [
          [
            -0.0211554,
            51.5281657
          ],
          [
            -0.0208212,
            51.5277193
          ]
        ]
      },
      "id": "way/147380248"
    },
    {
      "type": "Feature",
      "properties": {
        "@id": "way/655753084",
        "electrified": "rail",
        "frequency": "0",
        "gauge": "1435",
        "line": "Docklands Light Railway",
        "maxspeed": "45",
        "name": "Docklands Light Railway",
        "operator": "Keolis Amey Docklands",
        "operator:wikidata": "Q89212210",
        "railway": "light_rail",
        "railway:cbtc": "dto",
        "railway:preferred_direction": "forward",
        "voltage": "750"
      },
      "geometry": {
        "type": "LineString",
        "coordinates": [
          [
            -0.0217839,
            51.5288951
          ],
          [
            -0.0215166,
            51.5286266
          ],
          [
            -0.021414,
            51.5285028
          ],
          [
            -0.0212638,
            51.5283082
          ],
          [
            -0.0212148,
            51.5282437
          ],
          [
            -0.0211554,
            51.5281657
          ]
        ]
      },
      "id": "way/655753084"
    },
    {
      "type": "Feature",
      "properties": {
        "@id": "way/105435367",
        "bridge": "yes",
        "electrified": "rail",
        "frequency": "0",
        "gauge": "1435",
        "layer": "1",
        "line": "Docklands Light Railway",
        "maxspeed": "90",
        "name": "Docklands Light Railway",
        "operator": "Keolis Amey Docklands",
        "operator:wikidata": "Q89212210",
        "railway": "light_rail",
        "railway:bidirectional": "regular",
        "railway:cbtc": "dto",
        "railway:preferred_direction": "both",
        "voltage": "750"
      },
      "geometry": {
        "type": "LineString",
        "coordinates": [
          [
            -0.0188795,
            51.5316412
          ],
          [
            -0.0183475,
            51.5318831
          ]
        ]
      },
      "id": "way/105435367"
    },
    {
      "type": "Feature",
      "properties": {
        "@id": "way/106665745",
        "electrified": "rail",
        "frequency": "0",
        "gauge": "1435",
        "line": "Docklands Light Railway",
        "maxspeed": "90",
        "name": "Docklands Light Railway",
        "operator": "Keolis Amey Docklands",
        "operator:wikidata": "Q89212210",
        "railway": "light_rail",
        "railway:bidirectional": "regular",
        "railway:cbtc": "dto",
        "railway:preferred_direction": "both",
        "voltage": "750"
      },
      "geometry": {
        "type": "LineString",
        "coordinates": [
          [
            -0.0183475,
            51.5318831
          ],
          [
            -0.018099,
            51.532017
          ]
        ]
      },
      "id": "way/106665745"
    },
    {
      "type": "Feature",
      "properties": {
        "@id": "way/106665746",
        "bridge": "yes",
        "electrified": "rail",
        "frequency": "0",
        "gauge": "1435",
        "layer": "1",
        "line": "Docklands Light Railway",
        "maxspeed": "80",
        "name": "Docklands Light Railway",
        "operator": "Keolis Amey Docklands",
        "operator:wikidata": "Q89212210",
        "railway": "light_rail",
        "railway:bidirectional": "regular",
        "railway:cbtc": "dto",
        "railway:preferred_direction": "both",
        "voltage": "750"
      },
      "geometry": {
        "type": "LineString",
        "coordinates": [
          [
            -0.018099,
            51.532017
          ],
          [
            -0.0177183,
            51.5322068
          ]
        ]
      },
      "id": "way/106665746"
    },
    {
      "type": "Feature",
      "properties": {
        "@id": "way/145167494",
        "electrified": "rail",
        "frequency": "0",
        "gauge": "1435",
        "layer": "1",
        "line": "Docklands Light Railway",
        "maxspeed": "80",
        "name": "Docklands Light Railway",
        "operator": "Keolis Amey Docklands",
        "operator:wikidata": "Q89212210",
        "railway": "light_rail",
        "railway:bidirectional": "regular",
        "railway:cbtc": "dto",
        "railway:preferred_direction": "both",
        "voltage": "750"
      },
      "geometry": {
        "type": "LineString",
        "coordinates": [
          [
            -0.0189673,
            51.5316028
          ],
          [
            -0.0188795,
            51.5316412
          ]
        ]
      },
      "id": "way/145167494"
    },
    {
      "type": "Feature",
      "properties": {
        "@id": "way/145167499",
        "bridge": "yes",
        "electrified": "rail",
        "frequency": "0",
        "gauge": "1435",
        "layer": "1",
        "line": "Docklands Light Railway",
        "maxspeed": "80",
        "name": "Docklands Light Railway",
        "operator": "Keolis Amey Docklands",
        "operator:wikidata": "Q89212210",
        "railway": "light_rail",
        "railway:bidirectional": "regular",
        "railway:cbtc": "dto",
        "railway:preferred_direction": "both",
        "voltage": "750"
      },
      "geometry": {
        "type": "LineString",
        "coordinates": [
          [
            -0.01932,
            51.5314519
          ],
          [
            -0.0189673,
            51.5316028
          ]
        ]
      },
      "id": "way/145167499"
    },
    {
      "type": "Feature",
      "properties": {
        "@id": "way/170167849",
        "covered": "yes",
        "electrified": "rail",
        "frequency": "0",
        "gauge": "1435",
        "layer": "1",
        "line": "Docklands Light Railway",
        "maxspeed": "50",
        "name": "Docklands Light Railway",
        "operator": "Keolis Amey Docklands",
        "operator:wikidata": "Q89212210",
        "railway": "light_rail",
        "railway:cbtc": "dto",
        "railway:preferred_direction": "forward",
        "start_date": "2014-04-28",
        "voltage": "750"
      },
      "geometry": {
        "type": "LineString",
        "coordinates": [
          [
            -0.0141978,
            51.5335011
          ],
          [
            -0.0132276,
            51.5340107
          ],
          [
            -0.0131746,
            51.5340387
          ]
        ]
      },
      "id": "way/170167849"
    },
    {
      "type": "Feature",
      "properties": {
        "@id": "way/275210773",
        "covered": "yes",
        "electrified": "rail",
        "frequency": "0",
        "gauge": "1435",
        "layer": "1",
        "line": "Docklands Light Railway",
        "maxspeed": "50",
        "name": "Docklands Light Railway",
        "operator": "Keolis Amey Docklands",
        "operator:wikidata": "Q89212210",
        "railway": "light_rail",
        "railway:cbtc": "dto",
        "railway:preferred_direction": "forward",
        "start_date": "2014-04-28",
        "voltage": "750"
      },
      "geometry": {
        "type": "LineString",
        "coordinates": [
          [
            -0.0131434,
            51.5340161
          ],
          [
            -0.0140943,
            51.5335163
          ],
          [
            -0.0141664,
            51.5334782
          ]
        ]
      },
      "id": "way/275210773"
    },
    {
      "type": "Feature",
      "properties": {
        "@id": "way/275210775",
        "electrified": "rail",
        "frequency": "0",
        "gauge": "1435",
        "line": "Docklands Light Railway",
        "maxspeed": "55",
        "name": "Docklands Light Railway",
        "operator": "Keolis Amey Docklands",
        "operator:wikidata": "Q89212210",
        "railway": "light_rail",
        "railway:cbtc": "dto",
        "railway:preferred_direction": "forward",
        "start_date": "2014-04-28",
        "voltage": "750"
      },
      "geometry": {
        "type": "LineString",
        "coordinates": [
          [
            -0.017404,
            51.5323635
          ],
          [
            -0.0171689,
            51.5324698
          ],
          [
            -0.0169828,
            51.5325426
          ],
          [
            -0.0167538,
            51.5326272
          ],
          [
            -0.0164842,
            51.5327159
          ],
          [
            -0.0161667,
            51.5328062
          ],
          [
            -0.0156657,
            51.5329475
          ],
          [
            -0.0152751,
            51.5330555
          ],
          [
            -0.0150162,
            51.5331307
          ],
          [
            -0.0148002,
            51.5332071
          ],
          [
            -0.0145966,
            51.5332955
          ],
          [
            -0.0141978,
            51.5335011
          ]
        ]
      },
      "id": "way/275210775"
    },
    {
      "type": "Feature",
      "properties": {
        "@id": "way/275219086",
        "electrified": "rail",
        "frequency": "0",
        "gauge": "1435",
        "line": "Docklands Light Railway",
        "maxspeed": "55",
        "name": "Docklands Light Railway",
        "operator": "Keolis Amey Docklands",
        "operator:wikidata": "Q89212210",
        "railway": "light_rail",
        "railway:cbtc": "dto",
        "railway:preferred_direction": "forward",
        "start_date": "2014-04-28",
        "voltage": "750"
      },
      "geometry": {
        "type": "LineString",
        "coordinates": [
          [
            -0.0141664,
            51.5334782
          ],
          [
            -0.0145645,
            51.5332781
          ],
          [
            -0.0147826,
            51.5331814
          ],
          [
            -0.0150024,
            51.533105
          ],
          [
            -0.0153618,
            51.5329979
          ],
          [
            -0.0162633,
            51.532735
          ],
          [
            -0.0168519,
            51.5325623
          ],
          [
            -0.0170254,
            51.5325076
          ],
          [
            -0.0170967,
            51.5324843
          ],
          [
            -0.0171612,
            51.5324586
          ],
          [
            -0.017404,
            51.5323635
          ]
        ]
      },
      "id": "way/275219086"
    },
    {
      "type": "Feature",
      "properties": {
        "@id": "way/275289264",
        "electrified": "rail",
        "frequency": "0",
        "gauge": "1435",
        "line": "Docklands Light Railway",
        "maxspeed": "55",
        "name": "Docklands Light Railway",
        "operator": "Keolis Amey Docklands",
        "operator:wikidata": "Q89212210",
        "railway": "light_rail",
        "railway:bidirectional": "regular",
        "railway:cbtc": "dto",
        "railway:preferred_direction": "both",
        "voltage": "750"
      },
      "geometry": {
        "type": "LineString",
        "coordinates": [
          [
            -0.0177183,
            51.5322068
          ],
          [
            -0.0175898,
            51.5322737
          ],
          [
            -0.0174301,
            51.5323515
          ],
          [
            -0.017404,
            51.5323635
          ]
        ]
      },
      "id": "way/275289264"
    },
    {
      "type": "Feature",
      "properties": {
        "@id": "way/22616643",
        "electrified": "rail",
        "frequency": "0",
        "gauge": "1435",
        "line": "Docklands Light Railway",
        "maxspeed": "65",
        "name": "Docklands Light Railway",
        "operator": "Keolis Amey Docklands",
        "operator:wikidata": "Q89212210",
        "railway": "light_rail",
        "railway:bidirectional": "regular",
        "railway:cbtc": "dto",
        "railway:preferred_direction": "both",
        "voltage": "750"
      },
      "geometry": {
        "type": "LineString",
        "coordinates": [
          [
            -0.0215798,
            51.5303975
          ],
          [
            -0.0214415,
            51.5304939
          ],
          [
            -0.0213222,
            51.5305685
          ],
          [
            -0.0212617,
            51.5306047
          ],
          [
            -0.0211987,
            51.530639
          ],
          [
            -0.0210561,
            51.5307116
          ],
          [
            -0.0209184,
            51.530777
          ],
          [
            -0.0206974,
            51.5308753
          ],
          [
            -0.0205413,
            51.5309436
          ],
          [
            -0.0203826,
            51.5310097
          ],
          [
            -0.0201704,
            51.5310954
          ],
          [
            -0.019954,
            51.5311795
          ],
          [
            -0.01932,
            51.5314519
          ]
        ]
      },
      "id": "way/22616643"
    },
    {
      "type": "Feature",
      "properties": {
        "@id": "way/170167843",
        "bridge": "yes",
        "electrified": "rail",
        "frequency": "0",
        "gauge": "1435",
        "layer": "1",
        "line": "Docklands Light Railway",
        "maxspeed": "65",
        "name": "Docklands Light Railway",
        "operator": "Keolis Amey Docklands",
        "operator:wikidata": "Q89212210",
        "railway": "light_rail",
        "railway:cbtc": "dto",
        "railway:preferred_direction": "forward",
        "start_date": "2014-04-28",
        "voltage": "750"
      },
      "geometry": {
        "type": "LineString",
        "coordinates": [
          [
            -0.011637,
            51.5351412
          ],
          [
            -0.0120024,
            51.5348147
          ],
          [
            -0.0121974,
            51.5346393
          ],
          [
            -0.0123733,
            51.534481
          ],
          [
            -0.0125141,
            51.5343716
          ],
          [
            -0.0126884,
            51.5342579
          ],
          [
            -0.0131434,
            51.5340161
          ]
        ]
      },
      "id": "way/170167843"
    },
    {
      "type": "Feature",
      "properties": {
        "@id": "way/275211754",
        "bridge": "yes",
        "electrified": "rail",
        "frequency": "0",
        "gauge": "1435",
        "layer": "1",
        "line": "Docklands Light Railway",
        "maxspeed": "65",
        "name": "Docklands Light Railway",
        "operator": "Keolis Amey Docklands",
        "operator:wikidata": "Q89212210",
        "railway": "light_rail",
        "railway:cbtc": "dto",
        "railway:preferred_direction": "forward",
        "start_date": "2014-04-28",
        "voltage": "750"
      },
      "geometry": {
        "type": "LineString",
        "coordinates": [
          [
            -0.0131746,
            51.5340387
          ],
          [
            -0.0127204,
            51.5342815
          ],
          [
            -0.0125517,
            51.5343909
          ],
          [
            -0.0124143,
            51.5344971
          ],
          [
            -0.0116634,
            51.5351645
          ]
        ]
      },
      "id": "way/275211754"
    },
    {
      "type": "Feature",
      "properties": {
        "@id": "way/22617191",
        "bridge": "yes",
        "electrified": "rail",
        "frequency": "0",
        "gauge": "1435",
        "layer": "1",
        "line": "Docklands Light Railway",
        "maxspeed": "30",
        "name": "Docklands Light Railway",
        "operator": "Keolis Amey Docklands",
        "operator:wikidata": "Q89212210",
        "railway": "light_rail",
        "railway:bidirectional": "regular",
        "railway:cbtc": "dto",
        "railway:preferred_direction": "both",
        "source_ref": "Yahoo",
        "voltage": "750"
      },
      "geometry": {
        "type": "LineString",
        "coordinates": [
          [
            -0.0038302,
            51.5408609
          ],
          [
            -0.0039505,
            51.540789
          ],
          [
            -0.004773,
            51.5403204
          ],
          [
            -0.005152,
            51.5401147
          ]
        ]
      },
      "id": "way/22617191"
    },
    {
      "type": "Feature",
      "properties": {
        "@id": "way/655777712",
        "electrified": "rail",
        "frequency": "0",
        "gauge": "1435",
        "line": "Docklands Light Railway",
        "maxspeed": "35",
        "name": "Docklands Light Railway",
        "operator": "Keolis Amey Docklands",
        "operator:wikidata": "Q89212210",
        "railway": "light_rail",
        "railway:bidirectional": "regular",
        "railway:cbtc": "dto",
        "railway:preferred_direction": "both",
        "voltage": "750"
      },
      "geometry": {
        "type": "LineString",
        "coordinates": [
          [
            -0.0071897,
            51.5386456
          ],
          [
            -0.0069082,
            51.5389066
          ],
          [
            -0.0065412,
            51.5392547
          ]
        ]
      },
      "id": "way/655777712"
    },
    {
      "type": "Feature",
      "properties": {
        "@id": "way/701056546",
        "bridge": "yes",
        "electrified": "rail",
        "frequency": "0",
        "gauge": "1435",
        "layer": "1",
        "line": "Docklands Light Railway",
        "maxspeed": "30",
        "name": "Docklands Light Railway",
        "operator": "Keolis Amey Docklands",
        "operator:wikidata": "Q89212210",
        "railway": "light_rail",
        "railway:bidirectional": "regular",
        "railway:cbtc": "dto",
        "railway:preferred_direction": "both",
        "source_ref": "Yahoo",
        "voltage": "750"
      },
      "geometry": {
        "type": "LineString",
        "coordinates": [
          [
            -0.0044084,
            51.5407047
          ],
          [
            -0.0043275,
            51.5407578
          ],
          [
            -0.0042474,
            51.5408086
          ]
        ]
      },
      "id": "way/701056546"
    },
    {
      "type": "Feature",
      "properties": {
        "@id": "way/1257326980",
        "electrified": "rail",
        "frequency": "0",
        "gauge": "1435",
        "layer": "-1",
        "line": "Docklands Light Railway",
        "maxspeed": "30",
        "name": "Docklands Light Railway",
        "operator": "Keolis Amey Docklands",
        "operator:wikidata": "Q89212210",
        "railway": "light_rail",
        "railway:cbtc": "dto",
        "voltage": "750"
      },
      "geometry": {
        "type": "LineString",
        "coordinates": [
          [
            -0.0026835,
            51.5405749
          ],
          [
            -0.0027363,
            51.5406429
          ],
          [
            -0.0028847,
            51.5408234
          ],
          [
            -0.0030114,
            51.5409634
          ],
          [
            -0.0031528,
            51.5411096
          ]
        ]
      },
      "id": "way/1257326980"
    },
    {
      "type": "Feature",
      "properties": {
        "@id": "way/1257326981",
        "electrified": "rail",
        "frequency": "0",
        "gauge": "1435",
        "layer": "-1",
        "line": "Docklands Light Railway",
        "maxspeed": "30",
        "name": "Docklands Light Railway",
        "operator": "Keolis Amey Docklands",
        "operator:wikidata": "Q89212210",
        "railway": "light_rail",
        "railway:cbtc": "dto",
        "voltage": "750"
      },
      "geometry": {
        "type": "LineString",
        "coordinates": [
          [
            -0.0031242,
            51.5411309
          ],
          [
            -0.0029741,
            51.540979
          ],
          [
            -0.0028423,
            51.5408387
          ],
          [
            -0.0026811,
            51.5406616
          ],
          [
            -0.0026141,
            51.5405902
          ]
        ]
      },
      "id": "way/1257326981"
    },
    {
      "type": "Feature",
      "properties": {
        "@id": "way/1300454550",
        "electrified": "rail",
        "frequency": "0",
        "gauge": "1435",
        "layer": "-1",
        "line": "Docklands Light Railway",
        "maxspeed": "30",
        "name": "Docklands Light Railway",
        "operator": "Keolis Amey Docklands",
        "operator:wikidata": "Q89212210",
        "railway": "light_rail",
        "railway:cbtc": "dto",
        "railway:preferred_direction": "forward",
        "voltage": "750"
      },
      "geometry": {
        "type": "LineString",
        "coordinates": [
          [
            0.0006942,
            51.5368481
          ],
          [
            0.0005712,
            51.5369877
          ],
          [
            0.0004356,
            51.5371288
          ],
          [
            0.0002996,
            51.5372603
          ],
          [
            0.0000922,
            51.5374474
          ],
          [
            -0.0001186,
            51.537634
          ],
          [
            -0.0004036,
            51.5378847
          ],
          [
            -0.0004977,
            51.5379548
          ]
        ]
      },
      "id": "way/1300454550"
    },
    {
      "type": "Feature",
      "properties": {
        "@id": "way/1300454551",
        "electrified": "rail",
        "frequency": "0",
        "gauge": "1435",
        "layer": "-1",
        "line": "Docklands Light Railway",
        "maxspeed": "30",
        "name": "Docklands Light Railway",
        "operator": "Keolis Amey Docklands",
        "operator:wikidata": "Q89212210",
        "railway": "light_rail",
        "railway:cbtc": "dto",
        "railway:preferred_direction": "forward",
        "voltage": "750"
      },
      "geometry": {
        "type": "LineString",
        "coordinates": [
          [
            -0.0003778,
            51.5378972
          ],
          [
            -0.0000863,
            51.5376486
          ],
          [
            0.0001243,
            51.5374615
          ],
          [
            0.0003306,
            51.5372734
          ],
          [
            0.0004661,
            51.53714
          ],
          [
            0.0005989,
            51.5370019
          ],
          [
            0.0007207,
            51.5368578
          ]
        ]
      },
      "id": "way/1300454551"
    },
    {
      "type": "Feature",
      "properties": {
        "@id": "way/22617071",
        "electrified": "rail",
        "frequency": "0",
        "gauge": "1435",
        "line": "Docklands Light Railway",
        "maxspeed": "45",
        "name": "Docklands Light Railway",
        "operator": "Keolis Amey Docklands",
        "operator:wikidata": "Q89212210",
        "railway": "light_rail",
        "railway:bidirectional": "regular",
        "railway:cbtc": "dto",
        "railway:preferred_direction": "both",
        "voltage": "750"
      },
      "geometry": {
        "type": "LineString",
        "coordinates": [
          [
            -0.0088399,
            51.5372636
          ],
          [
            -0.0082702,
            51.537699
          ],
          [
            -0.0078469,
            51.53805
          ],
          [
            -0.0074013,
            51.5384447
          ],
          [
            -0.0073242,
            51.5385173
          ]
        ]
      },
      "id": "way/22617071"
    },
    {
      "type": "Feature",
      "properties": {
        "@id": "way/22617095",
        "bridge": "yes",
        "electrified": "rail",
        "frequency": "0",
        "gauge": "1435",
        "layer": "1",
        "line": "Docklands Light Railway",
        "maxspeed": "65",
        "name": "Docklands Light Railway",
        "operator": "Keolis Amey Docklands",
        "operator:wikidata": "Q89212210",
        "railway": "light_rail",
        "railway:bidirectional": "regular",
        "railway:cbtc": "dto",
        "railway:preferred_direction": "both",
        "voltage": "750"
      },
      "geometry": {
        "type": "LineString",
        "coordinates": [
          [
            -0.0094292,
            51.5368202
          ],
          [
            -0.0088399,
            51.5372636
          ]
        ]
      },
      "id": "way/22617095"
    },
    {
      "type": "Feature",
      "properties": {
        "@id": "way/147380482",
        "bridge": "yes",
        "electrified": "rail",
        "frequency": "0",
        "gauge": "1435",
        "layer": "1",
        "line": "Docklands Light Railway",
        "maxspeed": "35",
        "name": "Docklands Light Railway",
        "operator": "Keolis Amey Docklands",
        "operator:wikidata": "Q89212210",
        "railway": "light_rail",
        "railway:bidirectional": "regular",
        "railway:cbtc": "dto",
        "railway:preferred_direction": "both",
        "voltage": "750"
      },
      "geometry": {
        "type": "LineString",
        "coordinates": [
          [
            -0.0073242,
            51.5385173
          ],
          [
            -0.0071897,
            51.5386456
          ]
        ]
      },
      "id": "way/147380482"
    },
    {
      "type": "Feature",
      "properties": {
        "@id": "way/168226797",
        "electrified": "rail",
        "frequency": "0",
        "gauge": "1435",
        "layer": "1",
        "line": "Docklands Light Railway",
        "maxspeed": "65",
        "name": "Docklands Light Railway",
        "operator": "Keolis Amey Docklands",
        "operator:wikidata": "Q89212210",
        "railway": "light_rail",
        "railway:cbtc": "dto",
        "railway:preferred_direction": "forward",
        "start_date": "2014-04-28",
        "voltage": "750"
      },
      "geometry": {
        "type": "LineString",
        "coordinates": [
          [
            -0.0114471,
            51.5353547
          ],
          [
            -0.0113375,
            51.5354448
          ],
          [
            -0.0112021,
            51.5355472
          ],
          [
            -0.0110947,
            51.5356212
          ],
          [
            -0.0108521,
            51.535785
          ],
          [
            -0.0104578,
            51.5360356
          ],
          [
            -0.0102191,
            51.5361856
          ]
        ]
      },
      "id": "way/168226797"
    },
    {
      "type": "Feature",
      "properties": {
        "@id": "way/190765120",
        "bridge": "yes",
        "electrified": "rail",
        "frequency": "0",
        "gauge": "1435",
        "layer": "2",
        "line": "Docklands Light Railway",
        "maxspeed": "65",
        "name": "Docklands Light Railway",
        "operator": "Keolis Amey Docklands",
        "operator:wikidata": "Q89212210",
        "railway": "light_rail",
        "railway:cbtc": "dto",
        "railway:preferred_direction": "forward",
        "start_date": "2014-04-28",
        "voltage": "750"
      },
      "geometry": {
        "type": "LineString",
        "coordinates": [
          [
            -0.0116634,
            51.5351645
          ],
          [
            -0.0114471,
            51.5353547
          ]
        ]
      },
      "id": "way/190765120"
    },
    {
      "type": "Feature",
      "properties": {
        "@id": "way/275285299",
        "electrified": "rail",
        "frequency": "0",
        "gauge": "1435",
        "line": "Docklands Light Railway",
        "maxspeed": "65",
        "name": "Docklands Light Railway",
        "operator": "Keolis Amey Docklands",
        "operator:wikidata": "Q89212210",
        "railway": "light_rail",
        "railway:bidirectional": "regular",
        "railway:cbtc": "dto",
        "railway:preferred_direction": "both",
        "voltage": "750"
      },
      "geometry": {
        "type": "LineString",
        "coordinates": [
          [
            -0.0102191,
            51.5361856
          ],
          [
            -0.0100322,
            51.5363448
          ],
          [
            -0.0096066,
            51.5366895
          ],
          [
            -0.0094292,
            51.5368202
          ]
        ]
      },
      "id": "way/275285299"
    },
    {
      "type": "Feature",
      "properties": {
        "@id": "way/684980048",
        "bridge": "yes",
        "electrified": "rail",
        "frequency": "0",
        "gauge": "1435",
        "layer": "2",
        "line": "Docklands Light Railway",
        "maxspeed": "65",
        "name": "Docklands Light Railway",
        "operator": "Keolis Amey Docklands",
        "operator:wikidata": "Q89212210",
        "railway": "light_rail",
        "railway:cbtc": "dto",
        "railway:preferred_direction": "forward",
        "start_date": "2014-04-28",
        "voltage": "750"
      },
      "geometry": {
        "type": "LineString",
        "coordinates": [
          [
            -0.0114126,
            51.5353371
          ],
          [
            -0.011637,
            51.5351412
          ]
        ]
      },
      "id": "way/684980048"
    },
    {
      "type": "Feature",
      "properties": {
        "@id": "way/684980050",
        "electrified": "rail",
        "frequency": "0",
        "gauge": "1435",
        "layer": "1",
        "line": "Docklands Light Railway",
        "maxspeed": "65",
        "name": "Docklands Light Railway",
        "operator": "Keolis Amey Docklands",
        "operator:wikidata": "Q89212210",
        "railway": "light_rail",
        "railway:cbtc": "dto",
        "railway:preferred_direction": "forward",
        "start_date": "2014-04-28",
        "voltage": "750"
      },
      "geometry": {
        "type": "LineString",
        "coordinates": [
          [
            -0.0102191,
            51.5361856
          ],
          [
            -0.0104601,
            51.535996
          ],
          [
            -0.0108264,
            51.5357531
          ],
          [
            -0.0110725,
            51.5355893
          ],
          [
            -0.0111772,
            51.5355215
          ],
          [
            -0.0113122,
            51.5354203
          ],
          [
            -0.0114126,
            51.5353371
          ]
        ]
      },
      "id": "way/684980050"
    },
    {
      "type": "Feature",
      "properties": {
        "@id": "way/146416314",
        "electrified": "rail",
        "frequency": "0",
        "gauge": "1435",
        "line": "Docklands Light Railway",
        "maxspeed": "30",
        "name": "Docklands Light Railway",
        "operator": "Keolis Amey Docklands",
        "operator:wikidata": "Q89212210",
        "railway": "light_rail",
        "railway:bidirectional": "regular",
        "railway:cbtc": "dto",
        "railway:preferred_direction": "both",
        "source_ref": "Yahoo",
        "voltage": "750"
      },
      "geometry": {
        "type": "LineString",
        "coordinates": [
          [
            -0.0065412,
            51.5392547
          ],
          [
            -0.0064151,
            51.53937
          ],
          [
            -0.006265,
            51.5395153
          ],
          [
            -0.006161,
            51.5396083
          ],
          [
            -0.0060529,
            51.5396905
          ],
          [
            -0.0059718,
            51.5397408
          ],
          [
            -0.0058828,
            51.5397939
          ],
          [
            -0.0057852,
            51.5398457
          ],
          [
            -0.0056381,
            51.5399161
          ],
          [
            -0.0055502,
            51.539963
          ],
          [
            -0.0054958,
            51.5399937
          ],
          [
            -0.0054569,
            51.5400187
          ]
        ]
      },
      "id": "way/146416314"
    },
    {
      "type": "Feature",
      "properties": {
        "@id": "way/146646994",
        "bridge": "yes",
        "electrified": "rail",
        "frequency": "0",
        "gauge": "1435",
        "layer": "1",
        "line": "Docklands Light Railway",
        "maxspeed": "30",
        "name": "Docklands Light Railway",
        "operator": "Keolis Amey Docklands",
        "operator:wikidata": "Q89212210",
        "railway": "light_rail",
        "railway:bidirectional": "regular",
        "railway:cbtc": "dto",
        "railway:preferred_direction": "both",
        "source_ref": "Yahoo",
        "voltage": "750"
      },
      "geometry": {
        "type": "LineString",
        "coordinates": [
          [
            -0.0054569,
            51.5400187
          ],
          [
            -0.0050573,
            51.5402791
          ],
          [
            -0.0045926,
            51.5405877
          ],
          [
            -0.0044084,
            51.5407047
          ]
        ]
      },
      "id": "way/146646994"
    },
    {
      "type": "Feature",
      "properties": {
        "@id": "way/147380481",
        "electrified": "rail",
        "frequency": "0",
        "gauge": "1435",
        "line": "Docklands Light Railway",
        "maxspeed": "30",
        "name": "Docklands Light Railway",
        "operator": "Keolis Amey Docklands",
        "operator:wikidata": "Q89212210",
        "railway": "light_rail",
        "railway:bidirectional": "regular",
        "railway:cbtc": "dto",
        "railway:preferred_direction": "both",
        "source_ref": "Yahoo",
        "voltage": "750"
      },
      "geometry": {
        "type": "LineString",
        "coordinates": [
          [
            -0.00542,
            51.5399816
          ],
          [
            -0.0055943,
            51.5398978
          ],
          [
            -0.0057326,
            51.5398286
          ],
          [
            -0.0058351,
            51.5397793
          ],
          [
            -0.005952,
            51.5397118
          ],
          [
            -0.0060455,
            51.5396466
          ],
          [
            -0.0061416,
            51.5395753
          ],
          [
            -0.0062267,
            51.5395094
          ],
          [
            -0.006312,
            51.5394426
          ],
          [
            -0.0064299,
            51.5393522
          ],
          [
            -0.0065412,
            51.5392547
          ]
        ]
      },
      "id": "way/147380481"
    },
    {
      "type": "Feature",
      "properties": {
        "@id": "way/150570386",
        "electrified": "rail",
        "frequency": "0",
        "gauge": "1435",
        "layer": "-1",
        "line": "Docklands Light Railway",
        "maxspeed": "45",
        "name": "Docklands Light Railway",
        "operator": "Keolis Amey Docklands",
        "operator:wikidata": "Q89212210",
        "railway": "light_rail",
        "railway:cbtc": "dto",
        "railway:preferred_direction": "forward",
        "voltage": "750"
      },
      "geometry": {
        "type": "LineString",
        "coordinates": [
          [
            -0.0026141,
            51.5405902
          ],
          [
            -0.0024841,
            51.5404437
          ],
          [
            -0.0024243,
            51.5403775
          ],
          [
            -0.0023554,
            51.5402958
          ],
          [
            -0.0022885,
            51.5402096
          ],
          [
            -0.0022304,
            51.5401281
          ],
          [
            -0.0021524,
            51.5400081
          ],
          [
            -0.0020522,
            51.5398443
          ],
          [
            -0.0019967,
            51.5397502
          ],
          [
            -0.0019488,
            51.539663
          ],
          [
            -0.0019009,
            51.5395672
          ],
          [
            -0.001865,
            51.5394843
          ],
          [
            -0.0018343,
            51.5394117
          ],
          [
            -0.0018079,
            51.539341
          ],
          [
            -0.0017652,
            51.5392385
          ],
          [
            -0.0017381,
            51.5391822
          ],
          [
            -0.0017146,
            51.5391359
          ],
          [
            -0.0016894,
            51.5390898
          ]
        ]
      },
      "id": "way/150570386"
    },
    {
      "type": "Feature",
      "properties": {
        "@id": "way/150570395",
        "electrified": "rail",
        "frequency": "0",
        "gauge": "1435",
        "layer": "-1",
        "line": "Docklands Light Railway",
        "maxspeed": "30",
        "name": "Docklands Light Railway",
        "operator": "Keolis Amey Docklands",
        "operator:wikidata": "Q89212210",
        "railway": "light_rail",
        "railway:cbtc": "dto",
        "railway:preferred_direction": "forward",
        "service": "siding",
        "voltage": "750"
      },
      "geometry": {
        "type": "LineString",
        "coordinates": [
          [
            -0.0026141,
            51.5405902
          ],
          [
            -0.0025866,
            51.5405541
          ],
          [
            -0.0025636,
            51.5405236
          ],
          [
            -0.002541,
            51.5404886
          ],
          [
            -0.0025123,
            51.5404351
          ],
          [
            -0.0024872,
            51.5403839
          ],
          [
            -0.0024635,
            51.5403425
          ],
          [
            -0.0024433,
            51.5403107
          ],
          [
            -0.0024222,
            51.5402792
          ]
        ]
      },
      "id": "way/150570395"
    },
    {
      "type": "Feature",
      "properties": {
        "@id": "way/160502352",
        "electrified": "rail",
        "frequency": "0",
        "gauge": "1435",
        "line": "Docklands Light Railway",
        "maxspeed": "30",
        "name": "Docklands Light Railway",
        "operator": "Keolis Amey Docklands",
        "operator:wikidata": "Q89212210",
        "railway": "light_rail",
        "railway:bidirectional": "regular",
        "railway:cbtc": "dto",
        "railway:preferred_direction": "both",
        "service": "siding",
        "voltage": "750"
      },
      "geometry": {
        "type": "LineString",
        "coordinates": [
          [
            -0.0024222,
            51.5402792
          ],
          [
            -0.0023016,
            51.5401075
          ],
          [
            -0.0022234,
            51.5399902
          ],
          [
            -0.0021226,
            51.5398281
          ],
          [
            -0.0020656,
            51.5397325
          ],
          [
            -0.0020114,
            51.5396414
          ],
          [
            -0.0019161,
            51.5394758
          ]
        ]
      },
      "id": "way/160502352"
    },
    {
      "type": "Feature",
      "properties": {
        "@id": "way/655777706",
        "electrified": "rail",
        "frequency": "0",
        "gauge": "1435",
        "level": "0",
        "line": "Docklands Light Railway",
        "maxspeed": "30",
        "name": "Docklands Light Railway",
        "operator": "Keolis Amey Docklands",
        "operator:wikidata": "Q89212210",
        "railway": "light_rail",
        "railway:cbtc": "dto",
        "railway:preferred_direction": "forward",
        "service": "siding",
        "voltage": "750"
      },
      "geometry": {
        "type": "LineString",
        "coordinates": [
          [
            -0.0018082,
            51.5392032
          ],
          [
            -0.0018267,
            51.5392416
          ],
          [
            -0.0018424,
            51.5392804
          ],
          [
            -0.0018721,
            51.5393711
          ],
          [
            -0.0018872,
            51.5394127
          ],
          [
            -0.0018996,
            51.5394437
          ],
          [
            -0.0019161,
            51.5394758
          ]
        ]
      },
      "id": "way/655777706"
    },
    {
      "type": "Feature",
      "properties": {
        "@id": "way/655777707",
        "electrified": "rail",
        "frequency": "0",
        "gauge": "1435",
        "level": "0",
        "line": "Docklands Light Railway",
        "maxspeed": "30",
        "name": "Docklands Light Railway",
        "operator": "Keolis Amey Docklands",
        "operator:wikidata": "Q89212210",
        "railway": "light_rail",
        "railway:cbtc": "dto",
        "railway:preferred_direction": "forward",
        "service": "siding",
        "voltage": "750"
      },
      "geometry": {
        "type": "LineString",
        "coordinates": [
          [
            -0.0019161,
            51.5394758
          ],
          [
            -0.0016894,
            51.5390898
          ]
        ]
      },
      "id": "way/655777707"
    },
    {
      "type": "Feature",
      "properties": {
        "@id": "way/701056547",
        "bridge": "yes",
        "electrified": "rail",
        "frequency": "0",
        "gauge": "1435",
        "layer": "1",
        "line": "Docklands Light Railway",
        "maxspeed": "30",
        "name": "Docklands Light Railway",
        "operator": "Keolis Amey Docklands",
        "operator:wikidata": "Q89212210",
        "railway": "light_rail",
        "railway:bidirectional": "regular",
        "railway:cbtc": "dto",
        "railway:preferred_direction": "both",
        "source_ref": "Yahoo",
        "voltage": "750"
      },
      "geometry": {
        "type": "LineString",
        "coordinates": [
          [
            -0.005152,
            51.5401147
          ],
          [
            -0.00542,
            51.5399816
          ]
        ]
      },
      "id": "way/701056547"
    },
    {
      "type": "Feature",
      "properties": {
        "@id": "way/1257326979",
        "electrified": "rail",
        "frequency": "0",
        "gauge": "1435",
        "layer": "-1",
        "line": "Docklands Light Railway",
        "maxspeed": "30",
        "name": "Docklands Light Railway",
        "operator": "Keolis Amey Docklands",
        "operator:wikidata": "Q89212210",
        "railway": "light_rail",
        "railway:cbtc": "dto",
        "railway:preferred_direction": "forward",
        "service": "siding",
        "voltage": "750"
      },
      "geometry": {
        "type": "LineString",
        "coordinates": [
          [
            -0.0024222,
            51.5402792
          ],
          [
            -0.002445,
            51.54031
          ],
          [
            -0.0024691,
            51.5403406
          ],
          [
            -0.0025016,
            51.540377
          ],
          [
            -0.0025984,
            51.540479
          ],
          [
            -0.0026835,
            51.5405749
          ]
        ]
      },
      "id": "way/1257326979"
    },
    {
      "type": "Feature",
      "properties": {
        "@id": "way/1257326982",
        "electrified": "rail",
        "frequency": "0",
        "gauge": "1435",
        "layer": "-1",
        "line": "Docklands Light Railway",
        "maxspeed": "45",
        "name": "Docklands Light Railway",
        "operator": "Keolis Amey Docklands",
        "operator:wikidata": "Q89212210",
        "railway": "light_rail",
        "railway:cbtc": "dto",
        "railway:preferred_direction": "forward",
        "voltage": "750"
      },
      "geometry": {
        "type": "LineString",
        "coordinates": [
          [
            -0.0018082,
            51.5392032
          ],
          [
            -0.0019568,
            51.5394646
          ],
          [
            -0.0020492,
            51.5396281
          ],
          [
            -0.0021093,
            51.5397208
          ],
          [
            -0.0021709,
            51.5398126
          ],
          [
            -0.0022808,
            51.539976
          ],
          [
            -0.0023605,
            51.5400924
          ],
          [
            -0.0024726,
            51.5402654
          ],
          [
            -0.0026093,
            51.5404741
          ],
          [
            -0.0026423,
            51.5405211
          ],
          [
            -0.0026623,
            51.5405483
          ],
          [
            -0.0026835,
            51.5405749
          ]
        ]
      },
      "id": "way/1257326982"
    },
    {
      "type": "Feature",
      "properties": {
        "@id": "way/1300454548",
        "electrified": "rail",
        "frequency": "0",
        "gauge": "1435",
        "layer": "-1",
        "line": "Docklands Light Railway",
        "maxspeed": "55",
        "name": "Docklands Light Railway",
        "operator": "Keolis Amey Docklands",
        "operator:wikidata": "Q89212210",
        "railway": "light_rail",
        "railway:cbtc": "dto",
        "railway:preferred_direction": "forward",
        "voltage": "750"
      },
      "geometry": {
        "type": "LineString",
        "coordinates": [
          [
            -0.0016894,
            51.5390898
          ],
          [
            -0.0016276,
            51.538992
          ],
          [
            -0.001536,
            51.5388663
          ],
          [
            -0.0014111,
            51.5387159
          ],
          [
            -0.0012999,
            51.5385984
          ],
          [
            -0.0012097,
            51.5384998
          ],
          [
            -0.0011041,
            51.5384011
          ],
          [
            -0.0010112,
            51.5383275
          ],
          [
            -0.0009162,
            51.5382595
          ],
          [
            -0.0008178,
            51.5381989
          ],
          [
            -0.0006807,
            51.5381165
          ],
          [
            -0.0005564,
            51.5380366
          ],
          [
            -0.0004668,
            51.5379691
          ],
          [
            -0.0003778,
            51.5378972
          ]
        ]
      },
      "id": "way/1300454548"
    },
    {
      "type": "Feature",
      "properties": {
        "@id": "way/1300454549",
        "electrified": "rail",
        "frequency": "0",
        "gauge": "1435",
        "layer": "-1",
        "line": "Docklands Light Railway",
        "maxspeed": "55",
        "name": "Docklands Light Railway",
        "operator": "Keolis Amey Docklands",
        "operator:wikidata": "Q89212210",
        "railway": "light_rail",
        "railway:cbtc": "dto",
        "railway:preferred_direction": "forward",
        "voltage": "750"
      },
      "geometry": {
        "type": "LineString",
        "coordinates": [
          [
            -0.0004977,
            51.5379548
          ],
          [
            -0.0005871,
            51.5380176
          ],
          [
            -0.0007135,
            51.538094
          ],
          [
            -0.0008505,
            51.5381771
          ],
          [
            -0.0009472,
            51.5382396
          ],
          [
            -0.0010448,
            51.5383117
          ],
          [
            -0.0011294,
            51.538385
          ],
          [
            -0.0012388,
            51.5384889
          ],
          [
            -0.0013339,
            51.5385865
          ],
          [
            -0.0014464,
            51.5387019
          ],
          [
            -0.0015795,
            51.5388561
          ],
          [
            -0.001671,
            51.5389804
          ],
          [
            -0.0017334,
            51.5390777
          ],
          [
            -0.0018082,
            51.5392032
          ]
        ]
      },
      "id": "way/1300454549"
    },
    {
      "type": "Feature",
      "properties": {
        "@id": "way/130777632",
        "cutting": "yes",
        "electrified": "rail",
        "frequency": "0",
        "gauge": "1435",
        "line": "Docklands Light Railway",
        "maxspeed": "50",
        "name": "Docklands Light Railway",
        "operator": "Keolis Amey Docklands",
        "operator:wikidata": "Q89212210",
        "railway": "light_rail",
        "railway:cbtc": "dto",
        "voltage": "750"
      },
      "geometry": {
        "type": "LineString",
        "coordinates": [
          [
            -0.0104315,
            51.5416873
          ],
          [
            -0.0105717,
            51.541697
          ],
          [
            -0.0107356,
            51.541712
          ],
          [
            -0.0109102,
            51.5417353
          ],
          [
            -0.0110872,
            51.5417644
          ],
          [
            -0.0112405,
            51.5417943
          ],
          [
            -0.0113852,
            51.5418269
          ],
          [
            -0.0115596,
            51.5418689
          ],
          [
            -0.0117355,
            51.5419213
          ],
          [
            -0.0118909,
            51.5419717
          ],
          [
            -0.0120541,
            51.5420332
          ],
          [
            -0.012211,
            51.5420978
          ],
          [
            -0.0123759,
            51.5421761
          ],
          [
            -0.0125632,
            51.5422827
          ],
          [
            -0.012674,
            51.5423597
          ],
          [
            -0.0128006,
            51.5424563
          ],
          [
            -0.0129169,
            51.5425604
          ],
          [
            -0.0130181,
            51.5426704
          ],
          [
            -0.0131299,
            51.5428129
          ],
          [
            -0.0132035,
            51.5429322
          ],
          [
            -0.0132542,
            51.5430322
          ],
          [
            -0.0132993,
            51.5431571
          ],
          [
            -0.0133306,
            51.5432825
          ],
          [
            -0.0133446,
            51.5433947
          ],
          [
            -0.0133466,
            51.5435193
          ],
          [
            -0.0133353,
            51.5436471
          ],
          [
            -0.0133073,
            51.5437747
          ],
          [
            -0.0132549,
            51.5439195
          ],
          [
            -0.0132098,
            51.5440121
          ],
          [
            -0.0131427,
            51.5441176
          ],
          [
            -0.0130807,
            51.5442113
          ],
          [
            -0.0129903,
            51.5443212
          ],
          [
            -0.012894,
            51.5444211
          ],
          [
            -0.0127765,
            51.5445321
          ],
          [
            -0.0126382,
            51.5446681
          ]
        ]
      },
      "id": "way/130777632"
    },
    {
      "type": "Feature",
      "properties": {
        "@id": "way/150570397",
        "cutting": "yes",
        "electrified": "rail",
        "frequency": "0",
        "gauge": "1435",
        "line": "Docklands Light Railway",
        "maxspeed": "50",
        "name": "Docklands Light Railway",
        "operator": "Keolis Amey Docklands",
        "operator:wikidata": "Q89212210",
        "railway": "light_rail",
        "railway:cbtc": "dto",
        "voltage": "750"
      },
      "geometry": {
        "type": "LineString",
        "coordinates": [
          [
            -0.0126304,
            51.5446113
          ],
          [
            -0.012774,
            51.5444785
          ],
          [
            -0.0128508,
            51.544404
          ],
          [
            -0.0129494,
            51.5443035
          ],
          [
            -0.0130275,
            51.544207
          ],
          [
            -0.0130976,
            51.544109
          ],
          [
            -0.0131603,
            51.5440077
          ],
          [
            -0.0132063,
            51.5439154
          ],
          [
            -0.0132562,
            51.5437727
          ],
          [
            -0.0132867,
            51.5436426
          ],
          [
            -0.0132981,
            51.5435171
          ],
          [
            -0.0132953,
            51.5433955
          ],
          [
            -0.0132775,
            51.5432813
          ],
          [
            -0.0132501,
            51.543165
          ],
          [
            -0.0132029,
            51.5430397
          ],
          [
            -0.0131529,
            51.5429393
          ],
          [
            -0.01308,
            51.5428278
          ],
          [
            -0.0129743,
            51.5426844
          ],
          [
            -0.0128679,
            51.5425747
          ],
          [
            -0.0127552,
            51.5424735
          ],
          [
            -0.0126348,
            51.5423797
          ],
          [
            -0.0125296,
            51.5423077
          ],
          [
            -0.0123426,
            51.5421994
          ],
          [
            -0.0121829,
            51.5421212
          ],
          [
            -0.0120322,
            51.5420582
          ],
          [
            -0.0118639,
            51.5419968
          ],
          [
            -0.0117104,
            51.5419482
          ],
          [
            -0.0115456,
            51.5419009
          ],
          [
            -0.0113648,
            51.5418561
          ],
          [
            -0.0112221,
            51.5418243
          ],
          [
            -0.0110713,
            51.5417953
          ],
          [
            -0.0108977,
            51.5417665
          ],
          [
            -0.0107264,
            51.5417443
          ],
          [
            -0.0105663,
            51.5417291
          ],
          [
            -0.0104309,
            51.5417205
          ]
        ]
      },
      "id": "way/150570397"
    },
    {
      "type": "Feature",
      "properties": {
        "@id": "way/150570380",
        "electrified": "rail",
        "frequency": "0",
        "gauge": "1435",
        "line": "Docklands Light Railway",
        "maxspeed": "30",
        "name": "Docklands Light Railway",
        "operator": "Keolis Amey Docklands",
        "operator:wikidata": "Q89212210",
        "railway": "light_rail",
        "railway:cbtc": "dto",
        "voltage": "750"
      },
      "geometry": {
        "type": "LineString",
        "coordinates": [
          [
            -0.0120222,
            51.5450631
          ],
          [
            -0.0121462,
            51.5449911
          ],
          [
            -0.0122514,
            51.5449224
          ],
          [
            -0.0123569,
            51.5448487
          ],
          [
            -0.012461,
            51.5447691
          ],
          [
            -0.01251,
            51.5447267
          ],
          [
            -0.0126304,
            51.5446113
          ]
        ]
      },
      "id": "way/150570380"
    },
    {
      "type": "Feature",
      "properties": {
        "@id": "way/150570392",
        "cutting": "yes",
        "electrified": "rail",
        "frequency": "0",
        "gauge": "1435",
        "layer": "-1",
        "line": "Docklands Light Railway",
        "maxspeed": "30",
        "name": "Docklands Light Railway",
        "operator": "Keolis Amey Docklands",
        "operator:wikidata": "Q89212210",
        "railway": "light_rail",
        "railway:bidirectional": "regular",
        "railway:cbtc": "dto",
        "railway:preferred_direction": "both",
        "voltage": "750"
      },
      "geometry": {
        "type": "LineString",
        "coordinates": [
          [
            -0.0112202,
            51.5454545
          ],
          [
            -0.010821,
            51.5456275
          ],
          [
            -0.0107522,
            51.5456567
          ],
          [
            -0.010656,
            51.5456954
          ],
          [
            -0.010566,
            51.5457253
          ],
          [
            -0.0104834,
            51.5457466
          ],
          [
            -0.0103635,
            51.5457707
          ],
          [
            -0.0102308,
            51.5457898
          ],
          [
            -0.0101199,
            51.5457983
          ],
          [
            -0.0100139,
            51.5458004
          ],
          [
            -0.0088491,
            51.5457794
          ]
        ]
      },
      "id": "way/150570392"
    },
    {
      "type": "Feature",
      "properties": {
        "@id": "way/150570393",
        "electrified": "rail",
        "frequency": "0",
        "gauge": "1435",
        "line": "Docklands Light Railway",
        "maxspeed": "30",
        "name": "Docklands Light Railway",
        "operator": "Keolis Amey Docklands",
        "operator:wikidata": "Q89212210",
        "railway": "light_rail",
        "railway:cbtc": "dto",
        "voltage": "750"
      },
      "geometry": {
        "type": "LineString",
        "coordinates": [
          [
            -0.0126382,
            51.5446681
          ],
          [
            -0.0125077,
            51.5447838
          ],
          [
            -0.0123926,
            51.5448672
          ],
          [
            -0.0122828,
            51.5449465
          ],
          [
            -0.0122125,
            51.5449938
          ],
          [
            -0.012103,
            51.5450591
          ]
        ]
      },
      "id": "way/150570393"
    },
    {
      "type": "Feature",
      "properties": {
        "@id": "way/157963660",
        "cutting": "yes",
        "electrified": "rail",
        "frequency": "0",
        "gauge": "1435",
        "layer": "-1",
        "line": "Docklands Light Railway",
        "maxspeed": "30",
        "name": "Docklands Light Railway",
        "operator": "Keolis Amey Docklands",
        "operator:wikidata": "Q89212210",
        "railway": "light_rail",
        "railway:bidirectional": "regular",
        "railway:cbtc": "dto",
        "railway:preferred_direction": "both",
        "voltage": "750"
      },
      "geometry": {
        "type": "LineString",
        "coordinates": [
          [
            -0.0088596,
            51.5456638
          ],
          [
            -0.0090172,
            51.5456663
          ],
          [
            -0.0096809,
            51.5456797
          ],
          [
            -0.0099499,
            51.5456847
          ],
          [
            -0.0100402,
            51.5456864
          ],
          [
            -0.0101108,
            51.5456861
          ],
          [
            -0.0102138,
            51.5456853
          ],
          [
            -0.0103334,
            51.5456793
          ],
          [
            -0.0104272,
            51.5456688
          ],
          [
            -0.0105216,
            51.5456538
          ],
          [
            -0.0106208,
            51.5456352
          ],
          [
            -0.0107223,
            51.5456112
          ],
          [
            -0.0107887,
            51.545593
          ]
        ]
      },
      "id": "way/157963660"
    },
    {
      "type": "Feature",
      "properties": {
        "@id": "way/170081258",
        "cutting": "yes",
        "electrified": "rail",
        "frequency": "0",
        "gauge": "1435",
        "layer": "-1",
        "line": "Docklands Light Railway",
        "maxspeed": "30",
        "name": "Docklands Light Railway",
        "operator": "Keolis Amey Docklands",
        "operator:wikidata": "Q89212210",
        "railway": "light_rail",
        "railway:cbtc": "dto",
        "railway:preferred_direction": "forward",
        "service": "crossover",
        "voltage": "750"
      },
      "geometry": {
        "type": "LineString",
        "coordinates": [
          [
            -0.0112694,
            51.5454321
          ],
          [
            -0.011302,
            51.545417
          ],
          [
            -0.0113346,
            51.5454007
          ],
          [
            -0.0113755,
            51.5453775
          ],
          [
            -0.0114946,
            51.5453088
          ],
          [
            -0.011548,
            51.5452806
          ],
          [
            -0.0115922,
            51.5452588
          ],
          [
            -0.0116376,
            51.545238
          ]
        ]
      },
      "id": "way/170081258"
    },
    {
      "type": "Feature",
      "properties": {
        "@id": "way/170081259",
        "cutting": "yes",
        "electrified": "rail",
        "frequency": "0",
        "gauge": "1435",
        "layer": "-1",
        "line": "Docklands Light Railway",
        "maxspeed": "30",
        "name": "Docklands Light Railway",
        "operator": "Keolis Amey Docklands",
        "operator:wikidata": "Q89212210",
        "railway": "light_rail",
        "railway:cbtc": "dto",
        "railway:preferred_direction": "forward",
        "service": "crossover",
        "voltage": "750"
      },
      "geometry": {
        "type": "LineString",
        "coordinates": [
          [
            -0.0112202,
            51.5454545
          ],
          [
            -0.0111613,
            51.5454785
          ],
          [
            -0.0111001,
            51.5455015
          ],
          [
            -0.0110333,
            51.545524
          ],
          [
            -0.0107887,
            51.545593
          ]
        ]
      },
      "id": "way/170081259"
    },
    {
      "type": "Feature",
      "properties": {
        "@id": "way/701016381",
        "electrified": "rail",
        "frequency": "0",
        "gauge": "1435",
        "layer": "-1",
        "line": "Docklands Light Railway",
        "maxspeed": "30",
        "name": "Docklands Light Railway",
        "operator": "Keolis Amey Docklands",
        "operator:wikidata": "Q89212210",
        "railway": "light_rail",
        "railway:bidirectional": "regular",
        "railway:cbtc": "dto",
        "railway:preferred_direction": "both",
        "tunnel": "building_passage",
        "voltage": "750"
      },
      "geometry": {
        "type": "LineString",
        "coordinates": [
          [
            -0.0086192,
            51.5456601
          ],
          [
            -0.0088596,
            51.5456638
          ]
        ]
      },
      "id": "way/701016381"
    },
    {
      "type": "Feature",
      "properties": {
        "@id": "way/701016382",
        "electrified": "rail",
        "frequency": "0",
        "gauge": "1435",
        "layer": "-1",
        "line": "Docklands Light Railway",
        "maxspeed": "30",
        "name": "Docklands Light Railway",
        "operator": "Keolis Amey Docklands",
        "operator:wikidata": "Q89212210",
        "railway": "light_rail",
        "railway:bidirectional": "regular",
        "railway:cbtc": "dto",
        "railway:preferred_direction": "both",
        "tunnel": "building_passage",
        "voltage": "750"
      },
      "geometry": {
        "type": "LineString",
        "coordinates": [
          [
            -0.0088491,
            51.5457794
          ],
          [
            -0.0086195,
            51.5457755
          ]
        ]
      },
      "id": "way/701016382"
    },
    {
      "type": "Feature",
      "properties": {
        "@id": "way/1257326977",
        "cutting": "yes",
        "electrified": "rail",
        "frequency": "0",
        "gauge": "1435",
        "layer": "-1",
        "line": "Docklands Light Railway",
        "maxspeed": "30",
        "name": "Docklands Light Railway",
        "operator": "Keolis Amey Docklands",
        "operator:wikidata": "Q89212210",
        "railway": "light_rail",
        "railway:cbtc": "dto",
        "voltage": "750"
      },
      "geometry": {
        "type": "LineString",
        "coordinates": [
          [
            -0.012103,
            51.5450591
          ],
          [
            -0.0120048,
            51.545112
          ],
          [
            -0.0119003,
            51.5451618
          ],
          [
            -0.0117699,
            51.5452184
          ],
          [
            -0.0116645,
            51.5452613
          ],
          [
            -0.0112694,
            51.5454321
          ]
        ]
      },
      "id": "way/1257326977"
    },
    {
      "type": "Feature",
      "properties": {
        "@id": "way/1257326978",
        "cutting": "yes",
        "electrified": "rail",
        "frequency": "0",
        "gauge": "1435",
        "layer": "-1",
        "line": "Docklands Light Railway",
        "maxspeed": "30",
        "name": "Docklands Light Railway",
        "operator": "Keolis Amey Docklands",
        "operator:wikidata": "Q89212210",
        "railway": "light_rail",
        "railway:cbtc": "dto",
        "voltage": "750"
      },
      "geometry": {
        "type": "LineString",
        "coordinates": [
          [
            -0.0116376,
            51.545238
          ],
          [
            -0.0117431,
            51.5451923
          ],
          [
            -0.0118386,
            51.5451513
          ],
          [
            -0.0120222,
            51.5450631
          ]
        ]
      },
      "id": "way/1257326978"
    },
    {
      "type": "Feature",
      "properties": {
        "@id": "way/1257328317",
        "cutting": "yes",
        "electrified": "rail",
        "frequency": "0",
        "gauge": "1435",
        "layer": "-1",
        "line": "Docklands Light Railway",
        "maxspeed": "30",
        "name": "Docklands Light Railway",
        "operator": "Keolis Amey Docklands",
        "operator:wikidata": "Q89212210",
        "railway": "light_rail",
        "railway:bidirectional": "regular",
        "railway:cbtc": "dto",
        "railway:preferred_direction": "both",
        "voltage": "750"
      },
      "geometry": {
        "type": "LineString",
        "coordinates": [
          [
            -0.0112694,
            51.5454321
          ],
          [
            -0.0112202,
            51.5454545
          ]
        ]
      },
      "id": "way/1257328317"
    },
    {
      "type": "Feature",
      "properties": {
        "@id": "way/1300454544",
        "electrified": "rail",
        "frequency": "0",
        "gauge": "1435",
        "layer": "-1",
        "line": "Docklands Light Railway",
        "maxspeed": "60",
        "name": "Docklands Light Railway",
        "operator": "Keolis Amey Docklands",
        "operator:wikidata": "Q89212210",
        "railway": "light_rail",
        "railway:cbtc": "dto",
        "tunnel": "yes",
        "voltage": "750"
      },
      "geometry": {
        "type": "LineString",
        "coordinates": [
          [
            -0.0104309,
            51.5417205
          ],
          [
            -0.0101489,
            51.5416993
          ],
          [
            -0.0099168,
            51.5416905
          ],
          [
            -0.009635,
            51.5417023
          ],
          [
            -0.0093575,
            51.5417289
          ],
          [
            -0.0091592,
            51.5417706
          ],
          [
            -0.0089505,
            51.5418278
          ],
          [
            -0.0087763,
            51.5418863
          ],
          [
            -0.0079706,
            51.5421909
          ],
          [
            -0.007738,
            51.5422646
          ]
        ]
      },
      "id": "way/1300454544"
    },
    {
      "type": "Feature",
      "properties": {
        "@id": "way/1300454545",
        "electrified": "rail",
        "frequency": "0",
        "gauge": "1435",
        "layer": "-1",
        "line": "Docklands Light Railway",
        "maxspeed": "60",
        "name": "Docklands Light Railway",
        "operator": "Keolis Amey Docklands",
        "operator:wikidata": "Q89212210",
        "railway": "light_rail",
        "railway:cbtc": "dto",
        "tunnel": "yes",
        "voltage": "750"
      },
      "geometry": {
        "type": "LineString",
        "coordinates": [
          [
            -0.0074176,
            51.5423093
          ],
          [
            -0.0077221,
            51.5422367
          ],
          [
            -0.0079328,
            51.5421711
          ],
          [
            -0.0087424,
            51.5418631
          ],
          [
            -0.0089354,
            51.541798
          ],
          [
            -0.0091426,
            51.5417412
          ],
          [
            -0.0093405,
            51.5417019
          ],
          [
            -0.0096321,
            51.5416761
          ],
          [
            -0.0099139,
            51.5416634
          ],
          [
            -0.0101477,
            51.5416716
          ],
          [
            -0.0104315,
            51.5416873
          ]
        ]
      },
      "id": "way/1300454545"
    },
    {
      "type": "Feature",
      "properties": {
        "@id": "way/1380277091",
        "cutting": "yes",
        "electrified": "rail",
        "frequency": "0",
        "gauge": "1435",
        "layer": "-1",
        "line": "Docklands Light Railway",
        "maxspeed": "30",
        "name": "Docklands Light Railway",
        "operator": "Keolis Amey Docklands",
        "operator:wikidata": "Q89212210",
        "railway": "light_rail",
        "railway:cbtc": "dto",
        "voltage": "750"
      },
      "geometry": {
        "type": "LineString",
        "coordinates": [
          [
            -0.0107887,
            51.545593
          ],
          [
            -0.0108387,
            51.5455767
          ],
          [
            -0.0108883,
            51.5455588
          ],
          [
            -0.0109679,
            51.5455268
          ],
          [
            -0.0111944,
            51.5454286
          ],
          [
            -0.0116376,
            51.545238
          ]
        ]
      },
      "id": "way/1380277091"
    },
    {
      "type": "Feature",
      "properties": {
        "@id": "way/1300454546",
        "electrified": "rail",
        "frequency": "0",
        "gauge": "1435",
        "layer": "-1",
        "line": "Docklands Light Railway",
        "maxspeed": "30",
        "name": "Docklands Light Railway",
        "operator": "Keolis Amey Docklands",
        "operator:wikidata": "Q89212210",
        "railway": "light_rail",
        "railway:cbtc": "dto",
        "tunnel": "yes",
        "voltage": "750"
      },
      "geometry": {
        "type": "LineString",
        "coordinates": [
          [
            -0.0033153,
            51.5413228
          ],
          [
            -0.0032172,
            51.5412279
          ],
          [
            -0.0031242,
            51.5411309
          ]
        ]
      },
      "id": "way/1300454546"
    },
    {
      "type": "Feature",
      "properties": {
        "@id": "way/1300454547",
        "electrified": "rail",
        "frequency": "0",
        "gauge": "1435",
        "layer": "-1",
        "line": "Docklands Light Railway",
        "maxspeed": "30",
        "name": "Docklands Light Railway",
        "operator": "Keolis Amey Docklands",
        "operator:wikidata": "Q89212210",
        "railway": "light_rail",
        "railway:cbtc": "dto",
        "tunnel": "yes",
        "voltage": "750"
      },
      "geometry": {
        "type": "LineString",
        "coordinates": [
          [
            -0.0031528,
            51.5411096
          ],
          [
            -0.0032547,
            51.5412128
          ],
          [
            -0.003354,
            51.5413073
          ]
        ]
      },
      "id": "way/1300454547"
    },
    {
      "type": "Feature",
      "properties": {
        "@id": "way/145440661",
        "electrified": "rail",
        "frequency": "0",
        "gauge": "1435",
        "layer": "-1",
        "line": "Docklands Light Railway",
        "maxspeed": "40",
        "name": "Docklands Light Railway",
        "operator": "Keolis Amey Docklands",
        "operator:wikidata": "Q89212210",
        "railway": "light_rail",
        "railway:cbtc": "dto",
        "tunnel": "yes",
        "voltage": "750"
      },
      "geometry": {
        "type": "LineString",
        "coordinates": [
          [
            -0.007738,
            51.5422646
          ],
          [
            -0.0074444,
            51.542336
          ],
          [
            -0.0072245,
            51.5423752
          ],
          [
            -0.0069871,
            51.5424011
          ],
          [
            -0.006806,
            51.5424144
          ],
          [
            -0.0064278,
            51.5424253
          ],
          [
            -0.0060215,
            51.5424111
          ],
          [
            -0.0057184,
            51.5423802
          ],
          [
            -0.0054866,
            51.5423395
          ],
          [
            -0.0052959,
            51.542306
          ],
          [
            -0.004958,
            51.5422284
          ],
          [
            -0.0046522,
            51.5421217
          ],
          [
            -0.0043572,
            51.5419932
          ],
          [
            -0.0041641,
            51.5418915
          ],
          [
            -0.0034043,
            51.5413922
          ],
          [
            -0.0033153,
            51.5413228
          ]
        ]
      },
      "id": "way/145440661"
    },
    {
      "type": "Feature",
      "properties": {
        "@id": "way/147597396",
        "electrified": "rail",
        "frequency": "0",
        "gauge": "1435",
        "layer": "-1",
        "line": "Docklands Light Railway",
        "maxspeed": "40",
        "name": "Docklands Light Railway",
        "operator": "Keolis Amey Docklands",
        "operator:wikidata": "Q89212210",
        "railway": "light_rail",
        "railway:cbtc": "dto",
        "tunnel": "yes",
        "voltage": "750"
      },
      "geometry": {
        "type": "LineString",
        "coordinates": [
          [
            -0.003354,
            51.5413073
          ],
          [
            -0.0034353,
            51.541372
          ],
          [
            -0.004207,
            51.5418548
          ],
          [
            -0.0044001,
            51.5419624
          ],
          [
            -0.0046764,
            51.5420908
          ],
          [
            -0.0049432,
            51.5421867
          ],
          [
            -0.00519,
            51.5422526
          ],
          [
            -0.0053013,
            51.5422785
          ],
          [
            -0.0057466,
            51.5423469
          ],
          [
            -0.0060336,
            51.5423786
          ],
          [
            -0.0063715,
            51.5423936
          ],
          [
            -0.0067966,
            51.5423852
          ],
          [
            -0.0071078,
            51.5423602
          ],
          [
            -0.0074176,
            51.5423093
          ]
        ]
      },
      "id": "way/147597396"
    },
    {
      "type": "Feature",
      "properties": {
        "@id": "way/163561002",
        "cutting": "yes",
        "electrified": "rail",
        "frequency": "0",
        "gauge": "1435",
        "line": "Docklands Light Railway",
        "maxspeed": "20",
        "name": "Docklands Light Railway",
        "operator": "Keolis Amey Docklands",
        "operator:wikidata": "Q89212210",
        "railway": "light_rail",
        "railway:cbtc": "dto",
        "railway:preferred_direction": "forward",
        "service": "crossover",
        "start_date": "2009-01-10",
        "voltage": "750"
      },
      "geometry": {
        "type": "LineString",
        "coordinates": [
          [
            0.071648,
            51.4896198
          ],
          [
            0.0714669,
            51.4896404
          ],
          [
            0.0712876,
            51.4896562
          ]
        ]
      },
      "id": "way/163561002"
    },
    {
      "type": "Feature",
      "properties": {
        "@id": "way/163561006",
        "cutting": "yes",
        "electrified": "rail",
        "frequency": "0",
        "gauge": "1435",
        "line": "Docklands Light Railway",
        "maxspeed": "20",
        "name": "Docklands Light Railway",
        "operator": "Keolis Amey Docklands",
        "operator:wikidata": "Q89212210",
        "railway": "light_rail",
        "railway:cbtc": "dto",
        "railway:preferred_direction": "forward",
        "service": "crossover",
        "start_date": "2009-01-10",
        "voltage": "750"
      },
      "geometry": {
        "type": "LineString",
        "coordinates": [
          [
            0.071315,
            51.4896255
          ],
          [
            0.0714669,
            51.4896404
          ],
          [
            0.071625,
            51.4896559
          ]
        ]
      },
      "id": "way/163561006"
    },
    {
      "type": "Feature",
      "properties": {
        "@id": "way/163561008",
        "cutting": "yes",
        "electrified": "rail",
        "frequency": "0",
        "gauge": "1435",
        "line": "Docklands Light Railway",
        "maxspeed": "20",
        "name": "Docklands Light Railway",
        "operator": "Keolis Amey Docklands",
        "operator:wikidata": "Q89212210",
        "railway": "light_rail",
        "railway:cbtc": "dto",
        "railway:preferred_direction": "forward",
        "source": "bing",
        "start_date": "2009-01-10",
        "voltage": "750"
      },
      "geometry": {
        "type": "LineString",
        "coordinates": [
          [
            0.0712876,
            51.4896562
          ],
          [
            0.071625,
            51.4896559
          ],
          [
            0.0719571,
            51.4896613
          ]
        ]
      },
      "id": "way/163561008"
    },
    {
      "type": "Feature",
      "properties": {
        "@id": "way/163561009",
        "cutting": "yes",
        "electrified": "rail",
        "frequency": "0",
        "gauge": "1435",
        "line": "Docklands Light Railway",
        "maxspeed": "20",
        "name": "Docklands Light Railway",
        "operator": "Keolis Amey Docklands",
        "operator:wikidata": "Q89212210",
        "railway": "light_rail",
        "railway:cbtc": "dto",
        "railway:preferred_direction": "forward",
        "source": "bing",
        "start_date": "2009-01-10",
        "voltage": "750"
      },
      "geometry": {
        "type": "LineString",
        "coordinates": [
          [
            0.0719647,
            51.4896141
          ],
          [
            0.071648,
            51.4896198
          ],
          [
            0.071315,
            51.4896255
          ]
        ]
      },
      "id": "way/163561009"
    },
    {
      "type": "Feature",
      "properties": {
        "@id": "way/163561010",
        "electrified": "rail",
        "frequency": "0",
        "gauge": "1435",
        "layer": "-1",
        "line": "Docklands Light Railway",
        "maxspeed": "20",
        "name": "Docklands Light Railway",
        "operator": "Keolis Amey Docklands",
        "operator:wikidata": "Q89212210",
        "railway": "light_rail",
        "railway:bidirectional": "regular",
        "railway:cbtc": "dto",
        "railway:preferred_direction": "both",
        "source": "interpolation",
        "start_date": "2009-01-10",
        "tunnel": "yes",
        "voltage": "750"
      },
      "geometry": {
        "type": "LineString",
        "coordinates": [
          [
            0.0700011,
            51.4898729
          ],
          [
            0.0700319,
            51.4898579
          ],
          [
            0.0701174,
            51.4898119
          ],
          [
            0.0701567,
            51.4897875
          ],
          [
            0.0702332,
            51.4897709
          ],
          [
            0.0703508,
            51.4897388
          ],
          [
            0.0705768,
            51.4896942
          ],
          [
            0.0707964,
            51.4896699
          ],
          [
            0.0709026,
            51.4896644
          ]
        ]
      },
      "id": "way/163561010"
    },
    {
      "type": "Feature",
      "properties": {
        "@id": "way/163561011",
        "electrified": "rail",
        "frequency": "0",
        "gauge": "1435",
        "layer": "-1",
        "line": "Docklands Light Railway",
        "maxspeed": "20",
        "name": "Docklands Light Railway",
        "operator": "Keolis Amey Docklands",
        "operator:wikidata": "Q89212210",
        "railway": "light_rail",
        "railway:bidirectional": "regular",
        "railway:cbtc": "dto",
        "railway:preferred_direction": "both",
        "source": "interpolation",
        "start_date": "2009-01-10",
        "tunnel": "yes",
        "voltage": "750"
      },
      "geometry": {
        "type": "LineString",
        "coordinates": [
          [
            0.0709008,
            51.4896304
          ],
          [
            0.0707846,
            51.4896455
          ],
          [
            0.0705632,
            51.4896689
          ],
          [
            0.0703493,
            51.4897122
          ],
          [
            0.0702051,
            51.4897445
          ],
          [
            0.0700947,
            51.4897642
          ],
          [
            0.0699687,
            51.489824
          ]
        ]
      },
      "id": "way/163561011"
    },
    {
      "type": "Feature",
      "properties": {
        "@id": "way/1380277094",
        "cutting": "yes",
        "electrified": "rail",
        "frequency": "0",
        "gauge": "1435",
        "line": "Docklands Light Railway",
        "maxspeed": "20",
        "name": "Docklands Light Railway",
        "operator": "Keolis Amey Docklands",
        "operator:wikidata": "Q89212210",
        "railway": "light_rail",
        "railway:bidirectional": "regular",
        "railway:cbtc": "dto",
        "railway:preferred_direction": "both",
        "source": "bing",
        "start_date": "2009-01-10",
        "voltage": "750"
      },
      "geometry": {
        "type": "LineString",
        "coordinates": [
          [
            0.0709026,
            51.4896644
          ],
          [
            0.0712876,
            51.4896562
          ]
        ]
      },
      "id": "way/1380277094"
    },
    {
      "type": "Feature",
      "properties": {
        "@id": "way/1380277095",
        "cutting": "yes",
        "electrified": "rail",
        "frequency": "0",
        "gauge": "1435",
        "line": "Docklands Light Railway",
        "maxspeed": "20",
        "name": "Docklands Light Railway",
        "operator": "Keolis Amey Docklands",
        "operator:wikidata": "Q89212210",
        "railway": "light_rail",
        "railway:bidirectional": "regular",
        "railway:cbtc": "dto",
        "railway:preferred_direction": "both",
        "source": "bing",
        "start_date": "2009-01-10",
        "voltage": "750"
      },
      "geometry": {
        "type": "LineString",
        "coordinates": [
          [
            0.071315,
            51.4896255
          ],
          [
            0.0709008,
            51.4896304
          ]
        ]
      },
      "id": "way/1380277095"
    },
    {
      "type": "Feature",
      "properties": {
        "@id": "way/1465195797",
        "railway": "light_rail"
      },
      "geometry": {
        "type": "LineString",
        "coordinates": [
          [
            0.0700011,
            51.4898729
          ],
          [
            0.0699483,
            51.4899034
          ]
        ]
      },
      "id": "way/1465195797"
    },
    {
      "type": "Feature",
      "properties": {
        "@id": "way/1465195798",
        "railway": "light_rail"
      },
      "geometry": {
        "type": "LineString",
        "coordinates": [
          [
            0.0699687,
            51.489824
          ],
          [
            0.0699292,
            51.4898402
          ]
        ]
      },
      "id": "way/1465195798"
    },
    {
      "type": "Feature",
      "properties": {
        "@id": "way/1465195799",
        "layer": "-1",
        "railway": "light_rail",
        "tunnel": "yes"
      },
      "geometry": {
        "type": "LineString",
        "coordinates": [
          [
            0.0699483,
            51.4899034
          ],
          [
            0.0698465,
            51.4899647
          ],
          [
            0.0693858,
            51.4902792
          ]
        ]
      },
      "id": "way/1465195799"
    },
    {
      "type": "Feature",
      "properties": {
        "@id": "way/1465195800",
        "layer": "-1",
        "railway": "light_rail",
        "tunnel": "yes"
      },
      "geometry": {
        "type": "LineString",
        "coordinates": [
          [
            0.0699292,
            51.4898402
          ],
          [
            0.0697829,
            51.4899042
          ],
          [
            0.0693083,
            51.4902354
          ]
        ]
      },
      "id": "way/1465195800"
    },
    {
      "type": "Feature",
      "properties": {
        "@id": "way/163560998",
        "electrified": "rail",
        "frequency": "0",
        "gauge": "1435",
        "layer": "-3",
        "line": "Docklands Light Railway",
        "maxspeed": "70",
        "name": "Docklands Light Railway",
        "operator": "Keolis Amey Docklands",
        "operator:wikidata": "Q89212210",
        "railway": "light_rail",
        "railway:cbtc": "dto",
        "railway:preferred_direction": "forward",
        "source": "interpolation",
        "start_date": "2009-01-10",
        "tunnel": "yes",
        "voltage": "750"
      },
      "geometry": {
        "type": "LineString",
        "coordinates": [
          [
            0.0751749,
            51.4901131
          ],
          [
            0.0755772,
            51.4902785
          ],
          [
            0.0759221,
            51.4904557
          ],
          [
            0.0763246,
            51.4906994
          ],
          [
            0.0767389,
            51.4910812
          ],
          [
            0.0769761,
            51.4913701
          ],
          [
            0.0772085,
            51.4918121
          ],
          [
            0.0773022,
            51.4921071
          ],
          [
            0.077331,
            51.4925109
          ],
          [
            0.0773099,
            51.4927863
          ],
          [
            0.0771873,
            51.493148
          ]
        ]
      },
      "id": "way/163560998"
    },
    {
      "type": "Feature",
      "properties": {
        "@id": "way/163560999",
        "electrified": "rail",
        "frequency": "0",
        "gauge": "1435",
        "layer": "-3",
        "line": "Docklands Light Railway",
        "maxspeed": "70",
        "name": "Docklands Light Railway",
        "operator": "Keolis Amey Docklands",
        "operator:wikidata": "Q89212210",
        "railway": "light_rail",
        "railway:cbtc": "dto",
        "railway:preferred_direction": "forward",
        "source": "interpolation",
        "start_date": "2009-01-10",
        "tunnel": "yes",
        "voltage": "750"
      },
      "geometry": {
        "type": "LineString",
        "coordinates": [
          [
            0.0774497,
            51.4930739
          ],
          [
            0.0775169,
            51.4928034
          ],
          [
            0.0775532,
            51.4925073
          ],
          [
            0.0775455,
            51.492302
          ],
          [
            0.0774782,
            51.4919444
          ],
          [
            0.0773828,
            51.4916928
          ],
          [
            0.0772566,
            51.4914411
          ],
          [
            0.0769881,
            51.4910781
          ],
          [
            0.0767532,
            51.4908426
          ],
          [
            0.0764823,
            51.4906231
          ],
          [
            0.0761354,
            51.4903879
          ],
          [
            0.0755691,
            51.490107
          ],
          [
            0.0752852,
            51.4899974
          ]
        ]
      },
      "id": "way/163560999"
    },
    {
      "type": "Feature",
      "properties": {
        "@id": "way/1065595864",
        "electrified": "rail",
        "frequency": "0",
        "gauge": "1435",
        "layer": "-2",
        "line": "Docklands Light Railway",
        "maxspeed": "20",
        "name": "Docklands Light Railway",
        "operator": "Keolis Amey Docklands",
        "operator:wikidata": "Q89212210",
        "railway": "light_rail",
        "railway:cbtc": "dto",
        "railway:preferred_direction": "forward",
        "source": "interpolation",
        "start_date": "2009-01-10",
        "tunnel": "yes",
        "voltage": "750"
      },
      "geometry": {
        "type": "LineString",
        "coordinates": [
          [
            0.0728093,
            51.4896998
          ],
          [
            0.0735114,
            51.4897607
          ],
          [
            0.0740886,
            51.4898332
          ],
          [
            0.0748975,
            51.4900184
          ],
          [
            0.0751749,
            51.4901131
          ]
        ]
      },
      "id": "way/1065595864"
    },
    {
      "type": "Feature",
      "properties": {
        "@id": "way/1065595865",
        "electrified": "rail",
        "frequency": "0",
        "gauge": "1435",
        "layer": "-2",
        "line": "Docklands Light Railway",
        "maxspeed": "20",
        "name": "Docklands Light Railway",
        "operator": "Keolis Amey Docklands",
        "operator:wikidata": "Q89212210",
        "railway": "light_rail",
        "railway:cbtc": "dto",
        "railway:preferred_direction": "forward",
        "source": "interpolation",
        "start_date": "2009-01-10",
        "tunnel": "yes",
        "voltage": "750"
      },
      "geometry": {
        "type": "LineString",
        "coordinates": [
          [
            0.0752852,
            51.4899974
          ],
          [
            0.0749842,
            51.4898985
          ],
          [
            0.0746198,
            51.4898011
          ],
          [
            0.0742497,
            51.4897214
          ],
          [
            0.0738735,
            51.4896719
          ],
          [
            0.0734745,
            51.489633
          ],
          [
            0.0728021,
            51.4896106
          ]
        ]
      },
      "id": "way/1065595865"
    },
    {
      "type": "Feature",
      "properties": {
        "@id": "way/28332545",
        "electrified": "rail",
        "frequency": "0",
        "gauge": "1435",
        "layer": "-2",
        "line": "Docklands Light Railway",
        "maxspeed": "100",
        "name": "Docklands Light Railway",
        "operator": "Keolis Amey Docklands",
        "operator:wikidata": "Q89212210",
        "railway": "light_rail",
        "railway:cbtc": "dto",
        "railway:preferred_direction": "forward",
        "source": "OS OpenData StreetView",
        "start_date": "2009-01-10",
        "tunnel": "yes",
        "voltage": "750"
      },
      "geometry": {
        "type": "LineString",
        "coordinates": [
          [
            0.0756223,
            51.4961474
          ],
          [
            0.0750037,
            51.4971631
          ],
          [
            0.0743748,
            51.4978194
          ],
          [
            0.0733702,
            51.4985332
          ],
          [
            0.0729902,
            51.4987842
          ],
          [
            0.0721496,
            51.4993445
          ],
          [
            0.0712116,
            51.4999551
          ],
          [
            0.0707146,
            51.5002911
          ],
          [
            0.0697143,
            51.500958
          ]
        ]
      },
      "id": "way/28332545"
    },
    {
      "type": "Feature",
      "properties": {
        "@id": "way/163561014",
        "electrified": "rail",
        "frequency": "0",
        "gauge": "1435",
        "layer": "-2",
        "line": "Docklands Light Railway",
        "maxspeed": "100",
        "name": "Docklands Light Railway",
        "operator": "Keolis Amey Docklands",
        "operator:wikidata": "Q89212210",
        "railway": "light_rail",
        "railway:cbtc": "dto",
        "railway:preferred_direction": "forward",
        "source": "OS OpenData StreetView",
        "start_date": "2009-01-10",
        "tunnel": "yes",
        "voltage": "750"
      },
      "geometry": {
        "type": "LineString",
        "coordinates": [
          [
            0.0701996,
            51.5007986
          ],
          [
            0.0708335,
            51.5003694
          ],
          [
            0.0712795,
            51.5000715
          ],
          [
            0.0716848,
            51.4998026
          ],
          [
            0.0721614,
            51.4994898
          ],
          [
            0.0726089,
            51.4991906
          ],
          [
            0.0734899,
            51.4986113
          ],
          [
            0.0741317,
            51.498192
          ],
          [
            0.0746682,
            51.4977643
          ],
          [
            0.0750432,
            51.4973957
          ],
          [
            0.0753312,
            51.497046
          ],
          [
            0.0756123,
            51.4966071
          ],
          [
            0.0758568,
            51.4961426
          ]
        ]
      },
      "id": "way/163561014"
    },
    {
      "type": "Feature",
      "properties": {
        "@id": "way/1065595868",
        "electrified": "rail",
        "frequency": "0",
        "gauge": "1435",
        "layer": "-1",
        "line": "Docklands Light Railway",
        "maxspeed": "20",
        "name": "Docklands Light Railway",
        "operator": "Keolis Amey Docklands",
        "operator:wikidata": "Q89212210",
        "railway": "light_rail",
        "railway:cbtc": "dto",
        "railway:preferred_direction": "forward",
        "source": "interpolation",
        "start_date": "2009-01-10",
        "tunnel": "yes",
        "voltage": "750"
      },
      "geometry": {
        "type": "LineString",
        "coordinates": [
          [
            0.0728021,
            51.4896106
          ],
          [
            0.0719647,
            51.4896141
          ]
        ]
      },
      "id": "way/1065595868"
    },
    {
      "type": "Feature",
      "properties": {
        "@id": "way/1065595869",
        "electrified": "rail",
        "frequency": "0",
        "gauge": "1435",
        "layer": "-1",
        "line": "Docklands Light Railway",
        "maxspeed": "20",
        "name": "Docklands Light Railway",
        "operator": "Keolis Amey Docklands",
        "operator:wikidata": "Q89212210",
        "railway": "light_rail",
        "railway:cbtc": "dto",
        "railway:preferred_direction": "forward",
        "source": "interpolation",
        "start_date": "2009-01-10",
        "tunnel": "yes",
        "voltage": "750"
      },
      "geometry": {
        "type": "LineString",
        "coordinates": [
          [
            0.0719571,
            51.4896613
          ],
          [
            0.0728093,
            51.4896998
          ]
        ]
      },
      "id": "way/1065595869"
    },
    {
      "type": "Feature",
      "properties": {
        "@id": "way/1300454596",
        "electrified": "rail",
        "frequency": "0",
        "gauge": "1435",
        "layer": "-2",
        "line": "Docklands Light Railway",
        "maxspeed": "75",
        "name": "Docklands Light Railway",
        "operator": "Keolis Amey Docklands",
        "operator:wikidata": "Q89212210",
        "railway": "light_rail",
        "railway:cbtc": "dto",
        "railway:preferred_direction": "forward",
        "source": "OS OpenData StreetView",
        "start_date": "2009-01-10",
        "tunnel": "yes",
        "voltage": "750"
      },
      "geometry": {
        "type": "LineString",
        "coordinates": [
          [
            0.0673106,
            51.5018483
          ],
          [
            0.0677092,
            51.5018008
          ],
          [
            0.0680463,
            51.5017354
          ],
          [
            0.0683596,
            51.5016593
          ],
          [
            0.0687103,
            51.5015523
          ],
          [
            0.0690611,
            51.5014351
          ],
          [
            0.069603,
            51.5011617
          ],
          [
            0.0701996,
            51.5007986
          ]
        ]
      },
      "id": "way/1300454596"
    },
    {
      "type": "Feature",
      "properties": {
        "@id": "way/1300454597",
        "electrified": "rail",
        "frequency": "0",
        "gauge": "1435",
        "layer": "-2",
        "line": "Docklands Light Railway",
        "maxspeed": "75",
        "name": "Docklands Light Railway",
        "operator": "Keolis Amey Docklands",
        "operator:wikidata": "Q89212210",
        "railway": "light_rail",
        "railway:cbtc": "dto",
        "railway:preferred_direction": "forward",
        "source": "OS OpenData StreetView",
        "start_date": "2009-01-10",
        "tunnel": "yes",
        "voltage": "750"
      },
      "geometry": {
        "type": "LineString",
        "coordinates": [
          [
            0.0697143,
            51.500958
          ],
          [
            0.0691845,
            51.5012389
          ],
          [
            0.0686377,
            51.5014539
          ],
          [
            0.0683309,
            51.5015449
          ],
          [
            0.0679749,
            51.5016333
          ],
          [
            0.0676363,
            51.501688
          ],
          [
            0.0672977,
            51.5017274
          ]
        ]
      },
      "id": "way/1300454597"
    },
    {
      "type": "Feature",
      "properties": {
        "@id": "way/1300454598",
        "electrified": "rail",
        "frequency": "0",
        "gauge": "1435",
        "layer": "-3",
        "line": "Docklands Light Railway",
        "maxspeed": "100",
        "name": "Docklands Light Railway",
        "operator": "Keolis Amey Docklands",
        "operator:wikidata": "Q89212210",
        "railway": "light_rail",
        "railway:cbtc": "dto",
        "railway:preferred_direction": "forward",
        "source": "interpolation",
        "start_date": "2009-01-10",
        "tunnel": "yes",
        "voltage": "750"
      },
      "geometry": {
        "type": "LineString",
        "coordinates": [
          [
            0.0771873,
            51.493148
          ],
          [
            0.077003,
            51.493484
          ],
          [
            0.0767479,
            51.4939213
          ],
          [
            0.076016,
            51.4953498
          ],
          [
            0.0759591,
            51.4954651
          ],
          [
            0.0756223,
            51.4961474
          ]
        ]
      },
      "id": "way/1300454598"
    },
    {
      "type": "Feature",
      "properties": {
        "@id": "way/1300454599",
        "electrified": "rail",
        "frequency": "0",
        "gauge": "1435",
        "layer": "-3",
        "line": "Docklands Light Railway",
        "maxspeed": "100",
        "name": "Docklands Light Railway",
        "operator": "Keolis Amey Docklands",
        "operator:wikidata": "Q89212210",
        "railway": "light_rail",
        "railway:cbtc": "dto",
        "railway:preferred_direction": "forward",
        "source": "interpolation",
        "start_date": "2009-01-10",
        "tunnel": "yes",
        "voltage": "750"
      },
      "geometry": {
        "type": "LineString",
        "coordinates": [
          [
            0.0758568,
            51.4961426
          ],
          [
            0.0761267,
            51.4956186
          ],
          [
            0.0764803,
            51.4949536
          ],
          [
            0.0770519,
            51.4938394
          ],
          [
            0.0774497,
            51.4930739
          ]
        ]
      },
      "id": "way/1300454599"
    },
    {
      "type": "Feature",
      "properties": {
        "@id": "way/797431703",
        "bridge": "viaduct",
        "electrified": "rail",
        "frequency": "0",
        "gauge": "1435",
        "layer": "1",
        "line": "Docklands Light Railway",
        "maxspeed": "60",
        "name": "Docklands Light Railway",
        "operator": "Keolis Amey Docklands",
        "operator:wikidata": "Q89212210",
        "railway": "light_rail",
        "railway:cbtc": "dto",
        "railway:preferred_direction": "forward",
        "voltage": "750"
      },
      "geometry": {
        "type": "LineString",
        "coordinates": [
          [
            0.0125815,
            51.5067643
          ],
          [
            0.0122812,
            51.5071459
          ],
          [
            0.0119086,
            51.5076157
          ]
        ]
      },
      "id": "way/797431703"
    },
    {
      "type": "Feature",
      "properties": {
        "@id": "way/797431704",
        "bridge": "viaduct",
        "electrified": "rail",
        "frequency": "0",
        "gauge": "1435",
        "layer": "1",
        "line": "Docklands Light Railway",
        "maxspeed": "60",
        "name": "Docklands Light Railway",
        "operator": "Keolis Amey Docklands",
        "operator:wikidata": "Q89212210",
        "railway": "light_rail",
        "railway:cbtc": "dto",
        "railway:preferred_direction": "forward",
        "voltage": "750"
      },
      "geometry": {
        "type": "LineString",
        "coordinates": [
          [
            0.0119588,
            51.5076289
          ],
          [
            0.0123305,
            51.5071606
          ],
          [
            0.0126295,
            51.506778
          ]
        ]
      },
      "id": "way/797431704"
    },
    {
      "type": "Feature",
      "properties": {
        "@id": "way/106668346",
        "electrified": "rail",
        "frequency": "0",
        "gauge": "1435",
        "line": "Docklands Light Railway",
        "maxspeed": "75",
        "name": "Docklands Light Railway",
        "operator": "Keolis Amey Docklands",
        "operator:wikidata": "Q89212210",
        "railway": "light_rail",
        "railway:cbtc": "dto",
        "railway:preferred_direction": "forward",
        "voltage": "750"
      },
      "geometry": {
        "type": "LineString",
        "coordinates": [
          [
            0.0038668,
            51.5126769
          ],
          [
            0.0039472,
            51.5129357
          ],
          [
            0.0040037,
            51.5131669
          ],
          [
            0.0040524,
            51.5133204
          ],
          [
            0.0041522,
            51.5134915
          ],
          [
            0.0042896,
            51.5136678
          ],
          [
            0.0043681,
            51.5137357
          ],
          [
            0.0045163,
            51.5138639
          ],
          [
            0.0050244,
            51.5142232
          ],
          [
            0.0051686,
            51.5143134
          ],
          [
            0.0053403,
            51.5144155
          ],
          [
            0.0057486,
            51.5146309
          ],
          [
            0.0058669,
            51.5146846
          ],
          [
            0.0059713,
            51.5147264
          ]
        ]
      },
      "id": "way/106668346"
    },
    {
      "type": "Feature",
      "properties": {
        "@id": "way/145447480",
        "electrified": "rail",
        "frequency": "0",
        "gauge": "1435",
        "line": "Docklands Light Railway",
        "maxspeed": "60",
        "name": "Docklands Light Railway",
        "operator": "Keolis Amey Docklands",
        "operator:wikidata": "Q89212210",
        "railway": "light_rail",
        "railway:cbtc": "dto",
        "railway:preferred_direction": "forward",
        "voltage": "750"
      },
      "geometry": {
        "type": "LineString",
        "coordinates": [
          [
            0.0156326,
            51.5089748
          ],
          [
            0.0148141,
            51.5089803
          ],
          [
            0.0146653,
            51.5089837
          ],
          [
            0.0145122,
            51.5089926
          ],
          [
            0.0143446,
            51.509005
          ],
          [
            0.0141968,
            51.5090202
          ],
          [
            0.0140525,
            51.5090385
          ],
          [
            0.0138475,
            51.5090702
          ],
          [
            0.0136565,
            51.5091079
          ],
          [
            0.0134203,
            51.5091601
          ],
          [
            0.0130595,
            51.5092495
          ],
          [
            0.0128496,
            51.5093083
          ],
          [
            0.0126422,
            51.5093759
          ],
          [
            0.0124434,
            51.5094434
          ],
          [
            0.0122812,
            51.5095019
          ],
          [
            0.0120702,
            51.5095902
          ],
          [
            0.0118921,
            51.5096794
          ]
        ]
      },
      "id": "way/145447480"
    },
    {
      "type": "Feature",
      "properties": {
        "@id": "way/145447484",
        "electrified": "rail",
        "frequency": "0",
        "gauge": "1435",
        "line": "Docklands Light Railway",
        "maxspeed": "60",
        "name": "Docklands Light Railway",
        "operator": "Keolis Amey Docklands",
        "operator:wikidata": "Q89212210",
        "railway": "light_rail",
        "voltage": "750"
      },
      "geometry": {
        "type": "LineString",
        "coordinates": [
          [
            0.0156326,
            51.5089748
          ],
          [
            0.015534,
            51.5089747
          ],
          [
            0.0154386,
            51.5089728
          ],
          [
            0.0153337,
            51.5089697
          ],
          [
            0.0150982,
            51.5089566
          ],
          [
            0.0149667,
            51.5089525
          ],
          [
            0.0148209,
            51.5089503
          ],
          [
            0.0146101,
            51.5089562
          ],
          [
            0.014359,
            51.5089729
          ],
          [
            0.014106,
            51.509
          ],
          [
            0.013918,
            51.5090282
          ],
          [
            0.0136965,
            51.5090711
          ],
          [
            0.0131912,
            51.5091809
          ],
          [
            0.0128778,
            51.5092582
          ],
          [
            0.0122889,
            51.5094278
          ],
          [
            0.0120143,
            51.5095121
          ],
          [
            0.0118746,
            51.5095626
          ],
          [
            0.0117615,
            51.5096104
          ],
          [
            0.0116396,
            51.5096666
          ],
          [
            0.0115236,
            51.5097278
          ],
          [
            0.0114135,
            51.5097966
          ],
          [
            0.0113245,
            51.5098571
          ]
        ]
      },
      "id": "way/145447484"
    },
    {
      "type": "Feature",
      "properties": {
        "@id": "way/156792936",
        "bridge": "viaduct",
        "electrified": "rail",
        "frequency": "0",
        "gauge": "1435",
        "layer": "2",
        "level": "1",
        "line": "Docklands Light Railway",
        "maxspeed": "40",
        "name": "Docklands Light Railway",
        "operator": "Keolis Amey Docklands",
        "operator:wikidata": "Q89212210",
        "railway": "light_rail",
        "railway:cbtc": "dto",
        "railway:preferred_direction": "forward",
        "voltage": "750"
      },
      "geometry": {
        "type": "LineString",
        "coordinates": [
          [
            0.0071575,
            51.5147654
          ],
          [
            0.0072602,
            51.5147288
          ],
          [
            0.0073491,
            51.5146928
          ],
          [
            0.0074174,
            51.5146562
          ],
          [
            0.0074746,
            51.5146246
          ],
          [
            0.0075628,
            51.5145645
          ],
          [
            0.0077226,
            51.5144435
          ],
          [
            0.0079069,
            51.5143081
          ]
        ]
      },
      "id": "way/156792936"
    },
    {
      "type": "Feature",
      "properties": {
        "@id": "way/156792945",
        "electrified": "rail",
        "frequency": "0",
        "gauge": "1435",
        "line": "Docklands Light Railway",
        "maxspeed": "75",
        "name": "Docklands Light Railway",
        "operator": "Keolis Amey Docklands",
        "operator:wikidata": "Q89212210",
        "railway": "light_rail",
        "railway:cbtc": "dto",
        "railway:preferred_direction": "forward",
        "voltage": "750"
      },
      "geometry": {
        "type": "LineString",
        "coordinates": [
          [
            0.0059814,
            51.5146946
          ],
          [
            0.0057807,
            51.5146094
          ],
          [
            0.0053665,
            51.5143946
          ],
          [
            0.0051869,
            51.5142987
          ],
          [
            0.0050197,
            51.514176
          ],
          [
            0.0045714,
            51.513851
          ],
          [
            0.0043472,
            51.5136617
          ],
          [
            0.0042127,
            51.5135156
          ],
          [
            0.0041301,
            51.5133723
          ],
          [
            0.0040694,
            51.5132366
          ],
          [
            0.0040342,
            51.5131103
          ],
          [
            0.0039284,
            51.5126704
          ]
        ]
      },
      "id": "way/156792945"
    },
    {
      "type": "Feature",
      "properties": {
        "@id": "way/655777704",
        "electrified": "rail",
        "frequency": "0",
        "level": "0",
        "line": "Docklands Light Railway",
        "maxspeed": "60",
        "name": "Docklands Light Railway",
        "operator": "Keolis Amey Docklands",
        "operator:wikidata": "Q89212210",
        "railway": "light_rail",
        "voltage": "750"
      },
      "geometry": {
        "type": "LineString",
        "coordinates": [
          [
            0.01162,
            51.5099552
          ],
          [
            0.0117853,
            51.5098416
          ],
          [
            0.0119216,
            51.5097611
          ],
          [
            0.0121052,
            51.5096673
          ],
          [
            0.0123095,
            51.5095759
          ],
          [
            0.0125182,
            51.5095002
          ],
          [
            0.0127241,
            51.5094253
          ],
          [
            0.0129582,
            51.5093526
          ],
          [
            0.0131554,
            51.5092973
          ],
          [
            0.0133668,
            51.5092474
          ],
          [
            0.0135532,
            51.5092023
          ],
          [
            0.0137624,
            51.5091601
          ],
          [
            0.0139353,
            51.5091313
          ],
          [
            0.0141601,
            51.5091024
          ],
          [
            0.0143766,
            51.509078
          ],
          [
            0.0146274,
            51.509054
          ],
          [
            0.0148677,
            51.5090313
          ],
          [
            0.0150078,
            51.5090215
          ],
          [
            0.015283,
            51.5090082
          ]
        ]
      },
      "id": "way/655777704"
    },
    {
      "type": "Feature",
      "properties": {
        "@id": "way/655777705",
        "electrified": "rail",
        "frequency": "0",
        "gauge": "1435",
        "line": "Docklands Light Railway",
        "maxspeed": "60",
        "name": "Docklands Light Railway",
        "operator": "Keolis Amey Docklands",
        "operator:wikidata": "Q89212210",
        "railway": "light_rail",
        "railway:cbtc": "dto",
        "railway:preferred_direction": "forward",
        "voltage": "750"
      },
      "geometry": {
        "type": "LineString",
        "coordinates": [
          [
            0.011942,
            51.5096933
          ],
          [
            0.0121298,
            51.509605
          ],
          [
            0.0123061,
            51.5095294
          ],
          [
            0.0124672,
            51.509469
          ],
          [
            0.0126609,
            51.5094035
          ],
          [
            0.0128709,
            51.5093372
          ],
          [
            0.0130971,
            51.5092738
          ],
          [
            0.0134579,
            51.5091804
          ],
          [
            0.0136847,
            51.5091328
          ],
          [
            0.013857,
            51.5091048
          ],
          [
            0.0140411,
            51.5090732
          ],
          [
            0.0142918,
            51.5090459
          ],
          [
            0.014457,
            51.5090312
          ],
          [
            0.0146427,
            51.5090225
          ],
          [
            0.0148677,
            51.5090155
          ],
          [
            0.015283,
            51.5090082
          ]
        ]
      },
      "id": "way/655777705"
    },
    {
      "type": "Feature",
      "properties": {
        "@id": "way/694613992",
        "bridge": "viaduct",
        "electrified": "rail",
        "frequency": "0",
        "gauge": "1435",
        "layer": "2",
        "level": "1",
        "line": "Docklands Light Railway",
        "maxspeed": "40",
        "name": "Docklands Light Railway",
        "operator": "Keolis Amey Docklands",
        "operator:wikidata": "Q89212210",
        "railway": "light_rail",
        "railway:cbtc": "dto",
        "railway:preferred_direction": "forward",
        "voltage": "750"
      },
      "geometry": {
        "type": "LineString",
        "coordinates": [
          [
            0.0078454,
            51.5141245
          ],
          [
            0.007793,
            51.5141789
          ],
          [
            0.007736,
            51.5142395
          ],
          [
            0.0076115,
            51.5143673
          ],
          [
            0.0075413,
            51.514444
          ],
          [
            0.0074879,
            51.5144929
          ],
          [
            0.0074042,
            51.5145598
          ],
          [
            0.0073439,
            51.5145982
          ],
          [
            0.0072449,
            51.5146517
          ]
        ]
      },
      "id": "way/694613992"
    },
    {
      "type": "Feature",
      "properties": {
        "@id": "way/797431701",
        "electrified": "rail",
        "embankment": "yes",
        "frequency": "0",
        "gauge": "1435",
        "line": "Docklands Light Railway",
        "maxspeed": "55",
        "name": "Docklands Light Railway",
        "operator": "Keolis Amey Docklands",
        "operator:wikidata": "Q89212210",
        "railway": "light_rail",
        "railway:cbtc": "dto",
        "railway:preferred_direction": "forward",
        "voltage": "750"
      },
      "geometry": {
        "type": "LineString",
        "coordinates": [
          [
            0.0137611,
            51.5060307
          ],
          [
            0.0135743,
            51.5060896
          ],
          [
            0.0134148,
            51.5061509
          ],
          [
            0.0132526,
            51.5062278
          ],
          [
            0.0131101,
            51.5063054
          ],
          [
            0.0129621,
            51.5063995
          ],
          [
            0.0128515,
            51.5064802
          ],
          [
            0.0127428,
            51.5065768
          ],
          [
            0.0126548,
            51.5066721
          ],
          [
            0.0125815,
            51.5067643
          ]
        ]
      },
      "id": "way/797431701"
    },
    {
      "type": "Feature",
      "properties": {
        "@id": "way/797431702",
        "electrified": "rail",
        "embankment": "yes",
        "frequency": "0",
        "gauge": "1435",
        "line": "Docklands Light Railway",
        "maxspeed": "55",
        "name": "Docklands Light Railway",
        "operator": "Keolis Amey Docklands",
        "operator:wikidata": "Q89212210",
        "railway": "light_rail",
        "railway:cbtc": "dto",
        "railway:preferred_direction": "forward",
        "voltage": "750"
      },
      "geometry": {
        "type": "LineString",
        "coordinates": [
          [
            0.0126295,
            51.506778
          ],
          [
            0.0127022,
            51.5066884
          ],
          [
            0.0127926,
            51.5065914
          ],
          [
            0.0129009,
            51.5064986
          ],
          [
            0.0130051,
            51.506421
          ],
          [
            0.0131519,
            51.5063265
          ],
          [
            0.0132838,
            51.5062554
          ],
          [
            0.0134401,
            51.5061788
          ],
          [
            0.0135988,
            51.5061187
          ],
          [
            0.0137887,
            51.5060593
          ]
        ]
      },
      "id": "way/797431702"
    },
    {
      "type": "Feature",
      "properties": {
        "@id": "way/1245207008",
        "cutting": "yes",
        "electrified": "rail",
        "frequency": "0",
        "gauge": "1435",
        "line": "Docklands Light Railway",
        "maxspeed": "60",
        "name": "Docklands Light Railway",
        "operator": "Keolis Amey Docklands",
        "operator:wikidata": "Q89212210",
        "railway": "light_rail",
        "railway:cbtc": "dto",
        "railway:preferred_direction": "forward",
        "voltage": "750"
      },
      "geometry": {
        "type": "LineString",
        "coordinates": [
          [
            0.0119086,
            51.5076157
          ],
          [
            0.011254,
            51.5083957
          ]
        ]
      },
      "id": "way/1245207008"
    },
    {
      "type": "Feature",
      "properties": {
        "@id": "way/1245207009",
        "cutting": "yes",
        "electrified": "rail",
        "frequency": "0",
        "gauge": "1435",
        "line": "Docklands Light Railway",
        "maxspeed": "60",
        "name": "Docklands Light Railway",
        "operator": "Keolis Amey Docklands",
        "operator:wikidata": "Q89212210",
        "railway": "light_rail",
        "railway:cbtc": "dto",
        "railway:preferred_direction": "forward",
        "voltage": "750"
      },
      "geometry": {
        "type": "LineString",
        "coordinates": [
          [
            0.0112991,
            51.50841
          ],
          [
            0.0119588,
            51.5076289
          ]
        ]
      },
      "id": "way/1245207009"
    },
    {
      "type": "Feature",
      "properties": {
        "@id": "way/1300454570",
        "electrified": "rail",
        "frequency": "0",
        "gauge": "1435",
        "layer": "-1",
        "line": "Docklands Light Railway",
        "maxspeed": "65",
        "name": "Docklands Light Railway",
        "operator": "Keolis Amey Docklands",
        "operator:wikidata": "Q89212210",
        "railway": "light_rail",
        "railway:cbtc": "dto",
        "railway:preferred_direction": "forward",
        "voltage": "750"
      },
      "geometry": {
        "type": "LineString",
        "coordinates": [
          [
            0.0071662,
            51.5150502
          ],
          [
            0.007271,
            51.5149754
          ],
          [
            0.0073809,
            51.5149017
          ],
          [
            0.0074902,
            51.5148314
          ],
          [
            0.0076254,
            51.5147456
          ],
          [
            0.0077673,
            51.5146516
          ],
          [
            0.0078965,
            51.5145533
          ],
          [
            0.0080023,
            51.5144691
          ]
        ]
      },
      "id": "way/1300454570"
    },
    {
      "type": "Feature",
      "properties": {
        "@id": "way/1300454571",
        "electrified": "rail",
        "frequency": "0",
        "gauge": "1435",
        "layer": "-1",
        "line": "Docklands Light Railway",
        "maxspeed": "65",
        "name": "Docklands Light Railway",
        "operator": "Keolis Amey Docklands",
        "operator:wikidata": "Q89212210",
        "railway": "light_rail",
        "railway:cbtc": "dto",
        "railway:preferred_direction": "forward",
        "voltage": "750"
      },
      "geometry": {
        "type": "LineString",
        "coordinates": [
          [
            0.0078813,
            51.5144358
          ],
          [
            0.0078002,
            51.514515
          ],
          [
            0.0076895,
            51.5146116
          ],
          [
            0.0075655,
            51.5147148
          ],
          [
            0.007441,
            51.5148033
          ],
          [
            0.0073434,
            51.5148741
          ],
          [
            0.0072319,
            51.5149553
          ],
          [
            0.0071256,
            51.5150376
          ]
        ]
      },
      "id": "way/1300454571"
    },
    {
      "type": "Feature",
      "properties": {
        "@id": "way/17681009",
        "bridge": "viaduct",
        "electrified": "rail",
        "frequency": "0",
        "gauge": "1435",
        "layer": "1",
        "line": "Docklands Light Railway",
        "maxspeed": "75",
        "name": "Docklands Light Railway",
        "operator": "Keolis Amey Docklands",
        "operator:wikidata": "Q89212210",
        "railway": "light_rail",
        "railway:cbtc": "dto",
        "railway:preferred_direction": "forward",
        "voltage": "750"
      },
      "geometry": {
        "type": "LineString",
        "coordinates": [
          [
            0.0032427,
            51.5115054
          ],
          [
            0.00351,
            51.5118484
          ],
          [
            0.0036172,
            51.5120266
          ],
          [
            0.0037138,
            51.5121985
          ],
          [
            0.0037809,
            51.5123965
          ],
          [
            0.0038668,
            51.5126769
          ]
        ]
      },
      "id": "way/17681009"
    },
    {
      "type": "Feature",
      "properties": {
        "@id": "way/33739444",
        "electrified": "rail",
        "frequency": "0",
        "gauge": "1435",
        "line": "Docklands Light Railway",
        "maxspeed": "60",
        "name": "Docklands Light Railway",
        "operator": "Keolis Amey Docklands",
        "operator:wikidata": "Q89212210",
        "railway": "light_rail",
        "railway:cbtc": "dto",
        "railway:preferred_direction": "forward",
        "voltage": "750"
      },
      "geometry": {
        "type": "LineString",
        "coordinates": [
          [
            0.011254,
            51.5083957
          ],
          [
            0.0111393,
            51.5085336
          ],
          [
            0.0110382,
            51.5086586
          ],
          [
            0.0109688,
            51.5087545
          ],
          [
            0.0109076,
            51.5088555
          ],
          [
            0.0108426,
            51.5089799
          ],
          [
            0.0107896,
            51.509111
          ],
          [
            0.0105882,
            51.5096602
          ]
        ]
      },
      "id": "way/33739444"
    },
    {
      "type": "Feature",
      "properties": {
        "@id": "way/145443616",
        "electrified": "rail",
        "frequency": "0",
        "line": "Docklands Light Railway",
        "maxspeed": "30",
        "name": "Docklands Light Railway",
        "operator": "Keolis Amey Docklands",
        "operator:wikidata": "Q89212210",
        "railway": "light_rail",
        "railway:cbtc": "dto",
        "voltage": "750"
      },
      "geometry": {
        "type": "LineString",
        "coordinates": [
          [
            0.0105882,
            51.5096602
          ],
          [
            0.01058,
            51.509704
          ],
          [
            0.0105774,
            51.5097481
          ],
          [
            0.0105737,
            51.5098009
          ],
          [
            0.0105759,
            51.5098599
          ],
          [
            0.010583,
            51.5099212
          ],
          [
            0.0105974,
            51.5099849
          ],
          [
            0.0106412,
            51.5101743
          ],
          [
            0.0106543,
            51.5102385
          ],
          [
            0.0106781,
            51.5103601
          ],
          [
            0.0106882,
            51.5104537
          ],
          [
            0.0106884,
            51.5105031
          ],
          [
            0.0106846,
            51.5105491
          ],
          [
            0.0106794,
            51.5105831
          ],
          [
            0.0106703,
            51.5106225
          ],
          [
            0.0106481,
            51.5106849
          ],
          [
            0.0106349,
            51.5107186
          ],
          [
            0.0106176,
            51.510754
          ],
          [
            0.0106006,
            51.5107849
          ]
        ]
      },
      "id": "way/145443616"
    },
    {
      "type": "Feature",
      "properties": {
        "@id": "way/145452870",
        "bridge": "viaduct",
        "electrified": "rail",
        "frequency": "0",
        "gauge": "1435",
        "layer": "2",
        "level": "1",
        "line": "Docklands Light Railway",
        "maxspeed": "40",
        "name": "Docklands Light Railway",
        "operator": "Keolis Amey Docklands",
        "operator:wikidata": "Q89212210",
        "railway": "light_rail",
        "railway:cbtc": "dto",
        "railway:preferred_direction": "forward",
        "voltage": "750"
      },
      "geometry": {
        "type": "LineString",
        "coordinates": [
          [
            0.0079069,
            51.5143081
          ],
          [
            0.0079547,
            51.5142657
          ],
          [
            0.0080273,
            51.5142011
          ],
          [
            0.0081294,
            51.5141076
          ],
          [
            0.0081951,
            51.5140459
          ],
          [
            0.0082755,
            51.5139687
          ],
          [
            0.0084149,
            51.5138315
          ],
          [
            0.0084946,
            51.5137521
          ],
          [
            0.0085574,
            51.5136888
          ]
        ]
      },
      "id": "way/145452870"
    },
    {
      "type": "Feature",
      "properties": {
        "@id": "way/156783340",
        "electrified": "rail",
        "frequency": "0",
        "gauge": "1435",
        "line": "Docklands Light Railway",
        "maxspeed": "30",
        "name": "Docklands Light Railway",
        "operator": "Keolis Amey Docklands",
        "operator:wikidata": "Q89212210",
        "railway": "light_rail",
        "service": "siding",
        "source": "Bing",
        "voltage": "750"
      },
      "geometry": {
        "type": "LineString",
        "coordinates": [
          [
            0.0101012,
            51.5106634
          ],
          [
            0.0100652,
            51.510728
          ],
          [
            0.0100345,
            51.5107925
          ],
          [
            0.010004,
            51.5108735
          ],
          [
            0.0099761,
            51.5109298
          ],
          [
            0.0099352,
            51.5110058
          ],
          [
            0.009519,
            51.5117188
          ],
          [
            0.0094586,
            51.5118268
          ],
          [
            0.009421,
            51.5119069
          ],
          [
            0.0093903,
            51.5119843
          ],
          [
            0.0093723,
            51.5120454
          ],
          [
            0.0093593,
            51.5121122
          ],
          [
            0.0093506,
            51.5121652
          ],
          [
            0.0093337,
            51.512213
          ],
          [
            0.009311,
            51.5122658
          ]
        ]
      },
      "id": "way/156783340"
    },
    {
      "type": "Feature",
      "properties": {
        "@id": "way/156783341",
        "electrified": "rail",
        "frequency": "0",
        "gauge": "1435",
        "layer": "-1",
        "line": "Docklands Light Railway",
        "maxspeed": "40",
        "name": "Docklands Light Railway",
        "operator": "Keolis Amey Docklands",
        "operator:wikidata": "Q89212210",
        "railway": "light_rail",
        "railway:preferred_direction": "forward",
        "tunnel": "yes",
        "voltage": "750"
      },
      "geometry": {
        "type": "LineString",
        "coordinates": [
          [
            0.0096517,
            51.5112843
          ],
          [
            0.0095176,
            51.5114314
          ],
          [
            0.0093839,
            51.5115842
          ],
          [
            0.0093277,
            51.5116577
          ],
          [
            0.0092761,
            51.5117335
          ]
        ]
      },
      "id": "way/156783341"
    },
    {
      "type": "Feature",
      "properties": {
        "@id": "way/156783342",
        "electrified": "rail",
        "frequency": "0",
        "gauge": "1435",
        "layer": "-1",
        "line": "Docklands Light Railway",
        "maxspeed": "40",
        "name": "Docklands Light Railway",
        "operator": "Keolis Amey Docklands",
        "operator:wikidata": "Q89212210",
        "railway": "light_rail",
        "railway:preferred_direction": "forward",
        "voltage": "750"
      },
      "geometry": {
        "type": "LineString",
        "coordinates": [
          [
            0.0092761,
            51.5117335
          ],
          [
            0.0092135,
            51.5118642
          ],
          [
            0.0091581,
            51.512002
          ],
          [
            0.0091248,
            51.5121211
          ],
          [
            0.0091018,
            51.5122541
          ],
          [
            0.0090958,
            51.5123375
          ]
        ]
      },
      "id": "way/156783342"
    },
    {
      "type": "Feature",
      "properties": {
        "@id": "way/156792938",
        "bridge": "viaduct",
        "electrified": "rail",
        "frequency": "0",
        "gauge": "1435",
        "layer": "2",
        "line": "DLR",
        "maxspeed": "40",
        "name": "Canning Town Flyover",
        "operator": "Keolis Amey Docklands",
        "operator:wikidata": "Q89212210",
        "railway": "light_rail",
        "railway:cbtc": "dto",
        "railway:preferred_direction": "forward",
        "voltage": "750"
      },
      "geometry": {
        "type": "LineString",
        "coordinates": [
          [
            0.0118921,
            51.5096794
          ],
          [
            0.0117685,
            51.5097483
          ],
          [
            0.0116683,
            51.5098157
          ],
          [
            0.0115207,
            51.5099174
          ],
          [
            0.01139,
            51.5100067
          ],
          [
            0.0112698,
            51.5100793
          ],
          [
            0.0111685,
            51.5101313
          ],
          [
            0.0110477,
            51.5101844
          ],
          [
            0.0109154,
            51.5102335
          ],
          [
            0.0107869,
            51.5102733
          ],
          [
            0.0106377,
            51.5103184
          ],
          [
            0.0104953,
            51.5103656
          ],
          [
            0.0103788,
            51.5104099
          ],
          [
            0.0102693,
            51.510458
          ],
          [
            0.0101449,
            51.5105251
          ],
          [
            0.0100588,
            51.510582
          ],
          [
            0.0099971,
            51.5106271
          ],
          [
            0.0099323,
            51.5106846
          ],
          [
            0.0098748,
            51.5107441
          ],
          [
            0.009819,
            51.5108125
          ],
          [
            0.00977,
            51.5108841
          ],
          [
            0.0096573,
            51.5110619
          ],
          [
            0.0095639,
            51.5112503
          ],
          [
            0.0094509,
            51.511535
          ],
          [
            0.0093296,
            51.51183
          ],
          [
            0.0092836,
            51.5119394
          ],
          [
            0.0092456,
            51.5120427
          ],
          [
            0.0092165,
            51.5121531
          ],
          [
            0.0091937,
            51.5122624
          ]
        ]
      },
      "id": "way/156792938"
    },
    {
      "type": "Feature",
      "properties": {
        "@id": "way/156792940",
        "bridge": "viaduct",
        "electrified": "rail",
        "frequency": "0",
        "gauge": "1435",
        "layer": "2",
        "level": "1",
        "line": "Docklands Light Railway",
        "maxspeed": "40",
        "name": "Docklands Light Railway",
        "operator": "Keolis Amey Docklands",
        "operator:wikidata": "Q89212210",
        "railway": "light_rail",
        "railway:cbtc": "dto",
        "railway:preferred_direction": "forward",
        "tunnel": "no",
        "voltage": "750"
      },
      "geometry": {
        "type": "LineString",
        "coordinates": [
          [
            0.0088371,
            51.5130885
          ],
          [
            0.0088003,
            51.5131482
          ],
          [
            0.0087351,
            51.513234
          ],
          [
            0.008645,
            51.5133406
          ],
          [
            0.0085985,
            51.5133927
          ],
          [
            0.0085476,
            51.5134483
          ],
          [
            0.0084787,
            51.5135189
          ],
          [
            0.0083332,
            51.5136535
          ],
          [
            0.0082358,
            51.5137427
          ],
          [
            0.0082033,
            51.5137731
          ],
          [
            0.0081449,
            51.5138276
          ],
          [
            0.0080788,
            51.5138899
          ],
          [
            0.0080298,
            51.5139378
          ],
          [
            0.0079369,
            51.5140309
          ],
          [
            0.0078971,
            51.5140714
          ],
          [
            0.0078454,
            51.5141245
          ]
        ]
      },
      "id": "way/156792940"
    },
    {
      "type": "Feature",
      "properties": {
        "@id": "way/156792947",
        "electrified": "rail",
        "frequency": "0",
        "line": "Docklands Light Railway",
        "maxspeed": "30",
        "name": "Docklands Light Railway",
        "operator": "Keolis Amey Docklands",
        "operator:wikidata": "Q89212210",
        "railway": "light_rail",
        "railway:cbtc": "dto",
        "voltage": "750"
      },
      "geometry": {
        "type": "LineString",
        "coordinates": [
          [
            0.0106546,
            51.5107595
          ],
          [
            0.0106801,
            51.5107155
          ],
          [
            0.010701,
            51.5106713
          ],
          [
            0.0107171,
            51.5106277
          ],
          [
            0.0107267,
            51.5105842
          ],
          [
            0.0107331,
            51.5105498
          ],
          [
            0.0107363,
            51.5105045
          ],
          [
            0.0107359,
            51.5104498
          ],
          [
            0.010723,
            51.5103578
          ],
          [
            0.0106986,
            51.5102352
          ],
          [
            0.0106732,
            51.5101268
          ],
          [
            0.0106472,
            51.5099791
          ],
          [
            0.010632,
            51.5099177
          ],
          [
            0.0106239,
            51.5098572
          ],
          [
            0.0106242,
            51.5098006
          ],
          [
            0.0106349,
            51.5097517
          ],
          [
            0.0106432,
            51.5097061
          ],
          [
            0.0106555,
            51.509661
          ]
        ]
      },
      "id": "way/156792947"
    },
    {
      "type": "Feature",
      "properties": {
        "@id": "way/156792958",
        "electrified": "rail",
        "frequency": "0",
        "gauge": "1435",
        "line": "Docklands Light Railway",
        "maxspeed": "40",
        "name": "Docklands Light Railway",
        "operator": "Keolis Amey Docklands",
        "operator:wikidata": "Q89212210",
        "railway": "light_rail",
        "railway:cbtc": "dto",
        "railway:preferred_direction": "forward",
        "voltage": "750"
      },
      "geometry": {
        "type": "LineString",
        "coordinates": [
          [
            0.0090093,
            51.5129709
          ],
          [
            0.0090443,
            51.5128523
          ]
        ]
      },
      "id": "way/156792958"
    },
    {
      "type": "Feature",
      "properties": {
        "@id": "way/156792959",
        "bridge": "viaduct",
        "electrified": "rail",
        "frequency": "0",
        "gauge": "1435",
        "layer": "2",
        "line": "DLR",
        "maxspeed": "40",
        "name": "Canning Town Flyover",
        "operator": "Keolis Amey Docklands",
        "operator:wikidata": "Q89212210",
        "railway": "light_rail",
        "railway:cbtc": "dto",
        "railway:preferred_direction": "forward",
        "voltage": "750"
      },
      "geometry": {
        "type": "LineString",
        "coordinates": [
          [
            0.0092425,
            51.5122649
          ],
          [
            0.009263,
            51.5121564
          ],
          [
            0.0092902,
            51.5120526
          ],
          [
            0.0093285,
            51.5119476
          ],
          [
            0.0093776,
            51.5118369
          ],
          [
            0.0094992,
            51.5115427
          ],
          [
            0.0096185,
            51.5112566
          ],
          [
            0.0097088,
            51.5110699
          ],
          [
            0.0098177,
            51.5108962
          ],
          [
            0.0098669,
            51.5108271
          ],
          [
            0.0099247,
            51.5107562
          ],
          [
            0.009977,
            51.510703
          ],
          [
            0.0100414,
            51.5106447
          ],
          [
            0.0101102,
            51.5105946
          ],
          [
            0.010195,
            51.5105414
          ],
          [
            0.0103001,
            51.5104849
          ],
          [
            0.0104037,
            51.5104404
          ],
          [
            0.0105179,
            51.510397
          ],
          [
            0.0106546,
            51.5103505
          ],
          [
            0.0108172,
            51.5103009
          ],
          [
            0.0109354,
            51.5102631
          ],
          [
            0.0110783,
            51.5102113
          ],
          [
            0.011206,
            51.5101556
          ],
          [
            0.0113129,
            51.5100998
          ],
          [
            0.0114308,
            51.5100275
          ],
          [
            0.0115602,
            51.5099361
          ],
          [
            0.0117053,
            51.5098349
          ],
          [
            0.0118029,
            51.5097724
          ],
          [
            0.011942,
            51.5096933
          ]
        ]
      },
      "id": "way/156792959"
    },
    {
      "type": "Feature",
      "properties": {
        "@id": "way/156792962",
        "electrified": "rail",
        "frequency": "0",
        "gauge": "1435",
        "line": "Docklands Light Railway",
        "maxspeed": "40",
        "name": "Docklands Light Railway",
        "operator": "Keolis Amey Docklands",
        "operator:wikidata": "Q89212210",
        "railway": "light_rail",
        "railway:preferred_direction": "forward",
        "voltage": "750"
      },
      "geometry": {
        "type": "LineString",
        "coordinates": [
          [
            0.0090958,
            51.5123375
          ],
          [
            0.0090911,
            51.5124027
          ],
          [
            0.0090696,
            51.5125496
          ],
          [
            0.0089932,
            51.5128084
          ]
        ]
      },
      "id": "way/156792962"
    },
    {
      "type": "Feature",
      "properties": {
        "@id": "way/156792963",
        "electrified": "rail",
        "frequency": "0",
        "gauge": "1435",
        "layer": "-1",
        "line": "Docklands Light Railway",
        "maxspeed": "40",
        "name": "Docklands Light Railway",
        "operator": "Keolis Amey Docklands",
        "operator:wikidata": "Q89212210",
        "railway": "light_rail",
        "railway:preferred_direction": "forward",
        "voltage": "750"
      },
      "geometry": {
        "type": "LineString",
        "coordinates": [
          [
            0.0098542,
            51.5110069
          ],
          [
            0.0097604,
            51.5111514
          ],
          [
            0.0097198,
            51.5112067
          ],
          [
            0.0096517,
            51.5112843
          ]
        ]
      },
      "id": "way/156792963"
    },
    {
      "type": "Feature",
      "properties": {
        "@id": "way/156792964",
        "electrified": "rail",
        "frequency": "0",
        "gauge": "1435",
        "line": "Docklands Light Railway",
        "maxspeed": "40",
        "name": "Docklands Light Railway",
        "operator": "Keolis Amey Docklands",
        "operator:wikidata": "Q89212210",
        "railway": "light_rail",
        "railway:cbtc": "dto",
        "railway:preferred_direction": "forward",
        "voltage": "750"
      },
      "geometry": {
        "type": "LineString",
        "coordinates": [
          [
            0.0091296,
            51.5126494
          ],
          [
            0.0091819,
            51.5124983
          ],
          [
            0.0092236,
            51.5123756
          ],
          [
            0.0092425,
            51.5122649
          ]
        ]
      },
      "id": "way/156792964"
    },
    {
      "type": "Feature",
      "properties": {
        "@id": "way/156792968",
        "electrified": "rail",
        "frequency": "0",
        "gauge": "1435",
        "line": "Docklands Light Railway",
        "maxspeed": "60",
        "name": "Docklands Light Railway",
        "operator": "Keolis Amey Docklands",
        "operator:wikidata": "Q89212210",
        "railway": "light_rail",
        "railway:cbtc": "dto",
        "railway:preferred_direction": "forward",
        "voltage": "750"
      },
      "geometry": {
        "type": "LineString",
        "coordinates": [
          [
            0.0106555,
            51.509661
          ],
          [
            0.010838,
            51.5091173
          ],
          [
            0.0108893,
            51.5089902
          ],
          [
            0.0109536,
            51.5088679
          ],
          [
            0.0110168,
            51.5087679
          ],
          [
            0.0110856,
            51.5086734
          ],
          [
            0.0111849,
            51.5085467
          ],
          [
            0.0112991,
            51.50841
          ]
        ]
      },
      "id": "way/156792968"
    },
    {
      "type": "Feature",
      "properties": {
        "@id": "way/156792969",
        "electrified": "rail",
        "frequency": "0",
        "gauge": "1435",
        "line": "Docklands Light Railway",
        "maxspeed": "30",
        "name": "Docklands Light Railway",
        "operator": "Keolis Amey Docklands",
        "operator:wikidata": "Q89212210",
        "railway": "light_rail",
        "railway:cbtc": "dto",
        "railway:preferred_direction": "forward",
        "service": "crossover",
        "voltage": "750"
      },
      "geometry": {
        "type": "LineString",
        "coordinates": [
          [
            0.0098877,
            51.5120666
          ],
          [
            0.0098637,
            51.5121065
          ],
          [
            0.0098353,
            51.5121466
          ],
          [
            0.0098011,
            51.5121922
          ],
          [
            0.0097563,
            51.5122492
          ],
          [
            0.0096997,
            51.5123135
          ],
          [
            0.0096549,
            51.512366
          ],
          [
            0.0096061,
            51.512429
          ]
        ]
      },
      "id": "way/156792969"
    },
    {
      "type": "Feature",
      "properties": {
        "@id": "way/156792974",
        "electrified": "rail",
        "frequency": "0",
        "gauge": "1435",
        "line": "Docklands Light Railway",
        "maxspeed": "60",
        "name": "Docklands Light Railway",
        "operator": "Keolis Amey Docklands",
        "operator:wikidata": "Q89212210",
        "railway": "light_rail",
        "railway:cbtc": "dto",
        "railway:preferred_direction": "forward",
        "voltage": "750"
      },
      "geometry": {
        "type": "LineString",
        "coordinates": [
          [
            0.0091296,
            51.5126494
          ],
          [
            0.009311,
            51.5122658
          ],
          [
            0.0094788,
            51.5118908
          ],
          [
            0.0095727,
            51.5117188
          ]
        ]
      },
      "id": "way/156792974"
    },
    {
      "type": "Feature",
      "properties": {
        "@id": "way/170087195",
        "electrified": "rail",
        "frequency": "0",
        "gauge": "1435",
        "line": "Docklands Light Railway",
        "maxspeed": "40",
        "name": "Docklands Light Railway",
        "operator": "Keolis Amey Docklands",
        "operator:wikidata": "Q89212210",
        "railway": "light_rail",
        "railway:cbtc": "dto",
        "railway:preferred_direction": "forward",
        "voltage": "750"
      },
      "geometry": {
        "type": "LineString",
        "coordinates": [
          [
            0.0091937,
            51.5122624
          ],
          [
            0.0091752,
            51.5123708
          ],
          [
            0.0091341,
            51.5124913
          ],
          [
            0.0090824,
            51.5126169
          ],
          [
            0.0089932,
            51.5128084
          ]
        ]
      },
      "id": "way/170087195"
    },
    {
      "type": "Feature",
      "properties": {
        "@id": "way/170087196",
        "bridge": "viaduct",
        "electrified": "rail",
        "frequency": "0",
        "gauge": "1435",
        "layer": "2",
        "line": "Docklands Light Railway",
        "maxspeed": "40",
        "name": "Docklands Light Railway",
        "operator": "Keolis Amey Docklands",
        "operator:wikidata": "Q89212210",
        "railway": "light_rail",
        "railway:cbtc": "dto",
        "railway:preferred_direction": "forward",
        "service": "crossover",
        "voltage": "750"
      },
      "geometry": {
        "type": "LineString",
        "coordinates": [
          [
            0.0094992,
            51.5115427
          ],
          [
            0.0094797,
            51.5115795
          ],
          [
            0.0094594,
            51.5116149
          ],
          [
            0.0094318,
            51.5116577
          ],
          [
            0.0093863,
            51.5117223
          ],
          [
            0.0093582,
            51.5117708
          ],
          [
            0.0093296,
            51.51183
          ]
        ]
      },
      "id": "way/170087196"
    },
    {
      "type": "Feature",
      "properties": {
        "@id": "way/170090496",
        "electrified": "rail",
        "frequency": "0",
        "gauge": "1435",
        "layer": "-1",
        "line": "Docklands Light Railway",
        "maxspeed": "50",
        "name": "Docklands Light Railway",
        "operator": "Keolis Amey Docklands",
        "operator:wikidata": "Q89212210",
        "railway": "light_rail",
        "railway:cbtc": "dto",
        "railway:preferred_direction": "forward",
        "voltage": "750"
      },
      "geometry": {
        "type": "LineString",
        "coordinates": [
          [
            0.009088,
            51.5131949
          ],
          [
            0.0089416,
            51.5133691
          ],
          [
            0.0088566,
            51.5134671
          ],
          [
            0.0087641,
            51.513565
          ],
          [
            0.0086172,
            51.5137123
          ],
          [
            0.0084214,
            51.5139087
          ],
          [
            0.0082112,
            51.5141127
          ]
        ]
      },
      "id": "way/170090496"
    },
    {
      "type": "Feature",
      "properties": {
        "@id": "way/655777701",
        "electrified": "rail",
        "frequency": "0",
        "layer": "-1",
        "level": "0",
        "line": "Docklands Light Railway",
        "maxspeed": "60",
        "name": "Docklands Light Railway",
        "operator": "Keolis Amey Docklands",
        "operator:wikidata": "Q89212210",
        "railway": "light_rail",
        "voltage": "750"
      },
      "geometry": {
        "type": "LineString",
        "coordinates": [
          [
            0.0113245,
            51.5098571
          ],
          [
            0.0112266,
            51.5099349
          ],
          [
            0.0110955,
            51.5100641
          ],
          [
            0.0110312,
            51.5101418
          ],
          [
            0.0108713,
            51.5103719
          ],
          [
            0.0107267,
            51.5105842
          ],
          [
            0.0106006,
            51.5107849
          ]
        ]
      },
      "id": "way/655777701"
    },
    {
      "type": "Feature",
      "properties": {
        "@id": "way/655777702",
        "electrified": "rail",
        "frequency": "0",
        "gauge": "1435",
        "line": "Docklands Light Railway",
        "maxspeed": "60",
        "name": "Docklands Light Railway",
        "operator": "Keolis Amey Docklands",
        "operator:wikidata": "Q89212210",
        "railway": "light_rail",
        "railway:preferred_direction": "forward",
        "voltage": "750"
      },
      "geometry": {
        "type": "LineString",
        "coordinates": [
          [
            0.0105882,
            51.5096602
          ],
          [
            0.0105265,
            51.5098529
          ],
          [
            0.0104443,
            51.510076
          ],
          [
            0.0104004,
            51.5101743
          ],
          [
            0.0103474,
            51.5102777
          ],
          [
            0.0102641,
            51.5104329
          ],
          [
            0.0101012,
            51.5106634
          ],
          [
            0.0099088,
            51.5109306
          ],
          [
            0.0098542,
            51.5110069
          ]
        ]
      },
      "id": "way/655777702"
    },
    {
      "type": "Feature",
      "properties": {
        "@id": "way/655777703",
        "electrified": "rail",
        "frequency": "0",
        "gauge": "1435",
        "line": "Docklands Light Railway",
        "maxspeed": "60",
        "name": "Docklands Light Railway",
        "operator": "Keolis Amey Docklands",
        "operator:wikidata": "Q89212210",
        "railway": "light_rail",
        "railway:cbtc": "dto",
        "railway:preferred_direction": "forward",
        "voltage": "750"
      },
      "geometry": {
        "type": "LineString",
        "coordinates": [
          [
            0.0095727,
            51.5117188
          ],
          [
            0.0096375,
            51.5116036
          ],
          [
            0.0098809,
            51.5111872
          ],
          [
            0.0100111,
            51.5109571
          ],
          [
            0.0101974,
            51.5106352
          ],
          [
            0.0103178,
            51.5104429
          ],
          [
            0.0103922,
            51.5102892
          ],
          [
            0.0104448,
            51.5101828
          ],
          [
            0.0104943,
            51.5100763
          ],
          [
            0.0105759,
            51.5098599
          ],
          [
            0.0106555,
            51.509661
          ]
        ]
      },
      "id": "way/655777703"
    },
    {
      "type": "Feature",
      "properties": {
        "@id": "way/655777709",
        "electrified": "rail",
        "frequency": "0",
        "gauge": "1435",
        "line": "Docklands Light Railway",
        "maxspeed": "40",
        "name": "Docklands Light Railway",
        "operator": "Keolis Amey Docklands",
        "operator:wikidata": "Q89212210",
        "railway": "light_rail",
        "railway:cbtc": "dto",
        "railway:preferred_direction": "forward",
        "voltage": "750"
      },
      "geometry": {
        "type": "LineString",
        "coordinates": [
          [
            0.0090443,
            51.5128523
          ],
          [
            0.0091296,
            51.5126494
          ]
        ]
      },
      "id": "way/655777709"
    },
    {
      "type": "Feature",
      "properties": {
        "@id": "way/655777711",
        "electrified": "rail",
        "frequency": "0",
        "gauge": "1435",
        "line": "Docklands Light Railway",
        "maxspeed": "40",
        "name": "Docklands Light Railway",
        "operator": "Keolis Amey Docklands",
        "operator:wikidata": "Q89212210",
        "railway": "light_rail",
        "railway:cbtc": "dto",
        "railway:preferred_direction": "forward",
        "voltage": "750"
      },
      "geometry": {
        "type": "LineString",
        "coordinates": [
          [
            0.0089932,
            51.5128084
          ],
          [
            0.0089189,
            51.5129471
          ],
          [
            0.0088371,
            51.5130885
          ]
        ]
      },
      "id": "way/655777711"
    },
    {
      "type": "Feature",
      "properties": {
        "@id": "way/694613994",
        "bridge": "viaduct",
        "electrified": "rail",
        "frequency": "0",
        "gauge": "1435",
        "layer": "2",
        "level": "1",
        "line": "Docklands Light Railway",
        "maxspeed": "40",
        "name": "Docklands Light Railway",
        "operator": "Keolis Amey Docklands",
        "operator:wikidata": "Q89212210",
        "railway": "light_rail",
        "railway:cbtc": "dto",
        "railway:preferred_direction": "forward",
        "voltage": "750"
      },
      "geometry": {
        "type": "LineString",
        "coordinates": [
          [
            0.0085574,
            51.5136888
          ],
          [
            0.0086121,
            51.5136307
          ],
          [
            0.008651,
            51.5135876
          ],
          [
            0.0086875,
            51.5135468
          ],
          [
            0.0087412,
            51.5134801
          ],
          [
            0.008791,
            51.5134119
          ],
          [
            0.0088191,
            51.5133695
          ],
          [
            0.0088574,
            51.5133046
          ],
          [
            0.0088989,
            51.5132339
          ],
          [
            0.0089267,
            51.5131765
          ],
          [
            0.0089637,
            51.5131051
          ],
          [
            0.0090093,
            51.5129709
          ]
        ]
      },
      "id": "way/694613994"
    },
    {
      "type": "Feature",
      "properties": {
        "@id": "way/694613995",
        "electrified": "rail",
        "frequency": "0",
        "gauge": "1435",
        "layer": "-1",
        "line": "Docklands Light Railway",
        "maxspeed": "80",
        "name": "Docklands Light Railway",
        "operator": "Keolis Amey Docklands",
        "operator:wikidata": "Q89212210",
        "railway": "light_rail",
        "railway:cbtc": "dto",
        "railway:preferred_direction": "forward",
        "voltage": "750"
      },
      "geometry": {
        "type": "LineString",
        "coordinates": [
          [
            0.009219,
            51.513234
          ],
          [
            0.0093013,
            51.5131213
          ],
          [
            0.0094065,
            51.5129643
          ],
          [
            0.0095074,
            51.5127914
          ],
          [
            0.0096162,
            51.5125904
          ],
          [
            0.0097537,
            51.5123278
          ],
          [
            0.009823,
            51.5121974
          ],
          [
            0.0098877,
            51.5120666
          ]
        ]
      },
      "id": "way/694613995"
    },
    {
      "type": "Feature",
      "properties": {
        "@id": "way/1257326987",
        "electrified": "rail",
        "frequency": "0",
        "gauge": "1435",
        "layer": "-1",
        "line": "Docklands Light Railway",
        "maxspeed": "80",
        "name": "Docklands Light Railway",
        "operator": "Keolis Amey Docklands",
        "operator:wikidata": "Q89212210",
        "railway": "light_rail",
        "railway:cbtc": "dto",
        "railway:preferred_direction": "forward",
        "voltage": "750"
      },
      "geometry": {
        "type": "LineString",
        "coordinates": [
          [
            0.0106006,
            51.5107849
          ],
          [
            0.0100557,
            51.5116649
          ],
          [
            0.0098272,
            51.5120546
          ],
          [
            0.0096446,
            51.5123632
          ],
          [
            0.0096061,
            51.512429
          ]
        ]
      },
      "id": "way/1257326987"
    },
    {
      "type": "Feature",
      "properties": {
        "@id": "way/1257326988",
        "electrified": "rail",
        "frequency": "0",
        "gauge": "1435",
        "layer": "-1",
        "line": "Docklands Light Railway",
        "maxspeed": "80",
        "name": "Docklands Light Railway",
        "operator": "Keolis Amey Docklands",
        "operator:wikidata": "Q89212210",
        "railway": "light_rail",
        "railway:cbtc": "dto",
        "railway:preferred_direction": "forward",
        "voltage": "750"
      },
      "geometry": {
        "type": "LineString",
        "coordinates": [
          [
            0.0100983,
            51.5116727
          ],
          [
            0.0106546,
            51.5107595
          ]
        ]
      },
      "id": "way/1257326988"
    },
    {
      "type": "Feature",
      "properties": {
        "@id": "way/1257326989",
        "electrified": "rail",
        "frequency": "0",
        "gauge": "1435",
        "layer": "-1",
        "line": "Docklands Light Railway",
        "maxspeed": "80",
        "name": "Docklands Light Railway",
        "operator": "Keolis Amey Docklands",
        "operator:wikidata": "Q89212210",
        "railway": "light_rail",
        "railway:cbtc": "dto",
        "railway:preferred_direction": "forward",
        "voltage": "750"
      },
      "geometry": {
        "type": "LineString",
        "coordinates": [
          [
            0.0098877,
            51.5120666
          ],
          [
            0.0099876,
            51.5118684
          ],
          [
            0.0100983,
            51.5116727
          ]
        ]
      },
      "id": "way/1257326989"
    },
    {
      "type": "Feature",
      "properties": {
        "@id": "way/1300454572",
        "electrified": "rail",
        "frequency": "0",
        "gauge": "1435",
        "layer": "-1",
        "line": "Docklands Light Railway",
        "maxspeed": "50",
        "name": "Docklands Light Railway",
        "operator": "Keolis Amey Docklands",
        "operator:wikidata": "Q89212210",
        "railway": "light_rail",
        "railway:cbtc": "dto",
        "railway:preferred_direction": "forward",
        "voltage": "750"
      },
      "geometry": {
        "type": "LineString",
        "coordinates": [
          [
            0.0082112,
            51.5141127
          ],
          [
            0.0078813,
            51.5144358
          ]
        ]
      },
      "id": "way/1300454572"
    },
    {
      "type": "Feature",
      "properties": {
        "@id": "way/1300454573",
        "electrified": "rail",
        "frequency": "0",
        "gauge": "1435",
        "layer": "-1",
        "line": "Docklands Light Railway",
        "maxspeed": "50",
        "name": "Docklands Light Railway",
        "operator": "Keolis Amey Docklands",
        "operator:wikidata": "Q89212210",
        "railway": "light_rail",
        "railway:cbtc": "dto",
        "railway:preferred_direction": "forward",
        "voltage": "750"
      },
      "geometry": {
        "type": "LineString",
        "coordinates": [
          [
            0.0080023,
            51.5144691
          ],
          [
            0.0081807,
            51.5143201
          ],
          [
            0.0083849,
            51.5141365
          ],
          [
            0.008566,
            51.5139677
          ]
        ]
      },
      "id": "way/1300454573"
    },
    {
      "type": "Feature",
      "properties": {
        "@id": "way/1300454574",
        "electrified": "rail",
        "frequency": "0",
        "gauge": "1435",
        "layer": "-1",
        "line": "Docklands Light Railway",
        "maxspeed": "80",
        "name": "Docklands Light Railway",
        "operator": "Keolis Amey Docklands",
        "operator:wikidata": "Q89212210",
        "railway": "light_rail",
        "railway:cbtc": "dto",
        "railway:preferred_direction": "forward",
        "voltage": "750"
      },
      "geometry": {
        "type": "LineString",
        "coordinates": [
          [
            0.0096061,
            51.512429
          ],
          [
            0.0095204,
            51.5125704
          ],
          [
            0.0093971,
            51.5127705
          ],
          [
            0.0092889,
            51.512931
          ],
          [
            0.0091739,
            51.5130847
          ],
          [
            0.009088,
            51.5131949
          ]
        ]
      },
      "id": "way/1300454574"
    },
    {
      "type": "Feature",
      "properties": {
        "@id": "way/1300454575",
        "electrified": "rail",
        "frequency": "0",
        "gauge": "1435",
        "layer": "-1",
        "line": "Docklands Light Railway",
        "maxspeed": "50",
        "name": "Docklands Light Railway",
        "operator": "Keolis Amey Docklands",
        "operator:wikidata": "Q89212210",
        "railway": "light_rail",
        "railway:cbtc": "dto",
        "railway:preferred_direction": "forward",
        "voltage": "750"
      },
      "geometry": {
        "type": "LineString",
        "coordinates": [
          [
            0.008566,
            51.5139677
          ],
          [
            0.0087651,
            51.5137684
          ],
          [
            0.0089077,
            51.5136156
          ],
          [
            0.0089929,
            51.5135132
          ],
          [
            0.0090701,
            51.5134183
          ],
          [
            0.009219,
            51.513234
          ]
        ]
      },
      "id": "way/1300454575"
    },
    {
      "type": "Feature",
      "properties": {
        "@id": "way/1368795026",
        "electrified": "rail",
        "frequency": "0",
        "layer": "-1",
        "level": "0",
        "line": "Docklands Light Railway",
        "maxspeed": "60",
        "name": "Docklands Light Railway",
        "operator": "Keolis Amey Docklands",
        "operator:wikidata": "Q89212210",
        "railway": "light_rail",
        "voltage": "750"
      },
      "geometry": {
        "type": "LineString",
        "coordinates": [
          [
            0.0106546,
            51.5107595
          ],
          [
            0.0107746,
            51.5105981
          ],
          [
            0.0108494,
            51.510499
          ],
          [
            0.010933,
            51.510409
          ],
          [
            0.0110157,
            51.5103388
          ],
          [
            0.0111103,
            51.5102677
          ],
          [
            0.0112238,
            51.5101981
          ],
          [
            0.0113455,
            51.5101351
          ],
          [
            0.0114806,
            51.5100509
          ],
          [
            0.01162,
            51.5099552
          ]
        ]
      },
      "id": "way/1368795026"
    },
    {
      "type": "Feature",
      "properties": {
        "@id": "way/163561016",
        "bridge": "viaduct",
        "electrified": "rail",
        "frequency": "0",
        "gauge": "1435",
        "layer": "1",
        "line": "Docklands Light Railway",
        "maxspeed": "80",
        "name": "Docklands Light Railway",
        "operator": "Keolis Amey Docklands",
        "operator:wikidata": "Q89212210",
        "railway": "light_rail",
        "railway:cbtc": "dto",
        "railway:preferred_direction": "forward",
        "voltage": "750"
      },
      "geometry": {
        "type": "LineString",
        "coordinates": [
          [
            0.0161497,
            51.505508
          ],
          [
            0.0162808,
            51.505442
          ],
          [
            0.0164111,
            51.5053734
          ],
          [
            0.0166562,
            51.5052411
          ],
          [
            0.0169019,
            51.5051092
          ],
          [
            0.0177494,
            51.5046592
          ],
          [
            0.0180158,
            51.5045233
          ],
          [
            0.0181804,
            51.5044422
          ],
          [
            0.0183458,
            51.5043634
          ],
          [
            0.0185358,
            51.5042752
          ],
          [
            0.018731,
            51.5041879
          ],
          [
            0.0189315,
            51.5041026
          ],
          [
            0.0191506,
            51.5040112
          ],
          [
            0.0194029,
            51.5039119
          ],
          [
            0.0196351,
            51.5038236
          ]
        ]
      },
      "id": "way/163561016"
    },
    {
      "type": "Feature",
      "properties": {
        "@id": "way/170167848",
        "bridge": "viaduct",
        "electrified": "rail",
        "frequency": "0",
        "gauge": "1435",
        "layer": "1",
        "line": "Docklands Light Railway",
        "maxspeed": "80",
        "name": "Docklands Light Railway",
        "operator": "Keolis Amey Docklands",
        "operator:wikidata": "Q89212210",
        "railway": "light_rail",
        "railway:cbtc": "dto",
        "railway:preferred_direction": "forward",
        "voltage": "750"
      },
      "geometry": {
        "type": "LineString",
        "coordinates": [
          [
            0.0196053,
            51.5037927
          ],
          [
            0.0193744,
            51.5038821
          ],
          [
            0.0191194,
            51.5039827
          ],
          [
            0.0189077,
            51.5040719
          ],
          [
            0.0186987,
            51.504161
          ],
          [
            0.0185033,
            51.5042479
          ],
          [
            0.0183133,
            51.5043356
          ],
          [
            0.0181434,
            51.5044169
          ],
          [
            0.01798,
            51.504498
          ],
          [
            0.0177185,
            51.5046335
          ],
          [
            0.0168691,
            51.5050848
          ],
          [
            0.0166246,
            51.5052164
          ],
          [
            0.0163741,
            51.5053488
          ],
          [
            0.0162509,
            51.5054121
          ]
        ]
      },
      "id": "way/170167848"
    },
    {
      "type": "Feature",
      "properties": {
        "@id": "way/1300454576",
        "bridge": "viaduct",
        "electrified": "rail",
        "frequency": "0",
        "gauge": "1435",
        "layer": "1",
        "line": "Docklands Light Railway",
        "maxspeed": "55",
        "name": "Docklands Light Railway",
        "operator": "Keolis Amey Docklands",
        "operator:wikidata": "Q89212210",
        "railway": "light_rail",
        "railway:cbtc": "dto",
        "railway:preferred_direction": "forward",
        "voltage": "750"
      },
      "geometry": {
        "type": "LineString",
        "coordinates": [
          [
            0.0137887,
            51.5060593
          ],
          [
            0.0139317,
            51.5060223
          ],
          [
            0.0140947,
            51.5059879
          ],
          [
            0.0142601,
            51.5059575
          ],
          [
            0.0144337,
            51.5059312
          ],
          [
            0.014589,
            51.5059119
          ],
          [
            0.0147403,
            51.5058947
          ],
          [
            0.014905,
            51.5058738
          ],
          [
            0.0150552,
            51.5058513
          ],
          [
            0.0151983,
            51.5058248
          ],
          [
            0.0153362,
            51.5057956
          ],
          [
            0.0154796,
            51.5057583
          ],
          [
            0.0156064,
            51.5057197
          ],
          [
            0.0157422,
            51.5056747
          ],
          [
            0.0158985,
            51.5056174
          ],
          [
            0.0160274,
            51.5055641
          ],
          [
            0.0161497,
            51.505508
          ]
        ]
      },
      "id": "way/1300454576"
    },
    {
      "type": "Feature",
      "properties": {
        "@id": "way/1300454577",
        "bridge": "viaduct",
        "electrified": "rail",
        "frequency": "0",
        "gauge": "1435",
        "layer": "1",
        "line": "Docklands Light Railway",
        "maxspeed": "55",
        "name": "Docklands Light Railway",
        "operator": "Keolis Amey Docklands",
        "operator:wikidata": "Q89212210",
        "railway": "light_rail",
        "railway:cbtc": "dto",
        "railway:preferred_direction": "forward",
        "voltage": "750"
      },
      "geometry": {
        "type": "LineString",
        "coordinates": [
          [
            0.0162509,
            51.5054121
          ],
          [
            0.0161192,
            51.5054777
          ],
          [
            0.0159952,
            51.5055343
          ],
          [
            0.0158721,
            51.5055867
          ],
          [
            0.0157188,
            51.5056454
          ],
          [
            0.0155872,
            51.5056889
          ],
          [
            0.0154557,
            51.5057278
          ],
          [
            0.0153179,
            51.5057623
          ],
          [
            0.0151792,
            51.5057923
          ],
          [
            0.0150388,
            51.5058181
          ],
          [
            0.0148925,
            51.5058405
          ],
          [
            0.0147265,
            51.5058616
          ],
          [
            0.0145809,
            51.5058785
          ],
          [
            0.0144206,
            51.5058977
          ],
          [
            0.0142448,
            51.505925
          ],
          [
            0.014077,
            51.5059546
          ],
          [
            0.0139122,
            51.5059907
          ],
          [
            0.0137611,
            51.5060307
          ]
        ]
      },
      "id": "way/1300454577"
    },
    {
      "type": "Feature",
      "properties": {
        "@id": "way/1300454578",
        "bridge": "viaduct",
        "electrified": "rail",
        "frequency": "0",
        "gauge": "1435",
        "layer": "1",
        "line": "Docklands Light Railway",
        "maxspeed": "40",
        "name": "Docklands Light Railway",
        "operator": "Keolis Amey Docklands",
        "operator:wikidata": "Q89212210",
        "railway": "light_rail",
        "railway:cbtc": "dto",
        "railway:preferred_direction": "forward",
        "voltage": "750"
      },
      "geometry": {
        "type": "LineString",
        "coordinates": [
          [
            0.0216846,
            51.5031184
          ],
          [
            0.0227186,
            51.5027865
          ],
          [
            0.0228559,
            51.502743
          ],
          [
            0.0230227,
            51.5026943
          ],
          [
            0.0231732,
            51.5026569
          ],
          [
            0.0233417,
            51.5026239
          ],
          [
            0.0235121,
            51.5026021
          ],
          [
            0.0236856,
            51.5025853
          ],
          [
            0.0238762,
            51.5025665
          ],
          [
            0.0240473,
            51.5025435
          ],
          [
            0.0242582,
            51.5025068
          ]
        ]
      },
      "id": "way/1300454578"
    },
    {
      "type": "Feature",
      "properties": {
        "@id": "way/1300454579",
        "bridge": "viaduct",
        "electrified": "rail",
        "frequency": "0",
        "gauge": "1435",
        "layer": "1",
        "line": "Docklands Light Railway",
        "maxspeed": "40",
        "name": "Docklands Light Railway",
        "operator": "Keolis Amey Docklands",
        "operator:wikidata": "Q89212210",
        "railway": "light_rail",
        "railway:cbtc": "dto",
        "railway:preferred_direction": "forward",
        "voltage": "750"
      },
      "geometry": {
        "type": "LineString",
        "coordinates": [
          [
            0.0242381,
            51.5024753
          ],
          [
            0.0240317,
            51.5025114
          ],
          [
            0.0238613,
            51.5025344
          ],
          [
            0.0236789,
            51.5025528
          ],
          [
            0.0235057,
            51.5025685
          ],
          [
            0.0233259,
            51.5025912
          ],
          [
            0.0231531,
            51.5026244
          ],
          [
            0.0230006,
            51.5026619
          ],
          [
            0.0228277,
            51.5027123
          ],
          [
            0.022695,
            51.5027546
          ],
          [
            0.0218222,
            51.5030375
          ],
          [
            0.0216611,
            51.503089
          ]
        ]
      },
      "id": "way/1300454579"
    },
    {
      "type": "Feature",
      "properties": {
        "@id": "way/1300454582",
        "bridge": "viaduct",
        "electrified": "rail",
        "frequency": "0",
        "gauge": "1435",
        "layer": "1",
        "line": "Docklands Light Railway",
        "maxspeed": "80",
        "name": "Docklands Light Railway",
        "operator": "Keolis Amey Docklands",
        "operator:wikidata": "Q89212210",
        "railway": "light_rail",
        "railway:cbtc": "dto",
        "railway:preferred_direction": "forward",
        "voltage": "750"
      },
      "geometry": {
        "type": "LineString",
        "coordinates": [
          [
            0.0242582,
            51.5025068
          ],
          [
            0.0250009,
            51.5023652
          ],
          [
            0.0252036,
            51.5023308
          ],
          [
            0.0254063,
            51.5023003
          ]
        ]
      },
      "id": "way/1300454582"
    },
    {
      "type": "Feature",
      "properties": {
        "@id": "way/1300454583",
        "bridge": "viaduct",
        "electrified": "rail",
        "frequency": "0",
        "gauge": "1435",
        "layer": "1",
        "line": "Docklands Light Railway",
        "maxspeed": "80",
        "name": "Docklands Light Railway",
        "operator": "Keolis Amey Docklands",
        "operator:wikidata": "Q89212210",
        "railway": "light_rail",
        "railway:cbtc": "dto",
        "railway:preferred_direction": "forward",
        "voltage": "750"
      },
      "geometry": {
        "type": "LineString",
        "coordinates": [
          [
            0.025394,
            51.5022655
          ],
          [
            0.02519,
            51.5022968
          ],
          [
            0.0249859,
            51.5023307
          ],
          [
            0.0242381,
            51.5024753
          ]
        ]
      },
      "id": "way/1300454583"
    },
    {
      "type": "Feature",
      "properties": {
        "@id": "way/1300119411",
        "electrified": "rail",
        "frequency": "0",
        "gauge": "1435",
        "line": "Docklands Light Railway",
        "maxspeed": "70",
        "name": "Docklands Light Railway",
        "operator": "Keolis Amey Docklands",
        "operator:wikidata": "Q89212210",
        "railway": "light_rail",
        "railway:cbtc": "dto",
        "railway:preferred_direction": "forward",
        "voltage": "750"
      },
      "geometry": {
        "type": "LineString",
        "coordinates": [
          [
            0.0203531,
            51.5093817
          ],
          [
            0.0199214,
            51.5093685
          ],
          [
            0.0196489,
            51.5093566
          ],
          [
            0.0194028,
            51.5093411
          ],
          [
            0.0192596,
            51.5093278
          ],
          [
            0.0190816,
            51.5093078
          ],
          [
            0.0188775,
            51.5092816
          ]
        ]
      },
      "id": "way/1300119411"
    },
    {
      "type": "Feature",
      "properties": {
        "@id": "way/1300119412",
        "electrified": "rail",
        "frequency": "0",
        "gauge": "1435",
        "line": "Docklands Light Railway",
        "maxspeed": "70",
        "name": "Docklands Light Railway",
        "operator": "Keolis Amey Docklands",
        "operator:wikidata": "Q89212210",
        "railway": "light_rail",
        "railway:cbtc": "dto",
        "railway:preferred_direction": "forward",
        "voltage": "750"
      },
      "geometry": {
        "type": "LineString",
        "coordinates": [
          [
            0.0188675,
            51.5093105
          ],
          [
            0.0190721,
            51.509337
          ],
          [
            0.0192509,
            51.5093572
          ],
          [
            0.0193971,
            51.5093714
          ],
          [
            0.0196475,
            51.5093877
          ],
          [
            0.0199206,
            51.5093984
          ],
          [
            0.0201947,
            51.5094078
          ],
          [
            0.020742,
            51.5094248
          ]
        ]
      },
      "id": "way/1300119412"
    },
    {
      "type": "Feature",
      "properties": {
        "@id": "way/1300120692",
        "electrified": "rail",
        "frequency": "0",
        "gauge": "1435",
        "line": "Docklands Light Railway",
        "maxspeed": "50",
        "name": "Docklands Light Railway",
        "operator": "Keolis Amey Docklands",
        "operator:wikidata": "Q89212210",
        "railway": "light_rail",
        "railway:cbtc": "dto",
        "railway:preferred_direction": "forward",
        "voltage": "750"
      },
      "geometry": {
        "type": "LineString",
        "coordinates": [
          [
            0.0272482,
            51.5096039
          ],
          [
            0.0270102,
            51.5095951
          ],
          [
            0.0267721,
            51.5095903
          ],
          [
            0.0253894,
            51.5095953
          ],
          [
            0.0250807,
            51.5095965
          ],
          [
            0.0247392,
            51.5096032
          ]
        ]
      },
      "id": "way/1300120692"
    },
    {
      "type": "Feature",
      "properties": {
        "@id": "way/1300120693",
        "electrified": "rail",
        "frequency": "0",
        "gauge": "1435",
        "line": "Docklands Light Railway",
        "maxspeed": "50",
        "name": "Docklands Light Railway",
        "operator": "Keolis Amey Docklands",
        "operator:wikidata": "Q89212210",
        "railway": "light_rail",
        "railway:cbtc": "dto",
        "railway:preferred_direction": "forward",
        "voltage": "750"
      },
      "geometry": {
        "type": "LineString",
        "coordinates": [
          [
            0.0247468,
            51.5096944
          ],
          [
            0.0250851,
            51.5096969
          ],
          [
            0.0267542,
            51.5096907
          ],
          [
            0.0273808,
            51.5096906
          ]
        ]
      },
      "id": "way/1300120693"
    },
    {
      "type": "Feature",
      "properties": {
        "@id": "way/1300454580",
        "bridge": "viaduct",
        "electrified": "rail",
        "frequency": "0",
        "gauge": "1435",
        "layer": "1",
        "line": "Docklands Light Railway",
        "maxspeed": "70",
        "name": "Docklands Light Railway",
        "operator": "Keolis Amey Docklands",
        "operator:wikidata": "Q89212210",
        "railway": "light_rail",
        "railway:cbtc": "dto",
        "railway:preferred_direction": "forward",
        "voltage": "750"
      },
      "geometry": {
        "type": "LineString",
        "coordinates": [
          [
            0.0196351,
            51.5038236
          ],
          [
            0.0198947,
            51.503727
          ],
          [
            0.0201535,
            51.5036378
          ],
          [
            0.0214081,
            51.5032069
          ],
          [
            0.0216846,
            51.5031184
          ]
        ]
      },
      "id": "way/1300454580"
    },
    {
      "type": "Feature",
      "properties": {
        "@id": "way/1300454581",
        "bridge": "viaduct",
        "electrified": "rail",
        "frequency": "0",
        "gauge": "1435",
        "layer": "1",
        "line": "Docklands Light Railway",
        "maxspeed": "70",
        "name": "Docklands Light Railway",
        "operator": "Keolis Amey Docklands",
        "operator:wikidata": "Q89212210",
        "railway": "light_rail",
        "railway:cbtc": "dto",
        "railway:preferred_direction": "forward",
        "voltage": "750"
      },
      "geometry": {
        "type": "LineString",
        "coordinates": [
          [
            0.0216611,
            51.503089
          ],
          [
            0.0213824,
            51.5031764
          ],
          [
            0.0201292,
            51.503607
          ],
          [
            0.0198681,
            51.5036971
          ],
          [
            0.0196053,
            51.5037927
          ]
        ]
      },
      "id": "way/1300454581"
    },
    {
      "type": "Feature",
      "properties": {
        "@id": "way/1300454584",
        "bridge": "viaduct",
        "electrified": "rail",
        "frequency": "0",
        "gauge": "1435",
        "layer": "1",
        "line": "Docklands Light Railway",
        "maxspeed": "80",
        "name": "Docklands Light Railway",
        "operator": "Keolis Amey Docklands",
        "operator:wikidata": "Q89212210",
        "railway": "light_rail",
        "railway:cbtc": "dto",
        "railway:preferred_direction": "forward",
        "voltage": "750"
      },
      "geometry": {
        "type": "LineString",
        "coordinates": [
          [
            0.0254063,
            51.5023003
          ],
          [
            0.0256319,
            51.5022674
          ],
          [
            0.0258618,
            51.5022385
          ],
          [
            0.0261233,
            51.5022087
          ],
          [
            0.0263348,
            51.5021855
          ],
          [
            0.0265523,
            51.5021657
          ],
          [
            0.0267809,
            51.5021467
          ],
          [
            0.0270068,
            51.5021303
          ],
          [
            0.0272601,
            51.5021164
          ],
          [
            0.0274578,
            51.5021079
          ],
          [
            0.0276801,
            51.502101
          ],
          [
            0.0278921,
            51.5020956
          ],
          [
            0.0280929,
            51.5020928
          ],
          [
            0.0283504,
            51.5020917
          ],
          [
            0.0286079,
            51.502092
          ],
          [
            0.028879,
            51.5020957
          ],
          [
            0.0291635,
            51.5021048
          ],
          [
            0.0317732,
            51.5022169
          ]
        ]
      },
      "id": "way/1300454584"
    },
    {
      "type": "Feature",
      "properties": {
        "@id": "way/1300454585",
        "bridge": "viaduct",
        "electrified": "rail",
        "frequency": "0",
        "gauge": "1435",
        "layer": "1",
        "line": "Docklands Light Railway",
        "maxspeed": "80",
        "name": "Docklands Light Railway",
        "operator": "Keolis Amey Docklands",
        "operator:wikidata": "Q89212210",
        "railway": "light_rail",
        "railway:cbtc": "dto",
        "railway:preferred_direction": "forward",
        "voltage": "750"
      },
      "geometry": {
        "type": "LineString",
        "coordinates": [
          [
            0.0322964,
            51.5022062
          ],
          [
            0.0317752,
            51.5021829
          ],
          [
            0.0291727,
            51.5020698
          ],
          [
            0.0288833,
            51.502063
          ],
          [
            0.0286131,
            51.5020581
          ],
          [
            0.0283532,
            51.5020561
          ],
          [
            0.0280957,
            51.5020571
          ],
          [
            0.0278874,
            51.5020608
          ],
          [
            0.0276777,
            51.5020666
          ],
          [
            0.027455,
            51.5020736
          ],
          [
            0.0272583,
            51.502083
          ],
          [
            0.0270057,
            51.5020964
          ],
          [
            0.0267745,
            51.502113
          ],
          [
            0.0265433,
            51.5021319
          ],
          [
            0.0263257,
            51.5021512
          ],
          [
            0.0261017,
            51.5021744
          ],
          [
            0.0258501,
            51.5022028
          ],
          [
            0.02562,
            51.5022335
          ],
          [
            0.025394,
            51.5022655
          ]
        ]
      },
      "id": "way/1300454585"
    },
    {
      "type": "Feature",
      "properties": {
        "@id": "way/145444567",
        "electrified": "rail",
        "frequency": "0",
        "operator": "Keolis Amey Docklands",
        "operator:wikidata": "Q89212210",
        "railway": "light_rail",
        "service": "siding",
        "voltage": "750"
      },
      "geometry": {
        "type": "LineString",
        "coordinates": [
          [
            0.0154228,
            51.5090059
          ],
          [
            0.0155017,
            51.5090066
          ],
          [
            0.0155834,
            51.5090089
          ],
          [
            0.015689,
            51.5090141
          ],
          [
            0.0158574,
            51.5090293
          ],
          [
            0.016089,
            51.5090474
          ],
          [
            0.0162746,
            51.5090643
          ],
          [
            0.0165535,
            51.5090932
          ],
          [
            0.0167881,
            51.5091235
          ],
          [
            0.0170097,
            51.5091557
          ],
          [
            0.0172489,
            51.5091905
          ],
          [
            0.0176018,
            51.5092405
          ],
          [
            0.0180973,
            51.5093116
          ]
        ]
      },
      "id": "way/145444567"
    },
    {
      "type": "Feature",
      "properties": {
        "@id": "way/1300119407",
        "electrified": "rail",
        "frequency": "0",
        "gauge": "1435",
        "line": "Docklands Light Railway",
        "maxspeed": "60",
        "name": "Docklands Light Railway",
        "operator": "Keolis Amey Docklands",
        "operator:wikidata": "Q89212210",
        "railway": "light_rail",
        "railway:cbtc": "dto",
        "railway:preferred_direction": "forward",
        "voltage": "750"
      },
      "geometry": {
        "type": "LineString",
        "coordinates": [
          [
            0.0168094,
            51.5089896
          ],
          [
            0.0165866,
            51.508971
          ],
          [
            0.0163378,
            51.5089628
          ],
          [
            0.0160337,
            51.5089706
          ],
          [
            0.0156326,
            51.5089748
          ]
        ]
      },
      "id": "way/1300119407"
    },
    {
      "type": "Feature",
      "properties": {
        "@id": "way/1300119408",
        "electrified": "rail",
        "frequency": "0",
        "gauge": "1435",
        "line": "Docklands Light Railway",
        "maxspeed": "60",
        "name": "Docklands Light Railway",
        "operator": "Keolis Amey Docklands",
        "operator:wikidata": "Q89212210",
        "railway": "light_rail",
        "railway:cbtc": "dto",
        "railway:preferred_direction": "forward",
        "voltage": "750"
      },
      "geometry": {
        "type": "LineString",
        "coordinates": [
          [
            0.015283,
            51.5090082
          ],
          [
            0.0154228,
            51.5090059
          ],
          [
            0.0158487,
            51.5089965
          ],
          [
            0.0160856,
            51.5089928
          ],
          [
            0.0162492,
            51.5089936
          ],
          [
            0.0163831,
            51.5089978
          ],
          [
            0.0165264,
            51.5090034
          ],
          [
            0.0166793,
            51.5090141
          ],
          [
            0.0168264,
            51.5090274
          ]
        ]
      },
      "id": "way/1300119408"
    },
    {
      "type": "Feature",
      "properties": {
        "@id": "way/1300119409",
        "electrified": "rail",
        "frequency": "0",
        "gauge": "1435",
        "line": "Docklands Light Railway",
        "maxspeed": "50",
        "name": "Docklands Light Railway",
        "operator": "Keolis Amey Docklands",
        "operator:wikidata": "Q89212210",
        "railway": "light_rail",
        "railway:cbtc": "dto",
        "railway:preferred_direction": "forward",
        "voltage": "750"
      },
      "geometry": {
        "type": "LineString",
        "coordinates": [
          [
            0.0168264,
            51.5090274
          ],
          [
            0.0169953,
            51.509047
          ],
          [
            0.0181427,
            51.5092078
          ],
          [
            0.0188675,
            51.5093105
          ]
        ]
      },
      "id": "way/1300119409"
    },
    {
      "type": "Feature",
      "properties": {
        "@id": "way/1300119410",
        "electrified": "rail",
        "frequency": "0",
        "gauge": "1435",
        "line": "Docklands Light Railway",
        "maxspeed": "50",
        "name": "Docklands Light Railway",
        "operator": "Keolis Amey Docklands",
        "operator:wikidata": "Q89212210",
        "railway": "light_rail",
        "railway:cbtc": "dto",
        "railway:preferred_direction": "forward",
        "voltage": "750"
      },
      "geometry": {
        "type": "LineString",
        "coordinates": [
          [
            0.0188775,
            51.5092816
          ],
          [
            0.0175752,
            51.5090966
          ],
          [
            0.0171005,
            51.509028
          ],
          [
            0.0168094,
            51.5089896
          ]
        ]
      },
      "id": "way/1300119410"
    },
    {
      "type": "Feature",
      "properties": {
        "@id": "way/156792951",
        "electrified": "rail",
        "frequency": "0",
        "gauge": "1435",
        "line": "Docklands Light Railway",
        "maxspeed": "80",
        "name": "Docklands Light Railway",
        "operator": "Keolis Amey Docklands",
        "operator:wikidata": "Q89212210",
        "railway": "light_rail",
        "railway:cbtc": "dto",
        "railway:preferred_direction": "forward",
        "voltage": "750"
      },
      "geometry": {
        "type": "LineString",
        "coordinates": [
          [
            0.020742,
            51.5094248
          ],
          [
            0.0211414,
            51.5094392
          ],
          [
            0.0213028,
            51.5094463
          ],
          [
            0.0214617,
            51.5094565
          ],
          [
            0.0216196,
            51.5094695
          ],
          [
            0.0219512,
            51.5095032
          ],
          [
            0.0226135,
            51.5095762
          ],
          [
            0.0228947,
            51.5096053
          ],
          [
            0.0231782,
            51.5096293
          ],
          [
            0.0233865,
            51.5096452
          ],
          [
            0.0236564,
            51.50966
          ],
          [
            0.0238958,
            51.509671
          ],
          [
            0.0241365,
            51.5096799
          ],
          [
            0.0244296,
            51.509689
          ],
          [
            0.0247468,
            51.5096944
          ]
        ]
      },
      "id": "way/156792951"
    },
    {
      "type": "Feature",
      "properties": {
        "@id": "way/170169190",
        "electrified": "rail",
        "frequency": "0",
        "gauge": "1435",
        "line": "Docklands Light Railway",
        "maxspeed": "30",
        "name": "Docklands Light Railway",
        "operator": "Keolis Amey Docklands",
        "operator:wikidata": "Q89212210",
        "railway": "light_rail",
        "railway:cbtc": "dto",
        "railway:preferred_direction": "forward",
        "service": "crossover",
        "voltage": "750"
      },
      "geometry": {
        "type": "LineString",
        "coordinates": [
          [
            0.0203531,
            51.5093817
          ],
          [
            0.0204632,
            51.5093913
          ],
          [
            0.0206485,
            51.5094155
          ],
          [
            0.020742,
            51.5094248
          ]
        ]
      },
      "id": "way/170169190"
    },
    {
      "type": "Feature",
      "properties": {
        "@id": "way/655780513",
        "electrified": "rail",
        "frequency": "0",
        "gauge": "1435",
        "line": "Docklands Light Railway",
        "maxspeed": "80",
        "name": "Docklands Light Railway",
        "operator": "Keolis Amey Docklands",
        "operator:wikidata": "Q89212210",
        "railway": "light_rail",
        "railway:cbtc": "dto",
        "railway:preferred_direction": "forward",
        "voltage": "750"
      },
      "geometry": {
        "type": "LineString",
        "coordinates": [
          [
            0.0247392,
            51.5096032
          ],
          [
            0.0244249,
            51.5096124
          ],
          [
            0.0241422,
            51.5096191
          ],
          [
            0.0238983,
            51.5096211
          ],
          [
            0.0236548,
            51.5096187
          ],
          [
            0.0233938,
            51.5096093
          ],
          [
            0.0231808,
            51.5095971
          ],
          [
            0.0228984,
            51.5095744
          ],
          [
            0.0226232,
            51.5095468
          ],
          [
            0.0219609,
            51.5094728
          ],
          [
            0.0216259,
            51.5094395
          ],
          [
            0.0214701,
            51.5094275
          ],
          [
            0.0213088,
            51.5094171
          ],
          [
            0.0211474,
            51.5094091
          ],
          [
            0.0208472,
            51.5093978
          ],
          [
            0.0207465,
            51.5093947
          ],
          [
            0.0203531,
            51.5093817
          ]
        ]
      },
      "id": "way/655780513"
    },
    {
      "type": "Feature",
      "properties": {
        "@id": "way/1300454568",
        "electrified": "rail",
        "frequency": "0",
        "gauge": "1435",
        "layer": "-1",
        "line": "Docklands Light Railway",
        "maxspeed": "70",
        "name": "Docklands Light Railway",
        "operator": "Keolis Amey Docklands",
        "operator:wikidata": "Q89212210",
        "railway": "light_rail",
        "railway:cbtc": "dto",
        "railway:preferred_direction": "forward",
        "voltage": "750"
      },
      "geometry": {
        "type": "LineString",
        "coordinates": [
          [
            0.0047151,
            51.5185796
          ],
          [
            0.0046257,
            51.5188296
          ],
          [
            0.0045223,
            51.5191238
          ],
          [
            0.0044796,
            51.5192666
          ],
          [
            0.0044289,
            51.5194605
          ]
        ]
      },
      "id": "way/1300454568"
    },
    {
      "type": "Feature",
      "properties": {
        "@id": "way/1300454569",
        "electrified": "rail",
        "frequency": "0",
        "gauge": "1435",
        "layer": "-1",
        "line": "Docklands Light Railway",
        "maxspeed": "70",
        "name": "Docklands Light Railway",
        "operator": "Keolis Amey Docklands",
        "operator:wikidata": "Q89212210",
        "railway": "light_rail",
        "railway:cbtc": "dto",
        "railway:preferred_direction": "forward",
        "voltage": "750"
      },
      "geometry": {
        "type": "LineString",
        "coordinates": [
          [
            0.0045253,
            51.5196843
          ],
          [
            0.0045726,
            51.5192747
          ],
          [
            0.0045913,
            51.5191316
          ],
          [
            0.0046179,
            51.5190165
          ],
          [
            0.0046439,
            51.5189234
          ],
          [
            0.0046716,
            51.5188345
          ],
          [
            0.0047591,
            51.5185874
          ]
        ]
      },
      "id": "way/1300454569"
    },
    {
      "type": "Feature",
      "properties": {
        "@id": "way/431468577",
        "electrified": "rail",
        "frequency": "0",
        "gauge": "1435",
        "layer": "-1",
        "line": "Docklands Light Railway",
        "maxspeed": "80",
        "name": "Docklands Light Railway",
        "operator": "Keolis Amey Docklands",
        "operator:wikidata": "Q89212210",
        "railway": "light_rail",
        "railway:cbtc": "dto",
        "railway:preferred_direction": "forward",
        "voltage": "750"
      },
      "geometry": {
        "type": "LineString",
        "coordinates": [
          [
            0.0047591,
            51.5185874
          ],
          [
            0.0048265,
            51.5184027
          ],
          [
            0.0048953,
            51.5182183
          ],
          [
            0.0050074,
            51.5179483
          ],
          [
            0.0051355,
            51.5176824
          ],
          [
            0.0053135,
            51.5173656
          ],
          [
            0.0054592,
            51.5171284
          ],
          [
            0.0056039,
            51.5169125
          ],
          [
            0.0057415,
            51.5167164
          ],
          [
            0.0058912,
            51.5165214
          ],
          [
            0.0062985,
            51.5160045
          ],
          [
            0.0066873,
            51.5155236
          ],
          [
            0.0067908,
            51.5154046
          ],
          [
            0.0069071,
            51.5152834
          ],
          [
            0.0070296,
            51.5151685
          ],
          [
            0.0071662,
            51.5150502
          ]
        ]
      },
      "id": "way/431468577"
    },
    {
      "type": "Feature",
      "properties": {
        "@id": "way/1257326983",
        "electrified": "rail",
        "frequency": "0",
        "gauge": "1435",
        "layer": "-1",
        "line": "Docklands Light Railway",
        "maxspeed": "50",
        "name": "Docklands Light Railway",
        "operator": "Keolis Amey Docklands",
        "operator:wikidata": "Q89212210",
        "railway": "light_rail",
        "railway:cbtc": "dto",
        "railway:preferred_direction": "forward",
        "voltage": "750"
      },
      "geometry": {
        "type": "LineString",
        "coordinates": [
          [
            0.0046736,
            51.5278717
          ],
          [
            0.004682,
            51.5276327
          ],
          [
            0.0047034,
            51.5270191
          ],
          [
            0.0047067,
            51.5269354
          ],
          [
            0.0047151,
            51.5266974
          ],
          [
            0.004725,
            51.526484
          ],
          [
            0.0047347,
            51.5261912
          ],
          [
            0.0047417,
            51.5258984
          ]
        ]
      },
      "id": "way/1257326983"
    },
    {
      "type": "Feature",
      "properties": {
        "@id": "way/1257326984",
        "electrified": "rail",
        "frequency": "0",
        "gauge": "1435",
        "layer": "-1",
        "line": "Docklands Light Railway",
        "maxspeed": "80",
        "name": "Docklands Light Railway",
        "operator": "Keolis Amey Docklands",
        "operator:wikidata": "Q89212210",
        "railway": "light_rail",
        "railway:cbtc": "dto",
        "railway:preferred_direction": "forward",
        "voltage": "750"
      },
      "geometry": {
        "type": "LineString",
        "coordinates": [
          [
            0.0071256,
            51.5150376
          ],
          [
            0.0069889,
            51.5151553
          ],
          [
            0.0068684,
            51.5152708
          ],
          [
            0.0067513,
            51.51539
          ],
          [
            0.0066437,
            51.5155123
          ],
          [
            0.006257,
            51.5159886
          ],
          [
            0.0058439,
            51.516508
          ],
          [
            0.0056972,
            51.5167046
          ],
          [
            0.0055573,
            51.5169011
          ],
          [
            0.0054122,
            51.5171158
          ],
          [
            0.0052676,
            51.5173518
          ],
          [
            0.0050879,
            51.5176738
          ],
          [
            0.0049623,
            51.5179386
          ],
          [
            0.0048461,
            51.5182085
          ],
          [
            0.0047775,
            51.5183969
          ],
          [
            0.0047151,
            51.5185796
          ]
        ]
      },
      "id": "way/1257326984"
    },
    {
      "type": "Feature",
      "properties": {
        "@id": "way/1257326985",
        "electrified": "rail",
        "frequency": "0",
        "gauge": "1435",
        "layer": "-1",
        "line": "Docklands Light Railway",
        "maxspeed": "50",
        "name": "Docklands Light Railway",
        "operator": "Keolis Amey Docklands",
        "operator:wikidata": "Q89212210",
        "railway": "light_rail",
        "railway:cbtc": "dto",
        "railway:preferred_direction": "forward",
        "voltage": "750"
      },
      "geometry": {
        "type": "LineString",
        "coordinates": [
          [
            0.0045873,
            51.5264796
          ],
          [
            0.0045724,
            51.5266952
          ],
          [
            0.0045643,
            51.5269333
          ],
          [
            0.0045318,
            51.5276309
          ],
          [
            0.0045289,
            51.5276957
          ]
        ]
      },
      "id": "way/1257326985"
    },
    {
      "type": "Feature",
      "properties": {
        "@id": "way/1300119405",
        "electrified": "rail",
        "frequency": "0",
        "gauge": "1435",
        "line": "Docklands Light Railway",
        "maxspeed": "40",
        "name": "Docklands Light Railway",
        "operator": "Keolis Amey Docklands",
        "operator:wikidata": "Q89212210",
        "railway": "light_rail",
        "railway:cbtc": "dto",
        "railway:preferred_direction": "forward",
        "voltage": "750"
      },
      "geometry": {
        "type": "LineString",
        "coordinates": [
          [
            0.0072449,
            51.5146517
          ],
          [
            0.0071228,
            51.5147075
          ],
          [
            0.007043,
            51.5147335
          ],
          [
            0.0069561,
            51.5147602
          ],
          [
            0.006864,
            51.5147774
          ],
          [
            0.0067646,
            51.5147919
          ],
          [
            0.0066566,
            51.5147991
          ],
          [
            0.0065457,
            51.5147975
          ],
          [
            0.0064384,
            51.514793
          ],
          [
            0.0062916,
            51.5147774
          ],
          [
            0.0062013,
            51.5147602
          ],
          [
            0.0061074,
            51.5147346
          ],
          [
            0.0059814,
            51.5146946
          ]
        ]
      },
      "id": "way/1300119405"
    },
    {
      "type": "Feature",
      "properties": {
        "@id": "way/1300119406",
        "electrified": "rail",
        "frequency": "0",
        "gauge": "1435",
        "line": "Docklands Light Railway",
        "maxspeed": "40",
        "name": "Docklands Light Railway",
        "operator": "Keolis Amey Docklands",
        "operator:wikidata": "Q89212210",
        "railway": "light_rail",
        "railway:cbtc": "dto",
        "railway:preferred_direction": "forward",
        "voltage": "750"
      },
      "geometry": {
        "type": "LineString",
        "coordinates": [
          [
            0.0059713,
            51.5147264
          ],
          [
            0.0060686,
            51.5147601
          ],
          [
            0.0061612,
            51.514785
          ],
          [
            0.0062686,
            51.5148091
          ],
          [
            0.0063688,
            51.5148252
          ],
          [
            0.0064438,
            51.5148329
          ],
          [
            0.0065417,
            51.5148412
          ],
          [
            0.0066591,
            51.5148429
          ],
          [
            0.0067486,
            51.5148396
          ],
          [
            0.0068455,
            51.5148325
          ],
          [
            0.0069266,
            51.5148208
          ],
          [
            0.0070189,
            51.514802
          ],
          [
            0.0071575,
            51.5147654
          ]
        ]
      },
      "id": "way/1300119406"
    },
    {
      "type": "Feature",
      "properties": {
        "@id": "way/1300454566",
        "electrified": "rail",
        "frequency": "0",
        "gauge": "1435",
        "layer": "-1",
        "line": "Docklands Light Railway",
        "maxspeed": "50",
        "name": "Docklands Light Railway",
        "operator": "Keolis Amey Docklands",
        "operator:wikidata": "Q89212210",
        "railway": "light_rail",
        "railway:cbtc": "dto",
        "railway:preferred_direction": "forward",
        "tunnel": "no",
        "voltage": "750"
      },
      "geometry": {
        "type": "LineString",
        "coordinates": [
          [
            0.0044289,
            51.5194605
          ],
          [
            0.0043847,
            51.5196746
          ],
          [
            0.0043275,
            51.5199872
          ],
          [
            0.0042983,
            51.5201766
          ],
          [
            0.0042052,
            51.5208176
          ],
          [
            0.0041871,
            51.5210214
          ],
          [
            0.0041767,
            51.521189
          ],
          [
            0.0041709,
            51.5213515
          ],
          [
            0.0041765,
            51.5215242
          ]
        ]
      },
      "id": "way/1300454566"
    },
    {
      "type": "Feature",
      "properties": {
        "@id": "way/1300454567",
        "electrified": "rail",
        "frequency": "0",
        "gauge": "1435",
        "layer": "-1",
        "line": "Docklands Light Railway",
        "maxspeed": "50",
        "name": "Docklands Light Railway",
        "operator": "Keolis Amey Docklands",
        "operator:wikidata": "Q89212210",
        "railway": "light_rail",
        "railway:cbtc": "dto",
        "railway:preferred_direction": "forward",
        "voltage": "750"
      },
      "geometry": {
        "type": "LineString",
        "coordinates": [
          [
            0.0042982,
            51.5211938
          ],
          [
            0.0043341,
            51.5210194
          ],
          [
            0.0043664,
            51.5208238
          ],
          [
            0.0044592,
            51.5201844
          ],
          [
            0.0044867,
            51.5199998
          ],
          [
            0.004506,
            51.5198423
          ],
          [
            0.0045253,
            51.5196843
          ]
        ]
      },
      "id": "way/1300454567"
    },
    {
      "type": "Feature",
      "properties": {
        "@id": "way/163558971",
        "electrified": "rail",
        "frequency": "0",
        "gauge": "1435",
        "layer": "-1",
        "line": "Docklands Light Railway",
        "maxspeed": "30",
        "name": "Docklands Light Railway",
        "operator": "Keolis Amey Docklands",
        "operator:wikidata": "Q89212210",
        "railway": "light_rail",
        "railway:cbtc": "dto",
        "railway:preferred_direction": "forward",
        "service": "crossover",
        "voltage": "750"
      },
      "geometry": {
        "type": "LineString",
        "coordinates": [
          [
            0.0045873,
            51.5264796
          ],
          [
            0.0045922,
            51.5264422
          ],
          [
            0.0046025,
            51.5263992
          ],
          [
            0.0046134,
            51.5263615
          ],
          [
            0.0047156,
            51.5260377
          ],
          [
            0.0047287,
            51.5259872
          ],
          [
            0.0047372,
            51.5259428
          ],
          [
            0.0047417,
            51.5258984
          ]
        ]
      },
      "id": "way/163558971"
    },
    {
      "type": "Feature",
      "properties": {
        "@id": "way/1257326986",
        "electrified": "rail",
        "frequency": "0",
        "gauge": "1435",
        "line": "Docklands Light Railway",
        "maxspeed": "80",
        "name": "Docklands Light Railway",
        "operator": "Keolis Amey Docklands",
        "operator:wikidata": "Q89212210",
        "railway": "light_rail",
        "railway:cbtc": "dto",
        "railway:preferred_direction": "forward",
        "voltage": "750"
      },
      "geometry": {
        "type": "LineString",
        "coordinates": [
          [
            0.0047417,
            51.5258984
          ],
          [
            0.0047404,
            51.52564
          ]
        ]
      },
      "id": "way/1257326986"
    },
    {
      "type": "Feature",
      "properties": {
        "@id": "way/1300454562",
        "electrified": "rail",
        "frequency": "0",
        "gauge": "1435",
        "layer": "-1",
        "line": "Docklands Light Railway",
        "maxspeed": "80",
        "name": "Docklands Light Railway",
        "operator": "Keolis Amey Docklands",
        "operator:wikidata": "Q89212210",
        "railway": "light_rail",
        "railway:cbtc": "dto",
        "railway:preferred_direction": "forward",
        "voltage": "750"
      },
      "geometry": {
        "type": "LineString",
        "coordinates": [
          [
            0.0044505,
            51.5235776
          ],
          [
            0.004617,
            51.5247887
          ],
          [
            0.0046363,
            51.5249913
          ],
          [
            0.0046496,
            51.5251938
          ],
          [
            0.0046508,
            51.5253052
          ],
          [
            0.00465,
            51.5254154
          ],
          [
            0.0046489,
            51.5255255
          ],
          [
            0.0046473,
            51.5256387
          ],
          [
            0.0046316,
            51.5258957
          ],
          [
            0.0045873,
            51.5264796
          ]
        ]
      },
      "id": "way/1300454562"
    },
    {
      "type": "Feature",
      "properties": {
        "@id": "way/1300454563",
        "electrified": "rail",
        "frequency": "0",
        "gauge": "1435",
        "layer": "-1",
        "line": "Docklands Light Railway",
        "maxspeed": "80",
        "name": "Docklands Light Railway",
        "operator": "Keolis Amey Docklands",
        "operator:wikidata": "Q89212210",
        "railway": "light_rail",
        "railway:cbtc": "dto",
        "railway:preferred_direction": "forward",
        "voltage": "750"
      },
      "geometry": {
        "type": "LineString",
        "coordinates": [
          [
            0.0047404,
            51.52564
          ],
          [
            0.0047386,
            51.525529
          ],
          [
            0.0047328,
            51.5254167
          ],
          [
            0.0047225,
            51.5253054
          ],
          [
            0.0047102,
            51.5251941
          ],
          [
            0.0046884,
            51.5249885
          ],
          [
            0.0046606,
            51.5247891
          ],
          [
            0.0044913,
            51.523577
          ]
        ]
      },
      "id": "way/1300454563"
    },
    {
      "type": "Feature",
      "properties": {
        "@id": "way/1300454564",
        "electrified": "rail",
        "frequency": "0",
        "gauge": "1435",
        "layer": "-1",
        "line": "Docklands Light Railway",
        "maxspeed": "60",
        "name": "Docklands Light Railway",
        "operator": "Keolis Amey Docklands",
        "operator:wikidata": "Q89212210",
        "railway": "light_rail",
        "railway:cbtc": "dto",
        "railway:preferred_direction": "forward",
        "voltage": "750"
      },
      "geometry": {
        "type": "LineString",
        "coordinates": [
          [
            0.0044913,
            51.523577
          ],
          [
            0.0042699,
            51.5218784
          ],
          [
            0.0042526,
            51.5217042
          ],
          [
            0.0042453,
            51.5215246
          ],
          [
            0.0042643,
            51.5213489
          ],
          [
            0.0042982,
            51.5211938
          ]
        ]
      },
      "id": "way/1300454564"
    },
    {
      "type": "Feature",
      "properties": {
        "@id": "way/1300454565",
        "electrified": "rail",
        "frequency": "0",
        "gauge": "1435",
        "layer": "-1",
        "line": "Docklands Light Railway",
        "maxspeed": "60",
        "name": "Docklands Light Railway",
        "operator": "Keolis Amey Docklands",
        "operator:wikidata": "Q89212210",
        "railway": "light_rail",
        "railway:cbtc": "dto",
        "railway:preferred_direction": "forward",
        "voltage": "750"
      },
      "geometry": {
        "type": "LineString",
        "coordinates": [
          [
            0.0041765,
            51.5215242
          ],
          [
            0.0041907,
            51.5217094
          ],
          [
            0.0042119,
            51.5218806
          ],
          [
            0.0044505,
            51.5235776
          ]
        ]
      },
      "id": "way/1300454565"
    },
    {
      "type": "Feature",
      "properties": {
        "@id": "way/163561004",
        "bridge": "viaduct",
        "electrified": "rail",
        "frequency": "0",
        "gauge": "1435",
        "layer": "1",
        "line": "Docklands Light Railway",
        "maxspeed": "30",
        "name": "Docklands Light Railway",
        "operator": "Keolis Amey Docklands",
        "operator:wikidata": "Q89212210",
        "railway": "light_rail",
        "railway:cbtc": "dto",
        "railway:preferred_direction": "forward",
        "source": "Yahoo Tracing",
        "voltage": "750"
      },
      "geometry": {
        "type": "LineString",
        "coordinates": [
          [
            0.0317732,
            51.5022169
          ],
          [
            0.0318241,
            51.5022181
          ],
          [
            0.0318771,
            51.5022178
          ],
          [
            0.0319391,
            51.5022154
          ],
          [
            0.0321077,
            51.5022076
          ],
          [
            0.032177,
            51.5022056
          ],
          [
            0.0322367,
            51.502205
          ],
          [
            0.0322964,
            51.5022062
          ]
        ]
      },
      "id": "way/163561004"
    },
    {
      "type": "Feature",
      "properties": {
        "@id": "way/4598858",
        "bridge": "viaduct",
        "electrified": "rail",
        "frequency": "0",
        "gauge": "1435",
        "layer": "1",
        "line": "Docklands Light Railway",
        "maxspeed": "60",
        "name": "Docklands Light Railway",
        "operator": "Keolis Amey Docklands",
        "operator:wikidata": "Q89212210",
        "railway": "light_rail",
        "railway:cbtc": "dto",
        "railway:preferred_direction": "forward",
        "voltage": "750"
      },
      "geometry": {
        "type": "LineString",
        "coordinates": [
          [
            0.0407601,
            51.5036088
          ],
          [
            0.0403175,
            51.5033327
          ],
          [
            0.0396934,
            51.5029513
          ],
          [
            0.0395836,
            51.5028823
          ],
          [
            0.0394574,
            51.5028101
          ],
          [
            0.0393132,
            51.5027374
          ],
          [
            0.0391946,
            51.5026839
          ],
          [
            0.0390561,
            51.502629
          ],
          [
            0.0389296,
            51.5025827
          ],
          [
            0.0387725,
            51.5025359
          ],
          [
            0.0385994,
            51.502491
          ],
          [
            0.0384285,
            51.5024531
          ],
          [
            0.0382569,
            51.5024244
          ],
          [
            0.0380798,
            51.5024018
          ],
          [
            0.0378849,
            51.502386
          ],
          [
            0.0376877,
            51.5023794
          ],
          [
            0.0375012,
            51.5023804
          ],
          [
            0.0372766,
            51.5023895
          ],
          [
            0.0370537,
            51.502402
          ],
          [
            0.0368339,
            51.5024144
          ],
          [
            0.0365962,
            51.5024264
          ],
          [
            0.0363944,
            51.5024312
          ],
          [
            0.0361993,
            51.5024323
          ],
          [
            0.0359959,
            51.5024307
          ],
          [
            0.0357991,
            51.5024244
          ],
          [
            0.0355928,
            51.5024139
          ],
          [
            0.035388,
            51.5024034
          ],
          [
            0.035183,
            51.5023848
          ],
          [
            0.0349835,
            51.5023664
          ],
          [
            0.0347452,
            51.5023401
          ],
          [
            0.0345015,
            51.5023169
          ],
          [
            0.0342921,
            51.5022994
          ],
          [
            0.0340664,
            51.5022859
          ]
        ]
      },
      "id": "way/4598858"
    },
    {
      "type": "Feature",
      "properties": {
        "@id": "way/170167847",
        "bridge": "viaduct",
        "electrified": "rail",
        "frequency": "0",
        "gauge": "1435",
        "layer": "1",
        "line": "Docklands Light Railway",
        "maxspeed": "60",
        "name": "Docklands Light Railway",
        "operator": "Keolis Amey Docklands",
        "operator:wikidata": "Q89212210",
        "railway": "light_rail",
        "railway:cbtc": "dto",
        "railway:preferred_direction": "forward",
        "voltage": "750"
      },
      "geometry": {
        "type": "LineString",
        "coordinates": [
          [
            0.034062,
            51.502319
          ],
          [
            0.0342824,
            51.5023319
          ],
          [
            0.0344944,
            51.5023489
          ],
          [
            0.0347368,
            51.5023728
          ],
          [
            0.0349774,
            51.502398
          ],
          [
            0.0351726,
            51.5024182
          ],
          [
            0.0353842,
            51.5024354
          ],
          [
            0.0355875,
            51.502448
          ],
          [
            0.0357899,
            51.5024576
          ],
          [
            0.0359924,
            51.5024643
          ],
          [
            0.0361937,
            51.5024671
          ],
          [
            0.0363983,
            51.5024651
          ],
          [
            0.036603,
            51.502461
          ],
          [
            0.0368379,
            51.5024505
          ],
          [
            0.0370534,
            51.5024392
          ],
          [
            0.0372851,
            51.5024232
          ],
          [
            0.0375038,
            51.502413
          ],
          [
            0.0376889,
            51.5024132
          ],
          [
            0.0378787,
            51.5024206
          ],
          [
            0.0380669,
            51.5024353
          ],
          [
            0.0382449,
            51.5024589
          ],
          [
            0.0384135,
            51.5024863
          ],
          [
            0.0385731,
            51.5025213
          ],
          [
            0.0387459,
            51.5025663
          ],
          [
            0.0389032,
            51.5026141
          ],
          [
            0.0390256,
            51.5026582
          ],
          [
            0.0391587,
            51.5027084
          ],
          [
            0.039281,
            51.5027638
          ],
          [
            0.0394258,
            51.5028372
          ],
          [
            0.039542,
            51.5029042
          ],
          [
            0.0396585,
            51.5029742
          ],
          [
            0.0402761,
            51.5033564
          ],
          [
            0.0407192,
            51.5036316
          ]
        ]
      },
      "id": "way/170167847"
    },
    {
      "type": "Feature",
      "properties": {
        "@id": "way/1300120698",
        "bridge": "viaduct",
        "electrified": "rail",
        "frequency": "0",
        "gauge": "1435",
        "layer": "1",
        "line": "Docklands Light Railway",
        "maxspeed": "50",
        "name": "Docklands Light Railway",
        "operator": "Keolis Amey Docklands",
        "operator:wikidata": "Q89212210",
        "railway": "light_rail",
        "railway:cbtc": "dto",
        "railway:preferred_direction": "forward",
        "voltage": "750"
      },
      "geometry": {
        "type": "LineString",
        "coordinates": [
          [
            0.0325248,
            51.5096229
          ],
          [
            0.0336563,
            51.5094912
          ],
          [
            0.0340653,
            51.5094431
          ]
        ]
      },
      "id": "way/1300120698"
    },
    {
      "type": "Feature",
      "properties": {
        "@id": "way/1300120699",
        "bridge": "viaduct",
        "electrified": "rail",
        "frequency": "0",
        "gauge": "1435",
        "layer": "1",
        "line": "Docklands Light Railway",
        "maxspeed": "50",
        "name": "Docklands Light Railway",
        "operator": "Keolis Amey Docklands",
        "operator:wikidata": "Q89212210",
        "railway": "light_rail",
        "railway:cbtc": "dto",
        "railway:preferred_direction": "forward",
        "voltage": "750"
      },
      "geometry": {
        "type": "LineString",
        "coordinates": [
          [
            0.0340331,
            51.5093244
          ],
          [
            0.0325735,
            51.5094946
          ],
          [
            0.0324901,
            51.5095055
          ]
        ]
      },
      "id": "way/1300120699"
    },
    {
      "type": "Feature",
      "properties": {
        "@id": "way/1300120702",
        "bridge": "yes",
        "electrified": "rail",
        "frequency": "0",
        "gauge": "1435",
        "layer": "1",
        "line": "Docklands Light Railway",
        "maxspeed": "80",
        "name": "Docklands Light Railway",
        "operator": "Keolis Amey Docklands",
        "operator:wikidata": "Q89212210",
        "railway": "light_rail",
        "railway:cbtc": "dto",
        "railway:preferred_direction": "forward",
        "voltage": "750"
      },
      "geometry": {
        "type": "LineString",
        "coordinates": [
          [
            0.0383235,
            51.5081323
          ],
          [
            0.0386288,
            51.5081198
          ],
          [
            0.0389556,
            51.5081103
          ],
          [
            0.0399373,
            51.5080789
          ]
        ]
      },
      "id": "way/1300120702"
    },
    {
      "type": "Feature",
      "properties": {
        "@id": "way/1300120703",
        "bridge": "yes",
        "electrified": "rail",
        "frequency": "0",
        "gauge": "1435",
        "layer": "1",
        "line": "Docklands Light Railway",
        "maxspeed": "80",
        "name": "Docklands Light Railway",
        "operator": "Keolis Amey Docklands",
        "operator:wikidata": "Q89212210",
        "railway": "light_rail",
        "railway:cbtc": "dto",
        "railway:preferred_direction": "forward",
        "voltage": "750"
      },
      "geometry": {
        "type": "LineString",
        "coordinates": [
          [
            0.0399349,
            51.5080525
          ],
          [
            0.0392514,
            51.5080733
          ],
          [
            0.0389278,
            51.5080835
          ],
          [
            0.0386364,
            51.5080928
          ],
          [
            0.0383191,
            51.5081047
          ]
        ]
      },
      "id": "way/1300120703"
    },
    {
      "type": "Feature",
      "properties": {
        "@id": "way/1300454586",
        "bridge": "viaduct",
        "electrified": "rail",
        "frequency": "0",
        "gauge": "1435",
        "layer": "1",
        "line": "Docklands Light Railway",
        "maxspeed": "40",
        "name": "Docklands Light Railway",
        "operator": "Keolis Amey Docklands",
        "operator:wikidata": "Q89212210",
        "railway": "light_rail",
        "railway:cbtc": "dto",
        "railway:preferred_direction": "forward",
        "voltage": "750"
      },
      "geometry": {
        "type": "LineString",
        "coordinates": [
          [
            0.0317732,
            51.5022169
          ],
          [
            0.0322943,
            51.5022397
          ],
          [
            0.03271,
            51.5022595
          ],
          [
            0.0337457,
            51.5023057
          ],
          [
            0.034062,
            51.502319
          ]
        ]
      },
      "id": "way/1300454586"
    },
    {
      "type": "Feature",
      "properties": {
        "@id": "way/1300454587",
        "bridge": "viaduct",
        "electrified": "rail",
        "frequency": "0",
        "gauge": "1435",
        "layer": "1",
        "line": "Docklands Light Railway",
        "maxspeed": "40",
        "name": "Docklands Light Railway",
        "operator": "Keolis Amey Docklands",
        "operator:wikidata": "Q89212210",
        "railway": "light_rail",
        "railway:cbtc": "dto",
        "railway:preferred_direction": "forward",
        "voltage": "750"
      },
      "geometry": {
        "type": "LineString",
        "coordinates": [
          [
            0.0340664,
            51.5022859
          ],
          [
            0.0337484,
            51.5022731
          ],
          [
            0.0327128,
            51.502225
          ],
          [
            0.0322964,
            51.5022062
          ]
        ]
      },
      "id": "way/1300454587"
    },
    {
      "type": "Feature",
      "properties": {
        "@id": "way/170169181",
        "electrified": "rail",
        "frequency": "0",
        "gauge": "1435",
        "line": "Docklands Light Railway",
        "maxspeed": "65",
        "name": "Docklands Light Railway",
        "operator": "Keolis Amey Docklands",
        "operator:wikidata": "Q89212210",
        "railway": "light_rail",
        "railway:cbtc": "dto",
        "railway:preferred_direction": "forward",
        "voltage": "750"
      },
      "geometry": {
        "type": "LineString",
        "coordinates": [
          [
            0.029247,
            51.5096906
          ],
          [
            0.0288225,
            51.5096896
          ],
          [
            0.0284672,
            51.5096832
          ],
          [
            0.028251,
            51.5096746
          ],
          [
            0.0280355,
            51.5096605
          ],
          [
            0.0276037,
            51.509628
          ],
          [
            0.0272482,
            51.5096039
          ]
        ]
      },
      "id": "way/170169181"
    },
    {
      "type": "Feature",
      "properties": {
        "@id": "way/170169187",
        "electrified": "rail",
        "frequency": "0",
        "gauge": "1435",
        "line": "Docklands Light Railway",
        "maxspeed": "70",
        "name": "Docklands Light Railway",
        "operator": "Keolis Amey Docklands",
        "operator:wikidata": "Q89212210",
        "railway": "light_rail",
        "railway:cbtc": "dto",
        "railway:preferred_direction": "forward",
        "voltage": "750"
      },
      "geometry": {
        "type": "LineString",
        "coordinates": [
          [
            0.0292051,
            51.5097438
          ],
          [
            0.0295415,
            51.5097551
          ],
          [
            0.0297561,
            51.5097589
          ],
          [
            0.0299749,
            51.5097585
          ],
          [
            0.0302806,
            51.5097512
          ],
          [
            0.0305457,
            51.5097418
          ],
          [
            0.030734,
            51.5097359
          ],
          [
            0.0311917,
            51.5097212
          ]
        ]
      },
      "id": "way/170169187"
    },
    {
      "type": "Feature",
      "properties": {
        "@id": "way/170169201",
        "electrified": "rail",
        "frequency": "0",
        "gauge": "1435",
        "line": "Docklands Light Railway",
        "maxspeed": "40",
        "name": "Docklands Light Railway",
        "operator": "Keolis Amey Docklands",
        "operator:wikidata": "Q89212210",
        "railway": "light_rail",
        "railway:cbtc": "dto",
        "railway:preferred_direction": "forward",
        "service": "crossover",
        "voltage": "750"
      },
      "geometry": {
        "type": "LineString",
        "coordinates": [
          [
            0.0305457,
            51.5097418
          ],
          [
            0.0300637,
            51.5097333
          ],
          [
            0.0297565,
            51.5097244
          ],
          [
            0.0294962,
            51.5097099
          ],
          [
            0.029247,
            51.5096906
          ]
        ]
      },
      "id": "way/170169201"
    },
    {
      "type": "Feature",
      "properties": {
        "@id": "way/170169202",
        "electrified": "rail",
        "frequency": "0",
        "gauge": "1435",
        "line": "Docklands Light Railway",
        "maxspeed": "40",
        "name": "Docklands Light Railway",
        "operator": "Keolis Amey Docklands",
        "operator:wikidata": "Q89212210",
        "railway": "light_rail",
        "railway:cbtc": "dto",
        "railway:preferred_direction": "forward",
        "service": "crossover",
        "voltage": "750"
      },
      "geometry": {
        "type": "LineString",
        "coordinates": [
          [
            0.0292051,
            51.5097438
          ],
          [
            0.0295039,
            51.5097369
          ],
          [
            0.0297565,
            51.5097244
          ],
          [
            0.0300311,
            51.5097081
          ],
          [
            0.0303682,
            51.5096893
          ]
        ]
      },
      "id": "way/170169202"
    },
    {
      "type": "Feature",
      "properties": {
        "@id": "way/1300120694",
        "electrified": "rail",
        "frequency": "0",
        "gauge": "1435",
        "line": "Docklands Light Railway",
        "maxspeed": "65",
        "name": "Docklands Light Railway",
        "operator": "Keolis Amey Docklands",
        "operator:wikidata": "Q89212210",
        "railway": "light_rail",
        "railway:cbtc": "dto",
        "railway:preferred_direction": "forward",
        "voltage": "750"
      },
      "geometry": {
        "type": "LineString",
        "coordinates": [
          [
            0.0273808,
            51.5096906
          ],
          [
            0.0277055,
            51.5096979
          ],
          [
            0.0281604,
            51.5097114
          ],
          [
            0.0285236,
            51.5097225
          ],
          [
            0.0289144,
            51.5097356
          ],
          [
            0.0292051,
            51.5097438
          ]
        ]
      },
      "id": "way/1300120694"
    },
    {
      "type": "Feature",
      "properties": {
        "@id": "way/1300120695",
        "electrified": "rail",
        "frequency": "0",
        "gauge": "1435",
        "line": "Docklands Light Railway",
        "maxspeed": "70",
        "name": "Docklands Light Railway",
        "operator": "Keolis Amey Docklands",
        "operator:wikidata": "Q89212210",
        "railway": "light_rail",
        "railway:cbtc": "dto",
        "railway:preferred_direction": "forward",
        "voltage": "750"
      },
      "geometry": {
        "type": "LineString",
        "coordinates": [
          [
            0.0311682,
            51.5096488
          ],
          [
            0.0307311,
            51.5096784
          ],
          [
            0.0303682,
            51.5096893
          ],
          [
            0.0297564,
            51.5096913
          ],
          [
            0.029247,
            51.5096906
          ]
        ]
      },
      "id": "way/1300120695"
    },
    {
      "type": "Feature",
      "properties": {
        "@id": "way/1300120696",
        "bridge": "viaduct",
        "electrified": "rail",
        "frequency": "0",
        "gauge": "1435",
        "layer": "1",
        "line": "Docklands Light Railway",
        "maxspeed": "70",
        "name": "Docklands Light Railway",
        "operator": "Keolis Amey Docklands",
        "operator:wikidata": "Q89212210",
        "railway": "light_rail",
        "railway:cbtc": "dto",
        "railway:preferred_direction": "forward",
        "voltage": "750"
      },
      "geometry": {
        "type": "LineString",
        "coordinates": [
          [
            0.0311917,
            51.5097212
          ],
          [
            0.0316833,
            51.5097008
          ],
          [
            0.0320754,
            51.509672
          ],
          [
            0.0322698,
            51.5096524
          ],
          [
            0.0325248,
            51.5096229
          ]
        ]
      },
      "id": "way/1300120696"
    },
    {
      "type": "Feature",
      "properties": {
        "@id": "way/1300120697",
        "bridge": "viaduct",
        "electrified": "rail",
        "frequency": "0",
        "gauge": "1435",
        "layer": "1",
        "line": "Docklands Light Railway",
        "maxspeed": "70",
        "name": "Docklands Light Railway",
        "operator": "Keolis Amey Docklands",
        "operator:wikidata": "Q89212210",
        "railway": "light_rail",
        "railway:cbtc": "dto",
        "railway:preferred_direction": "forward",
        "voltage": "750"
      },
      "geometry": {
        "type": "LineString",
        "coordinates": [
          [
            0.0324901,
            51.5095055
          ],
          [
            0.0322348,
            51.5095346
          ],
          [
            0.0316587,
            51.5096006
          ],
          [
            0.0311682,
            51.5096488
          ]
        ]
      },
      "id": "way/1300120697"
    },
    {
      "type": "Feature",
      "properties": {
        "@id": "way/17679755",
        "bridge": "yes",
        "electrified": "rail",
        "frequency": "0",
        "gauge": "1435",
        "layer": "1",
        "line": "Docklands Light Railway",
        "maxspeed": "65",
        "name": "Docklands Light Railway",
        "operator": "Keolis Amey Docklands",
        "operator:wikidata": "Q89212210",
        "railway": "light_rail",
        "railway:cbtc": "dto",
        "railway:preferred_direction": "forward",
        "voltage": "750"
      },
      "geometry": {
        "type": "LineString",
        "coordinates": [
          [
            0.0383191,
            51.5081047
          ],
          [
            0.0380401,
            51.5081246
          ],
          [
            0.0378042,
            51.5081511
          ],
          [
            0.0375083,
            51.5081982
          ],
          [
            0.0371987,
            51.5082629
          ],
          [
            0.0369427,
            51.5083304
          ],
          [
            0.0367188,
            51.5083998
          ],
          [
            0.0365094,
            51.5084754
          ],
          [
            0.0363927,
            51.508523
          ],
          [
            0.0362338,
            51.5085929
          ],
          [
            0.0360803,
            51.5086652
          ]
        ]
      },
      "id": "way/17679755"
    },
    {
      "type": "Feature",
      "properties": {
        "@id": "way/106667759",
        "bridge": "viaduct",
        "electrified": "rail",
        "frequency": "0",
        "gauge": "1435",
        "layer": "1",
        "line": "Docklands Light Railway",
        "maxspeed": "55",
        "name": "Docklands Light Railway",
        "operator": "Keolis Amey Docklands",
        "operator:wikidata": "Q89212210",
        "railway": "light_rail",
        "railway:cbtc": "dto",
        "railway:preferred_direction": "forward",
        "voltage": "750"
      },
      "geometry": {
        "type": "LineString",
        "coordinates": [
          [
            0.0354103,
            51.5089971
          ],
          [
            0.0351962,
            51.5090822
          ],
          [
            0.0350331,
            51.5091365
          ],
          [
            0.0348605,
            51.5091866
          ],
          [
            0.0346849,
            51.5092263
          ],
          [
            0.0345282,
            51.5092575
          ],
          [
            0.0343796,
            51.5092803
          ],
          [
            0.0340331,
            51.5093244
          ]
        ]
      },
      "id": "way/106667759"
    },
    {
      "type": "Feature",
      "properties": {
        "@id": "way/163558963",
        "bridge": "yes",
        "electrified": "rail",
        "frequency": "0",
        "gauge": "1435",
        "layer": "1",
        "line": "Docklands Light Railway",
        "maxspeed": "30",
        "name": "Docklands Light Railway",
        "operator": "Keolis Amey Docklands",
        "operator:wikidata": "Q89212210",
        "railway": "light_rail",
        "voltage": "750"
      },
      "geometry": {
        "type": "LineString",
        "coordinates": [
          [
            0.0389556,
            51.5081103
          ],
          [
            0.0390402,
            51.5081017
          ],
          [
            0.0391138,
            51.5080898
          ],
          [
            0.0391646,
            51.5080803
          ],
          [
            0.0392514,
            51.5080733
          ]
        ]
      },
      "id": "way/163558963"
    },
    {
      "type": "Feature",
      "properties": {
        "@id": "way/163558973",
        "bridge": "yes",
        "electrified": "rail",
        "frequency": "0",
        "gauge": "1435",
        "layer": "1",
        "line": "Docklands Light Railway",
        "maxspeed": "65",
        "name": "Docklands Light Railway",
        "operator": "Keolis Amey Docklands",
        "operator:wikidata": "Q89212210",
        "railway": "light_rail",
        "railway:cbtc": "dto",
        "railway:preferred_direction": "forward",
        "voltage": "750"
      },
      "geometry": {
        "type": "LineString",
        "coordinates": [
          [
            0.0361115,
            51.5086868
          ],
          [
            0.036326,
            51.508586
          ],
          [
            0.0365219,
            51.5085055
          ],
          [
            0.0367395,
            51.5084266
          ],
          [
            0.0369634,
            51.5083562
          ],
          [
            0.037213,
            51.508291
          ],
          [
            0.0375181,
            51.5082263
          ],
          [
            0.0378158,
            51.5081798
          ],
          [
            0.0380488,
            51.5081534
          ],
          [
            0.0383235,
            51.5081323
          ]
        ]
      },
      "id": "way/163558973"
    },
    {
      "type": "Feature",
      "properties": {
        "@id": "way/163559487",
        "bridge": "viaduct",
        "electrified": "rail",
        "frequency": "0",
        "gauge": "1435",
        "layer": "1",
        "line": "Docklands Light Railway",
        "maxspeed": "55",
        "name": "Docklands Light Railway",
        "operator": "Keolis Amey Docklands",
        "operator:wikidata": "Q89212210",
        "railway": "light_rail",
        "railway:cbtc": "dto",
        "railway:preferred_direction": "forward",
        "voltage": "750"
      },
      "geometry": {
        "type": "LineString",
        "coordinates": [
          [
            0.0340653,
            51.5094431
          ],
          [
            0.0342129,
            51.5094213
          ],
          [
            0.0344125,
            51.5093867
          ],
          [
            0.0346229,
            51.5093395
          ],
          [
            0.034832,
            51.5092797
          ],
          [
            0.0349807,
            51.5092297
          ],
          [
            0.0351037,
            51.5091832
          ],
          [
            0.0352215,
            51.5091318
          ],
          [
            0.0354502,
            51.5090245
          ]
        ]
      },
      "id": "way/163559487"
    },
    {
      "type": "Feature",
      "properties": {
        "@id": "way/1300120700",
        "bridge": "viaduct",
        "electrified": "rail",
        "frequency": "0",
        "gauge": "1435",
        "layer": "1",
        "line": "Docklands Light Railway",
        "maxspeed": "65",
        "name": "Docklands Light Railway",
        "operator": "Keolis Amey Docklands",
        "operator:wikidata": "Q89212210",
        "railway": "light_rail",
        "railway:cbtc": "dto",
        "railway:preferred_direction": "forward",
        "voltage": "750"
      },
      "geometry": {
        "type": "LineString",
        "coordinates": [
          [
            0.0360803,
            51.5086652
          ],
          [
            0.0356044,
            51.5089075
          ],
          [
            0.0354103,
            51.5089971
          ]
        ]
      },
      "id": "way/1300120700"
    },
    {
      "type": "Feature",
      "properties": {
        "@id": "way/1300120701",
        "bridge": "viaduct",
        "electrified": "rail",
        "frequency": "0",
        "gauge": "1435",
        "layer": "1",
        "line": "Docklands Light Railway",
        "maxspeed": "65",
        "name": "Docklands Light Railway",
        "operator": "Keolis Amey Docklands",
        "operator:wikidata": "Q89212210",
        "railway": "light_rail",
        "railway:cbtc": "dto",
        "railway:preferred_direction": "forward",
        "voltage": "750"
      },
      "geometry": {
        "type": "LineString",
        "coordinates": [
          [
            0.0354502,
            51.5090245
          ],
          [
            0.0356326,
            51.5089306
          ],
          [
            0.0358766,
            51.5088065
          ],
          [
            0.0361115,
            51.5086868
          ]
        ]
      },
      "id": "way/1300120701"
    },
    {
      "type": "Feature",
      "properties": {
        "@id": "way/23096967",
        "bridge": "viaduct",
        "electrified": "rail",
        "frequency": "0",
        "gauge": "1435",
        "layer": "1",
        "line": "Docklands Light Railway",
        "maxspeed": "45",
        "name": "Docklands Light Railway",
        "operator": "Keolis Amey Docklands",
        "operator:wikidata": "Q89212210",
        "railway": "light_rail",
        "railway:cbtc": "dto",
        "railway:preferred_direction": "forward",
        "voltage": "750"
      },
      "geometry": {
        "type": "LineString",
        "coordinates": [
          [
            0.0458613,
            51.5040591
          ],
          [
            0.0446754,
            51.5040947
          ],
          [
            0.0445367,
            51.5040956
          ],
          [
            0.0444209,
            51.5040915
          ],
          [
            0.0443172,
            51.5040838
          ],
          [
            0.0442188,
            51.5040735
          ],
          [
            0.044119,
            51.5040573
          ],
          [
            0.0440048,
            51.5040327
          ],
          [
            0.0439042,
            51.5040073
          ],
          [
            0.0435571,
            51.503913
          ],
          [
            0.04343,
            51.5038848
          ],
          [
            0.0433225,
            51.503867
          ],
          [
            0.0432208,
            51.5038537
          ],
          [
            0.0431075,
            51.5038452
          ],
          [
            0.0429865,
            51.5038406
          ],
          [
            0.042866,
            51.5038432
          ],
          [
            0.0427314,
            51.5038541
          ],
          [
            0.0426062,
            51.5038676
          ]
        ]
      },
      "id": "way/23096967"
    },
    {
      "type": "Feature",
      "properties": {
        "@id": "way/23096972",
        "bridge": "viaduct",
        "electrified": "rail",
        "frequency": "0",
        "layer": "1",
        "line": "Docklands Light Railway",
        "maxspeed": "45",
        "name": "Docklands Light Railway",
        "operator": "Keolis Amey Docklands",
        "operator:wikidata": "Q89212210",
        "railway": "light_rail",
        "railway:cbtc": "dto",
        "railway:preferred_direction": "forward",
        "voltage": "750"
      },
      "geometry": {
        "type": "LineString",
        "coordinates": [
          [
            0.0426062,
            51.5038676
          ],
          [
            0.0424867,
            51.5038828
          ],
          [
            0.0423371,
            51.5039053
          ],
          [
            0.0422203,
            51.503921
          ],
          [
            0.0420982,
            51.5039324
          ],
          [
            0.0419787,
            51.5039405
          ],
          [
            0.0418745,
            51.503941
          ],
          [
            0.04176,
            51.5039362
          ],
          [
            0.0416261,
            51.503924
          ],
          [
            0.0414944,
            51.5039028
          ]
        ]
      },
      "id": "way/23096972"
    },
    {
      "type": "Feature",
      "properties": {
        "@id": "way/163561013",
        "bridge": "viaduct",
        "electrified": "rail",
        "frequency": "0",
        "gauge": "1435",
        "layer": "1",
        "line": "Docklands Light Railway",
        "maxspeed": "45",
        "name": "Docklands Light Railway",
        "operator": "Keolis Amey Docklands",
        "operator:wikidata": "Q89212210",
        "railway": "light_rail",
        "railway:cbtc": "dto",
        "railway:preferred_direction": "forward",
        "voltage": "750"
      },
      "geometry": {
        "type": "LineString",
        "coordinates": [
          [
            0.0414784,
            51.5039355
          ],
          [
            0.0416202,
            51.5039595
          ],
          [
            0.0417551,
            51.5039712
          ],
          [
            0.0418732,
            51.5039763
          ],
          [
            0.0419831,
            51.5039745
          ],
          [
            0.0421095,
            51.5039665
          ],
          [
            0.0422303,
            51.5039539
          ],
          [
            0.0423489,
            51.5039392
          ],
          [
            0.042497,
            51.5039166
          ],
          [
            0.0426162,
            51.5039004
          ]
        ]
      },
      "id": "way/163561013"
    },
    {
      "type": "Feature",
      "properties": {
        "@id": "way/1300454588",
        "bridge": "viaduct",
        "electrified": "rail",
        "frequency": "0",
        "gauge": "1435",
        "layer": "1",
        "line": "Docklands Light Railway",
        "maxspeed": "45",
        "name": "Docklands Light Railway",
        "operator": "Keolis Amey Docklands",
        "operator:wikidata": "Q89212210",
        "railway": "light_rail",
        "railway:cbtc": "dto",
        "railway:preferred_direction": "forward",
        "voltage": "750"
      },
      "geometry": {
        "type": "LineString",
        "coordinates": [
          [
            0.0407192,
            51.5036316
          ],
          [
            0.0408438,
            51.5037041
          ],
          [
            0.0409772,
            51.5037743
          ],
          [
            0.041099,
            51.5038289
          ],
          [
            0.0412162,
            51.5038701
          ],
          [
            0.0413421,
            51.5039057
          ],
          [
            0.0414784,
            51.5039355
          ]
        ]
      },
      "id": "way/1300454588"
    },
    {
      "type": "Feature",
      "properties": {
        "@id": "way/1300454589",
        "bridge": "viaduct",
        "electrified": "rail",
        "frequency": "0",
        "gauge": "1435",
        "layer": "1",
        "line": "Docklands Light Railway",
        "maxspeed": "45",
        "name": "Docklands Light Railway",
        "operator": "Keolis Amey Docklands",
        "operator:wikidata": "Q89212210",
        "railway": "light_rail",
        "railway:cbtc": "dto",
        "railway:preferred_direction": "forward",
        "voltage": "750"
      },
      "geometry": {
        "type": "LineString",
        "coordinates": [
          [
            0.0414944,
            51.5039028
          ],
          [
            0.0413656,
            51.5038752
          ],
          [
            0.0412448,
            51.5038405
          ],
          [
            0.041131,
            51.503801
          ],
          [
            0.0410106,
            51.5037478
          ],
          [
            0.0408763,
            51.5036763
          ],
          [
            0.0407601,
            51.5036088
          ]
        ]
      },
      "id": "way/1300454589"
    },
    {
      "type": "Feature",
      "properties": {
        "@id": "way/105732444",
        "bridge": "viaduct",
        "electrified": "rail",
        "frequency": "0",
        "gauge": "1435",
        "layer": "2",
        "line": "Docklands Light Railway",
        "maxspeed": "40",
        "name": "Docklands Light Railway",
        "operator": "Keolis Amey Docklands",
        "operator:wikidata": "Q89212210",
        "railway": "light_rail",
        "railway:cbtc": "dto",
        "railway:preferred_direction": "forward",
        "voltage": "750"
      },
      "geometry": {
        "type": "LineString",
        "coordinates": [
          [
            0.049618,
            51.5029442
          ],
          [
            0.0494732,
            51.5030439
          ],
          [
            0.0493023,
            51.503152
          ],
          [
            0.0491923,
            51.5032167
          ],
          [
            0.0490728,
            51.5032788
          ],
          [
            0.048937,
            51.5033415
          ],
          [
            0.0488133,
            51.503394
          ],
          [
            0.0486705,
            51.5034473
          ]
        ]
      },
      "id": "way/105732444"
    },
    {
      "type": "Feature",
      "properties": {
        "@id": "way/163561012",
        "bridge": "viaduct",
        "electrified": "rail",
        "frequency": "0",
        "gauge": "1435",
        "layer": "2",
        "line": "Docklands Light Railway",
        "maxspeed": "40",
        "name": "Docklands Light Railway",
        "operator": "Keolis Amey Docklands",
        "operator:wikidata": "Q89212210",
        "railway": "light_rail",
        "railway:cbtc": "dto",
        "railway:preferred_direction": "forward",
        "voltage": "750"
      },
      "geometry": {
        "type": "LineString",
        "coordinates": [
          [
            0.0488738,
            51.5034967
          ],
          [
            0.0489787,
            51.5034508
          ],
          [
            0.0490912,
            51.5033884
          ],
          [
            0.0491864,
            51.5033294
          ],
          [
            0.0492823,
            51.5032637
          ],
          [
            0.0493923,
            51.5031772
          ],
          [
            0.0495298,
            51.5030648
          ],
          [
            0.049649,
            51.5029707
          ]
        ]
      },
      "id": "way/163561012"
    },
    {
      "type": "Feature",
      "properties": {
        "@id": "way/1245207006",
        "bridge": "viaduct",
        "electrified": "rail",
        "frequency": "0",
        "gauge": "1435",
        "layer": "1",
        "line": "Docklands Light Railway",
        "maxspeed": "50",
        "name": "Docklands Light Railway",
        "operator": "Keolis Amey Docklands",
        "operator:wikidata": "Q89212210",
        "railway": "light_rail",
        "railway:cbtc": "dto",
        "railway:preferred_direction": "forward",
        "voltage": "750"
      },
      "geometry": {
        "type": "LineString",
        "coordinates": [
          [
            0.049649,
            51.5029707
          ],
          [
            0.0497552,
            51.5029037
          ],
          [
            0.0498764,
            51.5028412
          ],
          [
            0.050007,
            51.5027808
          ],
          [
            0.0501261,
            51.5027373
          ],
          [
            0.0502584,
            51.5026954
          ],
          [
            0.0503836,
            51.5026654
          ],
          [
            0.0505024,
            51.5026425
          ],
          [
            0.0506231,
            51.5026242
          ],
          [
            0.0507714,
            51.5026085
          ],
          [
            0.0509238,
            51.5025962
          ],
          [
            0.0510591,
            51.5025892
          ],
          [
            0.0511958,
            51.5025848
          ]
        ]
      },
      "id": "way/1245207006"
    },
    {
      "type": "Feature",
      "properties": {
        "@id": "way/1245207007",
        "bridge": "viaduct",
        "electrified": "rail",
        "frequency": "0",
        "gauge": "1435",
        "layer": "1",
        "line": "Docklands Light Railway",
        "maxspeed": "50",
        "name": "Docklands Light Railway",
        "operator": "Keolis Amey Docklands",
        "operator:wikidata": "Q89212210",
        "railway": "light_rail",
        "railway:cbtc": "dto",
        "railway:preferred_direction": "forward",
        "voltage": "750"
      },
      "geometry": {
        "type": "LineString",
        "coordinates": [
          [
            0.0511923,
            51.5025504
          ],
          [
            0.0510548,
            51.5025554
          ],
          [
            0.0509186,
            51.5025623
          ],
          [
            0.0507621,
            51.5025738
          ],
          [
            0.0506112,
            51.5025908
          ],
          [
            0.0504845,
            51.50261
          ],
          [
            0.0503627,
            51.5026339
          ],
          [
            0.0502357,
            51.5026655
          ],
          [
            0.0501017,
            51.5027082
          ],
          [
            0.0499741,
            51.5027564
          ],
          [
            0.0498454,
            51.5028126
          ],
          [
            0.0497266,
            51.5028783
          ],
          [
            0.049618,
            51.5029442
          ]
        ]
      },
      "id": "way/1245207007"
    },
    {
      "type": "Feature",
      "properties": {
        "@id": "way/1300454590",
        "bridge": "viaduct",
        "electrified": "rail",
        "frequency": "0",
        "gauge": "1435",
        "layer": "1",
        "line": "Docklands Light Railway",
        "maxspeed": "30",
        "name": "Docklands Light Railway",
        "operator": "Keolis Amey Docklands",
        "operator:wikidata": "Q89212210",
        "railway": "light_rail",
        "railway:cbtc": "dto",
        "railway:preferred_direction": "forward",
        "voltage": "750"
      },
      "geometry": {
        "type": "LineString",
        "coordinates": [
          [
            0.0466997,
            51.5040655
          ],
          [
            0.0470478,
            51.5040563
          ],
          [
            0.0471654,
            51.5040475
          ],
          [
            0.0472756,
            51.5040304
          ],
          [
            0.0473681,
            51.5040098
          ],
          [
            0.0474569,
            51.5039835
          ],
          [
            0.0480876,
            51.5037717
          ],
          [
            0.0487532,
            51.5035412
          ],
          [
            0.0488738,
            51.5034967
          ]
        ]
      },
      "id": "way/1300454590"
    },
    {
      "type": "Feature",
      "properties": {
        "@id": "way/105732445",
        "electrified": "rail",
        "embankment": "yes",
        "frequency": "0",
        "gauge": "1435",
        "line": "Docklands Light Railway",
        "maxspeed": "100",
        "name": "Docklands Light Railway",
        "operator": "Keolis Amey Docklands",
        "operator:wikidata": "Q89212210",
        "railway": "light_rail",
        "railway:cbtc": "dto",
        "railway:preferred_direction": "forward",
        "voltage": "750"
      },
      "geometry": {
        "type": "LineString",
        "coordinates": [
          [
            0.0598728,
            51.5020929
          ],
          [
            0.0592711,
            51.5021116
          ],
          [
            0.0585841,
            51.5021372
          ],
          [
            0.0576794,
            51.5021663
          ],
          [
            0.0571656,
            51.502184
          ],
          [
            0.0566755,
            51.5022124
          ],
          [
            0.056368,
            51.5022339
          ],
          [
            0.0550207,
            51.5023379
          ],
          [
            0.0546446,
            51.5023665
          ],
          [
            0.0541192,
            51.5024074
          ],
          [
            0.0537432,
            51.5024362
          ],
          [
            0.0533696,
            51.5024642
          ],
          [
            0.053143,
            51.5024778
          ],
          [
            0.0529198,
            51.502489
          ],
          [
            0.0518717,
            51.5025253
          ],
          [
            0.0511923,
            51.5025504
          ]
        ]
      },
      "id": "way/105732445"
    },
    {
      "type": "Feature",
      "properties": {
        "@id": "way/129810300",
        "electrified": "rail",
        "frequency": "0",
        "gauge": "1435",
        "line": "Docklands Light Railway",
        "maxspeed": "80",
        "name": "Docklands Light Railway",
        "operator": "Keolis Amey Docklands",
        "operator:wikidata": "Q89212210",
        "railway": "light_rail",
        "railway:cbtc": "dto",
        "railway:preferred_direction": "forward",
        "voltage": "750"
      },
      "geometry": {
        "type": "LineString",
        "coordinates": [
          [
            0.0543361,
            51.508771
          ],
          [
            0.0507193,
            51.5088865
          ]
        ]
      },
      "id": "way/129810300"
    },
    {
      "type": "Feature",
      "properties": {
        "@id": "way/163558951",
        "electrified": "rail",
        "frequency": "0",
        "gauge": "1435",
        "line": "Docklands Light Railway",
        "maxspeed": "80",
        "name": "Docklands Light Railway",
        "operator": "Keolis Amey Docklands",
        "operator:wikidata": "Q89212210",
        "railway": "light_rail",
        "railway:cbtc": "dto",
        "railway:preferred_direction": "forward",
        "voltage": "750"
      },
      "geometry": {
        "type": "LineString",
        "coordinates": [
          [
            0.0507205,
            51.508913
          ],
          [
            0.054338,
            51.5088006
          ]
        ]
      },
      "id": "way/163558951"
    },
    {
      "type": "Feature",
      "properties": {
        "@id": "way/163561000",
        "bridge": "viaduct",
        "electrified": "rail",
        "frequency": "0",
        "gauge": "1435",
        "layer": "1",
        "line": "Docklands Light Railway",
        "maxspeed": "45",
        "name": "Docklands Light Railway",
        "operator": "Keolis Amey Docklands",
        "operator:wikidata": "Q89212210",
        "railway": "light_rail",
        "railway:cbtc": "dto",
        "railway:preferred_direction": "forward",
        "voltage": "750"
      },
      "geometry": {
        "type": "LineString",
        "coordinates": [
          [
            0.0426162,
            51.5039004
          ],
          [
            0.0427394,
            51.5038863
          ],
          [
            0.0428646,
            51.5038779
          ],
          [
            0.0429886,
            51.5038747
          ],
          [
            0.0431038,
            51.5038786
          ],
          [
            0.0432123,
            51.5038866
          ],
          [
            0.0433085,
            51.5038988
          ],
          [
            0.0434186,
            51.5039181
          ],
          [
            0.0435389,
            51.5039446
          ],
          [
            0.0438881,
            51.5040384
          ],
          [
            0.0439845,
            51.5040625
          ],
          [
            0.0441066,
            51.5040891
          ],
          [
            0.0442097,
            51.5041053
          ],
          [
            0.0443118,
            51.5041172
          ],
          [
            0.0444162,
            51.5041251
          ],
          [
            0.0445378,
            51.50413
          ],
          [
            0.0446765,
            51.5041282
          ],
          [
            0.0458631,
            51.5040905
          ],
          [
            0.0466997,
            51.5040655
          ]
        ]
      },
      "id": "way/163561000"
    },
    {
      "type": "Feature",
      "properties": {
        "@id": "way/163561005",
        "bridge": "viaduct",
        "electrified": "rail",
        "frequency": "0",
        "gauge": "1435",
        "layer": "1",
        "line": "Docklands Light Railway",
        "maxspeed": "30",
        "name": "Docklands Light Railway",
        "operator": "Keolis Amey Docklands",
        "operator:wikidata": "Q89212210",
        "railway": "light_rail",
        "railway:cbtc": "dto",
        "railway:preferred_direction": "forward",
        "service": "crossover",
        "source": "Yahoo Tracing",
        "voltage": "750"
      },
      "geometry": {
        "type": "LineString",
        "coordinates": [
          [
            0.0466997,
            51.5040655
          ],
          [
            0.0466161,
            51.504067
          ],
          [
            0.0465331,
            51.5040669
          ],
          [
            0.0464132,
            51.5040659
          ],
          [
            0.0461377,
            51.504057
          ],
          [
            0.0460221,
            51.5040571
          ],
          [
            0.0459415,
            51.5040573
          ],
          [
            0.0458613,
            51.5040591
          ]
        ]
      },
      "id": "way/163561005"
    },
    {
      "type": "Feature",
      "properties": {
        "@id": "way/163561007",
        "electrified": "rail",
        "embankment": "yes",
        "frequency": "0",
        "gauge": "1435",
        "line": "Docklands Light Railway",
        "maxspeed": "100",
        "name": "Docklands Light Railway",
        "operator": "Keolis Amey Docklands",
        "operator:wikidata": "Q89212210",
        "railway": "light_rail",
        "railway:cbtc": "dto",
        "railway:preferred_direction": "forward",
        "voltage": "750"
      },
      "geometry": {
        "type": "LineString",
        "coordinates": [
          [
            0.0511958,
            51.5025848
          ],
          [
            0.0518736,
            51.5025596
          ],
          [
            0.0529218,
            51.5025215
          ],
          [
            0.0531485,
            51.5025099
          ],
          [
            0.0533753,
            51.5024944
          ],
          [
            0.0537494,
            51.5024666
          ],
          [
            0.0541261,
            51.5024376
          ],
          [
            0.0546512,
            51.5023972
          ],
          [
            0.0550269,
            51.502368
          ],
          [
            0.0563753,
            51.5022639
          ],
          [
            0.056679,
            51.5022438
          ],
          [
            0.0569225,
            51.5022316
          ],
          [
            0.057227,
            51.5022189
          ],
          [
            0.0576786,
            51.5021971
          ],
          [
            0.058713,
            51.5021632
          ],
          [
            0.0592732,
            51.5021437
          ],
          [
            0.0597856,
            51.5021268
          ],
          [
            0.0603047,
            51.5021125
          ]
        ]
      },
      "id": "way/163561007"
    },
    {
      "type": "Feature",
      "properties": {
        "@id": "way/531981183",
        "bridge": "yes",
        "electrified": "rail",
        "frequency": "0",
        "gauge": "1435",
        "layer": "1",
        "line": "Docklands Light Railway",
        "maxspeed": "50",
        "name": "Docklands Light Railway",
        "operator": "Keolis Amey Docklands",
        "operator:wikidata": "Q89212210",
        "railway": "light_rail",
        "railway:cbtc": "dto",
        "railway:preferred_direction": "forward",
        "voltage": "750"
      },
      "geometry": {
        "type": "LineString",
        "coordinates": [
          [
            0.0438428,
            51.5079677
          ],
          [
            0.0440735,
            51.5079678
          ],
          [
            0.0443264,
            51.5079758
          ],
          [
            0.0445423,
            51.5080029
          ],
          [
            0.0447114,
            51.5080339
          ],
          [
            0.0448212,
            51.5080561
          ],
          [
            0.045005,
            51.5081085
          ],
          [
            0.0453278,
            51.5082148
          ],
          [
            0.0460669,
            51.5084813
          ],
          [
            0.0468329,
            51.508758
          ],
          [
            0.0470395,
            51.5088312
          ],
          [
            0.0472077,
            51.508881
          ],
          [
            0.0473568,
            51.5089179
          ],
          [
            0.0475033,
            51.5089465
          ],
          [
            0.0476498,
            51.5089681
          ],
          [
            0.0477985,
            51.508983
          ],
          [
            0.0478607,
            51.5089875
          ],
          [
            0.0479478,
            51.5089914
          ],
          [
            0.048101,
            51.5089931
          ]
        ]
      },
      "id": "way/531981183"
    },
    {
      "type": "Feature",
      "properties": {
        "@id": "way/531981184",
        "bridge": "yes",
        "electrified": "rail",
        "frequency": "0",
        "gauge": "1435",
        "layer": "1",
        "line": "Docklands Light Railway",
        "maxspeed": "50",
        "name": "Docklands Light Railway",
        "operator": "Keolis Amey Docklands",
        "operator:wikidata": "Q89212210",
        "railway": "light_rail",
        "railway:cbtc": "dto",
        "railway:preferred_direction": "forward",
        "voltage": "750"
      },
      "geometry": {
        "type": "LineString",
        "coordinates": [
          [
            0.0480506,
            51.508964
          ],
          [
            0.0478981,
            51.5089596
          ],
          [
            0.0477473,
            51.5089487
          ],
          [
            0.0475986,
            51.5089312
          ],
          [
            0.047454,
            51.508907
          ],
          [
            0.0473093,
            51.5088762
          ],
          [
            0.0471561,
            51.5088346
          ],
          [
            0.0470396,
            51.5087985
          ],
          [
            0.046925,
            51.5087596
          ],
          [
            0.0462698,
            51.5085228
          ],
          [
            0.0456807,
            51.5083092
          ],
          [
            0.0453438,
            51.5081895
          ],
          [
            0.045147,
            51.5081139
          ],
          [
            0.0449884,
            51.5080612
          ],
          [
            0.0448451,
            51.5080247
          ],
          [
            0.0447008,
            51.5079936
          ],
          [
            0.0445558,
            51.5079715
          ],
          [
            0.0443678,
            51.5079446
          ],
          [
            0.0442184,
            51.5079319
          ],
          [
            0.0440773,
            51.507927
          ],
          [
            0.0438885,
            51.5079301
          ]
        ]
      },
      "id": "way/531981184"
    },
    {
      "type": "Feature",
      "properties": {
        "@id": "way/1300120704",
        "bridge": "yes",
        "electrified": "rail",
        "frequency": "0",
        "gauge": "1435",
        "layer": "1",
        "line": "Docklands Light Railway",
        "maxspeed": "80",
        "name": "Docklands Light Railway",
        "operator": "Keolis Amey Docklands",
        "operator:wikidata": "Q89212210",
        "railway": "light_rail",
        "railway:cbtc": "dto",
        "railway:preferred_direction": "forward",
        "voltage": "750"
      },
      "geometry": {
        "type": "LineString",
        "coordinates": [
          [
            0.0438885,
            51.5079301
          ],
          [
            0.0436201,
            51.5079347
          ],
          [
            0.0402712,
            51.508042
          ]
        ]
      },
      "id": "way/1300120704"
    },
    {
      "type": "Feature",
      "properties": {
        "@id": "way/1300120705",
        "bridge": "yes",
        "electrified": "rail",
        "frequency": "0",
        "gauge": "1435",
        "layer": "1",
        "line": "Docklands Light Railway",
        "maxspeed": "80",
        "name": "Docklands Light Railway",
        "operator": "Keolis Amey Docklands",
        "operator:wikidata": "Q89212210",
        "railway": "light_rail",
        "railway:cbtc": "dto",
        "railway:preferred_direction": "forward",
        "voltage": "750"
      },
      "geometry": {
        "type": "LineString",
        "coordinates": [
          [
            0.0402737,
            51.5080684
          ],
          [
            0.0435097,
            51.5079752
          ],
          [
            0.0438428,
            51.5079677
          ]
        ]
      },
      "id": "way/1300120705"
    },
    {
      "type": "Feature",
      "properties": {
        "@id": "way/1300454591",
        "bridge": "viaduct",
        "electrified": "rail",
        "frequency": "0",
        "gauge": "1435",
        "layer": "1",
        "line": "Docklands Light Railway",
        "maxspeed": "30",
        "name": "Docklands Light Railway",
        "operator": "Keolis Amey Docklands",
        "operator:wikidata": "Q89212210",
        "railway": "light_rail",
        "railway:cbtc": "dto",
        "railway:preferred_direction": "forward",
        "voltage": "750"
      },
      "geometry": {
        "type": "LineString",
        "coordinates": [
          [
            0.0486705,
            51.5034473
          ],
          [
            0.0480105,
            51.5036779
          ],
          [
            0.0472783,
            51.5039206
          ],
          [
            0.0471552,
            51.5039565
          ],
          [
            0.0470361,
            51.5039841
          ],
          [
            0.0469183,
            51.5040046
          ],
          [
            0.0468035,
            51.5040206
          ],
          [
            0.0466927,
            51.5040303
          ],
          [
            0.0458613,
            51.5040591
          ]
        ]
      },
      "id": "way/1300454591"
    },
    {
      "type": "Feature",
      "properties": {
        "@id": "way/531981182",
        "bridge": "yes",
        "electrified": "rail",
        "frequency": "0",
        "gauge": "1435",
        "layer": "2",
        "line": "Docklands Light Railway",
        "maxspeed": "80",
        "name": "Docklands Light Railway",
        "operator": "Keolis Amey Docklands",
        "operator:wikidata": "Q89212210",
        "railway": "light_rail",
        "railway:cbtc": "dto",
        "railway:preferred_direction": "forward",
        "voltage": "750"
      },
      "geometry": {
        "type": "LineString",
        "coordinates": [
          [
            0.0402712,
            51.508042
          ],
          [
            0.0399349,
            51.5080525
          ]
        ]
      },
      "id": "way/531981182"
    },
    {
      "type": "Feature",
      "properties": {
        "@id": "way/531981185",
        "bridge": "yes",
        "electrified": "rail",
        "frequency": "0",
        "gauge": "1435",
        "layer": "2",
        "line": "Docklands Light Railway",
        "maxspeed": "80",
        "name": "Docklands Light Railway",
        "operator": "Keolis Amey Docklands",
        "operator:wikidata": "Q89212210",
        "railway": "light_rail",
        "railway:cbtc": "dto",
        "railway:preferred_direction": "forward",
        "voltage": "750"
      },
      "geometry": {
        "type": "LineString",
        "coordinates": [
          [
            0.0399373,
            51.5080789
          ],
          [
            0.0402737,
            51.5080684
          ]
        ]
      },
      "id": "way/531981185"
    },
    {
      "type": "Feature",
      "properties": {
        "@id": "way/1300120706",
        "bridge": "yes",
        "electrified": "rail",
        "frequency": "0",
        "gauge": "1435",
        "layer": "1",
        "line": "Docklands Light Railway",
        "maxspeed": "80",
        "name": "Docklands Light Railway",
        "operator": "Keolis Amey Docklands",
        "operator:wikidata": "Q89212210",
        "railway": "light_rail",
        "railway:cbtc": "dto",
        "railway:preferred_direction": "forward",
        "voltage": "750"
      },
      "geometry": {
        "type": "LineString",
        "coordinates": [
          [
            0.048101,
            51.5089931
          ],
          [
            0.048956,
            51.5089688
          ],
          [
            0.0507205,
            51.508913
          ]
        ]
      },
      "id": "way/1300120706"
    },
    {
      "type": "Feature",
      "properties": {
        "@id": "way/1300120707",
        "bridge": "yes",
        "electrified": "rail",
        "frequency": "0",
        "gauge": "1435",
        "layer": "1",
        "line": "Docklands Light Railway",
        "maxspeed": "80",
        "name": "Docklands Light Railway",
        "operator": "Keolis Amey Docklands",
        "operator:wikidata": "Q89212210",
        "railway": "light_rail",
        "railway:cbtc": "dto",
        "railway:preferred_direction": "forward",
        "voltage": "750"
      },
      "geometry": {
        "type": "LineString",
        "coordinates": [
          [
            0.0507193,
            51.5088865
          ],
          [
            0.0482004,
            51.5089627
          ],
          [
            0.0480506,
            51.508964
          ]
        ]
      },
      "id": "way/1300120707"
    },
    {
      "type": "Feature",
      "properties": {
        "@id": "way/694613993",
        "electrified": "rail",
        "frequency": "0",
        "gauge": "1435",
        "layer": "-1",
        "line": "Docklands Light Railway",
        "maxspeed": "80",
        "name": "Docklands Light Railway",
        "operator": "Keolis Amey Docklands",
        "operator:wikidata": "Q89212210",
        "railway": "light_rail",
        "railway:cbtc": "dto",
        "railway:preferred_direction": "forward",
        "voltage": "750"
      },
      "geometry": {
        "type": "LineString",
        "coordinates": [
          [
            0.0044458,
            51.5286456
          ],
          [
            0.0044448,
            51.5288242
          ],
          [
            0.0044568,
            51.5290102
          ],
          [
            0.0044709,
            51.5291113
          ],
          [
            0.004489,
            51.5292086
          ],
          [
            0.0045234,
            51.5293962
          ],
          [
            0.0045445,
            51.5295412
          ],
          [
            0.0045499,
            51.5296873
          ],
          [
            0.0045441,
            51.529833
          ],
          [
            0.0045266,
            51.5299721
          ],
          [
            0.0044582,
            51.5304065
          ],
          [
            0.0043696,
            51.5309107
          ],
          [
            0.0043446,
            51.5310812
          ],
          [
            0.0043124,
            51.5312903
          ]
        ]
      },
      "id": "way/694613993"
    },
    {
      "type": "Feature",
      "properties": {
        "@id": "way/950756596",
        "electrified": "rail",
        "frequency": "0",
        "gauge": "1435",
        "layer": "-1",
        "line": "Docklands Light Railway",
        "maxspeed": "80",
        "name": "Docklands Light Railway",
        "operator": "Keolis Amey Docklands",
        "operator:wikidata": "Q89212210",
        "railway": "light_rail",
        "railway:cbtc": "dto",
        "railway:preferred_direction": "forward",
        "voltage": "750"
      },
      "geometry": {
        "type": "LineString",
        "coordinates": [
          [
            0.0043575,
            51.5312915
          ],
          [
            0.0043881,
            51.5310894
          ],
          [
            0.0044138,
            51.5309154
          ],
          [
            0.0045046,
            51.5304079
          ],
          [
            0.0045704,
            51.5299739
          ],
          [
            0.0045946,
            51.5298414
          ],
          [
            0.0046147,
            51.5296921
          ],
          [
            0.0046297,
            51.5295458
          ],
          [
            0.0046387,
            51.5293975
          ],
          [
            0.0046444,
            51.529301
          ],
          [
            0.0046477,
            51.5292037
          ],
          [
            0.0046497,
            51.5291068
          ],
          [
            0.0046504,
            51.5290099
          ],
          [
            0.0046555,
            51.5286504
          ]
        ]
      },
      "id": "way/950756596"
    },
    {
      "type": "Feature",
      "properties": {
        "@id": "way/950756597",
        "electrified": "rail",
        "frequency": "0",
        "gauge": "1435",
        "line": "Docklands Light Railway",
        "maxspeed": "50",
        "name": "Docklands Light Railway",
        "operator": "Keolis Amey Docklands",
        "operator:wikidata": "Q89212210",
        "railway": "light_rail",
        "railway:cbtc": "dto",
        "railway:preferred_direction": "forward",
        "voltage": "750"
      },
      "geometry": {
        "type": "LineString",
        "coordinates": [
          [
            0.0046713,
            51.5279345
          ],
          [
            0.0046736,
            51.5278717
          ]
        ]
      },
      "id": "way/950756597"
    },
    {
      "type": "Feature",
      "properties": {
        "@id": "way/1300454554",
        "electrified": "rail",
        "frequency": "0",
        "gauge": "1435",
        "layer": "-1",
        "line": "Docklands Light Railway",
        "maxspeed": "30",
        "name": "Docklands Light Railway",
        "operator": "Keolis Amey Docklands",
        "operator:wikidata": "Q89212210",
        "railway": "light_rail",
        "railway:cbtc": "dto",
        "railway:preferred_direction": "forward",
        "voltage": "750"
      },
      "geometry": {
        "type": "LineString",
        "coordinates": [
          [
            0.0031785,
            51.5330457
          ],
          [
            0.0032901,
            51.5329285
          ],
          [
            0.0033973,
            51.5328105
          ],
          [
            0.0035857,
            51.5326166
          ],
          [
            0.0037176,
            51.5324664
          ],
          [
            0.0038508,
            51.5323165
          ],
          [
            0.0040065,
            51.5321424
          ]
        ]
      },
      "id": "way/1300454554"
    },
    {
      "type": "Feature",
      "properties": {
        "@id": "way/1300454555",
        "electrified": "rail",
        "frequency": "0",
        "gauge": "1435",
        "layer": "-1",
        "line": "Docklands Light Railway",
        "maxspeed": "30",
        "name": "Docklands Light Railway",
        "operator": "Keolis Amey Docklands",
        "operator:wikidata": "Q89212210",
        "railway": "light_rail",
        "railway:cbtc": "dto",
        "railway:preferred_direction": "forward",
        "voltage": "750"
      },
      "geometry": {
        "type": "LineString",
        "coordinates": [
          [
            0.0039784,
            51.532131
          ],
          [
            0.0038251,
            51.5323078
          ],
          [
            0.0036946,
            51.5324589
          ],
          [
            0.0035614,
            51.5326082
          ],
          [
            0.0033771,
            51.5328026
          ],
          [
            0.0032671,
            51.5329194
          ],
          [
            0.0031528,
            51.5330381
          ]
        ]
      },
      "id": "way/1300454555"
    },
    {
      "type": "Feature",
      "properties": {
        "@id": "way/1300454556",
        "electrified": "rail",
        "frequency": "0",
        "gauge": "1435",
        "layer": "-1",
        "line": "Docklands Light Railway",
        "maxspeed": "50",
        "name": "Docklands Light Railway",
        "operator": "Keolis Amey Docklands",
        "operator:wikidata": "Q89212210",
        "railway": "light_rail",
        "railway:cbtc": "dto",
        "railway:preferred_direction": "forward",
        "voltage": "750"
      },
      "geometry": {
        "type": "LineString",
        "coordinates": [
          [
            0.0040065,
            51.5321424
          ],
          [
            0.0040428,
            51.5321012
          ],
          [
            0.0040869,
            51.5320453
          ],
          [
            0.004148,
            51.5319526
          ],
          [
            0.0042123,
            51.5318327
          ],
          [
            0.004269,
            51.5317151
          ],
          [
            0.0043099,
            51.5315746
          ],
          [
            0.0043374,
            51.5314215
          ],
          [
            0.0043575,
            51.5312915
          ]
        ]
      },
      "id": "way/1300454556"
    },
    {
      "type": "Feature",
      "properties": {
        "@id": "way/1300454557",
        "electrified": "rail",
        "frequency": "0",
        "gauge": "1435",
        "layer": "-1",
        "line": "Docklands Light Railway",
        "maxspeed": "50",
        "name": "Docklands Light Railway",
        "operator": "Keolis Amey Docklands",
        "operator:wikidata": "Q89212210",
        "railway": "light_rail",
        "railway:cbtc": "dto",
        "railway:preferred_direction": "forward",
        "voltage": "750"
      },
      "geometry": {
        "type": "LineString",
        "coordinates": [
          [
            0.0043124,
            51.5312903
          ],
          [
            0.0042907,
            51.53142
          ],
          [
            0.0042644,
            51.531561
          ],
          [
            0.0042204,
            51.5317058
          ],
          [
            0.0041695,
            51.5318231
          ],
          [
            0.0041103,
            51.5319408
          ],
          [
            0.0040524,
            51.5320348
          ],
          [
            0.00401,
            51.5320925
          ],
          [
            0.0039784,
            51.532131
          ]
        ]
      },
      "id": "way/1300454557"
    },
    {
      "type": "Feature",
      "properties": {
        "@id": "way/1300454558",
        "electrified": "rail",
        "frequency": "0",
        "gauge": "1435",
        "layer": "-1",
        "line": "Docklands Light Railway",
        "maxspeed": "75",
        "name": "Docklands Light Railway",
        "operator": "Keolis Amey Docklands",
        "operator:wikidata": "Q89212210",
        "railway": "light_rail",
        "railway:cbtc": "dto",
        "railway:preferred_direction": "forward",
        "voltage": "750"
      },
      "geometry": {
        "type": "LineString",
        "coordinates": [
          [
            0.0024274,
            51.534169
          ],
          [
            0.0024774,
            51.5340625
          ],
          [
            0.0025295,
            51.5339538
          ],
          [
            0.0025863,
            51.5338464
          ],
          [
            0.0026448,
            51.5337417
          ],
          [
            0.002703,
            51.5336445
          ],
          [
            0.0027641,
            51.5335514
          ],
          [
            0.0028321,
            51.5334533
          ],
          [
            0.0028849,
            51.5333811
          ],
          [
            0.0029467,
            51.5333057
          ],
          [
            0.0030153,
            51.5332247
          ],
          [
            0.0030914,
            51.5331395
          ],
          [
            0.0031785,
            51.5330457
          ]
        ]
      },
      "id": "way/1300454558"
    },
    {
      "type": "Feature",
      "properties": {
        "@id": "way/1300454559",
        "electrified": "rail",
        "frequency": "0",
        "gauge": "1435",
        "layer": "-1",
        "line": "Docklands Light Railway",
        "maxspeed": "75",
        "name": "Docklands Light Railway",
        "operator": "Keolis Amey Docklands",
        "operator:wikidata": "Q89212210",
        "railway": "light_rail",
        "railway:cbtc": "dto",
        "railway:preferred_direction": "forward",
        "voltage": "750"
      },
      "geometry": {
        "type": "LineString",
        "coordinates": [
          [
            0.0031528,
            51.5330381
          ],
          [
            0.0030681,
            51.5331294
          ],
          [
            0.0029914,
            51.5332147
          ],
          [
            0.0029227,
            51.5333015
          ],
          [
            0.0028638,
            51.5333753
          ],
          [
            0.0028078,
            51.5334466
          ],
          [
            0.0027396,
            51.5335451
          ],
          [
            0.0026761,
            51.5336415
          ],
          [
            0.0026203,
            51.533735
          ],
          [
            0.0025612,
            51.5338401
          ],
          [
            0.0025048,
            51.5339482
          ],
          [
            0.0024523,
            51.5340557
          ],
          [
            0.0023998,
            51.5341654
          ]
        ]
      },
      "id": "way/1300454559"
    },
    {
      "type": "Feature",
      "properties": {
        "@id": "way/1300454560",
        "electrified": "rail",
        "frequency": "0",
        "gauge": "1435",
        "layer": "-1",
        "line": "Docklands Light Railway",
        "maxspeed": "50",
        "name": "Docklands Light Railway",
        "operator": "Keolis Amey Docklands",
        "operator:wikidata": "Q89212210",
        "railway": "light_rail",
        "railway:cbtc": "dto",
        "railway:preferred_direction": "forward",
        "voltage": "750"
      },
      "geometry": {
        "type": "LineString",
        "coordinates": [
          [
            0.0046555,
            51.5286504
          ],
          [
            0.0046561,
            51.5284587
          ],
          [
            0.0046626,
            51.5281468
          ],
          [
            0.0046713,
            51.5279345
          ]
        ]
      },
      "id": "way/1300454560"
    },
    {
      "type": "Feature",
      "properties": {
        "@id": "way/1300454561",
        "electrified": "rail",
        "frequency": "0",
        "gauge": "1435",
        "layer": "-1",
        "line": "Docklands Light Railway",
        "maxspeed": "50",
        "name": "Docklands Light Railway",
        "operator": "Keolis Amey Docklands",
        "operator:wikidata": "Q89212210",
        "railway": "light_rail",
        "railway:cbtc": "dto",
        "railway:preferred_direction": "forward",
        "voltage": "750"
      },
      "geometry": {
        "type": "LineString",
        "coordinates": [
          [
            0.0045289,
            51.5276957
          ],
          [
            0.0045191,
            51.5278705
          ],
          [
            0.0045143,
            51.5279309
          ],
          [
            0.0045076,
            51.5280336
          ],
          [
            0.0044961,
            51.5281323
          ],
          [
            0.0044754,
            51.528289
          ],
          [
            0.0044546,
            51.5284466
          ],
          [
            0.0044477,
            51.5285465
          ],
          [
            0.0044458,
            51.5286456
          ]
        ]
      },
      "id": "way/1300454561"
    },
    {
      "type": "Feature",
      "properties": {
        "@id": "way/1300454552",
        "electrified": "rail",
        "frequency": "0",
        "gauge": "1435",
        "layer": "-1",
        "line": "Docklands Light Railway",
        "maxspeed": "80",
        "name": "Docklands Light Railway",
        "operator": "Keolis Amey Docklands",
        "operator:wikidata": "Q89212210",
        "railway": "light_rail",
        "railway:cbtc": "dto",
        "railway:preferred_direction": "forward",
        "voltage": "750"
      },
      "geometry": {
        "type": "LineString",
        "coordinates": [
          [
            0.0007207,
            51.5368578
          ],
          [
            0.0009229,
            51.5366107
          ],
          [
            0.0011091,
            51.5363619
          ],
          [
            0.0014016,
            51.5359617
          ],
          [
            0.0015796,
            51.5357143
          ],
          [
            0.0016927,
            51.5355533
          ],
          [
            0.0017758,
            51.5354269
          ],
          [
            0.001859,
            51.535299
          ],
          [
            0.0019532,
            51.5351422
          ],
          [
            0.0020272,
            51.5350093
          ],
          [
            0.0020983,
            51.5348765
          ],
          [
            0.0021671,
            51.5347433
          ],
          [
            0.0022317,
            51.5346082
          ],
          [
            0.0024274,
            51.534169
          ]
        ]
      },
      "id": "way/1300454552"
    },
    {
      "type": "Feature",
      "properties": {
        "@id": "way/1300454553",
        "electrified": "rail",
        "frequency": "0",
        "gauge": "1435",
        "layer": "-1",
        "line": "Docklands Light Railway",
        "maxspeed": "80",
        "name": "Docklands Light Railway",
        "operator": "Keolis Amey Docklands",
        "operator:wikidata": "Q89212210",
        "railway": "light_rail",
        "railway:cbtc": "dto",
        "railway:preferred_direction": "forward",
        "voltage": "750"
      },
      "geometry": {
        "type": "LineString",
        "coordinates": [
          [
            0.0023998,
            51.5341654
          ],
          [
            0.0021938,
            51.5346
          ],
          [
            0.0021294,
            51.5347341
          ],
          [
            0.0020607,
            51.5348673
          ],
          [
            0.0019904,
            51.5350004
          ],
          [
            0.0019173,
            51.5351327
          ],
          [
            0.0018222,
            51.5352888
          ],
          [
            0.0017406,
            51.5354171
          ],
          [
            0.0016575,
            51.5355458
          ],
          [
            0.0015472,
            51.5357043
          ],
          [
            0.0013744,
            51.5359544
          ],
          [
            0.0010817,
            51.5363523
          ],
          [
            0.0008927,
            51.5366047
          ],
          [
            0.0006942,
            51.5368481
          ]
        ]
      },
      "id": "way/1300454553"
    },
    {
      "type": "Feature",
      "properties": {
        "@id": "way/28332300",
        "electrified": "rail",
        "frequency": "0",
        "gauge": "1435",
        "line": "Docklands Light Railway",
        "maxspeed": "40",
        "name": "Docklands Light Railway",
        "operator": "Keolis Amey Docklands",
        "operator:wikidata": "Q89212210",
        "railway": "light_rail",
        "railway:cbtc": "dto",
        "railway:preferred_direction": "forward",
        "start_date": "2009-01-10",
        "voltage": "750"
      },
      "geometry": {
        "type": "LineString",
        "coordinates": [
          [
            0.0641156,
            51.5019236
          ],
          [
            0.063934,
            51.5019245
          ],
          [
            0.0635801,
            51.501916
          ],
          [
            0.0617878,
            51.5019721
          ],
          [
            0.0615484,
            51.5019812
          ]
        ]
      },
      "id": "way/28332300"
    },
    {
      "type": "Feature",
      "properties": {
        "@id": "way/163561003",
        "electrified": "rail",
        "embankment": "yes",
        "frequency": "0",
        "gauge": "1435",
        "line": "Docklands Light Railway",
        "maxspeed": "30",
        "name": "Docklands Light Railway",
        "operator": "Keolis Amey Docklands",
        "operator:wikidata": "Q89212210",
        "railway": "light_rail",
        "railway:cbtc": "dto",
        "railway:preferred_direction": "forward",
        "source": "Yahoo Tracing",
        "voltage": "750"
      },
      "geometry": {
        "type": "LineString",
        "coordinates": [
          [
            0.0603047,
            51.5021125
          ],
          [
            0.0598728,
            51.5020929
          ]
        ]
      },
      "id": "way/163561003"
    },
    {
      "type": "Feature",
      "properties": {
        "@id": "way/163561015",
        "electrified": "rail",
        "frequency": "0",
        "gauge": "1435",
        "line": "Docklands Light Railway",
        "maxspeed": "40",
        "name": "Docklands Light Railway",
        "operator": "Keolis Amey Docklands",
        "operator:wikidata": "Q89212210",
        "railway": "light_rail",
        "railway:cbtc": "dto",
        "railway:preferred_direction": "forward",
        "voltage": "750"
      },
      "geometry": {
        "type": "LineString",
        "coordinates": [
          [
            0.0615578,
            51.5020769
          ],
          [
            0.0628621,
            51.5020433
          ],
          [
            0.0631722,
            51.5020251
          ],
          [
            0.0636965,
            51.501998
          ],
          [
            0.0641237,
            51.5019673
          ]
        ]
      },
      "id": "way/163561015"
    },
    {
      "type": "Feature",
      "properties": {
        "@id": "way/1300454592",
        "electrified": "rail",
        "embankment": "yes",
        "frequency": "0",
        "gauge": "1435",
        "line": "Docklands Light Railway",
        "maxspeed": "40",
        "name": "Docklands Light Railway",
        "operator": "Keolis Amey Docklands",
        "operator:wikidata": "Q89212210",
        "railway": "light_rail",
        "railway:cbtc": "dto",
        "railway:preferred_direction": "forward",
        "voltage": "750"
      },
      "geometry": {
        "type": "LineString",
        "coordinates": [
          [
            0.0603047,
            51.5021125
          ],
          [
            0.0610969,
            51.5020878
          ],
          [
            0.0615578,
            51.5020769
          ]
        ]
      },
      "id": "way/1300454592"
    },
    {
      "type": "Feature",
      "properties": {
        "@id": "way/1300454593",
        "electrified": "rail",
        "embankment": "yes",
        "frequency": "0",
        "gauge": "1435",
        "line": "Docklands Light Railway",
        "maxspeed": "40",
        "name": "Docklands Light Railway",
        "operator": "Keolis Amey Docklands",
        "operator:wikidata": "Q89212210",
        "railway": "light_rail",
        "railway:cbtc": "dto",
        "railway:preferred_direction": "forward",
        "voltage": "750"
      },
      "geometry": {
        "type": "LineString",
        "coordinates": [
          [
            0.0615484,
            51.5019812
          ],
          [
            0.0613407,
            51.5019981
          ],
          [
            0.0610951,
            51.5020261
          ],
          [
            0.0607051,
            51.5020665
          ],
          [
            0.0604265,
            51.5020778
          ],
          [
            0.0598728,
            51.5020929
          ]
        ]
      },
      "id": "way/1300454593"
    },
    {
      "type": "Feature",
      "properties": {
        "@id": "way/14179694",
        "electrified": "rail",
        "frequency": "0",
        "gauge": "1435",
        "line": "Docklands Light Railway",
        "maxspeed": "55",
        "name": "Docklands Light Railway",
        "operator": "Keolis Amey Docklands",
        "operator:wikidata": "Q89212210",
        "railway": "light_rail",
        "railway:cbtc": "dto",
        "railway:preferred_direction": "forward",
        "voltage": "750"
      },
      "geometry": {
        "type": "LineString",
        "coordinates": [
          [
            0.0647423,
            51.5145189
          ],
          [
            0.0682572,
            51.5143877
          ],
          [
            0.0688857,
            51.5143603
          ],
          [
            0.0691342,
            51.5143336
          ],
          [
            0.0694213,
            51.5142885
          ],
          [
            0.06965,
            51.5142384
          ]
        ]
      },
      "id": "way/14179694"
    },
    {
      "type": "Feature",
      "properties": {
        "@id": "way/17679412",
        "covered": "yes",
        "electrified": "rail",
        "frequency": "0",
        "gauge": "1435",
        "layer": "-1",
        "line": "Docklands Light Railway",
        "maxspeed": "40",
        "name": "Docklands Light Railway",
        "operator": "Keolis Amey Docklands",
        "operator:wikidata": "Q89212210",
        "railway": "light_rail",
        "railway:cbtc": "dto",
        "railway:preferred_direction": "forward",
        "tunnel": "yes",
        "voltage": "750"
      },
      "geometry": {
        "type": "LineString",
        "coordinates": [
          [
            0.0658451,
            51.5082604
          ],
          [
            0.0657842,
            51.5082836
          ],
          [
            0.0656465,
            51.5083309
          ],
          [
            0.0655088,
            51.5083688
          ],
          [
            0.0654067,
            51.5083906
          ],
          [
            0.0653084,
            51.5084085
          ],
          [
            0.0651931,
            51.5084253
          ],
          [
            0.0651179,
            51.5084333
          ],
          [
            0.0650744,
            51.5084347
          ],
          [
            0.0642601,
            51.5084604
          ]
        ]
      },
      "id": "way/17679412"
    },
    {
      "type": "Feature",
      "properties": {
        "@id": "way/105691798",
        "electrified": "rail",
        "frequency": "0",
        "gauge": "1435",
        "line": "Docklands Light Railway",
        "maxspeed": "80",
        "name": "Docklands Light Railway",
        "operator": "Keolis Amey Docklands",
        "operator:wikidata": "Q89212210",
        "railway": "light_rail",
        "railway:cbtc": "dto",
        "railway:preferred_direction": "forward",
        "voltage": "750"
      },
      "geometry": {
        "type": "LineString",
        "coordinates": [
          [
            0.0633465,
            51.5084906
          ],
          [
            0.0556203,
            51.5087323
          ]
        ]
      },
      "id": "way/105691798"
    },
    {
      "type": "Feature",
      "properties": {
        "@id": "way/163558975",
        "covered": "yes",
        "electrified": "rail",
        "frequency": "0",
        "gauge": "1435",
        "layer": "-1",
        "line": "Docklands Light Railway",
        "maxspeed": "40",
        "name": "Docklands Light Railway",
        "operator": "Keolis Amey Docklands",
        "operator:wikidata": "Q89212210",
        "railway": "light_rail",
        "railway:cbtc": "dto",
        "railway:preferred_direction": "forward",
        "tunnel": "yes",
        "voltage": "750"
      },
      "geometry": {
        "type": "LineString",
        "coordinates": [
          [
            0.0642647,
            51.5084896
          ],
          [
            0.0650777,
            51.5084643
          ],
          [
            0.065203,
            51.5084531
          ],
          [
            0.0653144,
            51.5084368
          ],
          [
            0.0654174,
            51.5084209
          ],
          [
            0.0655221,
            51.5084
          ],
          [
            0.0656743,
            51.5083603
          ],
          [
            0.0658211,
            51.5083101
          ],
          [
            0.0659368,
            51.5082591
          ]
        ]
      },
      "id": "way/163558975"
    },
    {
      "type": "Feature",
      "properties": {
        "@id": "way/163558977",
        "electrified": "rail",
        "frequency": "0",
        "gauge": "1435",
        "line": "Docklands Light Railway",
        "maxspeed": "80",
        "name": "Docklands Light Railway",
        "operator": "Keolis Amey Docklands",
        "operator:wikidata": "Q89212210",
        "railway": "light_rail",
        "railway:cbtc": "dto",
        "railway:preferred_direction": "forward",
        "voltage": "750"
      },
      "geometry": {
        "type": "LineString",
        "coordinates": [
          [
            0.055622,
            51.5087595
          ],
          [
            0.0633481,
            51.508519
          ]
        ]
      },
      "id": "way/163558977"
    },
    {
      "type": "Feature",
      "properties": {
        "@id": "way/163559488",
        "electrified": "rail",
        "frequency": "0",
        "gauge": "1435",
        "line": "Docklands Light Railway",
        "maxspeed": "55",
        "name": "Docklands Light Railway",
        "operator": "Keolis Amey Docklands",
        "operator:wikidata": "Q89212210",
        "railway": "light_rail",
        "railway:cbtc": "dto",
        "railway:preferred_direction": "forward",
        "voltage": "750"
      },
      "geometry": {
        "type": "LineString",
        "coordinates": [
          [
            0.0696315,
            51.5142096
          ],
          [
            0.069405,
            51.5142612
          ],
          [
            0.0691631,
            51.5142999
          ],
          [
            0.0689486,
            51.5143247
          ],
          [
            0.068711,
            51.5143413
          ],
          [
            0.0655189,
            51.5144615
          ],
          [
            0.0647561,
            51.5144903
          ]
        ]
      },
      "id": "way/163559488"
    },
    {
      "type": "Feature",
      "properties": {
        "@id": "way/163561001",
        "electrified": "rail",
        "embankment": "yes",
        "frequency": "0",
        "gauge": "1435",
        "line": "Docklands Light Railway",
        "maxspeed": "30",
        "name": "Docklands Light Railway",
        "operator": "Keolis Amey Docklands",
        "operator:wikidata": "Q89212210",
        "railway": "light_rail",
        "railway:cbtc": "dto",
        "railway:preferred_direction": "forward",
        "source": "Yahoo Tracing",
        "voltage": "750"
      },
      "geometry": {
        "type": "LineString",
        "coordinates": [
          [
            0.058713,
            51.5021632
          ],
          [
            0.0592711,
            51.5021116
          ]
        ]
      },
      "id": "way/163561001"
    },
    {
      "type": "Feature",
      "properties": {
        "@id": "way/1300454594",
        "electrified": "rail",
        "frequency": "0",
        "gauge": "1435",
        "line": "Docklands Light Railway",
        "maxspeed": "65",
        "name": "Docklands Light Railway",
        "operator": "Keolis Amey Docklands",
        "operator:wikidata": "Q89212210",
        "railway": "light_rail",
        "railway:cbtc": "dto",
        "railway:preferred_direction": "forward",
        "voltage": "750"
      },
      "geometry": {
        "type": "LineString",
        "coordinates": [
          [
            0.0641237,
            51.5019673
          ],
          [
            0.0647096,
            51.5019239
          ],
          [
            0.0651589,
            51.5018921
          ],
          [
            0.0655903,
            51.501879
          ],
          [
            0.0660211,
            51.50187
          ]
        ]
      },
      "id": "way/1300454594"
    },
    {
      "type": "Feature",
      "properties": {
        "@id": "way/1300454595",
        "electrified": "rail",
        "frequency": "0",
        "gauge": "1435",
        "line": "Docklands Light Railway",
        "maxspeed": "65",
        "name": "Docklands Light Railway",
        "operator": "Keolis Amey Docklands",
        "operator:wikidata": "Q89212210",
        "railway": "light_rail",
        "railway:cbtc": "dto",
        "railway:preferred_direction": "forward",
        "start_date": "2009-01-10",
        "voltage": "750"
      },
      "geometry": {
        "type": "LineString",
        "coordinates": [
          [
            0.0660194,
            51.501812
          ],
          [
            0.0651326,
            51.5018637
          ],
          [
            0.0642881,
            51.5019114
          ],
          [
            0.0641156,
            51.5019236
          ]
        ]
      },
      "id": "way/1300454595"
    },
    {
      "type": "Feature",
      "properties": {
        "@id": "way/17679533",
        "electrified": "rail",
        "frequency": "0",
        "gauge": "1435",
        "layer": "-1",
        "line": "Docklands Light Railway",
        "maxspeed": "50",
        "name": "Docklands Light Railway",
        "operator": "Keolis Amey Docklands",
        "operator:wikidata": "Q89212210",
        "railway": "light_rail",
        "railway:cbtc": "dto",
        "railway:preferred_direction": "forward",
        "tunnel": "yes",
        "voltage": "750"
      },
      "geometry": {
        "type": "LineString",
        "coordinates": [
          [
            0.0546791,
            51.5087583
          ],
          [
            0.0543361,
            51.508771
          ]
        ]
      },
      "id": "way/17679533"
    },
    {
      "type": "Feature",
      "properties": {
        "@id": "way/163558949",
        "electrified": "rail",
        "frequency": "0",
        "gauge": "1435",
        "layer": "-1",
        "line": "Docklands Light Railway",
        "maxspeed": "50",
        "name": "Docklands Light Railway",
        "operator": "Keolis Amey Docklands",
        "operator:wikidata": "Q89212210",
        "railway": "light_rail",
        "railway:cbtc": "dto",
        "railway:preferred_direction": "forward",
        "tunnel": "yes",
        "voltage": "750"
      },
      "geometry": {
        "type": "LineString",
        "coordinates": [
          [
            0.0556203,
            51.5087323
          ],
          [
            0.0552691,
            51.5087422
          ]
        ]
      },
      "id": "way/163558949"
    },
    {
      "type": "Feature",
      "properties": {
        "@id": "way/163558954",
        "electrified": "rail",
        "frequency": "0",
        "gauge": "1435",
        "layer": "-1",
        "line": "Docklands Light Railway",
        "maxspeed": "50",
        "name": "Docklands Light Railway",
        "operator": "Keolis Amey Docklands",
        "operator:wikidata": "Q89212210",
        "railway": "light_rail",
        "railway:cbtc": "dto",
        "railway:preferred_direction": "forward",
        "tunnel": "yes",
        "voltage": "750"
      },
      "geometry": {
        "type": "LineString",
        "coordinates": [
          [
            0.0552703,
            51.508772
          ],
          [
            0.055622,
            51.5087595
          ]
        ]
      },
      "id": "way/163558954"
    },
    {
      "type": "Feature",
      "properties": {
        "@id": "way/163558958",
        "electrified": "rail",
        "frequency": "0",
        "gauge": "1435",
        "layer": "-1",
        "line": "Docklands Light Railway",
        "maxspeed": "50",
        "name": "Docklands Light Railway",
        "operator": "Keolis Amey Docklands",
        "operator:wikidata": "Q89212210",
        "railway": "light_rail",
        "railway:cbtc": "dto",
        "railway:preferred_direction": "forward",
        "tunnel": "yes",
        "voltage": "750"
      },
      "geometry": {
        "type": "LineString",
        "coordinates": [
          [
            0.054338,
            51.5088006
          ],
          [
            0.0546819,
            51.5087873
          ]
        ]
      },
      "id": "way/163558958"
    },
    {
      "type": "Feature",
      "properties": {
        "@id": "way/163558966",
        "electrified": "rail",
        "frequency": "0",
        "gauge": "1435",
        "line": "Docklands Light Railway",
        "maxspeed": "50",
        "name": "Docklands Light Railway",
        "operator": "Keolis Amey Docklands",
        "operator:wikidata": "Q89212210",
        "railway": "light_rail",
        "railway:cbtc": "dto",
        "railway:preferred_direction": "forward",
        "voltage": "750"
      },
      "geometry": {
        "type": "LineString",
        "coordinates": [
          [
            0.0546819,
            51.5087873
          ],
          [
            0.0552259,
            51.5087728
          ],
          [
            0.0552703,
            51.508772
          ]
        ]
      },
      "id": "way/163558966"
    },
    {
      "type": "Feature",
      "properties": {
        "@id": "way/163558970",
        "electrified": "rail",
        "frequency": "0",
        "gauge": "1435",
        "layer": "-1",
        "line": "Docklands Light Railway",
        "maxspeed": "50",
        "name": "Docklands Light Railway",
        "operator": "Keolis Amey Docklands",
        "operator:wikidata": "Q89212210",
        "railway": "light_rail",
        "railway:cbtc": "dto",
        "railway:preferred_direction": "forward",
        "voltage": "750"
      },
      "geometry": {
        "type": "LineString",
        "coordinates": [
          [
            0.0552691,
            51.5087422
          ],
          [
            0.0547244,
            51.5087579
          ],
          [
            0.0546791,
            51.5087583
          ]
        ]
      },
      "id": "way/163558970"
    },
    {
      "type": "Feature",
      "properties": {
        "@id": "way/163558953",
        "covered": "yes",
        "electrified": "rail",
        "frequency": "0",
        "gauge": "1435",
        "layer": "-1",
        "line": "Docklands Light Railway",
        "maxspeed": "50",
        "name": "Docklands Light Railway",
        "operator": "Keolis Amey Docklands",
        "operator:wikidata": "Q89212210",
        "railway": "light_rail",
        "railway:cbtc": "dto",
        "railway:preferred_direction": "forward",
        "tunnel": "yes",
        "voltage": "750"
      },
      "geometry": {
        "type": "LineString",
        "coordinates": [
          [
            0.0637067,
            51.508478
          ],
          [
            0.0633465,
            51.5084906
          ]
        ]
      },
      "id": "way/163558953"
    },
    {
      "type": "Feature",
      "properties": {
        "@id": "way/163558956",
        "covered": "yes",
        "electrified": "rail",
        "frequency": "0",
        "gauge": "1435",
        "layer": "-1",
        "line": "Docklands Light Railway",
        "maxspeed": "50",
        "name": "Docklands Light Railway",
        "operator": "Keolis Amey Docklands",
        "operator:wikidata": "Q89212210",
        "railway": "light_rail",
        "railway:cbtc": "dto",
        "railway:preferred_direction": "forward",
        "tunnel": "yes",
        "voltage": "750"
      },
      "geometry": {
        "type": "LineString",
        "coordinates": [
          [
            0.0633481,
            51.508519
          ],
          [
            0.0637097,
            51.5085071
          ]
        ]
      },
      "id": "way/163558956"
    },
    {
      "type": "Feature",
      "properties": {
        "@id": "way/163558965",
        "electrified": "rail",
        "frequency": "0",
        "gauge": "1435",
        "line": "Docklands Light Railway",
        "maxspeed": "40",
        "name": "Docklands Light Railway",
        "operator": "Keolis Amey Docklands",
        "operator:wikidata": "Q89212210",
        "railway": "light_rail",
        "railway:cbtc": "dto",
        "railway:preferred_direction": "forward",
        "voltage": "750"
      },
      "geometry": {
        "type": "LineString",
        "coordinates": [
          [
            0.0637097,
            51.5085071
          ],
          [
            0.0639983,
            51.5084975
          ],
          [
            0.0642133,
            51.5084903
          ],
          [
            0.0642647,
            51.5084896
          ]
        ]
      },
      "id": "way/163558965"
    },
    {
      "type": "Feature",
      "properties": {
        "@id": "way/163558969",
        "electrified": "rail",
        "frequency": "0",
        "gauge": "1435",
        "layer": "-2",
        "line": "Docklands Light Railway",
        "maxspeed": "40",
        "name": "Docklands Light Railway",
        "operator": "Keolis Amey Docklands",
        "operator:wikidata": "Q89212210",
        "railway": "light_rail",
        "railway:cbtc": "dto",
        "railway:preferred_direction": "forward",
        "voltage": "750"
      },
      "geometry": {
        "type": "LineString",
        "coordinates": [
          [
            0.0642601,
            51.5084604
          ],
          [
            0.0638053,
            51.5084751
          ],
          [
            0.0637067,
            51.508478
          ]
        ]
      },
      "id": "way/163558969"
    },
    {
      "type": "Feature",
      "properties": {
        "@id": "way/163559489",
        "electrified": "rail",
        "frequency": "0",
        "gauge": "1435",
        "line": "Docklands Light Railway",
        "maxspeed": "35",
        "name": "Docklands Light Railway",
        "operator": "Keolis Amey Docklands",
        "operator:wikidata": "Q89212210",
        "railway": "light_rail",
        "railway:cbtc": "dto",
        "railway:preferred_direction": "forward",
        "service": "crossover",
        "voltage": "750"
      },
      "geometry": {
        "type": "LineString",
        "coordinates": [
          [
            0.06443,
            51.5145002
          ],
          [
            0.0642413,
            51.5145215
          ],
          [
            0.0640379,
            51.5145391
          ]
        ]
      },
      "id": "way/163559489"
    },
    {
      "type": "Feature",
      "properties": {
        "@id": "way/163559490",
        "electrified": "rail",
        "frequency": "0",
        "gauge": "1435",
        "line": "Docklands Light Railway",
        "maxspeed": "35",
        "name": "Docklands Light Railway",
        "operator": "Keolis Amey Docklands",
        "operator:wikidata": "Q89212210",
        "railway": "light_rail",
        "railway:cbtc": "dto",
        "railway:preferred_direction": "forward",
        "service": "crossover",
        "voltage": "750"
      },
      "geometry": {
        "type": "LineString",
        "coordinates": [
          [
            0.0627655,
            51.5144358
          ],
          [
            0.0630681,
            51.5144804
          ],
          [
            0.0631757,
            51.5145034
          ],
          [
            0.0632703,
            51.5145175
          ],
          [
            0.0634162,
            51.5145319
          ],
          [
            0.0636785,
            51.51455
          ]
        ]
      },
      "id": "way/163559490"
    },
    {
      "type": "Feature",
      "properties": {
        "@id": "way/700809074",
        "electrified": "rail",
        "frequency": "0",
        "gauge": "1435",
        "line": "Docklands Light Railway",
        "maxspeed": "35",
        "name": "Docklands Light Railway",
        "operator": "Keolis Amey Docklands",
        "operator:wikidata": "Q89212210",
        "railway": "light_rail",
        "railway:bidirectional": "regular",
        "railway:cbtc": "dto",
        "railway:preferred_direction": "both",
        "voltage": "750"
      },
      "geometry": {
        "type": "LineString",
        "coordinates": [
          [
            0.061028,
            51.5143798
          ],
          [
            0.0625926,
            51.5145135
          ]
        ]
      },
      "id": "way/700809074"
    },
    {
      "type": "Feature",
      "properties": {
        "@id": "way/700809075",
        "electrified": "rail",
        "frequency": "0",
        "gauge": "1435",
        "line": "Docklands Light Railway",
        "maxspeed": "35",
        "name": "Docklands Light Railway",
        "operator": "Keolis Amey Docklands",
        "operator:wikidata": "Q89212210",
        "railway": "light_rail",
        "railway:bidirectional": "regular",
        "railway:cbtc": "dto",
        "railway:preferred_direction": "both",
        "voltage": "750"
      },
      "geometry": {
        "type": "LineString",
        "coordinates": [
          [
            0.0611873,
            51.5142902
          ],
          [
            0.0610527,
            51.5142785
          ]
        ]
      },
      "id": "way/700809075"
    },
    {
      "type": "Feature",
      "properties": {
        "@id": "way/1300120712",
        "electrified": "rail",
        "frequency": "0",
        "gauge": "1435",
        "line": "Docklands Light Railway",
        "maxspeed": "35",
        "name": "Docklands Light Railway",
        "operator": "Keolis Amey Docklands",
        "operator:wikidata": "Q89212210",
        "railway": "light_rail",
        "railway:cbtc": "dto",
        "railway:preferred_direction": "forward",
        "voltage": "750"
      },
      "geometry": {
        "type": "LineString",
        "coordinates": [
          [
            0.0647561,
            51.5144903
          ],
          [
            0.06443,
            51.5145002
          ],
          [
            0.064046,
            51.5145101
          ],
          [
            0.0638281,
            51.5145152
          ],
          [
            0.0636377,
            51.5145139
          ],
          [
            0.0633625,
            51.5144872
          ],
          [
            0.0627655,
            51.5144358
          ]
        ]
      },
      "id": "way/1300120712"
    },
    {
      "type": "Feature",
      "properties": {
        "@id": "way/1300120713",
        "electrified": "rail",
        "frequency": "0",
        "gauge": "1435",
        "line": "Docklands Light Railway",
        "maxspeed": "35",
        "name": "Docklands Light Railway",
        "operator": "Keolis Amey Docklands",
        "operator:wikidata": "Q89212210",
        "railway": "light_rail",
        "railway:bidirectional": "regular",
        "railway:cbtc": "dto",
        "railway:preferred_direction": "both",
        "voltage": "750"
      },
      "geometry": {
        "type": "LineString",
        "coordinates": [
          [
            0.0625926,
            51.5145135
          ],
          [
            0.0628335,
            51.5145362
          ],
          [
            0.0630457,
            51.5145539
          ],
          [
            0.063162,
            51.5145596
          ],
          [
            0.0632946,
            51.5145603
          ],
          [
            0.0636785,
            51.51455
          ],
          [
            0.0638505,
            51.5145439
          ],
          [
            0.0640379,
            51.5145391
          ]
        ]
      },
      "id": "way/1300120713"
    },
    {
      "type": "Feature",
      "properties": {
        "@id": "way/1380277092",
        "electrified": "rail",
        "frequency": "0",
        "gauge": "1435",
        "line": "Docklands Light Railway",
        "maxspeed": "35",
        "name": "Docklands Light Railway",
        "operator": "Keolis Amey Docklands",
        "operator:wikidata": "Q89212210",
        "railway": "light_rail",
        "railway:cbtc": "dto",
        "railway:preferred_direction": "forward",
        "voltage": "750"
      },
      "geometry": {
        "type": "LineString",
        "coordinates": [
          [
            0.0640379,
            51.5145391
          ],
          [
            0.0647423,
            51.5145189
          ]
        ]
      },
      "id": "way/1380277092"
    },
    {
      "type": "Feature",
      "properties": {
        "@id": "way/1380277093",
        "electrified": "rail",
        "frequency": "0",
        "gauge": "1435",
        "line": "Docklands Light Railway",
        "maxspeed": "35",
        "name": "Docklands Light Railway",
        "operator": "Keolis Amey Docklands",
        "operator:wikidata": "Q89212210",
        "railway": "light_rail",
        "railway:bidirectional": "regular",
        "railway:cbtc": "dto",
        "railway:preferred_direction": "both",
        "voltage": "750"
      },
      "geometry": {
        "type": "LineString",
        "coordinates": [
          [
            0.0627655,
            51.5144358
          ],
          [
            0.0611873,
            51.5142902
          ]
        ]
      },
      "id": "way/1380277093"
    },
    {
      "type": "Feature",
      "properties": {
        "@id": "way/163558961",
        "bridge": "yes",
        "electrified": "rail",
        "frequency": "0",
        "gauge": "1435",
        "layer": "1",
        "line": "Docklands Light Railway",
        "maxspeed": "45",
        "name": "Docklands Light Railway",
        "operator": "Keolis Amey Docklands",
        "operator:wikidata": "Q89212210",
        "railway": "light_rail",
        "railway:cbtc": "dto",
        "railway:preferred_direction": "forward",
        "voltage": "750"
      },
      "geometry": {
        "type": "LineString",
        "coordinates": [
          [
            0.0697214,
            51.5070953
          ],
          [
            0.0698544,
            51.5070987
          ],
          [
            0.0700057,
            51.5071078
          ],
          [
            0.0701252,
            51.5071205
          ],
          [
            0.070228,
            51.5071358
          ],
          [
            0.0703738,
            51.5071637
          ],
          [
            0.0705098,
            51.5071947
          ],
          [
            0.070643,
            51.5072349
          ],
          [
            0.0707612,
            51.507276
          ],
          [
            0.070872,
            51.5073201
          ],
          [
            0.0710375,
            51.5074004
          ],
          [
            0.0711366,
            51.5074572
          ],
          [
            0.0712429,
            51.507523
          ]
        ]
      },
      "id": "way/163558961"
    },
    {
      "type": "Feature",
      "properties": {
        "@id": "way/694064777",
        "bridge": "yes",
        "electrified": "rail",
        "frequency": "0",
        "gauge": "1435",
        "layer": "1",
        "line": "Docklands Light Railway",
        "maxspeed": "55",
        "name": "Docklands Light Railway",
        "operator": "Keolis Amey Docklands",
        "operator:wikidata": "Q89212210",
        "railway": "light_rail",
        "railway:cbtc": "dto",
        "railway:preferred_direction": "forward",
        "usage": "main",
        "voltage": "750"
      },
      "geometry": {
        "type": "LineString",
        "coordinates": [
          [
            0.0697242,
            51.5070675
          ],
          [
            0.0692664,
            51.5070715
          ],
          [
            0.0689871,
            51.5070764
          ],
          [
            0.0688367,
            51.5070815
          ],
          [
            0.0686989,
            51.5070902
          ],
          [
            0.0685482,
            51.5071052
          ],
          [
            0.0684143,
            51.5071222
          ],
          [
            0.0681723,
            51.5071653
          ]
        ]
      },
      "id": "way/694064777"
    },
    {
      "type": "Feature",
      "properties": {
        "@id": "way/1065595866",
        "electrified": "rail",
        "frequency": "0",
        "gauge": "1435",
        "layer": "-1",
        "line": "Docklands Light Railway",
        "maxspeed": "65",
        "name": "Docklands Light Railway",
        "operator": "Keolis Amey Docklands",
        "operator:wikidata": "Q89212210",
        "railway": "light_rail",
        "railway:cbtc": "dto",
        "railway:preferred_direction": "forward",
        "source": "OS OpenData StreetView",
        "start_date": "2009-01-10",
        "tunnel": "yes",
        "voltage": "750"
      },
      "geometry": {
        "type": "LineString",
        "coordinates": [
          [
            0.0660211,
            51.50187
          ],
          [
            0.0666896,
            51.5018721
          ],
          [
            0.0670119,
            51.5018657
          ],
          [
            0.0673106,
            51.5018483
          ]
        ]
      },
      "id": "way/1065595866"
    },
    {
      "type": "Feature",
      "properties": {
        "@id": "way/1065595867",
        "electrified": "rail",
        "frequency": "0",
        "gauge": "1435",
        "layer": "-1",
        "line": "Docklands Light Railway",
        "maxspeed": "65",
        "name": "Docklands Light Railway",
        "operator": "Keolis Amey Docklands",
        "operator:wikidata": "Q89212210",
        "railway": "light_rail",
        "railway:cbtc": "dto",
        "railway:preferred_direction": "forward",
        "source": "OS OpenData StreetView",
        "start_date": "2009-01-10",
        "tunnel": "yes",
        "voltage": "750"
      },
      "geometry": {
        "type": "LineString",
        "coordinates": [
          [
            0.0672977,
            51.5017274
          ],
          [
            0.0660194,
            51.501812
          ]
        ]
      },
      "id": "way/1065595867"
    },
    {
      "type": "Feature",
      "properties": {
        "@id": "way/1300120708",
        "bridge": "yes",
        "electrified": "rail",
        "frequency": "0",
        "gauge": "1435",
        "layer": "1",
        "line": "Docklands Light Railway",
        "maxspeed": "55",
        "name": "Docklands Light Railway",
        "operator": "Keolis Amey Docklands",
        "operator:wikidata": "Q89212210",
        "railway": "light_rail",
        "railway:cbtc": "dto",
        "railway:preferred_direction": "forward",
        "usage": "main",
        "voltage": "750"
      },
      "geometry": {
        "type": "LineString",
        "coordinates": [
          [
            0.0681892,
            51.5071928
          ],
          [
            0.0684032,
            51.5071539
          ],
          [
            0.0685532,
            51.5071338
          ],
          [
            0.0687035,
            51.507119
          ],
          [
            0.0688382,
            51.5071097
          ],
          [
            0.0689888,
            51.5071043
          ],
          [
            0.0691925,
            51.5071015
          ],
          [
            0.0694684,
            51.5070972
          ],
          [
            0.0697214,
            51.5070953
          ]
        ]
      },
      "id": "way/1300120708"
    },
    {
      "type": "Feature",
      "properties": {
        "@id": "way/1300120709",
        "bridge": "yes",
        "electrified": "rail",
        "frequency": "0",
        "gauge": "1435",
        "layer": "1",
        "line": "Docklands Light Railway",
        "maxspeed": "45",
        "name": "Docklands Light Railway",
        "operator": "Keolis Amey Docklands",
        "operator:wikidata": "Q89212210",
        "railway": "light_rail",
        "railway:cbtc": "dto",
        "railway:preferred_direction": "forward",
        "voltage": "750"
      },
      "geometry": {
        "type": "LineString",
        "coordinates": [
          [
            0.0710703,
            51.5073784
          ],
          [
            0.0709777,
            51.5073334
          ],
          [
            0.0708548,
            51.5072809
          ],
          [
            0.0707176,
            51.5072282
          ],
          [
            0.0706009,
            51.5071873
          ],
          [
            0.0704566,
            51.5071515
          ],
          [
            0.0703133,
            51.5071222
          ],
          [
            0.0701651,
            51.5070974
          ],
          [
            0.0700232,
            51.5070819
          ],
          [
            0.0698714,
            51.5070719
          ],
          [
            0.0697242,
            51.5070675
          ]
        ]
      },
      "id": "way/1300120709"
    },
    {
      "type": "Feature",
      "properties": {
        "@id": "way/4598749",
        "electrified": "rail",
        "frequency": "0",
        "gauge": "1435",
        "operator": "Keolis Amey Docklands",
        "operator:wikidata": "Q89212210",
        "railway": "light_rail",
        "railway:cbtc": "dto",
        "service": "siding",
        "voltage": "750"
      },
      "geometry": {
        "type": "LineString",
        "coordinates": [
          [
            0.0716222,
            51.512113
          ],
          [
            0.0716288,
            51.5120765
          ],
          [
            0.0716419,
            51.5120402
          ],
          [
            0.0716624,
            51.5120025
          ],
          [
            0.0716805,
            51.5119568
          ],
          [
            0.0716877,
            51.5119106
          ],
          [
            0.0716933,
            51.5118279
          ],
          [
            0.0716993,
            51.5117824
          ],
          [
            0.0717128,
            51.5117396
          ],
          [
            0.0717323,
            51.5117004
          ],
          [
            0.0717633,
            51.5116601
          ],
          [
            0.0717993,
            51.5116235
          ],
          [
            0.0718444,
            51.5115889
          ],
          [
            0.0718951,
            51.5115578
          ],
          [
            0.0719518,
            51.5115313
          ],
          [
            0.0720101,
            51.5115101
          ],
          [
            0.0720764,
            51.5114935
          ],
          [
            0.0721494,
            51.5114791
          ],
          [
            0.0722045,
            51.5114733
          ],
          [
            0.0722586,
            51.5114697
          ],
          [
            0.0723191,
            51.5114714
          ],
          [
            0.0723801,
            51.5114765
          ],
          [
            0.0724425,
            51.5114872
          ],
          [
            0.0725018,
            51.5115011
          ],
          [
            0.0725678,
            51.5115215
          ],
          [
            0.0726287,
            51.5115466
          ],
          [
            0.0726991,
            51.5115829
          ],
          [
            0.0733852,
            51.5119978
          ],
          [
            0.0736005,
            51.5121279
          ],
          [
            0.0736444,
            51.5121558
          ],
          [
            0.0736749,
            51.5121789
          ],
          [
            0.0737019,
            51.5122026
          ]
        ]
      },
      "id": "way/4598749"
    },
    {
      "type": "Feature",
      "properties": {
        "@id": "way/4598750",
        "electrified": "rail",
        "frequency": "0",
        "gauge": "1435",
        "operator": "Keolis Amey Docklands",
        "operator:wikidata": "Q89212210",
        "railway": "light_rail",
        "railway:cbtc": "dto",
        "service": "siding",
        "voltage": "750"
      },
      "geometry": {
        "type": "LineString",
        "coordinates": [
          [
            0.0717373,
            51.5103917
          ],
          [
            0.0717419,
            51.5104293
          ],
          [
            0.0717518,
            51.5104722
          ],
          [
            0.0717667,
            51.510512
          ],
          [
            0.0717791,
            51.5105594
          ],
          [
            0.0717802,
            51.5106107
          ],
          [
            0.0717715,
            51.5106969
          ],
          [
            0.0717717,
            51.5107505
          ],
          [
            0.0717762,
            51.5108
          ],
          [
            0.0717898,
            51.5108487
          ],
          [
            0.0718137,
            51.5109041
          ],
          [
            0.0718414,
            51.5109501
          ],
          [
            0.0718818,
            51.5109999
          ],
          [
            0.071926,
            51.5110406
          ],
          [
            0.0719742,
            51.5110748
          ],
          [
            0.0720235,
            51.5111044
          ],
          [
            0.0722829,
            51.5112968
          ],
          [
            0.0723954,
            51.5113683
          ],
          [
            0.0726992,
            51.5115146
          ],
          [
            0.072895,
            51.5116367
          ],
          [
            0.0730871,
            51.511749
          ],
          [
            0.0733743,
            51.5119236
          ],
          [
            0.0734293,
            51.5119586
          ],
          [
            0.0734829,
            51.5119945
          ],
          [
            0.073528,
            51.5120282
          ],
          [
            0.0735714,
            51.5120663
          ],
          [
            0.0737019,
            51.5122026
          ],
          [
            0.073725,
            51.5122246
          ],
          [
            0.0737485,
            51.5122472
          ],
          [
            0.0737768,
            51.5122704
          ],
          [
            0.0738277,
            51.5123046
          ],
          [
            0.0738953,
            51.5123412
          ],
          [
            0.0739745,
            51.5123818
          ],
          [
            0.0740407,
            51.5124122
          ],
          [
            0.0741073,
            51.5124416
          ],
          [
            0.0741855,
            51.5124707
          ],
          [
            0.0742784,
            51.5125007
          ],
          [
            0.0744613,
            51.5125561
          ],
          [
            0.0745256,
            51.5125735
          ],
          [
            0.0745937,
            51.5125856
          ],
          [
            0.074688,
            51.5125922
          ],
          [
            0.0748016,
            51.5125902
          ],
          [
            0.07486,
            51.5125836
          ],
          [
            0.0749176,
            51.5125737
          ],
          [
            0.0749958,
            51.5125538
          ],
          [
            0.0750578,
            51.512535
          ],
          [
            0.0751159,
            51.5125131
          ],
          [
            0.075415,
            51.5123719
          ],
          [
            0.0755027,
            51.5123422
          ],
          [
            0.0757705,
            51.5122738
          ],
          [
            0.0758704,
            51.5122554
          ],
          [
            0.0759533,
            51.512248
          ],
          [
            0.0767625,
            51.5121861
          ]
        ]
      },
      "id": "way/4598750"
    },
    {
      "type": "Feature",
      "properties": {
        "@id": "way/4598751",
        "electrified": "rail",
        "frequency": "0",
        "gauge": "1435",
        "operator": "Keolis Amey Docklands",
        "operator:wikidata": "Q89212210",
        "railway": "light_rail",
        "railway:cbtc": "dto",
        "service": "siding",
        "voltage": "750"
      },
      "geometry": {
        "type": "LineString",
        "coordinates": [
          [
            0.073725,
            51.5122246
          ],
          [
            0.0737861,
            51.5122964
          ],
          [
            0.0738583,
            51.5123668
          ],
          [
            0.0739257,
            51.5124165
          ],
          [
            0.0740259,
            51.512475
          ],
          [
            0.0740859,
            51.5125041
          ],
          [
            0.0741512,
            51.51253
          ],
          [
            0.0744214,
            51.5126207
          ],
          [
            0.0744786,
            51.5126391
          ],
          [
            0.0745413,
            51.5126545
          ],
          [
            0.0746046,
            51.5126629
          ],
          [
            0.0746839,
            51.5126676
          ],
          [
            0.0749547,
            51.5126646
          ],
          [
            0.074997,
            51.5126622
          ],
          [
            0.075047,
            51.5126569
          ],
          [
            0.0751004,
            51.5126484
          ],
          [
            0.0753145,
            51.5126096
          ],
          [
            0.0753984,
            51.5125987
          ],
          [
            0.0754767,
            51.5125905
          ],
          [
            0.0757974,
            51.5125678
          ],
          [
            0.0781241,
            51.5123896
          ],
          [
            0.0783082,
            51.5123794
          ],
          [
            0.0784536,
            51.5123857
          ],
          [
            0.0785921,
            51.5123977
          ],
          [
            0.0786987,
            51.5123956
          ],
          [
            0.0791148,
            51.5123666
          ],
          [
            0.0791938,
            51.5123585
          ],
          [
            0.0792648,
            51.5123447
          ],
          [
            0.0793398,
            51.5123239
          ],
          [
            0.0794185,
            51.5122937
          ],
          [
            0.0794846,
            51.5122555
          ],
          [
            0.079529,
            51.5122223
          ],
          [
            0.0795689,
            51.5121848
          ],
          [
            0.0796001,
            51.5121454
          ],
          [
            0.0797582,
            51.5119079
          ],
          [
            0.0797842,
            51.5118662
          ],
          [
            0.0801134,
            51.5113601
          ]
        ]
      },
      "id": "way/4598751"
    },
    {
      "type": "Feature",
      "properties": {
        "@id": "way/4598753",
        "electrified": "rail",
        "frequency": "0",
        "gauge": "1435",
        "operator": "Keolis Amey Docklands",
        "operator:wikidata": "Q89212210",
        "railway": "light_rail",
        "railway:cbtc": "dto",
        "service": "siding",
        "voltage": "750"
      },
      "geometry": {
        "type": "LineString",
        "coordinates": [
          [
            0.0740259,
            51.512475
          ],
          [
            0.0741756,
            51.512562
          ],
          [
            0.0742943,
            51.5126326
          ],
          [
            0.0743312,
            51.5126525
          ],
          [
            0.0743705,
            51.5126715
          ],
          [
            0.0744165,
            51.512689
          ],
          [
            0.074507,
            51.5127198
          ],
          [
            0.0746006,
            51.5127503
          ],
          [
            0.0746767,
            51.5127702
          ],
          [
            0.0747549,
            51.5127835
          ],
          [
            0.0748256,
            51.5127926
          ],
          [
            0.0748839,
            51.512796
          ],
          [
            0.074972,
            51.5127958
          ],
          [
            0.0750537,
            51.5127891
          ],
          [
            0.0785137,
            51.5125295
          ],
          [
            0.0786864,
            51.5125141
          ],
          [
            0.0787421,
            51.5125138
          ],
          [
            0.0787937,
            51.5125171
          ],
          [
            0.0788748,
            51.5125241
          ],
          [
            0.0789379,
            51.512527
          ],
          [
            0.0790085,
            51.5125253
          ],
          [
            0.0791052,
            51.5125138
          ],
          [
            0.0791957,
            51.5124938
          ],
          [
            0.079288,
            51.5124602
          ],
          [
            0.0793688,
            51.5124122
          ],
          [
            0.0794379,
            51.5123615
          ],
          [
            0.0795086,
            51.5122882
          ],
          [
            0.0796001,
            51.5121454
          ]
        ]
      },
      "id": "way/4598753"
    },
    {
      "type": "Feature",
      "properties": {
        "@id": "way/4598755",
        "electrified": "rail",
        "frequency": "0",
        "gauge": "1435",
        "operator": "Keolis Amey Docklands",
        "operator:wikidata": "Q89212210",
        "railway": "light_rail",
        "railway:cbtc": "dto",
        "service": "siding",
        "voltage": "750"
      },
      "geometry": {
        "type": "LineString",
        "coordinates": [
          [
            0.0750537,
            51.5127891
          ],
          [
            0.0751477,
            51.512787
          ],
          [
            0.0752486,
            51.5127931
          ],
          [
            0.0753426,
            51.5127985
          ],
          [
            0.075433,
            51.5127935
          ],
          [
            0.075548,
            51.5127859
          ],
          [
            0.0756084,
            51.5127839
          ],
          [
            0.0756825,
            51.5127858
          ],
          [
            0.0757984,
            51.5127937
          ],
          [
            0.0758784,
            51.5127975
          ],
          [
            0.0759719,
            51.5127952
          ],
          [
            0.0781807,
            51.5126271
          ],
          [
            0.0782819,
            51.5126147
          ],
          [
            0.0783695,
            51.5125964
          ],
          [
            0.0784719,
            51.5125721
          ],
          [
            0.078576,
            51.5125585
          ],
          [
            0.0790085,
            51.5125253
          ]
        ]
      },
      "id": "way/4598755"
    },
    {
      "type": "Feature",
      "properties": {
        "@id": "way/17679198",
        "bridge": "yes",
        "electrified": "rail",
        "frequency": "0",
        "gauge": "1435",
        "layer": "1",
        "line": "Docklands Light Railway",
        "name": "Docklands Light Railway",
        "operator": "Keolis Amey Docklands",
        "operator:wikidata": "Q89212210",
        "railway": "light_rail",
        "railway:cbtc": "dto",
        "railway:preferred_direction": "forward",
        "voltage": "750"
      },
      "geometry": {
        "type": "LineString",
        "coordinates": [
          [
            0.0718351,
            51.5086371
          ],
          [
            0.0718407,
            51.5085348
          ],
          [
            0.0718419,
            51.508462
          ],
          [
            0.0718417,
            51.5084234
          ],
          [
            0.0718359,
            51.5083272
          ],
          [
            0.0718329,
            51.508302
          ],
          [
            0.0718214,
            51.5082393
          ],
          [
            0.0717886,
            51.5081343
          ],
          [
            0.0717558,
            51.5080444
          ],
          [
            0.0717129,
            51.5079601
          ],
          [
            0.0716586,
            51.5078722
          ],
          [
            0.0716077,
            51.5078014
          ],
          [
            0.0715368,
            51.5077185
          ],
          [
            0.0714579,
            51.5076451
          ],
          [
            0.0713676,
            51.5075708
          ],
          [
            0.0712794,
            51.5075042
          ],
          [
            0.0711716,
            51.5074366
          ],
          [
            0.0710703,
            51.5073784
          ]
        ]
      },
      "id": "way/17679198"
    },
    {
      "type": "Feature",
      "properties": {
        "@id": "way/17679228",
        "electrified": "rail",
        "frequency": "0",
        "gauge": "1435",
        "line": "Docklands Light Railway",
        "maxspeed": "55",
        "name": "Docklands Light Railway",
        "operator": "Keolis Amey Docklands",
        "operator:wikidata": "Q89212210",
        "railway": "light_rail",
        "railway:cbtc": "dto",
        "railway:preferred_direction": "forward",
        "usage": "main",
        "voltage": "750"
      },
      "geometry": {
        "type": "LineString",
        "coordinates": [
          [
            0.0681723,
            51.5071653
          ],
          [
            0.0679751,
            51.5072115
          ],
          [
            0.0677953,
            51.5072641
          ],
          [
            0.0675769,
            51.5073422
          ],
          [
            0.0673493,
            51.5074432
          ],
          [
            0.0671029,
            51.5075756
          ],
          [
            0.0667125,
            51.5077933
          ],
          [
            0.0663043,
            51.5080222
          ],
          [
            0.0660594,
            51.5081596
          ],
          [
            0.0658451,
            51.5082604
          ]
        ]
      },
      "id": "way/17679228"
    },
    {
      "type": "Feature",
      "properties": {
        "@id": "way/163558979",
        "electrified": "rail",
        "frequency": "0",
        "gauge": "1435",
        "line": "Docklands Light Railway",
        "maxspeed": "55",
        "name": "Docklands Light Railway",
        "operator": "Keolis Amey Docklands",
        "operator:wikidata": "Q89212210",
        "railway": "light_rail",
        "railway:cbtc": "dto",
        "railway:preferred_direction": "forward",
        "usage": "main",
        "voltage": "750"
      },
      "geometry": {
        "type": "LineString",
        "coordinates": [
          [
            0.0659368,
            51.5082591
          ],
          [
            0.066086,
            51.5081826
          ],
          [
            0.0664632,
            51.5079723
          ],
          [
            0.066953,
            51.5076953
          ],
          [
            0.0673742,
            51.5074669
          ],
          [
            0.0675675,
            51.5073803
          ],
          [
            0.0677349,
            51.5073186
          ],
          [
            0.0679867,
            51.5072402
          ],
          [
            0.0681892,
            51.5071928
          ]
        ]
      },
      "id": "way/163558979"
    },
    {
      "type": "Feature",
      "properties": {
        "@id": "way/163558987",
        "electrified": "rail",
        "frequency": "0",
        "gauge": "1435",
        "operator": "Keolis Amey Docklands",
        "operator:wikidata": "Q89212210",
        "railway": "light_rail",
        "railway:cbtc": "dto",
        "service": "siding",
        "voltage": "750"
      },
      "geometry": {
        "type": "LineString",
        "coordinates": [
          [
            0.0792765,
            51.5121284
          ],
          [
            0.0792305,
            51.5121298
          ],
          [
            0.0791834,
            51.5121289
          ],
          [
            0.0791278,
            51.5121245
          ],
          [
            0.0790393,
            51.5121129
          ],
          [
            0.078971,
            51.5120969
          ],
          [
            0.0787842,
            51.5120484
          ],
          [
            0.0786464,
            51.5120164
          ],
          [
            0.0785136,
            51.5120029
          ],
          [
            0.0784492,
            51.5120018
          ],
          [
            0.0783823,
            51.5120048
          ],
          [
            0.0783134,
            51.5120092
          ]
        ]
      },
      "id": "way/163558987"
    },
    {
      "type": "Feature",
      "properties": {
        "@id": "way/163558996",
        "electrified": "no",
        "gauge": "1435",
        "operator": "Keolis Amey Docklands",
        "operator:wikidata": "Q89212210",
        "railway": "light_rail",
        "railway:cbtc": "dto",
        "service": "siding"
      },
      "geometry": {
        "type": "LineString",
        "coordinates": [
          [
            0.0784107,
            51.5119505
          ],
          [
            0.0788289,
            51.5119352
          ]
        ]
      },
      "id": "way/163558996"
    },
    {
      "type": "Feature",
      "properties": {
        "@id": "way/163558997",
        "electrified": "no",
        "gauge": "1435",
        "operator": "Keolis Amey Docklands",
        "operator:wikidata": "Q89212210",
        "railway": "light_rail",
        "railway:cbtc": "dto",
        "service": "siding"
      },
      "geometry": {
        "type": "LineString",
        "coordinates": [
          [
            0.0719483,
            51.5114737
          ],
          [
            0.0722586,
            51.5114697
          ]
        ]
      },
      "id": "way/163558997"
    },
    {
      "type": "Feature",
      "properties": {
        "@id": "way/163559007",
        "electrified": "rail",
        "frequency": "0",
        "gauge": "1435",
        "operator": "Keolis Amey Docklands",
        "operator:wikidata": "Q89212210",
        "railway": "light_rail",
        "railway:cbtc": "dto",
        "service": "siding",
        "voltage": "750"
      },
      "geometry": {
        "type": "LineString",
        "coordinates": [
          [
            0.0720235,
            51.5111044
          ],
          [
            0.0723605,
            51.5112832
          ],
          [
            0.0726126,
            51.5114169
          ],
          [
            0.0730137,
            51.5116133
          ],
          [
            0.0730705,
            51.511637
          ],
          [
            0.0731231,
            51.5116551
          ],
          [
            0.07318,
            51.5116731
          ],
          [
            0.0732437,
            51.5116859
          ],
          [
            0.0733002,
            51.5116939
          ],
          [
            0.0733656,
            51.5117003
          ],
          [
            0.0734268,
            51.511702
          ],
          [
            0.0734898,
            51.5117007
          ],
          [
            0.0736068,
            51.5116939
          ],
          [
            0.0736531,
            51.5116914
          ],
          [
            0.0737003,
            51.511691
          ],
          [
            0.0737563,
            51.5116929
          ],
          [
            0.0738329,
            51.5117024
          ],
          [
            0.0740141,
            51.5117247
          ],
          [
            0.0743427,
            51.5117642
          ],
          [
            0.07447,
            51.5117807
          ],
          [
            0.0746385,
            51.5117965
          ],
          [
            0.0747479,
            51.5117946
          ],
          [
            0.0763655,
            51.5116507
          ],
          [
            0.0778726,
            51.5115167
          ],
          [
            0.077956,
            51.5115061
          ],
          [
            0.0780398,
            51.5114892
          ],
          [
            0.0782539,
            51.5114205
          ],
          [
            0.0785953,
            51.5113134
          ],
          [
            0.0787671,
            51.5112591
          ],
          [
            0.0788417,
            51.5112361
          ],
          [
            0.0788871,
            51.5112269
          ],
          [
            0.0789241,
            51.5112208
          ],
          [
            0.0789606,
            51.5112161
          ],
          [
            0.079039,
            51.5112057
          ],
          [
            0.0791629,
            51.5112058
          ],
          [
            0.0792602,
            51.5112135
          ],
          [
            0.0793398,
            51.5112277
          ],
          [
            0.0794739,
            51.5112641
          ],
          [
            0.0795296,
            51.5112845
          ],
          [
            0.0796018,
            51.5113224
          ],
          [
            0.0796971,
            51.511393
          ],
          [
            0.0797506,
            51.5114442
          ],
          [
            0.0797957,
            51.5115072
          ],
          [
            0.0798329,
            51.5115987
          ],
          [
            0.0798378,
            51.5116557
          ],
          [
            0.0798326,
            51.5117082
          ],
          [
            0.07982,
            51.5117623
          ],
          [
            0.079807,
            51.511805
          ],
          [
            0.0797842,
            51.5118662
          ]
        ]
      },
      "id": "way/163559007"
    },
    {
      "type": "Feature",
      "properties": {
        "@id": "way/163559018",
        "electrified": "rail",
        "frequency": "0",
        "gauge": "1435",
        "operator": "Keolis Amey Docklands",
        "operator:wikidata": "Q89212210",
        "railway": "light_rail",
        "railway:cbtc": "dto",
        "service": "siding",
        "voltage": "750"
      },
      "geometry": {
        "type": "LineString",
        "coordinates": [
          [
            0.0787581,
            51.5112341
          ],
          [
            0.0787014,
            51.5112369
          ],
          [
            0.0786533,
            51.5112349
          ],
          [
            0.07856,
            51.5112281
          ],
          [
            0.078497,
            51.5112229
          ],
          [
            0.0784438,
            51.5112223
          ],
          [
            0.0783948,
            51.5112241
          ],
          [
            0.0783266,
            51.5112284
          ],
          [
            0.0781356,
            51.5112454
          ],
          [
            0.0742357,
            51.511594
          ],
          [
            0.0741519,
            51.5116037
          ],
          [
            0.0740729,
            51.5116169
          ],
          [
            0.0739663,
            51.5116458
          ],
          [
            0.0739073,
            51.5116595
          ],
          [
            0.0738561,
            51.5116688
          ],
          [
            0.0738031,
            51.5116759
          ]
        ]
      },
      "id": "way/163559018"
    },
    {
      "type": "Feature",
      "properties": {
        "@id": "way/163559022",
        "electrified": "rail",
        "frequency": "0",
        "gauge": "1435",
        "operator": "Keolis Amey Docklands",
        "operator:wikidata": "Q89212210",
        "railway": "light_rail",
        "railway:cbtc": "dto",
        "service": "siding",
        "voltage": "750"
      },
      "geometry": {
        "type": "LineString",
        "coordinates": [
          [
            0.0736068,
            51.5116939
          ],
          [
            0.0738031,
            51.5116759
          ],
          [
            0.0787581,
            51.5112341
          ],
          [
            0.0789606,
            51.5112161
          ]
        ]
      },
      "id": "way/163559022"
    },
    {
      "type": "Feature",
      "properties": {
        "@id": "way/163559025",
        "electrified": "rail",
        "frequency": "0",
        "gauge": "1435",
        "operator": "Keolis Amey Docklands",
        "operator:wikidata": "Q89212210",
        "railway": "light_rail",
        "railway:cbtc": "dto",
        "service": "siding",
        "voltage": "750"
      },
      "geometry": {
        "type": "LineString",
        "coordinates": [
          [
            0.0786987,
            51.5123956
          ],
          [
            0.0752604,
            51.5126583
          ],
          [
            0.0751889,
            51.512661
          ],
          [
            0.0749547,
            51.5126646
          ]
        ]
      },
      "id": "way/163559025"
    },
    {
      "type": "Feature",
      "properties": {
        "@id": "way/163559026",
        "electrified": "rail",
        "frequency": "0",
        "gauge": "1435",
        "operator": "Keolis Amey Docklands",
        "operator:wikidata": "Q89212210",
        "railway": "light_rail",
        "railway:cbtc": "dto",
        "service": "siding",
        "voltage": "750"
      },
      "geometry": {
        "type": "LineString",
        "coordinates": [
          [
            0.0749623,
            51.5127229
          ],
          [
            0.0786784,
            51.51244
          ],
          [
            0.078806,
            51.5124248
          ],
          [
            0.0789041,
            51.5124063
          ],
          [
            0.0790034,
            51.5123832
          ],
          [
            0.0790654,
            51.5123715
          ],
          [
            0.0791148,
            51.5123666
          ]
        ]
      },
      "id": "way/163559026"
    },
    {
      "type": "Feature",
      "properties": {
        "@id": "way/163559029",
        "electrified": "rail",
        "frequency": "0",
        "gauge": "1435",
        "operator": "Keolis Amey Docklands",
        "operator:wikidata": "Q89212210",
        "railway": "light_rail",
        "railway:cbtc": "dto",
        "service": "siding",
        "voltage": "750"
      },
      "geometry": {
        "type": "LineString",
        "coordinates": [
          [
            0.0787671,
            51.5112591
          ],
          [
            0.078727,
            51.5112694
          ],
          [
            0.0786806,
            51.5112777
          ],
          [
            0.0786225,
            51.5112868
          ],
          [
            0.0739579,
            51.5117029
          ],
          [
            0.0739043,
            51.5117042
          ],
          [
            0.0738668,
            51.5117039
          ],
          [
            0.0738329,
            51.5117024
          ]
        ]
      },
      "id": "way/163559029"
    },
    {
      "type": "Feature",
      "properties": {
        "@id": "way/163559033",
        "electrified": "rail",
        "frequency": "0",
        "gauge": "1435",
        "operator": "Keolis Amey Docklands",
        "operator:wikidata": "Q89212210",
        "railway": "light_rail",
        "railway:cbtc": "dto",
        "service": "siding",
        "voltage": "750"
      },
      "geometry": {
        "type": "LineString",
        "coordinates": [
          [
            0.078971,
            51.5120969
          ],
          [
            0.0789241,
            51.5120804
          ],
          [
            0.0788821,
            51.5120639
          ],
          [
            0.0787805,
            51.5120171
          ],
          [
            0.0787294,
            51.5119987
          ],
          [
            0.0786749,
            51.5119823
          ],
          [
            0.0786202,
            51.5119712
          ],
          [
            0.0785589,
            51.5119631
          ],
          [
            0.0784107,
            51.5119505
          ],
          [
            0.0783336,
            51.5119509
          ],
          [
            0.0783025,
            51.5119519
          ]
        ]
      },
      "id": "way/163559033"
    },
    {
      "type": "Feature",
      "properties": {
        "@id": "way/694064776",
        "bridge": "yes",
        "electrified": "rail",
        "frequency": "0",
        "gauge": "1435",
        "layer": "1",
        "line": "Docklands Light Railway",
        "maxspeed": "45",
        "name": "Docklands Light Railway",
        "operator": "Keolis Amey Docklands",
        "operator:wikidata": "Q89212210",
        "railway": "light_rail",
        "railway:cbtc": "dto",
        "railway:preferred_direction": "forward",
        "voltage": "750"
      },
      "geometry": {
        "type": "LineString",
        "coordinates": [
          [
            0.0712429,
            51.507523
          ],
          [
            0.0713267,
            51.5075853
          ],
          [
            0.0714187,
            51.5076617
          ],
          [
            0.0714911,
            51.5077321
          ],
          [
            0.0715635,
            51.5078156
          ],
          [
            0.0716127,
            51.5078808
          ],
          [
            0.0716677,
            51.5079702
          ],
          [
            0.0717079,
            51.5080491
          ],
          [
            0.0717408,
            51.508141
          ],
          [
            0.0717758,
            51.5082457
          ],
          [
            0.0717864,
            51.5083051
          ],
          [
            0.0717892,
            51.5083432
          ],
          [
            0.0717971,
            51.508461
          ],
          [
            0.0717967,
            51.5085277
          ],
          [
            0.071791,
            51.5086354
          ]
        ]
      },
      "id": "way/694064776"
    },
    {
      "type": "Feature",
      "properties": {
        "@id": "way/819197622",
        "electrified": "rail",
        "frequency": "0",
        "gauge": "1435",
        "operator": "Keolis Amey Docklands",
        "operator:wikidata": "Q89212210",
        "railway": "light_rail",
        "railway:cbtc": "dto",
        "service": "siding",
        "voltage": "750"
      },
      "geometry": {
        "type": "LineString",
        "coordinates": [
          [
            0.0778786,
            51.512229
          ],
          [
            0.078871,
            51.5121559
          ],
          [
            0.0790757,
            51.5121417
          ]
        ]
      },
      "id": "way/819197622"
    },
    {
      "type": "Feature",
      "properties": {
        "@id": "way/819197623",
        "electrified": "rail",
        "frequency": "0",
        "gauge": "1435",
        "operator": "Keolis Amey Docklands",
        "operator:wikidata": "Q89212210",
        "railway": "light_rail",
        "railway:cbtc": "dto",
        "service": "siding",
        "voltage": "750"
      },
      "geometry": {
        "type": "LineString",
        "coordinates": [
          [
            0.0783357,
            51.5121258
          ],
          [
            0.0784235,
            51.5121257
          ],
          [
            0.0787855,
            51.5121579
          ],
          [
            0.078871,
            51.5121559
          ]
        ]
      },
      "id": "way/819197623"
    },
    {
      "type": "Feature",
      "properties": {
        "@id": "way/819197628",
        "electrified": "rail",
        "frequency": "0",
        "gauge": "1435",
        "operator": "Keolis Amey Docklands",
        "operator:wikidata": "Q89212210",
        "railway": "light_rail",
        "railway:cbtc": "dto",
        "service": "siding",
        "voltage": "750"
      },
      "geometry": {
        "type": "LineString",
        "coordinates": [
          [
            0.0783246,
            51.5120675
          ],
          [
            0.0784402,
            51.5120588
          ],
          [
            0.0785542,
            51.5120634
          ],
          [
            0.0786719,
            51.512084
          ],
          [
            0.0788053,
            51.5121206
          ],
          [
            0.0788706,
            51.5121321
          ],
          [
            0.0789396,
            51.5121398
          ],
          [
            0.0790064,
            51.5121431
          ],
          [
            0.0790757,
            51.5121417
          ],
          [
            0.0792765,
            51.5121284
          ],
          [
            0.0793557,
            51.5121195
          ],
          [
            0.0794338,
            51.5121029
          ],
          [
            0.0794899,
            51.5120873
          ],
          [
            0.079551,
            51.5120635
          ],
          [
            0.0796119,
            51.5120332
          ],
          [
            0.0796634,
            51.5119998
          ],
          [
            0.0797043,
            51.5119673
          ],
          [
            0.0797582,
            51.5119079
          ]
        ]
      },
      "id": "way/819197628"
    },
    {
      "type": "Feature",
      "properties": {
        "@id": "way/14179702",
        "electrified": "rail",
        "frequency": "0",
        "gauge": "1435",
        "layer": "-1",
        "line": "Docklands Light Railway",
        "maxspeed": "65",
        "name": "Docklands Light Railway",
        "operator": "Keolis Amey Docklands",
        "operator:wikidata": "Q89212210",
        "railway": "light_rail",
        "railway:cbtc": "dto",
        "railway:preferred_direction": "forward",
        "tunnel": "yes",
        "voltage": "750"
      },
      "geometry": {
        "type": "LineString",
        "coordinates": [
          [
            0.06965,
            51.5142384
          ],
          [
            0.0698772,
            51.5141739
          ],
          [
            0.0701382,
            51.5140854
          ],
          [
            0.0704479,
            51.5139402
          ],
          [
            0.0707176,
            51.5137826
          ],
          [
            0.0710513,
            51.5135478
          ]
        ]
      },
      "id": "way/14179702"
    },
    {
      "type": "Feature",
      "properties": {
        "@id": "way/16291058",
        "electrified": "rail",
        "frequency": "0",
        "gauge": "1435",
        "layer": "1",
        "line": "Docklands Light Railway",
        "maxspeed": "65",
        "name": "Docklands Light Railway",
        "operator": "Keolis Amey Docklands",
        "operator:wikidata": "Q89212210",
        "railway": "light_rail",
        "railway:cbtc": "dto",
        "railway:preferred_direction": "forward",
        "voltage": "750"
      },
      "geometry": {
        "type": "LineString",
        "coordinates": [
          [
            0.0710513,
            51.5135478
          ],
          [
            0.0711528,
            51.5134583
          ],
          [
            0.0712373,
            51.5133689
          ],
          [
            0.0713338,
            51.5132504
          ],
          [
            0.0713809,
            51.5131709
          ],
          [
            0.0714222,
            51.513095
          ],
          [
            0.0714941,
            51.5129471
          ],
          [
            0.0715375,
            51.5128449
          ],
          [
            0.0715645,
            51.5127502
          ],
          [
            0.0715761,
            51.5126742
          ],
          [
            0.0715889,
            51.5125867
          ],
          [
            0.0715964,
            51.5124891
          ],
          [
            0.0716016,
            51.5123779
          ],
          [
            0.0716184,
            51.5121388
          ],
          [
            0.0716222,
            51.512113
          ],
          [
            0.0716739,
            51.5113488
          ]
        ]
      },
      "id": "way/16291058"
    },
    {
      "type": "Feature",
      "properties": {
        "@id": "way/163558959",
        "bridge": "yes",
        "electrified": "rail",
        "frequency": "0",
        "gauge": "1435",
        "layer": "1",
        "line": "Docklands Light Railway",
        "maxspeed": "45",
        "name": "Docklands Light Railway",
        "operator": "Keolis Amey Docklands",
        "operator:wikidata": "Q89212210",
        "railway": "light_rail",
        "railway:cbtc": "dto",
        "railway:preferred_direction": "forward",
        "voltage": "750"
      },
      "geometry": {
        "type": "LineString",
        "coordinates": [
          [
            0.071791,
            51.5086354
          ],
          [
            0.0717899,
            51.5086901
          ],
          [
            0.0717741,
            51.5089265
          ]
        ]
      },
      "id": "way/163558959"
    },
    {
      "type": "Feature",
      "properties": {
        "@id": "way/163559491",
        "electrified": "rail",
        "frequency": "0",
        "gauge": "1435",
        "layer": "-1",
        "line": "Docklands Light Railway",
        "maxspeed": "65",
        "name": "Docklands Light Railway",
        "operator": "Keolis Amey Docklands",
        "operator:wikidata": "Q89212210",
        "railway": "light_rail",
        "railway:cbtc": "dto",
        "railway:preferred_direction": "forward",
        "tunnel": "yes",
        "voltage": "750"
      },
      "geometry": {
        "type": "LineString",
        "coordinates": [
          [
            0.0710273,
            51.5135366
          ],
          [
            0.0708481,
            51.51364
          ],
          [
            0.070691,
            51.513753
          ],
          [
            0.070422,
            51.5139141
          ],
          [
            0.0701123,
            51.5140588
          ],
          [
            0.0698612,
            51.5141458
          ],
          [
            0.0696315,
            51.5142096
          ]
        ]
      },
      "id": "way/163559491"
    },
    {
      "type": "Feature",
      "properties": {
        "@id": "way/163559492",
        "electrified": "rail",
        "frequency": "0",
        "gauge": "1435",
        "maxspeed": "30",
        "operator": "Keolis Amey Docklands",
        "operator:wikidata": "Q89212210",
        "railway": "light_rail",
        "railway:cbtc": "dto",
        "service": "siding",
        "source": "Yahoo Tracing",
        "voltage": "750"
      },
      "geometry": {
        "type": "LineString",
        "coordinates": [
          [
            0.0715482,
            51.5123758
          ],
          [
            0.0715533,
            51.5123285
          ],
          [
            0.071564,
            51.5122816
          ],
          [
            0.0715926,
            51.5122191
          ],
          [
            0.07161,
            51.5121815
          ],
          [
            0.0716184,
            51.5121388
          ]
        ]
      },
      "id": "way/163559492"
    },
    {
      "type": "Feature",
      "properties": {
        "@id": "way/694613757",
        "electrified": "rail",
        "frequency": "0",
        "gauge": "1435",
        "line": "Docklands Light Railway",
        "maxspeed": "65",
        "name": "Docklands Light Railway",
        "operator": "Keolis Amey Docklands",
        "operator:wikidata": "Q89212210",
        "railway": "light_rail",
        "railway:cbtc": "dto",
        "railway:preferred_direction": "forward",
        "voltage": "750"
      },
      "geometry": {
        "type": "LineString",
        "coordinates": [
          [
            0.0716232,
            51.5113712
          ],
          [
            0.0715507,
            51.5122802
          ],
          [
            0.0715482,
            51.5123758
          ],
          [
            0.0715442,
            51.5124957
          ],
          [
            0.0715415,
            51.5125849
          ],
          [
            0.071532,
            51.5126691
          ],
          [
            0.0715182,
            51.5127462
          ],
          [
            0.0714961,
            51.5128327
          ],
          [
            0.0714554,
            51.5129403
          ],
          [
            0.0713839,
            51.5130878
          ],
          [
            0.0713458,
            51.5131603
          ],
          [
            0.0712935,
            51.513241
          ],
          [
            0.0712013,
            51.513359
          ],
          [
            0.0711209,
            51.5134478
          ],
          [
            0.0710273,
            51.5135366
          ]
        ]
      },
      "id": "way/694613757"
    },
    {
      "type": "Feature",
      "properties": {
        "@id": "way/694613758",
        "bridge": "yes",
        "electrified": "rail",
        "frequency": "0",
        "gauge": "1435",
        "layer": "1",
        "line": "Docklands Light Railway",
        "maxspeed": "45",
        "name": "Docklands Light Railway",
        "operator": "Keolis Amey Docklands",
        "operator:wikidata": "Q89212210",
        "railway": "light_rail",
        "railway:cbtc": "dto",
        "railway:preferred_direction": "forward",
        "voltage": "750"
      },
      "geometry": {
        "type": "LineString",
        "coordinates": [
          [
            0.0718183,
            51.5089272
          ],
          [
            0.0718351,
            51.5086371
          ]
        ]
      },
      "id": "way/694613758"
    },
    {
      "type": "Feature",
      "properties": {
        "@id": "way/940694924",
        "electrified": "rail",
        "frequency": "0",
        "gauge": "1435",
        "incline": "down",
        "layer": "-1",
        "line": "Docklands Light Railway",
        "maxspeed": "65",
        "name": "Docklands Light Railway",
        "operator": "Keolis Amey Docklands",
        "operator:wikidata": "Q89212210",
        "railway": "light_rail",
        "railway:cbtc": "dto",
        "railway:preferred_direction": "forward",
        "tunnel": "yes",
        "voltage": "750"
      },
      "geometry": {
        "type": "LineString",
        "coordinates": [
          [
            0.0716318,
            51.5111547
          ],
          [
            0.0716232,
            51.5113712
          ]
        ]
      },
      "id": "way/940694924"
    },
    {
      "type": "Feature",
      "properties": {
        "@id": "way/940694925",
        "electrified": "rail",
        "frequency": "0",
        "gauge": "1435",
        "line": "Docklands Light Railway",
        "maxspeed": "65",
        "name": "Docklands Light Railway",
        "operator": "Keolis Amey Docklands",
        "operator:wikidata": "Q89212210",
        "railway": "light_rail",
        "railway:cbtc": "dto",
        "railway:preferred_direction": "forward",
        "voltage": "750"
      },
      "geometry": {
        "type": "LineString",
        "coordinates": [
          [
            0.0717273,
            51.5096397
          ],
          [
            0.0716967,
            51.5101338
          ],
          [
            0.0716318,
            51.5111547
          ]
        ]
      },
      "id": "way/940694925"
    },
    {
      "type": "Feature",
      "properties": {
        "@id": "way/940694926",
        "electrified": "rail",
        "frequency": "0",
        "gauge": "1435",
        "incline": "up",
        "line": "Docklands Light Railway",
        "maxspeed": "65",
        "name": "Docklands Light Railway",
        "operator": "Keolis Amey Docklands",
        "operator:wikidata": "Q89212210",
        "railway": "light_rail",
        "railway:cbtc": "dto",
        "railway:preferred_direction": "forward",
        "voltage": "750"
      },
      "geometry": {
        "type": "LineString",
        "coordinates": [
          [
            0.0716787,
            51.5111537
          ],
          [
            0.0717373,
            51.5103917
          ]
        ]
      },
      "id": "way/940694926"
    },
    {
      "type": "Feature",
      "properties": {
        "@id": "way/940694927",
        "electrified": "rail",
        "frequency": "0",
        "gauge": "1435",
        "layer": "-1",
        "line": "Docklands Light Railway",
        "maxspeed": "65",
        "name": "Docklands Light Railway",
        "operator": "Keolis Amey Docklands",
        "operator:wikidata": "Q89212210",
        "railway": "light_rail",
        "railway:cbtc": "dto",
        "railway:preferred_direction": "forward",
        "tunnel": "yes",
        "voltage": "750"
      },
      "geometry": {
        "type": "LineString",
        "coordinates": [
          [
            0.0716739,
            51.5113488
          ],
          [
            0.0716787,
            51.5111537
          ]
        ]
      },
      "id": "way/940694927"
    },
    {
      "type": "Feature",
      "properties": {
        "@id": "way/940694928",
        "bridge": "yes",
        "electrified": "rail",
        "frequency": "0",
        "gauge": "1435",
        "layer": "1",
        "line": "Docklands Light Railway",
        "maxspeed": "45",
        "name": "Docklands Light Railway",
        "operator": "Keolis Amey Docklands",
        "operator:wikidata": "Q89212210",
        "railway": "light_rail",
        "railway:cbtc": "dto",
        "railway:preferred_direction": "forward",
        "voltage": "750"
      },
      "geometry": {
        "type": "LineString",
        "coordinates": [
          [
            0.0717742,
            51.5096432
          ],
          [
            0.0718183,
            51.5089272
          ]
        ]
      },
      "id": "way/940694928"
    },
    {
      "type": "Feature",
      "properties": {
        "@id": "way/1300120710",
        "electrified": "rail",
        "frequency": "0",
        "gauge": "1435",
        "line": "Docklands Light Railway",
        "maxspeed": "65",
        "name": "Docklands Light Railway",
        "operator": "Keolis Amey Docklands",
        "operator:wikidata": "Q89212210",
        "railway": "light_rail",
        "railway:cbtc": "dto",
        "railway:preferred_direction": "forward",
        "voltage": "750"
      },
      "geometry": {
        "type": "LineString",
        "coordinates": [
          [
            0.0717373,
            51.5103917
          ],
          [
            0.0717382,
            51.510359
          ],
          [
            0.0717545,
            51.5101354
          ],
          [
            0.0717742,
            51.5096432
          ]
        ]
      },
      "id": "way/1300120710"
    },
    {
      "type": "Feature",
      "properties": {
        "@id": "way/1300120711",
        "bridge": "yes",
        "electrified": "rail",
        "frequency": "0",
        "gauge": "1435",
        "layer": "1",
        "line": "Docklands Light Railway",
        "maxspeed": "45",
        "name": "Docklands Light Railway",
        "operator": "Keolis Amey Docklands",
        "operator:wikidata": "Q89212210",
        "railway": "light_rail",
        "railway:cbtc": "dto",
        "railway:preferred_direction": "forward",
        "voltage": "750"
      },
      "geometry": {
        "type": "LineString",
        "coordinates": [
          [
            0.0717741,
            51.5089265
          ],
          [
            0.0717466,
            51.5093587
          ],
          [
            0.0717273,
            51.5096397
          ]
        ]
      },
      "id": "way/1300120711"
    },
    {
      "type": "Feature",
      "properties": {
        "@id": "way/1368578996",
        "electrified": "rail",
        "frequency": "0",
        "gauge": "1435",
        "maxspeed": "30",
        "operator": "Keolis Amey Docklands",
        "operator:wikidata": "Q89212210",
        "railway": "light_rail",
        "railway:cbtc": "dto",
        "railway:preferred_direction": "forward",
        "service": "siding",
        "source": "Yahoo Tracing",
        "voltage": "750"
      },
      "geometry": {
        "type": "LineString",
        "coordinates": [
          [
            0.0716967,
            51.5101338
          ],
          [
            0.0717002,
            51.5101795
          ],
          [
            0.0717076,
            51.510218
          ],
          [
            0.0717278,
            51.5102949
          ],
          [
            0.0717345,
            51.5103219
          ],
          [
            0.0717382,
            51.510359
          ]
        ]
      },
      "id": "way/1368578996"
    },
    {
      "type": "Feature",
      "properties": {
        "@id": "way/23447549",
        "electrified": "rail",
        "frequency": "0",
        "gauge": "1435",
        "operator": "Keolis Amey Docklands",
        "operator:wikidata": "Q89212210",
        "railway": "light_rail",
        "railway:cbtc": "dto",
        "service": "siding",
        "voltage": "750"
      },
      "geometry": {
        "type": "LineString",
        "coordinates": [
          [
            0.0733743,
            51.5119236
          ],
          [
            0.0737925,
            51.5121773
          ],
          [
            0.0738688,
            51.5122155
          ],
          [
            0.0739465,
            51.5122422
          ],
          [
            0.07403,
            51.5122633
          ],
          [
            0.0741101,
            51.5122764
          ],
          [
            0.0741786,
            51.5122825
          ],
          [
            0.0742488,
            51.5122849
          ],
          [
            0.0743321,
            51.5122818
          ],
          [
            0.0744186,
            51.5122706
          ],
          [
            0.0745226,
            51.5122448
          ],
          [
            0.0749674,
            51.5121053
          ],
          [
            0.0750152,
            51.5120939
          ],
          [
            0.0751034,
            51.5120818
          ],
          [
            0.0761992,
            51.5120025
          ]
        ]
      },
      "id": "way/23447549"
    },
    {
      "type": "Feature",
      "properties": {
        "@id": "way/23447559",
        "electrified": "rail",
        "frequency": "0",
        "gauge": "1435",
        "layer": "-1",
        "operator": "Keolis Amey Docklands",
        "operator:wikidata": "Q89212210",
        "railway": "light_rail",
        "railway:cbtc": "dto",
        "service": "siding",
        "voltage": "750"
      },
      "geometry": {
        "type": "LineString",
        "coordinates": [
          [
            0.0761828,
            51.5119183
          ],
          [
            0.0753267,
            51.511984
          ],
          [
            0.0751217,
            51.5119986
          ],
          [
            0.0744515,
            51.5120504
          ]
        ]
      },
      "id": "way/23447559"
    },
    {
      "type": "Feature",
      "properties": {
        "@id": "way/23447562",
        "electrified": "rail",
        "frequency": "0",
        "gauge": "1435",
        "operator": "Keolis Amey Docklands",
        "operator:wikidata": "Q89212210",
        "railway": "light_rail",
        "railway:cbtc": "dto",
        "service": "siding",
        "voltage": "750"
      },
      "geometry": {
        "type": "LineString",
        "coordinates": [
          [
            0.0751217,
            51.5119986
          ],
          [
            0.075058,
            51.5120068
          ],
          [
            0.0749976,
            51.5120183
          ],
          [
            0.0749414,
            51.5120349
          ],
          [
            0.0748799,
            51.5120564
          ],
          [
            0.0748205,
            51.5120859
          ],
          [
            0.0746491,
            51.5121919
          ],
          [
            0.0745856,
            51.5122219
          ],
          [
            0.0745226,
            51.5122448
          ]
        ]
      },
      "id": "way/23447562"
    },
    {
      "type": "Feature",
      "properties": {
        "@id": "way/23447571",
        "electrified": "rail",
        "frequency": "0",
        "gauge": "1435",
        "layer": "-1",
        "operator": "Keolis Amey Docklands",
        "operator:wikidata": "Q89212210",
        "railway": "light_rail",
        "railway:cbtc": "dto",
        "service": "siding",
        "voltage": "750"
      },
      "geometry": {
        "type": "LineString",
        "coordinates": [
          [
            0.0744426,
            51.5120049
          ],
          [
            0.0745682,
            51.5119953
          ],
          [
            0.0748825,
            51.5119727
          ],
          [
            0.0749495,
            51.5119704
          ],
          [
            0.0750206,
            51.5119709
          ],
          [
            0.0750818,
            51.5119742
          ],
          [
            0.0751467,
            51.5119785
          ],
          [
            0.0752155,
            51.5119846
          ],
          [
            0.0752631,
            51.5119863
          ],
          [
            0.0753267,
            51.511984
          ]
        ]
      },
      "id": "way/23447571"
    },
    {
      "type": "Feature",
      "properties": {
        "@id": "way/163558982",
        "electrified": "no",
        "gauge": "1435",
        "layer": "-1",
        "operator": "Keolis Amey Docklands",
        "operator:wikidata": "Q89212210",
        "railway": "light_rail",
        "railway:cbtc": "dto",
        "service": "siding",
        "tunnel": "yes"
      },
      "geometry": {
        "type": "LineString",
        "coordinates": [
          [
            0.0767736,
            51.512244
          ],
          [
            0.0783357,
            51.5121258
          ]
        ]
      },
      "id": "way/163558982"
    },
    {
      "type": "Feature",
      "properties": {
        "@id": "way/163558989",
        "electrified": "rail",
        "frequency": "0",
        "gauge": "1435",
        "operator": "Keolis Amey Docklands",
        "operator:wikidata": "Q89212210",
        "railway": "light_rail",
        "railway:cbtc": "dto",
        "service": "siding",
        "voltage": "750"
      },
      "geometry": {
        "type": "LineString",
        "coordinates": [
          [
            0.0749958,
            51.5125538
          ],
          [
            0.0753153,
            51.5124725
          ],
          [
            0.0755244,
            51.5124199
          ],
          [
            0.0755948,
            51.512406
          ],
          [
            0.0756648,
            51.5123981
          ],
          [
            0.0767866,
            51.5123119
          ]
        ]
      },
      "id": "way/163558989"
    },
    {
      "type": "Feature",
      "properties": {
        "@id": "way/163558993",
        "electrified": "rail",
        "frequency": "0",
        "gauge": "1435",
        "operator": "Keolis Amey Docklands",
        "operator:wikidata": "Q89212210",
        "railway": "light_rail",
        "railway:cbtc": "dto",
        "service": "siding",
        "voltage": "750"
      },
      "geometry": {
        "type": "LineString",
        "coordinates": [
          [
            0.0785137,
            51.5125295
          ],
          [
            0.0784444,
            51.5125313
          ],
          [
            0.078382,
            51.5125277
          ],
          [
            0.078266,
            51.5125161
          ],
          [
            0.0781875,
            51.5125134
          ],
          [
            0.0781226,
            51.5125155
          ],
          [
            0.0753281,
            51.5127284
          ],
          [
            0.0752525,
            51.5127315
          ],
          [
            0.0751887,
            51.5127301
          ],
          [
            0.0751178,
            51.5127239
          ],
          [
            0.0750598,
            51.5127205
          ],
          [
            0.0750092,
            51.512721
          ],
          [
            0.0749623,
            51.5127229
          ],
          [
            0.0748959,
            51.5127269
          ],
          [
            0.0748382,
            51.5127269
          ],
          [
            0.074784,
            51.5127227
          ],
          [
            0.0747194,
            51.5127137
          ],
          [
            0.0746527,
            51.5126991
          ],
          [
            0.0745625,
            51.5126707
          ],
          [
            0.0744214,
            51.5126207
          ]
        ]
      },
      "id": "way/163558993"
    },
    {
      "type": "Feature",
      "properties": {
        "@id": "way/163559001",
        "electrified": "rail",
        "frequency": "0",
        "gauge": "1435",
        "operator": "Keolis Amey Docklands",
        "operator:wikidata": "Q89212210",
        "railway": "light_rail",
        "railway:cbtc": "dto",
        "service": "siding",
        "voltage": "750"
      },
      "geometry": {
        "type": "LineString",
        "coordinates": [
          [
            0.0753153,
            51.5124725
          ],
          [
            0.0753658,
            51.5124618
          ],
          [
            0.0754193,
            51.5124544
          ],
          [
            0.0754876,
            51.5124482
          ],
          [
            0.07659,
            51.5123632
          ]
        ]
      },
      "id": "way/163559001"
    },
    {
      "type": "Feature",
      "properties": {
        "@id": "way/163559004",
        "electrified": "rail",
        "frequency": "0",
        "gauge": "1435",
        "operator": "Keolis Amey Docklands",
        "operator:wikidata": "Q89212210",
        "railway": "light_rail",
        "railway:cbtc": "dto",
        "service": "siding",
        "voltage": "750"
      },
      "geometry": {
        "type": "LineString",
        "coordinates": [
          [
            0.0744613,
            51.5125561
          ],
          [
            0.0743814,
            51.5125254
          ],
          [
            0.0743279,
            51.5124986
          ],
          [
            0.0740908,
            51.5123576
          ]
        ]
      },
      "id": "way/163559004"
    },
    {
      "type": "Feature",
      "properties": {
        "@id": "way/163559010",
        "electrified": "rail",
        "frequency": "0",
        "gauge": "1435",
        "operator": "Keolis Amey Docklands",
        "operator:wikidata": "Q89212210",
        "railway": "light_rail",
        "railway:cbtc": "dto",
        "service": "siding",
        "voltage": "750"
      },
      "geometry": {
        "type": "LineString",
        "coordinates": [
          [
            0.075548,
            51.5127859
          ],
          [
            0.078576,
            51.5125585
          ]
        ]
      },
      "id": "way/163559010"
    },
    {
      "type": "Feature",
      "properties": {
        "@id": "way/163559014",
        "electrified": "rail",
        "frequency": "0",
        "gauge": "1435",
        "operator": "Keolis Amey Docklands",
        "operator:wikidata": "Q89212210",
        "railway": "light_rail",
        "railway:cbtc": "dto",
        "service": "siding",
        "voltage": "750"
      },
      "geometry": {
        "type": "LineString",
        "coordinates": [
          [
            0.0745682,
            51.5119953
          ],
          [
            0.0746193,
            51.5119905
          ],
          [
            0.0746721,
            51.5119825
          ],
          [
            0.0747268,
            51.511969
          ],
          [
            0.074797,
            51.5119467
          ],
          [
            0.0749239,
            51.5119067
          ],
          [
            0.0750049,
            51.5118841
          ],
          [
            0.0750777,
            51.5118688
          ],
          [
            0.0751549,
            51.5118589
          ],
          [
            0.0756719,
            51.5118115
          ]
        ]
      },
      "id": "way/163559014"
    },
    {
      "type": "Feature",
      "properties": {
        "@id": "way/163559016",
        "electrified": "rail",
        "frequency": "0",
        "gauge": "1435",
        "operator": "Keolis Amey Docklands",
        "operator:wikidata": "Q89212210",
        "railway": "light_rail",
        "railway:cbtc": "dto",
        "service": "siding",
        "voltage": "750"
      },
      "geometry": {
        "type": "LineString",
        "coordinates": [
          [
            0.0748016,
            51.5125902
          ],
          [
            0.0751917,
            51.5125588
          ],
          [
            0.0752854,
            51.5125535
          ],
          [
            0.075376,
            51.5125511
          ],
          [
            0.0754521,
            51.5125519
          ],
          [
            0.0755321,
            51.5125562
          ],
          [
            0.075605,
            51.5125624
          ],
          [
            0.0756766,
            51.5125672
          ],
          [
            0.0757335,
            51.5125697
          ],
          [
            0.0757974,
            51.5125678
          ]
        ]
      },
      "id": "way/163559016"
    },
    {
      "type": "Feature",
      "properties": {
        "@id": "way/163559020",
        "electrified": "rail",
        "frequency": "0",
        "gauge": "1435",
        "operator": "Keolis Amey Docklands",
        "operator:wikidata": "Q89212210",
        "railway": "light_rail",
        "railway:cbtc": "dto",
        "service": "siding",
        "voltage": "750"
      },
      "geometry": {
        "type": "LineString",
        "coordinates": [
          [
            0.078063,
            51.5114562
          ],
          [
            0.0780055,
            51.5114586
          ],
          [
            0.0779544,
            51.5114586
          ],
          [
            0.0779077,
            51.5114561
          ],
          [
            0.0778412,
            51.5114486
          ],
          [
            0.0777921,
            51.511445
          ],
          [
            0.0777117,
            51.5114446
          ],
          [
            0.0749368,
            51.511691
          ],
          [
            0.0748754,
            51.5116995
          ],
          [
            0.0748046,
            51.5117137
          ],
          [
            0.0747389,
            51.5117323
          ],
          [
            0.0746668,
            51.5117503
          ],
          [
            0.0746177,
            51.5117596
          ],
          [
            0.0745664,
            51.511766
          ]
        ]
      },
      "id": "way/163559020"
    },
    {
      "type": "Feature",
      "properties": {
        "@id": "way/163559028",
        "electrified": "rail",
        "frequency": "0",
        "gauge": "1435",
        "operator": "Keolis Amey Docklands",
        "operator:wikidata": "Q89212210",
        "railway": "light_rail",
        "railway:cbtc": "dto",
        "service": "siding",
        "voltage": "750"
      },
      "geometry": {
        "type": "LineString",
        "coordinates": [
          [
            0.0743427,
            51.5117642
          ],
          [
            0.0743883,
            51.5117684
          ],
          [
            0.0744357,
            51.5117713
          ],
          [
            0.0744941,
            51.5117711
          ],
          [
            0.0745664,
            51.511766
          ],
          [
            0.078063,
            51.5114562
          ],
          [
            0.0781238,
            51.5114503
          ],
          [
            0.0781763,
            51.5114409
          ],
          [
            0.0782168,
            51.5114311
          ],
          [
            0.0782539,
            51.5114205
          ]
        ]
      },
      "id": "way/163559028"
    },
    {
      "type": "Feature",
      "properties": {
        "@id": "way/163559032",
        "electrified": "rail",
        "frequency": "0",
        "gauge": "1435",
        "operator": "Keolis Amey Docklands",
        "operator:wikidata": "Q89212210",
        "railway": "light_rail",
        "railway:cbtc": "dto",
        "service": "siding",
        "voltage": "750"
      },
      "geometry": {
        "type": "LineString",
        "coordinates": [
          [
            0.0737925,
            51.5121773
          ],
          [
            0.0740908,
            51.5123576
          ],
          [
            0.0741494,
            51.5123881
          ],
          [
            0.0742081,
            51.5124133
          ],
          [
            0.0742653,
            51.5124344
          ],
          [
            0.0743179,
            51.5124488
          ],
          [
            0.0743756,
            51.5124623
          ],
          [
            0.07445,
            51.5124754
          ],
          [
            0.0745353,
            51.5124796
          ],
          [
            0.0746282,
            51.5124773
          ],
          [
            0.074917,
            51.5124553
          ],
          [
            0.0750169,
            51.5124459
          ],
          [
            0.0751081,
            51.5124327
          ],
          [
            0.0752088,
            51.5124144
          ],
          [
            0.0755027,
            51.5123422
          ]
        ]
      },
      "id": "way/163559032"
    },
    {
      "type": "Feature",
      "properties": {
        "@id": "way/163559034",
        "electrified": "rail",
        "frequency": "0",
        "gauge": "1435",
        "operator": "Keolis Amey Docklands",
        "operator:wikidata": "Q89212210",
        "railway": "light_rail",
        "railway:cbtc": "dto",
        "service": "siding",
        "voltage": "750"
      },
      "geometry": {
        "type": "LineString",
        "coordinates": [
          [
            0.0740141,
            51.5117247
          ],
          [
            0.0740673,
            51.5117284
          ],
          [
            0.0741205,
            51.5117282
          ],
          [
            0.0741836,
            51.5117243
          ],
          [
            0.0784404,
            51.511345
          ],
          [
            0.0784957,
            51.5113362
          ],
          [
            0.0785415,
            51.5113272
          ],
          [
            0.0785953,
            51.5113134
          ]
        ]
      },
      "id": "way/163559034"
    },
    {
      "type": "Feature",
      "properties": {
        "@id": "way/819197624",
        "electrified": "no",
        "gauge": "1435",
        "layer": "-1",
        "operator": "Keolis Amey Docklands",
        "operator:wikidata": "Q89212210",
        "railway": "light_rail",
        "railway:cbtc": "dto",
        "service": "siding",
        "tunnel": "yes"
      },
      "geometry": {
        "type": "LineString",
        "coordinates": [
          [
            0.0767625,
            51.5121861
          ],
          [
            0.0783246,
            51.5120675
          ]
        ]
      },
      "id": "way/819197624"
    },
    {
      "type": "Feature",
      "properties": {
        "@id": "way/819197625",
        "electrified": "no",
        "gauge": "1435",
        "layer": "-1",
        "operator": "Keolis Amey Docklands",
        "operator:wikidata": "Q89212210",
        "railway": "light_rail",
        "railway:cbtc": "dto",
        "service": "siding",
        "tunnel": "yes"
      },
      "geometry": {
        "type": "LineString",
        "coordinates": [
          [
            0.0783134,
            51.5120092
          ],
          [
            0.0767515,
            51.512129
          ]
        ]
      },
      "id": "way/819197625"
    },
    {
      "type": "Feature",
      "properties": {
        "@id": "way/819197626",
        "electrified": "no",
        "gauge": "1435",
        "layer": "-1",
        "operator": "Keolis Amey Docklands",
        "operator:wikidata": "Q89212210",
        "railway": "light_rail",
        "railway:cbtc": "dto",
        "service": "siding",
        "tunnel": "yes"
      },
      "geometry": {
        "type": "LineString",
        "coordinates": [
          [
            0.0783025,
            51.5119519
          ],
          [
            0.0767397,
            51.5120672
          ]
        ]
      },
      "id": "way/819197626"
    },
    {
      "type": "Feature",
      "properties": {
        "@id": "way/819197627",
        "electrified": "rail",
        "frequency": "0",
        "gauge": "1435",
        "operator": "Keolis Amey Docklands",
        "operator:wikidata": "Q89212210",
        "railway": "light_rail",
        "railway:cbtc": "dto",
        "service": "siding",
        "voltage": "750"
      },
      "geometry": {
        "type": "LineString",
        "coordinates": [
          [
            0.0767515,
            51.512129
          ],
          [
            0.07619,
            51.5121723
          ],
          [
            0.0761109,
            51.5121876
          ],
          [
            0.0757705,
            51.5122738
          ]
        ]
      },
      "id": "way/819197627"
    },
    {
      "type": "Feature",
      "properties": {
        "@id": "way/819197629",
        "electrified": "rail",
        "frequency": "0",
        "gauge": "1435",
        "operator": "Keolis Amey Docklands",
        "operator:wikidata": "Q89212210",
        "railway": "light_rail",
        "railway:cbtc": "dto",
        "service": "siding",
        "voltage": "750"
      },
      "geometry": {
        "type": "LineString",
        "coordinates": [
          [
            0.0759533,
            51.512248
          ],
          [
            0.0760455,
            51.512245
          ],
          [
            0.0762993,
            51.512265
          ],
          [
            0.0764447,
            51.5122657
          ],
          [
            0.0765462,
            51.5122628
          ],
          [
            0.0767736,
            51.512244
          ]
        ]
      },
      "id": "way/819197629"
    },
    {
      "type": "Feature",
      "properties": {
        "@id": "way/819197630",
        "electrified": "rail",
        "frequency": "0",
        "gauge": "1435",
        "layer": "-1",
        "operator": "Keolis Amey Docklands",
        "operator:wikidata": "Q89212210",
        "railway": "light_rail",
        "railway:cbtc": "dto",
        "service": "siding",
        "tunnel": "yes",
        "voltage": "750"
      },
      "geometry": {
        "type": "LineString",
        "coordinates": [
          [
            0.0767866,
            51.5123119
          ],
          [
            0.0778786,
            51.512229
          ]
        ]
      },
      "id": "way/819197630"
    },
    {
      "type": "Feature",
      "properties": {
        "@id": "way/819197631",
        "electrified": "rail",
        "frequency": "0",
        "gauge": "1435",
        "operator": "Keolis Amey Docklands",
        "operator:wikidata": "Q89212210",
        "railway": "light_rail",
        "railway:cbtc": "dto",
        "service": "siding",
        "voltage": "750"
      },
      "geometry": {
        "type": "LineString",
        "coordinates": [
          [
            0.0767397,
            51.5120672
          ],
          [
            0.076539,
            51.5120895
          ],
          [
            0.0763474,
            51.5121275
          ],
          [
            0.0761109,
            51.5121876
          ]
        ]
      },
      "id": "way/819197631"
    },
    {
      "type": "Feature",
      "properties": {
        "@id": "way/1368578993",
        "electrified": "rail",
        "frequency": "0",
        "gauge": "1435",
        "operator": "Keolis Amey Docklands",
        "operator:wikidata": "Q89212210",
        "railway": "light_rail",
        "railway:cbtc": "dto",
        "service": "siding",
        "voltage": "750"
      },
      "geometry": {
        "type": "LineString",
        "coordinates": [
          [
            0.0742943,
            51.5126326
          ],
          [
            0.0744512,
            51.5127268
          ],
          [
            0.0745134,
            51.5127618
          ],
          [
            0.0745768,
            51.5127884
          ],
          [
            0.0746757,
            51.512823
          ]
        ]
      },
      "id": "way/1368578993"
    },
    {
      "type": "Feature",
      "properties": {
        "@id": "way/1426414051",
        "covered": "yes",
        "electrified": "rail",
        "frequency": "0",
        "gauge": "1435",
        "layer": "-1",
        "operator": "Keolis Amey Docklands",
        "operator:wikidata": "Q89212210",
        "railway": "light_rail",
        "railway:cbtc": "dto",
        "service": "siding",
        "voltage": "750"
      },
      "geometry": {
        "type": "LineString",
        "coordinates": [
          [
            0.0739202,
            51.5120463
          ],
          [
            0.0744426,
            51.5120049
          ]
        ]
      },
      "id": "way/1426414051"
    },
    {
      "type": "Feature",
      "properties": {
        "@id": "way/1426414052",
        "covered": "yes",
        "electrified": "rail",
        "frequency": "0",
        "gauge": "1435",
        "layer": "-1",
        "operator": "Keolis Amey Docklands",
        "operator:wikidata": "Q89212210",
        "railway": "light_rail",
        "railway:cbtc": "dto",
        "service": "siding",
        "voltage": "750"
      },
      "geometry": {
        "type": "LineString",
        "coordinates": [
          [
            0.0744515,
            51.5120504
          ],
          [
            0.0739302,
            51.5120912
          ]
        ]
      },
      "id": "way/1426414052"
    },
    {
      "type": "Feature",
      "properties": {
        "@id": "way/1318827947",
        "operator": "Keolis Amey Docklands",
        "operator:wikidata": "Q89212210",
        "railway": "light_rail"
      },
      "geometry": {
        "type": "LineString",
        "coordinates": [
          [
            0.0794306,
            51.512406
          ],
          [
            0.0795086,
            51.5122882
          ]
        ]
      },
      "id": "way/1318827947"
    },
    {
      "type": "Feature",
      "properties": {
        "@id": "way/1368578995",
        "electrified": "rail",
        "frequency": "0",
        "gauge": "1435",
        "operator": "Keolis Amey Docklands",
        "operator:wikidata": "Q89212210",
        "railway": "light_rail",
        "railway:cbtc": "dto",
        "service": "siding",
        "voltage": "750"
      },
      "geometry": {
        "type": "LineString",
        "coordinates": [
          [
            0.0792957,
            51.512525
          ],
          [
            0.0793641,
            51.5124753
          ],
          [
            0.0794306,
            51.512406
          ]
        ]
      },
      "id": "way/1368578995"
    }
  ]
}