{
  "type": "FeatureCollection",
  "generator": "overpass-turbo",
  "copyright": "The data included in this document is from www.openstreetmap.org. The data is made available under ODbL.",
  "timestamp": "2026-08-27T09:15:15Z",
  "features": [
    {
      "type": "Feature",
      "properties": {
        "@id": "way/162756355",
        "area": "yes",
        "bench": "yes",
        "bin": "yes",
        "check_date:shelter": "2024-10-12",
        "lit": "yes",
        "platform": "subway",
        "public_transport": "platform",
        "railway": "platform",
        "ref": "1",
        "shelter": "yes",
        "subway": "yes",
        "tactile_paving": "no"
      },
      "geometry": {
        "type": "Polygon",
        "coordinates": [
          [
            [
              -0.33352,
              51.5913592
            ],
            [
              -0.3342808,
              51.5917289
            ],
            [
              -0.3346845,
              51.5919251
            ],
            [
              -0.3347974,
              51.5919799
            ],
            [
              -0.3348551,
              51.592008
            ],
            [
              -0.3350325,
              51.5920942
            ],
            [
              -0.335072,
              51.5920629
            ],
            [
              -0.3350405,
              51.5920476
            ],
            [
              -0.3350564,
              51.592035
            ],
            [
              -0.3349737,
              51.5919948
            ],
            [
              -0.3349426,
              51.59202
            ],
            [
              -0.3349025,
              51.5920009
            ],
            [
              -0.3348778,
              51.5919889
            ],
            [
              -0.3348295,
              51.5919662
            ],
            [
              -0.3347346,
              51.591921
            ],
            [
              -0.3347499,
              51.5919085
            ],
            [
              -0.3347657,
              51.5918958
            ],
            [
              -0.3347874,
              51.5918783
            ],
            [
              -0.3347612,
              51.5918657
            ],
            [
              -0.3346757,
              51.5918248
            ],
            [
              -0.3346465,
              51.5918483
            ],
            [
              -0.3343917,
              51.5917262
            ],
            [
              -0.3344117,
              51.5917101
            ],
            [
              -0.3343446,
              51.5916779
            ],
            [
              -0.3343217,
              51.5916669
            ],
            [
              -0.3343398,
              51.5916524
            ],
            [
              -0.3342708,
              51.5916193
            ],
            [
              -0.3342326,
              51.59165
            ],
            [
              -0.3340682,
              51.5915712
            ],
            [
              -0.3335593,
              51.5913275
            ],
            [
              -0.33352,
              51.5913592
            ]
          ]
        ]
      },
      "id": "way/162756355"
    },
    {
      "type": "Feature",
      "properties": {
        "@id": "way/244231013",
        "area": "yes",
        "bench": "yes",
        "bin": "yes",
        "check_date:shelter": "2025-04-03",
        "lit": "yes",
        "name": "Kenton",
        "platform": "subway",
        "public_transport": "platform",
        "railway": "platform",
        "ref": "2",
        "shelter": "yes",
        "tactile_paving": "yes"
      },
      "geometry": {
        "type": "Polygon",
        "coordinates": [
          [
            [
              -0.316951,
              51.5817563
            ],
            [
              -0.3169794,
              51.5817461
            ],
            [
              -0.3170115,
              51.5817356
            ],
            [
              -0.3169105,
              51.5816445
            ],
            [
              -0.3167327,
              51.5814841
            ],
            [
              -0.3167783,
              51.5814642
            ],
            [
              -0.3165841,
              51.5812953
            ],
            [
              -0.3165415,
              51.581317
            ],
            [
              -0.3164988,
              51.5812787
            ],
            [
              -0.3159727,
              51.5808056
            ],
            [
              -0.3159308,
              51.5808225
            ],
            [
              -0.3164528,
              51.5813003
            ],
            [
              -0.316951,
              51.5817563
            ]
          ]
        ]
      },
      "id": "way/244231013"
    },
    {
      "type": "Feature",
      "properties": {
        "@id": "way/471878422",
        "area": "yes",
        "bench": "yes",
        "bin": "yes",
        "lit": "yes",
        "name": "Platform 2",
        "platform": "subway",
        "public_transport": "platform",
        "railway": "platform",
        "ref": "2",
        "shelter": "yes",
        "source": "bing",
        "subway": "yes",
        "tactile_paving": "yes"
      },
      "geometry": {
        "type": "Polygon",
        "coordinates": [
          [
            [
              -0.3034454,
              51.5616147
            ],
            [
              -0.3039114,
              51.5623963
            ],
            [
              -0.3040689,
              51.5626668
            ],
            [
              -0.3041161,
              51.5626586
            ],
            [
              -0.3040824,
              51.5626003
            ],
            [
              -0.3034986,
              51.5616021
            ],
            [
              -0.3034454,
              51.5616147
            ]
          ]
        ]
      },
      "id": "way/471878422"
    },
    {
      "type": "Feature",
      "properties": {
        "@id": "way/686131020",
        "area": "yes",
        "bench": "yes",
        "bin": "yes",
        "check_date:shelter": "2026-04-07",
        "lit": "yes",
        "platform": "subway",
        "public_transport": "platform",
        "railway": "platform",
        "ref": "2",
        "shelter": "yes",
        "tactile_paving": "yes"
      },
      "geometry": {
        "type": "Polygon",
        "coordinates": [
          [
            [
              -0.3086575,
              51.5704396
            ],
            [
              -0.3085521,
              51.5702563
            ],
            [
              -0.3083781,
              51.5699771
            ],
            [
              -0.3082561,
              51.5697975
            ],
            [
              -0.308076,
              51.5695254
            ],
            [
              -0.3079556,
              51.5693488
            ],
            [
              -0.3079245,
              51.5693552
            ],
            [
              -0.3080605,
              51.5695711
            ],
            [
              -0.3082937,
              51.5699304
            ],
            [
              -0.3084785,
              51.5702358
            ],
            [
              -0.3085645,
              51.5703839
            ],
            [
              -0.3086043,
              51.5704524
            ],
            [
              -0.3086575,
              51.5704396
            ]
          ]
        ]
      },
      "id": "way/686131020"
    },
    {
      "type": "Feature",
      "properties": {
        "@id": "way/42985018",
        "area": "yes",
        "bench": "yes",
        "bin": "yes",
        "check_date:shelter": "2024-10-25",
        "lit": "yes",
        "name": "10",
        "public_transport": "platform",
        "railway": "platform",
        "ref": "10",
        "shelter": "yes",
        "tactile_paving": "yes"
      },
      "geometry": {
        "type": "Polygon",
        "coordinates": [
          [
            [
              -0.1342392,
              51.5286998
            ],
            [
              -0.1347021,
              51.5291169
            ],
            [
              -0.1351185,
              51.5294144
            ],
            [
              -0.1354555,
              51.5296292
            ],
            [
              -0.1356759,
              51.5297775
            ],
            [
              -0.1359359,
              51.5299345
            ],
            [
              -0.1359765,
              51.5299583
            ],
            [
              -0.1360908,
              51.5300243
            ],
            [
              -0.1362218,
              51.5300943
            ],
            [
              -0.1362344,
              51.5300874
            ],
            [
              -0.1361108,
              51.5300118
            ],
            [
              -0.135971,
              51.5299222
            ],
            [
              -0.1357278,
              51.5297583
            ],
            [
              -0.135153,
              51.529401
            ],
            [
              -0.134752,
              51.5290956
            ],
            [
              -0.1342861,
              51.5286794
            ],
            [
              -0.1342629,
              51.5286895
            ],
            [
              -0.1342392,
              51.5286998
            ]
          ]
        ]
      },
      "id": "way/42985018"
    },
    {
      "type": "Feature",
      "properties": {
        "@id": "way/274663817",
        "area": "yes",
        "bench": "yes",
        "bin": "yes",
        "check_date:shelter": "2026-04-26",
        "lit": "yes",
        "name": "Hatch End",
        "public_transport": "platform",
        "railway": "platform",
        "ref": "2",
        "shelter": "yes",
        "tactile_paving": "yes"
      },
      "geometry": {
        "type": "Polygon",
        "coordinates": [
          [
            [
              -0.3694448,
              51.6100404
            ],
            [
              -0.369499,
              51.6100139
            ],
            [
              -0.3691551,
              51.6097389
            ],
            [
              -0.368895,
              51.609544
            ],
            [
              -0.3683075,
              51.6091292
            ],
            [
              -0.3682527,
              51.6091428
            ],
            [
              -0.3685569,
              51.609368
            ],
            [
              -0.3690988,
              51.6097705
            ],
            [
              -0.3694448,
              51.6100404
            ]
          ]
        ]
      },
      "id": "way/274663817"
    },
    {
      "type": "Feature",
      "properties": {
        "@id": "way/274658770",
        "area": "yes",
        "bench": "yes",
        "bin": "yes",
        "check_date:shelter": "2024-10-19",
        "lit": "yes",
        "name": "Platform 2",
        "public_transport": "platform",
        "railway": "platform",
        "ref": "2",
        "shelter": "yes",
        "tactile_paving": "yes"
      },
      "geometry": {
        "type": "Polygon",
        "coordinates": [
          [
            [
              -0.3857809,
              51.6284631
            ],
            [
              -0.3858342,
              51.6284536
            ],
            [
              -0.3857435,
              51.6282049
            ],
            [
              -0.3856373,
              51.6279146
            ],
            [
              -0.3854764,
              51.6275483
            ],
            [
              -0.3852527,
              51.6271359
            ],
            [
              -0.3849009,
              51.6265282
            ],
            [
              -0.3848625,
              51.6265357
            ],
            [
              -0.3853975,
              51.6275672
            ],
            [
              -0.3857809,
              51.6284631
            ]
          ]
        ]
      },
      "id": "way/274658770"
    },
    {
      "type": "Feature",
      "properties": {
        "@id": "way/168913161",
        "area": "yes",
        "bench": "yes",
        "bin": "yes",
        "lit": "yes",
        "public_transport": "platform",
        "railway": "platform",
        "ref": "1;2",
        "shelter": "yes",
        "source": "Bing",
        "tactile_paving": "yes",
        "wheelchair": "no"
      },
      "geometry": {
        "type": "Polygon",
        "coordinates": [
          [
            [
              -0.3933822,
              51.651727
            ],
            [
              -0.3931542,
              51.6518469
            ],
            [
              -0.3919259,
              51.6524619
            ],
            [
              -0.391565,
              51.6526423
            ],
            [
              -0.391668,
              51.6527194
            ],
            [
              -0.3920213,
              51.6525314
            ],
            [
              -0.3926975,
              51.6521716
            ],
            [
              -0.3932253,
              51.6519051
            ],
            [
              -0.3934458,
              51.651772
            ],
            [
              -0.3933822,
              51.651727
            ]
          ]
        ]
      },
      "id": "way/168913161"
    },
    {
      "type": "Feature",
      "properties": {
        "@id": "way/103184100",
        "area": "yes",
        "bench": "yes",
        "bin": "yes",
        "check_date:shelter": "2026-03-15",
        "lit": "yes",
        "name": "Bushey",
        "network": "London Overground",
        "operator": "TfL",
        "public_transport": "platform",
        "railway": "platform",
        "ref": "1",
        "shelter": "yes",
        "source": "Bing",
        "tactile_paving": "yes"
      },
      "geometry": {
        "type": "Polygon",
        "coordinates": [
          [
            [
              -0.3852718,
              51.6452779
            ],
            [
              -0.3852715,
              51.6452663
            ],
            [
              -0.3852083,
              51.6452562
            ],
            [
              -0.385197,
              51.6454416
            ],
            [
              -0.3852083,
              51.6455537
            ],
            [
              -0.3852197,
              51.6456255
            ],
            [
              -0.3852198,
              51.6456378
            ],
            [
              -0.3852391,
              51.6457205
            ],
            [
              -0.3852642,
              51.6458024
            ],
            [
              -0.3852735,
              51.6458363
            ],
            [
              -0.3852844,
              51.6458667
            ],
            [
              -0.3853282,
              51.6459667
            ],
            [
              -0.3853678,
              51.6460531
            ],
            [
              -0.385431,
              51.6461621
            ],
            [
              -0.385546,
              51.6463264
            ],
            [
              -0.3855901,
              51.6463142
            ],
            [
              -0.3855017,
              51.6461954
            ],
            [
              -0.3854384,
              51.6461051
            ],
            [
              -0.3853756,
              51.6459898
            ],
            [
              -0.3853246,
              51.6458798
            ],
            [
              -0.3853022,
              51.6458078
            ],
            [
              -0.3852698,
              51.6456576
            ],
            [
              -0.3852685,
              51.6456377
            ],
            [
              -0.3852672,
              51.6456329
            ],
            [
              -0.3852635,
              51.6455594
            ],
            [
              -0.3852582,
              51.6454581
            ],
            [
              -0.3852718,
              51.6452779
            ]
          ]
        ]
      },
      "id": "way/103184100"
    },
    {
      "type": "Feature",
      "properties": {
        "@id": "way/148258406",
        "area": "yes",
        "bench": "yes",
        "bin": "yes",
        "lit": "yes",
        "name": "1",
        "public_transport": "platform",
        "railway": "platform",
        "ref": "1",
        "shelter": "yes",
        "tactile_paving": "yes",
        "train": "yes"
      },
      "geometry": {
        "type": "Polygon",
        "coordinates": [
          [
            [
              0.183782,
              51.574883
            ],
            [
              0.1839465,
              51.5749321
            ],
            [
              0.1840107,
              51.5748398
            ],
            [
              0.1840352,
              51.5748467
            ],
            [
              0.1841776,
              51.5748895
            ],
            [
              0.1848424,
              51.5750895
            ],
            [
              0.1854464,
              51.5752624
            ],
            [
              0.1854145,
              51.575298
            ],
            [
              0.1840793,
              51.5749145
            ],
            [
              0.1840348,
              51.5749813
            ],
            [
              0.1837604,
              51.5749139
            ],
            [
              0.183782,
              51.574883
            ]
          ]
        ]
      },
      "id": "way/148258406"
    },
    {
      "type": "Feature",
      "properties": {
        "@id": "way/291615524",
        "area": "yes",
        "bench": "yes",
        "bin": "yes",
        "lit": "yes",
        "name": "Platform 1",
        "public_transport": "platform",
        "railway": "platform",
        "ref": "1",
        "shelter": "yes",
        "tactile_paving": "yes",
        "train": "yes",
        "wheelchair": "limited"
      },
      "geometry": {
        "type": "Polygon",
        "coordinates": [
          [
            [
              0.2197926,
              51.5687721
            ],
            [
              0.220077,
              51.5686853
            ],
            [
              0.2204582,
              51.5685623
            ],
            [
              0.2206194,
              51.5685091
            ],
            [
              0.2208599,
              51.5684272
            ],
            [
              0.2209909,
              51.5683813
            ],
            [
              0.2210092,
              51.568401
            ],
            [
              0.220879,
              51.5684479
            ],
            [
              0.22064,
              51.5685298
            ],
            [
              0.2204765,
              51.5685841
            ],
            [
              0.2204908,
              51.5686013
            ],
            [
              0.2202587,
              51.5686762
            ],
            [
              0.2201096,
              51.5687243
            ],
            [
              0.2197947,
              51.5688238
            ],
            [
              0.2197926,
              51.5687721
            ]
          ]
        ]
      },
      "id": "way/291615524"
    },
    {
      "type": "Feature",
      "properties": {
        "@id": "way/47645147",
        "area": "yes",
        "platform": "subway",
        "public_transport": "platform",
        "railway": "platform",
        "ref": "6",
        "train": "yes"
      },
      "geometry": {
        "type": "Polygon",
        "coordinates": [
          [
            [
              0.2507452,
              51.5592217
            ],
            [
              0.2508865,
              51.5592181
            ],
            [
              0.2521176,
              51.559187
            ],
            [
              0.2521182,
              51.5592129
            ],
            [
              0.2507477,
              51.5592479
            ],
            [
              0.2507452,
              51.5592217
            ]
          ]
        ]
      },
      "id": "way/47645147"
    },
    {
      "type": "Feature",
      "properties": {
        "@id": "way/163053609",
        "electrified": "rail",
        "frequency": "0",
        "line": "Lioness;Watford DC line",
        "maxspeed": "45 mph",
        "name": "Camden to Watford Junction Line",
        "network": "London Overground",
        "operator": "Network Rail",
        "operator:wikidata": "Q1501071",
        "railway": "rail",
        "railway:track_ref": "Down DC Electric",
        "ref": "CWJ",
        "usage": "branch",
        "voltage": "660"
      },
      "geometry": {
        "type": "LineString",
        "coordinates": [
          [
            -0.3582223,
            51.6032143
          ],
          [
            -0.3606457,
            51.6044954
          ],
          [
            -0.3632045,
            51.6059481
          ],
          [
            -0.3646207,
            51.6067976
          ],
          [
            -0.3656614,
            51.6074273
          ],
          [
            -0.368229,
            51.6091549
          ],
          [
            -0.3688107,
            51.609576
          ],
          [
            -0.3693741,
            51.6100157
          ],
          [
            -0.3711921,
            51.6114916
          ],
          [
            -0.3730053,
            51.6129607
          ],
          [
            -0.3742445,
            51.6139567
          ],
          [
            -0.3756446,
            51.6150692
          ],
          [
            -0.3770819,
            51.6162847
          ],
          [
            -0.377678,
            51.6168365
          ],
          [
            -0.3784391,
            51.6175836
          ],
          [
            -0.3794453,
            51.6185835
          ],
          [
            -0.3803009,
            51.6195092
          ],
          [
            -0.3812021,
            51.6206416
          ],
          [
            -0.3821191,
            51.6218535
          ],
          [
            -0.3828942,
            51.6230383
          ],
          [
            -0.3834112,
            51.6238712
          ],
          [
            -0.3838312,
            51.6245885
          ],
          [
            -0.3843238,
            51.6255203
          ],
          [
            -0.3848843,
            51.6264438
          ],
          [
            -0.3851863,
            51.6269745
          ],
          [
            -0.3854898,
            51.6275246
          ],
          [
            -0.3856054,
            51.6277724
          ],
          [
            -0.3857076,
            51.6280237
          ],
          [
            -0.3857928,
            51.6282432
          ],
          [
            -0.3859335,
            51.6286057
          ],
          [
            -0.3860457,
            51.6289321
          ],
          [
            -0.3862468,
            51.6295583
          ],
          [
            -0.3863795,
            51.629972
          ],
          [
            -0.3865149,
            51.6303946
          ],
          [
            -0.3866703,
            51.6308788
          ],
          [
            -0.3867856,
            51.6312868
          ],
          [
            -0.3869441,
            51.6318861
          ],
          [
            -0.3871424,
            51.6328708
          ],
          [
            -0.3872201,
            51.633255
          ],
          [
            -0.3873196,
            51.6339322
          ],
          [
            -0.38737,
            51.6345418
          ],
          [
            -0.3874213,
            51.6353979
          ],
          [
            -0.3874351,
            51.635949
          ],
          [
            -0.3873889,
            51.6374033
          ],
          [
            -0.3873353,
            51.6379426
          ],
          [
            -0.387266,
            51.638474
          ],
          [
            -0.3872035,
            51.6389166
          ],
          [
            -0.3869433,
            51.6399403
          ],
          [
            -0.3867769,
            51.6405227
          ],
          [
            -0.386689,
            51.6408373
          ],
          [
            -0.386442,
            51.6415846
          ],
          [
            -0.386238,
            51.6421457
          ],
          [
            -0.3857552,
            51.6433842
          ],
          [
            -0.3857069,
            51.643533
          ],
          [
            -0.3854184,
            51.6443488
          ],
          [
            -0.3852702,
            51.6447988
          ],
          [
            -0.385242,
            51.6448998
          ],
          [
            -0.385215,
            51.6450169
          ],
          [
            -0.3851994,
            51.6451229
          ],
          [
            -0.3851863,
            51.6452482
          ]
        ]
      },
      "id": "way/163053609"
    },
    {
      "type": "Feature",
      "properties": {
        "@id": "way/235294952",
        "electrified": "rail",
        "frequency": "0",
        "gauge": "1435",
        "line": "Lioness;Watford DC line",
        "maxspeed": "45 mph",
        "name": "Camden to Watford Junction Line",
        "network": "London Overground",
        "operator": "Network Rail",
        "operator:wikidata": "Q1501071",
        "railway": "rail",
        "railway:track_ref": "Down DC Electric",
        "ref": "CWJ",
        "usage": "branch",
        "voltage": "660"
      },
      "geometry": {
        "type": "LineString",
        "coordinates": [
          [
            -0.338427,
            51.5937957
          ],
          [
            -0.3389464,
            51.5940553
          ],
          [
            -0.3437849,
            51.5963488
          ],
          [
            -0.3447174,
            51.5967862
          ],
          [
            -0.3478931,
            51.5982857
          ],
          [
            -0.3527326,
            51.6006021
          ],
          [
            -0.3540394,
            51.6012179
          ],
          [
            -0.3550654,
            51.6016811
          ],
          [
            -0.3556321,
            51.6019291
          ],
          [
            -0.3563006,
            51.6022309
          ],
          [
            -0.3569613,
            51.6025397
          ],
          [
            -0.3571663,
            51.6026355
          ],
          [
            -0.3578637,
            51.6030003
          ],
          [
            -0.3582223,
            51.6032143
          ]
        ]
      },
      "id": "way/235294952"
    },
    {
      "type": "Feature",
      "properties": {
        "@id": "way/1119578773",
        "electrified": "4th_rail",
        "frequency": "0",
        "gauge": "1435",
        "line": "Lioness;Bakerloo",
        "maxspeed": "45 mph",
        "name": "DC Electric Lines",
        "network": "London Underground;London Overground",
        "note": "Line also used by London Overground (National Rail network) services from Euston to Watford Jn",
        "operator": "Network Rail",
        "operator:wikidata": "Q1501071",
        "passenger_lines": "6",
        "railway": "rail",
        "railway:preferred_direction": "backward",
        "railway:track_ref": "Down DC Electric",
        "ref": "CWJ",
        "subway": "yes",
        "usage": "branch",
        "voltage": "660"
      },
      "geometry": {
        "type": "LineString",
        "coordinates": [
          [
            -0.3344771,
            51.5918438
          ],
          [
            -0.3335047,
            51.5913713
          ],
          [
            -0.3321406,
            51.5907443
          ],
          [
            -0.3319632,
            51.5906629
          ],
          [
            -0.3299466,
            51.5897378
          ],
          [
            -0.3270337,
            51.5883247
          ],
          [
            -0.3251454,
            51.5873848
          ],
          [
            -0.3241691,
            51.5868433
          ],
          [
            -0.3236997,
            51.5865732
          ],
          [
            -0.3229387,
            51.5861083
          ],
          [
            -0.3225059,
            51.5858487
          ],
          [
            -0.3220777,
            51.5855812
          ],
          [
            -0.3216854,
            51.5853375
          ],
          [
            -0.3212862,
            51.5850793
          ],
          [
            -0.3210142,
            51.5848895
          ],
          [
            -0.3206693,
            51.5846659
          ],
          [
            -0.320446,
            51.5845141
          ],
          [
            -0.3200213,
            51.5842085
          ],
          [
            -0.319651,
            51.5839454
          ],
          [
            -0.319335,
            51.5837167
          ],
          [
            -0.3190213,
            51.5834831
          ],
          [
            -0.3183562,
            51.5830031
          ],
          [
            -0.3172299,
            51.5820612
          ],
          [
            -0.3166625,
            51.5815221
          ],
          [
            -0.3159844,
            51.5808978
          ],
          [
            -0.3152489,
            51.580216
          ],
          [
            -0.3148646,
            51.5798004
          ],
          [
            -0.3146134,
            51.5795372
          ],
          [
            -0.3142454,
            51.5791625
          ],
          [
            -0.3139168,
            51.5788051
          ],
          [
            -0.3136668,
            51.5785066
          ],
          [
            -0.3133925,
            51.5781809
          ],
          [
            -0.3130839,
            51.5778027
          ]
        ]
      },
      "id": "way/1119578773"
    },
    {
      "type": "Feature",
      "properties": {
        "@id": "way/155035731",
        "electrified": "rail",
        "frequency": "0",
        "gauge": "1435",
        "line": "Lioness;Watford DC line",
        "maxspeed": "30 mph",
        "name": "Camden to Watford Junction Line",
        "network": "London Overground",
        "operator": "Network Rail",
        "operator:wikidata": "Q1501071",
        "railway": "rail",
        "railway:track_ref": "Down DC Electric",
        "ref": "CWJ",
        "usage": "branch",
        "voltage": "660"
      },
      "geometry": {
        "type": "LineString",
        "coordinates": [
          [
            -0.3352928,
            51.5922299
          ],
          [
            -0.3355136,
            51.5923132
          ],
          [
            -0.3357529,
            51.5924152
          ],
          [
            -0.3360256,
            51.5925406
          ],
          [
            -0.3374287,
            51.59322
          ],
          [
            -0.3376891,
            51.5933731
          ],
          [
            -0.3380762,
            51.5936004
          ],
          [
            -0.3382449,
            51.5937059
          ]
        ]
      },
      "id": "way/155035731"
    },
    {
      "type": "Feature",
      "properties": {
        "@id": "way/165293695",
        "electrified": "4th_rail",
        "frequency": "0",
        "gauge": "1435",
        "line": "Lioness",
        "maxspeed": "45 mph",
        "name": "DC Electric Lines",
        "network": "London Overground",
        "operator": "Network Rail",
        "operator:wikidata": "Q1501071",
        "railway": "rail",
        "railway:track_ref": "Down DC Electric",
        "ref": "CWJ",
        "subway": "yes",
        "usage": "branch",
        "voltage": "660"
      },
      "geometry": {
        "type": "LineString",
        "coordinates": [
          [
            -0.3352928,
            51.5922299
          ],
          [
            -0.3350173,
            51.5921063
          ],
          [
            -0.3347821,
            51.591992
          ],
          [
            -0.3346693,
            51.5919372
          ],
          [
            -0.3344771,
            51.5918438
          ]
        ]
      },
      "id": "way/165293695"
    },
    {
      "type": "Feature",
      "properties": {
        "@id": "way/235294939",
        "bridge": "yes",
        "electrified": "rail",
        "frequency": "0",
        "gauge": "1435",
        "layer": "1",
        "line": "Lioness",
        "maxspeed": "45 mph",
        "name": "Camden to Watford Junction Line",
        "network": "London Overground",
        "operator": "Network Rail",
        "operator:wikidata": "Q1501071",
        "railway": "rail",
        "railway:track_ref": "Down DC Electric",
        "ref": "CWJ",
        "usage": "branch",
        "voltage": "660"
      },
      "geometry": {
        "type": "LineString",
        "coordinates": [
          [
            -0.3382449,
            51.5937059
          ],
          [
            -0.338427,
            51.5937957
          ]
        ]
      },
      "id": "way/235294939"
    },
    {
      "type": "Feature",
      "properties": {
        "@id": "way/162814360",
        "electrified": "4th_rail",
        "frequency": "0",
        "gauge": "1435",
        "line": "Lioness;Bakerloo",
        "maxspeed": "45 mph",
        "name": "DC Electric Lines",
        "network": "London Underground;London Overground",
        "note": "Line also used by London Overground (National Rail network) services from Euston to Watford Jn",
        "operator": "Network Rail",
        "operator:wikidata": "Q1501071",
        "passenger_lines": "6",
        "railway": "rail",
        "railway:preferred_direction": "backward",
        "railway:track_ref": "Down DC Electric",
        "ref": "CWJ",
        "subway": "yes",
        "usage": "branch",
        "voltage": "660"
      },
      "geometry": {
        "type": "LineString",
        "coordinates": [
          [
            -0.3128438,
            51.5774581
          ],
          [
            -0.3125813,
            51.5770906
          ],
          [
            -0.3122781,
            51.5766511
          ],
          [
            -0.3120189,
            51.5762412
          ],
          [
            -0.3117689,
            51.5758471
          ],
          [
            -0.3114345,
            51.5753177
          ],
          [
            -0.311262,
            51.5750135
          ],
          [
            -0.3110445,
            51.5746359
          ],
          [
            -0.3108118,
            51.5742439
          ],
          [
            -0.3105457,
            51.5737887
          ],
          [
            -0.3103258,
            51.5734182
          ],
          [
            -0.3100573,
            51.5729694
          ],
          [
            -0.3098178,
            51.5725602
          ],
          [
            -0.3096673,
            51.5723056
          ],
          [
            -0.3094509,
            51.5719373
          ],
          [
            -0.3093005,
            51.5716597
          ],
          [
            -0.3090956,
            51.571254
          ],
          [
            -0.3089545,
            51.5709548
          ],
          [
            -0.308782,
            51.5706167
          ],
          [
            -0.3085807,
            51.570252
          ],
          [
            -0.3084105,
            51.5699708
          ],
          [
            -0.3082971,
            51.5697873
          ],
          [
            -0.3081143,
            51.5695147
          ],
          [
            -0.3079291,
            51.5692471
          ],
          [
            -0.3078227,
            51.569099
          ],
          [
            -0.3076016,
            51.5687846
          ],
          [
            -0.3073112,
            51.5683163
          ],
          [
            -0.3070936,
            51.567938
          ],
          [
            -0.3068378,
            51.5675157
          ],
          [
            -0.3065775,
            51.5670611
          ],
          [
            -0.3063136,
            51.5666453
          ],
          [
            -0.3060405,
            51.5661626
          ],
          [
            -0.3057986,
            51.5657432
          ],
          [
            -0.3055614,
            51.5653224
          ],
          [
            -0.3053832,
            51.5650037
          ],
          [
            -0.3051888,
            51.5646599
          ],
          [
            -0.304999,
            51.5643297
          ],
          [
            -0.3048358,
            51.5640333
          ],
          [
            -0.3046472,
            51.5637052
          ],
          [
            -0.3044389,
            51.5633275
          ],
          [
            -0.3043254,
            51.5631275
          ],
          [
            -0.3041166,
            51.5627752
          ],
          [
            -0.3038951,
            51.5623981
          ],
          [
            -0.3024958,
            51.5601146
          ],
          [
            -0.3023454,
            51.5598743
          ],
          [
            -0.3022482,
            51.5597217
          ],
          [
            -0.3020526,
            51.5593807
          ],
          [
            -0.3017945,
            51.5589533
          ],
          [
            -0.3014994,
            51.5584447
          ],
          [
            -0.3012807,
            51.5580828
          ],
          [
            -0.30104,
            51.5576806
          ],
          [
            -0.3008065,
            51.557308
          ],
          [
            -0.3005898,
            51.5569625
          ],
          [
            -0.3003609,
            51.5566114
          ],
          [
            -0.3001008,
            51.5562234
          ],
          [
            -0.2998762,
            51.5558989
          ],
          [
            -0.2996074,
            51.5555133
          ],
          [
            -0.2994729,
            51.5553284
          ],
          [
            -0.2992657,
            51.5550473
          ],
          [
            -0.2990514,
            51.5547635
          ],
          [
            -0.2988915,
            51.5545659
          ],
          [
            -0.2986693,
            51.5542908
          ],
          [
            -0.2983616,
            51.5539273
          ],
          [
            -0.2980409,
            51.5535602
          ],
          [
            -0.2977558,
            51.5532296
          ],
          [
            -0.2974132,
            51.552836
          ],
          [
            -0.2971764,
            51.5525706
          ]
        ]
      },
      "id": "way/162814360"
    },
    {
      "type": "Feature",
      "properties": {
        "@id": "way/157530364",
        "electrified": "4th_rail",
        "frequency": "0",
        "gauge": "1435",
        "layer": "-1",
        "line": "Lioness;Bakerloo",
        "loading_gauge": "deep-tube",
        "maxspeed": "45 mph",
        "name": "DC Electric Lines",
        "network": "London Underground;London Overground",
        "operator": "Network Rail",
        "operator:wikidata": "Q1501071",
        "passenger_lines": "2",
        "railway": "rail",
        "railway:preferred_direction": "backward",
        "railway:track_ref": "Down DC Electric",
        "ref": "CWJ",
        "subway": "yes",
        "tunnel": "yes",
        "usage": "branch",
        "voltage": "660"
      },
      "geometry": {
        "type": "LineString",
        "coordinates": [
          [
            -0.2900109,
            51.5473084
          ],
          [
            -0.2882301,
            51.5471883
          ]
        ]
      },
      "id": "way/157530364"
    },
    {
      "type": "Feature",
      "properties": {
        "@id": "way/224160435",
        "electrified": "4th_rail",
        "frequency": "0",
        "gauge": "1435",
        "line": "Lioness;Bakerloo",
        "maxspeed": "45 mph",
        "name": "DC Electric Lines",
        "network": "London Underground;London Overground",
        "operator": "Network Rail",
        "operator:wikidata": "Q1501071",
        "passenger_lines": "2",
        "railway": "rail",
        "railway:preferred_direction": "backward",
        "railway:track_ref": "Down DC Electric",
        "ref": "CWJ",
        "subway": "yes",
        "usage": "branch",
        "voltage": "660"
      },
      "geometry": {
        "type": "LineString",
        "coordinates": [
          [
            -0.2959374,
            51.5513876
          ],
          [
            -0.2954726,
            51.5509699
          ],
          [
            -0.2950854,
            51.5506276
          ],
          [
            -0.2946561,
            51.5502287
          ],
          [
            -0.2942373,
            51.5498028
          ],
          [
            -0.2939862,
            51.5495359
          ],
          [
            -0.2933733,
            51.5488983
          ],
          [
            -0.2930933,
            51.5486118
          ],
          [
            -0.292871,
            51.5483995
          ]
        ]
      },
      "id": "way/224160435"
    },
    {
      "type": "Feature",
      "properties": {
        "@id": "way/1118468720",
        "electrified": "4th_rail",
        "frequency": "0",
        "gauge": "1435",
        "line": "Lioness;Bakerloo",
        "maxspeed": "45 mph",
        "name": "DC Electric Lines",
        "network": "London Underground;London Overground",
        "operator": "Network Rail",
        "operator:wikidata": "Q1501071",
        "passenger_lines": "2",
        "railway": "rail",
        "railway:preferred_direction": "backward",
        "railway:track_ref": "Down DC Electric",
        "ref": "CWJ",
        "subway": "yes",
        "usage": "branch",
        "voltage": "660"
      },
      "geometry": {
        "type": "LineString",
        "coordinates": [
          [
            -0.2928327,
            51.548366
          ],
          [
            -0.292721,
            51.5482694
          ],
          [
            -0.2925952,
            51.5481669
          ],
          [
            -0.2924112,
            51.5480352
          ],
          [
            -0.2922409,
            51.5479269
          ],
          [
            -0.2920575,
            51.5478293
          ],
          [
            -0.2918537,
            51.5477368
          ],
          [
            -0.2916581,
            51.5476569
          ],
          [
            -0.2914746,
            51.5475907
          ],
          [
            -0.2912405,
            51.5475173
          ],
          [
            -0.2910215,
            51.5474596
          ],
          [
            -0.2907582,
            51.5474006
          ],
          [
            -0.2904969,
            51.5473599
          ],
          [
            -0.2902073,
            51.5473255
          ],
          [
            -0.2900109,
            51.5473084
          ]
        ]
      },
      "id": "way/1118468720"
    },
    {
      "type": "Feature",
      "properties": {
        "@id": "way/224160437",
        "electrified": "4th_rail",
        "frequency": "0",
        "gauge": "1435",
        "layer": "1",
        "line": "Lioness;Bakerloo",
        "maxspeed": "45 mph",
        "name": "DC Electric Lines",
        "network": "London Underground;London Overground",
        "operator": "Network Rail",
        "operator:wikidata": "Q1501071",
        "passenger_lines": "6",
        "railway": "rail",
        "railway:preferred_direction": "backward",
        "railway:track_ref": "Down DC Electric",
        "ref": "CWJ",
        "subway": "yes",
        "tunnel": "yes",
        "usage": "branch",
        "voltage": "660"
      },
      "geometry": {
        "type": "LineString",
        "coordinates": [
          [
            -0.2971764,
            51.5525706
          ],
          [
            -0.2968861,
            51.5522862
          ],
          [
            -0.2959374,
            51.5513876
          ]
        ]
      },
      "id": "way/224160437"
    },
    {
      "type": "Feature",
      "properties": {
        "@id": "way/1118468721",
        "bridge": "yes",
        "electrified": "4th_rail",
        "frequency": "0",
        "gauge": "1435",
        "layer": "1",
        "line": "Lioness;Bakerloo",
        "maxspeed": "45 mph",
        "name": "DC Electric Lines",
        "network": "London Underground;London Overground",
        "operator": "Network Rail",
        "operator:wikidata": "Q1501071",
        "passenger_lines": "2",
        "railway": "rail",
        "railway:preferred_direction": "backward",
        "railway:track_ref": "Down DC Electric",
        "ref": "CWJ",
        "subway": "yes",
        "usage": "branch",
        "voltage": "660"
      },
      "geometry": {
        "type": "LineString",
        "coordinates": [
          [
            -0.292871,
            51.5483995
          ],
          [
            -0.2928327,
            51.548366
          ]
        ]
      },
      "id": "way/1118468721"
    },
    {
      "type": "Feature",
      "properties": {
        "@id": "way/156386774",
        "electrified": "4th_rail",
        "frequency": "0",
        "gauge": "1435",
        "line": "Lioness;Bakerloo",
        "maxspeed": "45 mph",
        "name": "DC Electric Lines",
        "network": "London Underground;London Overground",
        "operator": "Network Rail",
        "operator:wikidata": "Q1501071",
        "railway": "rail",
        "railway:preferred_direction": "backward",
        "railway:track_ref": "Down DC Electric",
        "ref": "CWJ",
        "subway": "yes",
        "usage": "branch",
        "voltage": "660"
      },
      "geometry": {
        "type": "LineString",
        "coordinates": [
          [
            -0.2740519,
            51.5432905
          ],
          [
            -0.2724443,
            51.5426793
          ],
          [
            -0.2711497,
            51.542196
          ],
          [
            -0.2704951,
            51.5419506
          ],
          [
            -0.2695364,
            51.5415578
          ],
          [
            -0.2683873,
            51.5410792
          ],
          [
            -0.2673193,
            51.5406244
          ],
          [
            -0.2667224,
            51.540361
          ],
          [
            -0.2662968,
            51.5401773
          ],
          [
            -0.2659327,
            51.5400213
          ],
          [
            -0.2655977,
            51.5398723
          ],
          [
            -0.2651331,
            51.5396711
          ],
          [
            -0.2647674,
            51.5395123
          ],
          [
            -0.2644092,
            51.5393614
          ],
          [
            -0.2640683,
            51.5392087
          ],
          [
            -0.2637315,
            51.5390616
          ],
          [
            -0.2633683,
            51.5389049
          ],
          [
            -0.2630398,
            51.538757
          ],
          [
            -0.2628081,
            51.5386513
          ],
          [
            -0.2625514,
            51.5385331
          ],
          [
            -0.2621116,
            51.5383287
          ],
          [
            -0.2617691,
            51.5381727
          ],
          [
            -0.2614432,
            51.5380124
          ],
          [
            -0.2611088,
            51.5378611
          ],
          [
            -0.2606552,
            51.5376318
          ],
          [
            -0.259929,
            51.537319
          ],
          [
            -0.2588874,
            51.5368262
          ],
          [
            -0.2582051,
            51.536507
          ],
          [
            -0.257829,
            51.5363366
          ],
          [
            -0.2574458,
            51.5361719
          ],
          [
            -0.2573148,
            51.5361198
          ]
        ]
      },
      "id": "way/156386774"
    },
    {
      "type": "Feature",
      "properties": {
        "@id": "way/157530367",
        "electrified": "4th_rail",
        "frequency": "0",
        "gauge": "1435",
        "line": "Lioness;Bakerloo",
        "maxspeed": "45 mph",
        "name": "DC Electric Lines",
        "network": "London Underground;London Overground",
        "operator": "Network Rail",
        "operator:wikidata": "Q1501071",
        "passenger_lines": "2",
        "railway": "rail",
        "railway:preferred_direction": "backward",
        "railway:track_ref": "Down DC Electric",
        "ref": "CWJ",
        "subway": "yes",
        "usage": "branch",
        "voltage": "660"
      },
      "geometry": {
        "type": "LineString",
        "coordinates": [
          [
            -0.2882301,
            51.5471883
          ],
          [
            -0.2876573,
            51.5471512
          ],
          [
            -0.2874178,
            51.5471362
          ],
          [
            -0.2871527,
            51.5471189
          ],
          [
            -0.2869084,
            51.5471019
          ],
          [
            -0.2865748,
            51.547081
          ],
          [
            -0.2861297,
            51.5470471
          ],
          [
            -0.2857594,
            51.5470066
          ],
          [
            -0.2854663,
            51.5469717
          ],
          [
            -0.2851849,
            51.5469347
          ],
          [
            -0.2849445,
            51.5468987
          ],
          [
            -0.2845611,
            51.5468334
          ],
          [
            -0.2842416,
            51.5467742
          ],
          [
            -0.2839936,
            51.5467223
          ],
          [
            -0.2835589,
            51.5466284
          ],
          [
            -0.2831382,
            51.5465224
          ],
          [
            -0.2828254,
            51.5464355
          ],
          [
            -0.2823267,
            51.5462794
          ],
          [
            -0.2820099,
            51.5461731
          ],
          [
            -0.2816363,
            51.5460375
          ],
          [
            -0.2811563,
            51.5458662
          ],
          [
            -0.2806019,
            51.5456684
          ],
          [
            -0.2801106,
            51.5454891
          ],
          [
            -0.2796382,
            51.5453191
          ],
          [
            -0.2793561,
            51.5452243
          ],
          [
            -0.2789541,
            51.5450828
          ],
          [
            -0.278601,
            51.5449572
          ],
          [
            -0.2782511,
            51.544826
          ],
          [
            -0.2777761,
            51.5446559
          ],
          [
            -0.2771262,
            51.5444229
          ],
          [
            -0.2768422,
            51.5443193
          ],
          [
            -0.2751475,
            51.5436998
          ]
        ]
      },
      "id": "way/157530367"
    },
    {
      "type": "Feature",
      "properties": {
        "@id": "way/156386759",
        "bridge": "yes",
        "electrified": "4th_rail",
        "frequency": "0",
        "gauge": "1435",
        "layer": "1",
        "line": "Lioness;Bakerloo",
        "maxspeed": "45 mph",
        "name": "DC Electric Lines",
        "network": "London Underground;London Overground",
        "operator": "Network Rail",
        "operator:wikidata": "Q1501071",
        "passenger_lines": "2",
        "railway": "rail",
        "railway:preferred_direction": "backward",
        "railway:track_ref": "Down DC Electric",
        "ref": "CWJ",
        "subway": "yes",
        "usage": "branch",
        "voltage": "660"
      },
      "geometry": {
        "type": "LineString",
        "coordinates": [
          [
            -0.2747008,
            51.5435327
          ],
          [
            -0.2740519,
            51.5432905
          ]
        ]
      },
      "id": "way/156386759"
    },
    {
      "type": "Feature",
      "properties": {
        "@id": "way/1118455402",
        "bridge": "yes",
        "electrified": "4th_rail",
        "frequency": "0",
        "gauge": "1435",
        "layer": "1",
        "line": "Lioness;Bakerloo",
        "maxspeed": "45 mph",
        "name": "DC Electric Lines",
        "network": "London Underground;London Overground",
        "operator": "Network Rail",
        "operator:wikidata": "Q1501071",
        "passenger_lines": "2",
        "railway": "rail",
        "railway:preferred_direction": "backward",
        "railway:track_ref": "Down DC Electric",
        "ref": "CWJ",
        "subway": "yes",
        "usage": "branch",
        "voltage": "660"
      },
      "geometry": {
        "type": "LineString",
        "coordinates": [
          [
            -0.2751475,
            51.5436998
          ],
          [
            -0.2747008,
            51.5435327
          ]
        ]
      },
      "id": "way/1118455402"
    },
    {
      "type": "Feature",
      "properties": {
        "@id": "way/155073374",
        "electrified": "4th_rail",
        "frequency": "0",
        "gauge": "1435",
        "line": "Lioness;Watford DC line",
        "maxspeed": "45 mph",
        "name": "Watford DC line",
        "network": "Overground",
        "operator": "Network Rail",
        "operator:wikidata": "Q1501071",
        "railway": "rail",
        "railway:preferred_direction": "forward",
        "railway:track_ref": "Down DC Electric",
        "ref": "CWJ",
        "usage": "branch",
        "voltage": "660"
      },
      "geometry": {
        "type": "LineString",
        "coordinates": [
          [
            -0.1929268,
            51.5370853
          ],
          [
            -0.1931876,
            51.5369832
          ],
          [
            -0.1934728,
            51.5368727
          ],
          [
            -0.1937415,
            51.536777
          ],
          [
            -0.1939695,
            51.5366921
          ],
          [
            -0.194282,
            51.5365726
          ],
          [
            -0.1946304,
            51.5364508
          ],
          [
            -0.1949877,
            51.5363403
          ],
          [
            -0.1953774,
            51.5362286
          ],
          [
            -0.1960077,
            51.5360632
          ],
          [
            -0.1964297,
            51.5359437
          ],
          [
            -0.196823,
            51.5358365
          ],
          [
            -0.1971795,
            51.5357381
          ],
          [
            -0.197572,
            51.5356374
          ],
          [
            -0.1979743,
            51.535523
          ],
          [
            -0.1985371,
            51.535378
          ],
          [
            -0.1990921,
            51.5352289
          ],
          [
            -0.1995704,
            51.5351009
          ],
          [
            -0.2000124,
            51.5349811
          ],
          [
            -0.2004985,
            51.5348525
          ],
          [
            -0.2007591,
            51.5347869
          ],
          [
            -0.2010923,
            51.5347113
          ],
          [
            -0.2016097,
            51.5345952
          ],
          [
            -0.2020008,
            51.5345268
          ],
          [
            -0.2023706,
            51.5344599
          ],
          [
            -0.2029336,
            51.5343611
          ],
          [
            -0.203452,
            51.5342695
          ],
          [
            -0.2038326,
            51.5342014
          ],
          [
            -0.2042011,
            51.5341359
          ],
          [
            -0.2046029,
            51.5340667
          ],
          [
            -0.2048174,
            51.5340273
          ],
          [
            -0.2052622,
            51.5339465
          ],
          [
            -0.2062726,
            51.5337648
          ],
          [
            -0.2065232,
            51.5337198
          ],
          [
            -0.2072527,
            51.5335887
          ],
          [
            -0.2079644,
            51.533462
          ],
          [
            -0.2083771,
            51.5333862
          ],
          [
            -0.2085115,
            51.5333635
          ],
          [
            -0.2087638,
            51.533323
          ],
          [
            -0.2089833,
            51.5332911
          ],
          [
            -0.2092888,
            51.5332518
          ],
          [
            -0.2095362,
            51.533221
          ],
          [
            -0.2098562,
            51.533183
          ]
        ]
      },
      "id": "way/155073374"
    },
    {
      "type": "Feature",
      "properties": {
        "@id": "way/156386749",
        "electrified": "4th_rail",
        "frequency": "0",
        "gauge": "1435",
        "line": "Lioness;Bakerloo",
        "maxspeed": "45 mph",
        "name": "DC Electric Lines",
        "network": "London Underground;London Overground",
        "operator": "Network Rail",
        "operator:wikidata": "Q1501071",
        "railway": "rail",
        "railway:preferred_direction": "backward",
        "railway:track_ref": "Down DC Electric",
        "ref": "CWJ",
        "subway": "yes",
        "usage": "branch",
        "voltage": "660"
      },
      "geometry": {
        "type": "LineString",
        "coordinates": [
          [
            -0.2559323,
            51.5355708
          ],
          [
            -0.2531494,
            51.5344952
          ]
        ]
      },
      "id": "way/156386749"
    },
    {
      "type": "Feature",
      "properties": {
        "@id": "way/156386767",
        "electrified": "4th_rail",
        "frequency": "0",
        "gauge": "1435",
        "layer": "-1",
        "line": "Lioness;Bakerloo",
        "loading_gauge": "deep-tube",
        "maxspeed": "45 mph",
        "name": "DC Electric Lines",
        "network": "London Underground;London Overground",
        "operator": "Network Rail",
        "operator:wikidata": "Q1501071",
        "railway": "rail",
        "railway:preferred_direction": "backward",
        "railway:track_ref": "Down DC Electric",
        "ref": "CWJ",
        "subway": "yes",
        "tunnel": "yes",
        "usage": "branch",
        "voltage": "660"
      },
      "geometry": {
        "type": "LineString",
        "coordinates": [
          [
            -0.2531494,
            51.5344952
          ],
          [
            -0.2524998,
            51.5342135
          ],
          [
            -0.2520492,
            51.5340348
          ],
          [
            -0.251518,
            51.533829
          ]
        ]
      },
      "id": "way/156386767"
    },
    {
      "type": "Feature",
      "properties": {
        "@id": "way/365314361",
        "electrified": "4th_rail",
        "frequency": "0",
        "gauge": "1435",
        "line": "Lioness;Bakerloo",
        "maxspeed": "45 mph",
        "name": "DC Electric Lines",
        "network": "London Underground;London Overground",
        "operator": "Network Rail",
        "operator:wikidata": "Q1501071",
        "railway": "rail",
        "railway:preferred_direction": "forward",
        "railway:track_ref": "Down DC Electric",
        "ref": "CWJ",
        "subway": "yes",
        "usage": "branch",
        "voltage": "660"
      },
      "geometry": {
        "type": "LineString",
        "coordinates": [
          [
            -0.2473349,
            51.5326653
          ],
          [
            -0.2476936,
            51.5327224
          ],
          [
            -0.2479774,
            51.5327834
          ],
          [
            -0.248331,
            51.5328612
          ],
          [
            -0.2487323,
            51.5329633
          ],
          [
            -0.2490801,
            51.5330592
          ],
          [
            -0.2495056,
            51.533177
          ],
          [
            -0.2499063,
            51.5332933
          ],
          [
            -0.2502056,
            51.5333847
          ],
          [
            -0.2506014,
            51.5335134
          ],
          [
            -0.2509565,
            51.5336354
          ],
          [
            -0.2513239,
            51.5337598
          ],
          [
            -0.251518,
            51.533829
          ]
        ]
      },
      "id": "way/365314361"
    },
    {
      "type": "Feature",
      "properties": {
        "@id": "way/156386757",
        "electrified": "4th_rail",
        "frequency": "0",
        "gauge": "1435",
        "layer": "-1",
        "line": "Lioness;Bakerloo",
        "loading_gauge": "deep-tube",
        "maxspeed": "45 mph",
        "name": "DC Electric Lines",
        "network": "London Underground;London Overground",
        "operator": "Network Rail",
        "operator:wikidata": "Q1501071",
        "railway": "rail",
        "railway:preferred_direction": "backward",
        "railway:track_ref": "Down DC Electric",
        "ref": "CWJ",
        "subway": "yes",
        "tunnel": "yes",
        "usage": "branch",
        "voltage": "660"
      },
      "geometry": {
        "type": "LineString",
        "coordinates": [
          [
            -0.2562175,
            51.5356819
          ],
          [
            -0.2559323,
            51.5355708
          ]
        ]
      },
      "id": "way/156386757"
    },
    {
      "type": "Feature",
      "properties": {
        "@id": "way/1118457150",
        "electrified": "4th_rail",
        "frequency": "0",
        "gauge": "1435",
        "line": "Lioness;Bakerloo",
        "maxspeed": "45 mph",
        "name": "DC Electric Lines",
        "network": "London Underground;London Overground",
        "operator": "Network Rail",
        "operator:wikidata": "Q1501071",
        "railway": "rail",
        "railway:preferred_direction": "backward",
        "railway:track_ref": "Down DC Electric",
        "ref": "CWJ",
        "subway": "yes",
        "usage": "branch",
        "voltage": "660"
      },
      "geometry": {
        "type": "LineString",
        "coordinates": [
          [
            -0.2572772,
            51.5361046
          ],
          [
            -0.2568472,
            51.5359289
          ],
          [
            -0.2562175,
            51.5356819
          ]
        ]
      },
      "id": "way/1118457150"
    },
    {
      "type": "Feature",
      "properties": {
        "@id": "way/1118457152",
        "covered": "yes",
        "electrified": "4th_rail",
        "frequency": "0",
        "gauge": "1435",
        "line": "Lioness;Bakerloo",
        "maxspeed": "45 mph",
        "name": "DC Electric Lines",
        "network": "London Underground;London Overground",
        "operator": "Network Rail",
        "operator:wikidata": "Q1501071",
        "railway": "rail",
        "railway:preferred_direction": "forward",
        "railway:track_ref": "Down DC Electric",
        "ref": "CWJ",
        "subway": "yes",
        "usage": "branch",
        "voltage": "660"
      },
      "geometry": {
        "type": "LineString",
        "coordinates": [
          [
            -0.2573148,
            51.5361198
          ],
          [
            -0.2572772,
            51.5361046
          ]
        ]
      },
      "id": "way/1118457152"
    },
    {
      "type": "Feature",
      "properties": {
        "@id": "way/365314364",
        "electrified": "4th_rail",
        "frequency": "0",
        "gauge": "1435",
        "layer": "1",
        "line": "Lioness;Bakerloo",
        "maxspeed": "30 mph",
        "name": "DC Electric Lines",
        "network": "London Underground;London Overground",
        "operator": "Network Rail",
        "operator:wikidata": "Q1501071",
        "railway": "rail",
        "railway:preferred_direction": "forward",
        "railway:track_ref": "3",
        "ref": "CWJ",
        "subway": "yes",
        "usage": "branch",
        "voltage": "660"
      },
      "geometry": {
        "type": "LineString",
        "coordinates": [
          [
            -0.2438573,
            51.5322418
          ],
          [
            -0.2440683,
            51.5322532
          ],
          [
            -0.2443078,
            51.5322697
          ],
          [
            -0.2445947,
            51.5322977
          ],
          [
            -0.2448423,
            51.5323298
          ],
          [
            -0.2451581,
            51.5323764
          ],
          [
            -0.2456259,
            51.5324545
          ]
        ]
      },
      "id": "way/365314364"
    },
    {
      "type": "Feature",
      "properties": {
        "@id": "way/701627339",
        "electrified": "4th_rail",
        "frequency": "0",
        "gauge": "1435",
        "line": "Lioness;Bakerloo",
        "maxspeed": "30 mph",
        "name": "DC Electric Lines",
        "network": "London Underground;London Overground",
        "operator": "Network Rail",
        "operator:wikidata": "Q1501071",
        "railway": "rail",
        "railway:preferred_direction": "forward",
        "railway:track_ref": "Down DC Electric",
        "ref": "CWJ",
        "subway": "yes",
        "usage": "branch",
        "voltage": "660"
      },
      "geometry": {
        "type": "LineString",
        "coordinates": [
          [
            -0.2427592,
            51.5321925
          ],
          [
            -0.2429446,
            51.5322054
          ],
          [
            -0.2431352,
            51.5322148
          ],
          [
            -0.2438573,
            51.5322418
          ]
        ]
      },
      "id": "way/701627339"
    },
    {
      "type": "Feature",
      "properties": {
        "@id": "way/1136038386",
        "electrified": "4th_rail",
        "frequency": "0",
        "gauge": "1435",
        "line": "Lioness;Bakerloo",
        "maxspeed": "30 mph",
        "name": "DC Electric Lines",
        "network": "London Underground;London Overground",
        "operator": "Network Rail",
        "operator:wikidata": "Q1501071",
        "railway": "rail",
        "railway:preferred_direction": "forward",
        "railway:track_ref": "Down DC Electric",
        "ref": "CWJ",
        "subway": "yes",
        "usage": "branch",
        "voltage": "660"
      },
      "geometry": {
        "type": "LineString",
        "coordinates": [
          [
            -0.2456259,
            51.5324545
          ],
          [
            -0.2458727,
            51.5324947
          ],
          [
            -0.2460838,
            51.532524
          ],
          [
            -0.2462854,
            51.5325466
          ],
          [
            -0.2464379,
            51.5325611
          ],
          [
            -0.2466977,
            51.5325913
          ],
          [
            -0.2473349,
            51.5326653
          ]
        ]
      },
      "id": "way/1136038386"
    },
    {
      "type": "Feature",
      "properties": {
        "@id": "way/156386784",
        "electrified": "4th_rail",
        "frequency": "0",
        "gauge": "1435",
        "line": "Lioness;Bakerloo",
        "maxspeed": "45 mph",
        "name": "DC Electric Lines",
        "network": "London Underground;London Overground",
        "operator": "Network Rail",
        "operator:wikidata": "Q1501071",
        "railway": "rail",
        "railway:preferred_direction": "forward",
        "railway:track_ref": "Down DC Electric",
        "ref": "CWJ",
        "subway": "yes",
        "usage": "branch",
        "voltage": "660"
      },
      "geometry": {
        "type": "LineString",
        "coordinates": [
          [
            -0.2292287,
            51.5302739
          ],
          [
            -0.2302383,
            51.5302257
          ],
          [
            -0.2310911,
            51.5301986
          ],
          [
            -0.2316718,
            51.5301841
          ],
          [
            -0.2324853,
            51.5301696
          ],
          [
            -0.2329357,
            51.5301742
          ],
          [
            -0.2336518,
            51.5301937
          ],
          [
            -0.2341343,
            51.5302207
          ],
          [
            -0.2346532,
            51.5302549
          ],
          [
            -0.2350641,
            51.530281
          ],
          [
            -0.2355929,
            51.5303208
          ],
          [
            -0.2358649,
            51.5303512
          ],
          [
            -0.2361207,
            51.5303872
          ],
          [
            -0.2362741,
            51.5304138
          ],
          [
            -0.2366058,
            51.5304951
          ],
          [
            -0.2369017,
            51.5305826
          ],
          [
            -0.2371515,
            51.5306747
          ],
          [
            -0.237373,
            51.5307714
          ],
          [
            -0.2375207,
            51.5308401
          ],
          [
            -0.2376986,
            51.5309439
          ],
          [
            -0.2378802,
            51.5310532
          ],
          [
            -0.238091,
            51.5311803
          ],
          [
            -0.2383192,
            51.5313094
          ],
          [
            -0.2385012,
            51.5314082
          ],
          [
            -0.2386546,
            51.5314928
          ],
          [
            -0.2388363,
            51.5315751
          ]
        ]
      },
      "id": "way/156386784"
    },
    {
      "type": "Feature",
      "properties": {
        "@id": "way/1136038388",
        "electrified": "4th_rail",
        "frequency": "0",
        "gauge": "1435",
        "line": "Lioness;Bakerloo",
        "maxspeed": "30 mph",
        "name": "DC Electric Lines",
        "network": "London Underground;London Overground",
        "operator": "Network Rail",
        "operator:wikidata": "Q1501071",
        "railway": "rail",
        "railway:preferred_direction": "forward",
        "railway:track_ref": "Down DC Electric",
        "ref": "CWJ",
        "subway": "yes",
        "usage": "branch",
        "voltage": "660"
      },
      "geometry": {
        "type": "LineString",
        "coordinates": [
          [
            -0.2388363,
            51.5315751
          ],
          [
            -0.2390299,
            51.5316515
          ],
          [
            -0.2392286,
            51.5317247
          ],
          [
            -0.2394088,
            51.5317811
          ],
          [
            -0.2395791,
            51.5318254
          ],
          [
            -0.2397817,
            51.53187
          ],
          [
            -0.2400209,
            51.5319136
          ],
          [
            -0.240312,
            51.5319513
          ],
          [
            -0.2405779,
            51.5319812
          ],
          [
            -0.241371,
            51.5320578
          ],
          [
            -0.2420154,
            51.532119
          ],
          [
            -0.2424372,
            51.5321622
          ],
          [
            -0.2427592,
            51.5321925
          ]
        ]
      },
      "id": "way/1136038388"
    },
    {
      "type": "Feature",
      "properties": {
        "@id": "way/10709890",
        "electrified": "4th_rail",
        "frequency": "0",
        "gauge": "1435",
        "layer": "-1",
        "line": "Lioness;Bakerloo",
        "loading_gauge": "deep-tube",
        "maxspeed": "45 mph",
        "name": "Bakerloo Line",
        "network": "London Underground;London Overground",
        "operator": "Network Rail",
        "operator:wikidata": "Q1501071",
        "railway": "rail",
        "railway:preferred_direction": "backward",
        "railway:track_ref": "Down DC Electric",
        "ref": "CWJ",
        "subway": "yes",
        "tunnel": "yes",
        "tunnel:name": "Kensal Green Tunnel",
        "usage": "branch",
        "voltage": "660"
      },
      "geometry": {
        "type": "LineString",
        "coordinates": [
          [
            -0.2250489,
            51.5305349
          ],
          [
            -0.2292287,
            51.5302739
          ]
        ]
      },
      "id": "way/10709890"
    },
    {
      "type": "Feature",
      "properties": {
        "@id": "way/77240066",
        "electrified": "4th_rail",
        "frequency": "0",
        "gauge": "1435",
        "line": "Lioness;Bakerloo",
        "maxspeed": "45 mph",
        "name": "Bakerloo Line",
        "network": "London Underground;London Overground",
        "operator": "Network Rail",
        "operator:wikidata": "Q1501071",
        "railway": "rail",
        "railway:preferred_direction": "forward",
        "railway:track_ref": "Down DC Electric",
        "ref": "CWJ",
        "subway": "yes",
        "usage": "branch",
        "voltage": "660"
      },
      "geometry": {
        "type": "LineString",
        "coordinates": [
          [
            -0.2250489,
            51.5305349
          ],
          [
            -0.2248077,
            51.5305528
          ],
          [
            -0.2247412,
            51.5305581
          ],
          [
            -0.2240007,
            51.5306165
          ],
          [
            -0.2231369,
            51.5306858
          ],
          [
            -0.2227207,
            51.5307214
          ],
          [
            -0.2223978,
            51.5307517
          ],
          [
            -0.2220748,
            51.5307885
          ],
          [
            -0.2216898,
            51.5308404
          ],
          [
            -0.2213065,
            51.5308967
          ],
          [
            -0.2209144,
            51.5309575
          ],
          [
            -0.2205239,
            51.5310241
          ],
          [
            -0.2201478,
            51.5310921
          ],
          [
            -0.2197735,
            51.5311636
          ],
          [
            -0.2194085,
            51.5312391
          ],
          [
            -0.2190463,
            51.5313188
          ],
          [
            -0.2183433,
            51.5314807
          ],
          [
            -0.2170896,
            51.5317727
          ],
          [
            -0.2155184,
            51.532117
          ],
          [
            -0.2121947,
            51.5328279
          ],
          [
            -0.2118428,
            51.5328973
          ],
          [
            -0.2115268,
            51.5329537
          ],
          [
            -0.211249,
            51.532997
          ],
          [
            -0.2108212,
            51.5330575
          ],
          [
            -0.2103239,
            51.5331214
          ],
          [
            -0.2100681,
            51.5331529
          ],
          [
            -0.2098562,
            51.533183
          ]
        ]
      },
      "id": "way/77240066"
    },
    {
      "type": "Feature",
      "properties": {
        "@id": "way/1119578782",
        "covered": "yes",
        "electrified": "4th_rail",
        "frequency": "0",
        "gauge": "1435",
        "line": "Lioness;Bakerloo",
        "maxspeed": "45 mph",
        "name": "DC Electric Lines",
        "network": "London Underground;London Overground",
        "note": "Line also used by London Overground (National Rail network) services from Euston to Watford Jn",
        "operator": "Network Rail",
        "operator:wikidata": "Q1501071",
        "passenger_lines": "6",
        "railway": "rail",
        "railway:preferred_direction": "backward",
        "railway:track_ref": "Down DC Electric",
        "ref": "CWJ",
        "subway": "yes",
        "usage": "branch",
        "voltage": "660"
      },
      "geometry": {
        "type": "LineString",
        "coordinates": [
          [
            -0.3130839,
            51.5778027
          ],
          [
            -0.3128438,
            51.5774581
          ]
        ]
      },
      "id": "way/1119578782"
    },
    {
      "type": "Feature",
      "properties": {
        "@id": "way/155073377",
        "electrified": "rail",
        "frequency": "0",
        "gauge": "1435",
        "line": "Lioness;Watford DC line",
        "maxspeed": "45 mph",
        "name": "Watford DC line",
        "network": "Overground",
        "operator": "Network Rail",
        "operator:wikidata": "Q1501071",
        "railway": "rail",
        "railway:track_ref": "Down DC Electric",
        "ref": "CWJ",
        "track_detail": "yes",
        "tracks": "2",
        "usage": "branch",
        "voltage": "660"
      },
      "geometry": {
        "type": "LineString",
        "coordinates": [
          [
            -0.1771062,
            51.5416444
          ],
          [
            -0.1774822,
            51.5415902
          ],
          [
            -0.1781318,
            51.5414929
          ],
          [
            -0.1791497,
            51.5413611
          ],
          [
            -0.1797603,
            51.5412737
          ],
          [
            -0.180107,
            51.5412131
          ],
          [
            -0.1806906,
            51.5410979
          ],
          [
            -0.1817491,
            51.5408636
          ],
          [
            -0.1829235,
            51.5405896
          ],
          [
            -0.1833248,
            51.5404966
          ],
          [
            -0.1836594,
            51.5404118
          ],
          [
            -0.1839838,
            51.5403217
          ],
          [
            -0.1843357,
            51.5402255
          ],
          [
            -0.1846951,
            51.5401226
          ],
          [
            -0.1850647,
            51.5400171
          ],
          [
            -0.1854516,
            51.5399055
          ],
          [
            -0.1858148,
            51.5397955
          ],
          [
            -0.1861774,
            51.5396836
          ],
          [
            -0.1865632,
            51.5395606
          ],
          [
            -0.1868633,
            51.5394621
          ],
          [
            -0.1874237,
            51.5392673
          ],
          [
            -0.1877255,
            51.5391591
          ],
          [
            -0.1880542,
            51.5390368
          ],
          [
            -0.1883586,
            51.5389185
          ],
          [
            -0.1887529,
            51.5387699
          ],
          [
            -0.1891894,
            51.538602
          ],
          [
            -0.1895837,
            51.5384436
          ],
          [
            -0.1899831,
            51.5382824
          ]
        ]
      },
      "id": "way/155073377"
    },
    {
      "type": "Feature",
      "properties": {
        "@id": "way/813383009",
        "electrified": "4th_rail",
        "frequency": "0",
        "gauge": "1435",
        "line": "Lioness;Watford DC line",
        "maxspeed": "45 mph",
        "name": "Watford DC line",
        "network": "Overground",
        "operator": "Network Rail",
        "operator:wikidata": "Q1501071",
        "railway": "rail",
        "railway:track_ref": "Down DC Electric",
        "ref": "CWJ",
        "track_detail": "yes",
        "tracks": "2",
        "usage": "branch",
        "voltage": "660"
      },
      "geometry": {
        "type": "LineString",
        "coordinates": [
          [
            -0.1899831,
            51.5382824
          ],
          [
            -0.1919269,
            51.5374942
          ],
          [
            -0.1922821,
            51.5373581
          ]
        ]
      },
      "id": "way/813383009"
    },
    {
      "type": "Feature",
      "properties": {
        "@id": "way/155073344",
        "electrified": "4th_rail",
        "frequency": "0",
        "gauge": "1435",
        "layer": "-1",
        "line": "Lioness;Watford DC line",
        "maxspeed": "45 mph",
        "name": "Watford DC line",
        "network": "Overground",
        "operator": "Network Rail",
        "operator:wikidata": "Q1501071",
        "railway": "rail",
        "railway:track_ref": "Down DC Electric",
        "ref": "CWJ",
        "tunnel": "yes",
        "usage": "branch",
        "voltage": "660"
      },
      "geometry": {
        "type": "LineString",
        "coordinates": [
          [
            -0.1922821,
            51.5373581
          ],
          [
            -0.1929268,
            51.5370853
          ]
        ]
      },
      "id": "way/155073344"
    },
    {
      "type": "Feature",
      "properties": {
        "@id": "way/91513102",
        "electrified": "rail",
        "frequency": "0",
        "gauge": "1435",
        "layer": "-2",
        "line": "Lioness",
        "maxspeed": "30 mph",
        "name": "Watford DC line",
        "network": "Overground",
        "operator": "Network Rail",
        "operator:wikidata": "Q1501071",
        "railway": "rail",
        "railway:track_ref": "Down DC Electric",
        "ref": "CWJ",
        "source": "OS OpenData StreetView",
        "track_detail": "yes",
        "tracks": "2",
        "tunnel": "yes",
        "tunnel:name": "Primrose Tunnel",
        "usage": "branch",
        "voltage": "660"
      },
      "geometry": {
        "type": "LineString",
        "coordinates": [
          [
            -0.1580578,
            51.5430477
          ],
          [
            -0.1589141,
            51.5430386
          ],
          [
            -0.1597294,
            51.543027
          ],
          [
            -0.1600324,
            51.54303
          ],
          [
            -0.1603424,
            51.5430282
          ],
          [
            -0.1608628,
            51.5430106
          ],
          [
            -0.1616957,
            51.5430631
          ],
          [
            -0.1619949,
            51.5431014
          ],
          [
            -0.1628558,
            51.5432182
          ],
          [
            -0.1634825,
            51.54329
          ],
          [
            -0.1638912,
            51.5433217
          ],
          [
            -0.1644165,
            51.5433162
          ],
          [
            -0.1647307,
            51.5432933
          ],
          [
            -0.1689124,
            51.5427671
          ],
          [
            -0.1750951,
            51.541927
          ],
          [
            -0.1771062,
            51.5416444
          ]
        ]
      },
      "id": "way/91513102"
    },
    {
      "type": "Feature",
      "properties": {
        "@id": "way/91513103",
        "electrified": "rail",
        "frequency": "0",
        "gauge": "1435",
        "line": "Lioness",
        "maxspeed": "30 mph",
        "name": "Watford DC line",
        "network": "Overground",
        "operator": "Network Rail",
        "operator:wikidata": "Q1501071",
        "railway": "rail",
        "railway:track_ref": "Down DC Electric",
        "ref": "CWJ",
        "track_detail": "yes",
        "tunnel": "no",
        "usage": "branch",
        "voltage": "660"
      },
      "geometry": {
        "type": "LineString",
        "coordinates": [
          [
            -0.1570408,
            51.543085
          ],
          [
            -0.1573188,
            51.5430779
          ],
          [
            -0.1575811,
            51.5430696
          ],
          [
            -0.1580578,
            51.5430477
          ]
        ]
      },
      "id": "way/91513103"
    },
    {
      "type": "Feature",
      "properties": {
        "@id": "way/108791647",
        "electrified": "contact_line;rail",
        "frequency": "50;0",
        "gauge": "1435",
        "line": "Lioness",
        "name": "London Euston to Crewe Line",
        "network": "Overground",
        "operator": "Network Rail",
        "operator:wikidata": "Q1501071",
        "passenger_lines": "4",
        "railway": "rail",
        "railway:track_ref": "C",
        "ref": "LEC1",
        "source": "NPE",
        "track_detail": "yes",
        "tracks": "4",
        "usage": "main",
        "voltage": "25000;660"
      },
      "geometry": {
        "type": "LineString",
        "coordinates": [
          [
            -0.1497486,
            51.5401307
          ],
          [
            -0.1497957,
            51.5401744
          ],
          [
            -0.1498005,
            51.5401789
          ],
          [
            -0.1500344,
            51.5403966
          ],
          [
            -0.1505849,
            51.540889
          ],
          [
            -0.150876,
            51.5411217
          ],
          [
            -0.1510866,
            51.5412758
          ],
          [
            -0.1513128,
            51.5414309
          ],
          [
            -0.1515433,
            51.5415728
          ]
        ]
      },
      "id": "way/108791647"
    },
    {
      "type": "Feature",
      "properties": {
        "@id": "way/1473893066",
        "electrified": "contact_line;rail",
        "frequency": "50;0",
        "gauge": "1435",
        "line": "Lioness",
        "maxspeed": "40 mph",
        "name": "London Euston to Crewe Line",
        "network": "Overground",
        "operator": "Network Rail",
        "operator:wikidata": "Q1501071",
        "passenger_lines": "4",
        "railway": "rail",
        "railway:track_ref": "C",
        "ref": "LEC1",
        "source": "NPE",
        "track_detail": "yes",
        "tracks": "4",
        "usage": "main",
        "voltage": "25000;660"
      },
      "geometry": {
        "type": "LineString",
        "coordinates": [
          [
            -0.1439847,
            51.5348842
          ],
          [
            -0.1447335,
            51.5355675
          ]
        ]
      },
      "id": "way/1473893066"
    },
    {
      "type": "Feature",
      "properties": {
        "@id": "way/9195634",
        "electrified": "contact_line;rail",
        "frequency": "50;0",
        "gauge": "1435",
        "line": "Lioness",
        "name": "London Euston to Crewe Line",
        "network": "Overground",
        "operator": "Network Rail",
        "operator:wikidata": "Q1501071",
        "passenger_lines": "4",
        "railway": "rail",
        "railway:track_ref": "C",
        "ref": "LEC1",
        "source": "NPE",
        "track_detail": "yes",
        "tracks": "4",
        "usage": "main",
        "voltage": "25000;660"
      },
      "geometry": {
        "type": "LineString",
        "coordinates": [
          [
            -0.1467336,
            51.5373824
          ],
          [
            -0.1469193,
            51.5375498
          ],
          [
            -0.1473037,
            51.5379021
          ],
          [
            -0.1477575,
            51.5383174
          ],
          [
            -0.1480643,
            51.5385954
          ],
          [
            -0.1483594,
            51.5388679
          ],
          [
            -0.1487245,
            51.5391973
          ],
          [
            -0.1491613,
            51.539597
          ],
          [
            -0.149536,
            51.539936
          ]
        ]
      },
      "id": "way/9195634"
    },
    {
      "type": "Feature",
      "properties": {
        "@id": "way/9195636",
        "alt_name": "Park Street Tunnels",
        "electrified": "contact_line;rail",
        "frequency": "50;0",
        "gauge": "1435",
        "layer": "-1",
        "line": "Lioness",
        "maxspeed": "40 mph",
        "name": "London Euston to Crewe Line",
        "network": "Overground",
        "operator": "Network Rail",
        "operator:wikidata": "Q1501071",
        "passenger_lines": "4",
        "railway": "rail",
        "ref": "LEC1",
        "source": "NPE",
        "track_detail": "yes",
        "tracks": "4",
        "tunnel": "yes",
        "tunnel:name": "Park Village Tunnel",
        "usage": "main",
        "voltage": "25000;660"
      },
      "geometry": {
        "type": "LineString",
        "coordinates": [
          [
            -0.1455299,
            51.5362946
          ],
          [
            -0.1467336,
            51.5373824
          ]
        ]
      },
      "id": "way/9195636"
    },
    {
      "type": "Feature",
      "properties": {
        "@id": "way/108791645",
        "bridge": "yes",
        "bridge:ref": "18",
        "electrified": "contact_line;rail",
        "frequency": "50;0",
        "gauge": "1435",
        "layer": "1",
        "line": "Lioness",
        "name": "London Euston to Crewe Line",
        "network": "Overground",
        "operator": "Network Rail",
        "operator:wikidata": "Q1501071",
        "passenger_lines": "4",
        "railway": "rail",
        "railway:track_ref": "C",
        "ref": "LEC1",
        "source": "NPE",
        "track_detail": "yes",
        "tracks": "4",
        "usage": "main",
        "voltage": "25000;660"
      },
      "geometry": {
        "type": "LineString",
        "coordinates": [
          [
            -0.149536,
            51.539936
          ],
          [
            -0.1497486,
            51.5401307
          ]
        ]
      },
      "id": "way/108791645"
    },
    {
      "type": "Feature",
      "properties": {
        "@id": "way/237987163",
        "electrified": "contact_line;rail",
        "frequency": "50;0",
        "gauge": "1435",
        "line": "Lioness",
        "maxspeed": "40 mph",
        "name": "London Euston to Crewe Line",
        "network": "Overground",
        "operator": "Network Rail",
        "operator:wikidata": "Q1501071",
        "passenger_lines": "4",
        "railway": "rail",
        "ref": "LEC1",
        "source": "NPE",
        "track_detail": "yes",
        "tracks": "4",
        "usage": "main",
        "voltage": "25000;660"
      },
      "geometry": {
        "type": "LineString",
        "coordinates": [
          [
            -0.1447335,
            51.5355675
          ],
          [
            -0.1449876,
            51.5357998
          ],
          [
            -0.1452196,
            51.5360131
          ],
          [
            -0.1455299,
            51.5362946
          ]
        ]
      },
      "id": "way/237987163"
    },
    {
      "type": "Feature",
      "properties": {
        "@id": "way/42988966",
        "electrified": "contact_line;rail",
        "frequency": "50;0",
        "gauge": "1435",
        "line": "Lioness",
        "maxspeed": "25 mph",
        "name": "London Euston to Crewe Line",
        "network": "Overground",
        "operator": "Network Rail",
        "operator:wikidata": "Q1501071",
        "passenger_lines": "4",
        "railway": "rail",
        "railway:track_ref": "C",
        "ref": "LEC1",
        "source": "NPE",
        "track_detail": "yes",
        "tracks": "4",
        "usage": "main",
        "voltage": "25000;660"
      },
      "geometry": {
        "type": "LineString",
        "coordinates": [
          [
            -0.1384247,
            51.5312424
          ],
          [
            -0.138757,
            51.5313971
          ],
          [
            -0.1392842,
            51.5316233
          ],
          [
            -0.1396482,
            51.531771
          ],
          [
            -0.1398879,
            51.5318689
          ],
          [
            -0.1402095,
            51.5320214
          ],
          [
            -0.1405536,
            51.5321915
          ],
          [
            -0.1408614,
            51.5323573
          ],
          [
            -0.1411458,
            51.5325277
          ],
          [
            -0.1414323,
            51.5327147
          ],
          [
            -0.1416889,
            51.5328951
          ],
          [
            -0.1419305,
            51.5330732
          ],
          [
            -0.142208,
            51.5332963
          ],
          [
            -0.1423628,
            51.5334251
          ],
          [
            -0.1425427,
            51.5335787
          ],
          [
            -0.1426508,
            51.5336739
          ],
          [
            -0.1426562,
            51.5336786
          ],
          [
            -0.1428275,
            51.5338296
          ]
        ]
      },
      "id": "way/42988966"
    },
    {
      "type": "Feature",
      "properties": {
        "@id": "way/110657029",
        "electrified": "contact_line;rail",
        "frequency": "50;0",
        "gauge": "1435",
        "line": "Lioness",
        "maxspeed": "25 mph",
        "name": "London Euston to Crewe Line",
        "network": "Overground",
        "operator": "Network Rail",
        "operator:wikidata": "Q1501071",
        "passenger_lines": "4",
        "railway": "rail",
        "railway:track_ref": "C",
        "ref": "LEC1",
        "source": "NPE",
        "track_detail": "yes",
        "tracks": "4",
        "usage": "main",
        "voltage": "25000;660"
      },
      "geometry": {
        "type": "LineString",
        "coordinates": [
          [
            -0.1379531,
            51.5309998
          ],
          [
            -0.1381647,
            51.5311105
          ],
          [
            -0.1382909,
            51.5311755
          ],
          [
            -0.1384247,
            51.5312424
          ]
        ]
      },
      "id": "way/110657029"
    },
    {
      "type": "Feature",
      "properties": {
        "@id": "way/237986159",
        "covered": "yes",
        "electrified": "contact_line",
        "frequency": "50",
        "gauge": "1435",
        "line": "Lioness",
        "maxspeed": "25 mph",
        "name": "London Euston to Crewe Line",
        "network": "Overground",
        "operator": "Network Rail",
        "operator:wikidata": "Q1501071",
        "railway": "rail",
        "railway:track_ref": "10",
        "ref": "LEC1",
        "track_detail": "yes",
        "tracks": "1",
        "usage": "main",
        "voltage": "25000"
      },
      "geometry": {
        "type": "LineString",
        "coordinates": [
          [
            -0.1358743,
            51.5299122
          ],
          [
            -0.1357185,
            51.529822
          ],
          [
            -0.1354272,
            51.5296445
          ],
          [
            -0.1352175,
            51.529501
          ],
          [
            -0.1348879,
            51.5292734
          ],
          [
            -0.1346843,
            51.5291218
          ],
          [
            -0.1345205,
            51.5289783
          ],
          [
            -0.1342485,
            51.5287401
          ]
        ]
      },
      "id": "way/237986159"
    },
    {
      "type": "Feature",
      "properties": {
        "@id": "way/1303778608",
        "electrified": "contact_line;rail",
        "frequency": "50;0",
        "gauge": "1435",
        "line": "Lioness",
        "maxspeed": "25 mph",
        "name": "London Euston to Crewe Line",
        "network": "Overground",
        "operator": "Network Rail",
        "operator:wikidata": "Q1501071",
        "passenger_lines": "4",
        "railway": "rail",
        "railway:track_ref": "C",
        "ref": "LEC1",
        "track_detail": "yes",
        "tracks": "1",
        "usage": "main",
        "voltage": "25000;660"
      },
      "geometry": {
        "type": "LineString",
        "coordinates": [
          [
            -0.1373451,
            51.5306892
          ],
          [
            -0.1370612,
            51.5305395
          ],
          [
            -0.1369183,
            51.5304691
          ],
          [
            -0.1366594,
            51.5303289
          ],
          [
            -0.1364223,
            51.5302114
          ],
          [
            -0.1362084,
            51.5301022
          ]
        ]
      },
      "id": "way/1303778608"
    },
    {
      "type": "Feature",
      "properties": {
        "@id": "way/1303778618",
        "electrified": "contact_line;rail",
        "frequency": "50;0",
        "gauge": "1435",
        "line": "Lioness",
        "maxspeed": "25 mph",
        "name": "London Euston to Crewe Line",
        "network": "Overground",
        "operator": "Network Rail",
        "operator:wikidata": "Q1501071",
        "passenger_lines": "4",
        "railway": "rail",
        "railway:track_ref": "10",
        "ref": "LEC1",
        "track_detail": "yes",
        "tracks": "1",
        "usage": "main",
        "voltage": "25000;660"
      },
      "geometry": {
        "type": "LineString",
        "coordinates": [
          [
            -0.1362084,
            51.5301022
          ],
          [
            -0.1360868,
            51.5300378
          ],
          [
            -0.1359205,
            51.5299393
          ]
        ]
      },
      "id": "way/1303778618"
    },
    {
      "type": "Feature",
      "properties": {
        "@id": "way/1390498855",
        "electrified": "contact_line;rail",
        "frequency": "50;0",
        "gauge": "1435",
        "line": "Lioness",
        "maxspeed": "25 mph",
        "name": "London Euston to Crewe Line",
        "network": "Overground",
        "operator": "Network Rail",
        "operator:wikidata": "Q1501071",
        "passenger_lines": "4",
        "railway": "rail",
        "railway:track_ref": "10",
        "ref": "LEC1",
        "track_detail": "yes",
        "tracks": "1",
        "usage": "main",
        "voltage": "25000;660"
      },
      "geometry": {
        "type": "LineString",
        "coordinates": [
          [
            -0.1359205,
            51.5299393
          ],
          [
            -0.1358743,
            51.5299122
          ]
        ]
      },
      "id": "way/1390498855"
    },
    {
      "type": "Feature",
      "properties": {
        "@id": "way/1117340043",
        "electrified": "contact_line;rail",
        "frequency": "50;0",
        "gauge": "1435",
        "line": "Lioness",
        "maxspeed": "25 mph",
        "name": "London Euston to Crewe Line",
        "network": "Overground",
        "operator": "Network Rail",
        "operator:wikidata": "Q1501071",
        "passenger_lines": "4",
        "railway": "rail",
        "railway:track_ref": "C",
        "ref": "LEC1",
        "source": "NPE",
        "track_detail": "yes",
        "tracks": "4",
        "usage": "main",
        "voltage": "25000;660"
      },
      "geometry": {
        "type": "LineString",
        "coordinates": [
          [
            -0.1373451,
            51.5306892
          ],
          [
            -0.1374638,
            51.5307475
          ],
          [
            -0.1376439,
            51.5308418
          ],
          [
            -0.1377976,
            51.5309223
          ],
          [
            -0.1379531,
            51.5309998
          ]
        ]
      },
      "id": "way/1117340043"
    },
    {
      "type": "Feature",
      "properties": {
        "@id": "way/1473893065",
        "electrified": "contact_line;rail",
        "frequency": "50;0",
        "gauge": "1435",
        "line": "Lioness",
        "maxspeed": "40 mph",
        "name": "London Euston to Crewe Line",
        "network": "Overground",
        "operator": "Network Rail",
        "operator:wikidata": "Q1501071",
        "passenger_lines": "4",
        "railway": "rail",
        "railway:track_ref": "C",
        "ref": "LEC1",
        "source": "NPE",
        "track_detail": "yes",
        "tracks": "4",
        "usage": "main",
        "voltage": "25000;660"
      },
      "geometry": {
        "type": "LineString",
        "coordinates": [
          [
            -0.1428275,
            51.5338296
          ],
          [
            -0.1432479,
            51.5342117
          ],
          [
            -0.1434363,
            51.5344008
          ]
        ]
      },
      "id": "way/1473893065"
    },
    {
      "type": "Feature",
      "properties": {
        "@id": "way/511074759",
        "electrified": "contact_line;rail",
        "frequency": "50;0",
        "gauge": "1435",
        "line": "Lioness",
        "maxspeed": "40 mph",
        "name": "London Euston to Crewe Line",
        "network": "Overground",
        "operator": "Network Rail",
        "operator:wikidata": "Q1501071",
        "passenger_lines": "4",
        "railway": "rail",
        "railway:track_ref": "C",
        "ref": "LEC1",
        "source": "NPE",
        "track_detail": "yes",
        "tracks": "4",
        "usage": "main",
        "voltage": "25000;660"
      },
      "geometry": {
        "type": "LineString",
        "coordinates": [
          [
            -0.1434363,
            51.5344008
          ],
          [
            -0.1436073,
            51.5345424
          ],
          [
            -0.1437628,
            51.5346859
          ],
          [
            -0.1439344,
            51.5348383
          ],
          [
            -0.1439847,
            51.5348842
          ]
        ]
      },
      "id": "way/511074759"
    },
    {
      "type": "Feature",
      "properties": {
        "@id": "way/510836025",
        "electrified": "contact_line;rail",
        "frequency": "50;0",
        "gauge": "1435",
        "line": "Lioness",
        "maxspeed": "40 mph",
        "name": "West Coast Main Line",
        "network": "Overground",
        "operator": "Network Rail",
        "operator:wikidata": "Q1501071",
        "passenger_lines": "4",
        "railway": "rail",
        "railway:track_ref": "C",
        "ref": "LEC1",
        "source": "NPE",
        "track_detail": "yes",
        "usage": "main",
        "voltage": "25000;660"
      },
      "geometry": {
        "type": "LineString",
        "coordinates": [
          [
            -0.1515433,
            51.5415728
          ],
          [
            -0.1517573,
            51.5416974
          ],
          [
            -0.1521589,
            51.541912
          ],
          [
            -0.1524428,
            51.5420497
          ],
          [
            -0.1527471,
            51.5421827
          ],
          [
            -0.1529972,
            51.5422894
          ],
          [
            -0.1532234,
            51.5423755
          ],
          [
            -0.1535152,
            51.542483
          ],
          [
            -0.1539638,
            51.5426232
          ],
          [
            -0.1542082,
            51.5426929
          ],
          [
            -0.1544619,
            51.5427596
          ],
          [
            -0.1545532,
            51.5427812
          ],
          [
            -0.1547154,
            51.5428196
          ],
          [
            -0.1549011,
            51.5428612
          ],
          [
            -0.155114,
            51.5429048
          ],
          [
            -0.1553205,
            51.5429381
          ],
          [
            -0.1555486,
            51.542975
          ]
        ]
      },
      "id": "way/510836025"
    },
    {
      "type": "Feature",
      "properties": {
        "@id": "way/1303753250",
        "electrified": "contact_line;rail",
        "frequency": "50;0",
        "gauge": "1435",
        "line": "Lioness",
        "maxspeed": "40 mph",
        "name": "West Coast Main Line",
        "network": "Overground",
        "operator": "Network Rail",
        "operator:wikidata": "Q1501071",
        "passenger_lines": "4",
        "railway": "rail",
        "railway:track_ref": "Down Slow",
        "ref": "LEC1",
        "source": "NPE",
        "track_detail": "yes",
        "usage": "main",
        "voltage": "25000;660"
      },
      "geometry": {
        "type": "LineString",
        "coordinates": [
          [
            -0.1555486,
            51.542975
          ],
          [
            -0.1558359,
            51.543014
          ],
          [
            -0.1558683,
            51.5430174
          ],
          [
            -0.1561105,
            51.5430465
          ],
          [
            -0.1563675,
            51.5430639
          ],
          [
            -0.156581,
            51.5430753
          ],
          [
            -0.1570408,
            51.543085
          ]
        ]
      },
      "id": "way/1303753250"
    },
    {
      "type": "Feature",
      "properties": {
        "@id": "way/103198481",
        "electrified": "rail",
        "embankment": "yes",
        "frequency": "0",
        "line": "Lioness;Watford DC line",
        "maxspeed": "35 mph",
        "name": "Camden to Watford Junction Line",
        "network": "London Overground",
        "operator": "Network Rail",
        "operator:wikidata": "Q1501071",
        "railway": "rail",
        "railway:track_ref": "Down DC Electric",
        "ref": "CWJ",
        "usage": "branch",
        "voltage": "660"
      },
      "geometry": {
        "type": "LineString",
        "coordinates": [
          [
            -0.3946289,
            51.6483214
          ],
          [
            -0.3946776,
            51.6483606
          ],
          [
            -0.3948054,
            51.6484818
          ],
          [
            -0.3949584,
            51.648648
          ],
          [
            -0.395089,
            51.648838
          ],
          [
            -0.3952212,
            51.6491127
          ],
          [
            -0.3952717,
            51.6493291
          ],
          [
            -0.395283,
            51.6496072
          ],
          [
            -0.3952578,
            51.6498446
          ],
          [
            -0.3952074,
            51.6500462
          ],
          [
            -0.3951292,
            51.6502567
          ],
          [
            -0.395105,
            51.6502979
          ]
        ]
      },
      "id": "way/103198481"
    },
    {
      "type": "Feature",
      "properties": {
        "@id": "way/103198482",
        "bridge": "yes",
        "electrified": "rail",
        "frequency": "0",
        "layer": "1",
        "line": "Lioness;Watford DC line",
        "maxspeed": "35 mph",
        "name": "Camden to Watford Junction Line",
        "network": "London Overground",
        "operator": "Network Rail",
        "operator:wikidata": "Q1501071",
        "railway": "rail",
        "railway:track_ref": "Down DC Electric",
        "ref": "CWJ",
        "source": "Bing",
        "usage": "branch",
        "voltage": "660"
      },
      "geometry": {
        "type": "LineString",
        "coordinates": [
          [
            -0.3941155,
            51.6479912
          ],
          [
            -0.3943279,
            51.6481141
          ],
          [
            -0.3944999,
            51.6482206
          ],
          [
            -0.3946289,
            51.6483214
          ]
        ]
      },
      "id": "way/103198482"
    },
    {
      "type": "Feature",
      "properties": {
        "@id": "way/4479916",
        "electrified": "rail",
        "frequency": "0",
        "line": "Lioness;Watford DC line",
        "maxspeed": "35 mph",
        "name": "Camden to Watford Junction Line",
        "network": "London Overground",
        "note": "Embankment tag removed as it was duplicated by separate objects",
        "operator": "Network Rail",
        "operator:wikidata": "Q1501071",
        "railway": "rail",
        "railway:track_ref": "Down DC Electric",
        "ref": "CWJ",
        "usage": "branch",
        "voltage": "660"
      },
      "geometry": {
        "type": "LineString",
        "coordinates": [
          [
            -0.389155,
            51.6475002
          ],
          [
            -0.3903234,
            51.6475097
          ],
          [
            -0.3910915,
            51.6475285
          ],
          [
            -0.3917146,
            51.6475276
          ],
          [
            -0.3922034,
            51.6475559
          ],
          [
            -0.3926804,
            51.6475945
          ],
          [
            -0.3930395,
            51.647653
          ],
          [
            -0.3933313,
            51.6477108
          ],
          [
            -0.3936198,
            51.6477879
          ],
          [
            -0.393891,
            51.6478894
          ],
          [
            -0.3941155,
            51.6479912
          ]
        ]
      },
      "id": "way/4479916"
    },
    {
      "type": "Feature",
      "properties": {
        "@id": "way/8131535",
        "electrified": "rail",
        "frequency": "0",
        "line": "Lioness;Watford DC line",
        "maxspeed": "35 mph",
        "name": "Camden to Watford Junction Line",
        "network": "London Overground",
        "operator": "Network Rail",
        "operator:wikidata": "Q1501071",
        "railway": "rail",
        "railway:track_ref": "Down DC Electric",
        "ref": "CWJ",
        "source": "yahoo",
        "usage": "branch",
        "voltage": "660"
      },
      "geometry": {
        "type": "LineString",
        "coordinates": [
          [
            -0.395105,
            51.6502979
          ],
          [
            -0.3950166,
            51.6504575
          ],
          [
            -0.3948997,
            51.6506204
          ],
          [
            -0.3947329,
            51.6508251
          ],
          [
            -0.3944858,
            51.6510993
          ],
          [
            -0.3942609,
            51.6512944
          ],
          [
            -0.3940432,
            51.6514577
          ],
          [
            -0.3937698,
            51.6516372
          ],
          [
            -0.3935287,
            51.6517799
          ],
          [
            -0.3925453,
            51.6523036
          ],
          [
            -0.3921439,
            51.6525174
          ],
          [
            -0.3913049,
            51.6529435
          ],
          [
            -0.3909427,
            51.6531916
          ],
          [
            -0.3906691,
            51.6534396
          ],
          [
            -0.3904438,
            51.6537058
          ],
          [
            -0.3902695,
            51.6539889
          ],
          [
            -0.3901273,
            51.6542745
          ],
          [
            -0.3900071,
            51.6546095
          ],
          [
            -0.3899503,
            51.6548758
          ],
          [
            -0.3899266,
            51.6552367
          ],
          [
            -0.3899503,
            51.6555064
          ],
          [
            -0.3899905,
            51.6557143
          ],
          [
            -0.3900763,
            51.6559988
          ],
          [
            -0.3902403,
            51.6564298
          ],
          [
            -0.3904867,
            51.6570356
          ],
          [
            -0.3906638,
            51.6574697
          ],
          [
            -0.3908404,
            51.6578821
          ],
          [
            -0.3911176,
            51.6586555
          ]
        ]
      },
      "id": "way/8131535"
    },
    {
      "type": "Feature",
      "properties": {
        "@id": "way/162961819",
        "electrified": "rail",
        "frequency": "0",
        "line": "Lioness;Watford DC line",
        "maxspeed": "35 mph",
        "name": "Camden to Watford Junction Line",
        "network": "London Overground",
        "operator": "Network Rail",
        "operator:wikidata": "Q1501071",
        "railway": "rail",
        "railway:track_ref": "Down DC Electric",
        "ref": "CWJ",
        "usage": "branch",
        "voltage": "660"
      },
      "geometry": {
        "type": "LineString",
        "coordinates": [
          [
            -0.3851863,
            51.6452482
          ],
          [
            -0.3851879,
            51.6454638
          ],
          [
            -0.3851955,
            51.6456127
          ],
          [
            -0.3852232,
            51.6457427
          ],
          [
            -0.3852589,
            51.6458706
          ],
          [
            -0.3853453,
            51.6460533
          ],
          [
            -0.3854371,
            51.646205
          ],
          [
            -0.3855516,
            51.6463546
          ]
        ]
      },
      "id": "way/162961819"
    },
    {
      "type": "Feature",
      "properties": {
        "@id": "way/27447079",
        "bridge": "yes",
        "electrified": "rail",
        "frequency": "0",
        "layer": "1",
        "line": "Lioness;Watford DC line",
        "maxspeed": "35 mph",
        "name": "Camden to Watford Junction Line",
        "network": "London Overground",
        "operator": "Network Rail",
        "operator:wikidata": "Q1501071",
        "railway": "rail",
        "railway:track_ref": "Down DC Electric",
        "ref": "CWJ",
        "usage": "branch",
        "voltage": "660"
      },
      "geometry": {
        "type": "LineString",
        "coordinates": [
          [
            -0.3855516,
            51.6463546
          ],
          [
            -0.3856797,
            51.6464697
          ],
          [
            -0.3859082,
            51.6466894
          ],
          [
            -0.3861362,
            51.6468594
          ],
          [
            -0.3864197,
            51.6470063
          ],
          [
            -0.3866578,
            51.6471134
          ],
          [
            -0.3869489,
            51.6472226
          ],
          [
            -0.3872731,
            51.6473143
          ],
          [
            -0.3876134,
            51.6473842
          ],
          [
            -0.3878993,
            51.6474295
          ],
          [
            -0.3882069,
            51.6474567
          ],
          [
            -0.3885644,
            51.6474826
          ],
          [
            -0.388876,
            51.6474915
          ],
          [
            -0.389155,
            51.6475002
          ]
        ]
      },
      "id": "way/27447079"
    },
    {
      "type": "Feature",
      "properties": {
        "@id": "way/71994004",
        "bridge": "yes",
        "electrified": "rail",
        "frequency": "0",
        "layer": "1",
        "line": "Lioness;Watford DC line",
        "maxspeed": "35 mph",
        "name": "Camden to Watford Junction Line",
        "network": "London Overground",
        "operator": "Network Rail",
        "operator:wikidata": "Q1501071",
        "railway": "rail",
        "railway:track_ref": "Down DC Electric",
        "ref": "CWJ",
        "source": "yahoo",
        "usage": "branch",
        "voltage": "660"
      },
      "geometry": {
        "type": "LineString",
        "coordinates": [
          [
            -0.3911176,
            51.6586555
          ],
          [
            -0.3911946,
            51.6588686
          ]
        ]
      },
      "id": "way/71994004"
    },
    {
      "type": "Feature",
      "properties": {
        "@id": "way/163552282",
        "bridge": "yes",
        "electrified": "rail",
        "frequency": "0",
        "layer": "1",
        "line": "Lioness;Watford DC line",
        "maxspeed": "15 mph",
        "name": "Camden to Watford Junction Line",
        "network": "London Overground",
        "operator": "Network Rail",
        "operator:wikidata": "Q1501071",
        "railway": "rail",
        "ref": "CWJ",
        "source": "personal knowledge",
        "usage": "branch",
        "voltage": "660"
      },
      "geometry": {
        "type": "LineString",
        "coordinates": [
          [
            -0.3936335,
            51.6616391
          ],
          [
            -0.3937539,
            51.6617156
          ]
        ]
      },
      "id": "way/163552282"
    },
    {
      "type": "Feature",
      "properties": {
        "@id": "way/163552283",
        "electrified": "rail",
        "frequency": "0",
        "line": "Lioness;Watford DC line",
        "maxspeed": "15 mph",
        "name": "Camden to Watford Junction Line",
        "network": "London Overground",
        "operator": "Network Rail",
        "operator:wikidata": "Q1501071",
        "railway": "rail",
        "ref": "CWJ",
        "source": "personal knowledge",
        "usage": "branch",
        "voltage": "660"
      },
      "geometry": {
        "type": "LineString",
        "coordinates": [
          [
            -0.39399,
            51.6618765
          ],
          [
            -0.394323,
            51.6621035
          ],
          [
            -0.3943835,
            51.6621418
          ],
          [
            -0.394921,
            51.662482
          ],
          [
            -0.3952755,
            51.6627117
          ],
          [
            -0.3955965,
            51.6629263
          ],
          [
            -0.3958447,
            51.6631006
          ],
          [
            -0.3960902,
            51.6632766
          ]
        ]
      },
      "id": "way/163552283"
    },
    {
      "type": "Feature",
      "properties": {
        "@id": "way/701627337",
        "electrified": "rail",
        "frequency": "0",
        "line": "Lioness;Watford DC line",
        "maxspeed": "15 mph",
        "name": "Camden to Watford Junction Line",
        "network": "London Overground",
        "operator": "Network Rail",
        "operator:wikidata": "Q1501071",
        "railway": "rail",
        "ref": "CWJ",
        "source": "personal knowledge",
        "usage": "branch",
        "voltage": "660"
      },
      "geometry": {
        "type": "LineString",
        "coordinates": [
          [
            -0.3937539,
            51.6617156
          ],
          [
            -0.39399,
            51.6618765
          ]
        ]
      },
      "id": "way/701627337"
    },
    {
      "type": "Feature",
      "properties": {
        "@id": "way/37041524",
        "electrified": "rail",
        "frequency": "0",
        "line": "Lioness;Watford DC line",
        "maxspeed": "15 mph",
        "name": "Camden to Watford Junction Line",
        "network": "London Overground",
        "operator": "Network Rail",
        "operator:wikidata": "Q1501071",
        "railway": "rail",
        "ref": "CWJ",
        "source": "personal knowledge",
        "usage": "branch",
        "voltage": "660"
      },
      "geometry": {
        "type": "LineString",
        "coordinates": [
          [
            -0.3926817,
            51.6609518
          ],
          [
            -0.3933023,
            51.6614181
          ],
          [
            -0.3936335,
            51.6616391
          ]
        ]
      },
      "id": "way/37041524"
    },
    {
      "type": "Feature",
      "properties": {
        "@id": "way/71994007",
        "electrified": "rail",
        "frequency": "0",
        "line": "Lioness;Watford DC line",
        "maxspeed": "35 mph",
        "name": "Camden to Watford Junction Line",
        "network": "London Overground",
        "operator": "Network Rail",
        "operator:wikidata": "Q1501071",
        "railway": "rail",
        "railway:track_ref": "Down DC Electric",
        "ref": "CWJ",
        "source": "yahoo",
        "usage": "branch",
        "voltage": "660"
      },
      "geometry": {
        "type": "LineString",
        "coordinates": [
          [
            -0.3911946,
            51.6588686
          ],
          [
            -0.3913377,
            51.6592137
          ],
          [
            -0.3914738,
            51.6594912
          ],
          [
            -0.3916053,
            51.659726
          ],
          [
            -0.3916936,
            51.6598688
          ],
          [
            -0.3918679,
            51.6601217
          ],
          [
            -0.3920018,
            51.6602858
          ]
        ]
      },
      "id": "way/71994007"
    },
    {
      "type": "Feature",
      "properties": {
        "@id": "way/162961199",
        "electrified": "rail",
        "frequency": "0",
        "line": "Lioness;Watford DC line",
        "maxspeed": "15 mph",
        "name": "Camden to Watford Junction Line",
        "network": "London Overground",
        "operator": "Network Rail",
        "operator:wikidata": "Q1501071",
        "railway": "rail",
        "railway:track_ref": "Down DC Electric",
        "ref": "CWJ",
        "source": "yahoo",
        "usage": "branch",
        "voltage": "660"
      },
      "geometry": {
        "type": "LineString",
        "coordinates": [
          [
            -0.3921508,
            51.6604642
          ],
          [
            -0.3922105,
            51.6605288
          ],
          [
            -0.3924728,
            51.6607813
          ],
          [
            -0.3926817,
            51.6609518
          ]
        ]
      },
      "id": "way/162961199"
    },
    {
      "type": "Feature",
      "properties": {
        "@id": "way/163552432",
        "bridge": "yes",
        "electrified": "rail",
        "frequency": "0",
        "layer": "1",
        "line": "Lioness;Watford DC line",
        "maxspeed": "15 mph",
        "name": "Camden to Watford Junction Line",
        "network": "London Overground",
        "operator": "Network Rail",
        "operator:wikidata": "Q1501071",
        "railway": "rail",
        "railway:track_ref": "Down DC Electric",
        "ref": "CWJ",
        "source": "yahoo",
        "usage": "branch",
        "voltage": "660"
      },
      "geometry": {
        "type": "LineString",
        "coordinates": [
          [
            -0.3920018,
            51.6602858
          ],
          [
            -0.3921508,
            51.6604642
          ]
        ]
      },
      "id": "way/163552432"
    },
    {
      "type": "Feature",
      "properties": {
        "@id": "way/291615489",
        "designation": "Romford - Upminster Line",
        "electrified": "contact_line",
        "frequency": "50",
        "gauge": "1435",
        "line": "Liberty",
        "loading_gauge": "W6",
        "maxspeed": "30 mph",
        "name": "Liberty Line",
        "note:Railway:UK:NESA:LOR": "belongs to EA1040",
        "operator": "Network Rail",
        "operator:wikidata": "Q1501071",
        "passenger_lines": "1",
        "railway": "rail",
        "railway:aws": "yes",
        "railway:bidirectional": "regular",
        "railway:preferred_direction": "both",
        "railway:tpws": "yes",
        "railway:track_ref": "Upminster Branch Up and Down",
        "ref": "ROU",
        "usage": "branch",
        "voltage": "25000"
      },
      "geometry": {
        "type": "LineString",
        "coordinates": [
          [
            0.2085711,
            51.5715
          ],
          [
            0.2086218,
            51.5714868
          ],
          [
            0.209064,
            51.5713838
          ],
          [
            0.2181907,
            51.5691803
          ],
          [
            0.2189638,
            51.5689838
          ],
          [
            0.2194219,
            51.5688578
          ],
          [
            0.2199455,
            51.5687063
          ],
          [
            0.2204479,
            51.5685505
          ],
          [
            0.2209793,
            51.568369
          ],
          [
            0.2213318,
            51.5682396
          ],
          [
            0.2216856,
            51.5681031
          ],
          [
            0.2219856,
            51.5679797
          ],
          [
            0.2222834,
            51.5678528
          ],
          [
            0.2225894,
            51.5677147
          ],
          [
            0.2228906,
            51.5675742
          ],
          [
            0.2250685,
            51.5665265
          ],
          [
            0.2268559,
            51.5656499
          ],
          [
            0.2316862,
            51.5632989
          ],
          [
            0.2334583,
            51.5624699
          ],
          [
            0.2347628,
            51.5618433
          ]
        ]
      },
      "id": "way/291615489"
    },
    {
      "type": "Feature",
      "properties": {
        "@id": "way/817626079",
        "designation": "Romford - Upminster Line",
        "electrified": "contact_line",
        "frequency": "50",
        "gauge": "1435",
        "line": "Liberty",
        "loading_gauge": "W6",
        "maxspeed": "30 mph",
        "name": "Liberty Line",
        "note:Railway:UK:NESA:LOR": "belongs to EA1040",
        "operator": "Network Rail",
        "operator:wikidata": "Q1501071",
        "passenger_lines": "1",
        "railway": "rail",
        "railway:aws": "yes",
        "railway:bidirectional": "regular",
        "railway:preferred_direction": "both",
        "railway:tpws": "yes",
        "railway:track_ref": "Upminster Branch Up and Down",
        "ref": "ROU",
        "usage": "branch",
        "voltage": "25000"
      },
      "geometry": {
        "type": "LineString",
        "coordinates": [
          [
            0.1960854,
            51.5774356
          ],
          [
            0.1964859,
            51.5773355
          ],
          [
            0.1967794,
            51.5772443
          ],
          [
            0.1971638,
            51.5771133
          ],
          [
            0.1974102,
            51.5770141
          ],
          [
            0.197778,
            51.5768482
          ],
          [
            0.1980467,
            51.5767027
          ],
          [
            0.1982966,
            51.5765442
          ],
          [
            0.1986343,
            51.5763212
          ],
          [
            0.199037,
            51.5760222
          ],
          [
            0.2003068,
            51.5751249
          ],
          [
            0.2010699,
            51.5746173
          ]
        ]
      },
      "id": "way/817626079"
    },
    {
      "type": "Feature",
      "properties": {
        "@id": "way/817626080",
        "designation": "Romford - Upminster Line",
        "electrified": "contact_line",
        "frequency": "50",
        "gauge": "1435",
        "line": "Liberty",
        "loading_gauge": "W6",
        "maxspeed": "25 mph",
        "name": "Liberty Line",
        "note:Railway:UK:NESA:LOR": "belongs to EA1040",
        "operator": "Network Rail",
        "operator:wikidata": "Q1501071",
        "passenger_lines": "1",
        "railway": "rail",
        "railway:aws": "yes",
        "railway:bidirectional": "regular",
        "railway:preferred_direction": "both",
        "railway:tpws": "yes",
        "railway:track_ref": "Upminster Branch Up and Down",
        "ref": "ROU",
        "usage": "branch",
        "voltage": "25000"
      },
      "geometry": {
        "type": "LineString",
        "coordinates": [
          [
            0.1887793,
            51.576361
          ],
          [
            0.1892245,
            51.5765125
          ],
          [
            0.191702,
            51.5772323
          ],
          [
            0.1921942,
            51.5773771
          ],
          [
            0.1925827,
            51.57748
          ],
          [
            0.19278,
            51.5775247
          ],
          [
            0.1930398,
            51.5775677
          ],
          [
            0.1933106,
            51.5775975
          ],
          [
            0.1935303,
            51.5776152
          ],
          [
            0.193804,
            51.5776289
          ],
          [
            0.1941127,
            51.5776351
          ],
          [
            0.1946203,
            51.5776307
          ],
          [
            0.1949692,
            51.577599
          ],
          [
            0.1952532,
            51.5775648
          ],
          [
            0.1956533,
            51.577519
          ],
          [
            0.1960854,
            51.5774356
          ]
        ]
      },
      "id": "way/817626080"
    },
    {
      "type": "Feature",
      "properties": {
        "@id": "way/148258392",
        "designation": "Romford - Upminster Line",
        "electrified": "contact_line",
        "frequency": "50",
        "gauge": "1435",
        "line": "Liberty",
        "loading_gauge": "W6",
        "maxspeed": "20 mph",
        "name": "Liberty Line",
        "note:Railway:UK:NESA:LOR": "belongs to EA1040",
        "operator": "Network Rail",
        "operator:wikidata": "Q1501071",
        "passenger_lines": "1",
        "railway": "rail",
        "railway:aws": "yes",
        "railway:bidirectional": "regular",
        "railway:preferred_direction": "both",
        "railway:tpws": "yes",
        "ref": "ROU",
        "usage": "branch",
        "voltage": "25000"
      },
      "geometry": {
        "type": "LineString",
        "coordinates": [
          [
            0.187458,
            51.5759237
          ],
          [
            0.1879371,
            51.576067
          ],
          [
            0.1884747,
            51.5762573
          ]
        ]
      },
      "id": "way/148258392"
    },
    {
      "type": "Feature",
      "properties": {
        "@id": "way/148258397",
        "bridge": "yes",
        "designation": "Romford - Upminster Line",
        "electrified": "contact_line",
        "frequency": "50",
        "gauge": "1435",
        "layer": "1",
        "line": "Liberty",
        "loading_gauge": "W6",
        "maxspeed": "15 mph",
        "name": "Liberty Line",
        "note:Railway:UK:NESA:LOR": "belongs to EA1040",
        "operator": "Network Rail",
        "operator:wikidata": "Q1501071",
        "passenger_lines": "1",
        "railway": "rail",
        "railway:aws": "yes",
        "railway:bidirectional": "regular",
        "railway:preferred_direction": "both",
        "railway:tpws": "yes",
        "ref": "ROU",
        "usage": "branch",
        "voltage": "25000"
      },
      "geometry": {
        "type": "LineString",
        "coordinates": [
          [
            0.1871007,
            51.5758199
          ],
          [
            0.187458,
            51.5759237
          ]
        ]
      },
      "id": "way/148258397"
    },
    {
      "type": "Feature",
      "properties": {
        "@id": "way/723316979",
        "designation": "Romford - Upminster Line",
        "electrified": "contact_line",
        "frequency": "50",
        "gauge": "1435",
        "line": "Liberty",
        "loading_gauge": "W6",
        "maxspeed": "15 mph",
        "name": "Liberty Line",
        "note:Railway:UK:NESA:LOR": "belongs to EA1040",
        "operator": "Network Rail",
        "operator:wikidata": "Q1501071",
        "passenger_lines": "1",
        "railway": "rail",
        "railway:aws": "yes",
        "railway:bidirectional": "regular",
        "railway:preferred_direction": "both",
        "railway:tpws": "yes",
        "ref": "ROU",
        "usage": "branch",
        "voltage": "25000"
      },
      "geometry": {
        "type": "LineString",
        "coordinates": [
          [
            0.1842341,
            51.5749768
          ],
          [
            0.1871007,
            51.5758199
          ]
        ]
      },
      "id": "way/723316979"
    },
    {
      "type": "Feature",
      "properties": {
        "@id": "way/1380090965",
        "designation": "Romford - Upminster Line",
        "electrified": "contact_line",
        "frequency": "50",
        "gauge": "1435",
        "line": "Liberty",
        "loading_gauge": "W6",
        "maxspeed": "20 mph",
        "name": "Liberty Line",
        "note:Railway:UK:NESA:LOR": "belongs to EA1040",
        "operator": "Network Rail",
        "operator:wikidata": "Q1501071",
        "passenger_lines": "1",
        "railway": "rail",
        "railway:aws": "yes",
        "railway:bidirectional": "regular",
        "railway:preferred_direction": "both",
        "railway:tpws": "yes",
        "railway:track_ref": "Upminster Branch Up and Down",
        "ref": "ROU",
        "usage": "branch",
        "voltage": "25000"
      },
      "geometry": {
        "type": "LineString",
        "coordinates": [
          [
            0.1884747,
            51.5762573
          ],
          [
            0.1887793,
            51.576361
          ]
        ]
      },
      "id": "way/1380090965"
    },
    {
      "type": "Feature",
      "properties": {
        "@id": "way/291615493",
        "designation": "Romford - Upminster Line",
        "electrified": "contact_line",
        "frequency": "50",
        "gauge": "1435",
        "line": "Liberty",
        "loading_gauge": "W6",
        "maxspeed": "30 mph",
        "name": "Liberty Line",
        "note:Railway:UK:NESA:LOR": "belongs to EA1040",
        "operator": "Network Rail",
        "operator:wikidata": "Q1501071",
        "passenger_lines": "1",
        "railway": "rail",
        "railway:aws": "yes",
        "railway:bidirectional": "regular",
        "railway:preferred_direction": "both",
        "railway:tpws": "yes",
        "railway:track_ref": "Upminster Branch Up and Down",
        "ref": "ROU",
        "usage": "branch",
        "voltage": "25000"
      },
      "geometry": {
        "type": "LineString",
        "coordinates": [
          [
            0.2022466,
            51.5739332
          ],
          [
            0.2026421,
            51.5737227
          ],
          [
            0.2030243,
            51.5735333
          ],
          [
            0.2034132,
            51.5733479
          ],
          [
            0.2037925,
            51.5731757
          ],
          [
            0.2041764,
            51.5730073
          ],
          [
            0.2047718,
            51.5727396
          ],
          [
            0.2057955,
            51.5723512
          ],
          [
            0.20613,
            51.5722282
          ],
          [
            0.2064917,
            51.5721048
          ],
          [
            0.2068439,
            51.5719887
          ],
          [
            0.2072084,
            51.5718772
          ],
          [
            0.2079407,
            51.5716734
          ],
          [
            0.2083077,
            51.5715681
          ],
          [
            0.2085189,
            51.5715142
          ],
          [
            0.2085711,
            51.5715
          ]
        ]
      },
      "id": "way/291615493"
    },
    {
      "type": "Feature",
      "properties": {
        "@id": "way/817626078",
        "designation": "Romford - Upminster Line",
        "electrified": "contact_line",
        "frequency": "50",
        "gauge": "1435",
        "line": "Liberty",
        "loading_gauge": "W6",
        "maxspeed": "30 mph",
        "name": "Liberty Line",
        "note:Railway:UK:NESA:LOR": "belongs to EA1040",
        "operator": "Network Rail",
        "operator:wikidata": "Q1501071",
        "passenger_lines": "1",
        "railway": "rail",
        "railway:aws": "yes",
        "railway:bidirectional": "regular",
        "railway:preferred_direction": "both",
        "railway:tpws": "yes",
        "railway:track_ref": "Upminster Branch Up and Down",
        "ref": "ROU",
        "usage": "branch",
        "voltage": "25000"
      },
      "geometry": {
        "type": "LineString",
        "coordinates": [
          [
            0.2010699,
            51.5746173
          ],
          [
            0.2018603,
            51.574148
          ],
          [
            0.2022466,
            51.5739332
          ]
        ]
      },
      "id": "way/817626078"
    },
    {
      "type": "Feature",
      "properties": {
        "@id": "way/291615490",
        "designation": "Romford - Upminster Line",
        "electrified": "contact_line",
        "frequency": "50",
        "gauge": "1435",
        "line": "Liberty",
        "loading_gauge": "W6",
        "maxspeed": "30 mph",
        "name": "Liberty Line",
        "operator": "Network Rail",
        "operator:wikidata": "Q1501071",
        "passenger_lines": "1",
        "railway": "rail",
        "railway:aws": "yes",
        "railway:bidirectional": "regular",
        "railway:preferred_direction": "both",
        "railway:tpws": "yes",
        "railway:track_ref": "Upminster Branch Up and Down",
        "ref": "ROU",
        "usage": "branch",
        "voltage": "25000"
      },
      "geometry": {
        "type": "LineString",
        "coordinates": [
          [
            0.2347628,
            51.5618433
          ],
          [
            0.2359428,
            51.5612775
          ],
          [
            0.2365041,
            51.5610161
          ],
          [
            0.2377956,
            51.5604833
          ],
          [
            0.2391898,
            51.5600325
          ],
          [
            0.239586,
            51.5599159
          ],
          [
            0.2409411,
            51.5595912
          ],
          [
            0.2415538,
            51.5594831
          ],
          [
            0.2418723,
            51.5594403
          ],
          [
            0.2422025,
            51.5593976
          ],
          [
            0.2427004,
            51.5593476
          ],
          [
            0.2430355,
            51.5593223
          ],
          [
            0.2434345,
            51.5592917
          ],
          [
            0.2438983,
            51.5592671
          ],
          [
            0.2444064,
            51.5592492
          ],
          [
            0.245392,
            51.5592234
          ],
          [
            0.2463694,
            51.5592075
          ],
          [
            0.2473568,
            51.5592072
          ],
          [
            0.2485702,
            51.5592271
          ],
          [
            0.2491828,
            51.5592377
          ],
          [
            0.2497898,
            51.5592307
          ]
        ]
      },
      "id": "way/291615490"
    },
    {
      "type": "Feature",
      "properties": {
        "@id": "way/1136735407",
        "designation": "Romford - Upminster Line",
        "electrified": "contact_line",
        "frequency": "50",
        "gauge": "1435",
        "line": "Liberty",
        "loading_gauge": "W6",
        "maxspeed:backward": "30 mph",
        "maxspeed:forward": "15 mph",
        "name": "Liberty Line",
        "operator": "Network Rail",
        "operator:wikidata": "Q1501071",
        "passenger_lines": "1",
        "railway": "rail",
        "railway:aws": "yes",
        "railway:bidirectional": "regular",
        "railway:preferred_direction": "both",
        "railway:tpws": "yes",
        "railway:track_ref": "Upminster Branch Up and Down",
        "ref": "ROU",
        "usage": "branch",
        "voltage": "25000"
      },
      "geometry": {
        "type": "LineString",
        "coordinates": [
          [
            0.2497898,
            51.5592307
          ],
          [
            0.2504641,
            51.5592117
          ],
          [
            0.251844,
            51.5591727
          ]
        ]
      },
      "id": "way/1136735407"
    }
  ]
}