{"type":"FeatureCollection","features":[{"type":"Feature","properties":{"name":"Liberty"},"geometry":{"type":"MultiLineString","coordinates":[[[0.183782,51.574883],[0.1839465,51.5749321],[0.1840107,51.5748398],[0.1840352,51.5748467],[0.1841776,51.5748895],[0.1848424,51.5750895],[0.1854464,51.5752624],[0.1854145,51.575298],[0.1840793,51.5749145],[0.1840348,51.5749813],[0.1837604,51.5749139],[0.183782,51.574883]],[[0.183782,51.574883],[0.1839465,51.5749321],[0.1840107,51.5748398],[0.1840352,51.5748467],[0.1841776,51.5748895],[0.1848424,51.5750895],[0.1854464,51.5752624],[0.1854145,51.575298],[0.1840793,51.5749145],[0.1840348,51.5749813],[0.1837604,51.5749139],[0.183782,51.574883]],[[0.1871007,51.5758199],[0.187458,51.5759237]],[[0.1871007,51.5758199],[0.187458,51.5759237]],[[0.1871007,51.5758199],[0.1842341,51.5749768],[0.1871007,51.5758199]],[[0.187458,51.5759237],[0.1879371,51.576067],[0.1884747,51.5762573]],[[0.187458,51.5759237],[0.1879371,51.576067],[0.1884747,51.5762573]],[[0.1884747,51.5762573],[0.1887793,51.576361]],[[0.1884747,51.5762573],[0.1887793,51.576361]],[[0.1887793,51.576361],[0.1892245,51.5765125],[0.191702,51.5772323],[0.1921942,51.5773771],[0.1925827,51.57748],[0.19278,51.5775247],[0.1930398,51.5775677],[0.1933106,51.5775975],[0.1935303,51.5776152],[0.193804,51.5776289],[0.1941127,51.5776351],[0.1946203,51.5776307],[0.1949692,51.577599],[0.1952532,51.5775648],[0.1956533,51.577519],[0.1960854,51.5774356]],[[0.1887793,51.576361],[0.1892245,51.5765125],[0.191702,51.5772323],[0.1921942,51.5773771],[0.1925827,51.57748],[0.19278,51.5775247],[0.1930398,51.5775677],[0.1933106,51.5775975],[0.1935303,51.5776152],[0.193804,51.5776289],[0.1941127,51.5776351],[0.1946203,51.5776307],[0.1949692,51.577599],[0.1952532,51.5775648],[0.1956533,51.577519],[0.1960854,51.5774356]],[[0.1960854,51.5774356],[0.1964859,51.5773355],[0.1967794,51.5772443],[0.1971638,51.5771133],[0.1974102,51.5770141],[0.197778,51.5768482],[0.1980467,51.5767027],[0.1982966,51.5765442],[0.1986343,51.5763212],[0.199037,51.5760222],[0.2003068,51.5751249],[0.2010699,51.5746173]],[[0.1960854,51.5774356],[0.1964859,51.5773355],[0.1967794,51.5772443],[0.1971638,51.5771133],[0.1974102,51.5770141],[0.197778,51.5768482],[0.1980467,51.5767027],[0.1982966,51.5765442],[0.1986343,51.5763212],[0.199037,51.5760222],[0.2003068,51.5751249],[0.2010699,51.5746173]],[[0.2010699,51.5746173],[0.2018603,51.574148],[0.2022466,51.5739332]],[[0.2010699,51.5746173],[0.2018603,51.574148],[0.2022466,51.5739332]],[[0.2022466,51.5739332],[0.2026421,51.5737227],[0.2030243,51.5735333],[0.2034132,51.5733479],[0.2037925,51.5731757],[0.2041764,51.5730073],[0.2047718,51.5727396],[0.2057955,51.5723512],[0.20613,51.5722282],[0.2064917,51.5721048],[0.2068439,51.5719887],[0.2072084,51.5718772],[0.2079407,51.5716734],[0.2083077,51.5715681],[0.2085189,51.5715142],[0.2085711,51.5715]],[[0.2022466,51.5739332],[0.2026421,51.5737227],[0.2030243,51.5735333],[0.2034132,51.5733479],[0.2037925,51.5731757],[0.2041764,51.5730073],[0.2047718,51.5727396],[0.2057955,51.5723512],[0.20613,51.5722282],[0.2064917,51.5721048],[0.2068439,51.5719887],[0.2072084,51.5718772],[0.2079407,51.5716734],[0.2083077,51.5715681],[0.2085189,51.5715142],[0.2085711,51.5715]],[[0.2085711,51.5715],[0.2086218,51.5714868],[0.209064,51.5713838],[0.2181907,51.5691803],[0.2189638,51.5689838],[0.2194219,51.5688578],[0.2199455,51.5687063],[0.2204479,51.5685505],[0.2209793,51.568369],[0.2213318,51.5682396],[0.2216856,51.5681031],[0.2219856,51.5679797],[0.2222834,51.5678528],[0.2225894,51.5677147],[0.2228906,51.5675742],[0.2250685,51.5665265],[0.2268559,51.5656499],[0.2316862,51.5632989],[0.2334583,51.5624699],[0.2347628,51.5618433]],[[0.2085711,51.5715],[0.2086218,51.5714868],[0.209064,51.5713838],[0.2181907,51.5691803],[0.2189638,51.5689838],[0.2194219,51.5688578],[0.2199455,51.5687063],[0.2204479,51.5685505],[0.2209793,51.568369],[0.2213318,51.5682396],[0.2216856,51.5681031],[0.2219856,51.5679797],[0.2222834,51.5678528],[0.2225894,51.5677147],[0.2228906,51.5675742],[0.2250685,51.5665265],[0.2268559,51.5656499],[0.2316862,51.5632989],[0.2334583,51.5624699],[0.2347628,51.5618433]],[[0.2197926,51.5687721],[0.2197947,51.5688238],[0.2201096,51.5687243],[0.2202587,51.5686762],[0.2204908,51.5686013],[0.2204765,51.5685841],[0.22064,51.5685298],[0.220879,51.5684479],[0.2210092,51.568401],[0.2209909,51.5683813],[0.2208599,51.5684272],[0.2206194,51.5685091],[0.2204582,51.5685623],[0.220077,51.5686853],[0.2197926,51.5687721]],[[0.2197926,51.5687721],[0.2197947,51.5688238],[0.2201096,51.5687243],[0.2202587,51.5686762],[0.2204908,51.5686013],[0.2204765,51.5685841],[0.22064,51.5685298],[0.220879,51.5684479],[0.2210092,51.568401],[0.2209909,51.5683813],[0.2208599,51.5684272],[0.2206194,51.5685091],[0.2204582,51.5685623],[0.220077,51.5686853],[0.2197926,51.5687721]],[[0.2347628,51.5618433],[0.2359428,51.5612775],[0.2365041,51.5610161],[0.2377956,51.5604833],[0.2391898,51.5600325],[0.239586,51.5599159],[0.2409411,51.5595912],[0.2415538,51.5594831],[0.2418723,51.5594403],[0.2422025,51.5593976],[0.2427004,51.5593476],[0.2430355,51.5593223],[0.2434345,51.5592917],[0.2438983,51.5592671],[0.2444064,51.5592492],[0.245392,51.5592234],[0.2463694,51.5592075],[0.2473568,51.5592072],[0.2485702,51.5592271],[0.2491828,51.5592377],[0.2497898,51.5592307]],[[0.2347628,51.5618433],[0.2359428,51.5612775],[0.2365041,51.5610161],[0.2377956,51.5604833],[0.2391898,51.5600325],[0.239586,51.5599159],[0.2409411,51.5595912],[0.2415538,51.5594831],[0.2418723,51.5594403],[0.2422025,51.5593976],[0.2427004,51.5593476],[0.2430355,51.5593223],[0.2434345,51.5592917],[0.2438983,51.5592671],[0.2444064,51.5592492],[0.245392,51.5592234],[0.2463694,51.5592075],[0.2473568,51.5592072],[0.2485702,51.5592271],[0.2491828,51.5592377],[0.2497898,51.5592307]],[[0.2497898,51.5592307],[0.2504641,51.5592117],[0.251844,51.5591727],[0.2504641,51.5592117],[0.2497898,51.5592307]],[[0.2507452,51.5592217],[0.2507477,51.5592479],[0.2521182,51.5592129],[0.2521176,51.559187],[0.2508865,51.5592181],[0.2507452,51.5592217]],[[0.2507452,51.5592217],[0.2507477,51.5592479],[0.2521182,51.5592129],[0.2521176,51.559187],[0.2508865,51.5592181],[0.2507452,51.5592217]]]}},{"type":"Feature","properties":{"name":"Suffragette"},"geometry":{"type":"MultiLineString","coordinates":[[[-0.1521192,51.5557248],[-0.1523801,51.5557832],[-0.1523687,51.5558001],[-0.1513493,51.5555625],[-0.1512046,51.5555316],[-0.1510631,51.5555056],[-0.1510745,51.5554816],[-0.1512173,51.5555064],[-0.1513655,51.5555377],[-0.1515731,51.5555863],[-0.1516284,51.5555991],[-0.1517594,51.5556346],[-0.1518827,51.5556655],[-0.1521192,51.5557248]],[[-0.1521192,51.5557248],[-0.1523801,51.5557832],[-0.1523687,51.5558001],[-0.1513493,51.5555625],[-0.1512046,51.5555316],[-0.1510631,51.5555056],[-0.1510745,51.5554816],[-0.1512173,51.5555064],[-0.1513655,51.5555377],[-0.1515731,51.5555863],[-0.1516284,51.5555991],[-0.1517594,51.5556346],[-0.1518827,51.5556655],[-0.1521192,51.5557248]],[[-0.1502955,51.5553915],[-0.1504822,51.5554213],[-0.1506636,51.5554515],[-0.1508555,51.5554843],[-0.1510564,51.5555176],[-0.1511998,51.5555431],[-0.1513457,51.5555766],[-0.1522284,51.5557806],[-0.1513457,51.5555766],[-0.1511998,51.5555431],[-0.1510564,51.5555176],[-0.1508555,51.5554843],[-0.1506636,51.5554515],[-0.1504822,51.5554213],[-0.1502955,51.5553915]],[[-0.1502285,51.5553742],[-0.1502955,51.5553915]],[[-0.1502285,51.5553742],[-0.1502955,51.5553915]],[[-0.1502285,51.5553742],[-0.1499085,51.5552982],[-0.1496278,51.5552518]],[[-0.1502285,51.5553742],[-0.1499085,51.5552982],[-0.1496278,51.5552518]],[[-0.1491955,51.5552051],[-0.1494076,51.555223],[-0.1496278,51.5552518]],[[-0.1491955,51.5552051],[-0.1494076,51.555223],[-0.1496278,51.5552518]],[[-0.1491955,51.5552051],[-0.148714,51.5552239],[-0.1484748,51.555241],[-0.1482744,51.5552651],[-0.1478429,51.5553306],[-0.1474361,51.555425],[-0.1466133,51.5556587],[-0.1463575,51.5557337],[-0.1461649,51.5557986],[-0.1459345,51.5558752],[-0.1457184,51.5559547],[-0.1453074,51.5560967],[-0.1445327,51.556368],[-0.143362,51.5567579],[-0.1416937,51.5573412],[-0.1404908,51.5577369],[-0.1395066,51.5581086],[-0.1391773,51.5582289],[-0.1387719,51.5583702],[-0.1381048,51.5586032],[-0.1368275,51.5590927],[-0.1358555,51.5594703],[-0.1346614,51.5600538],[-0.133728,51.56057],[-0.1333179,51.5608128],[-0.1329158,51.5610668],[-0.1323103,51.5614736],[-0.1317183,51.5618993],[-0.1304775,51.5628592],[-0.1297549,51.5634207],[-0.1260342,51.5662908],[-0.1249705,51.5670808],[-0.1246072,51.5673506],[-0.1235826,51.5680164],[-0.122208,51.5687741],[-0.1200744,51.5698444],[-0.1176724,51.5710571],[-0.1174588,51.5711627],[-0.1173789,51.5712022],[-0.1173289,51.5712269],[-0.1165885,51.5715929],[-0.1155983,51.5720832],[-0.1143362,51.5726322],[-0.1129349,51.5731393],[-0.111811,51.573471],[-0.1099613,51.5739541],[-0.1095551,51.5740664],[-0.1091682,51.5741732],[-0.1073013,51.5746847],[-0.1069254,51.5747778],[-0.1065181,51.5749058],[-0.1057499,51.5751075],[-0.1045402,51.5754746],[-0.1038677,51.5756569],[-0.1029938,51.5758533],[-0.1021424,51.5761159],[-0.1020534,51.5761386],[-0.1020206,51.5761477],[-0.1019379,51.576168],[-0.1012248,51.5763642],[-0.0988626,51.5770116],[-0.0985694,51.5770905],[-0.0974216,51.5773769],[-0.0973635,51.5773912],[-0.0959859,51.5777567],[-0.0953477,51.5779278],[-0.0951655,51.5779749],[-0.0943601,51.5781605],[-0.09353,51.5783257],[-0.0926609,51.578473],[-0.0917912,51.578606],[-0.0906117,51.5787339],[-0.0894253,51.5788425],[-0.0871373,51.5790085],[-0.0869019,51.5790229],[-0.0837115,51.5792947],[-0.0809811,51.5794723],[-0.0804142,51.5795191],[-0.0801061,51.5795412],[-0.0798144,51.5795624],[-0.0795044,51.5795887],[-0.079168,51.5796185],[-0.0787452,51.5796592],[-0.0782922,51.5797053],[-0.0751767,51.5800532],[-0.0750136,51.5800714],[-0.0732496,51.5802771],[-0.0728392,51.5803223],[-0.0725252,51.5803619],[-0.0722704,51.5803899],[-0.0717819,51.5804491],[-0.071513,51.5804867],[-0.0712894,51.5805184],[-0.071139,51.5805409],[-0.0708838,51.5805812],[-0.0706834,51.5806156],[-0.0704655,51.5806545],[-0.070138,51.5807258],[-0.0699096,51.5807814],[-0.0696619,51.5808457],[-0.0693911,51.5809196],[-0.0691811,51.5809772],[-0.0688056,51.5810784],[-0.0666764,51.5816499],[-0.0665237,51.5816923],[-0.0662884,51.5817608],[-0.0660035,51.5818462],[-0.065795,51.5819117],[-0.065492,51.5820115],[-0.0652347,51.5821003],[-0.0650122,51.5821804],[-0.064717,51.5822928],[-0.0644039,51.5824191],[-0.0641704,51.5825149],[-0.063959,51.5826079],[-0.0636904,51.5827307],[-0.0634734,51.5828349],[-0.0632774,51.5829302],[-0.0631366,51.5830011],[-0.0629989,51.5830727],[-0.0622438,51.5834801],[-0.0620669,51.5835741],[-0.0618817,51.5836716],[-0.0616345,51.5837901],[-0.0613874,51.5839042],[-0.0611775,51.5839989],[-0.0610105,51.5840717],[-0.0608562,51.5841361],[-0.0607211,51.5841903],[-0.0599746,51.5844788],[-0.0598789,51.5845156],[-0.0593606,51.5846891],[-0.0591498,51.5847565],[-0.0587337,51.5848793],[-0.0583545,51.5849805],[-0.0579773,51.5850739],[-0.0575863,51.5851642],[-0.0573358,51.5852202],[-0.0566355,51.5853536],[-0.0557515,51.5854923],[-0.0552622,51.5855563],[-0.0539164,51.5857094],[-0.0535771,51.5857516],[-0.0524135,51.5858891],[-0.0518501,51.585943],[-0.050752,51.5860675],[-0.0486888,51.5862623],[-0.0466279,51.5864707],[-0.0456602,51.5865411],[-0.0452493,51.586566],[-0.0432862,51.5866378],[-0.0408236,51.5866309],[-0.0398082,51.5866303],[-0.0385586,51.5865787],[-0.0378731,51.5865324],[-0.0371824,51.5864673],[-0.0369006,51.5864337],[-0.0363929,51.5863607],[-0.0357532,51.5862679],[-0.0352917,51.5861919],[-0.0348521,51.5861098],[-0.0342404,51.5859958],[-0.033482,51.5858304],[-0.032615,51.585605],[-0.031731,51.5853453],[-0.0308644,51.5850548],[-0.0299867,51.5847406],[-0.0293951,51.5844868],[-0.0288189,51.5842297],[-0.0280424,51.5838807],[-0.0276964,51.5837011],[-0.0274041,51.583529],[-0.0270733,51.5833485],[-0.0266722,51.5831417],[-0.0256936,51.5826096],[-0.0247009,51.582076],[-0.023484,51.5813917],[-0.0229827,51.5811264],[-0.0227339,51.5809932],[-0.0223022,51.5807378],[-0.0216503,51.5803234],[-0.0212629,51.5800503],[-0.020844,51.5797412],[-0.0204688,51.5794283],[-0.0198864,51.5788832],[-0.0170928,51.5760144],[-0.016929,51.5758487],[-0.0151551,51.5739956],[-0.0147967,51.5736561],[-0.0141761,51.5731115],[-0.0131635,51.5723616],[-0.0127904,51.5721315],[-0.0120371,51.5716497],[-0.0117118,51.5714588],[-0.0111945,51.5711787],[-0.0108596,51.5710029],[-0.0096997,51.5704496],[-0.0089298,51.5701337],[-0.0084327,51.5699419],[-0.0080216,51.5697925],[-0.0074593,51.5695967],[-0.0066879,51.569329],[-0.005496,51.5689367],[-0.005156,51.5688199],[0.001943,51.5663805],[0.0025539,51.5661419],[0.0048277,51.5651524],[0.0050998,51.5650385],[0.0058588,51.5647163],[0.0069383,51.5642533],[0.0077296,51.5639109],[0.0085247,51.5635606],[0.0089675,51.5633386],[0.0094547,51.5630825],[0.0100919,51.5627053],[0.0106912,51.5622882],[0.0110566,51.5620241],[0.0114023,51.5617338],[0.0120401,51.561134],[0.0124428,51.5607224],[0.0128985,51.560282],[0.0131286,51.5600749],[0.013414,51.5598174],[0.0137536,51.5595288],[0.0140757,51.5592703],[0.014665,51.558854],[0.0148176,51.5587409],[0.0164759,51.5576755],[0.0167789,51.5574564],[0.0169986,51.5572995],[0.0174216,51.5569363],[0.0176702,51.5567054],[0.0183125,51.5560988],[0.01851,51.555913],[0.0193013,51.55518],[0.0194997,51.5549932],[0.0197937,51.5547264],[0.0199763,51.5545636],[0.020382,51.5541864],[0.0205557,51.5540235],[0.0209443,51.5536765],[0.0214007,51.5533609],[0.02166,51.5531941],[0.0222747,51.552861],[0.0225809,51.5527235],[0.0232999,51.5524285],[0.0236012,51.5523249],[0.0241627,51.5521502],[0.0243193,51.5521073],[0.0244416,51.5520735],[0.0247243,51.5520189],[0.0251685,51.5519252],[0.0253769,51.5518851],[0.0255824,51.5518503],[0.0259517,51.55179],[0.0263326,51.5517433],[0.0267952,51.5517033],[0.0270313,51.5516857],[0.0275036,51.5516706],[0.0277943,51.5516682],[0.0286668,51.5516727],[0.0293638,51.5516986],[0.0300943,51.5517462],[0.0303395,51.5517664],[0.0308341,51.5518034],[0.0314103,51.5518322],[0.0317113,51.5518396],[0.0319753,51.5518363],[0.0322508,51.551824],[0.0324205,51.5518137],[0.0325929,51.5517991],[0.0328797,51.5517665],[0.0331722,51.5517233],[0.0334191,51.551678],[0.0336818,51.551624],[0.0337849,51.5516011],[0.0339963,51.5515469],[0.0342117,51.551489],[0.0344148,51.5514255],[0.034636,51.5513472],[0.0353367,51.5510723],[0.0359116,51.5508602],[0.0362533,51.5507435],[0.0364359,51.5506882],[0.0367519,51.5505981],[0.0371337,51.5505016],[0.0374496,51.5504347],[0.0376549,51.5503984],[0.0378877,51.5503543],[0.0381974,51.5503064],[0.0385066,51.5502677],[0.0387961,51.5502367],[0.0393695,51.5501789],[0.0399448,51.5501128],[0.0403574,51.5500542],[0.0407741,51.5499865],[0.0411588,51.5499127],[0.0415335,51.5498419],[0.0420144,51.5497524],[0.0427759,51.5496045],[0.0432374,51.5495116],[0.0436036,51.5494405],[0.0441655,51.5493139],[0.0451566,51.5490932],[0.0456395,51.5489852],[0.0479831,51.5484631],[0.0496087,51.5481015],[0.0518132,51.5476074],[0.0527215,51.5474068],[0.0539407,51.5471336],[0.0556623,51.5467512],[0.0567588,51.546505],[0.0575827,51.5463202],[0.058287,51.5461623],[0.0597448,51.5458398],[0.0605484,51.5456574],[0.062349,51.5452558],[0.0633378,51.5450328],[0.0636619,51.5449711],[0.0639185,51.544927],[0.064348,51.5448727],[0.0647628,51.5448212],[0.0652166,51.5447614],[0.0659881,51.5446801],[0.0662142,51.5446492],[0.0664634,51.5446096],[0.0668974,51.5445311],[0.0673317,51.5444349],[0.0677683,51.5443591],[0.0683732,51.5442333],[0.068815,51.5441457],[0.0690858,51.5440867],[0.0697836,51.5439262],[0.0699434,51.5438891],[0.0703882,51.5437852],[0.0708237,51.5436697],[0.0710855,51.5435925],[0.0714889,51.5434604],[0.0717945,51.5433462],[0.0732315,51.5428175],[0.0747903,51.5422467],[0.0753933,51.5420163],[0.0761611,51.5417057],[0.0764903,51.5415624],[0.0768101,51.5414158],[0.077122,51.5412652],[0.0775664,51.5410456],[0.0781313,51.5407523],[0.0805214,51.5395316],[0.0806247,51.5394791],[0.0815224,51.5390229],[0.0818445,51.5388574],[0.0821687,51.5386935],[0.0824527,51.538556],[0.0833709,51.5381169],[0.0836045,51.5380037],[0.0842652,51.5376869],[0.084847,51.5374059],[0.0854574,51.537102],[0.0855359,51.5370629],[0.0876123,51.5360089],[0.088305,51.5356635],[0.0891285,51.5352756],[0.0898398,51.5349573],[0.0907002,51.5345899],[0.0915621,51.5342383],[0.0923565,51.5339333],[0.0931851,51.5336334],[0.0940394,51.5333328],[0.0948469,51.5330699],[0.0956777,51.5328075],[0.0966869,51.5325076],[0.0975838,51.5322541],[0.0990353,51.5318912],[0.0996903,51.5317423],[0.1013575,51.5314047],[0.1021973,51.5312616],[0.1026914,51.5311872],[0.1029652,51.5311474],[0.1032329,51.5311115],[0.1034783,51.531079],[0.1037207,51.5310494],[0.1044275,51.5309695],[0.1116571,51.5302463],[0.1122966,51.5301717],[0.1128682,51.5300989],[0.1131516,51.5300665],[0.1134318,51.530036],[0.1161151,51.5297646],[0.1165411,51.5297223],[0.1170784,51.5296686],[0.1174973,51.5296271],[0.1177067,51.5296069],[0.1179196,51.52959],[0.1182227,51.5295641],[0.1185275,51.5295404],[0.1190926,51.5295011],[0.1196577,51.5294666],[0.1203292,51.5294352],[0.1204581,51.5294302],[0.1207565,51.5294014],[0.1209633,51.5293693],[0.1211514,51.5293343],[0.1213582,51.5292873],[0.121601,51.5292207],[0.1218488,51.5291353],[0.1220548,51.5290515],[0.1221592,51.529001],[0.1222878,51.5289325],[0.1225123,51.528803],[0.1228183,51.5285477],[0.1229971,51.5283487],[0.1230735,51.5282455],[0.1231402,51.5281391],[0.1232011,51.5280128],[0.1232585,51.5278802],[0.1233087,51.5277298],[0.1233279,51.5275907],[0.1233262,51.5274751],[0.1233216,51.5272896],[0.1232607,51.527009],[0.1231613,51.526761],[0.1230801,51.5265574],[0.1229195,51.5263165],[0.1227676,51.5261058],[0.1225988,51.5259099],[0.1224367,51.5257448],[0.1222407,51.525568],[0.1219195,51.5253135],[0.1215558,51.5250751],[0.1212584,51.5249086],[0.1209808,51.5247736],[0.120695,51.5246332],[0.1198617,51.5242688],[0.1195359,51.5241102],[0.1192605,51.5239572],[0.1189891,51.5237995],[0.118576,51.5235541],[0.1181776,51.5232833],[0.1179135,51.5230704],[0.1176116,51.5228002],[0.1173876,51.5225812],[0.1171453,51.5223294],[0.1169538,51.5221005],[0.1167849,51.5218177],[0.116726,51.5216918],[0.1166813,51.5215698],[0.1166392,51.5214378],[0.1165333,51.5210496],[0.1164038,51.520494],[0.1163247,51.5202317],[0.1161168,51.5195524]],[[0.1159086,51.5195758],[0.1161132,51.5201915],[0.1161342,51.5202486],[0.1162263,51.5205],[0.1164646,51.5210611],[0.1165846,51.5214443],[0.116634,51.5215851],[0.1166783,51.5217008],[0.116753,51.5218555],[0.1168551,51.522026],[0.1169748,51.5221939],[0.1171252,51.5223818],[0.1173039,51.522584],[0.1175503,51.5228228],[0.117865,51.5230888],[0.1181349,51.523302],[0.1185268,51.5235802],[0.118952,51.5238269],[0.1192129,51.5239875],[0.1194991,51.5241353],[0.1198284,51.5242956],[0.1206711,51.5246549],[0.1209537,51.524797],[0.1212313,51.5249309],[0.1215198,51.5250975],[0.1218794,51.5253337],[0.1221994,51.5255869],[0.1223925,51.5257657],[0.1225548,51.525935],[0.1227105,51.526119],[0.1228628,51.526336],[0.1230282,51.5266066],[0.1231061,51.5267741],[0.1232026,51.5270296],[0.1232659,51.5272991],[0.1232719,51.5274408],[0.1232677,51.5275867],[0.123239,51.5277465],[0.1231861,51.5278851],[0.1230936,51.5281111],[0.1230384,51.5282091],[0.122946,51.528336],[0.1227621,51.5285361],[0.1224331,51.528802],[0.1222324,51.5289192],[0.1220465,51.5290146],[0.1218191,51.5291099],[0.1216057,51.5291831],[0.1213014,51.5292614],[0.1211103,51.5293074],[0.1209377,51.529335],[0.1207611,51.5293649],[0.1205973,51.5293832],[0.1204169,51.5293957],[0.1196939,51.5294308],[0.1192505,51.5294538],[0.1188026,51.5294797],[0.117912,51.5295387],[0.1165387,51.5296316],[0.1162622,51.5296538],[0.1159804,51.529677],[0.115415,51.529728],[0.114005,51.5298698],[0.113524,51.5299208],[0.1128204,51.5300096],[0.1124947,51.5300556],[0.1121717,51.530106],[0.1115147,51.5302025],[0.1110487,51.5302591],[0.106094,51.5307691],[0.1059372,51.5307856],[0.1054932,51.53083],[0.1049441,51.5308848],[0.1043779,51.5309409],[0.1037305,51.5310097],[0.1031775,51.5310749],[0.1026814,51.531142],[0.1023962,51.5311833],[0.1021157,51.5312255],[0.101604,51.5313142],[0.1013491,51.5313614],[0.0996704,51.5317142],[0.0990201,51.5318627],[0.0983645,51.5320188],[0.0978595,51.5321483],[0.0975157,51.5322402],[0.0966695,51.5324784],[0.0956503,51.5327821],[0.0948161,51.5330424],[0.0940114,51.5333093],[0.0931545,51.5336046],[0.0923297,51.5339008],[0.0915237,51.5342036],[0.09066,51.5345548],[0.0898084,51.5349227],[0.0890947,51.5352382],[0.0882594,51.5356351],[0.0879568,51.5357848],[0.0875658,51.5359782],[0.0872695,51.5361297],[0.0861535,51.5366544],[0.0854616,51.5370057],[0.085386,51.5370448],[0.0851701,51.5371564],[0.0841866,51.5376283],[0.0833205,51.5380771],[0.0829267,51.5382806],[0.0825069,51.5384893],[0.0821387,51.5386678],[0.0818084,51.5388263],[0.0814691,51.5389807],[0.080998,51.539178],[0.0805432,51.5393915],[0.0802852,51.5395203],[0.0793181,51.5400155],[0.0791951,51.5400802],[0.0788703,51.5402575],[0.0780818,51.5407162],[0.0778088,51.5408712],[0.0775348,51.541023],[0.0773207,51.5411311],[0.0770914,51.5412427],[0.0764657,51.5415363],[0.0761348,51.5416816],[0.0753685,51.5419899],[0.0747682,51.5422222],[0.0732085,51.542793],[0.0717724,51.5433184],[0.0714655,51.5434303],[0.0710697,51.5435603],[0.0708017,51.5436425],[0.0703696,51.5437575],[0.0699254,51.5438611],[0.0697658,51.5438963],[0.0690686,51.5440577],[0.0687097,51.544124],[0.0683469,51.5442002],[0.0677605,51.5443249],[0.0673171,51.5444095],[0.0668841,51.5445054],[0.066452,51.5445836],[0.0662042,51.544623],[0.0659804,51.5446536],[0.0652106,51.5447391],[0.0647426,51.5447881],[0.0642937,51.5448434],[0.0639144,51.544899],[0.0636201,51.5449462],[0.063314,51.5449961],[0.0623314,51.5452218],[0.0612099,51.5454645],[0.0605292,51.5456273],[0.059731,51.5458114],[0.0588782,51.5460011],[0.0581782,51.5461564],[0.0575623,51.546293],[0.0567674,51.5464695],[0.0561166,51.5466154],[0.0548808,51.5468848],[0.0540864,51.5470592],[0.053536,51.5471871],[0.0529792,51.547315],[0.0521299,51.5475081],[0.0516907,51.5476074],[0.0510525,51.5477437],[0.0502813,51.547918],[0.0497926,51.5480253],[0.048878,51.548232],[0.0486752,51.5482768],[0.0475922,51.5485169],[0.0467916,51.5486949],[0.0459617,51.5488809],[0.0450812,51.5490777],[0.0444087,51.5492259],[0.043597,51.5494082],[0.0429773,51.5495327],[0.0424285,51.5496348],[0.041922,51.5497431],[0.0413853,51.5498368],[0.0408078,51.5499524],[0.0403512,51.5500206],[0.0398619,51.5500935],[0.0392857,51.5501537],[0.038774,51.5502061],[0.0384901,51.5502383],[0.0381445,51.5502837],[0.0379239,51.5503152],[0.0376644,51.550361],[0.0372849,51.5504344],[0.0368844,51.5505281],[0.0365878,51.5506085],[0.0362447,51.550713],[0.035838,51.5508496],[0.0352478,51.5510707],[0.034625,51.5513154],[0.0343926,51.5513976],[0.0341942,51.5514598],[0.0339816,51.5515177],[0.0337765,51.5515698],[0.0336148,51.5516061],[0.0333951,51.5516464],[0.0331581,51.5516905],[0.0330012,51.5517168],[0.0328745,51.5517323],[0.0325647,51.5517666],[0.0322574,51.5517883],[0.0319806,51.5518025],[0.0317228,51.5518054],[0.0314152,51.551801],[0.0308306,51.5517714],[0.0303472,51.5517334],[0.0300932,51.5517144],[0.0293815,51.5516644],[0.028667,51.5516394],[0.0277971,51.5516389],[0.0274986,51.5516402],[0.0270125,51.5516557],[0.0263219,51.5517183],[0.0259451,51.5517617],[0.0256206,51.5518096],[0.0253741,51.5518522],[0.0251656,51.5518918],[0.0249389,51.5519392],[0.0244269,51.5520443],[0.0238755,51.5522025],[0.023581,51.5522978],[0.023284,51.5523991],[0.0225315,51.5526974],[0.0222273,51.5528355],[0.0216105,51.5531725],[0.0213559,51.5533404],[0.0209093,51.5536552],[0.0205135,51.5540012],[0.0203397,51.5541641],[0.0199239,51.5545438],[0.0197481,51.5546975],[0.0194514,51.5549709],[0.0192529,51.5551577],[0.0184616,51.5558995],[0.0182641,51.5560853],[0.0176229,51.5566874],[0.0173743,51.5569184],[0.0169573,51.5572785],[0.0167376,51.5574353],[0.016429,51.5576582],[0.0147707,51.5587236],[0.0146189,51.5588365],[0.0140379,51.5592516],[0.0137285,51.559499],[0.0133668,51.559803],[0.0130795,51.5600639],[0.0128467,51.5602659],[0.0123856,51.560712],[0.011995,51.5611203],[0.0113527,51.5617142],[0.0110051,51.5620051],[0.0108164,51.5621547],[0.0106484,51.5622686],[0.0100501,51.5626736],[0.009422,51.563055],[0.0089353,51.5633069],[0.0084974,51.5635335],[0.0078247,51.5638332],[0.0076932,51.5638883],[0.00689,51.5642374],[0.005814,51.5646929],[0.0050704,51.5650112],[0.0047994,51.5651237],[0.0025323,51.5661147],[0.0019295,51.56635],[-0.0051887,51.5687858],[-0.0055294,51.5689024],[-0.0067102,51.5693031],[-0.0074845,51.5695691],[-0.0080463,51.5697645],[-0.0084573,51.5699145],[-0.0089572,51.5701071],[-0.0097743,51.5704369],[-0.0108899,51.5709814],[-0.0112443,51.5711647],[-0.0117522,51.5714273],[-0.0120695,51.5716148],[-0.0128409,51.5721124],[-0.01321,51.5723384],[-0.0142072,51.5730817],[-0.0148422,51.5736323],[-0.0151998,51.5739776],[-0.0169848,51.5758307],[-0.0171411,51.5759992],[-0.0200118,51.5789384],[-0.0206279,51.5795004],[-0.0207992,51.5796522],[-0.0212367,51.5799745],[-0.0217168,51.5803035],[-0.0223208,51.5806974],[-0.0226518,51.5808938],[-0.0229716,51.581078],[-0.0238914,51.5815798],[-0.0247237,51.5820476],[-0.0257128,51.5825757],[-0.0267114,51.5831198],[-0.0271338,51.5833349],[-0.0274224,51.5835064],[-0.0277817,51.583712],[-0.0280779,51.5838576],[-0.028782,51.584186],[-0.0294972,51.5845012],[-0.0300127,51.5847131],[-0.030832,51.5850106],[-0.0317619,51.5853173],[-0.0327065,51.5855938],[-0.0336488,51.585835],[-0.0343093,51.5859782],[-0.0349059,51.586087],[-0.0353338,51.5861643],[-0.0357807,51.5862375],[-0.0365672,51.5863467],[-0.0372339,51.5864337],[-0.037943,51.5865012],[-0.0387473,51.586548],[-0.039873,51.5865975],[-0.0406614,51.586607],[-0.0419387,51.5866056],[-0.0430436,51.5866038],[-0.0452495,51.5865351],[-0.0456602,51.5865124],[-0.0466334,51.5864281],[-0.0507576,51.5860249],[-0.0518409,51.5859085],[-0.052403,51.5858498],[-0.0535827,51.585709],[-0.0539142,51.5856784],[-0.0553026,51.5855239],[-0.0557675,51.5854657],[-0.0566534,51.5853212],[-0.0573158,51.5851902],[-0.0575698,51.5851334],[-0.0579622,51.5850416],[-0.0583367,51.5849491],[-0.0587146,51.5848482],[-0.0591265,51.5847279],[-0.0593362,51.5846604],[-0.0598826,51.5844767],[-0.0599767,51.5844418],[-0.060725,51.5841501],[-0.0608331,51.5841062],[-0.0609805,51.5840443],[-0.0611507,51.5839693],[-0.061364,51.5838741],[-0.0616038,51.5837644],[-0.0618377,51.5836517],[-0.0620221,51.5835573],[-0.062221,51.5834485],[-0.0629448,51.5830606],[-0.0631071,51.5829765],[-0.0632555,51.5829015],[-0.0634436,51.582809],[-0.0636702,51.5827005],[-0.0639294,51.5825824],[-0.0641432,51.5824897],[-0.0643824,51.5823924],[-0.0646953,51.582265],[-0.0649966,51.5821518],[-0.0652243,51.5820698],[-0.0654703,51.581984],[-0.0657769,51.5818815],[-0.0659851,51.5818162],[-0.0662712,51.581731],[-0.066517,51.5816597],[-0.0666329,51.5816267],[-0.0671713,51.5814826],[-0.0687906,51.5810488],[-0.0691622,51.5809491],[-0.0693964,51.5808847],[-0.0698061,51.5807736],[-0.0699874,51.5807299],[-0.0701374,51.5806931],[-0.0704481,51.5806235],[-0.0706669,51.5805844],[-0.070872,51.5805494],[-0.0711275,51.5805088],[-0.0712872,51.5804854],[-0.0715057,51.580454],[-0.0717701,51.5804197],[-0.0722558,51.5803607],[-0.0725318,51.5803271],[-0.0728457,51.5802877],[-0.0732412,51.5802434],[-0.0782857,51.5796709],[-0.0787367,51.5796235],[-0.0791582,51.579584],[-0.0794974,51.579555],[-0.0798068,51.5795298],[-0.0801103,51.5795077],[-0.0804924,51.5794817],[-0.0809738,51.5794425],[-0.083709,51.5792647],[-0.0868971,51.5789892],[-0.0871325,51.5789746],[-0.0894154,51.5788087],[-0.0905997,51.5787056],[-0.0917692,51.5785763],[-0.0926408,51.5784455],[-0.0935094,51.5782968],[-0.0943387,51.5781351],[-0.0951481,51.5779497],[-0.0953315,51.5779043],[-0.0959783,51.5777333],[-0.0973424,51.5773678],[-0.0982831,51.5771192],[-0.0985521,51.5770613],[-0.0988461,51.5769838],[-0.1012047,51.5763354],[-0.1019238,51.5761429],[-0.1020498,51.5761078],[-0.1021328,51.5760846],[-0.1029902,51.5758251],[-0.1038606,51.5756233],[-0.1045463,51.5754382],[-0.1057463,51.5750781],[-0.1065145,51.5748764],[-0.1069218,51.5747484],[-0.1072977,51.5746553],[-0.1091646,51.5741438],[-0.1099577,51.5739247],[-0.1118062,51.5734414],[-0.1129472,51.5731003],[-0.1143145,51.5726019],[-0.1155766,51.5720529],[-0.117175,51.5712624],[-0.1172859,51.5712075],[-0.1173362,51.5711825],[-0.1174204,51.5711409],[-0.1176507,51.5710268],[-0.1200419,51.5698091],[-0.1221823,51.5687446],[-0.1235421,51.5679886],[-0.1245614,51.5673078],[-0.1259857,51.5662504],[-0.1270241,51.5654553],[-0.129712,51.563398],[-0.1306589,51.5626721],[-0.1310409,51.562374],[-0.1316757,51.5618783],[-0.1322744,51.5614522],[-0.1328746,51.5610504],[-0.133282,51.5607923],[-0.1336854,51.5605518],[-0.1346338,51.5600291],[-0.1358144,51.5594456],[-0.1368041,51.559068],[-0.1380758,51.558578],[-0.1384388,51.5584581],[-0.1387993,51.5583334],[-0.1391562,51.5582029],[-0.1394814,51.5580817],[-0.1404654,51.5577082],[-0.1416671,51.5573125],[-0.1432315,51.5567631],[-0.1445053,51.5563373],[-0.1452765,51.5560721],[-0.145686,51.5559191],[-0.1459038,51.5558416],[-0.14603,51.5558006],[-0.1463252,51.5557092],[-0.1467608,51.5555809],[-0.1474327,51.5553898],[-0.1478314,51.5552995],[-0.1482794,51.5552293],[-0.1487394,51.5552034],[-0.1491955,51.5552051]],[[-0.1301078,51.5631984],[-0.1299204,51.5633433],[-0.1295491,51.5636303],[-0.1294873,51.5636781],[-0.1294656,51.5636673],[-0.1300861,51.5631876],[-0.1301078,51.5631984]],[[-0.1293582,51.5636208],[-0.1293733,51.5636092],[-0.1297348,51.5633305],[-0.1299907,51.5631333],[-0.130008,51.5631419],[-0.1293755,51.5636294],[-0.1293582,51.5636208]],[[-0.1173571,51.5712436],[-0.1172513,51.5712984],[-0.1166032,51.5716343],[-0.1165886,51.5716234],[-0.1173425,51.5712327],[-0.1173571,51.5712436]],[[-0.1172193,51.5712133],[-0.1171616,51.571242],[-0.116391,51.5716263],[-0.1163716,51.5716112],[-0.117015,51.5712905],[-0.1171999,51.5711983],[-0.1172193,51.5712133]],[[-0.0984035,51.5771484],[-0.0981781,51.5772099],[-0.0973897,51.577425],[-0.0973765,51.5774064],[-0.0983903,51.5771298],[-0.0984035,51.5771484]],[[-0.0973118,51.5773313],[-0.0981205,51.5771151],[-0.0983291,51.5770593],[-0.0983464,51.5770843],[-0.0973291,51.5773563],[-0.0973118,51.5773313]],[[-0.0722788,51.5804286],[-0.0721209,51.5804469],[-0.0720868,51.5804509],[-0.0719243,51.5804697],[-0.0719034,51.5804768],[-0.0718866,51.5804789],[-0.0718716,51.5804807],[-0.0718849,51.580519],[-0.0718053,51.5805297],[-0.071792,51.5804914],[-0.0717237,51.580496],[-0.0714897,51.5805279],[-0.0712044,51.5805703],[-0.0711949,51.5805468],[-0.0713083,51.5805291],[-0.0714808,51.5805042],[-0.0716957,51.580475],[-0.0719168,51.5804458],[-0.0722719,51.5804023],[-0.0722735,51.5804085],[-0.072276,51.5804177],[-0.0722788,51.5804286]],[[-0.0712315,51.580451],[-0.0713587,51.5804326],[-0.0713455,51.5803955],[-0.0715062,51.5803733],[-0.0715194,51.5804105],[-0.071577,51.5804029],[-0.0715681,51.5803763],[-0.0718276,51.5803429],[-0.0718478,51.5803403],[-0.0718734,51.5803371],[-0.0719093,51.5803317],[-0.0719129,51.5803424],[-0.0719149,51.5803481],[-0.0719177,51.5803563],[-0.0720189,51.5803439],[-0.0720206,51.5803489],[-0.0720862,51.5803409],[-0.072108,51.5803383],[-0.0723413,51.5803098],[-0.0723453,51.5803269],[-0.072347,51.5803339],[-0.0719183,51.580385],[-0.0717173,51.5804113],[-0.0712413,51.580478],[-0.0712315,51.580451]],[[-0.0419899,51.5865887],[-0.040768,51.5865917],[-0.0407679,51.5865654],[-0.0411366,51.5865645],[-0.0411366,51.5865533],[-0.0415568,51.5865522],[-0.0415569,51.5865616],[-0.0419897,51.5865605],[-0.0419899,51.5865887]],[[-0.0419874,51.5866442],[-0.0419876,51.5866732],[-0.0415559,51.5866743],[-0.041556,51.5866891],[-0.0411364,51.5866901],[-0.0411363,51.5866756],[-0.0407692,51.5866765],[-0.040769,51.5866472],[-0.0419874,51.5866442]],[[-0.0239528,51.5815734],[-0.0240432,51.5816225],[-0.0240512,51.5816168],[-0.0240991,51.5816428],[-0.0240762,51.5816591],[-0.0232831,51.5812283],[-0.0233057,51.5812123],[-0.0237727,51.581466],[-0.0239293,51.581551],[-0.0239605,51.581568],[-0.0239528,51.5815734]],[[-0.0238461,51.5816514],[-0.0238317,51.5816435],[-0.0236833,51.5815629],[-0.0236664,51.5815749],[-0.0236068,51.5815425],[-0.0236208,51.5815326],[-0.0236237,51.5815305],[-0.0231426,51.5812692],[-0.0229196,51.5811481],[-0.0229523,51.5811249],[-0.0240601,51.5817267],[-0.0240275,51.5817499],[-0.0239365,51.5817004],[-0.0239413,51.581697],[-0.0238509,51.581648],[-0.0238461,51.5816514]],[[-0.0075368,51.5695091],[-0.0075148,51.5695341],[-0.0075073,51.5695426],[-0.0074963,51.5695551],[-0.006721,51.5692908],[-0.0065158,51.569221],[-0.0065561,51.5691753],[-0.0075368,51.5695091]],[[-0.0073974,51.5696681],[-0.0066219,51.5694014],[-0.0066781,51.5693395],[-0.0074538,51.5696033],[-0.0074195,51.5696423],[-0.0073974,51.5696681]],[[0.0078001,51.563829],[0.0077611,51.5637952],[0.0084621,51.5634822],[0.0084732,51.5634918],[0.0084908,51.5635071],[0.0085011,51.563516],[0.0078001,51.563829]],[[0.0078463,51.5638742],[0.0078876,51.5639105],[0.0085922,51.5635996],[0.0085758,51.5635853],[0.0085508,51.5635634],[0.0078463,51.5638742]],[[0.0255756,51.5518592],[0.0253703,51.551898],[0.025373,51.5519389],[0.0254979,51.5519186],[0.0255035,51.5519319],[0.0257,51.5519059],[0.0256902,51.5518838],[0.0262045,51.5518162],[0.0268161,51.5517577],[0.0268009,51.5517205],[0.0264097,51.5517491],[0.025992,51.5517995],[0.0255756,51.5518592]],[[0.0255892,51.5517566],[0.0256206,51.5518096],[0.0258411,51.5517599],[0.0260825,51.5517271],[0.0263272,51.5516987],[0.0265646,51.551677],[0.0267644,51.551662],[0.0268802,51.5516552],[0.0269444,51.5516514],[0.026943,51.5516161],[0.0268773,51.551621],[0.0268476,51.5516232],[0.0268472,51.5516048],[0.0267162,51.5516149],[0.0265928,51.5516274],[0.0264514,51.5516406],[0.0263122,51.5516549],[0.0261605,51.5516752],[0.0260148,51.5516938],[0.0258748,51.551714],[0.025749,51.5517335],[0.0256277,51.5517509],[0.0255892,51.5517566]],[[0.0442565,51.5492061],[0.0442719,51.5492423],[0.045512,51.548969],[0.0454922,51.5489396],[0.0454871,51.548932],[0.0453512,51.5489633],[0.0452861,51.5489765],[0.0446665,51.5491123],[0.0445479,51.5491373],[0.0444699,51.549157],[0.0442965,51.5491945],[0.0442565,51.5492061]],[[0.044323,51.5492934],[0.0443463,51.5493315],[0.0445961,51.5492812],[0.044581,51.5492553],[0.0447239,51.5492231],[0.0447513,51.5492699],[0.0448766,51.5492424],[0.0449527,51.5492257],[0.0449438,51.5492099],[0.0450679,51.5491825],[0.0451595,51.5491622],[0.0453077,51.5491294],[0.0452867,51.5491011],[0.0455538,51.5490441],[0.0455418,51.5490236],[0.044323,51.5492934]],[[0.0792454,51.540118],[0.0807439,51.5393506],[0.0807801,51.5393779],[0.0806078,51.5394664],[0.0794062,51.5400834],[0.0781158,51.5407409],[0.0781039,51.5407323],[0.0789186,51.5402907],[0.0792454,51.540118]],[[0.0807101,51.5393252],[0.0805562,51.5394007],[0.0802956,51.5395287],[0.0793296,51.5400247],[0.0792076,51.5400894],[0.0788835,51.540267],[0.0780929,51.5407243],[0.0781039,51.5407323],[0.0789186,51.5402907],[0.0792454,51.540118],[0.0807439,51.5393506],[0.0807101,51.5393252]],[[0.1158682,51.5190144],[0.1158966,51.5190984],[0.1162407,51.520181],[0.1162812,51.5201758],[0.1159104,51.5190083],[0.1158823,51.5190124],[0.1158682,51.5190144]],[[0.1161822,51.5201891],[0.1161436,51.5201942],[0.1157679,51.519027],[0.1157959,51.5190235],[0.1158075,51.5190221],[0.1158373,51.5191055],[0.1161822,51.5201891]]]}},{"type":"Feature","properties":{"name":"Windrush"},"geometry":{"type":"MultiLineString","coordinates":[[[-0.0461481,51.4907551],[-0.0460319,51.4903466],[-0.0459939,51.4902171],[-0.045965,51.4901082],[-0.0459422,51.4900205],[-0.0459174,51.4899274],[-0.0458999,51.4898325],[-0.0458791,51.4896718],[-0.0458764,51.4895588],[-0.045875,51.4894166],[-0.0458818,51.4893092],[-0.0458893,51.4891859],[-0.0459554,51.4888771],[-0.0459937,51.4887375],[-0.0460464,51.4886075],[-0.046105,51.4884738],[-0.0461872,51.4883068],[-0.0463479,51.4880558],[-0.0464384,51.4879341],[-0.0465367,51.4878142],[-0.0466517,51.487692],[-0.0467637,51.4875674],[-0.0470747,51.4872514],[-0.0473815,51.4869611],[-0.0475409,51.4868116],[-0.0477261,51.4866409],[-0.0478003,51.486575],[-0.0480036,51.4863925],[-0.0483598,51.4860736],[-0.0485065,51.4859262],[-0.0487345,51.4856974],[-0.0488909,51.4855157],[-0.0489637,51.4854251],[-0.0490236,51.4853333],[-0.0491187,51.4851758],[-0.0491602,51.4850835],[-0.0491954,51.4849974],[-0.0492219,51.4849198],[-0.0492497,51.4848127],[-0.0492729,51.4847152],[-0.0493012,51.4845005],[-0.0493125,51.484249],[-0.0493265,51.4839285],[-0.0493403,51.4836068],[-0.0493567,51.4833236],[-0.0493653,51.4831943],[-0.0493862,51.482867],[-0.0493978,51.4827211],[-0.049419,51.4825935],[-0.049453,51.4824674],[-0.0494754,51.4823968],[-0.0495032,51.4823315],[-0.0495863,51.4821455],[-0.0496879,51.4819849],[-0.049806,51.4818305],[-0.0499235,51.4816987],[-0.0500883,51.4815475],[-0.0502276,51.4814356],[-0.0503075,51.4813758],[-0.0503937,51.4813178],[-0.0506103,51.481184],[-0.0507601,51.4811057],[-0.0509129,51.481034],[-0.0511796,51.4809201],[-0.0516347,51.4807473],[-0.0518847,51.4806525],[-0.051935,51.4806322],[-0.0521084,51.4805622],[-0.0523112,51.4804754],[-0.052528,51.4803661],[-0.0526202,51.4803155],[-0.052712,51.4802598],[-0.0528067,51.4801982],[-0.0528913,51.4801378],[-0.0529777,51.4800787],[-0.0530622,51.4800122],[-0.0531458,51.4799433],[-0.0532988,51.4797889],[-0.0534007,51.4796796],[-0.053538,51.4795214],[-0.0537337,51.4792379],[-0.0538023,51.4791591],[-0.0540252,51.4788387],[-0.0543734,51.47831],[-0.0548198,51.4776102],[-0.0549475,51.4773956],[-0.0550651,51.4772164],[-0.0553177,51.4767737],[-0.0554742,51.476568],[-0.0556475,51.4762804],[-0.0557317,51.4761523],[-0.0560059,51.4756874],[-0.0563979,51.4750482],[-0.0568925,51.4742485],[-0.0571211,51.4739028],[-0.0572073,51.4737772],[-0.0572978,51.4736434],[-0.0574249,51.4734931],[-0.0575589,51.4733326],[-0.0579166,51.4729286],[-0.0582564,51.4726202],[-0.0585396,51.4723985],[-0.058762,51.4722246],[-0.0590103,51.4720388],[-0.0591366,51.4719565],[-0.0592842,51.4718604],[-0.059488,51.4717372],[-0.0597609,51.4715903],[-0.0601263,51.4714229],[-0.0604806,51.4712631],[-0.0606752,51.4711815],[-0.0609821,51.4710586],[-0.0612789,51.4709549],[-0.0615644,51.4708625],[-0.0618275,51.4707861],[-0.0620335,51.4707307],[-0.0626172,51.470589],[-0.0631811,51.4704734],[-0.0637346,51.4703842],[-0.06396,51.4703563],[-0.0643336,51.4703206],[-0.0647039,51.4702904],[-0.0652082,51.4702656],[-0.066159,51.470238],[-0.0666153,51.4702129],[-0.0671239,51.4701705],[-0.0677647,51.4700917],[-0.0682914,51.4700066],[-0.0684027,51.4699844],[-0.0686092,51.4699287],[-0.0689566,51.4698514],[-0.0693066,51.4697676],[-0.0703864,51.4694495],[-0.0707805,51.4693418],[-0.0712082,51.4692413],[-0.0715207,51.4691814],[-0.0717731,51.469133],[-0.0721819,51.4690782],[-0.072768,51.4690113],[-0.0732092,51.4689703],[-0.0737618,51.4689385],[-0.0739385,51.4689265],[-0.0743196,51.4689265],[-0.0745279,51.468931],[-0.0747121,51.4689349],[-0.0753426,51.4689399],[-0.0758821,51.4689538],[-0.076832,51.4690299],[-0.0772527,51.4690831],[-0.0776243,51.4691373],[-0.0781489,51.4692242],[-0.0787666,51.4693256],[-0.0793625,51.4694089],[-0.0798464,51.4694578],[-0.0802897,51.4694967],[-0.080624,51.4695121],[-0.0809786,51.4695311],[-0.0812882,51.469542],[-0.0817779,51.4695365],[-0.0821776,51.4695302],[-0.0824973,51.469513],[-0.0830249,51.4694686],[-0.0834914,51.469427],[-0.0840946,51.46935],[-0.0847675,51.4692405],[-0.0854491,51.4691137],[-0.0862895,51.4689267],[-0.0870375,51.4687434],[-0.088172,51.4684108],[-0.0890057,51.4681607],[-0.089482,51.4680159],[-0.0897735,51.4679313],[-0.0901397,51.4678251],[-0.0903233,51.4677718],[-0.0909201,51.4675934],[-0.0917042,51.4673681],[-0.0924562,51.4671564],[-0.0932007,51.4669385],[-0.0937248,51.4667829],[-0.0942827,51.4666113],[-0.0952043,51.4663468],[-0.0955122,51.466243],[-0.0960253,51.4660877],[-0.0965155,51.4659538],[-0.0970213,51.4658217],[-0.0974901,51.4657184],[-0.0980427,51.4656018],[-0.0984063,51.4655267],[-0.0988576,51.4654349],[-0.0993265,51.4653476],[-0.099726,51.4652808],[-0.10009,51.4652259],[-0.1004627,51.4651786],[-0.1008936,51.465129],[-0.1010504,51.4651081],[-0.1014279,51.4650593],[-0.1018253,51.465022],[-0.1021993,51.4649815],[-0.102668,51.4649154],[-0.1028572,51.4648868],[-0.1031387,51.464835],[-0.1031782,51.4648262],[-0.1035854,51.4647355],[-0.1041401,51.4645788],[-0.1045738,51.4644389],[-0.1048543,51.4643434],[-0.1051902,51.4642213],[-0.1054765,51.4641153],[-0.1058331,51.4639834],[-0.1061582,51.4638815],[-0.1065568,51.4637648],[-0.107013,51.4636537],[-0.1075068,51.4635657],[-0.1079471,51.4634787],[-0.1082245,51.4634358],[-0.1087066,51.4633771],[-0.1090453,51.4633356],[-0.1093954,51.4632867],[-0.1097125,51.4632274],[-0.1099782,51.4631675],[-0.110318,51.4630823],[-0.1107252,51.4629744],[-0.1109934,51.462905],[-0.1113446,51.4628379],[-0.1116673,51.462797],[-0.1119798,51.462758],[-0.1122005,51.4627372],[-0.1124099,51.4627252],[-0.1126039,51.462716],[-0.1129437,51.4627092],[-0.1132033,51.4627144],[-0.1135168,51.4627322],[-0.1139483,51.4627739],[-0.1143187,51.4628229],[-0.1145989,51.4628746],[-0.1148796,51.4629333],[-0.1151611,51.4629998],[-0.1154052,51.4630681],[-0.1156578,51.46315],[-0.1158723,51.4632297],[-0.115999,51.4632749],[-0.1163262,51.4633912],[-0.1166963,51.4635015],[-0.1170318,51.4635795],[-0.1173132,51.463635],[-0.1175458,51.4636728],[-0.1179796,51.4637377],[-0.1183182,51.463765],[-0.1186121,51.4637751],[-0.1189978,51.4637817],[-0.1192181,51.4637771],[-0.1196357,51.463759],[-0.1202852,51.4637006],[-0.1205194,51.4636753],[-0.1207576,51.4636563],[-0.1211527,51.4636147],[-0.1215281,51.4635755],[-0.1217625,51.4635497],[-0.122098,51.463515],[-0.1223745,51.4634868],[-0.122661,51.4634546],[-0.1231032,51.4634095],[-0.1236164,51.4633564],[-0.123954,51.4633152],[-0.1243075,51.4632893],[-0.1248175,51.4632756],[-0.1254324,51.4632798],[-0.1257867,51.4632949],[-0.1262067,51.4633189],[-0.1266557,51.4633651],[-0.1271297,51.4634334],[-0.1277263,51.4635468],[-0.1281046,51.4636299],[-0.1285383,51.463745],[-0.1286846,51.4637853],[-0.1290359,51.4638938],[-0.1292269,51.4639612],[-0.1294882,51.4640575],[-0.1295828,51.464093],[-0.1299208,51.4642369],[-0.1301494,51.4643379],[-0.1303676,51.4644395],[-0.1305249,51.4645179],[-0.1307216,51.4646194],[-0.1308518,51.4646898],[-0.1311218,51.4648385],[-0.1313802,51.4649773],[-0.1316743,51.4651362],[-0.1321463,51.4653896],[-0.1326021,51.4656351],[-0.1335361,51.4661371],[-0.1338115,51.4662874],[-0.1338302,51.4662981],[-0.1341934,51.4665064],[-0.1344661,51.4666711],[-0.1347526,51.4668522],[-0.1349666,51.4669972],[-0.1352278,51.4671779],[-0.1355358,51.4673936],[-0.135733,51.467535],[-0.1362106,51.4678908],[-0.1364914,51.4681113],[-0.1366684,51.4682589],[-0.1369055,51.46846],[-0.1371625,51.4686783],[-0.1373238,51.4688345],[-0.1375805,51.4690829],[-0.1378191,51.4693226],[-0.1382417,51.4697447],[-0.138297,51.4698007],[-0.1386836,51.4701889],[-0.138878,51.4703861],[-0.1390068,51.4705162],[-0.1391771,51.4706875],[-0.1394635,51.4709803],[-0.1395929,51.4711126],[-0.1398772,51.4713893],[-0.1401319,51.4716409],[-0.1402821,51.4717753],[-0.1404808,51.4719273],[-0.1406691,51.4720511],[-0.1411059,51.4722709],[-0.1416134,51.4725178],[-0.1417388,51.4725789],[-0.1420021,51.472707],[-0.1427795,51.4730964],[-0.1431036,51.4732426],[-0.1433854,51.4733695],[-0.1437824,51.4734975],[-0.1441894,51.4735943],[-0.1444247,51.4736463],[-0.1447066,51.4736966],[-0.1449988,51.4737133],[-0.1453569,51.4737402],[-0.1457209,51.473749],[-0.1460784,51.4737476],[-0.1467168,51.4737243],[-0.147166,51.4736994],[-0.14762,51.4736412],[-0.147851,51.4735946],[-0.1483724,51.4734804],[-0.1491894,51.4732751],[-0.1494526,51.4732009],[-0.1497039,51.4731116],[-0.1499115,51.4730253],[-0.1500787,51.4729466],[-0.1503296,51.4728086],[-0.1506129,51.4726332],[-0.1509598,51.472386],[-0.1510711,51.472303],[-0.1515135,51.471971],[-0.1517897,51.4717868],[-0.1520199,51.4716464],[-0.1525979,51.4713097],[-0.1533399,51.4708884],[-0.1539723,51.4705611],[-0.1545638,51.4702945],[-0.1549305,51.4701485],[-0.1552612,51.4700272],[-0.1556559,51.4698977],[-0.1558838,51.4698332],[-0.1561475,51.4697641],[-0.1563513,51.4697186],[-0.1565805,51.4696734],[-0.1567898,51.4696369],[-0.1570487,51.4696037],[-0.1572741,51.4695838],[-0.1575355,51.4695656],[-0.1578895,51.4695513],[-0.1582047,51.469545],[-0.1583326,51.4695489],[-0.1584313,51.4695524],[-0.1585292,51.4695601],[-0.1592684,51.469591],[-0.1599026,51.4695967],[-0.1599416,51.469595],[-0.1600285,51.4695892],[-0.1601933,51.4695753],[-0.1603548,51.4695557],[-0.1605734,51.4695201],[-0.1607965,51.4694761],[-0.161041,51.469423],[-0.1612618,51.4693678],[-0.1614356,51.4693203],[-0.1616027,51.4692659],[-0.1618169,51.4691911],[-0.1620142,51.4691143],[-0.1621867,51.4690483],[-0.16238,51.4689603],[-0.1625496,51.4688722],[-0.1626979,51.4687906],[-0.1628585,51.4686811],[-0.1630386,51.4685601],[-0.1632026,51.4684343],[-0.1633491,51.46832],[-0.1635052,51.468196],[-0.1636747,51.4680587],[-0.163797,51.4679665],[-0.163942,51.4678693],[-0.1640549,51.4678024],[-0.1640642,51.4677972],[-0.1643084,51.4676611],[-0.1644943,51.4675666],[-0.164843,51.4674066],[-0.1653145,51.4672025],[-0.1656322,51.4670632],[-0.1660636,51.4668743],[-0.1662399,51.4667971],[-0.1665296,51.4666734],[-0.166697,51.4665992],[-0.1668553,51.4665316],[-0.1669074,51.4665089],[-0.1671121,51.4664199],[-0.1672773,51.4663476],[-0.167484,51.4662572],[-0.1676205,51.466198],[-0.1677209,51.4661544],[-0.16794,51.466062],[-0.168022,51.4660269],[-0.1683418,51.4658896],[-0.1685211,51.4658117],[-0.1686695,51.4657531],[-0.1687981,51.4657062],[-0.1689434,51.465653],[-0.1689797,51.4656388],[-0.1691875,51.4655669],[-0.1694819,51.4654793],[-0.169648,51.465429],[-0.169876,51.4653552],[-0.1701294,51.4652835],[-0.1705025,51.4651835],[-0.1709131,51.4650759],[-0.171326,51.4649711],[-0.1714743,51.4649359],[-0.1716359,51.4648939],[-0.1718684,51.4648297],[-0.1719674,51.4648003]],[[-0.1039923,51.5460045],[-0.1047173,51.5458379]],[[-0.1039923,51.5460045],[-0.1047173,51.5458379]],[[-0.1039923,51.5460045],[-0.1047173,51.5458379]],[[-0.1039923,51.5460045],[-0.1047173,51.5458379]],[[-0.1039923,51.5460045],[-0.1047173,51.5458379]],[[-0.1039923,51.5460045],[-0.1047173,51.5458379]],[[-0.1025987,51.5463197],[-0.1039923,51.5460045]],[[-0.1025987,51.5463197],[-0.1039923,51.5460045]],[[-0.1025987,51.5463197],[-0.1039923,51.5460045]],[[-0.1025987,51.5463197],[-0.1039923,51.5460045]],[[-0.1025987,51.5463197],[-0.1039923,51.5460045]],[[-0.1025987,51.5463197],[-0.1039923,51.5460045]],[[-0.1009558,51.5466757],[-0.1016316,51.5465291],[-0.1025987,51.5463197]],[[-0.1009558,51.5466757],[-0.1016316,51.5465291],[-0.1025987,51.5463197]],[[-0.1009558,51.5466757],[-0.1016316,51.5465291],[-0.1025987,51.5463197]],[[-0.1009558,51.5466757],[-0.1016316,51.5465291],[-0.1025987,51.5463197]],[[-0.1009558,51.5466757],[-0.1016316,51.5465291],[-0.1025987,51.5463197]],[[-0.1009558,51.5466757],[-0.1016316,51.5465291],[-0.1025987,51.5463197]],[[-0.0987025,51.5471848],[-0.1009558,51.5466757]],[[-0.0987025,51.5471848],[-0.1009558,51.5466757]],[[-0.0987025,51.5471848],[-0.1009558,51.5466757]],[[-0.1009558,51.5466757],[-0.1001544,51.5468857]],[[-0.1009558,51.5466757],[-0.1001544,51.5468857]],[[-0.1009558,51.5466757],[-0.1001544,51.5468857]],[[-0.1001544,51.5468857],[-0.0996195,51.5470033]],[[-0.1001544,51.5468857],[-0.0996195,51.5470033]],[[-0.1001544,51.5468857],[-0.0996195,51.5470033]],[[-0.0996195,51.5470033],[-0.0987159,51.5472125],[-0.094301,51.5481878],[-0.0937719,51.548305],[-0.0935621,51.5483515],[-0.0930697,51.5484515],[-0.0925716,51.5485437],[-0.0923054,51.548587],[-0.0920406,51.54863]],[[-0.0996195,51.5470033],[-0.0987159,51.5472125],[-0.094301,51.5481878],[-0.0937719,51.548305],[-0.0935621,51.5483515],[-0.0930697,51.5484515],[-0.0925716,51.5485437],[-0.0923054,51.548587],[-0.0920406,51.54863]],[[-0.0996195,51.5470033],[-0.0987159,51.5472125],[-0.094301,51.5481878],[-0.0937719,51.548305],[-0.0935621,51.5483515],[-0.0930697,51.5484515],[-0.0925716,51.5485437],[-0.0923054,51.548587],[-0.0920406,51.54863]],[[-0.0920362,51.5486001],[-0.0925592,51.5485142],[-0.0930545,51.5484223],[-0.0935476,51.5483232],[-0.0937306,51.5482831],[-0.0942874,51.5481613],[-0.0987025,51.5471848]],[[-0.0920362,51.5486001],[-0.0925592,51.5485142],[-0.0930545,51.5484223],[-0.0935476,51.5483232],[-0.0937306,51.5482831],[-0.0942874,51.5481613],[-0.0987025,51.5471848]],[[-0.0920362,51.5486001],[-0.0925592,51.5485142],[-0.0930545,51.5484223],[-0.0935476,51.5483232],[-0.0937306,51.5482831],[-0.0942874,51.5481613],[-0.0987025,51.5471848]],[[-0.0920406,51.54863],[-0.0916295,51.5486755]],[[-0.0920406,51.54863],[-0.0916295,51.5486755]],[[-0.0920406,51.54863],[-0.0916295,51.5486755]],[[-0.0916453,51.5486399],[-0.0920362,51.5486001]],[[-0.0916453,51.5486399],[-0.0920362,51.5486001]],[[-0.0916453,51.5486399],[-0.0920362,51.5486001]],[[-0.0786477,51.5483295],[-0.0790891,51.5483652],[-0.0804493,51.5484658],[-0.0826553,51.5485993],[-0.083295,51.5486489],[-0.0839142,51.5487098],[-0.0850272,51.5488124],[-0.0856057,51.5488554],[-0.086374,51.5488986],[-0.0870038,51.5489128],[-0.0880374,51.548924],[-0.0891063,51.5488901],[-0.0900062,51.5488268],[-0.0911391,51.5486973],[-0.0916453,51.5486399]],[[-0.0786477,51.5483295],[-0.0790891,51.5483652],[-0.0804493,51.5484658],[-0.0826553,51.5485993],[-0.083295,51.5486489],[-0.0839142,51.5487098],[-0.0850272,51.5488124],[-0.0856057,51.5488554],[-0.086374,51.5488986],[-0.0870038,51.5489128],[-0.0880374,51.548924],[-0.0891063,51.5488901],[-0.0900062,51.5488268],[-0.0911391,51.5486973],[-0.0916453,51.5486399]],[[-0.0786477,51.5483295],[-0.0790891,51.5483652],[-0.0804493,51.5484658],[-0.0826553,51.5485993],[-0.083295,51.5486489],[-0.0839142,51.5487098],[-0.0850272,51.5488124],[-0.0856057,51.5488554],[-0.086374,51.5488986],[-0.0870038,51.5489128],[-0.0880374,51.548924],[-0.0891063,51.5488901],[-0.0900062,51.5488268],[-0.0911391,51.5486973],[-0.0916453,51.5486399]],[[-0.0916295,51.5486755],[-0.0911487,51.5487433],[-0.0900142,51.5488585],[-0.0891076,51.5489205],[-0.0880374,51.5489556],[-0.0869958,51.5489441],[-0.0863689,51.5489276],[-0.0856083,51.5488866],[-0.085019,51.5488421],[-0.083908,51.5487383],[-0.0832877,51.548679],[-0.0826491,51.5486303],[-0.0804438,51.5484958],[-0.0790838,51.5483937],[-0.07864,51.5483594]],[[-0.0916295,51.5486755],[-0.0911487,51.5487433],[-0.0900142,51.5488585],[-0.0891076,51.5489205],[-0.0880374,51.5489556],[-0.0869958,51.5489441],[-0.0863689,51.5489276],[-0.0856083,51.5488866],[-0.085019,51.5488421],[-0.083908,51.5487383],[-0.0832877,51.548679],[-0.0826491,51.5486303],[-0.0804438,51.5484958],[-0.0790838,51.5483937],[-0.07864,51.5483594]],[[-0.0916295,51.5486755],[-0.0911487,51.5487433],[-0.0900142,51.5488585],[-0.0891076,51.5489205],[-0.0880374,51.5489556],[-0.0869958,51.5489441],[-0.0863689,51.5489276],[-0.0856083,51.5488866],[-0.085019,51.5488421],[-0.083908,51.5487383],[-0.0832877,51.548679],[-0.0826491,51.5486303],[-0.0804438,51.5484958],[-0.0790838,51.5483937],[-0.07864,51.5483594]],[[-0.0787673,51.5260577],[-0.0787751,51.5263889],[-0.0787801,51.5266201],[-0.0787673,51.5269009],[-0.0787522,51.527055],[-0.0787289,51.5271794],[-0.0786798,51.5273326],[-0.0786519,51.5274267],[-0.0786195,51.5275091],[-0.0785399,51.5276613],[-0.0784641,51.527801],[-0.0783529,51.5279622],[-0.0782491,51.5281062],[-0.0781089,51.5282735],[-0.0779036,51.5284849],[-0.0777772,51.5286061],[-0.0776462,51.5287145],[-0.0775867,51.5287635],[-0.0774908,51.5288417],[-0.0773166,51.5289738],[-0.077078,51.5291446],[-0.0768602,51.5293052],[-0.0767066,51.5294346],[-0.0765476,51.5295749],[-0.0764332,51.5296894],[-0.0763025,51.5298276],[-0.0761816,51.5299651],[-0.0760596,51.5301291],[-0.0759845,51.5302504],[-0.0758669,51.5304706],[-0.0758192,51.530581],[-0.0757875,51.530668],[-0.0757512,51.5307823],[-0.0757273,51.5308799],[-0.0757083,51.5309752],[-0.0756882,51.5311394],[-0.0756806,51.5312471],[-0.0756773,51.5315283],[-0.075686,51.531862],[-0.0756921,51.5320751],[-0.0757046,51.5324274],[-0.0757144,51.5327736],[-0.0757253,51.5330989],[-0.0757372,51.5333787],[-0.075746,51.5337215],[-0.0757364,51.5339975],[-0.0757662,51.5349393],[-0.0757771,51.5355921],[-0.0757598,51.5359693],[-0.0757697,51.53622]],[[-0.0787673,51.5260577],[-0.0787751,51.5263889],[-0.0787801,51.5266201],[-0.0787673,51.5269009],[-0.0787522,51.527055],[-0.0787289,51.5271794],[-0.0786798,51.5273326],[-0.0786519,51.5274267],[-0.0786195,51.5275091],[-0.0785399,51.5276613],[-0.0784641,51.527801],[-0.0783529,51.5279622],[-0.0782491,51.5281062],[-0.0781089,51.5282735],[-0.0779036,51.5284849],[-0.0777772,51.5286061],[-0.0776462,51.5287145],[-0.0775867,51.5287635],[-0.0774908,51.5288417],[-0.0773166,51.5289738],[-0.077078,51.5291446],[-0.0768602,51.5293052],[-0.0767066,51.5294346],[-0.0765476,51.5295749],[-0.0764332,51.5296894],[-0.0763025,51.5298276],[-0.0761816,51.5299651],[-0.0760596,51.5301291],[-0.0759845,51.5302504],[-0.0758669,51.5304706],[-0.0758192,51.530581],[-0.0757875,51.530668],[-0.0757512,51.5307823],[-0.0757273,51.5308799],[-0.0757083,51.5309752],[-0.0756882,51.5311394],[-0.0756806,51.5312471],[-0.0756773,51.5315283],[-0.075686,51.531862],[-0.0756921,51.5320751],[-0.0757046,51.5324274],[-0.0757144,51.5327736],[-0.0757253,51.5330989],[-0.0757372,51.5333787],[-0.075746,51.5337215],[-0.0757364,51.5339975],[-0.0757662,51.5349393],[-0.0757771,51.5355921],[-0.0757598,51.5359693],[-0.0757697,51.53622]],[[-0.0787673,51.5260577],[-0.0787751,51.5263889],[-0.0787801,51.5266201],[-0.0787673,51.5269009],[-0.0787522,51.527055],[-0.0787289,51.5271794],[-0.0786798,51.5273326],[-0.0786519,51.5274267],[-0.0786195,51.5275091],[-0.0785399,51.5276613],[-0.0784641,51.527801],[-0.0783529,51.5279622],[-0.0782491,51.5281062],[-0.0781089,51.5282735],[-0.0779036,51.5284849],[-0.0777772,51.5286061],[-0.0776462,51.5287145],[-0.0775867,51.5287635],[-0.0774908,51.5288417],[-0.0773166,51.5289738],[-0.077078,51.5291446],[-0.0768602,51.5293052],[-0.0767066,51.5294346],[-0.0765476,51.5295749],[-0.0764332,51.5296894],[-0.0763025,51.5298276],[-0.0761816,51.5299651],[-0.0760596,51.5301291],[-0.0759845,51.5302504],[-0.0758669,51.5304706],[-0.0758192,51.530581],[-0.0757875,51.530668],[-0.0757512,51.5307823],[-0.0757273,51.5308799],[-0.0757083,51.5309752],[-0.0756882,51.5311394],[-0.0756806,51.5312471],[-0.0756773,51.5315283],[-0.075686,51.531862],[-0.0756921,51.5320751],[-0.0757046,51.5324274],[-0.0757144,51.5327736],[-0.0757253,51.5330989],[-0.0757372,51.5333787],[-0.075746,51.5337215],[-0.0757364,51.5339975],[-0.0757662,51.5349393],[-0.0757771,51.5355921],[-0.0757598,51.5359693],[-0.0757697,51.53622]],[[-0.0787528,51.5248737],[-0.07875,51.5249554],[-0.0787536,51.5253067],[-0.0787597,51.5255894],[-0.0787653,51.5259308],[-0.0787673,51.5260577]],[[-0.0787528,51.5248737],[-0.07875,51.5249554],[-0.0787536,51.5253067],[-0.0787597,51.5255894],[-0.0787653,51.5259308],[-0.0787673,51.5260577]],[[-0.0787528,51.5248737],[-0.07875,51.5249554],[-0.0787536,51.5253067],[-0.0787597,51.5255894],[-0.0787653,51.5259308],[-0.0787673,51.5260577]],[[-0.0786792,51.5245716],[-0.0787227,51.5246828],[-0.078749,51.5248453],[-0.0787528,51.5248737]],[[-0.0786792,51.5245716],[-0.0787227,51.5246828],[-0.078749,51.5248453],[-0.0787528,51.5248737]],[[-0.0786792,51.5245716],[-0.0787227,51.5246828],[-0.078749,51.5248453],[-0.0787528,51.5248737]],[[-0.0757178,51.5362187],[-0.075722,51.5355928],[-0.0757097,51.53494],[-0.075682,51.5340002],[-0.0756943,51.5337688],[-0.075682,51.5334509],[-0.0756772,51.533128],[-0.0756442,51.5324014],[-0.0756371,51.5320768],[-0.0756285,51.5316576],[-0.0756251,51.531472],[-0.0756229,51.5312351],[-0.0756308,51.5311367],[-0.0756564,51.5309696],[-0.0756759,51.5308721],[-0.0757003,51.5307782],[-0.0757352,51.5306658],[-0.0757646,51.5305798],[-0.075808,51.5304782],[-0.0758805,51.5303253],[-0.0759457,51.5302099],[-0.0760016,51.5301193],[-0.0760839,51.5300102],[-0.076184,51.5298854],[-0.0762786,51.5297801],[-0.0763645,51.5296864],[-0.0765245,51.5295367],[-0.0766791,51.5293985],[-0.0769768,51.5291631],[-0.0772947,51.5289167],[-0.0774969,51.5287458],[-0.0776615,51.5286113],[-0.0777848,51.5284968],[-0.0779549,51.5283335],[-0.0780903,51.5281557],[-0.0782206,51.5279377],[-0.0783128,51.5278006],[-0.0784118,51.527624],[-0.0785019,51.5274315],[-0.078559,51.5272941],[-0.0786061,51.5271315],[-0.0786528,51.5269484],[-0.0786833,51.5267359],[-0.0786994,51.5265353],[-0.0787039,51.526362],[-0.0787019,51.5260517]],[[-0.0757178,51.5362187],[-0.075722,51.5355928],[-0.0757097,51.53494],[-0.075682,51.5340002],[-0.0756943,51.5337688],[-0.075682,51.5334509],[-0.0756772,51.533128],[-0.0756442,51.5324014],[-0.0756371,51.5320768],[-0.0756285,51.5316576],[-0.0756251,51.531472],[-0.0756229,51.5312351],[-0.0756308,51.5311367],[-0.0756564,51.5309696],[-0.0756759,51.5308721],[-0.0757003,51.5307782],[-0.0757352,51.5306658],[-0.0757646,51.5305798],[-0.075808,51.5304782],[-0.0758805,51.5303253],[-0.0759457,51.5302099],[-0.0760016,51.5301193],[-0.0760839,51.5300102],[-0.076184,51.5298854],[-0.0762786,51.5297801],[-0.0763645,51.5296864],[-0.0765245,51.5295367],[-0.0766791,51.5293985],[-0.0769768,51.5291631],[-0.0772947,51.5289167],[-0.0774969,51.5287458],[-0.0776615,51.5286113],[-0.0777848,51.5284968],[-0.0779549,51.5283335],[-0.0780903,51.5281557],[-0.0782206,51.5279377],[-0.0783128,51.5278006],[-0.0784118,51.527624],[-0.0785019,51.5274315],[-0.078559,51.5272941],[-0.0786061,51.5271315],[-0.0786528,51.5269484],[-0.0786833,51.5267359],[-0.0786994,51.5265353],[-0.0787039,51.526362],[-0.0787019,51.5260517]],[[-0.0757178,51.5362187],[-0.075722,51.5355928],[-0.0757097,51.53494],[-0.075682,51.5340002],[-0.0756943,51.5337688],[-0.075682,51.5334509],[-0.0756772,51.533128],[-0.0756442,51.5324014],[-0.0756371,51.5320768],[-0.0756285,51.5316576],[-0.0756251,51.531472],[-0.0756229,51.5312351],[-0.0756308,51.5311367],[-0.0756564,51.5309696],[-0.0756759,51.5308721],[-0.0757003,51.5307782],[-0.0757352,51.5306658],[-0.0757646,51.5305798],[-0.075808,51.5304782],[-0.0758805,51.5303253],[-0.0759457,51.5302099],[-0.0760016,51.5301193],[-0.0760839,51.5300102],[-0.076184,51.5298854],[-0.0762786,51.5297801],[-0.0763645,51.5296864],[-0.0765245,51.5295367],[-0.0766791,51.5293985],[-0.0769768,51.5291631],[-0.0772947,51.5289167],[-0.0774969,51.5287458],[-0.0776615,51.5286113],[-0.0777848,51.5284968],[-0.0779549,51.5283335],[-0.0780903,51.5281557],[-0.0782206,51.5279377],[-0.0783128,51.5278006],[-0.0784118,51.527624],[-0.0785019,51.5274315],[-0.078559,51.5272941],[-0.0786061,51.5271315],[-0.0786528,51.5269484],[-0.0786833,51.5267359],[-0.0786994,51.5265353],[-0.0787039,51.526362],[-0.0787019,51.5260517]],[[-0.0787019,51.5260517],[-0.0787012,51.5255922],[-0.0786956,51.5253126],[-0.0786997,51.5250386]],[[-0.0787019,51.5260517],[-0.0787012,51.5255922],[-0.0786956,51.5253126],[-0.0786997,51.5250386]],[[-0.0787019,51.5260517],[-0.0787012,51.5255922],[-0.0786956,51.5253126],[-0.0786997,51.5250386]],[[-0.0786997,51.5250386],[-0.0786914,51.5248498],[-0.0786672,51.5247036],[-0.0786249,51.5245751]],[[-0.0786997,51.5250386],[-0.0786914,51.5248498],[-0.0786672,51.5247036],[-0.0786249,51.5245751]],[[-0.0786997,51.5250386],[-0.0786914,51.5248498],[-0.0786672,51.5247036],[-0.0786249,51.5245751]],[[-0.0775598,51.5235497],[-0.0777195,51.5236199],[-0.0778693,51.5236987],[-0.0780005,51.5237785],[-0.0781204,51.523865],[-0.0782464,51.5239677],[-0.078359,51.5240763],[-0.0784586,51.5241912],[-0.0785432,51.5243107],[-0.0786137,51.5244367],[-0.0786792,51.5245716]],[[-0.0775598,51.5235497],[-0.0777195,51.5236199],[-0.0778693,51.5236987],[-0.0780005,51.5237785],[-0.0781204,51.523865],[-0.0782464,51.5239677],[-0.078359,51.5240763],[-0.0784586,51.5241912],[-0.0785432,51.5243107],[-0.0786137,51.5244367],[-0.0786792,51.5245716]],[[-0.0775598,51.5235497],[-0.0777195,51.5236199],[-0.0778693,51.5236987],[-0.0780005,51.5237785],[-0.0781204,51.523865],[-0.0782464,51.5239677],[-0.078359,51.5240763],[-0.0784586,51.5241912],[-0.0785432,51.5243107],[-0.0786137,51.5244367],[-0.0786792,51.5245716]],[[-0.0767601,51.5478803],[-0.0768994,51.5479388],[-0.0770404,51.5479953],[-0.0771931,51.5480495],[-0.0773491,51.5480992],[-0.0776595,51.5481827],[-0.0778998,51.5482351],[-0.0781423,51.5482768],[-0.0783921,51.5483096],[-0.0786477,51.5483295]],[[-0.0767601,51.5478803],[-0.0768994,51.5479388],[-0.0770404,51.5479953],[-0.0771931,51.5480495],[-0.0773491,51.5480992],[-0.0776595,51.5481827],[-0.0778998,51.5482351],[-0.0781423,51.5482768],[-0.0783921,51.5483096],[-0.0786477,51.5483295]],[[-0.0767601,51.5478803],[-0.0768994,51.5479388],[-0.0770404,51.5479953],[-0.0771931,51.5480495],[-0.0773491,51.5480992],[-0.0776595,51.5481827],[-0.0778998,51.5482351],[-0.0781423,51.5482768],[-0.0783921,51.5483096],[-0.0786477,51.5483295]],[[-0.07864,51.5483594],[-0.0783823,51.5483402],[-0.0781305,51.5483089],[-0.0778836,51.5482672],[-0.0776399,51.5482155],[-0.0773226,51.5481325],[-0.077163,51.5480812],[-0.0770073,51.5480256],[-0.0768647,51.5479708],[-0.0767258,51.5479124]],[[-0.07864,51.5483594],[-0.0783823,51.5483402],[-0.0781305,51.5483089],[-0.0778836,51.5482672],[-0.0776399,51.5482155],[-0.0773226,51.5481325],[-0.077163,51.5480812],[-0.0770073,51.5480256],[-0.0768647,51.5479708],[-0.0767258,51.5479124]],[[-0.07864,51.5483594],[-0.0783823,51.5483402],[-0.0781305,51.5483089],[-0.0778836,51.5482672],[-0.0776399,51.5482155],[-0.0773226,51.5481325],[-0.077163,51.5480812],[-0.0770073,51.5480256],[-0.0768647,51.5479708],[-0.0767258,51.5479124]],[[-0.0786249,51.5245751],[-0.0785652,51.5244439],[-0.0784965,51.5243221],[-0.0784134,51.5242053],[-0.0783158,51.5240929],[-0.0782048,51.5239863],[-0.0780808,51.5238854],[-0.0779623,51.5238013],[-0.0778337,51.523723],[-0.0776931,51.5236489],[-0.0775434,51.5235829]],[[-0.0786249,51.5245751],[-0.0785652,51.5244439],[-0.0784965,51.5243221],[-0.0784134,51.5242053],[-0.0783158,51.5240929],[-0.0782048,51.5239863],[-0.0780808,51.5238854],[-0.0779623,51.5238013],[-0.0778337,51.523723],[-0.0776931,51.5236489],[-0.0775434,51.5235829]],[[-0.0786249,51.5245751],[-0.0785652,51.5244439],[-0.0784965,51.5243221],[-0.0784134,51.5242053],[-0.0783158,51.5240929],[-0.0782048,51.5239863],[-0.0780808,51.5238854],[-0.0779623,51.5238013],[-0.0778337,51.523723],[-0.0776931,51.5236489],[-0.0775434,51.5235829]],[[-0.0770847,51.5233887],[-0.077247,51.5234378],[-0.0774055,51.5234915],[-0.0775598,51.5235497]],[[-0.0770847,51.5233887],[-0.077247,51.5234378],[-0.0774055,51.5234915],[-0.0775598,51.5235497]],[[-0.0770847,51.5233887],[-0.077247,51.5234378],[-0.0774055,51.5234915],[-0.0775598,51.5235497]],[[-0.0775434,51.5235829],[-0.0773884,51.5235233],[-0.0772287,51.5234688],[-0.0770647,51.5234194]],[[-0.0775434,51.5235829],[-0.0773884,51.5235233],[-0.0772287,51.5234688],[-0.0770647,51.5234194]],[[-0.0775434,51.5235829],[-0.0773884,51.5235233],[-0.0772287,51.5234688],[-0.0770647,51.5234194]],[[-0.0716416,51.5231079],[-0.0719189,51.52314],[-0.0721191,51.523163],[-0.0723132,51.5231836],[-0.0725111,51.5231984],[-0.0727198,51.5232085],[-0.0729255,51.5232137],[-0.0731349,51.5232157],[-0.0733385,51.5232195],[-0.0733668,51.52322],[-0.0736733,51.5232238],[-0.0760735,51.5232497],[-0.0763666,51.523255],[-0.0764573,51.5232634],[-0.0764929,51.5232669],[-0.0767255,51.5232955],[-0.0769578,51.5233475],[-0.0770847,51.5233887]],[[-0.0716416,51.5231079],[-0.0719189,51.52314],[-0.0721191,51.523163],[-0.0723132,51.5231836],[-0.0725111,51.5231984],[-0.0727198,51.5232085],[-0.0729255,51.5232137],[-0.0731349,51.5232157],[-0.0733385,51.5232195],[-0.0733668,51.52322],[-0.0736733,51.5232238],[-0.0760735,51.5232497],[-0.0763666,51.523255],[-0.0764573,51.5232634],[-0.0764929,51.5232669],[-0.0767255,51.5232955],[-0.0769578,51.5233475],[-0.0770847,51.5233887]],[[-0.0716416,51.5231079],[-0.0719189,51.52314],[-0.0721191,51.523163],[-0.0723132,51.5231836],[-0.0725111,51.5231984],[-0.0727198,51.5232085],[-0.0729255,51.5232137],[-0.0731349,51.5232157],[-0.0733385,51.5232195],[-0.0733668,51.52322],[-0.0736733,51.5232238],[-0.0760735,51.5232497],[-0.0763666,51.523255],[-0.0764573,51.5232634],[-0.0764929,51.5232669],[-0.0767255,51.5232955],[-0.0769578,51.5233475],[-0.0770847,51.5233887]],[[-0.0770647,51.5234194],[-0.0768821,51.5233675],[-0.0766173,51.523323],[-0.0764503,51.5233041],[-0.0763614,51.5232981],[-0.0760711,51.5232889],[-0.0736728,51.5232591],[-0.0733378,51.5232538],[-0.0728285,51.5232512],[-0.0725191,51.5232358],[-0.0721695,51.5232021],[-0.0716296,51.5231407]],[[-0.0770647,51.5234194],[-0.0768821,51.5233675],[-0.0766173,51.523323],[-0.0764503,51.5233041],[-0.0763614,51.5232981],[-0.0760711,51.5232889],[-0.0736728,51.5232591],[-0.0733378,51.5232538],[-0.0728285,51.5232512],[-0.0725191,51.5232358],[-0.0721695,51.5232021],[-0.0716296,51.5231407]],[[-0.0770647,51.5234194],[-0.0768821,51.5233675],[-0.0766173,51.523323],[-0.0764503,51.5233041],[-0.0763614,51.5232981],[-0.0760711,51.5232889],[-0.0736728,51.5232591],[-0.0733378,51.5232538],[-0.0728285,51.5232512],[-0.0725191,51.5232358],[-0.0721695,51.5232021],[-0.0716296,51.5231407]],[[-0.0763217,51.5476532],[-0.0765331,51.5477718],[-0.0767601,51.5478803]],[[-0.0763217,51.5476532],[-0.0765331,51.5477718],[-0.0767601,51.5478803]],[[-0.0763217,51.5476532],[-0.0765331,51.5477718],[-0.0767601,51.5478803]],[[-0.0767258,51.5479124],[-0.0764956,51.5478043],[-0.0762746,51.5476818]],[[-0.0767258,51.5479124],[-0.0764956,51.5478043],[-0.0762746,51.5476818]],[[-0.0767258,51.5479124],[-0.0764956,51.5478043],[-0.0762746,51.5476818]],[[-0.0761458,51.5475348],[-0.0763217,51.5476532]],[[-0.0761458,51.5475348],[-0.0763217,51.5476532]],[[-0.0761458,51.5475348],[-0.0763217,51.5476532]],[[-0.0762746,51.5476818],[-0.0760926,51.547567]],[[-0.0762746,51.5476818],[-0.0760926,51.547567]],[[-0.0762746,51.5476818],[-0.0760926,51.547567]],[[-0.0751808,51.5459543],[-0.0751649,51.5461619],[-0.0751785,51.546267],[-0.0752014,51.5463643],[-0.0752423,51.5465136],[-0.0753824,51.5467144],[-0.0754578,51.5468223],[-0.075721,51.547137],[-0.0758819,51.5473202],[-0.0761458,51.5475348]],[[-0.0751808,51.5459543],[-0.0751649,51.5461619],[-0.0751785,51.546267],[-0.0752014,51.5463643],[-0.0752423,51.5465136],[-0.0753824,51.5467144],[-0.0754578,51.5468223],[-0.075721,51.547137],[-0.0758819,51.5473202],[-0.0761458,51.5475348]],[[-0.0751808,51.5459543],[-0.0751649,51.5461619],[-0.0751785,51.546267],[-0.0752014,51.5463643],[-0.0752423,51.5465136],[-0.0753824,51.5467144],[-0.0754578,51.5468223],[-0.075721,51.547137],[-0.0758819,51.5473202],[-0.0761458,51.5475348]],[[-0.0760926,51.547567],[-0.0758369,51.5473481],[-0.0756442,51.5471751],[-0.0754155,51.5469427],[-0.0752242,51.5467083],[-0.0751237,51.5465266],[-0.0750244,51.5463431],[-0.0749386,51.5461402],[-0.0748631,51.5459462]],[[-0.0760926,51.547567],[-0.0758369,51.5473481],[-0.0756442,51.5471751],[-0.0754155,51.5469427],[-0.0752242,51.5467083],[-0.0751237,51.5465266],[-0.0750244,51.5463431],[-0.0749386,51.5461402],[-0.0748631,51.5459462]],[[-0.0760926,51.547567],[-0.0758369,51.5473481],[-0.0756442,51.5471751],[-0.0754155,51.5469427],[-0.0752242,51.5467083],[-0.0751237,51.5465266],[-0.0750244,51.5463431],[-0.0749386,51.5461402],[-0.0748631,51.5459462]],[[-0.0757697,51.53622],[-0.0757532,51.5366272]],[[-0.0757697,51.53622],[-0.0757532,51.5366272]],[[-0.0757697,51.53622],[-0.0757532,51.5366272]],[[-0.0757532,51.5366272],[-0.0756368,51.5383049],[-0.0756139,51.5385646],[-0.0755346,51.5394],[-0.0755161,51.5395756],[-0.0754933,51.5398846],[-0.0754737,51.5401806],[-0.0754497,51.5404421],[-0.0754126,51.5407928]],[[-0.0757532,51.5366272],[-0.0756368,51.5383049],[-0.0756139,51.5385646],[-0.0755346,51.5394],[-0.0755161,51.5395756],[-0.0754933,51.5398846],[-0.0754737,51.5401806],[-0.0754497,51.5404421],[-0.0754126,51.5407928]],[[-0.0757532,51.5366272],[-0.0756368,51.5383049],[-0.0756139,51.5385646],[-0.0755346,51.5394],[-0.0755161,51.5395756],[-0.0754933,51.5398846],[-0.0754737,51.5401806],[-0.0754497,51.5404421],[-0.0754126,51.5407928]],[[-0.0757024,51.5366208],[-0.0757178,51.5362187]],[[-0.0757024,51.5366208],[-0.0757178,51.5362187]],[[-0.0757024,51.5366208],[-0.0757178,51.5362187]],[[-0.0753634,51.5407909],[-0.0754099,51.5403378],[-0.0754293,51.54014],[-0.0754757,51.5395218],[-0.0754892,51.539402],[-0.0755378,51.5389293],[-0.0755655,51.5385622],[-0.0755884,51.5382761],[-0.0757024,51.5366208]],[[-0.0753634,51.5407909],[-0.0754099,51.5403378],[-0.0754293,51.54014],[-0.0754757,51.5395218],[-0.0754892,51.539402],[-0.0755378,51.5389293],[-0.0755655,51.5385622],[-0.0755884,51.5382761],[-0.0757024,51.5366208]],[[-0.0753634,51.5407909],[-0.0754099,51.5403378],[-0.0754293,51.54014],[-0.0754757,51.5395218],[-0.0754892,51.539402],[-0.0755378,51.5389293],[-0.0755655,51.5385622],[-0.0755884,51.5382761],[-0.0757024,51.5366208]],[[-0.0754126,51.5407928],[-0.0753786,51.541186],[-0.0753293,51.5416863]],[[-0.0754126,51.5407928],[-0.0753786,51.541186],[-0.0753293,51.5416863]],[[-0.0754126,51.5407928],[-0.0753786,51.541186],[-0.0753293,51.5416863]],[[-0.0752787,51.54168],[-0.0753236,51.5411874],[-0.0753634,51.5407909]],[[-0.0752787,51.54168],[-0.0753236,51.5411874],[-0.0753634,51.5407909]],[[-0.0752787,51.54168],[-0.0753236,51.5411874],[-0.0753634,51.5407909]],[[-0.0753293,51.5416863],[-0.0752765,51.5423307],[-0.0752606,51.5425587],[-0.0752135,51.5430051]],[[-0.0753293,51.5416863],[-0.0752765,51.5423307],[-0.0752606,51.5425587],[-0.0752135,51.5430051]],[[-0.0753293,51.5416863],[-0.0752765,51.5423307],[-0.0752606,51.5425587],[-0.0752135,51.5430051]],[[-0.0751679,51.543001],[-0.0752787,51.54168]],[[-0.0751679,51.543001],[-0.0752787,51.54168]],[[-0.0751679,51.543001],[-0.0752787,51.54168]],[[-0.0752464,51.5440285],[-0.0751985,51.5454343]],[[-0.0752464,51.5440285],[-0.0751985,51.5454343]],[[-0.0752464,51.5440285],[-0.0751985,51.5454343]],[[-0.0752135,51.5430051],[-0.0752188,51.5436451],[-0.0752464,51.5440285]],[[-0.0752135,51.5430051],[-0.0752188,51.5436451],[-0.0752464,51.5440285]],[[-0.0752135,51.5430051],[-0.0752188,51.5436451],[-0.0752464,51.5440285]],[[-0.0751985,51.5454343],[-0.0751912,51.5456495],[-0.0751808,51.5459543]],[[-0.0751985,51.5454343],[-0.0751912,51.5456495],[-0.0751808,51.5459543]],[[-0.0751985,51.5454343],[-0.0751912,51.5456495],[-0.0751808,51.5459543]],[[-0.0749581,51.5440076],[-0.0750499,51.5436411],[-0.0751679,51.543001]],[[-0.0749581,51.5440076],[-0.0750499,51.5436411],[-0.0751679,51.543001]],[[-0.0749581,51.5440076],[-0.0750499,51.5436411],[-0.0751679,51.543001]],[[-0.074885,51.5446614],[-0.0749581,51.5440076]],[[-0.074885,51.5446614],[-0.0749581,51.5440076]],[[-0.074885,51.5446614],[-0.0749581,51.5440076]],[[-0.0748631,51.5459462],[-0.0748512,51.545712],[-0.0748592,51.5454372],[-0.074885,51.5446614]],[[-0.0748631,51.5459462],[-0.0748512,51.545712],[-0.0748592,51.5454372],[-0.074885,51.5446614]],[[-0.0748631,51.5459462],[-0.0748512,51.545712],[-0.0748592,51.5454372],[-0.074885,51.5446614]],[[-0.0711962,51.5230603],[-0.0716416,51.5231079]],[[-0.0711962,51.5230603],[-0.0716416,51.5231079]],[[-0.0711962,51.5230603],[-0.0716416,51.5231079]],[[-0.0716296,51.5231407],[-0.0711852,51.5230904]],[[-0.0716296,51.5231407],[-0.0711852,51.5230904]],[[-0.0716296,51.5231407],[-0.0711852,51.5230904]],[[-0.0699955,51.5228899],[-0.0711962,51.5230603]],[[-0.0699955,51.5228899],[-0.0711962,51.5230603]],[[-0.0699955,51.5228899],[-0.0711962,51.5230603]],[[-0.0711852,51.5230904],[-0.0699845,51.5229199]],[[-0.0711852,51.5230904],[-0.0699845,51.5229199]],[[-0.0711852,51.5230904],[-0.0699845,51.5229199]],[[-0.0690918,51.5227556],[-0.0699955,51.5228899]],[[-0.0690918,51.5227556],[-0.0699955,51.5228899]],[[-0.0690918,51.5227556],[-0.0699955,51.5228899]],[[-0.0699845,51.5229199],[-0.0690754,51.5227784]],[[-0.0699845,51.5229199],[-0.0690754,51.5227784]],[[-0.0699845,51.5229199],[-0.0690754,51.5227784]],[[-0.0694167,51.4170258],[-0.0695562,51.4170582],[-0.0698619,51.4171318],[-0.0701817,51.4172176],[-0.070434,51.4172943],[-0.0706809,51.4173789],[-0.0719441,51.4178511],[-0.0706809,51.4173789],[-0.070434,51.4172943],[-0.0701817,51.4172176],[-0.0698619,51.4171318],[-0.0695562,51.4170582],[-0.0694167,51.4170258]],[[-0.0402214,51.4754328],[-0.0398549,51.4745524],[-0.0396708,51.4741297],[-0.0391921,51.4730307],[-0.0389875,51.4724753],[-0.038743,51.4719485],[-0.0384831,51.4714088],[-0.0381552,51.4706505],[-0.0378982,51.4698758],[-0.0377248,51.469239],[-0.0376064,51.4686041],[-0.037518,51.4679455],[-0.0374441,51.4672832],[-0.0373941,51.4665852],[-0.0373887,51.4658825],[-0.0374167,51.4652776],[-0.0374477,51.4648445],[-0.0374688,51.4646382],[-0.0375123,51.4643252],[-0.0375985,51.4638593],[-0.037612,51.4638044],[-0.0377814,51.4631146],[-0.0379995,51.4623802],[-0.0382022,51.4618106],[-0.0383804,51.4613108],[-0.0385461,51.460843],[-0.0392849,51.4589533],[-0.0395963,51.4581912],[-0.0398377,51.4575956],[-0.0400977,51.4569452],[-0.040529,51.4559072],[-0.0408386,51.4553155],[-0.0412239,51.4547254],[-0.0416455,51.4540687],[-0.0419174,51.4537147],[-0.0422362,51.4533154],[-0.0425964,51.452891],[-0.0429769,51.4524752],[-0.0437636,51.4516568],[-0.0445726,51.4508424],[-0.0453613,51.4500132],[-0.0458062,51.4495271],[-0.046964,51.4480182],[-0.0481449,51.4465166],[-0.0493287,51.4450196],[-0.0499035,51.4442734],[-0.0505248,51.4435187],[-0.0509414,51.4429963],[-0.0512983,51.4425348],[-0.0516443,51.4420412],[-0.051969,51.4415326],[-0.0521923,51.4411436],[-0.0524201,51.4407093],[-0.0526201,51.4403025],[-0.0526926,51.4401412],[-0.0528341,51.4397749],[-0.0529901,51.4392444],[-0.0530806,51.4389046],[-0.0531638,51.4385596],[-0.0532093,51.4383711],[-0.0532929,51.4379467],[-0.0533761,51.4373667],[-0.0534101,51.4367759],[-0.0534059,51.4363178],[-0.0533731,51.4358592],[-0.0533374,51.4355511],[-0.0532763,51.4351361],[-0.0531438,51.4345076],[-0.0530276,51.4338739],[-0.0529228,51.4330996],[-0.0529039,51.4326151],[-0.0529072,51.432117],[-0.052946,51.4314348],[-0.0529966,51.4308909],[-0.0531124,51.4302991],[-0.0532883,51.4296954],[-0.053462,51.4292199],[-0.0535756,51.4289767],[-0.0538867,51.4283025],[-0.0545599,51.4268339],[-0.054632,51.4266764],[-0.0548648,51.4261601],[-0.0549251,51.4259976],[-0.054968,51.4258598],[-0.0552761,51.4247165],[-0.0553673,51.4243801],[-0.055496,51.4239752],[-0.0556328,51.423607],[-0.0557884,51.4232216],[-0.0559466,51.422865],[-0.0561558,51.4224405],[-0.0565829,51.4216174],[-0.0567522,51.4213451],[-0.0569251,51.4211146],[-0.0571752,51.4208455],[-0.0573655,51.4206522],[-0.0576077,51.4204506],[-0.057851,51.4202821],[-0.0581004,51.4201184],[-0.058731,51.4197282],[-0.0600452,51.4189183],[-0.060625,51.4185731],[-0.0610559,51.4183069],[-0.0611495,51.4182458],[-0.0615091,51.4180199],[-0.0619344,51.4177816],[-0.0624277,51.4175477],[-0.0628384,51.4173809],[-0.0631914,51.4172574],[-0.0635215,51.4171554],[-0.0640217,51.4170205],[-0.0643726,51.4169436],[-0.0646403,51.4168945],[-0.0649554,51.4168398],[-0.0651947,51.416808],[-0.065546,51.4167688],[-0.0659681,51.416734],[-0.066398,51.4167159],[-0.0666133,51.4167171],[-0.0668196,51.4167179],[-0.0671017,51.4167237],[-0.067427,51.4167287],[-0.0677887,51.4167536],[-0.067953,51.4167667],[-0.0682875,51.4168043],[-0.068553,51.4168376],[-0.0688506,51.4168916],[-0.0691309,51.4169553],[-0.0694167,51.4170258]],[[-0.0694167,51.4170258],[-0.0690009,51.416943],[-0.0686335,51.4168819],[-0.0682821,51.4168348],[-0.0679484,51.416797],[-0.0677935,51.4167842],[-0.0674294,51.4167609],[-0.0670959,51.4167459],[-0.0667864,51.4167468],[-0.0665772,51.4167457],[-0.0663534,51.4167489],[-0.0659842,51.4167663],[-0.0655611,51.4167995],[-0.0652119,51.4168415],[-0.0649829,51.4168718],[-0.0646551,51.4169253],[-0.0643907,51.4169729],[-0.0640259,51.417055],[-0.0635721,51.4171769],[-0.0632073,51.4172836],[-0.06286,51.417414],[-0.0624596,51.4175742],[-0.0619677,51.4178048],[-0.0615384,51.4180459],[-0.0611764,51.4182684],[-0.0610867,51.4183277],[-0.0606587,51.418596],[-0.0600799,51.4189433],[-0.0597259,51.4191689],[-0.059412,51.4193998],[-0.0591304,51.4196254],[-0.0588275,51.419908],[-0.058538,51.4202055],[-0.058256,51.4205236],[-0.0579529,51.4208846],[-0.0577142,51.4211942],[-0.0574755,51.4215108],[-0.0572154,51.4218876],[-0.0569687,51.4222742],[-0.0567787,51.4225916],[-0.0565091,51.4230958],[-0.0561156,51.4238932],[-0.0555523,51.424957],[-0.0552279,51.4256847],[-0.0549991,51.4261802],[-0.0548403,51.4265331],[-0.054813,51.4265938],[-0.0547663,51.4266977],[-0.0540342,51.4283185],[-0.053883,51.4286501],[-0.0537231,51.4290009],[-0.053542,51.4294289],[-0.0534199,51.4297512],[-0.0533177,51.4301038],[-0.0531988,51.4305758],[-0.0531387,51.4309335],[-0.0530893,51.4313005],[-0.053064,51.4316412],[-0.053045,51.4319983],[-0.053044,51.4323587],[-0.0530514,51.4327303],[-0.0530756,51.4331425],[-0.0531166,51.4335403],[-0.0531809,51.4339565],[-0.0532777,51.4344035],[-0.0533714,51.4348348],[-0.0534515,51.4352765],[-0.0535062,51.435713],[-0.053541,51.4360852],[-0.0535557,51.4365027],[-0.0535505,51.4370075],[-0.0535136,51.4375555],[-0.0534715,51.437992],[-0.0533862,51.4384777],[-0.0532556,51.438972],[-0.0531556,51.4393115],[-0.0529913,51.4397721],[-0.0529561,51.4398642],[-0.052845,51.4401547],[-0.0527681,51.4403247],[-0.0525375,51.4408032],[-0.052329,51.4412022],[-0.0520647,51.441636],[-0.0518478,51.4419917],[-0.0515899,51.4423593],[-0.0512613,51.442799],[-0.0509791,51.4431587],[-0.0505664,51.4436889],[-0.0503647,51.4439434],[-0.050113,51.4442512],[-0.0498171,51.4446312],[-0.049497,51.4450256],[-0.0491359,51.4454856],[-0.0488358,51.4458571],[-0.0485146,51.4462731],[-0.0482145,51.4466564],[-0.0478829,51.4470711],[-0.0474469,51.4476092],[-0.0471016,51.4480627],[-0.0466404,51.4486513],[-0.046247,51.4491683],[-0.0459696,51.4495131],[-0.0456063,51.4499349],[-0.0451993,51.4503783],[-0.0446785,51.4509078],[-0.044631,51.4509561],[-0.0440506,51.4515507],[-0.0434145,51.4522018],[-0.0430843,51.4525381],[-0.0427647,51.4528913],[-0.042406,51.4533121],[-0.0419432,51.4539152],[-0.0414894,51.4546009],[-0.0411608,51.4550772],[-0.040799,51.4556972],[-0.0404598,51.4564233],[-0.0400769,51.4573776],[-0.0397513,51.4582164],[-0.0394634,51.4589387],[-0.0390564,51.4599982],[-0.0387458,51.4608069],[-0.0383453,51.4618062],[-0.0382122,51.4622179],[-0.0380099,51.4628165],[-0.0378397,51.4634297],[-0.0377267,51.4639811],[-0.0376458,51.4644442],[-0.0375919,51.4649503],[-0.0375857,51.4650165],[-0.037543,51.4654733],[-0.0375346,51.4657967],[-0.0375413,51.4665023],[-0.0375991,51.4673314],[-0.0376515,51.4678534],[-0.0377266,51.468408],[-0.0377993,51.4688535],[-0.0379507,51.4695203],[-0.0380925,51.4700288],[-0.0382808,51.4705797],[-0.0386646,51.4714862],[-0.0391518,51.4724563],[-0.0396539,51.4734588],[-0.0401902,51.4745628],[-0.0409172,51.4760006]],[[-0.0670805,51.5224726],[-0.0678901,51.5225796],[-0.0687631,51.5227119],[-0.0690918,51.5227556]],[[-0.0670805,51.5224726],[-0.0678901,51.5225796],[-0.0687631,51.5227119],[-0.0690918,51.5227556]],[[-0.0670805,51.5224726],[-0.0678901,51.5225796],[-0.0687631,51.5227119],[-0.0690918,51.5227556]],[[-0.0690754,51.5227784],[-0.0687307,51.5227344],[-0.0678714,51.5226114],[-0.0670642,51.5224988]],[[-0.0690754,51.5227784],[-0.0687307,51.5227344],[-0.0678714,51.5226114],[-0.0670642,51.5224988]],[[-0.0690754,51.5227784],[-0.0687307,51.5227344],[-0.0678714,51.5226114],[-0.0670642,51.5224988]],[[-0.0661155,51.5223628],[-0.0670805,51.5224726]],[[-0.0661155,51.5223628],[-0.0670805,51.5224726]],[[-0.0661155,51.5223628],[-0.0670805,51.5224726]],[[-0.0670642,51.5224988],[-0.0661054,51.522389]],[[-0.0670642,51.5224988],[-0.0661054,51.522389]],[[-0.0670642,51.5224988],[-0.0661054,51.522389]],[[-0.065076,51.5222699],[-0.0654961,51.522306],[-0.0661155,51.5223628]],[[-0.065076,51.5222699],[-0.0654961,51.522306],[-0.0661155,51.5223628]],[[-0.065076,51.5222699],[-0.0654961,51.522306],[-0.0661155,51.5223628]],[[-0.0661054,51.522389],[-0.0654767,51.522338],[-0.065073,51.5223026]],[[-0.0661054,51.522389],[-0.0654767,51.522338],[-0.065073,51.5223026]],[[-0.0661054,51.522389],[-0.0654767,51.522338],[-0.065073,51.5223026]],[[-0.0649295,51.5222534],[-0.065076,51.5222699]],[[-0.0649295,51.5222534],[-0.065076,51.5222699]],[[-0.0649295,51.5222534],[-0.065076,51.5222699]],[[-0.065073,51.5223026],[-0.0649197,51.5222882]],[[-0.065073,51.5223026],[-0.0649197,51.5222882]],[[-0.065073,51.5223026],[-0.0649197,51.5222882]],[[-0.0644534,51.522174],[-0.0646796,51.5222229],[-0.0649295,51.5222534]],[[-0.0644534,51.522174],[-0.0646796,51.5222229],[-0.0649295,51.5222534]],[[-0.0644534,51.522174],[-0.0646796,51.5222229],[-0.0649295,51.5222534]],[[-0.0649197,51.5222882],[-0.0646648,51.5222561],[-0.064447,51.5222144]],[[-0.0649197,51.5222882],[-0.0646648,51.5222561],[-0.064447,51.5222144]],[[-0.0649197,51.5222882],[-0.0646648,51.5222561],[-0.064447,51.5222144]],[[-0.0630262,51.5217337],[-0.0633085,51.521844],[-0.0638089,51.5220141],[-0.0644534,51.522174]],[[-0.0630262,51.5217337],[-0.0633085,51.521844],[-0.0638089,51.5220141],[-0.0644534,51.522174]],[[-0.0630262,51.5217337],[-0.0633085,51.521844],[-0.0638089,51.5220141],[-0.0644534,51.522174]],[[-0.064447,51.5222144],[-0.0637916,51.5220437],[-0.0632731,51.5218644]],[[-0.064447,51.5222144],[-0.0637916,51.5220437],[-0.0632731,51.5218644]],[[-0.064447,51.5222144],[-0.0637916,51.5220437],[-0.0632731,51.5218644]],[[-0.0632731,51.5218644],[-0.0629908,51.5217593]],[[-0.0632731,51.5218644],[-0.0629908,51.5217593]],[[-0.0632731,51.5218644],[-0.0629908,51.5217593]],[[-0.0620615,51.5211092],[-0.0625437,51.5214674],[-0.0630262,51.5217337]],[[-0.0620615,51.5211092],[-0.0625437,51.5214674],[-0.0630262,51.5217337]],[[-0.0620615,51.5211092],[-0.0625437,51.5214674],[-0.0630262,51.5217337]],[[-0.0629908,51.5217593],[-0.0625192,51.5215022],[-0.0620126,51.5211323]],[[-0.0629908,51.5217593],[-0.0625192,51.5215022],[-0.0620126,51.5211323]],[[-0.0629908,51.5217593],[-0.0625192,51.5215022],[-0.0620126,51.5211323]],[[-0.0598315,51.5195539],[-0.0605711,51.5199963],[-0.0609664,51.5202593],[-0.0615401,51.5206647],[-0.0620615,51.5211092]],[[-0.0598315,51.5195539],[-0.0605711,51.5199963],[-0.0609664,51.5202593],[-0.0615401,51.5206647],[-0.0620615,51.5211092]],[[-0.0598315,51.5195539],[-0.0605711,51.5199963],[-0.0609664,51.5202593],[-0.0615401,51.5206647],[-0.0620615,51.5211092]],[[-0.0620126,51.5211323],[-0.0609063,51.5202891],[-0.0604979,51.5200049],[-0.0599897,51.5196919],[-0.0598015,51.5195749]],[[-0.0620126,51.5211323],[-0.0609063,51.5202891],[-0.0604979,51.5200049],[-0.0599897,51.5196919],[-0.0598015,51.5195749]],[[-0.0620126,51.5211323],[-0.0609063,51.5202891],[-0.0604979,51.5200049],[-0.0599897,51.5196919],[-0.0598015,51.5195749]],[[-0.0579529,51.518286],[-0.0581375,51.5184359],[-0.0583405,51.5185528],[-0.0584405,51.51862],[-0.0584859,51.5186505],[-0.0587731,51.5188433],[-0.0598315,51.5195539]],[[-0.0579529,51.518286],[-0.0581375,51.5184359],[-0.0583405,51.5185528],[-0.0584405,51.51862],[-0.0584859,51.5186505],[-0.0587731,51.5188433],[-0.0598315,51.5195539]],[[-0.0579529,51.518286],[-0.0581375,51.5184359],[-0.0583405,51.5185528],[-0.0584405,51.51862],[-0.0584859,51.5186505],[-0.0587731,51.5188433],[-0.0598315,51.5195539]],[[-0.0598015,51.5195749],[-0.058324,51.5185931],[-0.0581355,51.518475],[-0.0580953,51.5184498],[-0.0580055,51.5183829],[-0.0579047,51.5183063]],[[-0.0598015,51.5195749],[-0.058324,51.5185931],[-0.0581355,51.518475],[-0.0580953,51.5184498],[-0.0580055,51.5183829],[-0.0579047,51.5183063]],[[-0.0598015,51.5195749],[-0.058324,51.5185931],[-0.0581355,51.518475],[-0.0580953,51.5184498],[-0.0580055,51.5183829],[-0.0579047,51.5183063]],[[-0.0575244,51.5178077],[-0.0575941,51.5179053],[-0.0576702,51.5180016],[-0.057834,51.5181804],[-0.0579529,51.518286]],[[-0.0575244,51.5178077],[-0.0575941,51.5179053],[-0.0576702,51.5180016],[-0.057834,51.5181804],[-0.0579529,51.518286]],[[-0.0575244,51.5178077],[-0.0575941,51.5179053],[-0.0576702,51.5180016],[-0.057834,51.5181804],[-0.0579529,51.518286]],[[-0.0579047,51.5183063],[-0.0578437,51.5182546],[-0.0577888,51.518202],[-0.0577253,51.5181369],[-0.0576149,51.5180172],[-0.057464,51.5178206]],[[-0.0579047,51.5183063],[-0.0578437,51.5182546],[-0.0577888,51.518202],[-0.0577253,51.5181369],[-0.0576149,51.5180172],[-0.057464,51.5178206]],[[-0.0579047,51.5183063],[-0.0578437,51.5182546],[-0.0577888,51.518202],[-0.0577253,51.5181369],[-0.0576149,51.5180172],[-0.057464,51.5178206]],[[-0.0569958,51.5160882],[-0.0571302,51.5169007],[-0.0571954,51.5171713],[-0.0572894,51.5174081],[-0.0574004,51.5176053],[-0.0575244,51.5178077]],[[-0.0569958,51.5160882],[-0.0571302,51.5169007],[-0.0571954,51.5171713],[-0.0572894,51.5174081],[-0.0574004,51.5176053],[-0.0575244,51.5178077]],[[-0.0569958,51.5160882],[-0.0571302,51.5169007],[-0.0571954,51.5171713],[-0.0572894,51.5174081],[-0.0574004,51.5176053],[-0.0575244,51.5178077]],[[-0.057464,51.5178206],[-0.0573535,51.5176182],[-0.0572395,51.5174256],[-0.0571334,51.5171728],[-0.0570691,51.5169128],[-0.0569483,51.5160884]],[[-0.057464,51.5178206],[-0.0573535,51.5176182],[-0.0572395,51.5174256],[-0.0571334,51.5171728],[-0.0570691,51.5169128],[-0.0569483,51.5160884]],[[-0.057464,51.5178206],[-0.0573535,51.5176182],[-0.0572395,51.5174256],[-0.0571334,51.5171728],[-0.0570691,51.5169128],[-0.0569483,51.5160884]],[[-0.056982,51.5159608],[-0.0569958,51.5160882]],[[-0.056982,51.5159608],[-0.0569958,51.5160882]],[[-0.056982,51.5159608],[-0.0569958,51.5160882]],[[-0.0569392,51.5153966],[-0.056982,51.5159608]],[[-0.0569392,51.5153966],[-0.056982,51.5159608]],[[-0.0569392,51.5153966],[-0.056982,51.5159608]],[[-0.056461,51.5051831],[-0.056572,51.5054608],[-0.0566121,51.5056898],[-0.0568822,51.5089431],[-0.0569233,51.5094385],[-0.0569637,51.5099177],[-0.0569853,51.5105882],[-0.0569724,51.51127],[-0.0569563,51.5119169]],[[-0.056461,51.5051831],[-0.056572,51.5054608],[-0.0566121,51.5056898],[-0.0568822,51.5089431],[-0.0569233,51.5094385],[-0.0569637,51.5099177],[-0.0569853,51.5105882],[-0.0569724,51.51127],[-0.0569563,51.5119169]],[[-0.056461,51.5051831],[-0.056572,51.5054608],[-0.0566121,51.5056898],[-0.0568822,51.5089431],[-0.0569233,51.5094385],[-0.0569637,51.5099177],[-0.0569853,51.5105882],[-0.0569724,51.51127],[-0.0569563,51.5119169]],[[-0.0569483,51.5160884],[-0.0569418,51.5160292],[-0.0569345,51.5159621]],[[-0.0569483,51.5160884],[-0.0569418,51.5160292],[-0.0569345,51.5159621]],[[-0.0569483,51.5160884],[-0.0569418,51.5160292],[-0.0569345,51.5159621]],[[-0.0569298,51.5153029],[-0.0569392,51.5153966]],[[-0.0569298,51.5153029],[-0.0569392,51.5153966]],[[-0.0569298,51.5153029],[-0.0569392,51.5153966]],[[-0.0569345,51.5159621],[-0.0568837,51.5153995]],[[-0.0569345,51.5159621],[-0.0568837,51.5153995]],[[-0.0569345,51.5159621],[-0.0568837,51.5153995]],[[-0.0568891,51.5122349],[-0.0568954,51.5119166]],[[-0.0568891,51.5122349],[-0.0568954,51.5119166]],[[-0.0568891,51.5122349],[-0.0568954,51.5119166]],[[-0.0568954,51.5119166],[-0.0568883,51.5113808],[-0.0568893,51.5109711],[-0.0568961,51.5105938],[-0.0568745,51.5099233],[-0.0568341,51.5094441],[-0.0565948,51.5065037],[-0.0565296,51.505702],[-0.05648,51.5054674],[-0.0563956,51.505197],[-0.0563099,51.505025]],[[-0.0568954,51.5119166],[-0.0568883,51.5113808],[-0.0568893,51.5109711],[-0.0568961,51.5105938],[-0.0568745,51.5099233],[-0.0568341,51.5094441],[-0.0565948,51.5065037],[-0.0565296,51.505702],[-0.05648,51.5054674],[-0.0563956,51.505197],[-0.0563099,51.505025]],[[-0.0568954,51.5119166],[-0.0568883,51.5113808],[-0.0568893,51.5109711],[-0.0568961,51.5105938],[-0.0568745,51.5099233],[-0.0568341,51.5094441],[-0.0565948,51.5065037],[-0.0565296,51.505702],[-0.05648,51.5054674],[-0.0563956,51.505197],[-0.0563099,51.505025]],[[-0.0568734,51.5153048],[-0.0568891,51.5122349]],[[-0.0568734,51.5153048],[-0.0568891,51.5122349]],[[-0.0568734,51.5153048],[-0.0568891,51.5122349]],[[-0.0568837,51.5153995],[-0.0568734,51.5153048]],[[-0.0568837,51.5153995],[-0.0568734,51.5153048]],[[-0.0568837,51.5153995],[-0.0568734,51.5153048]],[[-0.0563714,51.5050135],[-0.056461,51.5051831]],[[-0.0563714,51.5050135],[-0.056461,51.5051831]],[[-0.0563714,51.5050135],[-0.056461,51.5051831]],[[-0.0563101,51.5048911],[-0.0563714,51.5050135]],[[-0.0563101,51.5048911],[-0.0563714,51.5050135]],[[-0.0563101,51.5048911],[-0.0563714,51.5050135]],[[-0.0559521,51.5043015],[-0.0561115,51.5045235],[-0.0561761,51.5046307],[-0.0562383,51.5047413],[-0.0563101,51.5048911]],[[-0.0559521,51.5043015],[-0.0561115,51.5045235],[-0.0561761,51.5046307],[-0.0562383,51.5047413],[-0.0563101,51.5048911]],[[-0.0559521,51.5043015],[-0.0561115,51.5045235],[-0.0561761,51.5046307],[-0.0562383,51.5047413],[-0.0563101,51.5048911]],[[-0.0563099,51.505025],[-0.0562479,51.5049035]],[[-0.0563099,51.505025],[-0.0562479,51.5049035]],[[-0.0563099,51.505025],[-0.0562479,51.5049035]],[[-0.0562479,51.5049035],[-0.0561576,51.504732],[-0.0560549,51.5045445],[-0.0558997,51.5043221]],[[-0.0562479,51.5049035],[-0.0561576,51.504732],[-0.0560549,51.5045445],[-0.0558997,51.5043221]],[[-0.0562479,51.5049035],[-0.0561576,51.504732],[-0.0560549,51.5045445],[-0.0558997,51.5043221]],[[-0.0518653,51.5006682],[-0.0559521,51.5043015]],[[-0.0518653,51.5006682],[-0.0559521,51.5043015]],[[-0.0518653,51.5006682],[-0.0559521,51.5043015]],[[-0.0558997,51.5043221],[-0.0526158,51.5014673],[-0.0518063,51.500681]],[[-0.0558997,51.5043221],[-0.0526158,51.5014673],[-0.0518063,51.500681]],[[-0.0558997,51.5043221],[-0.0526158,51.5014673],[-0.0518063,51.500681]],[[-0.0516608,51.5003997],[-0.0517527,51.5005284],[-0.0518653,51.5006682]],[[-0.0516608,51.5003997],[-0.0517527,51.5005284],[-0.0518653,51.5006682]],[[-0.0516608,51.5003997],[-0.0517527,51.5005284],[-0.0518653,51.5006682]],[[-0.0518063,51.500681],[-0.0516937,51.5005412],[-0.0516009,51.500416]],[[-0.0518063,51.500681],[-0.0516937,51.5005412],[-0.0516009,51.500416]],[[-0.0518063,51.500681],[-0.0516937,51.5005412],[-0.0516009,51.500416]],[[-0.0487,51.4948235],[-0.0489746,51.4954911],[-0.0491018,51.4958003],[-0.0498322,51.4975377],[-0.0499311,51.4977673],[-0.0500405,51.4980112],[-0.0501453,51.4982244],[-0.0501988,51.4983234],[-0.0504475,51.49876],[-0.0507782,51.4992398],[-0.0514928,51.5001688],[-0.0516608,51.5003997]],[[-0.0487,51.4948235],[-0.0489746,51.4954911],[-0.0491018,51.4958003],[-0.0498322,51.4975377],[-0.0499311,51.4977673],[-0.0500405,51.4980112],[-0.0501453,51.4982244],[-0.0501988,51.4983234],[-0.0504475,51.49876],[-0.0507782,51.4992398],[-0.0514928,51.5001688],[-0.0516608,51.5003997]],[[-0.0487,51.4948235],[-0.0489746,51.4954911],[-0.0491018,51.4958003],[-0.0498322,51.4975377],[-0.0499311,51.4977673],[-0.0500405,51.4980112],[-0.0501453,51.4982244],[-0.0501988,51.4983234],[-0.0504475,51.49876],[-0.0507782,51.4992398],[-0.0514928,51.5001688],[-0.0516608,51.5003997]],[[-0.0516009,51.500416],[-0.0514174,51.5001884],[-0.0506851,51.499266],[-0.0503772,51.498786],[-0.0501532,51.4983346],[-0.0501041,51.4982433],[-0.0499821,51.4979925],[-0.0499525,51.4979293],[-0.0498847,51.4977756],[-0.0497839,51.4975471],[-0.049157,51.4960392],[-0.049062,51.4958105],[-0.0486515,51.4948326]],[[-0.0516009,51.500416],[-0.0514174,51.5001884],[-0.0506851,51.499266],[-0.0503772,51.498786],[-0.0501532,51.4983346],[-0.0501041,51.4982433],[-0.0499821,51.4979925],[-0.0499525,51.4979293],[-0.0498847,51.4977756],[-0.0497839,51.4975471],[-0.049157,51.4960392],[-0.049062,51.4958105],[-0.0486515,51.4948326]],[[-0.0516009,51.500416],[-0.0514174,51.5001884],[-0.0506851,51.499266],[-0.0503772,51.498786],[-0.0501532,51.4983346],[-0.0501041,51.4982433],[-0.0499821,51.4979925],[-0.0499525,51.4979293],[-0.0498847,51.4977756],[-0.0497839,51.4975471],[-0.049157,51.4960392],[-0.049062,51.4958105],[-0.0486515,51.4948326]],[[-0.0481307,51.4938462],[-0.0482366,51.4939736],[-0.0483501,51.4941583],[-0.0487,51.4948235]],[[-0.0481307,51.4938462],[-0.0482366,51.4939736],[-0.0483501,51.4941583],[-0.0487,51.4948235]],[[-0.0481307,51.4938462],[-0.0482366,51.4939736],[-0.0483501,51.4941583],[-0.0487,51.4948235]],[[-0.0486515,51.4948326],[-0.0482977,51.4941643],[-0.0481743,51.4939764],[-0.0480062,51.493764]],[[-0.0486515,51.4948326],[-0.0482977,51.4941643],[-0.0481743,51.4939764],[-0.0480062,51.493764]],[[-0.0486515,51.4948326],[-0.0482977,51.4941643],[-0.0481743,51.4939764],[-0.0480062,51.493764]],[[-0.0477517,51.493392],[-0.0481307,51.4938462]],[[-0.0477517,51.493392],[-0.0481307,51.4938462]],[[-0.0477517,51.493392],[-0.0481307,51.4938462]],[[-0.0480062,51.493764],[-0.0476221,51.4933304]],[[-0.0480062,51.493764],[-0.0476221,51.4933304]],[[-0.0480062,51.493764],[-0.0476221,51.4933304]],[[-0.0465564,51.491686],[-0.0465823,51.4917471],[-0.0466731,51.4919402],[-0.0467616,51.4920981],[-0.0468783,51.4922976],[-0.0470674,51.4925757],[-0.0472005,51.4927575],[-0.0472823,51.4928577],[-0.04743,51.4930323],[-0.0477517,51.493392]],[[-0.0465564,51.491686],[-0.0465823,51.4917471],[-0.0466731,51.4919402],[-0.0467616,51.4920981],[-0.0468783,51.4922976],[-0.0470674,51.4925757],[-0.0472005,51.4927575],[-0.0472823,51.4928577],[-0.04743,51.4930323],[-0.0477517,51.493392]],[[-0.0465564,51.491686],[-0.0465823,51.4917471],[-0.0466731,51.4919402],[-0.0467616,51.4920981],[-0.0468783,51.4922976],[-0.0470674,51.4925757],[-0.0472005,51.4927575],[-0.0472823,51.4928577],[-0.04743,51.4930323],[-0.0477517,51.493392]],[[-0.0476221,51.4933304],[-0.0473758,51.4930468],[-0.0472622,51.4929103],[-0.0471469,51.4927642],[-0.0470057,51.4925748],[-0.0468877,51.4923962],[-0.0467402,51.4921482],[-0.0466691,51.4920204],[-0.0465366,51.4917597],[-0.0465081,51.4916936]],[[-0.0476221,51.4933304],[-0.0473758,51.4930468],[-0.0472622,51.4929103],[-0.0471469,51.4927642],[-0.0470057,51.4925748],[-0.0468877,51.4923962],[-0.0467402,51.4921482],[-0.0466691,51.4920204],[-0.0465366,51.4917597],[-0.0465081,51.4916936]],[[-0.0476221,51.4933304],[-0.0473758,51.4930468],[-0.0472622,51.4929103],[-0.0471469,51.4927642],[-0.0470057,51.4925748],[-0.0468877,51.4923962],[-0.0467402,51.4921482],[-0.0466691,51.4920204],[-0.0465366,51.4917597],[-0.0465081,51.4916936]],[[-0.0464916,51.4915483],[-0.0465564,51.491686]],[[-0.0464916,51.4915483],[-0.0465564,51.491686]],[[-0.0464916,51.4915483],[-0.0465564,51.491686]],[[-0.0465081,51.4916936],[-0.0464429,51.4915567]],[[-0.0465081,51.4916936],[-0.0464429,51.4915567]],[[-0.0465081,51.4916936],[-0.0464429,51.4915567]],[[-0.0461318,51.4900801],[-0.046134,51.490138],[-0.0461499,51.4903036],[-0.0461742,51.4905646],[-0.0462004,51.4906911],[-0.0462149,51.490754],[-0.0462293,51.4908169],[-0.0462795,51.4909562],[-0.0463516,51.4911562],[-0.0463875,51.4912651],[-0.0464418,51.4914125],[-0.0464916,51.4915483]],[[-0.0461318,51.4900801],[-0.046134,51.490138],[-0.0461499,51.4903036],[-0.0461742,51.4905646],[-0.0462004,51.4906911],[-0.0462149,51.490754],[-0.0462293,51.4908169],[-0.0462795,51.4909562],[-0.0463516,51.4911562],[-0.0463875,51.4912651],[-0.0464418,51.4914125],[-0.0464916,51.4915483]],[[-0.0461318,51.4900801],[-0.046134,51.490138],[-0.0461499,51.4903036],[-0.0461742,51.4905646],[-0.0462004,51.4906911],[-0.0462149,51.490754],[-0.0462293,51.4908169],[-0.0462795,51.4909562],[-0.0463516,51.4911562],[-0.0463875,51.4912651],[-0.0464418,51.4914125],[-0.0464916,51.4915483]],[[-0.0464429,51.4915567],[-0.0463222,51.4912277],[-0.0462996,51.4911558],[-0.0461737,51.4908337],[-0.0461481,51.4907551]],[[-0.0464429,51.4915567],[-0.0463222,51.4912277],[-0.0462996,51.4911558],[-0.0461737,51.4908337],[-0.0461481,51.4907551]],[[-0.0464429,51.4915567],[-0.0463222,51.4912277],[-0.0462996,51.4911558],[-0.0461737,51.4908337],[-0.0461481,51.4907551]],[[-0.0461481,51.4907551],[-0.0459995,51.4903546],[-0.0459322,51.4901775],[-0.0458866,51.4900485],[-0.0458423,51.4899307],[-0.0457605,51.4897149],[-0.0457122,51.4895938],[-0.0456586,51.4894669],[-0.0455792,51.4892916],[-0.0455086,51.4891564],[-0.0454081,51.488986],[-0.0453023,51.4888146],[-0.0451798,51.4886574],[-0.0449627,51.4883957],[-0.0447999,51.4882063],[-0.0446004,51.4879736],[-0.0443126,51.4876427],[-0.0441537,51.4874375],[-0.0439891,51.4871905],[-0.0438681,51.4869539],[-0.0437816,51.4867054],[-0.0437196,51.4864907],[-0.0436889,51.4863191],[-0.0436698,51.4860649],[-0.0436762,51.4858371],[-0.043693,51.4855595],[-0.0436948,51.4854622],[-0.043705,51.4850719],[-0.0436771,51.4848797],[-0.0436474,51.4847825],[-0.0436082,51.4846433],[-0.0435933,51.4845904],[-0.0435141,51.4843981]],[[-0.0461481,51.4907551],[-0.0459995,51.4903546],[-0.0459322,51.4901775],[-0.0458866,51.4900485],[-0.0458423,51.4899307],[-0.0457605,51.4897149],[-0.0457122,51.4895938],[-0.0456586,51.4894669],[-0.0455792,51.4892916],[-0.0455086,51.4891564],[-0.0454081,51.488986],[-0.0453023,51.4888146],[-0.0451798,51.4886574],[-0.0449627,51.4883957],[-0.0447999,51.4882063],[-0.0446004,51.4879736],[-0.0443126,51.4876427],[-0.0441537,51.4874375],[-0.0439891,51.4871905],[-0.0438681,51.4869539],[-0.0437816,51.4867054],[-0.0437196,51.4864907],[-0.0436889,51.4863191],[-0.0436698,51.4860649],[-0.0436762,51.4858371],[-0.043693,51.4855595],[-0.0436948,51.4854622],[-0.043705,51.4850719],[-0.0436771,51.4848797],[-0.0436474,51.4847825],[-0.0436082,51.4846433],[-0.0435933,51.4845904],[-0.0435141,51.4843981]],[[-0.0438695,51.4866878],[-0.0439668,51.4868915],[-0.0440898,51.4870823],[-0.04425,51.4872834],[-0.0444267,51.4874646],[-0.0446153,51.4876436],[-0.0448381,51.4878055],[-0.0451025,51.4880004],[-0.0453326,51.4881958],[-0.0455829,51.4884767],[-0.0456856,51.4886185],[-0.0457764,51.4887624],[-0.0458435,51.4888796],[-0.0459057,51.4889981],[-0.0459769,51.4891726],[-0.0460256,51.4893293],[-0.0460553,51.4894758],[-0.0460772,51.4896431],[-0.0461125,51.4898823],[-0.0461318,51.4900801]],[[-0.0438695,51.4866878],[-0.0439668,51.4868915],[-0.0440898,51.4870823],[-0.04425,51.4872834],[-0.0444267,51.4874646],[-0.0446153,51.4876436],[-0.0448381,51.4878055],[-0.0451025,51.4880004],[-0.0453326,51.4881958],[-0.0455829,51.4884767],[-0.0456856,51.4886185],[-0.0457764,51.4887624],[-0.0458435,51.4888796],[-0.0459057,51.4889981],[-0.0459769,51.4891726],[-0.0460256,51.4893293],[-0.0460553,51.4894758],[-0.0460772,51.4896431],[-0.0461125,51.4898823],[-0.0461318,51.4900801]],[[-0.0438695,51.4866878],[-0.0439668,51.4868915],[-0.0440898,51.4870823],[-0.04425,51.4872834],[-0.0444267,51.4874646],[-0.0446153,51.4876436],[-0.0448381,51.4878055],[-0.0451025,51.4880004],[-0.0453326,51.4881958],[-0.0455829,51.4884767],[-0.0456856,51.4886185],[-0.0457764,51.4887624],[-0.0458435,51.4888796],[-0.0459057,51.4889981],[-0.0459769,51.4891726],[-0.0460256,51.4893293],[-0.0460553,51.4894758],[-0.0460772,51.4896431],[-0.0461125,51.4898823],[-0.0461318,51.4900801]],[[-0.0435908,51.484398],[-0.043667,51.4845849],[-0.0437285,51.4847741],[-0.0437555,51.4849023],[-0.0437723,51.4850304],[-0.043775,51.4851339],[-0.0437625,51.4854902],[-0.0437563,51.4856013],[-0.0437495,51.485679],[-0.0437428,51.4857687],[-0.0437318,51.4859086],[-0.0437303,51.4860613],[-0.0437521,51.4862348],[-0.0437799,51.4864109],[-0.0438194,51.486548],[-0.0438695,51.4866878]],[[-0.0435908,51.484398],[-0.043667,51.4845849],[-0.0437285,51.4847741],[-0.0437555,51.4849023],[-0.0437723,51.4850304],[-0.043775,51.4851339],[-0.0437625,51.4854902],[-0.0437563,51.4856013],[-0.0437495,51.485679],[-0.0437428,51.4857687],[-0.0437318,51.4859086],[-0.0437303,51.4860613],[-0.0437521,51.4862348],[-0.0437799,51.4864109],[-0.0438194,51.486548],[-0.0438695,51.4866878]],[[-0.0435908,51.484398],[-0.043667,51.4845849],[-0.0437285,51.4847741],[-0.0437555,51.4849023],[-0.0437723,51.4850304],[-0.043775,51.4851339],[-0.0437625,51.4854902],[-0.0437563,51.4856013],[-0.0437495,51.485679],[-0.0437428,51.4857687],[-0.0437318,51.4859086],[-0.0437303,51.4860613],[-0.0437521,51.4862348],[-0.0437799,51.4864109],[-0.0438194,51.486548],[-0.0438695,51.4866878]],[[-0.0434696,51.4841502],[-0.0435908,51.484398]],[[-0.0434696,51.4841502],[-0.0435908,51.484398]],[[-0.0434696,51.4841502],[-0.0435908,51.484398]],[[-0.0435141,51.4843981],[-0.0434,51.4841546]],[[-0.0435141,51.4843981],[-0.0434,51.4841546]],[[-0.0434222,51.4840488],[-0.0434696,51.4841502]],[[-0.0434222,51.4840488],[-0.0434696,51.4841502]],[[-0.0434222,51.4840488],[-0.0434696,51.4841502]],[[-0.0432568,51.4836915],[-0.0434222,51.4840488]],[[-0.0432568,51.4836915],[-0.0434222,51.4840488]],[[-0.0324674,51.4767351],[-0.0327073,51.4769539],[-0.0329632,51.4772425],[-0.0336229,51.478097],[-0.0339608,51.4785292],[-0.0341616,51.4788007],[-0.034315,51.4790527],[-0.034383,51.4792735],[-0.0344037,51.4793946],[-0.034493,51.4798912],[-0.0345124,51.4800147],[-0.0345459,51.4801498],[-0.0346021,51.4803038],[-0.034686,51.4804856],[-0.0348005,51.4806598],[-0.0349174,51.4808172],[-0.0350873,51.4809905],[-0.0352523,51.4811292],[-0.0353356,51.4811995],[-0.0354174,51.4812675],[-0.0355044,51.4813318],[-0.0355846,51.4813874],[-0.0356822,51.4814528],[-0.0357911,51.4815202],[-0.0358908,51.4815773],[-0.0359958,51.4816357],[-0.0360879,51.4816819],[-0.0361858,51.4817292],[-0.0362926,51.4817756],[-0.0363763,51.48181],[-0.0369812,51.482019],[-0.0371013,51.4820552],[-0.037237,51.4820891],[-0.037361,51.4821171],[-0.0374965,51.4821419],[-0.037611,51.4821618],[-0.0377378,51.4821805],[-0.0378996,51.4821989],[-0.0379539,51.4822043],[-0.0380297,51.4822106],[-0.0381363,51.4822177],[-0.038198,51.4822197],[-0.0382617,51.4822202],[-0.0383401,51.4822197],[-0.0384508,51.482221],[-0.0385279,51.4822202],[-0.038609,51.4822181],[-0.0388043,51.4822141],[-0.0389604,51.4822164],[-0.0390677,51.4822206],[-0.0391609,51.4822247],[-0.0392414,51.4822306],[-0.0393621,51.4822423],[-0.0394714,51.4822557],[-0.0395807,51.4822703],[-0.039696,51.4822881],[-0.0399993,51.4823362],[-0.0402033,51.4823688],[-0.040363,51.4823977],[-0.0405215,51.4824271],[-0.0406366,51.4824524],[-0.0407458,51.4824778],[-0.0408766,51.4825103],[-0.0409847,51.4825401],[-0.0410963,51.4825737],[-0.0412043,51.4826095],[-0.0413163,51.4826481],[-0.0414043,51.4826814],[-0.0415051,51.4827181],[-0.0416191,51.4827639],[-0.0417807,51.4828355],[-0.0419342,51.482904],[-0.0420768,51.4829658],[-0.042231,51.483032],[-0.0423715,51.4830929],[-0.0424526,51.483131],[-0.0425265,51.4831669],[-0.0425905,51.4831991],[-0.0426617,51.4832409],[-0.0427373,51.4832922],[-0.0428025,51.4833388],[-0.0428655,51.483391],[-0.042924,51.4834397],[-0.042998,51.4835048],[-0.0430625,51.4835732],[-0.043114,51.4836293],[-0.0431837,51.483711],[-0.0432863,51.4838525],[-0.0433507,51.483939],[-0.0434222,51.4840488]],[[-0.0434,51.4841546],[-0.0433203,51.4840035]],[[-0.0434,51.4841546],[-0.0433203,51.4840035]],[[-0.0433349,51.4823919],[-0.0432076,51.4828238],[-0.0431842,51.4829159],[-0.0431713,51.4830085],[-0.0431588,51.4831664],[-0.043167,51.4833195]],[[-0.0433349,51.4823919],[-0.0432076,51.4828238],[-0.0431842,51.4829159],[-0.0431713,51.4830085],[-0.0431588,51.4831664],[-0.043167,51.4833195]],[[-0.0425632,51.4784402],[-0.0429859,51.478854],[-0.0432013,51.4790745],[-0.0433619,51.4792261],[-0.0434474,51.4792968],[-0.0435582,51.4794215],[-0.0436366,51.479515],[-0.0436991,51.4795965],[-0.0437364,51.4796565],[-0.0437862,51.4797519],[-0.043842,51.4798575],[-0.0438752,51.479941],[-0.0439046,51.480032],[-0.0439188,51.4800919],[-0.0439337,51.4801703],[-0.0439461,51.4802961],[-0.0439404,51.4803787],[-0.0439292,51.4804829],[-0.043912,51.4805535],[-0.0438921,51.4806471],[-0.0438693,51.4807307],[-0.0438439,51.4808207],[-0.0438039,51.4809386],[-0.0436577,51.4813823],[-0.0433349,51.4823919]],[[-0.0425632,51.4784402],[-0.0429859,51.478854],[-0.0432013,51.4790745],[-0.0433619,51.4792261],[-0.0434474,51.4792968],[-0.0435582,51.4794215],[-0.0436366,51.479515],[-0.0436991,51.4795965],[-0.0437364,51.4796565],[-0.0437862,51.4797519],[-0.043842,51.4798575],[-0.0438752,51.479941],[-0.0439046,51.480032],[-0.0439188,51.4800919],[-0.0439337,51.4801703],[-0.0439461,51.4802961],[-0.0439404,51.4803787],[-0.0439292,51.4804829],[-0.043912,51.4805535],[-0.0438921,51.4806471],[-0.0438693,51.4807307],[-0.0438439,51.4808207],[-0.0438039,51.4809386],[-0.0436577,51.4813823],[-0.0433349,51.4823919]],[[-0.0433203,51.4840035],[-0.0431837,51.483711]],[[-0.0433203,51.4840035],[-0.0431837,51.483711]],[[-0.043167,51.4833195],[-0.0431883,51.4834504],[-0.0432204,51.4835823],[-0.0432568,51.4836915]],[[-0.043167,51.4833195],[-0.0431883,51.4834504],[-0.0432204,51.4835823],[-0.0432568,51.4836915]],[[-0.0431837,51.483711],[-0.0430789,51.4835039],[-0.0430521,51.4834322],[-0.0429458,51.4832222],[-0.042882,51.4830786],[-0.042827,51.4829574],[-0.0427806,51.4828104],[-0.0427508,51.482686],[-0.0427377,51.4826084],[-0.0427254,51.4824905],[-0.0427122,51.4823127],[-0.0427019,51.4816836],[-0.0426933,51.4815104],[-0.0426605,51.4807408],[-0.0426366,51.4803526],[-0.0426185,51.4799718],[-0.0426059,51.479809],[-0.0425956,51.4797161],[-0.0425808,51.4796461],[-0.0425667,51.4795842],[-0.0425328,51.4794786],[-0.0424869,51.4793745],[-0.0424406,51.4792725],[-0.0422537,51.4788979],[-0.0420511,51.4785809],[-0.041725,51.4780557]],[[-0.0431837,51.483711],[-0.0430789,51.4835039],[-0.0430521,51.4834322],[-0.0429458,51.4832222],[-0.042882,51.4830786],[-0.042827,51.4829574],[-0.0427806,51.4828104],[-0.0427508,51.482686],[-0.0427377,51.4826084],[-0.0427254,51.4824905],[-0.0427122,51.4823127],[-0.0427019,51.4816836],[-0.0426933,51.4815104],[-0.0426605,51.4807408],[-0.0426366,51.4803526],[-0.0426185,51.4799718],[-0.0426059,51.479809],[-0.0425956,51.4797161],[-0.0425808,51.4796461],[-0.0425667,51.4795842],[-0.0425328,51.4794786],[-0.0424869,51.4793745],[-0.0424406,51.4792725],[-0.0422537,51.4788979],[-0.0420511,51.4785809],[-0.041725,51.4780557]],[[-0.0418631,51.4776415],[-0.0420724,51.4779179],[-0.0422082,51.4780704],[-0.042362,51.4782274],[-0.0425632,51.4784402]],[[-0.0418631,51.4776415],[-0.0420724,51.4779179],[-0.0422082,51.4780704],[-0.042362,51.4782274],[-0.0425632,51.4784402]],[[-0.0413385,51.4767973],[-0.0415976,51.4772202],[-0.0417169,51.4774152],[-0.0418631,51.4776415]],[[-0.0413385,51.4767973],[-0.0415976,51.4772202],[-0.0417169,51.4774152],[-0.0418631,51.4776415]],[[-0.041725,51.4780557],[-0.0414447,51.4775773],[-0.0412564,51.4773197],[-0.04119,51.4772174],[-0.0410854,51.477063],[-0.0410173,51.4769601],[-0.040963,51.4768755],[-0.0409148,51.4767989]],[[-0.041725,51.4780557],[-0.0414447,51.4775773],[-0.0412564,51.4773197],[-0.04119,51.4772174],[-0.0410854,51.477063],[-0.0410173,51.4769601],[-0.040963,51.4768755],[-0.0409148,51.4767989]],[[-0.0409172,51.4760006],[-0.0412367,51.4766114],[-0.0413385,51.4767973]],[[-0.0409172,51.4760006],[-0.0412367,51.4766114],[-0.0413385,51.4767973]],[[-0.0409148,51.4767989],[-0.0408211,51.4766531],[-0.0403696,51.4757781],[-0.0402214,51.4754328]],[[-0.0409148,51.4767989],[-0.0408211,51.4766531],[-0.0403696,51.4757781],[-0.0402214,51.4754328]],[[-0.0408896,51.4766421],[-0.0409171,51.4766354],[-0.0408652,51.4765442],[-0.0407572,51.4763393],[-0.0407441,51.476342],[-0.0407069,51.4762724],[-0.0406318,51.4761265],[-0.040609,51.4760762],[-0.0404847,51.4758278],[-0.0403895,51.4756289],[-0.0402512,51.4753536],[-0.0402083,51.4753624],[-0.0402257,51.4754014],[-0.0403022,51.4755727],[-0.0403852,51.4757504],[-0.0404287,51.4758416],[-0.040494,51.4759811],[-0.040548,51.476091],[-0.0405972,51.4761912],[-0.0406341,51.4762666],[-0.0406864,51.4763647],[-0.0407431,51.4763539],[-0.0408896,51.4766421]],[[-0.0408896,51.4766421],[-0.0409171,51.4766354],[-0.0408652,51.4765442],[-0.0407572,51.4763393],[-0.0407441,51.476342],[-0.0407069,51.4762724],[-0.0406318,51.4761265],[-0.040609,51.4760762],[-0.0404847,51.4758278],[-0.0403895,51.4756289],[-0.0402512,51.4753536],[-0.0402083,51.4753624],[-0.0402257,51.4754014],[-0.0403022,51.4755727],[-0.0403852,51.4757504],[-0.0404287,51.4758416],[-0.040494,51.4759811],[-0.040548,51.476091],[-0.0405972,51.4761912],[-0.0406341,51.4762666],[-0.0406864,51.4763647],[-0.0407431,51.4763539],[-0.0408896,51.4766421]],[[-0.0378867,51.4634299],[-0.0377217,51.4642667],[-0.0376526,51.4647479],[-0.0376492,51.4647718],[-0.0376139,51.4651521]],[[-0.037393,51.4650122],[-0.0374111,51.4647391],[-0.0374132,51.4647203],[-0.0374593,51.4644089],[-0.0374806,51.4642646],[-0.0375548,51.4639065],[-0.0376346,51.4635407]],[[-0.0693109,51.4697824],[-0.069325,51.4698048],[-0.0694237,51.4697766],[-0.0697659,51.4696786],[-0.0702861,51.469526],[-0.0706665,51.4694237],[-0.070985,51.4693438],[-0.0712292,51.4692839],[-0.0716723,51.469193],[-0.0717896,51.4691707],[-0.0717799,51.4691456],[-0.0716696,51.4691659],[-0.0712123,51.4692544],[-0.0707955,51.4693495],[-0.0705145,51.4694277],[-0.0703929,51.4694616],[-0.0693109,51.4697824]]]}},{"type":"Feature","properties":{"name":"Lioness"},"geometry":{"type":"MultiLineString","coordinates":[[[-0.1342485,51.5287401],[-0.1345205,51.5289783],[-0.1346843,51.5291218],[-0.1348879,51.5292734],[-0.1352175,51.529501],[-0.1354272,51.5296445],[-0.1357185,51.529822],[-0.1358743,51.5299122],[-0.1359205,51.5299393],[-0.1360868,51.5300378],[-0.1362084,51.5301022],[-0.1364223,51.5302114],[-0.1366594,51.5303289],[-0.1369183,51.5304691],[-0.1370612,51.5305395],[-0.1373451,51.5306892],[-0.1374638,51.5307475],[-0.1376439,51.5308418],[-0.1377976,51.5309223],[-0.1379531,51.5309998],[-0.1381647,51.5311105],[-0.1382909,51.5311755],[-0.1384247,51.5312424],[-0.138757,51.5313971],[-0.1392842,51.5316233],[-0.1396482,51.531771],[-0.1398879,51.5318689],[-0.1402095,51.5320214],[-0.1405536,51.5321915],[-0.1408614,51.5323573],[-0.1411458,51.5325277],[-0.1414323,51.5327147],[-0.1416889,51.5328951],[-0.1419305,51.5330732],[-0.142208,51.5332963],[-0.1423628,51.5334251],[-0.1425427,51.5335787],[-0.1426508,51.5336739],[-0.1426562,51.5336786],[-0.1428275,51.5338296],[-0.1432479,51.5342117],[-0.1434363,51.5344008],[-0.1436073,51.5345424],[-0.1437628,51.5346859],[-0.1439344,51.5348383],[-0.1439847,51.5348842],[-0.1447335,51.5355675],[-0.1449876,51.5357998],[-0.1452196,51.5360131],[-0.1455299,51.5362946],[-0.1467336,51.5373824],[-0.1469193,51.5375498],[-0.1473037,51.5379021],[-0.1477575,51.5383174],[-0.1480643,51.5385954],[-0.1483594,51.5388679],[-0.1487245,51.5391973],[-0.1491613,51.539597],[-0.149536,51.539936],[-0.1497486,51.5401307],[-0.1497957,51.5401744],[-0.1498005,51.5401789],[-0.1500344,51.5403966],[-0.1505849,51.540889],[-0.150876,51.5411217],[-0.1510866,51.5412758],[-0.1513128,51.5414309],[-0.1515433,51.5415728],[-0.1517573,51.5416974],[-0.1521589,51.541912],[-0.1524428,51.5420497],[-0.1527471,51.5421827],[-0.1529972,51.5422894],[-0.1532234,51.5423755],[-0.1535152,51.542483],[-0.1539638,51.5426232],[-0.1542082,51.5426929],[-0.1544619,51.5427596],[-0.1545532,51.5427812],[-0.1547154,51.5428196],[-0.1549011,51.5428612],[-0.155114,51.5429048],[-0.1553205,51.5429381],[-0.1555486,51.542975],[-0.1558359,51.543014],[-0.1558683,51.5430174],[-0.1561105,51.5430465],[-0.1563675,51.5430639],[-0.156581,51.5430753],[-0.1570408,51.543085],[-0.1573188,51.5430779],[-0.1575811,51.5430696],[-0.1580578,51.5430477],[-0.1589141,51.5430386],[-0.1597294,51.543027],[-0.1600324,51.54303],[-0.1603424,51.5430282],[-0.1608628,51.5430106],[-0.1616957,51.5430631],[-0.1619949,51.5431014],[-0.1628558,51.5432182],[-0.1634825,51.54329],[-0.1638912,51.5433217],[-0.1644165,51.5433162],[-0.1647307,51.5432933],[-0.1689124,51.5427671],[-0.1750951,51.541927],[-0.1771062,51.5416444],[-0.1774822,51.5415902],[-0.1781318,51.5414929],[-0.1791497,51.5413611],[-0.1797603,51.5412737],[-0.180107,51.5412131],[-0.1806906,51.5410979],[-0.1817491,51.5408636],[-0.1829235,51.5405896],[-0.1833248,51.5404966],[-0.1836594,51.5404118],[-0.1839838,51.5403217],[-0.1843357,51.5402255],[-0.1846951,51.5401226],[-0.1850647,51.5400171],[-0.1854516,51.5399055],[-0.1858148,51.5397955],[-0.1861774,51.5396836],[-0.1865632,51.5395606],[-0.1868633,51.5394621],[-0.1874237,51.5392673],[-0.1877255,51.5391591],[-0.1880542,51.5390368],[-0.1883586,51.5389185],[-0.1887529,51.5387699],[-0.1891894,51.538602],[-0.1895837,51.5384436],[-0.1899831,51.5382824],[-0.1919269,51.5374942],[-0.1922821,51.5373581],[-0.1929268,51.5370853],[-0.1931876,51.5369832],[-0.1934728,51.5368727],[-0.1937415,51.536777],[-0.1939695,51.5366921],[-0.194282,51.5365726],[-0.1946304,51.5364508],[-0.1949877,51.5363403],[-0.1953774,51.5362286],[-0.1960077,51.5360632],[-0.1964297,51.5359437],[-0.196823,51.5358365],[-0.1971795,51.5357381],[-0.197572,51.5356374],[-0.1979743,51.535523],[-0.1985371,51.535378],[-0.1990921,51.5352289],[-0.1995704,51.5351009],[-0.2000124,51.5349811],[-0.2004985,51.5348525],[-0.2007591,51.5347869],[-0.2010923,51.5347113],[-0.2016097,51.5345952],[-0.2020008,51.5345268],[-0.2023706,51.5344599],[-0.2029336,51.5343611],[-0.203452,51.5342695],[-0.2038326,51.5342014],[-0.2042011,51.5341359],[-0.2046029,51.5340667],[-0.2048174,51.5340273],[-0.2052622,51.5339465],[-0.2062726,51.5337648],[-0.2065232,51.5337198],[-0.2072527,51.5335887],[-0.2079644,51.533462],[-0.2083771,51.5333862],[-0.2085115,51.5333635],[-0.2087638,51.533323],[-0.2089833,51.5332911],[-0.2092888,51.5332518],[-0.2095362,51.533221],[-0.2098562,51.533183],[-0.2100681,51.5331529],[-0.2103239,51.5331214],[-0.2108212,51.5330575],[-0.211249,51.532997],[-0.2115268,51.5329537],[-0.2118428,51.5328973],[-0.2121947,51.5328279],[-0.2155184,51.532117],[-0.2170896,51.5317727],[-0.2183433,51.5314807],[-0.2190463,51.5313188],[-0.2194085,51.5312391],[-0.2197735,51.5311636],[-0.2201478,51.5310921],[-0.2205239,51.5310241],[-0.2209144,51.5309575],[-0.2213065,51.5308967],[-0.2216898,51.5308404],[-0.2220748,51.5307885],[-0.2223978,51.5307517],[-0.2227207,51.5307214],[-0.2231369,51.5306858],[-0.2240007,51.5306165],[-0.2247412,51.5305581],[-0.2248077,51.5305528],[-0.2250489,51.5305349],[-0.2292287,51.5302739],[-0.2302383,51.5302257],[-0.2310911,51.5301986],[-0.2316718,51.5301841],[-0.2324853,51.5301696],[-0.2329357,51.5301742],[-0.2336518,51.5301937],[-0.2341343,51.5302207],[-0.2346532,51.5302549],[-0.2350641,51.530281],[-0.2355929,51.5303208],[-0.2358649,51.5303512],[-0.2361207,51.5303872],[-0.2362741,51.5304138],[-0.2366058,51.5304951],[-0.2369017,51.5305826],[-0.2371515,51.5306747],[-0.237373,51.5307714],[-0.2375207,51.5308401],[-0.2376986,51.5309439],[-0.2378802,51.5310532],[-0.238091,51.5311803],[-0.2383192,51.5313094],[-0.2385012,51.5314082],[-0.2386546,51.5314928],[-0.2388363,51.5315751],[-0.2390299,51.5316515],[-0.2392286,51.5317247],[-0.2394088,51.5317811],[-0.2395791,51.5318254],[-0.2397817,51.53187],[-0.2400209,51.5319136],[-0.240312,51.5319513],[-0.2405779,51.5319812],[-0.241371,51.5320578],[-0.2420154,51.532119],[-0.2424372,51.5321622],[-0.2427592,51.5321925],[-0.2429446,51.5322054],[-0.2431352,51.5322148],[-0.2438573,51.5322418],[-0.2440683,51.5322532],[-0.2443078,51.5322697],[-0.2445947,51.5322977],[-0.2448423,51.5323298],[-0.2451581,51.5323764],[-0.2456259,51.5324545],[-0.2458727,51.5324947],[-0.2460838,51.532524],[-0.2462854,51.5325466],[-0.2464379,51.5325611],[-0.2466977,51.5325913],[-0.2473349,51.5326653],[-0.2476936,51.5327224],[-0.2479774,51.5327834],[-0.248331,51.5328612],[-0.2487323,51.5329633],[-0.2490801,51.5330592],[-0.2495056,51.533177],[-0.2499063,51.5332933],[-0.2502056,51.5333847],[-0.2506014,51.5335134],[-0.2509565,51.5336354],[-0.2513239,51.5337598],[-0.251518,51.533829],[-0.2520492,51.5340348],[-0.2524998,51.5342135],[-0.2531494,51.5344952],[-0.2559323,51.5355708],[-0.2562175,51.5356819],[-0.2568472,51.5359289],[-0.2572772,51.5361046],[-0.2573148,51.5361198],[-0.2574458,51.5361719],[-0.257829,51.5363366],[-0.2582051,51.536507],[-0.2588874,51.5368262],[-0.259929,51.537319],[-0.2606552,51.5376318],[-0.2611088,51.5378611],[-0.2614432,51.5380124],[-0.2617691,51.5381727],[-0.2621116,51.5383287],[-0.2625514,51.5385331],[-0.2628081,51.5386513],[-0.2630398,51.538757],[-0.2633683,51.5389049],[-0.2637315,51.5390616],[-0.2640683,51.5392087],[-0.2644092,51.5393614],[-0.2647674,51.5395123],[-0.2651331,51.5396711],[-0.2655977,51.5398723],[-0.2659327,51.5400213],[-0.2662968,51.5401773],[-0.2667224,51.540361],[-0.2673193,51.5406244],[-0.2683873,51.5410792],[-0.2695364,51.5415578],[-0.2704951,51.5419506],[-0.2711497,51.542196],[-0.2724443,51.5426793],[-0.2740519,51.5432905],[-0.2747008,51.5435327],[-0.2751475,51.5436998],[-0.2768422,51.5443193],[-0.2771262,51.5444229],[-0.2777761,51.5446559],[-0.2782511,51.544826],[-0.278601,51.5449572],[-0.2789541,51.5450828],[-0.2793561,51.5452243],[-0.2796382,51.5453191],[-0.2801106,51.5454891],[-0.2806019,51.5456684],[-0.2811563,51.5458662],[-0.2816363,51.5460375],[-0.2820099,51.5461731],[-0.2823267,51.5462794],[-0.2828254,51.5464355],[-0.2831382,51.5465224],[-0.2835589,51.5466284],[-0.2839936,51.5467223],[-0.2842416,51.5467742],[-0.2845611,51.5468334],[-0.2849445,51.5468987],[-0.2851849,51.5469347],[-0.2854663,51.5469717],[-0.2857594,51.5470066],[-0.2861297,51.5470471],[-0.2865748,51.547081],[-0.2869084,51.5471019],[-0.2871527,51.5471189],[-0.2874178,51.5471362],[-0.2876573,51.5471512],[-0.2882301,51.5471883],[-0.2900109,51.5473084],[-0.2902073,51.5473255],[-0.2904969,51.5473599],[-0.2907582,51.5474006],[-0.2910215,51.5474596],[-0.2912405,51.5475173],[-0.2914746,51.5475907],[-0.2916581,51.5476569],[-0.2918537,51.5477368],[-0.2920575,51.5478293],[-0.2922409,51.5479269],[-0.2924112,51.5480352],[-0.2925952,51.5481669],[-0.292721,51.5482694],[-0.2928327,51.548366],[-0.292871,51.5483995],[-0.2930933,51.5486118],[-0.2933733,51.5488983],[-0.2939862,51.5495359],[-0.2942373,51.5498028],[-0.2946561,51.5502287],[-0.2950854,51.5506276],[-0.2954726,51.5509699],[-0.2959374,51.5513876],[-0.2968861,51.5522862],[-0.2971764,51.5525706],[-0.2974132,51.552836],[-0.2977558,51.5532296],[-0.2980409,51.5535602],[-0.2983616,51.5539273],[-0.2986693,51.5542908],[-0.2988915,51.5545659],[-0.2990514,51.5547635],[-0.2992657,51.5550473],[-0.2994729,51.5553284],[-0.2996074,51.5555133],[-0.2998762,51.5558989],[-0.3001008,51.5562234],[-0.3003609,51.5566114],[-0.3005898,51.5569625],[-0.3008065,51.557308],[-0.30104,51.5576806],[-0.3012807,51.5580828],[-0.3014994,51.5584447],[-0.3017945,51.5589533],[-0.3020526,51.5593807],[-0.3022482,51.5597217],[-0.3023454,51.5598743],[-0.3024958,51.5601146],[-0.3038951,51.5623981],[-0.3041166,51.5627752],[-0.3043254,51.5631275],[-0.3044389,51.5633275],[-0.3046472,51.5637052],[-0.3048358,51.5640333],[-0.304999,51.5643297],[-0.3051888,51.5646599],[-0.3053832,51.5650037],[-0.3055614,51.5653224],[-0.3057986,51.5657432],[-0.3060405,51.5661626],[-0.3063136,51.5666453],[-0.3065775,51.5670611],[-0.3068378,51.5675157],[-0.3070936,51.567938],[-0.3073112,51.5683163],[-0.3076016,51.5687846],[-0.3078227,51.569099],[-0.3079291,51.5692471],[-0.3081143,51.5695147],[-0.3082971,51.5697873],[-0.3084105,51.5699708],[-0.3085807,51.570252],[-0.308782,51.5706167],[-0.3089545,51.5709548],[-0.3090956,51.571254],[-0.3093005,51.5716597],[-0.3094509,51.5719373],[-0.3096673,51.5723056],[-0.3098178,51.5725602],[-0.3100573,51.5729694],[-0.3103258,51.5734182],[-0.3105457,51.5737887],[-0.3108118,51.5742439],[-0.3110445,51.5746359],[-0.311262,51.5750135],[-0.3114345,51.5753177],[-0.3117689,51.5758471],[-0.3120189,51.5762412],[-0.3122781,51.5766511],[-0.3125813,51.5770906],[-0.3128438,51.5774581],[-0.3130839,51.5778027],[-0.3133925,51.5781809],[-0.3136668,51.5785066],[-0.3139168,51.5788051],[-0.3142454,51.5791625],[-0.3146134,51.5795372],[-0.3148646,51.5798004],[-0.3152489,51.580216],[-0.3159844,51.5808978],[-0.3166625,51.5815221],[-0.3172299,51.5820612],[-0.3183562,51.5830031],[-0.3190213,51.5834831],[-0.319335,51.5837167],[-0.319651,51.5839454],[-0.3200213,51.5842085],[-0.320446,51.5845141],[-0.3206693,51.5846659],[-0.3210142,51.5848895],[-0.3212862,51.5850793],[-0.3216854,51.5853375],[-0.3220777,51.5855812],[-0.3225059,51.5858487],[-0.3229387,51.5861083],[-0.3236997,51.5865732],[-0.3241691,51.5868433],[-0.3251454,51.5873848],[-0.3270337,51.5883247],[-0.3299466,51.5897378],[-0.3319632,51.5906629],[-0.3321406,51.5907443],[-0.3335047,51.5913713],[-0.3344771,51.5918438],[-0.3346693,51.5919372],[-0.3347821,51.591992],[-0.3350173,51.5921063],[-0.3352928,51.5922299],[-0.3355136,51.5923132],[-0.3357529,51.5924152],[-0.3360256,51.5925406],[-0.3374287,51.59322],[-0.3376891,51.5933731],[-0.3380762,51.5936004],[-0.3382449,51.5937059],[-0.338427,51.5937957],[-0.3389464,51.5940553],[-0.3437849,51.5963488],[-0.3447174,51.5967862],[-0.3478931,51.5982857],[-0.3527326,51.6006021],[-0.3540394,51.6012179],[-0.3550654,51.6016811],[-0.3556321,51.6019291],[-0.3563006,51.6022309],[-0.3569613,51.6025397],[-0.3571663,51.6026355],[-0.3578637,51.6030003],[-0.3582223,51.6032143],[-0.3606457,51.6044954],[-0.3632045,51.6059481],[-0.3646207,51.6067976],[-0.3656614,51.6074273],[-0.368229,51.6091549],[-0.3688107,51.609576],[-0.3693741,51.6100157],[-0.3711921,51.6114916],[-0.3730053,51.6129607],[-0.3742445,51.6139567],[-0.3756446,51.6150692],[-0.3770819,51.6162847],[-0.377678,51.6168365],[-0.3784391,51.6175836],[-0.3794453,51.6185835],[-0.3803009,51.6195092],[-0.3812021,51.6206416],[-0.3821191,51.6218535],[-0.3828942,51.6230383],[-0.3834112,51.6238712],[-0.3838312,51.6245885],[-0.3843238,51.6255203],[-0.3848843,51.6264438],[-0.3851863,51.6269745],[-0.3854898,51.6275246],[-0.3856054,51.6277724],[-0.3857076,51.6280237],[-0.3857928,51.6282432],[-0.3859335,51.6286057],[-0.3860457,51.6289321],[-0.3862468,51.6295583],[-0.3863795,51.629972],[-0.3865149,51.6303946],[-0.3866703,51.6308788],[-0.3867856,51.6312868],[-0.3869441,51.6318861],[-0.3871424,51.6328708],[-0.3872201,51.633255],[-0.3873196,51.6339322],[-0.38737,51.6345418],[-0.3874213,51.6353979],[-0.3874351,51.635949],[-0.3873889,51.6374033],[-0.3873353,51.6379426],[-0.387266,51.638474],[-0.3872035,51.6389166],[-0.3869433,51.6399403],[-0.3867769,51.6405227],[-0.386689,51.6408373],[-0.386442,51.6415846],[-0.386238,51.6421457],[-0.3857552,51.6433842],[-0.3857069,51.643533],[-0.3854184,51.6443488],[-0.3852702,51.6447988],[-0.385242,51.6448998],[-0.385215,51.6450169],[-0.3851994,51.6451229],[-0.3851863,51.6452482],[-0.3851879,51.6454638],[-0.3851955,51.6456127],[-0.3852232,51.6457427],[-0.3852589,51.6458706],[-0.3853453,51.6460533],[-0.3854371,51.646205],[-0.3855516,51.6463546],[-0.3856797,51.6464697],[-0.3859082,51.6466894],[-0.3861362,51.6468594],[-0.3864197,51.6470063],[-0.3866578,51.6471134],[-0.3869489,51.6472226],[-0.3872731,51.6473143],[-0.3876134,51.6473842],[-0.3878993,51.6474295],[-0.3882069,51.6474567],[-0.3885644,51.6474826],[-0.388876,51.6474915],[-0.389155,51.6475002],[-0.3903234,51.6475097],[-0.3910915,51.6475285],[-0.3917146,51.6475276],[-0.3922034,51.6475559],[-0.3926804,51.6475945],[-0.3930395,51.647653],[-0.3933313,51.6477108],[-0.3936198,51.6477879],[-0.393891,51.6478894],[-0.3941155,51.6479912],[-0.3943279,51.6481141],[-0.3944999,51.6482206],[-0.3946289,51.6483214],[-0.3946776,51.6483606],[-0.3948054,51.6484818],[-0.3949584,51.648648],[-0.395089,51.648838],[-0.3952212,51.6491127],[-0.3952717,51.6493291],[-0.395283,51.6496072],[-0.3952578,51.6498446],[-0.3952074,51.6500462],[-0.3951292,51.6502567],[-0.395105,51.6502979],[-0.3950166,51.6504575],[-0.3948997,51.6506204],[-0.3947329,51.6508251],[-0.3944858,51.6510993],[-0.3942609,51.6512944],[-0.3940432,51.6514577],[-0.3937698,51.6516372],[-0.3935287,51.6517799],[-0.3925453,51.6523036],[-0.3921439,51.6525174],[-0.3913049,51.6529435],[-0.3909427,51.6531916],[-0.3906691,51.6534396],[-0.3904438,51.6537058],[-0.3902695,51.6539889],[-0.3901273,51.6542745],[-0.3900071,51.6546095],[-0.3899503,51.6548758],[-0.3899266,51.6552367],[-0.3899503,51.6555064],[-0.3899905,51.6557143],[-0.3900763,51.6559988],[-0.3902403,51.6564298],[-0.3904867,51.6570356],[-0.3906638,51.6574697],[-0.3908404,51.6578821],[-0.3911176,51.6586555],[-0.3911946,51.6588686],[-0.3913377,51.6592137],[-0.3914738,51.6594912],[-0.3916053,51.659726],[-0.3916936,51.6598688],[-0.3918679,51.6601217],[-0.3920018,51.6602858],[-0.3921508,51.6604642],[-0.3922105,51.6605288],[-0.3924728,51.6607813],[-0.3926817,51.6609518],[-0.3933023,51.6614181],[-0.3936335,51.6616391],[-0.3937539,51.6617156],[-0.39399,51.6618765],[-0.394323,51.6621035],[-0.3943835,51.6621418],[-0.394921,51.662482],[-0.3952755,51.6627117],[-0.3955965,51.6629263],[-0.3958447,51.6631006],[-0.3960902,51.6632766]],[[-0.3933822,51.651727],[-0.3934458,51.651772],[-0.3932253,51.6519051],[-0.3926975,51.6521716],[-0.3920213,51.6525314],[-0.391668,51.6527194],[-0.391565,51.6526423],[-0.3919259,51.6524619],[-0.3931542,51.6518469],[-0.3933822,51.651727]],[[-0.3857809,51.6284631],[-0.3858342,51.6284536],[-0.3857435,51.6282049],[-0.3856373,51.6279146],[-0.3854764,51.6275483],[-0.3852527,51.6271359],[-0.3849009,51.6265282],[-0.3848625,51.6265357],[-0.3853975,51.6275672],[-0.3857809,51.6284631]],[[-0.3852718,51.6452779],[-0.3852715,51.6452663],[-0.3852083,51.6452562],[-0.385197,51.6454416],[-0.3852083,51.6455537],[-0.3852197,51.6456255],[-0.3852198,51.6456378],[-0.3852391,51.6457205],[-0.3852642,51.6458024],[-0.3852735,51.6458363],[-0.3852844,51.6458667],[-0.3853282,51.6459667],[-0.3853678,51.6460531],[-0.385431,51.6461621],[-0.385546,51.6463264],[-0.3855901,51.6463142],[-0.3855017,51.6461954],[-0.3854384,51.6461051],[-0.3853756,51.6459898],[-0.3853246,51.6458798],[-0.3853022,51.6458078],[-0.3852698,51.6456576],[-0.3852685,51.6456377],[-0.3852672,51.6456329],[-0.3852635,51.6455594],[-0.3852582,51.6454581],[-0.3852718,51.6452779]],[[-0.3694448,51.6100404],[-0.3690988,51.6097705],[-0.3685569,51.609368],[-0.3682527,51.6091428],[-0.3683075,51.6091292],[-0.368895,51.609544],[-0.3691551,51.6097389],[-0.369499,51.6100139],[-0.3694448,51.6100404]],[[-0.33352,51.5913592],[-0.3335593,51.5913275],[-0.3340682,51.5915712],[-0.3342326,51.59165],[-0.3342708,51.5916193],[-0.3343398,51.5916524],[-0.3343217,51.5916669],[-0.3343446,51.5916779],[-0.3344117,51.5917101],[-0.3343917,51.5917262],[-0.3346465,51.5918483],[-0.3346757,51.5918248],[-0.3347612,51.5918657],[-0.3347874,51.5918783],[-0.3347657,51.5918958],[-0.3347499,51.5919085],[-0.3347346,51.591921],[-0.3348295,51.5919662],[-0.3348778,51.5919889],[-0.3349025,51.5920009],[-0.3349426,51.59202],[-0.3349737,51.5919948],[-0.3350564,51.592035],[-0.3350405,51.5920476],[-0.335072,51.5920629],[-0.3350325,51.5920942],[-0.3348551,51.592008],[-0.3347974,51.5919799],[-0.3346845,51.5919251],[-0.3342808,51.5917289],[-0.33352,51.5913592]],[[-0.316951,51.5817563],[-0.3169794,51.5817461],[-0.3170115,51.5817356],[-0.3169105,51.5816445],[-0.3167327,51.5814841],[-0.3167783,51.5814642],[-0.3165841,51.5812953],[-0.3165415,51.581317],[-0.3164988,51.5812787],[-0.3159727,51.5808056],[-0.3159308,51.5808225],[-0.3164528,51.5813003],[-0.316951,51.5817563]],[[-0.3086575,51.5704396],[-0.3085521,51.5702563],[-0.3083781,51.5699771],[-0.3082561,51.5697975],[-0.308076,51.5695254],[-0.3079556,51.5693488],[-0.3079245,51.5693552],[-0.3080605,51.5695711],[-0.3082937,51.5699304],[-0.3084785,51.5702358],[-0.3085645,51.5703839],[-0.3086043,51.5704524],[-0.3086575,51.5704396]],[[-0.3034454,51.5616147],[-0.3039114,51.5623963],[-0.3040689,51.5626668],[-0.3041161,51.5626586],[-0.3040824,51.5626003],[-0.3034986,51.5616021],[-0.3034454,51.5616147]],[[-0.1342392,51.5286998],[-0.1347021,51.5291169],[-0.1351185,51.5294144],[-0.1354555,51.5296292],[-0.1356759,51.5297775],[-0.1359359,51.5299345],[-0.1359765,51.5299583],[-0.1360908,51.5300243],[-0.1362218,51.5300943],[-0.1362344,51.5300874],[-0.1361108,51.5300118],[-0.135971,51.5299222],[-0.1357278,51.5297583],[-0.135153,51.529401],[-0.134752,51.5290956],[-0.1342861,51.5286794],[-0.1342629,51.5286895],[-0.1342392,51.5286998]]]}},{"type":"Feature","properties":{"name":"Mildmay"},"geometry":{"type":"MultiLineString","coordinates":[[[-0.297618,51.4636113],[-0.297741,51.4635916],[-0.2978644,51.4635728],[-0.2982392,51.4635235],[-0.2985855,51.4634878],[-0.2992678,51.463421],[-0.3011125,51.4632722]],[[-0.297618,51.4636113],[-0.298149,51.4635145],[-0.2986323,51.4634337],[-0.2988347,51.4633977],[-0.299043,51.4633661],[-0.2992507,51.4633408],[-0.2995164,51.4633076],[-0.2997846,51.4632843],[-0.3010931,51.4631788]],[[-0.296835,51.463754],[-0.2972161,51.4636829],[-0.297618,51.4636113]],[[-0.296835,51.463754],[-0.2972161,51.4636829],[-0.297618,51.4636113]],[[-0.2442803,51.5307877],[-0.2444576,51.5303528],[-0.2445316,51.5302026],[-0.2446312,51.5300246],[-0.2447262,51.5298911],[-0.2448268,51.529773],[-0.2449598,51.5296263],[-0.2451222,51.5294874],[-0.2452666,51.5293717],[-0.2453797,51.5292958],[-0.2455212,51.5291999],[-0.2456825,51.529107],[-0.2459053,51.5289984],[-0.2461191,51.5289075],[-0.2463801,51.5288119],[-0.2465968,51.5287416],[-0.2469154,51.528656],[-0.2473087,51.5285653],[-0.2477669,51.5284568],[-0.2483056,51.5283301],[-0.2487908,51.5282156],[-0.24906,51.5281438],[-0.2492867,51.5280736],[-0.249497,51.528005],[-0.2496787,51.5279368],[-0.2499565,51.5278097],[-0.2501759,51.5276994],[-0.2503821,51.5275802],[-0.2506202,51.527423],[-0.2508927,51.5272066],[-0.2511576,51.5269756],[-0.2514108,51.5267259],[-0.2518856,51.5262555],[-0.2523396,51.5257821],[-0.2527522,51.5253301],[-0.2529682,51.525097],[-0.2532273,51.5248004],[-0.2536894,51.5242802],[-0.2539058,51.52403],[-0.2541469,51.5237565],[-0.2545027,51.5232858],[-0.2547821,51.5228602],[-0.2550633,51.52244],[-0.2550893,51.5224018],[-0.2551634,51.5222866],[-0.255525,51.5217242],[-0.2557249,51.521427],[-0.2558881,51.5211506],[-0.2560148,51.520923],[-0.2561355,51.5206741],[-0.2563396,51.5202659],[-0.2566249,51.5197017],[-0.256873,51.5192607],[-0.2570902,51.518898],[-0.2572681,51.5186325],[-0.2573855,51.5184524],[-0.2575356,51.5182384],[-0.2576811,51.5180379],[-0.2578007,51.517873],[-0.2579558,51.517669],[-0.2580697,51.5175135],[-0.2581986,51.517339],[-0.2583887,51.5170803],[-0.2585757,51.5168402],[-0.2587068,51.5166654],[-0.2588691,51.5164456],[-0.2590237,51.5162346],[-0.2592602,51.5159114],[-0.2595458,51.5155299],[-0.2597831,51.5152077],[-0.2600235,51.5148666],[-0.2602878,51.5144795],[-0.2605105,51.5140841],[-0.2606787,51.5137545],[-0.2609513,51.5132939],[-0.2612077,51.5128177],[-0.2614289,51.5123688],[-0.261591,51.5120223],[-0.2617996,51.5115414],[-0.2619654,51.5111159],[-0.26212,51.5106928],[-0.2622871,51.5102087],[-0.2624341,51.50976],[-0.2624693,51.5096527],[-0.2626956,51.5089916],[-0.2627123,51.5089428],[-0.2627245,51.5089053],[-0.2627891,51.5087061],[-0.2628531,51.5085088],[-0.2630838,51.507792],[-0.2632139,51.5074433],[-0.2633904,51.5070314],[-0.2635645,51.5066584],[-0.2637259,51.5063717],[-0.2638679,51.5060964],[-0.2642022,51.5055301],[-0.2644749,51.5050921],[-0.2647337,51.5047057],[-0.2651233,51.5041754],[-0.2655216,51.5036865],[-0.2657797,51.5033732],[-0.2659363,51.5031835],[-0.2663749,51.5026939],[-0.2670672,51.5019821],[-0.2677584,51.5013485],[-0.2683584,51.5008385],[-0.2690877,51.5002862],[-0.2691796,51.5002207],[-0.2699093,51.4996989],[-0.2704823,51.4993066],[-0.27082,51.4990805],[-0.2710681,51.4988942],[-0.2712031,51.4987902],[-0.2714427,51.4985764],[-0.2716063,51.4984045],[-0.2718611,51.4981083],[-0.2720447,51.4978178],[-0.272248,51.497398],[-0.2723022,51.49723],[-0.2723949,51.4966441],[-0.2723518,51.4961878],[-0.2722946,51.4959763],[-0.2722651,51.4958674],[-0.2721355,51.4952624],[-0.2721784,51.4946318],[-0.2723738,51.4939619],[-0.2725709,51.49361],[-0.2727912,51.4933449],[-0.2732582,51.4929102],[-0.2735073,51.4927221],[-0.2735601,51.4926827],[-0.2737614,51.4925324],[-0.2741025,51.4923174],[-0.2746455,51.492018],[-0.2748496,51.4918938],[-0.274945,51.491822],[-0.2750282,51.4917594],[-0.275114,51.4916831],[-0.2752121,51.4915959],[-0.2754326,51.4913902],[-0.2756055,51.4912132],[-0.2757298,51.4910771],[-0.2758329,51.4909547],[-0.2759599,51.4907924],[-0.2760729,51.4906405],[-0.2761242,51.4905602],[-0.2762156,51.4903982],[-0.2762871,51.4902553],[-0.2764314,51.4899859],[-0.2766174,51.4894332],[-0.2766379,51.4893583],[-0.2766742,51.4891997],[-0.2766931,51.4890019],[-0.276723,51.4884126],[-0.2769032,51.487359],[-0.277246,51.4865017],[-0.2772961,51.4864018],[-0.2774061,51.4862034],[-0.2775335,51.4859963],[-0.2776636,51.4857925],[-0.2778085,51.4855904],[-0.2779627,51.4853917],[-0.2781303,51.4851971],[-0.2783126,51.4849954],[-0.278395,51.4849091],[-0.2785602,51.4847451],[-0.2800402,51.4833106],[-0.2817874,51.4816386],[-0.282252,51.4811963],[-0.2829311,51.480446],[-0.2831028,51.4802434],[-0.2833465,51.4799329],[-0.283747,51.4793927],[-0.2839203,51.4791358],[-0.2840778,51.4788828],[-0.2842249,51.4786032],[-0.2845068,51.4780678],[-0.2847334,51.4776018],[-0.2848378,51.4773683],[-0.2849078,51.477185],[-0.2849552,51.4770725],[-0.2850526,51.4768287],[-0.2851386,51.476592],[-0.2852363,51.4763084],[-0.2854498,51.475513],[-0.2860066,51.4735622],[-0.2864519,51.4720048],[-0.2870274,51.4700543],[-0.2871404,51.46962],[-0.2873424,51.4691159],[-0.2875945,51.4685894],[-0.2878864,51.4681287],[-0.2880388,51.4678824],[-0.2884181,51.4674158],[-0.2885317,51.4672674],[-0.2886166,51.4671723],[-0.2887531,51.4669984],[-0.2889197,51.4668044],[-0.2890826,51.4666149],[-0.2892675,51.466429],[-0.2894415,51.466248],[-0.2896454,51.4660533],[-0.2898658,51.4658504],[-0.2900417,51.465695],[-0.290196,51.4655675],[-0.2903711,51.4654291],[-0.2905369,51.4653069],[-0.2907467,51.4651695],[-0.290931,51.4650614],[-0.2911356,51.4649558],[-0.2913211,51.4648718],[-0.291503,51.4647967],[-0.291749,51.4647051],[-0.2919544,51.4646457],[-0.2922211,51.4645755],[-0.292357,51.4645398],[-0.2925583,51.4644948],[-0.2927478,51.4644586],[-0.2929328,51.4644252],[-0.2931086,51.4643941],[-0.2938091,51.4642822],[-0.295786,51.4639455],[-0.296835,51.463754]],[[-0.296835,51.463754],[-0.296673,51.4637852],[-0.2959589,51.4639427],[-0.2957998,51.4639761],[-0.2938364,51.4643177],[-0.2931846,51.4644239],[-0.2927846,51.4644934],[-0.2924853,51.4645468],[-0.2922433,51.464601],[-0.2919917,51.464665],[-0.2917362,51.4647464],[-0.2915788,51.4648053],[-0.2914095,51.4648773],[-0.2912388,51.4649463],[-0.2911029,51.4650117],[-0.2909732,51.4650797],[-0.2908451,51.4651512],[-0.290735,51.4652199],[-0.2906294,51.4652897],[-0.2905062,51.4653715],[-0.2903976,51.4654541],[-0.2902945,51.4655412],[-0.2901922,51.4656239],[-0.2900821,51.4657136],[-0.289961,51.4658209],[-0.2898339,51.4659334],[-0.2896948,51.4660608],[-0.2894983,51.4662573],[-0.2893081,51.4664457],[-0.2891797,51.4665884],[-0.2889716,51.4668166],[-0.2887612,51.4670522],[-0.288573,51.4672822],[-0.2884582,51.4674267],[-0.2880897,51.467895],[-0.287927,51.4681356],[-0.287643,51.4686025],[-0.2873835,51.469128],[-0.2871801,51.4696214],[-0.2870731,51.4700616],[-0.2864976,51.472012],[-0.2860523,51.4735695],[-0.2854955,51.4755203],[-0.2852819,51.4763157],[-0.2852045,51.4765471],[-0.2851036,51.4768472],[-0.2850131,51.4770773],[-0.2849063,51.4773316],[-0.2848351,51.4774877],[-0.2848189,51.4775232],[-0.2847353,51.4777079],[-0.2846401,51.477908],[-0.2846083,51.4779752],[-0.2844172,51.4783365],[-0.284292,51.4785708],[-0.284161,51.4788167],[-0.2839751,51.4791127],[-0.2837727,51.4794322],[-0.2833836,51.4799575],[-0.2831428,51.4802656],[-0.2829741,51.4804678],[-0.2823017,51.4812048],[-0.2818407,51.4816556],[-0.280078,51.4833326],[-0.2785925,51.484767],[-0.2784278,51.4849333],[-0.2783445,51.4850191],[-0.2781732,51.4852121],[-0.2780069,51.4854059],[-0.2778527,51.4856038],[-0.2777092,51.4858042],[-0.2775791,51.486008],[-0.2774531,51.4862134],[-0.2773387,51.4864213],[-0.2772885,51.4865216],[-0.2769713,51.4873669],[-0.2767911,51.4884205],[-0.2767615,51.4890341],[-0.2767515,51.4892159],[-0.2767194,51.4893877],[-0.2767098,51.4894412],[-0.2765481,51.4899868],[-0.2764939,51.4901125],[-0.2764241,51.4902743],[-0.2763871,51.4903698],[-0.2763214,51.4905006],[-0.2762292,51.4906551],[-0.2760547,51.4908983],[-0.2759183,51.4910694],[-0.2758167,51.4911907],[-0.2757024,51.4913158],[-0.2755663,51.4914523],[-0.2754703,51.4915407],[-0.2753798,51.4916143],[-0.2753247,51.4916596],[-0.2752284,51.4917334],[-0.2751392,51.4918019],[-0.2750445,51.4918675],[-0.2749839,51.4919089],[-0.274801,51.4920018],[-0.2741959,51.4923137],[-0.2738102,51.4925676],[-0.2736124,51.492701],[-0.273324,51.4929127],[-0.2728612,51.4933475],[-0.2726512,51.4936177],[-0.2724324,51.4939594],[-0.2722371,51.4946292],[-0.2721941,51.4952598],[-0.2723237,51.4958648],[-0.2723497,51.4959705],[-0.2724053,51.4961962],[-0.2724535,51.4966415],[-0.2723608,51.4972274],[-0.2722976,51.4974225],[-0.2721033,51.4978152],[-0.2719131,51.4981242],[-0.2716658,51.4984167],[-0.2714998,51.4985854],[-0.2712017,51.498851],[-0.2710681,51.498979],[-0.2705293,51.499309],[-0.2701368,51.4995814],[-0.2699363,51.499714],[-0.2691253,51.5003108],[-0.2689162,51.5004634],[-0.2687162,51.5006239],[-0.2682282,51.5010187],[-0.2678401,51.5013304],[-0.2676495,51.5014969],[-0.2671087,51.5020009],[-0.2667556,51.5023598],[-0.2664748,51.5026441],[-0.2659597,51.5032242],[-0.2658161,51.5033919],[-0.2655436,51.5037293],[-0.2652504,51.5040744],[-0.2647615,51.5047487],[-0.2644969,51.5051474],[-0.2642392,51.5055489],[-0.2640064,51.5059648],[-0.2637965,51.5063744],[-0.263616,51.5066599],[-0.2634433,51.5070367],[-0.2632608,51.5074501],[-0.2631281,51.5077976],[-0.2630615,51.5079867],[-0.2628875,51.5085122],[-0.2627714,51.5089008],[-0.2627588,51.5089402],[-0.2627435,51.5089893],[-0.262669,51.5092285],[-0.2624847,51.509743],[-0.2623732,51.5100938],[-0.2622542,51.5104699],[-0.261988,51.5111959],[-0.261785,51.5117186],[-0.2615517,51.5122306],[-0.261291,51.5127504],[-0.2610014,51.5132848],[-0.2606988,51.5138506],[-0.2605332,51.5141543],[-0.2603943,51.514413],[-0.260013,51.5149626],[-0.2596057,51.515525],[-0.2590071,51.5163317],[-0.2586861,51.5167608],[-0.258474,51.5170512],[-0.258267,51.5173213],[-0.2580145,51.5176616],[-0.257762,51.518001],[-0.2574507,51.5184344],[-0.2572789,51.5186956],[-0.2571374,51.5189133],[-0.2569108,51.5192777],[-0.2566457,51.5197638],[-0.2565133,51.5200212],[-0.2564081,51.5202377],[-0.2562121,51.5206296],[-0.2561092,51.5208381],[-0.2559741,51.5210959],[-0.2557285,51.5215057],[-0.2554898,51.5218732],[-0.2551934,51.5223212],[-0.2551029,51.5224577],[-0.2548613,51.5228258],[-0.2548314,51.5228713],[-0.2545604,51.5232883],[-0.2542962,51.5236361],[-0.2541885,51.5237679],[-0.2540652,51.5239155],[-0.2539804,51.5240131],[-0.2538064,51.524205],[-0.2535294,51.5245175],[-0.2533602,51.524717],[-0.252994,51.52513],[-0.2525905,51.5255741],[-0.2524237,51.5257517],[-0.2522068,51.5259821],[-0.2519484,51.5262443],[-0.2516948,51.5265052],[-0.251455,51.526741],[-0.2511596,51.5270245],[-0.2508884,51.527263],[-0.2506582,51.5274415],[-0.2504429,51.5275956],[-0.2502354,51.5277095],[-0.2499765,51.5278454],[-0.2497145,51.5279609],[-0.2495215,51.5280343],[-0.2493119,51.5281063],[-0.2490809,51.5281745],[-0.2488167,51.5282424],[-0.2483785,51.5283464],[-0.2478508,51.5284734],[-0.2473982,51.5285788],[-0.2470987,51.5286442],[-0.2468766,51.5287],[-0.2466843,51.5287534],[-0.2464667,51.5288221],[-0.2462968,51.5288857],[-0.246112,51.5289613],[-0.2459692,51.5290267],[-0.2457965,51.5291157],[-0.2456303,51.5292122],[-0.2454524,51.5293302],[-0.2453681,51.5293943],[-0.2452469,51.5294925],[-0.2451095,51.5296246],[-0.2450064,51.529734],[-0.2449013,51.5298654],[-0.2447709,51.5300703],[-0.2447049,51.5301957],[-0.2446456,51.5303283],[-0.244577,51.5305258],[-0.2445287,51.530759]],[[-0.2694755,51.5000994],[-0.2701602,51.4996003],[-0.2702,51.4995751],[-0.2704643,51.4994084]],[[-0.2692295,51.5001467],[-0.2702982,51.4993958],[-0.2703092,51.499389]],[[-0.2445287,51.530759],[-0.2445099,51.5308739],[-0.2444905,51.5309642],[-0.2444617,51.5310655],[-0.2444201,51.531166],[-0.2443671,51.5312653],[-0.2443158,51.5313608],[-0.2442379,51.5314718],[-0.2441666,51.5315637],[-0.2440751,51.5316632],[-0.2439881,51.5317566],[-0.2438823,51.5318391]],[[-0.2445287,51.530759],[-0.2445099,51.5308739],[-0.2444905,51.5309642],[-0.2444617,51.5310655],[-0.2444201,51.531166],[-0.2443671,51.5312653],[-0.2443158,51.5313608],[-0.2442379,51.5314718],[-0.2441666,51.5315637],[-0.2440751,51.5316632],[-0.2439881,51.5317566],[-0.2438823,51.5318391]],[[-0.1684879,51.4658612],[-0.16826,51.4659581],[-0.1678061,51.4661562],[-0.1676441,51.4662259],[-0.1673421,51.4663558],[-0.16696,51.4665232],[-0.1668665,51.4665642],[-0.1665697,51.466695],[-0.1664889,51.4667357],[-0.1663727,51.4667978],[-0.1662698,51.466855],[-0.1661635,51.4669191],[-0.1660573,51.4669885],[-0.1658952,51.4671105],[-0.1657622,51.4672255],[-0.1656614,51.4673352],[-0.1655833,51.4674284],[-0.165529,51.4675013],[-0.1654622,51.4676048],[-0.1654246,51.4676714],[-0.1653754,51.4677744],[-0.1653395,51.4678654],[-0.1653248,51.4679086],[-0.165304,51.4679783],[-0.1653023,51.4679852],[-0.1652823,51.4680677],[-0.1652681,51.4681634],[-0.1652547,51.4682753],[-0.1652516,51.4683881],[-0.1652539,51.4684776],[-0.1652622,51.4685692],[-0.1652889,51.4687169],[-0.1653132,51.4688136],[-0.1653355,51.468904],[-0.1653621,51.4689769],[-0.1654059,51.469073],[-0.1654578,51.4691717],[-0.1655336,51.469287],[-0.165592,51.4693775],[-0.1656664,51.4694794],[-0.1657415,51.469572],[-0.1658509,51.4696917],[-0.1659678,51.4698092],[-0.1660981,51.4699252],[-0.1662208,51.4700173],[-0.1663586,51.4701244],[-0.1663857,51.4701432],[-0.1664897,51.4702154],[-0.1666283,51.4702981],[-0.1667719,51.4703746],[-0.1669264,51.4704531],[-0.1670667,51.4705182],[-0.1671994,51.4705749],[-0.1673597,51.4706341],[-0.1675017,51.4706836],[-0.1676319,51.4707226],[-0.1677981,51.4707657],[-0.1679314,51.4707988],[-0.1680825,51.4708319],[-0.1683317,51.4708812],[-0.1685147,51.4709157],[-0.1687022,51.470949],[-0.1689269,51.470979],[-0.1692299,51.4710194],[-0.1695675,51.4710644],[-0.1697378,51.4710862],[-0.1703303,51.4711645],[-0.170945,51.471258],[-0.1711318,51.4712838],[-0.1717534,51.4713699],[-0.1732779,51.4715767],[-0.1733629,51.4715882],[-0.1736072,51.4716172],[-0.1739475,51.4716663],[-0.1744129,51.4717354],[-0.1748114,51.4717971],[-0.1751964,51.4718675],[-0.1755594,51.4719266],[-0.1759337,51.4720164],[-0.1764235,51.4721419],[-0.1766785,51.472217],[-0.1768095,51.4722558],[-0.1771246,51.47235],[-0.1773769,51.4724334],[-0.1775113,51.472479],[-0.1775849,51.4725037],[-0.1806252,51.4736093],[-0.1808313,51.4736947],[-0.1809948,51.4737716],[-0.1811693,51.4738575],[-0.1813566,51.4739536],[-0.1816207,51.4741024],[-0.1817772,51.4741932],[-0.1818239,51.474223],[-0.1819454,51.4743019],[-0.1821278,51.4744174],[-0.1822596,51.4745107],[-0.1824289,51.4746441],[-0.1825827,51.4747727],[-0.1828033,51.4749628],[-0.183081,51.4752242],[-0.1833574,51.4755293],[-0.1835546,51.4757858],[-0.1838177,51.4761733],[-0.1841373,51.47667],[-0.1842688,51.4768793],[-0.1844135,51.477124],[-0.1847104,51.4775756],[-0.1849303,51.4778662],[-0.1853627,51.4783555],[-0.1856039,51.478615],[-0.1858992,51.4789216],[-0.1861649,51.4791785],[-0.1865108,51.4795106],[-0.1866783,51.4796602],[-0.1868395,51.479791],[-0.1871331,51.4800152],[-0.1874391,51.4802335],[-0.1881683,51.4807382],[-0.1883109,51.4808388],[-0.1884248,51.4809266],[-0.1891153,51.4815076],[-0.1894514,51.4817991],[-0.1901617,51.4824024],[-0.1906966,51.482864],[-0.1912202,51.4833363],[-0.1917697,51.4838889],[-0.1921764,51.4843085],[-0.1922875,51.4844334],[-0.1925359,51.4846967],[-0.1928327,51.4849971],[-0.1931146,51.4852629],[-0.1933773,51.4855027],[-0.1936898,51.4857757],[-0.1939191,51.4859638],[-0.1940722,51.4860786],[-0.1943793,51.4863045],[-0.1946453,51.4864989],[-0.1948358,51.4866236],[-0.1949097,51.4866705],[-0.1950552,51.4867579],[-0.195195,51.4868385],[-0.1955884,51.4870575],[-0.1957082,51.4871208],[-0.1958629,51.487199],[-0.1961317,51.4873409],[-0.1964512,51.4874863],[-0.1968443,51.4876585],[-0.1975171,51.4879647],[-0.1983676,51.4884182],[-0.1991855,51.4889651],[-0.1995315,51.4892689],[-0.1998025,51.4894924],[-0.200177,51.4898221],[-0.2004281,51.490069],[-0.2005519,51.4902039],[-0.2010484,51.4907494],[-0.2013051,51.4910176],[-0.2017542,51.4915219],[-0.2018985,51.4916861],[-0.2020732,51.4918805],[-0.2021877,51.4920004],[-0.202624,51.4924836],[-0.2029239,51.4928153],[-0.2032875,51.4932071],[-0.2035017,51.4934119],[-0.2036154,51.4935172],[-0.2037344,51.4936262],[-0.2040423,51.4938797],[-0.20434,51.4940824],[-0.2046253,51.4942565],[-0.2052899,51.494616],[-0.2056662,51.4948068],[-0.2058337,51.494889],[-0.2060834,51.4950115],[-0.2066439,51.4952855],[-0.2068773,51.4954145],[-0.2070868,51.495539],[-0.2073697,51.4957382],[-0.207617,51.495916],[-0.2076614,51.4959526],[-0.2078492,51.4961102],[-0.2078794,51.4961348],[-0.2080699,51.4962843],[-0.2082297,51.4964096],[-0.2088471,51.4968622],[-0.2096958,51.4975466],[-0.2103206,51.4980499],[-0.2105828,51.4982633],[-0.211691,51.4991604],[-0.2125645,51.4998656],[-0.2129016,51.5001502],[-0.2130417,51.5002935],[-0.2132006,51.5004426],[-0.2134544,51.5006593],[-0.2137957,51.5009853],[-0.2139138,51.5010987],[-0.21426,51.5014306],[-0.2143187,51.5014918],[-0.2144145,51.5015917],[-0.2145854,51.5017498],[-0.2147652,51.50193],[-0.2149248,51.5020823],[-0.2151147,51.5022697],[-0.2153143,51.5024742],[-0.2155221,51.5026826],[-0.2159172,51.5031047],[-0.2161671,51.5033788],[-0.2163106,51.5035485],[-0.2165312,51.5038018],[-0.2167767,51.5040835],[-0.217163,51.5045907],[-0.2174927,51.5050235],[-0.2176923,51.5053187],[-0.2178891,51.5056505],[-0.2180562,51.5059415],[-0.2182189,51.5062252],[-0.2183648,51.5064846],[-0.2186103,51.5069914],[-0.2187895,51.5074004],[-0.2190186,51.507979],[-0.2192162,51.5085551],[-0.2193295,51.5089166],[-0.2193532,51.5089952],[-0.2195336,51.5095942],[-0.2195626,51.509663],[-0.2196975,51.5099956],[-0.2198756,51.5104376],[-0.2199957,51.5107117],[-0.2201046,51.5109659],[-0.2204902,51.5117605],[-0.2207002,51.5121609],[-0.2209192,51.5125483],[-0.2211815,51.5129945],[-0.2214048,51.5133695],[-0.2216474,51.5137312],[-0.2218429,51.5140283],[-0.2220385,51.5143129],[-0.2222402,51.5146042],[-0.2224484,51.5148836],[-0.2226046,51.5150882],[-0.2230137,51.5156186],[-0.2233878,51.5160851],[-0.223911,51.5166867],[-0.2245601,51.5173975],[-0.2251002,51.5179445],[-0.2257372,51.5185606],[-0.226418,51.519166],[-0.2265534,51.5192796],[-0.2267246,51.5194269],[-0.2268546,51.519539],[-0.2277841,51.5203024],[-0.2278833,51.5203839],[-0.2283948,51.5208012],[-0.2285847,51.520956],[-0.2287132,51.5210625],[-0.2294876,51.5216987],[-0.2299078,51.5220435],[-0.2302289,51.5223018],[-0.2306349,51.5226083],[-0.2309355,51.5228241],[-0.2312571,51.5230336],[-0.231725,51.5233122],[-0.2324099,51.5236948],[-0.2326452,51.523821],[-0.233106,51.5240836],[-0.233437,51.5242928],[-0.2338539,51.5245905],[-0.2341771,51.5248542],[-0.2343567,51.5250203],[-0.2345351,51.525191],[-0.234739,51.5253997],[-0.2354216,51.5261594],[-0.2356885,51.5264601],[-0.23595,51.526713],[-0.2360962,51.5268384],[-0.2362956,51.5269975],[-0.2365654,51.5271638],[-0.2367083,51.5272369],[-0.236827,51.5272922],[-0.2370823,51.5273987],[-0.237399,51.5275045],[-0.2376859,51.5275851],[-0.237985,51.5276425],[-0.2382535,51.5276787],[-0.2385668,51.5277103],[-0.2409834,51.5279079],[-0.2412781,51.5279372],[-0.2415538,51.5279732],[-0.2418047,51.528019],[-0.2420357,51.5280782],[-0.2422252,51.5281315],[-0.2425132,51.5282269],[-0.2427373,51.5283182],[-0.2429451,51.5284204],[-0.2431554,51.5285338],[-0.2433581,51.5286623],[-0.2435379,51.5287971],[-0.2437059,51.528943],[-0.2438684,51.5290999],[-0.2439992,51.529248],[-0.2441142,51.5293994],[-0.2442285,51.529559],[-0.244315,51.5297043],[-0.2444163,51.5298963],[-0.2444837,51.530055],[-0.2445316,51.5302026],[-0.2445523,51.5303369],[-0.2445568,51.5305197],[-0.2445287,51.530759]],[[-0.2442601,51.5308298],[-0.2442803,51.5307877]],[[-0.2442601,51.5308298],[-0.2442803,51.5307877]],[[-0.2442803,51.5307877],[-0.2443579,51.5305108],[-0.244382,51.5303098],[-0.2443693,51.5300922],[-0.2443324,51.5299089],[-0.2442707,51.529741],[-0.2441748,51.5295625],[-0.2440754,51.5294219],[-0.2439509,51.5292617],[-0.2438208,51.5291139],[-0.2436666,51.5289571],[-0.2434956,51.5288176],[-0.2433193,51.5286847],[-0.2431113,51.5285559],[-0.2429088,51.5284518],[-0.2426976,51.5283482],[-0.2424871,51.5282626],[-0.2422028,51.5281663],[-0.2420137,51.5281099],[-0.2417918,51.5280555],[-0.2415355,51.5280086],[-0.2412593,51.527971],[-0.2409721,51.5279429],[-0.2385634,51.5277423],[-0.2382394,51.527709],[-0.2379638,51.5276701],[-0.23766,51.5276116],[-0.2373787,51.5275345],[-0.2370516,51.5274231],[-0.236801,51.5273184],[-0.2366567,51.5272568],[-0.2365166,51.5271838],[-0.2362585,51.5270303],[-0.2360385,51.5268664],[-0.2358856,51.5267347],[-0.2356456,51.5264957],[-0.2353506,51.5261642],[-0.2346948,51.5254178],[-0.2344761,51.5252037],[-0.2343071,51.5250437],[-0.2341315,51.5248762],[-0.2338016,51.5246118],[-0.2333976,51.5243189],[-0.2330623,51.5241153],[-0.2326636,51.5238967],[-0.2324302,51.5237677],[-0.2318381,51.5234319],[-0.2314914,51.5232302],[-0.2312149,51.5230606],[-0.2308995,51.5228607],[-0.2304729,51.5225578],[-0.229869,51.5220838],[-0.229634,51.5218929],[-0.2291437,51.5214918],[-0.2286531,51.5210892],[-0.2285193,51.5209803],[-0.2284865,51.5209533],[-0.2277613,51.5203613],[-0.2268023,51.5195639],[-0.2266559,51.5194416],[-0.226494,51.5193045],[-0.2263593,51.5191908],[-0.2256729,51.5185801],[-0.2250406,51.5179718],[-0.224507,51.5174216],[-0.2238529,51.5167028],[-0.2233162,51.5161061],[-0.222944,51.5156315],[-0.2225552,51.5151057],[-0.2223154,51.5147916],[-0.2221441,51.5145718],[-0.2219649,51.5142919],[-0.2217584,51.5139849],[-0.2214932,51.513589],[-0.2213083,51.5132888],[-0.2210539,51.5128712],[-0.2208858,51.5125799],[-0.2206686,51.5121997],[-0.2204597,51.511806],[-0.2202857,51.5114706],[-0.2201537,51.5111949],[-0.2200084,51.5108879],[-0.2198296,51.5104905],[-0.2196543,51.5100602],[-0.2195002,51.5096741],[-0.2194707,51.509603],[-0.2192743,51.5090069],[-0.2192487,51.5089292],[-0.2191286,51.5085572],[-0.2189318,51.5079394],[-0.2186869,51.5073186],[-0.2185324,51.5069411],[-0.2183218,51.5065146],[-0.2181865,51.5062706],[-0.2180489,51.5060297],[-0.217866,51.5057148],[-0.2176429,51.5053499],[-0.2174634,51.5050776],[-0.2167299,51.5040731],[-0.2166327,51.5039704],[-0.2163997,51.5037083],[-0.2161721,51.5034311],[-0.2158652,51.5031087],[-0.2154231,51.5026451],[-0.2152474,51.5024695],[-0.2150804,51.5022871],[-0.2149419,51.5021501],[-0.2148411,51.5020504],[-0.2145929,51.5018047],[-0.2144004,51.5016294],[-0.2142064,51.5014216],[-0.2140173,51.5012426],[-0.2138854,51.5011068],[-0.2137953,51.5010252],[-0.2135086,51.5007476],[-0.2132779,51.5005434],[-0.2130893,51.5004018],[-0.2128143,51.5002011],[-0.2124603,51.4999131],[-0.2115902,51.4992076],[-0.2104808,51.4983102],[-0.2102172,51.4980947],[-0.2095946,51.4975937],[-0.2087475,51.4969064],[-0.2081995,51.4964732],[-0.2080226,51.4963245],[-0.2078125,51.4961512],[-0.2075911,51.4959699],[-0.207565,51.4959497],[-0.2074852,51.4958823],[-0.2074533,51.4958576],[-0.2073843,51.4958042],[-0.2072664,51.495719],[-0.2070838,51.4956052],[-0.2069362,51.4955106],[-0.2067904,51.4954236],[-0.2067248,51.495389],[-0.2065896,51.4953178],[-0.2063889,51.495214],[-0.2061278,51.4950919],[-0.2058038,51.4949295],[-0.2054971,51.4947973],[-0.2052083,51.4946549],[-0.2048501,51.4944565],[-0.2046206,51.494318],[-0.2044852,51.4942274],[-0.2043637,51.4941479],[-0.2041333,51.4939983],[-0.2039586,51.4938697],[-0.2037503,51.4937102],[-0.2035783,51.4935676],[-0.2033805,51.4933952],[-0.2031649,51.4931819],[-0.2029283,51.4929234],[-0.2027559,51.4927254],[-0.2025307,51.492482],[-0.2022863,51.4922019],[-0.2020174,51.4919013],[-0.2018421,51.4917057],[-0.2016099,51.4914479],[-0.2014171,51.4912386],[-0.2012768,51.4910718],[-0.201118,51.4909025],[-0.2010061,51.4907788],[-0.2008712,51.4906253],[-0.2007603,51.4904947],[-0.2006036,51.4903241],[-0.2004895,51.4902179],[-0.2003596,51.4900763],[-0.2001973,51.489913],[-0.2000563,51.4897753],[-0.1999098,51.4896363],[-0.1997674,51.48951],[-0.1994953,51.4892879],[-0.1991478,51.4889948],[-0.1983294,51.4884478],[-0.1974767,51.4879933],[-0.1968061,51.4876871],[-0.1964196,51.4875154],[-0.1961016,51.4873689],[-0.1959893,51.4873128],[-0.195891,51.4872623],[-0.195757,51.487187],[-0.1955239,51.4870649],[-0.1953765,51.4869824],[-0.1949337,51.4867267],[-0.1948144,51.4866509],[-0.194341,51.4863378],[-0.1941646,51.4862071],[-0.1940061,51.4860935],[-0.193853,51.485976],[-0.1936817,51.4858334],[-0.1934639,51.4856412],[-0.1932674,51.485474],[-0.193061,51.4852903],[-0.1928294,51.4850641],[-0.1925897,51.4848229],[-0.1924286,51.4846565],[-0.1922377,51.4844472],[-0.1920094,51.4842138],[-0.1917992,51.4839941],[-0.1916582,51.4838407],[-0.1915303,51.4837078],[-0.1913459,51.4835267],[-0.1911398,51.4833378],[-0.1909649,51.4831746],[-0.1908221,51.4830417],[-0.1906329,51.4828851],[-0.1904097,51.482692],[-0.1901466,51.4824562],[-0.1899166,51.4822605],[-0.1896886,51.4820618],[-0.1894998,51.4819017],[-0.1893589,51.4817882],[-0.1891578,51.4816136],[-0.1887905,51.4813035],[-0.1883783,51.4809636],[-0.1882676,51.4808719],[-0.1881048,51.4807535],[-0.1877288,51.4804891],[-0.1873434,51.4802207],[-0.1870559,51.4800151],[-0.1867954,51.4798197],[-0.1866325,51.4796853],[-0.1864571,51.479518],[-0.1862918,51.4793522],[-0.1860616,51.4791402],[-0.1858762,51.478952],[-0.1855572,51.4786312],[-0.1853198,51.478373],[-0.1851401,51.4781625],[-0.1849679,51.4779614],[-0.1848926,51.4778719],[-0.1846659,51.4775852],[-0.1843626,51.4771348],[-0.1842158,51.476878],[-0.1840989,51.4766756],[-0.184021,51.4765584],[-0.1837803,51.4761909],[-0.1835133,51.4757943],[-0.1833235,51.4755407],[-0.183035,51.4752209],[-0.1828095,51.4750049],[-0.1827761,51.4749735],[-0.1825503,51.4747935],[-0.1823998,51.4746676],[-0.1822209,51.4745322],[-0.1820937,51.4744413],[-0.1819184,51.4743298],[-0.1817447,51.4742198],[-0.1815949,51.4741302],[-0.1814809,51.4740629],[-0.1812457,51.4739417],[-0.1810311,51.4738358],[-0.1807995,51.4737261],[-0.1805976,51.4736412],[-0.1775645,51.4725396],[-0.1774905,51.4725149],[-0.1773586,51.4724679],[-0.1771165,51.4723842],[-0.1767895,51.4722904],[-0.1766529,51.4722486],[-0.1763981,51.4721783],[-0.1759183,51.472061],[-0.1755388,51.471973],[-0.1751858,51.4719047],[-0.174798,51.4718387],[-0.1744008,51.4717715],[-0.1739261,51.471704],[-0.1736175,51.471662],[-0.1733558,51.4716317],[-0.1723622,51.471498],[-0.1717287,51.4714127],[-0.1711129,51.4713235],[-0.1709349,51.4712992],[-0.1701484,51.4711851],[-0.16968,51.471125],[-0.1694643,51.4710961],[-0.1691417,51.4710543],[-0.1689068,51.4710239],[-0.1685881,51.4709807],[-0.1683648,51.4709385],[-0.1681309,51.4708907],[-0.1679299,51.4708482],[-0.1677756,51.4708094],[-0.1676152,51.4707637],[-0.1674274,51.4707018],[-0.1672687,51.4706435],[-0.1670992,51.4705743],[-0.1669748,51.4705161],[-0.1667811,51.4704204],[-0.1665857,51.4703153],[-0.1664763,51.4702492],[-0.166351,51.470165],[-0.1663277,51.4701494],[-0.1662091,51.4700625],[-0.1660797,51.4699595],[-0.165972,51.4698669],[-0.1658567,51.4697577],[-0.1657766,51.4696708],[-0.1656831,51.4695653],[-0.1656012,51.4694659],[-0.1655002,51.4693218],[-0.1654184,51.4691783],[-0.1653674,51.4690852],[-0.1653157,51.468977],[-0.1652898,51.4689036],[-0.1652647,51.468822],[-0.1652363,51.4687153],[-0.1652188,51.4686264],[-0.1652071,51.4685302],[-0.1652016,51.4683893],[-0.1652063,51.4682867],[-0.1652171,51.468166],[-0.1652347,51.4680662],[-0.1652523,51.4679796],[-0.1652539,51.467972],[-0.1652877,51.4678638],[-0.1653253,51.4677655],[-0.1653871,51.4676469],[-0.165401,51.4676237],[-0.1654689,51.4675101],[-0.1655557,51.4673931],[-0.1656206,51.467319],[-0.1657262,51.467208],[-0.1658021,51.4671407],[-0.1658663,51.4670858],[-0.1659837,51.4669959],[-0.1660628,51.4669383],[-0.1661336,51.4668915],[-0.1661772,51.4668634],[-0.1662054,51.4668452],[-0.1663096,51.4667881],[-0.1664225,51.4667281],[-0.1665296,51.4666734],[-0.166697,51.4665992],[-0.1668553,51.4665316],[-0.1669074,51.4665089],[-0.1671121,51.4664199],[-0.1672773,51.4663476],[-0.167484,51.4662572],[-0.1676205,51.466198],[-0.1677209,51.4661544],[-0.16794,51.466062],[-0.168022,51.4660269],[-0.1682455,51.4659503],[-0.1684879,51.4658612]],[[-0.2435974,51.5316975],[-0.2437107,51.5316027],[-0.2438265,51.5314885],[-0.2438974,51.531406],[-0.2439715,51.5313184],[-0.244041,51.531227],[-0.2441069,51.5311315],[-0.2441499,51.5310643],[-0.2441911,51.5309916],[-0.2442222,51.530923],[-0.2442601,51.5308298]],[[-0.2435974,51.5316975],[-0.2437107,51.5316027],[-0.2438265,51.5314885],[-0.2438974,51.531406],[-0.2439715,51.5313184],[-0.244041,51.531227],[-0.2441069,51.5311315],[-0.2441499,51.5310643],[-0.2441911,51.5309916],[-0.2442222,51.530923],[-0.2442601,51.5308298]],[[-0.2438823,51.5318391],[-0.2437875,51.5319239],[-0.2436563,51.5320163],[-0.2434938,51.5321123],[-0.2433296,51.5322056],[-0.2431529,51.5322843],[-0.2429814,51.5323574],[-0.2427584,51.5324338]],[[-0.2438823,51.5318391],[-0.2437875,51.5319239],[-0.2436563,51.5320163],[-0.2434938,51.5321123],[-0.2433296,51.5322056],[-0.2431529,51.5322843],[-0.2429814,51.5323574],[-0.2427584,51.5324338]],[[-0.2436131,51.5317027],[-0.2435127,51.5317832],[-0.2434058,51.5318556],[-0.2432444,51.5319511],[-0.2430835,51.5320516],[-0.2429501,51.5321177],[-0.2428356,51.5321728],[-0.2426411,51.5322503],[-0.2423715,51.532345],[-0.2421929,51.5324013],[-0.2422058,51.5324233],[-0.2423789,51.5323744],[-0.2424524,51.5323488],[-0.2426193,51.5322913],[-0.2426505,51.5322795],[-0.242704,51.5322595],[-0.2429117,51.5321757],[-0.2429432,51.5321768],[-0.2429573,51.5321711],[-0.2431114,51.5320692],[-0.2431371,51.5320859],[-0.2432998,51.5319885],[-0.2434626,51.5318912],[-0.2434294,51.5318752],[-0.2434332,51.5318721],[-0.2434584,51.5318518],[-0.2434915,51.5318678],[-0.2436177,51.5317661],[-0.2436684,51.5317316],[-0.2436298,51.5317066],[-0.2436131,51.5317027]],[[-0.2436131,51.5317027],[-0.2435127,51.5317832],[-0.2434058,51.5318556],[-0.2432444,51.5319511],[-0.2430835,51.5320516],[-0.2429501,51.5321177],[-0.2428356,51.5321728],[-0.2426411,51.5322503],[-0.2423715,51.532345],[-0.2421929,51.5324013],[-0.2422058,51.5324233],[-0.2423789,51.5323744],[-0.2424524,51.5323488],[-0.2426193,51.5322913],[-0.2426505,51.5322795],[-0.242704,51.5322595],[-0.2429117,51.5321757],[-0.2429432,51.5321768],[-0.2429573,51.5321711],[-0.2431114,51.5320692],[-0.2431371,51.5320859],[-0.2432998,51.5319885],[-0.2434626,51.5318912],[-0.2434294,51.5318752],[-0.2434332,51.5318721],[-0.2434584,51.5318518],[-0.2434915,51.5318678],[-0.2436177,51.5317661],[-0.2436684,51.5317316],[-0.2436298,51.5317066],[-0.2436131,51.5317027]],[[-0.2426085,51.5322505],[-0.2428075,51.5321705],[-0.2429373,51.5321107],[-0.2430714,51.5320407],[-0.2432381,51.5319463],[-0.2433983,51.5318459],[-0.2434875,51.5317823],[-0.2435974,51.5316975]],[[-0.2426085,51.5322505],[-0.2428075,51.5321705],[-0.2429373,51.5321107],[-0.2430714,51.5320407],[-0.2432381,51.5319463],[-0.2433983,51.5318459],[-0.2434875,51.5317823],[-0.2435974,51.5316975]],[[-0.2432296,51.5321992],[-0.2431958,51.5321967],[-0.2432005,51.5321802],[-0.2431777,51.5321791],[-0.2432362,51.53215],[-0.2432088,51.5321322],[-0.2433716,51.5320349],[-0.2435345,51.5319375],[-0.2435642,51.5319518],[-0.2435933,51.5319657],[-0.2436564,51.5319149],[-0.2435805,51.5318785],[-0.2436821,51.5317967],[-0.2437594,51.5317752],[-0.2438002,51.5317936],[-0.2438804,51.5318101],[-0.2438592,51.5318274],[-0.2437732,51.5319122],[-0.2436553,51.5320003],[-0.2434879,51.5320981],[-0.2433207,51.5321946],[-0.2431696,51.5322655],[-0.2430562,51.5323128],[-0.2429734,51.5323434],[-0.2427757,51.5324105],[-0.2427579,51.5323876],[-0.2429704,51.5323165],[-0.2430127,51.5323093],[-0.2432296,51.5321992]],[[-0.2432296,51.5321992],[-0.2431958,51.5321967],[-0.2432005,51.5321802],[-0.2431777,51.5321791],[-0.2432362,51.53215],[-0.2432088,51.5321322],[-0.2433716,51.5320349],[-0.2435345,51.5319375],[-0.2435642,51.5319518],[-0.2435933,51.5319657],[-0.2436564,51.5319149],[-0.2435805,51.5318785],[-0.2436821,51.5317967],[-0.2437594,51.5317752],[-0.2438002,51.5317936],[-0.2438804,51.5318101],[-0.2438592,51.5318274],[-0.2437732,51.5319122],[-0.2436553,51.5320003],[-0.2434879,51.5320981],[-0.2433207,51.5321946],[-0.2431696,51.5322655],[-0.2430562,51.5323128],[-0.2429734,51.5323434],[-0.2427757,51.5324105],[-0.2427579,51.5323876],[-0.2429704,51.5323165],[-0.2430127,51.5323093],[-0.2432296,51.5321992]],[[-0.2427584,51.5324338],[-0.2425331,51.5324972],[-0.2422987,51.5325463],[-0.2420592,51.5325858],[-0.2418305,51.5326129],[-0.24159,51.5326405]],[[-0.2427584,51.5324338],[-0.2425331,51.5324972],[-0.2422987,51.5325463],[-0.2420592,51.5325858],[-0.2418305,51.5326129],[-0.24159,51.5326405]],[[-0.2421797,51.532385],[-0.2423508,51.5323354],[-0.2426085,51.5322505]],[[-0.2421797,51.532385],[-0.2423508,51.5323354],[-0.2426085,51.5322505]],[[-0.2414352,51.5325328],[-0.2416629,51.5324975],[-0.2419001,51.5324468],[-0.2421797,51.532385]],[[-0.2414352,51.5325328],[-0.2416629,51.5324975],[-0.2419001,51.5324468],[-0.2421797,51.532385]],[[-0.24159,51.5326405],[-0.2412367,51.5326672],[-0.2408348,51.5326904],[-0.2404171,51.5327162]],[[-0.24159,51.5326405],[-0.2412367,51.5326672],[-0.2408348,51.5326904],[-0.2404171,51.5327162]],[[-0.2391559,51.5326727],[-0.2399376,51.532648],[-0.2402746,51.5326345],[-0.2406248,51.5326161],[-0.2409795,51.532593],[-0.2411768,51.5325684],[-0.2414352,51.5325328]],[[-0.2391559,51.5326727],[-0.2399376,51.532648],[-0.2402746,51.5326345],[-0.2406248,51.5326161],[-0.2409795,51.532593],[-0.2411768,51.5325684],[-0.2414352,51.5325328]],[[-0.2404171,51.5327162],[-0.2399895,51.5327386],[-0.239185,51.5327654]],[[-0.2404171,51.5327162],[-0.2399895,51.5327386],[-0.239185,51.5327654]],[[-0.239185,51.5327654],[-0.2389083,51.5327768],[-0.23847,51.5327972],[-0.2379924,51.5328112],[-0.2374814,51.5328271],[-0.2369855,51.5328465],[-0.2364137,51.5328594]],[[-0.239185,51.5327654],[-0.2389083,51.5327768],[-0.23847,51.5327972],[-0.2379924,51.5328112],[-0.2374814,51.5328271],[-0.2369855,51.5328465],[-0.2364137,51.5328594]],[[-0.2345408,51.5328363],[-0.2349214,51.5328222],[-0.2353121,51.5328031],[-0.2359585,51.5327809],[-0.2365001,51.5327556],[-0.2377795,51.5327151],[-0.2391559,51.5326727]],[[-0.2345408,51.5328363],[-0.2349214,51.5328222],[-0.2353121,51.5328031],[-0.2359585,51.5327809],[-0.2365001,51.5327556],[-0.2377795,51.5327151],[-0.2391559,51.5326727]],[[-0.2364137,51.5328594],[-0.2357609,51.5328663],[-0.2350531,51.532866]],[[-0.2364137,51.5328594],[-0.2357609,51.5328663],[-0.2350531,51.532866]],[[-0.2350531,51.532866],[-0.234499,51.5328716],[-0.2337751,51.5328936],[-0.2331551,51.5329205],[-0.2323658,51.5329464],[-0.2317634,51.5329709],[-0.2309742,51.5330084],[-0.2296281,51.533059],[-0.2289865,51.5330829],[-0.2282561,51.5331089],[-0.227639,51.533136],[-0.2270952,51.5331576],[-0.2263947,51.5332037],[-0.2258013,51.5332604],[-0.2252675,51.5333238],[-0.2245167,51.5334266],[-0.2241463,51.533483],[-0.2237545,51.5335528],[-0.2232284,51.5336533],[-0.2226222,51.533783],[-0.2220341,51.5339243],[-0.2215352,51.5340545],[-0.2210632,51.534193],[-0.220679,51.5343123],[-0.2202485,51.5344553],[-0.2197743,51.534626],[-0.2193347,51.5347968],[-0.2190423,51.5349155],[-0.2185949,51.5350906],[-0.2181094,51.5353008],[-0.2175619,51.5355565],[-0.217031,51.5358378],[-0.2163734,51.5362125],[-0.2159869,51.5364296],[-0.2156174,51.5366551],[-0.2151612,51.5369535],[-0.2147678,51.5371978],[-0.21436,51.5374665],[-0.2140018,51.5377103],[-0.2134175,51.5381081],[-0.2127339,51.5385909],[-0.2124353,51.5388181],[-0.2119839,51.5391588],[-0.2113212,51.5396893],[-0.2108459,51.540099],[-0.2101037,51.5407397],[-0.2098524,51.5409511],[-0.2096122,51.5411594],[-0.2092652,51.5414443],[-0.2088176,51.5417906],[-0.2083567,51.5421254],[-0.2078339,51.5424807],[-0.2072824,51.5427998],[-0.2069456,51.5430268],[-0.2065891,51.5432323],[-0.2058808,51.5436312],[-0.2055183,51.5438159],[-0.2050583,51.5440423],[-0.2046394,51.5442336],[-0.2042068,51.5444364],[-0.2037499,51.5446201],[-0.2032909,51.5448123],[-0.2028283,51.5449835],[-0.2026332,51.5450538],[-0.2023631,51.5451512]],[[-0.2350531,51.532866],[-0.234499,51.5328716],[-0.2337751,51.5328936],[-0.2331551,51.5329205],[-0.2323658,51.5329464],[-0.2317634,51.5329709],[-0.2309742,51.5330084],[-0.2296281,51.533059],[-0.2289865,51.5330829],[-0.2282561,51.5331089],[-0.227639,51.533136],[-0.2270952,51.5331576],[-0.2263947,51.5332037],[-0.2258013,51.5332604],[-0.2252675,51.5333238],[-0.2245167,51.5334266],[-0.2241463,51.533483],[-0.2237545,51.5335528],[-0.2232284,51.5336533],[-0.2226222,51.533783],[-0.2220341,51.5339243],[-0.2215352,51.5340545],[-0.2210632,51.534193],[-0.220679,51.5343123],[-0.2202485,51.5344553],[-0.2197743,51.534626],[-0.2193347,51.5347968],[-0.2190423,51.5349155],[-0.2185949,51.5350906],[-0.2181094,51.5353008],[-0.2175619,51.5355565],[-0.217031,51.5358378],[-0.2163734,51.5362125],[-0.2159869,51.5364296],[-0.2156174,51.5366551],[-0.2151612,51.5369535],[-0.2147678,51.5371978],[-0.21436,51.5374665],[-0.2140018,51.5377103],[-0.2134175,51.5381081],[-0.2127339,51.5385909],[-0.2124353,51.5388181],[-0.2119839,51.5391588],[-0.2113212,51.5396893],[-0.2108459,51.540099],[-0.2101037,51.5407397],[-0.2098524,51.5409511],[-0.2096122,51.5411594],[-0.2092652,51.5414443],[-0.2088176,51.5417906],[-0.2083567,51.5421254],[-0.2078339,51.5424807],[-0.2072824,51.5427998],[-0.2069456,51.5430268],[-0.2065891,51.5432323],[-0.2058808,51.5436312],[-0.2055183,51.5438159],[-0.2050583,51.5440423],[-0.2046394,51.5442336],[-0.2042068,51.5444364],[-0.2037499,51.5446201],[-0.2032909,51.5448123],[-0.2028283,51.5449835],[-0.2026332,51.5450538],[-0.2023631,51.5451512]],[[-0.2023489,51.5451157],[-0.2025886,51.545026],[-0.2030876,51.5448479],[-0.2033797,51.5447281],[-0.2038291,51.544551],[-0.2042921,51.5443483],[-0.2047384,51.5441607],[-0.2050476,51.5440034],[-0.2052182,51.543922],[-0.2054772,51.5437827],[-0.2057148,51.5436643],[-0.2058945,51.5435648],[-0.2061977,51.5434076],[-0.2064414,51.5432655],[-0.2066634,51.5431335],[-0.2069312,51.5429751],[-0.2072196,51.5427964],[-0.2075127,51.5426141],[-0.2077829,51.542456],[-0.2083105,51.5421054],[-0.2087733,51.5417719],[-0.2092247,51.5414269],[-0.2095624,51.5411473],[-0.2098207,51.5409237],[-0.2100593,51.5407273],[-0.2108056,51.5400796],[-0.2112667,51.5396696],[-0.2119399,51.5391437],[-0.2123922,51.5388076],[-0.2127012,51.5385781],[-0.2133791,51.5380936],[-0.2139681,51.5376894],[-0.2143024,51.5374587],[-0.2148146,51.5371267],[-0.2152069,51.5368699],[-0.2157603,51.5365297],[-0.2162257,51.5362542],[-0.2166677,51.5359997],[-0.2169898,51.5358208],[-0.2173256,51.5356413],[-0.2176874,51.5354521],[-0.218222,51.5352057],[-0.2187715,51.5349885],[-0.2191172,51.5348403],[-0.2194389,51.5347097],[-0.219936,51.5345238],[-0.2203645,51.5343757],[-0.2206561,51.5342777],[-0.2211563,51.5341329],[-0.2216052,51.5339992],[-0.2220013,51.5338977],[-0.222245,51.5338371],[-0.2226047,51.5337575],[-0.2229011,51.5336882],[-0.2232176,51.533624],[-0.2237427,51.5335224],[-0.2241412,51.5334536],[-0.2245021,51.533397],[-0.2249414,51.533334],[-0.2252635,51.5332893],[-0.22579,51.5332314],[-0.226391,51.5331762],[-0.2269628,51.5331348],[-0.2274878,51.5331076],[-0.2282658,51.5330768],[-0.2289304,51.5330487],[-0.2296682,51.5330206],[-0.230306,51.5329993],[-0.230912,51.5329752],[-0.2314012,51.5329518],[-0.2318152,51.532935],[-0.2322306,51.5329201],[-0.2325065,51.5329077],[-0.2330673,51.5328861],[-0.233832,51.5328611],[-0.23422,51.5328484],[-0.2345408,51.5328363]],[[-0.2023489,51.5451157],[-0.2025886,51.545026],[-0.2030876,51.5448479],[-0.2033797,51.5447281],[-0.2038291,51.544551],[-0.2042921,51.5443483],[-0.2047384,51.5441607],[-0.2050476,51.5440034],[-0.2052182,51.543922],[-0.2054772,51.5437827],[-0.2057148,51.5436643],[-0.2058945,51.5435648],[-0.2061977,51.5434076],[-0.2064414,51.5432655],[-0.2066634,51.5431335],[-0.2069312,51.5429751],[-0.2072196,51.5427964],[-0.2075127,51.5426141],[-0.2077829,51.542456],[-0.2083105,51.5421054],[-0.2087733,51.5417719],[-0.2092247,51.5414269],[-0.2095624,51.5411473],[-0.2098207,51.5409237],[-0.2100593,51.5407273],[-0.2108056,51.5400796],[-0.2112667,51.5396696],[-0.2119399,51.5391437],[-0.2123922,51.5388076],[-0.2127012,51.5385781],[-0.2133791,51.5380936],[-0.2139681,51.5376894],[-0.2143024,51.5374587],[-0.2148146,51.5371267],[-0.2152069,51.5368699],[-0.2157603,51.5365297],[-0.2162257,51.5362542],[-0.2166677,51.5359997],[-0.2169898,51.5358208],[-0.2173256,51.5356413],[-0.2176874,51.5354521],[-0.218222,51.5352057],[-0.2187715,51.5349885],[-0.2191172,51.5348403],[-0.2194389,51.5347097],[-0.219936,51.5345238],[-0.2203645,51.5343757],[-0.2206561,51.5342777],[-0.2211563,51.5341329],[-0.2216052,51.5339992],[-0.2220013,51.5338977],[-0.222245,51.5338371],[-0.2226047,51.5337575],[-0.2229011,51.5336882],[-0.2232176,51.533624],[-0.2237427,51.5335224],[-0.2241412,51.5334536],[-0.2245021,51.533397],[-0.2249414,51.533334],[-0.2252635,51.5332893],[-0.22579,51.5332314],[-0.226391,51.5331762],[-0.2269628,51.5331348],[-0.2274878,51.5331076],[-0.2282658,51.5330768],[-0.2289304,51.5330487],[-0.2296682,51.5330206],[-0.230306,51.5329993],[-0.230912,51.5329752],[-0.2314012,51.5329518],[-0.2318152,51.532935],[-0.2322306,51.5329201],[-0.2325065,51.5329077],[-0.2330673,51.5328861],[-0.233832,51.5328611],[-0.23422,51.5328484],[-0.2345408,51.5328363]],[[-0.2177947,51.5054438],[-0.2182711,51.5062164],[-0.2184017,51.5064579],[-0.2184828,51.5066707],[-0.2186275,51.5069766],[-0.2186707,51.5069927]],[[-0.2185088,51.5070359],[-0.2183438,51.5066408],[-0.2180366,51.5060978],[-0.2179159,51.5058713],[-0.217795,51.5056602]],[[-0.2023631,51.5451512],[-0.2021176,51.5452378],[-0.2020583,51.5452583]],[[-0.2023631,51.5451512],[-0.2021176,51.5452378],[-0.2020583,51.5452583]],[[-0.2020246,51.5452292],[-0.2020516,51.5452194],[-0.2023489,51.5451157]],[[-0.2020246,51.5452292],[-0.2020516,51.5452194],[-0.2023489,51.5451157]],[[-0.2020583,51.5452583],[-0.2018227,51.545334]],[[-0.2020583,51.5452583],[-0.2018227,51.545334]],[[-0.2017886,51.5453071],[-0.2020246,51.5452292]],[[-0.2017886,51.5453071],[-0.2020246,51.5452292]],[[-0.2018227,51.545334],[-0.2014026,51.545468],[-0.2008996,51.5456175],[-0.2000728,51.5458573],[-0.1996463,51.5459539],[-0.1992229,51.5460496],[-0.1983986,51.546226],[-0.197207,51.5464515],[-0.196296,51.5466283]],[[-0.2018227,51.545334],[-0.2014026,51.545468],[-0.2008996,51.5456175],[-0.2000728,51.5458573],[-0.1996463,51.5459539],[-0.1992229,51.5460496],[-0.1983986,51.546226],[-0.197207,51.5464515],[-0.196296,51.5466283]],[[-0.1960074,51.5466311],[-0.1966959,51.5465099],[-0.1971814,51.5464101],[-0.1982605,51.5462178],[-0.19851,51.5461718],[-0.1991985,51.546025],[-0.199622,51.5459198],[-0.2000104,51.5458194],[-0.200379,51.5457228],[-0.2008628,51.5455913],[-0.201244,51.545482],[-0.2015183,51.545397],[-0.2017886,51.5453071]],[[-0.1960074,51.5466311],[-0.1966959,51.5465099],[-0.1971814,51.5464101],[-0.1982605,51.5462178],[-0.19851,51.5461718],[-0.1991985,51.546025],[-0.199622,51.5459198],[-0.2000104,51.5458194],[-0.200379,51.5457228],[-0.2008628,51.5455913],[-0.201244,51.545482],[-0.2015183,51.545397],[-0.2017886,51.5453071]],[[-0.196296,51.5466283],[-0.1948591,51.546839],[-0.1941437,51.5469432],[-0.1936821,51.5470131],[-0.1933312,51.5470659],[-0.1928408,51.5471455],[-0.1923456,51.547248],[-0.1913809,51.5474464],[-0.1912726,51.5474748]],[[-0.196296,51.5466283],[-0.1948591,51.546839],[-0.1941437,51.5469432],[-0.1936821,51.5470131],[-0.1933312,51.5470659],[-0.1928408,51.5471455],[-0.1923456,51.547248],[-0.1913809,51.5474464],[-0.1912726,51.5474748]],[[-0.1912553,51.5474458],[-0.1913089,51.5474329],[-0.1922862,51.5472297],[-0.1928256,51.5471203],[-0.1933986,51.5470211],[-0.1960074,51.5466311]],[[-0.1912553,51.5474458],[-0.1913089,51.5474329],[-0.1922862,51.5472297],[-0.1928256,51.5471203],[-0.1933986,51.5470211],[-0.1960074,51.5466311]],[[-0.1912726,51.5474748],[-0.1908289,51.547591]],[[-0.1912726,51.5474748],[-0.1908289,51.547591]],[[-0.1908208,51.5475502],[-0.1912553,51.5474458]],[[-0.1908208,51.5475502],[-0.1912553,51.5474458]],[[-0.1908289,51.547591],[-0.190751,51.5476114],[-0.1902589,51.547736],[-0.1890461,51.5480818]],[[-0.1908289,51.547591],[-0.190751,51.5476114],[-0.1902589,51.547736],[-0.1890461,51.5480818]],[[-0.1888575,51.5481024],[-0.1900199,51.5477596],[-0.1907382,51.5475701],[-0.1908208,51.5475502]],[[-0.1888575,51.5481024],[-0.1900199,51.5477596],[-0.1907382,51.5475701],[-0.1908208,51.5475502]],[[-0.1890461,51.5480818],[-0.1875441,51.5485917]],[[-0.1890461,51.5480818],[-0.1875441,51.5485917]],[[-0.1874933,51.5485669],[-0.1888575,51.5481024]],[[-0.1874933,51.5485669],[-0.1888575,51.5481024]],[[-0.1875441,51.5485917],[-0.187138,51.5487498]],[[-0.1875441,51.5485917],[-0.187138,51.5487498]],[[-0.1832119,51.550204],[-0.1834724,51.5501335],[-0.1838733,51.5499949],[-0.1843518,51.54982],[-0.1846095,51.5497253],[-0.1850013,51.5495695],[-0.1853071,51.5494441],[-0.185476,51.5493777],[-0.1871004,51.5487178],[-0.1874933,51.5485669]],[[-0.1832119,51.550204],[-0.1834724,51.5501335],[-0.1838733,51.5499949],[-0.1843518,51.54982],[-0.1846095,51.5497253],[-0.1850013,51.5495695],[-0.1853071,51.5494441],[-0.185476,51.5493777],[-0.1871004,51.5487178],[-0.1874933,51.5485669]],[[-0.187138,51.5487498],[-0.1854908,51.5494117],[-0.1847366,51.5497131],[-0.1844411,51.5498266],[-0.1842158,51.5499064],[-0.1839684,51.5499984],[-0.1838703,51.5500315],[-0.1835826,51.5501313],[-0.1833592,51.5502054],[-0.1832617,51.5502364]],[[-0.187138,51.5487498],[-0.1854908,51.5494117],[-0.1847366,51.5497131],[-0.1844411,51.5498266],[-0.1842158,51.5499064],[-0.1839684,51.5499984],[-0.1838703,51.5500315],[-0.1835826,51.5501313],[-0.1833592,51.5502054],[-0.1832617,51.5502364]],[[-0.1833978,51.550088],[-0.1833808,51.5500647],[-0.1834794,51.5500342],[-0.1834958,51.5500287],[-0.1835145,51.5500504],[-0.1837755,51.5499611],[-0.1841397,51.5498348],[-0.1846024,51.5496591],[-0.1846546,51.5496944],[-0.1845135,51.5497495],[-0.1842385,51.5498507],[-0.1841231,51.5498938],[-0.1839056,51.549971],[-0.1836508,51.5500609],[-0.1834135,51.550142],[-0.1832193,51.550199],[-0.1831569,51.5502178],[-0.1831287,51.5501875],[-0.1833978,51.550088]],[[-0.1833978,51.550088],[-0.1833808,51.5500647],[-0.1834794,51.5500342],[-0.1834958,51.5500287],[-0.1835145,51.5500504],[-0.1837755,51.5499611],[-0.1841397,51.5498348],[-0.1846024,51.5496591],[-0.1846546,51.5496944],[-0.1845135,51.5497495],[-0.1842385,51.5498507],[-0.1841231,51.5498938],[-0.1839056,51.549971],[-0.1836508,51.5500609],[-0.1834135,51.550142],[-0.1832193,51.550199],[-0.1831569,51.5502178],[-0.1831287,51.5501875],[-0.1833978,51.550088]],[[-0.1833391,51.5502279],[-0.1830937,51.5503067],[-0.1831387,51.5503359],[-0.1831523,51.5503311],[-0.1831962,51.5503154],[-0.1833393,51.5502706],[-0.183375,51.5502595],[-0.1834862,51.5502223],[-0.1835205,51.5502116],[-0.183535,51.5502286],[-0.1836142,51.5502031],[-0.1835992,51.550185],[-0.1837054,51.5501486],[-0.1838073,51.5501133],[-0.1839868,51.5500502],[-0.1841485,51.5499957],[-0.1843426,51.5499219],[-0.1843627,51.549913],[-0.1844613,51.5498712],[-0.1845106,51.5498521],[-0.184629,51.5498019],[-0.1847944,51.5497301],[-0.1849279,51.5496742],[-0.1849143,51.5496613],[-0.1843162,51.5498831],[-0.1837387,51.5500907],[-0.1835855,51.5501449],[-0.1834309,51.5501981],[-0.1833391,51.5502279]],[[-0.1833391,51.5502279],[-0.1830937,51.5503067],[-0.1831387,51.5503359],[-0.1831523,51.5503311],[-0.1831962,51.5503154],[-0.1833393,51.5502706],[-0.183375,51.5502595],[-0.1834862,51.5502223],[-0.1835205,51.5502116],[-0.183535,51.5502286],[-0.1836142,51.5502031],[-0.1835992,51.550185],[-0.1837054,51.5501486],[-0.1838073,51.5501133],[-0.1839868,51.5500502],[-0.1841485,51.5499957],[-0.1843426,51.5499219],[-0.1843627,51.549913],[-0.1844613,51.5498712],[-0.1845106,51.5498521],[-0.184629,51.5498019],[-0.1847944,51.5497301],[-0.1849279,51.5496742],[-0.1849143,51.5496613],[-0.1843162,51.5498831],[-0.1837387,51.5500907],[-0.1835855,51.5501449],[-0.1834309,51.5501981],[-0.1833391,51.5502279]],[[-0.1832617,51.5502364],[-0.181746,51.5506769],[-0.1678038,51.5545761]],[[-0.1832617,51.5502364],[-0.181746,51.5506769],[-0.1678038,51.5545761]],[[-0.1677827,51.5545501],[-0.1817275,51.5506585],[-0.1832119,51.550204]],[[-0.1677827,51.5545501],[-0.1817275,51.5506585],[-0.1832119,51.550204]],[[-0.1714079,51.4650839],[-0.171368,51.4650104],[-0.1713503,51.4649821],[-0.1716071,51.4649166],[-0.1716519,51.4649041],[-0.1717178,51.4648856],[-0.1718256,51.4648551],[-0.1719104,51.4648311],[-0.1723233,51.4647111],[-0.1725037,51.4646601],[-0.1729077,51.4645442],[-0.1729298,51.4645732],[-0.1726255,51.4646601],[-0.1723609,51.4647346],[-0.1719967,51.4648408],[-0.1720392,51.4648978],[-0.1718982,51.4649435],[-0.1716935,51.4650076],[-0.1715142,51.4650566],[-0.1714079,51.4650839]],[[-0.1714079,51.4650839],[-0.171368,51.4650104],[-0.1713503,51.4649821],[-0.1716071,51.4649166],[-0.1716519,51.4649041],[-0.1717178,51.4648856],[-0.1718256,51.4648551],[-0.1719104,51.4648311],[-0.1723233,51.4647111],[-0.1725037,51.4646601],[-0.1729077,51.4645442],[-0.1729298,51.4645732],[-0.1726255,51.4646601],[-0.1723609,51.4647346],[-0.1719967,51.4648408],[-0.1720392,51.4648978],[-0.1718982,51.4649435],[-0.1716935,51.4650076],[-0.1715142,51.4650566],[-0.1714079,51.4650839]],[[-0.171368,51.4650104],[-0.1714079,51.4650839],[-0.1708423,51.465229],[-0.1699999,51.4654414],[-0.1699889,51.4654234],[-0.1692384,51.4656172],[-0.1692273,51.4656048],[-0.1695019,51.4655221],[-0.169793,51.4654338],[-0.1699734,51.4653772],[-0.1700675,51.4653504],[-0.1703575,51.465269],[-0.1706123,51.4652038],[-0.170968,51.4651128],[-0.1711697,51.4650611],[-0.171368,51.4650104]],[[-0.171368,51.4650104],[-0.1714079,51.4650839],[-0.1708423,51.465229],[-0.1699999,51.4654414],[-0.1699889,51.4654234],[-0.1692384,51.4656172],[-0.1692273,51.4656048],[-0.1695019,51.4655221],[-0.169793,51.4654338],[-0.1699734,51.4653772],[-0.1700675,51.4653504],[-0.1703575,51.465269],[-0.1706123,51.4652038],[-0.170968,51.4651128],[-0.1711697,51.4650611],[-0.171368,51.4650104]],[[-0.1690007,51.4656652],[-0.1688103,51.4657351]],[[-0.1690007,51.4656652],[-0.1688103,51.4657351]],[[-0.1690007,51.4656652],[-0.1692934,51.4655697],[-0.1693148,51.4655627],[-0.1696809,51.4654538],[-0.169845,51.4654014],[-0.1700409,51.4653419],[-0.1703453,51.4652545],[-0.170622,51.4651835],[-0.1712526,51.4650231],[-0.1713109,51.4650101],[-0.1712526,51.4650231],[-0.170622,51.4651835],[-0.1703453,51.4652545],[-0.1700409,51.4653419],[-0.169845,51.4654014],[-0.1696809,51.4654538],[-0.1693148,51.4655627],[-0.1692934,51.4655697],[-0.1690007,51.4656652]],[[-0.1688103,51.4657351],[-0.1684879,51.4658612]],[[-0.1688103,51.4657351],[-0.1684879,51.4658612]],[[-0.1678038,51.5545761],[-0.1663492,51.5549915],[-0.16599,51.5550975],[-0.1654396,51.5552496],[-0.1652521,51.5552908],[-0.1649882,51.5553507],[-0.1647874,51.5553981],[-0.164633,51.5554345],[-0.164246,51.5555216],[-0.1638821,51.5555842],[-0.1633496,51.5556654],[-0.1628612,51.5557366],[-0.1623808,51.5557885],[-0.1618178,51.5558474],[-0.1614315,51.5558882],[-0.1610451,51.5559289],[-0.1605513,51.5559665],[-0.1596385,51.5560365],[-0.1582308,51.5561428],[-0.1573496,51.5562041],[-0.1567833,51.556244],[-0.1563757,51.556264],[-0.1561446,51.5562631],[-0.155504,51.5562541]],[[-0.1678038,51.5545761],[-0.1663492,51.5549915],[-0.16599,51.5550975],[-0.1654396,51.5552496],[-0.1652521,51.5552908],[-0.1649882,51.5553507],[-0.1647874,51.5553981],[-0.164633,51.5554345],[-0.164246,51.5555216],[-0.1638821,51.5555842],[-0.1633496,51.5556654],[-0.1628612,51.5557366],[-0.1623808,51.5557885],[-0.1618178,51.5558474],[-0.1614315,51.5558882],[-0.1610451,51.5559289],[-0.1605513,51.5559665],[-0.1596385,51.5560365],[-0.1582308,51.5561428],[-0.1573496,51.5562041],[-0.1567833,51.556244],[-0.1563757,51.556264],[-0.1561446,51.5562631],[-0.155504,51.5562541]],[[-0.1659509,51.5550799],[-0.1663349,51.5549711],[-0.1677827,51.5545501]],[[-0.1659509,51.5550799],[-0.1663349,51.5549711],[-0.1677827,51.5545501]],[[-0.1508542,51.5551388],[-0.1512243,51.5553056],[-0.1515193,51.5554243],[-0.1516786,51.5554841],[-0.1518572,51.5555452],[-0.152176,51.5556438],[-0.1527139,51.5557976],[-0.1530416,51.5558933],[-0.1534556,51.5559867],[-0.1537414,51.5560355],[-0.1541259,51.5560909],[-0.1545087,51.5561472],[-0.15484,51.5561777],[-0.1550958,51.5561972],[-0.1563533,51.5562318],[-0.1610726,51.5558936],[-0.162752,51.5557167],[-0.1637497,51.5555691],[-0.1646839,51.5553758],[-0.1659509,51.5550799]],[[-0.1508542,51.5551388],[-0.1512243,51.5553056],[-0.1515193,51.5554243],[-0.1516786,51.5554841],[-0.1518572,51.5555452],[-0.152176,51.5556438],[-0.1527139,51.5557976],[-0.1530416,51.5558933],[-0.1534556,51.5559867],[-0.1537414,51.5560355],[-0.1541259,51.5560909],[-0.1545087,51.5561472],[-0.15484,51.5561777],[-0.1550958,51.5561972],[-0.1563533,51.5562318],[-0.1610726,51.5558936],[-0.162752,51.5557167],[-0.1637497,51.5555691],[-0.1646839,51.5553758],[-0.1659509,51.5550799]],[[-0.1647926,51.555413],[-0.1648113,51.5554425],[-0.164982,51.5554134],[-0.1651823,51.555367],[-0.1653185,51.5553373],[-0.1654182,51.5553233],[-0.1655513,51.555291],[-0.1655973,51.5552756],[-0.1655908,51.5552652],[-0.1655817,51.5552506],[-0.1655797,51.5552443],[-0.1657494,51.5552089],[-0.1658659,51.5551809],[-0.1659895,51.5551515],[-0.1659665,51.555132],[-0.1653795,51.5552794],[-0.1647926,51.555413]],[[-0.1647926,51.555413],[-0.1648113,51.5554425],[-0.164982,51.5554134],[-0.1651823,51.555367],[-0.1653185,51.5553373],[-0.1654182,51.5553233],[-0.1655513,51.555291],[-0.1655973,51.5552756],[-0.1655908,51.5552652],[-0.1655817,51.5552506],[-0.1655797,51.5552443],[-0.1657494,51.5552089],[-0.1658659,51.5551809],[-0.1659895,51.5551515],[-0.1659665,51.555132],[-0.1653795,51.5552794],[-0.1647926,51.555413]],[[-0.1647498,51.5553414],[-0.1652889,51.5552217],[-0.1659089,51.5550648],[-0.1658839,51.5550343],[-0.1656315,51.5550907],[-0.1654859,51.5551264],[-0.1654762,51.5551121],[-0.1654717,51.5551059],[-0.1654053,51.5551217],[-0.1653125,51.5551445],[-0.1653237,51.555169],[-0.1647293,51.5553113],[-0.1647498,51.5553414]],[[-0.1647498,51.5553414],[-0.1652889,51.5552217],[-0.1659089,51.5550648],[-0.1658839,51.5550343],[-0.1656315,51.5550907],[-0.1654859,51.5551264],[-0.1654762,51.5551121],[-0.1654717,51.5551059],[-0.1654053,51.5551217],[-0.1653125,51.5551445],[-0.1653237,51.555169],[-0.1647293,51.5553113],[-0.1647498,51.5553414]],[[-0.155504,51.5562541],[-0.1551703,51.5562326],[-0.1548451,51.5562167],[-0.1546976,51.556203],[-0.1544989,51.5561828],[-0.1543326,51.5561589],[-0.154115,51.556132],[-0.1537771,51.5560734],[-0.1534805,51.5560224],[-0.1530349,51.5559167],[-0.1526902,51.5558314],[-0.1521529,51.5556774],[-0.1518351,51.5555734],[-0.1516539,51.5555074],[-0.151497,51.5554484],[-0.1512024,51.5553312],[-0.1509435,51.5552186],[-0.1508038,51.5551542]],[[-0.155504,51.5562541],[-0.1551703,51.5562326],[-0.1548451,51.5562167],[-0.1546976,51.556203],[-0.1544989,51.5561828],[-0.1543326,51.5561589],[-0.154115,51.556132],[-0.1537771,51.5560734],[-0.1534805,51.5560224],[-0.1530349,51.5559167],[-0.1526902,51.5558314],[-0.1521529,51.5556774],[-0.1518351,51.5555734],[-0.1516539,51.5555074],[-0.151497,51.5554484],[-0.1512024,51.5553312],[-0.1509435,51.5552186],[-0.1508038,51.5551542]],[[-0.1515288,51.5553673],[-0.1516575,51.5554157],[-0.1516434,51.5554292],[-0.1517561,51.5554709],[-0.1518862,51.5555143],[-0.1518694,51.5555349],[-0.151691,51.5554732],[-0.1515355,51.5554157],[-0.151345,51.555339],[-0.1511412,51.5552523],[-0.150877,51.5551355],[-0.1509544,51.5551121],[-0.1511177,51.5551901],[-0.1512404,51.555251],[-0.1515288,51.5553673]],[[-0.1515288,51.5553673],[-0.1516575,51.5554157],[-0.1516434,51.5554292],[-0.1517561,51.5554709],[-0.1518862,51.5555143],[-0.1518694,51.5555349],[-0.151691,51.5554732],[-0.1515355,51.5554157],[-0.151345,51.555339],[-0.1511412,51.5552523],[-0.150877,51.5551355],[-0.1509544,51.5551121],[-0.1511177,51.5551901],[-0.1512404,51.555251],[-0.1515288,51.5553673]],[[-0.1508816,51.5552659],[-0.1507102,51.5551869],[-0.150776,51.5551651],[-0.1508896,51.5552167],[-0.1509211,51.555231],[-0.1510828,51.5553023],[-0.151228,51.5553644],[-0.1513627,51.5554181],[-0.1513734,51.5554224],[-0.1514759,51.5554645],[-0.151635,51.5555241],[-0.1517961,51.5555812],[-0.1519606,51.5556375],[-0.1521357,51.5556946],[-0.1521192,51.5557248],[-0.1518827,51.5556655],[-0.1517594,51.5556346],[-0.1517761,51.5556061],[-0.1514472,51.5554901],[-0.1514051,51.5554749],[-0.151368,51.5554615],[-0.1513428,51.555451],[-0.1510522,51.5553309],[-0.1510431,51.5553266],[-0.1508956,51.555257],[-0.1508816,51.5552659]],[[-0.1508816,51.5552659],[-0.1507102,51.5551869],[-0.150776,51.5551651],[-0.1508896,51.5552167],[-0.1509211,51.555231],[-0.1510828,51.5553023],[-0.151228,51.5553644],[-0.1513627,51.5554181],[-0.1513734,51.5554224],[-0.1514759,51.5554645],[-0.151635,51.5555241],[-0.1517961,51.5555812],[-0.1519606,51.5556375],[-0.1521357,51.5556946],[-0.1521192,51.5557248],[-0.1518827,51.5556655],[-0.1517594,51.5556346],[-0.1517761,51.5556061],[-0.1514472,51.5554901],[-0.1514051,51.5554749],[-0.151368,51.5554615],[-0.1513428,51.555451],[-0.1510522,51.5553309],[-0.1510431,51.5553266],[-0.1508956,51.555257],[-0.1508816,51.5552659]],[[-0.1507087,51.5550702],[-0.1508542,51.5551388]],[[-0.1507087,51.5550702],[-0.1508542,51.5551388]],[[-0.1508038,51.5551542],[-0.1506559,51.5550895]],[[-0.1508038,51.5551542],[-0.1506559,51.5550895]],[[-0.1474206,51.5513624],[-0.1475362,51.5518517],[-0.1477205,51.552323],[-0.1479417,51.5527211],[-0.1481861,51.5530971],[-0.148316,51.5532736],[-0.1484977,51.553471],[-0.1488986,51.5539065],[-0.1495003,51.5544185],[-0.1501174,51.5547871],[-0.1504635,51.5549532],[-0.1507087,51.5550702]],[[-0.1474206,51.5513624],[-0.1475362,51.5518517],[-0.1477205,51.552323],[-0.1479417,51.5527211],[-0.1481861,51.5530971],[-0.148316,51.5532736],[-0.1484977,51.553471],[-0.1488986,51.5539065],[-0.1495003,51.5544185],[-0.1501174,51.5547871],[-0.1504635,51.5549532],[-0.1507087,51.5550702]],[[-0.1506559,51.5550895],[-0.1504355,51.5549766],[-0.1500643,51.5547965],[-0.1494526,51.5544254],[-0.1488455,51.5539159],[-0.1482696,51.5532863],[-0.1481317,51.5531048],[-0.1478873,51.5527256],[-0.1476692,51.5523323],[-0.1474826,51.5518575],[-0.1473663,51.5513682]],[[-0.1506559,51.5550895],[-0.1504355,51.5549766],[-0.1500643,51.5547965],[-0.1494526,51.5544254],[-0.1488455,51.5539159],[-0.1482696,51.5532863],[-0.1481317,51.5531048],[-0.1478873,51.5527256],[-0.1476692,51.5523323],[-0.1474826,51.5518575],[-0.1473663,51.5513682]],[[-0.1463998,51.5452962],[-0.1464493,51.5454689],[-0.1464974,51.5456424],[-0.1465794,51.5459752],[-0.1466539,51.5463068],[-0.146686,51.5464674],[-0.1467234,51.5466737],[-0.146794,51.5470562],[-0.1468723,51.547458],[-0.147003,51.5480498],[-0.1471309,51.5485652],[-0.1472741,51.549071],[-0.1473491,51.5495872],[-0.1473714,51.5499778],[-0.1473793,51.550951],[-0.1473901,51.5511579],[-0.1474206,51.5513624]],[[-0.1463998,51.5452962],[-0.1464493,51.5454689],[-0.1464974,51.5456424],[-0.1465794,51.5459752],[-0.1466539,51.5463068],[-0.146686,51.5464674],[-0.1467234,51.5466737],[-0.146794,51.5470562],[-0.1468723,51.547458],[-0.147003,51.5480498],[-0.1471309,51.5485652],[-0.1472741,51.549071],[-0.1473491,51.5495872],[-0.1473714,51.5499778],[-0.1473793,51.550951],[-0.1473901,51.5511579],[-0.1474206,51.5513624]],[[-0.1473663,51.5513682],[-0.1473378,51.5511604],[-0.1473244,51.550951],[-0.1473171,51.5499852],[-0.1472874,51.549605],[-0.1472218,51.5490776],[-0.1470725,51.5485726],[-0.1469629,51.5480527],[-0.1468223,51.5474625],[-0.1467428,51.5470599],[-0.1466773,51.5466891],[-0.1466379,51.5464715],[-0.1466069,51.5463179],[-0.1465331,51.5459839],[-0.1464493,51.5456498],[-0.146401,51.5454743],[-0.1463549,51.5453089]],[[-0.1473663,51.5513682],[-0.1473378,51.5511604],[-0.1473244,51.550951],[-0.1473171,51.5499852],[-0.1472874,51.549605],[-0.1472218,51.5490776],[-0.1470725,51.5485726],[-0.1469629,51.5480527],[-0.1468223,51.5474625],[-0.1467428,51.5470599],[-0.1466773,51.5466891],[-0.1466379,51.5464715],[-0.1466069,51.5463179],[-0.1465331,51.5459839],[-0.1464493,51.5456498],[-0.146401,51.5454743],[-0.1463549,51.5453089]],[[-0.146804,51.5474645],[-0.1467628,51.5474671],[-0.1467081,51.5471825],[-0.1466853,51.5470643],[-0.1466572,51.5469185],[-0.1466524,51.5469137],[-0.1466336,51.5467851],[-0.1466292,51.5467551],[-0.1466187,51.5466925],[-0.1466578,51.5466903],[-0.1466688,51.5467509],[-0.1467251,51.5470617],[-0.146804,51.5474645]],[[-0.146804,51.5474645],[-0.1467628,51.5474671],[-0.1467081,51.5471825],[-0.1466853,51.5470643],[-0.1466572,51.5469185],[-0.1466524,51.5469137],[-0.1466336,51.5467851],[-0.1466292,51.5467551],[-0.1466187,51.5466925],[-0.1466578,51.5466903],[-0.1466688,51.5467509],[-0.1467251,51.5470617],[-0.146804,51.5474645]],[[-0.1467593,51.5466786],[-0.1467467,51.5466718],[-0.1467598,51.5467459],[-0.1468145,51.5470544],[-0.146893,51.5474566],[-0.1469374,51.5474535],[-0.1468597,51.5470518],[-0.1468272,51.5468926],[-0.1468049,51.546768],[-0.1468016,51.5467495],[-0.1467897,51.5466765],[-0.1467593,51.5466786]],[[-0.1467593,51.5466786],[-0.1467467,51.5466718],[-0.1467598,51.5467459],[-0.1468145,51.5470544],[-0.146893,51.5474566],[-0.1469374,51.5474535],[-0.1468597,51.5470518],[-0.1468272,51.5468926],[-0.1468049,51.546768],[-0.1468016,51.5467495],[-0.1467897,51.5466765],[-0.1467593,51.5466786]],[[-0.1458659,51.5437969],[-0.1459778,51.5440354],[-0.1462012,51.5446637],[-0.1463085,51.5449944],[-0.1463998,51.5452962]],[[-0.1458659,51.5437969],[-0.1459778,51.5440354],[-0.1462012,51.5446637],[-0.1463085,51.5449944],[-0.1463998,51.5452962]],[[-0.1463549,51.5453089],[-0.1462609,51.5450031],[-0.1461556,51.5446803],[-0.1459327,51.5440602],[-0.1458117,51.543812]],[[-0.1463549,51.5453089],[-0.1462609,51.5450031],[-0.1461556,51.5446803],[-0.1459327,51.5440602],[-0.1458117,51.543812]],[[-0.1419621,51.5420766],[-0.1421652,51.5420813],[-0.1423388,51.5420901],[-0.1425481,51.5421006],[-0.1427111,51.542116],[-0.1428801,51.5421371],[-0.143124,51.5421758],[-0.1432984,51.5422099],[-0.1434634,51.5422451],[-0.1435709,51.542273],[-0.143673,51.5423009],[-0.143842,51.5423513],[-0.1439815,51.5423977],[-0.1441195,51.5424484],[-0.144275,51.5425101],[-0.1444034,51.5425666],[-0.1446882,51.5427055],[-0.1448942,51.542834],[-0.1450644,51.5429282],[-0.1452994,51.5431077],[-0.1453931,51.5432151],[-0.1454925,51.5433138],[-0.1456828,51.5435459],[-0.1458659,51.5437969]],[[-0.1419621,51.5420766],[-0.1421652,51.5420813],[-0.1423388,51.5420901],[-0.1425481,51.5421006],[-0.1427111,51.542116],[-0.1428801,51.5421371],[-0.143124,51.5421758],[-0.1432984,51.5422099],[-0.1434634,51.5422451],[-0.1435709,51.542273],[-0.143673,51.5423009],[-0.143842,51.5423513],[-0.1439815,51.5423977],[-0.1441195,51.5424484],[-0.144275,51.5425101],[-0.1444034,51.5425666],[-0.1446882,51.5427055],[-0.1448942,51.542834],[-0.1450644,51.5429282],[-0.1452994,51.5431077],[-0.1453931,51.5432151],[-0.1454925,51.5433138],[-0.1456828,51.5435459],[-0.1458659,51.5437969]],[[-0.1458117,51.543812],[-0.1456182,51.5435287],[-0.1454502,51.5433319],[-0.1453538,51.5432345],[-0.1452632,51.5431277],[-0.145012,51.5429436],[-0.144835,51.5428399],[-0.1446104,51.542706],[-0.1443898,51.5426036],[-0.1442492,51.5425406],[-0.1440926,51.5424768],[-0.14396,51.5424279],[-0.143827,51.5423817],[-0.1436761,51.5423368],[-0.1435239,51.5422965],[-0.1433741,51.5422599],[-0.1432988,51.5422448],[-0.143238,51.5422313],[-0.1431659,51.5422169],[-0.1430487,51.5421968],[-0.142889,51.5421721],[-0.1427639,51.5421556],[-0.1426322,51.542141],[-0.1424819,51.5421239],[-0.1423695,51.54212],[-0.1422476,51.5421131],[-0.1419462,51.5421042]],[[-0.1458117,51.543812],[-0.1456182,51.5435287],[-0.1454502,51.5433319],[-0.1453538,51.5432345],[-0.1452632,51.5431277],[-0.145012,51.5429436],[-0.144835,51.5428399],[-0.1446104,51.542706],[-0.1443898,51.5426036],[-0.1442492,51.5425406],[-0.1440926,51.5424768],[-0.14396,51.5424279],[-0.143827,51.5423817],[-0.1436761,51.5423368],[-0.1435239,51.5422965],[-0.1433741,51.5422599],[-0.1432988,51.5422448],[-0.143238,51.5422313],[-0.1431659,51.5422169],[-0.1430487,51.5421968],[-0.142889,51.5421721],[-0.1427639,51.5421556],[-0.1426322,51.542141],[-0.1424819,51.5421239],[-0.1423695,51.54212],[-0.1422476,51.5421131],[-0.1419462,51.5421042]],[[-0.1417761,51.542074],[-0.1419621,51.5420766]],[[-0.1417761,51.542074],[-0.1419621,51.5420766]],[[-0.1419462,51.5421042],[-0.1417839,51.5421057],[-0.1416783,51.5421064],[-0.1414292,51.5421005],[-0.141051,51.5420875]],[[-0.1419462,51.5421042],[-0.1417839,51.5421057],[-0.1416783,51.5421064],[-0.1414292,51.5421005],[-0.141051,51.5420875]],[[-0.1414317,51.5420696],[-0.1416877,51.5420732],[-0.1417761,51.542074]],[[-0.1414317,51.5420696],[-0.1416877,51.5420732],[-0.1417761,51.542074]],[[-0.1410224,51.5420556],[-0.1414317,51.5420696]],[[-0.1410224,51.5420556],[-0.1414317,51.5420696]],[[-0.141051,51.5420875],[-0.1406514,51.542066],[-0.1406259,51.5420641],[-0.1405518,51.5420597],[-0.1404639,51.542054],[-0.1403591,51.5420473],[-0.1401281,51.5420293],[-0.1399433,51.5420122],[-0.139698,51.541988],[-0.1394676,51.5419633],[-0.1392995,51.5419442],[-0.1391096,51.5419208],[-0.1388901,51.5418944],[-0.1385785,51.5418575]],[[-0.141051,51.5420875],[-0.1406514,51.542066],[-0.1406259,51.5420641],[-0.1405518,51.5420597],[-0.1404639,51.542054],[-0.1403591,51.5420473],[-0.1401281,51.5420293],[-0.1399433,51.5420122],[-0.139698,51.541988],[-0.1394676,51.5419633],[-0.1392995,51.5419442],[-0.1391096,51.5419208],[-0.1388901,51.5418944],[-0.1385785,51.5418575]],[[-0.1385878,51.5418258],[-0.1389005,51.5418627],[-0.1392289,51.5419021],[-0.1394603,51.5419294],[-0.1397352,51.5419584],[-0.1399392,51.5419777],[-0.1401019,51.5419919],[-0.140288,51.542007],[-0.1404656,51.5420205],[-0.1405378,51.5420261],[-0.1407959,51.5420433],[-0.1410224,51.5420556]],[[-0.1385878,51.5418258],[-0.1389005,51.5418627],[-0.1392289,51.5419021],[-0.1394603,51.5419294],[-0.1397352,51.5419584],[-0.1399392,51.5419777],[-0.1401019,51.5419919],[-0.140288,51.542007],[-0.1404656,51.5420205],[-0.1405378,51.5420261],[-0.1407959,51.5420433],[-0.1410224,51.5420556]],[[-0.1407697,51.5421017],[-0.1407703,51.5420832],[-0.1402612,51.542049],[-0.1399341,51.5420211],[-0.1396553,51.541994],[-0.1392818,51.541952],[-0.1390298,51.5419211],[-0.1385759,51.5418657],[-0.1385744,51.5418708],[-0.138596,51.5418923],[-0.1386226,51.5419197],[-0.1389094,51.5419693],[-0.1391729,51.5420051],[-0.1394456,51.5420404],[-0.1394413,51.5420558],[-0.1396073,51.5420733],[-0.1397907,51.5420882],[-0.139933,51.5420965],[-0.1401226,51.5421066],[-0.1403203,51.5421118],[-0.1405668,51.5421083],[-0.1407697,51.5421017]],[[-0.1407697,51.5421017],[-0.1407703,51.5420832],[-0.1402612,51.542049],[-0.1399341,51.5420211],[-0.1396553,51.541994],[-0.1392818,51.541952],[-0.1390298,51.5419211],[-0.1385759,51.5418657],[-0.1385744,51.5418708],[-0.138596,51.5418923],[-0.1386226,51.5419197],[-0.1389094,51.5419693],[-0.1391729,51.5420051],[-0.1394456,51.5420404],[-0.1394413,51.5420558],[-0.1396073,51.5420733],[-0.1397907,51.5420882],[-0.139933,51.5420965],[-0.1401226,51.5421066],[-0.1403203,51.5421118],[-0.1405668,51.5421083],[-0.1407697,51.5421017]],[[-0.1386153,51.5417903],[-0.1386099,51.5418099],[-0.139673,51.5419363],[-0.1401868,51.5419822],[-0.1401894,51.5419405],[-0.1399646,51.5419155],[-0.1398848,51.5419074],[-0.1398294,51.5419026],[-0.1397371,51.541895],[-0.1396852,51.5418903],[-0.1396661,51.5418877],[-0.1396538,51.5418861],[-0.1390936,51.5418135],[-0.1387491,51.5417661],[-0.1387096,51.5418017],[-0.1386153,51.5417903]],[[-0.1386153,51.5417903],[-0.1386099,51.5418099],[-0.139673,51.5419363],[-0.1401868,51.5419822],[-0.1401894,51.5419405],[-0.1399646,51.5419155],[-0.1398848,51.5419074],[-0.1398294,51.5419026],[-0.1397371,51.541895],[-0.1396852,51.5418903],[-0.1396661,51.5418877],[-0.1396538,51.5418861],[-0.1390936,51.5418135],[-0.1387491,51.5417661],[-0.1387096,51.5418017],[-0.1386153,51.5417903]],[[-0.1381627,51.5417702],[-0.1385878,51.5418258]],[[-0.1381627,51.5417702],[-0.1385878,51.5418258]],[[-0.1385785,51.5418575],[-0.1381662,51.5418036]],[[-0.1385785,51.5418575],[-0.1381662,51.5418036]],[[-0.1381662,51.5418036],[-0.1380223,51.5417839],[-0.1373385,51.5416973],[-0.1372646,51.5416879],[-0.1365893,51.5416027],[-0.135206,51.5414252]],[[-0.1381662,51.5418036],[-0.1380223,51.5417839],[-0.1373385,51.5416973],[-0.1372646,51.5416879],[-0.1365893,51.5416027],[-0.135206,51.5414252]],[[-0.1352162,51.5413934],[-0.1365839,51.5415659],[-0.1372229,51.5416478],[-0.137275,51.5416545],[-0.1381627,51.5417702]],[[-0.1352162,51.5413934],[-0.1365839,51.5415659],[-0.1372229,51.5416478],[-0.137275,51.5416545],[-0.1381627,51.5417702]],[[-0.131884,51.5411401],[-0.1323573,51.5411579],[-0.1327143,51.5411745],[-0.1330191,51.5411889],[-0.1334841,51.5412216],[-0.1337079,51.5412383],[-0.1339666,51.5412607],[-0.1343279,51.5412932],[-0.134695,51.5413314],[-0.1351364,51.5413827],[-0.1352162,51.5413934]],[[-0.131884,51.5411401],[-0.1323573,51.5411579],[-0.1327143,51.5411745],[-0.1330191,51.5411889],[-0.1334841,51.5412216],[-0.1337079,51.5412383],[-0.1339666,51.5412607],[-0.1343279,51.5412932],[-0.134695,51.5413314],[-0.1351364,51.5413827],[-0.1352162,51.5413934]],[[-0.135206,51.5414252],[-0.1345666,51.5413516],[-0.1342121,51.5413172],[-0.1338085,51.5412786],[-0.1337017,51.5412696],[-0.1333864,51.541245],[-0.1330197,51.541222],[-0.1326284,51.5412012],[-0.1323255,51.5411881],[-0.1318797,51.5411748]],[[-0.135206,51.5414252],[-0.1345666,51.5413516],[-0.1342121,51.5413172],[-0.1338085,51.5412786],[-0.1337017,51.5412696],[-0.1333864,51.541245],[-0.1330197,51.541222],[-0.1326284,51.5412012],[-0.1323255,51.5411881],[-0.1318797,51.5411748]],[[-0.1317216,51.5411372],[-0.131884,51.5411401]],[[-0.1317216,51.5411372],[-0.131884,51.5411401]],[[-0.1318797,51.5411748],[-0.1317195,51.54117]],[[-0.1318797,51.5411748],[-0.1317195,51.54117]],[[-0.1315366,51.5411318],[-0.1317216,51.5411372]],[[-0.1315366,51.5411318],[-0.1317216,51.5411372]],[[-0.1317195,51.54117],[-0.1315358,51.5411634]],[[-0.1317195,51.54117],[-0.1315358,51.5411634]],[[-0.1309249,51.5411318],[-0.1315366,51.5411318]],[[-0.1309249,51.5411318],[-0.1315366,51.5411318]],[[-0.1315358,51.5411634],[-0.1309362,51.5411601]],[[-0.1315358,51.5411634],[-0.1309362,51.5411601]],[[-0.1309362,51.5411601],[-0.1305623,51.5411598]],[[-0.1309362,51.5411601],[-0.1305623,51.5411598]],[[-0.1305482,51.5411253],[-0.1309249,51.5411318]],[[-0.1305482,51.5411253],[-0.1309249,51.5411318]],[[-0.1305623,51.5411598],[-0.1301371,51.5411614]],[[-0.1305623,51.5411598],[-0.1301371,51.5411614]],[[-0.1301118,51.5411269],[-0.1305482,51.5411253]],[[-0.1301118,51.5411269],[-0.1305482,51.5411253]],[[-0.1301371,51.5411614],[-0.1292446,51.5411447],[-0.1289583,51.5411355],[-0.1277716,51.5411034],[-0.1268507,51.5410774],[-0.1264657,51.5410783],[-0.1259691,51.5410977],[-0.1255066,51.5411288],[-0.1251729,51.5411601]],[[-0.1301371,51.5411614],[-0.1292446,51.5411447],[-0.1289583,51.5411355],[-0.1277716,51.5411034],[-0.1268507,51.5410774],[-0.1264657,51.5410783],[-0.1259691,51.5410977],[-0.1255066,51.5411288],[-0.1251729,51.5411601]],[[-0.1251487,51.5410784],[-0.1255381,51.5410388],[-0.1258427,51.5410177],[-0.126151,51.5410022],[-0.1264208,51.5409942],[-0.1266636,51.5409954],[-0.1269153,51.5410005],[-0.1274602,51.5410292],[-0.1278203,51.5410455],[-0.1281825,51.5410625],[-0.1285173,51.5410765],[-0.1292399,51.5410981],[-0.1298299,51.5411184],[-0.1301118,51.5411269]],[[-0.1251487,51.5410784],[-0.1255381,51.5410388],[-0.1258427,51.5410177],[-0.126151,51.5410022],[-0.1264208,51.5409942],[-0.1266636,51.5409954],[-0.1269153,51.5410005],[-0.1274602,51.5410292],[-0.1278203,51.5410455],[-0.1281825,51.5410625],[-0.1285173,51.5410765],[-0.1292399,51.5410981],[-0.1298299,51.5411184],[-0.1301118,51.5411269]],[[-0.1251729,51.5411601],[-0.1249442,51.541184]],[[-0.1251729,51.5411601],[-0.1249442,51.541184]],[[-0.1249229,51.5411059],[-0.1251487,51.5410784]],[[-0.1249229,51.5411059],[-0.1251487,51.5410784]],[[-0.1249442,51.541184],[-0.1247354,51.5412081],[-0.1244217,51.5412483],[-0.1241362,51.5412895],[-0.1238192,51.5413419],[-0.1235058,51.5414038],[-0.1232131,51.5414671]],[[-0.1249442,51.541184],[-0.1247354,51.5412081],[-0.1244217,51.5412483],[-0.1241362,51.5412895],[-0.1238192,51.5413419],[-0.1235058,51.5414038],[-0.1232131,51.5414671]],[[-0.1232369,51.5414231],[-0.1236668,51.5413275],[-0.1242412,51.5412094],[-0.1245964,51.541151],[-0.1249229,51.5411059]],[[-0.1232369,51.5414231],[-0.1236668,51.5413275],[-0.1242412,51.5412094],[-0.1245964,51.541151],[-0.1249229,51.5411059]],[[-0.1215222,51.5418298],[-0.1232369,51.5414231]],[[-0.1215222,51.5418298],[-0.1232369,51.5414231]],[[-0.1232131,51.5414671],[-0.1215416,51.541859]],[[-0.1232131,51.5414671],[-0.1215416,51.541859]],[[-0.1215416,51.541859],[-0.1213859,51.5418988],[-0.1204654,51.5421253],[-0.1197923,51.5422962],[-0.1191469,51.5424659],[-0.1175172,51.5429258]],[[-0.1215416,51.541859],[-0.1213859,51.5418988],[-0.1204654,51.5421253],[-0.1197923,51.5422962],[-0.1191469,51.5424659],[-0.1175172,51.5429258]],[[-0.1175056,51.5428656],[-0.1182924,51.542657],[-0.1191446,51.5424297],[-0.1197168,51.5422799],[-0.1205081,51.542081],[-0.1213662,51.5418699],[-0.1215222,51.5418298]],[[-0.1175056,51.5428656],[-0.1182924,51.542657],[-0.1191446,51.5424297],[-0.1197168,51.5422799],[-0.1205081,51.542081],[-0.1213662,51.5418699],[-0.1215222,51.5418298]],[[-0.1175172,51.5429258],[-0.1172563,51.5429949]],[[-0.1175172,51.5429258],[-0.1172563,51.5429949]],[[-0.1172449,51.5429302],[-0.1175056,51.5428656]],[[-0.1172449,51.5429302],[-0.1175056,51.5428656]],[[-0.1172563,51.5429949],[-0.1159639,51.5433502],[-0.1155351,51.5434697],[-0.1151943,51.5435583],[-0.1147882,51.5436557],[-0.1145267,51.5437107],[-0.1139367,51.5438185],[-0.1132674,51.5439301],[-0.1128182,51.5440141],[-0.1121449,51.5441737],[-0.1109396,51.544481]],[[-0.1172563,51.5429949],[-0.1159639,51.5433502],[-0.1155351,51.5434697],[-0.1151943,51.5435583],[-0.1147882,51.5436557],[-0.1145267,51.5437107],[-0.1139367,51.5438185],[-0.1132674,51.5439301],[-0.1128182,51.5440141],[-0.1121449,51.5441737],[-0.1109396,51.544481]],[[-0.1109193,51.5444449],[-0.1118503,51.5442227],[-0.1132285,51.5438708],[-0.1142517,51.5436335],[-0.1148223,51.5435096],[-0.1153538,51.5433918],[-0.1159066,51.5432606],[-0.1172449,51.5429302]],[[-0.1109193,51.5444449],[-0.1118503,51.5442227],[-0.1132285,51.5438708],[-0.1142517,51.5436335],[-0.1148223,51.5435096],[-0.1153538,51.5433918],[-0.1159066,51.5432606],[-0.1172449,51.5429302]],[[-0.115955,51.5433371],[-0.115933,51.5433036],[-0.1158597,51.5433236],[-0.1157148,51.5433632],[-0.1155717,51.5434026],[-0.115416,51.5434455],[-0.1153525,51.5434618],[-0.1152748,51.5434803],[-0.1149796,51.5435472],[-0.1148553,51.5435753],[-0.1147552,51.5435967],[-0.1147616,51.5436081],[-0.114768,51.5436195],[-0.1145082,51.5436753],[-0.1145147,51.5436878],[-0.1145196,51.5436971],[-0.1147806,51.5436421],[-0.1150061,51.5435882],[-0.115186,51.5435452],[-0.1152953,51.5435166],[-0.1155259,51.5434562],[-0.115955,51.5433371]],[[-0.115955,51.5433371],[-0.115933,51.5433036],[-0.1158597,51.5433236],[-0.1157148,51.5433632],[-0.1155717,51.5434026],[-0.115416,51.5434455],[-0.1153525,51.5434618],[-0.1152748,51.5434803],[-0.1149796,51.5435472],[-0.1148553,51.5435753],[-0.1147552,51.5435967],[-0.1147616,51.5436081],[-0.114768,51.5436195],[-0.1145082,51.5436753],[-0.1145147,51.5436878],[-0.1145196,51.5436971],[-0.1147806,51.5436421],[-0.1150061,51.5435882],[-0.115186,51.5435452],[-0.1152953,51.5435166],[-0.1155259,51.5434562],[-0.115955,51.5433371]],[[-0.1142566,51.5436429],[-0.1142628,51.5436539],[-0.1142701,51.543667],[-0.1147412,51.5435716],[-0.1147552,51.5435967],[-0.1148553,51.5435753],[-0.1149796,51.5435472],[-0.1152748,51.5434803],[-0.1153525,51.5434618],[-0.115416,51.5434455],[-0.1155717,51.5434026],[-0.1157148,51.5433632],[-0.1158597,51.5433236],[-0.115933,51.5433036],[-0.1159129,51.5432714],[-0.1153611,51.5434029],[-0.1152451,51.5434292],[-0.1149534,51.5434954],[-0.1148318,51.543523],[-0.1142566,51.5436429]],[[-0.1142566,51.5436429],[-0.1142628,51.5436539],[-0.1142701,51.543667],[-0.1147412,51.5435716],[-0.1147552,51.5435967],[-0.1148553,51.5435753],[-0.1149796,51.5435472],[-0.1152748,51.5434803],[-0.1153525,51.5434618],[-0.115416,51.5434455],[-0.1155717,51.5434026],[-0.1157148,51.5433632],[-0.1158597,51.5433236],[-0.115933,51.5433036],[-0.1159129,51.5432714],[-0.1153611,51.5434029],[-0.1152451,51.5434292],[-0.1149534,51.5434954],[-0.1148318,51.543523],[-0.1142566,51.5436429]],[[-0.1109396,51.544481],[-0.1101788,51.5446922]],[[-0.1109396,51.544481],[-0.1101788,51.5446922]],[[-0.1109169,51.5444454],[-0.1109193,51.5444449]],[[-0.1109169,51.5444454],[-0.1109193,51.5444449]],[[-0.1098634,51.5447112],[-0.1109169,51.5444454]],[[-0.1098634,51.5447112],[-0.1109169,51.5444454]],[[-0.1101788,51.5446922],[-0.1090619,51.5449742]],[[-0.1101788,51.5446922],[-0.1090619,51.5449742]],[[-0.1090507,51.544955],[-0.1098634,51.5447112]],[[-0.1090507,51.544955],[-0.1098634,51.5447112]],[[-0.1090619,51.5449742],[-0.1078225,51.545273],[-0.1071064,51.5454295],[-0.1069945,51.5454556],[-0.1065385,51.5455583],[-0.1061192,51.5456683],[-0.1057582,51.5457716],[-0.1053961,51.5458813]],[[-0.1090619,51.5449742],[-0.1078225,51.545273],[-0.1071064,51.5454295],[-0.1069945,51.5454556],[-0.1065385,51.5455583],[-0.1061192,51.5456683],[-0.1057582,51.5457716],[-0.1053961,51.5458813]],[[-0.1053821,51.5458523],[-0.1057407,51.5457454],[-0.106106,51.5456384],[-0.1065206,51.5455323],[-0.1069771,51.5454283],[-0.1070909,51.5454022],[-0.1078051,51.5452443],[-0.1090507,51.544955]],[[-0.1053821,51.5458523],[-0.1057407,51.5457454],[-0.106106,51.5456384],[-0.1065206,51.5455323],[-0.1069771,51.5454283],[-0.1070909,51.5454022],[-0.1078051,51.5452443],[-0.1090507,51.544955]],[[-0.1056308,51.5458597],[-0.1056145,51.545833],[-0.1054656,51.5458755],[-0.1054039,51.5458931],[-0.1049793,51.5459994],[-0.1046704,51.5460679],[-0.1043907,51.5461258],[-0.1042065,51.5461628],[-0.104262,51.5461736],[-0.1044026,51.5461459],[-0.1044105,51.5461609],[-0.104415,51.5461695],[-0.1044185,51.5461761],[-0.1044808,51.5461642],[-0.1045529,51.5461502],[-0.1045892,51.5461428],[-0.105011,51.5460503],[-0.1054319,51.5459486],[-0.1056467,51.545885],[-0.1056308,51.5458597]],[[-0.1056308,51.5458597],[-0.1056145,51.545833],[-0.1054656,51.5458755],[-0.1054039,51.5458931],[-0.1049793,51.5459994],[-0.1046704,51.5460679],[-0.1043907,51.5461258],[-0.1042065,51.5461628],[-0.104262,51.5461736],[-0.1044026,51.5461459],[-0.1044105,51.5461609],[-0.104415,51.5461695],[-0.1044185,51.5461761],[-0.1044808,51.5461642],[-0.1045529,51.5461502],[-0.1045892,51.5461428],[-0.105011,51.5460503],[-0.1054319,51.5459486],[-0.1056467,51.545885],[-0.1056308,51.5458597]],[[-0.1054032,51.5457773],[-0.1055612,51.5457338],[-0.1055854,51.5457269],[-0.105644,51.5457089],[-0.1057028,51.545693],[-0.1057266,51.5457332],[-0.1053759,51.5458372],[-0.1049537,51.5459468],[-0.1046574,51.5460147],[-0.1043726,51.5460715],[-0.1040992,51.5461224],[-0.1040914,51.5461082],[-0.1042593,51.5460726],[-0.104247,51.5460495],[-0.1051048,51.5458547],[-0.1054032,51.5457773]],[[-0.1054032,51.5457773],[-0.1055612,51.5457338],[-0.1055854,51.5457269],[-0.105644,51.5457089],[-0.1057028,51.545693],[-0.1057266,51.5457332],[-0.1053759,51.5458372],[-0.1049537,51.5459468],[-0.1046574,51.5460147],[-0.1043726,51.5460715],[-0.1040992,51.5461224],[-0.1040914,51.5461082],[-0.1042593,51.5460726],[-0.104247,51.5460495],[-0.1051048,51.5458547],[-0.1054032,51.5457773]],[[-0.1053961,51.5458813],[-0.1049706,51.5459897],[-0.1046625,51.5460582],[-0.1043929,51.5461095],[-0.1041711,51.5461557]],[[-0.1053961,51.5458813],[-0.1049706,51.5459897],[-0.1046625,51.5460582],[-0.1043929,51.5461095],[-0.1041711,51.5461557]],[[-0.1041065,51.5461333],[-0.1043795,51.5460803],[-0.1046501,51.5460276],[-0.1049581,51.5459599],[-0.1053821,51.5458523]],[[-0.1041065,51.5461333],[-0.1043795,51.5460803],[-0.1046501,51.5460276],[-0.1049581,51.5459599],[-0.1053821,51.5458523]],[[-0.1041711,51.5461557],[-0.1037056,51.5462387],[-0.1030015,51.5463495]],[[-0.1041711,51.5461557],[-0.1037056,51.5462387],[-0.1030015,51.5463495]],[[-0.1029862,51.5463238],[-0.1036893,51.5462103],[-0.1041065,51.5461333]],[[-0.1029862,51.5463238],[-0.1036893,51.5462103],[-0.1041065,51.5461333]],[[-0.1030015,51.5463495],[-0.102113,51.5465196],[-0.1016812,51.5466147],[-0.0985415,51.5473207]],[[-0.1030015,51.5463495],[-0.102113,51.5465196],[-0.1016812,51.5466147],[-0.0985415,51.5473207]],[[-0.0986439,51.5472622],[-0.1016611,51.5465867],[-0.1020943,51.546492],[-0.1029862,51.5463238]],[[-0.0986439,51.5472622],[-0.1016611,51.5465867],[-0.1020943,51.546492],[-0.1029862,51.5463238]],[[-0.092081,51.5487417],[-0.0923076,51.5487138],[-0.0923335,51.5487107],[-0.0926848,51.5486601],[-0.0929944,51.5486092],[-0.0932832,51.5485561],[-0.0935684,51.548499],[-0.093889,51.5484276],[-0.0940566,51.5483902],[-0.0943697,51.5483206],[-0.0957208,51.5479806],[-0.0962932,51.5478342],[-0.0972385,51.547596],[-0.0979837,51.5474106],[-0.0986439,51.5472622]],[[-0.092081,51.5487417],[-0.0923076,51.5487138],[-0.0923335,51.5487107],[-0.0926848,51.5486601],[-0.0929944,51.5486092],[-0.0932832,51.5485561],[-0.0935684,51.548499],[-0.093889,51.5484276],[-0.0940566,51.5483902],[-0.0943697,51.5483206],[-0.0957208,51.5479806],[-0.0962932,51.5478342],[-0.0972385,51.547596],[-0.0979837,51.5474106],[-0.0986439,51.5472622]],[[-0.0985415,51.5473207],[-0.098001,51.547439],[-0.0972564,51.5476232]],[[-0.0985415,51.5473207],[-0.098001,51.547439],[-0.0972564,51.5476232]],[[-0.0972564,51.5476232],[-0.0963091,51.5478635],[-0.0957408,51.5480076],[-0.0943861,51.5483493],[-0.0940748,51.5484185],[-0.0935844,51.5485275],[-0.093298,51.5485852],[-0.0930081,51.5486394],[-0.092697,51.5486909],[-0.0923821,51.5487373],[-0.0923177,51.5487453],[-0.092085,51.5487729]],[[-0.0972564,51.5476232],[-0.0963091,51.5478635],[-0.0957408,51.5480076],[-0.0943861,51.5483493],[-0.0940748,51.5484185],[-0.0935844,51.5485275],[-0.093298,51.5485852],[-0.0930081,51.5486394],[-0.092697,51.5486909],[-0.0923821,51.5487373],[-0.0923177,51.5487453],[-0.092085,51.5487729]],[[-0.0925854,51.5486204],[-0.0927359,51.5485982],[-0.092783,51.5485821],[-0.0928851,51.5485651],[-0.0932892,51.5484836],[-0.0934506,51.5484513],[-0.0938108,51.5483756],[-0.0938244,51.5484003],[-0.0938693,51.548391],[-0.0938825,51.5484156],[-0.0935608,51.5484856],[-0.0932764,51.5485428],[-0.0929888,51.5485969],[-0.0926793,51.5486471],[-0.0925192,51.5486713],[-0.0923286,51.5486974],[-0.0923231,51.5486585],[-0.0925854,51.5486204]],[[-0.0925854,51.5486204],[-0.0927359,51.5485982],[-0.092783,51.5485821],[-0.0928851,51.5485651],[-0.0932892,51.5484836],[-0.0934506,51.5484513],[-0.0938108,51.5483756],[-0.0938244,51.5484003],[-0.0938693,51.548391],[-0.0938825,51.5484156],[-0.0935608,51.5484856],[-0.0932764,51.5485428],[-0.0929888,51.5485969],[-0.0926793,51.5486471],[-0.0925192,51.5486713],[-0.0923286,51.5486974],[-0.0923231,51.5486585],[-0.0925854,51.5486204]],[[-0.0923875,51.5487509],[-0.0924126,51.5488141],[-0.0928608,51.5487476],[-0.0929431,51.5487341],[-0.092933,51.5487105],[-0.0930323,51.5486924],[-0.0933234,51.548635],[-0.0936118,51.5485768],[-0.0937995,51.5485389],[-0.0939186,51.5485128],[-0.0941026,51.5484669],[-0.0940823,51.5484316],[-0.0935909,51.548539],[-0.0933043,51.5485975],[-0.0930136,51.5486514],[-0.0927748,51.5486907],[-0.0927016,51.5487028],[-0.092507,51.5487326],[-0.0923875,51.5487509]],[[-0.0923875,51.5487509],[-0.0924126,51.5488141],[-0.0928608,51.5487476],[-0.0929431,51.5487341],[-0.092933,51.5487105],[-0.0930323,51.5486924],[-0.0933234,51.548635],[-0.0936118,51.5485768],[-0.0937995,51.5485389],[-0.0939186,51.5485128],[-0.0941026,51.5484669],[-0.0940823,51.5484316],[-0.0935909,51.548539],[-0.0933043,51.5485975],[-0.0930136,51.5486514],[-0.0927748,51.5486907],[-0.0927016,51.5487028],[-0.092507,51.5487326],[-0.0923875,51.5487509]],[[-0.092085,51.5487729],[-0.0915644,51.5488131]],[[-0.092085,51.5487729],[-0.0915644,51.5488131]],[[-0.0915774,51.5487841],[-0.092081,51.5487417]],[[-0.0915774,51.5487841],[-0.092081,51.5487417]],[[-0.0786317,51.5483918],[-0.0804375,51.5485305],[-0.0809511,51.5485765],[-0.0823428,51.5487046],[-0.0826294,51.548729],[-0.0830044,51.5487524],[-0.083545,51.548776],[-0.0838954,51.5487965],[-0.0841572,51.548812],[-0.0850012,51.5489034],[-0.0858286,51.5489602],[-0.0869836,51.5490008],[-0.0880305,51.5490024],[-0.0891049,51.5489648],[-0.0900243,51.5489192],[-0.0911728,51.5488239],[-0.0915774,51.5487841]],[[-0.0786317,51.5483918],[-0.0804375,51.5485305],[-0.0809511,51.5485765],[-0.0823428,51.5487046],[-0.0826294,51.548729],[-0.0830044,51.5487524],[-0.083545,51.548776],[-0.0838954,51.5487965],[-0.0841572,51.548812],[-0.0850012,51.5489034],[-0.0858286,51.5489602],[-0.0869836,51.5490008],[-0.0880305,51.5490024],[-0.0891049,51.5489648],[-0.0900243,51.5489192],[-0.0911728,51.5488239],[-0.0915774,51.5487841]],[[-0.0915644,51.5488131],[-0.0911824,51.5488541],[-0.0900316,51.5489484],[-0.0891036,51.5489999],[-0.0880288,51.5490333],[-0.0869845,51.54903],[-0.0858233,51.5489884],[-0.0849918,51.5489331],[-0.0841497,51.5488436],[-0.0838889,51.5488265],[-0.0835421,51.5488044],[-0.0830026,51.548781],[-0.0826233,51.5487598],[-0.082335,51.5487362],[-0.0809454,51.5486069],[-0.0804318,51.5485614],[-0.0786237,51.5484226]],[[-0.0915644,51.5488131],[-0.0911824,51.5488541],[-0.0900316,51.5489484],[-0.0891036,51.5489999],[-0.0880288,51.5490333],[-0.0869845,51.54903],[-0.0858233,51.5489884],[-0.0849918,51.5489331],[-0.0841497,51.5488436],[-0.0838889,51.5488265],[-0.0835421,51.5488044],[-0.0830026,51.548781],[-0.0826233,51.5487598],[-0.082335,51.5487362],[-0.0809454,51.5486069],[-0.0804318,51.5485614],[-0.0786237,51.5484226]],[[-0.07582,51.5481546],[-0.0768063,51.5482305],[-0.0771142,51.5482537],[-0.0772485,51.5482648],[-0.0786317,51.5483918]],[[-0.07582,51.5481546],[-0.0768063,51.5482305],[-0.0771142,51.5482537],[-0.0772485,51.5482648],[-0.0786317,51.5483918]],[[-0.0786237,51.5484226],[-0.0772408,51.5482949],[-0.0771091,51.5482825],[-0.0768073,51.5482578],[-0.075816,51.5481864]],[[-0.0786237,51.5484226],[-0.0772408,51.5482949],[-0.0771091,51.5482825],[-0.0768073,51.5482578],[-0.075816,51.5481864]],[[-0.0740476,51.5480183],[-0.0756584,51.5481421],[-0.07582,51.5481546]],[[-0.0740476,51.5480183],[-0.0756584,51.5481421],[-0.07582,51.5481546]],[[-0.075816,51.5481864],[-0.0756534,51.5481741],[-0.0740399,51.5480495]],[[-0.075816,51.5481864],[-0.0756534,51.5481741],[-0.0740399,51.5480495]],[[-0.0756094,51.5481255],[-0.0758904,51.5481465],[-0.075954,51.5481513],[-0.0760951,51.5481619],[-0.0768072,51.5482152],[-0.0767912,51.5481859],[-0.0765877,51.5481711],[-0.0761008,51.5481346],[-0.07596,51.5481235],[-0.0759588,51.5481291],[-0.0758245,51.5481196],[-0.0756128,51.548103],[-0.0756094,51.5481255]],[[-0.0756094,51.5481255],[-0.0758904,51.5481465],[-0.075954,51.5481513],[-0.0760951,51.5481619],[-0.0768072,51.5482152],[-0.0767912,51.5481859],[-0.0765877,51.5481711],[-0.0761008,51.5481346],[-0.07596,51.5481235],[-0.0759588,51.5481291],[-0.0758245,51.5481196],[-0.0756128,51.548103],[-0.0756094,51.5481255]],[[-0.0756013,51.5481805],[-0.0758784,51.5482016],[-0.0759421,51.5482065],[-0.0760835,51.5482173],[-0.0770631,51.5482919],[-0.0770579,51.5483158],[-0.0766512,51.5482851],[-0.0760781,51.5482429],[-0.0759364,51.548233],[-0.0759383,51.5482243],[-0.0758124,51.5482148],[-0.0755987,51.5481986],[-0.0756013,51.5481805]],[[-0.0756013,51.5481805],[-0.0758784,51.5482016],[-0.0759421,51.5482065],[-0.0760835,51.5482173],[-0.0770631,51.5482919],[-0.0770579,51.5483158],[-0.0766512,51.5482851],[-0.0760781,51.5482429],[-0.0759364,51.548233],[-0.0759383,51.5482243],[-0.0758124,51.5482148],[-0.0755987,51.5481986],[-0.0756013,51.5481805]],[[-0.06489,51.5474179],[-0.0657315,51.5474621],[-0.0685679,51.5476145],[-0.0693504,51.5476676],[-0.0740476,51.5480183]],[[-0.06489,51.5474179],[-0.0657315,51.5474621],[-0.0685679,51.5476145],[-0.0693504,51.5476676],[-0.0740476,51.5480183]],[[-0.0740399,51.5480495],[-0.0693461,51.5476982],[-0.0685643,51.5476447],[-0.0657289,51.5474918],[-0.0648862,51.5474483],[-0.0631721,51.5473548]],[[-0.0740399,51.5480495],[-0.0693461,51.5476982],[-0.0685643,51.5476447],[-0.0657289,51.5474918],[-0.0648862,51.5474483],[-0.0631721,51.5473548]],[[-0.0631758,51.5473258],[-0.06489,51.5474179]],[[-0.0631758,51.5473258],[-0.06489,51.5474179]],[[-0.0552133,51.5470861],[-0.0558244,51.5470566],[-0.0562912,51.547042],[-0.0566186,51.5470414],[-0.0569334,51.5470412],[-0.0571515,51.5470417],[-0.0573976,51.5470416],[-0.0576242,51.5470437],[-0.0579542,51.5470537],[-0.0580911,51.5470586],[-0.0586966,51.5470861],[-0.0617002,51.5472419],[-0.0631758,51.5473258]],[[-0.0552133,51.5470861],[-0.0558244,51.5470566],[-0.0562912,51.547042],[-0.0566186,51.5470414],[-0.0569334,51.5470412],[-0.0571515,51.5470417],[-0.0573976,51.5470416],[-0.0576242,51.5470437],[-0.0579542,51.5470537],[-0.0580911,51.5470586],[-0.0586966,51.5470861],[-0.0617002,51.5472419],[-0.0631758,51.5473258]],[[-0.0631721,51.5473548],[-0.0616965,51.5472713],[-0.0586947,51.5471162],[-0.0580885,51.5470884],[-0.057952,51.5470847],[-0.0576217,51.5470765],[-0.0573966,51.5470739],[-0.0571512,51.5470725],[-0.0569342,51.5470727],[-0.0566181,51.5470719],[-0.0562916,51.5470743],[-0.0558257,51.5470903],[-0.0552182,51.5471191]],[[-0.0631721,51.5473548],[-0.0616965,51.5472713],[-0.0586947,51.5471162],[-0.0580885,51.5470884],[-0.057952,51.5470847],[-0.0576217,51.5470765],[-0.0573966,51.5470739],[-0.0571512,51.5470725],[-0.0569342,51.5470727],[-0.0566181,51.5470719],[-0.0562916,51.5470743],[-0.0558257,51.5470903],[-0.0552182,51.5471191]],[[-0.0571518,51.5469975],[-0.0571517,51.5470084],[-0.0569862,51.5470081],[-0.0569863,51.5469953],[-0.0569863,51.5469808],[-0.0569632,51.5469808],[-0.0567852,51.5469806],[-0.056785,51.5469972],[-0.056618,51.5469971],[-0.0562907,51.5470002],[-0.0562908,51.5470107],[-0.0562911,51.547031],[-0.0566186,51.5470287],[-0.0569331,51.5470277],[-0.0571516,51.547029],[-0.057398,51.5470299],[-0.0576252,51.5470312],[-0.0579551,51.5470408],[-0.0580922,51.5470453],[-0.0580949,51.5470146],[-0.0579573,51.5470096],[-0.0576275,51.5470006],[-0.0573989,51.5469982],[-0.0572007,51.5469982],[-0.0571827,51.546998],[-0.0571518,51.5469975]],[[-0.0571518,51.5469975],[-0.0571517,51.5470084],[-0.0569862,51.5470081],[-0.0569863,51.5469953],[-0.0569863,51.5469808],[-0.0569632,51.5469808],[-0.0567852,51.5469806],[-0.056785,51.5469972],[-0.056618,51.5469971],[-0.0562907,51.5470002],[-0.0562908,51.5470107],[-0.0562911,51.547031],[-0.0566186,51.5470287],[-0.0569331,51.5470277],[-0.0571516,51.547029],[-0.057398,51.5470299],[-0.0576252,51.5470312],[-0.0579551,51.5470408],[-0.0580922,51.5470453],[-0.0580949,51.5470146],[-0.0579573,51.5470096],[-0.0576275,51.5470006],[-0.0573989,51.5469982],[-0.0572007,51.5469982],[-0.0571827,51.546998],[-0.0571518,51.5469975]],[[-0.056982,51.5471034],[-0.0569817,51.547117],[-0.0569817,51.5471299],[-0.0569346,51.54713],[-0.0569346,51.5471247],[-0.0568954,51.5471246],[-0.0566189,51.5471235],[-0.0565476,51.5471232],[-0.0565476,51.5471169],[-0.0562922,51.5471198],[-0.0562918,51.5470861],[-0.0566189,51.5470844],[-0.0569345,51.5470851],[-0.0571511,51.5470861],[-0.0573962,51.5470867],[-0.0576207,51.5470894],[-0.0579511,51.5470968],[-0.0580874,51.5471002],[-0.0580846,51.5471326],[-0.0579489,51.5471275],[-0.0576184,51.5471185],[-0.0573954,51.5471151],[-0.0573706,51.5471153],[-0.0571982,51.5471167],[-0.0571797,51.5471164],[-0.0571509,51.5471159],[-0.057151,51.5471048],[-0.056982,51.5471034]],[[-0.056982,51.5471034],[-0.0569817,51.547117],[-0.0569817,51.5471299],[-0.0569346,51.54713],[-0.0569346,51.5471247],[-0.0568954,51.5471246],[-0.0566189,51.5471235],[-0.0565476,51.5471232],[-0.0565476,51.5471169],[-0.0562922,51.5471198],[-0.0562918,51.5470861],[-0.0566189,51.5470844],[-0.0569345,51.5470851],[-0.0571511,51.5470861],[-0.0573962,51.5470867],[-0.0576207,51.5470894],[-0.0579511,51.5470968],[-0.0580874,51.5471002],[-0.0580846,51.5471326],[-0.0579489,51.5471275],[-0.0576184,51.5471185],[-0.0573954,51.5471151],[-0.0573706,51.5471153],[-0.0571982,51.5471167],[-0.0571797,51.5471164],[-0.0571509,51.5471159],[-0.057151,51.5471048],[-0.056982,51.5471034]],[[-0.0552182,51.5471191],[-0.0545585,51.5471587]],[[-0.0552182,51.5471191],[-0.0545585,51.5471587]],[[-0.0545538,51.5471269],[-0.0552133,51.5470861]],[[-0.0545538,51.5471269],[-0.0552133,51.5470861]],[[-0.0545585,51.5471587],[-0.0538346,51.5472162],[-0.0532299,51.547264],[-0.0524799,51.547304],[-0.0517433,51.5473344],[-0.0509769,51.5473407],[-0.0499102,51.547331],[-0.0490166,51.5473034],[-0.047936,51.5472657]],[[-0.0545585,51.5471587],[-0.0538346,51.5472162],[-0.0532299,51.547264],[-0.0524799,51.547304],[-0.0517433,51.5473344],[-0.0509769,51.5473407],[-0.0499102,51.547331],[-0.0490166,51.5473034],[-0.047936,51.5472657]],[[-0.0479385,51.5472353],[-0.0490191,51.5472732],[-0.0499123,51.5472988],[-0.050979,51.5473083],[-0.0517422,51.5473017],[-0.0524785,51.5472762],[-0.0532254,51.547233],[-0.0538283,51.5471864],[-0.0545538,51.5471269]],[[-0.0479385,51.5472353],[-0.0490191,51.5472732],[-0.0499123,51.5472988],[-0.050979,51.5473083],[-0.0517422,51.5473017],[-0.0524785,51.5472762],[-0.0532254,51.547233],[-0.0538283,51.5471864],[-0.0545538,51.5471269]],[[-0.0475907,51.5472225],[-0.0479385,51.5472353]],[[-0.0475907,51.5472225],[-0.0479385,51.5472353]],[[-0.047936,51.5472657],[-0.047588,51.5472545]],[[-0.047936,51.5472657],[-0.047588,51.5472545]],[[-0.0459305,51.5471664],[-0.0475907,51.5472225]],[[-0.0459305,51.5471664],[-0.0475907,51.5472225]],[[-0.047588,51.5472545],[-0.0459271,51.5471944]],[[-0.047588,51.5472545],[-0.0459271,51.5471944]],[[-0.0459305,51.5471664],[-0.0444754,51.5471146]],[[-0.0459305,51.5471664],[-0.0444754,51.5471146]],[[-0.0459271,51.5471944],[-0.0444964,51.5471461]],[[-0.0459271,51.5471944],[-0.0444964,51.5471461]],[[-0.0444964,51.5471461],[-0.0442724,51.547139]],[[-0.0444964,51.5471461],[-0.0442724,51.547139]],[[-0.0442512,51.5471085],[-0.0444754,51.5471146]],[[-0.0442512,51.5471085],[-0.0444754,51.5471146]],[[-0.0442724,51.547139],[-0.042501,51.547069],[-0.0420602,51.5470589]],[[-0.0442724,51.547139],[-0.042501,51.547069],[-0.0420602,51.5470589]],[[-0.0420628,51.5470306],[-0.0435036,51.5470791],[-0.0442512,51.5471085]],[[-0.0420628,51.5470306],[-0.0435036,51.5470791],[-0.0442512,51.5471085]],[[-0.0439703,51.5471752],[-0.0439743,51.547141],[-0.0434754,51.5471211],[-0.0431811,51.5471103],[-0.0428174,51.5470976],[-0.0424825,51.5470908],[-0.0424805,51.547117],[-0.0425078,51.5471176],[-0.0427855,51.5471245],[-0.0427835,51.5471449],[-0.0429146,51.5471497],[-0.0429165,51.5471294],[-0.0434038,51.5471479],[-0.043855,51.5471605],[-0.0438645,51.5471733],[-0.0439703,51.5471752]],[[-0.0439703,51.5471752],[-0.0439743,51.547141],[-0.0434754,51.5471211],[-0.0431811,51.5471103],[-0.0428174,51.5470976],[-0.0424825,51.5470908],[-0.0424805,51.547117],[-0.0425078,51.5471176],[-0.0427855,51.5471245],[-0.0427835,51.5471449],[-0.0429146,51.5471497],[-0.0429165,51.5471294],[-0.0434038,51.5471479],[-0.043855,51.5471605],[-0.0438645,51.5471733],[-0.0439703,51.5471752]],[[-0.0428972,51.5470218],[-0.0426505,51.5470133],[-0.0426513,51.5470035],[-0.0426521,51.5469952],[-0.0425056,51.5469914],[-0.0425048,51.5469984],[-0.0425007,51.547033],[-0.0440215,51.5470849],[-0.0440235,51.5470606],[-0.0439306,51.5470576],[-0.0439313,51.5470484],[-0.0438096,51.5470445],[-0.0438088,51.5470544],[-0.0430286,51.5470252],[-0.0429908,51.5470237],[-0.042992,51.5470026],[-0.0428983,51.5470007],[-0.0428972,51.5470218]],[[-0.0428972,51.5470218],[-0.0426505,51.5470133],[-0.0426513,51.5470035],[-0.0426521,51.5469952],[-0.0425056,51.5469914],[-0.0425048,51.5469984],[-0.0425007,51.547033],[-0.0440215,51.5470849],[-0.0440235,51.5470606],[-0.0439306,51.5470576],[-0.0439313,51.5470484],[-0.0438096,51.5470445],[-0.0438088,51.5470544],[-0.0430286,51.5470252],[-0.0429908,51.5470237],[-0.042992,51.5470026],[-0.0428983,51.5470007],[-0.0428972,51.5470218]],[[-0.0418752,51.5470198],[-0.0420628,51.5470306]],[[-0.0418752,51.5470198],[-0.0420628,51.5470306]],[[-0.0420602,51.5470589],[-0.0418725,51.5470494]],[[-0.0420602,51.5470589],[-0.0418725,51.5470494]],[[-0.0371291,51.5468163],[-0.0375636,51.5468535],[-0.0380355,51.5468807],[-0.0385736,51.5469059],[-0.0418752,51.5470198]],[[-0.0371291,51.5468163],[-0.0375636,51.5468535],[-0.0380355,51.5468807],[-0.0385736,51.5469059],[-0.0418752,51.5470198]],[[-0.0418725,51.5470494],[-0.0385702,51.546936],[-0.0380221,51.5469106],[-0.0375595,51.5468858],[-0.0371201,51.5468497]],[[-0.0418725,51.5470494],[-0.0385702,51.546936],[-0.0380221,51.5469106],[-0.0375595,51.5468858],[-0.0371201,51.5468497]],[[-0.0368885,51.5467932],[-0.0371291,51.5468163]],[[-0.0368885,51.5467932],[-0.0371291,51.5468163]],[[-0.0371201,51.5468497],[-0.0368797,51.5468268]],[[-0.0371201,51.5468497],[-0.0368797,51.5468268]],[[-0.0336227,51.5460647],[-0.0339775,51.5461825],[-0.0343161,51.5462859],[-0.034628,51.5463764],[-0.0349919,51.5464638],[-0.0353258,51.546543],[-0.0356972,51.5466188],[-0.03606,51.5466792],[-0.0364376,51.5467365],[-0.0368885,51.5467932]],[[-0.0336227,51.5460647],[-0.0339775,51.5461825],[-0.0343161,51.5462859],[-0.034628,51.5463764],[-0.0349919,51.5464638],[-0.0353258,51.546543],[-0.0356972,51.5466188],[-0.03606,51.5466792],[-0.0364376,51.5467365],[-0.0368885,51.5467932]],[[-0.0368797,51.5468268],[-0.0364228,51.5467676],[-0.0360433,51.5467113],[-0.0356813,51.5466497],[-0.0353203,51.5465738],[-0.0349785,51.5464962],[-0.0346164,51.5464081],[-0.0342879,51.5463129],[-0.0339569,51.5462114],[-0.0336006,51.5460929]],[[-0.0368797,51.5468268],[-0.0364228,51.5467676],[-0.0360433,51.5467113],[-0.0356813,51.5466497],[-0.0353203,51.5465738],[-0.0349785,51.5464962],[-0.0346164,51.5464081],[-0.0342879,51.5463129],[-0.0339569,51.5462114],[-0.0336006,51.5460929]],[[-0.0331867,51.5459099],[-0.0336227,51.5460647]],[[-0.0331867,51.5459099],[-0.0336227,51.5460647]],[[-0.0336006,51.5460929],[-0.033168,51.5459361]],[[-0.0336006,51.5460929],[-0.033168,51.5459361]],[[-0.031218,51.5449853],[-0.0315358,51.5451604],[-0.0318894,51.5453486],[-0.0321834,51.5454913],[-0.0326143,51.545683],[-0.033081,51.5458709],[-0.0331867,51.5459099]],[[-0.031218,51.5449853],[-0.0315358,51.5451604],[-0.0318894,51.5453486],[-0.0321834,51.5454913],[-0.0326143,51.545683],[-0.033081,51.5458709],[-0.0331867,51.5459099]],[[-0.033168,51.5459361],[-0.0330593,51.5458961],[-0.0325899,51.5457065],[-0.0321512,51.5455122],[-0.0318597,51.5453735],[-0.0315077,51.5451888],[-0.0311835,51.5450093]],[[-0.033168,51.5459361],[-0.0330593,51.5458961],[-0.0325899,51.5457065],[-0.0321512,51.5455122],[-0.0318597,51.5453735],[-0.0315077,51.5451888],[-0.0311835,51.5450093]],[[-0.0305863,51.5445855],[-0.031218,51.5449853]],[[-0.0305863,51.5445855],[-0.031218,51.5449853]],[[-0.0311835,51.5450093],[-0.0305466,51.5446064]],[[-0.0311835,51.5450093],[-0.0305466,51.5446064]],[[-0.0294801,51.5439807],[-0.0296785,51.5440682],[-0.0298868,51.5441706],[-0.0301365,51.544295],[-0.0303275,51.5444107],[-0.0305863,51.5445855]],[[-0.0294801,51.5439807],[-0.0296785,51.5440682],[-0.0298868,51.5441706],[-0.0301365,51.544295],[-0.0303275,51.5444107],[-0.0305863,51.5445855]],[[-0.0305466,51.5446064],[-0.0302857,51.5444388],[-0.0300838,51.5443168],[-0.0298607,51.5441901],[-0.029651,51.5440951],[-0.0294484,51.5440044]],[[-0.0305466,51.5446064],[-0.0302857,51.5444388],[-0.0300838,51.5443168],[-0.0298607,51.5441901],[-0.029651,51.5440951],[-0.0294484,51.5440044]],[[-0.0275649,51.5434601],[-0.0278189,51.5435027],[-0.0280277,51.543546],[-0.028251,51.5435937],[-0.028494,51.5436544],[-0.0287488,51.5437244],[-0.0290026,51.5438025],[-0.0292508,51.5438898],[-0.0294801,51.5439807]],[[-0.0275649,51.5434601],[-0.0278189,51.5435027],[-0.0280277,51.543546],[-0.028251,51.5435937],[-0.028494,51.5436544],[-0.0287488,51.5437244],[-0.0290026,51.5438025],[-0.0292508,51.5438898],[-0.0294801,51.5439807]],[[-0.0294484,51.5440044],[-0.0291986,51.5439067],[-0.0289948,51.5438352],[-0.0287512,51.5437582],[-0.0284848,51.5436826],[-0.0282393,51.5436226],[-0.0280156,51.5435739],[-0.0278148,51.5435332],[-0.0275597,51.5434878]],[[-0.0294484,51.5440044],[-0.0291986,51.5439067],[-0.0289948,51.5438352],[-0.0287512,51.5437582],[-0.0284848,51.5436826],[-0.0282393,51.5436226],[-0.0280156,51.5435739],[-0.0278148,51.5435332],[-0.0275597,51.5434878]],[[-0.0258174,51.543355],[-0.0261664,51.5433484],[-0.0263409,51.5433505],[-0.0265199,51.5433554],[-0.0267765,51.5433684],[-0.02703,51.543389],[-0.0272899,51.5434201],[-0.0275649,51.5434601]],[[-0.0258174,51.543355],[-0.0261664,51.5433484],[-0.0263409,51.5433505],[-0.0265199,51.5433554],[-0.0267765,51.5433684],[-0.02703,51.543389],[-0.0272899,51.5434201],[-0.0275649,51.5434601]],[[-0.0275597,51.5434878],[-0.027288,51.5434495],[-0.0270339,51.5434224],[-0.0267805,51.5434001],[-0.0265285,51.5433862],[-0.0261787,51.5433795],[-0.0258209,51.5433833]],[[-0.0275597,51.5434878],[-0.027288,51.5434495],[-0.0270339,51.5434224],[-0.0267805,51.5434001],[-0.0265285,51.5433862],[-0.0261787,51.5433795],[-0.0258209,51.5433833]],[[-0.0258209,51.5433833],[-0.025405,51.543399]],[[-0.0258209,51.5433833],[-0.025405,51.543399]],[[-0.0254041,51.543368],[-0.0258174,51.543355]],[[-0.0254041,51.543368],[-0.0258174,51.543355]],[[-0.025405,51.543399],[-0.0253544,51.5434017],[-0.0249423,51.5434211],[-0.0236938,51.5434754],[-0.023273,51.5434962]],[[-0.025405,51.543399],[-0.0253544,51.5434017],[-0.0249423,51.5434211],[-0.0236938,51.5434754],[-0.023273,51.5434962]],[[-0.0232647,51.5434647],[-0.0236935,51.543445],[-0.0249209,51.5433901],[-0.0253509,51.5433705],[-0.0254041,51.543368]],[[-0.0232647,51.5434647],[-0.0236935,51.543445],[-0.0249209,51.5433901],[-0.0253509,51.5433705],[-0.0254041,51.543368]],[[-0.0251558,51.543454],[-0.0251524,51.5434249],[-0.0241319,51.5434708],[-0.0233305,51.5435101],[-0.0233341,51.5435371],[-0.0239325,51.5435099],[-0.0239388,51.5435603],[-0.0239681,51.5435588],[-0.0241652,51.5435488],[-0.024391,51.5435384],[-0.0243792,51.543507],[-0.0243645,51.5435064],[-0.0243612,51.5434889],[-0.0251558,51.543454]],[[-0.0251558,51.543454],[-0.0251524,51.5434249],[-0.0241319,51.5434708],[-0.0233305,51.5435101],[-0.0233341,51.5435371],[-0.0239325,51.5435099],[-0.0239388,51.5435603],[-0.0239681,51.5435588],[-0.0241652,51.5435488],[-0.024391,51.5435384],[-0.0243792,51.543507],[-0.0243645,51.5435064],[-0.0243612,51.5434889],[-0.0251558,51.543454]],[[-0.0251461,51.5433662],[-0.0251423,51.5433344],[-0.0244192,51.5433625],[-0.0244179,51.5433535],[-0.0243104,51.5433591],[-0.0241556,51.5433671],[-0.0241111,51.5433694],[-0.0240726,51.5433714],[-0.0240435,51.5433729],[-0.0239616,51.5433771],[-0.0239189,51.5433791],[-0.0239217,51.5433922],[-0.0233244,51.5434151],[-0.0233291,51.5434446],[-0.0251461,51.5433662]],[[-0.0251461,51.5433662],[-0.0251423,51.5433344],[-0.0244192,51.5433625],[-0.0244179,51.5433535],[-0.0243104,51.5433591],[-0.0241556,51.5433671],[-0.0241111,51.5433694],[-0.0240726,51.5433714],[-0.0240435,51.5433729],[-0.0239616,51.5433771],[-0.0239189,51.5433791],[-0.0239217,51.5433922],[-0.0233244,51.5434151],[-0.0233291,51.5434446],[-0.0251461,51.5433662]],[[-0.023273,51.5434962],[-0.023067,51.5435053],[-0.0222797,51.5435418]],[[-0.023273,51.5434962],[-0.023067,51.5435053],[-0.0222797,51.5435418]],[[-0.0222763,51.5435099],[-0.0232647,51.5434647]],[[-0.0222763,51.5435099],[-0.0232647,51.5434647]],[[-0.0222797,51.5435418],[-0.0214347,51.5435794]],[[-0.0222797,51.5435418],[-0.0214347,51.5435794]],[[-0.0214279,51.5435502],[-0.0222763,51.5435099]],[[-0.0214279,51.5435502],[-0.0222763,51.5435099]],[[-0.0214347,51.5435794],[-0.0209376,51.5436036],[-0.0204365,51.5436229],[-0.0201822,51.5436313],[-0.0199237,51.543637],[-0.0195188,51.5436385],[-0.019081,51.5436325],[-0.01879,51.543622],[-0.0185097,51.5436094],[-0.0182354,51.5435943],[-0.01804,51.5435793],[-0.0179599,51.5435738]],[[-0.0214347,51.5435794],[-0.0209376,51.5436036],[-0.0204365,51.5436229],[-0.0201822,51.5436313],[-0.0199237,51.543637],[-0.0195188,51.5436385],[-0.019081,51.5436325],[-0.01879,51.543622],[-0.0185097,51.5436094],[-0.0182354,51.5435943],[-0.01804,51.5435793],[-0.0179599,51.5435738]],[[-0.0179605,51.5435379],[-0.0180478,51.5435446],[-0.0182392,51.5435593],[-0.0185204,51.5435766],[-0.0188414,51.5435902],[-0.0190521,51.5435976],[-0.0192444,51.5436021],[-0.0195057,51.5436068],[-0.0198988,51.543606],[-0.0201509,51.5436011],[-0.0203951,51.5435936],[-0.0209095,51.5435744],[-0.0214279,51.5435502]],[[-0.0179605,51.5435379],[-0.0180478,51.5435446],[-0.0182392,51.5435593],[-0.0185204,51.5435766],[-0.0188414,51.5435902],[-0.0190521,51.5435976],[-0.0192444,51.5436021],[-0.0195057,51.5436068],[-0.0198988,51.543606],[-0.0201509,51.5436011],[-0.0203951,51.5435936],[-0.0209095,51.5435744],[-0.0214279,51.5435502]],[[-0.0170811,51.5434379],[-0.0179605,51.5435379]],[[-0.0170811,51.5434379],[-0.0179605,51.5435379]],[[-0.0179599,51.5435738],[-0.0170826,51.5434735]],[[-0.0179599,51.5435738],[-0.0170826,51.5434735]],[[-0.0170826,51.5434735],[-0.0169304,51.5434514],[-0.0167751,51.5434292]],[[-0.0170826,51.5434735],[-0.0169304,51.5434514],[-0.0167751,51.5434292]],[[-0.0167821,51.5433935],[-0.0169331,51.5434171],[-0.0170811,51.5434379]],[[-0.0167821,51.5433935],[-0.0169331,51.5434171],[-0.0170811,51.5434379]],[[-0.016324,51.5433172],[-0.0165309,51.5433537],[-0.0167821,51.5433935]],[[-0.016324,51.5433172],[-0.0165309,51.5433537],[-0.0167821,51.5433935]],[[-0.0167751,51.5434292],[-0.0165237,51.5433882],[-0.0163266,51.5433538]],[[-0.0167751,51.5434292],[-0.0165237,51.5433882],[-0.0163266,51.5433538]],[[-0.0163266,51.5433538],[-0.0161397,51.543321],[-0.0159765,51.5432881],[-0.0158483,51.5432614],[-0.0155935,51.5432054],[-0.015293,51.5431349],[-0.0151102,51.5430879],[-0.0149333,51.5430408],[-0.0146452,51.5429592],[-0.0142487,51.5428367],[-0.0140301,51.5427638],[-0.0137883,51.5426755],[-0.0133999,51.5425302]],[[-0.0163266,51.5433538],[-0.0161397,51.543321],[-0.0159765,51.5432881],[-0.0158483,51.5432614],[-0.0155935,51.5432054],[-0.015293,51.5431349],[-0.0151102,51.5430879],[-0.0149333,51.5430408],[-0.0146452,51.5429592],[-0.0142487,51.5428367],[-0.0140301,51.5427638],[-0.0137883,51.5426755],[-0.0133999,51.5425302]],[[-0.0134381,51.5425064],[-0.0137006,51.5426086],[-0.0139751,51.5427062],[-0.0142549,51.5428003],[-0.0144634,51.5428664],[-0.0146734,51.5429296],[-0.0149581,51.5430107],[-0.0151075,51.5430513],[-0.0152613,51.5430919],[-0.0154501,51.5431342],[-0.0157542,51.5432029],[-0.0159889,51.5432532],[-0.0161258,51.5432828],[-0.016324,51.5433172]],[[-0.0134381,51.5425064],[-0.0137006,51.5426086],[-0.0139751,51.5427062],[-0.0142549,51.5428003],[-0.0144634,51.5428664],[-0.0146734,51.5429296],[-0.0149581,51.5430107],[-0.0151075,51.5430513],[-0.0152613,51.5430919],[-0.0154501,51.5431342],[-0.0157542,51.5432029],[-0.0159889,51.5432532],[-0.0161258,51.5432828],[-0.016324,51.5433172]],[[-0.0120695,51.541904],[-0.0124787,51.5420866],[-0.0131689,51.542395],[-0.0134381,51.5425064]],[[-0.0120695,51.541904],[-0.0124787,51.5420866],[-0.0131689,51.542395],[-0.0134381,51.5425064]],[[-0.0133999,51.5425302],[-0.0131029,51.5424014],[-0.0128745,51.5423016],[-0.0127694,51.5422575],[-0.012444,51.5421073],[-0.0120827,51.5419451]],[[-0.0133999,51.5425302],[-0.0131029,51.5424014],[-0.0128745,51.5423016],[-0.0127694,51.5422575],[-0.012444,51.5421073],[-0.0120827,51.5419451]],[[-0.0120827,51.5419451],[-0.0119061,51.5418833],[-0.0116996,51.5418194],[-0.0115383,51.5417777],[-0.0112345,51.5417008],[-0.0110326,51.541646],[-0.010833,51.5415836],[-0.0106608,51.5415156],[-0.0105115,51.5414553]],[[-0.0120827,51.5419451],[-0.0119061,51.5418833],[-0.0116996,51.5418194],[-0.0115383,51.5417777],[-0.0112345,51.5417008],[-0.0110326,51.541646],[-0.010833,51.5415836],[-0.0106608,51.5415156],[-0.0105115,51.5414553]],[[-0.0105538,51.5414318],[-0.0106854,51.5414869],[-0.0108585,51.5415549],[-0.0110455,51.5416148],[-0.0113114,51.5416847],[-0.0115441,51.5417453],[-0.0117721,51.5418067],[-0.0118881,51.5418411],[-0.0120695,51.541904]],[[-0.0105538,51.5414318],[-0.0106854,51.5414869],[-0.0108585,51.5415549],[-0.0110455,51.5416148],[-0.0113114,51.5416847],[-0.0115441,51.5417453],[-0.0117721,51.5418067],[-0.0118881,51.5418411],[-0.0120695,51.541904]],[[-0.0100192,51.5411871],[-0.0105538,51.5414318]],[[-0.0100192,51.5411871],[-0.0105538,51.5414318]],[[-0.0105115,51.5414553],[-0.0099723,51.5412129]],[[-0.0105115,51.5414553],[-0.0099723,51.5412129]],[[-0.0048883,51.5413384],[-0.0052212,51.5410835],[-0.0052948,51.5410335],[-0.0053753,51.5409852],[-0.0055268,51.5409018],[-0.0056468,51.540843],[-0.0058038,51.5407797],[-0.0059677,51.5407206],[-0.006137,51.5406718],[-0.006305,51.5406311],[-0.0064233,51.5406077],[-0.006543,51.540586],[-0.0066673,51.54057],[-0.0067971,51.540557],[-0.0073609,51.5405457],[-0.0075098,51.5405559],[-0.0076784,51.5405742],[-0.0078441,51.5405943],[-0.0080402,51.5406267],[-0.008283,51.5406651],[-0.0085743,51.5407252],[-0.0087799,51.540773],[-0.0091298,51.5408679],[-0.0094178,51.5409579],[-0.0096978,51.5410553],[-0.0099113,51.5411417],[-0.0100192,51.5411871]],[[-0.0048883,51.5413384],[-0.0052212,51.5410835],[-0.0052948,51.5410335],[-0.0053753,51.5409852],[-0.0055268,51.5409018],[-0.0056468,51.540843],[-0.0058038,51.5407797],[-0.0059677,51.5407206],[-0.006137,51.5406718],[-0.006305,51.5406311],[-0.0064233,51.5406077],[-0.006543,51.540586],[-0.0066673,51.54057],[-0.0067971,51.540557],[-0.0073609,51.5405457],[-0.0075098,51.5405559],[-0.0076784,51.5405742],[-0.0078441,51.5405943],[-0.0080402,51.5406267],[-0.008283,51.5406651],[-0.0085743,51.5407252],[-0.0087799,51.540773],[-0.0091298,51.5408679],[-0.0094178,51.5409579],[-0.0096978,51.5410553],[-0.0099113,51.5411417],[-0.0100192,51.5411871]],[[-0.0099723,51.5412129],[-0.0097994,51.5411431],[-0.0096111,51.5410721],[-0.0094573,51.5410189],[-0.0092997,51.5409669],[-0.0090975,51.5409059],[-0.0087551,51.5408169],[-0.0084593,51.54075],[-0.0081537,51.5406899],[-0.0078932,51.5406489],[-0.0077061,51.5406249],[-0.0074213,51.5405991],[-0.0072844,51.5405986],[-0.0066412,51.5406373],[-0.0065487,51.5406495],[-0.0064548,51.5406659],[-0.006341,51.5406887],[-0.0062259,51.5407133],[-0.0061171,51.5407414],[-0.006011,51.5407712],[-0.0059262,51.5407988],[-0.0058456,51.5408281],[-0.0057055,51.5408835],[-0.0055733,51.5409421],[-0.0054608,51.5409961],[-0.0053445,51.5410602],[-0.0052311,51.5411295]],[[-0.0099723,51.5412129],[-0.0097994,51.5411431],[-0.0096111,51.5410721],[-0.0094573,51.5410189],[-0.0092997,51.5409669],[-0.0090975,51.5409059],[-0.0087551,51.5408169],[-0.0084593,51.54075],[-0.0081537,51.5406899],[-0.0078932,51.5406489],[-0.0077061,51.5406249],[-0.0074213,51.5405991],[-0.0072844,51.5405986],[-0.0066412,51.5406373],[-0.0065487,51.5406495],[-0.0064548,51.5406659],[-0.006341,51.5406887],[-0.0062259,51.5407133],[-0.0061171,51.5407414],[-0.006011,51.5407712],[-0.0059262,51.5407988],[-0.0058456,51.5408281],[-0.0057055,51.5408835],[-0.0055733,51.5409421],[-0.0054608,51.5409961],[-0.0053445,51.5410602],[-0.0052311,51.5411295]],[[-0.0052311,51.5411295],[-0.0050259,51.5412818],[-0.0049171,51.5413799],[-0.0047851,51.5415162],[-0.0045596,51.5417647],[-0.0041174,51.5422481],[-0.0039317,51.5424659]],[[-0.0052311,51.5411295],[-0.0050259,51.5412818],[-0.0049171,51.5413799],[-0.0047851,51.5415162],[-0.0045596,51.5417647],[-0.0041174,51.5422481],[-0.0039317,51.5424659]],[[-0.0037379,51.5424029],[-0.0039065,51.542202],[-0.0040731,51.5420213],[-0.0042121,51.5418787],[-0.0045261,51.5416116],[-0.0047424,51.5414445],[-0.0048883,51.5413384]],[[-0.0037379,51.5424029],[-0.0039065,51.542202],[-0.0040731,51.5420213],[-0.0042121,51.5418787],[-0.0045261,51.5416116],[-0.0047424,51.5414445],[-0.0048883,51.5413384]],[[-0.00445,51.5417623],[-0.0045761,51.5416417],[-0.0045396,51.541623],[-0.0044148,51.5417257],[-0.0043216,51.5418086],[-0.0041794,51.5419301],[-0.0040916,51.5420095],[-0.0040464,51.5420579],[-0.0039799,51.5421291],[-0.003829,51.5423098],[-0.003647,51.5425506],[-0.0034937,51.5427732],[-0.0035185,51.5427802],[-0.0035267,51.5427825],[-0.0035786,51.5427069],[-0.0036165,51.542717],[-0.0038318,51.5424272],[-0.0038442,51.5424106],[-0.0041345,51.5420872],[-0.0042154,51.5419971],[-0.004419,51.5417933],[-0.00445,51.5417623]],[[-0.00445,51.5417623],[-0.0045761,51.5416417],[-0.0045396,51.541623],[-0.0044148,51.5417257],[-0.0043216,51.5418086],[-0.0041794,51.5419301],[-0.0040916,51.5420095],[-0.0040464,51.5420579],[-0.0039799,51.5421291],[-0.003829,51.5423098],[-0.003647,51.5425506],[-0.0034937,51.5427732],[-0.0035185,51.5427802],[-0.0035267,51.5427825],[-0.0035786,51.5427069],[-0.0036165,51.542717],[-0.0038318,51.5424272],[-0.0038442,51.5424106],[-0.0041345,51.5420872],[-0.0042154,51.5419971],[-0.004419,51.5417933],[-0.00445,51.5417623]],[[-0.0039317,51.5424659],[-0.0038501,51.5425674]],[[-0.0039317,51.5424659],[-0.0038501,51.5425674]],[[-0.0038501,51.5425674],[-0.0037476,51.5426982],[-0.0038501,51.5425674]],[[-0.003665,51.5425053],[-0.0037379,51.5424029]],[[-0.003665,51.5425053],[-0.0037379,51.5424029]],[[-0.003665,51.5425053],[-0.0035587,51.5426497],[-0.003665,51.5425053]],[[-0.0034598,51.5430009],[-0.0034795,51.5430053],[-0.0034993,51.5430097],[-0.0035191,51.5430141],[-0.0035666,51.5429348],[-0.0036185,51.5428495],[-0.0037332,51.5426831],[-0.0038179,51.542567],[-0.0041898,51.5421242],[-0.0042023,51.5421097],[-0.0044907,51.5417762],[-0.0044694,51.5417689],[-0.00445,51.5417623],[-0.004419,51.5417933],[-0.0042154,51.5419971],[-0.0041345,51.5420872],[-0.0038442,51.5424106],[-0.0038318,51.5424272],[-0.0036165,51.542717],[-0.0035794,51.5427711],[-0.003628,51.5427833],[-0.0035781,51.5428557],[-0.0035741,51.5428615],[-0.0035426,51.5429072],[-0.0035327,51.5429215],[-0.0035229,51.5429358],[-0.0034743,51.5429677],[-0.0034598,51.5430009]],[[-0.0034598,51.5430009],[-0.0034795,51.5430053],[-0.0034993,51.5430097],[-0.0035191,51.5430141],[-0.0035666,51.5429348],[-0.0036185,51.5428495],[-0.0037332,51.5426831],[-0.0038179,51.542567],[-0.0041898,51.5421242],[-0.0042023,51.5421097],[-0.0044907,51.5417762],[-0.0044694,51.5417689],[-0.00445,51.5417623],[-0.004419,51.5417933],[-0.0042154,51.5419971],[-0.0041345,51.5420872],[-0.0038442,51.5424106],[-0.0038318,51.5424272],[-0.0036165,51.542717],[-0.0035794,51.5427711],[-0.003628,51.5427833],[-0.0035781,51.5428557],[-0.0035741,51.5428615],[-0.0035426,51.5429072],[-0.0035327,51.5429215],[-0.0035229,51.5429358],[-0.0034743,51.5429677],[-0.0034598,51.5430009]],[[-0.3012844,51.4632109],[-0.3012911,51.4632431],[-0.3002501,51.463327],[-0.2993166,51.4634023],[-0.2993099,51.4633701],[-0.3002434,51.4632948],[-0.3012844,51.4632109]],[[-0.2993099,51.4633701],[-0.2993032,51.4633379],[-0.2997876,51.4632988],[-0.3002368,51.4632626],[-0.3012777,51.4631787],[-0.3012844,51.4632109],[-0.3002434,51.4632948],[-0.2993099,51.4633701]],[[-0.2852347,51.4765632],[-0.2852852,51.4765693],[-0.2851837,51.4768803],[-0.2851976,51.4768881],[-0.2851246,51.4770876],[-0.2851133,51.4770859],[-0.285101,51.4770841],[-0.2850631,51.4771771],[-0.2850903,51.4771812],[-0.285041,51.4773156],[-0.2849387,51.4775828],[-0.284893,51.4775727],[-0.2847678,51.4778607],[-0.284678,51.4780365],[-0.2846324,51.4780279],[-0.2847295,51.4778357],[-0.2848195,51.4776515],[-0.2849572,51.477338],[-0.285011,51.4771843],[-0.2851013,51.4769457],[-0.2851777,51.4767526],[-0.2852347,51.4765632]],[[-0.2847085,51.4776197],[-0.2847717,51.4774871],[-0.2848153,51.4773886],[-0.2848925,51.4771965],[-0.2849412,51.4770757],[-0.2849949,51.4769417],[-0.2850595,51.4767715],[-0.285104,51.4766403],[-0.2851367,51.4765413],[-0.2851308,51.4765316],[-0.2851099,51.4765285],[-0.2850687,51.4766476],[-0.2850209,51.4767841],[-0.284989,51.4768719],[-0.2849782,51.4768986],[-0.2849554,51.476955],[-0.2849135,51.4769487],[-0.284879,51.4770358],[-0.2848484,51.4771129],[-0.2848711,51.4771166],[-0.2848878,51.4771194],[-0.2848695,51.4771657],[-0.284827,51.4771588],[-0.2848086,51.4772053],[-0.2848531,51.4772278],[-0.2847624,51.4774468],[-0.2847003,51.4775749],[-0.2846819,51.4776125],[-0.2847085,51.4776197]],[[-0.2759788,51.4908803],[-0.2759284,51.4908644],[-0.275777,51.4910504],[-0.2756669,51.4911758],[-0.2755526,51.4912986],[-0.275414,51.4914338],[-0.2752854,51.4915584],[-0.2751411,51.49169],[-0.2751656,51.4917017],[-0.2751765,51.4917069],[-0.275329,51.4915763],[-0.2754236,51.4914912],[-0.2754752,51.4914448],[-0.2755991,51.4913219],[-0.2756776,51.4912347],[-0.2757645,51.4911384],[-0.2758453,51.4910428],[-0.2759788,51.4908803]],[[-0.2751765,51.4917069],[-0.275214,51.4917247],[-0.2753769,51.4915975],[-0.2754998,51.4914908],[-0.2755784,51.4914187],[-0.2756755,51.491319],[-0.2757512,51.4912336],[-0.2758541,51.4911189],[-0.275927,51.491029],[-0.2759984,51.4909383],[-0.2760299,51.4908965],[-0.2759788,51.4908803],[-0.2758453,51.4910428],[-0.2757645,51.4911384],[-0.2756776,51.4912347],[-0.2755991,51.4913219],[-0.2754752,51.4914448],[-0.2754236,51.4914912],[-0.275329,51.4915763],[-0.2751765,51.4917069]],[[-0.2629938,51.5079774],[-0.2629183,51.5079671],[-0.2628501,51.5081779],[-0.2627439,51.5085064],[-0.2626623,51.5084976],[-0.2625845,51.5087534],[-0.2625667,51.5088119],[-0.2625947,51.5088153],[-0.2626453,51.50882],[-0.2627186,51.5088277],[-0.2629938,51.5079774]],[[-0.2629712,51.5087675],[-0.2629331,51.5087624],[-0.2628953,51.5088716],[-0.2628091,51.5088617],[-0.2630172,51.5082069],[-0.2630841,51.5079898],[-0.2631502,51.5078004],[-0.2631995,51.5078066],[-0.2631335,51.5079966],[-0.263065,51.5082131],[-0.2631104,51.5082181],[-0.2630404,51.5084353],[-0.263027,51.5084336],[-0.2629911,51.5085448],[-0.2630734,51.508555],[-0.263057,51.5085941],[-0.2630361,51.5086582],[-0.2630229,51.5086566],[-0.2629864,51.5087688],[-0.2629712,51.5087675]],[[-0.2212451,51.5341644],[-0.2201487,51.5345151],[-0.219846,51.5346223],[-0.2196661,51.5346838],[-0.219846,51.5346223],[-0.2201487,51.5345151],[-0.2212451,51.5341644]],[[-0.2209689,51.534163],[-0.2200005,51.5344779],[-0.2197228,51.5345822],[-0.2200005,51.5344779],[-0.2209689,51.534163]],[[-0.2117837,51.4992141],[-0.2106296,51.4982897],[-0.2088113,51.4968126],[-0.2088718,51.4967825],[-0.2099461,51.4976503],[-0.2100046,51.497698],[-0.2100454,51.4976796],[-0.2100597,51.4976917],[-0.2100987,51.4977242],[-0.2100887,51.4977287],[-0.210112,51.4977468],[-0.2100731,51.4977646],[-0.2101451,51.4978279],[-0.2105456,51.498168],[-0.2112119,51.4987108],[-0.2116313,51.4990478],[-0.211815,51.4991978],[-0.2117837,51.4992141]],[[-0.2108706,51.5401043],[-0.2101771,51.5407046],[-0.2100376,51.5408198],[-0.2101771,51.5407046],[-0.2108706,51.5401043]],[[-0.2107627,51.5400576],[-0.2100758,51.5406421],[-0.2099622,51.5407399],[-0.2100758,51.5406421],[-0.2107627,51.5400576]],[[-0.2105335,51.4983695],[-0.2087429,51.4969255],[-0.2087115,51.4969406],[-0.2087678,51.4969863],[-0.2093046,51.4974215],[-0.2096869,51.4977316],[-0.2096736,51.4977392],[-0.2098946,51.4979262],[-0.2099109,51.4979185],[-0.2099288,51.4979322],[-0.2100493,51.4980279],[-0.2100754,51.4980456],[-0.2104437,51.4983337],[-0.2105052,51.4983832],[-0.2105335,51.4983695]],[[-0.2032562,51.544857],[-0.2025717,51.5451142],[-0.2022717,51.5452139],[-0.2021583,51.5452522],[-0.2022717,51.5452139],[-0.2025717,51.5451142],[-0.2032562,51.544857]],[[-0.203181,51.5447861],[-0.2021995,51.5451419],[-0.2020899,51.5451795],[-0.2021995,51.5451419],[-0.203181,51.5447861]],[[-0.1952636,51.487001],[-0.1952782,51.4869898],[-0.1951122,51.4868923],[-0.1949297,51.4867858],[-0.1947637,51.4866824],[-0.1945373,51.4865308],[-0.1942972,51.4863713],[-0.1941282,51.486251],[-0.19397,51.4861308],[-0.1940048,51.4861128],[-0.1941604,51.4862276],[-0.1943374,51.4863504],[-0.1946137,51.4865387],[-0.1947974,51.4866615],[-0.1949634,51.4867648],[-0.1951401,51.4868709],[-0.1952765,51.4869513],[-0.1953582,51.4869976],[-0.1954113,51.4870268],[-0.195474,51.4870625],[-0.1955589,51.4871093],[-0.1957546,51.4872122],[-0.1957277,51.4872309],[-0.1957383,51.487237],[-0.1957508,51.4872301],[-0.1957956,51.4872525],[-0.19578,51.4872646],[-0.1957583,51.4872817],[-0.1957124,51.4872544],[-0.1956054,51.4871954],[-0.1955867,51.4871837],[-0.1954554,51.4871066],[-0.1954085,51.4870813],[-0.1953251,51.4870354],[-0.1953064,51.4870254],[-0.1952636,51.487001]],[[-0.1952421,51.486805],[-0.1954164,51.4869055],[-0.1955955,51.4870055],[-0.1956525,51.4869733],[-0.1957561,51.4870273],[-0.19572,51.4870524],[-0.1957105,51.4870599],[-0.1958592,51.4871458],[-0.195887,51.4871618],[-0.1959213,51.4871895],[-0.1959672,51.4872139],[-0.1959439,51.4872303],[-0.1957205,51.4871101],[-0.1956591,51.487078],[-0.1955967,51.4870452],[-0.1954019,51.486937],[-0.1952117,51.4868269],[-0.1950616,51.4867382],[-0.1949338,51.4866599],[-0.1948603,51.486613],[-0.1945785,51.4864261],[-0.1941792,51.4861437],[-0.1942174,51.4861257],[-0.1944634,51.4863018],[-0.1944801,51.4863137],[-0.1946325,51.4864226],[-0.1948232,51.4865487],[-0.1948985,51.4865964],[-0.1950569,51.4866942],[-0.1952421,51.486805]],[[-0.1928561,51.5471707],[-0.1920956,51.5473264],[-0.1917884,51.5473899],[-0.1915259,51.5474431],[-0.1911463,51.5475111],[-0.1915259,51.5474431],[-0.1917884,51.5473899],[-0.1920956,51.5473264],[-0.1928561,51.5471707]],[[-0.1928103,51.5470951],[-0.1920603,51.5472547],[-0.1917566,51.5473194],[-0.191145,51.5474494],[-0.1917566,51.5473194],[-0.1920603,51.5472547],[-0.1928103,51.5470951]],[[-0.1838191,51.4763771],[-0.1836596,51.4761182],[-0.1835345,51.4759435],[-0.1834079,51.4757669],[-0.183267,51.4755894],[-0.183128,51.4754205],[-0.1829826,51.4752655],[-0.1828969,51.4751757],[-0.1828821,51.475161],[-0.1827426,51.4750371],[-0.1827153,51.4750129],[-0.1827085,51.4750072],[-0.1827614,51.4749856],[-0.1829317,51.4751437],[-0.1830334,51.4752431],[-0.1831731,51.4753929],[-0.1833096,51.4755535],[-0.1834568,51.4757468],[-0.1837055,51.4761043],[-0.1838661,51.4763659],[-0.1838191,51.4763771]],[[-0.1828871,51.4749432],[-0.1829146,51.4749696],[-0.1830686,51.4751175],[-0.1832796,51.4753391],[-0.1834415,51.4755324],[-0.1836274,51.4757746],[-0.1838393,51.4760781],[-0.1840173,51.4763733],[-0.1840013,51.4763775],[-0.1839786,51.4763834],[-0.183798,51.4760854],[-0.1835902,51.4757848],[-0.1835335,51.4757136],[-0.1834019,51.4755421],[-0.183243,51.4753539],[-0.1830322,51.4751329],[-0.1828401,51.4749562],[-0.1828822,51.4749373],[-0.1828871,51.4749432]]]}},{"type":"Feature","properties":{"name":"Weaver"},"geometry":{"type":"MultiLineString","coordinates":[[[-0.0823805,51.5181231],[-0.0815032,51.5196964]],[[-0.0823805,51.5181231],[-0.0815032,51.5196964]],[[-0.0823805,51.5181231],[-0.0815032,51.5196964]],[[-0.0823805,51.5181231],[-0.0815032,51.5196964]],[[-0.0823805,51.5181231],[-0.0815032,51.5196964]],[[-0.0823805,51.5181231],[-0.0815032,51.5196964]],[[-0.0815812,51.5196459],[-0.0816328,51.5196569],[-0.0822612,51.518435],[-0.0823969,51.5182657],[-0.0824409,51.5181857],[-0.0824699,51.5181329],[-0.0824939,51.5180892],[-0.0824678,51.5180836],[-0.0824423,51.5180782],[-0.0824174,51.5181235],[-0.0823884,51.5181763],[-0.0823432,51.5182587],[-0.0815812,51.5196459]],[[-0.0815812,51.5196459],[-0.0816328,51.5196569],[-0.0822612,51.518435],[-0.0823969,51.5182657],[-0.0824409,51.5181857],[-0.0824699,51.5181329],[-0.0824939,51.5180892],[-0.0824678,51.5180836],[-0.0824423,51.5180782],[-0.0824174,51.5181235],[-0.0823884,51.5181763],[-0.0823432,51.5182587],[-0.0815812,51.5196459]],[[-0.0812801,51.5199474],[-0.0813235,51.5198992],[-0.0814481,51.5197686],[-0.0815032,51.5196964]],[[-0.0812801,51.5199474],[-0.0813235,51.5198992],[-0.0814481,51.5197686],[-0.0815032,51.5196964]],[[-0.0815032,51.5196964],[-0.0814162,51.5198381],[-0.0812688,51.5200339],[-0.08113,51.5201839],[-0.0809882,51.520306]],[[-0.0815032,51.5196964],[-0.0814162,51.5198381],[-0.0812688,51.5200339],[-0.08113,51.5201839],[-0.0809882,51.520306]],[[-0.0815032,51.5196964],[-0.0814162,51.5198381],[-0.0812688,51.5200339],[-0.08113,51.5201839],[-0.0809882,51.520306]],[[-0.0815032,51.5196964],[-0.0814162,51.5198381],[-0.0812688,51.5200339],[-0.08113,51.5201839],[-0.0809882,51.520306]],[[-0.0812801,51.5199474],[-0.0812143,51.5200266]],[[-0.0812801,51.5199474],[-0.0812143,51.5200266]],[[-0.0807342,51.5204417],[-0.0809393,51.520285],[-0.0810699,51.5201723],[-0.0812143,51.5200266]],[[-0.0807342,51.5204417],[-0.0809393,51.520285],[-0.0810699,51.5201723],[-0.0812143,51.5200266]],[[-0.0809882,51.520306],[-0.0807851,51.5204604],[-0.0803582,51.5207531]],[[-0.0809882,51.520306],[-0.0807851,51.5204604],[-0.0803582,51.5207531]],[[-0.0809882,51.520306],[-0.0807851,51.5204604],[-0.0803582,51.5207531]],[[-0.0809882,51.520306],[-0.0807851,51.5204604],[-0.0803582,51.5207531]],[[-0.0803129,51.5207315],[-0.0807342,51.5204417]],[[-0.0803129,51.5207315],[-0.0807342,51.5204417]],[[-0.0803582,51.5207531],[-0.0793216,51.521455]],[[-0.0803582,51.5207531],[-0.0793216,51.521455]],[[-0.0803582,51.5207531],[-0.0793216,51.521455]],[[-0.0803582,51.5207531],[-0.0793216,51.521455]],[[-0.0792732,51.5214262],[-0.0793416,51.5213805],[-0.079551,51.5212406],[-0.0798722,51.521026],[-0.0803129,51.5207315]],[[-0.0792732,51.5214262],[-0.0793416,51.5213805],[-0.079551,51.5212406],[-0.0798722,51.521026],[-0.0803129,51.5207315]],[[-0.0793216,51.521455],[-0.0790274,51.5216563]],[[-0.0793216,51.521455],[-0.0790274,51.5216563]],[[-0.0793216,51.521455],[-0.0790274,51.5216563]],[[-0.0793216,51.521455],[-0.0790274,51.5216563]],[[-0.0789473,51.5216454],[-0.0792732,51.5214262]],[[-0.0789473,51.5216454],[-0.0792732,51.5214262]],[[-0.0790274,51.5216563],[-0.0786402,51.5219541]],[[-0.0790274,51.5216563],[-0.0786402,51.5219541]],[[-0.0790274,51.5216563],[-0.0786402,51.5219541]],[[-0.0790274,51.5216563],[-0.0786402,51.5219541]],[[-0.0785828,51.5219316],[-0.0789473,51.5216454]],[[-0.0785828,51.5219316],[-0.0789473,51.5216454]],[[-0.0786402,51.5219541],[-0.0784624,51.5220568],[-0.0781522,51.5222103],[-0.0778955,51.5223132],[-0.0776386,51.5223902]],[[-0.0786402,51.5219541],[-0.0784624,51.5220568],[-0.0781522,51.5222103],[-0.0778955,51.5223132],[-0.0776386,51.5223902]],[[-0.0786402,51.5219541],[-0.0784624,51.5220568],[-0.0781522,51.5222103],[-0.0778955,51.5223132],[-0.0776386,51.5223902]],[[-0.0786402,51.5219541],[-0.0784624,51.5220568],[-0.0781522,51.5222103],[-0.0778955,51.5223132],[-0.0776386,51.5223902]],[[-0.0776203,51.5223627],[-0.0778846,51.5222798],[-0.0781132,51.5221959],[-0.0784127,51.5220455],[-0.0785828,51.5219316]],[[-0.0776203,51.5223627],[-0.0778846,51.5222798],[-0.0781132,51.5221959],[-0.0784127,51.5220455],[-0.0785828,51.5219316]],[[-0.0776386,51.5223902],[-0.0774515,51.5224438]],[[-0.0776386,51.5223902],[-0.0774515,51.5224438]],[[-0.0776386,51.5223902],[-0.0774515,51.5224438]],[[-0.0776386,51.5223902],[-0.0774515,51.5224438]],[[-0.0774338,51.5224123],[-0.0776203,51.5223627]],[[-0.0774338,51.5224123],[-0.0776203,51.5223627]],[[-0.0774515,51.5224438],[-0.0772342,51.5224999],[-0.0769129,51.5225754],[-0.0763908,51.5226386],[-0.0756929,51.5226941],[-0.0750699,51.52271],[-0.0744136,51.5226936],[-0.0739227,51.52267],[-0.0736242,51.5226757],[-0.073253,51.5226889],[-0.0725786,51.5227457],[-0.0719771,51.5228254],[-0.0716701,51.522878],[-0.0714583,51.5229059]],[[-0.0774515,51.5224438],[-0.0772342,51.5224999],[-0.0769129,51.5225754],[-0.0763908,51.5226386],[-0.0756929,51.5226941],[-0.0750699,51.52271],[-0.0744136,51.5226936],[-0.0739227,51.52267],[-0.0736242,51.5226757],[-0.073253,51.5226889],[-0.0725786,51.5227457],[-0.0719771,51.5228254],[-0.0716701,51.522878],[-0.0714583,51.5229059]],[[-0.0774515,51.5224438],[-0.0772342,51.5224999],[-0.0769129,51.5225754],[-0.0763908,51.5226386],[-0.0756929,51.5226941],[-0.0750699,51.52271],[-0.0744136,51.5226936],[-0.0739227,51.52267],[-0.0736242,51.5226757],[-0.073253,51.5226889],[-0.0725786,51.5227457],[-0.0719771,51.5228254],[-0.0716701,51.522878],[-0.0714583,51.5229059]],[[-0.0774515,51.5224438],[-0.0772342,51.5224999],[-0.0769129,51.5225754],[-0.0763908,51.5226386],[-0.0756929,51.5226941],[-0.0750699,51.52271],[-0.0744136,51.5226936],[-0.0739227,51.52267],[-0.0736242,51.5226757],[-0.073253,51.5226889],[-0.0725786,51.5227457],[-0.0719771,51.5228254],[-0.0716701,51.522878],[-0.0714583,51.5229059]],[[-0.0714612,51.522876],[-0.0719608,51.5227955],[-0.0725586,51.5227218],[-0.0731642,51.5226701],[-0.0736245,51.5226516],[-0.0739491,51.5226476],[-0.0744382,51.5226671],[-0.0751116,51.5226852],[-0.0756921,51.5226719],[-0.0763439,51.5226235],[-0.0769006,51.5225565],[-0.0772201,51.5224757],[-0.0774338,51.5224123]],[[-0.0714612,51.522876],[-0.0719608,51.5227955],[-0.0725586,51.5227218],[-0.0731642,51.5226701],[-0.0736245,51.5226516],[-0.0739491,51.5226476],[-0.0744382,51.5226671],[-0.0751116,51.5226852],[-0.0756921,51.5226719],[-0.0763439,51.5226235],[-0.0769006,51.5225565],[-0.0772201,51.5224757],[-0.0774338,51.5224123]],[[-0.0769741,51.650412],[-0.0771117,51.65052],[-0.0772587,51.6506253],[-0.0774577,51.650757],[-0.0776937,51.6509154],[-0.0778746,51.6510343],[-0.0780169,51.651124],[-0.0781174,51.6511874],[-0.0787109,51.6515731],[-0.0791861,51.6518771],[-0.0787109,51.6515731],[-0.0781174,51.6511874],[-0.0780169,51.651124],[-0.0778746,51.6510343],[-0.0776937,51.6509154],[-0.0774577,51.650757],[-0.0772587,51.6506253],[-0.0771117,51.65052],[-0.0769741,51.650412]],[[-0.0769741,51.650412],[-0.0767443,51.6502103]],[[-0.0769741,51.650412],[-0.0767443,51.6502103]],[[-0.0648909,51.6338691],[-0.0649153,51.6340218],[-0.0649274,51.6341534],[-0.0649481,51.634368],[-0.064961,51.6345683],[-0.0649771,51.6348201],[-0.0649899,51.6349965],[-0.0650112,51.6352145],[-0.0650414,51.6354203],[-0.0650841,51.6356234],[-0.0651333,51.6358161],[-0.065191,51.6360066],[-0.065258,51.6362108],[-0.0653317,51.6363986],[-0.0654133,51.6365901],[-0.0655032,51.6367735],[-0.0655924,51.636944],[-0.0657015,51.6371386],[-0.0658006,51.6372995],[-0.0658939,51.6374433],[-0.0660118,51.6376129],[-0.0661806,51.6378298],[-0.0663046,51.6379857],[-0.0664602,51.6381745],[-0.0689683,51.6411658],[-0.0700776,51.6424861],[-0.0702623,51.6427055],[-0.0741718,51.647366],[-0.0741909,51.6473891],[-0.0743059,51.6475279],[-0.0748241,51.6481404],[-0.0750591,51.6484278],[-0.0753646,51.648788],[-0.0755237,51.6489737],[-0.0756819,51.6491578],[-0.0758534,51.6493427],[-0.0760022,51.6495036],[-0.0761786,51.6496809],[-0.0763253,51.6498237],[-0.0765191,51.650005],[-0.0767443,51.6502103]],[[-0.0767443,51.6502103],[-0.0764907,51.6500297],[-0.0762823,51.6498383],[-0.0761414,51.6497025],[-0.0759598,51.649522],[-0.0758114,51.6493596],[-0.0756374,51.6491731],[-0.0754753,51.6489856],[-0.0753147,51.6487997],[-0.0752008,51.6486573],[-0.0749458,51.6483456],[-0.0747798,51.6481545],[-0.074262,51.64754],[-0.0741333,51.647387],[-0.0741136,51.6473636],[-0.0702174,51.6427183],[-0.0700353,51.6425023],[-0.068926,51.6411816],[-0.0664167,51.6381891],[-0.066268,51.6380092],[-0.0661353,51.6378418],[-0.0659753,51.6376341],[-0.065857,51.6374683],[-0.0657569,51.6373126],[-0.0656538,51.6371493],[-0.0655454,51.6369544],[-0.0654578,51.6367849],[-0.0653691,51.6366007],[-0.0652883,51.6364105],[-0.0652134,51.6362172],[-0.0651429,51.6360144],[-0.0650875,51.6358241],[-0.0650361,51.6356265],[-0.0649962,51.6354235],[-0.0649617,51.635217],[-0.0649396,51.6349987],[-0.0649302,51.6348793],[-0.0649178,51.6347179],[-0.0649051,51.6344265],[-0.0648818,51.6341858],[-0.0648397,51.6338695]],[[-0.075705,51.5801051],[-0.0757093,51.5802131],[-0.0757095,51.5803093],[-0.0757062,51.5804216],[-0.0756969,51.5805689],[-0.0756848,51.5807009],[-0.0756682,51.5808312],[-0.0756346,51.581028],[-0.0756093,51.5811521],[-0.0755827,51.5812988],[-0.0755452,51.5814695],[-0.0755158,51.581587]],[[-0.075705,51.5801051],[-0.0757093,51.5802131],[-0.0757095,51.5803093],[-0.0757062,51.5804216],[-0.0756969,51.5805689],[-0.0756848,51.5807009],[-0.0756682,51.5808312],[-0.0756346,51.581028],[-0.0756093,51.5811521],[-0.0755827,51.5812988],[-0.0755452,51.5814695],[-0.0755158,51.581587]],[[-0.0756889,51.5798592],[-0.075705,51.5801051]],[[-0.0756889,51.5798592],[-0.075705,51.5801051]],[[-0.0751903,51.5775547],[-0.0752038,51.5776692],[-0.0752199,51.5777735],[-0.0752399,51.5778806],[-0.0752634,51.5779915],[-0.0752866,51.5780919],[-0.0753054,51.5781694],[-0.0753711,51.578412],[-0.0755111,51.5789609],[-0.0755637,51.579172],[-0.0755991,51.5793192],[-0.0756312,51.5794696],[-0.0756591,51.5796196],[-0.0756777,51.5797388],[-0.0756889,51.5798592]],[[-0.0751903,51.5775547],[-0.0752038,51.5776692],[-0.0752199,51.5777735],[-0.0752399,51.5778806],[-0.0752634,51.5779915],[-0.0752866,51.5780919],[-0.0753054,51.5781694],[-0.0753711,51.578412],[-0.0755111,51.5789609],[-0.0755637,51.579172],[-0.0755991,51.5793192],[-0.0756312,51.5794696],[-0.0756591,51.5796196],[-0.0756777,51.5797388],[-0.0756889,51.5798592]],[[-0.0754609,51.5816096],[-0.075496,51.5814634],[-0.075531,51.5812964],[-0.0755588,51.5811487],[-0.0755849,51.5810234],[-0.0756161,51.5808277],[-0.0756344,51.5806997],[-0.0756452,51.5805597],[-0.0756549,51.5804185],[-0.0756576,51.580308],[-0.0756562,51.5801113]],[[-0.0754609,51.5816096],[-0.075496,51.5814634],[-0.075531,51.5812964],[-0.0755588,51.5811487],[-0.0755849,51.5810234],[-0.0756161,51.5808277],[-0.0756344,51.5806997],[-0.0756452,51.5805597],[-0.0756549,51.5804185],[-0.0756576,51.580308],[-0.0756562,51.5801113]],[[-0.0756562,51.5801113],[-0.0756389,51.5798654]],[[-0.0756562,51.5801113],[-0.0756389,51.5798654]],[[-0.0756389,51.5798654],[-0.0756282,51.579746],[-0.0756106,51.5796249],[-0.0755802,51.5794727],[-0.0755472,51.5793249],[-0.0755105,51.5791702],[-0.0754578,51.5789667],[-0.0753187,51.5784203],[-0.0752543,51.5781757],[-0.0752333,51.5780907],[-0.0752109,51.5779941],[-0.0751872,51.5778825],[-0.0751678,51.5777741],[-0.0751506,51.5776684],[-0.0751356,51.5775425]],[[-0.0756389,51.5798654],[-0.0756282,51.579746],[-0.0756106,51.5796249],[-0.0755802,51.5794727],[-0.0755472,51.5793249],[-0.0755105,51.5791702],[-0.0754578,51.5789667],[-0.0753187,51.5784203],[-0.0752543,51.5781757],[-0.0752333,51.5780907],[-0.0752109,51.5779941],[-0.0751872,51.5778825],[-0.0751678,51.5777741],[-0.0751506,51.5776684],[-0.0751356,51.5775425]],[[-0.0755158,51.581587],[-0.0754514,51.5817936]],[[-0.0755158,51.581587],[-0.0754514,51.5817936]],[[-0.0753943,51.5818167],[-0.0754431,51.5816675],[-0.0754609,51.5816096]],[[-0.0753943,51.5818167],[-0.0754431,51.5816675],[-0.0754609,51.5816096]],[[-0.0754514,51.5817936],[-0.0754326,51.5818481],[-0.075351,51.5820851],[-0.0752517,51.5824141],[-0.0752312,51.582499],[-0.0752085,51.5826143],[-0.0751818,51.5827541]],[[-0.0754514,51.5817936],[-0.0754326,51.5818481],[-0.075351,51.5820851],[-0.0752517,51.5824141],[-0.0752312,51.582499],[-0.0752085,51.5826143],[-0.0751818,51.5827541]],[[-0.075133,51.5827504],[-0.075161,51.5826095],[-0.0751892,51.5824935],[-0.0752103,51.5824111],[-0.0753053,51.5820796],[-0.0753943,51.5818167]],[[-0.075133,51.5827504],[-0.075161,51.5826095],[-0.0751892,51.5824935],[-0.0752103,51.5824111],[-0.0753053,51.5820796],[-0.0753943,51.5818167]],[[-0.0751857,51.5774378],[-0.0751903,51.5775547]],[[-0.0751857,51.5774378],[-0.0751903,51.5775547]],[[-0.0733152,51.5655302],[-0.0737857,51.5658298],[-0.0758458,51.5671548],[-0.076024,51.5672746],[-0.0761963,51.567392],[-0.0763968,51.567537],[-0.076587,51.5676866],[-0.0767413,51.5678151],[-0.0769236,51.5679768],[-0.0770981,51.5681372],[-0.0772263,51.5682688],[-0.0773304,51.5683836],[-0.0774439,51.5685122],[-0.0775459,51.5686389],[-0.0776854,51.5688202],[-0.0778042,51.5689958],[-0.077905,51.5691524],[-0.0779781,51.5692877],[-0.0780557,51.5694463],[-0.0781355,51.5696234],[-0.0781965,51.569779],[-0.0782539,51.5699524],[-0.0783044,51.570132],[-0.078347,51.5702896],[-0.0783662,51.5703745],[-0.0783821,51.5704665],[-0.0783949,51.5705498],[-0.0784179,51.570721],[-0.0784321,51.570877],[-0.0784372,51.5710269],[-0.0784369,51.5711339],[-0.0784298,51.5712626],[-0.0784129,51.5714416],[-0.0783911,51.5716075],[-0.0783637,51.5717437],[-0.0783405,51.5718489],[-0.0783185,51.5719509],[-0.0782904,51.5720524],[-0.0782546,51.5721736],[-0.0782052,51.57232],[-0.0781565,51.5724476],[-0.0780911,51.572597],[-0.0780229,51.5727378],[-0.0779468,51.5728797],[-0.0778687,51.5730116],[-0.0778047,51.5731113],[-0.0777226,51.5732314],[-0.0776266,51.573362],[-0.0774827,51.5735433],[-0.0773562,51.5736905],[-0.0772704,51.5737908],[-0.0770521,51.5740371],[-0.0769399,51.5741691],[-0.076621,51.5745257],[-0.0764316,51.5747396],[-0.0762754,51.5749157],[-0.0761191,51.575092],[-0.0759653,51.5752673],[-0.0758419,51.575425],[-0.0757431,51.5755633],[-0.075655,51.5756989],[-0.0755747,51.5758362],[-0.0755086,51.5759617],[-0.0754381,51.5761152],[-0.0753687,51.5762879],[-0.0753286,51.5764083],[-0.0752805,51.5765726],[-0.0752401,51.5767315],[-0.0752206,51.5768369],[-0.0752043,51.576942],[-0.0751964,51.5770216],[-0.0751908,51.5770834],[-0.075185,51.5771931],[-0.0751826,51.5773111],[-0.0751857,51.5774378]],[[-0.0733152,51.5655302],[-0.0737857,51.5658298],[-0.0758458,51.5671548],[-0.076024,51.5672746],[-0.0761963,51.567392],[-0.0763968,51.567537],[-0.076587,51.5676866],[-0.0767413,51.5678151],[-0.0769236,51.5679768],[-0.0770981,51.5681372],[-0.0772263,51.5682688],[-0.0773304,51.5683836],[-0.0774439,51.5685122],[-0.0775459,51.5686389],[-0.0776854,51.5688202],[-0.0778042,51.5689958],[-0.077905,51.5691524],[-0.0779781,51.5692877],[-0.0780557,51.5694463],[-0.0781355,51.5696234],[-0.0781965,51.569779],[-0.0782539,51.5699524],[-0.0783044,51.570132],[-0.078347,51.5702896],[-0.0783662,51.5703745],[-0.0783821,51.5704665],[-0.0783949,51.5705498],[-0.0784179,51.570721],[-0.0784321,51.570877],[-0.0784372,51.5710269],[-0.0784369,51.5711339],[-0.0784298,51.5712626],[-0.0784129,51.5714416],[-0.0783911,51.5716075],[-0.0783637,51.5717437],[-0.0783405,51.5718489],[-0.0783185,51.5719509],[-0.0782904,51.5720524],[-0.0782546,51.5721736],[-0.0782052,51.57232],[-0.0781565,51.5724476],[-0.0780911,51.572597],[-0.0780229,51.5727378],[-0.0779468,51.5728797],[-0.0778687,51.5730116],[-0.0778047,51.5731113],[-0.0777226,51.5732314],[-0.0776266,51.573362],[-0.0774827,51.5735433],[-0.0773562,51.5736905],[-0.0772704,51.5737908],[-0.0770521,51.5740371],[-0.0769399,51.5741691],[-0.076621,51.5745257],[-0.0764316,51.5747396],[-0.0762754,51.5749157],[-0.0761191,51.575092],[-0.0759653,51.5752673],[-0.0758419,51.575425],[-0.0757431,51.5755633],[-0.075655,51.5756989],[-0.0755747,51.5758362],[-0.0755086,51.5759617],[-0.0754381,51.5761152],[-0.0753687,51.5762879],[-0.0753286,51.5764083],[-0.0752805,51.5765726],[-0.0752401,51.5767315],[-0.0752206,51.5768369],[-0.0752043,51.576942],[-0.0751964,51.5770216],[-0.0751908,51.5770834],[-0.075185,51.5771931],[-0.0751826,51.5773111],[-0.0751857,51.5774378]],[[-0.0751818,51.5827541],[-0.0751437,51.5829543],[-0.0751292,51.5830413],[-0.0751113,51.5831654],[-0.0750967,51.5832764],[-0.0750836,51.5833866],[-0.0750732,51.5834945],[-0.0750662,51.583608],[-0.075058,51.5837463],[-0.0750569,51.5838485],[-0.075056,51.5839456],[-0.0750552,51.5841227]],[[-0.0751818,51.5827541],[-0.0751437,51.5829543],[-0.0751292,51.5830413],[-0.0751113,51.5831654],[-0.0750967,51.5832764],[-0.0750836,51.5833866],[-0.0750732,51.5834945],[-0.0750662,51.583608],[-0.075058,51.5837463],[-0.0750569,51.5838485],[-0.075056,51.5839456],[-0.0750552,51.5841227]],[[-0.0751356,51.5775425],[-0.0751283,51.5774248]],[[-0.0751356,51.5775425],[-0.0751283,51.5774248]],[[-0.0750069,51.584115],[-0.0750056,51.5839441],[-0.0750047,51.5838448],[-0.0750074,51.5837467],[-0.0750152,51.5836172],[-0.0750243,51.5834912],[-0.0750329,51.5833825],[-0.0750458,51.5832743],[-0.0750627,51.5831423],[-0.0750801,51.5830376],[-0.0751051,51.5828976],[-0.075133,51.5827504]],[[-0.0750069,51.584115],[-0.0750056,51.5839441],[-0.0750047,51.5838448],[-0.0750074,51.5837467],[-0.0750152,51.5836172],[-0.0750243,51.5834912],[-0.0750329,51.5833825],[-0.0750458,51.5832743],[-0.0750627,51.5831423],[-0.0750801,51.5830376],[-0.0751051,51.5828976],[-0.075133,51.5827504]],[[-0.0751283,51.5774248],[-0.0751281,51.5773116],[-0.0751296,51.5771941],[-0.0751353,51.5770823],[-0.0751405,51.5770172],[-0.0751516,51.5769239],[-0.0751651,51.5768374],[-0.0751882,51.5767244],[-0.0752277,51.5765705],[-0.0752768,51.5764028],[-0.0753238,51.5762698],[-0.0753883,51.5761058],[-0.075465,51.5759531],[-0.07553,51.575827],[-0.0756116,51.575691],[-0.0757008,51.5755517],[-0.0758027,51.5754088],[-0.0759179,51.575262],[-0.0760765,51.5750782],[-0.0762352,51.5749023],[-0.0763871,51.5747266],[-0.0765772,51.5745092],[-0.0768804,51.574167],[-0.0770101,51.5740218],[-0.077229,51.5737741],[-0.0773133,51.5736748],[-0.0774405,51.5735262],[-0.0775854,51.573343],[-0.077677,51.5732209],[-0.0777562,51.5731031],[-0.0778236,51.572999],[-0.0779016,51.5728694],[-0.0779739,51.5727319],[-0.078043,51.5725912],[-0.0781075,51.5724399],[-0.0781542,51.5723159],[-0.0782042,51.5721671],[-0.0782407,51.5720498],[-0.0782694,51.5719442],[-0.0782908,51.571847],[-0.0783138,51.5717399],[-0.0783391,51.5716067],[-0.0783607,51.5714423],[-0.0783762,51.57128],[-0.0783863,51.5711341],[-0.0783859,51.571028],[-0.0783803,51.5708776],[-0.0783678,51.5707232],[-0.0783488,51.5705525],[-0.0783361,51.5704713],[-0.0783224,51.570388],[-0.0783042,51.5703099],[-0.0782561,51.5701393],[-0.0782039,51.5699563],[-0.0781453,51.5697795],[-0.0780845,51.5696314],[-0.0780062,51.569453],[-0.0779324,51.569297],[-0.0778554,51.5691588],[-0.0777566,51.5690061],[-0.0776319,51.5688265],[-0.0774969,51.5686496],[-0.0773991,51.5685278],[-0.0772926,51.5684063],[-0.0771767,51.5682828],[-0.0770493,51.5681508],[-0.0768838,51.5679953],[-0.0767009,51.5678335],[-0.0765475,51.5677069],[-0.0763563,51.5675562],[-0.0761575,51.5674152],[-0.0759945,51.5672987],[-0.0758125,51.5671785],[-0.073745,51.5658476],[-0.0732812,51.5655511]],[[-0.0751283,51.5774248],[-0.0751281,51.5773116],[-0.0751296,51.5771941],[-0.0751353,51.5770823],[-0.0751405,51.5770172],[-0.0751516,51.5769239],[-0.0751651,51.5768374],[-0.0751882,51.5767244],[-0.0752277,51.5765705],[-0.0752768,51.5764028],[-0.0753238,51.5762698],[-0.0753883,51.5761058],[-0.075465,51.5759531],[-0.07553,51.575827],[-0.0756116,51.575691],[-0.0757008,51.5755517],[-0.0758027,51.5754088],[-0.0759179,51.575262],[-0.0760765,51.5750782],[-0.0762352,51.5749023],[-0.0763871,51.5747266],[-0.0765772,51.5745092],[-0.0768804,51.574167],[-0.0770101,51.5740218],[-0.077229,51.5737741],[-0.0773133,51.5736748],[-0.0774405,51.5735262],[-0.0775854,51.573343],[-0.077677,51.5732209],[-0.0777562,51.5731031],[-0.0778236,51.572999],[-0.0779016,51.5728694],[-0.0779739,51.5727319],[-0.078043,51.5725912],[-0.0781075,51.5724399],[-0.0781542,51.5723159],[-0.0782042,51.5721671],[-0.0782407,51.5720498],[-0.0782694,51.5719442],[-0.0782908,51.571847],[-0.0783138,51.5717399],[-0.0783391,51.5716067],[-0.0783607,51.5714423],[-0.0783762,51.57128],[-0.0783863,51.5711341],[-0.0783859,51.571028],[-0.0783803,51.5708776],[-0.0783678,51.5707232],[-0.0783488,51.5705525],[-0.0783361,51.5704713],[-0.0783224,51.570388],[-0.0783042,51.5703099],[-0.0782561,51.5701393],[-0.0782039,51.5699563],[-0.0781453,51.5697795],[-0.0780845,51.5696314],[-0.0780062,51.569453],[-0.0779324,51.569297],[-0.0778554,51.5691588],[-0.0777566,51.5690061],[-0.0776319,51.5688265],[-0.0774969,51.5686496],[-0.0773991,51.5685278],[-0.0772926,51.5684063],[-0.0771767,51.5682828],[-0.0770493,51.5681508],[-0.0768838,51.5679953],[-0.0767009,51.5678335],[-0.0765475,51.5677069],[-0.0763563,51.5675562],[-0.0761575,51.5674152],[-0.0759945,51.5672987],[-0.0758125,51.5671785],[-0.073745,51.5658476],[-0.0732812,51.5655511]],[[-0.0750552,51.5841227],[-0.0750519,51.5842414]],[[-0.0750552,51.5841227],[-0.0750519,51.5842414]],[[-0.0750519,51.5842414],[-0.0750429,51.5845737],[-0.0750406,51.5848383],[-0.075034,51.5851674],[-0.0750256,51.5856216],[-0.0750218,51.5858875],[-0.0750162,51.5863033],[-0.0750098,51.5866929],[-0.0750055,51.5870267],[-0.0750055,51.5873205],[-0.0749983,51.5876478],[-0.0749971,51.5878545],[-0.0749944,51.5880372],[-0.0749904,51.5883023],[-0.0749777,51.5884828],[-0.0749565,51.5886817],[-0.0749352,51.588821],[-0.0749073,51.5889467],[-0.0748731,51.5890549],[-0.0747885,51.589273],[-0.0747069,51.5894426],[-0.0746049,51.5896272],[-0.0745189,51.5897671],[-0.0744237,51.5899122],[-0.0743255,51.5900402],[-0.0742152,51.5901703],[-0.0741365,51.5902618],[-0.0740568,51.5903475],[-0.0739647,51.5904372],[-0.0738661,51.5905281],[-0.0737459,51.5906369],[-0.0736523,51.5907139],[-0.0735271,51.5908085],[-0.07337,51.5909229],[-0.0731953,51.5910441],[-0.0729989,51.5911727],[-0.0727853,51.5913144],[-0.0720428,51.5918008]],[[-0.0750519,51.5842414],[-0.0750429,51.5845737],[-0.0750406,51.5848383],[-0.075034,51.5851674],[-0.0750256,51.5856216],[-0.0750218,51.5858875],[-0.0750162,51.5863033],[-0.0750098,51.5866929],[-0.0750055,51.5870267],[-0.0750055,51.5873205],[-0.0749983,51.5876478],[-0.0749971,51.5878545],[-0.0749944,51.5880372],[-0.0749904,51.5883023],[-0.0749777,51.5884828],[-0.0749565,51.5886817],[-0.0749352,51.588821],[-0.0749073,51.5889467],[-0.0748731,51.5890549],[-0.0747885,51.589273],[-0.0747069,51.5894426],[-0.0746049,51.5896272],[-0.0745189,51.5897671],[-0.0744237,51.5899122],[-0.0743255,51.5900402],[-0.0742152,51.5901703],[-0.0741365,51.5902618],[-0.0740568,51.5903475],[-0.0739647,51.5904372],[-0.0738661,51.5905281],[-0.0737459,51.5906369],[-0.0736523,51.5907139],[-0.0735271,51.5908085],[-0.07337,51.5909229],[-0.0731953,51.5910441],[-0.0729989,51.5911727],[-0.0727853,51.5913144],[-0.0720428,51.5918008]],[[-0.0750025,51.5842335],[-0.0750069,51.584115]],[[-0.0750025,51.5842335],[-0.0750069,51.584115]],[[-0.0719935,51.5917874],[-0.0727547,51.5912908],[-0.0729686,51.5911516],[-0.0731672,51.5910199],[-0.0733301,51.5909053],[-0.0734857,51.5907901],[-0.07361,51.5906954],[-0.0737106,51.5906131],[-0.0738272,51.590509],[-0.0739224,51.5904244],[-0.0740129,51.5903328],[-0.0740925,51.5902465],[-0.0741726,51.5901556],[-0.0742821,51.5900243],[-0.0743713,51.5899095],[-0.0744633,51.5897658],[-0.0745826,51.5895696],[-0.0746656,51.5894171],[-0.0747354,51.5892751],[-0.0748261,51.5890466],[-0.074857,51.5889448],[-0.0748887,51.5888131],[-0.0749086,51.5886851],[-0.0749303,51.5884785],[-0.0749423,51.5883032],[-0.0749512,51.5878563],[-0.0749528,51.5876471],[-0.0749562,51.5873222],[-0.0749553,51.5870281],[-0.0749602,51.5867637],[-0.0749678,51.5863076],[-0.0749711,51.5859331],[-0.0749767,51.5856197],[-0.0749851,51.5851664],[-0.074991,51.5848359],[-0.0749942,51.5845762],[-0.0750025,51.5842335]],[[-0.0719935,51.5917874],[-0.0727547,51.5912908],[-0.0729686,51.5911516],[-0.0731672,51.5910199],[-0.0733301,51.5909053],[-0.0734857,51.5907901],[-0.07361,51.5906954],[-0.0737106,51.5906131],[-0.0738272,51.590509],[-0.0739224,51.5904244],[-0.0740129,51.5903328],[-0.0740925,51.5902465],[-0.0741726,51.5901556],[-0.0742821,51.5900243],[-0.0743713,51.5899095],[-0.0744633,51.5897658],[-0.0745826,51.5895696],[-0.0746656,51.5894171],[-0.0747354,51.5892751],[-0.0748261,51.5890466],[-0.074857,51.5889448],[-0.0748887,51.5888131],[-0.0749086,51.5886851],[-0.0749303,51.5884785],[-0.0749423,51.5883032],[-0.0749512,51.5878563],[-0.0749528,51.5876471],[-0.0749562,51.5873222],[-0.0749553,51.5870281],[-0.0749602,51.5867637],[-0.0749678,51.5863076],[-0.0749711,51.5859331],[-0.0749767,51.5856197],[-0.0749851,51.5851664],[-0.074991,51.5848359],[-0.0749942,51.5845762],[-0.0750025,51.5842335]],[[-0.0727594,51.5651702],[-0.0728546,51.5652378],[-0.0729411,51.5652959],[-0.0730085,51.5653384],[-0.0733152,51.5655302]],[[-0.0727594,51.5651702],[-0.0728546,51.5652378],[-0.0729411,51.5652959],[-0.0730085,51.5653384],[-0.0733152,51.5655302]],[[-0.0732812,51.5655511],[-0.0729836,51.5653636],[-0.0729064,51.5653134],[-0.0728196,51.5652569],[-0.0727254,51.5651895]],[[-0.0732812,51.5655511],[-0.0729836,51.5653636],[-0.0729064,51.5653134],[-0.0728196,51.5652569],[-0.0727254,51.5651895]],[[-0.0667787,51.5557034],[-0.068146,51.5582049],[-0.068363,51.5586103],[-0.0690802,51.5599167],[-0.0693001,51.5603118],[-0.0697048,51.5610503],[-0.0698484,51.5613138],[-0.0700747,51.5617326],[-0.0703178,51.5621783],[-0.0705151,51.562539],[-0.0706918,51.5628624],[-0.0709252,51.5632725],[-0.0709937,51.5633855],[-0.0710435,51.5634632],[-0.0711058,51.5635567],[-0.0711777,51.5636618],[-0.0712728,51.5637875],[-0.071336,51.5638686],[-0.0714404,51.5639953],[-0.0715212,51.5640921],[-0.0716304,51.564215],[-0.0717698,51.5643687],[-0.0718535,51.5644451],[-0.0719778,51.5645554],[-0.0720639,51.5646321],[-0.0721965,51.5647449],[-0.0723237,51.5648457],[-0.0724313,51.5649291],[-0.0725849,51.5650453],[-0.0727594,51.5651702]],[[-0.0667787,51.5557034],[-0.068146,51.5582049],[-0.068363,51.5586103],[-0.0690802,51.5599167],[-0.0693001,51.5603118],[-0.0697048,51.5610503],[-0.0698484,51.5613138],[-0.0700747,51.5617326],[-0.0703178,51.5621783],[-0.0705151,51.562539],[-0.0706918,51.5628624],[-0.0709252,51.5632725],[-0.0709937,51.5633855],[-0.0710435,51.5634632],[-0.0711058,51.5635567],[-0.0711777,51.5636618],[-0.0712728,51.5637875],[-0.071336,51.5638686],[-0.0714404,51.5639953],[-0.0715212,51.5640921],[-0.0716304,51.564215],[-0.0717698,51.5643687],[-0.0718535,51.5644451],[-0.0719778,51.5645554],[-0.0720639,51.5646321],[-0.0721965,51.5647449],[-0.0723237,51.5648457],[-0.0724313,51.5649291],[-0.0725849,51.5650453],[-0.0727594,51.5651702]],[[-0.0727254,51.5651895],[-0.0725515,51.5650632],[-0.0723965,51.5649473],[-0.0722835,51.5648611],[-0.0721645,51.5647643],[-0.0720344,51.5646536],[-0.0719278,51.56456],[-0.0718175,51.5644628],[-0.0717322,51.564381],[-0.0715916,51.5642288],[-0.0714812,51.5641065],[-0.0714003,51.5640132],[-0.0713067,51.5638965],[-0.0712281,51.5637989],[-0.0711362,51.5636741],[-0.0710672,51.5635738],[-0.0709895,51.5634613],[-0.0709396,51.5633815],[-0.0708769,51.5632752],[-0.0706442,51.5628606],[-0.0704653,51.5625368],[-0.0702762,51.5621907],[-0.0700306,51.5617409],[-0.0697987,51.5613161],[-0.0696588,51.5610614],[-0.0692506,51.560323],[-0.0690377,51.5599282],[-0.0683229,51.5586205],[-0.0681004,51.5582128],[-0.0667254,51.5557011]],[[-0.0727254,51.5651895],[-0.0725515,51.5650632],[-0.0723965,51.5649473],[-0.0722835,51.5648611],[-0.0721645,51.5647643],[-0.0720344,51.5646536],[-0.0719278,51.56456],[-0.0718175,51.5644628],[-0.0717322,51.564381],[-0.0715916,51.5642288],[-0.0714812,51.5641065],[-0.0714003,51.5640132],[-0.0713067,51.5638965],[-0.0712281,51.5637989],[-0.0711362,51.5636741],[-0.0710672,51.5635738],[-0.0709895,51.5634613],[-0.0709396,51.5633815],[-0.0708769,51.5632752],[-0.0706442,51.5628606],[-0.0704653,51.5625368],[-0.0702762,51.5621907],[-0.0700306,51.5617409],[-0.0697987,51.5613161],[-0.0696588,51.5610614],[-0.0692506,51.560323],[-0.0690377,51.5599282],[-0.0683229,51.5586205],[-0.0681004,51.5582128],[-0.0667254,51.5557011]],[[-0.0720428,51.5918008],[-0.0719071,51.5918909]],[[-0.0720428,51.5918008],[-0.0719071,51.5918909]],[[-0.0718591,51.5918778],[-0.0719935,51.5917874]],[[-0.0718591,51.5918778],[-0.0719935,51.5917874]],[[-0.0719071,51.5918909],[-0.0714898,51.5921656],[-0.0713576,51.5922529],[-0.071215,51.5923507],[-0.071137,51.5924079],[-0.0710641,51.5924636],[-0.0709804,51.5925307]],[[-0.0719071,51.5918909],[-0.0714898,51.5921656],[-0.0713576,51.5922529],[-0.071215,51.5923507],[-0.071137,51.5924079],[-0.0710641,51.5924636],[-0.0709804,51.5925307]],[[-0.070942,51.5925117],[-0.071028,51.5924416],[-0.0711747,51.5923324],[-0.071323,51.5922302],[-0.0714655,51.5921353],[-0.0718591,51.5918778]],[[-0.070942,51.5925117],[-0.071028,51.5924416],[-0.0711747,51.5923324],[-0.071323,51.5922302],[-0.0714655,51.5921353],[-0.0718591,51.5918778]],[[-0.0673603,51.5234419],[-0.067758,51.5234192],[-0.0682636,51.5233923],[-0.0684447,51.5233821],[-0.068622,51.5233715],[-0.0687519,51.5233626],[-0.0688232,51.5233559],[-0.0688859,51.5233502],[-0.0690132,51.5233374],[-0.0691318,51.5233242],[-0.0692589,51.5233082],[-0.0694268,51.5232857],[-0.06959,51.5232626],[-0.0697441,51.5232386],[-0.069848,51.5232214],[-0.0699537,51.5232031],[-0.0701102,51.5231727],[-0.0702409,51.5231464],[-0.0703575,51.5231209],[-0.0704688,51.5230957],[-0.0707015,51.5230391],[-0.0709344,51.5229853],[-0.0711301,51.5229428],[-0.0712973,51.5229079],[-0.0713646,51.5228943],[-0.0714612,51.522876]],[[-0.0673603,51.5234419],[-0.067758,51.5234192],[-0.0682636,51.5233923],[-0.0684447,51.5233821],[-0.068622,51.5233715],[-0.0687519,51.5233626],[-0.0688232,51.5233559],[-0.0688859,51.5233502],[-0.0690132,51.5233374],[-0.0691318,51.5233242],[-0.0692589,51.5233082],[-0.0694268,51.5232857],[-0.06959,51.5232626],[-0.0697441,51.5232386],[-0.069848,51.5232214],[-0.0699537,51.5232031],[-0.0701102,51.5231727],[-0.0702409,51.5231464],[-0.0703575,51.5231209],[-0.0704688,51.5230957],[-0.0707015,51.5230391],[-0.0709344,51.5229853],[-0.0711301,51.5229428],[-0.0712973,51.5229079],[-0.0713646,51.5228943],[-0.0714612,51.522876]],[[-0.0714583,51.5229059],[-0.0713418,51.5229288],[-0.0712116,51.5229563],[-0.0710415,51.5229936],[-0.0707845,51.5230517],[-0.0706363,51.5230849],[-0.0705225,51.5231128],[-0.0703762,51.5231492],[-0.0702483,51.5231771],[-0.0701506,51.5231969],[-0.0700475,51.5232167],[-0.0699258,51.523239],[-0.0697616,51.5232665],[-0.0696079,51.5232898],[-0.0694636,51.5233107],[-0.0692887,51.5233364],[-0.0691746,51.5233502],[-0.069027,51.523367],[-0.0689131,51.5233786],[-0.0687765,51.5233911],[-0.0686898,51.5233978],[-0.0685971,51.5234052],[-0.068506,51.523412],[-0.0684034,51.5234182],[-0.0682593,51.5234255],[-0.0680505,51.5234363]],[[-0.0714583,51.5229059],[-0.0713418,51.5229288],[-0.0712116,51.5229563],[-0.0710415,51.5229936],[-0.0707845,51.5230517],[-0.0706363,51.5230849],[-0.0705225,51.5231128],[-0.0703762,51.5231492],[-0.0702483,51.5231771],[-0.0701506,51.5231969],[-0.0700475,51.5232167],[-0.0699258,51.523239],[-0.0697616,51.5232665],[-0.0696079,51.5232898],[-0.0694636,51.5233107],[-0.0692887,51.5233364],[-0.0691746,51.5233502],[-0.069027,51.523367],[-0.0689131,51.5233786],[-0.0687765,51.5233911],[-0.0686898,51.5233978],[-0.0685971,51.5234052],[-0.068506,51.523412],[-0.0684034,51.5234182],[-0.0682593,51.5234255],[-0.0680505,51.5234363]],[[-0.0714583,51.5229059],[-0.0713418,51.5229288],[-0.0712116,51.5229563],[-0.0710415,51.5229936],[-0.0707845,51.5230517],[-0.0706363,51.5230849],[-0.0705225,51.5231128],[-0.0703762,51.5231492],[-0.0702483,51.5231771],[-0.0701506,51.5231969],[-0.0700475,51.5232167],[-0.0699258,51.523239],[-0.0697616,51.5232665],[-0.0696079,51.5232898],[-0.0694636,51.5233107],[-0.0692887,51.5233364],[-0.0691746,51.5233502],[-0.069027,51.523367],[-0.0689131,51.5233786],[-0.0687765,51.5233911],[-0.0686898,51.5233978],[-0.0685971,51.5234052],[-0.068506,51.523412],[-0.0684034,51.5234182],[-0.0682593,51.5234255],[-0.0680505,51.5234363]],[[-0.0714583,51.5229059],[-0.0713418,51.5229288],[-0.0712116,51.5229563],[-0.0710415,51.5229936],[-0.0707845,51.5230517],[-0.0706363,51.5230849],[-0.0705225,51.5231128],[-0.0703762,51.5231492],[-0.0702483,51.5231771],[-0.0701506,51.5231969],[-0.0700475,51.5232167],[-0.0699258,51.523239],[-0.0697616,51.5232665],[-0.0696079,51.5232898],[-0.0694636,51.5233107],[-0.0692887,51.5233364],[-0.0691746,51.5233502],[-0.069027,51.523367],[-0.0689131,51.5233786],[-0.0687765,51.5233911],[-0.0686898,51.5233978],[-0.0685971,51.5234052],[-0.068506,51.523412],[-0.0684034,51.5234182],[-0.0682593,51.5234255],[-0.0680505,51.5234363]],[[-0.0710722,51.6054614],[-0.0710782,51.6055798],[-0.0710823,51.6056983],[-0.0710795,51.6058681],[-0.071077,51.6060449],[-0.0710735,51.6061519],[-0.0710647,51.6062914],[-0.0710508,51.6064358],[-0.071036,51.6065852],[-0.0710185,51.6067092],[-0.0709882,51.6068814],[-0.070952,51.6070482],[-0.0709192,51.607208],[-0.0708686,51.607386],[-0.0708143,51.6075758],[-0.0707524,51.6077677],[-0.0706787,51.6079647],[-0.0705989,51.6081553],[-0.070528,51.6083083],[-0.0704351,51.6085046],[-0.0703101,51.6087562],[-0.0701761,51.6090182],[-0.0699933,51.6093828],[-0.0688759,51.6116152],[-0.0678725,51.6136093],[-0.0677725,51.6138041],[-0.0676879,51.6139593],[-0.0676092,51.6141033],[-0.0675371,51.6142418],[-0.0674749,51.6143532],[-0.0673827,51.614519]],[[-0.0710722,51.6054614],[-0.0710782,51.6055798],[-0.0710823,51.6056983],[-0.0710795,51.6058681],[-0.071077,51.6060449],[-0.0710735,51.6061519],[-0.0710647,51.6062914],[-0.0710508,51.6064358],[-0.071036,51.6065852],[-0.0710185,51.6067092],[-0.0709882,51.6068814],[-0.070952,51.6070482],[-0.0709192,51.607208],[-0.0708686,51.607386],[-0.0708143,51.6075758],[-0.0707524,51.6077677],[-0.0706787,51.6079647],[-0.0705989,51.6081553],[-0.070528,51.6083083],[-0.0704351,51.6085046],[-0.0703101,51.6087562],[-0.0701761,51.6090182],[-0.0699933,51.6093828],[-0.0688759,51.6116152],[-0.0678725,51.6136093],[-0.0677725,51.6138041],[-0.0676879,51.6139593],[-0.0676092,51.6141033],[-0.0675371,51.6142418],[-0.0674749,51.6143532],[-0.0673827,51.614519]],[[-0.0710615,51.6053412],[-0.0710661,51.6053933],[-0.0710722,51.6054614]],[[-0.0710615,51.6053412],[-0.0710661,51.6053933],[-0.0710722,51.6054614]],[[-0.0708606,51.6040158],[-0.0710333,51.6051458],[-0.0710615,51.6053412]],[[-0.0708606,51.6040158],[-0.0710333,51.6051458],[-0.0710615,51.6053412]],[[-0.0673303,51.6145194],[-0.0674269,51.614348],[-0.0674894,51.6142319],[-0.0675633,51.6140943],[-0.0676412,51.6139484],[-0.0677225,51.6137983],[-0.067826,51.6135996],[-0.068828,51.6116068],[-0.0699474,51.6093737],[-0.0700904,51.6090921],[-0.0702634,51.608749],[-0.0703921,51.6084983],[-0.0704758,51.6083056],[-0.0705487,51.6081501],[-0.0706294,51.6079579],[-0.0707022,51.6077664],[-0.0707665,51.6075695],[-0.0708216,51.6073859],[-0.0708669,51.6072081],[-0.0709042,51.6070467],[-0.0709394,51.6068742],[-0.070969,51.6067056],[-0.0709854,51.6065825],[-0.0710008,51.6064338],[-0.0710141,51.6062899],[-0.071024,51.6061528],[-0.0710267,51.6060426],[-0.0710308,51.6058726],[-0.071037,51.6056972],[-0.0710325,51.6055816],[-0.071025,51.6054578]],[[-0.0673303,51.6145194],[-0.0674269,51.614348],[-0.0674894,51.6142319],[-0.0675633,51.6140943],[-0.0676412,51.6139484],[-0.0677225,51.6137983],[-0.067826,51.6135996],[-0.068828,51.6116068],[-0.0699474,51.6093737],[-0.0700904,51.6090921],[-0.0702634,51.608749],[-0.0703921,51.6084983],[-0.0704758,51.6083056],[-0.0705487,51.6081501],[-0.0706294,51.6079579],[-0.0707022,51.6077664],[-0.0707665,51.6075695],[-0.0708216,51.6073859],[-0.0708669,51.6072081],[-0.0709042,51.6070467],[-0.0709394,51.6068742],[-0.070969,51.6067056],[-0.0709854,51.6065825],[-0.0710008,51.6064338],[-0.0710141,51.6062899],[-0.071024,51.6061528],[-0.0710267,51.6060426],[-0.0710308,51.6058726],[-0.071037,51.6056972],[-0.0710325,51.6055816],[-0.071025,51.6054578]],[[-0.071025,51.6054578],[-0.0710128,51.6053386]],[[-0.071025,51.6054578],[-0.0710128,51.6053386]],[[-0.0710128,51.6053386],[-0.0709844,51.6051479],[-0.0708109,51.6040189]],[[-0.0710128,51.6053386],[-0.0709844,51.6051479],[-0.0708109,51.6040189]],[[-0.0709804,51.5925307],[-0.0708584,51.592634]],[[-0.0709804,51.5925307],[-0.0708584,51.592634]],[[-0.0708176,51.5926155],[-0.070942,51.5925117]],[[-0.0708176,51.5926155],[-0.070942,51.5925117]],[[-0.0708115,51.603703],[-0.0708313,51.6038289],[-0.0708606,51.6040158]],[[-0.0708115,51.603703],[-0.0708313,51.6038289],[-0.0708606,51.6040158]],[[-0.0708584,51.592634],[-0.0707234,51.592748],[-0.070651,51.592817],[-0.0705864,51.5928848]],[[-0.0708584,51.592634],[-0.0707234,51.592748],[-0.070651,51.592817],[-0.0705864,51.5928848]],[[-0.0705562,51.5928568],[-0.070613,51.5927975],[-0.0706826,51.5927311],[-0.0708176,51.5926155]],[[-0.0705562,51.5928568],[-0.070613,51.5927975],[-0.0706826,51.5927311],[-0.0708176,51.5926155]],[[-0.0707951,51.6035941],[-0.0708115,51.603703]],[[-0.0707951,51.6035941],[-0.0708115,51.603703]],[[-0.0708109,51.6040189],[-0.0707822,51.6038301],[-0.070764,51.6037104]],[[-0.0708109,51.6040189],[-0.0707822,51.6038301],[-0.070764,51.6037104]],[[-0.0707122,51.6030374],[-0.0707951,51.6035941]],[[-0.0707122,51.6030374],[-0.0707951,51.6035941]],[[-0.070764,51.6037104],[-0.070747,51.6036017]],[[-0.070764,51.6037104],[-0.070747,51.6036017]],[[-0.070747,51.6036017],[-0.0706636,51.6030402]],[[-0.070747,51.6036017],[-0.0706636,51.6030402]],[[-0.0707004,51.6029543],[-0.0707122,51.6030374]],[[-0.0707004,51.6029543],[-0.0707122,51.6030374]],[[-0.0705835,51.6022421],[-0.0707004,51.6029543]],[[-0.0705835,51.6022421],[-0.0707004,51.6029543]],[[-0.0706636,51.6030402],[-0.0706504,51.6029572]],[[-0.0706636,51.6030402],[-0.0706504,51.6029572]],[[-0.0706504,51.6029572],[-0.0705351,51.6022452]],[[-0.0706504,51.6029572],[-0.0705351,51.6022452]],[[-0.0705864,51.5928848],[-0.0704986,51.5929819],[-0.0704182,51.5930775],[-0.0703253,51.5931966],[-0.0702312,51.5933305],[-0.070163,51.5934409],[-0.0701012,51.5935493],[-0.0700697,51.5936143],[-0.0700445,51.593673],[-0.0699976,51.5937923],[-0.0699441,51.5939415],[-0.069921,51.5940147],[-0.0698901,51.5941237]],[[-0.0705864,51.5928848],[-0.0704986,51.5929819],[-0.0704182,51.5930775],[-0.0703253,51.5931966],[-0.0702312,51.5933305],[-0.070163,51.5934409],[-0.0701012,51.5935493],[-0.0700697,51.5936143],[-0.0700445,51.593673],[-0.0699976,51.5937923],[-0.0699441,51.5939415],[-0.069921,51.5940147],[-0.0698901,51.5941237]],[[-0.0705643,51.602125],[-0.0705835,51.6022421]],[[-0.0705643,51.602125],[-0.0705835,51.6022421]],[[-0.0704415,51.601321],[-0.0705643,51.602125]],[[-0.0704415,51.601321],[-0.0705643,51.602125]],[[-0.0698474,51.5940925],[-0.0698717,51.5940105],[-0.0698959,51.5939349],[-0.0699496,51.5937878],[-0.0699976,51.5936702],[-0.0700245,51.5936073],[-0.0700578,51.5935371],[-0.0701183,51.5934313],[-0.0701854,51.5933241],[-0.0702775,51.5931858],[-0.0703674,51.5930697],[-0.0704571,51.592966],[-0.0705562,51.5928568]],[[-0.0698474,51.5940925],[-0.0698717,51.5940105],[-0.0698959,51.5939349],[-0.0699496,51.5937878],[-0.0699976,51.5936702],[-0.0700245,51.5936073],[-0.0700578,51.5935371],[-0.0701183,51.5934313],[-0.0701854,51.5933241],[-0.0702775,51.5931858],[-0.0703674,51.5930697],[-0.0704571,51.592966],[-0.0705562,51.5928568]],[[-0.0705351,51.6022452],[-0.0705153,51.602128]],[[-0.0705351,51.6022452],[-0.0705153,51.602128]],[[-0.0705153,51.602128],[-0.0703941,51.6013238]],[[-0.0705153,51.602128],[-0.0703941,51.6013238]],[[-0.0704256,51.6012228],[-0.0704415,51.601321]],[[-0.0704256,51.6012228],[-0.0704415,51.601321]],[[-0.0703529,51.6006529],[-0.0703661,51.6008222],[-0.0703822,51.6009396],[-0.070403,51.6010701],[-0.0704256,51.6012228]],[[-0.0703529,51.6006529],[-0.0703661,51.6008222],[-0.0703822,51.6009396],[-0.070403,51.6010701],[-0.0704256,51.6012228]],[[-0.0703941,51.6013238],[-0.0703785,51.6012256]],[[-0.0703941,51.6013238],[-0.0703785,51.6012256]],[[-0.0703807,51.5970612],[-0.0703965,51.5972437],[-0.0704024,51.5974163],[-0.0704038,51.5975867],[-0.0704053,51.5977054],[-0.0704045,51.5977963],[-0.0703988,51.597941],[-0.0703947,51.5980956],[-0.0703697,51.598619]],[[-0.0703807,51.5970612],[-0.0703965,51.5972437],[-0.0704024,51.5974163],[-0.0704038,51.5975867],[-0.0704053,51.5977054],[-0.0704045,51.5977963],[-0.0703988,51.597941],[-0.0703947,51.5980956],[-0.0703697,51.598619]],[[-0.070369,51.5969526],[-0.0703807,51.5970612]],[[-0.070369,51.5969526],[-0.0703807,51.5970612]],[[-0.0703785,51.6012256],[-0.0703513,51.6010664],[-0.0703324,51.6009385],[-0.0703163,51.6008228],[-0.0703015,51.6006545]],[[-0.0703785,51.6012256],[-0.0703513,51.6010664],[-0.0703324,51.6009385],[-0.0703163,51.6008228],[-0.0703015,51.6006545]],[[-0.0703697,51.598619],[-0.0703642,51.5987344]],[[-0.0703697,51.598619],[-0.0703642,51.5987344]],[[-0.0698839,51.5952774],[-0.069924,51.5954102],[-0.069968,51.5955311],[-0.0700107,51.5956496],[-0.0701101,51.5959129],[-0.0701532,51.5960399],[-0.0701967,51.5961743],[-0.0702345,51.596308],[-0.0702676,51.5964312],[-0.0702978,51.596557],[-0.070323,51.5966769],[-0.0703464,51.5968078],[-0.070369,51.5969526]],[[-0.0698839,51.5952774],[-0.069924,51.5954102],[-0.069968,51.5955311],[-0.0700107,51.5956496],[-0.0701101,51.5959129],[-0.0701532,51.5960399],[-0.0701967,51.5961743],[-0.0702345,51.596308],[-0.0702676,51.5964312],[-0.0702978,51.596557],[-0.070323,51.5966769],[-0.0703464,51.5968078],[-0.070369,51.5969526]],[[-0.0703642,51.5987344],[-0.0703424,51.599065],[-0.0703328,51.5992674],[-0.0703216,51.5994522],[-0.0703166,51.5996344],[-0.0703149,51.599802],[-0.0703183,51.5999642],[-0.0703215,51.6001655],[-0.0703323,51.6003538],[-0.0703449,51.6005312]],[[-0.0703642,51.5987344],[-0.0703424,51.599065],[-0.0703328,51.5992674],[-0.0703216,51.5994522],[-0.0703166,51.5996344],[-0.0703149,51.599802],[-0.0703183,51.5999642],[-0.0703215,51.6001655],[-0.0703323,51.6003538],[-0.0703449,51.6005312]],[[-0.0703449,51.6005312],[-0.0703529,51.6006529]],[[-0.0703449,51.6005312],[-0.0703529,51.6006529]],[[-0.0703166,51.598618],[-0.0703419,51.5980951],[-0.070352,51.5979417],[-0.0703562,51.5978114],[-0.0703564,51.597706],[-0.0703555,51.5975911],[-0.0703521,51.5974159],[-0.0703415,51.5972216],[-0.0703299,51.5970612]],[[-0.0703166,51.598618],[-0.0703419,51.5980951],[-0.070352,51.5979417],[-0.0703562,51.5978114],[-0.0703564,51.597706],[-0.0703555,51.5975911],[-0.0703521,51.5974159],[-0.0703415,51.5972216],[-0.0703299,51.5970612]],[[-0.0703299,51.5970612],[-0.0703176,51.5969528]],[[-0.0703299,51.5970612],[-0.0703176,51.5969528]],[[-0.0703176,51.5969528],[-0.0702954,51.5968076],[-0.0702701,51.596676],[-0.070246,51.5965605],[-0.0702164,51.5964379],[-0.0701801,51.5963005],[-0.0701428,51.5961742],[-0.0700988,51.596043],[-0.070057,51.5959203],[-0.0699777,51.5956964],[-0.0699209,51.5955398],[-0.069876,51.5954167],[-0.0698368,51.5952855]],[[-0.0703176,51.5969528],[-0.0702954,51.5968076],[-0.0702701,51.596676],[-0.070246,51.5965605],[-0.0702164,51.5964379],[-0.0701801,51.5963005],[-0.0701428,51.5961742],[-0.0700988,51.596043],[-0.070057,51.5959203],[-0.0699777,51.5956964],[-0.0699209,51.5955398],[-0.069876,51.5954167],[-0.0698368,51.5952855]],[[-0.0703106,51.5987334],[-0.0703166,51.598618]],[[-0.0703106,51.5987334],[-0.0703166,51.598618]],[[-0.0702918,51.6005328],[-0.0702796,51.6003585],[-0.0702721,51.6001647],[-0.0702675,51.59997],[-0.0702671,51.5998064],[-0.0702669,51.5996342],[-0.0702738,51.5994509],[-0.0702823,51.5992662],[-0.0702922,51.5990693],[-0.0703106,51.5987334]],[[-0.0702918,51.6005328],[-0.0702796,51.6003585],[-0.0702721,51.6001647],[-0.0702675,51.59997],[-0.0702671,51.5998064],[-0.0702669,51.5996342],[-0.0702738,51.5994509],[-0.0702823,51.5992662],[-0.0702922,51.5990693],[-0.0703106,51.5987334]],[[-0.0703015,51.6006545],[-0.0702918,51.6005328]],[[-0.0703015,51.6006545],[-0.0702918,51.6005328]],[[-0.0698901,51.5941237],[-0.0698427,51.5943123]],[[-0.0698901,51.5941237],[-0.0698427,51.5943123]],[[-0.0698427,51.5943123],[-0.0698279,51.5943804],[-0.069814,51.5944688],[-0.0698042,51.5945736],[-0.0698015,51.5946803],[-0.0698055,51.594777],[-0.069809,51.5948668],[-0.0698254,51.5949895],[-0.0698394,51.5950921],[-0.0698572,51.5951778],[-0.0698839,51.5952774]],[[-0.0698427,51.5943123],[-0.0698279,51.5943804],[-0.069814,51.5944688],[-0.0698042,51.5945736],[-0.0698015,51.5946803],[-0.0698055,51.594777],[-0.069809,51.5948668],[-0.0698254,51.5949895],[-0.0698394,51.5950921],[-0.0698572,51.5951778],[-0.0698839,51.5952774]],[[-0.0697988,51.5942803],[-0.0698474,51.5940925]],[[-0.0697988,51.5942803],[-0.0698474,51.5940925]],[[-0.0698368,51.5952855],[-0.0698099,51.5951777],[-0.069792,51.595094],[-0.0697772,51.5949962],[-0.0697595,51.5948669],[-0.0697546,51.5947751],[-0.0697507,51.594676],[-0.0697514,51.5945747],[-0.0697645,51.5944633],[-0.0697792,51.594379],[-0.0697988,51.5942803]],[[-0.0698368,51.5952855],[-0.0698099,51.5951777],[-0.069792,51.595094],[-0.0697772,51.5949962],[-0.0697595,51.5948669],[-0.0697546,51.5947751],[-0.0697507,51.594676],[-0.0697514,51.5945747],[-0.0697645,51.5944633],[-0.0697792,51.594379],[-0.0697988,51.5942803]],[[-0.0673603,51.5234419],[-0.0675032,51.5234373],[-0.067608,51.5234368],[-0.0677424,51.5234388],[-0.0678179,51.5234396],[-0.0679128,51.5234392],[-0.0680505,51.5234363]],[[-0.0680505,51.5234363],[-0.067694,51.5234546],[-0.0674212,51.5234714],[-0.0671573,51.5234874],[-0.0669091,51.5235019],[-0.0666987,51.5235148],[-0.0664884,51.5235279],[-0.0662596,51.5235419],[-0.0658587,51.5235672],[-0.0656319,51.5235811],[-0.0654077,51.5235962],[-0.0653075,51.5236022],[-0.0652078,51.5236081],[-0.0650716,51.5236175],[-0.0649524,51.5236251],[-0.0648113,51.5236338],[-0.0646623,51.5236436],[-0.0643008,51.523668]],[[-0.0680505,51.5234363],[-0.067694,51.5234546],[-0.0674212,51.5234714],[-0.0671573,51.5234874],[-0.0669091,51.5235019],[-0.0666987,51.5235148],[-0.0664884,51.5235279],[-0.0662596,51.5235419],[-0.0658587,51.5235672],[-0.0656319,51.5235811],[-0.0654077,51.5235962],[-0.0653075,51.5236022],[-0.0652078,51.5236081],[-0.0650716,51.5236175],[-0.0649524,51.5236251],[-0.0648113,51.5236338],[-0.0646623,51.5236436],[-0.0643008,51.523668]],[[-0.0680505,51.5234363],[-0.067694,51.5234546],[-0.0674212,51.5234714],[-0.0671573,51.5234874],[-0.0669091,51.5235019],[-0.0666987,51.5235148],[-0.0664884,51.5235279],[-0.0662596,51.5235419],[-0.0658587,51.5235672],[-0.0656319,51.5235811],[-0.0654077,51.5235962],[-0.0653075,51.5236022],[-0.0652078,51.5236081],[-0.0650716,51.5236175],[-0.0649524,51.5236251],[-0.0648113,51.5236338],[-0.0646623,51.5236436],[-0.0643008,51.523668]],[[-0.0673827,51.614519],[-0.0672716,51.6147035]],[[-0.0673827,51.614519],[-0.0672716,51.6147035]],[[-0.0670944,51.523459],[-0.0673603,51.5234419]],[[-0.0670944,51.523459],[-0.0673603,51.5234419]],[[-0.0670944,51.523459],[-0.0673603,51.5234419]],[[-0.0672179,51.6147056],[-0.0673303,51.6145194]],[[-0.0672179,51.6147056],[-0.0673303,51.6145194]],[[-0.0672716,51.6147035],[-0.0671803,51.6148551],[-0.0667368,51.6155919],[-0.0665463,51.6159084]],[[-0.0672716,51.6147035],[-0.0671803,51.6148551],[-0.0667368,51.6155919],[-0.0665463,51.6159084]],[[-0.0664987,51.6158977],[-0.0666899,51.6155808],[-0.0671339,51.6148449],[-0.0672179,51.6147056]],[[-0.0664987,51.6158977],[-0.0666899,51.6155808],[-0.0671339,51.6148449],[-0.0672179,51.6147056]],[[-0.0642976,51.5236367],[-0.0644511,51.5236262],[-0.0646231,51.523615],[-0.0652172,51.5235761],[-0.0654146,51.5235643],[-0.0656006,51.5235521],[-0.065745,51.5235424],[-0.0659833,51.5235273],[-0.0665677,51.5234889],[-0.0668019,51.5234748],[-0.0670944,51.523459]],[[-0.0642976,51.5236367],[-0.0644511,51.5236262],[-0.0646231,51.523615],[-0.0652172,51.5235761],[-0.0654146,51.5235643],[-0.0656006,51.5235521],[-0.065745,51.5235424],[-0.0659833,51.5235273],[-0.0665677,51.5234889],[-0.0668019,51.5234748],[-0.0670944,51.523459]],[[-0.0642976,51.5236367],[-0.0644511,51.5236262],[-0.0646231,51.523615],[-0.0652172,51.5235761],[-0.0654146,51.5235643],[-0.0656006,51.5235521],[-0.065745,51.5235424],[-0.0659833,51.5235273],[-0.0665677,51.5234889],[-0.0668019,51.5234748],[-0.0670944,51.523459]],[[-0.0667057,51.5555693],[-0.0667787,51.5557034]],[[-0.0667057,51.5555693],[-0.0667787,51.5557034]],[[-0.0667254,51.5557011],[-0.0666519,51.555567]],[[-0.0667254,51.5557011],[-0.0666519,51.555567]],[[-0.0666401,51.5554486],[-0.0667057,51.5555693]],[[-0.0666401,51.5554486],[-0.0667057,51.5555693]],[[-0.0666519,51.555567],[-0.0665856,51.5554462]],[[-0.0666519,51.555567],[-0.0665856,51.5554462]],[[-0.066304,51.5548308],[-0.0666401,51.5554486]],[[-0.066304,51.5548308],[-0.0666401,51.5554486]],[[-0.0665856,51.5554462],[-0.066254,51.5548414]],[[-0.0665856,51.5554462],[-0.066254,51.5548414]],[[-0.0665463,51.6159084],[-0.0662688,51.6163789],[-0.0660109,51.6168091],[-0.0654781,51.6177009]],[[-0.0665463,51.6159084],[-0.0662688,51.6163789],[-0.0660109,51.6168091],[-0.0654781,51.6177009]],[[-0.0654276,51.617692],[-0.0659616,51.6167992],[-0.0662207,51.6163691],[-0.0664987,51.6158977]],[[-0.0654276,51.617692],[-0.0659616,51.6167992],[-0.0662207,51.6163691],[-0.0664987,51.6158977]],[[-0.0640027,51.5519602],[-0.0641456,51.5520652],[-0.0642993,51.5521846],[-0.0644775,51.5523325],[-0.0646662,51.5524991],[-0.0647877,51.5526123],[-0.0648813,51.552701],[-0.0649984,51.552822],[-0.0651002,51.5529342],[-0.0652117,51.5530588],[-0.0653057,51.5531678],[-0.0653816,51.5532626],[-0.0654523,51.5533575],[-0.0655225,51.5534531],[-0.0656202,51.5536042],[-0.0657216,51.5537678],[-0.066304,51.5548308]],[[-0.0640027,51.5519602],[-0.0641456,51.5520652],[-0.0642993,51.5521846],[-0.0644775,51.5523325],[-0.0646662,51.5524991],[-0.0647877,51.5526123],[-0.0648813,51.552701],[-0.0649984,51.552822],[-0.0651002,51.5529342],[-0.0652117,51.5530588],[-0.0653057,51.5531678],[-0.0653816,51.5532626],[-0.0654523,51.5533575],[-0.0655225,51.5534531],[-0.0656202,51.5536042],[-0.0657216,51.5537678],[-0.066304,51.5548308]],[[-0.066254,51.5548414],[-0.0656733,51.5537801],[-0.0655924,51.5536418],[-0.0654889,51.5534827],[-0.0653916,51.5533446],[-0.0653015,51.5532319],[-0.065175,51.5530783],[-0.0650513,51.5529423],[-0.0648961,51.5527798],[-0.0648201,51.5527024],[-0.0647344,51.5526204],[-0.0645976,51.5524936],[-0.064373,51.5522991],[-0.0642371,51.5521865],[-0.0640916,51.5520742],[-0.0639452,51.551968]],[[-0.066254,51.5548414],[-0.0656733,51.5537801],[-0.0655924,51.5536418],[-0.0654889,51.5534827],[-0.0653916,51.5533446],[-0.0653015,51.5532319],[-0.065175,51.5530783],[-0.0650513,51.5529423],[-0.0648961,51.5527798],[-0.0648201,51.5527024],[-0.0647344,51.5526204],[-0.0645976,51.5524936],[-0.064373,51.5522991],[-0.0642371,51.5521865],[-0.0640916,51.5520742],[-0.0639452,51.551968]],[[-0.0654781,51.6177009],[-0.0654271,51.6177864]],[[-0.0654781,51.6177009],[-0.0654271,51.6177864]],[[-0.0653779,51.6177782],[-0.0654276,51.617692]],[[-0.0653779,51.6177782],[-0.0654276,51.617692]],[[-0.0654271,51.6177864],[-0.0628226,51.6221583]],[[-0.0654271,51.6177864],[-0.0628226,51.6221583]],[[-0.0627714,51.6221545],[-0.0653779,51.6177782]],[[-0.0627714,51.6221545],[-0.0653779,51.6177782]],[[-0.0648909,51.6338691],[-0.0648999,51.6341686],[-0.0649051,51.6344265],[-0.0648937,51.634578],[-0.0648855,51.6347304],[-0.0648672,51.6348821],[-0.0648468,51.6350351],[-0.0648204,51.6351763],[-0.0647974,51.6352779],[-0.0647687,51.6353962],[-0.0647337,51.6354943],[-0.0646484,51.63573],[-0.0645611,51.6359307],[-0.0644712,51.6361079],[-0.0643802,51.6362749],[-0.0642749,51.6364508],[-0.0641622,51.6366163],[-0.0640214,51.6368072],[-0.0638348,51.6370282],[-0.0636593,51.6372253],[-0.0634708,51.6374138],[-0.06323,51.6376417],[-0.0631137,51.6377445],[-0.0629208,51.6379081],[-0.0627777,51.638024],[-0.0626067,51.6381558],[-0.062462,51.6382634],[-0.0622591,51.6384053],[-0.062063,51.6385396],[-0.0618871,51.6386536],[-0.0616847,51.6387809],[-0.061459,51.6389136],[-0.0612104,51.6390574],[-0.0609294,51.6392169],[-0.0606432,51.6393801],[-0.0575518,51.6411373],[-0.0571457,51.6413697],[-0.0568946,51.6415162],[-0.0566522,51.6416636],[-0.0564328,51.6418049],[-0.0562152,51.6419525],[-0.0559713,51.6421228],[-0.0557406,51.6422998],[-0.055546,51.6424553],[-0.0553103,51.6426575],[-0.0551479,51.6428076],[-0.0549793,51.6429722],[-0.054808,51.643147],[-0.0546251,51.6433502],[-0.0544626,51.6435409],[-0.0543293,51.6437098],[-0.0541752,51.64392],[-0.0540654,51.6440801],[-0.0539877,51.6442013],[-0.0539145,51.6443147],[-0.0538718,51.6443909],[-0.0537625,51.6445914],[-0.0536928,51.6447331],[-0.053623,51.6448889],[-0.0535649,51.6450308],[-0.0534985,51.6452019],[-0.0534545,51.6453178],[-0.0534036,51.6454717],[-0.0533575,51.6456256],[-0.0533116,51.6457755],[-0.0532643,51.6459423],[-0.0532126,51.6461155],[-0.0531695,51.6462649],[-0.0531188,51.6464382],[-0.0530242,51.6467602],[-0.0529319,51.6470791],[-0.0528726,51.6472826],[-0.0527708,51.6476313],[-0.0527163,51.6478228],[-0.0526099,51.6481812],[-0.0525421,51.6484117],[-0.0524593,51.6487013],[-0.0523834,51.6489613],[-0.0523374,51.6491231],[-0.0505194,51.6553448],[-0.0504095,51.6557303],[-0.0499172,51.6574139],[-0.0498406,51.6576718],[-0.0497921,51.6578526],[-0.0497245,51.658096],[-0.049674,51.6582954],[-0.0496347,51.6584538],[-0.0495961,51.6586191],[-0.049551,51.6588347],[-0.0495109,51.6590662],[-0.0494767,51.6592973],[-0.0494569,51.6594453],[-0.0494411,51.6595807],[-0.0494301,51.6596779],[-0.0494203,51.6598102],[-0.0493971,51.6601985],[-0.0493868,51.6605697],[-0.0493596,51.6628276],[-0.0493498,51.6633623],[-0.0493425,51.663558],[-0.0493349,51.66375],[-0.0493164,51.6640937],[-0.049296,51.6643321],[-0.0492797,51.6645455],[-0.049246,51.6648468],[-0.0492111,51.665169],[-0.0491642,51.6655054],[-0.0491287,51.6657305],[-0.0490771,51.6660393],[-0.0490401,51.6662493],[-0.0489926,51.6664795],[-0.0489483,51.6667012],[-0.0488849,51.6669648],[-0.0488392,51.6671535],[-0.0487927,51.66734],[-0.04872,51.6676213],[-0.0486432,51.6679025],[-0.0485782,51.6681333],[-0.0484922,51.668413],[-0.0484013,51.6687048],[-0.0483054,51.6690157],[-0.0476384,51.6711558],[-0.0476095,51.6712457],[-0.0473247,51.6721555],[-0.0471726,51.6726559],[-0.0471374,51.6727686],[-0.046671,51.6742675],[-0.0463964,51.6751642],[-0.0462628,51.6755859],[-0.0461553,51.6759362],[-0.0460549,51.6762582],[-0.0459669,51.6765384],[-0.0458869,51.6767886],[-0.045808,51.6770602],[-0.0457143,51.6773505],[-0.0456198,51.6776611],[-0.0455049,51.6780241],[-0.045415,51.6783158],[-0.0453122,51.6786447],[-0.0452066,51.678982],[-0.04513,51.6792246],[-0.0450092,51.67962],[-0.0449144,51.6799206],[-0.0448083,51.6802317],[-0.0447005,51.6805329],[-0.0446299,51.6807249],[-0.0445934,51.6808202],[-0.0444656,51.6811417],[-0.0442674,51.6816029],[-0.0441584,51.6818522],[-0.0440243,51.6821435],[-0.0439146,51.6823653],[-0.0438236,51.6825482],[-0.0435318,51.6831288],[-0.0434566,51.6832702],[-0.0433591,51.683453],[-0.0432627,51.683626],[-0.0431521,51.683823],[-0.0430539,51.6839856],[-0.0429362,51.6841881],[-0.0428249,51.68437],[-0.0427177,51.6845445],[-0.0426078,51.6847188],[-0.0424908,51.6849008],[-0.0423593,51.6850992],[-0.042224,51.685305],[-0.0420718,51.6855227],[-0.0418988,51.6857724],[-0.0417541,51.6859729],[-0.0416271,51.6861481],[-0.0415146,51.6863033],[-0.04135,51.6865165],[-0.041188,51.6867283],[-0.0410293,51.6869337],[-0.0408718,51.6871273],[-0.0407504,51.6872766],[-0.0406333,51.6874233],[-0.0404657,51.6876168],[-0.0403186,51.6877885],[-0.0401598,51.6879712],[-0.0400201,51.6881281],[-0.0398569,51.6883088],[-0.0396854,51.6885002],[-0.0395388,51.6886625],[-0.0393524,51.6888666],[-0.0391985,51.6890384],[-0.0390682,51.6891818],[-0.038875,51.6893948],[-0.0386197,51.6896791],[-0.0384148,51.6899019],[-0.0382279,51.6900994],[-0.0380472,51.6902785],[-0.0378702,51.69044],[-0.0377289,51.6905688],[-0.0375535,51.6907188],[-0.0373849,51.6908508],[-0.0371908,51.691008],[-0.037014,51.6911399],[-0.0368756,51.6912367],[-0.036746,51.6913285],[-0.0365379,51.6914622],[-0.0363892,51.6915514],[-0.0362333,51.6916412],[-0.0359349,51.6918037],[-0.0357086,51.6919233],[-0.0355642,51.6919962],[-0.0354117,51.6920691],[-0.0352347,51.6921507],[-0.0349608,51.6922734],[-0.0346451,51.6924038],[-0.0340897,51.6926239],[-0.0337928,51.6927419],[-0.0334638,51.6928675],[-0.0330257,51.6930307],[-0.0325992,51.6931969],[-0.0322979,51.693312],[-0.0319855,51.693435],[-0.0316943,51.6935547],[-0.0314289,51.6936696],[-0.0311373,51.6938025],[-0.0309644,51.6938817],[-0.030895,51.6939132],[-0.0307024,51.6940042],[-0.0304423,51.6941313],[-0.0301903,51.6942602],[-0.0299431,51.6943951],[-0.0296964,51.6945326],[-0.0294889,51.6946541],[-0.0292301,51.6948102],[-0.0290121,51.6949418],[-0.0287419,51.6951141],[-0.0285206,51.6952629],[-0.0282934,51.6954212],[-0.0281044,51.695559],[-0.0278785,51.6957261],[-0.0276114,51.6959375],[-0.0273848,51.6961259],[-0.0271899,51.6963],[-0.0269815,51.6964905],[-0.0267666,51.6966916],[-0.0265513,51.6969048],[-0.0263568,51.697094],[-0.0261592,51.6972901],[-0.0258866,51.6975607],[-0.0256455,51.6978058],[-0.0254454,51.6980052],[-0.0251876,51.6982609]],[[-0.0622971,51.6283457],[-0.0624617,51.6286954],[-0.0625344,51.6288477],[-0.0626004,51.6289859],[-0.0626939,51.6291686],[-0.0627884,51.6293426],[-0.062857,51.629463],[-0.0630063,51.6297126],[-0.0631613,51.6299621],[-0.0632996,51.6301853],[-0.0634543,51.6304335],[-0.0635685,51.6306206],[-0.0637124,51.6308525],[-0.0638747,51.6311234],[-0.0640073,51.6313487],[-0.0641086,51.6315325],[-0.0641962,51.6317048],[-0.0642792,51.6318716],[-0.0643498,51.6320284],[-0.0644172,51.6321834],[-0.0644675,51.6323036],[-0.064526,51.6324607],[-0.0645621,51.6325639],[-0.0646332,51.6327736],[-0.0646978,51.6329798],[-0.0647602,51.6332118],[-0.0648179,51.6334577],[-0.0648594,51.633658],[-0.0648762,51.6337621],[-0.0648909,51.6338691]],[[-0.0622971,51.6283457],[-0.0624617,51.6286954],[-0.0625344,51.6288477],[-0.0626004,51.6289859],[-0.0626939,51.6291686],[-0.0627884,51.6293426],[-0.062857,51.629463],[-0.0630063,51.6297126],[-0.0631613,51.6299621],[-0.0632996,51.6301853],[-0.0634543,51.6304335],[-0.0635685,51.6306206],[-0.0637124,51.6308525],[-0.0638747,51.6311234],[-0.0640073,51.6313487],[-0.0641086,51.6315325],[-0.0641962,51.6317048],[-0.0642792,51.6318716],[-0.0643498,51.6320284],[-0.0644172,51.6321834],[-0.0644675,51.6323036],[-0.064526,51.6324607],[-0.0645621,51.6325639],[-0.0646332,51.6327736],[-0.0646978,51.6329798],[-0.0647602,51.6332118],[-0.0648179,51.6334577],[-0.0648594,51.633658],[-0.0648762,51.6337621],[-0.0648909,51.6338691]],[[-0.0251876,51.6982609],[-0.0254056,51.6979873],[-0.0255997,51.6977943],[-0.0258427,51.6975491],[-0.0261219,51.6972702],[-0.026315,51.6970795],[-0.0265043,51.6968915],[-0.0267319,51.6966709],[-0.0269394,51.6964738],[-0.0271513,51.6962802],[-0.0273498,51.696106],[-0.0275756,51.6959172],[-0.0278417,51.6957089],[-0.028065,51.69554],[-0.0282542,51.695404],[-0.0284844,51.6952425],[-0.0287075,51.6950928],[-0.0289736,51.6949195],[-0.0291927,51.6947902],[-0.0294491,51.6946319],[-0.0296648,51.6945089],[-0.029909,51.69437],[-0.0301611,51.6942344],[-0.0304157,51.694106],[-0.0306682,51.6939799],[-0.0308661,51.6938877],[-0.0309346,51.6938554],[-0.0311119,51.6937733],[-0.0314091,51.6936401],[-0.0316816,51.693523],[-0.0319556,51.693409],[-0.0322705,51.6932839],[-0.0325619,51.693171],[-0.033,51.6930039],[-0.0334414,51.6928367],[-0.0337611,51.6927138],[-0.0340628,51.6925978],[-0.0346186,51.6923781],[-0.0349399,51.6922456],[-0.0352191,51.6921202],[-0.0353878,51.6920405],[-0.0355314,51.6919723],[-0.0356942,51.6918904],[-0.0359249,51.6917699],[-0.036196,51.6916207],[-0.0363577,51.6915279],[-0.0365044,51.6914387],[-0.0367089,51.6913052],[-0.0368404,51.6912162],[-0.0369921,51.6911103],[-0.0371566,51.6909851],[-0.0373435,51.6908327],[-0.0375133,51.6906999],[-0.0376879,51.6905525],[-0.0378205,51.690433],[-0.0380007,51.6902671],[-0.0381663,51.6901],[-0.0383704,51.6898902],[-0.0385689,51.6896732],[-0.0388261,51.6893878],[-0.0390247,51.6891667],[-0.0391456,51.6890327],[-0.0393027,51.688859],[-0.0394976,51.6886439],[-0.0396444,51.6884833],[-0.0398132,51.6882954],[-0.0399732,51.6881145],[-0.0401172,51.687956],[-0.0402743,51.6877757],[-0.0404237,51.6876036],[-0.0405882,51.6874087],[-0.0407034,51.6872667],[-0.0408134,51.6871309],[-0.0408282,51.6871138],[-0.0409814,51.6869238],[-0.0411395,51.6867195],[-0.0413025,51.6865065],[-0.0414635,51.6862973],[-0.0415802,51.686137],[-0.0417108,51.6859583],[-0.0418498,51.6857635],[-0.0420255,51.6855128],[-0.0421723,51.6853008],[-0.0423106,51.6850919],[-0.0424459,51.6848853],[-0.0425644,51.684704],[-0.0426707,51.6845356],[-0.0427795,51.6843571],[-0.0428899,51.684177],[-0.0430084,51.6839763],[-0.0431047,51.683811],[-0.0432148,51.6836155],[-0.0433114,51.683443],[-0.0434076,51.6832634],[-0.0434746,51.6831244],[-0.0437709,51.6825476],[-0.0438674,51.6823588],[-0.0439744,51.6821371],[-0.0441169,51.6818312],[-0.0442213,51.6815949],[-0.0444143,51.6811373],[-0.0445333,51.6808381],[-0.0445789,51.6807204],[-0.0446513,51.6805265],[-0.044762,51.6802201],[-0.0448627,51.6799172],[-0.0449573,51.6796158],[-0.0450864,51.679227],[-0.045158,51.6789854],[-0.0452652,51.6786402],[-0.0453651,51.6783085],[-0.0454541,51.6780197],[-0.0455745,51.6776433],[-0.045664,51.6773491],[-0.0457549,51.677062],[-0.045839,51.6767848],[-0.0459213,51.6765324],[-0.0460004,51.6762701],[-0.0461056,51.6759342],[-0.0462147,51.6755813],[-0.0463461,51.6751591],[-0.0466258,51.6742623],[-0.0470925,51.6727635],[-0.0471252,51.6726503],[-0.0472792,51.6721449],[-0.04756,51.67124],[-0.0475885,51.67115],[-0.0482585,51.6690119],[-0.0483502,51.6687143],[-0.0484461,51.6684063],[-0.0485293,51.6681262],[-0.0485941,51.6678992],[-0.0486694,51.6676277],[-0.0487426,51.6673419],[-0.0487905,51.6671524],[-0.0488348,51.6669642],[-0.0488986,51.6666963],[-0.0489434,51.6664781],[-0.0489887,51.6662462],[-0.0490301,51.6660398],[-0.0490793,51.6657293],[-0.0491145,51.6655107],[-0.0491619,51.6651665],[-0.0492021,51.664846],[-0.0492325,51.6645521],[-0.0492488,51.6643296],[-0.0492686,51.6640801],[-0.0492888,51.6637655],[-0.0492965,51.6635534],[-0.0493025,51.6633699],[-0.0493115,51.6628288],[-0.0493378,51.6605716],[-0.0493466,51.660202],[-0.0493714,51.6598114],[-0.0493807,51.6596773],[-0.0493932,51.659565],[-0.049407,51.6594449],[-0.0494276,51.6592929],[-0.0494616,51.6590645],[-0.0495046,51.6588285],[-0.0495457,51.6586137],[-0.0495842,51.6584476],[-0.0496247,51.6582868],[-0.0496735,51.6580968],[-0.0497433,51.6578431],[-0.0497929,51.657668],[-0.0498685,51.657415],[-0.0503592,51.6557265],[-0.0504713,51.6553414],[-0.0522886,51.6491152],[-0.0523353,51.648958],[-0.0524105,51.6487042],[-0.052495,51.6484058],[-0.0525622,51.6481762],[-0.0526684,51.6478153],[-0.0527247,51.647624],[-0.0528254,51.6472755],[-0.0528839,51.647072],[-0.0529747,51.6467603],[-0.0530692,51.646437],[-0.0531222,51.646252],[-0.0531634,51.6461098],[-0.0532143,51.6459379],[-0.0532623,51.6457709],[-0.0533099,51.6456225],[-0.0533549,51.6454677],[-0.0534054,51.6453113],[-0.0534676,51.6451458],[-0.0535168,51.6450215],[-0.0535776,51.6448806],[-0.0536421,51.6447333],[-0.0537167,51.6445826],[-0.0538243,51.6443801],[-0.0538669,51.6443039],[-0.0539348,51.6441967],[-0.054019,51.6440663],[-0.0541335,51.6439008],[-0.0542713,51.6437155],[-0.0544151,51.6435289],[-0.0545698,51.6433478],[-0.0547546,51.6431439],[-0.0549345,51.6429577],[-0.0551103,51.642787],[-0.0552713,51.642641],[-0.0555001,51.6424441],[-0.0556973,51.6422843],[-0.055931,51.6421034],[-0.0561738,51.6419314],[-0.0563996,51.6417801],[-0.0566229,51.6416393],[-0.0568644,51.6414928],[-0.0571214,51.6413429],[-0.0575189,51.6411157],[-0.0606069,51.6393579],[-0.0608966,51.6391949],[-0.0611785,51.6390339],[-0.0614196,51.6388949],[-0.0616491,51.6387592],[-0.0618597,51.6386266],[-0.062024,51.6385191],[-0.0622276,51.6383812],[-0.0624178,51.6382454],[-0.0625718,51.6381312],[-0.0627345,51.638004],[-0.0628765,51.6378861],[-0.0630477,51.6377382],[-0.0631757,51.6376182],[-0.0634022,51.6373897],[-0.0635623,51.6372156],[-0.0637334,51.6370049],[-0.0638609,51.6368308],[-0.063984,51.6366446],[-0.0640943,51.6364667],[-0.0641946,51.6362927],[-0.0643049,51.6360978],[-0.0643954,51.6359228],[-0.0644955,51.6357175],[-0.0645979,51.6354821],[-0.064663,51.6353173],[-0.0647182,51.6351593],[-0.0647612,51.6350045],[-0.0648068,51.6348146],[-0.0648349,51.6346267],[-0.0648439,51.6345043],[-0.0648545,51.6343257],[-0.0648534,51.6341232],[-0.0648482,51.6340327],[-0.0648397,51.6338695]],[[-0.0648397,51.6338695],[-0.0648261,51.6337761],[-0.0648074,51.63366],[-0.0647692,51.6334617],[-0.0647141,51.6332233],[-0.0646526,51.6329972],[-0.0645892,51.632786],[-0.0645144,51.6325677],[-0.064476,51.6324675],[-0.0644144,51.6323094],[-0.0643671,51.6321886],[-0.0643019,51.6320379],[-0.0642286,51.6318783],[-0.0641469,51.6317094],[-0.0640589,51.63154],[-0.0639501,51.6313455],[-0.0638249,51.6311303],[-0.0636662,51.6308656],[-0.0635213,51.6306306],[-0.0634063,51.6304444],[-0.0632534,51.6301969],[-0.0631217,51.6299831],[-0.0629606,51.6297235],[-0.0628076,51.6294741],[-0.062741,51.6293517],[-0.0626459,51.6291747],[-0.0625524,51.6289954],[-0.0624851,51.6288561],[-0.0624123,51.6287024],[-0.0622433,51.6283422]],[[-0.0648397,51.6338695],[-0.0648261,51.6337761],[-0.0648074,51.63366],[-0.0647692,51.6334617],[-0.0647141,51.6332233],[-0.0646526,51.6329972],[-0.0645892,51.632786],[-0.0645144,51.6325677],[-0.064476,51.6324675],[-0.0644144,51.6323094],[-0.0643671,51.6321886],[-0.0643019,51.6320379],[-0.0642286,51.6318783],[-0.0641469,51.6317094],[-0.0640589,51.63154],[-0.0639501,51.6313455],[-0.0638249,51.6311303],[-0.0636662,51.6308656],[-0.0635213,51.6306306],[-0.0634063,51.6304444],[-0.0632534,51.6301969],[-0.0631217,51.6299831],[-0.0629606,51.6297235],[-0.0628076,51.6294741],[-0.062741,51.6293517],[-0.0626459,51.6291747],[-0.0625524,51.6289954],[-0.0624851,51.6288561],[-0.0624123,51.6287024],[-0.0622433,51.6283422]],[[-0.0643008,51.523668],[-0.0641076,51.5236814],[-0.0636592,51.5237139],[-0.0634809,51.5237269],[-0.0633844,51.5237335],[-0.0632892,51.5237385],[-0.0631727,51.5237447],[-0.0630344,51.5237529],[-0.0627668,51.5237669],[-0.0626392,51.5237732],[-0.0625011,51.5237794],[-0.0622361,51.5237881],[-0.0620258,51.5237952],[-0.0619066,51.5237999],[-0.0617833,51.5238046],[-0.0616411,51.5238108],[-0.061508,51.5238164],[-0.0613633,51.5238243],[-0.0611909,51.5238344]],[[-0.0643008,51.523668],[-0.0641076,51.5236814],[-0.0636592,51.5237139],[-0.0634809,51.5237269],[-0.0633844,51.5237335],[-0.0632892,51.5237385],[-0.0631727,51.5237447],[-0.0630344,51.5237529],[-0.0627668,51.5237669],[-0.0626392,51.5237732],[-0.0625011,51.5237794],[-0.0622361,51.5237881],[-0.0620258,51.5237952],[-0.0619066,51.5237999],[-0.0617833,51.5238046],[-0.0616411,51.5238108],[-0.061508,51.5238164],[-0.0613633,51.5238243],[-0.0611909,51.5238344]],[[-0.0643008,51.523668],[-0.0641076,51.5236814],[-0.0636592,51.5237139],[-0.0634809,51.5237269],[-0.0633844,51.5237335],[-0.0632892,51.5237385],[-0.0631727,51.5237447],[-0.0630344,51.5237529],[-0.0627668,51.5237669],[-0.0626392,51.5237732],[-0.0625011,51.5237794],[-0.0622361,51.5237881],[-0.0620258,51.5237952],[-0.0619066,51.5237999],[-0.0617833,51.5238046],[-0.0616411,51.5238108],[-0.061508,51.5238164],[-0.0613633,51.5238243],[-0.0611909,51.5238344]],[[-0.0619183,51.5237698],[-0.0620392,51.523765],[-0.0622197,51.5237593],[-0.0624078,51.5237524],[-0.0625115,51.5237486],[-0.0626121,51.5237441],[-0.0629158,51.5237292],[-0.0630646,51.5237212],[-0.0632073,51.5237139],[-0.0633172,51.5237065],[-0.0635208,51.5236927],[-0.0636898,51.5236813],[-0.063979,51.52366],[-0.0641172,51.5236501],[-0.0642976,51.5236367]],[[-0.0619183,51.5237698],[-0.0620392,51.523765],[-0.0622197,51.5237593],[-0.0624078,51.5237524],[-0.0625115,51.5237486],[-0.0626121,51.5237441],[-0.0629158,51.5237292],[-0.0630646,51.5237212],[-0.0632073,51.5237139],[-0.0633172,51.5237065],[-0.0635208,51.5236927],[-0.0636898,51.5236813],[-0.063979,51.52366],[-0.0641172,51.5236501],[-0.0642976,51.5236367]],[[-0.0619183,51.5237698],[-0.0620392,51.523765],[-0.0622197,51.5237593],[-0.0624078,51.5237524],[-0.0625115,51.5237486],[-0.0626121,51.5237441],[-0.0629158,51.5237292],[-0.0630646,51.5237212],[-0.0632073,51.5237139],[-0.0633172,51.5237065],[-0.0635208,51.5236927],[-0.0636898,51.5236813],[-0.063979,51.52366],[-0.0641172,51.5236501],[-0.0642976,51.5236367]],[[-0.0638547,51.5518599],[-0.0640027,51.5519602]],[[-0.0638547,51.5518599],[-0.0640027,51.5519602]],[[-0.0639452,51.551968],[-0.0637955,51.5518669]],[[-0.0639452,51.551968],[-0.0637955,51.5518669]],[[-0.0628805,51.5512557],[-0.0631885,51.5514518],[-0.0633747,51.5515652],[-0.0637149,51.5517694],[-0.0638547,51.5518599]],[[-0.0628805,51.5512557],[-0.0631885,51.5514518],[-0.0633747,51.5515652],[-0.0637149,51.5517694],[-0.0638547,51.5518599]],[[-0.0637955,51.5518669],[-0.0636794,51.5517919],[-0.0628446,51.5512805]],[[-0.0637955,51.5518669],[-0.0636794,51.5517919],[-0.0628446,51.5512805]],[[-0.0617348,51.5504096],[-0.0617863,51.5504672],[-0.0618509,51.5505351],[-0.0619086,51.5505925],[-0.0619702,51.5506509],[-0.0620317,51.5507035],[-0.0621262,51.5507762],[-0.0622215,51.5508439],[-0.0623153,51.5509082],[-0.062419,51.5509723],[-0.0625352,51.5510456],[-0.0628805,51.5512557]],[[-0.0617348,51.5504096],[-0.0617863,51.5504672],[-0.0618509,51.5505351],[-0.0619086,51.5505925],[-0.0619702,51.5506509],[-0.0620317,51.5507035],[-0.0621262,51.5507762],[-0.0622215,51.5508439],[-0.0623153,51.5509082],[-0.062419,51.5509723],[-0.0625352,51.5510456],[-0.0628805,51.5512557]],[[-0.0628446,51.5512805],[-0.0625021,51.5510709],[-0.0623873,51.5509987],[-0.0622763,51.5509278],[-0.0621743,51.5508592],[-0.0620872,51.5507959],[-0.0619946,51.550726],[-0.0619287,51.5506697],[-0.0618683,51.550614],[-0.0618101,51.5505549],[-0.0617439,51.5504841],[-0.0616888,51.5504245]],[[-0.0628446,51.5512805],[-0.0625021,51.5510709],[-0.0623873,51.5509987],[-0.0622763,51.5509278],[-0.0621743,51.5508592],[-0.0620872,51.5507959],[-0.0619946,51.550726],[-0.0619287,51.5506697],[-0.0618683,51.550614],[-0.0618101,51.5505549],[-0.0617439,51.5504841],[-0.0616888,51.5504245]],[[-0.0628226,51.6221583],[-0.0628053,51.622188]],[[-0.0628226,51.6221583],[-0.0628053,51.622188]],[[-0.0628053,51.622188],[-0.0621135,51.6233572]],[[-0.0628053,51.622188],[-0.0621135,51.6233572]],[[-0.0627537,51.6221845],[-0.0627714,51.6221545]],[[-0.0627537,51.6221845],[-0.0627714,51.6221545]],[[-0.0620657,51.6233479],[-0.0627537,51.6221845]],[[-0.0620657,51.6233479],[-0.0627537,51.6221845]],[[-0.0622291,51.6282097],[-0.0622971,51.6283457]],[[-0.0622291,51.6282097],[-0.0622971,51.6283457]],[[-0.0622433,51.6283422],[-0.0621755,51.6282069]],[[-0.0622433,51.6283422],[-0.0621755,51.6282069]],[[-0.0615749,51.6270843],[-0.0617749,51.6274224],[-0.0618941,51.6276203],[-0.0619914,51.6277841],[-0.0620949,51.627963],[-0.0621766,51.6281099],[-0.0622291,51.6282097]],[[-0.0615749,51.6270843],[-0.0617749,51.6274224],[-0.0618941,51.6276203],[-0.0619914,51.6277841],[-0.0620949,51.627963],[-0.0621766,51.6281099],[-0.0622291,51.6282097]],[[-0.0621755,51.6282069],[-0.0621227,51.6281065],[-0.0620475,51.6279724],[-0.0619436,51.6277959],[-0.0618507,51.6276421],[-0.0617383,51.6274459],[-0.0615273,51.6270931]],[[-0.0621755,51.6282069],[-0.0621227,51.6281065],[-0.0620475,51.6279724],[-0.0619436,51.6277959],[-0.0618507,51.6276421],[-0.0617383,51.6274459],[-0.0615273,51.6270931]],[[-0.0621135,51.6233572],[-0.0620713,51.6234281]],[[-0.0621135,51.6233572],[-0.0620713,51.6234281]],[[-0.0620713,51.6234281],[-0.0619708,51.6235913],[-0.0618081,51.6238604]],[[-0.0620713,51.6234281],[-0.0619708,51.6235913],[-0.0618081,51.6238604]],[[-0.062023,51.6234197],[-0.0620657,51.6233479]],[[-0.062023,51.6234197],[-0.0620657,51.6233479]],[[-0.061761,51.62385],[-0.061923,51.623583],[-0.062023,51.6234197]],[[-0.061761,51.62385],[-0.061923,51.623583],[-0.062023,51.6234197]],[[-0.0586682,51.5240171],[-0.0587578,51.5240058],[-0.0588491,51.5239948],[-0.0589693,51.5239817],[-0.0590917,51.52397],[-0.059175,51.5239619],[-0.0592703,51.5239529],[-0.059443,51.5239384],[-0.059755,51.5239121],[-0.0599048,51.5239002],[-0.0600714,51.5238864],[-0.0602168,51.5238754],[-0.0604117,51.5238612],[-0.0605511,51.5238505],[-0.0607264,51.5238371],[-0.0609006,51.5238254],[-0.0611741,51.523806],[-0.0613,51.5237981],[-0.0614158,51.5237918],[-0.0619183,51.5237698]],[[-0.0586682,51.5240171],[-0.0587578,51.5240058],[-0.0588491,51.5239948],[-0.0589693,51.5239817],[-0.0590917,51.52397],[-0.059175,51.5239619],[-0.0592703,51.5239529],[-0.059443,51.5239384],[-0.059755,51.5239121],[-0.0599048,51.5239002],[-0.0600714,51.5238864],[-0.0602168,51.5238754],[-0.0604117,51.5238612],[-0.0605511,51.5238505],[-0.0607264,51.5238371],[-0.0609006,51.5238254],[-0.0611741,51.523806],[-0.0613,51.5237981],[-0.0614158,51.5237918],[-0.0619183,51.5237698]],[[-0.0586682,51.5240171],[-0.0587578,51.5240058],[-0.0588491,51.5239948],[-0.0589693,51.5239817],[-0.0590917,51.52397],[-0.059175,51.5239619],[-0.0592703,51.5239529],[-0.059443,51.5239384],[-0.059755,51.5239121],[-0.0599048,51.5239002],[-0.0600714,51.5238864],[-0.0602168,51.5238754],[-0.0604117,51.5238612],[-0.0605511,51.5238505],[-0.0607264,51.5238371],[-0.0609006,51.5238254],[-0.0611741,51.523806],[-0.0613,51.5237981],[-0.0614158,51.5237918],[-0.0619183,51.5237698]],[[-0.0618081,51.6238604],[-0.0616589,51.6241117],[-0.0615214,51.6243399],[-0.0614684,51.6244303],[-0.0614085,51.624536],[-0.0613726,51.6246063],[-0.0613468,51.6246631],[-0.0613151,51.6247471],[-0.0612702,51.6248677],[-0.0612349,51.6249696],[-0.0611989,51.6250963],[-0.0611647,51.6252416]],[[-0.0618081,51.6238604],[-0.0616589,51.6241117],[-0.0615214,51.6243399],[-0.0614684,51.6244303],[-0.0614085,51.624536],[-0.0613726,51.6246063],[-0.0613468,51.6246631],[-0.0613151,51.6247471],[-0.0612702,51.6248677],[-0.0612349,51.6249696],[-0.0611989,51.6250963],[-0.0611647,51.6252416]],[[-0.0611152,51.6252375],[-0.061149,51.6250917],[-0.0611871,51.6249625],[-0.0612307,51.6248383],[-0.0612691,51.6247375],[-0.0613181,51.6246233],[-0.0613634,51.6245271],[-0.0614172,51.6244289],[-0.0614958,51.6242958],[-0.0616114,51.6241014],[-0.061761,51.62385]],[[-0.0611152,51.6252375],[-0.061149,51.6250917],[-0.0611871,51.6249625],[-0.0612307,51.6248383],[-0.0612691,51.6247375],[-0.0613181,51.6246233],[-0.0613634,51.6245271],[-0.0614172,51.6244289],[-0.0614958,51.6242958],[-0.0616114,51.6241014],[-0.061761,51.62385]],[[-0.061372,51.5498099],[-0.0614028,51.5498813],[-0.0614273,51.5499405],[-0.0614476,51.5499854],[-0.0614825,51.5500528],[-0.061517,51.5501121],[-0.0615579,51.550176],[-0.061603,51.5502448],[-0.0616597,51.5503197],[-0.0617348,51.5504096]],[[-0.061372,51.5498099],[-0.0614028,51.5498813],[-0.0614273,51.5499405],[-0.0614476,51.5499854],[-0.0614825,51.5500528],[-0.061517,51.5501121],[-0.0615579,51.550176],[-0.061603,51.5502448],[-0.0616597,51.5503197],[-0.0617348,51.5504096]],[[-0.0616888,51.5504245],[-0.0616145,51.5503311],[-0.0615514,51.550249],[-0.0614947,51.5501629],[-0.0614403,51.5500728],[-0.0613997,51.5499954],[-0.0613749,51.5499401],[-0.0613509,51.5498857],[-0.0613168,51.5498035]],[[-0.0616888,51.5504245],[-0.0616145,51.5503311],[-0.0615514,51.550249],[-0.0614947,51.5501629],[-0.0614403,51.5500728],[-0.0613997,51.5499954],[-0.0613749,51.5499401],[-0.0613509,51.5498857],[-0.0613168,51.5498035]],[[-0.0611647,51.6252416],[-0.0611487,51.6253312],[-0.0611362,51.625421],[-0.0611284,51.6255166],[-0.0611239,51.6256141],[-0.0611252,51.6257165],[-0.0611335,51.6258117],[-0.0611437,51.6259135],[-0.0611549,51.6260157],[-0.061176,51.6261305],[-0.0612025,51.6262539],[-0.0612481,51.6263916],[-0.061296,51.6265298],[-0.0613584,51.6266756],[-0.0614165,51.6267986],[-0.061492,51.6269354],[-0.0615749,51.6270843]],[[-0.0611647,51.6252416],[-0.0611487,51.6253312],[-0.0611362,51.625421],[-0.0611284,51.6255166],[-0.0611239,51.6256141],[-0.0611252,51.6257165],[-0.0611335,51.6258117],[-0.0611437,51.6259135],[-0.0611549,51.6260157],[-0.061176,51.6261305],[-0.0612025,51.6262539],[-0.0612481,51.6263916],[-0.061296,51.6265298],[-0.0613584,51.6266756],[-0.0614165,51.6267986],[-0.061492,51.6269354],[-0.0615749,51.6270843]],[[-0.0615273,51.6270931],[-0.0614438,51.6269451],[-0.0613705,51.6268084],[-0.0613123,51.6266881],[-0.0612471,51.6265345],[-0.0611982,51.6263997],[-0.0611566,51.6262587],[-0.0611246,51.6261279],[-0.0611055,51.6260199],[-0.0610911,51.6259153],[-0.0610829,51.625815],[-0.0610762,51.6257186],[-0.0610747,51.6256112],[-0.0610789,51.625511],[-0.061087,51.625417],[-0.0610993,51.6253292],[-0.0611152,51.6252375]],[[-0.0615273,51.6270931],[-0.0614438,51.6269451],[-0.0613705,51.6268084],[-0.0613123,51.6266881],[-0.0612471,51.6265345],[-0.0611982,51.6263997],[-0.0611566,51.6262587],[-0.0611246,51.6261279],[-0.0611055,51.6260199],[-0.0610911,51.6259153],[-0.0610829,51.625815],[-0.0610762,51.6257186],[-0.0610747,51.6256112],[-0.0610789,51.625511],[-0.061087,51.625417],[-0.0610993,51.6253292],[-0.0611152,51.6252375]],[[-0.061356,51.5497648],[-0.061372,51.5498099]],[[-0.061356,51.5497648],[-0.061372,51.5498099]],[[-0.0612936,51.5495802],[-0.061356,51.5497648]],[[-0.0612936,51.5495802],[-0.061356,51.5497648]],[[-0.0613168,51.5498035],[-0.0612998,51.5497563]],[[-0.0613168,51.5498035],[-0.0612998,51.5497563]],[[-0.0612998,51.5497563],[-0.0612401,51.5495729]],[[-0.0612998,51.5497563],[-0.0612401,51.5495729]],[[-0.0600779,51.5475767],[-0.0602717,51.5478663],[-0.0603431,51.5479685],[-0.0604848,51.5481745],[-0.0609527,51.5488503],[-0.0611356,51.5491233],[-0.0611781,51.549196],[-0.0612121,51.5492604],[-0.0612434,51.5493387],[-0.0612645,51.5494369],[-0.0612936,51.5495802]],[[-0.0600779,51.5475767],[-0.0602717,51.5478663],[-0.0603431,51.5479685],[-0.0604848,51.5481745],[-0.0609527,51.5488503],[-0.0611356,51.5491233],[-0.0611781,51.549196],[-0.0612121,51.5492604],[-0.0612434,51.5493387],[-0.0612645,51.5494369],[-0.0612936,51.5495802]],[[-0.0612401,51.5495729],[-0.0612161,51.5494424],[-0.0611922,51.549345],[-0.0611604,51.5492696],[-0.0611315,51.5492061],[-0.061093,51.5491377],[-0.0609106,51.5488614],[-0.060443,51.5481871],[-0.0603011,51.5479824],[-0.060232,51.5478762],[-0.060031,51.5475893]],[[-0.0612401,51.5495729],[-0.0612161,51.5494424],[-0.0611922,51.549345],[-0.0611604,51.5492696],[-0.0611315,51.5492061],[-0.061093,51.5491377],[-0.0609106,51.5488614],[-0.060443,51.5481871],[-0.0603011,51.5479824],[-0.060232,51.5478762],[-0.060031,51.5475893]],[[-0.0611909,51.5238344],[-0.0608967,51.5238545],[-0.0607003,51.5238686],[-0.0604909,51.5238841],[-0.0602086,51.5239063],[-0.0600109,51.5239223],[-0.0598122,51.5239389],[-0.0596347,51.5239523],[-0.0595268,51.523962],[-0.0593854,51.5239747],[-0.0592469,51.5239876],[-0.0591108,51.5239994],[-0.0589845,51.5240122],[-0.0588547,51.5240259],[-0.0587378,51.5240394],[-0.0586293,51.5240536]],[[-0.0611909,51.5238344],[-0.0608967,51.5238545],[-0.0607003,51.5238686],[-0.0604909,51.5238841],[-0.0602086,51.5239063],[-0.0600109,51.5239223],[-0.0598122,51.5239389],[-0.0596347,51.5239523],[-0.0595268,51.523962],[-0.0593854,51.5239747],[-0.0592469,51.5239876],[-0.0591108,51.5239994],[-0.0589845,51.5240122],[-0.0588547,51.5240259],[-0.0587378,51.5240394],[-0.0586293,51.5240536]],[[-0.0611909,51.5238344],[-0.0608967,51.5238545],[-0.0607003,51.5238686],[-0.0604909,51.5238841],[-0.0602086,51.5239063],[-0.0600109,51.5239223],[-0.0598122,51.5239389],[-0.0596347,51.5239523],[-0.0595268,51.523962],[-0.0593854,51.5239747],[-0.0592469,51.5239876],[-0.0591108,51.5239994],[-0.0589845,51.5240122],[-0.0588547,51.5240259],[-0.0587378,51.5240394],[-0.0586293,51.5240536]],[[-0.0599403,51.5473747],[-0.0600779,51.5475767]],[[-0.0599403,51.5473747],[-0.0600779,51.5475767]],[[-0.060031,51.5475893],[-0.0598952,51.5473865]],[[-0.060031,51.5475893],[-0.0598952,51.5473865]],[[-0.0597127,51.5470386],[-0.0599403,51.5473747]],[[-0.0597127,51.5470386],[-0.0599403,51.5473747]],[[-0.0598952,51.5473865],[-0.0596597,51.5470377]],[[-0.0598952,51.5473865],[-0.0596597,51.5470377]],[[-0.0594242,51.5465712],[-0.0597127,51.5470386]],[[-0.0594242,51.5465712],[-0.0597127,51.5470386]],[[-0.0596597,51.5470377],[-0.0593734,51.5465749]],[[-0.0596597,51.5470377],[-0.0593734,51.5465749]],[[-0.059331,51.5464082],[-0.0594242,51.5465712]],[[-0.059331,51.5464082],[-0.0594242,51.5465712]],[[-0.0593734,51.5465749],[-0.0592778,51.5464124]],[[-0.0593734,51.5465749],[-0.0592778,51.5464124]],[[-0.0589803,51.5457633],[-0.0590873,51.545968],[-0.059331,51.5464082]],[[-0.0589803,51.5457633],[-0.0590873,51.545968],[-0.059331,51.5464082]],[[-0.0589282,51.545759],[-0.0590417,51.5459777],[-0.0592778,51.5464124]],[[-0.0589282,51.545759],[-0.0590417,51.5459777],[-0.0592778,51.5464124]],[[-0.058885,51.5455596],[-0.0589803,51.5457633]],[[-0.058885,51.5455596],[-0.0589803,51.5457633]],[[-0.0589282,51.545759],[-0.0588387,51.5455668]],[[-0.0589282,51.545759],[-0.0588387,51.5455668]],[[-0.0583909,51.5444294],[-0.0584534,51.544552],[-0.0585555,51.5447679],[-0.0588091,51.5453528],[-0.058885,51.5455596]],[[-0.0583909,51.5444294],[-0.0584534,51.544552],[-0.0585555,51.5447679],[-0.0588091,51.5453528],[-0.058885,51.5455596]],[[-0.0588387,51.5455668],[-0.0587811,51.5454093],[-0.0586912,51.5451929],[-0.058581,51.5449566],[-0.0585076,51.5447751],[-0.0583848,51.5445207],[-0.0583521,51.5444354]],[[-0.0588387,51.5455668],[-0.0587811,51.5454093],[-0.0586912,51.5451929],[-0.058581,51.5449566],[-0.0585076,51.5447751],[-0.0583848,51.5445207],[-0.0583521,51.5444354]],[[-0.0562804,51.5261424],[-0.0562731,51.526024],[-0.0562726,51.5259057],[-0.0562733,51.5258143],[-0.0562774,51.5257215],[-0.056284,51.525651],[-0.0562959,51.5255735],[-0.0563055,51.5255315],[-0.0563175,51.5254864],[-0.0563305,51.525444],[-0.0563469,51.5254003],[-0.0563704,51.5253451],[-0.0563968,51.5252849],[-0.0564413,51.5252019],[-0.0564743,51.525146],[-0.0565096,51.5250919],[-0.0565437,51.5250472],[-0.0565817,51.5250006],[-0.0566202,51.5249538],[-0.0566678,51.5249003],[-0.0567059,51.5248598],[-0.0567515,51.5248149],[-0.0568085,51.5247651],[-0.0568692,51.5247153],[-0.0569659,51.5246406],[-0.0570582,51.5245762],[-0.0571256,51.5245308],[-0.0571971,51.5244875],[-0.057305,51.5244266],[-0.0573841,51.524384],[-0.0574658,51.5243445],[-0.0575304,51.5243152],[-0.0576002,51.5242849],[-0.0576435,51.5242683],[-0.0577133,51.524242],[-0.0577835,51.5242162],[-0.0578346,51.5241984],[-0.0579139,51.5241724],[-0.0579907,51.5241504],[-0.0580785,51.5241273],[-0.0581573,51.5241079],[-0.0582535,51.5240855],[-0.0583219,51.524072],[-0.0583725,51.5240629],[-0.0584621,51.5240473],[-0.0585661,51.5240319],[-0.0586682,51.5240171]],[[-0.0562804,51.5261424],[-0.0562731,51.526024],[-0.0562726,51.5259057],[-0.0562733,51.5258143],[-0.0562774,51.5257215],[-0.056284,51.525651],[-0.0562959,51.5255735],[-0.0563055,51.5255315],[-0.0563175,51.5254864],[-0.0563305,51.525444],[-0.0563469,51.5254003],[-0.0563704,51.5253451],[-0.0563968,51.5252849],[-0.0564413,51.5252019],[-0.0564743,51.525146],[-0.0565096,51.5250919],[-0.0565437,51.5250472],[-0.0565817,51.5250006],[-0.0566202,51.5249538],[-0.0566678,51.5249003],[-0.0567059,51.5248598],[-0.0567515,51.5248149],[-0.0568085,51.5247651],[-0.0568692,51.5247153],[-0.0569659,51.5246406],[-0.0570582,51.5245762],[-0.0571256,51.5245308],[-0.0571971,51.5244875],[-0.057305,51.5244266],[-0.0573841,51.524384],[-0.0574658,51.5243445],[-0.0575304,51.5243152],[-0.0576002,51.5242849],[-0.0576435,51.5242683],[-0.0577133,51.524242],[-0.0577835,51.5242162],[-0.0578346,51.5241984],[-0.0579139,51.5241724],[-0.0579907,51.5241504],[-0.0580785,51.5241273],[-0.0581573,51.5241079],[-0.0582535,51.5240855],[-0.0583219,51.524072],[-0.0583725,51.5240629],[-0.0584621,51.5240473],[-0.0585661,51.5240319],[-0.0586682,51.5240171]],[[-0.0562804,51.5261424],[-0.0562731,51.526024],[-0.0562726,51.5259057],[-0.0562733,51.5258143],[-0.0562774,51.5257215],[-0.056284,51.525651],[-0.0562959,51.5255735],[-0.0563055,51.5255315],[-0.0563175,51.5254864],[-0.0563305,51.525444],[-0.0563469,51.5254003],[-0.0563704,51.5253451],[-0.0563968,51.5252849],[-0.0564413,51.5252019],[-0.0564743,51.525146],[-0.0565096,51.5250919],[-0.0565437,51.5250472],[-0.0565817,51.5250006],[-0.0566202,51.5249538],[-0.0566678,51.5249003],[-0.0567059,51.5248598],[-0.0567515,51.5248149],[-0.0568085,51.5247651],[-0.0568692,51.5247153],[-0.0569659,51.5246406],[-0.0570582,51.5245762],[-0.0571256,51.5245308],[-0.0571971,51.5244875],[-0.057305,51.5244266],[-0.0573841,51.524384],[-0.0574658,51.5243445],[-0.0575304,51.5243152],[-0.0576002,51.5242849],[-0.0576435,51.5242683],[-0.0577133,51.524242],[-0.0577835,51.5242162],[-0.0578346,51.5241984],[-0.0579139,51.5241724],[-0.0579907,51.5241504],[-0.0580785,51.5241273],[-0.0581573,51.5241079],[-0.0582535,51.5240855],[-0.0583219,51.524072],[-0.0583725,51.5240629],[-0.0584621,51.5240473],[-0.0585661,51.5240319],[-0.0586682,51.5240171]],[[-0.0586293,51.5240536],[-0.0584973,51.5240739],[-0.0583864,51.524093],[-0.0582978,51.5241103],[-0.0582059,51.5241301],[-0.0581251,51.5241487],[-0.0580456,51.5241702],[-0.0579699,51.5241915],[-0.0578923,51.5242156],[-0.057818,51.5242405],[-0.0577546,51.524263],[-0.0576768,51.5242919],[-0.0576193,51.5243149],[-0.0575662,51.5243373],[-0.0575034,51.5243651],[-0.0574502,51.5243917],[-0.0573688,51.5244329],[-0.0572891,51.5244769],[-0.0572057,51.5245252],[-0.0571286,51.5245747],[-0.057042,51.5246314],[-0.0569692,51.5246857],[-0.0568866,51.5247498],[-0.0568181,51.524807],[-0.0567601,51.5248624],[-0.0567013,51.5249228],[-0.0566372,51.5249971],[-0.0566002,51.5250427],[-0.0565669,51.5250877],[-0.0565394,51.5251283],[-0.0565062,51.5251802],[-0.0564687,51.5252499],[-0.0564322,51.5253246],[-0.0564085,51.5253771],[-0.0563905,51.5254235],[-0.0563715,51.5254766],[-0.0563578,51.525528],[-0.0563426,51.5255956],[-0.0563349,51.5256408],[-0.0563301,51.5256909],[-0.0563244,51.5257594],[-0.0563218,51.5258237],[-0.0563199,51.5258872],[-0.0563217,51.526013],[-0.0563325,51.526143]],[[-0.0586293,51.5240536],[-0.0584973,51.5240739],[-0.0583864,51.524093],[-0.0582978,51.5241103],[-0.0582059,51.5241301],[-0.0581251,51.5241487],[-0.0580456,51.5241702],[-0.0579699,51.5241915],[-0.0578923,51.5242156],[-0.057818,51.5242405],[-0.0577546,51.524263],[-0.0576768,51.5242919],[-0.0576193,51.5243149],[-0.0575662,51.5243373],[-0.0575034,51.5243651],[-0.0574502,51.5243917],[-0.0573688,51.5244329],[-0.0572891,51.5244769],[-0.0572057,51.5245252],[-0.0571286,51.5245747],[-0.057042,51.5246314],[-0.0569692,51.5246857],[-0.0568866,51.5247498],[-0.0568181,51.524807],[-0.0567601,51.5248624],[-0.0567013,51.5249228],[-0.0566372,51.5249971],[-0.0566002,51.5250427],[-0.0565669,51.5250877],[-0.0565394,51.5251283],[-0.0565062,51.5251802],[-0.0564687,51.5252499],[-0.0564322,51.5253246],[-0.0564085,51.5253771],[-0.0563905,51.5254235],[-0.0563715,51.5254766],[-0.0563578,51.525528],[-0.0563426,51.5255956],[-0.0563349,51.5256408],[-0.0563301,51.5256909],[-0.0563244,51.5257594],[-0.0563218,51.5258237],[-0.0563199,51.5258872],[-0.0563217,51.526013],[-0.0563325,51.526143]],[[-0.0586293,51.5240536],[-0.0584973,51.5240739],[-0.0583864,51.524093],[-0.0582978,51.5241103],[-0.0582059,51.5241301],[-0.0581251,51.5241487],[-0.0580456,51.5241702],[-0.0579699,51.5241915],[-0.0578923,51.5242156],[-0.057818,51.5242405],[-0.0577546,51.524263],[-0.0576768,51.5242919],[-0.0576193,51.5243149],[-0.0575662,51.5243373],[-0.0575034,51.5243651],[-0.0574502,51.5243917],[-0.0573688,51.5244329],[-0.0572891,51.5244769],[-0.0572057,51.5245252],[-0.0571286,51.5245747],[-0.057042,51.5246314],[-0.0569692,51.5246857],[-0.0568866,51.5247498],[-0.0568181,51.524807],[-0.0567601,51.5248624],[-0.0567013,51.5249228],[-0.0566372,51.5249971],[-0.0566002,51.5250427],[-0.0565669,51.5250877],[-0.0565394,51.5251283],[-0.0565062,51.5251802],[-0.0564687,51.5252499],[-0.0564322,51.5253246],[-0.0564085,51.5253771],[-0.0563905,51.5254235],[-0.0563715,51.5254766],[-0.0563578,51.525528],[-0.0563426,51.5255956],[-0.0563349,51.5256408],[-0.0563301,51.5256909],[-0.0563244,51.5257594],[-0.0563218,51.5258237],[-0.0563199,51.5258872],[-0.0563217,51.526013],[-0.0563325,51.526143]],[[-0.0580374,51.5344679],[-0.0580462,51.5345381],[-0.0580674,51.5346909],[-0.0580906,51.5348834],[-0.0581156,51.5351011],[-0.0581343,51.5353154],[-0.0581481,51.5355389],[-0.0581643,51.5358317],[-0.0581749,51.5360265],[-0.0581893,51.5362567],[-0.0582018,51.5364721],[-0.0582125,51.5367329],[-0.0582212,51.5369009],[-0.0582375,51.5371233],[-0.0582456,51.5372928],[-0.0582575,51.5375541],[-0.0582706,51.5377683],[-0.0582793,51.5379899],[-0.0582931,51.5382185],[-0.0583106,51.5385291],[-0.0583137,51.5386726],[-0.0583156,51.538879],[-0.0582993,51.5390804],[-0.0582793,51.5392686],[-0.0582562,51.5394599],[-0.0582208,51.5397188],[-0.0581764,51.5399217],[-0.0581255,51.5401092],[-0.0580723,51.5403234],[-0.0580102,51.5405763],[-0.0579493,51.5408112],[-0.0579099,51.5409706],[-0.0578637,51.5411572],[-0.0577822,51.5415199],[-0.0577612,51.5416342],[-0.0577362,51.5417835],[-0.0577199,51.5419184],[-0.0577087,51.542049],[-0.0576999,51.5422752],[-0.0577099,51.5424043],[-0.0577243,51.5425598],[-0.0577612,51.5427888],[-0.0578024,51.542938],[-0.0578587,51.5431351],[-0.058076,51.5437158],[-0.0581631,51.5439167],[-0.0583282,51.5442653],[-0.0583909,51.5444294]],[[-0.0580374,51.5344679],[-0.0580462,51.5345381],[-0.0580674,51.5346909],[-0.0580906,51.5348834],[-0.0581156,51.5351011],[-0.0581343,51.5353154],[-0.0581481,51.5355389],[-0.0581643,51.5358317],[-0.0581749,51.5360265],[-0.0581893,51.5362567],[-0.0582018,51.5364721],[-0.0582125,51.5367329],[-0.0582212,51.5369009],[-0.0582375,51.5371233],[-0.0582456,51.5372928],[-0.0582575,51.5375541],[-0.0582706,51.5377683],[-0.0582793,51.5379899],[-0.0582931,51.5382185],[-0.0583106,51.5385291],[-0.0583137,51.5386726],[-0.0583156,51.538879],[-0.0582993,51.5390804],[-0.0582793,51.5392686],[-0.0582562,51.5394599],[-0.0582208,51.5397188],[-0.0581764,51.5399217],[-0.0581255,51.5401092],[-0.0580723,51.5403234],[-0.0580102,51.5405763],[-0.0579493,51.5408112],[-0.0579099,51.5409706],[-0.0578637,51.5411572],[-0.0577822,51.5415199],[-0.0577612,51.5416342],[-0.0577362,51.5417835],[-0.0577199,51.5419184],[-0.0577087,51.542049],[-0.0576999,51.5422752],[-0.0577099,51.5424043],[-0.0577243,51.5425598],[-0.0577612,51.5427888],[-0.0578024,51.542938],[-0.0578587,51.5431351],[-0.058076,51.5437158],[-0.0581631,51.5439167],[-0.0583282,51.5442653],[-0.0583909,51.5444294]],[[-0.0583521,51.5444354],[-0.0582707,51.5442736],[-0.058192,51.544084],[-0.0580225,51.5437017],[-0.0579066,51.5434105],[-0.0578253,51.5431923],[-0.0577634,51.5429839],[-0.0577166,51.5427827],[-0.0576653,51.5425001],[-0.057652,51.5423413],[-0.0576564,51.5421615],[-0.0576652,51.5420401],[-0.0576829,51.5418923],[-0.0577184,51.5416738],[-0.0577627,51.541435],[-0.0578111,51.5412015],[-0.0578697,51.5409555],[-0.0579407,51.5406864],[-0.057987,51.5404979],[-0.0580303,51.5403106],[-0.0581046,51.540019],[-0.0581576,51.5397655],[-0.0581851,51.5395786],[-0.058208,51.5394483],[-0.0582266,51.5393086],[-0.0582416,51.5391833],[-0.0582549,51.5390134],[-0.0582655,51.5388198],[-0.0582735,51.5386098],[-0.0582567,51.5383454],[-0.0582399,51.538121],[-0.0582275,51.537861],[-0.058208,51.5375795],[-0.058193,51.5372672],[-0.0581815,51.5370131],[-0.0581753,51.5367663],[-0.0581515,51.5364638],[-0.058132,51.5361268],[-0.0581055,51.5356292],[-0.0580887,51.5353867],[-0.0580587,51.5350914],[-0.0580339,51.5348302],[-0.0580038,51.5345811],[-0.0579905,51.5344701]],[[-0.0583521,51.5444354],[-0.0582707,51.5442736],[-0.058192,51.544084],[-0.0580225,51.5437017],[-0.0579066,51.5434105],[-0.0578253,51.5431923],[-0.0577634,51.5429839],[-0.0577166,51.5427827],[-0.0576653,51.5425001],[-0.057652,51.5423413],[-0.0576564,51.5421615],[-0.0576652,51.5420401],[-0.0576829,51.5418923],[-0.0577184,51.5416738],[-0.0577627,51.541435],[-0.0578111,51.5412015],[-0.0578697,51.5409555],[-0.0579407,51.5406864],[-0.057987,51.5404979],[-0.0580303,51.5403106],[-0.0581046,51.540019],[-0.0581576,51.5397655],[-0.0581851,51.5395786],[-0.058208,51.5394483],[-0.0582266,51.5393086],[-0.0582416,51.5391833],[-0.0582549,51.5390134],[-0.0582655,51.5388198],[-0.0582735,51.5386098],[-0.0582567,51.5383454],[-0.0582399,51.538121],[-0.0582275,51.537861],[-0.058208,51.5375795],[-0.058193,51.5372672],[-0.0581815,51.5370131],[-0.0581753,51.5367663],[-0.0581515,51.5364638],[-0.058132,51.5361268],[-0.0581055,51.5356292],[-0.0580887,51.5353867],[-0.0580587,51.5350914],[-0.0580339,51.5348302],[-0.0580038,51.5345811],[-0.0579905,51.5344701]],[[-0.0579354,51.5337309],[-0.0580374,51.5344679]],[[-0.0579354,51.5337309],[-0.0580374,51.5344679]],[[-0.0579905,51.5344701],[-0.0578961,51.5338076]],[[-0.0579905,51.5344701],[-0.0578961,51.5338076]],[[-0.0563317,51.526219],[-0.0563197,51.5273295],[-0.0563184,51.5275133],[-0.0563313,51.5277642],[-0.0563573,51.5280085],[-0.0564346,51.5284882],[-0.0565213,51.5290231],[-0.0565638,51.5292517],[-0.0566158,51.5294781],[-0.0569144,51.5305525],[-0.0569789,51.5307685],[-0.0570537,51.5310122],[-0.0571294,51.5312222],[-0.0571676,51.5313194],[-0.0572489,51.5315081],[-0.0574506,51.5319644],[-0.0575206,51.5321324],[-0.0576288,51.5324273],[-0.0576328,51.5324407],[-0.0577006,51.5326463],[-0.0577825,51.5329263],[-0.057849,51.533216],[-0.0579073,51.5335469],[-0.0579354,51.5337309]],[[-0.0563317,51.526219],[-0.0563197,51.5273295],[-0.0563184,51.5275133],[-0.0563313,51.5277642],[-0.0563573,51.5280085],[-0.0564346,51.5284882],[-0.0565213,51.5290231],[-0.0565638,51.5292517],[-0.0566158,51.5294781],[-0.0569144,51.5305525],[-0.0569789,51.5307685],[-0.0570537,51.5310122],[-0.0571294,51.5312222],[-0.0571676,51.5313194],[-0.0572489,51.5315081],[-0.0574506,51.5319644],[-0.0575206,51.5321324],[-0.0576288,51.5324273],[-0.0576328,51.5324407],[-0.0577006,51.5326463],[-0.0577825,51.5329263],[-0.057849,51.533216],[-0.0579073,51.5335469],[-0.0579354,51.5337309]],[[-0.0578961,51.5338076],[-0.0578596,51.5335499],[-0.0578019,51.5332188],[-0.0577323,51.5329311],[-0.057652,51.5326521],[-0.0575855,51.5324457],[-0.0575737,51.532411],[-0.0574654,51.5321214],[-0.0574048,51.5319712],[-0.0572019,51.5315153],[-0.0571212,51.5313257],[-0.0570817,51.5312293],[-0.0570151,51.5310456],[-0.0569373,51.5307971],[-0.0568685,51.5305574],[-0.0565678,51.529483],[-0.0565157,51.5292558],[-0.056472,51.5290265],[-0.0563834,51.528492],[-0.0563124,51.5280106],[-0.0562847,51.5277667],[-0.0562697,51.5275175],[-0.0562689,51.5273349],[-0.0562777,51.5266334],[-0.0562803,51.5262186]],[[-0.0578961,51.5338076],[-0.0578596,51.5335499],[-0.0578019,51.5332188],[-0.0577323,51.5329311],[-0.057652,51.5326521],[-0.0575855,51.5324457],[-0.0575737,51.532411],[-0.0574654,51.5321214],[-0.0574048,51.5319712],[-0.0572019,51.5315153],[-0.0571212,51.5313257],[-0.0570817,51.5312293],[-0.0570151,51.5310456],[-0.0569373,51.5307971],[-0.0568685,51.5305574],[-0.0565678,51.529483],[-0.0565157,51.5292558],[-0.056472,51.5290265],[-0.0563834,51.528492],[-0.0563124,51.5280106],[-0.0562847,51.5277667],[-0.0562697,51.5275175],[-0.0562689,51.5273349],[-0.0562777,51.5266334],[-0.0562803,51.5262186]],[[-0.0563325,51.526143],[-0.0563317,51.526219]],[[-0.0563325,51.526143],[-0.0563317,51.526219]],[[-0.0563325,51.526143],[-0.0563317,51.526219]],[[-0.0563317,51.526219],[-0.0563213,51.5263824],[-0.0563088,51.5264839],[-0.0562777,51.5266334],[-0.0562255,51.5268896],[-0.0562042,51.5270176],[-0.0561913,51.5271447],[-0.0561872,51.5273436],[-0.056189,51.5275245],[-0.0562036,51.5277712],[-0.0562316,51.5280144],[-0.0563121,51.5284973],[-0.0564149,51.5290305],[-0.0564618,51.5292603],[-0.0565151,51.5294883],[-0.0567395,51.5303025],[-0.0568012,51.5305627],[-0.0568521,51.5308281],[-0.0569234,51.5311479],[-0.0569751,51.5313452],[-0.0570413,51.5315399],[-0.0571293,51.5317674],[-0.0572324,51.5319968],[-0.0573048,51.5321462],[-0.057459,51.5324568],[-0.0575601,51.5326655],[-0.0575988,51.532758],[-0.0576626,51.5329395],[-0.0577016,51.5330804],[-0.0577318,51.5332237],[-0.0577774,51.5335541],[-0.0578265,51.5339431],[-0.0578993,51.5344744],[-0.0579343,51.5346799],[-0.0579617,51.5349224],[-0.0579971,51.5352572],[-0.0580192,51.5355514],[-0.0580457,51.5358489],[-0.0580722,51.5361463],[-0.0580952,51.5364301],[-0.0581129,51.5367028],[-0.0581262,51.5369821],[-0.0581324,51.5373268],[-0.0581377,51.5376128],[-0.0581527,51.5379064],[-0.0581651,51.5381356],[-0.0581774,51.5383951],[-0.0581889,51.538658],[-0.0581889,51.5388042],[-0.0581863,51.5389472],[-0.0581712,51.5390989],[-0.0581465,51.5392726],[-0.0581226,51.5394348],[-0.058074,51.5396421],[-0.0579794,51.5399714],[-0.0579211,51.5401699],[-0.0578336,51.5404696],[-0.0577655,51.5407241],[-0.0576833,51.5410067],[-0.0576356,51.5412536],[-0.0575984,51.5414944],[-0.0575816,51.5417016],[-0.0575657,51.5419672],[-0.0575657,51.5422399],[-0.0575825,51.5424317],[-0.0576055,51.5425835],[-0.0576497,51.5428507],[-0.0577001,51.54307],[-0.0577611,51.5432498],[-0.0579043,51.5435813],[-0.0580599,51.5439111],[-0.0582291,51.5442736],[-0.0583002,51.5444434],[-0.0584513,51.5447822],[-0.0585298,51.5449818],[-0.0586255,51.5452247],[-0.0587337,51.545482],[-0.0587776,51.5455762],[-0.0588497,51.5457525],[-0.058981,51.5459905],[-0.059229,51.5464162],[-0.0593257,51.5465784],[-0.059407,51.5467176],[-0.0596059,51.5470367],[-0.0598457,51.5473996],[-0.0599848,51.5476016],[-0.0600277,51.5476692],[-0.0601059,51.5478062],[-0.0601498,51.5478942],[-0.0602014,51.5480156],[-0.0602564,51.5481455],[-0.0602945,51.5482298],[-0.0603417,51.5483269],[-0.0603857,51.5484063],[-0.0604254,51.5484702],[-0.0607211,51.5489119],[-0.0609157,51.5491975],[-0.0610028,51.5493291],[-0.0610824,51.5494771],[-0.0611174,51.5495565],[-0.061206,51.549742],[-0.0612481,51.5498378],[-0.0612788,51.5499274],[-0.0613052,51.5500339],[-0.061322,51.5500994],[-0.0613342,51.55015],[-0.0613438,51.5502029],[-0.0613572,51.550288],[-0.0613635,51.5503834],[-0.0613634,51.5504794],[-0.0613534,51.5506401],[-0.0613316,51.5507525],[-0.0613001,51.5508796],[-0.0612665,51.5509845],[-0.0612316,51.5510739],[-0.0611941,51.5511533],[-0.0611445,51.5512463],[-0.0610975,51.5513291],[-0.0610419,51.5514153],[-0.0609854,51.5514938],[-0.0609261,51.5515732],[-0.0608597,51.5516505],[-0.0607766,51.5517467],[-0.0606508,51.5518806],[-0.0602479,51.5522787],[-0.0600747,51.5524476],[-0.0599219,51.5526065],[-0.0596335,51.5529172],[-0.0593865,51.5532093],[-0.059193,51.5534722],[-0.0590891,51.5536363],[-0.0590062,51.5537807],[-0.058928,51.5539366],[-0.0588481,51.5541005],[-0.0587969,51.5542485],[-0.0587434,51.5544244],[-0.0586898,51.5546521],[-0.058669,51.5548004],[-0.0586634,51.5549241],[-0.0586696,51.5551577],[-0.0586763,51.5552762],[-0.0586877,51.5553711],[-0.0587383,51.5557238],[-0.0588359,51.5563105],[-0.0588547,51.5564254],[-0.0589406,51.5569391],[-0.0589599,51.557054],[-0.0590404,51.5575362],[-0.0590597,51.5576522],[-0.0591539,51.5582129],[-0.0591828,51.5584056],[-0.0591957,51.5585538],[-0.0592082,51.5586993],[-0.0592042,51.558875],[-0.059187,51.5590257],[-0.0591577,51.5591673],[-0.0591248,51.55928],[-0.0590715,51.5594289],[-0.0590286,51.5595324],[-0.0589709,51.5596529],[-0.0589129,51.5597546],[-0.0588567,51.5598407],[-0.058782,51.559946],[-0.0587154,51.5600301],[-0.0586525,51.5601069],[-0.0585199,51.5602455],[-0.0583235,51.56044],[-0.058223,51.5605385],[-0.058118,51.5606375],[-0.0579105,51.5608204],[-0.057623,51.5610586],[-0.0570198,51.5615506],[-0.0560329,51.5623573],[-0.0557412,51.5625895],[-0.0554428,51.5628401],[-0.0552769,51.5629826],[-0.0550822,51.5631555],[-0.054904,51.563319],[-0.0547305,51.5634825],[-0.0544315,51.5637817],[-0.0541463,51.5640611],[-0.0539668,51.5642448],[-0.0537529,51.564468],[-0.0535178,51.5647224],[-0.0532866,51.5649706],[-0.0530849,51.5651968],[-0.0529314,51.5653719],[-0.0527481,51.5655875],[-0.05257,51.5658002],[-0.0524037,51.5660084],[-0.0522103,51.566256],[-0.0520529,51.566462],[-0.0517281,51.5669035],[-0.0516364,51.5670308],[-0.0514635,51.5672879],[-0.0513261,51.5674885],[-0.0512243,51.567637],[-0.0510614,51.5678775],[-0.0506961,51.568422],[-0.0506521,51.5684898],[-0.050429,51.5688255],[-0.0503182,51.5689956],[-0.0502157,51.5691466],[-0.0500776,51.5693512],[-0.0499569,51.5695307],[-0.049808,51.5697554],[-0.0497126,51.5698966],[-0.0495662,51.5701148],[-0.0494069,51.5703523],[-0.0492709,51.5705482],[-0.0491456,51.5707225],[-0.0490327,51.5708747],[-0.0489253,51.5710176],[-0.0487488,51.5712416],[-0.0486368,51.571376],[-0.0485655,51.571464],[-0.0484887,51.5715522],[-0.0483778,51.5716739],[-0.0482575,51.5718086],[-0.0479039,51.5722049],[-0.0478457,51.5722711],[-0.0477855,51.5723356],[-0.0476971,51.5724289],[-0.0475924,51.5725336],[-0.0474685,51.5726582],[-0.0473163,51.5728066],[-0.0472212,51.5728961],[-0.0470157,51.5730812],[-0.046904,51.5731797],[-0.046764,51.5732968],[-0.0466231,51.5734128],[-0.0464755,51.5735318],[-0.0463595,51.573623],[-0.0461495,51.573784],[-0.0459679,51.5739171],[-0.0458079,51.5740318],[-0.0456192,51.5741668],[-0.0454713,51.5742702],[-0.0453435,51.5743575],[-0.0452252,51.5744374],[-0.0450863,51.5745312],[-0.0448478,51.5746839],[-0.0445913,51.5748464],[-0.0443742,51.5749813],[-0.044182,51.5750962],[-0.0439949,51.5752071],[-0.0437498,51.5753475],[-0.0436296,51.575418],[-0.0435021,51.5754892],[-0.0433059,51.5755985],[-0.0430092,51.5757584],[-0.0426333,51.575961],[-0.0422056,51.5761881],[-0.0414128,51.5766107],[-0.04095,51.576858],[-0.0404522,51.5771244],[-0.0400485,51.5773395],[-0.0389879,51.577907],[-0.0388628,51.5779777],[-0.038091,51.5783843],[-0.0379225,51.5784727],[-0.0378984,51.5784853],[-0.0374249,51.5787377],[-0.0366941,51.5791296],[-0.0361999,51.5793971],[-0.0357683,51.5796298],[-0.0350308,51.5800216],[-0.0345283,51.5802735],[-0.0342556,51.5804038],[-0.033984,51.5805265],[-0.0335954,51.5806878],[-0.0331215,51.5808675],[-0.0329508,51.5809287],[-0.0322557,51.5811764],[-0.0317331,51.5813304],[-0.0314697,51.5814023],[-0.0313468,51.5814358],[-0.0309927,51.5815215],[-0.0305218,51.5816297],[-0.029968,51.5817379],[-0.0293661,51.5818525],[-0.0287383,51.5819392],[-0.0283133,51.5819912],[-0.0279875,51.5820326],[-0.0277096,51.5820672],[-0.0275384,51.5820865],[-0.0269357,51.5821522],[-0.0262088,51.5822302],[-0.0253755,51.5823211],[-0.0249216,51.5823705],[-0.0243273,51.5824342],[-0.0236427,51.5825113],[-0.0229191,51.5825894],[-0.0222716,51.5826617],[-0.0211112,51.5827844],[-0.019972,51.582907],[-0.0189461,51.5830213],[-0.0181991,51.5831046],[-0.0174561,51.5831871],[-0.0154295,51.5834032],[-0.0121708,51.5837655],[-0.0118778,51.5838022],[-0.0117053,51.5838258],[-0.011347,51.5838865],[-0.0109361,51.5839516],[-0.010447,51.5840626],[-0.0099489,51.5841525],[-0.0098746,51.5841659],[-0.0095411,51.5842607],[-0.0092384,51.5843581],[-0.0089974,51.5844478],[-0.0087664,51.5845535],[-0.0085582,51.58465],[-0.0082297,51.5848184],[-0.0080585,51.5849016],[-0.0078748,51.5849948],[-0.0077298,51.5850508],[-0.0074595,51.5851706],[-0.0071977,51.5852604],[-0.0069942,51.5853265],[-0.0066946,51.5854102],[-0.0064224,51.5854754],[-0.0061559,51.585534],[-0.0057033,51.5856232],[-0.0053337,51.5856888],[-0.0049697,51.5857558],[-0.0046284,51.5858147],[-0.0043815,51.5858611],[-0.0040491,51.5859438],[-0.0038493,51.586004],[-0.0035343,51.5861089],[-0.0031989,51.5862369],[-0.0028854,51.586361],[-0.0025408,51.5865214],[-0.0023458,51.586632],[-0.0020561,51.5868056],[-0.0017689,51.5869953],[-0.0015417,51.5871706],[-0.0013783,51.5873296],[-0.0011743,51.5875245],[-0.000998,51.5877283],[-0.000912,51.5878355],[-0.0008518,51.5879308],[-0.0007078,51.588179],[-0.0006264,51.5883969],[-0.0005517,51.5886398],[-0.0005023,51.5888511],[-0.0004651,51.5890812],[-0.0004512,51.5893131],[-0.0004582,51.5895074],[-0.0004779,51.5896752],[-0.0005117,51.5898381],[-0.0005426,51.5900049],[-0.000652,51.5905155],[-0.0007958,51.5910315],[-0.0008845,51.591389],[-0.0010049,51.5917932],[-0.0011304,51.5921245],[-0.0012147,51.5923622],[-0.0013216,51.5926175],[-0.0015088,51.592943],[-0.0017698,51.5933488],[-0.002124,51.5938523],[-0.0024052,51.5942835],[-0.0025461,51.5945362],[-0.0026726,51.5948045],[-0.002812,51.5951045],[-0.0029184,51.595358],[-0.0029706,51.595476],[-0.0030587,51.5957104],[-0.0031417,51.5959466],[-0.0032747,51.596413],[-0.0033936,51.5969617],[-0.0034682,51.597504],[-0.0035084,51.5980508],[-0.0035079,51.5986003],[-0.0034734,51.5991473],[-0.0034002,51.5996903],[-0.0033189,51.600158],[-0.0032477,51.6004834],[-0.0030459,51.6011473],[-0.0028471,51.6016838],[-0.0026131,51.6022462],[-0.0017709,51.6042337],[-0.0017095,51.6043769],[-0.0010049,51.6060295],[-0.0007939,51.6065934],[-0.0005872,51.6072328],[-0.0004795,51.6076194],[-0.000466,51.607668],[-0.0004518,51.6077242],[-0.0003237,51.6082319],[0.0001446,51.6100584],[0.0012969,51.6145383],[0.0014026,51.614972],[0.001464,51.6152561],[0.0015164,51.6155331],[0.0015567,51.6158211],[0.001585,51.6161119],[0.0016042,51.6164076],[0.0016124,51.6166941],[0.001609,51.6169981],[0.0016004,51.6172549],[0.0015313,51.6181501],[0.0015258,51.6182284],[0.0014625,51.6190464],[0.00145,51.6192116],[0.0014239,51.6195761],[0.0014051,51.6198619],[0.0013892,51.6201803],[0.0013895,51.6202317],[0.0013944,51.6206839],[0.0014126,51.6209606],[0.0014419,51.6212348],[0.0014829,51.621497],[0.0015304,51.6217585],[0.0015846,51.622001],[0.0016472,51.6222446],[0.0018001,51.6227322],[0.001988,51.623201],[0.0021669,51.623592],[0.0034752,51.6262193],[0.0035798,51.6264156],[0.0036592,51.6265513],[0.0037444,51.6266839],[0.0038437,51.6268314],[0.003951,51.626972],[0.004057,51.6270987],[0.0041662,51.6272204],[0.0044407,51.6275019],[0.0047125,51.6277748],[0.0048644,51.6279262],[0.0061979,51.6292654],[0.0072106,51.630281],[0.0072421,51.6303133],[0.0077309,51.6308065],[0.0077929,51.6308693],[0.0078613,51.6309385],[0.0079384,51.6310149],[0.0080654,51.6311426],[0.0081418,51.6312212],[0.0085516,51.6316333]],[[-0.0562803,51.5262186],[-0.0562804,51.5261424]],[[-0.0562803,51.5262186],[-0.0562804,51.5261424]],[[-0.0562803,51.5262186],[-0.0562804,51.5261424]],[[0.0085516,51.6316333],[0.0084901,51.6315677],[0.0084342,51.6315032],[0.0082896,51.6313208],[0.0082415,51.631264],[0.008187,51.6312034],[0.0081096,51.6311277],[0.0067628,51.6297737],[0.0067313,51.6297419],[0.0062267,51.629254],[0.0049034,51.6279107],[0.0047543,51.6277596],[0.0044825,51.6274861],[0.0042087,51.627203],[0.0040999,51.6270854],[0.0039929,51.626959],[0.003888,51.6268214],[0.0037868,51.6266726],[0.0037019,51.6265401],[0.0036241,51.6264058],[0.0035221,51.6262101],[0.0022171,51.6235826],[0.0020335,51.6231939],[0.0018514,51.6227228],[0.0016965,51.6222397],[0.0016369,51.6219951],[0.0015827,51.6217547],[0.0015341,51.6214917],[0.0014958,51.6212338],[0.0014636,51.6209573],[0.0014469,51.6206839],[0.0014406,51.6202333],[0.001442,51.6201811],[0.0014561,51.6198612],[0.001475,51.6195791],[0.0014999,51.6192128],[0.0015141,51.6190481],[0.0015754,51.6182417],[0.0015808,51.6181593],[0.0016438,51.6172576],[0.0016575,51.6170041],[0.0016626,51.6166946],[0.0016537,51.6164058],[0.001636,51.6161128],[0.0016025,51.6158215],[0.0015631,51.6155338],[0.0015134,51.6152525],[0.0014537,51.6149702],[0.0013432,51.6145354],[0.0001939,51.6100547],[-0.0002753,51.6082266],[-0.0004055,51.6077126],[-0.0004204,51.6076539],[-0.0004343,51.6076054],[-0.0005406,51.6072267],[-0.0007467,51.6065873],[-0.0009541,51.6060215],[-0.0016627,51.6043691],[-0.0017254,51.6042261],[-0.002566,51.6022385],[-0.0027978,51.6016761],[-0.0029953,51.6011421],[-0.0031984,51.6004792],[-0.0032696,51.6001538],[-0.0033518,51.5996903],[-0.0034227,51.5991458],[-0.0034572,51.5986008],[-0.0034584,51.5980529],[-0.003417,51.5975065],[-0.0033421,51.5969637],[-0.0032244,51.5964195],[-0.003091,51.5959553],[-0.0030079,51.5957179],[-0.0029209,51.5954843],[-0.0028694,51.5953662],[-0.0027115,51.5950086],[-0.0024542,51.5944858],[-0.0022028,51.5940779],[-0.0020357,51.593806],[-0.0017644,51.5934248],[-0.0014689,51.5929739],[-0.0013169,51.5927194],[-0.0012069,51.592493],[-0.0010972,51.5921923],[-0.00096,51.5918175],[-0.0008432,51.5914173],[-0.0007037,51.5908889],[-0.0005825,51.5904226],[-0.0004797,51.5899747],[-0.0004252,51.5896243],[-0.0004027,51.5894278],[-0.0004027,51.5891927],[-0.0004252,51.5890059],[-0.0004492,51.5887965],[-0.0004787,51.5886443],[-0.0005694,51.5883852],[-0.000672,51.5881245],[-0.0007901,51.5879199],[-0.0009331,51.587732],[-0.0011188,51.5875112],[-0.0013143,51.5873221],[-0.0014784,51.5871807],[-0.0017046,51.5869967],[-0.0018622,51.5868898],[-0.0020575,51.5867592],[-0.002306,51.5866058],[-0.0025054,51.586497],[-0.0028506,51.5863328],[-0.0031116,51.5862215],[-0.0034305,51.5860971],[-0.0037999,51.5859767],[-0.0041129,51.5858932],[-0.0043877,51.5858256],[-0.0051126,51.5856867],[-0.0058362,51.5855545],[-0.0063504,51.5854525],[-0.0068328,51.5853266],[-0.0071761,51.5852194],[-0.0074023,51.5851413],[-0.0076217,51.5850508],[-0.0078997,51.5849311],[-0.0081828,51.5847948],[-0.0084407,51.5846605],[-0.0088009,51.5844836],[-0.0092163,51.5843212],[-0.0095429,51.5842109],[-0.0098042,51.584138],[-0.0102722,51.5840523],[-0.010431,51.5840292],[-0.0109364,51.5839174],[-0.0113283,51.5838549],[-0.0117204,51.5837867],[-0.0118594,51.5837666],[-0.0120985,51.5837379],[-0.0128928,51.5836541],[-0.0135192,51.5835771],[-0.0144706,51.5834782],[-0.0154773,51.5833627],[-0.0164655,51.5832576],[-0.0174269,51.5831535],[-0.0181857,51.5830713],[-0.0187535,51.5830109],[-0.0189364,51.5829916],[-0.0192744,51.5829578],[-0.0202291,51.5828558],[-0.0214803,51.5827195],[-0.0223882,51.5826102],[-0.0228618,51.5825599],[-0.0233362,51.5825071],[-0.0241419,51.5824197],[-0.0249099,51.5823336],[-0.0253626,51.5822804],[-0.0262155,51.582198],[-0.0267984,51.5821335],[-0.027532,51.5820492],[-0.0277129,51.5820284],[-0.0279748,51.5819944],[-0.0283011,51.5819541],[-0.0288368,51.5818931],[-0.0293209,51.5818181],[-0.0297513,51.5817484],[-0.0301634,51.5816724],[-0.0305453,51.5815933],[-0.0309925,51.5814851],[-0.0314581,51.5813695],[-0.0318802,51.5812519],[-0.0323492,51.5811041],[-0.0329264,51.580902],[-0.0330926,51.5808363],[-0.0334848,51.5806972],[-0.0337578,51.5805837],[-0.0340677,51.5804484],[-0.0343876,51.5803016],[-0.0347025,51.5801445],[-0.0349739,51.5800039],[-0.0353323,51.5798166],[-0.0358482,51.5795449],[-0.0362318,51.5793336],[-0.036746,51.5790547],[-0.0373791,51.5787195],[-0.0378762,51.5784517],[-0.0380567,51.5783582],[-0.0386203,51.5780648],[-0.0395675,51.5775552],[-0.0400094,51.5773193],[-0.0404201,51.5771011],[-0.040942,51.5768196],[-0.041384,51.5765861],[-0.0421792,51.5761626],[-0.0425998,51.57594],[-0.0429769,51.5757356],[-0.0432742,51.5755745],[-0.0434695,51.5754668],[-0.0436,51.5753936],[-0.0437256,51.5753214],[-0.0439626,51.575183],[-0.0441568,51.5750686],[-0.0443422,51.5749567],[-0.0445616,51.5748195],[-0.0448106,51.5746634],[-0.0450514,51.574507],[-0.0451895,51.5744156],[-0.0453112,51.5743343],[-0.0454823,51.5742161],[-0.0455949,51.5741362],[-0.0457814,51.5740042],[-0.0459163,51.5739073],[-0.0461157,51.5737594],[-0.046323,51.5736018],[-0.046443,51.573507],[-0.0465877,51.5733909],[-0.0467144,51.5732852],[-0.0468644,51.5731592],[-0.0469754,51.5730616],[-0.0471487,51.572905],[-0.0472839,51.5727812],[-0.0474362,51.5726342],[-0.0476073,51.5724615],[-0.0477337,51.5723308],[-0.0478062,51.5722524],[-0.0478607,51.5721901],[-0.048332,51.5716582],[-0.0484431,51.5715375],[-0.0485243,51.5714454],[-0.0486414,51.5713047],[-0.0487106,51.5712222],[-0.0488078,51.5710996],[-0.0489057,51.5709712],[-0.0490018,51.5708403],[-0.0491092,51.5706992],[-0.0491994,51.5705781],[-0.0492445,51.5705089],[-0.0493577,51.5703424],[-0.0494839,51.5701563],[-0.0496661,51.5698845],[-0.0497621,51.5697434],[-0.0499106,51.5695229],[-0.0500324,51.5693398],[-0.050159,51.5691524],[-0.0502684,51.5689884],[-0.0504094,51.5687787],[-0.0506069,51.5684778],[-0.0506507,51.56841],[-0.0510228,51.5678573],[-0.0511895,51.5676163],[-0.0512816,51.5674767],[-0.0514143,51.5672745],[-0.0515909,51.5670186],[-0.0516819,51.5668911],[-0.0520103,51.5664459],[-0.0521687,51.5662388],[-0.0523638,51.565989],[-0.0525289,51.5657849],[-0.052708,51.5655692],[-0.0528903,51.5653566],[-0.0530484,51.5651757],[-0.0532385,51.5649586],[-0.0534803,51.5646975],[-0.0537136,51.5644462],[-0.0539216,51.5642306],[-0.0541082,51.5640404],[-0.0543885,51.5637632],[-0.0546975,51.5634568],[-0.05486,51.5633049],[-0.0550507,51.5631304],[-0.0552412,51.5629656],[-0.0554111,51.5628207],[-0.0557034,51.5625747],[-0.0559931,51.5623399],[-0.0569824,51.5615314],[-0.0575772,51.5610462],[-0.0578752,51.5608024],[-0.0580757,51.5606218],[-0.0581813,51.5605221],[-0.0582827,51.5604223],[-0.0584742,51.5602324],[-0.0586148,51.5600796],[-0.0586821,51.5600012],[-0.0587454,51.5599152],[-0.0588062,51.5598246],[-0.058865,51.5597389],[-0.0589381,51.5596118],[-0.0589883,51.5595037],[-0.0590322,51.559397],[-0.0590875,51.5592226],[-0.0591327,51.559038],[-0.0591555,51.5588689],[-0.0591553,51.5587018],[-0.059146,51.5585529],[-0.0591314,51.5584101],[-0.0590998,51.558216],[-0.0590068,51.5576557],[-0.0589875,51.5575397],[-0.0589073,51.5570589],[-0.0588882,51.556944],[-0.0588027,51.55643],[-0.0587837,51.5563151],[-0.0586862,51.5557267],[-0.0586347,51.5553767],[-0.0586244,51.5552751],[-0.0586142,51.5551644],[-0.0586064,51.5549266],[-0.058611,51.5547931],[-0.0586314,51.5546501],[-0.0586867,51.5544071],[-0.0587344,51.554234],[-0.0587943,51.554076],[-0.0588596,51.5539394],[-0.058951,51.5537678],[-0.05904,51.5536081],[-0.0591344,51.5534568],[-0.0593496,51.5531678],[-0.0595903,51.5528981],[-0.0598751,51.5525955],[-0.0600311,51.5524315],[-0.0602061,51.5522625],[-0.0606141,51.5518605],[-0.0607365,51.5517303],[-0.0608225,51.5516326],[-0.0609143,51.5515176],[-0.0609884,51.5514178],[-0.0610555,51.5513171],[-0.0611198,51.5512011],[-0.0611802,51.5510748],[-0.0612165,51.5509848],[-0.061252,51.5508796],[-0.0612688,51.5508124],[-0.0612917,51.5507092],[-0.0613036,51.550638],[-0.0613132,51.5504863],[-0.0613136,51.5503988],[-0.0613058,51.5502837],[-0.0612943,51.5502057],[-0.0612834,51.5501505],[-0.0612645,51.5500659],[-0.0612522,51.5500135],[-0.061228,51.5499268],[-0.0612004,51.549843],[-0.0611508,51.5497337],[-0.0610588,51.5495488],[-0.0610305,51.5494773],[-0.0609579,51.5493405],[-0.0608707,51.5492126],[-0.0606777,51.5489231],[-0.0603784,51.5484822],[-0.0603373,51.5484161],[-0.0602926,51.5483361],[-0.0602524,51.5482534],[-0.0602483,51.5482432],[-0.060208,51.5481545],[-0.0601549,51.5480311],[-0.0600994,51.5479037],[-0.0600588,51.5478149],[-0.0599829,51.5476786],[-0.0599406,51.5476134],[-0.0598021,51.5474111],[-0.0595531,51.5470357],[-0.0593595,51.5467279],[-0.0592751,51.5465821],[-0.0591776,51.5464203],[-0.0589327,51.5460008],[-0.0587931,51.5457478],[-0.0587204,51.5455851],[-0.0585015,51.5450355],[-0.0584018,51.5447883],[-0.0582481,51.5444515],[-0.0581604,51.5442463],[-0.0579918,51.5438694],[-0.0577904,51.5434843],[-0.0577275,51.5432963],[-0.0576789,51.5431475],[-0.0576301,51.5429792],[-0.0575905,51.5428149],[-0.0575566,51.5426459],[-0.0575364,51.54252],[-0.057524,51.5423263],[-0.0575231,51.5420054],[-0.0575251,51.5418247],[-0.0575613,51.5414537],[-0.0576202,51.5410821],[-0.0576692,51.5408896],[-0.057769,51.5405344],[-0.0579219,51.5400041],[-0.0580315,51.5396123],[-0.0580864,51.5393529],[-0.0581253,51.5390724],[-0.058138,51.5386775],[-0.0581288,51.5383622],[-0.0580985,51.5379516],[-0.0580926,51.5375853],[-0.0580824,51.5372086],[-0.0580652,51.5367281],[-0.0580268,51.5362302],[-0.0580051,51.5359022],[-0.0579776,51.5355766],[-0.0579503,51.5352622],[-0.0579158,51.5349499],[-0.0578494,51.5344767],[-0.0577863,51.5340216],[-0.0577283,51.5335558],[-0.0576828,51.5332276],[-0.0576536,51.5330841],[-0.0576158,51.5329451],[-0.0575531,51.5327649],[-0.0575131,51.5326735],[-0.0574097,51.5324592],[-0.0572528,51.5321542],[-0.0571777,51.5320049],[-0.0570789,51.5317761],[-0.0569933,51.5315473],[-0.0569291,51.5313514],[-0.0568764,51.5311531],[-0.0568104,51.5308319],[-0.056753,51.5305697],[-0.0566924,51.5303093],[-0.056466,51.5294932],[-0.0564162,51.5292642],[-0.0563684,51.5290337],[-0.0562653,51.5285009],[-0.0561824,51.5280167],[-0.0561554,51.5277738],[-0.0561397,51.5275288],[-0.0561377,51.5273489],[-0.0561431,51.5271437],[-0.056152,51.5270146],[-0.0561704,51.5268866],[-0.0562059,51.5267244],[-0.0562576,51.5264827],[-0.0562711,51.5263817],[-0.0562803,51.5262186]],[[-0.0251876,51.6982609],[-0.0250504,51.6984136],[-0.0249075,51.6985761],[-0.0247817,51.6987403],[-0.0246912,51.6988725]],[[-0.0251876,51.6982609],[-0.0250504,51.6984136],[-0.0249075,51.6985761],[-0.0247817,51.6987403],[-0.0246912,51.6988725]],[[-0.0246912,51.6988725],[-0.0246088,51.6990359],[-0.0245365,51.6991843],[-0.0244726,51.6993496],[-0.0243999,51.699552],[-0.0243613,51.6996826],[-0.0243282,51.6998108],[-0.0243099,51.6999083],[-0.02429,51.7000148],[-0.0242725,51.7001171],[-0.0242618,51.7002432],[-0.0242517,51.7003847],[-0.024246,51.7004841],[-0.0242393,51.7006057],[-0.0242341,51.7006932],[-0.0242272,51.7007767],[-0.0242195,51.7008401],[-0.0242002,51.7009973],[-0.0241533,51.7013086],[-0.0239338,51.7027966],[-0.0239226,51.7028707],[-0.0239338,51.7027966],[-0.0241533,51.7013086],[-0.0242002,51.7009973],[-0.0242195,51.7008401],[-0.0242272,51.7007767],[-0.0242341,51.7006932],[-0.0242393,51.7006057],[-0.024246,51.7004841],[-0.0242517,51.7003847],[-0.0242618,51.7002432],[-0.0242725,51.7001171],[-0.02429,51.7000148],[-0.0243099,51.6999083],[-0.0243282,51.6998108],[-0.0243613,51.6996826],[-0.0243999,51.699552],[-0.0244726,51.6993496],[-0.0245365,51.6991843],[-0.0246088,51.6990359],[-0.0246912,51.6988725]],[[-0.0239781,51.702991],[-0.0239805,51.7029738],[-0.0239927,51.7028856],[-0.0238987,51.7028802],[-0.0239984,51.7022134],[-0.0240406,51.7019315],[-0.0241343,51.7013144],[-0.0241099,51.701313],[-0.0240691,51.7015648],[-0.0240189,51.70188],[-0.0239308,51.7024583],[-0.0238599,51.7029677],[-0.0238569,51.7029845],[-0.0239207,51.702988],[-0.0239781,51.702991]],[[-0.0239781,51.702991],[-0.0239805,51.7029738],[-0.0239927,51.7028856],[-0.0238987,51.7028802],[-0.0239984,51.7022134],[-0.0240406,51.7019315],[-0.0241343,51.7013144],[-0.0241099,51.701313],[-0.0240691,51.7015648],[-0.0240189,51.70188],[-0.0239308,51.7024583],[-0.0238599,51.7029677],[-0.0238569,51.7029845],[-0.0239207,51.702988],[-0.0239781,51.702991]],[[0.0085516,51.6316333],[0.0100258,51.633113],[0.0085516,51.6316333]],[[-0.0610152,51.5494791],[-0.0609382,51.5493455],[-0.0608533,51.5492185],[-0.0606563,51.5489283],[-0.0605545,51.5487732],[-0.060361,51.5484866],[-0.0603186,51.5484199],[-0.0602741,51.5483396],[-0.060231,51.5482483],[-0.0601897,51.5481579],[-0.0601368,51.548037],[-0.0600812,51.5479071],[-0.0600379,51.5478188],[-0.0599621,51.547683],[-0.0599261,51.5476908],[-0.0599386,51.5477136],[-0.0599511,51.5477415],[-0.0599599,51.5477676],[-0.0599658,51.5477969],[-0.0599707,51.5478296],[-0.059979,51.5478842],[-0.0600577,51.5480627],[-0.0601498,51.548272],[-0.0601912,51.5483587],[-0.0602349,51.5484386],[-0.0602797,51.5485072],[-0.0603961,51.5486796],[-0.0604735,51.5487943],[-0.0605784,51.5489488],[-0.0607776,51.549244],[-0.0608331,51.5493109],[-0.0608853,51.5493662],[-0.0609463,51.5494207],[-0.0609881,51.5494839],[-0.0610152,51.5494791]],[[-0.0608645,51.548957],[-0.0608959,51.5490039],[-0.0609649,51.5491126],[-0.060999,51.5491694],[-0.0610291,51.5492188],[-0.0610091,51.5492233],[-0.0610655,51.549321],[-0.0610776,51.5493418],[-0.0611641,51.5494883],[-0.0611295,51.5494949],[-0.0610214,51.5493243],[-0.0609346,51.5491911],[-0.0608216,51.5490241],[-0.0607439,51.5489053],[-0.0604459,51.548465],[-0.0604073,51.5484019],[-0.0603632,51.5483228],[-0.0603228,51.5482411],[-0.0603152,51.5482238],[-0.0602772,51.5481417],[-0.0602215,51.5480089],[-0.0601695,51.5478905],[-0.0601896,51.5478867],[-0.0602458,51.5480008],[-0.0602885,51.5480857],[-0.0603587,51.5482106],[-0.0603747,51.5482382],[-0.0604463,51.5483501],[-0.0605092,51.5484334],[-0.0605175,51.5484468],[-0.0606602,51.5486563],[-0.0606246,51.5486656],[-0.0606718,51.5487425],[-0.0608271,51.5489646],[-0.0608645,51.548957]],[[-0.0314566,51.5813554],[-0.0313546,51.5813825],[-0.0309466,51.581486],[-0.0305256,51.5815828],[-0.0303743,51.581615],[-0.0303608,51.5815897],[-0.0309627,51.5814519],[-0.0309542,51.5814395],[-0.0313812,51.5813282],[-0.0322106,51.5810866],[-0.0328401,51.5808783],[-0.032898,51.5808588],[-0.0329165,51.5808837],[-0.032818,51.580918],[-0.0328313,51.5809318],[-0.0323846,51.5810843],[-0.0318848,51.5812366],[-0.0316697,51.5812966],[-0.0314566,51.5813554]],[[-0.0310385,51.5815686],[-0.0312782,51.5815083],[-0.0314043,51.5814764],[-0.0319555,51.5813237],[-0.0323649,51.5812007],[-0.0323908,51.5812356],[-0.0327223,51.5811264],[-0.0326949,51.5810925],[-0.0327105,51.5810857],[-0.0327852,51.5810608],[-0.0328982,51.581023],[-0.0330045,51.5809875],[-0.0329922,51.580973],[-0.0329845,51.5809647],[-0.032894,51.5809962],[-0.0328804,51.5809809],[-0.0323957,51.5811416],[-0.0319263,51.5812865],[-0.0316721,51.581359],[-0.0314253,51.5814274],[-0.0308639,51.5815647],[-0.0304076,51.5816695],[-0.030424,51.5816949],[-0.0307413,51.5816276],[-0.0307738,51.581633],[-0.0308019,51.5816266],[-0.0308159,51.5816042],[-0.03103,51.5815559],[-0.0310385,51.5815686]],[[-0.0217415,51.58273],[-0.0189582,51.5830283],[-0.0189635,51.5830566],[-0.0217469,51.582755],[-0.0217415,51.58273]],[[-0.021667,51.5826694],[-0.0215034,51.5826977],[-0.0189365,51.5829711],[-0.0189365,51.5829361],[-0.0204962,51.5827696],[-0.0214819,51.5826644],[-0.021667,51.5826611],[-0.021667,51.5826694]],[[-0.0009378,51.587831],[-0.0009686,51.5878417],[-0.0012736,51.5875073],[-0.0013198,51.5874558],[-0.0016787,51.5871292],[-0.0019479,51.5869358],[-0.0023534,51.5866761],[-0.0023718,51.5866659],[-0.0025679,51.5865568],[-0.0025469,51.5865411],[-0.0022508,51.586703],[-0.0019012,51.586928],[-0.0016451,51.5871114],[-0.0014559,51.5872789],[-0.0012684,51.5874617],[-0.0011002,51.5876553],[-0.0009378,51.587831]],[[-0.0008349,51.5877997],[-0.0008036,51.5877897],[-0.0009716,51.5875795],[-0.0012249,51.5873057],[-0.0015348,51.5870417],[-0.0015821,51.5870052],[-0.0019171,51.586776],[-0.0021576,51.5866339],[-0.0024216,51.5864983],[-0.0024424,51.5865178],[-0.002205,51.5866462],[-0.0019856,51.5867758],[-0.0017892,51.5869078],[-0.0016068,51.5870328],[-0.0012576,51.5873219],[-0.0010091,51.5875888],[-0.0008349,51.5877997]],[[-0.0001903,51.6081872],[-0.0001883,51.6081951],[-0.000185,51.608208],[-0.0001792,51.6082306],[-0.0001203,51.6084606],[-9.64e-05,51.6085538],[-7.86e-05,51.6086234],[-8.7e-05,51.6086242],[-3.02e-05,51.608846],[2.73e-05,51.6090702],[0.0002332,51.6098737],[0.0001724,51.60988],[-7.44e-05,51.6089172],[-9.11e-05,51.608852],[-0.0002486,51.6082374],[-0.0002598,51.6081941],[-0.0001903,51.6081872]],[[0.0001258,51.6100598],[9.76e-05,51.6100619],[-7.07e-05,51.6094903],[-7.67e-05,51.6094914],[-0.0002105,51.6089617],[-0.0002624,51.6087585],[-0.0002748,51.6087105],[-0.0003504,51.6084179],[-0.0003349,51.6084163],[-0.0002957,51.6084123],[-0.0002194,51.6087051],[-0.0001553,51.6089563],[0.0001258,51.6100598]]]}}]}