{"type":"FeatureCollection","features":[{"type":"Feature","geometry":{"type":"LineString","coordinates":[[-0.28111013335159446,51.50241786701104],[-0.28107766571583104,51.50239336022158],[-0.28083641562738937,51.50220555359209],[-0.2807187697939828,51.50208736789124],[-0.28068999397140065,51.50203806501973],[-0.2806155248611538,51.50195466221808],[-0.28047780344752776,51.50179216441741],[-0.28038118381026217,51.50164511598726],[-0.2802604186736746,51.50144275424102],[-0.28007088281910525,51.50107616323237],[-0.27994568484610993,51.50080080104385],[-0.27981761041702297,51.50046020509506],[-0.2796898115304811,51.500183281147066],[-0.2795742883480045,51.49996849398144],[-0.2794293449972211,51.499720878153944],[-0.27928018653116937,51.49953636644916],[-0.27903301401573133,51.49924343955267],[-0.27888393010024076,51.49909477171409],[-0.2787371572464651,51.498955480348485],[-0.27843022594975686,51.49870476553718],[-0.278105686687702,51.49847592480119],[-0.2778427001907853,51.49830440939596],[-0.27744857634196624,51.498076757423654],[-0.27715402880630996,51.49792964410152],[-0.2768493816480392,51.49778716376933],[-0.276292635456013,51.49754648420202],[-0.27574183085819776,51.49731757721326],[-0.27555815559548713,51.49724165784618],[-0.2749276397898567,51.49698279713336],[-0.27454472653746315,51.49679706897509],[-0.2743711426912296,51.496696742409384],[-0.27408458218109977,51.49654200846828],[-0.2738308586262365,51.49638933295506],[-0.2737463803439946,51.49632209513572],[-0.2735964045190238,51.496201155483845],[-0.27344116761215836,51.496071027429075],[-0.27296107869613623,51.49566280299836],[-0.27264471346229235,51.4954220587363],[-0.2723179202188712,51.495209505156026],[-0.2718481820008048,51.49493848435436],[-0.2714063518391197,51.49471986101535],[-0.27091843604548643,51.49450809726598],[-0.27050931801840206,51.49436439057099],[-0.2701142153522255,51.49423621026307],[-0.2697662904040592,51.49413616043623],[-0.269413230202568,51.49404338241866],[-0.2691590093464948,51.493983035867174],[-0.2689004264911923,51.493926815404706],[-0.2685986631653251,51.49386972333717],[-0.26833916005003083,51.49382787243494],[-0.26804544992616763,51.49378854220651],[-0.2676311042946005,51.493744719293694],[-0.26725538033597845,51.49371780784648],[-0.26699640255690943,51.4937066420404],[-0.26674254763498284,51.49370230162419],[-0.2663217460885544,51.493702270767706],[-0.2659279106174424,51.49371471069669],[-0.2655477771404421,51.49373741974986],[-0.2649867482427004,51.49379063726704],[-0.26367676495993847,51.49393410405738],[-0.26261684349189807,51.494057376172925],[-0.26126327811631145,51.49419919773537],[-0.2608378421961583,51.49423819645672],[-0.26043824032962465,51.49427058626151],[-0.26023594803205374,51.4942872912466],[-0.26007358822718835,51.49429737834428],[-0.25988668063516746,51.494306394445985],[-0.2596785995142749,51.49430717469116],[-0.2595362508384145,51.49430737231703],[-0.25945274366089077,51.494307573506],[-0.2592058396166203,51.49430592571747],[-0.25898672170888576,51.49430202497264],[-0.2581960821818451,51.494284083263985],[-0.25705484895748065,51.49429743822258],[-0.2556413674761642,51.494340035315005],[-0.25539330237157265,51.49435197191026],[-0.25512226743733785,51.494356906775835],[-0.2545780470551764,51.49436777588638],[-0.2545362111966187,51.494368344843494]]},"properties":{"id":"940GZZLUACT-940GZZLUTNG-Piccadilly","source":"940GZZLUACT","target":"940GZZLUTNG","sourceName":"Acton Town","targetName":"Turnham Green","line":"Piccadilly","colour":"#003688","color":"#003688","traffic":0.3769,"off9":0.0,"off12":0.0,"off14":0.0},"id":0},{"type":"Feature","geometry":{"type":"LineString","coordinates":[[-0.2811708497413378,51.504508794902684],[-0.2816556053422034,51.50478716396054],[-0.28186000587640864,51.50491472628737],[-0.28244974125503575,51.50526852656617],[-0.28281048119118646,51.505480488949175],[-0.28327184990023135,51.505739259997405],[-0.2837154493647186,51.50596807585335],[-0.28412923102644494,51.50617340714895],[-0.2844831768291475,51.50635478613748],[-0.28495212238833245,51.50661303193081],[-0.28515061202523934,51.50675344286882],[-0.28536553646182655,51.50691657980409],[-0.2856023388829385,51.507119000834415],[-0.2858203039403611,51.5073284266898],[-0.2859530865480132,51.507477843535575],[-0.28606418418205026,51.507617835890485],[-0.2861512268215877,51.50773732883007],[-0.28623989498008184,51.50787163941291],[-0.2863022303859674,51.507979422339936],[-0.2863633492869528,51.50810564017297],[-0.28648430204907643,51.5083563957219],[-0.28655305959771893,51.50855162146493],[-0.2866229882690432,51.508765305812894],[-0.28667611220531036,51.508942590620016],[-0.2867889216142783,51.509278494272785],[-0.2869223106609951,51.50966683984825],[-0.28701315291104856,51.50986262116178],[-0.28701729512135454,51.510003677495185],[-0.28702763969629275,51.510045135129175]]},"properties":{"id":"940GZZLUACT-940GZZLUECM-Piccadilly","source":"940GZZLUACT","target":"940GZZLUECM","sourceName":"Acton Town","targetName":"Ealing Common","line":"Piccadilly","colour":"#003688","color":"#003688","traffic":0.0304,"off9":0.0,"off12":0.0,"off14":0.0},"id":1},{"type":"Feature","geometry":{"type":"LineString","coordinates":[[-0.2798245047540533,51.50357405096972],[-0.27996598769319275,51.50366317738842],[-0.2803184366261181,51.50385705754715],[-0.28074221801841176,51.50407250743384],[-0.28143356730299773,51.50441211630353],[-0.2820949885084556,51.504742173612165],[-0.28273395456455086,51.5050606691248],[-0.28361988744091154,51.50549763407584],[-0.2838166997665072,51.50560181682989],[-0.2841180563931185,51.50577474461489],[-0.28448579977013777,51.50600286110357],[-0.28464736141172176,51.50609966358808],[-0.28487522614260063,51.50625746993041],[-0.2851189351465943,51.50644385697599],[-0.2852395168436944,51.50655598062475],[-0.285450633690326,51.50674122662373],[-0.28573342622251824,51.507000052463674],[-0.2859508472241283,51.507238112713225],[-0.28605423248448353,51.50737610620123],[-0.2861404559247544,51.507497987144646],[-0.28619792638219965,51.50760743593858],[-0.28627617908629066,51.50774794871305],[-0.2863567044270597,51.50789993517816],[-0.2864149079486044,51.50803151010765],[-0.28653751531794247,51.508313846420265],[-0.2866057219465098,51.508517794104364],[-0.28667500525711137,51.50874801431416],[-0.2867318126786285,51.50892873492421],[-0.2868851049451742,51.509436144981606],[-0.28696938641066944,51.50966291778644],[-0.2870541745983209,51.50985709431781],[-0.2870576136312346,51.51000236419614],[-0.2870650844484868,51.51016907514504],[-0.2870650805231949,51.51017285847885]]},"properties":{"id":"940GZZLUACT-940GZZLUECM-District","source":"940GZZLUACT","target":"940GZZLUECM","sourceName":"Acton Town","targetName":"Ealing Common","line":"District","colour":"#00782A","color":"#00782A","traffic":0.0304,"off9":0.0,"off12":0.0,"off14":0.0},"id":2},{"type":"Feature","geometry":{"type":"LineString","coordinates":[[-0.27976649275112553,51.503825647485684],[-0.2803740454265402,51.50419273832882],[-0.28135313539730156,51.50480558117217],[-0.2817988739360412,51.50507223129802],[-0.28220816180591973,51.5053036990297],[-0.2825310193712558,51.50547161782053],[-0.2829834978693314,51.50567795126069],[-0.2834765201367415,51.50588827697595],[-0.28387593323693955,51.50604165011028],[-0.28437704898606175,51.50621363387471],[-0.28466420684756716,51.506300047935184],[-0.2851434522414031,51.50642561582169],[-0.28549888138901025,51.506499385787045],[-0.28578005426895675,51.50654783876055],[-0.2859871795656654,51.50657789524064],[-0.28647858032346163,51.506637118353545],[-0.2870042069128008,51.506670233306664],[-0.28741115329976746,51.50667786321744],[-0.28784554113593697,51.506658825461784],[-0.28828720522432905,51.5066250556675],[-0.2887465649673424,51.50655515284236],[-0.28917633956244615,51.50646752500881],[-0.28958767735177754,51.50635579931466],[-0.28998915788021995,51.50622345580277],[-0.29033579875450694,51.506074122427],[-0.29066685972092027,51.505947565733734],[-0.29128635907183803,51.505686672054544],[-0.29176141008794376,51.50550803352927],[-0.29210089089297636,51.505398151157706],[-0.292594674318783,51.50525629750675],[-0.29294702773796333,51.5051697166829],[-0.2932906272089522,51.50509482416177],[-0.2936358106955395,51.50503029381143],[-0.2940340282279972,51.50496792111635],[-0.29482843239399337,51.50485245095018],[-0.2985845169543054,51.504312352976626],[-0.300426615740853,51.504042131236375],[-0.3009860789822763,51.503958041281926],[-0.3014831953405519,51.503874659961284],[-0.30197624041106436,51.503776852359216],[-0.30259325450460617,51.50362199589456],[-0.30308045623171853,51.50348508052713],[-0.30407953772121377,51.5031262683008],[-0.30551724311912176,51.50258391342016],[-0.3069874010860517,51.50202770045974],[-0.30729994090281393,51.50191113754432],[-0.30752039894302724,51.50184103038392],[-0.30778026318115786,51.50176324479009]]},"properties":{"id":"940GZZLUACT-940GZZLUSEA-Piccadilly","source":"940GZZLUACT","target":"940GZZLUSEA","sourceName":"Acton Town","targetName":"South Ealing","line":"Piccadilly","colour":"#003688","color":"#003688","traffic":0.1294,"off9":0.0,"off12":0.0,"off14":0.0},"id":3},{"type":"Feature","geometry":{"type":"LineString","coordinates":[[-0.2798245047540533,51.50357405096972],[-0.2795801263238805,51.503405034028916],[-0.27939929354766696,51.50327129926764],[-0.2791797599048079,51.503096110248094],[-0.2790184931764531,51.50295757050817],[-0.27877696113905454,51.50271583080015],[-0.2785828802006544,51.502496409250895],[-0.2783440265851956,51.50216258554869],[-0.278176724347434,51.5018790392631],[-0.27789444385571194,51.50136907425575],[-0.277710665998305,51.501006771868425],[-0.27764845109471564,51.500902652109325],[-0.2774646146451281,51.50054642611503],[-0.2773782767776001,51.500375517800116],[-0.2772758106605747,51.50020940969867],[-0.2772156122545588,51.50012619927229],[-0.27710864269449403,51.50000819659327],[-0.2769612368754735,51.49984305657367],[-0.2768474021077163,51.499738790720805],[-0.27672946425857653,51.49964268633545],[-0.2765983977054529,51.49954067154885],[-0.27642253704184977,51.49942606761981],[-0.2762429504906429,51.499310681035915],[-0.2760412765969481,51.49920008559258],[-0.27570842823483677,51.499042815086305],[-0.2753730690531451,51.49889200463414],[-0.27466783578985404,51.49859657672415],[-0.2740141053777885,51.49832868504625],[-0.27353937711829157,51.49812651734841],[-0.27328347771049166,51.498005242899374],[-0.27296266128512864,51.49783611779008],[-0.2726212477376216,51.49764995408592],[-0.27243041949186975,51.49753486146614],[-0.27219902601468887,51.497378426996484],[-0.271950391213871,51.49720070391859],[-0.271446924401865,51.496783382769],[-0.2712395414509752,51.496597489438685],[-0.2710468505117851,51.49644405636568],[-0.2706740382277249,51.49619816240829],[-0.27030275896410316,51.49599745531514],[-0.2699828176453318,51.495848707445],[-0.2697202865605319,51.495742903398],[-0.26934789160333733,51.495612792176786],[-0.26912549751143033,51.4955425387758],[-0.2688292660437291,51.49545823378939],[-0.26862878077631674,51.495405416218425],[-0.2684291499881707,51.495359009764755],[-0.26818322833866926,51.49531076124568],[-0.26798202871750143,51.495274587882854],[-0.2678245028591914,51.49525157418112]]},"properties":{"id":"940GZZLUACT-940GZZLUCWP-District","source":"940GZZLUACT","target":"940GZZLUCWP","sourceName":"Acton Town","targetName":"Chiswick Park","line":"District","colour":"#00782A","color":"#00782A","traffic":0.0726,"off9":0.0,"off12":0.0,"off14":0.0},"id":4},{"type":"Feature","geometry":{"type":"LineString","coordinates":[[-0.2545362111966187,51.494368344843494],[-0.2545780470551764,51.49436777588638],[-0.25512226743733785,51.494356906775835],[-0.25539330237157265,51.49435197191026],[-0.2556413674761642,51.494340035315005],[-0.25705484895748065,51.49429743822258],[-0.2581960821818451,51.494284083263985],[-0.25898672170888576,51.49430202497264],[-0.2592058396166203,51.49430592571747],[-0.25945274366089077,51.494307573506],[-0.2595362508384145,51.49430737231703],[-0.2596785995142749,51.49430717469116],[-0.25988668063516746,51.494306394445985],[-0.26007358822718835,51.49429737834428],[-0.26023594803205374,51.4942872912466],[-0.26043824032962465,51.49427058626151],[-0.2608378421961583,51.49423819645672],[-0.26126327811631145,51.49419919773537],[-0.26261684349189807,51.494057376172925],[-0.26367676495993847,51.49393410405738],[-0.2649867482427004,51.49379063726704],[-0.2655477771404421,51.49373741974986],[-0.2659279106174424,51.49371471069669],[-0.2663217460885544,51.493702270767706],[-0.26674254763498284,51.49370230162419],[-0.26699640255690943,51.4937066420404],[-0.26725538033597845,51.49371780784648],[-0.2676311042946005,51.493744719293694],[-0.26804544992616763,51.49378854220651],[-0.26833916005003083,51.49382787243494],[-0.2685986631653251,51.49386972333717],[-0.2689004264911923,51.493926815404706],[-0.2691590093464948,51.493983035867174],[-0.269413230202568,51.49404338241866],[-0.2697662904040592,51.49413616043623],[-0.2701142153522255,51.49423621026307],[-0.27050931801840206,51.49436439057099],[-0.27091843604548643,51.49450809726598],[-0.2714063518391197,51.49471986101535],[-0.2718481820008048,51.49493848435436],[-0.2723179202188712,51.495209505156026],[-0.27264471346229235,51.4954220587363],[-0.27296107869613623,51.49566280299836],[-0.27344116761215836,51.496071027429075],[-0.2735964045190238,51.496201155483845],[-0.2737463803439946,51.49632209513572],[-0.2738308586262365,51.49638933295506],[-0.27408458218109977,51.49654200846828],[-0.2743711426912296,51.496696742409384],[-0.27454472653746315,51.49679706897509],[-0.2749276397898567,51.49698279713336],[-0.27555815559548713,51.49724165784618],[-0.27574183085819776,51.49731757721326],[-0.276292635456013,51.49754648420202],[-0.2768493816480392,51.49778716376933],[-0.27715402880630996,51.49792964410152],[-0.27744857634196624,51.498076757423654],[-0.2778427001907853,51.49830440939596],[-0.278105686687702,51.49847592480119],[-0.27843022594975686,51.49870476553718],[-0.2787371572464651,51.498955480348485],[-0.27888393010024076,51.49909477171409],[-0.27903301401573133,51.49924343955267],[-0.27928018653116937,51.49953636644916],[-0.2794293449972211,51.499720878153944],[-0.2795742883480045,51.49996849398144],[-0.2796898115304811,51.500183281147066],[-0.27981761041702297,51.50046020509506],[-0.27994568484610993,51.50080080104385],[-0.28007088281910525,51.50107616323237],[-0.2802604186736746,51.50144275424102],[-0.28038118381026217,51.50164511598726],[-0.28047780344752776,51.50179216441741],[-0.2806155248611538,51.50195466221808],[-0.28068999397140065,51.50203806501973],[-0.2807187697939828,51.50208736789124],[-0.28083641562738937,51.50220555359209],[-0.28107766571583104,51.50239336022158],[-0.28111013335159446,51.50241786701104]]},"properties":{"id":"940GZZLUTNG-940GZZLUACT-Piccadilly","source":"940GZZLUTNG","target":"940GZZLUACT","sourceName":"Turnham Green","targetName":"Acton Town","line":"Piccadilly","colour":"#003688","color":"#003688","traffic":0.1516,"off9":0.0,"off12":0.0,"off14":0.0},"id":5},{"type":"Feature","geometry":{"type":"LineString","coordinates":[[-0.2545362111966187,51.494368344843494],[-0.2532923326982327,51.49438511459268],[-0.25277291690907244,51.49438927762264],[-0.251637195469544,51.49438928039734],[-0.25107993592897926,51.49438386168066],[-0.2503201778728327,51.49436751556924],[-0.24848027542230325,51.49431279967013],[-0.2482472943838025,51.49430595038772],[-0.24756148578830747,51.49428888689693],[-0.2472127862615068,51.49428542210743],[-0.2470689474746532,51.49427892424955],[-0.2469130258257111,51.49427022821724],[-0.24685361062486164,51.49426612586588],[-0.24641722135818592,51.494236787050994],[-0.24553633135528805,51.49417636717282],[-0.24537452992122188,51.49416670170342],[-0.24521385354142097,51.49415999793354],[-0.24500035016912597,51.494152015131206],[-0.24466737599849742,51.4941480762135],[-0.2442107561722602,51.49415040572906],[-0.24375502429712925,51.49416510337633],[-0.24330511565816515,51.49417743789503],[-0.24286710429949715,51.49417737746613],[-0.24237452244803334,51.49416044648218],[-0.2417644352035931,51.49412850283197],[-0.24116928722691672,51.49408210026109],[-0.24059719950352532,51.49402505942502],[-0.23994729677739302,51.49394122635828],[-0.23976805361343434,51.493916198242445],[-0.2394115719315498,51.49386560040266],[-0.23905653364891483,51.493811168225214],[-0.23819995869273966,51.493667014440234],[-0.23730262102077862,51.493515391899216],[-0.2370173796696166,51.49347760423031],[-0.23653420481539525,51.49342204074716],[-0.2358905600212995,51.49336572320754],[-0.2348943878643686,51.493303281487556],[-0.23468819484059078,51.493288103541914],[-0.23422623270475051,51.493253365531245],[-0.23401519181230052,51.49323721148581],[-0.23361828234379053,51.49319646087854],[-0.23321754871246733,51.493146680869614],[-0.23301513730182832,51.493121736924124],[-0.23271209491650738,51.49308130752763],[-0.23236236028964372,51.493050766837804],[-0.232035982568354,51.493032128158234],[-0.23151847714351492,51.49300461897133],[-0.23046687544395517,51.49293375685361],[-0.23020659353840334,51.49291725654694],[-0.22980574665145057,51.49288825646567],[-0.22960467741305624,51.492869971672],[-0.2288485385555306,51.49282529172099],[-0.2285141302458591,51.4928289126225],[-0.2281820686031963,51.49284387107275],[-0.22751628857459222,51.49291585496475],[-0.22730276433402175,51.49293497967866],[-0.22716875369400405,51.492942372634545],[-0.22703763133973487,51.492941987586136],[-0.22692065916782833,51.4929407554587],[-0.22681448115686828,51.49293116219571],[-0.22663787710406036,51.49291181995708],[-0.2263859632851992,51.49286197135324],[-0.22624062597128683,51.492820071533316],[-0.22577190274359346,51.49267722537705],[-0.22508096370215594,51.49242976979306],[-0.22496317546654576,51.49237814897783],[-0.22480864012338048,51.49229106221187],[-0.2247699977052416,51.49225971833875],[-0.22468413234968107,51.4921705147735],[-0.2245462450680442,51.49202622617128],[-0.2244151412137004,51.49190632020748],[-0.2243559684985644,51.491845794889464]]},"properties":{"id":"940GZZLUTNG-940GZZLUHSD-Piccadilly","source":"940GZZLUTNG","target":"940GZZLUHSD","sourceName":"Turnham Green","targetName":"Hammersmith DistPicc Line","line":"Piccadilly","colour":"#003688","color":"#003688","traffic":0.3774,"off9":0.0,"off12":0.0,"off14":0.0},"id":6},{"type":"Feature","geometry":{"type":"LineString","coordinates":[[-0.2556786743206501,51.49576558392777],[-0.256084410819703,51.49574200219185],[-0.25713807037530484,51.495692106727965],[-0.25841194797040806,51.495647963813305],[-0.2590629912485716,51.49563577369599],[-0.25954353220701976,51.495615704150865],[-0.260239485067891,51.495555332078666],[-0.26037215885048387,51.49553933642367],[-0.26282084073022055,51.49529049233225],[-0.2664209911624932,51.49490486947491],[-0.26752901659002354,51.49479172620837],[-0.26813181959068444,51.494727960637604],[-0.26817409894232463,51.49472416830141],[-0.2690889204454966,51.494628540732286],[-0.2700131546244546,51.49451487240377],[-0.27084997078481743,51.49438130603859],[-0.2719830982774432,51.494126222586154],[-0.27276115113315946,51.493870588704205],[-0.27345539358392573,51.49358020625614],[-0.27426226882079063,51.49321232380811]]},"properties":{"id":"940GZZLUTNG-940GZZLUGBY-District","source":"940GZZLUTNG","target":"940GZZLUGBY","sourceName":"Turnham Green","targetName":"Gunnersbury","line":"District","colour":"#00782A","color":"#00782A","traffic":0.0751,"off9":0.0,"off12":0.0,"off14":0.0},"id":7},{"type":"Feature","geometry":{"type":"LineString","coordinates":[[-0.2545301741521883,51.494488129682765],[-0.25440524606239784,51.494491105686045],[-0.25276983708820594,51.4944857821848],[-0.25219115632067235,51.494493719221],[-0.25163151191098637,51.49449867169529],[-0.2510703462117469,51.49449370161523],[-0.25030634933397816,51.494486709352365],[-0.24998436431110066,51.4944771966525],[-0.2496596995048013,51.49447074708272],[-0.24939612197957184,51.49446141146603],[-0.24911967897053058,51.49444598407848],[-0.24883473702463293,51.49442906140432],[-0.24858197986904976,51.49441521897184],[-0.24829802265646705,51.49438276464872],[-0.24757886758856404,51.49436492969024],[-0.24753735806774996,51.49436209201764],[-0.24712798297986532,51.49435563724122],[-0.24690178353257022,51.494342475846096],[-0.24651755379184714,51.49431616735418],[-0.2457778329463324,51.494266657317795]]},"properties":{"id":"940GZZLUTNG-940GZZLUSFB-District","source":"940GZZLUTNG","target":"940GZZLUSFB","sourceName":"Turnham Green","targetName":"Stamford Brook","line":"District","colour":"#00782A","color":"#00782A","traffic":0.1922,"off9":0.0,"off12":0.0,"off14":0.0},"id":8},{"type":"Feature","geometry":{"type":"LineString","coordinates":[[-0.2556064999545171,51.49576682612575],[-0.2560306395431547,51.49576781582771],[-0.2570942273158536,51.49575299793111],[-0.2581838276526447,51.49574850970705],[-0.25895357260734764,51.49576261912417],[-0.2590862905940389,51.495764763633005],[-0.259428104785649,51.49577339811099],[-0.25970111815385083,51.49577137507199],[-0.26018138130620394,51.49575611708242],[-0.2603947875599805,51.49574498539395],[-0.261061171092547,51.495693702830934],[-0.26149734847723943,51.49565370964778],[-0.2628672647816736,51.49550379993074],[-0.2639132655102543,51.49539246018889],[-0.2655462620461027,51.49521526619233],[-0.26574142482886254,51.495197471384756],[-0.2663733029889402,51.495165956218486],[-0.26679217484376005,51.495163557547784],[-0.2669931287384498,51.49517074424118],[-0.2672007707269812,51.49518219563544],[-0.2674107369491341,51.495200950972766],[-0.26775477591001684,51.4952410503968],[-0.2678245028591914,51.49525157418112]]},"properties":{"id":"940GZZLUTNG-940GZZLUCWP-District","source":"940GZZLUTNG","target":"940GZZLUCWP","sourceName":"Turnham Green","targetName":"Chiswick Park","line":"District","colour":"#00782A","color":"#00782A","traffic":0.0326,"off9":0.0,"off12":0.0,"off14":0.0},"id":9},{"type":"Feature","geometry":{"type":"LineString","coordinates":[[-0.2894665388212201,51.51010709065169],[-0.289470458985075,51.51023446167267],[-0.2894467061159388,51.51070573950969],[-0.28940420717055254,51.511093093373006],[-0.28929735193079836,51.51203445439095],[-0.2892533682692057,51.51235883996459],[-0.28920041474137803,51.512595718325905],[-0.28910876713552447,51.51287633486671],[-0.2889694057724634,51.51329451032348],[-0.28894714745783256,51.51339196308975],[-0.28893397091696943,51.51348811755839],[-0.2889301287832424,51.51356720782114],[-0.28893273669931735,51.51365231236722],[-0.2889439981855775,51.5137411654459],[-0.2889445125252609,51.51379965400163],[-0.28894853967438483,51.513843162996885],[-0.2889626832086895,51.51389957391445],[-0.2889987777404145,51.51402483483811],[-0.28903541790295034,51.51410572989174],[-0.28908874912845517,51.51418655704645],[-0.2891343464709986,51.51425417107213],[-0.28949452883630666,51.514574524544855],[-0.2897241131581421,51.51479632251683],[-0.29008156914510763,51.51511277097178],[-0.29026920711307425,51.51530880156029],[-0.2905230145406889,51.5155911689009],[-0.2906878966792679,51.515959594538],[-0.2907287138283822,51.51625908545837],[-0.2906887467923734,51.51661450421109],[-0.2906080307177503,51.516832371128466],[-0.2904945614023882,51.51704314642643],[-0.2903176034149111,51.517286165713536],[-0.290171340322751,51.517448826186985],[-0.28996423728288695,51.51769983458665],[-0.28971396531761,51.51796737631192]]},"properties":{"id":"940GZZLUECM-940GZZLUNEN-Piccadilly","source":"940GZZLUECM","target":"940GZZLUNEN","sourceName":"Ealing Common","targetName":"North Ealing","line":"Piccadilly","colour":"#003688","color":"#003688","traffic":0.0447,"off9":0.0,"off12":0.0,"off14":0.0},"id":10},{"type":"Feature","geometry":{"type":"LineString","coordinates":[[-0.28702763969629275,51.510045135129175],[-0.28701729512135454,51.510003677495185],[-0.28701315291104856,51.50986262116178],[-0.2869223106609951,51.50966683984825],[-0.2867889216142783,51.509278494272785],[-0.28667611220531036,51.508942590620016],[-0.2866229882690432,51.508765305812894],[-0.28655305959771893,51.50855162146493],[-0.28648430204907643,51.5083563957219],[-0.2863633492869528,51.50810564017297],[-0.2863022303859674,51.507979422339936],[-0.28623989498008184,51.50787163941291],[-0.2861512268215877,51.50773732883007],[-0.28606418418205026,51.507617835890485],[-0.2859530865480132,51.507477843535575],[-0.2858203039403611,51.5073284266898],[-0.2856023388829385,51.507119000834415],[-0.28536553646182655,51.50691657980409],[-0.28515061202523934,51.50675344286882],[-0.28495212238833245,51.50661303193081],[-0.2844831768291475,51.50635478613748],[-0.28412923102644494,51.50617340714895],[-0.2837154493647186,51.50596807585335],[-0.28327184990023135,51.505739259997405],[-0.28281048119118646,51.505480488949175],[-0.28244974125503575,51.50526852656617],[-0.28186000587640864,51.50491472628737],[-0.2816556053422034,51.50478716396054],[-0.2811708497413378,51.504508794902684]]},"properties":{"id":"940GZZLUECM-940GZZLUACT-Piccadilly","source":"940GZZLUECM","target":"940GZZLUACT","sourceName":"Ealing Common","targetName":"Acton Town","line":"Piccadilly","colour":"#003688","color":"#003688","traffic":0.0597,"off9":0.0,"off12":0.0,"off14":0.0},"id":11},{"type":"Feature","geometry":{"type":"LineString","coordinates":[[-0.2870650805231949,51.51017285847885],[-0.2870650844484868,51.51016907514504],[-0.2870576136312346,51.51000236419614],[-0.2870541745983209,51.50985709431781],[-0.28696938641066944,51.50966291778644],[-0.2868851049451742,51.509436144981606],[-0.2867318126786285,51.50892873492421],[-0.28667500525711137,51.50874801431416],[-0.2866057219465098,51.508517794104364],[-0.28653751531794247,51.508313846420265],[-0.2864149079486044,51.50803151010765],[-0.2863567044270597,51.50789993517816],[-0.28627617908629066,51.50774794871305],[-0.28619792638219965,51.50760743593858],[-0.2861404559247544,51.507497987144646],[-0.28605423248448353,51.50737610620123],[-0.2859508472241283,51.507238112713225],[-0.28573342622251824,51.507000052463674],[-0.285450633690326,51.50674122662373],[-0.2852395168436944,51.50655598062475],[-0.2851189351465943,51.50644385697599],[-0.28487522614260063,51.50625746993041],[-0.28464736141172176,51.50609966358808],[-0.28448579977013777,51.50600286110357],[-0.2841180563931185,51.50577474461489],[-0.2838166997665072,51.50560181682989],[-0.28361988744091154,51.50549763407584],[-0.28273395456455086,51.5050606691248],[-0.2820949885084556,51.504742173612165],[-0.28143356730299773,51.50441211630353],[-0.28074221801841176,51.50407250743384],[-0.2803184366261181,51.50385705754715],[-0.27996598769319275,51.50366317738842],[-0.2798245047540533,51.50357405096972]]},"properties":{"id":"940GZZLUECM-940GZZLUACT-District","source":"940GZZLUECM","target":"940GZZLUACT","sourceName":"Ealing Common","targetName":"Acton Town","line":"District","colour":"#00782A","color":"#00782A","traffic":0.0597,"off9":0.0,"off12":0.0,"off14":0.0},"id":12},{"type":"Feature","geometry":{"type":"LineString","coordinates":[[-0.2870650805231949,51.51017285847885],[-0.28706674101492496,51.51022313832733],[-0.2870500938840612,51.510590060490316],[-0.2870147928294475,51.510929506626994],[-0.2869106480692017,51.51185594560905],[-0.28687903173079426,51.51212496003541],[-0.2868651852586219,51.51224068167409],[-0.2868174328644756,51.51242386513329],[-0.2866757942275366,51.51284648967651],[-0.28661785254216743,51.51302203691025],[-0.2865602290830305,51.51325168244161],[-0.2865268712167576,51.51353099217886],[-0.2865452633006827,51.513827287632786],[-0.2865890018144225,51.5140416345541],[-0.2866474874747391,51.51424094599837],[-0.28673126032561513,51.51442123700311],[-0.28680231679131046,51.51455582608555],[-0.28698482225958555,51.51484176516189],[-0.2871829820970497,51.51505927010827],[-0.2873248508715448,51.51520304295355],[-0.2874816535290014,51.515340628927866],[-0.28791928527001365,51.51570345075134],[-0.2881507495601441,51.51585693935379],[-0.28833355377627995,51.51597035241676],[-0.2884404233322174,51.51603038962102],[-0.2885790267613914,51.51609717925314],[-0.28867289857646905,51.51614409894472],[-0.2888428185350319,51.51621881268571],[-0.289009093114794,51.51628642092706],[-0.28919195288841365,51.51634649145171],[-0.2893596006438493,51.51639909130955],[-0.2895612531857157,51.51645514740844],[-0.2897429660310909,51.51649792202807],[-0.2898546086734831,51.51652111402629],[-0.28996815752756805,51.51654349283324],[-0.2901481614883835,51.516571654049045],[-0.2904074619341206,51.516605639397476],[-0.290584550653391,51.516621555394586],[-0.29071791589758567,51.51663167124815],[-0.29085092792987505,51.51664053672945],[-0.2909616657539863,51.51664664280078],[-0.29113363485157095,51.516654793791446],[-0.29130684365924864,51.51665784297077],[-0.2914522188764157,51.51666141303255],[-0.2916111104916705,51.51665945422573],[-0.29169610813717484,51.51665508256493],[-0.29181772338203416,51.51665131102381],[-0.2919924232760941,51.516643054903646],[-0.29216355432018914,51.51663056889794],[-0.2923732054820316,51.51660765256268],[-0.2925425838140116,51.51658307364278],[-0.2927051886797831,51.51655850216671],[-0.292903939982093,51.51652090275848],[-0.2930098846366714,51.516496094069396],[-0.2931870993385175,51.51645773091274],[-0.2934692837380879,51.516383328970164],[-0.293630734400555,51.516333244789564],[-0.2937828789939782,51.51628493594001],[-0.29417938821457085,51.51616531606746],[-0.2943344110082137,51.516121144869196],[-0.2944746581047011,51.51608633681626],[-0.2946137555332557,51.5160595743777],[-0.2947620400264546,51.51603313335956],[-0.29494023650982276,51.51600798158943],[-0.2950633238937146,51.51598915438535],[-0.2951294718409125,51.515982243703995],[-0.29526180295891263,51.51597430547267],[-0.29539285461839526,51.51596638205571],[-0.29556129897943706,51.51596175732587],[-0.2960386061050802,51.51595397156019],[-0.2964205390007328,51.5159445646966],[-0.2969581648503396,51.51593520155798],[-0.2980319674285285,51.515935528276124]]},"properties":{"id":"940GZZLUECM-940GZZLUEBY-District","source":"940GZZLUECM","target":"940GZZLUEBY","sourceName":"Ealing Common","targetName":"Ealing Broadway","line":"District","colour":"#00782A","color":"#00782A","traffic":0.0292,"off9":0.0,"off12":0.0,"off14":0.0},"id":13},{"type":"Feature","geometry":{"type":"LineString","coordinates":[[-0.30776585638275505,51.50167932051344],[-0.30817490856441465,51.50155004440829],[-0.3088801326209889,51.50136192524905],[-0.3097188184676333,51.501192416425894],[-0.31109373195165646,51.50089930040706],[-0.3116515143586756,51.500759049402355],[-0.31201127674399287,51.50066677644487],[-0.31232032008338406,51.500597060944266],[-0.3126137837739756,51.50053381582591],[-0.31315096328438147,51.50041880043375],[-0.3139076600756741,51.50026570500611],[-0.3143263816994268,51.50018589654912],[-0.3146529016343359,51.5001215576717],[-0.31495583953271955,51.500061166404336]]},"properties":{"id":"940GZZLUSEA-940GZZLUNFD-Piccadilly","source":"940GZZLUSEA","target":"940GZZLUNFD","sourceName":"South Ealing","targetName":"Northfields","line":"Piccadilly","colour":"#003688","color":"#003688","traffic":0.128,"off9":0.0,"off12":0.0,"off14":0.0},"id":14},{"type":"Feature","geometry":{"type":"LineString","coordinates":[[-0.30778026318115786,51.50176324479009],[-0.30752039894302724,51.50184103038392],[-0.30729994090281393,51.50191113754432],[-0.3069874010860517,51.50202770045974],[-0.30551724311912176,51.50258391342016],[-0.30407953772121377,51.5031262683008],[-0.30308045623171853,51.50348508052713],[-0.30259325450460617,51.50362199589456],[-0.30197624041106436,51.503776852359216],[-0.3014831953405519,51.503874659961284],[-0.3009860789822763,51.503958041281926],[-0.300426615740853,51.504042131236375],[-0.2985845169543054,51.504312352976626],[-0.29482843239399337,51.50485245095018],[-0.2940340282279972,51.50496792111635],[-0.2936358106955395,51.50503029381143],[-0.2932906272089522,51.50509482416177],[-0.29294702773796333,51.5051697166829],[-0.292594674318783,51.50525629750675],[-0.29210089089297636,51.505398151157706],[-0.29176141008794376,51.50550803352927],[-0.29128635907183803,51.505686672054544],[-0.29066685972092027,51.505947565733734],[-0.29033579875450694,51.506074122427],[-0.28998915788021995,51.50622345580277],[-0.28958767735177754,51.50635579931466],[-0.28917633956244615,51.50646752500881],[-0.2887465649673424,51.50655515284236],[-0.28828720522432905,51.5066250556675],[-0.28784554113593697,51.506658825461784],[-0.28741115329976746,51.50667786321744],[-0.2870042069128008,51.506670233306664],[-0.28647858032346163,51.506637118353545],[-0.2859871795656654,51.50657789524064],[-0.28578005426895675,51.50654783876055],[-0.28549888138901025,51.506499385787045],[-0.2851434522414031,51.50642561582169],[-0.28466420684756716,51.506300047935184],[-0.28437704898606175,51.50621363387471],[-0.28387593323693955,51.50604165011028],[-0.2834765201367415,51.50588827697595],[-0.2829834978693314,51.50567795126069],[-0.2825310193712558,51.50547161782053],[-0.28220816180591973,51.5053036990297],[-0.2817988739360412,51.50507223129802],[-0.28135313539730156,51.50480558117217],[-0.2803740454265402,51.50419273832882],[-0.27976649275112553,51.503825647485684]]},"properties":{"id":"940GZZLUSEA-940GZZLUACT-Piccadilly","source":"940GZZLUSEA","target":"940GZZLUACT","sourceName":"South Ealing","targetName":"Acton Town","line":"Piccadilly","colour":"#003688","color":"#003688","traffic":0.2557,"off9":0.0,"off12":0.0,"off14":0.0},"id":15},{"type":"Feature","geometry":{"type":"LineString","coordinates":[[-0.2678245028591914,51.49525157418112],[-0.26798202871750143,51.495274587882854],[-0.26818322833866926,51.49531076124568],[-0.2684291499881707,51.495359009764755],[-0.26862878077631674,51.495405416218425],[-0.2688292660437291,51.49545823378939],[-0.26912549751143033,51.4955425387758],[-0.26934789160333733,51.495612792176786],[-0.2697202865605319,51.495742903398],[-0.2699828176453318,51.495848707445],[-0.27030275896410316,51.49599745531514],[-0.2706740382277249,51.49619816240829],[-0.2710468505117851,51.49644405636568],[-0.2712395414509752,51.496597489438685],[-0.271446924401865,51.496783382769],[-0.271950391213871,51.49720070391859],[-0.27219902601468887,51.497378426996484],[-0.27243041949186975,51.49753486146614],[-0.2726212477376216,51.49764995408592],[-0.27296266128512864,51.49783611779008],[-0.27328347771049166,51.498005242899374],[-0.27353937711829157,51.49812651734841],[-0.2740141053777885,51.49832868504625],[-0.27466783578985404,51.49859657672415],[-0.2753730690531451,51.49889200463414],[-0.27570842823483677,51.499042815086305],[-0.2760412765969481,51.49920008559258],[-0.2762429504906429,51.499310681035915],[-0.27642253704184977,51.49942606761981],[-0.2765983977054529,51.49954067154885],[-0.27672946425857653,51.49964268633545],[-0.2768474021077163,51.499738790720805],[-0.2769612368754735,51.49984305657367],[-0.27710864269449403,51.50000819659327],[-0.2772156122545588,51.50012619927229],[-0.2772758106605747,51.50020940969867],[-0.2773782767776001,51.500375517800116],[-0.2774646146451281,51.50054642611503],[-0.27764845109471564,51.500902652109325],[-0.277710665998305,51.501006771868425],[-0.27789444385571194,51.50136907425575],[-0.278176724347434,51.5018790392631],[-0.2783440265851956,51.50216258554869],[-0.2785828802006544,51.502496409250895],[-0.27877696113905454,51.50271583080015],[-0.2790184931764531,51.50295757050817],[-0.2791797599048079,51.503096110248094],[-0.27939929354766696,51.50327129926764],[-0.2795801263238805,51.503405034028916],[-0.2798245047540533,51.50357405096972]]},"properties":{"id":"940GZZLUCWP-940GZZLUACT-District","source":"940GZZLUCWP","target":"940GZZLUACT","sourceName":"Chiswick Park","targetName":"Acton Town","line":"District","colour":"#00782A","color":"#00782A","traffic":0.0286,"off9":0.0,"off12":0.0,"off14":0.0},"id":16},{"type":"Feature","geometry":{"type":"LineString","coordinates":[[-0.2678245028591914,51.49525157418112],[-0.26775477591001684,51.4952410503968],[-0.2674107369491341,51.495200950972766],[-0.2672007707269812,51.49518219563544],[-0.2669931287384498,51.49517074424118],[-0.26679217484376005,51.495163557547784],[-0.2663733029889402,51.495165956218486],[-0.26574142482886254,51.495197471384756],[-0.2655462620461027,51.49521526619233],[-0.2639132655102543,51.49539246018889],[-0.2628672647816736,51.49550379993074],[-0.26149734847723943,51.49565370964778],[-0.261061171092547,51.495693702830934],[-0.2603947875599805,51.49574498539395],[-0.26018138130620394,51.49575611708242],[-0.25970111815385083,51.49577137507199],[-0.259428104785649,51.49577339811099],[-0.2590862905940389,51.495764763633005],[-0.25895357260734764,51.49576261912417],[-0.2581838276526447,51.49574850970705],[-0.2570942273158536,51.49575299793111],[-0.2560306395431547,51.49576781582771],[-0.2556064999545171,51.49576682612575]]},"properties":{"id":"940GZZLUCWP-940GZZLUTNG-District","source":"940GZZLUCWP","target":"940GZZLUTNG","sourceName":"Chiswick Park","targetName":"Turnham Green","line":"District","colour":"#00782A","color":"#00782A","traffic":0.0742,"off9":0.0,"off12":0.0,"off14":0.0},"id":17},{"type":"Feature","geometry":{"type":"LineString","coordinates":[[-0.0723973055707642,51.51507803221823],[-0.0719595,51.51522],[-0.0716519,51.5153293],[-0.070814,51.5156136],[-0.0707505,51.5156352],[-0.0701644,51.5158358],[-0.0700896,51.5158628],[-0.06989,51.5159345],[-0.0697193,51.5159933],[-0.0675266,51.517011],[-0.0659685,51.5175167],[-0.0655331,51.517658],[-0.0652014,51.5177908],[-0.0649845,51.5178777],[-0.0632863,51.5184048],[-0.0630849,51.5185126],[-0.062816,51.5187776],[-0.0627473,51.5188359],[-0.0626019,51.5189123],[-0.0624676,51.5189824],[-0.0623341,51.5190336],[-0.0621801,51.5190818],[-0.0618008,51.5191771],[-0.0616936,51.5192046],[-0.0613584,51.5192905],[-0.0604684,51.5194958],[-0.0600268,51.5196066],[-0.059988568735378986,51.519613624116865]]},"properties":{"id":"940GZZLUADE-940GZZLUWPL-Hammersmith & City","source":"940GZZLUADE","target":"940GZZLUWPL","sourceName":"Aldgate East","targetName":"Whitechapel","line":"Hammersmith & City","colour":"#F3A9BB","color":"#F3A9BB","traffic":0.0767,"off9":0.0,"off12":0.0,"off14":0.0},"id":18},{"type":"Feature","geometry":{"type":"LineString","coordinates":[[-0.07276807994911719,51.515789584882015],[-0.07234615765229492,51.51592827150552],[-0.07204625419872906,51.516035926439],[-0.07120101529020552,51.516321796564235],[-0.07113852808672562,51.51634318195289],[-0.07056291658855958,51.51654152248771],[-0.07049491789420911,51.516567020940435],[-0.07028893792202137,51.51664013048491],[-0.07016866478964949,51.51668709315616],[-0.06796597913032801,51.51770726793103],[-0.0663395779721109,51.51822819538441],[-0.06594225714677886,51.51836136427767],[-0.06564833054438746,51.51848520619033],[-0.06538652868332644,51.51858265463554],[-0.06375021810507095,51.51909488019932],[-0.06379774533704695,51.519114917475015],[-0.06361776950245396,51.51933494869644],[-0.06342349564685085,51.51945436656652],[-0.06315960605162266,51.5195749554879],[-0.062961773801875,51.51966430079495],[-0.06272906545184062,51.51974010117148],[-0.0625062362437738,51.51980177352429],[-0.06209662251838113,51.519902125684],[-0.06199216545633769,51.5199291902344],[-0.06164273397716271,51.52001730336699],[-0.060749793668577974,51.52022304650471],[-0.06028182397207907,51.52033760240181],[-0.06022892647009788,51.520346548131215]]},"properties":{"id":"940GZZLUADE-940GZZLUWPL-District","source":"940GZZLUADE","target":"940GZZLUWPL","sourceName":"Aldgate East","targetName":"Whitechapel","line":"District","colour":"#00782A","color":"#00782A","traffic":0.0767,"off9":0.0,"off12":0.0,"off14":0.0},"id":19},{"type":"Feature","geometry":{"type":"LineString","coordinates":[[-0.07240538683253858,51.515102467797135],[-0.073758,51.5146606],[-0.0740001,51.5146072],[-0.0741593,51.5145808],[-0.0743348,51.5145686],[-0.0744898,51.514561],[-0.0746211,51.5145641],[-0.074776,51.5145679],[-0.0749968,51.514586],[-0.0752159,51.5146177],[-0.0754716,51.5146618],[-0.0756144,51.5146908],[-0.0757674,51.5147281],[-0.0758696,51.5147573],[-0.0759216,51.5147781],[-0.0759712,51.5148001],[-0.0760057,51.5148157],[-0.0760458,51.5148336],[-0.0761377,51.5148784],[-0.0761933,51.5149054],[-0.0762904,51.514957],[-0.0763641,51.5150037],[-0.0764014,51.5150273],[-0.0765666,51.5151357],[-0.0768024,51.5153085],[-0.0770281,51.5154502],[-0.0770638,51.5154726],[-0.0772262,51.5155714],[-0.0772783,51.5156053],[-0.0774086,51.5156899],[-0.0775856,51.5157851],[-0.0777492,51.515856],[-0.0778672,51.5159053],[-0.0781864,51.5160488],[-0.0786166,51.5162418],[-0.0791665,51.5164053],[-0.0807474,51.5169244],[-0.0808641,51.5169498],[-0.081007,51.5169748],[-0.0818196,51.5170871],[-0.0825435,51.5172123],[-0.0830667,51.517297],[-0.08319090854722183,51.51731718722172]]},"properties":{"id":"940GZZLUADE-940GZZLULVT-Hammersmith & City","source":"940GZZLUADE","target":"940GZZLULVT","sourceName":"Aldgate East","targetName":"Liverpool Street","line":"Hammersmith & City","colour":"#F3A9BB","color":"#F3A9BB","traffic":0.1443,"off9":0.0,"off12":0.0,"off14":0.0},"id":20},{"type":"Feature","geometry":{"type":"LineString","coordinates":[[-0.0720321257756951,51.514391418757484],[-0.07341235240150251,51.5139441659807],[-0.07376881821364333,51.51384537393471],[-0.07389197467208454,51.51379169170163],[-0.07399192589057542,51.51373862999663],[-0.07408333912216244,51.51368072491948],[-0.07414833353428199,51.51361797601406],[-0.07420894617365201,51.51355162313969],[-0.07420356546808289,51.513519252768596],[-0.07421930916449378,51.513476967807456],[-0.07417376421916393,51.51349150055606],[-0.07414896142037629,51.51349225877157],[-0.0741475232388567,51.51346652598843],[-0.07418508978120392,51.51335418664411],[-0.07418794346010221,51.51334113286974],[-0.07418454045871434,51.51333017707479],[-0.0741806246446182,51.5133211737522],[-0.0741907828114147,51.51322470963631],[-0.0742248197473376,51.51310366191153],[-0.07427089453721407,51.512966349777656],[-0.0743461588143135,51.512791002215494],[-0.07438967829263166,51.51266128394483],[-0.0743960849183506,51.51259670969938],[-0.07439997660511712,51.51255150146122],[-0.07440157844470748,51.512530397772],[-0.07440457173256323,51.5125224028153],[-0.07425087434057295,51.51192231882795],[-0.07420085392439082,51.511753585395894],[-0.07416397897477238,51.511396265090035],[-0.07419322640870292,51.51115655959191],[-0.0742828821816104,51.510893072955824],[-0.07437027711549409,51.51069532409168],[-0.07444221118299622,51.51053056462758],[-0.07447582358256376,51.510476820720854],[-0.07481822966913622,51.50989823546879],[-0.07504743748045786,51.509718940303124],[-0.07525037032870813,51.509556607398494],[-0.07549699755031314,51.509409114300325],[-0.07573083678636444,51.5093144768886],[-0.07575864239812255,51.509303869682256],[-0.07599534904284716,51.50922086519042],[-0.07624448322527719,51.50916370893997],[-0.07627895572067404,51.509158258972285]]},"properties":{"id":"940GZZLUADE-940GZZLUTWH-District","source":"940GZZLUADE","target":"940GZZLUTWH","sourceName":"Aldgate East","targetName":"Tower Hill","line":"District","colour":"#00782A","color":"#00782A","traffic":0.3652,"off9":0.0,"off12":0.0,"off14":0.0},"id":21},{"type":"Feature","geometry":{"type":"LineString","coordinates":[[-0.059988568735378986,51.519613624116865],[-0.0597982,51.5196486],[-0.0596786,51.5196639],[-0.0595785,51.5196714],[-0.0593666,51.5196898],[-0.0592221,51.5196976],[-0.0590935,51.5196967],[-0.0589072,51.5196923],[-0.0586674,51.5196764],[-0.058463,51.5196499],[-0.0581897,51.5196217],[-0.0578613,51.5196307],[-0.0566188,51.5198606],[-0.0546678,51.5202077],[-0.0541902,51.5202926],[-0.0514288,51.5207839],[-0.0502083,51.5210235],[-0.0467219,51.5216851],[-0.046565803524206945,51.52171901392623]]},"properties":{"id":"940GZZLUWPL-940GZZLUSGN-Hammersmith & City","source":"940GZZLUWPL","target":"940GZZLUSGN","sourceName":"Whitechapel","targetName":"Stepney Green","line":"Hammersmith & City","colour":"#F3A9BB","color":"#F3A9BB","traffic":0.0751,"off9":0.0,"off12":0.0,"off14":0.0},"id":22},{"type":"Feature","geometry":{"type":"LineString","coordinates":[[-0.06022892647009788,51.520346548131215],[-0.059983154897503485,51.52038772192187],[-0.059799822431432385,51.520408115448326],[-0.05967540853631547,51.52041699381793],[-0.05945100692146321,51.520435982150026],[-0.05925030484550004,51.52044542239221],[-0.05907510085715307,51.520444640686165],[-0.05885322883342525,51.52043957404959],[-0.05855029478335121,51.52042087066109],[-0.05832401448195363,51.520392912112285],[-0.05814437757476301,51.52036919649327],[-0.057987508057001536,51.52037459447402],[-0.05683344486988626,51.520596607957856],[-0.05487828463724956,51.52094417319609],[-0.05440068975287416,51.52102907267343],[-0.05164988953397466,51.52151916947327],[-0.05043615888061809,51.52175796903486],[-0.046961607612121245,51.52241810782905],[-0.046821041349839124,51.522449989028786]]},"properties":{"id":"940GZZLUWPL-940GZZLUSGN-District","source":"940GZZLUWPL","target":"940GZZLUSGN","sourceName":"Whitechapel","targetName":"Stepney Green","line":"District","colour":"#00782A","color":"#00782A","traffic":0.0751,"off9":0.0,"off12":0.0,"off14":0.0},"id":23},{"type":"Feature","geometry":{"type":"LineString","coordinates":[[-0.059988568735378986,51.519613624116865],[-0.0600268,51.5196066],[-0.0604684,51.5194958],[-0.0613584,51.5192905],[-0.0616936,51.5192046],[-0.0618008,51.5191771],[-0.0621801,51.5190818],[-0.0623341,51.5190336],[-0.0624676,51.5189824],[-0.0626019,51.5189123],[-0.0627473,51.5188359],[-0.062816,51.5187776],[-0.0630849,51.5185126],[-0.0632863,51.5184048],[-0.0649845,51.5178777],[-0.0652014,51.5177908],[-0.0655331,51.517658],[-0.0659685,51.5175167],[-0.0675266,51.517011],[-0.0697193,51.5159933],[-0.06989,51.5159345],[-0.0700896,51.5158628],[-0.0701644,51.5158358],[-0.0707505,51.5156352],[-0.070814,51.5156136],[-0.0716519,51.5153293],[-0.0719595,51.51522],[-0.0723973055707642,51.51507803221823]]},"properties":{"id":"940GZZLUWPL-940GZZLUADE-Hammersmith & City","source":"940GZZLUWPL","target":"940GZZLUADE","sourceName":"Whitechapel","targetName":"Aldgate East","line":"Hammersmith & City","colour":"#F3A9BB","color":"#F3A9BB","traffic":0.3632,"off9":0.0,"off12":0.0,"off14":0.0},"id":24},{"type":"Feature","geometry":{"type":"LineString","coordinates":[[-0.06022892647009788,51.520346548131215],[-0.06028182397207907,51.52033760240181],[-0.060749793668577974,51.52022304650471],[-0.06164273397716271,51.52001730336699],[-0.06199216545633769,51.5199291902344],[-0.06209662251838113,51.519902125684],[-0.0625062362437738,51.51980177352429],[-0.06272906545184062,51.51974010117148],[-0.062961773801875,51.51966430079495],[-0.06315960605162266,51.5195749554879],[-0.06342349564685085,51.51945436656652],[-0.06361776950245396,51.51933494869644],[-0.06379774533704695,51.519114917475015],[-0.06375021810507095,51.51909488019932],[-0.06538652868332644,51.51858265463554],[-0.06564833054438746,51.51848520619033],[-0.06594225714677886,51.51836136427767],[-0.0663395779721109,51.51822819538441],[-0.06796597913032801,51.51770726793103],[-0.07016866478964949,51.51668709315616],[-0.07028893792202137,51.51664013048491],[-0.07049491789420911,51.516567020940435],[-0.07056291658855958,51.51654152248771],[-0.07113852808672562,51.51634318195289],[-0.07120101529020552,51.516321796564235],[-0.07204625419872906,51.516035926439],[-0.07234615765229492,51.51592827150552],[-0.07276807994911719,51.515789584882015]]},"properties":{"id":"940GZZLUWPL-940GZZLUADE-District","source":"940GZZLUWPL","target":"940GZZLUADE","sourceName":"Whitechapel","targetName":"Aldgate East","line":"District","colour":"#00782A","color":"#00782A","traffic":0.3632,"off9":0.0,"off12":0.0,"off14":0.0},"id":25},{"type":"Feature","geometry":{"type":"LineString","coordinates":[[-0.0835765885415131,51.515840506727706],[-0.08377667713287323,51.51587313757973],[-0.08423606049943187,51.51594835759388],[-0.08443936240286067,51.51597789116201],[-0.0847767973176281,51.516029538319216],[-0.08874228725143192,51.516744708485035]]},"properties":{"id":"940GZZLULVT-940GZZLUMGT-Circle","source":"940GZZLULVT","target":"940GZZLUMGT","sourceName":"Liverpool Street","targetName":"Moorgate","line":"Circle","colour":"#FFD300","color":"#FFD300","traffic":0.2557,"off9":0.0,"off12":0.0,"off14":0.0},"id":26},{"type":"Feature","geometry":{"type":"LineString","coordinates":[[-0.08319090854722183,51.51731718722172],[-0.0833928,51.51735],[-0.0838724,51.5174272],[-0.0840764,51.5174568],[-0.0843726,51.5175043],[-0.08831460572252735,51.51821690390722]]},"properties":{"id":"940GZZLULVT-940GZZLUMGT-Hammersmith & City","source":"940GZZLULVT","target":"940GZZLUMGT","sourceName":"Liverpool Street","targetName":"Moorgate","line":"Hammersmith & City","colour":"#F3A9BB","color":"#F3A9BB","traffic":0.2557,"off9":0.0,"off12":0.0,"off14":0.0},"id":27},{"type":"Feature","geometry":{"type":"LineString","coordinates":[[-0.08280522855293056,51.518793867715736],[-0.08300892286712677,51.51882686242027],[-0.08350873950056813,51.51890604240612],[-0.08371343759713933,51.51893570883799],[-0.0839684026823719,51.51897906168078],[-0.08788692419362278,51.51968909932941]]},"properties":{"id":"940GZZLULVT-940GZZLUMGT-Metropolitan","source":"940GZZLULVT","target":"940GZZLUMGT","sourceName":"Liverpool Street","targetName":"Moorgate","line":"Metropolitan","colour":"#9B0056","color":"#9B0056","traffic":0.2557,"off9":0.0,"off12":0.0,"off14":0.0},"id":28},{"type":"Feature","geometry":{"type":"LineString","coordinates":[[-0.0835765885415131,51.515840506727706],[-0.0834516416936497,51.515820244927134],[-0.08294046761132474,51.515736778355674],[-0.08218907376487723,51.515608815946244],[-0.08137877324662161,51.51549673929568],[-0.08132699881971571,51.51548173657848],[-0.08137889371183443,51.51548087602423],[-0.07988415829626788,51.51497745512085],[-0.07945304964506371,51.51483921385704],[-0.07917130425019177,51.5146840519384],[-0.07882355355600196,51.514532711871475],[-0.07869059055451097,51.51447941223591],[-0.07863390156863852,51.51443876583046],[-0.07863360536153305,51.51440263477708],[-0.07857687544878826,51.51434627218205],[-0.07850629154887019,51.514305063413154],[-0.07832760981008717,51.5141999470112],[-0.07829796870854203,51.514179885058724],[-0.0781529240982979,51.51407082138689],[-0.07793701429884833,51.51390651974829],[-0.07774860667390623,51.51378822554761],[-0.07773921736019582,51.51377655726264],[-0.07769047915521066,51.513712067408854],[-0.07771909999871694,51.51369645668137],[-0.07772228475988119,51.51365457940444],[-0.07761615333119998,51.51355415112729],[-0.07755019260456346,51.51348798572342],[-0.07749734485011485,51.513429677347126],[-0.07745098480735846,51.513385394708635],[-0.07733117732039668,51.513264214994955]]},"properties":{"id":"940GZZLULVT-940GZZLUALD-Circle","source":"940GZZLULVT","target":"940GZZLUALD","sourceName":"Liverpool Street","targetName":"Aldgate","line":"Circle","colour":"#FFD300","color":"#FFD300","traffic":0.0861,"off9":0.0,"off12":0.0,"off14":0.0},"id":29},{"type":"Feature","geometry":{"type":"LineString","coordinates":[[-0.08358324883252057,51.51581293529191],[-0.08346827210379623,51.51579406416303],[-0.082960235224268,51.5157095063775],[-0.08222253019061167,51.515579903192915],[-0.08141044756113308,51.515456616554644],[-0.08140069353544468,51.51544857773305],[-0.08143415567116774,51.51544198026443],[-0.07989911428237767,51.51495492639814],[-0.07947349255015915,51.51481206326286],[-0.07919569714776324,51.51466236198009],[-0.07891801231179461,51.514527408361936],[-0.078779010328616,51.51446616319479],[-0.07867417406785071,51.514412359297125],[-0.07864320965824725,51.5143642115658],[-0.078532190508589,51.51429446819684],[-0.07832739573038397,51.51417001059492],[-0.07830096593613521,51.51415189953818],[-0.07821215262666985,51.51406822254577],[-0.07825726242765774,51.514063655599394],[-0.07819647681783004,51.514018200071156],[-0.07808025106235937,51.5139382189385],[-0.07801789146147366,51.51386182100351],[-0.07798590481376919,51.51379753422068],[-0.0778748061903043,51.51365494991913],[-0.07785147346981165,51.51362588726003],[-0.077781963052902,51.5135251795582],[-0.07770491793474361,51.513439754039766],[-0.07765257314194832,51.51338800020075],[-0.07750412163400645,51.51323198418652],[-0.0774917336328431,51.513215977931594]]},"properties":{"id":"940GZZLULVT-940GZZLUALD-Metropolitan","source":"940GZZLULVT","target":"940GZZLUALD","sourceName":"Liverpool Street","targetName":"Aldgate","line":"Metropolitan","colour":"#9B0056","color":"#9B0056","traffic":0.0861,"off9":0.0,"off12":0.0,"off14":0.0},"id":30},{"type":"Feature","geometry":{"type":"LineString","coordinates":[[-0.08319090854722183,51.51731718722172],[-0.0830667,51.517297],[-0.0825435,51.5172123],[-0.0818196,51.5170871],[-0.081007,51.5169748],[-0.0808641,51.5169498],[-0.0807474,51.5169244],[-0.0791665,51.5164053],[-0.0786166,51.5162418],[-0.0781864,51.5160488],[-0.0778672,51.5159053],[-0.0777492,51.515856],[-0.0775856,51.5157851],[-0.0774086,51.5156899],[-0.0772783,51.5156053],[-0.0772262,51.5155714],[-0.0770638,51.5154726],[-0.0770281,51.5154502],[-0.0768024,51.5153085],[-0.0765666,51.5151357],[-0.0764014,51.5150273],[-0.0763641,51.5150037],[-0.0762904,51.514957],[-0.0761933,51.5149054],[-0.0761377,51.5148784],[-0.0760458,51.5148336],[-0.0760057,51.5148157],[-0.0759712,51.5148001],[-0.0759216,51.5147781],[-0.0758696,51.5147573],[-0.0757674,51.5147281],[-0.0756144,51.5146908],[-0.0754716,51.5146618],[-0.0752159,51.5146177],[-0.0749968,51.514586],[-0.074776,51.5145679],[-0.0746211,51.5145641],[-0.0744898,51.514561],[-0.0743348,51.5145686],[-0.0741593,51.5145808],[-0.0740001,51.5146072],[-0.073758,51.5146606],[-0.07240538683253858,51.515102467797135]]},"properties":{"id":"940GZZLULVT-940GZZLUADE-Hammersmith & City","source":"940GZZLULVT","target":"940GZZLUADE","sourceName":"Liverpool Street","targetName":"Aldgate East","line":"Hammersmith & City","colour":"#F3A9BB","color":"#F3A9BB","traffic":0.0631,"off9":0.0,"off12":0.0,"off14":0.0},"id":31},{"type":"Feature","geometry":{"type":"LineString","coordinates":[[-0.08310370971510189,51.51734002922501],[-0.0832941,51.5168738],[-0.0834633,51.516435],[-0.0836017,51.5161886],[-0.0837307,51.5160175],[-0.084196,51.5155241],[-0.0842207,51.515498],[-0.0843832,51.5153256],[-0.0845113,51.5152061],[-0.0846916,51.5150701],[-0.0849062,51.5149509],[-0.085035,51.5148918],[-0.085212,51.5148296],[-0.0853321,51.514784],[-0.0854051,51.5147367],[-0.0855258,51.5146588],[-0.0861349,51.5141267],[-0.0862829,51.5140494],[-0.0865068,51.5139843],[-0.0878184,51.5137319],[-0.0879402,51.5137033],[-0.0880791,51.5136664],[-0.0881609,51.5136396],[-0.0881984,51.5136258],[-0.0882366,51.5136093],[-0.0882661,51.5135952],[-0.088318,51.5135657],[-0.0884658,51.5134608],[-0.0884947,51.5134419],[-0.0885313,51.5134185],[-0.0885592,51.5134014],[-0.0885902,51.5133849],[-0.0886311,51.513364],[-0.0886727,51.5133442],[-0.088704,51.5133301],[-0.0887092714088269,51.513328034912]]},"properties":{"id":"940GZZLULVT-940GZZLUBNK-Central","source":"940GZZLULVT","target":"940GZZLUBNK","sourceName":"Liverpool Street","targetName":"Bank","line":"Central","colour":"#E32017","color":"#E32017","traffic":0.9132,"off9":0.0,"off12":0.0,"off14":0.0},"id":32},{"type":"Feature","geometry":{"type":"LineString","coordinates":[[-0.08310370971510189,51.51734002922501],[-0.0830802,51.5173976],[-0.0830069,51.5175218],[-0.082919,51.5176371],[-0.0827158,51.517837],[-0.0825668,51.5179588],[-0.0824665,51.5180439],[-0.0821607,51.5183579],[-0.0820041,51.5185186],[-0.0818681,51.5186419],[-0.0817144,51.5187664],[-0.0775474,51.5217938],[-0.0767972,51.5222982],[-0.0760624,51.5227635],[-0.0754595,51.5230903],[-0.0718451,51.5247345],[-0.0708626,51.5251909],[-0.0703855,51.5253831],[-0.0698155,51.5255843],[-0.0690157,51.5257682],[-0.0679268,51.5259648],[-0.0679138,51.5259672],[-0.0664179,51.526209],[-0.0580886,51.5271332],[-0.0576133,51.5271785],[-0.0568366,51.5272338],[-0.05550713222433556,51.52718865632829]]},"properties":{"id":"940GZZLULVT-940GZZLUBLG-Central","source":"940GZZLULVT","target":"940GZZLUBLG","sourceName":"Liverpool Street","targetName":"Bethnal Green","line":"Central","colour":"#E32017","color":"#E32017","traffic":0.2018,"off9":0.0,"off12":0.0,"off14":0.0},"id":33},{"type":"Feature","geometry":{"type":"LineString","coordinates":[[-0.07602586014962648,51.508427004352],[-0.07636923285211511,51.50838483357564],[-0.07745631916020607,51.508326757435675],[-0.077439564659847,51.508328488095394],[-0.07724364964412805,51.50834102129169],[-0.07724897025549203,51.508295888232645],[-0.07755026177239939,51.50819589540813],[-0.07823121839295469,51.508096087397185],[-0.07880131096042704,51.50809325079735],[-0.07934464245495308,51.50815011549574],[-0.07960714979666897,51.50815462158299],[-0.0797281533437523,51.50816019880944],[-0.08032801945758673,51.5081782595375],[-0.0805641508266271,51.508196222436474],[-0.08078347191960028,51.50821665915698],[-0.08095411433381709,51.50824313170966],[-0.08105222537054295,51.50825901884692],[-0.08122286071102083,51.508286685388306],[-0.08148056378184451,51.50833695210634],[-0.08178037125884513,51.5084036503234],[-0.08203901275583009,51.50847439843639],[-0.08230251769065687,51.50855412186633],[-0.082487535531315,51.50862642616757],[-0.08253817639885558,51.50866681349017],[-0.08338975740490076,51.50901482028576],[-0.08358268089380491,51.50908588169214],[-0.08385303519416935,51.50912660213604],[-0.08393266685704166,51.50913536360888],[-0.08413006759875735,51.50913765764886],[-0.08435466588911235,51.509144194511805],[-0.08514667668102324,51.50914444382087],[-0.0852467380786997,51.509143886924875],[-0.08537691130894398,51.50914605910281],[-0.08548450319467923,51.50914885417732],[-0.08557853641920501,51.50915317995311],[-0.08569447155324673,51.50915935519009],[-0.08588844443633292,51.50917519646867],[-0.08606681405802709,51.509192268399566],[-0.08613801216650291,51.509201440303066],[-0.08632159358207551,51.50922343406315],[-0.08635024779080233,51.50922783681106]]},"properties":{"id":"940GZZLUTWH-940GZZLUMMT-Circle","source":"940GZZLUTWH","target":"940GZZLUMMT","sourceName":"Tower Hill","targetName":"Monument","line":"Circle","colour":"#FFD300","color":"#FFD300","traffic":0.4107,"off9":0.0,"off12":0.0,"off14":0.0},"id":34},{"type":"Feature","geometry":{"type":"LineString","coordinates":[[-0.07627895572067404,51.509158258972285],[-0.07650296642605758,51.50912821678782],[-0.07759305958010307,51.509069928717835],[-0.07759488232992354,51.5090702440477],[-0.07758082482206405,51.50905901064585],[-0.07772443512774604,51.50898289411632],[-0.07793268088619977,51.50890504770406],[-0.07834520919647736,51.50884074369859],[-0.07873315548021352,51.50884007539868],[-0.07926892122747653,51.50889665774787],[-0.07956597489833447,51.50890221079149],[-0.07968092667187615,51.50890764940472],[-0.08025430972879335,51.50892487976875],[-0.08044332541331353,51.50894046121824],[-0.08060753595980011,51.50895662957849],[-0.0807465071669085,51.50897991585483],[-0.08084376268527144,51.50899570942346],[-0.08098203035551037,51.509019542694155],[-0.08120008189092222,51.50906432605317],[-0.08143983562942252,51.5091210251617],[-0.08164090637791499,51.50918019921819],[-0.08183565884532841,51.509243410933166],[-0.08198181776565744,51.50930501308378],[-0.08208058819942773,51.50935850674509],[-0.08303912870245034,51.50973031014288],[-0.08336809044690245,51.50982189084607],[-0.08373891759708466,51.50987125106802],[-0.08388413342852082,51.509882781804436],[-0.08410543379937867,51.50988552882443],[-0.08433758294455618,51.509892147255904],[-0.08514758834051162,51.50989247191044],[-0.08523756903934984,51.50989189346244],[-0.08534535565447197,51.5098938295514],[-0.08543420159733961,51.50989622708866],[-0.0855099682096025,51.50989998997656],[-0.08560328577662335,51.50990522759504],[-0.08576862221816645,51.50991949823434],[-0.08591920702901351,51.50993463419978],[-0.08598175608325143,51.50994312015153],[-0.08613524679103772,51.50996241703157],[-0.08615918442906507,51.509966353113185]]},"properties":{"id":"940GZZLUTWH-940GZZLUMMT-District","source":"940GZZLUTWH","target":"940GZZLUMMT","sourceName":"Tower Hill","targetName":"Monument","line":"District","colour":"#00782A","color":"#00782A","traffic":0.4107,"off9":0.0,"off12":0.0,"off14":0.0},"id":35},{"type":"Feature","geometry":{"type":"LineString","coordinates":[[-0.07602586014962648,51.508427004352],[-0.07597786645055431,51.50843431787994],[-0.07559739808569421,51.50851503038084],[-0.07526538479624505,51.50862173936451],[-0.07522977357272882,51.5086345537772],[-0.07486169510062612,51.508774128600656],[-0.0744868406574161,51.508978914797],[-0.07423257496091548,51.50916908060625],[-0.07384925933827234,51.509455670937584],[-0.07339164716512737,51.510153941441715],[-0.07334672236599232,51.510222829255156],[-0.07325245423098817,51.51042044818335],[-0.0731471643632208,51.510648245911646],[-0.07301105281740583,51.51102151918382],[-0.07296205794954476,51.51139453018007],[-0.07301650784878165,51.51188107079179],[-0.07308874868114591,51.512113237655896],[-0.07322664346512647,51.5126712056306],[-0.07319975688941494,51.51254149554399],[-0.07321395321023423,51.512430102922444],[-0.0732276698367012,51.51242121939875],[-0.07324725658526332,51.51242876788965],[-0.073225717628627,51.512520204430984],[-0.07312748907442812,51.512735699555314],[-0.07305148458728718,51.51294078494823],[-0.07298344386848249,51.51319280024189],[-0.07298732245670811,51.51367625352804],[-0.07304704014909572,51.51390480076969],[-0.0730835048977084,51.51400252204915],[-0.07310100553670532,51.51405046742937],[-0.07316760482231541,51.5142021403407],[-0.07326742606290035,51.51436700253472],[-0.07336030185249204,51.51448731256243],[-0.07346400189259819,51.51461326210675],[-0.07362146413548032,51.514790830065465],[-0.073781711540822,51.51495446048146],[-0.07393184480583691,51.515099360348025],[-0.07402625007231567,51.51518655897254]]},"properties":{"id":"940GZZLUTWH-940GZZLUALD-Circle","source":"940GZZLUTWH","target":"940GZZLUALD","sourceName":"Tower Hill","targetName":"Aldgate","line":"Circle","colour":"#FFD300","color":"#FFD300","traffic":0.0597,"off9":0.0,"off12":0.0,"off14":0.0},"id":36},{"type":"Feature","geometry":{"type":"LineString","coordinates":[[-0.07627895572067404,51.509158258972285],[-0.07624448322527719,51.50916370893997],[-0.07599534904284716,51.50922086519042],[-0.07575864239812255,51.509303869682256],[-0.07573083678636444,51.5093144768886],[-0.07549699755031314,51.509409114300325],[-0.07525037032870813,51.509556607398494],[-0.07504743748045786,51.509718940303124],[-0.07481822966913622,51.50989823546879],[-0.07447582358256376,51.510476820720854],[-0.07444221118299622,51.51053056462758],[-0.07437027711549409,51.51069532409168],[-0.0742828821816104,51.510893072955824],[-0.07419322640870292,51.51115655959191],[-0.07416397897477238,51.511396265090035],[-0.07420085392439082,51.511753585395894],[-0.07425087434057295,51.51192231882795],[-0.07440457173256323,51.5125224028153],[-0.07440157844470748,51.512530397772],[-0.07439997660511712,51.51255150146122],[-0.0743960849183506,51.51259670969938],[-0.07438967829263166,51.51266128394483],[-0.0743461588143135,51.512791002215494],[-0.07427089453721407,51.512966349777656],[-0.0742248197473376,51.51310366191153],[-0.0741907828114147,51.51322470963631],[-0.0741806246446182,51.5133211737522],[-0.07418454045871434,51.51333017707479],[-0.07418794346010221,51.51334113286974],[-0.07418508978120392,51.51335418664411],[-0.0741475232388567,51.51346652598843],[-0.07414896142037629,51.51349225877157],[-0.07417376421916393,51.51349150055606],[-0.07421930916449378,51.513476967807456],[-0.07420356546808289,51.513519252768596],[-0.07420894617365201,51.51355162313969],[-0.07414833353428199,51.51361797601406],[-0.07408333912216244,51.51368072491948],[-0.07399192589057542,51.51373862999663],[-0.07389197467208454,51.51379169170163],[-0.07376881821364333,51.51384537393471],[-0.07341235240150251,51.5139441659807],[-0.0720321257756951,51.514391418757484]]},"properties":{"id":"940GZZLUTWH-940GZZLUADE-District","source":"940GZZLUTWH","target":"940GZZLUADE","sourceName":"Tower Hill","targetName":"Aldgate East","line":"District","colour":"#00782A","color":"#00782A","traffic":0.121,"off9":0.0,"off12":0.0,"off14":0.0},"id":37},{"type":"Feature","geometry":{"type":"LineString","coordinates":[[-0.07733117732039668,51.513264214994955],[-0.07745098480735846,51.513385394708635],[-0.07749734485011485,51.513429677347126],[-0.07755019260456346,51.51348798572342],[-0.07761615333119998,51.51355415112729],[-0.07772228475988119,51.51365457940444],[-0.07771909999871694,51.51369645668137],[-0.07769047915521066,51.513712067408854],[-0.07773921736019582,51.51377655726264],[-0.07774860667390623,51.51378822554761],[-0.07793701429884833,51.51390651974829],[-0.0781529240982979,51.51407082138689],[-0.07829796870854203,51.514179885058724],[-0.07832760981008717,51.5141999470112],[-0.07850629154887019,51.514305063413154],[-0.07857687544878826,51.51434627218205],[-0.07863360536153305,51.51440263477708],[-0.07863390156863852,51.51443876583046],[-0.07869059055451097,51.51447941223591],[-0.07882355355600196,51.514532711871475],[-0.07917130425019177,51.5146840519384],[-0.07945304964506371,51.51483921385704],[-0.07988415829626788,51.51497745512085],[-0.08137889371183443,51.51548087602423],[-0.08132699881971571,51.51548173657848],[-0.08137877324662161,51.51549673929568],[-0.08218907376487723,51.515608815946244],[-0.08294046761132474,51.515736778355674],[-0.0834516416936497,51.515820244927134],[-0.0835765885415131,51.515840506727706]]},"properties":{"id":"940GZZLUALD-940GZZLULVT-Circle","source":"940GZZLUALD","target":"940GZZLULVT","sourceName":"Aldgate","targetName":"Liverpool Street","line":"Circle","colour":"#FFD300","color":"#FFD300","traffic":0.0581,"off9":0.0,"off12":0.0,"off14":0.0},"id":38},{"type":"Feature","geometry":{"type":"LineString","coordinates":[[-0.0774917336328431,51.513215977931594],[-0.07750412163400645,51.51323198418652],[-0.07765257314194832,51.51338800020075],[-0.07770491793474361,51.513439754039766],[-0.077781963052902,51.5135251795582],[-0.07785147346981165,51.51362588726003],[-0.0778748061903043,51.51365494991913],[-0.07798590481376919,51.51379753422068],[-0.07801789146147366,51.51386182100351],[-0.07808025106235937,51.5139382189385],[-0.07819647681783004,51.514018200071156],[-0.07825726242765774,51.514063655599394],[-0.07821215262666985,51.51406822254577],[-0.07830096593613521,51.51415189953818],[-0.07832739573038397,51.51417001059492],[-0.078532190508589,51.51429446819684],[-0.07864320965824725,51.5143642115658],[-0.07867417406785071,51.514412359297125],[-0.078779010328616,51.51446616319479],[-0.07891801231179461,51.514527408361936],[-0.07919569714776324,51.51466236198009],[-0.07947349255015915,51.51481206326286],[-0.07989911428237767,51.51495492639814],[-0.08143415567116774,51.51544198026443],[-0.08140069353544468,51.51544857773305],[-0.08141044756113308,51.515456616554644],[-0.08222253019061167,51.515579903192915],[-0.082960235224268,51.5157095063775],[-0.08346827210379623,51.51579406416303],[-0.08358324883252057,51.51581293529191]]},"properties":{"id":"940GZZLUALD-940GZZLULVT-Metropolitan","source":"940GZZLUALD","target":"940GZZLULVT","sourceName":"Aldgate","targetName":"Liverpool Street","line":"Metropolitan","colour":"#9B0056","color":"#9B0056","traffic":0.0581,"off9":0.0,"off12":0.0,"off14":0.0},"id":39},{"type":"Feature","geometry":{"type":"LineString","coordinates":[[-0.07402625007231567,51.51518655897254],[-0.07393184480583691,51.515099360348025],[-0.073781711540822,51.51495446048146],[-0.07362146413548032,51.514790830065465],[-0.07346400189259819,51.51461326210675],[-0.07336030185249204,51.51448731256243],[-0.07326742606290035,51.51436700253472],[-0.07316760482231541,51.5142021403407],[-0.07310100553670532,51.51405046742937],[-0.0730835048977084,51.51400252204915],[-0.07304704014909572,51.51390480076969],[-0.07298732245670811,51.51367625352804],[-0.07298344386848249,51.51319280024189],[-0.07305148458728718,51.51294078494823],[-0.07312748907442812,51.512735699555314],[-0.073225717628627,51.512520204430984],[-0.07324725658526332,51.51242876788965],[-0.0732276698367012,51.51242121939875],[-0.07321395321023423,51.512430102922444],[-0.07319975688941494,51.51254149554399],[-0.07322664346512647,51.5126712056306],[-0.07308874868114591,51.512113237655896],[-0.07301650784878165,51.51188107079179],[-0.07296205794954476,51.51139453018007],[-0.07301105281740583,51.51102151918382],[-0.0731471643632208,51.510648245911646],[-0.07325245423098817,51.51042044818335],[-0.07334672236599232,51.510222829255156],[-0.07339164716512737,51.510153941441715],[-0.07384925933827234,51.509455670937584],[-0.07423257496091548,51.50916908060625],[-0.0744868406574161,51.508978914797],[-0.07486169510062612,51.508774128600656],[-0.07522977357272882,51.5086345537772],[-0.07526538479624505,51.50862173936451],[-0.07559739808569421,51.50851503038084],[-0.07597786645055431,51.50843431787994],[-0.07602586014962648,51.508427004352]]},"properties":{"id":"940GZZLUALD-940GZZLUTWH-Circle","source":"940GZZLUALD","target":"940GZZLUTWH","sourceName":"Aldgate","targetName":"Tower Hill","line":"Circle","colour":"#FFD300","color":"#FFD300","traffic":0.0703,"off9":0.0,"off12":0.0,"off14":0.0},"id":40},{"type":"Feature","geometry":{"type":"LineString","coordinates":[[-0.2991914612452608,51.54133982054527],[-0.30045951991290437,51.541803800255614],[-0.30113309518554054,51.54203541738395],[-0.30162374514684204,51.54222279770266],[-0.3017903560087882,51.54228722295839],[-0.30193017096555336,51.54234684372474],[-0.3022276838888678,51.54249726426016],[-0.3023281405481494,51.542562736878516],[-0.30273185894172616,51.54282383996215],[-0.3028184484357839,51.54292026490906],[-0.30304981122093166,51.54313918721627],[-0.30316259998157014,51.54325931025874],[-0.30328564558948173,51.54341561348752],[-0.3033924211014374,51.54358175430853],[-0.3035572810683434,51.54387440849259],[-0.3037976647302421,51.544313200432505],[-0.30387349077632037,51.54447200131383],[-0.3039487353118076,51.544610708621235],[-0.3042360591795676,51.54504057001588],[-0.3044564189800346,51.54534827633736],[-0.30482092241216013,51.545791793754205],[-0.3050096109089933,51.545989074649825],[-0.3053996833022254,51.54638618052906],[-0.3057959296382196,51.546740159893204],[-0.30610304083753903,51.54697826800209],[-0.30624565623470007,51.54708224310287],[-0.30630659933061005,51.54712876390907],[-0.3064450832935133,51.54723047869789],[-0.3067366286610702,51.547429832751746],[-0.30710992479636817,51.54765909585407],[-0.3074946737431349,51.54787580583971],[-0.3082079530591327,51.54825402824726],[-0.308723865781374,51.54849412567649],[-0.3095304164268154,51.548858151645696],[-0.3102421285849126,51.54918957955915],[-0.31100919268539656,51.54954489918742],[-0.31159347782969343,51.54981623807845],[-0.3123762599968423,51.550178923635855],[-0.31316011751141626,51.550540167199614],[-0.31385004640656505,51.55086259265566],[-0.31428740587150095,51.551066425815314],[-0.31450752450549935,51.551165685131146],[-0.3152475563725015,51.551501939849246]]},"properties":{"id":"940GZZLUALP-940GZZLUSUT-Piccadilly","source":"940GZZLUALP","target":"940GZZLUSUT","sourceName":"Alperton","targetName":"Sudbury Town","line":"Piccadilly","colour":"#003688","color":"#003688","traffic":0.0252,"off9":0.0,"off12":0.0,"off14":0.0},"id":41},{"type":"Feature","geometry":{"type":"LineString","coordinates":[[-0.300032774874541,51.5399071523794],[-0.2998954922881964,51.53985524842519],[-0.29979041884910973,51.53981456070565],[-0.2994650345650919,51.53969267826069],[-0.29906033392978304,51.53951731158852],[-0.29849331781143734,51.53927009847996],[-0.29828943598314583,51.53913789359963],[-0.2980407816175698,51.53895251307097],[-0.29788167220036027,51.538808041357456],[-0.2977058069218989,51.53863068564789],[-0.2974578849169812,51.53833639369417],[-0.29728345985512095,51.5381324191317],[-0.29702965368981105,51.53782623503444],[-0.29674547034397136,51.537501548569786],[-0.2965743699608635,51.53730696403117],[-0.29644445110542356,51.53715657541008],[-0.29624667572769464,51.53691370371721],[-0.29599881014562646,51.53663756437354],[-0.2957232149560345,51.53632145940473],[-0.2954444096373091,51.536004181880855],[-0.29514166425612764,51.53564973262293],[-0.29486633689189445,51.53533393773794],[-0.29466101614963663,51.535095429941784],[-0.29442314838029837,51.5348324108946],[-0.294231752466494,51.53461212649535],[-0.2940862003294988,51.53444304277818],[-0.2937896080529864,51.53408947452727],[-0.2935261998884673,51.53379743985192],[-0.2932717649251497,51.53351238543247],[-0.293001585037712,51.53324169404758],[-0.2926246465072608,51.532863770879416],[-0.29226098469266554,51.532523421881166],[-0.2919112629987982,51.53220492131367],[-0.2916607217876403,51.532007404037614],[-0.2913778742794799,51.531799659025175],[-0.2909359297172136,51.531456264153135],[-0.29027007975508595,51.53095294519731],[-0.2900811437513586,51.53082650124062],[-0.28989443596817677,51.530697433080626],[-0.28949859141487283,51.53042323892213],[-0.28894204879619595,51.53004998432627],[-0.28843487898435033,51.529753936947635],[-0.28815917005504293,51.52959726176372],[-0.2878092379751408,51.529382440321406],[-0.28753996473268134,51.529202293854006],[-0.2873053964069803,51.52903644327871],[-0.2869759565328164,51.528769647763596],[-0.2865809696403536,51.5284195957205],[-0.28625453311638077,51.5280998502931],[-0.2860629203010397,51.52789765670197],[-0.28586412823614205,51.527636562117216],[-0.28567805725215667,51.52735585455849],[-0.28550688618519765,51.52708102405258],[-0.28531471030743943,51.526763176319946]]},"properties":{"id":"940GZZLUALP-940GZZLUPKR-Piccadilly","source":"940GZZLUALP","target":"940GZZLUPKR","sourceName":"Alperton","targetName":"Park Royal","line":"Piccadilly","colour":"#003688","color":"#003688","traffic":0.1279,"off9":0.0,"off12":0.0,"off14":0.0},"id":42},{"type":"Feature","geometry":{"type":"LineString","coordinates":[[-0.3152475563725015,51.551501939849246],[-0.31450752450549935,51.551165685131146],[-0.31428740587150095,51.551066425815314],[-0.31385004640656505,51.55086259265566],[-0.31316011751141626,51.550540167199614],[-0.3123762599968423,51.550178923635855],[-0.31159347782969343,51.54981623807845],[-0.31100919268539656,51.54954489918742],[-0.3102421285849126,51.54918957955915],[-0.3095304164268154,51.548858151645696],[-0.308723865781374,51.54849412567649],[-0.3082079530591327,51.54825402824726],[-0.3074946737431349,51.54787580583971],[-0.30710992479636817,51.54765909585407],[-0.3067366286610702,51.547429832751746],[-0.3064450832935133,51.54723047869789],[-0.30630659933061005,51.54712876390907],[-0.30624565623470007,51.54708224310287],[-0.30610304083753903,51.54697826800209],[-0.3057959296382196,51.546740159893204],[-0.3053996833022254,51.54638618052906],[-0.3050096109089933,51.545989074649825],[-0.30482092241216013,51.545791793754205],[-0.3044564189800346,51.54534827633736],[-0.3042360591795676,51.54504057001588],[-0.3039487353118076,51.544610708621235],[-0.30387349077632037,51.54447200131383],[-0.3037976647302421,51.544313200432505],[-0.3035572810683434,51.54387440849259],[-0.3033924211014374,51.54358175430853],[-0.30328564558948173,51.54341561348752],[-0.30316259998157014,51.54325931025874],[-0.30304981122093166,51.54313918721627],[-0.3028184484357839,51.54292026490906],[-0.30273185894172616,51.54282383996215],[-0.3023281405481494,51.542562736878516],[-0.3022276838888678,51.54249726426016],[-0.30193017096555336,51.54234684372474],[-0.3017903560087882,51.54228722295839],[-0.30162374514684204,51.54222279770266],[-0.30113309518554054,51.54203541738395],[-0.30045951991290437,51.541803800255614],[-0.2991914612452608,51.54133982054527]]},"properties":{"id":"940GZZLUSUT-940GZZLUALP-Piccadilly","source":"940GZZLUSUT","target":"940GZZLUALP","sourceName":"Sudbury Town","targetName":"Alperton","line":"Piccadilly","colour":"#003688","color":"#003688","traffic":0.1093,"off9":0.0,"off12":0.0,"off14":0.0},"id":43},{"type":"Feature","geometry":{"type":"LineString","coordinates":[[-0.3152475563725015,51.551501939849246],[-0.3153150582197012,51.551531492573915],[-0.31609704354892504,51.55186669256676],[-0.31708477542115987,51.552263467332835],[-0.3177266604224998,51.552506011753565],[-0.3185062065822032,51.55280144477823],[-0.31928960505082987,51.553101976383665],[-0.3200743629741175,51.553396270359684],[-0.32105212918913506,51.55376303630336],[-0.32148086538357984,51.553928175390205],[-0.32245200500970456,51.554287615970644],[-0.3233988419071812,51.55463415414567],[-0.3239985594417251,51.55485463362938],[-0.32460350461548276,51.55506772979049],[-0.32525393119053164,51.55531704663016],[-0.3258730839696839,51.55556294042613],[-0.32635767283413347,51.55574870100208],[-0.32683419705428923,51.55592523554213],[-0.32745829130620885,51.55612842942456],[-0.3280357588611577,51.55627215159622],[-0.32853659678652297,51.5563714919784],[-0.3290756405344761,51.55645848773665],[-0.3296514485641045,51.55653454700864],[-0.3303275671800675,51.55660489328014],[-0.3311442836156573,51.55666839118997],[-0.33160331690533046,51.55672172585505],[-0.33204154677555153,51.55679502459236],[-0.3339713075424461,51.55719244765626],[-0.3355543097718667,51.55753201044759],[-0.33562629546002704,51.55754746853858],[-0.3357413056928463,51.55757218326508],[-0.33618526005157495,51.55766721587778]]},"properties":{"id":"940GZZLUSUT-940GZZLUSUH-Piccadilly","source":"940GZZLUSUT","target":"940GZZLUSUH","sourceName":"Sudbury Town","targetName":"Sudbury Hill","line":"Piccadilly","colour":"#003688","color":"#003688","traffic":0.0258,"off9":0.0,"off12":0.0,"off14":0.0},"id":44},{"type":"Feature","geometry":{"type":"LineString","coordinates":[[-0.28531471030743943,51.526763176319946],[-0.28531209228573956,51.52675887975464],[-0.2852176003795792,51.526585089975434],[-0.2851925093813435,51.52649683124501],[-0.2851516159889421,51.526380723698786],[-0.28511398552442485,51.526268901309244],[-0.28507442560663393,51.52613659966724],[-0.2850350111533341,51.52600323496556],[-0.2849989332313507,51.52585389002831],[-0.28497146153265557,51.525717910196306],[-0.2849513737944933,51.52556927238017],[-0.28486731457881626,51.52497681239695],[-0.28482992637038346,51.52457418406189],[-0.2848225798113575,51.52425908600507],[-0.28481677227930474,51.524009171908176],[-0.28481466138448935,51.52384000556145],[-0.28481104685580677,51.523762350877256],[-0.2848202417030667,51.523566777851975],[-0.2848227408515001,51.52344582018005],[-0.28483750749335135,51.52321337173014],[-0.28485727200935834,51.52295210680393],[-0.2848789796548917,51.522743338589784],[-0.2849052738732587,51.52257812742998],[-0.2849602878383743,51.52237283122593],[-0.28500776609307027,51.522233168416996],[-0.2850145671207561,51.52217858125989],[-0.28510198516308205,51.52196649133343],[-0.2852003547689732,51.52174933267982],[-0.285287343804198,51.52157626798838],[-0.28544169722310986,51.521346758767066],[-0.28555648669968875,51.52117624469707],[-0.28573109607123365,51.52095358108061],[-0.2858915994262637,51.52077551667315],[-0.28614502106375767,51.52053568016514],[-0.28626059087676187,51.52043059682239],[-0.28646450377837107,51.52025737157213],[-0.28685212386081316,51.51999255476369],[-0.2874140141327706,51.51963910911021],[-0.2877070015055652,51.51945837364983],[-0.28806657470791674,51.51925058501717],[-0.2883594411662194,51.51905888910147],[-0.2885297895753221,51.51894954904914],[-0.28885866456023923,51.51871944213293],[-0.289111829339286,51.5185271859704],[-0.28938051513422713,51.518298694884564],[-0.28965883502916084,51.51802479196558],[-0.28971396531761,51.51796737631192]]},"properties":{"id":"940GZZLUPKR-940GZZLUNEN-Piccadilly","source":"940GZZLUPKR","target":"940GZZLUNEN","sourceName":"Park Royal","targetName":"North Ealing","line":"Piccadilly","colour":"#003688","color":"#003688","traffic":0.1259,"off9":0.0,"off12":0.0,"off14":0.0},"id":45},{"type":"Feature","geometry":{"type":"LineString","coordinates":[[-0.28531471030743943,51.526763176319946],[-0.28550688618519765,51.52708102405258],[-0.28567805725215667,51.52735585455849],[-0.28586412823614205,51.527636562117216],[-0.2860629203010397,51.52789765670197],[-0.28625453311638077,51.5280998502931],[-0.2865809696403536,51.5284195957205],[-0.2869759565328164,51.528769647763596],[-0.2873053964069803,51.52903644327871],[-0.28753996473268134,51.529202293854006],[-0.2878092379751408,51.529382440321406],[-0.28815917005504293,51.52959726176372],[-0.28843487898435033,51.529753936947635],[-0.28894204879619595,51.53004998432627],[-0.28949859141487283,51.53042323892213],[-0.28989443596817677,51.530697433080626],[-0.2900811437513586,51.53082650124062],[-0.29027007975508595,51.53095294519731],[-0.2909359297172136,51.531456264153135],[-0.2913778742794799,51.531799659025175],[-0.2916607217876403,51.532007404037614],[-0.2919112629987982,51.53220492131367],[-0.29226098469266554,51.532523421881166],[-0.2926246465072608,51.532863770879416],[-0.293001585037712,51.53324169404758],[-0.2932717649251497,51.53351238543247],[-0.2935261998884673,51.53379743985192],[-0.2937896080529864,51.53408947452727],[-0.2940862003294988,51.53444304277818],[-0.294231752466494,51.53461212649535],[-0.29442314838029837,51.5348324108946],[-0.29466101614963663,51.535095429941784],[-0.29486633689189445,51.53533393773794],[-0.29514166425612764,51.53564973262293],[-0.2954444096373091,51.536004181880855],[-0.2957232149560345,51.53632145940473],[-0.29599881014562646,51.53663756437354],[-0.29624667572769464,51.53691370371721],[-0.29644445110542356,51.53715657541008],[-0.2965743699608635,51.53730696403117],[-0.29674547034397136,51.537501548569786],[-0.29702965368981105,51.53782623503444],[-0.29728345985512095,51.5381324191317],[-0.2974578849169812,51.53833639369417],[-0.2977058069218989,51.53863068564789],[-0.29788167220036027,51.538808041357456],[-0.2980407816175698,51.53895251307097],[-0.29828943598314583,51.53913789359963],[-0.29849331781143734,51.53927009847996],[-0.29906033392978304,51.53951731158852],[-0.2994650345650919,51.53969267826069],[-0.29979041884910973,51.53981456070565],[-0.2998954922881964,51.53985524842519],[-0.300032774874541,51.5399071523794]]},"properties":{"id":"940GZZLUPKR-940GZZLUALP-Piccadilly","source":"940GZZLUPKR","target":"940GZZLUALP","sourceName":"Park Royal","targetName":"Alperton","line":"Piccadilly","colour":"#003688","color":"#003688","traffic":0.0302,"off9":0.0,"off12":0.0,"off14":0.0},"id":46},{"type":"Feature","geometry":{"type":"LineString","coordinates":[[-0.607401628197318,51.67560946077925],[-0.560376628197318,51.66946846077925]]},"properties":{"id":"940GZZLUAMS-940GZZLUCAL-Metropolitan","source":"940GZZLUAMS","target":"940GZZLUCAL","sourceName":"Amersham","targetName":"Chalfont  Latimer","line":"Metropolitan","colour":"#9B0056","color":"#9B0056","traffic":0.016,"off9":0.0,"off12":0.0,"off14":0.0},"id":47},{"type":"Feature","geometry":{"type":"LineString","coordinates":[[-0.5629934937414661,51.67001625791714],[-0.5635945716444802,51.67016010429162],[-0.5650279997934251,51.6704210381336],[-0.5680533196899218,51.670981644637166],[-0.5729220664947322,51.67190281568376],[-0.5749695879814241,51.67231329196778],[-0.5793332422899812,51.67316377706419],[-0.5798445325024286,51.673267260023785],[-0.5802053227747513,51.673344150728205],[-0.5804779838897511,51.67341969132297],[-0.5806804148296643,51.67348659804216],[-0.5809402181289262,51.673598505920474],[-0.5812003508659422,51.67372321087316],[-0.5814820665356045,51.67387299073896],[-0.5817443431489281,51.67403818556896],[-0.5819616265133185,51.67419519969921],[-0.582161835958312,51.67439902114615],[-0.5823973994937034,51.674635073539875],[-0.5826393985899335,51.674893819668114],[-0.5827879443521419,51.675102033553856],[-0.5828195837731489,51.67524280391498],[-0.582866549705212,51.675443142441445],[-0.5828545851452742,51.67554163508686],[-0.5828495552917708,51.67564646332128],[-0.5828428392705867,51.67574535213494],[-0.5828413468652713,51.67581669774356],[-0.5828660832289299,51.67577517325266],[-0.5828757668143458,51.67582412293947],[-0.5828574125551043,51.67596008539938],[-0.5828952000637743,51.67601552366884],[-0.5828971580066258,51.67611630149267],[-0.5827940525842382,51.676280544092805],[-0.5818611952214595,51.67712731986086],[-0.5813953668806627,51.6775223543342],[-0.5809630575958198,51.67796599683837],[-0.5804556099143866,51.67865880280043],[-0.5802551260898556,51.679064419616694],[-0.5801334672626572,51.679371931367356],[-0.5800265169323049,51.679739978975284],[-0.5799848133126299,51.68017119920427],[-0.5800305605035959,51.68058540412892],[-0.5800908865477219,51.68085236851178],[-0.5801729132043049,51.68115374495447],[-0.5803539107773583,51.68154644538965],[-0.5805788370321759,51.68193035616583],[-0.5808852789312693,51.68235969448946],[-0.5813591294568672,51.68282397820615],[-0.5817624656085286,51.68314470503983],[-0.5821230799536218,51.68341092048077],[-0.5826313880770049,51.68369410166159],[-0.5830205025893346,51.683883209248215],[-0.5834092435764594,51.684054062412095],[-0.5839199448743959,51.68424901296799],[-0.5843915689880997,51.68440952313153],[-0.5847448049387811,51.684502442951825],[-0.5849795084228588,51.68456405938064],[-0.5852549194114912,51.68462334837827],[-0.585647794944641,51.68470022941529],[-0.5864679686734581,51.68484676826944],[-0.5869009646236857,51.68493268184333],[-0.5871598242275361,51.685004873870525],[-0.5872517756067707,51.685041660285975],[-0.5873992755344359,51.685108121913636],[-0.5875896657714981,51.68519816504231],[-0.5877415182182876,51.68528893361458],[-0.5879093419922267,51.68541512870024],[-0.5880387058794415,51.68552726315783],[-0.5881838973570419,51.685669780826224],[-0.5882253748495754,51.68577780873846],[-0.5883039489540505,51.685921629035725],[-0.5883512365417664,51.68602125554412],[-0.5883053059768036,51.68601694529038],[-0.5882906531540721,51.6860674044597],[-0.5883015623290967,51.686184257969146],[-0.5883372975540283,51.68634994531678],[-0.5884980595802063,51.6867860688166],[-0.5887077880733796,51.68720920420483],[-0.5889280195596113,51.68752386414022],[-0.5892583115422795,51.68789786128049],[-0.5895630533027333,51.68819384133433],[-0.5899734031478439,51.68855111882046],[-0.5903504448558934,51.68884909792793],[-0.5910385717190493,51.689387214169486],[-0.5914249123986073,51.68968506977298],[-0.5916659625467711,51.6898704904766],[-0.5920797380580347,51.690184188251386],[-0.5925239130428052,51.690525197338445],[-0.5929260120915879,51.690826514210585],[-0.5932998676390772,51.691055930672356],[-0.593602905486073,51.691223772328925],[-0.593857901691931,51.69134218060847],[-0.5940281462670988,51.691421771876804],[-0.5943157713532029,51.69155098661242],[-0.5946823151841055,51.69168225501396],[-0.5949518235700278,51.69176169742043],[-0.595123072681122,51.691810015441625],[-0.5952775243723016,51.69185708679652],[-0.5954542405916221,51.69190473095095],[-0.5956365269422553,51.69194875983731],[-0.5958363772240901,51.691991635917],[-0.5959967924105004,51.692024057324325],[-0.5961659866733899,51.692059101352015],[-0.5965215903263749,51.692123051324415],[-0.5970185588579019,51.69220589832261],[-0.5974426025917574,51.69227905880303],[-0.5979277215651749,51.6923620733377],[-0.5984576427316262,51.69245275668494],[-0.599522706797061,51.6926406422537],[-0.6000128997481691,51.692724206051125],[-0.6003012958829784,51.692777598938065],[-0.6005725962596261,51.69284210614222],[-0.6012117205245091,51.693031372221675],[-0.6012257164271827,51.693048463405106],[-0.6013736416704095,51.69311627338168],[-0.6015394267458083,51.69320134213571],[-0.6016316338477009,51.69327551267118],[-0.6017621345638802,51.69338003502511],[-0.6020615102988579,51.69358976778925],[-0.6030713970622156,51.69426231758051],[-0.6051794117052993,51.69567328694315],[-0.6060222901781762,51.696222087821624],[-0.6062254666609778,51.69637074793191],[-0.6064859512476986,51.696563872946925],[-0.6064764609732944,51.696586287811314],[-0.6064620032212822,51.69659895423265],[-0.6065874397847504,51.69673167259609],[-0.6066747610392047,51.696845737818286],[-0.6067001361054244,51.6969217706294],[-0.6067327928170549,51.69703973818019],[-0.6067016883717146,51.697082759962875],[-0.6066537400732432,51.6970717246773],[-0.6066260291159398,51.697087507342395],[-0.606611911651826,51.69709794870838],[-0.6066071757734094,51.6971387797432],[-0.6066068319467487,51.69721828925281],[-0.6066055930264262,51.697459086963036],[-0.6065595200974436,51.69815283336442],[-0.6065290798942284,51.69855905557742],[-0.6064945800847298,51.69898759947426],[-0.606468875642691,51.699171899539884],[-0.6064133182620007,51.69972912423475],[-0.6063281115079591,51.700451759745185],[-0.6063341114110894,51.700751718414345],[-0.6064138251673717,51.701208636223285],[-0.6065943109550751,51.70167574485781],[-0.6069410588546609,51.702185405954594],[-0.6074423092889301,51.70264665832519],[-0.6078832179923949,51.70296346333236],[-0.6083499456768796,51.70328580776737],[-0.6088134054909585,51.70362122051169],[-0.608881770081191,51.703700956788346],[-0.6088694986666964,51.70374488465902],[-0.6088987981355914,51.703851433539675],[-0.6088991243390343,51.7039039029689],[-0.6088676523234917,51.70392534074083],[-0.6088262593538147,51.7039180068886],[-0.6088160384042258,51.703954856361854],[-0.6088254727738904,51.70403450431005],[-0.6088163932630597,51.70406741310843],[-0.6088138580062776,51.7041157314327],[-0.6088019551034368,51.704105147257536],[-0.608804044598167,51.70423240738526],[-0.6088065900359927,51.70426562964432],[-0.6088056349555439,51.704291417266376],[-0.6088066868590309,51.70435245009651],[-0.6088349746460984,51.70431200154162],[-0.6088561935492581,51.70430986843245],[-0.6087972635089933,51.70448749437416],[-0.6087605761464706,51.704587642855756]]},"properties":{"id":"940GZZLUCAL-940GZZLUCSM-Metropolitan","source":"940GZZLUCAL","target":"940GZZLUCSM","sourceName":"Chalfont  Latimer","targetName":"Chesham","line":"Metropolitan","colour":"#9B0056","color":"#9B0056","traffic":0.0044,"off9":0.0,"off12":0.0,"off14":0.0},"id":48},{"type":"Feature","geometry":{"type":"LineString","coordinates":[[-0.561001371802682,51.666501539220754],[-0.6080263718026819,51.67264253922075]]},"properties":{"id":"940GZZLUCAL-940GZZLUAMS-Metropolitan","source":"940GZZLUCAL","target":"940GZZLUAMS","sourceName":"Chalfont  Latimer","targetName":"Amersham","line":"Metropolitan","colour":"#9B0056","color":"#9B0056","traffic":0.0044,"off9":0.0,"off12":0.0,"off14":0.0},"id":49},{"type":"Feature","geometry":{"type":"LineString","coordinates":[[-0.5599483257193875,51.669408760068706],[-0.5177203257193874,51.655781760068706]]},"properties":{"id":"940GZZLUCAL-940GZZLUCYD-Metropolitan","source":"940GZZLUCAL","target":"940GZZLUCYD","sourceName":"Chalfont  Latimer","targetName":"Chorleywood","line":"Metropolitan","colour":"#9B0056","color":"#9B0056","traffic":0.0359,"off9":0.0,"off12":0.0,"off14":0.0},"id":50},{"type":"Feature","geometry":{"type":"LineString","coordinates":[[-0.10599017056221711,51.53190254589692],[-0.1057636,51.5318736],[-0.1055169,51.5318287],[-0.1046489,51.5316035],[-0.1018703,51.5308752],[-0.0977626,51.5296972],[-0.0911791,51.5280373],[-0.0887248,51.5273709],[-0.0882125,51.5270192],[-0.0879558,51.5266971],[-0.08764971367063994,51.525910825911694]]},"properties":{"id":"940GZZLUAGL-940GZZLUODS-Northern","source":"940GZZLUAGL","target":"940GZZLUODS","sourceName":"Angel","targetName":"Old Street","line":"Northern","colour":"#000000","color":"#000000","traffic":0.4602,"off9":0.0,"off12":0.0,"off14":0.0},"id":51},{"type":"Feature","geometry":{"type":"LineString","coordinates":[[-0.10599017056221711,51.53190254589692],[-0.1061581,51.531924],[-0.1065223,51.5319311],[-0.1069566,51.5319205],[-0.1079066,51.5318921],[-0.1092709,51.5318544],[-0.1136313,51.5314218],[-0.1185949,51.5310371],[-0.1190753,51.5310011],[-0.1200679,51.5309354],[-0.1223668,51.5307851],[-0.12319742750535652,51.530753716854846]]},"properties":{"id":"940GZZLUAGL-940GZZLUKSX-Northern","source":"940GZZLUAGL","target":"940GZZLUKSX","sourceName":"Angel","targetName":"Kings Cross St Pancras","line":"Northern","colour":"#000000","color":"#000000","traffic":0.2415,"off9":0.0,"off12":0.0,"off14":0.0},"id":52},{"type":"Feature","geometry":{"type":"LineString","coordinates":[[-0.08775904202841525,51.52586809476055],[-0.0876725,51.5256365],[-0.0876272,51.52532],[-0.0875581,51.5244787],[-0.0875184,51.5241632],[-0.0874804,51.5238527],[-0.0871213,51.5222245],[-0.0870991,51.5218693],[-0.0875071,51.5200759],[-0.0876603,51.5197309],[-0.0878239,51.5193162],[-0.0882115,51.5185899],[-0.088233,51.5185136],[-0.0882715,51.5183194],[-0.08833101039231549,51.51817984222212]]},"properties":{"id":"940GZZLUODS-940GZZLUMGT-Northern","source":"940GZZLUODS","target":"940GZZLUMGT","sourceName":"Old Street","targetName":"Moorgate","line":"Northern","colour":"#000000","color":"#000000","traffic":0.4164,"off9":0.0,"off12":0.0,"off14":0.0},"id":53},{"type":"Feature","geometry":{"type":"LineString","coordinates":[[-0.08764971367063994,51.525910825911694],[-0.0879558,51.5266971],[-0.0882125,51.5270192],[-0.0887248,51.5273709],[-0.0911791,51.5280373],[-0.0977626,51.5296972],[-0.1018703,51.5308752],[-0.1046489,51.5316035],[-0.1055169,51.5318287],[-0.1057636,51.5318736],[-0.10599017056221711,51.53190254589692]]},"properties":{"id":"940GZZLUODS-940GZZLUAGL-Northern","source":"940GZZLUODS","target":"940GZZLUAGL","sourceName":"Old Street","targetName":"Angel","line":"Northern","colour":"#000000","color":"#000000","traffic":0.2718,"off9":0.0,"off12":0.0,"off14":0.0},"id":54},{"type":"Feature","geometry":{"type":"LineString","coordinates":[[-0.12192863844871409,51.53039999634449],[-0.12191407546978568,51.53045130111407],[-0.12188641537092874,51.530539599292716],[-0.12176169828254622,51.530871640257416],[-0.12166045613305948,51.53136216694205],[-0.12160564046270987,51.531605552074346],[-0.12157793956938136,51.531805046616846],[-0.1215686018121745,51.53224536026781],[-0.1216155454184136,51.53258618286116],[-0.12164945167613667,51.532898741948564],[-0.12162935870824591,51.53315502797994],[-0.12161148825277299,51.53364095678005],[-0.12158632853480282,51.53427458631364],[-0.12133348827617725,51.53676479540441],[-0.1212885396062122,51.53755670868569],[-0.12128347276058458,51.53781315045806],[-0.12120354793224632,51.538179099886946],[-0.12116825638144205,51.53863181960991],[-0.12120246497683863,51.53895495744948],[-0.12111657430356944,51.54046405275833],[-0.12089939888960291,51.54138867232597],[-0.12063669116071708,51.54225820266108],[-0.11992196631260275,51.54376086057302],[-0.11903282378983839,51.54551333208223],[-0.11733727676282849,51.5479669550353]]},"properties":{"id":"940GZZLUKSX-940GZZLUCAR-Piccadilly","source":"940GZZLUKSX","target":"940GZZLUCAR","sourceName":"Kings Cross St Pancras","targetName":"Caledonian Road","line":"Piccadilly","colour":"#003688","color":"#003688","traffic":0.0836,"off9":0.0,"off12":0.0,"off14":0.0},"id":55},{"type":"Feature","geometry":{"type":"LineString","coordinates":[[-0.12192863844871409,51.53039999634449],[-0.12216522201086642,51.52971891420203],[-0.12247730275330818,51.52924152418833],[-0.1226347663221244,51.528977946436136],[-0.12278603701808981,51.528687526054306],[-0.12322122729347229,51.52785212047194],[-0.12409838509674802,51.52617587423728],[-0.1241653728491286,51.52602815494114],[-0.1241888305140638,51.52591665252041],[-0.12420304584119532,51.52579870542214],[-0.12420046013520351,51.52576803068471],[-0.12419982082654256,51.525722337758474],[-0.12420786377901348,51.52567006901947],[-0.12423063273621641,51.525660386148516],[-0.12334469207533572,51.524091312335074],[-0.12319768379615333,51.52384033832055],[-0.12306473867617337,51.52353071265196],[-0.12300177407358856,51.52316909394878],[-0.1230051583771326,51.52307913254294],[-0.12300870844900025,51.523027829185324]]},"properties":{"id":"940GZZLUKSX-940GZZLURSQ-Piccadilly","source":"940GZZLUKSX","target":"940GZZLURSQ","sourceName":"Kings Cross St Pancras","targetName":"Russell Square","line":"Piccadilly","colour":"#003688","color":"#003688","traffic":0.4486,"off9":0.0,"off12":0.0,"off14":0.0},"id":56},{"type":"Feature","geometry":{"type":"LineString","coordinates":[[-0.1231644802340672,51.53054806793834],[-0.1237215,51.530405],[-0.1245337,51.5302433],[-0.1255839,51.5300589],[-0.1268072,51.5298876],[-0.127719,51.5297392],[-0.12842,51.5296029],[-0.1291599,51.5294367],[-0.1299311,51.5292382],[-0.1304706,51.5290805],[-0.1309935,51.5289223],[-0.131492,51.528764],[-0.13220479369508756,51.52854887229762]]},"properties":{"id":"940GZZLUKSX-940GZZLUEUS-Victoria","source":"940GZZLUKSX","target":"940GZZLUEUS","sourceName":"Kings Cross St Pancras","targetName":"Euston","line":"Victoria","colour":"#0098D4","color":"#0098D4","traffic":0.1862,"off9":0.0,"off12":0.0,"off14":0.0},"id":57},{"type":"Feature","geometry":{"type":"LineString","coordinates":[[-0.123189149777372,51.5306053585538],[-0.1234513,51.5305833],[-0.1239327,51.5305679],[-0.1243368,51.5305509],[-0.1250912,51.5305182],[-0.1261939,51.530485],[-0.1271316,51.5304161],[-0.1275682,51.5303768],[-0.1280654,51.5303008],[-0.1284111,51.53021],[-0.1287323,51.5300697],[-0.1291232,51.5298841],[-0.1295623,51.5295944],[-0.1302629,51.5291323],[-0.1308044,51.5288225],[-0.1313367,51.52859],[-0.131945,51.5284038],[-0.13214285258023964,51.528344222690116]]},"properties":{"id":"940GZZLUKSX-940GZZLUEUS-Northern","source":"940GZZLUKSX","target":"940GZZLUEUS","sourceName":"Kings Cross St Pancras","targetName":"Euston","line":"Northern","colour":"#000000","color":"#000000","traffic":0.1862,"off9":0.0,"off12":0.0,"off14":0.0},"id":58},{"type":"Feature","geometry":{"type":"LineString","coordinates":[[-0.1231644802340672,51.53054806793834],[-0.1229436,51.5306048],[-0.1224641,51.5307343],[-0.1220478,51.5308426],[-0.1216069,51.5309643],[-0.1208822,51.5311881],[-0.1202915,51.5314053],[-0.1197184,51.5316453],[-0.1056429,51.5384287],[-0.105404,51.5386076],[-0.1052072,51.538814],[-0.1047275,51.5396336],[-0.1044421,51.5401072],[-0.1040382,51.5407053],[-0.103804,51.5411937],[-0.1036894,51.5414897],[-0.10357,51.5418157],[-0.1034899,51.5424111],[-0.1034085,51.5427959],[-0.1031474,51.5441344],[-0.1031766,51.5450042],[-0.1034284,51.5458239],[-0.1034765,51.5460139],[-0.10354793755212124,51.54629259922931]]},"properties":{"id":"940GZZLUKSX-940GZZLUHAI-Victoria","source":"940GZZLUKSX","target":"940GZZLUHAI","sourceName":"Kings Cross St Pancras","targetName":"Highbury  Islington","line":"Victoria","colour":"#0098D4","color":"#0098D4","traffic":0.2329,"off9":0.0,"off12":0.0,"off14":0.0},"id":59},{"type":"Feature","geometry":{"type":"LineString","coordinates":[[-0.12319742750535652,51.530753716854846],[-0.1223668,51.5307851],[-0.1200679,51.5309354],[-0.1190753,51.5310011],[-0.1185949,51.5310371],[-0.1136313,51.5314218],[-0.1092709,51.5318544],[-0.1079066,51.5318921],[-0.1069566,51.5319205],[-0.1065223,51.5319311],[-0.1061581,51.531924],[-0.10599017056221711,51.53190254589692]]},"properties":{"id":"940GZZLUKSX-940GZZLUAGL-Northern","source":"940GZZLUKSX","target":"940GZZLUAGL","sourceName":"Kings Cross St Pancras","targetName":"Angel","line":"Northern","colour":"#000000","color":"#000000","traffic":0.4784,"off9":0.0,"off12":0.0,"off14":0.0},"id":60},{"type":"Feature","geometry":{"type":"LineString","coordinates":[[-0.12214119875547551,51.528954441785615],[-0.122492173036259,51.5288240286968],[-0.12270165975513879,51.528756116402114],[-0.12280533859379525,51.5287107542055],[-0.12315603828766852,51.52860382590409],[-0.12349207767380942,51.52850197612728],[-0.12386366954682212,51.528366058530814],[-0.1244351961107778,51.52813820026409],[-0.12485862570947281,51.52796206394559],[-0.1249844260804421,51.527865116031805],[-0.1252635235725007,51.52770768774808],[-0.12563966745739574,51.527563353563025],[-0.12649159253497197,51.52723416580314],[-0.1286702773505056,51.526387878714644],[-0.1289002400796316,51.526302911657666],[-0.13050237305263498,51.52573604730592],[-0.13309062767908994,51.52489647028773],[-0.13366879771524753,51.524702899974336],[-0.1344007661999388,51.52442577044167],[-0.1349969773748072,51.524205390573485]]},"properties":{"id":"940GZZLUKSX-940GZZLUESQ-Circle","source":"940GZZLUKSX","target":"940GZZLUESQ","sourceName":"Kings Cross St Pancras","targetName":"Euston Square","line":"Circle","colour":"#FFD300","color":"#FFD300","traffic":0.1976,"off9":0.0,"off12":0.0,"off14":0.0},"id":61},{"type":"Feature","geometry":{"type":"LineString","coordinates":[[-0.12305939295118894,51.53033715864883],[-0.1233246,51.5302276],[-0.1235301,51.5301606],[-0.1236504,51.5301114],[-0.123896,51.5300273],[-0.1242273,51.5299264],[-0.1246817,51.5297729],[-0.1253003,51.5295341],[-0.1258254,51.5293319],[-0.1261333,51.5291794],[-0.1263801,51.5290327],[-0.1265845,51.5289391],[-0.1273714,51.5286265],[-0.1295419,51.5277822],[-0.1297425,51.5277042],[-0.1312815,51.5271514],[-0.1338357,51.5263189],[-0.1344584,51.526116],[-0.1352346,51.525829],[-0.13583071564686938,51.525608641175346]]},"properties":{"id":"940GZZLUKSX-940GZZLUESQ-Hammersmith & City","source":"940GZZLUKSX","target":"940GZZLUESQ","sourceName":"Kings Cross St Pancras","targetName":"Euston Square","line":"Hammersmith & City","colour":"#F3A9BB","color":"#F3A9BB","traffic":0.1976,"off9":0.0,"off12":0.0,"off14":0.0},"id":62},{"type":"Feature","geometry":{"type":"LineString","coordinates":[[-0.12397758714690237,51.53171987551204],[-0.12415702696374101,51.531631171303204],[-0.12435854024486122,51.53156508359789],[-0.12449546140620474,51.53151204579451],[-0.12463596171233149,51.53145077409591],[-0.12496252232619058,51.53135082387272],[-0.1254997304531779,51.53117974146918],[-0.1261654038892222,51.53092999973591],[-0.1267921742905272,51.53070173605442],[-0.1272821739195579,51.53049368396819],[-0.1274966764274993,51.53035771225193],[-0.12752933254260423,51.53031484643698],[-0.12825120746502813,51.530018834196866],[-0.1304135226494945,51.52917652128535],[-0.13058475992036842,51.52910548834234],[-0.13206062694736512,51.52856675269408],[-0.13458077232091015,51.52774132971227],[-0.13524800228475248,51.52752910002567],[-0.13606843380006123,51.52723222955834],[-0.13666445391893153,51.52701189177721]]},"properties":{"id":"940GZZLUKSX-940GZZLUESQ-Metropolitan","source":"940GZZLUKSX","target":"940GZZLUESQ","sourceName":"Kings Cross St Pancras","targetName":"Euston Square","line":"Metropolitan","colour":"#9B0056","color":"#9B0056","traffic":0.1976,"off9":0.0,"off12":0.0,"off14":0.0},"id":63},{"type":"Feature","geometry":{"type":"LineString","coordinates":[[-0.12214119875547551,51.528954441785615],[-0.12209052683635864,51.528992730637036],[-0.12198197327192259,51.52904566083938],[-0.12185833251112917,51.5290873608309],[-0.1216594814646114,51.52913632341176],[-0.12155625314468708,51.52915700091202],[-0.12155527108788235,51.5291620254689],[-0.12155775783049522,51.52916470050238],[-0.12153416238295632,51.529163719431665],[-0.12119082139061754,51.52914783548086],[-0.1211276771227252,51.529133660652185],[-0.12099530294100794,51.529100202122514],[-0.12052887211766912,51.52898379466214],[-0.12039361775278283,51.52894623037929],[-0.12023417585413174,51.52889758012402],[-0.12009940903187455,51.52885325371892],[-0.11998948966667977,51.52880363285801],[-0.11990954430551062,51.5287609569295],[-0.11986825081623934,51.52873464201947],[-0.11986891679144704,51.528725965061064],[-0.1197238928599712,51.528642163175455],[-0.11958100445748933,51.528567479434756],[-0.11951632468181113,51.528514496804775],[-0.1190865197840286,51.52825342782173],[-0.11899467130296958,51.528197935777015],[-0.11896250601859155,51.52818058895659],[-0.11842796882811348,51.52788581802647],[-0.1182684025044852,51.52778893132031],[-0.11818814048284602,51.52773834303381],[-0.11776315505562562,51.527500077927414],[-0.11757816882731857,51.52739124397753],[-0.11732243477529873,51.527243237128694],[-0.11684701446967213,51.526951634689745],[-0.11625688848952952,51.526586670100905],[-0.11583270804749368,51.52630827776309],[-0.11483070955670352,51.52562918547282],[-0.11389504807894758,51.52501760179986],[-0.11268552584480186,51.52430118459253],[-0.11200821803591057,51.52385937840133],[-0.11098150921113319,51.523028691183164],[-0.11070761853957603,51.5228455932718],[-0.11023457679949043,51.52257565439294],[-0.10974160616774382,51.52235054973812],[-0.10949238649575525,51.52223941087618],[-0.10912762548616524,51.522003915240234],[-0.10897385553903198,51.521887841750754],[-0.10876923622529626,51.52175122070074],[-0.10864977889856385,51.52168046392296],[-0.10828557588935403,51.52146621337275],[-0.10814213375726621,51.52134388199679],[-0.10813748214593907,51.521330099766075],[-0.10817834245820683,51.52132082223411],[-0.10818019094708667,51.52131935475385],[-0.10819665062167463,51.52128775112511],[-0.10820040909665737,51.52127898014671],[-0.10823717185328884,51.52124683779838],[-0.10824136846754263,51.52121231809011],[-0.10815614620090674,51.52110072950889],[-0.10802056462312043,51.52093905443985],[-0.10789425497984383,51.52080506889601],[-0.10778307882598112,51.52068322742669],[-0.10757270744780366,51.52047451172905],[-0.10736393428874833,51.52026975899228],[-0.1072789731128977,51.520195223578305],[-0.10722600019482377,51.52013450272272],[-0.10718887637271077,51.52007087929894],[-0.10720045906440702,51.52005988710965],[-0.10720928450114814,51.52004377327999],[-0.10719127341276202,51.52000646566981],[-0.10714940445928291,51.519940609664324],[-0.10708884639856457,51.519859758081616],[-0.10694801710178575,51.51970932736514],[-0.10685181091591389,51.51961878074101],[-0.10666494535552513,51.519459641836],[-0.10646351603397816,51.5193046667018],[-0.10636118805041984,51.51923267178342]]},"properties":{"id":"940GZZLUKSX-940GZZLUFCN-Circle","source":"940GZZLUKSX","target":"940GZZLUFCN","sourceName":"Kings Cross St Pancras","targetName":"Farringdon","line":"Circle","colour":"#FFD300","color":"#FFD300","traffic":0.2557,"off9":0.0,"off12":0.0,"off14":0.0},"id":64},{"type":"Feature","geometry":{"type":"LineString","coordinates":[[-0.12305939295118894,51.53033715864883],[-0.122908,51.5303997],[-0.1226293,51.5304865],[-0.122385,51.5305471],[-0.1220702,51.5306104],[-0.1218597,51.5306411],[-0.1217474,51.5306533],[-0.1216103,51.5306604],[-0.1214735,51.5306593],[-0.1210046,51.5306394],[-0.12078,51.530614],[-0.1205086,51.5305653],[-0.1199667,51.5304384],[-0.1197851,51.5303936],[-0.1195833,51.5303378],[-0.1193919,51.5302831],[-0.1191729,51.5302108],[-0.1190208,51.5301511],[-0.1189126,51.5301075],[-0.1188569,51.5300831],[-0.1186608,51.5299841],[-0.1184824,51.5298983],[-0.1183347,51.5298175],[-0.1178544,51.5295382],[-0.1177655,51.5294838],[-0.1177427,51.5294699],[-0.1172463,51.5291888],[-0.1170515,51.5290793],[-0.1169652,51.5290265],[-0.1165591,51.5287951],[-0.1163731,51.5286859],[-0.116108,51.5285345],[-0.1156034,51.5282321],[-0.1149893,51.527858],[-0.1145206,51.527562],[-0.1134928,51.5268723],[-0.1126087,51.5262816],[-0.1114384,51.5255803],[-0.1106376,51.5250886],[-0.109519,51.5242162],[-0.1093232,51.5240688],[-0.1090112,51.5238636],[-0.1086985,51.5236985],[-0.1084319,51.5235821],[-0.1079003,51.5232904],[-0.1076779,51.523148],[-0.1074488,51.5230015],[-0.1073654,51.5229452],[-0.1070049,51.5227324],[-0.1067587,51.5225675],[-0.1067129,51.5225353],[-0.1066111,51.5224554],[-0.106601,51.5224475],[-0.1064937,51.5223439],[-0.106456,51.5223086],[-0.1063207,51.5221503],[-0.1062605,51.5220603],[-0.1061923,51.5219639],[-0.1061102,51.5218475],[-0.1060286,51.5217488],[-0.1059517,51.5216526],[-0.1058007,51.5214857],[-0.1056395,51.5213123],[-0.1055798,51.5212537],[-0.1055062,51.52118],[-0.1054045,51.5210736],[-0.1053583,51.5210213],[-0.1053127,51.5209633],[-0.105269,51.5209051],[-0.1052085,51.5208236],[-0.1051545,51.5207483],[-0.1050822,51.5206529],[-0.1050388,51.5206014],[-0.1049549,51.5205113],[-0.1048564,51.5204174],[-0.10480658773158504,51.520373925674285]]},"properties":{"id":"940GZZLUKSX-940GZZLUFCN-Hammersmith & City","source":"940GZZLUKSX","target":"940GZZLUFCN","sourceName":"Kings Cross St Pancras","targetName":"Farringdon","line":"Hammersmith & City","colour":"#F3A9BB","color":"#F3A9BB","traffic":0.2557,"off9":0.0,"off12":0.0,"off14":0.0},"id":65},{"type":"Feature","geometry":{"type":"LineString","coordinates":[[-0.12397758714690237,51.53171987551204],[-0.12372547316364137,51.53180666936296],[-0.1232766267280774,51.531927339160625],[-0.12291166748887082,51.5320068391691],[-0.1224809185353886,51.53208447658824],[-0.12216314685531292,51.53212519908797],[-0.12193952891211766,51.532144574531095],[-0.12166284216950479,51.53215609949763],[-0.12141283761704368,51.53215488056834],[-0.12081837860938247,51.53213096451913],[-0.1204323228772748,51.532094339347815],[-0.12002189705899205,51.532030397877485],[-0.11940452788233087,51.531893005337864],[-0.11917658224721718,51.5318409696207],[-0.11893242414586827,51.53177801987598],[-0.11868439096812544,51.531712946281075],[-0.11835631033332022,51.53161796714199],[-0.11813205569448937,51.53154124307049],[-0.11795694918376065,51.53148035798053],[-0.11784488320855296,51.531440234938934],[-0.11759770714002879,51.531326036824545],[-0.11738379554251067,51.53122912056524],[-0.11715307531818887,51.531120503195226],[-0.1166222802159714,51.530822972178264],[-0.11653632869703041,51.53076966422299],[-0.11652289398140846,51.53075921104342],[-0.11606463117188652,51.53049178197353],[-0.11583459749551481,51.53036966867969],[-0.11574225951715399,51.53031465696619],[-0.11535504494437437,51.53009012207259],[-0.11516803117268141,51.529980556022466],[-0.11489356522470127,51.529825762871305],[-0.11435978553032786,51.52951256531025],[-0.11372171151047049,51.5291293298991],[-0.11320849195250632,51.528815722236914],[-0.11215489044329649,51.52811541452718],[-0.11132235192105243,51.527545598200135],[-0.11019127415519815,51.52685941540747],[-0.10926698196408943,51.52631782159866],[-0.10805649078886682,51.52540370881683],[-0.10793878146042396,51.5252920067282],[-0.10778782320050957,51.52515154560706],[-0.10765539383225618,51.52504645026188],[-0.10737141350424474,51.524924789123816],[-0.10667297451383469,51.52457688475977],[-0.106381944460968,51.524408158249244],[-0.10612836377470374,51.524251779299256],[-0.10608102110143615,51.52420993607704],[-0.10572422411064597,51.52399858662726],[-0.10537526624273379,51.52379111800321],[-0.10528831785406093,51.52374050023393],[-0.10504385754179317,51.52358997776589],[-0.10502180905291333,51.52357564524615],[-0.10479074937832528,51.5234000488749],[-0.10471159090334253,51.523338219853294],[-0.1044042281467111,51.52305376220162],[-0.10427963153245735,51.52290828190989],[-0.10422845379909326,51.52282707049112],[-0.10419983537687957,51.52275594556015],[-0.10416294502015626,51.522692531103985],[-0.10412032117401887,51.52262197257332],[-0.10402869255219634,51.52249688827095],[-0.10391506571125167,51.52235484100772],[-0.10388062688710238,51.5223121764217],[-0.10378639980517622,51.52222549727728],[-0.10362012362728923,51.52207632070106],[-0.10351614093559307,51.52198271289035],[-0.10341611549885193,51.52188282672001],[-0.10334672658723798,51.52180373433019],[-0.10326759554071709,51.521706590335675],[-0.10322015360143542,51.52163684191839],[-0.10321638289821425,51.52159647263486],[-0.10322578908408611,51.52158401925898],[-0.10324485464447487,51.521562958164004],[-0.10324928396602193,51.5215301332982],[-0.10325198741275031,51.52151517956515]]},"properties":{"id":"940GZZLUKSX-940GZZLUFCN-Metropolitan","source":"940GZZLUKSX","target":"940GZZLUFCN","sourceName":"Kings Cross St Pancras","targetName":"Farringdon","line":"Metropolitan","colour":"#9B0056","color":"#9B0056","traffic":0.2557,"off9":0.0,"off12":0.0,"off14":0.0},"id":66},{"type":"Feature","geometry":{"type":"LineString","coordinates":[[-0.13473182154899382,51.56547640738334],[-0.1347353,51.565286],[-0.1347906,51.5650137],[-0.1349317,51.5646488],[-0.1355405,51.5636147],[-0.1362844,51.5622573],[-0.1369001,51.5611387],[-0.1371898,51.5605494],[-0.1375555,51.5595046],[-0.1377832,51.5585142],[-0.1379893,51.5577641],[-0.1382656,51.5571186],[-0.1383349,51.5569769],[-0.138356,51.5569343],[-0.138371,51.5569079],[-0.1384043,51.5568487],[-0.13842420724863877,51.556816554734965]]},"properties":{"id":"940GZZLUACY-940GZZLUTFP-Northern","source":"940GZZLUACY","target":"940GZZLUTFP","sourceName":"Archway","targetName":"Tufnell Park","line":"Northern","colour":"#000000","color":"#000000","traffic":0.4169,"off9":0.0,"off12":0.0,"off14":0.0},"id":67},{"type":"Feature","geometry":{"type":"LineString","coordinates":[[-0.13493277690262848,51.56546663079422],[-0.1349379,51.5655179],[-0.1350666,51.5660364],[-0.1351582,51.5663069],[-0.1353177,51.5666195],[-0.1357826,51.5672535],[-0.1361171,51.5677333],[-0.1366924,51.5684997],[-0.1371616,51.5690545],[-0.1375321,51.5694705],[-0.1379366,51.5698997],[-0.1398706,51.5720222],[-0.1408878,51.5730611],[-0.143807,51.576041],[-0.1443894,51.5766318],[-0.1448048,51.5769759],[-0.1453732,51.5773102],[-0.1458626200629741,51.57751881508801]]},"properties":{"id":"940GZZLUACY-940GZZLUHGT-Northern","source":"940GZZLUACY","target":"940GZZLUHGT","sourceName":"Archway","targetName":"Highgate","line":"Northern","colour":"#000000","color":"#000000","traffic":0.073,"off9":0.0,"off12":0.0,"off14":0.0},"id":68},{"type":"Feature","geometry":{"type":"LineString","coordinates":[[-0.13842420724863877,51.556816554734965],[-0.1387568,51.5562795],[-0.1395186,51.5552335],[-0.1400013,51.5545186],[-0.1405168,51.5538237],[-0.1406528,51.5535761],[-0.1408473,51.5531753],[-0.1409725,51.5527687],[-0.1410941,51.5520954],[-0.1410706,51.5517077],[-0.1410275,51.5514729],[-0.1408173,51.550944],[-0.1407567,51.5506794],[-0.1407436,51.5503331],[-0.14074455847541828,51.55031253880699]]},"properties":{"id":"940GZZLUTFP-940GZZLUKSH-Northern","source":"940GZZLUTFP","target":"940GZZLUKSH","sourceName":"Tufnell Park","targetName":"Kentish Town","line":"Northern","colour":"#000000","color":"#000000","traffic":0.4548,"off9":0.0,"off12":0.0,"off14":0.0},"id":69},{"type":"Feature","geometry":{"type":"LineString","coordinates":[[-0.13842420724863877,51.556816554734965],[-0.1384043,51.5568487],[-0.138371,51.5569079],[-0.138356,51.5569343],[-0.1383349,51.5569769],[-0.1382656,51.5571186],[-0.1379893,51.5577641],[-0.1377832,51.5585142],[-0.1375555,51.5595046],[-0.1371898,51.5605494],[-0.1369001,51.5611387],[-0.1362844,51.5622573],[-0.1355405,51.5636147],[-0.1349317,51.5646488],[-0.1347906,51.5650137],[-0.1347353,51.565286],[-0.13473182154899382,51.56547640738334]]},"properties":{"id":"940GZZLUTFP-940GZZLUACY-Northern","source":"940GZZLUTFP","target":"940GZZLUACY","sourceName":"Tufnell Park","targetName":"Archway","line":"Northern","colour":"#000000","color":"#000000","traffic":0.0892,"off9":0.0,"off12":0.0,"off14":0.0},"id":70},{"type":"Feature","geometry":{"type":"LineString","coordinates":[[-0.1458626200629741,51.57751881508801],[-0.1459454,51.5775541],[-0.1465746,51.5778165],[-0.1469398,51.5779689],[-0.1477652,51.5783095],[-0.1520889,51.5801082],[-0.1583963,51.583515],[-0.1599768,51.5843587],[-0.1610908,51.5850589],[-0.1621096,51.5855951],[-0.162481,51.5857802],[-0.1628081,51.5859767],[-0.1632161,51.5862113],[-0.1635168,51.5863726],[-0.163775,51.5865067],[-0.1642559,51.5867414],[-0.1646804,51.5869588],[-0.1650110691763644,51.58713276924766]]},"properties":{"id":"940GZZLUHGT-940GZZLUEFY-Northern","source":"940GZZLUHGT","target":"940GZZLUEFY","sourceName":"Highgate","targetName":"East Finchley","line":"Northern","colour":"#000000","color":"#000000","traffic":0.0654,"off9":0.0,"off12":0.0,"off14":0.0},"id":71},{"type":"Feature","geometry":{"type":"LineString","coordinates":[[-0.1458626200629741,51.57751881508801],[-0.1453732,51.5773102],[-0.1448048,51.5769759],[-0.1443894,51.5766318],[-0.143807,51.576041],[-0.1408878,51.5730611],[-0.1398706,51.5720222],[-0.1379366,51.5698997],[-0.1375321,51.5694705],[-0.1371616,51.5690545],[-0.1366924,51.5684997],[-0.1361171,51.5677333],[-0.1357826,51.5672535],[-0.1353177,51.5666195],[-0.1351582,51.5663069],[-0.1350666,51.5660364],[-0.1349379,51.5655179],[-0.13493277690262848,51.56546663079422]]},"properties":{"id":"940GZZLUHGT-940GZZLUACY-Northern","source":"940GZZLUHGT","target":"940GZZLUACY","sourceName":"Highgate","targetName":"Archway","line":"Northern","colour":"#000000","color":"#000000","traffic":0.354,"off9":0.0,"off12":0.0,"off14":0.0},"id":72},{"type":"Feature","geometry":{"type":"LineString","coordinates":[[-0.13176527678581493,51.616569819953995],[-0.131780300049879,51.61667318089479],[-0.13182192920041275,51.61693082915828],[-0.13187828737461513,51.617119240734986],[-0.1319869419078162,51.617431482214194],[-0.1320736587077558,51.617642694944955],[-0.13219828312672394,51.617841150154575],[-0.13243689494676344,51.618192153004905],[-0.13247552647938327,51.61824060024751],[-0.1325442056458971,51.618323090630255],[-0.13271563828500338,51.61852176917029],[-0.13281012616169535,51.618621395187674],[-0.13299368921916682,51.61882002025432],[-0.13316553538814774,51.61902067721484],[-0.1333176150230815,51.619198121920036],[-0.13356960549678526,51.61948321158598],[-0.13362041834720187,51.61956108871929],[-0.1337212560307258,51.61970548871419],[-0.13380846719791017,51.619826942853265],[-0.1338539756633941,51.6199053613251],[-0.13386653053440656,51.619945895452],[-0.13387787901369402,51.619982654801156],[-0.13391627752392232,51.62008067134353],[-0.13394381079746773,51.620159232237505],[-0.13397413445785428,51.6202632129468],[-0.13399063789784485,51.620331209336996],[-0.13399943497001796,51.620381138667746],[-0.134016828681076,51.62048879249619],[-0.1340668285798973,51.620807852935044],[-0.13414701079398708,51.621400732516335],[-0.13422882203379657,51.62188384510793],[-0.13428263970932056,51.62217704777235],[-0.13433010405792106,51.62244420660381],[-0.13439535810145337,51.62279109268836],[-0.1344499797070942,51.623246560301084],[-0.13448940995937816,51.62352620217493],[-0.13452531593338915,51.62382460241493],[-0.1345376528477401,51.624107480369965],[-0.1345343631745052,51.624212023666956],[-0.1345283015595958,51.62433824211801],[-0.13452419400220927,51.62443724027563],[-0.13450614210232797,51.62458679814865],[-0.13447379370187135,51.62476964780643],[-0.13445650168211018,51.62485073750817],[-0.13443864859770932,51.62493308111348],[-0.13440743974944144,51.62506026520622],[-0.13436433638104775,51.62520960836484],[-0.13423981129990614,51.625529062788104],[-0.13421713717947203,51.62560576009407],[-0.13415131851510656,51.62574101343671],[-0.13411883407140826,51.62580595713782],[-0.1340657965655521,51.62589983764185],[-0.13399641864134088,51.62601888918874],[-0.13395097679940157,51.6260996272965],[-0.1337949211321542,51.626332766125856],[-0.13372210938716664,51.626441791186515],[-0.13361744240725582,51.62657427417565],[-0.1335089901994501,51.62670074771647],[-0.13334926057280852,51.626876264678415],[-0.13325975411511787,51.6269830838676],[-0.1325446659707638,51.6276480834337],[-0.13207003276237617,51.62804433193549],[-0.1312422673352349,51.628606258964844],[-0.1303697377343956,51.62921828824259],[-0.1300364585820301,51.62943789256742],[-0.12994407962886503,51.629495705088196],[-0.12984528901003642,51.62955322218554],[-0.12929355062352896,51.62995629176945],[-0.12913639492062914,51.63007803595984],[-0.12879711501654706,51.630349271671065],[-0.1281920686843909,51.630840292480435],[-0.12793520950851914,51.63103592020971],[-0.12708475892845775,51.631671069987064]]},"properties":{"id":"940GZZLUASG-940GZZLUSGT-Piccadilly","source":"940GZZLUASG","target":"940GZZLUSGT","sourceName":"Arnos Grove","targetName":"Southgate","line":"Piccadilly","colour":"#003688","color":"#003688","traffic":0.0243,"off9":0.0,"off12":0.0,"off14":0.0},"id":73},{"type":"Feature","geometry":{"type":"LineString","coordinates":[[-0.13176527678581493,51.616569819953995],[-0.13173073284946663,51.61634077190995],[-0.13169343768371322,51.616012145723474],[-0.13166170228030075,51.61574229693754],[-0.1316649418056589,51.615534634057155],[-0.13167093579282677,51.615038625921336],[-0.1316690658201744,51.61480694962838],[-0.13166754753882356,51.6145160057827],[-0.13166965489151766,51.614221315472975],[-0.13166759410092543,51.6139096514476],[-0.1316662097333265,51.61372841855584],[-0.13165779642038192,51.61278072920914],[-0.13166011926607105,51.612618795847204],[-0.1316575157875553,51.61248134719238],[-0.13165441930180966,51.612430216255675],[-0.1316443600770804,51.61232620596556],[-0.13164255293121102,51.61228139818119],[-0.13164127060888914,51.61225120830952],[-0.13160158606413386,51.61207545891787],[-0.13158284696918518,51.61199515215407],[-0.13156025288976927,51.611921724582366],[-0.13153619589510812,51.61184713965473],[-0.13149140735646175,51.61174223416072],[-0.1314125529811742,51.611599728177026],[-0.13132113881625862,51.611451666027655],[-0.1310115259064857,51.61098780640655],[-0.13070479941092414,51.61069105795825],[-0.13032024470766723,51.610447569459296],[-0.12994006658571758,51.61024948811927],[-0.12970900381363454,51.61015682977901],[-0.12879266024419025,51.6098524538661],[-0.12777551615846594,51.60953756688993],[-0.12665723447315527,51.60912177410224],[-0.12598228064355693,51.6088606449857],[-0.12499444806106383,51.608444109792615],[-0.12429340915762695,51.60813103428627],[-0.12389519804256569,51.607948243639626],[-0.12357605030991839,51.60778976569484]]},"properties":{"id":"940GZZLUASG-940GZZLUBDS-Piccadilly","source":"940GZZLUASG","target":"940GZZLUBDS","sourceName":"Arnos Grove","targetName":"Bounds Green","line":"Piccadilly","colour":"#003688","color":"#003688","traffic":0.1293,"off9":0.0,"off12":0.0,"off14":0.0},"id":74},{"type":"Feature","geometry":{"type":"LineString","coordinates":[[-0.12708475892845775,51.631671069987064],[-0.12793520950851914,51.63103592020971],[-0.1281920686843909,51.630840292480435],[-0.12879711501654706,51.630349271671065],[-0.12913639492062914,51.63007803595984],[-0.12929355062352896,51.62995629176945],[-0.12984528901003642,51.62955322218554],[-0.12994407962886503,51.629495705088196],[-0.1300364585820301,51.62943789256742],[-0.1303697377343956,51.62921828824259],[-0.1312422673352349,51.628606258964844],[-0.13207003276237617,51.62804433193549],[-0.1325446659707638,51.6276480834337],[-0.13325975411511787,51.6269830838676],[-0.13334926057280852,51.626876264678415],[-0.1335089901994501,51.62670074771647],[-0.13361744240725582,51.62657427417565],[-0.13372210938716664,51.626441791186515],[-0.1337949211321542,51.626332766125856],[-0.13395097679940157,51.6260996272965],[-0.13399641864134088,51.62601888918874],[-0.1340657965655521,51.62589983764185],[-0.13411883407140826,51.62580595713782],[-0.13415131851510656,51.62574101343671],[-0.13421713717947203,51.62560576009407],[-0.13423981129990614,51.625529062788104],[-0.13436433638104775,51.62520960836484],[-0.13440743974944144,51.62506026520622],[-0.13443864859770932,51.62493308111348],[-0.13445650168211018,51.62485073750817],[-0.13447379370187135,51.62476964780643],[-0.13450614210232797,51.62458679814865],[-0.13452419400220927,51.62443724027563],[-0.1345283015595958,51.62433824211801],[-0.1345343631745052,51.624212023666956],[-0.1345376528477401,51.624107480369965],[-0.13452531593338915,51.62382460241493],[-0.13448940995937816,51.62352620217493],[-0.1344499797070942,51.623246560301084],[-0.13439535810145337,51.62279109268836],[-0.13433010405792106,51.62244420660381],[-0.13428263970932056,51.62217704777235],[-0.13422882203379657,51.62188384510793],[-0.13414701079398708,51.621400732516335],[-0.1340668285798973,51.620807852935044],[-0.134016828681076,51.62048879249619],[-0.13399943497001796,51.620381138667746],[-0.13399063789784485,51.620331209336996],[-0.13397413445785428,51.6202632129468],[-0.13394381079746773,51.620159232237505],[-0.13391627752392232,51.62008067134353],[-0.13387787901369402,51.619982654801156],[-0.13386653053440656,51.619945895452],[-0.1338539756633941,51.6199053613251],[-0.13380846719791017,51.619826942853265],[-0.1337212560307258,51.61970548871419],[-0.13362041834720187,51.61956108871929],[-0.13356960549678526,51.61948321158598],[-0.1333176150230815,51.619198121920036],[-0.13316553538814774,51.61902067721484],[-0.13299368921916682,51.61882002025432],[-0.13281012616169535,51.618621395187674],[-0.13271563828500338,51.61852176917029],[-0.1325442056458971,51.618323090630255],[-0.13247552647938327,51.61824060024751],[-0.13243689494676344,51.618192153004905],[-0.13219828312672394,51.617841150154575],[-0.1320736587077558,51.617642694944955],[-0.1319869419078162,51.617431482214194],[-0.13187828737461513,51.617119240734986],[-0.13182192920041275,51.61693082915828],[-0.131780300049879,51.61667318089479],[-0.13176527678581493,51.616569819953995]]},"properties":{"id":"940GZZLUSGT-940GZZLUASG-Piccadilly","source":"940GZZLUSGT","target":"940GZZLUASG","sourceName":"Southgate","targetName":"Arnos Grove","line":"Piccadilly","colour":"#003688","color":"#003688","traffic":0.0893,"off9":0.0,"off12":0.0,"off14":0.0},"id":75},{"type":"Feature","geometry":{"type":"LineString","coordinates":[[-0.12852080090704915,51.63293434353463],[-0.12850478708731222,51.632945104174034],[-0.12792801625981848,51.63332203659168],[-0.12707031269976365,51.63387228694675],[-0.12693404601660926,51.633980589151435],[-0.12682644855668213,51.63407681531305],[-0.12671938712123113,51.63418041590352],[-0.1265941058704139,51.6343113883243],[-0.126516732357445,51.634398123211454],[-0.12646233702566292,51.634468331610535],[-0.12640694057679824,51.63455118486673],[-0.12635425630629865,51.634630157777856],[-0.12630654355273196,51.634713227185706],[-0.12626700983156697,51.63479143852462],[-0.12625060765557936,51.63484013196497],[-0.1262215211685335,51.634912032699525],[-0.12618161791882437,51.6350121927796],[-0.12614098414996114,51.63513684129011],[-0.12611564345146567,51.63523660472718],[-0.12608212482586056,51.63537734935903],[-0.12607261775502218,51.635452118615284],[-0.12606680192579553,51.63552721796322],[-0.12605791271322334,51.63567831713443],[-0.1260508010518554,51.63580294941706],[-0.12605369263916463,51.63597397901865],[-0.12605607910550412,51.63608751459337],[-0.12606790369533802,51.63620829151698],[-0.1260812242565211,51.63638109265266],[-0.1260988124641963,51.63651477193451],[-0.12612337310203336,51.636650189594704],[-0.126181417213164,51.63691030056067],[-0.12623793936892339,51.63712234859082],[-0.12637785038459304,51.63750931150867],[-0.12668219008876566,51.6383282122017],[-0.12691441367744621,51.638954863939595],[-0.12716208073449753,51.63962625318098],[-0.12746243487255582,51.640444102351296],[-0.12768839909282445,51.64103784982978],[-0.1279099929468539,51.64162515856945],[-0.1281326694372658,51.642214289096664],[-0.12838275172585056,51.642906223806904],[-0.12865749945463711,51.643622545264435],[-0.12882102309717705,51.644059557629824],[-0.12895408077806922,51.64441805658951],[-0.12899836479770085,51.64454618482302],[-0.12903442674059784,51.64465227602494],[-0.12911814038708821,51.6448008862456],[-0.129191695258174,51.6449282939973],[-0.12926735719450053,51.64504546330312],[-0.1293404665097148,51.64514942168281],[-0.12943499983337192,51.645248031103726],[-0.1296002703672128,51.64541471628353],[-0.12970866599969724,51.64551992112923],[-0.12988371168496315,51.645659671776954],[-0.13004112291984843,51.64576980394036],[-0.13016115628103642,51.645854043886246],[-0.13026074196751197,51.64591720253234],[-0.13042123272366224,51.64599848539624],[-0.1306985072902966,51.646126129492785],[-0.13100682841533448,51.64626839574272],[-0.13219208161759866,51.646805397563966],[-0.13238787777261787,51.646893022831826],[-0.13269325133014676,51.647033055408585]]},"properties":{"id":"940GZZLUSGT-940GZZLUOAK-Piccadilly","source":"940GZZLUSGT","target":"940GZZLUOAK","sourceName":"Southgate","targetName":"Oakwood","line":"Piccadilly","colour":"#003688","color":"#003688","traffic":0.0122,"off9":0.0,"off12":0.0,"off14":0.0},"id":76},{"type":"Feature","geometry":{"type":"LineString","coordinates":[[-0.12357605030991839,51.60778976569484],[-0.12389519804256569,51.607948243639626],[-0.12429340915762695,51.60813103428627],[-0.12499444806106383,51.608444109792615],[-0.12598228064355693,51.6088606449857],[-0.12665723447315527,51.60912177410224],[-0.12777551615846594,51.60953756688993],[-0.12879266024419025,51.6098524538661],[-0.12970900381363454,51.61015682977901],[-0.12994006658571758,51.61024948811927],[-0.13032024470766723,51.610447569459296],[-0.13070479941092414,51.61069105795825],[-0.1310115259064857,51.61098780640655],[-0.13132113881625862,51.611451666027655],[-0.1314125529811742,51.611599728177026],[-0.13149140735646175,51.61174223416072],[-0.13153619589510812,51.61184713965473],[-0.13156025288976927,51.611921724582366],[-0.13158284696918518,51.61199515215407],[-0.13160158606413386,51.61207545891787],[-0.13164127060888914,51.61225120830952],[-0.13164255293121102,51.61228139818119],[-0.1316443600770804,51.61232620596556],[-0.13165441930180966,51.612430216255675],[-0.1316575157875553,51.61248134719238],[-0.13166011926607105,51.612618795847204],[-0.13165779642038192,51.61278072920914],[-0.1316662097333265,51.61372841855584],[-0.13166759410092543,51.6139096514476],[-0.13166965489151766,51.614221315472975],[-0.13166754753882356,51.6145160057827],[-0.1316690658201744,51.61480694962838],[-0.13167093579282677,51.615038625921336],[-0.1316649418056589,51.615534634057155],[-0.13166170228030075,51.61574229693754],[-0.13169343768371322,51.616012145723474],[-0.13173073284946663,51.61634077190995],[-0.13176527678581493,51.616569819953995]]},"properties":{"id":"940GZZLUBDS-940GZZLUASG-Piccadilly","source":"940GZZLUBDS","target":"940GZZLUASG","sourceName":"Bounds Green","targetName":"Arnos Grove","line":"Piccadilly","colour":"#003688","color":"#003688","traffic":0.0323,"off9":0.0,"off12":0.0,"off14":0.0},"id":77},{"type":"Feature","geometry":{"type":"LineString","coordinates":[[-0.12357605030991839,51.60778976569484],[-0.12356459909724142,51.60778425047999],[-0.1232827421311516,51.607618208614596],[-0.12228722892996323,51.606962164383766],[-0.12160193083656384,51.60658013543578],[-0.12106898968326121,51.60603741823341],[-0.12064143286279859,51.6054624550121],[-0.12060317266679244,51.605414917059655],[-0.1199703776995036,51.60430330951519],[-0.1195262415843207,51.60366984943818],[-0.11899179106429869,51.60313519669264],[-0.11851174047340379,51.60279977076954],[-0.11820775519238332,51.6026227588451],[-0.11527725153166142,51.60144482856968],[-0.1140343387488261,51.600955353668176],[-0.11265785551395639,51.60027387826946],[-0.11173397990027871,51.599857948828],[-0.11106617031981057,51.59950298462069],[-0.11029479698869904,51.598993001246285],[-0.1091276371412602,51.59809572587117]]},"properties":{"id":"940GZZLUBDS-940GZZLUWOG-Piccadilly","source":"940GZZLUBDS","target":"940GZZLUWOG","sourceName":"Bounds Green","targetName":"Wood Green","line":"Piccadilly","colour":"#003688","color":"#003688","traffic":0.1894,"off9":0.0,"off12":0.0,"off14":0.0},"id":78},{"type":"Feature","geometry":{"type":"LineString","coordinates":[[-0.10848876401669018,51.55903291144906],[-0.1085340052893295,51.55895617817823],[-0.10856954366079274,51.55889439494547],[-0.10859466407968768,51.55885213686277],[-0.10882144719431328,51.55845984727443],[-0.10890922164423553,51.55830801366316],[-0.10906235325416135,51.55812392519396],[-0.10964862496280074,51.55737761325566],[-0.11089070763347339,51.55598422224863],[-0.11272727895422156,51.55439199517956],[-0.11345844198795957,51.553812198730974],[-0.11391721876059836,51.55344543779955],[-0.11405800840624938,51.55333078881506]]},"properties":{"id":"940GZZLUASL-940GZZLUHWY-Piccadilly","source":"940GZZLUASL","target":"940GZZLUHWY","sourceName":"Arsenal","targetName":"Holloway Road","line":"Piccadilly","colour":"#003688","color":"#003688","traffic":0.4039,"off9":0.0,"off12":0.0,"off14":0.0},"id":79},{"type":"Feature","geometry":{"type":"LineString","coordinates":[[-0.10848876401669018,51.55903291144906],[-0.10847055164270512,51.55906550916022],[-0.10844182789614451,51.55912281138933],[-0.10842071656250378,51.55916892373179],[-0.10840091672405867,51.55921502861039],[-0.10828000386260629,51.559506057221576],[-0.10827161126011486,51.55960156946926],[-0.1082703835195448,51.55974207833267],[-0.10837588096823432,51.56128165012674],[-0.10841163233142997,51.56159018250562],[-0.10841167243057923,51.56185380270269],[-0.10838804587625485,51.562201081002144],[-0.10831973473911755,51.56328237896249],[-0.10822604366658894,51.56414152930521],[-0.10819935440361561,51.56430297623474]]},"properties":{"id":"940GZZLUASL-940GZZLUFPK-Piccadilly","source":"940GZZLUASL","target":"940GZZLUFPK","sourceName":"Arsenal","targetName":"Finsbury Park","line":"Piccadilly","colour":"#003688","color":"#003688","traffic":0.057,"off9":0.0,"off12":0.0,"off14":0.0},"id":80},{"type":"Feature","geometry":{"type":"LineString","coordinates":[[-0.11405800840624938,51.55333078881506],[-0.11391721876059836,51.55344543779955],[-0.11345844198795957,51.553812198730974],[-0.11272727895422156,51.55439199517956],[-0.11089070763347339,51.55598422224863],[-0.10964862496280074,51.55737761325566],[-0.10906235325416135,51.55812392519396],[-0.10890922164423553,51.55830801366316],[-0.10882144719431328,51.55845984727443],[-0.10859466407968768,51.55885213686277],[-0.10856954366079274,51.55889439494547],[-0.1085340052893295,51.55895617817823],[-0.10848876401669018,51.55903291144906]]},"properties":{"id":"940GZZLUHWY-940GZZLUASL-Piccadilly","source":"940GZZLUHWY","target":"940GZZLUASL","sourceName":"Holloway Road","targetName":"Arsenal","line":"Piccadilly","colour":"#003688","color":"#003688","traffic":0.0567,"off9":0.0,"off12":0.0,"off14":0.0},"id":81},{"type":"Feature","geometry":{"type":"LineString","coordinates":[[-0.11405800840624938,51.55333078881506],[-0.11485860646657194,51.55266396269441],[-0.11500499690130488,51.5525387273988],[-0.11687597297205986,51.551237842791636],[-0.11710516771940521,51.55107620612139],[-0.11730055900473219,51.550927571871874],[-0.11865437423463583,51.54970752315833],[-0.11921397475270941,51.5489485395653],[-0.11926769402621529,51.5489076419718]]},"properties":{"id":"940GZZLUHWY-940GZZLUCAR-Piccadilly","source":"940GZZLUHWY","target":"940GZZLUCAR","sourceName":"Holloway Road","targetName":"Caledonian Road","line":"Piccadilly","colour":"#003688","color":"#003688","traffic":0.4381,"off9":0.0,"off12":0.0,"off14":0.0},"id":82},{"type":"Feature","geometry":{"type":"LineString","coordinates":[[-0.10819935440361561,51.56430297623474],[-0.10806479740992167,51.56512668096823],[-0.10802062980476032,51.565282780194146],[-0.10800992612965298,51.565336949739006],[-0.10780545976973287,51.56619257509657],[-0.10760880883604153,51.56663532026753],[-0.10730085869496689,51.56721917105715],[-0.10703331512064385,51.567635175054086],[-0.10667316539783335,51.56812115188396],[-0.10633319308932684,51.568438033610825],[-0.10602667092217767,51.56867411304792],[-0.10574428579433101,51.56886797464057],[-0.10539411584221595,51.56905619804456],[-0.10467663514714506,51.56933847923395],[-0.10385293652502041,51.569535238431875],[-0.10305708943618691,51.5696381533405],[-0.10208579218822326,51.569690396346616],[-0.10055891099863387,51.56971046484365],[-0.09982066364405733,51.56974768966789],[-0.09927067119315118,51.56981520390725],[-0.09883596076416386,51.569910105623116],[-0.09853093185370608,51.570053399481615],[-0.09818410472726717,51.57025636988549],[-0.09783512314908685,51.57048648010225],[-0.09734207388645598,51.57090327075742],[-0.09688978721666298,51.57129518735114]]},"properties":{"id":"940GZZLUFPK-940GZZLUMRH-Piccadilly","source":"940GZZLUFPK","target":"940GZZLUMRH","sourceName":"Finsbury Park","targetName":"Manor House","line":"Piccadilly","colour":"#003688","color":"#003688","traffic":0.0844,"off9":0.0,"off12":0.0,"off14":0.0},"id":83},{"type":"Feature","geometry":{"type":"LineString","coordinates":[[-0.10819935440361561,51.56430297623474],[-0.10822604366658894,51.56414152930521],[-0.10831973473911755,51.56328237896249],[-0.10838804587625485,51.562201081002144],[-0.10841167243057923,51.56185380270269],[-0.10841163233142997,51.56159018250562],[-0.10837588096823432,51.56128165012674],[-0.1082703835195448,51.55974207833267],[-0.10827161126011486,51.55960156946926],[-0.10828000386260629,51.559506057221576],[-0.10840091672405867,51.55921502861039],[-0.10842071656250378,51.55916892373179],[-0.10844182789614451,51.55912281138933],[-0.10847055164270512,51.55906550916022],[-0.10848876401669018,51.55903291144906]]},"properties":{"id":"940GZZLUFPK-940GZZLUASL-Piccadilly","source":"940GZZLUFPK","target":"940GZZLUASL","sourceName":"Finsbury Park","targetName":"Arsenal","line":"Piccadilly","colour":"#003688","color":"#003688","traffic":0.378,"off9":0.0,"off12":0.0,"off14":0.0},"id":84},{"type":"Feature","geometry":{"type":"LineString","coordinates":[[-0.10678707341572695,51.5641527698978],[-0.1068041,51.5640293],[-0.1069696,51.5628281],[-0.1070585,51.5621283],[-0.1070818,51.561732],[-0.1070672,51.5615674],[-0.1069645,51.5611546],[-0.1069216,51.560856],[-0.1069087,51.5597586],[-0.1069176,51.5592866],[-0.1070661,51.5576026],[-0.1070257,51.5568581],[-0.1067355,51.555199],[-0.1065886,51.5547038],[-0.1064468,51.5542309],[-0.1058556,51.5526714],[-0.1055587,51.5519039],[-0.1040999,51.5481328],[-0.1039103,51.5475064],[-0.1036984,51.5467941],[-0.1035535,51.5463143],[-0.10354793755212124,51.54629259922931]]},"properties":{"id":"940GZZLUFPK-940GZZLUHAI-Victoria","source":"940GZZLUFPK","target":"940GZZLUHAI","sourceName":"Finsbury Park","targetName":"Highbury  Islington","line":"Victoria","colour":"#0098D4","color":"#0098D4","traffic":0.9583,"off9":0.0,"off12":0.0,"off14":0.0},"id":85},{"type":"Feature","geometry":{"type":"LineString","coordinates":[[-0.10678707341572695,51.5641527698978],[-0.1066944,51.5648248],[-0.1066341,51.5650907],[-0.1066226,51.5651495],[-0.1065346,51.565599],[-0.106125,51.5673585],[-0.1057608,51.5681561],[-0.1054655,51.5685306],[-0.1051112,51.5688242],[-0.1046358,51.5690993],[-0.1040512,51.5693329],[-0.103358,51.5695198],[-0.0988524,51.570218],[-0.0969937,51.5705918],[-0.0956396,51.5709279],[-0.0912512,51.5724467],[-0.0910641,51.5725033],[-0.0889499,51.573236],[-0.0882274,51.5735153],[-0.0879755,51.5736177],[-0.0871665,51.5740288],[-0.0864696,51.5745243],[-0.0858377,51.5750234],[-0.0852117,51.5755556],[-0.0825543,51.5781944],[-0.0815917,51.57891],[-0.0807738,51.5793669],[-0.0796348,51.5799756],[-0.0773235,51.5811928],[-0.0767917,51.5814729],[-0.0751139,51.5824478],[-0.0745028,51.5827261],[-0.0727884,51.5834588],[-0.07266196576135489,51.58351274230722]]},"properties":{"id":"940GZZLUFPK-940GZZLUSVS-Victoria","source":"940GZZLUFPK","target":"940GZZLUSVS","sourceName":"Finsbury Park","targetName":"Seven Sisters","line":"Victoria","colour":"#0098D4","color":"#0098D4","traffic":0.1426,"off9":0.0,"off12":0.0,"off14":0.0},"id":86},{"type":"Feature","geometry":{"type":"LineString","coordinates":[[-0.15686380682851106,51.52519184543867],[-0.1569754948249171,51.52525796261571],[-0.15740552588504167,51.525507208392206],[-0.15763545004119933,51.52562085455634],[-0.1601756238890466,51.526959754290914],[-0.16036019415090685,51.52706423417078],[-0.16153372967068375,51.52766402459018],[-0.16244345113053785,51.52812312591457],[-0.16351258078530218,51.52869171963958],[-0.16366613770450025,51.5287591174102],[-0.16435170804967042,51.52908089501326],[-0.1647206299232848,51.52932508665911],[-0.16513894737456278,51.52951954645386],[-0.16546502995162762,51.52969905438675],[-0.16571263903600353,51.52985709174016],[-0.16593676033450117,51.53000712950323],[-0.1661987005599602,51.53018636838787],[-0.1665328102831642,51.53045809268576],[-0.16709215582865616,51.53093119266229],[-0.16799945707527802,51.531678362864824],[-0.16903568660513257,51.532526988286875],[-0.1700603809261534,51.533369895571845],[-0.17091952151311418,51.53407300869157],[-0.17185327985198848,51.53483935303753],[-0.17353220047353168,51.536275994692446],[-0.1736821284370417,51.536512376097605],[-0.17351624330685672,51.536425904592676],[-0.17350736894947805,51.53651684820594],[-0.17350993000153117,51.53663112798756],[-0.17351441032028392,51.53682789034693],[-0.17353274821826645,51.53701472747005],[-0.17349518165019132,51.53771828045597],[-0.1732609483304828,51.538710845438374],[-0.17286752578442185,51.54099696082932],[-0.17277133311951487,51.542871816863084],[-0.17289984672862888,51.54376869746938],[-0.17299966271945144,51.54411399965865],[-0.17307027658691437,51.54432981908693],[-0.1732553969740297,51.54470286702754],[-0.1735106971689833,51.545022816844686],[-0.1736530399692039,51.54518988189979],[-0.17382556166072202,51.54536665164138],[-0.17414698518491567,51.54563091727352],[-0.17444811778633704,51.54582694693806],[-0.17471256954140837,51.545979965135714],[-0.17501601996876856,51.54613406783827],[-0.17544784228780522,51.546309585173624],[-0.17702507210978985,51.546884082793085],[-0.1771517938790776,51.54695738331774],[-0.1770852107382584,51.54696344217554],[-0.17700588700225817,51.546953716912874],[-0.17708528005660126,51.54706756562102],[-0.1770853517467628,51.54710455607908],[-0.17718188925495623,51.54724566877375],[-0.17739148579676423,51.54744774299296],[-0.17765457324783596,51.5476562365405],[-0.1779768251498189,51.547866416951756],[-0.17815929031330924,51.547984082334516],[-0.1782007019875509,51.54802664757904],[-0.17837569893065658,51.54814330049128]]},"properties":{"id":"940GZZLUBST-940GZZLUFYR-Metropolitan","source":"940GZZLUBST","target":"940GZZLUFYR","sourceName":"Baker Street","targetName":"Finchley Road","line":"Metropolitan","colour":"#9B0056","color":"#9B0056","traffic":0.0785,"off9":0.0,"off12":0.0,"off14":0.0},"id":87},{"type":"Feature","geometry":{"type":"LineString","coordinates":[[-0.15659265752427598,51.520765462537085],[-0.15626198979608508,51.520824895170605],[-0.15543658906121655,51.520967792644534],[-0.1552631248346594,51.5209979584019],[-0.15510202739122358,51.521026650914116],[-0.152932245694362,51.52139550458376],[-0.1520333198250908,51.52156761419461],[-0.15161207235620283,51.52162434124528],[-0.15105527844264385,51.52165153800524],[-0.15036594590736352,51.52169385166162],[-0.14963316296009876,51.521751629949165],[-0.14891019016118692,51.52181718803792],[-0.14864915926356764,51.521839321856014],[-0.1456343051351164,51.52236350799849],[-0.14537716764832082,51.52238787977715],[-0.14521565293892477,51.522390743990194],[-0.14516149628467828,51.52238920496382],[-0.14511859482344747,51.52238524405529],[-0.14495032522448523,51.5223699236785],[-0.14463422683132676,51.52234508602335],[-0.14445929409677713,51.52233737032371],[-0.14442776653877237,51.522336070758605],[-0.14434287166310425,51.522333190627]]},"properties":{"id":"940GZZLUBST-940GZZLUGPS-Circle","source":"940GZZLUBST","target":"940GZZLUGPS","sourceName":"Baker Street","targetName":"Great Portland Street","line":"Circle","colour":"#FFD300","color":"#FFD300","traffic":0.2298,"off9":0.0,"off12":0.0,"off14":0.0},"id":88},{"type":"Feature","geometry":{"type":"LineString","coordinates":[[-0.15701497002538464,51.52223826213815],[-0.1566779,51.5222984],[-0.1558488,51.5224417],[-0.1556787,51.5224715],[-0.155512,51.5225008],[-0.1533537,51.5228684],[-0.1523934,51.5230468],[-0.1518104,51.5231153],[-0.1511884,51.5231453],[-0.1505374,51.5231861],[-0.1498389,51.5232422],[-0.1491314,51.5233069],[-0.1489664,51.5233223],[-0.1459327,51.523848],[-0.1454896,51.5238823],[-0.1452135,51.5238868],[-0.1450753,51.5238843],[-0.1449542,51.5238778],[-0.1447504,51.5238608],[-0.144476,51.5238379],[-0.1443543,51.523832],[-0.1443265,51.5238308],[-0.14426243238948555,51.52382840985256]]},"properties":{"id":"940GZZLUBST-940GZZLUGPS-Hammersmith & City","source":"940GZZLUBST","target":"940GZZLUGPS","sourceName":"Baker Street","targetName":"Great Portland Street","line":"Hammersmith & City","colour":"#F3A9BB","color":"#F3A9BB","traffic":0.2298,"off9":0.0,"off12":0.0,"off14":0.0},"id":89},{"type":"Feature","geometry":{"type":"LineString","coordinates":[[-0.1585971960561016,51.52188463441909],[-0.1584109438045201,51.52175767041466],[-0.1580494503739598,51.52156352312487],[-0.1577695691278019,51.52143960580109],[-0.15764079847822607,51.52137572929397],[-0.15730391879485414,51.52124846908495],[-0.15676233686615557,51.521105418152516],[-0.15617741954752776,51.52099969193971],[-0.15581621686599612,51.52097789222924],[-0.1553548983364679,51.52096697897074],[-0.15290944606548884,51.52135540458376],[-0.15201217410301487,51.52152735869103],[-0.1515993683446462,51.5215824678808],[-0.15104127722329921,51.5216087443742],[-0.1503312155418275,51.52165798998982],[-0.14961599258282587,51.521721027534895],[-0.1488998748258397,51.5217745540299],[-0.148613435756674,51.521800314342556],[-0.14563680679394658,51.522321490669704],[-0.1453335740312374,51.52235216959522],[-0.1451883005122346,51.52236114337999],[-0.14516516207938543,51.52235915619964],[-0.14509902914920875,51.52235437846429],[-0.14464597101211632,51.52232292601757],[-0.1444822960810749,51.522312692438696],[-0.14435823466996164,51.52230795370857]]},"properties":{"id":"940GZZLUBST-940GZZLUGPS-Metropolitan","source":"940GZZLUBST","target":"940GZZLUGPS","sourceName":"Baker Street","targetName":"Great Portland Street","line":"Metropolitan","colour":"#9B0056","color":"#9B0056","traffic":0.2298,"off9":0.0,"off12":0.0,"off14":0.0},"id":90},{"type":"Feature","geometry":{"type":"LineString","coordinates":[[-0.1573512984971738,51.52367197725079],[-0.1576072,51.5236002],[-0.1581911,51.5234232],[-0.1593023,51.5230841],[-0.1604245,51.5227869],[-0.1615962,51.5227013],[-0.1621201,51.522688],[-0.1623127,51.5227054],[-0.1628784,51.5227625],[-0.1632699,51.5228218],[-0.1640613,51.5230551],[-0.16484,51.5234005],[-0.1655196,51.5237867],[-0.1660015,51.5241364],[-0.1665699,51.5246467],[-0.166603,51.524708],[-0.1668774,51.5253354],[-0.1671822,51.5261623],[-0.1673513,51.526881],[-0.1674327,51.527282],[-0.1676013,51.5278938],[-0.1678974,51.5285352],[-0.1681475,51.5288618],[-0.1686341,51.5295648],[-0.1693569,51.5302628],[-0.1709046,51.5315373],[-0.1725224,51.532903],[-0.1730681,51.533531],[-0.1732742,51.5337372],[-0.1735511,51.5341613],[-0.1736679,51.5343645],[-0.17377746969491473,51.53460025560626]]},"properties":{"id":"940GZZLUBST-940GZZLUSJW-Jubilee","source":"940GZZLUBST","target":"940GZZLUSJW","sourceName":"Baker Street","targetName":"St Johns Wood","line":"Jubilee","colour":"#A0A5A9","color":"#A0A5A9","traffic":0.176,"off9":0.0,"off12":0.0,"off14":0.0},"id":91},{"type":"Feature","geometry":{"type":"LineString","coordinates":[[-0.1573512984971738,51.52367197725079],[-0.1573448,51.5236738],[-0.1571419,51.5237437],[-0.1568796,51.5238242],[-0.1563219,51.5239906],[-0.1558167,51.5241416],[-0.1554194,51.5242837],[-0.1536314,51.5247458],[-0.1524567,51.5249197],[-0.1519434,51.524895],[-0.1512314,51.5248125],[-0.1499578,51.5245756],[-0.1483746,51.5239077],[-0.1474902,51.523344],[-0.1473467,51.5232202],[-0.1469288,51.5228597],[-0.1467251,51.5224598],[-0.1466099,51.5221819],[-0.1464896,51.521906],[-0.1464678,51.521829],[-0.1464214,51.521675],[-0.1463998,51.5215121],[-0.1463869,51.5211548],[-0.1463916,51.5209408],[-0.1464035,51.5208278],[-0.146452,51.5205056],[-0.1465734,51.5202007],[-0.1466274,51.5200692],[-0.1468002,51.5197765],[-0.1470661,51.5194142],[-0.1472574,51.5191875],[-0.1475195,51.518889],[-0.1479394,51.5184413],[-0.1482356,51.5180781],[-0.1483542,51.5179395],[-0.1488311,51.5173456],[-0.1489623,51.5171669],[-0.1491541,51.5168609],[-0.1492768,51.5166222],[-0.1493628,51.5164633],[-0.1495198,51.5161756],[-0.1496514,51.5157778],[-0.1496523,51.5153124],[-0.1496223,51.5147896],[-0.1496016,51.5146419],[-0.14954317897232616,51.514338641499656]]},"properties":{"id":"940GZZLUBST-940GZZLUBND-Jubilee","source":"940GZZLUBST","target":"940GZZLUBND","sourceName":"Baker Street","targetName":"Bond Street","line":"Jubilee","colour":"#A0A5A9","color":"#A0A5A9","traffic":0.6123,"off9":0.0,"off12":0.0,"off14":0.0},"id":92},{"type":"Feature","geometry":{"type":"LineString","coordinates":[[-0.15659265752427598,51.520765462537085],[-0.15705659394574184,51.520681811674564],[-0.1601429985098268,51.52009404892386],[-0.16326119551902357,51.51950329299886],[-0.16450821409330035,51.519285869071595],[-0.1647802678583553,51.51920795290461],[-0.16502580737582814,51.519148546102834],[-0.1650843835261303,51.51913225764421],[-0.16567328476072174,51.51902176108454],[-0.16599418351350592,51.5189208144048],[-0.1661803591922843,51.51887055990577],[-0.16634115443883118,51.518810180053144],[-0.1664654835075059,51.51875482348833],[-0.16693438509840766,51.51854620047876]]},"properties":{"id":"940GZZLUBST-940GZZLUERC-Circle","source":"940GZZLUBST","target":"940GZZLUERC","sourceName":"Baker Street","targetName":"Edgware Road Circle Line","line":"Circle","colour":"#FFD300","color":"#FFD300","traffic":0.1569,"off9":0.0,"off12":0.0,"off14":0.0},"id":93},{"type":"Feature","geometry":{"type":"LineString","coordinates":[[-0.15701497002538464,51.52223826213815],[-0.1574923,51.5221531],[-0.1605919,51.5215638],[-0.1636888,51.5209755],[-0.1650076,51.5207493],[-0.1653598,51.5206599],[-0.1656027,51.5206009],[-0.1656381,51.5205881],[-0.1662243,51.520478],[-0.1666224,51.5203649],[-0.1668361,51.5203099],[-0.1670842,51.520233],[-0.1673162,51.5201541],[-0.16786070890258725,51.519926762236395]]},"properties":{"id":"940GZZLUBST-940GZZLUERC-Hammersmith & City","source":"940GZZLUBST","target":"940GZZLUERC","sourceName":"Baker Street","targetName":"Edgware Road Circle Line","line":"Hammersmith & City","colour":"#F3A9BB","color":"#F3A9BB","traffic":0.1569,"off9":0.0,"off12":0.0,"off14":0.0},"id":94},{"type":"Feature","geometry":{"type":"LineString","coordinates":[[-0.1572058387070461,51.523203135543525],[-0.1566644,51.5233314],[-0.1562111,51.5234358],[-0.1557059,51.5235477],[-0.1551884,51.5236794],[-0.1546423,51.5237991],[-0.1541691,51.5238926],[-0.1491681,51.5247194],[-0.1488339,51.5247635],[-0.148494,51.524786],[-0.1481684,51.5247887],[-0.1478991,51.5247625],[-0.1476505,51.5246987],[-0.1474496,51.5246063],[-0.1471897,51.5244449],[-0.1470376,51.5243157],[-0.1469105,51.5241661],[-0.1467715,51.5239551],[-0.1466069,51.5236375],[-0.14644247634953705,51.52334485607165]]},"properties":{"id":"940GZZLUBST-940GZZLURGP-Bakerloo","source":"940GZZLUBST","target":"940GZZLURGP","sourceName":"Baker Street","targetName":"Regents Park","line":"Bakerloo","colour":"#B36305","color":"#B36305","traffic":0.3714,"off9":0.0,"off12":0.0,"off14":0.0},"id":95},{"type":"Feature","geometry":{"type":"LineString","coordinates":[[-0.1572058387070461,51.523203135543525],[-0.1575496,51.5231217],[-0.158137,51.5229875],[-0.1595612,51.5227597],[-0.1599666,51.5226949],[-0.1616064,51.5224191],[-0.1621435,51.5223579],[-0.1626501,51.5223201],[-0.16320355782568113,51.52227739223077]]},"properties":{"id":"940GZZLUBST-940GZZLUMYB-Bakerloo","source":"940GZZLUBST","target":"940GZZLUMYB","sourceName":"Baker Street","targetName":"Marylebone","line":"Bakerloo","colour":"#B36305","color":"#B36305","traffic":0.2759,"off9":0.0,"off12":0.0,"off14":0.0},"id":96},{"type":"Feature","geometry":{"type":"LineString","coordinates":[[-0.17837569893065658,51.54814330049128],[-0.1782007019875509,51.54802664757904],[-0.17815929031330924,51.547984082334516],[-0.1779768251498189,51.547866416951756],[-0.17765457324783596,51.5476562365405],[-0.17739148579676423,51.54744774299296],[-0.17718188925495623,51.54724566877375],[-0.1770853517467628,51.54710455607908],[-0.17708528005660126,51.54706756562102],[-0.17700588700225817,51.546953716912874],[-0.1770852107382584,51.54696344217554],[-0.1771517938790776,51.54695738331774],[-0.17702507210978985,51.546884082793085],[-0.17544784228780522,51.546309585173624],[-0.17501601996876856,51.54613406783827],[-0.17471256954140837,51.545979965135714],[-0.17444811778633704,51.54582694693806],[-0.17414698518491567,51.54563091727352],[-0.17382556166072202,51.54536665164138],[-0.1736530399692039,51.54518988189979],[-0.1735106971689833,51.545022816844686],[-0.1732553969740297,51.54470286702754],[-0.17307027658691437,51.54432981908693],[-0.17299966271945144,51.54411399965865],[-0.17289984672862888,51.54376869746938],[-0.17277133311951487,51.542871816863084],[-0.17286752578442185,51.54099696082932],[-0.1732609483304828,51.538710845438374],[-0.17349518165019132,51.53771828045597],[-0.17353274821826645,51.53701472747005],[-0.17351441032028392,51.53682789034693],[-0.17350993000153117,51.53663112798756],[-0.17350736894947805,51.53651684820594],[-0.17351624330685672,51.536425904592676],[-0.1736821284370417,51.536512376097605],[-0.17353220047353168,51.536275994692446],[-0.17185327985198848,51.53483935303753],[-0.17091952151311418,51.53407300869157],[-0.1700603809261534,51.533369895571845],[-0.16903568660513257,51.532526988286875],[-0.16799945707527802,51.531678362864824],[-0.16709215582865616,51.53093119266229],[-0.1665328102831642,51.53045809268576],[-0.1661987005599602,51.53018636838787],[-0.16593676033450117,51.53000712950323],[-0.16571263903600353,51.52985709174016],[-0.16546502995162762,51.52969905438675],[-0.16513894737456278,51.52951954645386],[-0.1647206299232848,51.52932508665911],[-0.16435170804967042,51.52908089501326],[-0.16366613770450025,51.5287591174102],[-0.16351258078530218,51.52869171963958],[-0.16244345113053785,51.52812312591457],[-0.16153372967068375,51.52766402459018],[-0.16036019415090685,51.52706423417078],[-0.1601756238890466,51.526959754290914],[-0.15763545004119933,51.52562085455634],[-0.15740552588504167,51.525507208392206],[-0.1569754948249171,51.52525796261571],[-0.15686380682851106,51.52519184543867]]},"properties":{"id":"940GZZLUFYR-940GZZLUBST-Metropolitan","source":"940GZZLUFYR","target":"940GZZLUBST","sourceName":"Finchley Road","targetName":"Baker Street","line":"Metropolitan","colour":"#9B0056","color":"#9B0056","traffic":0.3249,"off9":0.0,"off12":0.0,"off14":0.0},"id":97},{"type":"Feature","geometry":{"type":"LineString","coordinates":[[-0.1810430071862213,51.54542121741153],[-0.18124469111255434,51.545547971287746],[-0.18127073797050047,51.545582105106206],[-0.18133156783608886,51.545615528615734],[-0.1813922042037795,51.54564378238988],[-0.18144826198297703,51.54567054316522],[-0.1815717283161914,51.545719498013995],[-0.18164009492893668,51.54574703073513],[-0.1818250530188938,51.545802154536055],[-0.1819438527853492,51.545837402705686],[-0.182002935077494,51.54585569965444],[-0.18208031597464647,51.54587365521814],[-0.18216496262029475,51.54589277802204],[-0.1821870939213799,51.545902800416634],[-0.18232761463308744,51.54591519038881],[-0.182406662821312,51.545914744419],[-0.182650370975137,51.54590559827543],[-0.1828227242334634,51.54588890869792],[-0.18354571555231367,51.54580393438547],[-0.18384401209036993,51.5457692756975],[-0.18526654726480493,51.545598619683794],[-0.18598184591710246,51.545514020331844],[-0.18679253496155898,51.54542875115804],[-0.18753253743996826,51.54536337616408],[-0.18868652106773753,51.54527867669434],[-0.19034157922003497,51.54518401180207],[-0.1905949291325067,51.545167615426706],[-0.19103260692701618,51.54513147406759],[-0.19430012828886042,51.54490749531237],[-0.19583181543610925,51.54482415029335],[-0.1962498445091792,51.54480804764799],[-0.19669815690835202,51.54480335834649],[-0.1971968892206946,51.54481283306093],[-0.19780699658031276,51.54484360782658],[-0.19981404543176332,51.54498584630232],[-0.2017624024528248,51.545136060457054],[-0.202642305055571,51.545200734412994],[-0.20300967568053724,51.54522751540727],[-0.20352120417105948,51.54526580292692],[-0.20440306758103946,51.545330195165896],[-0.2049824908700848,51.54537052650315],[-0.20549840346164275,51.545403236621894],[-0.2061348580221173,51.545449550450726],[-0.2073277760269661,51.54553692018599],[-0.2079853338234902,51.545587173446016],[-0.2087587164447186,51.54567113734104],[-0.20979792597436162,51.54580551760532],[-0.21080141800246732,51.54595800232553],[-0.21891883483132532,51.54720599167932],[-0.22117340113850945,51.54757172313555],[-0.2214158183843465,51.54761022099551],[-0.22148364937803813,51.54762093384026],[-0.22321694672905826,51.54789476258781],[-0.2242902723837955,51.548058005910626],[-0.22565442816084352,51.548269837619195],[-0.22772499973592694,51.54859040321237],[-0.22841091454470347,51.54869930719417],[-0.228645256098191,51.54873541120641],[-0.23344330646094305,51.54949586077097],[-0.23367217574914398,51.54953576268585],[-0.23592360026145012,51.54986572112408],[-0.23683507514407653,51.550025303955884],[-0.2377813331708452,51.55018254422512],[-0.23830378555281284,51.55026171215907],[-0.23869566157970404,51.55031956065176],[-0.23906208291497041,51.55037984200163],[-0.23964259232220905,51.55047219428975],[-0.2402429319954198,51.55057545463842],[-0.24103306917346165,51.550697381756635],[-0.24189535205523374,51.55083513027087],[-0.24377872832525335,51.55111130879722],[-0.24457887418102664,51.55123695386591],[-0.24579180354785754,51.55143854248234],[-0.24713390330160837,51.551711530671014],[-0.24782714077616275,51.551865543525665],[-0.24887349965031866,51.55212901745856],[-0.25012439197082714,51.55247116352402],[-0.2510794504268804,51.552733421561186],[-0.25218537965273075,51.553012939594716],[-0.25262496177894145,51.55312184840472],[-0.25408372705134524,51.55346683282461],[-0.25514830552829687,51.553768078815345],[-0.2562631410765217,51.55407538494201],[-0.256476159172564,51.55413228608477],[-0.25709982348375776,51.55429941647613],[-0.25774987440024605,51.554483675386926],[-0.2581576402463456,51.55459722381635],[-0.25872497788174875,51.55476317101913],[-0.25922910481523037,51.554909356253006],[-0.26006108148465246,51.55517038220898],[-0.26062945533330356,51.55536060029766],[-0.26108306103786016,51.55550252168432],[-0.26166374345039584,51.55570995330754],[-0.2622068851812937,51.55590398441852],[-0.2628137460858897,51.556124107150374],[-0.2634320802798549,51.55635025560765],[-0.2640500070546182,51.55659775816544],[-0.264669202371827,51.55684879203926],[-0.26519570755888505,51.55707476399918],[-0.2658235937705353,51.55732993098242],[-0.26640415078195595,51.55757805458269],[-0.266925884189275,51.55779983928238],[-0.26760288791929665,51.55807423404762],[-0.2681580054349879,51.55831384906678],[-0.2687669454254053,51.5585667082424],[-0.269343606185197,51.5588103642219],[-0.2700568113831864,51.559092010752025],[-0.27061752059951816,51.55931221933612],[-0.27123077151286046,51.559539863653356],[-0.2719734607900732,51.55981141731576],[-0.2725981827249636,51.560038682109955],[-0.27297608432181186,51.56016597685603],[-0.2733317130298713,51.56027292716906],[-0.27381689833431805,51.56040606270476],[-0.2741998210987485,51.56051098054075],[-0.27484214209471336,51.56066700175256],[-0.27567803201033386,51.56085084192276],[-0.27689499765492864,51.561079272575995],[-0.2771629078653969,51.56112865458509],[-0.27762987162307773,51.561215742692504],[-0.27809457551424993,51.561314376752655]]},"properties":{"id":"940GZZLUFYR-940GZZLUWYP-Metropolitan","source":"940GZZLUFYR","target":"940GZZLUWYP","sourceName":"Finchley Road","targetName":"Wembley Park","line":"Metropolitan","colour":"#9B0056","color":"#9B0056","traffic":0.1057,"off9":0.0,"off12":0.0,"off14":0.0},"id":98},{"type":"Feature","geometry":{"type":"LineString","coordinates":[[-0.17983138095510864,51.54684969561621],[-0.1800508,51.5469707],[-0.1802143,51.5470464],[-0.1803072,51.547081],[-0.1804561,51.5471408],[-0.1805967,51.5471835],[-0.180791,51.5472377],[-0.1809172,51.5472737],[-0.1811756,51.5473312],[-0.1813691,51.5473714],[-0.1814943,51.5473946],[-0.1817334,51.5474305],[-0.1818734,51.5474454],[-0.1819317,51.5474499],[-0.1821255,51.5474582],[-0.1824019,51.5474577],[-0.1826781,51.5474467],[-0.1828821,51.5474369],[-0.1830507,51.5474232],[-0.1832822,51.5473981],[-0.1838316,51.5473335],[-0.1841017,51.547299],[-0.1848594,51.5472092],[-0.1855615,51.547127],[-0.1862639,51.5470536],[-0.18704,51.5469858],[-0.1877435,51.5469321],[-0.188887,51.546834],[-0.1893576,51.5467968],[-0.1898226,51.5467612],[-0.1904913,51.54672],[-0.1907766,51.5467067],[-0.19106219939770389,51.54668866491473]]},"properties":{"id":"940GZZLUFYR-940GZZLUWHP-Jubilee","source":"940GZZLUFYR","target":"940GZZLUWHP","sourceName":"Finchley Road","targetName":"West Hampstead","line":"Jubilee","colour":"#A0A5A9","color":"#A0A5A9","traffic":0.0914,"off9":0.0,"off12":0.0,"off14":0.0},"id":99},{"type":"Feature","geometry":{"type":"LineString","coordinates":[[-0.17980921330807298,51.5468882407226],[-0.1793723,51.546641],[-0.1791043,51.5464789],[-0.1788782,51.5463364],[-0.1785264,51.5461063],[-0.178233,51.5459245],[-0.1778409,51.5457158],[-0.1774064,51.5455034],[-0.1773735,51.5454882],[-0.1768002,51.5452227],[-0.1764327,51.5450451],[-0.1761484,51.5448787],[-0.1759016,51.5446992],[-0.1756361,51.5444699],[-0.1751167,51.5440315],[-0.1748403,51.5437881],[-0.1748155089253579,51.54376490991452]]},"properties":{"id":"940GZZLUFYR-940GZZLUSWC-Jubilee","source":"940GZZLUFYR","target":"940GZZLUSWC","sourceName":"Finchley Road","targetName":"Swiss Cottage","line":"Jubilee","colour":"#A0A5A9","color":"#A0A5A9","traffic":0.5351,"off9":0.0,"off12":0.0,"off14":0.0},"id":100},{"type":"Feature","geometry":{"type":"LineString","coordinates":[[-0.14434287166310425,51.522333190627],[-0.14442776653877237,51.522336070758605],[-0.14445929409677713,51.52233737032371],[-0.14463422683132676,51.52234508602335],[-0.14495032522448523,51.5223699236785],[-0.14511859482344747,51.52238524405529],[-0.14516149628467828,51.52238920496382],[-0.14521565293892477,51.522390743990194],[-0.14537716764832082,51.52238787977715],[-0.1456343051351164,51.52236350799849],[-0.14864915926356764,51.521839321856014],[-0.14891019016118692,51.52181718803792],[-0.14963316296009876,51.521751629949165],[-0.15036594590736352,51.52169385166162],[-0.15105527844264385,51.52165153800524],[-0.15161207235620283,51.52162434124528],[-0.1520333198250908,51.52156761419461],[-0.152932245694362,51.52139550458376],[-0.15510202739122358,51.521026650914116],[-0.1552631248346594,51.5209979584019],[-0.15543658906121655,51.520967792644534],[-0.15626198979608508,51.520824895170605],[-0.15659265752427598,51.520765462537085]]},"properties":{"id":"940GZZLUGPS-940GZZLUBST-Circle","source":"940GZZLUGPS","target":"940GZZLUBST","sourceName":"Great Portland Street","targetName":"Baker Street","line":"Circle","colour":"#FFD300","color":"#FFD300","traffic":0.1577,"off9":0.0,"off12":0.0,"off14":0.0},"id":101},{"type":"Feature","geometry":{"type":"LineString","coordinates":[[-0.14426243238948555,51.52382840985256],[-0.1443265,51.5238308],[-0.1443543,51.523832],[-0.144476,51.5238379],[-0.1447504,51.5238608],[-0.1449542,51.5238778],[-0.1450753,51.5238843],[-0.1452135,51.5238868],[-0.1454896,51.5238823],[-0.1459327,51.523848],[-0.1489664,51.5233223],[-0.1491314,51.5233069],[-0.1498389,51.5232422],[-0.1505374,51.5231861],[-0.1511884,51.5231453],[-0.1518104,51.5231153],[-0.1523934,51.5230468],[-0.1533537,51.5228684],[-0.155512,51.5225008],[-0.1556787,51.5224715],[-0.1558488,51.5224417],[-0.1566779,51.5222984],[-0.15701497002538464,51.52223826213815]]},"properties":{"id":"940GZZLUGPS-940GZZLUBST-Hammersmith & City","source":"940GZZLUGPS","target":"940GZZLUBST","sourceName":"Great Portland Street","targetName":"Baker Street","line":"Hammersmith & City","colour":"#F3A9BB","color":"#F3A9BB","traffic":0.1577,"off9":0.0,"off12":0.0,"off14":0.0},"id":102},{"type":"Feature","geometry":{"type":"LineString","coordinates":[[-0.14435823466996164,51.52230795370857],[-0.1444822960810749,51.522312692438696],[-0.14464597101211632,51.52232292601757],[-0.14509902914920875,51.52235437846429],[-0.14516516207938543,51.52235915619964],[-0.1451883005122346,51.52236114337999],[-0.1453335740312374,51.52235216959522],[-0.14563680679394658,51.522321490669704],[-0.148613435756674,51.521800314342556],[-0.1488998748258397,51.5217745540299],[-0.14961599258282587,51.521721027534895],[-0.1503312155418275,51.52165798998982],[-0.15104127722329921,51.5216087443742],[-0.1515993683446462,51.5215824678808],[-0.15201217410301487,51.52152735869103],[-0.15290944606548884,51.52135540458376],[-0.1553548983364679,51.52096697897074],[-0.15581621686599612,51.52097789222924],[-0.15617741954752776,51.52099969193971],[-0.15676233686615557,51.521105418152516],[-0.15730391879485414,51.52124846908495],[-0.15764079847822607,51.52137572929397],[-0.1577695691278019,51.52143960580109],[-0.1580494503739598,51.52156352312487],[-0.1584109438045201,51.52175767041466],[-0.1585971960561016,51.52188463441909]]},"properties":{"id":"940GZZLUGPS-940GZZLUBST-Metropolitan","source":"940GZZLUGPS","target":"940GZZLUBST","sourceName":"Great Portland Street","targetName":"Baker Street","line":"Metropolitan","colour":"#9B0056","color":"#9B0056","traffic":0.1577,"off9":0.0,"off12":0.0,"off14":0.0},"id":103},{"type":"Feature","geometry":{"type":"LineString","coordinates":[[-0.14434287166310425,51.522333190627],[-0.14428363250594997,51.52233122485357],[-0.14412139631541362,51.522328399150595],[-0.1439839460668333,51.522327144671074],[-0.14386289186044426,51.52232784272407],[-0.1437246789634001,51.52233013796882],[-0.14360081184747128,51.522333439795574],[-0.14342862344055682,51.52233814492146],[-0.14321090504516243,51.52234881313898],[-0.14306481390236067,51.52235899137216],[-0.14291610408014946,51.5223715294098],[-0.14283692198256226,51.5223791277466],[-0.1426959624009956,51.52239439319592],[-0.1425571278717939,51.52241160369671],[-0.14237924583554562,51.52243433192235],[-0.1419848008300218,51.52249709261881],[-0.1412857283742763,51.52264023010651],[-0.1388191235115537,51.52318957269268],[-0.13573200772350721,51.52398851193955],[-0.13548182532849468,51.52405419147058],[-0.13522077301496555,51.524129326532226],[-0.1349969773748072,51.524205390573485]]},"properties":{"id":"940GZZLUGPS-940GZZLUESQ-Circle","source":"940GZZLUGPS","target":"940GZZLUESQ","sourceName":"Great Portland Street","targetName":"Euston Square","line":"Circle","colour":"#FFD300","color":"#FFD300","traffic":0.2142,"off9":0.0,"off12":0.0,"off14":0.0},"id":104},{"type":"Feature","geometry":{"type":"LineString","coordinates":[[-0.14426243238948555,51.52382840985256],[-0.1442166,51.5238267],[-0.1440867,51.5238243],[-0.1439808,51.5238232],[-0.1438906,51.5238238],[-0.1437799,51.5238258],[-0.1436687,51.5238289],[-0.1435289,51.5238329],[-0.1433722,51.5238415],[-0.1432717,51.5238495],[-0.1431611,51.5238598],[-0.1431015,51.5238661],[-0.142998,51.5238786],[-0.1428825,51.5238939],[-0.142751,51.5239124],[-0.1424383,51.5239663],[-0.1417983,51.5241019],[-0.1393864,51.5246434],[-0.1363732,51.5254304],[-0.1361905,51.5254838],[-0.1360091,51.5255427],[-0.13583071564686938,51.525608641175346]]},"properties":{"id":"940GZZLUGPS-940GZZLUESQ-Hammersmith & City","source":"940GZZLUGPS","target":"940GZZLUESQ","sourceName":"Great Portland Street","targetName":"Euston Square","line":"Hammersmith & City","colour":"#F3A9BB","color":"#F3A9BB","traffic":0.2142,"off9":0.0,"off12":0.0,"off14":0.0},"id":105},{"type":"Feature","geometry":{"type":"LineString","coordinates":[[-0.14418199311586685,51.52532362907812],[-0.14414956749405003,51.52532217514643],[-0.1440520036845864,51.52532020084941],[-0.1439776539331667,51.52531925532893],[-0.14391830813955575,51.52531975727594],[-0.14383512103659987,51.52532146203117],[-0.14373658815252874,51.52532436020442],[-0.14362917655944316,51.52532765507854],[-0.14353349495483758,51.52533418686102],[-0.14347858609763933,51.525340008627836],[-0.14340609591985057,51.52534807059019],[-0.14336607801743773,51.525353072253395],[-0.14330003759900437,51.52536280680409],[-0.1432078721282061,51.525376196303284],[-0.14312275416445436,51.52539046807765],[-0.14289179916997818,51.52543550738118],[-0.14231087162572367,51.525563569893485],[-0.13995367648844628,51.526097227307325],[-0.13701439227649279,51.526872288060446],[-0.1368991746715053,51.526913408529424],[-0.13679742698503444,51.52695607346778],[-0.13666445391893153,51.52701189177721]]},"properties":{"id":"940GZZLUGPS-940GZZLUESQ-Metropolitan","source":"940GZZLUGPS","target":"940GZZLUESQ","sourceName":"Great Portland Street","targetName":"Euston Square","line":"Metropolitan","colour":"#9B0056","color":"#9B0056","traffic":0.2142,"off9":0.0,"off12":0.0,"off14":0.0},"id":106},{"type":"Feature","geometry":{"type":"LineString","coordinates":[[-0.17377746969491473,51.53460025560626],[-0.1736679,51.5343645],[-0.1735511,51.5341613],[-0.1732742,51.5337372],[-0.1730681,51.533531],[-0.1725224,51.532903],[-0.1709046,51.5315373],[-0.1693569,51.5302628],[-0.1686341,51.5295648],[-0.1681475,51.5288618],[-0.1678974,51.5285352],[-0.1676013,51.5278938],[-0.1674327,51.527282],[-0.1673513,51.526881],[-0.1671822,51.5261623],[-0.1668774,51.5253354],[-0.166603,51.524708],[-0.1665699,51.5246467],[-0.1660015,51.5241364],[-0.1655196,51.5237867],[-0.16484,51.5234005],[-0.1640613,51.5230551],[-0.1632699,51.5228218],[-0.1628784,51.5227625],[-0.1623127,51.5227054],[-0.1621201,51.522688],[-0.1615962,51.5227013],[-0.1604245,51.5227869],[-0.1593023,51.5230841],[-0.1581911,51.5234232],[-0.1576072,51.5236002],[-0.1573512984971738,51.52367197725079]]},"properties":{"id":"940GZZLUSJW-940GZZLUBST-Jubilee","source":"940GZZLUSJW","target":"940GZZLUBST","sourceName":"St Johns Wood","targetName":"Baker Street","line":"Jubilee","colour":"#A0A5A9","color":"#A0A5A9","traffic":0.5889,"off9":0.0,"off12":0.0,"off14":0.0},"id":107},{"type":"Feature","geometry":{"type":"LineString","coordinates":[[-0.17400551665819386,51.53445867597933],[-0.1741826,51.5346221],[-0.1742591,51.5347788],[-0.174295,51.5348742],[-0.1743393,51.5349897],[-0.1743891,51.5351226],[-0.1744187,51.5352226],[-0.174457,51.5353687],[-0.1744718,51.5354393],[-0.1744907,51.5355341],[-0.1745061,51.5356438],[-0.1745284,51.535806],[-0.1745113,51.5362582],[-0.1744697,51.536816],[-0.1744137,51.5383043],[-0.1741543,51.5396465],[-0.1739439,51.5407524],[-0.1738497,51.5414974],[-0.1738866,51.5418584],[-0.1739275,51.5420265],[-0.1740395,51.5423553],[-0.1741993,51.5427052],[-0.1742722,51.5428035],[-0.1746411,51.5431673],[-0.17502463063539622,51.54355013044255]]},"properties":{"id":"940GZZLUSJW-940GZZLUSWC-Jubilee","source":"940GZZLUSJW","target":"940GZZLUSWC","sourceName":"St Johns Wood","targetName":"Swiss Cottage","line":"Jubilee","colour":"#A0A5A9","color":"#A0A5A9","traffic":0.139,"off9":0.0,"off12":0.0,"off14":0.0},"id":108},{"type":"Feature","geometry":{"type":"LineString","coordinates":[[-0.14954317897232616,51.514338641499656],[-0.1489809,51.5114199],[-0.1488223,51.5107163],[-0.1485874,51.5096778],[-0.148509,51.5093302],[-0.1483207,51.509008],[-0.1481178,51.5086089],[-0.1479968,51.508422],[-0.1476688,51.5081317],[-0.1471819,51.5077476],[-0.1469807,51.5075438],[-0.1467296,51.5073469],[-0.1458177,51.5069492],[-0.1452151,51.5067774],[-0.1446522,51.506626],[-0.1440861,51.5065054],[-0.14281719561239187,51.50643112715298]]},"properties":{"id":"940GZZLUBND-940GZZLUGPK-Jubilee","source":"940GZZLUBND","target":"940GZZLUGPK","sourceName":"Bond Street","targetName":"Green Park","line":"Jubilee","colour":"#A0A5A9","color":"#A0A5A9","traffic":0.5382,"off9":0.0,"off12":0.0,"off14":0.0},"id":109},{"type":"Feature","geometry":{"type":"LineString","coordinates":[[-0.14954317897232616,51.514338641499656],[-0.1496016,51.5146419],[-0.1496223,51.5147896],[-0.1496523,51.5153124],[-0.1496514,51.5157778],[-0.1495198,51.5161756],[-0.1493628,51.5164633],[-0.1492768,51.5166222],[-0.1491541,51.5168609],[-0.1489623,51.5171669],[-0.1488311,51.5173456],[-0.1483542,51.5179395],[-0.1482356,51.5180781],[-0.1479394,51.5184413],[-0.1475195,51.518889],[-0.1472574,51.5191875],[-0.1470661,51.5194142],[-0.1468002,51.5197765],[-0.1466274,51.5200692],[-0.1465734,51.5202007],[-0.146452,51.5205056],[-0.1464035,51.5208278],[-0.1463916,51.5209408],[-0.1463869,51.5211548],[-0.1463998,51.5215121],[-0.1464214,51.521675],[-0.1464678,51.521829],[-0.1464896,51.521906],[-0.1466099,51.5221819],[-0.1467251,51.5224598],[-0.1469288,51.5228597],[-0.1473467,51.5232202],[-0.1474902,51.523344],[-0.1483746,51.5239077],[-0.1499578,51.5245756],[-0.1512314,51.5248125],[-0.1519434,51.524895],[-0.1524567,51.5249197],[-0.1536314,51.5247458],[-0.1554194,51.5242837],[-0.1558167,51.5241416],[-0.1563219,51.5239906],[-0.1568796,51.5238242],[-0.1571419,51.5237437],[-0.1573448,51.5236738],[-0.1573512984971738,51.52367197725079]]},"properties":{"id":"940GZZLUBND-940GZZLUBST-Jubilee","source":"940GZZLUBND","target":"940GZZLUBST","sourceName":"Bond Street","targetName":"Baker Street","line":"Jubilee","colour":"#A0A5A9","color":"#A0A5A9","traffic":0.2661,"off9":0.0,"off12":0.0,"off14":0.0},"id":110},{"type":"Feature","geometry":{"type":"LineString","coordinates":[[-0.14973195267542616,51.51438538316149],[-0.1500336,51.5143522],[-0.1538986,51.5139416],[-0.1562186,51.5137674],[-0.1577907,51.5135817],[-0.1583892,51.5135178],[-0.15895558357665918,51.513443764882325]]},"properties":{"id":"940GZZLUBND-940GZZLUMBA-Central","source":"940GZZLUBND","target":"940GZZLUMBA","sourceName":"Bond Street","targetName":"Marble Arch","line":"Central","colour":"#E32017","color":"#E32017","traffic":0.4105,"off9":0.0,"off12":0.0,"off14":0.0},"id":111},{"type":"Feature","geometry":{"type":"LineString","coordinates":[[-0.1497191285330267,51.51427436214356],[-0.1459202,51.5147706],[-0.1422192,51.5152213],[-0.14190505508477988,51.51524809438905]]},"properties":{"id":"940GZZLUBND-940GZZLUOXC-Central","source":"940GZZLUBND","target":"940GZZLUOXC","sourceName":"Bond Street","targetName":"Oxford Circus","line":"Central","colour":"#E32017","color":"#E32017","traffic":0.5351,"off9":0.0,"off12":0.0,"off14":0.0},"id":112},{"type":"Feature","geometry":{"type":"LineString","coordinates":[[-0.168382,51.5196233],[-0.168785,51.5194021],[-0.1689984,51.5192818],[-0.1701444,51.5186345],[-0.1707503,51.5182981],[-0.1712322,51.5181784],[-0.1715216,51.5181304],[-0.171569,51.5181225],[-0.1720942,51.5180354],[-0.1726734,51.5179388],[-0.17272,51.5179319],[-0.1731315,51.5178665],[-0.1734484,51.5178161],[-0.1747459,51.5175958],[-0.1752613,51.5175026],[-0.1755354,51.5174636],[-0.1756838,51.5174543]]},"properties":{"id":"940GZZLUERC-940GZZLUPAC-Hammersmith & City","source":"940GZZLUERC","target":"940GZZLUPAC","sourceName":"Edgware Road Circle Line","targetName":"Paddington","line":"Hammersmith & City","colour":"#F3A9BB","color":"#F3A9BB","traffic":0.0156,"off9":0.0,"off12":0.0,"off14":0.0},"id":113},{"type":"Feature","geometry":{"type":"LineString","coordinates":[[-0.1674442218766796,51.51910165205853],[-0.1675204032721745,51.51907821057968],[-0.16771249585987097,51.51902085976504],[-0.16788391914796696,51.51894249878193],[-0.16820060726932035,51.5187484076781],[-0.1684076244112974,51.51863033348696],[-0.16955703383846354,51.51798184380622],[-0.17017925064286712,51.51763986212473],[-0.1703304269495103,51.51756193818404],[-0.17056873659266616,51.51741438450912],[-0.170557073878226,51.51737715865554],[-0.1706913599024007,51.51725240153842],[-0.17084165858137565,51.51712027288066],[-0.17101842332341421,51.51694572701688],[-0.1712423713502441,51.51678814365037],[-0.17168741098020904,51.51657147732802],[-0.17327949032742032,51.515695656618185],[-0.17373682706723348,51.51544277472789],[-0.17435783754689438,51.5150775730972],[-0.17457052923825775,51.514962687779956],[-0.1745878614792339,51.51495361054601]]},"properties":{"id":"940GZZLUERC-940GZZLUPAC-District","source":"940GZZLUERC","target":"940GZZLUPAC","sourceName":"Edgware Road Circle Line","targetName":"Paddington","line":"District","colour":"#00782A","color":"#00782A","traffic":0.0156,"off9":0.0,"off12":0.0,"off14":0.0},"id":114},{"type":"Feature","geometry":{"type":"LineString","coordinates":[[-0.16693438509840766,51.51854620047876],[-0.1664654835075059,51.51875482348833],[-0.16634115443883118,51.518810180053144],[-0.1661803591922843,51.51887055990577],[-0.16599418351350592,51.5189208144048],[-0.16567328476072174,51.51902176108454],[-0.1650843835261303,51.51913225764421],[-0.16502580737582814,51.519148546102834],[-0.1647802678583553,51.51920795290461],[-0.16450821409330035,51.519285869071595],[-0.16326119551902357,51.51950329299886],[-0.1601429985098268,51.52009404892386],[-0.15705659394574184,51.520681811674564],[-0.15659265752427598,51.520765462537085]]},"properties":{"id":"940GZZLUERC-940GZZLUBST-Circle","source":"940GZZLUERC","target":"940GZZLUBST","sourceName":"Edgware Road Circle Line","targetName":"Baker Street","line":"Circle","colour":"#FFD300","color":"#FFD300","traffic":0.2327,"off9":0.0,"off12":0.0,"off14":0.0},"id":115},{"type":"Feature","geometry":{"type":"LineString","coordinates":[[-0.16786070890258725,51.519926762236395],[-0.1673162,51.5201541],[-0.1670842,51.520233],[-0.1668361,51.5203099],[-0.1666224,51.5203649],[-0.1662243,51.520478],[-0.1656381,51.5205881],[-0.1656027,51.5206009],[-0.1653598,51.5206599],[-0.1650076,51.5207493],[-0.1636888,51.5209755],[-0.1605919,51.5215638],[-0.1574923,51.5221531],[-0.15701497002538464,51.52223826213815]]},"properties":{"id":"940GZZLUERC-940GZZLUBST-Hammersmith & City","source":"940GZZLUERC","target":"940GZZLUBST","sourceName":"Edgware Road Circle Line","targetName":"Baker Street","line":"Hammersmith & City","colour":"#F3A9BB","color":"#F3A9BB","traffic":0.2327,"off9":0.0,"off12":0.0,"off14":0.0},"id":116},{"type":"Feature","geometry":{"type":"LineString","coordinates":[[-0.14644247634953705,51.52334485607165],[-0.1466069,51.5236375],[-0.1467715,51.5239551],[-0.1469105,51.5241661],[-0.1470376,51.5243157],[-0.1471897,51.5244449],[-0.1474496,51.5246063],[-0.1476505,51.5246987],[-0.1478991,51.5247625],[-0.1481684,51.5247887],[-0.148494,51.524786],[-0.1488339,51.5247635],[-0.1491681,51.5247194],[-0.1541691,51.5238926],[-0.1546423,51.5237991],[-0.1551884,51.5236794],[-0.1557059,51.5235477],[-0.1562111,51.5234358],[-0.1566644,51.5233314],[-0.1572058387070461,51.523203135543525]]},"properties":{"id":"940GZZLURGP-940GZZLUBST-Bakerloo","source":"940GZZLURGP","target":"940GZZLUBST","sourceName":"Regents Park","targetName":"Baker Street","line":"Bakerloo","colour":"#B36305","color":"#B36305","traffic":0.2476,"off9":0.0,"off12":0.0,"off14":0.0},"id":117},{"type":"Feature","geometry":{"type":"LineString","coordinates":[[-0.14644247634953705,51.52334485607165],[-0.1462254,51.5229585],[-0.1461377,51.5227729],[-0.1441839,51.5183804],[-0.1440783,51.5182741],[-0.1439281,51.5181875],[-0.1437335,51.5180917],[-0.1433423,51.5179057],[-0.1431501,51.5178077],[-0.1429848,51.5176713],[-0.1428717,51.5175098],[-0.1427238,51.5172811],[-0.1422483,51.5162613],[-0.1421469,51.5160177],[-0.142061,51.5157851],[-0.1420167,51.5156556],[-0.1419591,51.5154638],[-0.14189272451505194,51.51522687876388]]},"properties":{"id":"940GZZLURGP-940GZZLUOXC-Bakerloo","source":"940GZZLURGP","target":"940GZZLUOXC","sourceName":"Regents Park","targetName":"Oxford Circus","line":"Bakerloo","colour":"#B36305","color":"#B36305","traffic":0.3576,"off9":0.0,"off12":0.0,"off14":0.0},"id":118},{"type":"Feature","geometry":{"type":"LineString","coordinates":[[-0.16320355782568113,51.52227739223077],[-0.1632216,51.522276],[-0.1635969,51.5222403],[-0.1638262,51.5222253],[-0.164229,51.5222208],[-0.1645876,51.5222295],[-0.1648717,51.5222166],[-0.1652279,51.5221602],[-0.1679369,51.5213355],[-0.1681969,51.5212546],[-0.1683908,51.5211943],[-0.1692393,51.5209072],[-0.1695545,51.5207839],[-0.16981,51.5206729],[-0.1700213,51.5205708],[-0.17023423462545434,51.52045797252866]]},"properties":{"id":"940GZZLUMYB-940GZZLUERB-Bakerloo","source":"940GZZLUMYB","target":"940GZZLUERB","sourceName":"Marylebone","targetName":"Edgware Road Bakerloo","line":"Bakerloo","colour":"#B36305","color":"#B36305","traffic":0.2311,"off9":0.0,"off12":0.0,"off14":0.0},"id":119},{"type":"Feature","geometry":{"type":"LineString","coordinates":[[-0.16320355782568113,51.52227739223077],[-0.1626501,51.5223201],[-0.1621435,51.5223579],[-0.1616064,51.5224191],[-0.1599666,51.5226949],[-0.1595612,51.5227597],[-0.158137,51.5229875],[-0.1575496,51.5231217],[-0.1572058387070461,51.523203135543525]]},"properties":{"id":"940GZZLUMYB-940GZZLUBST-Bakerloo","source":"940GZZLUMYB","target":"940GZZLUBST","sourceName":"Marylebone","targetName":"Baker Street","line":"Bakerloo","colour":"#B36305","color":"#B36305","traffic":0.398,"off9":0.0,"off12":0.0,"off14":0.0},"id":120},{"type":"Feature","geometry":{"type":"LineString","coordinates":[[-0.1530206808133006,51.4433084986099],[-0.153208,51.4430921],[-0.1552579,51.4405025],[-0.1560187,51.4392919],[-0.1567395,51.4378887],[-0.1572948,51.4373159],[-0.1583958,51.4364074],[-0.159069,51.4359799],[-0.1593455,51.4358287],[-0.15972523189485704,51.43565452381183]]},"properties":{"id":"940GZZLUBLM-940GZZLUTBC-Northern","source":"940GZZLUBLM","target":"940GZZLUTBC","sourceName":"Balham","targetName":"Tooting Bec","line":"Northern","colour":"#000000","color":"#000000","traffic":0.1133,"off9":0.0,"off12":0.0,"off14":0.0},"id":121},{"type":"Feature","geometry":{"type":"LineString","coordinates":[[-0.1529312189971463,51.44323417225809],[-0.1528186,51.4433718],[-0.15275,51.443447],[-0.152462,51.4437904],[-0.1519954,51.4443705],[-0.1512747,51.445168],[-0.1503941,51.4457207],[-0.1500049,51.4459604],[-0.1496033,51.4462982],[-0.1492133,51.4468922],[-0.1487346,51.4475908],[-0.1480523,51.4487692],[-0.1480397,51.4488249],[-0.1480253,51.4488776],[-0.1480163,51.4489571],[-0.1480051,51.4490408],[-0.1479426,51.4502369],[-0.1478667,51.4508106],[-0.1478246,51.451129],[-0.147823,51.4521274],[-0.14778,51.4522647],[-0.1477012,51.4525117],[-0.14761490070196276,51.45267174111308]]},"properties":{"id":"940GZZLUBLM-940GZZLUCPS-Northern","source":"940GZZLUBLM","target":"940GZZLUCPS","sourceName":"Balham","targetName":"Clapham South","line":"Northern","colour":"#000000","color":"#000000","traffic":0.5383,"off9":0.0,"off12":0.0,"off14":0.0},"id":122},{"type":"Feature","geometry":{"type":"LineString","coordinates":[[-0.15972523189485704,51.43565452381183],[-0.1597279,51.4356533],[-0.1605412,51.4352905],[-0.1612817,51.434908],[-0.1615896,51.4347251],[-0.1622379,51.4342828],[-0.1628331,51.4338029],[-0.1634983,51.4331298],[-0.163668,51.4328858],[-0.1638259,51.4325588],[-0.1639997,51.4320921],[-0.1641133,51.4319057],[-0.1648741,51.4311089],[-0.1667103,51.429309],[-0.1678506,51.4282803],[-0.168116,51.4280174],[-0.1683348,51.4278007],[-0.16843946941068247,51.42769456592278]]},"properties":{"id":"940GZZLUTBC-940GZZLUTBY-Northern","source":"940GZZLUTBC","target":"940GZZLUTBY","sourceName":"Tooting Bec","targetName":"Tooting Broadway","line":"Northern","colour":"#000000","color":"#000000","traffic":0.1028,"off9":0.0,"off12":0.0,"off14":0.0},"id":123},{"type":"Feature","geometry":{"type":"LineString","coordinates":[[-0.15972523189485704,51.43565452381183],[-0.1593455,51.4358287],[-0.159069,51.4359799],[-0.1583958,51.4364074],[-0.1572948,51.4373159],[-0.1567395,51.4378887],[-0.1560187,51.4392919],[-0.1552579,51.4405025],[-0.153208,51.4430921],[-0.1530206808133006,51.4433084986099]]},"properties":{"id":"940GZZLUTBC-940GZZLUBLM-Northern","source":"940GZZLUTBC","target":"940GZZLUBLM","sourceName":"Tooting Bec","targetName":"Balham","line":"Northern","colour":"#000000","color":"#000000","traffic":0.4335,"off9":0.0,"off12":0.0,"off14":0.0},"id":124},{"type":"Feature","geometry":{"type":"LineString","coordinates":[[-0.1476760847555122,51.45270474108703],[-0.1476376,51.4527761],[-0.1474632,51.4530268],[-0.1473741,51.4531375],[-0.1472662,51.4532727],[-0.1461594,51.4544277],[-0.145044,51.4556254],[-0.1444366,51.4562804],[-0.1436148,51.4571666],[-0.1433326,51.4574899],[-0.142589,51.4583582],[-0.1422229,51.4587779],[-0.1415587,51.4595394],[-0.1394243,51.4609608],[-0.13834,51.4615558],[-0.13823784930832048,51.46162476885626]]},"properties":{"id":"940GZZLUCPS-940GZZLUCPC-Northern","source":"940GZZLUCPS","target":"940GZZLUCPC","sourceName":"Clapham South","targetName":"Clapham Common","line":"Northern","colour":"#000000","color":"#000000","traffic":0.6225,"off9":0.0,"off12":0.0,"off14":0.0},"id":125},{"type":"Feature","geometry":{"type":"LineString","coordinates":[[-0.14761490070196276,51.45267174111308],[-0.1477012,51.4525117],[-0.14778,51.4522647],[-0.147823,51.4521274],[-0.1478246,51.451129],[-0.1478667,51.4508106],[-0.1479426,51.4502369],[-0.1480051,51.4490408],[-0.1480163,51.4489571],[-0.1480253,51.4488776],[-0.1480397,51.4488249],[-0.1480523,51.4487692],[-0.1487346,51.4475908],[-0.1492133,51.4468922],[-0.1496033,51.4462982],[-0.1500049,51.4459604],[-0.1503941,51.4457207],[-0.1512747,51.445168],[-0.1519954,51.4443705],[-0.152462,51.4437904],[-0.15275,51.443447],[-0.1528186,51.4433718],[-0.1529312189971463,51.44323417225809]]},"properties":{"id":"940GZZLUCPS-940GZZLUBLM-Northern","source":"940GZZLUCPS","target":"940GZZLUBLM","sourceName":"Clapham South","targetName":"Balham","line":"Northern","colour":"#000000","color":"#000000","traffic":0.1312,"off9":0.0,"off12":0.0,"off14":0.0},"id":126},{"type":"Feature","geometry":{"type":"LineString","coordinates":[[-0.0911734,51.5128234],[-0.0916482,51.5126917],[-0.0919972,51.5125949],[-0.0926461,51.5124371],[-0.0927825,51.5124164],[-0.0931117,51.5123664],[-0.0932708,51.5123493],[-0.093571,51.5123171],[-0.0941339,51.5122266],[-0.0951452,51.5120557],[-0.0956418,51.5119759],[-0.0957936,51.5119583],[-0.0959701,51.5119345],[-0.0963089,51.5118997],[-0.0966025,51.5118847],[-0.0970365,51.5118683],[-0.0973127,51.5118666],[-0.0982998,51.5118963],[-0.1008694,51.5120869],[-0.1010008,51.5120923],[-0.1018242,51.5121219],[-0.102138,51.5121239],[-0.1026719,51.5121143],[-0.1030186,51.5120935],[-0.1033497,51.5120596],[-0.1035903,51.5120113],[-0.1038361,51.5119321],[-0.1040192,51.5118509],[-0.1041524,51.5117767],[-0.1043403,51.5116495],[-0.1044674,51.5115487],[-0.1046271,51.5113986],[-0.1047478,51.5112599],[-0.1055763,51.5101285],[-0.1062381,51.5095205],[-0.1068369,51.5090563],[-0.1072361,51.508749],[-0.1077614,51.5084613],[-0.1080765,51.5083174],[-0.1082912,51.5081667],[-0.1084586,51.5080127],[-0.1085873,51.507847],[-0.1086973,51.5076338],[-0.1087619,51.5074523],[-0.1087887,51.5072725],[-0.1088102,51.5070007],[-0.1088429,51.506864],[-0.1089395,51.506692],[-0.1090701,51.5065723],[-0.1092595,51.506476],[-0.1131417,51.5050063],[-0.1134048,51.5049075],[-0.1136079,51.504799],[-0.1137946,51.5046516],[-0.1139815,51.5044696],[-0.1140834,51.5043086],[-0.1141797,51.5040659],[-0.114213,51.5038305],[-0.1142122,51.5036386],[-0.11416559518018701,51.50348286463939]]},"properties":{"id":"940GZZLUBNK-940GZZLUWLO-Waterloo & City","source":"940GZZLUBNK","target":"940GZZLUWLO","sourceName":"Bank","targetName":"Waterloo","line":"Waterloo & City","colour":"#95CDBA","color":"#95CDBA","traffic":0.066,"off9":0.0,"off12":0.0,"off14":0.0},"id":127},{"type":"Feature","geometry":{"type":"LineString","coordinates":[[-0.08871961868718829,51.51332964692824],[-0.0885199,51.5130454],[-0.088063,51.5125407],[-0.0876995,51.5120856],[-0.0873714,51.5116749],[-0.0872036,51.5114563],[-0.0869254,51.5110653],[-0.0868153,51.510907],[-0.0867902,51.510862],[-0.0867792,51.5108016],[-0.0867958,51.5106567],[-0.0867985,51.5105372],[-0.0868199,51.510393],[-0.0868575,51.510259],[-0.0870292,51.5097989],[-0.0870748,51.5096394],[-0.0870989,51.5094249],[-0.0870832,51.5093558],[-0.0868838,51.5090333],[-0.0867331,51.5087794],[-0.0866481,51.5085864],[-0.0866365,51.5083587],[-0.0866516,51.5078819],[-0.0867181,51.5074273],[-0.0869254,51.5069263],[-0.0871668,51.5066425],[-0.0874779,51.5064522],[-0.087714,51.5063053],[-0.0881214,51.506043],[-0.0883075,51.5059043],[-0.0885535,51.5057109],[-0.08874008760313816,51.505558389509844]]},"properties":{"id":"940GZZLUBNK-940GZZLULNB-Northern","source":"940GZZLUBNK","target":"940GZZLULNB","sourceName":"Bank","targetName":"London Bridge","line":"Northern","colour":"#000000","color":"#000000","traffic":0.2741,"off9":0.0,"off12":0.0,"off14":0.0},"id":128},{"type":"Feature","geometry":{"type":"LineString","coordinates":[[-0.08871961868718829,51.51332964692824],[-0.089508,51.5144517],[-0.089569,51.5145109],[-0.0896667,51.5146354],[-0.0897226,51.5147169],[-0.0897258,51.5148042],[-0.089714,51.5148582],[-0.0891509,51.5163785],[-0.088781,51.5172167],[-0.0886747,51.5174251],[-0.0885888,51.5175753],[-0.08833101039231549,51.51817984222212]]},"properties":{"id":"940GZZLUBNK-940GZZLUMGT-Northern","source":"940GZZLUBNK","target":"940GZZLUMGT","sourceName":"Bank","targetName":"Moorgate","line":"Northern","colour":"#000000","color":"#000000","traffic":0.5147,"off9":0.0,"off12":0.0,"off14":0.0},"id":129},{"type":"Feature","geometry":{"type":"LineString","coordinates":[[-0.0887092714088269,51.513328034912],[-0.0887428,51.5133149],[-0.0887813,51.5133011],[-0.0888177,51.5132891],[-0.0888526,51.5132787],[-0.0888959,51.513267],[-0.0889454,51.5132557],[-0.0890039,51.5132453],[-0.0890506,51.5132387],[-0.0890902,51.5132343],[-0.0891208,51.5132315],[-0.089151,51.5132293],[-0.0892009,51.5132272],[-0.0892559,51.5132261],[-0.0892914,51.5132264],[-0.08933,51.5132277],[-0.0893799,51.5132306],[-0.089414,51.5132332],[-0.0894659,51.5132378],[-0.0895211,51.5132439],[-0.0895488,51.513247],[-0.0895775,51.5132505],[-0.0896261,51.5132571],[-0.0896538,51.5132612],[-0.0896844,51.513266],[-0.0897218,51.5132722],[-0.0897564,51.5132785],[-0.0897961,51.5132864],[-0.089963,51.5133321],[-0.0903335,51.5134283],[-0.0918266,51.5137173],[-0.0934651,51.514002],[-0.0953238,51.5142941],[-0.0956432,51.5143627],[-0.0959233,51.5144238],[-0.0963522,51.5145224],[-0.09755829168687605,51.51496000135196]]},"properties":{"id":"940GZZLUBNK-940GZZLUSPU-Central","source":"940GZZLUBNK","target":"940GZZLUSPU","sourceName":"Bank","targetName":"St Pauls","line":"Central","colour":"#E32017","color":"#E32017","traffic":0.8536,"off9":0.0,"off12":0.0,"off14":0.0},"id":130},{"type":"Feature","geometry":{"type":"LineString","coordinates":[[-0.0887092714088269,51.513328034912],[-0.088704,51.5133301],[-0.0886727,51.5133442],[-0.0886311,51.513364],[-0.0885902,51.5133849],[-0.0885592,51.5134014],[-0.0885313,51.5134185],[-0.0884947,51.5134419],[-0.0884658,51.5134608],[-0.088318,51.5135657],[-0.0882661,51.5135952],[-0.0882366,51.5136093],[-0.0881984,51.5136258],[-0.0881609,51.5136396],[-0.0880791,51.5136664],[-0.0879402,51.5137033],[-0.0878184,51.5137319],[-0.0865068,51.5139843],[-0.0862829,51.5140494],[-0.0861349,51.5141267],[-0.0855258,51.5146588],[-0.0854051,51.5147367],[-0.0853321,51.514784],[-0.085212,51.5148296],[-0.085035,51.5148918],[-0.0849062,51.5149509],[-0.0846916,51.5150701],[-0.0845113,51.5152061],[-0.0843832,51.5153256],[-0.0842207,51.515498],[-0.084196,51.5155241],[-0.0837307,51.5160175],[-0.0836017,51.5161886],[-0.0834633,51.516435],[-0.0832941,51.5168738],[-0.08310370971510189,51.51734002922501]]},"properties":{"id":"940GZZLUBNK-940GZZLULVT-Central","source":"940GZZLUBNK","target":"940GZZLULVT","sourceName":"Bank","targetName":"Liverpool Street","line":"Central","colour":"#E32017","color":"#E32017","traffic":0.3287,"off9":0.0,"off12":0.0,"off14":0.0},"id":131},{"type":"Feature","geometry":{"type":"LineString","coordinates":[[-0.11416559518018701,51.50348286463939],[-0.1142122,51.5036386],[-0.114213,51.5038305],[-0.1141797,51.5040659],[-0.1140834,51.5043086],[-0.1139815,51.5044696],[-0.1137946,51.5046516],[-0.1136079,51.504799],[-0.1134048,51.5049075],[-0.1131417,51.5050063],[-0.1092595,51.506476],[-0.1090701,51.5065723],[-0.1089395,51.506692],[-0.1088429,51.506864],[-0.1088102,51.5070007],[-0.1087887,51.5072725],[-0.1087619,51.5074523],[-0.1086973,51.5076338],[-0.1085873,51.507847],[-0.1084586,51.5080127],[-0.1082912,51.5081667],[-0.1080765,51.5083174],[-0.1077614,51.5084613],[-0.1072361,51.508749],[-0.1068369,51.5090563],[-0.1062381,51.5095205],[-0.1055763,51.5101285],[-0.1047478,51.5112599],[-0.1046271,51.5113986],[-0.1044674,51.5115487],[-0.1043403,51.5116495],[-0.1041524,51.5117767],[-0.1040192,51.5118509],[-0.1038361,51.5119321],[-0.1035903,51.5120113],[-0.1033497,51.5120596],[-0.1030186,51.5120935],[-0.1026719,51.5121143],[-0.102138,51.5121239],[-0.1018242,51.5121219],[-0.1010008,51.5120923],[-0.1008694,51.5120869],[-0.0982998,51.5118963],[-0.0973127,51.5118666],[-0.0970365,51.5118683],[-0.0966025,51.5118847],[-0.0963089,51.5118997],[-0.0959701,51.5119345],[-0.0957936,51.5119583],[-0.0956418,51.5119759],[-0.0951452,51.5120557],[-0.0941339,51.5122266],[-0.093571,51.5123171],[-0.0932708,51.5123493],[-0.0931117,51.5123664],[-0.0927825,51.5124164],[-0.0926461,51.5124371],[-0.0919972,51.5125949],[-0.0916482,51.5126917],[-0.0911734,51.5128234]]},"properties":{"id":"940GZZLUWLO-940GZZLUBNK-Waterloo & City","source":"940GZZLUWLO","target":"940GZZLUBNK","sourceName":"Waterloo","targetName":"Bank","line":"Waterloo & City","colour":"#95CDBA","color":"#95CDBA","traffic":0.2848,"off9":0.0,"off12":0.0,"off14":0.0},"id":132},{"type":"Feature","geometry":{"type":"LineString","coordinates":[[-0.1148488788040206,51.50327954845155],[-0.1148666,51.5033423],[-0.1149739,51.503542],[-0.11521,51.5037589],[-0.115446,51.5038842],[-0.1157949,51.5039998],[-0.1184989,51.5046365],[-0.118751,51.5047042],[-0.118924,51.5047638],[-0.1190892,51.5048265],[-0.1192655,51.5049047],[-0.1211796,51.5059291],[-0.1214632,51.5060685],[-0.1217938,51.5062175],[-0.1221757,51.5063903],[-0.1224109,51.5064767],[-0.1226003,51.5065336],[-0.12278997856139709,51.506583120041306]]},"properties":{"id":"940GZZLUWLO-940GZZLUEMB-Bakerloo","source":"940GZZLUWLO","target":"940GZZLUEMB","sourceName":"Waterloo","targetName":"Embankment","line":"Bakerloo","colour":"#B36305","color":"#B36305","traffic":0.2984,"off9":0.0,"off12":0.0,"off14":0.0},"id":133},{"type":"Feature","geometry":{"type":"LineString","coordinates":[[-0.11449838440377581,51.50348894173167],[-0.1145223,51.5035244],[-0.1147799,51.5038951],[-0.115006,51.5041518],[-0.1152007,51.5043738],[-0.1154623,51.5046551],[-0.1157239,51.5049219],[-0.1158839,51.5050501],[-0.1162416,51.5053785],[-0.1166345,51.5056214],[-0.1170923,51.5058477],[-0.1174082,51.5059817],[-0.1180508,51.5062203],[-0.1185249,51.5063983],[-0.1190472,51.506567],[-0.1196735,51.5067262],[-0.1203169,51.5068794],[-0.1206399,51.5069466],[-0.1209649,51.5070038],[-0.1211646,51.5070353],[-0.1215826,51.5071034],[-0.1217064,51.5071251],[-0.1219211,51.5071745],[-0.1221357,51.5072381],[-0.1224029,51.5073256],[-0.12252484086651882,51.507379191320645]]},"properties":{"id":"940GZZLUWLO-940GZZLUEMB-Northern","source":"940GZZLUWLO","target":"940GZZLUEMB","sourceName":"Waterloo","targetName":"Embankment","line":"Northern","colour":"#000000","color":"#000000","traffic":0.2984,"off9":0.0,"off12":0.0,"off14":0.0},"id":134},{"type":"Feature","geometry":{"type":"LineString","coordinates":[[-0.11449838440377581,51.50348894173167],[-0.1133096,51.5017264],[-0.1128607,51.5010988],[-0.1126544,51.5008708],[-0.1123887,51.5005269],[-0.112116,51.5001764],[-0.1119076,51.4999004],[-0.1117534,51.4996152],[-0.111681,51.4995214],[-0.1109312,51.4985498],[-0.110008,51.4971434],[-0.1098895,51.4969648],[-0.1095656,51.4965194],[-0.1089651,51.4956802],[-0.108416,51.4949609],[-0.1082056,51.4946453],[-0.1080406,51.4943656],[-0.1078298,51.4940658],[-0.1074809,51.4935865],[-0.1068951,51.4927722],[-0.1064562,51.4921404],[-0.1061327,51.4916694],[-0.1056522,51.491009],[-0.1054517,51.4907252],[-0.1053524,51.4906177],[-0.1052605,51.4903572],[-0.1051753,51.4901004],[-0.1051733,51.4898712],[-0.1052184,51.4896087],[-0.1052972,51.489403],[-0.1054472,51.4891727],[-0.1055079,51.4890443],[-0.1055447,51.4889988],[-0.1056206,51.488905],[-0.1056579,51.4888661],[-0.1057708,51.4887485],[-0.10607052915291952,51.48844223412772]]},"properties":{"id":"940GZZLUWLO-940GZZLUKNG-Northern","source":"940GZZLUWLO","target":"940GZZLUKNG","sourceName":"Waterloo","targetName":"Kennington","line":"Northern","colour":"#000000","color":"#000000","traffic":0.0447,"off9":0.0,"off12":0.0,"off14":0.0},"id":135},{"type":"Feature","geometry":{"type":"LineString","coordinates":[[-0.11469858796367824,51.502977858055985],[-0.1155481,51.5027625],[-0.1161551,51.5026128],[-0.1173204,51.5022857],[-0.1179452,51.5021151],[-0.118564,51.501972],[-0.120557,51.5015174],[-0.121473,51.5013445],[-0.1224857,51.5012241],[-0.1229071,51.5011782],[-0.1231063,51.5011619],[-0.1233788,51.5011433],[-0.1237664,51.5011071],[-0.1241912,51.5010596],[-0.1246885,51.5009998],[-0.12482547941319078,51.500985264381825]]},"properties":{"id":"940GZZLUWLO-940GZZLUWSM-Jubilee","source":"940GZZLUWLO","target":"940GZZLUWSM","sourceName":"Waterloo","targetName":"Westminster","line":"Jubilee","colour":"#A0A5A9","color":"#A0A5A9","traffic":0.6633,"off9":0.0,"off12":0.0,"off14":0.0},"id":136},{"type":"Feature","geometry":{"type":"LineString","coordinates":[[-0.11472241348790335,51.50306871209044],[-0.1145713,51.5031065],[-0.1119968,51.5035934],[-0.1113054,51.503733],[-0.1099224,51.5039938],[-0.1086236,51.5042681],[-0.1076259,51.504383],[-0.1072311,51.5044028],[-0.1069129,51.5043981],[-0.1058778,51.5043931],[-0.10532962398266478,51.50438663269055]]},"properties":{"id":"940GZZLUWLO-940GZZLUSWK-Jubilee","source":"940GZZLUWLO","target":"940GZZLUSWK","sourceName":"Waterloo","targetName":"Southwark","line":"Jubilee","colour":"#A0A5A9","color":"#A0A5A9","traffic":0.6524,"off9":0.0,"off12":0.0,"off14":0.0},"id":137},{"type":"Feature","geometry":{"type":"LineString","coordinates":[[-0.1148488788040206,51.50327954845155],[-0.114813,51.5031525],[-0.1148184,51.5029231],[-0.1148452,51.5026457],[-0.1151215,51.5008993],[-0.1151349,51.5006794],[-0.1151188,51.5005264],[-0.1150919,51.5003748],[-0.1150437,51.5002409],[-0.1149042,51.5000621],[-0.1145654,51.499908],[-0.1143601,51.4998147],[-0.113363,51.4993587],[-0.1129515,51.4991705],[-0.1128887,51.4991418],[-0.1124045,51.4989361],[-0.1124003,51.4989343],[-0.1123924,51.498931],[-0.1123879,51.4989291],[-0.11228283585173261,51.49888549118229]]},"properties":{"id":"940GZZLUWLO-940GZZLULBN-Bakerloo","source":"940GZZLUWLO","target":"940GZZLULBN","sourceName":"Waterloo","targetName":"Lambeth North","line":"Bakerloo","colour":"#B36305","color":"#B36305","traffic":0.0529,"off9":0.0,"off12":0.0,"off14":0.0},"id":138},{"type":"Feature","geometry":{"type":"LineString","coordinates":[[-0.08874008760313816,51.505558389509844],[-0.0885535,51.5057109],[-0.0883075,51.5059043],[-0.0881214,51.506043],[-0.087714,51.5063053],[-0.0874779,51.5064522],[-0.0871668,51.5066425],[-0.0869254,51.5069263],[-0.0867181,51.5074273],[-0.0866516,51.5078819],[-0.0866365,51.5083587],[-0.0866481,51.5085864],[-0.0867331,51.5087794],[-0.0868838,51.5090333],[-0.0870832,51.5093558],[-0.0870989,51.5094249],[-0.0870748,51.5096394],[-0.0870292,51.5097989],[-0.0868575,51.510259],[-0.0868199,51.510393],[-0.0867985,51.5105372],[-0.0867958,51.5106567],[-0.0867792,51.5108016],[-0.0867902,51.510862],[-0.0868153,51.510907],[-0.0869254,51.5110653],[-0.0872036,51.5114563],[-0.0873714,51.5116749],[-0.0876995,51.5120856],[-0.088063,51.5125407],[-0.0885199,51.5130454],[-0.08871961868718829,51.51332964692824]]},"properties":{"id":"940GZZLULNB-940GZZLUBNK-Northern","source":"940GZZLULNB","target":"940GZZLUBNK","sourceName":"London Bridge","targetName":"Bank","line":"Northern","colour":"#000000","color":"#000000","traffic":0.6248,"off9":0.0,"off12":0.0,"off14":0.0},"id":139},{"type":"Feature","geometry":{"type":"LineString","coordinates":[[-0.08874008760313816,51.505558389509844],[-0.0894011,51.5050181],[-0.0907422,51.5040781],[-0.0910721,51.503831],[-0.0914097,51.5035187],[-0.0921231,51.5026071],[-0.0922871,51.5023084],[-0.0924155,51.5020294],[-0.0924691,51.5019325],[-0.0925979,51.5017739],[-0.09333241693559098,51.501154436596956]]},"properties":{"id":"940GZZLULNB-940GZZLUBOR-Northern","source":"940GZZLULNB","target":"940GZZLUBOR","sourceName":"London Bridge","targetName":"Borough","line":"Northern","colour":"#000000","color":"#000000","traffic":0.1897,"off9":0.0,"off12":0.0,"off14":0.0},"id":140},{"type":"Feature","geometry":{"type":"LineString","coordinates":[[-0.0888951164660216,51.50513681711679],[-0.0891139,51.5051451],[-0.0901281,51.5051181],[-0.0912855,51.5049553],[-0.092934,51.5045423],[-0.093468,51.5044325],[-0.0940074,51.5043657],[-0.0984614,51.5042216],[-0.100107,51.5041728],[-0.1017021,51.5042158],[-0.1044218,51.5043472],[-0.10492,51.5043818],[-0.10532962398266478,51.50438663269055]]},"properties":{"id":"940GZZLULNB-940GZZLUSWK-Jubilee","source":"940GZZLULNB","target":"940GZZLUSWK","sourceName":"London Bridge","targetName":"Southwark","line":"Jubilee","colour":"#A0A5A9","color":"#A0A5A9","traffic":0.7412,"off9":0.0,"off12":0.0,"off14":0.0},"id":141},{"type":"Feature","geometry":{"type":"LineString","coordinates":[[-0.0888951164660216,51.50513681711679],[-0.0878249,51.5050963],[-0.0869132,51.505066],[-0.0866354,51.5050488],[-0.0863312,51.5050175],[-0.0859688,51.5049736],[-0.0854573,51.504883],[-0.0848946,51.5047328],[-0.0844473,51.504583],[-0.0839679,51.5043643],[-0.0835139,51.5041286],[-0.0828575,51.5036547],[-0.0821373,51.5032431],[-0.0811544,51.5027191],[-0.0783304,51.5012588],[-0.0757588,51.4998689],[-0.0742952,51.499079],[-0.0728641,51.4983486],[-0.0724532,51.4981773],[-0.0721426,51.4980648],[-0.0715064,51.4978876],[-0.0707546,51.4977068],[-0.0699091,51.4975637],[-0.0689905,51.4974822],[-0.067924,51.4974467],[-0.0664464,51.4975476],[-0.064943,51.497715],[-0.0642636,51.4978308],[-0.06401371801228092,51.49787291798647]]},"properties":{"id":"940GZZLULNB-940GZZLUBMY-Jubilee","source":"940GZZLULNB","target":"940GZZLUBMY","sourceName":"London Bridge","targetName":"Bermondsey","line":"Jubilee","colour":"#A0A5A9","color":"#A0A5A9","traffic":0.6425,"off9":0.0,"off12":0.0,"off14":0.0},"id":142},{"type":"Feature","geometry":{"type":"LineString","coordinates":[[-0.08833101039231549,51.51817984222212],[-0.0882715,51.5183194],[-0.088233,51.5185136],[-0.0882115,51.5185899],[-0.0878239,51.5193162],[-0.0876603,51.5197309],[-0.0875071,51.5200759],[-0.0870991,51.5218693],[-0.0871213,51.5222245],[-0.0874804,51.5238527],[-0.0875184,51.5241632],[-0.0875581,51.5244787],[-0.0876272,51.52532],[-0.0876725,51.5256365],[-0.08775904202841525,51.52586809476055]]},"properties":{"id":"940GZZLUMGT-940GZZLUODS-Northern","source":"940GZZLUMGT","target":"940GZZLUODS","sourceName":"Moorgate","targetName":"Old Street","line":"Northern","colour":"#000000","color":"#000000","traffic":0.3641,"off9":0.0,"off12":0.0,"off14":0.0},"id":143},{"type":"Feature","geometry":{"type":"LineString","coordinates":[[-0.08833101039231549,51.51817984222212],[-0.0885888,51.5175753],[-0.0886747,51.5174251],[-0.088781,51.5172167],[-0.0891509,51.5163785],[-0.089714,51.5148582],[-0.0897258,51.5148042],[-0.0897226,51.5147169],[-0.0896667,51.5146354],[-0.089569,51.5145109],[-0.089508,51.5144517],[-0.08871961868718829,51.51332964692824]]},"properties":{"id":"940GZZLUMGT-940GZZLUBNK-Northern","source":"940GZZLUMGT","target":"940GZZLUBNK","sourceName":"Moorgate","targetName":"Bank","line":"Northern","colour":"#000000","color":"#000000","traffic":0.3402,"off9":0.0,"off12":0.0,"off14":0.0},"id":144},{"type":"Feature","geometry":{"type":"LineString","coordinates":[[-0.08874228725143192,51.516744708485035],[-0.0847767973176281,51.516029538319216],[-0.08443936240286067,51.51597789116201],[-0.08423606049943187,51.51594835759388],[-0.08377667713287323,51.51587313757973],[-0.0835765885415131,51.515840506727706]]},"properties":{"id":"940GZZLUMGT-940GZZLULVT-Circle","source":"940GZZLUMGT","target":"940GZZLULVT","sourceName":"Moorgate","targetName":"Liverpool Street","line":"Circle","colour":"#FFD300","color":"#FFD300","traffic":0.1481,"off9":0.0,"off12":0.0,"off14":0.0},"id":145},{"type":"Feature","geometry":{"type":"LineString","coordinates":[[-0.08831460572252735,51.51821690390722],[-0.0843726,51.5175043],[-0.0840764,51.5174568],[-0.0838724,51.5174272],[-0.0833928,51.51735],[-0.08319090854722183,51.51731718722172]]},"properties":{"id":"940GZZLUMGT-940GZZLULVT-Hammersmith & City","source":"940GZZLUMGT","target":"940GZZLULVT","sourceName":"Moorgate","targetName":"Liverpool Street","line":"Hammersmith & City","colour":"#F3A9BB","color":"#F3A9BB","traffic":0.1481,"off9":0.0,"off12":0.0,"off14":0.0},"id":146},{"type":"Feature","geometry":{"type":"LineString","coordinates":[[-0.08788692419362278,51.51968909932941],[-0.0839684026823719,51.51897906168078],[-0.08371343759713933,51.51893570883799],[-0.08350873950056813,51.51890604240612],[-0.08300892286712677,51.51882686242027],[-0.08280522855293056,51.518793867715736]]},"properties":{"id":"940GZZLUMGT-940GZZLULVT-Metropolitan","source":"940GZZLUMGT","target":"940GZZLULVT","sourceName":"Moorgate","targetName":"Liverpool Street","line":"Metropolitan","colour":"#9B0056","color":"#9B0056","traffic":0.1481,"off9":0.0,"off12":0.0,"off14":0.0},"id":147},{"type":"Feature","geometry":{"type":"LineString","coordinates":[[-0.08789683177678093,51.519649037121454],[-0.08836716238629863,51.519736171066135],[-0.09034793163138673,51.52016970578213],[-0.09098228870389283,51.520306635900965],[-0.09594469164261138,51.521495335704934],[-0.09615964459040259,51.5215507115941],[-0.09650226741716281,51.52162292390661],[-0.09684093541483632,51.52168146374282],[-0.09713263177354246,51.52171628350434],[-0.09745536947514208,51.5217377066109],[-0.09784856185554561,51.52173957556144],[-0.09804083820936088,51.52173159546461],[-0.09808650038598858,51.52172983209136]]},"properties":{"id":"940GZZLUMGT-940GZZLUBBN-Circle","source":"940GZZLUMGT","target":"940GZZLUBBN","sourceName":"Moorgate","targetName":"Barbican","line":"Circle","colour":"#FFD300","color":"#FFD300","traffic":0.2424,"off9":0.0,"off12":0.0,"off14":0.0},"id":148},{"type":"Feature","geometry":{"type":"LineString","coordinates":[[-0.08832190140700179,51.51817654885994],[-0.0888349,51.5182687],[-0.0908535,51.5187071],[-0.0915117,51.5188473],[-0.0965288,51.5200441],[-0.0967342,51.520098],[-0.0970017,51.5201595],[-0.0972423,51.5202064],[-0.0974056,51.5202299],[-0.0975612,51.5202431],[-0.0977943,51.5202439],[-0.0979383,51.5202369],[-0.0979915273203396,51.52023494311322]]},"properties":{"id":"940GZZLUMGT-940GZZLUBBN-Hammersmith & City","source":"940GZZLUMGT","target":"940GZZLUBBN","sourceName":"Moorgate","targetName":"Barbican","line":"Hammersmith & City","colour":"#F3A9BB","color":"#F3A9BB","traffic":0.2424,"off9":0.0,"off12":0.0,"off14":0.0},"id":149},{"type":"Feature","geometry":{"type":"LineString","coordinates":[[-0.0887469710372226,51.51670406059843],[-0.0893026376137013,51.516801228933865],[-0.09135906836861321,51.51724449421787],[-0.09204111129610713,51.51738796409903],[-0.09711290835738853,51.518592864295066],[-0.09730875540959735,51.51864528840589],[-0.09750113258283716,51.518696076093384],[-0.09764366458516366,51.518731336257176],[-0.09767856822645751,51.518743516495654],[-0.0976670305248579,51.518748493389104],[-0.0977400381444544,51.51874822443855],[-0.09783576179063913,51.51874220453539],[-0.0978965542546906,51.51874005413509]]},"properties":{"id":"940GZZLUMGT-940GZZLUBBN-Metropolitan","source":"940GZZLUMGT","target":"940GZZLUBBN","sourceName":"Moorgate","targetName":"Barbican","line":"Metropolitan","colour":"#9B0056","color":"#9B0056","traffic":0.2424,"off9":0.0,"off12":0.0,"off14":0.0},"id":150},{"type":"Feature","geometry":{"type":"LineString","coordinates":[[-0.09755829168687605,51.51496000135196],[-0.0976983,51.5150108],[-0.0983057,51.5152303],[-0.0983719,51.5152497],[-0.0991571,51.5154842],[-0.0999325,51.5157157],[-0.1017732,51.5161902],[-0.1020518,51.5162787],[-0.1030763,51.5166219],[-0.1051558,51.5173149],[-0.1056791,51.5174574],[-0.1065415,51.5175994],[-0.1098743,51.5179651],[-0.1102603,51.5180211],[-0.1107621,51.5181007],[-0.1112664,51.5181697],[-0.11158751438631478,51.518201702586296]]},"properties":{"id":"940GZZLUSPU-940GZZLUCHL-Central","source":"940GZZLUSPU","target":"940GZZLUCHL","sourceName":"St Pauls","targetName":"Chancery Lane","line":"Central","colour":"#E32017","color":"#E32017","traffic":0.7732,"off9":0.0,"off12":0.0,"off14":0.0},"id":151},{"type":"Feature","geometry":{"type":"LineString","coordinates":[[-0.09755829168687605,51.51496000135196],[-0.0963522,51.5145224],[-0.0959233,51.5144238],[-0.0956432,51.5143627],[-0.0953238,51.5142941],[-0.0934651,51.514002],[-0.0918266,51.5137173],[-0.0903335,51.5134283],[-0.089963,51.5133321],[-0.0897961,51.5132864],[-0.0897564,51.5132785],[-0.0897218,51.5132722],[-0.0896844,51.513266],[-0.0896538,51.5132612],[-0.0896261,51.5132571],[-0.0895775,51.5132505],[-0.0895488,51.513247],[-0.0895211,51.5132439],[-0.0894659,51.5132378],[-0.089414,51.5132332],[-0.0893799,51.5132306],[-0.08933,51.5132277],[-0.0892914,51.5132264],[-0.0892559,51.5132261],[-0.0892009,51.5132272],[-0.089151,51.5132293],[-0.0891208,51.5132315],[-0.0890902,51.5132343],[-0.0890506,51.5132387],[-0.0890039,51.5132453],[-0.0889454,51.5132557],[-0.0888959,51.513267],[-0.0888526,51.5132787],[-0.0888177,51.5132891],[-0.0887813,51.5133011],[-0.0887428,51.5133149],[-0.0887092714088269,51.513328034912]]},"properties":{"id":"940GZZLUSPU-940GZZLUBNK-Central","source":"940GZZLUSPU","target":"940GZZLUBNK","sourceName":"St Pauls","targetName":"Bank","line":"Central","colour":"#E32017","color":"#E32017","traffic":0.3608,"off9":0.0,"off12":0.0,"off14":0.0},"id":152},{"type":"Feature","geometry":{"type":"LineString","coordinates":[[-0.09808650038598858,51.52172983209136],[-0.09804083820936088,51.52173159546461],[-0.09784856185554561,51.52173957556144],[-0.09745536947514208,51.5217377066109],[-0.09713263177354246,51.52171628350434],[-0.09684093541483632,51.52168146374282],[-0.09650226741716281,51.52162292390661],[-0.09615964459040259,51.5215507115941],[-0.09594469164261138,51.521495335704934],[-0.09098228870389283,51.520306635900965],[-0.09034793163138673,51.52016970578213],[-0.08836716238629863,51.519736171066135],[-0.08789683177678093,51.519649037121454]]},"properties":{"id":"940GZZLUBBN-940GZZLUMGT-Circle","source":"940GZZLUBBN","target":"940GZZLUMGT","sourceName":"Barbican","targetName":"Moorgate","line":"Circle","colour":"#FFD300","color":"#FFD300","traffic":0.1651,"off9":0.0,"off12":0.0,"off14":0.0},"id":153},{"type":"Feature","geometry":{"type":"LineString","coordinates":[[-0.0979915273203396,51.52023494311322],[-0.0979383,51.5202369],[-0.0977943,51.5202439],[-0.0975612,51.5202431],[-0.0974056,51.5202299],[-0.0972423,51.5202064],[-0.0970017,51.5201595],[-0.0967342,51.520098],[-0.0965288,51.5200441],[-0.0915117,51.5188473],[-0.0908535,51.5187071],[-0.0888349,51.5182687],[-0.08832190140700179,51.51817654885994]]},"properties":{"id":"940GZZLUBBN-940GZZLUMGT-Hammersmith & City","source":"940GZZLUBBN","target":"940GZZLUMGT","sourceName":"Barbican","targetName":"Moorgate","line":"Hammersmith & City","colour":"#F3A9BB","color":"#F3A9BB","traffic":0.1651,"off9":0.0,"off12":0.0,"off14":0.0},"id":154},{"type":"Feature","geometry":{"type":"LineString","coordinates":[[-0.0978965542546906,51.51874005413509],[-0.09783576179063913,51.51874220453539],[-0.0977400381444544,51.51874822443855],[-0.0976670305248579,51.518748493389104],[-0.09767856822645751,51.518743516495654],[-0.09764366458516366,51.518731336257176],[-0.09750113258283716,51.518696076093384],[-0.09730875540959735,51.51864528840589],[-0.09711290835738853,51.518592864295066],[-0.09204111129610713,51.51738796409903],[-0.09135906836861321,51.51724449421787],[-0.0893026376137013,51.516801228933865],[-0.0887469710372226,51.51670406059843]]},"properties":{"id":"940GZZLUBBN-940GZZLUMGT-Metropolitan","source":"940GZZLUBBN","target":"940GZZLUMGT","sourceName":"Barbican","targetName":"Moorgate","line":"Metropolitan","colour":"#9B0056","color":"#9B0056","traffic":0.1651,"off9":0.0,"off12":0.0,"off14":0.0},"id":155},{"type":"Feature","geometry":{"type":"LineString","coordinates":[[-0.09808650038598858,51.52172983209136],[-0.09829674312924194,51.52172216092845],[-0.09884369011981917,51.52169697426621],[-0.09910737549405421,51.52168411627799],[-0.09937960000087913,51.52167227521087],[-0.09965209326265302,51.52166328693246],[-0.0999410333124542,51.52164326828952],[-0.10027016074396608,51.521606966654],[-0.10097488210152804,51.5214740376632],[-0.10139760989002275,51.521375673456916],[-0.10206622077109001,51.521179001527614],[-0.10228059688479207,51.521125594599944],[-0.10232415124954883,51.5211082620207],[-0.10230768812889024,51.521103411447186],[-0.10229513152379498,51.521101755381736],[-0.10234572578192597,51.521107455092505],[-0.10251982530378202,51.52111913051697],[-0.10256718662950433,51.52112279639744],[-0.10263208650040778,51.5211295892033],[-0.10274869181248342,51.52114680967498],[-0.10282818110796299,51.52116131040979],[-0.10287785392538873,51.52117557568805],[-0.10291523852163846,51.521188733352076],[-0.10298039904572959,51.52121219420197],[-0.1030376578483859,51.521231674709746],[-0.10308437443258428,51.521253641811676],[-0.10309918047603477,51.52127166106332],[-0.1032059977633014,51.52132757958421],[-0.10321977509788954,51.521337525535394],[-0.1032227205829569,51.52135162679374],[-0.10326911926327173,51.5213816155047],[-0.10331486493146497,51.521403699105406],[-0.10338688621571665,51.521448466740694],[-0.10338006340022164,51.52145337727797],[-0.10334587903975433,51.52145437880544],[-0.10332110022314743,51.521476445680925],[-0.10331788512865964,51.52148438587423],[-0.10330854757745205,51.52148851655843],[-0.10329699068815294,51.52149098499824],[-0.10329648789835738,51.52149577933457],[-0.10329617739339239,51.521497414703845]]},"properties":{"id":"940GZZLUBBN-940GZZLUFCN-Circle","source":"940GZZLUBBN","target":"940GZZLUFCN","sourceName":"Barbican","targetName":"Farringdon","line":"Circle","colour":"#FFD300","color":"#FFD300","traffic":0.2117,"off9":0.0,"off12":0.0,"off14":0.0},"id":156},{"type":"Feature","geometry":{"type":"LineString","coordinates":[[-0.0979915273203396,51.52023494311322],[-0.0981967,51.5202274],[-0.0987297,51.5202026],[-0.0989983,51.5201896],[-0.0992882,51.5201773],[-0.099514,51.5201697],[-0.0996883,51.5201555],[-0.0998736,51.5201314],[-0.1004384,51.5200157],[-0.1007729,51.519931],[-0.1014903,51.5197265],[-0.1018237,51.5196568],[-0.1019949,51.5196263],[-0.1021569,51.5196103],[-0.1023231,51.5196058],[-0.1024819,51.5196138],[-0.1026848,51.5196266],[-0.1027442,51.5196308],[-0.1028704,51.5196409],[-0.1030557,51.519663],[-0.1032076,51.519684],[-0.1033299,51.5197062],[-0.1034461,51.5197296],[-0.1035812,51.5197636],[-0.1036829,51.5197905],[-0.1038062,51.5198266],[-0.1039249,51.5198666],[-0.1041214,51.5199442],[-0.1041645,51.5199618],[-0.1042435,51.5199971],[-0.1043232,51.520037],[-0.1043736,51.5200605],[-0.1044929,51.5201201],[-0.1045355,51.5201414],[-0.1045985,51.5201774],[-0.1047225,51.5202608],[-0.1047548,51.5202849],[-0.104783,51.5203068],[-0.104812,51.5203293],[-0.1048278,51.5203424],[-0.1048333803284959,51.52034707327863]]},"properties":{"id":"940GZZLUBBN-940GZZLUFCN-Hammersmith & City","source":"940GZZLUBBN","target":"940GZZLUFCN","sourceName":"Barbican","targetName":"Farringdon","line":"Hammersmith & City","colour":"#F3A9BB","color":"#F3A9BB","traffic":0.2117,"off9":0.0,"off12":0.0,"off14":0.0},"id":157},{"type":"Feature","geometry":{"type":"LineString","coordinates":[[-0.0978965542546906,51.51874005413509],[-0.09809665687075808,51.51873263907156],[-0.09861570988018085,51.51870822573378],[-0.09888922450594578,51.518695083722015],[-0.09919679999912087,51.51868232478913],[-0.09937590673734702,51.518676113067535],[-0.09943556668754581,51.51866773171048],[-0.09947703925603396,51.518655833345996],[-0.09990191789847196,51.51855736233681],[-0.10014819010997729,51.51848632654308],[-0.10091437922891007,51.51827399847238],[-0.10136680311520796,51.518188005400056],[-0.1016656487504512,51.5181443379793],[-0.10200611187110978,51.51811718855281],[-0.10235106847620502,51.518109844618266],[-0.10261807421807402,51.5181201449075],[-0.10284977469621798,51.51813406948303],[-0.10292121337049566,51.51813880360256],[-0.10310871349959218,51.5181522107967],[-0.10336270818751656,51.51817919032502],[-0.10358701889203697,51.51820668959021],[-0.10378194607461119,51.518236824311956],[-0.10397696147836144,51.51827046664792],[-0.10418200095427037,51.51831500579802],[-0.104328142151614,51.51834932529025],[-0.10452802556741567,51.51839955818833],[-0.10475061952396507,51.518461538936684],[-0.10503680223669848,51.518560820415786],[-0.10510922490211032,51.5185860744646],[-0.10526427941704297,51.51864257320626],[-0.10537728073672814,51.5186923844953],[-0.10543233506853496,51.51871730089459],[-0.10559891378428328,51.518791733259306],[-0.1056909365997783,51.51882942272203],[-0.10585112096024567,51.518900421194566],[-0.1061238997768524,51.51904515431908],[-0.1061917148713402,51.51908541412577],[-0.10625745242254787,51.51912508344157],[-0.10632700931184698,51.51916761500176],[-0.10635911210164253,51.51918902066542],[-0.10637058326359926,51.51919673185341]]},"properties":{"id":"940GZZLUBBN-940GZZLUFCN-Metropolitan","source":"940GZZLUBBN","target":"940GZZLUFCN","sourceName":"Barbican","targetName":"Farringdon","line":"Metropolitan","colour":"#9B0056","color":"#9B0056","traffic":0.2117,"off9":0.0,"off12":0.0,"off14":0.0},"id":158},{"type":"Feature","geometry":{"type":"LineString","coordinates":[[-0.10636118805041984,51.51923267178342],[-0.10646351603397816,51.5193046667018],[-0.10666494535552513,51.519459641836],[-0.10685181091591389,51.51961878074101],[-0.10694801710178575,51.51970932736514],[-0.10708884639856457,51.519859758081616],[-0.10714940445928291,51.519940609664324],[-0.10719127341276202,51.52000646566981],[-0.10720928450114814,51.52004377327999],[-0.10720045906440702,51.52005988710965],[-0.10718887637271077,51.52007087929894],[-0.10722600019482377,51.52013450272272],[-0.1072789731128977,51.520195223578305],[-0.10736393428874833,51.52026975899228],[-0.10757270744780366,51.52047451172905],[-0.10778307882598112,51.52068322742669],[-0.10789425497984383,51.52080506889601],[-0.10802056462312043,51.52093905443985],[-0.10815614620090674,51.52110072950889],[-0.10824136846754263,51.52121231809011],[-0.10823717185328884,51.52124683779838],[-0.10820040909665737,51.52127898014671],[-0.10819665062167463,51.52128775112511],[-0.10818019094708667,51.52131935475385],[-0.10817834245820683,51.52132082223411],[-0.10813748214593907,51.521330099766075],[-0.10814213375726621,51.52134388199679],[-0.10828557588935403,51.52146621337275],[-0.10864977889856385,51.52168046392296],[-0.10876923622529626,51.52175122070074],[-0.10897385553903198,51.521887841750754],[-0.10912762548616524,51.522003915240234],[-0.10949238649575525,51.52223941087618],[-0.10974160616774382,51.52235054973812],[-0.11023457679949043,51.52257565439294],[-0.11070761853957603,51.5228455932718],[-0.11098150921113319,51.523028691183164],[-0.11200821803591057,51.52385937840133],[-0.11268552584480186,51.52430118459253],[-0.11389504807894758,51.52501760179986],[-0.11483070955670352,51.52562918547282],[-0.11583270804749368,51.52630827776309],[-0.11625688848952952,51.526586670100905],[-0.11684701446967213,51.526951634689745],[-0.11732243477529873,51.527243237128694],[-0.11757816882731857,51.52739124397753],[-0.11776315505562562,51.527500077927414],[-0.11818814048284602,51.52773834303381],[-0.1182684025044852,51.52778893132031],[-0.11842796882811348,51.52788581802647],[-0.11896250601859155,51.52818058895659],[-0.11899467130296958,51.528197935777015],[-0.1190865197840286,51.52825342782173],[-0.11951632468181113,51.528514496804775],[-0.11958100445748933,51.528567479434756],[-0.1197238928599712,51.528642163175455],[-0.11986891679144704,51.528725965061064],[-0.11986825081623934,51.52873464201947],[-0.11990954430551062,51.5287609569295],[-0.11998948966667977,51.52880363285801],[-0.12009940903187455,51.52885325371892],[-0.12023417585413174,51.52889758012402],[-0.12039361775278283,51.52894623037929],[-0.12052887211766912,51.52898379466214],[-0.12099530294100794,51.529100202122514],[-0.1211276771227252,51.529133660652185],[-0.12119082139061754,51.52914783548086],[-0.12153416238295632,51.529163719431665],[-0.12155775783049522,51.52916470050238],[-0.12155527108788235,51.5291620254689],[-0.12155625314468708,51.52915700091202],[-0.1216594814646114,51.52913632341176],[-0.12185833251112917,51.5290873608309],[-0.12198197327192259,51.52904566083938],[-0.12209052683635864,51.528992730637036],[-0.12214119875547551,51.528954441785615]]},"properties":{"id":"940GZZLUFCN-940GZZLUKSX-Circle","source":"940GZZLUFCN","target":"940GZZLUKSX","sourceName":"Farringdon","targetName":"Kings Cross St Pancras","line":"Circle","colour":"#FFD300","color":"#FFD300","traffic":0.1701,"off9":0.0,"off12":0.0,"off14":0.0},"id":159},{"type":"Feature","geometry":{"type":"LineString","coordinates":[[-0.10480658773158504,51.520373925674285],[-0.1048564,51.5204174],[-0.1049549,51.5205113],[-0.1050388,51.5206014],[-0.1050822,51.5206529],[-0.1051545,51.5207483],[-0.1052085,51.5208236],[-0.105269,51.5209051],[-0.1053127,51.5209633],[-0.1053583,51.5210213],[-0.1054045,51.5210736],[-0.1055062,51.52118],[-0.1055798,51.5212537],[-0.1056395,51.5213123],[-0.1058007,51.5214857],[-0.1059517,51.5216526],[-0.1060286,51.5217488],[-0.1061102,51.5218475],[-0.1061923,51.5219639],[-0.1062605,51.5220603],[-0.1063207,51.5221503],[-0.106456,51.5223086],[-0.1064937,51.5223439],[-0.106601,51.5224475],[-0.1066111,51.5224554],[-0.1067129,51.5225353],[-0.1067587,51.5225675],[-0.1070049,51.5227324],[-0.1073654,51.5229452],[-0.1074488,51.5230015],[-0.1076779,51.523148],[-0.1079003,51.5232904],[-0.1084319,51.5235821],[-0.1086985,51.5236985],[-0.1090112,51.5238636],[-0.1093232,51.5240688],[-0.109519,51.5242162],[-0.1106376,51.5250886],[-0.1114384,51.5255803],[-0.1126087,51.5262816],[-0.1134928,51.5268723],[-0.1145206,51.527562],[-0.1149893,51.527858],[-0.1156034,51.5282321],[-0.116108,51.5285345],[-0.1163731,51.5286859],[-0.1165591,51.5287951],[-0.1169652,51.5290265],[-0.1170515,51.5290793],[-0.1172463,51.5291888],[-0.1177427,51.5294699],[-0.1177655,51.5294838],[-0.1178544,51.5295382],[-0.1183347,51.5298175],[-0.1184824,51.5298983],[-0.1186608,51.5299841],[-0.1188569,51.5300831],[-0.1189126,51.5301075],[-0.1190208,51.5301511],[-0.1191729,51.5302108],[-0.1193919,51.5302831],[-0.1195833,51.5303378],[-0.1197851,51.5303936],[-0.1199667,51.5304384],[-0.1205086,51.5305653],[-0.12078,51.530614],[-0.1210046,51.5306394],[-0.1214735,51.5306593],[-0.1216103,51.5306604],[-0.1217474,51.5306533],[-0.1218597,51.5306411],[-0.1220702,51.5306104],[-0.122385,51.5305471],[-0.1226293,51.5304865],[-0.122908,51.5303997],[-0.12305939295118894,51.53033715864883]]},"properties":{"id":"940GZZLUFCN-940GZZLUKSX-Hammersmith & City","source":"940GZZLUFCN","target":"940GZZLUKSX","sourceName":"Farringdon","targetName":"Kings Cross St Pancras","line":"Hammersmith & City","colour":"#F3A9BB","color":"#F3A9BB","traffic":0.1701,"off9":0.0,"off12":0.0,"off14":0.0},"id":160},{"type":"Feature","geometry":{"type":"LineString","coordinates":[[-0.10325198741275031,51.52151517956515],[-0.10324928396602193,51.5215301332982],[-0.10324485464447487,51.521562958164004],[-0.10322578908408611,51.52158401925898],[-0.10321638289821425,51.52159647263486],[-0.10322015360143542,51.52163684191839],[-0.10326759554071709,51.521706590335675],[-0.10334672658723798,51.52180373433019],[-0.10341611549885193,51.52188282672001],[-0.10351614093559307,51.52198271289035],[-0.10362012362728923,51.52207632070106],[-0.10378639980517622,51.52222549727728],[-0.10388062688710238,51.5223121764217],[-0.10391506571125167,51.52235484100772],[-0.10402869255219634,51.52249688827095],[-0.10412032117401887,51.52262197257332],[-0.10416294502015626,51.522692531103985],[-0.10419983537687957,51.52275594556015],[-0.10422845379909326,51.52282707049112],[-0.10427963153245735,51.52290828190989],[-0.1044042281467111,51.52305376220162],[-0.10471159090334253,51.523338219853294],[-0.10479074937832528,51.5234000488749],[-0.10502180905291333,51.52357564524615],[-0.10504385754179317,51.52358997776589],[-0.10528831785406093,51.52374050023393],[-0.10537526624273379,51.52379111800321],[-0.10572422411064597,51.52399858662726],[-0.10608102110143615,51.52420993607704],[-0.10612836377470374,51.524251779299256],[-0.106381944460968,51.524408158249244],[-0.10667297451383469,51.52457688475977],[-0.10737141350424474,51.524924789123816],[-0.10765539383225618,51.52504645026188],[-0.10778782320050957,51.52515154560706],[-0.10793878146042396,51.5252920067282],[-0.10805649078886682,51.52540370881683],[-0.10926698196408943,51.52631782159866],[-0.11019127415519815,51.52685941540747],[-0.11132235192105243,51.527545598200135],[-0.11215489044329649,51.52811541452718],[-0.11320849195250632,51.528815722236914],[-0.11372171151047049,51.5291293298991],[-0.11435978553032786,51.52951256531025],[-0.11489356522470127,51.529825762871305],[-0.11516803117268141,51.529980556022466],[-0.11535504494437437,51.53009012207259],[-0.11574225951715399,51.53031465696619],[-0.11583459749551481,51.53036966867969],[-0.11606463117188652,51.53049178197353],[-0.11652289398140846,51.53075921104342],[-0.11653632869703041,51.53076966422299],[-0.1166222802159714,51.530822972178264],[-0.11715307531818887,51.531120503195226],[-0.11738379554251067,51.53122912056524],[-0.11759770714002879,51.531326036824545],[-0.11784488320855296,51.531440234938934],[-0.11795694918376065,51.53148035798053],[-0.11813205569448937,51.53154124307049],[-0.11835631033332022,51.53161796714199],[-0.11868439096812544,51.531712946281075],[-0.11893242414586827,51.53177801987598],[-0.11917658224721718,51.5318409696207],[-0.11940452788233087,51.531893005337864],[-0.12002189705899205,51.532030397877485],[-0.1204323228772748,51.532094339347815],[-0.12081837860938247,51.53213096451913],[-0.12141283761704368,51.53215488056834],[-0.12166284216950479,51.53215609949763],[-0.12193952891211766,51.532144574531095],[-0.12216314685531292,51.53212519908797],[-0.1224809185353886,51.53208447658824],[-0.12291166748887082,51.5320068391691],[-0.1232766267280774,51.531927339160625],[-0.12372547316364137,51.53180666936296],[-0.12397758714690237,51.53171987551204]]},"properties":{"id":"940GZZLUFCN-940GZZLUKSX-Metropolitan","source":"940GZZLUFCN","target":"940GZZLUKSX","sourceName":"Farringdon","targetName":"Kings Cross St Pancras","line":"Metropolitan","colour":"#9B0056","color":"#9B0056","traffic":0.1701,"off9":0.0,"off12":0.0,"off14":0.0},"id":161},{"type":"Feature","geometry":{"type":"LineString","coordinates":[[-0.10329617739339239,51.521497414703845],[-0.10329648789835738,51.52149577933457],[-0.10329699068815294,51.52149098499824],[-0.10330854757745205,51.52148851655843],[-0.10331788512865964,51.52148438587423],[-0.10332110022314743,51.521476445680925],[-0.10334587903975433,51.52145437880544],[-0.10338006340022164,51.52145337727797],[-0.10338688621571665,51.521448466740694],[-0.10331486493146497,51.521403699105406],[-0.10326911926327173,51.5213816155047],[-0.1032227205829569,51.52135162679374],[-0.10321977509788954,51.521337525535394],[-0.1032059977633014,51.52132757958421],[-0.10309918047603477,51.52127166106332],[-0.10308437443258428,51.521253641811676],[-0.1030376578483859,51.521231674709746],[-0.10298039904572959,51.52121219420197],[-0.10291523852163846,51.521188733352076],[-0.10287785392538873,51.52117557568805],[-0.10282818110796299,51.52116131040979],[-0.10274869181248342,51.52114680967498],[-0.10263208650040778,51.5211295892033],[-0.10256718662950433,51.52112279639744],[-0.10251982530378202,51.52111913051697],[-0.10234572578192597,51.521107455092505],[-0.10229513152379498,51.521101755381736],[-0.10230768812889024,51.521103411447186],[-0.10232415124954883,51.5211082620207],[-0.10228059688479207,51.521125594599944],[-0.10206622077109001,51.521179001527614],[-0.10139760989002275,51.521375673456916],[-0.10097488210152804,51.5214740376632],[-0.10027016074396608,51.521606966654],[-0.0999410333124542,51.52164326828952],[-0.09965209326265302,51.52166328693246],[-0.09937960000087913,51.52167227521087],[-0.09910737549405421,51.52168411627799],[-0.09884369011981917,51.52169697426621],[-0.09829674312924194,51.52172216092845],[-0.09808650038598858,51.52172983209136]]},"properties":{"id":"940GZZLUFCN-940GZZLUBBN-Circle","source":"940GZZLUFCN","target":"940GZZLUBBN","sourceName":"Farringdon","targetName":"Barbican","line":"Circle","colour":"#FFD300","color":"#FFD300","traffic":0.1886,"off9":0.0,"off12":0.0,"off14":0.0},"id":162},{"type":"Feature","geometry":{"type":"LineString","coordinates":[[-0.1048333803284959,51.52034707327863],[-0.1048278,51.5203424],[-0.104812,51.5203293],[-0.104783,51.5203068],[-0.1047548,51.5202849],[-0.1047225,51.5202608],[-0.1045985,51.5201774],[-0.1045355,51.5201414],[-0.1044929,51.5201201],[-0.1043736,51.5200605],[-0.1043232,51.520037],[-0.1042435,51.5199971],[-0.1041645,51.5199618],[-0.1041214,51.5199442],[-0.1039249,51.5198666],[-0.1038062,51.5198266],[-0.1036829,51.5197905],[-0.1035812,51.5197636],[-0.1034461,51.5197296],[-0.1033299,51.5197062],[-0.1032076,51.519684],[-0.1030557,51.519663],[-0.1028704,51.5196409],[-0.1027442,51.5196308],[-0.1026848,51.5196266],[-0.1024819,51.5196138],[-0.1023231,51.5196058],[-0.1021569,51.5196103],[-0.1019949,51.5196263],[-0.1018237,51.5196568],[-0.1014903,51.5197265],[-0.1007729,51.519931],[-0.1004384,51.5200157],[-0.0998736,51.5201314],[-0.0996883,51.5201555],[-0.099514,51.5201697],[-0.0992882,51.5201773],[-0.0989983,51.5201896],[-0.0987297,51.5202026],[-0.0981967,51.5202274],[-0.0979915273203396,51.52023494311322]]},"properties":{"id":"940GZZLUFCN-940GZZLUBBN-Hammersmith & City","source":"940GZZLUFCN","target":"940GZZLUBBN","sourceName":"Farringdon","targetName":"Barbican","line":"Hammersmith & City","colour":"#F3A9BB","color":"#F3A9BB","traffic":0.1886,"off9":0.0,"off12":0.0,"off14":0.0},"id":163},{"type":"Feature","geometry":{"type":"LineString","coordinates":[[-0.10637058326359926,51.51919673185341],[-0.10635911210164253,51.51918902066542],[-0.10632700931184698,51.51916761500176],[-0.10625745242254787,51.51912508344157],[-0.1061917148713402,51.51908541412577],[-0.1061238997768524,51.51904515431908],[-0.10585112096024567,51.518900421194566],[-0.1056909365997783,51.51882942272203],[-0.10559891378428328,51.518791733259306],[-0.10543233506853496,51.51871730089459],[-0.10537728073672814,51.5186923844953],[-0.10526427941704297,51.51864257320626],[-0.10510922490211032,51.5185860744646],[-0.10503680223669848,51.518560820415786],[-0.10475061952396507,51.518461538936684],[-0.10452802556741567,51.51839955818833],[-0.104328142151614,51.51834932529025],[-0.10418200095427037,51.51831500579802],[-0.10397696147836144,51.51827046664792],[-0.10378194607461119,51.518236824311956],[-0.10358701889203697,51.51820668959021],[-0.10336270818751656,51.51817919032502],[-0.10310871349959218,51.5181522107967],[-0.10292121337049566,51.51813880360256],[-0.10284977469621798,51.51813406948303],[-0.10261807421807402,51.5181201449075],[-0.10235106847620502,51.518109844618266],[-0.10200611187110978,51.51811718855281],[-0.1016656487504512,51.5181443379793],[-0.10136680311520796,51.518188005400056],[-0.10091437922891007,51.51827399847238],[-0.10014819010997729,51.51848632654308],[-0.09990191789847196,51.51855736233681],[-0.09947703925603396,51.518655833345996],[-0.09943556668754581,51.51866773171048],[-0.09937590673734702,51.518676113067535],[-0.09919679999912087,51.51868232478913],[-0.09888922450594578,51.518695083722015],[-0.09861570988018085,51.51870822573378],[-0.09809665687075808,51.51873263907156],[-0.0978965542546906,51.51874005413509]]},"properties":{"id":"940GZZLUFCN-940GZZLUBBN-Metropolitan","source":"940GZZLUFCN","target":"940GZZLUBBN","sourceName":"Farringdon","targetName":"Barbican","line":"Metropolitan","colour":"#9B0056","color":"#9B0056","traffic":0.1886,"off9":0.0,"off12":0.0,"off14":0.0},"id":164},{"type":"Feature","geometry":{"type":"LineString","coordinates":[[0.0778254,51.5411749],[0.0769929,51.5415707],[0.0766113,51.5417556],[0.0763622,51.541873],[0.0759646,51.5420525],[0.074846,51.5425158],[0.0742732,51.5427326],[0.0739411,51.5428454],[0.0736426,51.5429413],[0.0733642,51.5430221],[0.0731197,51.5430867],[0.0728718,51.5431457],[0.0725017,51.5432186],[0.0721303,51.5432854],[0.071719,51.5433568],[0.0714482,51.5434038],[0.0710296,51.5434784],[0.0706548,51.5435533],[0.0701611,51.5436595],[0.0696929,51.5437632],[0.0689999,51.5439183],[0.0681727,51.5440942],[0.0676002,51.5442348],[0.0668866,51.5444209],[0.0666547,51.5444702],[0.0663226,51.5445354],[0.065962,51.5445968],[0.065606,51.5446265],[0.0653157,51.544647],[0.0650674,51.54466],[0.0647831,51.5446619],[0.064436,51.544647],[0.0640471,51.5446144],[0.0637045,51.5445689],[0.0632527,51.5444944],[0.0628727,51.5444126],[0.0624553,51.5443],[0.0621456,51.5441958],[0.0617566,51.5440497],[0.0614888,51.5439232],[0.0611672,51.5437631],[0.0608904,51.543591],[0.0606511,51.5434207],[0.0604581,51.5432672],[0.0602726,51.5431072],[0.0601275,51.5429773],[0.0599771,51.5428359],[0.0598902,51.5427308],[0.0596692,51.5425072],[0.0595214,51.5423619],[0.0593628,51.5422232],[0.0591786,51.5420767],[0.0589802,51.5419379],[0.0587823,51.5418129],[0.058564,51.5416869],[0.0583298,51.541563],[0.058039,51.5414226],[0.057692,51.5412619],[0.0572757,51.5410676],[0.0568608,51.5408805],[0.0564303,51.5406956],[0.0560562,51.5405442],[0.0556746,51.5403961],[0.0552954,51.5402572],[0.0547014,51.5400491],[0.0541813,51.5398776],[0.0540141,51.5398238],[0.0536031,51.5396915],[0.0532765,51.5395882],[0.0528608,51.5394584],[0.0524247,51.53933],[0.0520365,51.5392193],[0.0516878,51.5391246],[0.05117521916535609,51.53898864666034]]},"properties":{"id":"940GZZLUBKG-940GZZLUEHM-Hammersmith & City","source":"940GZZLUBKG","target":"940GZZLUEHM","sourceName":"Barking","targetName":"East Ham","line":"Hammersmith & City","colour":"#F3A9BB","color":"#F3A9BB","traffic":0.204,"off9":0.0,"off12":0.0,"off14":0.0},"id":165},{"type":"Feature","geometry":{"type":"LineString","coordinates":[[0.08159057124601965,51.53997292112886],[0.08137576929255387,51.54008223391213],[0.081202979798254,51.54017029925616],[0.07987299286056218,51.54084700265335],[0.07871975160915837,51.54143762551972],[0.0781831543603193,51.541728459490734],[0.07762503565824233,51.54203213373628],[0.07734195735084298,51.54217233043145],[0.07707544409299555,51.54229818144567],[0.07673781075799091,51.54245099289222],[0.07580333315393659,51.54287287413915],[0.07525548558120011,51.543118418828534],[0.07495735324015111,51.54324275726369],[0.0746486410306738,51.54336241834946],[0.07429413849043995,51.54348986855803],[0.07397326329277171,51.543594835454],[0.07366903114908462,51.54368676776321],[0.0734064207197732,51.54375832109094],[0.07313779422955594,51.543827670473334],[0.07276000457551203,51.543916615243546],[0.07238255195335987,51.54400132710822],[0.07194682423320473,51.54409128661239],[0.07165655154064338,51.54414051962285],[0.07125297520991968,51.54421341504915],[0.07089912894541457,51.54428573200759],[0.07041762075648783,51.54439031800699],[0.06995429543820256,51.54449334969698],[0.06925633747773785,51.54464912950914],[0.06844125331498331,51.544823344573324],[0.06789540406832353,51.54495994887932],[0.06716349243783869,51.54514883747984],[0.06689562367326912,51.545203068800625],[0.06653942460436295,51.54527117394052],[0.06611308570843934,51.54533890354719],[0.06569836461874368,51.54537231952268],[0.06538951036950413,51.545393618549504],[0.06510287226776487,51.54540770293914],[0.06476131976256405,51.54540980565687],[0.064359954605885,51.54539353179345],[0.06391764956402136,51.54535808349981],[0.06352745556297502,51.5453087805625],[0.06302822676821881,51.54522928624437],[0.06258940957023858,51.545139584707464],[0.06210672228806621,51.545015926780536],[0.061742311483765196,51.54490052757303],[0.06128789389206077,51.544738595789354],[0.0609638969432271,51.5445962379795],[0.060580995318260014,51.54441627280469],[0.060223841113141684,51.544213654186706],[0.059927804852926,51.544018359500335],[0.0596908185913759,51.54384325186216],[0.05947865546415833,51.5436691013363],[0.05931438905913544,51.543528496790536],[0.0590999823106881,51.543347730412535],[0.058998138953460996,51.54323254001064],[0.0588198713174295,51.54303684456051],[0.05870357708104983,51.5429103873964],[0.05859237624584124,51.54279761818356],[0.05845920290339994,51.542676166611464],[0.05831414406197981,51.542560752314316],[0.058160414840997626,51.542453173095765],[0.057982070254210726,51.54234154053135],[0.05778703367472556,51.542230526518736],[0.05752481041239527,51.54209882082359],[0.05718495473418962,51.54194020387847],[0.056774148567037164,51.54174748140886],[0.05637625557310634,51.541565135134086],[0.05596736324620587,51.54138599416149],[0.055613021949469266,51.541239591478295],[0.05525017627929584,51.541096002250626],[0.05488973426968182,51.540961391839446],[0.054314245416578796,51.54075731104554],[0.053808791174348884,51.540588842885285],[0.053645649720786046,51.540535860144104],[0.053237499689001676,51.54040412798212],[0.052915929016063235,51.540301818417944],[0.05251171906335191,51.54017422493525],[0.0520899537487153,51.54004846865275],[0.05171399028120243,51.539939930494526],[0.05137603671935167,51.53984705764069],[0.05087325660055541,51.53971271279804]]},"properties":{"id":"940GZZLUBKG-940GZZLUEHM-District","source":"940GZZLUBKG","target":"940GZZLUEHM","sourceName":"Barking","targetName":"East Ham","line":"District","colour":"#00782A","color":"#00782A","traffic":0.204,"off9":0.0,"off12":0.0,"off14":0.0},"id":166},{"type":"Feature","geometry":{"type":"LineString","coordinates":[[0.08159057124601965,51.53997292112886],[0.0820808667319435,51.539720036195426],[0.08268599140595068,51.53943253218716],[0.08304585523290889,51.53926880683912],[0.08318839868421203,51.53920443057745],[0.08332916740757246,51.53914492959077],[0.08346896032857008,51.5390879220354],[0.08359418736340121,51.53904125971295],[0.08371456240090697,51.538997795201155],[0.08383026212669178,51.53896089304969],[0.08398667988729261,51.53891404232234],[0.08413574828082414,51.53887804048324],[0.08449557364616116,51.5388046708307],[0.08527123297140038,51.53866459284413],[0.08661918365201027,51.538457890319464],[0.08709601882768206,51.53838463032404],[0.08755598643113856,51.53832260964354],[0.08792126252551494,51.538285362923446],[0.08829302156948766,51.53825399884861],[0.08861444250122998,51.538233746904346],[0.08893620510098385,51.538218471875915],[0.08925789111169977,51.53821064177968],[0.08958127998650951,51.538208426790234],[0.08983081742975903,51.53821118324851],[0.09007971806540423,51.53821856454006],[0.0905572737623608,51.53824242257636],[0.09103822985811781,51.53827626922854],[0.09419766419815272,51.53852726924699],[0.09649899295642035,51.53871094435305],[0.0970002581380264,51.53874944753127],[0.09857519374281103,51.538875060835416],[0.09882662743678328,51.53889509709112],[0.10054784214386439,51.539030197828815],[0.10143571791186162,51.53910103000065]]},"properties":{"id":"940GZZLUBKG-940GZZLUUPY-District","source":"940GZZLUBKG","target":"940GZZLUUPY","sourceName":"Barking","targetName":"Upney","line":"District","colour":"#00782A","color":"#00782A","traffic":0.0503,"off9":0.0,"off12":0.0,"off14":0.0},"id":167},{"type":"Feature","geometry":{"type":"LineString","coordinates":[[0.05117521916535609,51.53898864666034],[0.0516878,51.5391246],[0.0520365,51.5392193],[0.0524247,51.53933],[0.0528608,51.5394584],[0.0532765,51.5395882],[0.0536031,51.5396915],[0.0540141,51.5398238],[0.0541813,51.5398776],[0.0547014,51.5400491],[0.0552954,51.5402572],[0.0556746,51.5403961],[0.0560562,51.5405442],[0.0564303,51.5406956],[0.0568608,51.5408805],[0.0572757,51.5410676],[0.057692,51.5412619],[0.058039,51.5414226],[0.0583298,51.541563],[0.058564,51.5416869],[0.0587823,51.5418129],[0.0589802,51.5419379],[0.0591786,51.5420767],[0.0593628,51.5422232],[0.0595214,51.5423619],[0.0596692,51.5425072],[0.0598902,51.5427308],[0.0599771,51.5428359],[0.0601275,51.5429773],[0.0602726,51.5431072],[0.0604581,51.5432672],[0.0606511,51.5434207],[0.0608904,51.543591],[0.0611672,51.5437631],[0.0614888,51.5439232],[0.0617566,51.5440497],[0.0621456,51.5441958],[0.0624553,51.5443],[0.0628727,51.5444126],[0.0632527,51.5444944],[0.0637045,51.5445689],[0.0640471,51.5446144],[0.064436,51.544647],[0.0647831,51.5446619],[0.0650674,51.54466],[0.0653157,51.544647],[0.065606,51.5446265],[0.065962,51.5445968],[0.0663226,51.5445354],[0.0666547,51.5444702],[0.0668866,51.5444209],[0.0676002,51.5442348],[0.0681727,51.5440942],[0.0689999,51.5439183],[0.0696929,51.5437632],[0.0701611,51.5436595],[0.0706548,51.5435533],[0.0710296,51.5434784],[0.0714482,51.5434038],[0.071719,51.5433568],[0.0721303,51.5432854],[0.0725017,51.5432186],[0.0728718,51.5431457],[0.0731197,51.5430867],[0.0733642,51.5430221],[0.0736426,51.5429413],[0.0739411,51.5428454],[0.0742732,51.5427326],[0.074846,51.5425158],[0.0759646,51.5420525],[0.0763622,51.541873],[0.0766113,51.5417556],[0.0769929,51.5415707],[0.0778254,51.5411749]]},"properties":{"id":"940GZZLUEHM-940GZZLUBKG-Hammersmith & City","source":"940GZZLUEHM","target":"940GZZLUBKG","sourceName":"East Ham","targetName":"Barking","line":"Hammersmith & City","colour":"#F3A9BB","color":"#F3A9BB","traffic":0.061,"off9":0.0,"off12":0.0,"off14":0.0},"id":168},{"type":"Feature","geometry":{"type":"LineString","coordinates":[[0.05087325660055541,51.53971271279804],[0.05137603671935167,51.53984705764069],[0.05171399028120243,51.539939930494526],[0.0520899537487153,51.54004846865275],[0.05251171906335191,51.54017422493525],[0.052915929016063235,51.540301818417944],[0.053237499689001676,51.54040412798212],[0.053645649720786046,51.540535860144104],[0.053808791174348884,51.540588842885285],[0.054314245416578796,51.54075731104554],[0.05488973426968182,51.540961391839446],[0.05525017627929584,51.541096002250626],[0.055613021949469266,51.541239591478295],[0.05596736324620587,51.54138599416149],[0.05637625557310634,51.541565135134086],[0.056774148567037164,51.54174748140886],[0.05718495473418962,51.54194020387847],[0.05752481041239527,51.54209882082359],[0.05778703367472556,51.542230526518736],[0.057982070254210726,51.54234154053135],[0.058160414840997626,51.542453173095765],[0.05831414406197981,51.542560752314316],[0.05845920290339994,51.542676166611464],[0.05859237624584124,51.54279761818356],[0.05870357708104983,51.5429103873964],[0.0588198713174295,51.54303684456051],[0.058998138953460996,51.54323254001064],[0.0590999823106881,51.543347730412535],[0.05931438905913544,51.543528496790536],[0.05947865546415833,51.5436691013363],[0.0596908185913759,51.54384325186216],[0.059927804852926,51.544018359500335],[0.060223841113141684,51.544213654186706],[0.060580995318260014,51.54441627280469],[0.0609638969432271,51.5445962379795],[0.06128789389206077,51.544738595789354],[0.061742311483765196,51.54490052757303],[0.06210672228806621,51.545015926780536],[0.06258940957023858,51.545139584707464],[0.06302822676821881,51.54522928624437],[0.06352745556297502,51.5453087805625],[0.06391764956402136,51.54535808349981],[0.064359954605885,51.54539353179345],[0.06476131976256405,51.54540980565687],[0.06510287226776487,51.54540770293914],[0.06538951036950413,51.545393618549504],[0.06569836461874368,51.54537231952268],[0.06611308570843934,51.54533890354719],[0.06653942460436295,51.54527117394052],[0.06689562367326912,51.545203068800625],[0.06716349243783869,51.54514883747984],[0.06789540406832353,51.54495994887932],[0.06844125331498331,51.544823344573324],[0.06925633747773785,51.54464912950914],[0.06995429543820256,51.54449334969698],[0.07041762075648783,51.54439031800699],[0.07089912894541457,51.54428573200759],[0.07125297520991968,51.54421341504915],[0.07165655154064338,51.54414051962285],[0.07194682423320473,51.54409128661239],[0.07238255195335987,51.54400132710822],[0.07276000457551203,51.543916615243546],[0.07313779422955594,51.543827670473334],[0.0734064207197732,51.54375832109094],[0.07366903114908462,51.54368676776321],[0.07397326329277171,51.543594835454],[0.07429413849043995,51.54348986855803],[0.0746486410306738,51.54336241834946],[0.07495735324015111,51.54324275726369],[0.07525548558120011,51.543118418828534],[0.07580333315393659,51.54287287413915],[0.07673781075799091,51.54245099289222],[0.07707544409299555,51.54229818144567],[0.07734195735084298,51.54217233043145],[0.07762503565824233,51.54203213373628],[0.0781831543603193,51.541728459490734],[0.07871975160915837,51.54143762551972],[0.07987299286056218,51.54084700265335],[0.081202979798254,51.54017029925616],[0.08137576929255387,51.54008223391213],[0.08159057124601965,51.53997292112886]]},"properties":{"id":"940GZZLUEHM-940GZZLUBKG-District","source":"940GZZLUEHM","target":"940GZZLUBKG","sourceName":"East Ham","targetName":"Barking","line":"District","colour":"#00782A","color":"#00782A","traffic":0.061,"off9":0.0,"off12":0.0,"off14":0.0},"id":169},{"type":"Feature","geometry":{"type":"LineString","coordinates":[[0.05117521916535609,51.53898864666034],[0.0511298,51.5389766],[0.0505613,51.5388383],[0.0501217,51.5387335],[0.049602,51.5386196],[0.0489596,51.5384779],[0.0482987,51.5383368],[0.0477083,51.538209],[0.0471608,51.5380836],[0.0465379,51.5379517],[0.0459746,51.5378228],[0.0452755,51.537662],[0.0444955,51.5374822],[0.0438699,51.5373365],[0.0432563,51.5371937],[0.0426279,51.5370445],[0.0419604,51.5369011],[0.0412204,51.5367316],[0.0406663,51.5366021],[0.0401857,51.5364905],[0.039653,51.5363679],[0.0390153,51.536221],[0.0384473,51.5360973],[0.0378607,51.5359498],[0.0372471,51.5358064],[0.0367396,51.5356833],[0.0360823,51.5355578],[0.0356519,51.5354653],[0.035254754707400575,51.535377146208944]]},"properties":{"id":"940GZZLUEHM-940GZZLUUPK-Hammersmith & City","source":"940GZZLUEHM","target":"940GZZLUUPK","sourceName":"East Ham","targetName":"Upton Park","line":"Hammersmith & City","colour":"#F3A9BB","color":"#F3A9BB","traffic":0.2781,"off9":0.0,"off12":0.0,"off14":0.0},"id":170},{"type":"Feature","geometry":{"type":"LineString","coordinates":[[0.05087325660055541,51.53971271279804],[0.05083348291327449,51.53970156786653],[0.050279712583421066,51.53956553539573],[0.04985350874149786,51.53946269161854],[0.049343741514029045,51.53935017734012],[0.04870452329005491,51.53920890955614],[0.048045932860282865,51.53906811975113],[0.047446828967332884,51.538939134807244],[0.04690197469765513,51.538814099316745],[0.046279193175329615,51.53868221545051],[0.04570568082103249,51.53855188712958],[0.04500564506348786,51.538390953217004],[0.04422404102799268,51.538210922609096],[0.04359721221846703,51.53806504496339],[0.04298109868458501,51.53792187908476],[0.042362683602311255,51.53777411104761],[0.04169984458837655,51.537631360395345],[0.040949303906155005,51.53746037422708],[0.04039344969388086,51.53733062078299],[0.03991483134850306,51.537219306740376],[0.03938316130904562,51.53709685444487],[0.038752366943625306,51.536950930056015],[0.03817268567056731,51.53682556385126],[0.03757722642246602,51.536676749143],[0.03696852442952664,51.53653408125486],[0.03648501723896889,51.536414374062474],[0.03584317675915125,51.5362908909194],[0.03539526445515863,51.53619609614206],[0.03499416711883707,51.53610740095755]]},"properties":{"id":"940GZZLUEHM-940GZZLUUPK-District","source":"940GZZLUEHM","target":"940GZZLUUPK","sourceName":"East Ham","targetName":"Upton Park","line":"District","colour":"#00782A","color":"#00782A","traffic":0.2781,"off9":0.0,"off12":0.0,"off14":0.0},"id":171},{"type":"Feature","geometry":{"type":"LineString","coordinates":[[0.10143571791186162,51.53910103000065],[0.10191504833099367,51.53913925860982],[0.10391511923504278,51.539298891803796],[0.10566022287184536,51.53943609692193],[0.1120508206353411,51.53994510178369],[0.11527233910696016,51.540197837001685],[0.11824472113256423,51.540430815006516],[0.12030904983745462,51.54057223613142],[0.12257051076575733,51.54072195381786],[0.12351265245104562,51.54079376141654],[0.12391044860340787,51.54083272754729],[0.1250740918597982,51.54094246156009],[0.1253184974000223,51.54096266123433],[0.12573490964904221,51.54099374937694],[0.12693625473981898,51.54107370317494]]},"properties":{"id":"940GZZLUUPY-940GZZLUBEC-District","source":"940GZZLUUPY","target":"940GZZLUBEC","sourceName":"Upney","targetName":"Becontree","line":"District","colour":"#00782A","color":"#00782A","traffic":0.0458,"off9":0.0,"off12":0.0,"off14":0.0},"id":172},{"type":"Feature","geometry":{"type":"LineString","coordinates":[[0.10143571791186162,51.53910103000065],[0.10054784214386439,51.539030197828815],[0.09882662743678328,51.53889509709112],[0.09857519374281103,51.538875060835416],[0.0970002581380264,51.53874944753127],[0.09649899295642035,51.53871094435305],[0.09419766419815272,51.53852726924699],[0.09103822985811781,51.53827626922854],[0.0905572737623608,51.53824242257636],[0.09007971806540423,51.53821856454006],[0.08983081742975903,51.53821118324851],[0.08958127998650951,51.538208426790234],[0.08925789111169977,51.53821064177968],[0.08893620510098385,51.538218471875915],[0.08861444250122998,51.538233746904346],[0.08829302156948766,51.53825399884861],[0.08792126252551494,51.538285362923446],[0.08755598643113856,51.53832260964354],[0.08709601882768206,51.53838463032404],[0.08661918365201027,51.538457890319464],[0.08527123297140038,51.53866459284413],[0.08449557364616116,51.5388046708307],[0.08413574828082414,51.53887804048324],[0.08398667988729261,51.53891404232234],[0.08383026212669178,51.53896089304969],[0.08371456240090697,51.538997795201155],[0.08359418736340121,51.53904125971295],[0.08346896032857008,51.5390879220354],[0.08332916740757246,51.53914492959077],[0.08318839868421203,51.53920443057745],[0.08304585523290889,51.53926880683912],[0.08268599140595068,51.53943253218716],[0.0820808667319435,51.539720036195426],[0.08159057124601965,51.53997292112886]]},"properties":{"id":"940GZZLUUPY-940GZZLUBKG-District","source":"940GZZLUUPY","target":"940GZZLUBKG","sourceName":"Upney","targetName":"Barking","line":"District","colour":"#00782A","color":"#00782A","traffic":0.2056,"off9":0.0,"off12":0.0,"off14":0.0},"id":173},{"type":"Feature","geometry":{"type":"LineString","coordinates":[[0.08862511230881767,51.58568234160103],[0.0884126,51.5844021],[0.0881924,51.5831755],[0.0881959,51.5824677],[0.0882617,51.5816786],[0.0884373,51.5808824],[0.0886694,51.580144],[0.0888862,51.5794581],[0.089069,51.5787859],[0.0893252,51.5781383],[0.089522,51.5776231],[0.0897848,51.5766874],[0.0898465,51.5764352],[0.0898871,51.5762207],[0.08993556510829753,51.57571938400437]]},"properties":{"id":"940GZZLUBKE-940GZZLUNBP-Central","source":"940GZZLUBKE","target":"940GZZLUNBP","sourceName":"Barkingside","targetName":"Newbury Park","line":"Central","colour":"#E32017","color":"#E32017","traffic":0.0778,"off9":0.0,"off12":0.0,"off14":0.0},"id":174},{"type":"Feature","geometry":{"type":"LineString","coordinates":[[0.08862511230881767,51.58568234160103],[0.088647,51.5858142],[0.0888973,51.5873384],[0.0891641,51.589077],[0.0892744,51.5896582],[0.0894031,51.5901804],[0.0897235,51.591208],[0.090259,51.5929616],[0.0906173,51.5941563],[0.0909093,51.5952909],[0.090982,51.5955278],[0.09100954559193132,51.59561627341799]]},"properties":{"id":"940GZZLUBKE-940GZZLUFLP-Central","source":"940GZZLUBKE","target":"940GZZLUFLP","sourceName":"Barkingside","targetName":"Fairlop","line":"Central","colour":"#E32017","color":"#E32017","traffic":0.01,"off9":0.0,"off12":0.0,"off14":0.0},"id":175},{"type":"Feature","geometry":{"type":"LineString","coordinates":[[0.08993556510829753,51.57571938400437],[0.0899473,51.575598],[0.0899485,51.5754803],[0.0899598,51.575123],[0.0899123,51.5745317],[0.0897911,51.5738613],[0.0897251,51.5734644],[0.0896507,51.573133],[0.0894214,51.5724209],[0.0891289,51.5717113],[0.0887927,51.5711305],[0.0884665,51.5707905],[0.0883377,51.5706713],[0.088151,51.5705352],[0.0878683,51.5703671],[0.0876439,51.5702592],[0.0873683,51.5701498],[0.0870802,51.5700588],[0.0867323,51.5699762],[0.0863197,51.5699145],[0.0859406,51.5698747],[0.0854401,51.56985],[0.0847747,51.5698421],[0.0840554,51.5698845],[0.0834475,51.5699373],[0.0827543,51.5700477],[0.0823244,51.5701224],[0.0818465,51.5702452],[0.0814104,51.5703856],[0.080804,51.5706235],[0.0791053,51.571455],[0.0775909,51.5722163],[0.0774219,51.5723013],[0.0755807,51.5732115],[0.0706528,51.5756518],[0.0696875,51.5759901],[0.0689899,51.5762194],[0.0681886,51.5764152],[0.0674201,51.5765395],[0.0667714,51.5765954],[0.06618766677946665,51.57661678691715]]},"properties":{"id":"940GZZLUNBP-940GZZLUGTH-Central","source":"940GZZLUNBP","target":"940GZZLUGTH","sourceName":"Newbury Park","targetName":"Gants Hill","line":"Central","colour":"#E32017","color":"#E32017","traffic":0.1364,"off9":0.0,"off12":0.0,"off14":0.0},"id":176},{"type":"Feature","geometry":{"type":"LineString","coordinates":[[0.08993556510829753,51.57571938400437],[0.0898871,51.5762207],[0.0898465,51.5764352],[0.0897848,51.5766874],[0.089522,51.5776231],[0.0893252,51.5781383],[0.089069,51.5787859],[0.0888862,51.5794581],[0.0886694,51.580144],[0.0884373,51.5808824],[0.0882617,51.5816786],[0.0881959,51.5824677],[0.0881924,51.5831755],[0.0884126,51.5844021],[0.08862511230881767,51.58568234160103]]},"properties":{"id":"940GZZLUNBP-940GZZLUBKE-Central","source":"940GZZLUNBP","target":"940GZZLUBKE","sourceName":"Newbury Park","targetName":"Barkingside","line":"Central","colour":"#E32017","color":"#E32017","traffic":0.0137,"off9":0.0,"off12":0.0,"off14":0.0},"id":177},{"type":"Feature","geometry":{"type":"LineString","coordinates":[[0.09100954559193132,51.59561627341799],[0.0911132,51.5959492],[0.0916767,51.5977117],[0.0922099,51.599474],[0.0926305,51.600776],[0.0926747,51.6009226],[0.0928029,51.6013201],[0.092938,51.6017594],[0.0929773,51.6018909],[0.0931632,51.6025043],[0.0934109,51.6033077],[0.09351315889032645,51.60364968294608]]},"properties":{"id":"940GZZLUFLP-940GZZLUHLT-Central","source":"940GZZLUFLP","target":"940GZZLUHLT","sourceName":"Fairlop","targetName":"Hainault","line":"Central","colour":"#E32017","color":"#E32017","traffic":0.0071,"off9":0.0,"off12":0.0,"off14":0.0},"id":178},{"type":"Feature","geometry":{"type":"LineString","coordinates":[[0.09100954559193132,51.59561627341799],[0.090982,51.5955278],[0.0909093,51.5952909],[0.0906173,51.5941563],[0.090259,51.5929616],[0.0897235,51.591208],[0.0894031,51.5901804],[0.0892744,51.5896582],[0.0891641,51.589077],[0.0888973,51.5873384],[0.088647,51.5858142],[0.08862511230881767,51.58568234160103]]},"properties":{"id":"940GZZLUFLP-940GZZLUBKE-Central","source":"940GZZLUFLP","target":"940GZZLUBKE","sourceName":"Fairlop","targetName":"Barkingside","line":"Central","colour":"#E32017","color":"#E32017","traffic":0.0585,"off9":0.0,"off12":0.0,"off14":0.0},"id":179},{"type":"Feature","geometry":{"type":"LineString","coordinates":[[-0.21354568725415385,51.489535991259054],[-0.21375094082002177,51.48955619227578],[-0.21391316919094153,51.489568320949076],[-0.21405656793409672,51.48957471640845],[-0.2141633998412169,51.489576789661875],[-0.21429455428898717,51.489580479295164],[-0.21441545002441498,51.48958496494184],[-0.2145192237593577,51.4895880250302],[-0.21474654761365006,51.48959098181027],[-0.21491603047609648,51.489590574997095],[-0.21509378333881263,51.48958992555698],[-0.21521801664240453,51.48958741811245],[-0.2152965139804374,51.48958776413164],[-0.21555168429168992,51.489579413476086],[-0.21590742410495287,51.48956321340521],[-0.21626428594958438,51.48954530873966],[-0.21653113546750807,51.489531807010685],[-0.2168782828323056,51.48951110572123],[-0.21841639701437335,51.489449650668995],[-0.2186279400634723,51.48943545120065],[-0.2188563098660475,51.48942807115377],[-0.21903089479046628,51.489428376344385],[-0.219418548559305,51.489440074627844],[-0.21983971382096984,51.48946500090777],[-0.22014296688667975,51.489497526779125],[-0.22042564008660173,51.48954036606966],[-0.22072052392124356,51.489595700999736],[-0.22118519363855882,51.489717860392126],[-0.22152854304844125,51.4898144072441],[-0.22180213696783826,51.48991736275625],[-0.22207389258951166,51.49003127890174],[-0.2224584074808558,51.49022602648139],[-0.22269617099766847,51.49035561742731],[-0.22302239890125553,51.490559164642896],[-0.2231356925229359,51.49065116328996],[-0.22317641540001815,51.490691449771745],[-0.22339514201336214,51.49092016931179],[-0.22347839018429286,51.49099979766739],[-0.22359309450739864,51.49111992532162],[-0.2236264345852428,51.491154995960414],[-0.22407817037284244,51.49158476360685],[-0.2243559684985644,51.491845794889464]]},"properties":{"id":"940GZZLUBSC-940GZZLUHSD-Piccadilly","source":"940GZZLUBSC","target":"940GZZLUHSD","sourceName":"Barons Court","targetName":"Hammersmith DistPicc Line","line":"Piccadilly","colour":"#003688","color":"#003688","traffic":0.1593,"off9":0.0,"off12":0.0,"off14":0.0},"id":180},{"type":"Feature","geometry":{"type":"LineString","coordinates":[[-0.2133488265752193,51.49095777817412],[-0.21353148757615475,51.49097055761114],[-0.21375229047226382,51.49098331812142],[-0.21386850303773003,51.490989729180214],[-0.214090915930493,51.4910024322877],[-0.21425082539286533,51.49100847394311],[-0.214458656759814,51.49101284854581],[-0.21466439859409409,51.49101438314099],[-0.2148253761363008,51.4910166249016],[-0.2150624617546095,51.49101470310175],[-0.2152646487916283,51.49101310213667],[-0.21550840469014343,51.491010966806826],[-0.21592876014632695,51.49100392401653],[-0.21612678998868448,51.491000585912204],[-0.21636399585191982,51.490999448066624],[-0.21662460411410212,51.49099326876883],[-0.2171132021614558,51.49097125530115],[-0.21804334420658789,51.490928990524644],[-0.2185167601855165,51.49090852633607],[-0.21872974409481127,51.49089530472307],[-0.21890973176240736,51.4908910271271],[-0.21907737189678425,51.49089439924976],[-0.21935752656398746,51.490903459845605],[-0.21958149403938534,51.49091905345974],[-0.2197510447659408,51.49093843963679],[-0.21990528440509766,51.49096080706903],[-0.22006109840854496,51.49099149653746],[-0.22030881025393506,51.49104923991356],[-0.2205199035406187,51.49111018495186],[-0.22067155219133866,51.49116542554573],[-0.22082108874380527,51.49123225766026],[-0.22100278759462927,51.49132595142928],[-0.22134810013767947,51.491530593962736],[-0.22150685930484745,51.491648580327414],[-0.22154976533623888,51.491698558045435],[-0.22159821874445387,51.49174508747874],[-0.2219156857687636,51.49201600949775],[-0.22194380710031675,51.492044147047245],[-0.22208613374049627,51.492189956431076],[-0.2226937148095796,51.49276617742509],[-0.22278691787744068,51.492853565769025]]},"properties":{"id":"940GZZLUBSC-940GZZLUHSD-District","source":"940GZZLUBSC","target":"940GZZLUHSD","sourceName":"Barons Court","targetName":"Hammersmith DistPicc Line","line":"District","colour":"#00782A","color":"#00782A","traffic":0.1593,"off9":0.0,"off12":0.0,"off14":0.0},"id":181},{"type":"Feature","geometry":{"type":"LineString","coordinates":[[-0.21354568725415385,51.489535991259054],[-0.21347307223612666,51.4895287691561],[-0.2132624733325297,51.48950397815757],[-0.21306113157889445,51.48948083227794],[-0.21193146128673954,51.48935286047157],[-0.21104918308606468,51.48927927119904],[-0.2103631921699632,51.489257346522706],[-0.2097775018371977,51.489259880712765],[-0.2093876413365547,51.48927586663075],[-0.20902372730625104,51.48930229393754],[-0.20840380424001187,51.489357016673],[-0.20811286356907435,51.48939125955877],[-0.20763934355223676,51.48945070974754],[-0.20714268300138838,51.48956648161166],[-0.20415753728368505,51.49046219145595],[-0.20396164213189916,51.4905119561893],[-0.2037280345542077,51.49055101876679],[-0.2034938124389731,51.49057001463124],[-0.20325973639195014,51.49057998489233],[-0.2029940519839405,51.49056550012542],[-0.20276307000484842,51.49052460887],[-0.20253205259439785,51.4904470403332],[-0.20229962063685888,51.49035710242785],[-0.20204077728591233,51.490234702760254],[-0.20121930576890598,51.489824016608466],[-0.20051256120598876,51.48953653724926],[-0.19977739883025725,51.48933509079769],[-0.19898417389276163,51.48922243964647],[-0.19828622662228096,51.48919862014688],[-0.19755831122689263,51.489238922219336],[-0.19675410723490205,51.48935883682634],[-0.19647552604966412,51.48940988369941],[-0.19629444034996932,51.48944759177338],[-0.196035163157169,51.48950845819969],[-0.1954150296424938,51.489718269037034],[-0.19457048308407784,51.49016167407626],[-0.1940385940975749,51.49049704552541],[-0.19336729401423347,51.49093770499926],[-0.19272387618500092,51.491376087456665],[-0.19269678088100764,51.49139462753814]]},"properties":{"id":"940GZZLUBSC-940GZZLUECT-Piccadilly","source":"940GZZLUBSC","target":"940GZZLUECT","sourceName":"Barons Court","targetName":"Earls Court","line":"Piccadilly","colour":"#003688","color":"#003688","traffic":0.4069,"off9":0.0,"off12":0.0,"off14":0.0},"id":182},{"type":"Feature","geometry":{"type":"LineString","coordinates":[[-0.21357518793873412,51.4896192234639],[-0.21345656456751935,51.48960420521769],[-0.21327812556968773,51.48958364089497],[-0.2130523726221278,51.48955712077516],[-0.21230081087085614,51.48946607184039],[-0.21191643243023522,51.489422398260075],[-0.21103958371729625,51.48934536936466],[-0.21035351994927864,51.48932091167053],[-0.2097628537600054,51.48933005203672],[-0.2090590443130518,51.48936820581512],[-0.20843847290341452,51.489417613241415],[-0.20785852965956303,51.489474160374726],[-0.20746835021226143,51.48953114835873],[-0.2065298561945228,51.48974109914511],[-0.20633941667834763,51.48978988738893]]},"properties":{"id":"940GZZLUBSC-940GZZLUWKN-District","source":"940GZZLUBSC","target":"940GZZLUWKN","sourceName":"Barons Court","targetName":"West Kensington","line":"District","colour":"#00782A","color":"#00782A","traffic":0.2046,"off9":0.0,"off12":0.0,"off14":0.0},"id":183},{"type":"Feature","geometry":{"type":"LineString","coordinates":[[-0.2243559684985644,51.491845794889464],[-0.2244151412137004,51.49190632020748],[-0.2245462450680442,51.49202622617128],[-0.22468413234968107,51.4921705147735],[-0.2247699977052416,51.49225971833875],[-0.22480864012338048,51.49229106221187],[-0.22496317546654576,51.49237814897783],[-0.22508096370215594,51.49242976979306],[-0.22577190274359346,51.49267722537705],[-0.22624062597128683,51.492820071533316],[-0.2263859632851992,51.49286197135324],[-0.22663787710406036,51.49291181995708],[-0.22681448115686828,51.49293116219571],[-0.22692065916782833,51.4929407554587],[-0.22703763133973487,51.492941987586136],[-0.22716875369400405,51.492942372634545],[-0.22730276433402175,51.49293497967866],[-0.22751628857459222,51.49291585496475],[-0.2281820686031963,51.49284387107275],[-0.2285141302458591,51.4928289126225],[-0.2288485385555306,51.49282529172099],[-0.22960467741305624,51.492869971672],[-0.22980574665145057,51.49288825646567],[-0.23020659353840334,51.49291725654694],[-0.23046687544395517,51.49293375685361],[-0.23151847714351492,51.49300461897133],[-0.232035982568354,51.493032128158234],[-0.23236236028964372,51.493050766837804],[-0.23271209491650738,51.49308130752763],[-0.23301513730182832,51.493121736924124],[-0.23321754871246733,51.493146680869614],[-0.23361828234379053,51.49319646087854],[-0.23401519181230052,51.49323721148581],[-0.23422623270475051,51.493253365531245],[-0.23468819484059078,51.493288103541914],[-0.2348943878643686,51.493303281487556],[-0.2358905600212995,51.49336572320754],[-0.23653420481539525,51.49342204074716],[-0.2370173796696166,51.49347760423031],[-0.23730262102077862,51.493515391899216],[-0.23819995869273966,51.493667014440234],[-0.23905653364891483,51.493811168225214],[-0.2394115719315498,51.49386560040266],[-0.23976805361343434,51.493916198242445],[-0.23994729677739302,51.49394122635828],[-0.24059719950352532,51.49402505942502],[-0.24116928722691672,51.49408210026109],[-0.2417644352035931,51.49412850283197],[-0.24237452244803334,51.49416044648218],[-0.24286710429949715,51.49417737746613],[-0.24330511565816515,51.49417743789503],[-0.24375502429712925,51.49416510337633],[-0.2442107561722602,51.49415040572906],[-0.24466737599849742,51.4941480762135],[-0.24500035016912597,51.494152015131206],[-0.24521385354142097,51.49415999793354],[-0.24537452992122188,51.49416670170342],[-0.24553633135528805,51.49417636717282],[-0.24641722135818592,51.494236787050994],[-0.24685361062486164,51.49426612586588],[-0.2469130258257111,51.49427022821724],[-0.2470689474746532,51.49427892424955],[-0.2472127862615068,51.49428542210743],[-0.24756148578830747,51.49428888689693],[-0.2482472943838025,51.49430595038772],[-0.24848027542230325,51.49431279967013],[-0.2503201778728327,51.49436751556924],[-0.25107993592897926,51.49438386168066],[-0.251637195469544,51.49438928039734],[-0.25277291690907244,51.49438927762264],[-0.2532923326982327,51.49438511459268],[-0.2545362111966187,51.494368344843494]]},"properties":{"id":"940GZZLUHSD-940GZZLUTNG-Piccadilly","source":"940GZZLUHSD","target":"940GZZLUTNG","sourceName":"Hammersmith DistPicc Line","targetName":"Turnham Green","line":"Piccadilly","colour":"#003688","color":"#003688","traffic":0.1502,"off9":0.0,"off12":0.0,"off14":0.0},"id":184},{"type":"Feature","geometry":{"type":"LineString","coordinates":[[-0.2243559684985644,51.491845794889464],[-0.22407817037284244,51.49158476360685],[-0.2236264345852428,51.491154995960414],[-0.22359309450739864,51.49111992532162],[-0.22347839018429286,51.49099979766739],[-0.22339514201336214,51.49092016931179],[-0.22317641540001815,51.490691449771745],[-0.2231356925229359,51.49065116328996],[-0.22302239890125553,51.490559164642896],[-0.22269617099766847,51.49035561742731],[-0.2224584074808558,51.49022602648139],[-0.22207389258951166,51.49003127890174],[-0.22180213696783826,51.48991736275625],[-0.22152854304844125,51.4898144072441],[-0.22118519363855882,51.489717860392126],[-0.22072052392124356,51.489595700999736],[-0.22042564008660173,51.48954036606966],[-0.22014296688667975,51.489497526779125],[-0.21983971382096984,51.48946500090777],[-0.219418548559305,51.489440074627844],[-0.21903089479046628,51.489428376344385],[-0.2188563098660475,51.48942807115377],[-0.2186279400634723,51.48943545120065],[-0.21841639701437335,51.489449650668995],[-0.2168782828323056,51.48951110572123],[-0.21653113546750807,51.489531807010685],[-0.21626428594958438,51.48954530873966],[-0.21590742410495287,51.48956321340521],[-0.21555168429168992,51.489579413476086],[-0.2152965139804374,51.48958776413164],[-0.21521801664240453,51.48958741811245],[-0.21509378333881263,51.48958992555698],[-0.21491603047609648,51.489590574997095],[-0.21474654761365006,51.48959098181027],[-0.2145192237593577,51.4895880250302],[-0.21441545002441498,51.48958496494184],[-0.21429455428898717,51.489580479295164],[-0.2141633998412169,51.489576789661875],[-0.21405656793409672,51.48957471640845],[-0.21391316919094153,51.489568320949076],[-0.21375094082002177,51.48955619227578],[-0.21354568725415385,51.489535991259054]]},"properties":{"id":"940GZZLUHSD-940GZZLUBSC-Piccadilly","source":"940GZZLUHSD","target":"940GZZLUBSC","sourceName":"Hammersmith DistPicc Line","targetName":"Barons Court","line":"Piccadilly","colour":"#003688","color":"#003688","traffic":0.2095,"off9":0.0,"off12":0.0,"off14":0.0},"id":185},{"type":"Feature","geometry":{"type":"LineString","coordinates":[[-0.22278691787744068,51.492853565769025],[-0.2226937148095796,51.49276617742509],[-0.22208613374049627,51.492189956431076],[-0.22194380710031675,51.492044147047245],[-0.2219156857687636,51.49201600949775],[-0.22159821874445387,51.49174508747874],[-0.22154976533623888,51.491698558045435],[-0.22150685930484745,51.491648580327414],[-0.22134810013767947,51.491530593962736],[-0.22100278759462927,51.49132595142928],[-0.22082108874380527,51.49123225766026],[-0.22067155219133866,51.49116542554573],[-0.2205199035406187,51.49111018495186],[-0.22030881025393506,51.49104923991356],[-0.22006109840854496,51.49099149653746],[-0.21990528440509766,51.49096080706903],[-0.2197510447659408,51.49093843963679],[-0.21958149403938534,51.49091905345974],[-0.21935752656398746,51.490903459845605],[-0.21907737189678425,51.49089439924976],[-0.21890973176240736,51.4908910271271],[-0.21872974409481127,51.49089530472307],[-0.2185167601855165,51.49090852633607],[-0.21804334420658789,51.490928990524644],[-0.2171132021614558,51.49097125530115],[-0.21662460411410212,51.49099326876883],[-0.21636399585191982,51.490999448066624],[-0.21612678998868448,51.491000585912204],[-0.21592876014632695,51.49100392401653],[-0.21550840469014343,51.491010966806826],[-0.2152646487916283,51.49101310213667],[-0.2150624617546095,51.49101470310175],[-0.2148253761363008,51.4910166249016],[-0.21466439859409409,51.49101438314099],[-0.214458656759814,51.49101284854581],[-0.21425082539286533,51.49100847394311],[-0.214090915930493,51.4910024322877],[-0.21386850303773003,51.490989729180214],[-0.21375229047226382,51.49098331812142],[-0.21353148757615475,51.49097055761114],[-0.2133488265752193,51.49095777817412]]},"properties":{"id":"940GZZLUHSD-940GZZLUBSC-District","source":"940GZZLUHSD","target":"940GZZLUBSC","sourceName":"Hammersmith DistPicc Line","targetName":"Barons Court","line":"District","colour":"#00782A","color":"#00782A","traffic":0.2095,"off9":0.0,"off12":0.0,"off14":0.0},"id":186},{"type":"Feature","geometry":{"type":"LineString","coordinates":[[-0.22278691787744068,51.492853565769025],[-0.22303737210457172,51.49308973785264],[-0.22328308483923115,51.4933042988562],[-0.22352151530736453,51.49346527710141],[-0.22372702900258418,51.4935733139061],[-0.22407114677152548,51.49371663374382],[-0.22430955542434144,51.49379799484773],[-0.22506584026990006,51.494058663909215],[-0.22554879774377082,51.494201753429856],[-0.22590817189787027,51.4942890824274],[-0.22631145212241943,51.494358174182004],[-0.22655927580815013,51.494382755037854],[-0.22674215926165947,51.49439890769904],[-0.22694512444692758,51.49440744252312],[-0.22717692911711385,51.494407019099334],[-0.22742329084938104,51.49439964282413],[-0.22775170185326044,51.49437170327558],[-0.22836101613877588,51.494306470843455],[-0.22881475725036823,51.49428764488355],[-0.2294497638508997,51.49433272438121],[-0.22963117739962147,51.49434442544034],[-0.23004338958381051,51.49437381797885],[-0.2302973884546222,51.49439206649077],[-0.2313673773799235,51.49446171108505],[-0.23187436405048445,51.49449118106122],[-0.232305268636909,51.49452235905731],[-0.23271641829968126,51.49456676428114],[-0.232927874340836,51.49459295676193],[-0.2333626617215254,51.49464392175753],[-0.2338144892193354,51.49468560920128],[-0.23408216737176468,51.49470586371325],[-0.23457266968428667,51.49472351895578],[-0.2347773670422141,51.494731121208666],[-0.23553554784418484,51.494752778605836],[-0.23574100630058817,51.49476325026574],[-0.23578228393571818,51.49476838649047]]},"properties":{"id":"940GZZLUHSD-940GZZLURVP-District","source":"940GZZLUHSD","target":"940GZZLURVP","sourceName":"Hammersmith DistPicc Line","targetName":"Ravenscourt Park","line":"District","colour":"#00782A","color":"#00782A","traffic":0.1291,"off9":0.0,"off12":0.0,"off14":0.0},"id":187},{"type":"Feature","geometry":{"type":"LineString","coordinates":[[-0.1940806190005248,51.49272812412403],[-0.19385626897593,51.49287821467421],[-0.19317416867844703,51.49332990065247],[-0.19214785555731084,51.49400157076477],[-0.1917714775565486,51.49424347508493],[-0.19096812581677322,51.494753822043435],[-0.1902723531395618,51.49506003378323],[-0.18977570665303622,51.495282338660516],[-0.18936998455792042,51.49542953477277],[-0.18890233030401152,51.49556148936876],[-0.1885791261355642,51.495641448458045],[-0.18792209683148106,51.49576367639309],[-0.1872136877059521,51.4958234799804],[-0.18660922668060229,51.49583332554038],[-0.18603284728735958,51.49579846628002],[-0.1854493532676593,51.49569589544805],[-0.18442150710739566,51.49540253999377],[-0.18398010334535117,51.49530024184742],[-0.18323227758038696,51.495137872328065],[-0.18290947673435554,51.495068978742914],[-0.1825211753285036,51.49497649977562],[-0.18247011626287865,51.49496649260039]]},"properties":{"id":"940GZZLUECT-940GZZLUGTR-Piccadilly","source":"940GZZLUECT","target":"940GZZLUGTR","sourceName":"Earls Court","targetName":"Gloucester Road","line":"Piccadilly","colour":"#003688","color":"#003688","traffic":0.434,"off9":0.0,"off12":0.0,"off14":0.0},"id":188},{"type":"Feature","geometry":{"type":"LineString","coordinates":[[-0.19262925244052315,51.493593775736386],[-0.1917079111304336,51.494208991772595],[-0.1900755949759478,51.49505802429109],[-0.18982087305433654,51.49518075095352],[-0.188885847266074,51.495551593899805],[-0.18852101585308023,51.495629840748116],[-0.18815003098499247,51.49569620679842],[-0.18782136336275798,51.49574396496635],[-0.18745173103561735,51.495774961479356],[-0.1871798034575512,51.49578762646514],[-0.1868551889884771,51.49579443466006],[-0.18611939507260256,51.49575517174195],[-0.18580091071976113,51.495717690288885],[-0.18569626451139765,51.49570587547289],[-0.18541767271752194,51.4956603669216],[-0.1850670394804636,51.49560479277039],[-0.1840879331680612,51.49542072146677],[-0.18243471182350557,51.49506763981947],[-0.1823759644878881,51.495054042675825]]},"properties":{"id":"940GZZLUECT-940GZZLUGTR-District","source":"940GZZLUECT","target":"940GZZLUGTR","sourceName":"Earls Court","targetName":"Gloucester Road","line":"District","colour":"#00782A","color":"#00782A","traffic":0.434,"off9":0.0,"off12":0.0,"off14":0.0},"id":189},{"type":"Feature","geometry":{"type":"LineString","coordinates":[[-0.19269678088100764,51.49139462753814],[-0.19272387618500092,51.491376087456665],[-0.19336729401423347,51.49093770499926],[-0.1940385940975749,51.49049704552541],[-0.19457048308407784,51.49016167407626],[-0.1954150296424938,51.489718269037034],[-0.196035163157169,51.48950845819969],[-0.19629444034996932,51.48944759177338],[-0.19647552604966412,51.48940988369941],[-0.19675410723490205,51.48935883682634],[-0.19755831122689263,51.489238922219336],[-0.19828622662228096,51.48919862014688],[-0.19898417389276163,51.48922243964647],[-0.19977739883025725,51.48933509079769],[-0.20051256120598876,51.48953653724926],[-0.20121930576890598,51.489824016608466],[-0.20204077728591233,51.490234702760254],[-0.20229962063685888,51.49035710242785],[-0.20253205259439785,51.4904470403332],[-0.20276307000484842,51.49052460887],[-0.2029940519839405,51.49056550012542],[-0.20325973639195014,51.49057998489233],[-0.2034938124389731,51.49057001463124],[-0.2037280345542077,51.49055101876679],[-0.20396164213189916,51.4905119561893],[-0.20415753728368505,51.49046219145595],[-0.20714268300138838,51.48956648161166],[-0.20763934355223676,51.48945070974754],[-0.20811286356907435,51.48939125955877],[-0.20840380424001187,51.489357016673],[-0.20902372730625104,51.48930229393754],[-0.2093876413365547,51.48927586663075],[-0.2097775018371977,51.489259880712765],[-0.2103631921699632,51.489257346522706],[-0.21104918308606468,51.48927927119904],[-0.21193146128673954,51.48935286047157],[-0.21306113157889445,51.48948083227794],[-0.2132624733325297,51.48950397815757],[-0.21347307223612666,51.4895287691561],[-0.21354568725415385,51.489535991259054]]},"properties":{"id":"940GZZLUECT-940GZZLUBSC-Piccadilly","source":"940GZZLUECT","target":"940GZZLUBSC","sourceName":"Earls Court","targetName":"Barons Court","line":"Piccadilly","colour":"#003688","color":"#003688","traffic":0.2218,"off9":0.0,"off12":0.0,"off14":0.0},"id":190},{"type":"Feature","geometry":{"type":"LineString","coordinates":[[-0.19300548635380196,51.4932947751948],[-0.19239039661142437,51.4936991904792],[-0.19167853328669898,51.49417257008968],[-0.19076437736874202,51.49466352979538],[-0.19032389740642297,51.494895659441156],[-0.19003315621193517,51.49507886372244],[-0.18995594501165078,51.49527754284445],[-0.18984440047798537,51.49550366096735],[-0.1895198845093911,51.49598766866634],[-0.1893371517854953,51.49621181455191],[-0.18933013338802207,51.49629136225617],[-0.18933188925018343,51.49633687918471],[-0.18931044329980332,51.496444474052815],[-0.18932699860611374,51.4966271782617],[-0.18931198792770432,51.49661676390565],[-0.18929248885741354,51.49660224992943],[-0.18929044242579132,51.49663186496929],[-0.18927379198253702,51.49669251082341],[-0.18955561109210137,51.497021999162975],[-0.1900629313523296,51.49754486749568],[-0.19032305827771778,51.497793824147735],[-0.19044005701964326,51.49788887478623],[-0.1908524726051125,51.49812780727928]]},"properties":{"id":"940GZZLUECT-940GZZLUHSK-District","source":"940GZZLUECT","target":"940GZZLUHSK","sourceName":"Earls Court","targetName":"High Street Kensington","line":"District","colour":"#00782A","color":"#00782A","traffic":0.0986,"off9":0.0,"off12":0.0,"off14":0.0},"id":191},{"type":"Feature","geometry":{"type":"LineString","coordinates":[[-0.192660983094312,51.491419666465866],[-0.19336024187083276,51.49093968519212],[-0.19372750217727971,51.490700459536875],[-0.19398721317806644,51.49053275245203],[-0.1944532059091553,51.49022146502533],[-0.1947045304607663,51.49005196525336],[-0.1949190522874549,51.48992207222061],[-0.19514190686291025,51.4897828355394],[-0.19548673538904202,51.4895553328506],[-0.19571242510612122,51.48943917569913],[-0.19583895869305368,51.48932977351169],[-0.19591055157119036,51.4892105657201],[-0.19589563642232335,51.489139832625796],[-0.19587506630441903,51.48907814135756],[-0.19587193816697118,51.48899086103349],[-0.1958996368846591,51.488999578961774],[-0.19589725065831406,51.4888989636275],[-0.19581725757910418,51.488764498612134],[-0.1955392465458287,51.488439817523755],[-0.19515493274613674,51.48807442397453],[-0.19506164747577015,51.48798427556432],[-0.19499083881210091,51.48792710666809],[-0.19496154991430537,51.4879079669614]]},"properties":{"id":"940GZZLUECT-940GZZLUWBN-District","source":"940GZZLUECT","target":"940GZZLUWBN","sourceName":"Earls Court","targetName":"West Brompton","line":"District","colour":"#00782A","color":"#00782A","traffic":0.2089,"off9":0.0,"off12":0.0,"off14":0.0},"id":192},{"type":"Feature","geometry":{"type":"LineString","coordinates":[[-0.19592378374818248,51.48947848321018],[-0.19639330790367507,51.489317667907],[-0.1970422891904607,51.48918382991487],[-0.19757666580328076,51.4891077800462],[-0.19797638301379597,51.4890826853134],[-0.19842186179760532,51.48907216573499],[-0.19912389489863574,51.48912010836955],[-0.19980871380208357,51.48922065549554],[-0.20017472147446966,51.489311860405586],[-0.2005278079506764,51.48941310362429],[-0.20093037281439946,51.48954514979224],[-0.20133955061195372,51.4897440871625],[-0.20157906078319773,51.48988113260824],[-0.2018533730499702,51.49005329136851],[-0.20198325911810436,51.49013046965541],[-0.20211901417352252,51.490219770215546],[-0.20214268601186872,51.4902475529095],[-0.20223261578393426,51.49030096199928],[-0.2025062446217072,51.49041511142045],[-0.20278992669041934,51.490499400998324],[-0.20287100319266133,51.490514786294796],[-0.203008540359895,51.49053397237225],[-0.20311731839684594,51.490545695198286],[-0.2032404779130862,51.49055472446714],[-0.20334284925527868,51.49055638891062],[-0.20346348980504214,51.49055253521589],[-0.20351409431429246,51.49054791257645],[-0.20379272728866696,51.4905156748403],[-0.20398697489811968,51.49048115684716],[-0.20409023082573235,51.49045177140288],[-0.20426176513310357,51.49040189608134],[-0.2056016726371186,51.4899980022479],[-0.20600867821336544,51.48987669570407],[-0.20633941667834763,51.48978988738893]]},"properties":{"id":"940GZZLUECT-940GZZLUWKN-District","source":"940GZZLUECT","target":"940GZZLUWKN","sourceName":"Earls Court","targetName":"West Kensington","line":"District","colour":"#00782A","color":"#00782A","traffic":0.1683,"off9":0.0,"off12":0.0,"off14":0.0},"id":193},{"type":"Feature","geometry":{"type":"LineString","coordinates":[[-0.19299711115559395,51.49277244555906],[-0.20963411115559397,51.49833344555906]]},"properties":{"id":"940GZZLUECT-940GZZLUKOY-District","source":"940GZZLUECT","target":"940GZZLUKOY","sourceName":"Earls Court","targetName":"Kensington Olympia","line":"District","colour":"#00782A","color":"#00782A","traffic":0.0,"off9":0.0,"off12":0.0,"off14":0.0},"id":194},{"type":"Feature","geometry":{"type":"LineString","coordinates":[[-0.20633941667834763,51.48978988738893],[-0.20600867821336544,51.48987669570407],[-0.2056016726371186,51.4899980022479],[-0.20426176513310357,51.49040189608134],[-0.20409023082573235,51.49045177140288],[-0.20398697489811968,51.49048115684716],[-0.20379272728866696,51.4905156748403],[-0.20351409431429246,51.49054791257645],[-0.20346348980504214,51.49055253521589],[-0.20334284925527868,51.49055638891062],[-0.2032404779130862,51.49055472446714],[-0.20311731839684594,51.490545695198286],[-0.203008540359895,51.49053397237225],[-0.20287100319266133,51.490514786294796],[-0.20278992669041934,51.490499400998324],[-0.2025062446217072,51.49041511142045],[-0.20223261578393426,51.49030096199928],[-0.20214268601186872,51.4902475529095],[-0.20211901417352252,51.490219770215546],[-0.20198325911810436,51.49013046965541],[-0.2018533730499702,51.49005329136851],[-0.20157906078319773,51.48988113260824],[-0.20133955061195372,51.4897440871625],[-0.20093037281439946,51.48954514979224],[-0.2005278079506764,51.48941310362429],[-0.20017472147446966,51.489311860405586],[-0.19980871380208357,51.48922065549554],[-0.19912389489863574,51.48912010836955],[-0.19842186179760532,51.48907216573499],[-0.19797638301379597,51.4890826853134],[-0.19757666580328076,51.4891077800462],[-0.1970422891904607,51.48918382991487],[-0.19639330790367507,51.489317667907],[-0.19592378374818248,51.48947848321018]]},"properties":{"id":"940GZZLUWKN-940GZZLUECT-District","source":"940GZZLUWKN","target":"940GZZLUECT","sourceName":"West Kensington","targetName":"Earls Court","line":"District","colour":"#00782A","color":"#00782A","traffic":0.2313,"off9":0.0,"off12":0.0,"off14":0.0},"id":195},{"type":"Feature","geometry":{"type":"LineString","coordinates":[[-0.20633941667834763,51.48978988738893],[-0.2065298561945228,51.48974109914511],[-0.20746835021226143,51.48953114835873],[-0.20785852965956303,51.489474160374726],[-0.20843847290341452,51.489417613241415],[-0.2090590443130518,51.48936820581512],[-0.2097628537600054,51.48933005203672],[-0.21035351994927864,51.48932091167053],[-0.21103958371729625,51.48934536936466],[-0.21191643243023522,51.489422398260075],[-0.21230081087085614,51.48946607184039],[-0.2130523726221278,51.48955712077516],[-0.21327812556968773,51.48958364089497],[-0.21345656456751935,51.48960420521769],[-0.21357518793873412,51.4896192234639]]},"properties":{"id":"940GZZLUWKN-940GZZLUBSC-District","source":"940GZZLUWKN","target":"940GZZLUBSC","sourceName":"West Kensington","targetName":"Barons Court","line":"District","colour":"#00782A","color":"#00782A","traffic":0.1621,"off9":0.0,"off12":0.0,"off14":0.0},"id":196},{"type":"Feature","geometry":{"type":"LineString","coordinates":[[-0.18778128364131647,51.51083597791138],[-0.18808064941892366,51.51081150453542],[-0.18875324194036897,51.51077019751714],[-0.18892600244953384,51.51075638050512],[-0.18946826084619806,51.510707533987244],[-0.189626432557347,51.51069630321088],[-0.19002110487812277,51.51066825554778],[-0.19048209994973925,51.510605110223665],[-0.19140545216914776,51.51051051082481],[-0.19139492252953327,51.51050432711143],[-0.1919709349469579,51.51036912478531],[-0.19243798353261207,51.510275798985184],[-0.19290287280490218,51.51016956838737],[-0.19321833559169857,51.51008975230795],[-0.1933010571192566,51.510050271624166],[-0.19351304021814372,51.509915161083164],[-0.1936283457680651,51.50981855454703],[-0.19369482477010974,51.50974121408544],[-0.19379645680599042,51.50961942377367],[-0.1937785390562532,51.50955216855936],[-0.19373092033650313,51.509507212394254],[-0.19364924868015249,51.50951932150855],[-0.19366020302017906,51.50943605330311],[-0.19366979819028562,51.50936317473206],[-0.19368194243295375,51.5092595229818],[-0.19368275300328827,51.50920191952215],[-0.1936858327768894,51.509127749627176],[-0.19368296738572707,51.50907374507594]]},"properties":{"id":"940GZZLUBWT-940GZZLUNHG-Circle","source":"940GZZLUBWT","target":"940GZZLUNHG","sourceName":"Bayswater","targetName":"Notting Hill Gate","line":"Circle","colour":"#FFD300","color":"#FFD300","traffic":0.0522,"off9":0.0,"off12":0.0,"off14":0.0},"id":197},{"type":"Feature","geometry":{"type":"LineString","coordinates":[[-0.1878614409481366,51.51158234094094],[-0.18816582470946183,51.51155765226771],[-0.18883487097018448,51.51151649875857],[-0.18902455122476694,51.51150189025256],[-0.18956733042309903,51.51145301699362],[-0.1897127162786735,51.511442401605436],[-0.19014060243906142,51.51141257777389],[-0.19062129997486965,51.511348105111836],[-0.1915571760845739,51.511252555412405],[-0.1916179612647667,51.51123936355571],[-0.19222116747347898,51.51110076239266],[-0.19268584176630607,51.51100774949259],[-0.19317143640245113,51.510898684193684],[-0.19351506779584932,51.51081462615397],[-0.19369842855962838,51.51075623581208],[-0.19403497010907186,51.51058898054158],[-0.1942372728840326,51.51046347727352],[-0.19437296238505486,51.51035880704272],[-0.1945705284029952,51.510191661886836],[-0.1946645195281266,51.510057634279676],[-0.19474111016825157,51.50991250619713],[-0.19474727434007624,51.50982351075427],[-0.19478630151008952,51.50969747665155],[-0.19481764909514282,51.50958493736603],[-0.19485097121647688,51.5094332114909],[-0.19486602650164414,51.50933300976108],[-0.1948816163884447,51.509202924813586],[-0.1948840691277063,51.50910038825878]]},"properties":{"id":"940GZZLUBWT-940GZZLUNHG-District","source":"940GZZLUBWT","target":"940GZZLUNHG","sourceName":"Bayswater","targetName":"Notting Hill Gate","line":"District","colour":"#00782A","color":"#00782A","traffic":0.0522,"off9":0.0,"off12":0.0,"off14":0.0},"id":198},{"type":"Feature","geometry":{"type":"LineString","coordinates":[[-0.18778128364131647,51.51083597791138],[-0.18776727445981092,51.51083754031715],[-0.18640001449327023,51.51089810004486],[-0.18514176119326028,51.51097904936889],[-0.18406425324782294,51.511116516043934],[-0.183536053207328,51.51113931616543],[-0.1828299868756321,51.51117494119393],[-0.1822831061774145,51.51123300346025],[-0.18172613174956453,51.51130474122495],[-0.18091832465919047,51.51147036623783],[-0.1807983637996207,51.51149723245771],[-0.1804459501450969,51.51156873722118],[-0.17962295531387223,51.51176729942974],[-0.17869509401967562,51.51205203132084],[-0.17780957099801833,51.51244104099045],[-0.1760434810464648,51.51341550718811],[-0.17576294509378776,51.51354369794105],[-0.1753129299262974,51.51370555687591],[-0.17508905487403406,51.51378238807209],[-0.17491944848342286,51.51383565131356],[-0.1743137054870983,51.51413510484],[-0.17401077650792965,51.51429742565824]]},"properties":{"id":"940GZZLUBWT-940GZZLUPAC-Circle","source":"940GZZLUBWT","target":"940GZZLUPAC","sourceName":"Bayswater","targetName":"Paddington","line":"Circle","colour":"#FFD300","color":"#FFD300","traffic":0.057,"off9":0.0,"off12":0.0,"off14":0.0},"id":199},{"type":"Feature","geometry":{"type":"LineString","coordinates":[[-0.1878614409481366,51.51158234094094],[-0.18784203722990547,51.511584120158574],[-0.18646600724663512,51.51164500002243],[-0.18525628059663013,51.51172367468445],[-0.1841650766239115,51.51186190802197],[-0.183592876603664,51.51188650808272],[-0.18293009343781605,51.51192037059697],[-0.18243415308870725,51.51197510173012],[-0.1819351658747823,51.51204137061247],[-0.18117431232959527,51.512201233118915],[-0.18105163189981033,51.512228466228855],[-0.18071927507254848,51.51229716861059],[-0.17996337765693612,51.512484699714875],[-0.17914744700983776,51.512745065660425],[-0.17835563549900915,51.51310742049523],[-0.17654504052323253,51.514095303594054],[-0.176181772546894,51.51424484897053],[-0.17573296496314875,51.51440642843796],[-0.17554232743701703,51.514475194036045],[-0.17542457424171137,51.51451442565678],[-0.17488795274354924,51.51479225242],[-0.1745878614792339,51.51495361054601]]},"properties":{"id":"940GZZLUBWT-940GZZLUPAC-District","source":"940GZZLUBWT","target":"940GZZLUPAC","sourceName":"Bayswater","targetName":"Paddington","line":"District","colour":"#00782A","color":"#00782A","traffic":0.057,"off9":0.0,"off12":0.0,"off14":0.0},"id":200},{"type":"Feature","geometry":{"type":"LineString","coordinates":[[-0.19368296738572707,51.50907374507594],[-0.19368472076928014,51.509049696869255],[-0.19369769321592178,51.509119609237665],[-0.19370558291678466,51.5091459358843],[-0.19371773418181165,51.50918036553713],[-0.19375086481004009,51.50924394446607],[-0.19375716824620445,51.50925211890236],[-0.19376287586023114,51.509255076750605],[-0.19376626793109197,51.50925564566388],[-0.19376836467826283,51.50923357711853],[-0.19349340305619006,51.50855824138312],[-0.19348340775401082,51.50853078070115],[-0.19343066945188703,51.50830776747892],[-0.19308407850799442,51.50735766462524],[-0.19292616252774736,51.50693838551783],[-0.19205579646217114,51.504614897352475],[-0.192022859077353,51.504516280864806],[-0.19179799884744764,51.50379056214308],[-0.1915179319491609,51.50313220886309],[-0.19130394561248198,51.502713228625794],[-0.1912218064971442,51.502467461533634],[-0.19089716780624139,51.50201393667512]]},"properties":{"id":"940GZZLUNHG-940GZZLUHSK-Circle","source":"940GZZLUNHG","target":"940GZZLUHSK","sourceName":"Notting Hill Gate","targetName":"High Street Kensington","line":"Circle","colour":"#FFD300","color":"#FFD300","traffic":0.0728,"off9":0.0,"off12":0.0,"off14":0.0},"id":201},{"type":"Feature","geometry":{"type":"LineString","coordinates":[[-0.1948840691277063,51.50910038825878],[-0.19488651038464005,51.509057948434624],[-0.1948911966079609,51.50903155461883],[-0.19489249145839233,51.50902831794215],[-0.19489531709090585,51.50903078276856],[-0.19490538240501673,51.50903607223303],[-0.1949062841231022,51.509032959451176],[-0.19490583793011557,51.5090237883753],[-0.194903833965546,51.509014272831934],[-0.1948901323391314,51.508965088559265],[-0.19463985152809501,51.508333770691564],[-0.19463310387700541,51.50831284035058],[-0.19457768472594353,51.508084433739455],[-0.1942087392539972,51.50709398231262],[-0.19405243126387373,51.50667739275892],[-0.19319464823108556,51.50437609867623],[-0.1931657795386765,51.5042851404324],[-0.1929119994237238,51.50351003107154],[-0.19259156597458052,51.50279620443155],[-0.192361922806241,51.502358514312895],[-0.1922224032485721,51.50205323076682],[-0.19183243317912965,51.50154427039746]]},"properties":{"id":"940GZZLUNHG-940GZZLUHSK-District","source":"940GZZLUNHG","target":"940GZZLUHSK","sourceName":"Notting Hill Gate","targetName":"High Street Kensington","line":"District","colour":"#00782A","color":"#00782A","traffic":0.0728,"off9":0.0,"off12":0.0,"off14":0.0},"id":202},{"type":"Feature","geometry":{"type":"LineString","coordinates":[[-0.19368296738572707,51.50907374507594],[-0.1936858327768894,51.509127749627176],[-0.19368275300328827,51.50920191952215],[-0.19368194243295375,51.5092595229818],[-0.19366979819028562,51.50936317473206],[-0.19366020302017906,51.50943605330311],[-0.19364924868015249,51.50951932150855],[-0.19373092033650313,51.509507212394254],[-0.1937785390562532,51.50955216855936],[-0.19379645680599042,51.50961942377367],[-0.19369482477010974,51.50974121408544],[-0.1936283457680651,51.50981855454703],[-0.19351304021814372,51.509915161083164],[-0.1933010571192566,51.510050271624166],[-0.19321833559169857,51.51008975230795],[-0.19290287280490218,51.51016956838737],[-0.19243798353261207,51.510275798985184],[-0.1919709349469579,51.51036912478531],[-0.19139492252953327,51.51050432711143],[-0.19140545216914776,51.51051051082481],[-0.19048209994973925,51.510605110223665],[-0.19002110487812277,51.51066825554778],[-0.189626432557347,51.51069630321088],[-0.18946826084619806,51.510707533987244],[-0.18892600244953384,51.51075638050512],[-0.18875324194036897,51.51077019751714],[-0.18808064941892366,51.51081150453542],[-0.18778128364131647,51.51083597791138]]},"properties":{"id":"940GZZLUNHG-940GZZLUBWT-Circle","source":"940GZZLUNHG","target":"940GZZLUBWT","sourceName":"Notting Hill Gate","targetName":"Bayswater","line":"Circle","colour":"#FFD300","color":"#FFD300","traffic":0.0588,"off9":0.0,"off12":0.0,"off14":0.0},"id":203},{"type":"Feature","geometry":{"type":"LineString","coordinates":[[-0.1948840691277063,51.50910038825878],[-0.1948816163884447,51.509202924813586],[-0.19486602650164414,51.50933300976108],[-0.19485097121647688,51.5094332114909],[-0.19481764909514282,51.50958493736603],[-0.19478630151008952,51.50969747665155],[-0.19474727434007624,51.50982351075427],[-0.19474111016825157,51.50991250619713],[-0.1946645195281266,51.510057634279676],[-0.1945705284029952,51.510191661886836],[-0.19437296238505486,51.51035880704272],[-0.1942372728840326,51.51046347727352],[-0.19403497010907186,51.51058898054158],[-0.19369842855962838,51.51075623581208],[-0.19351506779584932,51.51081462615397],[-0.19317143640245113,51.510898684193684],[-0.19268584176630607,51.51100774949259],[-0.19222116747347898,51.51110076239266],[-0.1916179612647667,51.51123936355571],[-0.1915571760845739,51.511252555412405],[-0.19062129997486965,51.511348105111836],[-0.19014060243906142,51.51141257777389],[-0.1897127162786735,51.511442401605436],[-0.18956733042309903,51.51145301699362],[-0.18902455122476694,51.51150189025256],[-0.18883487097018448,51.51151649875857],[-0.18816582470946183,51.51155765226771],[-0.1878614409481366,51.51158234094094]]},"properties":{"id":"940GZZLUNHG-940GZZLUBWT-District","source":"940GZZLUNHG","target":"940GZZLUBWT","sourceName":"Notting Hill Gate","targetName":"Bayswater","line":"District","colour":"#00782A","color":"#00782A","traffic":0.0588,"off9":0.0,"off12":0.0,"off14":0.0},"id":204},{"type":"Feature","geometry":{"type":"LineString","coordinates":[[-0.19611485659798505,51.50917393720125],[-0.1960617,51.5091865],[-0.1957442,51.509265],[-0.1954381,51.50933],[-0.1944374,51.5094934],[-0.1928388,51.5097999],[-0.1923263,51.5098969],[-0.1918505,51.5099767],[-0.1913878,51.5100218],[-0.1909204,51.5100554],[-0.1894032,51.510156],[-0.1883414,51.5102128],[-0.1872612,51.5102982],[-0.18715157522625847,51.510306121897585]]},"properties":{"id":"940GZZLUNHG-940GZZLUQWY-Central","source":"940GZZLUNHG","target":"940GZZLUQWY","sourceName":"Notting Hill Gate","targetName":"Queensway","line":"Central","colour":"#E32017","color":"#E32017","traffic":0.4637,"off9":0.0,"off12":0.0,"off14":0.0},"id":205},{"type":"Feature","geometry":{"type":"LineString","coordinates":[[-0.19611485659798505,51.50917393720125],[-0.1964514,51.5090944],[-0.1966454,51.5090346],[-0.1969446,51.5089337],[-0.1970496,51.5088988],[-0.1972413,51.5088416],[-0.1974003,51.5087972],[-0.197586,51.5087499],[-0.1977735,51.5087065],[-0.1979221,51.508675],[-0.198041,51.508652],[-0.1981748,51.5086281],[-0.1983807,51.5085873],[-0.1993379,51.5085279],[-0.2005926,51.508484],[-0.2012088,51.5084483],[-0.2020246,51.5082797],[-0.2041725,51.5076498],[-0.2049964,51.5074079],[-0.2050314,51.5073975],[-0.2051951,51.5073491],[-0.2053368,51.5073081],[-0.2054245,51.5072828],[-0.2055399,51.5072495],[-0.2056444,51.5072194],[-0.20569667207574044,51.507204340525455]]},"properties":{"id":"940GZZLUNHG-940GZZLUHPK-Central","source":"940GZZLUNHG","target":"940GZZLUHPK","sourceName":"Notting Hill Gate","targetName":"Holland Park","line":"Central","colour":"#E32017","color":"#E32017","traffic":0.2542,"off9":0.0,"off12":0.0,"off14":0.0},"id":206},{"type":"Feature","geometry":{"type":"LineString","coordinates":[[-0.1756838,51.5174543],[-0.1755354,51.5174636],[-0.1752613,51.5175026],[-0.1747459,51.5175958],[-0.1734484,51.5178161],[-0.1731315,51.5178665],[-0.17272,51.5179319],[-0.1726734,51.5179388],[-0.1720942,51.5180354],[-0.171569,51.5181225],[-0.1715216,51.5181304],[-0.1712322,51.5181784],[-0.1707503,51.5182981],[-0.1701444,51.5186345],[-0.1689984,51.5192818],[-0.168785,51.5194021],[-0.168382,51.5196233]]},"properties":{"id":"940GZZLUPAC-940GZZLUERC-Hammersmith & City","source":"940GZZLUPAC","target":"940GZZLUERC","sourceName":"Paddington","targetName":"Edgware Road Circle Line","line":"Hammersmith & City","colour":"#F3A9BB","color":"#F3A9BB","traffic":0.0246,"off9":0.0,"off12":0.0,"off14":0.0},"id":207},{"type":"Feature","geometry":{"type":"LineString","coordinates":[[-0.1745878614792339,51.51495361054601],[-0.17457052923825775,51.514962687779956],[-0.17435783754689438,51.5150775730972],[-0.17373682706723348,51.51544277472789],[-0.17327949032742032,51.515695656618185],[-0.17168741098020904,51.51657147732802],[-0.1712423713502441,51.51678814365037],[-0.17101842332341421,51.51694572701688],[-0.17084165858137565,51.51712027288066],[-0.1706913599024007,51.51725240153842],[-0.170557073878226,51.51737715865554],[-0.17056873659266616,51.51741438450912],[-0.1703304269495103,51.51756193818404],[-0.17017925064286712,51.51763986212473],[-0.16955703383846354,51.51798184380622],[-0.1684076244112974,51.51863033348696],[-0.16820060726932035,51.5187484076781],[-0.16788391914796696,51.51894249878193],[-0.16771249585987097,51.51902085976504],[-0.1675204032721745,51.51907821057968],[-0.1674442218766796,51.51910165205853]]},"properties":{"id":"940GZZLUPAC-940GZZLUERC-District","source":"940GZZLUPAC","target":"940GZZLUERC","sourceName":"Paddington","targetName":"Edgware Road Circle Line","line":"District","colour":"#00782A","color":"#00782A","traffic":0.0246,"off9":0.0,"off12":0.0,"off14":0.0},"id":208},{"type":"Feature","geometry":{"type":"LineString","coordinates":[[-0.17401077650792965,51.51429742565824],[-0.1743137054870983,51.51413510484],[-0.17491944848342286,51.51383565131356],[-0.17508905487403406,51.51378238807209],[-0.1753129299262974,51.51370555687591],[-0.17576294509378776,51.51354369794105],[-0.1760434810464648,51.51341550718811],[-0.17780957099801833,51.51244104099045],[-0.17869509401967562,51.51205203132084],[-0.17962295531387223,51.51176729942974],[-0.1804459501450969,51.51156873722118],[-0.1807983637996207,51.51149723245771],[-0.18091832465919047,51.51147036623783],[-0.18172613174956453,51.51130474122495],[-0.1822831061774145,51.51123300346025],[-0.1828299868756321,51.51117494119393],[-0.183536053207328,51.51113931616543],[-0.18406425324782294,51.511116516043934],[-0.18514176119326028,51.51097904936889],[-0.18640001449327023,51.51089810004486],[-0.18776727445981092,51.51083754031715],[-0.18778128364131647,51.51083597791138]]},"properties":{"id":"940GZZLUPAC-940GZZLUBWT-Circle","source":"940GZZLUPAC","target":"940GZZLUBWT","sourceName":"Paddington","targetName":"Bayswater","line":"Circle","colour":"#FFD300","color":"#FFD300","traffic":0.048,"off9":0.0,"off12":0.0,"off14":0.0},"id":209},{"type":"Feature","geometry":{"type":"LineString","coordinates":[[-0.1745878614792339,51.51495361054601],[-0.17488795274354924,51.51479225242],[-0.17542457424171137,51.51451442565678],[-0.17554232743701703,51.514475194036045],[-0.17573296496314875,51.51440642843796],[-0.176181772546894,51.51424484897053],[-0.17654504052323253,51.514095303594054],[-0.17835563549900915,51.51310742049523],[-0.17914744700983776,51.512745065660425],[-0.17996337765693612,51.512484699714875],[-0.18071927507254848,51.51229716861059],[-0.18105163189981033,51.512228466228855],[-0.18117431232959527,51.512201233118915],[-0.1819351658747823,51.51204137061247],[-0.18243415308870725,51.51197510173012],[-0.18293009343781605,51.51192037059697],[-0.183592876603664,51.51188650808272],[-0.1841650766239115,51.51186190802197],[-0.18525628059663013,51.51172367468445],[-0.18646600724663512,51.51164500002243],[-0.18784203722990547,51.511584120158574],[-0.1878614409481366,51.51158234094094]]},"properties":{"id":"940GZZLUPAC-940GZZLUBWT-District","source":"940GZZLUPAC","target":"940GZZLUBWT","sourceName":"Paddington","targetName":"Bayswater","line":"District","colour":"#00782A","color":"#00782A","traffic":0.048,"off9":0.0,"off12":0.0,"off14":0.0},"id":210},{"type":"Feature","geometry":{"type":"LineString","coordinates":[[-0.17567545387593372,51.517404461752065],[-0.1757872,51.5174063],[-0.1758809,51.5174122],[-0.1760169,51.5174242],[-0.1762403,51.5174601],[-0.1765032,51.5175264],[-0.1767151,51.5176063],[-0.1769162,51.517708],[-0.1772837,51.5179184],[-0.1773964,51.5179707],[-0.1776426,51.5181271],[-0.1779369,51.5182099],[-0.1784509,51.5183682],[-0.1786485,51.5184283],[-0.1788494,51.5184926],[-0.179069,51.5185618],[-0.1793137,51.5186192],[-0.1795678,51.5186534],[-0.1797628,51.5186666],[-0.180037,51.5186795],[-0.1802264,51.5186799],[-0.1804097,51.5186724],[-0.1806026,51.5186634],[-0.1808175,51.5186522],[-0.1810257,51.5186508],[-0.1812649,51.5186601],[-0.1815492,51.5186791],[-0.1819492,51.5187121],[-0.1822677,51.518733],[-0.182467,51.5187473],[-0.182683,51.5187621],[-0.1831049,51.5187822],[-0.1835863,51.5188017],[-0.1841441,51.5188257],[-0.1845811,51.5188416],[-0.1849571,51.5188561],[-0.1853614,51.518873],[-0.1856563,51.5188855],[-0.1860253,51.5188984],[-0.1866265,51.5189235],[-0.1870565,51.5189483],[-0.1874854,51.5189793],[-0.1877072,51.5189977],[-0.1879284,51.5190183],[-0.1881494,51.5190423],[-0.1883771,51.5190675],[-0.18874798664811268,51.519113108576875]]},"properties":{"id":"940GZZLUPAC-940GZZLURYO-Hammersmith & City","source":"940GZZLUPAC","target":"940GZZLURYO","sourceName":"Paddington","targetName":"Royal Oak","line":"Hammersmith & City","colour":"#F3A9BB","color":"#F3A9BB","traffic":0.0951,"off9":0.0,"off12":0.0,"off14":0.0},"id":211},{"type":"Feature","geometry":{"type":"LineString","coordinates":[[-0.17570580789451923,51.51655470393812],[-0.1762551,51.5169058],[-0.1765686,51.5170856],[-0.1767108,51.5171961],[-0.17683,51.517352],[-0.1769842,51.5175344],[-0.1772764,51.5178531],[-0.1773579,51.5179382],[-0.1776138,51.5182414],[-0.1777319,51.5184111],[-0.1777912,51.518547],[-0.1779502,51.5189383],[-0.1781036,51.5191964],[-0.1781754,51.519335],[-0.1782574,51.5194439],[-0.1783378,51.5195468],[-0.1784741,51.5197067],[-0.1785834,51.5198078],[-0.1787193,51.5199194],[-0.1789466,51.5200952],[-0.1792028,51.5202685],[-0.180671,51.5212077],[-0.1823427,51.5223652],[-0.1824651,51.5224649],[-0.1825966,51.5226003],[-0.1827127,51.5226954],[-0.1832366,51.5230715],[-0.1833309,51.5231385],[-0.1835405,51.523292],[-0.18367028604920502,51.523399315222214]]},"properties":{"id":"940GZZLUPAC-940GZZLUWKA-Bakerloo","source":"940GZZLUPAC","target":"940GZZLUWKA","sourceName":"Paddington","targetName":"Warwick Avenue","line":"Bakerloo","colour":"#B36305","color":"#B36305","traffic":0.0777,"off9":0.0,"off12":0.0,"off14":0.0},"id":212},{"type":"Feature","geometry":{"type":"LineString","coordinates":[[-0.17570580789451923,51.51655470393812],[-0.1754608,51.5163981],[-0.1750716,51.5161945],[-0.1748398,51.5161068],[-0.1746183,51.5160829],[-0.1744207,51.5160917],[-0.1741996,51.5161168],[-0.1737527,51.5162351],[-0.1733032,51.5164203],[-0.1726763,51.5169074],[-0.1723707,51.5172521],[-0.1720769,51.5175834],[-0.1718739,51.5178336],[-0.1717443,51.5180413],[-0.1716716,51.5181578],[-0.1715582,51.5183501],[-0.1712161,51.5193519],[-0.1710754,51.5197573],[-0.1710324,51.5198593],[-0.170964,51.5199769],[-0.1708245,51.5201292],[-0.1706483,51.520256],[-0.170525,51.5203447],[-0.170304,51.5204793],[-0.1702600846894059,51.520502998257896]]},"properties":{"id":"940GZZLUPAC-940GZZLUERB-Bakerloo","source":"940GZZLUPAC","target":"940GZZLUERB","sourceName":"Paddington","targetName":"Edgware Road Bakerloo","line":"Bakerloo","colour":"#B36305","color":"#B36305","traffic":0.3283,"off9":0.0,"off12":0.0,"off14":0.0},"id":213},{"type":"Feature","geometry":{"type":"LineString","coordinates":[[0.12693625473981898,51.54107370317494],[0.12573490964904221,51.54099374937694],[0.1253184974000223,51.54096266123433],[0.1250740918597982,51.54094246156009],[0.12391044860340787,51.54083272754729],[0.12351265245104562,51.54079376141654],[0.12257051076575733,51.54072195381786],[0.12030904983745462,51.54057223613142],[0.11824472113256423,51.540430815006516],[0.11527233910696016,51.540197837001685],[0.1120508206353411,51.53994510178369],[0.10566022287184536,51.53943609692193],[0.10391511923504278,51.539298891803796],[0.10191504833099367,51.53913925860982],[0.10143571791186162,51.53910103000065]]},"properties":{"id":"940GZZLUBEC-940GZZLUUPY-District","source":"940GZZLUBEC","target":"940GZZLUUPY","sourceName":"Becontree","targetName":"Upney","line":"District","colour":"#00782A","color":"#00782A","traffic":0.1806,"off9":0.0,"off12":0.0,"off14":0.0},"id":214},{"type":"Feature","geometry":{"type":"LineString","coordinates":[[0.12693625473981898,51.54107370317494],[0.12708787670590665,51.541083833103464],[0.12721606151884568,51.54109235142841],[0.127708271273521,51.54111847952236],[0.1287131219540774,51.541176365858234],[0.12976672536517048,51.5412279031688],[0.13073837600350494,51.541271636091835],[0.13154614442627216,51.54131452167314],[0.13229386339058813,51.54136378253154],[0.13332183512688509,51.541432981368324],[0.13461157900444326,51.541517564781536],[0.13593449756359993,51.541602081599756],[0.13715502287578007,51.54168134231364],[0.1386318140258769,51.54177812161133],[0.13994861000914394,51.5418647637784],[0.1415710735816576,51.54197487886237],[0.14355632724509748,51.54210425619149],[0.14473574557751556,51.54218525086545],[0.1452393460380031,51.54221398977294],[0.14744744597858903,51.542362360925786]]},"properties":{"id":"940GZZLUBEC-940GZZLUDGY-District","source":"940GZZLUBEC","target":"940GZZLUDGY","sourceName":"Becontree","targetName":"Dagenham Heathway","line":"District","colour":"#00782A","color":"#00782A","traffic":0.0431,"off9":0.0,"off12":0.0,"off14":0.0},"id":215},{"type":"Feature","geometry":{"type":"LineString","coordinates":[[0.14744744597858903,51.542362360925786],[0.1475085895871825,51.54236648729584],[0.14817560551366968,51.54241281313153],[0.1485533695289494,51.54243620845593],[0.1493864133173782,51.54249092571312],[0.15014554364572186,51.54254078615612],[0.1510913759893906,51.54261219038542],[0.15196406683810612,51.54268835121269],[0.1528203250958874,51.542772917968826],[0.1535080622587181,51.54284908215294],[0.15438513740691193,51.54296043096688],[0.15506454723459503,51.54305478946829],[0.15552892220234163,51.543133262947904],[0.15646584731343754,51.54329802594302],[0.15742610580779812,51.543464054017775],[0.1584751997545572,51.54364798235907],[0.15931172771596308,51.54379785219821],[0.159814478515682,51.543889036069885],[0.16079563114426393,51.54405893863601],[0.1612033906088506,51.544136835760995],[0.16246468691434962,51.544352181001386],[0.16374041178864354,51.54456876252014],[0.16406511702847126,51.54462452059617],[0.16469294597707204,51.54473141429637],[0.16545144485059685,51.54485869961273],[0.16557148596266322,51.5448772213382],[0.1658174284647631,51.54491598121852]]},"properties":{"id":"940GZZLUDGY-940GZZLUDGE-District","source":"940GZZLUDGY","target":"940GZZLUDGE","sourceName":"Dagenham Heathway","targetName":"Dagenham East","line":"District","colour":"#00782A","color":"#00782A","traffic":0.0289,"off9":0.0,"off12":0.0,"off14":0.0},"id":216},{"type":"Feature","geometry":{"type":"LineString","coordinates":[[0.14744744597858903,51.542362360925786],[0.1452393460380031,51.54221398977294],[0.14473574557751556,51.54218525086545],[0.14355632724509748,51.54210425619149],[0.1415710735816576,51.54197487886237],[0.13994861000914394,51.5418647637784],[0.1386318140258769,51.54177812161133],[0.13715502287578007,51.54168134231364],[0.13593449756359993,51.541602081599756],[0.13461157900444326,51.541517564781536],[0.13332183512688509,51.541432981368324],[0.13229386339058813,51.54136378253154],[0.13154614442627216,51.54131452167314],[0.13073837600350494,51.541271636091835],[0.12976672536517048,51.5412279031688],[0.1287131219540774,51.541176365858234],[0.127708271273521,51.54111847952236],[0.12721606151884568,51.54109235142841],[0.12708787670590665,51.541083833103464],[0.12693625473981898,51.54107370317494]]},"properties":{"id":"940GZZLUDGY-940GZZLUBEC-District","source":"940GZZLUDGY","target":"940GZZLUBEC","sourceName":"Dagenham Heathway","targetName":"Becontree","line":"District","colour":"#00782A","color":"#00782A","traffic":0.1488,"off9":0.0,"off12":0.0,"off14":0.0},"id":217},{"type":"Feature","geometry":{"type":"LineString","coordinates":[[-0.164785770981841,51.550525381279925],[-0.1651081,51.5507722],[-0.1660467,51.5514506],[-0.1665446,51.5517556],[-0.1673186,51.5522752],[-0.1679791,51.5526813],[-0.1687457,51.5530737],[-0.1694235,51.5534384],[-0.1700545,51.5537419],[-0.1705081,51.5539488],[-0.1711021,51.55422],[-0.1718021,51.5545266],[-0.1725958,51.5548223],[-0.173456,51.555063],[-0.1743655,51.5552852],[-0.1753416,51.5555151],[-0.1762881,51.5557633],[-0.1772962,51.5561296],[-0.17747922058079266,51.556198666992145]]},"properties":{"id":"940GZZLUBZP-940GZZLUHTD-Northern","source":"940GZZLUBZP","target":"940GZZLUHTD","sourceName":"Belsize Park","targetName":"Hampstead","line":"Northern","colour":"#000000","color":"#000000","traffic":0.1011,"off9":0.0,"off12":0.0,"off14":0.0},"id":218},{"type":"Feature","geometry":{"type":"LineString","coordinates":[[-0.164785770981841,51.550525381279925],[-0.1647824,51.5505228],[-0.164574,51.5503687],[-0.1643766,51.5502237],[-0.1640879,51.5500191],[-0.1633774,51.5496284],[-0.1625879,51.5492343],[-0.1621124,51.5489526],[-0.1617077,51.5487074],[-0.1611134,51.5483089],[-0.1600326,51.5476249],[-0.1592401,51.5472139],[-0.1584079,51.5468291],[-0.158023,51.5466793],[-0.1572693,51.5464506],[-0.1567303,51.5462398],[-0.1563698,51.5460446],[-0.1558035,51.5456951],[-0.153889,51.5444913],[-0.1534021,51.5442547],[-0.15334322389206495,51.54423146628904]]},"properties":{"id":"940GZZLUBZP-940GZZLUCFM-Northern","source":"940GZZLUBZP","target":"940GZZLUCFM","sourceName":"Belsize Park","targetName":"Chalk Farm","line":"Northern","colour":"#000000","color":"#000000","traffic":0.3278,"off9":0.0,"off12":0.0,"off14":0.0},"id":219},{"type":"Feature","geometry":{"type":"LineString","coordinates":[[-0.17747922058079266,51.556198666992145],[-0.1772962,51.5561296],[-0.1762881,51.5557633],[-0.1753416,51.5555151],[-0.1743655,51.5552852],[-0.173456,51.555063],[-0.1725958,51.5548223],[-0.1718021,51.5545266],[-0.1711021,51.55422],[-0.1705081,51.5539488],[-0.1700545,51.5537419],[-0.1694235,51.5534384],[-0.1687457,51.5530737],[-0.1679791,51.5526813],[-0.1673186,51.5522752],[-0.1665446,51.5517556],[-0.1660467,51.5514506],[-0.1651081,51.5507722],[-0.164785770981841,51.550525381279925]]},"properties":{"id":"940GZZLUHTD-940GZZLUBZP-Northern","source":"940GZZLUHTD","target":"940GZZLUBZP","sourceName":"Hampstead","targetName":"Belsize Park","line":"Northern","colour":"#000000","color":"#000000","traffic":0.299,"off9":0.0,"off12":0.0,"off14":0.0},"id":220},{"type":"Feature","geometry":{"type":"LineString","coordinates":[[-0.17747922058079266,51.556198666992145],[-0.1776913,51.5562787],[-0.1778018,51.5563349],[-0.1779738,51.5564274],[-0.1781249,51.5565139],[-0.1782918,51.5566155],[-0.1784301,51.5567046],[-0.1788639,51.5570056],[-0.1792664,51.5573615],[-0.1793932,51.5575334],[-0.1795103,51.5577437],[-0.1795818,51.5579479],[-0.1796046,51.5581542],[-0.1795117,51.55845],[-0.1793714,51.5587781],[-0.1793157,51.5590865],[-0.1792278,51.5601874],[-0.1792128,51.5615206],[-0.1792651,51.5623799],[-0.1793772,51.5632067],[-0.1795117,51.5639871],[-0.1797732,51.5647674],[-0.1799846,51.5653716],[-0.1813158,51.5680267],[-0.1814504,51.5682504],[-0.1816265,51.5684513],[-0.1818852,51.5686768],[-0.1823241,51.5689833],[-0.1826422,51.5691898],[-0.1830528,51.5694309],[-0.1835643,51.5696841],[-0.1842896,51.5700189],[-0.1849584,51.5702775],[-0.1858068,51.5705601],[-0.1864839,51.5707545],[-0.1872429,51.5709668],[-0.187914,51.5711543],[-0.1882873,51.5712332],[-0.1887687,51.5713407],[-0.1891757,51.5714301],[-0.1895991,51.5715216],[-0.190236,51.5716432],[-0.1910017,51.5717827],[-0.1911949,51.5718187],[-0.1915661,51.571887],[-0.1920494,51.5719737],[-0.1926812,51.5720903],[-0.193005,51.5721574],[-0.193295,51.5722254],[-0.1935888,51.5723035],[-0.1938723,51.5723861],[-0.1939929025481449,51.57242051975379]]},"properties":{"id":"940GZZLUHTD-940GZZLUGGN-Northern","source":"940GZZLUHTD","target":"940GZZLUGGN","sourceName":"Hampstead","targetName":"Golders Green","line":"Northern","colour":"#000000","color":"#000000","traffic":0.081,"off9":0.0,"off12":0.0,"off14":0.0},"id":221},{"type":"Feature","geometry":{"type":"LineString","coordinates":[[-0.15334322389206495,51.54423146628904],[-0.1531084,51.5441388],[-0.1521388,51.5437565],[-0.1515178,51.5435438],[-0.1508476,51.5433562],[-0.1490107,51.5429687],[-0.1478435,51.5427389],[-0.1473351,51.542588],[-0.1470595,51.5424816],[-0.1466279,51.5422925],[-0.1463418,51.5421414],[-0.1458561,51.541852],[-0.1451749,51.5414126],[-0.1443695,51.5408826],[-0.1441691,51.5407419],[-0.143902,51.5405323],[-0.1434296,51.5399969],[-0.1430587,51.5395587],[-0.1428166,51.5392707],[-0.14279228497364044,51.539244137999084]]},"properties":{"id":"940GZZLUCFM-940GZZLUCTN-Northern","source":"940GZZLUCFM","target":"940GZZLUCTN","sourceName":"Chalk Farm","targetName":"Camden Town","line":"Northern","colour":"#000000","color":"#000000","traffic":0.3596,"off9":0.0,"off12":0.0,"off14":0.0},"id":222},{"type":"Feature","geometry":{"type":"LineString","coordinates":[[-0.15334322389206495,51.54423146628904],[-0.1534021,51.5442547],[-0.153889,51.5444913],[-0.1558035,51.5456951],[-0.1563698,51.5460446],[-0.1567303,51.5462398],[-0.1572693,51.5464506],[-0.158023,51.5466793],[-0.1584079,51.5468291],[-0.1592401,51.5472139],[-0.1600326,51.5476249],[-0.1611134,51.5483089],[-0.1617077,51.5487074],[-0.1621124,51.5489526],[-0.1625879,51.5492343],[-0.1633774,51.5496284],[-0.1640879,51.5500191],[-0.1643766,51.5502237],[-0.164574,51.5503687],[-0.1647824,51.5505228],[-0.164785770981841,51.550525381279925]]},"properties":{"id":"940GZZLUCFM-940GZZLUBZP-Northern","source":"940GZZLUCFM","target":"940GZZLUBZP","sourceName":"Chalk Farm","targetName":"Belsize Park","line":"Northern","colour":"#000000","color":"#000000","traffic":0.1224,"off9":0.0,"off12":0.0,"off14":0.0},"id":223},{"type":"Feature","geometry":{"type":"LineString","coordinates":[[-0.06401371801228092,51.49787291798647],[-0.0642636,51.4978308],[-0.064943,51.497715],[-0.0664464,51.4975476],[-0.067924,51.4974467],[-0.0689905,51.4974822],[-0.0699091,51.4975637],[-0.0707546,51.4977068],[-0.0715064,51.4978876],[-0.0721426,51.4980648],[-0.0724532,51.4981773],[-0.0728641,51.4983486],[-0.0742952,51.499079],[-0.0757588,51.4998689],[-0.0783304,51.5012588],[-0.0811544,51.5027191],[-0.0821373,51.5032431],[-0.0828575,51.5036547],[-0.0835139,51.5041286],[-0.0839679,51.5043643],[-0.0844473,51.504583],[-0.0848946,51.5047328],[-0.0854573,51.504883],[-0.0859688,51.5049736],[-0.0863312,51.5050175],[-0.0866354,51.5050488],[-0.0869132,51.505066],[-0.0878249,51.5050963],[-0.0888951164660216,51.50513681711679]]},"properties":{"id":"940GZZLUBMY-940GZZLULNB-Jubilee","source":"940GZZLUBMY","target":"940GZZLULNB","sourceName":"Bermondsey","targetName":"London Bridge","line":"Jubilee","colour":"#A0A5A9","color":"#A0A5A9","traffic":0.7398,"off9":0.0,"off12":0.0,"off14":0.0},"id":224},{"type":"Feature","geometry":{"type":"LineString","coordinates":[[-0.06397369524272813,51.49762833556526],[-0.0635378,51.4976975],[-0.0610698,51.4979682],[-0.0592506,51.4980003],[-0.0551762,51.4978557],[-0.0531378,51.4977893],[-0.052092,51.4977389],[-0.0511637,51.4977334],[-0.0507742,51.4977497],[-0.0502771,51.4978101],[-0.049400896639241056,51.49787821968139]]},"properties":{"id":"940GZZLUBMY-940GZZLUCWR-Jubilee","source":"940GZZLUBMY","target":"940GZZLUCWR","sourceName":"Bermondsey","targetName":"Canada Water","line":"Jubilee","colour":"#A0A5A9","color":"#A0A5A9","traffic":0.6426,"off9":0.0,"off12":0.0,"off14":0.0},"id":225},{"type":"Feature","geometry":{"type":"LineString","coordinates":[[-0.049400896639241056,51.49787821968139],[-0.0502771,51.4978101],[-0.0507742,51.4977497],[-0.0511637,51.4977334],[-0.052092,51.4977389],[-0.0531378,51.4977893],[-0.0551762,51.4978557],[-0.0592506,51.4980003],[-0.0610698,51.4979682],[-0.0635378,51.4976975],[-0.06397369524272813,51.49762833556526]]},"properties":{"id":"940GZZLUCWR-940GZZLUBMY-Jubilee","source":"940GZZLUCWR","target":"940GZZLUBMY","sourceName":"Canada Water","targetName":"Bermondsey","line":"Jubilee","colour":"#A0A5A9","color":"#A0A5A9","traffic":0.7134,"off9":0.0,"off12":0.0,"off14":0.0},"id":226},{"type":"Feature","geometry":{"type":"LineString","coordinates":[[-0.049412908568597064,51.49802893152381],[-0.0484821,51.4981041],[-0.0483747,51.4981122],[-0.0476371,51.4981513],[-0.0472002,51.4982061],[-0.0459938,51.4983671],[-0.0450277,51.4985808],[-0.0425655,51.4993929],[-0.0400532,51.5001858],[-0.0349617,51.50173],[-0.0334655,51.5021976],[-0.0321126,51.5026354],[-0.0313481,51.5029506],[-0.0304716,51.5034354],[-0.029775,51.5037584],[-0.0290588,51.5040438],[-0.0283053,51.5042251],[-0.0274397,51.5043912],[-0.0266094,51.5044692],[-0.0254422,51.5044397],[-0.0245288,51.5043659],[-0.0204207,51.5037876],[-0.0197267,51.5036994],[-0.0184447,51.5035888],[-0.01823702237477908,51.50356439438621]]},"properties":{"id":"940GZZLUCWR-940GZZLUCYF-Jubilee","source":"940GZZLUCWR","target":"940GZZLUCYF","sourceName":"Canada Water","targetName":"Canary Wharf","line":"Jubilee","colour":"#A0A5A9","color":"#A0A5A9","traffic":0.6843,"off9":0.0,"off12":0.0,"off14":0.0},"id":227},{"type":"Feature","geometry":{"type":"LineString","coordinates":[[-0.05550713222433556,51.52718865632829],[-0.0568366,51.5272338],[-0.0576133,51.5271785],[-0.0580886,51.5271332],[-0.0664179,51.526209],[-0.0679138,51.5259672],[-0.0679268,51.5259648],[-0.0690157,51.5257682],[-0.0698155,51.5255843],[-0.0703855,51.5253831],[-0.0708626,51.5251909],[-0.0718451,51.5247345],[-0.0754595,51.5230903],[-0.0760624,51.5227635],[-0.0767972,51.5222982],[-0.0775474,51.5217938],[-0.0817144,51.5187664],[-0.0818681,51.5186419],[-0.0820041,51.5185186],[-0.0821607,51.5183579],[-0.0824665,51.5180439],[-0.0825668,51.5179588],[-0.0827158,51.517837],[-0.082919,51.5176371],[-0.0830069,51.5175218],[-0.0830802,51.5173976],[-0.08310370971510189,51.51734002922501]]},"properties":{"id":"940GZZLUBLG-940GZZLULVT-Central","source":"940GZZLUBLG","target":"940GZZLULVT","sourceName":"Bethnal Green","targetName":"Liverpool Street","line":"Central","colour":"#E32017","color":"#E32017","traffic":0.9226,"off9":0.0,"off12":0.0,"off14":0.0},"id":228},{"type":"Feature","geometry":{"type":"LineString","coordinates":[[-0.05550713222433556,51.52718865632829],[-0.0553435,51.5271831],[-0.0544557,51.5271395],[-0.0535671,51.5270959],[-0.0527519,51.5270347],[-0.0523353,51.5269653],[-0.0519939,51.5268884],[-0.0509718,51.5265764],[-0.049847,51.5261308],[-0.0476273,51.5249009],[-0.0468061,51.5245301],[-0.0462087,51.5243024],[-0.0454854,51.5241446],[-0.0447811,51.5240395],[-0.044135,51.5239839],[-0.0434268,51.5239251],[-0.0426666,51.5238732],[-0.0420885,51.5238363],[-0.0410094,51.5237888],[-0.0406016,51.5237708],[-0.0391448,51.5237547],[-0.0386572,51.5237656],[-0.038101,51.5238321],[-0.0373538,51.5240171],[-0.0352695,51.5248137],[-0.0343865,51.5250009],[-0.033651454899382593,51.525171387119165]]},"properties":{"id":"940GZZLUBLG-940GZZLUMED-Central","source":"940GZZLUBLG","target":"940GZZLUMED","sourceName":"Bethnal Green","targetName":"Mile End","line":"Central","colour":"#E32017","color":"#E32017","traffic":0.196,"off9":0.0,"off12":0.0,"off14":0.0},"id":229},{"type":"Feature","geometry":{"type":"LineString","coordinates":[[-0.033674214783141414,51.52526076886269],[-0.0334206,51.5253233],[-0.0264888,51.5267607],[-0.0258087,51.5269054],[-0.0256809,51.5269241],[-0.0255447,51.5269332],[-0.0254192,51.5269379],[-0.0252975,51.5269307],[-0.0251482,51.5269194],[-0.0251305990634422,51.52691737782686]]},"properties":{"id":"940GZZLUMED-940GZZLUBWR-Hammersmith & City","source":"940GZZLUMED","target":"940GZZLUBWR","sourceName":"Mile End","targetName":"Bow Road","line":"Hammersmith & City","colour":"#F3A9BB","color":"#F3A9BB","traffic":0.0809,"off9":0.0,"off12":0.0,"off14":0.0},"id":230},{"type":"Feature","geometry":{"type":"LineString","coordinates":[[-0.03396203150105799,51.52598704704313],[-0.03368661365209776,51.52605278908104],[-0.02673596882835435,51.52749275145497],[-0.02602095282860574,51.52764168017],[-0.025808112275249012,51.5276679295903],[-0.025607281500285684,51.527680214337465],[-0.025406178799741004,51.5276858844363],[-0.025216622679509366,51.52767703403239],[-0.02503419126579612,51.52766405781042],[-0.025012471780862317,51.52766178711872]]},"properties":{"id":"940GZZLUMED-940GZZLUBWR-District","source":"940GZZLUMED","target":"940GZZLUBWR","sourceName":"Mile End","targetName":"Bow Road","line":"District","colour":"#00782A","color":"#00782A","traffic":0.0809,"off9":0.0,"off12":0.0,"off14":0.0},"id":231},{"type":"Feature","geometry":{"type":"LineString","coordinates":[[-0.033674214783141414,51.52526076886269],[-0.0353244,51.5248539],[-0.0373896,51.5240708],[-0.0387262,51.5232884],[-0.0409493,51.5225621],[-0.0422882,51.5223058],[-0.0440392,51.5221456],[-0.0454382,51.521964],[-0.046565803524206945,51.52171901392623]]},"properties":{"id":"940GZZLUMED-940GZZLUSGN-Hammersmith & City","source":"940GZZLUMED","target":"940GZZLUSGN","sourceName":"Mile End","targetName":"Stepney Green","line":"Hammersmith & City","colour":"#F3A9BB","color":"#F3A9BB","traffic":0.3627,"off9":0.0,"off12":0.0,"off14":0.0},"id":232},{"type":"Feature","geometry":{"type":"LineString","coordinates":[[-0.03396203150105799,51.52598704704313],[-0.035682095102258046,51.52556805565116],[-0.03790822144811066,51.5247456515933],[-0.03921936737482491,51.52397059590906],[-0.041249593560068416,51.523286417229066],[-0.04245618320407027,51.52304649004583],[-0.04417136859812289,51.522889094073136],[-0.04564338224600308,51.522701053175396],[-0.046821041349839124,51.522449989028786]]},"properties":{"id":"940GZZLUMED-940GZZLUSGN-District","source":"940GZZLUMED","target":"940GZZLUSGN","sourceName":"Mile End","targetName":"Stepney Green","line":"District","colour":"#00782A","color":"#00782A","traffic":0.3627,"off9":0.0,"off12":0.0,"off14":0.0},"id":233},{"type":"Feature","geometry":{"type":"LineString","coordinates":[[-0.033651454899382593,51.525171387119165],[-0.033369,51.5252369],[-0.0324542,51.5254409],[-0.0279743,51.5263796],[-0.0265765,51.526757],[-0.0254063,51.5271195],[-0.0246765,51.5273737],[-0.0232058,51.5281192],[-0.0217992,51.5288102],[-0.0180857,51.5316914],[-0.0171621,51.5323176],[-0.0165789,51.5327131],[-0.0148648,51.533704],[-0.0120531,51.5352549],[-0.0114465,51.5355895],[-0.0087029,51.5372052],[-0.007147,51.5387474],[-0.0062728,51.5395549],[-0.0053184,51.5401965],[-0.0051007,51.5403498],[-0.0049118,51.5404888],[-0.0047724,51.5405949],[-0.0046177,51.540715],[-0.0044812,51.540822],[-0.0042757,51.5409798],[-0.004052,51.5411529],[-0.0039011,51.5412626],[-0.0037561,51.5413676],[-0.0036065,51.5414704],[-0.003349238398609615,51.54165149120975]]},"properties":{"id":"940GZZLUMED-940GZZLUSTD-Central","source":"940GZZLUMED","target":"940GZZLUSTD","sourceName":"Mile End","targetName":"Stratford","line":"Central","colour":"#E32017","color":"#E32017","traffic":0.1863,"off9":0.0,"off12":0.0,"off14":0.0},"id":234},{"type":"Feature","geometry":{"type":"LineString","coordinates":[[-0.033651454899382593,51.525171387119165],[-0.0343865,51.5250009],[-0.0352695,51.5248137],[-0.0373538,51.5240171],[-0.038101,51.5238321],[-0.0386572,51.5237656],[-0.0391448,51.5237547],[-0.0406016,51.5237708],[-0.0410094,51.5237888],[-0.0420885,51.5238363],[-0.0426666,51.5238732],[-0.0434268,51.5239251],[-0.044135,51.5239839],[-0.0447811,51.5240395],[-0.0454854,51.5241446],[-0.0462087,51.5243024],[-0.0468061,51.5245301],[-0.0476273,51.5249009],[-0.049847,51.5261308],[-0.0509718,51.5265764],[-0.0519939,51.5268884],[-0.0523353,51.5269653],[-0.0527519,51.5270347],[-0.0535671,51.5270959],[-0.0544557,51.5271395],[-0.0553435,51.5271831],[-0.05550713222433556,51.52718865632829]]},"properties":{"id":"940GZZLUMED-940GZZLUBLG-Central","source":"940GZZLUMED","target":"940GZZLUBLG","sourceName":"Mile End","targetName":"Bethnal Green","line":"Central","colour":"#E32017","color":"#E32017","traffic":0.8673,"off9":0.0,"off12":0.0,"off14":0.0},"id":235},{"type":"Feature","geometry":{"type":"LineString","coordinates":[[-0.10301929748776471,51.51018418601443],[-0.10288626844671761,51.51021915892819],[-0.10255734478946976,51.510316177239],[-0.10239985342106046,51.510364143559954],[-0.1019882902874864,51.51049351548922],[-0.1019194806092326,51.51051709696726],[-0.10179787249949573,51.51056091068522],[-0.10172539188236586,51.51058963846759],[-0.10167578579000126,51.51060055204228],[-0.10155007648572673,51.51061290932193],[-0.10142660756553355,51.51062115145277],[-0.10133388164400878,51.510617681622556],[-0.10030778027458243,51.510547857746204],[-0.0990601511730349,51.510478114191805],[-0.09842978857712936,51.510445606076374],[-0.09765616870119932,51.51040599325058],[-0.0972760107429788,51.51040553375071],[-0.09642814879304884,51.51036964416828],[-0.09565375493315315,51.510402240788196],[-0.09507766973429045,51.51043578266289],[-0.09459463702373784,51.510469054070484],[-0.09450808164822219,51.510472238919625],[-0.09441160182284222,51.510448895131574],[-0.09440163354251811,51.51044599447948]]},"properties":{"id":"940GZZLUBKF-940GZZLUMSH-Circle","source":"940GZZLUBKF","target":"940GZZLUMSH","sourceName":"Blackfriars","targetName":"Mansion House","line":"Circle","colour":"#FFD300","color":"#FFD300","traffic":0.3175,"off9":0.0,"off12":0.0,"off14":0.0},"id":236},{"type":"Feature","geometry":{"type":"LineString","coordinates":[[-0.103345232063775,51.510904185543495],[-0.10322438422335882,51.51093697946409],[-0.10290892239473493,51.511031488619494],[-0.10275317671053026,51.51107912177998],[-0.10233064514374325,51.51121055774461],[-0.10224369030461634,51.51123739848364],[-0.10207553624974791,51.51128870534261],[-0.10191329594118294,51.511328469233796],[-0.10179199289500065,51.511345076021136],[-0.10162443824286338,51.511359504660966],[-0.10144105378276677,51.51136912572638],[-0.10128119082200439,51.51136499081127],[-0.1002340901372912,51.5112944788731],[-0.09899542558651744,51.511225057095906],[-0.09836669428856468,51.51119260303819],[-0.09762358435059966,51.51115374662529],[-0.0972485553714894,51.511153366875355],[-0.09642937439652442,51.51111767208414],[-0.09571737746657658,51.511149220394095],[-0.09515168486714523,51.511182391331445],[-0.09463656851186893,51.51121662703524],[-0.09444009082411109,51.51121906945981],[-0.09423930091142108,51.51118919756579],[-0.09422167630675694,51.51118559104811]]},"properties":{"id":"940GZZLUBKF-940GZZLUMSH-District","source":"940GZZLUBKF","target":"940GZZLUMSH","sourceName":"Blackfriars","targetName":"Mansion House","line":"District","colour":"#00782A","color":"#00782A","traffic":0.3175,"off9":0.0,"off12":0.0,"off14":0.0},"id":237},{"type":"Feature","geometry":{"type":"LineString","coordinates":[[-0.10432310957775992,51.51303991547857],[-0.10465690190900322,51.512944512784586],[-0.10499644889262787,51.512850362817176],[-0.1052284881060529,51.51277774410262],[-0.1053081524565201,51.51274449775129],[-0.10547164393495248,51.512705361371125],[-0.1056252007219008,51.51267613059092],[-0.105644471920351,51.512672648465035],[-0.10571986003036885,51.51267014577531],[-0.10698870938652685,51.5126714360882],[-0.10708179663358047,51.5126723813997],[-0.10846480329070654,51.51268683406491],[-0.10969425955540459,51.51268740409811],[-0.11091894798389448,51.51270748174763],[-0.11148077260977671,51.51271492797525],[-0.11194647713456102,51.51270350324397],[-0.11260041364150783,51.51266797220308],[-0.11275556131049584,51.512660827197266],[-0.11304763774266152,51.51264714134528],[-0.11340527021759507,51.51262449978112],[-0.11366173100615497,51.51260650890188],[-0.11385176881889117,51.512588177187965],[-0.11398553590706245,51.51257607414614],[-0.11421571016796506,51.512550392906995],[-0.11449098917685027,51.512507720947234],[-0.11472440859189495,51.51246522211836]]},"properties":{"id":"940GZZLUBKF-940GZZLUTMP-Circle","source":"940GZZLUBKF","target":"940GZZLUTMP","sourceName":"Blackfriars","targetName":"Temple","line":"Circle","colour":"#FFD300","color":"#FFD300","traffic":0.379,"off9":0.0,"off12":0.0,"off14":0.0},"id":238},{"type":"Feature","geometry":{"type":"LineString","coordinates":[[-0.10399391211784494,51.51232049117968],[-0.10432930095450166,51.5122248063923],[-0.10466142444631389,51.51213198140859],[-0.1049069940530264,51.51205697205131],[-0.10504947622826001,51.512013998875645],[-0.10528072196747623,51.51196683068556],[-0.1055064003609504,51.51193176529546],[-0.10559233596017549,51.511925324232514],[-0.10570523001518442,51.51192217288766],[-0.10699500469326342,51.5119234180441],[-0.10709384831679024,51.511924390699846],[-0.10847140164535328,51.51193881703245],[-0.1097043297777023,51.51193940204906],[-0.11093732399194724,51.51195954087382],[-0.11147333630488836,51.51196691398763],[-0.11189728856728051,51.51195610162198],[-0.11254010682075391,51.51192088610154],[-0.11269948065524793,51.51191361359863],[-0.11297936887133077,51.511900320672645],[-0.11332128510879755,51.511878299890554],[-0.1135555655030775,51.51186140445094],[-0.11373173440944559,51.51184388859398],[-0.11384971795353123,51.511832837073065],[-0.11403575508398252,51.5118107964535],[-0.11427464458842511,51.51177191047362],[-0.11449139029750688,51.51173138638794]]},"properties":{"id":"940GZZLUBKF-940GZZLUTMP-District","source":"940GZZLUBKF","target":"940GZZLUTMP","sourceName":"Blackfriars","targetName":"Temple","line":"District","colour":"#00782A","color":"#00782A","traffic":0.379,"off9":0.0,"off12":0.0,"off14":0.0},"id":239},{"type":"Feature","geometry":{"type":"LineString","coordinates":[[-0.09440163354251811,51.51044599447948],[-0.09441160182284222,51.510448895131574],[-0.09450808164822219,51.510472238919625],[-0.09459463702373784,51.510469054070484],[-0.09507766973429045,51.51043578266289],[-0.09565375493315315,51.510402240788196],[-0.09642814879304884,51.51036964416828],[-0.0972760107429788,51.51040553375071],[-0.09765616870119932,51.51040599325058],[-0.09842978857712936,51.510445606076374],[-0.0990601511730349,51.510478114191805],[-0.10030778027458243,51.510547857746204],[-0.10133388164400878,51.510617681622556],[-0.10142660756553355,51.51062115145277],[-0.10155007648572673,51.51061290932193],[-0.10167578579000126,51.51060055204228],[-0.10172539188236586,51.51058963846759],[-0.10179787249949573,51.51056091068522],[-0.1019194806092326,51.51051709696726],[-0.1019882902874864,51.51049351548922],[-0.10239985342106046,51.510364143559954],[-0.10255734478946976,51.510316177239],[-0.10288626844671761,51.51021915892819],[-0.10301929748776471,51.51018418601443]]},"properties":{"id":"940GZZLUMSH-940GZZLUBKF-Circle","source":"940GZZLUMSH","target":"940GZZLUBKF","sourceName":"Mansion House","targetName":"Blackfriars","line":"Circle","colour":"#FFD300","color":"#FFD300","traffic":0.3867,"off9":0.0,"off12":0.0,"off14":0.0},"id":240},{"type":"Feature","geometry":{"type":"LineString","coordinates":[[-0.09422167630675694,51.51118559104811],[-0.09423930091142108,51.51118919756579],[-0.09444009082411109,51.51121906945981],[-0.09463656851186893,51.51121662703524],[-0.09515168486714523,51.511182391331445],[-0.09571737746657658,51.511149220394095],[-0.09642937439652442,51.51111767208414],[-0.0972485553714894,51.511153366875355],[-0.09762358435059966,51.51115374662529],[-0.09836669428856468,51.51119260303819],[-0.09899542558651744,51.511225057095906],[-0.1002340901372912,51.5112944788731],[-0.10128119082200439,51.51136499081127],[-0.10144105378276677,51.51136912572638],[-0.10162443824286338,51.511359504660966],[-0.10179199289500065,51.511345076021136],[-0.10191329594118294,51.511328469233796],[-0.10207553624974791,51.51128870534261],[-0.10224369030461634,51.51123739848364],[-0.10233064514374325,51.51121055774461],[-0.10275317671053026,51.51107912177998],[-0.10290892239473493,51.511031488619494],[-0.10322438422335882,51.51093697946409],[-0.103345232063775,51.510904185543495]]},"properties":{"id":"940GZZLUMSH-940GZZLUBKF-District","source":"940GZZLUMSH","target":"940GZZLUBKF","sourceName":"Mansion House","targetName":"Blackfriars","line":"District","colour":"#00782A","color":"#00782A","traffic":0.3867,"off9":0.0,"off12":0.0,"off14":0.0},"id":241},{"type":"Feature","geometry":{"type":"LineString","coordinates":[[-0.09440163354251811,51.51044599447948],[-0.09405941953660281,51.510393145129875],[-0.09314477173387133,51.510324131967444],[-0.09295317641356933,51.51030806799289],[-0.09278679424332215,51.51028422053973],[-0.0921906703856203,51.510179271698476],[-0.09156128861097601,51.510077094969226],[-0.09090968679400104,51.51000486608762],[-0.09052070690108621,51.509999237209854],[-0.09032535442363789,51.51000615905305]]},"properties":{"id":"940GZZLUMSH-940GZZLUCST-Circle","source":"940GZZLUMSH","target":"940GZZLUCST","sourceName":"Mansion House","targetName":"Cannon Street","line":"Circle","colour":"#FFD300","color":"#FFD300","traffic":0.2459,"off9":0.0,"off12":0.0,"off14":0.0},"id":242},{"type":"Feature","geometry":{"type":"LineString","coordinates":[[-0.09422167630675694,51.51118559104811],[-0.09391195976830138,51.511135522564935],[-0.09305173586693566,51.511069915983725],[-0.09283683820678465,51.511052583996445],[-0.09261714712166104,51.51102476026986],[-0.09199128519281012,51.51091693584924],[-0.091385694305488,51.51081709748461],[-0.09082609339700051,51.510751083043814],[-0.09054005345054311,51.51074716860493],[-0.09037847270081217,51.5107534565014]]},"properties":{"id":"940GZZLUMSH-940GZZLUCST-District","source":"940GZZLUMSH","target":"940GZZLUCST","sourceName":"Mansion House","targetName":"Cannon Street","line":"District","colour":"#00782A","color":"#00782A","traffic":0.2459,"off9":0.0,"off12":0.0,"off14":0.0},"id":243},{"type":"Feature","geometry":{"type":"LineString","coordinates":[[-0.11472440859189495,51.51246522211836],[-0.11449098917685027,51.512507720947234],[-0.11421571016796506,51.512550392906995],[-0.11398553590706245,51.51257607414614],[-0.11385176881889117,51.512588177187965],[-0.11366173100615497,51.51260650890188],[-0.11340527021759507,51.51262449978112],[-0.11304763774266152,51.51264714134528],[-0.11275556131049584,51.512660827197266],[-0.11260041364150783,51.51266797220308],[-0.11194647713456102,51.51270350324397],[-0.11148077260977671,51.51271492797525],[-0.11091894798389448,51.51270748174763],[-0.10969425955540459,51.51268740409811],[-0.10846480329070654,51.51268683406491],[-0.10708179663358047,51.5126723813997],[-0.10698870938652685,51.5126714360882],[-0.10571986003036885,51.51267014577531],[-0.105644471920351,51.512672648465035],[-0.1056252007219008,51.51267613059092],[-0.10547164393495248,51.512705361371125],[-0.1053081524565201,51.51274449775129],[-0.1052284881060529,51.51277774410262],[-0.10499644889262787,51.512850362817176],[-0.10465690190900322,51.512944512784586],[-0.10432310957775992,51.51303991547857]]},"properties":{"id":"940GZZLUTMP-940GZZLUBKF-Circle","source":"940GZZLUTMP","target":"940GZZLUBKF","sourceName":"Temple","targetName":"Blackfriars","line":"Circle","colour":"#FFD300","color":"#FFD300","traffic":0.3641,"off9":0.0,"off12":0.0,"off14":0.0},"id":244},{"type":"Feature","geometry":{"type":"LineString","coordinates":[[-0.11449139029750688,51.51173138638794],[-0.11427464458842511,51.51177191047362],[-0.11403575508398252,51.5118107964535],[-0.11384971795353123,51.511832837073065],[-0.11373173440944559,51.51184388859398],[-0.1135555655030775,51.51186140445094],[-0.11332128510879755,51.511878299890554],[-0.11297936887133077,51.511900320672645],[-0.11269948065524793,51.51191361359863],[-0.11254010682075391,51.51192088610154],[-0.11189728856728051,51.51195610162198],[-0.11147333630488836,51.51196691398763],[-0.11093732399194724,51.51195954087382],[-0.1097043297777023,51.51193940204906],[-0.10847140164535328,51.51193881703245],[-0.10709384831679024,51.511924390699846],[-0.10699500469326342,51.5119234180441],[-0.10570523001518442,51.51192217288766],[-0.10559233596017549,51.511925324232514],[-0.1055064003609504,51.51193176529546],[-0.10528072196747623,51.51196683068556],[-0.10504947622826001,51.512013998875645],[-0.1049069940530264,51.51205697205131],[-0.10466142444631389,51.51213198140859],[-0.10432930095450166,51.5122248063923],[-0.10399391211784494,51.51232049117968]]},"properties":{"id":"940GZZLUTMP-940GZZLUBKF-District","source":"940GZZLUTMP","target":"940GZZLUBKF","sourceName":"Temple","targetName":"Blackfriars","line":"District","colour":"#00782A","color":"#00782A","traffic":0.3641,"off9":0.0,"off12":0.0,"off14":0.0},"id":245},{"type":"Feature","geometry":{"type":"LineString","coordinates":[[-0.11380948791952142,51.50955341073688],[-0.1138348037203229,51.509548170401395],[-0.1140796469855326,51.50949599216444],[-0.11426477457393003,51.509454443174846],[-0.114364576393692,51.50942022452288],[-0.11455674158302048,51.50936787600399],[-0.11489680944740649,51.50926311473913],[-0.11565244990962192,51.509037456275756],[-0.11775712294902906,51.50838294046945],[-0.11819362652511574,51.508246872029126],[-0.11845898774991451,51.508148855876705],[-0.11872005031058375,51.50804694333833],[-0.118935152703168,51.507950884868556],[-0.11909441184096356,51.50786313010633],[-0.11939463150841625,51.50767191464126],[-0.11958468629748308,51.50749758756616],[-0.11982046984176842,51.507278279763604],[-0.11985251352983034,51.507208632935885],[-0.11993351715539276,51.50707892652331],[-0.12010866155392856,51.50686670612635],[-0.12024034263459822,51.50667936326826],[-0.12047810601090894,51.50637313770449],[-0.12059143839794047,51.5061753510527]]},"properties":{"id":"940GZZLUTMP-940GZZLUEMB-Circle","source":"940GZZLUTMP","target":"940GZZLUEMB","sourceName":"Temple","targetName":"Embankment","line":"Circle","colour":"#FFD300","color":"#FFD300","traffic":0.3494,"off9":0.0,"off12":0.0,"off14":0.0},"id":246},{"type":"Feature","geometry":{"type":"LineString","coordinates":[[-0.11403627811510841,51.51028800186947],[-0.11406595186016147,51.5102822352007],[-0.11431972349276635,51.510228946082215],[-0.11453913728696503,51.51018272158743],[-0.114671438196846,51.51014346226144],[-0.11487742079151024,51.510088788001994],[-0.11523725472370325,51.50998050736956],[-0.11600132495481097,51.50975327813788],[-0.11811016147451453,51.50909797023473],[-0.11856206326255786,51.50895888601457],[-0.11885699387495725,51.50885467793835],[-0.11914577515529187,51.50874647166916],[-0.119397526351584,51.508641342434274],[-0.11961325592048178,51.508537865053164],[-0.12000606575420812,51.50831590732063],[-0.12028859314874153,51.50810389378308],[-0.12058168492088421,51.5078571398818],[-0.12068295676491517,51.50774936646794],[-0.12081355857769638,51.50758836326166],[-0.12101758077696428,51.507356103063174],[-0.12117457131729911,51.50714993163413],[-0.12142565300545446,51.50683326885225],[-0.12158936919897023,51.50659217552634]]},"properties":{"id":"940GZZLUTMP-940GZZLUEMB-District","source":"940GZZLUTMP","target":"940GZZLUEMB","sourceName":"Temple","targetName":"Embankment","line":"District","colour":"#00782A","color":"#00782A","traffic":0.3494,"off9":0.0,"off12":0.0,"off14":0.0},"id":247},{"type":"Feature","geometry":{"type":"LineString","coordinates":[[-0.041156375738198046,51.58676669598529],[-0.0412998,51.5867727],[-0.0427259,51.5868126],[-0.0429679,51.5868186],[-0.0435144,51.5868129],[-0.0448724,51.5867522],[-0.0463471,51.5866416],[-0.0489132,51.5864318],[-0.0500647,51.5864144],[-0.0509168,51.5864826],[-0.0515506,51.5866133],[-0.0532254,51.5870071],[-0.0540226,51.5872211],[-0.05447,51.5873307],[-0.0550333,51.5874512],[-0.0559455,51.5876192],[-0.0561989,51.5876672],[-0.056487,51.5877152],[-0.0567016,51.5877557],[-0.0569752,51.5878008],[-0.0574228,51.5878775],[-0.0582465,51.5879721],[-0.0583516,51.5879776],[-0.0588795,51.5880051],[-0.0598103,51.5880033],[-0.06023081415425134,51.587971841797476]]},"properties":{"id":"940GZZLUBLR-940GZZLUTMH-Victoria","source":"940GZZLUBLR","target":"940GZZLUTMH","sourceName":"Blackhorse Road","targetName":"Tottenham Hale","line":"Victoria","colour":"#0098D4","color":"#0098D4","traffic":0.3179,"off9":0.0,"off12":0.0,"off14":0.0},"id":248},{"type":"Feature","geometry":{"type":"LineString","coordinates":[[-0.04115172034368877,51.586893610927795],[-0.0406365,51.5868587],[-0.0398737,51.5867787],[-0.038833,51.5866414],[-0.0359145,51.5860858],[-0.021491,51.5832034],[-0.0208991,51.5830831],[-0.020556,51.5830224],[-0.0199949,51.582941]]},"properties":{"id":"940GZZLUBLR-940GZZLUWWL-Victoria","source":"940GZZLUBLR","target":"940GZZLUWWL","sourceName":"Blackhorse Road","targetName":"Walthamstow Central","line":"Victoria","colour":"#0098D4","color":"#0098D4","traffic":0.0354,"off9":0.0,"off12":0.0,"off14":0.0},"id":249},{"type":"Feature","geometry":{"type":"LineString","coordinates":[[-0.06023081415425134,51.587971841797476],[-0.0615895,51.5878702],[-0.0621626,51.5878273],[-0.0631228,51.5876767],[-0.0640213,51.5874539],[-0.065179,51.5870264],[-0.0667065,51.5862491],[-0.0672285,51.5859515],[-0.067779,51.5856573],[-0.069172,51.5849249],[-0.0703571,51.5842492],[-0.0710403,51.5838693],[-0.0720425,51.5833671],[-0.07251107139278953,51.583162764205184]]},"properties":{"id":"940GZZLUTMH-940GZZLUSVS-Victoria","source":"940GZZLUTMH","target":"940GZZLUSVS","sourceName":"Tottenham Hale","targetName":"Seven Sisters","line":"Victoria","colour":"#0098D4","color":"#0098D4","traffic":0.4292,"off9":0.0,"off12":0.0,"off14":0.0},"id":250},{"type":"Feature","geometry":{"type":"LineString","coordinates":[[-0.06023081415425134,51.587971841797476],[-0.0598103,51.5880033],[-0.0588795,51.5880051],[-0.0583516,51.5879776],[-0.0582465,51.5879721],[-0.0574228,51.5878775],[-0.0569752,51.5878008],[-0.0567016,51.5877557],[-0.056487,51.5877152],[-0.0561989,51.5876672],[-0.0559455,51.5876192],[-0.0550333,51.5874512],[-0.05447,51.5873307],[-0.0540226,51.5872211],[-0.0532254,51.5870071],[-0.0515506,51.5866133],[-0.0509168,51.5864826],[-0.0500647,51.5864144],[-0.0489132,51.5864318],[-0.0463471,51.5866416],[-0.0448724,51.5867522],[-0.0435144,51.5868129],[-0.0429679,51.5868186],[-0.0427259,51.5868126],[-0.0412998,51.5867727],[-0.041156375738198046,51.58676669598529]]},"properties":{"id":"940GZZLUTMH-940GZZLUBLR-Victoria","source":"940GZZLUTMH","target":"940GZZLUBLR","sourceName":"Tottenham Hale","targetName":"Blackhorse Road","line":"Victoria","colour":"#0098D4","color":"#0098D4","traffic":0.0568,"off9":0.0,"off12":0.0,"off14":0.0},"id":251},{"type":"Feature","geometry":{"type":"LineString","coordinates":[[-0.0199949,51.582941],[-0.020556,51.5830224],[-0.0208991,51.5830831],[-0.021491,51.5832034],[-0.0359145,51.5860858],[-0.038833,51.5866414],[-0.0398737,51.5867787],[-0.0406365,51.5868587],[-0.04115172034368877,51.586893610927795]]},"properties":{"id":"940GZZLUWWL-940GZZLUBLR-Victoria","source":"940GZZLUWWL","target":"940GZZLUBLR","sourceName":"Walthamstow Central","targetName":"Blackhorse Road","line":"Victoria","colour":"#0098D4","color":"#0098D4","traffic":0.2127,"off9":0.0,"off12":0.0,"off14":0.0},"id":252},{"type":"Feature","geometry":{"type":"LineString","coordinates":[[-0.14327535301198435,51.50751487261017],[-0.14444438769039206,51.506928373064596],[-0.14627763548804673,51.50601110698027],[-0.14811280134084243,51.5050556498107],[-0.14858897228582083,51.50479764575861],[-0.14905727845474154,51.504591526775194],[-0.1493661340736804,51.50446738280019],[-0.14970012997463134,51.504359825550466],[-0.15004603139708575,51.50426719891447],[-0.15037796757166702,51.504195372204826],[-0.15082646214072923,51.50411009294845],[-0.15263547545062175,51.503825076695456]]},"properties":{"id":"940GZZLUGPK-940GZZLUHPC-Piccadilly","source":"940GZZLUGPK","target":"940GZZLUHPC","sourceName":"Green Park","targetName":"Hyde Park Corner","line":"Piccadilly","colour":"#003688","color":"#003688","traffic":0.3856,"off9":0.0,"off12":0.0,"off14":0.0},"id":253},{"type":"Feature","geometry":{"type":"LineString","coordinates":[[-0.14327535301198435,51.50751487261017],[-0.14270117525987766,51.50780340349457],[-0.14221599841010957,51.50804351500071],[-0.1414610657317901,51.5083603728427],[-0.14019980828971476,51.5088215253592],[-0.1396513372072372,51.50898964199667],[-0.13837631088592658,51.50936633081632],[-0.13613217576969916,51.51010880816608],[-0.13559626600153346,51.51028464117374],[-0.13514297074521536,51.51043926183014],[-0.13495495359194487,51.51051916170751],[-0.13474403929618625,51.51060649554644],[-0.13444488002559157,51.51069921029557],[-0.13414455717304558,51.510777157205055],[-0.13408578784297975,51.51078977741753]]},"properties":{"id":"940GZZLUGPK-940GZZLUPCC-Piccadilly","source":"940GZZLUGPK","target":"940GZZLUPCC","sourceName":"Green Park","targetName":"Piccadilly Circus","line":"Piccadilly","colour":"#003688","color":"#003688","traffic":0.3082,"off9":0.0,"off12":0.0,"off14":0.0},"id":254},{"type":"Feature","geometry":{"type":"LineString","coordinates":[[-0.14278894343748347,51.5069456362998],[-0.1434977,51.5079557],[-0.1435382,51.5080795],[-0.1437038,51.5085997],[-0.1437469,51.5091406],[-0.1437413,51.5094074],[-0.1437076,51.5097343],[-0.1436604,51.5099587],[-0.1434348,51.5105877],[-0.1430498,51.5113719],[-0.1426443,51.5121165],[-0.1425397,51.5123128],[-0.1424545,51.5124577],[-0.1423529,51.5127321],[-0.1422684,51.5130056],[-0.1422276,51.5132213],[-0.1421356,51.5136529],[-0.1420502,51.5143572],[-0.1421471,51.5150516],[-0.1421576,51.5151266],[-0.14216652984604777,51.5151795905764]]},"properties":{"id":"940GZZLUGPK-940GZZLUOXC-Victoria","source":"940GZZLUGPK","target":"940GZZLUOXC","sourceName":"Green Park","targetName":"Oxford Circus","line":"Victoria","colour":"#0098D4","color":"#0098D4","traffic":0.848,"off9":0.0,"off12":0.0,"off14":0.0},"id":255},{"type":"Feature","geometry":{"type":"LineString","coordinates":[[-0.14278894343748347,51.5069456362998],[-0.142649,51.5067462],[-0.142581,51.5066493],[-0.1417807,51.5055608],[-0.1414815,51.5050369],[-0.141056,51.5041567],[-0.1405476,51.5028081],[-0.1403882,51.5022439],[-0.1403343,51.5017901],[-0.1403881,51.5012993],[-0.1406149,51.5005709],[-0.1410038,51.4996495],[-0.141483,51.4988127],[-0.1422803,51.4978004],[-0.1426533,51.4972813],[-0.1426905,51.4972299],[-0.1427545,51.4971415],[-0.142876,51.4969968],[-0.1430645,51.4967722],[-0.1432385,51.4965389],[-0.1432789045813931,51.49647966232557]]},"properties":{"id":"940GZZLUGPK-940GZZLUVIC-Victoria","source":"940GZZLUGPK","target":"940GZZLUVIC","sourceName":"Green Park","targetName":"Victoria","line":"Victoria","colour":"#0098D4","color":"#0098D4","traffic":0.6966,"off9":0.0,"off12":0.0,"off14":0.0},"id":256},{"type":"Feature","geometry":{"type":"LineString","coordinates":[[-0.14281719561239187,51.50643112715298],[-0.1425673,51.5064165],[-0.1413994,51.5063441],[-0.1401175,51.5062958],[-0.1390546,51.5062475],[-0.1379658,51.5063137],[-0.1372442,51.5063565],[-0.1367674,51.5063404],[-0.1362489,51.5063125],[-0.1357093,51.5062507],[-0.134988,51.5061164],[-0.1343496,51.505944],[-0.1334733,51.5054277],[-0.1330617,51.5050651],[-0.1327444,51.5046768],[-0.1324774,51.504263],[-0.1322055,51.5036846],[-0.132038,51.5033689],[-0.1318295,51.5030936],[-0.1312252,51.502525],[-0.130501,51.5020742],[-0.1294039,51.50146],[-0.1283501,51.5010489],[-0.1277449,51.5008963],[-0.1271941,51.5008303],[-0.1266341,51.5008398],[-0.1258332,51.5008842],[-0.1254363,51.5009245],[-0.12482789928469881,51.500984530852335]]},"properties":{"id":"940GZZLUGPK-940GZZLUWSM-Jubilee","source":"940GZZLUGPK","target":"940GZZLUWSM","sourceName":"Green Park","targetName":"Westminster","line":"Jubilee","colour":"#A0A5A9","color":"#A0A5A9","traffic":0.5116,"off9":0.0,"off12":0.0,"off14":0.0},"id":257},{"type":"Feature","geometry":{"type":"LineString","coordinates":[[-0.14281719561239187,51.50643112715298],[-0.1440861,51.5065054],[-0.1446522,51.506626],[-0.1452151,51.5067774],[-0.1458177,51.5069492],[-0.1467296,51.5073469],[-0.1469807,51.5075438],[-0.1471819,51.5077476],[-0.1476688,51.5081317],[-0.1479968,51.508422],[-0.1481178,51.5086089],[-0.1483207,51.509008],[-0.148509,51.5093302],[-0.1485874,51.5096778],[-0.1488223,51.5107163],[-0.1489809,51.5114199],[-0.14954317897232616,51.514338641499656]]},"properties":{"id":"940GZZLUGPK-940GZZLUBND-Jubilee","source":"940GZZLUGPK","target":"940GZZLUBND","sourceName":"Green Park","targetName":"Bond Street","line":"Jubilee","colour":"#A0A5A9","color":"#A0A5A9","traffic":0.4252,"off9":0.0,"off12":0.0,"off14":0.0},"id":258},{"type":"Feature","geometry":{"type":"LineString","coordinates":[[-0.15895558357665918,51.513443764882325],[-0.1583892,51.5135178],[-0.1577907,51.5135817],[-0.1562186,51.5137674],[-0.1538986,51.5139416],[-0.1500336,51.5143522],[-0.14973195267542616,51.51438538316149]]},"properties":{"id":"940GZZLUMBA-940GZZLUBND-Central","source":"940GZZLUMBA","target":"940GZZLUBND","sourceName":"Marble Arch","targetName":"Bond Street","line":"Central","colour":"#E32017","color":"#E32017","traffic":0.5333,"off9":0.0,"off12":0.0,"off14":0.0},"id":259},{"type":"Feature","geometry":{"type":"LineString","coordinates":[[-0.15895558357665918,51.513443764882325],[-0.1591481,51.5134186],[-0.1599518,51.5133203],[-0.1635054,51.5129515],[-0.1648508,51.5127931],[-0.1744145,51.5118857],[-0.1751089,51.511798],[-0.17549696703676507,51.51174453626502]]},"properties":{"id":"940GZZLUMBA-940GZZLULGT-Central","source":"940GZZLUMBA","target":"940GZZLULGT","sourceName":"Marble Arch","targetName":"Lancaster Gate","line":"Central","colour":"#E32017","color":"#E32017","traffic":0.3382,"off9":0.0,"off12":0.0,"off14":0.0},"id":260},{"type":"Feature","geometry":{"type":"LineString","coordinates":[[-0.14166232205513007,51.51529451461164],[-0.1417687,51.5156576],[-0.1418921,51.5160712],[-0.1420837,51.516644],[-0.1421951,51.5171332],[-0.142227,51.5176523],[-0.1422086,51.5186879],[-0.1423126,51.5198978],[-0.14222,51.5202818],[-0.1420719,51.5207431],[-0.1419183,51.5211797],[-0.1417923,51.5214247],[-0.1416575,51.5216595],[-0.1415645,51.5219021],[-0.1413995,51.5221922],[-0.141236,51.5224157],[-0.140785,51.5228873],[-0.1405801,51.5231016],[-0.1401454,51.5235041],[-0.1395405,51.5240272],[-0.1390144,51.5245087],[-0.1386048,51.524822],[-0.13836956143146337,51.52501133497756]]},"properties":{"id":"940GZZLUOXC-940GZZLUWRR-Victoria","source":"940GZZLUOXC","target":"940GZZLUWRR","sourceName":"Oxford Circus","targetName":"Warren Street","line":"Victoria","colour":"#0098D4","color":"#0098D4","traffic":0.5583,"off9":0.0,"off12":0.0,"off14":0.0},"id":261},{"type":"Feature","geometry":{"type":"LineString","coordinates":[[-0.14216652984604777,51.5151795905764],[-0.1421576,51.5151266],[-0.1421471,51.5150516],[-0.1420502,51.5143572],[-0.1421356,51.5136529],[-0.1422276,51.5132213],[-0.1422684,51.5130056],[-0.1423529,51.5127321],[-0.1424545,51.5124577],[-0.1425397,51.5123128],[-0.1426443,51.5121165],[-0.1430498,51.5113719],[-0.1434348,51.5105877],[-0.1436604,51.5099587],[-0.1437076,51.5097343],[-0.1437413,51.5094074],[-0.1437469,51.5091406],[-0.1437038,51.5085997],[-0.1435382,51.5080795],[-0.1434977,51.5079557],[-0.14278894343748347,51.5069456362998]]},"properties":{"id":"940GZZLUOXC-940GZZLUGPK-Victoria","source":"940GZZLUOXC","target":"940GZZLUGPK","sourceName":"Oxford Circus","targetName":"Green Park","line":"Victoria","colour":"#0098D4","color":"#0098D4","traffic":0.7478,"off9":0.0,"off12":0.0,"off14":0.0},"id":262},{"type":"Feature","geometry":{"type":"LineString","coordinates":[[-0.14190505508477988,51.51524809438905],[-0.1422192,51.5152213],[-0.1459202,51.5147706],[-0.1497191285330267,51.51427436214356]]},"properties":{"id":"940GZZLUOXC-940GZZLUBND-Central","source":"940GZZLUOXC","target":"940GZZLUBND","sourceName":"Oxford Circus","targetName":"Bond Street","line":"Central","colour":"#E32017","color":"#E32017","traffic":0.4457,"off9":0.0,"off12":0.0,"off14":0.0},"id":263},{"type":"Feature","geometry":{"type":"LineString","coordinates":[[-0.14190505508477988,51.51524809438905],[-0.1413645,51.5152942],[-0.1407785,51.5153611],[-0.1402341,51.5154251],[-0.1396658,51.5154888],[-0.1379109,51.5156639],[-0.1343306,51.5160236],[-0.1328803,51.5161252],[-0.1327997,51.5161338],[-0.131045,51.5162723],[-0.1304010443857211,51.516337364228654]]},"properties":{"id":"940GZZLUOXC-940GZZLUTCR-Central","source":"940GZZLUOXC","target":"940GZZLUTCR","sourceName":"Oxford Circus","targetName":"Tottenham Court Road","line":"Central","colour":"#E32017","color":"#E32017","traffic":0.5782,"off9":0.0,"off12":0.0,"off14":0.0},"id":264},{"type":"Feature","geometry":{"type":"LineString","coordinates":[[-0.14189272451505194,51.51522687876388],[-0.1419591,51.5154638],[-0.1420167,51.5156556],[-0.142061,51.5157851],[-0.1421469,51.5160177],[-0.1422483,51.5162613],[-0.1427238,51.5172811],[-0.1428717,51.5175098],[-0.1429848,51.5176713],[-0.1431501,51.5178077],[-0.1433423,51.5179057],[-0.1437335,51.5180917],[-0.1439281,51.5181875],[-0.1440783,51.5182741],[-0.1441839,51.5183804],[-0.1461377,51.5227729],[-0.1462254,51.5229585],[-0.14644247634953705,51.52334485607165]]},"properties":{"id":"940GZZLUOXC-940GZZLURGP-Bakerloo","source":"940GZZLUOXC","target":"940GZZLURGP","sourceName":"Oxford Circus","targetName":"Regents Park","line":"Bakerloo","colour":"#B36305","color":"#B36305","traffic":0.2831,"off9":0.0,"off12":0.0,"off14":0.0},"id":265},{"type":"Feature","geometry":{"type":"LineString","coordinates":[[-0.14189272451505194,51.51522687876388],[-0.1418813,51.5151861],[-0.1417703,51.5148018],[-0.141648,51.5144875],[-0.141065,51.5136367],[-0.1383597,51.5105624],[-0.1381779,51.5103571],[-0.1381428,51.510322],[-0.1380983,51.5102848],[-0.1380213,51.5102213],[-0.1379899,51.5101965],[-0.1379523,51.5101723],[-0.1379091,51.5101468],[-0.1377613,51.5100748],[-0.1376316,51.5100206],[-0.1375423,51.5099891],[-0.1374186,51.5099543],[-0.1372662,51.5099219],[-0.1371313,51.5098993],[-0.1369627,51.5098762],[-0.1367628,51.5098587],[-0.1365106,51.5098538],[-0.1363426,51.509859],[-0.1360288,51.5098789],[-0.1357011,51.5099163],[-0.1352847,51.5099768],[-0.1350177,51.5099987],[-0.1344256,51.5100143],[-0.1337974940827025,51.51003122650028]]},"properties":{"id":"940GZZLUOXC-940GZZLUPCC-Bakerloo","source":"940GZZLUOXC","target":"940GZZLUPCC","sourceName":"Oxford Circus","targetName":"Piccadilly Circus","line":"Bakerloo","colour":"#B36305","color":"#B36305","traffic":0.2362,"off9":0.0,"off12":0.0,"off14":0.0},"id":266},{"type":"Feature","geometry":{"type":"LineString","coordinates":[[-0.09333241693559098,51.501154436596956],[-0.0925979,51.5017739],[-0.0924691,51.5019325],[-0.0924155,51.5020294],[-0.0922871,51.5023084],[-0.0921231,51.5026071],[-0.0914097,51.5035187],[-0.0910721,51.503831],[-0.0907422,51.5040781],[-0.0894011,51.5050181],[-0.08874008760313816,51.505558389509844]]},"properties":{"id":"940GZZLUBOR-940GZZLULNB-Northern","source":"940GZZLUBOR","target":"940GZZLULNB","sourceName":"Borough","targetName":"London Bridge","line":"Northern","colour":"#000000","color":"#000000","traffic":0.5464,"off9":0.0,"off12":0.0,"off14":0.0},"id":267},{"type":"Feature","geometry":{"type":"LineString","coordinates":[[-0.09333765236592952,51.50115783028391],[-0.0934194,51.5010936],[-0.0937887,51.5008538],[-0.0953273,51.5000091],[-0.0957594,51.499769],[-0.0965572,51.4993135],[-0.0968818,51.4990977],[-0.0972653,51.4988304],[-0.0977094,51.498527],[-0.0993663,51.4970547],[-0.0995386,51.4968424],[-0.0997443,51.4965849],[-0.0999393,51.4963259],[-0.1001617,51.4960333],[-0.1003207,51.4958285],[-0.1003951,51.4956943],[-0.1004635,51.4955281],[-0.1005082,51.4953853],[-0.1005278,51.4952545],[-0.1005335,51.4951655],[-0.1005417,51.4950294],[-0.1005484,51.4949204],[-0.1005548,51.4948152],[-0.100569,51.4945816],[-0.10057187664199921,51.494533940380435]]},"properties":{"id":"940GZZLUBOR-940GZZLUEAC-Northern","source":"940GZZLUBOR","target":"940GZZLUEAC","sourceName":"Borough","targetName":"Elephant  Castle","line":"Northern","colour":"#000000","color":"#000000","traffic":0.1678,"off9":0.0,"off12":0.0,"off14":0.0},"id":268},{"type":"Feature","geometry":{"type":"LineString","coordinates":[[-0.10057187664199921,51.494533940380435],[-0.100569,51.4945816],[-0.1005548,51.4948152],[-0.1005484,51.4949204],[-0.1005417,51.4950294],[-0.1005335,51.4951655],[-0.1005278,51.4952545],[-0.1005082,51.4953853],[-0.1004635,51.4955281],[-0.1003951,51.4956943],[-0.1003207,51.4958285],[-0.1001617,51.4960333],[-0.0999393,51.4963259],[-0.0997443,51.4965849],[-0.0995386,51.4968424],[-0.0993663,51.4970547],[-0.0977094,51.498527],[-0.0972653,51.4988304],[-0.0968818,51.4990977],[-0.0965572,51.4993135],[-0.0957594,51.499769],[-0.0953273,51.5000091],[-0.0937887,51.5008538],[-0.0934194,51.5010936],[-0.09333765236592952,51.50115783028391]]},"properties":{"id":"940GZZLUEAC-940GZZLUBOR-Northern","source":"940GZZLUEAC","target":"940GZZLUBOR","sourceName":"Elephant  Castle","targetName":"Borough","line":"Northern","colour":"#000000","color":"#000000","traffic":0.5466,"off9":0.0,"off12":0.0,"off14":0.0},"id":269},{"type":"Feature","geometry":{"type":"LineString","coordinates":[[-0.10063263558434163,51.49454082919941],[-0.1006439,51.4944787],[-0.1007545,51.4938824],[-0.1008416,51.4933216],[-0.1008995,51.4931995],[-0.1010434,51.4929824],[-0.1012656,51.4927172],[-0.1019344,51.4922305],[-0.1027231,51.4916481],[-0.1031577,51.4912847],[-0.1045075,51.4899406],[-0.1052639,51.4891335],[-0.1056501,51.4887057],[-0.10598598054847157,51.48835928148586]]},"properties":{"id":"940GZZLUEAC-940GZZLUKNG-Northern","source":"940GZZLUEAC","target":"940GZZLUKNG","sourceName":"Elephant  Castle","targetName":"Kennington","line":"Northern","colour":"#000000","color":"#000000","traffic":0.1439,"off9":0.0,"off12":0.0,"off14":0.0},"id":270},{"type":"Feature","geometry":{"type":"LineString","coordinates":[[-0.1001577763893932,51.494889929673526],[-0.1001831,51.494922],[-0.100293,51.4950557],[-0.1004431,51.4951963],[-0.1007703,51.4954111],[-0.1010014,51.4955783],[-0.1011647,51.4957022],[-0.101227,51.4957494],[-0.1013036,51.4958111],[-0.1014045,51.4958972],[-0.1014943,51.4959813],[-0.1016865,51.4961745],[-0.1019912,51.4964129],[-0.1022601,51.4966234],[-0.1042257,51.4981616],[-0.1046487,51.4983825],[-0.1050725,51.4984939],[-0.1055446,51.4985305],[-0.1060327,51.4985151],[-0.1093909,51.4982761],[-0.109884,51.4982617],[-0.110324,51.4982845],[-0.1106347,51.4983043],[-0.1109182,51.4983451],[-0.1112044,51.4984078],[-0.1117732,51.4985652],[-0.1120769,51.4986724],[-0.11232174704710159,51.49879446643014]]},"properties":{"id":"940GZZLUEAC-940GZZLULBN-Bakerloo","source":"940GZZLUEAC","target":"940GZZLULBN","sourceName":"Elephant  Castle","targetName":"Lambeth North","line":"Bakerloo","colour":"#B36305","color":"#B36305","traffic":0.0853,"off9":0.0,"off12":0.0,"off14":0.0},"id":271},{"type":"Feature","geometry":{"type":"LineString","coordinates":[[-0.3256110087531878,51.496284888589265],[-0.326081774886952,51.495978416203776],[-0.32664993857413704,51.49560211914846],[-0.3274666429439709,51.49507084165298],[-0.32791519919548306,51.49478536031138],[-0.32823762956005265,51.494548229449244],[-0.32855101735301173,51.494339366422594],[-0.32899399837028304,51.494116398697756],[-0.3295155651260043,51.493856372417056],[-0.3301249765854932,51.49355311051037],[-0.3312449144348287,51.49299909746633],[-0.33229987149418955,51.49247766953692],[-0.33356543807080447,51.49185606720893],[-0.33484050650990504,51.491232671723104],[-0.33521680750499194,51.49104267288282],[-0.3356692325122102,51.4908121148225],[-0.33630134079061313,51.490443418445665],[-0.3368259286699971,51.49007877801542],[-0.33823895903536993,51.48897352605985],[-0.33889352460183964,51.488456763922066],[-0.34067308436949356,51.48703693375034],[-0.3410141316289798,51.486758942339854],[-0.3425446604883913,51.485552084127924],[-0.34286523481448744,51.485331835132726],[-0.3431311719315324,51.485158194005336],[-0.3434794930011017,51.48497854145213],[-0.3438459151148589,51.48481281834955],[-0.34424880674106256,51.4846568358661],[-0.3446114339369363,51.48454306083503],[-0.3450393266514713,51.48443077827168],[-0.3458817183562882,51.48427521356975],[-0.34671104145529824,51.48413521098093],[-0.34757446520365287,51.48397881190564],[-0.3481000274911897,51.48388618837999],[-0.3488025112163823,51.48375607163402],[-0.34924992487947776,51.48365748266863],[-0.34974033983512914,51.48352396057866],[-0.3502157000910593,51.48336940111139],[-0.3506319705079716,51.483216133959964],[-0.35114322326700964,51.483013552054395],[-0.3515853538345834,51.48278642703583],[-0.3519463875871727,51.48258382019442],[-0.3522900748271082,51.482363228950284],[-0.35264906878162217,51.48211953912612],[-0.35289383434820965,51.48192515048833],[-0.35302605375508034,51.481807265374776]]},"properties":{"id":"940GZZLUBOS-940GZZLUOSY-Piccadilly","source":"940GZZLUBOS","target":"940GZZLUOSY","sourceName":"Boston Manor","targetName":"Osterley","line":"Piccadilly","colour":"#003688","color":"#003688","traffic":0.1145,"off9":0.0,"off12":0.0,"off14":0.0},"id":272},{"type":"Feature","geometry":{"type":"LineString","coordinates":[[-0.3256110087531878,51.496284888589265],[-0.3255104643844738,51.4963512636183],[-0.3250914291128067,51.49663157105751],[-0.3244212221205603,51.497095452209685],[-0.32420719380500007,51.49723384011073],[-0.3239884849557591,51.497359338856086],[-0.323717530011345,51.49750358690681],[-0.32333018743488934,51.49768244070132],[-0.32258860782890986,51.49800378702383],[-0.32201045491975355,51.49824998694061],[-0.3215754425741765,51.49843027865122],[-0.32103839626087033,51.49863162011687],[-0.32060329967179485,51.49878137959215],[-0.32017726563358584,51.498921454964204],[-0.3199163171500632,51.499002341384056],[-0.3196678924380787,51.49907007790551],[-0.3190140258086623,51.49925256502542],[-0.31873336695400867,51.499323628411176],[-0.31849370071845606,51.499380865370064],[-0.318215345217991,51.49944509266044],[-0.31784412681249813,51.49952598274201],[-0.31717377890615994,51.499663469305176],[-0.3160352424777003,51.49989417211982],[-0.3155142176108882,51.50000205656208],[-0.31522808709546163,51.50005912105393],[-0.3150100041419021,51.500112623501344]]},"properties":{"id":"940GZZLUBOS-940GZZLUNFD-Piccadilly","source":"940GZZLUBOS","target":"940GZZLUNFD","sourceName":"Boston Manor","targetName":"Northfields","line":"Piccadilly","colour":"#003688","color":"#003688","traffic":0.1952,"off9":0.0,"off12":0.0,"off14":0.0},"id":273},{"type":"Feature","geometry":{"type":"LineString","coordinates":[[-0.35302605375508034,51.481807265374776],[-0.35289383434820965,51.48192515048833],[-0.35264906878162217,51.48211953912612],[-0.3522900748271082,51.482363228950284],[-0.3519463875871727,51.48258382019442],[-0.3515853538345834,51.48278642703583],[-0.35114322326700964,51.483013552054395],[-0.3506319705079716,51.483216133959964],[-0.3502157000910593,51.48336940111139],[-0.34974033983512914,51.48352396057866],[-0.34924992487947776,51.48365748266863],[-0.3488025112163823,51.48375607163402],[-0.3481000274911897,51.48388618837999],[-0.34757446520365287,51.48397881190564],[-0.34671104145529824,51.48413521098093],[-0.3458817183562882,51.48427521356975],[-0.3450393266514713,51.48443077827168],[-0.3446114339369363,51.48454306083503],[-0.34424880674106256,51.4846568358661],[-0.3438459151148589,51.48481281834955],[-0.3434794930011017,51.48497854145213],[-0.3431311719315324,51.485158194005336],[-0.34286523481448744,51.485331835132726],[-0.3425446604883913,51.485552084127924],[-0.3410141316289798,51.486758942339854],[-0.34067308436949356,51.48703693375034],[-0.33889352460183964,51.488456763922066],[-0.33823895903536993,51.48897352605985],[-0.3368259286699971,51.49007877801542],[-0.33630134079061313,51.490443418445665],[-0.3356692325122102,51.4908121148225],[-0.33521680750499194,51.49104267288282],[-0.33484050650990504,51.491232671723104],[-0.33356543807080447,51.49185606720893],[-0.33229987149418955,51.49247766953692],[-0.3312449144348287,51.49299909746633],[-0.3301249765854932,51.49355311051037],[-0.3295155651260043,51.493856372417056],[-0.32899399837028304,51.494116398697756],[-0.32855101735301173,51.494339366422594],[-0.32823762956005265,51.494548229449244],[-0.32791519919548306,51.49478536031138],[-0.3274666429439709,51.49507084165298],[-0.32664993857413704,51.49560211914846],[-0.326081774886952,51.495978416203776],[-0.3256110087531878,51.496284888589265]]},"properties":{"id":"940GZZLUOSY-940GZZLUBOS-Piccadilly","source":"940GZZLUOSY","target":"940GZZLUBOS","sourceName":"Osterley","targetName":"Boston Manor","line":"Piccadilly","colour":"#003688","color":"#003688","traffic":0.1829,"off9":0.0,"off12":0.0,"off14":0.0},"id":274},{"type":"Feature","geometry":{"type":"LineString","coordinates":[[-0.35302605375508034,51.481807265374776],[-0.35319249238547684,51.48166730445787],[-0.3533293982525891,51.48152351390929],[-0.3534380042345095,51.481408472986985],[-0.3536604578725379,51.481183655810334],[-0.3539151413887736,51.48083152989227],[-0.35406351181518314,51.480621970209384],[-0.3542075023749158,51.48037645357998],[-0.3544019878371109,51.47998152878358],[-0.3545129555095395,51.479660138947516],[-0.35455917867249204,51.479463635811705],[-0.35460260667325405,51.479245368271535],[-0.35462373298741917,51.479055164568265],[-0.35463445350335365,51.47885376026383],[-0.3545898983903209,51.477773667555915],[-0.35457553147737786,51.47751032057279],[-0.35455783411143915,51.477259640805634],[-0.3545460173331604,51.47699190575916],[-0.354553871959919,51.476766760609564],[-0.35457135896964,51.476603429413004],[-0.35457351654271646,51.47648558827131],[-0.3546354423210361,51.47635355411912],[-0.3546937863458036,51.47619777461297],[-0.35473911584510737,51.47606624641175],[-0.354813057520107,51.475892731581446],[-0.3549113788374526,51.47569347946864],[-0.3550124314437603,51.475522269423664],[-0.35517231691096657,51.475310428750525],[-0.3553187799835164,51.47507294127066],[-0.35552053138938017,51.47484670233042],[-0.35576417378582686,51.4746250331277],[-0.35586173993810255,51.474546861711545],[-0.35598868103827563,51.47445412221017],[-0.35613518451480564,51.47434935167809],[-0.3562819579171222,51.4742541198472],[-0.35651490989907897,51.47412767076875],[-0.3566774139301645,51.4740348140438],[-0.3567935591980488,51.47397620823535],[-0.3569161408459148,51.473919624547676]]},"properties":{"id":"940GZZLUOSY-940GZZLUHWE-Piccadilly","source":"940GZZLUOSY","target":"940GZZLUHWE","sourceName":"Osterley","targetName":"Hounslow East","line":"Piccadilly","colour":"#003688","color":"#003688","traffic":0.1085,"off9":0.0,"off12":0.0,"off14":0.0},"id":275},{"type":"Feature","geometry":{"type":"LineString","coordinates":[[-0.31495583953271955,51.500061166404336],[-0.3146529016343359,51.5001215576717],[-0.3143263816994268,51.50018589654912],[-0.3139076600756741,51.50026570500611],[-0.31315096328438147,51.50041880043375],[-0.3126137837739756,51.50053381582591],[-0.31232032008338406,51.500597060944266],[-0.31201127674399287,51.50066677644487],[-0.3116515143586756,51.500759049402355],[-0.31109373195165646,51.50089930040706],[-0.3097188184676333,51.501192416425894],[-0.3088801326209889,51.50136192524905],[-0.30817490856441465,51.50155004440829],[-0.30776585638275505,51.50167932051344]]},"properties":{"id":"940GZZLUNFD-940GZZLUSEA-Piccadilly","source":"940GZZLUNFD","target":"940GZZLUSEA","sourceName":"Northfields","targetName":"South Ealing","line":"Piccadilly","colour":"#003688","color":"#003688","traffic":0.2298,"off9":0.0,"off12":0.0,"off14":0.0},"id":276},{"type":"Feature","geometry":{"type":"LineString","coordinates":[[-0.3150100041419021,51.500112623501344],[-0.31522808709546163,51.50005912105393],[-0.3155142176108882,51.50000205656208],[-0.3160352424777003,51.49989417211982],[-0.31717377890615994,51.499663469305176],[-0.31784412681249813,51.49952598274201],[-0.318215345217991,51.49944509266044],[-0.31849370071845606,51.499380865370064],[-0.31873336695400867,51.499323628411176],[-0.3190140258086623,51.49925256502542],[-0.3196678924380787,51.49907007790551],[-0.3199163171500632,51.499002341384056],[-0.32017726563358584,51.498921454964204],[-0.32060329967179485,51.49878137959215],[-0.32103839626087033,51.49863162011687],[-0.3215754425741765,51.49843027865122],[-0.32201045491975355,51.49824998694061],[-0.32258860782890986,51.49800378702383],[-0.32333018743488934,51.49768244070132],[-0.323717530011345,51.49750358690681],[-0.3239884849557591,51.497359338856086],[-0.32420719380500007,51.49723384011073],[-0.3244212221205603,51.497095452209685],[-0.3250914291128067,51.49663157105751],[-0.3255104643844738,51.4963512636183],[-0.3256110087531878,51.496284888589265]]},"properties":{"id":"940GZZLUNFD-940GZZLUBOS-Piccadilly","source":"940GZZLUNFD","target":"940GZZLUBOS","sourceName":"Northfields","targetName":"Boston Manor","line":"Piccadilly","colour":"#003688","color":"#003688","traffic":0.1208,"off9":0.0,"off12":0.0,"off14":0.0},"id":277},{"type":"Feature","geometry":{"type":"LineString","coordinates":[[-0.1091276371412602,51.59809572587117],[-0.10898926394819514,51.597996060652896],[-0.10812862058674708,51.59725071710032],[-0.10752702654249857,51.59673429945052],[-0.1068299803712743,51.59613028600466],[-0.10559498150564947,51.59501692587833],[-0.10514170660378458,51.59462443745141],[-0.10297374935801706,51.59268305659181],[-0.10257012417216854,51.59205054768265],[-0.1024900606621317,51.59170848297421],[-0.10249250457633782,51.59150863666428],[-0.1025247279370358,51.59138821217191],[-0.10237844936548866,51.59120261136289],[-0.10229709000349907,51.59113251656437],[-0.10215197805260054,51.591037347019004]]},"properties":{"id":"940GZZLUWOG-940GZZLUTPN-Piccadilly","source":"940GZZLUWOG","target":"940GZZLUTPN","sourceName":"Wood Green","targetName":"Turnpike Lane","line":"Piccadilly","colour":"#003688","color":"#003688","traffic":0.2781,"off9":0.0,"off12":0.0,"off14":0.0},"id":278},{"type":"Feature","geometry":{"type":"LineString","coordinates":[[-0.1091276371412602,51.59809572587117],[-0.11029479698869904,51.598993001246285],[-0.11106617031981057,51.59950298462069],[-0.11173397990027871,51.599857948828],[-0.11265785551395639,51.60027387826946],[-0.1140343387488261,51.600955353668176],[-0.11527725153166142,51.60144482856968],[-0.11820775519238332,51.6026227588451],[-0.11851174047340379,51.60279977076954],[-0.11899179106429869,51.60313519669264],[-0.1195262415843207,51.60366984943818],[-0.1199703776995036,51.60430330951519],[-0.12060317266679244,51.605414917059655],[-0.12064143286279859,51.6054624550121],[-0.12106898968326121,51.60603741823341],[-0.12160193083656384,51.60658013543578],[-0.12228722892996323,51.606962164383766],[-0.1232827421311516,51.607618208614596],[-0.12356459909724142,51.60778425047999],[-0.12357605030991839,51.60778976569484]]},"properties":{"id":"940GZZLUWOG-940GZZLUBDS-Piccadilly","source":"940GZZLUWOG","target":"940GZZLUBDS","sourceName":"Wood Green","targetName":"Bounds Green","line":"Piccadilly","colour":"#003688","color":"#003688","traffic":0.0418,"off9":0.0,"off12":0.0,"off14":0.0},"id":279},{"type":"Feature","geometry":{"type":"LineString","coordinates":[[-0.02512743284027104,51.52694685523498],[-0.0251038,51.5269449],[-0.02492,51.5269239],[-0.0247947,51.5269047],[-0.0246895,51.526886],[-0.0244414,51.5268312],[-0.0242946,51.5267899],[-0.0241355,51.5267389],[-0.0239859,51.5266847],[-0.0236437,51.526526],[-0.0218527,51.5255833],[-0.0211603,51.5252063],[-0.0209724,51.5251112],[-0.0205983,51.5249065],[-0.0203781,51.5248165],[-0.0202037,51.5247595],[-0.0200103,51.5247115],[-0.0197236,51.524662],[-0.019505,51.5246423],[-0.0192784,51.5246331],[-0.0184767,51.5246152],[-0.0179638,51.5245979],[-0.0170782,51.5245701],[-0.0159803,51.5245345],[-0.0153655,51.5245158],[-0.0152862,51.5245146],[-0.0146962,51.524506],[-0.0144443,51.5245116],[-0.0141917,51.5245258],[-0.0134897,51.524585],[-0.0132917,51.5246039],[-0.0127806,51.524649],[-0.0123998,51.524688],[-0.011532171148368978,51.52478885685614]]},"properties":{"id":"940GZZLUBWR-940GZZLUBBB-Hammersmith & City","source":"940GZZLUBWR","target":"940GZZLUBBB","sourceName":"Bow Road","targetName":"Bromley_by_Bow","line":"Hammersmith & City","colour":"#F3A9BB","color":"#F3A9BB","traffic":0.0772,"off9":0.0,"off12":0.0,"off14":0.0},"id":280},{"type":"Feature","geometry":{"type":"LineString","coordinates":[[-0.025240827128860846,51.52620216110702],[-0.02522162403068714,51.526200472101564],[-0.02507932671206816,51.52618246850809],[-0.024990981425892983,51.52616670674255],[-0.024924422214631006,51.5261523892711],[-0.02473398637329153,51.52610565835578],[-0.024640972265779073,51.526073584263365],[-0.024523851727245246,51.52603096666011],[-0.02444402872503298,51.525993102432835],[-0.024176795110665644,51.525855519727685],[-0.02242017937121161,51.52492383746781],[-0.021719289860241606,51.52454403824527],[-0.021532494273319686,51.524449299931476],[-0.02111511266127188,51.52423110864067],[-0.020792555049906156,51.524114322961225],[-0.02053547372659437,51.52404051711137],[-0.020257540788269007,51.52397945940555],[-0.01987995944183805,51.52392032467183],[-0.019583365146362122,51.523895862398504],[-0.019316206313593303,51.523885441623506],[-0.018510383785499563,51.523867465330916],[-0.01800292576169049,51.5238502679028],[-0.01711654298049134,51.52382245220417],[-0.01601805784510347,51.52378684067696],[-0.015392803156906726,51.52376796460999],[-0.015305956680332208,51.52376667269981],[-0.014691600038904047,51.523757977170376],[-0.014397192898671383,51.52376414610697],[-0.014107437251043707,51.523779611149685],[-0.013382062027000437,51.52383997560071],[-0.01318173814997172,51.52385900698131],[-0.012666511884913925,51.52390434723277],[-0.012269139858931445,51.5239444022151],[-0.011385119956048878,51.52404644483455]]},"properties":{"id":"940GZZLUBWR-940GZZLUBBB-District","source":"940GZZLUBWR","target":"940GZZLUBBB","sourceName":"Bow Road","targetName":"Bromley_by_Bow","line":"District","colour":"#00782A","color":"#00782A","traffic":0.0772,"off9":0.0,"off12":0.0,"off14":0.0},"id":281},{"type":"Feature","geometry":{"type":"LineString","coordinates":[[-0.0251305990634422,51.52691737782686],[-0.0251482,51.5269194],[-0.0252975,51.5269307],[-0.0254192,51.5269379],[-0.0255447,51.5269332],[-0.0256809,51.5269241],[-0.0258087,51.5269054],[-0.0264888,51.5267607],[-0.0334206,51.5253233],[-0.033674214783141414,51.52526076886269]]},"properties":{"id":"940GZZLUBWR-940GZZLUMED-Hammersmith & City","source":"940GZZLUBWR","target":"940GZZLUMED","sourceName":"Bow Road","targetName":"Mile End","line":"Hammersmith & City","colour":"#F3A9BB","color":"#F3A9BB","traffic":0.3515,"off9":0.0,"off12":0.0,"off14":0.0},"id":282},{"type":"Feature","geometry":{"type":"LineString","coordinates":[[-0.025012471780862317,51.52766178711872],[-0.02503419126579612,51.52766405781042],[-0.025216622679509366,51.52767703403239],[-0.025406178799741004,51.5276858844363],[-0.025607281500285684,51.527680214337465],[-0.025808112275249012,51.5276679295903],[-0.02602095282860574,51.52764168017],[-0.02673596882835435,51.52749275145497],[-0.03368661365209776,51.52605278908104],[-0.03396203150105799,51.52598704704313]]},"properties":{"id":"940GZZLUBWR-940GZZLUMED-District","source":"940GZZLUBWR","target":"940GZZLUMED","sourceName":"Bow Road","targetName":"Mile End","line":"District","colour":"#00782A","color":"#00782A","traffic":0.3515,"off9":0.0,"off12":0.0,"off14":0.0},"id":283},{"type":"Feature","geometry":{"type":"LineString","coordinates":[[-0.011528628173620844,51.5247590178935],[-0.0115211,51.5247599],[-0.0112068,51.5248001],[-0.0105776,51.5248807],[-0.0099959,51.52496],[-0.0094255,51.5250572],[-0.0088125,51.5251925],[-0.0080664,51.5253639],[-0.0064443,51.5257365],[-0.0058616,51.5258658],[-0.0052257,51.5260156],[-0.0046271,51.5261388],[-0.0040758,51.5262695],[-0.0035459,51.526395],[-0.002897,51.5265443],[-0.0023383,51.5266744],[-0.0017061,51.5268271],[-0.0011028,51.5269676],[-0.0005748,51.5270862],[-3.28e-05,51.5272071],[0.0006728,51.5273748],[0.0014621,51.5275581],[0.0022132,51.5277345],[0.0032665,51.527996],[0.0040711,51.5281895],[0.0049128,51.5283789],[0.0049907457017004395,51.52839801474973]]},"properties":{"id":"940GZZLUBBB-940GZZLUWHM-Hammersmith & City","source":"940GZZLUBBB","target":"940GZZLUWHM","sourceName":"Bromley_by_Bow","targetName":"West Ham","line":"Hammersmith & City","colour":"#F3A9BB","color":"#F3A9BB","traffic":0.0712,"off9":0.0,"off12":0.0,"off14":0.0},"id":284},{"type":"Feature","geometry":{"type":"LineString","coordinates":[[-0.011674377615387805,51.525501529270265],[-0.01166732751953076,51.52550237498952],[-0.01135944762118262,51.52554207462793],[-0.010735181807907113,51.5256222752374],[-0.010178107294599947,51.52569938813718],[-0.009656115060291811,51.52579133838774],[-0.009076660879425364,51.525922249548636],[-0.00833557407353553,51.52609294021257],[-0.006709109559545814,51.526466158979964],[-0.006129674326097911,51.52659499747256],[-0.005484753893295953,51.52674605854314],[-0.004886990936918459,51.526869143538484],[-0.004353020398730052,51.52699737290939],[-0.0038192399180310833,51.52712344086898],[-0.003168134848229648,51.52727305991322],[-0.002615787537662585,51.52740223387084],[-0.001983601670113739,51.52755493192259],[-0.001370908775159723,51.527696793493334],[-0.0008374343772894937,51.527816164320704],[-0.00030269680842703097,51.52793603833815],[0.00039779832969238216,51.52810299959699],[0.0011886575513011686,51.528286526988786],[0.0019308888584804638,51.52846161649204],[0.0029810704707403054,51.528722645376405],[0.00379854186789039,51.52891805580468],[0.0046376208743493475,51.529107074536945],[0.0047065795301204074,51.52912485212923]]},"properties":{"id":"940GZZLUBBB-940GZZLUWHM-District","source":"940GZZLUBBB","target":"940GZZLUWHM","sourceName":"Bromley_by_Bow","targetName":"West Ham","line":"District","colour":"#00782A","color":"#00782A","traffic":0.0712,"off9":0.0,"off12":0.0,"off14":0.0},"id":285},{"type":"Feature","geometry":{"type":"LineString","coordinates":[[-0.011532171148368978,51.52478885685614],[-0.0123998,51.524688],[-0.0127806,51.524649],[-0.0132917,51.5246039],[-0.0134897,51.524585],[-0.0141917,51.5245258],[-0.0144443,51.5245116],[-0.0146962,51.524506],[-0.0152862,51.5245146],[-0.0153655,51.5245158],[-0.0159803,51.5245345],[-0.0170782,51.5245701],[-0.0179638,51.5245979],[-0.0184767,51.5246152],[-0.0192784,51.5246331],[-0.019505,51.5246423],[-0.0197236,51.524662],[-0.0200103,51.5247115],[-0.0202037,51.5247595],[-0.0203781,51.5248165],[-0.0205983,51.5249065],[-0.0209724,51.5251112],[-0.0211603,51.5252063],[-0.0218527,51.5255833],[-0.0236437,51.526526],[-0.0239859,51.5266847],[-0.0241355,51.5267389],[-0.0242946,51.5267899],[-0.0244414,51.5268312],[-0.0246895,51.526886],[-0.0247947,51.5269047],[-0.02492,51.5269239],[-0.0251038,51.5269449],[-0.02512743284027104,51.52694685523498]]},"properties":{"id":"940GZZLUBBB-940GZZLUBWR-Hammersmith & City","source":"940GZZLUBBB","target":"940GZZLUBWR","sourceName":"Bromley_by_Bow","targetName":"Bow Road","line":"Hammersmith & City","colour":"#F3A9BB","color":"#F3A9BB","traffic":0.3199,"off9":0.0,"off12":0.0,"off14":0.0},"id":286},{"type":"Feature","geometry":{"type":"LineString","coordinates":[[-0.011385119956048878,51.52404644483455],[-0.012269139858931445,51.5239444022151],[-0.012666511884913925,51.52390434723277],[-0.01318173814997172,51.52385900698131],[-0.013382062027000437,51.52383997560071],[-0.014107437251043707,51.523779611149685],[-0.014397192898671383,51.52376414610697],[-0.014691600038904047,51.523757977170376],[-0.015305956680332208,51.52376667269981],[-0.015392803156906726,51.52376796460999],[-0.01601805784510347,51.52378684067696],[-0.01711654298049134,51.52382245220417],[-0.01800292576169049,51.5238502679028],[-0.018510383785499563,51.523867465330916],[-0.019316206313593303,51.523885441623506],[-0.019583365146362122,51.523895862398504],[-0.01987995944183805,51.52392032467183],[-0.020257540788269007,51.52397945940555],[-0.02053547372659437,51.52404051711137],[-0.020792555049906156,51.524114322961225],[-0.02111511266127188,51.52423110864067],[-0.021532494273319686,51.524449299931476],[-0.021719289860241606,51.52454403824527],[-0.02242017937121161,51.52492383746781],[-0.024176795110665644,51.525855519727685],[-0.02444402872503298,51.525993102432835],[-0.024523851727245246,51.52603096666011],[-0.024640972265779073,51.526073584263365],[-0.02473398637329153,51.52610565835578],[-0.024924422214631006,51.5261523892711],[-0.024990981425892983,51.52616670674255],[-0.02507932671206816,51.52618246850809],[-0.02522162403068714,51.526200472101564],[-0.025240827128860846,51.52620216110702]]},"properties":{"id":"940GZZLUBBB-940GZZLUBWR-District","source":"940GZZLUBBB","target":"940GZZLUBWR","sourceName":"Bromley_by_Bow","targetName":"Bow Road","line":"District","colour":"#00782A","color":"#00782A","traffic":0.3199,"off9":0.0,"off12":0.0,"off14":0.0},"id":287},{"type":"Feature","geometry":{"type":"LineString","coordinates":[[-0.21364032269904842,51.57660694569307],[-0.2141238,51.5768127],[-0.2146113,51.5770173],[-0.2150379,51.5772029],[-0.2153946,51.5773596],[-0.2158386,51.5775566],[-0.2158723,51.5775716],[-0.2163587,51.577772],[-0.2167038,51.577914],[-0.2169238,51.5780018],[-0.2177276,51.5783211],[-0.2179222,51.5784009],[-0.2184484,51.578625],[-0.2189314,51.5788372],[-0.2193387,51.5790313],[-0.2197839,51.5792233],[-0.2202273,51.5794348],[-0.2205385,51.5795846],[-0.2209532,51.5797792],[-0.2213727,51.580003],[-0.2217992,51.5802378],[-0.2223029,51.5805163],[-0.2227164,51.5807579],[-0.2230903,51.5809746],[-0.2235248,51.5812306],[-0.2240759,51.5815662],[-0.2244699,51.5818428],[-0.2248545,51.5821019],[-0.2252887,51.5824049],[-0.2256024,51.5826177],[-0.2257597,51.5827233],[-0.2259614,51.5828684],[-0.2261193,51.5829893],[-0.2263741,51.5831834],[-0.22646207985045197,51.58325255279922]]},"properties":{"id":"940GZZLUBTX-940GZZLUHCL-Northern","source":"940GZZLUBTX","target":"940GZZLUHCL","sourceName":"Brent Cross","targetName":"Hendon Central","line":"Northern","colour":"#000000","color":"#000000","traffic":0.0639,"off9":0.0,"off12":0.0,"off14":0.0},"id":288},{"type":"Feature","geometry":{"type":"LineString","coordinates":[[-0.21364032269904842,51.57660694569307],[-0.2135904,51.5765857],[-0.2132865,51.5764719],[-0.2130273,51.5763649],[-0.2127283,51.5762307],[-0.2123342,51.5760615],[-0.2118801,51.5758541],[-0.2115652,51.5757117],[-0.2112197,51.5755662],[-0.2109593,51.5754455],[-0.2104514,51.5752184],[-0.2101431,51.5750753],[-0.2097319,51.5748894],[-0.2094179,51.5747522],[-0.2089281,51.5745261],[-0.2084388,51.574304],[-0.2080047,51.5741064],[-0.2074938,51.5738789],[-0.2072429,51.5737681],[-0.206897,51.5736374],[-0.2066729,51.5735522],[-0.2063092,51.573425],[-0.2059278,51.5733256],[-0.2056601,51.5732596],[-0.2056263,51.5732513],[-0.2051693,51.5731723],[-0.2046006,51.5731123],[-0.2042213,51.5730952],[-0.20381,51.5730818],[-0.203392,51.5730912],[-0.2029904,51.5731157],[-0.2027458,51.5731431],[-0.2024422,51.5731839],[-0.2021694,51.5732243],[-0.2019383,51.5732642],[-0.2016465,51.573318],[-0.201169,51.5734151],[-0.2007845,51.5734839],[-0.2005409,51.5735274],[-0.2002672,51.5735596],[-0.1999757,51.5735888],[-0.1997454,51.5736039],[-0.1995779,51.5736097],[-0.1993677,51.5736143],[-0.1990726,51.573614],[-0.1988396,51.5736088],[-0.198564,51.5735895],[-0.1982366,51.5735607],[-0.1979093,51.5735136],[-0.1975948,51.573457],[-0.197272,51.5733932],[-0.1970314,51.573337],[-0.1967535,51.5732619],[-0.1965341,51.5731895],[-0.1962482,51.5730857],[-0.1959498,51.5729663],[-0.1957,51.572861],[-0.1955965,51.5728175],[-0.1954007,51.5727229],[-0.1951083,51.5725773],[-0.1949238,51.5725011],[-0.1947323,51.5724319],[-0.1945426,51.5723665],[-0.1942676,51.5722757],[-0.19405393450216504,51.572210247370116]]},"properties":{"id":"940GZZLUBTX-940GZZLUGGN-Northern","source":"940GZZLUBTX","target":"940GZZLUGGN","sourceName":"Brent Cross","targetName":"Golders Green","line":"Northern","colour":"#000000","color":"#000000","traffic":0.2298,"off9":0.0,"off12":0.0,"off14":0.0},"id":289},{"type":"Feature","geometry":{"type":"LineString","coordinates":[[-0.22646207985045197,51.58325255279922],[-0.2263741,51.5831834],[-0.2261193,51.5829893],[-0.2259614,51.5828684],[-0.2257597,51.5827233],[-0.2256024,51.5826177],[-0.2252887,51.5824049],[-0.2248545,51.5821019],[-0.2244699,51.5818428],[-0.2240759,51.5815662],[-0.2235248,51.5812306],[-0.2230903,51.5809746],[-0.2227164,51.5807579],[-0.2223029,51.5805163],[-0.2217992,51.5802378],[-0.2213727,51.580003],[-0.2209532,51.5797792],[-0.2205385,51.5795846],[-0.2202273,51.5794348],[-0.2197839,51.5792233],[-0.2193387,51.5790313],[-0.2189314,51.5788372],[-0.2184484,51.578625],[-0.2179222,51.5784009],[-0.2177276,51.5783211],[-0.2169238,51.5780018],[-0.2167038,51.577914],[-0.2163587,51.577772],[-0.2158723,51.5775716],[-0.2158386,51.5775566],[-0.2153946,51.5773596],[-0.2150379,51.5772029],[-0.2146113,51.5770173],[-0.2141238,51.5768127],[-0.21364032269904842,51.57660694569307]]},"properties":{"id":"940GZZLUHCL-940GZZLUBTX-Northern","source":"940GZZLUHCL","target":"940GZZLUBTX","sourceName":"Hendon Central","targetName":"Brent Cross","line":"Northern","colour":"#000000","color":"#000000","traffic":0.2139,"off9":0.0,"off12":0.0,"off14":0.0},"id":290},{"type":"Feature","geometry":{"type":"LineString","coordinates":[[-0.22646207985045197,51.58325255279922],[-0.2267886,51.5835092],[-0.2269068,51.583607],[-0.2270022,51.583686],[-0.2275057,51.5841126],[-0.2281603,51.5845568],[-0.2298957,51.5857405],[-0.232548,51.5872001],[-0.2347708,51.5882124],[-0.2386376,51.5898032],[-0.2388652,51.589899],[-0.239359,51.5900925],[-0.2398056,51.5902478],[-0.2404877,51.5904713],[-0.2411082,51.5906678],[-0.2416273,51.5908313],[-0.2421476,51.5909948],[-0.2426366,51.5911583],[-0.2432583,51.5913691],[-0.2438752,51.5916278],[-0.2444727,51.5919001],[-0.2450763,51.5922098],[-0.2458043,51.592656],[-0.2463801,51.5930303],[-0.2469837,51.5934135],[-0.2475801,51.593802],[-0.2482042,51.5942002],[-0.2489353,51.5946993],[-0.2491665,51.5948459],[-0.249555,51.5950966],[-0.2498614,51.5952946],[-0.24996100084352815,51.59536096449861]]},"properties":{"id":"940GZZLUHCL-940GZZLUCND-Northern","source":"940GZZLUHCL","target":"940GZZLUCND","sourceName":"Hendon Central","targetName":"Colindale","line":"Northern","colour":"#000000","color":"#000000","traffic":0.0468,"off9":0.0,"off12":0.0,"off14":0.0},"id":291},{"type":"Feature","geometry":{"type":"LineString","coordinates":[[-0.19405393450216504,51.572210247370116],[-0.1942676,51.5722757],[-0.1945426,51.5723665],[-0.1947323,51.5724319],[-0.1949238,51.5725011],[-0.1951083,51.5725773],[-0.1954007,51.5727229],[-0.1955965,51.5728175],[-0.1957,51.572861],[-0.1959498,51.5729663],[-0.1962482,51.5730857],[-0.1965341,51.5731895],[-0.1967535,51.5732619],[-0.1970314,51.573337],[-0.197272,51.5733932],[-0.1975948,51.573457],[-0.1979093,51.5735136],[-0.1982366,51.5735607],[-0.198564,51.5735895],[-0.1988396,51.5736088],[-0.1990726,51.573614],[-0.1993677,51.5736143],[-0.1995779,51.5736097],[-0.1997454,51.5736039],[-0.1999757,51.5735888],[-0.2002672,51.5735596],[-0.2005409,51.5735274],[-0.2007845,51.5734839],[-0.201169,51.5734151],[-0.2016465,51.573318],[-0.2019383,51.5732642],[-0.2021694,51.5732243],[-0.2024422,51.5731839],[-0.2027458,51.5731431],[-0.2029904,51.5731157],[-0.203392,51.5730912],[-0.20381,51.5730818],[-0.2042213,51.5730952],[-0.2046006,51.5731123],[-0.2051693,51.5731723],[-0.2056263,51.5732513],[-0.2056601,51.5732596],[-0.2059278,51.5733256],[-0.2063092,51.573425],[-0.2066729,51.5735522],[-0.206897,51.5736374],[-0.2072429,51.5737681],[-0.2074938,51.5738789],[-0.2080047,51.5741064],[-0.2084388,51.574304],[-0.2089281,51.5745261],[-0.2094179,51.5747522],[-0.2097319,51.5748894],[-0.2101431,51.5750753],[-0.2104514,51.5752184],[-0.2109593,51.5754455],[-0.2112197,51.5755662],[-0.2115652,51.5757117],[-0.2118801,51.5758541],[-0.2123342,51.5760615],[-0.2127283,51.5762307],[-0.2130273,51.5763649],[-0.2132865,51.5764719],[-0.2135904,51.5765857],[-0.21364032269904842,51.57660694569307]]},"properties":{"id":"940GZZLUGGN-940GZZLUBTX-Northern","source":"940GZZLUGGN","target":"940GZZLUBTX","sourceName":"Golders Green","targetName":"Brent Cross","line":"Northern","colour":"#000000","color":"#000000","traffic":0.0654,"off9":0.0,"off12":0.0,"off14":0.0},"id":292},{"type":"Feature","geometry":{"type":"LineString","coordinates":[[-0.1939929025481449,51.57242051975379],[-0.1938723,51.5723861],[-0.1935888,51.5723035],[-0.193295,51.5722254],[-0.193005,51.5721574],[-0.1926812,51.5720903],[-0.1920494,51.5719737],[-0.1915661,51.571887],[-0.1911949,51.5718187],[-0.1910017,51.5717827],[-0.190236,51.5716432],[-0.1895991,51.5715216],[-0.1891757,51.5714301],[-0.1887687,51.5713407],[-0.1882873,51.5712332],[-0.187914,51.5711543],[-0.1872429,51.5709668],[-0.1864839,51.5707545],[-0.1858068,51.5705601],[-0.1849584,51.5702775],[-0.1842896,51.5700189],[-0.1835643,51.5696841],[-0.1830528,51.5694309],[-0.1826422,51.5691898],[-0.1823241,51.5689833],[-0.1818852,51.5686768],[-0.1816265,51.5684513],[-0.1814504,51.5682504],[-0.1813158,51.5680267],[-0.1799846,51.5653716],[-0.1797732,51.5647674],[-0.1795117,51.5639871],[-0.1793772,51.5632067],[-0.1792651,51.5623799],[-0.1792128,51.5615206],[-0.1792278,51.5601874],[-0.1793157,51.5590865],[-0.1793714,51.5587781],[-0.1795117,51.55845],[-0.1796046,51.5581542],[-0.1795818,51.5579479],[-0.1795103,51.5577437],[-0.1793932,51.5575334],[-0.1792664,51.5573615],[-0.1788639,51.5570056],[-0.1784301,51.5567046],[-0.1782918,51.5566155],[-0.1781249,51.5565139],[-0.1779738,51.5564274],[-0.1778018,51.5563349],[-0.1776913,51.5562787],[-0.17747922058079266,51.556198666992145]]},"properties":{"id":"940GZZLUGGN-940GZZLUHTD-Northern","source":"940GZZLUGGN","target":"940GZZLUHTD","sourceName":"Golders Green","targetName":"Hampstead","line":"Northern","colour":"#000000","color":"#000000","traffic":0.2845,"off9":0.0,"off12":0.0,"off14":0.0},"id":293},{"type":"Feature","geometry":{"type":"LineString","coordinates":[[-0.11489024202486889,51.46260671057043],[-0.1154612,51.4627201],[-0.1157781,51.4627831],[-0.1158493,51.4627972],[-0.1167776,51.4629816],[-0.1168597,51.4629979],[-0.1170938,51.4630444],[-0.1176894,51.4631627],[-0.1187229,51.4633052],[-0.119257,51.4634032],[-0.1195529,51.4634568],[-0.1199552,51.4635248],[-0.1202909,51.4635917],[-0.1204863,51.4636394],[-0.1208759,51.4637498],[-0.1210509,51.4637992],[-0.1211693,51.4638356],[-0.1212665,51.4638601],[-0.1217005,51.4640217],[-0.121961,51.464121],[-0.1224636,51.4643177],[-0.1228867,51.4645135],[-0.123236,51.4646857],[-0.1239431,51.4651543],[-0.1242804,51.465407],[-0.1245999,51.4656952],[-0.1249683,51.4660871],[-0.1250697,51.4662085],[-0.1252623,51.4664884],[-0.1254117,51.4667282],[-0.1255491,51.4670015],[-0.1256917,51.4674444],[-0.1258014,51.4679003],[-0.1258079,51.4680161],[-0.1258081,51.46803],[-0.125814,51.4684122],[-0.1258039,51.4684308],[-0.1257789,51.4688554],[-0.1257394,51.4691998],[-0.1256959,51.4694342],[-0.1255615,51.4697004],[-0.1254297,51.4699314],[-0.1252671,51.4702165],[-0.1252636,51.4702226],[-0.1252575,51.4702288],[-0.1251857,51.4703025],[-0.1250846,51.4704061],[-0.1240539,51.4712048],[-0.1232026,51.4719112],[-0.12286573623472603,51.472353050262605]]},"properties":{"id":"940GZZLUBXN-940GZZLUSKW-Victoria","source":"940GZZLUBXN","target":"940GZZLUSKW","sourceName":"Brixton","targetName":"Stockwell","line":"Victoria","colour":"#0098D4","color":"#0098D4","traffic":0.3214,"off9":0.0,"off12":0.0,"off14":0.0},"id":294},{"type":"Feature","geometry":{"type":"LineString","coordinates":[[-0.12286573623472603,51.472353050262605],[-0.1228089,51.4724276],[-0.1224765,51.4728988],[-0.1222451,51.4731642],[-0.1220531,51.4733711],[-0.1218721,51.4735155],[-0.1213529,51.4740167],[-0.1210684,51.4742971],[-0.1207095,51.4747169],[-0.1205632,51.4749479],[-0.1204695,51.4751219],[-0.1204036,51.4752565],[-0.1202958,51.4754817],[-0.1201807,51.4757558],[-0.1200742,51.4759513],[-0.1200245,51.4761005],[-0.1199464,51.4764156],[-0.1199064,51.4767518],[-0.1199032,51.4770298],[-0.1199139,51.4772182],[-0.1199615,51.4775328],[-0.1200175,51.4777672],[-0.1202446,51.4787019],[-0.120501,51.4796085],[-0.1207764,51.4806215],[-0.1208972,51.4810877],[-0.1210764,51.4818027],[-0.1211822,51.4821788],[-0.1212077,51.4822695],[-0.1214017,51.4828382],[-0.1216691,51.4834535],[-0.1218939,51.483775],[-0.1219775,51.4838903],[-0.1220514,51.4839939],[-0.1222135,51.4841973],[-0.1225806,51.4846975],[-0.1226666,51.4847273],[-0.1230796,51.4849717],[-0.12351,51.4852148],[-0.12428056358025283,51.485582590421366]]},"properties":{"id":"940GZZLUSKW-940GZZLUVXL-Victoria","source":"940GZZLUSKW","target":"940GZZLUVXL","sourceName":"Stockwell","targetName":"Vauxhall","line":"Victoria","colour":"#0098D4","color":"#0098D4","traffic":0.5567,"off9":0.0,"off12":0.0,"off14":0.0},"id":295},{"type":"Feature","geometry":{"type":"LineString","coordinates":[[-0.12286573623472603,51.472353050262605],[-0.1232026,51.4719112],[-0.1240539,51.4712048],[-0.1250846,51.4704061],[-0.1251857,51.4703025],[-0.1252575,51.4702288],[-0.1252636,51.4702226],[-0.1252671,51.4702165],[-0.1254297,51.4699314],[-0.1255615,51.4697004],[-0.1256959,51.4694342],[-0.1257394,51.4691998],[-0.1257789,51.4688554],[-0.1258039,51.4684308],[-0.125814,51.4684122],[-0.1258081,51.46803],[-0.1258079,51.4680161],[-0.1258014,51.4679003],[-0.1256917,51.4674444],[-0.1255491,51.4670015],[-0.1254117,51.4667282],[-0.1252623,51.4664884],[-0.1250697,51.4662085],[-0.1249683,51.4660871],[-0.1245999,51.4656952],[-0.1242804,51.465407],[-0.1239431,51.4651543],[-0.123236,51.4646857],[-0.1228867,51.4645135],[-0.1224636,51.4643177],[-0.121961,51.464121],[-0.1217005,51.4640217],[-0.1212665,51.4638601],[-0.1211693,51.4638356],[-0.1210509,51.4637992],[-0.1208759,51.4637498],[-0.1204863,51.4636394],[-0.1202909,51.4635917],[-0.1199552,51.4635248],[-0.1195529,51.4634568],[-0.119257,51.4634032],[-0.1187229,51.4633052],[-0.1176894,51.4631627],[-0.1170938,51.4630444],[-0.1168597,51.4629979],[-0.1167776,51.4629816],[-0.1158493,51.4627972],[-0.1157781,51.4627831],[-0.1154612,51.4627201],[-0.11489024202486889,51.46260671057043]]},"properties":{"id":"940GZZLUSKW-940GZZLUBXN-Victoria","source":"940GZZLUSKW","target":"940GZZLUBXN","sourceName":"Stockwell","targetName":"Brixton","line":"Victoria","colour":"#0098D4","color":"#0098D4","traffic":0.0806,"off9":0.0,"off12":0.0,"off14":0.0},"id":296},{"type":"Feature","geometry":{"type":"LineString","coordinates":[[-0.12260607573134451,51.47214017728037],[-0.1226354,51.4721148],[-0.1243321,51.4706053],[-0.1247669,51.4702748],[-0.1252693,51.4698928],[-0.1262923,51.4691915],[-0.1266148,51.4689677],[-0.1277488,51.4680087],[-0.1282006,51.4674349],[-0.1292202,51.4659435],[-0.1299391,51.4651343],[-0.12998153275665042,51.465096405227165]]},"properties":{"id":"940GZZLUSKW-940GZZLUCPN-Northern","source":"940GZZLUSKW","target":"940GZZLUCPN","sourceName":"Stockwell","targetName":"Clapham North","line":"Northern","colour":"#000000","color":"#000000","traffic":0.1701,"off9":0.0,"off12":0.0,"off14":0.0},"id":297},{"type":"Feature","geometry":{"type":"LineString","coordinates":[[-0.12260607573134451,51.47214017728037],[-0.1225247,51.4722106],[-0.1211786,51.4734872],[-0.119997,51.4746053],[-0.1193778,51.4751913],[-0.1189546,51.4755919],[-0.1173121,51.4771461],[-0.1169089,51.47753],[-0.1152521,51.4791075],[-0.1144797,51.4798382],[-0.1131837,51.4810573],[-0.1130284,51.4812365],[-0.1125416,51.4817981],[-0.11247063986599729,51.48187807380615]]},"properties":{"id":"940GZZLUSKW-940GZZLUOVL-Northern","source":"940GZZLUSKW","target":"940GZZLUOVL","sourceName":"Stockwell","targetName":"Oval","line":"Northern","colour":"#000000","color":"#000000","traffic":0.6411,"off9":0.0,"off12":0.0,"off14":0.0},"id":298},{"type":"Feature","geometry":{"type":"LineString","coordinates":[[0.004438624998966953,51.5280939898937],[0.0044491,51.5279403],[0.0044665,51.5275188],[0.004469,51.5274168],[0.0044751,51.527171],[0.0044894,51.5267495],[0.0045155,51.5254142],[0.0044847,51.5249748],[0.0044544,51.5246075],[0.0042868,51.5228518],[0.0041432,51.5219515],[0.0041208,51.5217682],[0.0041008,51.521554],[0.0040977,51.5213619],[0.0041124,51.5210953],[0.0041503,51.5208032],[0.0041749,51.5205594],[0.0042479,51.5199532],[0.0042948,51.5197356],[0.004333,51.519525],[0.0044175,51.5191778],[0.0045241,51.518869],[0.0046499,51.5184716],[0.0047529,51.518191],[0.0048938,51.5179184],[0.0050372,51.5176171],[0.0051831,51.5173659],[0.0053275,51.5171202],[0.005474,51.5169008],[0.0056649,51.5166471],[0.0060251,51.5161603],[0.0063345,51.515764],[0.0065924,51.515474],[0.0066539,51.5154128],[0.0070332,51.5150349],[0.0071486,51.5149376],[0.0072513,51.5148559],[0.0073321,51.5147847],[0.0074796,51.5146726],[0.0076615,51.5145281],[0.0078146,51.5144059],[0.0079345,51.5142997],[0.008008,51.5142345],[0.008148,51.5141103],[0.008276,51.513992],[0.0083836,51.5138889],[0.008505181256018691,51.51376758832548]]},"properties":{"id":"940GZZLUWHM-940GZZLUCGT-Jubilee","source":"940GZZLUWHM","target":"940GZZLUCGT","sourceName":"West Ham","targetName":"Canning Town","line":"Jubilee","colour":"#A0A5A9","color":"#A0A5A9","traffic":0.3523,"off9":0.0,"off12":0.0,"off14":0.0},"id":299},{"type":"Feature","geometry":{"type":"LineString","coordinates":[[0.004191164069521686,51.528111576067445],[0.0041847,51.5283402],[0.0041774,51.5285802],[0.0041573,51.5287195],[0.0041478,51.528822],[0.0041292,51.5289156],[0.0041126,51.528988],[0.0040944,51.5290504],[0.0040515,51.5292173],[0.0040273,51.5293128],[0.0040173,51.5294128],[0.0040124,51.5295569],[0.0040062,51.5296365],[0.0040364,51.5298528],[0.0040884,51.530023],[0.00415,51.5302109],[0.0042013,51.5304213],[0.0042307,51.5306072],[0.0042388,51.5308031],[0.0042175,51.5309853],[0.004186,51.5311306],[0.0041516,51.5312289],[0.0040987,51.5313669],[0.0040288,51.5315131],[0.0039332,51.5317142],[0.0038211,51.5319226],[0.0037233,51.5321195],[0.0036239,51.5322651],[0.0034855,51.5324467],[0.0032844,51.5326895],[0.0030134,51.5330076],[0.0026599,51.5334297],[0.0025159,51.5336446],[0.0023818,51.5338801],[0.0022402,51.5341601],[0.0021184,51.5344206],[0.0018714,51.5349444],[0.0017413,51.5351733],[0.0016099,51.5353892],[0.0012608,51.5358011],[0.000753,51.5365727],[0.0006811,51.5366638],[0.0005178,51.5368569],[0.0003898,51.5369928],[0.0002146,51.5371715],[4.71e-05,51.537325],[-0.0001219,51.5374712],[-0.0002674,51.5375972],[-0.0003972,51.5376921],[-0.0005106,51.5377768],[-0.0006064,51.5378396],[-0.0007809,51.537973],[-0.0008495,51.5380252],[-0.0011579,51.5382499],[-0.0015222,51.5385889],[-0.0016586,51.5387638],[-0.0017409,51.5388773]]},"properties":{"id":"940GZZLUWHM-940GZZLUSTD-Jubilee","source":"940GZZLUWHM","target":"940GZZLUSTD","sourceName":"West Ham","targetName":"Stratford","line":"Jubilee","colour":"#A0A5A9","color":"#A0A5A9","traffic":0.1177,"off9":0.0,"off12":0.0,"off14":0.0},"id":300},{"type":"Feature","geometry":{"type":"LineString","coordinates":[[0.0049907457017004395,51.52839801474973],[0.0052798,51.5284689],[0.0060857,51.5286524],[0.0068816,51.5288337],[0.0075276,51.5289834],[0.0081821,51.5291323],[0.0088403,51.5292786],[0.0094594,51.5294209],[0.0100832,51.5295701],[0.0107534,51.5297228],[0.0112174,51.5298246],[0.011526,51.5298933],[0.0122604,51.530064],[0.0126891,51.5301603],[0.0127289,51.5301692],[0.0135783,51.5303837],[0.0139247,51.5304653],[0.0149931,51.530735],[0.0156749,51.5309028],[0.0163075,51.5310528],[0.0167393,51.5311475],[0.016962,51.5311966],[0.0171913,51.5312472],[0.01745905957686912,51.531300548341456]]},"properties":{"id":"940GZZLUWHM-940GZZLUPLW-Hammersmith & City","source":"940GZZLUWHM","target":"940GZZLUPLW","sourceName":"West Ham","targetName":"Plaistow","line":"Hammersmith & City","colour":"#F3A9BB","color":"#F3A9BB","traffic":0.0797,"off9":0.0,"off12":0.0,"off14":0.0},"id":301},{"type":"Feature","geometry":{"type":"LineString","coordinates":[[0.0047065795301204074,51.52912485212923],[0.0050031313907458255,51.5291968561369],[0.005818701843736111,51.529381752607456],[0.006612352912324239,51.52956273270896],[0.0072585138698234835,51.52971245583536],[0.00791828758306983,51.52986210153687],[0.008575178193746489,51.53000821798848],[0.009184873317264971,51.53014917076328],[0.00980978901690962,51.5302985333156],[0.010491003123705857,51.5304527994939],[0.010957920451922695,51.53055500304509],[0.01125924296049893,51.53062268778298],[0.011992517467309232,51.53079322826725],[0.012416635083749758,51.53088887100668],[0.01245013525605954,51.53089684810649],[0.01329323508560018,51.531110403042625],[0.013639688193496514,51.531192011181794],[0.014702267281580979,51.531460818370604],[0.01539250389702146,51.53162990667623],[0.01603998146759157,51.5317820808049],[0.01648105782579311,51.53187807377278],[0.01670299749960356,51.531927069642215],[0.01694425216044815,51.531979270442626],[0.017224101961006672,51.53203415750609]]},"properties":{"id":"940GZZLUWHM-940GZZLUPLW-District","source":"940GZZLUWHM","target":"940GZZLUPLW","sourceName":"West Ham","targetName":"Plaistow","line":"District","colour":"#00782A","color":"#00782A","traffic":0.0797,"off9":0.0,"off12":0.0,"off14":0.0},"id":302},{"type":"Feature","geometry":{"type":"LineString","coordinates":[[0.0049907457017004395,51.52839801474973],[0.0049128,51.5283789],[0.0040711,51.5281895],[0.0032665,51.527996],[0.0022132,51.5277345],[0.0014621,51.5275581],[0.0006728,51.5273748],[-3.28e-05,51.5272071],[-0.0005748,51.5270862],[-0.0011028,51.5269676],[-0.0017061,51.5268271],[-0.0023383,51.5266744],[-0.002897,51.5265443],[-0.0035459,51.526395],[-0.0040758,51.5262695],[-0.0046271,51.5261388],[-0.0052257,51.5260156],[-0.0058616,51.5258658],[-0.0064443,51.5257365],[-0.0080664,51.5253639],[-0.0088125,51.5251925],[-0.0094255,51.5250572],[-0.0099959,51.52496],[-0.0105776,51.5248807],[-0.0112068,51.5248001],[-0.0115211,51.5247599],[-0.011528628173620844,51.5247590178935]]},"properties":{"id":"940GZZLUWHM-940GZZLUBBB-Hammersmith & City","source":"940GZZLUWHM","target":"940GZZLUBBB","sourceName":"West Ham","targetName":"Bromley_by_Bow","line":"Hammersmith & City","colour":"#F3A9BB","color":"#F3A9BB","traffic":0.3013,"off9":0.0,"off12":0.0,"off14":0.0},"id":303},{"type":"Feature","geometry":{"type":"LineString","coordinates":[[0.0047065795301204074,51.52912485212923],[0.0046376208743493475,51.529107074536945],[0.00379854186789039,51.52891805580468],[0.0029810704707403054,51.528722645376405],[0.0019308888584804638,51.52846161649204],[0.0011886575513011686,51.528286526988786],[0.00039779832969238216,51.52810299959699],[-0.00030269680842703097,51.52793603833815],[-0.0008374343772894937,51.527816164320704],[-0.001370908775159723,51.527696793493334],[-0.001983601670113739,51.52755493192259],[-0.002615787537662585,51.52740223387084],[-0.003168134848229648,51.52727305991322],[-0.0038192399180310833,51.52712344086898],[-0.004353020398730052,51.52699737290939],[-0.004886990936918459,51.526869143538484],[-0.005484753893295953,51.52674605854314],[-0.006129674326097911,51.52659499747256],[-0.006709109559545814,51.526466158979964],[-0.00833557407353553,51.52609294021257],[-0.009076660879425364,51.525922249548636],[-0.009656115060291811,51.52579133838774],[-0.010178107294599947,51.52569938813718],[-0.010735181807907113,51.5256222752374],[-0.01135944762118262,51.52554207462793],[-0.01166732751953076,51.52550237498952],[-0.011674377615387805,51.525501529270265]]},"properties":{"id":"940GZZLUWHM-940GZZLUBBB-District","source":"940GZZLUWHM","target":"940GZZLUBBB","sourceName":"West Ham","targetName":"Bromley_by_Bow","line":"District","colour":"#00782A","color":"#00782A","traffic":0.3013,"off9":0.0,"off12":0.0,"off14":0.0},"id":304},{"type":"Feature","geometry":{"type":"LineString","coordinates":[[0.04696366992010976,51.62655873579696],[0.04701,51.6267657],[0.0473528,51.6279257],[0.0475166,51.6283929],[0.047716,51.6289072],[0.0480021,51.6296101],[0.0482974,51.6302098],[0.0485945,51.6308458],[0.0489484,51.6314432],[0.0493153,51.6320447],[0.0499379,51.6329645],[0.0508968,51.6342213],[0.0519425,51.6356273],[0.052504,51.636553],[0.0528392,51.6372309],[0.0531574,51.6378444],[0.0532292,51.6380424],[0.0533109,51.6382866],[0.0533603,51.6384525],[0.053446,51.638775],[0.0534956,51.6389558],[0.053641,51.6394171],[0.0537136,51.6396097],[0.0538414,51.6398803],[0.0539352,51.6400839],[0.0540034,51.6402085],[0.0541041,51.6403683],[0.0542094,51.64051],[0.0543272,51.6406359],[0.0545367,51.6408388],[0.0546345,51.6409169],[0.0547777,51.6410239],[0.0549768,51.6411551],[0.0552352,51.6413004],[0.0554135,51.6413934],[0.05548364266697645,51.64142708611026]]},"properties":{"id":"940GZZLUBKH-940GZZLULGN-Central","source":"940GZZLUBKH","target":"940GZZLULGN","sourceName":"Buckhurst Hill","targetName":"Loughton","line":"Central","colour":"#E32017","color":"#E32017","traffic":0.0277,"off9":0.0,"off12":0.0,"off14":0.0},"id":305},{"type":"Feature","geometry":{"type":"LineString","coordinates":[[0.046757,51.626605],[0.03397,51.606899]]},"properties":{"id":"940GZZLUBKH-940GZZLUWOF-Central","source":"940GZZLUBKH","target":"940GZZLUWOF","sourceName":"Buckhurst Hill","targetName":"Woodford","line":"Central","colour":"#E32017","color":"#E32017","traffic":0.1282,"off9":0.0,"off12":0.0,"off14":0.0},"id":306},{"type":"Feature","geometry":{"type":"LineString","coordinates":[[0.05548364266697645,51.64142708611026],[0.0554135,51.6413934],[0.0552352,51.6413004],[0.0549768,51.6411551],[0.0547777,51.6410239],[0.0546345,51.6409169],[0.0545367,51.6408388],[0.0543272,51.6406359],[0.0542094,51.64051],[0.0541041,51.6403683],[0.0540034,51.6402085],[0.0539352,51.6400839],[0.0538414,51.6398803],[0.0537136,51.6396097],[0.053641,51.6394171],[0.0534956,51.6389558],[0.053446,51.638775],[0.0533603,51.6384525],[0.0533109,51.6382866],[0.0532292,51.6380424],[0.0531574,51.6378444],[0.0528392,51.6372309],[0.052504,51.636553],[0.0519425,51.6356273],[0.0508968,51.6342213],[0.0499379,51.6329645],[0.0493153,51.6320447],[0.0489484,51.6314432],[0.0485945,51.6308458],[0.0482974,51.6302098],[0.0480021,51.6296101],[0.047716,51.6289072],[0.0475166,51.6283929],[0.0473528,51.6279257],[0.04701,51.6267657],[0.04696366992010976,51.62655873579696]]},"properties":{"id":"940GZZLULGN-940GZZLUBKH-Central","source":"940GZZLULGN","target":"940GZZLUBKH","sourceName":"Loughton","targetName":"Buckhurst Hill","line":"Central","colour":"#E32017","color":"#E32017","traffic":0.1061,"off9":0.0,"off12":0.0,"off14":0.0},"id":307},{"type":"Feature","geometry":{"type":"LineString","coordinates":[[0.05548364266697645,51.64142708611026],[0.0557477,51.6415539],[0.0559068,51.6416226],[0.05613,51.6417099],[0.0563806,51.6417896],[0.0565901,51.6418501],[0.0567678,51.6418923],[0.0570113,51.6419417],[0.0573412,51.6420006],[0.0574194,51.6420154],[0.0577272,51.6420762],[0.0578683,51.6420982],[0.0580205,51.6421194],[0.058192,51.6421394],[0.0583771,51.6421588],[0.0586023,51.6421778],[0.0587834,51.6421901],[0.0590434,51.6422023],[0.0592557,51.6422066],[0.0594984,51.642209],[0.06035,51.6421794],[0.0627458,51.6420828],[0.063895,51.6420443],[0.065176,51.6420111],[0.0663144,51.6420328],[0.0675248,51.6420689],[0.0692566,51.6421559],[0.0694967,51.6421738],[0.070794,51.6422811],[0.0726396,51.642504],[0.0741765,51.6427335],[0.0765125,51.6431716],[0.0779108,51.6434907],[0.079095,51.6437828],[0.080268,51.6441109],[0.0813931,51.6444606],[0.0822554,51.6447594],[0.0825886,51.6448886],[0.0835733,51.6452929],[0.0837814864494667,51.64538713455476]]},"properties":{"id":"940GZZLULGN-940GZZLUDBN-Central","source":"940GZZLULGN","target":"940GZZLUDBN","sourceName":"Loughton","targetName":"Debden","line":"Central","colour":"#E32017","color":"#E32017","traffic":0.0204,"off9":0.0,"off12":0.0,"off14":0.0},"id":308},{"type":"Feature","geometry":{"type":"LineString","coordinates":[[0.034032059358078105,51.606862119184086],[0.0339019,51.6066431],[0.0333703,51.6056705],[0.0332265,51.6054076],[0.0330455,51.6050772],[0.0326331,51.604333],[0.0324021,51.6039108],[0.0321479,51.603445],[0.0317873,51.6027879],[0.0317073,51.6026462],[0.0314528,51.6021608],[0.0296675,51.5990371],[0.0288049,51.5972147],[0.0285131,51.5963578],[0.0283283,51.5958325],[0.0279591,51.5946503],[0.0274406,51.5919252],[0.027431179758737954,51.59188510668123]]},"properties":{"id":"940GZZLUWOF-940GZZLUSWF-Central","source":"940GZZLUWOF","target":"940GZZLUSWF","sourceName":"Woodford","targetName":"South Woodford","line":"Central","colour":"#E32017","color":"#E32017","traffic":0.2125,"off9":0.0,"off12":0.0,"off14":0.0},"id":309},{"type":"Feature","geometry":{"type":"LineString","coordinates":[[0.03397,51.606899],[0.046757,51.626605]]},"properties":{"id":"940GZZLUWOF-940GZZLUBKH-Central","source":"940GZZLUWOF","target":"940GZZLUBKH","sourceName":"Woodford","targetName":"Buckhurst Hill","line":"Central","colour":"#E32017","color":"#E32017","traffic":0.0298,"off9":0.0,"off12":0.0,"off14":0.0},"id":310},{"type":"Feature","geometry":{"type":"LineString","coordinates":[[0.034068704507789566,51.606839588572406],[0.0344366,51.6074508],[0.0345566,51.6076409],[0.0346439,51.6077857],[0.0348646,51.6081208],[0.0350343,51.6083808],[0.0352565,51.6087124],[0.0355383,51.6090863],[0.0358449,51.6094951],[0.036889,51.6107769],[0.0397956,51.6144397],[0.040864,51.6157905]]},"properties":{"id":"940GZZLUWOF-940GZZLURVY-Central","source":"940GZZLUWOF","target":"940GZZLURVY","sourceName":"Woodford","targetName":"Roding Valley","line":"Central","colour":"#E32017","color":"#E32017","traffic":0.0051,"off9":0.0,"off12":0.0,"off14":0.0},"id":311},{"type":"Feature","geometry":{"type":"LineString","coordinates":[[-0.26405089567249146,51.602767861679006],[-0.2638674,51.6026813],[-0.2635912,51.6025593],[-0.2630739,51.6023426],[-0.2622892,51.602027],[-0.2612292,51.601588],[-0.2601886,51.6011719],[-0.2582196,51.6003778],[-0.2580047,51.6002938],[-0.2574579,51.6000726],[-0.2565473,51.5997045],[-0.2557843,51.5993896],[-0.2552809,51.5991601],[-0.2551916,51.5991114],[-0.2545892,51.598795],[-0.2541884,51.598552],[-0.2539336,51.5983945],[-0.2536343,51.5981928],[-0.2533361,51.5979791],[-0.2530814,51.5977811],[-0.2527107,51.5974819],[-0.2524874,51.5972959],[-0.2521832,51.5970387],[-0.2518923,51.596801],[-0.2514528,51.5964673],[-0.2510908,51.5961698],[-0.2505404,51.5957549],[-0.2503217,51.5956013],[-0.24996100084352815,51.59536096449861]]},"properties":{"id":"940GZZLUBTK-940GZZLUCND-Northern","source":"940GZZLUBTK","target":"940GZZLUCND","sourceName":"Burnt Oak","targetName":"Colindale","line":"Northern","colour":"#000000","color":"#000000","traffic":0.092,"off9":0.0,"off12":0.0,"off14":0.0},"id":312},{"type":"Feature","geometry":{"type":"LineString","coordinates":[[-0.264003799202894,51.60286892628433],[-0.2641908,51.602956],[-0.2646699,51.603183],[-0.2651832,51.6034321],[-0.2657202,51.6037262],[-0.266091,51.603954],[-0.2665408,51.6042595],[-0.2669203,51.6045418],[-0.2673477,51.6048873],[-0.2679151,51.6053875],[-0.2688048,51.606318],[-0.2691924,51.6068017],[-0.2695605,51.6073069],[-0.2698853,51.6077635],[-0.2704018,51.6085065],[-0.2706217,51.6088566],[-0.2708483,51.6092465],[-0.2709935,51.6095651],[-0.2711254,51.6098995],[-0.2712902,51.6105379],[-0.2714031,51.6108797],[-0.2714938,51.611116],[-0.2715428,51.6112283],[-0.2716361,51.611405],[-0.271777,51.6116241],[-0.2719591,51.6118658],[-0.2720763,51.6119972],[-0.2722581,51.6121762],[-0.2724831,51.6123727],[-0.272746,51.6125786],[-0.2731107,51.6128277],[-0.2733298,51.612963],[-0.2735586,51.6130976],[-0.2737375,51.6131945],[-0.274049,51.6133435],[-0.2742546,51.6134349],[-0.27489713438540536,51.61372206266436]]},"properties":{"id":"940GZZLUBTK-940GZZLUEGW-Northern","source":"940GZZLUBTK","target":"940GZZLUEGW","sourceName":"Burnt Oak","targetName":"Edgware","line":"Northern","colour":"#000000","color":"#000000","traffic":0.0125,"off9":0.0,"off12":0.0,"off14":0.0},"id":313},{"type":"Feature","geometry":{"type":"LineString","coordinates":[[-0.24996100084352815,51.59536096449861],[-0.2498614,51.5952946],[-0.249555,51.5950966],[-0.2491665,51.5948459],[-0.2489353,51.5946993],[-0.2482042,51.5942002],[-0.2475801,51.593802],[-0.2469837,51.5934135],[-0.2463801,51.5930303],[-0.2458043,51.592656],[-0.2450763,51.5922098],[-0.2444727,51.5919001],[-0.2438752,51.5916278],[-0.2432583,51.5913691],[-0.2426366,51.5911583],[-0.2421476,51.5909948],[-0.2416273,51.5908313],[-0.2411082,51.5906678],[-0.2404877,51.5904713],[-0.2398056,51.5902478],[-0.239359,51.5900925],[-0.2388652,51.589899],[-0.2386376,51.5898032],[-0.2347708,51.5882124],[-0.232548,51.5872001],[-0.2298957,51.5857405],[-0.2281603,51.5845568],[-0.2275057,51.5841126],[-0.2270022,51.583686],[-0.2269068,51.583607],[-0.2267886,51.5835092],[-0.22646207985045197,51.58325255279922]]},"properties":{"id":"940GZZLUCND-940GZZLUHCL-Northern","source":"940GZZLUCND","target":"940GZZLUHCL","sourceName":"Colindale","targetName":"Hendon Central","line":"Northern","colour":"#000000","color":"#000000","traffic":0.1653,"off9":0.0,"off12":0.0,"off14":0.0},"id":314},{"type":"Feature","geometry":{"type":"LineString","coordinates":[[-0.24996100084352815,51.59536096449861],[-0.2503217,51.5956013],[-0.2505404,51.5957549],[-0.2510908,51.5961698],[-0.2514528,51.5964673],[-0.2518923,51.596801],[-0.2521832,51.5970387],[-0.2524874,51.5972959],[-0.2527107,51.5974819],[-0.2530814,51.5977811],[-0.2533361,51.5979791],[-0.2536343,51.5981928],[-0.2539336,51.5983945],[-0.2541884,51.598552],[-0.2545892,51.598795],[-0.2551916,51.5991114],[-0.2552809,51.5991601],[-0.2557843,51.5993896],[-0.2565473,51.5997045],[-0.2574579,51.6000726],[-0.2580047,51.6002938],[-0.2582196,51.6003778],[-0.2601886,51.6011719],[-0.2612292,51.601588],[-0.2622892,51.602027],[-0.2630739,51.6023426],[-0.2635912,51.6025593],[-0.2638674,51.6026813],[-0.26405089567249146,51.602767861679006]]},"properties":{"id":"940GZZLUCND-940GZZLUBTK-Northern","source":"940GZZLUCND","target":"940GZZLUBTK","sourceName":"Colindale","targetName":"Burnt Oak","line":"Northern","colour":"#000000","color":"#000000","traffic":0.0221,"off9":0.0,"off12":0.0,"off14":0.0},"id":315},{"type":"Feature","geometry":{"type":"LineString","coordinates":[[-0.27489713438540536,51.61372206266436],[-0.2742546,51.6134349],[-0.274049,51.6133435],[-0.2737375,51.6131945],[-0.2735586,51.6130976],[-0.2733298,51.612963],[-0.2731107,51.6128277],[-0.272746,51.6125786],[-0.2724831,51.6123727],[-0.2722581,51.6121762],[-0.2720763,51.6119972],[-0.2719591,51.6118658],[-0.271777,51.6116241],[-0.2716361,51.611405],[-0.2715428,51.6112283],[-0.2714938,51.611116],[-0.2714031,51.6108797],[-0.2712902,51.6105379],[-0.2711254,51.6098995],[-0.2709935,51.6095651],[-0.2708483,51.6092465],[-0.2706217,51.6088566],[-0.2704018,51.6085065],[-0.2698853,51.6077635],[-0.2695605,51.6073069],[-0.2691924,51.6068017],[-0.2688048,51.606318],[-0.2679151,51.6053875],[-0.2673477,51.6048873],[-0.2669203,51.6045418],[-0.2665408,51.6042595],[-0.266091,51.603954],[-0.2657202,51.6037262],[-0.2651832,51.6034321],[-0.2646699,51.603183],[-0.2641908,51.602956],[-0.264003799202894,51.60286892628433]]},"properties":{"id":"940GZZLUEGW-940GZZLUBTK-Northern","source":"940GZZLUEGW","target":"940GZZLUBTK","sourceName":"Edgware","targetName":"Burnt Oak","line":"Northern","colour":"#000000","color":"#000000","traffic":0.0479,"off9":0.0,"off12":0.0,"off14":0.0},"id":316},{"type":"Feature","geometry":{"type":"LineString","coordinates":[[-0.11926769402621529,51.5489076419718],[-0.11921397475270941,51.5489485395653],[-0.11865437423463583,51.54970752315833],[-0.11730055900473219,51.550927571871874],[-0.11710516771940521,51.55107620612139],[-0.11687597297205986,51.551237842791636],[-0.11500499690130488,51.5525387273988],[-0.11485860646657194,51.55266396269441],[-0.11405800840624938,51.55333078881506]]},"properties":{"id":"940GZZLUCAR-940GZZLUHWY-Piccadilly","source":"940GZZLUCAR","target":"940GZZLUHWY","sourceName":"Caledonian Road","targetName":"Holloway Road","line":"Piccadilly","colour":"#003688","color":"#003688","traffic":0.07,"off9":0.0,"off12":0.0,"off14":0.0},"id":317},{"type":"Feature","geometry":{"type":"LineString","coordinates":[[-0.11733727676282849,51.5479669550353],[-0.11903282378983839,51.54551333208223],[-0.11992196631260275,51.54376086057302],[-0.12063669116071708,51.54225820266108],[-0.12089939888960291,51.54138867232597],[-0.12111657430356944,51.54046405275833],[-0.12120246497683863,51.53895495744948],[-0.12116825638144205,51.53863181960991],[-0.12120354793224632,51.538179099886946],[-0.12128347276058458,51.53781315045806],[-0.1212885396062122,51.53755670868569],[-0.12133348827617725,51.53676479540441],[-0.12158632853480282,51.53427458631364],[-0.12161148825277299,51.53364095678005],[-0.12162935870824591,51.53315502797994],[-0.12164945167613667,51.532898741948564],[-0.1216155454184136,51.53258618286116],[-0.1215686018121745,51.53224536026781],[-0.12157793956938136,51.531805046616846],[-0.12160564046270987,51.531605552074346],[-0.12166045613305948,51.53136216694205],[-0.12176169828254622,51.530871640257416],[-0.12188641537092874,51.530539599292716],[-0.12191407546978568,51.53045130111407],[-0.12192863844871409,51.53039999634449]]},"properties":{"id":"940GZZLUCAR-940GZZLUKSX-Piccadilly","source":"940GZZLUCAR","target":"940GZZLUKSX","sourceName":"Caledonian Road","targetName":"Kings Cross St Pancras","line":"Piccadilly","colour":"#003688","color":"#003688","traffic":0.4661,"off9":0.0,"off12":0.0,"off14":0.0},"id":318},{"type":"Feature","geometry":{"type":"LineString","coordinates":[[-0.14279228497364044,51.539244137999084],[-0.1428166,51.5392707],[-0.1430587,51.5395587],[-0.1434296,51.5399969],[-0.143902,51.5405323],[-0.1441691,51.5407419],[-0.1443695,51.5408826],[-0.1451749,51.5414126],[-0.1458561,51.541852],[-0.1463418,51.5421414],[-0.1466279,51.5422925],[-0.1470595,51.5424816],[-0.1473351,51.542588],[-0.1478435,51.5427389],[-0.1490107,51.5429687],[-0.1508476,51.5433562],[-0.1515178,51.5435438],[-0.1521388,51.5437565],[-0.1531084,51.5441388],[-0.15334322389206495,51.54423146628904]]},"properties":{"id":"940GZZLUCTN-940GZZLUCFM-Northern","source":"940GZZLUCTN","target":"940GZZLUCFM","sourceName":"Camden Town","targetName":"Chalk Farm","line":"Northern","colour":"#000000","color":"#000000","traffic":0.1368,"off9":0.0,"off12":0.0,"off14":0.0},"id":319},{"type":"Feature","geometry":{"type":"LineString","coordinates":[[-0.142399,51.5385961],[-0.1423646,51.5384904],[-0.14232,51.538403],[-0.1421479,51.5382082],[-0.1419358,51.5379449],[-0.1394743,51.5356524],[-0.1392015,51.5353732]]},"properties":{"id":"940GZZLUCTN-940GZZLUMTC-Northern","source":"940GZZLUCTN","target":"940GZZLUMTC","sourceName":"Camden Town","targetName":"Mornington Crescent","line":"Northern","colour":"#000000","color":"#000000","traffic":0.3889,"off9":0.0,"off12":0.0,"off14":0.0},"id":320},{"type":"Feature","geometry":{"type":"LineString","coordinates":[[-0.14251538690110743,51.53924600138933],[-0.1425014,51.5393143],[-0.1424036,51.5396902],[-0.1423407,51.5399763],[-0.1422254,51.5406844],[-0.1421324,51.5412732],[-0.1419658,51.5423176],[-0.1418092,51.5428567],[-0.141646,51.5436016],[-0.141491,51.5441371],[-0.1414719,51.5443796],[-0.1414799,51.5444525],[-0.1414942,51.5447498],[-0.1415118,51.5448371],[-0.1415775,51.5450107],[-0.1416531,51.5452497],[-0.1417204,51.5454148],[-0.1418264,51.5456071],[-0.1418947,51.5459281],[-0.1419357,51.5464381],[-0.1418935,51.5466712],[-0.1415678,51.5477671],[-0.1413721,51.5483795],[-0.1410783,51.5494436],[-0.1408672,51.5499024],[-0.1406872,51.5501013],[-0.14062347757754165,51.550270834020026]]},"properties":{"id":"940GZZLUCTN-940GZZLUKSH-Northern","source":"940GZZLUCTN","target":"940GZZLUKSH","sourceName":"Camden Town","targetName":"Kentish Town","line":"Northern","colour":"#000000","color":"#000000","traffic":0.1151,"off9":0.0,"off12":0.0,"off14":0.0},"id":321},{"type":"Feature","geometry":{"type":"LineString","coordinates":[[-0.1393228,51.5353893],[-0.139159,51.5351738],[-0.1390988,51.5350354],[-0.1390678,51.5349254],[-0.1390546,51.5347814],[-0.1390584,51.534611],[-0.13909,51.5343298],[-0.1392449,51.5327455],[-0.1392374,51.5324916],[-0.1392046,51.5322676],[-0.1390271,51.5316064],[-0.1389544,51.5313234],[-0.138699,51.5306469],[-0.1378185,51.5290716],[-0.1375885,51.5287846],[-0.1373447,51.528541],[-0.1370464,51.528334],[-0.1369346,51.5282663],[-0.1365457,51.5281018],[-0.1360561,51.5279016],[-0.1357257,51.5277962],[-0.1353852,51.5277398],[-0.1350359,51.5277197],[-0.1346789,51.5277248],[-0.1343707,51.5277564],[-0.1339631,51.5278236],[-0.1336718,51.5278852],[-0.1334074,51.5279493],[-0.1331245,51.5280303],[-0.1326952,51.5281779],[-0.13214285258023964,51.528344222690116]]},"properties":{"id":"940GZZLUCTN-940GZZLUEUS-Northern","source":"940GZZLUCTN","target":"940GZZLUEUS","sourceName":"Camden Town","targetName":"Euston","line":"Northern","colour":"#000000","color":"#000000","traffic":0.4245,"off9":0.0,"off12":0.0,"off14":0.0},"id":322},{"type":"Feature","geometry":{"type":"LineString","coordinates":[[-0.1392015,51.5353732],[-0.1394743,51.5356524],[-0.1419358,51.5379449],[-0.1421479,51.5382082],[-0.14232,51.538403],[-0.1423646,51.5384904],[-0.142399,51.5385961]]},"properties":{"id":"940GZZLUMTC-940GZZLUCTN-Northern","source":"940GZZLUMTC","target":"940GZZLUCTN","sourceName":"Mornington Crescent","targetName":"Camden Town","line":"Northern","colour":"#000000","color":"#000000","traffic":0.1074,"off9":0.0,"off12":0.0,"off14":0.0},"id":323},{"type":"Feature","geometry":{"type":"LineString","coordinates":[[-0.13905675041286586,51.53468497095991],[-0.1390584,51.534611],[-0.13909,51.5343298],[-0.1392449,51.5327455],[-0.1392374,51.5324916],[-0.1392046,51.5322676],[-0.1390271,51.5316064],[-0.1389544,51.5313234],[-0.138699,51.5306469],[-0.1378185,51.5290716],[-0.1375885,51.5287846],[-0.1373447,51.528541],[-0.1370464,51.528334],[-0.1369346,51.5282663],[-0.1365457,51.5281018],[-0.1360561,51.5279016],[-0.1357257,51.5277962],[-0.1353852,51.5277398],[-0.1350359,51.5277197],[-0.1346789,51.5277248],[-0.1343707,51.5277564],[-0.1339631,51.5278236],[-0.1336718,51.5278852],[-0.1334074,51.5279493],[-0.1331245,51.5280303],[-0.1326952,51.5281779],[-0.13214285258023964,51.528344222690116]]},"properties":{"id":"940GZZLUMTC-940GZZLUEUS-Northern","source":"940GZZLUMTC","target":"940GZZLUEUS","sourceName":"Mornington Crescent","targetName":"Euston","line":"Northern","colour":"#000000","color":"#000000","traffic":0.3857,"off9":0.0,"off12":0.0,"off14":0.0},"id":324},{"type":"Feature","geometry":{"type":"LineString","coordinates":[[-0.14062347757754165,51.550270834020026],[-0.1406872,51.5501013],[-0.1408672,51.5499024],[-0.1410783,51.5494436],[-0.1413721,51.5483795],[-0.1415678,51.5477671],[-0.1418935,51.5466712],[-0.1419357,51.5464381],[-0.1418947,51.5459281],[-0.1418264,51.5456071],[-0.1417204,51.5454148],[-0.1416531,51.5452497],[-0.1415775,51.5450107],[-0.1415118,51.5448371],[-0.1414942,51.5447498],[-0.1414799,51.5444525],[-0.1414719,51.5443796],[-0.141491,51.5441371],[-0.141646,51.5436016],[-0.1418092,51.5428567],[-0.1419658,51.5423176],[-0.1421324,51.5412732],[-0.1422254,51.5406844],[-0.1423407,51.5399763],[-0.1424036,51.5396902],[-0.1425014,51.5393143],[-0.14251538690110743,51.53924600138933]]},"properties":{"id":"940GZZLUKSH-940GZZLUCTN-Northern","source":"940GZZLUKSH","target":"940GZZLUCTN","sourceName":"Kentish Town","targetName":"Camden Town","line":"Northern","colour":"#000000","color":"#000000","traffic":0.465,"off9":0.0,"off12":0.0,"off14":0.0},"id":325},{"type":"Feature","geometry":{"type":"LineString","coordinates":[[-0.14074455847541828,51.55031253880699],[-0.1407436,51.5503331],[-0.1407567,51.5506794],[-0.1408173,51.550944],[-0.1410275,51.5514729],[-0.1410706,51.5517077],[-0.1410941,51.5520954],[-0.1409725,51.5527687],[-0.1408473,51.5531753],[-0.1406528,51.5535761],[-0.1405168,51.5538237],[-0.1400013,51.5545186],[-0.1395186,51.5552335],[-0.1387568,51.5562795],[-0.13842420724863877,51.556816554734965]]},"properties":{"id":"940GZZLUKSH-940GZZLUTFP-Northern","source":"940GZZLUKSH","target":"940GZZLUTFP","sourceName":"Kentish Town","targetName":"Tufnell Park","line":"Northern","colour":"#000000","color":"#000000","traffic":0.0926,"off9":0.0,"off12":0.0,"off14":0.0},"id":326},{"type":"Feature","geometry":{"type":"LineString","coordinates":[[-0.13220479369508756,51.52854887229762],[-0.1322216,51.5285438],[-0.1328103,51.5283627],[-0.1332093,51.5282074],[-0.1336345,51.5280167],[-0.1339879,51.5278552],[-0.1343977,51.527635],[-0.134407,51.52763],[-0.1353419,51.5271367],[-0.1355746,51.5270204],[-0.1357967,51.5268952],[-0.1363962,51.5265421],[-0.1368105,51.5262123],[-0.1372745,51.5258577],[-0.13830850375293516,51.524936966443526]]},"properties":{"id":"940GZZLUEUS-940GZZLUWRR-Victoria","source":"940GZZLUEUS","target":"940GZZLUWRR","sourceName":"Euston","targetName":"Warren Street","line":"Victoria","colour":"#0098D4","color":"#0098D4","traffic":0.3954,"off9":0.0,"off12":0.0,"off14":0.0},"id":327},{"type":"Feature","geometry":{"type":"LineString","coordinates":[[-0.1337292,51.528765],[-0.1338263,51.5285354],[-0.1340079,51.5282784],[-0.134245,51.5281005],[-0.1346552,51.5278761],[-0.1351946,51.5276434],[-0.1374375,51.526765],[-0.1377977,51.5266263],[-0.1379517,51.526561],[-0.1380724,51.526495],[-0.1382252,51.5263727],[-0.1383218,51.5262354],[-0.1383644,51.5260668],[-0.1383486,51.5258664],[-0.1382985,51.5256805],[-0.1380075758164275,51.52511115310906]]},"properties":{"id":"940GZZLUEUS-940GZZLUWRR-Northern","source":"940GZZLUEUS","target":"940GZZLUWRR","sourceName":"Euston","targetName":"Warren Street","line":"Northern","colour":"#000000","color":"#000000","traffic":0.3954,"off9":0.0,"off12":0.0,"off14":0.0},"id":328},{"type":"Feature","geometry":{"type":"LineString","coordinates":[[-0.13220479369508756,51.52854887229762],[-0.131492,51.528764],[-0.1309935,51.5289223],[-0.1304706,51.5290805],[-0.1299311,51.5292382],[-0.1291599,51.5294367],[-0.12842,51.5296029],[-0.127719,51.5297392],[-0.1268072,51.5298876],[-0.1255839,51.5300589],[-0.1245337,51.5302433],[-0.1237215,51.530405],[-0.1231644802340672,51.53054806793834]]},"properties":{"id":"940GZZLUEUS-940GZZLUKSX-Victoria","source":"940GZZLUEUS","target":"940GZZLUKSX","sourceName":"Euston","targetName":"Kings Cross St Pancras","line":"Victoria","colour":"#0098D4","color":"#0098D4","traffic":0.4305,"off9":0.0,"off12":0.0,"off14":0.0},"id":329},{"type":"Feature","geometry":{"type":"LineString","coordinates":[[-0.13214285258023964,51.528344222690116],[-0.131945,51.5284038],[-0.1313367,51.52859],[-0.1308044,51.5288225],[-0.1302629,51.5291323],[-0.1295623,51.5295944],[-0.1291232,51.5298841],[-0.1287323,51.5300697],[-0.1284111,51.53021],[-0.1280654,51.5303008],[-0.1275682,51.5303768],[-0.1271316,51.5304161],[-0.1261939,51.530485],[-0.1250912,51.5305182],[-0.1243368,51.5305509],[-0.1239327,51.5305679],[-0.1234513,51.5305833],[-0.123189149777372,51.5306053585538]]},"properties":{"id":"940GZZLUEUS-940GZZLUKSX-Northern","source":"940GZZLUEUS","target":"940GZZLUKSX","sourceName":"Euston","targetName":"Kings Cross St Pancras","line":"Northern","colour":"#000000","color":"#000000","traffic":0.4305,"off9":0.0,"off12":0.0,"off14":0.0},"id":330},{"type":"Feature","geometry":{"type":"LineString","coordinates":[[-0.13214285258023964,51.528344222690116],[-0.1326952,51.5281779],[-0.1331245,51.5280303],[-0.1334074,51.5279493],[-0.1336718,51.5278852],[-0.1339631,51.5278236],[-0.1343707,51.5277564],[-0.1346789,51.5277248],[-0.1350359,51.5277197],[-0.1353852,51.5277398],[-0.1357257,51.5277962],[-0.1360561,51.5279016],[-0.1365457,51.5281018],[-0.1369346,51.5282663],[-0.1370464,51.528334],[-0.1373447,51.528541],[-0.1375885,51.5287846],[-0.1378185,51.5290716],[-0.138699,51.5306469],[-0.1389544,51.5313234],[-0.1390271,51.5316064],[-0.1392046,51.5322676],[-0.1392374,51.5324916],[-0.1392449,51.5327455],[-0.13909,51.5343298],[-0.1390584,51.534611],[-0.13905675041286586,51.53468497095991]]},"properties":{"id":"940GZZLUEUS-940GZZLUMTC-Northern","source":"940GZZLUEUS","target":"940GZZLUMTC","sourceName":"Euston","targetName":"Mornington Crescent","line":"Northern","colour":"#000000","color":"#000000","traffic":0.1322,"off9":0.0,"off12":0.0,"off14":0.0},"id":331},{"type":"Feature","geometry":{"type":"LineString","coordinates":[[-0.13214285258023964,51.528344222690116],[-0.1326952,51.5281779],[-0.1331245,51.5280303],[-0.1334074,51.5279493],[-0.1336718,51.5278852],[-0.1339631,51.5278236],[-0.1343707,51.5277564],[-0.1346789,51.5277248],[-0.1350359,51.5277197],[-0.1353852,51.5277398],[-0.1357257,51.5277962],[-0.1360561,51.5279016],[-0.1365457,51.5281018],[-0.1369346,51.5282663],[-0.1370464,51.528334],[-0.1373447,51.528541],[-0.1375885,51.5287846],[-0.1378185,51.5290716],[-0.138699,51.5306469],[-0.1389544,51.5313234],[-0.1390271,51.5316064],[-0.1392046,51.5322676],[-0.1392374,51.5324916],[-0.1392449,51.5327455],[-0.13909,51.5343298],[-0.1390584,51.534611],[-0.1390546,51.5347814],[-0.1390678,51.5349254],[-0.1390988,51.5350354],[-0.139159,51.5351738],[-0.1393228,51.5353893]]},"properties":{"id":"940GZZLUEUS-940GZZLUCTN-Northern","source":"940GZZLUEUS","target":"940GZZLUCTN","sourceName":"Euston","targetName":"Camden Town","line":"Northern","colour":"#000000","color":"#000000","traffic":0.1742,"off9":0.0,"off12":0.0,"off14":0.0},"id":332},{"type":"Feature","geometry":{"type":"LineString","coordinates":[[-0.01823702237477908,51.50356439438621],[-0.0184447,51.5035888],[-0.0197267,51.5036994],[-0.0204207,51.5037876],[-0.0245288,51.5043659],[-0.0254422,51.5044397],[-0.0266094,51.5044692],[-0.0274397,51.5043912],[-0.0283053,51.5042251],[-0.0290588,51.5040438],[-0.029775,51.5037584],[-0.0304716,51.5034354],[-0.0313481,51.5029506],[-0.0321126,51.5026354],[-0.0334655,51.5021976],[-0.0349617,51.50173],[-0.0400532,51.5001858],[-0.0425655,51.4993929],[-0.0450277,51.4985808],[-0.0459938,51.4983671],[-0.0472002,51.4982061],[-0.0476371,51.4981513],[-0.0483747,51.4981122],[-0.0484821,51.4981041],[-0.049412908568597064,51.49802893152381]]},"properties":{"id":"940GZZLUCYF-940GZZLUCWR-Jubilee","source":"940GZZLUCYF","target":"940GZZLUCWR","sourceName":"Canary Wharf","targetName":"Canada Water","line":"Jubilee","colour":"#A0A5A9","color":"#A0A5A9","traffic":0.5549,"off9":0.0,"off12":0.0,"off14":0.0},"id":333},{"type":"Feature","geometry":{"type":"LineString","coordinates":[[-0.01823702237477908,51.50356439438621],[-0.0160961,51.5033128],[-0.0123346,51.5028976],[-0.0116914,51.5027971],[-0.0110959,51.502679],[-0.010595,51.502554],[-0.0102296,51.5024628],[-0.0091892,51.5021556],[-0.0078387,51.5015858],[-0.0068456,51.50106],[-0.0055636,51.5004021],[-0.004735,51.4999635],[-0.0041821,51.4996979],[-0.0035741,51.4994633],[-0.0027937,51.4992569],[-0.002099,51.4991281],[-0.001311,51.4990685],[-0.0001355,51.4991152],[0.0008838,51.4992749],[0.0014308,51.4994381],[0.0018911,51.4995789],[0.0023135,51.4997607],[0.0032911,51.5001526],[0.0039591,51.5004401],[0.004134,51.5005217],[0.004239913736738638,51.50057105175923]]},"properties":{"id":"940GZZLUCYF-940GZZLUNGW-Jubilee","source":"940GZZLUCYF","target":"940GZZLUNGW","sourceName":"Canary Wharf","targetName":"North Greenwich","line":"Jubilee","colour":"#A0A5A9","color":"#A0A5A9","traffic":0.1996,"off9":0.0,"off12":0.0,"off14":0.0},"id":334},{"type":"Feature","geometry":{"type":"LineString","coordinates":[[0.004239913736738638,51.50057105175923],[0.0045218,51.5007024],[0.0047467,51.5008073],[0.0049725,51.5009126],[0.005189,51.5010133],[0.0052601,51.5010467],[0.0053672,51.5010964],[0.0061481,51.5014798],[0.0064539,51.5016417],[0.0070515,51.5019625],[0.0074361,51.5022331],[0.0081107,51.5026858],[0.0087931,51.5031794],[0.0094941,51.5036891],[0.0101169,51.504181],[0.0108298,51.5050688],[0.0116382,51.5061156],[0.0119017,51.5066696],[0.0120182,51.5070367],[0.012082,51.5076803],[0.0120269,51.5080998],[0.0118869,51.5084436],[0.0112279,51.5095178],[0.0109477,51.5098975],[0.0104935,51.5106378],[0.0101974,51.5110965],[0.0100811,51.5112887],[0.0098994,51.5116068],[0.0097373,51.5118964],[0.0096204,51.5121213],[0.0095153,51.512328],[0.0094297,51.5124893],[0.009361,51.5125954],[0.0092604,51.5127419],[0.0091586,51.5128565],[0.009084,51.5129435],[0.0090241,51.5130068],[0.0089771,51.5130552],[0.0087849,51.5132411],[0.0084984,51.513484],[0.008350354201467848,51.51361583960165]]},"properties":{"id":"940GZZLUNGW-940GZZLUCGT-Jubilee","source":"940GZZLUNGW","target":"940GZZLUCGT","sourceName":"North Greenwich","targetName":"Canning Town","line":"Jubilee","colour":"#A0A5A9","color":"#A0A5A9","traffic":0.1695,"off9":0.0,"off12":0.0,"off14":0.0},"id":335},{"type":"Feature","geometry":{"type":"LineString","coordinates":[[0.004239913736738638,51.50057105175923],[0.004134,51.5005217],[0.0039591,51.5004401],[0.0032911,51.5001526],[0.0023135,51.4997607],[0.0018911,51.4995789],[0.0014308,51.4994381],[0.0008838,51.4992749],[-0.0001355,51.4991152],[-0.001311,51.4990685],[-0.002099,51.4991281],[-0.0027937,51.4992569],[-0.0035741,51.4994633],[-0.0041821,51.4996979],[-0.004735,51.4999635],[-0.0055636,51.5004021],[-0.0068456,51.50106],[-0.0078387,51.5015858],[-0.0091892,51.5021556],[-0.0102296,51.5024628],[-0.010595,51.502554],[-0.0110959,51.502679],[-0.0116914,51.5027971],[-0.0123346,51.5028976],[-0.0160961,51.5033128],[-0.01823702237477908,51.50356439438621]]},"properties":{"id":"940GZZLUNGW-940GZZLUCYF-Jubilee","source":"940GZZLUNGW","target":"940GZZLUCYF","sourceName":"North Greenwich","targetName":"Canary Wharf","line":"Jubilee","colour":"#A0A5A9","color":"#A0A5A9","traffic":0.5678,"off9":0.0,"off12":0.0,"off14":0.0},"id":336},{"type":"Feature","geometry":{"type":"LineString","coordinates":[[0.008350354201467848,51.51361583960165],[0.0084984,51.513484],[0.0087849,51.5132411],[0.0089771,51.5130552],[0.0090241,51.5130068],[0.009084,51.5129435],[0.0091586,51.5128565],[0.0092604,51.5127419],[0.009361,51.5125954],[0.0094297,51.5124893],[0.0095153,51.512328],[0.0096204,51.5121213],[0.0097373,51.5118964],[0.0098994,51.5116068],[0.0100811,51.5112887],[0.0101974,51.5110965],[0.0104935,51.5106378],[0.0109477,51.5098975],[0.0112279,51.5095178],[0.0118869,51.5084436],[0.0120269,51.5080998],[0.012082,51.5076803],[0.0120182,51.5070367],[0.0119017,51.5066696],[0.0116382,51.5061156],[0.0108298,51.5050688],[0.0101169,51.504181],[0.0094941,51.5036891],[0.0087931,51.5031794],[0.0081107,51.5026858],[0.0074361,51.5022331],[0.0070515,51.5019625],[0.0064539,51.5016417],[0.0061481,51.5014798],[0.0053672,51.5010964],[0.0052601,51.5010467],[0.005189,51.5010133],[0.0049725,51.5009126],[0.0047467,51.5008073],[0.0045218,51.5007024],[0.004239913736738638,51.50057105175923]]},"properties":{"id":"940GZZLUCGT-940GZZLUNGW-Jubilee","source":"940GZZLUCGT","target":"940GZZLUNGW","sourceName":"Canning Town","targetName":"North Greenwich","line":"Jubilee","colour":"#A0A5A9","color":"#A0A5A9","traffic":0.4747,"off9":0.0,"off12":0.0,"off14":0.0},"id":337},{"type":"Feature","geometry":{"type":"LineString","coordinates":[[0.008505181256018691,51.51376758832548],[0.0083836,51.5138889],[0.008276,51.513992],[0.008148,51.5141103],[0.008008,51.5142345],[0.0079345,51.5142997],[0.0078146,51.5144059],[0.0076615,51.5145281],[0.0074796,51.5146726],[0.0073321,51.5147847],[0.0072513,51.5148559],[0.0071486,51.5149376],[0.0070332,51.5150349],[0.0066539,51.5154128],[0.0065924,51.515474],[0.0063345,51.515764],[0.0060251,51.5161603],[0.0056649,51.5166471],[0.005474,51.5169008],[0.0053275,51.5171202],[0.0051831,51.5173659],[0.0050372,51.5176171],[0.0048938,51.5179184],[0.0047529,51.518191],[0.0046499,51.5184716],[0.0045241,51.518869],[0.0044175,51.5191778],[0.004333,51.519525],[0.0042948,51.5197356],[0.0042479,51.5199532],[0.0041749,51.5205594],[0.0041503,51.5208032],[0.0041124,51.5210953],[0.0040977,51.5213619],[0.0041008,51.521554],[0.0041208,51.5217682],[0.0041432,51.5219515],[0.0042868,51.5228518],[0.0044544,51.5246075],[0.0044847,51.5249748],[0.0045155,51.5254142],[0.0044894,51.5267495],[0.0044751,51.527171],[0.004469,51.5274168],[0.0044665,51.5275188],[0.0044491,51.5279403],[0.004438624998966953,51.5280939898937]]},"properties":{"id":"940GZZLUCGT-940GZZLUWHM-Jubilee","source":"940GZZLUCGT","target":"940GZZLUWHM","sourceName":"Canning Town","targetName":"West Ham","line":"Jubilee","colour":"#A0A5A9","color":"#A0A5A9","traffic":0.1313,"off9":0.0,"off12":0.0,"off14":0.0},"id":338},{"type":"Feature","geometry":{"type":"LineString","coordinates":[[-0.09032535442363789,51.51000615905305],[-0.09052070690108621,51.509999237209854],[-0.09090968679400104,51.51000486608762],[-0.09156128861097601,51.510077094969226],[-0.0921906703856203,51.510179271698476],[-0.09278679424332215,51.51028422053973],[-0.09295317641356933,51.51030806799289],[-0.09314477173387133,51.510324131967444],[-0.09405941953660281,51.510393145129875],[-0.09440163354251811,51.51044599447948]]},"properties":{"id":"940GZZLUCST-940GZZLUMSH-Circle","source":"940GZZLUCST","target":"940GZZLUMSH","sourceName":"Cannon Street","targetName":"Mansion House","line":"Circle","colour":"#FFD300","color":"#FFD300","traffic":0.4013,"off9":0.0,"off12":0.0,"off14":0.0},"id":339},{"type":"Feature","geometry":{"type":"LineString","coordinates":[[-0.09037847270081217,51.5107534565014],[-0.09054005345054311,51.51074716860493],[-0.09082609339700051,51.510751083043814],[-0.091385694305488,51.51081709748461],[-0.09199128519281012,51.51091693584924],[-0.09261714712166104,51.51102476026986],[-0.09283683820678465,51.511052583996445],[-0.09305173586693566,51.511069915983725],[-0.09391195976830138,51.511135522564935],[-0.09422167630675694,51.51118559104811]]},"properties":{"id":"940GZZLUCST-940GZZLUMSH-District","source":"940GZZLUCST","target":"940GZZLUMSH","sourceName":"Cannon Street","targetName":"Mansion House","line":"District","colour":"#00782A","color":"#00782A","traffic":0.4013,"off9":0.0,"off12":0.0,"off14":0.0},"id":340},{"type":"Feature","geometry":{"type":"LineString","coordinates":[[-0.09032535442363789,51.51000615905305],[-0.09026323489729726,51.510010634932215],[-0.09013440090748587,51.510008241324584],[-0.08999483202562483,51.50999938812597],[-0.08984951188481378,51.50998983543054],[-0.08974353341973741,51.509973720819836],[-0.08957808200249932,51.50993734162259],[-0.08913072879573447,51.50985625250597],[-0.0888065780437549,51.509789061582644],[-0.08798887329389653,51.509578935096464],[-0.08766456421592976,51.509520875662666],[-0.08738540045258568,51.50946849591473],[-0.08728428752604664,51.50944449912059],[-0.08717421705904498,51.50939520898936],[-0.08714940270841942,51.50938784331619],[-0.08695299395146287,51.50933552997749],[-0.08678672148999735,51.50930110545681],[-0.08675596888848694,51.50929526173823],[-0.08667139537205623,51.50927926254745],[-0.08653898171975492,51.50925673203108],[-0.08644440882625277,51.50924201296248],[-0.08635024779080233,51.50922783681106]]},"properties":{"id":"940GZZLUCST-940GZZLUMMT-Circle","source":"940GZZLUCST","target":"940GZZLUMMT","sourceName":"Cannon Street","targetName":"Monument","line":"Circle","colour":"#FFD300","color":"#FFD300","traffic":0.2227,"off9":0.0,"off12":0.0,"off14":0.0},"id":341},{"type":"Feature","geometry":{"type":"LineString","coordinates":[[-0.09037847270081217,51.5107534565014],[-0.09028246744864864,51.51075856746611],[-0.09009515045374293,51.510755870662294],[-0.0899275660128124,51.510746244062986],[-0.08975140594240688,51.51073536771527],[-0.08957501670986867,51.51071436040992],[-0.08936634100124966,51.51067367081129],[-0.08891231439786722,51.510591826252984],[-0.08854478902187743,51.51051913079132],[-0.08772538664694825,51.51030876754823],[-0.08743753210796484,51.51025543783133],[-0.0871655002262928,51.51020389795737],[-0.08700599376302329,51.510172199560294],[-0.08683215852952242,51.51011230449468],[-0.08680725135420965,51.5101049216581],[-0.08663624697573137,51.51005711498875],[-0.08650976074499864,51.5100290027284],[-0.08648638444424345,51.510024230869114],[-0.08641914768602811,51.51001063127372],[-0.08631339085987746,51.50999146601554],[-0.08623460441312637,51.509978556481244],[-0.08615918442906507,51.509966353113185]]},"properties":{"id":"940GZZLUCST-940GZZLUMMT-District","source":"940GZZLUCST","target":"940GZZLUMMT","sourceName":"Cannon Street","targetName":"Monument","line":"District","colour":"#00782A","color":"#00782A","traffic":0.2227,"off9":0.0,"off12":0.0,"off14":0.0},"id":342},{"type":"Feature","geometry":{"type":"LineString","coordinates":[[-0.08635024779080233,51.50922783681106],[-0.08644440882625277,51.50924201296248],[-0.08653898171975492,51.50925673203108],[-0.08667139537205623,51.50927926254745],[-0.08675596888848694,51.50929526173823],[-0.08678672148999735,51.50930110545681],[-0.08695299395146287,51.50933552997749],[-0.08714940270841942,51.50938784331619],[-0.08717421705904498,51.50939520898936],[-0.08728428752604664,51.50944449912059],[-0.08738540045258568,51.50946849591473],[-0.08766456421592976,51.509520875662666],[-0.08798887329389653,51.509578935096464],[-0.0888065780437549,51.509789061582644],[-0.08913072879573447,51.50985625250597],[-0.08957808200249932,51.50993734162259],[-0.08974353341973741,51.509973720819836],[-0.08984951188481378,51.50998983543054],[-0.08999483202562483,51.50999938812597],[-0.09013440090748587,51.510008241324584],[-0.09026323489729726,51.510010634932215],[-0.09032535442363789,51.51000615905305]]},"properties":{"id":"940GZZLUMMT-940GZZLUCST-Circle","source":"940GZZLUMMT","target":"940GZZLUCST","sourceName":"Monument","targetName":"Cannon Street","line":"Circle","colour":"#FFD300","color":"#FFD300","traffic":0.3937,"off9":0.0,"off12":0.0,"off14":0.0},"id":343},{"type":"Feature","geometry":{"type":"LineString","coordinates":[[-0.08615918442906507,51.509966353113185],[-0.08623460441312637,51.509978556481244],[-0.08631339085987746,51.50999146601554],[-0.08641914768602811,51.51001063127372],[-0.08648638444424345,51.510024230869114],[-0.08650976074499864,51.5100290027284],[-0.08663624697573137,51.51005711498875],[-0.08680725135420965,51.5101049216581],[-0.08683215852952242,51.51011230449468],[-0.08700599376302329,51.510172199560294],[-0.0871655002262928,51.51020389795737],[-0.08743753210796484,51.51025543783133],[-0.08772538664694825,51.51030876754823],[-0.08854478902187743,51.51051913079132],[-0.08891231439786722,51.510591826252984],[-0.08936634100124966,51.51067367081129],[-0.08957501670986867,51.51071436040992],[-0.08975140594240688,51.51073536771527],[-0.0899275660128124,51.510746244062986],[-0.09009515045374293,51.510755870662294],[-0.09028246744864864,51.51075856746611],[-0.09037847270081217,51.5107534565014]]},"properties":{"id":"940GZZLUMMT-940GZZLUCST-District","source":"940GZZLUMMT","target":"940GZZLUCST","sourceName":"Monument","targetName":"Cannon Street","line":"District","colour":"#00782A","color":"#00782A","traffic":0.3937,"off9":0.0,"off12":0.0,"off14":0.0},"id":344},{"type":"Feature","geometry":{"type":"LineString","coordinates":[[-0.08635024779080233,51.50922783681106],[-0.08632159358207551,51.50922343406315],[-0.08613801216650291,51.509201440303066],[-0.08606681405802709,51.509192268399566],[-0.08588844443633292,51.50917519646867],[-0.08569447155324673,51.50915935519009],[-0.08557853641920501,51.50915317995311],[-0.08548450319467923,51.50914885417732],[-0.08537691130894398,51.50914605910281],[-0.0852467380786997,51.509143886924875],[-0.08514667668102324,51.50914444382087],[-0.08435466588911235,51.509144194511805],[-0.08413006759875735,51.50913765764886],[-0.08393266685704166,51.50913536360888],[-0.08385303519416935,51.50912660213604],[-0.08358268089380491,51.50908588169214],[-0.08338975740490076,51.50901482028576],[-0.08253817639885558,51.50866681349017],[-0.082487535531315,51.50862642616757],[-0.08230251769065687,51.50855412186633],[-0.08203901275583009,51.50847439843639],[-0.08178037125884513,51.5084036503234],[-0.08148056378184451,51.50833695210634],[-0.08122286071102083,51.508286685388306],[-0.08105222537054295,51.50825901884692],[-0.08095411433381709,51.50824313170966],[-0.08078347191960028,51.50821665915698],[-0.0805641508266271,51.508196222436474],[-0.08032801945758673,51.5081782595375],[-0.0797281533437523,51.50816019880944],[-0.07960714979666897,51.50815462158299],[-0.07934464245495308,51.50815011549574],[-0.07880131096042704,51.50809325079735],[-0.07823121839295469,51.508096087397185],[-0.07755026177239939,51.50819589540813],[-0.07724897025549203,51.508295888232645],[-0.07724364964412805,51.50834102129169],[-0.077439564659847,51.508328488095394],[-0.07745631916020607,51.508326757435675],[-0.07636923285211511,51.50838483357564],[-0.07602586014962648,51.508427004352]]},"properties":{"id":"940GZZLUMMT-940GZZLUTWH-Circle","source":"940GZZLUMMT","target":"940GZZLUTWH","sourceName":"Monument","targetName":"Tower Hill","line":"Circle","colour":"#FFD300","color":"#FFD300","traffic":0.1763,"off9":0.0,"off12":0.0,"off14":0.0},"id":345},{"type":"Feature","geometry":{"type":"LineString","coordinates":[[-0.08615918442906507,51.509966353113185],[-0.08613524679103772,51.50996241703157],[-0.08598175608325143,51.50994312015153],[-0.08591920702901351,51.50993463419978],[-0.08576862221816645,51.50991949823434],[-0.08560328577662335,51.50990522759504],[-0.0855099682096025,51.50989998997656],[-0.08543420159733961,51.50989622708866],[-0.08534535565447197,51.5098938295514],[-0.08523756903934984,51.50989189346244],[-0.08514758834051162,51.50989247191044],[-0.08433758294455618,51.509892147255904],[-0.08410543379937867,51.50988552882443],[-0.08388413342852082,51.509882781804436],[-0.08373891759708466,51.50987125106802],[-0.08336809044690245,51.50982189084607],[-0.08303912870245034,51.50973031014288],[-0.08208058819942773,51.50935850674509],[-0.08198181776565744,51.50930501308378],[-0.08183565884532841,51.509243410933166],[-0.08164090637791499,51.50918019921819],[-0.08143983562942252,51.5091210251617],[-0.08120008189092222,51.50906432605317],[-0.08098203035551037,51.509019542694155],[-0.08084376268527144,51.50899570942346],[-0.0807465071669085,51.50897991585483],[-0.08060753595980011,51.50895662957849],[-0.08044332541331353,51.50894046121824],[-0.08025430972879335,51.50892487976875],[-0.07968092667187615,51.50890764940472],[-0.07956597489833447,51.50890221079149],[-0.07926892122747653,51.50889665774787],[-0.07873315548021352,51.50884007539868],[-0.07834520919647736,51.50884074369859],[-0.07793268088619977,51.50890504770406],[-0.07772443512774604,51.50898289411632],[-0.07758082482206405,51.50905901064585],[-0.07759488232992354,51.5090702440477],[-0.07759305958010307,51.509069928717835],[-0.07650296642605758,51.50912821678782],[-0.07627895572067404,51.509158258972285]]},"properties":{"id":"940GZZLUMMT-940GZZLUTWH-District","source":"940GZZLUMMT","target":"940GZZLUTWH","sourceName":"Monument","targetName":"Tower Hill","line":"District","colour":"#00782A","color":"#00782A","traffic":0.1763,"off9":0.0,"off12":0.0,"off14":0.0},"id":346},{"type":"Feature","geometry":{"type":"LineString","coordinates":[[-0.2946297490823311,51.607720915880755],[-0.2946629,51.6078262],[-0.2947712,51.6081609],[-0.2949651,51.6087238],[-0.2950848,51.6090053],[-0.2952359,51.6093311],[-0.2954041,51.6096444],[-0.2956017,51.6099704],[-0.2959836,51.6104664],[-0.2989939,51.6143483],[-0.2993135,51.6147688],[-0.2994202,51.6149306],[-0.3000852,51.6157801],[-0.3004299,51.616229],[-0.3006659,51.6165369],[-0.3012577,51.6173075],[-0.3013418,51.6174111],[-0.301612,51.6177635],[-0.3018011,51.6180395],[-0.3019316,51.6182418],[-0.3020721,51.6184437],[-0.3022204,51.6186423],[-0.3023735,51.6188395],[-0.3025452,51.6190616],[-0.3027556,51.6193349],[-0.3028881,51.6195078]]},"properties":{"id":"940GZZLUCPK-940GZZLUSTM-Jubilee","source":"940GZZLUCPK","target":"940GZZLUSTM","sourceName":"Canons Park","targetName":"Stanmore","line":"Jubilee","colour":"#A0A5A9","color":"#A0A5A9","traffic":0.0166,"off9":0.0,"off12":0.0,"off14":0.0},"id":347},{"type":"Feature","geometry":{"type":"LineString","coordinates":[[-0.2946782384577951,51.60770561191371],[-0.2946663,51.6076674],[-0.2945517,51.6073288],[-0.2944092,51.6068826],[-0.2942723,51.6064772],[-0.294006,51.6055479],[-0.2938461,51.6050626],[-0.2936812,51.6045588],[-0.2935447,51.6041186],[-0.2932553,51.603246],[-0.2931254,51.6028368],[-0.2929889,51.6024258],[-0.2927553,51.6016838],[-0.2922336,51.6001313],[-0.2919761,51.5993764],[-0.2916567,51.5984148],[-0.2915566,51.5981798],[-0.291448,51.5979334],[-0.2913278,51.5977152],[-0.2912054,51.5975108],[-0.2909607,51.5971618],[-0.2908302,51.5969746],[-0.2905102,51.5966347],[-0.2903104,51.5964251],[-0.2901075,51.5962436],[-0.2898944,51.5960724],[-0.2896694,51.5959001],[-0.2892698,51.5956281],[-0.2888492,51.5953722],[-0.2885524,51.5952096],[-0.2881331,51.5950115],[-0.2873657,51.5946759],[-0.28621936679184273,51.594187139730266]]},"properties":{"id":"940GZZLUCPK-940GZZLUQBY-Jubilee","source":"940GZZLUCPK","target":"940GZZLUQBY","sourceName":"Canons Park","targetName":"Queensbury","line":"Jubilee","colour":"#A0A5A9","color":"#A0A5A9","traffic":0.0689,"off9":0.0,"off12":0.0,"off14":0.0},"id":348},{"type":"Feature","geometry":{"type":"LineString","coordinates":[[-0.3028881,51.6195078],[-0.3027556,51.6193349],[-0.3025452,51.6190616],[-0.3023735,51.6188395],[-0.3022204,51.6186423],[-0.3020721,51.6184437],[-0.3019316,51.6182418],[-0.3018011,51.6180395],[-0.301612,51.6177635],[-0.3013418,51.6174111],[-0.3012577,51.6173075],[-0.3006659,51.6165369],[-0.3004299,51.616229],[-0.3000852,51.6157801],[-0.2994202,51.6149306],[-0.2993135,51.6147688],[-0.2989939,51.6143483],[-0.2959836,51.6104664],[-0.2956017,51.6099704],[-0.2954041,51.6096444],[-0.2952359,51.6093311],[-0.2950848,51.6090053],[-0.2949651,51.6087238],[-0.2947712,51.6081609],[-0.2946629,51.6078262],[-0.2946297490823311,51.607720915880755]]},"properties":{"id":"940GZZLUSTM-940GZZLUCPK-Jubilee","source":"940GZZLUSTM","target":"940GZZLUCPK","sourceName":"Stanmore","targetName":"Canons Park","line":"Jubilee","colour":"#A0A5A9","color":"#A0A5A9","traffic":0.0372,"off9":0.0,"off12":0.0,"off14":0.0},"id":349},{"type":"Feature","geometry":{"type":"LineString","coordinates":[[-0.28621936679184273,51.594187139730266],[-0.2873657,51.5946759],[-0.2881331,51.5950115],[-0.2885524,51.5952096],[-0.2888492,51.5953722],[-0.2892698,51.5956281],[-0.2896694,51.5959001],[-0.2898944,51.5960724],[-0.2901075,51.5962436],[-0.2903104,51.5964251],[-0.2905102,51.5966347],[-0.2908302,51.5969746],[-0.2909607,51.5971618],[-0.2912054,51.5975108],[-0.2913278,51.5977152],[-0.291448,51.5979334],[-0.2915566,51.5981798],[-0.2916567,51.5984148],[-0.2919761,51.5993764],[-0.2922336,51.6001313],[-0.2927553,51.6016838],[-0.2929889,51.6024258],[-0.2931254,51.6028368],[-0.2932553,51.603246],[-0.2935447,51.6041186],[-0.2936812,51.6045588],[-0.2938461,51.6050626],[-0.294006,51.6055479],[-0.2942723,51.6064772],[-0.2944092,51.6068826],[-0.2945517,51.6073288],[-0.2946663,51.6076674],[-0.2946782384577951,51.60770561191371]]},"properties":{"id":"940GZZLUQBY-940GZZLUCPK-Jubilee","source":"940GZZLUQBY","target":"940GZZLUCPK","sourceName":"Queensbury","targetName":"Canons Park","line":"Jubilee","colour":"#A0A5A9","color":"#A0A5A9","traffic":0.0255,"off9":0.0,"off12":0.0,"off14":0.0},"id":350},{"type":"Feature","geometry":{"type":"LineString","coordinates":[[-0.28621936679184273,51.594187139730266],[-0.2861855,51.5941727],[-0.2857306,51.5939778],[-0.2854947,51.5938767],[-0.2847742,51.593568],[-0.2844005,51.593401],[-0.2836499,51.5930266],[-0.2833875,51.5928774],[-0.2831364,51.5927201],[-0.2828516,51.5925326],[-0.2825908,51.592341],[-0.2821344,51.5919566],[-0.2819014,51.5917376],[-0.2815333,51.591354],[-0.28122,51.59102],[-0.2805313,51.590282],[-0.2801641,51.5898908],[-0.2798096,51.5895246],[-0.279572,51.5892602],[-0.2794441,51.5890968],[-0.2792322,51.5888267],[-0.2790531,51.5885697],[-0.2788362,51.5881597],[-0.278678,51.5877391],[-0.2785595,51.5873792],[-0.278445,51.5869938],[-0.2783323,51.5862341],[-0.2783548,51.5857045],[-0.2783952,51.5854323],[-0.2786007758381376,51.58478491247277]]},"properties":{"id":"940GZZLUQBY-940GZZLUKBY-Jubilee","source":"940GZZLUQBY","target":"940GZZLUKBY","sourceName":"Queensbury","targetName":"Kingsbury","line":"Jubilee","colour":"#A0A5A9","color":"#A0A5A9","traffic":0.1106,"off9":0.0,"off12":0.0,"off14":0.0},"id":351},{"type":"Feature","geometry":{"type":"LineString","coordinates":[[-0.6087605761464706,51.704587642855756],[-0.6087972635089933,51.70448749437416],[-0.6088561935492581,51.70430986843245],[-0.6088349746460984,51.70431200154162],[-0.6088066868590309,51.70435245009651],[-0.6088056349555439,51.704291417266376],[-0.6088065900359927,51.70426562964432],[-0.608804044598167,51.70423240738526],[-0.6088019551034368,51.704105147257536],[-0.6088138580062776,51.7041157314327],[-0.6088163932630597,51.70406741310843],[-0.6088254727738904,51.70403450431005],[-0.6088160384042258,51.703954856361854],[-0.6088262593538147,51.7039180068886],[-0.6088676523234917,51.70392534074083],[-0.6088991243390343,51.7039039029689],[-0.6088987981355914,51.703851433539675],[-0.6088694986666964,51.70374488465902],[-0.608881770081191,51.703700956788346],[-0.6088134054909585,51.70362122051169],[-0.6083499456768796,51.70328580776737],[-0.6078832179923949,51.70296346333236],[-0.6074423092889301,51.70264665832519],[-0.6069410588546609,51.702185405954594],[-0.6065943109550751,51.70167574485781],[-0.6064138251673717,51.701208636223285],[-0.6063341114110894,51.700751718414345],[-0.6063281115079591,51.700451759745185],[-0.6064133182620007,51.69972912423475],[-0.606468875642691,51.699171899539884],[-0.6064945800847298,51.69898759947426],[-0.6065290798942284,51.69855905557742],[-0.6065595200974436,51.69815283336442],[-0.6066055930264262,51.697459086963036],[-0.6066068319467487,51.69721828925281],[-0.6066071757734094,51.6971387797432],[-0.606611911651826,51.69709794870838],[-0.6066260291159398,51.697087507342395],[-0.6066537400732432,51.6970717246773],[-0.6067016883717146,51.697082759962875],[-0.6067327928170549,51.69703973818019],[-0.6067001361054244,51.6969217706294],[-0.6066747610392047,51.696845737818286],[-0.6065874397847504,51.69673167259609],[-0.6064620032212822,51.69659895423265],[-0.6064764609732944,51.696586287811314],[-0.6064859512476986,51.696563872946925],[-0.6062254666609778,51.69637074793191],[-0.6060222901781762,51.696222087821624],[-0.6051794117052993,51.69567328694315],[-0.6030713970622156,51.69426231758051],[-0.6020615102988579,51.69358976778925],[-0.6017621345638802,51.69338003502511],[-0.6016316338477009,51.69327551267118],[-0.6015394267458083,51.69320134213571],[-0.6013736416704095,51.69311627338168],[-0.6012257164271827,51.693048463405106],[-0.6012117205245091,51.693031372221675],[-0.6005725962596261,51.69284210614222],[-0.6003012958829784,51.692777598938065],[-0.6000128997481691,51.692724206051125],[-0.599522706797061,51.6926406422537],[-0.5984576427316262,51.69245275668494],[-0.5979277215651749,51.6923620733377],[-0.5974426025917574,51.69227905880303],[-0.5970185588579019,51.69220589832261],[-0.5965215903263749,51.692123051324415],[-0.5961659866733899,51.692059101352015],[-0.5959967924105004,51.692024057324325],[-0.5958363772240901,51.691991635917],[-0.5956365269422553,51.69194875983731],[-0.5954542405916221,51.69190473095095],[-0.5952775243723016,51.69185708679652],[-0.595123072681122,51.691810015441625],[-0.5949518235700278,51.69176169742043],[-0.5946823151841055,51.69168225501396],[-0.5943157713532029,51.69155098661242],[-0.5940281462670988,51.691421771876804],[-0.593857901691931,51.69134218060847],[-0.593602905486073,51.691223772328925],[-0.5932998676390772,51.691055930672356],[-0.5929260120915879,51.690826514210585],[-0.5925239130428052,51.690525197338445],[-0.5920797380580347,51.690184188251386],[-0.5916659625467711,51.6898704904766],[-0.5914249123986073,51.68968506977298],[-0.5910385717190493,51.689387214169486],[-0.5903504448558934,51.68884909792793],[-0.5899734031478439,51.68855111882046],[-0.5895630533027333,51.68819384133433],[-0.5892583115422795,51.68789786128049],[-0.5889280195596113,51.68752386414022],[-0.5887077880733796,51.68720920420483],[-0.5884980595802063,51.6867860688166],[-0.5883372975540283,51.68634994531678],[-0.5883015623290967,51.686184257969146],[-0.5882906531540721,51.6860674044597],[-0.5883053059768036,51.68601694529038],[-0.5883512365417664,51.68602125554412],[-0.5883039489540505,51.685921629035725],[-0.5882253748495754,51.68577780873846],[-0.5881838973570419,51.685669780826224],[-0.5880387058794415,51.68552726315783],[-0.5879093419922267,51.68541512870024],[-0.5877415182182876,51.68528893361458],[-0.5875896657714981,51.68519816504231],[-0.5873992755344359,51.685108121913636],[-0.5872517756067707,51.685041660285975],[-0.5871598242275361,51.685004873870525],[-0.5869009646236857,51.68493268184333],[-0.5864679686734581,51.68484676826944],[-0.585647794944641,51.68470022941529],[-0.5852549194114912,51.68462334837827],[-0.5849795084228588,51.68456405938064],[-0.5847448049387811,51.684502442951825],[-0.5843915689880997,51.68440952313153],[-0.5839199448743959,51.68424901296799],[-0.5834092435764594,51.684054062412095],[-0.5830205025893346,51.683883209248215],[-0.5826313880770049,51.68369410166159],[-0.5821230799536218,51.68341092048077],[-0.5817624656085286,51.68314470503983],[-0.5813591294568672,51.68282397820615],[-0.5808852789312693,51.68235969448946],[-0.5805788370321759,51.68193035616583],[-0.5803539107773583,51.68154644538965],[-0.5801729132043049,51.68115374495447],[-0.5800908865477219,51.68085236851178],[-0.5800305605035959,51.68058540412892],[-0.5799848133126299,51.68017119920427],[-0.5800265169323049,51.679739978975284],[-0.5801334672626572,51.679371931367356],[-0.5802551260898556,51.679064419616694],[-0.5804556099143866,51.67865880280043],[-0.5809630575958198,51.67796599683837],[-0.5813953668806627,51.6775223543342],[-0.5818611952214595,51.67712731986086],[-0.5827940525842382,51.676280544092805],[-0.5828971580066258,51.67611630149267],[-0.5828952000637743,51.67601552366884],[-0.5828574125551043,51.67596008539938],[-0.5828757668143458,51.67582412293947],[-0.5828660832289299,51.67577517325266],[-0.5828413468652713,51.67581669774356],[-0.5828428392705867,51.67574535213494],[-0.5828495552917708,51.67564646332128],[-0.5828545851452742,51.67554163508686],[-0.582866549705212,51.675443142441445],[-0.5828195837731489,51.67524280391498],[-0.5827879443521419,51.675102033553856],[-0.5826393985899335,51.674893819668114],[-0.5823973994937034,51.674635073539875],[-0.582161835958312,51.67439902114615],[-0.5819616265133185,51.67419519969921],[-0.5817443431489281,51.67403818556896],[-0.5814820665356045,51.67387299073896],[-0.5812003508659422,51.67372321087316],[-0.5809402181289262,51.673598505920474],[-0.5806804148296643,51.67348659804216],[-0.5804779838897511,51.67341969132297],[-0.5802053227747513,51.673344150728205],[-0.5798445325024286,51.673267260023785],[-0.5793332422899812,51.67316377706419],[-0.5749695879814241,51.67231329196778],[-0.5729220664947322,51.67190281568376],[-0.5680533196899218,51.670981644637166],[-0.5650279997934251,51.6704210381336],[-0.5635945716444802,51.67016010429162],[-0.5629934937414661,51.67001625791714]]},"properties":{"id":"940GZZLUCSM-940GZZLUCAL-Metropolitan","source":"940GZZLUCSM","target":"940GZZLUCAL","sourceName":"Chesham","targetName":"Chalfont  Latimer","line":"Metropolitan","colour":"#9B0056","color":"#9B0056","traffic":0.0125,"off9":0.0,"off12":0.0,"off14":0.0},"id":352},{"type":"Feature","geometry":{"type":"LineString","coordinates":[[-0.5177341691289785,51.65578445894888],[-0.4729761691289785,51.641633458948874]]},"properties":{"id":"940GZZLUCYD-940GZZLURKW-Metropolitan","source":"940GZZLUCYD","target":"940GZZLURKW","sourceName":"Chorleywood","targetName":"Rickmansworth","line":"Metropolitan","colour":"#9B0056","color":"#9B0056","traffic":0.0467,"off9":0.0,"off12":0.0,"off14":0.0},"id":353},{"type":"Feature","geometry":{"type":"LineString","coordinates":[[-0.5192016742806125,51.6529342399313],[-0.5614296742806125,51.6665612399313]]},"properties":{"id":"940GZZLUCYD-940GZZLUCAL-Metropolitan","source":"940GZZLUCYD","target":"940GZZLUCAL","sourceName":"Chorleywood","targetName":"Chalfont  Latimer","line":"Metropolitan","colour":"#9B0056","color":"#9B0056","traffic":0.012,"off9":0.0,"off12":0.0,"off14":0.0},"id":354},{"type":"Feature","geometry":{"type":"LineString","coordinates":[[-0.11158375492725016,51.51823747478748],[-0.1117052,51.5182471],[-0.1121528,51.5182701],[-0.1135563,51.5182965],[-0.1139788,51.518285],[-0.1143547,51.5182568],[-0.1146824,51.5182254],[-0.1162868,51.5180282],[-0.1179229,51.517846],[-0.1183896,51.5178001],[-0.119335,51.5176949],[-0.1202096,51.5175976],[-0.12047427211231133,51.51757236553706]]},"properties":{"id":"940GZZLUCHL-940GZZLUHBN-Central","source":"940GZZLUCHL","target":"940GZZLUHBN","sourceName":"Chancery Lane","targetName":"Holborn","line":"Central","colour":"#E32017","color":"#E32017","traffic":0.6777,"off9":0.0,"off12":0.0,"off14":0.0},"id":355},{"type":"Feature","geometry":{"type":"LineString","coordinates":[[-0.11158751438631478,51.518201702586296],[-0.1112664,51.5181697],[-0.1107621,51.5181007],[-0.1102603,51.5180211],[-0.1098743,51.5179651],[-0.1065415,51.5175994],[-0.1056791,51.5174574],[-0.1051558,51.5173149],[-0.1030763,51.5166219],[-0.1020518,51.5162787],[-0.1017732,51.5161902],[-0.0999325,51.5157157],[-0.0991571,51.5154842],[-0.0983719,51.5152497],[-0.0983057,51.5152303],[-0.0976983,51.5150108],[-0.09755829168687605,51.51496000135196]]},"properties":{"id":"940GZZLUCHL-940GZZLUSPU-Central","source":"940GZZLUCHL","target":"940GZZLUSPU","sourceName":"Chancery Lane","targetName":"St Pauls","line":"Central","colour":"#E32017","color":"#E32017","traffic":0.4568,"off9":0.0,"off12":0.0,"off14":0.0},"id":356},{"type":"Feature","geometry":{"type":"LineString","coordinates":[[-0.11953626590338207,51.51794182032651],[-0.11946567244353572,51.517831858355486],[-0.11931691410470273,51.51760809912544],[-0.11913877790948169,51.51734596516563],[-0.11894772811698412,51.51706189560568],[-0.11880372396435047,51.51681335873094],[-0.11870604344660071,51.51641167136936],[-0.11878161322116193,51.51609103442337],[-0.11891111259468545,51.51588576558493],[-0.11903433950355932,51.5157321444565],[-0.11926509103638525,51.515523699679726],[-0.11960328852618135,51.51527080498329],[-0.12084298877570537,51.51442779750299],[-0.12082568245635794,51.514388601758874],[-0.12109665494644407,51.51400532324237],[-0.12146260860342198,51.51372551236684],[-0.12205374045194688,51.513377888641116],[-0.12233602502136366,51.51318707062453],[-0.12253460051366699,51.51307603849435],[-0.12327219620840937,51.51261531721743],[-0.12345677828463807,51.512501092429964],[-0.12373097199775553,51.51233304774237]]},"properties":{"id":"940GZZLUHBN-940GZZLUCGN-Piccadilly","source":"940GZZLUHBN","target":"940GZZLUCGN","sourceName":"Holborn","targetName":"Covent Garden","line":"Piccadilly","colour":"#003688","color":"#003688","traffic":0.3404,"off9":0.0,"off12":0.0,"off14":0.0},"id":357},{"type":"Feature","geometry":{"type":"LineString","coordinates":[[-0.11953626590338207,51.51794182032651],[-0.11955630150030747,51.51797608102566],[-0.11958264329699458,51.51802813887238],[-0.1195958560732568,51.51805367028472],[-0.11961635955869883,51.51811278478339],[-0.11959483551570466,51.51811207444296],[-0.1195859441605348,51.51813559514074],[-0.11961842248473432,51.518310340868],[-0.11967393244477721,51.51864248493127],[-0.11984258164006832,51.51910169676081],[-0.12018490289438025,51.519474089581415],[-0.12050148741493143,51.51975547311136],[-0.12179126197558007,51.52077163466998],[-0.12239736023751518,51.52128903073746],[-0.12295226856167617,51.52176990463885],[-0.12302479082527973,51.52187010541564],[-0.12309719025131667,51.521984659171814],[-0.12312418838391287,51.522061399485025],[-0.12310194944431578,51.52208991099989],[-0.12307919426316034,51.52209126356343],[-0.12307217757143352,51.522199560112746],[-0.12300870844900025,51.523027829185324]]},"properties":{"id":"940GZZLUHBN-940GZZLURSQ-Piccadilly","source":"940GZZLUHBN","target":"940GZZLURSQ","sourceName":"Holborn","targetName":"Russell Square","line":"Piccadilly","colour":"#003688","color":"#003688","traffic":0.1447,"off9":0.0,"off12":0.0,"off14":0.0},"id":358},{"type":"Feature","geometry":{"type":"LineString","coordinates":[[-0.12047427211231133,51.51757236553706],[-0.1202096,51.5175976],[-0.119335,51.5176949],[-0.1183896,51.5178001],[-0.1179229,51.517846],[-0.1162868,51.5180282],[-0.1146824,51.5182254],[-0.1143547,51.5182568],[-0.1139788,51.518285],[-0.1135563,51.5182965],[-0.1121528,51.5182701],[-0.1117052,51.5182471],[-0.11158375492725016,51.51823747478748]]},"properties":{"id":"940GZZLUHBN-940GZZLUCHL-Central","source":"940GZZLUHBN","target":"940GZZLUCHL","sourceName":"Holborn","targetName":"Chancery Lane","line":"Central","colour":"#E32017","color":"#E32017","traffic":0.5614,"off9":0.0,"off12":0.0,"off14":0.0},"id":359},{"type":"Feature","geometry":{"type":"LineString","coordinates":[[-0.12047427211231133,51.51757236553706],[-0.1212144,51.5175018],[-0.1222742,51.5174016],[-0.1227724,51.5173589],[-0.1241424,51.5172443],[-0.1246073,51.5172042],[-0.1252581,51.5171424],[-0.1264186,51.5170063],[-0.1279161,51.516821],[-0.1290331,51.5166419],[-0.129849,51.5165065],[-0.1304121676780532,51.51644626760065]]},"properties":{"id":"940GZZLUHBN-940GZZLUTCR-Central","source":"940GZZLUHBN","target":"940GZZLUTCR","sourceName":"Holborn","targetName":"Tottenham Court Road","line":"Central","colour":"#E32017","color":"#E32017","traffic":0.5461,"off9":0.0,"off12":0.0,"off14":0.0},"id":360},{"type":"Feature","geometry":{"type":"LineString","coordinates":[[-0.1272728116511275,51.507439563853175],[-0.1269759,51.5073975],[-0.1265255,51.507319],[-0.1259385,51.5072077],[-0.1229841,51.5066338],[-0.12278997856139709,51.506583120041306]]},"properties":{"id":"940GZZLUCHX-940GZZLUEMB-Bakerloo","source":"940GZZLUCHX","target":"940GZZLUEMB","sourceName":"Charing Cross","targetName":"Embankment","line":"Bakerloo","colour":"#B36305","color":"#B36305","traffic":0.1394,"off9":0.0,"off12":0.0,"off14":0.0},"id":361},{"type":"Feature","geometry":{"type":"LineString","coordinates":[[-0.12668143210079658,51.509135093225275],[-0.1262713,51.5089935],[-0.1260127,51.5088889],[-0.1255408,51.5086659],[-0.1250146,51.5083831],[-0.1248354,51.5082951],[-0.1246049,51.5081928],[-0.1243824,51.5081166],[-0.1240778,51.5080188],[-0.1235663,51.5078884],[-0.1234084,51.5078326],[-0.1232448,51.5077585],[-0.1229333,51.5075874],[-0.1226906,51.5074574],[-0.1225508,51.5073906],[-0.12252484086651882,51.507379191320645]]},"properties":{"id":"940GZZLUCHX-940GZZLUEMB-Northern","source":"940GZZLUCHX","target":"940GZZLUEMB","sourceName":"Charing Cross","targetName":"Embankment","line":"Northern","colour":"#000000","color":"#000000","traffic":0.1394,"off9":0.0,"off12":0.0,"off14":0.0},"id":362},{"type":"Feature","geometry":{"type":"LineString","coordinates":[[-0.12668143210079658,51.509135093225275],[-0.1267081,51.5091443],[-0.127136,51.509292],[-0.1276055,51.5094715],[-0.1278486,51.5095884],[-0.1281112,51.5097636],[-0.1282866,51.5099373],[-0.1284162,51.5101485],[-0.1284626,51.5102741],[-0.1284851,51.5103807],[-0.1284835,51.5108256],[-0.12847385218252377,51.51138682261319]]},"properties":{"id":"940GZZLUCHX-940GZZLULSQ-Northern","source":"940GZZLUCHX","target":"940GZZLULSQ","sourceName":"Charing Cross","targetName":"Leicester Square","line":"Northern","colour":"#000000","color":"#000000","traffic":0.3204,"off9":0.0,"off12":0.0,"off14":0.0},"id":363},{"type":"Feature","geometry":{"type":"LineString","coordinates":[[-0.1272728116511275,51.507439563853175],[-0.127518,51.5074743],[-0.1277331,51.5075028],[-0.1279827,51.5075215],[-0.1283355,51.5075319],[-0.129134,51.5075446],[-0.1296846,51.5075914],[-0.1306331,51.5076816],[-0.1308182,51.5077069],[-0.1309756,51.5077636],[-0.1312184,51.5078967],[-0.1314463,51.5080904],[-0.1317462,51.5084826],[-0.1323159,51.5092316],[-0.1325528,51.50952],[-0.1327256,51.5096864],[-0.1329534,51.5098676],[-0.1331144,51.5099711],[-0.133271,51.5100403],[-0.1334669,51.5100696],[-0.1336725,51.5100696],[-0.13379841879951504,51.51006638067381]]},"properties":{"id":"940GZZLUCHX-940GZZLUPCC-Bakerloo","source":"940GZZLUCHX","target":"940GZZLUPCC","sourceName":"Charing Cross","targetName":"Piccadilly Circus","line":"Bakerloo","colour":"#B36305","color":"#B36305","traffic":0.3217,"off9":0.0,"off12":0.0,"off14":0.0},"id":364},{"type":"Feature","geometry":{"type":"LineString","coordinates":[[-0.12278997856139709,51.506583120041306],[-0.1226003,51.5065336],[-0.1224109,51.5064767],[-0.1221757,51.5063903],[-0.1217938,51.5062175],[-0.1214632,51.5060685],[-0.1211796,51.5059291],[-0.1192655,51.5049047],[-0.1190892,51.5048265],[-0.118924,51.5047638],[-0.118751,51.5047042],[-0.1184989,51.5046365],[-0.1157949,51.5039998],[-0.115446,51.5038842],[-0.11521,51.5037589],[-0.1149739,51.503542],[-0.1148666,51.5033423],[-0.1148488788040206,51.50327954845155]]},"properties":{"id":"940GZZLUEMB-940GZZLUWLO-Bakerloo","source":"940GZZLUEMB","target":"940GZZLUWLO","sourceName":"Embankment","targetName":"Waterloo","line":"Bakerloo","colour":"#B36305","color":"#B36305","traffic":0.0994,"off9":0.0,"off12":0.0,"off14":0.0},"id":365},{"type":"Feature","geometry":{"type":"LineString","coordinates":[[-0.12252484086651882,51.507379191320645],[-0.1224029,51.5073256],[-0.1221357,51.5072381],[-0.1219211,51.5071745],[-0.1217064,51.5071251],[-0.1215826,51.5071034],[-0.1211646,51.5070353],[-0.1209649,51.5070038],[-0.1206399,51.5069466],[-0.1203169,51.5068794],[-0.1196735,51.5067262],[-0.1190472,51.506567],[-0.1185249,51.5063983],[-0.1180508,51.5062203],[-0.1174082,51.5059817],[-0.1170923,51.5058477],[-0.1166345,51.5056214],[-0.1162416,51.5053785],[-0.1158839,51.5050501],[-0.1157239,51.5049219],[-0.1154623,51.5046551],[-0.1152007,51.5043738],[-0.115006,51.5041518],[-0.1147799,51.5038951],[-0.1145223,51.5035244],[-0.11449838440377581,51.50348894173167]]},"properties":{"id":"940GZZLUEMB-940GZZLUWLO-Northern","source":"940GZZLUEMB","target":"940GZZLUWLO","sourceName":"Embankment","targetName":"Waterloo","line":"Northern","colour":"#000000","color":"#000000","traffic":0.0994,"off9":0.0,"off12":0.0,"off14":0.0},"id":366},{"type":"Feature","geometry":{"type":"LineString","coordinates":[[-0.12278997856139709,51.506583120041306],[-0.1229841,51.5066338],[-0.1259385,51.5072077],[-0.1265255,51.507319],[-0.1269759,51.5073975],[-0.1272728116511275,51.507439563853175]]},"properties":{"id":"940GZZLUEMB-940GZZLUCHX-Bakerloo","source":"940GZZLUEMB","target":"940GZZLUCHX","sourceName":"Embankment","targetName":"Charing Cross","line":"Bakerloo","colour":"#B36305","color":"#B36305","traffic":0.2938,"off9":0.0,"off12":0.0,"off14":0.0},"id":367},{"type":"Feature","geometry":{"type":"LineString","coordinates":[[-0.12252484086651882,51.507379191320645],[-0.1225508,51.5073906],[-0.1226906,51.5074574],[-0.1229333,51.5075874],[-0.1232448,51.5077585],[-0.1234084,51.5078326],[-0.1235663,51.5078884],[-0.1240778,51.5080188],[-0.1243824,51.5081166],[-0.1246049,51.5081928],[-0.1248354,51.5082951],[-0.1250146,51.5083831],[-0.1255408,51.5086659],[-0.1260127,51.5088889],[-0.1262713,51.5089935],[-0.12668143210079658,51.509135093225275]]},"properties":{"id":"940GZZLUEMB-940GZZLUCHX-Northern","source":"940GZZLUEMB","target":"940GZZLUCHX","sourceName":"Embankment","targetName":"Charing Cross","line":"Northern","colour":"#000000","color":"#000000","traffic":0.2938,"off9":0.0,"off12":0.0,"off14":0.0},"id":368},{"type":"Feature","geometry":{"type":"LineString","coordinates":[[-0.12059143839794047,51.5061753510527],[-0.12047810601090894,51.50637313770449],[-0.12024034263459822,51.50667936326826],[-0.12010866155392856,51.50686670612635],[-0.11993351715539276,51.50707892652331],[-0.11985251352983034,51.507208632935885],[-0.11982046984176842,51.507278279763604],[-0.11958468629748308,51.50749758756616],[-0.11939463150841625,51.50767191464126],[-0.11909441184096356,51.50786313010633],[-0.118935152703168,51.507950884868556],[-0.11872005031058375,51.50804694333833],[-0.11845898774991451,51.508148855876705],[-0.11819362652511574,51.508246872029126],[-0.11775712294902906,51.50838294046945],[-0.11565244990962192,51.509037456275756],[-0.11489680944740649,51.50926311473913],[-0.11455674158302048,51.50936787600399],[-0.114364576393692,51.50942022452288],[-0.11426477457393003,51.509454443174846],[-0.1140796469855326,51.50949599216444],[-0.1138348037203229,51.509548170401395],[-0.11380948791952142,51.50955341073688]]},"properties":{"id":"940GZZLUEMB-940GZZLUTMP-Circle","source":"940GZZLUEMB","target":"940GZZLUTMP","sourceName":"Embankment","targetName":"Temple","line":"Circle","colour":"#FFD300","color":"#FFD300","traffic":0.407,"off9":0.0,"off12":0.0,"off14":0.0},"id":369},{"type":"Feature","geometry":{"type":"LineString","coordinates":[[-0.12158936919897023,51.50659217552634],[-0.12142565300545446,51.50683326885225],[-0.12117457131729911,51.50714993163413],[-0.12101758077696428,51.507356103063174],[-0.12081355857769638,51.50758836326166],[-0.12068295676491517,51.50774936646794],[-0.12058168492088421,51.5078571398818],[-0.12028859314874153,51.50810389378308],[-0.12000606575420812,51.50831590732063],[-0.11961325592048178,51.508537865053164],[-0.119397526351584,51.508641342434274],[-0.11914577515529187,51.50874647166916],[-0.11885699387495725,51.50885467793835],[-0.11856206326255786,51.50895888601457],[-0.11811016147451453,51.50909797023473],[-0.11600132495481097,51.50975327813788],[-0.11523725472370325,51.50998050736956],[-0.11487742079151024,51.510088788001994],[-0.114671438196846,51.51014346226144],[-0.11453913728696503,51.51018272158743],[-0.11431972349276635,51.510228946082215],[-0.11406595186016147,51.5102822352007],[-0.11403627811510841,51.51028800186947]]},"properties":{"id":"940GZZLUEMB-940GZZLUTMP-District","source":"940GZZLUEMB","target":"940GZZLUTMP","sourceName":"Embankment","targetName":"Temple","line":"District","colour":"#00782A","color":"#00782A","traffic":0.407,"off9":0.0,"off12":0.0,"off14":0.0},"id":370},{"type":"Feature","geometry":{"type":"LineString","coordinates":[[-0.12059143839794047,51.5061753510527],[-0.12061409349005635,51.50605815564484],[-0.12067315215924919,51.50591243455463],[-0.12070077855803946,51.50582420473962],[-0.12064150206163615,51.50585783891479],[-0.1206272698690252,51.50581300642948],[-0.12063596959941239,51.5055762907532],[-0.12068601407303034,51.505132194405704],[-0.12089011501621717,51.504461367025684],[-0.12099888719973909,51.50412033592198],[-0.12110631934396449,51.503723176663705],[-0.12127684319996201,51.50295833641727],[-0.12148285587814499,51.50219544441432],[-0.12163144837017224,51.50182547553121],[-0.121838209672415,51.501503455335815],[-0.12202203523634685,51.501268824933035],[-0.12213064915591058,51.501143424151586],[-0.12222967839133828,51.501038215414574],[-0.12235802307632314,51.50090782121126],[-0.12253286281843655,51.500760372598684],[-0.12264559266947372,51.500663195868036],[-0.1227756529499027,51.500567429443635],[-0.12305758883764575,51.5003848475076],[-0.12331233596326853,51.50023492019511],[-0.1234409452874158,51.50016636128119],[-0.12357562605841331,51.50008993399671],[-0.12363597181496827,51.50005678791726]]},"properties":{"id":"940GZZLUEMB-940GZZLUWSM-Circle","source":"940GZZLUEMB","target":"940GZZLUWSM","sourceName":"Embankment","targetName":"Westminster","line":"Circle","colour":"#FFD300","color":"#FFD300","traffic":0.3548,"off9":0.0,"off12":0.0,"off14":0.0},"id":371},{"type":"Feature","geometry":{"type":"LineString","coordinates":[[-0.12158936919897023,51.50659217552634],[-0.12167329674502818,51.50641157782242],[-0.12174507607962459,51.506250667277314],[-0.12180708927901973,51.506116402369805],[-0.12180905103081807,51.5060351194574],[-0.1218211849345126,51.50589845321474],[-0.1218351347997062,51.505625545376596],[-0.12187020703651516,51.50525964720285],[-0.1220421575081086,51.50467428351284],[-0.12214869359986955,51.50433786796099],[-0.12226915967198225,51.50391193833185],[-0.12244457159998101,51.503134968208634],[-0.12263852793907248,51.50240047220716],[-0.12274862418508613,51.502101037765605],[-0.12288620483620749,51.50186947766791],[-0.12302236761817342,51.50168331246652],[-0.1231004745779553,51.501585112075794],[-0.12317828919566913,51.501497407707284],[-0.12327146153816157,51.501393860605624],[-0.12339783140921827,51.50127963629934],[-0.12348634633473686,51.50119764793401],[-0.12357687647495136,51.501124914721814],[-0.12378284441882287,51.5009812737538],[-0.12397951798163426,51.50085706009755],[-0.1240811726437079,51.50079938064059],[-0.12420011302920665,51.500729016998356],[-0.12425429997815843,51.50069818711613]]},"properties":{"id":"940GZZLUEMB-940GZZLUWSM-District","source":"940GZZLUEMB","target":"940GZZLUWSM","sourceName":"Embankment","targetName":"Westminster","line":"District","colour":"#00782A","color":"#00782A","traffic":0.3548,"off9":0.0,"off12":0.0,"off14":0.0},"id":372},{"type":"Feature","geometry":{"type":"LineString","coordinates":[[-0.1288115653382786,51.512038244272105],[-0.12901725070878647,51.51196131036365],[-0.1303048375094859,51.51155668562707],[-0.13098680385339634,51.511380412212205],[-0.13219430021490605,51.5110828040392],[-0.1323898342364211,51.5110498918766],[-0.13270731755908496,51.511014139310255],[-0.1330825160394216,51.51098078565641],[-0.13364260415233598,51.51088802590614],[-0.13408578784297975,51.51078977741753]]},"properties":{"id":"940GZZLULSQ-940GZZLUPCC-Piccadilly","source":"940GZZLULSQ","target":"940GZZLUPCC","sourceName":"Leicester Square","targetName":"Piccadilly Circus","line":"Piccadilly","colour":"#003688","color":"#003688","traffic":0.3253,"off9":0.0,"off12":0.0,"off14":0.0},"id":373},{"type":"Feature","geometry":{"type":"LineString","coordinates":[[-0.1288115653382786,51.512038244272105],[-0.1284898748030588,51.51215283191374],[-0.1282213019760499,51.512247310662524],[-0.12803466965049132,51.51231317396321],[-0.1279137736673586,51.51235587316315],[-0.12761164322340135,51.5124584906197],[-0.12751553897529103,51.512488189251805],[-0.12653309032333074,51.512866879002345],[-0.12588457070648715,51.513183638399624],[-0.12522716316045518,51.51359557331771],[-0.12507380031276502,51.513690327940424],[-0.12504670520215555,51.513706549541844]]},"properties":{"id":"940GZZLULSQ-940GZZLUCGN-Piccadilly","source":"940GZZLULSQ","target":"940GZZLUCGN","sourceName":"Leicester Square","targetName":"Covent Garden","line":"Piccadilly","colour":"#003688","color":"#003688","traffic":0.228,"off9":0.0,"off12":0.0,"off14":0.0},"id":374},{"type":"Feature","geometry":{"type":"LineString","coordinates":[[-0.12847385218252377,51.51138682261319],[-0.1284835,51.5108256],[-0.1284851,51.5103807],[-0.1284626,51.5102741],[-0.1284162,51.5101485],[-0.1282866,51.5099373],[-0.1281112,51.5097636],[-0.1278486,51.5095884],[-0.1276055,51.5094715],[-0.127136,51.509292],[-0.1267081,51.5091443],[-0.12668143210079658,51.509135093225275]]},"properties":{"id":"940GZZLULSQ-940GZZLUCHX-Northern","source":"940GZZLULSQ","target":"940GZZLUCHX","sourceName":"Leicester Square","targetName":"Charing Cross","line":"Northern","colour":"#000000","color":"#000000","traffic":0.1882,"off9":0.0,"off12":0.0,"off14":0.0},"id":375},{"type":"Feature","geometry":{"type":"LineString","coordinates":[[-0.12830022527910168,51.51137994790757],[-0.1282939,51.5115114],[-0.1283281,51.5117756],[-0.1283486,51.5119071],[-0.1283659,51.512005],[-0.1283719,51.5120312],[-0.1284053,51.5121391],[-0.1284467,51.5122506],[-0.1286892,51.5126122],[-0.1290075,51.5131293],[-0.1291284,51.5133243],[-0.1292277,51.5135043],[-0.1295624,51.5142286],[-0.1298428,51.5152395],[-0.1298795,51.5153108],[-0.130257,51.5161311],[-0.13041650540942462,51.51642243834041]]},"properties":{"id":"940GZZLULSQ-940GZZLUTCR-Northern","source":"940GZZLULSQ","target":"940GZZLUTCR","sourceName":"Leicester Square","targetName":"Tottenham Court Road","line":"Northern","colour":"#000000","color":"#000000","traffic":0.2747,"off9":0.0,"off12":0.0,"off14":0.0},"id":376},{"type":"Feature","geometry":{"type":"LineString","coordinates":[[-0.13408578784297975,51.51078977741753],[-0.13364260415233598,51.51088802590614],[-0.1330825160394216,51.51098078565641],[-0.13270731755908496,51.511014139310255],[-0.1323898342364211,51.5110498918766],[-0.13219430021490605,51.5110828040392],[-0.13098680385339634,51.511380412212205],[-0.1303048375094859,51.51155668562707],[-0.12901725070878647,51.51196131036365],[-0.1288115653382786,51.512038244272105]]},"properties":{"id":"940GZZLUPCC-940GZZLULSQ-Piccadilly","source":"940GZZLUPCC","target":"940GZZLULSQ","sourceName":"Piccadilly Circus","targetName":"Leicester Square","line":"Piccadilly","colour":"#003688","color":"#003688","traffic":0.2563,"off9":0.0,"off12":0.0,"off14":0.0},"id":377},{"type":"Feature","geometry":{"type":"LineString","coordinates":[[-0.13408578784297975,51.51078977741753],[-0.13414455717304558,51.510777157205055],[-0.13444488002559157,51.51069921029557],[-0.13474403929618625,51.51060649554644],[-0.13495495359194487,51.51051916170751],[-0.13514297074521536,51.51043926183014],[-0.13559626600153346,51.51028464117374],[-0.13613217576969916,51.51010880816608],[-0.13837631088592658,51.50936633081632],[-0.1396513372072372,51.50898964199667],[-0.14019980828971476,51.5088215253592],[-0.1414610657317901,51.5083603728427],[-0.14221599841010957,51.50804351500071],[-0.14270117525987766,51.50780340349457],[-0.14327535301198435,51.50751487261017]]},"properties":{"id":"940GZZLUPCC-940GZZLUGPK-Piccadilly","source":"940GZZLUPCC","target":"940GZZLUGPK","sourceName":"Piccadilly Circus","targetName":"Green Park","line":"Piccadilly","colour":"#003688","color":"#003688","traffic":0.3236,"off9":0.0,"off12":0.0,"off14":0.0},"id":378},{"type":"Feature","geometry":{"type":"LineString","coordinates":[[-0.1337974940827025,51.51003122650028],[-0.1344256,51.5100143],[-0.1350177,51.5099987],[-0.1352847,51.5099768],[-0.1357011,51.5099163],[-0.1360288,51.5098789],[-0.1363426,51.509859],[-0.1365106,51.5098538],[-0.1367628,51.5098587],[-0.1369627,51.5098762],[-0.1371313,51.5098993],[-0.1372662,51.5099219],[-0.1374186,51.5099543],[-0.1375423,51.5099891],[-0.1376316,51.5100206],[-0.1377613,51.5100748],[-0.1379091,51.5101468],[-0.1379523,51.5101723],[-0.1379899,51.5101965],[-0.1380213,51.5102213],[-0.1380983,51.5102848],[-0.1381428,51.510322],[-0.1381779,51.5103571],[-0.1383597,51.5105624],[-0.141065,51.5136367],[-0.141648,51.5144875],[-0.1417703,51.5148018],[-0.1418813,51.5151861],[-0.14189272451505194,51.51522687876388]]},"properties":{"id":"940GZZLUPCC-940GZZLUOXC-Bakerloo","source":"940GZZLUPCC","target":"940GZZLUOXC","sourceName":"Piccadilly Circus","targetName":"Oxford Circus","line":"Bakerloo","colour":"#B36305","color":"#B36305","traffic":0.2622,"off9":0.0,"off12":0.0,"off14":0.0},"id":379},{"type":"Feature","geometry":{"type":"LineString","coordinates":[[-0.13379841879951504,51.51006638067381],[-0.1336725,51.5100696],[-0.1334669,51.5100696],[-0.133271,51.5100403],[-0.1331144,51.5099711],[-0.1329534,51.5098676],[-0.1327256,51.5096864],[-0.1325528,51.50952],[-0.1323159,51.5092316],[-0.1317462,51.5084826],[-0.1314463,51.5080904],[-0.1312184,51.5078967],[-0.1309756,51.5077636],[-0.1308182,51.5077069],[-0.1306331,51.5076816],[-0.1296846,51.5075914],[-0.129134,51.5075446],[-0.1283355,51.5075319],[-0.1279827,51.5075215],[-0.1277331,51.5075028],[-0.127518,51.5074743],[-0.1272728116511275,51.507439563853175]]},"properties":{"id":"940GZZLUPCC-940GZZLUCHX-Bakerloo","source":"940GZZLUPCC","target":"940GZZLUCHX","sourceName":"Piccadilly Circus","targetName":"Charing Cross","line":"Bakerloo","colour":"#B36305","color":"#B36305","traffic":0.1721,"off9":0.0,"off12":0.0,"off14":0.0},"id":380},{"type":"Feature","geometry":{"type":"LineString","coordinates":[[0.07502089781674123,51.61780975355774],[0.0755291,51.6177136],[0.0822625,51.6163663],[0.084062,51.615918],[0.0861081,51.6153355],[0.0892009,51.6144],[0.0904069,51.6140569],[0.0907841,51.6139456],[0.0911889,51.6138079],[0.0914133,51.6137249],[0.0915991,51.613652],[0.0917889,51.6135689],[0.092007,51.6134638],[0.09208856321833754,51.61342061487481]]},"properties":{"id":"940GZZLUCWL-940GZZLUGGH-Central","source":"940GZZLUCWL","target":"940GZZLUGGH","sourceName":"Chigwell","targetName":"Grange Hill","line":"Central","colour":"#E32017","color":"#E32017","traffic":0.0027,"off9":0.0,"off12":0.0,"off14":0.0},"id":381},{"type":"Feature","geometry":{"type":"LineString","coordinates":[[0.07502089781674123,51.61780975355774],[0.0745751,51.6178941],[0.0727025,51.6182049],[0.0682054,51.6188696],[0.0667274,51.6190889],[0.06542,51.619259],[0.0644869,51.619353],[0.0634241,51.6194286],[0.0626138,51.6194604],[0.0615072,51.6194814],[0.0612265,51.6194809],[0.0599733,51.6194503],[0.0585986,51.619378],[0.0563836,51.6191411],[0.0543736,51.6188292],[0.0536974,51.6187245],[0.053195,51.6186414],[0.048227,51.6178365],[0.0463035,51.6175273],[0.0460875,51.6174898],[0.0443489,51.6171949],[0.044119,51.6171562],[0.0438902,51.6171184],[0.0437686,51.6170977],[0.04367086677707459,51.61707836429043]]},"properties":{"id":"940GZZLUCWL-940GZZLURVY-Central","source":"940GZZLUCWL","target":"940GZZLURVY","sourceName":"Chigwell","targetName":"Roding Valley","line":"Central","colour":"#E32017","color":"#E32017","traffic":0.0182,"off9":0.0,"off12":0.0,"off14":0.0},"id":382},{"type":"Feature","geometry":{"type":"LineString","coordinates":[[0.09208856321833754,51.61342061487481],[0.092007,51.6134638],[0.0917889,51.6135689],[0.0915991,51.613652],[0.0914133,51.6137249],[0.0911889,51.6138079],[0.0907841,51.6139456],[0.0904069,51.6140569],[0.0892009,51.6144],[0.0861081,51.6153355],[0.084062,51.615918],[0.0822625,51.6163663],[0.0755291,51.6177136],[0.07502089781674123,51.61780975355774]]},"properties":{"id":"940GZZLUGGH-940GZZLUCWL-Central","source":"940GZZLUGGH","target":"940GZZLUCWL","sourceName":"Grange Hill","targetName":"Chigwell","line":"Central","colour":"#E32017","color":"#E32017","traffic":0.0121,"off9":0.0,"off12":0.0,"off14":0.0},"id":383},{"type":"Feature","geometry":{"type":"LineString","coordinates":[[0.09207459262262575,51.613394518761595],[0.0922067,51.6133258],[0.092361,51.6132359],[0.0925138,51.61314],[0.0926644,51.613037],[0.0928237,51.6129213],[0.0930003,51.6127825],[0.0931688,51.6126288],[0.0933254,51.6124677],[0.0934263,51.6123582],[0.0935082,51.6122584],[0.0937491,51.6119568],[0.0938475,51.6118305],[0.0941802,51.611394],[0.0944222,51.6110759],[0.0946394,51.6107782],[0.0947824,51.6105553],[0.094876,51.6103868],[0.0949619,51.610194],[0.0950325,51.6099753],[0.0950824,51.6097847],[0.0951087,51.6096253],[0.09512,51.6094286],[0.0951221,51.6091955],[0.0950997,51.6089624],[0.0950768,51.6088312],[0.0949422,51.608335],[0.094834,51.6080065],[0.0946851,51.6074989],[0.0945976,51.6072049],[0.0944595,51.6067645],[0.0943115,51.6062729],[0.0941276,51.6056641],[0.0939665,51.6051353],[0.0938543,51.6047819],[0.0937905,51.6045714],[0.0937298,51.6043669],[0.093676,51.6041855],[0.0936565,51.6041204],[0.0936088,51.603962],[0.0935583,51.6038005],[0.0935509,51.6037759],[0.09351315889032645,51.60364968294608]]},"properties":{"id":"940GZZLUGGH-940GZZLUHLT-Central","source":"940GZZLUGGH","target":"940GZZLUHLT","sourceName":"Grange Hill","targetName":"Hainault","line":"Central","colour":"#E32017","color":"#E32017","traffic":0.0027,"off9":0.0,"off12":0.0,"off14":0.0},"id":384},{"type":"Feature","geometry":{"type":"LineString","coordinates":[[0.040864,51.6157905],[0.0397956,51.6144397],[0.036889,51.6107769],[0.0358449,51.6094951],[0.0355383,51.6090863],[0.0352565,51.6087124],[0.0350343,51.6083808],[0.0348646,51.6081208],[0.0346439,51.6077857],[0.0345566,51.6076409],[0.0344366,51.6074508],[0.034068704507789566,51.606839588572406]]},"properties":{"id":"940GZZLURVY-940GZZLUWOF-Central","source":"940GZZLURVY","target":"940GZZLUWOF","sourceName":"Roding Valley","targetName":"Woodford","line":"Central","colour":"#E32017","color":"#E32017","traffic":0.0237,"off9":0.0,"off12":0.0,"off14":0.0},"id":385},{"type":"Feature","geometry":{"type":"LineString","coordinates":[[0.04367086677707459,51.61707836429043],[0.0437686,51.6170977],[0.0438902,51.6171184],[0.044119,51.6171562],[0.0443489,51.6171949],[0.0460875,51.6174898],[0.0463035,51.6175273],[0.048227,51.6178365],[0.053195,51.6186414],[0.0536974,51.6187245],[0.0543736,51.6188292],[0.0563836,51.6191411],[0.0585986,51.619378],[0.0599733,51.6194503],[0.0612265,51.6194809],[0.0615072,51.6194814],[0.0626138,51.6194604],[0.0634241,51.6194286],[0.0644869,51.619353],[0.06542,51.619259],[0.0667274,51.6190889],[0.0682054,51.6188696],[0.0727025,51.6182049],[0.0745751,51.6178941],[0.07502089781674123,51.61780975355774]]},"properties":{"id":"940GZZLURVY-940GZZLUCWL-Central","source":"940GZZLURVY","target":"940GZZLUCWL","sourceName":"Roding Valley","targetName":"Chigwell","line":"Central","colour":"#E32017","color":"#E32017","traffic":0.0048,"off9":0.0,"off12":0.0,"off14":0.0},"id":386},{"type":"Feature","geometry":{"type":"LineString","coordinates":[[-0.4744298308710215,51.63878054105112],[-0.5191878308710214,51.652931541051124]]},"properties":{"id":"940GZZLURKW-940GZZLUCYD-Metropolitan","source":"940GZZLURKW","target":"940GZZLUCYD","sourceName":"Rickmansworth","targetName":"Chorleywood","line":"Metropolitan","colour":"#9B0056","color":"#9B0056","traffic":0.0174,"off9":0.0,"off12":0.0,"off14":0.0},"id":387},{"type":"Feature","geometry":{"type":"LineString","coordinates":[[-0.47311573995566114,51.64165797539865],[-0.43186673995566116,51.63129597539866]]},"properties":{"id":"940GZZLURKW-940GZZLUMPK-Metropolitan","source":"940GZZLURKW","target":"940GZZLUMPK","sourceName":"Rickmansworth","targetName":"Moor Park","line":"Metropolitan","colour":"#9B0056","color":"#9B0056","traffic":0.0609,"off9":0.0,"off12":0.0,"off14":0.0},"id":388},{"type":"Feature","geometry":{"type":"LineString","coordinates":[[-0.13823784930832048,51.46162476885626],[-0.13834,51.4615558],[-0.1394243,51.4609608],[-0.1415587,51.4595394],[-0.1422229,51.4587779],[-0.142589,51.4583582],[-0.1433326,51.4574899],[-0.1436148,51.4571666],[-0.1444366,51.4562804],[-0.145044,51.4556254],[-0.1461594,51.4544277],[-0.1472662,51.4532727],[-0.1473741,51.4531375],[-0.1474632,51.4530268],[-0.1476376,51.4527761],[-0.1476760847555122,51.45270474108703]]},"properties":{"id":"940GZZLUCPC-940GZZLUCPS-Northern","source":"940GZZLUCPC","target":"940GZZLUCPS","sourceName":"Clapham Common","targetName":"Clapham South","line":"Northern","colour":"#000000","color":"#000000","traffic":0.146,"off9":0.0,"off12":0.0,"off14":0.0},"id":389},{"type":"Feature","geometry":{"type":"LineString","coordinates":[[-0.13823784930832048,51.46162476885626],[-0.138042,51.461757],[-0.1378437,51.4618954],[-0.1376593,51.4619873],[-0.1374987,51.462044],[-0.1370773,51.462173],[-0.1370442,51.4621831],[-0.1365286,51.4623392],[-0.1348002,51.4629043],[-0.1328119,51.4636377],[-0.1308527,51.4645065],[-0.1304639,51.4647289],[-0.1301018,51.464989],[-0.12998153275665042,51.465096405227165]]},"properties":{"id":"940GZZLUCPC-940GZZLUCPN-Northern","source":"940GZZLUCPC","target":"940GZZLUCPN","sourceName":"Clapham Common","targetName":"Clapham North","line":"Northern","colour":"#000000","color":"#000000","traffic":0.6843,"off9":0.0,"off12":0.0,"off14":0.0},"id":390},{"type":"Feature","geometry":{"type":"LineString","coordinates":[[-0.12998153275665042,51.465096405227165],[-0.1299391,51.4651343],[-0.1292202,51.4659435],[-0.1282006,51.4674349],[-0.1277488,51.4680087],[-0.1266148,51.4689677],[-0.1262923,51.4691915],[-0.1252693,51.4698928],[-0.1247669,51.4702748],[-0.1243321,51.4706053],[-0.1226354,51.4721148],[-0.12260607573134451,51.47214017728037]]},"properties":{"id":"940GZZLUCPN-940GZZLUSKW-Northern","source":"940GZZLUCPN","target":"940GZZLUSKW","sourceName":"Clapham North","targetName":"Stockwell","line":"Northern","colour":"#000000","color":"#000000","traffic":0.7184,"off9":0.0,"off12":0.0,"off14":0.0},"id":391},{"type":"Feature","geometry":{"type":"LineString","coordinates":[[-0.12998153275665042,51.465096405227165],[-0.1301018,51.464989],[-0.1304639,51.4647289],[-0.1308527,51.4645065],[-0.1328119,51.4636377],[-0.1348002,51.4629043],[-0.1365286,51.4623392],[-0.1370442,51.4621831],[-0.1370773,51.462173],[-0.1374987,51.462044],[-0.1376593,51.4619873],[-0.1378437,51.4618954],[-0.138042,51.461757],[-0.13823784930832048,51.46162476885626]]},"properties":{"id":"940GZZLUCPN-940GZZLUCPC-Northern","source":"940GZZLUCPN","target":"940GZZLUCPC","sourceName":"Clapham North","targetName":"Clapham Common","line":"Northern","colour":"#000000","color":"#000000","traffic":0.1621,"off9":0.0,"off12":0.0,"off14":0.0},"id":392},{"type":"Feature","geometry":{"type":"LineString","coordinates":[[-0.1495154301903308,51.65083235857992],[-0.14938493714248705,51.650792269493806],[-0.14860882461187952,51.650552035964914],[-0.14814624013032732,51.65040487645353],[-0.14771698196520472,51.650279049638925],[-0.1475445608778692,51.65023180067972],[-0.14680630397203737,51.65003741271938],[-0.1467092517909896,51.650018290756975],[-0.14610930460956284,51.649896981534255],[-0.14603443688415602,51.649881836149675],[-0.14491526705753788,51.64965330651625],[-0.14460270411625806,51.64959890545245],[-0.14430467292831825,51.649551681546235],[-0.14388109446786776,51.6494939492948],[-0.1433269418411094,51.649427047944016],[-0.14288269854244448,51.64939067243329],[-0.14257908466285127,51.64936688284152],[-0.14156146670488426,51.649315325633026],[-0.14079007593853282,51.64927641190663],[-0.14037119864377107,51.649244763414984],[-0.14005939667604836,51.64921830842927],[-0.1396477620418729,51.64917059676226],[-0.13937926529211261,51.64913200937551],[-0.13895995493620605,51.64906546283239],[-0.13740544854240416,51.64877520057137],[-0.13697460847740428,51.64868155114913],[-0.13662509725026564,51.648602231175936],[-0.13626419912061746,51.6485009189932],[-0.1359137267549718,51.64839780630912],[-0.13555963552176736,51.64828153365686],[-0.1352234835189481,51.648163718520635],[-0.134867430937268,51.648024510122056],[-0.13462100745059752,51.64792052083652],[-0.13437707902588653,51.647809574376154],[-0.13389076306889675,51.64757976210368],[-0.13338156363863854,51.647357653326935],[-0.133091350350159,51.64722024470209],[-0.1329629716113441,51.647153585425926],[-0.13269325133014676,51.647033055408585]]},"properties":{"id":"940GZZLUCKS-940GZZLUOAK-Piccadilly","source":"940GZZLUCKS","target":"940GZZLUOAK","sourceName":"Cockfosters","targetName":"Oakwood","line":"Piccadilly","colour":"#003688","color":"#003688","traffic":0.0147,"off9":0.0,"off12":0.0,"off14":0.0},"id":393},{"type":"Feature","geometry":{"type":"LineString","coordinates":[[-0.13269325133014676,51.647033055408585],[-0.13238787777261787,51.646893022831826],[-0.13219208161759866,51.646805397563966],[-0.13100682841533448,51.64626839574272],[-0.1306985072902966,51.646126129492785],[-0.13042123272366224,51.64599848539624],[-0.13026074196751197,51.64591720253234],[-0.13016115628103642,51.645854043886246],[-0.13004112291984843,51.64576980394036],[-0.12988371168496315,51.645659671776954],[-0.12970866599969724,51.64551992112923],[-0.1296002703672128,51.64541471628353],[-0.12943499983337192,51.645248031103726],[-0.1293404665097148,51.64514942168281],[-0.12926735719450053,51.64504546330312],[-0.129191695258174,51.6449282939973],[-0.12911814038708821,51.6448008862456],[-0.12903442674059784,51.64465227602494],[-0.12899836479770085,51.64454618482302],[-0.12895408077806922,51.64441805658951],[-0.12882102309717705,51.644059557629824],[-0.12865749945463711,51.643622545264435],[-0.12838275172585056,51.642906223806904],[-0.1281326694372658,51.642214289096664],[-0.1279099929468539,51.64162515856945],[-0.12768839909282445,51.64103784982978],[-0.12746243487255582,51.640444102351296],[-0.12716208073449753,51.63962625318098],[-0.12691441367744621,51.638954863939595],[-0.12668219008876566,51.6383282122017],[-0.12637785038459304,51.63750931150867],[-0.12623793936892339,51.63712234859082],[-0.126181417213164,51.63691030056067],[-0.12612337310203336,51.636650189594704],[-0.1260988124641963,51.63651477193451],[-0.1260812242565211,51.63638109265266],[-0.12606790369533802,51.63620829151698],[-0.12605607910550412,51.63608751459337],[-0.12605369263916463,51.63597397901865],[-0.1260508010518554,51.63580294941706],[-0.12605791271322334,51.63567831713443],[-0.12606680192579553,51.63552721796322],[-0.12607261775502218,51.635452118615284],[-0.12608212482586056,51.63537734935903],[-0.12611564345146567,51.63523660472718],[-0.12614098414996114,51.63513684129011],[-0.12618161791882437,51.6350121927796],[-0.1262215211685335,51.634912032699525],[-0.12625060765557936,51.63484013196497],[-0.12626700983156697,51.63479143852462],[-0.12630654355273196,51.634713227185706],[-0.12635425630629865,51.634630157777856],[-0.12640694057679824,51.63455118486673],[-0.12646233702566292,51.634468331610535],[-0.126516732357445,51.634398123211454],[-0.1265941058704139,51.6343113883243],[-0.12671938712123113,51.63418041590352],[-0.12682644855668213,51.63407681531305],[-0.12693404601660926,51.633980589151435],[-0.12707031269976365,51.63387228694675],[-0.12792801625981848,51.63332203659168],[-0.12850478708731222,51.632945104174034],[-0.12852080090704915,51.63293434353463]]},"properties":{"id":"940GZZLUOAK-940GZZLUSGT-Piccadilly","source":"940GZZLUOAK","target":"940GZZLUSGT","sourceName":"Oakwood","targetName":"Southgate","line":"Piccadilly","colour":"#003688","color":"#003688","traffic":0.0399,"off9":0.0,"off12":0.0,"off14":0.0},"id":394},{"type":"Feature","geometry":{"type":"LineString","coordinates":[[-0.13269325133014676,51.647033055408585],[-0.1329629716113441,51.647153585425926],[-0.133091350350159,51.64722024470209],[-0.13338156363863854,51.647357653326935],[-0.13389076306889675,51.64757976210368],[-0.13437707902588653,51.647809574376154],[-0.13462100745059752,51.64792052083652],[-0.134867430937268,51.648024510122056],[-0.1352234835189481,51.648163718520635],[-0.13555963552176736,51.64828153365686],[-0.1359137267549718,51.64839780630912],[-0.13626419912061746,51.6485009189932],[-0.13662509725026564,51.648602231175936],[-0.13697460847740428,51.64868155114913],[-0.13740544854240416,51.64877520057137],[-0.13895995493620605,51.64906546283239],[-0.13937926529211261,51.64913200937551],[-0.1396477620418729,51.64917059676226],[-0.14005939667604836,51.64921830842927],[-0.14037119864377107,51.649244763414984],[-0.14079007593853282,51.64927641190663],[-0.14156146670488426,51.649315325633026],[-0.14257908466285127,51.64936688284152],[-0.14288269854244448,51.64939067243329],[-0.1433269418411094,51.649427047944016],[-0.14388109446786776,51.6494939492948],[-0.14430467292831825,51.649551681546235],[-0.14460270411625806,51.64959890545245],[-0.14491526705753788,51.64965330651625],[-0.14603443688415602,51.649881836149675],[-0.14610930460956284,51.649896981534255],[-0.1467092517909896,51.650018290756975],[-0.14680630397203737,51.65003741271938],[-0.1475445608778692,51.65023180067972],[-0.14771698196520472,51.650279049638925],[-0.14814624013032732,51.65040487645353],[-0.14860882461187952,51.650552035964914],[-0.14938493714248705,51.650792269493806],[-0.1495154301903308,51.65083235857992]]},"properties":{"id":"940GZZLUOAK-940GZZLUCKS-Piccadilly","source":"940GZZLUOAK","target":"940GZZLUCKS","sourceName":"Oakwood","targetName":"Cockfosters","line":"Piccadilly","colour":"#003688","color":"#003688","traffic":0.0048,"off9":0.0,"off12":0.0,"off14":0.0},"id":395},{"type":"Feature","geometry":{"type":"LineString","coordinates":[[-0.17806129687343733,51.41813782471059],[-0.1780571,51.4181425],[-0.1778094,51.4184245],[-0.177671,51.4185691],[-0.1766783,51.4196056],[-0.1758522,51.4204713],[-0.1748698,51.4216015],[-0.17421,51.4222663],[-0.1736261,51.4228225],[-0.1733715,51.4230346],[-0.1728216,51.4234032],[-0.1711637,51.4247402],[-0.1707886,51.4250591],[-0.1705752,51.4252681],[-0.1700334,51.4258992],[-0.1696404,51.4264384],[-0.1693501,51.4267952],[-0.1689021,51.4272305],[-0.1687207,51.4274094],[-0.16843946941068247,51.42769456592278]]},"properties":{"id":"940GZZLUCSD-940GZZLUTBY-Northern","source":"940GZZLUCSD","target":"940GZZLUTBY","sourceName":"Colliers Wood","targetName":"Tooting Broadway","line":"Northern","colour":"#000000","color":"#000000","traffic":0.2319,"off9":0.0,"off12":0.0,"off14":0.0},"id":396},{"type":"Feature","geometry":{"type":"LineString","coordinates":[[-0.17806129687343733,51.41813782471059],[-0.1783308,51.4178376],[-0.1784608,51.4177004],[-0.1786244,51.4175581],[-0.1788843,51.4173365],[-0.179656,51.4169271],[-0.1800252,51.4167594],[-0.180312,51.4166819],[-0.1805763,51.4166274],[-0.181257,51.4164651],[-0.1820437,51.4162848],[-0.1821614,51.4162695],[-0.183474,51.416213],[-0.1844502,51.4161542],[-0.1870577,51.4159747],[-0.1881662,51.4158478],[-0.1895932,51.4157421],[-0.1905696,51.4156549],[-0.1913877,51.4155575],[-0.1916877,51.4154991],[-0.19195,51.4154454],[-0.19203829043122267,51.41541857648453]]},"properties":{"id":"940GZZLUCSD-940GZZLUSWN-Northern","source":"940GZZLUCSD","target":"940GZZLUSWN","sourceName":"Colliers Wood","targetName":"South Wimbledon","line":"Northern","colour":"#000000","color":"#000000","traffic":0.0428,"off9":0.0,"off12":0.0,"off14":0.0},"id":397},{"type":"Feature","geometry":{"type":"LineString","coordinates":[[-0.16843946941068247,51.42769456592278],[-0.1683348,51.4278007],[-0.168116,51.4280174],[-0.1678506,51.4282803],[-0.1667103,51.429309],[-0.1648741,51.4311089],[-0.1641133,51.4319057],[-0.1639997,51.4320921],[-0.1638259,51.4325588],[-0.163668,51.4328858],[-0.1634983,51.4331298],[-0.1628331,51.4338029],[-0.1622379,51.4342828],[-0.1615896,51.4347251],[-0.1612817,51.434908],[-0.1605412,51.4352905],[-0.1597279,51.4356533],[-0.15972523189485704,51.43565452381183]]},"properties":{"id":"940GZZLUTBY-940GZZLUTBC-Northern","source":"940GZZLUTBY","target":"940GZZLUTBC","sourceName":"Tooting Broadway","targetName":"Tooting Bec","line":"Northern","colour":"#000000","color":"#000000","traffic":0.3479,"off9":0.0,"off12":0.0,"off14":0.0},"id":398},{"type":"Feature","geometry":{"type":"LineString","coordinates":[[-0.16843946941068247,51.42769456592278],[-0.1687207,51.4274094],[-0.1689021,51.4272305],[-0.1693501,51.4267952],[-0.1696404,51.4264384],[-0.1700334,51.4258992],[-0.1705752,51.4252681],[-0.1707886,51.4250591],[-0.1711637,51.4247402],[-0.1728216,51.4234032],[-0.1733715,51.4230346],[-0.1736261,51.4228225],[-0.17421,51.4222663],[-0.1748698,51.4216015],[-0.1758522,51.4204713],[-0.1766783,51.4196056],[-0.177671,51.4185691],[-0.1778094,51.4184245],[-0.1780571,51.4181425],[-0.17806129687343733,51.41813782471059]]},"properties":{"id":"940GZZLUTBY-940GZZLUCSD-Northern","source":"940GZZLUTBY","target":"940GZZLUCSD","sourceName":"Tooting Broadway","targetName":"Colliers Wood","line":"Northern","colour":"#000000","color":"#000000","traffic":0.0534,"off9":0.0,"off12":0.0,"off14":0.0},"id":399},{"type":"Feature","geometry":{"type":"LineString","coordinates":[[-0.19203829043122267,51.41541857648453],[-0.1923542,51.4153226],[-0.1926019,51.4152376],[-0.1928677,51.4151372],[-0.1933283,51.4149248],[-0.1936162,51.4147813],[-0.1941162,51.4144909],[-0.1947068,51.4140303],[-0.1951473,51.4136502],[-0.1955899,51.4132528],[-0.1958234,51.4128619],[-0.1958616,51.4124845],[-0.1958373,51.4120755],[-0.1957212,51.4115428],[-0.1953423,51.4105921],[-0.194973,51.4096439],[-0.194847,51.4089006],[-0.1947731,51.4080971],[-0.1947923,51.404155],[-0.1947908,51.4040534],[-0.1948064,51.4039475],[-0.1948903,51.4033272]]},"properties":{"id":"940GZZLUSWN-940GZZLUMDN-Northern","source":"940GZZLUSWN","target":"940GZZLUMDN","sourceName":"South Wimbledon","targetName":"Morden","line":"Northern","colour":"#000000","color":"#000000","traffic":0.024,"off9":0.0,"off12":0.0,"off14":0.0},"id":400},{"type":"Feature","geometry":{"type":"LineString","coordinates":[[-0.19203829043122267,51.41541857648453],[-0.19195,51.4154454],[-0.1916877,51.4154991],[-0.1913877,51.4155575],[-0.1905696,51.4156549],[-0.1895932,51.4157421],[-0.1881662,51.4158478],[-0.1870577,51.4159747],[-0.1844502,51.4161542],[-0.183474,51.416213],[-0.1821614,51.4162695],[-0.1820437,51.4162848],[-0.181257,51.4164651],[-0.1805763,51.4166274],[-0.180312,51.4166819],[-0.1800252,51.4167594],[-0.179656,51.4169271],[-0.1788843,51.4173365],[-0.1786244,51.4175581],[-0.1784608,51.4177004],[-0.1783308,51.4178376],[-0.17806129687343733,51.41813782471059]]},"properties":{"id":"940GZZLUSWN-940GZZLUCSD-Northern","source":"940GZZLUSWN","target":"940GZZLUCSD","sourceName":"South Wimbledon","targetName":"Colliers Wood","line":"Northern","colour":"#000000","color":"#000000","traffic":0.157,"off9":0.0,"off12":0.0,"off14":0.0},"id":401},{"type":"Feature","geometry":{"type":"LineString","coordinates":[[-0.12504670520215555,51.513706549541844],[-0.12507380031276502,51.513690327940424],[-0.12522716316045518,51.51359557331771],[-0.12588457070648715,51.513183638399624],[-0.12653309032333074,51.512866879002345],[-0.12751553897529103,51.512488189251805],[-0.12761164322340135,51.5124584906197],[-0.1279137736673586,51.51235587316315],[-0.12803466965049132,51.51231317396321],[-0.1282213019760499,51.512247310662524],[-0.1284898748030588,51.51215283191374],[-0.1288115653382786,51.512038244272105]]},"properties":{"id":"940GZZLUCGN-940GZZLULSQ-Piccadilly","source":"940GZZLUCGN","target":"940GZZLULSQ","sourceName":"Covent Garden","targetName":"Leicester Square","line":"Piccadilly","colour":"#003688","color":"#003688","traffic":0.3107,"off9":0.0,"off12":0.0,"off14":0.0},"id":402},{"type":"Feature","geometry":{"type":"LineString","coordinates":[[-0.12373097199775553,51.51233304774237],[-0.12345677828463807,51.512501092429964],[-0.12327219620840937,51.51261531721743],[-0.12253460051366699,51.51307603849435],[-0.12233602502136366,51.51318707062453],[-0.12205374045194688,51.513377888641116],[-0.12146260860342198,51.51372551236684],[-0.12109665494644407,51.51400532324237],[-0.12082568245635794,51.514388601758874],[-0.12084298877570537,51.51442779750299],[-0.11960328852618135,51.51527080498329],[-0.11926509103638525,51.515523699679726],[-0.11903433950355932,51.5157321444565],[-0.11891111259468545,51.51588576558493],[-0.11878161322116193,51.51609103442337],[-0.11870604344660071,51.51641167136936],[-0.11880372396435047,51.51681335873094],[-0.11894772811698412,51.51706189560568],[-0.11913877790948169,51.51734596516563],[-0.11931691410470273,51.51760809912544],[-0.11946567244353572,51.517831858355486],[-0.11953626590338207,51.51794182032651]]},"properties":{"id":"940GZZLUCGN-940GZZLUHBN-Piccadilly","source":"940GZZLUCGN","target":"940GZZLUHBN","sourceName":"Covent Garden","targetName":"Holborn","line":"Piccadilly","colour":"#003688","color":"#003688","traffic":0.2032,"off9":0.0,"off12":0.0,"off14":0.0},"id":403},{"type":"Feature","geometry":{"type":"LineString","coordinates":[[-0.4431605679488974,51.64826630085951],[-0.44306138417196494,51.64834441175696],[-0.442625391426909,51.648691997467786],[-0.4423145553832597,51.64894427284326],[-0.4420167155000441,51.64916638367492],[-0.4415420872714265,51.64954090583523],[-0.44127449760845283,51.64973879422349],[-0.44095939672044987,51.64998269294669],[-0.4405822617802188,51.65025549068005],[-0.44012106631166353,51.65056349681886],[-0.43968184035264835,51.650818147676894],[-0.4392785914872662,51.65103859408425],[-0.43882163084088666,51.65126973166669],[-0.43837533811412194,51.651478731902884],[-0.4378284658817582,51.65170982809592],[-0.43737290979531207,51.651886419983875],[-0.4368402990600377,51.652077635578024],[-0.4360288839807949,51.652338649104735],[-0.43531251419514716,51.65257053515227],[-0.43450271713925503,51.65283349932276],[-0.43383498371642715,51.65304686201953],[-0.43341034868825384,51.6531822524038],[-0.43273793012279055,51.65339953821735],[-0.43255992880700106,51.653456034563746],[-0.4323180872695325,51.6535340279113],[-0.4321736887295704,51.65358184093503],[-0.43165619117006265,51.65374962774199],[-0.43104571170833533,51.65394618466052],[-0.4303653083945643,51.65417340546821],[-0.4297804518638967,51.654353970628556],[-0.42911636741570197,51.654572814740874],[-0.4285342863438858,51.654764727799524],[-0.42819464053481054,51.65489672564105],[-0.427564505386407,51.65509464603857],[-0.42657967193482565,51.655412836704066],[-0.4261573594886745,51.655547679764894],[-0.42503316010484715,51.655910262903056],[-0.4249432788200629,51.65593927718014],[-0.4246458013557286,51.65604674525338],[-0.4242143964346952,51.656207796413256],[-0.42378395950415126,51.65639150366276],[-0.4234098561410825,51.656575684171806],[-0.42301593474982063,51.65678259204611],[-0.4229641330088067,51.65681532468399],[-0.4225385339187946,51.657026505046346],[-0.42201173947803594,51.657260966893666],[-0.42152816686186684,51.65746358414251],[-0.4213550438936203,51.657540532053154],[-0.4210759867238775,51.65766101831461],[-0.42095937629258934,51.65771204677516],[-0.4205074195801135,51.657910150980456],[-0.42038359168098954,51.65796477084752],[-0.41943718469753466,51.65838119176186],[-0.4185773236457435,51.65875494246195],[-0.41852660229391664,51.658776928240236],[-0.41833779145894395,51.658855312159936]]},"properties":{"id":"940GZZLUCXY-940GZZLUWAF-Metropolitan","source":"940GZZLUCXY","target":"940GZZLUWAF","sourceName":"Croxley","targetName":"Watford","line":"Metropolitan","colour":"#9B0056","color":"#9B0056","traffic":0.0152,"off9":0.0,"off12":0.0,"off14":0.0},"id":404},{"type":"Feature","geometry":{"type":"LineString","coordinates":[[-0.4431605679488974,51.64826630085951],[-0.4431987783469969,51.6482380950397],[-0.44328753689230527,51.648149394203],[-0.44364785271119134,51.64789980036965],[-0.44389842935519597,51.64773617509614],[-0.44414157556166456,51.64759202950286],[-0.4444257276447993,51.64745088186096],[-0.44472258223162203,51.647316357768176],[-0.4451243687050386,51.647159485719556],[-0.4456517885639377,51.64699249192415],[-0.44619132432069214,51.64682098444618],[-0.44695598324965036,51.64658670246896],[-0.4476580020406676,51.64635252490846],[-0.44846425139399093,51.64611011583956],[-0.44912063113636125,51.64590847403792],[-0.44963544912200526,51.64574796015864],[-0.4502142337884229,51.645538990196286],[-0.4506235189640987,51.64536348492441],[-0.45103353823404807,51.645154494561794],[-0.451410744541008,51.644946428701665],[-0.4518185062463752,51.64467588199213],[-0.45196349036506167,51.644569297762715],[-0.4521395361023492,51.644433826098805],[-0.45235855313957446,51.64425278339879],[-0.4525143416457642,51.64410169363263],[-0.45262557846910156,51.643994408453736],[-0.45267395199765104,51.643947401243466],[-0.45291048676303874,51.643682995725676],[-0.45308055488107535,51.64345357514676],[-0.4532614516343515,51.64317532315674],[-0.4534413131139101,51.642810086895416],[-0.4535800700240737,51.642328248484375],[-0.4536281729493237,51.641788677622344],[-0.45356135485751276,51.641252614767765],[-0.45337880403033326,51.640718715302796],[-0.45317340040736925,51.64034355634509],[-0.4529663083127717,51.640037752882364],[-0.45258951844950573,51.63959827731634],[-0.4522801982013567,51.639321489245354],[-0.4520178994316408,51.639095029404714],[-0.45167386370082946,51.63886269636001],[-0.4512772508942249,51.63863427884207],[-0.4509023535920248,51.63845609149674],[-0.45047580577292157,51.63827768045291],[-0.45016998454508156,51.638163105660645],[-0.44985595158107927,51.63806620059937],[-0.4494060812315164,51.637935160947784],[-0.44905358476301027,51.63784110205219],[-0.44876160670667997,51.63776018807558],[-0.4486290298928291,51.637726867434225],[-0.4476512038803631,51.637470737977075],[-0.44732858499133216,51.63738595413898],[-0.44693061518525284,51.637283062890894],[-0.44635930104576566,51.637129202995105],[-0.44569206171892795,51.63694912036957],[-0.4455673960512838,51.6369136508411],[-0.4453779201797358,51.63686026645844],[-0.444766363574089,51.63668711119571],[-0.4441243230322011,51.636488374914144],[-0.44350297225347357,51.63627470995119],[-0.44309206780256594,51.63611950997635],[-0.4425029178582073,51.63588781889942],[-0.44191498376667343,51.63563999565623],[-0.4413900944378212,51.63540476137114],[-0.44134372115973425,51.63537622800012],[-0.44122052924807964,51.63531572274361],[-0.44081755928293487,51.63512148472949],[-0.4405911975236081,51.63500689998761],[-0.44017723243529555,51.63476901707402],[-0.43975880661540795,51.634523072166445],[-0.43949580859410636,51.63436640402949],[-0.43905224398579845,51.63409229672747],[-0.43865787845859916,51.633832570236045],[-0.4384717572832313,51.63370410816477],[-0.4381509568690123,51.63346985869912],[-0.4378277579509307,51.633221422591674],[-0.43750530289823725,51.63296278656971],[-0.43721228252725036,51.63272800020799],[-0.43705941189120373,51.632591220699425],[-0.4367901420160716,51.632341927578395],[-0.4364809408669817,51.63205222900759],[-0.43633676253489434,51.6319061818873],[-0.436297828915041,51.63185200508201],[-0.43610421556511475,51.63165062320565],[-0.4357590118840723,51.63127008183927],[-0.43571606915277655,51.6311972893412],[-0.4356781220990278,51.631127026729956],[-0.43541622389998286,51.63077246747821],[-0.43511535069531015,51.63032986279402],[-0.4347236785973087,51.62975173024597],[-0.43461524520687617,51.62956833696089],[-0.4343541057010861,51.629141477470824]]},"properties":{"id":"940GZZLUCXY-940GZZLUMPK-Metropolitan","source":"940GZZLUCXY","target":"940GZZLUMPK","sourceName":"Croxley","targetName":"Moor Park","line":"Metropolitan","colour":"#9B0056","color":"#9B0056","traffic":0.0305,"off9":0.0,"off12":0.0,"off14":0.0},"id":405},{"type":"Feature","geometry":{"type":"LineString","coordinates":[[-0.41833779145894395,51.658855312159936],[-0.41852660229391664,51.658776928240236],[-0.4185773236457435,51.65875494246195],[-0.41943718469753466,51.65838119176186],[-0.42038359168098954,51.65796477084752],[-0.4205074195801135,51.657910150980456],[-0.42095937629258934,51.65771204677516],[-0.4210759867238775,51.65766101831461],[-0.4213550438936203,51.657540532053154],[-0.42152816686186684,51.65746358414251],[-0.42201173947803594,51.657260966893666],[-0.4225385339187946,51.657026505046346],[-0.4229641330088067,51.65681532468399],[-0.42301593474982063,51.65678259204611],[-0.4234098561410825,51.656575684171806],[-0.42378395950415126,51.65639150366276],[-0.4242143964346952,51.656207796413256],[-0.4246458013557286,51.65604674525338],[-0.4249432788200629,51.65593927718014],[-0.42503316010484715,51.655910262903056],[-0.4261573594886745,51.655547679764894],[-0.42657967193482565,51.655412836704066],[-0.427564505386407,51.65509464603857],[-0.42819464053481054,51.65489672564105],[-0.4285342863438858,51.654764727799524],[-0.42911636741570197,51.654572814740874],[-0.4297804518638967,51.654353970628556],[-0.4303653083945643,51.65417340546821],[-0.43104571170833533,51.65394618466052],[-0.43165619117006265,51.65374962774199],[-0.4321736887295704,51.65358184093503],[-0.4323180872695325,51.6535340279113],[-0.43255992880700106,51.653456034563746],[-0.43273793012279055,51.65339953821735],[-0.43341034868825384,51.6531822524038],[-0.43383498371642715,51.65304686201953],[-0.43450271713925503,51.65283349932276],[-0.43531251419514716,51.65257053515227],[-0.4360288839807949,51.652338649104735],[-0.4368402990600377,51.652077635578024],[-0.43737290979531207,51.651886419983875],[-0.4378284658817582,51.65170982809592],[-0.43837533811412194,51.651478731902884],[-0.43882163084088666,51.65126973166669],[-0.4392785914872662,51.65103859408425],[-0.43968184035264835,51.650818147676894],[-0.44012106631166353,51.65056349681886],[-0.4405822617802188,51.65025549068005],[-0.44095939672044987,51.64998269294669],[-0.44127449760845283,51.64973879422349],[-0.4415420872714265,51.64954090583523],[-0.4420167155000441,51.64916638367492],[-0.4423145553832597,51.64894427284326],[-0.442625391426909,51.648691997467786],[-0.44306138417196494,51.64834441175696],[-0.4431605679488974,51.64826630085951]]},"properties":{"id":"940GZZLUWAF-940GZZLUCXY-Metropolitan","source":"940GZZLUWAF","target":"940GZZLUCXY","sourceName":"Watford","targetName":"Croxley","line":"Metropolitan","colour":"#9B0056","color":"#9B0056","traffic":0.0188,"off9":0.0,"off12":0.0,"off14":0.0},"id":406},{"type":"Feature","geometry":{"type":"LineString","coordinates":[[-0.43304126004433885,51.62839402460135],[-0.47429026004433883,51.63875602460134]]},"properties":{"id":"940GZZLUMPK-940GZZLURKW-Metropolitan","source":"940GZZLUMPK","target":"940GZZLURKW","sourceName":"Moor Park","targetName":"Rickmansworth","line":"Metropolitan","colour":"#9B0056","color":"#9B0056","traffic":0.0263,"off9":0.0,"off12":0.0,"off14":0.0},"id":407},{"type":"Feature","geometry":{"type":"LineString","coordinates":[[-0.4343541057010861,51.629141477470824],[-0.43461524520687617,51.62956833696089],[-0.4347236785973087,51.62975173024597],[-0.43511535069531015,51.63032986279402],[-0.43541622389998286,51.63077246747821],[-0.4356781220990278,51.631127026729956],[-0.43571606915277655,51.6311972893412],[-0.4357590118840723,51.63127008183927],[-0.43610421556511475,51.63165062320565],[-0.436297828915041,51.63185200508201],[-0.43633676253489434,51.6319061818873],[-0.4364809408669817,51.63205222900759],[-0.4367901420160716,51.632341927578395],[-0.43705941189120373,51.632591220699425],[-0.43721228252725036,51.63272800020799],[-0.43750530289823725,51.63296278656971],[-0.4378277579509307,51.633221422591674],[-0.4381509568690123,51.63346985869912],[-0.4384717572832313,51.63370410816477],[-0.43865787845859916,51.633832570236045],[-0.43905224398579845,51.63409229672747],[-0.43949580859410636,51.63436640402949],[-0.43975880661540795,51.634523072166445],[-0.44017723243529555,51.63476901707402],[-0.4405911975236081,51.63500689998761],[-0.44081755928293487,51.63512148472949],[-0.44122052924807964,51.63531572274361],[-0.44134372115973425,51.63537622800012],[-0.4413900944378212,51.63540476137114],[-0.44191498376667343,51.63563999565623],[-0.4425029178582073,51.63588781889942],[-0.44309206780256594,51.63611950997635],[-0.44350297225347357,51.63627470995119],[-0.4441243230322011,51.636488374914144],[-0.444766363574089,51.63668711119571],[-0.4453779201797358,51.63686026645844],[-0.4455673960512838,51.6369136508411],[-0.44569206171892795,51.63694912036957],[-0.44635930104576566,51.637129202995105],[-0.44693061518525284,51.637283062890894],[-0.44732858499133216,51.63738595413898],[-0.4476512038803631,51.637470737977075],[-0.4486290298928291,51.637726867434225],[-0.44876160670667997,51.63776018807558],[-0.44905358476301027,51.63784110205219],[-0.4494060812315164,51.637935160947784],[-0.44985595158107927,51.63806620059937],[-0.45016998454508156,51.638163105660645],[-0.45047580577292157,51.63827768045291],[-0.4509023535920248,51.63845609149674],[-0.4512772508942249,51.63863427884207],[-0.45167386370082946,51.63886269636001],[-0.4520178994316408,51.639095029404714],[-0.4522801982013567,51.639321489245354],[-0.45258951844950573,51.63959827731634],[-0.4529663083127717,51.640037752882364],[-0.45317340040736925,51.64034355634509],[-0.45337880403033326,51.640718715302796],[-0.45356135485751276,51.641252614767765],[-0.4536281729493237,51.641788677622344],[-0.4535800700240737,51.642328248484375],[-0.4534413131139101,51.642810086895416],[-0.4532614516343515,51.64317532315674],[-0.45308055488107535,51.64345357514676],[-0.45291048676303874,51.643682995725676],[-0.45267395199765104,51.643947401243466],[-0.45262557846910156,51.643994408453736],[-0.4525143416457642,51.64410169363263],[-0.45235855313957446,51.64425278339879],[-0.4521395361023492,51.644433826098805],[-0.45196349036506167,51.644569297762715],[-0.4518185062463752,51.64467588199213],[-0.451410744541008,51.644946428701665],[-0.45103353823404807,51.645154494561794],[-0.4506235189640987,51.64536348492441],[-0.4502142337884229,51.645538990196286],[-0.44963544912200526,51.64574796015864],[-0.44912063113636125,51.64590847403792],[-0.44846425139399093,51.64611011583956],[-0.4476580020406676,51.64635252490846],[-0.44695598324965036,51.64658670246896],[-0.44619132432069214,51.64682098444618],[-0.4456517885639377,51.64699249192415],[-0.4451243687050386,51.647159485719556],[-0.44472258223162203,51.647316357768176],[-0.4444257276447993,51.64745088186096],[-0.44414157556166456,51.64759202950286],[-0.44389842935519597,51.64773617509614],[-0.44364785271119134,51.64789980036965],[-0.44328753689230527,51.648149394203],[-0.4431987783469969,51.6482380950397],[-0.4431605679488974,51.64826630085951]]},"properties":{"id":"940GZZLUMPK-940GZZLUCXY-Metropolitan","source":"940GZZLUMPK","target":"940GZZLUCXY","sourceName":"Moor Park","targetName":"Croxley","line":"Metropolitan","colour":"#9B0056","color":"#9B0056","traffic":0.0182,"off9":0.0,"off12":0.0,"off14":0.0},"id":408},{"type":"Feature","geometry":{"type":"LineString","coordinates":[[-0.4343541057010861,51.629141477470824],[-0.4342303986496685,51.62895439746466],[-0.43406084796169897,51.62870069638014],[-0.4339232362022683,51.62846916547959],[-0.4335894704391711,51.62793849748437],[-0.4332607580758314,51.62749077990899],[-0.43306587414503805,51.62724009663952],[-0.4328484823574817,51.62694195177849],[-0.4326301529199678,51.62664520292888],[-0.43241571728004985,51.62632345936697],[-0.4320497339833868,51.625779017008085],[-0.431742248077508,51.625308255848644],[-0.4314861453347986,51.6249105997375],[-0.4311742881554739,51.624456771681565],[-0.4309305338792493,51.62409537833743],[-0.43073921953689687,51.623801061355294],[-0.43052801359932036,51.623463836414246],[-0.43029044457041826,51.623093001267776],[-0.43001623712623405,51.622678198334356],[-0.429925787020546,51.622548321446345],[-0.4297137347729843,51.622228483371025],[-0.42949361050494456,51.62187634381897],[-0.42926985013799324,51.62154746567584],[-0.42903081133237375,51.62119239419873],[-0.42881533036083785,51.620874903831215],[-0.4286623142817061,51.62063270977354],[-0.42854366843707825,51.62041275688396],[-0.42836566361150347,51.62010566517076],[-0.42825312037910024,51.61989169394463],[-0.42812401352561713,51.6196318471972],[-0.42802269085602573,51.619413004117874],[-0.4279128736606741,51.61912811823439],[-0.42782877736916747,51.61891680011433],[-0.4277303069100429,51.61863594129235],[-0.427636268009726,51.61836687369591],[-0.4275560876608965,51.618092560606534],[-0.4274890861559301,51.61781766357429],[-0.42742049021042927,51.6174950448544],[-0.42736519151598323,51.61716091550735],[-0.4273369041455435,51.61687324584555],[-0.42731036225754493,51.61657861846102],[-0.4272983283349012,51.61630238511114],[-0.42729244277901735,51.61570863945426],[-0.4272828343544404,51.61515323545595],[-0.42726406103223963,51.614708536734696],[-0.4272473449124194,51.614385225814885],[-0.42722063927213283,51.614142962539006],[-0.42717189710419984,51.61377247299179],[-0.4271144301028752,51.61346149212507],[-0.42702697167521414,51.61308315301384],[-0.4268767111260036,51.612601438646365],[-0.42666640039860976,51.61209874879513],[-0.42648293867459486,51.6115744628456],[-0.42636060939617937,51.61127380782281],[-0.4261744337440231,51.61085801433468],[-0.42606963254229785,51.61058915799583],[-0.4260343323537875,51.61050176434509]]},"properties":{"id":"940GZZLUMPK-940GZZLUNOW-Metropolitan","source":"940GZZLUMPK","target":"940GZZLUNOW","sourceName":"Moor Park","targetName":"Northwood","line":"Metropolitan","colour":"#9B0056","color":"#9B0056","traffic":0.0941,"off9":0.0,"off12":0.0,"off14":0.0},"id":409},{"type":"Feature","geometry":{"type":"LineString","coordinates":[[0.1658174284647631,51.54491598121852],[0.16557148596266322,51.5448772213382],[0.16545144485059685,51.54485869961273],[0.16469294597707204,51.54473141429637],[0.16406511702847126,51.54462452059617],[0.16374041178864354,51.54456876252014],[0.16246468691434962,51.544352181001386],[0.1612033906088506,51.544136835760995],[0.16079563114426393,51.54405893863601],[0.159814478515682,51.543889036069885],[0.15931172771596308,51.54379785219821],[0.1584751997545572,51.54364798235907],[0.15742610580779812,51.543464054017775],[0.15646584731343754,51.54329802594302],[0.15552892220234163,51.543133262947904],[0.15506454723459503,51.54305478946829],[0.15438513740691193,51.54296043096688],[0.1535080622587181,51.54284908215294],[0.1528203250958874,51.542772917968826],[0.15196406683810612,51.54268835121269],[0.1510913759893906,51.54261219038542],[0.15014554364572186,51.54254078615612],[0.1493864133173782,51.54249092571312],[0.1485533695289494,51.54243620845593],[0.14817560551366968,51.54241281313153],[0.1475085895871825,51.54236648729584],[0.14744744597858903,51.542362360925786]]},"properties":{"id":"940GZZLUDGE-940GZZLUDGY-District","source":"940GZZLUDGE","target":"940GZZLUDGY","sourceName":"Dagenham East","targetName":"Dagenham Heathway","line":"District","colour":"#00782A","color":"#00782A","traffic":0.1002,"off9":0.0,"off12":0.0,"off14":0.0},"id":410},{"type":"Feature","geometry":{"type":"LineString","coordinates":[[0.1658174284647631,51.54491598121852],[0.16583512148782295,51.54491876395982],[0.1665257596051423,51.545026525294645],[0.16698642840428615,51.54509473970275],[0.1678004515712504,51.54522754351623],[0.1685687640798969,51.54533544049908],[0.16930972381553833,51.54545929603828],[0.17000133660972502,51.54558079511235],[0.17098763946231635,51.54574704477503],[0.17194302046065357,51.5459125892407],[0.17262851618019887,51.546031931807235],[0.17343040791537892,51.5461662777657],[0.17407752607365787,51.54627985475118],[0.17481549289789508,51.546405950763216],[0.1756617594268987,51.54655027277965],[0.1766553648911422,51.5467215986855],[0.17740408163962007,51.54685001341273],[0.1786161684646564,51.5470547121137],[0.17961008460134895,51.54722542901507],[0.18008963673250608,51.54730712802893],[0.18143922952676467,51.54754114172638],[0.18287550430111407,51.547787766792574],[0.18475866275399278,51.54811966687972],[0.1868532943686381,51.54848628353277],[0.18714649927225155,51.54854080762464],[0.19282487826202577,51.549495561287664],[0.19467676593252545,51.549816446727796],[0.19616145950861566,51.5500712957734],[0.19808203951546235,51.550399293800176],[0.1984450669189606,51.550461677729324]]},"properties":{"id":"940GZZLUDGE-940GZZLUEPK-District","source":"940GZZLUDGE","target":"940GZZLUEPK","sourceName":"Dagenham East","targetName":"Elm Park","line":"District","colour":"#00782A","color":"#00782A","traffic":0.0218,"off9":0.0,"off12":0.0,"off14":0.0},"id":411},{"type":"Feature","geometry":{"type":"LineString","coordinates":[[0.1984450669189606,51.550461677729324],[0.1996289647826156,51.550665128724965],[0.20090311361083185,51.55088884031075],[0.20152696629943367,51.55100777593505],[0.2022187487414696,51.55114841826887],[0.20476280608746247,51.55170730558515],[0.205641559690943,51.55190887354996],[0.20981486581312586,51.552830199252185],[0.21495636676910768,51.55396729649019],[0.21557342931238838,51.55410012336094],[0.21695945783691112,51.5543988012081],[0.2185774669225664,51.554743144362234],[0.21888604958331107,51.554803864495526]]},"properties":{"id":"940GZZLUEPK-940GZZLUHCH-District","source":"940GZZLUEPK","target":"940GZZLUHCH","sourceName":"Elm Park","targetName":"Hornchurch","line":"District","colour":"#00782A","color":"#00782A","traffic":0.0205,"off9":0.0,"off12":0.0,"off14":0.0},"id":412},{"type":"Feature","geometry":{"type":"LineString","coordinates":[[0.1984450669189606,51.550461677729324],[0.19808203951546235,51.550399293800176],[0.19616145950861566,51.5500712957734],[0.19467676593252545,51.549816446727796],[0.19282487826202577,51.549495561287664],[0.18714649927225155,51.54854080762464],[0.1868532943686381,51.54848628353277],[0.18475866275399278,51.54811966687972],[0.18287550430111407,51.547787766792574],[0.18143922952676467,51.54754114172638],[0.18008963673250608,51.54730712802893],[0.17961008460134895,51.54722542901507],[0.1786161684646564,51.5470547121137],[0.17740408163962007,51.54685001341273],[0.1766553648911422,51.5467215986855],[0.1756617594268987,51.54655027277965],[0.17481549289789508,51.546405950763216],[0.17407752607365787,51.54627985475118],[0.17343040791537892,51.5461662777657],[0.17262851618019887,51.546031931807235],[0.17194302046065357,51.5459125892407],[0.17098763946231635,51.54574704477503],[0.17000133660972502,51.54558079511235],[0.16930972381553833,51.54545929603828],[0.1685687640798969,51.54533544049908],[0.1678004515712504,51.54522754351623],[0.16698642840428615,51.54509473970275],[0.1665257596051423,51.545026525294645],[0.16583512148782295,51.54491876395982],[0.1658174284647631,51.54491598121852]]},"properties":{"id":"940GZZLUEPK-940GZZLUDGE-District","source":"940GZZLUEPK","target":"940GZZLUDGE","sourceName":"Elm Park","targetName":"Dagenham East","line":"District","colour":"#00782A","color":"#00782A","traffic":0.0747,"off9":0.0,"off12":0.0,"off14":0.0},"id":413},{"type":"Feature","geometry":{"type":"LineString","coordinates":[[0.0837814864494667,51.64538713455476],[0.0835733,51.6452929],[0.0825886,51.6448886],[0.0822554,51.6447594],[0.0813931,51.6444606],[0.080268,51.6441109],[0.079095,51.6437828],[0.0779108,51.6434907],[0.0765125,51.6431716],[0.0741765,51.6427335],[0.0726396,51.642504],[0.070794,51.6422811],[0.0694967,51.6421738],[0.0692566,51.6421559],[0.0675248,51.6420689],[0.0663144,51.6420328],[0.065176,51.6420111],[0.063895,51.6420443],[0.0627458,51.6420828],[0.06035,51.6421794],[0.0594984,51.642209],[0.0592557,51.6422066],[0.0590434,51.6422023],[0.0587834,51.6421901],[0.0586023,51.6421778],[0.0583771,51.6421588],[0.058192,51.6421394],[0.0580205,51.6421194],[0.0578683,51.6420982],[0.0577272,51.6420762],[0.0574194,51.6420154],[0.0573412,51.6420006],[0.0570113,51.6419417],[0.0567678,51.6418923],[0.0565901,51.6418501],[0.0563806,51.6417896],[0.05613,51.6417099],[0.0559068,51.6416226],[0.0557477,51.6415539],[0.05548364266697645,51.64142708611026]]},"properties":{"id":"940GZZLUDBN-940GZZLULGN-Central","source":"940GZZLUDBN","target":"940GZZLULGN","sourceName":"Debden","targetName":"Loughton","line":"Central","colour":"#E32017","color":"#E32017","traffic":0.0722,"off9":0.0,"off12":0.0,"off14":0.0},"id":414},{"type":"Feature","geometry":{"type":"LineString","coordinates":[[0.0837814864494667,51.64538713455476],[0.0843578,51.645648],[0.0851168,51.6460414],[0.0856397,51.6463562],[0.0861444,51.646694],[0.0866294,51.6470006],[0.088426,51.648129],[0.0898684,51.6491769],[0.0910064,51.6501762],[0.0919938,51.6511547],[0.0935863,51.6529724],[0.0944803,51.6542834],[0.0952929,51.6557031],[0.0963331,51.6575132],[0.0971812,51.658734],[0.0987628,51.6606765],[0.099413,51.6615192],[0.0999359,51.6623528],[0.1004989,51.6634773],[0.1008381,51.6643584],[0.1010633,51.6652209],[0.1012684,51.6664034],[0.1013511,51.6669863],[0.1014766,51.6675348],[0.1017367,51.6683557],[0.101911,51.6687453],[0.1024868,51.669932],[0.1028623,51.6708047],[0.102873,51.6708284],[0.1028833,51.6708533],[0.1029618,51.6710263],[0.1029868,51.671084],[0.10301,51.6711374],[0.1030662,51.6712605],[0.103077,51.6712862],[0.103089,51.6713117],[0.1031076,51.6713536],[0.1031328,51.6714102],[0.1031627,51.6714783],[0.1031945,51.6715489],[0.1032261,51.6716198],[0.1032489,51.6716712],[0.10325397168960267,51.671682385507204]]},"properties":{"id":"940GZZLUDBN-940GZZLUTHB-Central","source":"940GZZLUDBN","target":"940GZZLUTHB","sourceName":"Debden","targetName":"Theydon Bois","line":"Central","colour":"#E32017","color":"#E32017","traffic":0.0101,"off9":0.0,"off12":0.0,"off14":0.0},"id":415},{"type":"Feature","geometry":{"type":"LineString","coordinates":[[0.10325397168960267,51.671682385507204],[0.1032489,51.6716712],[0.1032261,51.6716198],[0.1031945,51.6715489],[0.1031627,51.6714783],[0.1031328,51.6714102],[0.1031076,51.6713536],[0.103089,51.6713117],[0.103077,51.6712862],[0.1030662,51.6712605],[0.10301,51.6711374],[0.1029868,51.671084],[0.1029618,51.6710263],[0.1028833,51.6708533],[0.102873,51.6708284],[0.1028623,51.6708047],[0.1024868,51.669932],[0.101911,51.6687453],[0.1017367,51.6683557],[0.1014766,51.6675348],[0.1013511,51.6669863],[0.1012684,51.6664034],[0.1010633,51.6652209],[0.1008381,51.6643584],[0.1004989,51.6634773],[0.0999359,51.6623528],[0.099413,51.6615192],[0.0987628,51.6606765],[0.0971812,51.658734],[0.0963331,51.6575132],[0.0952929,51.6557031],[0.0944803,51.6542834],[0.0935863,51.6529724],[0.0919938,51.6511547],[0.0910064,51.6501762],[0.0898684,51.6491769],[0.088426,51.648129],[0.0866294,51.6470006],[0.0861444,51.646694],[0.0856397,51.6463562],[0.0851168,51.6460414],[0.0843578,51.645648],[0.0837814864494667,51.64538713455476]]},"properties":{"id":"940GZZLUTHB-940GZZLUDBN-Central","source":"940GZZLUTHB","target":"940GZZLUDBN","sourceName":"Theydon Bois","targetName":"Debden","line":"Central","colour":"#E32017","color":"#E32017","traffic":0.0517,"off9":0.0,"off12":0.0,"off14":0.0},"id":416},{"type":"Feature","geometry":{"type":"LineString","coordinates":[[0.10325397168960267,51.671682385507204],[0.1032708,51.6717195],[0.103289,51.67176],[0.1033084,51.6718049],[0.1033117,51.6718129],[0.1033152,51.6718201],[0.1033209,51.6718347],[0.1033338,51.6718619],[0.103346,51.6718893],[0.1033581,51.6719165],[0.1033714,51.6719465],[0.1033846,51.6719762],[0.1034105,51.6720343],[0.1036017,51.6724641],[0.1036625,51.6726076],[0.1037198,51.672731],[0.1038136,51.6729169],[0.1054036,51.6765629],[0.1067782,51.679704],[0.1076489,51.6816311],[0.1093155,51.6853653],[0.1103523,51.6877061],[0.1104133,51.6878354],[0.1111275,51.6894704],[0.1113899,51.6901423],[0.1116214,51.6905976],[0.1119352,51.691136],[0.112094,51.6914146],[0.1121447,51.6914917],[0.1122732,51.6916869],[0.1127632,51.6922826],[0.112972,51.6925396],[0.1131803,51.6927845]]},"properties":{"id":"940GZZLUTHB-940GZZLUEPG-Central","source":"940GZZLUTHB","target":"940GZZLUEPG","sourceName":"Theydon Bois","targetName":"Epping","line":"Central","colour":"#E32017","color":"#E32017","traffic":0.0092,"off9":0.0,"off12":0.0,"off14":0.0},"id":417},{"type":"Feature","geometry":{"type":"LineString","coordinates":[[-0.2390652303548229,51.55197185752698],[-0.2380393,51.5518033],[-0.2373902,51.5516899],[-0.2364196,51.5515288],[-0.2355242,51.5513825],[-0.2332794,51.5510449],[-0.2330437,51.551004],[-0.228261,51.5502432],[-0.2280266,51.5502077],[-0.2273342,51.5501041],[-0.2252707,51.5497777],[-0.2239159,51.5495644],[-0.223096,51.5494392],[-0.222145,51.5492903],[-0.22152949055550794,51.54919399449354]]},"properties":{"id":"940GZZLUDOH-940GZZLUWIG-Jubilee","source":"940GZZLUDOH","target":"940GZZLUWIG","sourceName":"Dollis Hill","targetName":"Willesden Green","line":"Jubilee","colour":"#A0A5A9","color":"#A0A5A9","traffic":0.2227,"off9":0.0,"off12":0.0,"off14":0.0},"id":418},{"type":"Feature","geometry":{"type":"LineString","coordinates":[[-0.2390652303548229,51.55197185752698],[-0.2393406,51.5520171],[-0.2398693,51.5521001],[-0.2406501,51.5522119],[-0.241519,51.5523461],[-0.2434065,51.5526217],[-0.2441804,51.5527384],[-0.2453307,51.5529411],[-0.2465959,51.5531981],[-0.2472248,51.553345],[-0.2482273,51.5536079],[-0.2494698,51.553949],[-0.24982186617430974,51.554042801780284]]},"properties":{"id":"940GZZLUDOH-940GZZLUNDN-Jubilee","source":"940GZZLUDOH","target":"940GZZLUNDN","sourceName":"Dollis Hill","targetName":"Neasden","line":"Jubilee","colour":"#A0A5A9","color":"#A0A5A9","traffic":0.0632,"off9":0.0,"off12":0.0,"off14":0.0},"id":419},{"type":"Feature","geometry":{"type":"LineString","coordinates":[[-0.22151370992315325,51.549294813492374],[-0.2211852,51.5492434],[-0.2210575,51.5492209],[-0.220925,51.5491975],[-0.2206844,51.5491551],[-0.2196877,51.5489971],[-0.2184399,51.5487758],[-0.210433,51.5475317],[-0.2094472,51.5473748],[-0.2084528,51.5472421],[-0.2077421,51.547165],[-0.207143,51.5471223],[-0.2063873,51.5470911],[-0.2053143,51.5470528],[-0.2047482,51.5470289],[-0.2045117,51.547016],[-0.2042625555712753,51.546996550063184]]},"properties":{"id":"940GZZLUWIG-940GZZLUKBN-Jubilee","source":"940GZZLUWIG","target":"940GZZLUKBN","sourceName":"Willesden Green","targetName":"Kilburn","line":"Jubilee","colour":"#A0A5A9","color":"#A0A5A9","traffic":0.2915,"off9":0.0,"off12":0.0,"off14":0.0},"id":420},{"type":"Feature","geometry":{"type":"LineString","coordinates":[[-0.22152949055550794,51.54919399449354],[-0.222145,51.5492903],[-0.223096,51.5494392],[-0.2239159,51.5495644],[-0.2252707,51.5497777],[-0.2273342,51.5501041],[-0.2280266,51.5502077],[-0.228261,51.5502432],[-0.2330437,51.551004],[-0.2332794,51.5510449],[-0.2355242,51.5513825],[-0.2364196,51.5515288],[-0.2373902,51.5516899],[-0.2380393,51.5518033],[-0.2390652303548229,51.55197185752698]]},"properties":{"id":"940GZZLUWIG-940GZZLUDOH-Jubilee","source":"940GZZLUWIG","target":"940GZZLUDOH","sourceName":"Willesden Green","targetName":"Dollis Hill","line":"Jubilee","colour":"#A0A5A9","color":"#A0A5A9","traffic":0.0642,"off9":0.0,"off12":0.0,"off14":0.0},"id":421},{"type":"Feature","geometry":{"type":"LineString","coordinates":[[-0.24982186617430974,51.554042801780284],[-0.2498395,51.5540475],[-0.2514685,51.5544596],[-0.2520389,51.554607],[-0.2534548,51.5549533],[-0.254069,51.5551181],[-0.2545394,51.555256],[-0.2548974,51.5553512],[-0.2551321,51.555419],[-0.2561426,51.5556891],[-0.2570703,51.5559477],[-0.2580385,51.5562313],[-0.2584481,51.5563548],[-0.2591218,51.5565645],[-0.2598808,51.5568163],[-0.2612104,51.5572815],[-0.2616618,51.5574499],[-0.262107,51.5576107],[-0.2629949,51.5579635],[-0.2634529,51.5581495],[-0.264064,51.5584072],[-0.265335,51.5589383],[-0.265578,51.5590415],[-0.2659276,51.559186],[-0.2662813,51.5593287],[-0.2668873,51.5595797],[-0.2674248,51.5598125],[-0.2679756,51.5600412],[-0.2691473,51.5605179],[-0.2712586,51.5613264],[-0.2718446,51.5615461],[-0.272412,51.5617447],[-0.2728406,51.5618831],[-0.2732708,51.5620064],[-0.2736612,51.5621122],[-0.2740933,51.5622118],[-0.2751477,51.5624269],[-0.2774612,51.562865],[-0.2777091,51.5629194],[-0.2779306,51.5629748],[-0.2781589,51.5630356],[-0.2783816,51.5631006],[-0.2788865,51.5632745],[-0.27919596531508484,51.56338423144165]]},"properties":{"id":"940GZZLUNDN-940GZZLUWYP-Jubilee","source":"940GZZLUNDN","target":"940GZZLUWYP","sourceName":"Neasden","targetName":"Wembley Park","line":"Jubilee","colour":"#A0A5A9","color":"#A0A5A9","traffic":0.0622,"off9":0.0,"off12":0.0,"off14":0.0},"id":422},{"type":"Feature","geometry":{"type":"LineString","coordinates":[[-0.24982186617430974,51.554042801780284],[-0.2494698,51.553949],[-0.2482273,51.5536079],[-0.2472248,51.553345],[-0.2465959,51.5531981],[-0.2453307,51.5529411],[-0.2441804,51.5527384],[-0.2434065,51.5526217],[-0.241519,51.5523461],[-0.2406501,51.5522119],[-0.2398693,51.5521001],[-0.2393406,51.5520171],[-0.2390652303548229,51.55197185752698]]},"properties":{"id":"940GZZLUNDN-940GZZLUDOH-Jubilee","source":"940GZZLUNDN","target":"940GZZLUDOH","sourceName":"Neasden","targetName":"Dollis Hill","line":"Jubilee","colour":"#A0A5A9","color":"#A0A5A9","traffic":0.1966,"off9":0.0,"off12":0.0,"off14":0.0},"id":423},{"type":"Feature","geometry":{"type":"LineString","coordinates":[[-0.2980319674285285,51.515935528276124],[-0.2969581648503396,51.51593520155798],[-0.2964205390007328,51.5159445646966],[-0.2960386061050802,51.51595397156019],[-0.29556129897943706,51.51596175732587],[-0.29539285461839526,51.51596638205571],[-0.29526180295891263,51.51597430547267],[-0.2951294718409125,51.515982243703995],[-0.2950633238937146,51.51598915438535],[-0.29494023650982276,51.51600798158943],[-0.2947620400264546,51.51603313335956],[-0.2946137555332557,51.5160595743777],[-0.2944746581047011,51.51608633681626],[-0.2943344110082137,51.516121144869196],[-0.29417938821457085,51.51616531606746],[-0.2937828789939782,51.51628493594001],[-0.293630734400555,51.516333244789564],[-0.2934692837380879,51.516383328970164],[-0.2931870993385175,51.51645773091274],[-0.2930098846366714,51.516496094069396],[-0.292903939982093,51.51652090275848],[-0.2927051886797831,51.51655850216671],[-0.2925425838140116,51.51658307364278],[-0.2923732054820316,51.51660765256268],[-0.29216355432018914,51.51663056889794],[-0.2919924232760941,51.516643054903646],[-0.29181772338203416,51.51665131102381],[-0.29169610813717484,51.51665508256493],[-0.2916111104916705,51.51665945422573],[-0.2914522188764157,51.51666141303255],[-0.29130684365924864,51.51665784297077],[-0.29113363485157095,51.516654793791446],[-0.2909616657539863,51.51664664280078],[-0.29085092792987505,51.51664053672945],[-0.29071791589758567,51.51663167124815],[-0.290584550653391,51.516621555394586],[-0.2904074619341206,51.516605639397476],[-0.2901481614883835,51.516571654049045],[-0.28996815752756805,51.51654349283324],[-0.2898546086734831,51.51652111402629],[-0.2897429660310909,51.51649792202807],[-0.2895612531857157,51.51645514740844],[-0.2893596006438493,51.51639909130955],[-0.28919195288841365,51.51634649145171],[-0.289009093114794,51.51628642092706],[-0.2888428185350319,51.51621881268571],[-0.28867289857646905,51.51614409894472],[-0.2885790267613914,51.51609717925314],[-0.2884404233322174,51.51603038962102],[-0.28833355377627995,51.51597035241676],[-0.2881507495601441,51.51585693935379],[-0.28791928527001365,51.51570345075134],[-0.2874816535290014,51.515340628927866],[-0.2873248508715448,51.51520304295355],[-0.2871829820970497,51.51505927010827],[-0.28698482225958555,51.51484176516189],[-0.28680231679131046,51.51455582608555],[-0.28673126032561513,51.51442123700311],[-0.2866474874747391,51.51424094599837],[-0.2865890018144225,51.5140416345541],[-0.2865452633006827,51.513827287632786],[-0.2865268712167576,51.51353099217886],[-0.2865602290830305,51.51325168244161],[-0.28661785254216743,51.51302203691025],[-0.2866757942275366,51.51284648967651],[-0.2868174328644756,51.51242386513329],[-0.2868651852586219,51.51224068167409],[-0.28687903173079426,51.51212496003541],[-0.2869106480692017,51.51185594560905],[-0.2870147928294475,51.510929506626994],[-0.2870500938840612,51.510590060490316],[-0.28706674101492496,51.51022313832733],[-0.2870650805231949,51.51017285847885]]},"properties":{"id":"940GZZLUEBY-940GZZLUECM-District","source":"940GZZLUEBY","target":"940GZZLUECM","sourceName":"Ealing Broadway","targetName":"Ealing Common","line":"District","colour":"#00782A","color":"#00782A","traffic":0.0533,"off9":0.0,"off12":0.0,"off14":0.0},"id":424},{"type":"Feature","geometry":{"type":"LineString","coordinates":[[-0.3011993,51.5150173],[-0.3010518,51.5150298],[-0.3006517,51.5150469],[-0.3000928,51.5150507],[-0.2997233,51.5150486],[-0.2987404,51.51504],[-0.2985599,51.5150377],[-0.2967041,51.5150789],[-0.2965288,51.5150851],[-0.2958487,51.5151015],[-0.295073,51.515117],[-0.2942482,51.5151255],[-0.2921469,51.5151176],[-0.2917521,51.5151066],[-0.2898494,51.5150727],[-0.2877241,51.5150696],[-0.2871032,51.5150939],[-0.2864232,51.5151608],[-0.2858799,51.5152538],[-0.2853452,51.5153816],[-0.2847992,51.5155562],[-0.2842646,51.5157763],[-0.2836552,51.5160968],[-0.2831005,51.5164636],[-0.2825258,51.5168689],[-0.2813564,51.5176976],[-0.28096320199731256,51.517977393516205]]},"properties":{"id":"940GZZLUEBY-940GZZLUWTA-Central","source":"940GZZLUEBY","target":"940GZZLUWTA","sourceName":"Ealing Broadway","targetName":"West Acton","line":"Central","colour":"#E32017","color":"#E32017","traffic":0.1104,"off9":0.0,"off12":0.0,"off14":0.0},"id":425},{"type":"Feature","geometry":{"type":"LineString","coordinates":[[-0.28098,51.518001],[-0.259755,51.523524]]},"properties":{"id":"940GZZLUWTA-940GZZLUNAN-Central","source":"940GZZLUWTA","target":"940GZZLUNAN","sourceName":"West Acton","targetName":"North Acton","line":"Central","colour":"#E32017","color":"#E32017","traffic":0.1226,"off9":0.0,"off12":0.0,"off14":0.0},"id":426},{"type":"Feature","geometry":{"type":"LineString","coordinates":[[-0.28096320199731256,51.517977393516205],[-0.2813564,51.5176976],[-0.2825258,51.5168689],[-0.2831005,51.5164636],[-0.2836552,51.5160968],[-0.2842646,51.5157763],[-0.2847992,51.5155562],[-0.2853452,51.5153816],[-0.2858799,51.5152538],[-0.2864232,51.5151608],[-0.2871032,51.5150939],[-0.2877241,51.5150696],[-0.2898494,51.5150727],[-0.2917521,51.5151066],[-0.2921469,51.5151176],[-0.2942482,51.5151255],[-0.295073,51.515117],[-0.2958487,51.5151015],[-0.2965288,51.5150851],[-0.2967041,51.5150789],[-0.2985599,51.5150377],[-0.2987404,51.51504],[-0.2997233,51.5150486],[-0.3000928,51.5150507],[-0.3006517,51.5150469],[-0.3010518,51.5150298],[-0.3011993,51.5150173]]},"properties":{"id":"940GZZLUWTA-940GZZLUEBY-Central","source":"940GZZLUWTA","target":"940GZZLUEBY","sourceName":"West Acton","targetName":"Ealing Broadway","line":"Central","colour":"#E32017","color":"#E32017","traffic":0.0437,"off9":0.0,"off12":0.0,"off14":0.0},"id":427},{"type":"Feature","geometry":{"type":"LineString","coordinates":[[-0.28971396531761,51.51796737631192],[-0.28965883502916084,51.51802479196558],[-0.28938051513422713,51.518298694884564],[-0.289111829339286,51.5185271859704],[-0.28885866456023923,51.51871944213293],[-0.2885297895753221,51.51894954904914],[-0.2883594411662194,51.51905888910147],[-0.28806657470791674,51.51925058501717],[-0.2877070015055652,51.51945837364983],[-0.2874140141327706,51.51963910911021],[-0.28685212386081316,51.51999255476369],[-0.28646450377837107,51.52025737157213],[-0.28626059087676187,51.52043059682239],[-0.28614502106375767,51.52053568016514],[-0.2858915994262637,51.52077551667315],[-0.28573109607123365,51.52095358108061],[-0.28555648669968875,51.52117624469707],[-0.28544169722310986,51.521346758767066],[-0.285287343804198,51.52157626798838],[-0.2852003547689732,51.52174933267982],[-0.28510198516308205,51.52196649133343],[-0.2850145671207561,51.52217858125989],[-0.28500776609307027,51.522233168416996],[-0.2849602878383743,51.52237283122593],[-0.2849052738732587,51.52257812742998],[-0.2848789796548917,51.522743338589784],[-0.28485727200935834,51.52295210680393],[-0.28483750749335135,51.52321337173014],[-0.2848227408515001,51.52344582018005],[-0.2848202417030667,51.523566777851975],[-0.28481104685580677,51.523762350877256],[-0.28481466138448935,51.52384000556145],[-0.28481677227930474,51.524009171908176],[-0.2848225798113575,51.52425908600507],[-0.28482992637038346,51.52457418406189],[-0.28486731457881626,51.52497681239695],[-0.2849513737944933,51.52556927238017],[-0.28497146153265557,51.525717910196306],[-0.2849989332313507,51.52585389002831],[-0.2850350111533341,51.52600323496556],[-0.28507442560663393,51.52613659966724],[-0.28511398552442485,51.526268901309244],[-0.2851516159889421,51.526380723698786],[-0.2851925093813435,51.52649683124501],[-0.2852176003795792,51.526585089975434],[-0.28531209228573956,51.52675887975464],[-0.28531471030743943,51.526763176319946]]},"properties":{"id":"940GZZLUNEN-940GZZLUPKR-Piccadilly","source":"940GZZLUNEN","target":"940GZZLUPKR","sourceName":"North Ealing","targetName":"Park Royal","line":"Piccadilly","colour":"#003688","color":"#003688","traffic":0.0438,"off9":0.0,"off12":0.0,"off14":0.0},"id":428},{"type":"Feature","geometry":{"type":"LineString","coordinates":[[-0.28971396531761,51.51796737631192],[-0.28996423728288695,51.51769983458665],[-0.290171340322751,51.517448826186985],[-0.2903176034149111,51.517286165713536],[-0.2904945614023882,51.51704314642643],[-0.2906080307177503,51.516832371128466],[-0.2906887467923734,51.51661450421109],[-0.2907287138283822,51.51625908545837],[-0.2906878966792679,51.515959594538],[-0.2905230145406889,51.5155911689009],[-0.29026920711307425,51.51530880156029],[-0.29008156914510763,51.51511277097178],[-0.2897241131581421,51.51479632251683],[-0.28949452883630666,51.514574524544855],[-0.2891343464709986,51.51425417107213],[-0.28908874912845517,51.51418655704645],[-0.28903541790295034,51.51410572989174],[-0.2889987777404145,51.51402483483811],[-0.2889626832086895,51.51389957391445],[-0.28894853967438483,51.513843162996885],[-0.2889445125252609,51.51379965400163],[-0.2889439981855775,51.5137411654459],[-0.28893273669931735,51.51365231236722],[-0.2889301287832424,51.51356720782114],[-0.28893397091696943,51.51348811755839],[-0.28894714745783256,51.51339196308975],[-0.2889694057724634,51.51329451032348],[-0.28910876713552447,51.51287633486671],[-0.28920041474137803,51.512595718325905],[-0.2892533682692057,51.51235883996459],[-0.28929735193079836,51.51203445439095],[-0.28940420717055254,51.511093093373006],[-0.2894467061159388,51.51070573950969],[-0.289470458985075,51.51023446167267],[-0.2894665388212201,51.51010709065169]]},"properties":{"id":"940GZZLUNEN-940GZZLUECM-Piccadilly","source":"940GZZLUNEN","target":"940GZZLUECM","sourceName":"North Ealing","targetName":"Ealing Common","line":"Piccadilly","colour":"#003688","color":"#003688","traffic":0.1293,"off9":0.0,"off12":0.0,"off14":0.0},"id":429},{"type":"Feature","geometry":{"type":"LineString","coordinates":[[-0.18247011626287865,51.49496649260039],[-0.1825211753285036,51.49497649977562],[-0.18290947673435554,51.495068978742914],[-0.18323227758038696,51.495137872328065],[-0.18398010334535117,51.49530024184742],[-0.18442150710739566,51.49540253999377],[-0.1854493532676593,51.49569589544805],[-0.18603284728735958,51.49579846628002],[-0.18660922668060229,51.49583332554038],[-0.1872136877059521,51.4958234799804],[-0.18792209683148106,51.49576367639309],[-0.1885791261355642,51.495641448458045],[-0.18890233030401152,51.49556148936876],[-0.18936998455792042,51.49542953477277],[-0.18977570665303622,51.495282338660516],[-0.1902723531395618,51.49506003378323],[-0.19096812581677322,51.494753822043435],[-0.1917714775565486,51.49424347508493],[-0.19214785555731084,51.49400157076477],[-0.19317416867844703,51.49332990065247],[-0.19385626897593,51.49287821467421],[-0.1940806190005248,51.49272812412403]]},"properties":{"id":"940GZZLUGTR-940GZZLUECT-Piccadilly","source":"940GZZLUGTR","target":"940GZZLUECT","sourceName":"Gloucester Road","targetName":"Earls Court","line":"Piccadilly","colour":"#003688","color":"#003688","traffic":0.2669,"off9":0.0,"off12":0.0,"off14":0.0},"id":430},{"type":"Feature","geometry":{"type":"LineString","coordinates":[[-0.1823759644878881,51.495054042675825],[-0.18243471182350557,51.49506763981947],[-0.1840879331680612,51.49542072146677],[-0.1850670394804636,51.49560479277039],[-0.18541767271752194,51.4956603669216],[-0.18569626451139765,51.49570587547289],[-0.18580091071976113,51.495717690288885],[-0.18611939507260256,51.49575517174195],[-0.1868551889884771,51.49579443466006],[-0.1871798034575512,51.49578762646514],[-0.18745173103561735,51.495774961479356],[-0.18782136336275798,51.49574396496635],[-0.18815003098499247,51.49569620679842],[-0.18852101585308023,51.495629840748116],[-0.188885847266074,51.495551593899805],[-0.18982087305433654,51.49518075095352],[-0.1900755949759478,51.49505802429109],[-0.1917079111304336,51.494208991772595],[-0.19262925244052315,51.493593775736386]]},"properties":{"id":"940GZZLUGTR-940GZZLUECT-District","source":"940GZZLUGTR","target":"940GZZLUECT","sourceName":"Gloucester Road","targetName":"Earls Court","line":"District","colour":"#00782A","color":"#00782A","traffic":0.2669,"off9":0.0,"off12":0.0,"off14":0.0},"id":431},{"type":"Feature","geometry":{"type":"LineString","coordinates":[[-0.18247011626287865,51.49496649260039],[-0.18215366319104387,51.49491301037194],[-0.181645151535569,51.49483940106227],[-0.1811228533261591,51.494755799607105],[-0.1800275048583057,51.494565890941644],[-0.1796645670476224,51.49452574349509],[-0.17928860066614655,51.49454008015085],[-0.17856007090243778,51.494606577579844],[-0.17671299985271904,51.494798637776746],[-0.17613385885972088,51.494853690948105],[-0.17546272071707233,51.494914355073234],[-0.17519002355661467,51.49493311783383],[-0.17482363917646768,51.49494795392352],[-0.17443518359614094,51.494946935204524],[-0.17407876141520862,51.49488150938176],[-0.1739175462881267,51.49485046804499]]},"properties":{"id":"940GZZLUGTR-940GZZLUSKS-Piccadilly","source":"940GZZLUGTR","target":"940GZZLUSKS","sourceName":"Gloucester Road","targetName":"South Kensington","line":"Piccadilly","colour":"#003688","color":"#003688","traffic":0.45,"off9":0.0,"off12":0.0,"off14":0.0},"id":432},{"type":"Feature","geometry":{"type":"LineString","coordinates":[[-0.1820982255745994,51.49580338835808],[-0.18051218446264375,51.49542859448816],[-0.18026868076670458,51.49537510733699],[-0.17996148446486845,51.49528911976754],[-0.17981860854952525,51.495235534943866],[-0.1796371903068102,51.4952096631011],[-0.17931402262169216,51.49522876257878],[-0.179031801041547,51.495247546227255],[-0.17800406214251283,51.49533748360204],[-0.1779276148348581,51.49534438234938],[-0.177813137270212,51.49535472542906],[-0.17773566292562268,51.49536045191614],[-0.1763352784439081,51.49548169636804],[-0.17551410343588653,51.495551273736574],[-0.17495700880139178,51.4955793901359],[-0.1746566705884931,51.49558255597325],[-0.1743104286493954,51.49559058710247],[-0.17399399614082192,51.49557549813748]]},"properties":{"id":"940GZZLUGTR-940GZZLUSKS-Circle","source":"940GZZLUGTR","target":"940GZZLUSKS","sourceName":"Gloucester Road","targetName":"South Kensington","line":"Circle","colour":"#FFD300","color":"#FFD300","traffic":0.45,"off9":0.0,"off12":0.0,"off14":0.0},"id":433},{"type":"Feature","geometry":{"type":"LineString","coordinates":[[-0.1823759644878881,51.495054042675825],[-0.18081342103198406,51.49466648959443],[-0.18001700040916999,51.494497677337364],[-0.1796647451534051,51.494461831550545],[-0.1792520113108461,51.49448173128939],[-0.1789428005207735,51.49450157311363],[-0.1778995310712564,51.49459229180102],[-0.17781945741742902,51.49459939117469],[-0.177709918635106,51.49460946271453],[-0.17763553146281133,51.49461502595807],[-0.17623178922195404,51.49473644818402],[-0.17542985171794326,51.49480508686829],[-0.1749185544006959,51.494831745067955],[-0.17463258529424655,51.494834677986624],[-0.1743285143246977,51.49484264355124],[-0.17406635533953876,51.494828827663746]]},"properties":{"id":"940GZZLUGTR-940GZZLUSKS-District","source":"940GZZLUGTR","target":"940GZZLUSKS","sourceName":"Gloucester Road","targetName":"South Kensington","line":"District","colour":"#00782A","color":"#00782A","traffic":0.45,"off9":0.0,"off12":0.0,"off14":0.0},"id":434},{"type":"Feature","geometry":{"type":"LineString","coordinates":[[-0.1820982255745994,51.49580338835808],[-0.18250936120250555,51.495897936119896],[-0.183842896304283,51.49617579915564],[-0.18440410729702938,51.49628287868279],[-0.18496404586309337,51.49640551909315],[-0.18519631059149494,51.49644727550532],[-0.18510188891213256,51.496457775188894],[-0.18525128268896235,51.496584413663335],[-0.1854946174654629,51.49673604203923],[-0.18561170463838164,51.49686362335514],[-0.18573926914992425,51.49702423018323],[-0.18584310429507245,51.49714367461455],[-0.18586964459893912,51.49719452885188],[-0.18595863067707816,51.497400894919096],[-0.18602536523568125,51.49764064353545],[-0.1863544119723562,51.49805514585805],[-0.1876063892540914,51.49924469637279],[-0.18814668774922935,51.49961547424941],[-0.18839130028460518,51.499751782862994],[-0.18856621981904637,51.499839082837326],[-0.18932232676605265,51.5002932932975],[-0.18941426492129101,51.50037024739344],[-0.18943408929445407,51.500431925148575],[-0.1899865864015133,51.501000523719604],[-0.1902163209115802,51.501236960797875],[-0.19045664796317308,51.501486369625816],[-0.19051282776016096,51.50154680889749],[-0.1908616186228512,51.501933528815385],[-0.19089716780624139,51.50201393667512]]},"properties":{"id":"940GZZLUGTR-940GZZLUHSK-Circle","source":"940GZZLUGTR","target":"940GZZLUHSK","sourceName":"Gloucester Road","targetName":"High Street Kensington","line":"Circle","colour":"#FFD300","color":"#FFD300","traffic":0.0824,"off9":0.0,"off12":0.0,"off14":0.0},"id":435},{"type":"Feature","geometry":{"type":"LineString","coordinates":[[-0.19089716780624139,51.50201393667512],[-0.1912218064971442,51.502467461533634],[-0.19130394561248198,51.502713228625794],[-0.1915179319491609,51.50313220886309],[-0.19179799884744764,51.50379056214308],[-0.192022859077353,51.504516280864806],[-0.19205579646217114,51.504614897352475],[-0.19292616252774736,51.50693838551783],[-0.19308407850799442,51.50735766462524],[-0.19343066945188703,51.50830776747892],[-0.19348340775401082,51.50853078070115],[-0.19349340305619006,51.50855824138312],[-0.19376836467826283,51.50923357711853],[-0.19376626793109197,51.50925564566388],[-0.19376287586023114,51.509255076750605],[-0.19375716824620445,51.50925211890236],[-0.19375086481004009,51.50924394446607],[-0.19371773418181165,51.50918036553713],[-0.19370558291678466,51.5091459358843],[-0.19369769321592178,51.509119609237665],[-0.19368472076928014,51.509049696869255],[-0.19368296738572707,51.50907374507594]]},"properties":{"id":"940GZZLUHSK-940GZZLUNHG-Circle","source":"940GZZLUHSK","target":"940GZZLUNHG","sourceName":"High Street Kensington","targetName":"Notting Hill Gate","line":"Circle","colour":"#FFD300","color":"#FFD300","traffic":0.0875,"off9":0.0,"off12":0.0,"off14":0.0},"id":436},{"type":"Feature","geometry":{"type":"LineString","coordinates":[[-0.19183243317912965,51.50154427039746],[-0.1922224032485721,51.50205323076682],[-0.192361922806241,51.502358514312895],[-0.19259156597458052,51.50279620443155],[-0.1929119994237238,51.50351003107154],[-0.1931657795386765,51.5042851404324],[-0.19319464823108556,51.50437609867623],[-0.19405243126387373,51.50667739275892],[-0.1942087392539972,51.50709398231262],[-0.19457768472594353,51.508084433739455],[-0.19463310387700541,51.50831284035058],[-0.19463985152809501,51.508333770691564],[-0.1948901323391314,51.508965088559265],[-0.194903833965546,51.509014272831934],[-0.19490583793011557,51.5090237883753],[-0.1949062841231022,51.509032959451176],[-0.19490538240501673,51.50903607223303],[-0.19489531709090585,51.50903078276856],[-0.19489249145839233,51.50902831794215],[-0.1948911966079609,51.50903155461883],[-0.19488651038464005,51.509057948434624],[-0.1948840691277063,51.50910038825878]]},"properties":{"id":"940GZZLUHSK-940GZZLUNHG-District","source":"940GZZLUHSK","target":"940GZZLUNHG","sourceName":"High Street Kensington","targetName":"Notting Hill Gate","line":"District","colour":"#00782A","color":"#00782A","traffic":0.0875,"off9":0.0,"off12":0.0,"off14":0.0},"id":437},{"type":"Feature","geometry":{"type":"LineString","coordinates":[[-0.19089716780624139,51.50201393667512],[-0.1908616186228512,51.501933528815385],[-0.19051282776016096,51.50154680889749],[-0.19045664796317308,51.501486369625816],[-0.1902163209115802,51.501236960797875],[-0.1899865864015133,51.501000523719604],[-0.18943408929445407,51.500431925148575],[-0.18941426492129101,51.50037024739344],[-0.18932232676605265,51.5002932932975],[-0.18856621981904637,51.499839082837326],[-0.18839130028460518,51.499751782862994],[-0.18814668774922935,51.49961547424941],[-0.1876063892540914,51.49924469637279],[-0.1863544119723562,51.49805514585805],[-0.18602536523568125,51.49764064353545],[-0.18595863067707816,51.497400894919096],[-0.18586964459893912,51.49719452885188],[-0.18584310429507245,51.49714367461455],[-0.18573926914992425,51.49702423018323],[-0.18561170463838164,51.49686362335514],[-0.1854946174654629,51.49673604203923],[-0.18525128268896235,51.496584413663335],[-0.18510188891213256,51.496457775188894],[-0.18519631059149494,51.49644727550532],[-0.18496404586309337,51.49640551909315],[-0.18440410729702938,51.49628287868279],[-0.183842896304283,51.49617579915564],[-0.18250936120250555,51.495897936119896],[-0.1820982255745994,51.49580338835808]]},"properties":{"id":"940GZZLUHSK-940GZZLUGTR-Circle","source":"940GZZLUHSK","target":"940GZZLUGTR","sourceName":"High Street Kensington","targetName":"Gloucester Road","line":"Circle","colour":"#FFD300","color":"#FFD300","traffic":0.096,"off9":0.0,"off12":0.0,"off14":0.0},"id":438},{"type":"Feature","geometry":{"type":"LineString","coordinates":[[-0.1908524726051125,51.49812780727928],[-0.19044005701964326,51.49788887478623],[-0.19032305827771778,51.497793824147735],[-0.1900629313523296,51.49754486749568],[-0.18955561109210137,51.497021999162975],[-0.18927379198253702,51.49669251082341],[-0.18929044242579132,51.49663186496929],[-0.18929248885741354,51.49660224992943],[-0.18931198792770432,51.49661676390565],[-0.18932699860611374,51.4966271782617],[-0.18931044329980332,51.496444474052815],[-0.18933188925018343,51.49633687918471],[-0.18933013338802207,51.49629136225617],[-0.1893371517854953,51.49621181455191],[-0.1895198845093911,51.49598766866634],[-0.18984440047798537,51.49550366096735],[-0.18995594501165078,51.49527754284445],[-0.19003315621193517,51.49507886372244],[-0.19032389740642297,51.494895659441156],[-0.19076437736874202,51.49466352979538],[-0.19167853328669898,51.49417257008968],[-0.19239039661142437,51.4936991904792],[-0.19300548635380196,51.4932947751948]]},"properties":{"id":"940GZZLUHSK-940GZZLUECT-District","source":"940GZZLUHSK","target":"940GZZLUECT","sourceName":"High Street Kensington","targetName":"Earls Court","line":"District","colour":"#00782A","color":"#00782A","traffic":0.0658,"off9":0.0,"off12":0.0,"off14":0.0},"id":439},{"type":"Feature","geometry":{"type":"LineString","coordinates":[[-0.19496154991430537,51.4879079669614],[-0.19492788588882268,51.487885929819676],[-0.1947823651887425,51.487793289980004],[-0.19457275455663817,51.48766976326225],[-0.19432334278007743,51.48752974672661],[-0.19417288053707912,51.487441515277744],[-0.19404566076215682,51.48736947668031],[-0.19386033207547418,51.48725776689186],[-0.19363675200317015,51.487101163979986],[-0.1935110990125081,51.48700800833282],[-0.1933970889872541,51.48692300769654],[-0.19324082299223738,51.48679818436152],[-0.1930893147106444,51.48667587832828],[-0.19280927274214074,51.48646156334294],[-0.19256664003462307,51.486254703993495],[-0.1911545172091853,51.48486217256057],[-0.190788647921392,51.48448794714431],[-0.19058067588643196,51.48415275547963],[-0.1904147384291307,51.48367129876199],[-0.1904140043964019,51.483223854581695],[-0.19057805768087877,51.48272436816657],[-0.1910105139832969,51.482172602739645],[-0.1913519888043103,51.48189857650075],[-0.192318965418837,51.481268340492136],[-0.19287448127355367,51.480886184439775],[-0.19300202724212948,51.48079447720054],[-0.19332963388355837,51.48058101019669],[-0.19370645500694042,51.480315041526126],[-0.1940447620698639,51.480051143626596],[-0.1944109555130523,51.47969022355152],[-0.19444712703606365,51.479602696505324]]},"properties":{"id":"940GZZLUWBN-940GZZLUFBY-District","source":"940GZZLUWBN","target":"940GZZLUFBY","sourceName":"West Brompton","targetName":"Fulham Broadway","line":"District","colour":"#00782A","color":"#00782A","traffic":0.1807,"off9":0.0,"off12":0.0,"off14":0.0},"id":440},{"type":"Feature","geometry":{"type":"LineString","coordinates":[[-0.19496154991430537,51.4879079669614],[-0.19499083881210091,51.48792710666809],[-0.19506164747577015,51.48798427556432],[-0.19515493274613674,51.48807442397453],[-0.1955392465458287,51.488439817523755],[-0.19581725757910418,51.488764498612134],[-0.19589725065831406,51.4888989636275],[-0.1958996368846591,51.488999578961774],[-0.19587193816697118,51.48899086103349],[-0.19587506630441903,51.48907814135756],[-0.19589563642232335,51.489139832625796],[-0.19591055157119036,51.4892105657201],[-0.19583895869305368,51.48932977351169],[-0.19571242510612122,51.48943917569913],[-0.19548673538904202,51.4895553328506],[-0.19514190686291025,51.4897828355394],[-0.1949190522874549,51.48992207222061],[-0.1947045304607663,51.49005196525336],[-0.1944532059091553,51.49022146502533],[-0.19398721317806644,51.49053275245203],[-0.19372750217727971,51.490700459536875],[-0.19336024187083276,51.49093968519212],[-0.192660983094312,51.491419666465866]]},"properties":{"id":"940GZZLUWBN-940GZZLUECT-District","source":"940GZZLUWBN","target":"940GZZLUECT","sourceName":"West Brompton","targetName":"Earls Court","line":"District","colour":"#00782A","color":"#00782A","traffic":0.3341,"off9":0.0,"off12":0.0,"off14":0.0},"id":441},{"type":"Feature","geometry":{"type":"LineString","coordinates":[[-0.21039588884440605,51.49691455444094],[-0.19375888884440604,51.49135355444094]]},"properties":{"id":"940GZZLUKOY-940GZZLUECT-District","source":"940GZZLUKOY","target":"940GZZLUECT","sourceName":"Kensington Olympia","targetName":"Earls Court","line":"District","colour":"#00782A","color":"#00782A","traffic":0.0004,"off9":0.0,"off12":0.0,"off14":0.0},"id":442},{"type":"Feature","geometry":{"type":"LineString","coordinates":[[-0.24722611082307855,51.51664460513184],[-0.2471196,51.5165731],[-0.2465182,51.5162541],[-0.2460237,51.5160222],[-0.2457261,51.5159091],[-0.2453705,51.5157797],[-0.2450945,51.5156928],[-0.2445897,51.5155604],[-0.2439286,51.5154368],[-0.2431974,51.5153289],[-0.2429606,51.5153067],[-0.2426897,51.5152933],[-0.2421703,51.5152795],[-0.2418205,51.5152915],[-0.2410178,51.5153304],[-0.2405945,51.5153638],[-0.2398441,51.5154233],[-0.2383973,51.5155558],[-0.2377791,51.5156134],[-0.2367362,51.5157018],[-0.2361707,51.5157509],[-0.2358787,51.5157693],[-0.2356284,51.5157748],[-0.2349875,51.515785],[-0.2346825,51.5157953],[-0.2344744,51.5158052],[-0.2342131,51.5158293],[-0.2339043,51.5158739],[-0.2333328,51.51596],[-0.2329219,51.5160191],[-0.2325436,51.5160579],[-0.2320723,51.5160923],[-0.2317101,51.5161109],[-0.231318,51.5161177],[-0.2308782,51.5161122],[-0.2302809,51.5160872],[-0.2297889,51.5160467],[-0.2291754,51.5159771],[-0.2286538,51.5158962],[-0.228315,51.5158399],[-0.2279737,51.515778],[-0.2276212,51.5156945],[-0.2272225,51.515594],[-0.2266548,51.5154314],[-0.226291,51.5152887],[-0.2260999,51.5152274],[-0.2259304,51.51516],[-0.225745,51.5150724],[-0.2255375,51.5149822],[-0.2252062,51.5147346],[-0.2251094,51.5146245],[-0.2250412,51.5145196],[-0.2249788,51.5144011],[-0.2246972,51.5136993],[-0.2245179,51.5132313],[-0.2244339,51.5129949],[-0.2243896,51.5127724],[-0.224368,51.5124567],[-0.2243761,51.5121257],[-0.22438326566348718,51.51196279453642]]},"properties":{"id":"940GZZLUEAN-940GZZLUWCY-Central","source":"940GZZLUEAN","target":"940GZZLUWCY","sourceName":"East Acton","targetName":"White City","line":"Central","colour":"#E32017","color":"#E32017","traffic":0.341,"off9":0.0,"off12":0.0,"off14":0.0},"id":443},{"type":"Feature","geometry":{"type":"LineString","coordinates":[[-0.2472447762987974,51.51661678158034],[-0.247316,51.5166648],[-0.2473614,51.5166956],[-0.247731,51.5169738],[-0.2479526,51.5171455],[-0.2481593,51.5173376],[-0.2493399,51.5184872],[-0.2505198,51.5196452],[-0.2506824,51.5198101],[-0.2518358,51.520954],[-0.2521706,51.5212245],[-0.2524874,51.5214411],[-0.2527775,51.5216513],[-0.2531482,51.5218678],[-0.253757,51.5221343],[-0.2544916,51.522408],[-0.2548501,51.5225179],[-0.2554594,51.5226835],[-0.2562609,51.5228475],[-0.2569479,51.5229959],[-0.2572335,51.5230531],[-0.2581048,51.5232278],[-0.2588626,51.5233693],[-0.2593481,51.5234688],[-0.2597476384785027,51.523557252042686]]},"properties":{"id":"940GZZLUEAN-940GZZLUNAN-Central","source":"940GZZLUEAN","target":"940GZZLUNAN","sourceName":"East Acton","targetName":"North Acton","line":"Central","colour":"#E32017","color":"#E32017","traffic":0.1186,"off9":0.0,"off12":0.0,"off14":0.0},"id":444},{"type":"Feature","geometry":{"type":"LineString","coordinates":[[-0.22438326566348718,51.51196279453642],[-0.2243761,51.5121257],[-0.224368,51.5124567],[-0.2243896,51.5127724],[-0.2244339,51.5129949],[-0.2245179,51.5132313],[-0.2246972,51.5136993],[-0.2249788,51.5144011],[-0.2250412,51.5145196],[-0.2251094,51.5146245],[-0.2252062,51.5147346],[-0.2255375,51.5149822],[-0.225745,51.5150724],[-0.2259304,51.51516],[-0.2260999,51.5152274],[-0.226291,51.5152887],[-0.2266548,51.5154314],[-0.2272225,51.515594],[-0.2276212,51.5156945],[-0.2279737,51.515778],[-0.228315,51.5158399],[-0.2286538,51.5158962],[-0.2291754,51.5159771],[-0.2297889,51.5160467],[-0.2302809,51.5160872],[-0.2308782,51.5161122],[-0.231318,51.5161177],[-0.2317101,51.5161109],[-0.2320723,51.5160923],[-0.2325436,51.5160579],[-0.2329219,51.5160191],[-0.2333328,51.51596],[-0.2339043,51.5158739],[-0.2342131,51.5158293],[-0.2344744,51.5158052],[-0.2346825,51.5157953],[-0.2349875,51.515785],[-0.2356284,51.5157748],[-0.2358787,51.5157693],[-0.2361707,51.5157509],[-0.2367362,51.5157018],[-0.2377791,51.5156134],[-0.2383973,51.5155558],[-0.2398441,51.5154233],[-0.2405945,51.5153638],[-0.2410178,51.5153304],[-0.2418205,51.5152915],[-0.2421703,51.5152795],[-0.2426897,51.5152933],[-0.2429606,51.5153067],[-0.2431974,51.5153289],[-0.2439286,51.5154368],[-0.2445897,51.5155604],[-0.2450945,51.5156928],[-0.2453705,51.5157797],[-0.2457261,51.5159091],[-0.2460237,51.5160222],[-0.2465182,51.5162541],[-0.2471196,51.5165731],[-0.24722611082307855,51.51664460513184]]},"properties":{"id":"940GZZLUWCY-940GZZLUEAN-Central","source":"940GZZLUWCY","target":"940GZZLUEAN","sourceName":"White City","targetName":"East Acton","line":"Central","colour":"#E32017","color":"#E32017","traffic":0.1264,"off9":0.0,"off12":0.0,"off14":0.0},"id":445},{"type":"Feature","geometry":{"type":"LineString","coordinates":[[-0.22404915658658725,51.511964601626964],[-0.2240487,51.5119444],[-0.2240422,51.5116526],[-0.2240732,51.5113749],[-0.2241588,51.5110192],[-0.2241724,51.5108609],[-0.224171,51.5107742],[-0.2241749,51.5105935],[-0.2241826,51.5105386],[-0.2241765,51.5104546],[-0.2241108,51.510259],[-0.2240322,51.5101237],[-0.2239132,51.5099995],[-0.2229936,51.5093673],[-0.2226195,51.50911],[-0.2222544,51.508812],[-0.2220063,51.5085104],[-0.2217574,51.5080842],[-0.2216736,51.5078777],[-0.2215986,51.5076177],[-0.2215742,51.5073669],[-0.2215643,51.5071331],[-0.2216482,51.5066039],[-0.2216961,51.5063259],[-0.2217021,51.5061648],[-0.2217073,51.5057892],[-0.2217173,51.5050714],[-0.2217228,51.5050031],[-0.2217193,51.504904],[-0.2217042,51.5048264],[-0.2216446,51.5047547],[-0.2215625,51.5046935],[-0.2214518,51.5046412],[-0.2213175,51.5046052],[-0.2211594,51.5045754],[-0.2209656,51.5045411],[-0.2207569,51.5045085],[-0.2194534,51.5043479],[-0.2192531,51.5043224],[-0.2190901,51.504303],[-0.21891,51.5042876],[-0.218813,51.5042876]]},"properties":{"id":"940GZZLUWCY-940GZZLUSBC-Central","source":"940GZZLUWCY","target":"940GZZLUSBC","sourceName":"White City","targetName":"Shepherds Bush Central","line":"Central","colour":"#E32017","color":"#E32017","traffic":0.352,"off9":0.0,"off12":0.0,"off14":0.0},"id":446},{"type":"Feature","geometry":{"type":"LineString","coordinates":[[-0.259755,51.523524],[-0.28098,51.518001]]},"properties":{"id":"940GZZLUNAN-940GZZLUWTA-Central","source":"940GZZLUNAN","target":"940GZZLUWTA","sourceName":"North Acton","targetName":"West Acton","line":"Central","colour":"#E32017","color":"#E32017","traffic":0.0469,"off9":0.0,"off12":0.0,"off14":0.0},"id":447},{"type":"Feature","geometry":{"type":"LineString","coordinates":[[-0.259755,51.523524],[-0.292704,51.530177]]},"properties":{"id":"940GZZLUNAN-940GZZLUHGR-Central","source":"940GZZLUNAN","target":"940GZZLUHGR","sourceName":"North Acton","targetName":"Hanger Lane","line":"Central","colour":"#E32017","color":"#E32017","traffic":0.0508,"off9":0.0,"off12":0.0,"off14":0.0},"id":448},{"type":"Feature","geometry":{"type":"LineString","coordinates":[[-0.2597476384785027,51.523557252042686],[-0.2593481,51.5234688],[-0.2588626,51.5233693],[-0.2581048,51.5232278],[-0.2572335,51.5230531],[-0.2569479,51.5229959],[-0.2562609,51.5228475],[-0.2554594,51.5226835],[-0.2548501,51.5225179],[-0.2544916,51.522408],[-0.253757,51.5221343],[-0.2531482,51.5218678],[-0.2527775,51.5216513],[-0.2524874,51.5214411],[-0.2521706,51.5212245],[-0.2518358,51.520954],[-0.2506824,51.5198101],[-0.2505198,51.5196452],[-0.2493399,51.5184872],[-0.2481593,51.5173376],[-0.2479526,51.5171455],[-0.247731,51.5169738],[-0.2473614,51.5166956],[-0.247316,51.5166648],[-0.2472447762987974,51.51661678158034]]},"properties":{"id":"940GZZLUNAN-940GZZLUEAN-Central","source":"940GZZLUNAN","target":"940GZZLUEAN","sourceName":"North Acton","targetName":"East Acton","line":"Central","colour":"#E32017","color":"#E32017","traffic":0.319,"off9":0.0,"off12":0.0,"off14":0.0},"id":449},{"type":"Feature","geometry":{"type":"LineString","coordinates":[[-0.1650110691763644,51.58713276924766],[-0.1650691,51.5871633],[-0.1654115,51.5873739],[-0.1657322,51.587587],[-0.1659911,51.587748],[-0.1662271,51.5879346],[-0.1665463,51.5881779],[-0.1667048,51.5883009],[-0.166903,51.5884546],[-0.1677345,51.5890828],[-0.1682549,51.5894911],[-0.1689415,51.590011],[-0.1694268,51.5904227],[-0.1699506,51.5907883],[-0.1702973,51.5910303],[-0.1709517,51.5914302],[-0.1719495,51.5919835],[-0.1728806,51.5924588],[-0.17313,51.5925753],[-0.1735347,51.5927688],[-0.1784435,51.5948963],[-0.1792136,51.5952245],[-0.181923,51.5963903],[-0.184129,51.5973179],[-0.1864754,51.598325],[-0.1876696,51.5988176],[-0.1885597,51.59914],[-0.1889615,51.5992954],[-0.1902919,51.5998535],[-0.1908139,51.6000772],[-0.1912363,51.6002996],[-0.1915229,51.6004321],[-0.1919654,51.6006572],[-0.19252588705849538,51.60092334380548]]},"properties":{"id":"940GZZLUEFY-940GZZLUFYC-Northern","source":"940GZZLUEFY","target":"940GZZLUFYC","sourceName":"East Finchley","targetName":"Finchley Central","line":"Northern","colour":"#000000","color":"#000000","traffic":0.0552,"off9":0.0,"off12":0.0,"off14":0.0},"id":450},{"type":"Feature","geometry":{"type":"LineString","coordinates":[[-0.1650110691763644,51.58713276924766],[-0.1646804,51.5869588],[-0.1642559,51.5867414],[-0.163775,51.5865067],[-0.1635168,51.5863726],[-0.1632161,51.5862113],[-0.1628081,51.5859767],[-0.162481,51.5857802],[-0.1621096,51.5855951],[-0.1610908,51.5850589],[-0.1599768,51.5843587],[-0.1583963,51.583515],[-0.1520889,51.5801082],[-0.1477652,51.5783095],[-0.1469398,51.5779689],[-0.1465746,51.5778165],[-0.1459454,51.5775541],[-0.1458626200629741,51.57751881508801]]},"properties":{"id":"940GZZLUEFY-940GZZLUHGT-Northern","source":"940GZZLUEFY","target":"940GZZLUHGT","sourceName":"East Finchley","targetName":"Highgate","line":"Northern","colour":"#000000","color":"#000000","traffic":0.3008,"off9":0.0,"off12":0.0,"off14":0.0},"id":451},{"type":"Feature","geometry":{"type":"LineString","coordinates":[[-0.19251380436017448,51.60094925577985],[-0.1925518,51.600967],[-0.1932038,51.6012784],[-0.1937022,51.6015007],[-0.1938557,51.6015737],[-0.1939769,51.6016431],[-0.194114,51.6017318],[-0.1942456,51.6018189],[-0.1943895,51.6019376],[-0.1945231,51.6020587],[-0.1946792,51.6022263],[-0.1947906,51.6023749],[-0.1948848,51.6025289],[-0.1949619,51.6026705],[-0.1950561,51.602989],[-0.1950617,51.603148],[-0.1950544,51.6033138],[-0.1950263,51.6034691],[-0.194967,51.6036307],[-0.1948564,51.6038295],[-0.1947882,51.6039294],[-0.1945912,51.6041419],[-0.1944084,51.6043036],[-0.1942017,51.6044429],[-0.1913887,51.6060655],[-0.1909328,51.6063684],[-0.1901549,51.606953],[-0.1897997,51.6072801],[-0.1893985,51.6076813],[-0.1890968,51.6080355],[-0.188857,51.6083986],[-0.1887219,51.6085775],[-0.1886211,51.6087655],[-0.1884963,51.6089984],[-0.18831062100920304,51.60940238528029]]},"properties":{"id":"940GZZLUFYC-940GZZLUWFN-Northern","source":"940GZZLUFYC","target":"940GZZLUWFN","sourceName":"Finchley Central","targetName":"West Finchley","line":"Northern","colour":"#000000","color":"#000000","traffic":0.0292,"off9":0.0,"off12":0.0,"off14":0.0},"id":452},{"type":"Feature","geometry":{"type":"LineString","coordinates":[[-0.1926765,51.600867],[-0.193426,51.601237],[-0.1938307,51.6014323],[-0.1939923,51.601512],[-0.1941682,51.6015942],[-0.1945836,51.6017749],[-0.1946351,51.6017948],[-0.1954902,51.602161],[-0.1962221,51.6024814],[-0.1965193,51.6026134],[-0.1972521,51.6029279],[-0.1980746,51.6033069],[-0.1981138,51.603326],[-0.1982514,51.6033944],[-0.1991263,51.6038117],[-0.1998689,51.6041346],[-0.2012133,51.604699],[-0.2030246,51.6054707],[-0.2035968,51.6057341],[-0.2042316,51.6059909],[-0.2046151,51.6061475],[-0.204937,51.6062807],[-0.2054251,51.6064889],[-0.2059616,51.6067305],[-0.2066808,51.6070368],[-0.2068693,51.6071203],[-0.2073693,51.6073358],[-0.2078253,51.6075273],[-0.2082545,51.6076989],[-0.2085955,51.6078299],[-0.2088526,51.607922],[-0.2093448,51.6080622],[-0.20998884348813346,51.60821718372709]]},"properties":{"id":"940GZZLUFYC-940GZZLUMHL-Northern","source":"940GZZLUFYC","target":"940GZZLUMHL","sourceName":"Finchley Central","targetName":"Mill Hill East","line":"Northern","colour":"#000000","color":"#000000","traffic":0.0111,"off9":0.0,"off12":0.0,"off14":0.0},"id":453},{"type":"Feature","geometry":{"type":"LineString","coordinates":[[-0.19252588705849538,51.60092334380548],[-0.1919654,51.6006572],[-0.1915229,51.6004321],[-0.1912363,51.6002996],[-0.1908139,51.6000772],[-0.1902919,51.5998535],[-0.1889615,51.5992954],[-0.1885597,51.59914],[-0.1876696,51.5988176],[-0.1864754,51.598325],[-0.184129,51.5973179],[-0.181923,51.5963903],[-0.1792136,51.5952245],[-0.1784435,51.5948963],[-0.1735347,51.5927688],[-0.17313,51.5925753],[-0.1728806,51.5924588],[-0.1719495,51.5919835],[-0.1709517,51.5914302],[-0.1702973,51.5910303],[-0.1699506,51.5907883],[-0.1694268,51.5904227],[-0.1689415,51.590011],[-0.1682549,51.5894911],[-0.1677345,51.5890828],[-0.166903,51.5884546],[-0.1667048,51.5883009],[-0.1665463,51.5881779],[-0.1662271,51.5879346],[-0.1659911,51.587748],[-0.1657322,51.587587],[-0.1654115,51.5873739],[-0.1650691,51.5871633],[-0.1650110691763644,51.58713276924766]]},"properties":{"id":"940GZZLUFYC-940GZZLUEFY-Northern","source":"940GZZLUFYC","target":"940GZZLUEFY","sourceName":"Finchley Central","targetName":"East Finchley","line":"Northern","colour":"#000000","color":"#000000","traffic":0.2283,"off9":0.0,"off12":0.0,"off14":0.0},"id":454},{"type":"Feature","geometry":{"type":"LineString","coordinates":[[0.035254754707400575,51.535377146208944],[0.0356519,51.5354653],[0.0360823,51.5355578],[0.0367396,51.5356833],[0.0372471,51.5358064],[0.0378607,51.5359498],[0.0384473,51.5360973],[0.0390153,51.536221],[0.039653,51.5363679],[0.0401857,51.5364905],[0.0406663,51.5366021],[0.0412204,51.5367316],[0.0419604,51.5369011],[0.0426279,51.5370445],[0.0432563,51.5371937],[0.0438699,51.5373365],[0.0444955,51.5374822],[0.0452755,51.537662],[0.0459746,51.5378228],[0.0465379,51.5379517],[0.0471608,51.5380836],[0.0477083,51.538209],[0.0482987,51.5383368],[0.0489596,51.5384779],[0.049602,51.5386196],[0.0501217,51.5387335],[0.0505613,51.5388383],[0.0511298,51.5389766],[0.05117521916535609,51.53898864666034]]},"properties":{"id":"940GZZLUUPK-940GZZLUEHM-Hammersmith & City","source":"940GZZLUUPK","target":"940GZZLUEHM","sourceName":"Upton Park","targetName":"East Ham","line":"Hammersmith & City","colour":"#F3A9BB","color":"#F3A9BB","traffic":0.071,"off9":0.0,"off12":0.0,"off14":0.0},"id":455},{"type":"Feature","geometry":{"type":"LineString","coordinates":[[0.03499416711883707,51.53610740095755],[0.03539526445515863,51.53619609614206],[0.03584317675915125,51.5362908909194],[0.03648501723896889,51.536414374062474],[0.03696852442952664,51.53653408125486],[0.03757722642246602,51.536676749143],[0.03817268567056731,51.53682556385126],[0.038752366943625306,51.536950930056015],[0.03938316130904562,51.53709685444487],[0.03991483134850306,51.537219306740376],[0.04039344969388086,51.53733062078299],[0.040949303906155005,51.53746037422708],[0.04169984458837655,51.537631360395345],[0.042362683602311255,51.53777411104761],[0.04298109868458501,51.53792187908476],[0.04359721221846703,51.53806504496339],[0.04422404102799268,51.538210922609096],[0.04500564506348786,51.538390953217004],[0.04570568082103249,51.53855188712958],[0.046279193175329615,51.53868221545051],[0.04690197469765513,51.538814099316745],[0.047446828967332884,51.538939134807244],[0.048045932860282865,51.53906811975113],[0.04870452329005491,51.53920890955614],[0.049343741514029045,51.53935017734012],[0.04985350874149786,51.53946269161854],[0.050279712583421066,51.53956553539573],[0.05083348291327449,51.53970156786653],[0.05087325660055541,51.53971271279804]]},"properties":{"id":"940GZZLUUPK-940GZZLUEHM-District","source":"940GZZLUUPK","target":"940GZZLUEHM","sourceName":"Upton Park","targetName":"East Ham","line":"District","colour":"#00782A","color":"#00782A","traffic":0.071,"off9":0.0,"off12":0.0,"off14":0.0},"id":456},{"type":"Feature","geometry":{"type":"LineString","coordinates":[[0.035254754707400575,51.535377146208944],[0.0349509,51.5353097],[0.0342388,51.5351455],[0.033616,51.5350038],[0.0330656,51.5348841],[0.032479,51.5347413],[0.0318348,51.5345875],[0.031026,51.5343862],[0.0302888,51.5342202],[0.0292681,51.5339884],[0.0283654,51.5337779],[0.0275101,51.5335801],[0.0267181,51.5333968],[0.0259139,51.5332216],[0.0252455,51.5330654],[0.0244293,51.5328786],[0.0238185,51.5327433],[0.0232905,51.5326224],[0.0227374,51.5324993],[0.0221991,51.5323697],[0.0216488,51.5322344],[0.0210836,51.5321078],[0.0204849,51.5319713],[0.0199364,51.5318423],[0.0187501,51.5315682],[0.0176385,51.5313363],[0.01745905957686912,51.531300548341456]]},"properties":{"id":"940GZZLUUPK-940GZZLUPLW-Hammersmith & City","source":"940GZZLUUPK","target":"940GZZLUPLW","sourceName":"Upton Park","targetName":"Plaistow","line":"Hammersmith & City","colour":"#F3A9BB","color":"#F3A9BB","traffic":0.3289,"off9":0.0,"off12":0.0,"off14":0.0},"id":457},{"type":"Feature","geometry":{"type":"LineString","coordinates":[[0.03499416711883707,51.53610740095755],[0.03468550330112759,51.53603928425775],[0.033970305633052866,51.53587464544925],[0.03335482660925017,51.53573397347417],[0.03279558435745119,51.5356130278312],[0.03219715486432216,51.53546849296774],[0.031549952857189416,51.535314240079366],[0.030748681772626563,51.535114065774835],[0.030023560967968585,51.53494980554927],[0.028998399548751927,51.53471737222018],[0.028093382763540176,51.53450653886681],[0.027239056438298524,51.53430887908635],[0.02645453979909227,51.53412664025585],[0.025649087099250244,51.53395126462594],[0.02497454177205049,51.53379419092423],[0.024165130554220798,51.53360835459661],[0.023554269029044107,51.533473045867034],[0.0230256822883481,51.533352063460754],[0.02246603930101,51.533228032489454],[0.021914818349629238,51.53309652365576],[0.021373820962961886,51.53296260719474],[0.020818535756324856,51.53283742839877],[0.020213603660007563,51.532700041308985],[0.019663401773321928,51.53257079520308],[0.018491950863161768,51.532298786823574],[0.01739823552248005,51.53206924370255],[0.017224101961006672,51.53203415750609]]},"properties":{"id":"940GZZLUUPK-940GZZLUPLW-District","source":"940GZZLUUPK","target":"940GZZLUPLW","sourceName":"Upton Park","targetName":"Plaistow","line":"District","colour":"#00782A","color":"#00782A","traffic":0.3289,"off9":0.0,"off12":0.0,"off14":0.0},"id":458},{"type":"Feature","geometry":{"type":"LineString","coordinates":[[-0.21214614351320554,51.45898272232243],[-0.20774814351320556,51.444850722322435]]},"properties":{"id":"940GZZLUEPY-940GZZLUSFS-District","source":"940GZZLUEPY","target":"940GZZLUSFS","sourceName":"East Putney","targetName":"Southfields","line":"District","colour":"#00782A","color":"#00782A","traffic":0.0835,"off9":0.0,"off12":0.0,"off14":0.0},"id":459},{"type":"Feature","geometry":{"type":"LineString","coordinates":[[-0.21208535893765748,51.45947158459939],[-0.2120391014080254,51.4596037119595],[-0.2120035533165975,51.459704292215264],[-0.21198747412040975,51.459777820503454],[-0.21196457608207628,51.45989646755167],[-0.21195390111700932,51.46001844645477],[-0.21194748309300682,51.46010111980203],[-0.21193159558391006,51.46045211682106],[-0.21192715506702306,51.46048638104497],[-0.2118825045875868,51.46076381041994],[-0.21183963982737491,51.4609274857431],[-0.21182088622235568,51.46099053378275],[-0.21171650209714246,51.46127352608126],[-0.2115621199799056,51.46161020634766],[-0.21138591819914967,51.46200713318673],[-0.21134285842967068,51.462150235204156],[-0.2113425635952567,51.462206101081065],[-0.21131944813853726,51.46234727760073],[-0.21131790876536963,51.46253341372524],[-0.2113245275254571,51.462670074083185],[-0.21134401236286943,51.462785466600806],[-0.21134983300308507,51.462832544780895],[-0.2113699273065912,51.46291625720584],[-0.21140747434130341,51.463021368676635],[-0.21153573915602733,51.46355468673782],[-0.21156861799659632,51.463818784576105],[-0.2115702333299567,51.46406997447824],[-0.21155905698279445,51.46419420006669],[-0.2115231153020857,51.46441832609773],[-0.21148260880911954,51.464570310085314],[-0.21139768746361184,51.464820781649394],[-0.21122788925732797,51.465174850291916],[-0.21012761475006136,51.46731254990659],[-0.21013619153747076,51.46733655613225],[-0.21014136018878884,51.46736942546938],[-0.21005128643415183,51.46781970026523],[-0.2100368131472141,51.46790574127788],[-0.20996034057102803,51.46838845878859]]},"properties":{"id":"940GZZLUEPY-940GZZLUPYB-District","source":"940GZZLUEPY","target":"940GZZLUPYB","sourceName":"East Putney","targetName":"Putney Bridge","line":"District","colour":"#00782A","color":"#00782A","traffic":0.2237,"off9":0.0,"off12":0.0,"off14":0.0},"id":460},{"type":"Feature","geometry":{"type":"LineString","coordinates":[[-0.20760562493637072,51.44466290705114],[-0.20072262493637072,51.43416290705114]]},"properties":{"id":"940GZZLUSFS-940GZZLUWIP-District","source":"940GZZLUSFS","target":"940GZZLUWIP","sourceName":"Southfields","targetName":"Wimbledon Park","line":"District","colour":"#00782A","color":"#00782A","traffic":0.0839,"off9":0.0,"off12":0.0,"off14":0.0},"id":461},{"type":"Feature","geometry":{"type":"LineString","coordinates":[[-0.20545585648679446,51.445295277677566],[-0.20985385648679444,51.45942727767756]]},"properties":{"id":"940GZZLUSFS-940GZZLUEPY-District","source":"940GZZLUSFS","target":"940GZZLUEPY","sourceName":"Southfields","targetName":"East Putney","line":"District","colour":"#00782A","color":"#00782A","traffic":0.1664,"off9":0.0,"off12":0.0,"off14":0.0},"id":462},{"type":"Feature","geometry":{"type":"LineString","coordinates":[[-0.20996034057102803,51.46838845878859],[-0.20994770811629457,51.46846551289676],[-0.2098660202491166,51.46894352350476],[-0.2098253313191193,51.46916684274004],[-0.20975389471483488,51.469399383685854],[-0.20959728173945022,51.46969132834099],[-0.2094237831373048,51.4699439520626],[-0.2091938344018958,51.47019646361313],[-0.208935319071978,51.47040095443742],[-0.20859403741729476,51.47063105029441],[-0.20805108252555043,51.47092520887272],[-0.2075917469229538,51.47115694964362],[-0.20743288805739857,51.47123969544946],[-0.20734703767687754,51.47129617239077],[-0.20723939038817676,51.471396779893155],[-0.2071569217664639,51.47148672156429],[-0.20708264393631848,51.47162522939438],[-0.20703639375251642,51.47174940301274],[-0.2070462770636688,51.47179573500665],[-0.20701306517106496,51.47197671341962],[-0.2069686373274784,51.47217794119633],[-0.20691904654087281,51.472394597570336],[-0.20683590285913167,51.47265137291384],[-0.20673740419108427,51.47285592277032],[-0.20661013476721163,51.47305751278703],[-0.20639959256486956,51.47332606659722],[-0.20620343131922383,51.47351688952551],[-0.20602349354429036,51.47367655043605],[-0.20577483429456095,51.47386736629289],[-0.20561229446383572,51.47396922637834],[-0.20548091145300063,51.474051480544816],[-0.20524706098893747,51.474186103772986],[-0.20503344651093455,51.47429229617112],[-0.20482979246453614,51.47439141017401],[-0.20288379751849087,51.475339804483816],[-0.20273479978183764,51.47541511743794],[-0.20265467549571295,51.475458050075],[-0.2021994722094295,51.475681407087535],[-0.20183780349084088,51.475862784730154],[-0.20175374921859543,51.47590554402984],[-0.2017037003363575,51.475930817923626]]},"properties":{"id":"940GZZLUPYB-940GZZLUPSG-District","source":"940GZZLUPYB","target":"940GZZLUPSG","sourceName":"Putney Bridge","targetName":"Parsons Green","line":"District","colour":"#00782A","color":"#00782A","traffic":0.2533,"off9":0.0,"off12":0.0,"off14":0.0},"id":463},{"type":"Feature","geometry":{"type":"LineString","coordinates":[[-0.20996034057102803,51.46838845878859],[-0.2100368131472141,51.46790574127788],[-0.21005128643415183,51.46781970026523],[-0.21014136018878884,51.46736942546938],[-0.21013619153747076,51.46733655613225],[-0.21012761475006136,51.46731254990659],[-0.21122788925732797,51.465174850291916],[-0.21139768746361184,51.464820781649394],[-0.21148260880911954,51.464570310085314],[-0.2115231153020857,51.46441832609773],[-0.21155905698279445,51.46419420006669],[-0.2115702333299567,51.46406997447824],[-0.21156861799659632,51.463818784576105],[-0.21153573915602733,51.46355468673782],[-0.21140747434130341,51.463021368676635],[-0.2113699273065912,51.46291625720584],[-0.21134983300308507,51.462832544780895],[-0.21134401236286943,51.462785466600806],[-0.2113245275254571,51.462670074083185],[-0.21131790876536963,51.46253341372524],[-0.21131944813853726,51.46234727760073],[-0.2113425635952567,51.462206101081065],[-0.21134285842967068,51.462150235204156],[-0.21138591819914967,51.46200713318673],[-0.2115621199799056,51.46161020634766],[-0.21171650209714246,51.46127352608126],[-0.21182088622235568,51.46099053378275],[-0.21183963982737491,51.4609274857431],[-0.2118825045875868,51.46076381041994],[-0.21192715506702306,51.46048638104497],[-0.21193159558391006,51.46045211682106],[-0.21194748309300682,51.46010111980203],[-0.21195390111700932,51.46001844645477],[-0.21196457608207628,51.45989646755167],[-0.21198747412040975,51.459777820503454],[-0.2120035533165975,51.459704292215264],[-0.2120391014080254,51.4596037119595],[-0.21208535893765748,51.45947158459939]]},"properties":{"id":"940GZZLUPYB-940GZZLUEPY-District","source":"940GZZLUPYB","target":"940GZZLUEPY","sourceName":"Putney Bridge","targetName":"East Putney","line":"District","colour":"#00782A","color":"#00782A","traffic":0.0941,"off9":0.0,"off12":0.0,"off14":0.0},"id":464},{"type":"Feature","geometry":{"type":"LineString","coordinates":[[-0.3971656160437707,51.575781848289],[-0.3968553617564059,51.575837911101296],[-0.3962383193070961,51.575933700690335],[-0.3959069213785563,51.57598130917097],[-0.39553646566347594,51.57603245023426],[-0.3950474685493476,51.5760923172735],[-0.3945553139445608,51.576141173954774],[-0.3938628521840636,51.576215014707955],[-0.3931731582689588,51.57627882306777],[-0.39237151843912854,51.57634392909136],[-0.3918985258649539,51.57636939463631],[-0.3912626442289519,51.57639886952119],[-0.3907346559665282,51.57642651444732],[-0.39009179710451075,51.576442365572625],[-0.38951710116860205,51.57645455256579],[-0.3889346661798675,51.57645947322442],[-0.3883866649390342,51.576457078058915],[-0.38783416210882155,51.57645491178861],[-0.3871208531540861,51.57644283862846],[-0.38630740942929953,51.57641279485875],[-0.38568613940245833,51.57638893283494],[-0.3850540890464159,51.57635184185714],[-0.3845112712450582,51.57631020162337],[-0.38394973882016403,51.57626569093876],[-0.3834495279698633,51.57621917702432],[-0.38294518373697295,51.576169973286575],[-0.3824557549868814,51.576109629059125],[-0.3818791889203025,51.576036758697256],[-0.38108451609769095,51.57593075311797],[-0.380277172965085,51.57582067106258],[-0.3801295195969769,51.5757999647637],[-0.380043854285021,51.5757879677792],[-0.37946137328530166,51.57570673476093],[-0.3787011246475581,51.57560057917439],[-0.3779456839887877,51.57548802818752],[-0.37710534867187956,51.575354024826694],[-0.37686217453373183,51.575313007782796],[-0.3763064247856171,51.57520508374811],[-0.37582703672058493,51.57512118513118],[-0.3753983563101043,51.575051659608285],[-0.3745757619847256,51.57491574829727],[-0.37416189060568783,51.574849060104846],[-0.3737187594492458,51.57477731760548],[-0.37320966659199406,51.574707091249586],[-0.3728547893887137,51.57465721105257],[-0.371790102833728,51.574480866855],[-0.371520566660425,51.57443457346719],[-0.3713331039185353,51.574402358522235]]},"properties":{"id":"940GZZLUEAE-940GZZLURYL-Piccadilly","source":"940GZZLUEAE","target":"940GZZLURYL","sourceName":"Eastcote","targetName":"Rayners Lane","line":"Piccadilly","colour":"#003688","color":"#003688","traffic":0.0861,"off9":0.0,"off12":0.0,"off14":0.0},"id":465},{"type":"Feature","geometry":{"type":"LineString","coordinates":[[-0.39695602007751096,51.57504524842439],[-0.39665882351281195,51.5750999222026],[-0.39606243861419227,51.57519370138066],[-0.39574104275711264,51.57524041834194],[-0.3953833313269519,51.57529050046852],[-0.3949164370986951,51.57534873454699],[-0.39443252788912164,51.57539704790955],[-0.3937442043681272,51.57547062941592],[-0.3930700165379176,51.57553354613553],[-0.39229143687825707,51.575597558182714],[-0.39183875172990773,51.57562228927261],[-0.3912036884579038,51.57565173904239],[-0.3906888119330564,51.57567902889463],[-0.39006439420902145,51.57569453114526],[-0.3894994023372041,51.57570660513159],[-0.388932232359735,51.575711446448835],[-0.38839162987806836,51.57570905611784],[-0.38784662421764304,51.57570692357722],[-0.3871530063081722,51.57569507725691],[-0.38635241885859906,51.57566528971749],[-0.3857438788049166,51.575641765669886],[-0.38513447809283186,51.57560548371427],[-0.38460414249011626,51.575564403246744],[-0.384052277640328,51.575520381877524],[-0.38356255593972655,51.57547445404864],[-0.3830755674739458,51.57542634657315],[-0.38260350997376275,51.57536725811825],[-0.38203367784060493,51.57529491739452],[-0.3812450321953819,51.575189406235936],[-0.38044144593017,51.57507964212517],[-0.3802960391939537,51.57505912952742],[-0.380210408570042,51.57504713555841],[-0.3796275465706033,51.57496586952186],[-0.3788723492951162,51.57486015834878],[-0.37812826797757515,51.57474865637505],[-0.377297097343759,51.57461554965339],[-0.37707364906746366,51.57457661556559],[-0.376525649571234,51.57446956749622],[-0.37602907344116976,51.57438377026236],[-0.3755934126202086,51.57431351921657],[-0.3747697239694511,51.574177496594544],[-0.37435498121137545,51.57411072020969],[-0.3738991188984915,51.57403773521097],[-0.37337533318398813,51.57396618249917],[-0.3730350787774273,51.573917622105135],[-0.37198910566745585,51.573743133709996],[-0.37172343332085006,51.57369724693437],[-0.37153792003991504,51.573665240201365]]},"properties":{"id":"940GZZLUEAE-940GZZLURYL-Metropolitan","source":"940GZZLUEAE","target":"940GZZLURYL","sourceName":"Eastcote","targetName":"Rayners Lane","line":"Metropolitan","colour":"#9B0056","color":"#9B0056","traffic":0.0861,"off9":0.0,"off12":0.0,"off14":0.0},"id":466},{"type":"Feature","geometry":{"type":"LineString","coordinates":[[-0.3975737939543378,51.5772863297899],[-0.3978363139365185,51.577243467088365],[-0.3980290078576127,51.577212528790305],[-0.39883396819417877,51.57707103074213],[-0.39956505963055966,51.576930051469304],[-0.4001872411637869,51.576802843543],[-0.40111660544721656,51.57659969437493],[-0.4025754984955767,51.57627491600705],[-0.4036900054777245,51.57602775625489],[-0.4053045048506295,51.575669355853336],[-0.4065584864218993,51.575383230200735],[-0.4079077346791521,51.575082723873955],[-0.409519371703355,51.574725473714224],[-0.4111145531723963,51.574361481056734],[-0.41290358593676446,51.57395702659087],[-0.41306633250781016,51.573922809082916],[-0.4132252863468964,51.573887996123936]]},"properties":{"id":"940GZZLUEAE-940GZZLURSM-Piccadilly","source":"940GZZLUEAE","target":"940GZZLURSM","sourceName":"Eastcote","targetName":"Ruislip Manor","line":"Piccadilly","colour":"#003688","color":"#003688","traffic":0.0451,"off9":0.0,"off12":0.0,"off14":0.0},"id":467},{"type":"Feature","geometry":{"type":"LineString","coordinates":[[-0.39776771942506434,51.57802458558463],[-0.39803012787303704,51.577981734176724],[-0.39823091571522534,51.577949957580614],[-0.3990539363883575,51.57780646148427],[-0.39980151926111934,51.5776635029386],[-0.4004377823275739,51.57753448708599],[-0.40137641089443316,51.577330088749854],[-0.40283659699115343,51.57700513201411],[-0.403950810955449,51.57675801250977],[-0.40556890970125903,51.57639911170668],[-0.40682307284379865,51.57611296040148],[-0.40816876935830415,51.575812947747906],[-0.40978364340671003,51.57545524742845],[-0.41138090634479263,51.57509096211347],[-0.4131594718735289,51.57468795318174],[-0.4133208650156203,51.57465391816582],[-0.41348740814747464,51.57461806860764]]},"properties":{"id":"940GZZLUEAE-940GZZLURSM-Metropolitan","source":"940GZZLUEAE","target":"940GZZLURSM","sourceName":"Eastcote","targetName":"Ruislip Manor","line":"Metropolitan","colour":"#9B0056","color":"#9B0056","traffic":0.0451,"off9":0.0,"off12":0.0,"off14":0.0},"id":468},{"type":"Feature","geometry":{"type":"LineString","coordinates":[[-0.3713331039185353,51.574402358522235],[-0.371520566660425,51.57443457346719],[-0.371790102833728,51.574480866855],[-0.3728547893887137,51.57465721105257],[-0.37320966659199406,51.574707091249586],[-0.3737187594492458,51.57477731760548],[-0.37416189060568783,51.574849060104846],[-0.3745757619847256,51.57491574829727],[-0.3753983563101043,51.575051659608285],[-0.37582703672058493,51.57512118513118],[-0.3763064247856171,51.57520508374811],[-0.37686217453373183,51.575313007782796],[-0.37710534867187956,51.575354024826694],[-0.3779456839887877,51.57548802818752],[-0.3787011246475581,51.57560057917439],[-0.37946137328530166,51.57570673476093],[-0.380043854285021,51.5757879677792],[-0.3801295195969769,51.5757999647637],[-0.380277172965085,51.57582067106258],[-0.38108451609769095,51.57593075311797],[-0.3818791889203025,51.576036758697256],[-0.3824557549868814,51.576109629059125],[-0.38294518373697295,51.576169973286575],[-0.3834495279698633,51.57621917702432],[-0.38394973882016403,51.57626569093876],[-0.3845112712450582,51.57631020162337],[-0.3850540890464159,51.57635184185714],[-0.38568613940245833,51.57638893283494],[-0.38630740942929953,51.57641279485875],[-0.3871208531540861,51.57644283862846],[-0.38783416210882155,51.57645491178861],[-0.3883866649390342,51.576457078058915],[-0.3889346661798675,51.57645947322442],[-0.38951710116860205,51.57645455256579],[-0.39009179710451075,51.576442365572625],[-0.3907346559665282,51.57642651444732],[-0.3912626442289519,51.57639886952119],[-0.3918985258649539,51.57636939463631],[-0.39237151843912854,51.57634392909136],[-0.3931731582689588,51.57627882306777],[-0.3938628521840636,51.576215014707955],[-0.3945553139445608,51.576141173954774],[-0.3950474685493476,51.5760923172735],[-0.39553646566347594,51.57603245023426],[-0.3959069213785563,51.57598130917097],[-0.3962383193070961,51.575933700690335],[-0.3968553617564059,51.575837911101296],[-0.3971656160437707,51.575781848289]]},"properties":{"id":"940GZZLURYL-940GZZLUEAE-Piccadilly","source":"940GZZLURYL","target":"940GZZLUEAE","sourceName":"Rayners Lane","targetName":"Eastcote","line":"Piccadilly","colour":"#003688","color":"#003688","traffic":0.0447,"off9":0.0,"off12":0.0,"off14":0.0},"id":469},{"type":"Feature","geometry":{"type":"LineString","coordinates":[[-0.37153792003991504,51.573665240201365],[-0.37172343332085006,51.57369724693437],[-0.37198910566745585,51.573743133709996],[-0.3730350787774273,51.573917622105135],[-0.37337533318398813,51.57396618249917],[-0.3738991188984915,51.57403773521097],[-0.37435498121137545,51.57411072020969],[-0.3747697239694511,51.574177496594544],[-0.3755934126202086,51.57431351921657],[-0.37602907344116976,51.57438377026236],[-0.376525649571234,51.57446956749622],[-0.37707364906746366,51.57457661556559],[-0.377297097343759,51.57461554965339],[-0.37812826797757515,51.57474865637505],[-0.3788723492951162,51.57486015834878],[-0.3796275465706033,51.57496586952186],[-0.380210408570042,51.57504713555841],[-0.3802960391939537,51.57505912952742],[-0.38044144593017,51.57507964212517],[-0.3812450321953819,51.575189406235936],[-0.38203367784060493,51.57529491739452],[-0.38260350997376275,51.57536725811825],[-0.3830755674739458,51.57542634657315],[-0.38356255593972655,51.57547445404864],[-0.384052277640328,51.575520381877524],[-0.38460414249011626,51.575564403246744],[-0.38513447809283186,51.57560548371427],[-0.3857438788049166,51.575641765669886],[-0.38635241885859906,51.57566528971749],[-0.3871530063081722,51.57569507725691],[-0.38784662421764304,51.57570692357722],[-0.38839162987806836,51.57570905611784],[-0.388932232359735,51.575711446448835],[-0.3894994023372041,51.57570660513159],[-0.39006439420902145,51.57569453114526],[-0.3906888119330564,51.57567902889463],[-0.3912036884579038,51.57565173904239],[-0.39183875172990773,51.57562228927261],[-0.39229143687825707,51.575597558182714],[-0.3930700165379176,51.57553354613553],[-0.3937442043681272,51.57547062941592],[-0.39443252788912164,51.57539704790955],[-0.3949164370986951,51.57534873454699],[-0.3953833313269519,51.57529050046852],[-0.39574104275711264,51.57524041834194],[-0.39606243861419227,51.57519370138066],[-0.39665882351281195,51.5750999222026],[-0.39695602007751096,51.57504524842439]]},"properties":{"id":"940GZZLURYL-940GZZLUEAE-Metropolitan","source":"940GZZLURYL","target":"940GZZLUEAE","sourceName":"Rayners Lane","targetName":"Eastcote","line":"Metropolitan","colour":"#9B0056","color":"#9B0056","traffic":0.0447,"off9":0.0,"off12":0.0,"off14":0.0},"id":470},{"type":"Feature","geometry":{"type":"LineString","coordinates":[[-0.3709198426054864,51.5759023903202],[-0.370818542769976,51.57588571344245],[-0.3702646610659161,51.57577964572306],[-0.3700484052114558,51.57574177833563],[-0.3695748798890116,51.57565581024107],[-0.3694270944582496,51.575628089836236],[-0.36905252264500893,51.575550295195924],[-0.36880071544272225,51.57549014665549],[-0.368664988179452,51.575455589336094],[-0.3683133703265817,51.57536461575557],[-0.367894086792326,51.575248541032586],[-0.36739222949372713,51.575100828963045],[-0.36707137354502833,51.57500135179724],[-0.36677569779520386,51.57489632380501],[-0.3663193811741378,51.574743178095886],[-0.36586811468604896,51.57457925356656],[-0.36541529977811665,51.57440371749047],[-0.36488371136579156,51.57418486342786],[-0.364384896103962,51.57396055721269],[-0.3640201721443368,51.57378956842904],[-0.36364634592982265,51.57359605642417],[-0.3633074895576192,51.573418373014],[-0.3629863189714472,51.5732417755503],[-0.3623798813374692,51.57291203975596],[-0.3617743610901235,51.572566687596755],[-0.36060956077259504,51.57190765387455],[-0.3602437054391696,51.571693747545034],[-0.35985221404793744,51.57147381090486],[-0.35919771477228296,51.571083506021424],[-0.35907454772028946,51.571014049964724],[-0.35872345518894544,51.57078862249631],[-0.358564542331942,51.570685328226155],[-0.3581485958788409,51.570412803014875],[-0.357876201530073,51.570217806108666],[-0.35761835546327714,51.57003176686166],[-0.35747997126677356,51.569931006496255],[-0.35742158377962185,51.569888057638714],[-0.357357766726157,51.569844390736094],[-0.3573190999246837,51.56981791038235],[-0.3568824128732173,51.56947670147713],[-0.3565888763851527,51.569240989188295],[-0.35631311234280455,51.56900474737725],[-0.3560598267444853,51.56877772653914],[-0.35592526560898136,51.56865901123082],[-0.3557299954682553,51.56848208118756],[-0.3552746465444431,51.56803998801122],[-0.35486197182427737,51.56761918061053],[-0.3547693623991019,51.56752337341225],[-0.35454776025935686,51.56730419228615],[-0.3542799041958134,51.567072166675494],[-0.35405551856339534,51.566883588371816],[-0.3539209454343112,51.56677393352525],[-0.3535599553047227,51.56651435882077],[-0.3530466805966814,51.56619130024844],[-0.3526902971615609,51.56600246672317],[-0.35207196659122625,51.56564246119873],[-0.3520081827710863,51.56560407819959],[-0.35183412520387947,51.56549898110309],[-0.3518192731316722,51.56548929099667]]},"properties":{"id":"940GZZLURYL-940GZZLUSHH-Piccadilly","source":"940GZZLURYL","target":"940GZZLUSHH","sourceName":"Rayners Lane","targetName":"South Harrow","line":"Piccadilly","colour":"#003688","color":"#003688","traffic":0.0561,"off9":0.0,"off12":0.0,"off14":0.0},"id":471},{"type":"Feature","geometry":{"type":"LineString","coordinates":[[-0.37071579880777367,51.576639591380456],[-0.37060368553995193,51.5766217268849],[-0.3700483221318322,51.576515491446116],[-0.36990578147437797,51.576485171057136],[-0.3695432011495207,51.57643604510488],[-0.36919308151598174,51.57640143230335],[-0.36879608835101063,51.576370471773636],[-0.3683242790471227,51.57635916629073],[-0.36804455875375597,51.57635444029687],[-0.3677999460965286,51.57635617943423],[-0.36745436080520655,51.57636499519375],[-0.3671242542406953,51.576382915092765],[-0.36668359282412316,51.576413030754075],[-0.3661420755878479,51.57646708087304],[-0.3657277464627144,51.57651908747162],[-0.365335809595747,51.57657755790197],[-0.3649263573449839,51.57665571455929],[-0.36469599817830767,51.57670342643829],[-0.36451451495982196,51.57674766872623],[-0.36405861687061614,51.5768646148886],[-0.3636061716050394,51.5769975324294],[-0.3631562749179726,51.57715228365069],[-0.3627986363526095,51.577286315049186],[-0.3624835912680685,51.5774145676673],[-0.36230562888926443,51.57750154061787],[-0.3618671672156208,51.5776942394015],[-0.3614611624479727,51.577866876308086],[-0.3610848771350427,51.57804670919529],[-0.3605424738065834,51.578290600164635],[-0.3603562483073202,51.578367706881544],[-0.35988283045234887,51.57858531658645],[-0.35937869043940107,51.57880658291022],[-0.35888297896508975,51.57902343416773],[-0.358412380826925,51.579236932917055],[-0.3572782278695417,51.57974609055545],[-0.35634113273035295,51.58017021590106],[-0.3557513024446383,51.58041174490658],[-0.35540949564527796,51.58054201641648],[-0.35507923050172857,51.58065686021091],[-0.35478795497996907,51.5807594330393],[-0.35439365468860123,51.580886537973676],[-0.3540366965410197,51.58098767211894]]},"properties":{"id":"940GZZLURYL-940GZZLUWHW-Metropolitan","source":"940GZZLURYL","target":"940GZZLUWHW","sourceName":"Rayners Lane","targetName":"West Harrow","line":"Metropolitan","colour":"#9B0056","color":"#9B0056","traffic":0.1181,"off9":0.0,"off12":0.0,"off14":0.0},"id":472},{"type":"Feature","geometry":{"type":"LineString","coordinates":[[-0.4132252863468964,51.573887996123936],[-0.41306633250781016,51.573922809082916],[-0.41290358593676446,51.57395702659087],[-0.4111145531723963,51.574361481056734],[-0.409519371703355,51.574725473714224],[-0.4079077346791521,51.575082723873955],[-0.4065584864218993,51.575383230200735],[-0.4053045048506295,51.575669355853336],[-0.4036900054777245,51.57602775625489],[-0.4025754984955767,51.57627491600705],[-0.40111660544721656,51.57659969437493],[-0.4001872411637869,51.576802843543],[-0.39956505963055966,51.576930051469304],[-0.39883396819417877,51.57707103074213],[-0.3980290078576127,51.577212528790305],[-0.3978363139365185,51.577243467088365],[-0.3975737939543378,51.5772863297899]]},"properties":{"id":"940GZZLURSM-940GZZLUEAE-Piccadilly","source":"940GZZLURSM","target":"940GZZLUEAE","sourceName":"Ruislip Manor","targetName":"Eastcote","line":"Piccadilly","colour":"#003688","color":"#003688","traffic":0.0673,"off9":0.0,"off12":0.0,"off14":0.0},"id":473},{"type":"Feature","geometry":{"type":"LineString","coordinates":[[-0.41348740814747464,51.57461806860764],[-0.4133208650156203,51.57465391816582],[-0.4131594718735289,51.57468795318174],[-0.41138090634479263,51.57509096211347],[-0.40978364340671003,51.57545524742845],[-0.40816876935830415,51.575812947747906],[-0.40682307284379865,51.57611296040148],[-0.40556890970125903,51.57639911170668],[-0.403950810955449,51.57675801250977],[-0.40283659699115343,51.57700513201411],[-0.40137641089443316,51.577330088749854],[-0.4004377823275739,51.57753448708599],[-0.39980151926111934,51.5776635029386],[-0.3990539363883575,51.57780646148427],[-0.39823091571522534,51.577949957580614],[-0.39803012787303704,51.577981734176724],[-0.39776771942506434,51.57802458558463]]},"properties":{"id":"940GZZLURSM-940GZZLUEAE-Metropolitan","source":"940GZZLURSM","target":"940GZZLUEAE","sourceName":"Ruislip Manor","targetName":"Eastcote","line":"Metropolitan","colour":"#9B0056","color":"#9B0056","traffic":0.0673,"off9":0.0,"off12":0.0,"off14":0.0},"id":474},{"type":"Feature","geometry":{"type":"LineString","coordinates":[[-0.4132252863468964,51.573887996123936],[-0.4133864136909166,51.57385201515984],[-0.41769778755067793,51.57289193568642],[-0.4180825314740807,51.572807639279716],[-0.4184486611663329,51.572735741873764],[-0.41881503568603795,51.57267576523597],[-0.4192133700593763,51.572616911407955],[-0.4196892034150397,51.57254485947798],[-0.4201663708097757,51.57246213607247],[-0.4205409186900279,51.572384204307966],[-0.4207907814254579,51.57233069525866],[-0.42161643793104403,51.572147527216956],[-0.422157955390293,51.572026772594256]]},"properties":{"id":"940GZZLURSM-940GZZLURSP-Piccadilly","source":"940GZZLURSM","target":"940GZZLURSP","sourceName":"Ruislip Manor","targetName":"Ruislip","line":"Piccadilly","colour":"#003688","color":"#003688","traffic":0.0448,"off9":0.0,"off12":0.0,"off14":0.0},"id":475},{"type":"Feature","geometry":{"type":"LineString","coordinates":[[-0.41348740814747464,51.57461806860764],[-0.41364822738183316,51.574582130319676],[-0.4179550751013559,51.573622671372846],[-0.4183214629481614,51.573540778559426],[-0.41865602233266574,51.57347258374754],[-0.41899767137207583,51.57341513047194],[-0.4193923401187527,51.57335662281591],[-0.4198860068300793,51.57328281895596],[-0.42039724161955144,51.57319627214493],[-0.42079323738005586,51.573115608615936],[-0.4210483628509158,51.573061390517324],[-0.42187887586208805,51.57287755443391],[-0.42243044641074917,51.57275537545619]]},"properties":{"id":"940GZZLURSM-940GZZLURSP-Metropolitan","source":"940GZZLURSM","target":"940GZZLURSP","sourceName":"Ruislip Manor","targetName":"Ruislip","line":"Metropolitan","colour":"#9B0056","color":"#9B0056","traffic":0.0448,"off9":0.0,"off12":0.0,"off14":0.0},"id":476},{"type":"Feature","geometry":{"type":"LineString","coordinates":[[-0.1702600846894059,51.520502998257896],[-0.170304,51.5204793],[-0.170525,51.5203447],[-0.1706483,51.520256],[-0.1708245,51.5201292],[-0.170964,51.5199769],[-0.1710324,51.5198593],[-0.1710754,51.5197573],[-0.1712161,51.5193519],[-0.1715582,51.5183501],[-0.1716716,51.5181578],[-0.1717443,51.5180413],[-0.1718739,51.5178336],[-0.1720769,51.5175834],[-0.1723707,51.5172521],[-0.1726763,51.5169074],[-0.1733032,51.5164203],[-0.1737527,51.5162351],[-0.1741996,51.5161168],[-0.1744207,51.5160917],[-0.1746183,51.5160829],[-0.1748398,51.5161068],[-0.1750716,51.5161945],[-0.1754608,51.5163981],[-0.17570580789451923,51.51655470393812]]},"properties":{"id":"940GZZLUERB-940GZZLUPAC-Bakerloo","source":"940GZZLUERB","target":"940GZZLUPAC","sourceName":"Edgware Road Bakerloo","targetName":"Paddington","line":"Bakerloo","colour":"#B36305","color":"#B36305","traffic":0.1936,"off9":0.0,"off12":0.0,"off14":0.0},"id":477},{"type":"Feature","geometry":{"type":"LineString","coordinates":[[-0.17023423462545434,51.52045797252866],[-0.1700213,51.5205708],[-0.16981,51.5206729],[-0.1695545,51.5207839],[-0.1692393,51.5209072],[-0.1683908,51.5211943],[-0.1681969,51.5212546],[-0.1679369,51.5213355],[-0.1652279,51.5221602],[-0.1648717,51.5222166],[-0.1645876,51.5222295],[-0.164229,51.5222208],[-0.1638262,51.5222253],[-0.1635969,51.5222403],[-0.1632216,51.522276],[-0.16320355782568113,51.52227739223077]]},"properties":{"id":"940GZZLUERB-940GZZLUMYB-Bakerloo","source":"940GZZLUERB","target":"940GZZLUMYB","sourceName":"Edgware Road Bakerloo","targetName":"Marylebone","line":"Bakerloo","colour":"#B36305","color":"#B36305","traffic":0.3387,"off9":0.0,"off12":0.0,"off14":0.0},"id":478},{"type":"Feature","geometry":{"type":"LineString","coordinates":[[-0.10607052915291952,51.48844223412772],[-0.1057708,51.4887485],[-0.1056579,51.4888661],[-0.1056206,51.488905],[-0.1055447,51.4889988],[-0.1055079,51.4890443],[-0.1054472,51.4891727],[-0.1052972,51.489403],[-0.1052184,51.4896087],[-0.1051733,51.4898712],[-0.1051753,51.4901004],[-0.1052605,51.4903572],[-0.1053524,51.4906177],[-0.1054517,51.4907252],[-0.1056522,51.491009],[-0.1061327,51.4916694],[-0.1064562,51.4921404],[-0.1068951,51.4927722],[-0.1074809,51.4935865],[-0.1078298,51.4940658],[-0.1080406,51.4943656],[-0.1082056,51.4946453],[-0.108416,51.4949609],[-0.1089651,51.4956802],[-0.1095656,51.4965194],[-0.1098895,51.4969648],[-0.110008,51.4971434],[-0.1109312,51.4985498],[-0.111681,51.4995214],[-0.1117534,51.4996152],[-0.1119076,51.4999004],[-0.112116,51.5001764],[-0.1123887,51.5005269],[-0.1126544,51.5008708],[-0.1128607,51.5010988],[-0.1133096,51.5017264],[-0.11449838440377581,51.50348894173167]]},"properties":{"id":"940GZZLUKNG-940GZZLUWLO-Northern","source":"940GZZLUKNG","target":"940GZZLUWLO","sourceName":"Kennington","targetName":"Waterloo","line":"Northern","colour":"#000000","color":"#000000","traffic":0.1945,"off9":0.0,"off12":0.0,"off14":0.0},"id":479},{"type":"Feature","geometry":{"type":"LineString","coordinates":[[-0.10598598054847157,51.48835928148586],[-0.1056501,51.4887057],[-0.1052639,51.4891335],[-0.1045075,51.4899406],[-0.1031577,51.4912847],[-0.1027231,51.4916481],[-0.1019344,51.4922305],[-0.1012656,51.4927172],[-0.1010434,51.4929824],[-0.1008995,51.4931995],[-0.1008416,51.4933216],[-0.1007545,51.4938824],[-0.1006439,51.4944787],[-0.10063263558434163,51.49454082919941]]},"properties":{"id":"940GZZLUKNG-940GZZLUEAC-Northern","source":"940GZZLUKNG","target":"940GZZLUEAC","sourceName":"Kennington","targetName":"Elephant  Castle","line":"Northern","colour":"#000000","color":"#000000","traffic":0.5301,"off9":0.0,"off12":0.0,"off14":0.0},"id":480},{"type":"Feature","geometry":{"type":"LineString","coordinates":[[-0.1064414,51.4875283],[-0.1066219,51.4872779],[-0.1066988,51.4871647],[-0.1067937,51.4869276],[-0.1068521,51.4866532],[-0.1069082,51.4860502],[-0.1068851,51.4858756],[-0.1068828,51.4856555],[-0.106897,51.4854737],[-0.1069332,51.4852642],[-0.1069838,51.4850639],[-0.1071171,51.4847411],[-0.1073985,51.4842568],[-0.1076509,51.4839253],[-0.1081129,51.4834575],[-0.1084231,51.4832198],[-0.1090111,51.4828367],[-0.1095988,51.4825342],[-0.1101179,51.482312],[-0.1107649,51.482111],[-0.1111699,51.4820031],[-0.1115785,51.4819106],[-0.1122758,51.4817731],[-0.11241864639405405,51.48174532431227]]},"properties":{"id":"940GZZLUKNG-940GZZLUOVL-Northern","source":"940GZZLUKNG","target":"940GZZLUOVL","sourceName":"Kennington","targetName":"Oval","line":"Northern","colour":"#000000","color":"#000000","traffic":0.1658,"off9":0.0,"off12":0.0,"off14":0.0},"id":481},{"type":"Feature","geometry":{"type":"LineString","coordinates":[[-0.11228283585173261,51.49888549118229],[-0.1123879,51.4989291],[-0.1123924,51.498931],[-0.1124003,51.4989343],[-0.1124045,51.4989361],[-0.1128887,51.4991418],[-0.1129515,51.4991705],[-0.113363,51.4993587],[-0.1143601,51.4998147],[-0.1145654,51.499908],[-0.1149042,51.5000621],[-0.1150437,51.5002409],[-0.1150919,51.5003748],[-0.1151188,51.5005264],[-0.1151349,51.5006794],[-0.1151215,51.5008993],[-0.1148452,51.5026457],[-0.1148184,51.5029231],[-0.114813,51.5031525],[-0.1148488788040206,51.50327954845155]]},"properties":{"id":"940GZZLULBN-940GZZLUWLO-Bakerloo","source":"940GZZLULBN","target":"940GZZLUWLO","sourceName":"Lambeth North","targetName":"Waterloo","line":"Bakerloo","colour":"#B36305","color":"#B36305","traffic":0.1007,"off9":0.0,"off12":0.0,"off14":0.0},"id":482},{"type":"Feature","geometry":{"type":"LineString","coordinates":[[-0.11232174704710159,51.49879446643014],[-0.1120769,51.4986724],[-0.1117732,51.4985652],[-0.1112044,51.4984078],[-0.1109182,51.4983451],[-0.1106347,51.4983043],[-0.110324,51.4982845],[-0.109884,51.4982617],[-0.1093909,51.4982761],[-0.1060327,51.4985151],[-0.1055446,51.4985305],[-0.1050725,51.4984939],[-0.1046487,51.4983825],[-0.1042257,51.4981616],[-0.1022601,51.4966234],[-0.1019912,51.4964129],[-0.1016865,51.4961745],[-0.1014943,51.4959813],[-0.1014045,51.4958972],[-0.1013036,51.4958111],[-0.101227,51.4957494],[-0.1011647,51.4957022],[-0.1010014,51.4955783],[-0.1007703,51.4954111],[-0.1004431,51.4951963],[-0.100293,51.4950557],[-0.1001831,51.494922],[-0.1001577763893932,51.494889929673526]]},"properties":{"id":"940GZZLULBN-940GZZLUEAC-Bakerloo","source":"940GZZLULBN","target":"940GZZLUEAC","sourceName":"Lambeth North","targetName":"Elephant  Castle","line":"Bakerloo","colour":"#B36305","color":"#B36305","traffic":0.036,"off9":0.0,"off12":0.0,"off14":0.0},"id":483},{"type":"Feature","geometry":{"type":"LineString","coordinates":[[0.21934618086613034,51.553366348498194],[0.21987700386908243,51.55347083258495],[0.22050831580683888,51.55359014284102],[0.22131305467641033,51.553740463420326],[0.2219503963131679,51.553867954158875],[0.22474550856190706,51.554473486624715],[0.22571306499989033,51.55467916770756],[0.22667302006856038,51.55489915393395],[0.22763367027414605,51.55513751554921],[0.2285871814567934,51.55539755872624],[0.22949068882179638,51.55567264393488],[0.23013611329402336,51.555873870597175],[0.23099785552888882,51.556149494635456],[0.23150384936875296,51.55632032669273],[0.23199877167793942,51.556501225623556],[0.23305268507257929,51.556909846772086],[0.23357863073531313,51.557115497196925],[0.23401829384189426,51.55727600232115],[0.23421696326463828,51.55734505520465],[0.23443908442831685,51.55741874912128],[0.2348660006970232,51.55755265220422],[0.2352994943022885,51.55767817556181],[0.23573007889950007,51.5577916658006],[0.23583546030930785,51.55781575853349],[0.2359407042414574,51.557838258632685],[0.23602083238732469,51.55785629393566],[0.23603771620242237,51.55785967219139]]},"properties":{"id":"940GZZLUHCH-940GZZLUUPB-District","source":"940GZZLUHCH","target":"940GZZLUUPB","sourceName":"Hornchurch","targetName":"Upminster Bridge","line":"District","colour":"#00782A","color":"#00782A","traffic":0.0168,"off9":0.0,"off12":0.0,"off14":0.0},"id":484},{"type":"Feature","geometry":{"type":"LineString","coordinates":[[0.21888604958331107,51.554803864495526],[0.2185774669225664,51.554743144362234],[0.21695945783691112,51.5543988012081],[0.21557342931238838,51.55410012336094],[0.21495636676910768,51.55396729649019],[0.20981486581312586,51.552830199252185],[0.205641559690943,51.55190887354996],[0.20476280608746247,51.55170730558515],[0.2022187487414696,51.55114841826887],[0.20152696629943367,51.55100777593505],[0.20090311361083185,51.55088884031075],[0.1996289647826156,51.550665128724965],[0.1984450669189606,51.550461677729324]]},"properties":{"id":"940GZZLUHCH-940GZZLUEPK-District","source":"940GZZLUHCH","target":"940GZZLUEPK","sourceName":"Hornchurch","targetName":"Elm Park","line":"District","colour":"#00782A","color":"#00782A","traffic":0.0375,"off9":0.0,"off12":0.0,"off14":0.0},"id":485},{"type":"Feature","geometry":{"type":"LineString","coordinates":[[-0.12482789928469881,51.500984530852335],[-0.1254363,51.5009245],[-0.1258332,51.5008842],[-0.1266341,51.5008398],[-0.1271941,51.5008303],[-0.1277449,51.5008963],[-0.1283501,51.5010489],[-0.1294039,51.50146],[-0.130501,51.5020742],[-0.1312252,51.502525],[-0.1318295,51.5030936],[-0.132038,51.5033689],[-0.1322055,51.5036846],[-0.1324774,51.504263],[-0.1327444,51.5046768],[-0.1330617,51.5050651],[-0.1334733,51.5054277],[-0.1343496,51.505944],[-0.134988,51.5061164],[-0.1357093,51.5062507],[-0.1362489,51.5063125],[-0.1367674,51.5063404],[-0.1372442,51.5063565],[-0.1379658,51.5063137],[-0.1390546,51.5062475],[-0.1401175,51.5062958],[-0.1413994,51.5063441],[-0.1425673,51.5064165],[-0.14281719561239187,51.50643112715298]]},"properties":{"id":"940GZZLUWSM-940GZZLUGPK-Jubilee","source":"940GZZLUWSM","target":"940GZZLUGPK","sourceName":"Westminster","targetName":"Green Park","line":"Jubilee","colour":"#A0A5A9","color":"#A0A5A9","traffic":0.5624,"off9":0.0,"off12":0.0,"off14":0.0},"id":486},{"type":"Feature","geometry":{"type":"LineString","coordinates":[[-0.12482547941319078,51.500985264381825],[-0.1246885,51.5009998],[-0.1241912,51.5010596],[-0.1237664,51.5011071],[-0.1233788,51.5011433],[-0.1231063,51.5011619],[-0.1229071,51.5011782],[-0.1224857,51.5012241],[-0.121473,51.5013445],[-0.120557,51.5015174],[-0.118564,51.501972],[-0.1179452,51.5021151],[-0.1173204,51.5022857],[-0.1161551,51.5026128],[-0.1155481,51.5027625],[-0.11469858796367824,51.502977858055985]]},"properties":{"id":"940GZZLUWSM-940GZZLUWLO-Jubilee","source":"940GZZLUWSM","target":"940GZZLUWLO","sourceName":"Westminster","targetName":"Waterloo","line":"Jubilee","colour":"#A0A5A9","color":"#A0A5A9","traffic":0.4924,"off9":0.0,"off12":0.0,"off14":0.0},"id":487},{"type":"Feature","geometry":{"type":"LineString","coordinates":[[-0.1261422423909159,51.502575464369485],[-0.12622138018757176,51.50251230923177],[-0.12630263272679254,51.5024420626068],[-0.1263156666309723,51.50240999152542],[-0.12642383514528585,51.50235353630815],[-0.12668609509324008,51.50224243570905],[-0.12755607248346834,51.501922794529186],[-0.12845611936267812,51.501596722571044],[-0.12879960955139844,51.501468151234896],[-0.12898980266494764,51.50139470621104],[-0.12912483854256457,51.50133316269571],[-0.12922789455318026,51.50129561733346],[-0.1293461825508371,51.50126518494412],[-0.12943372223567598,51.501240322447934],[-0.12962641749630738,51.50120690025623],[-0.12970272607028843,51.5011950919827],[-0.12979262968072142,51.501188935351784],[-0.13005403128263807,51.50117925623962],[-0.13031497552123958,51.50117954974167],[-0.13153334911819609,51.501207876622054],[-0.1321738497802371,51.50120622539817],[-0.13258566308181907,51.501193540408025],[-0.132871219265199,51.50118239918589],[-0.13315198914213744,51.5011577469829],[-0.1334905005803908,51.50112402364871],[-0.13392439237342044,51.501056724687864],[-0.13422277069174135,51.5009926774913],[-0.1342418732980191,51.50098779144769]]},"properties":{"id":"940GZZLUWSM-940GZZLUSJP-Circle","source":"940GZZLUWSM","target":"940GZZLUSJP","sourceName":"Westminster","targetName":"St Jamess Park","line":"Circle","colour":"#FFD300","color":"#FFD300","traffic":0.3693,"off9":0.0,"off12":0.0,"off14":0.0},"id":488},{"type":"Feature","geometry":{"type":"LineString","coordinates":[[-0.1254990178816045,51.50194362414964],[-0.12560414009378587,51.50187050461588],[-0.12574216636339633,51.5017803813034],[-0.12582363331548613,51.501727545762705],[-0.12597491757264292,51.501659668154076],[-0.12625934754662005,51.50154316785453],[-0.12714588624173423,51.50121969726459],[-0.12804050968133907,51.50089486128552],[-0.1283851547756992,51.50076602561745],[-0.12859225133247387,51.50068880310552],[-0.12878386927128227,51.500615881347855],[-0.12895209727659013,51.50056755866673],[-0.12909909127541852,51.50053314247206],[-0.129230111117838,51.50050311122397],[-0.12948125874815372,51.50046435012811],[-0.12960996303514422,51.50044929599135],[-0.12974026484036072,51.50044161767589],[-0.13003436564131904,51.50043132811981],[-0.13032933776061978,51.50043157487083],[-0.13154577455909802,51.50045988831103],[-0.13215272489011856,51.50045831269909],[-0.13254138154090955,51.50044602020401],[-0.1327861096325995,51.50043624959295],[-0.13302704457106873,51.50041377349145],[-0.13331835029019543,51.50038371182435],[-0.1336684461867102,51.500325862343935],[-0.13390848534587066,51.50027068874565],[-0.13392503423066582,51.50026623538595]]},"properties":{"id":"940GZZLUWSM-940GZZLUSJP-District","source":"940GZZLUWSM","target":"940GZZLUSJP","sourceName":"Westminster","targetName":"St Jamess Park","line":"District","colour":"#00782A","color":"#00782A","traffic":0.3693,"off9":0.0,"off12":0.0,"off14":0.0},"id":489},{"type":"Feature","geometry":{"type":"LineString","coordinates":[[-0.12363597181496827,51.50005678791726],[-0.12357562605841331,51.50008993399671],[-0.1234409452874158,51.50016636128119],[-0.12331233596326853,51.50023492019511],[-0.12305758883764575,51.5003848475076],[-0.1227756529499027,51.500567429443635],[-0.12264559266947372,51.500663195868036],[-0.12253286281843655,51.500760372598684],[-0.12235802307632314,51.50090782121126],[-0.12222967839133828,51.501038215414574],[-0.12213064915591058,51.501143424151586],[-0.12202203523634685,51.501268824933035],[-0.121838209672415,51.501503455335815],[-0.12163144837017224,51.50182547553121],[-0.12148285587814499,51.50219544441432],[-0.12127684319996201,51.50295833641727],[-0.12110631934396449,51.503723176663705],[-0.12099888719973909,51.50412033592198],[-0.12089011501621717,51.504461367025684],[-0.12068601407303034,51.505132194405704],[-0.12063596959941239,51.5055762907532],[-0.1206272698690252,51.50581300642948],[-0.12064150206163615,51.50585783891479],[-0.12070077855803946,51.50582420473962],[-0.12067315215924919,51.50591243455463],[-0.12061409349005635,51.50605815564484],[-0.12059143839794047,51.5061753510527]]},"properties":{"id":"940GZZLUWSM-940GZZLUEMB-Circle","source":"940GZZLUWSM","target":"940GZZLUEMB","sourceName":"Westminster","targetName":"Embankment","line":"Circle","colour":"#FFD300","color":"#FFD300","traffic":0.3671,"off9":0.0,"off12":0.0,"off14":0.0},"id":490},{"type":"Feature","geometry":{"type":"LineString","coordinates":[[-0.12425429997815843,51.50069818711613],[-0.12420011302920665,51.500729016998356],[-0.1240811726437079,51.50079938064059],[-0.12397951798163426,51.50085706009755],[-0.12378284441882287,51.5009812737538],[-0.12357687647495136,51.501124914721814],[-0.12348634633473686,51.50119764793401],[-0.12339783140921827,51.50127963629934],[-0.12327146153816157,51.501393860605624],[-0.12317828919566913,51.501497407707284],[-0.1231004745779553,51.501585112075794],[-0.12302236761817342,51.50168331246652],[-0.12288620483620749,51.50186947766791],[-0.12274862418508613,51.502101037765605],[-0.12263852793907248,51.50240047220716],[-0.12244457159998101,51.503134968208634],[-0.12226915967198225,51.50391193833185],[-0.12214869359986955,51.50433786796099],[-0.1220421575081086,51.50467428351284],[-0.12187020703651516,51.50525964720285],[-0.1218351347997062,51.505625545376596],[-0.1218211849345126,51.50589845321474],[-0.12180905103081807,51.5060351194574],[-0.12180708927901973,51.506116402369805],[-0.12174507607962459,51.506250667277314],[-0.12167329674502818,51.50641157782242],[-0.12158936919897023,51.50659217552634]]},"properties":{"id":"940GZZLUWSM-940GZZLUEMB-District","source":"940GZZLUWSM","target":"940GZZLUEMB","sourceName":"Westminster","targetName":"Embankment","line":"District","colour":"#00782A","color":"#00782A","traffic":0.3671,"off9":0.0,"off12":0.0,"off14":0.0},"id":491},{"type":"Feature","geometry":{"type":"LineString","coordinates":[[0.1131803,51.6927845],[0.112972,51.6925396],[0.1127632,51.6922826],[0.1122732,51.6916869],[0.1121447,51.6914917],[0.112094,51.6914146],[0.1119352,51.691136],[0.1116214,51.6905976],[0.1113899,51.6901423],[0.1111275,51.6894704],[0.1104133,51.6878354],[0.1103523,51.6877061],[0.1093155,51.6853653],[0.1076489,51.6816311],[0.1067782,51.679704],[0.1054036,51.6765629],[0.1038136,51.6729169],[0.1037198,51.672731],[0.1036625,51.6726076],[0.1036017,51.6724641],[0.1034105,51.6720343],[0.1033846,51.6719762],[0.1033714,51.6719465],[0.1033581,51.6719165],[0.103346,51.6718893],[0.1033338,51.6718619],[0.1033209,51.6718347],[0.1033152,51.6718201],[0.1033117,51.6718129],[0.1033084,51.6718049],[0.103289,51.67176],[0.1032708,51.6717195],[0.10325397168960267,51.671682385507204]]},"properties":{"id":"940GZZLUEPG-940GZZLUTHB-Central","source":"940GZZLUEPG","target":"940GZZLUTHB","sourceName":"Epping","targetName":"Theydon Bois","line":"Central","colour":"#E32017","color":"#E32017","traffic":0.0408,"off9":0.0,"off12":0.0,"off14":0.0},"id":492},{"type":"Feature","geometry":{"type":"LineString","coordinates":[[-0.1349969773748072,51.524205390573485],[-0.1344007661999388,51.52442577044167],[-0.13366879771524753,51.524702899974336],[-0.13309062767908994,51.52489647028773],[-0.13050237305263498,51.52573604730592],[-0.1289002400796316,51.526302911657666],[-0.1286702773505056,51.526387878714644],[-0.12649159253497197,51.52723416580314],[-0.12563966745739574,51.527563353563025],[-0.1252635235725007,51.52770768774808],[-0.1249844260804421,51.527865116031805],[-0.12485862570947281,51.52796206394559],[-0.1244351961107778,51.52813820026409],[-0.12386366954682212,51.528366058530814],[-0.12349207767380942,51.52850197612728],[-0.12315603828766852,51.52860382590409],[-0.12280533859379525,51.5287107542055],[-0.12270165975513879,51.528756116402114],[-0.122492173036259,51.5288240286968],[-0.12214119875547551,51.528954441785615]]},"properties":{"id":"940GZZLUESQ-940GZZLUKSX-Circle","source":"940GZZLUESQ","target":"940GZZLUKSX","sourceName":"Euston Square","targetName":"Kings Cross St Pancras","line":"Circle","colour":"#FFD300","color":"#FFD300","traffic":0.206,"off9":0.0,"off12":0.0,"off14":0.0},"id":493},{"type":"Feature","geometry":{"type":"LineString","coordinates":[[-0.13583071564686938,51.525608641175346],[-0.1352346,51.525829],[-0.1344584,51.526116],[-0.1338357,51.5263189],[-0.1312815,51.5271514],[-0.1297425,51.5277042],[-0.1295419,51.5277822],[-0.1273714,51.5286265],[-0.1265845,51.5289391],[-0.1263801,51.5290327],[-0.1261333,51.5291794],[-0.1258254,51.5293319],[-0.1253003,51.5295341],[-0.1246817,51.5297729],[-0.1242273,51.5299264],[-0.123896,51.5300273],[-0.1236504,51.5301114],[-0.1235301,51.5301606],[-0.1233246,51.5302276],[-0.12305939295118894,51.53033715864883]]},"properties":{"id":"940GZZLUESQ-940GZZLUKSX-Hammersmith & City","source":"940GZZLUESQ","target":"940GZZLUKSX","sourceName":"Euston Square","targetName":"Kings Cross St Pancras","line":"Hammersmith & City","colour":"#F3A9BB","color":"#F3A9BB","traffic":0.206,"off9":0.0,"off12":0.0,"off14":0.0},"id":494},{"type":"Feature","geometry":{"type":"LineString","coordinates":[[-0.13666445391893153,51.52701189177721],[-0.13606843380006123,51.52723222955834],[-0.13524800228475248,51.52752910002567],[-0.13458077232091015,51.52774132971227],[-0.13206062694736512,51.52856675269408],[-0.13058475992036842,51.52910548834234],[-0.1304135226494945,51.52917652128535],[-0.12825120746502813,51.530018834196866],[-0.12752933254260423,51.53031484643698],[-0.1274966764274993,51.53035771225193],[-0.1272821739195579,51.53049368396819],[-0.1267921742905272,51.53070173605442],[-0.1261654038892222,51.53092999973591],[-0.1254997304531779,51.53117974146918],[-0.12496252232619058,51.53135082387272],[-0.12463596171233149,51.53145077409591],[-0.12449546140620474,51.53151204579451],[-0.12435854024486122,51.53156508359789],[-0.12415702696374101,51.531631171303204],[-0.12397758714690237,51.53171987551204]]},"properties":{"id":"940GZZLUESQ-940GZZLUKSX-Metropolitan","source":"940GZZLUESQ","target":"940GZZLUKSX","sourceName":"Euston Square","targetName":"Kings Cross St Pancras","line":"Metropolitan","colour":"#9B0056","color":"#9B0056","traffic":0.206,"off9":0.0,"off12":0.0,"off14":0.0},"id":495},{"type":"Feature","geometry":{"type":"LineString","coordinates":[[-0.1349969773748072,51.524205390573485],[-0.13522077301496555,51.524129326532226],[-0.13548182532849468,51.52405419147058],[-0.13573200772350721,51.52398851193955],[-0.1388191235115537,51.52318957269268],[-0.1412857283742763,51.52264023010651],[-0.1419848008300218,51.52249709261881],[-0.14237924583554562,51.52243433192235],[-0.1425571278717939,51.52241160369671],[-0.1426959624009956,51.52239439319592],[-0.14283692198256226,51.5223791277466],[-0.14291610408014946,51.5223715294098],[-0.14306481390236067,51.52235899137216],[-0.14321090504516243,51.52234881313898],[-0.14342862344055682,51.52233814492146],[-0.14360081184747128,51.522333439795574],[-0.1437246789634001,51.52233013796882],[-0.14386289186044426,51.52232784272407],[-0.1439839460668333,51.522327144671074],[-0.14412139631541362,51.522328399150595],[-0.14428363250594997,51.52233122485357],[-0.14434287166310425,51.522333190627]]},"properties":{"id":"940GZZLUESQ-940GZZLUGPS-Circle","source":"940GZZLUESQ","target":"940GZZLUGPS","sourceName":"Euston Square","targetName":"Great Portland Street","line":"Circle","colour":"#FFD300","color":"#FFD300","traffic":0.1784,"off9":0.0,"off12":0.0,"off14":0.0},"id":496},{"type":"Feature","geometry":{"type":"LineString","coordinates":[[-0.13583071564686938,51.525608641175346],[-0.1360091,51.5255427],[-0.1361905,51.5254838],[-0.1363732,51.5254304],[-0.1393864,51.5246434],[-0.1417983,51.5241019],[-0.1424383,51.5239663],[-0.142751,51.5239124],[-0.1428825,51.5238939],[-0.142998,51.5238786],[-0.1431015,51.5238661],[-0.1431611,51.5238598],[-0.1432717,51.5238495],[-0.1433722,51.5238415],[-0.1435289,51.5238329],[-0.1436687,51.5238289],[-0.1437799,51.5238258],[-0.1438906,51.5238238],[-0.1439808,51.5238232],[-0.1440867,51.5238243],[-0.1442166,51.5238267],[-0.14426243238948555,51.52382840985256]]},"properties":{"id":"940GZZLUESQ-940GZZLUGPS-Hammersmith & City","source":"940GZZLUESQ","target":"940GZZLUGPS","sourceName":"Euston Square","targetName":"Great Portland Street","line":"Hammersmith & City","colour":"#F3A9BB","color":"#F3A9BB","traffic":0.1784,"off9":0.0,"off12":0.0,"off14":0.0},"id":497},{"type":"Feature","geometry":{"type":"LineString","coordinates":[[-0.13666445391893153,51.52701189177721],[-0.13679742698503444,51.52695607346778],[-0.1368991746715053,51.526913408529424],[-0.13701439227649279,51.526872288060446],[-0.13995367648844628,51.526097227307325],[-0.14231087162572367,51.525563569893485],[-0.14289179916997818,51.52543550738118],[-0.14312275416445436,51.52539046807765],[-0.1432078721282061,51.525376196303284],[-0.14330003759900437,51.52536280680409],[-0.14336607801743773,51.525353072253395],[-0.14340609591985057,51.52534807059019],[-0.14347858609763933,51.525340008627836],[-0.14353349495483758,51.52533418686102],[-0.14362917655944316,51.52532765507854],[-0.14373658815252874,51.52532436020442],[-0.14383512103659987,51.52532146203117],[-0.14391830813955575,51.52531975727594],[-0.1439776539331667,51.52531925532893],[-0.1440520036845864,51.52532020084941],[-0.14414956749405003,51.52532217514643],[-0.14418199311586685,51.52532362907812]]},"properties":{"id":"940GZZLUESQ-940GZZLUGPS-Metropolitan","source":"940GZZLUESQ","target":"940GZZLUGPS","sourceName":"Euston Square","targetName":"Great Portland Street","line":"Metropolitan","colour":"#9B0056","color":"#9B0056","traffic":0.1784,"off9":0.0,"off12":0.0,"off14":0.0},"id":498},{"type":"Feature","geometry":{"type":"LineString","coordinates":[[-0.13836956143146337,51.52501133497756],[-0.1386048,51.524822],[-0.1390144,51.5245087],[-0.1395405,51.5240272],[-0.1401454,51.5235041],[-0.1405801,51.5231016],[-0.140785,51.5228873],[-0.141236,51.5224157],[-0.1413995,51.5221922],[-0.1415645,51.5219021],[-0.1416575,51.5216595],[-0.1417923,51.5214247],[-0.1419183,51.5211797],[-0.1420719,51.5207431],[-0.14222,51.5202818],[-0.1423126,51.5198978],[-0.1422086,51.5186879],[-0.142227,51.5176523],[-0.1421951,51.5171332],[-0.1420837,51.516644],[-0.1418921,51.5160712],[-0.1417687,51.5156576],[-0.14166232205513007,51.51529451461164]]},"properties":{"id":"940GZZLUWRR-940GZZLUOXC-Victoria","source":"940GZZLUWRR","target":"940GZZLUOXC","sourceName":"Warren Street","targetName":"Oxford Circus","line":"Victoria","colour":"#0098D4","color":"#0098D4","traffic":0.9444,"off9":0.0,"off12":0.0,"off14":0.0},"id":499},{"type":"Feature","geometry":{"type":"LineString","coordinates":[[-0.13830850375293516,51.524936966443526],[-0.1372745,51.5258577],[-0.1368105,51.5262123],[-0.1363962,51.5265421],[-0.1357967,51.5268952],[-0.1355746,51.5270204],[-0.1353419,51.5271367],[-0.134407,51.52763],[-0.1343977,51.527635],[-0.1339879,51.5278552],[-0.1336345,51.5280167],[-0.1332093,51.5282074],[-0.1328103,51.5283627],[-0.1322216,51.5285438],[-0.13220479369508756,51.52854887229762]]},"properties":{"id":"940GZZLUWRR-940GZZLUEUS-Victoria","source":"940GZZLUWRR","target":"940GZZLUEUS","sourceName":"Warren Street","targetName":"Euston","line":"Victoria","colour":"#0098D4","color":"#0098D4","traffic":0.1253,"off9":0.0,"off12":0.0,"off14":0.0},"id":500},{"type":"Feature","geometry":{"type":"LineString","coordinates":[[-0.1380075758164275,51.52511115310906],[-0.1382985,51.5256805],[-0.1383486,51.5258664],[-0.1383644,51.5260668],[-0.1383218,51.5262354],[-0.1382252,51.5263727],[-0.1380724,51.526495],[-0.1379517,51.526561],[-0.1377977,51.5266263],[-0.1374375,51.526765],[-0.1351946,51.5276434],[-0.1346552,51.5278761],[-0.134245,51.5281005],[-0.1340079,51.5282784],[-0.1338263,51.5285354],[-0.1337292,51.528765]]},"properties":{"id":"940GZZLUWRR-940GZZLUEUS-Northern","source":"940GZZLUWRR","target":"940GZZLUEUS","sourceName":"Warren Street","targetName":"Euston","line":"Northern","colour":"#000000","color":"#000000","traffic":0.1253,"off9":0.0,"off12":0.0,"off14":0.0},"id":501},{"type":"Feature","geometry":{"type":"LineString","coordinates":[[-0.13827580257923663,51.524976582272934],[-0.1380159,51.5245174],[-0.1373356,51.5236732],[-0.1366273,51.5228698],[-0.13440151927694222,51.520559955371446]]},"properties":{"id":"940GZZLUWRR-940GZZLUGDG-Northern","source":"940GZZLUWRR","target":"940GZZLUGDG","sourceName":"Warren Street","targetName":"Goodge Street","line":"Northern","colour":"#000000","color":"#000000","traffic":0.3603,"off9":0.0,"off12":0.0,"off14":0.0},"id":502},{"type":"Feature","geometry":{"type":"LineString","coordinates":[[0.09351315889032645,51.60364968294608],[0.0935509,51.6037759],[0.0935583,51.6038005],[0.0936088,51.603962],[0.0936565,51.6041204],[0.093676,51.6041855],[0.0937298,51.6043669],[0.0937905,51.6045714],[0.0938543,51.6047819],[0.0939665,51.6051353],[0.0941276,51.6056641],[0.0943115,51.6062729],[0.0944595,51.6067645],[0.0945976,51.6072049],[0.0946851,51.6074989],[0.094834,51.6080065],[0.0949422,51.608335],[0.0950768,51.6088312],[0.0950997,51.6089624],[0.0951221,51.6091955],[0.09512,51.6094286],[0.0951087,51.6096253],[0.0950824,51.6097847],[0.0950325,51.6099753],[0.0949619,51.610194],[0.094876,51.6103868],[0.0947824,51.6105553],[0.0946394,51.6107782],[0.0944222,51.6110759],[0.0941802,51.611394],[0.0938475,51.6118305],[0.0937491,51.6119568],[0.0935082,51.6122584],[0.0934263,51.6123582],[0.0933254,51.6124677],[0.0931688,51.6126288],[0.0930003,51.6127825],[0.0928237,51.6129213],[0.0926644,51.613037],[0.0925138,51.61314],[0.092361,51.6132359],[0.0922067,51.6133258],[0.09207459262262575,51.613394518761595]]},"properties":{"id":"940GZZLUHLT-940GZZLUGGH-Central","source":"940GZZLUHLT","target":"940GZZLUGGH","sourceName":"Hainault","targetName":"Grange Hill","line":"Central","colour":"#E32017","color":"#E32017","traffic":0.0038,"off9":0.0,"off12":0.0,"off14":0.0},"id":503},{"type":"Feature","geometry":{"type":"LineString","coordinates":[[0.09351315889032645,51.60364968294608],[0.0934109,51.6033077],[0.0931632,51.6025043],[0.0929773,51.6018909],[0.092938,51.6017594],[0.0928029,51.6013201],[0.0926747,51.6009226],[0.0926305,51.600776],[0.0922099,51.599474],[0.0916767,51.5977117],[0.0911132,51.5959492],[0.09100954559193132,51.59561627341799]]},"properties":{"id":"940GZZLUHLT-940GZZLUFLP-Central","source":"940GZZLUHLT","target":"940GZZLUFLP","sourceName":"Hainault","targetName":"Fairlop","line":"Central","colour":"#E32017","color":"#E32017","traffic":0.0443,"off9":0.0,"off12":0.0,"off14":0.0},"id":504},{"type":"Feature","geometry":{"type":"LineString","coordinates":[[-0.18831062100920304,51.60940238528029],[-0.1882772,51.6094751],[-0.1881731,51.6097621],[-0.1880066,51.6103624],[-0.1869801,51.6135369],[-0.1868707,51.6138556],[-0.1861961,51.6159196],[-0.1861459,51.6160805],[-0.1859168,51.6167341],[-0.1857122,51.6173592],[-0.185563,51.617782],[-0.18546119421834975,51.61803085258597]]},"properties":{"id":"940GZZLUWFN-940GZZLUWOP-Northern","source":"940GZZLUWFN","target":"940GZZLUWOP","sourceName":"West Finchley","targetName":"Woodside Park","line":"Northern","colour":"#000000","color":"#000000","traffic":0.0286,"off9":0.0,"off12":0.0,"off14":0.0},"id":505},{"type":"Feature","geometry":{"type":"LineString","coordinates":[[-0.18831062100920304,51.60940238528029],[-0.1884963,51.6089984],[-0.1886211,51.6087655],[-0.1887219,51.6085775],[-0.188857,51.6083986],[-0.1890968,51.6080355],[-0.1893985,51.6076813],[-0.1897997,51.6072801],[-0.1901549,51.606953],[-0.1909328,51.6063684],[-0.1913887,51.6060655],[-0.1942017,51.6044429],[-0.1944084,51.6043036],[-0.1945912,51.6041419],[-0.1947882,51.6039294],[-0.1948564,51.6038295],[-0.194967,51.6036307],[-0.1950263,51.6034691],[-0.1950544,51.6033138],[-0.1950617,51.603148],[-0.1950561,51.602989],[-0.1949619,51.6026705],[-0.1948848,51.6025289],[-0.1947906,51.6023749],[-0.1946792,51.6022263],[-0.1945231,51.6020587],[-0.1943895,51.6019376],[-0.1942456,51.6018189],[-0.194114,51.6017318],[-0.1939769,51.6016431],[-0.1938557,51.6015737],[-0.1937022,51.6015007],[-0.1932038,51.6012784],[-0.1925518,51.600967],[-0.19251380436017448,51.60094925577985]]},"properties":{"id":"940GZZLUWFN-940GZZLUFYC-Northern","source":"940GZZLUWFN","target":"940GZZLUFYC","sourceName":"West Finchley","targetName":"Finchley Central","line":"Northern","colour":"#000000","color":"#000000","traffic":0.1379,"off9":0.0,"off12":0.0,"off14":0.0},"id":506},{"type":"Feature","geometry":{"type":"LineString","coordinates":[[-0.20998884348813346,51.60821718372709],[-0.2093448,51.6080622],[-0.2088526,51.607922],[-0.2085955,51.6078299],[-0.2082545,51.6076989],[-0.2078253,51.6075273],[-0.2073693,51.6073358],[-0.2068693,51.6071203],[-0.2066808,51.6070368],[-0.2059616,51.6067305],[-0.2054251,51.6064889],[-0.204937,51.6062807],[-0.2046151,51.6061475],[-0.2042316,51.6059909],[-0.2035968,51.6057341],[-0.2030246,51.6054707],[-0.2012133,51.604699],[-0.1998689,51.6041346],[-0.1991263,51.6038117],[-0.1982514,51.6033944],[-0.1981138,51.603326],[-0.1980746,51.6033069],[-0.1972521,51.6029279],[-0.1965193,51.6026134],[-0.1962221,51.6024814],[-0.1954902,51.602161],[-0.1946351,51.6017948],[-0.1945836,51.6017749],[-0.1941682,51.6015942],[-0.1939923,51.601512],[-0.1938307,51.6014323],[-0.193426,51.601237],[-0.1926765,51.600867]]},"properties":{"id":"940GZZLUMHL-940GZZLUFYC-Northern","source":"940GZZLUMHL","target":"940GZZLUFYC","sourceName":"Mill Hill East","targetName":"Finchley Central","line":"Northern","colour":"#000000","color":"#000000","traffic":0.0184,"off9":0.0,"off12":0.0,"off14":0.0},"id":507},{"type":"Feature","geometry":{"type":"LineString","coordinates":[[-0.2799809306460797,51.561810419882306],[-0.28027306439985045,51.561901651340946],[-0.28073202703245664,51.56205118114171],[-0.2809792276061959,51.562133267196245],[-0.2812264432357026,51.562219122929456],[-0.28158885579898785,51.562351745641934],[-0.2819100765416044,51.562481502049025],[-0.282132135150232,51.5625686190612],[-0.28247559875921496,51.56270020043555],[-0.2828422091234394,51.562850017611304],[-0.28316731672483064,51.56298898218552],[-0.2835123450883313,51.56313672006054],[-0.2837708106421846,51.563263310359076],[-0.2840619265753915,51.56341522636892],[-0.2844211595975536,51.56361194755491],[-0.28472525597900716,51.5637849978354],[-0.28501742161447974,51.563957742280024],[-0.2852613144983459,51.56410934613283],[-0.28556414666278296,51.5642973330701],[-0.2858881850029371,51.5645094770827],[-0.2860704427311013,51.56464295244973],[-0.2863526624330304,51.56483719816082],[-0.2865507981897897,51.56498345117642],[-0.28677718798740776,51.56517552865066],[-0.2870447260203852,51.565402073253246],[-0.28735564872281727,51.56566166707438],[-0.2876083838982246,51.56589939458897],[-0.28778544809409184,51.56607863124058],[-0.28804262729393293,51.56630256360721],[-0.2883093194818305,51.56654375330114],[-0.2885344514911745,51.56675573284282],[-0.28884396679553503,51.56701306893742],[-0.2891366863008156,51.56724385332417],[-0.2893486870668805,51.56740163084096],[-0.2896161952773828,51.56758653904657],[-0.2898185561039294,51.56772190506844],[-0.2899950256863857,51.56785358915519],[-0.2902140150995064,51.567990400061305],[-0.2905312202812602,51.56817862543528],[-0.2908121832731068,51.56834723108014],[-0.29105247452252925,51.56848251265023],[-0.29130646243490255,51.5686237624434],[-0.29160036121357163,51.56878291598371],[-0.2919845715908345,51.5689711937863],[-0.2925479115195894,51.56922204256937],[-0.29284805858372775,51.56935556682383],[-0.293113606068328,51.5694669377641],[-0.2934745065700167,51.56960954189482],[-0.2938203170999607,51.569731276657095],[-0.29444837283548825,51.569991447596145],[-0.2949373410169334,51.57017676083617],[-0.2953926863461379,51.57034160049273],[-0.29577679592895795,51.57046893236769],[-0.29588954496850317,51.57050558395305]]},"properties":{"id":"940GZZLUWYP-940GZZLUPRD-Metropolitan","source":"940GZZLUWYP","target":"940GZZLUPRD","sourceName":"Wembley Park","targetName":"Preston Road","line":"Metropolitan","colour":"#9B0056","color":"#9B0056","traffic":0.1023,"off9":0.0,"off12":0.0,"off14":0.0},"id":508},{"type":"Feature","geometry":{"type":"LineString","coordinates":[[-0.27809457551424993,51.561314376752655],[-0.27762987162307773,51.561215742692504],[-0.2771629078653969,51.56112865458509],[-0.27689499765492864,51.561079272575995],[-0.27567803201033386,51.56085084192276],[-0.27484214209471336,51.56066700175256],[-0.2741998210987485,51.56051098054075],[-0.27381689833431805,51.56040606270476],[-0.2733317130298713,51.56027292716906],[-0.27297608432181186,51.56016597685603],[-0.2725981827249636,51.560038682109955],[-0.2719734607900732,51.55981141731576],[-0.27123077151286046,51.559539863653356],[-0.27061752059951816,51.55931221933612],[-0.2700568113831864,51.559092010752025],[-0.269343606185197,51.5588103642219],[-0.2687669454254053,51.5585667082424],[-0.2681580054349879,51.55831384906678],[-0.26760288791929665,51.55807423404762],[-0.266925884189275,51.55779983928238],[-0.26640415078195595,51.55757805458269],[-0.2658235937705353,51.55732993098242],[-0.26519570755888505,51.55707476399918],[-0.264669202371827,51.55684879203926],[-0.2640500070546182,51.55659775816544],[-0.2634320802798549,51.55635025560765],[-0.2628137460858897,51.556124107150374],[-0.2622068851812937,51.55590398441852],[-0.26166374345039584,51.55570995330754],[-0.26108306103786016,51.55550252168432],[-0.26062945533330356,51.55536060029766],[-0.26006108148465246,51.55517038220898],[-0.25922910481523037,51.554909356253006],[-0.25872497788174875,51.55476317101913],[-0.2581576402463456,51.55459722381635],[-0.25774987440024605,51.554483675386926],[-0.25709982348375776,51.55429941647613],[-0.256476159172564,51.55413228608477],[-0.2562631410765217,51.55407538494201],[-0.25514830552829687,51.553768078815345],[-0.25408372705134524,51.55346683282461],[-0.25262496177894145,51.55312184840472],[-0.25218537965273075,51.553012939594716],[-0.2510794504268804,51.552733421561186],[-0.25012439197082714,51.55247116352402],[-0.24887349965031866,51.55212901745856],[-0.24782714077616275,51.551865543525665],[-0.24713390330160837,51.551711530671014],[-0.24579180354785754,51.55143854248234],[-0.24457887418102664,51.55123695386591],[-0.24377872832525335,51.55111130879722],[-0.24189535205523374,51.55083513027087],[-0.24103306917346165,51.550697381756635],[-0.2402429319954198,51.55057545463842],[-0.23964259232220905,51.55047219428975],[-0.23906208291497041,51.55037984200163],[-0.23869566157970404,51.55031956065176],[-0.23830378555281284,51.55026171215907],[-0.2377813331708452,51.55018254422512],[-0.23683507514407653,51.550025303955884],[-0.23592360026145012,51.54986572112408],[-0.23367217574914398,51.54953576268585],[-0.23344330646094305,51.54949586077097],[-0.228645256098191,51.54873541120641],[-0.22841091454470347,51.54869930719417],[-0.22772499973592694,51.54859040321237],[-0.22565442816084352,51.548269837619195],[-0.2242902723837955,51.548058005910626],[-0.22321694672905826,51.54789476258781],[-0.22148364937803813,51.54762093384026],[-0.2214158183843465,51.54761022099551],[-0.22117340113850945,51.54757172313555],[-0.21891883483132532,51.54720599167932],[-0.21080141800246732,51.54595800232553],[-0.20979792597436162,51.54580551760532],[-0.2087587164447186,51.54567113734104],[-0.2079853338234902,51.545587173446016],[-0.2073277760269661,51.54553692018599],[-0.2061348580221173,51.545449550450726],[-0.20549840346164275,51.545403236621894],[-0.2049824908700848,51.54537052650315],[-0.20440306758103946,51.545330195165896],[-0.20352120417105948,51.54526580292692],[-0.20300967568053724,51.54522751540727],[-0.202642305055571,51.545200734412994],[-0.2017624024528248,51.545136060457054],[-0.19981404543176332,51.54498584630232],[-0.19780699658031276,51.54484360782658],[-0.1971968892206946,51.54481283306093],[-0.19669815690835202,51.54480335834649],[-0.1962498445091792,51.54480804764799],[-0.19583181543610925,51.54482415029335],[-0.19430012828886042,51.54490749531237],[-0.19103260692701618,51.54513147406759],[-0.1905949291325067,51.545167615426706],[-0.19034157922003497,51.54518401180207],[-0.18868652106773753,51.54527867669434],[-0.18753253743996826,51.54536337616408],[-0.18679253496155898,51.54542875115804],[-0.18598184591710246,51.545514020331844],[-0.18526654726480493,51.545598619683794],[-0.18384401209036993,51.5457692756975],[-0.18354571555231367,51.54580393438547],[-0.1828227242334634,51.54588890869792],[-0.182650370975137,51.54590559827543],[-0.182406662821312,51.545914744419],[-0.18232761463308744,51.54591519038881],[-0.1821870939213799,51.545902800416634],[-0.18216496262029475,51.54589277802204],[-0.18208031597464647,51.54587365521814],[-0.182002935077494,51.54585569965444],[-0.1819438527853492,51.545837402705686],[-0.1818250530188938,51.545802154536055],[-0.18164009492893668,51.54574703073513],[-0.1815717283161914,51.545719498013995],[-0.18144826198297703,51.54567054316522],[-0.1813922042037795,51.54564378238988],[-0.18133156783608886,51.545615528615734],[-0.18127073797050047,51.545582105106206],[-0.18124469111255434,51.545547971287746],[-0.1810430071862213,51.54542121741153]]},"properties":{"id":"940GZZLUWYP-940GZZLUFYR-Metropolitan","source":"940GZZLUWYP","target":"940GZZLUFYR","sourceName":"Wembley Park","targetName":"Finchley Road","line":"Metropolitan","colour":"#9B0056","color":"#9B0056","traffic":0.4237,"off9":0.0,"off12":0.0,"off14":0.0},"id":509},{"type":"Feature","geometry":{"type":"LineString","coordinates":[[-0.27919596531508484,51.56338423144165],[-0.2794057,51.5634586],[-0.28069,51.5639141],[-0.2809809,51.5640162],[-0.2816524,51.5642446],[-0.2819239,51.5643511],[-0.2822338,51.5644816],[-0.2825952,51.5646537],[-0.2831959,51.5649887],[-0.2837484,51.56533],[-0.2840314,51.5655215],[-0.2845276,51.5658807],[-0.2850021,51.5662576],[-0.2854393,51.566637],[-0.2857037,51.5668765],[-0.2859784,51.567139],[-0.2865211,51.5676389],[-0.2873727,51.5683415],[-0.2876348,51.5685489],[-0.287886,51.5687503],[-0.2884226,51.5692535],[-0.288786,51.5696681],[-0.2890975,51.5700648],[-0.2895367,51.5706513],[-0.2897846,51.5710169],[-0.2899506,51.5712688],[-0.290188,51.5716459],[-0.290315,51.5719071],[-0.2904016,51.5721311],[-0.2904537,51.5723622],[-0.290475,51.5726422],[-0.2904688,51.5728001],[-0.290442,51.5729874],[-0.2903879,51.5732027],[-0.2902813,51.57347],[-0.2901788,51.5736508],[-0.2900405,51.57385],[-0.2898965,51.5740145],[-0.289741,51.5741769],[-0.2895793,51.5743172],[-0.2893976,51.5744466],[-0.2891395,51.5746126],[-0.2888676,51.5747672],[-0.2885708,51.5749215],[-0.2863342,51.576049],[-0.2855988,51.5764152],[-0.2849051,51.5767969],[-0.2844835,51.5770082],[-0.2839569,51.5772745],[-0.2833868,51.5775606],[-0.2829272,51.5777979],[-0.2826764,51.5779272],[-0.2823964,51.5780872],[-0.2821288,51.5782563],[-0.281796,51.5784862],[-0.2815294,51.5786897],[-0.2811874,51.5789379],[-0.2808984,51.5792049],[-0.2806319,51.5794984],[-0.2804235,51.5797528],[-0.2801529,51.5801363],[-0.2798954,51.5806017],[-0.2797796,51.5808722],[-0.279693,51.5811074],[-0.2794793,51.581819],[-0.2793665,51.5822219],[-0.2792511,51.5826016],[-0.2791251,51.5830208],[-0.2790217,51.5833527],[-0.2789324,51.5836595],[-0.2787889,51.5841478],[-0.2786881,51.5844899],[-0.2786225,51.5847165],[-0.2786007758381376,51.58478491247277]]},"properties":{"id":"940GZZLUWYP-940GZZLUKBY-Jubilee","source":"940GZZLUWYP","target":"940GZZLUKBY","sourceName":"Wembley Park","targetName":"Kingsbury","line":"Jubilee","colour":"#A0A5A9","color":"#A0A5A9","traffic":0.0412,"off9":0.0,"off12":0.0,"off14":0.0},"id":510},{"type":"Feature","geometry":{"type":"LineString","coordinates":[[-0.27919596531508484,51.56338423144165],[-0.2788865,51.5632745],[-0.2783816,51.5631006],[-0.2781589,51.5630356],[-0.2779306,51.5629748],[-0.2777091,51.5629194],[-0.2774612,51.562865],[-0.2751477,51.5624269],[-0.2740933,51.5622118],[-0.2736612,51.5621122],[-0.2732708,51.5620064],[-0.2728406,51.5618831],[-0.272412,51.5617447],[-0.2718446,51.5615461],[-0.2712586,51.5613264],[-0.2691473,51.5605179],[-0.2679756,51.5600412],[-0.2674248,51.5598125],[-0.2668873,51.5595797],[-0.2662813,51.5593287],[-0.2659276,51.559186],[-0.265578,51.5590415],[-0.265335,51.5589383],[-0.264064,51.5584072],[-0.2634529,51.5581495],[-0.2629949,51.5579635],[-0.262107,51.5576107],[-0.2616618,51.5574499],[-0.2612104,51.5572815],[-0.2598808,51.5568163],[-0.2591218,51.5565645],[-0.2584481,51.5563548],[-0.2580385,51.5562313],[-0.2570703,51.5559477],[-0.2561426,51.5556891],[-0.2551321,51.555419],[-0.2548974,51.5553512],[-0.2545394,51.555256],[-0.254069,51.5551181],[-0.2534548,51.5549533],[-0.2520389,51.554607],[-0.2514685,51.5544596],[-0.2498395,51.5540475],[-0.24982186617430974,51.554042801780284]]},"properties":{"id":"940GZZLUWYP-940GZZLUNDN-Jubilee","source":"940GZZLUWYP","target":"940GZZLUNDN","sourceName":"Wembley Park","targetName":"Neasden","line":"Jubilee","colour":"#A0A5A9","color":"#A0A5A9","traffic":0.1698,"off9":0.0,"off12":0.0,"off14":0.0},"id":511},{"type":"Feature","geometry":{"type":"LineString","coordinates":[[-0.19106219939770389,51.54668866491473],[-0.1907766,51.5467067],[-0.1904913,51.54672],[-0.1898226,51.5467612],[-0.1893576,51.5467968],[-0.188887,51.546834],[-0.1877435,51.5469321],[-0.18704,51.5469858],[-0.1862639,51.5470536],[-0.1855615,51.547127],[-0.1848594,51.5472092],[-0.1841017,51.547299],[-0.1838316,51.5473335],[-0.1832822,51.5473981],[-0.1830507,51.5474232],[-0.1828821,51.5474369],[-0.1826781,51.5474467],[-0.1824019,51.5474577],[-0.1821255,51.5474582],[-0.1819317,51.5474499],[-0.1818734,51.5474454],[-0.1817334,51.5474305],[-0.1814943,51.5473946],[-0.1813691,51.5473714],[-0.1811756,51.5473312],[-0.1809172,51.5472737],[-0.180791,51.5472377],[-0.1805967,51.5471835],[-0.1804561,51.5471408],[-0.1803072,51.547081],[-0.1802143,51.5470464],[-0.1800508,51.5469707],[-0.17983138095510864,51.54684969561621]]},"properties":{"id":"940GZZLUWHP-940GZZLUFYR-Jubilee","source":"940GZZLUWHP","target":"940GZZLUFYR","sourceName":"West Hampstead","targetName":"Finchley Road","line":"Jubilee","colour":"#A0A5A9","color":"#A0A5A9","traffic":0.4122,"off9":0.0,"off12":0.0,"off14":0.0},"id":512},{"type":"Feature","geometry":{"type":"LineString","coordinates":[[-0.1910698545371771,51.54680547578816],[-0.1912068,51.5467966],[-0.1944642,51.5465078],[-0.1950195,51.5464555],[-0.1954874,51.546423],[-0.1959574,51.5464107],[-0.1965671,51.5464058],[-0.1971189,51.5464247],[-0.1976668,51.546448],[-0.1996268,51.5465678],[-0.2015746,51.5467236],[-0.2027871,51.5468646],[-0.2033153,51.5469159],[-0.2042158,51.5469929],[-0.2042625555712753,51.546996550063184]]},"properties":{"id":"940GZZLUWHP-940GZZLUKBN-Jubilee","source":"940GZZLUWHP","target":"940GZZLUKBN","sourceName":"West Hampstead","targetName":"Kilburn","line":"Jubilee","colour":"#A0A5A9","color":"#A0A5A9","traffic":0.0747,"off9":0.0,"off12":0.0,"off14":0.0},"id":513},{"type":"Feature","geometry":{"type":"LineString","coordinates":[[-0.17502463063539622,51.54355013044255],[-0.1746411,51.5431673],[-0.1742722,51.5428035],[-0.1741993,51.5427052],[-0.1740395,51.5423553],[-0.1739275,51.5420265],[-0.1738866,51.5418584],[-0.1738497,51.5414974],[-0.1739439,51.5407524],[-0.1741543,51.5396465],[-0.1744137,51.5383043],[-0.1744697,51.536816],[-0.1745113,51.5362582],[-0.1745284,51.535806],[-0.1745061,51.5356438],[-0.1744907,51.5355341],[-0.1744718,51.5354393],[-0.174457,51.5353687],[-0.1744187,51.5352226],[-0.1743891,51.5351226],[-0.1743393,51.5349897],[-0.174295,51.5348742],[-0.1742591,51.5347788],[-0.1741826,51.5346221],[-0.17400551665819386,51.53445867597933]]},"properties":{"id":"940GZZLUSWC-940GZZLUSJW-Jubilee","source":"940GZZLUSWC","target":"940GZZLUSJW","sourceName":"Swiss Cottage","targetName":"St Johns Wood","line":"Jubilee","colour":"#A0A5A9","color":"#A0A5A9","traffic":0.5656,"off9":0.0,"off12":0.0,"off14":0.0},"id":514},{"type":"Feature","geometry":{"type":"LineString","coordinates":[[-0.1748155089253579,51.54376490991452],[-0.1748403,51.5437881],[-0.1751167,51.5440315],[-0.1756361,51.5444699],[-0.1759016,51.5446992],[-0.1761484,51.5448787],[-0.1764327,51.5450451],[-0.1768002,51.5452227],[-0.1773735,51.5454882],[-0.1774064,51.5455034],[-0.1778409,51.5457158],[-0.178233,51.5459245],[-0.1785264,51.5461063],[-0.1788782,51.5463364],[-0.1791043,51.5464789],[-0.1793723,51.546641],[-0.17980921330807298,51.5468882407226]]},"properties":{"id":"940GZZLUSWC-940GZZLUFYR-Jubilee","source":"940GZZLUSWC","target":"940GZZLUFYR","sourceName":"Swiss Cottage","targetName":"Finchley Road","line":"Jubilee","colour":"#A0A5A9","color":"#A0A5A9","traffic":0.1196,"off9":0.0,"off12":0.0,"off14":0.0},"id":515},{"type":"Feature","geometry":{"type":"LineString","coordinates":[[-0.09688978721666298,51.57129518735114],[-0.09734207388645598,51.57090327075742],[-0.09783512314908685,51.57048648010225],[-0.09818410472726717,51.57025636988549],[-0.09853093185370608,51.570053399481615],[-0.09883596076416386,51.569910105623116],[-0.09927067119315118,51.56981520390725],[-0.09982066364405733,51.56974768966789],[-0.10055891099863387,51.56971046484365],[-0.10208579218822326,51.569690396346616],[-0.10305708943618691,51.5696381533405],[-0.10385293652502041,51.569535238431875],[-0.10467663514714506,51.56933847923395],[-0.10539411584221595,51.56905619804456],[-0.10574428579433101,51.56886797464057],[-0.10602667092217767,51.56867411304792],[-0.10633319308932684,51.568438033610825],[-0.10667316539783335,51.56812115188396],[-0.10703331512064385,51.567635175054086],[-0.10730085869496689,51.56721917105715],[-0.10760880883604153,51.56663532026753],[-0.10780545976973287,51.56619257509657],[-0.10800992612965298,51.565336949739006],[-0.10802062980476032,51.565282780194146],[-0.10806479740992167,51.56512668096823],[-0.10819935440361561,51.56430297623474]]},"properties":{"id":"940GZZLUMRH-940GZZLUFPK-Piccadilly","source":"940GZZLUMRH","target":"940GZZLUFPK","sourceName":"Manor House","targetName":"Finsbury Park","line":"Piccadilly","colour":"#003688","color":"#003688","traffic":0.4429,"off9":0.0,"off12":0.0,"off14":0.0},"id":516},{"type":"Feature","geometry":{"type":"LineString","coordinates":[[-0.09688978721666298,51.57129518735114],[-0.09661098032222866,51.571559546992795],[-0.09656996166973915,51.57170057496852],[-0.09654509230664896,51.5718457989572],[-0.09654139088335915,51.57197163791109],[-0.09654387182104784,51.57218011517087],[-0.09659557080337186,51.57243265865134],[-0.09672085679676985,51.57274045583971],[-0.09683855922608214,51.57297058431266],[-0.09704951930470004,51.57323770655793],[-0.09792366813509318,51.57438136660351],[-0.09933277707689435,51.576131298473435],[-0.09967720287621774,51.57656344486122],[-0.0998609295969879,51.576880026751155],[-0.09997112916360018,51.5770655535723],[-0.10005157323020049,51.57729307001477],[-0.10005896432543149,51.577320747772525],[-0.10011070004046822,51.577496834716555],[-0.10031014311366705,51.57868315972435],[-0.10031381166620836,51.57870613831695],[-0.10031470443505243,51.57871141041888],[-0.10082934416344454,51.58182737520089],[-0.10097918667179132,51.582753780735054],[-0.10121771814356575,51.583815548485134],[-0.10146279894421743,51.584918242355684],[-0.10190964123998501,51.58610201219371],[-0.10250973712840476,51.58714298575076],[-0.10284267069560146,51.58763267164926],[-0.10313019458253737,51.58812107524349],[-0.10333591457112551,51.58885428225859],[-0.10343119094462418,51.58921826965479],[-0.10334642550610412,51.58918271029872],[-0.10349060999034482,51.58930283989488],[-0.10358777939885183,51.589381354046004],[-0.10375750784923508,51.5895237145576],[-0.10382307067828872,51.58957910340521]]},"properties":{"id":"940GZZLUMRH-940GZZLUTPN-Piccadilly","source":"940GZZLUMRH","target":"940GZZLUTPN","sourceName":"Manor House","targetName":"Turnpike Lane","line":"Piccadilly","colour":"#003688","color":"#003688","traffic":0.0733,"off9":0.0,"off12":0.0,"off14":0.0},"id":517},{"type":"Feature","geometry":{"type":"LineString","coordinates":[[-0.10354793755212124,51.54629259922931],[-0.1035535,51.5463143],[-0.1036984,51.5467941],[-0.1039103,51.5475064],[-0.1040999,51.5481328],[-0.1055587,51.5519039],[-0.1058556,51.5526714],[-0.1064468,51.5542309],[-0.1065886,51.5547038],[-0.1067355,51.555199],[-0.1070257,51.5568581],[-0.1070661,51.5576026],[-0.1069176,51.5592866],[-0.1069087,51.5597586],[-0.1069216,51.560856],[-0.1069645,51.5611546],[-0.1070672,51.5615674],[-0.1070818,51.561732],[-0.1070585,51.5621283],[-0.1069696,51.5628281],[-0.1068041,51.5640293],[-0.10678707341572695,51.5641527698978]]},"properties":{"id":"940GZZLUHAI-940GZZLUFPK-Victoria","source":"940GZZLUHAI","target":"940GZZLUFPK","sourceName":"Highbury  Islington","targetName":"Finsbury Park","line":"Victoria","colour":"#0098D4","color":"#0098D4","traffic":0.1927,"off9":0.0,"off12":0.0,"off14":0.0},"id":518},{"type":"Feature","geometry":{"type":"LineString","coordinates":[[-0.10354793755212124,51.54629259922931],[-0.1034765,51.5460139],[-0.1034284,51.5458239],[-0.1031766,51.5450042],[-0.1031474,51.5441344],[-0.1034085,51.5427959],[-0.1034899,51.5424111],[-0.10357,51.5418157],[-0.1036894,51.5414897],[-0.103804,51.5411937],[-0.1040382,51.5407053],[-0.1044421,51.5401072],[-0.1047275,51.5396336],[-0.1052072,51.538814],[-0.105404,51.5386076],[-0.1056429,51.5384287],[-0.1197184,51.5316453],[-0.1202915,51.5314053],[-0.1208822,51.5311881],[-0.1216069,51.5309643],[-0.1220478,51.5308426],[-0.1224641,51.5307343],[-0.1229436,51.5306048],[-0.1231644802340672,51.53054806793834]]},"properties":{"id":"940GZZLUHAI-940GZZLUKSX-Victoria","source":"940GZZLUHAI","target":"940GZZLUKSX","sourceName":"Highbury  Islington","targetName":"Kings Cross St Pancras","line":"Victoria","colour":"#0098D4","color":"#0098D4","traffic":1.0,"off9":0.0,"off12":0.0,"off14":0.0},"id":519},{"type":"Feature","geometry":{"type":"LineString","coordinates":[[-0.07266196576135489,51.58351274230722],[-0.0727884,51.5834588],[-0.0745028,51.5827261],[-0.0751139,51.5824478],[-0.0767917,51.5814729],[-0.0773235,51.5811928],[-0.0796348,51.5799756],[-0.0807738,51.5793669],[-0.0815917,51.57891],[-0.0825543,51.5781944],[-0.0852117,51.5755556],[-0.0858377,51.5750234],[-0.0864696,51.5745243],[-0.0871665,51.5740288],[-0.0879755,51.5736177],[-0.0882274,51.5735153],[-0.0889499,51.573236],[-0.0910641,51.5725033],[-0.0912512,51.5724467],[-0.0956396,51.5709279],[-0.0969937,51.5705918],[-0.0988524,51.570218],[-0.103358,51.5695198],[-0.1040512,51.5693329],[-0.1046358,51.5690993],[-0.1051112,51.5688242],[-0.1054655,51.5685306],[-0.1057608,51.5681561],[-0.106125,51.5673585],[-0.1065346,51.565599],[-0.1066226,51.5651495],[-0.1066341,51.5650907],[-0.1066944,51.5648248],[-0.10678707341572695,51.5641527698978]]},"properties":{"id":"940GZZLUSVS-940GZZLUFPK-Victoria","source":"940GZZLUSVS","target":"940GZZLUFPK","sourceName":"Seven Sisters","targetName":"Finsbury Park","line":"Victoria","colour":"#0098D4","color":"#0098D4","traffic":0.6406,"off9":0.0,"off12":0.0,"off14":0.0},"id":520},{"type":"Feature","geometry":{"type":"LineString","coordinates":[[-0.07251107139278953,51.583162764205184],[-0.0720425,51.5833671],[-0.0710403,51.5838693],[-0.0703571,51.5842492],[-0.069172,51.5849249],[-0.067779,51.5856573],[-0.0672285,51.5859515],[-0.0667065,51.5862491],[-0.065179,51.5870264],[-0.0640213,51.5874539],[-0.0631228,51.5876767],[-0.0621626,51.5878273],[-0.0615895,51.5878702],[-0.06023081415425134,51.587971841797476]]},"properties":{"id":"940GZZLUSVS-940GZZLUTMH-Victoria","source":"940GZZLUSVS","target":"940GZZLUTMH","sourceName":"Seven Sisters","targetName":"Tottenham Hale","line":"Victoria","colour":"#0098D4","color":"#0098D4","traffic":0.0959,"off9":0.0,"off12":0.0,"off14":0.0},"id":521},{"type":"Feature","geometry":{"type":"LineString","coordinates":[[-0.19444712703606365,51.479602696505324],[-0.1944109555130523,51.47969022355152],[-0.1940447620698639,51.480051143626596],[-0.19370645500694042,51.480315041526126],[-0.19332963388355837,51.48058101019669],[-0.19300202724212948,51.48079447720054],[-0.19287448127355367,51.480886184439775],[-0.192318965418837,51.481268340492136],[-0.1913519888043103,51.48189857650075],[-0.1910105139832969,51.482172602739645],[-0.19057805768087877,51.48272436816657],[-0.1904140043964019,51.483223854581695],[-0.1904147384291307,51.48367129876199],[-0.19058067588643196,51.48415275547963],[-0.190788647921392,51.48448794714431],[-0.1911545172091853,51.48486217256057],[-0.19256664003462307,51.486254703993495],[-0.19280927274214074,51.48646156334294],[-0.1930893147106444,51.48667587832828],[-0.19324082299223738,51.48679818436152],[-0.1933970889872541,51.48692300769654],[-0.1935110990125081,51.48700800833282],[-0.19363675200317015,51.487101163979986],[-0.19386033207547418,51.48725776689186],[-0.19404566076215682,51.48736947668031],[-0.19417288053707912,51.487441515277744],[-0.19432334278007743,51.48752974672661],[-0.19457275455663817,51.48766976326225],[-0.1947823651887425,51.487793289980004],[-0.19492788588882268,51.487885929819676],[-0.19496154991430537,51.4879079669614]]},"properties":{"id":"940GZZLUFBY-940GZZLUWBN-District","source":"940GZZLUFBY","target":"940GZZLUWBN","sourceName":"Fulham Broadway","targetName":"West Brompton","line":"District","colour":"#00782A","color":"#00782A","traffic":0.3261,"off9":0.0,"off12":0.0,"off14":0.0},"id":522},{"type":"Feature","geometry":{"type":"LineString","coordinates":[[-0.19444712703606365,51.479602696505324],[-0.19466412799811533,51.47931324054918],[-0.19484228245043275,51.47901876496159],[-0.19490446122578542,51.47884045357061],[-0.19514549510797688,51.4782784521679],[-0.1952709226500454,51.478044826441824],[-0.19541606179080132,51.477836943557996],[-0.19556619792244093,51.47763382197612],[-0.19572155777063474,51.477459954726434],[-0.19587546354391316,51.477301273628136],[-0.19606969883988135,51.4771191772514],[-0.1962636851188026,51.476953205011476],[-0.19642297071038567,51.47682532883254],[-0.19665802890042536,51.476659597432075],[-0.19689259943461762,51.47651223396535],[-0.19710643215395066,51.47638521955991],[-0.1973177541754212,51.4762692682708],[-0.1975424442343333,51.47615294210931],[-0.19962088235952327,51.47513113299431],[-0.20013283757004208,51.47487513240103],[-0.20028482555917326,51.474797820146364],[-0.20038528979138864,51.474747386159684],[-0.2004302239962751,51.474724806879664],[-0.20050849812981433,51.47468530927854],[-0.2005157322364675,51.47468162997801],[-0.2006355579625274,51.47462122211522]]},"properties":{"id":"940GZZLUFBY-940GZZLUPSG-District","source":"940GZZLUFBY","target":"940GZZLUPSG","sourceName":"Fulham Broadway","targetName":"Parsons Green","line":"District","colour":"#00782A","color":"#00782A","traffic":0.1408,"off9":0.0,"off12":0.0,"off14":0.0},"id":523},{"type":"Feature","geometry":{"type":"LineString","coordinates":[[-0.2006355579625274,51.47462122211522],[-0.2005157322364675,51.47468162997801],[-0.20050849812981433,51.47468530927854],[-0.2004302239962751,51.474724806879664],[-0.20038528979138864,51.474747386159684],[-0.20028482555917326,51.474797820146364],[-0.20013283757004208,51.47487513240103],[-0.19962088235952327,51.47513113299431],[-0.1975424442343333,51.47615294210931],[-0.1973177541754212,51.4762692682708],[-0.19710643215395066,51.47638521955991],[-0.19689259943461762,51.47651223396535],[-0.19665802890042536,51.476659597432075],[-0.19642297071038567,51.47682532883254],[-0.1962636851188026,51.476953205011476],[-0.19606969883988135,51.4771191772514],[-0.19587546354391316,51.477301273628136],[-0.19572155777063474,51.477459954726434],[-0.19556619792244093,51.47763382197612],[-0.19541606179080132,51.477836943557996],[-0.1952709226500454,51.478044826441824],[-0.19514549510797688,51.4782784521679],[-0.19490446122578542,51.47884045357061],[-0.19484228245043275,51.47901876496159],[-0.19466412799811533,51.47931324054918],[-0.19444712703606365,51.479602696505324]]},"properties":{"id":"940GZZLUPSG-940GZZLUFBY-District","source":"940GZZLUPSG","target":"940GZZLUFBY","sourceName":"Parsons Green","targetName":"Fulham Broadway","line":"District","colour":"#00782A","color":"#00782A","traffic":0.2984,"off9":0.0,"off12":0.0,"off14":0.0},"id":524},{"type":"Feature","geometry":{"type":"LineString","coordinates":[[-0.2017037003363575,51.475930817923626],[-0.20175374921859543,51.47590554402984],[-0.20183780349084088,51.475862784730154],[-0.2021994722094295,51.475681407087535],[-0.20265467549571295,51.475458050075],[-0.20273479978183764,51.47541511743794],[-0.20288379751849087,51.475339804483816],[-0.20482979246453614,51.47439141017401],[-0.20503344651093455,51.47429229617112],[-0.20524706098893747,51.474186103772986],[-0.20548091145300063,51.474051480544816],[-0.20561229446383572,51.47396922637834],[-0.20577483429456095,51.47386736629289],[-0.20602349354429036,51.47367655043605],[-0.20620343131922383,51.47351688952551],[-0.20639959256486956,51.47332606659722],[-0.20661013476721163,51.47305751278703],[-0.20673740419108427,51.47285592277032],[-0.20683590285913167,51.47265137291384],[-0.20691904654087281,51.472394597570336],[-0.2069686373274784,51.47217794119633],[-0.20701306517106496,51.47197671341962],[-0.2070462770636688,51.47179573500665],[-0.20703639375251642,51.47174940301274],[-0.20708264393631848,51.47162522939438],[-0.2071569217664639,51.47148672156429],[-0.20723939038817676,51.471396779893155],[-0.20734703767687754,51.47129617239077],[-0.20743288805739857,51.47123969544946],[-0.2075917469229538,51.47115694964362],[-0.20805108252555043,51.47092520887272],[-0.20859403741729476,51.47063105029441],[-0.208935319071978,51.47040095443742],[-0.2091938344018958,51.47019646361313],[-0.2094237831373048,51.4699439520626],[-0.20959728173945022,51.46969132834099],[-0.20975389471483488,51.469399383685854],[-0.2098253313191193,51.46916684274004],[-0.2098660202491166,51.46894352350476],[-0.20994770811629457,51.46846551289676],[-0.20996034057102803,51.46838845878859]]},"properties":{"id":"940GZZLUPSG-940GZZLUPYB-District","source":"940GZZLUPSG","target":"940GZZLUPYB","sourceName":"Parsons Green","targetName":"Putney Bridge","line":"District","colour":"#00782A","color":"#00782A","traffic":0.1181,"off9":0.0,"off12":0.0,"off14":0.0},"id":525},{"type":"Feature","geometry":{"type":"LineString","coordinates":[[0.06618766677946665,51.57661678691715],[0.0658707,51.5766284],[0.0648672,51.5766417],[0.0638626,51.576655],[0.0620868,51.5766375],[0.0599355,51.5765489],[0.0555933,51.5763965],[0.047247,51.5763379],[0.045411,51.5763628],[0.045364225964852914,51.576364427842705]]},"properties":{"id":"940GZZLUGTH-940GZZLURBG-Central","source":"940GZZLUGTH","target":"940GZZLURBG","sourceName":"Gants Hill","targetName":"Redbridge","line":"Central","colour":"#E32017","color":"#E32017","traffic":0.2114,"off9":0.0,"off12":0.0,"off14":0.0},"id":526},{"type":"Feature","geometry":{"type":"LineString","coordinates":[[0.06618766677946665,51.57661678691715],[0.0667714,51.5765954],[0.0674201,51.5765395],[0.0681886,51.5764152],[0.0689899,51.5762194],[0.0696875,51.5759901],[0.0706528,51.5756518],[0.0755807,51.5732115],[0.0774219,51.5723013],[0.0775909,51.5722163],[0.0791053,51.571455],[0.080804,51.5706235],[0.0814104,51.5703856],[0.0818465,51.5702452],[0.0823244,51.5701224],[0.0827543,51.5700477],[0.0834475,51.5699373],[0.0840554,51.5698845],[0.0847747,51.5698421],[0.0854401,51.56985],[0.0859406,51.5698747],[0.0863197,51.5699145],[0.0867323,51.5699762],[0.0870802,51.5700588],[0.0873683,51.5701498],[0.0876439,51.5702592],[0.0878683,51.5703671],[0.088151,51.5705352],[0.0883377,51.5706713],[0.0884665,51.5707905],[0.0887927,51.5711305],[0.0891289,51.5717113],[0.0894214,51.5724209],[0.0896507,51.573133],[0.0897251,51.5734644],[0.0897911,51.5738613],[0.0899123,51.5745317],[0.0899598,51.575123],[0.0899485,51.5754803],[0.0899473,51.575598],[0.08993556510829753,51.57571938400437]]},"properties":{"id":"940GZZLUGTH-940GZZLUNBP-Central","source":"940GZZLUGTH","target":"940GZZLUNBP","sourceName":"Gants Hill","targetName":"Newbury Park","line":"Central","colour":"#E32017","color":"#E32017","traffic":0.0202,"off9":0.0,"off12":0.0,"off14":0.0},"id":527},{"type":"Feature","geometry":{"type":"LineString","coordinates":[[0.045360525233687374,51.57625710852717],[0.0435879,51.5763231],[0.0413652,51.5764461],[0.0394314,51.5765621],[0.0382457,51.5766163],[0.0371332,51.5766471],[0.0361206,51.576627],[0.0351507,51.5765814],[0.034109,51.5765052],[0.0321024,51.5762729],[0.0305552,51.5760362],[0.0286698,51.5755808],[0.028517022825015975,51.575532670456184]]},"properties":{"id":"940GZZLURBG-940GZZLUWSD-Central","source":"940GZZLURBG","target":"940GZZLUWSD","sourceName":"Redbridge","targetName":"Wanstead","line":"Central","colour":"#E32017","color":"#E32017","traffic":0.2393,"off9":0.0,"off12":0.0,"off14":0.0},"id":528},{"type":"Feature","geometry":{"type":"LineString","coordinates":[[0.045364225964852914,51.576364427842705],[0.045411,51.5763628],[0.047247,51.5763379],[0.0555933,51.5763965],[0.0599355,51.5765489],[0.0620868,51.5766375],[0.0638626,51.576655],[0.0648672,51.5766417],[0.0658707,51.5766284],[0.06618766677946665,51.57661678691715]]},"properties":{"id":"940GZZLURBG-940GZZLUGTH-Central","source":"940GZZLURBG","target":"940GZZLUGTH","sourceName":"Redbridge","targetName":"Gants Hill","line":"Central","colour":"#E32017","color":"#E32017","traffic":0.028,"off9":0.0,"off12":0.0,"off14":0.0},"id":529},{"type":"Feature","geometry":{"type":"LineString","coordinates":[[-0.17423641886861405,51.493305007636515],[-0.17371754248327415,51.493264256282046],[-0.17300103284311888,51.493222150835074],[-0.1726678748697355,51.49320587654218],[-0.1722310103629929,51.49323060837492],[-0.17187774578655507,51.49328257457971],[-0.1715861604462327,51.49335031188259],[-0.17133971324127292,51.493426648321794],[-0.1710788228806233,51.49353797121243],[-0.17078714247273308,51.493691862950136],[-0.17052650085981572,51.49388347128233],[-0.17030734633644434,51.49412612670472],[-0.17030538189707192,51.494155351764235],[-0.17032913709961842,51.49417087536066],[-0.17036862975711298,51.494188176671344],[-0.17033333782618856,51.4942154601183],[-0.17023379987053658,51.494274572273156],[-0.16974595624036531,51.49437455219656],[-0.16938074774032785,51.49450352613618],[-0.16911632165769422,51.49463419200056],[-0.1689004642509867,51.49477702838438],[-0.16867569005815622,51.49494537565456],[-0.168504599497159,51.49511674571919],[-0.16835851371498176,51.495280900344945],[-0.1682074028062735,51.49550523509572],[-0.16809819115725977,51.49575014361339],[-0.16808857021587134,51.495855967197976],[-0.16809719622197733,51.49584651072838],[-0.16811138199100648,51.49583719279089],[-0.16811502078331775,51.4958496067493],[-0.16808812361550748,51.49592943999981],[-0.16808377901045315,51.495984431120014],[-0.1681092905825323,51.49600974761074],[-0.16811007449912488,51.496046375248746],[-0.16707513824222442,51.49669207272001],[-0.16624157477370352,51.49714727387637],[-0.16527247516350255,51.497685575696785],[-0.164794239564113,51.49793761896531],[-0.16303808859917215,51.498928030921654],[-0.1627235485444137,51.49911602787764],[-0.16220766443745857,51.49942429106786],[-0.161800617071344,51.499695457206876],[-0.1612717357365467,51.500151336690955],[-0.16108921002784962,51.50032741431784],[-0.16097477433819202,51.500438283243156],[-0.16093603738464193,51.50047604394033],[-0.16088754814821188,51.50051672190675],[-0.1608257439522612,51.500567330859795],[-0.16076757601036115,51.50061224497425],[-0.16070119557412307,51.50066150391381],[-0.1606534493496228,51.50069583254311],[-0.16059855636493095,51.500734864008436],[-0.16053955956001503,51.50077469406408],[-0.16047844860235952,51.500814099341014],[-0.16035475852809492,51.50088835794742],[-0.16019719986732286,51.5009819555964],[-0.16017559932239803,51.501008473928394],[-0.16016737562165617,51.5010144407451]]},"properties":{"id":"940GZZLUSKS-940GZZLUKNB-Piccadilly","source":"940GZZLUSKS","target":"940GZZLUKNB","sourceName":"South Kensington","targetName":"Knightsbridge","line":"Piccadilly","colour":"#003688","color":"#003688","traffic":0.4083,"off9":0.0,"off12":0.0,"off14":0.0},"id":530},{"type":"Feature","geometry":{"type":"LineString","coordinates":[[-0.1739175462881267,51.49485046804499],[-0.17407876141520862,51.49488150938176],[-0.17443518359614094,51.494946935204524],[-0.17482363917646768,51.49494795392352],[-0.17519002355661467,51.49493311783383],[-0.17546272071707233,51.494914355073234],[-0.17613385885972088,51.494853690948105],[-0.17671299985271904,51.494798637776746],[-0.17856007090243778,51.494606577579844],[-0.17928860066614655,51.49454008015085],[-0.1796645670476224,51.49452574349509],[-0.1800275048583057,51.494565890941644],[-0.1811228533261591,51.494755799607105],[-0.181645151535569,51.49483940106227],[-0.18215366319104387,51.49491301037194],[-0.18247011626287865,51.49496649260039]]},"properties":{"id":"940GZZLUSKS-940GZZLUGTR-Piccadilly","source":"940GZZLUSKS","target":"940GZZLUGTR","sourceName":"South Kensington","targetName":"Gloucester Road","line":"Piccadilly","colour":"#003688","color":"#003688","traffic":0.2853,"off9":0.0,"off12":0.0,"off14":0.0},"id":531},{"type":"Feature","geometry":{"type":"LineString","coordinates":[[-0.17399399614082192,51.49557549813748],[-0.1743104286493954,51.49559058710247],[-0.1746566705884931,51.49558255597325],[-0.17495700880139178,51.4955793901359],[-0.17551410343588653,51.495551273736574],[-0.1763352784439081,51.49548169636804],[-0.17773566292562268,51.49536045191614],[-0.177813137270212,51.49535472542906],[-0.1779276148348581,51.49534438234938],[-0.17800406214251283,51.49533748360204],[-0.179031801041547,51.495247546227255],[-0.17931402262169216,51.49522876257878],[-0.1796371903068102,51.4952096631011],[-0.17981860854952525,51.495235534943866],[-0.17996148446486845,51.49528911976754],[-0.18026868076670458,51.49537510733699],[-0.18051218446264375,51.49542859448816],[-0.1820982255745994,51.49580338835808]]},"properties":{"id":"940GZZLUSKS-940GZZLUGTR-Circle","source":"940GZZLUSKS","target":"940GZZLUGTR","sourceName":"South Kensington","targetName":"Gloucester Road","line":"Circle","colour":"#FFD300","color":"#FFD300","traffic":0.2853,"off9":0.0,"off12":0.0,"off14":0.0},"id":532},{"type":"Feature","geometry":{"type":"LineString","coordinates":[[-0.17406635533953876,51.494828827663746],[-0.1743285143246977,51.49484264355124],[-0.17463258529424655,51.494834677986624],[-0.1749185544006959,51.494831745067955],[-0.17542985171794326,51.49480508686829],[-0.17623178922195404,51.49473644818402],[-0.17763553146281133,51.49461502595807],[-0.177709918635106,51.49460946271453],[-0.17781945741742902,51.49459939117469],[-0.1778995310712564,51.49459229180102],[-0.1789428005207735,51.49450157311363],[-0.1792520113108461,51.49448173128939],[-0.1796647451534051,51.494461831550545],[-0.18001700040916999,51.494497677337364],[-0.18081342103198406,51.49466648959443],[-0.1823759644878881,51.495054042675825]]},"properties":{"id":"940GZZLUSKS-940GZZLUGTR-District","source":"940GZZLUSKS","target":"940GZZLUGTR","sourceName":"South Kensington","targetName":"Gloucester Road","line":"District","colour":"#00782A","color":"#00782A","traffic":0.2853,"off9":0.0,"off12":0.0,"off14":0.0},"id":533},{"type":"Feature","geometry":{"type":"LineString","coordinates":[[-0.17399399614082192,51.49557549813748],[-0.17387776499024116,51.49556756433053],[-0.1736380077507873,51.495559796994925],[-0.17293406817280998,51.49552733536101],[-0.1720545769471432,51.49547937859307],[-0.1719631794466803,51.495481624124714],[-0.17137417610120362,51.49552112396997],[-0.1709982798749454,51.49553830377987],[-0.17068248959726426,51.49554081714041],[-0.1703304604214808,51.49552908249344],[-0.1691733640486783,51.49548383847937],[-0.16758653722663544,51.495428925162635],[-0.16735627284169813,51.49541465404323],[-0.16686702484676122,51.49539032169265],[-0.16604045942360562,51.49534867782144],[-0.16378790766728937,51.49526763232733],[-0.16369446082916933,51.49526423203774],[-0.16312447506052508,51.49523017787419],[-0.16240717611456756,51.49518990335998],[-0.16172478344046615,51.49513505060727],[-0.1610273962181962,51.495061627999775],[-0.16043382081938698,51.494979178882495],[-0.15965946697423244,51.49483529240755],[-0.1592045701359933,51.49474525637487],[-0.1588621535849401,51.494671211020126],[-0.15794662111870653,51.494422198971556],[-0.15711525265479687,51.494181037336915],[-0.15648487933889582,51.49398730144848],[-0.15571382890930446,51.49376906561242]]},"properties":{"id":"940GZZLUSKS-940GZZLUSSQ-Circle","source":"940GZZLUSKS","target":"940GZZLUSSQ","sourceName":"South Kensington","targetName":"Sloane Square","line":"Circle","colour":"#FFD300","color":"#FFD300","traffic":0.4566,"off9":0.0,"off12":0.0,"off14":0.0},"id":534},{"type":"Feature","geometry":{"type":"LineString","coordinates":[[-0.17406635533953876,51.494828827663746],[-0.17393318249512058,51.49482033216527],[-0.17368530387539366,51.49481234849746],[-0.172993334086405,51.49478021768051],[-0.1720777384735716,51.494731489296534],[-0.17191643972334014,51.49473416206236],[-0.1713056880506018,51.49477431198499],[-0.1709627899374727,51.49479060188993],[-0.17069889479863212,51.49479285857021],[-0.1703759802107404,51.49478159124672],[-0.16921768202433915,51.494736319239685],[-0.16764596861331774,51.49468181258132],[-0.16742433642084908,51.494667827021615],[-0.1669265124233806,51.49464321084633],[-0.1660920297118028,51.49460133891072],[-0.1638365038336447,51.494520216163664],[-0.16375378041458466,51.49451711601887],[-0.16319498753026254,51.494483438937095],[-0.16249108805728377,51.49444370167999],[-0.1618400917202331,51.49439047530363],[-0.1611806981090981,51.494319713999886],[-0.16063526040969345,51.49424173944124],[-0.15989433348711624,51.49410169620377],[-0.15946438506799668,51.49401492818743],[-0.15916232679247008,51.493946905510064],[-0.15827751055935327,51.49370309948578],[-0.1574594763273984,51.49346436866846],[-0.1568215896694479,51.49326925072424],[-0.15603727362105266,51.49304865514014]]},"properties":{"id":"940GZZLUSKS-940GZZLUSSQ-District","source":"940GZZLUSKS","target":"940GZZLUSSQ","sourceName":"South Kensington","targetName":"Sloane Square","line":"District","colour":"#00782A","color":"#00782A","traffic":0.4566,"off9":0.0,"off12":0.0,"off14":0.0},"id":535},{"type":"Feature","geometry":{"type":"LineString","coordinates":[[-0.22432111082629977,51.50238073202],[-0.22429904449412727,51.50230667910062],[-0.22387628219157785,51.50024898823028],[-0.22347760871781264,51.49828575828533],[-0.22336837850146815,51.4977439799224],[-0.22332716599357255,51.49749683967581],[-0.22323518587195232,51.4970715029947],[-0.2231999607735737,51.496884429214965],[-0.22316698590920397,51.49670264304661],[-0.22310986465183866,51.496462931960686],[-0.22300391358842864,51.49594738873124],[-0.22293697795474823,51.49556629484441],[-0.22287960254713385,51.49528757688023],[-0.22286258043973464,51.495181412790764],[-0.22282846115263144,51.495009433309754],[-0.22279446696679717,51.49483845064864],[-0.22263119821954036,51.49397749447596],[-0.22261792924927384,51.493903767262395],[-0.22260362088704028,51.493827384630464]]},"properties":{"id":"940GZZLUGHK-940GZZLUHSC-Circle","source":"940GZZLUGHK","target":"940GZZLUHSC","sourceName":"Goldhawk Road","targetName":"Hammersmith HC Line","line":"Circle","colour":"#FFD300","color":"#FFD300","traffic":0.0561,"off9":0.0,"off12":0.0,"off14":0.0},"id":536},{"type":"Feature","geometry":{"type":"LineString","coordinates":[[-0.22665393751804577,51.502020963920785],[-0.2266403,51.5019688],[-0.2262316,51.4999517],[-0.225834,51.4979921],[-0.225731,51.4974705],[-0.2256854,51.4972091],[-0.2255915,51.4967778],[-0.2255587,51.4965984],[-0.2255136,51.4963803],[-0.2254592,51.4961484],[-0.2253662,51.4956731],[-0.2252977,51.4952869],[-0.2252429,51.4950168],[-0.2252247,51.4949067],[-0.2251853,51.4947177],[-0.2251555,51.4945602],[-0.2249929,51.4937016],[-0.224979,51.4936258],[-0.22496323337672977,51.493544671742285]]},"properties":{"id":"940GZZLUGHK-940GZZLUHSC-Hammersmith & City","source":"940GZZLUGHK","target":"940GZZLUHSC","sourceName":"Goldhawk Road","targetName":"Hammersmith HC Line","line":"Hammersmith & City","colour":"#F3A9BB","color":"#F3A9BB","traffic":0.0561,"off9":0.0,"off12":0.0,"off14":0.0},"id":537},{"type":"Feature","geometry":{"type":"LineString","coordinates":[[-0.22432111082629977,51.50238073202],[-0.2243823194665214,51.5026241293795],[-0.22438376796274162,51.502632710140716],[-0.22441027177914583,51.502804058781145],[-0.22445524043996623,51.5029887969942],[-0.22444695027176642,51.503132392405604],[-0.22444819089969914,51.50328636513221],[-0.22444379047067736,51.50344497999448],[-0.2244172369778095,51.50375823149357],[-0.22439574725656672,51.503916352123845],[-0.224354772164657,51.50416157409197],[-0.22426686209119925,51.50454516387778],[-0.224207200754744,51.50487956796118],[-0.22416803614830288,51.505049822857885],[-0.2241209745781327,51.50520591654097],[-0.22410442279173345,51.505271436148156]]},"properties":{"id":"940GZZLUGHK-940GZZLUSBM-Circle","source":"940GZZLUGHK","target":"940GZZLUSBM","sourceName":"Goldhawk Road","targetName":"Shepherds Bush Market","line":"Circle","colour":"#FFD300","color":"#FFD300","traffic":0.0876,"off9":0.0,"off12":0.0,"off14":0.0},"id":538},{"type":"Feature","geometry":{"type":"LineString","coordinates":[[-0.22665393751804577,51.502020963920785],[-0.2267226,51.5022836],[-0.2267313,51.5023121],[-0.2267614,51.5024938],[-0.2268289,51.5027542],[-0.2268488,51.5030785],[-0.2268513,51.5033105],[-0.2268408,51.5035543],[-0.2267988,51.5039597],[-0.2267618,51.5041793],[-0.2267074,51.5044677],[-0.2266189,51.5048531],[-0.2265499,51.505214],[-0.2264908,51.5054344],[-0.2264608,51.5055481],[-0.22645117590897748,51.505594724130006]]},"properties":{"id":"940GZZLUGHK-940GZZLUSBM-Hammersmith & City","source":"940GZZLUGHK","target":"940GZZLUSBM","sourceName":"Goldhawk Road","targetName":"Shepherds Bush Market","line":"Hammersmith & City","colour":"#F3A9BB","color":"#F3A9BB","traffic":0.0876,"off9":0.0,"off12":0.0,"off14":0.0},"id":539},{"type":"Feature","geometry":{"type":"LineString","coordinates":[[-0.22260362088704028,51.493827384630464],[-0.22261792924927384,51.493903767262395],[-0.22263119821954036,51.49397749447596],[-0.22279446696679717,51.49483845064864],[-0.22282846115263144,51.495009433309754],[-0.22286258043973464,51.495181412790764],[-0.22287960254713385,51.49528757688023],[-0.22293697795474823,51.49556629484441],[-0.22300391358842864,51.49594738873124],[-0.22310986465183866,51.496462931960686],[-0.22316698590920397,51.49670264304661],[-0.2231999607735737,51.496884429214965],[-0.22323518587195232,51.4970715029947],[-0.22332716599357255,51.49749683967581],[-0.22336837850146815,51.4977439799224],[-0.22347760871781264,51.49828575828533],[-0.22387628219157785,51.50024898823028],[-0.22429904449412727,51.50230667910062],[-0.22432111082629977,51.50238073202]]},"properties":{"id":"940GZZLUHSC-940GZZLUGHK-Circle","source":"940GZZLUHSC","target":"940GZZLUGHK","sourceName":"Hammersmith HC Line","targetName":"Goldhawk Road","line":"Circle","colour":"#FFD300","color":"#FFD300","traffic":0.0716,"off9":0.0,"off12":0.0,"off14":0.0},"id":540},{"type":"Feature","geometry":{"type":"LineString","coordinates":[[-0.22496323337672977,51.493544671742285],[-0.224979,51.4936258],[-0.2249929,51.4937016],[-0.2251555,51.4945602],[-0.2251853,51.4947177],[-0.2252247,51.4949067],[-0.2252429,51.4950168],[-0.2252977,51.4952869],[-0.2253662,51.4956731],[-0.2254592,51.4961484],[-0.2255136,51.4963803],[-0.2255587,51.4965984],[-0.2255915,51.4967778],[-0.2256854,51.4972091],[-0.225731,51.4974705],[-0.225834,51.4979921],[-0.2262316,51.4999517],[-0.2266403,51.5019688],[-0.22665393751804577,51.502020963920785]]},"properties":{"id":"940GZZLUHSC-940GZZLUGHK-Hammersmith & City","source":"940GZZLUHSC","target":"940GZZLUGHK","sourceName":"Hammersmith HC Line","targetName":"Goldhawk Road","line":"Hammersmith & City","colour":"#F3A9BB","color":"#F3A9BB","traffic":0.0716,"off9":0.0,"off12":0.0,"off14":0.0},"id":541},{"type":"Feature","geometry":{"type":"LineString","coordinates":[[-0.22410442279173345,51.505271436148156],[-0.22405193879965737,51.50551487705221],[-0.2238287728279313,51.50656271398752],[-0.22380327474591122,51.50668867265267],[-0.22376140910496461,51.506929041513565],[-0.22373463232956123,51.50705948590615],[-0.223715740389187,51.50718312873938],[-0.22363365510650365,51.50735167808684],[-0.22361938289737548,51.50742178354331],[-0.22361358317140628,51.50748388396597],[-0.22358487876757702,51.50756776861729],[-0.22353091024092211,51.50768197214625],[-0.22345897271248444,51.50781405042338],[-0.22338910250454877,51.5079351241151],[-0.22332477221777056,51.50803825367838],[-0.22322838461703765,51.508155670596445],[-0.22312130857537998,51.50828664633181],[-0.2230336289762541,51.50838886015083],[-0.2229676996367905,51.50845077577107]]},"properties":{"id":"940GZZLUSBM-940GZZLUWLA-Circle","source":"940GZZLUSBM","target":"940GZZLUWLA","sourceName":"Shepherds Bush Market","targetName":"Wood Lane","line":"Circle","colour":"#FFD300","color":"#FFD300","traffic":0.1062,"off9":0.0,"off12":0.0,"off14":0.0},"id":542},{"type":"Feature","geometry":{"type":"LineString","coordinates":[[-0.22645117590897748,51.505594724130006],[-0.2264042,51.5058223],[-0.2261794,51.5068751],[-0.2261503,51.5070114],[-0.226078,51.507328],[-0.2260058,51.5075493],[-0.2259226,51.507776],[-0.2258332,51.507955],[-0.2257923,51.5080614],[-0.2256958,51.5082313],[-0.2256157,51.5083681],[-0.2254957,51.5085438],[-0.2253615,51.5087284],[-0.2252131,51.5089095],[-0.2250738,51.5090645],[-0.2249238,51.5092162],[-0.2247485,51.5093878],[-0.2245774,51.5095356],[-0.22448356168145017,51.50961184967388]]},"properties":{"id":"940GZZLUSBM-940GZZLUWLA-Hammersmith & City","source":"940GZZLUSBM","target":"940GZZLUWLA","sourceName":"Shepherds Bush Market","targetName":"Wood Lane","line":"Hammersmith & City","colour":"#F3A9BB","color":"#F3A9BB","traffic":0.1062,"off9":0.0,"off12":0.0,"off14":0.0},"id":543},{"type":"Feature","geometry":{"type":"LineString","coordinates":[[-0.22410442279173345,51.505271436148156],[-0.2241209745781327,51.50520591654097],[-0.22416803614830288,51.505049822857885],[-0.224207200754744,51.50487956796118],[-0.22426686209119925,51.50454516387778],[-0.224354772164657,51.50416157409197],[-0.22439574725656672,51.503916352123845],[-0.2244172369778095,51.50375823149357],[-0.22444379047067736,51.50344497999448],[-0.22444819089969914,51.50328636513221],[-0.22444695027176642,51.503132392405604],[-0.22445524043996623,51.5029887969942],[-0.22441027177914583,51.502804058781145],[-0.22438376796274162,51.502632710140716],[-0.2243823194665214,51.5026241293795],[-0.22432111082629977,51.50238073202]]},"properties":{"id":"940GZZLUSBM-940GZZLUGHK-Circle","source":"940GZZLUSBM","target":"940GZZLUGHK","sourceName":"Shepherds Bush Market","targetName":"Goldhawk Road","line":"Circle","colour":"#FFD300","color":"#FFD300","traffic":0.059,"off9":0.0,"off12":0.0,"off14":0.0},"id":544},{"type":"Feature","geometry":{"type":"LineString","coordinates":[[-0.22645117590897748,51.505594724130006],[-0.2264608,51.5055481],[-0.2264908,51.5054344],[-0.2265499,51.505214],[-0.2266189,51.5048531],[-0.2267074,51.5044677],[-0.2267618,51.5041793],[-0.2267988,51.5039597],[-0.2268408,51.5035543],[-0.2268513,51.5033105],[-0.2268488,51.5030785],[-0.2268289,51.5027542],[-0.2267614,51.5024938],[-0.2267313,51.5023121],[-0.2267226,51.5022836],[-0.22665393751804577,51.502020963920785]]},"properties":{"id":"940GZZLUSBM-940GZZLUGHK-Hammersmith & City","source":"940GZZLUSBM","target":"940GZZLUGHK","sourceName":"Shepherds Bush Market","targetName":"Goldhawk Road","line":"Hammersmith & City","colour":"#F3A9BB","color":"#F3A9BB","traffic":0.059,"off9":0.0,"off12":0.0,"off14":0.0},"id":545},{"type":"Feature","geometry":{"type":"LineString","coordinates":[[-0.13431594761571514,51.52064197443719],[-0.1342306,51.5205525],[-0.1322281,51.5186402],[-0.13077,51.5170681],[-0.13041650540942462,51.51642243834041]]},"properties":{"id":"940GZZLUGDG-940GZZLUTCR-Northern","source":"940GZZLUGDG","target":"940GZZLUTCR","sourceName":"Goodge Street","targetName":"Tottenham Court Road","line":"Northern","colour":"#000000","color":"#000000","traffic":0.3391,"off9":0.0,"off12":0.0,"off14":0.0},"id":546},{"type":"Feature","geometry":{"type":"LineString","coordinates":[[-0.13440151927694222,51.520559955371446],[-0.1366273,51.5228698],[-0.1373356,51.5236732],[-0.1380159,51.5245174],[-0.13827580257923663,51.524976582272934]]},"properties":{"id":"940GZZLUGDG-940GZZLUWRR-Northern","source":"940GZZLUGDG","target":"940GZZLUWRR","sourceName":"Goodge Street","targetName":"Warren Street","line":"Northern","colour":"#000000","color":"#000000","traffic":0.1514,"off9":0.0,"off12":0.0,"off14":0.0},"id":547},{"type":"Feature","geometry":{"type":"LineString","coordinates":[[-0.13041650540942462,51.51642243834041],[-0.13077,51.5170681],[-0.1322281,51.5186402],[-0.1342306,51.5205525],[-0.13431594761571514,51.52064197443719]]},"properties":{"id":"940GZZLUTCR-940GZZLUGDG-Northern","source":"940GZZLUTCR","target":"940GZZLUGDG","sourceName":"Tottenham Court Road","targetName":"Goodge Street","line":"Northern","colour":"#000000","color":"#000000","traffic":0.2066,"off9":0.0,"off12":0.0,"off14":0.0},"id":548},{"type":"Feature","geometry":{"type":"LineString","coordinates":[[-0.13041650540942462,51.51642243834041],[-0.130257,51.5161311],[-0.1298795,51.5153108],[-0.1298428,51.5152395],[-0.1295624,51.5142286],[-0.1292277,51.5135043],[-0.1291284,51.5133243],[-0.1290075,51.5131293],[-0.1286892,51.5126122],[-0.1284467,51.5122506],[-0.1284053,51.5121391],[-0.1283719,51.5120312],[-0.1283659,51.512005],[-0.1283486,51.5119071],[-0.1283281,51.5117756],[-0.1282939,51.5115114],[-0.12830022527910168,51.51137994790757]]},"properties":{"id":"940GZZLUTCR-940GZZLULSQ-Northern","source":"940GZZLUTCR","target":"940GZZLULSQ","sourceName":"Tottenham Court Road","targetName":"Leicester Square","line":"Northern","colour":"#000000","color":"#000000","traffic":0.2482,"off9":0.0,"off12":0.0,"off14":0.0},"id":549},{"type":"Feature","geometry":{"type":"LineString","coordinates":[[-0.1304121676780532,51.51644626760065],[-0.129849,51.5165065],[-0.1290331,51.5166419],[-0.1279161,51.516821],[-0.1264186,51.5170063],[-0.1252581,51.5171424],[-0.1246073,51.5172042],[-0.1241424,51.5172443],[-0.1227724,51.5173589],[-0.1222742,51.5174016],[-0.1212144,51.5175018],[-0.12047427211231133,51.51757236553706]]},"properties":{"id":"940GZZLUTCR-940GZZLUHBN-Central","source":"940GZZLUTCR","target":"940GZZLUHBN","sourceName":"Tottenham Court Road","targetName":"Holborn","line":"Central","colour":"#E32017","color":"#E32017","traffic":0.56,"off9":0.0,"off12":0.0,"off14":0.0},"id":550},{"type":"Feature","geometry":{"type":"LineString","coordinates":[[-0.1304010443857211,51.516337364228654],[-0.131045,51.5162723],[-0.1327997,51.5161338],[-0.1328803,51.5161252],[-0.1343306,51.5160236],[-0.1379109,51.5156639],[-0.1396658,51.5154888],[-0.1402341,51.5154251],[-0.1407785,51.5153611],[-0.1413645,51.5152942],[-0.14190505508477988,51.51524809438905]]},"properties":{"id":"940GZZLUTCR-940GZZLUOXC-Central","source":"940GZZLUTCR","target":"940GZZLUOXC","sourceName":"Tottenham Court Road","targetName":"Oxford Circus","line":"Central","colour":"#E32017","color":"#E32017","traffic":0.4867,"off9":0.0,"off12":0.0,"off14":0.0},"id":551},{"type":"Feature","geometry":{"type":"LineString","coordinates":[[-0.15263547545062175,51.503825076695456],[-0.15082646214072923,51.50411009294845],[-0.15037796757166702,51.504195372204826],[-0.15004603139708575,51.50426719891447],[-0.14970012997463134,51.504359825550466],[-0.1493661340736804,51.50446738280019],[-0.14905727845474154,51.504591526775194],[-0.14858897228582083,51.50479764575861],[-0.14811280134084243,51.5050556498107],[-0.14627763548804673,51.50601110698027],[-0.14444438769039206,51.506928373064596],[-0.14327535301198435,51.50751487261017]]},"properties":{"id":"940GZZLUHPC-940GZZLUGPK-Piccadilly","source":"940GZZLUHPC","target":"940GZZLUGPK","sourceName":"Hyde Park Corner","targetName":"Green Park","line":"Piccadilly","colour":"#003688","color":"#003688","traffic":0.3797,"off9":0.0,"off12":0.0,"off14":0.0},"id":552},{"type":"Feature","geometry":{"type":"LineString","coordinates":[[-0.1522018131537279,51.502216117676895],[-0.15235483970243277,51.502188775108216],[-0.15267010766597805,51.50214145923645],[-0.15329175512775356,51.50204340969512],[-0.1540133812367142,51.50193789291487],[-0.1547237575580511,51.50183373131433],[-0.15524928353672032,51.501756473168534],[-0.1556523450493928,51.50168522163621],[-0.15614326767850728,51.50159604829569],[-0.1565266604681025,51.50154965445126],[-0.15687343004806437,51.50152353823296],[-0.15758291866221272,51.50148446388905],[-0.15791496981787245,51.50146150042853],[-0.15810128501408033,51.50143667524621],[-0.15829837921037468,51.50140363711752],[-0.1585207372454043,51.501364560091666],[-0.1588722714015527,51.50129483079136],[-0.1589709320709474,51.50127415269099],[-0.15943892562314765,51.5011791508294],[-0.15996163021640278,51.50107698315903],[-0.16015448993295373,51.50102288185009],[-0.16016737562165617,51.5010144407451]]},"properties":{"id":"940GZZLUHPC-940GZZLUKNB-Piccadilly","source":"940GZZLUHPC","target":"940GZZLUKNB","sourceName":"Hyde Park Corner","targetName":"Knightsbridge","line":"Piccadilly","colour":"#003688","color":"#003688","traffic":0.3594,"off9":0.0,"off12":0.0,"off14":0.0},"id":553},{"type":"Feature","geometry":{"type":"LineString","coordinates":[[-0.1432789045813931,51.49647966232557],[-0.1432385,51.4965389],[-0.1430645,51.4967722],[-0.142876,51.4969968],[-0.1427545,51.4971415],[-0.1426905,51.4972299],[-0.1426533,51.4972813],[-0.1422803,51.4978004],[-0.141483,51.4988127],[-0.1410038,51.4996495],[-0.1406149,51.5005709],[-0.1403881,51.5012993],[-0.1403343,51.5017901],[-0.1403882,51.5022439],[-0.1405476,51.5028081],[-0.141056,51.5041567],[-0.1414815,51.5050369],[-0.1417807,51.5055608],[-0.142581,51.5066493],[-0.142649,51.5067462],[-0.14278894343748347,51.5069456362998]]},"properties":{"id":"940GZZLUVIC-940GZZLUGPK-Victoria","source":"940GZZLUVIC","target":"940GZZLUGPK","sourceName":"Victoria","targetName":"Green Park","line":"Victoria","colour":"#0098D4","color":"#0098D4","traffic":0.9841,"off9":0.0,"off12":0.0,"off14":0.0},"id":554},{"type":"Feature","geometry":{"type":"LineString","coordinates":[[-0.1430561473108803,51.49632728035295],[-0.1431893,51.4961348],[-0.1432968,51.4959564],[-0.1433883,51.4957774],[-0.1435264,51.4952799],[-0.143598,51.4949146],[-0.1436912,51.494279],[-0.1437674,51.4935941],[-0.1435464,51.4931047],[-0.1432303,51.4927166],[-0.1427151,51.4920532],[-0.1422703,51.4916277],[-0.1416565,51.4911666],[-0.1412113,51.4908727],[-0.1404631,51.4905067],[-0.1397573,51.4901745],[-0.1392879,51.4900068],[-0.138848,51.4898656],[-0.1381227,51.4896703],[-0.1371521,51.489496],[-0.1359928,51.4893641],[-0.1350023,51.4893014],[-0.134254,51.4892267],[-0.13375269368415765,51.48916829312867]]},"properties":{"id":"940GZZLUVIC-940GZZLUPCO-Victoria","source":"940GZZLUVIC","target":"940GZZLUPCO","sourceName":"Victoria","targetName":"Pimlico","line":"Victoria","colour":"#0098D4","color":"#0098D4","traffic":0.3659,"off9":0.0,"off12":0.0,"off14":0.0},"id":555},{"type":"Feature","geometry":{"type":"LineString","coordinates":[[-0.14335740872940272,51.49784799368083],[-0.1433647857147171,51.49784709016574],[-0.143453462889134,51.49783716827961],[-0.14351051426266176,51.497831160218354],[-0.14356678469253153,51.49782417064307],[-0.14365007239253183,51.49782198990934],[-0.14376581081462966,51.497821153855604],[-0.14389492957720415,51.497821556432044],[-0.14415615534860365,51.497820703247626],[-0.14446504557177658,51.49780806240436],[-0.14471329419483484,51.49778512332956],[-0.14488163285981706,51.49776823245911],[-0.14507779199191442,51.49774624952398],[-0.14533774227261828,51.49770627964638],[-0.14568040269380447,51.4976429486854],[-0.1460103815453931,51.497562200273435],[-0.14629679215577812,51.49747918683223],[-0.14653301048236286,51.49740236179203],[-0.14679406822408309,51.49730939456622],[-0.14701202352763992,51.497224670359365],[-0.1473182879988699,51.49710076439008],[-0.14775549780986322,51.49688872567115],[-0.14816065517885726,51.49663120948454],[-0.14848773067499407,51.49638092432098],[-0.14908778010842966,51.49569531914197],[-0.1497370033155525,51.49486766649389],[-0.14975996608267117,51.494802870815406],[-0.1498014746044232,51.49471658147557],[-0.1498402983120168,51.494660433236916],[-0.1499822128055419,51.49454459061384],[-0.1501725560760501,51.494402804630454],[-0.15026764260153622,51.49433226127216],[-0.15048292616791073,51.49422067413773],[-0.1508202173292817,51.49402014923253],[-0.1510934953860789,51.493831217082175],[-0.15114677674209587,51.49378554697585],[-0.15143252468003165,51.49367248487203],[-0.15163213419612476,51.49360455673963],[-0.15177583531870742,51.493559443383255],[-0.15192311772102132,51.49352125034284],[-0.15205252750668144,51.493496207119534],[-0.1522375104840818,51.49347244325646],[-0.15242358281650753,51.49345253541495],[-0.15268178143887,51.49344242377506],[-0.15327870865284,51.49342947442915],[-0.15382974178701675,51.49341583214338],[-0.1539762580840415,51.493418080079735],[-0.15407802286618985,51.49342290075476],[-0.15411769604026995,51.49343294026719],[-0.15463808062767023,51.49353047412735],[-0.15511427333103608,51.493614532161644],[-0.15552294676647485,51.49370454820212],[-0.15553569137943607,51.493714832336096],[-0.15571382890930446,51.49376906561242]]},"properties":{"id":"940GZZLUVIC-940GZZLUSSQ-Circle","source":"940GZZLUVIC","target":"940GZZLUSSQ","sourceName":"Victoria","targetName":"Sloane Square","line":"Circle","colour":"#FFD300","color":"#FFD300","traffic":0.4142,"off9":0.0,"off12":0.0,"off14":0.0},"id":556},{"type":"Feature","geometry":{"type":"LineString","coordinates":[[-0.143229783622157,51.49710419715434],[-0.14323789285735855,51.49710324508287],[-0.143341681444567,51.497092384139805],[-0.1434104571313309,51.49708573010918],[-0.14350809234626577,51.49707703532154],[-0.1436321361962659,51.497074044954665],[-0.14376350540731483,51.4970731269278],[-0.14389551478860207,51.49707352821602],[-0.14412657767430184,51.49707290162382],[-0.1443730227858883,51.49706223120218],[-0.14458589709741743,51.49704131166478],[-0.14473936642990853,51.49702546622955],[-0.14489399599595726,51.49700702476199],[-0.1451085211363091,51.496971989823194],[-0.14539015134690225,51.4969170743427],[-0.14565834077269654,51.49684700013672],[-0.14590314607788912,51.49677244341612],[-0.1461032052411814,51.49670383089601],[-0.1463273841120416,51.49662009728311],[-0.14650906176381998,51.49654533517968],[-0.14674899399943495,51.49644203219504],[-0.14706924890493162,51.49627471283558],[-0.14736882758942862,51.49606860474227],[-0.14760551533749705,51.495873112160496],[-0.14816089005421473,51.49521935957099],[-0.14885455165777625,51.49436003324695],[-0.14893913304133566,51.4942566354077],[-0.14904838730221168,51.49413374073779],[-0.1491449491560084,51.49405041661846],[-0.14931600640277096,51.49392209530692],[-0.14955247803802504,51.49376210231522],[-0.14968442130076812,51.49367828063608],[-0.1498897130839553,51.49357018706886],[-0.15022260866464085,51.49337122461627],[-0.15058459769303947,51.493153608541085],[-0.1507306383710479,51.49308382348793],[-0.15107041234001586,51.492959242436015],[-0.15132051709806238,51.492882128369814],[-0.15151166765935375,51.49282972169163],[-0.15171550886051066,51.49278447517142],[-0.15189601375334075,51.49275455355976],[-0.1521172552420409,51.49272817162823],[-0.15234854140825377,51.49270596770748],[-0.152646840719435,51.49269471188753],[-0.15325155432642,51.492681637214574],[-0.15382287089350838,51.49266781607169],[-0.15400657904202075,51.49267029003987],[-0.1541619614330949,51.49267670037738],[-0.15428234802013496,51.49269197013359],[-0.15484374031383516,51.49279348706367],[-0.15533653666551805,51.49287941608082],[-0.15578887338323738,51.492975074101054],[-0.155839195689718,51.49299106616805],[-0.15603727362105266,51.49304865514014]]},"properties":{"id":"940GZZLUVIC-940GZZLUSSQ-District","source":"940GZZLUVIC","target":"940GZZLUSSQ","sourceName":"Victoria","targetName":"Sloane Square","line":"District","colour":"#00782A","color":"#00782A","traffic":0.4142,"off9":0.0,"off12":0.0,"off14":0.0},"id":557},{"type":"Feature","geometry":{"type":"LineString","coordinates":[[-0.14335740872940272,51.49784799368083],[-0.1433745430390121,51.49784976638201],[-0.14321209350773176,51.49789739949178],[-0.14293066097550666,51.49798097084284],[-0.14266337658291312,51.49806044740682],[-0.1424418840689027,51.49814316658193],[-0.14199680909524065,51.49831234894339],[-0.14156591869282045,51.49846095586781],[-0.14133012462352093,51.49852767208196],[-0.1410522605960777,51.498595345551244],[-0.1407464738225397,51.49865712520661],[-0.14043178739027581,51.49871061793378],[-0.14011647983570483,51.498758105128424],[-0.13982542938829035,51.49882276660447],[-0.13967062494606733,51.49886130663348],[-0.13952328858521512,51.498895740655634],[-0.13945929581494582,51.49891628633164],[-0.13934406152115877,51.498950744746764],[-0.13918682000255164,51.49899261729549],[-0.139140977095481,51.49901166581224],[-0.13901092505463208,51.49905951529971],[-0.13891281294437444,51.49909848755162],[-0.13879844677522402,51.49914382761133],[-0.1387083604692352,51.49918492024418],[-0.13863456291187629,51.49922552513294],[-0.13837354269980615,51.49936264421846],[-0.1378156805708293,51.499711751196195],[-0.13752842229750237,51.499859773792124],[-0.13718496822055767,51.50001153362466],[-0.13670377266757291,51.50019212181462],[-0.13640706278573325,51.50032784869493],[-0.13612438775885985,51.50041708907656],[-0.13590089797738086,51.5004975048833],[-0.1358684124785164,51.50050962825982],[-0.13570776419062774,51.50056540427203],[-0.1355012445354495,51.50062929223521],[-0.13516229706597996,51.50073062105163],[-0.13496283422922983,51.500786324922856],[-0.13477323525962967,51.5008378595603],[-0.13470023029851114,51.50085829967956],[-0.1342418732980191,51.50098779144769]]},"properties":{"id":"940GZZLUVIC-940GZZLUSJP-Circle","source":"940GZZLUVIC","target":"940GZZLUSJP","sourceName":"Victoria","targetName":"St Jamess Park","line":"Circle","colour":"#FFD300","color":"#FFD300","traffic":0.4614,"off9":0.0,"off12":0.0,"off14":0.0},"id":558},{"type":"Feature","geometry":{"type":"LineString","coordinates":[[-0.143229783622157,51.49710419715434],[-0.14318622151950605,51.49711098319101],[-0.14293659675386589,51.497169299745885],[-0.1426160804877533,51.497259035421415],[-0.14231968829145653,51.49734367370341],[-0.1420507420344513,51.49743588329096],[-0.1415865545476203,51.49760927447169],[-0.14117755934641024,51.49775307793391],[-0.1409811623117605,51.497811886040985],[-0.14075373029803886,51.49787077277563],[-0.14049878691126985,51.49792516260331],[-0.1402300436951379,51.49797320896689],[-0.1399109399178524,51.498021102564216],[-0.1395741146941452,51.49809128330224],[-0.13940346247303362,51.49813200331674],[-0.13924929429260754,51.49816742032782],[-0.1391568479074729,51.49819234316582],[-0.13903088076057937,51.49822857237338],[-0.13887001000127577,51.498271058647745],[-0.1387959885477405,51.498295132906115],[-0.138637112527316,51.49834860764986],[-0.13851730647218727,51.49839214377581],[-0.13838637338761195,51.49844116380566],[-0.13826893023461753,51.498488710122096],[-0.1381631814559381,51.49853746256647],[-0.13782717134990308,51.498696422109234],[-0.13722449028541459,51.4990605255981],[-0.13695851114875127,51.49920123689606],[-0.1366848841102789,51.49933136681233],[-0.13622918633378647,51.499504910907305],[-0.13594428139286668,51.49963752434746],[-0.13571664387942997,51.49971344453828],[-0.13549229898869042,51.49979405244165],[-0.13545875623925818,51.499806414129914],[-0.13530793209531392,51.49986000213601],[-0.1351268722677248,51.4999184961176],[-0.13481054853298993,51.500015360525815],[-0.1346275171146149,51.50006801246143],[-0.1344484176298148,51.500117679780146],[-0.13437381514925553,51.50013839983978],[-0.13392503423066582,51.50026623538595]]},"properties":{"id":"940GZZLUVIC-940GZZLUSJP-District","source":"940GZZLUVIC","target":"940GZZLUSJP","sourceName":"Victoria","targetName":"St Jamess Park","line":"District","colour":"#00782A","color":"#00782A","traffic":0.4614,"off9":0.0,"off12":0.0,"off14":0.0},"id":559},{"type":"Feature","geometry":{"type":"LineString","coordinates":[[-0.3460668338319143,51.542359061155345],[-0.3460828,51.5423632],[-0.3463023,51.5424202],[-0.3467307,51.5425287],[-0.3481124,51.5428747],[-0.3490087,51.5431086],[-0.3499481,51.5433486],[-0.3509751,51.5436177],[-0.3515146,51.5437631],[-0.3523661,51.5440035],[-0.3527195,51.5441013],[-0.3531447,51.5442269],[-0.3538872,51.5444327],[-0.3562184,51.5450441],[-0.3568771,51.5452181],[-0.3594858,51.5458975],[-0.3625966,51.546698],[-0.3642719,51.5471337],[-0.3657129,51.5474973],[-0.3661324,51.5475967],[-0.367171,51.5478206],[-0.3679047,51.5479891],[-0.36871089212783,51.548187733526525]]},"properties":{"id":"940GZZLUGFD-940GZZLUNHT-Central","source":"940GZZLUGFD","target":"940GZZLUNHT","sourceName":"Greenford","targetName":"Northolt","line":"Central","colour":"#E32017","color":"#E32017","traffic":0.0177,"off9":0.0,"off12":0.0,"off14":0.0},"id":560},{"type":"Feature","geometry":{"type":"LineString","coordinates":[[-0.3460668338319143,51.542359061155345],[-0.3459717,51.5423344],[-0.3458782,51.5423101],[-0.3458696,51.5423079],[-0.3456496,51.5422508],[-0.344706,51.5420154],[-0.3435846,51.5417175],[-0.3431866,51.5416109],[-0.3417063,51.5411726],[-0.3411266,51.5410197],[-0.3404979,51.5408841],[-0.3397915,51.5407376],[-0.3393703,51.5406479],[-0.3387979,51.54051],[-0.3352343,51.5395933],[-0.3346467,51.5394517],[-0.3336601,51.5392413],[-0.3326815,51.5390165],[-0.3296153,51.5382812],[-0.3260669,51.5373894],[-0.3242769,51.5368814],[-0.3240105,51.5368052],[-0.3234607224755391,51.53666090570797]]},"properties":{"id":"940GZZLUGFD-940GZZLUPVL-Central","source":"940GZZLUGFD","target":"940GZZLUPVL","sourceName":"Greenford","targetName":"Perivale","line":"Central","colour":"#E32017","color":"#E32017","traffic":0.1323,"off9":0.0,"off12":0.0,"off14":0.0},"id":561},{"type":"Feature","geometry":{"type":"LineString","coordinates":[[-0.36871089212783,51.548187733526525],[-0.3679047,51.5479891],[-0.367171,51.5478206],[-0.3661324,51.5475967],[-0.3657129,51.5474973],[-0.3642719,51.5471337],[-0.3625966,51.546698],[-0.3594858,51.5458975],[-0.3568771,51.5452181],[-0.3562184,51.5450441],[-0.3538872,51.5444327],[-0.3531447,51.5442269],[-0.3527195,51.5441013],[-0.3523661,51.5440035],[-0.3515146,51.5437631],[-0.3509751,51.5436177],[-0.3499481,51.5433486],[-0.3490087,51.5431086],[-0.3481124,51.5428747],[-0.3467307,51.5425287],[-0.3463023,51.5424202],[-0.3460828,51.5423632],[-0.3460668338319143,51.542359061155345]]},"properties":{"id":"940GZZLUNHT-940GZZLUGFD-Central","source":"940GZZLUNHT","target":"940GZZLUGFD","sourceName":"Northolt","targetName":"Greenford","line":"Central","colour":"#E32017","color":"#E32017","traffic":0.0961,"off9":0.0,"off12":0.0,"off14":0.0},"id":562},{"type":"Feature","geometry":{"type":"LineString","coordinates":[[-0.36868695553599196,51.5482835347785],[-0.3703661,51.548709],[-0.3704472,51.5487293],[-0.3717896,51.549073],[-0.3737206,51.5495635],[-0.3766454,51.5503078],[-0.3796284,51.551066],[-0.3819982,51.551668],[-0.3835169,51.5520512],[-0.3840545,51.5521762],[-0.3845241,51.5522762],[-0.3856653,51.5524716],[-0.3857624,51.5524862],[-0.3867124,51.5526189],[-0.3875159,51.5527478],[-0.3881799,51.5528862],[-0.388745,51.553024],[-0.3893241,51.5531888],[-0.3900173,51.5534135],[-0.3904233,51.5535601],[-0.3909396,51.5537581],[-0.3915252,51.5539897],[-0.3945829,51.5552097],[-0.3959033,51.5557372],[-0.3972286,51.5562833],[-0.3976496,51.55645],[-0.3980628,51.5566033],[-0.3983104,51.5566888],[-0.3983645,51.5567088],[-0.39890387021487644,51.55688673706625]]},"properties":{"id":"940GZZLUNHT-940GZZLUSRP-Central","source":"940GZZLUNHT","target":"940GZZLUSRP","sourceName":"Northolt","targetName":"South Ruislip","line":"Central","colour":"#E32017","color":"#E32017","traffic":0.0095,"off9":0.0,"off12":0.0,"off14":0.0},"id":563},{"type":"Feature","geometry":{"type":"LineString","coordinates":[[-0.3234607224755391,51.53666090570797],[-0.3240105,51.5368052],[-0.3242769,51.5368814],[-0.3260669,51.5373894],[-0.3296153,51.5382812],[-0.3326815,51.5390165],[-0.3336601,51.5392413],[-0.3346467,51.5394517],[-0.3352343,51.5395933],[-0.3387979,51.54051],[-0.3393703,51.5406479],[-0.3397915,51.5407376],[-0.3404979,51.5408841],[-0.3411266,51.5410197],[-0.3417063,51.5411726],[-0.3431866,51.5416109],[-0.3435846,51.5417175],[-0.344706,51.5420154],[-0.3456496,51.5422508],[-0.3458696,51.5423079],[-0.3458782,51.5423101],[-0.3459717,51.5423344],[-0.3460668338319143,51.542359061155345]]},"properties":{"id":"940GZZLUPVL-940GZZLUGFD-Central","source":"940GZZLUPVL","target":"940GZZLUGFD","sourceName":"Perivale","targetName":"Greenford","line":"Central","colour":"#E32017","color":"#E32017","traffic":0.0305,"off9":0.0,"off12":0.0,"off14":0.0},"id":564},{"type":"Feature","geometry":{"type":"LineString","coordinates":[[-0.32343580569797376,51.53675766408596],[-0.3234176,51.5367531],[-0.3228789,51.536613],[-0.3225593,51.5365308],[-0.3221545,51.5364299],[-0.321634,51.5362972],[-0.3196776,51.5358046],[-0.3194329,51.5357401],[-0.3097419,51.5332773],[-0.3094146,51.5331925],[-0.3081057,51.5328544],[-0.30765,51.5327241],[-0.3074176,51.5326657],[-0.3063849,51.5324064],[-0.3052009,51.5321216],[-0.3041558,51.5319194],[-0.3030912,51.5317276],[-0.3026038,51.5316467],[-0.3015393,51.5314856],[-0.3004686,51.5313355],[-0.2985862,51.5311111],[-0.2985152,51.5311015],[-0.2983777,51.531083],[-0.2954211,51.5306593],[-0.2945731,51.5305298],[-0.2932869,51.5302977],[-0.29270226829949797,51.530186069248344]]},"properties":{"id":"940GZZLUPVL-940GZZLUHGR-Central","source":"940GZZLUPVL","target":"940GZZLUHGR","sourceName":"Perivale","targetName":"Hanger Lane","line":"Central","colour":"#E32017","color":"#E32017","traffic":0.1512,"off9":0.0,"off12":0.0,"off14":0.0},"id":565},{"type":"Feature","geometry":{"type":"LineString","coordinates":[[-0.27626196257203295,51.49222211115643],[-0.286235962572033,51.47747711115643]]},"properties":{"id":"940GZZLUGBY-940GZZLUKWG-District","source":"940GZZLUGBY","target":"940GZZLUKWG","sourceName":"Gunnersbury","targetName":"Kew Gardens","line":"District","colour":"#00782A","color":"#00782A","traffic":0.0474,"off9":0.0,"off12":0.0,"off14":0.0},"id":566},{"type":"Feature","geometry":{"type":"LineString","coordinates":[[-0.27426226882079063,51.49321232380811],[-0.27345539358392573,51.49358020625614],[-0.27276115113315946,51.493870588704205],[-0.2719830982774432,51.494126222586154],[-0.27084997078481743,51.49438130603859],[-0.2700131546244546,51.49451487240377],[-0.2690889204454966,51.494628540732286],[-0.26817409894232463,51.49472416830141],[-0.26813181959068444,51.494727960637604],[-0.26752901659002354,51.49479172620837],[-0.2664209911624932,51.49490486947491],[-0.26282084073022055,51.49529049233225],[-0.26037215885048387,51.49553933642367],[-0.260239485067891,51.495555332078666],[-0.25954353220701976,51.495615704150865],[-0.2590629912485716,51.49563577369599],[-0.25841194797040806,51.495647963813305],[-0.25713807037530484,51.495692106727965],[-0.256084410819703,51.49574200219185],[-0.2556786743206501,51.49576558392777]]},"properties":{"id":"940GZZLUGBY-940GZZLUTNG-District","source":"940GZZLUGBY","target":"940GZZLUTNG","sourceName":"Gunnersbury","targetName":"Turnham Green","line":"District","colour":"#00782A","color":"#00782A","traffic":0.0861,"off9":0.0,"off12":0.0,"off14":0.0},"id":567},{"type":"Feature","geometry":{"type":"LineString","coordinates":[[-0.2860233192754529,51.47762550465791],[-0.30211831927545285,51.46380450465791]]},"properties":{"id":"940GZZLUKWG-940GZZLURMD-District","source":"940GZZLUKWG","target":"940GZZLURMD","sourceName":"Kew Gardens","targetName":"Richmond","line":"District","colour":"#00782A","color":"#00782A","traffic":0.0425,"off9":0.0,"off12":0.0,"off14":0.0},"id":568},{"type":"Feature","geometry":{"type":"LineString","coordinates":[[-0.28424603742796706,51.47663888884357],[-0.274272037427967,51.491383888843565]]},"properties":{"id":"940GZZLUKWG-940GZZLUGBY-District","source":"940GZZLUKWG","target":"940GZZLUGBY","sourceName":"Kew Gardens","targetName":"Gunnersbury","line":"District","colour":"#00782A","color":"#00782A","traffic":0.0748,"off9":0.0,"off12":0.0,"off14":0.0},"id":569},{"type":"Feature","geometry":{"type":"LineString","coordinates":[[-0.23578228393571818,51.49476838649047],[-0.23574100630058817,51.49476325026574],[-0.23553554784418484,51.494752778605836],[-0.2347773670422141,51.494731121208666],[-0.23457266968428667,51.49472351895578],[-0.23408216737176468,51.49470586371325],[-0.2338144892193354,51.49468560920128],[-0.2333626617215254,51.49464392175753],[-0.232927874340836,51.49459295676193],[-0.23271641829968126,51.49456676428114],[-0.232305268636909,51.49452235905731],[-0.23187436405048445,51.49449118106122],[-0.2313673773799235,51.49446171108505],[-0.2302973884546222,51.49439206649077],[-0.23004338958381051,51.49437381797885],[-0.22963117739962147,51.49434442544034],[-0.2294497638508997,51.49433272438121],[-0.22881475725036823,51.49428764488355],[-0.22836101613877588,51.494306470843455],[-0.22775170185326044,51.49437170327558],[-0.22742329084938104,51.49439964282413],[-0.22717692911711385,51.494407019099334],[-0.22694512444692758,51.49440744252312],[-0.22674215926165947,51.49439890769904],[-0.22655927580815013,51.494382755037854],[-0.22631145212241943,51.494358174182004],[-0.22590817189787027,51.4942890824274],[-0.22554879774377082,51.494201753429856],[-0.22506584026990006,51.494058663909215],[-0.22430955542434144,51.49379799484773],[-0.22407114677152548,51.49371663374382],[-0.22372702900258418,51.4935733139061],[-0.22352151530736453,51.49346527710141],[-0.22328308483923115,51.4933042988562],[-0.22303737210457172,51.49308973785264],[-0.22278691787744068,51.492853565769025]]},"properties":{"id":"940GZZLURVP-940GZZLUHSD-District","source":"940GZZLURVP","target":"940GZZLUHSD","sourceName":"Ravenscourt Park","targetName":"Hammersmith DistPicc Line","line":"District","colour":"#00782A","color":"#00782A","traffic":0.2176,"off9":0.0,"off12":0.0,"off14":0.0},"id":570},{"type":"Feature","geometry":{"type":"LineString","coordinates":[[-0.23578228393571818,51.49476838649047],[-0.23600992161012033,51.49479259761799],[-0.23622480423550393,51.494823539201114],[-0.23667495239146902,51.49490337199283],[-0.2369296442206819,51.49494888517073],[-0.23780656140127499,51.495107212093934],[-0.23869872473602377,51.495254428351295],[-0.23907100660463584,51.495311752599875],[-0.23944492255200184,51.495365300688675],[-0.2396377329011229,51.495388944791955],[-0.24033446429482197,51.49548186803163],[-0.24096853193538587,51.49554207626314],[-0.2416135727232768,51.495589869430084],[-0.24227717387639483,51.49562524545694],[-0.24282785679222674,51.49564212730666],[-0.2433367067702058,51.49564287149988],[-0.2438285841401332,51.49563031811229],[-0.2442811257812841,51.49561227207275],[-0.24471300621861986,51.49559627494089],[-0.24501357858838582,51.495584138590175],[-0.24518156669854482,51.495579690579035],[-0.245447864041308,51.495580917298284],[-0.2456443006898485,51.495590019871756]]},"properties":{"id":"940GZZLURVP-940GZZLUSFB-District","source":"940GZZLURVP","target":"940GZZLUSFB","sourceName":"Ravenscourt Park","targetName":"Stamford Brook","line":"District","colour":"#00782A","color":"#00782A","traffic":0.1142,"off9":0.0,"off12":0.0,"off14":0.0},"id":571},{"type":"Feature","geometry":{"type":"LineString","coordinates":[[-0.292704,51.530177],[-0.259755,51.523524]]},"properties":{"id":"940GZZLUHGR-940GZZLUNAN-Central","source":"940GZZLUHGR","target":"940GZZLUNAN","sourceName":"Hanger Lane","targetName":"North Acton","line":"Central","colour":"#E32017","color":"#E32017","traffic":0.1751,"off9":0.0,"off12":0.0,"off14":0.0},"id":572},{"type":"Feature","geometry":{"type":"LineString","coordinates":[[-0.29270226829949797,51.530186069248344],[-0.2932869,51.5302977],[-0.2945731,51.5305298],[-0.2954211,51.5306593],[-0.2983777,51.531083],[-0.2985152,51.5311015],[-0.2985862,51.5311111],[-0.3004686,51.5313355],[-0.3015393,51.5314856],[-0.3026038,51.5316467],[-0.3030912,51.5317276],[-0.3041558,51.5319194],[-0.3052009,51.5321216],[-0.3063849,51.5324064],[-0.3074176,51.5326657],[-0.30765,51.5327241],[-0.3081057,51.5328544],[-0.3094146,51.5331925],[-0.3097419,51.5332773],[-0.3194329,51.5357401],[-0.3196776,51.5358046],[-0.321634,51.5362972],[-0.3221545,51.5364299],[-0.3225593,51.5365308],[-0.3228789,51.536613],[-0.3234176,51.5367531],[-0.32343580569797376,51.53675766408596]]},"properties":{"id":"940GZZLUHGR-940GZZLUPVL-Central","source":"940GZZLUHGR","target":"940GZZLUPVL","sourceName":"Hanger Lane","targetName":"Perivale","line":"Central","colour":"#E32017","color":"#E32017","traffic":0.0345,"off9":0.0,"off12":0.0,"off14":0.0},"id":573},{"type":"Feature","geometry":{"type":"LineString","coordinates":[[-0.257883,51.53631],[-0.244283,51.532259]]},"properties":{"id":"940GZZLUHSN-940GZZLUWJN-Bakerloo","source":"940GZZLUHSN","target":"940GZZLUWJN","sourceName":"Harlesden","targetName":"Willesden Junction","line":"Bakerloo","colour":"#B36305","color":"#B36305","traffic":0.0803,"off9":0.0,"off12":0.0,"off14":0.0},"id":574},{"type":"Feature","geometry":{"type":"LineString","coordinates":[[-0.257883,51.53631],[-0.275892,51.543959]]},"properties":{"id":"940GZZLUHSN-940GZZLUSGP-Bakerloo","source":"940GZZLUHSN","target":"940GZZLUSGP","sourceName":"Harlesden","targetName":"Stonebridge Park","line":"Bakerloo","colour":"#B36305","color":"#B36305","traffic":0.0231,"off9":0.0,"off12":0.0,"off14":0.0},"id":575},{"type":"Feature","geometry":{"type":"LineString","coordinates":[[-0.244283,51.532259],[-0.225016,51.530539]]},"properties":{"id":"940GZZLUWJN-940GZZLUKSL-Bakerloo","source":"940GZZLUWJN","target":"940GZZLUKSL","sourceName":"Willesden Junction","targetName":"Kensal Green","line":"Bakerloo","colour":"#B36305","color":"#B36305","traffic":0.0744,"off9":0.0,"off12":0.0,"off14":0.0},"id":576},{"type":"Feature","geometry":{"type":"LineString","coordinates":[[-0.244283,51.532259],[-0.257883,51.53631]]},"properties":{"id":"940GZZLUWJN-940GZZLUHSN-Bakerloo","source":"940GZZLUWJN","target":"940GZZLUHSN","sourceName":"Willesden Junction","targetName":"Harlesden","line":"Bakerloo","colour":"#B36305","color":"#B36305","traffic":0.0312,"off9":0.0,"off12":0.0,"off14":0.0},"id":577},{"type":"Feature","geometry":{"type":"LineString","coordinates":[[-0.275892,51.543959],[-0.296852,51.552304]]},"properties":{"id":"940GZZLUSGP-940GZZLUWYC-Bakerloo","source":"940GZZLUSGP","target":"940GZZLUWYC","sourceName":"Stonebridge Park","targetName":"Wembley Central","line":"Bakerloo","colour":"#B36305","color":"#B36305","traffic":0.0199,"off9":0.0,"off12":0.0,"off14":0.0},"id":578},{"type":"Feature","geometry":{"type":"LineString","coordinates":[[-0.275892,51.543959],[-0.257883,51.53631]]},"properties":{"id":"940GZZLUSGP-940GZZLUHSN-Bakerloo","source":"940GZZLUSGP","target":"940GZZLUHSN","sourceName":"Stonebridge Park","targetName":"Harlesden","line":"Bakerloo","colour":"#B36305","color":"#B36305","traffic":0.0739,"off9":0.0,"off12":0.0,"off14":0.0},"id":579},{"type":"Feature","geometry":{"type":"LineString","coordinates":[[-0.335217,51.592268],[-0.31691,51.581756]]},"properties":{"id":"940GZZLUHAW-940GZZLUKEN-Bakerloo","source":"940GZZLUHAW","target":"940GZZLUKEN","sourceName":"Harrow  Wealdstone","targetName":"Kenton","line":"Bakerloo","colour":"#B36305","color":"#B36305","traffic":0.0175,"off9":0.0,"off12":0.0,"off14":0.0},"id":580},{"type":"Feature","geometry":{"type":"LineString","coordinates":[[-0.31691,51.581756],[-0.308433,51.570232]]},"properties":{"id":"940GZZLUKEN-940GZZLUSKT-Bakerloo","source":"940GZZLUKEN","target":"940GZZLUSKT","sourceName":"Kenton","targetName":"South Kenton","line":"Bakerloo","colour":"#B36305","color":"#B36305","traffic":0.0262,"off9":0.0,"off12":0.0,"off14":0.0},"id":581},{"type":"Feature","geometry":{"type":"LineString","coordinates":[[-0.31691,51.581756],[-0.335217,51.592268]]},"properties":{"id":"940GZZLUKEN-940GZZLUHAW-Bakerloo","source":"940GZZLUKEN","target":"940GZZLUHAW","sourceName":"Kenton","targetName":"Harrow  Wealdstone","line":"Bakerloo","colour":"#B36305","color":"#B36305","traffic":0.0092,"off9":0.0,"off12":0.0,"off14":0.0},"id":582},{"type":"Feature","geometry":{"type":"LineString","coordinates":[[-0.33778353297104785,51.5779307457885],[-0.3359618355574344,51.577418539078785],[-0.33568611011873545,51.57734871427873],[-0.33545948655195973,51.57729449019968],[-0.3351444284236918,51.57722432686142],[-0.33459531666768616,51.57712038703999],[-0.3341035961696862,51.57704943786632],[-0.3340705734442299,51.577045684793475],[-0.3337778358283155,51.57701328331705],[-0.3334460630790458,51.57698869611596],[-0.33297161438756856,51.57696643116166],[-0.33251075119221407,51.5769598627629],[-0.3320622065363491,51.576961817181136],[-0.33142191458058834,51.576978214046036],[-0.33095962862452,51.57698679339382],[-0.3307138222997021,51.576992796989074],[-0.3295260289683173,51.577021960899074],[-0.3267930084419663,51.57708410587329],[-0.32625726416742495,51.57709555377022],[-0.3246003316164688,51.57712779634628],[-0.3237867188242277,51.57714204229219],[-0.3229935285889451,51.57714665742748],[-0.32211845408059747,51.577133869385115],[-0.321237992827722,51.57710934534381],[-0.32036780289632794,51.5770687465566],[-0.31949880307637946,51.577013140135904],[-0.31909387862944294,51.57697985552523],[-0.3186816456024956,51.576943103408624],[-0.3183037633618605,51.57690558854176]]},"properties":{"id":"940GZZLUHOH-940GZZLUNKP-Metropolitan","source":"940GZZLUHOH","target":"940GZZLUNKP","sourceName":"Harrow_on_the_Hill","targetName":"Northwick Park","line":"Metropolitan","colour":"#9B0056","color":"#9B0056","traffic":0.3545,"off9":0.0,"off12":0.0,"off14":0.0},"id":583},{"type":"Feature","geometry":{"type":"LineString","coordinates":[[-0.3391997075362356,51.578220094035586],[-0.3396197774195629,51.57824299096088],[-0.3398448311384516,51.578248244897196],[-0.3399603106157129,51.5782503428468],[-0.34058623813875344,51.578259686242085],[-0.341367106728377,51.578281226444346],[-0.3417136266651112,51.578290833382425],[-0.3431026795895918,51.57834193145577],[-0.343982645401297,51.57838216446539],[-0.34495788467973915,51.578430335462855],[-0.345483447545716,51.57846915356661],[-0.3459497135413993,51.578510065343956],[-0.3464001158261377,51.5785581994761],[-0.3467926385397043,51.57860477515693],[-0.3476174988715713,51.578728148630454],[-0.34796526759188023,51.57879539032816],[-0.3483434721260206,51.57887601211458],[-0.3488674407887372,51.57898156930983],[-0.349291503856582,51.57906736480783],[-0.34978247305814864,51.57916808331507],[-0.35036333096902345,51.57929280412251],[-0.35098360248896165,51.579422994785425],[-0.3514845337898003,51.57953619814106],[-0.35194102163352503,51.57964223565493],[-0.3524945675605403,51.57978145393018],[-0.3528062343081198,51.57986784893657],[-0.35292364720392566,51.5798995248906],[-0.3533755128627798,51.58003143726147],[-0.3537422019344289,51.580151618895044],[-0.35411213242267287,51.58028179840894],[-0.3544918092599683,51.58040970557314],[-0.35475109832440177,51.58050906742266],[-0.3548807426633079,51.580561329936934],[-0.3552921119531302,51.58068977475018],[-0.3567328138722872,51.58118921460185],[-0.35773208360569775,51.58153563707969],[-0.3605873342005826,51.58252120988562],[-0.36161803076483867,51.58287874427272],[-0.36274435293645396,51.58327517045625],[-0.36308055965042946,51.583389636705355],[-0.3632653033291996,51.58345537400588]]},"properties":{"id":"940GZZLUHOH-940GZZLUNHA-Metropolitan","source":"940GZZLUHOH","target":"940GZZLUNHA","sourceName":"Harrow_on_the_Hill","targetName":"North Harrow","line":"Metropolitan","colour":"#9B0056","color":"#9B0056","traffic":0.0484,"off9":0.0,"off12":0.0,"off14":0.0},"id":584},{"type":"Feature","geometry":{"type":"LineString","coordinates":[[-0.3391997075362356,51.578220094035586],[-0.3396197774195629,51.57824299096088],[-0.3398448311384516,51.578248244897196],[-0.3399603106157129,51.5782503428468],[-0.34058623813875344,51.578259686242085],[-0.341367106728377,51.578281226444346],[-0.3417136266651112,51.578290833382425],[-0.3431026795895918,51.57834193145577],[-0.343982645401297,51.57838216446539],[-0.34495788467973915,51.578430335462855],[-0.345483447545716,51.57846915356661],[-0.3459497135413993,51.578510065343956],[-0.3464001158261377,51.5785581994761],[-0.3467926385397043,51.57860477515693],[-0.3476174988715713,51.578728148630454],[-0.34796526759188023,51.57879539032816],[-0.3483434721260206,51.57887601211458],[-0.3488674407887372,51.57898156930983],[-0.349291503856582,51.57906736480783],[-0.34978247305814864,51.57916808331507],[-0.35036333096902345,51.57929280412251],[-0.35098360248896165,51.579422994785425],[-0.3514845337898003,51.57953619814106],[-0.35194102163352503,51.57964223565493],[-0.3524945675605403,51.57978145393018],[-0.3528062343081198,51.57986784893657],[-0.35292364720392566,51.5798995248906],[-0.3533755128627798,51.58003143726147],[-0.353565606883786,51.58009164054017]]},"properties":{"id":"940GZZLUHOH-940GZZLUWHW-Metropolitan","source":"940GZZLUHOH","target":"940GZZLUWHW","sourceName":"Harrow_on_the_Hill","targetName":"West Harrow","line":"Metropolitan","colour":"#9B0056","color":"#9B0056","traffic":0.0501,"off9":0.0,"off12":0.0,"off14":0.0},"id":585},{"type":"Feature","geometry":{"type":"LineString","coordinates":[[-0.3183037633618605,51.57690558854176],[-0.3186816456024956,51.576943103408624],[-0.31909387862944294,51.57697985552523],[-0.31949880307637946,51.577013140135904],[-0.32036780289632794,51.5770687465566],[-0.321237992827722,51.57710934534381],[-0.32211845408059747,51.577133869385115],[-0.3229935285889451,51.57714665742748],[-0.3237867188242277,51.57714204229219],[-0.3246003316164688,51.57712779634628],[-0.32625726416742495,51.57709555377022],[-0.3267930084419663,51.57708410587329],[-0.3295260289683173,51.577021960899074],[-0.3307138222997021,51.576992796989074],[-0.33095962862452,51.57698679339382],[-0.33142191458058834,51.576978214046036],[-0.3320622065363491,51.576961817181136],[-0.33251075119221407,51.5769598627629],[-0.33297161438756856,51.57696643116166],[-0.3334460630790458,51.57698869611596],[-0.3337778358283155,51.57701328331705],[-0.3340705734442299,51.577045684793475],[-0.3341035961696862,51.57704943786632],[-0.33459531666768616,51.57712038703999],[-0.3351444284236918,51.57722432686142],[-0.33545948655195973,51.57729449019968],[-0.33568611011873545,51.57734871427873],[-0.3359618355574344,51.577418539078785],[-0.33778353297104785,51.5779307457885]]},"properties":{"id":"940GZZLUNKP-940GZZLUHOH-Metropolitan","source":"940GZZLUNKP","target":"940GZZLUHOH","sourceName":"Northwick Park","targetName":"Harrow_on_the_Hill","line":"Metropolitan","colour":"#9B0056","color":"#9B0056","traffic":0.0951,"off9":0.0,"off12":0.0,"off14":0.0},"id":586},{"type":"Feature","geometry":{"type":"LineString","coordinates":[[-0.31829722766208585,51.576974833374244],[-0.31811440421811527,51.576956264562384],[-0.3178054067110383,51.57692230153106],[-0.317336423600641,51.576864005747446],[-0.3168751100280358,51.57680343545271],[-0.3161059212700774,51.576688743643096],[-0.31533895163582615,51.576560031768395],[-0.31450823037351605,51.57640504181199],[-0.31353581764332816,51.57620878056518],[-0.3129733819661619,51.57608511799414],[-0.312562371091642,51.57598794646994],[-0.3120347219147036,51.57585757974114],[-0.3115189335651686,51.57572326469006],[-0.3110192770606629,51.57558821561409],[-0.3100059521972111,51.575291413774636],[-0.30951803295926156,51.57514336923902],[-0.30904691716943217,51.574987311992864],[-0.3071759072336011,51.574355227924876],[-0.29991191729914257,51.571892872592684],[-0.29939888298911027,51.57172811607088],[-0.2988892549658463,51.57157423465245],[-0.29812099653454915,51.571338092719465],[-0.29776011085290305,51.57121984245528],[-0.29739489337857306,51.571096483600336],[-0.29586309030764124,51.57058156320489]]},"properties":{"id":"940GZZLUNKP-940GZZLUPRD-Metropolitan","source":"940GZZLUNKP","target":"940GZZLUPRD","sourceName":"Northwick Park","targetName":"Preston Road","line":"Metropolitan","colour":"#9B0056","color":"#9B0056","traffic":0.3722,"off9":0.0,"off12":0.0,"off14":0.0},"id":587},{"type":"Feature","geometry":{"type":"LineString","coordinates":[[-0.3632653033291996,51.58345537400588],[-0.36308055965042946,51.583389636705355],[-0.36274435293645396,51.58327517045625],[-0.36161803076483867,51.58287874427272],[-0.3605873342005826,51.58252120988562],[-0.35773208360569775,51.58153563707969],[-0.3567328138722872,51.58118921460185],[-0.3552921119531302,51.58068977475018],[-0.3548807426633079,51.580561329936934],[-0.35475109832440177,51.58050906742266],[-0.3544918092599683,51.58040970557314],[-0.35411213242267287,51.58028179840894],[-0.3537422019344289,51.580151618895044],[-0.3533755128627798,51.58003143726147],[-0.35292364720392566,51.5798995248906],[-0.3528062343081198,51.57986784893657],[-0.3524945675605403,51.57978145393018],[-0.35194102163352503,51.57964223565493],[-0.3514845337898003,51.57953619814106],[-0.35098360248896165,51.579422994785425],[-0.35036333096902345,51.57929280412251],[-0.34978247305814864,51.57916808331507],[-0.349291503856582,51.57906736480783],[-0.3488674407887372,51.57898156930983],[-0.3483434721260206,51.57887601211458],[-0.34796526759188023,51.57879539032816],[-0.3476174988715713,51.578728148630454],[-0.3467926385397043,51.57860477515693],[-0.3464001158261377,51.5785581994761],[-0.3459497135413993,51.578510065343956],[-0.345483447545716,51.57846915356661],[-0.34495788467973915,51.578430335462855],[-0.343982645401297,51.57838216446539],[-0.3431026795895918,51.57834193145577],[-0.3417136266651112,51.578290833382425],[-0.341367106728377,51.578281226444346],[-0.34058623813875344,51.578259686242085],[-0.3399603106157129,51.5782503428468],[-0.3398448311384516,51.578248244897196],[-0.3396197774195629,51.57824299096088],[-0.3391997075362356,51.578220094035586]]},"properties":{"id":"940GZZLUNHA-940GZZLUHOH-Metropolitan","source":"940GZZLUNHA","target":"940GZZLUHOH","sourceName":"North Harrow","targetName":"Harrow_on_the_Hill","line":"Metropolitan","colour":"#9B0056","color":"#9B0056","traffic":0.1833,"off9":0.0,"off12":0.0,"off14":0.0},"id":588},{"type":"Feature","geometry":{"type":"LineString","coordinates":[[-0.3616019965218366,51.58629532733395],[-0.361609890531378,51.58629908784987],[-0.36284557162128206,51.58678765358381],[-0.3637573039962254,51.58717476897853],[-0.36588169045120084,51.588096911268885],[-0.37090217388428676,51.590257581549096],[-0.37228796351531973,51.590854780460226],[-0.37676840941624723,51.59279142469294],[-0.37743726379011083,51.593081267130756],[-0.377788963221829,51.593228889724145],[-0.3785413552251021,51.59356108367808],[-0.3791504982071222,51.59381860188269],[-0.3798288779982478,51.59411064167087],[-0.38005461544256514,51.594203732276576],[-0.3802237620553355,51.59427606070897]]},"properties":{"id":"940GZZLUNHA-940GZZLUPNR-Metropolitan","source":"940GZZLUNHA","target":"940GZZLUPNR","sourceName":"North Harrow","targetName":"Pinner","line":"Metropolitan","colour":"#9B0056","color":"#9B0056","traffic":0.0521,"off9":0.0,"off12":0.0,"off14":0.0},"id":589},{"type":"Feature","geometry":{"type":"LineString","coordinates":[[-0.3540366965410197,51.58098767211894],[-0.35439365468860123,51.580886537973676],[-0.35478795497996907,51.5807594330393],[-0.35507923050172857,51.58065686021091],[-0.35540949564527796,51.58054201641648],[-0.3557513024446383,51.58041174490658],[-0.35634113273035295,51.58017021590106],[-0.3572782278695417,51.57974609055545],[-0.358412380826925,51.579236932917055],[-0.35888297896508975,51.57902343416773],[-0.35937869043940107,51.57880658291022],[-0.35988283045234887,51.57858531658645],[-0.3603562483073202,51.578367706881544],[-0.3605424738065834,51.578290600164635],[-0.3610848771350427,51.57804670919529],[-0.3614611624479727,51.577866876308086],[-0.3618671672156208,51.5776942394015],[-0.36230562888926443,51.57750154061787],[-0.3624835912680685,51.5774145676673],[-0.3627986363526095,51.577286315049186],[-0.3631562749179726,51.57715228365069],[-0.3636061716050394,51.5769975324294],[-0.36405861687061614,51.5768646148886],[-0.36451451495982196,51.57674766872623],[-0.36469599817830767,51.57670342643829],[-0.3649263573449839,51.57665571455929],[-0.365335809595747,51.57657755790197],[-0.3657277464627144,51.57651908747162],[-0.3661420755878479,51.57646708087304],[-0.36668359282412316,51.576413030754075],[-0.3671242542406953,51.576382915092765],[-0.36745436080520655,51.57636499519375],[-0.3677999460965286,51.57635617943423],[-0.36804455875375597,51.57635444029687],[-0.3683242790471227,51.57635916629073],[-0.36879608835101063,51.576370471773636],[-0.36919308151598174,51.57640143230335],[-0.3695432011495207,51.57643604510488],[-0.36990578147437797,51.576485171057136],[-0.3700483221318322,51.576515491446116],[-0.37060368553995193,51.5766217268849],[-0.37071579880777367,51.576639591380456]]},"properties":{"id":"940GZZLUWHW-940GZZLURYL-Metropolitan","source":"940GZZLUWHW","target":"940GZZLURYL","sourceName":"West Harrow","targetName":"Rayners Lane","line":"Metropolitan","colour":"#9B0056","color":"#9B0056","traffic":0.0516,"off9":0.0,"off12":0.0,"off14":0.0},"id":590},{"type":"Feature","geometry":{"type":"LineString","coordinates":[[-0.353565606883786,51.58009164054017],[-0.3533755128627798,51.58003143726147],[-0.35292364720392566,51.5798995248906],[-0.3528062343081198,51.57986784893657],[-0.3524945675605403,51.57978145393018],[-0.35194102163352503,51.57964223565493],[-0.3514845337898003,51.57953619814106],[-0.35098360248896165,51.579422994785425],[-0.35036333096902345,51.57929280412251],[-0.34978247305814864,51.57916808331507],[-0.349291503856582,51.57906736480783],[-0.3488674407887372,51.57898156930983],[-0.3483434721260206,51.57887601211458],[-0.34796526759188023,51.57879539032816],[-0.3476174988715713,51.578728148630454],[-0.3467926385397043,51.57860477515693],[-0.3464001158261377,51.5785581994761],[-0.3459497135413993,51.578510065343956],[-0.345483447545716,51.57846915356661],[-0.34495788467973915,51.578430335462855],[-0.343982645401297,51.57838216446539],[-0.3431026795895918,51.57834193145577],[-0.3417136266651112,51.578290833382425],[-0.341367106728377,51.578281226444346],[-0.34058623813875344,51.578259686242085],[-0.3399603106157129,51.5782503428468],[-0.3398448311384516,51.578248244897196],[-0.3396197774195629,51.57824299096088],[-0.3391997075362356,51.578220094035586]]},"properties":{"id":"940GZZLUWHW-940GZZLUHOH-Metropolitan","source":"940GZZLUWHW","target":"940GZZLUHOH","sourceName":"West Harrow","targetName":"Harrow_on_the_Hill","line":"Metropolitan","colour":"#9B0056","color":"#9B0056","traffic":0.1291,"off9":0.0,"off12":0.0,"off14":0.0},"id":591},{"type":"Feature","geometry":{"type":"LineString","coordinates":[[-0.42332851722392917,51.46745523350724],[-0.4232656146963892,51.46746283788487],[-0.4230305026482873,51.46749576569539],[-0.4227740859427677,51.46754045772792],[-0.4226033741438378,51.46758149412514],[-0.42240145072656965,51.467636004476816],[-0.42220623653163397,51.46769142465362],[-0.422151701893642,51.46770889781746],[-0.4220341487881169,51.46774521762704],[-0.41485818291710885,51.46998040924852],[-0.4145215807793339,51.47008659907154],[-0.41178661660156957,51.47100494492554],[-0.41162035083062404,51.471063317974405],[-0.4115059160496403,51.47110235470348],[-0.4070877177072573,51.4726196825054],[-0.4035578792959859,51.473793791734856],[-0.40272616331278593,51.47406096599952],[-0.40123115354096944,51.474528389086714],[-0.4010164955302729,51.474602443082894],[-0.4000935841001647,51.47491166525947],[-0.39868524994640986,51.47534652586223],[-0.39800218343126925,51.47554402889597],[-0.3973523414432345,51.4756984080787],[-0.3966689266144958,51.475824555595146],[-0.3961036794954942,51.47588930584755],[-0.39555915485399923,51.4759357435263],[-0.39495460484527944,51.475946381077456],[-0.3943120498730754,51.47592130322439],[-0.39344319146991696,51.475847533680096],[-0.3927571207951216,51.475742694222],[-0.3921248227973072,51.47561946678071],[-0.39133243101948867,51.4754229294263],[-0.38769307392224867,51.474419082681415],[-0.3873925358156545,51.47435074576622],[-0.3871908030966917,51.47431136481709],[-0.38694120658307474,51.474295780757124],[-0.3868096987797468,51.47429673723474],[-0.38661656849956666,51.47430737575021]]},"properties":{"id":"940GZZLUHNX-940GZZLUHWT-Piccadilly","source":"940GZZLUHNX","target":"940GZZLUHWT","sourceName":"Hatton Cross","targetName":"Hounslow West","line":"Piccadilly","colour":"#003688","color":"#003688","traffic":0.0809,"off9":0.0,"off12":0.0,"off14":0.0},"id":592},{"type":"Feature","geometry":{"type":"LineString","coordinates":[[-0.42332851722392917,51.46745523350724],[-0.42359843621293786,51.467423236748225],[-0.42400717637907376,51.46738381397674],[-0.42436542451509174,51.46734209020942],[-0.4250517500454969,51.46725346199422],[-0.4254722935603353,51.467171099878875],[-0.4257515698469235,51.46709989096241],[-0.4260254597907775,51.467036768146635],[-0.42633652110280107,51.466996882371824],[-0.4269156793653169,51.466970658704824],[-0.42764385568781255,51.466982894930915],[-0.4289387393146824,51.46703975843465],[-0.43083379603274713,51.46710490737869],[-0.43406314894938897,51.46723515877505],[-0.4367554278053815,51.467371138250805],[-0.4388246470886951,51.46745713101361],[-0.4399073193860384,51.46757829337357],[-0.4409134108035646,51.4677768997983],[-0.4415894614177952,51.467959910566954],[-0.4430957260426845,51.46840727068763],[-0.4441723733335796,51.468777604452605],[-0.44658218189385834,51.46972969714712],[-0.45076551566851375,51.47155237495937],[-0.45125063627713496,51.471764788349475],[-0.45173539141964025,51.47198682323601]]},"properties":{"id":"940GZZLUHNX-940GZZLUHRC-Piccadilly","source":"940GZZLUHNX","target":"940GZZLUHRC","sourceName":"Hatton Cross","targetName":"Heathrow Terminals 2  3","line":"Piccadilly","colour":"#003688","color":"#003688","traffic":0.0647,"off9":0.0,"off12":0.0,"off14":0.0},"id":593},{"type":"Feature","geometry":{"type":"LineString","coordinates":[[-0.38649995512116525,51.47272950542033],[-0.38643621086245233,51.472731543590534],[-0.3862368449328831,51.47274142108295],[-0.3860716585694226,51.47275296361826],[-0.38583421660194356,51.47278217866581],[-0.38542725629993335,51.47284218775029],[-0.38434639000302034,51.47302377907969],[-0.38369590815619625,51.47312863615817],[-0.3833585988326068,51.47318184834345],[-0.3830586661368105,51.47321947736526],[-0.38280660759512625,51.47325259387801],[-0.382545501734487,51.47327797421207],[-0.3821361066566524,51.47330046774103],[-0.3818740830644091,51.47329862067644],[-0.38150901544053895,51.47328110900682],[-0.38113265278462527,51.47324693851537],[-0.3807781230274162,51.47320428535577],[-0.38032214130755077,51.473146460506634],[-0.3799212147887676,51.47308234640644],[-0.379496237751125,51.473012949668004],[-0.37912834953482416,51.472930504322626],[-0.37874217304339963,51.47281924797884],[-0.3784088771254833,51.47270456490406],[-0.37759614789234025,51.47237581388397],[-0.3752637715489129,51.47140768207986],[-0.37475322379018805,51.471233151806715],[-0.3742641953901688,51.47107613011348],[-0.3733513921157304,51.470839152621544],[-0.3724968087076414,51.470660745960565],[-0.371558594527478,51.47052648975125],[-0.3711835248243278,51.470493421283024],[-0.3707704919731044,51.470456865275814],[-0.3701699674930307,51.470426309193826],[-0.36958588071175313,51.47040890830494],[-0.3692685830317537,51.47041210087914],[-0.3686932389255192,51.47042702994073],[-0.36720949697244837,51.47047996432208],[-0.36702191074930424,51.47048544019829],[-0.36678483272762225,51.47049343005923],[-0.36655439269142925,51.47049993859704],[-0.3665382332014357,51.47050048776258]]},"properties":{"id":"940GZZLUHWT-940GZZLUHWC-Piccadilly","source":"940GZZLUHWT","target":"940GZZLUHWC","sourceName":"Hounslow West","targetName":"Hounslow Central","line":"Piccadilly","colour":"#003688","color":"#003688","traffic":0.1084,"off9":0.0,"off12":0.0,"off14":0.0},"id":594},{"type":"Feature","geometry":{"type":"LineString","coordinates":[[-0.38661656849956666,51.47430737575021],[-0.3868096987797468,51.47429673723474],[-0.38694120658307474,51.474295780757124],[-0.3871908030966917,51.47431136481709],[-0.3873925358156545,51.47435074576622],[-0.38769307392224867,51.474419082681415],[-0.39133243101948867,51.4754229294263],[-0.3921248227973072,51.47561946678071],[-0.3927571207951216,51.475742694222],[-0.39344319146991696,51.475847533680096],[-0.3943120498730754,51.47592130322439],[-0.39495460484527944,51.475946381077456],[-0.39555915485399923,51.4759357435263],[-0.3961036794954942,51.47588930584755],[-0.3966689266144958,51.475824555595146],[-0.3973523414432345,51.4756984080787],[-0.39800218343126925,51.47554402889597],[-0.39868524994640986,51.47534652586223],[-0.4000935841001647,51.47491166525947],[-0.4010164955302729,51.474602443082894],[-0.40123115354096944,51.474528389086714],[-0.40272616331278593,51.47406096599952],[-0.4035578792959859,51.473793791734856],[-0.4070877177072573,51.4726196825054],[-0.4115059160496403,51.47110235470348],[-0.41162035083062404,51.471063317974405],[-0.41178661660156957,51.47100494492554],[-0.4145215807793339,51.47008659907154],[-0.41485818291710885,51.46998040924852],[-0.4220341487881169,51.46774521762704],[-0.422151701893642,51.46770889781746],[-0.42220623653163397,51.46769142465362],[-0.42240145072656965,51.467636004476816],[-0.4226033741438378,51.46758149412514],[-0.4227740859427677,51.46754045772792],[-0.4230305026482873,51.46749576569539],[-0.4232656146963892,51.46746283788487],[-0.42332851722392917,51.46745523350724]]},"properties":{"id":"940GZZLUHWT-940GZZLUHNX-Piccadilly","source":"940GZZLUHWT","target":"940GZZLUHNX","sourceName":"Hounslow West","targetName":"Hatton Cross","line":"Piccadilly","colour":"#003688","color":"#003688","traffic":0.0881,"off9":0.0,"off12":0.0,"off14":0.0},"id":595},{"type":"Feature","geometry":{"type":"LineString","coordinates":[[-0.4522279213073316,51.47048732836205],[-0.4905229213073316,51.46930432836205]]},"properties":{"id":"940GZZLUHRC-940GZZLUHR5-Piccadilly","source":"940GZZLUHRC","target":"940GZZLUHR5","sourceName":"Heathrow Terminals 2  3","targetName":"Heathrow Terminal 5","line":"Piccadilly","colour":"#003688","color":"#003688","traffic":0.0246,"off9":0.0,"off12":0.0,"off14":0.0},"id":596},{"type":"Feature","geometry":{"type":"LineString","coordinates":[[-0.45173539141964025,51.47198682323601],[-0.45125063627713496,51.471764788349475],[-0.45076551566851375,51.47155237495937],[-0.44658218189385834,51.46972969714712],[-0.4441723733335796,51.468777604452605],[-0.4430957260426845,51.46840727068763],[-0.4415894614177952,51.467959910566954],[-0.4409134108035646,51.4677768997983],[-0.4399073193860384,51.46757829337357],[-0.4388246470886951,51.46745713101361],[-0.4367554278053815,51.467371138250805],[-0.43406314894938897,51.46723515877505],[-0.43083379603274713,51.46710490737869],[-0.4289387393146824,51.46703975843465],[-0.42764385568781255,51.466982894930915],[-0.4269156793653169,51.466970658704824],[-0.42633652110280107,51.466996882371824],[-0.4260254597907775,51.467036768146635],[-0.4257515698469235,51.46709989096241],[-0.4254722935603353,51.467171099878875],[-0.4250517500454969,51.46725346199422],[-0.42436542451509174,51.46734209020942],[-0.42400717637907376,51.46738381397674],[-0.42359843621293786,51.467423236748225],[-0.42332851722392917,51.46745523350724]]},"properties":{"id":"940GZZLUHRC-940GZZLUHNX-Piccadilly","source":"940GZZLUHRC","target":"940GZZLUHNX","sourceName":"Heathrow Terminals 2  3","targetName":"Hatton Cross","line":"Piccadilly","colour":"#003688","color":"#003688","traffic":0.0653,"off9":0.0,"off12":0.0,"off14":0.0},"id":597},{"type":"Feature","geometry":{"type":"LineString","coordinates":[[-0.4905970786926684,51.470799671637955],[-0.45230207869266836,51.47198267163795]]},"properties":{"id":"940GZZLUHR5-940GZZLUHRC-Piccadilly","source":"940GZZLUHR5","target":"940GZZLUHRC","sourceName":"Heathrow Terminal 5","targetName":"Heathrow Terminals 2  3","line":"Piccadilly","colour":"#003688","color":"#003688","traffic":0.0179,"off9":0.0,"off12":0.0,"off14":0.0},"id":598},{"type":"Feature","geometry":{"type":"LineString","coordinates":[[-0.19427018037296212,51.6505904486922],[-0.1937772,51.6503131],[-0.1930036,51.6498925],[-0.1929757,51.6498764],[-0.1925466,51.6496336],[-0.192077,51.6493689],[-0.1918938,51.6492605],[-0.1916707,51.6491449],[-0.1912574,51.6488736],[-0.1910208,51.648702],[-0.1908042,51.6485264],[-0.1904696,51.6482102],[-0.1901733,51.6478736],[-0.1899565,51.6475947],[-0.1897749,51.6473571],[-0.1888273,51.6461204],[-0.1879594,51.6449921],[-0.1875233,51.6444287],[-0.1865125,51.6431115],[-0.1846378,51.6406772],[-0.1841914,51.6400981],[-0.1838533,51.639663],[-0.1830145,51.6385663],[-0.1823142,51.6376599],[-0.1813278,51.6363809],[-0.1808418,51.6357504],[-0.1804518,51.6352475],[-0.1800555,51.6347041],[-0.1797677,51.6342334],[-0.1795372,51.6337581],[-0.1793717,51.633307],[-0.1792583,51.6328538],[-0.1791679,51.6321218],[-0.1791639,51.6310661],[-0.1791693601460051,51.63059652744356]]},"properties":{"id":"940GZZLUHBT-940GZZLUTAW-Northern","source":"940GZZLUHBT","target":"940GZZLUTAW","sourceName":"High Barnet","targetName":"Totteridge  Whetstone","line":"Northern","colour":"#000000","color":"#000000","traffic":0.0457,"off9":0.0,"off12":0.0,"off14":0.0},"id":599},{"type":"Feature","geometry":{"type":"LineString","coordinates":[[-0.1791293345798328,51.63059534169709],[-0.179134,51.6303684],[-0.1791655,51.6299557],[-0.1792663,51.6292313],[-0.1794432,51.6286811],[-0.1797701,51.6279873],[-0.1803252,51.6270185],[-0.1807216,51.626343],[-0.1812122,51.6255173],[-0.1820107,51.6241503],[-0.1824967,51.6233146],[-0.182598,51.6231472],[-0.1830323,51.6224041],[-0.1833952,51.6217504],[-0.1842678,51.6203082],[-0.1850221,51.6189851],[-0.1852927,51.6184426],[-0.1853742,51.6182435],[-0.18546119421834975,51.61803085258597]]},"properties":{"id":"940GZZLUTAW-940GZZLUWOP-Northern","source":"940GZZLUTAW","target":"940GZZLUWOP","sourceName":"Totteridge  Whetstone","targetName":"Woodside Park","line":"Northern","colour":"#000000","color":"#000000","traffic":0.0762,"off9":0.0,"off12":0.0,"off14":0.0},"id":600},{"type":"Feature","geometry":{"type":"LineString","coordinates":[[-0.1791693601460051,51.63059652744356],[-0.1791639,51.6310661],[-0.1791679,51.6321218],[-0.1792583,51.6328538],[-0.1793717,51.633307],[-0.1795372,51.6337581],[-0.1797677,51.6342334],[-0.1800555,51.6347041],[-0.1804518,51.6352475],[-0.1808418,51.6357504],[-0.1813278,51.6363809],[-0.1823142,51.6376599],[-0.1830145,51.6385663],[-0.1838533,51.639663],[-0.1841914,51.6400981],[-0.1846378,51.6406772],[-0.1865125,51.6431115],[-0.1875233,51.6444287],[-0.1879594,51.6449921],[-0.1888273,51.6461204],[-0.1897749,51.6473571],[-0.1899565,51.6475947],[-0.1901733,51.6478736],[-0.1904696,51.6482102],[-0.1908042,51.6485264],[-0.1910208,51.648702],[-0.1912574,51.6488736],[-0.1916707,51.6491449],[-0.1918938,51.6492605],[-0.192077,51.6493689],[-0.1925466,51.6496336],[-0.1929757,51.6498764],[-0.1930036,51.6498925],[-0.1937772,51.6503131],[-0.19427018037296212,51.6505904486922]]},"properties":{"id":"940GZZLUTAW-940GZZLUHBT-Northern","source":"940GZZLUTAW","target":"940GZZLUHBT","sourceName":"Totteridge  Whetstone","targetName":"High Barnet","line":"Northern","colour":"#000000","color":"#000000","traffic":0.0147,"off9":0.0,"off12":0.0,"off14":0.0},"id":601},{"type":"Feature","geometry":{"type":"LineString","coordinates":[[-0.4502206912272939,51.55452248381468],[-0.45068227879561146,51.55437650909122],[-0.45163341639531285,51.55407475860107],[-0.4599498509591594,51.551456617707174],[-0.46002271747562723,51.5514282999649],[-0.46050378663244795,51.55130504084957],[-0.46115043756961654,51.551107519770085],[-0.46143205264522075,51.551018721274794],[-0.4621328252401573,51.550798887144715],[-0.46312128807442243,51.55048584621306],[-0.46389992974201205,51.55024861824825],[-0.4647968315820185,51.549970121549215],[-0.46532470296274936,51.54980218087659],[-0.4657659656138599,51.549665829585855],[-0.46605590268338787,51.54958710590576],[-0.46665349035918713,51.54939441820232],[-0.46727952272049805,51.54924103360957],[-0.4679212255868922,51.549100909179565],[-0.4686029670367369,51.548976020558996],[-0.46868859510785893,51.54895908342236],[-0.46912136038488295,51.548892345761786],[-0.4695689779785828,51.548843257371715],[-0.4700360761050678,51.54881962985723],[-0.4709499533936001,51.548812426050105],[-0.4718927759539457,51.548815117795804],[-0.47267436173065663,51.54878655856328],[-0.4732237931632615,51.54874229329077],[-0.4732525057886487,51.548739567423866],[-0.473766648741105,51.54866911590649],[-0.4743531008084787,51.548559390453484],[-0.4746394995017939,51.548501441230535],[-0.4749681436110245,51.54842275555969],[-0.4752994979594284,51.5483374450114],[-0.47573973826368526,51.54820255496161],[-0.47592162860168624,51.54814301681475],[-0.47659105798040363,51.547931590343424],[-0.47703541737381566,51.54778772641936],[-0.4774084421856897,51.547666682467586],[-0.4777214118390475,51.547559507870496],[-0.4782632344826193,51.54734578393644],[-0.47839755724897964,51.547292784364174]]},"properties":{"id":"940GZZLUHGD-940GZZLUUXB-Piccadilly","source":"940GZZLUHGD","target":"940GZZLUUXB","sourceName":"Hillingdon","targetName":"Uxbridge","line":"Piccadilly","colour":"#003688","color":"#003688","traffic":0.0414,"off9":0.0,"off12":0.0,"off14":0.0},"id":602},{"type":"Feature","geometry":{"type":"LineString","coordinates":[[-0.45058355282900037,51.555235675249925],[-0.45104555759122283,51.55508961818245],[-0.4519959327906257,51.55478801720213],[-0.4603181019183189,51.55216873541434],[-0.4603590349512545,51.55214649992979],[-0.4608314732648959,51.55202478169913],[-0.4615105751392331,51.55182123954016],[-0.46179320529044143,51.55173224254958],[-0.4624941504803146,51.55151237428942],[-0.4634776761488449,51.55120029242612],[-0.4642538594840241,51.550963536496496],[-0.465157463164037,51.55068374309844],[-0.46568090592549877,51.550516661753186],[-0.46609933122771985,51.55038455917171],[-0.46639710536677575,51.55030441181152],[-0.46697498071837423,51.55011523640463],[-0.46754464544099605,51.54997066721913],[-0.46815465117378446,51.54983471835913],[-0.46881763407347377,51.54971204111799],[-0.46888409021571786,51.54969716684473],[-0.4692719207697659,51.54963449152358],[-0.4696605559571657,51.54958911474343],[-0.47007005221013565,51.54956735971446],[-0.4709529067872001,51.549560452100216],[-0.4719134519078913,51.54956303559161],[-0.47274712346131326,51.54953321712656],[-0.47335458632652305,51.54948588658154],[-0.47339081157729745,51.549482634847735],[-0.47396569748221007,51.54940683181297],[-0.47459070161695743,51.54929268090696],[-0.4749087990035878,51.54923048246106],[-0.475268987222049,51.54914701111937],[-0.4756360959188568,51.549055590022796],[-0.47610777652737046,51.548914709923224],[-0.47628985720337247,51.548855133629495],[-0.4769584159608073,51.54864388068685],[-0.47741003474763133,51.548498552838716],[-0.4777990843713793,51.54837416493517],[-0.47814672367809496,51.54825921574099],[-0.47870446896523866,51.548041667872894],[-0.478834131340929,51.54798980399704]]},"properties":{"id":"940GZZLUHGD-940GZZLUUXB-Metropolitan","source":"940GZZLUHGD","target":"940GZZLUUXB","sourceName":"Hillingdon","targetName":"Uxbridge","line":"Metropolitan","colour":"#9B0056","color":"#9B0056","traffic":0.0414,"off9":0.0,"off12":0.0,"off14":0.0},"id":603},{"type":"Feature","geometry":{"type":"LineString","coordinates":[[-0.44948603138341725,51.55306924374301],[-0.4491814843930725,51.55316489126919],[-0.44913963017775027,51.55317761360514],[-0.44884056589045124,51.55327509685825],[-0.4480338213239344,51.553573606121645],[-0.44760578479727536,51.5537585522047],[-0.44712320936434413,51.55397935895078],[-0.44677910219987826,51.554149101053106],[-0.44643172117107094,51.554328726918776],[-0.4459609906174634,51.5545952608491],[-0.4455571230171381,51.55485317208685],[-0.44517471256753743,51.55512860899562],[-0.4448489327045087,51.55538034720312],[-0.44444138268298067,51.55571174726748],[-0.4440747329230359,51.55605198670983],[-0.44372305944511226,51.55642251075676],[-0.4435915921371298,51.556561059541266],[-0.4434059649947156,51.55676521415921],[-0.44323223453755745,51.55698211503804],[-0.4429899932256461,51.55732668115628],[-0.4427299838620625,51.557739733637284],[-0.4425825148578769,51.558063532726635],[-0.44243493626851726,51.558422875254564],[-0.44233492356504267,51.55866727471313],[-0.4422362715622782,51.55895044478036],[-0.44202861959666623,51.55963376442083],[-0.4419093308161241,51.55999892729335],[-0.4417877404479827,51.56030869194551],[-0.44167168970545945,51.5605529361395],[-0.44163222295440846,51.5606655104991],[-0.44135598391759673,51.56112771991022],[-0.4410946878779359,51.56148479130705],[-0.44109027601455686,51.561493059659895],[-0.44108973170746013,51.56149382010177]]},"properties":{"id":"940GZZLUHGD-940GZZLUICK-Piccadilly","source":"940GZZLUHGD","target":"940GZZLUICK","sourceName":"Hillingdon","targetName":"Ickenham","line":"Piccadilly","colour":"#003688","color":"#003688","traffic":0.0428,"off9":0.0,"off12":0.0,"off14":0.0},"id":604},{"type":"Feature","geometry":{"type":"LineString","coordinates":[[-0.4491227284515399,51.55235613921852],[-0.44881116878614497,51.552453182538386],[-0.4487647603555008,51.55246682721029],[-0.4484339317809024,51.552571093716494],[-0.4475738426478687,51.5528824122433],[-0.44710466959455075,51.553078504409406],[-0.44659521872868824,51.55330721790156],[-0.4462217043997568,51.553486202106214],[-0.44584164234214213,51.553676853837544],[-0.4453187812349272,51.55396272169819],[-0.44485994603427625,51.5542435441737],[-0.44443822513507486,51.554537117991245],[-0.44408416540901735,51.55480289440624],[-0.4436300653659614,51.55515939453496],[-0.4432106658460717,51.55553147341967],[-0.4428334188902245,51.55591892151353],[-0.44268328427425957,51.55607051908254],[-0.44245882998943115,51.55630392831843],[-0.4422453690751152,51.55655423007609],[-0.44196838645129244,51.556931562312556],[-0.4416503677241251,51.557409567274576],[-0.4414684297157539,51.55778106545327],[-0.4413166725370346,51.55814685050912],[-0.44120214713008526,51.55841514942627],[-0.44108944312455634,51.558724189560714],[-0.4408852391933324,51.55940082884166],[-0.4407874616322482,51.5597285545867],[-0.4406941808959654,51.559996683891015],[-0.4405898794109189,51.56022547227901],[-0.44058474590881685,51.56029742099819],[-0.4403813678351935,51.56068903982044],[-0.44018317575587174,51.56099648261411],[-0.4401842520291137,51.56100081931978],[-0.4401842704080506,51.56100117976935]]},"properties":{"id":"940GZZLUHGD-940GZZLUICK-Metropolitan","source":"940GZZLUHGD","target":"940GZZLUICK","sourceName":"Hillingdon","targetName":"Ickenham","line":"Metropolitan","colour":"#9B0056","color":"#9B0056","traffic":0.0428,"off9":0.0,"off12":0.0,"off14":0.0},"id":605},{"type":"Feature","geometry":{"type":"LineString","coordinates":[[-0.47839755724897964,51.547292784364174],[-0.4782632344826193,51.54734578393644],[-0.4777214118390475,51.547559507870496],[-0.4774084421856897,51.547666682467586],[-0.47703541737381566,51.54778772641936],[-0.47659105798040363,51.547931590343424],[-0.47592162860168624,51.54814301681475],[-0.47573973826368526,51.54820255496161],[-0.4752994979594284,51.5483374450114],[-0.4749681436110245,51.54842275555969],[-0.4746394995017939,51.548501441230535],[-0.4743531008084787,51.548559390453484],[-0.473766648741105,51.54866911590649],[-0.4732525057886487,51.548739567423866],[-0.4732237931632615,51.54874229329077],[-0.47267436173065663,51.54878655856328],[-0.4718927759539457,51.548815117795804],[-0.4709499533936001,51.548812426050105],[-0.4700360761050678,51.54881962985723],[-0.4695689779785828,51.548843257371715],[-0.46912136038488295,51.548892345761786],[-0.46868859510785893,51.54895908342236],[-0.4686029670367369,51.548976020558996],[-0.4679212255868922,51.549100909179565],[-0.46727952272049805,51.54924103360957],[-0.46665349035918713,51.54939441820232],[-0.46605590268338787,51.54958710590576],[-0.4657659656138599,51.549665829585855],[-0.46532470296274936,51.54980218087659],[-0.4647968315820185,51.549970121549215],[-0.46389992974201205,51.55024861824825],[-0.46312128807442243,51.55048584621306],[-0.4621328252401573,51.550798887144715],[-0.46143205264522075,51.551018721274794],[-0.46115043756961654,51.551107519770085],[-0.46050378663244795,51.55130504084957],[-0.46002271747562723,51.5514282999649],[-0.4599498509591594,51.551456617707174],[-0.45163341639531285,51.55407475860107],[-0.45068227879561146,51.55437650909122],[-0.4502206912272939,51.55452248381468]]},"properties":{"id":"940GZZLUUXB-940GZZLUHGD-Piccadilly","source":"940GZZLUUXB","target":"940GZZLUHGD","sourceName":"Uxbridge","targetName":"Hillingdon","line":"Piccadilly","colour":"#003688","color":"#003688","traffic":0.03,"off9":0.0,"off12":0.0,"off14":0.0},"id":606},{"type":"Feature","geometry":{"type":"LineString","coordinates":[[-0.478834131340929,51.54798980399704],[-0.47870446896523866,51.548041667872894],[-0.47814672367809496,51.54825921574099],[-0.4777990843713793,51.54837416493517],[-0.47741003474763133,51.548498552838716],[-0.4769584159608073,51.54864388068685],[-0.47628985720337247,51.548855133629495],[-0.47610777652737046,51.548914709923224],[-0.4756360959188568,51.549055590022796],[-0.475268987222049,51.54914701111937],[-0.4749087990035878,51.54923048246106],[-0.47459070161695743,51.54929268090696],[-0.47396569748221007,51.54940683181297],[-0.47339081157729745,51.549482634847735],[-0.47335458632652305,51.54948588658154],[-0.47274712346131326,51.54953321712656],[-0.4719134519078913,51.54956303559161],[-0.4709529067872001,51.549560452100216],[-0.47007005221013565,51.54956735971446],[-0.4696605559571657,51.54958911474343],[-0.4692719207697659,51.54963449152358],[-0.46888409021571786,51.54969716684473],[-0.46881763407347377,51.54971204111799],[-0.46815465117378446,51.54983471835913],[-0.46754464544099605,51.54997066721913],[-0.46697498071837423,51.55011523640463],[-0.46639710536677575,51.55030441181152],[-0.46609933122771985,51.55038455917171],[-0.46568090592549877,51.550516661753186],[-0.465157463164037,51.55068374309844],[-0.4642538594840241,51.550963536496496],[-0.4634776761488449,51.55120029242612],[-0.4624941504803146,51.55151237428942],[-0.46179320529044143,51.55173224254958],[-0.4615105751392331,51.55182123954016],[-0.4608314732648959,51.55202478169913],[-0.4603590349512545,51.55214649992979],[-0.4603181019183189,51.55216873541434],[-0.4519959327906257,51.55478801720213],[-0.45104555759122283,51.55508961818245],[-0.45058355282900037,51.555235675249925]]},"properties":{"id":"940GZZLUUXB-940GZZLUHGD-Metropolitan","source":"940GZZLUUXB","target":"940GZZLUHGD","sourceName":"Uxbridge","targetName":"Hillingdon","line":"Metropolitan","colour":"#9B0056","color":"#9B0056","traffic":0.03,"off9":0.0,"off12":0.0,"off14":0.0},"id":607},{"type":"Feature","geometry":{"type":"LineString","coordinates":[[-0.44108973170746013,51.56149382010177],[-0.44109027601455686,51.561493059659895],[-0.4410946878779359,51.56148479130705],[-0.44135598391759673,51.56112771991022],[-0.44163222295440846,51.5606655104991],[-0.44167168970545945,51.5605529361395],[-0.4417877404479827,51.56030869194551],[-0.4419093308161241,51.55999892729335],[-0.44202861959666623,51.55963376442083],[-0.4422362715622782,51.55895044478036],[-0.44233492356504267,51.55866727471313],[-0.44243493626851726,51.558422875254564],[-0.4425825148578769,51.558063532726635],[-0.4427299838620625,51.557739733637284],[-0.4429899932256461,51.55732668115628],[-0.44323223453755745,51.55698211503804],[-0.4434059649947156,51.55676521415921],[-0.4435915921371298,51.556561059541266],[-0.44372305944511226,51.55642251075676],[-0.4440747329230359,51.55605198670983],[-0.44444138268298067,51.55571174726748],[-0.4448489327045087,51.55538034720312],[-0.44517471256753743,51.55512860899562],[-0.4455571230171381,51.55485317208685],[-0.4459609906174634,51.5545952608491],[-0.44643172117107094,51.554328726918776],[-0.44677910219987826,51.554149101053106],[-0.44712320936434413,51.55397935895078],[-0.44760578479727536,51.5537585522047],[-0.4480338213239344,51.553573606121645],[-0.44884056589045124,51.55327509685825],[-0.44913963017775027,51.55317761360514],[-0.4491814843930725,51.55316489126919],[-0.44948603138341725,51.55306924374301]]},"properties":{"id":"940GZZLUICK-940GZZLUHGD-Piccadilly","source":"940GZZLUICK","target":"940GZZLUHGD","sourceName":"Ickenham","targetName":"Hillingdon","line":"Piccadilly","colour":"#003688","color":"#003688","traffic":0.0443,"off9":0.0,"off12":0.0,"off14":0.0},"id":608},{"type":"Feature","geometry":{"type":"LineString","coordinates":[[-0.4401842704080506,51.56100117976935],[-0.4401842520291137,51.56100081931978],[-0.44018317575587174,51.56099648261411],[-0.4403813678351935,51.56068903982044],[-0.44058474590881685,51.56029742099819],[-0.4405898794109189,51.56022547227901],[-0.4406941808959654,51.559996683891015],[-0.4407874616322482,51.5597285545867],[-0.4408852391933324,51.55940082884166],[-0.44108944312455634,51.558724189560714],[-0.44120214713008526,51.55841514942627],[-0.4413166725370346,51.55814685050912],[-0.4414684297157539,51.55778106545327],[-0.4416503677241251,51.557409567274576],[-0.44196838645129244,51.556931562312556],[-0.4422453690751152,51.55655423007609],[-0.44245882998943115,51.55630392831843],[-0.44268328427425957,51.55607051908254],[-0.4428334188902245,51.55591892151353],[-0.4432106658460717,51.55553147341967],[-0.4436300653659614,51.55515939453496],[-0.44408416540901735,51.55480289440624],[-0.44443822513507486,51.554537117991245],[-0.44485994603427625,51.5542435441737],[-0.4453187812349272,51.55396272169819],[-0.44584164234214213,51.553676853837544],[-0.4462217043997568,51.553486202106214],[-0.44659521872868824,51.55330721790156],[-0.44710466959455075,51.553078504409406],[-0.4475738426478687,51.5528824122433],[-0.4484339317809024,51.552571093716494],[-0.4487647603555008,51.55246682721029],[-0.44881116878614497,51.552453182538386],[-0.4491227284515399,51.55235613921852]]},"properties":{"id":"940GZZLUICK-940GZZLUHGD-Metropolitan","source":"940GZZLUICK","target":"940GZZLUHGD","sourceName":"Ickenham","targetName":"Hillingdon","line":"Metropolitan","colour":"#9B0056","color":"#9B0056","traffic":0.0443,"off9":0.0,"off12":0.0,"off14":0.0},"id":609},{"type":"Feature","geometry":{"type":"LineString","coordinates":[[-0.44292439964737995,51.56250864779724],[-0.44281372728258955,51.56261170961793],[-0.4426564345645798,51.56277949262396],[-0.4423461136767801,51.56309977627804],[-0.44208535292687706,51.56331970152542],[-0.4417561314754989,51.563582586334],[-0.44145478365414803,51.56379935039539],[-0.4411216053277546,51.56402827818862],[-0.440712508614111,51.56431306414944],[-0.44063270623891343,51.56436036343808],[-0.4405837449385096,51.5643905915766],[-0.4402588347193181,51.564571870420956],[-0.43975173876281176,51.56484451336483],[-0.4390772438230965,51.565157626944305],[-0.4383564094981847,51.56545861035542],[-0.43765908356596384,51.56573783428503],[-0.43693109467762575,51.56602750258805],[-0.4363599471562641,51.566256348746116],[-0.43572351102220414,51.56652858244612],[-0.4350183015894532,51.5668315609155],[-0.43448876409088605,51.56706037368691],[-0.43393691492500314,51.56730291966645],[-0.4331185773321952,51.56765199510581],[-0.43221444091840755,51.568045903230136],[-0.43146744439686585,51.568366820120424],[-0.4306502353659823,51.568718643255835],[-0.42980101743858823,51.56908458111461],[-0.4290488259343217,51.569409388115716],[-0.4284484776607306,51.56966371529929],[-0.4278742505517134,51.5699140875319],[-0.42721486351166493,51.57020328282566],[-0.42643832293385747,51.57053770518947],[-0.4259222759234887,51.57075750749817],[-0.4254916827418452,51.5709306074603],[-0.42479968697698584,51.57119029261214],[-0.42427919184895513,51.571379686201105],[-0.42380347096491866,51.57154880512177],[-0.423453569811666,51.57167535911058],[-0.4230860505796061,51.5717963169438],[-0.4228182234635853,51.571867950862334],[-0.42254337529296815,51.57193459884049],[-0.4223784103210851,51.571974704676705],[-0.42217156778073645,51.57202381794089],[-0.422157955390293,51.572026772594256]]},"properties":{"id":"940GZZLUICK-940GZZLURSP-Piccadilly","source":"940GZZLUICK","target":"940GZZLURSP","sourceName":"Ickenham","targetName":"Ruislip","line":"Piccadilly","colour":"#003688","color":"#003688","traffic":0.0486,"off9":0.0,"off12":0.0,"off14":0.0},"id":610},{"type":"Feature","geometry":{"type":"LineString","coordinates":[[-0.4438258329216891,51.5630041351156],[-0.4436825545651791,51.56312921923587],[-0.44353216912915966,51.56329248524791],[-0.4431925273535602,51.563631452556066],[-0.4428778058537541,51.563882603050835],[-0.4425066629509979,51.564167272668],[-0.44216386730829604,51.564403700790784],[-0.44181241065550914,51.56464075637724],[-0.44139571722822196,51.564928828298875],[-0.4412932124778269,51.56498562687615],[-0.4412289898770192,51.565021983153194],[-0.4408569694386362,51.56522094084191],[-0.44030487752562353,51.56550882672966],[-0.439572887646193,51.565839253888605],[-0.4388168189963695,51.56614972071084],[-0.4381067671319277,51.56643216857006],[-0.4373760893552515,51.56672250517611],[-0.4368170943125282,51.56694829749223],[-0.43619552204440826,51.567216664892236],[-0.4354934031789064,51.56751882183101],[-0.43496902818177213,51.567746247373805],[-0.4344155298500063,51.567989239332896],[-0.43359505466439047,51.568338890211635],[-0.4326923818368151,51.56873240646027],[-0.4319430887937317,51.56905394024085],[-0.4311261707319645,51.569405686511665],[-0.43027793487717647,51.56977136222922],[-0.4295223518686434,51.57009707623144],[-0.42892265532146123,51.57035123059859],[-0.42835560110342685,51.5705996750638],[-0.42769512702332985,51.570889165651316],[-0.4269140458677149,51.571224810378936],[-0.42638815184697737,51.57144721499635],[-0.4259338654836903,51.57162631492059],[-0.4252205739539716,51.57189108522427],[-0.4246882836979102,51.57208317240221],[-0.42421114192983733,51.57225261024354],[-0.423855139623332,51.57238051822116],[-0.42344790115921216,51.572509733887586],[-0.4231302469271706,51.57259040172467],[-0.4228326505859362,51.572660697680995],[-0.42266372064217017,51.57270140935341],[-0.4224453355614729,51.57275223588179],[-0.42243044641074917,51.57275537545619]]},"properties":{"id":"940GZZLUICK-940GZZLURSP-Metropolitan","source":"940GZZLUICK","target":"940GZZLURSP","sourceName":"Ickenham","targetName":"Ruislip","line":"Metropolitan","colour":"#9B0056","color":"#9B0056","traffic":0.0486,"off9":0.0,"off12":0.0,"off14":0.0},"id":611},{"type":"Feature","geometry":{"type":"LineString","coordinates":[[-0.12300870844900025,51.523027829185324],[-0.12307217757143352,51.522199560112746],[-0.12307919426316034,51.52209126356343],[-0.12310194944431578,51.52208991099989],[-0.12312418838391287,51.522061399485025],[-0.12309719025131667,51.521984659171814],[-0.12302479082527973,51.52187010541564],[-0.12295226856167617,51.52176990463885],[-0.12239736023751518,51.52128903073746],[-0.12179126197558007,51.52077163466998],[-0.12050148741493143,51.51975547311136],[-0.12018490289438025,51.519474089581415],[-0.11984258164006832,51.51910169676081],[-0.11967393244477721,51.51864248493127],[-0.11961842248473432,51.518310340868],[-0.1195859441605348,51.51813559514074],[-0.11959483551570466,51.51811207444296],[-0.11961635955869883,51.51811278478339],[-0.1195958560732568,51.51805367028472],[-0.11958264329699458,51.51802813887238],[-0.11955630150030747,51.51797608102566],[-0.11953626590338207,51.51794182032651]]},"properties":{"id":"940GZZLURSQ-940GZZLUHBN-Piccadilly","source":"940GZZLURSQ","target":"940GZZLUHBN","sourceName":"Russell Square","targetName":"Holborn","line":"Piccadilly","colour":"#003688","color":"#003688","traffic":0.4283,"off9":0.0,"off12":0.0,"off14":0.0},"id":612},{"type":"Feature","geometry":{"type":"LineString","coordinates":[[-0.12300870844900025,51.523027829185324],[-0.1230051583771326,51.52307913254294],[-0.12300177407358856,51.52316909394878],[-0.12306473867617337,51.52353071265196],[-0.12319768379615333,51.52384033832055],[-0.12334469207533572,51.524091312335074],[-0.12423063273621641,51.525660386148516],[-0.12420786377901348,51.52567006901947],[-0.12419982082654256,51.525722337758474],[-0.12420046013520351,51.52576803068471],[-0.12420304584119532,51.52579870542214],[-0.1241888305140638,51.52591665252041],[-0.1241653728491286,51.52602815494114],[-0.12409838509674802,51.52617587423728],[-0.12322122729347229,51.52785212047194],[-0.12278603701808981,51.528687526054306],[-0.1226347663221244,51.528977946436136],[-0.12247730275330818,51.52924152418833],[-0.12216522201086642,51.52971891420203],[-0.12192863844871409,51.53039999634449]]},"properties":{"id":"940GZZLURSQ-940GZZLUKSX-Piccadilly","source":"940GZZLURSQ","target":"940GZZLUKSX","sourceName":"Russell Square","targetName":"Kings Cross St Pancras","line":"Piccadilly","colour":"#003688","color":"#003688","traffic":0.1156,"off9":0.0,"off12":0.0,"off14":0.0},"id":613},{"type":"Feature","geometry":{"type":"LineString","coordinates":[[-0.20569667207574044,51.507204340525455],[-0.2057343,51.5071935],[-0.2057886,51.5071778],[-0.2058848,51.5071487],[-0.2060181,51.5071084],[-0.2060487,51.5070993],[-0.206608,51.5069336],[-0.2067942,51.5068782],[-0.209138,51.5062901],[-0.2127896,51.5054928],[-0.2168851,51.5046061],[-0.2177739,51.5044651],[-0.2180042,51.5044346],[-0.2180964,51.5044255],[-0.2182378,51.5044115],[-0.2184666,51.5043956],[-0.2186952,51.5043846],[-0.21881311946816986,51.504382398184205]]},"properties":{"id":"940GZZLUHPK-940GZZLUSBC-Central","source":"940GZZLUHPK","target":"940GZZLUSBC","sourceName":"Holland Park","targetName":"Shepherds Bush Central","line":"Central","colour":"#E32017","color":"#E32017","traffic":0.2329,"off9":0.0,"off12":0.0,"off14":0.0},"id":614},{"type":"Feature","geometry":{"type":"LineString","coordinates":[[-0.20569667207574044,51.507204340525455],[-0.2056444,51.5072194],[-0.2055399,51.5072495],[-0.2054245,51.5072828],[-0.2053368,51.5073081],[-0.2051951,51.5073491],[-0.2050314,51.5073975],[-0.2049964,51.5074079],[-0.2041725,51.5076498],[-0.2020246,51.5082797],[-0.2012088,51.5084483],[-0.2005926,51.508484],[-0.1993379,51.5085279],[-0.1983807,51.5085873],[-0.1981748,51.5086281],[-0.198041,51.508652],[-0.1979221,51.508675],[-0.1977735,51.5087065],[-0.197586,51.5087499],[-0.1974003,51.5087972],[-0.1972413,51.5088416],[-0.1970496,51.5088988],[-0.1969446,51.5089337],[-0.1966454,51.5090346],[-0.1964514,51.5090944],[-0.19611485659798505,51.50917393720125]]},"properties":{"id":"940GZZLUHPK-940GZZLUNHG-Central","source":"940GZZLUHPK","target":"940GZZLUNHG","sourceName":"Holland Park","targetName":"Notting Hill Gate","line":"Central","colour":"#E32017","color":"#E32017","traffic":0.4418,"off9":0.0,"off12":0.0,"off14":0.0},"id":615},{"type":"Feature","geometry":{"type":"LineString","coordinates":[[-0.218813,51.5042876],[-0.21891,51.5042876],[-0.2190901,51.504303],[-0.2192531,51.5043224],[-0.2194534,51.5043479],[-0.2207569,51.5045085],[-0.2209656,51.5045411],[-0.2211594,51.5045754],[-0.2213175,51.5046052],[-0.2214518,51.5046412],[-0.2215625,51.5046935],[-0.2216446,51.5047547],[-0.2217042,51.5048264],[-0.2217193,51.504904],[-0.2217228,51.5050031],[-0.2217173,51.5050714],[-0.2217073,51.5057892],[-0.2217021,51.5061648],[-0.2216961,51.5063259],[-0.2216482,51.5066039],[-0.2215643,51.5071331],[-0.2215742,51.5073669],[-0.2215986,51.5076177],[-0.2216736,51.5078777],[-0.2217574,51.5080842],[-0.2220063,51.5085104],[-0.2222544,51.508812],[-0.2226195,51.50911],[-0.2229936,51.5093673],[-0.2239132,51.5099995],[-0.2240322,51.5101237],[-0.2241108,51.510259],[-0.2241765,51.5104546],[-0.2241826,51.5105386],[-0.2241749,51.5105935],[-0.224171,51.5107742],[-0.2241724,51.5108609],[-0.2241588,51.5110192],[-0.2240732,51.5113749],[-0.2240422,51.5116526],[-0.2240487,51.5119444],[-0.22404915658658725,51.511964601626964]]},"properties":{"id":"940GZZLUSBC-940GZZLUWCY-Central","source":"940GZZLUSBC","target":"940GZZLUWCY","sourceName":"Shepherds Bush Central","targetName":"White City","line":"Central","colour":"#E32017","color":"#E32017","traffic":0.1833,"off9":0.0,"off12":0.0,"off14":0.0},"id":616},{"type":"Feature","geometry":{"type":"LineString","coordinates":[[-0.21881311946816986,51.504382398184205],[-0.2186952,51.5043846],[-0.2184666,51.5043956],[-0.2182378,51.5044115],[-0.2180964,51.5044255],[-0.2180042,51.5044346],[-0.2177739,51.5044651],[-0.2168851,51.5046061],[-0.2127896,51.5054928],[-0.209138,51.5062901],[-0.2067942,51.5068782],[-0.206608,51.5069336],[-0.2060487,51.5070993],[-0.2060181,51.5071084],[-0.2058848,51.5071487],[-0.2057886,51.5071778],[-0.2057343,51.5071935],[-0.20569667207574044,51.507204340525455]]},"properties":{"id":"940GZZLUSBC-940GZZLUHPK-Central","source":"940GZZLUSBC","target":"940GZZLUHPK","sourceName":"Shepherds Bush Central","targetName":"Holland Park","line":"Central","colour":"#E32017","color":"#E32017","traffic":0.4323,"off9":0.0,"off12":0.0,"off14":0.0},"id":617},{"type":"Feature","geometry":{"type":"LineString","coordinates":[[0.23603771620242237,51.55785967219139],[0.23602083238732469,51.55785629393566],[0.2359407042414574,51.557838258632685],[0.23583546030930785,51.55781575853349],[0.23573007889950007,51.5577916658006],[0.2352994943022885,51.55767817556181],[0.2348660006970232,51.55755265220422],[0.23443908442831685,51.55741874912128],[0.23421696326463828,51.55734505520465],[0.23401829384189426,51.55727600232115],[0.23357863073531313,51.557115497196925],[0.23305268507257929,51.556909846772086],[0.23199877167793942,51.556501225623556],[0.23150384936875296,51.55632032669273],[0.23099785552888882,51.556149494635456],[0.23013611329402336,51.555873870597175],[0.22949068882179638,51.55567264393488],[0.2285871814567934,51.55539755872624],[0.22763367027414605,51.55513751554921],[0.22667302006856038,51.55489915393395],[0.22571306499989033,51.55467916770756],[0.22474550856190706,51.554473486624715],[0.2219503963131679,51.553867954158875],[0.22131305467641033,51.553740463420326],[0.22050831580683888,51.55359014284102],[0.21987700386908243,51.55347083258495],[0.21934618086613034,51.553366348498194]]},"properties":{"id":"940GZZLUUPB-940GZZLUHCH-District","source":"940GZZLUUPB","target":"940GZZLUHCH","sourceName":"Upminster Bridge","targetName":"Hornchurch","line":"District","colour":"#00782A","color":"#00782A","traffic":0.0167,"off9":0.0,"off12":0.0,"off14":0.0},"id":618},{"type":"Feature","geometry":{"type":"LineString","coordinates":[[0.23603771620242237,51.55785967219139],[0.23633360255051145,51.55791704100093],[0.2368679656989899,51.558015137940146],[0.2370543442435366,51.55804800638897],[0.23747336596614865,51.55812174868868],[0.23801289108715162,51.558215431205404],[0.23836976807062282,51.558266189657814],[0.23874151581881387,51.55831177793351],[0.23948818884957468,51.55838284107156],[0.24007057789039604,51.55842155104761],[0.24076626526396622,51.55846935928415],[0.24136694224512045,51.55849940304572],[0.2417963984345313,51.55851101807646],[0.24287204477233762,51.55850674442514],[0.2431485720343866,51.558495610965885],[0.24378821895343028,51.5584767897183],[0.24466123031552256,51.558451615399946],[0.24600129269726037,51.558408943038955],[0.24676870712445576,51.558385154423874],[0.24761474735117253,51.55837420268874],[0.24821118797134561,51.55837110024515],[0.24932608349551386,51.558357375216616],[0.24953985835373135,51.55835283632439],[0.2501789233618848,51.558339407001704],[0.25069750748569597,51.55832419356691],[0.2508466838289217,51.55831979480618]]},"properties":{"id":"940GZZLUUPB-940GZZLUUPM-District","source":"940GZZLUUPB","target":"940GZZLUUPM","sourceName":"Upminster Bridge","targetName":"Upminster","line":"District","colour":"#00782A","color":"#00782A","traffic":0.0117,"off9":0.0,"off12":0.0,"off14":0.0},"id":619},{"type":"Feature","geometry":{"type":"LineString","coordinates":[[-0.3665382332014357,51.47050048776258],[-0.36655439269142925,51.47049993859704],[-0.36678483272762225,51.47049343005923],[-0.36702191074930424,51.47048544019829],[-0.36720949697244837,51.47047996432208],[-0.3686932389255192,51.47042702994073],[-0.3692685830317537,51.47041210087914],[-0.36958588071175313,51.47040890830494],[-0.3701699674930307,51.470426309193826],[-0.3707704919731044,51.470456865275814],[-0.3711835248243278,51.470493421283024],[-0.371558594527478,51.47052648975125],[-0.3724968087076414,51.470660745960565],[-0.3733513921157304,51.470839152621544],[-0.3742641953901688,51.47107613011348],[-0.37475322379018805,51.471233151806715],[-0.3752637715489129,51.47140768207986],[-0.37759614789234025,51.47237581388397],[-0.3784088771254833,51.47270456490406],[-0.37874217304339963,51.47281924797884],[-0.37912834953482416,51.472930504322626],[-0.379496237751125,51.473012949668004],[-0.3799212147887676,51.47308234640644],[-0.38032214130755077,51.473146460506634],[-0.3807781230274162,51.47320428535577],[-0.38113265278462527,51.47324693851537],[-0.38150901544053895,51.47328110900682],[-0.3818740830644091,51.47329862067644],[-0.3821361066566524,51.47330046774103],[-0.382545501734487,51.47327797421207],[-0.38280660759512625,51.47325259387801],[-0.3830586661368105,51.47321947736526],[-0.3833585988326068,51.47318184834345],[-0.38369590815619625,51.47312863615817],[-0.38434639000302034,51.47302377907969],[-0.38542725629993335,51.47284218775029],[-0.38583421660194356,51.47278217866581],[-0.3860716585694226,51.47275296361826],[-0.3862368449328831,51.47274142108295],[-0.38643621086245233,51.472731543590534],[-0.38649995512116525,51.47272950542033]]},"properties":{"id":"940GZZLUHWC-940GZZLUHWT-Piccadilly","source":"940GZZLUHWC","target":"940GZZLUHWT","sourceName":"Hounslow Central","targetName":"Hounslow West","line":"Piccadilly","colour":"#003688","color":"#003688","traffic":0.0927,"off9":0.0,"off12":0.0,"off14":0.0},"id":620},{"type":"Feature","geometry":{"type":"LineString","coordinates":[[-0.36669978670422604,51.47207740577444],[-0.36668318717871723,51.4720789911831],[-0.36657646751681194,51.472087583692236],[-0.36655556482515705,51.472089110967524],[-0.3664498237383345,51.4720970599546],[-0.36633892328741796,51.47210324775817],[-0.36626817173271214,51.4721066036752],[-0.3661904045448882,51.47210981282424],[-0.36609523686620676,51.47211321599556],[-0.3659818891389492,51.47211742398482],[-0.3658790112850463,51.47212110882201],[-0.3657087366581146,51.47212624346774],[-0.365621952973847,51.47212859046001],[-0.3655385955754473,51.47212948909398],[-0.3653973875369362,51.472130128100446],[-0.3653129603815411,51.472129919760675],[-0.3652502040485419,51.472129600810796],[-0.3651476525251807,51.47212829052577],[-0.3650691284266514,51.47212740922487],[-0.36499135188354204,51.47212314680417],[-0.3649207479184494,51.47212174680803],[-0.3645478485537698,51.47211472404761],[-0.3643426163308904,51.472117250029086],[-0.36409600911717377,51.472125527158],[-0.36405852299750746,51.472128180838105],[-0.36393399146792726,51.472144537661],[-0.363719521698176,51.472168874258124],[-0.36337089332407885,51.472214271673394],[-0.3629257576840008,51.47227368257957],[-0.36248388196051984,51.47234513599496],[-0.3619965777815935,51.472448633453325],[-0.3616745799874929,51.472529542802405],[-0.3612754170117837,51.4726446633578],[-0.3607954265378818,51.472784050730205],[-0.3600824337581151,51.472982782899265],[-0.3586025985913019,51.47339190706994],[-0.3581296224916356,51.473527127150184],[-0.3572705505197643,51.47378280627168],[-0.3571429863872986,51.47383347618024],[-0.3570492131792262,51.47386704887134],[-0.356927546077581,51.473913974785916],[-0.3569161408459148,51.473919624547676]]},"properties":{"id":"940GZZLUHWC-940GZZLUHWE-Piccadilly","source":"940GZZLUHWC","target":"940GZZLUHWE","sourceName":"Hounslow Central","targetName":"Hounslow East","line":"Piccadilly","colour":"#003688","color":"#003688","traffic":0.1365,"off9":0.0,"off12":0.0,"off14":0.0},"id":621},{"type":"Feature","geometry":{"type":"LineString","coordinates":[[-0.3569161408459148,51.473919624547676],[-0.3567935591980488,51.47397620823535],[-0.3566774139301645,51.4740348140438],[-0.35651490989907897,51.47412767076875],[-0.3562819579171222,51.4742541198472],[-0.35613518451480564,51.47434935167809],[-0.35598868103827563,51.47445412221017],[-0.35586173993810255,51.474546861711545],[-0.35576417378582686,51.4746250331277],[-0.35552053138938017,51.47484670233042],[-0.3553187799835164,51.47507294127066],[-0.35517231691096657,51.475310428750525],[-0.3550124314437603,51.475522269423664],[-0.3549113788374526,51.47569347946864],[-0.354813057520107,51.475892731581446],[-0.35473911584510737,51.47606624641175],[-0.3546937863458036,51.47619777461297],[-0.3546354423210361,51.47635355411912],[-0.35457351654271646,51.47648558827131],[-0.35457135896964,51.476603429413004],[-0.354553871959919,51.476766760609564],[-0.3545460173331604,51.47699190575916],[-0.35455783411143915,51.477259640805634],[-0.35457553147737786,51.47751032057279],[-0.3545898983903209,51.477773667555915],[-0.35463445350335365,51.47885376026383],[-0.35462373298741917,51.479055164568265],[-0.35460260667325405,51.479245368271535],[-0.35455917867249204,51.479463635811705],[-0.3545129555095395,51.479660138947516],[-0.3544019878371109,51.47998152878358],[-0.3542075023749158,51.48037645357998],[-0.35406351181518314,51.480621970209384],[-0.3539151413887736,51.48083152989227],[-0.3536604578725379,51.481183655810334],[-0.3534380042345095,51.481408472986985],[-0.3533293982525891,51.48152351390929],[-0.35319249238547684,51.48166730445787],[-0.35302605375508034,51.481807265374776]]},"properties":{"id":"940GZZLUHWE-940GZZLUOSY-Piccadilly","source":"940GZZLUHWE","target":"940GZZLUOSY","sourceName":"Hounslow East","targetName":"Osterley","line":"Piccadilly","colour":"#003688","color":"#003688","traffic":0.1662,"off9":0.0,"off12":0.0,"off14":0.0},"id":622},{"type":"Feature","geometry":{"type":"LineString","coordinates":[[-0.3569161408459148,51.473919624547676],[-0.356927546077581,51.473913974785916],[-0.3570492131792262,51.47386704887134],[-0.3571429863872986,51.47383347618024],[-0.3572705505197643,51.47378280627168],[-0.3581296224916356,51.473527127150184],[-0.3586025985913019,51.47339190706994],[-0.3600824337581151,51.472982782899265],[-0.3607954265378818,51.472784050730205],[-0.3612754170117837,51.4726446633578],[-0.3616745799874929,51.472529542802405],[-0.3619965777815935,51.472448633453325],[-0.36248388196051984,51.47234513599496],[-0.3629257576840008,51.47227368257957],[-0.36337089332407885,51.472214271673394],[-0.363719521698176,51.472168874258124],[-0.36393399146792726,51.472144537661],[-0.36405852299750746,51.472128180838105],[-0.36409600911717377,51.472125527158],[-0.3643426163308904,51.472117250029086],[-0.3645478485537698,51.47211472404761],[-0.3649207479184494,51.47212174680803],[-0.36499135188354204,51.47212314680417],[-0.3650691284266514,51.47212740922487],[-0.3651476525251807,51.47212829052577],[-0.3652502040485419,51.472129600810796],[-0.3653129603815411,51.472129919760675],[-0.3653973875369362,51.472130128100446],[-0.3655385955754473,51.47212948909398],[-0.365621952973847,51.47212859046001],[-0.3657087366581146,51.47212624346774],[-0.3658790112850463,51.47212110882201],[-0.3659818891389492,51.47211742398482],[-0.36609523686620676,51.47211321599556],[-0.3661904045448882,51.47210981282424],[-0.36626817173271214,51.4721066036752],[-0.36633892328741796,51.47210324775817],[-0.3664498237383345,51.4720970599546],[-0.36655556482515705,51.472089110967524],[-0.36657646751681194,51.472087583692236],[-0.36668318717871723,51.4720789911831],[-0.36669978670422604,51.47207740577444]]},"properties":{"id":"940GZZLUHWE-940GZZLUHWC-Piccadilly","source":"940GZZLUHWE","target":"940GZZLUHWC","sourceName":"Hounslow East","targetName":"Hounslow Central","line":"Piccadilly","colour":"#003688","color":"#003688","traffic":0.0975,"off9":0.0,"off12":0.0,"off14":0.0},"id":623},{"type":"Feature","geometry":{"type":"LineString","coordinates":[[-0.16016737562165617,51.5010144407451],[-0.16015448993295373,51.50102288185009],[-0.15996163021640278,51.50107698315903],[-0.15943892562314765,51.5011791508294],[-0.1589709320709474,51.50127415269099],[-0.1588722714015527,51.50129483079136],[-0.1585207372454043,51.501364560091666],[-0.15829837921037468,51.50140363711752],[-0.15810128501408033,51.50143667524621],[-0.15791496981787245,51.50146150042853],[-0.15758291866221272,51.50148446388905],[-0.15687343004806437,51.50152353823296],[-0.1565266604681025,51.50154965445126],[-0.15614326767850728,51.50159604829569],[-0.1556523450493928,51.50168522163621],[-0.15524928353672032,51.501756473168534],[-0.1547237575580511,51.50183373131433],[-0.1540133812367142,51.50193789291487],[-0.15329175512775356,51.50204340969512],[-0.15267010766597805,51.50214145923645],[-0.15235483970243277,51.502188775108216],[-0.1522018131537279,51.502216117676895]]},"properties":{"id":"940GZZLUKNB-940GZZLUHPC-Piccadilly","source":"940GZZLUKNB","target":"940GZZLUHPC","sourceName":"Knightsbridge","targetName":"Hyde Park Corner","line":"Piccadilly","colour":"#003688","color":"#003688","traffic":0.3943,"off9":0.0,"off12":0.0,"off14":0.0},"id":624},{"type":"Feature","geometry":{"type":"LineString","coordinates":[[-0.16016737562165617,51.5010144407451],[-0.16017559932239803,51.501008473928394],[-0.16019719986732286,51.5009819555964],[-0.16035475852809492,51.50088835794742],[-0.16047844860235952,51.500814099341014],[-0.16053955956001503,51.50077469406408],[-0.16059855636493095,51.500734864008436],[-0.1606534493496228,51.50069583254311],[-0.16070119557412307,51.50066150391381],[-0.16076757601036115,51.50061224497425],[-0.1608257439522612,51.500567330859795],[-0.16088754814821188,51.50051672190675],[-0.16093603738464193,51.50047604394033],[-0.16097477433819202,51.500438283243156],[-0.16108921002784962,51.50032741431784],[-0.1612717357365467,51.500151336690955],[-0.161800617071344,51.499695457206876],[-0.16220766443745857,51.49942429106786],[-0.1627235485444137,51.49911602787764],[-0.16303808859917215,51.498928030921654],[-0.164794239564113,51.49793761896531],[-0.16527247516350255,51.497685575696785],[-0.16624157477370352,51.49714727387637],[-0.16707513824222442,51.49669207272001],[-0.16811007449912488,51.496046375248746],[-0.1681092905825323,51.49600974761074],[-0.16808377901045315,51.495984431120014],[-0.16808812361550748,51.49592943999981],[-0.16811502078331775,51.4958496067493],[-0.16811138199100648,51.49583719279089],[-0.16809719622197733,51.49584651072838],[-0.16808857021587134,51.495855967197976],[-0.16809819115725977,51.49575014361339],[-0.1682074028062735,51.49550523509572],[-0.16835851371498176,51.495280900344945],[-0.168504599497159,51.49511674571919],[-0.16867569005815622,51.49494537565456],[-0.1689004642509867,51.49477702838438],[-0.16911632165769422,51.49463419200056],[-0.16938074774032785,51.49450352613618],[-0.16974595624036531,51.49437455219656],[-0.17023379987053658,51.494274572273156],[-0.17033333782618856,51.4942154601183],[-0.17036862975711298,51.494188176671344],[-0.17032913709961842,51.49417087536066],[-0.17030538189707192,51.494155351764235],[-0.17030734633644434,51.49412612670472],[-0.17052650085981572,51.49388347128233],[-0.17078714247273308,51.493691862950136],[-0.1710788228806233,51.49353797121243],[-0.17133971324127292,51.493426648321794],[-0.1715861604462327,51.49335031188259],[-0.17187774578655507,51.49328257457971],[-0.1722310103629929,51.49323060837492],[-0.1726678748697355,51.49320587654218],[-0.17300103284311888,51.493222150835074],[-0.17371754248327415,51.493264256282046],[-0.17423641886861405,51.493305007636515]]},"properties":{"id":"940GZZLUKNB-940GZZLUSKS-Piccadilly","source":"940GZZLUKNB","target":"940GZZLUSKS","sourceName":"Knightsbridge","targetName":"South Kensington","line":"Piccadilly","colour":"#003688","color":"#003688","traffic":0.2873,"off9":0.0,"off12":0.0,"off14":0.0},"id":625},{"type":"Feature","geometry":{"type":"LineString","coordinates":[[-0.422157955390293,51.572026772594256],[-0.42217156778073645,51.57202381794089],[-0.4223784103210851,51.571974704676705],[-0.42254337529296815,51.57193459884049],[-0.4228182234635853,51.571867950862334],[-0.4230860505796061,51.5717963169438],[-0.423453569811666,51.57167535911058],[-0.42380347096491866,51.57154880512177],[-0.42427919184895513,51.571379686201105],[-0.42479968697698584,51.57119029261214],[-0.4254916827418452,51.5709306074603],[-0.4259222759234887,51.57075750749817],[-0.42643832293385747,51.57053770518947],[-0.42721486351166493,51.57020328282566],[-0.4278742505517134,51.5699140875319],[-0.4284484776607306,51.56966371529929],[-0.4290488259343217,51.569409388115716],[-0.42980101743858823,51.56908458111461],[-0.4306502353659823,51.568718643255835],[-0.43146744439686585,51.568366820120424],[-0.43221444091840755,51.568045903230136],[-0.4331185773321952,51.56765199510581],[-0.43393691492500314,51.56730291966645],[-0.43448876409088605,51.56706037368691],[-0.4350183015894532,51.5668315609155],[-0.43572351102220414,51.56652858244612],[-0.4363599471562641,51.566256348746116],[-0.43693109467762575,51.56602750258805],[-0.43765908356596384,51.56573783428503],[-0.4383564094981847,51.56545861035542],[-0.4390772438230965,51.565157626944305],[-0.43975173876281176,51.56484451336483],[-0.4402588347193181,51.564571870420956],[-0.4405837449385096,51.5643905915766],[-0.44063270623891343,51.56436036343808],[-0.440712508614111,51.56431306414944],[-0.4411216053277546,51.56402827818862],[-0.44145478365414803,51.56379935039539],[-0.4417561314754989,51.563582586334],[-0.44208535292687706,51.56331970152542],[-0.4423461136767801,51.56309977627804],[-0.4426564345645798,51.56277949262396],[-0.44281372728258955,51.56261170961793],[-0.44292439964737995,51.56250864779724]]},"properties":{"id":"940GZZLURSP-940GZZLUICK-Piccadilly","source":"940GZZLURSP","target":"940GZZLUICK","sourceName":"Ruislip","targetName":"Ickenham","line":"Piccadilly","colour":"#003688","color":"#003688","traffic":0.0447,"off9":0.0,"off12":0.0,"off14":0.0},"id":626},{"type":"Feature","geometry":{"type":"LineString","coordinates":[[-0.42243044641074917,51.57275537545619],[-0.4224453355614729,51.57275223588179],[-0.42266372064217017,51.57270140935341],[-0.4228326505859362,51.572660697680995],[-0.4231302469271706,51.57259040172467],[-0.42344790115921216,51.572509733887586],[-0.423855139623332,51.57238051822116],[-0.42421114192983733,51.57225261024354],[-0.4246882836979102,51.57208317240221],[-0.4252205739539716,51.57189108522427],[-0.4259338654836903,51.57162631492059],[-0.42638815184697737,51.57144721499635],[-0.4269140458677149,51.571224810378936],[-0.42769512702332985,51.570889165651316],[-0.42835560110342685,51.5705996750638],[-0.42892265532146123,51.57035123059859],[-0.4295223518686434,51.57009707623144],[-0.43027793487717647,51.56977136222922],[-0.4311261707319645,51.569405686511665],[-0.4319430887937317,51.56905394024085],[-0.4326923818368151,51.56873240646027],[-0.43359505466439047,51.568338890211635],[-0.4344155298500063,51.567989239332896],[-0.43496902818177213,51.567746247373805],[-0.4354934031789064,51.56751882183101],[-0.43619552204440826,51.567216664892236],[-0.4368170943125282,51.56694829749223],[-0.4373760893552515,51.56672250517611],[-0.4381067671319277,51.56643216857006],[-0.4388168189963695,51.56614972071084],[-0.439572887646193,51.565839253888605],[-0.44030487752562353,51.56550882672966],[-0.4408569694386362,51.56522094084191],[-0.4412289898770192,51.565021983153194],[-0.4412932124778269,51.56498562687615],[-0.44139571722822196,51.564928828298875],[-0.44181241065550914,51.56464075637724],[-0.44216386730829604,51.564403700790784],[-0.4425066629509979,51.564167272668],[-0.4428778058537541,51.563882603050835],[-0.4431925273535602,51.563631452556066],[-0.44353216912915966,51.56329248524791],[-0.4436825545651791,51.56312921923587],[-0.4438258329216891,51.5630041351156]]},"properties":{"id":"940GZZLURSP-940GZZLUICK-Metropolitan","source":"940GZZLURSP","target":"940GZZLUICK","sourceName":"Ruislip","targetName":"Ickenham","line":"Metropolitan","colour":"#9B0056","color":"#9B0056","traffic":0.0447,"off9":0.0,"off12":0.0,"off14":0.0},"id":627},{"type":"Feature","geometry":{"type":"LineString","coordinates":[[-0.422157955390293,51.572026772594256],[-0.42161643793104403,51.572147527216956],[-0.4207907814254579,51.57233069525866],[-0.4205409186900279,51.572384204307966],[-0.4201663708097757,51.57246213607247],[-0.4196892034150397,51.57254485947798],[-0.4192133700593763,51.572616911407955],[-0.41881503568603795,51.57267576523597],[-0.4184486611663329,51.572735741873764],[-0.4180825314740807,51.572807639279716],[-0.41769778755067793,51.57289193568642],[-0.4133864136909166,51.57385201515984],[-0.4132252863468964,51.573887996123936]]},"properties":{"id":"940GZZLURSP-940GZZLURSM-Piccadilly","source":"940GZZLURSP","target":"940GZZLURSM","sourceName":"Ruislip","targetName":"Ruislip Manor","line":"Piccadilly","colour":"#003688","color":"#003688","traffic":0.0573,"off9":0.0,"off12":0.0,"off14":0.0},"id":628},{"type":"Feature","geometry":{"type":"LineString","coordinates":[[-0.42243044641074917,51.57275537545619],[-0.42187887586208805,51.57287755443391],[-0.4210483628509158,51.573061390517324],[-0.42079323738005586,51.573115608615936],[-0.42039724161955144,51.57319627214493],[-0.4198860068300793,51.57328281895596],[-0.4193923401187527,51.57335662281591],[-0.41899767137207583,51.57341513047194],[-0.41865602233266574,51.57347258374754],[-0.4183214629481614,51.573540778559426],[-0.4179550751013559,51.573622671372846],[-0.41364822738183316,51.574582130319676],[-0.41348740814747464,51.57461806860764]]},"properties":{"id":"940GZZLURSP-940GZZLURSM-Metropolitan","source":"940GZZLURSP","target":"940GZZLURSM","sourceName":"Ruislip","targetName":"Ruislip Manor","line":"Metropolitan","colour":"#9B0056","color":"#9B0056","traffic":0.0573,"off9":0.0,"off12":0.0,"off14":0.0},"id":629},{"type":"Feature","geometry":{"type":"LineString","coordinates":[[-0.11241864639405405,51.48174532431227],[-0.1122758,51.4817731],[-0.1115785,51.4819106],[-0.1111699,51.4820031],[-0.1107649,51.482111],[-0.1101179,51.482312],[-0.1095988,51.4825342],[-0.1090111,51.4828367],[-0.1084231,51.4832198],[-0.1081129,51.4834575],[-0.1076509,51.4839253],[-0.1073985,51.4842568],[-0.1071171,51.4847411],[-0.1069838,51.4850639],[-0.1069332,51.4852642],[-0.106897,51.4854737],[-0.1068828,51.4856555],[-0.1068851,51.4858756],[-0.1069082,51.4860502],[-0.1068521,51.4866532],[-0.1067937,51.4869276],[-0.1066988,51.4871647],[-0.1066219,51.4872779],[-0.1064414,51.4875283]]},"properties":{"id":"940GZZLUOVL-940GZZLUKNG-Northern","source":"940GZZLUOVL","target":"940GZZLUKNG","sourceName":"Oval","targetName":"Kennington","line":"Northern","colour":"#000000","color":"#000000","traffic":0.6716,"off9":0.0,"off12":0.0,"off14":0.0},"id":630},{"type":"Feature","geometry":{"type":"LineString","coordinates":[[-0.11247063986599729,51.48187807380615],[-0.1125416,51.4817981],[-0.1130284,51.4812365],[-0.1131837,51.4810573],[-0.1144797,51.4798382],[-0.1152521,51.4791075],[-0.1169089,51.47753],[-0.1173121,51.4771461],[-0.1189546,51.4755919],[-0.1193778,51.4751913],[-0.119997,51.4746053],[-0.1211786,51.4734872],[-0.1225247,51.4722106],[-0.12260607573134451,51.47214017728037]]},"properties":{"id":"940GZZLUOVL-940GZZLUSKW-Northern","source":"940GZZLUOVL","target":"940GZZLUSKW","sourceName":"Oval","targetName":"Stockwell","line":"Northern","colour":"#000000","color":"#000000","traffic":0.1547,"off9":0.0,"off12":0.0,"off14":0.0},"id":631},{"type":"Feature","geometry":{"type":"LineString","coordinates":[[-0.225016,51.530539],[-0.244283,51.532259]]},"properties":{"id":"940GZZLUKSL-940GZZLUWJN-Bakerloo","source":"940GZZLUKSL","target":"940GZZLUWJN","sourceName":"Kensal Green","targetName":"Willesden Junction","line":"Bakerloo","colour":"#B36305","color":"#B36305","traffic":0.033,"off9":0.0,"off12":0.0,"off14":0.0},"id":632},{"type":"Feature","geometry":{"type":"LineString","coordinates":[[-0.225016,51.530539],[-0.204574,51.534158]]},"properties":{"id":"940GZZLUKSL-940GZZLUQPS-Bakerloo","source":"940GZZLUKSL","target":"940GZZLUQPS","sourceName":"Kensal Green","targetName":"Queens Park","line":"Bakerloo","colour":"#B36305","color":"#B36305","traffic":0.0884,"off9":0.0,"off12":0.0,"off14":0.0},"id":633},{"type":"Feature","geometry":{"type":"LineString","coordinates":[[-0.2045760772421842,51.53417025413626],[-0.2042425,51.5342268],[-0.2040951,51.53425],[-0.2039847,51.5342662],[-0.2038352,51.5342854],[-0.2036279,51.5343086],[-0.2034561,51.5343308],[-0.2033052,51.5343554],[-0.2032035,51.5343709],[-0.2028103,51.5344368],[-0.2024114,51.5345075],[-0.2020228,51.5345782],[-0.201502,51.534671],[-0.2008673,51.5347901],[-0.2008426,51.534795],[-0.1999004,51.5349287],[-0.1992702,51.5350171],[-0.1986972,51.5350841],[-0.1981193,51.5351501],[-0.1974581,51.535212],[-0.1967382,51.5352638],[-0.1962879,51.535283],[-0.1958744,51.5352872],[-0.1956739,51.5352831],[-0.1955169,51.5352681],[-0.1953909,51.5352472],[-0.1952895,51.5352281],[-0.1951135,51.5351887],[-0.1948603,51.5351159],[-0.1947303,51.5350736],[-0.1945499,51.5350172],[-0.1943338,51.5349541],[-0.1942466571044059,51.53492870472263]]},"properties":{"id":"940GZZLUQPS-940GZZLUKPK-Bakerloo","source":"940GZZLUQPS","target":"940GZZLUKPK","sourceName":"Queens Park","targetName":"Kilburn Park","line":"Bakerloo","colour":"#B36305","color":"#B36305","traffic":0.1482,"off9":0.0,"off12":0.0,"off14":0.0},"id":634},{"type":"Feature","geometry":{"type":"LineString","coordinates":[[-0.204574,51.534158],[-0.225016,51.530539]]},"properties":{"id":"940GZZLUQPS-940GZZLUKSL-Bakerloo","source":"940GZZLUQPS","target":"940GZZLUKSL","sourceName":"Queens Park","targetName":"Kensal Green","line":"Bakerloo","colour":"#B36305","color":"#B36305","traffic":0.0331,"off9":0.0,"off12":0.0,"off14":0.0},"id":635},{"type":"Feature","geometry":{"type":"LineString","coordinates":[[-0.308433,51.570232],[-0.31691,51.581756]]},"properties":{"id":"940GZZLUSKT-940GZZLUKEN-Bakerloo","source":"940GZZLUSKT","target":"940GZZLUKEN","sourceName":"South Kenton","targetName":"Kenton","line":"Bakerloo","colour":"#B36305","color":"#B36305","traffic":0.0137,"off9":0.0,"off12":0.0,"off14":0.0},"id":636},{"type":"Feature","geometry":{"type":"LineString","coordinates":[[-0.308433,51.570232],[-0.304,51.562551]]},"properties":{"id":"940GZZLUSKT-940GZZLUNWY-Bakerloo","source":"940GZZLUSKT","target":"940GZZLUNWY","sourceName":"South Kenton","targetName":"North Wembley","line":"Bakerloo","colour":"#B36305","color":"#B36305","traffic":0.0353,"off9":0.0,"off12":0.0,"off14":0.0},"id":637},{"type":"Feature","geometry":{"type":"LineString","coordinates":[[-0.30055368072454713,51.46266949534209],[-0.28445868072454716,51.47649049534209]]},"properties":{"id":"940GZZLURMD-940GZZLUKWG-District","source":"940GZZLURMD","target":"940GZZLUKWG","sourceName":"Richmond","targetName":"Kew Gardens","line":"District","colour":"#00782A","color":"#00782A","traffic":0.0538,"off9":0.0,"off12":0.0,"off14":0.0},"id":638},{"type":"Feature","geometry":{"type":"LineString","coordinates":[[-0.1942466571044059,51.53492870472263],[-0.1943338,51.5349541],[-0.1945499,51.5350172],[-0.1947303,51.5350736],[-0.1948603,51.5351159],[-0.1951135,51.5351887],[-0.1952895,51.5352281],[-0.1953909,51.5352472],[-0.1955169,51.5352681],[-0.1956739,51.5352831],[-0.1958744,51.5352872],[-0.1962879,51.535283],[-0.1967382,51.5352638],[-0.1974581,51.535212],[-0.1981193,51.5351501],[-0.1986972,51.5350841],[-0.1992702,51.5350171],[-0.1999004,51.5349287],[-0.2008426,51.534795],[-0.2008673,51.5347901],[-0.201502,51.534671],[-0.2020228,51.5345782],[-0.2024114,51.5345075],[-0.2028103,51.5344368],[-0.2032035,51.5343709],[-0.2033052,51.5343554],[-0.2034561,51.5343308],[-0.2036279,51.5343086],[-0.2038352,51.5342854],[-0.2039847,51.5342662],[-0.2040951,51.53425],[-0.2042425,51.5342268],[-0.2045760772421842,51.53417025413626]]},"properties":{"id":"940GZZLUKPK-940GZZLUQPS-Bakerloo","source":"940GZZLUKPK","target":"940GZZLUQPS","sourceName":"Kilburn Park","targetName":"Queens Park","line":"Bakerloo","colour":"#B36305","color":"#B36305","traffic":0.0495,"off9":0.0,"off12":0.0,"off14":0.0},"id":639},{"type":"Feature","geometry":{"type":"LineString","coordinates":[[-0.1942466571044059,51.53492870472263],[-0.193723,51.5347761],[-0.1933604,51.5346816],[-0.1921027,51.5343765],[-0.191666,51.534229],[-0.1912294,51.5340586],[-0.1909619,51.5339235],[-0.1905424,51.5336567],[-0.1900767,51.5332835],[-0.1890206,51.532404],[-0.1867434,51.530462],[-0.1859863,51.5297951],[-0.18583275443413866,51.529678532027596]]},"properties":{"id":"940GZZLUKPK-940GZZLUMVL-Bakerloo","source":"940GZZLUKPK","target":"940GZZLUMVL","sourceName":"Kilburn Park","targetName":"Maida Vale","line":"Bakerloo","colour":"#B36305","color":"#B36305","traffic":0.169,"off9":0.0,"off12":0.0,"off14":0.0},"id":640},{"type":"Feature","geometry":{"type":"LineString","coordinates":[[-0.18583275443413866,51.529678532027596],[-0.1854141,51.5293607],[-0.1837539,51.5280177],[-0.1835894,51.527856],[-0.1834548,51.5276985],[-0.1833672,51.5275172],[-0.1832933,51.5273331],[-0.1833565,51.5270259],[-0.1835393,51.5266574],[-0.1838331,51.5260692],[-0.1839654,51.5257178],[-0.1840984,51.5252648],[-0.1841388,51.5245912],[-0.1841089,51.5240561],[-0.1840665,51.5236963],[-0.1838829,51.5233243],[-0.18380132056562995,51.52324431437513]]},"properties":{"id":"940GZZLUMVL-940GZZLUWKA-Bakerloo","source":"940GZZLUMVL","target":"940GZZLUWKA","sourceName":"Maida Vale","targetName":"Warwick Avenue","line":"Bakerloo","colour":"#B36305","color":"#B36305","traffic":0.1938,"off9":0.0,"off12":0.0,"off14":0.0},"id":641},{"type":"Feature","geometry":{"type":"LineString","coordinates":[[-0.18583275443413866,51.529678532027596],[-0.1859863,51.5297951],[-0.1867434,51.530462],[-0.1890206,51.532404],[-0.1900767,51.5332835],[-0.1905424,51.5336567],[-0.1909619,51.5339235],[-0.1912294,51.5340586],[-0.191666,51.534229],[-0.1921027,51.5343765],[-0.1933604,51.5346816],[-0.193723,51.5347761],[-0.1942466571044059,51.53492870472263]]},"properties":{"id":"940GZZLUMVL-940GZZLUKPK-Bakerloo","source":"940GZZLUMVL","target":"940GZZLUKPK","sourceName":"Maida Vale","targetName":"Kilburn Park","line":"Bakerloo","colour":"#B36305","color":"#B36305","traffic":0.0565,"off9":0.0,"off12":0.0,"off14":0.0},"id":642},{"type":"Feature","geometry":{"type":"LineString","coordinates":[[-0.2042625555712753,51.546996550063184],[-0.2042158,51.5469929],[-0.2033153,51.5469159],[-0.2027871,51.5468646],[-0.2015746,51.5467236],[-0.1996268,51.5465678],[-0.1976668,51.546448],[-0.1971189,51.5464247],[-0.1965671,51.5464058],[-0.1959574,51.5464107],[-0.1954874,51.546423],[-0.1950195,51.5464555],[-0.1944642,51.5465078],[-0.1912068,51.5467966],[-0.1910698545371771,51.54680547578816]]},"properties":{"id":"940GZZLUKBN-940GZZLUWHP-Jubilee","source":"940GZZLUKBN","target":"940GZZLUWHP","sourceName":"Kilburn","targetName":"West Hampstead","line":"Jubilee","colour":"#A0A5A9","color":"#A0A5A9","traffic":0.343,"off9":0.0,"off12":0.0,"off14":0.0},"id":643},{"type":"Feature","geometry":{"type":"LineString","coordinates":[[-0.2042625555712753,51.546996550063184],[-0.2045117,51.547016],[-0.2047482,51.5470289],[-0.2053143,51.5470528],[-0.2063873,51.5470911],[-0.207143,51.5471223],[-0.2077421,51.547165],[-0.2084528,51.5472421],[-0.2094472,51.5473748],[-0.210433,51.5475317],[-0.2184399,51.5487758],[-0.2196877,51.5489971],[-0.2206844,51.5491551],[-0.220925,51.5491975],[-0.2210575,51.5492209],[-0.2211852,51.5492434],[-0.22151370992315325,51.549294813492374]]},"properties":{"id":"940GZZLUKBN-940GZZLUWIG-Jubilee","source":"940GZZLUKBN","target":"940GZZLUWIG","sourceName":"Kilburn","targetName":"Willesden Green","line":"Jubilee","colour":"#A0A5A9","color":"#A0A5A9","traffic":0.0636,"off9":0.0,"off12":0.0,"off14":0.0},"id":644},{"type":"Feature","geometry":{"type":"LineString","coordinates":[[-0.2786007758381376,51.58478491247277],[-0.2786225,51.5847165],[-0.2786881,51.5844899],[-0.2787889,51.5841478],[-0.2789324,51.5836595],[-0.2790217,51.5833527],[-0.2791251,51.5830208],[-0.2792511,51.5826016],[-0.2793665,51.5822219],[-0.2794793,51.581819],[-0.279693,51.5811074],[-0.2797796,51.5808722],[-0.2798954,51.5806017],[-0.2801529,51.5801363],[-0.2804235,51.5797528],[-0.2806319,51.5794984],[-0.2808984,51.5792049],[-0.2811874,51.5789379],[-0.2815294,51.5786897],[-0.281796,51.5784862],[-0.2821288,51.5782563],[-0.2823964,51.5780872],[-0.2826764,51.5779272],[-0.2829272,51.5777979],[-0.2833868,51.5775606],[-0.2839569,51.5772745],[-0.2844835,51.5770082],[-0.2849051,51.5767969],[-0.2855988,51.5764152],[-0.2863342,51.576049],[-0.2885708,51.5749215],[-0.2888676,51.5747672],[-0.2891395,51.5746126],[-0.2893976,51.5744466],[-0.2895793,51.5743172],[-0.289741,51.5741769],[-0.2898965,51.5740145],[-0.2900405,51.57385],[-0.2901788,51.5736508],[-0.2902813,51.57347],[-0.2903879,51.5732027],[-0.290442,51.5729874],[-0.2904688,51.5728001],[-0.290475,51.5726422],[-0.2904537,51.5723622],[-0.2904016,51.5721311],[-0.290315,51.5719071],[-0.290188,51.5716459],[-0.2899506,51.5712688],[-0.2897846,51.5710169],[-0.2895367,51.5706513],[-0.2890975,51.5700648],[-0.288786,51.5696681],[-0.2884226,51.5692535],[-0.287886,51.5687503],[-0.2876348,51.5685489],[-0.2873727,51.5683415],[-0.2865211,51.5676389],[-0.2859784,51.567139],[-0.2857037,51.5668765],[-0.2854393,51.566637],[-0.2850021,51.5662576],[-0.2845276,51.5658807],[-0.2840314,51.5655215],[-0.2837484,51.56533],[-0.2831959,51.5649887],[-0.2825952,51.5646537],[-0.2822338,51.5644816],[-0.2819239,51.5643511],[-0.2816524,51.5642446],[-0.2809809,51.5640162],[-0.28069,51.5639141],[-0.2794057,51.5634586],[-0.27919596531508484,51.56338423144165]]},"properties":{"id":"940GZZLUKBY-940GZZLUWYP-Jubilee","source":"940GZZLUKBY","target":"940GZZLUWYP","sourceName":"Kingsbury","targetName":"Wembley Park","line":"Jubilee","colour":"#A0A5A9","color":"#A0A5A9","traffic":0.1469,"off9":0.0,"off12":0.0,"off14":0.0},"id":645},{"type":"Feature","geometry":{"type":"LineString","coordinates":[[-0.2786007758381376,51.58478491247277],[-0.2783952,51.5854323],[-0.2783548,51.5857045],[-0.2783323,51.5862341],[-0.278445,51.5869938],[-0.2785595,51.5873792],[-0.278678,51.5877391],[-0.2788362,51.5881597],[-0.2790531,51.5885697],[-0.2792322,51.5888267],[-0.2794441,51.5890968],[-0.279572,51.5892602],[-0.2798096,51.5895246],[-0.2801641,51.5898908],[-0.2805313,51.590282],[-0.28122,51.59102],[-0.2815333,51.591354],[-0.2819014,51.5917376],[-0.2821344,51.5919566],[-0.2825908,51.592341],[-0.2828516,51.5925326],[-0.2831364,51.5927201],[-0.2833875,51.5928774],[-0.2836499,51.5930266],[-0.2844005,51.593401],[-0.2847742,51.593568],[-0.2854947,51.5938767],[-0.2857306,51.5939778],[-0.2861855,51.5941727],[-0.28621936679184273,51.594187139730266]]},"properties":{"id":"940GZZLUKBY-940GZZLUQBY-Jubilee","source":"940GZZLUKBY","target":"940GZZLUQBY","sourceName":"Kingsbury","targetName":"Queensbury","line":"Jubilee","colour":"#A0A5A9","color":"#A0A5A9","traffic":0.0311,"off9":0.0,"off12":0.0,"off14":0.0},"id":646},{"type":"Feature","geometry":{"type":"LineString","coordinates":[[-0.20985407603290432,51.51598473457472],[-0.2096955798555315,51.51602068610415],[-0.20935983190282548,51.516097911778644],[-0.20880750459491076,51.51622532935969],[-0.20833300977805405,51.516337488261755],[-0.2078260393649937,51.51646682693649],[-0.2075612399109882,51.516548266314544],[-0.2073697280129346,51.516607727342254],[-0.20714724087551017,51.51668006586145],[-0.20683308728418687,51.5167972950389],[-0.2065784734883448,51.51690721461274],[-0.20635475289411187,51.51699360860531],[-0.20614004886295398,51.5170941147453],[-0.20585227398379144,51.51722263714218],[-0.2056433152234612,51.51733919078383],[-0.2054377902925417,51.51744972908494],[-0.20467521569145306,51.517905599990044],[-0.2043261367243117,51.51815771582904],[-0.20404767071422691,51.51837472010408],[-0.20369756871748557,51.51868041454111],[-0.20352831461207935,51.51880894168091],[-0.2032658675082146,51.51900208611675],[-0.20321285686011425,51.51906066884871],[-0.20317398486461768,51.51911566168896],[-0.2031433482797446,51.519160077792684],[-0.20298620372810589,51.51924142131506],[-0.20279642556961094,51.519326351690445],[-0.20268032484257226,51.51938009765574],[-0.20262889605183668,51.51940451481604],[-0.20248371986150607,51.51944349397838],[-0.20238837355996547,51.519466077906905],[-0.2022907435729162,51.51948382023942],[-0.2021492134513026,51.5194979885149],[-0.20204710098032863,51.51950340712882],[-0.20189093952520487,51.51950574348631],[-0.20175303940739633,51.5195037576942],[-0.20162028969548343,51.519497387857506],[-0.2014606461040902,51.519482899425924],[-0.20139530015688925,51.51947079724303]]},"properties":{"id":"940GZZLULAD-940GZZLUWSP-Circle","source":"940GZZLULAD","target":"940GZZLUWSP","sourceName":"Ladbroke Grove","targetName":"Westbourne Park","line":"Circle","colour":"#FFD300","color":"#FFD300","traffic":0.1325,"off9":0.0,"off12":0.0,"off14":0.0},"id":647},{"type":"Feature","geometry":{"type":"LineString","coordinates":[[-0.2103896731751808,51.51744319387536],[-0.2102343,51.5174787],[-0.2099036,51.5175552],[-0.2093664,51.5176804],[-0.2089374,51.5177855],[-0.2085306,51.5178972],[-0.2083256,51.5179667],[-0.2081685,51.5180188],[-0.2080211,51.5180738],[-0.2077771,51.5181732],[-0.2075441,51.5182773],[-0.2073882,51.5183444],[-0.2072281,51.5184282],[-0.2070211,51.51853],[-0.2068642,51.518628],[-0.2066782,51.5187313],[-0.2060856,51.5191172],[-0.2058217,51.5193291],[-0.2055497,51.5195429],[-0.2051377,51.5198784],[-0.204915,51.5200311],[-0.2046442,51.5202279],[-0.2045025,51.5203233],[-0.2043269,51.5204285],[-0.2041384,51.520522],[-0.203873,51.520632],[-0.2035949,51.5207375],[-0.2033514,51.5208167],[-0.2031796,51.5208608],[-0.2029372,51.5209127],[-0.2027427,51.5209458],[-0.2025387,51.5209719],[-0.2022948,51.5209913],[-0.2021131,51.5209989],[-0.2018918,51.5210018],[-0.20169,51.5209993],[-0.2014829,51.520991],[-0.2012209,51.5209715],[-0.20108463689723577,51.520954313045834]]},"properties":{"id":"940GZZLULAD-940GZZLUWSP-Hammersmith & City","source":"940GZZLULAD","target":"940GZZLUWSP","sourceName":"Ladbroke Grove","targetName":"Westbourne Park","line":"Hammersmith & City","colour":"#F3A9BB","color":"#F3A9BB","traffic":0.1325,"off9":0.0,"off12":0.0,"off14":0.0},"id":648},{"type":"Feature","geometry":{"type":"LineString","coordinates":[[-0.2109042855286741,51.51886323822862],[-0.21181425883552046,51.51866063883879],[-0.21226007827299495,51.51856246458619],[-0.2126013491914001,51.51848182981235],[-0.21320803186767937,51.51831058035848],[-0.21377152153111112,51.518119332781886],[-0.21425624759609077,51.51789877274315],[-0.2144655882655511,51.517804724683465],[-0.2147950434969068,51.517650950569255],[-0.21513358910038816,51.51748831303228],[-0.21543954755784273,51.51732723126134],[-0.21570098473110697,51.5171844796214],[-0.21599929299162562,51.51700332206037],[-0.21643000758645686,51.51669499252747],[-0.21675013588983372,51.516451194905216],[-0.21740062058248835,51.51599609890004],[-0.2189016144616185,51.51488471099816],[-0.21925905374646693,51.514618033538646]]},"properties":{"id":"940GZZLULAD-940GZZLULRD-Circle","source":"940GZZLULAD","target":"940GZZLULRD","sourceName":"Ladbroke Grove","targetName":"Latimer Road","line":"Circle","colour":"#FFD300","color":"#FFD300","traffic":0.076,"off9":0.0,"off12":0.0,"off14":0.0},"id":649},{"type":"Feature","geometry":{"type":"LineString","coordinates":[[-0.21038075535903325,51.517403083341314],[-0.2112856,51.5172012],[-0.2116905,51.517109],[-0.2119473,51.5170422],[-0.2124264,51.5168958],[-0.2128168,51.5167463],[-0.2132316,51.5165454],[-0.2134296,51.5164547],[-0.2137063,51.5163171],[-0.2139766,51.5161769],[-0.2142093,51.5160419],[-0.2143948,51.5159285],[-0.2146054,51.5157844],[-0.2150004,51.5154922],[-0.2153452,51.5152372],[-0.2159917,51.5147839],[-0.2174641,51.5136856],[-0.2178213844334262,51.513418998350026]]},"properties":{"id":"940GZZLULAD-940GZZLULRD-Hammersmith & City","source":"940GZZLULAD","target":"940GZZLULRD","sourceName":"Ladbroke Grove","targetName":"Latimer Road","line":"Hammersmith & City","colour":"#F3A9BB","color":"#F3A9BB","traffic":0.076,"off9":0.0,"off12":0.0,"off14":0.0},"id":650},{"type":"Feature","geometry":{"type":"LineString","coordinates":[[-0.20139530015688925,51.51947079724303],[-0.2014606461040902,51.519482899425924],[-0.20162028969548343,51.519497387857506],[-0.20175303940739633,51.5195037576942],[-0.20189093952520487,51.51950574348631],[-0.20204710098032863,51.51950340712882],[-0.2021492134513026,51.5194979885149],[-0.2022907435729162,51.51948382023942],[-0.20238837355996547,51.519466077906905],[-0.20248371986150607,51.51944349397838],[-0.20262889605183668,51.51940451481604],[-0.20268032484257226,51.51938009765574],[-0.20279642556961094,51.519326351690445],[-0.20298620372810589,51.51924142131506],[-0.2031433482797446,51.519160077792684],[-0.20317398486461768,51.51911566168896],[-0.20321285686011425,51.51906066884871],[-0.2032658675082146,51.51900208611675],[-0.20352831461207935,51.51880894168091],[-0.20369756871748557,51.51868041454111],[-0.20404767071422691,51.51837472010408],[-0.2043261367243117,51.51815771582904],[-0.20467521569145306,51.517905599990044],[-0.2054377902925417,51.51744972908494],[-0.2056433152234612,51.51733919078383],[-0.20585227398379144,51.51722263714218],[-0.20614004886295398,51.5170941147453],[-0.20635475289411187,51.51699360860531],[-0.2065784734883448,51.51690721461274],[-0.20683308728418687,51.5167972950389],[-0.20714724087551017,51.51668006586145],[-0.2073697280129346,51.516607727342254],[-0.2075612399109882,51.516548266314544],[-0.2078260393649937,51.51646682693649],[-0.20833300977805405,51.516337488261755],[-0.20880750459491076,51.51622532935969],[-0.20935983190282548,51.516097911778644],[-0.2096955798555315,51.51602068610415],[-0.20985407603290432,51.51598473457472]]},"properties":{"id":"940GZZLUWSP-940GZZLULAD-Circle","source":"940GZZLUWSP","target":"940GZZLULAD","sourceName":"Westbourne Park","targetName":"Ladbroke Grove","line":"Circle","colour":"#FFD300","color":"#FFD300","traffic":0.0879,"off9":0.0,"off12":0.0,"off14":0.0},"id":651},{"type":"Feature","geometry":{"type":"LineString","coordinates":[[-0.20108463689723577,51.520954313045834],[-0.2012209,51.5209715],[-0.2014829,51.520991],[-0.20169,51.5209993],[-0.2018918,51.5210018],[-0.2021131,51.5209989],[-0.2022948,51.5209913],[-0.2025387,51.5209719],[-0.2027427,51.5209458],[-0.2029372,51.5209127],[-0.2031796,51.5208608],[-0.2033514,51.5208167],[-0.2035949,51.5207375],[-0.203873,51.520632],[-0.2041384,51.520522],[-0.2043269,51.5204285],[-0.2045025,51.5203233],[-0.2046442,51.5202279],[-0.204915,51.5200311],[-0.2051377,51.5198784],[-0.2055497,51.5195429],[-0.2058217,51.5193291],[-0.2060856,51.5191172],[-0.2066782,51.5187313],[-0.2068642,51.518628],[-0.2070211,51.51853],[-0.2072281,51.5184282],[-0.2073882,51.5183444],[-0.2075441,51.5182773],[-0.2077771,51.5181732],[-0.2080211,51.5180738],[-0.2081685,51.5180188],[-0.2083256,51.5179667],[-0.2085306,51.5178972],[-0.2089374,51.5177855],[-0.2093664,51.5176804],[-0.2099036,51.5175552],[-0.2102343,51.5174787],[-0.2103896731751808,51.51744319387536]]},"properties":{"id":"940GZZLUWSP-940GZZLULAD-Hammersmith & City","source":"940GZZLUWSP","target":"940GZZLULAD","sourceName":"Westbourne Park","targetName":"Ladbroke Grove","line":"Hammersmith & City","colour":"#F3A9BB","color":"#F3A9BB","traffic":0.0879,"off9":0.0,"off12":0.0,"off14":0.0},"id":652},{"type":"Feature","geometry":{"type":"LineString","coordinates":[[-0.20139530015688925,51.51947079724303],[-0.20134938047280443,51.51946428525685],[-0.20125860270401436,51.519446652562564],[-0.20120815256562005,51.51943278651755],[-0.20094382603781877,51.51937784647223],[-0.20040562945455634,51.5192403220559],[-0.19874875626415345,51.518834158192384],[-0.19798456841527973,51.51867701200862],[-0.19673777666879622,51.51842553169513],[-0.19624943912980367,51.51833614447841],[-0.19578808462541994,51.51827514710043],[-0.19533866984941278,51.51823360305139],[-0.19514589229703005,51.51822252700383],[-0.19385926612240886,51.51816340665431],[-0.19359734282638094,51.51813903665827],[-0.19038224237288406,51.517823263610424],[-0.18969024859846373,51.51775671223863],[-0.18896806947304046,51.51768854138236]]},"properties":{"id":"940GZZLUWSP-940GZZLURYO-Circle","source":"940GZZLUWSP","target":"940GZZLURYO","sourceName":"Westbourne Park","targetName":"Royal Oak","line":"Circle","colour":"#FFD300","color":"#FFD300","traffic":0.1496,"off9":0.0,"off12":0.0,"off14":0.0},"id":653},{"type":"Feature","geometry":{"type":"LineString","coordinates":[[-0.20108463689723577,51.520954313045834],[-0.2010219,51.5209464],[-0.2008533,51.5209213],[-0.2007514,51.5209016],[-0.2004297,51.5208393],[-0.1998315,51.5206931],[-0.1982123,51.5202925],[-0.1974979,51.5201421],[-0.19627,51.519893],[-0.195848,51.5198112],[-0.1954957,51.5197601],[-0.1951411,51.5197246],[-0.1950131,51.5197163],[-0.193703,51.5196563],[-0.1933788,51.5196289],[-0.1901496,51.5193123],[-0.1894618,51.519246],[-0.1887418607555352,51.51917796150113]]},"properties":{"id":"940GZZLUWSP-940GZZLURYO-Hammersmith & City","source":"940GZZLUWSP","target":"940GZZLURYO","sourceName":"Westbourne Park","targetName":"Royal Oak","line":"Hammersmith & City","colour":"#F3A9BB","color":"#F3A9BB","traffic":0.1496,"off9":0.0,"off12":0.0,"off14":0.0},"id":654},{"type":"Feature","geometry":{"type":"LineString","coordinates":[[-0.21925905374646693,51.514618033538646],[-0.2189016144616185,51.51488471099816],[-0.21740062058248835,51.51599609890004],[-0.21675013588983372,51.516451194905216],[-0.21643000758645686,51.51669499252747],[-0.21599929299162562,51.51700332206037],[-0.21570098473110697,51.5171844796214],[-0.21543954755784273,51.51732723126134],[-0.21513358910038816,51.51748831303228],[-0.2147950434969068,51.517650950569255],[-0.2144655882655511,51.517804724683465],[-0.21425624759609077,51.51789877274315],[-0.21377152153111112,51.518119332781886],[-0.21320803186767937,51.51831058035848],[-0.2126013491914001,51.51848182981235],[-0.21226007827299495,51.51856246458619],[-0.21181425883552046,51.51866063883879],[-0.2109042855286741,51.51886323822862]]},"properties":{"id":"940GZZLULRD-940GZZLULAD-Circle","source":"940GZZLULRD","target":"940GZZLULAD","sourceName":"Latimer Road","targetName":"Ladbroke Grove","line":"Circle","colour":"#FFD300","color":"#FFD300","traffic":0.1174,"off9":0.0,"off12":0.0,"off14":0.0},"id":655},{"type":"Feature","geometry":{"type":"LineString","coordinates":[[-0.2178213844334262,51.513418998350026],[-0.2174641,51.5136856],[-0.2159917,51.5147839],[-0.2153452,51.5152372],[-0.2150004,51.5154922],[-0.2146054,51.5157844],[-0.2143948,51.5159285],[-0.2142093,51.5160419],[-0.2139766,51.5161769],[-0.2137063,51.5163171],[-0.2134296,51.5164547],[-0.2132316,51.5165454],[-0.2128168,51.5167463],[-0.2124264,51.5168958],[-0.2119473,51.5170422],[-0.2116905,51.517109],[-0.2112856,51.5172012],[-0.21038075535903325,51.517403083341314]]},"properties":{"id":"940GZZLULRD-940GZZLULAD-Hammersmith & City","source":"940GZZLULRD","target":"940GZZLULAD","sourceName":"Latimer Road","targetName":"Ladbroke Grove","line":"Hammersmith & City","colour":"#F3A9BB","color":"#F3A9BB","traffic":0.1174,"off9":0.0,"off12":0.0,"off14":0.0},"id":656},{"type":"Feature","geometry":{"type":"LineString","coordinates":[[-0.2164158684651542,51.51226253522177],[-0.21722930562319104,51.51166372121145],[-0.21758407170111413,51.51142171145024],[-0.21766904493607847,51.511356939957736],[-0.21800533990074217,51.511103981870406],[-0.2183514289286885,51.510868785453546],[-0.2186161387469674,51.51072199839876],[-0.21905003876083057,51.510475603362146],[-0.2192539079975623,51.510386257793435],[-0.2195725114605041,51.51023301541732],[-0.219815655376804,51.510107710356124],[-0.22023110232489418,51.50991065280864],[-0.22059768665066892,51.50976818740231],[-0.22101309258878626,51.50961860393094],[-0.22138103663819203,51.50947530360293],[-0.22153608119277055,51.50940920012386],[-0.22164690624195316,51.509346644178905],[-0.22181179177202975,51.50926606231889],[-0.2219544325706535,51.509200169731685],[-0.22206437036749826,51.509130612361176],[-0.22227738693116506,51.50900271382414],[-0.22240959315444714,51.508914742296426],[-0.22251279709645283,51.508829389666424],[-0.2226331765761506,51.50872814061086],[-0.22282944364183094,51.50859481645073],[-0.22287872640326215,51.508557263922185],[-0.22292014721810116,51.508506373040625],[-0.2229676996367905,51.50845077577107]]},"properties":{"id":"940GZZLULRD-940GZZLUWLA-Circle","source":"940GZZLULRD","target":"940GZZLUWLA","sourceName":"Latimer Road","targetName":"Wood Lane","line":"Circle","colour":"#FFD300","color":"#FFD300","traffic":0.0691,"off9":0.0,"off12":0.0,"off14":0.0},"id":657},{"type":"Feature","geometry":{"type":"LineString","coordinates":[[-0.21785323789704,51.513461710271244],[-0.2186391,51.5128755],[-0.2189659,51.5126459],[-0.2190704,51.5125725],[-0.21943,51.512309],[-0.2197072,51.5121042],[-0.2198831,51.5119934],[-0.22024,51.5117755],[-0.2203473,51.5117186],[-0.220647,51.5115713],[-0.2208994,51.5114431],[-0.2212564,51.5112638],[-0.2215073,51.511153],[-0.2218699,51.5110164],[-0.2222458,51.5108712],[-0.2224477,51.5107935],[-0.2226448,51.5107077],[-0.2228192,51.5106244],[-0.2229767,51.5105542],[-0.2231676,51.5104598],[-0.2234442,51.5103107],[-0.2236342,51.5102021],[-0.2238362,51.5100783],[-0.2240127,51.5099533],[-0.2241983,51.5098246],[-0.2242631,51.5097803],[-0.2243832,51.5096934],[-0.22448356168145017,51.50961184967388]]},"properties":{"id":"940GZZLULRD-940GZZLUWLA-Hammersmith & City","source":"940GZZLULRD","target":"940GZZLUWLA","sourceName":"Latimer Road","targetName":"Wood Lane","line":"Hammersmith & City","colour":"#F3A9BB","color":"#F3A9BB","traffic":0.0691,"off9":0.0,"off12":0.0,"off14":0.0},"id":658},{"type":"Feature","geometry":{"type":"LineString","coordinates":[[-0.17549696703676507,51.51174453626502],[-0.1758979,51.5116893],[-0.1807526,51.5109047],[-0.1820723,51.5107047],[-0.1827631,51.5106225],[-0.1836099,51.5105634],[-0.1851883,51.5104661],[-0.1862178,51.5103736],[-0.18715157522625847,51.510306121897585]]},"properties":{"id":"940GZZLULGT-940GZZLUQWY-Central","source":"940GZZLULGT","target":"940GZZLUQWY","sourceName":"Lancaster Gate","targetName":"Queensway","line":"Central","colour":"#E32017","color":"#E32017","traffic":0.3171,"off9":0.0,"off12":0.0,"off14":0.0},"id":659},{"type":"Feature","geometry":{"type":"LineString","coordinates":[[-0.17549696703676507,51.51174453626502],[-0.1751089,51.511798],[-0.1744145,51.5118857],[-0.1648508,51.5127931],[-0.1635054,51.5129515],[-0.1599518,51.5133203],[-0.1591481,51.5134186],[-0.15895558357665918,51.513443764882325]]},"properties":{"id":"940GZZLULGT-940GZZLUMBA-Central","source":"940GZZLULGT","target":"940GZZLUMBA","sourceName":"Lancaster Gate","targetName":"Marble Arch","line":"Central","colour":"#E32017","color":"#E32017","traffic":0.5317,"off9":0.0,"off12":0.0,"off14":0.0},"id":660},{"type":"Feature","geometry":{"type":"LineString","coordinates":[[-0.18715157522625847,51.510306121897585],[-0.1862178,51.5103736],[-0.1851883,51.5104661],[-0.1836099,51.5105634],[-0.1827631,51.5106225],[-0.1820723,51.5107047],[-0.1807526,51.5109047],[-0.1758979,51.5116893],[-0.17549696703676507,51.51174453626502]]},"properties":{"id":"940GZZLUQWY-940GZZLULGT-Central","source":"940GZZLUQWY","target":"940GZZLULGT","sourceName":"Queensway","targetName":"Lancaster Gate","line":"Central","colour":"#E32017","color":"#E32017","traffic":0.4961,"off9":0.0,"off12":0.0,"off14":0.0},"id":661},{"type":"Feature","geometry":{"type":"LineString","coordinates":[[-0.18715157522625847,51.510306121897585],[-0.1872612,51.5102982],[-0.1883414,51.5102128],[-0.1894032,51.510156],[-0.1909204,51.5100554],[-0.1913878,51.5100218],[-0.1918505,51.5099767],[-0.1923263,51.5098969],[-0.1928388,51.5097999],[-0.1944374,51.5094934],[-0.1954381,51.50933],[-0.1957442,51.509265],[-0.1960617,51.5091865],[-0.19611485659798505,51.50917393720125]]},"properties":{"id":"940GZZLUQWY-940GZZLUNHG-Central","source":"940GZZLUQWY","target":"940GZZLUNHG","sourceName":"Queensway","targetName":"Notting Hill Gate","line":"Central","colour":"#E32017","color":"#E32017","traffic":0.2925,"off9":0.0,"off12":0.0,"off14":0.0},"id":662},{"type":"Feature","geometry":{"type":"LineString","coordinates":[[-0.2229676996367905,51.50845077577107],[-0.22292014721810116,51.508506373040625],[-0.22287872640326215,51.508557263922185],[-0.22282944364183094,51.50859481645073],[-0.2226331765761506,51.50872814061086],[-0.22251279709645283,51.508829389666424],[-0.22240959315444714,51.508914742296426],[-0.22227738693116506,51.50900271382414],[-0.22206437036749826,51.509130612361176],[-0.2219544325706535,51.509200169731685],[-0.22181179177202975,51.50926606231889],[-0.22164690624195316,51.509346644178905],[-0.22153608119277055,51.50940920012386],[-0.22138103663819203,51.50947530360293],[-0.22101309258878626,51.50961860393094],[-0.22059768665066892,51.50976818740231],[-0.22023110232489418,51.50991065280864],[-0.219815655376804,51.510107710356124],[-0.2195725114605041,51.51023301541732],[-0.2192539079975623,51.510386257793435],[-0.21905003876083057,51.510475603362146],[-0.2186161387469674,51.51072199839876],[-0.2183514289286885,51.510868785453546],[-0.21800533990074217,51.511103981870406],[-0.21766904493607847,51.511356939957736],[-0.21758407170111413,51.51142171145024],[-0.21722930562319104,51.51166372121145],[-0.2164158684651542,51.51226253522177]]},"properties":{"id":"940GZZLUWLA-940GZZLULRD-Circle","source":"940GZZLUWLA","target":"940GZZLULRD","sourceName":"Wood Lane","targetName":"Latimer Road","line":"Circle","colour":"#FFD300","color":"#FFD300","traffic":0.1129,"off9":0.0,"off12":0.0,"off14":0.0},"id":663},{"type":"Feature","geometry":{"type":"LineString","coordinates":[[-0.22448356168145017,51.50961184967388],[-0.2243832,51.5096934],[-0.2242631,51.5097803],[-0.2241983,51.5098246],[-0.2240127,51.5099533],[-0.2238362,51.5100783],[-0.2236342,51.5102021],[-0.2234442,51.5103107],[-0.2231676,51.5104598],[-0.2229767,51.5105542],[-0.2228192,51.5106244],[-0.2226448,51.5107077],[-0.2224477,51.5107935],[-0.2222458,51.5108712],[-0.2218699,51.5110164],[-0.2215073,51.511153],[-0.2212564,51.5112638],[-0.2208994,51.5114431],[-0.220647,51.5115713],[-0.2203473,51.5117186],[-0.22024,51.5117755],[-0.2198831,51.5119934],[-0.2197072,51.5121042],[-0.21943,51.512309],[-0.2190704,51.5125725],[-0.2189659,51.5126459],[-0.2186391,51.5128755],[-0.21785323789704,51.513461710271244]]},"properties":{"id":"940GZZLUWLA-940GZZLULRD-Hammersmith & City","source":"940GZZLUWLA","target":"940GZZLULRD","sourceName":"Wood Lane","targetName":"Latimer Road","line":"Hammersmith & City","colour":"#F3A9BB","color":"#F3A9BB","traffic":0.1129,"off9":0.0,"off12":0.0,"off14":0.0},"id":664},{"type":"Feature","geometry":{"type":"LineString","coordinates":[[-0.2229676996367905,51.50845077577107],[-0.2230336289762541,51.50838886015083],[-0.22312130857537998,51.50828664633181],[-0.22322838461703765,51.508155670596445],[-0.22332477221777056,51.50803825367838],[-0.22338910250454877,51.5079351241151],[-0.22345897271248444,51.50781405042338],[-0.22353091024092211,51.50768197214625],[-0.22358487876757702,51.50756776861729],[-0.22361358317140628,51.50748388396597],[-0.22361938289737548,51.50742178354331],[-0.22363365510650365,51.50735167808684],[-0.223715740389187,51.50718312873938],[-0.22373463232956123,51.50705948590615],[-0.22376140910496461,51.506929041513565],[-0.22380327474591122,51.50668867265267],[-0.2238287728279313,51.50656271398752],[-0.22405193879965737,51.50551487705221],[-0.22410442279173345,51.505271436148156]]},"properties":{"id":"940GZZLUWLA-940GZZLUSBM-Circle","source":"940GZZLUWLA","target":"940GZZLUSBM","sourceName":"Wood Lane","targetName":"Shepherds Bush Market","line":"Circle","colour":"#FFD300","color":"#FFD300","traffic":0.0594,"off9":0.0,"off12":0.0,"off14":0.0},"id":665},{"type":"Feature","geometry":{"type":"LineString","coordinates":[[-0.22448356168145017,51.50961184967388],[-0.2245774,51.5095356],[-0.2247485,51.5093878],[-0.2249238,51.5092162],[-0.2250738,51.5090645],[-0.2252131,51.5089095],[-0.2253615,51.5087284],[-0.2254957,51.5085438],[-0.2256157,51.5083681],[-0.2256958,51.5082313],[-0.2257923,51.5080614],[-0.2258332,51.507955],[-0.2259226,51.507776],[-0.2260058,51.5075493],[-0.226078,51.507328],[-0.2261503,51.5070114],[-0.2261794,51.5068751],[-0.2264042,51.5058223],[-0.22645117590897748,51.505594724130006]]},"properties":{"id":"940GZZLUWLA-940GZZLUSBM-Hammersmith & City","source":"940GZZLUWLA","target":"940GZZLUSBM","sourceName":"Wood Lane","targetName":"Shepherds Bush Market","line":"Hammersmith & City","colour":"#F3A9BB","color":"#F3A9BB","traffic":0.0594,"off9":0.0,"off12":0.0,"off14":0.0},"id":666},{"type":"Feature","geometry":{"type":"LineString","coordinates":[[-0.00552375934364764,51.556590179581214],[-0.0059969,51.5562856],[-0.0063261,51.5560568],[-0.0066488,51.5557879],[-0.0069606,51.5555006],[-0.0071475,51.5553175],[-0.0073211,51.5551284],[-0.0075453,51.5548455],[-0.0076792,51.5546249],[-0.0077618,51.5544469],[-0.007838,51.5542441],[-0.0078966,51.5540392],[-0.0079471,51.5537817],[-0.0079613,51.5535259],[-0.0079561,51.5533238],[-0.0079353,51.5531471],[-0.007897,51.5529701],[-0.007838,51.5527981],[-0.0077552,51.5525842],[-0.0076504,51.5523554],[-0.0075477,51.5521933],[-0.0074349,51.5520271],[-0.0072406,51.5517237],[-0.0070567,51.5515001],[-0.0067122,51.5511586],[-0.0060406,51.5507043],[-0.0055185,51.5503907],[-0.0049962,51.5501095],[-0.0043802,51.5498503],[-0.0029947,51.5493609],[-0.0021744,51.549037],[-0.0016415,51.548779],[-0.0010464,51.5484733],[-0.0005629,51.548152],[-0.0002141,51.5478488],[5.43e-05,51.5475376],[0.0003831,51.5471021],[0.0005869,51.5467401],[0.0007336,51.5463874],[0.0008286,51.5460716],[0.000873,51.5457775],[0.0008571,51.5454095],[0.0007671,51.5451339],[0.0005434,51.5447718],[0.0002495,51.5444453],[-5.86e-05,51.5441455],[-0.000369,51.5438925],[-0.0006836,51.5436581],[-0.0013824,51.5431486],[-0.0017776,51.542871],[-0.0025139,51.5423673],[-0.0028352,51.5421595],[-0.0029603,51.5420789],[-0.003435360730972517,51.54177106263118]]},"properties":{"id":"940GZZLULYN-940GZZLUSTD-Central","source":"940GZZLULYN","target":"940GZZLUSTD","sourceName":"Leyton","targetName":"Stratford","line":"Central","colour":"#E32017","color":"#E32017","traffic":0.7394,"off9":0.0,"off12":0.0,"off14":0.0},"id":667},{"type":"Feature","geometry":{"type":"LineString","coordinates":[[-0.00552375934364764,51.556590179581214],[-0.0054953,51.5566085],[-0.0042132,51.5574277],[0.0006971,51.5605606],[0.0017582,51.5612476],[0.003901,51.562966],[0.0046343,51.5636357],[0.0053472,51.5644468],[0.0060507,51.5653181],[0.0075527,51.5675265],[0.0079447,51.5680347],[0.00818536833901886,51.568331010772816]]},"properties":{"id":"940GZZLULYN-940GZZLULYS-Central","source":"940GZZLULYN","target":"940GZZLULYS","sourceName":"Leyton","targetName":"Leytonstone","line":"Central","colour":"#E32017","color":"#E32017","traffic":0.093,"off9":0.0,"off12":0.0,"off14":0.0},"id":668},{"type":"Feature","geometry":{"type":"LineString","coordinates":[[-0.0017409,51.5388773],[-0.0016586,51.5387638],[-0.0015222,51.5385889],[-0.0011579,51.5382499],[-0.0008495,51.5380252],[-0.0007809,51.537973],[-0.0006064,51.5378396],[-0.0005106,51.5377768],[-0.0003972,51.5376921],[-0.0002674,51.5375972],[-0.0001219,51.5374712],[4.71e-05,51.537325],[0.0002146,51.5371715],[0.0003898,51.5369928],[0.0005178,51.5368569],[0.0006811,51.5366638],[0.000753,51.5365727],[0.0012608,51.5358011],[0.0016099,51.5353892],[0.0017413,51.5351733],[0.0018714,51.5349444],[0.0021184,51.5344206],[0.0022402,51.5341601],[0.0023818,51.5338801],[0.0025159,51.5336446],[0.0026599,51.5334297],[0.0030134,51.5330076],[0.0032844,51.5326895],[0.0034855,51.5324467],[0.0036239,51.5322651],[0.0037233,51.5321195],[0.0038211,51.5319226],[0.0039332,51.5317142],[0.0040288,51.5315131],[0.0040987,51.5313669],[0.0041516,51.5312289],[0.004186,51.5311306],[0.0042175,51.5309853],[0.0042388,51.5308031],[0.0042307,51.5306072],[0.0042013,51.5304213],[0.00415,51.5302109],[0.0040884,51.530023],[0.0040364,51.5298528],[0.0040062,51.5296365],[0.0040124,51.5295569],[0.0040173,51.5294128],[0.0040273,51.5293128],[0.0040515,51.5292173],[0.0040944,51.5290504],[0.0041126,51.528988],[0.0041292,51.5289156],[0.0041478,51.528822],[0.0041573,51.5287195],[0.0041774,51.5285802],[0.0041847,51.5283402],[0.004191164069521686,51.528111576067445]]},"properties":{"id":"940GZZLUSTD-940GZZLUWHM-Jubilee","source":"940GZZLUSTD","target":"940GZZLUWHM","sourceName":"Stratford","targetName":"West Ham","line":"Jubilee","colour":"#A0A5A9","color":"#A0A5A9","traffic":0.2311,"off9":0.0,"off12":0.0,"off14":0.0},"id":669},{"type":"Feature","geometry":{"type":"LineString","coordinates":[[-0.003349238398609615,51.54165149120975],[-0.0036065,51.5414704],[-0.0037561,51.5413676],[-0.0039011,51.5412626],[-0.004052,51.5411529],[-0.0042757,51.5409798],[-0.0044812,51.540822],[-0.0046177,51.540715],[-0.0047724,51.5405949],[-0.0049118,51.5404888],[-0.0051007,51.5403498],[-0.0053184,51.5401965],[-0.0062728,51.5395549],[-0.007147,51.5387474],[-0.0087029,51.5372052],[-0.0114465,51.5355895],[-0.0120531,51.5352549],[-0.0148648,51.533704],[-0.0165789,51.5327131],[-0.0171621,51.5323176],[-0.0180857,51.5316914],[-0.0217992,51.5288102],[-0.0232058,51.5281192],[-0.0246765,51.5273737],[-0.0254063,51.5271195],[-0.0265765,51.526757],[-0.0279743,51.5263796],[-0.0324542,51.5254409],[-0.033369,51.5252369],[-0.033651454899382593,51.525171387119165]]},"properties":{"id":"940GZZLUSTD-940GZZLUMED-Central","source":"940GZZLUSTD","target":"940GZZLUMED","sourceName":"Stratford","targetName":"Mile End","line":"Central","colour":"#E32017","color":"#E32017","traffic":0.8307,"off9":0.0,"off12":0.0,"off14":0.0},"id":670},{"type":"Feature","geometry":{"type":"LineString","coordinates":[[-0.003435360730972517,51.54177106263118],[-0.0029603,51.5420789],[-0.0028352,51.5421595],[-0.0025139,51.5423673],[-0.0017776,51.542871],[-0.0013824,51.5431486],[-0.0006836,51.5436581],[-0.000369,51.5438925],[-5.86e-05,51.5441455],[0.0002495,51.5444453],[0.0005434,51.5447718],[0.0007671,51.5451339],[0.0008571,51.5454095],[0.000873,51.5457775],[0.0008286,51.5460716],[0.0007336,51.5463874],[0.0005869,51.5467401],[0.0003831,51.5471021],[5.43e-05,51.5475376],[-0.0002141,51.5478488],[-0.0005629,51.548152],[-0.0010464,51.5484733],[-0.0016415,51.548779],[-0.0021744,51.549037],[-0.0029947,51.5493609],[-0.0043802,51.5498503],[-0.0049962,51.5501095],[-0.0055185,51.5503907],[-0.0060406,51.5507043],[-0.0067122,51.5511586],[-0.0070567,51.5515001],[-0.0072406,51.5517237],[-0.0074349,51.5520271],[-0.0075477,51.5521933],[-0.0076504,51.5523554],[-0.0077552,51.5525842],[-0.007838,51.5527981],[-0.007897,51.5529701],[-0.0079353,51.5531471],[-0.0079561,51.5533238],[-0.0079613,51.5535259],[-0.0079471,51.5537817],[-0.0078966,51.5540392],[-0.007838,51.5542441],[-0.0077618,51.5544469],[-0.0076792,51.5546249],[-0.0075453,51.5548455],[-0.0073211,51.5551284],[-0.0071475,51.5553175],[-0.0069606,51.5555006],[-0.0066488,51.5557879],[-0.0063261,51.5560568],[-0.0059969,51.5562856],[-0.00552375934364764,51.556590179581214]]},"properties":{"id":"940GZZLUSTD-940GZZLULYN-Central","source":"940GZZLUSTD","target":"940GZZLULYN","sourceName":"Stratford","targetName":"Leyton","line":"Central","colour":"#E32017","color":"#E32017","traffic":0.1045,"off9":0.0,"off12":0.0,"off14":0.0},"id":671},{"type":"Feature","geometry":{"type":"LineString","coordinates":[[0.008304084147664722,51.56822144012236],[0.0083742,51.5682967],[0.0085731,51.5685401],[0.0090202,51.569034],[0.0094784,51.5695373],[0.0100092,51.5699673],[0.0103458,51.5702235],[0.0108884,51.5706077],[0.0113665,51.5709191],[0.0116625,51.5711111],[0.0118965,51.5712606],[0.0122777,51.5714566],[0.012509,51.5715606],[0.0127549,51.5716578],[0.0130047,51.5717063],[0.0136589,51.571822],[0.0166485,51.5720414],[0.0182797,51.572347],[0.0190589,51.5725278],[0.0200332,51.5728409],[0.0212262,51.5732358],[0.0238125,51.5740506],[0.028517022825015975,51.575532670456184]]},"properties":{"id":"940GZZLULYS-940GZZLUWSD-Central","source":"940GZZLULYS","target":"940GZZLUWSD","sourceName":"Leytonstone","targetName":"Wanstead","line":"Central","colour":"#E32017","color":"#E32017","traffic":0.0336,"off9":0.0,"off12":0.0,"off14":0.0},"id":672},{"type":"Feature","geometry":{"type":"LineString","coordinates":[[0.00820764806307663,51.56831159132057],[0.0084455,51.5685732],[0.0086356,51.5688001],[0.008895,51.5690637],[0.0094283,51.5695525],[0.0099947,51.5700124],[0.0102819,51.5702413],[0.0111927,51.5709212],[0.0117343,51.5712374],[0.0123412,51.5715686],[0.0135474,51.5722018],[0.0139859,51.5724463],[0.0153558,51.5731365],[0.0157571,51.5733861],[0.0162,51.5737004],[0.0168652,51.5744248],[0.0206475,51.5795046],[0.0206956,51.5795773],[0.021488565376644897,51.580641823570225]]},"properties":{"id":"940GZZLULYS-940GZZLUSNB-Central","source":"940GZZLULYS","target":"940GZZLUSNB","sourceName":"Leytonstone","targetName":"Snaresbrook","line":"Central","colour":"#E32017","color":"#E32017","traffic":0.0482,"off9":0.0,"off12":0.0,"off14":0.0},"id":673},{"type":"Feature","geometry":{"type":"LineString","coordinates":[[0.00818536833901886,51.568331010772816],[0.0079447,51.5680347],[0.0075527,51.5675265],[0.0060507,51.5653181],[0.0053472,51.5644468],[0.0046343,51.5636357],[0.003901,51.562966],[0.0017582,51.5612476],[0.0006971,51.5605606],[-0.0042132,51.5574277],[-0.0054953,51.5566085],[-0.00552375934364764,51.556590179581214]]},"properties":{"id":"940GZZLULYS-940GZZLULYN-Central","source":"940GZZLULYS","target":"940GZZLULYN","sourceName":"Leytonstone","targetName":"Leyton","line":"Central","colour":"#E32017","color":"#E32017","traffic":0.636,"off9":0.0,"off12":0.0,"off14":0.0},"id":674},{"type":"Feature","geometry":{"type":"LineString","coordinates":[[0.028517022825015975,51.575532670456184],[0.0286698,51.5755808],[0.0305552,51.5760362],[0.0321024,51.5762729],[0.034109,51.5765052],[0.0351507,51.5765814],[0.0361206,51.576627],[0.0371332,51.5766471],[0.0382457,51.5766163],[0.0394314,51.5765621],[0.0413652,51.5764461],[0.0435879,51.5763231],[0.045360525233687374,51.57625710852717]]},"properties":{"id":"940GZZLUWSD-940GZZLURBG-Central","source":"940GZZLUWSD","target":"940GZZLURBG","sourceName":"Wanstead","targetName":"Redbridge","line":"Central","colour":"#E32017","color":"#E32017","traffic":0.0312,"off9":0.0,"off12":0.0,"off14":0.0},"id":675},{"type":"Feature","geometry":{"type":"LineString","coordinates":[[0.028517022825015975,51.575532670456184],[0.0238125,51.5740506],[0.0212262,51.5732358],[0.0200332,51.5728409],[0.0190589,51.5725278],[0.0182797,51.572347],[0.0166485,51.5720414],[0.0136589,51.571822],[0.0130047,51.5717063],[0.0127549,51.5716578],[0.012509,51.5715606],[0.0122777,51.5714566],[0.0118965,51.5712606],[0.0116625,51.5711111],[0.0113665,51.5709191],[0.0108884,51.5706077],[0.0103458,51.5702235],[0.0100092,51.5699673],[0.0094784,51.5695373],[0.0090202,51.569034],[0.0085731,51.5685401],[0.0083742,51.5682967],[0.008304084147664722,51.56822144012236]]},"properties":{"id":"940GZZLUWSD-940GZZLULYS-Central","source":"940GZZLUWSD","target":"940GZZLULYS","sourceName":"Wanstead","targetName":"Leytonstone","line":"Central","colour":"#E32017","color":"#E32017","traffic":0.2649,"off9":0.0,"off12":0.0,"off14":0.0},"id":676},{"type":"Feature","geometry":{"type":"LineString","coordinates":[[0.021460195566638397,51.58066289882557],[0.0215088,51.5807279],[0.0216826,51.5809708],[0.0218392,51.581193],[0.0222591,51.581815],[0.0228586,51.5828555],[0.0240081,51.5845941],[0.0240461,51.5846516],[0.0241525,51.5848203],[0.0250065,51.5861896],[0.0255063,51.5870048],[0.026066,51.5880345],[0.0266158,51.5891512],[0.0270007,51.5901555],[0.0271282,51.5905956],[0.027431179758737954,51.59188510668123]]},"properties":{"id":"940GZZLUSNB-940GZZLUSWF-Central","source":"940GZZLUSNB","target":"940GZZLUSWF","sourceName":"Snaresbrook","targetName":"South Woodford","line":"Central","colour":"#E32017","color":"#E32017","traffic":0.0442,"off9":0.0,"off12":0.0,"off14":0.0},"id":677},{"type":"Feature","geometry":{"type":"LineString","coordinates":[[0.021488565376644897,51.580641823570225],[0.0206956,51.5795773],[0.0206475,51.5795046],[0.0168652,51.5744248],[0.0162,51.5737004],[0.0157571,51.5733861],[0.0153558,51.5731365],[0.0139859,51.5724463],[0.0135474,51.5722018],[0.0123412,51.5715686],[0.0117343,51.5712374],[0.0111927,51.5709212],[0.0102819,51.5702413],[0.0099947,51.5700124],[0.0094283,51.5695525],[0.008895,51.5690637],[0.0086356,51.5688001],[0.0084455,51.5685732],[0.00820764806307663,51.56831159132057]]},"properties":{"id":"940GZZLUSNB-940GZZLULYS-Central","source":"940GZZLUSNB","target":"940GZZLULYS","sourceName":"Snaresbrook","targetName":"Leytonstone","line":"Central","colour":"#E32017","color":"#E32017","traffic":0.2863,"off9":0.0,"off12":0.0,"off14":0.0},"id":678},{"type":"Feature","geometry":{"type":"LineString","coordinates":[[-0.10532962398266478,51.50438663269055],[-0.10492,51.5043818],[-0.1044218,51.5043472],[-0.1017021,51.5042158],[-0.100107,51.5041728],[-0.0984614,51.5042216],[-0.0940074,51.5043657],[-0.093468,51.5044325],[-0.092934,51.5045423],[-0.0912855,51.5049553],[-0.0901281,51.5051181],[-0.0891139,51.5051451],[-0.0888951164660216,51.50513681711679]]},"properties":{"id":"940GZZLUSWK-940GZZLULNB-Jubilee","source":"940GZZLUSWK","target":"940GZZLULNB","sourceName":"Southwark","targetName":"London Bridge","line":"Jubilee","colour":"#A0A5A9","color":"#A0A5A9","traffic":0.6109,"off9":0.0,"off12":0.0,"off14":0.0},"id":679},{"type":"Feature","geometry":{"type":"LineString","coordinates":[[-0.10532962398266478,51.50438663269055],[-0.1058778,51.5043931],[-0.1069129,51.5043981],[-0.1072311,51.5044028],[-0.1076259,51.504383],[-0.1086236,51.5042681],[-0.1099224,51.5039938],[-0.1113054,51.503733],[-0.1119968,51.5035934],[-0.1145713,51.5031065],[-0.11472241348790335,51.50306871209044]]},"properties":{"id":"940GZZLUSWK-940GZZLUWLO-Jubilee","source":"940GZZLUSWK","target":"940GZZLUWLO","sourceName":"Southwark","targetName":"Waterloo","line":"Jubilee","colour":"#A0A5A9","color":"#A0A5A9","traffic":0.7095,"off9":0.0,"off12":0.0,"off14":0.0},"id":680},{"type":"Feature","geometry":{"type":"LineString","coordinates":[[-0.18367028604920502,51.523399315222214],[-0.1835405,51.523292],[-0.1833309,51.5231385],[-0.1832366,51.5230715],[-0.1827127,51.5226954],[-0.1825966,51.5226003],[-0.1824651,51.5224649],[-0.1823427,51.5223652],[-0.180671,51.5212077],[-0.1792028,51.5202685],[-0.1789466,51.5200952],[-0.1787193,51.5199194],[-0.1785834,51.5198078],[-0.1784741,51.5197067],[-0.1783378,51.5195468],[-0.1782574,51.5194439],[-0.1781754,51.519335],[-0.1781036,51.5191964],[-0.1779502,51.5189383],[-0.1777912,51.518547],[-0.1777319,51.5184111],[-0.1776138,51.5182414],[-0.1773579,51.5179382],[-0.1772764,51.5178531],[-0.1769842,51.5175344],[-0.17683,51.517352],[-0.1767108,51.5171961],[-0.1765686,51.5170856],[-0.1762551,51.5169058],[-0.17570580789451923,51.51655470393812]]},"properties":{"id":"940GZZLUWKA-940GZZLUPAC-Bakerloo","source":"940GZZLUWKA","target":"940GZZLUPAC","sourceName":"Warwick Avenue","targetName":"Paddington","line":"Bakerloo","colour":"#B36305","color":"#B36305","traffic":0.2224,"off9":0.0,"off12":0.0,"off14":0.0},"id":681},{"type":"Feature","geometry":{"type":"LineString","coordinates":[[-0.18380132056562995,51.52324431437513],[-0.1838829,51.5233243],[-0.1840665,51.5236963],[-0.1841089,51.5240561],[-0.1841388,51.5245912],[-0.1840984,51.5252648],[-0.1839654,51.5257178],[-0.1838331,51.5260692],[-0.1835393,51.5266574],[-0.1833565,51.5270259],[-0.1832933,51.5273331],[-0.1833672,51.5275172],[-0.1834548,51.5276985],[-0.1835894,51.527856],[-0.1837539,51.5280177],[-0.1854141,51.5293607],[-0.18583275443413866,51.529678532027596]]},"properties":{"id":"940GZZLUWKA-940GZZLUMVL-Bakerloo","source":"940GZZLUWKA","target":"940GZZLUMVL","sourceName":"Warwick Avenue","targetName":"Maida Vale","line":"Bakerloo","colour":"#B36305","color":"#B36305","traffic":0.0669,"off9":0.0,"off12":0.0,"off14":0.0},"id":682},{"type":"Feature","geometry":{"type":"LineString","coordinates":[[-0.10215197805260054,51.591037347019004],[-0.10229709000349907,51.59113251656437],[-0.10237844936548866,51.59120261136289],[-0.1025247279370358,51.59138821217191],[-0.10249250457633782,51.59150863666428],[-0.1024900606621317,51.59170848297421],[-0.10257012417216854,51.59205054768265],[-0.10297374935801706,51.59268305659181],[-0.10514170660378458,51.59462443745141],[-0.10559498150564947,51.59501692587833],[-0.1068299803712743,51.59613028600466],[-0.10752702654249857,51.59673429945052],[-0.10812862058674708,51.59725071710032],[-0.10898926394819514,51.597996060652896],[-0.1091276371412602,51.59809572587117]]},"properties":{"id":"940GZZLUTPN-940GZZLUWOG-Piccadilly","source":"940GZZLUTPN","target":"940GZZLUWOG","sourceName":"Turnpike Lane","targetName":"Wood Green","line":"Piccadilly","colour":"#003688","color":"#003688","traffic":0.0643,"off9":0.0,"off12":0.0,"off14":0.0},"id":683},{"type":"Feature","geometry":{"type":"LineString","coordinates":[[-0.10382307067828872,51.58957910340521],[-0.10375750784923508,51.5895237145576],[-0.10358777939885183,51.589381354046004],[-0.10349060999034482,51.58930283989488],[-0.10334642550610412,51.58918271029872],[-0.10343119094462418,51.58921826965479],[-0.10333591457112551,51.58885428225859],[-0.10313019458253737,51.58812107524349],[-0.10284267069560146,51.58763267164926],[-0.10250973712840476,51.58714298575076],[-0.10190964123998501,51.58610201219371],[-0.10146279894421743,51.584918242355684],[-0.10121771814356575,51.583815548485134],[-0.10097918667179132,51.582753780735054],[-0.10082934416344454,51.58182737520089],[-0.10031470443505243,51.57871141041888],[-0.10031381166620836,51.57870613831695],[-0.10031014311366705,51.57868315972435],[-0.10011070004046822,51.577496834716555],[-0.10005896432543149,51.577320747772525],[-0.10005157323020049,51.57729307001477],[-0.09997112916360018,51.5770655535723],[-0.0998609295969879,51.576880026751155],[-0.09967720287621774,51.57656344486122],[-0.09933277707689435,51.576131298473435],[-0.09792366813509318,51.57438136660351],[-0.09704951930470004,51.57323770655793],[-0.09683855922608214,51.57297058431266],[-0.09672085679676985,51.57274045583971],[-0.09659557080337186,51.57243265865134],[-0.09654387182104784,51.57218011517087],[-0.09654139088335915,51.57197163791109],[-0.09654509230664896,51.5718457989572],[-0.09656996166973915,51.57170057496852],[-0.09661098032222866,51.571559546992795],[-0.09688978721666298,51.57129518735114]]},"properties":{"id":"940GZZLUTPN-940GZZLUMRH-Piccadilly","source":"940GZZLUTPN","target":"940GZZLUMRH","sourceName":"Turnpike Lane","targetName":"Manor House","line":"Piccadilly","colour":"#003688","color":"#003688","traffic":0.3699,"off9":0.0,"off12":0.0,"off14":0.0},"id":684},{"type":"Feature","geometry":{"type":"LineString","coordinates":[[-0.046565803524206945,51.52171901392623],[-0.0467219,51.5216851],[-0.0502083,51.5210235],[-0.0514288,51.5207839],[-0.0541902,51.5202926],[-0.0546678,51.5202077],[-0.0566188,51.5198606],[-0.0578613,51.5196307],[-0.0581897,51.5196217],[-0.058463,51.5196499],[-0.0586674,51.5196764],[-0.0589072,51.5196923],[-0.0590935,51.5196967],[-0.0592221,51.5196976],[-0.0593666,51.5196898],[-0.0595785,51.5196714],[-0.0596786,51.5196639],[-0.0597982,51.5196486],[-0.059988568735378986,51.519613624116865]]},"properties":{"id":"940GZZLUSGN-940GZZLUWPL-Hammersmith & City","source":"940GZZLUSGN","target":"940GZZLUWPL","sourceName":"Stepney Green","targetName":"Whitechapel","line":"Hammersmith & City","colour":"#F3A9BB","color":"#F3A9BB","traffic":0.3751,"off9":0.0,"off12":0.0,"off14":0.0},"id":685},{"type":"Feature","geometry":{"type":"LineString","coordinates":[[-0.046821041349839124,51.522449989028786],[-0.046961607612121245,51.52241810782905],[-0.05043615888061809,51.52175796903486],[-0.05164988953397466,51.52151916947327],[-0.05440068975287416,51.52102907267343],[-0.05487828463724956,51.52094417319609],[-0.05683344486988626,51.520596607957856],[-0.057987508057001536,51.52037459447402],[-0.05814437757476301,51.52036919649327],[-0.05832401448195363,51.520392912112285],[-0.05855029478335121,51.52042087066109],[-0.05885322883342525,51.52043957404959],[-0.05907510085715307,51.520444640686165],[-0.05925030484550004,51.52044542239221],[-0.05945100692146321,51.520435982150026],[-0.05967540853631547,51.52041699381793],[-0.059799822431432385,51.520408115448326],[-0.059983154897503485,51.52038772192187],[-0.06022892647009788,51.520346548131215]]},"properties":{"id":"940GZZLUSGN-940GZZLUWPL-District","source":"940GZZLUSGN","target":"940GZZLUWPL","sourceName":"Stepney Green","targetName":"Whitechapel","line":"District","colour":"#00782A","color":"#00782A","traffic":0.3751,"off9":0.0,"off12":0.0,"off14":0.0},"id":686},{"type":"Feature","geometry":{"type":"LineString","coordinates":[[-0.046565803524206945,51.52171901392623],[-0.0454382,51.521964],[-0.0440392,51.5221456],[-0.0422882,51.5223058],[-0.0409493,51.5225621],[-0.0387262,51.5232884],[-0.0373896,51.5240708],[-0.0353244,51.5248539],[-0.033674214783141414,51.52526076886269]]},"properties":{"id":"940GZZLUSGN-940GZZLUMED-Hammersmith & City","source":"940GZZLUSGN","target":"940GZZLUMED","sourceName":"Stepney Green","targetName":"Mile End","line":"Hammersmith & City","colour":"#F3A9BB","color":"#F3A9BB","traffic":0.0725,"off9":0.0,"off12":0.0,"off14":0.0},"id":687},{"type":"Feature","geometry":{"type":"LineString","coordinates":[[-0.046821041349839124,51.522449989028786],[-0.04564338224600308,51.522701053175396],[-0.04417136859812289,51.522889094073136],[-0.04245618320407027,51.52304649004583],[-0.041249593560068416,51.523286417229066],[-0.03921936737482491,51.52397059590906],[-0.03790822144811066,51.5247456515933],[-0.035682095102258046,51.52556805565116],[-0.03396203150105799,51.52598704704313]]},"properties":{"id":"940GZZLUSGN-940GZZLUMED-District","source":"940GZZLUSGN","target":"940GZZLUMED","sourceName":"Stepney Green","targetName":"Mile End","line":"District","colour":"#00782A","color":"#00782A","traffic":0.0725,"off9":0.0,"off12":0.0,"off14":0.0},"id":688},{"type":"Feature","geometry":{"type":"LineString","coordinates":[[-0.4260343323537875,51.61050176434509],[-0.42606963254229785,51.61058915799583],[-0.4261744337440231,51.61085801433468],[-0.42636060939617937,51.61127380782281],[-0.42648293867459486,51.6115744628456],[-0.42666640039860976,51.61209874879513],[-0.4268767111260036,51.612601438646365],[-0.42702697167521414,51.61308315301384],[-0.4271144301028752,51.61346149212507],[-0.42717189710419984,51.61377247299179],[-0.42722063927213283,51.614142962539006],[-0.4272473449124194,51.614385225814885],[-0.42726406103223963,51.614708536734696],[-0.4272828343544404,51.61515323545595],[-0.42729244277901735,51.61570863945426],[-0.4272983283349012,51.61630238511114],[-0.42731036225754493,51.61657861846102],[-0.4273369041455435,51.61687324584555],[-0.42736519151598323,51.61716091550735],[-0.42742049021042927,51.6174950448544],[-0.4274890861559301,51.61781766357429],[-0.4275560876608965,51.618092560606534],[-0.427636268009726,51.61836687369591],[-0.4277303069100429,51.61863594129235],[-0.42782877736916747,51.61891680011433],[-0.4279128736606741,51.61912811823439],[-0.42802269085602573,51.619413004117874],[-0.42812401352561713,51.6196318471972],[-0.42825312037910024,51.61989169394463],[-0.42836566361150347,51.62010566517076],[-0.42854366843707825,51.62041275688396],[-0.4286623142817061,51.62063270977354],[-0.42881533036083785,51.620874903831215],[-0.42903081133237375,51.62119239419873],[-0.42926985013799324,51.62154746567584],[-0.42949361050494456,51.62187634381897],[-0.4297137347729843,51.622228483371025],[-0.429925787020546,51.622548321446345],[-0.43001623712623405,51.622678198334356],[-0.43029044457041826,51.623093001267776],[-0.43052801359932036,51.623463836414246],[-0.43073921953689687,51.623801061355294],[-0.4309305338792493,51.62409537833743],[-0.4311742881554739,51.624456771681565],[-0.4314861453347986,51.6249105997375],[-0.431742248077508,51.625308255848644],[-0.4320497339833868,51.625779017008085],[-0.43241571728004985,51.62632345936697],[-0.4326301529199678,51.62664520292888],[-0.4328484823574817,51.62694195177849],[-0.43306587414503805,51.62724009663952],[-0.4332607580758314,51.62749077990899],[-0.4335894704391711,51.62793849748437],[-0.4339232362022683,51.62846916547959],[-0.43406084796169897,51.62870069638014],[-0.4342303986496685,51.62895439746466],[-0.4343541057010861,51.629141477470824]]},"properties":{"id":"940GZZLUNOW-940GZZLUMPK-Metropolitan","source":"940GZZLUNOW","target":"940GZZLUMPK","sourceName":"Northwood","targetName":"Moor Park","line":"Metropolitan","colour":"#9B0056","color":"#9B0056","traffic":0.0457,"off9":0.0,"off12":0.0,"off14":0.0},"id":689},{"type":"Feature","geometry":{"type":"LineString","coordinates":[[-0.4260343323537875,51.61050176434509],[-0.42590845404589023,51.610213316381675],[-0.42569671421959404,51.60978122225214],[-0.4255109026067505,51.60941908440664],[-0.4252801209334037,51.60900910281148],[-0.425017548791108,51.60858265641135],[-0.4246897023840071,51.60809986338131],[-0.4243416396889344,51.60763929958331],[-0.4239673036057428,51.60716643130286],[-0.42357583059321197,51.60672436069447],[-0.42307313155687143,51.60622644472686],[-0.42262279145414505,51.605804450396874],[-0.4221128286326323,51.60535778991646],[-0.4216768256688027,51.60503831001597],[-0.421326268132928,51.60477809392357],[-0.421035005109904,51.60457566265303],[-0.4205870409456368,51.6042656207146],[-0.42013671711702555,51.60396828883572],[-0.4200003384517275,51.6038844048798],[-0.41959196038592006,51.603618681415384],[-0.41903297107822896,51.6032632445036],[-0.4184960761451986,51.60294614464105],[-0.41827523853884235,51.60283220973381],[-0.4179396895336825,51.60265930784095],[-0.41738106002605796,51.60236910956937],[-0.4169690604545782,51.60216461324812],[-0.41627314785384945,51.60184030235084],[-0.4155799574558048,51.60151932545453],[-0.41473213916714835,51.601148769165796],[-0.4141316088608401,51.60088302829203],[-0.4136140162354504,51.60064314454579],[-0.412866811903305,51.60028213834548],[-0.4117876220724871,51.59981010589067],[-0.4108797598339489,51.59941599152881],[-0.41041638375184647,51.59921510148369]]},"properties":{"id":"940GZZLUNOW-940GZZLUNWH-Metropolitan","source":"940GZZLUNOW","target":"940GZZLUNWH","sourceName":"Northwood","targetName":"Northwood Hills","line":"Metropolitan","colour":"#9B0056","color":"#9B0056","traffic":0.1153,"off9":0.0,"off12":0.0,"off14":0.0},"id":690},{"type":"Feature","geometry":{"type":"LineString","coordinates":[[-0.1948903,51.4033272],[-0.1948064,51.4039475],[-0.1947908,51.4040534],[-0.1947923,51.404155],[-0.1947731,51.4080971],[-0.194847,51.4089006],[-0.194973,51.4096439],[-0.1953423,51.4105921],[-0.1957212,51.4115428],[-0.1958373,51.4120755],[-0.1958616,51.4124845],[-0.1958234,51.4128619],[-0.1955899,51.4132528],[-0.1951473,51.4136502],[-0.1947068,51.4140303],[-0.1941162,51.4144909],[-0.1936162,51.4147813],[-0.1933283,51.4149248],[-0.1928677,51.4151372],[-0.1926019,51.4152376],[-0.1923542,51.4153226],[-0.19203829043122267,51.41541857648453]]},"properties":{"id":"940GZZLUMDN-940GZZLUSWN-Northern","source":"940GZZLUMDN","target":"940GZZLUSWN","sourceName":"Morden","targetName":"South Wimbledon","line":"Northern","colour":"#000000","color":"#000000","traffic":0.1087,"off9":0.0,"off12":0.0,"off14":0.0},"id":691},{"type":"Feature","geometry":{"type":"LineString","coordinates":[[-0.3820993841223486,51.59148905105567],[-0.38292767165662006,51.59182989251536],[-0.38320834962559736,51.59195255389715],[-0.384426409962219,51.59247367210003],[-0.3846635899949492,51.59258164964158],[-0.384974704831149,51.592716578963554],[-0.38511780317053423,51.59278297370608],[-0.38565026506466366,51.59299152592465],[-0.3859553591126138,51.59310859535901],[-0.38636937471903204,51.59326686971916],[-0.386713043315501,51.593382096252164],[-0.3870437470277972,51.59349155449503],[-0.38741153453250626,51.59359491489974],[-0.3879216154731694,51.59374430138616],[-0.38839991790318323,51.59385863258903],[-0.3888821181174755,51.59397463934396],[-0.38928022842636745,51.59406015036721],[-0.3897534829356641,51.59416136047628],[-0.39013097149408255,51.59422813547306],[-0.3906078508801997,51.59431396911635],[-0.39112860683471173,51.59439510692412],[-0.39174511120649563,51.594490226318264],[-0.3925477606953817,51.59460787808984],[-0.3936123524496314,51.594761658208625],[-0.39456574149701457,51.59490318483519],[-0.3955766456055751,51.59505057596634],[-0.39667827881387974,51.595212998922],[-0.39791432762089773,51.595414714795865],[-0.3989777214568739,51.59557574470123],[-0.4001578330882266,51.595762568467954],[-0.40069792995040865,51.59585679094329],[-0.4013769075019674,51.595997033167194],[-0.40200691467911476,51.596140394158006],[-0.40268764600841245,51.59630818786251],[-0.4035575399347739,51.59654782407869],[-0.40415020926257883,51.596717579421714],[-0.40477085668990015,51.596915563972296],[-0.40546213664301806,51.59712848319811],[-0.40611191449223044,51.59736011975503],[-0.4066874563159877,51.59757713180895],[-0.4071502402172898,51.59777273781777],[-0.4076964455235924,51.59799734727949],[-0.4085732379144115,51.59839281933939],[-0.40878605995408307,51.59848640022523],[-0.4092021251351621,51.59867095572698],[-0.4101741889864251,51.599107983840405],[-0.41041638375184647,51.59921510148369]]},"properties":{"id":"940GZZLUPNR-940GZZLUNWH-Metropolitan","source":"940GZZLUPNR","target":"940GZZLUNWH","sourceName":"Pinner","targetName":"Northwood Hills","line":"Metropolitan","colour":"#9B0056","color":"#9B0056","traffic":0.0564,"off9":0.0,"off12":0.0,"off14":0.0},"id":692},{"type":"Feature","geometry":{"type":"LineString","coordinates":[[-0.3802237620553355,51.59427606070897],[-0.38005461544256514,51.594203732276576],[-0.3798288779982478,51.59411064167087],[-0.3791504982071222,51.59381860188269],[-0.3785413552251021,51.59356108367808],[-0.377788963221829,51.593228889724145],[-0.37743726379011083,51.593081267130756],[-0.37676840941624723,51.59279142469294],[-0.37228796351531973,51.590854780460226],[-0.37090217388428676,51.590257581549096],[-0.36588169045120084,51.588096911268885],[-0.3637573039962254,51.58717476897853],[-0.36284557162128206,51.58678765358381],[-0.361609890531378,51.58629908784987],[-0.3616019965218366,51.58629532733395]]},"properties":{"id":"940GZZLUPNR-940GZZLUNHA-Metropolitan","source":"940GZZLUPNR","target":"940GZZLUNHA","sourceName":"Pinner","targetName":"North Harrow","line":"Metropolitan","colour":"#9B0056","color":"#9B0056","traffic":0.1623,"off9":0.0,"off12":0.0,"off14":0.0},"id":693},{"type":"Feature","geometry":{"type":"LineString","coordinates":[[-0.304,51.562551],[-0.296852,51.552304]]},"properties":{"id":"940GZZLUNWY-940GZZLUWYC-Bakerloo","source":"940GZZLUNWY","target":"940GZZLUWYC","sourceName":"North Wembley","targetName":"Wembley Central","line":"Bakerloo","colour":"#B36305","color":"#B36305","traffic":0.0447,"off9":0.0,"off12":0.0,"off14":0.0},"id":694},{"type":"Feature","geometry":{"type":"LineString","coordinates":[[-0.304,51.562551],[-0.308433,51.570232]]},"properties":{"id":"940GZZLUNWY-940GZZLUSKT-Bakerloo","source":"940GZZLUNWY","target":"940GZZLUSKT","sourceName":"North Wembley","targetName":"South Kenton","line":"Bakerloo","colour":"#B36305","color":"#B36305","traffic":0.0149,"off9":0.0,"off12":0.0,"off14":0.0},"id":695},{"type":"Feature","geometry":{"type":"LineString","coordinates":[[-0.296852,51.552304],[-0.304,51.562551]]},"properties":{"id":"940GZZLUWYC-940GZZLUNWY-Bakerloo","source":"940GZZLUWYC","target":"940GZZLUNWY","sourceName":"Wembley Central","targetName":"North Wembley","line":"Bakerloo","colour":"#B36305","color":"#B36305","traffic":0.0158,"off9":0.0,"off12":0.0,"off14":0.0},"id":696},{"type":"Feature","geometry":{"type":"LineString","coordinates":[[-0.296852,51.552304],[-0.275892,51.543959]]},"properties":{"id":"940GZZLUWYC-940GZZLUSGP-Bakerloo","source":"940GZZLUWYC","target":"940GZZLUSGP","sourceName":"Wembley Central","targetName":"Stonebridge Park","line":"Bakerloo","colour":"#B36305","color":"#B36305","traffic":0.0622,"off9":0.0,"off12":0.0,"off14":0.0},"id":697},{"type":"Feature","geometry":{"type":"LineString","coordinates":[[-0.39890387021487644,51.55688673706625],[-0.4005864,51.5574418],[-0.4018764,51.5578572],[-0.4027819,51.5581469],[-0.4035606,51.558402],[-0.4048907,51.5588792],[-0.406019,51.5592643],[-0.4071368,51.5596523],[-0.4073837,51.5597334],[-0.4095818,51.5604246],[-0.4104344,51.5606927],[-0.4106945774200649,51.560781292733424]]},"properties":{"id":"940GZZLUSRP-940GZZLURSG-Central","source":"940GZZLUSRP","target":"940GZZLURSG","sourceName":"South Ruislip","targetName":"Ruislip Gardens","line":"Central","colour":"#E32017","color":"#E32017","traffic":0.0054,"off9":0.0,"off12":0.0,"off14":0.0},"id":698},{"type":"Feature","geometry":{"type":"LineString","coordinates":[[-0.39890387021487644,51.55688673706625],[-0.3983645,51.5567088],[-0.3983104,51.5566888],[-0.3980628,51.5566033],[-0.3976496,51.55645],[-0.3972286,51.5562833],[-0.3959033,51.5557372],[-0.3945829,51.5552097],[-0.3915252,51.5539897],[-0.3909396,51.5537581],[-0.3904233,51.5535601],[-0.3900173,51.5534135],[-0.3893241,51.5531888],[-0.388745,51.553024],[-0.3881799,51.5528862],[-0.3875159,51.5527478],[-0.3867124,51.5526189],[-0.3857624,51.5524862],[-0.3856653,51.5524716],[-0.3845241,51.5522762],[-0.3840545,51.5521762],[-0.3835169,51.5520512],[-0.3819982,51.551668],[-0.3796284,51.551066],[-0.3766454,51.5503078],[-0.3737206,51.5495635],[-0.3717896,51.549073],[-0.3704472,51.5487293],[-0.3703661,51.548709],[-0.36868695553599196,51.5482835347785]]},"properties":{"id":"940GZZLUSRP-940GZZLUNHT-Central","source":"940GZZLUSRP","target":"940GZZLUNHT","sourceName":"South Ruislip","targetName":"Northolt","line":"Central","colour":"#E32017","color":"#E32017","traffic":0.0464,"off9":0.0,"off12":0.0,"off14":0.0},"id":699},{"type":"Feature","geometry":{"type":"LineString","coordinates":[[-0.29588954496850317,51.57050558395305],[-0.29577679592895795,51.57046893236769],[-0.2953926863461379,51.57034160049273],[-0.2949373410169334,51.57017676083617],[-0.29444837283548825,51.569991447596145],[-0.2938203170999607,51.569731276657095],[-0.2934745065700167,51.56960954189482],[-0.293113606068328,51.5694669377641],[-0.29284805858372775,51.56935556682383],[-0.2925479115195894,51.56922204256937],[-0.2919845715908345,51.5689711937863],[-0.29160036121357163,51.56878291598371],[-0.29130646243490255,51.5686237624434],[-0.29105247452252925,51.56848251265023],[-0.2908121832731068,51.56834723108014],[-0.2905312202812602,51.56817862543528],[-0.2902140150995064,51.567990400061305],[-0.2899950256863857,51.56785358915519],[-0.2898185561039294,51.56772190506844],[-0.2896161952773828,51.56758653904657],[-0.2893486870668805,51.56740163084096],[-0.2891366863008156,51.56724385332417],[-0.28884396679553503,51.56701306893742],[-0.2885344514911745,51.56675573284282],[-0.2883093194818305,51.56654375330114],[-0.28804262729393293,51.56630256360721],[-0.28778544809409184,51.56607863124058],[-0.2876083838982246,51.56589939458897],[-0.28735564872281727,51.56566166707438],[-0.2870447260203852,51.565402073253246],[-0.28677718798740776,51.56517552865066],[-0.2865507981897897,51.56498345117642],[-0.2863526624330304,51.56483719816082],[-0.2860704427311013,51.56464295244973],[-0.2858881850029371,51.5645094770827],[-0.28556414666278296,51.5642973330701],[-0.2852613144983459,51.56410934613283],[-0.28501742161447974,51.563957742280024],[-0.28472525597900716,51.5637849978354],[-0.2844211595975536,51.56361194755491],[-0.2840619265753915,51.56341522636892],[-0.2837708106421846,51.563263310359076],[-0.2835123450883313,51.56313672006054],[-0.28316731672483064,51.56298898218552],[-0.2828422091234394,51.562850017611304],[-0.28247559875921496,51.56270020043555],[-0.282132135150232,51.5625686190612],[-0.2819100765416044,51.562481502049025],[-0.28158885579898785,51.562351745641934],[-0.2812264432357026,51.562219122929456],[-0.2809792276061959,51.562133267196245],[-0.28073202703245664,51.56205118114171],[-0.28027306439985045,51.561901651340946],[-0.2799809306460797,51.561810419882306]]},"properties":{"id":"940GZZLUPRD-940GZZLUWYP-Metropolitan","source":"940GZZLUPRD","target":"940GZZLUWYP","sourceName":"Preston Road","targetName":"Wembley Park","line":"Metropolitan","colour":"#9B0056","color":"#9B0056","traffic":0.3992,"off9":0.0,"off12":0.0,"off14":0.0},"id":700},{"type":"Feature","geometry":{"type":"LineString","coordinates":[[-0.29586309030764124,51.57058156320489],[-0.29739489337857306,51.571096483600336],[-0.29776011085290305,51.57121984245528],[-0.29812099653454915,51.571338092719465],[-0.2988892549658463,51.57157423465245],[-0.29939888298911027,51.57172811607088],[-0.29991191729914257,51.571892872592684],[-0.3071759072336011,51.574355227924876],[-0.30904691716943217,51.574987311992864],[-0.30951803295926156,51.57514336923902],[-0.3100059521972111,51.575291413774636],[-0.3110192770606629,51.57558821561409],[-0.3115189335651686,51.57572326469006],[-0.3120347219147036,51.57585757974114],[-0.312562371091642,51.57598794646994],[-0.3129733819661619,51.57608511799414],[-0.31353581764332816,51.57620878056518],[-0.31450823037351605,51.57640504181199],[-0.31533895163582615,51.576560031768395],[-0.3161059212700774,51.576688743643096],[-0.3168751100280358,51.57680343545271],[-0.317336423600641,51.576864005747446],[-0.3178054067110383,51.57692230153106],[-0.31811440421811527,51.576956264562384],[-0.31829722766208585,51.576974833374244]]},"properties":{"id":"940GZZLUPRD-940GZZLUNKP-Metropolitan","source":"940GZZLUPRD","target":"940GZZLUNKP","sourceName":"Preston Road","targetName":"Northwick Park","line":"Metropolitan","colour":"#9B0056","color":"#9B0056","traffic":0.1061,"off9":0.0,"off12":0.0,"off14":0.0},"id":701},{"type":"Feature","geometry":{"type":"LineString","coordinates":[[-0.41041638375184647,51.59921510148369],[-0.4101741889864251,51.599107983840405],[-0.4092021251351621,51.59867095572698],[-0.40878605995408307,51.59848640022523],[-0.4085732379144115,51.59839281933939],[-0.4076964455235924,51.59799734727949],[-0.4071502402172898,51.59777273781777],[-0.4066874563159877,51.59757713180895],[-0.40611191449223044,51.59736011975503],[-0.40546213664301806,51.59712848319811],[-0.40477085668990015,51.596915563972296],[-0.40415020926257883,51.596717579421714],[-0.4035575399347739,51.59654782407869],[-0.40268764600841245,51.59630818786251],[-0.40200691467911476,51.596140394158006],[-0.4013769075019674,51.595997033167194],[-0.40069792995040865,51.59585679094329],[-0.4001578330882266,51.595762568467954],[-0.3989777214568739,51.59557574470123],[-0.39791432762089773,51.595414714795865],[-0.39667827881387974,51.595212998922],[-0.3955766456055751,51.59505057596634],[-0.39456574149701457,51.59490318483519],[-0.3936123524496314,51.594761658208625],[-0.3925477606953817,51.59460787808984],[-0.39174511120649563,51.594490226318264],[-0.39112860683471173,51.59439510692412],[-0.3906078508801997,51.59431396911635],[-0.39013097149408255,51.59422813547306],[-0.3897534829356641,51.59416136047628],[-0.38928022842636745,51.59406015036721],[-0.3888821181174755,51.59397463934396],[-0.38839991790318323,51.59385863258903],[-0.3879216154731694,51.59374430138616],[-0.38741153453250626,51.59359491489974],[-0.3870437470277972,51.59349155449503],[-0.386713043315501,51.593382096252164],[-0.38636937471903204,51.59326686971916],[-0.3859553591126138,51.59310859535901],[-0.38565026506466366,51.59299152592465],[-0.38511780317053423,51.59278297370608],[-0.384974704831149,51.592716578963554],[-0.3846635899949492,51.59258164964158],[-0.384426409962219,51.59247367210003],[-0.38320834962559736,51.59195255389715],[-0.38292767165662006,51.59182989251536],[-0.3820993841223486,51.59148905105567]]},"properties":{"id":"940GZZLUNWH-940GZZLUPNR-Metropolitan","source":"940GZZLUNWH","target":"940GZZLUPNR","sourceName":"Northwood Hills","targetName":"Pinner","line":"Metropolitan","colour":"#9B0056","color":"#9B0056","traffic":0.1293,"off9":0.0,"off12":0.0,"off14":0.0},"id":702},{"type":"Feature","geometry":{"type":"LineString","coordinates":[[-0.41041638375184647,51.59921510148369],[-0.4108797598339489,51.59941599152881],[-0.4117876220724871,51.59981010589067],[-0.412866811903305,51.60028213834548],[-0.4136140162354504,51.60064314454579],[-0.4141316088608401,51.60088302829203],[-0.41473213916714835,51.601148769165796],[-0.4155799574558048,51.60151932545453],[-0.41627314785384945,51.60184030235084],[-0.4169690604545782,51.60216461324812],[-0.41738106002605796,51.60236910956937],[-0.4179396895336825,51.60265930784095],[-0.41827523853884235,51.60283220973381],[-0.4184960761451986,51.60294614464105],[-0.41903297107822896,51.6032632445036],[-0.41959196038592006,51.603618681415384],[-0.4200003384517275,51.6038844048798],[-0.42013671711702555,51.60396828883572],[-0.4205870409456368,51.6042656207146],[-0.421035005109904,51.60457566265303],[-0.421326268132928,51.60477809392357],[-0.4216768256688027,51.60503831001597],[-0.4221128286326323,51.60535778991646],[-0.42262279145414505,51.605804450396874],[-0.42307313155687143,51.60622644472686],[-0.42357583059321197,51.60672436069447],[-0.4239673036057428,51.60716643130286],[-0.4243416396889344,51.60763929958331],[-0.4246897023840071,51.60809986338131],[-0.425017548791108,51.60858265641135],[-0.4252801209334037,51.60900910281148],[-0.4255109026067505,51.60941908440664],[-0.42569671421959404,51.60978122225214],[-0.42590845404589023,51.610213316381675],[-0.4260343323537875,51.61050176434509]]},"properties":{"id":"940GZZLUNWH-940GZZLUNOW-Metropolitan","source":"940GZZLUNWH","target":"940GZZLUNOW","sourceName":"Northwood Hills","targetName":"Northwood","line":"Metropolitan","colour":"#9B0056","color":"#9B0056","traffic":0.0556,"off9":0.0,"off12":0.0,"off14":0.0},"id":703},{"type":"Feature","geometry":{"type":"LineString","coordinates":[[-0.18874798664811268,51.519113108576875],[-0.1883771,51.5190675],[-0.1881494,51.5190423],[-0.1879284,51.5190183],[-0.1877072,51.5189977],[-0.1874854,51.5189793],[-0.1870565,51.5189483],[-0.1866265,51.5189235],[-0.1860253,51.5188984],[-0.1856563,51.5188855],[-0.1853614,51.518873],[-0.1849571,51.5188561],[-0.1845811,51.5188416],[-0.1841441,51.5188257],[-0.1835863,51.5188017],[-0.1831049,51.5187822],[-0.182683,51.5187621],[-0.182467,51.5187473],[-0.1822677,51.518733],[-0.1819492,51.5187121],[-0.1815492,51.5186791],[-0.1812649,51.5186601],[-0.1810257,51.5186508],[-0.1808175,51.5186522],[-0.1806026,51.5186634],[-0.1804097,51.5186724],[-0.1802264,51.5186799],[-0.180037,51.5186795],[-0.1797628,51.5186666],[-0.1795678,51.5186534],[-0.1793137,51.5186192],[-0.179069,51.5185618],[-0.1788494,51.5184926],[-0.1786485,51.5184283],[-0.1784509,51.5183682],[-0.1779369,51.5182099],[-0.1776426,51.5181271],[-0.1773964,51.5179707],[-0.1772837,51.5179184],[-0.1769162,51.517708],[-0.1767151,51.5176063],[-0.1765032,51.5175264],[-0.1762403,51.5174601],[-0.1760169,51.5174242],[-0.1758809,51.5174122],[-0.1757872,51.5174063],[-0.17567545387593372,51.517404461752065]]},"properties":{"id":"940GZZLURYO-940GZZLUPAC-Hammersmith & City","source":"940GZZLURYO","target":"940GZZLUPAC","sourceName":"Royal Oak","targetName":"Paddington","line":"Hammersmith & City","colour":"#F3A9BB","color":"#F3A9BB","traffic":0.1605,"off9":0.0,"off12":0.0,"off14":0.0},"id":704},{"type":"Feature","geometry":{"type":"LineString","coordinates":[[-0.18896806947304046,51.51768854138236],[-0.18969024859846373,51.51775671223863],[-0.19038224237288406,51.517823263610424],[-0.19359734282638094,51.51813903665827],[-0.19385926612240886,51.51816340665431],[-0.19514589229703005,51.51822252700383],[-0.19533866984941278,51.51823360305139],[-0.19578808462541994,51.51827514710043],[-0.19624943912980367,51.51833614447841],[-0.19673777666879622,51.51842553169513],[-0.19798456841527973,51.51867701200862],[-0.19874875626415345,51.518834158192384],[-0.20040562945455634,51.5192403220559],[-0.20094382603781877,51.51937784647223],[-0.20120815256562005,51.51943278651755],[-0.20125860270401436,51.519446652562564],[-0.20134938047280443,51.51946428525685],[-0.20139530015688925,51.51947079724303]]},"properties":{"id":"940GZZLURYO-940GZZLUWSP-Circle","source":"940GZZLURYO","target":"940GZZLUWSP","sourceName":"Royal Oak","targetName":"Westbourne Park","line":"Circle","colour":"#FFD300","color":"#FFD300","traffic":0.0912,"off9":0.0,"off12":0.0,"off14":0.0},"id":705},{"type":"Feature","geometry":{"type":"LineString","coordinates":[[-0.1887418607555352,51.51917796150113],[-0.1894618,51.519246],[-0.1901496,51.5193123],[-0.1933788,51.5196289],[-0.193703,51.5196563],[-0.1950131,51.5197163],[-0.1951411,51.5197246],[-0.1954957,51.5197601],[-0.195848,51.5198112],[-0.19627,51.519893],[-0.1974979,51.5201421],[-0.1982123,51.5202925],[-0.1998315,51.5206931],[-0.2004297,51.5208393],[-0.2007514,51.5209016],[-0.2008533,51.5209213],[-0.2010219,51.5209464],[-0.20108463689723577,51.520954313045834]]},"properties":{"id":"940GZZLURYO-940GZZLUWSP-Hammersmith & City","source":"940GZZLURYO","target":"940GZZLUWSP","sourceName":"Royal Oak","targetName":"Westbourne Park","line":"Hammersmith & City","colour":"#F3A9BB","color":"#F3A9BB","traffic":0.0912,"off9":0.0,"off12":0.0,"off14":0.0},"id":706},{"type":"Feature","geometry":{"type":"LineString","coordinates":[[-0.13375269368415765,51.48916829312867],[-0.134254,51.4892267],[-0.1350023,51.4893014],[-0.1359928,51.4893641],[-0.1371521,51.489496],[-0.1381227,51.4896703],[-0.138848,51.4898656],[-0.1392879,51.4900068],[-0.1397573,51.4901745],[-0.1404631,51.4905067],[-0.1412113,51.4908727],[-0.1416565,51.4911666],[-0.1422703,51.4916277],[-0.1427151,51.4920532],[-0.1432303,51.4927166],[-0.1435464,51.4931047],[-0.1437674,51.4935941],[-0.1436912,51.494279],[-0.143598,51.4949146],[-0.1435264,51.4952799],[-0.1433883,51.4957774],[-0.1432968,51.4959564],[-0.1431893,51.4961348],[-0.1430561473108803,51.49632728035295]]},"properties":{"id":"940GZZLUPCO-940GZZLUVIC-Victoria","source":"940GZZLUPCO","target":"940GZZLUVIC","sourceName":"Pimlico","targetName":"Victoria","line":"Victoria","colour":"#0098D4","color":"#0098D4","traffic":0.7573,"off9":0.0,"off12":0.0,"off14":0.0},"id":707},{"type":"Feature","geometry":{"type":"LineString","coordinates":[[-0.13375269368415765,51.48916829312867],[-0.1331734,51.4891008],[-0.1329187,51.4890755],[-0.1319263,51.4889384],[-0.1309763,51.4886817],[-0.1301236,51.488485],[-0.1293181,51.4882166],[-0.1283721,51.4878393],[-0.1274576,51.4874061],[-0.1258788,51.4866581],[-0.1243434,51.4859279],[-0.12415795458759814,51.4858382946455]]},"properties":{"id":"940GZZLUPCO-940GZZLUVXL-Victoria","source":"940GZZLUPCO","target":"940GZZLUVXL","sourceName":"Pimlico","targetName":"Vauxhall","line":"Victoria","colour":"#0098D4","color":"#0098D4","traffic":0.3155,"off9":0.0,"off12":0.0,"off14":0.0},"id":708},{"type":"Feature","geometry":{"type":"LineString","coordinates":[[-0.12428056358025283,51.485582590421366],[-0.12351,51.4852148],[-0.1230796,51.4849717],[-0.1226666,51.4847273],[-0.1225806,51.4846975],[-0.1222135,51.4841973],[-0.1220514,51.4839939],[-0.1219775,51.4838903],[-0.1218939,51.483775],[-0.1216691,51.4834535],[-0.1214017,51.4828382],[-0.1212077,51.4822695],[-0.1211822,51.4821788],[-0.1210764,51.4818027],[-0.1208972,51.4810877],[-0.1207764,51.4806215],[-0.120501,51.4796085],[-0.1202446,51.4787019],[-0.1200175,51.4777672],[-0.1199615,51.4775328],[-0.1199139,51.4772182],[-0.1199032,51.4770298],[-0.1199064,51.4767518],[-0.1199464,51.4764156],[-0.1200245,51.4761005],[-0.1200742,51.4759513],[-0.1201807,51.4757558],[-0.1202958,51.4754817],[-0.1204036,51.4752565],[-0.1204695,51.4751219],[-0.1205632,51.4749479],[-0.1207095,51.4747169],[-0.1210684,51.4742971],[-0.1213529,51.4740167],[-0.1218721,51.4735155],[-0.1220531,51.4733711],[-0.1222451,51.4731642],[-0.1224765,51.4728988],[-0.1228089,51.4724276],[-0.12286573623472603,51.472353050262605]]},"properties":{"id":"940GZZLUVXL-940GZZLUSKW-Victoria","source":"940GZZLUVXL","target":"940GZZLUSKW","sourceName":"Vauxhall","targetName":"Stockwell","line":"Victoria","colour":"#0098D4","color":"#0098D4","traffic":0.1318,"off9":0.0,"off12":0.0,"off14":0.0},"id":709},{"type":"Feature","geometry":{"type":"LineString","coordinates":[[-0.12415795458759814,51.4858382946455],[-0.1243434,51.4859279],[-0.1258788,51.4866581],[-0.1274576,51.4874061],[-0.1283721,51.4878393],[-0.1293181,51.4882166],[-0.1301236,51.488485],[-0.1309763,51.4886817],[-0.1319263,51.4889384],[-0.1329187,51.4890755],[-0.1331734,51.4891008],[-0.13375269368415765,51.48916829312867]]},"properties":{"id":"940GZZLUVXL-940GZZLUPCO-Victoria","source":"940GZZLUVXL","target":"940GZZLUPCO","sourceName":"Vauxhall","targetName":"Pimlico","line":"Victoria","colour":"#0098D4","color":"#0098D4","traffic":0.7234,"off9":0.0,"off12":0.0,"off14":0.0},"id":710},{"type":"Feature","geometry":{"type":"LineString","coordinates":[[0.01745905957686912,51.531300548341456],[0.0176385,51.5313363],[0.0187501,51.5315682],[0.0199364,51.5318423],[0.0204849,51.5319713],[0.0210836,51.5321078],[0.0216488,51.5322344],[0.0221991,51.5323697],[0.0227374,51.5324993],[0.0232905,51.5326224],[0.0238185,51.5327433],[0.0244293,51.5328786],[0.0252455,51.5330654],[0.0259139,51.5332216],[0.0267181,51.5333968],[0.0275101,51.5335801],[0.0283654,51.5337779],[0.0292681,51.5339884],[0.0302888,51.5342202],[0.031026,51.5343862],[0.0318348,51.5345875],[0.032479,51.5347413],[0.0330656,51.5348841],[0.033616,51.5350038],[0.0342388,51.5351455],[0.0349509,51.5353097],[0.035254754707400575,51.535377146208944]]},"properties":{"id":"940GZZLUPLW-940GZZLUUPK-Hammersmith & City","source":"940GZZLUPLW","target":"940GZZLUUPK","sourceName":"Plaistow","targetName":"Upton Park","line":"Hammersmith & City","colour":"#F3A9BB","color":"#F3A9BB","traffic":0.0778,"off9":0.0,"off12":0.0,"off14":0.0},"id":711},{"type":"Feature","geometry":{"type":"LineString","coordinates":[[0.017224101961006672,51.53203415750609],[0.01739823552248005,51.53206924370255],[0.018491950863161768,51.532298786823574],[0.019663401773321928,51.53257079520308],[0.020213603660007563,51.532700041308985],[0.020818535756324856,51.53283742839877],[0.021373820962961886,51.53296260719474],[0.021914818349629238,51.53309652365576],[0.02246603930101,51.533228032489454],[0.0230256822883481,51.533352063460754],[0.023554269029044107,51.533473045867034],[0.024165130554220798,51.53360835459661],[0.02497454177205049,51.53379419092423],[0.025649087099250244,51.53395126462594],[0.02645453979909227,51.53412664025585],[0.027239056438298524,51.53430887908635],[0.028093382763540176,51.53450653886681],[0.028998399548751927,51.53471737222018],[0.030023560967968585,51.53494980554927],[0.030748681772626563,51.535114065774835],[0.031549952857189416,51.535314240079366],[0.03219715486432216,51.53546849296774],[0.03279558435745119,51.5356130278312],[0.03335482660925017,51.53573397347417],[0.033970305633052866,51.53587464544925],[0.03468550330112759,51.53603928425775],[0.03499416711883707,51.53610740095755]]},"properties":{"id":"940GZZLUPLW-940GZZLUUPK-District","source":"940GZZLUPLW","target":"940GZZLUUPK","sourceName":"Plaistow","targetName":"Upton Park","line":"District","colour":"#00782A","color":"#00782A","traffic":0.0778,"off9":0.0,"off12":0.0,"off14":0.0},"id":712},{"type":"Feature","geometry":{"type":"LineString","coordinates":[[0.01745905957686912,51.531300548341456],[0.0171913,51.5312472],[0.016962,51.5311966],[0.0167393,51.5311475],[0.0163075,51.5310528],[0.0156749,51.5309028],[0.0149931,51.530735],[0.0139247,51.5304653],[0.0135783,51.5303837],[0.0127289,51.5301692],[0.0126891,51.5301603],[0.0122604,51.530064],[0.011526,51.5298933],[0.0112174,51.5298246],[0.0107534,51.5297228],[0.0100832,51.5295701],[0.0094594,51.5294209],[0.0088403,51.5292786],[0.0081821,51.5291323],[0.0075276,51.5289834],[0.0068816,51.5288337],[0.0060857,51.5286524],[0.0052798,51.5284689],[0.0049907457017004395,51.52839801474973]]},"properties":{"id":"940GZZLUPLW-940GZZLUWHM-Hammersmith & City","source":"940GZZLUPLW","target":"940GZZLUWHM","sourceName":"Plaistow","targetName":"West Ham","line":"Hammersmith & City","colour":"#F3A9BB","color":"#F3A9BB","traffic":0.3589,"off9":0.0,"off12":0.0,"off14":0.0},"id":713},{"type":"Feature","geometry":{"type":"LineString","coordinates":[[0.017224101961006672,51.53203415750609],[0.01694425216044815,51.531979270442626],[0.01670299749960356,51.531927069642215],[0.01648105782579311,51.53187807377278],[0.01603998146759157,51.5317820808049],[0.01539250389702146,51.53162990667623],[0.014702267281580979,51.531460818370604],[0.013639688193496514,51.531192011181794],[0.01329323508560018,51.531110403042625],[0.01245013525605954,51.53089684810649],[0.012416635083749758,51.53088887100668],[0.011992517467309232,51.53079322826725],[0.01125924296049893,51.53062268778298],[0.010957920451922695,51.53055500304509],[0.010491003123705857,51.5304527994939],[0.00980978901690962,51.5302985333156],[0.009184873317264971,51.53014917076328],[0.008575178193746489,51.53000821798848],[0.00791828758306983,51.52986210153687],[0.0072585138698234835,51.52971245583536],[0.006612352912324239,51.52956273270896],[0.005818701843736111,51.529381752607456],[0.0050031313907458255,51.5291968561369],[0.0047065795301204074,51.52912485212923]]},"properties":{"id":"940GZZLUPLW-940GZZLUWHM-District","source":"940GZZLUPLW","target":"940GZZLUWHM","sourceName":"Plaistow","targetName":"West Ham","line":"District","colour":"#00782A","color":"#00782A","traffic":0.3589,"off9":0.0,"off12":0.0,"off14":0.0},"id":714},{"type":"Feature","geometry":{"type":"LineString","coordinates":[[-0.2457778329463324,51.494266657317795],[-0.24651755379184714,51.49431616735418],[-0.24690178353257022,51.494342475846096],[-0.24712798297986532,51.49435563724122],[-0.24753735806774996,51.49436209201764],[-0.24757886758856404,51.49436492969024],[-0.24829802265646705,51.49438276464872],[-0.24858197986904976,51.49441521897184],[-0.24883473702463293,51.49442906140432],[-0.24911967897053058,51.49444598407848],[-0.24939612197957184,51.49446141146603],[-0.2496596995048013,51.49447074708272],[-0.24998436431110066,51.4944771966525],[-0.25030634933397816,51.494486709352365],[-0.2510703462117469,51.49449370161523],[-0.25163151191098637,51.49449867169529],[-0.25219115632067235,51.494493719221],[-0.25276983708820594,51.4944857821848],[-0.25440524606239784,51.494491105686045],[-0.2545301741521883,51.494488129682765]]},"properties":{"id":"940GZZLUSFB-940GZZLUTNG-District","source":"940GZZLUSFB","target":"940GZZLUTNG","sourceName":"Stamford Brook","targetName":"Turnham Green","line":"District","colour":"#00782A","color":"#00782A","traffic":0.1103,"off9":0.0,"off12":0.0,"off14":0.0},"id":715},{"type":"Feature","geometry":{"type":"LineString","coordinates":[[-0.2456443006898485,51.495590019871756],[-0.245447864041308,51.495580917298284],[-0.24518156669854482,51.495579690579035],[-0.24501357858838582,51.495584138590175],[-0.24471300621861986,51.49559627494089],[-0.2442811257812841,51.49561227207275],[-0.2438285841401332,51.49563031811229],[-0.2433367067702058,51.49564287149988],[-0.24282785679222674,51.49564212730666],[-0.24227717387639483,51.49562524545694],[-0.2416135727232768,51.495589869430084],[-0.24096853193538587,51.49554207626314],[-0.24033446429482197,51.49548186803163],[-0.2396377329011229,51.495388944791955],[-0.23944492255200184,51.495365300688675],[-0.23907100660463584,51.495311752599875],[-0.23869872473602377,51.495254428351295],[-0.23780656140127499,51.495107212093934],[-0.2369296442206819,51.49494888517073],[-0.23667495239146902,51.49490337199283],[-0.23622480423550393,51.494823539201114],[-0.23600992161012033,51.49479259761799],[-0.23578228393571818,51.49476838649047]]},"properties":{"id":"940GZZLUSFB-940GZZLURVP-District","source":"940GZZLUSFB","target":"940GZZLURVP","sourceName":"Stamford Brook","targetName":"Ravenscourt Park","line":"District","colour":"#00782A","color":"#00782A","traffic":0.2098,"off9":0.0,"off12":0.0,"off14":0.0},"id":716},{"type":"Feature","geometry":{"type":"LineString","coordinates":[[-0.3518192731316722,51.56548929099667],[-0.35183412520387947,51.56549898110309],[-0.3520081827710863,51.56560407819959],[-0.35207196659122625,51.56564246119873],[-0.3526902971615609,51.56600246672317],[-0.3530466805966814,51.56619130024844],[-0.3535599553047227,51.56651435882077],[-0.3539209454343112,51.56677393352525],[-0.35405551856339534,51.566883588371816],[-0.3542799041958134,51.567072166675494],[-0.35454776025935686,51.56730419228615],[-0.3547693623991019,51.56752337341225],[-0.35486197182427737,51.56761918061053],[-0.3552746465444431,51.56803998801122],[-0.3557299954682553,51.56848208118756],[-0.35592526560898136,51.56865901123082],[-0.3560598267444853,51.56877772653914],[-0.35631311234280455,51.56900474737725],[-0.3565888763851527,51.569240989188295],[-0.3568824128732173,51.56947670147713],[-0.3573190999246837,51.56981791038235],[-0.357357766726157,51.569844390736094],[-0.35742158377962185,51.569888057638714],[-0.35747997126677356,51.569931006496255],[-0.35761835546327714,51.57003176686166],[-0.357876201530073,51.570217806108666],[-0.3581485958788409,51.570412803014875],[-0.358564542331942,51.570685328226155],[-0.35872345518894544,51.57078862249631],[-0.35907454772028946,51.571014049964724],[-0.35919771477228296,51.571083506021424],[-0.35985221404793744,51.57147381090486],[-0.3602437054391696,51.571693747545034],[-0.36060956077259504,51.57190765387455],[-0.3617743610901235,51.572566687596755],[-0.3623798813374692,51.57291203975596],[-0.3629863189714472,51.5732417755503],[-0.3633074895576192,51.573418373014],[-0.36364634592982265,51.57359605642417],[-0.3640201721443368,51.57378956842904],[-0.364384896103962,51.57396055721269],[-0.36488371136579156,51.57418486342786],[-0.36541529977811665,51.57440371749047],[-0.36586811468604896,51.57457925356656],[-0.3663193811741378,51.574743178095886],[-0.36677569779520386,51.57489632380501],[-0.36707137354502833,51.57500135179724],[-0.36739222949372713,51.575100828963045],[-0.367894086792326,51.575248541032586],[-0.3683133703265817,51.57536461575557],[-0.368664988179452,51.575455589336094],[-0.36880071544272225,51.57549014665549],[-0.36905252264500893,51.575550295195924],[-0.3694270944582496,51.575628089836236],[-0.3695748798890116,51.57565581024107],[-0.3700484052114558,51.57574177833563],[-0.3702646610659161,51.57577964572306],[-0.370818542769976,51.57588571344245],[-0.3709198426054864,51.5759023903202]]},"properties":{"id":"940GZZLUSHH-940GZZLURYL-Piccadilly","source":"940GZZLUSHH","target":"940GZZLURYL","sourceName":"South Harrow","targetName":"Rayners Lane","line":"Piccadilly","colour":"#003688","color":"#003688","traffic":0.0242,"off9":0.0,"off12":0.0,"off14":0.0},"id":717},{"type":"Feature","geometry":{"type":"LineString","coordinates":[[-0.3518192731316722,51.56548929099667],[-0.35149629100808866,51.56526444476617],[-0.35119026802320163,51.56504123760479],[-0.35083205218126784,51.56476549861264],[-0.35045671559214986,51.564454498524746],[-0.34997260433140787,51.56399279309675],[-0.3497210031332107,51.56373381239837],[-0.34950796684977475,51.563490158397116],[-0.3494792301242177,51.5634547075619],[-0.3492786645084928,51.563226111237284],[-0.3485076504699361,51.56233786243001],[-0.3480008892033244,51.56176197541857],[-0.3477477086384676,51.56147222675592],[-0.34757266431173905,51.56126529885995],[-0.3471266544695659,51.56078284478438],[-0.34684801395107906,51.56051044574099],[-0.3466007566863113,51.56029835596076],[-0.3463031559236044,51.5600588764264],[-0.3459806090917577,51.55982513353712],[-0.34560402271972457,51.55959202981126],[-0.34524804379697105,51.55938118931982],[-0.34490129116028484,51.55918902203221],[-0.3443555696022186,51.55892659744997],[-0.3438616762273028,51.558719734727006],[-0.3436082729989296,51.55862745066871],[-0.3431582428227163,51.55850211179067],[-0.342759171799847,51.55842020858072],[-0.34230491630526694,51.558347656919075],[-0.3419268471962433,51.558312632279346],[-0.34036545562153403,51.55824463350564],[-0.3394607337472235,51.55820607482616],[-0.33881567881016755,51.558154765981016],[-0.3381919522534998,51.55807177268957],[-0.33775710179543333,51.55800157238097],[-0.3363455329917583,51.5577015403108],[-0.33618526005157495,51.55766721587778]]},"properties":{"id":"940GZZLUSHH-940GZZLUSUH-Piccadilly","source":"940GZZLUSHH","target":"940GZZLUSUH","sourceName":"South Harrow","targetName":"Sudbury Hill","line":"Piccadilly","colour":"#003688","color":"#003688","traffic":0.0753,"off9":0.0,"off12":0.0,"off14":0.0},"id":718},{"type":"Feature","geometry":{"type":"LineString","coordinates":[[-0.4107237797651085,51.560696460911515],[-0.4109741,51.5607837],[-0.4110742,51.5608222],[-0.4113931,51.5609512],[-0.411586,51.5610303],[-0.411999,51.5611748],[-0.4127137,51.5614333],[-0.4127434,51.5614427],[-0.4131681,51.5615878],[-0.4138482,51.561811],[-0.4147304,51.5621037],[-0.4150563,51.5622093],[-0.4156585,51.5624031],[-0.4161364,51.5625528],[-0.4166643,51.5627113],[-0.4172036,51.5628765],[-0.4177736,51.563055],[-0.4188923,51.5634187],[-0.420136,51.5638275],[-0.4214922,51.5642734],[-0.4225943,51.5646315],[-0.423347,51.5648799],[-0.4241085,51.5651315],[-0.4246859,51.5653296],[-0.4254376,51.5656024],[-0.4261034,51.565836],[-0.4270061,51.566139],[-0.4283265,51.5665725],[-0.4292913,51.5668844],[-0.4298739,51.567071],[-0.4304209,51.5672531],[-0.4311916,51.5675053],[-0.4314114,51.5675739],[-0.4318153,51.5677068],[-0.4325303,51.5679369],[-0.4326162,51.5679662],[-0.4338586,51.5683568],[-0.4344537,51.568541],[-0.4346064,51.5685912],[-0.4351403,51.5687561],[-0.4359706,51.5690126],[-0.4370662,51.5693551],[-0.437639,51.5695388],[-0.4377495,51.5695763]]},"properties":{"id":"940GZZLURSG-940GZZLUWRP-Central","source":"940GZZLURSG","target":"940GZZLUWRP","sourceName":"Ruislip Gardens","targetName":"West Ruislip","line":"Central","colour":"#E32017","color":"#E32017","traffic":0.0037,"off9":0.0,"off12":0.0,"off14":0.0},"id":719},{"type":"Feature","geometry":{"type":"LineString","coordinates":[[-0.4106945774200649,51.560781292733424],[-0.4104344,51.5606927],[-0.4095818,51.5604246],[-0.4073837,51.5597334],[-0.4071368,51.5596523],[-0.406019,51.5592643],[-0.4048907,51.5588792],[-0.4035606,51.558402],[-0.4027819,51.5581469],[-0.4018764,51.5578572],[-0.4005864,51.5574418],[-0.39890387021487644,51.55688673706625]]},"properties":{"id":"940GZZLURSG-940GZZLUSRP-Central","source":"940GZZLURSG","target":"940GZZLUSRP","sourceName":"Ruislip Gardens","targetName":"South Ruislip","line":"Central","colour":"#E32017","color":"#E32017","traffic":0.0271,"off9":0.0,"off12":0.0,"off14":0.0},"id":720},{"type":"Feature","geometry":{"type":"LineString","coordinates":[[-0.4377495,51.5695763],[-0.437639,51.5695388],[-0.4370662,51.5693551],[-0.4359706,51.5690126],[-0.4351403,51.5687561],[-0.4346064,51.5685912],[-0.4344537,51.568541],[-0.4338586,51.5683568],[-0.4326162,51.5679662],[-0.4325303,51.5679369],[-0.4318153,51.5677068],[-0.4314114,51.5675739],[-0.4311916,51.5675053],[-0.4304209,51.5672531],[-0.4298739,51.567071],[-0.4292913,51.5668844],[-0.4283265,51.5665725],[-0.4270061,51.566139],[-0.4261034,51.565836],[-0.4254376,51.5656024],[-0.4246859,51.5653296],[-0.4241085,51.5651315],[-0.423347,51.5648799],[-0.4225943,51.5646315],[-0.4214922,51.5642734],[-0.420136,51.5638275],[-0.4188923,51.5634187],[-0.4177736,51.563055],[-0.4172036,51.5628765],[-0.4166643,51.5627113],[-0.4161364,51.5625528],[-0.4156585,51.5624031],[-0.4150563,51.5622093],[-0.4147304,51.5621037],[-0.4138482,51.561811],[-0.4131681,51.5615878],[-0.4127434,51.5614427],[-0.4127137,51.5614333],[-0.411999,51.5611748],[-0.411586,51.5610303],[-0.4113931,51.5609512],[-0.4110742,51.5608222],[-0.4109741,51.5607837],[-0.4107237797651085,51.560696460911515]]},"properties":{"id":"940GZZLUWRP-940GZZLURSG-Central","source":"940GZZLUWRP","target":"940GZZLURSG","sourceName":"West Ruislip","targetName":"Ruislip Gardens","line":"Central","colour":"#E32017","color":"#E32017","traffic":0.0149,"off9":0.0,"off12":0.0,"off14":0.0},"id":721},{"type":"Feature","geometry":{"type":"LineString","coordinates":[[-0.15571382890930446,51.49376906561242],[-0.15648487933889582,51.49398730144848],[-0.15711525265479687,51.494181037336915],[-0.15794662111870653,51.494422198971556],[-0.1588621535849401,51.494671211020126],[-0.1592045701359933,51.49474525637487],[-0.15965946697423244,51.49483529240755],[-0.16043382081938698,51.494979178882495],[-0.1610273962181962,51.495061627999775],[-0.16172478344046615,51.49513505060727],[-0.16240717611456756,51.49518990335998],[-0.16312447506052508,51.49523017787419],[-0.16369446082916933,51.49526423203774],[-0.16378790766728937,51.49526763232733],[-0.16604045942360562,51.49534867782144],[-0.16686702484676122,51.49539032169265],[-0.16735627284169813,51.49541465404323],[-0.16758653722663544,51.495428925162635],[-0.1691733640486783,51.49548383847937],[-0.1703304604214808,51.49552908249344],[-0.17068248959726426,51.49554081714041],[-0.1709982798749454,51.49553830377987],[-0.17137417610120362,51.49552112396997],[-0.1719631794466803,51.495481624124714],[-0.1720545769471432,51.49547937859307],[-0.17293406817280998,51.49552733536101],[-0.1736380077507873,51.495559796994925],[-0.17387776499024116,51.49556756433053],[-0.17399399614082192,51.49557549813748]]},"properties":{"id":"940GZZLUSSQ-940GZZLUSKS-Circle","source":"940GZZLUSSQ","target":"940GZZLUSKS","sourceName":"Sloane Square","targetName":"South Kensington","line":"Circle","colour":"#FFD300","color":"#FFD300","traffic":0.3545,"off9":0.0,"off12":0.0,"off14":0.0},"id":722},{"type":"Feature","geometry":{"type":"LineString","coordinates":[[-0.15603727362105266,51.49304865514014],[-0.1568215896694479,51.49326925072424],[-0.1574594763273984,51.49346436866846],[-0.15827751055935327,51.49370309948578],[-0.15916232679247008,51.493946905510064],[-0.15946438506799668,51.49401492818743],[-0.15989433348711624,51.49410169620377],[-0.16063526040969345,51.49424173944124],[-0.1611806981090981,51.494319713999886],[-0.1618400917202331,51.49439047530363],[-0.16249108805728377,51.49444370167999],[-0.16319498753026254,51.494483438937095],[-0.16375378041458466,51.49451711601887],[-0.1638365038336447,51.494520216163664],[-0.1660920297118028,51.49460133891072],[-0.1669265124233806,51.49464321084633],[-0.16742433642084908,51.494667827021615],[-0.16764596861331774,51.49468181258132],[-0.16921768202433915,51.494736319239685],[-0.1703759802107404,51.49478159124672],[-0.17069889479863212,51.49479285857021],[-0.1709627899374727,51.49479060188993],[-0.1713056880506018,51.49477431198499],[-0.17191643972334014,51.49473416206236],[-0.1720777384735716,51.494731489296534],[-0.172993334086405,51.49478021768051],[-0.17368530387539366,51.49481234849746],[-0.17393318249512058,51.49482033216527],[-0.17406635533953876,51.494828827663746]]},"properties":{"id":"940GZZLUSSQ-940GZZLUSKS-District","source":"940GZZLUSSQ","target":"940GZZLUSKS","sourceName":"Sloane Square","targetName":"South Kensington","line":"District","colour":"#00782A","color":"#00782A","traffic":0.3545,"off9":0.0,"off12":0.0,"off14":0.0},"id":723},{"type":"Feature","geometry":{"type":"LineString","coordinates":[[-0.15571382890930446,51.49376906561242],[-0.15553569137943607,51.493714832336096],[-0.15552294676647485,51.49370454820212],[-0.15511427333103608,51.493614532161644],[-0.15463808062767023,51.49353047412735],[-0.15411769604026995,51.49343294026719],[-0.15407802286618985,51.49342290075476],[-0.1539762580840415,51.493418080079735],[-0.15382974178701675,51.49341583214338],[-0.15327870865284,51.49342947442915],[-0.15268178143887,51.49344242377506],[-0.15242358281650753,51.49345253541495],[-0.1522375104840818,51.49347244325646],[-0.15205252750668144,51.493496207119534],[-0.15192311772102132,51.49352125034284],[-0.15177583531870742,51.493559443383255],[-0.15163213419612476,51.49360455673963],[-0.15143252468003165,51.49367248487203],[-0.15114677674209587,51.49378554697585],[-0.1510934953860789,51.493831217082175],[-0.1508202173292817,51.49402014923253],[-0.15048292616791073,51.49422067413773],[-0.15026764260153622,51.49433226127216],[-0.1501725560760501,51.494402804630454],[-0.1499822128055419,51.49454459061384],[-0.1498402983120168,51.494660433236916],[-0.1498014746044232,51.49471658147557],[-0.14975996608267117,51.494802870815406],[-0.1497370033155525,51.49486766649389],[-0.14908778010842966,51.49569531914197],[-0.14848773067499407,51.49638092432098],[-0.14816065517885726,51.49663120948454],[-0.14775549780986322,51.49688872567115],[-0.1473182879988699,51.49710076439008],[-0.14701202352763992,51.497224670359365],[-0.14679406822408309,51.49730939456622],[-0.14653301048236286,51.49740236179203],[-0.14629679215577812,51.49747918683223],[-0.1460103815453931,51.497562200273435],[-0.14568040269380447,51.4976429486854],[-0.14533774227261828,51.49770627964638],[-0.14507779199191442,51.49774624952398],[-0.14488163285981706,51.49776823245911],[-0.14471329419483484,51.49778512332956],[-0.14446504557177658,51.49780806240436],[-0.14415615534860365,51.497820703247626],[-0.14389492957720415,51.497821556432044],[-0.14376581081462966,51.497821153855604],[-0.14365007239253183,51.49782198990934],[-0.14356678469253153,51.49782417064307],[-0.14351051426266176,51.497831160218354],[-0.143453462889134,51.49783716827961],[-0.1433647857147171,51.49784709016574],[-0.14335740872940272,51.49784799368083]]},"properties":{"id":"940GZZLUSSQ-940GZZLUVIC-Circle","source":"940GZZLUSSQ","target":"940GZZLUVIC","sourceName":"Sloane Square","targetName":"Victoria","line":"Circle","colour":"#FFD300","color":"#FFD300","traffic":0.4676,"off9":0.0,"off12":0.0,"off14":0.0},"id":724},{"type":"Feature","geometry":{"type":"LineString","coordinates":[[-0.15603727362105266,51.49304865514014],[-0.155839195689718,51.49299106616805],[-0.15578887338323738,51.492975074101054],[-0.15533653666551805,51.49287941608082],[-0.15484374031383516,51.49279348706367],[-0.15428234802013496,51.49269197013359],[-0.1541619614330949,51.49267670037738],[-0.15400657904202075,51.49267029003987],[-0.15382287089350838,51.49266781607169],[-0.15325155432642,51.492681637214574],[-0.152646840719435,51.49269471188753],[-0.15234854140825377,51.49270596770748],[-0.1521172552420409,51.49272817162823],[-0.15189601375334075,51.49275455355976],[-0.15171550886051066,51.49278447517142],[-0.15151166765935375,51.49282972169163],[-0.15132051709806238,51.492882128369814],[-0.15107041234001586,51.492959242436015],[-0.1507306383710479,51.49308382348793],[-0.15058459769303947,51.493153608541085],[-0.15022260866464085,51.49337122461627],[-0.1498897130839553,51.49357018706886],[-0.14968442130076812,51.49367828063608],[-0.14955247803802504,51.49376210231522],[-0.14931600640277096,51.49392209530692],[-0.1491449491560084,51.49405041661846],[-0.14904838730221168,51.49413374073779],[-0.14893913304133566,51.4942566354077],[-0.14885455165777625,51.49436003324695],[-0.14816089005421473,51.49521935957099],[-0.14760551533749705,51.495873112160496],[-0.14736882758942862,51.49606860474227],[-0.14706924890493162,51.49627471283558],[-0.14674899399943495,51.49644203219504],[-0.14650906176381998,51.49654533517968],[-0.1463273841120416,51.49662009728311],[-0.1461032052411814,51.49670383089601],[-0.14590314607788912,51.49677244341612],[-0.14565834077269654,51.49684700013672],[-0.14539015134690225,51.4969170743427],[-0.1451085211363091,51.496971989823194],[-0.14489399599595726,51.49700702476199],[-0.14473936642990853,51.49702546622955],[-0.14458589709741743,51.49704131166478],[-0.1443730227858883,51.49706223120218],[-0.14412657767430184,51.49707290162382],[-0.14389551478860207,51.49707352821602],[-0.14376350540731483,51.4970731269278],[-0.1436321361962659,51.497074044954665],[-0.14350809234626577,51.49707703532154],[-0.1434104571313309,51.49708573010918],[-0.143341681444567,51.497092384139805],[-0.14323789285735855,51.49710324508287],[-0.143229783622157,51.49710419715434]]},"properties":{"id":"940GZZLUSSQ-940GZZLUVIC-District","source":"940GZZLUSSQ","target":"940GZZLUVIC","sourceName":"Sloane Square","targetName":"Victoria","line":"District","colour":"#00782A","color":"#00782A","traffic":0.4676,"off9":0.0,"off12":0.0,"off14":0.0},"id":725},{"type":"Feature","geometry":{"type":"LineString","coordinates":[[0.027431179758737954,51.59188510668123],[0.0271282,51.5905956],[0.0270007,51.5901555],[0.0266158,51.5891512],[0.026066,51.5880345],[0.0255063,51.5870048],[0.0250065,51.5861896],[0.0241525,51.5848203],[0.0240461,51.5846516],[0.0240081,51.5845941],[0.0228586,51.5828555],[0.0222591,51.581815],[0.0218392,51.581193],[0.0216826,51.5809708],[0.0215088,51.5807279],[0.021460195566638397,51.58066289882557]]},"properties":{"id":"940GZZLUSWF-940GZZLUSNB-Central","source":"940GZZLUSWF","target":"940GZZLUSNB","sourceName":"South Woodford","targetName":"Snaresbrook","line":"Central","colour":"#E32017","color":"#E32017","traffic":0.2658,"off9":0.0,"off12":0.0,"off14":0.0},"id":726},{"type":"Feature","geometry":{"type":"LineString","coordinates":[[0.027431179758737954,51.59188510668123],[0.0274406,51.5919252],[0.0279591,51.5946503],[0.0283283,51.5958325],[0.0285131,51.5963578],[0.0288049,51.5972147],[0.0296675,51.5990371],[0.0314528,51.6021608],[0.0317073,51.6026462],[0.0317873,51.6027879],[0.0321479,51.603445],[0.0324021,51.6039108],[0.0326331,51.604333],[0.0330455,51.6050772],[0.0332265,51.6054076],[0.0333703,51.6056705],[0.0339019,51.6066431],[0.034032059358078105,51.606862119184086]]},"properties":{"id":"940GZZLUSWF-940GZZLUWOF-Central","source":"940GZZLUSWF","target":"940GZZLUWOF","sourceName":"South Woodford","targetName":"Woodford","line":"Central","colour":"#E32017","color":"#E32017","traffic":0.0381,"off9":0.0,"off12":0.0,"off14":0.0},"id":727},{"type":"Feature","geometry":{"type":"LineString","coordinates":[[-0.33618526005157495,51.55766721587778],[-0.3363455329917583,51.5577015403108],[-0.33775710179543333,51.55800157238097],[-0.3381919522534998,51.55807177268957],[-0.33881567881016755,51.558154765981016],[-0.3394607337472235,51.55820607482616],[-0.34036545562153403,51.55824463350564],[-0.3419268471962433,51.558312632279346],[-0.34230491630526694,51.558347656919075],[-0.342759171799847,51.55842020858072],[-0.3431582428227163,51.55850211179067],[-0.3436082729989296,51.55862745066871],[-0.3438616762273028,51.558719734727006],[-0.3443555696022186,51.55892659744997],[-0.34490129116028484,51.55918902203221],[-0.34524804379697105,51.55938118931982],[-0.34560402271972457,51.55959202981126],[-0.3459806090917577,51.55982513353712],[-0.3463031559236044,51.5600588764264],[-0.3466007566863113,51.56029835596076],[-0.34684801395107906,51.56051044574099],[-0.3471266544695659,51.56078284478438],[-0.34757266431173905,51.56126529885995],[-0.3477477086384676,51.56147222675592],[-0.3480008892033244,51.56176197541857],[-0.3485076504699361,51.56233786243001],[-0.3492786645084928,51.563226111237284],[-0.3494792301242177,51.5634547075619],[-0.34950796684977475,51.563490158397116],[-0.3497210031332107,51.56373381239837],[-0.34997260433140787,51.56399279309675],[-0.35045671559214986,51.564454498524746],[-0.35083205218126784,51.56476549861264],[-0.35119026802320163,51.56504123760479],[-0.35149629100808866,51.56526444476617],[-0.3518192731316722,51.56548929099667]]},"properties":{"id":"940GZZLUSUH-940GZZLUSHH-Piccadilly","source":"940GZZLUSUH","target":"940GZZLUSHH","sourceName":"Sudbury Hill","targetName":"South Harrow","line":"Piccadilly","colour":"#003688","color":"#003688","traffic":0.0259,"off9":0.0,"off12":0.0,"off14":0.0},"id":728},{"type":"Feature","geometry":{"type":"LineString","coordinates":[[-0.33618526005157495,51.55766721587778],[-0.3357413056928463,51.55757218326508],[-0.33562629546002704,51.55754746853858],[-0.3355543097718667,51.55753201044759],[-0.3339713075424461,51.55719244765626],[-0.33204154677555153,51.55679502459236],[-0.33160331690533046,51.55672172585505],[-0.3311442836156573,51.55666839118997],[-0.3303275671800675,51.55660489328014],[-0.3296514485641045,51.55653454700864],[-0.3290756405344761,51.55645848773665],[-0.32853659678652297,51.5563714919784],[-0.3280357588611577,51.55627215159622],[-0.32745829130620885,51.55612842942456],[-0.32683419705428923,51.55592523554213],[-0.32635767283413347,51.55574870100208],[-0.3258730839696839,51.55556294042613],[-0.32525393119053164,51.55531704663016],[-0.32460350461548276,51.55506772979049],[-0.3239985594417251,51.55485463362938],[-0.3233988419071812,51.55463415414567],[-0.32245200500970456,51.554287615970644],[-0.32148086538357984,51.553928175390205],[-0.32105212918913506,51.55376303630336],[-0.3200743629741175,51.553396270359684],[-0.31928960505082987,51.553101976383665],[-0.3185062065822032,51.55280144477823],[-0.3177266604224998,51.552506011753565],[-0.31708477542115987,51.552263467332835],[-0.31609704354892504,51.55186669256676],[-0.3153150582197012,51.551531492573915],[-0.3152475563725015,51.551501939849246]]},"properties":{"id":"940GZZLUSUH-940GZZLUSUT-Piccadilly","source":"940GZZLUSUH","target":"940GZZLUSUT","sourceName":"Sudbury Hill","targetName":"Sudbury Town","line":"Piccadilly","colour":"#003688","color":"#003688","traffic":0.09,"off9":0.0,"off12":0.0,"off14":0.0},"id":729},{"type":"Feature","geometry":{"type":"LineString","coordinates":[[-0.1987153750636293,51.43498309294886],[-0.2055983750636293,51.44548309294886]]},"properties":{"id":"940GZZLUWIP-940GZZLUSFS-District","source":"940GZZLUWIP","target":"940GZZLUSFS","sourceName":"Wimbledon Park","targetName":"Southfields","line":"District","colour":"#00782A","color":"#00782A","traffic":0.1154,"off9":0.0,"off12":0.0,"off14":0.0},"id":730},{"type":"Feature","geometry":{"type":"LineString","coordinates":[[-0.20078654910537083,51.43491432361398],[-0.20764054910537083,51.42154832361398]]},"properties":{"id":"940GZZLUWIP-940GZZLUWIM-District","source":"940GZZLUWIP","target":"940GZZLUWIM","sourceName":"Wimbledon Park","targetName":"Wimbledon","line":"District","colour":"#00782A","color":"#00782A","traffic":0.0835,"off9":0.0,"off12":0.0,"off14":0.0},"id":731},{"type":"Feature","geometry":{"type":"LineString","coordinates":[[-0.1342418732980191,51.50098779144769],[-0.13422277069174135,51.5009926774913],[-0.13392439237342044,51.501056724687864],[-0.1334905005803908,51.50112402364871],[-0.13315198914213744,51.5011577469829],[-0.132871219265199,51.50118239918589],[-0.13258566308181907,51.501193540408025],[-0.1321738497802371,51.50120622539817],[-0.13153334911819609,51.501207876622054],[-0.13031497552123958,51.50117954974167],[-0.13005403128263807,51.50117925623962],[-0.12979262968072142,51.501188935351784],[-0.12970272607028843,51.5011950919827],[-0.12962641749630738,51.50120690025623],[-0.12943372223567598,51.501240322447934],[-0.1293461825508371,51.50126518494412],[-0.12922789455318026,51.50129561733346],[-0.12912483854256457,51.50133316269571],[-0.12898980266494764,51.50139470621104],[-0.12879960955139844,51.501468151234896],[-0.12845611936267812,51.501596722571044],[-0.12755607248346834,51.501922794529186],[-0.12668609509324008,51.50224243570905],[-0.12642383514528585,51.50235353630815],[-0.1263156666309723,51.50240999152542],[-0.12630263272679254,51.5024420626068],[-0.12622138018757176,51.50251230923177],[-0.1261422423909159,51.502575464369485]]},"properties":{"id":"940GZZLUSJP-940GZZLUWSM-Circle","source":"940GZZLUSJP","target":"940GZZLUWSM","sourceName":"St Jamess Park","targetName":"Westminster","line":"Circle","colour":"#FFD300","color":"#FFD300","traffic":0.4274,"off9":0.0,"off12":0.0,"off14":0.0},"id":732},{"type":"Feature","geometry":{"type":"LineString","coordinates":[[-0.13392503423066582,51.50026623538595],[-0.13390848534587066,51.50027068874565],[-0.1336684461867102,51.500325862343935],[-0.13331835029019543,51.50038371182435],[-0.13302704457106873,51.50041377349145],[-0.1327861096325995,51.50043624959295],[-0.13254138154090955,51.50044602020401],[-0.13215272489011856,51.50045831269909],[-0.13154577455909802,51.50045988831103],[-0.13032933776061978,51.50043157487083],[-0.13003436564131904,51.50043132811981],[-0.12974026484036072,51.50044161767589],[-0.12960996303514422,51.50044929599135],[-0.12948125874815372,51.50046435012811],[-0.129230111117838,51.50050311122397],[-0.12909909127541852,51.50053314247206],[-0.12895209727659013,51.50056755866673],[-0.12878386927128227,51.500615881347855],[-0.12859225133247387,51.50068880310552],[-0.1283851547756992,51.50076602561745],[-0.12804050968133907,51.50089486128552],[-0.12714588624173423,51.50121969726459],[-0.12625934754662005,51.50154316785453],[-0.12597491757264292,51.501659668154076],[-0.12582363331548613,51.501727545762705],[-0.12574216636339633,51.5017803813034],[-0.12560414009378587,51.50187050461588],[-0.1254990178816045,51.50194362414964]]},"properties":{"id":"940GZZLUSJP-940GZZLUWSM-District","source":"940GZZLUSJP","target":"940GZZLUWSM","sourceName":"St Jamess Park","targetName":"Westminster","line":"District","colour":"#00782A","color":"#00782A","traffic":0.4274,"off9":0.0,"off12":0.0,"off14":0.0},"id":733},{"type":"Feature","geometry":{"type":"LineString","coordinates":[[-0.1342418732980191,51.50098779144769],[-0.13470023029851114,51.50085829967956],[-0.13477323525962967,51.5008378595603],[-0.13496283422922983,51.500786324922856],[-0.13516229706597996,51.50073062105163],[-0.1355012445354495,51.50062929223521],[-0.13570776419062774,51.50056540427203],[-0.1358684124785164,51.50050962825982],[-0.13590089797738086,51.5004975048833],[-0.13612438775885985,51.50041708907656],[-0.13640706278573325,51.50032784869493],[-0.13670377266757291,51.50019212181462],[-0.13718496822055767,51.50001153362466],[-0.13752842229750237,51.499859773792124],[-0.1378156805708293,51.499711751196195],[-0.13837354269980615,51.49936264421846],[-0.13863456291187629,51.49922552513294],[-0.1387083604692352,51.49918492024418],[-0.13879844677522402,51.49914382761133],[-0.13891281294437444,51.49909848755162],[-0.13901092505463208,51.49905951529971],[-0.139140977095481,51.49901166581224],[-0.13918682000255164,51.49899261729549],[-0.13934406152115877,51.498950744746764],[-0.13945929581494582,51.49891628633164],[-0.13952328858521512,51.498895740655634],[-0.13967062494606733,51.49886130663348],[-0.13982542938829035,51.49882276660447],[-0.14011647983570483,51.498758105128424],[-0.14043178739027581,51.49871061793378],[-0.1407464738225397,51.49865712520661],[-0.1410522605960777,51.498595345551244],[-0.14133012462352093,51.49852767208196],[-0.14156591869282045,51.49846095586781],[-0.14199680909524065,51.49831234894339],[-0.1424418840689027,51.49814316658193],[-0.14266337658291312,51.49806044740682],[-0.14293066097550666,51.49798097084284],[-0.14321209350773176,51.49789739949178],[-0.1433745430390121,51.49784976638201],[-0.14335740872940272,51.49784799368083]]},"properties":{"id":"940GZZLUSJP-940GZZLUVIC-Circle","source":"940GZZLUSJP","target":"940GZZLUVIC","sourceName":"St Jamess Park","targetName":"Victoria","line":"Circle","colour":"#FFD300","color":"#FFD300","traffic":0.3028,"off9":0.0,"off12":0.0,"off14":0.0},"id":734},{"type":"Feature","geometry":{"type":"LineString","coordinates":[[-0.13392503423066582,51.50026623538595],[-0.13437381514925553,51.50013839983978],[-0.1344484176298148,51.500117679780146],[-0.1346275171146149,51.50006801246143],[-0.13481054853298993,51.500015360525815],[-0.1351268722677248,51.4999184961176],[-0.13530793209531392,51.49986000213601],[-0.13545875623925818,51.499806414129914],[-0.13549229898869042,51.49979405244165],[-0.13571664387942997,51.49971344453828],[-0.13594428139286668,51.49963752434746],[-0.13622918633378647,51.499504910907305],[-0.1366848841102789,51.49933136681233],[-0.13695851114875127,51.49920123689606],[-0.13722449028541459,51.4990605255981],[-0.13782717134990308,51.498696422109234],[-0.1381631814559381,51.49853746256647],[-0.13826893023461753,51.498488710122096],[-0.13838637338761195,51.49844116380566],[-0.13851730647218727,51.49839214377581],[-0.138637112527316,51.49834860764986],[-0.1387959885477405,51.498295132906115],[-0.13887001000127577,51.498271058647745],[-0.13903088076057937,51.49822857237338],[-0.1391568479074729,51.49819234316582],[-0.13924929429260754,51.49816742032782],[-0.13940346247303362,51.49813200331674],[-0.1395741146941452,51.49809128330224],[-0.1399109399178524,51.498021102564216],[-0.1402300436951379,51.49797320896689],[-0.14049878691126985,51.49792516260331],[-0.14075373029803886,51.49787077277563],[-0.1409811623117605,51.497811886040985],[-0.14117755934641024,51.49775307793391],[-0.1415865545476203,51.49760927447169],[-0.1420507420344513,51.49743588329096],[-0.14231968829145653,51.49734367370341],[-0.1426160804877533,51.497259035421415],[-0.14293659675386589,51.497169299745885],[-0.14318622151950605,51.49711098319101],[-0.143229783622157,51.49710419715434]]},"properties":{"id":"940GZZLUSJP-940GZZLUVIC-District","source":"940GZZLUSJP","target":"940GZZLUVIC","sourceName":"St Jamess Park","targetName":"Victoria","line":"District","colour":"#00782A","color":"#00782A","traffic":0.3028,"off9":0.0,"off12":0.0,"off14":0.0},"id":735},{"type":"Feature","geometry":{"type":"LineString","coordinates":[[-0.18546119421834975,51.61803085258597],[-0.1853742,51.6182435],[-0.1852927,51.6184426],[-0.1850221,51.6189851],[-0.1842678,51.6203082],[-0.1833952,51.6217504],[-0.1830323,51.6224041],[-0.182598,51.6231472],[-0.1824967,51.6233146],[-0.1820107,51.6241503],[-0.1812122,51.6255173],[-0.1807216,51.626343],[-0.1803252,51.6270185],[-0.1797701,51.6279873],[-0.1794432,51.6286811],[-0.1792663,51.6292313],[-0.1791655,51.6299557],[-0.179134,51.6303684],[-0.1791293345798328,51.63059534169709]]},"properties":{"id":"940GZZLUWOP-940GZZLUTAW-Northern","source":"940GZZLUWOP","target":"940GZZLUTAW","sourceName":"Woodside Park","targetName":"Totteridge  Whetstone","line":"Northern","colour":"#000000","color":"#000000","traffic":0.0193,"off9":0.0,"off12":0.0,"off14":0.0},"id":736},{"type":"Feature","geometry":{"type":"LineString","coordinates":[[-0.18546119421834975,51.61803085258597],[-0.185563,51.617782],[-0.1857122,51.6173592],[-0.1859168,51.6167341],[-0.1861459,51.6160805],[-0.1861961,51.6159196],[-0.1868707,51.6138556],[-0.1869801,51.6135369],[-0.1880066,51.6103624],[-0.1881731,51.6097621],[-0.1882772,51.6094751],[-0.18831062100920304,51.60940238528029]]},"properties":{"id":"940GZZLUWOP-940GZZLUWFN-Northern","source":"940GZZLUWOP","target":"940GZZLUWFN","sourceName":"Woodside Park","targetName":"West Finchley","line":"Northern","colour":"#000000","color":"#000000","traffic":0.1172,"off9":0.0,"off12":0.0,"off14":0.0},"id":737},{"type":"Feature","geometry":{"type":"LineString","coordinates":[[0.2508466838289217,51.55831979480618],[0.25069750748569597,51.55832419356691],[0.2501789233618848,51.558339407001704],[0.24953985835373135,51.55835283632439],[0.24932608349551386,51.558357375216616],[0.24821118797134561,51.55837110024515],[0.24761474735117253,51.55837420268874],[0.24676870712445576,51.558385154423874],[0.24600129269726037,51.558408943038955],[0.24466123031552256,51.558451615399946],[0.24378821895343028,51.5584767897183],[0.2431485720343866,51.558495610965885],[0.24287204477233762,51.55850674442514],[0.2417963984345313,51.55851101807646],[0.24136694224512045,51.55849940304572],[0.24076626526396622,51.55846935928415],[0.24007057789039604,51.55842155104761],[0.23948818884957468,51.55838284107156],[0.23874151581881387,51.55831177793351],[0.23836976807062282,51.558266189657814],[0.23801289108715162,51.558215431205404],[0.23747336596614865,51.55812174868868],[0.2370543442435366,51.55804800638897],[0.2368679656989899,51.558015137940146],[0.23633360255051145,51.55791704100093],[0.23603771620242237,51.55785967219139]]},"properties":{"id":"940GZZLUUPM-940GZZLUUPB-District","source":"940GZZLUUPM","target":"940GZZLUUPB","sourceName":"Upminster","targetName":"Upminster Bridge","line":"District","colour":"#00782A","color":"#00782A","traffic":0.0091,"off9":0.0,"off12":0.0,"off14":0.0},"id":738},{"type":"Feature","geometry":{"type":"LineString","coordinates":[[-0.20550545089462918,51.42086567638602],[-0.19865145089462918,51.43423167638602]]},"properties":{"id":"940GZZLUWIM-940GZZLUWIP-District","source":"940GZZLUWIM","target":"940GZZLUWIP","sourceName":"Wimbledon","targetName":"Wimbledon Park","line":"District","colour":"#00782A","color":"#00782A","traffic":0.1013,"off9":0.0,"off12":0.0,"off14":0.0},"id":739}]}