{"type":"FeatureCollection","features":[{"type":"Feature","geometry":{"type":"LineString","coordinates":[[-0.2804665858869035,51.50304958947261],[-0.2804136,51.5030168],[-0.2801097,51.5028013],[-0.279916,51.502644],[-0.279835,51.5025637],[-0.2797442,51.5024698],[-0.2795678,51.5022807],[-0.2794174,51.5020919],[-0.2792424,51.5018402],[-0.2790101,51.5014276],[-0.2788486,51.501106],[-0.2787064,51.5007449],[-0.2786012,51.5005],[-0.2785047,51.5003094],[-0.2783996,51.5001064],[-0.2783114,51.4999789],[-0.2781146,51.4997258],[-0.2780024,51.4996031],[-0.2778959,51.4994896],[-0.2776654,51.4992817],[-0.2773992,51.499081],[-0.2771832,51.4989297],[-0.2768515,51.4987259],[-0.2766065,51.4985955],[-0.2763412,51.498465],[-0.2758177,51.4982336],[-0.2752779,51.4980076],[-0.2751001,51.4979332],[-0.2744508,51.4976694],[-0.2740089,51.4974666],[-0.273804,51.4973562],[-0.2735057,51.4971975],[-0.2732109,51.4970301],[-0.2730706,51.4969406],[-0.2728766,51.4968001],[-0.2726861,51.4966529],[-0.2721974,51.4962403],[-0.2719232,51.4960202],[-0.2716597,51.4958353],[-0.271257,51.4955897],[-0.2708774,51.4953915],[-0.2704587,51.4951992],[-0.2701091,51.4950697],[-0.2697508,51.4949492],[-0.2694373,51.4948556],[-0.2691125,51.4947676],[-0.2688826,51.494711],[-0.2686514,51.4946586],[-0.2683821,51.4946055],[-0.2681554,51.4945671],[-0.2678965,51.4945308],[-0.267521,51.4944896],[-0.2671836,51.4944645],[-0.2669586,51.4944543],[-0.2667318,51.4944503],[-0.2663413,51.4944502],[-0.2659848,51.4944619],[-0.2656429,51.4944831],[-0.2651103,51.4945347],[-0.2638117,51.4946774],[-0.2627485,51.4948009],[-0.2613798,51.4949437],[-0.2609403,51.4949835],[-0.2605347,51.4950162],[-0.2603197,51.4950335],[-0.2601359,51.4950444],[-0.259916,51.4950542],[-0.259682,51.4950552],[-0.2595378,51.4950554],[-0.2594501,51.4950556],[-0.2591914,51.4950539],[-0.2589624,51.4950499],[-0.2581894,51.4950321],[-0.2570802,51.4950453],[-0.255688,51.4950875],[-0.2554326,51.4950996],[-0.2551451,51.4951048],[-0.2545981,51.4951157],[-0.2545545731864244,51.49511628578897]]},"properties":{"id":"940GZZLUACT-940GZZLUTNG-Piccadilly","source":"940GZZLUACT","target":"940GZZLUTNG","sourceName":"Acton Town","targetName":"Turnham Green","line":"Piccadilly","colour":"#003688","color":"#003688","traffic":0.3769,"off9":-1.5,"off12":-3.5,"off14":-6.0},"id":0},{"type":"Feature","geometry":{"type":"LineString","coordinates":[[-0.2817639,51.5038582],[-0.2822646,51.5041423],[-0.2824823,51.5042748],[-0.2830667,51.5046266],[-0.2834164,51.5048345],[-0.2838518,51.5050841],[-0.2842655,51.505303],[-0.2846694,51.5055052],[-0.285036,51.5056906],[-0.2855549,51.5059659],[-0.2858152,51.5061302],[-0.2860811,51.5063156],[-0.286372,51.5065445],[-0.2866407,51.5067818],[-0.2868225,51.5069614],[-0.2869722,51.5071278],[-0.2870936,51.5072731],[-0.2872134,51.507433],[-0.2873115,51.5075733],[-0.2874091,51.507737],[-0.2875684,51.5080335],[-0.2876718,51.5082783],[-0.287762,51.5085266],[-0.2878198,51.5087127],[-0.2879322,51.5090478],[-0.2880398,51.5093915],[-0.2881524,51.5096243],[-0.28821,51.5099114],[-0.288221,51.5101341]]},"properties":{"id":"940GZZLUACT-940GZZLUECM-Piccadilly","source":"940GZZLUACT","target":"940GZZLUECM","sourceName":"Acton Town","targetName":"Ealing Common","line":"Piccadilly","colour":"#003688","color":"#003688","traffic":0.0304,"off9":-1.5,"off12":-3.5,"off14":-6.0},"id":1},{"type":"Feature","geometry":{"type":"LineString","coordinates":[[-0.28052677893430966,51.502967051453325],[-0.2806246,51.5030375],[-0.2809056,51.5032044],[-0.2812887,51.5034063],[-0.2819679,51.5037421],[-0.2826314,51.5040728],[-0.2832678,51.5043905],[-0.2841574,51.5048286],[-0.2843768,51.50494],[-0.2847194,51.5051271],[-0.2851016,51.5053605],[-0.2852759,51.5054621],[-0.2855479,51.5056376],[-0.2858461,51.5058483],[-0.2860094,51.5059816],[-0.2862367,51.5061754],[-0.2865536,51.5064533],[-0.2868303,51.5067283],[-0.286973,51.5068939],[-0.2870994,51.5070471],[-0.2872032,51.5071975],[-0.2873049,51.5073612],[-0.2874091,51.5075387],[-0.2874929,51.5077008],[-0.2876426,51.5080198],[-0.2877388,51.5082684],[-0.2878194,51.5085195],[-0.2878793,51.5087063],[-0.2880328,51.5092141],[-0.2880896,51.5093919],[-0.2882007,51.5096327],[-0.2882505,51.509911],[-0.2882656,51.5101333],[-0.2882658096722075,51.51013997456527]]},"properties":{"id":"940GZZLUACT-940GZZLUECM-District","source":"940GZZLUACT","target":"940GZZLUECM","sourceName":"Acton Town","targetName":"Ealing Common","line":"District","colour":"#00782A","color":"#00782A","traffic":0.0304,"off9":1.5,"off12":3.5,"off14":6.0},"id":2},{"type":"Feature","geometry":{"type":"LineString","coordinates":[[-0.2803854144286892,51.503184460775046],[-0.2810021,51.503555],[-0.2819837,51.5041688],[-0.2824115,51.5044287],[-0.2827978,51.5046519],[-0.2830778,51.5048055],[-0.2834823,51.5049974],[-0.2839407,51.5051983],[-0.2842994,51.5053416],[-0.28476,51.5055046],[-0.2850054,51.5055828],[-0.2854309,51.5056993],[-0.2857347,51.5057659],[-0.2859787,51.5058101],[-0.2861539,51.5058371],[-0.2865932,51.5058925],[-0.287056,51.5059229],[-0.2873953,51.5059299],[-0.2877694,51.5059123],[-0.2881421,51.5058825],[-0.288522,51.5058203],[-0.2888806,51.5057425],[-0.2892192,51.5056438],[-0.2895478,51.5055277],[-0.2898819,51.5053815],[-0.2902219,51.5052527],[-0.2908504,51.5049896],[-0.2913799,51.5047987],[-0.2917619,51.5046805],[-0.292295,51.5045319],[-0.2926849,51.5044397],[-0.29306,51.5043607],[-0.2934377,51.5042925],[-0.2938565,51.5042281],[-0.2946567,51.5041121],[-0.2984117,51.5035721],[-0.3002492,51.5033023],[-0.3007943,51.5032196],[-0.3012604,51.5031396],[-0.3017045,51.5030482],[-0.3022737,51.5029009],[-0.302705,51.5027745],[-0.3036609,51.5024251],[-0.3050928,51.5018841],[-0.3065737,51.5013254],[-0.3069238,51.5012007],[-0.3071743,51.5011247],[-0.30743693842924474,51.50104639738511]]},"properties":{"id":"940GZZLUACT-940GZZLUSEA-Piccadilly","source":"940GZZLUACT","target":"940GZZLUSEA","sourceName":"Acton Town","targetName":"South Ealing","line":"Piccadilly","colour":"#003688","color":"#003688","traffic":0.1294,"off9":-1.5,"off12":-3.5,"off14":-6.0},"id":3},{"type":"Feature","geometry":{"type":"LineString","coordinates":[[-0.28052677893430966,51.502967051453325],[-0.2803094,51.5028105],[-0.2801687,51.5026967],[-0.2799916,51.5025446],[-0.2798816,51.5024371],[-0.2796937,51.5022322],[-0.2795592,51.5020603],[-0.2793721,51.5017753],[-0.2792288,51.5015176],[-0.2789545,51.5010168],[-0.2787593,51.5006415],[-0.2786962,51.5005364],[-0.2785058,51.500173],[-0.2783633,51.4999471],[-0.2781928,51.499726],[-0.2780848,51.4996097],[-0.2779545,51.4994769],[-0.2777475,51.4992774],[-0.2775746,51.4991433],[-0.2774279,51.499034],[-0.2772498,51.4989121],[-0.2770385,51.4987838],[-0.276816,51.4986532],[-0.2765605,51.4985255],[-0.2762009,51.4983605],[-0.2758458,51.4982043],[-0.2751277,51.4979055],[-0.2744854,51.4976406],[-0.2740541,51.4974506],[-0.2738431,51.4973433],[-0.273549,51.4971832],[-0.2732549,51.4970144],[-0.2731124,51.496919],[-0.2729102,51.4967755],[-0.272701,51.4966166],[-0.2722176,51.4962095],[-0.2719688,51.496003],[-0.2717059,51.4958186],[-0.2712585,51.4955446],[-0.2708129,51.4953202],[-0.2704347,51.4951556],[-0.2701237,51.4950383],[-0.2697118,51.4948999],[-0.2694573,51.4948236],[-0.2691336,51.4947346],[-0.2689021,51.494677],[-0.2686687,51.494626],[-0.2683955,51.4945745],[-0.2681662,51.4945354],[-0.2679882819538176,51.49451052827007]]},"properties":{"id":"940GZZLUACT-940GZZLUCWP-District","source":"940GZZLUACT","target":"940GZZLUCWP","sourceName":"Acton Town","targetName":"Chiswick Park","line":"District","colour":"#00782A","color":"#00782A","traffic":0.0726,"off9":1.5,"off12":3.5,"off14":6.0},"id":4},{"type":"Feature","geometry":{"type":"LineString","coordinates":[[-0.2545545731864244,51.49511628578897],[-0.2545981,51.4951157],[-0.2551451,51.4951048],[-0.2554326,51.4950996],[-0.255688,51.4950875],[-0.2570802,51.4950453],[-0.2581894,51.4950321],[-0.2589624,51.4950499],[-0.2591914,51.4950539],[-0.2594501,51.4950556],[-0.2595378,51.4950554],[-0.259682,51.4950552],[-0.259916,51.4950542],[-0.2601359,51.4950444],[-0.2603197,51.4950335],[-0.2605347,51.4950162],[-0.2609403,51.4949835],[-0.2613798,51.4949437],[-0.2627485,51.4948009],[-0.2638117,51.4946774],[-0.2651103,51.4945347],[-0.2656429,51.4944831],[-0.2659848,51.4944619],[-0.2663413,51.4944502],[-0.2667318,51.4944503],[-0.2669586,51.4944543],[-0.2671836,51.4944645],[-0.267521,51.4944896],[-0.2678965,51.4945308],[-0.2681554,51.4945671],[-0.2683821,51.4946055],[-0.2686514,51.4946586],[-0.2688826,51.494711],[-0.2691125,51.4947676],[-0.2694373,51.4948556],[-0.2697508,51.4949492],[-0.2701091,51.4950697],[-0.2704587,51.4951992],[-0.2708774,51.4953915],[-0.271257,51.4955897],[-0.2716597,51.4958353],[-0.2719232,51.4960202],[-0.2721974,51.4962403],[-0.2726861,51.4966529],[-0.2728766,51.4968001],[-0.2730706,51.4969406],[-0.2732109,51.4970301],[-0.2735057,51.4971975],[-0.273804,51.4973562],[-0.2740089,51.4974666],[-0.2744508,51.4976694],[-0.2751001,51.4979332],[-0.2752779,51.4980076],[-0.2758177,51.4982336],[-0.2763412,51.498465],[-0.2766065,51.4985955],[-0.2768515,51.4987259],[-0.2771832,51.4989297],[-0.2773992,51.499081],[-0.2776654,51.4992817],[-0.2778959,51.4994896],[-0.2780024,51.4996031],[-0.2781146,51.4997258],[-0.2783114,51.4999789],[-0.2783996,51.5001064],[-0.2785047,51.5003094],[-0.2786012,51.5005],[-0.2787064,51.5007449],[-0.2788486,51.501106],[-0.2790101,51.5014276],[-0.2792424,51.5018402],[-0.2794174,51.5020919],[-0.2795678,51.5022807],[-0.2797442,51.5024698],[-0.279835,51.5025637],[-0.279916,51.502644],[-0.2801097,51.5028013],[-0.2804136,51.5030168],[-0.2804665858869035,51.50304958947261]]},"properties":{"id":"940GZZLUTNG-940GZZLUACT-Piccadilly","source":"940GZZLUTNG","target":"940GZZLUACT","sourceName":"Turnham Green","targetName":"Acton Town","line":"Piccadilly","colour":"#003688","color":"#003688","traffic":0.1516,"off9":-1.5,"off12":-3.5,"off14":-6.0},"id":5},{"type":"Feature","geometry":{"type":"LineString","coordinates":[[-0.2545545731864244,51.49511628578897],[-0.2533052,51.4951331],[-0.2527777,51.4951373],[-0.2516314,51.4951373],[-0.2510613,51.4951318],[-0.2502895,51.4951153],[-0.2484447,51.4950605],[-0.2482145,51.4950537],[-0.2475404,51.4950368],[-0.2471817,51.4950332],[-0.2470116,51.4950261],[-0.2468407,51.4950169],[-0.2467762,51.4950126],[-0.2463359,51.4949831],[-0.2454579,51.4949228],[-0.2453115,51.4949137],[-0.2451647,51.4949074],[-0.2449697,51.4948998],[-0.2446632,51.4948961],[-0.2442335,51.4948983],[-0.2437908,51.4949128],[-0.2433211,51.4949254],[-0.2428469,51.4949253],[-0.2423235,51.4949078],[-0.2416876,51.494875],[-0.2410649,51.4948273],[-0.2404629,51.4947684],[-0.2397898,51.4946828],[-0.2396026,51.4946571],[-0.2392382,51.4946058],[-0.2388677,51.4945499],[-0.2379999,51.4944046],[-0.2371197,51.4942547],[-0.2368651,51.4942196],[-0.2364106,51.4941661],[-0.2357995,51.4941116],[-0.2348132,51.4940496],[-0.2345997,51.4940341],[-0.2341364,51.4939993],[-0.2339106,51.4939824],[-0.2334854,51.4939399],[-0.233072,51.4938892],[-0.2328612,51.4938636],[-0.2325757,51.4938245],[-0.2322725,51.4937967],[-0.2319692,51.493779],[-0.2314464,51.4937513],[-0.2303887,51.4936802],[-0.230126,51.4936636],[-0.2297079,51.4936338],[-0.2295126,51.4936158],[-0.2288194,51.4935731],[-0.2285504,51.4935766],[-0.2282762,51.4935896],[-0.2276321,51.4936604],[-0.2273815,51.4936814],[-0.2271966,51.4936902],[-0.2270298,51.49369],[-0.2268693,51.4936881],[-0.2267108,51.4936764],[-0.2264745,51.4936529],[-0.2261388,51.493594],[-0.225929,51.4935425],[-0.2254049,51.4933895],[-0.2246741,51.4931336],[-0.2244918,51.4930662],[-0.2242771,51.4929619],[-0.2241667,51.4929066],[-0.2239524,51.4927638],[-0.2237524,51.4925877],[-0.2236073,51.49246],[-0.22353422448760357,51.4923914852288]]},"properties":{"id":"940GZZLUTNG-940GZZLUHSD-Piccadilly","source":"940GZZLUTNG","target":"940GZZLUHSD","sourceName":"Turnham Green","targetName":"Hammersmith DistPicc Line","line":"Piccadilly","colour":"#003688","color":"#003688","traffic":0.3774,"off9":-1.5,"off12":-3.5,"off14":-6.0},"id":6},{"type":"Feature","geometry":{"type":"LineString","coordinates":[[-0.2556094,51.4950188],[-0.2560215,51.494995],[-0.2570891,51.4949447],[-0.25838,51.4949002],[-0.259026,51.4948881],[-0.2594644,51.4948693],[-0.2601124,51.4948115],[-0.2602378,51.494796],[-0.2626962,51.4945465],[-0.266296,51.4941609],[-0.2674049,51.4940477],[-0.2680098,51.4939838],[-0.2680522,51.49398],[-0.2689518,51.4938854],[-0.2698417,51.4937745],[-0.2706168,51.4936475],[-0.2716501,51.4934075],[-0.2723262,51.4931733],[-0.2729669,51.4928968],[-0.2737614,51.4925324]]},"properties":{"id":"940GZZLUTNG-940GZZLUGBY-District","source":"940GZZLUTNG","target":"940GZZLUGBY","sourceName":"Turnham Green","targetName":"Gunnersbury","line":"District","colour":"#00782A","color":"#00782A","traffic":0.0751,"off9":1.5,"off12":3.5,"off14":6.0},"id":7},{"type":"Feature","geometry":{"type":"LineString","coordinates":[[-0.25455696184610116,51.49523597205021],[-0.2544167,51.4952391],[-0.2527762,51.4952338],[-0.2522047,51.4952417],[-0.2516315,51.4952467],[-0.2510596,51.4952417],[-0.2502833,51.4952346],[-0.2499549,51.495225],[-0.2496271,51.4952185],[-0.2493427,51.4952087],[-0.2490513,51.4951928],[-0.248767,51.4951759],[-0.2484791,51.4951605],[-0.2482126,51.4951289],[-0.2475417,51.4951126],[-0.2475022,51.4951098],[-0.2470856,51.4951032],[-0.2468282,51.4950891],[-0.2464367,51.4950625],[-0.2456975717330218,51.49501301475164]]},"properties":{"id":"940GZZLUTNG-940GZZLUSFB-District","source":"940GZZLUTNG","target":"940GZZLUSFB","sourceName":"Turnham Green","targetName":"Stamford Brook","line":"District","colour":"#00782A","color":"#00782A","traffic":0.1922,"off9":1.5,"off12":3.5,"off14":6.0},"id":8},{"type":"Feature","geometry":{"type":"LineString","coordinates":[[-0.2556094,51.4950188],[-0.2560237,51.4950198],[-0.2570834,51.495005],[-0.2581923,51.4950005],[-0.2589741,51.4950147],[-0.2591115,51.4950169],[-0.2594389,51.4950254],[-0.2596768,51.4950235],[-0.260129,51.4950088],[-0.2603152,51.4949986],[-0.2609587,51.4949484],[-0.2613761,51.4949095],[-0.2627382,51.4947601],[-0.2637851,51.4946487],[-0.2654308,51.4944707],[-0.2656615,51.4944511],[-0.2663409,51.4944182],[-0.2668087,51.4944156],[-0.2670445,51.4944234],[-0.2672825,51.4944359],[-0.2675281,51.4944565],[-0.2679051,51.4944989],[-0.2679882819538176,51.49451052827007]]},"properties":{"id":"940GZZLUTNG-940GZZLUCWP-District","source":"940GZZLUTNG","target":"940GZZLUCWP","sourceName":"Turnham Green","targetName":"Chiswick Park","line":"District","colour":"#00782A","color":"#00782A","traffic":0.0326,"off9":1.5,"off12":3.5,"off14":6.0},"id":9},{"type":"Feature","geometry":{"type":"LineString","coordinates":[[-0.2882658096722075,51.51013997456527],[-0.2882686,51.5102288],[-0.2882484,51.5106479],[-0.2882095,51.5110113],[-0.288104,51.5119452],[-0.2880662,51.5122419],[-0.2880328,51.5124182],[-0.2879631,51.5126501],[-0.2878226,51.5130705],[-0.2877825,51.513207],[-0.2877471,51.5133699],[-0.2877285,51.5135491],[-0.287739,51.5137398],[-0.2877665,51.5138914],[-0.287796,51.5140203],[-0.2878399,51.5141322],[-0.2878825,51.5142277],[-0.2879918,51.5144333],[-0.2881092,51.5145825],[-0.2882068,51.5146948],[-0.288308,51.5147974],[-0.2886751,51.5151218],[-0.2888953,51.5153381],[-0.289208,51.5156266],[-0.289332,51.5157772],[-0.2894574,51.5159373],[-0.2895102,51.5161094],[-0.2895267,51.5162651],[-0.2895079,51.5164746],[-0.2894772,51.5165787],[-0.2894238,51.5167032],[-0.2893307,51.5168591],[-0.2892317,51.5169823],[-0.2890453,51.5172176],[-0.28882337570511785,51.51746496520546]]},"properties":{"id":"940GZZLUECM-940GZZLUNEN-Piccadilly","source":"940GZZLUECM","target":"940GZZLUNEN","sourceName":"Ealing Common","targetName":"North Ealing","line":"Piccadilly","colour":"#003688","color":"#003688","traffic":0.0447,"off9":-1.5,"off12":-3.5,"off14":-6.0},"id":10},{"type":"Feature","geometry":{"type":"LineString","coordinates":[[-0.288221,51.5101341],[-0.28821,51.5099114],[-0.2881524,51.5096243],[-0.2880398,51.5093915],[-0.2879322,51.5090478],[-0.2878198,51.5087127],[-0.287762,51.5085266],[-0.2876718,51.5082783],[-0.2875684,51.5080335],[-0.2874091,51.507737],[-0.2873115,51.5075733],[-0.2872134,51.507433],[-0.2870936,51.5072731],[-0.2869722,51.5071278],[-0.2868225,51.5069614],[-0.2866407,51.5067818],[-0.286372,51.5065445],[-0.2860811,51.5063156],[-0.2858152,51.5061302],[-0.2855549,51.5059659],[-0.285036,51.5056906],[-0.2846694,51.5055052],[-0.2842655,51.505303],[-0.2838518,51.5050841],[-0.2834164,51.5048345],[-0.2830667,51.5046266],[-0.2824823,51.5042748],[-0.2822646,51.5041423],[-0.2817639,51.5038582]]},"properties":{"id":"940GZZLUECM-940GZZLUACT-Piccadilly","source":"940GZZLUECM","target":"940GZZLUACT","sourceName":"Ealing Common","targetName":"Acton Town","line":"Piccadilly","colour":"#003688","color":"#003688","traffic":0.0597,"off9":-1.5,"off12":-3.5,"off14":-6.0},"id":11},{"type":"Feature","geometry":{"type":"LineString","coordinates":[[-0.2882658096722075,51.51013997456527],[-0.2882656,51.5101333],[-0.2882505,51.509911],[-0.2882007,51.5096327],[-0.2880896,51.5093919],[-0.2880328,51.5092141],[-0.2878793,51.5087063],[-0.2878194,51.5085195],[-0.2877388,51.5082684],[-0.2876426,51.5080198],[-0.2874929,51.5077008],[-0.2874091,51.5075387],[-0.2873049,51.5073612],[-0.2872032,51.5071975],[-0.2870994,51.5070471],[-0.286973,51.5068939],[-0.2868303,51.5067283],[-0.2865536,51.5064533],[-0.2862367,51.5061754],[-0.2860094,51.5059816],[-0.2858461,51.5058483],[-0.2855479,51.5056376],[-0.2852759,51.5054621],[-0.2851016,51.5053605],[-0.2847194,51.5051271],[-0.2843768,51.50494],[-0.2841574,51.5048286],[-0.2832678,51.5043905],[-0.2826314,51.5040728],[-0.2819679,51.5037421],[-0.2812887,51.5034063],[-0.2809056,51.5032044],[-0.2806246,51.5030375],[-0.28052677893430966,51.502967051453325]]},"properties":{"id":"940GZZLUECM-940GZZLUACT-District","source":"940GZZLUECM","target":"940GZZLUACT","sourceName":"Ealing Common","targetName":"Acton Town","line":"District","colour":"#00782A","color":"#00782A","traffic":0.0597,"off9":1.5,"off12":3.5,"off14":6.0},"id":12},{"type":"Feature","geometry":{"type":"LineString","coordinates":[[-0.2882658096722075,51.51013997456527],[-0.2882686,51.5102288],[-0.2882484,51.5106479],[-0.2882095,51.5110113],[-0.288104,51.5119452],[-0.2880662,51.5122419],[-0.2880328,51.5124182],[-0.2879631,51.5126501],[-0.2878226,51.5130705],[-0.2877825,51.513207],[-0.2877471,51.5133699],[-0.2877285,51.5135491],[-0.287739,51.5137398],[-0.2877665,51.5138914],[-0.287796,51.5140203],[-0.2878399,51.5141322],[-0.2878825,51.5142277],[-0.2879918,51.5144333],[-0.2881092,51.5145825],[-0.2882068,51.5146948],[-0.288308,51.5147974],[-0.2886751,51.5151218],[-0.2888416,51.5152448],[-0.2889897,51.5153436],[-0.2890587,51.5153889],[-0.2891517,51.5154395],[-0.289223,51.515479],[-0.2893547,51.515542],[-0.2894709,51.5155958],[-0.2895947,51.5156417],[-0.2897277,51.515687],[-0.2898858,51.5157349],[-0.2900245,51.5157707],[-0.2901132,51.5157906],[-0.2901991,51.5158094],[-0.2903338,51.5158326],[-0.2905488,51.5158628],[-0.2906898,51.5158764],[-0.290807,51.5158857],[-0.2909268,51.515894],[-0.2910264,51.5158997],[-0.2911746,51.5159072],[-0.2913336,51.51591],[-0.2914599,51.5159134],[-0.2915731,51.5159118],[-0.2916502,51.5159076],[-0.2917689,51.5159039],[-0.2919145,51.5158966],[-0.2920448,51.5158862],[-0.2922106,51.5158665],[-0.2923551,51.5158442],[-0.292487,51.5158229],[-0.2926395,51.5157912],[-0.2927356,51.5157678],[-0.2928907,51.5157328],[-0.293122,51.5156672],[-0.293271,51.5156195],[-0.2934367,51.5155686],[-0.2938587,51.5154444],[-0.2940537,51.5153938],[-0.2942392,51.5153528],[-0.2944088,51.5153225],[-0.2945814,51.5152936],[-0.2947768,51.5152669],[-0.2949306,51.5152457],[-0.2950442,51.5152361],[-0.2951931,51.5152275],[-0.2953429,51.515219],[-0.2955356,51.5152139],[-0.296014,51.5152061],[-0.2963954,51.5151967],[-0.296948,51.5151872],[-0.2980323,51.5151875]]},"properties":{"id":"940GZZLUECM-940GZZLUEBY-District","source":"940GZZLUECM","target":"940GZZLUEBY","sourceName":"Ealing Common","targetName":"Ealing Broadway","line":"District","colour":"#00782A","color":"#00782A","traffic":0.0292,"off9":1.5,"off12":3.5,"off14":6.0},"id":13},{"type":"Feature","geometry":{"type":"LineString","coordinates":[[-0.30741212177769983,51.50096443718833],[-0.3078476,51.5008303],[-0.3086117,51.5006328],[-0.3094746,51.50046],[-0.3108189,51.5001711],[-0.3113566,51.5000339],[-0.3117356,51.4999387],[-0.3120651,51.4998661],[-0.3123627,51.4998023],[-0.3129074,51.4996863],[-0.3136769,51.4995316],[-0.3140972,51.4994516],[-0.3144185,51.4993879],[-0.3147207156433307,51.4993275983415]]},"properties":{"id":"940GZZLUSEA-940GZZLUNFD-Piccadilly","source":"940GZZLUSEA","target":"940GZZLUNFD","sourceName":"South Ealing","targetName":"Northfields","line":"Piccadilly","colour":"#003688","color":"#003688","traffic":0.128,"off9":-1.5,"off12":-3.5,"off14":-6.0},"id":14},{"type":"Feature","geometry":{"type":"LineString","coordinates":[[-0.30743693842924474,51.50104639738511],[-0.3071743,51.5011247],[-0.3069238,51.5012007],[-0.3065737,51.5013254],[-0.3050928,51.5018841],[-0.3036609,51.5024251],[-0.302705,51.5027745],[-0.3022737,51.5029009],[-0.3017045,51.5030482],[-0.3012604,51.5031396],[-0.3007943,51.5032196],[-0.3002492,51.5033023],[-0.2984117,51.5035721],[-0.2946567,51.5041121],[-0.2938565,51.5042281],[-0.2934377,51.5042925],[-0.29306,51.5043607],[-0.2926849,51.5044397],[-0.292295,51.5045319],[-0.2917619,51.5046805],[-0.2913799,51.5047987],[-0.2908504,51.5049896],[-0.2902219,51.5052527],[-0.2898819,51.5053815],[-0.2895478,51.5055277],[-0.2892192,51.5056438],[-0.2888806,51.5057425],[-0.288522,51.5058203],[-0.2881421,51.5058825],[-0.2877694,51.5059123],[-0.2873953,51.5059299],[-0.287056,51.5059229],[-0.2865932,51.5058925],[-0.2861539,51.5058371],[-0.2859787,51.5058101],[-0.2857347,51.5057659],[-0.2854309,51.5056993],[-0.2850054,51.5055828],[-0.28476,51.5055046],[-0.2842994,51.5053416],[-0.2839407,51.5051983],[-0.2834823,51.5049974],[-0.2830778,51.5048055],[-0.2827978,51.5046519],[-0.2824115,51.5044287],[-0.2819837,51.5041688],[-0.2810021,51.503555],[-0.2803854144286892,51.503184460775046]]},"properties":{"id":"940GZZLUSEA-940GZZLUACT-Piccadilly","source":"940GZZLUSEA","target":"940GZZLUACT","sourceName":"South Ealing","targetName":"Acton Town","line":"Piccadilly","colour":"#003688","color":"#003688","traffic":0.2557,"off9":-1.5,"off12":-3.5,"off14":-6.0},"id":15},{"type":"Feature","geometry":{"type":"LineString","coordinates":[[-0.2679882819538176,51.49451052827007],[-0.2681662,51.4945354],[-0.2683955,51.4945745],[-0.2686687,51.494626],[-0.2689021,51.494677],[-0.2691336,51.4947346],[-0.2694573,51.4948236],[-0.2697118,51.4948999],[-0.2701237,51.4950383],[-0.2704347,51.4951556],[-0.2708129,51.4953202],[-0.2712585,51.4955446],[-0.2717059,51.4958186],[-0.2719688,51.496003],[-0.2722176,51.4962095],[-0.272701,51.4966166],[-0.2729102,51.4967755],[-0.2731124,51.496919],[-0.2732549,51.4970144],[-0.273549,51.4971832],[-0.2738431,51.4973433],[-0.2740541,51.4974506],[-0.2744854,51.4976406],[-0.2751277,51.4979055],[-0.2758458,51.4982043],[-0.2762009,51.4983605],[-0.2765605,51.4985255],[-0.276816,51.4986532],[-0.2770385,51.4987838],[-0.2772498,51.4989121],[-0.2774279,51.499034],[-0.2775746,51.4991433],[-0.2777475,51.4992774],[-0.2779545,51.4994769],[-0.2780848,51.4996097],[-0.2781928,51.499726],[-0.2783633,51.4999471],[-0.2785058,51.500173],[-0.2786962,51.5005364],[-0.2787593,51.5006415],[-0.2789545,51.5010168],[-0.2792288,51.5015176],[-0.2793721,51.5017753],[-0.2795592,51.5020603],[-0.2796937,51.5022322],[-0.2798816,51.5024371],[-0.2799916,51.5025446],[-0.2801687,51.5026967],[-0.2803094,51.5028105],[-0.28052677893430966,51.502967051453325]]},"properties":{"id":"940GZZLUCWP-940GZZLUACT-District","source":"940GZZLUCWP","target":"940GZZLUACT","sourceName":"Chiswick Park","targetName":"Acton Town","line":"District","colour":"#00782A","color":"#00782A","traffic":0.0286,"off9":1.5,"off12":3.5,"off14":6.0},"id":16},{"type":"Feature","geometry":{"type":"LineString","coordinates":[[-0.2679882819538176,51.49451052827007],[-0.2679051,51.4944989],[-0.2675281,51.4944565],[-0.2672825,51.4944359],[-0.2670445,51.4944234],[-0.2668087,51.4944156],[-0.2663409,51.4944182],[-0.2656615,51.4944511],[-0.2654308,51.4944707],[-0.2637851,51.4946487],[-0.2627382,51.4947601],[-0.2613761,51.4949095],[-0.2609587,51.4949484],[-0.2603152,51.4949986],[-0.260129,51.4950088],[-0.2596768,51.4950235],[-0.2594389,51.4950254],[-0.2591115,51.4950169],[-0.2589741,51.4950147],[-0.2581923,51.4950005],[-0.2570834,51.495005],[-0.2560237,51.4950198],[-0.2556094,51.4950188]]},"properties":{"id":"940GZZLUCWP-940GZZLUTNG-District","source":"940GZZLUCWP","target":"940GZZLUTNG","sourceName":"Chiswick Park","targetName":"Turnham Green","line":"District","colour":"#00782A","color":"#00782A","traffic":0.0742,"off9":1.5,"off12":3.5,"off14":6.0},"id":17},{"type":"Feature","geometry":{"type":"LineString","coordinates":[[-0.0723973055707642,51.51507803221823],[-0.0719595,51.51522],[-0.0716519,51.5153293],[-0.070814,51.5156136],[-0.0707505,51.5156352],[-0.0701644,51.5158358],[-0.0700896,51.5158628],[-0.06989,51.5159345],[-0.0697193,51.5159933],[-0.0675266,51.517011],[-0.0659685,51.5175167],[-0.0655331,51.517658],[-0.0652014,51.5177908],[-0.0649845,51.5178777],[-0.0632863,51.5184048],[-0.0630849,51.5185126],[-0.062816,51.5187776],[-0.0627473,51.5188359],[-0.0626019,51.5189123],[-0.0624676,51.5189824],[-0.0623341,51.5190336],[-0.0621801,51.5190818],[-0.0618008,51.5191771],[-0.0616936,51.5192046],[-0.0613584,51.5192905],[-0.0604684,51.5194958],[-0.0600268,51.5196066],[-0.059988568735378986,51.519613624116865]]},"properties":{"id":"940GZZLUADE-940GZZLUWPL-Hammersmith & City","source":"940GZZLUADE","target":"940GZZLUWPL","sourceName":"Aldgate East","targetName":"Whitechapel","line":"Hammersmith & City","colour":"#F3A9BB","color":"#F3A9BB","traffic":0.0767,"off9":0.0,"off12":0.0,"off14":0.0},"id":18},{"type":"Feature","geometry":{"type":"LineString","coordinates":[[-0.07239730557076417,51.51507803221823],[-0.0719595,51.51522],[-0.0716519,51.5153293],[-0.070814,51.5156136],[-0.0707505,51.5156352],[-0.0701644,51.5158358],[-0.0700896,51.5158628],[-0.06989,51.5159345],[-0.0697193,51.5159933],[-0.0675266,51.517011],[-0.0659685,51.5175167],[-0.0655331,51.517658],[-0.0652014,51.5177908],[-0.0649845,51.5178777],[-0.0632863,51.5184048],[-0.0630849,51.5185126],[-0.062816,51.5187776],[-0.0627473,51.5188359],[-0.0626019,51.5189123],[-0.0624676,51.5189824],[-0.0623341,51.5190336],[-0.0621801,51.5190818],[-0.0618008,51.5191771],[-0.0616936,51.5192046],[-0.0613584,51.5192905],[-0.0604684,51.5194958],[-0.0600268,51.5196066],[-0.059988568735378986,51.519613624116865]]},"properties":{"id":"940GZZLUADE-940GZZLUWPL-District","source":"940GZZLUADE","target":"940GZZLUWPL","sourceName":"Aldgate East","targetName":"Whitechapel","line":"District","colour":"#00782A","color":"#00782A","traffic":0.0767,"off9":1.5,"off12":3.5,"off14":6.0},"id":19},{"type":"Feature","geometry":{"type":"LineString","coordinates":[[-0.07240538683253858,51.515102467797135],[-0.073758,51.5146606],[-0.0740001,51.5146072],[-0.0741593,51.5145808],[-0.0743348,51.5145686],[-0.0744898,51.514561],[-0.0746211,51.5145641],[-0.074776,51.5145679],[-0.0749968,51.514586],[-0.0752159,51.5146177],[-0.0754716,51.5146618],[-0.0756144,51.5146908],[-0.0757674,51.5147281],[-0.0758696,51.5147573],[-0.0759216,51.5147781],[-0.0759712,51.5148001],[-0.0760057,51.5148157],[-0.0760458,51.5148336],[-0.0761377,51.5148784],[-0.0761933,51.5149054],[-0.0762904,51.514957],[-0.0763641,51.5150037],[-0.0764014,51.5150273],[-0.0765666,51.5151357],[-0.0768024,51.5153085],[-0.0770281,51.5154502],[-0.0770638,51.5154726],[-0.0772262,51.5155714],[-0.0772783,51.5156053],[-0.0774086,51.5156899],[-0.0775856,51.5157851],[-0.0777492,51.515856],[-0.0778672,51.5159053],[-0.0781864,51.5160488],[-0.0786166,51.5162418],[-0.0791665,51.5164053],[-0.0807474,51.5169244],[-0.0808641,51.5169498],[-0.081007,51.5169748],[-0.0818196,51.5170871],[-0.0825435,51.5172123],[-0.0830667,51.517297],[-0.08319090854722183,51.51731718722172]]},"properties":{"id":"940GZZLUADE-940GZZLULVT-Hammersmith & City","source":"940GZZLUADE","target":"940GZZLULVT","sourceName":"Aldgate East","targetName":"Liverpool Street","line":"Hammersmith & City","colour":"#F3A9BB","color":"#F3A9BB","traffic":0.1443,"off9":0.0,"off12":0.0,"off14":0.0},"id":20},{"type":"Feature","geometry":{"type":"LineString","coordinates":[[-0.07240538683253857,51.515102467797135],[-0.073758,51.5146606],[-0.0741271,51.5145594],[-0.0743287,51.5144886],[-0.074489,51.5144197],[-0.0746654,51.5143352],[-0.0748155,51.5142402],[-0.0749753,51.5141279],[-0.0750649,51.514041],[-0.0751441,51.5139548],[-0.075202,51.5138789],[-0.0752327,51.5138158],[-0.0752588,51.5137516],[-0.0753146,51.51361],[-0.0753237,51.513586],[-0.0753419,51.5135321],[-0.0753562,51.5134771],[-0.0753714,51.5133651],[-0.0753909,51.5132851],[-0.0754143,51.513197],[-0.0754666,51.5130618],[-0.0755321,51.5128938],[-0.0755645,51.5127722],[-0.075586,51.5126729],[-0.0756034,51.5125193],[-0.0755825,51.5123736],[-0.075413,51.5117314],[-0.0753852,51.5116261],[-0.0753659,51.511398],[-0.0753754,51.5112916],[-0.0754186,51.5111379],[-0.0754881,51.5109702],[-0.0755377,51.5108383],[-0.07556,51.5107997],[-0.0757872,51.5103408],[-0.0758623,51.5102688],[-0.0760139,51.5101343],[-0.0761323,51.5100441],[-0.0762319,51.5099944],[-0.0762519,51.509986],[-0.0763933,51.5099267],[-0.0765111,51.5098931],[-0.07653205129172153,51.509889513592576]]},"properties":{"id":"940GZZLUADE-940GZZLUTWH-District","source":"940GZZLUADE","target":"940GZZLUTWH","sourceName":"Aldgate East","targetName":"Tower Hill","line":"District","colour":"#00782A","color":"#00782A","traffic":0.3652,"off9":1.5,"off12":3.5,"off14":6.0},"id":21},{"type":"Feature","geometry":{"type":"LineString","coordinates":[[-0.059988568735378986,51.519613624116865],[-0.0597982,51.5196486],[-0.0596786,51.5196639],[-0.0595785,51.5196714],[-0.0593666,51.5196898],[-0.0592221,51.5196976],[-0.0590935,51.5196967],[-0.0589072,51.5196923],[-0.0586674,51.5196764],[-0.058463,51.5196499],[-0.0581897,51.5196217],[-0.0578613,51.5196307],[-0.0566188,51.5198606],[-0.0546678,51.5202077],[-0.0541902,51.5202926],[-0.0514288,51.5207839],[-0.0502083,51.5210235],[-0.0467219,51.5216851],[-0.046565803524206945,51.52171901392623]]},"properties":{"id":"940GZZLUWPL-940GZZLUSGN-Hammersmith & City","source":"940GZZLUWPL","target":"940GZZLUSGN","sourceName":"Whitechapel","targetName":"Stepney Green","line":"Hammersmith & City","colour":"#F3A9BB","color":"#F3A9BB","traffic":0.0751,"off9":0.0,"off12":0.0,"off14":0.0},"id":22},{"type":"Feature","geometry":{"type":"LineString","coordinates":[[-0.059988568735378986,51.519613624116865],[-0.0597982,51.5196486],[-0.0596786,51.5196639],[-0.0595785,51.5196714],[-0.0593666,51.5196898],[-0.0592221,51.5196976],[-0.0590935,51.5196967],[-0.0589072,51.5196923],[-0.0586674,51.5196764],[-0.058463,51.5196499],[-0.0581897,51.5196217],[-0.0578613,51.5196307],[-0.0566188,51.5198606],[-0.0546678,51.5202077],[-0.0541902,51.5202926],[-0.0514288,51.5207839],[-0.0502083,51.5210235],[-0.0467219,51.5216851],[-0.04656580352420692,51.52171901392623]]},"properties":{"id":"940GZZLUWPL-940GZZLUSGN-District","source":"940GZZLUWPL","target":"940GZZLUSGN","sourceName":"Whitechapel","targetName":"Stepney Green","line":"District","colour":"#00782A","color":"#00782A","traffic":0.0751,"off9":1.5,"off12":3.5,"off14":6.0},"id":23},{"type":"Feature","geometry":{"type":"LineString","coordinates":[[-0.059988568735378986,51.519613624116865],[-0.0600268,51.5196066],[-0.0604684,51.5194958],[-0.0613584,51.5192905],[-0.0616936,51.5192046],[-0.0618008,51.5191771],[-0.0621801,51.5190818],[-0.0623341,51.5190336],[-0.0624676,51.5189824],[-0.0626019,51.5189123],[-0.0627473,51.5188359],[-0.062816,51.5187776],[-0.0630849,51.5185126],[-0.0632863,51.5184048],[-0.0649845,51.5178777],[-0.0652014,51.5177908],[-0.0655331,51.517658],[-0.0659685,51.5175167],[-0.0675266,51.517011],[-0.0697193,51.5159933],[-0.06989,51.5159345],[-0.0700896,51.5158628],[-0.0701644,51.5158358],[-0.0707505,51.5156352],[-0.070814,51.5156136],[-0.0716519,51.5153293],[-0.0719595,51.51522],[-0.0723973055707642,51.51507803221823]]},"properties":{"id":"940GZZLUWPL-940GZZLUADE-Hammersmith & City","source":"940GZZLUWPL","target":"940GZZLUADE","sourceName":"Whitechapel","targetName":"Aldgate East","line":"Hammersmith & City","colour":"#F3A9BB","color":"#F3A9BB","traffic":0.3632,"off9":0.0,"off12":0.0,"off14":0.0},"id":24},{"type":"Feature","geometry":{"type":"LineString","coordinates":[[-0.059988568735378986,51.519613624116865],[-0.0600268,51.5196066],[-0.0604684,51.5194958],[-0.0613584,51.5192905],[-0.0616936,51.5192046],[-0.0618008,51.5191771],[-0.0621801,51.5190818],[-0.0623341,51.5190336],[-0.0624676,51.5189824],[-0.0626019,51.5189123],[-0.0627473,51.5188359],[-0.062816,51.5187776],[-0.0630849,51.5185126],[-0.0632863,51.5184048],[-0.0649845,51.5178777],[-0.0652014,51.5177908],[-0.0655331,51.517658],[-0.0659685,51.5175167],[-0.0675266,51.517011],[-0.0697193,51.5159933],[-0.06989,51.5159345],[-0.0700896,51.5158628],[-0.0701644,51.5158358],[-0.0707505,51.5156352],[-0.070814,51.5156136],[-0.0716519,51.5153293],[-0.0719595,51.51522],[-0.07239730557076417,51.51507803221823]]},"properties":{"id":"940GZZLUWPL-940GZZLUADE-District","source":"940GZZLUWPL","target":"940GZZLUADE","sourceName":"Whitechapel","targetName":"Aldgate East","line":"District","colour":"#00782A","color":"#00782A","traffic":0.3632,"off9":1.5,"off12":3.5,"off14":6.0},"id":25},{"type":"Feature","geometry":{"type":"LineString","coordinates":[[-0.08319090854722183,51.51731718722172],[-0.0833928,51.51735],[-0.0838724,51.5174272],[-0.0840764,51.5174568],[-0.0843726,51.5175043],[-0.08831460572252735,51.51821690390722]]},"properties":{"id":"940GZZLULVT-940GZZLUMGT-Circle","source":"940GZZLULVT","target":"940GZZLUMGT","sourceName":"Liverpool Street","targetName":"Moorgate","line":"Circle","colour":"#FFD300","color":"#FFD300","traffic":0.2557,"off9":3.0,"off12":7.0,"off14":12.0},"id":26},{"type":"Feature","geometry":{"type":"LineString","coordinates":[[-0.08319090854722183,51.51731718722172],[-0.0833928,51.51735],[-0.0838724,51.5174272],[-0.0840764,51.5174568],[-0.0843726,51.5175043],[-0.08831460572252735,51.51821690390722]]},"properties":{"id":"940GZZLULVT-940GZZLUMGT-Hammersmith & City","source":"940GZZLULVT","target":"940GZZLUMGT","sourceName":"Liverpool Street","targetName":"Moorgate","line":"Hammersmith & City","colour":"#F3A9BB","color":"#F3A9BB","traffic":0.2557,"off9":0.0,"off12":0.0,"off14":0.0},"id":27},{"type":"Feature","geometry":{"type":"LineString","coordinates":[[-0.08319090854722183,51.51731718722172],[-0.0833928,51.51735],[-0.0838724,51.5174272],[-0.0840764,51.5174568],[-0.0843726,51.5175043],[-0.08831460572252735,51.51821690390722]]},"properties":{"id":"940GZZLULVT-940GZZLUMGT-Metropolitan","source":"940GZZLULVT","target":"940GZZLUMGT","sourceName":"Liverpool Street","targetName":"Moorgate","line":"Metropolitan","colour":"#9B0056","color":"#9B0056","traffic":0.2557,"off9":-3.0,"off12":-7.0,"off14":-12.0},"id":28},{"type":"Feature","geometry":{"type":"LineString","coordinates":[[-0.08319090854722183,51.51731718722172],[-0.0830667,51.517297],[-0.0825435,51.5172123],[-0.0818196,51.5170871],[-0.081007,51.5169748],[-0.0808641,51.5169498],[-0.0807474,51.5169244],[-0.0791665,51.5164053],[-0.0786166,51.5162418],[-0.0781864,51.5160488],[-0.0778672,51.5159053],[-0.0777492,51.515856],[-0.0775856,51.5157851],[-0.0774086,51.5156899],[-0.0772783,51.5156053],[-0.0772262,51.5155714],[-0.0770638,51.5154726],[-0.0770281,51.5154502],[-0.0768024,51.5153085],[-0.0765666,51.5151357],[-0.0764014,51.5150273],[-0.0763641,51.5150037],[-0.0762208,51.514896],[-0.0761097,51.5148078],[-0.0760067,51.5147026],[-0.0759196,51.5146141],[-0.0758486,51.5145448],[-0.0757862,51.5144805],[-0.0757465,51.5144404],[-0.07562032591346515,51.51431521875873]]},"properties":{"id":"940GZZLULVT-940GZZLUALD-Circle","source":"940GZZLULVT","target":"940GZZLUALD","sourceName":"Liverpool Street","targetName":"Aldgate","line":"Circle","colour":"#FFD300","color":"#FFD300","traffic":0.0861,"off9":3.0,"off12":7.0,"off14":12.0},"id":29},{"type":"Feature","geometry":{"type":"LineString","coordinates":[[-0.08319549779764114,51.51728940572597],[-0.0830792,51.5172704],[-0.0825554,51.5171842],[-0.0818321,51.5170561],[-0.0810248,51.5169333],[-0.0809028,51.5169122],[-0.0807829,51.5168821],[-0.0791878,51.516384],[-0.0786351,51.5162142],[-0.0782079,51.5160263],[-0.0778914,51.5158802],[-0.0777827,51.5158277],[-0.0776111,51.5157542],[-0.0774461,51.5156616],[-0.077315,51.5155846],[-0.0770906,51.5154529],[-0.0770562,51.5154318],[-0.0768252,51.5152902],[-0.0767489,51.5152286],[-0.0767088,51.5151934],[-0.076614,51.5151238],[-0.0764658,51.5150043],[-0.0763236,51.5148783],[-0.0761455,51.5146942],[-0.076104,51.5146533],[-0.0759809,51.5145161],[-0.0759106,51.5144354],[-0.0758744,51.5143948],[-0.0757317,51.5142427],[-0.07571435066680109,51.51422331337324]]},"properties":{"id":"940GZZLULVT-940GZZLUALD-Metropolitan","source":"940GZZLULVT","target":"940GZZLUALD","sourceName":"Liverpool Street","targetName":"Aldgate","line":"Metropolitan","colour":"#9B0056","color":"#9B0056","traffic":0.0861,"off9":-3.0,"off12":-7.0,"off14":-12.0},"id":30},{"type":"Feature","geometry":{"type":"LineString","coordinates":[[-0.08319090854722183,51.51731718722172],[-0.0830667,51.517297],[-0.0825435,51.5172123],[-0.0818196,51.5170871],[-0.081007,51.5169748],[-0.0808641,51.5169498],[-0.0807474,51.5169244],[-0.0791665,51.5164053],[-0.0786166,51.5162418],[-0.0781864,51.5160488],[-0.0778672,51.5159053],[-0.0777492,51.515856],[-0.0775856,51.5157851],[-0.0774086,51.5156899],[-0.0772783,51.5156053],[-0.0772262,51.5155714],[-0.0770638,51.5154726],[-0.0770281,51.5154502],[-0.0768024,51.5153085],[-0.0765666,51.5151357],[-0.0764014,51.5150273],[-0.0763641,51.5150037],[-0.0762904,51.514957],[-0.0761933,51.5149054],[-0.0761377,51.5148784],[-0.0760458,51.5148336],[-0.0760057,51.5148157],[-0.0759712,51.5148001],[-0.0759216,51.5147781],[-0.0758696,51.5147573],[-0.0757674,51.5147281],[-0.0756144,51.5146908],[-0.0754716,51.5146618],[-0.0752159,51.5146177],[-0.0749968,51.514586],[-0.074776,51.5145679],[-0.0746211,51.5145641],[-0.0744898,51.514561],[-0.0743348,51.5145686],[-0.0741593,51.5145808],[-0.0740001,51.5146072],[-0.073758,51.5146606],[-0.07240538683253858,51.515102467797135]]},"properties":{"id":"940GZZLULVT-940GZZLUADE-Hammersmith & City","source":"940GZZLULVT","target":"940GZZLUADE","sourceName":"Liverpool Street","targetName":"Aldgate East","line":"Hammersmith & City","colour":"#F3A9BB","color":"#F3A9BB","traffic":0.0631,"off9":0.0,"off12":0.0,"off14":0.0},"id":31},{"type":"Feature","geometry":{"type":"LineString","coordinates":[[-0.08310370971510189,51.51734002922501],[-0.0832941,51.5168738],[-0.0834633,51.516435],[-0.0836017,51.5161886],[-0.0837307,51.5160175],[-0.084196,51.5155241],[-0.0842207,51.515498],[-0.0843832,51.5153256],[-0.0845113,51.5152061],[-0.0846916,51.5150701],[-0.0849062,51.5149509],[-0.085035,51.5148918],[-0.085212,51.5148296],[-0.0853321,51.514784],[-0.0854051,51.5147367],[-0.0855258,51.5146588],[-0.0861349,51.5141267],[-0.0862829,51.5140494],[-0.0865068,51.5139843],[-0.0878184,51.5137319],[-0.0879402,51.5137033],[-0.0880791,51.5136664],[-0.0881609,51.5136396],[-0.0881984,51.5136258],[-0.0882366,51.5136093],[-0.0882661,51.5135952],[-0.088318,51.5135657],[-0.0884658,51.5134608],[-0.0884947,51.5134419],[-0.0885313,51.5134185],[-0.0885592,51.5134014],[-0.0885902,51.5133849],[-0.0886311,51.513364],[-0.0886727,51.5133442],[-0.088704,51.5133301],[-0.0887092714088269,51.513328034912]]},"properties":{"id":"940GZZLULVT-940GZZLUBNK-Central","source":"940GZZLULVT","target":"940GZZLUBNK","sourceName":"Liverpool Street","targetName":"Bank","line":"Central","colour":"#E32017","color":"#E32017","traffic":0.9132,"off9":0.0,"off12":0.0,"off14":0.0},"id":32},{"type":"Feature","geometry":{"type":"LineString","coordinates":[[-0.08310370971510189,51.51734002922501],[-0.0830802,51.5173976],[-0.0830069,51.5175218],[-0.082919,51.5176371],[-0.0827158,51.517837],[-0.0825668,51.5179588],[-0.0824665,51.5180439],[-0.0821607,51.5183579],[-0.0820041,51.5185186],[-0.0818681,51.5186419],[-0.0817144,51.5187664],[-0.0775474,51.5217938],[-0.0767972,51.5222982],[-0.0760624,51.5227635],[-0.0754595,51.5230903],[-0.0718451,51.5247345],[-0.0708626,51.5251909],[-0.0703855,51.5253831],[-0.0698155,51.5255843],[-0.0690157,51.5257682],[-0.0679268,51.5259648],[-0.0679138,51.5259672],[-0.0664179,51.526209],[-0.0580886,51.5271332],[-0.0576133,51.5271785],[-0.0568366,51.5272338],[-0.05550713222433556,51.52718865632829]]},"properties":{"id":"940GZZLULVT-940GZZLUBLG-Central","source":"940GZZLULVT","target":"940GZZLUBLG","sourceName":"Liverpool Street","targetName":"Bethnal Green","line":"Central","colour":"#E32017","color":"#E32017","traffic":0.2018,"off9":0.0,"off12":0.0,"off14":0.0},"id":33},{"type":"Feature","geometry":{"type":"LineString","coordinates":[[-0.07653205129172151,51.509889513592576],[-0.0766367,51.5098716],[-0.0777298,51.5098131],[-0.0777502,51.509812],[-0.077918,51.509777],[-0.0781999,51.5096699],[-0.0783151,51.5096142],[-0.0784592,51.5095854],[-0.078665,51.5095869],[-0.0791932,51.5096432],[-0.0795248,51.5096498],[-0.0796337,51.5096551],[-0.0801806,51.5096715],[-0.0803225,51.5096847],[-0.0804316,51.5096966],[-0.0805389,51.5097167],[-0.0806353,51.5097324],[-0.0807412,51.5097524],[-0.0809196,51.5097917],[-0.0810993,51.5098384],[-0.0812428,51.509886],[-0.0813688,51.5099327],[-0.0814761,51.5099836],[-0.081623,51.5100502],[-0.0826885,51.5104458],[-0.0831535,51.5105579],[-0.0836248,51.5106159],[-0.0838356,51.5106302],[-0.0840808,51.5106334],[-0.0843205,51.5106401],[-0.0851485,51.5106405],[-0.0852284,51.5106399],[-0.0853138,51.5106416],[-0.0853839,51.5106436],[-0.0854414,51.5106468],[-0.0855121,51.5106511],[-0.0856488,51.5106638],[-0.0857716,51.510677],[-0.0858255,51.5106848],[-0.0859489,51.5107014],[-0.08596812106732789,51.510704869415314]]},"properties":{"id":"940GZZLUTWH-940GZZLUMMT-Circle","source":"940GZZLUTWH","target":"940GZZLUMMT","sourceName":"Tower Hill","targetName":"Monument","line":"Circle","colour":"#FFD300","color":"#FFD300","traffic":0.4107,"off9":3.0,"off12":7.0,"off14":12.0},"id":34},{"type":"Feature","geometry":{"type":"LineString","coordinates":[[-0.07653205129172153,51.509889513592576],[-0.0766367,51.5098716],[-0.0777298,51.5098131],[-0.0777502,51.509812],[-0.077918,51.509777],[-0.0781999,51.5096699],[-0.0783151,51.5096142],[-0.0784592,51.5095854],[-0.078665,51.5095869],[-0.0791932,51.5096432],[-0.0795248,51.5096498],[-0.0796337,51.5096551],[-0.0801806,51.5096715],[-0.0803225,51.5096847],[-0.0804316,51.5096966],[-0.0805389,51.5097167],[-0.0806353,51.5097324],[-0.0807412,51.5097524],[-0.0809196,51.5097917],[-0.0810993,51.5098384],[-0.0812428,51.509886],[-0.0813688,51.5099327],[-0.0814761,51.5099836],[-0.081623,51.5100502],[-0.0826885,51.5104458],[-0.0831535,51.5105579],[-0.0836248,51.5106159],[-0.0838356,51.5106302],[-0.0840808,51.5106334],[-0.0843205,51.5106401],[-0.0851485,51.5106405],[-0.0852284,51.5106399],[-0.0853138,51.5106416],[-0.0853839,51.5106436],[-0.0854414,51.5106468],[-0.0855121,51.5106511],[-0.0856488,51.5106638],[-0.0857716,51.510677],[-0.0858255,51.5106848],[-0.0859489,51.5107014],[-0.08596812106732787,51.510704869415314]]},"properties":{"id":"940GZZLUTWH-940GZZLUMMT-District","source":"940GZZLUTWH","target":"940GZZLUMMT","sourceName":"Tower Hill","targetName":"Monument","line":"District","colour":"#00782A","color":"#00782A","traffic":0.4107,"off9":1.5,"off12":3.5,"off14":6.0},"id":35},{"type":"Feature","geometry":{"type":"LineString","coordinates":[[-0.07653205129172151,51.509889513592576],[-0.0765111,51.5098931],[-0.0763933,51.5099267],[-0.0762519,51.509986],[-0.0762319,51.5099944],[-0.0761323,51.5100441],[-0.0760139,51.5101343],[-0.0758623,51.5102688],[-0.0757872,51.5103408],[-0.07556,51.5107997],[-0.0755377,51.5108383],[-0.0754881,51.5109702],[-0.0754186,51.5111379],[-0.0753754,51.5112916],[-0.0753659,51.511398],[-0.0753852,51.5116261],[-0.075413,51.5117314],[-0.0755825,51.5123736],[-0.0756034,51.5125193],[-0.075586,51.5126729],[-0.0755645,51.5127722],[-0.0755321,51.5128938],[-0.0754666,51.5130618],[-0.0754143,51.513197],[-0.0753909,51.5132851],[-0.0753714,51.5133651],[-0.0753729,51.5134916],[-0.0753919,51.5135751],[-0.0754022,51.5136076],[-0.0754068,51.5136273],[-0.0754174,51.513675],[-0.0754407,51.5137275],[-0.0754591,51.5137578],[-0.075489,51.513807],[-0.0755528,51.5139],[-0.0756325,51.5139997],[-0.0757156,51.5140964],[-0.07577768637649972,51.51416177533883]]},"properties":{"id":"940GZZLUTWH-940GZZLUALD-Circle","source":"940GZZLUTWH","target":"940GZZLUALD","sourceName":"Tower Hill","targetName":"Aldgate","line":"Circle","colour":"#FFD300","color":"#FFD300","traffic":0.0597,"off9":3.0,"off12":7.0,"off14":12.0},"id":36},{"type":"Feature","geometry":{"type":"LineString","coordinates":[[-0.07653205129172153,51.509889513592576],[-0.0765111,51.5098931],[-0.0763933,51.5099267],[-0.0762519,51.509986],[-0.0762319,51.5099944],[-0.0761323,51.5100441],[-0.0760139,51.5101343],[-0.0758623,51.5102688],[-0.0757872,51.5103408],[-0.07556,51.5107997],[-0.0755377,51.5108383],[-0.0754881,51.5109702],[-0.0754186,51.5111379],[-0.0753754,51.5112916],[-0.0753659,51.511398],[-0.0753852,51.5116261],[-0.075413,51.5117314],[-0.0755825,51.5123736],[-0.0756034,51.5125193],[-0.075586,51.5126729],[-0.0755645,51.5127722],[-0.0755321,51.5128938],[-0.0754666,51.5130618],[-0.0754143,51.513197],[-0.0753909,51.5132851],[-0.0753714,51.5133651],[-0.0753562,51.5134771],[-0.0753419,51.5135321],[-0.0753237,51.513586],[-0.0753146,51.51361],[-0.0752588,51.5137516],[-0.0752327,51.5138158],[-0.075202,51.5138789],[-0.0751441,51.5139548],[-0.0750649,51.514041],[-0.0749753,51.5141279],[-0.0748155,51.5142402],[-0.0746654,51.5143352],[-0.074489,51.5144197],[-0.0743287,51.5144886],[-0.0741271,51.5145594],[-0.073758,51.5146606],[-0.07240538683253857,51.515102467797135]]},"properties":{"id":"940GZZLUTWH-940GZZLUADE-District","source":"940GZZLUTWH","target":"940GZZLUADE","sourceName":"Tower Hill","targetName":"Aldgate East","line":"District","colour":"#00782A","color":"#00782A","traffic":0.121,"off9":1.5,"off12":3.5,"off14":6.0},"id":37},{"type":"Feature","geometry":{"type":"LineString","coordinates":[[-0.07562032591346515,51.51431521875873],[-0.0757465,51.5144404],[-0.0757862,51.5144805],[-0.0758486,51.5145448],[-0.0759196,51.5146141],[-0.0760067,51.5147026],[-0.0761097,51.5148078],[-0.0762208,51.514896],[-0.0763641,51.5150037],[-0.0764014,51.5150273],[-0.0765666,51.5151357],[-0.0768024,51.5153085],[-0.0770281,51.5154502],[-0.0770638,51.5154726],[-0.0772262,51.5155714],[-0.0772783,51.5156053],[-0.0774086,51.5156899],[-0.0775856,51.5157851],[-0.0777492,51.515856],[-0.0778672,51.5159053],[-0.0781864,51.5160488],[-0.0786166,51.5162418],[-0.0791665,51.5164053],[-0.0807474,51.5169244],[-0.0808641,51.5169498],[-0.081007,51.5169748],[-0.0818196,51.5170871],[-0.0825435,51.5172123],[-0.0830667,51.517297],[-0.08319090854722183,51.51731718722172]]},"properties":{"id":"940GZZLUALD-940GZZLULVT-Circle","source":"940GZZLUALD","target":"940GZZLULVT","sourceName":"Aldgate","targetName":"Liverpool Street","line":"Circle","colour":"#FFD300","color":"#FFD300","traffic":0.0581,"off9":3.0,"off12":7.0,"off14":12.0},"id":38},{"type":"Feature","geometry":{"type":"LineString","coordinates":[[-0.07571435066680109,51.51422331337324],[-0.0757317,51.5142427],[-0.0758744,51.5143948],[-0.0759106,51.5144354],[-0.0759809,51.5145161],[-0.076104,51.5146533],[-0.0761455,51.5146942],[-0.0763236,51.5148783],[-0.0764658,51.5150043],[-0.076614,51.5151238],[-0.0767088,51.5151934],[-0.0767489,51.5152286],[-0.0768252,51.5152902],[-0.0770562,51.5154318],[-0.0770906,51.5154529],[-0.077315,51.5155846],[-0.0774461,51.5156616],[-0.0776111,51.5157542],[-0.0777827,51.5158277],[-0.0778914,51.5158802],[-0.0782079,51.5160263],[-0.0786351,51.5162142],[-0.0791878,51.516384],[-0.0807829,51.5168821],[-0.0809028,51.5169122],[-0.0810248,51.5169333],[-0.0818321,51.5170561],[-0.0825554,51.5171842],[-0.0830792,51.5172704],[-0.08319549779764114,51.51728940572597]]},"properties":{"id":"940GZZLUALD-940GZZLULVT-Metropolitan","source":"940GZZLUALD","target":"940GZZLULVT","sourceName":"Aldgate","targetName":"Liverpool Street","line":"Metropolitan","colour":"#9B0056","color":"#9B0056","traffic":0.0581,"off9":-3.0,"off12":-7.0,"off14":-12.0},"id":39},{"type":"Feature","geometry":{"type":"LineString","coordinates":[[-0.07577768637649972,51.51416177533883],[-0.0757156,51.5140964],[-0.0756325,51.5139997],[-0.0755528,51.5139],[-0.075489,51.513807],[-0.0754591,51.5137578],[-0.0754407,51.5137275],[-0.0754174,51.513675],[-0.0754068,51.5136273],[-0.0754022,51.5136076],[-0.0753919,51.5135751],[-0.0753729,51.5134916],[-0.0753714,51.5133651],[-0.0753909,51.5132851],[-0.0754143,51.513197],[-0.0754666,51.5130618],[-0.0755321,51.5128938],[-0.0755645,51.5127722],[-0.075586,51.5126729],[-0.0756034,51.5125193],[-0.0755825,51.5123736],[-0.075413,51.5117314],[-0.0753852,51.5116261],[-0.0753659,51.511398],[-0.0753754,51.5112916],[-0.0754186,51.5111379],[-0.0754881,51.5109702],[-0.0755377,51.5108383],[-0.07556,51.5107997],[-0.0757872,51.5103408],[-0.0758623,51.5102688],[-0.0760139,51.5101343],[-0.0761323,51.5100441],[-0.0762319,51.5099944],[-0.0762519,51.509986],[-0.0763933,51.5099267],[-0.0765111,51.5098931],[-0.07653205129172151,51.509889513592576]]},"properties":{"id":"940GZZLUALD-940GZZLUTWH-Circle","source":"940GZZLUALD","target":"940GZZLUTWH","sourceName":"Aldgate","targetName":"Tower Hill","line":"Circle","colour":"#FFD300","color":"#FFD300","traffic":0.0703,"off9":3.0,"off12":7.0,"off14":12.0},"id":40},{"type":"Feature","geometry":{"type":"LineString","coordinates":[[-0.2996060886581611,51.5406376499691],[-0.300862,51.5410989],[-0.30154,51.5413315],[-0.3020499,51.5415233],[-0.3022223,51.5415891],[-0.3024017,51.5416587],[-0.3027665,51.5418285],[-0.3029227,51.5419125],[-0.3034155,51.5422084],[-0.3035909,51.5423469],[-0.303861,51.5425869],[-0.3040152,51.5427317],[-0.3041976,51.5429279],[-0.3043729,51.5431485],[-0.3045886,51.5434895],[-0.3048527,51.543954],[-0.3049494,51.5441376],[-0.3050028,51.5442504],[-0.3052437,51.5446321],[-0.3054301,51.5449091],[-0.3057456,51.5453134],[-0.3058967,51.5454839],[-0.3062495,51.5458568],[-0.3065911,51.5461789],[-0.3068501,51.546392],[-0.3069754,51.5464876],[-0.3070363,51.5465341],[-0.3071615,51.5466296],[-0.3074145,51.5468119],[-0.30774,51.5470219],[-0.3080857,51.5472243],[-0.3087549,51.5475878],[-0.3092316,51.547816],[-0.3100318,51.5481782],[-0.3107483,51.548511],[-0.3115153,51.5488663],[-0.3120998,51.5491377],[-0.3128809,51.5494999],[-0.313666,51.5498615],[-0.3143593,51.5501849],[-0.3147917,51.5503873],[-0.315006,51.5504849],[-0.31574263496316113,51.55082019591427]]},"properties":{"id":"940GZZLUALP-940GZZLUSUT-Piccadilly","source":"940GZZLUALP","target":"940GZZLUSUT","sourceName":"Alperton","targetName":"Sudbury Town","line":"Piccadilly","colour":"#003688","color":"#003688","traffic":0.0252,"off9":-1.5,"off12":-3.5,"off14":-6.0},"id":41},{"type":"Feature","geometry":{"type":"LineString","coordinates":[[-0.2996166456306605,51.54060897913755],[-0.29947,51.5405549],[-0.2993653,51.5405143],[-0.2990232,51.5403884],[-0.2985924,51.5402064],[-0.29797,51.5399436],[-0.2976682,51.5397784],[-0.2973368,51.539559],[-0.2971135,51.5393836],[-0.2968643,51.5391651],[-0.2965644,51.5388371],[-0.2963721,51.5386205],[-0.2961136,51.5383109],[-0.295837,51.5379917],[-0.2956715,51.5378011],[-0.29553,51.5376424],[-0.29533,51.5373979],[-0.2950944,51.5371306],[-0.2948191,51.5368147],[-0.2945369,51.536495],[-0.294232,51.536139],[-0.2939557,51.5358225],[-0.2937557,51.5355878],[-0.2935231,51.5353285],[-0.293328,51.5351056],[-0.2931735,51.5349301],[-0.2928795,51.5345784],[-0.292624,51.534292],[-0.2923854,51.5340179],[-0.2921395,51.5337632],[-0.29178,51.5333962],[-0.2914349,51.533067],[-0.2911102,51.5327628],[-0.2909083,51.5325909],[-0.2906473,51.5323938],[-0.290202,51.5320488],[-0.2895593,51.5315563],[-0.2893934,51.5314401],[-0.2892087,51.5313119],[-0.2888154,51.5310388],[-0.2882913,51.530679],[-0.2878269,51.5303993],[-0.2875536,51.5302435],[-0.2871754,51.5300181],[-0.2868803,51.5298277],[-0.2866071,51.5296454],[-0.2862229,51.5293528],[-0.2857793,51.5289771],[-0.2854219,51.5286395],[-0.2851861,51.5284095],[-0.2849207,51.5281003],[-0.284689,51.5277812],[-0.284493,51.5274831],[-0.2842900146093894,51.52715449457913]]},"properties":{"id":"940GZZLUALP-940GZZLUPKR-Piccadilly","source":"940GZZLUALP","target":"940GZZLUPKR","sourceName":"Alperton","targetName":"Park Royal","line":"Piccadilly","colour":"#003688","color":"#003688","traffic":0.1279,"off9":-1.5,"off12":-3.5,"off14":-6.0},"id":42},{"type":"Feature","geometry":{"type":"LineString","coordinates":[[-0.31574263496316113,51.55082019591427],[-0.315006,51.5504849],[-0.3147917,51.5503873],[-0.3143593,51.5501849],[-0.313666,51.5498615],[-0.3128809,51.5494999],[-0.3120998,51.5491377],[-0.3115153,51.5488663],[-0.3107483,51.548511],[-0.3100318,51.5481782],[-0.3092316,51.547816],[-0.3087549,51.5475878],[-0.3080857,51.5472243],[-0.30774,51.5470219],[-0.3074145,51.5468119],[-0.3071615,51.5466296],[-0.3070363,51.5465341],[-0.3069754,51.5464876],[-0.3068501,51.546392],[-0.3065911,51.5461789],[-0.3062495,51.5458568],[-0.3058967,51.5454839],[-0.3057456,51.5453134],[-0.3054301,51.5449091],[-0.3052437,51.5446321],[-0.3050028,51.5442504],[-0.3049494,51.5441376],[-0.3048527,51.543954],[-0.3045886,51.5434895],[-0.3043729,51.5431485],[-0.3041976,51.5429279],[-0.3040152,51.5427317],[-0.303861,51.5425869],[-0.3035909,51.5423469],[-0.3034155,51.5422084],[-0.3029227,51.5419125],[-0.3027665,51.5418285],[-0.3024017,51.5416587],[-0.3022223,51.5415891],[-0.3020499,51.5415233],[-0.30154,51.5413315],[-0.300862,51.5410989],[-0.2996060886581611,51.5406376499691]]},"properties":{"id":"940GZZLUSUT-940GZZLUALP-Piccadilly","source":"940GZZLUSUT","target":"940GZZLUALP","sourceName":"Sudbury Town","targetName":"Alperton","line":"Piccadilly","colour":"#003688","color":"#003688","traffic":0.1093,"off9":-1.5,"off12":-3.5,"off14":-6.0},"id":43},{"type":"Feature","geometry":{"type":"LineString","coordinates":[[-0.31574263496316113,51.55082019591427],[-0.3158035,51.5508479],[-0.3165624,51.5511769],[-0.3175249,51.5515673],[-0.3181537,51.5518067],[-0.3189348,51.5521025],[-0.3197168,51.5524027],[-0.3204969,51.5526959],[-0.3214795,51.5530638],[-0.3219068,51.5532286],[-0.3228683,51.5535858],[-0.3238141,51.5539321],[-0.3244064,51.5541509],[-0.3250158,51.554365],[-0.3256884,51.5546195],[-0.3263113,51.5548663],[-0.3267869,51.5550499],[-0.3272398,51.555221],[-0.3278032,51.5554118],[-0.3283092,51.5555437],[-0.3287568,51.5556361],[-0.3292548,51.5557188],[-0.3297955,51.5557919],[-0.3304376,51.55586],[-0.3312578,51.5559237],[-0.3317652,51.5559805],[-0.3322571,51.5560591],[-0.3342179,51.5564603],[-0.3358065,51.5568006],[-0.3358788,51.5568161],[-0.3359937,51.5568408],[-0.336437190534535,51.55693577072891]]},"properties":{"id":"940GZZLUSUT-940GZZLUSUH-Piccadilly","source":"940GZZLUSUT","target":"940GZZLUSUH","sourceName":"Sudbury Town","targetName":"Sudbury Hill","line":"Piccadilly","colour":"#003688","color":"#003688","traffic":0.0258,"off9":-1.5,"off12":-3.5,"off14":-6.0},"id":44},{"type":"Feature","geometry":{"type":"LineString","coordinates":[[-0.2842900146093894,51.52715449457913],[-0.2842873,51.5271501],[-0.2841593,51.5269401],[-0.2840925,51.5267988],[-0.2840343,51.526657],[-0.283982,51.526521],[-0.2839315,51.5263688],[-0.2838825,51.5262163],[-0.2838341,51.5260392],[-0.2837925,51.5258646],[-0.283763,51.5256828],[-0.2836738,51.525067],[-0.28363,51.5246209],[-0.2836207,51.524278],[-0.2836147,51.5240223],[-0.2836128,51.5238591],[-0.2836088,51.5237605],[-0.2836187,51.5235412],[-0.2836217,51.5234124],[-0.2836385,51.5231586],[-0.2836613,51.5228759],[-0.283693,51.5226208],[-0.2837405,51.5223929],[-0.2838167,51.5221421],[-0.2838662,51.5219986],[-0.2838949,51.5219062],[-0.2840227,51.521637],[-0.2841504,51.521385],[-0.284287,51.5211614],[-0.2844751,51.520902],[-0.2846247,51.5207036],[-0.2848563,51.5204405],[-0.2850682,51.5202305],[-0.2853633,51.5199674],[-0.2855118,51.5198454],[-0.2857682,51.5196476],[-0.2862059,51.5193618],[-0.2867841,51.519002],[-0.2870881,51.5188171],[-0.2874217,51.5186193],[-0.2876871,51.5184388],[-0.287838,51.5183378],[-0.2881202,51.5181292],[-0.288324,51.5179622],[-0.2885397,51.5177641],[-0.2887775,51.5175161],[-0.28882337570511785,51.51746496520546]]},"properties":{"id":"940GZZLUPKR-940GZZLUNEN-Piccadilly","source":"940GZZLUPKR","target":"940GZZLUNEN","sourceName":"Park Royal","targetName":"North Ealing","line":"Piccadilly","colour":"#003688","color":"#003688","traffic":0.1259,"off9":-1.5,"off12":-3.5,"off14":-6.0},"id":45},{"type":"Feature","geometry":{"type":"LineString","coordinates":[[-0.2842900146093894,51.52715449457913],[-0.284493,51.5274831],[-0.284689,51.5277812],[-0.2849207,51.5281003],[-0.2851861,51.5284095],[-0.2854219,51.5286395],[-0.2857793,51.5289771],[-0.2862229,51.5293528],[-0.2866071,51.5296454],[-0.2868803,51.5298277],[-0.2871754,51.5300181],[-0.2875536,51.5302435],[-0.2878269,51.5303993],[-0.2882913,51.530679],[-0.2888154,51.5310388],[-0.2892087,51.5313119],[-0.2893934,51.5314401],[-0.2895593,51.5315563],[-0.290202,51.5320488],[-0.2906473,51.5323938],[-0.2909083,51.5325909],[-0.2911102,51.5327628],[-0.2914349,51.533067],[-0.29178,51.5333962],[-0.2921395,51.5337632],[-0.2923854,51.5340179],[-0.292624,51.534292],[-0.2928795,51.5345784],[-0.2931735,51.5349301],[-0.293328,51.5351056],[-0.2935231,51.5353285],[-0.2937557,51.5355878],[-0.2939557,51.5358225],[-0.294232,51.536139],[-0.2945369,51.536495],[-0.2948191,51.5368147],[-0.2950944,51.5371306],[-0.29533,51.5373979],[-0.29553,51.5376424],[-0.2956715,51.5378011],[-0.295837,51.5379917],[-0.2961136,51.5383109],[-0.2963721,51.5386205],[-0.2965644,51.5388371],[-0.2968643,51.5391651],[-0.2971135,51.5393836],[-0.2973368,51.539559],[-0.2976682,51.5397784],[-0.29797,51.5399436],[-0.2985924,51.5402064],[-0.2990232,51.5403884],[-0.2993653,51.5405143],[-0.29947,51.5405549],[-0.2996166456306605,51.54060897913755]]},"properties":{"id":"940GZZLUPKR-940GZZLUALP-Piccadilly","source":"940GZZLUPKR","target":"940GZZLUALP","sourceName":"Park Royal","targetName":"Alperton","line":"Piccadilly","colour":"#003688","color":"#003688","traffic":0.0302,"off9":-1.5,"off12":-3.5,"off14":-6.0},"id":46},{"type":"Feature","geometry":{"type":"LineString","coordinates":[[-0.607714,51.674126],[-0.560689,51.667985]]},"properties":{"id":"940GZZLUAMS-940GZZLUCAL-Metropolitan","source":"940GZZLUAMS","target":"940GZZLUCAL","sourceName":"Amersham","targetName":"Chalfont  Latimer","line":"Metropolitan","colour":"#9B0056","color":"#9B0056","traffic":0.016,"off9":-3.0,"off12":-7.0,"off14":-12.0},"id":47},{"type":"Feature","geometry":{"type":"LineString","coordinates":[[-0.5635845,51.6685658],[-0.56411,51.6686986],[-0.5654673,51.66895],[-0.5684969,51.6695111],[-0.5733828,51.6704343],[-0.5754371,51.6708456],[-0.5798017,51.6716962],[-0.580322,51.6718008],[-0.5807357,51.6718847],[-0.5810895,51.6719725],[-0.5814054,51.6720597],[-0.5818076,51.6722025],[-0.5821699,51.6723533],[-0.5825671,51.6725368],[-0.5829306,51.6727355],[-0.5832976,51.6729495],[-0.5836745,51.6732336],[-0.5840122,51.6735236],[-0.5843379,51.6738314],[-0.5846325,51.6741378],[-0.5848548,51.6744395],[-0.5850683,51.6748316],[-0.585179,51.675141],[-0.585246,51.6754739],[-0.5852553,51.6757591],[-0.5852463,51.6759355],[-0.5852319,51.6760683],[-0.5851644,51.6762975],[-0.585065,51.6765636],[-0.5849383,51.6768112],[-0.5847247,51.677093],[-0.5844625,51.6773612],[-0.5834944,51.6782285],[-0.5831657,51.6785388],[-0.5829246,51.6788371],[-0.5826185,51.6793218],[-0.5825275,51.6795673],[-0.5824537,51.6797823],[-0.5824121,51.679964],[-0.5823975,51.6801569],[-0.5824174,51.6803665],[-0.5824552,51.6805539],[-0.5824949,51.6807471],[-0.5825704,51.6809553],[-0.582704,51.6812219],[-0.5828682,51.6815073],[-0.5831002,51.6817882],[-0.5833658,51.6820267],[-0.5835875,51.6822219],[-0.5838778,51.6824131],[-0.5841421,51.6825586],[-0.5844109,51.682693],[-0.5848114,51.6828588],[-0.5851578,51.6829909],[-0.5854136,51.683065],[-0.5855981,51.683118],[-0.5857883,51.6831643],[-0.5861102,51.6832319],[-0.5869054,51.6833755],[-0.5874078,51.68347],[-0.5877679,51.6835571],[-0.5879689,51.6836132],[-0.5882343,51.6837045],[-0.5885251,51.6838191],[-0.5888167,51.6839496],[-0.5891447,51.68413],[-0.5893893,51.6842875],[-0.5896926,51.6845022],[-0.5899377,51.6847237],[-0.5901402,51.684951],[-0.5902796,51.6851219],[-0.5903476,51.6852201],[-0.5904495,51.685399],[-0.5905647,51.6856651],[-0.5906355,51.6858938],[-0.5907561,51.6862584],[-0.5908869,51.6865665],[-0.5909734,51.68673],[-0.5911463,51.6869661],[-0.5913223,51.6871698],[-0.5916095,51.6874514],[-0.5918967,51.6877005],[-0.5925368,51.6882144],[-0.5929097,51.6885057],[-0.5931422,51.688687],[-0.5935436,51.6889948],[-0.5940012,51.6893422],[-0.5943534,51.6896202],[-0.594627,51.6898064],[-0.5948296,51.6899354],[-0.594981,51.690018],[-0.5951159,51.6900863],[-0.595327,51.6901926],[-0.595549,51.690286],[-0.5957037,51.6903401],[-0.5958369,51.6903809],[-0.595981,51.690426],[-0.5961159,51.690466],[-0.5962423,51.6905006],[-0.596377,51.6905336],[-0.5965106,51.6905623],[-0.5966536,51.6905939],[-0.5969504,51.6906508],[-0.5974249,51.6907312],[-0.5978512,51.6908046],[-0.5983343,51.6908874],[-0.59887,51.6909787],[-0.5999352,51.6911666],[-0.6004248,51.6912501],[-0.6007557,51.6913083],[-0.6011381,51.6913877],[-0.601903,51.691598],[-0.6020193,51.6916356],[-0.6022544,51.6917234],[-0.6025339,51.6918382],[-0.6027777,51.6919589],[-0.6030317,51.6921077],[-0.6033874,51.6923397],[-0.6044101,51.6930175],[-0.6065085,51.6944245],[-0.6073587,51.6949763],[-0.6076014,51.6951416],[-0.6078954,51.6953494],[-0.6079999,51.6954259],[-0.6080533,51.6954741],[-0.6082359,51.6956389],[-0.6084049,51.6958026],[-0.6085496,51.6959605],[-0.6087397,51.6962086],[-0.6088528,51.6964042],[-0.608922,51.6965603],[-0.608974,51.6967408],[-0.6090028,51.6968928],[-0.6090173,51.6970574],[-0.6090205,51.6972099],[-0.6090175,51.6975171],[-0.608967,51.6982607],[-0.6089347,51.698682],[-0.6088927,51.6991579],[-0.6088658,51.6993486],[-0.6088135,51.6998881],[-0.6087391,51.700525],[-0.6087412,51.7006395],[-0.6087757,51.7008997],[-0.6088439,51.7011332],[-0.6089569,51.7013624],[-0.6091515,51.7015902],[-0.6093889,51.7017941],[-0.6097689,51.7020755],[-0.6102519,51.7024198],[-0.6104138,51.7025448],[-0.6105774,51.7026876],[-0.6107636,51.7029014],[-0.6108734,51.703043],[-0.6109602,51.7031794],[-0.6110176,51.7032904],[-0.6110709,51.7034206],[-0.6111328,51.7035946],[-0.6111678,51.7037288],[-0.6112136,51.703953],[-0.6112157,51.7040805],[-0.6112178,51.7042079],[-0.6112195,51.7043123],[-0.6112113,51.7044163],[-0.6111993,51.7045516],[-0.6111771,51.7046746],[-0.6111364,51.7048012],[-0.6110564,51.7050149],[-0.6110163451644659,51.705120563780625]]},"properties":{"id":"940GZZLUCAL-940GZZLUCSM-Metropolitan","source":"940GZZLUCAL","target":"940GZZLUCSM","sourceName":"Chalfont  Latimer","targetName":"Chesham","line":"Metropolitan","colour":"#9B0056","color":"#9B0056","traffic":0.0044,"off9":-3.0,"off12":-7.0,"off14":-12.0},"id":48},{"type":"Feature","geometry":{"type":"LineString","coordinates":[[-0.560689,51.667985],[-0.607714,51.674126]]},"properties":{"id":"940GZZLUCAL-940GZZLUAMS-Metropolitan","source":"940GZZLUCAL","target":"940GZZLUAMS","sourceName":"Chalfont  Latimer","targetName":"Amersham","line":"Metropolitan","colour":"#9B0056","color":"#9B0056","traffic":0.0044,"off9":-3.0,"off12":-7.0,"off14":-12.0},"id":49},{"type":"Feature","geometry":{"type":"LineString","coordinates":[[-0.560689,51.667985],[-0.518461,51.654358]]},"properties":{"id":"940GZZLUCAL-940GZZLUCYD-Metropolitan","source":"940GZZLUCAL","target":"940GZZLUCYD","sourceName":"Chalfont  Latimer","targetName":"Chorleywood","line":"Metropolitan","colour":"#9B0056","color":"#9B0056","traffic":0.0359,"off9":-3.0,"off12":-7.0,"off14":-12.0},"id":50},{"type":"Feature","geometry":{"type":"LineString","coordinates":[[-0.10599017056221711,51.53190254589692],[-0.1057636,51.5318736],[-0.1055169,51.5318287],[-0.1046489,51.5316035],[-0.1018703,51.5308752],[-0.0977626,51.5296972],[-0.0911791,51.5280373],[-0.0887248,51.5273709],[-0.0882125,51.5270192],[-0.0879558,51.5266971],[-0.08764971367063994,51.525910825911694]]},"properties":{"id":"940GZZLUAGL-940GZZLUODS-Northern","source":"940GZZLUAGL","target":"940GZZLUODS","sourceName":"Angel","targetName":"Old Street","line":"Northern","colour":"#000000","color":"#000000","traffic":0.4602,"off9":0.0,"off12":0.0,"off14":0.0},"id":51},{"type":"Feature","geometry":{"type":"LineString","coordinates":[[-0.10599017056221711,51.53190254589692],[-0.1061581,51.531924],[-0.1065223,51.5319311],[-0.1069566,51.5319205],[-0.1079066,51.5318921],[-0.1092709,51.5318544],[-0.1136313,51.5314218],[-0.1185949,51.5310371],[-0.1190753,51.5310011],[-0.1200679,51.5309354],[-0.1223668,51.5307851],[-0.12319742750535652,51.530753716854846]]},"properties":{"id":"940GZZLUAGL-940GZZLUKSX-Northern","source":"940GZZLUAGL","target":"940GZZLUKSX","sourceName":"Angel","targetName":"Kings Cross St Pancras","line":"Northern","colour":"#000000","color":"#000000","traffic":0.2415,"off9":0.0,"off12":0.0,"off14":0.0},"id":52},{"type":"Feature","geometry":{"type":"LineString","coordinates":[[-0.08775904202841525,51.52586809476055],[-0.0876725,51.5256365],[-0.0876272,51.52532],[-0.0875581,51.5244787],[-0.0875184,51.5241632],[-0.0874804,51.5238527],[-0.0871213,51.5222245],[-0.0870991,51.5218693],[-0.0875071,51.5200759],[-0.0876603,51.5197309],[-0.0878239,51.5193162],[-0.0882115,51.5185899],[-0.088233,51.5185136],[-0.0882715,51.5183194],[-0.08833101039231549,51.51817984222212]]},"properties":{"id":"940GZZLUODS-940GZZLUMGT-Northern","source":"940GZZLUODS","target":"940GZZLUMGT","sourceName":"Old Street","targetName":"Moorgate","line":"Northern","colour":"#000000","color":"#000000","traffic":0.4164,"off9":0.0,"off12":0.0,"off14":0.0},"id":53},{"type":"Feature","geometry":{"type":"LineString","coordinates":[[-0.08764971367063994,51.525910825911694],[-0.0879558,51.5266971],[-0.0882125,51.5270192],[-0.0887248,51.5273709],[-0.0911791,51.5280373],[-0.0977626,51.5296972],[-0.1018703,51.5308752],[-0.1046489,51.5316035],[-0.1055169,51.5318287],[-0.1057636,51.5318736],[-0.10599017056221711,51.53190254589692]]},"properties":{"id":"940GZZLUODS-940GZZLUAGL-Northern","source":"940GZZLUODS","target":"940GZZLUAGL","sourceName":"Old Street","targetName":"Angel","line":"Northern","colour":"#000000","color":"#000000","traffic":0.2718,"off9":0.0,"off12":0.0,"off14":0.0},"id":54},{"type":"Feature","geometry":{"type":"LineString","coordinates":[[-0.12307486458939945,51.530626021936214],[-0.1230569,51.5306839],[-0.1230218,51.5307859],[-0.1229228,51.5310661],[-0.122839,51.5315106],[-0.1227922,51.5317268],[-0.1227776,51.5318561],[-0.1227692,51.5322036],[-0.122809,51.5324947],[-0.1228517,51.5328837],[-0.1228302,51.5331943],[-0.1228131,51.5336699],[-0.1227858,51.5343279],[-0.1225324,51.5368233],[-0.1224897,51.5375935],[-0.1224761,51.5379094],[-0.122394,51.5382853],[-0.1223707,51.5386182],[-0.1224048,51.5389378],[-0.1223057,51.5405761],[-0.1220567,51.5415923],[-0.1217531,51.5425365],[-0.1209972,51.5440961],[-0.1200623,51.5459002],[-0.11831999689159266,51.548398340722976]]},"properties":{"id":"940GZZLUKSX-940GZZLUCAR-Piccadilly","source":"940GZZLUKSX","target":"940GZZLUCAR","sourceName":"Kings Cross St Pancras","targetName":"Caledonian Road","line":"Piccadilly","colour":"#003688","color":"#003688","traffic":0.0836,"off9":-1.5,"off12":-3.5,"off14":-6.0},"id":55},{"type":"Feature","geometry":{"type":"LineString","coordinates":[[-0.12307486458939945,51.530626021936214],[-0.1232607,51.5300273],[-0.1235018,51.5296331],[-0.1236738,51.5293544],[-0.1238458,51.5290409],[-0.1242865,51.528199],[-0.125164,51.5265223],[-0.1252613,51.5263358],[-0.1253373,51.526138],[-0.1253879,51.5259257],[-0.125402,51.5257947],[-0.1253969,51.5256527],[-0.1253707,51.52548],[-0.1253179,51.5253411],[-0.1243996,51.5237325],[-0.1242994,51.5235409],[-0.1242324,51.5233526],[-0.1242034,51.5231453],[-0.1242071,51.5230956],[-0.12420927409909961,51.52306720246763]]},"properties":{"id":"940GZZLUKSX-940GZZLURSQ-Piccadilly","source":"940GZZLUKSX","target":"940GZZLURSQ","sourceName":"Kings Cross St Pancras","targetName":"Russell Square","line":"Piccadilly","colour":"#003688","color":"#003688","traffic":0.4486,"off9":-1.5,"off12":-3.5,"off14":-6.0},"id":56},{"type":"Feature","geometry":{"type":"LineString","coordinates":[[-0.1231644802340672,51.53054806793834],[-0.1237215,51.530405],[-0.1245337,51.5302433],[-0.1255839,51.5300589],[-0.1268072,51.5298876],[-0.127719,51.5297392],[-0.12842,51.5296029],[-0.1291599,51.5294367],[-0.1299311,51.5292382],[-0.1304706,51.5290805],[-0.1309935,51.5289223],[-0.131492,51.528764],[-0.13220479369508756,51.52854887229762]]},"properties":{"id":"940GZZLUKSX-940GZZLUEUS-Victoria","source":"940GZZLUKSX","target":"940GZZLUEUS","sourceName":"Kings Cross St Pancras","targetName":"Euston","line":"Victoria","colour":"#0098D4","color":"#0098D4","traffic":0.1862,"off9":0.0,"off12":0.0,"off14":0.0},"id":57},{"type":"Feature","geometry":{"type":"LineString","coordinates":[[-0.123189149777372,51.5306053585538],[-0.1234513,51.5305833],[-0.1239327,51.5305679],[-0.1243368,51.5305509],[-0.1250912,51.5305182],[-0.1261939,51.530485],[-0.1271316,51.5304161],[-0.1275682,51.5303768],[-0.1280654,51.5303008],[-0.1284111,51.53021],[-0.1287323,51.5300697],[-0.1291232,51.5298841],[-0.1295623,51.5295944],[-0.1302629,51.5291323],[-0.1308044,51.5288225],[-0.1313367,51.52859],[-0.131945,51.5284038],[-0.13214285258023964,51.528344222690116]]},"properties":{"id":"940GZZLUKSX-940GZZLUEUS-Northern","source":"940GZZLUKSX","target":"940GZZLUEUS","sourceName":"Kings Cross St Pancras","targetName":"Euston","line":"Northern","colour":"#000000","color":"#000000","traffic":0.1862,"off9":0.0,"off12":0.0,"off14":0.0},"id":58},{"type":"Feature","geometry":{"type":"LineString","coordinates":[[-0.1231644802340672,51.53054806793834],[-0.1229436,51.5306048],[-0.1224641,51.5307343],[-0.1220478,51.5308426],[-0.1216069,51.5309643],[-0.1208822,51.5311881],[-0.1202915,51.5314053],[-0.1197184,51.5316453],[-0.1056429,51.5384287],[-0.105404,51.5386076],[-0.1052072,51.538814],[-0.1047275,51.5396336],[-0.1044421,51.5401072],[-0.1040382,51.5407053],[-0.103804,51.5411937],[-0.1036894,51.5414897],[-0.10357,51.5418157],[-0.1034899,51.5424111],[-0.1034085,51.5427959],[-0.1031474,51.5441344],[-0.1031766,51.5450042],[-0.1034284,51.5458239],[-0.1034765,51.5460139],[-0.10354793755212124,51.54629259922931]]},"properties":{"id":"940GZZLUKSX-940GZZLUHAI-Victoria","source":"940GZZLUKSX","target":"940GZZLUHAI","sourceName":"Kings Cross St Pancras","targetName":"Highbury  Islington","line":"Victoria","colour":"#0098D4","color":"#0098D4","traffic":0.2329,"off9":0.0,"off12":0.0,"off14":0.0},"id":59},{"type":"Feature","geometry":{"type":"LineString","coordinates":[[-0.12319742750535652,51.530753716854846],[-0.1223668,51.5307851],[-0.1200679,51.5309354],[-0.1190753,51.5310011],[-0.1185949,51.5310371],[-0.1136313,51.5314218],[-0.1092709,51.5318544],[-0.1079066,51.5318921],[-0.1069566,51.5319205],[-0.1065223,51.5319311],[-0.1061581,51.531924],[-0.10599017056221711,51.53190254589692]]},"properties":{"id":"940GZZLUKSX-940GZZLUAGL-Northern","source":"940GZZLUKSX","target":"940GZZLUAGL","sourceName":"Kings Cross St Pancras","targetName":"Angel","line":"Northern","colour":"#000000","color":"#000000","traffic":0.4784,"off9":0.0,"off12":0.0,"off14":0.0},"id":60},{"type":"Feature","geometry":{"type":"LineString","coordinates":[[-0.12305939295118894,51.53033715864883],[-0.1233246,51.5302276],[-0.1235301,51.5301606],[-0.1236504,51.5301114],[-0.123896,51.5300273],[-0.1242273,51.5299264],[-0.1246817,51.5297729],[-0.1253003,51.5295341],[-0.1258254,51.5293319],[-0.1261333,51.5291794],[-0.1263801,51.5290327],[-0.1265845,51.5289391],[-0.1273714,51.5286265],[-0.1295419,51.5277822],[-0.1297425,51.5277042],[-0.1312815,51.5271514],[-0.1338357,51.5263189],[-0.1344584,51.526116],[-0.1352346,51.525829],[-0.13583071564686938,51.525608641175346]]},"properties":{"id":"940GZZLUKSX-940GZZLUESQ-Circle","source":"940GZZLUKSX","target":"940GZZLUESQ","sourceName":"Kings Cross St Pancras","targetName":"Euston Square","line":"Circle","colour":"#FFD300","color":"#FFD300","traffic":0.1976,"off9":3.0,"off12":7.0,"off14":12.0},"id":61},{"type":"Feature","geometry":{"type":"LineString","coordinates":[[-0.12305939295118894,51.53033715864883],[-0.1233246,51.5302276],[-0.1235301,51.5301606],[-0.1236504,51.5301114],[-0.123896,51.5300273],[-0.1242273,51.5299264],[-0.1246817,51.5297729],[-0.1253003,51.5295341],[-0.1258254,51.5293319],[-0.1261333,51.5291794],[-0.1263801,51.5290327],[-0.1265845,51.5289391],[-0.1273714,51.5286265],[-0.1295419,51.5277822],[-0.1297425,51.5277042],[-0.1312815,51.5271514],[-0.1338357,51.5263189],[-0.1344584,51.526116],[-0.1352346,51.525829],[-0.13583071564686938,51.525608641175346]]},"properties":{"id":"940GZZLUKSX-940GZZLUESQ-Hammersmith & City","source":"940GZZLUKSX","target":"940GZZLUESQ","sourceName":"Kings Cross St Pancras","targetName":"Euston Square","line":"Hammersmith & City","colour":"#F3A9BB","color":"#F3A9BB","traffic":0.1976,"off9":0.0,"off12":0.0,"off14":0.0},"id":62},{"type":"Feature","geometry":{"type":"LineString","coordinates":[[-0.12305939295118894,51.53033715864883],[-0.1233246,51.5302276],[-0.1235301,51.5301606],[-0.1236504,51.5301114],[-0.123896,51.5300273],[-0.1242273,51.5299264],[-0.1246817,51.5297729],[-0.1253003,51.5295341],[-0.1258254,51.5293319],[-0.1261333,51.5291794],[-0.1263801,51.5290327],[-0.1265845,51.5289391],[-0.1273714,51.5286265],[-0.1295419,51.5277822],[-0.1297425,51.5277042],[-0.1312815,51.5271514],[-0.1338357,51.5263189],[-0.1344584,51.526116],[-0.1352346,51.525829],[-0.13583071564686935,51.525608641175346]]},"properties":{"id":"940GZZLUKSX-940GZZLUESQ-Metropolitan","source":"940GZZLUKSX","target":"940GZZLUESQ","sourceName":"Kings Cross St Pancras","targetName":"Euston Square","line":"Metropolitan","colour":"#9B0056","color":"#9B0056","traffic":0.1976,"off9":-3.0,"off12":-7.0,"off14":-12.0},"id":63},{"type":"Feature","geometry":{"type":"LineString","coordinates":[[-0.12305939295118894,51.53033715864883],[-0.122908,51.5303997],[-0.1226293,51.5304865],[-0.122385,51.5305471],[-0.1220702,51.5306104],[-0.1218597,51.5306411],[-0.1217474,51.5306533],[-0.1216103,51.5306604],[-0.1214735,51.5306593],[-0.1210046,51.5306394],[-0.12078,51.530614],[-0.1205086,51.5305653],[-0.1199667,51.5304384],[-0.1197851,51.5303936],[-0.1195833,51.5303378],[-0.1193919,51.5302831],[-0.1191729,51.5302108],[-0.1190208,51.5301511],[-0.1189126,51.5301075],[-0.1188569,51.5300831],[-0.1186608,51.5299841],[-0.1184824,51.5298983],[-0.1183347,51.5298175],[-0.1178544,51.5295382],[-0.1177655,51.5294838],[-0.1177427,51.5294699],[-0.1172463,51.5291888],[-0.1170515,51.5290793],[-0.1169652,51.5290265],[-0.1165591,51.5287951],[-0.1163731,51.5286859],[-0.116108,51.5285345],[-0.1156034,51.5282321],[-0.1149893,51.527858],[-0.1145206,51.527562],[-0.1134928,51.5268723],[-0.1126087,51.5262816],[-0.1114384,51.5255803],[-0.1106376,51.5250886],[-0.109519,51.5242162],[-0.1093232,51.5240688],[-0.1090112,51.5238636],[-0.1086985,51.5236985],[-0.1084319,51.5235821],[-0.1079003,51.5232904],[-0.1076779,51.523148],[-0.1074488,51.5230015],[-0.1073654,51.5229452],[-0.1070049,51.5227324],[-0.1067587,51.5225675],[-0.1067129,51.5225353],[-0.1066111,51.5224554],[-0.106601,51.5224475],[-0.1064937,51.5223439],[-0.106456,51.5223086],[-0.1063207,51.5221503],[-0.1062605,51.5220603],[-0.1061923,51.5219639],[-0.1061102,51.5218475],[-0.1060286,51.5217488],[-0.1059517,51.5216526],[-0.1058007,51.5214857],[-0.1056395,51.5213123],[-0.1055798,51.5212537],[-0.1055062,51.52118],[-0.1054045,51.5210736],[-0.1053583,51.5210213],[-0.1053127,51.5209633],[-0.105269,51.5209051],[-0.1052085,51.5208236],[-0.1051545,51.5207483],[-0.1050822,51.5206529],[-0.1050388,51.5206014],[-0.1049549,51.5205113],[-0.1048564,51.5204174],[-0.10480658773158504,51.520373925674285]]},"properties":{"id":"940GZZLUKSX-940GZZLUFCN-Circle","source":"940GZZLUKSX","target":"940GZZLUFCN","sourceName":"Kings Cross St Pancras","targetName":"Farringdon","line":"Circle","colour":"#FFD300","color":"#FFD300","traffic":0.2557,"off9":3.0,"off12":7.0,"off14":12.0},"id":64},{"type":"Feature","geometry":{"type":"LineString","coordinates":[[-0.12305939295118894,51.53033715864883],[-0.122908,51.5303997],[-0.1226293,51.5304865],[-0.122385,51.5305471],[-0.1220702,51.5306104],[-0.1218597,51.5306411],[-0.1217474,51.5306533],[-0.1216103,51.5306604],[-0.1214735,51.5306593],[-0.1210046,51.5306394],[-0.12078,51.530614],[-0.1205086,51.5305653],[-0.1199667,51.5304384],[-0.1197851,51.5303936],[-0.1195833,51.5303378],[-0.1193919,51.5302831],[-0.1191729,51.5302108],[-0.1190208,51.5301511],[-0.1189126,51.5301075],[-0.1188569,51.5300831],[-0.1186608,51.5299841],[-0.1184824,51.5298983],[-0.1183347,51.5298175],[-0.1178544,51.5295382],[-0.1177655,51.5294838],[-0.1177427,51.5294699],[-0.1172463,51.5291888],[-0.1170515,51.5290793],[-0.1169652,51.5290265],[-0.1165591,51.5287951],[-0.1163731,51.5286859],[-0.116108,51.5285345],[-0.1156034,51.5282321],[-0.1149893,51.527858],[-0.1145206,51.527562],[-0.1134928,51.5268723],[-0.1126087,51.5262816],[-0.1114384,51.5255803],[-0.1106376,51.5250886],[-0.109519,51.5242162],[-0.1093232,51.5240688],[-0.1090112,51.5238636],[-0.1086985,51.5236985],[-0.1084319,51.5235821],[-0.1079003,51.5232904],[-0.1076779,51.523148],[-0.1074488,51.5230015],[-0.1073654,51.5229452],[-0.1070049,51.5227324],[-0.1067587,51.5225675],[-0.1067129,51.5225353],[-0.1066111,51.5224554],[-0.106601,51.5224475],[-0.1064937,51.5223439],[-0.106456,51.5223086],[-0.1063207,51.5221503],[-0.1062605,51.5220603],[-0.1061923,51.5219639],[-0.1061102,51.5218475],[-0.1060286,51.5217488],[-0.1059517,51.5216526],[-0.1058007,51.5214857],[-0.1056395,51.5213123],[-0.1055798,51.5212537],[-0.1055062,51.52118],[-0.1054045,51.5210736],[-0.1053583,51.5210213],[-0.1053127,51.5209633],[-0.105269,51.5209051],[-0.1052085,51.5208236],[-0.1051545,51.5207483],[-0.1050822,51.5206529],[-0.1050388,51.5206014],[-0.1049549,51.5205113],[-0.1048564,51.5204174],[-0.10480658773158504,51.520373925674285]]},"properties":{"id":"940GZZLUKSX-940GZZLUFCN-Hammersmith & City","source":"940GZZLUKSX","target":"940GZZLUFCN","sourceName":"Kings Cross St Pancras","targetName":"Farringdon","line":"Hammersmith & City","colour":"#F3A9BB","color":"#F3A9BB","traffic":0.2557,"off9":0.0,"off12":0.0,"off14":0.0},"id":65},{"type":"Feature","geometry":{"type":"LineString","coordinates":[[-0.12305939295118894,51.53033715864883],[-0.122908,51.5303997],[-0.1226293,51.5304865],[-0.122385,51.5305471],[-0.1220702,51.5306104],[-0.1218597,51.5306411],[-0.1217474,51.5306533],[-0.1216103,51.5306604],[-0.1214735,51.5306593],[-0.1210046,51.5306394],[-0.12078,51.530614],[-0.1205086,51.5305653],[-0.1199667,51.5304384],[-0.1197851,51.5303936],[-0.1195833,51.5303378],[-0.1193919,51.5302831],[-0.1191729,51.5302108],[-0.1190208,51.5301511],[-0.1189126,51.5301075],[-0.1188569,51.5300831],[-0.1186608,51.5299841],[-0.1184824,51.5298983],[-0.1183347,51.5298175],[-0.1178544,51.5295382],[-0.1177655,51.5294838],[-0.1177427,51.5294699],[-0.1172463,51.5291888],[-0.1170515,51.5290793],[-0.1169652,51.5290265],[-0.1165591,51.5287951],[-0.1163731,51.5286859],[-0.116108,51.5285345],[-0.1156034,51.5282321],[-0.1149893,51.527858],[-0.1145206,51.527562],[-0.1134928,51.5268723],[-0.1126087,51.5262816],[-0.1114384,51.5255803],[-0.1106376,51.5250886],[-0.109519,51.5242162],[-0.1093232,51.5240688],[-0.1090112,51.5238636],[-0.1086985,51.5236985],[-0.1084319,51.5235821],[-0.1079003,51.5232904],[-0.1076779,51.523148],[-0.1074488,51.5230015],[-0.1073654,51.5229452],[-0.1070049,51.5227324],[-0.1067587,51.5225675],[-0.1067129,51.5225353],[-0.1066111,51.5224554],[-0.106601,51.5224475],[-0.1064937,51.5223439],[-0.106456,51.5223086],[-0.1063207,51.5221503],[-0.1062605,51.5220603],[-0.1061923,51.5219639],[-0.1061102,51.5218475],[-0.1060286,51.5217488],[-0.1059517,51.5216526],[-0.1058007,51.5214857],[-0.1056395,51.5213123],[-0.1055798,51.5212537],[-0.1055062,51.52118],[-0.1054045,51.5210736],[-0.1053583,51.5210213],[-0.1053127,51.5209633],[-0.105269,51.5209051],[-0.1052085,51.5208236],[-0.1051545,51.5207483],[-0.1050822,51.5206529],[-0.1050388,51.5206014],[-0.1049549,51.5205113],[-0.1048564,51.5204174],[-0.10480658773158504,51.520373925674285]]},"properties":{"id":"940GZZLUKSX-940GZZLUFCN-Metropolitan","source":"940GZZLUKSX","target":"940GZZLUFCN","sourceName":"Kings Cross St Pancras","targetName":"Farringdon","line":"Metropolitan","colour":"#9B0056","color":"#9B0056","traffic":0.2557,"off9":-3.0,"off12":-7.0,"off14":-12.0},"id":66},{"type":"Feature","geometry":{"type":"LineString","coordinates":[[-0.13473182154899382,51.56547640738334],[-0.1347353,51.565286],[-0.1347906,51.5650137],[-0.1349317,51.5646488],[-0.1355405,51.5636147],[-0.1362844,51.5622573],[-0.1369001,51.5611387],[-0.1371898,51.5605494],[-0.1375555,51.5595046],[-0.1377832,51.5585142],[-0.1379893,51.5577641],[-0.1382656,51.5571186],[-0.1383349,51.5569769],[-0.138356,51.5569343],[-0.138371,51.5569079],[-0.1384043,51.5568487],[-0.13842420724863877,51.556816554734965]]},"properties":{"id":"940GZZLUACY-940GZZLUTFP-Northern","source":"940GZZLUACY","target":"940GZZLUTFP","sourceName":"Archway","targetName":"Tufnell Park","line":"Northern","colour":"#000000","color":"#000000","traffic":0.4169,"off9":0.0,"off12":0.0,"off14":0.0},"id":67},{"type":"Feature","geometry":{"type":"LineString","coordinates":[[-0.13493277690262848,51.56546663079422],[-0.1349379,51.5655179],[-0.1350666,51.5660364],[-0.1351582,51.5663069],[-0.1353177,51.5666195],[-0.1357826,51.5672535],[-0.1361171,51.5677333],[-0.1366924,51.5684997],[-0.1371616,51.5690545],[-0.1375321,51.5694705],[-0.1379366,51.5698997],[-0.1398706,51.5720222],[-0.1408878,51.5730611],[-0.143807,51.576041],[-0.1443894,51.5766318],[-0.1448048,51.5769759],[-0.1453732,51.5773102],[-0.1458626200629741,51.57751881508801]]},"properties":{"id":"940GZZLUACY-940GZZLUHGT-Northern","source":"940GZZLUACY","target":"940GZZLUHGT","sourceName":"Archway","targetName":"Highgate","line":"Northern","colour":"#000000","color":"#000000","traffic":0.073,"off9":0.0,"off12":0.0,"off14":0.0},"id":68},{"type":"Feature","geometry":{"type":"LineString","coordinates":[[-0.13842420724863877,51.556816554734965],[-0.1387568,51.5562795],[-0.1395186,51.5552335],[-0.1400013,51.5545186],[-0.1405168,51.5538237],[-0.1406528,51.5535761],[-0.1408473,51.5531753],[-0.1409725,51.5527687],[-0.1410941,51.5520954],[-0.1410706,51.5517077],[-0.1410275,51.5514729],[-0.1408173,51.550944],[-0.1407567,51.5506794],[-0.1407436,51.5503331],[-0.14074455847541828,51.55031253880699]]},"properties":{"id":"940GZZLUTFP-940GZZLUKSH-Northern","source":"940GZZLUTFP","target":"940GZZLUKSH","sourceName":"Tufnell Park","targetName":"Kentish Town","line":"Northern","colour":"#000000","color":"#000000","traffic":0.4548,"off9":0.0,"off12":0.0,"off14":0.0},"id":69},{"type":"Feature","geometry":{"type":"LineString","coordinates":[[-0.13842420724863877,51.556816554734965],[-0.1384043,51.5568487],[-0.138371,51.5569079],[-0.138356,51.5569343],[-0.1383349,51.5569769],[-0.1382656,51.5571186],[-0.1379893,51.5577641],[-0.1377832,51.5585142],[-0.1375555,51.5595046],[-0.1371898,51.5605494],[-0.1369001,51.5611387],[-0.1362844,51.5622573],[-0.1355405,51.5636147],[-0.1349317,51.5646488],[-0.1347906,51.5650137],[-0.1347353,51.565286],[-0.13473182154899382,51.56547640738334]]},"properties":{"id":"940GZZLUTFP-940GZZLUACY-Northern","source":"940GZZLUTFP","target":"940GZZLUACY","sourceName":"Tufnell Park","targetName":"Archway","line":"Northern","colour":"#000000","color":"#000000","traffic":0.0892,"off9":0.0,"off12":0.0,"off14":0.0},"id":70},{"type":"Feature","geometry":{"type":"LineString","coordinates":[[-0.1458626200629741,51.57751881508801],[-0.1459454,51.5775541],[-0.1465746,51.5778165],[-0.1469398,51.5779689],[-0.1477652,51.5783095],[-0.1520889,51.5801082],[-0.1583963,51.583515],[-0.1599768,51.5843587],[-0.1610908,51.5850589],[-0.1621096,51.5855951],[-0.162481,51.5857802],[-0.1628081,51.5859767],[-0.1632161,51.5862113],[-0.1635168,51.5863726],[-0.163775,51.5865067],[-0.1642559,51.5867414],[-0.1646804,51.5869588],[-0.1650110691763644,51.58713276924766]]},"properties":{"id":"940GZZLUHGT-940GZZLUEFY-Northern","source":"940GZZLUHGT","target":"940GZZLUEFY","sourceName":"Highgate","targetName":"East Finchley","line":"Northern","colour":"#000000","color":"#000000","traffic":0.0654,"off9":0.0,"off12":0.0,"off14":0.0},"id":71},{"type":"Feature","geometry":{"type":"LineString","coordinates":[[-0.1458626200629741,51.57751881508801],[-0.1453732,51.5773102],[-0.1448048,51.5769759],[-0.1443894,51.5766318],[-0.143807,51.576041],[-0.1408878,51.5730611],[-0.1398706,51.5720222],[-0.1379366,51.5698997],[-0.1375321,51.5694705],[-0.1371616,51.5690545],[-0.1366924,51.5684997],[-0.1361171,51.5677333],[-0.1357826,51.5672535],[-0.1353177,51.5666195],[-0.1351582,51.5663069],[-0.1350666,51.5660364],[-0.1349379,51.5655179],[-0.13493277690262848,51.56546663079422]]},"properties":{"id":"940GZZLUHGT-940GZZLUACY-Northern","source":"940GZZLUHGT","target":"940GZZLUACY","sourceName":"Highgate","targetName":"Archway","line":"Northern","colour":"#000000","color":"#000000","traffic":0.354,"off9":0.0,"off12":0.0,"off14":0.0},"id":72},{"type":"Feature","geometry":{"type":"LineString","coordinates":[[-0.1329572486843543,51.6164613517675],[-0.1329726,51.6165661],[-0.1330041,51.6167868],[-0.1330351,51.6169104],[-0.1331288,51.617193],[-0.1331824,51.6173501],[-0.1332438,51.6174695],[-0.1334382,51.6177762],[-0.1334638,51.6178128],[-0.1335067,51.6178732],[-0.1336445,51.6180454],[-0.1337138,51.6181267],[-0.1338906,51.6183206],[-0.134076,51.6185308],[-0.1342255,51.6187064],[-0.1344853,51.6189971],[-0.1345701,51.6191008],[-0.134688,51.6192591],[-0.1347832,51.6193873],[-0.1348566,51.6194906],[-0.134904,51.6195656],[-0.1349396,51.6196291],[-0.1350036,51.6197585],[-0.1350549,51.61987],[-0.1351085,51.6200112],[-0.1351421,51.6201111],[-0.1351663,51.6201949],[-0.1351997,51.6203467],[-0.1352581,51.620696],[-0.1353384,51.6212893],[-0.1354158,51.6217555],[-0.1354686,51.6220451],[-0.135515,51.6223086],[-0.1355854,51.6226741],[-0.1356444,51.6231482],[-0.1356837,51.6234272],[-0.1357256,51.6237592],[-0.1357425,51.6241],[-0.1357383,51.6242421],[-0.1357312,51.6243815],[-0.1357225,51.6245155],[-0.1356936,51.6247137],[-0.1356505,51.6249306],[-0.1356266,51.6250293],[-0.135602,51.6251279],[-0.135556,51.6252864],[-0.1354912,51.6254745],[-0.1353459,51.6258258],[-0.1352935,51.625942],[-0.1352003,51.6261091],[-0.1351566,51.6261861],[-0.135091,51.6262929],[-0.1350099,51.6264235],[-0.1349426,51.6265246],[-0.1347584,51.626782],[-0.1346511,51.6269182],[-0.1345194,51.6270703],[-0.1343946,51.627208],[-0.1342213,51.6273925],[-0.1340966,51.6275213],[-0.1333225,51.6282194],[-0.1327801,51.6286487],[-0.131923,51.6292235],[-0.131042,51.6298391],[-0.1306909,51.630066],[-0.1306067,51.6301205],[-0.1305378,51.6301654],[-0.1300335,51.6305467],[-0.1298893,51.6306621],[-0.1295507,51.630933],[-0.1289285,51.6314324],[-0.1286534,51.6316366],[-0.12778870567990253,51.63227821593285]]},"properties":{"id":"940GZZLUASG-940GZZLUSGT-Piccadilly","source":"940GZZLUASG","target":"940GZZLUSGT","sourceName":"Arnos Grove","targetName":"Southgate","line":"Piccadilly","colour":"#003688","color":"#003688","traffic":0.0243,"off9":-1.5,"off12":-3.5,"off14":-6.0},"id":73},{"type":"Feature","geometry":{"type":"LineString","coordinates":[[-0.1329572486843543,51.6164613517675],[-0.1329256,51.6162454],[-0.1328905,51.6159281],[-0.1328652,51.6157091],[-0.1328694,51.615549],[-0.1328756,51.6150402],[-0.1328737,51.614802],[-0.1328722,51.6145167],[-0.1328743,51.6142215],[-0.1328722,51.6139043],[-0.1328708,51.6137222],[-0.1328624,51.6127825],[-0.1328647,51.6126143],[-0.1328602,51.6124392],[-0.1328542,51.6123634],[-0.1328393,51.6122317],[-0.1328296,51.6121542],[-0.1328156,51.6120846],[-0.1327501,51.6118499],[-0.1327055,51.611724],[-0.1326597,51.6116161],[-0.1326073,51.6115049],[-0.1325254,51.6113585],[-0.1324146,51.6111846],[-0.1322919,51.6110088],[-0.1318705,51.6104634],[-0.1313819,51.6100724],[-0.1308781,51.6097846],[-0.1304045,51.6095593],[-0.1301023,51.6094498],[-0.1291602,51.6091401],[-0.1281677,51.6088303],[-0.1270896,51.6084236],[-0.1264383,51.6081683],[-0.1254787,51.6077592],[-0.1247997,51.6074523],[-0.1244371,51.6072802],[-0.12417753449209594,51.60714168746439]]},"properties":{"id":"940GZZLUASG-940GZZLUBDS-Piccadilly","source":"940GZZLUASG","target":"940GZZLUBDS","sourceName":"Arnos Grove","targetName":"Bounds Green","line":"Piccadilly","colour":"#003688","color":"#003688","traffic":0.1293,"off9":-1.5,"off12":-3.5,"off14":-6.0},"id":74},{"type":"Feature","geometry":{"type":"LineString","coordinates":[[-0.12778870567990253,51.63227821593285],[-0.1286534,51.6316366],[-0.1289285,51.6314324],[-0.1295507,51.630933],[-0.1298893,51.6306621],[-0.1300335,51.6305467],[-0.1305378,51.6301654],[-0.1306067,51.6301205],[-0.1306909,51.630066],[-0.131042,51.6298391],[-0.131923,51.6292235],[-0.1327801,51.6286487],[-0.1333225,51.6282194],[-0.1340966,51.6275213],[-0.1342213,51.6273925],[-0.1343946,51.627208],[-0.1345194,51.6270703],[-0.1346511,51.6269182],[-0.1347584,51.626782],[-0.1349426,51.6265246],[-0.1350099,51.6264235],[-0.135091,51.6262929],[-0.1351566,51.6261861],[-0.1352003,51.6261091],[-0.1352935,51.625942],[-0.1353459,51.6258258],[-0.1354912,51.6254745],[-0.135556,51.6252864],[-0.135602,51.6251279],[-0.1356266,51.6250293],[-0.1356505,51.6249306],[-0.1356936,51.6247137],[-0.1357225,51.6245155],[-0.1357312,51.6243815],[-0.1357383,51.6242421],[-0.1357425,51.6241],[-0.1357256,51.6237592],[-0.1356837,51.6234272],[-0.1356444,51.6231482],[-0.1355854,51.6226741],[-0.135515,51.6223086],[-0.1354686,51.6220451],[-0.1354158,51.6217555],[-0.1353384,51.6212893],[-0.1352581,51.620696],[-0.1351997,51.6203467],[-0.1351663,51.6201949],[-0.1351421,51.6201111],[-0.1351085,51.6200112],[-0.1350549,51.61987],[-0.1350036,51.6197585],[-0.1349396,51.6196291],[-0.134904,51.6195656],[-0.1348566,51.6194906],[-0.1347832,51.6193873],[-0.134688,51.6192591],[-0.1345701,51.6191008],[-0.1344853,51.6189971],[-0.1342255,51.6187064],[-0.134076,51.6185308],[-0.1338906,51.6183206],[-0.1337138,51.6181267],[-0.1336445,51.6180454],[-0.1335067,51.6178732],[-0.1334638,51.6178128],[-0.1334382,51.6177762],[-0.1332438,51.6174695],[-0.1331824,51.6173501],[-0.1331288,51.617193],[-0.1330351,51.6169104],[-0.1330041,51.6167868],[-0.1329726,51.6165661],[-0.1329572486843543,51.6164613517675]]},"properties":{"id":"940GZZLUSGT-940GZZLUASG-Piccadilly","source":"940GZZLUSGT","target":"940GZZLUASG","sourceName":"Southgate","targetName":"Arnos Grove","line":"Piccadilly","colour":"#003688","color":"#003688","traffic":0.0893,"off9":-1.5,"off12":-3.5,"off14":-6.0},"id":75},{"type":"Feature","geometry":{"type":"LineString","coordinates":[[-0.12782301883385358,51.63232446171565],[-0.1278107,51.6323336],[-0.1272689,51.6326958],[-0.1263989,51.6332511],[-0.1262165,51.6333796],[-0.1260672,51.6334959],[-0.1259186,51.6336214],[-0.1257551,51.6337744],[-0.1256545,51.6338755],[-0.1255647,51.6339692],[-0.1254738,51.6340778],[-0.1253932,51.6341788],[-0.1253147,51.6342883],[-0.1252415,51.6343985],[-0.125195,51.6344792],[-0.1251443,51.6345766],[-0.1250813,51.634707],[-0.1250124,51.6348744],[-0.1249653,51.6350135],[-0.1249132,51.6351952],[-0.1248859,51.6353216],[-0.1248682,51.635449],[-0.1248553,51.6356292],[-0.1248459,51.6357858],[-0.1248488,51.6359915],[-0.1248536,51.636138],[-0.1248681,51.6362792],[-0.1248851,51.6364729],[-0.1249134,51.6366499],[-0.1249476,51.6368146],[-0.1250188,51.6371075],[-0.1250961,51.6373618],[-0.1252482,51.6377701],[-0.1255521,51.6385883],[-0.1257838,51.6392141],[-0.1260311,51.6398849],[-0.1263338,51.6407067],[-0.1265613,51.641303],[-0.1267819,51.6418887],[-0.1270019,51.6424734],[-0.1272535,51.6431679],[-0.1275304,51.6438878],[-0.1276936,51.6443243],[-0.1278374,51.6446998],[-0.1279094,51.644867],[-0.1279946,51.6450307],[-0.1281177,51.6452182],[-0.1282267,51.6453766],[-0.1283549,51.6455343],[-0.1284854,51.6456767],[-0.1286132,51.6457953],[-0.1288104,51.6459798],[-0.1289793,51.6461155],[-0.129206,51.6462783],[-0.1294011,51.6464037],[-0.1295667,51.6465048],[-0.1297224,51.6465865],[-0.1299127,51.6466767],[-0.1301961,51.6468061],[-0.1305063,51.6469489],[-0.1316958,51.6474871],[-0.1318876,51.6475736],[-0.13218831582461002,51.647712307372316]]},"properties":{"id":"940GZZLUSGT-940GZZLUOAK-Piccadilly","source":"940GZZLUSGT","target":"940GZZLUOAK","sourceName":"Southgate","targetName":"Oakwood","line":"Piccadilly","colour":"#003688","color":"#003688","traffic":0.0122,"off9":-1.5,"off12":-3.5,"off14":-6.0},"id":76},{"type":"Feature","geometry":{"type":"LineString","coordinates":[[-0.12417753449209594,51.60714168746439],[-0.1244371,51.6072802],[-0.1247997,51.6074523],[-0.1254787,51.6077592],[-0.1264383,51.6081683],[-0.1270896,51.6084236],[-0.1281677,51.6088303],[-0.1291602,51.6091401],[-0.1301023,51.6094498],[-0.1304045,51.6095593],[-0.1308781,51.6097846],[-0.1313819,51.6100724],[-0.1318705,51.6104634],[-0.1322919,51.6110088],[-0.1324146,51.6111846],[-0.1325254,51.6113585],[-0.1326073,51.6115049],[-0.1326597,51.6116161],[-0.1327055,51.611724],[-0.1327501,51.6118499],[-0.1328156,51.6120846],[-0.1328296,51.6121542],[-0.1328393,51.6122317],[-0.1328542,51.6123634],[-0.1328602,51.6124392],[-0.1328647,51.6126143],[-0.1328624,51.6127825],[-0.1328708,51.6137222],[-0.1328722,51.6139043],[-0.1328743,51.6142215],[-0.1328722,51.6145167],[-0.1328737,51.614802],[-0.1328756,51.6150402],[-0.1328694,51.615549],[-0.1328652,51.6157091],[-0.1328905,51.6159281],[-0.1329256,51.6162454],[-0.1329572486843543,51.6164613517675]]},"properties":{"id":"940GZZLUBDS-940GZZLUASG-Piccadilly","source":"940GZZLUBDS","target":"940GZZLUASG","sourceName":"Bounds Green","targetName":"Arnos Grove","line":"Piccadilly","colour":"#003688","color":"#003688","traffic":0.0323,"off9":-1.5,"off12":-3.5,"off14":-6.0},"id":77},{"type":"Feature","geometry":{"type":"LineString","coordinates":[[-0.12417753449209594,51.60714168746439],[-0.1241695,51.6071374],[-0.1239336,51.6069888],[-0.1229216,51.6063263],[-0.1223803,51.6060093],[-0.1220226,51.6055805],[-0.1216417,51.6050458],[-0.1216171,51.6050112],[-0.1209711,51.6038871],[-0.1204096,51.6031614],[-0.1197219,51.6025403],[-0.1191129,51.6021516],[-0.1187083,51.6019424],[-0.1157237,51.6007501],[-0.1145267,51.6002727],[-0.1131759,51.5995986],[-0.112278,51.5991906],[-0.1117022,51.5988678],[-0.1110052,51.598389],[-0.10986597556288374,51.59750479996284]]},"properties":{"id":"940GZZLUBDS-940GZZLUWOG-Piccadilly","source":"940GZZLUBDS","target":"940GZZLUWOG","sourceName":"Bounds Green","targetName":"Wood Green","line":"Piccadilly","colour":"#003688","color":"#003688","traffic":0.1894,"off9":-1.5,"off12":-3.5,"off14":-6.0},"id":78},{"type":"Feature","geometry":{"type":"LineString","coordinates":[[-0.1074528088235292,51.55865248529412],[-0.1075002,51.5585735],[-0.1075371,51.5585103],[-0.107564,51.5584662],[-0.1078192,51.558046],[-0.1079654,51.5578441],[-0.1081348,51.5576475],[-0.1087324,51.5568928],[-0.1100542,51.5554466],[-0.111964,51.5538138],[-0.1127085,51.5532273],[-0.1131562,51.5528661],[-0.11329139102988725,51.552754312886314]]},"properties":{"id":"940GZZLUASL-940GZZLUHWY-Piccadilly","source":"940GZZLUASL","target":"940GZZLUHWY","sourceName":"Arsenal","targetName":"Holloway Road","line":"Piccadilly","colour":"#003688","color":"#003688","traffic":0.4039,"off9":-1.5,"off12":-3.5,"off14":-6.0},"id":79},{"type":"Feature","geometry":{"type":"LineString","coordinates":[[-0.1074528088235292,51.55865248529412],[-0.1074309,51.558689],[-0.1073918,51.5587576],[-0.1073597,51.5588162],[-0.1073267,51.5588781],[-0.1071566,51.5592382],[-0.107089,51.5594638],[-0.1070672,51.559738],[-0.1071777,51.5613502],[-0.1072102,51.5616313],[-0.1072092,51.5618268],[-0.1071873,51.5621527],[-0.1071207,51.5632195],[-0.107033,51.564044],[-0.10701056155914733,51.564187097108366]]},"properties":{"id":"940GZZLUASL-940GZZLUFPK-Piccadilly","source":"940GZZLUASL","target":"940GZZLUFPK","sourceName":"Arsenal","targetName":"Finsbury Park","line":"Piccadilly","colour":"#003688","color":"#003688","traffic":0.057,"off9":-1.5,"off12":-3.5,"off14":-6.0},"id":80},{"type":"Feature","geometry":{"type":"LineString","coordinates":[[-0.11329139102988725,51.552754312886314],[-0.1131562,51.5528661],[-0.1127085,51.5532273],[-0.111964,51.5538138],[-0.1100542,51.5554466],[-0.1087324,51.5568928],[-0.1081348,51.5576475],[-0.1079654,51.5578441],[-0.1078192,51.558046],[-0.107564,51.5584662],[-0.1075371,51.5585103],[-0.1075002,51.5585735],[-0.1074528088235292,51.55865248529412]]},"properties":{"id":"940GZZLUHWY-940GZZLUASL-Piccadilly","source":"940GZZLUHWY","target":"940GZZLUASL","sourceName":"Holloway Road","targetName":"Arsenal","line":"Piccadilly","colour":"#003688","color":"#003688","traffic":0.0567,"off9":-1.5,"off12":-3.5,"off14":-6.0},"id":81},{"type":"Feature","geometry":{"type":"LineString","coordinates":[[-0.11329139102988725,51.552754312886314],[-0.114107,51.5520799],[-0.1142934,51.5519356],[-0.1161695,51.5506324],[-0.1163567,51.5504906],[-0.1165068,51.5503655],[-0.1177561,51.54921],[-0.118305,51.5484586],[-0.1183536,51.5484214]]},"properties":{"id":"940GZZLUHWY-940GZZLUCAR-Piccadilly","source":"940GZZLUHWY","target":"940GZZLUCAR","sourceName":"Holloway Road","targetName":"Caledonian Road","line":"Piccadilly","colour":"#003688","color":"#003688","traffic":0.4381,"off9":-1.5,"off12":-3.5,"off14":-6.0},"id":82},{"type":"Feature","geometry":{"type":"LineString","coordinates":[[-0.10701056155914733,51.564187097108366],[-0.1068875,51.5649719],[-0.1068522,51.5651039],[-0.1068379,51.5651674],[-0.106657,51.5659692],[-0.1065119,51.5663277],[-0.1062473,51.5668577],[-0.1060206,51.5672311],[-0.1057347,51.5676529],[-0.1055064,51.5678945],[-0.1052747,51.5680901],[-0.1050608,51.5682523],[-0.1048344,51.568394],[-0.1042872,51.5686307],[-0.1036221,51.5688011],[-0.1029429,51.5688935],[-0.1020449,51.5689428],[-0.1005214,51.5689628],[-0.0997216,51.5690022],[-0.0990843,51.5690762],[-0.0985012,51.5691916],[-0.0980323,51.5693726],[-0.0975924,51.569605],[-0.0971493,51.5698718],[-0.0965771,51.5703258],[-0.09610810881764556,51.57072642077702]]},"properties":{"id":"940GZZLUFPK-940GZZLUMRH-Piccadilly","source":"940GZZLUFPK","target":"940GZZLUMRH","sourceName":"Finsbury Park","targetName":"Manor House","line":"Piccadilly","colour":"#003688","color":"#003688","traffic":0.0844,"off9":-1.5,"off12":-3.5,"off14":-6.0},"id":83},{"type":"Feature","geometry":{"type":"LineString","coordinates":[[-0.10701056155914733,51.564187097108366],[-0.107033,51.564044],[-0.1071207,51.5632195],[-0.1071873,51.5621527],[-0.1072092,51.5618268],[-0.1072102,51.5616313],[-0.1071777,51.5613502],[-0.1070672,51.559738],[-0.107089,51.5594638],[-0.1071566,51.5592382],[-0.1073267,51.5588781],[-0.1073597,51.5588162],[-0.1073918,51.5587576],[-0.1074309,51.558689],[-0.1074528088235292,51.55865248529412]]},"properties":{"id":"940GZZLUFPK-940GZZLUASL-Piccadilly","source":"940GZZLUFPK","target":"940GZZLUASL","sourceName":"Finsbury Park","targetName":"Arsenal","line":"Piccadilly","colour":"#003688","color":"#003688","traffic":0.378,"off9":-1.5,"off12":-3.5,"off14":-6.0},"id":84},{"type":"Feature","geometry":{"type":"LineString","coordinates":[[-0.10678707341572695,51.5641527698978],[-0.1068041,51.5640293],[-0.1069696,51.5628281],[-0.1070585,51.5621283],[-0.1070818,51.561732],[-0.1070672,51.5615674],[-0.1069645,51.5611546],[-0.1069216,51.560856],[-0.1069087,51.5597586],[-0.1069176,51.5592866],[-0.1070661,51.5576026],[-0.1070257,51.5568581],[-0.1067355,51.555199],[-0.1065886,51.5547038],[-0.1064468,51.5542309],[-0.1058556,51.5526714],[-0.1055587,51.5519039],[-0.1040999,51.5481328],[-0.1039103,51.5475064],[-0.1036984,51.5467941],[-0.1035535,51.5463143],[-0.10354793755212124,51.54629259922931]]},"properties":{"id":"940GZZLUFPK-940GZZLUHAI-Victoria","source":"940GZZLUFPK","target":"940GZZLUHAI","sourceName":"Finsbury Park","targetName":"Highbury  Islington","line":"Victoria","colour":"#0098D4","color":"#0098D4","traffic":0.9583,"off9":0.0,"off12":0.0,"off14":0.0},"id":85},{"type":"Feature","geometry":{"type":"LineString","coordinates":[[-0.10678707341572695,51.5641527698978],[-0.1066944,51.5648248],[-0.1066341,51.5650907],[-0.1066226,51.5651495],[-0.1065346,51.565599],[-0.106125,51.5673585],[-0.1057608,51.5681561],[-0.1054655,51.5685306],[-0.1051112,51.5688242],[-0.1046358,51.5690993],[-0.1040512,51.5693329],[-0.103358,51.5695198],[-0.0988524,51.570218],[-0.0969937,51.5705918],[-0.0956396,51.5709279],[-0.0912512,51.5724467],[-0.0910641,51.5725033],[-0.0889499,51.573236],[-0.0882274,51.5735153],[-0.0879755,51.5736177],[-0.0871665,51.5740288],[-0.0864696,51.5745243],[-0.0858377,51.5750234],[-0.0852117,51.5755556],[-0.0825543,51.5781944],[-0.0815917,51.57891],[-0.0807738,51.5793669],[-0.0796348,51.5799756],[-0.0773235,51.5811928],[-0.0767917,51.5814729],[-0.0751139,51.5824478],[-0.0745028,51.5827261],[-0.0727884,51.5834588],[-0.07266196576135489,51.58351274230722]]},"properties":{"id":"940GZZLUFPK-940GZZLUSVS-Victoria","source":"940GZZLUFPK","target":"940GZZLUSVS","sourceName":"Finsbury Park","targetName":"Seven Sisters","line":"Victoria","colour":"#0098D4","color":"#0098D4","traffic":0.1426,"off9":0.0,"off12":0.0,"off14":0.0},"id":86},{"type":"Feature","geometry":{"type":"LineString","coordinates":[[-0.1579448,51.5238555],[-0.1581115,51.5239394],[-0.1585598,51.5241948],[-0.1587527,51.5242961],[-0.1613298,51.5256473],[-0.1615109,51.5257506],[-0.1626291,51.5263322],[-0.1635454,51.5267934],[-0.1646349,51.5273686],[-0.164724,51.5274156],[-0.1654919,51.5277637],[-0.1659014,51.5280218],[-0.1662302,51.5281864],[-0.1666119,51.5283841],[-0.1669409,51.5285709],[-0.1672098,51.5287379],[-0.1675387,51.5289441],[-0.1679911,51.5292685],[-0.1686126,51.5297721],[-0.1695247,51.5305217],[-0.1705613,51.5313705],[-0.1715864,51.5322136],[-0.1724424,51.5329151],[-0.1733882,51.5336876],[-0.1751465,51.535167],[-0.1756063,51.5356148],[-0.1757153,51.53582],[-0.1758125,51.5360899],[-0.1758849,51.5363948],[-0.1759104,51.5366972],[-0.1759378,51.5369981],[-0.1758728,51.5379444],[-0.1756182,51.5390084],[-0.1752589,51.5411584],[-0.175175,51.5428133],[-0.1752623,51.5434868],[-0.1753242,51.543729],[-0.1753679,51.5438867],[-0.1754274,51.5440598],[-0.1755079,51.5441889],[-0.17559,51.5443027],[-0.1756651,51.5444026],[-0.1757964,51.5445419],[-0.1759156,51.5446415],[-0.1760492,51.5447361],[-0.1762024,51.5448326],[-0.1764122,51.544939],[-0.1778918,51.5454885],[-0.1781869,51.5456069],[-0.1783119,51.5456765],[-0.1784135,51.5457405],[-0.1786375,51.5459246],[-0.1787585,51.5460296],[-0.1789376,51.5462229],[-0.1791003,51.5463947],[-0.1792438,51.5465331],[-0.1794054,51.5466627],[-0.1795612,51.5467683],[-0.1796394,51.5468276],[-0.17977155894381383,51.546924827064394]]},"properties":{"id":"940GZZLUBST-940GZZLUFYR-Metropolitan","source":"940GZZLUBST","target":"940GZZLUFYR","sourceName":"Baker Street","targetName":"Finchley Road","line":"Metropolitan","colour":"#9B0056","color":"#9B0056","traffic":0.0785,"off9":-3.0,"off12":-7.0,"off14":-12.0},"id":87},{"type":"Feature","geometry":{"type":"LineString","coordinates":[[-0.15701497002538464,51.52223826213815],[-0.1566779,51.5222984],[-0.1558488,51.5224417],[-0.1556787,51.5224715],[-0.155512,51.5225008],[-0.1533537,51.5228684],[-0.1523934,51.5230468],[-0.1518104,51.5231153],[-0.1511884,51.5231453],[-0.1505374,51.5231861],[-0.1498389,51.5232422],[-0.1491314,51.5233069],[-0.1489664,51.5233223],[-0.1459327,51.523848],[-0.1454896,51.5238823],[-0.1452135,51.5238868],[-0.1450753,51.5238843],[-0.1449542,51.5238778],[-0.1447504,51.5238608],[-0.144476,51.5238379],[-0.1443543,51.523832],[-0.1443265,51.5238308],[-0.14426243238948555,51.52382840985256]]},"properties":{"id":"940GZZLUBST-940GZZLUGPS-Circle","source":"940GZZLUBST","target":"940GZZLUGPS","sourceName":"Baker Street","targetName":"Great Portland Street","line":"Circle","colour":"#FFD300","color":"#FFD300","traffic":0.2298,"off9":3.0,"off12":7.0,"off14":12.0},"id":88},{"type":"Feature","geometry":{"type":"LineString","coordinates":[[-0.15701497002538464,51.52223826213815],[-0.1566779,51.5222984],[-0.1558488,51.5224417],[-0.1556787,51.5224715],[-0.155512,51.5225008],[-0.1533537,51.5228684],[-0.1523934,51.5230468],[-0.1518104,51.5231153],[-0.1511884,51.5231453],[-0.1505374,51.5231861],[-0.1498389,51.5232422],[-0.1491314,51.5233069],[-0.1489664,51.5233223],[-0.1459327,51.523848],[-0.1454896,51.5238823],[-0.1452135,51.5238868],[-0.1450753,51.5238843],[-0.1449542,51.5238778],[-0.1447504,51.5238608],[-0.144476,51.5238379],[-0.1443543,51.523832],[-0.1443265,51.5238308],[-0.14426243238948555,51.52382840985256]]},"properties":{"id":"940GZZLUBST-940GZZLUGPS-Hammersmith & City","source":"940GZZLUBST","target":"940GZZLUGPS","sourceName":"Baker Street","targetName":"Great Portland Street","line":"Hammersmith & City","colour":"#F3A9BB","color":"#F3A9BB","traffic":0.2298,"off9":0.0,"off12":0.0,"off14":0.0},"id":89},{"type":"Feature","geometry":{"type":"LineString","coordinates":[[-0.1570179421542031,51.5230127561711],[-0.1569286,51.5229356],[-0.1567915,51.5228385],[-0.1566482,51.522763],[-0.1565394,51.5227056],[-0.1563973,51.5226341],[-0.1561264,51.5225482],[-0.155835,51.5224805],[-0.1556787,51.5224715],[-0.1554892,51.5224607],[-0.1533309,51.5228283],[-0.1523706,51.5230067],[-0.1517943,51.5230736],[-0.151183,51.5231022],[-0.1505226,51.5231493],[-0.1498121,51.5232121],[-0.1491134,51.5232647],[-0.1489436,51.5232822],[-0.1459488,51.5238049],[-0.1454914,51.523845],[-0.1452161,51.5238571],[-0.1450767,51.5238542],[-0.1449537,51.5238477],[-0.144482,51.5238155],[-0.1443505,51.5238065],[-0.1442635595723597,51.52380285018657]]},"properties":{"id":"940GZZLUBST-940GZZLUGPS-Metropolitan","source":"940GZZLUBST","target":"940GZZLUGPS","sourceName":"Baker Street","targetName":"Great Portland Street","line":"Metropolitan","colour":"#9B0056","color":"#9B0056","traffic":0.2298,"off9":-3.0,"off12":-7.0,"off14":-12.0},"id":90},{"type":"Feature","geometry":{"type":"LineString","coordinates":[[-0.1573512984971738,51.52367197725079],[-0.1576072,51.5236002],[-0.1581911,51.5234232],[-0.1593023,51.5230841],[-0.1604245,51.5227869],[-0.1615962,51.5227013],[-0.1621201,51.522688],[-0.1623127,51.5227054],[-0.1628784,51.5227625],[-0.1632699,51.5228218],[-0.1640613,51.5230551],[-0.16484,51.5234005],[-0.1655196,51.5237867],[-0.1660015,51.5241364],[-0.1665699,51.5246467],[-0.166603,51.524708],[-0.1668774,51.5253354],[-0.1671822,51.5261623],[-0.1673513,51.526881],[-0.1674327,51.527282],[-0.1676013,51.5278938],[-0.1678974,51.5285352],[-0.1681475,51.5288618],[-0.1686341,51.5295648],[-0.1693569,51.5302628],[-0.1709046,51.5315373],[-0.1725224,51.532903],[-0.1730681,51.533531],[-0.1732742,51.5337372],[-0.1735511,51.5341613],[-0.1736679,51.5343645],[-0.17377746969491473,51.53460025560626]]},"properties":{"id":"940GZZLUBST-940GZZLUSJW-Jubilee","source":"940GZZLUBST","target":"940GZZLUSJW","sourceName":"Baker Street","targetName":"St Johns Wood","line":"Jubilee","colour":"#A0A5A9","color":"#A0A5A9","traffic":0.176,"off9":0.0,"off12":0.0,"off14":0.0},"id":91},{"type":"Feature","geometry":{"type":"LineString","coordinates":[[-0.1573512984971738,51.52367197725079],[-0.1573448,51.5236738],[-0.1571419,51.5237437],[-0.1568796,51.5238242],[-0.1563219,51.5239906],[-0.1558167,51.5241416],[-0.1554194,51.5242837],[-0.1536314,51.5247458],[-0.1524567,51.5249197],[-0.1519434,51.524895],[-0.1512314,51.5248125],[-0.1499578,51.5245756],[-0.1483746,51.5239077],[-0.1474902,51.523344],[-0.1473467,51.5232202],[-0.1469288,51.5228597],[-0.1467251,51.5224598],[-0.1466099,51.5221819],[-0.1464896,51.521906],[-0.1464678,51.521829],[-0.1464214,51.521675],[-0.1463998,51.5215121],[-0.1463869,51.5211548],[-0.1463916,51.5209408],[-0.1464035,51.5208278],[-0.146452,51.5205056],[-0.1465734,51.5202007],[-0.1466274,51.5200692],[-0.1468002,51.5197765],[-0.1470661,51.5194142],[-0.1472574,51.5191875],[-0.1475195,51.518889],[-0.1479394,51.5184413],[-0.1482356,51.5180781],[-0.1483542,51.5179395],[-0.1488311,51.5173456],[-0.1489623,51.5171669],[-0.1491541,51.5168609],[-0.1492768,51.5166222],[-0.1493628,51.5164633],[-0.1495198,51.5161756],[-0.1496514,51.5157778],[-0.1496523,51.5153124],[-0.1496223,51.5147896],[-0.1496016,51.5146419],[-0.14954317897232616,51.514338641499656]]},"properties":{"id":"940GZZLUBST-940GZZLUBND-Jubilee","source":"940GZZLUBST","target":"940GZZLUBND","sourceName":"Baker Street","targetName":"Bond Street","line":"Jubilee","colour":"#A0A5A9","color":"#A0A5A9","traffic":0.6123,"off9":0.0,"off12":0.0,"off14":0.0},"id":92},{"type":"Feature","geometry":{"type":"LineString","coordinates":[[-0.15701497002538464,51.52223826213815],[-0.1574923,51.5221531],[-0.1605919,51.5215638],[-0.1636888,51.5209755],[-0.1650076,51.5207493],[-0.1653598,51.5206599],[-0.1656027,51.5206009],[-0.1656381,51.5205881],[-0.1662243,51.520478],[-0.1666224,51.5203649],[-0.1668361,51.5203099],[-0.1670842,51.520233],[-0.1673162,51.5201541],[-0.16786070890258725,51.519926762236395]]},"properties":{"id":"940GZZLUBST-940GZZLUERC-Circle","source":"940GZZLUBST","target":"940GZZLUERC","sourceName":"Baker Street","targetName":"Edgware Road Circle Line","line":"Circle","colour":"#FFD300","color":"#FFD300","traffic":0.1569,"off9":3.0,"off12":7.0,"off14":12.0},"id":93},{"type":"Feature","geometry":{"type":"LineString","coordinates":[[-0.15701497002538464,51.52223826213815],[-0.1574923,51.5221531],[-0.1605919,51.5215638],[-0.1636888,51.5209755],[-0.1650076,51.5207493],[-0.1653598,51.5206599],[-0.1656027,51.5206009],[-0.1656381,51.5205881],[-0.1662243,51.520478],[-0.1666224,51.5203649],[-0.1668361,51.5203099],[-0.1670842,51.520233],[-0.1673162,51.5201541],[-0.16786070890258725,51.519926762236395]]},"properties":{"id":"940GZZLUBST-940GZZLUERC-Hammersmith & City","source":"940GZZLUBST","target":"940GZZLUERC","sourceName":"Baker Street","targetName":"Edgware Road Circle Line","line":"Hammersmith & City","colour":"#F3A9BB","color":"#F3A9BB","traffic":0.1569,"off9":0.0,"off12":0.0,"off14":0.0},"id":94},{"type":"Feature","geometry":{"type":"LineString","coordinates":[[-0.1572058387070461,51.523203135543525],[-0.1566644,51.5233314],[-0.1562111,51.5234358],[-0.1557059,51.5235477],[-0.1551884,51.5236794],[-0.1546423,51.5237991],[-0.1541691,51.5238926],[-0.1491681,51.5247194],[-0.1488339,51.5247635],[-0.148494,51.524786],[-0.1481684,51.5247887],[-0.1478991,51.5247625],[-0.1476505,51.5246987],[-0.1474496,51.5246063],[-0.1471897,51.5244449],[-0.1470376,51.5243157],[-0.1469105,51.5241661],[-0.1467715,51.5239551],[-0.1466069,51.5236375],[-0.14644247634953705,51.52334485607165]]},"properties":{"id":"940GZZLUBST-940GZZLURGP-Bakerloo","source":"940GZZLUBST","target":"940GZZLURGP","sourceName":"Baker Street","targetName":"Regents Park","line":"Bakerloo","colour":"#B36305","color":"#B36305","traffic":0.3714,"off9":0.0,"off12":0.0,"off14":0.0},"id":95},{"type":"Feature","geometry":{"type":"LineString","coordinates":[[-0.1572058387070461,51.523203135543525],[-0.1575496,51.5231217],[-0.158137,51.5229875],[-0.1595612,51.5227597],[-0.1599666,51.5226949],[-0.1616064,51.5224191],[-0.1621435,51.5223579],[-0.1626501,51.5223201],[-0.16320355782568113,51.52227739223077]]},"properties":{"id":"940GZZLUBST-940GZZLUMYB-Bakerloo","source":"940GZZLUBST","target":"940GZZLUMYB","sourceName":"Baker Street","targetName":"Marylebone","line":"Bakerloo","colour":"#B36305","color":"#B36305","traffic":0.2759,"off9":0.0,"off12":0.0,"off14":0.0},"id":96},{"type":"Feature","geometry":{"type":"LineString","coordinates":[[-0.17977155894381383,51.546924827064394],[-0.1796394,51.5468276],[-0.1795612,51.5467683],[-0.1794054,51.5466627],[-0.1792438,51.5465331],[-0.1791003,51.5463947],[-0.1789376,51.5462229],[-0.1787585,51.5460296],[-0.1786375,51.5459246],[-0.1784135,51.5457405],[-0.1783119,51.5456765],[-0.1781869,51.5456069],[-0.1778918,51.5454885],[-0.1764122,51.544939],[-0.1762024,51.5448326],[-0.1760492,51.5447361],[-0.1759156,51.5446415],[-0.1757964,51.5445419],[-0.1756651,51.5444026],[-0.17559,51.5443027],[-0.1755079,51.5441889],[-0.1754274,51.5440598],[-0.1753679,51.5438867],[-0.1753242,51.543729],[-0.1752623,51.5434868],[-0.175175,51.5428133],[-0.1752589,51.5411584],[-0.1756182,51.5390084],[-0.1758728,51.5379444],[-0.1759378,51.5369981],[-0.1759104,51.5366972],[-0.1758849,51.5363948],[-0.1758125,51.5360899],[-0.1757153,51.53582],[-0.1756063,51.5356148],[-0.1751465,51.535167],[-0.1733882,51.5336876],[-0.1724424,51.5329151],[-0.1715864,51.5322136],[-0.1705613,51.5313705],[-0.1695247,51.5305217],[-0.1686126,51.5297721],[-0.1679911,51.5292685],[-0.1675387,51.5289441],[-0.1672098,51.5287379],[-0.1669409,51.5285709],[-0.1666119,51.5283841],[-0.1662302,51.5281864],[-0.1659014,51.5280218],[-0.1654919,51.5277637],[-0.164724,51.5274156],[-0.1646349,51.5273686],[-0.1635454,51.5267934],[-0.1626291,51.5263322],[-0.1615109,51.5257506],[-0.1613298,51.5256473],[-0.1587527,51.5242961],[-0.1585598,51.5241948],[-0.1581115,51.5239394],[-0.1579448,51.5238555]]},"properties":{"id":"940GZZLUFYR-940GZZLUBST-Metropolitan","source":"940GZZLUFYR","target":"940GZZLUBST","sourceName":"Finchley Road","targetName":"Baker Street","line":"Metropolitan","colour":"#9B0056","color":"#9B0056","traffic":0.3249,"off9":-3.0,"off12":-7.0,"off14":-12.0},"id":97},{"type":"Feature","geometry":{"type":"LineString","coordinates":[[-0.17989353564512175,51.54673544916753],[-0.180175,51.546888],[-0.1803348,51.5469603],[-0.1804631,51.5470107],[-0.1805588,51.5470472],[-0.1806646,51.547085],[-0.1808508,51.5471468],[-0.1809847,51.5471865],[-0.1812211,51.5472503],[-0.1813991,51.5472946],[-0.1815263,51.5473221],[-0.1816528,51.5473459],[-0.1818019,51.5473717],[-0.1819537,51.5473918],[-0.1822516,51.5474105],[-0.1824461,51.5474106],[-0.1827853,51.5473993],[-0.1830546,51.547378],[-0.1838205,51.5472902],[-0.1841249,51.5472551],[-0.1855521,51.5470841],[-0.1862522,51.5470006],[-0.1870284,51.5469176],[-0.1877297,51.5468544],[-0.1888446,51.5467715],[-0.1904852,51.5466774],[-0.1907679,51.5466598],[-0.1912134,51.5466233],[-0.1944486,51.5464007],[-0.1959467,51.5463185],[-0.1963123,51.5463036],[-0.1966874,51.5462994],[-0.1971094,51.5463079],[-0.1976582,51.5463368],[-0.199636,51.5464778],[-0.2015819,51.5466279],[-0.2024667,51.5466928],[-0.2028323,51.5467195],[-0.2033441,51.5467578],[-0.2042328,51.5468225],[-0.2048232,51.5468633],[-0.2053341,51.5468958],[-0.2059589,51.5469416],[-0.207146,51.5470287],[-0.2077574,51.5470765],[-0.2084676,51.5471562],[-0.2094584,51.5472866],[-0.210436,51.5474367],[-0.2185432,51.5486837],[-0.2207934,51.549049],[-0.2210409,51.549088],[-0.2211086,51.5490987],[-0.2228488,51.5493732],[-0.2239248,51.5495367],[-0.2252855,51.5497482],[-0.2273523,51.5500684],[-0.2280392,51.5501774],[-0.2282735,51.5502135],[-0.233053,51.5509721],[-0.2332958,51.5510134],[-0.2355396,51.5513426],[-0.2364309,51.5515001],[-0.2374082,51.5516605],[-0.2379467,51.5517412],[-0.2383193,51.5517972],[-0.2386749,51.5518564],[-0.23925,51.5519482],[-0.2398576,51.5520522],[-0.2406616,51.5521755],[-0.2415317,51.552314],[-0.2434153,51.5525902],[-0.2441896,51.5527133],[-0.2453469,51.5529088],[-0.246621,51.5531732],[-0.2472597,51.5533194],[-0.2482556,51.5535749],[-0.2494901,51.5539143],[-0.2504719,51.554181],[-0.2516068,51.5544651],[-0.2520588,51.5545759],[-0.2534718,51.5549137],[-0.2544988,51.5552086],[-0.2556364,51.5555198],[-0.2558518,51.5555771],[-0.2564547,51.5557407],[-0.2570941,51.5559231],[-0.2574909,51.5560347],[-0.2580431,51.5561979],[-0.2585217,51.5563393],[-0.2593125,51.5565922],[-0.2598798,51.5567822],[-0.2603012,51.5569174],[-0.2608448,51.5571167],[-0.2613878,51.5573107],[-0.261977,51.5575268],[-0.2625538,51.5577431],[-0.263138,51.5579822],[-0.2637392,51.5582286],[-0.2642685,51.5584553],[-0.2648942,51.5587099],[-0.2654636,51.5589551],[-0.2660065,51.5591824],[-0.2666704,51.5594534],[-0.2672224,51.5596922],[-0.2678465,51.559949],[-0.2684446,51.5601981],[-0.2691865,51.5604868],[-0.2697699,51.5607124],[-0.2704064,51.5609454],[-0.2711622,51.5612199],[-0.2718359,51.5614577],[-0.2722833,51.5615987],[-0.2726876,51.5617144],[-0.2731968,51.5618516],[-0.273617,51.5619625],[-0.2743141,51.5621266],[-0.2752057,51.5623178],[-0.2764549,51.5625501],[-0.2767161,51.5625987],[-0.2771472,51.5626814],[-0.2775827,51.5627762]]},"properties":{"id":"940GZZLUFYR-940GZZLUWYP-Metropolitan","source":"940GZZLUFYR","target":"940GZZLUWYP","sourceName":"Finchley Road","targetName":"Wembley Park","line":"Metropolitan","colour":"#9B0056","color":"#9B0056","traffic":0.1057,"off9":-3.0,"off12":-7.0,"off14":-12.0},"id":98},{"type":"Feature","geometry":{"type":"LineString","coordinates":[[-0.17983138095510864,51.54684969561621],[-0.1800508,51.5469707],[-0.1802143,51.5470464],[-0.1803072,51.547081],[-0.1804561,51.5471408],[-0.1805967,51.5471835],[-0.180791,51.5472377],[-0.1809172,51.5472737],[-0.1811756,51.5473312],[-0.1813691,51.5473714],[-0.1814943,51.5473946],[-0.1817334,51.5474305],[-0.1818734,51.5474454],[-0.1819317,51.5474499],[-0.1821255,51.5474582],[-0.1824019,51.5474577],[-0.1826781,51.5474467],[-0.1828821,51.5474369],[-0.1830507,51.5474232],[-0.1832822,51.5473981],[-0.1838316,51.5473335],[-0.1841017,51.547299],[-0.1848594,51.5472092],[-0.1855615,51.547127],[-0.1862639,51.5470536],[-0.18704,51.5469858],[-0.1877435,51.5469321],[-0.188887,51.546834],[-0.1893576,51.5467968],[-0.1898226,51.5467612],[-0.1904913,51.54672],[-0.1907766,51.5467067],[-0.19106219939770389,51.54668866491473]]},"properties":{"id":"940GZZLUFYR-940GZZLUWHP-Jubilee","source":"940GZZLUFYR","target":"940GZZLUWHP","sourceName":"Finchley Road","targetName":"West Hampstead","line":"Jubilee","colour":"#A0A5A9","color":"#A0A5A9","traffic":0.0914,"off9":0.0,"off12":0.0,"off14":0.0},"id":99},{"type":"Feature","geometry":{"type":"LineString","coordinates":[[-0.17980921330807298,51.5468882407226],[-0.1793723,51.546641],[-0.1791043,51.5464789],[-0.1788782,51.5463364],[-0.1785264,51.5461063],[-0.178233,51.5459245],[-0.1778409,51.5457158],[-0.1774064,51.5455034],[-0.1773735,51.5454882],[-0.1768002,51.5452227],[-0.1764327,51.5450451],[-0.1761484,51.5448787],[-0.1759016,51.5446992],[-0.1756361,51.5444699],[-0.1751167,51.5440315],[-0.1748403,51.5437881],[-0.1748155089253579,51.54376490991452]]},"properties":{"id":"940GZZLUFYR-940GZZLUSWC-Jubilee","source":"940GZZLUFYR","target":"940GZZLUSWC","sourceName":"Finchley Road","targetName":"Swiss Cottage","line":"Jubilee","colour":"#A0A5A9","color":"#A0A5A9","traffic":0.5351,"off9":0.0,"off12":0.0,"off14":0.0},"id":100},{"type":"Feature","geometry":{"type":"LineString","coordinates":[[-0.14426243238948555,51.52382840985256],[-0.1443265,51.5238308],[-0.1443543,51.523832],[-0.144476,51.5238379],[-0.1447504,51.5238608],[-0.1449542,51.5238778],[-0.1450753,51.5238843],[-0.1452135,51.5238868],[-0.1454896,51.5238823],[-0.1459327,51.523848],[-0.1489664,51.5233223],[-0.1491314,51.5233069],[-0.1498389,51.5232422],[-0.1505374,51.5231861],[-0.1511884,51.5231453],[-0.1518104,51.5231153],[-0.1523934,51.5230468],[-0.1533537,51.5228684],[-0.155512,51.5225008],[-0.1556787,51.5224715],[-0.1558488,51.5224417],[-0.1566779,51.5222984],[-0.15701497002538464,51.52223826213815]]},"properties":{"id":"940GZZLUGPS-940GZZLUBST-Circle","source":"940GZZLUGPS","target":"940GZZLUBST","sourceName":"Great Portland Street","targetName":"Baker Street","line":"Circle","colour":"#FFD300","color":"#FFD300","traffic":0.1577,"off9":3.0,"off12":7.0,"off14":12.0},"id":101},{"type":"Feature","geometry":{"type":"LineString","coordinates":[[-0.14426243238948555,51.52382840985256],[-0.1443265,51.5238308],[-0.1443543,51.523832],[-0.144476,51.5238379],[-0.1447504,51.5238608],[-0.1449542,51.5238778],[-0.1450753,51.5238843],[-0.1452135,51.5238868],[-0.1454896,51.5238823],[-0.1459327,51.523848],[-0.1489664,51.5233223],[-0.1491314,51.5233069],[-0.1498389,51.5232422],[-0.1505374,51.5231861],[-0.1511884,51.5231453],[-0.1518104,51.5231153],[-0.1523934,51.5230468],[-0.1533537,51.5228684],[-0.155512,51.5225008],[-0.1556787,51.5224715],[-0.1558488,51.5224417],[-0.1566779,51.5222984],[-0.15701497002538464,51.52223826213815]]},"properties":{"id":"940GZZLUGPS-940GZZLUBST-Hammersmith & City","source":"940GZZLUGPS","target":"940GZZLUBST","sourceName":"Great Portland Street","targetName":"Baker Street","line":"Hammersmith & City","colour":"#F3A9BB","color":"#F3A9BB","traffic":0.1577,"off9":0.0,"off12":0.0,"off14":0.0},"id":102},{"type":"Feature","geometry":{"type":"LineString","coordinates":[[-0.1442635595723597,51.52380285018657],[-0.1443505,51.5238065],[-0.144482,51.5238155],[-0.1449537,51.5238477],[-0.1450767,51.5238542],[-0.1452161,51.5238571],[-0.1454914,51.523845],[-0.1459488,51.5238049],[-0.1489436,51.5232822],[-0.1491134,51.5232647],[-0.1498121,51.5232121],[-0.1505226,51.5231493],[-0.151183,51.5231022],[-0.1517943,51.5230736],[-0.1523706,51.5230067],[-0.1533309,51.5228283],[-0.1554892,51.5224607],[-0.1556787,51.5224715],[-0.155835,51.5224805],[-0.1561264,51.5225482],[-0.1563973,51.5226341],[-0.1565394,51.5227056],[-0.1566482,51.522763],[-0.1567915,51.5228385],[-0.1569286,51.5229356],[-0.1570179421542031,51.5230127561711]]},"properties":{"id":"940GZZLUGPS-940GZZLUBST-Metropolitan","source":"940GZZLUGPS","target":"940GZZLUBST","sourceName":"Great Portland Street","targetName":"Baker Street","line":"Metropolitan","colour":"#9B0056","color":"#9B0056","traffic":0.1577,"off9":-3.0,"off12":-7.0,"off14":-12.0},"id":103},{"type":"Feature","geometry":{"type":"LineString","coordinates":[[-0.14426243238948555,51.52382840985256],[-0.1442166,51.5238267],[-0.1440867,51.5238243],[-0.1439808,51.5238232],[-0.1438906,51.5238238],[-0.1437799,51.5238258],[-0.1436687,51.5238289],[-0.1435289,51.5238329],[-0.1433722,51.5238415],[-0.1432717,51.5238495],[-0.1431611,51.5238598],[-0.1431015,51.5238661],[-0.142998,51.5238786],[-0.1428825,51.5238939],[-0.142751,51.5239124],[-0.1424383,51.5239663],[-0.1417983,51.5241019],[-0.1393864,51.5246434],[-0.1363732,51.5254304],[-0.1361905,51.5254838],[-0.1360091,51.5255427],[-0.13583071564686938,51.525608641175346]]},"properties":{"id":"940GZZLUGPS-940GZZLUESQ-Circle","source":"940GZZLUGPS","target":"940GZZLUESQ","sourceName":"Great Portland Street","targetName":"Euston Square","line":"Circle","colour":"#FFD300","color":"#FFD300","traffic":0.2142,"off9":3.0,"off12":7.0,"off14":12.0},"id":104},{"type":"Feature","geometry":{"type":"LineString","coordinates":[[-0.14426243238948555,51.52382840985256],[-0.1442166,51.5238267],[-0.1440867,51.5238243],[-0.1439808,51.5238232],[-0.1438906,51.5238238],[-0.1437799,51.5238258],[-0.1436687,51.5238289],[-0.1435289,51.5238329],[-0.1433722,51.5238415],[-0.1432717,51.5238495],[-0.1431611,51.5238598],[-0.1431015,51.5238661],[-0.142998,51.5238786],[-0.1428825,51.5238939],[-0.142751,51.5239124],[-0.1424383,51.5239663],[-0.1417983,51.5241019],[-0.1393864,51.5246434],[-0.1363732,51.5254304],[-0.1361905,51.5254838],[-0.1360091,51.5255427],[-0.13583071564686938,51.525608641175346]]},"properties":{"id":"940GZZLUGPS-940GZZLUESQ-Hammersmith & City","source":"940GZZLUGPS","target":"940GZZLUESQ","sourceName":"Great Portland Street","targetName":"Euston Square","line":"Hammersmith & City","colour":"#F3A9BB","color":"#F3A9BB","traffic":0.2142,"off9":0.0,"off12":0.0,"off14":0.0},"id":105},{"type":"Feature","geometry":{"type":"LineString","coordinates":[[-0.14426243238948555,51.52382840985256],[-0.1442166,51.5238267],[-0.1440867,51.5238243],[-0.1439808,51.5238232],[-0.1438906,51.5238238],[-0.1437799,51.5238258],[-0.1436687,51.5238289],[-0.1435289,51.5238329],[-0.1433722,51.5238415],[-0.1432717,51.5238495],[-0.1431611,51.5238598],[-0.1431015,51.5238661],[-0.142998,51.5238786],[-0.1428825,51.5238939],[-0.142751,51.5239124],[-0.1424383,51.5239663],[-0.1417983,51.5241019],[-0.1393864,51.5246434],[-0.1363732,51.5254304],[-0.1361905,51.5254838],[-0.1360091,51.5255427],[-0.13583071564686935,51.525608641175346]]},"properties":{"id":"940GZZLUGPS-940GZZLUESQ-Metropolitan","source":"940GZZLUGPS","target":"940GZZLUESQ","sourceName":"Great Portland Street","targetName":"Euston Square","line":"Metropolitan","colour":"#9B0056","color":"#9B0056","traffic":0.2142,"off9":-3.0,"off12":-7.0,"off14":-12.0},"id":106},{"type":"Feature","geometry":{"type":"LineString","coordinates":[[-0.17377746969491473,51.53460025560626],[-0.1736679,51.5343645],[-0.1735511,51.5341613],[-0.1732742,51.5337372],[-0.1730681,51.533531],[-0.1725224,51.532903],[-0.1709046,51.5315373],[-0.1693569,51.5302628],[-0.1686341,51.5295648],[-0.1681475,51.5288618],[-0.1678974,51.5285352],[-0.1676013,51.5278938],[-0.1674327,51.527282],[-0.1673513,51.526881],[-0.1671822,51.5261623],[-0.1668774,51.5253354],[-0.166603,51.524708],[-0.1665699,51.5246467],[-0.1660015,51.5241364],[-0.1655196,51.5237867],[-0.16484,51.5234005],[-0.1640613,51.5230551],[-0.1632699,51.5228218],[-0.1628784,51.5227625],[-0.1623127,51.5227054],[-0.1621201,51.522688],[-0.1615962,51.5227013],[-0.1604245,51.5227869],[-0.1593023,51.5230841],[-0.1581911,51.5234232],[-0.1576072,51.5236002],[-0.1573512984971738,51.52367197725079]]},"properties":{"id":"940GZZLUSJW-940GZZLUBST-Jubilee","source":"940GZZLUSJW","target":"940GZZLUBST","sourceName":"St Johns Wood","targetName":"Baker Street","line":"Jubilee","colour":"#A0A5A9","color":"#A0A5A9","traffic":0.5889,"off9":0.0,"off12":0.0,"off14":0.0},"id":107},{"type":"Feature","geometry":{"type":"LineString","coordinates":[[-0.17400551665819386,51.53445867597933],[-0.1741826,51.5346221],[-0.1742591,51.5347788],[-0.174295,51.5348742],[-0.1743393,51.5349897],[-0.1743891,51.5351226],[-0.1744187,51.5352226],[-0.174457,51.5353687],[-0.1744718,51.5354393],[-0.1744907,51.5355341],[-0.1745061,51.5356438],[-0.1745284,51.535806],[-0.1745113,51.5362582],[-0.1744697,51.536816],[-0.1744137,51.5383043],[-0.1741543,51.5396465],[-0.1739439,51.5407524],[-0.1738497,51.5414974],[-0.1738866,51.5418584],[-0.1739275,51.5420265],[-0.1740395,51.5423553],[-0.1741993,51.5427052],[-0.1742722,51.5428035],[-0.1746411,51.5431673],[-0.17502463063539622,51.54355013044255]]},"properties":{"id":"940GZZLUSJW-940GZZLUSWC-Jubilee","source":"940GZZLUSJW","target":"940GZZLUSWC","sourceName":"St Johns Wood","targetName":"Swiss Cottage","line":"Jubilee","colour":"#A0A5A9","color":"#A0A5A9","traffic":0.139,"off9":0.0,"off12":0.0,"off14":0.0},"id":108},{"type":"Feature","geometry":{"type":"LineString","coordinates":[[-0.14954317897232616,51.514338641499656],[-0.1489809,51.5114199],[-0.1488223,51.5107163],[-0.1485874,51.5096778],[-0.148509,51.5093302],[-0.1483207,51.509008],[-0.1481178,51.5086089],[-0.1479968,51.508422],[-0.1476688,51.5081317],[-0.1471819,51.5077476],[-0.1469807,51.5075438],[-0.1467296,51.5073469],[-0.1458177,51.5069492],[-0.1452151,51.5067774],[-0.1446522,51.506626],[-0.1440861,51.5065054],[-0.14281719561239187,51.50643112715298]]},"properties":{"id":"940GZZLUBND-940GZZLUGPK-Jubilee","source":"940GZZLUBND","target":"940GZZLUGPK","sourceName":"Bond Street","targetName":"Green Park","line":"Jubilee","colour":"#A0A5A9","color":"#A0A5A9","traffic":0.5382,"off9":0.0,"off12":0.0,"off14":0.0},"id":109},{"type":"Feature","geometry":{"type":"LineString","coordinates":[[-0.14954317897232616,51.514338641499656],[-0.1496016,51.5146419],[-0.1496223,51.5147896],[-0.1496523,51.5153124],[-0.1496514,51.5157778],[-0.1495198,51.5161756],[-0.1493628,51.5164633],[-0.1492768,51.5166222],[-0.1491541,51.5168609],[-0.1489623,51.5171669],[-0.1488311,51.5173456],[-0.1483542,51.5179395],[-0.1482356,51.5180781],[-0.1479394,51.5184413],[-0.1475195,51.518889],[-0.1472574,51.5191875],[-0.1470661,51.5194142],[-0.1468002,51.5197765],[-0.1466274,51.5200692],[-0.1465734,51.5202007],[-0.146452,51.5205056],[-0.1464035,51.5208278],[-0.1463916,51.5209408],[-0.1463869,51.5211548],[-0.1463998,51.5215121],[-0.1464214,51.521675],[-0.1464678,51.521829],[-0.1464896,51.521906],[-0.1466099,51.5221819],[-0.1467251,51.5224598],[-0.1469288,51.5228597],[-0.1473467,51.5232202],[-0.1474902,51.523344],[-0.1483746,51.5239077],[-0.1499578,51.5245756],[-0.1512314,51.5248125],[-0.1519434,51.524895],[-0.1524567,51.5249197],[-0.1536314,51.5247458],[-0.1554194,51.5242837],[-0.1558167,51.5241416],[-0.1563219,51.5239906],[-0.1568796,51.5238242],[-0.1571419,51.5237437],[-0.1573448,51.5236738],[-0.1573512984971738,51.52367197725079]]},"properties":{"id":"940GZZLUBND-940GZZLUBST-Jubilee","source":"940GZZLUBND","target":"940GZZLUBST","sourceName":"Bond Street","targetName":"Baker Street","line":"Jubilee","colour":"#A0A5A9","color":"#A0A5A9","traffic":0.2661,"off9":0.0,"off12":0.0,"off14":0.0},"id":110},{"type":"Feature","geometry":{"type":"LineString","coordinates":[[-0.14973195267542616,51.51438538316149],[-0.1500336,51.5143522],[-0.1538986,51.5139416],[-0.1562186,51.5137674],[-0.1577907,51.5135817],[-0.1583892,51.5135178],[-0.15895558357665918,51.513443764882325]]},"properties":{"id":"940GZZLUBND-940GZZLUMBA-Central","source":"940GZZLUBND","target":"940GZZLUMBA","sourceName":"Bond Street","targetName":"Marble Arch","line":"Central","colour":"#E32017","color":"#E32017","traffic":0.4105,"off9":0.0,"off12":0.0,"off14":0.0},"id":111},{"type":"Feature","geometry":{"type":"LineString","coordinates":[[-0.1497191285330267,51.51427436214356],[-0.1459202,51.5147706],[-0.1422192,51.5152213],[-0.14190505508477988,51.51524809438905]]},"properties":{"id":"940GZZLUBND-940GZZLUOXC-Central","source":"940GZZLUBND","target":"940GZZLUOXC","sourceName":"Bond Street","targetName":"Oxford Circus","line":"Central","colour":"#E32017","color":"#E32017","traffic":0.5351,"off9":0.0,"off12":0.0,"off14":0.0},"id":112},{"type":"Feature","geometry":{"type":"LineString","coordinates":[[-0.168382,51.5196233],[-0.168785,51.5194021],[-0.1689984,51.5192818],[-0.1701444,51.5186345],[-0.1707503,51.5182981],[-0.1712322,51.5181784],[-0.1715216,51.5181304],[-0.171569,51.5181225],[-0.1720942,51.5180354],[-0.1726734,51.5179388],[-0.17272,51.5179319],[-0.1731315,51.5178665],[-0.1734484,51.5178161],[-0.1747459,51.5175958],[-0.1752613,51.5175026],[-0.1755354,51.5174636],[-0.1756838,51.5174543]]},"properties":{"id":"940GZZLUERC-940GZZLUPAC-Hammersmith & City","source":"940GZZLUERC","target":"940GZZLUPAC","sourceName":"Edgware Road Circle Line","targetName":"Paddington","line":"Hammersmith & City","colour":"#F3A9BB","color":"#F3A9BB","traffic":0.0156,"off9":0.0,"off12":0.0,"off14":0.0},"id":113},{"type":"Feature","geometry":{"type":"LineString","coordinates":[[-0.16781691922140426,51.51981282342342],[-0.1678784,51.5197923],[-0.1680878,51.5197315],[-0.168382,51.5196233],[-0.168785,51.5194021],[-0.1689984,51.5192818],[-0.1701444,51.5186345],[-0.1707503,51.5182981],[-0.1708942,51.5182226],[-0.1712567,51.5180278],[-0.1713672,51.5179298],[-0.1714982,51.5178069],[-0.1716511,51.5176733],[-0.1718461,51.5174882],[-0.1719434,51.5173958],[-0.1722573,51.5172301],[-0.173857,51.5163517],[-0.1743291,51.5160937],[-0.1749549,51.5157268],[-0.175149,51.5156184],[-0.17516494645053812,51.515609795433775]]},"properties":{"id":"940GZZLUERC-940GZZLUPAC-District","source":"940GZZLUERC","target":"940GZZLUPAC","sourceName":"Edgware Road Circle Line","targetName":"Paddington","line":"District","colour":"#00782A","color":"#00782A","traffic":0.0156,"off9":1.5,"off12":3.5,"off14":6.0},"id":114},{"type":"Feature","geometry":{"type":"LineString","coordinates":[[-0.16786070890258725,51.519926762236395],[-0.1673162,51.5201541],[-0.1670842,51.520233],[-0.1668361,51.5203099],[-0.1666224,51.5203649],[-0.1662243,51.520478],[-0.1656381,51.5205881],[-0.1656027,51.5206009],[-0.1653598,51.5206599],[-0.1650076,51.5207493],[-0.1636888,51.5209755],[-0.1605919,51.5215638],[-0.1574923,51.5221531],[-0.15701497002538464,51.52223826213815]]},"properties":{"id":"940GZZLUERC-940GZZLUBST-Circle","source":"940GZZLUERC","target":"940GZZLUBST","sourceName":"Edgware Road Circle Line","targetName":"Baker Street","line":"Circle","colour":"#FFD300","color":"#FFD300","traffic":0.2327,"off9":3.0,"off12":7.0,"off14":12.0},"id":115},{"type":"Feature","geometry":{"type":"LineString","coordinates":[[-0.16786070890258725,51.519926762236395],[-0.1673162,51.5201541],[-0.1670842,51.520233],[-0.1668361,51.5203099],[-0.1666224,51.5203649],[-0.1662243,51.520478],[-0.1656381,51.5205881],[-0.1656027,51.5206009],[-0.1653598,51.5206599],[-0.1650076,51.5207493],[-0.1636888,51.5209755],[-0.1605919,51.5215638],[-0.1574923,51.5221531],[-0.15701497002538464,51.52223826213815]]},"properties":{"id":"940GZZLUERC-940GZZLUBST-Hammersmith & City","source":"940GZZLUERC","target":"940GZZLUBST","sourceName":"Edgware Road Circle Line","targetName":"Baker Street","line":"Hammersmith & City","colour":"#F3A9BB","color":"#F3A9BB","traffic":0.2327,"off9":0.0,"off12":0.0,"off14":0.0},"id":116},{"type":"Feature","geometry":{"type":"LineString","coordinates":[[-0.14644247634953705,51.52334485607165],[-0.1466069,51.5236375],[-0.1467715,51.5239551],[-0.1469105,51.5241661],[-0.1470376,51.5243157],[-0.1471897,51.5244449],[-0.1474496,51.5246063],[-0.1476505,51.5246987],[-0.1478991,51.5247625],[-0.1481684,51.5247887],[-0.148494,51.524786],[-0.1488339,51.5247635],[-0.1491681,51.5247194],[-0.1541691,51.5238926],[-0.1546423,51.5237991],[-0.1551884,51.5236794],[-0.1557059,51.5235477],[-0.1562111,51.5234358],[-0.1566644,51.5233314],[-0.1572058387070461,51.523203135543525]]},"properties":{"id":"940GZZLURGP-940GZZLUBST-Bakerloo","source":"940GZZLURGP","target":"940GZZLUBST","sourceName":"Regents Park","targetName":"Baker Street","line":"Bakerloo","colour":"#B36305","color":"#B36305","traffic":0.2476,"off9":0.0,"off12":0.0,"off14":0.0},"id":117},{"type":"Feature","geometry":{"type":"LineString","coordinates":[[-0.14644247634953705,51.52334485607165],[-0.1462254,51.5229585],[-0.1461377,51.5227729],[-0.1441839,51.5183804],[-0.1440783,51.5182741],[-0.1439281,51.5181875],[-0.1437335,51.5180917],[-0.1433423,51.5179057],[-0.1431501,51.5178077],[-0.1429848,51.5176713],[-0.1428717,51.5175098],[-0.1427238,51.5172811],[-0.1422483,51.5162613],[-0.1421469,51.5160177],[-0.142061,51.5157851],[-0.1420167,51.5156556],[-0.1419591,51.5154638],[-0.14189272451505194,51.51522687876388]]},"properties":{"id":"940GZZLURGP-940GZZLUOXC-Bakerloo","source":"940GZZLURGP","target":"940GZZLUOXC","sourceName":"Regents Park","targetName":"Oxford Circus","line":"Bakerloo","colour":"#B36305","color":"#B36305","traffic":0.3576,"off9":0.0,"off12":0.0,"off14":0.0},"id":118},{"type":"Feature","geometry":{"type":"LineString","coordinates":[[-0.16320355782568113,51.52227739223077],[-0.1632216,51.522276],[-0.1635969,51.5222403],[-0.1638262,51.5222253],[-0.164229,51.5222208],[-0.1645876,51.5222295],[-0.1648717,51.5222166],[-0.1652279,51.5221602],[-0.1679369,51.5213355],[-0.1681969,51.5212546],[-0.1683908,51.5211943],[-0.1692393,51.5209072],[-0.1695545,51.5207839],[-0.16981,51.5206729],[-0.1700213,51.5205708],[-0.17023423462545434,51.52045797252866]]},"properties":{"id":"940GZZLUMYB-940GZZLUERB-Bakerloo","source":"940GZZLUMYB","target":"940GZZLUERB","sourceName":"Marylebone","targetName":"Edgware Road Bakerloo","line":"Bakerloo","colour":"#B36305","color":"#B36305","traffic":0.2311,"off9":0.0,"off12":0.0,"off14":0.0},"id":119},{"type":"Feature","geometry":{"type":"LineString","coordinates":[[-0.16320355782568113,51.52227739223077],[-0.1626501,51.5223201],[-0.1621435,51.5223579],[-0.1616064,51.5224191],[-0.1599666,51.5226949],[-0.1595612,51.5227597],[-0.158137,51.5229875],[-0.1575496,51.5231217],[-0.1572058387070461,51.523203135543525]]},"properties":{"id":"940GZZLUMYB-940GZZLUBST-Bakerloo","source":"940GZZLUMYB","target":"940GZZLUBST","sourceName":"Marylebone","targetName":"Baker Street","line":"Bakerloo","colour":"#B36305","color":"#B36305","traffic":0.398,"off9":0.0,"off12":0.0,"off14":0.0},"id":120},{"type":"Feature","geometry":{"type":"LineString","coordinates":[[-0.1530206808133006,51.4433084986099],[-0.153208,51.4430921],[-0.1552579,51.4405025],[-0.1560187,51.4392919],[-0.1567395,51.4378887],[-0.1572948,51.4373159],[-0.1583958,51.4364074],[-0.159069,51.4359799],[-0.1593455,51.4358287],[-0.15972523189485704,51.43565452381183]]},"properties":{"id":"940GZZLUBLM-940GZZLUTBC-Northern","source":"940GZZLUBLM","target":"940GZZLUTBC","sourceName":"Balham","targetName":"Tooting Bec","line":"Northern","colour":"#000000","color":"#000000","traffic":0.1133,"off9":0.0,"off12":0.0,"off14":0.0},"id":121},{"type":"Feature","geometry":{"type":"LineString","coordinates":[[-0.1529312189971463,51.44323417225809],[-0.1528186,51.4433718],[-0.15275,51.443447],[-0.152462,51.4437904],[-0.1519954,51.4443705],[-0.1512747,51.445168],[-0.1503941,51.4457207],[-0.1500049,51.4459604],[-0.1496033,51.4462982],[-0.1492133,51.4468922],[-0.1487346,51.4475908],[-0.1480523,51.4487692],[-0.1480397,51.4488249],[-0.1480253,51.4488776],[-0.1480163,51.4489571],[-0.1480051,51.4490408],[-0.1479426,51.4502369],[-0.1478667,51.4508106],[-0.1478246,51.451129],[-0.147823,51.4521274],[-0.14778,51.4522647],[-0.1477012,51.4525117],[-0.14761490070196276,51.45267174111308]]},"properties":{"id":"940GZZLUBLM-940GZZLUCPS-Northern","source":"940GZZLUBLM","target":"940GZZLUCPS","sourceName":"Balham","targetName":"Clapham South","line":"Northern","colour":"#000000","color":"#000000","traffic":0.5383,"off9":0.0,"off12":0.0,"off14":0.0},"id":122},{"type":"Feature","geometry":{"type":"LineString","coordinates":[[-0.15972523189485704,51.43565452381183],[-0.1597279,51.4356533],[-0.1605412,51.4352905],[-0.1612817,51.434908],[-0.1615896,51.4347251],[-0.1622379,51.4342828],[-0.1628331,51.4338029],[-0.1634983,51.4331298],[-0.163668,51.4328858],[-0.1638259,51.4325588],[-0.1639997,51.4320921],[-0.1641133,51.4319057],[-0.1648741,51.4311089],[-0.1667103,51.429309],[-0.1678506,51.4282803],[-0.168116,51.4280174],[-0.1683348,51.4278007],[-0.16843946941068247,51.42769456592278]]},"properties":{"id":"940GZZLUTBC-940GZZLUTBY-Northern","source":"940GZZLUTBC","target":"940GZZLUTBY","sourceName":"Tooting Bec","targetName":"Tooting Broadway","line":"Northern","colour":"#000000","color":"#000000","traffic":0.1028,"off9":0.0,"off12":0.0,"off14":0.0},"id":123},{"type":"Feature","geometry":{"type":"LineString","coordinates":[[-0.15972523189485704,51.43565452381183],[-0.1593455,51.4358287],[-0.159069,51.4359799],[-0.1583958,51.4364074],[-0.1572948,51.4373159],[-0.1567395,51.4378887],[-0.1560187,51.4392919],[-0.1552579,51.4405025],[-0.153208,51.4430921],[-0.1530206808133006,51.4433084986099]]},"properties":{"id":"940GZZLUTBC-940GZZLUBLM-Northern","source":"940GZZLUTBC","target":"940GZZLUBLM","sourceName":"Tooting Bec","targetName":"Balham","line":"Northern","colour":"#000000","color":"#000000","traffic":0.4335,"off9":0.0,"off12":0.0,"off14":0.0},"id":124},{"type":"Feature","geometry":{"type":"LineString","coordinates":[[-0.1476760847555122,51.45270474108703],[-0.1476376,51.4527761],[-0.1474632,51.4530268],[-0.1473741,51.4531375],[-0.1472662,51.4532727],[-0.1461594,51.4544277],[-0.145044,51.4556254],[-0.1444366,51.4562804],[-0.1436148,51.4571666],[-0.1433326,51.4574899],[-0.142589,51.4583582],[-0.1422229,51.4587779],[-0.1415587,51.4595394],[-0.1394243,51.4609608],[-0.13834,51.4615558],[-0.13823784930832048,51.46162476885626]]},"properties":{"id":"940GZZLUCPS-940GZZLUCPC-Northern","source":"940GZZLUCPS","target":"940GZZLUCPC","sourceName":"Clapham South","targetName":"Clapham Common","line":"Northern","colour":"#000000","color":"#000000","traffic":0.6225,"off9":0.0,"off12":0.0,"off14":0.0},"id":125},{"type":"Feature","geometry":{"type":"LineString","coordinates":[[-0.14761490070196276,51.45267174111308],[-0.1477012,51.4525117],[-0.14778,51.4522647],[-0.147823,51.4521274],[-0.1478246,51.451129],[-0.1478667,51.4508106],[-0.1479426,51.4502369],[-0.1480051,51.4490408],[-0.1480163,51.4489571],[-0.1480253,51.4488776],[-0.1480397,51.4488249],[-0.1480523,51.4487692],[-0.1487346,51.4475908],[-0.1492133,51.4468922],[-0.1496033,51.4462982],[-0.1500049,51.4459604],[-0.1503941,51.4457207],[-0.1512747,51.445168],[-0.1519954,51.4443705],[-0.152462,51.4437904],[-0.15275,51.443447],[-0.1528186,51.4433718],[-0.1529312189971463,51.44323417225809]]},"properties":{"id":"940GZZLUCPS-940GZZLUBLM-Northern","source":"940GZZLUCPS","target":"940GZZLUBLM","sourceName":"Clapham South","targetName":"Balham","line":"Northern","colour":"#000000","color":"#000000","traffic":0.1312,"off9":0.0,"off12":0.0,"off14":0.0},"id":126},{"type":"Feature","geometry":{"type":"LineString","coordinates":[[-0.0911734,51.5128234],[-0.0916482,51.5126917],[-0.0919972,51.5125949],[-0.0926461,51.5124371],[-0.0927825,51.5124164],[-0.0931117,51.5123664],[-0.0932708,51.5123493],[-0.093571,51.5123171],[-0.0941339,51.5122266],[-0.0951452,51.5120557],[-0.0956418,51.5119759],[-0.0957936,51.5119583],[-0.0959701,51.5119345],[-0.0963089,51.5118997],[-0.0966025,51.5118847],[-0.0970365,51.5118683],[-0.0973127,51.5118666],[-0.0982998,51.5118963],[-0.1008694,51.5120869],[-0.1010008,51.5120923],[-0.1018242,51.5121219],[-0.102138,51.5121239],[-0.1026719,51.5121143],[-0.1030186,51.5120935],[-0.1033497,51.5120596],[-0.1035903,51.5120113],[-0.1038361,51.5119321],[-0.1040192,51.5118509],[-0.1041524,51.5117767],[-0.1043403,51.5116495],[-0.1044674,51.5115487],[-0.1046271,51.5113986],[-0.1047478,51.5112599],[-0.1055763,51.5101285],[-0.1062381,51.5095205],[-0.1068369,51.5090563],[-0.1072361,51.508749],[-0.1077614,51.5084613],[-0.1080765,51.5083174],[-0.1082912,51.5081667],[-0.1084586,51.5080127],[-0.1085873,51.507847],[-0.1086973,51.5076338],[-0.1087619,51.5074523],[-0.1087887,51.5072725],[-0.1088102,51.5070007],[-0.1088429,51.506864],[-0.1089395,51.506692],[-0.1090701,51.5065723],[-0.1092595,51.506476],[-0.1131417,51.5050063],[-0.1134048,51.5049075],[-0.1136079,51.504799],[-0.1137946,51.5046516],[-0.1139815,51.5044696],[-0.1140834,51.5043086],[-0.1141797,51.5040659],[-0.114213,51.5038305],[-0.1142122,51.5036386],[-0.11416559518018701,51.50348286463939]]},"properties":{"id":"940GZZLUBNK-940GZZLUWLO-Waterloo & City","source":"940GZZLUBNK","target":"940GZZLUWLO","sourceName":"Bank","targetName":"Waterloo","line":"Waterloo & City","colour":"#95CDBA","color":"#95CDBA","traffic":0.066,"off9":0.0,"off12":0.0,"off14":0.0},"id":127},{"type":"Feature","geometry":{"type":"LineString","coordinates":[[-0.08871961868718829,51.51332964692824],[-0.0885199,51.5130454],[-0.088063,51.5125407],[-0.0876995,51.5120856],[-0.0873714,51.5116749],[-0.0872036,51.5114563],[-0.0869254,51.5110653],[-0.0868153,51.510907],[-0.0867902,51.510862],[-0.0867792,51.5108016],[-0.0867958,51.5106567],[-0.0867985,51.5105372],[-0.0868199,51.510393],[-0.0868575,51.510259],[-0.0870292,51.5097989],[-0.0870748,51.5096394],[-0.0870989,51.5094249],[-0.0870832,51.5093558],[-0.0868838,51.5090333],[-0.0867331,51.5087794],[-0.0866481,51.5085864],[-0.0866365,51.5083587],[-0.0866516,51.5078819],[-0.0867181,51.5074273],[-0.0869254,51.5069263],[-0.0871668,51.5066425],[-0.0874779,51.5064522],[-0.087714,51.5063053],[-0.0881214,51.506043],[-0.0883075,51.5059043],[-0.0885535,51.5057109],[-0.08874008760313816,51.505558389509844]]},"properties":{"id":"940GZZLUBNK-940GZZLULNB-Northern","source":"940GZZLUBNK","target":"940GZZLULNB","sourceName":"Bank","targetName":"London Bridge","line":"Northern","colour":"#000000","color":"#000000","traffic":0.2741,"off9":0.0,"off12":0.0,"off14":0.0},"id":128},{"type":"Feature","geometry":{"type":"LineString","coordinates":[[-0.08871961868718829,51.51332964692824],[-0.089508,51.5144517],[-0.089569,51.5145109],[-0.0896667,51.5146354],[-0.0897226,51.5147169],[-0.0897258,51.5148042],[-0.089714,51.5148582],[-0.0891509,51.5163785],[-0.088781,51.5172167],[-0.0886747,51.5174251],[-0.0885888,51.5175753],[-0.08833101039231549,51.51817984222212]]},"properties":{"id":"940GZZLUBNK-940GZZLUMGT-Northern","source":"940GZZLUBNK","target":"940GZZLUMGT","sourceName":"Bank","targetName":"Moorgate","line":"Northern","colour":"#000000","color":"#000000","traffic":0.5147,"off9":0.0,"off12":0.0,"off14":0.0},"id":129},{"type":"Feature","geometry":{"type":"LineString","coordinates":[[-0.0887092714088269,51.513328034912],[-0.0887428,51.5133149],[-0.0887813,51.5133011],[-0.0888177,51.5132891],[-0.0888526,51.5132787],[-0.0888959,51.513267],[-0.0889454,51.5132557],[-0.0890039,51.5132453],[-0.0890506,51.5132387],[-0.0890902,51.5132343],[-0.0891208,51.5132315],[-0.089151,51.5132293],[-0.0892009,51.5132272],[-0.0892559,51.5132261],[-0.0892914,51.5132264],[-0.08933,51.5132277],[-0.0893799,51.5132306],[-0.089414,51.5132332],[-0.0894659,51.5132378],[-0.0895211,51.5132439],[-0.0895488,51.513247],[-0.0895775,51.5132505],[-0.0896261,51.5132571],[-0.0896538,51.5132612],[-0.0896844,51.513266],[-0.0897218,51.5132722],[-0.0897564,51.5132785],[-0.0897961,51.5132864],[-0.089963,51.5133321],[-0.0903335,51.5134283],[-0.0918266,51.5137173],[-0.0934651,51.514002],[-0.0953238,51.5142941],[-0.0956432,51.5143627],[-0.0959233,51.5144238],[-0.0963522,51.5145224],[-0.09755829168687605,51.51496000135196]]},"properties":{"id":"940GZZLUBNK-940GZZLUSPU-Central","source":"940GZZLUBNK","target":"940GZZLUSPU","sourceName":"Bank","targetName":"St Pauls","line":"Central","colour":"#E32017","color":"#E32017","traffic":0.8536,"off9":0.0,"off12":0.0,"off14":0.0},"id":130},{"type":"Feature","geometry":{"type":"LineString","coordinates":[[-0.0887092714088269,51.513328034912],[-0.088704,51.5133301],[-0.0886727,51.5133442],[-0.0886311,51.513364],[-0.0885902,51.5133849],[-0.0885592,51.5134014],[-0.0885313,51.5134185],[-0.0884947,51.5134419],[-0.0884658,51.5134608],[-0.088318,51.5135657],[-0.0882661,51.5135952],[-0.0882366,51.5136093],[-0.0881984,51.5136258],[-0.0881609,51.5136396],[-0.0880791,51.5136664],[-0.0879402,51.5137033],[-0.0878184,51.5137319],[-0.0865068,51.5139843],[-0.0862829,51.5140494],[-0.0861349,51.5141267],[-0.0855258,51.5146588],[-0.0854051,51.5147367],[-0.0853321,51.514784],[-0.085212,51.5148296],[-0.085035,51.5148918],[-0.0849062,51.5149509],[-0.0846916,51.5150701],[-0.0845113,51.5152061],[-0.0843832,51.5153256],[-0.0842207,51.515498],[-0.084196,51.5155241],[-0.0837307,51.5160175],[-0.0836017,51.5161886],[-0.0834633,51.516435],[-0.0832941,51.5168738],[-0.08310370971510189,51.51734002922501]]},"properties":{"id":"940GZZLUBNK-940GZZLULVT-Central","source":"940GZZLUBNK","target":"940GZZLULVT","sourceName":"Bank","targetName":"Liverpool Street","line":"Central","colour":"#E32017","color":"#E32017","traffic":0.3287,"off9":0.0,"off12":0.0,"off14":0.0},"id":131},{"type":"Feature","geometry":{"type":"LineString","coordinates":[[-0.11416559518018701,51.50348286463939],[-0.1142122,51.5036386],[-0.114213,51.5038305],[-0.1141797,51.5040659],[-0.1140834,51.5043086],[-0.1139815,51.5044696],[-0.1137946,51.5046516],[-0.1136079,51.504799],[-0.1134048,51.5049075],[-0.1131417,51.5050063],[-0.1092595,51.506476],[-0.1090701,51.5065723],[-0.1089395,51.506692],[-0.1088429,51.506864],[-0.1088102,51.5070007],[-0.1087887,51.5072725],[-0.1087619,51.5074523],[-0.1086973,51.5076338],[-0.1085873,51.507847],[-0.1084586,51.5080127],[-0.1082912,51.5081667],[-0.1080765,51.5083174],[-0.1077614,51.5084613],[-0.1072361,51.508749],[-0.1068369,51.5090563],[-0.1062381,51.5095205],[-0.1055763,51.5101285],[-0.1047478,51.5112599],[-0.1046271,51.5113986],[-0.1044674,51.5115487],[-0.1043403,51.5116495],[-0.1041524,51.5117767],[-0.1040192,51.5118509],[-0.1038361,51.5119321],[-0.1035903,51.5120113],[-0.1033497,51.5120596],[-0.1030186,51.5120935],[-0.1026719,51.5121143],[-0.102138,51.5121239],[-0.1018242,51.5121219],[-0.1010008,51.5120923],[-0.1008694,51.5120869],[-0.0982998,51.5118963],[-0.0973127,51.5118666],[-0.0970365,51.5118683],[-0.0966025,51.5118847],[-0.0963089,51.5118997],[-0.0959701,51.5119345],[-0.0957936,51.5119583],[-0.0956418,51.5119759],[-0.0951452,51.5120557],[-0.0941339,51.5122266],[-0.093571,51.5123171],[-0.0932708,51.5123493],[-0.0931117,51.5123664],[-0.0927825,51.5124164],[-0.0926461,51.5124371],[-0.0919972,51.5125949],[-0.0916482,51.5126917],[-0.0911734,51.5128234]]},"properties":{"id":"940GZZLUWLO-940GZZLUBNK-Waterloo & City","source":"940GZZLUWLO","target":"940GZZLUBNK","sourceName":"Waterloo","targetName":"Bank","line":"Waterloo & City","colour":"#95CDBA","color":"#95CDBA","traffic":0.2848,"off9":0.0,"off12":0.0,"off14":0.0},"id":132},{"type":"Feature","geometry":{"type":"LineString","coordinates":[[-0.1148488788040206,51.50327954845155],[-0.1148666,51.5033423],[-0.1149739,51.503542],[-0.11521,51.5037589],[-0.115446,51.5038842],[-0.1157949,51.5039998],[-0.1184989,51.5046365],[-0.118751,51.5047042],[-0.118924,51.5047638],[-0.1190892,51.5048265],[-0.1192655,51.5049047],[-0.1211796,51.5059291],[-0.1214632,51.5060685],[-0.1217938,51.5062175],[-0.1221757,51.5063903],[-0.1224109,51.5064767],[-0.1226003,51.5065336],[-0.12278997856139709,51.506583120041306]]},"properties":{"id":"940GZZLUWLO-940GZZLUEMB-Bakerloo","source":"940GZZLUWLO","target":"940GZZLUEMB","sourceName":"Waterloo","targetName":"Embankment","line":"Bakerloo","colour":"#B36305","color":"#B36305","traffic":0.2984,"off9":0.0,"off12":0.0,"off14":0.0},"id":133},{"type":"Feature","geometry":{"type":"LineString","coordinates":[[-0.11449838440377581,51.50348894173167],[-0.1145223,51.5035244],[-0.1147799,51.5038951],[-0.115006,51.5041518],[-0.1152007,51.5043738],[-0.1154623,51.5046551],[-0.1157239,51.5049219],[-0.1158839,51.5050501],[-0.1162416,51.5053785],[-0.1166345,51.5056214],[-0.1170923,51.5058477],[-0.1174082,51.5059817],[-0.1180508,51.5062203],[-0.1185249,51.5063983],[-0.1190472,51.506567],[-0.1196735,51.5067262],[-0.1203169,51.5068794],[-0.1206399,51.5069466],[-0.1209649,51.5070038],[-0.1211646,51.5070353],[-0.1215826,51.5071034],[-0.1217064,51.5071251],[-0.1219211,51.5071745],[-0.1221357,51.5072381],[-0.1224029,51.5073256],[-0.12252484086651882,51.507379191320645]]},"properties":{"id":"940GZZLUWLO-940GZZLUEMB-Northern","source":"940GZZLUWLO","target":"940GZZLUEMB","sourceName":"Waterloo","targetName":"Embankment","line":"Northern","colour":"#000000","color":"#000000","traffic":0.2984,"off9":0.0,"off12":0.0,"off14":0.0},"id":134},{"type":"Feature","geometry":{"type":"LineString","coordinates":[[-0.11449838440377581,51.50348894173167],[-0.1133096,51.5017264],[-0.1128607,51.5010988],[-0.1126544,51.5008708],[-0.1123887,51.5005269],[-0.112116,51.5001764],[-0.1119076,51.4999004],[-0.1117534,51.4996152],[-0.111681,51.4995214],[-0.1109312,51.4985498],[-0.110008,51.4971434],[-0.1098895,51.4969648],[-0.1095656,51.4965194],[-0.1089651,51.4956802],[-0.108416,51.4949609],[-0.1082056,51.4946453],[-0.1080406,51.4943656],[-0.1078298,51.4940658],[-0.1074809,51.4935865],[-0.1068951,51.4927722],[-0.1064562,51.4921404],[-0.1061327,51.4916694],[-0.1056522,51.491009],[-0.1054517,51.4907252],[-0.1053524,51.4906177],[-0.1052605,51.4903572],[-0.1051753,51.4901004],[-0.1051733,51.4898712],[-0.1052184,51.4896087],[-0.1052972,51.489403],[-0.1054472,51.4891727],[-0.1055079,51.4890443],[-0.1055447,51.4889988],[-0.1056206,51.488905],[-0.1056579,51.4888661],[-0.1057708,51.4887485],[-0.10607052915291952,51.48844223412772]]},"properties":{"id":"940GZZLUWLO-940GZZLUKNG-Northern","source":"940GZZLUWLO","target":"940GZZLUKNG","sourceName":"Waterloo","targetName":"Kennington","line":"Northern","colour":"#000000","color":"#000000","traffic":0.0447,"off9":0.0,"off12":0.0,"off14":0.0},"id":135},{"type":"Feature","geometry":{"type":"LineString","coordinates":[[-0.11469858796367824,51.502977858055985],[-0.1155481,51.5027625],[-0.1161551,51.5026128],[-0.1173204,51.5022857],[-0.1179452,51.5021151],[-0.118564,51.501972],[-0.120557,51.5015174],[-0.121473,51.5013445],[-0.1224857,51.5012241],[-0.1229071,51.5011782],[-0.1231063,51.5011619],[-0.1233788,51.5011433],[-0.1237664,51.5011071],[-0.1241912,51.5010596],[-0.1246885,51.5009998],[-0.12482547941319078,51.500985264381825]]},"properties":{"id":"940GZZLUWLO-940GZZLUWSM-Jubilee","source":"940GZZLUWLO","target":"940GZZLUWSM","sourceName":"Waterloo","targetName":"Westminster","line":"Jubilee","colour":"#A0A5A9","color":"#A0A5A9","traffic":0.6633,"off9":0.0,"off12":0.0,"off14":0.0},"id":136},{"type":"Feature","geometry":{"type":"LineString","coordinates":[[-0.11472241348790335,51.50306871209044],[-0.1145713,51.5031065],[-0.1119968,51.5035934],[-0.1113054,51.503733],[-0.1099224,51.5039938],[-0.1086236,51.5042681],[-0.1076259,51.504383],[-0.1072311,51.5044028],[-0.1069129,51.5043981],[-0.1058778,51.5043931],[-0.10532962398266478,51.50438663269055]]},"properties":{"id":"940GZZLUWLO-940GZZLUSWK-Jubilee","source":"940GZZLUWLO","target":"940GZZLUSWK","sourceName":"Waterloo","targetName":"Southwark","line":"Jubilee","colour":"#A0A5A9","color":"#A0A5A9","traffic":0.6524,"off9":0.0,"off12":0.0,"off14":0.0},"id":137},{"type":"Feature","geometry":{"type":"LineString","coordinates":[[-0.1148488788040206,51.50327954845155],[-0.114813,51.5031525],[-0.1148184,51.5029231],[-0.1148452,51.5026457],[-0.1151215,51.5008993],[-0.1151349,51.5006794],[-0.1151188,51.5005264],[-0.1150919,51.5003748],[-0.1150437,51.5002409],[-0.1149042,51.5000621],[-0.1145654,51.499908],[-0.1143601,51.4998147],[-0.113363,51.4993587],[-0.1129515,51.4991705],[-0.1128887,51.4991418],[-0.1124045,51.4989361],[-0.1124003,51.4989343],[-0.1123924,51.498931],[-0.1123879,51.4989291],[-0.11228283585173261,51.49888549118229]]},"properties":{"id":"940GZZLUWLO-940GZZLULBN-Bakerloo","source":"940GZZLUWLO","target":"940GZZLULBN","sourceName":"Waterloo","targetName":"Lambeth North","line":"Bakerloo","colour":"#B36305","color":"#B36305","traffic":0.0529,"off9":0.0,"off12":0.0,"off14":0.0},"id":138},{"type":"Feature","geometry":{"type":"LineString","coordinates":[[-0.08874008760313816,51.505558389509844],[-0.0885535,51.5057109],[-0.0883075,51.5059043],[-0.0881214,51.506043],[-0.087714,51.5063053],[-0.0874779,51.5064522],[-0.0871668,51.5066425],[-0.0869254,51.5069263],[-0.0867181,51.5074273],[-0.0866516,51.5078819],[-0.0866365,51.5083587],[-0.0866481,51.5085864],[-0.0867331,51.5087794],[-0.0868838,51.5090333],[-0.0870832,51.5093558],[-0.0870989,51.5094249],[-0.0870748,51.5096394],[-0.0870292,51.5097989],[-0.0868575,51.510259],[-0.0868199,51.510393],[-0.0867985,51.5105372],[-0.0867958,51.5106567],[-0.0867792,51.5108016],[-0.0867902,51.510862],[-0.0868153,51.510907],[-0.0869254,51.5110653],[-0.0872036,51.5114563],[-0.0873714,51.5116749],[-0.0876995,51.5120856],[-0.088063,51.5125407],[-0.0885199,51.5130454],[-0.08871961868718829,51.51332964692824]]},"properties":{"id":"940GZZLULNB-940GZZLUBNK-Northern","source":"940GZZLULNB","target":"940GZZLUBNK","sourceName":"London Bridge","targetName":"Bank","line":"Northern","colour":"#000000","color":"#000000","traffic":0.6248,"off9":0.0,"off12":0.0,"off14":0.0},"id":139},{"type":"Feature","geometry":{"type":"LineString","coordinates":[[-0.08874008760313816,51.505558389509844],[-0.0894011,51.5050181],[-0.0907422,51.5040781],[-0.0910721,51.503831],[-0.0914097,51.5035187],[-0.0921231,51.5026071],[-0.0922871,51.5023084],[-0.0924155,51.5020294],[-0.0924691,51.5019325],[-0.0925979,51.5017739],[-0.09333241693559098,51.501154436596956]]},"properties":{"id":"940GZZLULNB-940GZZLUBOR-Northern","source":"940GZZLULNB","target":"940GZZLUBOR","sourceName":"London Bridge","targetName":"Borough","line":"Northern","colour":"#000000","color":"#000000","traffic":0.1897,"off9":0.0,"off12":0.0,"off14":0.0},"id":140},{"type":"Feature","geometry":{"type":"LineString","coordinates":[[-0.0888951164660216,51.50513681711679],[-0.0891139,51.5051451],[-0.0901281,51.5051181],[-0.0912855,51.5049553],[-0.092934,51.5045423],[-0.093468,51.5044325],[-0.0940074,51.5043657],[-0.0984614,51.5042216],[-0.100107,51.5041728],[-0.1017021,51.5042158],[-0.1044218,51.5043472],[-0.10492,51.5043818],[-0.10532962398266478,51.50438663269055]]},"properties":{"id":"940GZZLULNB-940GZZLUSWK-Jubilee","source":"940GZZLULNB","target":"940GZZLUSWK","sourceName":"London Bridge","targetName":"Southwark","line":"Jubilee","colour":"#A0A5A9","color":"#A0A5A9","traffic":0.7412,"off9":0.0,"off12":0.0,"off14":0.0},"id":141},{"type":"Feature","geometry":{"type":"LineString","coordinates":[[-0.0888951164660216,51.50513681711679],[-0.0878249,51.5050963],[-0.0869132,51.505066],[-0.0866354,51.5050488],[-0.0863312,51.5050175],[-0.0859688,51.5049736],[-0.0854573,51.504883],[-0.0848946,51.5047328],[-0.0844473,51.504583],[-0.0839679,51.5043643],[-0.0835139,51.5041286],[-0.0828575,51.5036547],[-0.0821373,51.5032431],[-0.0811544,51.5027191],[-0.0783304,51.5012588],[-0.0757588,51.4998689],[-0.0742952,51.499079],[-0.0728641,51.4983486],[-0.0724532,51.4981773],[-0.0721426,51.4980648],[-0.0715064,51.4978876],[-0.0707546,51.4977068],[-0.0699091,51.4975637],[-0.0689905,51.4974822],[-0.067924,51.4974467],[-0.0664464,51.4975476],[-0.064943,51.497715],[-0.0642636,51.4978308],[-0.06401371801228092,51.49787291798647]]},"properties":{"id":"940GZZLULNB-940GZZLUBMY-Jubilee","source":"940GZZLULNB","target":"940GZZLUBMY","sourceName":"London Bridge","targetName":"Bermondsey","line":"Jubilee","colour":"#A0A5A9","color":"#A0A5A9","traffic":0.6425,"off9":0.0,"off12":0.0,"off14":0.0},"id":142},{"type":"Feature","geometry":{"type":"LineString","coordinates":[[-0.08833101039231549,51.51817984222212],[-0.0882715,51.5183194],[-0.088233,51.5185136],[-0.0882115,51.5185899],[-0.0878239,51.5193162],[-0.0876603,51.5197309],[-0.0875071,51.5200759],[-0.0870991,51.5218693],[-0.0871213,51.5222245],[-0.0874804,51.5238527],[-0.0875184,51.5241632],[-0.0875581,51.5244787],[-0.0876272,51.52532],[-0.0876725,51.5256365],[-0.08775904202841525,51.52586809476055]]},"properties":{"id":"940GZZLUMGT-940GZZLUODS-Northern","source":"940GZZLUMGT","target":"940GZZLUODS","sourceName":"Moorgate","targetName":"Old Street","line":"Northern","colour":"#000000","color":"#000000","traffic":0.3641,"off9":0.0,"off12":0.0,"off14":0.0},"id":143},{"type":"Feature","geometry":{"type":"LineString","coordinates":[[-0.08833101039231549,51.51817984222212],[-0.0885888,51.5175753],[-0.0886747,51.5174251],[-0.088781,51.5172167],[-0.0891509,51.5163785],[-0.089714,51.5148582],[-0.0897258,51.5148042],[-0.0897226,51.5147169],[-0.0896667,51.5146354],[-0.089569,51.5145109],[-0.089508,51.5144517],[-0.08871961868718829,51.51332964692824]]},"properties":{"id":"940GZZLUMGT-940GZZLUBNK-Northern","source":"940GZZLUMGT","target":"940GZZLUBNK","sourceName":"Moorgate","targetName":"Bank","line":"Northern","colour":"#000000","color":"#000000","traffic":0.3402,"off9":0.0,"off12":0.0,"off14":0.0},"id":144},{"type":"Feature","geometry":{"type":"LineString","coordinates":[[-0.08831460572252735,51.51821690390722],[-0.0843726,51.5175043],[-0.0840764,51.5174568],[-0.0838724,51.5174272],[-0.0833928,51.51735],[-0.08319090854722183,51.51731718722172]]},"properties":{"id":"940GZZLUMGT-940GZZLULVT-Circle","source":"940GZZLUMGT","target":"940GZZLULVT","sourceName":"Moorgate","targetName":"Liverpool Street","line":"Circle","colour":"#FFD300","color":"#FFD300","traffic":0.1481,"off9":3.0,"off12":7.0,"off14":12.0},"id":145},{"type":"Feature","geometry":{"type":"LineString","coordinates":[[-0.08831460572252735,51.51821690390722],[-0.0843726,51.5175043],[-0.0840764,51.5174568],[-0.0838724,51.5174272],[-0.0833928,51.51735],[-0.08319090854722183,51.51731718722172]]},"properties":{"id":"940GZZLUMGT-940GZZLULVT-Hammersmith & City","source":"940GZZLUMGT","target":"940GZZLULVT","sourceName":"Moorgate","targetName":"Liverpool Street","line":"Hammersmith & City","colour":"#F3A9BB","color":"#F3A9BB","traffic":0.1481,"off9":0.0,"off12":0.0,"off14":0.0},"id":146},{"type":"Feature","geometry":{"type":"LineString","coordinates":[[-0.08831460572252735,51.51821690390722],[-0.0843726,51.5175043],[-0.0840764,51.5174568],[-0.0838724,51.5174272],[-0.0833928,51.51735],[-0.08319090854722183,51.51731718722172]]},"properties":{"id":"940GZZLUMGT-940GZZLULVT-Metropolitan","source":"940GZZLUMGT","target":"940GZZLULVT","sourceName":"Moorgate","targetName":"Liverpool Street","line":"Metropolitan","colour":"#9B0056","color":"#9B0056","traffic":0.1481,"off9":-3.0,"off12":-7.0,"off14":-12.0},"id":147},{"type":"Feature","geometry":{"type":"LineString","coordinates":[[-0.08832190140700179,51.51817654885994],[-0.0888349,51.5182687],[-0.0908535,51.5187071],[-0.0915117,51.5188473],[-0.0965288,51.5200441],[-0.0967342,51.520098],[-0.0970017,51.5201595],[-0.0972423,51.5202064],[-0.0974056,51.5202299],[-0.0975612,51.5202431],[-0.0977943,51.5202439],[-0.0979383,51.5202369],[-0.09799152732033958,51.52023494311322]]},"properties":{"id":"940GZZLUMGT-940GZZLUBBN-Circle","source":"940GZZLUMGT","target":"940GZZLUBBN","sourceName":"Moorgate","targetName":"Barbican","line":"Circle","colour":"#FFD300","color":"#FFD300","traffic":0.2424,"off9":3.0,"off12":7.0,"off14":12.0},"id":148},{"type":"Feature","geometry":{"type":"LineString","coordinates":[[-0.08832190140700179,51.51817654885994],[-0.0888349,51.5182687],[-0.0908535,51.5187071],[-0.0915117,51.5188473],[-0.0965288,51.5200441],[-0.0967342,51.520098],[-0.0970017,51.5201595],[-0.0972423,51.5202064],[-0.0974056,51.5202299],[-0.0975612,51.5202431],[-0.0977943,51.5202439],[-0.0979383,51.5202369],[-0.0979915273203396,51.52023494311322]]},"properties":{"id":"940GZZLUMGT-940GZZLUBBN-Hammersmith & City","source":"940GZZLUMGT","target":"940GZZLUBBN","sourceName":"Moorgate","targetName":"Barbican","line":"Hammersmith & City","colour":"#F3A9BB","color":"#F3A9BB","traffic":0.2424,"off9":0.0,"off12":0.0,"off14":0.0},"id":149},{"type":"Feature","geometry":{"type":"LineString","coordinates":[[-0.08832190140700179,51.51817654885994],[-0.0888349,51.5182687],[-0.0908535,51.5187071],[-0.0915117,51.5188473],[-0.0965288,51.5200441],[-0.0967342,51.520098],[-0.0970017,51.5201595],[-0.0972423,51.5202064],[-0.0974056,51.5202299],[-0.0975612,51.5202431],[-0.0977943,51.5202439],[-0.0979383,51.5202369],[-0.0979915273203396,51.52023494311322]]},"properties":{"id":"940GZZLUMGT-940GZZLUBBN-Metropolitan","source":"940GZZLUMGT","target":"940GZZLUBBN","sourceName":"Moorgate","targetName":"Barbican","line":"Metropolitan","colour":"#9B0056","color":"#9B0056","traffic":0.2424,"off9":-3.0,"off12":-7.0,"off14":-12.0},"id":150},{"type":"Feature","geometry":{"type":"LineString","coordinates":[[-0.09755829168687605,51.51496000135196],[-0.0976983,51.5150108],[-0.0983057,51.5152303],[-0.0983719,51.5152497],[-0.0991571,51.5154842],[-0.0999325,51.5157157],[-0.1017732,51.5161902],[-0.1020518,51.5162787],[-0.1030763,51.5166219],[-0.1051558,51.5173149],[-0.1056791,51.5174574],[-0.1065415,51.5175994],[-0.1098743,51.5179651],[-0.1102603,51.5180211],[-0.1107621,51.5181007],[-0.1112664,51.5181697],[-0.11158751438631478,51.518201702586296]]},"properties":{"id":"940GZZLUSPU-940GZZLUCHL-Central","source":"940GZZLUSPU","target":"940GZZLUCHL","sourceName":"St Pauls","targetName":"Chancery Lane","line":"Central","colour":"#E32017","color":"#E32017","traffic":0.7732,"off9":0.0,"off12":0.0,"off14":0.0},"id":151},{"type":"Feature","geometry":{"type":"LineString","coordinates":[[-0.09755829168687605,51.51496000135196],[-0.0963522,51.5145224],[-0.0959233,51.5144238],[-0.0956432,51.5143627],[-0.0953238,51.5142941],[-0.0934651,51.514002],[-0.0918266,51.5137173],[-0.0903335,51.5134283],[-0.089963,51.5133321],[-0.0897961,51.5132864],[-0.0897564,51.5132785],[-0.0897218,51.5132722],[-0.0896844,51.513266],[-0.0896538,51.5132612],[-0.0896261,51.5132571],[-0.0895775,51.5132505],[-0.0895488,51.513247],[-0.0895211,51.5132439],[-0.0894659,51.5132378],[-0.089414,51.5132332],[-0.0893799,51.5132306],[-0.08933,51.5132277],[-0.0892914,51.5132264],[-0.0892559,51.5132261],[-0.0892009,51.5132272],[-0.089151,51.5132293],[-0.0891208,51.5132315],[-0.0890902,51.5132343],[-0.0890506,51.5132387],[-0.0890039,51.5132453],[-0.0889454,51.5132557],[-0.0888959,51.513267],[-0.0888526,51.5132787],[-0.0888177,51.5132891],[-0.0887813,51.5133011],[-0.0887428,51.5133149],[-0.0887092714088269,51.513328034912]]},"properties":{"id":"940GZZLUSPU-940GZZLUBNK-Central","source":"940GZZLUSPU","target":"940GZZLUBNK","sourceName":"St Pauls","targetName":"Bank","line":"Central","colour":"#E32017","color":"#E32017","traffic":0.3608,"off9":0.0,"off12":0.0,"off14":0.0},"id":152},{"type":"Feature","geometry":{"type":"LineString","coordinates":[[-0.09799152732033958,51.52023494311322],[-0.0979383,51.5202369],[-0.0977943,51.5202439],[-0.0975612,51.5202431],[-0.0974056,51.5202299],[-0.0972423,51.5202064],[-0.0970017,51.5201595],[-0.0967342,51.520098],[-0.0965288,51.5200441],[-0.0915117,51.5188473],[-0.0908535,51.5187071],[-0.0888349,51.5182687],[-0.08832190140700179,51.51817654885994]]},"properties":{"id":"940GZZLUBBN-940GZZLUMGT-Circle","source":"940GZZLUBBN","target":"940GZZLUMGT","sourceName":"Barbican","targetName":"Moorgate","line":"Circle","colour":"#FFD300","color":"#FFD300","traffic":0.1651,"off9":3.0,"off12":7.0,"off14":12.0},"id":153},{"type":"Feature","geometry":{"type":"LineString","coordinates":[[-0.0979915273203396,51.52023494311322],[-0.0979383,51.5202369],[-0.0977943,51.5202439],[-0.0975612,51.5202431],[-0.0974056,51.5202299],[-0.0972423,51.5202064],[-0.0970017,51.5201595],[-0.0967342,51.520098],[-0.0965288,51.5200441],[-0.0915117,51.5188473],[-0.0908535,51.5187071],[-0.0888349,51.5182687],[-0.08832190140700179,51.51817654885994]]},"properties":{"id":"940GZZLUBBN-940GZZLUMGT-Hammersmith & City","source":"940GZZLUBBN","target":"940GZZLUMGT","sourceName":"Barbican","targetName":"Moorgate","line":"Hammersmith & City","colour":"#F3A9BB","color":"#F3A9BB","traffic":0.1651,"off9":0.0,"off12":0.0,"off14":0.0},"id":154},{"type":"Feature","geometry":{"type":"LineString","coordinates":[[-0.0979915273203396,51.52023494311322],[-0.0979383,51.5202369],[-0.0977943,51.5202439],[-0.0975612,51.5202431],[-0.0974056,51.5202299],[-0.0972423,51.5202064],[-0.0970017,51.5201595],[-0.0967342,51.520098],[-0.0965288,51.5200441],[-0.0915117,51.5188473],[-0.0908535,51.5187071],[-0.0888349,51.5182687],[-0.08832190140700179,51.51817654885994]]},"properties":{"id":"940GZZLUBBN-940GZZLUMGT-Metropolitan","source":"940GZZLUBBN","target":"940GZZLUMGT","sourceName":"Barbican","targetName":"Moorgate","line":"Metropolitan","colour":"#9B0056","color":"#9B0056","traffic":0.1651,"off9":-3.0,"off12":-7.0,"off14":-12.0},"id":155},{"type":"Feature","geometry":{"type":"LineString","coordinates":[[-0.09799152732033958,51.52023494311322],[-0.0981967,51.5202274],[-0.0987297,51.5202026],[-0.0989983,51.5201896],[-0.0992882,51.5201773],[-0.099514,51.5201697],[-0.0996883,51.5201555],[-0.0998736,51.5201314],[-0.1004384,51.5200157],[-0.1007729,51.519931],[-0.1014903,51.5197265],[-0.1018237,51.5196568],[-0.1019949,51.5196263],[-0.1021569,51.5196103],[-0.1023231,51.5196058],[-0.1024819,51.5196138],[-0.1026848,51.5196266],[-0.1027442,51.5196308],[-0.1028704,51.5196409],[-0.1030557,51.519663],[-0.1032076,51.519684],[-0.1033299,51.5197062],[-0.1034461,51.5197296],[-0.1035812,51.5197636],[-0.1036829,51.5197905],[-0.1038062,51.5198266],[-0.1039249,51.5198666],[-0.1041214,51.5199442],[-0.1041645,51.5199618],[-0.1042435,51.5199971],[-0.1043232,51.520037],[-0.1043736,51.5200605],[-0.1044929,51.5201201],[-0.1045355,51.5201414],[-0.1045985,51.5201774],[-0.1047225,51.5202608],[-0.1047548,51.5202849],[-0.104783,51.5203068],[-0.104812,51.5203293],[-0.1048278,51.5203424],[-0.10483338032849591,51.52034707327863]]},"properties":{"id":"940GZZLUBBN-940GZZLUFCN-Circle","source":"940GZZLUBBN","target":"940GZZLUFCN","sourceName":"Barbican","targetName":"Farringdon","line":"Circle","colour":"#FFD300","color":"#FFD300","traffic":0.2117,"off9":3.0,"off12":7.0,"off14":12.0},"id":156},{"type":"Feature","geometry":{"type":"LineString","coordinates":[[-0.0979915273203396,51.52023494311322],[-0.0981967,51.5202274],[-0.0987297,51.5202026],[-0.0989983,51.5201896],[-0.0992882,51.5201773],[-0.099514,51.5201697],[-0.0996883,51.5201555],[-0.0998736,51.5201314],[-0.1004384,51.5200157],[-0.1007729,51.519931],[-0.1014903,51.5197265],[-0.1018237,51.5196568],[-0.1019949,51.5196263],[-0.1021569,51.5196103],[-0.1023231,51.5196058],[-0.1024819,51.5196138],[-0.1026848,51.5196266],[-0.1027442,51.5196308],[-0.1028704,51.5196409],[-0.1030557,51.519663],[-0.1032076,51.519684],[-0.1033299,51.5197062],[-0.1034461,51.5197296],[-0.1035812,51.5197636],[-0.1036829,51.5197905],[-0.1038062,51.5198266],[-0.1039249,51.5198666],[-0.1041214,51.5199442],[-0.1041645,51.5199618],[-0.1042435,51.5199971],[-0.1043232,51.520037],[-0.1043736,51.5200605],[-0.1044929,51.5201201],[-0.1045355,51.5201414],[-0.1045985,51.5201774],[-0.1047225,51.5202608],[-0.1047548,51.5202849],[-0.104783,51.5203068],[-0.104812,51.5203293],[-0.1048278,51.5203424],[-0.1048333803284959,51.52034707327863]]},"properties":{"id":"940GZZLUBBN-940GZZLUFCN-Hammersmith & City","source":"940GZZLUBBN","target":"940GZZLUFCN","sourceName":"Barbican","targetName":"Farringdon","line":"Hammersmith & City","colour":"#F3A9BB","color":"#F3A9BB","traffic":0.2117,"off9":0.0,"off12":0.0,"off14":0.0},"id":157},{"type":"Feature","geometry":{"type":"LineString","coordinates":[[-0.0979915273203396,51.52023494311322],[-0.0981967,51.5202274],[-0.0987297,51.5202026],[-0.0989983,51.5201896],[-0.0992882,51.5201773],[-0.099514,51.5201697],[-0.0996883,51.5201555],[-0.0998736,51.5201314],[-0.1004384,51.5200157],[-0.1007729,51.519931],[-0.1014903,51.5197265],[-0.1018237,51.5196568],[-0.1019949,51.5196263],[-0.1021569,51.5196103],[-0.1023231,51.5196058],[-0.1024819,51.5196138],[-0.1026848,51.5196266],[-0.1027442,51.5196308],[-0.1028704,51.5196409],[-0.1030557,51.519663],[-0.1032076,51.519684],[-0.1033299,51.5197062],[-0.1034461,51.5197296],[-0.1035812,51.5197636],[-0.1036829,51.5197905],[-0.1038062,51.5198266],[-0.1039249,51.5198666],[-0.1041214,51.5199442],[-0.1041645,51.5199618],[-0.1042435,51.5199971],[-0.1043232,51.520037],[-0.1043736,51.5200605],[-0.1044929,51.5201201],[-0.1045355,51.5201414],[-0.1045985,51.5201774],[-0.1047225,51.5202608],[-0.1047548,51.5202849],[-0.104783,51.5203068],[-0.104812,51.5203293],[-0.1048278,51.5203424],[-0.1048333803284959,51.52034707327863]]},"properties":{"id":"940GZZLUBBN-940GZZLUFCN-Metropolitan","source":"940GZZLUBBN","target":"940GZZLUFCN","sourceName":"Barbican","targetName":"Farringdon","line":"Metropolitan","colour":"#9B0056","color":"#9B0056","traffic":0.2117,"off9":-3.0,"off12":-7.0,"off14":-12.0},"id":158},{"type":"Feature","geometry":{"type":"LineString","coordinates":[[-0.10480658773158504,51.520373925674285],[-0.1048564,51.5204174],[-0.1049549,51.5205113],[-0.1050388,51.5206014],[-0.1050822,51.5206529],[-0.1051545,51.5207483],[-0.1052085,51.5208236],[-0.105269,51.5209051],[-0.1053127,51.5209633],[-0.1053583,51.5210213],[-0.1054045,51.5210736],[-0.1055062,51.52118],[-0.1055798,51.5212537],[-0.1056395,51.5213123],[-0.1058007,51.5214857],[-0.1059517,51.5216526],[-0.1060286,51.5217488],[-0.1061102,51.5218475],[-0.1061923,51.5219639],[-0.1062605,51.5220603],[-0.1063207,51.5221503],[-0.106456,51.5223086],[-0.1064937,51.5223439],[-0.106601,51.5224475],[-0.1066111,51.5224554],[-0.1067129,51.5225353],[-0.1067587,51.5225675],[-0.1070049,51.5227324],[-0.1073654,51.5229452],[-0.1074488,51.5230015],[-0.1076779,51.523148],[-0.1079003,51.5232904],[-0.1084319,51.5235821],[-0.1086985,51.5236985],[-0.1090112,51.5238636],[-0.1093232,51.5240688],[-0.109519,51.5242162],[-0.1106376,51.5250886],[-0.1114384,51.5255803],[-0.1126087,51.5262816],[-0.1134928,51.5268723],[-0.1145206,51.527562],[-0.1149893,51.527858],[-0.1156034,51.5282321],[-0.116108,51.5285345],[-0.1163731,51.5286859],[-0.1165591,51.5287951],[-0.1169652,51.5290265],[-0.1170515,51.5290793],[-0.1172463,51.5291888],[-0.1177427,51.5294699],[-0.1177655,51.5294838],[-0.1178544,51.5295382],[-0.1183347,51.5298175],[-0.1184824,51.5298983],[-0.1186608,51.5299841],[-0.1188569,51.5300831],[-0.1189126,51.5301075],[-0.1190208,51.5301511],[-0.1191729,51.5302108],[-0.1193919,51.5302831],[-0.1195833,51.5303378],[-0.1197851,51.5303936],[-0.1199667,51.5304384],[-0.1205086,51.5305653],[-0.12078,51.530614],[-0.1210046,51.5306394],[-0.1214735,51.5306593],[-0.1216103,51.5306604],[-0.1217474,51.5306533],[-0.1218597,51.5306411],[-0.1220702,51.5306104],[-0.122385,51.5305471],[-0.1226293,51.5304865],[-0.122908,51.5303997],[-0.12305939295118894,51.53033715864883]]},"properties":{"id":"940GZZLUFCN-940GZZLUKSX-Circle","source":"940GZZLUFCN","target":"940GZZLUKSX","sourceName":"Farringdon","targetName":"Kings Cross St Pancras","line":"Circle","colour":"#FFD300","color":"#FFD300","traffic":0.1701,"off9":3.0,"off12":7.0,"off14":12.0},"id":159},{"type":"Feature","geometry":{"type":"LineString","coordinates":[[-0.10480658773158504,51.520373925674285],[-0.1048564,51.5204174],[-0.1049549,51.5205113],[-0.1050388,51.5206014],[-0.1050822,51.5206529],[-0.1051545,51.5207483],[-0.1052085,51.5208236],[-0.105269,51.5209051],[-0.1053127,51.5209633],[-0.1053583,51.5210213],[-0.1054045,51.5210736],[-0.1055062,51.52118],[-0.1055798,51.5212537],[-0.1056395,51.5213123],[-0.1058007,51.5214857],[-0.1059517,51.5216526],[-0.1060286,51.5217488],[-0.1061102,51.5218475],[-0.1061923,51.5219639],[-0.1062605,51.5220603],[-0.1063207,51.5221503],[-0.106456,51.5223086],[-0.1064937,51.5223439],[-0.106601,51.5224475],[-0.1066111,51.5224554],[-0.1067129,51.5225353],[-0.1067587,51.5225675],[-0.1070049,51.5227324],[-0.1073654,51.5229452],[-0.1074488,51.5230015],[-0.1076779,51.523148],[-0.1079003,51.5232904],[-0.1084319,51.5235821],[-0.1086985,51.5236985],[-0.1090112,51.5238636],[-0.1093232,51.5240688],[-0.109519,51.5242162],[-0.1106376,51.5250886],[-0.1114384,51.5255803],[-0.1126087,51.5262816],[-0.1134928,51.5268723],[-0.1145206,51.527562],[-0.1149893,51.527858],[-0.1156034,51.5282321],[-0.116108,51.5285345],[-0.1163731,51.5286859],[-0.1165591,51.5287951],[-0.1169652,51.5290265],[-0.1170515,51.5290793],[-0.1172463,51.5291888],[-0.1177427,51.5294699],[-0.1177655,51.5294838],[-0.1178544,51.5295382],[-0.1183347,51.5298175],[-0.1184824,51.5298983],[-0.1186608,51.5299841],[-0.1188569,51.5300831],[-0.1189126,51.5301075],[-0.1190208,51.5301511],[-0.1191729,51.5302108],[-0.1193919,51.5302831],[-0.1195833,51.5303378],[-0.1197851,51.5303936],[-0.1199667,51.5304384],[-0.1205086,51.5305653],[-0.12078,51.530614],[-0.1210046,51.5306394],[-0.1214735,51.5306593],[-0.1216103,51.5306604],[-0.1217474,51.5306533],[-0.1218597,51.5306411],[-0.1220702,51.5306104],[-0.122385,51.5305471],[-0.1226293,51.5304865],[-0.122908,51.5303997],[-0.12305939295118894,51.53033715864883]]},"properties":{"id":"940GZZLUFCN-940GZZLUKSX-Hammersmith & City","source":"940GZZLUFCN","target":"940GZZLUKSX","sourceName":"Farringdon","targetName":"Kings Cross St Pancras","line":"Hammersmith & City","colour":"#F3A9BB","color":"#F3A9BB","traffic":0.1701,"off9":0.0,"off12":0.0,"off14":0.0},"id":160},{"type":"Feature","geometry":{"type":"LineString","coordinates":[[-0.10480658773158504,51.520373925674285],[-0.1048564,51.5204174],[-0.1049549,51.5205113],[-0.1050388,51.5206014],[-0.1050822,51.5206529],[-0.1051545,51.5207483],[-0.1052085,51.5208236],[-0.105269,51.5209051],[-0.1053127,51.5209633],[-0.1053583,51.5210213],[-0.1054045,51.5210736],[-0.1055062,51.52118],[-0.1055798,51.5212537],[-0.1056395,51.5213123],[-0.1058007,51.5214857],[-0.1059517,51.5216526],[-0.1060286,51.5217488],[-0.1061102,51.5218475],[-0.1061923,51.5219639],[-0.1062605,51.5220603],[-0.1063207,51.5221503],[-0.106456,51.5223086],[-0.1064937,51.5223439],[-0.106601,51.5224475],[-0.1066111,51.5224554],[-0.1067129,51.5225353],[-0.1067587,51.5225675],[-0.1070049,51.5227324],[-0.1073654,51.5229452],[-0.1074488,51.5230015],[-0.1076779,51.523148],[-0.1079003,51.5232904],[-0.1084319,51.5235821],[-0.1086985,51.5236985],[-0.1090112,51.5238636],[-0.1093232,51.5240688],[-0.109519,51.5242162],[-0.1106376,51.5250886],[-0.1114384,51.5255803],[-0.1126087,51.5262816],[-0.1134928,51.5268723],[-0.1145206,51.527562],[-0.1149893,51.527858],[-0.1156034,51.5282321],[-0.116108,51.5285345],[-0.1163731,51.5286859],[-0.1165591,51.5287951],[-0.1169652,51.5290265],[-0.1170515,51.5290793],[-0.1172463,51.5291888],[-0.1177427,51.5294699],[-0.1177655,51.5294838],[-0.1178544,51.5295382],[-0.1183347,51.5298175],[-0.1184824,51.5298983],[-0.1186608,51.5299841],[-0.1188569,51.5300831],[-0.1189126,51.5301075],[-0.1190208,51.5301511],[-0.1191729,51.5302108],[-0.1193919,51.5302831],[-0.1195833,51.5303378],[-0.1197851,51.5303936],[-0.1199667,51.5304384],[-0.1205086,51.5305653],[-0.12078,51.530614],[-0.1210046,51.5306394],[-0.1214735,51.5306593],[-0.1216103,51.5306604],[-0.1217474,51.5306533],[-0.1218597,51.5306411],[-0.1220702,51.5306104],[-0.122385,51.5305471],[-0.1226293,51.5304865],[-0.122908,51.5303997],[-0.12305939295118894,51.53033715864883]]},"properties":{"id":"940GZZLUFCN-940GZZLUKSX-Metropolitan","source":"940GZZLUFCN","target":"940GZZLUKSX","sourceName":"Farringdon","targetName":"Kings Cross St Pancras","line":"Metropolitan","colour":"#9B0056","color":"#9B0056","traffic":0.1701,"off9":-3.0,"off12":-7.0,"off14":-12.0},"id":161},{"type":"Feature","geometry":{"type":"LineString","coordinates":[[-0.10483338032849591,51.52034707327863],[-0.1048278,51.5203424],[-0.104812,51.5203293],[-0.104783,51.5203068],[-0.1047548,51.5202849],[-0.1047225,51.5202608],[-0.1045985,51.5201774],[-0.1045355,51.5201414],[-0.1044929,51.5201201],[-0.1043736,51.5200605],[-0.1043232,51.520037],[-0.1042435,51.5199971],[-0.1041645,51.5199618],[-0.1041214,51.5199442],[-0.1039249,51.5198666],[-0.1038062,51.5198266],[-0.1036829,51.5197905],[-0.1035812,51.5197636],[-0.1034461,51.5197296],[-0.1033299,51.5197062],[-0.1032076,51.519684],[-0.1030557,51.519663],[-0.1028704,51.5196409],[-0.1027442,51.5196308],[-0.1026848,51.5196266],[-0.1024819,51.5196138],[-0.1023231,51.5196058],[-0.1021569,51.5196103],[-0.1019949,51.5196263],[-0.1018237,51.5196568],[-0.1014903,51.5197265],[-0.1007729,51.519931],[-0.1004384,51.5200157],[-0.0998736,51.5201314],[-0.0996883,51.5201555],[-0.099514,51.5201697],[-0.0992882,51.5201773],[-0.0989983,51.5201896],[-0.0987297,51.5202026],[-0.0981967,51.5202274],[-0.09799152732033958,51.52023494311322]]},"properties":{"id":"940GZZLUFCN-940GZZLUBBN-Circle","source":"940GZZLUFCN","target":"940GZZLUBBN","sourceName":"Farringdon","targetName":"Barbican","line":"Circle","colour":"#FFD300","color":"#FFD300","traffic":0.1886,"off9":3.0,"off12":7.0,"off14":12.0},"id":162},{"type":"Feature","geometry":{"type":"LineString","coordinates":[[-0.1048333803284959,51.52034707327863],[-0.1048278,51.5203424],[-0.104812,51.5203293],[-0.104783,51.5203068],[-0.1047548,51.5202849],[-0.1047225,51.5202608],[-0.1045985,51.5201774],[-0.1045355,51.5201414],[-0.1044929,51.5201201],[-0.1043736,51.5200605],[-0.1043232,51.520037],[-0.1042435,51.5199971],[-0.1041645,51.5199618],[-0.1041214,51.5199442],[-0.1039249,51.5198666],[-0.1038062,51.5198266],[-0.1036829,51.5197905],[-0.1035812,51.5197636],[-0.1034461,51.5197296],[-0.1033299,51.5197062],[-0.1032076,51.519684],[-0.1030557,51.519663],[-0.1028704,51.5196409],[-0.1027442,51.5196308],[-0.1026848,51.5196266],[-0.1024819,51.5196138],[-0.1023231,51.5196058],[-0.1021569,51.5196103],[-0.1019949,51.5196263],[-0.1018237,51.5196568],[-0.1014903,51.5197265],[-0.1007729,51.519931],[-0.1004384,51.5200157],[-0.0998736,51.5201314],[-0.0996883,51.5201555],[-0.099514,51.5201697],[-0.0992882,51.5201773],[-0.0989983,51.5201896],[-0.0987297,51.5202026],[-0.0981967,51.5202274],[-0.0979915273203396,51.52023494311322]]},"properties":{"id":"940GZZLUFCN-940GZZLUBBN-Hammersmith & City","source":"940GZZLUFCN","target":"940GZZLUBBN","sourceName":"Farringdon","targetName":"Barbican","line":"Hammersmith & City","colour":"#F3A9BB","color":"#F3A9BB","traffic":0.1886,"off9":0.0,"off12":0.0,"off14":0.0},"id":163},{"type":"Feature","geometry":{"type":"LineString","coordinates":[[-0.1048333803284959,51.52034707327863],[-0.1048278,51.5203424],[-0.104812,51.5203293],[-0.104783,51.5203068],[-0.1047548,51.5202849],[-0.1047225,51.5202608],[-0.1045985,51.5201774],[-0.1045355,51.5201414],[-0.1044929,51.5201201],[-0.1043736,51.5200605],[-0.1043232,51.520037],[-0.1042435,51.5199971],[-0.1041645,51.5199618],[-0.1041214,51.5199442],[-0.1039249,51.5198666],[-0.1038062,51.5198266],[-0.1036829,51.5197905],[-0.1035812,51.5197636],[-0.1034461,51.5197296],[-0.1033299,51.5197062],[-0.1032076,51.519684],[-0.1030557,51.519663],[-0.1028704,51.5196409],[-0.1027442,51.5196308],[-0.1026848,51.5196266],[-0.1024819,51.5196138],[-0.1023231,51.5196058],[-0.1021569,51.5196103],[-0.1019949,51.5196263],[-0.1018237,51.5196568],[-0.1014903,51.5197265],[-0.1007729,51.519931],[-0.1004384,51.5200157],[-0.0998736,51.5201314],[-0.0996883,51.5201555],[-0.099514,51.5201697],[-0.0992882,51.5201773],[-0.0989983,51.5201896],[-0.0987297,51.5202026],[-0.0981967,51.5202274],[-0.0979915273203396,51.52023494311322]]},"properties":{"id":"940GZZLUFCN-940GZZLUBBN-Metropolitan","source":"940GZZLUFCN","target":"940GZZLUBBN","sourceName":"Farringdon","targetName":"Barbican","line":"Metropolitan","colour":"#9B0056","color":"#9B0056","traffic":0.1886,"off9":-3.0,"off12":-7.0,"off14":-12.0},"id":164},{"type":"Feature","geometry":{"type":"LineString","coordinates":[[0.0778254,51.5411749],[0.0769929,51.5415707],[0.0766113,51.5417556],[0.0763622,51.541873],[0.0759646,51.5420525],[0.074846,51.5425158],[0.0742732,51.5427326],[0.0739411,51.5428454],[0.0736426,51.5429413],[0.0733642,51.5430221],[0.0731197,51.5430867],[0.0728718,51.5431457],[0.0725017,51.5432186],[0.0721303,51.5432854],[0.071719,51.5433568],[0.0714482,51.5434038],[0.0710296,51.5434784],[0.0706548,51.5435533],[0.0701611,51.5436595],[0.0696929,51.5437632],[0.0689999,51.5439183],[0.0681727,51.5440942],[0.0676002,51.5442348],[0.0668866,51.5444209],[0.0666547,51.5444702],[0.0663226,51.5445354],[0.065962,51.5445968],[0.065606,51.5446265],[0.0653157,51.544647],[0.0650674,51.54466],[0.0647831,51.5446619],[0.064436,51.544647],[0.0640471,51.5446144],[0.0637045,51.5445689],[0.0632527,51.5444944],[0.0628727,51.5444126],[0.0624553,51.5443],[0.0621456,51.5441958],[0.0617566,51.5440497],[0.0614888,51.5439232],[0.0611672,51.5437631],[0.0608904,51.543591],[0.0606511,51.5434207],[0.0604581,51.5432672],[0.0602726,51.5431072],[0.0601275,51.5429773],[0.0599771,51.5428359],[0.0598902,51.5427308],[0.0596692,51.5425072],[0.0595214,51.5423619],[0.0593628,51.5422232],[0.0591786,51.5420767],[0.0589802,51.5419379],[0.0587823,51.5418129],[0.058564,51.5416869],[0.0583298,51.541563],[0.058039,51.5414226],[0.057692,51.5412619],[0.0572757,51.5410676],[0.0568608,51.5408805],[0.0564303,51.5406956],[0.0560562,51.5405442],[0.0556746,51.5403961],[0.0552954,51.5402572],[0.0547014,51.5400491],[0.0541813,51.5398776],[0.0540141,51.5398238],[0.0536031,51.5396915],[0.0532765,51.5395882],[0.0528608,51.5394584],[0.0524247,51.53933],[0.0520365,51.5392193],[0.0516878,51.5391246],[0.05117521916535609,51.53898864666034]]},"properties":{"id":"940GZZLUBKG-940GZZLUEHM-Hammersmith & City","source":"940GZZLUBKG","target":"940GZZLUEHM","sourceName":"Barking","targetName":"East Ham","line":"Hammersmith & City","colour":"#F3A9BB","color":"#F3A9BB","traffic":0.204,"off9":0.0,"off12":0.0,"off14":0.0},"id":165},{"type":"Feature","geometry":{"type":"LineString","coordinates":[[0.08104544712390988,51.53930614676311],[0.0808302,51.5394156],[0.0806573,51.5395037],[0.079327,51.5401805],[0.0781623,51.5407748],[0.0776101,51.5410708],[0.0770618,51.5413712],[0.076804,51.5415033],[0.0765601,51.5416223],[0.0762384,51.5417705],[0.0753081,51.5421912],[0.0747705,51.5424339],[0.0744958,51.542552],[0.074215,51.5426647],[0.0738915,51.542785],[0.0736002,51.5428837],[0.0733255,51.5429699],[0.0730879,51.543037],[0.0728421,51.5431026],[0.0724857,51.5431883],[0.0721239,51.5432708],[0.071719,51.5433568],[0.0714482,51.5434038],[0.0710296,51.5434784],[0.0706548,51.5435533],[0.0701611,51.5436595],[0.0696929,51.5437632],[0.0689999,51.5439183],[0.0681727,51.5440942],[0.0676002,51.5442348],[0.0668866,51.5444209],[0.0666547,51.5444702],[0.0663226,51.5445354],[0.065962,51.5445968],[0.065606,51.5446265],[0.0653157,51.544647],[0.0650674,51.54466],[0.0647831,51.5446619],[0.064436,51.544647],[0.0640471,51.5446144],[0.0637045,51.5445689],[0.0632527,51.5444944],[0.0628727,51.5444126],[0.0624553,51.5443],[0.0621456,51.5441958],[0.0617566,51.5440497],[0.0614888,51.5439232],[0.0611672,51.5437631],[0.0608904,51.543591],[0.0606511,51.5434207],[0.0604581,51.5432672],[0.0602726,51.5431072],[0.0601275,51.5429773],[0.0599771,51.5428359],[0.0598902,51.5427308],[0.0596692,51.5425072],[0.0595214,51.5423619],[0.0593628,51.5422232],[0.0591786,51.5420767],[0.0589802,51.5419379],[0.0587823,51.5418129],[0.058564,51.5416869],[0.0583298,51.541563],[0.058039,51.5414226],[0.057692,51.5412619],[0.0572757,51.5410676],[0.0568608,51.5408805],[0.0564303,51.5406956],[0.0560562,51.5405442],[0.0556746,51.5403961],[0.0552954,51.5402572],[0.0547014,51.5400491],[0.0541813,51.5398776],[0.0540141,51.5398238],[0.0536031,51.5396915],[0.0532765,51.5395882],[0.0528608,51.5394584],[0.0524247,51.53933],[0.0520365,51.5392193],[0.0516878,51.5391246],[0.051175219165356084,51.53898864666034]]},"properties":{"id":"940GZZLUBKG-940GZZLUEHM-District","source":"940GZZLUBKG","target":"940GZZLUEHM","sourceName":"Barking","targetName":"East Ham","line":"District","colour":"#00782A","color":"#00782A","traffic":0.204,"off9":1.5,"off12":3.5,"off14":6.0},"id":166},{"type":"Feature","geometry":{"type":"LineString","coordinates":[[0.08104544712390988,51.53930614676311],[0.0815537,51.5390477],[0.0821864,51.5387521],[0.0825649,51.5385832],[0.0827295,51.538513],[0.0828923,51.538448],[0.0830581,51.5383849],[0.0832087,51.5383327],[0.083358,51.5382834],[0.0835041,51.5382409],[0.0836992,51.5381877],[0.0838892,51.5381459],[0.0842727,51.5380696],[0.0850749,51.5379266],[0.086438,51.5377184],[0.0869273,51.537644],[0.0874183,51.5375795],[0.0878125,51.5375404],[0.0882067,51.5375079],[0.0885498,51.5374868],[0.0888942,51.5374709],[0.0892396,51.5374627],[0.0895837,51.5374604],[0.0898545,51.5374633],[0.0901264,51.5374711],[0.0906283,51.5374957],[0.0911274,51.5375303],[0.0942931,51.5377816],[0.0965929,51.5379652],[0.0970941,51.5380037],[0.0986708,51.5381294],[0.0989215,51.5381494],[0.1006427,51.5382845],[0.10153132632672882,51.53835536924872]]},"properties":{"id":"940GZZLUBKG-940GZZLUUPY-District","source":"940GZZLUBKG","target":"940GZZLUUPY","sourceName":"Barking","targetName":"Upney","line":"District","colour":"#00782A","color":"#00782A","traffic":0.0503,"off9":1.5,"off12":3.5,"off14":6.0},"id":167},{"type":"Feature","geometry":{"type":"LineString","coordinates":[[0.05117521916535609,51.53898864666034],[0.0516878,51.5391246],[0.0520365,51.5392193],[0.0524247,51.53933],[0.0528608,51.5394584],[0.0532765,51.5395882],[0.0536031,51.5396915],[0.0540141,51.5398238],[0.0541813,51.5398776],[0.0547014,51.5400491],[0.0552954,51.5402572],[0.0556746,51.5403961],[0.0560562,51.5405442],[0.0564303,51.5406956],[0.0568608,51.5408805],[0.0572757,51.5410676],[0.057692,51.5412619],[0.058039,51.5414226],[0.0583298,51.541563],[0.058564,51.5416869],[0.0587823,51.5418129],[0.0589802,51.5419379],[0.0591786,51.5420767],[0.0593628,51.5422232],[0.0595214,51.5423619],[0.0596692,51.5425072],[0.0598902,51.5427308],[0.0599771,51.5428359],[0.0601275,51.5429773],[0.0602726,51.5431072],[0.0604581,51.5432672],[0.0606511,51.5434207],[0.0608904,51.543591],[0.0611672,51.5437631],[0.0614888,51.5439232],[0.0617566,51.5440497],[0.0621456,51.5441958],[0.0624553,51.5443],[0.0628727,51.5444126],[0.0632527,51.5444944],[0.0637045,51.5445689],[0.0640471,51.5446144],[0.064436,51.544647],[0.0647831,51.5446619],[0.0650674,51.54466],[0.0653157,51.544647],[0.065606,51.5446265],[0.065962,51.5445968],[0.0663226,51.5445354],[0.0666547,51.5444702],[0.0668866,51.5444209],[0.0676002,51.5442348],[0.0681727,51.5440942],[0.0689999,51.5439183],[0.0696929,51.5437632],[0.0701611,51.5436595],[0.0706548,51.5435533],[0.0710296,51.5434784],[0.0714482,51.5434038],[0.071719,51.5433568],[0.0721303,51.5432854],[0.0725017,51.5432186],[0.0728718,51.5431457],[0.0731197,51.5430867],[0.0733642,51.5430221],[0.0736426,51.5429413],[0.0739411,51.5428454],[0.0742732,51.5427326],[0.074846,51.5425158],[0.0759646,51.5420525],[0.0763622,51.541873],[0.0766113,51.5417556],[0.0769929,51.5415707],[0.0778254,51.5411749]]},"properties":{"id":"940GZZLUEHM-940GZZLUBKG-Hammersmith & City","source":"940GZZLUEHM","target":"940GZZLUBKG","sourceName":"East Ham","targetName":"Barking","line":"Hammersmith & City","colour":"#F3A9BB","color":"#F3A9BB","traffic":0.061,"off9":0.0,"off12":0.0,"off14":0.0},"id":168},{"type":"Feature","geometry":{"type":"LineString","coordinates":[[0.051175219165356084,51.53898864666034],[0.0516878,51.5391246],[0.0520365,51.5392193],[0.0524247,51.53933],[0.0528608,51.5394584],[0.0532765,51.5395882],[0.0536031,51.5396915],[0.0540141,51.5398238],[0.0541813,51.5398776],[0.0547014,51.5400491],[0.0552954,51.5402572],[0.0556746,51.5403961],[0.0560562,51.5405442],[0.0564303,51.5406956],[0.0568608,51.5408805],[0.0572757,51.5410676],[0.057692,51.5412619],[0.058039,51.5414226],[0.0583298,51.541563],[0.058564,51.5416869],[0.0587823,51.5418129],[0.0589802,51.5419379],[0.0591786,51.5420767],[0.0593628,51.5422232],[0.0595214,51.5423619],[0.0596692,51.5425072],[0.0598902,51.5427308],[0.0599771,51.5428359],[0.0601275,51.5429773],[0.0602726,51.5431072],[0.0604581,51.5432672],[0.0606511,51.5434207],[0.0608904,51.543591],[0.0611672,51.5437631],[0.0614888,51.5439232],[0.0617566,51.5440497],[0.0621456,51.5441958],[0.0624553,51.5443],[0.0628727,51.5444126],[0.0632527,51.5444944],[0.0637045,51.5445689],[0.0640471,51.5446144],[0.064436,51.544647],[0.0647831,51.5446619],[0.0650674,51.54466],[0.0653157,51.544647],[0.065606,51.5446265],[0.065962,51.5445968],[0.0663226,51.5445354],[0.0666547,51.5444702],[0.0668866,51.5444209],[0.0676002,51.5442348],[0.0681727,51.5440942],[0.0689999,51.5439183],[0.0696929,51.5437632],[0.0701611,51.5436595],[0.0706548,51.5435533],[0.0710296,51.5434784],[0.0714482,51.5434038],[0.071719,51.5433568],[0.0721239,51.5432708],[0.0724857,51.5431883],[0.0728421,51.5431026],[0.0730879,51.543037],[0.0733255,51.5429699],[0.0736002,51.5428837],[0.0738915,51.542785],[0.074215,51.5426647],[0.0744958,51.542552],[0.0747705,51.5424339],[0.0753081,51.5421912],[0.0762384,51.5417705],[0.0765601,51.5416223],[0.076804,51.5415033],[0.0770618,51.5413712],[0.0776101,51.5410708],[0.0781623,51.5407748],[0.079327,51.5401805],[0.0806573,51.5395037],[0.0808302,51.5394156],[0.08104544712390988,51.53930614676311]]},"properties":{"id":"940GZZLUEHM-940GZZLUBKG-District","source":"940GZZLUEHM","target":"940GZZLUBKG","sourceName":"East Ham","targetName":"Barking","line":"District","colour":"#00782A","color":"#00782A","traffic":0.061,"off9":1.5,"off12":3.5,"off14":6.0},"id":169},{"type":"Feature","geometry":{"type":"LineString","coordinates":[[0.05117521916535609,51.53898864666034],[0.0511298,51.5389766],[0.0505613,51.5388383],[0.0501217,51.5387335],[0.049602,51.5386196],[0.0489596,51.5384779],[0.0482987,51.5383368],[0.0477083,51.538209],[0.0471608,51.5380836],[0.0465379,51.5379517],[0.0459746,51.5378228],[0.0452755,51.537662],[0.0444955,51.5374822],[0.0438699,51.5373365],[0.0432563,51.5371937],[0.0426279,51.5370445],[0.0419604,51.5369011],[0.0412204,51.5367316],[0.0406663,51.5366021],[0.0401857,51.5364905],[0.039653,51.5363679],[0.0390153,51.536221],[0.0384473,51.5360973],[0.0378607,51.5359498],[0.0372471,51.5358064],[0.0367396,51.5356833],[0.0360823,51.5355578],[0.0356519,51.5354653],[0.035254754707400575,51.535377146208944]]},"properties":{"id":"940GZZLUEHM-940GZZLUUPK-Hammersmith & City","source":"940GZZLUEHM","target":"940GZZLUUPK","sourceName":"East Ham","targetName":"Upton Park","line":"Hammersmith & City","colour":"#F3A9BB","color":"#F3A9BB","traffic":0.2781,"off9":0.0,"off12":0.0,"off14":0.0},"id":170},{"type":"Feature","geometry":{"type":"LineString","coordinates":[[0.051175219165356084,51.53898864666034],[0.0511298,51.5389766],[0.0505613,51.5388383],[0.0501217,51.5387335],[0.049602,51.5386196],[0.0489596,51.5384779],[0.0482987,51.5383368],[0.0477083,51.538209],[0.0471608,51.5380836],[0.0465379,51.5379517],[0.0459746,51.5378228],[0.0452755,51.537662],[0.0444955,51.5374822],[0.0438699,51.5373365],[0.0432563,51.5371937],[0.0426279,51.5370445],[0.0419604,51.5369011],[0.0412204,51.5367316],[0.0406663,51.5366021],[0.0401857,51.5364905],[0.039653,51.5363679],[0.0390153,51.536221],[0.0384473,51.5360973],[0.0378607,51.5359498],[0.0372471,51.5358064],[0.0367396,51.5356833],[0.0360823,51.5355578],[0.0356519,51.5354653],[0.03525475470740057,51.535377146208944]]},"properties":{"id":"940GZZLUEHM-940GZZLUUPK-District","source":"940GZZLUEHM","target":"940GZZLUUPK","sourceName":"East Ham","targetName":"Upton Park","line":"District","colour":"#00782A","color":"#00782A","traffic":0.2781,"off9":1.5,"off12":3.5,"off14":6.0},"id":171},{"type":"Feature","geometry":{"type":"LineString","coordinates":[[0.10153132632672882,51.53835536924872],[0.1020107,51.5383936],[0.1040101,51.5385532],[0.1057551,51.5386904],[0.1121456,51.5391994],[0.1153664,51.5394521],[0.1183329,51.5396848],[0.1203899,51.5398259],[0.1226556,51.5399758],[0.123616,51.5400485],[0.124025,51.5400881],[0.1251811,51.5401974],[0.1254141,51.540217],[0.1258201,51.5402476],[0.1270162445540556,51.54032733114511]]},"properties":{"id":"940GZZLUUPY-940GZZLUBEC-District","source":"940GZZLUUPY","target":"940GZZLUBEC","sourceName":"Upney","targetName":"Becontree","line":"District","colour":"#00782A","color":"#00782A","traffic":0.0458,"off9":1.5,"off12":3.5,"off14":6.0},"id":172},{"type":"Feature","geometry":{"type":"LineString","coordinates":[[0.10153132632672882,51.53835536924872],[0.1006427,51.5382845],[0.0989215,51.5381494],[0.0986708,51.5381294],[0.0970941,51.5380037],[0.0965929,51.5379652],[0.0942931,51.5377816],[0.0911274,51.5375303],[0.0906283,51.5374957],[0.0901264,51.5374711],[0.0898545,51.5374633],[0.0895837,51.5374604],[0.0892396,51.5374627],[0.0888942,51.5374709],[0.0885498,51.5374868],[0.0882067,51.5375079],[0.0878125,51.5375404],[0.0874183,51.5375795],[0.0869273,51.537644],[0.086438,51.5377184],[0.0850749,51.5379266],[0.0842727,51.5380696],[0.0838892,51.5381459],[0.0836992,51.5381877],[0.0835041,51.5382409],[0.083358,51.5382834],[0.0832087,51.5383327],[0.0830581,51.5383849],[0.0828923,51.538448],[0.0827295,51.538513],[0.0825649,51.5385832],[0.0821864,51.5387521],[0.0815537,51.5390477],[0.08104544712390988,51.53930614676311]]},"properties":{"id":"940GZZLUUPY-940GZZLUBKG-District","source":"940GZZLUUPY","target":"940GZZLUBKG","sourceName":"Upney","targetName":"Barking","line":"District","colour":"#00782A","color":"#00782A","traffic":0.2056,"off9":1.5,"off12":3.5,"off14":6.0},"id":173},{"type":"Feature","geometry":{"type":"LineString","coordinates":[[0.08862511230881767,51.58568234160103],[0.0884126,51.5844021],[0.0881924,51.5831755],[0.0881959,51.5824677],[0.0882617,51.5816786],[0.0884373,51.5808824],[0.0886694,51.580144],[0.0888862,51.5794581],[0.089069,51.5787859],[0.0893252,51.5781383],[0.089522,51.5776231],[0.0897848,51.5766874],[0.0898465,51.5764352],[0.0898871,51.5762207],[0.08993556510829753,51.57571938400437]]},"properties":{"id":"940GZZLUBKE-940GZZLUNBP-Central","source":"940GZZLUBKE","target":"940GZZLUNBP","sourceName":"Barkingside","targetName":"Newbury Park","line":"Central","colour":"#E32017","color":"#E32017","traffic":0.0778,"off9":0.0,"off12":0.0,"off14":0.0},"id":174},{"type":"Feature","geometry":{"type":"LineString","coordinates":[[0.08862511230881767,51.58568234160103],[0.088647,51.5858142],[0.0888973,51.5873384],[0.0891641,51.589077],[0.0892744,51.5896582],[0.0894031,51.5901804],[0.0897235,51.591208],[0.090259,51.5929616],[0.0906173,51.5941563],[0.0909093,51.5952909],[0.090982,51.5955278],[0.09100954559193132,51.59561627341799]]},"properties":{"id":"940GZZLUBKE-940GZZLUFLP-Central","source":"940GZZLUBKE","target":"940GZZLUFLP","sourceName":"Barkingside","targetName":"Fairlop","line":"Central","colour":"#E32017","color":"#E32017","traffic":0.01,"off9":0.0,"off12":0.0,"off14":0.0},"id":175},{"type":"Feature","geometry":{"type":"LineString","coordinates":[[0.08993556510829753,51.57571938400437],[0.0899473,51.575598],[0.0899485,51.5754803],[0.0899598,51.575123],[0.0899123,51.5745317],[0.0897911,51.5738613],[0.0897251,51.5734644],[0.0896507,51.573133],[0.0894214,51.5724209],[0.0891289,51.5717113],[0.0887927,51.5711305],[0.0884665,51.5707905],[0.0883377,51.5706713],[0.088151,51.5705352],[0.0878683,51.5703671],[0.0876439,51.5702592],[0.0873683,51.5701498],[0.0870802,51.5700588],[0.0867323,51.5699762],[0.0863197,51.5699145],[0.0859406,51.5698747],[0.0854401,51.56985],[0.0847747,51.5698421],[0.0840554,51.5698845],[0.0834475,51.5699373],[0.0827543,51.5700477],[0.0823244,51.5701224],[0.0818465,51.5702452],[0.0814104,51.5703856],[0.080804,51.5706235],[0.0791053,51.571455],[0.0775909,51.5722163],[0.0774219,51.5723013],[0.0755807,51.5732115],[0.0706528,51.5756518],[0.0696875,51.5759901],[0.0689899,51.5762194],[0.0681886,51.5764152],[0.0674201,51.5765395],[0.0667714,51.5765954],[0.06618766677946665,51.57661678691715]]},"properties":{"id":"940GZZLUNBP-940GZZLUGTH-Central","source":"940GZZLUNBP","target":"940GZZLUGTH","sourceName":"Newbury Park","targetName":"Gants Hill","line":"Central","colour":"#E32017","color":"#E32017","traffic":0.1364,"off9":0.0,"off12":0.0,"off14":0.0},"id":176},{"type":"Feature","geometry":{"type":"LineString","coordinates":[[0.08993556510829753,51.57571938400437],[0.0898871,51.5762207],[0.0898465,51.5764352],[0.0897848,51.5766874],[0.089522,51.5776231],[0.0893252,51.5781383],[0.089069,51.5787859],[0.0888862,51.5794581],[0.0886694,51.580144],[0.0884373,51.5808824],[0.0882617,51.5816786],[0.0881959,51.5824677],[0.0881924,51.5831755],[0.0884126,51.5844021],[0.08862511230881767,51.58568234160103]]},"properties":{"id":"940GZZLUNBP-940GZZLUBKE-Central","source":"940GZZLUNBP","target":"940GZZLUBKE","sourceName":"Newbury Park","targetName":"Barkingside","line":"Central","colour":"#E32017","color":"#E32017","traffic":0.0137,"off9":0.0,"off12":0.0,"off14":0.0},"id":177},{"type":"Feature","geometry":{"type":"LineString","coordinates":[[0.09100954559193132,51.59561627341799],[0.0911132,51.5959492],[0.0916767,51.5977117],[0.0922099,51.599474],[0.0926305,51.600776],[0.0926747,51.6009226],[0.0928029,51.6013201],[0.092938,51.6017594],[0.0929773,51.6018909],[0.0931632,51.6025043],[0.0934109,51.6033077],[0.09351315889032645,51.60364968294608]]},"properties":{"id":"940GZZLUFLP-940GZZLUHLT-Central","source":"940GZZLUFLP","target":"940GZZLUHLT","sourceName":"Fairlop","targetName":"Hainault","line":"Central","colour":"#E32017","color":"#E32017","traffic":0.0071,"off9":0.0,"off12":0.0,"off14":0.0},"id":178},{"type":"Feature","geometry":{"type":"LineString","coordinates":[[0.09100954559193132,51.59561627341799],[0.090982,51.5955278],[0.0909093,51.5952909],[0.0906173,51.5941563],[0.090259,51.5929616],[0.0897235,51.591208],[0.0894031,51.5901804],[0.0892744,51.5896582],[0.0891641,51.589077],[0.0888973,51.5873384],[0.088647,51.5858142],[0.08862511230881767,51.58568234160103]]},"properties":{"id":"940GZZLUFLP-940GZZLUBKE-Central","source":"940GZZLUFLP","target":"940GZZLUBKE","sourceName":"Fairlop","targetName":"Barkingside","line":"Central","colour":"#E32017","color":"#E32017","traffic":0.0585,"off9":0.0,"off12":0.0,"off14":0.0},"id":179},{"type":"Feature","geometry":{"type":"LineString","coordinates":[[-0.2134298974244556,51.490280537078746],[-0.2136524,51.4903017],[-0.2138466,51.4903152],[-0.2140201,51.4903224],[-0.2141344,51.4903246],[-0.2142549,51.4903281],[-0.2143765,51.4903326],[-0.2144949,51.4903359],[-0.2147403,51.490339],[-0.2149196,51.4903386],[-0.2151082,51.4903379],[-0.2152314,51.4903354],[-0.2153154,51.4903357],[-0.2155974,51.4903269],[-0.2159644,51.4903104],[-0.2163244,51.4902924],[-0.2165973,51.4902787],[-0.2169383,51.4902582],[-0.2184809,51.4901966],[-0.2186894,51.4901825],[-0.2188759,51.490176],[-0.2190108,51.4901763],[-0.2193629,51.4901873],[-0.2197335,51.4902101],[-0.2199772,51.4902384],[-0.2202096,51.4902762],[-0.220441,51.4903232],[-0.2208512,51.4904364],[-0.2211202,51.4905179],[-0.2213218,51.490603],[-0.2215407,51.4907016],[-0.2218604,51.4908748],[-0.2220319,51.4909789],[-0.2222256,51.491119],[-0.2222787,51.4911754],[-0.2223067,51.4912075],[-0.2225503,51.491452],[-0.2226293,51.491529],[-0.2227506,51.4916532],[-0.2227944,51.4916946],[-0.2232548,51.4921295],[-0.22353422448760357,51.4923914852288]]},"properties":{"id":"940GZZLUBSC-940GZZLUHSD-Piccadilly","source":"940GZZLUBSC","target":"940GZZLUHSD","sourceName":"Barons Court","targetName":"Hammersmith DistPicc Line","line":"Piccadilly","colour":"#003688","color":"#003688","traffic":0.1593,"off9":-1.5,"off12":-3.5,"off14":-6.0},"id":180},{"type":"Feature","geometry":{"type":"LineString","coordinates":[[-0.21343406813284732,51.49021163520217],[-0.2136093,51.4902241],[-0.2138206,51.4902365],[-0.2139365,51.4902429],[-0.2141497,51.4902553],[-0.2142878,51.4902608],[-0.2144762,51.4902649],[-0.2146776,51.4902664],[-0.214829,51.4902686],[-0.2150526,51.4902667],[-0.2152546,51.4902651],[-0.215493,51.490263],[-0.2159087,51.490256],[-0.216114,51.4902526],[-0.2163464,51.4902515],[-0.2165825,51.4902457],[-0.2170586,51.490224],[-0.21799,51.4901817],[-0.2184546,51.4901615],[-0.2186807,51.4901479],[-0.2189076,51.490143],[-0.2191071,51.4901466],[-0.2194154,51.4901563],[-0.219683,51.4901737],[-0.2198923,51.4901956],[-0.2200882,51.4902215],[-0.2202927,51.4902575],[-0.2205894,51.4903219],[-0.2208542,51.4903917],[-0.221068,51.4904593],[-0.2212825,51.4905416],[-0.2215375,51.4906561],[-0.2219582,51.4908862],[-0.2221908,51.4910336],[-0.2222935,51.4911111],[-0.222363,51.4911682],[-0.2226978,51.4914482],[-0.2227424,51.4914853],[-0.2229132,51.4916474],[-0.2235194,51.4922228],[-0.223611181489181,51.492309351392635]]},"properties":{"id":"940GZZLUBSC-940GZZLUHSD-District","source":"940GZZLUBSC","target":"940GZZLUHSD","sourceName":"Barons Court","targetName":"Hammersmith DistPicc Line","line":"District","colour":"#00782A","color":"#00782A","traffic":0.1593,"off9":1.5,"off12":3.5,"off14":6.0},"id":181},{"type":"Feature","geometry":{"type":"LineString","coordinates":[[-0.2134298974244556,51.490280537078746],[-0.2133475,51.4902727],[-0.2131251,51.4902471],[-0.2129244,51.490224],[-0.2118123,51.4900972],[-0.2109784,51.490026],[-0.2103462,51.4900053],[-0.2098059,51.4900077],[-0.2094583,51.4900226],[-0.2091223,51.4900478],[-0.2085301,51.4901009],[-0.2082633,51.4901334],[-0.2078652,51.4901854],[-0.2074626,51.4902875],[-0.2044583,51.4911864],[-0.2041776,51.4912478],[-0.2038603,51.4912945],[-0.2035602,51.4913169],[-0.2032526,51.491328],[-0.2028775,51.49131],[-0.2025126,51.4912562],[-0.2021731,51.4911609],[-0.2018668,51.4910549],[-0.201536,51.4909135],[-0.2007131,51.4905024],[-0.2001032,51.4902398],[-0.1995153,51.4900651],[-0.198872,51.4899672],[-0.1982999,51.4899466],[-0.1976862,51.4899827],[-0.1969609,51.4900957],[-0.196722,51.490142],[-0.1965779,51.4901745],[-0.1963942,51.4902223],[-0.1959162,51.4903981],[-0.1951902,51.4908025],[-0.1946966,51.4911229],[-0.1940354,51.4915594],[-0.1933842,51.492001],[-0.19335168007420303,51.49202174924559]]},"properties":{"id":"940GZZLUBSC-940GZZLUECT-Piccadilly","source":"940GZZLUBSC","target":"940GZZLUECT","sourceName":"Barons Court","targetName":"Earls Court","line":"Piccadilly","colour":"#003688","color":"#003688","traffic":0.4069,"off9":-1.5,"off12":-3.5,"off14":-6.0},"id":182},{"type":"Feature","geometry":{"type":"LineString","coordinates":[[-0.2134205048804949,51.490361025447655],[-0.2133094,51.4903466],[-0.2131385,51.4903266],[-0.2129103,51.4902999],[-0.2121594,51.4902089],[-0.2117935,51.4901665],[-0.2109636,51.4900919],[-0.2103411,51.4900689],[-0.2098059,51.4900776],[-0.2091408,51.4901145],[-0.2085467,51.4901626],[-0.2080115,51.4902161],[-0.2076962,51.4902656],[-0.2068199,51.490467],[-0.20665031560437086,51.49051243382562]]},"properties":{"id":"940GZZLUBSC-940GZZLUWKN-District","source":"940GZZLUBSC","target":"940GZZLUWKN","sourceName":"Barons Court","targetName":"West Kensington","line":"District","colour":"#00782A","color":"#00782A","traffic":0.2046,"off9":1.5,"off12":3.5,"off14":6.0},"id":183},{"type":"Feature","geometry":{"type":"LineString","coordinates":[[-0.22353422448760357,51.4923914852288],[-0.2236073,51.49246],[-0.2237524,51.4925877],[-0.2239524,51.4927638],[-0.2241667,51.4929066],[-0.2242771,51.4929619],[-0.2244918,51.4930662],[-0.2246741,51.4931336],[-0.2254049,51.4933895],[-0.225929,51.4935425],[-0.2261388,51.493594],[-0.2264745,51.4936529],[-0.2267108,51.4936764],[-0.2268693,51.4936881],[-0.2270298,51.49369],[-0.2271966,51.4936902],[-0.2273815,51.4936814],[-0.2276321,51.4936604],[-0.2282762,51.4935896],[-0.2285504,51.4935766],[-0.2288194,51.4935731],[-0.2295126,51.4936158],[-0.2297079,51.4936338],[-0.230126,51.4936636],[-0.2303887,51.4936802],[-0.2314464,51.4937513],[-0.2319692,51.493779],[-0.2322725,51.4937967],[-0.2325757,51.4938245],[-0.2328612,51.4938636],[-0.233072,51.4938892],[-0.2334854,51.4939399],[-0.2339106,51.4939824],[-0.2341364,51.4939993],[-0.2345997,51.4940341],[-0.2348132,51.4940496],[-0.2357995,51.4941116],[-0.2364106,51.4941661],[-0.2368651,51.4942196],[-0.2371197,51.4942547],[-0.2379999,51.4944046],[-0.2388677,51.4945499],[-0.2392382,51.4946058],[-0.2396026,51.4946571],[-0.2397898,51.4946828],[-0.2404629,51.4947684],[-0.2410649,51.4948273],[-0.2416876,51.494875],[-0.2423235,51.4949078],[-0.2428469,51.4949253],[-0.2433211,51.4949254],[-0.2437908,51.4949128],[-0.2442335,51.4948983],[-0.2446632,51.4948961],[-0.2449697,51.4948998],[-0.2451647,51.4949074],[-0.2453115,51.4949137],[-0.2454579,51.4949228],[-0.2463359,51.4949831],[-0.2467762,51.4950126],[-0.2468407,51.4950169],[-0.2470116,51.4950261],[-0.2471817,51.4950332],[-0.2475404,51.4950368],[-0.2482145,51.4950537],[-0.2484447,51.4950605],[-0.2502895,51.4951153],[-0.2510613,51.4951318],[-0.2516314,51.4951373],[-0.2527777,51.4951373],[-0.2533052,51.4951331],[-0.2545545731864244,51.49511628578897]]},"properties":{"id":"940GZZLUHSD-940GZZLUTNG-Piccadilly","source":"940GZZLUHSD","target":"940GZZLUTNG","sourceName":"Hammersmith DistPicc Line","targetName":"Turnham Green","line":"Piccadilly","colour":"#003688","color":"#003688","traffic":0.1502,"off9":-1.5,"off12":-3.5,"off14":-6.0},"id":184},{"type":"Feature","geometry":{"type":"LineString","coordinates":[[-0.22353422448760357,51.4923914852288],[-0.2232548,51.4921295],[-0.2227944,51.4916946],[-0.2227506,51.4916532],[-0.2226293,51.491529],[-0.2225503,51.491452],[-0.2223067,51.4912075],[-0.2222787,51.4911754],[-0.2222256,51.491119],[-0.2220319,51.4909789],[-0.2218604,51.4908748],[-0.2215407,51.4907016],[-0.2213218,51.490603],[-0.2211202,51.4905179],[-0.2208512,51.4904364],[-0.220441,51.4903232],[-0.2202096,51.4902762],[-0.2199772,51.4902384],[-0.2197335,51.4902101],[-0.2193629,51.4901873],[-0.2190108,51.4901763],[-0.2188759,51.490176],[-0.2186894,51.4901825],[-0.2184809,51.4901966],[-0.2169383,51.4902582],[-0.2165973,51.4902787],[-0.2163244,51.4902924],[-0.2159644,51.4903104],[-0.2155974,51.4903269],[-0.2153154,51.4903357],[-0.2152314,51.4903354],[-0.2151082,51.4903379],[-0.2149196,51.4903386],[-0.2147403,51.490339],[-0.2144949,51.4903359],[-0.2143765,51.4903326],[-0.2142549,51.4903281],[-0.2141344,51.4903246],[-0.2140201,51.4903224],[-0.2138466,51.4903152],[-0.2136524,51.4903017],[-0.2134298974244556,51.490280537078746]]},"properties":{"id":"940GZZLUHSD-940GZZLUBSC-Piccadilly","source":"940GZZLUHSD","target":"940GZZLUBSC","sourceName":"Hammersmith DistPicc Line","targetName":"Barons Court","line":"Piccadilly","colour":"#003688","color":"#003688","traffic":0.2095,"off9":-1.5,"off12":-3.5,"off14":-6.0},"id":185},{"type":"Feature","geometry":{"type":"LineString","coordinates":[[-0.223611181489181,51.492309351392635],[-0.2235194,51.4922228],[-0.2229132,51.4916474],[-0.2227424,51.4914853],[-0.2226978,51.4914482],[-0.222363,51.4911682],[-0.2222935,51.4911111],[-0.2221908,51.4910336],[-0.2219582,51.4908862],[-0.2215375,51.4906561],[-0.2212825,51.4905416],[-0.221068,51.4904593],[-0.2208542,51.4903917],[-0.2205894,51.4903219],[-0.2202927,51.4902575],[-0.2200882,51.4902215],[-0.2198923,51.4901956],[-0.219683,51.4901737],[-0.2194154,51.4901563],[-0.2191071,51.4901466],[-0.2189076,51.490143],[-0.2186807,51.4901479],[-0.2184546,51.4901615],[-0.21799,51.4901817],[-0.2170586,51.490224],[-0.2165825,51.4902457],[-0.2163464,51.4902515],[-0.216114,51.4902526],[-0.2159087,51.490256],[-0.215493,51.490263],[-0.2152546,51.4902651],[-0.2150526,51.4902667],[-0.214829,51.4902686],[-0.2146776,51.4902664],[-0.2144762,51.4902649],[-0.2142878,51.4902608],[-0.2141497,51.4902553],[-0.2139365,51.4902429],[-0.2138206,51.4902365],[-0.2136093,51.4902241],[-0.21343406813284732,51.49021163520217]]},"properties":{"id":"940GZZLUHSD-940GZZLUBSC-District","source":"940GZZLUHSD","target":"940GZZLUBSC","sourceName":"Hammersmith DistPicc Line","targetName":"Barons Court","line":"District","colour":"#00782A","color":"#00782A","traffic":0.2095,"off9":1.5,"off12":3.5,"off14":6.0},"id":186},{"type":"Feature","geometry":{"type":"LineString","coordinates":[[-0.223611181489181,51.492309351392635],[-0.2238616,51.4925455],[-0.2240628,51.4927352],[-0.224221,51.4928571],[-0.2243196,51.4929226],[-0.2245407,51.4930281],[-0.2247188,51.4930947],[-0.2254413,51.4933481],[-0.2258777,51.4934823],[-0.2261712,51.4935592],[-0.2264851,51.493618],[-0.2266798,51.4936385],[-0.2268282,51.4936528],[-0.2269719,51.4936596],[-0.2271564,51.4936591],[-0.2273502,51.493653],[-0.2276352,51.4936272],[-0.2282764,51.4935603],[-0.2288327,51.4935397],[-0.2295284,51.4935863],[-0.2297122,51.4935981],[-0.2301292,51.4936277],[-0.2303798,51.4936458],[-0.2314413,51.4937151],[-0.2319516,51.4937447],[-0.2324104,51.4937772],[-0.2328518,51.4938235],[-0.2330716,51.4938503],[-0.2334899,51.4939001],[-0.2339187,51.4939404],[-0.234152,51.4939591],[-0.234617,51.493976],[-0.234817,51.4939835],[-0.2355816,51.4940053],[-0.2358305,51.4940173],[-0.23589098374816758,51.49402342589384]]},"properties":{"id":"940GZZLUHSD-940GZZLURVP-District","source":"940GZZLUHSD","target":"940GZZLURVP","sourceName":"Hammersmith DistPicc Line","targetName":"Ravenscourt Park","line":"District","colour":"#00782A","color":"#00782A","traffic":0.1291,"off9":1.5,"off12":3.5,"off14":6.0},"id":187},{"type":"Feature","geometry":{"type":"LineString","coordinates":[[-0.19340841225228989,51.49210814174556],[-0.1931882,51.4922565],[-0.1925121,51.4927057],[-0.1914938,51.4933741],[-0.1911157,51.4936167],[-0.1903853,51.4940997],[-0.1897722,51.4943799],[-0.1893054,51.494594],[-0.1889791,51.4947222],[-0.1885776,51.4948413],[-0.1883081,51.4949127],[-0.1877518,51.4950232],[-0.1871501,51.4950765],[-0.1866372,51.4950855],[-0.1861855,51.4950565],[-0.1857296,51.4949685],[-0.1847196,51.4946779],[-0.1842391,51.4945698],[-0.1834859,51.4944067],[-0.1831711,51.4943389],[-0.1827544,51.4942427],[-0.1826723589015375,51.49422913802379]]},"properties":{"id":"940GZZLUECT-940GZZLUGTR-Piccadilly","source":"940GZZLUECT","target":"940GZZLUGTR","sourceName":"Earls Court","targetName":"Gloucester Road","line":"Piccadilly","colour":"#003688","color":"#003688","traffic":0.434,"off9":-1.5,"off12":-3.5,"off14":-6.0},"id":188},{"type":"Feature","geometry":{"type":"LineString","coordinates":[[-0.1919497,51.4929769],[-0.191087,51.4935686],[-0.1895184,51.4943953],[-0.1893097,51.4945038],[-0.1885115,51.4948408],[-0.1882709,51.4948982],[-0.1879464,51.494959],[-0.1876751,51.4950015],[-0.1873692,51.4950287],[-0.1871358,51.4950401],[-0.1868742,51.4950465],[-0.1862279,51.4950102],[-0.185952,51.4949756],[-0.1858688,51.4949656],[-0.1856131,51.4949223],[-0.1852745,51.494868],[-0.1843266,51.4946876],[-0.1827051,51.4943388],[-0.18265540042585823,51.49432652691796]]},"properties":{"id":"940GZZLUECT-940GZZLUGTR-District","source":"940GZZLUECT","target":"940GZZLUGTR","sourceName":"Earls Court","targetName":"Gloucester Road","line":"District","colour":"#00782A","color":"#00782A","traffic":0.434,"off9":1.5,"off12":3.5,"off14":6.0},"id":189},{"type":"Feature","geometry":{"type":"LineString","coordinates":[[-0.19335168007420303,51.49202174924559],[-0.1933842,51.492001],[-0.1940354,51.4915594],[-0.1946966,51.4911229],[-0.1951902,51.4908025],[-0.1959162,51.4903981],[-0.1963942,51.4902223],[-0.1965779,51.4901745],[-0.196722,51.490142],[-0.1969609,51.4900957],[-0.1976862,51.4899827],[-0.1982999,51.4899466],[-0.198872,51.4899672],[-0.1995153,51.4900651],[-0.2001032,51.4902398],[-0.2007131,51.4905024],[-0.201536,51.4909135],[-0.2018668,51.4910549],[-0.2021731,51.4911609],[-0.2025126,51.4912562],[-0.2028775,51.49131],[-0.2032526,51.491328],[-0.2035602,51.4913169],[-0.2038603,51.4912945],[-0.2041776,51.4912478],[-0.2044583,51.4911864],[-0.2074626,51.4902875],[-0.2078652,51.4901854],[-0.2082633,51.4901334],[-0.2085301,51.4901009],[-0.2091223,51.4900478],[-0.2094583,51.4900226],[-0.2098059,51.4900077],[-0.2103462,51.4900053],[-0.2109784,51.490026],[-0.2118123,51.4900972],[-0.2129244,51.490224],[-0.2131251,51.4902471],[-0.2133475,51.4902727],[-0.2134298974244556,51.490280537078746]]},"properties":{"id":"940GZZLUECT-940GZZLUBSC-Piccadilly","source":"940GZZLUECT","target":"940GZZLUBSC","sourceName":"Earls Court","targetName":"Barons Court","line":"Piccadilly","colour":"#003688","color":"#003688","traffic":0.2218,"off9":-1.5,"off12":-3.5,"off14":-6.0},"id":190},{"type":"Feature","geometry":{"type":"LineString","coordinates":[[-0.192348,51.4926687],[-0.1917237,51.4930769],[-0.1910507,51.4935348],[-0.1901948,51.4940049],[-0.1897559,51.4942365],[-0.1892797,51.4944962],[-0.1889819,51.4948396],[-0.1888186,51.4951142],[-0.1885469,51.4955488],[-0.1883482,51.495787],[-0.1882453,51.4959698],[-0.1881982,51.4960891],[-0.1881204,51.4963413],[-0.1881279,51.4966748],[-0.1881388,51.4967783],[-0.1881686,51.4968668],[-0.1882071,51.4969554],[-0.1883001,51.4971308],[-0.1886986,51.4975463],[-0.1892542,51.4980981],[-0.1896135,51.4983975],[-0.1898205,51.4985298],[-0.1902609,51.4987789]]},"properties":{"id":"940GZZLUECT-940GZZLUHSK-District","source":"940GZZLUECT","target":"940GZZLUHSK","sourceName":"Earls Court","targetName":"High Street Kensington","line":"District","colour":"#00782A","color":"#00782A","traffic":0.0986,"off9":1.5,"off12":3.5,"off14":6.0},"id":191},{"type":"Feature","geometry":{"type":"LineString","coordinates":[[-0.19335521609486234,51.49203016620794],[-0.1940345,51.4915588],[-0.1943853,51.4913264],[-0.1946445,51.4911589],[-0.1951236,51.4908422],[-0.195366,51.4906764],[-0.1955532,51.4905574],[-0.1957942,51.490411],[-0.1961074,51.4901958],[-0.1963175,51.4900854],[-0.1965672,51.4899247],[-0.1968136,51.4897039],[-0.1969741,51.4894694],[-0.1970542,51.4892213],[-0.1970727,51.4889678],[-0.197047,51.4887779],[-0.1969005,51.4884875],[-0.1967175,51.4882692],[-0.1963775,51.487904],[-0.1959141,51.4874947],[-0.1957497,51.4873711],[-0.1956309,51.4872941],[-0.19559606535117768,51.4872727992401]]},"properties":{"id":"940GZZLUECT-940GZZLUWBN-District","source":"940GZZLUECT","target":"940GZZLUWBN","sourceName":"Earls Court","targetName":"West Brompton","line":"District","colour":"#00782A","color":"#00782A","traffic":0.2089,"off9":1.5,"off12":3.5,"off14":6.0},"id":192},{"type":"Feature","geometry":{"type":"LineString","coordinates":[[-0.1963408,51.49018],[-0.1967312,51.4900355],[-0.1972615,51.4899193],[-0.1977069,51.4898514],[-0.1980324,51.4898299],[-0.1983945,51.48982],[-0.1989875,51.4898633],[-0.1995564,51.489952],[-0.1998424,51.4900307],[-0.2001501,51.4901232],[-0.2004374,51.4902273],[-0.2007425,51.4903932],[-0.200951,51.4905188],[-0.2012291,51.4906924],[-0.2013601,51.49077],[-0.2015156,51.4908666],[-0.2016112,51.4909184],[-0.2017805,51.490994],[-0.2021495,51.4911294],[-0.2025511,51.4912325],[-0.2027057,51.4912557],[-0.2028755,51.4912774],[-0.2030227,51.4912914],[-0.2031943,51.4913022],[-0.203351,51.4913044],[-0.2035212,51.4912997],[-0.2036187,51.4912931],[-0.2039508,51.4912572],[-0.2042149,51.4912156],[-0.2043801,51.4911777],[-0.2045898,51.4911215],[-0.2059484,51.4907142],[-0.2063384,51.490596],[-0.20665031560437086,51.49051243382562]]},"properties":{"id":"940GZZLUECT-940GZZLUWKN-District","source":"940GZZLUECT","target":"940GZZLUWKN","sourceName":"Earls Court","targetName":"West Kensington","line":"District","colour":"#00782A","color":"#00782A","traffic":0.1683,"off9":1.5,"off12":3.5,"off14":6.0},"id":193},{"type":"Feature","geometry":{"type":"LineString","coordinates":[[-0.193378,51.492063],[-0.210015,51.497624]]},"properties":{"id":"940GZZLUECT-940GZZLUKOY-District","source":"940GZZLUECT","target":"940GZZLUKOY","sourceName":"Earls Court","targetName":"Kensington Olympia","line":"District","colour":"#00782A","color":"#00782A","traffic":0.0,"off9":1.5,"off12":3.5,"off14":6.0},"id":194},{"type":"Feature","geometry":{"type":"LineString","coordinates":[[-0.20665031560437086,51.49051243382562],[-0.2063384,51.490596],[-0.2059484,51.4907142],[-0.2045898,51.4911215],[-0.2043801,51.4911777],[-0.2042149,51.4912156],[-0.2039508,51.4912572],[-0.2036187,51.4912931],[-0.2035212,51.4912997],[-0.203351,51.4913044],[-0.2031943,51.4913022],[-0.2030227,51.4912914],[-0.2028755,51.4912774],[-0.2027057,51.4912557],[-0.2025511,51.4912325],[-0.2021495,51.4911294],[-0.2017805,51.490994],[-0.2016112,51.4909184],[-0.2015156,51.4908666],[-0.2013601,51.49077],[-0.2012291,51.4906924],[-0.200951,51.4905188],[-0.2007425,51.4903932],[-0.2004374,51.4902273],[-0.2001501,51.4901232],[-0.1998424,51.4900307],[-0.1995564,51.489952],[-0.1989875,51.4898633],[-0.1983945,51.48982],[-0.1980324,51.4898299],[-0.1977069,51.4898514],[-0.1972615,51.4899193],[-0.1967312,51.4900355],[-0.1963408,51.49018]]},"properties":{"id":"940GZZLUWKN-940GZZLUECT-District","source":"940GZZLUWKN","target":"940GZZLUECT","sourceName":"West Kensington","targetName":"Earls Court","line":"District","colour":"#00782A","color":"#00782A","traffic":0.2313,"off9":1.5,"off12":3.5,"off14":6.0},"id":195},{"type":"Feature","geometry":{"type":"LineString","coordinates":[[-0.20665031560437086,51.49051243382562],[-0.2068199,51.490467],[-0.2076962,51.4902656],[-0.2080115,51.4902161],[-0.2085467,51.4901626],[-0.2091408,51.4901145],[-0.2098059,51.4900776],[-0.2103411,51.4900689],[-0.2109636,51.4900919],[-0.2117935,51.4901665],[-0.2121594,51.4902089],[-0.2129103,51.4902999],[-0.2131385,51.4903266],[-0.2133094,51.4903466],[-0.2134205048804949,51.490361025447655]]},"properties":{"id":"940GZZLUWKN-940GZZLUBSC-District","source":"940GZZLUWKN","target":"940GZZLUBSC","sourceName":"West Kensington","targetName":"Barons Court","line":"District","colour":"#00782A","color":"#00782A","traffic":0.1621,"off9":1.5,"off12":3.5,"off14":6.0},"id":196},{"type":"Feature","geometry":{"type":"LineString","coordinates":[[-0.1879415982549567,51.5123287039705],[-0.188251,51.5123038],[-0.1889165,51.5122628],[-0.1891231,51.5122474],[-0.1896664,51.5121985],[-0.189799,51.5121885],[-0.1902601,51.5121569],[-0.1907605,51.5120911],[-0.1917089,51.5119946],[-0.191841,51.5119744],[-0.1924714,51.5118324],[-0.1929337,51.5117397],[-0.19344,51.5116278],[-0.1938118,51.5115395],[-0.1940958,51.5114622],[-0.1945569,51.5112628],[-0.1948462,51.5111084],[-0.1950511,51.5109764],[-0.1953446,51.5107639],[-0.1955505,51.5105631],[-0.1957513,51.5103178],[-0.1958453,51.5101277],[-0.1959124,51.5099589],[-0.1959655,51.5098067],[-0.19602,51.5096069],[-0.1960493,51.5094641],[-0.1960774,51.5092781],[-0.19608517086968555,51.509127031441615]]},"properties":{"id":"940GZZLUBWT-940GZZLUNHG-Circle","source":"940GZZLUBWT","target":"940GZZLUNHG","sourceName":"Bayswater","targetName":"Notting Hill Gate","line":"Circle","colour":"#FFD300","color":"#FFD300","traffic":0.0522,"off9":3.0,"off12":7.0,"off14":12.0},"id":197},{"type":"Feature","geometry":{"type":"LineString","coordinates":[[-0.1879415982549567,51.5123287039705],[-0.188251,51.5123038],[-0.1889165,51.5122628],[-0.1891231,51.5122474],[-0.1896664,51.5121985],[-0.189799,51.5121885],[-0.1902601,51.5121569],[-0.1907605,51.5120911],[-0.1917089,51.5119946],[-0.191841,51.5119744],[-0.1924714,51.5118324],[-0.1929337,51.5117397],[-0.19344,51.5116278],[-0.1938118,51.5115395],[-0.1940958,51.5114622],[-0.1945569,51.5112628],[-0.1948462,51.5111084],[-0.1950511,51.5109764],[-0.1953446,51.5107639],[-0.1955505,51.5105631],[-0.1957513,51.5103178],[-0.1958453,51.5101277],[-0.1959124,51.5099589],[-0.1959655,51.5098067],[-0.19602,51.5096069],[-0.1960493,51.5094641],[-0.1960774,51.5092781],[-0.19608517086968555,51.509127031441615]]},"properties":{"id":"940GZZLUBWT-940GZZLUNHG-District","source":"940GZZLUBWT","target":"940GZZLUNHG","sourceName":"Bayswater","targetName":"Notting Hill Gate","line":"District","colour":"#00782A","color":"#00782A","traffic":0.0522,"off9":1.5,"off12":3.5,"off14":6.0},"id":198},{"type":"Feature","geometry":{"type":"LineString","coordinates":[[-0.1879415982549567,51.5123287039705],[-0.1879168,51.5123307],[-0.186532,51.5123919],[-0.1853708,51.5124683],[-0.1842659,51.5126073],[-0.1836497,51.5126337],[-0.1830302,51.5126658],[-0.1825852,51.5127172],[-0.1821442,51.512778],[-0.1814303,51.5129321],[-0.1813049,51.5129597],[-0.1809926,51.5130256],[-0.1803038,51.5132021],[-0.1795998,51.5134381],[-0.1789017,51.5137738],[-0.1770466,51.5147751],[-0.1766006,51.514946],[-0.176153,51.5151073],[-0.1759956,51.515168],[-0.1759297,51.5151932],[-0.1754622,51.5154494],[-0.1751649464505381,51.515609795433775]]},"properties":{"id":"940GZZLUBWT-940GZZLUPAC-Circle","source":"940GZZLUBWT","target":"940GZZLUPAC","sourceName":"Bayswater","targetName":"Paddington","line":"Circle","colour":"#FFD300","color":"#FFD300","traffic":0.057,"off9":3.0,"off12":7.0,"off14":12.0},"id":199},{"type":"Feature","geometry":{"type":"LineString","coordinates":[[-0.1879415982549567,51.5123287039705],[-0.1879168,51.5123307],[-0.186532,51.5123919],[-0.1853708,51.5124683],[-0.1842659,51.5126073],[-0.1836497,51.5126337],[-0.1830302,51.5126658],[-0.1825852,51.5127172],[-0.1821442,51.512778],[-0.1814303,51.5129321],[-0.1813049,51.5129597],[-0.1809926,51.5130256],[-0.1803038,51.5132021],[-0.1795998,51.5134381],[-0.1789017,51.5137738],[-0.1770466,51.5147751],[-0.1766006,51.514946],[-0.176153,51.5151073],[-0.1759956,51.515168],[-0.1759297,51.5151932],[-0.1754622,51.5154494],[-0.17516494645053812,51.515609795433775]]},"properties":{"id":"940GZZLUBWT-940GZZLUPAC-District","source":"940GZZLUBWT","target":"940GZZLUPAC","sourceName":"Bayswater","targetName":"Paddington","line":"District","colour":"#00782A","color":"#00782A","traffic":0.057,"off9":1.5,"off12":3.5,"off14":6.0},"id":200},{"type":"Feature","geometry":{"type":"LineString","coordinates":[[-0.19608517086968555,51.509127031441615],[-0.1960883,51.5090662],[-0.1960847,51.5089435],[-0.1960794,51.5089107],[-0.1960729,51.5088812],[-0.1960599,51.5088282],[-0.1960554,51.5088138],[-0.1960488,51.5087925],[-0.1960414,51.5087729],[-0.1960119,51.5086966],[-0.1957863,51.5081093],[-0.1957828,51.5080949],[-0.1957247,51.5078611],[-0.1953334,51.5068303],[-0.1951787,51.5064164],[-0.1943335,51.5041373],[-0.1943087,51.504054],[-0.194026,51.5032295],[-0.1936652,51.5024602],[-0.1934199,51.5020038],[-0.193223,51.501639],[-0.19276769855201792,51.50107460411981]]},"properties":{"id":"940GZZLUNHG-940GZZLUHSK-Circle","source":"940GZZLUNHG","target":"940GZZLUHSK","sourceName":"Notting Hill Gate","targetName":"High Street Kensington","line":"Circle","colour":"#FFD300","color":"#FFD300","traffic":0.0728,"off9":3.0,"off12":7.0,"off14":12.0},"id":201},{"type":"Feature","geometry":{"type":"LineString","coordinates":[[-0.19608517086968555,51.509127031441615],[-0.1960883,51.5090662],[-0.1960847,51.5089435],[-0.1960794,51.5089107],[-0.1960729,51.5088812],[-0.1960599,51.5088282],[-0.1960554,51.5088138],[-0.1960488,51.5087925],[-0.1960414,51.5087729],[-0.1960119,51.5086966],[-0.1957863,51.5081093],[-0.1957828,51.5080949],[-0.1957247,51.5078611],[-0.1953334,51.5068303],[-0.1951787,51.5064164],[-0.1943335,51.5041373],[-0.1943087,51.504054],[-0.194026,51.5032295],[-0.1936652,51.5024602],[-0.1934199,51.5020038],[-0.193223,51.501639],[-0.19276769855201792,51.50107460411981]]},"properties":{"id":"940GZZLUNHG-940GZZLUHSK-District","source":"940GZZLUNHG","target":"940GZZLUHSK","sourceName":"Notting Hill Gate","targetName":"High Street Kensington","line":"District","colour":"#00782A","color":"#00782A","traffic":0.0728,"off9":1.5,"off12":3.5,"off14":6.0},"id":202},{"type":"Feature","geometry":{"type":"LineString","coordinates":[[-0.19608517086968555,51.509127031441615],[-0.1960774,51.5092781],[-0.1960493,51.5094641],[-0.19602,51.5096069],[-0.1959655,51.5098067],[-0.1959124,51.5099589],[-0.1958453,51.5101277],[-0.1957513,51.5103178],[-0.1955505,51.5105631],[-0.1953446,51.5107639],[-0.1950511,51.5109764],[-0.1948462,51.5111084],[-0.1945569,51.5112628],[-0.1940958,51.5114622],[-0.1938118,51.5115395],[-0.19344,51.5116278],[-0.1929337,51.5117397],[-0.1924714,51.5118324],[-0.191841,51.5119744],[-0.1917089,51.5119946],[-0.1907605,51.5120911],[-0.1902601,51.5121569],[-0.189799,51.5121885],[-0.1896664,51.5121985],[-0.1891231,51.5122474],[-0.1889165,51.5122628],[-0.188251,51.5123038],[-0.1879415982549567,51.5123287039705]]},"properties":{"id":"940GZZLUNHG-940GZZLUBWT-Circle","source":"940GZZLUNHG","target":"940GZZLUBWT","sourceName":"Notting Hill Gate","targetName":"Bayswater","line":"Circle","colour":"#FFD300","color":"#FFD300","traffic":0.0588,"off9":3.0,"off12":7.0,"off14":12.0},"id":203},{"type":"Feature","geometry":{"type":"LineString","coordinates":[[-0.19608517086968555,51.509127031441615],[-0.1960774,51.5092781],[-0.1960493,51.5094641],[-0.19602,51.5096069],[-0.1959655,51.5098067],[-0.1959124,51.5099589],[-0.1958453,51.5101277],[-0.1957513,51.5103178],[-0.1955505,51.5105631],[-0.1953446,51.5107639],[-0.1950511,51.5109764],[-0.1948462,51.5111084],[-0.1945569,51.5112628],[-0.1940958,51.5114622],[-0.1938118,51.5115395],[-0.19344,51.5116278],[-0.1929337,51.5117397],[-0.1924714,51.5118324],[-0.191841,51.5119744],[-0.1917089,51.5119946],[-0.1907605,51.5120911],[-0.1902601,51.5121569],[-0.189799,51.5121885],[-0.1896664,51.5121985],[-0.1891231,51.5122474],[-0.1889165,51.5122628],[-0.188251,51.5123038],[-0.1879415982549567,51.5123287039705]]},"properties":{"id":"940GZZLUNHG-940GZZLUBWT-District","source":"940GZZLUNHG","target":"940GZZLUBWT","sourceName":"Notting Hill Gate","targetName":"Bayswater","line":"District","colour":"#00782A","color":"#00782A","traffic":0.0588,"off9":1.5,"off12":3.5,"off14":6.0},"id":204},{"type":"Feature","geometry":{"type":"LineString","coordinates":[[-0.19611485659798505,51.50917393720125],[-0.1960617,51.5091865],[-0.1957442,51.509265],[-0.1954381,51.50933],[-0.1944374,51.5094934],[-0.1928388,51.5097999],[-0.1923263,51.5098969],[-0.1918505,51.5099767],[-0.1913878,51.5100218],[-0.1909204,51.5100554],[-0.1894032,51.510156],[-0.1883414,51.5102128],[-0.1872612,51.5102982],[-0.18715157522625847,51.510306121897585]]},"properties":{"id":"940GZZLUNHG-940GZZLUQWY-Central","source":"940GZZLUNHG","target":"940GZZLUQWY","sourceName":"Notting Hill Gate","targetName":"Queensway","line":"Central","colour":"#E32017","color":"#E32017","traffic":0.4637,"off9":0.0,"off12":0.0,"off14":0.0},"id":205},{"type":"Feature","geometry":{"type":"LineString","coordinates":[[-0.19611485659798505,51.50917393720125],[-0.1964514,51.5090944],[-0.1966454,51.5090346],[-0.1969446,51.5089337],[-0.1970496,51.5088988],[-0.1972413,51.5088416],[-0.1974003,51.5087972],[-0.197586,51.5087499],[-0.1977735,51.5087065],[-0.1979221,51.508675],[-0.198041,51.508652],[-0.1981748,51.5086281],[-0.1983807,51.5085873],[-0.1993379,51.5085279],[-0.2005926,51.508484],[-0.2012088,51.5084483],[-0.2020246,51.5082797],[-0.2041725,51.5076498],[-0.2049964,51.5074079],[-0.2050314,51.5073975],[-0.2051951,51.5073491],[-0.2053368,51.5073081],[-0.2054245,51.5072828],[-0.2055399,51.5072495],[-0.2056444,51.5072194],[-0.20569667207574044,51.507204340525455]]},"properties":{"id":"940GZZLUNHG-940GZZLUHPK-Central","source":"940GZZLUNHG","target":"940GZZLUHPK","sourceName":"Notting Hill Gate","targetName":"Holland Park","line":"Central","colour":"#E32017","color":"#E32017","traffic":0.2542,"off9":0.0,"off12":0.0,"off14":0.0},"id":206},{"type":"Feature","geometry":{"type":"LineString","coordinates":[[-0.1756838,51.5174543],[-0.1755354,51.5174636],[-0.1752613,51.5175026],[-0.1747459,51.5175958],[-0.1734484,51.5178161],[-0.1731315,51.5178665],[-0.17272,51.5179319],[-0.1726734,51.5179388],[-0.1720942,51.5180354],[-0.171569,51.5181225],[-0.1715216,51.5181304],[-0.1712322,51.5181784],[-0.1707503,51.5182981],[-0.1701444,51.5186345],[-0.1689984,51.5192818],[-0.168785,51.5194021],[-0.168382,51.5196233]]},"properties":{"id":"940GZZLUPAC-940GZZLUERC-Hammersmith & City","source":"940GZZLUPAC","target":"940GZZLUERC","sourceName":"Paddington","targetName":"Edgware Road Circle Line","line":"Hammersmith & City","colour":"#F3A9BB","color":"#F3A9BB","traffic":0.0246,"off9":0.0,"off12":0.0,"off14":0.0},"id":207},{"type":"Feature","geometry":{"type":"LineString","coordinates":[[-0.17516494645053812,51.515609795433775],[-0.175149,51.5156184],[-0.1749549,51.5157268],[-0.1743291,51.5160937],[-0.173857,51.5163517],[-0.1722573,51.5172301],[-0.1719434,51.5173958],[-0.1718461,51.5174882],[-0.1716511,51.5176733],[-0.1714982,51.5178069],[-0.1713672,51.5179298],[-0.1712567,51.5180278],[-0.1708942,51.5182226],[-0.1707503,51.5182981],[-0.1701444,51.5186345],[-0.1689984,51.5192818],[-0.168785,51.5194021],[-0.168382,51.5196233],[-0.1680878,51.5197315],[-0.1678784,51.5197923],[-0.16781691922140426,51.51981282342342]]},"properties":{"id":"940GZZLUPAC-940GZZLUERC-District","source":"940GZZLUPAC","target":"940GZZLUERC","sourceName":"Paddington","targetName":"Edgware Road Circle Line","line":"District","colour":"#00782A","color":"#00782A","traffic":0.0246,"off9":1.5,"off12":3.5,"off14":6.0},"id":208},{"type":"Feature","geometry":{"type":"LineString","coordinates":[[-0.1751649464505381,51.515609795433775],[-0.1754622,51.5154494],[-0.1759297,51.5151932],[-0.1759956,51.515168],[-0.176153,51.5151073],[-0.1766006,51.514946],[-0.1770466,51.5147751],[-0.1789017,51.5137738],[-0.1795998,51.5134381],[-0.1803038,51.5132021],[-0.1809926,51.5130256],[-0.1813049,51.5129597],[-0.1814303,51.5129321],[-0.1821442,51.512778],[-0.1825852,51.5127172],[-0.1830302,51.5126658],[-0.1836497,51.5126337],[-0.1842659,51.5126073],[-0.1853708,51.5124683],[-0.186532,51.5123919],[-0.1879168,51.5123307],[-0.1879415982549567,51.5123287039705]]},"properties":{"id":"940GZZLUPAC-940GZZLUBWT-Circle","source":"940GZZLUPAC","target":"940GZZLUBWT","sourceName":"Paddington","targetName":"Bayswater","line":"Circle","colour":"#FFD300","color":"#FFD300","traffic":0.048,"off9":3.0,"off12":7.0,"off14":12.0},"id":209},{"type":"Feature","geometry":{"type":"LineString","coordinates":[[-0.17516494645053812,51.515609795433775],[-0.1754622,51.5154494],[-0.1759297,51.5151932],[-0.1759956,51.515168],[-0.176153,51.5151073],[-0.1766006,51.514946],[-0.1770466,51.5147751],[-0.1789017,51.5137738],[-0.1795998,51.5134381],[-0.1803038,51.5132021],[-0.1809926,51.5130256],[-0.1813049,51.5129597],[-0.1814303,51.5129321],[-0.1821442,51.512778],[-0.1825852,51.5127172],[-0.1830302,51.5126658],[-0.1836497,51.5126337],[-0.1842659,51.5126073],[-0.1853708,51.5124683],[-0.186532,51.5123919],[-0.1879168,51.5123307],[-0.1879415982549567,51.5123287039705]]},"properties":{"id":"940GZZLUPAC-940GZZLUBWT-District","source":"940GZZLUPAC","target":"940GZZLUBWT","sourceName":"Paddington","targetName":"Bayswater","line":"District","colour":"#00782A","color":"#00782A","traffic":0.048,"off9":1.5,"off12":3.5,"off14":6.0},"id":210},{"type":"Feature","geometry":{"type":"LineString","coordinates":[[-0.17567545387593372,51.517404461752065],[-0.1757872,51.5174063],[-0.1758809,51.5174122],[-0.1760169,51.5174242],[-0.1762403,51.5174601],[-0.1765032,51.5175264],[-0.1767151,51.5176063],[-0.1769162,51.517708],[-0.1772837,51.5179184],[-0.1773964,51.5179707],[-0.1776426,51.5181271],[-0.1779369,51.5182099],[-0.1784509,51.5183682],[-0.1786485,51.5184283],[-0.1788494,51.5184926],[-0.179069,51.5185618],[-0.1793137,51.5186192],[-0.1795678,51.5186534],[-0.1797628,51.5186666],[-0.180037,51.5186795],[-0.1802264,51.5186799],[-0.1804097,51.5186724],[-0.1806026,51.5186634],[-0.1808175,51.5186522],[-0.1810257,51.5186508],[-0.1812649,51.5186601],[-0.1815492,51.5186791],[-0.1819492,51.5187121],[-0.1822677,51.518733],[-0.182467,51.5187473],[-0.182683,51.5187621],[-0.1831049,51.5187822],[-0.1835863,51.5188017],[-0.1841441,51.5188257],[-0.1845811,51.5188416],[-0.1849571,51.5188561],[-0.1853614,51.518873],[-0.1856563,51.5188855],[-0.1860253,51.5188984],[-0.1866265,51.5189235],[-0.1870565,51.5189483],[-0.1874854,51.5189793],[-0.1877072,51.5189977],[-0.1879284,51.5190183],[-0.1881494,51.5190423],[-0.1883771,51.5190675],[-0.18874798664811268,51.519113108576875]]},"properties":{"id":"940GZZLUPAC-940GZZLURYO-Hammersmith & City","source":"940GZZLUPAC","target":"940GZZLURYO","sourceName":"Paddington","targetName":"Royal Oak","line":"Hammersmith & City","colour":"#F3A9BB","color":"#F3A9BB","traffic":0.0951,"off9":0.0,"off12":0.0,"off14":0.0},"id":211},{"type":"Feature","geometry":{"type":"LineString","coordinates":[[-0.17570580789451923,51.51655470393812],[-0.1762551,51.5169058],[-0.1765686,51.5170856],[-0.1767108,51.5171961],[-0.17683,51.517352],[-0.1769842,51.5175344],[-0.1772764,51.5178531],[-0.1773579,51.5179382],[-0.1776138,51.5182414],[-0.1777319,51.5184111],[-0.1777912,51.518547],[-0.1779502,51.5189383],[-0.1781036,51.5191964],[-0.1781754,51.519335],[-0.1782574,51.5194439],[-0.1783378,51.5195468],[-0.1784741,51.5197067],[-0.1785834,51.5198078],[-0.1787193,51.5199194],[-0.1789466,51.5200952],[-0.1792028,51.5202685],[-0.180671,51.5212077],[-0.1823427,51.5223652],[-0.1824651,51.5224649],[-0.1825966,51.5226003],[-0.1827127,51.5226954],[-0.1832366,51.5230715],[-0.1833309,51.5231385],[-0.1835405,51.523292],[-0.18367028604920502,51.523399315222214]]},"properties":{"id":"940GZZLUPAC-940GZZLUWKA-Bakerloo","source":"940GZZLUPAC","target":"940GZZLUWKA","sourceName":"Paddington","targetName":"Warwick Avenue","line":"Bakerloo","colour":"#B36305","color":"#B36305","traffic":0.0777,"off9":0.0,"off12":0.0,"off14":0.0},"id":212},{"type":"Feature","geometry":{"type":"LineString","coordinates":[[-0.17570580789451923,51.51655470393812],[-0.1754608,51.5163981],[-0.1750716,51.5161945],[-0.1748398,51.5161068],[-0.1746183,51.5160829],[-0.1744207,51.5160917],[-0.1741996,51.5161168],[-0.1737527,51.5162351],[-0.1733032,51.5164203],[-0.1726763,51.5169074],[-0.1723707,51.5172521],[-0.1720769,51.5175834],[-0.1718739,51.5178336],[-0.1717443,51.5180413],[-0.1716716,51.5181578],[-0.1715582,51.5183501],[-0.1712161,51.5193519],[-0.1710754,51.5197573],[-0.1710324,51.5198593],[-0.170964,51.5199769],[-0.1708245,51.5201292],[-0.1706483,51.520256],[-0.170525,51.5203447],[-0.170304,51.5204793],[-0.1702600846894059,51.520502998257896]]},"properties":{"id":"940GZZLUPAC-940GZZLUERB-Bakerloo","source":"940GZZLUPAC","target":"940GZZLUERB","sourceName":"Paddington","targetName":"Edgware Road Bakerloo","line":"Bakerloo","colour":"#B36305","color":"#B36305","traffic":0.3283,"off9":0.0,"off12":0.0,"off14":0.0},"id":213},{"type":"Feature","geometry":{"type":"LineString","coordinates":[[0.1270162445540556,51.54032733114511],[0.1258201,51.5402476],[0.1254141,51.540217],[0.1251811,51.5401974],[0.124025,51.5400881],[0.123616,51.5400485],[0.1226556,51.5399758],[0.1203899,51.5398259],[0.1183329,51.5396848],[0.1153664,51.5394521],[0.1121456,51.5391994],[0.1057551,51.5386904],[0.1040101,51.5385532],[0.1020107,51.5383936],[0.10153132632672882,51.53835536924872]]},"properties":{"id":"940GZZLUBEC-940GZZLUUPY-District","source":"940GZZLUBEC","target":"940GZZLUUPY","sourceName":"Becontree","targetName":"Upney","line":"District","colour":"#00782A","color":"#00782A","traffic":0.1806,"off9":1.5,"off12":3.5,"off14":6.0},"id":214},{"type":"Feature","geometry":{"type":"LineString","coordinates":[[0.1270162445540556,51.54032733114511],[0.1271688,51.5403375],[0.127289,51.5403457],[0.1277749,51.5403716],[0.1287772,51.5404294],[0.1298232,51.5404807],[0.1307971,51.5405245],[0.1316172,51.5405678],[0.1323736,51.5406174],[0.1334016,51.5406866],[0.1346893,51.5407711],[0.1360118,51.5408556],[0.1372333,51.5409349],[0.1387106,51.5410317],[0.1400288,51.5411184],[0.1416509,51.5412285],[0.1436367,51.5413579],[0.1448113,51.5414387],[0.1453139,51.5414674],[0.14752854129209977,51.541616034949456]]},"properties":{"id":"940GZZLUBEC-940GZZLUDGY-District","source":"940GZZLUBEC","target":"940GZZLUDGY","sourceName":"Becontree","targetName":"Dagenham Heathway","line":"District","colour":"#00782A","color":"#00782A","traffic":0.0431,"off9":1.5,"off12":3.5,"off14":6.0},"id":215},{"type":"Feature","geometry":{"type":"LineString","coordinates":[[0.14752854129209977,51.541616034949456],[0.1475906,51.5416202],[0.1482546,51.5416664],[0.14863,51.5416897],[0.1494651,51.5417445],[0.1502299,51.5417946],[0.1511884,51.5418666],[0.1520748,51.5419435],[0.1529447,51.5420289],[0.1536489,51.5421062],[0.1545421,51.5422188],[0.1552447,51.5423152],[0.1557313,51.5423959],[0.1566723,51.5425611],[0.1576323,51.5427271],[0.1586848,51.5429114],[0.1595252,51.5430617],[0.1600245,51.5431525],[0.161011,51.543323],[0.1614179,51.5434008],[0.1626669,51.5436148],[0.1639428,51.5438314],[0.1642679,51.5438872],[0.1648939,51.5439939],[0.1656448,51.5441204],[0.1657586,51.5441383],[0.16600422382134633,51.54417702868004]]},"properties":{"id":"940GZZLUDGY-940GZZLUDGE-District","source":"940GZZLUDGY","target":"940GZZLUDGE","sourceName":"Dagenham Heathway","targetName":"Dagenham East","line":"District","colour":"#00782A","color":"#00782A","traffic":0.0289,"off9":1.5,"off12":3.5,"off14":6.0},"id":216},{"type":"Feature","geometry":{"type":"LineString","coordinates":[[0.14752854129209977,51.541616034949456],[0.1453139,51.5414674],[0.1448113,51.5414387],[0.1436367,51.5413579],[0.1416509,51.5412285],[0.1400288,51.5411184],[0.1387106,51.5410317],[0.1372333,51.5409349],[0.1360118,51.5408556],[0.1346893,51.5407711],[0.1334016,51.5406866],[0.1323736,51.5406174],[0.1316172,51.5405678],[0.1307971,51.5405245],[0.1298232,51.5404807],[0.1287772,51.5404294],[0.1277749,51.5403716],[0.127289,51.5403457],[0.1271688,51.5403375],[0.1270162445540556,51.54032733114511]]},"properties":{"id":"940GZZLUDGY-940GZZLUBEC-District","source":"940GZZLUDGY","target":"940GZZLUBEC","sourceName":"Dagenham Heathway","targetName":"Becontree","line":"District","colour":"#00782A","color":"#00782A","traffic":0.1488,"off9":1.5,"off12":3.5,"off14":6.0},"id":217},{"type":"Feature","geometry":{"type":"LineString","coordinates":[[-0.164785770981841,51.550525381279925],[-0.1651081,51.5507722],[-0.1660467,51.5514506],[-0.1665446,51.5517556],[-0.1673186,51.5522752],[-0.1679791,51.5526813],[-0.1687457,51.5530737],[-0.1694235,51.5534384],[-0.1700545,51.5537419],[-0.1705081,51.5539488],[-0.1711021,51.55422],[-0.1718021,51.5545266],[-0.1725958,51.5548223],[-0.173456,51.555063],[-0.1743655,51.5552852],[-0.1753416,51.5555151],[-0.1762881,51.5557633],[-0.1772962,51.5561296],[-0.17747922058079266,51.556198666992145]]},"properties":{"id":"940GZZLUBZP-940GZZLUHTD-Northern","source":"940GZZLUBZP","target":"940GZZLUHTD","sourceName":"Belsize Park","targetName":"Hampstead","line":"Northern","colour":"#000000","color":"#000000","traffic":0.1011,"off9":0.0,"off12":0.0,"off14":0.0},"id":218},{"type":"Feature","geometry":{"type":"LineString","coordinates":[[-0.164785770981841,51.550525381279925],[-0.1647824,51.5505228],[-0.164574,51.5503687],[-0.1643766,51.5502237],[-0.1640879,51.5500191],[-0.1633774,51.5496284],[-0.1625879,51.5492343],[-0.1621124,51.5489526],[-0.1617077,51.5487074],[-0.1611134,51.5483089],[-0.1600326,51.5476249],[-0.1592401,51.5472139],[-0.1584079,51.5468291],[-0.158023,51.5466793],[-0.1572693,51.5464506],[-0.1567303,51.5462398],[-0.1563698,51.5460446],[-0.1558035,51.5456951],[-0.153889,51.5444913],[-0.1534021,51.5442547],[-0.15334322389206495,51.54423146628904]]},"properties":{"id":"940GZZLUBZP-940GZZLUCFM-Northern","source":"940GZZLUBZP","target":"940GZZLUCFM","sourceName":"Belsize Park","targetName":"Chalk Farm","line":"Northern","colour":"#000000","color":"#000000","traffic":0.3278,"off9":0.0,"off12":0.0,"off14":0.0},"id":219},{"type":"Feature","geometry":{"type":"LineString","coordinates":[[-0.17747922058079266,51.556198666992145],[-0.1772962,51.5561296],[-0.1762881,51.5557633],[-0.1753416,51.5555151],[-0.1743655,51.5552852],[-0.173456,51.555063],[-0.1725958,51.5548223],[-0.1718021,51.5545266],[-0.1711021,51.55422],[-0.1705081,51.5539488],[-0.1700545,51.5537419],[-0.1694235,51.5534384],[-0.1687457,51.5530737],[-0.1679791,51.5526813],[-0.1673186,51.5522752],[-0.1665446,51.5517556],[-0.1660467,51.5514506],[-0.1651081,51.5507722],[-0.164785770981841,51.550525381279925]]},"properties":{"id":"940GZZLUHTD-940GZZLUBZP-Northern","source":"940GZZLUHTD","target":"940GZZLUBZP","sourceName":"Hampstead","targetName":"Belsize Park","line":"Northern","colour":"#000000","color":"#000000","traffic":0.299,"off9":0.0,"off12":0.0,"off14":0.0},"id":220},{"type":"Feature","geometry":{"type":"LineString","coordinates":[[-0.17747922058079266,51.556198666992145],[-0.1776913,51.5562787],[-0.1778018,51.5563349],[-0.1779738,51.5564274],[-0.1781249,51.5565139],[-0.1782918,51.5566155],[-0.1784301,51.5567046],[-0.1788639,51.5570056],[-0.1792664,51.5573615],[-0.1793932,51.5575334],[-0.1795103,51.5577437],[-0.1795818,51.5579479],[-0.1796046,51.5581542],[-0.1795117,51.55845],[-0.1793714,51.5587781],[-0.1793157,51.5590865],[-0.1792278,51.5601874],[-0.1792128,51.5615206],[-0.1792651,51.5623799],[-0.1793772,51.5632067],[-0.1795117,51.5639871],[-0.1797732,51.5647674],[-0.1799846,51.5653716],[-0.1813158,51.5680267],[-0.1814504,51.5682504],[-0.1816265,51.5684513],[-0.1818852,51.5686768],[-0.1823241,51.5689833],[-0.1826422,51.5691898],[-0.1830528,51.5694309],[-0.1835643,51.5696841],[-0.1842896,51.5700189],[-0.1849584,51.5702775],[-0.1858068,51.5705601],[-0.1864839,51.5707545],[-0.1872429,51.5709668],[-0.187914,51.5711543],[-0.1882873,51.5712332],[-0.1887687,51.5713407],[-0.1891757,51.5714301],[-0.1895991,51.5715216],[-0.190236,51.5716432],[-0.1910017,51.5717827],[-0.1911949,51.5718187],[-0.1915661,51.571887],[-0.1920494,51.5719737],[-0.1926812,51.5720903],[-0.193005,51.5721574],[-0.193295,51.5722254],[-0.1935888,51.5723035],[-0.1938723,51.5723861],[-0.1939929025481449,51.57242051975379]]},"properties":{"id":"940GZZLUHTD-940GZZLUGGN-Northern","source":"940GZZLUHTD","target":"940GZZLUGGN","sourceName":"Hampstead","targetName":"Golders Green","line":"Northern","colour":"#000000","color":"#000000","traffic":0.081,"off9":0.0,"off12":0.0,"off14":0.0},"id":221},{"type":"Feature","geometry":{"type":"LineString","coordinates":[[-0.15334322389206495,51.54423146628904],[-0.1531084,51.5441388],[-0.1521388,51.5437565],[-0.1515178,51.5435438],[-0.1508476,51.5433562],[-0.1490107,51.5429687],[-0.1478435,51.5427389],[-0.1473351,51.542588],[-0.1470595,51.5424816],[-0.1466279,51.5422925],[-0.1463418,51.5421414],[-0.1458561,51.541852],[-0.1451749,51.5414126],[-0.1443695,51.5408826],[-0.1441691,51.5407419],[-0.143902,51.5405323],[-0.1434296,51.5399969],[-0.1430587,51.5395587],[-0.1428166,51.5392707],[-0.14279228497364044,51.539244137999084]]},"properties":{"id":"940GZZLUCFM-940GZZLUCTN-Northern","source":"940GZZLUCFM","target":"940GZZLUCTN","sourceName":"Chalk Farm","targetName":"Camden Town","line":"Northern","colour":"#000000","color":"#000000","traffic":0.3596,"off9":0.0,"off12":0.0,"off14":0.0},"id":222},{"type":"Feature","geometry":{"type":"LineString","coordinates":[[-0.15334322389206495,51.54423146628904],[-0.1534021,51.5442547],[-0.153889,51.5444913],[-0.1558035,51.5456951],[-0.1563698,51.5460446],[-0.1567303,51.5462398],[-0.1572693,51.5464506],[-0.158023,51.5466793],[-0.1584079,51.5468291],[-0.1592401,51.5472139],[-0.1600326,51.5476249],[-0.1611134,51.5483089],[-0.1617077,51.5487074],[-0.1621124,51.5489526],[-0.1625879,51.5492343],[-0.1633774,51.5496284],[-0.1640879,51.5500191],[-0.1643766,51.5502237],[-0.164574,51.5503687],[-0.1647824,51.5505228],[-0.164785770981841,51.550525381279925]]},"properties":{"id":"940GZZLUCFM-940GZZLUBZP-Northern","source":"940GZZLUCFM","target":"940GZZLUBZP","sourceName":"Chalk Farm","targetName":"Belsize Park","line":"Northern","colour":"#000000","color":"#000000","traffic":0.1224,"off9":0.0,"off12":0.0,"off14":0.0},"id":223},{"type":"Feature","geometry":{"type":"LineString","coordinates":[[-0.06401371801228092,51.49787291798647],[-0.0642636,51.4978308],[-0.064943,51.497715],[-0.0664464,51.4975476],[-0.067924,51.4974467],[-0.0689905,51.4974822],[-0.0699091,51.4975637],[-0.0707546,51.4977068],[-0.0715064,51.4978876],[-0.0721426,51.4980648],[-0.0724532,51.4981773],[-0.0728641,51.4983486],[-0.0742952,51.499079],[-0.0757588,51.4998689],[-0.0783304,51.5012588],[-0.0811544,51.5027191],[-0.0821373,51.5032431],[-0.0828575,51.5036547],[-0.0835139,51.5041286],[-0.0839679,51.5043643],[-0.0844473,51.504583],[-0.0848946,51.5047328],[-0.0854573,51.504883],[-0.0859688,51.5049736],[-0.0863312,51.5050175],[-0.0866354,51.5050488],[-0.0869132,51.505066],[-0.0878249,51.5050963],[-0.0888951164660216,51.50513681711679]]},"properties":{"id":"940GZZLUBMY-940GZZLULNB-Jubilee","source":"940GZZLUBMY","target":"940GZZLULNB","sourceName":"Bermondsey","targetName":"London Bridge","line":"Jubilee","colour":"#A0A5A9","color":"#A0A5A9","traffic":0.7398,"off9":0.0,"off12":0.0,"off14":0.0},"id":224},{"type":"Feature","geometry":{"type":"LineString","coordinates":[[-0.06397369524272813,51.49762833556526],[-0.0635378,51.4976975],[-0.0610698,51.4979682],[-0.0592506,51.4980003],[-0.0551762,51.4978557],[-0.0531378,51.4977893],[-0.052092,51.4977389],[-0.0511637,51.4977334],[-0.0507742,51.4977497],[-0.0502771,51.4978101],[-0.049400896639241056,51.49787821968139]]},"properties":{"id":"940GZZLUBMY-940GZZLUCWR-Jubilee","source":"940GZZLUBMY","target":"940GZZLUCWR","sourceName":"Bermondsey","targetName":"Canada Water","line":"Jubilee","colour":"#A0A5A9","color":"#A0A5A9","traffic":0.6426,"off9":0.0,"off12":0.0,"off14":0.0},"id":225},{"type":"Feature","geometry":{"type":"LineString","coordinates":[[-0.049400896639241056,51.49787821968139],[-0.0502771,51.4978101],[-0.0507742,51.4977497],[-0.0511637,51.4977334],[-0.052092,51.4977389],[-0.0531378,51.4977893],[-0.0551762,51.4978557],[-0.0592506,51.4980003],[-0.0610698,51.4979682],[-0.0635378,51.4976975],[-0.06397369524272813,51.49762833556526]]},"properties":{"id":"940GZZLUCWR-940GZZLUBMY-Jubilee","source":"940GZZLUCWR","target":"940GZZLUBMY","sourceName":"Canada Water","targetName":"Bermondsey","line":"Jubilee","colour":"#A0A5A9","color":"#A0A5A9","traffic":0.7134,"off9":0.0,"off12":0.0,"off14":0.0},"id":226},{"type":"Feature","geometry":{"type":"LineString","coordinates":[[-0.049412908568597064,51.49802893152381],[-0.0484821,51.4981041],[-0.0483747,51.4981122],[-0.0476371,51.4981513],[-0.0472002,51.4982061],[-0.0459938,51.4983671],[-0.0450277,51.4985808],[-0.0425655,51.4993929],[-0.0400532,51.5001858],[-0.0349617,51.50173],[-0.0334655,51.5021976],[-0.0321126,51.5026354],[-0.0313481,51.5029506],[-0.0304716,51.5034354],[-0.029775,51.5037584],[-0.0290588,51.5040438],[-0.0283053,51.5042251],[-0.0274397,51.5043912],[-0.0266094,51.5044692],[-0.0254422,51.5044397],[-0.0245288,51.5043659],[-0.0204207,51.5037876],[-0.0197267,51.5036994],[-0.0184447,51.5035888],[-0.01823702237477908,51.50356439438621]]},"properties":{"id":"940GZZLUCWR-940GZZLUCYF-Jubilee","source":"940GZZLUCWR","target":"940GZZLUCYF","sourceName":"Canada Water","targetName":"Canary Wharf","line":"Jubilee","colour":"#A0A5A9","color":"#A0A5A9","traffic":0.6843,"off9":0.0,"off12":0.0,"off14":0.0},"id":227},{"type":"Feature","geometry":{"type":"LineString","coordinates":[[-0.05550713222433556,51.52718865632829],[-0.0568366,51.5272338],[-0.0576133,51.5271785],[-0.0580886,51.5271332],[-0.0664179,51.526209],[-0.0679138,51.5259672],[-0.0679268,51.5259648],[-0.0690157,51.5257682],[-0.0698155,51.5255843],[-0.0703855,51.5253831],[-0.0708626,51.5251909],[-0.0718451,51.5247345],[-0.0754595,51.5230903],[-0.0760624,51.5227635],[-0.0767972,51.5222982],[-0.0775474,51.5217938],[-0.0817144,51.5187664],[-0.0818681,51.5186419],[-0.0820041,51.5185186],[-0.0821607,51.5183579],[-0.0824665,51.5180439],[-0.0825668,51.5179588],[-0.0827158,51.517837],[-0.082919,51.5176371],[-0.0830069,51.5175218],[-0.0830802,51.5173976],[-0.08310370971510189,51.51734002922501]]},"properties":{"id":"940GZZLUBLG-940GZZLULVT-Central","source":"940GZZLUBLG","target":"940GZZLULVT","sourceName":"Bethnal Green","targetName":"Liverpool Street","line":"Central","colour":"#E32017","color":"#E32017","traffic":0.9226,"off9":0.0,"off12":0.0,"off14":0.0},"id":228},{"type":"Feature","geometry":{"type":"LineString","coordinates":[[-0.05550713222433556,51.52718865632829],[-0.0553435,51.5271831],[-0.0544557,51.5271395],[-0.0535671,51.5270959],[-0.0527519,51.5270347],[-0.0523353,51.5269653],[-0.0519939,51.5268884],[-0.0509718,51.5265764],[-0.049847,51.5261308],[-0.0476273,51.5249009],[-0.0468061,51.5245301],[-0.0462087,51.5243024],[-0.0454854,51.5241446],[-0.0447811,51.5240395],[-0.044135,51.5239839],[-0.0434268,51.5239251],[-0.0426666,51.5238732],[-0.0420885,51.5238363],[-0.0410094,51.5237888],[-0.0406016,51.5237708],[-0.0391448,51.5237547],[-0.0386572,51.5237656],[-0.038101,51.5238321],[-0.0373538,51.5240171],[-0.0352695,51.5248137],[-0.0343865,51.5250009],[-0.033651454899382593,51.525171387119165]]},"properties":{"id":"940GZZLUBLG-940GZZLUMED-Central","source":"940GZZLUBLG","target":"940GZZLUMED","sourceName":"Bethnal Green","targetName":"Mile End","line":"Central","colour":"#E32017","color":"#E32017","traffic":0.196,"off9":0.0,"off12":0.0,"off14":0.0},"id":229},{"type":"Feature","geometry":{"type":"LineString","coordinates":[[-0.033674214783141414,51.52526076886269],[-0.0334206,51.5253233],[-0.0264888,51.5267607],[-0.0258087,51.5269054],[-0.0256809,51.5269241],[-0.0255447,51.5269332],[-0.0254192,51.5269379],[-0.0252975,51.5269307],[-0.0251482,51.5269194],[-0.0251305990634422,51.52691737782686]]},"properties":{"id":"940GZZLUMED-940GZZLUBWR-Hammersmith & City","source":"940GZZLUMED","target":"940GZZLUBWR","sourceName":"Mile End","targetName":"Bow Road","line":"Hammersmith & City","colour":"#F3A9BB","color":"#F3A9BB","traffic":0.0809,"off9":0.0,"off12":0.0,"off14":0.0},"id":230},{"type":"Feature","geometry":{"type":"LineString","coordinates":[[-0.0336742147831414,51.52526076886269],[-0.0334206,51.5253233],[-0.0264888,51.5267607],[-0.0258087,51.5269054],[-0.0256809,51.5269241],[-0.0255447,51.5269332],[-0.0254192,51.5269379],[-0.0252975,51.5269307],[-0.0251482,51.5269194],[-0.025130599063442186,51.52691737782686]]},"properties":{"id":"940GZZLUMED-940GZZLUBWR-District","source":"940GZZLUMED","target":"940GZZLUBWR","sourceName":"Mile End","targetName":"Bow Road","line":"District","colour":"#00782A","color":"#00782A","traffic":0.0809,"off9":1.5,"off12":3.5,"off14":6.0},"id":231},{"type":"Feature","geometry":{"type":"LineString","coordinates":[[-0.033674214783141414,51.52526076886269],[-0.0353244,51.5248539],[-0.0373896,51.5240708],[-0.0387262,51.5232884],[-0.0409493,51.5225621],[-0.0422882,51.5223058],[-0.0440392,51.5221456],[-0.0454382,51.521964],[-0.046565803524206945,51.52171901392623]]},"properties":{"id":"940GZZLUMED-940GZZLUSGN-Hammersmith & City","source":"940GZZLUMED","target":"940GZZLUSGN","sourceName":"Mile End","targetName":"Stepney Green","line":"Hammersmith & City","colour":"#F3A9BB","color":"#F3A9BB","traffic":0.3627,"off9":0.0,"off12":0.0,"off14":0.0},"id":232},{"type":"Feature","geometry":{"type":"LineString","coordinates":[[-0.0336742147831414,51.52526076886269],[-0.0353244,51.5248539],[-0.0373896,51.5240708],[-0.0387262,51.5232884],[-0.0409493,51.5225621],[-0.0422882,51.5223058],[-0.0440392,51.5221456],[-0.0454382,51.521964],[-0.04656580352420692,51.52171901392623]]},"properties":{"id":"940GZZLUMED-940GZZLUSGN-District","source":"940GZZLUMED","target":"940GZZLUSGN","sourceName":"Mile End","targetName":"Stepney Green","line":"District","colour":"#00782A","color":"#00782A","traffic":0.3627,"off9":1.5,"off12":3.5,"off14":6.0},"id":233},{"type":"Feature","geometry":{"type":"LineString","coordinates":[[-0.033651454899382593,51.525171387119165],[-0.033369,51.5252369],[-0.0324542,51.5254409],[-0.0279743,51.5263796],[-0.0265765,51.526757],[-0.0254063,51.5271195],[-0.0246765,51.5273737],[-0.0232058,51.5281192],[-0.0217992,51.5288102],[-0.0180857,51.5316914],[-0.0171621,51.5323176],[-0.0165789,51.5327131],[-0.0148648,51.533704],[-0.0120531,51.5352549],[-0.0114465,51.5355895],[-0.0087029,51.5372052],[-0.007147,51.5387474],[-0.0062728,51.5395549],[-0.0053184,51.5401965],[-0.0051007,51.5403498],[-0.0049118,51.5404888],[-0.0047724,51.5405949],[-0.0046177,51.540715],[-0.0044812,51.540822],[-0.0042757,51.5409798],[-0.004052,51.5411529],[-0.0039011,51.5412626],[-0.0037561,51.5413676],[-0.0036065,51.5414704],[-0.003349238398609615,51.54165149120975]]},"properties":{"id":"940GZZLUMED-940GZZLUSTD-Central","source":"940GZZLUMED","target":"940GZZLUSTD","sourceName":"Mile End","targetName":"Stratford","line":"Central","colour":"#E32017","color":"#E32017","traffic":0.1863,"off9":0.0,"off12":0.0,"off14":0.0},"id":234},{"type":"Feature","geometry":{"type":"LineString","coordinates":[[-0.033651454899382593,51.525171387119165],[-0.0343865,51.5250009],[-0.0352695,51.5248137],[-0.0373538,51.5240171],[-0.038101,51.5238321],[-0.0386572,51.5237656],[-0.0391448,51.5237547],[-0.0406016,51.5237708],[-0.0410094,51.5237888],[-0.0420885,51.5238363],[-0.0426666,51.5238732],[-0.0434268,51.5239251],[-0.044135,51.5239839],[-0.0447811,51.5240395],[-0.0454854,51.5241446],[-0.0462087,51.5243024],[-0.0468061,51.5245301],[-0.0476273,51.5249009],[-0.049847,51.5261308],[-0.0509718,51.5265764],[-0.0519939,51.5268884],[-0.0523353,51.5269653],[-0.0527519,51.5270347],[-0.0535671,51.5270959],[-0.0544557,51.5271395],[-0.0553435,51.5271831],[-0.05550713222433556,51.52718865632829]]},"properties":{"id":"940GZZLUMED-940GZZLUBLG-Central","source":"940GZZLUMED","target":"940GZZLUBLG","sourceName":"Mile End","targetName":"Bethnal Green","line":"Central","colour":"#E32017","color":"#E32017","traffic":0.8673,"off9":0.0,"off12":0.0,"off14":0.0},"id":235},{"type":"Feature","geometry":{"type":"LineString","coordinates":[[-0.10367116663978519,51.51162418507257],[-0.1035625,51.5116548],[-0.1032605,51.5117468],[-0.1031065,51.5117941],[-0.102673,51.5119276],[-0.1025679,51.5119577],[-0.1023532,51.5120165],[-0.1021012,51.5120673],[-0.1019082,51.5120896],[-0.1016988,51.5121061],[-0.1014555,51.5121171],[-0.1012285,51.5121123],[-0.1001604,51.5120411],[-0.0989307,51.511972],[-0.0983036,51.5119396],[-0.097591,51.5119015],[-0.0972211,51.5119012],[-0.0964306,51.5118657],[-0.095781,51.5118962],[-0.0952257,51.511929],[-0.0946785,51.5119642],[-0.0943721,51.5119659],[-0.094067,51.5119295],[-0.09404171907099586,51.51192518761674]]},"properties":{"id":"940GZZLUBKF-940GZZLUMSH-Circle","source":"940GZZLUBKF","target":"940GZZLUMSH","sourceName":"Blackfriars","targetName":"Mansion House","line":"Circle","colour":"#FFD300","color":"#FFD300","traffic":0.3175,"off9":3.0,"off12":7.0,"off14":12.0},"id":236},{"type":"Feature","geometry":{"type":"LineString","coordinates":[[-0.10367116663978519,51.51162418507257],[-0.1035625,51.5116548],[-0.1032605,51.5117468],[-0.1031065,51.5117941],[-0.102673,51.5119276],[-0.1025679,51.5119577],[-0.1023532,51.5120165],[-0.1021012,51.5120673],[-0.1019082,51.5120896],[-0.1016988,51.5121061],[-0.1014555,51.5121171],[-0.1012285,51.5121123],[-0.1001604,51.5120411],[-0.0989307,51.511972],[-0.0983036,51.5119396],[-0.097591,51.5119015],[-0.0972211,51.5119012],[-0.0964306,51.5118657],[-0.095781,51.5118962],[-0.0952257,51.511929],[-0.0946785,51.5119642],[-0.0943721,51.5119659],[-0.094067,51.5119295],[-0.09404171907099586,51.51192518761674]]},"properties":{"id":"940GZZLUBKF-940GZZLUMSH-District","source":"940GZZLUBKF","target":"940GZZLUMSH","sourceName":"Blackfriars","targetName":"Mansion House","line":"District","colour":"#00782A","color":"#00782A","traffic":0.3175,"off9":1.5,"off12":3.5,"off14":6.0},"id":237},{"type":"Feature","geometry":{"type":"LineString","coordinates":[[-0.10366471465792995,51.51160106688079],[-0.1040017,51.5115051],[-0.1043264,51.5114136],[-0.1045855,51.5113362],[-0.1047908,51.5112835],[-0.1050898,51.5112283],[-0.1053876,51.5111874],[-0.1055402,51.511178],[-0.1056906,51.5111742],[-0.1070013,51.5111754],[-0.1071059,51.5111764],[-0.108478,51.5111908],[-0.1097144,51.5111914],[-0.1109557,51.5112116],[-0.1114659,51.5112189],[-0.1118481,51.5112087],[-0.1124798,51.5111738],[-0.1126434,51.5111664],[-0.1129111,51.5111535],[-0.1132373,51.5111321],[-0.1134494,51.5111163],[-0.1136117,51.5110996],[-0.1137139,51.5110896],[-0.1138558,51.5110712],[-0.1140583,51.5110361],[-0.11425837200311888,51.51099755065752]]},"properties":{"id":"940GZZLUBKF-940GZZLUTMP-Circle","source":"940GZZLUBKF","target":"940GZZLUTMP","sourceName":"Blackfriars","targetName":"Temple","line":"Circle","colour":"#FFD300","color":"#FFD300","traffic":0.379,"off9":3.0,"off12":7.0,"off14":12.0},"id":238},{"type":"Feature","geometry":{"type":"LineString","coordinates":[[-0.10366471465792995,51.51160106688079],[-0.1040017,51.5115051],[-0.1043264,51.5114136],[-0.1045855,51.5113362],[-0.1047908,51.5112835],[-0.1050898,51.5112283],[-0.1053876,51.5111874],[-0.1055402,51.511178],[-0.1056906,51.5111742],[-0.1070013,51.5111754],[-0.1071059,51.5111764],[-0.108478,51.5111908],[-0.1097144,51.5111914],[-0.1109557,51.5112116],[-0.1114659,51.5112189],[-0.1118481,51.5112087],[-0.1124798,51.5111738],[-0.1126434,51.5111664],[-0.1129111,51.5111535],[-0.1132373,51.5111321],[-0.1134494,51.5111163],[-0.1136117,51.5110996],[-0.1137139,51.5110896],[-0.1138558,51.5110712],[-0.1140583,51.5110361],[-0.11425837200311885,51.51099755065752]]},"properties":{"id":"940GZZLUBKF-940GZZLUTMP-District","source":"940GZZLUBKF","target":"940GZZLUTMP","sourceName":"Blackfriars","targetName":"Temple","line":"District","colour":"#00782A","color":"#00782A","traffic":0.379,"off9":1.5,"off12":3.5,"off14":6.0},"id":239},{"type":"Feature","geometry":{"type":"LineString","coordinates":[[-0.09404171907099586,51.51192518761674],[-0.094067,51.5119295],[-0.0943721,51.5119659],[-0.0946785,51.5119642],[-0.0952257,51.511929],[-0.095781,51.5118962],[-0.0964306,51.5118657],[-0.0972211,51.5119012],[-0.097591,51.5119015],[-0.0983036,51.5119396],[-0.0989307,51.511972],[-0.1001604,51.5120411],[-0.1012285,51.5121123],[-0.1014555,51.5121171],[-0.1016988,51.5121061],[-0.1019082,51.5120896],[-0.1021012,51.5120673],[-0.1023532,51.5120165],[-0.1025679,51.5119577],[-0.102673,51.5119276],[-0.1031065,51.5117941],[-0.1032605,51.5117468],[-0.1035625,51.5116548],[-0.10367116663978519,51.51162418507257]]},"properties":{"id":"940GZZLUMSH-940GZZLUBKF-Circle","source":"940GZZLUMSH","target":"940GZZLUBKF","sourceName":"Mansion House","targetName":"Blackfriars","line":"Circle","colour":"#FFD300","color":"#FFD300","traffic":0.3867,"off9":3.0,"off12":7.0,"off14":12.0},"id":240},{"type":"Feature","geometry":{"type":"LineString","coordinates":[[-0.09404171907099586,51.51192518761674],[-0.094067,51.5119295],[-0.0943721,51.5119659],[-0.0946785,51.5119642],[-0.0952257,51.511929],[-0.095781,51.5118962],[-0.0964306,51.5118657],[-0.0972211,51.5119012],[-0.097591,51.5119015],[-0.0983036,51.5119396],[-0.0989307,51.511972],[-0.1001604,51.5120411],[-0.1012285,51.5121123],[-0.1014555,51.5121171],[-0.1016988,51.5121061],[-0.1019082,51.5120896],[-0.1021012,51.5120673],[-0.1023532,51.5120165],[-0.1025679,51.5119577],[-0.102673,51.5119276],[-0.1031065,51.5117941],[-0.1032605,51.5117468],[-0.1035625,51.5116548],[-0.10367116663978519,51.51162418507257]]},"properties":{"id":"940GZZLUMSH-940GZZLUBKF-District","source":"940GZZLUMSH","target":"940GZZLUBKF","sourceName":"Mansion House","targetName":"Blackfriars","line":"District","colour":"#00782A","color":"#00782A","traffic":0.3867,"off9":1.5,"off12":3.5,"off14":6.0},"id":241},{"type":"Feature","geometry":{"type":"LineString","coordinates":[[-0.09404171907099586,51.51192518761674],[-0.0937645,51.5118779],[-0.0929587,51.5118157],[-0.0927205,51.5117971],[-0.0924475,51.5117653],[-0.0917919,51.5116546],[-0.0912101,51.5115571],[-0.0907425,51.5114973],[-0.0905594,51.5114951],[-0.09043159097798645,51.511500753949754]]},"properties":{"id":"940GZZLUMSH-940GZZLUCST-Circle","source":"940GZZLUMSH","target":"940GZZLUCST","sourceName":"Mansion House","targetName":"Cannon Street","line":"Circle","colour":"#FFD300","color":"#FFD300","traffic":0.2459,"off9":3.0,"off12":7.0,"off14":12.0},"id":242},{"type":"Feature","geometry":{"type":"LineString","coordinates":[[-0.09404171907099586,51.51192518761674],[-0.0937645,51.5118779],[-0.0929587,51.5118157],[-0.0927205,51.5117971],[-0.0924475,51.5117653],[-0.0917919,51.5116546],[-0.0912101,51.5115571],[-0.0907425,51.5114973],[-0.0905594,51.5114951],[-0.09043159097798645,51.511500753949754]]},"properties":{"id":"940GZZLUMSH-940GZZLUCST-District","source":"940GZZLUMSH","target":"940GZZLUCST","sourceName":"Mansion House","targetName":"Cannon Street","line":"District","colour":"#00782A","color":"#00782A","traffic":0.2459,"off9":1.5,"off12":3.5,"off14":6.0},"id":243},{"type":"Feature","geometry":{"type":"LineString","coordinates":[[-0.11425837200311888,51.51099755065752],[-0.1140583,51.5110361],[-0.1138558,51.5110712],[-0.1137139,51.5110896],[-0.1136117,51.5110996],[-0.1134494,51.5111163],[-0.1132373,51.5111321],[-0.1129111,51.5111535],[-0.1126434,51.5111664],[-0.1124798,51.5111738],[-0.1118481,51.5112087],[-0.1114659,51.5112189],[-0.1109557,51.5112116],[-0.1097144,51.5111914],[-0.108478,51.5111908],[-0.1071059,51.5111764],[-0.1070013,51.5111754],[-0.1056906,51.5111742],[-0.1055402,51.511178],[-0.1053876,51.5111874],[-0.1050898,51.5112283],[-0.1047908,51.5112835],[-0.1045855,51.5113362],[-0.1043264,51.5114136],[-0.1040017,51.5115051],[-0.10366471465792995,51.51160106688079]]},"properties":{"id":"940GZZLUTMP-940GZZLUBKF-Circle","source":"940GZZLUTMP","target":"940GZZLUBKF","sourceName":"Temple","targetName":"Blackfriars","line":"Circle","colour":"#FFD300","color":"#FFD300","traffic":0.3641,"off9":3.0,"off12":7.0,"off14":12.0},"id":244},{"type":"Feature","geometry":{"type":"LineString","coordinates":[[-0.11425837200311885,51.51099755065752],[-0.1140583,51.5110361],[-0.1138558,51.5110712],[-0.1137139,51.5110896],[-0.1136117,51.5110996],[-0.1134494,51.5111163],[-0.1132373,51.5111321],[-0.1129111,51.5111535],[-0.1126434,51.5111664],[-0.1124798,51.5111738],[-0.1118481,51.5112087],[-0.1114659,51.5112189],[-0.1109557,51.5112116],[-0.1097144,51.5111914],[-0.108478,51.5111908],[-0.1071059,51.5111764],[-0.1070013,51.5111754],[-0.1056906,51.5111742],[-0.1055402,51.511178],[-0.1053876,51.5111874],[-0.1050898,51.5112283],[-0.1047908,51.5112835],[-0.1045855,51.5113362],[-0.1043264,51.5114136],[-0.1040017,51.5115051],[-0.10366471465792995,51.51160106688079]]},"properties":{"id":"940GZZLUTMP-940GZZLUBKF-District","source":"940GZZLUTMP","target":"940GZZLUBKF","sourceName":"Temple","targetName":"Blackfriars","line":"District","colour":"#00782A","color":"#00782A","traffic":0.3641,"off9":1.5,"off12":3.5,"off14":6.0},"id":245},{"type":"Feature","geometry":{"type":"LineString","coordinates":[[-0.11426306831069538,51.51102259300207],[-0.1142971,51.5110163],[-0.1145598,51.5109619],[-0.1148135,51.510911],[-0.1149783,51.5108667],[-0.1151981,51.5108097],[-0.1155777,51.5106979],[-0.1163502,51.5104691],[-0.1184632,51.509813],[-0.1189305,51.5096709],[-0.119255,51.5095605],[-0.1195715,51.509446],[-0.1198599,51.5093318],[-0.1201321,51.5092126],[-0.1206175,51.5089599],[-0.1209925,51.5087102],[-0.1213429,51.508436],[-0.1215134,51.5082901],[-0.1216936,51.5080978],[-0.1219265,51.5078455],[-0.1221088,51.5076205],[-0.1223732,51.5072934],[-0.1225873,51.507009]]},"properties":{"id":"940GZZLUTMP-940GZZLUEMB-Circle","source":"940GZZLUTMP","target":"940GZZLUEMB","sourceName":"Temple","targetName":"Embankment","line":"Circle","colour":"#FFD300","color":"#FFD300","traffic":0.3494,"off9":3.0,"off12":7.0,"off14":12.0},"id":246},{"type":"Feature","geometry":{"type":"LineString","coordinates":[[-0.11426306831069538,51.51102259300207],[-0.1142971,51.5110163],[-0.1145598,51.5109619],[-0.1148135,51.510911],[-0.1149783,51.5108667],[-0.1151981,51.5108097],[-0.1155777,51.5106979],[-0.1163502,51.5104691],[-0.1184632,51.509813],[-0.1189305,51.5096709],[-0.119255,51.5095605],[-0.1195715,51.509446],[-0.1198599,51.5093318],[-0.1201321,51.5092126],[-0.1206175,51.5089599],[-0.1209925,51.5087102],[-0.1213429,51.508436],[-0.1215134,51.5082901],[-0.1216936,51.5080978],[-0.1219265,51.5078455],[-0.1221088,51.5076205],[-0.1223732,51.5072934],[-0.1225873,51.507009]]},"properties":{"id":"940GZZLUTMP-940GZZLUEMB-District","source":"940GZZLUTMP","target":"940GZZLUEMB","sourceName":"Temple","targetName":"Embankment","line":"District","colour":"#00782A","color":"#00782A","traffic":0.3494,"off9":1.5,"off12":3.5,"off14":6.0},"id":247},{"type":"Feature","geometry":{"type":"LineString","coordinates":[[-0.041156375738198046,51.58676669598529],[-0.0412998,51.5867727],[-0.0427259,51.5868126],[-0.0429679,51.5868186],[-0.0435144,51.5868129],[-0.0448724,51.5867522],[-0.0463471,51.5866416],[-0.0489132,51.5864318],[-0.0500647,51.5864144],[-0.0509168,51.5864826],[-0.0515506,51.5866133],[-0.0532254,51.5870071],[-0.0540226,51.5872211],[-0.05447,51.5873307],[-0.0550333,51.5874512],[-0.0559455,51.5876192],[-0.0561989,51.5876672],[-0.056487,51.5877152],[-0.0567016,51.5877557],[-0.0569752,51.5878008],[-0.0574228,51.5878775],[-0.0582465,51.5879721],[-0.0583516,51.5879776],[-0.0588795,51.5880051],[-0.0598103,51.5880033],[-0.06023081415425134,51.587971841797476]]},"properties":{"id":"940GZZLUBLR-940GZZLUTMH-Victoria","source":"940GZZLUBLR","target":"940GZZLUTMH","sourceName":"Blackhorse Road","targetName":"Tottenham Hale","line":"Victoria","colour":"#0098D4","color":"#0098D4","traffic":0.3179,"off9":0.0,"off12":0.0,"off14":0.0},"id":248},{"type":"Feature","geometry":{"type":"LineString","coordinates":[[-0.04115172034368877,51.586893610927795],[-0.0406365,51.5868587],[-0.0398737,51.5867787],[-0.038833,51.5866414],[-0.0359145,51.5860858],[-0.021491,51.5832034],[-0.0208991,51.5830831],[-0.020556,51.5830224],[-0.0199949,51.582941]]},"properties":{"id":"940GZZLUBLR-940GZZLUWWL-Victoria","source":"940GZZLUBLR","target":"940GZZLUWWL","sourceName":"Blackhorse Road","targetName":"Walthamstow Central","line":"Victoria","colour":"#0098D4","color":"#0098D4","traffic":0.0354,"off9":0.0,"off12":0.0,"off14":0.0},"id":249},{"type":"Feature","geometry":{"type":"LineString","coordinates":[[-0.06023081415425134,51.587971841797476],[-0.0615895,51.5878702],[-0.0621626,51.5878273],[-0.0631228,51.5876767],[-0.0640213,51.5874539],[-0.065179,51.5870264],[-0.0667065,51.5862491],[-0.0672285,51.5859515],[-0.067779,51.5856573],[-0.069172,51.5849249],[-0.0703571,51.5842492],[-0.0710403,51.5838693],[-0.0720425,51.5833671],[-0.07251107139278953,51.583162764205184]]},"properties":{"id":"940GZZLUTMH-940GZZLUSVS-Victoria","source":"940GZZLUTMH","target":"940GZZLUSVS","sourceName":"Tottenham Hale","targetName":"Seven Sisters","line":"Victoria","colour":"#0098D4","color":"#0098D4","traffic":0.4292,"off9":0.0,"off12":0.0,"off14":0.0},"id":250},{"type":"Feature","geometry":{"type":"LineString","coordinates":[[-0.06023081415425134,51.587971841797476],[-0.0598103,51.5880033],[-0.0588795,51.5880051],[-0.0583516,51.5879776],[-0.0582465,51.5879721],[-0.0574228,51.5878775],[-0.0569752,51.5878008],[-0.0567016,51.5877557],[-0.056487,51.5877152],[-0.0561989,51.5876672],[-0.0559455,51.5876192],[-0.0550333,51.5874512],[-0.05447,51.5873307],[-0.0540226,51.5872211],[-0.0532254,51.5870071],[-0.0515506,51.5866133],[-0.0509168,51.5864826],[-0.0500647,51.5864144],[-0.0489132,51.5864318],[-0.0463471,51.5866416],[-0.0448724,51.5867522],[-0.0435144,51.5868129],[-0.0429679,51.5868186],[-0.0427259,51.5868126],[-0.0412998,51.5867727],[-0.041156375738198046,51.58676669598529]]},"properties":{"id":"940GZZLUTMH-940GZZLUBLR-Victoria","source":"940GZZLUTMH","target":"940GZZLUBLR","sourceName":"Tottenham Hale","targetName":"Blackhorse Road","line":"Victoria","colour":"#0098D4","color":"#0098D4","traffic":0.0568,"off9":0.0,"off12":0.0,"off14":0.0},"id":251},{"type":"Feature","geometry":{"type":"LineString","coordinates":[[-0.0199949,51.582941],[-0.020556,51.5830224],[-0.0208991,51.5830831],[-0.021491,51.5832034],[-0.0359145,51.5860858],[-0.038833,51.5866414],[-0.0398737,51.5867787],[-0.0406365,51.5868587],[-0.04115172034368877,51.586893610927795]]},"properties":{"id":"940GZZLUWWL-940GZZLUBLR-Victoria","source":"940GZZLUWWL","target":"940GZZLUBLR","sourceName":"Walthamstow Central","targetName":"Blackhorse Road","line":"Victoria","colour":"#0098D4","color":"#0098D4","traffic":0.2127,"off9":0.0,"off12":0.0,"off14":0.0},"id":252},{"type":"Feature","geometry":{"type":"LineString","coordinates":[[-0.14273646295501713,51.50684626055424],[-0.1439057,51.5062597],[-0.1457305,51.5053451],[-0.1475571,51.5043924],[-0.1480787,51.5041204],[-0.1486146,51.5038961],[-0.148982,51.5037586],[-0.149379,51.503639],[-0.149776,51.5035383],[-0.1501461,51.5034614],[-0.1506236,51.5033728],[-0.15244902659450582,51.50308610674499]]},"properties":{"id":"940GZZLUGPK-940GZZLUHPC-Piccadilly","source":"940GZZLUGPK","target":"940GZZLUHPC","sourceName":"Green Park","targetName":"Hyde Park Corner","line":"Piccadilly","colour":"#003688","color":"#003688","traffic":0.3856,"off9":-1.5,"off12":-3.5,"off14":-6.0},"id":253},{"type":"Feature","geometry":{"type":"LineString","coordinates":[[-0.14273646295501713,51.50684626055424],[-0.1421597,51.5071356],[-0.1417049,51.5073665],[-0.1410125,51.5076664],[-0.1398097,51.508114],[-0.139301,51.5082741],[-0.1380181,51.5086523],[-0.1357568,51.5093982],[-0.1352191,51.5095744],[-0.1347361,51.5097354],[-0.1344992,51.509827],[-0.1343102,51.5099089],[-0.1340881,51.5099849],[-0.1338471,51.5100524],[-0.13380101543943634,51.51006304927007]]},"properties":{"id":"940GZZLUGPK-940GZZLUPCC-Piccadilly","source":"940GZZLUGPK","target":"940GZZLUPCC","sourceName":"Green Park","targetName":"Piccadilly Circus","line":"Piccadilly","colour":"#003688","color":"#003688","traffic":0.3082,"off9":-1.5,"off12":-3.5,"off14":-6.0},"id":254},{"type":"Feature","geometry":{"type":"LineString","coordinates":[[-0.14278894343748347,51.5069456362998],[-0.1434977,51.5079557],[-0.1435382,51.5080795],[-0.1437038,51.5085997],[-0.1437469,51.5091406],[-0.1437413,51.5094074],[-0.1437076,51.5097343],[-0.1436604,51.5099587],[-0.1434348,51.5105877],[-0.1430498,51.5113719],[-0.1426443,51.5121165],[-0.1425397,51.5123128],[-0.1424545,51.5124577],[-0.1423529,51.5127321],[-0.1422684,51.5130056],[-0.1422276,51.5132213],[-0.1421356,51.5136529],[-0.1420502,51.5143572],[-0.1421471,51.5150516],[-0.1421576,51.5151266],[-0.14216652984604777,51.5151795905764]]},"properties":{"id":"940GZZLUGPK-940GZZLUOXC-Victoria","source":"940GZZLUGPK","target":"940GZZLUOXC","sourceName":"Green Park","targetName":"Oxford Circus","line":"Victoria","colour":"#0098D4","color":"#0098D4","traffic":0.848,"off9":0.0,"off12":0.0,"off14":0.0},"id":255},{"type":"Feature","geometry":{"type":"LineString","coordinates":[[-0.14278894343748347,51.5069456362998],[-0.142649,51.5067462],[-0.142581,51.5066493],[-0.1417807,51.5055608],[-0.1414815,51.5050369],[-0.141056,51.5041567],[-0.1405476,51.5028081],[-0.1403882,51.5022439],[-0.1403343,51.5017901],[-0.1403881,51.5012993],[-0.1406149,51.5005709],[-0.1410038,51.4996495],[-0.141483,51.4988127],[-0.1422803,51.4978004],[-0.1426533,51.4972813],[-0.1426905,51.4972299],[-0.1427545,51.4971415],[-0.142876,51.4969968],[-0.1430645,51.4967722],[-0.1432385,51.4965389],[-0.1432789045813931,51.49647966232557]]},"properties":{"id":"940GZZLUGPK-940GZZLUVIC-Victoria","source":"940GZZLUGPK","target":"940GZZLUVIC","sourceName":"Green Park","targetName":"Victoria","line":"Victoria","colour":"#0098D4","color":"#0098D4","traffic":0.6966,"off9":0.0,"off12":0.0,"off14":0.0},"id":256},{"type":"Feature","geometry":{"type":"LineString","coordinates":[[-0.14281719561239187,51.50643112715298],[-0.1425673,51.5064165],[-0.1413994,51.5063441],[-0.1401175,51.5062958],[-0.1390546,51.5062475],[-0.1379658,51.5063137],[-0.1372442,51.5063565],[-0.1367674,51.5063404],[-0.1362489,51.5063125],[-0.1357093,51.5062507],[-0.134988,51.5061164],[-0.1343496,51.505944],[-0.1334733,51.5054277],[-0.1330617,51.5050651],[-0.1327444,51.5046768],[-0.1324774,51.504263],[-0.1322055,51.5036846],[-0.132038,51.5033689],[-0.1318295,51.5030936],[-0.1312252,51.502525],[-0.130501,51.5020742],[-0.1294039,51.50146],[-0.1283501,51.5010489],[-0.1277449,51.5008963],[-0.1271941,51.5008303],[-0.1266341,51.5008398],[-0.1258332,51.5008842],[-0.1254363,51.5009245],[-0.12482789928469881,51.500984530852335]]},"properties":{"id":"940GZZLUGPK-940GZZLUWSM-Jubilee","source":"940GZZLUGPK","target":"940GZZLUWSM","sourceName":"Green Park","targetName":"Westminster","line":"Jubilee","colour":"#A0A5A9","color":"#A0A5A9","traffic":0.5116,"off9":0.0,"off12":0.0,"off14":0.0},"id":257},{"type":"Feature","geometry":{"type":"LineString","coordinates":[[-0.14281719561239187,51.50643112715298],[-0.1440861,51.5065054],[-0.1446522,51.506626],[-0.1452151,51.5067774],[-0.1458177,51.5069492],[-0.1467296,51.5073469],[-0.1469807,51.5075438],[-0.1471819,51.5077476],[-0.1476688,51.5081317],[-0.1479968,51.508422],[-0.1481178,51.5086089],[-0.1483207,51.509008],[-0.148509,51.5093302],[-0.1485874,51.5096778],[-0.1488223,51.5107163],[-0.1489809,51.5114199],[-0.14954317897232616,51.514338641499656]]},"properties":{"id":"940GZZLUGPK-940GZZLUBND-Jubilee","source":"940GZZLUGPK","target":"940GZZLUBND","sourceName":"Green Park","targetName":"Bond Street","line":"Jubilee","colour":"#A0A5A9","color":"#A0A5A9","traffic":0.4252,"off9":0.0,"off12":0.0,"off14":0.0},"id":258},{"type":"Feature","geometry":{"type":"LineString","coordinates":[[-0.15895558357665918,51.513443764882325],[-0.1583892,51.5135178],[-0.1577907,51.5135817],[-0.1562186,51.5137674],[-0.1538986,51.5139416],[-0.1500336,51.5143522],[-0.14973195267542616,51.51438538316149]]},"properties":{"id":"940GZZLUMBA-940GZZLUBND-Central","source":"940GZZLUMBA","target":"940GZZLUBND","sourceName":"Marble Arch","targetName":"Bond Street","line":"Central","colour":"#E32017","color":"#E32017","traffic":0.5333,"off9":0.0,"off12":0.0,"off14":0.0},"id":259},{"type":"Feature","geometry":{"type":"LineString","coordinates":[[-0.15895558357665918,51.513443764882325],[-0.1591481,51.5134186],[-0.1599518,51.5133203],[-0.1635054,51.5129515],[-0.1648508,51.5127931],[-0.1744145,51.5118857],[-0.1751089,51.511798],[-0.17549696703676507,51.51174453626502]]},"properties":{"id":"940GZZLUMBA-940GZZLULGT-Central","source":"940GZZLUMBA","target":"940GZZLULGT","sourceName":"Marble Arch","targetName":"Lancaster Gate","line":"Central","colour":"#E32017","color":"#E32017","traffic":0.3382,"off9":0.0,"off12":0.0,"off14":0.0},"id":260},{"type":"Feature","geometry":{"type":"LineString","coordinates":[[-0.14166232205513007,51.51529451461164],[-0.1417687,51.5156576],[-0.1418921,51.5160712],[-0.1420837,51.516644],[-0.1421951,51.5171332],[-0.142227,51.5176523],[-0.1422086,51.5186879],[-0.1423126,51.5198978],[-0.14222,51.5202818],[-0.1420719,51.5207431],[-0.1419183,51.5211797],[-0.1417923,51.5214247],[-0.1416575,51.5216595],[-0.1415645,51.5219021],[-0.1413995,51.5221922],[-0.141236,51.5224157],[-0.140785,51.5228873],[-0.1405801,51.5231016],[-0.1401454,51.5235041],[-0.1395405,51.5240272],[-0.1390144,51.5245087],[-0.1386048,51.524822],[-0.13836956143146337,51.52501133497756]]},"properties":{"id":"940GZZLUOXC-940GZZLUWRR-Victoria","source":"940GZZLUOXC","target":"940GZZLUWRR","sourceName":"Oxford Circus","targetName":"Warren Street","line":"Victoria","colour":"#0098D4","color":"#0098D4","traffic":0.5583,"off9":0.0,"off12":0.0,"off14":0.0},"id":261},{"type":"Feature","geometry":{"type":"LineString","coordinates":[[-0.14216652984604777,51.5151795905764],[-0.1421576,51.5151266],[-0.1421471,51.5150516],[-0.1420502,51.5143572],[-0.1421356,51.5136529],[-0.1422276,51.5132213],[-0.1422684,51.5130056],[-0.1423529,51.5127321],[-0.1424545,51.5124577],[-0.1425397,51.5123128],[-0.1426443,51.5121165],[-0.1430498,51.5113719],[-0.1434348,51.5105877],[-0.1436604,51.5099587],[-0.1437076,51.5097343],[-0.1437413,51.5094074],[-0.1437469,51.5091406],[-0.1437038,51.5085997],[-0.1435382,51.5080795],[-0.1434977,51.5079557],[-0.14278894343748347,51.5069456362998]]},"properties":{"id":"940GZZLUOXC-940GZZLUGPK-Victoria","source":"940GZZLUOXC","target":"940GZZLUGPK","sourceName":"Oxford Circus","targetName":"Green Park","line":"Victoria","colour":"#0098D4","color":"#0098D4","traffic":0.7478,"off9":0.0,"off12":0.0,"off14":0.0},"id":262},{"type":"Feature","geometry":{"type":"LineString","coordinates":[[-0.14190505508477988,51.51524809438905],[-0.1422192,51.5152213],[-0.1459202,51.5147706],[-0.1497191285330267,51.51427436214356]]},"properties":{"id":"940GZZLUOXC-940GZZLUBND-Central","source":"940GZZLUOXC","target":"940GZZLUBND","sourceName":"Oxford Circus","targetName":"Bond Street","line":"Central","colour":"#E32017","color":"#E32017","traffic":0.4457,"off9":0.0,"off12":0.0,"off14":0.0},"id":263},{"type":"Feature","geometry":{"type":"LineString","coordinates":[[-0.14190505508477988,51.51524809438905],[-0.1413645,51.5152942],[-0.1407785,51.5153611],[-0.1402341,51.5154251],[-0.1396658,51.5154888],[-0.1379109,51.5156639],[-0.1343306,51.5160236],[-0.1328803,51.5161252],[-0.1327997,51.5161338],[-0.131045,51.5162723],[-0.1304010443857211,51.516337364228654]]},"properties":{"id":"940GZZLUOXC-940GZZLUTCR-Central","source":"940GZZLUOXC","target":"940GZZLUTCR","sourceName":"Oxford Circus","targetName":"Tottenham Court Road","line":"Central","colour":"#E32017","color":"#E32017","traffic":0.5782,"off9":0.0,"off12":0.0,"off14":0.0},"id":264},{"type":"Feature","geometry":{"type":"LineString","coordinates":[[-0.14189272451505194,51.51522687876388],[-0.1419591,51.5154638],[-0.1420167,51.5156556],[-0.142061,51.5157851],[-0.1421469,51.5160177],[-0.1422483,51.5162613],[-0.1427238,51.5172811],[-0.1428717,51.5175098],[-0.1429848,51.5176713],[-0.1431501,51.5178077],[-0.1433423,51.5179057],[-0.1437335,51.5180917],[-0.1439281,51.5181875],[-0.1440783,51.5182741],[-0.1441839,51.5183804],[-0.1461377,51.5227729],[-0.1462254,51.5229585],[-0.14644247634953705,51.52334485607165]]},"properties":{"id":"940GZZLUOXC-940GZZLURGP-Bakerloo","source":"940GZZLUOXC","target":"940GZZLURGP","sourceName":"Oxford Circus","targetName":"Regents Park","line":"Bakerloo","colour":"#B36305","color":"#B36305","traffic":0.2831,"off9":0.0,"off12":0.0,"off14":0.0},"id":265},{"type":"Feature","geometry":{"type":"LineString","coordinates":[[-0.14189272451505194,51.51522687876388],[-0.1418813,51.5151861],[-0.1417703,51.5148018],[-0.141648,51.5144875],[-0.141065,51.5136367],[-0.1383597,51.5105624],[-0.1381779,51.5103571],[-0.1381428,51.510322],[-0.1380983,51.5102848],[-0.1380213,51.5102213],[-0.1379899,51.5101965],[-0.1379523,51.5101723],[-0.1379091,51.5101468],[-0.1377613,51.5100748],[-0.1376316,51.5100206],[-0.1375423,51.5099891],[-0.1374186,51.5099543],[-0.1372662,51.5099219],[-0.1371313,51.5098993],[-0.1369627,51.5098762],[-0.1367628,51.5098587],[-0.1365106,51.5098538],[-0.1363426,51.509859],[-0.1360288,51.5098789],[-0.1357011,51.5099163],[-0.1352847,51.5099768],[-0.1350177,51.5099987],[-0.1344256,51.5100143],[-0.1337974940827025,51.51003122650028]]},"properties":{"id":"940GZZLUOXC-940GZZLUPCC-Bakerloo","source":"940GZZLUOXC","target":"940GZZLUPCC","sourceName":"Oxford Circus","targetName":"Piccadilly Circus","line":"Bakerloo","colour":"#B36305","color":"#B36305","traffic":0.2362,"off9":0.0,"off12":0.0,"off14":0.0},"id":266},{"type":"Feature","geometry":{"type":"LineString","coordinates":[[-0.09333241693559098,51.501154436596956],[-0.0925979,51.5017739],[-0.0924691,51.5019325],[-0.0924155,51.5020294],[-0.0922871,51.5023084],[-0.0921231,51.5026071],[-0.0914097,51.5035187],[-0.0910721,51.503831],[-0.0907422,51.5040781],[-0.0894011,51.5050181],[-0.08874008760313816,51.505558389509844]]},"properties":{"id":"940GZZLUBOR-940GZZLULNB-Northern","source":"940GZZLUBOR","target":"940GZZLULNB","sourceName":"Borough","targetName":"London Bridge","line":"Northern","colour":"#000000","color":"#000000","traffic":0.5464,"off9":0.0,"off12":0.0,"off14":0.0},"id":267},{"type":"Feature","geometry":{"type":"LineString","coordinates":[[-0.09333765236592952,51.50115783028391],[-0.0934194,51.5010936],[-0.0937887,51.5008538],[-0.0953273,51.5000091],[-0.0957594,51.499769],[-0.0965572,51.4993135],[-0.0968818,51.4990977],[-0.0972653,51.4988304],[-0.0977094,51.498527],[-0.0993663,51.4970547],[-0.0995386,51.4968424],[-0.0997443,51.4965849],[-0.0999393,51.4963259],[-0.1001617,51.4960333],[-0.1003207,51.4958285],[-0.1003951,51.4956943],[-0.1004635,51.4955281],[-0.1005082,51.4953853],[-0.1005278,51.4952545],[-0.1005335,51.4951655],[-0.1005417,51.4950294],[-0.1005484,51.4949204],[-0.1005548,51.4948152],[-0.100569,51.4945816],[-0.10057187664199921,51.494533940380435]]},"properties":{"id":"940GZZLUBOR-940GZZLUEAC-Northern","source":"940GZZLUBOR","target":"940GZZLUEAC","sourceName":"Borough","targetName":"Elephant  Castle","line":"Northern","colour":"#000000","color":"#000000","traffic":0.1678,"off9":0.0,"off12":0.0,"off14":0.0},"id":268},{"type":"Feature","geometry":{"type":"LineString","coordinates":[[-0.10057187664199921,51.494533940380435],[-0.100569,51.4945816],[-0.1005548,51.4948152],[-0.1005484,51.4949204],[-0.1005417,51.4950294],[-0.1005335,51.4951655],[-0.1005278,51.4952545],[-0.1005082,51.4953853],[-0.1004635,51.4955281],[-0.1003951,51.4956943],[-0.1003207,51.4958285],[-0.1001617,51.4960333],[-0.0999393,51.4963259],[-0.0997443,51.4965849],[-0.0995386,51.4968424],[-0.0993663,51.4970547],[-0.0977094,51.498527],[-0.0972653,51.4988304],[-0.0968818,51.4990977],[-0.0965572,51.4993135],[-0.0957594,51.499769],[-0.0953273,51.5000091],[-0.0937887,51.5008538],[-0.0934194,51.5010936],[-0.09333765236592952,51.50115783028391]]},"properties":{"id":"940GZZLUEAC-940GZZLUBOR-Northern","source":"940GZZLUEAC","target":"940GZZLUBOR","sourceName":"Elephant  Castle","targetName":"Borough","line":"Northern","colour":"#000000","color":"#000000","traffic":0.5466,"off9":0.0,"off12":0.0,"off14":0.0},"id":269},{"type":"Feature","geometry":{"type":"LineString","coordinates":[[-0.10063263558434163,51.49454082919941],[-0.1006439,51.4944787],[-0.1007545,51.4938824],[-0.1008416,51.4933216],[-0.1008995,51.4931995],[-0.1010434,51.4929824],[-0.1012656,51.4927172],[-0.1019344,51.4922305],[-0.1027231,51.4916481],[-0.1031577,51.4912847],[-0.1045075,51.4899406],[-0.1052639,51.4891335],[-0.1056501,51.4887057],[-0.10598598054847157,51.48835928148586]]},"properties":{"id":"940GZZLUEAC-940GZZLUKNG-Northern","source":"940GZZLUEAC","target":"940GZZLUKNG","sourceName":"Elephant  Castle","targetName":"Kennington","line":"Northern","colour":"#000000","color":"#000000","traffic":0.1439,"off9":0.0,"off12":0.0,"off14":0.0},"id":270},{"type":"Feature","geometry":{"type":"LineString","coordinates":[[-0.1001577763893932,51.494889929673526],[-0.1001831,51.494922],[-0.100293,51.4950557],[-0.1004431,51.4951963],[-0.1007703,51.4954111],[-0.1010014,51.4955783],[-0.1011647,51.4957022],[-0.101227,51.4957494],[-0.1013036,51.4958111],[-0.1014045,51.4958972],[-0.1014943,51.4959813],[-0.1016865,51.4961745],[-0.1019912,51.4964129],[-0.1022601,51.4966234],[-0.1042257,51.4981616],[-0.1046487,51.4983825],[-0.1050725,51.4984939],[-0.1055446,51.4985305],[-0.1060327,51.4985151],[-0.1093909,51.4982761],[-0.109884,51.4982617],[-0.110324,51.4982845],[-0.1106347,51.4983043],[-0.1109182,51.4983451],[-0.1112044,51.4984078],[-0.1117732,51.4985652],[-0.1120769,51.4986724],[-0.11232174704710159,51.49879446643014]]},"properties":{"id":"940GZZLUEAC-940GZZLULBN-Bakerloo","source":"940GZZLUEAC","target":"940GZZLULBN","sourceName":"Elephant  Castle","targetName":"Lambeth North","line":"Bakerloo","colour":"#B36305","color":"#B36305","traffic":0.0853,"off9":0.0,"off12":0.0,"off14":0.0},"id":271},{"type":"Feature","geometry":{"type":"LineString","coordinates":[[-0.32495431914294143,51.49565847181987],[-0.3254219,51.4953533],[-0.3259913,51.4949765],[-0.3268125,51.4944434],[-0.327237,51.4941679],[-0.3275761,51.4939238],[-0.3279771,51.4936822],[-0.328462,51.4934457],[-0.3289796,51.4931869],[-0.3295914,51.4928829],[-0.3307126,51.4923285],[-0.3317691,51.4918066],[-0.3330363,51.4911845],[-0.334302,51.490564],[-0.3346632,51.4903788],[-0.3350767,51.4901614],[-0.335635,51.489821],[-0.3361014,51.4894821],[-0.337495,51.4883862],[-0.338146,51.4878712],[-0.3399203,51.486454],[-0.3402674,51.486173],[-0.3418505,51.4849416],[-0.342233,51.4846958],[-0.3425631,51.4844991],[-0.342983,51.4842974],[-0.3434038,51.4841173],[-0.3438728,51.4839464],[-0.3442965,51.4838212],[-0.3447873,51.4836994],[-0.3456745,51.4835384],[-0.3465038,51.4833984],[-0.3473627,51.4832425],[-0.3478845,51.4831503],[-0.3485565,51.4830239],[-0.3489503,51.4829331],[-0.349383,51.4828098],[-0.3498088,51.4826656],[-0.3501863,51.4825215],[-0.3506214,51.4823398],[-0.3509907,51.4821365],[-0.3513044,51.4819516],[-0.351602,51.4817501],[-0.3519018,51.4815339],[-0.3520904,51.4813691],[-0.35220969768910587,51.48125856400839]]},"properties":{"id":"940GZZLUBOS-940GZZLUOSY-Piccadilly","source":"940GZZLUBOS","target":"940GZZLUOSY","sourceName":"Boston Manor","targetName":"Osterley","line":"Piccadilly","colour":"#003688","color":"#003688","traffic":0.1145,"off9":-1.5,"off12":-3.5,"off14":-6.0},"id":272},{"type":"Feature","geometry":{"type":"LineString","coordinates":[[-0.32495431914294143,51.49565847181987],[-0.3248507,51.4957261],[-0.3244189,51.4960117],[-0.3237425,51.4964782],[-0.323555,51.4966056],[-0.3233749,51.4967162],[-0.3231544,51.4968428],[-0.3228248,51.4970038],[-0.3221106,51.4973175],[-0.3215403,51.4975616],[-0.3211262,51.4977365],[-0.3206235,51.4979296],[-0.320214,51.4980737],[-0.3198027,51.4982107],[-0.3195687,51.4982863],[-0.3193425,51.49835],[-0.3187002,51.4985305],[-0.3184396,51.4985983],[-0.3182139,51.4986534],[-0.3179481,51.4987158],[-0.3175928,51.4987945],[-0.3169331,51.4989306],[-0.3157938,51.4991614],[-0.3152766,51.4992688],[-0.3149748,51.4993279],[-0.3147344397168014,51.49938453107074]]},"properties":{"id":"940GZZLUBOS-940GZZLUNFD-Piccadilly","source":"940GZZLUBOS","target":"940GZZLUNFD","sourceName":"Boston Manor","targetName":"Northfields","line":"Piccadilly","colour":"#003688","color":"#003688","traffic":0.1952,"off9":-1.5,"off12":-3.5,"off14":-6.0},"id":273},{"type":"Feature","geometry":{"type":"LineString","coordinates":[[-0.35220969768910587,51.48125856400839],[-0.3520904,51.4813691],[-0.3519018,51.4815339],[-0.351602,51.4817501],[-0.3513044,51.4819516],[-0.3509907,51.4821365],[-0.3506214,51.4823398],[-0.3501863,51.4825215],[-0.3498088,51.4826656],[-0.349383,51.4828098],[-0.3489503,51.4829331],[-0.3485565,51.4830239],[-0.3478845,51.4831503],[-0.3473627,51.4832425],[-0.3465038,51.4833984],[-0.3456745,51.4835384],[-0.3447873,51.4836994],[-0.3442965,51.4838212],[-0.3438728,51.4839464],[-0.3434038,51.4841173],[-0.342983,51.4842974],[-0.3425631,51.4844991],[-0.342233,51.4846958],[-0.3418505,51.4849416],[-0.3402674,51.486173],[-0.3399203,51.486454],[-0.338146,51.4878712],[-0.337495,51.4883862],[-0.3361014,51.4894821],[-0.335635,51.489821],[-0.3350767,51.4901614],[-0.3346632,51.4903788],[-0.334302,51.490564],[-0.3330363,51.4911845],[-0.3317691,51.4918066],[-0.3307126,51.4923285],[-0.3295914,51.4928829],[-0.3289796,51.4931869],[-0.328462,51.4934457],[-0.3279771,51.4936822],[-0.3275761,51.4939238],[-0.327237,51.4941679],[-0.3268125,51.4944434],[-0.3259913,51.4949765],[-0.3254219,51.4953533],[-0.32495431914294143,51.49565847181987]]},"properties":{"id":"940GZZLUOSY-940GZZLUBOS-Piccadilly","source":"940GZZLUOSY","target":"940GZZLUBOS","sourceName":"Osterley","targetName":"Boston Manor","line":"Piccadilly","colour":"#003688","color":"#003688","traffic":0.1829,"off9":-1.5,"off12":-3.5,"off14":-6.0},"id":274},{"type":"Feature","geometry":{"type":"LineString","coordinates":[[-0.35220969768910587,51.48125856400839],[-0.3523314,51.4811458],[-0.3524423,51.4810192],[-0.3525532,51.4809026],[-0.3527079,51.480728],[-0.3529114,51.4804207],[-0.3530258,51.4802453],[-0.3531269,51.4800499],[-0.3532764,51.4797205],[-0.3533477,51.4794788],[-0.3533802,51.4793208],[-0.3534127,51.4791436],[-0.3534257,51.479002],[-0.3534334,51.4788503],[-0.3533902,51.477809],[-0.3533768,51.4775566],[-0.3533588,51.4773027],[-0.353345,51.4769922],[-0.3533578,51.476699],[-0.3533895,51.4764704],[-0.3534422,51.4762345],[-0.3535266,51.4760662],[-0.3535722,51.4759303],[-0.3536491,51.4757522],[-0.3537539,51.4755401],[-0.3538954,51.4752946],[-0.3540414,51.4750821],[-0.3542106,51.4748624],[-0.3544159,51.4745797],[-0.3547256,51.474286],[-0.3550381,51.4740292],[-0.3551757,51.4739329],[-0.3553209,51.4738324],[-0.3555081,51.4737114],[-0.355702,51.4735991],[-0.3559575,51.4734651],[-0.3561569,51.4733607],[-0.3563211,51.4732885],[-0.3564782067557885,51.47322310668714]]},"properties":{"id":"940GZZLUOSY-940GZZLUHWE-Piccadilly","source":"940GZZLUOSY","target":"940GZZLUHWE","sourceName":"Osterley","targetName":"Hounslow East","line":"Piccadilly","colour":"#003688","color":"#003688","traffic":0.1085,"off9":-1.5,"off12":-3.5,"off14":-6.0},"id":275},{"type":"Feature","geometry":{"type":"LineString","coordinates":[[-0.3147207156433307,51.4993275983415],[-0.3144185,51.4993879],[-0.3140972,51.4994516],[-0.3136769,51.4995316],[-0.3129074,51.4996863],[-0.3123627,51.4998023],[-0.3120651,51.4998661],[-0.3117356,51.4999387],[-0.3113566,51.5000339],[-0.3108189,51.5001711],[-0.3094746,51.50046],[-0.3086117,51.5006328],[-0.3078476,51.5008303],[-0.30741212177769983,51.50096443718833]]},"properties":{"id":"940GZZLUNFD-940GZZLUSEA-Piccadilly","source":"940GZZLUNFD","target":"940GZZLUSEA","sourceName":"Northfields","targetName":"South Ealing","line":"Piccadilly","colour":"#003688","color":"#003688","traffic":0.2298,"off9":-1.5,"off12":-3.5,"off14":-6.0},"id":276},{"type":"Feature","geometry":{"type":"LineString","coordinates":[[-0.3147344397168014,51.49938453107074],[-0.3149748,51.4993279],[-0.3152766,51.4992688],[-0.3157938,51.4991614],[-0.3169331,51.4989306],[-0.3175928,51.4987945],[-0.3179481,51.4987158],[-0.3182139,51.4986534],[-0.3184396,51.4985983],[-0.3187002,51.4985305],[-0.3193425,51.49835],[-0.3195687,51.4982863],[-0.3198027,51.4982107],[-0.320214,51.4980737],[-0.3206235,51.4979296],[-0.3211262,51.4977365],[-0.3215403,51.4975616],[-0.3221106,51.4973175],[-0.3228248,51.4970038],[-0.3231544,51.4968428],[-0.3233749,51.4967162],[-0.323555,51.4966056],[-0.3237425,51.4964782],[-0.3244189,51.4960117],[-0.3248507,51.4957261],[-0.32495431914294143,51.49565847181987]]},"properties":{"id":"940GZZLUNFD-940GZZLUBOS-Piccadilly","source":"940GZZLUNFD","target":"940GZZLUBOS","sourceName":"Northfields","targetName":"Boston Manor","line":"Piccadilly","colour":"#003688","color":"#003688","traffic":0.1208,"off9":-1.5,"off12":-3.5,"off14":-6.0},"id":277},{"type":"Feature","geometry":{"type":"LineString","coordinates":[[-0.10986597556288374,51.59750479996284],[-0.1097553,51.5974189],[-0.1089172,51.5966854],[-0.1083147,51.5961685],[-0.1076287,51.5955705],[-0.1063927,51.5944566],[-0.1059423,51.5940657],[-0.1039279,51.5922268],[-0.1037153,51.5918195],[-0.1036862,51.5916229],[-0.1036621,51.591331],[-0.1035033,51.5909524],[-0.1031196,51.5906131],[-0.1029773,51.5905153],[-0.10284745638449504,51.59042673410297]]},"properties":{"id":"940GZZLUWOG-940GZZLUTPN-Piccadilly","source":"940GZZLUWOG","target":"940GZZLUTPN","sourceName":"Wood Green","targetName":"Turnpike Lane","line":"Piccadilly","colour":"#003688","color":"#003688","traffic":0.2781,"off9":-1.5,"off12":-3.5,"off14":-6.0},"id":278},{"type":"Feature","geometry":{"type":"LineString","coordinates":[[-0.10986597556288374,51.59750479996284],[-0.1110052,51.598389],[-0.1117022,51.5988678],[-0.112278,51.5991906],[-0.1131759,51.5995986],[-0.1145267,51.6002727],[-0.1157237,51.6007501],[-0.1187083,51.6019424],[-0.1191129,51.6021516],[-0.1197219,51.6025403],[-0.1204096,51.6031614],[-0.1209711,51.6038871],[-0.1216171,51.6050112],[-0.1216417,51.6050458],[-0.1220226,51.6055805],[-0.1223803,51.6060093],[-0.1229216,51.6063263],[-0.1239336,51.6069888],[-0.1241695,51.6071374],[-0.12417753449209594,51.60714168746439]]},"properties":{"id":"940GZZLUWOG-940GZZLUBDS-Piccadilly","source":"940GZZLUWOG","target":"940GZZLUBDS","sourceName":"Wood Green","targetName":"Bounds Green","line":"Piccadilly","colour":"#003688","color":"#003688","traffic":0.0418,"off9":-1.5,"off12":-3.5,"off14":-6.0},"id":279},{"type":"Feature","geometry":{"type":"LineString","coordinates":[[-0.02512743284027104,51.52694685523498],[-0.0251038,51.5269449],[-0.02492,51.5269239],[-0.0247947,51.5269047],[-0.0246895,51.526886],[-0.0244414,51.5268312],[-0.0242946,51.5267899],[-0.0241355,51.5267389],[-0.0239859,51.5266847],[-0.0236437,51.526526],[-0.0218527,51.5255833],[-0.0211603,51.5252063],[-0.0209724,51.5251112],[-0.0205983,51.5249065],[-0.0203781,51.5248165],[-0.0202037,51.5247595],[-0.0200103,51.5247115],[-0.0197236,51.524662],[-0.019505,51.5246423],[-0.0192784,51.5246331],[-0.0184767,51.5246152],[-0.0179638,51.5245979],[-0.0170782,51.5245701],[-0.0159803,51.5245345],[-0.0153655,51.5245158],[-0.0152862,51.5245146],[-0.0146962,51.524506],[-0.0144443,51.5245116],[-0.0141917,51.5245258],[-0.0134897,51.524585],[-0.0132917,51.5246039],[-0.0127806,51.524649],[-0.0123998,51.524688],[-0.011532171148368978,51.52478885685614]]},"properties":{"id":"940GZZLUBWR-940GZZLUBBB-Hammersmith & City","source":"940GZZLUBWR","target":"940GZZLUBBB","sourceName":"Bow Road","targetName":"Bromley_by_Bow","line":"Hammersmith & City","colour":"#F3A9BB","color":"#F3A9BB","traffic":0.0772,"off9":0.0,"off12":0.0,"off14":0.0},"id":280},{"type":"Feature","geometry":{"type":"LineString","coordinates":[[-0.02512743284027104,51.52694685523498],[-0.0251038,51.5269449],[-0.02492,51.5269239],[-0.0247947,51.5269047],[-0.0246895,51.526886],[-0.0244414,51.5268312],[-0.0242946,51.5267899],[-0.0241355,51.5267389],[-0.0239859,51.5266847],[-0.0236437,51.526526],[-0.0218527,51.5255833],[-0.0211603,51.5252063],[-0.0209724,51.5251112],[-0.0205983,51.5249065],[-0.0203781,51.5248165],[-0.0202037,51.5247595],[-0.0200103,51.5247115],[-0.0197236,51.524662],[-0.019505,51.5246423],[-0.0192784,51.5246331],[-0.0184767,51.5246152],[-0.0179638,51.5245979],[-0.0170782,51.5245701],[-0.0159803,51.5245345],[-0.0153655,51.5245158],[-0.0152862,51.5245146],[-0.0146962,51.524506],[-0.0144443,51.5245116],[-0.0141917,51.5245258],[-0.0134897,51.524585],[-0.0132917,51.5246039],[-0.0127806,51.524649],[-0.0123998,51.524688],[-0.011532171148368978,51.52478885685614]]},"properties":{"id":"940GZZLUBWR-940GZZLUBBB-District","source":"940GZZLUBWR","target":"940GZZLUBBB","sourceName":"Bow Road","targetName":"Bromley_by_Bow","line":"District","colour":"#00782A","color":"#00782A","traffic":0.0772,"off9":1.5,"off12":3.5,"off14":6.0},"id":281},{"type":"Feature","geometry":{"type":"LineString","coordinates":[[-0.0251305990634422,51.52691737782686],[-0.0251482,51.5269194],[-0.0252975,51.5269307],[-0.0254192,51.5269379],[-0.0255447,51.5269332],[-0.0256809,51.5269241],[-0.0258087,51.5269054],[-0.0264888,51.5267607],[-0.0334206,51.5253233],[-0.033674214783141414,51.52526076886269]]},"properties":{"id":"940GZZLUBWR-940GZZLUMED-Hammersmith & City","source":"940GZZLUBWR","target":"940GZZLUMED","sourceName":"Bow Road","targetName":"Mile End","line":"Hammersmith & City","colour":"#F3A9BB","color":"#F3A9BB","traffic":0.3515,"off9":0.0,"off12":0.0,"off14":0.0},"id":282},{"type":"Feature","geometry":{"type":"LineString","coordinates":[[-0.025130599063442186,51.52691737782686],[-0.0251482,51.5269194],[-0.0252975,51.5269307],[-0.0254192,51.5269379],[-0.0255447,51.5269332],[-0.0256809,51.5269241],[-0.0258087,51.5269054],[-0.0264888,51.5267607],[-0.0334206,51.5253233],[-0.0336742147831414,51.52526076886269]]},"properties":{"id":"940GZZLUBWR-940GZZLUMED-District","source":"940GZZLUBWR","target":"940GZZLUMED","sourceName":"Bow Road","targetName":"Mile End","line":"District","colour":"#00782A","color":"#00782A","traffic":0.3515,"off9":1.5,"off12":3.5,"off14":6.0},"id":283},{"type":"Feature","geometry":{"type":"LineString","coordinates":[[-0.011528628173620844,51.5247590178935],[-0.0115211,51.5247599],[-0.0112068,51.5248001],[-0.0105776,51.5248807],[-0.0099959,51.52496],[-0.0094255,51.5250572],[-0.0088125,51.5251925],[-0.0080664,51.5253639],[-0.0064443,51.5257365],[-0.0058616,51.5258658],[-0.0052257,51.5260156],[-0.0046271,51.5261388],[-0.0040758,51.5262695],[-0.0035459,51.526395],[-0.002897,51.5265443],[-0.0023383,51.5266744],[-0.0017061,51.5268271],[-0.0011028,51.5269676],[-0.0005748,51.5270862],[-3.28e-05,51.5272071],[0.0006728,51.5273748],[0.0014621,51.5275581],[0.0022132,51.5277345],[0.0032665,51.527996],[0.0040711,51.5281895],[0.0049128,51.5283789],[0.0049907457017004395,51.52839801474973]]},"properties":{"id":"940GZZLUBBB-940GZZLUWHM-Hammersmith & City","source":"940GZZLUBBB","target":"940GZZLUWHM","sourceName":"Bromley_by_Bow","targetName":"West Ham","line":"Hammersmith & City","colour":"#F3A9BB","color":"#F3A9BB","traffic":0.0712,"off9":0.0,"off12":0.0,"off14":0.0},"id":284},{"type":"Feature","geometry":{"type":"LineString","coordinates":[[-0.011528628173620844,51.5247590178935],[-0.0115211,51.5247599],[-0.0112068,51.5248001],[-0.0105776,51.5248807],[-0.0099959,51.52496],[-0.0094255,51.5250572],[-0.0088125,51.5251925],[-0.0080664,51.5253639],[-0.0064443,51.5257365],[-0.0058616,51.5258658],[-0.0052257,51.5260156],[-0.0046271,51.5261388],[-0.0040758,51.5262695],[-0.0035459,51.526395],[-0.002897,51.5265443],[-0.0023383,51.5266744],[-0.0017061,51.5268271],[-0.0011028,51.5269676],[-0.0005748,51.5270862],[-3.28e-05,51.5272071],[0.0006728,51.5273748],[0.0014621,51.5275581],[0.0022132,51.5277345],[0.0032665,51.527996],[0.0040711,51.5281895],[0.0049128,51.5283789],[0.0049907457017004525,51.52839801474973]]},"properties":{"id":"940GZZLUBBB-940GZZLUWHM-District","source":"940GZZLUBBB","target":"940GZZLUWHM","sourceName":"Bromley_by_Bow","targetName":"West Ham","line":"District","colour":"#00782A","color":"#00782A","traffic":0.0712,"off9":1.5,"off12":3.5,"off14":6.0},"id":285},{"type":"Feature","geometry":{"type":"LineString","coordinates":[[-0.011532171148368978,51.52478885685614],[-0.0123998,51.524688],[-0.0127806,51.524649],[-0.0132917,51.5246039],[-0.0134897,51.524585],[-0.0141917,51.5245258],[-0.0144443,51.5245116],[-0.0146962,51.524506],[-0.0152862,51.5245146],[-0.0153655,51.5245158],[-0.0159803,51.5245345],[-0.0170782,51.5245701],[-0.0179638,51.5245979],[-0.0184767,51.5246152],[-0.0192784,51.5246331],[-0.019505,51.5246423],[-0.0197236,51.524662],[-0.0200103,51.5247115],[-0.0202037,51.5247595],[-0.0203781,51.5248165],[-0.0205983,51.5249065],[-0.0209724,51.5251112],[-0.0211603,51.5252063],[-0.0218527,51.5255833],[-0.0236437,51.526526],[-0.0239859,51.5266847],[-0.0241355,51.5267389],[-0.0242946,51.5267899],[-0.0244414,51.5268312],[-0.0246895,51.526886],[-0.0247947,51.5269047],[-0.02492,51.5269239],[-0.0251038,51.5269449],[-0.02512743284027104,51.52694685523498]]},"properties":{"id":"940GZZLUBBB-940GZZLUBWR-Hammersmith & City","source":"940GZZLUBBB","target":"940GZZLUBWR","sourceName":"Bromley_by_Bow","targetName":"Bow Road","line":"Hammersmith & City","colour":"#F3A9BB","color":"#F3A9BB","traffic":0.3199,"off9":0.0,"off12":0.0,"off14":0.0},"id":286},{"type":"Feature","geometry":{"type":"LineString","coordinates":[[-0.011532171148368978,51.52478885685614],[-0.0123998,51.524688],[-0.0127806,51.524649],[-0.0132917,51.5246039],[-0.0134897,51.524585],[-0.0141917,51.5245258],[-0.0144443,51.5245116],[-0.0146962,51.524506],[-0.0152862,51.5245146],[-0.0153655,51.5245158],[-0.0159803,51.5245345],[-0.0170782,51.5245701],[-0.0179638,51.5245979],[-0.0184767,51.5246152],[-0.0192784,51.5246331],[-0.019505,51.5246423],[-0.0197236,51.524662],[-0.0200103,51.5247115],[-0.0202037,51.5247595],[-0.0203781,51.5248165],[-0.0205983,51.5249065],[-0.0209724,51.5251112],[-0.0211603,51.5252063],[-0.0218527,51.5255833],[-0.0236437,51.526526],[-0.0239859,51.5266847],[-0.0241355,51.5267389],[-0.0242946,51.5267899],[-0.0244414,51.5268312],[-0.0246895,51.526886],[-0.0247947,51.5269047],[-0.02492,51.5269239],[-0.0251038,51.5269449],[-0.02512743284027104,51.52694685523498]]},"properties":{"id":"940GZZLUBBB-940GZZLUBWR-District","source":"940GZZLUBBB","target":"940GZZLUBWR","sourceName":"Bromley_by_Bow","targetName":"Bow Road","line":"District","colour":"#00782A","color":"#00782A","traffic":0.3199,"off9":1.5,"off12":3.5,"off14":6.0},"id":287},{"type":"Feature","geometry":{"type":"LineString","coordinates":[[-0.21364032269904842,51.57660694569307],[-0.2141238,51.5768127],[-0.2146113,51.5770173],[-0.2150379,51.5772029],[-0.2153946,51.5773596],[-0.2158386,51.5775566],[-0.2158723,51.5775716],[-0.2163587,51.577772],[-0.2167038,51.577914],[-0.2169238,51.5780018],[-0.2177276,51.5783211],[-0.2179222,51.5784009],[-0.2184484,51.578625],[-0.2189314,51.5788372],[-0.2193387,51.5790313],[-0.2197839,51.5792233],[-0.2202273,51.5794348],[-0.2205385,51.5795846],[-0.2209532,51.5797792],[-0.2213727,51.580003],[-0.2217992,51.5802378],[-0.2223029,51.5805163],[-0.2227164,51.5807579],[-0.2230903,51.5809746],[-0.2235248,51.5812306],[-0.2240759,51.5815662],[-0.2244699,51.5818428],[-0.2248545,51.5821019],[-0.2252887,51.5824049],[-0.2256024,51.5826177],[-0.2257597,51.5827233],[-0.2259614,51.5828684],[-0.2261193,51.5829893],[-0.2263741,51.5831834],[-0.22646207985045197,51.58325255279922]]},"properties":{"id":"940GZZLUBTX-940GZZLUHCL-Northern","source":"940GZZLUBTX","target":"940GZZLUHCL","sourceName":"Brent Cross","targetName":"Hendon Central","line":"Northern","colour":"#000000","color":"#000000","traffic":0.0639,"off9":0.0,"off12":0.0,"off14":0.0},"id":288},{"type":"Feature","geometry":{"type":"LineString","coordinates":[[-0.21364032269904842,51.57660694569307],[-0.2135904,51.5765857],[-0.2132865,51.5764719],[-0.2130273,51.5763649],[-0.2127283,51.5762307],[-0.2123342,51.5760615],[-0.2118801,51.5758541],[-0.2115652,51.5757117],[-0.2112197,51.5755662],[-0.2109593,51.5754455],[-0.2104514,51.5752184],[-0.2101431,51.5750753],[-0.2097319,51.5748894],[-0.2094179,51.5747522],[-0.2089281,51.5745261],[-0.2084388,51.574304],[-0.2080047,51.5741064],[-0.2074938,51.5738789],[-0.2072429,51.5737681],[-0.206897,51.5736374],[-0.2066729,51.5735522],[-0.2063092,51.573425],[-0.2059278,51.5733256],[-0.2056601,51.5732596],[-0.2056263,51.5732513],[-0.2051693,51.5731723],[-0.2046006,51.5731123],[-0.2042213,51.5730952],[-0.20381,51.5730818],[-0.203392,51.5730912],[-0.2029904,51.5731157],[-0.2027458,51.5731431],[-0.2024422,51.5731839],[-0.2021694,51.5732243],[-0.2019383,51.5732642],[-0.2016465,51.573318],[-0.201169,51.5734151],[-0.2007845,51.5734839],[-0.2005409,51.5735274],[-0.2002672,51.5735596],[-0.1999757,51.5735888],[-0.1997454,51.5736039],[-0.1995779,51.5736097],[-0.1993677,51.5736143],[-0.1990726,51.573614],[-0.1988396,51.5736088],[-0.198564,51.5735895],[-0.1982366,51.5735607],[-0.1979093,51.5735136],[-0.1975948,51.573457],[-0.197272,51.5733932],[-0.1970314,51.573337],[-0.1967535,51.5732619],[-0.1965341,51.5731895],[-0.1962482,51.5730857],[-0.1959498,51.5729663],[-0.1957,51.572861],[-0.1955965,51.5728175],[-0.1954007,51.5727229],[-0.1951083,51.5725773],[-0.1949238,51.5725011],[-0.1947323,51.5724319],[-0.1945426,51.5723665],[-0.1942676,51.5722757],[-0.19405393450216504,51.572210247370116]]},"properties":{"id":"940GZZLUBTX-940GZZLUGGN-Northern","source":"940GZZLUBTX","target":"940GZZLUGGN","sourceName":"Brent Cross","targetName":"Golders Green","line":"Northern","colour":"#000000","color":"#000000","traffic":0.2298,"off9":0.0,"off12":0.0,"off14":0.0},"id":289},{"type":"Feature","geometry":{"type":"LineString","coordinates":[[-0.22646207985045197,51.58325255279922],[-0.2263741,51.5831834],[-0.2261193,51.5829893],[-0.2259614,51.5828684],[-0.2257597,51.5827233],[-0.2256024,51.5826177],[-0.2252887,51.5824049],[-0.2248545,51.5821019],[-0.2244699,51.5818428],[-0.2240759,51.5815662],[-0.2235248,51.5812306],[-0.2230903,51.5809746],[-0.2227164,51.5807579],[-0.2223029,51.5805163],[-0.2217992,51.5802378],[-0.2213727,51.580003],[-0.2209532,51.5797792],[-0.2205385,51.5795846],[-0.2202273,51.5794348],[-0.2197839,51.5792233],[-0.2193387,51.5790313],[-0.2189314,51.5788372],[-0.2184484,51.578625],[-0.2179222,51.5784009],[-0.2177276,51.5783211],[-0.2169238,51.5780018],[-0.2167038,51.577914],[-0.2163587,51.577772],[-0.2158723,51.5775716],[-0.2158386,51.5775566],[-0.2153946,51.5773596],[-0.2150379,51.5772029],[-0.2146113,51.5770173],[-0.2141238,51.5768127],[-0.21364032269904842,51.57660694569307]]},"properties":{"id":"940GZZLUHCL-940GZZLUBTX-Northern","source":"940GZZLUHCL","target":"940GZZLUBTX","sourceName":"Hendon Central","targetName":"Brent Cross","line":"Northern","colour":"#000000","color":"#000000","traffic":0.2139,"off9":0.0,"off12":0.0,"off14":0.0},"id":290},{"type":"Feature","geometry":{"type":"LineString","coordinates":[[-0.22646207985045197,51.58325255279922],[-0.2267886,51.5835092],[-0.2269068,51.583607],[-0.2270022,51.583686],[-0.2275057,51.5841126],[-0.2281603,51.5845568],[-0.2298957,51.5857405],[-0.232548,51.5872001],[-0.2347708,51.5882124],[-0.2386376,51.5898032],[-0.2388652,51.589899],[-0.239359,51.5900925],[-0.2398056,51.5902478],[-0.2404877,51.5904713],[-0.2411082,51.5906678],[-0.2416273,51.5908313],[-0.2421476,51.5909948],[-0.2426366,51.5911583],[-0.2432583,51.5913691],[-0.2438752,51.5916278],[-0.2444727,51.5919001],[-0.2450763,51.5922098],[-0.2458043,51.592656],[-0.2463801,51.5930303],[-0.2469837,51.5934135],[-0.2475801,51.593802],[-0.2482042,51.5942002],[-0.2489353,51.5946993],[-0.2491665,51.5948459],[-0.249555,51.5950966],[-0.2498614,51.5952946],[-0.24996100084352815,51.59536096449861]]},"properties":{"id":"940GZZLUHCL-940GZZLUCND-Northern","source":"940GZZLUHCL","target":"940GZZLUCND","sourceName":"Hendon Central","targetName":"Colindale","line":"Northern","colour":"#000000","color":"#000000","traffic":0.0468,"off9":0.0,"off12":0.0,"off14":0.0},"id":291},{"type":"Feature","geometry":{"type":"LineString","coordinates":[[-0.19405393450216504,51.572210247370116],[-0.1942676,51.5722757],[-0.1945426,51.5723665],[-0.1947323,51.5724319],[-0.1949238,51.5725011],[-0.1951083,51.5725773],[-0.1954007,51.5727229],[-0.1955965,51.5728175],[-0.1957,51.572861],[-0.1959498,51.5729663],[-0.1962482,51.5730857],[-0.1965341,51.5731895],[-0.1967535,51.5732619],[-0.1970314,51.573337],[-0.197272,51.5733932],[-0.1975948,51.573457],[-0.1979093,51.5735136],[-0.1982366,51.5735607],[-0.198564,51.5735895],[-0.1988396,51.5736088],[-0.1990726,51.573614],[-0.1993677,51.5736143],[-0.1995779,51.5736097],[-0.1997454,51.5736039],[-0.1999757,51.5735888],[-0.2002672,51.5735596],[-0.2005409,51.5735274],[-0.2007845,51.5734839],[-0.201169,51.5734151],[-0.2016465,51.573318],[-0.2019383,51.5732642],[-0.2021694,51.5732243],[-0.2024422,51.5731839],[-0.2027458,51.5731431],[-0.2029904,51.5731157],[-0.203392,51.5730912],[-0.20381,51.5730818],[-0.2042213,51.5730952],[-0.2046006,51.5731123],[-0.2051693,51.5731723],[-0.2056263,51.5732513],[-0.2056601,51.5732596],[-0.2059278,51.5733256],[-0.2063092,51.573425],[-0.2066729,51.5735522],[-0.206897,51.5736374],[-0.2072429,51.5737681],[-0.2074938,51.5738789],[-0.2080047,51.5741064],[-0.2084388,51.574304],[-0.2089281,51.5745261],[-0.2094179,51.5747522],[-0.2097319,51.5748894],[-0.2101431,51.5750753],[-0.2104514,51.5752184],[-0.2109593,51.5754455],[-0.2112197,51.5755662],[-0.2115652,51.5757117],[-0.2118801,51.5758541],[-0.2123342,51.5760615],[-0.2127283,51.5762307],[-0.2130273,51.5763649],[-0.2132865,51.5764719],[-0.2135904,51.5765857],[-0.21364032269904842,51.57660694569307]]},"properties":{"id":"940GZZLUGGN-940GZZLUBTX-Northern","source":"940GZZLUGGN","target":"940GZZLUBTX","sourceName":"Golders Green","targetName":"Brent Cross","line":"Northern","colour":"#000000","color":"#000000","traffic":0.0654,"off9":0.0,"off12":0.0,"off14":0.0},"id":292},{"type":"Feature","geometry":{"type":"LineString","coordinates":[[-0.1939929025481449,51.57242051975379],[-0.1938723,51.5723861],[-0.1935888,51.5723035],[-0.193295,51.5722254],[-0.193005,51.5721574],[-0.1926812,51.5720903],[-0.1920494,51.5719737],[-0.1915661,51.571887],[-0.1911949,51.5718187],[-0.1910017,51.5717827],[-0.190236,51.5716432],[-0.1895991,51.5715216],[-0.1891757,51.5714301],[-0.1887687,51.5713407],[-0.1882873,51.5712332],[-0.187914,51.5711543],[-0.1872429,51.5709668],[-0.1864839,51.5707545],[-0.1858068,51.5705601],[-0.1849584,51.5702775],[-0.1842896,51.5700189],[-0.1835643,51.5696841],[-0.1830528,51.5694309],[-0.1826422,51.5691898],[-0.1823241,51.5689833],[-0.1818852,51.5686768],[-0.1816265,51.5684513],[-0.1814504,51.5682504],[-0.1813158,51.5680267],[-0.1799846,51.5653716],[-0.1797732,51.5647674],[-0.1795117,51.5639871],[-0.1793772,51.5632067],[-0.1792651,51.5623799],[-0.1792128,51.5615206],[-0.1792278,51.5601874],[-0.1793157,51.5590865],[-0.1793714,51.5587781],[-0.1795117,51.55845],[-0.1796046,51.5581542],[-0.1795818,51.5579479],[-0.1795103,51.5577437],[-0.1793932,51.5575334],[-0.1792664,51.5573615],[-0.1788639,51.5570056],[-0.1784301,51.5567046],[-0.1782918,51.5566155],[-0.1781249,51.5565139],[-0.1779738,51.5564274],[-0.1778018,51.5563349],[-0.1776913,51.5562787],[-0.17747922058079266,51.556198666992145]]},"properties":{"id":"940GZZLUGGN-940GZZLUHTD-Northern","source":"940GZZLUGGN","target":"940GZZLUHTD","sourceName":"Golders Green","targetName":"Hampstead","line":"Northern","colour":"#000000","color":"#000000","traffic":0.2845,"off9":0.0,"off12":0.0,"off14":0.0},"id":293},{"type":"Feature","geometry":{"type":"LineString","coordinates":[[-0.11489024202486889,51.46260671057043],[-0.1154612,51.4627201],[-0.1157781,51.4627831],[-0.1158493,51.4627972],[-0.1167776,51.4629816],[-0.1168597,51.4629979],[-0.1170938,51.4630444],[-0.1176894,51.4631627],[-0.1187229,51.4633052],[-0.119257,51.4634032],[-0.1195529,51.4634568],[-0.1199552,51.4635248],[-0.1202909,51.4635917],[-0.1204863,51.4636394],[-0.1208759,51.4637498],[-0.1210509,51.4637992],[-0.1211693,51.4638356],[-0.1212665,51.4638601],[-0.1217005,51.4640217],[-0.121961,51.464121],[-0.1224636,51.4643177],[-0.1228867,51.4645135],[-0.123236,51.4646857],[-0.1239431,51.4651543],[-0.1242804,51.465407],[-0.1245999,51.4656952],[-0.1249683,51.4660871],[-0.1250697,51.4662085],[-0.1252623,51.4664884],[-0.1254117,51.4667282],[-0.1255491,51.4670015],[-0.1256917,51.4674444],[-0.1258014,51.4679003],[-0.1258079,51.4680161],[-0.1258081,51.46803],[-0.125814,51.4684122],[-0.1258039,51.4684308],[-0.1257789,51.4688554],[-0.1257394,51.4691998],[-0.1256959,51.4694342],[-0.1255615,51.4697004],[-0.1254297,51.4699314],[-0.1252671,51.4702165],[-0.1252636,51.4702226],[-0.1252575,51.4702288],[-0.1251857,51.4703025],[-0.1250846,51.4704061],[-0.1240539,51.4712048],[-0.1232026,51.4719112],[-0.12286573623472603,51.472353050262605]]},"properties":{"id":"940GZZLUBXN-940GZZLUSKW-Victoria","source":"940GZZLUBXN","target":"940GZZLUSKW","sourceName":"Brixton","targetName":"Stockwell","line":"Victoria","colour":"#0098D4","color":"#0098D4","traffic":0.3214,"off9":0.0,"off12":0.0,"off14":0.0},"id":294},{"type":"Feature","geometry":{"type":"LineString","coordinates":[[-0.12286573623472603,51.472353050262605],[-0.1228089,51.4724276],[-0.1224765,51.4728988],[-0.1222451,51.4731642],[-0.1220531,51.4733711],[-0.1218721,51.4735155],[-0.1213529,51.4740167],[-0.1210684,51.4742971],[-0.1207095,51.4747169],[-0.1205632,51.4749479],[-0.1204695,51.4751219],[-0.1204036,51.4752565],[-0.1202958,51.4754817],[-0.1201807,51.4757558],[-0.1200742,51.4759513],[-0.1200245,51.4761005],[-0.1199464,51.4764156],[-0.1199064,51.4767518],[-0.1199032,51.4770298],[-0.1199139,51.4772182],[-0.1199615,51.4775328],[-0.1200175,51.4777672],[-0.1202446,51.4787019],[-0.120501,51.4796085],[-0.1207764,51.4806215],[-0.1208972,51.4810877],[-0.1210764,51.4818027],[-0.1211822,51.4821788],[-0.1212077,51.4822695],[-0.1214017,51.4828382],[-0.1216691,51.4834535],[-0.1218939,51.483775],[-0.1219775,51.4838903],[-0.1220514,51.4839939],[-0.1222135,51.4841973],[-0.1225806,51.4846975],[-0.1226666,51.4847273],[-0.1230796,51.4849717],[-0.12351,51.4852148],[-0.12428056358025283,51.485582590421366]]},"properties":{"id":"940GZZLUSKW-940GZZLUVXL-Victoria","source":"940GZZLUSKW","target":"940GZZLUVXL","sourceName":"Stockwell","targetName":"Vauxhall","line":"Victoria","colour":"#0098D4","color":"#0098D4","traffic":0.5567,"off9":0.0,"off12":0.0,"off14":0.0},"id":295},{"type":"Feature","geometry":{"type":"LineString","coordinates":[[-0.12286573623472603,51.472353050262605],[-0.1232026,51.4719112],[-0.1240539,51.4712048],[-0.1250846,51.4704061],[-0.1251857,51.4703025],[-0.1252575,51.4702288],[-0.1252636,51.4702226],[-0.1252671,51.4702165],[-0.1254297,51.4699314],[-0.1255615,51.4697004],[-0.1256959,51.4694342],[-0.1257394,51.4691998],[-0.1257789,51.4688554],[-0.1258039,51.4684308],[-0.125814,51.4684122],[-0.1258081,51.46803],[-0.1258079,51.4680161],[-0.1258014,51.4679003],[-0.1256917,51.4674444],[-0.1255491,51.4670015],[-0.1254117,51.4667282],[-0.1252623,51.4664884],[-0.1250697,51.4662085],[-0.1249683,51.4660871],[-0.1245999,51.4656952],[-0.1242804,51.465407],[-0.1239431,51.4651543],[-0.123236,51.4646857],[-0.1228867,51.4645135],[-0.1224636,51.4643177],[-0.121961,51.464121],[-0.1217005,51.4640217],[-0.1212665,51.4638601],[-0.1211693,51.4638356],[-0.1210509,51.4637992],[-0.1208759,51.4637498],[-0.1204863,51.4636394],[-0.1202909,51.4635917],[-0.1199552,51.4635248],[-0.1195529,51.4634568],[-0.119257,51.4634032],[-0.1187229,51.4633052],[-0.1176894,51.4631627],[-0.1170938,51.4630444],[-0.1168597,51.4629979],[-0.1167776,51.4629816],[-0.1158493,51.4627972],[-0.1157781,51.4627831],[-0.1154612,51.4627201],[-0.11489024202486889,51.46260671057043]]},"properties":{"id":"940GZZLUSKW-940GZZLUBXN-Victoria","source":"940GZZLUSKW","target":"940GZZLUBXN","sourceName":"Stockwell","targetName":"Brixton","line":"Victoria","colour":"#0098D4","color":"#0098D4","traffic":0.0806,"off9":0.0,"off12":0.0,"off14":0.0},"id":296},{"type":"Feature","geometry":{"type":"LineString","coordinates":[[-0.12260607573134451,51.47214017728037],[-0.1226354,51.4721148],[-0.1243321,51.4706053],[-0.1247669,51.4702748],[-0.1252693,51.4698928],[-0.1262923,51.4691915],[-0.1266148,51.4689677],[-0.1277488,51.4680087],[-0.1282006,51.4674349],[-0.1292202,51.4659435],[-0.1299391,51.4651343],[-0.12998153275665042,51.465096405227165]]},"properties":{"id":"940GZZLUSKW-940GZZLUCPN-Northern","source":"940GZZLUSKW","target":"940GZZLUCPN","sourceName":"Stockwell","targetName":"Clapham North","line":"Northern","colour":"#000000","color":"#000000","traffic":0.1701,"off9":0.0,"off12":0.0,"off14":0.0},"id":297},{"type":"Feature","geometry":{"type":"LineString","coordinates":[[-0.12260607573134451,51.47214017728037],[-0.1225247,51.4722106],[-0.1211786,51.4734872],[-0.119997,51.4746053],[-0.1193778,51.4751913],[-0.1189546,51.4755919],[-0.1173121,51.4771461],[-0.1169089,51.47753],[-0.1152521,51.4791075],[-0.1144797,51.4798382],[-0.1131837,51.4810573],[-0.1130284,51.4812365],[-0.1125416,51.4817981],[-0.11247063986599729,51.48187807380615]]},"properties":{"id":"940GZZLUSKW-940GZZLUOVL-Northern","source":"940GZZLUSKW","target":"940GZZLUOVL","sourceName":"Stockwell","targetName":"Oval","line":"Northern","colour":"#000000","color":"#000000","traffic":0.6411,"off9":0.0,"off12":0.0,"off14":0.0},"id":298},{"type":"Feature","geometry":{"type":"LineString","coordinates":[[0.004438624998966953,51.5280939898937],[0.0044491,51.5279403],[0.0044665,51.5275188],[0.004469,51.5274168],[0.0044751,51.527171],[0.0044894,51.5267495],[0.0045155,51.5254142],[0.0044847,51.5249748],[0.0044544,51.5246075],[0.0042868,51.5228518],[0.0041432,51.5219515],[0.0041208,51.5217682],[0.0041008,51.521554],[0.0040977,51.5213619],[0.0041124,51.5210953],[0.0041503,51.5208032],[0.0041749,51.5205594],[0.0042479,51.5199532],[0.0042948,51.5197356],[0.004333,51.519525],[0.0044175,51.5191778],[0.0045241,51.518869],[0.0046499,51.5184716],[0.0047529,51.518191],[0.0048938,51.5179184],[0.0050372,51.5176171],[0.0051831,51.5173659],[0.0053275,51.5171202],[0.005474,51.5169008],[0.0056649,51.5166471],[0.0060251,51.5161603],[0.0063345,51.515764],[0.0065924,51.515474],[0.0066539,51.5154128],[0.0070332,51.5150349],[0.0071486,51.5149376],[0.0072513,51.5148559],[0.0073321,51.5147847],[0.0074796,51.5146726],[0.0076615,51.5145281],[0.0078146,51.5144059],[0.0079345,51.5142997],[0.008008,51.5142345],[0.008148,51.5141103],[0.008276,51.513992],[0.0083836,51.5138889],[0.008505181256018691,51.51376758832548]]},"properties":{"id":"940GZZLUWHM-940GZZLUCGT-Jubilee","source":"940GZZLUWHM","target":"940GZZLUCGT","sourceName":"West Ham","targetName":"Canning Town","line":"Jubilee","colour":"#A0A5A9","color":"#A0A5A9","traffic":0.3523,"off9":0.0,"off12":0.0,"off14":0.0},"id":299},{"type":"Feature","geometry":{"type":"LineString","coordinates":[[0.004191164069521686,51.528111576067445],[0.0041847,51.5283402],[0.0041774,51.5285802],[0.0041573,51.5287195],[0.0041478,51.528822],[0.0041292,51.5289156],[0.0041126,51.528988],[0.0040944,51.5290504],[0.0040515,51.5292173],[0.0040273,51.5293128],[0.0040173,51.5294128],[0.0040124,51.5295569],[0.0040062,51.5296365],[0.0040364,51.5298528],[0.0040884,51.530023],[0.00415,51.5302109],[0.0042013,51.5304213],[0.0042307,51.5306072],[0.0042388,51.5308031],[0.0042175,51.5309853],[0.004186,51.5311306],[0.0041516,51.5312289],[0.0040987,51.5313669],[0.0040288,51.5315131],[0.0039332,51.5317142],[0.0038211,51.5319226],[0.0037233,51.5321195],[0.0036239,51.5322651],[0.0034855,51.5324467],[0.0032844,51.5326895],[0.0030134,51.5330076],[0.0026599,51.5334297],[0.0025159,51.5336446],[0.0023818,51.5338801],[0.0022402,51.5341601],[0.0021184,51.5344206],[0.0018714,51.5349444],[0.0017413,51.5351733],[0.0016099,51.5353892],[0.0012608,51.5358011],[0.000753,51.5365727],[0.0006811,51.5366638],[0.0005178,51.5368569],[0.0003898,51.5369928],[0.0002146,51.5371715],[4.71e-05,51.537325],[-0.0001219,51.5374712],[-0.0002674,51.5375972],[-0.0003972,51.5376921],[-0.0005106,51.5377768],[-0.0006064,51.5378396],[-0.0007809,51.537973],[-0.0008495,51.5380252],[-0.0011579,51.5382499],[-0.0015222,51.5385889],[-0.0016586,51.5387638],[-0.0017409,51.5388773]]},"properties":{"id":"940GZZLUWHM-940GZZLUSTD-Jubilee","source":"940GZZLUWHM","target":"940GZZLUSTD","sourceName":"West Ham","targetName":"Stratford","line":"Jubilee","colour":"#A0A5A9","color":"#A0A5A9","traffic":0.1177,"off9":0.0,"off12":0.0,"off14":0.0},"id":300},{"type":"Feature","geometry":{"type":"LineString","coordinates":[[0.0049907457017004395,51.52839801474973],[0.0052798,51.5284689],[0.0060857,51.5286524],[0.0068816,51.5288337],[0.0075276,51.5289834],[0.0081821,51.5291323],[0.0088403,51.5292786],[0.0094594,51.5294209],[0.0100832,51.5295701],[0.0107534,51.5297228],[0.0112174,51.5298246],[0.011526,51.5298933],[0.0122604,51.530064],[0.0126891,51.5301603],[0.0127289,51.5301692],[0.0135783,51.5303837],[0.0139247,51.5304653],[0.0149931,51.530735],[0.0156749,51.5309028],[0.0163075,51.5310528],[0.0167393,51.5311475],[0.016962,51.5311966],[0.0171913,51.5312472],[0.01745905957686912,51.531300548341456]]},"properties":{"id":"940GZZLUWHM-940GZZLUPLW-Hammersmith & City","source":"940GZZLUWHM","target":"940GZZLUPLW","sourceName":"West Ham","targetName":"Plaistow","line":"Hammersmith & City","colour":"#F3A9BB","color":"#F3A9BB","traffic":0.0797,"off9":0.0,"off12":0.0,"off14":0.0},"id":301},{"type":"Feature","geometry":{"type":"LineString","coordinates":[[0.0049907457017004525,51.52839801474973],[0.0052798,51.5284689],[0.0060857,51.5286524],[0.0068816,51.5288337],[0.0075276,51.5289834],[0.0081821,51.5291323],[0.0088403,51.5292786],[0.0094594,51.5294209],[0.0100832,51.5295701],[0.0107534,51.5297228],[0.0112174,51.5298246],[0.011526,51.5298933],[0.0122604,51.530064],[0.0126891,51.5301603],[0.0127289,51.5301692],[0.0135783,51.5303837],[0.0139247,51.5304653],[0.0149931,51.530735],[0.0156749,51.5309028],[0.0163075,51.5310528],[0.0167393,51.5311475],[0.016962,51.5311966],[0.0171913,51.5312472],[0.017459059576869107,51.531300548341456]]},"properties":{"id":"940GZZLUWHM-940GZZLUPLW-District","source":"940GZZLUWHM","target":"940GZZLUPLW","sourceName":"West Ham","targetName":"Plaistow","line":"District","colour":"#00782A","color":"#00782A","traffic":0.0797,"off9":1.5,"off12":3.5,"off14":6.0},"id":302},{"type":"Feature","geometry":{"type":"LineString","coordinates":[[0.0049907457017004395,51.52839801474973],[0.0049128,51.5283789],[0.0040711,51.5281895],[0.0032665,51.527996],[0.0022132,51.5277345],[0.0014621,51.5275581],[0.0006728,51.5273748],[-3.28e-05,51.5272071],[-0.0005748,51.5270862],[-0.0011028,51.5269676],[-0.0017061,51.5268271],[-0.0023383,51.5266744],[-0.002897,51.5265443],[-0.0035459,51.526395],[-0.0040758,51.5262695],[-0.0046271,51.5261388],[-0.0052257,51.5260156],[-0.0058616,51.5258658],[-0.0064443,51.5257365],[-0.0080664,51.5253639],[-0.0088125,51.5251925],[-0.0094255,51.5250572],[-0.0099959,51.52496],[-0.0105776,51.5248807],[-0.0112068,51.5248001],[-0.0115211,51.5247599],[-0.011528628173620844,51.5247590178935]]},"properties":{"id":"940GZZLUWHM-940GZZLUBBB-Hammersmith & City","source":"940GZZLUWHM","target":"940GZZLUBBB","sourceName":"West Ham","targetName":"Bromley_by_Bow","line":"Hammersmith & City","colour":"#F3A9BB","color":"#F3A9BB","traffic":0.3013,"off9":0.0,"off12":0.0,"off14":0.0},"id":303},{"type":"Feature","geometry":{"type":"LineString","coordinates":[[0.0049907457017004525,51.52839801474973],[0.0049128,51.5283789],[0.0040711,51.5281895],[0.0032665,51.527996],[0.0022132,51.5277345],[0.0014621,51.5275581],[0.0006728,51.5273748],[-3.28e-05,51.5272071],[-0.0005748,51.5270862],[-0.0011028,51.5269676],[-0.0017061,51.5268271],[-0.0023383,51.5266744],[-0.002897,51.5265443],[-0.0035459,51.526395],[-0.0040758,51.5262695],[-0.0046271,51.5261388],[-0.0052257,51.5260156],[-0.0058616,51.5258658],[-0.0064443,51.5257365],[-0.0080664,51.5253639],[-0.0088125,51.5251925],[-0.0094255,51.5250572],[-0.0099959,51.52496],[-0.0105776,51.5248807],[-0.0112068,51.5248001],[-0.0115211,51.5247599],[-0.011528628173620844,51.5247590178935]]},"properties":{"id":"940GZZLUWHM-940GZZLUBBB-District","source":"940GZZLUWHM","target":"940GZZLUBBB","sourceName":"West Ham","targetName":"Bromley_by_Bow","line":"District","colour":"#00782A","color":"#00782A","traffic":0.3013,"off9":1.5,"off12":3.5,"off14":6.0},"id":304},{"type":"Feature","geometry":{"type":"LineString","coordinates":[[0.04696366992010976,51.62655873579696],[0.04701,51.6267657],[0.0473528,51.6279257],[0.0475166,51.6283929],[0.047716,51.6289072],[0.0480021,51.6296101],[0.0482974,51.6302098],[0.0485945,51.6308458],[0.0489484,51.6314432],[0.0493153,51.6320447],[0.0499379,51.6329645],[0.0508968,51.6342213],[0.0519425,51.6356273],[0.052504,51.636553],[0.0528392,51.6372309],[0.0531574,51.6378444],[0.0532292,51.6380424],[0.0533109,51.6382866],[0.0533603,51.6384525],[0.053446,51.638775],[0.0534956,51.6389558],[0.053641,51.6394171],[0.0537136,51.6396097],[0.0538414,51.6398803],[0.0539352,51.6400839],[0.0540034,51.6402085],[0.0541041,51.6403683],[0.0542094,51.64051],[0.0543272,51.6406359],[0.0545367,51.6408388],[0.0546345,51.6409169],[0.0547777,51.6410239],[0.0549768,51.6411551],[0.0552352,51.6413004],[0.0554135,51.6413934],[0.05548364266697645,51.64142708611026]]},"properties":{"id":"940GZZLUBKH-940GZZLULGN-Central","source":"940GZZLUBKH","target":"940GZZLULGN","sourceName":"Buckhurst Hill","targetName":"Loughton","line":"Central","colour":"#E32017","color":"#E32017","traffic":0.0277,"off9":0.0,"off12":0.0,"off14":0.0},"id":305},{"type":"Feature","geometry":{"type":"LineString","coordinates":[[0.046757,51.626605],[0.03397,51.606899]]},"properties":{"id":"940GZZLUBKH-940GZZLUWOF-Central","source":"940GZZLUBKH","target":"940GZZLUWOF","sourceName":"Buckhurst Hill","targetName":"Woodford","line":"Central","colour":"#E32017","color":"#E32017","traffic":0.1282,"off9":0.0,"off12":0.0,"off14":0.0},"id":306},{"type":"Feature","geometry":{"type":"LineString","coordinates":[[0.05548364266697645,51.64142708611026],[0.0554135,51.6413934],[0.0552352,51.6413004],[0.0549768,51.6411551],[0.0547777,51.6410239],[0.0546345,51.6409169],[0.0545367,51.6408388],[0.0543272,51.6406359],[0.0542094,51.64051],[0.0541041,51.6403683],[0.0540034,51.6402085],[0.0539352,51.6400839],[0.0538414,51.6398803],[0.0537136,51.6396097],[0.053641,51.6394171],[0.0534956,51.6389558],[0.053446,51.638775],[0.0533603,51.6384525],[0.0533109,51.6382866],[0.0532292,51.6380424],[0.0531574,51.6378444],[0.0528392,51.6372309],[0.052504,51.636553],[0.0519425,51.6356273],[0.0508968,51.6342213],[0.0499379,51.6329645],[0.0493153,51.6320447],[0.0489484,51.6314432],[0.0485945,51.6308458],[0.0482974,51.6302098],[0.0480021,51.6296101],[0.047716,51.6289072],[0.0475166,51.6283929],[0.0473528,51.6279257],[0.04701,51.6267657],[0.04696366992010976,51.62655873579696]]},"properties":{"id":"940GZZLULGN-940GZZLUBKH-Central","source":"940GZZLULGN","target":"940GZZLUBKH","sourceName":"Loughton","targetName":"Buckhurst Hill","line":"Central","colour":"#E32017","color":"#E32017","traffic":0.1061,"off9":0.0,"off12":0.0,"off14":0.0},"id":307},{"type":"Feature","geometry":{"type":"LineString","coordinates":[[0.05548364266697645,51.64142708611026],[0.0557477,51.6415539],[0.0559068,51.6416226],[0.05613,51.6417099],[0.0563806,51.6417896],[0.0565901,51.6418501],[0.0567678,51.6418923],[0.0570113,51.6419417],[0.0573412,51.6420006],[0.0574194,51.6420154],[0.0577272,51.6420762],[0.0578683,51.6420982],[0.0580205,51.6421194],[0.058192,51.6421394],[0.0583771,51.6421588],[0.0586023,51.6421778],[0.0587834,51.6421901],[0.0590434,51.6422023],[0.0592557,51.6422066],[0.0594984,51.642209],[0.06035,51.6421794],[0.0627458,51.6420828],[0.063895,51.6420443],[0.065176,51.6420111],[0.0663144,51.6420328],[0.0675248,51.6420689],[0.0692566,51.6421559],[0.0694967,51.6421738],[0.070794,51.6422811],[0.0726396,51.642504],[0.0741765,51.6427335],[0.0765125,51.6431716],[0.0779108,51.6434907],[0.079095,51.6437828],[0.080268,51.6441109],[0.0813931,51.6444606],[0.0822554,51.6447594],[0.0825886,51.6448886],[0.0835733,51.6452929],[0.0837814864494667,51.64538713455476]]},"properties":{"id":"940GZZLULGN-940GZZLUDBN-Central","source":"940GZZLULGN","target":"940GZZLUDBN","sourceName":"Loughton","targetName":"Debden","line":"Central","colour":"#E32017","color":"#E32017","traffic":0.0204,"off9":0.0,"off12":0.0,"off14":0.0},"id":308},{"type":"Feature","geometry":{"type":"LineString","coordinates":[[0.034032059358078105,51.606862119184086],[0.0339019,51.6066431],[0.0333703,51.6056705],[0.0332265,51.6054076],[0.0330455,51.6050772],[0.0326331,51.604333],[0.0324021,51.6039108],[0.0321479,51.603445],[0.0317873,51.6027879],[0.0317073,51.6026462],[0.0314528,51.6021608],[0.0296675,51.5990371],[0.0288049,51.5972147],[0.0285131,51.5963578],[0.0283283,51.5958325],[0.0279591,51.5946503],[0.0274406,51.5919252],[0.027431179758737954,51.59188510668123]]},"properties":{"id":"940GZZLUWOF-940GZZLUSWF-Central","source":"940GZZLUWOF","target":"940GZZLUSWF","sourceName":"Woodford","targetName":"South Woodford","line":"Central","colour":"#E32017","color":"#E32017","traffic":0.2125,"off9":0.0,"off12":0.0,"off14":0.0},"id":309},{"type":"Feature","geometry":{"type":"LineString","coordinates":[[0.03397,51.606899],[0.046757,51.626605]]},"properties":{"id":"940GZZLUWOF-940GZZLUBKH-Central","source":"940GZZLUWOF","target":"940GZZLUBKH","sourceName":"Woodford","targetName":"Buckhurst Hill","line":"Central","colour":"#E32017","color":"#E32017","traffic":0.0298,"off9":0.0,"off12":0.0,"off14":0.0},"id":310},{"type":"Feature","geometry":{"type":"LineString","coordinates":[[0.034068704507789566,51.606839588572406],[0.0344366,51.6074508],[0.0345566,51.6076409],[0.0346439,51.6077857],[0.0348646,51.6081208],[0.0350343,51.6083808],[0.0352565,51.6087124],[0.0355383,51.6090863],[0.0358449,51.6094951],[0.036889,51.6107769],[0.0397956,51.6144397],[0.040864,51.6157905]]},"properties":{"id":"940GZZLUWOF-940GZZLURVY-Central","source":"940GZZLUWOF","target":"940GZZLURVY","sourceName":"Woodford","targetName":"Roding Valley","line":"Central","colour":"#E32017","color":"#E32017","traffic":0.0051,"off9":0.0,"off12":0.0,"off14":0.0},"id":311},{"type":"Feature","geometry":{"type":"LineString","coordinates":[[-0.26405089567249146,51.602767861679006],[-0.2638674,51.6026813],[-0.2635912,51.6025593],[-0.2630739,51.6023426],[-0.2622892,51.602027],[-0.2612292,51.601588],[-0.2601886,51.6011719],[-0.2582196,51.6003778],[-0.2580047,51.6002938],[-0.2574579,51.6000726],[-0.2565473,51.5997045],[-0.2557843,51.5993896],[-0.2552809,51.5991601],[-0.2551916,51.5991114],[-0.2545892,51.598795],[-0.2541884,51.598552],[-0.2539336,51.5983945],[-0.2536343,51.5981928],[-0.2533361,51.5979791],[-0.2530814,51.5977811],[-0.2527107,51.5974819],[-0.2524874,51.5972959],[-0.2521832,51.5970387],[-0.2518923,51.596801],[-0.2514528,51.5964673],[-0.2510908,51.5961698],[-0.2505404,51.5957549],[-0.2503217,51.5956013],[-0.24996100084352815,51.59536096449861]]},"properties":{"id":"940GZZLUBTK-940GZZLUCND-Northern","source":"940GZZLUBTK","target":"940GZZLUCND","sourceName":"Burnt Oak","targetName":"Colindale","line":"Northern","colour":"#000000","color":"#000000","traffic":0.092,"off9":0.0,"off12":0.0,"off14":0.0},"id":312},{"type":"Feature","geometry":{"type":"LineString","coordinates":[[-0.264003799202894,51.60286892628433],[-0.2641908,51.602956],[-0.2646699,51.603183],[-0.2651832,51.6034321],[-0.2657202,51.6037262],[-0.266091,51.603954],[-0.2665408,51.6042595],[-0.2669203,51.6045418],[-0.2673477,51.6048873],[-0.2679151,51.6053875],[-0.2688048,51.606318],[-0.2691924,51.6068017],[-0.2695605,51.6073069],[-0.2698853,51.6077635],[-0.2704018,51.6085065],[-0.2706217,51.6088566],[-0.2708483,51.6092465],[-0.2709935,51.6095651],[-0.2711254,51.6098995],[-0.2712902,51.6105379],[-0.2714031,51.6108797],[-0.2714938,51.611116],[-0.2715428,51.6112283],[-0.2716361,51.611405],[-0.271777,51.6116241],[-0.2719591,51.6118658],[-0.2720763,51.6119972],[-0.2722581,51.6121762],[-0.2724831,51.6123727],[-0.272746,51.6125786],[-0.2731107,51.6128277],[-0.2733298,51.612963],[-0.2735586,51.6130976],[-0.2737375,51.6131945],[-0.274049,51.6133435],[-0.2742546,51.6134349],[-0.27489713438540536,51.61372206266436]]},"properties":{"id":"940GZZLUBTK-940GZZLUEGW-Northern","source":"940GZZLUBTK","target":"940GZZLUEGW","sourceName":"Burnt Oak","targetName":"Edgware","line":"Northern","colour":"#000000","color":"#000000","traffic":0.0125,"off9":0.0,"off12":0.0,"off14":0.0},"id":313},{"type":"Feature","geometry":{"type":"LineString","coordinates":[[-0.24996100084352815,51.59536096449861],[-0.2498614,51.5952946],[-0.249555,51.5950966],[-0.2491665,51.5948459],[-0.2489353,51.5946993],[-0.2482042,51.5942002],[-0.2475801,51.593802],[-0.2469837,51.5934135],[-0.2463801,51.5930303],[-0.2458043,51.592656],[-0.2450763,51.5922098],[-0.2444727,51.5919001],[-0.2438752,51.5916278],[-0.2432583,51.5913691],[-0.2426366,51.5911583],[-0.2421476,51.5909948],[-0.2416273,51.5908313],[-0.2411082,51.5906678],[-0.2404877,51.5904713],[-0.2398056,51.5902478],[-0.239359,51.5900925],[-0.2388652,51.589899],[-0.2386376,51.5898032],[-0.2347708,51.5882124],[-0.232548,51.5872001],[-0.2298957,51.5857405],[-0.2281603,51.5845568],[-0.2275057,51.5841126],[-0.2270022,51.583686],[-0.2269068,51.583607],[-0.2267886,51.5835092],[-0.22646207985045197,51.58325255279922]]},"properties":{"id":"940GZZLUCND-940GZZLUHCL-Northern","source":"940GZZLUCND","target":"940GZZLUHCL","sourceName":"Colindale","targetName":"Hendon Central","line":"Northern","colour":"#000000","color":"#000000","traffic":0.1653,"off9":0.0,"off12":0.0,"off14":0.0},"id":314},{"type":"Feature","geometry":{"type":"LineString","coordinates":[[-0.24996100084352815,51.59536096449861],[-0.2503217,51.5956013],[-0.2505404,51.5957549],[-0.2510908,51.5961698],[-0.2514528,51.5964673],[-0.2518923,51.596801],[-0.2521832,51.5970387],[-0.2524874,51.5972959],[-0.2527107,51.5974819],[-0.2530814,51.5977811],[-0.2533361,51.5979791],[-0.2536343,51.5981928],[-0.2539336,51.5983945],[-0.2541884,51.598552],[-0.2545892,51.598795],[-0.2551916,51.5991114],[-0.2552809,51.5991601],[-0.2557843,51.5993896],[-0.2565473,51.5997045],[-0.2574579,51.6000726],[-0.2580047,51.6002938],[-0.2582196,51.6003778],[-0.2601886,51.6011719],[-0.2612292,51.601588],[-0.2622892,51.602027],[-0.2630739,51.6023426],[-0.2635912,51.6025593],[-0.2638674,51.6026813],[-0.26405089567249146,51.602767861679006]]},"properties":{"id":"940GZZLUCND-940GZZLUBTK-Northern","source":"940GZZLUCND","target":"940GZZLUBTK","sourceName":"Colindale","targetName":"Burnt Oak","line":"Northern","colour":"#000000","color":"#000000","traffic":0.0221,"off9":0.0,"off12":0.0,"off14":0.0},"id":315},{"type":"Feature","geometry":{"type":"LineString","coordinates":[[-0.27489713438540536,51.61372206266436],[-0.2742546,51.6134349],[-0.274049,51.6133435],[-0.2737375,51.6131945],[-0.2735586,51.6130976],[-0.2733298,51.612963],[-0.2731107,51.6128277],[-0.272746,51.6125786],[-0.2724831,51.6123727],[-0.2722581,51.6121762],[-0.2720763,51.6119972],[-0.2719591,51.6118658],[-0.271777,51.6116241],[-0.2716361,51.611405],[-0.2715428,51.6112283],[-0.2714938,51.611116],[-0.2714031,51.6108797],[-0.2712902,51.6105379],[-0.2711254,51.6098995],[-0.2709935,51.6095651],[-0.2708483,51.6092465],[-0.2706217,51.6088566],[-0.2704018,51.6085065],[-0.2698853,51.6077635],[-0.2695605,51.6073069],[-0.2691924,51.6068017],[-0.2688048,51.606318],[-0.2679151,51.6053875],[-0.2673477,51.6048873],[-0.2669203,51.6045418],[-0.2665408,51.6042595],[-0.266091,51.603954],[-0.2657202,51.6037262],[-0.2651832,51.6034321],[-0.2646699,51.603183],[-0.2641908,51.602956],[-0.264003799202894,51.60286892628433]]},"properties":{"id":"940GZZLUEGW-940GZZLUBTK-Northern","source":"940GZZLUEGW","target":"940GZZLUBTK","sourceName":"Edgware","targetName":"Burnt Oak","line":"Northern","colour":"#000000","color":"#000000","traffic":0.0479,"off9":0.0,"off12":0.0,"off14":0.0},"id":316},{"type":"Feature","geometry":{"type":"LineString","coordinates":[[-0.1183536,51.5484214],[-0.118305,51.5484586],[-0.1177561,51.54921],[-0.1165068,51.5503655],[-0.1163567,51.5504906],[-0.1161695,51.5506324],[-0.1142934,51.5519356],[-0.114107,51.5520799],[-0.11329139102988725,51.552754312886314]]},"properties":{"id":"940GZZLUCAR-940GZZLUHWY-Piccadilly","source":"940GZZLUCAR","target":"940GZZLUHWY","sourceName":"Caledonian Road","targetName":"Holloway Road","line":"Piccadilly","colour":"#003688","color":"#003688","traffic":0.07,"off9":-1.5,"off12":-3.5,"off14":-6.0},"id":317},{"type":"Feature","geometry":{"type":"LineString","coordinates":[[-0.11831999689159266,51.548398340722976],[-0.1200623,51.5459002],[-0.1209972,51.5440961],[-0.1217531,51.5425365],[-0.1220567,51.5415923],[-0.1223057,51.5405761],[-0.1224048,51.5389378],[-0.1223707,51.5386182],[-0.122394,51.5382853],[-0.1224761,51.5379094],[-0.1224897,51.5375935],[-0.1225324,51.5368233],[-0.1227858,51.5343279],[-0.1228131,51.5336699],[-0.1228302,51.5331943],[-0.1228517,51.5328837],[-0.122809,51.5324947],[-0.1227692,51.5322036],[-0.1227776,51.5318561],[-0.1227922,51.5317268],[-0.122839,51.5315106],[-0.1229228,51.5310661],[-0.1230218,51.5307859],[-0.1230569,51.5306839],[-0.12307486458939945,51.530626021936214]]},"properties":{"id":"940GZZLUCAR-940GZZLUKSX-Piccadilly","source":"940GZZLUCAR","target":"940GZZLUKSX","sourceName":"Caledonian Road","targetName":"Kings Cross St Pancras","line":"Piccadilly","colour":"#003688","color":"#003688","traffic":0.4661,"off9":-1.5,"off12":-3.5,"off14":-6.0},"id":318},{"type":"Feature","geometry":{"type":"LineString","coordinates":[[-0.14279228497364044,51.539244137999084],[-0.1428166,51.5392707],[-0.1430587,51.5395587],[-0.1434296,51.5399969],[-0.143902,51.5405323],[-0.1441691,51.5407419],[-0.1443695,51.5408826],[-0.1451749,51.5414126],[-0.1458561,51.541852],[-0.1463418,51.5421414],[-0.1466279,51.5422925],[-0.1470595,51.5424816],[-0.1473351,51.542588],[-0.1478435,51.5427389],[-0.1490107,51.5429687],[-0.1508476,51.5433562],[-0.1515178,51.5435438],[-0.1521388,51.5437565],[-0.1531084,51.5441388],[-0.15334322389206495,51.54423146628904]]},"properties":{"id":"940GZZLUCTN-940GZZLUCFM-Northern","source":"940GZZLUCTN","target":"940GZZLUCFM","sourceName":"Camden Town","targetName":"Chalk Farm","line":"Northern","colour":"#000000","color":"#000000","traffic":0.1368,"off9":0.0,"off12":0.0,"off14":0.0},"id":319},{"type":"Feature","geometry":{"type":"LineString","coordinates":[[-0.142399,51.5385961],[-0.1423646,51.5384904],[-0.14232,51.538403],[-0.1421479,51.5382082],[-0.1419358,51.5379449],[-0.1394743,51.5356524],[-0.1392015,51.5353732]]},"properties":{"id":"940GZZLUCTN-940GZZLUMTC-Northern","source":"940GZZLUCTN","target":"940GZZLUMTC","sourceName":"Camden Town","targetName":"Mornington Crescent","line":"Northern","colour":"#000000","color":"#000000","traffic":0.3889,"off9":0.0,"off12":0.0,"off14":0.0},"id":320},{"type":"Feature","geometry":{"type":"LineString","coordinates":[[-0.14251538690110743,51.53924600138933],[-0.1425014,51.5393143],[-0.1424036,51.5396902],[-0.1423407,51.5399763],[-0.1422254,51.5406844],[-0.1421324,51.5412732],[-0.1419658,51.5423176],[-0.1418092,51.5428567],[-0.141646,51.5436016],[-0.141491,51.5441371],[-0.1414719,51.5443796],[-0.1414799,51.5444525],[-0.1414942,51.5447498],[-0.1415118,51.5448371],[-0.1415775,51.5450107],[-0.1416531,51.5452497],[-0.1417204,51.5454148],[-0.1418264,51.5456071],[-0.1418947,51.5459281],[-0.1419357,51.5464381],[-0.1418935,51.5466712],[-0.1415678,51.5477671],[-0.1413721,51.5483795],[-0.1410783,51.5494436],[-0.1408672,51.5499024],[-0.1406872,51.5501013],[-0.14062347757754165,51.550270834020026]]},"properties":{"id":"940GZZLUCTN-940GZZLUKSH-Northern","source":"940GZZLUCTN","target":"940GZZLUKSH","sourceName":"Camden Town","targetName":"Kentish Town","line":"Northern","colour":"#000000","color":"#000000","traffic":0.1151,"off9":0.0,"off12":0.0,"off14":0.0},"id":321},{"type":"Feature","geometry":{"type":"LineString","coordinates":[[-0.1393228,51.5353893],[-0.139159,51.5351738],[-0.1390988,51.5350354],[-0.1390678,51.5349254],[-0.1390546,51.5347814],[-0.1390584,51.534611],[-0.13909,51.5343298],[-0.1392449,51.5327455],[-0.1392374,51.5324916],[-0.1392046,51.5322676],[-0.1390271,51.5316064],[-0.1389544,51.5313234],[-0.138699,51.5306469],[-0.1378185,51.5290716],[-0.1375885,51.5287846],[-0.1373447,51.528541],[-0.1370464,51.528334],[-0.1369346,51.5282663],[-0.1365457,51.5281018],[-0.1360561,51.5279016],[-0.1357257,51.5277962],[-0.1353852,51.5277398],[-0.1350359,51.5277197],[-0.1346789,51.5277248],[-0.1343707,51.5277564],[-0.1339631,51.5278236],[-0.1336718,51.5278852],[-0.1334074,51.5279493],[-0.1331245,51.5280303],[-0.1326952,51.5281779],[-0.13214285258023964,51.528344222690116]]},"properties":{"id":"940GZZLUCTN-940GZZLUEUS-Northern","source":"940GZZLUCTN","target":"940GZZLUEUS","sourceName":"Camden Town","targetName":"Euston","line":"Northern","colour":"#000000","color":"#000000","traffic":0.4245,"off9":0.0,"off12":0.0,"off14":0.0},"id":322},{"type":"Feature","geometry":{"type":"LineString","coordinates":[[-0.1392015,51.5353732],[-0.1394743,51.5356524],[-0.1419358,51.5379449],[-0.1421479,51.5382082],[-0.14232,51.538403],[-0.1423646,51.5384904],[-0.142399,51.5385961]]},"properties":{"id":"940GZZLUMTC-940GZZLUCTN-Northern","source":"940GZZLUMTC","target":"940GZZLUCTN","sourceName":"Mornington Crescent","targetName":"Camden Town","line":"Northern","colour":"#000000","color":"#000000","traffic":0.1074,"off9":0.0,"off12":0.0,"off14":0.0},"id":323},{"type":"Feature","geometry":{"type":"LineString","coordinates":[[-0.13905675041286586,51.53468497095991],[-0.1390584,51.534611],[-0.13909,51.5343298],[-0.1392449,51.5327455],[-0.1392374,51.5324916],[-0.1392046,51.5322676],[-0.1390271,51.5316064],[-0.1389544,51.5313234],[-0.138699,51.5306469],[-0.1378185,51.5290716],[-0.1375885,51.5287846],[-0.1373447,51.528541],[-0.1370464,51.528334],[-0.1369346,51.5282663],[-0.1365457,51.5281018],[-0.1360561,51.5279016],[-0.1357257,51.5277962],[-0.1353852,51.5277398],[-0.1350359,51.5277197],[-0.1346789,51.5277248],[-0.1343707,51.5277564],[-0.1339631,51.5278236],[-0.1336718,51.5278852],[-0.1334074,51.5279493],[-0.1331245,51.5280303],[-0.1326952,51.5281779],[-0.13214285258023964,51.528344222690116]]},"properties":{"id":"940GZZLUMTC-940GZZLUEUS-Northern","source":"940GZZLUMTC","target":"940GZZLUEUS","sourceName":"Mornington Crescent","targetName":"Euston","line":"Northern","colour":"#000000","color":"#000000","traffic":0.3857,"off9":0.0,"off12":0.0,"off14":0.0},"id":324},{"type":"Feature","geometry":{"type":"LineString","coordinates":[[-0.14062347757754165,51.550270834020026],[-0.1406872,51.5501013],[-0.1408672,51.5499024],[-0.1410783,51.5494436],[-0.1413721,51.5483795],[-0.1415678,51.5477671],[-0.1418935,51.5466712],[-0.1419357,51.5464381],[-0.1418947,51.5459281],[-0.1418264,51.5456071],[-0.1417204,51.5454148],[-0.1416531,51.5452497],[-0.1415775,51.5450107],[-0.1415118,51.5448371],[-0.1414942,51.5447498],[-0.1414799,51.5444525],[-0.1414719,51.5443796],[-0.141491,51.5441371],[-0.141646,51.5436016],[-0.1418092,51.5428567],[-0.1419658,51.5423176],[-0.1421324,51.5412732],[-0.1422254,51.5406844],[-0.1423407,51.5399763],[-0.1424036,51.5396902],[-0.1425014,51.5393143],[-0.14251538690110743,51.53924600138933]]},"properties":{"id":"940GZZLUKSH-940GZZLUCTN-Northern","source":"940GZZLUKSH","target":"940GZZLUCTN","sourceName":"Kentish Town","targetName":"Camden Town","line":"Northern","colour":"#000000","color":"#000000","traffic":0.465,"off9":0.0,"off12":0.0,"off14":0.0},"id":325},{"type":"Feature","geometry":{"type":"LineString","coordinates":[[-0.14074455847541828,51.55031253880699],[-0.1407436,51.5503331],[-0.1407567,51.5506794],[-0.1408173,51.550944],[-0.1410275,51.5514729],[-0.1410706,51.5517077],[-0.1410941,51.5520954],[-0.1409725,51.5527687],[-0.1408473,51.5531753],[-0.1406528,51.5535761],[-0.1405168,51.5538237],[-0.1400013,51.5545186],[-0.1395186,51.5552335],[-0.1387568,51.5562795],[-0.13842420724863877,51.556816554734965]]},"properties":{"id":"940GZZLUKSH-940GZZLUTFP-Northern","source":"940GZZLUKSH","target":"940GZZLUTFP","sourceName":"Kentish Town","targetName":"Tufnell Park","line":"Northern","colour":"#000000","color":"#000000","traffic":0.0926,"off9":0.0,"off12":0.0,"off14":0.0},"id":326},{"type":"Feature","geometry":{"type":"LineString","coordinates":[[-0.13220479369508756,51.52854887229762],[-0.1322216,51.5285438],[-0.1328103,51.5283627],[-0.1332093,51.5282074],[-0.1336345,51.5280167],[-0.1339879,51.5278552],[-0.1343977,51.527635],[-0.134407,51.52763],[-0.1353419,51.5271367],[-0.1355746,51.5270204],[-0.1357967,51.5268952],[-0.1363962,51.5265421],[-0.1368105,51.5262123],[-0.1372745,51.5258577],[-0.13830850375293516,51.524936966443526]]},"properties":{"id":"940GZZLUEUS-940GZZLUWRR-Victoria","source":"940GZZLUEUS","target":"940GZZLUWRR","sourceName":"Euston","targetName":"Warren Street","line":"Victoria","colour":"#0098D4","color":"#0098D4","traffic":0.3954,"off9":0.0,"off12":0.0,"off14":0.0},"id":327},{"type":"Feature","geometry":{"type":"LineString","coordinates":[[-0.1337292,51.528765],[-0.1338263,51.5285354],[-0.1340079,51.5282784],[-0.134245,51.5281005],[-0.1346552,51.5278761],[-0.1351946,51.5276434],[-0.1374375,51.526765],[-0.1377977,51.5266263],[-0.1379517,51.526561],[-0.1380724,51.526495],[-0.1382252,51.5263727],[-0.1383218,51.5262354],[-0.1383644,51.5260668],[-0.1383486,51.5258664],[-0.1382985,51.5256805],[-0.1380075758164275,51.52511115310906]]},"properties":{"id":"940GZZLUEUS-940GZZLUWRR-Northern","source":"940GZZLUEUS","target":"940GZZLUWRR","sourceName":"Euston","targetName":"Warren Street","line":"Northern","colour":"#000000","color":"#000000","traffic":0.3954,"off9":0.0,"off12":0.0,"off14":0.0},"id":328},{"type":"Feature","geometry":{"type":"LineString","coordinates":[[-0.13220479369508756,51.52854887229762],[-0.131492,51.528764],[-0.1309935,51.5289223],[-0.1304706,51.5290805],[-0.1299311,51.5292382],[-0.1291599,51.5294367],[-0.12842,51.5296029],[-0.127719,51.5297392],[-0.1268072,51.5298876],[-0.1255839,51.5300589],[-0.1245337,51.5302433],[-0.1237215,51.530405],[-0.1231644802340672,51.53054806793834]]},"properties":{"id":"940GZZLUEUS-940GZZLUKSX-Victoria","source":"940GZZLUEUS","target":"940GZZLUKSX","sourceName":"Euston","targetName":"Kings Cross St Pancras","line":"Victoria","colour":"#0098D4","color":"#0098D4","traffic":0.4305,"off9":0.0,"off12":0.0,"off14":0.0},"id":329},{"type":"Feature","geometry":{"type":"LineString","coordinates":[[-0.13214285258023964,51.528344222690116],[-0.131945,51.5284038],[-0.1313367,51.52859],[-0.1308044,51.5288225],[-0.1302629,51.5291323],[-0.1295623,51.5295944],[-0.1291232,51.5298841],[-0.1287323,51.5300697],[-0.1284111,51.53021],[-0.1280654,51.5303008],[-0.1275682,51.5303768],[-0.1271316,51.5304161],[-0.1261939,51.530485],[-0.1250912,51.5305182],[-0.1243368,51.5305509],[-0.1239327,51.5305679],[-0.1234513,51.5305833],[-0.123189149777372,51.5306053585538]]},"properties":{"id":"940GZZLUEUS-940GZZLUKSX-Northern","source":"940GZZLUEUS","target":"940GZZLUKSX","sourceName":"Euston","targetName":"Kings Cross St Pancras","line":"Northern","colour":"#000000","color":"#000000","traffic":0.4305,"off9":0.0,"off12":0.0,"off14":0.0},"id":330},{"type":"Feature","geometry":{"type":"LineString","coordinates":[[-0.13214285258023964,51.528344222690116],[-0.1326952,51.5281779],[-0.1331245,51.5280303],[-0.1334074,51.5279493],[-0.1336718,51.5278852],[-0.1339631,51.5278236],[-0.1343707,51.5277564],[-0.1346789,51.5277248],[-0.1350359,51.5277197],[-0.1353852,51.5277398],[-0.1357257,51.5277962],[-0.1360561,51.5279016],[-0.1365457,51.5281018],[-0.1369346,51.5282663],[-0.1370464,51.528334],[-0.1373447,51.528541],[-0.1375885,51.5287846],[-0.1378185,51.5290716],[-0.138699,51.5306469],[-0.1389544,51.5313234],[-0.1390271,51.5316064],[-0.1392046,51.5322676],[-0.1392374,51.5324916],[-0.1392449,51.5327455],[-0.13909,51.5343298],[-0.1390584,51.534611],[-0.13905675041286586,51.53468497095991]]},"properties":{"id":"940GZZLUEUS-940GZZLUMTC-Northern","source":"940GZZLUEUS","target":"940GZZLUMTC","sourceName":"Euston","targetName":"Mornington Crescent","line":"Northern","colour":"#000000","color":"#000000","traffic":0.1322,"off9":0.0,"off12":0.0,"off14":0.0},"id":331},{"type":"Feature","geometry":{"type":"LineString","coordinates":[[-0.13214285258023964,51.528344222690116],[-0.1326952,51.5281779],[-0.1331245,51.5280303],[-0.1334074,51.5279493],[-0.1336718,51.5278852],[-0.1339631,51.5278236],[-0.1343707,51.5277564],[-0.1346789,51.5277248],[-0.1350359,51.5277197],[-0.1353852,51.5277398],[-0.1357257,51.5277962],[-0.1360561,51.5279016],[-0.1365457,51.5281018],[-0.1369346,51.5282663],[-0.1370464,51.528334],[-0.1373447,51.528541],[-0.1375885,51.5287846],[-0.1378185,51.5290716],[-0.138699,51.5306469],[-0.1389544,51.5313234],[-0.1390271,51.5316064],[-0.1392046,51.5322676],[-0.1392374,51.5324916],[-0.1392449,51.5327455],[-0.13909,51.5343298],[-0.1390584,51.534611],[-0.1390546,51.5347814],[-0.1390678,51.5349254],[-0.1390988,51.5350354],[-0.139159,51.5351738],[-0.1393228,51.5353893]]},"properties":{"id":"940GZZLUEUS-940GZZLUCTN-Northern","source":"940GZZLUEUS","target":"940GZZLUCTN","sourceName":"Euston","targetName":"Camden Town","line":"Northern","colour":"#000000","color":"#000000","traffic":0.1742,"off9":0.0,"off12":0.0,"off14":0.0},"id":332},{"type":"Feature","geometry":{"type":"LineString","coordinates":[[-0.01823702237477908,51.50356439438621],[-0.0184447,51.5035888],[-0.0197267,51.5036994],[-0.0204207,51.5037876],[-0.0245288,51.5043659],[-0.0254422,51.5044397],[-0.0266094,51.5044692],[-0.0274397,51.5043912],[-0.0283053,51.5042251],[-0.0290588,51.5040438],[-0.029775,51.5037584],[-0.0304716,51.5034354],[-0.0313481,51.5029506],[-0.0321126,51.5026354],[-0.0334655,51.5021976],[-0.0349617,51.50173],[-0.0400532,51.5001858],[-0.0425655,51.4993929],[-0.0450277,51.4985808],[-0.0459938,51.4983671],[-0.0472002,51.4982061],[-0.0476371,51.4981513],[-0.0483747,51.4981122],[-0.0484821,51.4981041],[-0.049412908568597064,51.49802893152381]]},"properties":{"id":"940GZZLUCYF-940GZZLUCWR-Jubilee","source":"940GZZLUCYF","target":"940GZZLUCWR","sourceName":"Canary Wharf","targetName":"Canada Water","line":"Jubilee","colour":"#A0A5A9","color":"#A0A5A9","traffic":0.5549,"off9":0.0,"off12":0.0,"off14":0.0},"id":333},{"type":"Feature","geometry":{"type":"LineString","coordinates":[[-0.01823702237477908,51.50356439438621],[-0.0160961,51.5033128],[-0.0123346,51.5028976],[-0.0116914,51.5027971],[-0.0110959,51.502679],[-0.010595,51.502554],[-0.0102296,51.5024628],[-0.0091892,51.5021556],[-0.0078387,51.5015858],[-0.0068456,51.50106],[-0.0055636,51.5004021],[-0.004735,51.4999635],[-0.0041821,51.4996979],[-0.0035741,51.4994633],[-0.0027937,51.4992569],[-0.002099,51.4991281],[-0.001311,51.4990685],[-0.0001355,51.4991152],[0.0008838,51.4992749],[0.0014308,51.4994381],[0.0018911,51.4995789],[0.0023135,51.4997607],[0.0032911,51.5001526],[0.0039591,51.5004401],[0.004134,51.5005217],[0.004239913736738638,51.50057105175923]]},"properties":{"id":"940GZZLUCYF-940GZZLUNGW-Jubilee","source":"940GZZLUCYF","target":"940GZZLUNGW","sourceName":"Canary Wharf","targetName":"North Greenwich","line":"Jubilee","colour":"#A0A5A9","color":"#A0A5A9","traffic":0.1996,"off9":0.0,"off12":0.0,"off14":0.0},"id":334},{"type":"Feature","geometry":{"type":"LineString","coordinates":[[0.004239913736738638,51.50057105175923],[0.0045218,51.5007024],[0.0047467,51.5008073],[0.0049725,51.5009126],[0.005189,51.5010133],[0.0052601,51.5010467],[0.0053672,51.5010964],[0.0061481,51.5014798],[0.0064539,51.5016417],[0.0070515,51.5019625],[0.0074361,51.5022331],[0.0081107,51.5026858],[0.0087931,51.5031794],[0.0094941,51.5036891],[0.0101169,51.504181],[0.0108298,51.5050688],[0.0116382,51.5061156],[0.0119017,51.5066696],[0.0120182,51.5070367],[0.012082,51.5076803],[0.0120269,51.5080998],[0.0118869,51.5084436],[0.0112279,51.5095178],[0.0109477,51.5098975],[0.0104935,51.5106378],[0.0101974,51.5110965],[0.0100811,51.5112887],[0.0098994,51.5116068],[0.0097373,51.5118964],[0.0096204,51.5121213],[0.0095153,51.512328],[0.0094297,51.5124893],[0.009361,51.5125954],[0.0092604,51.5127419],[0.0091586,51.5128565],[0.009084,51.5129435],[0.0090241,51.5130068],[0.0089771,51.5130552],[0.0087849,51.5132411],[0.0084984,51.513484],[0.008350354201467848,51.51361583960165]]},"properties":{"id":"940GZZLUNGW-940GZZLUCGT-Jubilee","source":"940GZZLUNGW","target":"940GZZLUCGT","sourceName":"North Greenwich","targetName":"Canning Town","line":"Jubilee","colour":"#A0A5A9","color":"#A0A5A9","traffic":0.1695,"off9":0.0,"off12":0.0,"off14":0.0},"id":335},{"type":"Feature","geometry":{"type":"LineString","coordinates":[[0.004239913736738638,51.50057105175923],[0.004134,51.5005217],[0.0039591,51.5004401],[0.0032911,51.5001526],[0.0023135,51.4997607],[0.0018911,51.4995789],[0.0014308,51.4994381],[0.0008838,51.4992749],[-0.0001355,51.4991152],[-0.001311,51.4990685],[-0.002099,51.4991281],[-0.0027937,51.4992569],[-0.0035741,51.4994633],[-0.0041821,51.4996979],[-0.004735,51.4999635],[-0.0055636,51.5004021],[-0.0068456,51.50106],[-0.0078387,51.5015858],[-0.0091892,51.5021556],[-0.0102296,51.5024628],[-0.010595,51.502554],[-0.0110959,51.502679],[-0.0116914,51.5027971],[-0.0123346,51.5028976],[-0.0160961,51.5033128],[-0.01823702237477908,51.50356439438621]]},"properties":{"id":"940GZZLUNGW-940GZZLUCYF-Jubilee","source":"940GZZLUNGW","target":"940GZZLUCYF","sourceName":"North Greenwich","targetName":"Canary Wharf","line":"Jubilee","colour":"#A0A5A9","color":"#A0A5A9","traffic":0.5678,"off9":0.0,"off12":0.0,"off14":0.0},"id":336},{"type":"Feature","geometry":{"type":"LineString","coordinates":[[0.008350354201467848,51.51361583960165],[0.0084984,51.513484],[0.0087849,51.5132411],[0.0089771,51.5130552],[0.0090241,51.5130068],[0.009084,51.5129435],[0.0091586,51.5128565],[0.0092604,51.5127419],[0.009361,51.5125954],[0.0094297,51.5124893],[0.0095153,51.512328],[0.0096204,51.5121213],[0.0097373,51.5118964],[0.0098994,51.5116068],[0.0100811,51.5112887],[0.0101974,51.5110965],[0.0104935,51.5106378],[0.0109477,51.5098975],[0.0112279,51.5095178],[0.0118869,51.5084436],[0.0120269,51.5080998],[0.012082,51.5076803],[0.0120182,51.5070367],[0.0119017,51.5066696],[0.0116382,51.5061156],[0.0108298,51.5050688],[0.0101169,51.504181],[0.0094941,51.5036891],[0.0087931,51.5031794],[0.0081107,51.5026858],[0.0074361,51.5022331],[0.0070515,51.5019625],[0.0064539,51.5016417],[0.0061481,51.5014798],[0.0053672,51.5010964],[0.0052601,51.5010467],[0.005189,51.5010133],[0.0049725,51.5009126],[0.0047467,51.5008073],[0.0045218,51.5007024],[0.004239913736738638,51.50057105175923]]},"properties":{"id":"940GZZLUCGT-940GZZLUNGW-Jubilee","source":"940GZZLUCGT","target":"940GZZLUNGW","sourceName":"Canning Town","targetName":"North Greenwich","line":"Jubilee","colour":"#A0A5A9","color":"#A0A5A9","traffic":0.4747,"off9":0.0,"off12":0.0,"off14":0.0},"id":337},{"type":"Feature","geometry":{"type":"LineString","coordinates":[[0.008505181256018691,51.51376758832548],[0.0083836,51.5138889],[0.008276,51.513992],[0.008148,51.5141103],[0.008008,51.5142345],[0.0079345,51.5142997],[0.0078146,51.5144059],[0.0076615,51.5145281],[0.0074796,51.5146726],[0.0073321,51.5147847],[0.0072513,51.5148559],[0.0071486,51.5149376],[0.0070332,51.5150349],[0.0066539,51.5154128],[0.0065924,51.515474],[0.0063345,51.515764],[0.0060251,51.5161603],[0.0056649,51.5166471],[0.005474,51.5169008],[0.0053275,51.5171202],[0.0051831,51.5173659],[0.0050372,51.5176171],[0.0048938,51.5179184],[0.0047529,51.518191],[0.0046499,51.5184716],[0.0045241,51.518869],[0.0044175,51.5191778],[0.004333,51.519525],[0.0042948,51.5197356],[0.0042479,51.5199532],[0.0041749,51.5205594],[0.0041503,51.5208032],[0.0041124,51.5210953],[0.0040977,51.5213619],[0.0041008,51.521554],[0.0041208,51.5217682],[0.0041432,51.5219515],[0.0042868,51.5228518],[0.0044544,51.5246075],[0.0044847,51.5249748],[0.0045155,51.5254142],[0.0044894,51.5267495],[0.0044751,51.527171],[0.004469,51.5274168],[0.0044665,51.5275188],[0.0044491,51.5279403],[0.004438624998966953,51.5280939898937]]},"properties":{"id":"940GZZLUCGT-940GZZLUWHM-Jubilee","source":"940GZZLUCGT","target":"940GZZLUWHM","sourceName":"Canning Town","targetName":"West Ham","line":"Jubilee","colour":"#A0A5A9","color":"#A0A5A9","traffic":0.1313,"off9":0.0,"off12":0.0,"off14":0.0},"id":338},{"type":"Feature","geometry":{"type":"LineString","coordinates":[[-0.09043159097798645,51.511500753949754],[-0.0905594,51.5114951],[-0.0907425,51.5114973],[-0.0912101,51.5115571],[-0.0917919,51.5116546],[-0.0924475,51.5117653],[-0.0927205,51.5117971],[-0.0929587,51.5118157],[-0.0937645,51.5118779],[-0.09404171907099586,51.51192518761674]]},"properties":{"id":"940GZZLUCST-940GZZLUMSH-Circle","source":"940GZZLUCST","target":"940GZZLUMSH","sourceName":"Cannon Street","targetName":"Mansion House","line":"Circle","colour":"#FFD300","color":"#FFD300","traffic":0.4013,"off9":3.0,"off12":7.0,"off14":12.0},"id":339},{"type":"Feature","geometry":{"type":"LineString","coordinates":[[-0.09043159097798645,51.511500753949754],[-0.0905594,51.5114951],[-0.0907425,51.5114973],[-0.0912101,51.5115571],[-0.0917919,51.5116546],[-0.0924475,51.5117653],[-0.0927205,51.5117971],[-0.0929587,51.5118157],[-0.0937645,51.5118779],[-0.09404171907099586,51.51192518761674]]},"properties":{"id":"940GZZLUCST-940GZZLUMSH-District","source":"940GZZLUCST","target":"940GZZLUMSH","sourceName":"Cannon Street","targetName":"Mansion House","line":"District","colour":"#00782A","color":"#00782A","traffic":0.4013,"off9":1.5,"off12":3.5,"off14":6.0},"id":340},{"type":"Feature","geometry":{"type":"LineString","coordinates":[[-0.09043159097798645,51.511500753949754],[-0.0903017,51.5115065],[-0.0900559,51.5115035],[-0.0898603,51.5114931],[-0.0896533,51.5114809],[-0.0894065,51.511455],[-0.0891546,51.51141],[-0.0886939,51.5113274],[-0.088283,51.5112492],[-0.0874619,51.5110386],[-0.0872105,51.51099],[-0.0869456,51.5109393],[-0.0867277,51.5108999],[-0.0864901,51.5108294],[-0.0864651,51.510822],[-0.0863195,51.5107787],[-0.0862328,51.5107569],[-0.0862168,51.5107532],[-0.0861669,51.510742],[-0.0860878,51.5107262],[-0.0860248,51.5107151],[-0.08596812106732789,51.510704869415314]]},"properties":{"id":"940GZZLUCST-940GZZLUMMT-Circle","source":"940GZZLUCST","target":"940GZZLUMMT","sourceName":"Cannon Street","targetName":"Monument","line":"Circle","colour":"#FFD300","color":"#FFD300","traffic":0.2227,"off9":3.0,"off12":7.0,"off14":12.0},"id":341},{"type":"Feature","geometry":{"type":"LineString","coordinates":[[-0.09043159097798645,51.511500753949754],[-0.0903017,51.5115065],[-0.0900559,51.5115035],[-0.0898603,51.5114931],[-0.0896533,51.5114809],[-0.0894065,51.511455],[-0.0891546,51.51141],[-0.0886939,51.5113274],[-0.088283,51.5112492],[-0.0874619,51.5110386],[-0.0872105,51.51099],[-0.0869456,51.5109393],[-0.0867277,51.5108999],[-0.0864901,51.5108294],[-0.0864651,51.510822],[-0.0863195,51.5107787],[-0.0862328,51.5107569],[-0.0862168,51.5107532],[-0.0861669,51.510742],[-0.0860878,51.5107262],[-0.0860248,51.5107151],[-0.08596812106732787,51.510704869415314]]},"properties":{"id":"940GZZLUCST-940GZZLUMMT-District","source":"940GZZLUCST","target":"940GZZLUMMT","sourceName":"Cannon Street","targetName":"Monument","line":"District","colour":"#00782A","color":"#00782A","traffic":0.2227,"off9":1.5,"off12":3.5,"off14":6.0},"id":342},{"type":"Feature","geometry":{"type":"LineString","coordinates":[[-0.08596812106732789,51.510704869415314],[-0.0860248,51.5107151],[-0.0860878,51.5107262],[-0.0861669,51.510742],[-0.0862168,51.5107532],[-0.0862328,51.5107569],[-0.0863195,51.5107787],[-0.0864651,51.510822],[-0.0864901,51.5108294],[-0.0867277,51.5108999],[-0.0869456,51.5109393],[-0.0872105,51.51099],[-0.0874619,51.5110386],[-0.088283,51.5112492],[-0.0886939,51.5113274],[-0.0891546,51.51141],[-0.0894065,51.511455],[-0.0896533,51.5114809],[-0.0898603,51.5114931],[-0.0900559,51.5115035],[-0.0903017,51.5115065],[-0.09043159097798645,51.511500753949754]]},"properties":{"id":"940GZZLUMMT-940GZZLUCST-Circle","source":"940GZZLUMMT","target":"940GZZLUCST","sourceName":"Monument","targetName":"Cannon Street","line":"Circle","colour":"#FFD300","color":"#FFD300","traffic":0.3937,"off9":3.0,"off12":7.0,"off14":12.0},"id":343},{"type":"Feature","geometry":{"type":"LineString","coordinates":[[-0.08596812106732787,51.510704869415314],[-0.0860248,51.5107151],[-0.0860878,51.5107262],[-0.0861669,51.510742],[-0.0862168,51.5107532],[-0.0862328,51.5107569],[-0.0863195,51.5107787],[-0.0864651,51.510822],[-0.0864901,51.5108294],[-0.0867277,51.5108999],[-0.0869456,51.5109393],[-0.0872105,51.51099],[-0.0874619,51.5110386],[-0.088283,51.5112492],[-0.0886939,51.5113274],[-0.0891546,51.51141],[-0.0894065,51.511455],[-0.0896533,51.5114809],[-0.0898603,51.5114931],[-0.0900559,51.5115035],[-0.0903017,51.5115065],[-0.09043159097798645,51.511500753949754]]},"properties":{"id":"940GZZLUMMT-940GZZLUCST-District","source":"940GZZLUMMT","target":"940GZZLUCST","sourceName":"Monument","targetName":"Cannon Street","line":"District","colour":"#00782A","color":"#00782A","traffic":0.3937,"off9":1.5,"off12":3.5,"off14":6.0},"id":344},{"type":"Feature","geometry":{"type":"LineString","coordinates":[[-0.08596812106732789,51.510704869415314],[-0.0859489,51.5107014],[-0.0858255,51.5106848],[-0.0857716,51.510677],[-0.0856488,51.5106638],[-0.0855121,51.5106511],[-0.0854414,51.5106468],[-0.0853839,51.5106436],[-0.0853138,51.5106416],[-0.0852284,51.5106399],[-0.0851485,51.5106405],[-0.0843205,51.5106401],[-0.0840808,51.5106334],[-0.0838356,51.5106302],[-0.0836248,51.5106159],[-0.0831535,51.5105579],[-0.0826885,51.5104458],[-0.081623,51.5100502],[-0.0814761,51.5099836],[-0.0813688,51.5099327],[-0.0812428,51.509886],[-0.0810993,51.5098384],[-0.0809196,51.5097917],[-0.0807412,51.5097524],[-0.0806353,51.5097324],[-0.0805389,51.5097167],[-0.0804316,51.5096966],[-0.0803225,51.5096847],[-0.0801806,51.5096715],[-0.0796337,51.5096551],[-0.0795248,51.5096498],[-0.0791932,51.5096432],[-0.078665,51.5095869],[-0.0784592,51.5095854],[-0.0783151,51.5096142],[-0.0781999,51.5096699],[-0.077918,51.509777],[-0.0777502,51.509812],[-0.0777298,51.5098131],[-0.0766367,51.5098716],[-0.07653205129172151,51.509889513592576]]},"properties":{"id":"940GZZLUMMT-940GZZLUTWH-Circle","source":"940GZZLUMMT","target":"940GZZLUTWH","sourceName":"Monument","targetName":"Tower Hill","line":"Circle","colour":"#FFD300","color":"#FFD300","traffic":0.1763,"off9":3.0,"off12":7.0,"off14":12.0},"id":345},{"type":"Feature","geometry":{"type":"LineString","coordinates":[[-0.08596812106732787,51.510704869415314],[-0.0859489,51.5107014],[-0.0858255,51.5106848],[-0.0857716,51.510677],[-0.0856488,51.5106638],[-0.0855121,51.5106511],[-0.0854414,51.5106468],[-0.0853839,51.5106436],[-0.0853138,51.5106416],[-0.0852284,51.5106399],[-0.0851485,51.5106405],[-0.0843205,51.5106401],[-0.0840808,51.5106334],[-0.0838356,51.5106302],[-0.0836248,51.5106159],[-0.0831535,51.5105579],[-0.0826885,51.5104458],[-0.081623,51.5100502],[-0.0814761,51.5099836],[-0.0813688,51.5099327],[-0.0812428,51.509886],[-0.0810993,51.5098384],[-0.0809196,51.5097917],[-0.0807412,51.5097524],[-0.0806353,51.5097324],[-0.0805389,51.5097167],[-0.0804316,51.5096966],[-0.0803225,51.5096847],[-0.0801806,51.5096715],[-0.0796337,51.5096551],[-0.0795248,51.5096498],[-0.0791932,51.5096432],[-0.078665,51.5095869],[-0.0784592,51.5095854],[-0.0783151,51.5096142],[-0.0781999,51.5096699],[-0.077918,51.509777],[-0.0777502,51.509812],[-0.0777298,51.5098131],[-0.0766367,51.5098716],[-0.07653205129172153,51.509889513592576]]},"properties":{"id":"940GZZLUMMT-940GZZLUTWH-District","source":"940GZZLUMMT","target":"940GZZLUTWH","sourceName":"Monument","targetName":"Tower Hill","line":"District","colour":"#00782A","color":"#00782A","traffic":0.1763,"off9":1.5,"off12":3.5,"off14":6.0},"id":346},{"type":"Feature","geometry":{"type":"LineString","coordinates":[[-0.2946297490823311,51.607720915880755],[-0.2946629,51.6078262],[-0.2947712,51.6081609],[-0.2949651,51.6087238],[-0.2950848,51.6090053],[-0.2952359,51.6093311],[-0.2954041,51.6096444],[-0.2956017,51.6099704],[-0.2959836,51.6104664],[-0.2989939,51.6143483],[-0.2993135,51.6147688],[-0.2994202,51.6149306],[-0.3000852,51.6157801],[-0.3004299,51.616229],[-0.3006659,51.6165369],[-0.3012577,51.6173075],[-0.3013418,51.6174111],[-0.301612,51.6177635],[-0.3018011,51.6180395],[-0.3019316,51.6182418],[-0.3020721,51.6184437],[-0.3022204,51.6186423],[-0.3023735,51.6188395],[-0.3025452,51.6190616],[-0.3027556,51.6193349],[-0.3028881,51.6195078]]},"properties":{"id":"940GZZLUCPK-940GZZLUSTM-Jubilee","source":"940GZZLUCPK","target":"940GZZLUSTM","sourceName":"Canons Park","targetName":"Stanmore","line":"Jubilee","colour":"#A0A5A9","color":"#A0A5A9","traffic":0.0166,"off9":0.0,"off12":0.0,"off14":0.0},"id":347},{"type":"Feature","geometry":{"type":"LineString","coordinates":[[-0.2946782384577951,51.60770561191371],[-0.2946663,51.6076674],[-0.2945517,51.6073288],[-0.2944092,51.6068826],[-0.2942723,51.6064772],[-0.294006,51.6055479],[-0.2938461,51.6050626],[-0.2936812,51.6045588],[-0.2935447,51.6041186],[-0.2932553,51.603246],[-0.2931254,51.6028368],[-0.2929889,51.6024258],[-0.2927553,51.6016838],[-0.2922336,51.6001313],[-0.2919761,51.5993764],[-0.2916567,51.5984148],[-0.2915566,51.5981798],[-0.291448,51.5979334],[-0.2913278,51.5977152],[-0.2912054,51.5975108],[-0.2909607,51.5971618],[-0.2908302,51.5969746],[-0.2905102,51.5966347],[-0.2903104,51.5964251],[-0.2901075,51.5962436],[-0.2898944,51.5960724],[-0.2896694,51.5959001],[-0.2892698,51.5956281],[-0.2888492,51.5953722],[-0.2885524,51.5952096],[-0.2881331,51.5950115],[-0.2873657,51.5946759],[-0.28621936679184273,51.594187139730266]]},"properties":{"id":"940GZZLUCPK-940GZZLUQBY-Jubilee","source":"940GZZLUCPK","target":"940GZZLUQBY","sourceName":"Canons Park","targetName":"Queensbury","line":"Jubilee","colour":"#A0A5A9","color":"#A0A5A9","traffic":0.0689,"off9":0.0,"off12":0.0,"off14":0.0},"id":348},{"type":"Feature","geometry":{"type":"LineString","coordinates":[[-0.3028881,51.6195078],[-0.3027556,51.6193349],[-0.3025452,51.6190616],[-0.3023735,51.6188395],[-0.3022204,51.6186423],[-0.3020721,51.6184437],[-0.3019316,51.6182418],[-0.3018011,51.6180395],[-0.301612,51.6177635],[-0.3013418,51.6174111],[-0.3012577,51.6173075],[-0.3006659,51.6165369],[-0.3004299,51.616229],[-0.3000852,51.6157801],[-0.2994202,51.6149306],[-0.2993135,51.6147688],[-0.2989939,51.6143483],[-0.2959836,51.6104664],[-0.2956017,51.6099704],[-0.2954041,51.6096444],[-0.2952359,51.6093311],[-0.2950848,51.6090053],[-0.2949651,51.6087238],[-0.2947712,51.6081609],[-0.2946629,51.6078262],[-0.2946297490823311,51.607720915880755]]},"properties":{"id":"940GZZLUSTM-940GZZLUCPK-Jubilee","source":"940GZZLUSTM","target":"940GZZLUCPK","sourceName":"Stanmore","targetName":"Canons Park","line":"Jubilee","colour":"#A0A5A9","color":"#A0A5A9","traffic":0.0372,"off9":0.0,"off12":0.0,"off14":0.0},"id":349},{"type":"Feature","geometry":{"type":"LineString","coordinates":[[-0.28621936679184273,51.594187139730266],[-0.2873657,51.5946759],[-0.2881331,51.5950115],[-0.2885524,51.5952096],[-0.2888492,51.5953722],[-0.2892698,51.5956281],[-0.2896694,51.5959001],[-0.2898944,51.5960724],[-0.2901075,51.5962436],[-0.2903104,51.5964251],[-0.2905102,51.5966347],[-0.2908302,51.5969746],[-0.2909607,51.5971618],[-0.2912054,51.5975108],[-0.2913278,51.5977152],[-0.291448,51.5979334],[-0.2915566,51.5981798],[-0.2916567,51.5984148],[-0.2919761,51.5993764],[-0.2922336,51.6001313],[-0.2927553,51.6016838],[-0.2929889,51.6024258],[-0.2931254,51.6028368],[-0.2932553,51.603246],[-0.2935447,51.6041186],[-0.2936812,51.6045588],[-0.2938461,51.6050626],[-0.294006,51.6055479],[-0.2942723,51.6064772],[-0.2944092,51.6068826],[-0.2945517,51.6073288],[-0.2946663,51.6076674],[-0.2946782384577951,51.60770561191371]]},"properties":{"id":"940GZZLUQBY-940GZZLUCPK-Jubilee","source":"940GZZLUQBY","target":"940GZZLUCPK","sourceName":"Queensbury","targetName":"Canons Park","line":"Jubilee","colour":"#A0A5A9","color":"#A0A5A9","traffic":0.0255,"off9":0.0,"off12":0.0,"off14":0.0},"id":350},{"type":"Feature","geometry":{"type":"LineString","coordinates":[[-0.28621936679184273,51.594187139730266],[-0.2861855,51.5941727],[-0.2857306,51.5939778],[-0.2854947,51.5938767],[-0.2847742,51.593568],[-0.2844005,51.593401],[-0.2836499,51.5930266],[-0.2833875,51.5928774],[-0.2831364,51.5927201],[-0.2828516,51.5925326],[-0.2825908,51.592341],[-0.2821344,51.5919566],[-0.2819014,51.5917376],[-0.2815333,51.591354],[-0.28122,51.59102],[-0.2805313,51.590282],[-0.2801641,51.5898908],[-0.2798096,51.5895246],[-0.279572,51.5892602],[-0.2794441,51.5890968],[-0.2792322,51.5888267],[-0.2790531,51.5885697],[-0.2788362,51.5881597],[-0.278678,51.5877391],[-0.2785595,51.5873792],[-0.278445,51.5869938],[-0.2783323,51.5862341],[-0.2783548,51.5857045],[-0.2783952,51.5854323],[-0.2786007758381376,51.58478491247277]]},"properties":{"id":"940GZZLUQBY-940GZZLUKBY-Jubilee","source":"940GZZLUQBY","target":"940GZZLUKBY","sourceName":"Queensbury","targetName":"Kingsbury","line":"Jubilee","colour":"#A0A5A9","color":"#A0A5A9","traffic":0.1106,"off9":0.0,"off12":0.0,"off14":0.0},"id":351},{"type":"Feature","geometry":{"type":"LineString","coordinates":[[-0.6110163451644659,51.705120563780625],[-0.6110564,51.7050149],[-0.6111364,51.7048012],[-0.6111771,51.7046746],[-0.6111993,51.7045516],[-0.6112113,51.7044163],[-0.6112195,51.7043123],[-0.6112178,51.7042079],[-0.6112157,51.7040805],[-0.6112136,51.703953],[-0.6111678,51.7037288],[-0.6111328,51.7035946],[-0.6110709,51.7034206],[-0.6110176,51.7032904],[-0.6109602,51.7031794],[-0.6108734,51.703043],[-0.6107636,51.7029014],[-0.6105774,51.7026876],[-0.6104138,51.7025448],[-0.6102519,51.7024198],[-0.6097689,51.7020755],[-0.6093889,51.7017941],[-0.6091515,51.7015902],[-0.6089569,51.7013624],[-0.6088439,51.7011332],[-0.6087757,51.7008997],[-0.6087412,51.7006395],[-0.6087391,51.700525],[-0.6088135,51.6998881],[-0.6088658,51.6993486],[-0.6088927,51.6991579],[-0.6089347,51.698682],[-0.608967,51.6982607],[-0.6090175,51.6975171],[-0.6090205,51.6972099],[-0.6090173,51.6970574],[-0.6090028,51.6968928],[-0.608974,51.6967408],[-0.608922,51.6965603],[-0.6088528,51.6964042],[-0.6087397,51.6962086],[-0.6085496,51.6959605],[-0.6084049,51.6958026],[-0.6082359,51.6956389],[-0.6080533,51.6954741],[-0.6079999,51.6954259],[-0.6078954,51.6953494],[-0.6076014,51.6951416],[-0.6073587,51.6949763],[-0.6065085,51.6944245],[-0.6044101,51.6930175],[-0.6033874,51.6923397],[-0.6030317,51.6921077],[-0.6027777,51.6919589],[-0.6025339,51.6918382],[-0.6022544,51.6917234],[-0.6020193,51.6916356],[-0.601903,51.691598],[-0.6011381,51.6913877],[-0.6007557,51.6913083],[-0.6004248,51.6912501],[-0.5999352,51.6911666],[-0.59887,51.6909787],[-0.5983343,51.6908874],[-0.5978512,51.6908046],[-0.5974249,51.6907312],[-0.5969504,51.6906508],[-0.5966536,51.6905939],[-0.5965106,51.6905623],[-0.596377,51.6905336],[-0.5962423,51.6905006],[-0.5961159,51.690466],[-0.595981,51.690426],[-0.5958369,51.6903809],[-0.5957037,51.6903401],[-0.595549,51.690286],[-0.595327,51.6901926],[-0.5951159,51.6900863],[-0.594981,51.690018],[-0.5948296,51.6899354],[-0.594627,51.6898064],[-0.5943534,51.6896202],[-0.5940012,51.6893422],[-0.5935436,51.6889948],[-0.5931422,51.688687],[-0.5929097,51.6885057],[-0.5925368,51.6882144],[-0.5918967,51.6877005],[-0.5916095,51.6874514],[-0.5913223,51.6871698],[-0.5911463,51.6869661],[-0.5909734,51.68673],[-0.5908869,51.6865665],[-0.5907561,51.6862584],[-0.5906355,51.6858938],[-0.5905647,51.6856651],[-0.5904495,51.685399],[-0.5903476,51.6852201],[-0.5902796,51.6851219],[-0.5901402,51.684951],[-0.5899377,51.6847237],[-0.5896926,51.6845022],[-0.5893893,51.6842875],[-0.5891447,51.68413],[-0.5888167,51.6839496],[-0.5885251,51.6838191],[-0.5882343,51.6837045],[-0.5879689,51.6836132],[-0.5877679,51.6835571],[-0.5874078,51.68347],[-0.5869054,51.6833755],[-0.5861102,51.6832319],[-0.5857883,51.6831643],[-0.5855981,51.683118],[-0.5854136,51.683065],[-0.5851578,51.6829909],[-0.5848114,51.6828588],[-0.5844109,51.682693],[-0.5841421,51.6825586],[-0.5838778,51.6824131],[-0.5835875,51.6822219],[-0.5833658,51.6820267],[-0.5831002,51.6817882],[-0.5828682,51.6815073],[-0.582704,51.6812219],[-0.5825704,51.6809553],[-0.5824949,51.6807471],[-0.5824552,51.6805539],[-0.5824174,51.6803665],[-0.5823975,51.6801569],[-0.5824121,51.679964],[-0.5824537,51.6797823],[-0.5825275,51.6795673],[-0.5826185,51.6793218],[-0.5829246,51.6788371],[-0.5831657,51.6785388],[-0.5834944,51.6782285],[-0.5844625,51.6773612],[-0.5847247,51.677093],[-0.5849383,51.6768112],[-0.585065,51.6765636],[-0.5851644,51.6762975],[-0.5852319,51.6760683],[-0.5852463,51.6759355],[-0.5852553,51.6757591],[-0.585246,51.6754739],[-0.585179,51.675141],[-0.5850683,51.6748316],[-0.5848548,51.6744395],[-0.5846325,51.6741378],[-0.5843379,51.6738314],[-0.5840122,51.6735236],[-0.5836745,51.6732336],[-0.5832976,51.6729495],[-0.5829306,51.6727355],[-0.5825671,51.6725368],[-0.5821699,51.6723533],[-0.5818076,51.6722025],[-0.5814054,51.6720597],[-0.5810895,51.6719725],[-0.5807357,51.6718847],[-0.580322,51.6718008],[-0.5798017,51.6716962],[-0.5754371,51.6708456],[-0.5733828,51.6704343],[-0.5684969,51.6695111],[-0.5654673,51.66895],[-0.56411,51.6686986],[-0.5635845,51.6685658]]},"properties":{"id":"940GZZLUCSM-940GZZLUCAL-Metropolitan","source":"940GZZLUCSM","target":"940GZZLUCAL","sourceName":"Chesham","targetName":"Chalfont  Latimer","line":"Metropolitan","colour":"#9B0056","color":"#9B0056","traffic":0.0125,"off9":-3.0,"off12":-7.0,"off14":-12.0},"id":352},{"type":"Feature","geometry":{"type":"LineString","coordinates":[[-0.518461,51.654358],[-0.473703,51.640207]]},"properties":{"id":"940GZZLUCYD-940GZZLURKW-Metropolitan","source":"940GZZLUCYD","target":"940GZZLURKW","sourceName":"Chorleywood","targetName":"Rickmansworth","line":"Metropolitan","colour":"#9B0056","color":"#9B0056","traffic":0.0467,"off9":-3.0,"off12":-7.0,"off14":-12.0},"id":353},{"type":"Feature","geometry":{"type":"LineString","coordinates":[[-0.518461,51.654358],[-0.560689,51.667985]]},"properties":{"id":"940GZZLUCYD-940GZZLUCAL-Metropolitan","source":"940GZZLUCYD","target":"940GZZLUCAL","sourceName":"Chorleywood","targetName":"Chalfont  Latimer","line":"Metropolitan","colour":"#9B0056","color":"#9B0056","traffic":0.012,"off9":-3.0,"off12":-7.0,"off14":-12.0},"id":354},{"type":"Feature","geometry":{"type":"LineString","coordinates":[[-0.11158375492725016,51.51823747478748],[-0.1117052,51.5182471],[-0.1121528,51.5182701],[-0.1135563,51.5182965],[-0.1139788,51.518285],[-0.1143547,51.5182568],[-0.1146824,51.5182254],[-0.1162868,51.5180282],[-0.1179229,51.517846],[-0.1183896,51.5178001],[-0.119335,51.5176949],[-0.1202096,51.5175976],[-0.12047427211231133,51.51757236553706]]},"properties":{"id":"940GZZLUCHL-940GZZLUHBN-Central","source":"940GZZLUCHL","target":"940GZZLUHBN","sourceName":"Chancery Lane","targetName":"Holborn","line":"Central","colour":"#E32017","color":"#E32017","traffic":0.6777,"off9":0.0,"off12":0.0,"off14":0.0},"id":355},{"type":"Feature","geometry":{"type":"LineString","coordinates":[[-0.11158751438631478,51.518201702586296],[-0.1112664,51.5181697],[-0.1107621,51.5181007],[-0.1102603,51.5180211],[-0.1098743,51.5179651],[-0.1065415,51.5175994],[-0.1056791,51.5174574],[-0.1051558,51.5173149],[-0.1030763,51.5166219],[-0.1020518,51.5162787],[-0.1017732,51.5161902],[-0.0999325,51.5157157],[-0.0991571,51.5154842],[-0.0983719,51.5152497],[-0.0983057,51.5152303],[-0.0976983,51.5150108],[-0.09755829168687605,51.51496000135196]]},"properties":{"id":"940GZZLUCHL-940GZZLUSPU-Central","source":"940GZZLUCHL","target":"940GZZLUSPU","sourceName":"Chancery Lane","targetName":"St Pauls","line":"Central","colour":"#E32017","color":"#E32017","traffic":0.4568,"off9":0.0,"off12":0.0,"off14":0.0},"id":356},{"type":"Feature","geometry":{"type":"LineString","coordinates":[[-0.12054408203062172,51.5175340910556],[-0.1204668,51.5174178],[-0.1203181,51.5171941],[-0.1201509,51.5169424],[-0.1200045,51.5167054],[-0.1199428,51.5165744],[-0.1199081,51.5164117],[-0.1199242,51.5163234],[-0.1199653,51.5162452],[-0.1200101,51.516169],[-0.1201093,51.5160562],[-0.1203318,51.5158658],[-0.1215985,51.5150096],[-0.1217382,51.5148755],[-0.1220049,51.5144953],[-0.1221909,51.5143206],[-0.122707,51.5140058],[-0.1229792,51.513819],[-0.123154,51.5137171],[-0.123906,51.5132509],[-0.1240887,51.5131374],[-0.12436053197253795,51.51297026048582]]},"properties":{"id":"940GZZLUHBN-940GZZLUCGN-Piccadilly","source":"940GZZLUHBN","target":"940GZZLUCGN","sourceName":"Holborn","targetName":"Covent Garden","line":"Piccadilly","colour":"#003688","color":"#003688","traffic":0.3404,"off9":-1.5,"off12":-3.5,"off14":-6.0},"id":357},{"type":"Feature","geometry":{"type":"LineString","coordinates":[[-0.12054408203062172,51.5175340910556],[-0.1205718,51.5175758],[-0.1206118,51.5176416],[-0.1206296,51.5176719],[-0.1206931,51.5177802],[-0.1207289,51.517864],[-0.1207548,51.5179609],[-0.1208,51.5181727],[-0.1208515,51.5184921],[-0.1209214,51.5187717],[-0.1210842,51.5189777],[-0.1213034,51.5191982],[-0.1225539,51.5201934],[-0.1231739,51.520718],[-0.1237669,51.5212198],[-0.1239121,51.5213654],[-0.124046,51.5215253],[-0.1241556,51.5216771],[-0.1242349,51.5218397],[-0.1242736,51.5220062],[-0.1242735,51.5222283],[-0.12420927409909961,51.52306720246763]]},"properties":{"id":"940GZZLUHBN-940GZZLURSQ-Piccadilly","source":"940GZZLUHBN","target":"940GZZLURSQ","sourceName":"Holborn","targetName":"Russell Square","line":"Piccadilly","colour":"#003688","color":"#003688","traffic":0.1447,"off9":-1.5,"off12":-3.5,"off14":-6.0},"id":358},{"type":"Feature","geometry":{"type":"LineString","coordinates":[[-0.12047427211231133,51.51757236553706],[-0.1202096,51.5175976],[-0.119335,51.5176949],[-0.1183896,51.5178001],[-0.1179229,51.517846],[-0.1162868,51.5180282],[-0.1146824,51.5182254],[-0.1143547,51.5182568],[-0.1139788,51.518285],[-0.1135563,51.5182965],[-0.1121528,51.5182701],[-0.1117052,51.5182471],[-0.11158375492725016,51.51823747478748]]},"properties":{"id":"940GZZLUHBN-940GZZLUCHL-Central","source":"940GZZLUHBN","target":"940GZZLUCHL","sourceName":"Holborn","targetName":"Chancery Lane","line":"Central","colour":"#E32017","color":"#E32017","traffic":0.5614,"off9":0.0,"off12":0.0,"off14":0.0},"id":359},{"type":"Feature","geometry":{"type":"LineString","coordinates":[[-0.12047427211231133,51.51757236553706],[-0.1212144,51.5175018],[-0.1222742,51.5174016],[-0.1227724,51.5173589],[-0.1241424,51.5172443],[-0.1246073,51.5172042],[-0.1252581,51.5171424],[-0.1264186,51.5170063],[-0.1279161,51.516821],[-0.1290331,51.5166419],[-0.129849,51.5165065],[-0.1304121676780532,51.51644626760065]]},"properties":{"id":"940GZZLUHBN-940GZZLUTCR-Central","source":"940GZZLUHBN","target":"940GZZLUTCR","sourceName":"Holborn","targetName":"Tottenham Court Road","line":"Central","colour":"#E32017","color":"#E32017","traffic":0.5461,"off9":0.0,"off12":0.0,"off14":0.0},"id":360},{"type":"Feature","geometry":{"type":"LineString","coordinates":[[-0.1272728116511275,51.507439563853175],[-0.1269759,51.5073975],[-0.1265255,51.507319],[-0.1259385,51.5072077],[-0.1229841,51.5066338],[-0.12278997856139709,51.506583120041306]]},"properties":{"id":"940GZZLUCHX-940GZZLUEMB-Bakerloo","source":"940GZZLUCHX","target":"940GZZLUEMB","sourceName":"Charing Cross","targetName":"Embankment","line":"Bakerloo","colour":"#B36305","color":"#B36305","traffic":0.1394,"off9":0.0,"off12":0.0,"off14":0.0},"id":361},{"type":"Feature","geometry":{"type":"LineString","coordinates":[[-0.12668143210079658,51.509135093225275],[-0.1262713,51.5089935],[-0.1260127,51.5088889],[-0.1255408,51.5086659],[-0.1250146,51.5083831],[-0.1248354,51.5082951],[-0.1246049,51.5081928],[-0.1243824,51.5081166],[-0.1240778,51.5080188],[-0.1235663,51.5078884],[-0.1234084,51.5078326],[-0.1232448,51.5077585],[-0.1229333,51.5075874],[-0.1226906,51.5074574],[-0.1225508,51.5073906],[-0.12252484086651882,51.507379191320645]]},"properties":{"id":"940GZZLUCHX-940GZZLUEMB-Northern","source":"940GZZLUCHX","target":"940GZZLUEMB","sourceName":"Charing Cross","targetName":"Embankment","line":"Northern","colour":"#000000","color":"#000000","traffic":0.1394,"off9":0.0,"off12":0.0,"off14":0.0},"id":362},{"type":"Feature","geometry":{"type":"LineString","coordinates":[[-0.12668143210079658,51.509135093225275],[-0.1267081,51.5091443],[-0.127136,51.509292],[-0.1276055,51.5094715],[-0.1278486,51.5095884],[-0.1281112,51.5097636],[-0.1282866,51.5099373],[-0.1284162,51.5101485],[-0.1284626,51.5102741],[-0.1284851,51.5103807],[-0.1284835,51.5108256],[-0.12847385218252377,51.51138682261319]]},"properties":{"id":"940GZZLUCHX-940GZZLULSQ-Northern","source":"940GZZLUCHX","target":"940GZZLULSQ","sourceName":"Charing Cross","targetName":"Leicester Square","line":"Northern","colour":"#000000","color":"#000000","traffic":0.3204,"off9":0.0,"off12":0.0,"off14":0.0},"id":363},{"type":"Feature","geometry":{"type":"LineString","coordinates":[[-0.1272728116511275,51.507439563853175],[-0.127518,51.5074743],[-0.1277331,51.5075028],[-0.1279827,51.5075215],[-0.1283355,51.5075319],[-0.129134,51.5075446],[-0.1296846,51.5075914],[-0.1306331,51.5076816],[-0.1308182,51.5077069],[-0.1309756,51.5077636],[-0.1312184,51.5078967],[-0.1314463,51.5080904],[-0.1317462,51.5084826],[-0.1323159,51.5092316],[-0.1325528,51.50952],[-0.1327256,51.5096864],[-0.1329534,51.5098676],[-0.1331144,51.5099711],[-0.133271,51.5100403],[-0.1334669,51.5100696],[-0.1336725,51.5100696],[-0.13379841879951504,51.51006638067381]]},"properties":{"id":"940GZZLUCHX-940GZZLUPCC-Bakerloo","source":"940GZZLUCHX","target":"940GZZLUPCC","sourceName":"Charing Cross","targetName":"Piccadilly Circus","line":"Bakerloo","colour":"#B36305","color":"#B36305","traffic":0.3217,"off9":0.0,"off12":0.0,"off14":0.0},"id":364},{"type":"Feature","geometry":{"type":"LineString","coordinates":[[-0.12278997856139709,51.506583120041306],[-0.1226003,51.5065336],[-0.1224109,51.5064767],[-0.1221757,51.5063903],[-0.1217938,51.5062175],[-0.1214632,51.5060685],[-0.1211796,51.5059291],[-0.1192655,51.5049047],[-0.1190892,51.5048265],[-0.118924,51.5047638],[-0.118751,51.5047042],[-0.1184989,51.5046365],[-0.1157949,51.5039998],[-0.115446,51.5038842],[-0.11521,51.5037589],[-0.1149739,51.503542],[-0.1148666,51.5033423],[-0.1148488788040206,51.50327954845155]]},"properties":{"id":"940GZZLUEMB-940GZZLUWLO-Bakerloo","source":"940GZZLUEMB","target":"940GZZLUWLO","sourceName":"Embankment","targetName":"Waterloo","line":"Bakerloo","colour":"#B36305","color":"#B36305","traffic":0.0994,"off9":0.0,"off12":0.0,"off14":0.0},"id":365},{"type":"Feature","geometry":{"type":"LineString","coordinates":[[-0.12252484086651882,51.507379191320645],[-0.1224029,51.5073256],[-0.1221357,51.5072381],[-0.1219211,51.5071745],[-0.1217064,51.5071251],[-0.1215826,51.5071034],[-0.1211646,51.5070353],[-0.1209649,51.5070038],[-0.1206399,51.5069466],[-0.1203169,51.5068794],[-0.1196735,51.5067262],[-0.1190472,51.506567],[-0.1185249,51.5063983],[-0.1180508,51.5062203],[-0.1174082,51.5059817],[-0.1170923,51.5058477],[-0.1166345,51.5056214],[-0.1162416,51.5053785],[-0.1158839,51.5050501],[-0.1157239,51.5049219],[-0.1154623,51.5046551],[-0.1152007,51.5043738],[-0.115006,51.5041518],[-0.1147799,51.5038951],[-0.1145223,51.5035244],[-0.11449838440377581,51.50348894173167]]},"properties":{"id":"940GZZLUEMB-940GZZLUWLO-Northern","source":"940GZZLUEMB","target":"940GZZLUWLO","sourceName":"Embankment","targetName":"Waterloo","line":"Northern","colour":"#000000","color":"#000000","traffic":0.0994,"off9":0.0,"off12":0.0,"off14":0.0},"id":366},{"type":"Feature","geometry":{"type":"LineString","coordinates":[[-0.12278997856139709,51.506583120041306],[-0.1229841,51.5066338],[-0.1259385,51.5072077],[-0.1265255,51.507319],[-0.1269759,51.5073975],[-0.1272728116511275,51.507439563853175]]},"properties":{"id":"940GZZLUEMB-940GZZLUCHX-Bakerloo","source":"940GZZLUEMB","target":"940GZZLUCHX","sourceName":"Embankment","targetName":"Charing Cross","line":"Bakerloo","colour":"#B36305","color":"#B36305","traffic":0.2938,"off9":0.0,"off12":0.0,"off14":0.0},"id":367},{"type":"Feature","geometry":{"type":"LineString","coordinates":[[-0.12252484086651882,51.507379191320645],[-0.1225508,51.5073906],[-0.1226906,51.5074574],[-0.1229333,51.5075874],[-0.1232448,51.5077585],[-0.1234084,51.5078326],[-0.1235663,51.5078884],[-0.1240778,51.5080188],[-0.1243824,51.5081166],[-0.1246049,51.5081928],[-0.1248354,51.5082951],[-0.1250146,51.5083831],[-0.1255408,51.5086659],[-0.1260127,51.5088889],[-0.1262713,51.5089935],[-0.12668143210079658,51.509135093225275]]},"properties":{"id":"940GZZLUEMB-940GZZLUCHX-Northern","source":"940GZZLUEMB","target":"940GZZLUCHX","sourceName":"Embankment","targetName":"Charing Cross","line":"Northern","colour":"#000000","color":"#000000","traffic":0.2938,"off9":0.0,"off12":0.0,"off14":0.0},"id":368},{"type":"Feature","geometry":{"type":"LineString","coordinates":[[-0.1225873,51.507009],[-0.1223732,51.5072934],[-0.1221088,51.5076205],[-0.1219265,51.5078455],[-0.1216936,51.5080978],[-0.1215134,51.5082901],[-0.1213429,51.508436],[-0.1209925,51.5087102],[-0.1206175,51.5089599],[-0.1201321,51.5092126],[-0.1198599,51.5093318],[-0.1195715,51.509446],[-0.119255,51.5095605],[-0.1189305,51.5096709],[-0.1184632,51.509813],[-0.1163502,51.5104691],[-0.1155777,51.5106979],[-0.1151981,51.5108097],[-0.1149783,51.5108667],[-0.1148135,51.510911],[-0.1145598,51.5109619],[-0.1142971,51.5110163],[-0.11426306831069538,51.51102259300207]]},"properties":{"id":"940GZZLUEMB-940GZZLUTMP-Circle","source":"940GZZLUEMB","target":"940GZZLUTMP","sourceName":"Embankment","targetName":"Temple","line":"Circle","colour":"#FFD300","color":"#FFD300","traffic":0.407,"off9":3.0,"off12":7.0,"off14":12.0},"id":369},{"type":"Feature","geometry":{"type":"LineString","coordinates":[[-0.1225873,51.507009],[-0.1223732,51.5072934],[-0.1221088,51.5076205],[-0.1219265,51.5078455],[-0.1216936,51.5080978],[-0.1215134,51.5082901],[-0.1213429,51.508436],[-0.1209925,51.5087102],[-0.1206175,51.5089599],[-0.1201321,51.5092126],[-0.1198599,51.5093318],[-0.1195715,51.509446],[-0.119255,51.5095605],[-0.1189305,51.5096709],[-0.1184632,51.509813],[-0.1163502,51.5104691],[-0.1155777,51.5106979],[-0.1151981,51.5108097],[-0.1149783,51.5108667],[-0.1148135,51.510911],[-0.1145598,51.5109619],[-0.1142971,51.5110163],[-0.11426306831069538,51.51102259300207]]},"properties":{"id":"940GZZLUEMB-940GZZLUTMP-District","source":"940GZZLUEMB","target":"940GZZLUTMP","sourceName":"Embankment","targetName":"Temple","line":"District","colour":"#00782A","color":"#00782A","traffic":0.407,"off9":1.5,"off12":3.5,"off14":6.0},"id":370},{"type":"Feature","geometry":{"type":"LineString","coordinates":[[-0.1225873,51.507009],[-0.1227325,51.506765],[-0.122817,51.5065889],[-0.1229134,51.5064086],[-0.1229766,51.5062124],[-0.1230151,51.5059839],[-0.1230343,51.5056748],[-0.1230544,51.5053871],[-0.1231942,51.5048872],[-0.1232985,51.5045554],[-0.123432,51.5041007],[-0.1236123,51.5033116],[-0.1237942,51.5026055],[-0.1238658,51.5023766],[-0.1239342,51.5022355],[-0.1240227,51.5020978],[-0.1240703,51.5020268],[-0.1241269,51.5019566],[-0.1241849,51.5018799],[-0.1242628,51.5017989],[-0.1243271,51.5017321],[-0.1243781,51.5016824],[-0.1245081,51.5015777],[-0.1246467,51.5014792],[-0.1247214,51.5014324],[-0.1248246,51.5013681],[-0.1248726281413486,51.501339586315005]]},"properties":{"id":"940GZZLUEMB-940GZZLUWSM-Circle","source":"940GZZLUEMB","target":"940GZZLUWSM","sourceName":"Embankment","targetName":"Westminster","line":"Circle","colour":"#FFD300","color":"#FFD300","traffic":0.3548,"off9":3.0,"off12":7.0,"off14":12.0},"id":371},{"type":"Feature","geometry":{"type":"LineString","coordinates":[[-0.1225873,51.507009],[-0.1227325,51.506765],[-0.122817,51.5065889],[-0.1229134,51.5064086],[-0.1229766,51.5062124],[-0.1230151,51.5059839],[-0.1230343,51.5056748],[-0.1230544,51.5053871],[-0.1231942,51.5048872],[-0.1232985,51.5045554],[-0.123432,51.5041007],[-0.1236123,51.5033116],[-0.1237942,51.5026055],[-0.1238658,51.5023766],[-0.1239342,51.5022355],[-0.1240227,51.5020978],[-0.1240703,51.5020268],[-0.1241269,51.5019566],[-0.1241849,51.5018799],[-0.1242628,51.5017989],[-0.1243271,51.5017321],[-0.1243781,51.5016824],[-0.1245081,51.5015777],[-0.1246467,51.5014792],[-0.1247214,51.5014324],[-0.1248246,51.5013681],[-0.1248726281413486,51.501339586315005]]},"properties":{"id":"940GZZLUEMB-940GZZLUWSM-District","source":"940GZZLUEMB","target":"940GZZLUWSM","sourceName":"Embankment","targetName":"Westminster","line":"District","colour":"#00782A","color":"#00782A","traffic":0.3548,"off9":1.5,"off12":3.5,"off14":6.0},"id":372},{"type":"Feature","geometry":{"type":"LineString","coordinates":[[-0.1284073541671036,51.51133378596871],[-0.1286375,51.5112516],[-0.1299794,51.5108366],[-0.130698,51.5106543],[-0.1319643,51.5103486],[-0.1322362,51.510308],[-0.1325881,51.5102698],[-0.1329239,51.5102393],[-0.1334031,51.510155],[-0.13380101543943634,51.51006304927007]]},"properties":{"id":"940GZZLULSQ-940GZZLUPCC-Piccadilly","source":"940GZZLULSQ","target":"940GZZLUPCC","sourceName":"Leicester Square","targetName":"Piccadilly Circus","line":"Piccadilly","colour":"#003688","color":"#003688","traffic":0.3253,"off9":-1.5,"off12":-3.5,"off14":-6.0},"id":373},{"type":"Feature","geometry":{"type":"LineString","coordinates":[[-0.1284073541671036,51.51133378596871],[-0.1280878,51.5114479],[-0.1278214,51.5115419],[-0.1276346,51.5116078],[-0.1275137,51.5116505],[-0.1272396,51.5117472],[-0.1271328,51.5117791],[-0.12607,51.5121766],[-0.1253211,51.5125229],[-0.1246017,51.5129568],[-0.1244469,51.5130521],[-0.1244207930867347,51.51306794598716]]},"properties":{"id":"940GZZLULSQ-940GZZLUCGN-Piccadilly","source":"940GZZLULSQ","target":"940GZZLUCGN","sourceName":"Leicester Square","targetName":"Covent Garden","line":"Piccadilly","colour":"#003688","color":"#003688","traffic":0.228,"off9":-1.5,"off12":-3.5,"off14":-6.0},"id":374},{"type":"Feature","geometry":{"type":"LineString","coordinates":[[-0.12847385218252377,51.51138682261319],[-0.1284835,51.5108256],[-0.1284851,51.5103807],[-0.1284626,51.5102741],[-0.1284162,51.5101485],[-0.1282866,51.5099373],[-0.1281112,51.5097636],[-0.1278486,51.5095884],[-0.1276055,51.5094715],[-0.127136,51.509292],[-0.1267081,51.5091443],[-0.12668143210079658,51.509135093225275]]},"properties":{"id":"940GZZLULSQ-940GZZLUCHX-Northern","source":"940GZZLULSQ","target":"940GZZLUCHX","sourceName":"Leicester Square","targetName":"Charing Cross","line":"Northern","colour":"#000000","color":"#000000","traffic":0.1882,"off9":0.0,"off12":0.0,"off14":0.0},"id":375},{"type":"Feature","geometry":{"type":"LineString","coordinates":[[-0.12830022527910168,51.51137994790757],[-0.1282939,51.5115114],[-0.1283281,51.5117756],[-0.1283486,51.5119071],[-0.1283659,51.512005],[-0.1283719,51.5120312],[-0.1284053,51.5121391],[-0.1284467,51.5122506],[-0.1286892,51.5126122],[-0.1290075,51.5131293],[-0.1291284,51.5133243],[-0.1292277,51.5135043],[-0.1295624,51.5142286],[-0.1298428,51.5152395],[-0.1298795,51.5153108],[-0.130257,51.5161311],[-0.13041650540942462,51.51642243834041]]},"properties":{"id":"940GZZLULSQ-940GZZLUTCR-Northern","source":"940GZZLULSQ","target":"940GZZLUTCR","sourceName":"Leicester Square","targetName":"Tottenham Court Road","line":"Northern","colour":"#000000","color":"#000000","traffic":0.2747,"off9":0.0,"off12":0.0,"off14":0.0},"id":376},{"type":"Feature","geometry":{"type":"LineString","coordinates":[[-0.13380101543943634,51.51006304927007],[-0.1334031,51.510155],[-0.1329239,51.5102393],[-0.1325881,51.5102698],[-0.1322362,51.510308],[-0.1319643,51.5103486],[-0.130698,51.5106543],[-0.1299794,51.5108366],[-0.1286375,51.5112516],[-0.1284073541671036,51.51133378596871]]},"properties":{"id":"940GZZLUPCC-940GZZLULSQ-Piccadilly","source":"940GZZLUPCC","target":"940GZZLULSQ","sourceName":"Piccadilly Circus","targetName":"Leicester Square","line":"Piccadilly","colour":"#003688","color":"#003688","traffic":0.2563,"off9":-1.5,"off12":-3.5,"off14":-6.0},"id":377},{"type":"Feature","geometry":{"type":"LineString","coordinates":[[-0.13380101543943634,51.51006304927007],[-0.1338471,51.5100524],[-0.1340881,51.5099849],[-0.1343102,51.5099089],[-0.1344992,51.509827],[-0.1347361,51.5097354],[-0.1352191,51.5095744],[-0.1357568,51.5093982],[-0.1380181,51.5086523],[-0.139301,51.5082741],[-0.1398097,51.508114],[-0.1410125,51.5076664],[-0.1417049,51.5073665],[-0.1421597,51.5071356],[-0.14273646295501713,51.50684626055424]]},"properties":{"id":"940GZZLUPCC-940GZZLUGPK-Piccadilly","source":"940GZZLUPCC","target":"940GZZLUGPK","sourceName":"Piccadilly Circus","targetName":"Green Park","line":"Piccadilly","colour":"#003688","color":"#003688","traffic":0.3236,"off9":-1.5,"off12":-3.5,"off14":-6.0},"id":378},{"type":"Feature","geometry":{"type":"LineString","coordinates":[[-0.1337974940827025,51.51003122650028],[-0.1344256,51.5100143],[-0.1350177,51.5099987],[-0.1352847,51.5099768],[-0.1357011,51.5099163],[-0.1360288,51.5098789],[-0.1363426,51.509859],[-0.1365106,51.5098538],[-0.1367628,51.5098587],[-0.1369627,51.5098762],[-0.1371313,51.5098993],[-0.1372662,51.5099219],[-0.1374186,51.5099543],[-0.1375423,51.5099891],[-0.1376316,51.5100206],[-0.1377613,51.5100748],[-0.1379091,51.5101468],[-0.1379523,51.5101723],[-0.1379899,51.5101965],[-0.1380213,51.5102213],[-0.1380983,51.5102848],[-0.1381428,51.510322],[-0.1381779,51.5103571],[-0.1383597,51.5105624],[-0.141065,51.5136367],[-0.141648,51.5144875],[-0.1417703,51.5148018],[-0.1418813,51.5151861],[-0.14189272451505194,51.51522687876388]]},"properties":{"id":"940GZZLUPCC-940GZZLUOXC-Bakerloo","source":"940GZZLUPCC","target":"940GZZLUOXC","sourceName":"Piccadilly Circus","targetName":"Oxford Circus","line":"Bakerloo","colour":"#B36305","color":"#B36305","traffic":0.2622,"off9":0.0,"off12":0.0,"off14":0.0},"id":379},{"type":"Feature","geometry":{"type":"LineString","coordinates":[[-0.13379841879951504,51.51006638067381],[-0.1336725,51.5100696],[-0.1334669,51.5100696],[-0.133271,51.5100403],[-0.1331144,51.5099711],[-0.1329534,51.5098676],[-0.1327256,51.5096864],[-0.1325528,51.50952],[-0.1323159,51.5092316],[-0.1317462,51.5084826],[-0.1314463,51.5080904],[-0.1312184,51.5078967],[-0.1309756,51.5077636],[-0.1308182,51.5077069],[-0.1306331,51.5076816],[-0.1296846,51.5075914],[-0.129134,51.5075446],[-0.1283355,51.5075319],[-0.1279827,51.5075215],[-0.1277331,51.5075028],[-0.127518,51.5074743],[-0.1272728116511275,51.507439563853175]]},"properties":{"id":"940GZZLUPCC-940GZZLUCHX-Bakerloo","source":"940GZZLUPCC","target":"940GZZLUCHX","sourceName":"Piccadilly Circus","targetName":"Charing Cross","line":"Bakerloo","colour":"#B36305","color":"#B36305","traffic":0.1721,"off9":0.0,"off12":0.0,"off14":0.0},"id":380},{"type":"Feature","geometry":{"type":"LineString","coordinates":[[0.07502089781674123,51.61780975355774],[0.0755291,51.6177136],[0.0822625,51.6163663],[0.084062,51.615918],[0.0861081,51.6153355],[0.0892009,51.6144],[0.0904069,51.6140569],[0.0907841,51.6139456],[0.0911889,51.6138079],[0.0914133,51.6137249],[0.0915991,51.613652],[0.0917889,51.6135689],[0.092007,51.6134638],[0.09208856321833754,51.61342061487481]]},"properties":{"id":"940GZZLUCWL-940GZZLUGGH-Central","source":"940GZZLUCWL","target":"940GZZLUGGH","sourceName":"Chigwell","targetName":"Grange Hill","line":"Central","colour":"#E32017","color":"#E32017","traffic":0.0027,"off9":0.0,"off12":0.0,"off14":0.0},"id":381},{"type":"Feature","geometry":{"type":"LineString","coordinates":[[0.07502089781674123,51.61780975355774],[0.0745751,51.6178941],[0.0727025,51.6182049],[0.0682054,51.6188696],[0.0667274,51.6190889],[0.06542,51.619259],[0.0644869,51.619353],[0.0634241,51.6194286],[0.0626138,51.6194604],[0.0615072,51.6194814],[0.0612265,51.6194809],[0.0599733,51.6194503],[0.0585986,51.619378],[0.0563836,51.6191411],[0.0543736,51.6188292],[0.0536974,51.6187245],[0.053195,51.6186414],[0.048227,51.6178365],[0.0463035,51.6175273],[0.0460875,51.6174898],[0.0443489,51.6171949],[0.044119,51.6171562],[0.0438902,51.6171184],[0.0437686,51.6170977],[0.04367086677707459,51.61707836429043]]},"properties":{"id":"940GZZLUCWL-940GZZLURVY-Central","source":"940GZZLUCWL","target":"940GZZLURVY","sourceName":"Chigwell","targetName":"Roding Valley","line":"Central","colour":"#E32017","color":"#E32017","traffic":0.0182,"off9":0.0,"off12":0.0,"off14":0.0},"id":382},{"type":"Feature","geometry":{"type":"LineString","coordinates":[[0.09208856321833754,51.61342061487481],[0.092007,51.6134638],[0.0917889,51.6135689],[0.0915991,51.613652],[0.0914133,51.6137249],[0.0911889,51.6138079],[0.0907841,51.6139456],[0.0904069,51.6140569],[0.0892009,51.6144],[0.0861081,51.6153355],[0.084062,51.615918],[0.0822625,51.6163663],[0.0755291,51.6177136],[0.07502089781674123,51.61780975355774]]},"properties":{"id":"940GZZLUGGH-940GZZLUCWL-Central","source":"940GZZLUGGH","target":"940GZZLUCWL","sourceName":"Grange Hill","targetName":"Chigwell","line":"Central","colour":"#E32017","color":"#E32017","traffic":0.0121,"off9":0.0,"off12":0.0,"off14":0.0},"id":383},{"type":"Feature","geometry":{"type":"LineString","coordinates":[[0.09207459262262575,51.613394518761595],[0.0922067,51.6133258],[0.092361,51.6132359],[0.0925138,51.61314],[0.0926644,51.613037],[0.0928237,51.6129213],[0.0930003,51.6127825],[0.0931688,51.6126288],[0.0933254,51.6124677],[0.0934263,51.6123582],[0.0935082,51.6122584],[0.0937491,51.6119568],[0.0938475,51.6118305],[0.0941802,51.611394],[0.0944222,51.6110759],[0.0946394,51.6107782],[0.0947824,51.6105553],[0.094876,51.6103868],[0.0949619,51.610194],[0.0950325,51.6099753],[0.0950824,51.6097847],[0.0951087,51.6096253],[0.09512,51.6094286],[0.0951221,51.6091955],[0.0950997,51.6089624],[0.0950768,51.6088312],[0.0949422,51.608335],[0.094834,51.6080065],[0.0946851,51.6074989],[0.0945976,51.6072049],[0.0944595,51.6067645],[0.0943115,51.6062729],[0.0941276,51.6056641],[0.0939665,51.6051353],[0.0938543,51.6047819],[0.0937905,51.6045714],[0.0937298,51.6043669],[0.093676,51.6041855],[0.0936565,51.6041204],[0.0936088,51.603962],[0.0935583,51.6038005],[0.0935509,51.6037759],[0.09351315889032645,51.60364968294608]]},"properties":{"id":"940GZZLUGGH-940GZZLUHLT-Central","source":"940GZZLUGGH","target":"940GZZLUHLT","sourceName":"Grange Hill","targetName":"Hainault","line":"Central","colour":"#E32017","color":"#E32017","traffic":0.0027,"off9":0.0,"off12":0.0,"off14":0.0},"id":384},{"type":"Feature","geometry":{"type":"LineString","coordinates":[[0.040864,51.6157905],[0.0397956,51.6144397],[0.036889,51.6107769],[0.0358449,51.6094951],[0.0355383,51.6090863],[0.0352565,51.6087124],[0.0350343,51.6083808],[0.0348646,51.6081208],[0.0346439,51.6077857],[0.0345566,51.6076409],[0.0344366,51.6074508],[0.034068704507789566,51.606839588572406]]},"properties":{"id":"940GZZLURVY-940GZZLUWOF-Central","source":"940GZZLURVY","target":"940GZZLUWOF","sourceName":"Roding Valley","targetName":"Woodford","line":"Central","colour":"#E32017","color":"#E32017","traffic":0.0237,"off9":0.0,"off12":0.0,"off14":0.0},"id":385},{"type":"Feature","geometry":{"type":"LineString","coordinates":[[0.04367086677707459,51.61707836429043],[0.0437686,51.6170977],[0.0438902,51.6171184],[0.044119,51.6171562],[0.0443489,51.6171949],[0.0460875,51.6174898],[0.0463035,51.6175273],[0.048227,51.6178365],[0.053195,51.6186414],[0.0536974,51.6187245],[0.0543736,51.6188292],[0.0563836,51.6191411],[0.0585986,51.619378],[0.0599733,51.6194503],[0.0612265,51.6194809],[0.0615072,51.6194814],[0.0626138,51.6194604],[0.0634241,51.6194286],[0.0644869,51.619353],[0.06542,51.619259],[0.0667274,51.6190889],[0.0682054,51.6188696],[0.0727025,51.6182049],[0.0745751,51.6178941],[0.07502089781674123,51.61780975355774]]},"properties":{"id":"940GZZLURVY-940GZZLUCWL-Central","source":"940GZZLURVY","target":"940GZZLUCWL","sourceName":"Roding Valley","targetName":"Chigwell","line":"Central","colour":"#E32017","color":"#E32017","traffic":0.0048,"off9":0.0,"off12":0.0,"off14":0.0},"id":386},{"type":"Feature","geometry":{"type":"LineString","coordinates":[[-0.473703,51.640207],[-0.518461,51.654358]]},"properties":{"id":"940GZZLURKW-940GZZLUCYD-Metropolitan","source":"940GZZLURKW","target":"940GZZLUCYD","sourceName":"Rickmansworth","targetName":"Chorleywood","line":"Metropolitan","colour":"#9B0056","color":"#9B0056","traffic":0.0174,"off9":-3.0,"off12":-7.0,"off14":-12.0},"id":387},{"type":"Feature","geometry":{"type":"LineString","coordinates":[[-0.473703,51.640207],[-0.432454,51.629845]]},"properties":{"id":"940GZZLURKW-940GZZLUMPK-Metropolitan","source":"940GZZLURKW","target":"940GZZLUMPK","sourceName":"Rickmansworth","targetName":"Moor Park","line":"Metropolitan","colour":"#9B0056","color":"#9B0056","traffic":0.0609,"off9":-3.0,"off12":-7.0,"off14":-12.0},"id":388},{"type":"Feature","geometry":{"type":"LineString","coordinates":[[-0.13823784930832048,51.46162476885626],[-0.13834,51.4615558],[-0.1394243,51.4609608],[-0.1415587,51.4595394],[-0.1422229,51.4587779],[-0.142589,51.4583582],[-0.1433326,51.4574899],[-0.1436148,51.4571666],[-0.1444366,51.4562804],[-0.145044,51.4556254],[-0.1461594,51.4544277],[-0.1472662,51.4532727],[-0.1473741,51.4531375],[-0.1474632,51.4530268],[-0.1476376,51.4527761],[-0.1476760847555122,51.45270474108703]]},"properties":{"id":"940GZZLUCPC-940GZZLUCPS-Northern","source":"940GZZLUCPC","target":"940GZZLUCPS","sourceName":"Clapham Common","targetName":"Clapham South","line":"Northern","colour":"#000000","color":"#000000","traffic":0.146,"off9":0.0,"off12":0.0,"off14":0.0},"id":389},{"type":"Feature","geometry":{"type":"LineString","coordinates":[[-0.13823784930832048,51.46162476885626],[-0.138042,51.461757],[-0.1378437,51.4618954],[-0.1376593,51.4619873],[-0.1374987,51.462044],[-0.1370773,51.462173],[-0.1370442,51.4621831],[-0.1365286,51.4623392],[-0.1348002,51.4629043],[-0.1328119,51.4636377],[-0.1308527,51.4645065],[-0.1304639,51.4647289],[-0.1301018,51.464989],[-0.12998153275665042,51.465096405227165]]},"properties":{"id":"940GZZLUCPC-940GZZLUCPN-Northern","source":"940GZZLUCPC","target":"940GZZLUCPN","sourceName":"Clapham Common","targetName":"Clapham North","line":"Northern","colour":"#000000","color":"#000000","traffic":0.6843,"off9":0.0,"off12":0.0,"off14":0.0},"id":390},{"type":"Feature","geometry":{"type":"LineString","coordinates":[[-0.12998153275665042,51.465096405227165],[-0.1299391,51.4651343],[-0.1292202,51.4659435],[-0.1282006,51.4674349],[-0.1277488,51.4680087],[-0.1266148,51.4689677],[-0.1262923,51.4691915],[-0.1252693,51.4698928],[-0.1247669,51.4702748],[-0.1243321,51.4706053],[-0.1226354,51.4721148],[-0.12260607573134451,51.47214017728037]]},"properties":{"id":"940GZZLUCPN-940GZZLUSKW-Northern","source":"940GZZLUCPN","target":"940GZZLUSKW","sourceName":"Clapham North","targetName":"Stockwell","line":"Northern","colour":"#000000","color":"#000000","traffic":0.7184,"off9":0.0,"off12":0.0,"off14":0.0},"id":391},{"type":"Feature","geometry":{"type":"LineString","coordinates":[[-0.12998153275665042,51.465096405227165],[-0.1301018,51.464989],[-0.1304639,51.4647289],[-0.1308527,51.4645065],[-0.1328119,51.4636377],[-0.1348002,51.4629043],[-0.1365286,51.4623392],[-0.1370442,51.4621831],[-0.1370773,51.462173],[-0.1374987,51.462044],[-0.1376593,51.4619873],[-0.1378437,51.4618954],[-0.138042,51.461757],[-0.13823784930832048,51.46162476885626]]},"properties":{"id":"940GZZLUCPN-940GZZLUCPC-Northern","source":"940GZZLUCPN","target":"940GZZLUCPC","sourceName":"Clapham North","targetName":"Clapham Common","line":"Northern","colour":"#000000","color":"#000000","traffic":0.1621,"off9":0.0,"off12":0.0,"off14":0.0},"id":392},{"type":"Feature","geometry":{"type":"LineString","coordinates":[[-0.14916254326985628,51.65154762704786],[-0.1490308,51.6515073],[-0.1482476,51.6512657],[-0.1477905,51.6511196],[-0.1473802,51.6509973],[-0.1472234,51.6509528],[-0.1465237,51.6507646],[-0.1464528,51.6507492],[-0.145869,51.65063],[-0.1457937,51.6506148],[-0.1446878,51.6503879],[-0.1443992,51.6503362],[-0.1441244,51.6502913],[-0.143724,51.6502356],[-0.1432028,51.6501711],[-0.1427842,51.6501362],[-0.1425,51.6501133],[-0.1415006,51.6500624],[-0.1407153,51.650023],[-0.1402769,51.6499905],[-0.1399423,51.6499628],[-0.1394976,51.6499128],[-0.1392041,51.6498721],[-0.1387578,51.6498029],[-0.1371698,51.6495088],[-0.1367192,51.6494126],[-0.1363384,51.6493288],[-0.1359412,51.6492216],[-0.1355647,51.6491138],[-0.1351829,51.6489921],[-0.1348168,51.6488679],[-0.1344281,51.6487211],[-0.1341546,51.6486103],[-0.1338798,51.648491],[-0.1333914,51.6482606],[-0.1328901,51.6480407],[-0.1325663,51.6478936],[-0.1324348,51.647826],[-0.13218831582461002,51.647712307372316]]},"properties":{"id":"940GZZLUCKS-940GZZLUOAK-Piccadilly","source":"940GZZLUCKS","target":"940GZZLUOAK","sourceName":"Cockfosters","targetName":"Oakwood","line":"Piccadilly","colour":"#003688","color":"#003688","traffic":0.0147,"off9":-1.5,"off12":-3.5,"off14":-6.0},"id":393},{"type":"Feature","geometry":{"type":"LineString","coordinates":[[-0.13218831582461002,51.647712307372316],[-0.1318876,51.6475736],[-0.1316958,51.6474871],[-0.1305063,51.6469489],[-0.1301961,51.6468061],[-0.1299127,51.6466767],[-0.1297224,51.6465865],[-0.1295667,51.6465048],[-0.1294011,51.6464037],[-0.129206,51.6462783],[-0.1289793,51.6461155],[-0.1288104,51.6459798],[-0.1286132,51.6457953],[-0.1284854,51.6456767],[-0.1283549,51.6455343],[-0.1282267,51.6453766],[-0.1281177,51.6452182],[-0.1279946,51.6450307],[-0.1279094,51.644867],[-0.1278374,51.6446998],[-0.1276936,51.6443243],[-0.1275304,51.6438878],[-0.1272535,51.6431679],[-0.1270019,51.6424734],[-0.1267819,51.6418887],[-0.1265613,51.641303],[-0.1263338,51.6407067],[-0.1260311,51.6398849],[-0.1257838,51.6392141],[-0.1255521,51.6385883],[-0.1252482,51.6377701],[-0.1250961,51.6373618],[-0.1250188,51.6371075],[-0.1249476,51.6368146],[-0.1249134,51.6366499],[-0.1248851,51.6364729],[-0.1248681,51.6362792],[-0.1248536,51.636138],[-0.1248488,51.6359915],[-0.1248459,51.6357858],[-0.1248553,51.6356292],[-0.1248682,51.635449],[-0.1248859,51.6353216],[-0.1249132,51.6351952],[-0.1249653,51.6350135],[-0.1250124,51.6348744],[-0.1250813,51.634707],[-0.1251443,51.6345766],[-0.125195,51.6344792],[-0.1252415,51.6343985],[-0.1253147,51.6342883],[-0.1253932,51.6341788],[-0.1254738,51.6340778],[-0.1255647,51.6339692],[-0.1256545,51.6338755],[-0.1257551,51.6337744],[-0.1259186,51.6336214],[-0.1260672,51.6334959],[-0.1262165,51.6333796],[-0.1263989,51.6332511],[-0.1272689,51.6326958],[-0.1278107,51.6323336],[-0.12782301883385358,51.63232446171565]]},"properties":{"id":"940GZZLUOAK-940GZZLUSGT-Piccadilly","source":"940GZZLUOAK","target":"940GZZLUSGT","sourceName":"Oakwood","targetName":"Southgate","line":"Piccadilly","colour":"#003688","color":"#003688","traffic":0.0399,"off9":-1.5,"off12":-3.5,"off14":-6.0},"id":394},{"type":"Feature","geometry":{"type":"LineString","coordinates":[[-0.13218831582461002,51.647712307372316],[-0.1324348,51.647826],[-0.1325663,51.6478936],[-0.1328901,51.6480407],[-0.1333914,51.6482606],[-0.1338798,51.648491],[-0.1341546,51.6486103],[-0.1344281,51.6487211],[-0.1348168,51.6488679],[-0.1351829,51.6489921],[-0.1355647,51.6491138],[-0.1359412,51.6492216],[-0.1363384,51.6493288],[-0.1367192,51.6494126],[-0.1371698,51.6495088],[-0.1387578,51.6498029],[-0.1392041,51.6498721],[-0.1394976,51.6499128],[-0.1399423,51.6499628],[-0.1402769,51.6499905],[-0.1407153,51.650023],[-0.1415006,51.6500624],[-0.1425,51.6501133],[-0.1427842,51.6501362],[-0.1432028,51.6501711],[-0.143724,51.6502356],[-0.1441244,51.6502913],[-0.1443992,51.6503362],[-0.1446878,51.6503879],[-0.1457937,51.6506148],[-0.145869,51.65063],[-0.1464528,51.6507492],[-0.1465237,51.6507646],[-0.1472234,51.6509528],[-0.1473802,51.6509973],[-0.1477905,51.6511196],[-0.1482476,51.6512657],[-0.1490308,51.6515073],[-0.14916254326985628,51.65154762704786]]},"properties":{"id":"940GZZLUOAK-940GZZLUCKS-Piccadilly","source":"940GZZLUOAK","target":"940GZZLUCKS","sourceName":"Oakwood","targetName":"Cockfosters","line":"Piccadilly","colour":"#003688","color":"#003688","traffic":0.0048,"off9":-1.5,"off12":-3.5,"off14":-6.0},"id":395},{"type":"Feature","geometry":{"type":"LineString","coordinates":[[-0.17806129687343733,51.41813782471059],[-0.1780571,51.4181425],[-0.1778094,51.4184245],[-0.177671,51.4185691],[-0.1766783,51.4196056],[-0.1758522,51.4204713],[-0.1748698,51.4216015],[-0.17421,51.4222663],[-0.1736261,51.4228225],[-0.1733715,51.4230346],[-0.1728216,51.4234032],[-0.1711637,51.4247402],[-0.1707886,51.4250591],[-0.1705752,51.4252681],[-0.1700334,51.4258992],[-0.1696404,51.4264384],[-0.1693501,51.4267952],[-0.1689021,51.4272305],[-0.1687207,51.4274094],[-0.16843946941068247,51.42769456592278]]},"properties":{"id":"940GZZLUCSD-940GZZLUTBY-Northern","source":"940GZZLUCSD","target":"940GZZLUTBY","sourceName":"Colliers Wood","targetName":"Tooting Broadway","line":"Northern","colour":"#000000","color":"#000000","traffic":0.2319,"off9":0.0,"off12":0.0,"off14":0.0},"id":396},{"type":"Feature","geometry":{"type":"LineString","coordinates":[[-0.17806129687343733,51.41813782471059],[-0.1783308,51.4178376],[-0.1784608,51.4177004],[-0.1786244,51.4175581],[-0.1788843,51.4173365],[-0.179656,51.4169271],[-0.1800252,51.4167594],[-0.180312,51.4166819],[-0.1805763,51.4166274],[-0.181257,51.4164651],[-0.1820437,51.4162848],[-0.1821614,51.4162695],[-0.183474,51.416213],[-0.1844502,51.4161542],[-0.1870577,51.4159747],[-0.1881662,51.4158478],[-0.1895932,51.4157421],[-0.1905696,51.4156549],[-0.1913877,51.4155575],[-0.1916877,51.4154991],[-0.19195,51.4154454],[-0.19203829043122267,51.41541857648453]]},"properties":{"id":"940GZZLUCSD-940GZZLUSWN-Northern","source":"940GZZLUCSD","target":"940GZZLUSWN","sourceName":"Colliers Wood","targetName":"South Wimbledon","line":"Northern","colour":"#000000","color":"#000000","traffic":0.0428,"off9":0.0,"off12":0.0,"off14":0.0},"id":397},{"type":"Feature","geometry":{"type":"LineString","coordinates":[[-0.16843946941068247,51.42769456592278],[-0.1683348,51.4278007],[-0.168116,51.4280174],[-0.1678506,51.4282803],[-0.1667103,51.429309],[-0.1648741,51.4311089],[-0.1641133,51.4319057],[-0.1639997,51.4320921],[-0.1638259,51.4325588],[-0.163668,51.4328858],[-0.1634983,51.4331298],[-0.1628331,51.4338029],[-0.1622379,51.4342828],[-0.1615896,51.4347251],[-0.1612817,51.434908],[-0.1605412,51.4352905],[-0.1597279,51.4356533],[-0.15972523189485704,51.43565452381183]]},"properties":{"id":"940GZZLUTBY-940GZZLUTBC-Northern","source":"940GZZLUTBY","target":"940GZZLUTBC","sourceName":"Tooting Broadway","targetName":"Tooting Bec","line":"Northern","colour":"#000000","color":"#000000","traffic":0.3479,"off9":0.0,"off12":0.0,"off14":0.0},"id":398},{"type":"Feature","geometry":{"type":"LineString","coordinates":[[-0.16843946941068247,51.42769456592278],[-0.1687207,51.4274094],[-0.1689021,51.4272305],[-0.1693501,51.4267952],[-0.1696404,51.4264384],[-0.1700334,51.4258992],[-0.1705752,51.4252681],[-0.1707886,51.4250591],[-0.1711637,51.4247402],[-0.1728216,51.4234032],[-0.1733715,51.4230346],[-0.1736261,51.4228225],[-0.17421,51.4222663],[-0.1748698,51.4216015],[-0.1758522,51.4204713],[-0.1766783,51.4196056],[-0.177671,51.4185691],[-0.1778094,51.4184245],[-0.1780571,51.4181425],[-0.17806129687343733,51.41813782471059]]},"properties":{"id":"940GZZLUTBY-940GZZLUCSD-Northern","source":"940GZZLUTBY","target":"940GZZLUCSD","sourceName":"Tooting Broadway","targetName":"Colliers Wood","line":"Northern","colour":"#000000","color":"#000000","traffic":0.0534,"off9":0.0,"off12":0.0,"off14":0.0},"id":399},{"type":"Feature","geometry":{"type":"LineString","coordinates":[[-0.19203829043122267,51.41541857648453],[-0.1923542,51.4153226],[-0.1926019,51.4152376],[-0.1928677,51.4151372],[-0.1933283,51.4149248],[-0.1936162,51.4147813],[-0.1941162,51.4144909],[-0.1947068,51.4140303],[-0.1951473,51.4136502],[-0.1955899,51.4132528],[-0.1958234,51.4128619],[-0.1958616,51.4124845],[-0.1958373,51.4120755],[-0.1957212,51.4115428],[-0.1953423,51.4105921],[-0.194973,51.4096439],[-0.194847,51.4089006],[-0.1947731,51.4080971],[-0.1947923,51.404155],[-0.1947908,51.4040534],[-0.1948064,51.4039475],[-0.1948903,51.4033272]]},"properties":{"id":"940GZZLUSWN-940GZZLUMDN-Northern","source":"940GZZLUSWN","target":"940GZZLUMDN","sourceName":"South Wimbledon","targetName":"Morden","line":"Northern","colour":"#000000","color":"#000000","traffic":0.024,"off9":0.0,"off12":0.0,"off14":0.0},"id":400},{"type":"Feature","geometry":{"type":"LineString","coordinates":[[-0.19203829043122267,51.41541857648453],[-0.19195,51.4154454],[-0.1916877,51.4154991],[-0.1913877,51.4155575],[-0.1905696,51.4156549],[-0.1895932,51.4157421],[-0.1881662,51.4158478],[-0.1870577,51.4159747],[-0.1844502,51.4161542],[-0.183474,51.416213],[-0.1821614,51.4162695],[-0.1820437,51.4162848],[-0.181257,51.4164651],[-0.1805763,51.4166274],[-0.180312,51.4166819],[-0.1800252,51.4167594],[-0.179656,51.4169271],[-0.1788843,51.4173365],[-0.1786244,51.4175581],[-0.1784608,51.4177004],[-0.1783308,51.4178376],[-0.17806129687343733,51.41813782471059]]},"properties":{"id":"940GZZLUSWN-940GZZLUCSD-Northern","source":"940GZZLUSWN","target":"940GZZLUCSD","sourceName":"South Wimbledon","targetName":"Colliers Wood","line":"Northern","colour":"#000000","color":"#000000","traffic":0.157,"off9":0.0,"off12":0.0,"off14":0.0},"id":401},{"type":"Feature","geometry":{"type":"LineString","coordinates":[[-0.1244207930867347,51.51306794598716],[-0.1244469,51.5130521],[-0.1246017,51.5129568],[-0.1253211,51.5125229],[-0.12607,51.5121766],[-0.1271328,51.5117791],[-0.1272396,51.5117472],[-0.1275137,51.5116505],[-0.1276346,51.5116078],[-0.1278214,51.5115419],[-0.1280878,51.5114479],[-0.1284073541671036,51.51133378596871]]},"properties":{"id":"940GZZLUCGN-940GZZLULSQ-Piccadilly","source":"940GZZLUCGN","target":"940GZZLULSQ","sourceName":"Covent Garden","targetName":"Leicester Square","line":"Piccadilly","colour":"#003688","color":"#003688","traffic":0.3107,"off9":-1.5,"off12":-3.5,"off14":-6.0},"id":402},{"type":"Feature","geometry":{"type":"LineString","coordinates":[[-0.12436053197253795,51.51297026048582],[-0.1240887,51.5131374],[-0.123906,51.5132509],[-0.123154,51.5137171],[-0.1229792,51.513819],[-0.122707,51.5140058],[-0.1221909,51.5143206],[-0.1220049,51.5144953],[-0.1217382,51.5148755],[-0.1215985,51.5150096],[-0.1203318,51.5158658],[-0.1201093,51.5160562],[-0.1200101,51.516169],[-0.1199653,51.5162452],[-0.1199242,51.5163234],[-0.1199081,51.5164117],[-0.1199428,51.5165744],[-0.1200045,51.5167054],[-0.1201509,51.5169424],[-0.1203181,51.5171941],[-0.1204668,51.5174178],[-0.12054408203062172,51.5175340910556]]},"properties":{"id":"940GZZLUCGN-940GZZLUHBN-Piccadilly","source":"940GZZLUCGN","target":"940GZZLUHBN","sourceName":"Covent Garden","targetName":"Holborn","line":"Piccadilly","colour":"#003688","color":"#003688","traffic":0.2032,"off9":-1.5,"off12":-3.5,"off14":-6.0},"id":403},{"type":"Feature","geometry":{"type":"LineString","coordinates":[[-0.4417309679818915,51.64706160665949],[-0.4416134,51.6471482],[-0.4411299,51.6475185],[-0.4408235,51.6477686],[-0.4405395,51.647984],[-0.4400697,51.6483562],[-0.4398128,51.648549],[-0.4394979,51.6487928],[-0.4391561,51.6490492],[-0.4387759,51.6493219],[-0.4384298,51.6495396],[-0.4380984,51.649734],[-0.4377111,51.6499418],[-0.4373414,51.6501272],[-0.4368784,51.6503348],[-0.436487,51.650495],[-0.4360331,51.6506679],[-0.4352789,51.6509168],[-0.4345674,51.6511477],[-0.4337614,51.6514099],[-0.433101,51.6516218],[-0.4326743,51.6517576],[-0.4320003,51.6519752],[-0.4318258,51.652031],[-0.4315779,51.6521102],[-0.4314271,51.6521593],[-0.4309155,51.6523259],[-0.4302944,51.6525246],[-0.429624,51.6527498],[-0.4290475,51.6529287],[-0.4283746,51.6531493],[-0.4277343,51.6533534],[-0.4273878,51.6534869],[-0.4268199,51.6536717],[-0.4258415,51.6539886],[-0.4254189,51.6541235],[-0.4243093,51.6544832],[-0.4242048,51.6545151],[-0.4238551,51.6546334],[-0.4233668,51.6548072],[-0.4228443,51.6550137],[-0.4223828,51.6552221],[-0.4219142,51.6554518],[-0.4218408,51.6554915],[-0.4214662,51.6556865],[-0.421021,51.655897],[-0.4205681,51.6560912],[-0.4203896,51.6561696],[-0.4201153,51.6562888],[-0.4199962,51.6563405],[-0.4195413,51.6565394],[-0.4194146,51.6565948],[-0.4184701,51.6570107],[-0.417613,51.6573837],[-0.4175663,51.6574046],[-0.4173912185132454,51.65747931748271]]},"properties":{"id":"940GZZLUCXY-940GZZLUWAF-Metropolitan","source":"940GZZLUCXY","target":"940GZZLUWAF","sourceName":"Croxley","targetName":"Watford","line":"Metropolitan","colour":"#9B0056","color":"#9B0056","traffic":0.0152,"off9":-3.0,"off12":-7.0,"off14":-12.0},"id":404},{"type":"Feature","geometry":{"type":"LineString","coordinates":[[-0.4417309679818915,51.64706160665949],[-0.4417694,51.6470333],[-0.4419367,51.6469102],[-0.4424129,51.6466149],[-0.442754,51.6464194],[-0.4431067,51.6462408],[-0.4434801,51.6460747],[-0.4438618,51.6459189],[-0.4443639,51.6457398],[-0.4449313,51.6455648],[-0.4454708,51.6453933],[-0.4462213,51.6451618],[-0.4469341,51.6449255],[-0.447759,51.6446795],[-0.4483798,51.6444848],[-0.4488057,51.6443433],[-0.4492267,51.6441742],[-0.4494897,51.6440432],[-0.4497879,51.6438736],[-0.4500241,51.6437226],[-0.4502848,51.6435216],[-0.4503697,51.6434468],[-0.4504833,51.6433467],[-0.450597,51.6432314],[-0.4506964,51.6431191],[-0.4507553,51.6430504],[-0.4507793,51.6430223],[-0.4508948,51.6428623],[-0.4509791,51.6427204],[-0.4510651,51.6425585],[-0.4511338,51.6423769],[-0.451196,51.6421062],[-0.4512176,51.6418071],[-0.4511899,51.6415216],[-0.4511087,51.6412222],[-0.4510115,51.6410055],[-0.4509113,51.6408199],[-0.4507191,51.6405421],[-0.4505476,51.6403617],[-0.4503829,51.6401944],[-0.450215,51.6400537],[-0.4499908,51.6398995],[-0.4497889,51.639783],[-0.4494874,51.6396422],[-0.449285,51.6395547],[-0.4490889,51.6394845],[-0.4487241,51.6393701],[-0.4484062,51.6392822],[-0.4481248,51.6392031],[-0.4480127,51.6391732],[-0.4470375,51.6389175],[-0.4467197,51.6388335],[-0.4463186,51.6387301],[-0.4457355,51.6385743],[-0.4450598,51.6383928],[-0.4449238,51.6383554],[-0.4447296,51.6383012],[-0.4440957,51.6381241],[-0.443399,51.6379151],[-0.4427151,51.6376886],[-0.4422534,51.6375221],[-0.4416167,51.6372791],[-0.4409822,51.6370195],[-0.4403986,51.6367684],[-0.4403167,51.6367297],[-0.4401813,51.6366656],[-0.4397788,51.6364715],[-0.4395077,51.6363433],[-0.439013,51.636079],[-0.4385592,51.6358207],[-0.4382753,51.6356565],[-0.4377881,51.6353661],[-0.4373579,51.6350924],[-0.4371364,51.6349496],[-0.4367621,51.6346926],[-0.4363857,51.6344202],[-0.4360286,51.6341452],[-0.4357146,51.6339002],[-0.4355167,51.6337407],[-0.4351941,51.633463],[-0.4348585,51.6331586],[-0.4346714,51.6329877],[-0.4345937,51.63291],[-0.4343789,51.6326953],[-0.4339894,51.6322858],[-0.4338862,51.632171],[-0.4337981,51.6320632],[-0.4334895,51.6316713],[-0.4331464,51.6311927],[-0.4327274,51.63059],[-0.4325867,51.6303762],[-0.4323106055770867,51.629934665467985]]},"properties":{"id":"940GZZLUCXY-940GZZLUMPK-Metropolitan","source":"940GZZLUCXY","target":"940GZZLUMPK","sourceName":"Croxley","targetName":"Moor Park","line":"Metropolitan","colour":"#9B0056","color":"#9B0056","traffic":0.0305,"off9":-3.0,"off12":-7.0,"off14":-12.0},"id":405},{"type":"Feature","geometry":{"type":"LineString","coordinates":[[-0.4173912185132454,51.65747931748271],[-0.4175663,51.6574046],[-0.417613,51.6573837],[-0.4184701,51.6570107],[-0.4194146,51.6565948],[-0.4195413,51.6565394],[-0.4199962,51.6563405],[-0.4201153,51.6562888],[-0.4203896,51.6561696],[-0.4205681,51.6560912],[-0.421021,51.655897],[-0.4214662,51.6556865],[-0.4218408,51.6554915],[-0.4219142,51.6554518],[-0.4223828,51.6552221],[-0.4228443,51.6550137],[-0.4233668,51.6548072],[-0.4238551,51.6546334],[-0.4242048,51.6545151],[-0.4243093,51.6544832],[-0.4254189,51.6541235],[-0.4258415,51.6539886],[-0.4268199,51.6536717],[-0.4273878,51.6534869],[-0.4277343,51.6533534],[-0.4283746,51.6531493],[-0.4290475,51.6529287],[-0.429624,51.6527498],[-0.4302944,51.6525246],[-0.4309155,51.6523259],[-0.4314271,51.6521593],[-0.4315779,51.6521102],[-0.4318258,51.652031],[-0.4320003,51.6519752],[-0.4326743,51.6517576],[-0.433101,51.6516218],[-0.4337614,51.6514099],[-0.4345674,51.6511477],[-0.4352789,51.6509168],[-0.4360331,51.6506679],[-0.436487,51.650495],[-0.4368784,51.6503348],[-0.4373414,51.6501272],[-0.4377111,51.6499418],[-0.4380984,51.649734],[-0.4384298,51.6495396],[-0.4387759,51.6493219],[-0.4391561,51.6490492],[-0.4394979,51.6487928],[-0.4398128,51.648549],[-0.4400697,51.6483562],[-0.4405395,51.647984],[-0.4408235,51.6477686],[-0.4411299,51.6475185],[-0.4416134,51.6471482],[-0.4417309679818915,51.64706160665949]]},"properties":{"id":"940GZZLUWAF-940GZZLUCXY-Metropolitan","source":"940GZZLUWAF","target":"940GZZLUCXY","sourceName":"Watford","targetName":"Croxley","line":"Metropolitan","colour":"#9B0056","color":"#9B0056","traffic":0.0188,"off9":-3.0,"off12":-7.0,"off14":-12.0},"id":406},{"type":"Feature","geometry":{"type":"LineString","coordinates":[[-0.432454,51.629845],[-0.473703,51.640207]]},"properties":{"id":"940GZZLUMPK-940GZZLURKW-Metropolitan","source":"940GZZLUMPK","target":"940GZZLURKW","sourceName":"Moor Park","targetName":"Rickmansworth","line":"Metropolitan","colour":"#9B0056","color":"#9B0056","traffic":0.0263,"off9":-3.0,"off12":-7.0,"off14":-12.0},"id":407},{"type":"Feature","geometry":{"type":"LineString","coordinates":[[-0.4323106055770867,51.629934665467985],[-0.4325867,51.6303762],[-0.4327274,51.63059],[-0.4331464,51.6311927],[-0.4334895,51.6316713],[-0.4337981,51.6320632],[-0.4338862,51.632171],[-0.4339894,51.6322858],[-0.4343789,51.6326953],[-0.4345937,51.63291],[-0.4346714,51.6329877],[-0.4348585,51.6331586],[-0.4351941,51.633463],[-0.4355167,51.6337407],[-0.4357146,51.6339002],[-0.4360286,51.6341452],[-0.4363857,51.6344202],[-0.4367621,51.6346926],[-0.4371364,51.6349496],[-0.4373579,51.6350924],[-0.4377881,51.6353661],[-0.4382753,51.6356565],[-0.4385592,51.6358207],[-0.439013,51.636079],[-0.4395077,51.6363433],[-0.4397788,51.6364715],[-0.4401813,51.6366656],[-0.4403167,51.6367297],[-0.4403986,51.6367684],[-0.4409822,51.6370195],[-0.4416167,51.6372791],[-0.4422534,51.6375221],[-0.4427151,51.6376886],[-0.443399,51.6379151],[-0.4440957,51.6381241],[-0.4447296,51.6383012],[-0.4449238,51.6383554],[-0.4450598,51.6383928],[-0.4457355,51.6385743],[-0.4463186,51.6387301],[-0.4467197,51.6388335],[-0.4470375,51.6389175],[-0.4480127,51.6391732],[-0.4481248,51.6392031],[-0.4484062,51.6392822],[-0.4487241,51.6393701],[-0.4490889,51.6394845],[-0.449285,51.6395547],[-0.4494874,51.6396422],[-0.4497889,51.639783],[-0.4499908,51.6398995],[-0.450215,51.6400537],[-0.4503829,51.6401944],[-0.4505476,51.6403617],[-0.4507191,51.6405421],[-0.4509113,51.6408199],[-0.4510115,51.6410055],[-0.4511087,51.6412222],[-0.4511899,51.6415216],[-0.4512176,51.6418071],[-0.451196,51.6421062],[-0.4511338,51.6423769],[-0.4510651,51.6425585],[-0.4509791,51.6427204],[-0.4508948,51.6428623],[-0.4507793,51.6430223],[-0.4507553,51.6430504],[-0.4506964,51.6431191],[-0.450597,51.6432314],[-0.4504833,51.6433467],[-0.4503697,51.6434468],[-0.4502848,51.6435216],[-0.4500241,51.6437226],[-0.4497879,51.6438736],[-0.4494897,51.6440432],[-0.4492267,51.6441742],[-0.4488057,51.6443433],[-0.4483798,51.6444848],[-0.447759,51.6446795],[-0.4469341,51.6449255],[-0.4462213,51.6451618],[-0.4454708,51.6453933],[-0.4449313,51.6455648],[-0.4443639,51.6457398],[-0.4438618,51.6459189],[-0.4434801,51.6460747],[-0.4431067,51.6462408],[-0.442754,51.6464194],[-0.4424129,51.6466149],[-0.4419367,51.6469102],[-0.4417694,51.6470333],[-0.4417309679818915,51.64706160665949]]},"properties":{"id":"940GZZLUMPK-940GZZLUCXY-Metropolitan","source":"940GZZLUMPK","target":"940GZZLUCXY","sourceName":"Moor Park","targetName":"Croxley","line":"Metropolitan","colour":"#9B0056","color":"#9B0056","traffic":0.0182,"off9":-3.0,"off12":-7.0,"off14":-12.0},"id":408},{"type":"Feature","geometry":{"type":"LineString","coordinates":[[-0.4323106055770867,51.629934665467985],[-0.4322042,51.6297645],[-0.4320382,51.6295142],[-0.4318772,51.6292598],[-0.4315655,51.6287507],[-0.431299,51.6283598],[-0.4311256,51.6281275],[-0.4309097,51.6278306],[-0.43068,51.6275242],[-0.430435,51.6271757],[-0.4300531,51.6266168],[-0.4297263,51.626128],[-0.4294726,51.6257326],[-0.429177,51.6252939],[-0.4289313,51.6249307],[-0.4287246,51.624622],[-0.4284984,51.6242704],[-0.4282644,51.623903],[-0.4280011,51.6234986],[-0.4279229,51.6233802],[-0.427698,51.6230483],[-0.4274708,51.6226894],[-0.4272632,51.6223758],[-0.4270292,51.6220254],[-0.4268186,51.6217124],[-0.4266343,51.6214407],[-0.4264783,51.6211834],[-0.4262872,51.6208626],[-0.4261449,51.6206162],[-0.4259938,51.6203311],[-0.4258524,51.620063],[-0.4257052,51.6197276],[-0.4255989,51.6194837],[-0.425477,51.6191659],[-0.4253649,51.6188662],[-0.4252538,51.6185339],[-0.4251582,51.6181967],[-0.4250656,51.6178117],[-0.4249847,51.6173922],[-0.4249418,51.6170362],[-0.4249077,51.6166906],[-0.4248901,51.6163491],[-0.4248833,51.6157292],[-0.4248745,51.6151965],[-0.424857,51.6147733],[-0.4248443,51.614493],[-0.4248258,51.6143066],[-0.4247868,51.6139839],[-0.4247458,51.6137351],[-0.4246815,51.6134251],[-0.4245879,51.6130685],[-0.4244125,51.6126272],[-0.4242185,51.6120852],[-0.4241249,51.6118312],[-0.4239539,51.6114383],[-0.4238375,51.611152],[-0.4238018219801653,51.611064021537594]]},"properties":{"id":"940GZZLUMPK-940GZZLUNOW-Metropolitan","source":"940GZZLUMPK","target":"940GZZLUNOW","sourceName":"Moor Park","targetName":"Northwood","line":"Metropolitan","colour":"#9B0056","color":"#9B0056","traffic":0.0941,"off9":-3.0,"off12":-7.0,"off14":-12.0},"id":409},{"type":"Feature","geometry":{"type":"LineString","coordinates":[[0.16600422382134633,51.54417702868004],[0.1657586,51.5441383],[0.1656448,51.5441204],[0.1648939,51.5439939],[0.1642679,51.5438872],[0.1639428,51.5438314],[0.1626669,51.5436148],[0.1614179,51.5434008],[0.161011,51.543323],[0.1600245,51.5431525],[0.1595252,51.5430617],[0.1586848,51.5429114],[0.1576323,51.5427271],[0.1566723,51.5425611],[0.1557313,51.5423959],[0.1552447,51.5423152],[0.1545421,51.5422188],[0.1536489,51.5421062],[0.1529447,51.5420289],[0.1520748,51.5419435],[0.1511884,51.5418666],[0.1502299,51.5417946],[0.1494651,51.5417445],[0.14863,51.5416897],[0.1482546,51.5416664],[0.1475906,51.5416202],[0.14752854129209977,51.541616034949456]]},"properties":{"id":"940GZZLUDGE-940GZZLUDGY-District","source":"940GZZLUDGE","target":"940GZZLUDGY","sourceName":"Dagenham East","targetName":"Dagenham Heathway","line":"District","colour":"#00782A","color":"#00782A","traffic":0.1002,"off9":1.5,"off12":3.5,"off14":6.0},"id":410},{"type":"Feature","geometry":{"type":"LineString","coordinates":[[0.16600422382134633,51.54417702868004],[0.1660218,51.5441798],[0.1667066,51.544287],[0.1671713,51.5443556],[0.1679811,51.544488],[0.1687505,51.544596],[0.1695118,51.5447219],[0.1702053,51.5448436],[0.1711902,51.5450097],[0.1721489,51.5451756],[0.1728312,51.5452946],[0.1736336,51.545429],[0.1742828,51.5455428],[0.175018,51.5456686],[0.175865,51.545813],[0.1768593,51.5459844],[0.177606,51.5461126],[0.1788181,51.5463173],[0.1798128,51.5464881],[0.1802933,51.5465699],[0.1816437,51.546804],[0.1830816,51.5470508],[0.1849666,51.5473829],[0.1870674,51.5477502],[0.1873568,51.5478043],[0.1930273,51.5487582],[0.1948812,51.5490793],[0.1963645,51.549334],[0.1982851,51.549662],[0.1986486828333667,51.54972444313409]]},"properties":{"id":"940GZZLUDGE-940GZZLUEPK-District","source":"940GZZLUDGE","target":"940GZZLUEPK","sourceName":"Dagenham East","targetName":"Elm Park","line":"District","colour":"#00782A","color":"#00782A","traffic":0.0218,"off9":1.5,"off12":3.5,"off14":6.0},"id":411},{"type":"Feature","geometry":{"type":"LineString","coordinates":[[0.1986486828333667,51.54972444313409],[0.1998345,51.5499281],[0.2011185,51.5501529],[0.2017574,51.5502736],[0.2024663,51.5504164],[0.205026,51.5509774],[0.2059057,51.5511791],[0.2100745,51.5520998],[0.2152131,51.5532365],[0.215827,51.5533689],[0.2172117,51.5536674],[0.2188202,51.5540105],[0.21912053432566314,51.55407018227766]]},"properties":{"id":"940GZZLUEPK-940GZZLUHCH-District","source":"940GZZLUEPK","target":"940GZZLUHCH","sourceName":"Elm Park","targetName":"Hornchurch","line":"District","colour":"#00782A","color":"#00782A","traffic":0.0205,"off9":1.5,"off12":3.5,"off14":6.0},"id":412},{"type":"Feature","geometry":{"type":"LineString","coordinates":[[0.1986486828333667,51.54972444313409],[0.1982851,51.549662],[0.1963645,51.549334],[0.1948812,51.5490793],[0.1930273,51.5487582],[0.1873568,51.5478043],[0.1870674,51.5477502],[0.1849666,51.5473829],[0.1830816,51.5470508],[0.1816437,51.546804],[0.1802933,51.5465699],[0.1798128,51.5464881],[0.1788181,51.5463173],[0.177606,51.5461126],[0.1768593,51.5459844],[0.175865,51.545813],[0.175018,51.5456686],[0.1742828,51.5455428],[0.1736336,51.545429],[0.1728312,51.5452946],[0.1721489,51.5451756],[0.1711902,51.5450097],[0.1702053,51.5448436],[0.1695118,51.5447219],[0.1687505,51.544596],[0.1679811,51.544488],[0.1671713,51.5443556],[0.1667066,51.544287],[0.1660218,51.5441798],[0.16600422382134633,51.54417702868004]]},"properties":{"id":"940GZZLUEPK-940GZZLUDGE-District","source":"940GZZLUEPK","target":"940GZZLUDGE","sourceName":"Elm Park","targetName":"Dagenham East","line":"District","colour":"#00782A","color":"#00782A","traffic":0.0747,"off9":1.5,"off12":3.5,"off14":6.0},"id":413},{"type":"Feature","geometry":{"type":"LineString","coordinates":[[0.0837814864494667,51.64538713455476],[0.0835733,51.6452929],[0.0825886,51.6448886],[0.0822554,51.6447594],[0.0813931,51.6444606],[0.080268,51.6441109],[0.079095,51.6437828],[0.0779108,51.6434907],[0.0765125,51.6431716],[0.0741765,51.6427335],[0.0726396,51.642504],[0.070794,51.6422811],[0.0694967,51.6421738],[0.0692566,51.6421559],[0.0675248,51.6420689],[0.0663144,51.6420328],[0.065176,51.6420111],[0.063895,51.6420443],[0.0627458,51.6420828],[0.06035,51.6421794],[0.0594984,51.642209],[0.0592557,51.6422066],[0.0590434,51.6422023],[0.0587834,51.6421901],[0.0586023,51.6421778],[0.0583771,51.6421588],[0.058192,51.6421394],[0.0580205,51.6421194],[0.0578683,51.6420982],[0.0577272,51.6420762],[0.0574194,51.6420154],[0.0573412,51.6420006],[0.0570113,51.6419417],[0.0567678,51.6418923],[0.0565901,51.6418501],[0.0563806,51.6417896],[0.05613,51.6417099],[0.0559068,51.6416226],[0.0557477,51.6415539],[0.05548364266697645,51.64142708611026]]},"properties":{"id":"940GZZLUDBN-940GZZLULGN-Central","source":"940GZZLUDBN","target":"940GZZLULGN","sourceName":"Debden","targetName":"Loughton","line":"Central","colour":"#E32017","color":"#E32017","traffic":0.0722,"off9":0.0,"off12":0.0,"off14":0.0},"id":414},{"type":"Feature","geometry":{"type":"LineString","coordinates":[[0.0837814864494667,51.64538713455476],[0.0843578,51.645648],[0.0851168,51.6460414],[0.0856397,51.6463562],[0.0861444,51.646694],[0.0866294,51.6470006],[0.088426,51.648129],[0.0898684,51.6491769],[0.0910064,51.6501762],[0.0919938,51.6511547],[0.0935863,51.6529724],[0.0944803,51.6542834],[0.0952929,51.6557031],[0.0963331,51.6575132],[0.0971812,51.658734],[0.0987628,51.6606765],[0.099413,51.6615192],[0.0999359,51.6623528],[0.1004989,51.6634773],[0.1008381,51.6643584],[0.1010633,51.6652209],[0.1012684,51.6664034],[0.1013511,51.6669863],[0.1014766,51.6675348],[0.1017367,51.6683557],[0.101911,51.6687453],[0.1024868,51.669932],[0.1028623,51.6708047],[0.102873,51.6708284],[0.1028833,51.6708533],[0.1029618,51.6710263],[0.1029868,51.671084],[0.10301,51.6711374],[0.1030662,51.6712605],[0.103077,51.6712862],[0.103089,51.6713117],[0.1031076,51.6713536],[0.1031328,51.6714102],[0.1031627,51.6714783],[0.1031945,51.6715489],[0.1032261,51.6716198],[0.1032489,51.6716712],[0.10325397168960267,51.671682385507204]]},"properties":{"id":"940GZZLUDBN-940GZZLUTHB-Central","source":"940GZZLUDBN","target":"940GZZLUTHB","sourceName":"Debden","targetName":"Theydon Bois","line":"Central","colour":"#E32017","color":"#E32017","traffic":0.0101,"off9":0.0,"off12":0.0,"off14":0.0},"id":415},{"type":"Feature","geometry":{"type":"LineString","coordinates":[[0.10325397168960267,51.671682385507204],[0.1032489,51.6716712],[0.1032261,51.6716198],[0.1031945,51.6715489],[0.1031627,51.6714783],[0.1031328,51.6714102],[0.1031076,51.6713536],[0.103089,51.6713117],[0.103077,51.6712862],[0.1030662,51.6712605],[0.10301,51.6711374],[0.1029868,51.671084],[0.1029618,51.6710263],[0.1028833,51.6708533],[0.102873,51.6708284],[0.1028623,51.6708047],[0.1024868,51.669932],[0.101911,51.6687453],[0.1017367,51.6683557],[0.1014766,51.6675348],[0.1013511,51.6669863],[0.1012684,51.6664034],[0.1010633,51.6652209],[0.1008381,51.6643584],[0.1004989,51.6634773],[0.0999359,51.6623528],[0.099413,51.6615192],[0.0987628,51.6606765],[0.0971812,51.658734],[0.0963331,51.6575132],[0.0952929,51.6557031],[0.0944803,51.6542834],[0.0935863,51.6529724],[0.0919938,51.6511547],[0.0910064,51.6501762],[0.0898684,51.6491769],[0.088426,51.648129],[0.0866294,51.6470006],[0.0861444,51.646694],[0.0856397,51.6463562],[0.0851168,51.6460414],[0.0843578,51.645648],[0.0837814864494667,51.64538713455476]]},"properties":{"id":"940GZZLUTHB-940GZZLUDBN-Central","source":"940GZZLUTHB","target":"940GZZLUDBN","sourceName":"Theydon Bois","targetName":"Debden","line":"Central","colour":"#E32017","color":"#E32017","traffic":0.0517,"off9":0.0,"off12":0.0,"off14":0.0},"id":416},{"type":"Feature","geometry":{"type":"LineString","coordinates":[[0.10325397168960267,51.671682385507204],[0.1032708,51.6717195],[0.103289,51.67176],[0.1033084,51.6718049],[0.1033117,51.6718129],[0.1033152,51.6718201],[0.1033209,51.6718347],[0.1033338,51.6718619],[0.103346,51.6718893],[0.1033581,51.6719165],[0.1033714,51.6719465],[0.1033846,51.6719762],[0.1034105,51.6720343],[0.1036017,51.6724641],[0.1036625,51.6726076],[0.1037198,51.672731],[0.1038136,51.6729169],[0.1054036,51.6765629],[0.1067782,51.679704],[0.1076489,51.6816311],[0.1093155,51.6853653],[0.1103523,51.6877061],[0.1104133,51.6878354],[0.1111275,51.6894704],[0.1113899,51.6901423],[0.1116214,51.6905976],[0.1119352,51.691136],[0.112094,51.6914146],[0.1121447,51.6914917],[0.1122732,51.6916869],[0.1127632,51.6922826],[0.112972,51.6925396],[0.1131803,51.6927845]]},"properties":{"id":"940GZZLUTHB-940GZZLUEPG-Central","source":"940GZZLUTHB","target":"940GZZLUEPG","sourceName":"Theydon Bois","targetName":"Epping","line":"Central","colour":"#E32017","color":"#E32017","traffic":0.0092,"off9":0.0,"off12":0.0,"off14":0.0},"id":417},{"type":"Feature","geometry":{"type":"LineString","coordinates":[[-0.2390652303548229,51.55197185752698],[-0.2380393,51.5518033],[-0.2373902,51.5516899],[-0.2364196,51.5515288],[-0.2355242,51.5513825],[-0.2332794,51.5510449],[-0.2330437,51.551004],[-0.228261,51.5502432],[-0.2280266,51.5502077],[-0.2273342,51.5501041],[-0.2252707,51.5497777],[-0.2239159,51.5495644],[-0.223096,51.5494392],[-0.222145,51.5492903],[-0.22152949055550794,51.54919399449354]]},"properties":{"id":"940GZZLUDOH-940GZZLUWIG-Jubilee","source":"940GZZLUDOH","target":"940GZZLUWIG","sourceName":"Dollis Hill","targetName":"Willesden Green","line":"Jubilee","colour":"#A0A5A9","color":"#A0A5A9","traffic":0.2227,"off9":0.0,"off12":0.0,"off14":0.0},"id":418},{"type":"Feature","geometry":{"type":"LineString","coordinates":[[-0.2390652303548229,51.55197185752698],[-0.2393406,51.5520171],[-0.2398693,51.5521001],[-0.2406501,51.5522119],[-0.241519,51.5523461],[-0.2434065,51.5526217],[-0.2441804,51.5527384],[-0.2453307,51.5529411],[-0.2465959,51.5531981],[-0.2472248,51.553345],[-0.2482273,51.5536079],[-0.2494698,51.553949],[-0.24982186617430974,51.554042801780284]]},"properties":{"id":"940GZZLUDOH-940GZZLUNDN-Jubilee","source":"940GZZLUDOH","target":"940GZZLUNDN","sourceName":"Dollis Hill","targetName":"Neasden","line":"Jubilee","colour":"#A0A5A9","color":"#A0A5A9","traffic":0.0632,"off9":0.0,"off12":0.0,"off14":0.0},"id":419},{"type":"Feature","geometry":{"type":"LineString","coordinates":[[-0.22151370992315325,51.549294813492374],[-0.2211852,51.5492434],[-0.2210575,51.5492209],[-0.220925,51.5491975],[-0.2206844,51.5491551],[-0.2196877,51.5489971],[-0.2184399,51.5487758],[-0.210433,51.5475317],[-0.2094472,51.5473748],[-0.2084528,51.5472421],[-0.2077421,51.547165],[-0.207143,51.5471223],[-0.2063873,51.5470911],[-0.2053143,51.5470528],[-0.2047482,51.5470289],[-0.2045117,51.547016],[-0.2042625555712753,51.546996550063184]]},"properties":{"id":"940GZZLUWIG-940GZZLUKBN-Jubilee","source":"940GZZLUWIG","target":"940GZZLUKBN","sourceName":"Willesden Green","targetName":"Kilburn","line":"Jubilee","colour":"#A0A5A9","color":"#A0A5A9","traffic":0.2915,"off9":0.0,"off12":0.0,"off14":0.0},"id":420},{"type":"Feature","geometry":{"type":"LineString","coordinates":[[-0.22152949055550794,51.54919399449354],[-0.222145,51.5492903],[-0.223096,51.5494392],[-0.2239159,51.5495644],[-0.2252707,51.5497777],[-0.2273342,51.5501041],[-0.2280266,51.5502077],[-0.228261,51.5502432],[-0.2330437,51.551004],[-0.2332794,51.5510449],[-0.2355242,51.5513825],[-0.2364196,51.5515288],[-0.2373902,51.5516899],[-0.2380393,51.5518033],[-0.2390652303548229,51.55197185752698]]},"properties":{"id":"940GZZLUWIG-940GZZLUDOH-Jubilee","source":"940GZZLUWIG","target":"940GZZLUDOH","sourceName":"Willesden Green","targetName":"Dollis Hill","line":"Jubilee","colour":"#A0A5A9","color":"#A0A5A9","traffic":0.0642,"off9":0.0,"off12":0.0,"off14":0.0},"id":421},{"type":"Feature","geometry":{"type":"LineString","coordinates":[[-0.24982186617430974,51.554042801780284],[-0.2498395,51.5540475],[-0.2514685,51.5544596],[-0.2520389,51.554607],[-0.2534548,51.5549533],[-0.254069,51.5551181],[-0.2545394,51.555256],[-0.2548974,51.5553512],[-0.2551321,51.555419],[-0.2561426,51.5556891],[-0.2570703,51.5559477],[-0.2580385,51.5562313],[-0.2584481,51.5563548],[-0.2591218,51.5565645],[-0.2598808,51.5568163],[-0.2612104,51.5572815],[-0.2616618,51.5574499],[-0.262107,51.5576107],[-0.2629949,51.5579635],[-0.2634529,51.5581495],[-0.264064,51.5584072],[-0.265335,51.5589383],[-0.265578,51.5590415],[-0.2659276,51.559186],[-0.2662813,51.5593287],[-0.2668873,51.5595797],[-0.2674248,51.5598125],[-0.2679756,51.5600412],[-0.2691473,51.5605179],[-0.2712586,51.5613264],[-0.2718446,51.5615461],[-0.272412,51.5617447],[-0.2728406,51.5618831],[-0.2732708,51.5620064],[-0.2736612,51.5621122],[-0.2740933,51.5622118],[-0.2751477,51.5624269],[-0.2774612,51.562865],[-0.2777091,51.5629194],[-0.2779306,51.5629748],[-0.2781589,51.5630356],[-0.2783816,51.5631006],[-0.2788865,51.5632745],[-0.27919596531508484,51.56338423144165]]},"properties":{"id":"940GZZLUNDN-940GZZLUWYP-Jubilee","source":"940GZZLUNDN","target":"940GZZLUWYP","sourceName":"Neasden","targetName":"Wembley Park","line":"Jubilee","colour":"#A0A5A9","color":"#A0A5A9","traffic":0.0622,"off9":0.0,"off12":0.0,"off14":0.0},"id":422},{"type":"Feature","geometry":{"type":"LineString","coordinates":[[-0.24982186617430974,51.554042801780284],[-0.2494698,51.553949],[-0.2482273,51.5536079],[-0.2472248,51.553345],[-0.2465959,51.5531981],[-0.2453307,51.5529411],[-0.2441804,51.5527384],[-0.2434065,51.5526217],[-0.241519,51.5523461],[-0.2406501,51.5522119],[-0.2398693,51.5521001],[-0.2393406,51.5520171],[-0.2390652303548229,51.55197185752698]]},"properties":{"id":"940GZZLUNDN-940GZZLUDOH-Jubilee","source":"940GZZLUNDN","target":"940GZZLUDOH","sourceName":"Neasden","targetName":"Dollis Hill","line":"Jubilee","colour":"#A0A5A9","color":"#A0A5A9","traffic":0.1966,"off9":0.0,"off12":0.0,"off14":0.0},"id":423},{"type":"Feature","geometry":{"type":"LineString","coordinates":[[-0.2980323,51.5151875],[-0.296948,51.5151872],[-0.2963954,51.5151967],[-0.296014,51.5152061],[-0.2955356,51.5152139],[-0.2953429,51.515219],[-0.2951931,51.5152275],[-0.2950442,51.5152361],[-0.2949306,51.5152457],[-0.2947768,51.5152669],[-0.2945814,51.5152936],[-0.2944088,51.5153225],[-0.2942392,51.5153528],[-0.2940537,51.5153938],[-0.2938587,51.5154444],[-0.2934367,51.5155686],[-0.293271,51.5156195],[-0.293122,51.5156672],[-0.2928907,51.5157328],[-0.2927356,51.5157678],[-0.2926395,51.5157912],[-0.292487,51.5158229],[-0.2923551,51.5158442],[-0.2922106,51.5158665],[-0.2920448,51.5158862],[-0.2919145,51.5158966],[-0.2917689,51.5159039],[-0.2916502,51.5159076],[-0.2915731,51.5159118],[-0.2914599,51.5159134],[-0.2913336,51.51591],[-0.2911746,51.5159072],[-0.2910264,51.5158997],[-0.2909268,51.515894],[-0.290807,51.5158857],[-0.2906898,51.5158764],[-0.2905488,51.5158628],[-0.2903338,51.5158326],[-0.2901991,51.5158094],[-0.2901132,51.5157906],[-0.2900245,51.5157707],[-0.2898858,51.5157349],[-0.2897277,51.515687],[-0.2895947,51.5156417],[-0.2894709,51.5155958],[-0.2893547,51.515542],[-0.289223,51.515479],[-0.2891517,51.5154395],[-0.2890587,51.5153889],[-0.2889897,51.5153436],[-0.2888416,51.5152448],[-0.2886751,51.5151218],[-0.288308,51.5147974],[-0.2882068,51.5146948],[-0.2881092,51.5145825],[-0.2879918,51.5144333],[-0.2878825,51.5142277],[-0.2878399,51.5141322],[-0.287796,51.5140203],[-0.2877665,51.5138914],[-0.287739,51.5137398],[-0.2877285,51.5135491],[-0.2877471,51.5133699],[-0.2877825,51.513207],[-0.2878226,51.5130705],[-0.2879631,51.5126501],[-0.2880328,51.5124182],[-0.2880662,51.5122419],[-0.288104,51.5119452],[-0.2882095,51.5110113],[-0.2882484,51.5106479],[-0.2882686,51.5102288],[-0.2882658096722075,51.51013997456527]]},"properties":{"id":"940GZZLUEBY-940GZZLUECM-District","source":"940GZZLUEBY","target":"940GZZLUECM","sourceName":"Ealing Broadway","targetName":"Ealing Common","line":"District","colour":"#00782A","color":"#00782A","traffic":0.0533,"off9":1.5,"off12":3.5,"off14":6.0},"id":424},{"type":"Feature","geometry":{"type":"LineString","coordinates":[[-0.3011993,51.5150173],[-0.3010518,51.5150298],[-0.3006517,51.5150469],[-0.3000928,51.5150507],[-0.2997233,51.5150486],[-0.2987404,51.51504],[-0.2985599,51.5150377],[-0.2967041,51.5150789],[-0.2965288,51.5150851],[-0.2958487,51.5151015],[-0.295073,51.515117],[-0.2942482,51.5151255],[-0.2921469,51.5151176],[-0.2917521,51.5151066],[-0.2898494,51.5150727],[-0.2877241,51.5150696],[-0.2871032,51.5150939],[-0.2864232,51.5151608],[-0.2858799,51.5152538],[-0.2853452,51.5153816],[-0.2847992,51.5155562],[-0.2842646,51.5157763],[-0.2836552,51.5160968],[-0.2831005,51.5164636],[-0.2825258,51.5168689],[-0.2813564,51.5176976],[-0.28096320199731256,51.517977393516205]]},"properties":{"id":"940GZZLUEBY-940GZZLUWTA-Central","source":"940GZZLUEBY","target":"940GZZLUWTA","sourceName":"Ealing Broadway","targetName":"West Acton","line":"Central","colour":"#E32017","color":"#E32017","traffic":0.1104,"off9":0.0,"off12":0.0,"off14":0.0},"id":425},{"type":"Feature","geometry":{"type":"LineString","coordinates":[[-0.28098,51.518001],[-0.259755,51.523524]]},"properties":{"id":"940GZZLUWTA-940GZZLUNAN-Central","source":"940GZZLUWTA","target":"940GZZLUNAN","sourceName":"West Acton","targetName":"North Acton","line":"Central","colour":"#E32017","color":"#E32017","traffic":0.1226,"off9":0.0,"off12":0.0,"off14":0.0},"id":426},{"type":"Feature","geometry":{"type":"LineString","coordinates":[[-0.28096320199731256,51.517977393516205],[-0.2813564,51.5176976],[-0.2825258,51.5168689],[-0.2831005,51.5164636],[-0.2836552,51.5160968],[-0.2842646,51.5157763],[-0.2847992,51.5155562],[-0.2853452,51.5153816],[-0.2858799,51.5152538],[-0.2864232,51.5151608],[-0.2871032,51.5150939],[-0.2877241,51.5150696],[-0.2898494,51.5150727],[-0.2917521,51.5151066],[-0.2921469,51.5151176],[-0.2942482,51.5151255],[-0.295073,51.515117],[-0.2958487,51.5151015],[-0.2965288,51.5150851],[-0.2967041,51.5150789],[-0.2985599,51.5150377],[-0.2987404,51.51504],[-0.2997233,51.5150486],[-0.3000928,51.5150507],[-0.3006517,51.5150469],[-0.3010518,51.5150298],[-0.3011993,51.5150173]]},"properties":{"id":"940GZZLUWTA-940GZZLUEBY-Central","source":"940GZZLUWTA","target":"940GZZLUEBY","sourceName":"West Acton","targetName":"Ealing Broadway","line":"Central","colour":"#E32017","color":"#E32017","traffic":0.0437,"off9":0.0,"off12":0.0,"off14":0.0},"id":427},{"type":"Feature","geometry":{"type":"LineString","coordinates":[[-0.28882337570511785,51.51746496520546],[-0.2887775,51.5175161],[-0.2885397,51.5177641],[-0.288324,51.5179622],[-0.2881202,51.5181292],[-0.287838,51.5183378],[-0.2876871,51.5184388],[-0.2874217,51.5186193],[-0.2870881,51.5188171],[-0.2867841,51.519002],[-0.2862059,51.5193618],[-0.2857682,51.5196476],[-0.2855118,51.5198454],[-0.2853633,51.5199674],[-0.2850682,51.5202305],[-0.2848563,51.5204405],[-0.2846247,51.5207036],[-0.2844751,51.520902],[-0.284287,51.5211614],[-0.2841504,51.521385],[-0.2840227,51.521637],[-0.2838949,51.5219062],[-0.2838662,51.5219986],[-0.2838167,51.5221421],[-0.2837405,51.5223929],[-0.283693,51.5226208],[-0.2836613,51.5228759],[-0.2836385,51.5231586],[-0.2836217,51.5234124],[-0.2836187,51.5235412],[-0.2836088,51.5237605],[-0.2836128,51.5238591],[-0.2836147,51.5240223],[-0.2836207,51.524278],[-0.28363,51.5246209],[-0.2836738,51.525067],[-0.283763,51.5256828],[-0.2837925,51.5258646],[-0.2838341,51.5260392],[-0.2838825,51.5262163],[-0.2839315,51.5263688],[-0.283982,51.526521],[-0.2840343,51.526657],[-0.2840925,51.5267988],[-0.2841593,51.5269401],[-0.2842873,51.5271501],[-0.2842900146093894,51.52715449457913]]},"properties":{"id":"940GZZLUNEN-940GZZLUPKR-Piccadilly","source":"940GZZLUNEN","target":"940GZZLUPKR","sourceName":"North Ealing","targetName":"Park Royal","line":"Piccadilly","colour":"#003688","color":"#003688","traffic":0.0438,"off9":-1.5,"off12":-3.5,"off14":-6.0},"id":428},{"type":"Feature","geometry":{"type":"LineString","coordinates":[[-0.28882337570511785,51.51746496520546],[-0.2890453,51.5172176],[-0.2892317,51.5169823],[-0.2893307,51.5168591],[-0.2894238,51.5167032],[-0.2894772,51.5165787],[-0.2895079,51.5164746],[-0.2895267,51.5162651],[-0.2895102,51.5161094],[-0.2894574,51.5159373],[-0.289332,51.5157772],[-0.289208,51.5156266],[-0.2888953,51.5153381],[-0.2886751,51.5151218],[-0.288308,51.5147974],[-0.2882068,51.5146948],[-0.2881092,51.5145825],[-0.2879918,51.5144333],[-0.2878825,51.5142277],[-0.2878399,51.5141322],[-0.287796,51.5140203],[-0.2877665,51.5138914],[-0.287739,51.5137398],[-0.2877285,51.5135491],[-0.2877471,51.5133699],[-0.2877825,51.513207],[-0.2878226,51.5130705],[-0.2879631,51.5126501],[-0.2880328,51.5124182],[-0.2880662,51.5122419],[-0.288104,51.5119452],[-0.2882095,51.5110113],[-0.2882484,51.5106479],[-0.2882686,51.5102288],[-0.2882658096722075,51.51013997456527]]},"properties":{"id":"940GZZLUNEN-940GZZLUECM-Piccadilly","source":"940GZZLUNEN","target":"940GZZLUECM","sourceName":"North Ealing","targetName":"Ealing Common","line":"Piccadilly","colour":"#003688","color":"#003688","traffic":0.1293,"off9":-1.5,"off12":-3.5,"off14":-6.0},"id":429},{"type":"Feature","geometry":{"type":"LineString","coordinates":[[-0.1826723589015375,51.49422913802379],[-0.1827544,51.4942427],[-0.1831711,51.4943389],[-0.1834859,51.4944067],[-0.1842391,51.4945698],[-0.1847196,51.4946779],[-0.1857296,51.4949685],[-0.1861855,51.4950565],[-0.1866372,51.4950855],[-0.1871501,51.4950765],[-0.1877518,51.4950232],[-0.1883081,51.4949127],[-0.1885776,51.4948413],[-0.1889791,51.4947222],[-0.1893054,51.494594],[-0.1897722,51.4943799],[-0.1903853,51.4940997],[-0.1911157,51.4936167],[-0.1914938,51.4933741],[-0.1925121,51.4927057],[-0.1931882,51.4922565],[-0.19340841225228989,51.49210814174556]]},"properties":{"id":"940GZZLUGTR-940GZZLUECT-Piccadilly","source":"940GZZLUGTR","target":"940GZZLUECT","sourceName":"Gloucester Road","targetName":"Earls Court","line":"Piccadilly","colour":"#003688","color":"#003688","traffic":0.2669,"off9":-1.5,"off12":-3.5,"off14":-6.0},"id":430},{"type":"Feature","geometry":{"type":"LineString","coordinates":[[-0.18265540042585823,51.49432652691796],[-0.1827051,51.4943388],[-0.1843266,51.4946876],[-0.1852745,51.494868],[-0.1856131,51.4949223],[-0.1858688,51.4949656],[-0.185952,51.4949756],[-0.1862279,51.4950102],[-0.1868742,51.4950465],[-0.1871358,51.4950401],[-0.1873692,51.4950287],[-0.1876751,51.4950015],[-0.1879464,51.494959],[-0.1882709,51.4948982],[-0.1885115,51.4948408],[-0.1893097,51.4945038],[-0.1895184,51.4943953],[-0.191087,51.4935686],[-0.1919497,51.4929769]]},"properties":{"id":"940GZZLUGTR-940GZZLUECT-District","source":"940GZZLUGTR","target":"940GZZLUECT","sourceName":"Gloucester Road","targetName":"Earls Court","line":"District","colour":"#00782A","color":"#00782A","traffic":0.2669,"off9":1.5,"off12":3.5,"off14":6.0},"id":431},{"type":"Feature","geometry":{"type":"LineString","coordinates":[[-0.1826723589015375,51.49422913802379],[-0.1823376,51.4941738],[-0.1818271,51.4941],[-0.1813199,51.4940179],[-0.180186,51.4938244],[-0.1797031,51.4937781],[-0.1792165,51.4937934],[-0.1784448,51.493862],[-0.1765938,51.4940543],[-0.1760222,51.4941089],[-0.1753651,51.4941688],[-0.1751217,51.4941863],[-0.1747911,51.4942002],[-0.1745607,51.494203],[-0.1743191,51.4941486],[-0.1741342045417888,51.49411470249933]]},"properties":{"id":"940GZZLUGTR-940GZZLUSKS-Piccadilly","source":"940GZZLUGTR","target":"940GZZLUSKS","sourceName":"Gloucester Road","targetName":"South Kensington","line":"Piccadilly","colour":"#003688","color":"#003688","traffic":0.45,"off9":-1.5,"off12":-3.5,"off14":-6.0},"id":432},{"type":"Feature","geometry":{"type":"LineString","coordinates":[[-0.18265058517325625,51.494347393201394],[-0.1810625,51.4939723],[-0.1808628,51.4939255],[-0.180546,51.493838],[-0.1801884,51.4937573],[-0.1796923,51.493714],[-0.17919,51.4937347],[-0.1788538,51.4937556],[-0.177795,51.4938471],[-0.1777113,51.4938544],[-0.1776067,51.4938642],[-0.1775354,51.4938696],[-0.1761283,51.4939912],[-0.1753456,51.4940589],[-0.1748801,51.4940841],[-0.1746085,51.4940868],[-0.1743466,51.4940947],[-0.1741387145382556,51.494082157190014]]},"properties":{"id":"940GZZLUGTR-940GZZLUSKS-Circle","source":"940GZZLUGTR","target":"940GZZLUSKS","sourceName":"Gloucester Road","targetName":"South Kensington","line":"Circle","colour":"#FFD300","color":"#FFD300","traffic":0.45,"off9":3.0,"off12":7.0,"off14":12.0},"id":433},{"type":"Feature","geometry":{"type":"LineString","coordinates":[[-0.18265540042585823,51.49432652691796],[-0.1810764,51.4939366],[-0.1801884,51.4937573],[-0.1796923,51.493714],[-0.17919,51.4937347],[-0.1788538,51.4937556],[-0.177795,51.4938471],[-0.1777113,51.4938544],[-0.1776067,51.4938642],[-0.1775354,51.4938696],[-0.1761283,51.4939912],[-0.1753456,51.4940589],[-0.1748801,51.4940841],[-0.1746085,51.4940868],[-0.1743466,51.4940947],[-0.1741387145382556,51.494082157190014]]},"properties":{"id":"940GZZLUGTR-940GZZLUSKS-District","source":"940GZZLUGTR","target":"940GZZLUSKS","sourceName":"Gloucester Road","targetName":"South Kensington","line":"District","colour":"#00782A","color":"#00782A","traffic":0.45,"off9":1.5,"off12":3.5,"off14":6.0},"id":434},{"type":"Feature","geometry":{"type":"LineString","coordinates":[[-0.18265058517325625,51.494347393201394],[-0.1830342,51.494438],[-0.184315,51.4947089],[-0.1848898,51.4948177],[-0.1854238,51.4949371],[-0.1857522,51.4949918],[-0.1860207,51.4950754],[-0.1863795,51.4952635],[-0.1867318,51.4954535],[-0.1870497,51.495665],[-0.1873432,51.4959102],[-0.1874978,51.4960588],[-0.187606,51.4961603],[-0.1879601,51.4965729],[-0.1881369,51.4969264],[-0.188269,51.497151],[-0.1892135,51.4981324],[-0.1895721,51.498411],[-0.189689,51.4984926],[-0.189788,51.4985508],[-0.1905709,51.499015],[-0.1907496,51.4991264],[-0.1909564,51.4992743],[-0.1916464,51.4999186],[-0.1919086,51.5001747],[-0.1921683,51.5004362],[-0.1922323,51.5005016],[-0.19266,51.5009411],[-0.19276769855201792,51.50107460411981]]},"properties":{"id":"940GZZLUGTR-940GZZLUHSK-Circle","source":"940GZZLUGTR","target":"940GZZLUHSK","sourceName":"Gloucester Road","targetName":"High Street Kensington","line":"Circle","colour":"#FFD300","color":"#FFD300","traffic":0.0824,"off9":3.0,"off12":7.0,"off14":12.0},"id":435},{"type":"Feature","geometry":{"type":"LineString","coordinates":[[-0.19276769855201792,51.50107460411981],[-0.193223,51.501639],[-0.1934199,51.5020038],[-0.1936652,51.5024602],[-0.194026,51.5032295],[-0.1943087,51.504054],[-0.1943335,51.5041373],[-0.1951787,51.5064164],[-0.1953334,51.5068303],[-0.1957247,51.5078611],[-0.1957828,51.5080949],[-0.1957863,51.5081093],[-0.1960119,51.5086966],[-0.1960414,51.5087729],[-0.1960488,51.5087925],[-0.1960554,51.5088138],[-0.1960599,51.5088282],[-0.1960729,51.5088812],[-0.1960794,51.5089107],[-0.1960847,51.5089435],[-0.1960883,51.5090662],[-0.19608517086968555,51.509127031441615]]},"properties":{"id":"940GZZLUHSK-940GZZLUNHG-Circle","source":"940GZZLUHSK","target":"940GZZLUNHG","sourceName":"High Street Kensington","targetName":"Notting Hill Gate","line":"Circle","colour":"#FFD300","color":"#FFD300","traffic":0.0875,"off9":3.0,"off12":7.0,"off14":12.0},"id":436},{"type":"Feature","geometry":{"type":"LineString","coordinates":[[-0.19276769855201792,51.50107460411981],[-0.193223,51.501639],[-0.1934199,51.5020038],[-0.1936652,51.5024602],[-0.194026,51.5032295],[-0.1943087,51.504054],[-0.1943335,51.5041373],[-0.1951787,51.5064164],[-0.1953334,51.5068303],[-0.1957247,51.5078611],[-0.1957828,51.5080949],[-0.1957863,51.5081093],[-0.1960119,51.5086966],[-0.1960414,51.5087729],[-0.1960488,51.5087925],[-0.1960554,51.5088138],[-0.1960599,51.5088282],[-0.1960729,51.5088812],[-0.1960794,51.5089107],[-0.1960847,51.5089435],[-0.1960883,51.5090662],[-0.19608517086968555,51.509127031441615]]},"properties":{"id":"940GZZLUHSK-940GZZLUNHG-District","source":"940GZZLUHSK","target":"940GZZLUNHG","sourceName":"High Street Kensington","targetName":"Notting Hill Gate","line":"District","colour":"#00782A","color":"#00782A","traffic":0.0875,"off9":1.5,"off12":3.5,"off14":6.0},"id":437},{"type":"Feature","geometry":{"type":"LineString","coordinates":[[-0.19276769855201792,51.50107460411981],[-0.19266,51.5009411],[-0.1922323,51.5005016],[-0.1921683,51.5004362],[-0.1919086,51.5001747],[-0.1916464,51.4999186],[-0.1909564,51.4992743],[-0.1907496,51.4991264],[-0.1905709,51.499015],[-0.189788,51.4985508],[-0.189689,51.4984926],[-0.1895721,51.498411],[-0.1892135,51.4981324],[-0.188269,51.497151],[-0.1881369,51.4969264],[-0.1879601,51.4965729],[-0.187606,51.4961603],[-0.1874978,51.4960588],[-0.1873432,51.4959102],[-0.1870497,51.495665],[-0.1867318,51.4954535],[-0.1863795,51.4952635],[-0.1860207,51.4950754],[-0.1857522,51.4949918],[-0.1854238,51.4949371],[-0.1848898,51.4948177],[-0.184315,51.4947089],[-0.1830342,51.494438],[-0.18265058517325625,51.494347393201394]]},"properties":{"id":"940GZZLUHSK-940GZZLUGTR-Circle","source":"940GZZLUHSK","target":"940GZZLUGTR","sourceName":"High Street Kensington","targetName":"Gloucester Road","line":"Circle","colour":"#FFD300","color":"#FFD300","traffic":0.096,"off9":3.0,"off12":7.0,"off14":12.0},"id":438},{"type":"Feature","geometry":{"type":"LineString","coordinates":[[-0.1902609,51.4987789],[-0.1898205,51.4985298],[-0.1896135,51.4983975],[-0.1892542,51.4980981],[-0.1886986,51.4975463],[-0.1883001,51.4971308],[-0.1882071,51.4969554],[-0.1881686,51.4968668],[-0.1881388,51.4967783],[-0.1881279,51.4966748],[-0.1881204,51.4963413],[-0.1881982,51.4960891],[-0.1882453,51.4959698],[-0.1883482,51.495787],[-0.1885469,51.4955488],[-0.1888186,51.4951142],[-0.1889819,51.4948396],[-0.1892797,51.4944962],[-0.1897559,51.4942365],[-0.1901948,51.4940049],[-0.1910507,51.4935348],[-0.1917237,51.4930769],[-0.192348,51.4926687]]},"properties":{"id":"940GZZLUHSK-940GZZLUECT-District","source":"940GZZLUHSK","target":"940GZZLUECT","sourceName":"High Street Kensington","targetName":"Earls Court","line":"District","colour":"#00782A","color":"#00782A","traffic":0.0658,"off9":1.5,"off12":3.5,"off14":6.0},"id":439},{"type":"Feature","geometry":{"type":"LineString","coordinates":[[-0.19559606535117768,51.4872727992401],[-0.195556,51.4872483],[-0.1953946,51.4871497],[-0.1951699,51.4870207],[-0.1949327,51.4868851],[-0.1947947,51.4868015],[-0.1946896,51.486738],[-0.1945516,51.486646],[-0.1943602,51.486504],[-0.1942456,51.4864161],[-0.1941445,51.4863374],[-0.1939945,51.4862157],[-0.1938394,51.4860916],[-0.1935925,51.4858944],[-0.1933989,51.4857153],[-0.1920318,51.4843512],[-0.1917934,51.484078],[-0.1917008,51.4838826],[-0.1916036,51.4835644],[-0.191606,51.4833162],[-0.1916759,51.4830279],[-0.1919311,51.4826531],[-0.1921091,51.4824793],[-0.1929906,51.4818885],[-0.1935667,51.4814975],[-0.1936885,51.4814083],[-0.1940019,51.4812009],[-0.1944031,51.4809244],[-0.194799,51.4806333],[-0.1952871,51.4802019],[-0.19539630057084398,51.480061072174486]]},"properties":{"id":"940GZZLUWBN-940GZZLUFBY-District","source":"940GZZLUWBN","target":"940GZZLUFBY","sourceName":"West Brompton","targetName":"Fulham Broadway","line":"District","colour":"#00782A","color":"#00782A","traffic":0.1807,"off9":1.5,"off12":3.5,"off14":6.0},"id":440},{"type":"Feature","geometry":{"type":"LineString","coordinates":[[-0.19559606535117768,51.4872727992401],[-0.1956309,51.4872941],[-0.1957497,51.4873711],[-0.1959141,51.4874947],[-0.1963775,51.487904],[-0.1967175,51.4882692],[-0.1969005,51.4884875],[-0.197047,51.4887779],[-0.1970727,51.4889678],[-0.1970542,51.4892213],[-0.1969741,51.4894694],[-0.1968136,51.4897039],[-0.1965672,51.4899247],[-0.1963175,51.4900854],[-0.1961074,51.4901958],[-0.1957942,51.490411],[-0.1955532,51.4905574],[-0.195366,51.4906764],[-0.1951236,51.4908422],[-0.1946445,51.4911589],[-0.1943853,51.4913264],[-0.1940345,51.4915588],[-0.19335521609486234,51.49203016620794]]},"properties":{"id":"940GZZLUWBN-940GZZLUECT-District","source":"940GZZLUWBN","target":"940GZZLUECT","sourceName":"West Brompton","targetName":"Earls Court","line":"District","colour":"#00782A","color":"#00782A","traffic":0.3341,"off9":1.5,"off12":3.5,"off14":6.0},"id":441},{"type":"Feature","geometry":{"type":"LineString","coordinates":[[-0.210015,51.497624],[-0.193378,51.492063]]},"properties":{"id":"940GZZLUKOY-940GZZLUECT-District","source":"940GZZLUKOY","target":"940GZZLUECT","sourceName":"Kensington Olympia","targetName":"Earls Court","line":"District","colour":"#00782A","color":"#00782A","traffic":0.0004,"off9":1.5,"off12":3.5,"off14":6.0},"id":442},{"type":"Feature","geometry":{"type":"LineString","coordinates":[[-0.24722611082307855,51.51664460513184],[-0.2471196,51.5165731],[-0.2465182,51.5162541],[-0.2460237,51.5160222],[-0.2457261,51.5159091],[-0.2453705,51.5157797],[-0.2450945,51.5156928],[-0.2445897,51.5155604],[-0.2439286,51.5154368],[-0.2431974,51.5153289],[-0.2429606,51.5153067],[-0.2426897,51.5152933],[-0.2421703,51.5152795],[-0.2418205,51.5152915],[-0.2410178,51.5153304],[-0.2405945,51.5153638],[-0.2398441,51.5154233],[-0.2383973,51.5155558],[-0.2377791,51.5156134],[-0.2367362,51.5157018],[-0.2361707,51.5157509],[-0.2358787,51.5157693],[-0.2356284,51.5157748],[-0.2349875,51.515785],[-0.2346825,51.5157953],[-0.2344744,51.5158052],[-0.2342131,51.5158293],[-0.2339043,51.5158739],[-0.2333328,51.51596],[-0.2329219,51.5160191],[-0.2325436,51.5160579],[-0.2320723,51.5160923],[-0.2317101,51.5161109],[-0.231318,51.5161177],[-0.2308782,51.5161122],[-0.2302809,51.5160872],[-0.2297889,51.5160467],[-0.2291754,51.5159771],[-0.2286538,51.5158962],[-0.228315,51.5158399],[-0.2279737,51.515778],[-0.2276212,51.5156945],[-0.2272225,51.515594],[-0.2266548,51.5154314],[-0.226291,51.5152887],[-0.2260999,51.5152274],[-0.2259304,51.51516],[-0.225745,51.5150724],[-0.2255375,51.5149822],[-0.2252062,51.5147346],[-0.2251094,51.5146245],[-0.2250412,51.5145196],[-0.2249788,51.5144011],[-0.2246972,51.5136993],[-0.2245179,51.5132313],[-0.2244339,51.5129949],[-0.2243896,51.5127724],[-0.224368,51.5124567],[-0.2243761,51.5121257],[-0.22438326566348718,51.51196279453642]]},"properties":{"id":"940GZZLUEAN-940GZZLUWCY-Central","source":"940GZZLUEAN","target":"940GZZLUWCY","sourceName":"East Acton","targetName":"White City","line":"Central","colour":"#E32017","color":"#E32017","traffic":0.341,"off9":0.0,"off12":0.0,"off14":0.0},"id":443},{"type":"Feature","geometry":{"type":"LineString","coordinates":[[-0.2472447762987974,51.51661678158034],[-0.247316,51.5166648],[-0.2473614,51.5166956],[-0.247731,51.5169738],[-0.2479526,51.5171455],[-0.2481593,51.5173376],[-0.2493399,51.5184872],[-0.2505198,51.5196452],[-0.2506824,51.5198101],[-0.2518358,51.520954],[-0.2521706,51.5212245],[-0.2524874,51.5214411],[-0.2527775,51.5216513],[-0.2531482,51.5218678],[-0.253757,51.5221343],[-0.2544916,51.522408],[-0.2548501,51.5225179],[-0.2554594,51.5226835],[-0.2562609,51.5228475],[-0.2569479,51.5229959],[-0.2572335,51.5230531],[-0.2581048,51.5232278],[-0.2588626,51.5233693],[-0.2593481,51.5234688],[-0.2597476384785027,51.523557252042686]]},"properties":{"id":"940GZZLUEAN-940GZZLUNAN-Central","source":"940GZZLUEAN","target":"940GZZLUNAN","sourceName":"East Acton","targetName":"North Acton","line":"Central","colour":"#E32017","color":"#E32017","traffic":0.1186,"off9":0.0,"off12":0.0,"off14":0.0},"id":444},{"type":"Feature","geometry":{"type":"LineString","coordinates":[[-0.22438326566348718,51.51196279453642],[-0.2243761,51.5121257],[-0.224368,51.5124567],[-0.2243896,51.5127724],[-0.2244339,51.5129949],[-0.2245179,51.5132313],[-0.2246972,51.5136993],[-0.2249788,51.5144011],[-0.2250412,51.5145196],[-0.2251094,51.5146245],[-0.2252062,51.5147346],[-0.2255375,51.5149822],[-0.225745,51.5150724],[-0.2259304,51.51516],[-0.2260999,51.5152274],[-0.226291,51.5152887],[-0.2266548,51.5154314],[-0.2272225,51.515594],[-0.2276212,51.5156945],[-0.2279737,51.515778],[-0.228315,51.5158399],[-0.2286538,51.5158962],[-0.2291754,51.5159771],[-0.2297889,51.5160467],[-0.2302809,51.5160872],[-0.2308782,51.5161122],[-0.231318,51.5161177],[-0.2317101,51.5161109],[-0.2320723,51.5160923],[-0.2325436,51.5160579],[-0.2329219,51.5160191],[-0.2333328,51.51596],[-0.2339043,51.5158739],[-0.2342131,51.5158293],[-0.2344744,51.5158052],[-0.2346825,51.5157953],[-0.2349875,51.515785],[-0.2356284,51.5157748],[-0.2358787,51.5157693],[-0.2361707,51.5157509],[-0.2367362,51.5157018],[-0.2377791,51.5156134],[-0.2383973,51.5155558],[-0.2398441,51.5154233],[-0.2405945,51.5153638],[-0.2410178,51.5153304],[-0.2418205,51.5152915],[-0.2421703,51.5152795],[-0.2426897,51.5152933],[-0.2429606,51.5153067],[-0.2431974,51.5153289],[-0.2439286,51.5154368],[-0.2445897,51.5155604],[-0.2450945,51.5156928],[-0.2453705,51.5157797],[-0.2457261,51.5159091],[-0.2460237,51.5160222],[-0.2465182,51.5162541],[-0.2471196,51.5165731],[-0.24722611082307855,51.51664460513184]]},"properties":{"id":"940GZZLUWCY-940GZZLUEAN-Central","source":"940GZZLUWCY","target":"940GZZLUEAN","sourceName":"White City","targetName":"East Acton","line":"Central","colour":"#E32017","color":"#E32017","traffic":0.1264,"off9":0.0,"off12":0.0,"off14":0.0},"id":445},{"type":"Feature","geometry":{"type":"LineString","coordinates":[[-0.22404915658658725,51.511964601626964],[-0.2240487,51.5119444],[-0.2240422,51.5116526],[-0.2240732,51.5113749],[-0.2241588,51.5110192],[-0.2241724,51.5108609],[-0.224171,51.5107742],[-0.2241749,51.5105935],[-0.2241826,51.5105386],[-0.2241765,51.5104546],[-0.2241108,51.510259],[-0.2240322,51.5101237],[-0.2239132,51.5099995],[-0.2229936,51.5093673],[-0.2226195,51.50911],[-0.2222544,51.508812],[-0.2220063,51.5085104],[-0.2217574,51.5080842],[-0.2216736,51.5078777],[-0.2215986,51.5076177],[-0.2215742,51.5073669],[-0.2215643,51.5071331],[-0.2216482,51.5066039],[-0.2216961,51.5063259],[-0.2217021,51.5061648],[-0.2217073,51.5057892],[-0.2217173,51.5050714],[-0.2217228,51.5050031],[-0.2217193,51.504904],[-0.2217042,51.5048264],[-0.2216446,51.5047547],[-0.2215625,51.5046935],[-0.2214518,51.5046412],[-0.2213175,51.5046052],[-0.2211594,51.5045754],[-0.2209656,51.5045411],[-0.2207569,51.5045085],[-0.2194534,51.5043479],[-0.2192531,51.5043224],[-0.2190901,51.504303],[-0.21891,51.5042876],[-0.218813,51.5042876]]},"properties":{"id":"940GZZLUWCY-940GZZLUSBC-Central","source":"940GZZLUWCY","target":"940GZZLUSBC","sourceName":"White City","targetName":"Shepherds Bush Central","line":"Central","colour":"#E32017","color":"#E32017","traffic":0.352,"off9":0.0,"off12":0.0,"off14":0.0},"id":446},{"type":"Feature","geometry":{"type":"LineString","coordinates":[[-0.259755,51.523524],[-0.28098,51.518001]]},"properties":{"id":"940GZZLUNAN-940GZZLUWTA-Central","source":"940GZZLUNAN","target":"940GZZLUWTA","sourceName":"North Acton","targetName":"West Acton","line":"Central","colour":"#E32017","color":"#E32017","traffic":0.0469,"off9":0.0,"off12":0.0,"off14":0.0},"id":447},{"type":"Feature","geometry":{"type":"LineString","coordinates":[[-0.259755,51.523524],[-0.292704,51.530177]]},"properties":{"id":"940GZZLUNAN-940GZZLUHGR-Central","source":"940GZZLUNAN","target":"940GZZLUHGR","sourceName":"North Acton","targetName":"Hanger Lane","line":"Central","colour":"#E32017","color":"#E32017","traffic":0.0508,"off9":0.0,"off12":0.0,"off14":0.0},"id":448},{"type":"Feature","geometry":{"type":"LineString","coordinates":[[-0.2597476384785027,51.523557252042686],[-0.2593481,51.5234688],[-0.2588626,51.5233693],[-0.2581048,51.5232278],[-0.2572335,51.5230531],[-0.2569479,51.5229959],[-0.2562609,51.5228475],[-0.2554594,51.5226835],[-0.2548501,51.5225179],[-0.2544916,51.522408],[-0.253757,51.5221343],[-0.2531482,51.5218678],[-0.2527775,51.5216513],[-0.2524874,51.5214411],[-0.2521706,51.5212245],[-0.2518358,51.520954],[-0.2506824,51.5198101],[-0.2505198,51.5196452],[-0.2493399,51.5184872],[-0.2481593,51.5173376],[-0.2479526,51.5171455],[-0.247731,51.5169738],[-0.2473614,51.5166956],[-0.247316,51.5166648],[-0.2472447762987974,51.51661678158034]]},"properties":{"id":"940GZZLUNAN-940GZZLUEAN-Central","source":"940GZZLUNAN","target":"940GZZLUEAN","sourceName":"North Acton","targetName":"East Acton","line":"Central","colour":"#E32017","color":"#E32017","traffic":0.319,"off9":0.0,"off12":0.0,"off14":0.0},"id":449},{"type":"Feature","geometry":{"type":"LineString","coordinates":[[-0.1650110691763644,51.58713276924766],[-0.1650691,51.5871633],[-0.1654115,51.5873739],[-0.1657322,51.587587],[-0.1659911,51.587748],[-0.1662271,51.5879346],[-0.1665463,51.5881779],[-0.1667048,51.5883009],[-0.166903,51.5884546],[-0.1677345,51.5890828],[-0.1682549,51.5894911],[-0.1689415,51.590011],[-0.1694268,51.5904227],[-0.1699506,51.5907883],[-0.1702973,51.5910303],[-0.1709517,51.5914302],[-0.1719495,51.5919835],[-0.1728806,51.5924588],[-0.17313,51.5925753],[-0.1735347,51.5927688],[-0.1784435,51.5948963],[-0.1792136,51.5952245],[-0.181923,51.5963903],[-0.184129,51.5973179],[-0.1864754,51.598325],[-0.1876696,51.5988176],[-0.1885597,51.59914],[-0.1889615,51.5992954],[-0.1902919,51.5998535],[-0.1908139,51.6000772],[-0.1912363,51.6002996],[-0.1915229,51.6004321],[-0.1919654,51.6006572],[-0.19252588705849538,51.60092334380548]]},"properties":{"id":"940GZZLUEFY-940GZZLUFYC-Northern","source":"940GZZLUEFY","target":"940GZZLUFYC","sourceName":"East Finchley","targetName":"Finchley Central","line":"Northern","colour":"#000000","color":"#000000","traffic":0.0552,"off9":0.0,"off12":0.0,"off14":0.0},"id":450},{"type":"Feature","geometry":{"type":"LineString","coordinates":[[-0.1650110691763644,51.58713276924766],[-0.1646804,51.5869588],[-0.1642559,51.5867414],[-0.163775,51.5865067],[-0.1635168,51.5863726],[-0.1632161,51.5862113],[-0.1628081,51.5859767],[-0.162481,51.5857802],[-0.1621096,51.5855951],[-0.1610908,51.5850589],[-0.1599768,51.5843587],[-0.1583963,51.583515],[-0.1520889,51.5801082],[-0.1477652,51.5783095],[-0.1469398,51.5779689],[-0.1465746,51.5778165],[-0.1459454,51.5775541],[-0.1458626200629741,51.57751881508801]]},"properties":{"id":"940GZZLUEFY-940GZZLUHGT-Northern","source":"940GZZLUEFY","target":"940GZZLUHGT","sourceName":"East Finchley","targetName":"Highgate","line":"Northern","colour":"#000000","color":"#000000","traffic":0.3008,"off9":0.0,"off12":0.0,"off14":0.0},"id":451},{"type":"Feature","geometry":{"type":"LineString","coordinates":[[-0.19251380436017448,51.60094925577985],[-0.1925518,51.600967],[-0.1932038,51.6012784],[-0.1937022,51.6015007],[-0.1938557,51.6015737],[-0.1939769,51.6016431],[-0.194114,51.6017318],[-0.1942456,51.6018189],[-0.1943895,51.6019376],[-0.1945231,51.6020587],[-0.1946792,51.6022263],[-0.1947906,51.6023749],[-0.1948848,51.6025289],[-0.1949619,51.6026705],[-0.1950561,51.602989],[-0.1950617,51.603148],[-0.1950544,51.6033138],[-0.1950263,51.6034691],[-0.194967,51.6036307],[-0.1948564,51.6038295],[-0.1947882,51.6039294],[-0.1945912,51.6041419],[-0.1944084,51.6043036],[-0.1942017,51.6044429],[-0.1913887,51.6060655],[-0.1909328,51.6063684],[-0.1901549,51.606953],[-0.1897997,51.6072801],[-0.1893985,51.6076813],[-0.1890968,51.6080355],[-0.188857,51.6083986],[-0.1887219,51.6085775],[-0.1886211,51.6087655],[-0.1884963,51.6089984],[-0.18831062100920304,51.60940238528029]]},"properties":{"id":"940GZZLUFYC-940GZZLUWFN-Northern","source":"940GZZLUFYC","target":"940GZZLUWFN","sourceName":"Finchley Central","targetName":"West Finchley","line":"Northern","colour":"#000000","color":"#000000","traffic":0.0292,"off9":0.0,"off12":0.0,"off14":0.0},"id":452},{"type":"Feature","geometry":{"type":"LineString","coordinates":[[-0.1926765,51.600867],[-0.193426,51.601237],[-0.1938307,51.6014323],[-0.1939923,51.601512],[-0.1941682,51.6015942],[-0.1945836,51.6017749],[-0.1946351,51.6017948],[-0.1954902,51.602161],[-0.1962221,51.6024814],[-0.1965193,51.6026134],[-0.1972521,51.6029279],[-0.1980746,51.6033069],[-0.1981138,51.603326],[-0.1982514,51.6033944],[-0.1991263,51.6038117],[-0.1998689,51.6041346],[-0.2012133,51.604699],[-0.2030246,51.6054707],[-0.2035968,51.6057341],[-0.2042316,51.6059909],[-0.2046151,51.6061475],[-0.204937,51.6062807],[-0.2054251,51.6064889],[-0.2059616,51.6067305],[-0.2066808,51.6070368],[-0.2068693,51.6071203],[-0.2073693,51.6073358],[-0.2078253,51.6075273],[-0.2082545,51.6076989],[-0.2085955,51.6078299],[-0.2088526,51.607922],[-0.2093448,51.6080622],[-0.20998884348813346,51.60821718372709]]},"properties":{"id":"940GZZLUFYC-940GZZLUMHL-Northern","source":"940GZZLUFYC","target":"940GZZLUMHL","sourceName":"Finchley Central","targetName":"Mill Hill East","line":"Northern","colour":"#000000","color":"#000000","traffic":0.0111,"off9":0.0,"off12":0.0,"off14":0.0},"id":453},{"type":"Feature","geometry":{"type":"LineString","coordinates":[[-0.19252588705849538,51.60092334380548],[-0.1919654,51.6006572],[-0.1915229,51.6004321],[-0.1912363,51.6002996],[-0.1908139,51.6000772],[-0.1902919,51.5998535],[-0.1889615,51.5992954],[-0.1885597,51.59914],[-0.1876696,51.5988176],[-0.1864754,51.598325],[-0.184129,51.5973179],[-0.181923,51.5963903],[-0.1792136,51.5952245],[-0.1784435,51.5948963],[-0.1735347,51.5927688],[-0.17313,51.5925753],[-0.1728806,51.5924588],[-0.1719495,51.5919835],[-0.1709517,51.5914302],[-0.1702973,51.5910303],[-0.1699506,51.5907883],[-0.1694268,51.5904227],[-0.1689415,51.590011],[-0.1682549,51.5894911],[-0.1677345,51.5890828],[-0.166903,51.5884546],[-0.1667048,51.5883009],[-0.1665463,51.5881779],[-0.1662271,51.5879346],[-0.1659911,51.587748],[-0.1657322,51.587587],[-0.1654115,51.5873739],[-0.1650691,51.5871633],[-0.1650110691763644,51.58713276924766]]},"properties":{"id":"940GZZLUFYC-940GZZLUEFY-Northern","source":"940GZZLUFYC","target":"940GZZLUEFY","sourceName":"Finchley Central","targetName":"East Finchley","line":"Northern","colour":"#000000","color":"#000000","traffic":0.2283,"off9":0.0,"off12":0.0,"off14":0.0},"id":454},{"type":"Feature","geometry":{"type":"LineString","coordinates":[[0.035254754707400575,51.535377146208944],[0.0356519,51.5354653],[0.0360823,51.5355578],[0.0367396,51.5356833],[0.0372471,51.5358064],[0.0378607,51.5359498],[0.0384473,51.5360973],[0.0390153,51.536221],[0.039653,51.5363679],[0.0401857,51.5364905],[0.0406663,51.5366021],[0.0412204,51.5367316],[0.0419604,51.5369011],[0.0426279,51.5370445],[0.0432563,51.5371937],[0.0438699,51.5373365],[0.0444955,51.5374822],[0.0452755,51.537662],[0.0459746,51.5378228],[0.0465379,51.5379517],[0.0471608,51.5380836],[0.0477083,51.538209],[0.0482987,51.5383368],[0.0489596,51.5384779],[0.049602,51.5386196],[0.0501217,51.5387335],[0.0505613,51.5388383],[0.0511298,51.5389766],[0.05117521916535609,51.53898864666034]]},"properties":{"id":"940GZZLUUPK-940GZZLUEHM-Hammersmith & City","source":"940GZZLUUPK","target":"940GZZLUEHM","sourceName":"Upton Park","targetName":"East Ham","line":"Hammersmith & City","colour":"#F3A9BB","color":"#F3A9BB","traffic":0.071,"off9":0.0,"off12":0.0,"off14":0.0},"id":455},{"type":"Feature","geometry":{"type":"LineString","coordinates":[[0.03525475470740057,51.535377146208944],[0.0356519,51.5354653],[0.0360823,51.5355578],[0.0367396,51.5356833],[0.0372471,51.5358064],[0.0378607,51.5359498],[0.0384473,51.5360973],[0.0390153,51.536221],[0.039653,51.5363679],[0.0401857,51.5364905],[0.0406663,51.5366021],[0.0412204,51.5367316],[0.0419604,51.5369011],[0.0426279,51.5370445],[0.0432563,51.5371937],[0.0438699,51.5373365],[0.0444955,51.5374822],[0.0452755,51.537662],[0.0459746,51.5378228],[0.0465379,51.5379517],[0.0471608,51.5380836],[0.0477083,51.538209],[0.0482987,51.5383368],[0.0489596,51.5384779],[0.049602,51.5386196],[0.0501217,51.5387335],[0.0505613,51.5388383],[0.0511298,51.5389766],[0.051175219165356084,51.53898864666034]]},"properties":{"id":"940GZZLUUPK-940GZZLUEHM-District","source":"940GZZLUUPK","target":"940GZZLUEHM","sourceName":"Upton Park","targetName":"East Ham","line":"District","colour":"#00782A","color":"#00782A","traffic":0.071,"off9":1.5,"off12":3.5,"off14":6.0},"id":456},{"type":"Feature","geometry":{"type":"LineString","coordinates":[[0.035254754707400575,51.535377146208944],[0.0349509,51.5353097],[0.0342388,51.5351455],[0.033616,51.5350038],[0.0330656,51.5348841],[0.032479,51.5347413],[0.0318348,51.5345875],[0.031026,51.5343862],[0.0302888,51.5342202],[0.0292681,51.5339884],[0.0283654,51.5337779],[0.0275101,51.5335801],[0.0267181,51.5333968],[0.0259139,51.5332216],[0.0252455,51.5330654],[0.0244293,51.5328786],[0.0238185,51.5327433],[0.0232905,51.5326224],[0.0227374,51.5324993],[0.0221991,51.5323697],[0.0216488,51.5322344],[0.0210836,51.5321078],[0.0204849,51.5319713],[0.0199364,51.5318423],[0.0187501,51.5315682],[0.0176385,51.5313363],[0.01745905957686912,51.531300548341456]]},"properties":{"id":"940GZZLUUPK-940GZZLUPLW-Hammersmith & City","source":"940GZZLUUPK","target":"940GZZLUPLW","sourceName":"Upton Park","targetName":"Plaistow","line":"Hammersmith & City","colour":"#F3A9BB","color":"#F3A9BB","traffic":0.3289,"off9":0.0,"off12":0.0,"off14":0.0},"id":457},{"type":"Feature","geometry":{"type":"LineString","coordinates":[[0.03525475470740057,51.535377146208944],[0.0349509,51.5353097],[0.0342388,51.5351455],[0.033616,51.5350038],[0.0330656,51.5348841],[0.032479,51.5347413],[0.0318348,51.5345875],[0.031026,51.5343862],[0.0302888,51.5342202],[0.0292681,51.5339884],[0.0283654,51.5337779],[0.0275101,51.5335801],[0.0267181,51.5333968],[0.0259139,51.5332216],[0.0252455,51.5330654],[0.0244293,51.5328786],[0.0238185,51.5327433],[0.0232905,51.5326224],[0.0227374,51.5324993],[0.0221991,51.5323697],[0.0216488,51.5322344],[0.0210836,51.5321078],[0.0204849,51.5319713],[0.0199364,51.5318423],[0.0187501,51.5315682],[0.0176385,51.5313363],[0.017459059576869107,51.531300548341456]]},"properties":{"id":"940GZZLUUPK-940GZZLUPLW-District","source":"940GZZLUUPK","target":"940GZZLUPLW","sourceName":"Upton Park","targetName":"Plaistow","line":"District","colour":"#00782A","color":"#00782A","traffic":0.3289,"off9":1.5,"off12":3.5,"off14":6.0},"id":458},{"type":"Feature","geometry":{"type":"LineString","coordinates":[[-0.211,51.459205],[-0.206602,51.445073]]},"properties":{"id":"940GZZLUEPY-940GZZLUSFS-District","source":"940GZZLUEPY","target":"940GZZLUSFS","sourceName":"East Putney","targetName":"Southfields","line":"District","colour":"#00782A","color":"#00782A","traffic":0.0835,"off9":1.5,"off12":3.5,"off14":6.0},"id":459},{"type":"Feature","geometry":{"type":"LineString","coordinates":[[-0.21097053529293266,51.45919399493191],[-0.2109166,51.4593384],[-0.2108718,51.4594547],[-0.2108353,51.4595676],[-0.2107878,51.4597483],[-0.2107622,51.4599277],[-0.21075,51.4600475],[-0.2107358,51.4603854],[-0.2107328,51.4604103],[-0.2107014,51.4606296],[-0.2106763,51.4607426],[-0.2106646,51.4607892],[-0.2105933,51.4610093],[-0.210464,51.4613078],[-0.2102799,51.4617161],[-0.2101959,51.4619291],[-0.2101681,51.4620508],[-0.2101263,51.4622639],[-0.2101177,51.4625534],[-0.2101364,51.4627778],[-0.2101718,51.4629473],[-0.2101863,51.4630171],[-0.2102222,51.4631359],[-0.210249,51.4632179],[-0.2103506,51.4636746],[-0.2103697,51.4638592],[-0.2103706,51.4640388],[-0.2103643,51.46412],[-0.2103416,51.4642852],[-0.2103189,51.4643861],[-0.210267,51.4645691],[-0.2101431,51.4648542],[-0.2090367,51.467],[-0.2089926,51.4671085],[-0.208969,51.4672077],[-0.2088731,51.4676753],[-0.2088539,51.4677772],[-0.20877494964922627,51.468269054605535]]},"properties":{"id":"940GZZLUEPY-940GZZLUPYB-District","source":"940GZZLUEPY","target":"940GZZLUPYB","sourceName":"East Putney","targetName":"Putney Bridge","line":"District","colour":"#00782A","color":"#00782A","traffic":0.2237,"off9":1.5,"off12":3.5,"off14":6.0},"id":460},{"type":"Feature","geometry":{"type":"LineString","coordinates":[[-0.206602,51.445073],[-0.199719,51.434573]]},"properties":{"id":"940GZZLUSFS-940GZZLUWIP-District","source":"940GZZLUSFS","target":"940GZZLUWIP","sourceName":"Southfields","targetName":"Wimbledon Park","line":"District","colour":"#00782A","color":"#00782A","traffic":0.0839,"off9":1.5,"off12":3.5,"off14":6.0},"id":461},{"type":"Feature","geometry":{"type":"LineString","coordinates":[[-0.206602,51.445073],[-0.211,51.459205]]},"properties":{"id":"940GZZLUSFS-940GZZLUEPY-District","source":"940GZZLUSFS","target":"940GZZLUEPY","sourceName":"Southfields","targetName":"East Putney","line":"District","colour":"#00782A","color":"#00782A","traffic":0.1664,"off9":1.5,"off12":3.5,"off14":6.0},"id":462},{"type":"Feature","geometry":{"type":"LineString","coordinates":[[-0.20877494964922627,51.468269054605535],[-0.208763,51.4683435],[-0.2086823,51.4688178],[-0.2086476,51.4690209],[-0.2086158,51.4691608],[-0.2085315,51.4693467],[-0.2084237,51.4695299],[-0.2082979,51.4696984],[-0.2081561,51.4698318],[-0.2079259,51.4700095],[-0.2074767,51.4702683],[-0.2070411,51.4704922],[-0.2068799,51.4705757],[-0.206724,51.4706567],[-0.2065283,51.470794],[-0.206342,51.4709373],[-0.2061371,51.4711641],[-0.205989,51.4713835],[-0.2059166,51.471542],[-0.2058486,51.4717939],[-0.2057972,51.4720133],[-0.2057536,51.4722142],[-0.2056981,51.4724121],[-0.2056456,51.4725444],[-0.2055765,51.4726767],[-0.2054482,51.4728696],[-0.2053285,51.4730045],[-0.2052034,51.4731301],[-0.205031,51.4732801],[-0.2049248,51.4733559],[-0.204822,51.4734261],[-0.2046405,51.4735405],[-0.2044755,51.4736299],[-0.2042945,51.4737218],[-0.2023576,51.4746674],[-0.2021928,51.4747476],[-0.2021093,51.4747916],[-0.2016648,51.4750116],[-0.2012992,51.4751942],[-0.2012131,51.4752376],[-0.20116289882581212,51.475262921629444]]},"properties":{"id":"940GZZLUPYB-940GZZLUPSG-District","source":"940GZZLUPYB","target":"940GZZLUPSG","sourceName":"Putney Bridge","targetName":"Parsons Green","line":"District","colour":"#00782A","color":"#00782A","traffic":0.2533,"off9":1.5,"off12":3.5,"off14":6.0},"id":463},{"type":"Feature","geometry":{"type":"LineString","coordinates":[[-0.20877494964922627,51.468269054605535],[-0.2088539,51.4677772],[-0.2088731,51.4676753],[-0.208969,51.4672077],[-0.2089926,51.4671085],[-0.2090367,51.467],[-0.2101431,51.4648542],[-0.210267,51.4645691],[-0.2103189,51.4643861],[-0.2103416,51.4642852],[-0.2103643,51.46412],[-0.2103706,51.4640388],[-0.2103697,51.4638592],[-0.2103506,51.4636746],[-0.210249,51.4632179],[-0.2102222,51.4631359],[-0.2101863,51.4630171],[-0.2101718,51.4629473],[-0.2101364,51.4627778],[-0.2101177,51.4625534],[-0.2101263,51.4622639],[-0.2101681,51.4620508],[-0.2101959,51.4619291],[-0.2102799,51.4617161],[-0.210464,51.4613078],[-0.2105933,51.4610093],[-0.2106646,51.4607892],[-0.2106763,51.4607426],[-0.2107014,51.4606296],[-0.2107328,51.4604103],[-0.2107358,51.4603854],[-0.21075,51.4600475],[-0.2107622,51.4599277],[-0.2107878,51.4597483],[-0.2108353,51.4595676],[-0.2108718,51.4594547],[-0.2109166,51.4593384],[-0.21097053529293266,51.45919399493191]]},"properties":{"id":"940GZZLUPYB-940GZZLUEPY-District","source":"940GZZLUPYB","target":"940GZZLUEPY","sourceName":"Putney Bridge","targetName":"East Putney","line":"District","colour":"#00782A","color":"#00782A","traffic":0.0941,"off9":1.5,"off12":3.5,"off14":6.0},"id":464},{"type":"Feature","geometry":{"type":"LineString","coordinates":[[-0.39737521201003057,51.576518448153614],[-0.3970519,51.5765759],[-0.3964142,51.5766737],[-0.3960728,51.5767222],[-0.3956896,51.5767744],[-0.3951785,51.5768359],[-0.3946781,51.5768853],[-0.3939815,51.5769594],[-0.3932763,51.5770241],[-0.3924516,51.5770903],[-0.3919583,51.5771165],[-0.3913216,51.577146],[-0.3907805,51.577174],[-0.3901192,51.5771902],[-0.3895348,51.5772025],[-0.3889371,51.5772075],[-0.3883817,51.5772051],[-0.3878217,51.5772029],[-0.3870887,51.5771906],[-0.3862624,51.5771603],[-0.3856284,51.5771361],[-0.3849737,51.5770982],[-0.3844184,51.577056],[-0.3838472,51.577011],[-0.3833365,51.5769639],[-0.3828148,51.5769136],[-0.382308,51.576852],[-0.3817247,51.5767786],[-0.380924,51.5766721],[-0.3801129,51.5765617],[-0.379963,51.5765408],[-0.3798773,51.5765288],[-0.3792952,51.5764476],[-0.3785299,51.576341],[-0.3777631,51.5762274],[-0.3769136,51.5760925],[-0.3766507,51.5760494],[-0.3760872,51.5759406],[-0.375625,51.5758586],[-0.3752033,51.5757898],[-0.3743818,51.575654],[-0.3739688,51.5755874],[-0.3735384,51.5755169],[-0.373044,51.575448],[-0.3726745,51.5753968],[-0.3715911,51.5752186],[-0.3713177,51.5751719],[-0.3711282877971556,51.57513947684311]]},"properties":{"id":"940GZZLUEAE-940GZZLURYL-Piccadilly","source":"940GZZLUEAE","target":"940GZZLURYL","sourceName":"Eastcote","targetName":"Rayners Lane","line":"Piccadilly","colour":"#003688","color":"#003688","traffic":0.0861,"off9":-1.5,"off12":-3.5,"off14":-6.0},"id":465},{"type":"Feature","geometry":{"type":"LineString","coordinates":[[-0.39737521201003057,51.576518448153614],[-0.3970519,51.5765759],[-0.3964142,51.5766737],[-0.3960728,51.5767222],[-0.3956896,51.5767744],[-0.3951785,51.5768359],[-0.3946781,51.5768853],[-0.3939815,51.5769594],[-0.3932763,51.5770241],[-0.3924516,51.5770903],[-0.3919583,51.5771165],[-0.3913216,51.577146],[-0.3907805,51.577174],[-0.3901192,51.5771902],[-0.3895348,51.5772025],[-0.3889371,51.5772075],[-0.3883817,51.5772051],[-0.3878217,51.5772029],[-0.3870887,51.5771906],[-0.3862624,51.5771603],[-0.3856284,51.5771361],[-0.3849737,51.5770982],[-0.3844184,51.577056],[-0.3838472,51.577011],[-0.3833365,51.5769639],[-0.3828148,51.5769136],[-0.382308,51.576852],[-0.3817247,51.5767786],[-0.380924,51.5766721],[-0.3801129,51.5765617],[-0.379963,51.5765408],[-0.3798773,51.5765288],[-0.3792952,51.5764476],[-0.3785299,51.576341],[-0.3777631,51.5762274],[-0.3769136,51.5760925],[-0.3766507,51.5760494],[-0.3760872,51.5759406],[-0.375625,51.5758586],[-0.3752033,51.5757898],[-0.3743818,51.575654],[-0.3739688,51.5755874],[-0.3735384,51.5755169],[-0.373044,51.575448],[-0.3726745,51.5753968],[-0.3715911,51.5752186],[-0.3713177,51.5751719],[-0.3711282877971556,51.57513947684311]]},"properties":{"id":"940GZZLUEAE-940GZZLURYL-Metropolitan","source":"940GZZLUEAE","target":"940GZZLURYL","sourceName":"Eastcote","targetName":"Rayners Lane","line":"Metropolitan","colour":"#9B0056","color":"#9B0056","traffic":0.0861,"off9":-3.0,"off12":-7.0,"off14":-12.0},"id":466},{"type":"Feature","geometry":{"type":"LineString","coordinates":[[-0.39737986848361123,51.57654807399518],[-0.3976425,51.5765052],[-0.3978271,51.5764751],[-0.398614,51.5763356],[-0.3993286,51.5761966],[-0.3999367,51.5760712],[-0.4008568,51.5758693],[-0.4023144,51.5755447],[-0.4034292,51.5752975],[-0.4050401,51.5749396],[-0.4062939,51.5746535],[-0.4076467,51.5743525],[-0.4092551,51.5739957],[-0.4108482,51.573632],[-0.4126477,51.5732261],[-0.4128118,51.5731917],[-0.41296316454631815,51.57315792364024]]},"properties":{"id":"940GZZLUEAE-940GZZLURSM-Piccadilly","source":"940GZZLUEAE","target":"940GZZLURSM","sourceName":"Eastcote","targetName":"Ruislip Manor","line":"Piccadilly","colour":"#003688","color":"#003688","traffic":0.0451,"off9":-1.5,"off12":-3.5,"off14":-6.0},"id":467},{"type":"Feature","geometry":{"type":"LineString","coordinates":[[-0.39737986848361123,51.57654807399518],[-0.3976425,51.5765052],[-0.3978271,51.5764751],[-0.398614,51.5763356],[-0.3993286,51.5761966],[-0.3999367,51.5760712],[-0.4008568,51.5758693],[-0.4023144,51.5755447],[-0.4034292,51.5752975],[-0.4050401,51.5749396],[-0.4062939,51.5746535],[-0.4076467,51.5743525],[-0.4092551,51.5739957],[-0.4108482,51.573632],[-0.4126477,51.5732261],[-0.4128118,51.5731917],[-0.41296316454631815,51.57315792364024]]},"properties":{"id":"940GZZLUEAE-940GZZLURSM-Metropolitan","source":"940GZZLUEAE","target":"940GZZLURSM","sourceName":"Eastcote","targetName":"Ruislip Manor","line":"Metropolitan","colour":"#9B0056","color":"#9B0056","traffic":0.0451,"off9":-3.0,"off12":-7.0,"off14":-12.0},"id":468},{"type":"Feature","geometry":{"type":"LineString","coordinates":[[-0.3711282877971556,51.57513947684311],[-0.3713177,51.5751719],[-0.3715911,51.5752186],[-0.3726745,51.5753968],[-0.373044,51.575448],[-0.3735384,51.5755169],[-0.3739688,51.5755874],[-0.3743818,51.575654],[-0.3752033,51.5757898],[-0.375625,51.5758586],[-0.3760872,51.5759406],[-0.3766507,51.5760494],[-0.3769136,51.5760925],[-0.3777631,51.5762274],[-0.3785299,51.576341],[-0.3792952,51.5764476],[-0.3798773,51.5765288],[-0.379963,51.5765408],[-0.3801129,51.5765617],[-0.380924,51.5766721],[-0.3817247,51.5767786],[-0.382308,51.576852],[-0.3828148,51.5769136],[-0.3833365,51.5769639],[-0.3838472,51.577011],[-0.3844184,51.577056],[-0.3849737,51.5770982],[-0.3856284,51.5771361],[-0.3862624,51.5771603],[-0.3870887,51.5771906],[-0.3878217,51.5772029],[-0.3883817,51.5772051],[-0.3889371,51.5772075],[-0.3895348,51.5772025],[-0.3901192,51.5771902],[-0.3907805,51.577174],[-0.3913216,51.577146],[-0.3919583,51.5771165],[-0.3924516,51.5770903],[-0.3932763,51.5770241],[-0.3939815,51.5769594],[-0.3946781,51.5768853],[-0.3951785,51.5768359],[-0.3956896,51.5767744],[-0.3960728,51.5767222],[-0.3964142,51.5766737],[-0.3970519,51.5765759],[-0.39737521201003057,51.576518448153614]]},"properties":{"id":"940GZZLURYL-940GZZLUEAE-Piccadilly","source":"940GZZLURYL","target":"940GZZLUEAE","sourceName":"Rayners Lane","targetName":"Eastcote","line":"Piccadilly","colour":"#003688","color":"#003688","traffic":0.0447,"off9":-1.5,"off12":-3.5,"off14":-6.0},"id":469},{"type":"Feature","geometry":{"type":"LineString","coordinates":[[-0.3711282877971556,51.57513947684311],[-0.3713177,51.5751719],[-0.3715911,51.5752186],[-0.3726745,51.5753968],[-0.373044,51.575448],[-0.3735384,51.5755169],[-0.3739688,51.5755874],[-0.3743818,51.575654],[-0.3752033,51.5757898],[-0.375625,51.5758586],[-0.3760872,51.5759406],[-0.3766507,51.5760494],[-0.3769136,51.5760925],[-0.3777631,51.5762274],[-0.3785299,51.576341],[-0.3792952,51.5764476],[-0.3798773,51.5765288],[-0.379963,51.5765408],[-0.3801129,51.5765617],[-0.380924,51.5766721],[-0.3817247,51.5767786],[-0.382308,51.576852],[-0.3828148,51.5769136],[-0.3833365,51.5769639],[-0.3838472,51.577011],[-0.3844184,51.577056],[-0.3849737,51.5770982],[-0.3856284,51.5771361],[-0.3862624,51.5771603],[-0.3870887,51.5771906],[-0.3878217,51.5772029],[-0.3883817,51.5772051],[-0.3889371,51.5772075],[-0.3895348,51.5772025],[-0.3901192,51.5771902],[-0.3907805,51.577174],[-0.3913216,51.577146],[-0.3919583,51.5771165],[-0.3924516,51.5770903],[-0.3932763,51.5770241],[-0.3939815,51.5769594],[-0.3946781,51.5768853],[-0.3951785,51.5768359],[-0.3956896,51.5767744],[-0.3960728,51.5767222],[-0.3964142,51.5766737],[-0.3970519,51.5765759],[-0.39737521201003057,51.576518448153614]]},"properties":{"id":"940GZZLURYL-940GZZLUEAE-Metropolitan","source":"940GZZLURYL","target":"940GZZLUEAE","sourceName":"Rayners Lane","targetName":"Eastcote","line":"Metropolitan","colour":"#9B0056","color":"#9B0056","traffic":0.0447,"off9":-3.0,"off12":-7.0,"off14":-12.0},"id":470},{"type":"Feature","geometry":{"type":"LineString","coordinates":[[-0.3711238864031991,51.57516518925995],[-0.3710334,51.5751497],[-0.370481,51.5750438],[-0.37026,51.5750054],[-0.3697993,51.5749209],[-0.3696688,51.5748953],[-0.3693237,51.5748215],[-0.3690974,51.5747652],[-0.3689689,51.5747318],[-0.3686292,51.5746428],[-0.3682298,51.5745302],[-0.3677489,51.5743864],[-0.3674591,51.5742932],[-0.3671715,51.5741899],[-0.3667218,51.5740382],[-0.3662994,51.5738809],[-0.3658699,51.5737111],[-0.3653685,51.5735002],[-0.3648983,51.573284],[-0.3645635,51.5731221],[-0.3642096,51.572935],[-0.3638812,51.5727608],[-0.3635665,51.5725864],[-0.3629677,51.5722593],[-0.3623703,51.5719168],[-0.3612098,51.5712593],[-0.3608434,51.5710452],[-0.3604584,51.5708276],[-0.3598175,51.5704423],[-0.3597149,51.5703807],[-0.3593844,51.5701635],[-0.3592301,51.5700621],[-0.3588399,51.5698005],[-0.3585846,51.5696131],[-0.3583275,51.5694274],[-0.3581932,51.5693285],[-0.3581347,51.5692855],[-0.3580829,51.5692474],[-0.3580518,51.5692245],[-0.3576416,51.5688963],[-0.3573701,51.568672],[-0.3571145,51.5684467],[-0.3568668,51.5682228],[-0.3567409,51.568109],[-0.3565643,51.567943],[-0.3561255,51.567511],[-0.3557083,51.5670874],[-0.3555976,51.5669807],[-0.3553425,51.5667425],[-0.3550407,51.5664926],[-0.3547901,51.5662911],[-0.3546185,51.5661644],[-0.3542111,51.5658853],[-0.3536391,51.5655402],[-0.3532811,51.5653508],[-0.3527081,51.5650075],[-0.3526555,51.5649735],[-0.3525138,51.5648817],[-0.3525024654645457,51.56487351228952]]},"properties":{"id":"940GZZLURYL-940GZZLUSHH-Piccadilly","source":"940GZZLURYL","target":"940GZZLUSHH","sourceName":"Rayners Lane","targetName":"South Harrow","line":"Piccadilly","colour":"#003688","color":"#003688","traffic":0.0561,"off9":-1.5,"off12":-3.5,"off14":-6.0},"id":471},{"type":"Feature","geometry":{"type":"LineString","coordinates":[[-0.3711238864031991,51.57516518925995],[-0.3710334,51.5751497],[-0.370481,51.5750438],[-0.37026,51.5750054],[-0.3698026,51.5749487],[-0.3693902,51.5749104],[-0.3689103,51.5748761],[-0.3683717,51.5748634],[-0.3680558,51.5748584],[-0.3677629,51.5748603],[-0.3673637,51.57487],[-0.366984,51.5748894],[-0.3664904,51.5749218],[-0.3658847,51.5749796],[-0.3654176,51.5750355],[-0.3649554,51.5751003],[-0.3644843,51.5751851],[-0.3642106,51.5752381],[-0.3639727,51.57529],[-0.3634541,51.5754165],[-0.3629186,51.5755638],[-0.3623864,51.5757348],[-0.3619739,51.5758808],[-0.3615864,51.5760263],[-0.3613445,51.5761299],[-0.3609142,51.5763204],[-0.3604928,51.5764972],[-0.360078,51.5766878],[-0.3595709,51.5769218],[-0.3593935,51.5769965],[-0.358899,51.5772199],[-0.3584096,51.5774371],[-0.3579086,51.5776554],[-0.3574268,51.577872],[-0.3562857,51.5783831],[-0.3553725,51.5788006],[-0.3548299,51.5790296],[-0.3545431,51.5791462],[-0.3542564,51.5792509],[-0.3539861,51.5793488],[-0.3536562,51.5794624],[-0.3533530357888527,51.579553206485855]]},"properties":{"id":"940GZZLURYL-940GZZLUWHW-Metropolitan","source":"940GZZLURYL","target":"940GZZLUWHW","sourceName":"Rayners Lane","targetName":"West Harrow","line":"Metropolitan","colour":"#9B0056","color":"#9B0056","traffic":0.1181,"off9":-3.0,"off12":-7.0,"off14":-12.0},"id":472},{"type":"Feature","geometry":{"type":"LineString","coordinates":[[-0.41296316454631815,51.57315792364024],[-0.4128118,51.5731917],[-0.4126477,51.5732261],[-0.4108482,51.573632],[-0.4092551,51.5739957],[-0.4076467,51.5743525],[-0.4062939,51.5746535],[-0.4050401,51.5749396],[-0.4034292,51.5752975],[-0.4023144,51.5755447],[-0.4008568,51.5758693],[-0.3999367,51.5760712],[-0.3993286,51.5761966],[-0.398614,51.5763356],[-0.3978271,51.5764751],[-0.3976425,51.5765052],[-0.39737986848361123,51.57654807399518]]},"properties":{"id":"940GZZLURSM-940GZZLUEAE-Piccadilly","source":"940GZZLURSM","target":"940GZZLUEAE","sourceName":"Ruislip Manor","targetName":"Eastcote","line":"Piccadilly","colour":"#003688","color":"#003688","traffic":0.0673,"off9":-1.5,"off12":-3.5,"off14":-6.0},"id":473},{"type":"Feature","geometry":{"type":"LineString","coordinates":[[-0.41296316454631815,51.57315792364024],[-0.4128118,51.5731917],[-0.4126477,51.5732261],[-0.4108482,51.573632],[-0.4092551,51.5739957],[-0.4076467,51.5743525],[-0.4062939,51.5746535],[-0.4050401,51.5749396],[-0.4034292,51.5752975],[-0.4023144,51.5755447],[-0.4008568,51.5758693],[-0.3999367,51.5760712],[-0.3993286,51.5761966],[-0.398614,51.5763356],[-0.3978271,51.5764751],[-0.3976425,51.5765052],[-0.39737986848361123,51.57654807399518]]},"properties":{"id":"940GZZLURSM-940GZZLUEAE-Metropolitan","source":"940GZZLURSM","target":"940GZZLUEAE","sourceName":"Ruislip Manor","targetName":"Eastcote","line":"Metropolitan","colour":"#9B0056","color":"#9B0056","traffic":0.0673,"off9":-3.0,"off12":-7.0,"off14":-12.0},"id":474},{"type":"Feature","geometry":{"type":"LineString","coordinates":[[-0.41296316454631815,51.57315792364024],[-0.4131246,51.5731219],[-0.4174405,51.5721612],[-0.4178436,51.5720745],[-0.4182413,51.5719989],[-0.4186324,51.5719364],[-0.4190344,51.5718772],[-0.4194924,51.5718069],[-0.4199355,51.571728],[-0.4202886,51.5716528],[-0.4205332,51.5716],[-0.421354,51.5714175],[-0.4218854643698368,51.57129816973233]]},"properties":{"id":"940GZZLURSM-940GZZLURSP-Piccadilly","source":"940GZZLURSM","target":"940GZZLURSP","sourceName":"Ruislip Manor","targetName":"Ruislip","line":"Piccadilly","colour":"#003688","color":"#003688","traffic":0.0448,"off9":-1.5,"off12":-3.5,"off14":-6.0},"id":475},{"type":"Feature","geometry":{"type":"LineString","coordinates":[[-0.41296316454631815,51.57315792364024],[-0.4131246,51.5731219],[-0.4174405,51.5721612],[-0.4178436,51.5720745],[-0.4182413,51.5719989],[-0.4186324,51.5719364],[-0.4190344,51.5718772],[-0.4194924,51.5718069],[-0.4199355,51.571728],[-0.4202886,51.5716528],[-0.4205332,51.5716],[-0.421354,51.5714175],[-0.4218854643698368,51.57129816973233]]},"properties":{"id":"940GZZLURSM-940GZZLURSP-Metropolitan","source":"940GZZLURSM","target":"940GZZLURSP","sourceName":"Ruislip Manor","targetName":"Ruislip","line":"Metropolitan","colour":"#9B0056","color":"#9B0056","traffic":0.0448,"off9":-3.0,"off12":-7.0,"off14":-12.0},"id":476},{"type":"Feature","geometry":{"type":"LineString","coordinates":[[-0.1702600846894059,51.520502998257896],[-0.170304,51.5204793],[-0.170525,51.5203447],[-0.1706483,51.520256],[-0.1708245,51.5201292],[-0.170964,51.5199769],[-0.1710324,51.5198593],[-0.1710754,51.5197573],[-0.1712161,51.5193519],[-0.1715582,51.5183501],[-0.1716716,51.5181578],[-0.1717443,51.5180413],[-0.1718739,51.5178336],[-0.1720769,51.5175834],[-0.1723707,51.5172521],[-0.1726763,51.5169074],[-0.1733032,51.5164203],[-0.1737527,51.5162351],[-0.1741996,51.5161168],[-0.1744207,51.5160917],[-0.1746183,51.5160829],[-0.1748398,51.5161068],[-0.1750716,51.5161945],[-0.1754608,51.5163981],[-0.17570580789451923,51.51655470393812]]},"properties":{"id":"940GZZLUERB-940GZZLUPAC-Bakerloo","source":"940GZZLUERB","target":"940GZZLUPAC","sourceName":"Edgware Road Bakerloo","targetName":"Paddington","line":"Bakerloo","colour":"#B36305","color":"#B36305","traffic":0.1936,"off9":0.0,"off12":0.0,"off14":0.0},"id":477},{"type":"Feature","geometry":{"type":"LineString","coordinates":[[-0.17023423462545434,51.52045797252866],[-0.1700213,51.5205708],[-0.16981,51.5206729],[-0.1695545,51.5207839],[-0.1692393,51.5209072],[-0.1683908,51.5211943],[-0.1681969,51.5212546],[-0.1679369,51.5213355],[-0.1652279,51.5221602],[-0.1648717,51.5222166],[-0.1645876,51.5222295],[-0.164229,51.5222208],[-0.1638262,51.5222253],[-0.1635969,51.5222403],[-0.1632216,51.522276],[-0.16320355782568113,51.52227739223077]]},"properties":{"id":"940GZZLUERB-940GZZLUMYB-Bakerloo","source":"940GZZLUERB","target":"940GZZLUMYB","sourceName":"Edgware Road Bakerloo","targetName":"Marylebone","line":"Bakerloo","colour":"#B36305","color":"#B36305","traffic":0.3387,"off9":0.0,"off12":0.0,"off14":0.0},"id":478},{"type":"Feature","geometry":{"type":"LineString","coordinates":[[-0.10607052915291952,51.48844223412772],[-0.1057708,51.4887485],[-0.1056579,51.4888661],[-0.1056206,51.488905],[-0.1055447,51.4889988],[-0.1055079,51.4890443],[-0.1054472,51.4891727],[-0.1052972,51.489403],[-0.1052184,51.4896087],[-0.1051733,51.4898712],[-0.1051753,51.4901004],[-0.1052605,51.4903572],[-0.1053524,51.4906177],[-0.1054517,51.4907252],[-0.1056522,51.491009],[-0.1061327,51.4916694],[-0.1064562,51.4921404],[-0.1068951,51.4927722],[-0.1074809,51.4935865],[-0.1078298,51.4940658],[-0.1080406,51.4943656],[-0.1082056,51.4946453],[-0.108416,51.4949609],[-0.1089651,51.4956802],[-0.1095656,51.4965194],[-0.1098895,51.4969648],[-0.110008,51.4971434],[-0.1109312,51.4985498],[-0.111681,51.4995214],[-0.1117534,51.4996152],[-0.1119076,51.4999004],[-0.112116,51.5001764],[-0.1123887,51.5005269],[-0.1126544,51.5008708],[-0.1128607,51.5010988],[-0.1133096,51.5017264],[-0.11449838440377581,51.50348894173167]]},"properties":{"id":"940GZZLUKNG-940GZZLUWLO-Northern","source":"940GZZLUKNG","target":"940GZZLUWLO","sourceName":"Kennington","targetName":"Waterloo","line":"Northern","colour":"#000000","color":"#000000","traffic":0.1945,"off9":0.0,"off12":0.0,"off14":0.0},"id":479},{"type":"Feature","geometry":{"type":"LineString","coordinates":[[-0.10598598054847157,51.48835928148586],[-0.1056501,51.4887057],[-0.1052639,51.4891335],[-0.1045075,51.4899406],[-0.1031577,51.4912847],[-0.1027231,51.4916481],[-0.1019344,51.4922305],[-0.1012656,51.4927172],[-0.1010434,51.4929824],[-0.1008995,51.4931995],[-0.1008416,51.4933216],[-0.1007545,51.4938824],[-0.1006439,51.4944787],[-0.10063263558434163,51.49454082919941]]},"properties":{"id":"940GZZLUKNG-940GZZLUEAC-Northern","source":"940GZZLUKNG","target":"940GZZLUEAC","sourceName":"Kennington","targetName":"Elephant  Castle","line":"Northern","colour":"#000000","color":"#000000","traffic":0.5301,"off9":0.0,"off12":0.0,"off14":0.0},"id":480},{"type":"Feature","geometry":{"type":"LineString","coordinates":[[-0.1064414,51.4875283],[-0.1066219,51.4872779],[-0.1066988,51.4871647],[-0.1067937,51.4869276],[-0.1068521,51.4866532],[-0.1069082,51.4860502],[-0.1068851,51.4858756],[-0.1068828,51.4856555],[-0.106897,51.4854737],[-0.1069332,51.4852642],[-0.1069838,51.4850639],[-0.1071171,51.4847411],[-0.1073985,51.4842568],[-0.1076509,51.4839253],[-0.1081129,51.4834575],[-0.1084231,51.4832198],[-0.1090111,51.4828367],[-0.1095988,51.4825342],[-0.1101179,51.482312],[-0.1107649,51.482111],[-0.1111699,51.4820031],[-0.1115785,51.4819106],[-0.1122758,51.4817731],[-0.11241864639405405,51.48174532431227]]},"properties":{"id":"940GZZLUKNG-940GZZLUOVL-Northern","source":"940GZZLUKNG","target":"940GZZLUOVL","sourceName":"Kennington","targetName":"Oval","line":"Northern","colour":"#000000","color":"#000000","traffic":0.1658,"off9":0.0,"off12":0.0,"off14":0.0},"id":481},{"type":"Feature","geometry":{"type":"LineString","coordinates":[[-0.11228283585173261,51.49888549118229],[-0.1123879,51.4989291],[-0.1123924,51.498931],[-0.1124003,51.4989343],[-0.1124045,51.4989361],[-0.1128887,51.4991418],[-0.1129515,51.4991705],[-0.113363,51.4993587],[-0.1143601,51.4998147],[-0.1145654,51.499908],[-0.1149042,51.5000621],[-0.1150437,51.5002409],[-0.1150919,51.5003748],[-0.1151188,51.5005264],[-0.1151349,51.5006794],[-0.1151215,51.5008993],[-0.1148452,51.5026457],[-0.1148184,51.5029231],[-0.114813,51.5031525],[-0.1148488788040206,51.50327954845155]]},"properties":{"id":"940GZZLULBN-940GZZLUWLO-Bakerloo","source":"940GZZLULBN","target":"940GZZLUWLO","sourceName":"Lambeth North","targetName":"Waterloo","line":"Bakerloo","colour":"#B36305","color":"#B36305","traffic":0.1007,"off9":0.0,"off12":0.0,"off14":0.0},"id":482},{"type":"Feature","geometry":{"type":"LineString","coordinates":[[-0.11232174704710159,51.49879446643014],[-0.1120769,51.4986724],[-0.1117732,51.4985652],[-0.1112044,51.4984078],[-0.1109182,51.4983451],[-0.1106347,51.4983043],[-0.110324,51.4982845],[-0.109884,51.4982617],[-0.1093909,51.4982761],[-0.1060327,51.4985151],[-0.1055446,51.4985305],[-0.1050725,51.4984939],[-0.1046487,51.4983825],[-0.1042257,51.4981616],[-0.1022601,51.4966234],[-0.1019912,51.4964129],[-0.1016865,51.4961745],[-0.1014943,51.4959813],[-0.1014045,51.4958972],[-0.1013036,51.4958111],[-0.101227,51.4957494],[-0.1011647,51.4957022],[-0.1010014,51.4955783],[-0.1007703,51.4954111],[-0.1004431,51.4951963],[-0.100293,51.4950557],[-0.1001831,51.494922],[-0.1001577763893932,51.494889929673526]]},"properties":{"id":"940GZZLULBN-940GZZLUEAC-Bakerloo","source":"940GZZLULBN","target":"940GZZLUEAC","sourceName":"Lambeth North","targetName":"Elephant  Castle","line":"Bakerloo","colour":"#B36305","color":"#B36305","traffic":0.036,"off9":0.0,"off12":0.0,"off14":0.0},"id":483},{"type":"Feature","geometry":{"type":"LineString","coordinates":[[0.21911455174046213,51.5541003813396],[0.2196498,51.5542054],[0.2202861,51.5543253],[0.2210831,51.5544747],[0.2217038,51.5546001],[0.2244926,51.5552048],[0.2254522,51.5554094],[0.2263914,51.5556264],[0.2273274,51.5558609],[0.2282505,51.5561157],[0.2291343,51.5563871],[0.2297719,51.5565868],[0.2306177,51.5568592],[0.2310984,51.5570246],[0.2315711,51.5572004],[0.2326178,51.5576073],[0.2331592,51.5578166],[0.2336239,51.5579827],[0.2338399,51.5580554],[0.234077,51.5581321],[0.2345255,51.5582701],[0.2349874,51.5584006],[0.2354565,51.5585201],[0.235585,51.5585474],[0.235691,51.55857],[0.2357833,51.5585896],[0.23580266157931196,51.55859328680164]]},"properties":{"id":"940GZZLUHCH-940GZZLUUPB-District","source":"940GZZLUHCH","target":"940GZZLUUPB","sourceName":"Hornchurch","targetName":"Upminster Bridge","line":"District","colour":"#00782A","color":"#00782A","traffic":0.0168,"off9":1.5,"off12":3.5,"off14":6.0},"id":484},{"type":"Feature","geometry":{"type":"LineString","coordinates":[[0.21912053432566314,51.55407018227766],[0.2188202,51.5540105],[0.2172117,51.5536674],[0.215827,51.5533689],[0.2152131,51.5532365],[0.2100745,51.5520998],[0.2059057,51.5511791],[0.205026,51.5509774],[0.2024663,51.5504164],[0.2017574,51.5502736],[0.2011185,51.5501529],[0.1998345,51.5499281],[0.1986486828333667,51.54972444313409]]},"properties":{"id":"940GZZLUHCH-940GZZLUEPK-District","source":"940GZZLUHCH","target":"940GZZLUEPK","sourceName":"Hornchurch","targetName":"Elm Park","line":"District","colour":"#00782A","color":"#00782A","traffic":0.0375,"off9":1.5,"off12":3.5,"off14":6.0},"id":485},{"type":"Feature","geometry":{"type":"LineString","coordinates":[[-0.12482789928469881,51.500984530852335],[-0.1254363,51.5009245],[-0.1258332,51.5008842],[-0.1266341,51.5008398],[-0.1271941,51.5008303],[-0.1277449,51.5008963],[-0.1283501,51.5010489],[-0.1294039,51.50146],[-0.130501,51.5020742],[-0.1312252,51.502525],[-0.1318295,51.5030936],[-0.132038,51.5033689],[-0.1322055,51.5036846],[-0.1324774,51.504263],[-0.1327444,51.5046768],[-0.1330617,51.5050651],[-0.1334733,51.5054277],[-0.1343496,51.505944],[-0.134988,51.5061164],[-0.1357093,51.5062507],[-0.1362489,51.5063125],[-0.1367674,51.5063404],[-0.1372442,51.5063565],[-0.1379658,51.5063137],[-0.1390546,51.5062475],[-0.1401175,51.5062958],[-0.1413994,51.5063441],[-0.1425673,51.5064165],[-0.14281719561239187,51.50643112715298]]},"properties":{"id":"940GZZLUWSM-940GZZLUGPK-Jubilee","source":"940GZZLUWSM","target":"940GZZLUGPK","sourceName":"Westminster","targetName":"Green Park","line":"Jubilee","colour":"#A0A5A9","color":"#A0A5A9","traffic":0.5624,"off9":0.0,"off12":0.0,"off14":0.0},"id":486},{"type":"Feature","geometry":{"type":"LineString","coordinates":[[-0.12482547941319078,51.500985264381825],[-0.1246885,51.5009998],[-0.1241912,51.5010596],[-0.1237664,51.5011071],[-0.1233788,51.5011433],[-0.1231063,51.5011619],[-0.1229071,51.5011782],[-0.1224857,51.5012241],[-0.121473,51.5013445],[-0.120557,51.5015174],[-0.118564,51.501972],[-0.1179452,51.5021151],[-0.1173204,51.5022857],[-0.1161551,51.5026128],[-0.1155481,51.5027625],[-0.11469858796367824,51.502977858055985]]},"properties":{"id":"940GZZLUWSM-940GZZLUWLO-Jubilee","source":"940GZZLUWSM","target":"940GZZLUWLO","sourceName":"Westminster","targetName":"Waterloo","line":"Jubilee","colour":"#A0A5A9","color":"#A0A5A9","traffic":0.4924,"off9":0.0,"off12":0.0,"off14":0.0},"id":487},{"type":"Feature","geometry":{"type":"LineString","coordinates":[[-0.12485579337229322,51.50131178392979],[-0.1249869,51.5012287],[-0.1251817,51.5011187],[-0.1253316,51.5010451],[-0.125526,51.5009658],[-0.1258326,51.5008439],[-0.1267357,51.5005166],[-0.1276249,51.500193],[-0.1279707,51.5000639],[-0.1281947,51.4999829],[-0.1284429,51.4998986],[-0.1286763,51.4998395],[-0.128852,51.4998011],[-0.1290265,51.4997659],[-0.1293361,51.4997218],[-0.1295172,51.4997035],[-0.1296879,51.4996943],[-0.1300147,51.4996834],[-0.1303437,51.4996836],[-0.1315582,51.4997119],[-0.1321316,51.4997104],[-0.1324971,51.4996985],[-0.132701,51.4996901],[-0.1329021,51.4996698],[-0.1331462,51.4996434],[-0.1334125,51.499595],[-0.1335942,51.4995487],[-0.13360819516331257,51.49954467932422]]},"properties":{"id":"940GZZLUWSM-940GZZLUSJP-Circle","source":"940GZZLUWSM","target":"940GZZLUSJP","sourceName":"Westminster","targetName":"St Jamess Park","line":"Circle","colour":"#FFD300","color":"#FFD300","traffic":0.3693,"off9":3.0,"off12":7.0,"off14":12.0},"id":488},{"type":"Feature","geometry":{"type":"LineString","coordinates":[[-0.12485579337229319,51.50131178392979],[-0.1249869,51.5012287],[-0.1251817,51.5011187],[-0.1253316,51.5010451],[-0.125526,51.5009658],[-0.1258326,51.5008439],[-0.1267357,51.5005166],[-0.1276249,51.500193],[-0.1279707,51.5000639],[-0.1281947,51.4999829],[-0.1284429,51.4998986],[-0.1286763,51.4998395],[-0.128852,51.4998011],[-0.1290265,51.4997659],[-0.1293361,51.4997218],[-0.1295172,51.4997035],[-0.1296879,51.4996943],[-0.1300147,51.4996834],[-0.1303437,51.4996836],[-0.1315582,51.4997119],[-0.1321316,51.4997104],[-0.1324971,51.4996985],[-0.132701,51.4996901],[-0.1329021,51.4996698],[-0.1331462,51.4996434],[-0.1334125,51.499595],[-0.1335942,51.4995487],[-0.13360819516331254,51.49954467932422]]},"properties":{"id":"940GZZLUWSM-940GZZLUSJP-District","source":"940GZZLUWSM","target":"940GZZLUSJP","sourceName":"Westminster","targetName":"St Jamess Park","line":"District","colour":"#00782A","color":"#00782A","traffic":0.3693,"off9":1.5,"off12":3.5,"off14":6.0},"id":489},{"type":"Feature","geometry":{"type":"LineString","coordinates":[[-0.1248726281413486,51.501339586315005],[-0.1248246,51.5013681],[-0.1247214,51.5014324],[-0.1246467,51.5014792],[-0.1245081,51.5015777],[-0.1243781,51.5016824],[-0.1243271,51.5017321],[-0.1242628,51.5017989],[-0.1241849,51.5018799],[-0.1241269,51.5019566],[-0.1240703,51.5020268],[-0.1240227,51.5020978],[-0.1239342,51.5022355],[-0.1238658,51.5023766],[-0.1237942,51.5026055],[-0.1236123,51.5033116],[-0.123432,51.5041007],[-0.1232985,51.5045554],[-0.1231942,51.5048872],[-0.1230544,51.5053871],[-0.1230343,51.5056748],[-0.1230151,51.5059839],[-0.1229766,51.5062124],[-0.1229134,51.5064086],[-0.122817,51.5065889],[-0.1227325,51.506765],[-0.1225873,51.507009]]},"properties":{"id":"940GZZLUWSM-940GZZLUEMB-Circle","source":"940GZZLUWSM","target":"940GZZLUEMB","sourceName":"Westminster","targetName":"Embankment","line":"Circle","colour":"#FFD300","color":"#FFD300","traffic":0.3671,"off9":3.0,"off12":7.0,"off14":12.0},"id":490},{"type":"Feature","geometry":{"type":"LineString","coordinates":[[-0.1248726281413486,51.501339586315005],[-0.1248246,51.5013681],[-0.1247214,51.5014324],[-0.1246467,51.5014792],[-0.1245081,51.5015777],[-0.1243781,51.5016824],[-0.1243271,51.5017321],[-0.1242628,51.5017989],[-0.1241849,51.5018799],[-0.1241269,51.5019566],[-0.1240703,51.5020268],[-0.1240227,51.5020978],[-0.1239342,51.5022355],[-0.1238658,51.5023766],[-0.1237942,51.5026055],[-0.1236123,51.5033116],[-0.123432,51.5041007],[-0.1232985,51.5045554],[-0.1231942,51.5048872],[-0.1230544,51.5053871],[-0.1230343,51.5056748],[-0.1230151,51.5059839],[-0.1229766,51.5062124],[-0.1229134,51.5064086],[-0.122817,51.5065889],[-0.1227325,51.506765],[-0.1225873,51.507009]]},"properties":{"id":"940GZZLUWSM-940GZZLUEMB-District","source":"940GZZLUWSM","target":"940GZZLUEMB","sourceName":"Westminster","targetName":"Embankment","line":"District","colour":"#00782A","color":"#00782A","traffic":0.3671,"off9":1.5,"off12":3.5,"off14":6.0},"id":491},{"type":"Feature","geometry":{"type":"LineString","coordinates":[[0.1131803,51.6927845],[0.112972,51.6925396],[0.1127632,51.6922826],[0.1122732,51.6916869],[0.1121447,51.6914917],[0.112094,51.6914146],[0.1119352,51.691136],[0.1116214,51.6905976],[0.1113899,51.6901423],[0.1111275,51.6894704],[0.1104133,51.6878354],[0.1103523,51.6877061],[0.1093155,51.6853653],[0.1076489,51.6816311],[0.1067782,51.679704],[0.1054036,51.6765629],[0.1038136,51.6729169],[0.1037198,51.672731],[0.1036625,51.6726076],[0.1036017,51.6724641],[0.1034105,51.6720343],[0.1033846,51.6719762],[0.1033714,51.6719465],[0.1033581,51.6719165],[0.103346,51.6718893],[0.1033338,51.6718619],[0.1033209,51.6718347],[0.1033152,51.6718201],[0.1033117,51.6718129],[0.1033084,51.6718049],[0.103289,51.67176],[0.1032708,51.6717195],[0.10325397168960267,51.671682385507204]]},"properties":{"id":"940GZZLUEPG-940GZZLUTHB-Central","source":"940GZZLUEPG","target":"940GZZLUTHB","sourceName":"Epping","targetName":"Theydon Bois","line":"Central","colour":"#E32017","color":"#E32017","traffic":0.0408,"off9":0.0,"off12":0.0,"off14":0.0},"id":492},{"type":"Feature","geometry":{"type":"LineString","coordinates":[[-0.13583071564686938,51.525608641175346],[-0.1352346,51.525829],[-0.1344584,51.526116],[-0.1338357,51.5263189],[-0.1312815,51.5271514],[-0.1297425,51.5277042],[-0.1295419,51.5277822],[-0.1273714,51.5286265],[-0.1265845,51.5289391],[-0.1263801,51.5290327],[-0.1261333,51.5291794],[-0.1258254,51.5293319],[-0.1253003,51.5295341],[-0.1246817,51.5297729],[-0.1242273,51.5299264],[-0.123896,51.5300273],[-0.1236504,51.5301114],[-0.1235301,51.5301606],[-0.1233246,51.5302276],[-0.12305939295118894,51.53033715864883]]},"properties":{"id":"940GZZLUESQ-940GZZLUKSX-Circle","source":"940GZZLUESQ","target":"940GZZLUKSX","sourceName":"Euston Square","targetName":"Kings Cross St Pancras","line":"Circle","colour":"#FFD300","color":"#FFD300","traffic":0.206,"off9":3.0,"off12":7.0,"off14":12.0},"id":493},{"type":"Feature","geometry":{"type":"LineString","coordinates":[[-0.13583071564686938,51.525608641175346],[-0.1352346,51.525829],[-0.1344584,51.526116],[-0.1338357,51.5263189],[-0.1312815,51.5271514],[-0.1297425,51.5277042],[-0.1295419,51.5277822],[-0.1273714,51.5286265],[-0.1265845,51.5289391],[-0.1263801,51.5290327],[-0.1261333,51.5291794],[-0.1258254,51.5293319],[-0.1253003,51.5295341],[-0.1246817,51.5297729],[-0.1242273,51.5299264],[-0.123896,51.5300273],[-0.1236504,51.5301114],[-0.1235301,51.5301606],[-0.1233246,51.5302276],[-0.12305939295118894,51.53033715864883]]},"properties":{"id":"940GZZLUESQ-940GZZLUKSX-Hammersmith & City","source":"940GZZLUESQ","target":"940GZZLUKSX","sourceName":"Euston Square","targetName":"Kings Cross St Pancras","line":"Hammersmith & City","colour":"#F3A9BB","color":"#F3A9BB","traffic":0.206,"off9":0.0,"off12":0.0,"off14":0.0},"id":494},{"type":"Feature","geometry":{"type":"LineString","coordinates":[[-0.13583071564686935,51.525608641175346],[-0.1352346,51.525829],[-0.1344584,51.526116],[-0.1338357,51.5263189],[-0.1312815,51.5271514],[-0.1297425,51.5277042],[-0.1295419,51.5277822],[-0.1273714,51.5286265],[-0.1265845,51.5289391],[-0.1263801,51.5290327],[-0.1261333,51.5291794],[-0.1258254,51.5293319],[-0.1253003,51.5295341],[-0.1246817,51.5297729],[-0.1242273,51.5299264],[-0.123896,51.5300273],[-0.1236504,51.5301114],[-0.1235301,51.5301606],[-0.1233246,51.5302276],[-0.12305939295118894,51.53033715864883]]},"properties":{"id":"940GZZLUESQ-940GZZLUKSX-Metropolitan","source":"940GZZLUESQ","target":"940GZZLUKSX","sourceName":"Euston Square","targetName":"Kings Cross St Pancras","line":"Metropolitan","colour":"#9B0056","color":"#9B0056","traffic":0.206,"off9":-3.0,"off12":-7.0,"off14":-12.0},"id":495},{"type":"Feature","geometry":{"type":"LineString","coordinates":[[-0.13583071564686938,51.525608641175346],[-0.1360091,51.5255427],[-0.1361905,51.5254838],[-0.1363732,51.5254304],[-0.1393864,51.5246434],[-0.1417983,51.5241019],[-0.1424383,51.5239663],[-0.142751,51.5239124],[-0.1428825,51.5238939],[-0.142998,51.5238786],[-0.1431015,51.5238661],[-0.1431611,51.5238598],[-0.1432717,51.5238495],[-0.1433722,51.5238415],[-0.1435289,51.5238329],[-0.1436687,51.5238289],[-0.1437799,51.5238258],[-0.1438906,51.5238238],[-0.1439808,51.5238232],[-0.1440867,51.5238243],[-0.1442166,51.5238267],[-0.14426243238948555,51.52382840985256]]},"properties":{"id":"940GZZLUESQ-940GZZLUGPS-Circle","source":"940GZZLUESQ","target":"940GZZLUGPS","sourceName":"Euston Square","targetName":"Great Portland Street","line":"Circle","colour":"#FFD300","color":"#FFD300","traffic":0.1784,"off9":3.0,"off12":7.0,"off14":12.0},"id":496},{"type":"Feature","geometry":{"type":"LineString","coordinates":[[-0.13583071564686938,51.525608641175346],[-0.1360091,51.5255427],[-0.1361905,51.5254838],[-0.1363732,51.5254304],[-0.1393864,51.5246434],[-0.1417983,51.5241019],[-0.1424383,51.5239663],[-0.142751,51.5239124],[-0.1428825,51.5238939],[-0.142998,51.5238786],[-0.1431015,51.5238661],[-0.1431611,51.5238598],[-0.1432717,51.5238495],[-0.1433722,51.5238415],[-0.1435289,51.5238329],[-0.1436687,51.5238289],[-0.1437799,51.5238258],[-0.1438906,51.5238238],[-0.1439808,51.5238232],[-0.1440867,51.5238243],[-0.1442166,51.5238267],[-0.14426243238948555,51.52382840985256]]},"properties":{"id":"940GZZLUESQ-940GZZLUGPS-Hammersmith & City","source":"940GZZLUESQ","target":"940GZZLUGPS","sourceName":"Euston Square","targetName":"Great Portland Street","line":"Hammersmith & City","colour":"#F3A9BB","color":"#F3A9BB","traffic":0.1784,"off9":0.0,"off12":0.0,"off14":0.0},"id":497},{"type":"Feature","geometry":{"type":"LineString","coordinates":[[-0.13583071564686935,51.525608641175346],[-0.1360091,51.5255427],[-0.1361905,51.5254838],[-0.1363732,51.5254304],[-0.1393864,51.5246434],[-0.1417983,51.5241019],[-0.1424383,51.5239663],[-0.142751,51.5239124],[-0.1428825,51.5238939],[-0.142998,51.5238786],[-0.1431015,51.5238661],[-0.1431611,51.5238598],[-0.1432717,51.5238495],[-0.1433722,51.5238415],[-0.1435289,51.5238329],[-0.1436687,51.5238289],[-0.1437799,51.5238258],[-0.1438906,51.5238238],[-0.1439808,51.5238232],[-0.1440867,51.5238243],[-0.1442166,51.5238267],[-0.14426243238948555,51.52382840985256]]},"properties":{"id":"940GZZLUESQ-940GZZLUGPS-Metropolitan","source":"940GZZLUESQ","target":"940GZZLUGPS","sourceName":"Euston Square","targetName":"Great Portland Street","line":"Metropolitan","colour":"#9B0056","color":"#9B0056","traffic":0.1784,"off9":-3.0,"off12":-7.0,"off14":-12.0},"id":498},{"type":"Feature","geometry":{"type":"LineString","coordinates":[[-0.13836956143146337,51.52501133497756],[-0.1386048,51.524822],[-0.1390144,51.5245087],[-0.1395405,51.5240272],[-0.1401454,51.5235041],[-0.1405801,51.5231016],[-0.140785,51.5228873],[-0.141236,51.5224157],[-0.1413995,51.5221922],[-0.1415645,51.5219021],[-0.1416575,51.5216595],[-0.1417923,51.5214247],[-0.1419183,51.5211797],[-0.1420719,51.5207431],[-0.14222,51.5202818],[-0.1423126,51.5198978],[-0.1422086,51.5186879],[-0.142227,51.5176523],[-0.1421951,51.5171332],[-0.1420837,51.516644],[-0.1418921,51.5160712],[-0.1417687,51.5156576],[-0.14166232205513007,51.51529451461164]]},"properties":{"id":"940GZZLUWRR-940GZZLUOXC-Victoria","source":"940GZZLUWRR","target":"940GZZLUOXC","sourceName":"Warren Street","targetName":"Oxford Circus","line":"Victoria","colour":"#0098D4","color":"#0098D4","traffic":0.9444,"off9":0.0,"off12":0.0,"off14":0.0},"id":499},{"type":"Feature","geometry":{"type":"LineString","coordinates":[[-0.13830850375293516,51.524936966443526],[-0.1372745,51.5258577],[-0.1368105,51.5262123],[-0.1363962,51.5265421],[-0.1357967,51.5268952],[-0.1355746,51.5270204],[-0.1353419,51.5271367],[-0.134407,51.52763],[-0.1343977,51.527635],[-0.1339879,51.5278552],[-0.1336345,51.5280167],[-0.1332093,51.5282074],[-0.1328103,51.5283627],[-0.1322216,51.5285438],[-0.13220479369508756,51.52854887229762]]},"properties":{"id":"940GZZLUWRR-940GZZLUEUS-Victoria","source":"940GZZLUWRR","target":"940GZZLUEUS","sourceName":"Warren Street","targetName":"Euston","line":"Victoria","colour":"#0098D4","color":"#0098D4","traffic":0.1253,"off9":0.0,"off12":0.0,"off14":0.0},"id":500},{"type":"Feature","geometry":{"type":"LineString","coordinates":[[-0.1380075758164275,51.52511115310906],[-0.1382985,51.5256805],[-0.1383486,51.5258664],[-0.1383644,51.5260668],[-0.1383218,51.5262354],[-0.1382252,51.5263727],[-0.1380724,51.526495],[-0.1379517,51.526561],[-0.1377977,51.5266263],[-0.1374375,51.526765],[-0.1351946,51.5276434],[-0.1346552,51.5278761],[-0.134245,51.5281005],[-0.1340079,51.5282784],[-0.1338263,51.5285354],[-0.1337292,51.528765]]},"properties":{"id":"940GZZLUWRR-940GZZLUEUS-Northern","source":"940GZZLUWRR","target":"940GZZLUEUS","sourceName":"Warren Street","targetName":"Euston","line":"Northern","colour":"#000000","color":"#000000","traffic":0.1253,"off9":0.0,"off12":0.0,"off14":0.0},"id":501},{"type":"Feature","geometry":{"type":"LineString","coordinates":[[-0.13827580257923663,51.524976582272934],[-0.1380159,51.5245174],[-0.1373356,51.5236732],[-0.1366273,51.5228698],[-0.13440151927694222,51.520559955371446]]},"properties":{"id":"940GZZLUWRR-940GZZLUGDG-Northern","source":"940GZZLUWRR","target":"940GZZLUGDG","sourceName":"Warren Street","targetName":"Goodge Street","line":"Northern","colour":"#000000","color":"#000000","traffic":0.3603,"off9":0.0,"off12":0.0,"off14":0.0},"id":502},{"type":"Feature","geometry":{"type":"LineString","coordinates":[[0.09351315889032645,51.60364968294608],[0.0935509,51.6037759],[0.0935583,51.6038005],[0.0936088,51.603962],[0.0936565,51.6041204],[0.093676,51.6041855],[0.0937298,51.6043669],[0.0937905,51.6045714],[0.0938543,51.6047819],[0.0939665,51.6051353],[0.0941276,51.6056641],[0.0943115,51.6062729],[0.0944595,51.6067645],[0.0945976,51.6072049],[0.0946851,51.6074989],[0.094834,51.6080065],[0.0949422,51.608335],[0.0950768,51.6088312],[0.0950997,51.6089624],[0.0951221,51.6091955],[0.09512,51.6094286],[0.0951087,51.6096253],[0.0950824,51.6097847],[0.0950325,51.6099753],[0.0949619,51.610194],[0.094876,51.6103868],[0.0947824,51.6105553],[0.0946394,51.6107782],[0.0944222,51.6110759],[0.0941802,51.611394],[0.0938475,51.6118305],[0.0937491,51.6119568],[0.0935082,51.6122584],[0.0934263,51.6123582],[0.0933254,51.6124677],[0.0931688,51.6126288],[0.0930003,51.6127825],[0.0928237,51.6129213],[0.0926644,51.613037],[0.0925138,51.61314],[0.092361,51.6132359],[0.0922067,51.6133258],[0.09207459262262575,51.613394518761595]]},"properties":{"id":"940GZZLUHLT-940GZZLUGGH-Central","source":"940GZZLUHLT","target":"940GZZLUGGH","sourceName":"Hainault","targetName":"Grange Hill","line":"Central","colour":"#E32017","color":"#E32017","traffic":0.0038,"off9":0.0,"off12":0.0,"off14":0.0},"id":503},{"type":"Feature","geometry":{"type":"LineString","coordinates":[[0.09351315889032645,51.60364968294608],[0.0934109,51.6033077],[0.0931632,51.6025043],[0.0929773,51.6018909],[0.092938,51.6017594],[0.0928029,51.6013201],[0.0926747,51.6009226],[0.0926305,51.600776],[0.0922099,51.599474],[0.0916767,51.5977117],[0.0911132,51.5959492],[0.09100954559193132,51.59561627341799]]},"properties":{"id":"940GZZLUHLT-940GZZLUFLP-Central","source":"940GZZLUHLT","target":"940GZZLUFLP","sourceName":"Hainault","targetName":"Fairlop","line":"Central","colour":"#E32017","color":"#E32017","traffic":0.0443,"off9":0.0,"off12":0.0,"off14":0.0},"id":504},{"type":"Feature","geometry":{"type":"LineString","coordinates":[[-0.18831062100920304,51.60940238528029],[-0.1882772,51.6094751],[-0.1881731,51.6097621],[-0.1880066,51.6103624],[-0.1869801,51.6135369],[-0.1868707,51.6138556],[-0.1861961,51.6159196],[-0.1861459,51.6160805],[-0.1859168,51.6167341],[-0.1857122,51.6173592],[-0.185563,51.617782],[-0.18546119421834975,51.61803085258597]]},"properties":{"id":"940GZZLUWFN-940GZZLUWOP-Northern","source":"940GZZLUWFN","target":"940GZZLUWOP","sourceName":"West Finchley","targetName":"Woodside Park","line":"Northern","colour":"#000000","color":"#000000","traffic":0.0286,"off9":0.0,"off12":0.0,"off14":0.0},"id":505},{"type":"Feature","geometry":{"type":"LineString","coordinates":[[-0.18831062100920304,51.60940238528029],[-0.1884963,51.6089984],[-0.1886211,51.6087655],[-0.1887219,51.6085775],[-0.188857,51.6083986],[-0.1890968,51.6080355],[-0.1893985,51.6076813],[-0.1897997,51.6072801],[-0.1901549,51.606953],[-0.1909328,51.6063684],[-0.1913887,51.6060655],[-0.1942017,51.6044429],[-0.1944084,51.6043036],[-0.1945912,51.6041419],[-0.1947882,51.6039294],[-0.1948564,51.6038295],[-0.194967,51.6036307],[-0.1950263,51.6034691],[-0.1950544,51.6033138],[-0.1950617,51.603148],[-0.1950561,51.602989],[-0.1949619,51.6026705],[-0.1948848,51.6025289],[-0.1947906,51.6023749],[-0.1946792,51.6022263],[-0.1945231,51.6020587],[-0.1943895,51.6019376],[-0.1942456,51.6018189],[-0.194114,51.6017318],[-0.1939769,51.6016431],[-0.1938557,51.6015737],[-0.1937022,51.6015007],[-0.1932038,51.6012784],[-0.1925518,51.600967],[-0.19251380436017448,51.60094925577985]]},"properties":{"id":"940GZZLUWFN-940GZZLUFYC-Northern","source":"940GZZLUWFN","target":"940GZZLUFYC","sourceName":"West Finchley","targetName":"Finchley Central","line":"Northern","colour":"#000000","color":"#000000","traffic":0.1379,"off9":0.0,"off12":0.0,"off14":0.0},"id":506},{"type":"Feature","geometry":{"type":"LineString","coordinates":[[-0.20998884348813346,51.60821718372709],[-0.2093448,51.6080622],[-0.2088526,51.607922],[-0.2085955,51.6078299],[-0.2082545,51.6076989],[-0.2078253,51.6075273],[-0.2073693,51.6073358],[-0.2068693,51.6071203],[-0.2066808,51.6070368],[-0.2059616,51.6067305],[-0.2054251,51.6064889],[-0.204937,51.6062807],[-0.2046151,51.6061475],[-0.2042316,51.6059909],[-0.2035968,51.6057341],[-0.2030246,51.6054707],[-0.2012133,51.604699],[-0.1998689,51.6041346],[-0.1991263,51.6038117],[-0.1982514,51.6033944],[-0.1981138,51.603326],[-0.1980746,51.6033069],[-0.1972521,51.6029279],[-0.1965193,51.6026134],[-0.1962221,51.6024814],[-0.1954902,51.602161],[-0.1946351,51.6017948],[-0.1945836,51.6017749],[-0.1941682,51.6015942],[-0.1939923,51.601512],[-0.1938307,51.6014323],[-0.193426,51.601237],[-0.1926765,51.600867]]},"properties":{"id":"940GZZLUMHL-940GZZLUFYC-Northern","source":"940GZZLUMHL","target":"940GZZLUFYC","sourceName":"Mill Hill East","targetName":"Finchley Central","line":"Northern","colour":"#000000","color":"#000000","traffic":0.0184,"off9":0.0,"off12":0.0,"off14":0.0},"id":507},{"type":"Feature","geometry":{"type":"LineString","coordinates":[[-0.279249950932176,51.56323579470058],[-0.279526,51.5633238],[-0.279954,51.5634669],[-0.2801695,51.5635421],[-0.2803839,51.5636205],[-0.280706,51.5637435],[-0.2810213,51.5638718],[-0.2812502,51.5639606],[-0.2815551,51.5640825],[-0.2818778,51.5642207],[-0.282166,51.5643494],[-0.2824289,51.5644726],[-0.2826264,51.5645794],[-0.2828905,51.5647221],[-0.283206,51.5649033],[-0.2834741,51.565063],[-0.2837286,51.5652212],[-0.2839477,51.5653629],[-0.2842062,51.5655325],[-0.2844623,51.5657147],[-0.2846277,51.5658404],[-0.2848556,51.5660086],[-0.2849865,51.5661204],[-0.2852073,51.5663095],[-0.2854601,51.5665281],[-0.2857234,51.5667611],[-0.2859619,51.5669906],[-0.286189,51.5671982],[-0.2864556,51.5674273],[-0.2867293,51.5676723],[-0.2870208,51.5679189],[-0.2873932,51.5682068],[-0.2877383,51.5684615],[-0.2879949,51.5686386],[-0.2882844,51.5688327],[-0.2884956,51.5689717],[-0.2887317,51.569127],[-0.2890019,51.5692829],[-0.2893254,51.5694734],[-0.2896467,51.5696562],[-0.2899169,51.5698016],[-0.2902007,51.5699526],[-0.2905543,51.5701303],[-0.2909987,51.570336],[-0.291597,51.5705964],[-0.2919338,51.5707395],[-0.2922405,51.5708611],[-0.2926339,51.5710114],[-0.2929487,51.5711258],[-0.2935777,51.5713862],[-0.2941284,51.5715858],[-0.2946201,51.5717585],[-0.2950199,51.5718891],[-0.295123191281127,51.57192379098163]]},"properties":{"id":"940GZZLUWYP-940GZZLUPRD-Metropolitan","source":"940GZZLUWYP","target":"940GZZLUPRD","sourceName":"Wembley Park","targetName":"Preston Road","line":"Metropolitan","colour":"#9B0056","color":"#9B0056","traffic":0.1023,"off9":-3.0,"off12":-7.0,"off14":-12.0},"id":508},{"type":"Feature","geometry":{"type":"LineString","coordinates":[[-0.2775827,51.5627762],[-0.2771472,51.5626814],[-0.2767161,51.5625987],[-0.2764549,51.5625501],[-0.2752057,51.5623178],[-0.2743141,51.5621266],[-0.273617,51.5619625],[-0.2731968,51.5618516],[-0.2726876,51.5617144],[-0.2722833,51.5615987],[-0.2718359,51.5614577],[-0.2711622,51.5612199],[-0.2704064,51.5609454],[-0.2697699,51.5607124],[-0.2691865,51.5604868],[-0.2684446,51.5601981],[-0.2678465,51.559949],[-0.2672224,51.5596922],[-0.2666704,51.5594534],[-0.2660065,51.5591824],[-0.2654636,51.5589551],[-0.2648942,51.5587099],[-0.2642685,51.5584553],[-0.2637392,51.5582286],[-0.263138,51.5579822],[-0.2625538,51.5577431],[-0.261977,51.5575268],[-0.2613878,51.5573107],[-0.2608448,51.5571167],[-0.2603012,51.5569174],[-0.2598798,51.5567822],[-0.2593125,51.5565922],[-0.2585217,51.5563393],[-0.2580431,51.5561979],[-0.2574909,51.5560347],[-0.2570941,51.5559231],[-0.2564547,51.5557407],[-0.2558518,51.5555771],[-0.2556364,51.5555198],[-0.2544988,51.5552086],[-0.2534718,51.5549137],[-0.2520588,51.5545759],[-0.2516068,51.5544651],[-0.2504719,51.554181],[-0.2494901,51.5539143],[-0.2482556,51.5535749],[-0.2472597,51.5533194],[-0.246621,51.5531732],[-0.2453469,51.5529088],[-0.2441896,51.5527133],[-0.2434153,51.5525902],[-0.2415317,51.552314],[-0.2406616,51.5521755],[-0.2398576,51.5520522],[-0.23925,51.5519482],[-0.2386749,51.5518564],[-0.2383193,51.5517972],[-0.2379467,51.5517412],[-0.2374082,51.5516605],[-0.2364309,51.5515001],[-0.2355396,51.5513426],[-0.2332958,51.5510134],[-0.233053,51.5509721],[-0.2282735,51.5502135],[-0.2280392,51.5501774],[-0.2273523,51.5500684],[-0.2252855,51.5497482],[-0.2239248,51.5495367],[-0.2228488,51.5493732],[-0.2211086,51.5490987],[-0.2210409,51.549088],[-0.2207934,51.549049],[-0.2185432,51.5486837],[-0.210436,51.5474367],[-0.2094584,51.5472866],[-0.2084676,51.5471562],[-0.2077574,51.5470765],[-0.207146,51.5470287],[-0.2059589,51.5469416],[-0.2053341,51.5468958],[-0.2048232,51.5468633],[-0.2042328,51.5468225],[-0.2033441,51.5467578],[-0.2028323,51.5467195],[-0.2024667,51.5466928],[-0.2015819,51.5466279],[-0.199636,51.5464778],[-0.1976582,51.5463368],[-0.1971094,51.5463079],[-0.1966874,51.5462994],[-0.1963123,51.5463036],[-0.1959467,51.5463185],[-0.1944486,51.5464007],[-0.1912134,51.5466233],[-0.1907679,51.5466598],[-0.1904852,51.5466774],[-0.1888446,51.5467715],[-0.1877297,51.5468544],[-0.1870284,51.5469176],[-0.1862522,51.5470006],[-0.1855521,51.5470841],[-0.1841249,51.5472551],[-0.1838205,51.5472902],[-0.1830546,51.547378],[-0.1827853,51.5473993],[-0.1824461,51.5474106],[-0.1822516,51.5474105],[-0.1819537,51.5473918],[-0.1818019,51.5473717],[-0.1816528,51.5473459],[-0.1815263,51.5473221],[-0.1813991,51.5472946],[-0.1812211,51.5472503],[-0.1809847,51.5471865],[-0.1808508,51.5471468],[-0.1806646,51.547085],[-0.1805588,51.5470472],[-0.1804631,51.5470107],[-0.1803348,51.5469603],[-0.180175,51.546888],[-0.17989353564512175,51.54673544916753]]},"properties":{"id":"940GZZLUWYP-940GZZLUFYR-Metropolitan","source":"940GZZLUWYP","target":"940GZZLUFYR","sourceName":"Wembley Park","targetName":"Finchley Road","line":"Metropolitan","colour":"#9B0056","color":"#9B0056","traffic":0.4237,"off9":-3.0,"off12":-7.0,"off14":-12.0},"id":509},{"type":"Feature","geometry":{"type":"LineString","coordinates":[[-0.27919596531508484,51.56338423144165],[-0.2794057,51.5634586],[-0.28069,51.5639141],[-0.2809809,51.5640162],[-0.2816524,51.5642446],[-0.2819239,51.5643511],[-0.2822338,51.5644816],[-0.2825952,51.5646537],[-0.2831959,51.5649887],[-0.2837484,51.56533],[-0.2840314,51.5655215],[-0.2845276,51.5658807],[-0.2850021,51.5662576],[-0.2854393,51.566637],[-0.2857037,51.5668765],[-0.2859784,51.567139],[-0.2865211,51.5676389],[-0.2873727,51.5683415],[-0.2876348,51.5685489],[-0.287886,51.5687503],[-0.2884226,51.5692535],[-0.288786,51.5696681],[-0.2890975,51.5700648],[-0.2895367,51.5706513],[-0.2897846,51.5710169],[-0.2899506,51.5712688],[-0.290188,51.5716459],[-0.290315,51.5719071],[-0.2904016,51.5721311],[-0.2904537,51.5723622],[-0.290475,51.5726422],[-0.2904688,51.5728001],[-0.290442,51.5729874],[-0.2903879,51.5732027],[-0.2902813,51.57347],[-0.2901788,51.5736508],[-0.2900405,51.57385],[-0.2898965,51.5740145],[-0.289741,51.5741769],[-0.2895793,51.5743172],[-0.2893976,51.5744466],[-0.2891395,51.5746126],[-0.2888676,51.5747672],[-0.2885708,51.5749215],[-0.2863342,51.576049],[-0.2855988,51.5764152],[-0.2849051,51.5767969],[-0.2844835,51.5770082],[-0.2839569,51.5772745],[-0.2833868,51.5775606],[-0.2829272,51.5777979],[-0.2826764,51.5779272],[-0.2823964,51.5780872],[-0.2821288,51.5782563],[-0.281796,51.5784862],[-0.2815294,51.5786897],[-0.2811874,51.5789379],[-0.2808984,51.5792049],[-0.2806319,51.5794984],[-0.2804235,51.5797528],[-0.2801529,51.5801363],[-0.2798954,51.5806017],[-0.2797796,51.5808722],[-0.279693,51.5811074],[-0.2794793,51.581819],[-0.2793665,51.5822219],[-0.2792511,51.5826016],[-0.2791251,51.5830208],[-0.2790217,51.5833527],[-0.2789324,51.5836595],[-0.2787889,51.5841478],[-0.2786881,51.5844899],[-0.2786225,51.5847165],[-0.2786007758381376,51.58478491247277]]},"properties":{"id":"940GZZLUWYP-940GZZLUKBY-Jubilee","source":"940GZZLUWYP","target":"940GZZLUKBY","sourceName":"Wembley Park","targetName":"Kingsbury","line":"Jubilee","colour":"#A0A5A9","color":"#A0A5A9","traffic":0.0412,"off9":0.0,"off12":0.0,"off14":0.0},"id":510},{"type":"Feature","geometry":{"type":"LineString","coordinates":[[-0.27919596531508484,51.56338423144165],[-0.2788865,51.5632745],[-0.2783816,51.5631006],[-0.2781589,51.5630356],[-0.2779306,51.5629748],[-0.2777091,51.5629194],[-0.2774612,51.562865],[-0.2751477,51.5624269],[-0.2740933,51.5622118],[-0.2736612,51.5621122],[-0.2732708,51.5620064],[-0.2728406,51.5618831],[-0.272412,51.5617447],[-0.2718446,51.5615461],[-0.2712586,51.5613264],[-0.2691473,51.5605179],[-0.2679756,51.5600412],[-0.2674248,51.5598125],[-0.2668873,51.5595797],[-0.2662813,51.5593287],[-0.2659276,51.559186],[-0.265578,51.5590415],[-0.265335,51.5589383],[-0.264064,51.5584072],[-0.2634529,51.5581495],[-0.2629949,51.5579635],[-0.262107,51.5576107],[-0.2616618,51.5574499],[-0.2612104,51.5572815],[-0.2598808,51.5568163],[-0.2591218,51.5565645],[-0.2584481,51.5563548],[-0.2580385,51.5562313],[-0.2570703,51.5559477],[-0.2561426,51.5556891],[-0.2551321,51.555419],[-0.2548974,51.5553512],[-0.2545394,51.555256],[-0.254069,51.5551181],[-0.2534548,51.5549533],[-0.2520389,51.554607],[-0.2514685,51.5544596],[-0.2498395,51.5540475],[-0.24982186617430974,51.554042801780284]]},"properties":{"id":"940GZZLUWYP-940GZZLUNDN-Jubilee","source":"940GZZLUWYP","target":"940GZZLUNDN","sourceName":"Wembley Park","targetName":"Neasden","line":"Jubilee","colour":"#A0A5A9","color":"#A0A5A9","traffic":0.1698,"off9":0.0,"off12":0.0,"off14":0.0},"id":511},{"type":"Feature","geometry":{"type":"LineString","coordinates":[[-0.19106219939770389,51.54668866491473],[-0.1907766,51.5467067],[-0.1904913,51.54672],[-0.1898226,51.5467612],[-0.1893576,51.5467968],[-0.188887,51.546834],[-0.1877435,51.5469321],[-0.18704,51.5469858],[-0.1862639,51.5470536],[-0.1855615,51.547127],[-0.1848594,51.5472092],[-0.1841017,51.547299],[-0.1838316,51.5473335],[-0.1832822,51.5473981],[-0.1830507,51.5474232],[-0.1828821,51.5474369],[-0.1826781,51.5474467],[-0.1824019,51.5474577],[-0.1821255,51.5474582],[-0.1819317,51.5474499],[-0.1818734,51.5474454],[-0.1817334,51.5474305],[-0.1814943,51.5473946],[-0.1813691,51.5473714],[-0.1811756,51.5473312],[-0.1809172,51.5472737],[-0.180791,51.5472377],[-0.1805967,51.5471835],[-0.1804561,51.5471408],[-0.1803072,51.547081],[-0.1802143,51.5470464],[-0.1800508,51.5469707],[-0.17983138095510864,51.54684969561621]]},"properties":{"id":"940GZZLUWHP-940GZZLUFYR-Jubilee","source":"940GZZLUWHP","target":"940GZZLUFYR","sourceName":"West Hampstead","targetName":"Finchley Road","line":"Jubilee","colour":"#A0A5A9","color":"#A0A5A9","traffic":0.4122,"off9":0.0,"off12":0.0,"off14":0.0},"id":512},{"type":"Feature","geometry":{"type":"LineString","coordinates":[[-0.1910698545371771,51.54680547578816],[-0.1912068,51.5467966],[-0.1944642,51.5465078],[-0.1950195,51.5464555],[-0.1954874,51.546423],[-0.1959574,51.5464107],[-0.1965671,51.5464058],[-0.1971189,51.5464247],[-0.1976668,51.546448],[-0.1996268,51.5465678],[-0.2015746,51.5467236],[-0.2027871,51.5468646],[-0.2033153,51.5469159],[-0.2042158,51.5469929],[-0.2042625555712753,51.546996550063184]]},"properties":{"id":"940GZZLUWHP-940GZZLUKBN-Jubilee","source":"940GZZLUWHP","target":"940GZZLUKBN","sourceName":"West Hampstead","targetName":"Kilburn","line":"Jubilee","colour":"#A0A5A9","color":"#A0A5A9","traffic":0.0747,"off9":0.0,"off12":0.0,"off14":0.0},"id":513},{"type":"Feature","geometry":{"type":"LineString","coordinates":[[-0.17502463063539622,51.54355013044255],[-0.1746411,51.5431673],[-0.1742722,51.5428035],[-0.1741993,51.5427052],[-0.1740395,51.5423553],[-0.1739275,51.5420265],[-0.1738866,51.5418584],[-0.1738497,51.5414974],[-0.1739439,51.5407524],[-0.1741543,51.5396465],[-0.1744137,51.5383043],[-0.1744697,51.536816],[-0.1745113,51.5362582],[-0.1745284,51.535806],[-0.1745061,51.5356438],[-0.1744907,51.5355341],[-0.1744718,51.5354393],[-0.174457,51.5353687],[-0.1744187,51.5352226],[-0.1743891,51.5351226],[-0.1743393,51.5349897],[-0.174295,51.5348742],[-0.1742591,51.5347788],[-0.1741826,51.5346221],[-0.17400551665819386,51.53445867597933]]},"properties":{"id":"940GZZLUSWC-940GZZLUSJW-Jubilee","source":"940GZZLUSWC","target":"940GZZLUSJW","sourceName":"Swiss Cottage","targetName":"St Johns Wood","line":"Jubilee","colour":"#A0A5A9","color":"#A0A5A9","traffic":0.5656,"off9":0.0,"off12":0.0,"off14":0.0},"id":514},{"type":"Feature","geometry":{"type":"LineString","coordinates":[[-0.1748155089253579,51.54376490991452],[-0.1748403,51.5437881],[-0.1751167,51.5440315],[-0.1756361,51.5444699],[-0.1759016,51.5446992],[-0.1761484,51.5448787],[-0.1764327,51.5450451],[-0.1768002,51.5452227],[-0.1773735,51.5454882],[-0.1774064,51.5455034],[-0.1778409,51.5457158],[-0.178233,51.5459245],[-0.1785264,51.5461063],[-0.1788782,51.5463364],[-0.1791043,51.5464789],[-0.1793723,51.546641],[-0.17980921330807298,51.5468882407226]]},"properties":{"id":"940GZZLUSWC-940GZZLUFYR-Jubilee","source":"940GZZLUSWC","target":"940GZZLUFYR","sourceName":"Swiss Cottage","targetName":"Finchley Road","line":"Jubilee","colour":"#A0A5A9","color":"#A0A5A9","traffic":0.1196,"off9":0.0,"off12":0.0,"off14":0.0},"id":515},{"type":"Feature","geometry":{"type":"LineString","coordinates":[[-0.09610810881764556,51.57072642077702],[-0.0965771,51.5703258],[-0.0971493,51.5698718],[-0.0975924,51.569605],[-0.0980323,51.5693726],[-0.0985012,51.5691916],[-0.0990843,51.5690762],[-0.0997216,51.5690022],[-0.1005214,51.5689628],[-0.1020449,51.5689428],[-0.1029429,51.5688935],[-0.1036221,51.5688011],[-0.1042872,51.5686307],[-0.1048344,51.568394],[-0.1050608,51.5682523],[-0.1052747,51.5680901],[-0.1055064,51.5678945],[-0.1057347,51.5676529],[-0.1060206,51.5672311],[-0.1062473,51.5668577],[-0.1065119,51.5663277],[-0.106657,51.5659692],[-0.1068379,51.5651674],[-0.1068522,51.5651039],[-0.1068875,51.5649719],[-0.10701056155914733,51.564187097108366]]},"properties":{"id":"940GZZLUMRH-940GZZLUFPK-Piccadilly","source":"940GZZLUMRH","target":"940GZZLUFPK","sourceName":"Manor House","targetName":"Finsbury Park","line":"Piccadilly","colour":"#003688","color":"#003688","traffic":0.4429,"off9":-1.5,"off12":-3.5,"off14":-6.0},"id":516},{"type":"Feature","geometry":{"type":"LineString","coordinates":[[-0.09610810881764556,51.57072642077702],[-0.0957272,51.5710518],[-0.0955271,51.5713272],[-0.0953954,51.5716246],[-0.095341,51.5719177],[-0.095356,51.5723004],[-0.0954735,51.5727032],[-0.0956717,51.573107],[-0.0958656,51.5734109],[-0.096107,51.5737029],[-0.0969761,51.5748426],[-0.0983805,51.5765888],[-0.0986551,51.5769585],[-0.09879,51.5772215],[-0.0988482,51.5773349],[-0.0988891,51.5774871],[-0.0988965,51.5775148],[-0.0989341,51.5776546],[-0.0991223,51.5788042],[-0.099126,51.5788273],[-0.0991269,51.5788326],[-0.0996416,51.5819491],[-0.0997978,51.5828975],[-0.1000445,51.5839832],[-0.1003143,51.5851425],[-0.1008304,51.5864335],[-0.1014922,51.5875428],[-0.1018093,51.5880165],[-0.1020112,51.5883971],[-0.1022093,51.5891181],[-0.1024818,51.5896783],[-0.1025763,51.5897577],[-0.1027247,51.58988],[-0.1028166,51.5899558],[-0.1029839,51.5900969],[-0.10305179119563242,51.59015349923086]]},"properties":{"id":"940GZZLUMRH-940GZZLUTPN-Piccadilly","source":"940GZZLUMRH","target":"940GZZLUTPN","sourceName":"Manor House","targetName":"Turnpike Lane","line":"Piccadilly","colour":"#003688","color":"#003688","traffic":0.0733,"off9":-1.5,"off12":-3.5,"off14":-6.0},"id":517},{"type":"Feature","geometry":{"type":"LineString","coordinates":[[-0.10354793755212124,51.54629259922931],[-0.1035535,51.5463143],[-0.1036984,51.5467941],[-0.1039103,51.5475064],[-0.1040999,51.5481328],[-0.1055587,51.5519039],[-0.1058556,51.5526714],[-0.1064468,51.5542309],[-0.1065886,51.5547038],[-0.1067355,51.555199],[-0.1070257,51.5568581],[-0.1070661,51.5576026],[-0.1069176,51.5592866],[-0.1069087,51.5597586],[-0.1069216,51.560856],[-0.1069645,51.5611546],[-0.1070672,51.5615674],[-0.1070818,51.561732],[-0.1070585,51.5621283],[-0.1069696,51.5628281],[-0.1068041,51.5640293],[-0.10678707341572695,51.5641527698978]]},"properties":{"id":"940GZZLUHAI-940GZZLUFPK-Victoria","source":"940GZZLUHAI","target":"940GZZLUFPK","sourceName":"Highbury  Islington","targetName":"Finsbury Park","line":"Victoria","colour":"#0098D4","color":"#0098D4","traffic":0.1927,"off9":0.0,"off12":0.0,"off14":0.0},"id":518},{"type":"Feature","geometry":{"type":"LineString","coordinates":[[-0.10354793755212124,51.54629259922931],[-0.1034765,51.5460139],[-0.1034284,51.5458239],[-0.1031766,51.5450042],[-0.1031474,51.5441344],[-0.1034085,51.5427959],[-0.1034899,51.5424111],[-0.10357,51.5418157],[-0.1036894,51.5414897],[-0.103804,51.5411937],[-0.1040382,51.5407053],[-0.1044421,51.5401072],[-0.1047275,51.5396336],[-0.1052072,51.538814],[-0.105404,51.5386076],[-0.1056429,51.5384287],[-0.1197184,51.5316453],[-0.1202915,51.5314053],[-0.1208822,51.5311881],[-0.1216069,51.5309643],[-0.1220478,51.5308426],[-0.1224641,51.5307343],[-0.1229436,51.5306048],[-0.1231644802340672,51.53054806793834]]},"properties":{"id":"940GZZLUHAI-940GZZLUKSX-Victoria","source":"940GZZLUHAI","target":"940GZZLUKSX","sourceName":"Highbury  Islington","targetName":"Kings Cross St Pancras","line":"Victoria","colour":"#0098D4","color":"#0098D4","traffic":1.0,"off9":0.0,"off12":0.0,"off14":0.0},"id":519},{"type":"Feature","geometry":{"type":"LineString","coordinates":[[-0.07266196576135489,51.58351274230722],[-0.0727884,51.5834588],[-0.0745028,51.5827261],[-0.0751139,51.5824478],[-0.0767917,51.5814729],[-0.0773235,51.5811928],[-0.0796348,51.5799756],[-0.0807738,51.5793669],[-0.0815917,51.57891],[-0.0825543,51.5781944],[-0.0852117,51.5755556],[-0.0858377,51.5750234],[-0.0864696,51.5745243],[-0.0871665,51.5740288],[-0.0879755,51.5736177],[-0.0882274,51.5735153],[-0.0889499,51.573236],[-0.0910641,51.5725033],[-0.0912512,51.5724467],[-0.0956396,51.5709279],[-0.0969937,51.5705918],[-0.0988524,51.570218],[-0.103358,51.5695198],[-0.1040512,51.5693329],[-0.1046358,51.5690993],[-0.1051112,51.5688242],[-0.1054655,51.5685306],[-0.1057608,51.5681561],[-0.106125,51.5673585],[-0.1065346,51.565599],[-0.1066226,51.5651495],[-0.1066341,51.5650907],[-0.1066944,51.5648248],[-0.10678707341572695,51.5641527698978]]},"properties":{"id":"940GZZLUSVS-940GZZLUFPK-Victoria","source":"940GZZLUSVS","target":"940GZZLUFPK","sourceName":"Seven Sisters","targetName":"Finsbury Park","line":"Victoria","colour":"#0098D4","color":"#0098D4","traffic":0.6406,"off9":0.0,"off12":0.0,"off14":0.0},"id":520},{"type":"Feature","geometry":{"type":"LineString","coordinates":[[-0.07251107139278953,51.583162764205184],[-0.0720425,51.5833671],[-0.0710403,51.5838693],[-0.0703571,51.5842492],[-0.069172,51.5849249],[-0.067779,51.5856573],[-0.0672285,51.5859515],[-0.0667065,51.5862491],[-0.065179,51.5870264],[-0.0640213,51.5874539],[-0.0631228,51.5876767],[-0.0621626,51.5878273],[-0.0615895,51.5878702],[-0.06023081415425134,51.587971841797476]]},"properties":{"id":"940GZZLUSVS-940GZZLUTMH-Victoria","source":"940GZZLUSVS","target":"940GZZLUTMH","sourceName":"Seven Sisters","targetName":"Tottenham Hale","line":"Victoria","colour":"#0098D4","color":"#0098D4","traffic":0.0959,"off9":0.0,"off12":0.0,"off14":0.0},"id":521},{"type":"Feature","geometry":{"type":"LineString","coordinates":[[-0.19539630057084398,51.480061072174486],[-0.1952871,51.4802019],[-0.194799,51.4806333],[-0.1944031,51.4809244],[-0.1940019,51.4812009],[-0.1936885,51.4814083],[-0.1935667,51.4814975],[-0.1929906,51.4818885],[-0.1921091,51.4824793],[-0.1919311,51.4826531],[-0.1916759,51.4830279],[-0.191606,51.4833162],[-0.1916036,51.4835644],[-0.1917008,51.4838826],[-0.1917934,51.484078],[-0.1920318,51.4843512],[-0.1933989,51.4857153],[-0.1935925,51.4858944],[-0.1938394,51.4860916],[-0.1939945,51.4862157],[-0.1941445,51.4863374],[-0.1942456,51.4864161],[-0.1943602,51.486504],[-0.1945516,51.486646],[-0.1946896,51.486738],[-0.1947947,51.4868015],[-0.1949327,51.4868851],[-0.1951699,51.4870207],[-0.1953946,51.4871497],[-0.195556,51.4872483],[-0.19559606535117768,51.4872727992401]]},"properties":{"id":"940GZZLUFBY-940GZZLUWBN-District","source":"940GZZLUFBY","target":"940GZZLUWBN","sourceName":"Fulham Broadway","targetName":"West Brompton","line":"District","colour":"#00782A","color":"#00782A","traffic":0.3261,"off9":1.5,"off12":3.5,"off14":6.0},"id":522},{"type":"Feature","geometry":{"type":"LineString","coordinates":[[-0.19539630057084398,51.480061072174486],[-0.1956341,51.4797544],[-0.1958828,51.4793924],[-0.1959986,51.479149],[-0.1962415,51.4785844],[-0.196327,51.4784011],[-0.1964262,51.4782416],[-0.1965381,51.4780733],[-0.1966448,51.4779384],[-0.1967588,51.4778081],[-0.1969066,51.4776557],[-0.1970659,51.4775099],[-0.1971893,51.4774013],[-0.197365,51.4772643],[-0.1975516,51.4771376],[-0.1977298,51.4770246],[-0.1979095,51.4769202],[-0.1980984,51.476816],[-0.2001544,51.4758013],[-0.2006715,51.4755437],[-0.200826,51.4754656],[-0.2009254,51.4754155],[-0.2009704,51.4753929],[-0.201049,51.4753533],[-0.2010563,51.4753496],[-0.20117614323415078,51.47528918641563]]},"properties":{"id":"940GZZLUFBY-940GZZLUPSG-District","source":"940GZZLUFBY","target":"940GZZLUPSG","sourceName":"Fulham Broadway","targetName":"Parsons Green","line":"District","colour":"#00782A","color":"#00782A","traffic":0.1408,"off9":1.5,"off12":3.5,"off14":6.0},"id":523},{"type":"Feature","geometry":{"type":"LineString","coordinates":[[-0.20117614323415078,51.47528918641563],[-0.2010563,51.4753496],[-0.201049,51.4753533],[-0.2009704,51.4753929],[-0.2009254,51.4754155],[-0.200826,51.4754656],[-0.2006715,51.4755437],[-0.2001544,51.4758013],[-0.1980984,51.476816],[-0.1979095,51.4769202],[-0.1977298,51.4770246],[-0.1975516,51.4771376],[-0.197365,51.4772643],[-0.1971893,51.4774013],[-0.1970659,51.4775099],[-0.1969066,51.4776557],[-0.1967588,51.4778081],[-0.1966448,51.4779384],[-0.1965381,51.4780733],[-0.1964262,51.4782416],[-0.196327,51.4784011],[-0.1962415,51.4785844],[-0.1959986,51.479149],[-0.1958828,51.4793924],[-0.1956341,51.4797544],[-0.19539630057084398,51.480061072174486]]},"properties":{"id":"940GZZLUPSG-940GZZLUFBY-District","source":"940GZZLUPSG","target":"940GZZLUFBY","sourceName":"Parsons Green","targetName":"Fulham Broadway","line":"District","colour":"#00782A","color":"#00782A","traffic":0.2984,"off9":1.5,"off12":3.5,"off14":6.0},"id":524},{"type":"Feature","geometry":{"type":"LineString","coordinates":[[-0.20116289882581212,51.475262921629444],[-0.2012131,51.4752376],[-0.2012992,51.4751942],[-0.2016648,51.4750116],[-0.2021093,51.4747916],[-0.2021928,51.4747476],[-0.2023576,51.4746674],[-0.2042945,51.4737218],[-0.2044755,51.4736299],[-0.2046405,51.4735405],[-0.204822,51.4734261],[-0.2049248,51.4733559],[-0.205031,51.4732801],[-0.2052034,51.4731301],[-0.2053285,51.4730045],[-0.2054482,51.4728696],[-0.2055765,51.4726767],[-0.2056456,51.4725444],[-0.2056981,51.4724121],[-0.2057536,51.4722142],[-0.2057972,51.4720133],[-0.2058486,51.4717939],[-0.2059166,51.471542],[-0.205989,51.4713835],[-0.2061371,51.4711641],[-0.206342,51.4709373],[-0.2065283,51.470794],[-0.206724,51.4706567],[-0.2068799,51.4705757],[-0.2070411,51.4704922],[-0.2074767,51.4702683],[-0.2079259,51.4700095],[-0.2081561,51.4698318],[-0.2082979,51.4696984],[-0.2084237,51.4695299],[-0.2085315,51.4693467],[-0.2086158,51.4691608],[-0.2086476,51.4690209],[-0.2086823,51.4688178],[-0.208763,51.4683435],[-0.20877494964922627,51.468269054605535]]},"properties":{"id":"940GZZLUPSG-940GZZLUPYB-District","source":"940GZZLUPSG","target":"940GZZLUPYB","sourceName":"Parsons Green","targetName":"Putney Bridge","line":"District","colour":"#00782A","color":"#00782A","traffic":0.1181,"off9":1.5,"off12":3.5,"off14":6.0},"id":525},{"type":"Feature","geometry":{"type":"LineString","coordinates":[[0.06618766677946665,51.57661678691715],[0.0658707,51.5766284],[0.0648672,51.5766417],[0.0638626,51.576655],[0.0620868,51.5766375],[0.0599355,51.5765489],[0.0555933,51.5763965],[0.047247,51.5763379],[0.045411,51.5763628],[0.045364225964852914,51.576364427842705]]},"properties":{"id":"940GZZLUGTH-940GZZLURBG-Central","source":"940GZZLUGTH","target":"940GZZLURBG","sourceName":"Gants Hill","targetName":"Redbridge","line":"Central","colour":"#E32017","color":"#E32017","traffic":0.2114,"off9":0.0,"off12":0.0,"off14":0.0},"id":526},{"type":"Feature","geometry":{"type":"LineString","coordinates":[[0.06618766677946665,51.57661678691715],[0.0667714,51.5765954],[0.0674201,51.5765395],[0.0681886,51.5764152],[0.0689899,51.5762194],[0.0696875,51.5759901],[0.0706528,51.5756518],[0.0755807,51.5732115],[0.0774219,51.5723013],[0.0775909,51.5722163],[0.0791053,51.571455],[0.080804,51.5706235],[0.0814104,51.5703856],[0.0818465,51.5702452],[0.0823244,51.5701224],[0.0827543,51.5700477],[0.0834475,51.5699373],[0.0840554,51.5698845],[0.0847747,51.5698421],[0.0854401,51.56985],[0.0859406,51.5698747],[0.0863197,51.5699145],[0.0867323,51.5699762],[0.0870802,51.5700588],[0.0873683,51.5701498],[0.0876439,51.5702592],[0.0878683,51.5703671],[0.088151,51.5705352],[0.0883377,51.5706713],[0.0884665,51.5707905],[0.0887927,51.5711305],[0.0891289,51.5717113],[0.0894214,51.5724209],[0.0896507,51.573133],[0.0897251,51.5734644],[0.0897911,51.5738613],[0.0899123,51.5745317],[0.0899598,51.575123],[0.0899485,51.5754803],[0.0899473,51.575598],[0.08993556510829753,51.57571938400437]]},"properties":{"id":"940GZZLUGTH-940GZZLUNBP-Central","source":"940GZZLUGTH","target":"940GZZLUNBP","sourceName":"Gants Hill","targetName":"Newbury Park","line":"Central","colour":"#E32017","color":"#E32017","traffic":0.0202,"off9":0.0,"off12":0.0,"off14":0.0},"id":527},{"type":"Feature","geometry":{"type":"LineString","coordinates":[[0.045360525233687374,51.57625710852717],[0.0435879,51.5763231],[0.0413652,51.5764461],[0.0394314,51.5765621],[0.0382457,51.5766163],[0.0371332,51.5766471],[0.0361206,51.576627],[0.0351507,51.5765814],[0.034109,51.5765052],[0.0321024,51.5762729],[0.0305552,51.5760362],[0.0286698,51.5755808],[0.028517022825015975,51.575532670456184]]},"properties":{"id":"940GZZLURBG-940GZZLUWSD-Central","source":"940GZZLURBG","target":"940GZZLUWSD","sourceName":"Redbridge","targetName":"Wanstead","line":"Central","colour":"#E32017","color":"#E32017","traffic":0.2393,"off9":0.0,"off12":0.0,"off14":0.0},"id":528},{"type":"Feature","geometry":{"type":"LineString","coordinates":[[0.045364225964852914,51.576364427842705],[0.045411,51.5763628],[0.047247,51.5763379],[0.0555933,51.5763965],[0.0599355,51.5765489],[0.0620868,51.5766375],[0.0638626,51.576655],[0.0648672,51.5766417],[0.0658707,51.5766284],[0.06618766677946665,51.57661678691715]]},"properties":{"id":"940GZZLURBG-940GZZLUGTH-Central","source":"940GZZLURBG","target":"940GZZLUGTH","sourceName":"Redbridge","targetName":"Gants Hill","line":"Central","colour":"#E32017","color":"#E32017","traffic":0.028,"off9":0.0,"off12":0.0,"off14":0.0},"id":529},{"type":"Feature","geometry":{"type":"LineString","coordinates":[[-0.1741414343439666,51.494050694677355],[-0.1736346,51.4940105],[-0.1729308,51.4939689],[-0.1726722,51.4939539],[-0.1723702,51.4939736],[-0.1721354,51.4940132],[-0.1719546,51.4940623],[-0.1718237,51.4941113],[-0.1716725,51.4941883],[-0.171519,51.4942851],[-0.1713937,51.4944012],[-0.1712039,51.4946241],[-0.1711399,51.4946935],[-0.1710528,51.494768],[-0.1709295,51.4948497],[-0.1707839,51.4949089],[-0.1705804,51.4949908],[-0.1701156,51.4950863],[-0.1699378,51.4951663],[-0.1697991,51.4952497],[-0.1696698,51.4953516],[-0.1695443,51.4954622],[-0.1694525,51.4955764],[-0.1693732,51.4956815],[-0.1693085,51.4958046],[-0.1692624,51.4959351],[-0.169241,51.4960676],[-0.1692197,51.4961133],[-0.1692087,51.4961419],[-0.169189,51.496185],[-0.1691108,51.4963221],[-0.1690274,51.4964475],[-0.1689227,51.4965603],[-0.1687933,51.4966617],[-0.1676728,51.497341],[-0.1668189,51.4978033],[-0.1658448,51.4983433],[-0.165372,51.4985935],[-0.1636481,51.4995725],[-0.1633512,51.4997539],[-0.1628749,51.5000464],[-0.1625564,51.500277],[-0.1620852,51.5007019],[-0.1618897,51.5008853],[-0.1617328,51.5010187],[-0.1616688,51.5010689],[-0.1616039,51.5011173],[-0.1615229,51.5011766],[-0.1614473,51.5012291],[-0.1613634,51.5012857],[-0.1613029,51.5013252],[-0.1612292,51.5013716],[-0.1611514,51.5014185],[-0.1610723,51.5014644],[-0.160922,51.5015478],[-0.1607047,51.50166],[-0.1605758,51.5017138],[-0.16052534700467308,51.501728507524106]]},"properties":{"id":"940GZZLUSKS-940GZZLUKNB-Piccadilly","source":"940GZZLUSKS","target":"940GZZLUKNB","sourceName":"South Kensington","targetName":"Knightsbridge","line":"Piccadilly","colour":"#003688","color":"#003688","traffic":0.4083,"off9":-1.5,"off12":-3.5,"off14":-6.0},"id":530},{"type":"Feature","geometry":{"type":"LineString","coordinates":[[-0.1741342045417888,51.49411470249933],[-0.1743191,51.4941486],[-0.1745607,51.494203],[-0.1747911,51.4942002],[-0.1751217,51.4941863],[-0.1753651,51.4941688],[-0.1760222,51.4941089],[-0.1765938,51.4940543],[-0.1784448,51.493862],[-0.1792165,51.4937934],[-0.1797031,51.4937781],[-0.180186,51.4938244],[-0.1813199,51.4940179],[-0.1818271,51.4941],[-0.1823376,51.4941738],[-0.1826723589015375,51.49422913802379]]},"properties":{"id":"940GZZLUSKS-940GZZLUGTR-Piccadilly","source":"940GZZLUSKS","target":"940GZZLUGTR","sourceName":"South Kensington","targetName":"Gloucester Road","line":"Piccadilly","colour":"#003688","color":"#003688","traffic":0.2853,"off9":-1.5,"off12":-3.5,"off14":-6.0},"id":531},{"type":"Feature","geometry":{"type":"LineString","coordinates":[[-0.1741387145382556,51.494082157190014],[-0.1743466,51.4940947],[-0.1746085,51.4940868],[-0.1748801,51.4940841],[-0.1753456,51.4940589],[-0.1761283,51.4939912],[-0.1775354,51.4938696],[-0.1776067,51.4938642],[-0.1777113,51.4938544],[-0.177795,51.4938471],[-0.1788538,51.4937556],[-0.17919,51.4937347],[-0.1796923,51.493714],[-0.1801884,51.4937573],[-0.180546,51.493838],[-0.1808628,51.4939255],[-0.1810625,51.4939723],[-0.18265058517325625,51.494347393201394]]},"properties":{"id":"940GZZLUSKS-940GZZLUGTR-Circle","source":"940GZZLUSKS","target":"940GZZLUGTR","sourceName":"South Kensington","targetName":"Gloucester Road","line":"Circle","colour":"#FFD300","color":"#FFD300","traffic":0.2853,"off9":3.0,"off12":7.0,"off14":12.0},"id":532},{"type":"Feature","geometry":{"type":"LineString","coordinates":[[-0.1741387145382556,51.494082157190014],[-0.1743466,51.4940947],[-0.1746085,51.4940868],[-0.1748801,51.4940841],[-0.1753456,51.4940589],[-0.1761283,51.4939912],[-0.1775354,51.4938696],[-0.1776067,51.4938642],[-0.1777113,51.4938544],[-0.177795,51.4938471],[-0.1788538,51.4937556],[-0.17919,51.4937347],[-0.1796923,51.493714],[-0.1801884,51.4937573],[-0.1810764,51.4939366],[-0.18265540042585823,51.49432652691796]]},"properties":{"id":"940GZZLUSKS-940GZZLUGTR-District","source":"940GZZLUSKS","target":"940GZZLUGTR","sourceName":"South Kensington","targetName":"Gloucester Road","line":"District","colour":"#00782A","color":"#00782A","traffic":0.2853,"off9":1.5,"off12":3.5,"off14":6.0},"id":533},{"type":"Feature","geometry":{"type":"LineString","coordinates":[[-0.1741387145382556,51.494082157190014],[-0.1739886,51.4940731],[-0.1737326,51.4940649],[-0.1730526,51.4940331],[-0.1721009,51.4939836],[-0.1718697,51.4939867],[-0.1712372,51.4940275],[-0.1709273,51.4940429],[-0.1707153,51.4940449],[-0.1704215,51.4940341],[-0.169262,51.4939888],[-0.1677054,51.4939347],[-0.1674924,51.493921],[-0.166986,51.4938961],[-0.1661436,51.493854],[-0.1638851,51.4937728],[-0.1638131,51.49377],[-0.1632655,51.4937367],[-0.162575,51.4936975],[-0.1619554,51.4936459],[-0.161334,51.4935778],[-0.1608367,51.4935043],[-0.1601292,51.4933681],[-0.1597242,51.4932846],[-0.1594625,51.4932226],[-0.1586084,51.492984],[-0.1578037,51.4927477],[-0.1571583,51.4925512],[-0.1563607183328008,51.49232824466787]]},"properties":{"id":"940GZZLUSKS-940GZZLUSSQ-Circle","source":"940GZZLUSKS","target":"940GZZLUSSQ","sourceName":"South Kensington","targetName":"Sloane Square","line":"Circle","colour":"#FFD300","color":"#FFD300","traffic":0.4566,"off9":3.0,"off12":7.0,"off14":12.0},"id":534},{"type":"Feature","geometry":{"type":"LineString","coordinates":[[-0.1741387145382556,51.494082157190014],[-0.1739886,51.4940731],[-0.1737326,51.4940649],[-0.1730526,51.4940331],[-0.1721009,51.4939836],[-0.1718697,51.4939867],[-0.1712372,51.4940275],[-0.1709273,51.4940429],[-0.1707153,51.4940449],[-0.1704215,51.4940341],[-0.169262,51.4939888],[-0.1677054,51.4939347],[-0.1674924,51.493921],[-0.166986,51.4938961],[-0.1661436,51.493854],[-0.1638851,51.4937728],[-0.1638131,51.49377],[-0.1632655,51.4937367],[-0.162575,51.4936975],[-0.1619554,51.4936459],[-0.161334,51.4935778],[-0.1608367,51.4935043],[-0.1601292,51.4933681],[-0.1597242,51.4932846],[-0.1594625,51.4932226],[-0.1586084,51.492984],[-0.1578037,51.4927477],[-0.1571583,51.4925512],[-0.15636071833280082,51.49232824466787]]},"properties":{"id":"940GZZLUSKS-940GZZLUSSQ-District","source":"940GZZLUSKS","target":"940GZZLUSSQ","sourceName":"South Kensington","targetName":"Sloane Square","line":"District","colour":"#00782A","color":"#00782A","traffic":0.4566,"off9":1.5,"off12":3.5,"off14":6.0},"id":535},{"type":"Feature","geometry":{"type":"LineString","coordinates":[[-0.22665393751804577,51.502020963920785],[-0.2266403,51.5019688],[-0.2262316,51.4999517],[-0.225834,51.4979921],[-0.225731,51.4974705],[-0.2256854,51.4972091],[-0.2255915,51.4967778],[-0.2255587,51.4965984],[-0.2255136,51.4963803],[-0.2254592,51.4961484],[-0.2253662,51.4956731],[-0.2252977,51.4952869],[-0.2252429,51.4950168],[-0.2252247,51.4949067],[-0.2251853,51.4947177],[-0.2251555,51.4945602],[-0.2249929,51.4937016],[-0.224979,51.4936258],[-0.22496323337672977,51.493544671742285]]},"properties":{"id":"940GZZLUGHK-940GZZLUHSC-Circle","source":"940GZZLUGHK","target":"940GZZLUHSC","sourceName":"Goldhawk Road","targetName":"Hammersmith HC Line","line":"Circle","colour":"#FFD300","color":"#FFD300","traffic":0.0561,"off9":3.0,"off12":7.0,"off14":12.0},"id":536},{"type":"Feature","geometry":{"type":"LineString","coordinates":[[-0.22665393751804577,51.502020963920785],[-0.2266403,51.5019688],[-0.2262316,51.4999517],[-0.225834,51.4979921],[-0.225731,51.4974705],[-0.2256854,51.4972091],[-0.2255915,51.4967778],[-0.2255587,51.4965984],[-0.2255136,51.4963803],[-0.2254592,51.4961484],[-0.2253662,51.4956731],[-0.2252977,51.4952869],[-0.2252429,51.4950168],[-0.2252247,51.4949067],[-0.2251853,51.4947177],[-0.2251555,51.4945602],[-0.2249929,51.4937016],[-0.224979,51.4936258],[-0.22496323337672977,51.493544671742285]]},"properties":{"id":"940GZZLUGHK-940GZZLUHSC-Hammersmith & City","source":"940GZZLUGHK","target":"940GZZLUHSC","sourceName":"Goldhawk Road","targetName":"Hammersmith HC Line","line":"Hammersmith & City","colour":"#F3A9BB","color":"#F3A9BB","traffic":0.0561,"off9":0.0,"off12":0.0,"off14":0.0},"id":537},{"type":"Feature","geometry":{"type":"LineString","coordinates":[[-0.22665393751804577,51.502020963920785],[-0.2267226,51.5022836],[-0.2267313,51.5023121],[-0.2267614,51.5024938],[-0.2268289,51.5027542],[-0.2268488,51.5030785],[-0.2268513,51.5033105],[-0.2268408,51.5035543],[-0.2267988,51.5039597],[-0.2267618,51.5041793],[-0.2267074,51.5044677],[-0.2266189,51.5048531],[-0.2265499,51.505214],[-0.2264908,51.5054344],[-0.2264608,51.5055481],[-0.22645117590897748,51.505594724130006]]},"properties":{"id":"940GZZLUGHK-940GZZLUSBM-Circle","source":"940GZZLUGHK","target":"940GZZLUSBM","sourceName":"Goldhawk Road","targetName":"Shepherds Bush Market","line":"Circle","colour":"#FFD300","color":"#FFD300","traffic":0.0876,"off9":3.0,"off12":7.0,"off14":12.0},"id":538},{"type":"Feature","geometry":{"type":"LineString","coordinates":[[-0.22665393751804577,51.502020963920785],[-0.2267226,51.5022836],[-0.2267313,51.5023121],[-0.2267614,51.5024938],[-0.2268289,51.5027542],[-0.2268488,51.5030785],[-0.2268513,51.5033105],[-0.2268408,51.5035543],[-0.2267988,51.5039597],[-0.2267618,51.5041793],[-0.2267074,51.5044677],[-0.2266189,51.5048531],[-0.2265499,51.505214],[-0.2264908,51.5054344],[-0.2264608,51.5055481],[-0.22645117590897748,51.505594724130006]]},"properties":{"id":"940GZZLUGHK-940GZZLUSBM-Hammersmith & City","source":"940GZZLUGHK","target":"940GZZLUSBM","sourceName":"Goldhawk Road","targetName":"Shepherds Bush Market","line":"Hammersmith & City","colour":"#F3A9BB","color":"#F3A9BB","traffic":0.0876,"off9":0.0,"off12":0.0,"off14":0.0},"id":539},{"type":"Feature","geometry":{"type":"LineString","coordinates":[[-0.22496323337672977,51.493544671742285],[-0.224979,51.4936258],[-0.2249929,51.4937016],[-0.2251555,51.4945602],[-0.2251853,51.4947177],[-0.2252247,51.4949067],[-0.2252429,51.4950168],[-0.2252977,51.4952869],[-0.2253662,51.4956731],[-0.2254592,51.4961484],[-0.2255136,51.4963803],[-0.2255587,51.4965984],[-0.2255915,51.4967778],[-0.2256854,51.4972091],[-0.225731,51.4974705],[-0.225834,51.4979921],[-0.2262316,51.4999517],[-0.2266403,51.5019688],[-0.22665393751804577,51.502020963920785]]},"properties":{"id":"940GZZLUHSC-940GZZLUGHK-Circle","source":"940GZZLUHSC","target":"940GZZLUGHK","sourceName":"Hammersmith HC Line","targetName":"Goldhawk Road","line":"Circle","colour":"#FFD300","color":"#FFD300","traffic":0.0716,"off9":3.0,"off12":7.0,"off14":12.0},"id":540},{"type":"Feature","geometry":{"type":"LineString","coordinates":[[-0.22496323337672977,51.493544671742285],[-0.224979,51.4936258],[-0.2249929,51.4937016],[-0.2251555,51.4945602],[-0.2251853,51.4947177],[-0.2252247,51.4949067],[-0.2252429,51.4950168],[-0.2252977,51.4952869],[-0.2253662,51.4956731],[-0.2254592,51.4961484],[-0.2255136,51.4963803],[-0.2255587,51.4965984],[-0.2255915,51.4967778],[-0.2256854,51.4972091],[-0.225731,51.4974705],[-0.225834,51.4979921],[-0.2262316,51.4999517],[-0.2266403,51.5019688],[-0.22665393751804577,51.502020963920785]]},"properties":{"id":"940GZZLUHSC-940GZZLUGHK-Hammersmith & City","source":"940GZZLUHSC","target":"940GZZLUGHK","sourceName":"Hammersmith HC Line","targetName":"Goldhawk Road","line":"Hammersmith & City","colour":"#F3A9BB","color":"#F3A9BB","traffic":0.0716,"off9":0.0,"off12":0.0,"off14":0.0},"id":541},{"type":"Feature","geometry":{"type":"LineString","coordinates":[[-0.22645117590897748,51.505594724130006],[-0.2264042,51.5058223],[-0.2261794,51.5068751],[-0.2261503,51.5070114],[-0.226078,51.507328],[-0.2260058,51.5075493],[-0.2259226,51.507776],[-0.2258332,51.507955],[-0.2257923,51.5080614],[-0.2256958,51.5082313],[-0.2256157,51.5083681],[-0.2254957,51.5085438],[-0.2253615,51.5087284],[-0.2252131,51.5089095],[-0.2250738,51.5090645],[-0.2249238,51.5092162],[-0.2247485,51.5093878],[-0.2245774,51.5095356],[-0.22448356168145017,51.50961184967388]]},"properties":{"id":"940GZZLUSBM-940GZZLUWLA-Circle","source":"940GZZLUSBM","target":"940GZZLUWLA","sourceName":"Shepherds Bush Market","targetName":"Wood Lane","line":"Circle","colour":"#FFD300","color":"#FFD300","traffic":0.1062,"off9":3.0,"off12":7.0,"off14":12.0},"id":542},{"type":"Feature","geometry":{"type":"LineString","coordinates":[[-0.22645117590897748,51.505594724130006],[-0.2264042,51.5058223],[-0.2261794,51.5068751],[-0.2261503,51.5070114],[-0.226078,51.507328],[-0.2260058,51.5075493],[-0.2259226,51.507776],[-0.2258332,51.507955],[-0.2257923,51.5080614],[-0.2256958,51.5082313],[-0.2256157,51.5083681],[-0.2254957,51.5085438],[-0.2253615,51.5087284],[-0.2252131,51.5089095],[-0.2250738,51.5090645],[-0.2249238,51.5092162],[-0.2247485,51.5093878],[-0.2245774,51.5095356],[-0.22448356168145017,51.50961184967388]]},"properties":{"id":"940GZZLUSBM-940GZZLUWLA-Hammersmith & City","source":"940GZZLUSBM","target":"940GZZLUWLA","sourceName":"Shepherds Bush Market","targetName":"Wood Lane","line":"Hammersmith & City","colour":"#F3A9BB","color":"#F3A9BB","traffic":0.1062,"off9":0.0,"off12":0.0,"off14":0.0},"id":543},{"type":"Feature","geometry":{"type":"LineString","coordinates":[[-0.22645117590897748,51.505594724130006],[-0.2264608,51.5055481],[-0.2264908,51.5054344],[-0.2265499,51.505214],[-0.2266189,51.5048531],[-0.2267074,51.5044677],[-0.2267618,51.5041793],[-0.2267988,51.5039597],[-0.2268408,51.5035543],[-0.2268513,51.5033105],[-0.2268488,51.5030785],[-0.2268289,51.5027542],[-0.2267614,51.5024938],[-0.2267313,51.5023121],[-0.2267226,51.5022836],[-0.22665393751804577,51.502020963920785]]},"properties":{"id":"940GZZLUSBM-940GZZLUGHK-Circle","source":"940GZZLUSBM","target":"940GZZLUGHK","sourceName":"Shepherds Bush Market","targetName":"Goldhawk Road","line":"Circle","colour":"#FFD300","color":"#FFD300","traffic":0.059,"off9":3.0,"off12":7.0,"off14":12.0},"id":544},{"type":"Feature","geometry":{"type":"LineString","coordinates":[[-0.22645117590897748,51.505594724130006],[-0.2264608,51.5055481],[-0.2264908,51.5054344],[-0.2265499,51.505214],[-0.2266189,51.5048531],[-0.2267074,51.5044677],[-0.2267618,51.5041793],[-0.2267988,51.5039597],[-0.2268408,51.5035543],[-0.2268513,51.5033105],[-0.2268488,51.5030785],[-0.2268289,51.5027542],[-0.2267614,51.5024938],[-0.2267313,51.5023121],[-0.2267226,51.5022836],[-0.22665393751804577,51.502020963920785]]},"properties":{"id":"940GZZLUSBM-940GZZLUGHK-Hammersmith & City","source":"940GZZLUSBM","target":"940GZZLUGHK","sourceName":"Shepherds Bush Market","targetName":"Goldhawk Road","line":"Hammersmith & City","colour":"#F3A9BB","color":"#F3A9BB","traffic":0.059,"off9":0.0,"off12":0.0,"off14":0.0},"id":545},{"type":"Feature","geometry":{"type":"LineString","coordinates":[[-0.13431594761571514,51.52064197443719],[-0.1342306,51.5205525],[-0.1322281,51.5186402],[-0.13077,51.5170681],[-0.13041650540942462,51.51642243834041]]},"properties":{"id":"940GZZLUGDG-940GZZLUTCR-Northern","source":"940GZZLUGDG","target":"940GZZLUTCR","sourceName":"Goodge Street","targetName":"Tottenham Court Road","line":"Northern","colour":"#000000","color":"#000000","traffic":0.3391,"off9":0.0,"off12":0.0,"off14":0.0},"id":546},{"type":"Feature","geometry":{"type":"LineString","coordinates":[[-0.13440151927694222,51.520559955371446],[-0.1366273,51.5228698],[-0.1373356,51.5236732],[-0.1380159,51.5245174],[-0.13827580257923663,51.524976582272934]]},"properties":{"id":"940GZZLUGDG-940GZZLUWRR-Northern","source":"940GZZLUGDG","target":"940GZZLUWRR","sourceName":"Goodge Street","targetName":"Warren Street","line":"Northern","colour":"#000000","color":"#000000","traffic":0.1514,"off9":0.0,"off12":0.0,"off14":0.0},"id":547},{"type":"Feature","geometry":{"type":"LineString","coordinates":[[-0.13041650540942462,51.51642243834041],[-0.13077,51.5170681],[-0.1322281,51.5186402],[-0.1342306,51.5205525],[-0.13431594761571514,51.52064197443719]]},"properties":{"id":"940GZZLUTCR-940GZZLUGDG-Northern","source":"940GZZLUTCR","target":"940GZZLUGDG","sourceName":"Tottenham Court Road","targetName":"Goodge Street","line":"Northern","colour":"#000000","color":"#000000","traffic":0.2066,"off9":0.0,"off12":0.0,"off14":0.0},"id":548},{"type":"Feature","geometry":{"type":"LineString","coordinates":[[-0.13041650540942462,51.51642243834041],[-0.130257,51.5161311],[-0.1298795,51.5153108],[-0.1298428,51.5152395],[-0.1295624,51.5142286],[-0.1292277,51.5135043],[-0.1291284,51.5133243],[-0.1290075,51.5131293],[-0.1286892,51.5126122],[-0.1284467,51.5122506],[-0.1284053,51.5121391],[-0.1283719,51.5120312],[-0.1283659,51.512005],[-0.1283486,51.5119071],[-0.1283281,51.5117756],[-0.1282939,51.5115114],[-0.12830022527910168,51.51137994790757]]},"properties":{"id":"940GZZLUTCR-940GZZLULSQ-Northern","source":"940GZZLUTCR","target":"940GZZLULSQ","sourceName":"Tottenham Court Road","targetName":"Leicester Square","line":"Northern","colour":"#000000","color":"#000000","traffic":0.2482,"off9":0.0,"off12":0.0,"off14":0.0},"id":549},{"type":"Feature","geometry":{"type":"LineString","coordinates":[[-0.1304121676780532,51.51644626760065],[-0.129849,51.5165065],[-0.1290331,51.5166419],[-0.1279161,51.516821],[-0.1264186,51.5170063],[-0.1252581,51.5171424],[-0.1246073,51.5172042],[-0.1241424,51.5172443],[-0.1227724,51.5173589],[-0.1222742,51.5174016],[-0.1212144,51.5175018],[-0.12047427211231133,51.51757236553706]]},"properties":{"id":"940GZZLUTCR-940GZZLUHBN-Central","source":"940GZZLUTCR","target":"940GZZLUHBN","sourceName":"Tottenham Court Road","targetName":"Holborn","line":"Central","colour":"#E32017","color":"#E32017","traffic":0.56,"off9":0.0,"off12":0.0,"off14":0.0},"id":550},{"type":"Feature","geometry":{"type":"LineString","coordinates":[[-0.1304010443857211,51.516337364228654],[-0.131045,51.5162723],[-0.1327997,51.5161338],[-0.1328803,51.5161252],[-0.1343306,51.5160236],[-0.1379109,51.5156639],[-0.1396658,51.5154888],[-0.1402341,51.5154251],[-0.1407785,51.5153611],[-0.1413645,51.5152942],[-0.14190505508477988,51.51524809438905]]},"properties":{"id":"940GZZLUTCR-940GZZLUOXC-Central","source":"940GZZLUTCR","target":"940GZZLUOXC","sourceName":"Tottenham Court Road","targetName":"Oxford Circus","line":"Central","colour":"#E32017","color":"#E32017","traffic":0.4867,"off9":0.0,"off12":0.0,"off14":0.0},"id":551},{"type":"Feature","geometry":{"type":"LineString","coordinates":[[-0.15244902659450582,51.50308610674499],[-0.1506236,51.5033728],[-0.1501461,51.5034614],[-0.149776,51.5035383],[-0.149379,51.503639],[-0.148982,51.5037586],[-0.1486146,51.5038961],[-0.1480787,51.5041204],[-0.1475571,51.5043924],[-0.1457305,51.5053451],[-0.1439057,51.5062597],[-0.14273646295501713,51.50684626055424]]},"properties":{"id":"940GZZLUHPC-940GZZLUGPK-Piccadilly","source":"940GZZLUHPC","target":"940GZZLUGPK","sourceName":"Hyde Park Corner","targetName":"Green Park","line":"Piccadilly","colour":"#003688","color":"#003688","traffic":0.3797,"off9":-1.5,"off12":-3.5,"off14":-6.0},"id":552},{"type":"Feature","geometry":{"type":"LineString","coordinates":[[-0.1524251347482395,51.50295111564964],[-0.1525574,51.5029261],[-0.1528548,51.5028806],[-0.1534728,51.5027829],[-0.1541878,51.502678],[-0.1548975,51.5025739],[-0.1554382,51.5024952],[-0.1558645,51.5024215],[-0.1563299,51.502335],[-0.1566505,51.5022937],[-0.1569536,51.5022699],[-0.1576562,51.5022311],[-0.1580265,51.5022063],[-0.1582665,51.5021776],[-0.1584929,51.5021418],[-0.1587359,51.5021005],[-0.1591074,51.5020284],[-0.1592118,51.502007],[-0.1596726,51.5019129],[-0.1602223,51.5018072],[-0.1604698,51.5017447],[-0.16052534700467308,51.501728507524106]]},"properties":{"id":"940GZZLUHPC-940GZZLUKNB-Piccadilly","source":"940GZZLUHPC","target":"940GZZLUKNB","sourceName":"Hyde Park Corner","targetName":"Knightsbridge","line":"Piccadilly","colour":"#003688","color":"#003688","traffic":0.3594,"off9":-1.5,"off12":-3.5,"off14":-6.0},"id":553},{"type":"Feature","geometry":{"type":"LineString","coordinates":[[-0.1432789045813931,51.49647966232557],[-0.1432385,51.4965389],[-0.1430645,51.4967722],[-0.142876,51.4969968],[-0.1427545,51.4971415],[-0.1426905,51.4972299],[-0.1426533,51.4972813],[-0.1422803,51.4978004],[-0.141483,51.4988127],[-0.1410038,51.4996495],[-0.1406149,51.5005709],[-0.1403881,51.5012993],[-0.1403343,51.5017901],[-0.1403882,51.5022439],[-0.1405476,51.5028081],[-0.141056,51.5041567],[-0.1414815,51.5050369],[-0.1417807,51.5055608],[-0.142581,51.5066493],[-0.142649,51.5067462],[-0.14278894343748347,51.5069456362998]]},"properties":{"id":"940GZZLUVIC-940GZZLUGPK-Victoria","source":"940GZZLUVIC","target":"940GZZLUGPK","sourceName":"Victoria","targetName":"Green Park","line":"Victoria","colour":"#0098D4","color":"#0098D4","traffic":0.9841,"off9":0.0,"off12":0.0,"off14":0.0},"id":554},{"type":"Feature","geometry":{"type":"LineString","coordinates":[[-0.1430561473108803,51.49632728035295],[-0.1431893,51.4961348],[-0.1432968,51.4959564],[-0.1433883,51.4957774],[-0.1435264,51.4952799],[-0.143598,51.4949146],[-0.1436912,51.494279],[-0.1437674,51.4935941],[-0.1435464,51.4931047],[-0.1432303,51.4927166],[-0.1427151,51.4920532],[-0.1422703,51.4916277],[-0.1416565,51.4911666],[-0.1412113,51.4908727],[-0.1404631,51.4905067],[-0.1397573,51.4901745],[-0.1392879,51.4900068],[-0.138848,51.4898656],[-0.1381227,51.4896703],[-0.1371521,51.489496],[-0.1359928,51.4893641],[-0.1350023,51.4893014],[-0.134254,51.4892267],[-0.13375269368415765,51.48916829312867]]},"properties":{"id":"940GZZLUVIC-940GZZLUPCO-Victoria","source":"940GZZLUVIC","target":"940GZZLUPCO","sourceName":"Victoria","targetName":"Pimlico","line":"Victoria","colour":"#0098D4","color":"#0098D4","traffic":0.3659,"off9":0.0,"off12":0.0,"off14":0.0},"id":555},{"type":"Feature","geometry":{"type":"LineString","coordinates":[[-0.14310215851491126,51.49636040062785],[-0.143111,51.4963594],[-0.1432299,51.4963476],[-0.1433104,51.4963403],[-0.1434494,51.4963299],[-0.1436142,51.4963261],[-0.1437612,51.4963251],[-0.1438961,51.4963255],[-0.144097,51.4963251],[-0.144281,51.4963164],[-0.1444585,51.4962975],[-0.1445971,51.4962827],[-0.1447102,51.4962678],[-0.1448793,51.4962377],[-0.1450999,51.4961912],[-0.1453063,51.4961318],[-0.1455095,51.4960657],[-0.1456734,51.4960053],[-0.1458607,51.4959308],[-0.1460061,51.495866],[-0.1461797,51.4957833],[-0.146383,51.4956607],[-0.146577,51.495506],[-0.1467233,51.4953653],[-0.147234,51.4947434],[-0.1479721,51.4938524],[-0.1481183,51.4937104],[-0.1482953,51.4935509],[-0.1484496,51.4934404],[-0.1486498,51.4932996],[-0.1489324,51.4931214],[-0.1491012,51.4930243],[-0.1492965,51.4929197],[-0.149625,51.4927223],[-0.1500757,51.492476],[-0.1503145,51.4923821],[-0.1507083,51.492246],[-0.1510089,51.4921597],[-0.1512475,51.4921],[-0.1515079,51.4920477],[-0.1517395,51.4920129],[-0.151997,51.4919839],[-0.1522735,51.4919594],[-0.1526119,51.491947],[-0.1532244,51.4919338],[-0.153816,51.4919198],[-0.1540369,51.4919225],[-0.1542459,51.4919305],[-0.154447,51.491951],[-0.1550494,51.4920565],[-0.1555588,51.4921443],[-0.1560548,51.4922456],[-0.1561427,51.4922673],[-0.1563607183328008,51.49232824466787]]},"properties":{"id":"940GZZLUVIC-940GZZLUSSQ-Circle","source":"940GZZLUVIC","target":"940GZZLUSSQ","sourceName":"Victoria","targetName":"Sloane Square","line":"Circle","colour":"#FFD300","color":"#FFD300","traffic":0.4142,"off9":3.0,"off12":7.0,"off14":12.0},"id":556},{"type":"Feature","geometry":{"type":"LineString","coordinates":[[-0.14310215851491126,51.49636040062785],[-0.143111,51.4963594],[-0.1432299,51.4963476],[-0.1433104,51.4963403],[-0.1434494,51.4963299],[-0.1436142,51.4963261],[-0.1437612,51.4963251],[-0.1438961,51.4963255],[-0.144097,51.4963251],[-0.144281,51.4963164],[-0.1444585,51.4962975],[-0.1445971,51.4962827],[-0.1447102,51.4962678],[-0.1448793,51.4962377],[-0.1450999,51.4961912],[-0.1453063,51.4961318],[-0.1455095,51.4960657],[-0.1456734,51.4960053],[-0.1458607,51.4959308],[-0.1460061,51.495866],[-0.1461797,51.4957833],[-0.146383,51.4956607],[-0.146577,51.495506],[-0.1467233,51.4953653],[-0.147234,51.4947434],[-0.1479721,51.4938524],[-0.1481183,51.4937104],[-0.1482953,51.4935509],[-0.1484496,51.4934404],[-0.1486498,51.4932996],[-0.1489324,51.4931214],[-0.1491012,51.4930243],[-0.1492965,51.4929197],[-0.149625,51.4927223],[-0.1500757,51.492476],[-0.1503145,51.4923821],[-0.1507083,51.492246],[-0.1510089,51.4921597],[-0.1512475,51.4921],[-0.1515079,51.4920477],[-0.1517395,51.4920129],[-0.151997,51.4919839],[-0.1522735,51.4919594],[-0.1526119,51.491947],[-0.1532244,51.4919338],[-0.153816,51.4919198],[-0.1540369,51.4919225],[-0.1542459,51.4919305],[-0.154447,51.491951],[-0.1550494,51.4920565],[-0.1555588,51.4921443],[-0.1560548,51.4922456],[-0.1561427,51.4922673],[-0.15636071833280082,51.49232824466787]]},"properties":{"id":"940GZZLUVIC-940GZZLUSSQ-District","source":"940GZZLUVIC","target":"940GZZLUSSQ","sourceName":"Victoria","targetName":"Sloane Square","line":"District","colour":"#00782A","color":"#00782A","traffic":0.4142,"off9":1.5,"off12":3.5,"off14":6.0},"id":557},{"type":"Feature","geometry":{"type":"LineString","coordinates":[[-0.14310215851491126,51.49636040062785],[-0.1429979,51.4963722],[-0.1426611,51.4964412],[-0.1423015,51.4965371],[-0.141976,51.4966269],[-0.1416596,51.4967286],[-0.1411763,51.4969062],[-0.1407892,51.4970452],[-0.1406322,51.4970961],[-0.1404552,51.4971462],[-0.1402511,51.4971932],[-0.1400283,51.4972358],[-0.1397054,51.4972841],[-0.1393228,51.4973598],[-0.1391363,51.4974027],[-0.1389753,51.4974391],[-0.1388544,51.4974684],[-0.1387177,51.4975064],[-0.1385532,51.4975495],[-0.138451,51.4975786],[-0.1382633,51.4976377],[-0.1381218,51.4976858],[-0.1379743,51.4977385],[-0.1378295,51.4977925],[-0.1376918,51.4978494],[-0.1372808,51.4980302],[-0.1366333,51.4984093],[-0.1363886,51.4985427],[-0.1361848,51.4986512],[-0.1357546,51.4988177],[-0.1354815,51.4989472],[-0.1353089,51.4990098],[-0.1350837,51.4990906],[-0.1350491,51.4991032],[-0.1349081,51.4991546],[-0.1347525,51.4992077],[-0.1344588,51.4993001],[-0.1342922,51.4993497],[-0.1341236,51.4993975],[-0.1340474,51.4994185],[-0.13360819516331257,51.49954467932422]]},"properties":{"id":"940GZZLUVIC-940GZZLUSJP-Circle","source":"940GZZLUVIC","target":"940GZZLUSJP","sourceName":"Victoria","targetName":"St Jamess Park","line":"Circle","colour":"#FFD300","color":"#FFD300","traffic":0.4614,"off9":3.0,"off12":7.0,"off14":12.0},"id":558},{"type":"Feature","geometry":{"type":"LineString","coordinates":[[-0.14310215851491126,51.49636040062785],[-0.1429979,51.4963722],[-0.1426611,51.4964412],[-0.1423015,51.4965371],[-0.141976,51.4966269],[-0.1416596,51.4967286],[-0.1411763,51.4969062],[-0.1407892,51.4970452],[-0.1406322,51.4970961],[-0.1404552,51.4971462],[-0.1402511,51.4971932],[-0.1400283,51.4972358],[-0.1397054,51.4972841],[-0.1393228,51.4973598],[-0.1391363,51.4974027],[-0.1389753,51.4974391],[-0.1388544,51.4974684],[-0.1387177,51.4975064],[-0.1385532,51.4975495],[-0.138451,51.4975786],[-0.1382633,51.4976377],[-0.1381218,51.4976858],[-0.1379743,51.4977385],[-0.1378295,51.4977925],[-0.1376918,51.4978494],[-0.1372808,51.4980302],[-0.1366333,51.4984093],[-0.1363886,51.4985427],[-0.1361848,51.4986512],[-0.1357546,51.4988177],[-0.1354815,51.4989472],[-0.1353089,51.4990098],[-0.1350837,51.4990906],[-0.1350491,51.4991032],[-0.1349081,51.4991546],[-0.1347525,51.4992077],[-0.1344588,51.4993001],[-0.1342922,51.4993497],[-0.1341236,51.4993975],[-0.1340474,51.4994185],[-0.13360819516331254,51.49954467932422]]},"properties":{"id":"940GZZLUVIC-940GZZLUSJP-District","source":"940GZZLUVIC","target":"940GZZLUSJP","sourceName":"Victoria","targetName":"St Jamess Park","line":"District","colour":"#00782A","color":"#00782A","traffic":0.4614,"off9":1.5,"off12":3.5,"off14":6.0},"id":559},{"type":"Feature","geometry":{"type":"LineString","coordinates":[[-0.3460668338319143,51.542359061155345],[-0.3460828,51.5423632],[-0.3463023,51.5424202],[-0.3467307,51.5425287],[-0.3481124,51.5428747],[-0.3490087,51.5431086],[-0.3499481,51.5433486],[-0.3509751,51.5436177],[-0.3515146,51.5437631],[-0.3523661,51.5440035],[-0.3527195,51.5441013],[-0.3531447,51.5442269],[-0.3538872,51.5444327],[-0.3562184,51.5450441],[-0.3568771,51.5452181],[-0.3594858,51.5458975],[-0.3625966,51.546698],[-0.3642719,51.5471337],[-0.3657129,51.5474973],[-0.3661324,51.5475967],[-0.367171,51.5478206],[-0.3679047,51.5479891],[-0.36871089212783,51.548187733526525]]},"properties":{"id":"940GZZLUGFD-940GZZLUNHT-Central","source":"940GZZLUGFD","target":"940GZZLUNHT","sourceName":"Greenford","targetName":"Northolt","line":"Central","colour":"#E32017","color":"#E32017","traffic":0.0177,"off9":0.0,"off12":0.0,"off14":0.0},"id":560},{"type":"Feature","geometry":{"type":"LineString","coordinates":[[-0.3460668338319143,51.542359061155345],[-0.3459717,51.5423344],[-0.3458782,51.5423101],[-0.3458696,51.5423079],[-0.3456496,51.5422508],[-0.344706,51.5420154],[-0.3435846,51.5417175],[-0.3431866,51.5416109],[-0.3417063,51.5411726],[-0.3411266,51.5410197],[-0.3404979,51.5408841],[-0.3397915,51.5407376],[-0.3393703,51.5406479],[-0.3387979,51.54051],[-0.3352343,51.5395933],[-0.3346467,51.5394517],[-0.3336601,51.5392413],[-0.3326815,51.5390165],[-0.3296153,51.5382812],[-0.3260669,51.5373894],[-0.3242769,51.5368814],[-0.3240105,51.5368052],[-0.3234607224755391,51.53666090570797]]},"properties":{"id":"940GZZLUGFD-940GZZLUPVL-Central","source":"940GZZLUGFD","target":"940GZZLUPVL","sourceName":"Greenford","targetName":"Perivale","line":"Central","colour":"#E32017","color":"#E32017","traffic":0.1323,"off9":0.0,"off12":0.0,"off14":0.0},"id":561},{"type":"Feature","geometry":{"type":"LineString","coordinates":[[-0.36871089212783,51.548187733526525],[-0.3679047,51.5479891],[-0.367171,51.5478206],[-0.3661324,51.5475967],[-0.3657129,51.5474973],[-0.3642719,51.5471337],[-0.3625966,51.546698],[-0.3594858,51.5458975],[-0.3568771,51.5452181],[-0.3562184,51.5450441],[-0.3538872,51.5444327],[-0.3531447,51.5442269],[-0.3527195,51.5441013],[-0.3523661,51.5440035],[-0.3515146,51.5437631],[-0.3509751,51.5436177],[-0.3499481,51.5433486],[-0.3490087,51.5431086],[-0.3481124,51.5428747],[-0.3467307,51.5425287],[-0.3463023,51.5424202],[-0.3460828,51.5423632],[-0.3460668338319143,51.542359061155345]]},"properties":{"id":"940GZZLUNHT-940GZZLUGFD-Central","source":"940GZZLUNHT","target":"940GZZLUGFD","sourceName":"Northolt","targetName":"Greenford","line":"Central","colour":"#E32017","color":"#E32017","traffic":0.0961,"off9":0.0,"off12":0.0,"off14":0.0},"id":562},{"type":"Feature","geometry":{"type":"LineString","coordinates":[[-0.36868695553599196,51.5482835347785],[-0.3703661,51.548709],[-0.3704472,51.5487293],[-0.3717896,51.549073],[-0.3737206,51.5495635],[-0.3766454,51.5503078],[-0.3796284,51.551066],[-0.3819982,51.551668],[-0.3835169,51.5520512],[-0.3840545,51.5521762],[-0.3845241,51.5522762],[-0.3856653,51.5524716],[-0.3857624,51.5524862],[-0.3867124,51.5526189],[-0.3875159,51.5527478],[-0.3881799,51.5528862],[-0.388745,51.553024],[-0.3893241,51.5531888],[-0.3900173,51.5534135],[-0.3904233,51.5535601],[-0.3909396,51.5537581],[-0.3915252,51.5539897],[-0.3945829,51.5552097],[-0.3959033,51.5557372],[-0.3972286,51.5562833],[-0.3976496,51.55645],[-0.3980628,51.5566033],[-0.3983104,51.5566888],[-0.3983645,51.5567088],[-0.39890387021487644,51.55688673706625]]},"properties":{"id":"940GZZLUNHT-940GZZLUSRP-Central","source":"940GZZLUNHT","target":"940GZZLUSRP","sourceName":"Northolt","targetName":"South Ruislip","line":"Central","colour":"#E32017","color":"#E32017","traffic":0.0095,"off9":0.0,"off12":0.0,"off14":0.0},"id":563},{"type":"Feature","geometry":{"type":"LineString","coordinates":[[-0.3234607224755391,51.53666090570797],[-0.3240105,51.5368052],[-0.3242769,51.5368814],[-0.3260669,51.5373894],[-0.3296153,51.5382812],[-0.3326815,51.5390165],[-0.3336601,51.5392413],[-0.3346467,51.5394517],[-0.3352343,51.5395933],[-0.3387979,51.54051],[-0.3393703,51.5406479],[-0.3397915,51.5407376],[-0.3404979,51.5408841],[-0.3411266,51.5410197],[-0.3417063,51.5411726],[-0.3431866,51.5416109],[-0.3435846,51.5417175],[-0.344706,51.5420154],[-0.3456496,51.5422508],[-0.3458696,51.5423079],[-0.3458782,51.5423101],[-0.3459717,51.5423344],[-0.3460668338319143,51.542359061155345]]},"properties":{"id":"940GZZLUPVL-940GZZLUGFD-Central","source":"940GZZLUPVL","target":"940GZZLUGFD","sourceName":"Perivale","targetName":"Greenford","line":"Central","colour":"#E32017","color":"#E32017","traffic":0.0305,"off9":0.0,"off12":0.0,"off14":0.0},"id":564},{"type":"Feature","geometry":{"type":"LineString","coordinates":[[-0.32343580569797376,51.53675766408596],[-0.3234176,51.5367531],[-0.3228789,51.536613],[-0.3225593,51.5365308],[-0.3221545,51.5364299],[-0.321634,51.5362972],[-0.3196776,51.5358046],[-0.3194329,51.5357401],[-0.3097419,51.5332773],[-0.3094146,51.5331925],[-0.3081057,51.5328544],[-0.30765,51.5327241],[-0.3074176,51.5326657],[-0.3063849,51.5324064],[-0.3052009,51.5321216],[-0.3041558,51.5319194],[-0.3030912,51.5317276],[-0.3026038,51.5316467],[-0.3015393,51.5314856],[-0.3004686,51.5313355],[-0.2985862,51.5311111],[-0.2985152,51.5311015],[-0.2983777,51.531083],[-0.2954211,51.5306593],[-0.2945731,51.5305298],[-0.2932869,51.5302977],[-0.29270226829949797,51.530186069248344]]},"properties":{"id":"940GZZLUPVL-940GZZLUHGR-Central","source":"940GZZLUPVL","target":"940GZZLUHGR","sourceName":"Perivale","targetName":"Hanger Lane","line":"Central","colour":"#E32017","color":"#E32017","traffic":0.1512,"off9":0.0,"off12":0.0,"off14":0.0},"id":565},{"type":"Feature","geometry":{"type":"LineString","coordinates":[[-0.275267,51.491803],[-0.285241,51.477058]]},"properties":{"id":"940GZZLUGBY-940GZZLUKWG-District","source":"940GZZLUGBY","target":"940GZZLUKWG","sourceName":"Gunnersbury","targetName":"Kew Gardens","line":"District","colour":"#00782A","color":"#00782A","traffic":0.0474,"off9":1.5,"off12":3.5,"off14":6.0},"id":566},{"type":"Feature","geometry":{"type":"LineString","coordinates":[[-0.2737614,51.4925324],[-0.2729669,51.4928968],[-0.2723262,51.4931733],[-0.2716501,51.4934075],[-0.2706168,51.4936475],[-0.2698417,51.4937745],[-0.2689518,51.4938854],[-0.2680522,51.49398],[-0.2680098,51.4939838],[-0.2674049,51.4940477],[-0.266296,51.4941609],[-0.2626962,51.4945465],[-0.2602378,51.494796],[-0.2601124,51.4948115],[-0.2594644,51.4948693],[-0.259026,51.4948881],[-0.25838,51.4949002],[-0.2570891,51.4949447],[-0.2560215,51.494995],[-0.2556094,51.4950188]]},"properties":{"id":"940GZZLUGBY-940GZZLUTNG-District","source":"940GZZLUGBY","target":"940GZZLUTNG","sourceName":"Gunnersbury","targetName":"Turnham Green","line":"District","colour":"#00782A","color":"#00782A","traffic":0.0861,"off9":1.5,"off12":3.5,"off14":6.0},"id":567},{"type":"Feature","geometry":{"type":"LineString","coordinates":[[-0.285241,51.477058],[-0.301336,51.463237]]},"properties":{"id":"940GZZLUKWG-940GZZLURMD-District","source":"940GZZLUKWG","target":"940GZZLURMD","sourceName":"Kew Gardens","targetName":"Richmond","line":"District","colour":"#00782A","color":"#00782A","traffic":0.0425,"off9":1.5,"off12":3.5,"off14":6.0},"id":568},{"type":"Feature","geometry":{"type":"LineString","coordinates":[[-0.285241,51.477058],[-0.275267,51.491803]]},"properties":{"id":"940GZZLUKWG-940GZZLUGBY-District","source":"940GZZLUKWG","target":"940GZZLUGBY","sourceName":"Kew Gardens","targetName":"Gunnersbury","line":"District","colour":"#00782A","color":"#00782A","traffic":0.0748,"off9":1.5,"off12":3.5,"off14":6.0},"id":569},{"type":"Feature","geometry":{"type":"LineString","coordinates":[[-0.23589098374816758,51.49402342589384],[-0.2358305,51.4940173],[-0.2355816,51.4940053],[-0.234817,51.4939835],[-0.234617,51.493976],[-0.234152,51.4939591],[-0.2339187,51.4939404],[-0.2334899,51.4939001],[-0.2330716,51.4938503],[-0.2328518,51.4938235],[-0.2324104,51.4937772],[-0.2319516,51.4937447],[-0.2314413,51.4937151],[-0.2303798,51.4936458],[-0.2301292,51.4936277],[-0.2297122,51.4935981],[-0.2295284,51.4935863],[-0.2288327,51.4935397],[-0.2282764,51.4935603],[-0.2276352,51.4936272],[-0.2273502,51.493653],[-0.2271564,51.4936591],[-0.2269719,51.4936596],[-0.2268282,51.4936528],[-0.2266798,51.4936385],[-0.2264851,51.493618],[-0.2261712,51.4935592],[-0.2258777,51.4934823],[-0.2254413,51.4933481],[-0.2247188,51.4930947],[-0.2245407,51.4930281],[-0.2243196,51.4929226],[-0.224221,51.4928571],[-0.2240628,51.4927352],[-0.2238616,51.4925455],[-0.223611181489181,51.492309351392635]]},"properties":{"id":"940GZZLURVP-940GZZLUHSD-District","source":"940GZZLURVP","target":"940GZZLUHSD","sourceName":"Ravenscourt Park","targetName":"Hammersmith DistPicc Line","line":"District","colour":"#00782A","color":"#00782A","traffic":0.2176,"off9":1.5,"off12":3.5,"off14":6.0},"id":570},{"type":"Feature","geometry":{"type":"LineString","coordinates":[[-0.23589098374816758,51.49402342589384],[-0.2361504,51.4940497],[-0.2364074,51.4940842],[-0.2368826,51.4941666],[-0.2371417,51.4942126],[-0.238012,51.4943702],[-0.2388896,51.4945159],[-0.2392503,51.4945721],[-0.2396057,51.494624],[-0.2397919,51.4946471],[-0.2404726,51.4947388],[-0.2410715,51.4947968],[-0.2416911,51.4948434],[-0.2423285,51.4948779],[-0.2428476,51.4948942],[-0.2433219,51.4948949],[-0.2437888,51.4948827],[-0.2442348,51.4948648],[-0.2446668,51.4948488],[-0.2449748,51.4948365],[-0.2451695,51.4948317],[-0.2454764,51.4948331],[-0.2457071790819272,51.49484301662847]]},"properties":{"id":"940GZZLURVP-940GZZLUSFB-District","source":"940GZZLURVP","target":"940GZZLUSFB","sourceName":"Ravenscourt Park","targetName":"Stamford Brook","line":"District","colour":"#00782A","color":"#00782A","traffic":0.1142,"off9":1.5,"off12":3.5,"off14":6.0},"id":571},{"type":"Feature","geometry":{"type":"LineString","coordinates":[[-0.292704,51.530177],[-0.259755,51.523524]]},"properties":{"id":"940GZZLUHGR-940GZZLUNAN-Central","source":"940GZZLUHGR","target":"940GZZLUNAN","sourceName":"Hanger Lane","targetName":"North Acton","line":"Central","colour":"#E32017","color":"#E32017","traffic":0.1751,"off9":0.0,"off12":0.0,"off14":0.0},"id":572},{"type":"Feature","geometry":{"type":"LineString","coordinates":[[-0.29270226829949797,51.530186069248344],[-0.2932869,51.5302977],[-0.2945731,51.5305298],[-0.2954211,51.5306593],[-0.2983777,51.531083],[-0.2985152,51.5311015],[-0.2985862,51.5311111],[-0.3004686,51.5313355],[-0.3015393,51.5314856],[-0.3026038,51.5316467],[-0.3030912,51.5317276],[-0.3041558,51.5319194],[-0.3052009,51.5321216],[-0.3063849,51.5324064],[-0.3074176,51.5326657],[-0.30765,51.5327241],[-0.3081057,51.5328544],[-0.3094146,51.5331925],[-0.3097419,51.5332773],[-0.3194329,51.5357401],[-0.3196776,51.5358046],[-0.321634,51.5362972],[-0.3221545,51.5364299],[-0.3225593,51.5365308],[-0.3228789,51.536613],[-0.3234176,51.5367531],[-0.32343580569797376,51.53675766408596]]},"properties":{"id":"940GZZLUHGR-940GZZLUPVL-Central","source":"940GZZLUHGR","target":"940GZZLUPVL","sourceName":"Hanger Lane","targetName":"Perivale","line":"Central","colour":"#E32017","color":"#E32017","traffic":0.0345,"off9":0.0,"off12":0.0,"off14":0.0},"id":573},{"type":"Feature","geometry":{"type":"LineString","coordinates":[[-0.257883,51.53631],[-0.244283,51.532259]]},"properties":{"id":"940GZZLUHSN-940GZZLUWJN-Bakerloo","source":"940GZZLUHSN","target":"940GZZLUWJN","sourceName":"Harlesden","targetName":"Willesden Junction","line":"Bakerloo","colour":"#B36305","color":"#B36305","traffic":0.0803,"off9":0.0,"off12":0.0,"off14":0.0},"id":574},{"type":"Feature","geometry":{"type":"LineString","coordinates":[[-0.257883,51.53631],[-0.275892,51.543959]]},"properties":{"id":"940GZZLUHSN-940GZZLUSGP-Bakerloo","source":"940GZZLUHSN","target":"940GZZLUSGP","sourceName":"Harlesden","targetName":"Stonebridge Park","line":"Bakerloo","colour":"#B36305","color":"#B36305","traffic":0.0231,"off9":0.0,"off12":0.0,"off14":0.0},"id":575},{"type":"Feature","geometry":{"type":"LineString","coordinates":[[-0.244283,51.532259],[-0.225016,51.530539]]},"properties":{"id":"940GZZLUWJN-940GZZLUKSL-Bakerloo","source":"940GZZLUWJN","target":"940GZZLUKSL","sourceName":"Willesden Junction","targetName":"Kensal Green","line":"Bakerloo","colour":"#B36305","color":"#B36305","traffic":0.0744,"off9":0.0,"off12":0.0,"off14":0.0},"id":576},{"type":"Feature","geometry":{"type":"LineString","coordinates":[[-0.244283,51.532259],[-0.257883,51.53631]]},"properties":{"id":"940GZZLUWJN-940GZZLUHSN-Bakerloo","source":"940GZZLUWJN","target":"940GZZLUHSN","sourceName":"Willesden Junction","targetName":"Harlesden","line":"Bakerloo","colour":"#B36305","color":"#B36305","traffic":0.0312,"off9":0.0,"off12":0.0,"off14":0.0},"id":577},{"type":"Feature","geometry":{"type":"LineString","coordinates":[[-0.275892,51.543959],[-0.296852,51.552304]]},"properties":{"id":"940GZZLUSGP-940GZZLUWYC-Bakerloo","source":"940GZZLUSGP","target":"940GZZLUWYC","sourceName":"Stonebridge Park","targetName":"Wembley Central","line":"Bakerloo","colour":"#B36305","color":"#B36305","traffic":0.0199,"off9":0.0,"off12":0.0,"off14":0.0},"id":578},{"type":"Feature","geometry":{"type":"LineString","coordinates":[[-0.275892,51.543959],[-0.257883,51.53631]]},"properties":{"id":"940GZZLUSGP-940GZZLUHSN-Bakerloo","source":"940GZZLUSGP","target":"940GZZLUHSN","sourceName":"Stonebridge Park","targetName":"Harlesden","line":"Bakerloo","colour":"#B36305","color":"#B36305","traffic":0.0739,"off9":0.0,"off12":0.0,"off14":0.0},"id":579},{"type":"Feature","geometry":{"type":"LineString","coordinates":[[-0.335217,51.592268],[-0.31691,51.581756]]},"properties":{"id":"940GZZLUHAW-940GZZLUKEN-Bakerloo","source":"940GZZLUHAW","target":"940GZZLUKEN","sourceName":"Harrow  Wealdstone","targetName":"Kenton","line":"Bakerloo","colour":"#B36305","color":"#B36305","traffic":0.0175,"off9":0.0,"off12":0.0,"off14":0.0},"id":580},{"type":"Feature","geometry":{"type":"LineString","coordinates":[[-0.31691,51.581756],[-0.308433,51.570232]]},"properties":{"id":"940GZZLUKEN-940GZZLUSKT-Bakerloo","source":"940GZZLUKEN","target":"940GZZLUSKT","sourceName":"Kenton","targetName":"South Kenton","line":"Bakerloo","colour":"#B36305","color":"#B36305","traffic":0.0262,"off9":0.0,"off12":0.0,"off14":0.0},"id":581},{"type":"Feature","geometry":{"type":"LineString","coordinates":[[-0.31691,51.581756],[-0.335217,51.592268]]},"properties":{"id":"940GZZLUKEN-940GZZLUHAW-Bakerloo","source":"940GZZLUKEN","target":"940GZZLUHAW","sourceName":"Kenton","targetName":"Harrow  Wealdstone","line":"Bakerloo","colour":"#B36305","color":"#B36305","traffic":0.0092,"off9":0.0,"off12":0.0,"off14":0.0},"id":582},{"type":"Feature","geometry":{"type":"LineString","coordinates":[[-0.33717379535937947,51.57937802366517],[-0.3353297,51.5788621],[-0.3350851,51.5787974],[-0.3348868,51.5787476],[-0.3346254,51.5786852],[-0.3341717,51.5785931],[-0.3337716,51.5785312],[-0.3337474,51.5785282],[-0.3335317,51.5785015],[-0.3332874,51.5784815],[-0.3328935,51.5784617],[-0.3324985,51.5784559],[-0.3320989,51.5784577],[-0.3314755,51.5784739],[-0.3310117,51.5784825],[-0.3307731,51.5784884],[-0.3295829,51.5785176],[-0.326846,51.5785798],[-0.3263063,51.5785913],[-0.3246446,51.5786236],[-0.3238144,51.578638],[-0.3229831,51.5786427],[-0.3220682,51.5786296],[-0.3211499,51.5786044],[-0.3202372,51.5785626],[-0.3193274,51.5785054],[-0.3188931,51.5784707],[-0.3184599,51.5784328],[-0.31806446154669693,51.578394235568794]]},"properties":{"id":"940GZZLUHOH-940GZZLUNKP-Metropolitan","source":"940GZZLUHOH","target":"940GZZLUNKP","sourceName":"Harrow_on_the_Hill","targetName":"Northwick Park","line":"Metropolitan","colour":"#9B0056","color":"#9B0056","traffic":0.3545,"off9":-3.0,"off12":-7.0,"off14":-12.0},"id":583},{"type":"Feature","geometry":{"type":"LineString","coordinates":[[-0.3390737,51.5797141],[-0.3395297,51.579738],[-0.3397965,51.579744],[-0.339921,51.5797462],[-0.3405347,51.5797554],[-0.3412999,51.5797767],[-0.3416354,51.5797861],[-0.3430028,51.5798367],[-0.3438672,51.5798765],[-0.3448057,51.5799234],[-0.3452827,51.57996],[-0.3457086,51.5799986],[-0.3461187,51.580044],[-0.3464579,51.5800863],[-0.3471853,51.5801999],[-0.3474704,51.5802595],[-0.3478585,51.5803414],[-0.3483907,51.580448],[-0.3488069,51.5805328],[-0.3492846,51.5806318],[-0.34986,51.5807558],[-0.3504626,51.5808836],[-0.3509339,51.5809926],[-0.3513576,51.5810937],[-0.3518576,51.5812242],[-0.3521401,51.5813055],[-0.3522373,51.5813335],[-0.3526297,51.5814539],[-0.3529497,51.5815643],[-0.3533188,51.5816943],[-0.3536713,51.5818162],[-0.353937,51.581917],[-0.354132,51.5819832],[-0.3545329,51.5821095],[-0.3559417,51.5826022],[-0.3569455,51.5829496],[-0.359799,51.5839348],[-0.3608226,51.5842908],[-0.3619465,51.5846867],[-0.3622572,51.5847955],[-0.36241445782821124,51.584854904632124]]},"properties":{"id":"940GZZLUHOH-940GZZLUNHA-Metropolitan","source":"940GZZLUHOH","target":"940GZZLUNHA","sourceName":"Harrow_on_the_Hill","targetName":"North Harrow","line":"Metropolitan","colour":"#9B0056","color":"#9B0056","traffic":0.0484,"off9":-3.0,"off12":-7.0,"off14":-12.0},"id":584},{"type":"Feature","geometry":{"type":"LineString","coordinates":[[-0.3390737,51.5797141],[-0.3395297,51.579738],[-0.3397965,51.579744],[-0.339921,51.5797462],[-0.3405347,51.5797554],[-0.3412999,51.5797767],[-0.3416354,51.5797861],[-0.3430028,51.5798367],[-0.3438672,51.5798765],[-0.3448057,51.5799234],[-0.3452827,51.57996],[-0.3457086,51.5799986],[-0.3461187,51.580044],[-0.3464579,51.5800863],[-0.3471853,51.5801999],[-0.3474704,51.5802595],[-0.3478585,51.5803414],[-0.3483907,51.580448],[-0.3488069,51.5805328],[-0.3492846,51.5806318],[-0.34986,51.5807558],[-0.3504626,51.5808836],[-0.3509339,51.5809926],[-0.3513576,51.5810937],[-0.3518576,51.5812242],[-0.3521401,51.5813055],[-0.3522373,51.5813335],[-0.3526297,51.5814539],[-0.35278041557830897,51.58150589687452]]},"properties":{"id":"940GZZLUHOH-940GZZLUWHW-Metropolitan","source":"940GZZLUHOH","target":"940GZZLUWHW","sourceName":"Harrow_on_the_Hill","targetName":"West Harrow","line":"Metropolitan","colour":"#9B0056","color":"#9B0056","traffic":0.0501,"off9":-3.0,"off12":-7.0,"off14":-12.0},"id":585},{"type":"Feature","geometry":{"type":"LineString","coordinates":[[-0.31806446154669693,51.578394235568794],[-0.3184599,51.5784328],[-0.3188931,51.5784707],[-0.3193274,51.5785054],[-0.3202372,51.5785626],[-0.3211499,51.5786044],[-0.3220682,51.5786296],[-0.3229831,51.5786427],[-0.3238144,51.578638],[-0.3246446,51.5786236],[-0.3263063,51.5785913],[-0.326846,51.5785798],[-0.3295829,51.5785176],[-0.3307731,51.5784884],[-0.3310117,51.5784825],[-0.3314755,51.5784739],[-0.3320989,51.5784577],[-0.3324985,51.5784559],[-0.3328935,51.5784617],[-0.3332874,51.5784815],[-0.3335317,51.5785015],[-0.3337474,51.5785282],[-0.3337716,51.5785312],[-0.3341717,51.5785931],[-0.3346254,51.5786852],[-0.3348868,51.5787476],[-0.3350851,51.5787974],[-0.3353297,51.5788621],[-0.33717379535937947,51.57937802366517]]},"properties":{"id":"940GZZLUNKP-940GZZLUHOH-Metropolitan","source":"940GZZLUNKP","target":"940GZZLUHOH","sourceName":"Northwick Park","targetName":"Harrow_on_the_Hill","line":"Metropolitan","colour":"#9B0056","color":"#9B0056","traffic":0.0951,"off9":-3.0,"off12":-7.0,"off14":-12.0},"id":586},{"type":"Feature","geometry":{"type":"LineString","coordinates":[[-0.31805775252009055,51.57846346965974],[-0.317867,51.5784444],[-0.3175323,51.5784087],[-0.3170377,51.5783485],[-0.3165478,51.5782856],[-0.3157367,51.5781671],[-0.3149268,51.578034],[-0.3140563,51.5778745],[-0.313048,51.5776738],[-0.3124508,51.5775455],[-0.3120094,51.577444],[-0.311453,51.5773093],[-0.3109139,51.5771713],[-0.3103785,51.5770303],[-0.3093301,51.5767273],[-0.3088092,51.5765731],[-0.3082959,51.5764087],[-0.3064055,51.5757726],[-0.299149,51.5733118],[-0.2986688,51.5731537],[-0.2981838,51.5730046],[-0.2974038,51.5727662],[-0.2970159,51.5726426],[-0.2966329,51.5725156],[-0.29509761160313225,51.57199995303319]]},"properties":{"id":"940GZZLUNKP-940GZZLUPRD-Metropolitan","source":"940GZZLUNKP","target":"940GZZLUPRD","sourceName":"Northwick Park","targetName":"Preston Road","line":"Metropolitan","colour":"#9B0056","color":"#9B0056","traffic":0.3722,"off9":-3.0,"off12":-7.0,"off14":-12.0},"id":587},{"type":"Feature","geometry":{"type":"LineString","coordinates":[[-0.36241445782821124,51.584854904632124],[-0.3622572,51.5847955],[-0.3619465,51.5846867],[-0.3608226,51.5842908],[-0.359799,51.5839348],[-0.3569455,51.5829496],[-0.3559417,51.5826022],[-0.3545329,51.5821095],[-0.354132,51.5819832],[-0.353937,51.581917],[-0.3536713,51.5818162],[-0.3533188,51.5816943],[-0.3529497,51.5815643],[-0.3526297,51.5814539],[-0.3522373,51.5813335],[-0.3521401,51.5813055],[-0.3518576,51.5812242],[-0.3513576,51.5810937],[-0.3509339,51.5809926],[-0.3504626,51.5808836],[-0.34986,51.5807558],[-0.3492846,51.5806318],[-0.3488069,51.5805328],[-0.3483907,51.580448],[-0.3478585,51.5803414],[-0.3474704,51.5802595],[-0.3471853,51.5801999],[-0.3464579,51.5800863],[-0.3461187,51.580044],[-0.3457086,51.5799986],[-0.3452827,51.57996],[-0.3448057,51.5799234],[-0.3438672,51.5798765],[-0.3430028,51.5798367],[-0.3416354,51.5797861],[-0.3412999,51.5797767],[-0.3405347,51.5797554],[-0.339921,51.5797462],[-0.3397965,51.579744],[-0.3395297,51.579738],[-0.3390737,51.5797141]]},"properties":{"id":"940GZZLUNHA-940GZZLUHOH-Metropolitan","source":"940GZZLUNHA","target":"940GZZLUHOH","sourceName":"North Harrow","targetName":"Harrow_on_the_Hill","line":"Metropolitan","colour":"#9B0056","color":"#9B0056","traffic":0.1833,"off9":-3.0,"off12":-7.0,"off14":-12.0},"id":588},{"type":"Feature","geometry":{"type":"LineString","coordinates":[[-0.36240379923019045,51.58488466138275],[-0.362422,51.5848907],[-0.3637414,51.585399],[-0.3646987,51.5857978],[-0.3668361,51.5867234],[-0.3718545,51.5888835],[-0.3732418,51.5894811],[-0.3777277,51.5914192],[-0.3783837,51.5917056],[-0.3787387,51.5918541],[-0.3794971,51.5921879],[-0.3800987,51.5924434],[-0.3807709,51.5927338],[-0.3809883,51.5928247],[-0.38116215814170845,51.59289826285268]]},"properties":{"id":"940GZZLUNHA-940GZZLUPNR-Metropolitan","source":"940GZZLUNHA","target":"940GZZLUPNR","sourceName":"North Harrow","targetName":"Pinner","line":"Metropolitan","colour":"#9B0056","color":"#9B0056","traffic":0.0521,"off9":-3.0,"off12":-7.0,"off14":-12.0},"id":589},{"type":"Feature","geometry":{"type":"LineString","coordinates":[[-0.3533530357888527,51.579553206485855],[-0.3536562,51.5794624],[-0.3539861,51.5793488],[-0.3542564,51.5792509],[-0.3545431,51.5791462],[-0.3548299,51.5790296],[-0.3553725,51.5788006],[-0.3562857,51.5783831],[-0.3574268,51.577872],[-0.3579086,51.5776554],[-0.3584096,51.5774371],[-0.358899,51.5772199],[-0.3593935,51.5769965],[-0.3595709,51.5769218],[-0.360078,51.5766878],[-0.3604928,51.5764972],[-0.3609142,51.5763204],[-0.3613445,51.5761299],[-0.3615864,51.5760263],[-0.3619739,51.5758808],[-0.3623864,51.5757348],[-0.3629186,51.5755638],[-0.3634541,51.5754165],[-0.3639727,51.57529],[-0.3642106,51.5752381],[-0.3644843,51.5751851],[-0.3649554,51.5751003],[-0.3654176,51.5750355],[-0.3658847,51.5749796],[-0.3664904,51.5749218],[-0.366984,51.5748894],[-0.3673637,51.57487],[-0.3677629,51.5748603],[-0.3680558,51.5748584],[-0.3683717,51.5748634],[-0.3689103,51.5748761],[-0.3693902,51.5749104],[-0.3698026,51.5749487],[-0.37026,51.5750054],[-0.370481,51.5750438],[-0.3710334,51.5751497],[-0.3711238864031991,51.57516518925995]]},"properties":{"id":"940GZZLUWHW-940GZZLURYL-Metropolitan","source":"940GZZLUWHW","target":"940GZZLURYL","sourceName":"West Harrow","targetName":"Rayners Lane","line":"Metropolitan","colour":"#9B0056","color":"#9B0056","traffic":0.0516,"off9":-3.0,"off12":-7.0,"off14":-12.0},"id":590},{"type":"Feature","geometry":{"type":"LineString","coordinates":[[-0.35278041557830897,51.58150589687452],[-0.3526297,51.5814539],[-0.3522373,51.5813335],[-0.3521401,51.5813055],[-0.3518576,51.5812242],[-0.3513576,51.5810937],[-0.3509339,51.5809926],[-0.3504626,51.5808836],[-0.34986,51.5807558],[-0.3492846,51.5806318],[-0.3488069,51.5805328],[-0.3483907,51.580448],[-0.3478585,51.5803414],[-0.3474704,51.5802595],[-0.3471853,51.5801999],[-0.3464579,51.5800863],[-0.3461187,51.580044],[-0.3457086,51.5799986],[-0.3452827,51.57996],[-0.3448057,51.5799234],[-0.3438672,51.5798765],[-0.3430028,51.5798367],[-0.3416354,51.5797861],[-0.3412999,51.5797767],[-0.3405347,51.5797554],[-0.339921,51.5797462],[-0.3397965,51.579744],[-0.3395297,51.579738],[-0.3390737,51.5797141]]},"properties":{"id":"940GZZLUWHW-940GZZLUHOH-Metropolitan","source":"940GZZLUWHW","target":"940GZZLUHOH","sourceName":"West Harrow","targetName":"Harrow_on_the_Hill","line":"Metropolitan","colour":"#9B0056","color":"#9B0056","traffic":0.1291,"off9":-3.0,"off12":-7.0,"off14":-12.0},"id":591},{"type":"Feature","geometry":{"type":"LineString","coordinates":[[-0.4231869867218319,51.466712419569184],[-0.4231165,51.4667206],[-0.4228536,51.4667559],[-0.4225506,51.4668055],[-0.4223287,51.4668533],[-0.4220959,51.4669126],[-0.4218768,51.4669721],[-0.4218127,51.4669913],[-0.421684,51.4670297],[-0.4145012,51.4692662],[-0.4141524,51.4693748],[-0.4113988,51.470297],[-0.4112282,51.4703563],[-0.4111158,51.4703949],[-0.4067029,51.4719111],[-0.4031837,51.473083],[-0.4023628,51.473348],[-0.4008604,51.4738169],[-0.4006329,51.4738936],[-0.3997237,51.4742],[-0.3983372,51.4746306],[-0.3976889,51.4748219],[-0.3970954,51.4749677],[-0.3964845,51.4750854],[-0.3959793,51.4751453],[-0.3954945,51.4751888],[-0.3949681,51.4751984],[-0.3943887,51.4751748],[-0.3935898,51.4751051],[-0.3929699,51.4750065],[-0.3923907,51.47489],[-0.3916391,51.4746997],[-0.3879766,51.4736922],[-0.3876136,51.4736155],[-0.3873218,51.4735678],[-0.3869721,51.473548],[-0.3867762,51.473549],[-0.38654864446621434,51.47356054487354]]},"properties":{"id":"940GZZLUHNX-940GZZLUHWT-Piccadilly","source":"940GZZLUHNX","target":"940GZZLUHWT","sourceName":"Hatton Cross","targetName":"Hounslow West","line":"Piccadilly","colour":"#003688","color":"#003688","traffic":0.0809,"off9":-1.5,"off12":-3.5,"off14":-6.0},"id":592},{"type":"Feature","geometry":{"type":"LineString","coordinates":[[-0.4231869867218319,51.466712419569184],[-0.4234715,51.4666794],[-0.4238784,51.4666401],[-0.4242157,51.4665999],[-0.4248497,51.4665161],[-0.4252011,51.4664424],[-0.4254824,51.4663709],[-0.4258351,51.4662982],[-0.4262415,51.4662512],[-0.4268993,51.4662227],[-0.4276797,51.4662352],[-0.4289856,51.4662923],[-0.4308786,51.4663574],[-0.4341176,51.4664879],[-0.4368106,51.4666239],[-0.4389145,51.4667112],[-0.440085,51.4668385],[-0.4411783,51.4670473],[-0.441911,51.4672392],[-0.4434575,51.467694],[-0.444584,51.4680749],[-0.4470409,51.4690384],[-0.4512444,51.4708664],[-0.4517386,51.4710813],[-0.4522327361428674,51.471305962923715]]},"properties":{"id":"940GZZLUHNX-940GZZLUHRC-Piccadilly","source":"940GZZLUHNX","target":"940GZZLUHRC","sourceName":"Hatton Cross","targetName":"Heathrow Terminals 2  3","line":"Piccadilly","colour":"#003688","color":"#003688","traffic":0.0647,"off9":-1.5,"off12":-3.5,"off14":-6.0},"id":593},{"type":"Feature","geometry":{"type":"LineString","coordinates":[[-0.3865442632878082,51.473477024427304],[-0.3864871,51.4734789],[-0.3863141,51.4734879],[-0.3861971,51.4734969],[-0.3860028,51.4735228],[-0.3856162,51.4735809],[-0.3845412,51.4737619],[-0.3838823,51.4738676],[-0.3835234,51.4739228],[-0.383208,51.4739617],[-0.382937,51.4739962],[-0.3826311,51.4740241],[-0.3821636,51.4740483],[-0.3818431,51.4740464],[-0.3814296,51.4740275],[-0.3810107,51.4739911],[-0.3806339,51.4739469],[-0.3801549,51.4738872],[-0.3797337,51.4738212],[-0.3792778,51.4737485],[-0.3788469,51.4736577],[-0.3784007,51.4735364],[-0.378004,51.4734088],[-0.3771444,51.4730689],[-0.3748333,51.472106],[-0.374364,51.4719408],[-0.3739196,51.4717927],[-0.3730703,51.4715664],[-0.3722828,51.4713968],[-0.371417,51.4712693],[-0.3710752,51.4712384],[-0.3706851,51.471203],[-0.3701204,51.4711737],[-0.369574,51.4711569],[-0.3692909,51.47116],[-0.3687304,51.4711747],[-0.3672484,51.4712276],[-0.3670596,51.4712331],[-0.366822,51.4712411],[-0.366592,51.4712476],[-0.36657638408550824,51.47124813847981]]},"properties":{"id":"940GZZLUHWT-940GZZLUHWC-Piccadilly","source":"940GZZLUHWT","target":"940GZZLUHWC","sourceName":"Hounslow West","targetName":"Hounslow Central","line":"Piccadilly","colour":"#003688","color":"#003688","traffic":0.1084,"off9":-1.5,"off12":-3.5,"off14":-6.0},"id":594},{"type":"Feature","geometry":{"type":"LineString","coordinates":[[-0.38654864446621434,51.47356054487354],[-0.3867762,51.473549],[-0.3869721,51.473548],[-0.3873218,51.4735678],[-0.3876136,51.4736155],[-0.3879766,51.4736922],[-0.3916391,51.4746997],[-0.3923907,51.47489],[-0.3929699,51.4750065],[-0.3935898,51.4751051],[-0.3943887,51.4751748],[-0.3949681,51.4751984],[-0.3954945,51.4751888],[-0.3959793,51.4751453],[-0.3964845,51.4750854],[-0.3970954,51.4749677],[-0.3976889,51.4748219],[-0.3983372,51.4746306],[-0.3997237,51.4742],[-0.4006329,51.4738936],[-0.4008604,51.4738169],[-0.4023628,51.473348],[-0.4031837,51.473083],[-0.4067029,51.4719111],[-0.4111158,51.4703949],[-0.4112282,51.4703563],[-0.4113988,51.470297],[-0.4141524,51.4693748],[-0.4145012,51.4692662],[-0.421684,51.4670297],[-0.4218127,51.4669913],[-0.4218768,51.4669721],[-0.4220959,51.4669126],[-0.4223287,51.4668533],[-0.4225506,51.4668055],[-0.4228536,51.4667559],[-0.4231165,51.4667206],[-0.4231869867218319,51.466712419569184]]},"properties":{"id":"940GZZLUHWT-940GZZLUHNX-Piccadilly","source":"940GZZLUHWT","target":"940GZZLUHNX","sourceName":"Hounslow West","targetName":"Hatton Cross","line":"Piccadilly","colour":"#003688","color":"#003688","traffic":0.0881,"off9":-1.5,"off12":-3.5,"off14":-6.0},"id":595},{"type":"Feature","geometry":{"type":"LineString","coordinates":[[-0.452265,51.471235],[-0.49056,51.470052]]},"properties":{"id":"940GZZLUHRC-940GZZLUHR5-Piccadilly","source":"940GZZLUHRC","target":"940GZZLUHR5","sourceName":"Heathrow Terminals 2  3","targetName":"Heathrow Terminal 5","line":"Piccadilly","colour":"#003688","color":"#003688","traffic":0.0246,"off9":-1.5,"off12":-3.5,"off14":-6.0},"id":596},{"type":"Feature","geometry":{"type":"LineString","coordinates":[[-0.4522327361428674,51.471305962923715],[-0.4517386,51.4710813],[-0.4512444,51.4708664],[-0.4470409,51.4690384],[-0.444584,51.4680749],[-0.4434575,51.467694],[-0.441911,51.4672392],[-0.4411783,51.4670473],[-0.440085,51.4668385],[-0.4389145,51.4667112],[-0.4368106,51.4666239],[-0.4341176,51.4664879],[-0.4308786,51.4663574],[-0.4289856,51.4662923],[-0.4276797,51.4662352],[-0.4268993,51.4662227],[-0.4262415,51.4662512],[-0.4258351,51.4662982],[-0.4254824,51.4663709],[-0.4252011,51.4664424],[-0.4248497,51.4665161],[-0.4242157,51.4665999],[-0.4238784,51.4666401],[-0.4234715,51.4666794],[-0.4231869867218319,51.466712419569184]]},"properties":{"id":"940GZZLUHRC-940GZZLUHNX-Piccadilly","source":"940GZZLUHRC","target":"940GZZLUHNX","sourceName":"Heathrow Terminals 2  3","targetName":"Hatton Cross","line":"Piccadilly","colour":"#003688","color":"#003688","traffic":0.0653,"off9":-1.5,"off12":-3.5,"off14":-6.0},"id":597},{"type":"Feature","geometry":{"type":"LineString","coordinates":[[-0.49056,51.470052],[-0.452265,51.471235]]},"properties":{"id":"940GZZLUHR5-940GZZLUHRC-Piccadilly","source":"940GZZLUHR5","target":"940GZZLUHRC","sourceName":"Heathrow Terminal 5","targetName":"Heathrow Terminals 2  3","line":"Piccadilly","colour":"#003688","color":"#003688","traffic":0.0179,"off9":-1.5,"off12":-3.5,"off14":-6.0},"id":598},{"type":"Feature","geometry":{"type":"LineString","coordinates":[[-0.19427018037296212,51.6505904486922],[-0.1937772,51.6503131],[-0.1930036,51.6498925],[-0.1929757,51.6498764],[-0.1925466,51.6496336],[-0.192077,51.6493689],[-0.1918938,51.6492605],[-0.1916707,51.6491449],[-0.1912574,51.6488736],[-0.1910208,51.648702],[-0.1908042,51.6485264],[-0.1904696,51.6482102],[-0.1901733,51.6478736],[-0.1899565,51.6475947],[-0.1897749,51.6473571],[-0.1888273,51.6461204],[-0.1879594,51.6449921],[-0.1875233,51.6444287],[-0.1865125,51.6431115],[-0.1846378,51.6406772],[-0.1841914,51.6400981],[-0.1838533,51.639663],[-0.1830145,51.6385663],[-0.1823142,51.6376599],[-0.1813278,51.6363809],[-0.1808418,51.6357504],[-0.1804518,51.6352475],[-0.1800555,51.6347041],[-0.1797677,51.6342334],[-0.1795372,51.6337581],[-0.1793717,51.633307],[-0.1792583,51.6328538],[-0.1791679,51.6321218],[-0.1791639,51.6310661],[-0.1791693601460051,51.63059652744356]]},"properties":{"id":"940GZZLUHBT-940GZZLUTAW-Northern","source":"940GZZLUHBT","target":"940GZZLUTAW","sourceName":"High Barnet","targetName":"Totteridge  Whetstone","line":"Northern","colour":"#000000","color":"#000000","traffic":0.0457,"off9":0.0,"off12":0.0,"off14":0.0},"id":599},{"type":"Feature","geometry":{"type":"LineString","coordinates":[[-0.1791293345798328,51.63059534169709],[-0.179134,51.6303684],[-0.1791655,51.6299557],[-0.1792663,51.6292313],[-0.1794432,51.6286811],[-0.1797701,51.6279873],[-0.1803252,51.6270185],[-0.1807216,51.626343],[-0.1812122,51.6255173],[-0.1820107,51.6241503],[-0.1824967,51.6233146],[-0.182598,51.6231472],[-0.1830323,51.6224041],[-0.1833952,51.6217504],[-0.1842678,51.6203082],[-0.1850221,51.6189851],[-0.1852927,51.6184426],[-0.1853742,51.6182435],[-0.18546119421834975,51.61803085258597]]},"properties":{"id":"940GZZLUTAW-940GZZLUWOP-Northern","source":"940GZZLUTAW","target":"940GZZLUWOP","sourceName":"Totteridge  Whetstone","targetName":"Woodside Park","line":"Northern","colour":"#000000","color":"#000000","traffic":0.0762,"off9":0.0,"off12":0.0,"off14":0.0},"id":600},{"type":"Feature","geometry":{"type":"LineString","coordinates":[[-0.1791693601460051,51.63059652744356],[-0.1791639,51.6310661],[-0.1791679,51.6321218],[-0.1792583,51.6328538],[-0.1793717,51.633307],[-0.1795372,51.6337581],[-0.1797677,51.6342334],[-0.1800555,51.6347041],[-0.1804518,51.6352475],[-0.1808418,51.6357504],[-0.1813278,51.6363809],[-0.1823142,51.6376599],[-0.1830145,51.6385663],[-0.1838533,51.639663],[-0.1841914,51.6400981],[-0.1846378,51.6406772],[-0.1865125,51.6431115],[-0.1875233,51.6444287],[-0.1879594,51.6449921],[-0.1888273,51.6461204],[-0.1897749,51.6473571],[-0.1899565,51.6475947],[-0.1901733,51.6478736],[-0.1904696,51.6482102],[-0.1908042,51.6485264],[-0.1910208,51.648702],[-0.1912574,51.6488736],[-0.1916707,51.6491449],[-0.1918938,51.6492605],[-0.192077,51.6493689],[-0.1925466,51.6496336],[-0.1929757,51.6498764],[-0.1930036,51.6498925],[-0.1937772,51.6503131],[-0.19427018037296212,51.6505904486922]]},"properties":{"id":"940GZZLUTAW-940GZZLUHBT-Northern","source":"940GZZLUTAW","target":"940GZZLUHBT","sourceName":"Totteridge  Whetstone","targetName":"High Barnet","line":"Northern","colour":"#000000","color":"#000000","traffic":0.0147,"off9":0.0,"off12":0.0,"off14":0.0},"id":601},{"type":"Feature","geometry":{"type":"LineString","coordinates":[[-0.44985782962558746,51.55380929237944],[-0.450319,51.5536634],[-0.4512709,51.5533615],[-0.4595816,51.5507445],[-0.4596864,51.5507101],[-0.4601761,51.5505853],[-0.4607903,51.5503938],[-0.4610709,51.5503052],[-0.4617715,51.5500854],[-0.4627649,51.5497714],[-0.463546,51.5495337],[-0.4644362,51.5492565],[-0.4649685,51.5490877],[-0.4654326,51.5489471],[-0.4657147,51.5488698],[-0.466332,51.5486736],[-0.4670144,51.5485114],[-0.4676878,51.5483671],[-0.4683883,51.54824],[-0.4684931,51.548221],[-0.4689708,51.5481502],[-0.4694774,51.5480974],[-0.4700021,51.5480719],[-0.470947,51.5480644],[-0.4718721,51.5480672],[-0.4726016,51.5480399],[-0.473093,51.5479987],[-0.4731142,51.5479965],[-0.4735676,51.5479314],[-0.4741155,51.5478261],[-0.4743702,51.5477724],[-0.4746673,51.5476985],[-0.4749629,51.5476193],[-0.4753717,51.5474904],[-0.4755534,51.5474309],[-0.4762237,51.5472193],[-0.4766608,51.5470769],[-0.4770178,51.5469592],[-0.4772961,51.5468598],[-0.477822,51.5466499],[-0.47796098315703034,51.5465957647313]]},"properties":{"id":"940GZZLUHGD-940GZZLUUXB-Piccadilly","source":"940GZZLUHGD","target":"940GZZLUUXB","sourceName":"Hillingdon","targetName":"Uxbridge","line":"Piccadilly","colour":"#003688","color":"#003688","traffic":0.0414,"off9":-1.5,"off12":-3.5,"off14":-6.0},"id":602},{"type":"Feature","geometry":{"type":"LineString","coordinates":[[-0.44985782962558746,51.55380929237944],[-0.450319,51.5536634],[-0.4512709,51.5533615],[-0.4595816,51.5507445],[-0.4596864,51.5507101],[-0.4601761,51.5505853],[-0.4607903,51.5503938],[-0.4610709,51.5503052],[-0.4617715,51.5500854],[-0.4627649,51.5497714],[-0.463546,51.5495337],[-0.4644362,51.5492565],[-0.4649685,51.5490877],[-0.4654326,51.5489471],[-0.4657147,51.5488698],[-0.466332,51.5486736],[-0.4670144,51.5485114],[-0.4676878,51.5483671],[-0.4683883,51.54824],[-0.4684931,51.548221],[-0.4689708,51.5481502],[-0.4694774,51.5480974],[-0.4700021,51.5480719],[-0.470947,51.5480644],[-0.4718721,51.5480672],[-0.4726016,51.5480399],[-0.473093,51.5479987],[-0.4731142,51.5479965],[-0.4735676,51.5479314],[-0.4741155,51.5478261],[-0.4743702,51.5477724],[-0.4746673,51.5476985],[-0.4749629,51.5476193],[-0.4753717,51.5474904],[-0.4755534,51.5474309],[-0.4762237,51.5472193],[-0.4766608,51.5470769],[-0.4770178,51.5469592],[-0.4772961,51.5468598],[-0.477822,51.5466499],[-0.47796098315703034,51.5465957647313]]},"properties":{"id":"940GZZLUHGD-940GZZLUUXB-Metropolitan","source":"940GZZLUHGD","target":"940GZZLUUXB","sourceName":"Hillingdon","targetName":"Uxbridge","line":"Metropolitan","colour":"#9B0056","color":"#9B0056","traffic":0.0414,"off9":-3.0,"off12":-7.0,"off14":-12.0},"id":603},{"type":"Feature","geometry":{"type":"LineString","coordinates":[[-0.4498493343152946,51.55378234826751],[-0.4495518,51.5538766],[-0.4495145,51.5538884],[-0.4492472,51.5539791],[-0.4484938,51.5542648],[-0.4481069,51.5544386],[-0.4476512,51.5546515],[-0.4473365,51.554812],[-0.4470218,51.5549806],[-0.4466032,51.5552278],[-0.4462543,51.5554628],[-0.4459112,51.5557201],[-0.4456137,51.5559578],[-0.4452527,51.5562641],[-0.4449388,51.5565725],[-0.4446127,51.5569261],[-0.4444999,51.5570516],[-0.4443531,51.5572265],[-0.4442191,51.55741],[-0.4440116,51.5577218],[-0.4438096,51.5580699],[-0.4436966,51.558346],[-0.4435532,51.5586989],[-0.4434677,51.5589194],[-0.4433831,51.5591767],[-0.443172,51.5598667],[-0.4430312,51.5602693],[-0.4428813,51.5606207],[-0.4427535,51.5608804],[-0.4426797,51.5610336],[-0.4423306,51.5615664],[-0.4420062,51.5619731],[-0.4419963,51.5619853],[-0.4419951930068697,51.561986460434184]]},"properties":{"id":"940GZZLUHGD-940GZZLUICK-Piccadilly","source":"940GZZLUHGD","target":"940GZZLUICK","sourceName":"Hillingdon","targetName":"Ickenham","line":"Piccadilly","colour":"#003688","color":"#003688","traffic":0.0428,"off9":-1.5,"off12":-3.5,"off14":-6.0},"id":604},{"type":"Feature","geometry":{"type":"LineString","coordinates":[[-0.4498493343152946,51.55378234826751],[-0.4495518,51.5538766],[-0.4495145,51.5538884],[-0.4492472,51.5539791],[-0.4484938,51.5542648],[-0.4481069,51.5544386],[-0.4476512,51.5546515],[-0.4473365,51.554812],[-0.4470218,51.5549806],[-0.4466032,51.5552278],[-0.4462543,51.5554628],[-0.4459112,51.5557201],[-0.4456137,51.5559578],[-0.4452527,51.5562641],[-0.4449388,51.5565725],[-0.4446127,51.5569261],[-0.4444999,51.5570516],[-0.4443531,51.5572265],[-0.4442191,51.55741],[-0.4440116,51.5577218],[-0.4438096,51.5580699],[-0.4436966,51.558346],[-0.4435532,51.5586989],[-0.4434677,51.5589194],[-0.4433831,51.5591767],[-0.443172,51.5598667],[-0.4430312,51.5602693],[-0.4428813,51.5606207],[-0.4427535,51.5608804],[-0.4426797,51.5610336],[-0.4423306,51.5615664],[-0.4420062,51.5619731],[-0.4419963,51.5619853],[-0.44199519300686974,51.561986460434184]]},"properties":{"id":"940GZZLUHGD-940GZZLUICK-Metropolitan","source":"940GZZLUHGD","target":"940GZZLUICK","sourceName":"Hillingdon","targetName":"Ickenham","line":"Metropolitan","colour":"#9B0056","color":"#9B0056","traffic":0.0428,"off9":-3.0,"off12":-7.0,"off14":-12.0},"id":605},{"type":"Feature","geometry":{"type":"LineString","coordinates":[[-0.47796098315703034,51.5465957647313],[-0.477822,51.5466499],[-0.4772961,51.5468598],[-0.4770178,51.5469592],[-0.4766608,51.5470769],[-0.4762237,51.5472193],[-0.4755534,51.5474309],[-0.4753717,51.5474904],[-0.4749629,51.5476193],[-0.4746673,51.5476985],[-0.4743702,51.5477724],[-0.4741155,51.5478261],[-0.4735676,51.5479314],[-0.4731142,51.5479965],[-0.473093,51.5479987],[-0.4726016,51.5480399],[-0.4718721,51.5480672],[-0.470947,51.5480644],[-0.4700021,51.5480719],[-0.4694774,51.5480974],[-0.4689708,51.5481502],[-0.4684931,51.548221],[-0.4683883,51.54824],[-0.4676878,51.5483671],[-0.4670144,51.5485114],[-0.466332,51.5486736],[-0.4657147,51.5488698],[-0.4654326,51.5489471],[-0.4649685,51.5490877],[-0.4644362,51.5492565],[-0.463546,51.5495337],[-0.4627649,51.5497714],[-0.4617715,51.5500854],[-0.4610709,51.5503052],[-0.4607903,51.5503938],[-0.4601761,51.5505853],[-0.4596864,51.5507101],[-0.4595816,51.5507445],[-0.4512709,51.5533615],[-0.450319,51.5536634],[-0.44985782962558746,51.55380929237944]]},"properties":{"id":"940GZZLUUXB-940GZZLUHGD-Piccadilly","source":"940GZZLUUXB","target":"940GZZLUHGD","sourceName":"Uxbridge","targetName":"Hillingdon","line":"Piccadilly","colour":"#003688","color":"#003688","traffic":0.03,"off9":-1.5,"off12":-3.5,"off14":-6.0},"id":606},{"type":"Feature","geometry":{"type":"LineString","coordinates":[[-0.47796098315703034,51.5465957647313],[-0.477822,51.5466499],[-0.4772961,51.5468598],[-0.4770178,51.5469592],[-0.4766608,51.5470769],[-0.4762237,51.5472193],[-0.4755534,51.5474309],[-0.4753717,51.5474904],[-0.4749629,51.5476193],[-0.4746673,51.5476985],[-0.4743702,51.5477724],[-0.4741155,51.5478261],[-0.4735676,51.5479314],[-0.4731142,51.5479965],[-0.473093,51.5479987],[-0.4726016,51.5480399],[-0.4718721,51.5480672],[-0.470947,51.5480644],[-0.4700021,51.5480719],[-0.4694774,51.5480974],[-0.4689708,51.5481502],[-0.4684931,51.548221],[-0.4683883,51.54824],[-0.4676878,51.5483671],[-0.4670144,51.5485114],[-0.466332,51.5486736],[-0.4657147,51.5488698],[-0.4654326,51.5489471],[-0.4649685,51.5490877],[-0.4644362,51.5492565],[-0.463546,51.5495337],[-0.4627649,51.5497714],[-0.4617715,51.5500854],[-0.4610709,51.5503052],[-0.4607903,51.5503938],[-0.4601761,51.5505853],[-0.4596864,51.5507101],[-0.4595816,51.5507445],[-0.4512709,51.5533615],[-0.450319,51.5536634],[-0.44985782962558746,51.55380929237944]]},"properties":{"id":"940GZZLUUXB-940GZZLUHGD-Metropolitan","source":"940GZZLUUXB","target":"940GZZLUHGD","sourceName":"Uxbridge","targetName":"Hillingdon","line":"Metropolitan","colour":"#9B0056","color":"#9B0056","traffic":0.03,"off9":-3.0,"off12":-7.0,"off14":-12.0},"id":607},{"type":"Feature","geometry":{"type":"LineString","coordinates":[[-0.4419951930068697,51.561986460434184],[-0.4419963,51.5619853],[-0.4420062,51.5619731],[-0.4423306,51.5615664],[-0.4426797,51.5610336],[-0.4427535,51.5608804],[-0.4428813,51.5606207],[-0.4430312,51.5602693],[-0.443172,51.5598667],[-0.4433831,51.5591767],[-0.4434677,51.5589194],[-0.4435532,51.5586989],[-0.4436966,51.558346],[-0.4438096,51.5580699],[-0.4440116,51.5577218],[-0.4442191,51.55741],[-0.4443531,51.5572265],[-0.4444999,51.5570516],[-0.4446127,51.5569261],[-0.4449388,51.5565725],[-0.4452527,51.5562641],[-0.4456137,51.5559578],[-0.4459112,51.5557201],[-0.4462543,51.5554628],[-0.4466032,51.5552278],[-0.4470218,51.5549806],[-0.4473365,51.554812],[-0.4476512,51.5546515],[-0.4481069,51.5544386],[-0.4484938,51.5542648],[-0.4492472,51.5539791],[-0.4495145,51.5538884],[-0.4495518,51.5538766],[-0.4498493343152946,51.55378234826751]]},"properties":{"id":"940GZZLUICK-940GZZLUHGD-Piccadilly","source":"940GZZLUICK","target":"940GZZLUHGD","sourceName":"Ickenham","targetName":"Hillingdon","line":"Piccadilly","colour":"#003688","color":"#003688","traffic":0.0443,"off9":-1.5,"off12":-3.5,"off14":-6.0},"id":608},{"type":"Feature","geometry":{"type":"LineString","coordinates":[[-0.44199519300686974,51.561986460434184],[-0.4419963,51.5619853],[-0.4420062,51.5619731],[-0.4423306,51.5615664],[-0.4426797,51.5610336],[-0.4427535,51.5608804],[-0.4428813,51.5606207],[-0.4430312,51.5602693],[-0.443172,51.5598667],[-0.4433831,51.5591767],[-0.4434677,51.5589194],[-0.4435532,51.5586989],[-0.4436966,51.558346],[-0.4438096,51.5580699],[-0.4440116,51.5577218],[-0.4442191,51.55741],[-0.4443531,51.5572265],[-0.4444999,51.5570516],[-0.4446127,51.5569261],[-0.4449388,51.5565725],[-0.4452527,51.5562641],[-0.4456137,51.5559578],[-0.4459112,51.5557201],[-0.4462543,51.5554628],[-0.4466032,51.5552278],[-0.4470218,51.5549806],[-0.4473365,51.554812],[-0.4476512,51.5546515],[-0.4481069,51.5544386],[-0.4484938,51.5542648],[-0.4492472,51.5539791],[-0.4495145,51.5538884],[-0.4495518,51.5538766],[-0.4498493343152946,51.55378234826751]]},"properties":{"id":"940GZZLUICK-940GZZLUHGD-Metropolitan","source":"940GZZLUICK","target":"940GZZLUHGD","sourceName":"Ickenham","targetName":"Hillingdon","line":"Metropolitan","colour":"#9B0056","color":"#9B0056","traffic":0.0443,"off9":-3.0,"off12":-7.0,"off14":-12.0},"id":609},{"type":"Feature","geometry":{"type":"LineString","coordinates":[[-0.44202296637307087,51.56201316047888],[-0.4419449,51.5620942],[-0.4417807,51.5622665],[-0.4414997,51.5625681],[-0.4412929,51.5627568],[-0.4410056,51.5629979],[-0.4407457,51.563195],[-0.4404308,51.5634158],[-0.4400293,51.5636973],[-0.4399722,51.5637351],[-0.4399385,51.5637592],[-0.4396607,51.5639228],[-0.4391986,51.5641802],[-0.4385816,51.564476],[-0.437896,51.5647675],[-0.4372114,51.5650435],[-0.4364861,51.5653325],[-0.4359028,51.5655644],[-0.4352515,51.5658405],[-0.4345432,51.5661443],[-0.4340085,51.5663745],[-0.4334583,51.5666166],[-0.4326421,51.5669651],[-0.4317365,51.5673594],[-0.4309918,51.5676797],[-0.4301743,51.5680316],[-0.4293241,51.5683978],[-0.4285753,51.5687217],[-0.4279743,51.5689762],[-0.4273929,51.5692285],[-0.4267346,51.5695174],[-0.4259626,51.5698506],[-0.4254564,51.5700678],[-0.4250495,51.5702349],[-0.4243788,51.5704895],[-0.4238701,51.5706762],[-0.4233958,51.570845],[-0.423052,51.5709702],[-0.4227242,51.5710829],[-0.4225062,51.5711455],[-0.4222541,51.5712085],[-0.4220931,51.571248],[-0.4218978,51.5712954],[-0.4218854643698368,51.57129816973233]]},"properties":{"id":"940GZZLUICK-940GZZLURSP-Piccadilly","source":"940GZZLUICK","target":"940GZZLURSP","sourceName":"Ickenham","targetName":"Ruislip","line":"Piccadilly","colour":"#003688","color":"#003688","traffic":0.0486,"off9":-1.5,"off12":-3.5,"off14":-6.0},"id":610},{"type":"Feature","geometry":{"type":"LineString","coordinates":[[-0.44202296637307087,51.56201316047888],[-0.4419449,51.5620942],[-0.4417807,51.5622665],[-0.4414997,51.5625681],[-0.4412929,51.5627568],[-0.4410056,51.5629979],[-0.4407457,51.563195],[-0.4404308,51.5634158],[-0.4400293,51.5636973],[-0.4399722,51.5637351],[-0.4399385,51.5637592],[-0.4396607,51.5639228],[-0.4391986,51.5641802],[-0.4385816,51.564476],[-0.437896,51.5647675],[-0.4372114,51.5650435],[-0.4364861,51.5653325],[-0.4359028,51.5655644],[-0.4352515,51.5658405],[-0.4345432,51.5661443],[-0.4340085,51.5663745],[-0.4334583,51.5666166],[-0.4326421,51.5669651],[-0.4317365,51.5673594],[-0.4309918,51.5676797],[-0.4301743,51.5680316],[-0.4293241,51.5683978],[-0.4285753,51.5687217],[-0.4279743,51.5689762],[-0.4273929,51.5692285],[-0.4267346,51.5695174],[-0.4259626,51.5698506],[-0.4254564,51.5700678],[-0.4250495,51.5702349],[-0.4243788,51.5704895],[-0.4238701,51.5706762],[-0.4233958,51.570845],[-0.423052,51.5709702],[-0.4227242,51.5710829],[-0.4225062,51.5711455],[-0.4222541,51.5712085],[-0.4220931,51.571248],[-0.4218978,51.5712954],[-0.4218854643698368,51.57129816973233]]},"properties":{"id":"940GZZLUICK-940GZZLURSP-Metropolitan","source":"940GZZLUICK","target":"940GZZLURSP","sourceName":"Ickenham","targetName":"Ruislip","line":"Metropolitan","colour":"#9B0056","color":"#9B0056","traffic":0.0486,"off9":-3.0,"off12":-7.0,"off14":-12.0},"id":611},{"type":"Feature","geometry":{"type":"LineString","coordinates":[[-0.12420927409909961,51.52306720246763],[-0.1242735,51.5222283],[-0.1242736,51.5220062],[-0.1242349,51.5218397],[-0.1241556,51.5216771],[-0.124046,51.5215253],[-0.1239121,51.5213654],[-0.1237669,51.5212198],[-0.1231739,51.520718],[-0.1225539,51.5201934],[-0.1213034,51.5191982],[-0.1210842,51.5189777],[-0.1209214,51.5187717],[-0.1208515,51.5184921],[-0.1208,51.5181727],[-0.1207548,51.5179609],[-0.1207289,51.517864],[-0.1206931,51.5177802],[-0.1206296,51.5176719],[-0.1206118,51.5176416],[-0.1205718,51.5175758],[-0.12054408203062172,51.5175340910556]]},"properties":{"id":"940GZZLURSQ-940GZZLUHBN-Piccadilly","source":"940GZZLURSQ","target":"940GZZLUHBN","sourceName":"Russell Square","targetName":"Holborn","line":"Piccadilly","colour":"#003688","color":"#003688","traffic":0.4283,"off9":-1.5,"off12":-3.5,"off14":-6.0},"id":612},{"type":"Feature","geometry":{"type":"LineString","coordinates":[[-0.12420927409909961,51.52306720246763],[-0.1242071,51.5230956],[-0.1242034,51.5231453],[-0.1242324,51.5233526],[-0.1242994,51.5235409],[-0.1243996,51.5237325],[-0.1253179,51.5253411],[-0.1253707,51.52548],[-0.1253969,51.5256527],[-0.125402,51.5257947],[-0.1253879,51.5259257],[-0.1253373,51.526138],[-0.1252613,51.5263358],[-0.125164,51.5265223],[-0.1242865,51.528199],[-0.1238458,51.5290409],[-0.1236738,51.5293544],[-0.1235018,51.5296331],[-0.1232607,51.5300273],[-0.12307486458939945,51.530626021936214]]},"properties":{"id":"940GZZLURSQ-940GZZLUKSX-Piccadilly","source":"940GZZLURSQ","target":"940GZZLUKSX","sourceName":"Russell Square","targetName":"Kings Cross St Pancras","line":"Piccadilly","colour":"#003688","color":"#003688","traffic":0.1156,"off9":-1.5,"off12":-3.5,"off14":-6.0},"id":613},{"type":"Feature","geometry":{"type":"LineString","coordinates":[[-0.20569667207574044,51.507204340525455],[-0.2057343,51.5071935],[-0.2057886,51.5071778],[-0.2058848,51.5071487],[-0.2060181,51.5071084],[-0.2060487,51.5070993],[-0.206608,51.5069336],[-0.2067942,51.5068782],[-0.209138,51.5062901],[-0.2127896,51.5054928],[-0.2168851,51.5046061],[-0.2177739,51.5044651],[-0.2180042,51.5044346],[-0.2180964,51.5044255],[-0.2182378,51.5044115],[-0.2184666,51.5043956],[-0.2186952,51.5043846],[-0.21881311946816986,51.504382398184205]]},"properties":{"id":"940GZZLUHPK-940GZZLUSBC-Central","source":"940GZZLUHPK","target":"940GZZLUSBC","sourceName":"Holland Park","targetName":"Shepherds Bush Central","line":"Central","colour":"#E32017","color":"#E32017","traffic":0.2329,"off9":0.0,"off12":0.0,"off14":0.0},"id":614},{"type":"Feature","geometry":{"type":"LineString","coordinates":[[-0.20569667207574044,51.507204340525455],[-0.2056444,51.5072194],[-0.2055399,51.5072495],[-0.2054245,51.5072828],[-0.2053368,51.5073081],[-0.2051951,51.5073491],[-0.2050314,51.5073975],[-0.2049964,51.5074079],[-0.2041725,51.5076498],[-0.2020246,51.5082797],[-0.2012088,51.5084483],[-0.2005926,51.508484],[-0.1993379,51.5085279],[-0.1983807,51.5085873],[-0.1981748,51.5086281],[-0.198041,51.508652],[-0.1979221,51.508675],[-0.1977735,51.5087065],[-0.197586,51.5087499],[-0.1974003,51.5087972],[-0.1972413,51.5088416],[-0.1970496,51.5088988],[-0.1969446,51.5089337],[-0.1966454,51.5090346],[-0.1964514,51.5090944],[-0.19611485659798505,51.50917393720125]]},"properties":{"id":"940GZZLUHPK-940GZZLUNHG-Central","source":"940GZZLUHPK","target":"940GZZLUNHG","sourceName":"Holland Park","targetName":"Notting Hill Gate","line":"Central","colour":"#E32017","color":"#E32017","traffic":0.4418,"off9":0.0,"off12":0.0,"off14":0.0},"id":615},{"type":"Feature","geometry":{"type":"LineString","coordinates":[[-0.218813,51.5042876],[-0.21891,51.5042876],[-0.2190901,51.504303],[-0.2192531,51.5043224],[-0.2194534,51.5043479],[-0.2207569,51.5045085],[-0.2209656,51.5045411],[-0.2211594,51.5045754],[-0.2213175,51.5046052],[-0.2214518,51.5046412],[-0.2215625,51.5046935],[-0.2216446,51.5047547],[-0.2217042,51.5048264],[-0.2217193,51.504904],[-0.2217228,51.5050031],[-0.2217173,51.5050714],[-0.2217073,51.5057892],[-0.2217021,51.5061648],[-0.2216961,51.5063259],[-0.2216482,51.5066039],[-0.2215643,51.5071331],[-0.2215742,51.5073669],[-0.2215986,51.5076177],[-0.2216736,51.5078777],[-0.2217574,51.5080842],[-0.2220063,51.5085104],[-0.2222544,51.508812],[-0.2226195,51.50911],[-0.2229936,51.5093673],[-0.2239132,51.5099995],[-0.2240322,51.5101237],[-0.2241108,51.510259],[-0.2241765,51.5104546],[-0.2241826,51.5105386],[-0.2241749,51.5105935],[-0.224171,51.5107742],[-0.2241724,51.5108609],[-0.2241588,51.5110192],[-0.2240732,51.5113749],[-0.2240422,51.5116526],[-0.2240487,51.5119444],[-0.22404915658658725,51.511964601626964]]},"properties":{"id":"940GZZLUSBC-940GZZLUWCY-Central","source":"940GZZLUSBC","target":"940GZZLUWCY","sourceName":"Shepherds Bush Central","targetName":"White City","line":"Central","colour":"#E32017","color":"#E32017","traffic":0.1833,"off9":0.0,"off12":0.0,"off14":0.0},"id":616},{"type":"Feature","geometry":{"type":"LineString","coordinates":[[-0.21881311946816986,51.504382398184205],[-0.2186952,51.5043846],[-0.2184666,51.5043956],[-0.2182378,51.5044115],[-0.2180964,51.5044255],[-0.2180042,51.5044346],[-0.2177739,51.5044651],[-0.2168851,51.5046061],[-0.2127896,51.5054928],[-0.209138,51.5062901],[-0.2067942,51.5068782],[-0.206608,51.5069336],[-0.2060487,51.5070993],[-0.2060181,51.5071084],[-0.2058848,51.5071487],[-0.2057886,51.5071778],[-0.2057343,51.5071935],[-0.20569667207574044,51.507204340525455]]},"properties":{"id":"940GZZLUSBC-940GZZLUHPK-Central","source":"940GZZLUSBC","target":"940GZZLUHPK","sourceName":"Shepherds Bush Central","targetName":"Holland Park","line":"Central","colour":"#E32017","color":"#E32017","traffic":0.4323,"off9":0.0,"off12":0.0,"off14":0.0},"id":617},{"type":"Feature","geometry":{"type":"LineString","coordinates":[[0.23580266157931196,51.55859328680164],[0.2357833,51.5585896],[0.235691,51.55857],[0.235585,51.5585474],[0.2354565,51.5585201],[0.2349874,51.5584006],[0.2345255,51.5582701],[0.234077,51.5581321],[0.2338399,51.5580554],[0.2336239,51.5579827],[0.2331592,51.5578166],[0.2326178,51.5576073],[0.2315711,51.5572004],[0.2310984,51.5570246],[0.2306177,51.5568592],[0.2297719,51.5565868],[0.2291343,51.5563871],[0.2282505,51.5561157],[0.2273274,51.5558609],[0.2263914,51.5556264],[0.2254522,51.5554094],[0.2244926,51.5552048],[0.2217038,51.5546001],[0.2210831,51.5544747],[0.2202861,51.5543253],[0.2196498,51.5542054],[0.21911455174046213,51.5541003813396]]},"properties":{"id":"940GZZLUUPB-940GZZLUHCH-District","source":"940GZZLUUPB","target":"940GZZLUHCH","sourceName":"Upminster Bridge","targetName":"Hornchurch","line":"District","colour":"#00782A","color":"#00782A","traffic":0.0167,"off9":1.5,"off12":3.5,"off14":6.0},"id":618},{"type":"Feature","geometry":{"type":"LineString","coordinates":[[0.23580266157931196,51.55859328680164],[0.2361131,51.5586524],[0.2366563,51.5587515],[0.2368466,51.5587848],[0.237268,51.5588588],[0.2378293,51.5589547],[0.2382162,51.5590081],[0.2386141,51.5590556],[0.2393925,51.5591285],[0.23999,51.5591679],[0.2406957,51.5592161],[0.2413216,51.5592469],[0.241783,51.559259],[0.2428979,51.5592546],[0.2431898,51.5592432],[0.2438233,51.5592245],[0.2446977,51.5591993],[0.2460392,51.5591566],[0.2467953,51.559133],[0.2476257,51.5591222],[0.2482217,51.5591191],[0.2493461,51.5591053],[0.2495651,51.5591007],[0.2502091,51.5590872],[0.2507328,51.5590719],[0.2508821325910105,51.55906749838228]]},"properties":{"id":"940GZZLUUPB-940GZZLUUPM-District","source":"940GZZLUUPB","target":"940GZZLUUPM","sourceName":"Upminster Bridge","targetName":"Upminster","line":"District","colour":"#00782A","color":"#00782A","traffic":0.0117,"off9":1.5,"off12":3.5,"off14":6.0},"id":619},{"type":"Feature","geometry":{"type":"LineString","coordinates":[[-0.36657638408550824,51.47124813847981],[-0.366592,51.4712476],[-0.366822,51.4712411],[-0.3670596,51.4712331],[-0.3672484,51.4712276],[-0.3687304,51.4711747],[-0.3692909,51.47116],[-0.369574,51.4711569],[-0.3701204,51.4711737],[-0.3706851,51.471203],[-0.3710752,51.4712384],[-0.371417,51.4712693],[-0.3722828,51.4713968],[-0.3730703,51.4715664],[-0.3739196,51.4717927],[-0.374364,51.4719408],[-0.3748333,51.472106],[-0.3771444,51.4730689],[-0.378004,51.4734088],[-0.3784007,51.4735364],[-0.3788469,51.4736577],[-0.3792778,51.4737485],[-0.3797337,51.4738212],[-0.3801549,51.4738872],[-0.3806339,51.4739469],[-0.3810107,51.4739911],[-0.3814296,51.4740275],[-0.3818431,51.4740464],[-0.3821636,51.4740483],[-0.3826311,51.4740241],[-0.382937,51.4739962],[-0.383208,51.4739617],[-0.3835234,51.4739228],[-0.3838823,51.4738676],[-0.3845412,51.4737619],[-0.3856162,51.4735809],[-0.3860028,51.4735228],[-0.3861971,51.4734969],[-0.3863141,51.4734879],[-0.3864871,51.4734789],[-0.3865442632878082,51.473477024427304]]},"properties":{"id":"940GZZLUHWC-940GZZLUHWT-Piccadilly","source":"940GZZLUHWC","target":"940GZZLUHWT","sourceName":"Hounslow Central","targetName":"Hounslow West","line":"Piccadilly","colour":"#003688","color":"#003688","traffic":0.0927,"off9":-1.5,"off12":-3.5,"off14":-6.0},"id":620},{"type":"Feature","geometry":{"type":"LineString","coordinates":[[-0.3665819075511399,51.471332990080455],[-0.3665682,51.4713344],[-0.3664775,51.4713421],[-0.3664591,51.4713435],[-0.3663673,51.4713508],[-0.3662744,51.4713563],[-0.3662118,51.4713594],[-0.3661417,51.4713624],[-0.3660508,51.4713657],[-0.3659378,51.4713699],[-0.3658388,51.4713735],[-0.3656756,51.4713785],[-0.3655989,51.4713807],[-0.3655263,51.4713815],[-0.3653965,51.4713821],[-0.3653187,51.4713819],[-0.3652605,51.4713816],[-0.3651707,51.4713804],[-0.3651042,51.4713797],[-0.3650297,51.4713755],[-0.3649472,51.4713739],[-0.3645519,51.4713667],[-0.3643164,51.4713694],[-0.3640339,51.4713785],[-0.3639595,51.4713827],[-0.3637983,51.4714013],[-0.3635761,51.4714262],[-0.3632159,51.4714725],[-0.3627545,51.4715333],[-0.3622706,51.471609],[-0.3617362,51.4717184],[-0.3613723,51.4718056],[-0.3609456,51.4719254],[-0.3604661,51.4720647],[-0.3597607,51.4722621],[-0.3582787,51.4726716],[-0.3577968,51.4728084],[-0.3568989,51.4730715],[-0.3567374,51.4731294],[-0.3566444,51.4731628],[-0.3564948,51.4732162],[-0.3564782067557885,51.47322310668714]]},"properties":{"id":"940GZZLUHWC-940GZZLUHWE-Piccadilly","source":"940GZZLUHWC","target":"940GZZLUHWE","sourceName":"Hounslow Central","targetName":"Hounslow East","line":"Piccadilly","colour":"#003688","color":"#003688","traffic":0.1365,"off9":-1.5,"off12":-3.5,"off14":-6.0},"id":621},{"type":"Feature","geometry":{"type":"LineString","coordinates":[[-0.3564782067557885,51.47322310668714],[-0.3563211,51.4732885],[-0.3561569,51.4733607],[-0.3559575,51.4734651],[-0.355702,51.4735991],[-0.3555081,51.4737114],[-0.3553209,51.4738324],[-0.3551757,51.4739329],[-0.3550381,51.4740292],[-0.3547256,51.474286],[-0.3544159,51.4745797],[-0.3542106,51.4748624],[-0.3540414,51.4750821],[-0.3538954,51.4752946],[-0.3537539,51.4755401],[-0.3536491,51.4757522],[-0.3535722,51.4759303],[-0.3535266,51.4760662],[-0.3534422,51.4762345],[-0.3533895,51.4764704],[-0.3533578,51.476699],[-0.353345,51.4769922],[-0.3533588,51.4773027],[-0.3533768,51.4775566],[-0.3533902,51.477809],[-0.3534334,51.4788503],[-0.3534257,51.479002],[-0.3534127,51.4791436],[-0.3533802,51.4793208],[-0.3533477,51.4794788],[-0.3532764,51.4797205],[-0.3531269,51.4800499],[-0.3530258,51.4802453],[-0.3529114,51.4804207],[-0.3527079,51.480728],[-0.3525532,51.4809026],[-0.3524423,51.4810192],[-0.3523314,51.4811458],[-0.35220969768910587,51.48125856400839]]},"properties":{"id":"940GZZLUHWE-940GZZLUOSY-Piccadilly","source":"940GZZLUHWE","target":"940GZZLUOSY","sourceName":"Hounslow East","targetName":"Osterley","line":"Piccadilly","colour":"#003688","color":"#003688","traffic":0.1662,"off9":-1.5,"off12":-3.5,"off14":-6.0},"id":622},{"type":"Feature","geometry":{"type":"LineString","coordinates":[[-0.3564782067557885,51.47322310668714],[-0.3564948,51.4732162],[-0.3566444,51.4731628],[-0.3567374,51.4731294],[-0.3568989,51.4730715],[-0.3577968,51.4728084],[-0.3582787,51.4726716],[-0.3597607,51.4722621],[-0.3604661,51.4720647],[-0.3609456,51.4719254],[-0.3613723,51.4718056],[-0.3617362,51.4717184],[-0.3622706,51.471609],[-0.3627545,51.4715333],[-0.3632159,51.4714725],[-0.3635761,51.4714262],[-0.3637983,51.4714013],[-0.3639595,51.4713827],[-0.3640339,51.4713785],[-0.3643164,51.4713694],[-0.3645519,51.4713667],[-0.3649472,51.4713739],[-0.3650297,51.4713755],[-0.3651042,51.4713797],[-0.3651707,51.4713804],[-0.3652605,51.4713816],[-0.3653187,51.4713819],[-0.3653965,51.4713821],[-0.3655263,51.4713815],[-0.3655989,51.4713807],[-0.3656756,51.4713785],[-0.3658388,51.4713735],[-0.3659378,51.4713699],[-0.3660508,51.4713657],[-0.3661417,51.4713624],[-0.3662118,51.4713594],[-0.3662744,51.4713563],[-0.3663673,51.4713508],[-0.3664591,51.4713435],[-0.3664775,51.4713421],[-0.3665682,51.4713344],[-0.3665819075511399,51.471332990080455]]},"properties":{"id":"940GZZLUHWE-940GZZLUHWC-Piccadilly","source":"940GZZLUHWE","target":"940GZZLUHWC","sourceName":"Hounslow East","targetName":"Hounslow Central","line":"Piccadilly","colour":"#003688","color":"#003688","traffic":0.0975,"off9":-1.5,"off12":-3.5,"off14":-6.0},"id":623},{"type":"Feature","geometry":{"type":"LineString","coordinates":[[-0.16052534700467308,51.501728507524106],[-0.1604698,51.5017447],[-0.1602223,51.5018072],[-0.1596726,51.5019129],[-0.1592118,51.502007],[-0.1591074,51.5020284],[-0.1587359,51.5021005],[-0.1584929,51.5021418],[-0.1582665,51.5021776],[-0.1580265,51.5022063],[-0.1576562,51.5022311],[-0.1569536,51.5022699],[-0.1566505,51.5022937],[-0.1563299,51.502335],[-0.1558645,51.5024215],[-0.1554382,51.5024952],[-0.1548975,51.5025739],[-0.1541878,51.502678],[-0.1534728,51.5027829],[-0.1528548,51.5028806],[-0.1525574,51.5029261],[-0.1524251347482395,51.50295111564964]]},"properties":{"id":"940GZZLUKNB-940GZZLUHPC-Piccadilly","source":"940GZZLUKNB","target":"940GZZLUHPC","sourceName":"Knightsbridge","targetName":"Hyde Park Corner","line":"Piccadilly","colour":"#003688","color":"#003688","traffic":0.3943,"off9":-1.5,"off12":-3.5,"off14":-6.0},"id":624},{"type":"Feature","geometry":{"type":"LineString","coordinates":[[-0.16052534700467308,51.501728507524106],[-0.1605758,51.5017138],[-0.1607047,51.50166],[-0.160922,51.5015478],[-0.1610723,51.5014644],[-0.1611514,51.5014185],[-0.1612292,51.5013716],[-0.1613029,51.5013252],[-0.1613634,51.5012857],[-0.1614473,51.5012291],[-0.1615229,51.5011766],[-0.1616039,51.5011173],[-0.1616688,51.5010689],[-0.1617328,51.5010187],[-0.1618897,51.5008853],[-0.1620852,51.5007019],[-0.1625564,51.500277],[-0.1628749,51.5000464],[-0.1633512,51.4997539],[-0.1636481,51.4995725],[-0.165372,51.4985935],[-0.1658448,51.4983433],[-0.1668189,51.4978033],[-0.1676728,51.497341],[-0.1687933,51.4966617],[-0.1689227,51.4965603],[-0.1690274,51.4964475],[-0.1691108,51.4963221],[-0.169189,51.496185],[-0.1692087,51.4961419],[-0.1692197,51.4961133],[-0.169241,51.4960676],[-0.1692624,51.4959351],[-0.1693085,51.4958046],[-0.1693732,51.4956815],[-0.1694525,51.4955764],[-0.1695443,51.4954622],[-0.1696698,51.4953516],[-0.1697991,51.4952497],[-0.1699378,51.4951663],[-0.1701156,51.4950863],[-0.1705804,51.4949908],[-0.1707839,51.4949089],[-0.1709295,51.4948497],[-0.1710528,51.494768],[-0.1711399,51.4946935],[-0.1712039,51.4946241],[-0.1713937,51.4944012],[-0.171519,51.4942851],[-0.1716725,51.4941883],[-0.1718237,51.4941113],[-0.1719546,51.4940623],[-0.1721354,51.4940132],[-0.1723702,51.4939736],[-0.1726722,51.4939539],[-0.1729308,51.4939689],[-0.1736346,51.4940105],[-0.1741414343439666,51.494050694677355]]},"properties":{"id":"940GZZLUKNB-940GZZLUSKS-Piccadilly","source":"940GZZLUKNB","target":"940GZZLUSKS","sourceName":"Knightsbridge","targetName":"South Kensington","line":"Piccadilly","colour":"#003688","color":"#003688","traffic":0.2873,"off9":-1.5,"off12":-3.5,"off14":-6.0},"id":625},{"type":"Feature","geometry":{"type":"LineString","coordinates":[[-0.4218854643698368,51.57129816973233],[-0.4218978,51.5712954],[-0.4220931,51.571248],[-0.4222541,51.5712085],[-0.4225062,51.5711455],[-0.4227242,51.5710829],[-0.423052,51.5709702],[-0.4233958,51.570845],[-0.4238701,51.5706762],[-0.4243788,51.5704895],[-0.4250495,51.5702349],[-0.4254564,51.5700678],[-0.4259626,51.5698506],[-0.4267346,51.5695174],[-0.4273929,51.5692285],[-0.4279743,51.5689762],[-0.4285753,51.5687217],[-0.4293241,51.5683978],[-0.4301743,51.5680316],[-0.4309918,51.5676797],[-0.4317365,51.5673594],[-0.4326421,51.5669651],[-0.4334583,51.5666166],[-0.4340085,51.5663745],[-0.4345432,51.5661443],[-0.4352515,51.5658405],[-0.4359028,51.5655644],[-0.4364861,51.5653325],[-0.4372114,51.5650435],[-0.437896,51.5647675],[-0.4385816,51.564476],[-0.4391986,51.5641802],[-0.4396607,51.5639228],[-0.4399385,51.5637592],[-0.4399722,51.5637351],[-0.4400293,51.5636973],[-0.4404308,51.5634158],[-0.4407457,51.563195],[-0.4410056,51.5629979],[-0.4412929,51.5627568],[-0.4414997,51.5625681],[-0.4417807,51.5622665],[-0.4419449,51.5620942],[-0.44202296637307087,51.56201316047888]]},"properties":{"id":"940GZZLURSP-940GZZLUICK-Piccadilly","source":"940GZZLURSP","target":"940GZZLUICK","sourceName":"Ruislip","targetName":"Ickenham","line":"Piccadilly","colour":"#003688","color":"#003688","traffic":0.0447,"off9":-1.5,"off12":-3.5,"off14":-6.0},"id":626},{"type":"Feature","geometry":{"type":"LineString","coordinates":[[-0.4218854643698368,51.57129816973233],[-0.4218978,51.5712954],[-0.4220931,51.571248],[-0.4222541,51.5712085],[-0.4225062,51.5711455],[-0.4227242,51.5710829],[-0.423052,51.5709702],[-0.4233958,51.570845],[-0.4238701,51.5706762],[-0.4243788,51.5704895],[-0.4250495,51.5702349],[-0.4254564,51.5700678],[-0.4259626,51.5698506],[-0.4267346,51.5695174],[-0.4273929,51.5692285],[-0.4279743,51.5689762],[-0.4285753,51.5687217],[-0.4293241,51.5683978],[-0.4301743,51.5680316],[-0.4309918,51.5676797],[-0.4317365,51.5673594],[-0.4326421,51.5669651],[-0.4334583,51.5666166],[-0.4340085,51.5663745],[-0.4345432,51.5661443],[-0.4352515,51.5658405],[-0.4359028,51.5655644],[-0.4364861,51.5653325],[-0.4372114,51.5650435],[-0.437896,51.5647675],[-0.4385816,51.564476],[-0.4391986,51.5641802],[-0.4396607,51.5639228],[-0.4399385,51.5637592],[-0.4399722,51.5637351],[-0.4400293,51.5636973],[-0.4404308,51.5634158],[-0.4407457,51.563195],[-0.4410056,51.5629979],[-0.4412929,51.5627568],[-0.4414997,51.5625681],[-0.4417807,51.5622665],[-0.4419449,51.5620942],[-0.44202296637307087,51.56201316047888]]},"properties":{"id":"940GZZLURSP-940GZZLUICK-Metropolitan","source":"940GZZLURSP","target":"940GZZLUICK","sourceName":"Ruislip","targetName":"Ickenham","line":"Metropolitan","colour":"#9B0056","color":"#9B0056","traffic":0.0447,"off9":-3.0,"off12":-7.0,"off14":-12.0},"id":627},{"type":"Feature","geometry":{"type":"LineString","coordinates":[[-0.4218854643698368,51.57129816973233],[-0.421354,51.5714175],[-0.4205332,51.5716],[-0.4202886,51.5716528],[-0.4199355,51.571728],[-0.4194924,51.5718069],[-0.4190344,51.5718772],[-0.4186324,51.5719364],[-0.4182413,51.5719989],[-0.4178436,51.5720745],[-0.4174405,51.5721612],[-0.4131246,51.5731219],[-0.41296316454631815,51.57315792364024]]},"properties":{"id":"940GZZLURSP-940GZZLURSM-Piccadilly","source":"940GZZLURSP","target":"940GZZLURSM","sourceName":"Ruislip","targetName":"Ruislip Manor","line":"Piccadilly","colour":"#003688","color":"#003688","traffic":0.0573,"off9":-1.5,"off12":-3.5,"off14":-6.0},"id":628},{"type":"Feature","geometry":{"type":"LineString","coordinates":[[-0.4218854643698368,51.57129816973233],[-0.421354,51.5714175],[-0.4205332,51.5716],[-0.4202886,51.5716528],[-0.4199355,51.571728],[-0.4194924,51.5718069],[-0.4190344,51.5718772],[-0.4186324,51.5719364],[-0.4182413,51.5719989],[-0.4178436,51.5720745],[-0.4174405,51.5721612],[-0.4131246,51.5731219],[-0.41296316454631815,51.57315792364024]]},"properties":{"id":"940GZZLURSP-940GZZLURSM-Metropolitan","source":"940GZZLURSP","target":"940GZZLURSM","sourceName":"Ruislip","targetName":"Ruislip Manor","line":"Metropolitan","colour":"#9B0056","color":"#9B0056","traffic":0.0573,"off9":-3.0,"off12":-7.0,"off14":-12.0},"id":629},{"type":"Feature","geometry":{"type":"LineString","coordinates":[[-0.11241864639405405,51.48174532431227],[-0.1122758,51.4817731],[-0.1115785,51.4819106],[-0.1111699,51.4820031],[-0.1107649,51.482111],[-0.1101179,51.482312],[-0.1095988,51.4825342],[-0.1090111,51.4828367],[-0.1084231,51.4832198],[-0.1081129,51.4834575],[-0.1076509,51.4839253],[-0.1073985,51.4842568],[-0.1071171,51.4847411],[-0.1069838,51.4850639],[-0.1069332,51.4852642],[-0.106897,51.4854737],[-0.1068828,51.4856555],[-0.1068851,51.4858756],[-0.1069082,51.4860502],[-0.1068521,51.4866532],[-0.1067937,51.4869276],[-0.1066988,51.4871647],[-0.1066219,51.4872779],[-0.1064414,51.4875283]]},"properties":{"id":"940GZZLUOVL-940GZZLUKNG-Northern","source":"940GZZLUOVL","target":"940GZZLUKNG","sourceName":"Oval","targetName":"Kennington","line":"Northern","colour":"#000000","color":"#000000","traffic":0.6716,"off9":0.0,"off12":0.0,"off14":0.0},"id":630},{"type":"Feature","geometry":{"type":"LineString","coordinates":[[-0.11247063986599729,51.48187807380615],[-0.1125416,51.4817981],[-0.1130284,51.4812365],[-0.1131837,51.4810573],[-0.1144797,51.4798382],[-0.1152521,51.4791075],[-0.1169089,51.47753],[-0.1173121,51.4771461],[-0.1189546,51.4755919],[-0.1193778,51.4751913],[-0.119997,51.4746053],[-0.1211786,51.4734872],[-0.1225247,51.4722106],[-0.12260607573134451,51.47214017728037]]},"properties":{"id":"940GZZLUOVL-940GZZLUSKW-Northern","source":"940GZZLUOVL","target":"940GZZLUSKW","sourceName":"Oval","targetName":"Stockwell","line":"Northern","colour":"#000000","color":"#000000","traffic":0.1547,"off9":0.0,"off12":0.0,"off14":0.0},"id":631},{"type":"Feature","geometry":{"type":"LineString","coordinates":[[-0.225016,51.530539],[-0.244283,51.532259]]},"properties":{"id":"940GZZLUKSL-940GZZLUWJN-Bakerloo","source":"940GZZLUKSL","target":"940GZZLUWJN","sourceName":"Kensal Green","targetName":"Willesden Junction","line":"Bakerloo","colour":"#B36305","color":"#B36305","traffic":0.033,"off9":0.0,"off12":0.0,"off14":0.0},"id":632},{"type":"Feature","geometry":{"type":"LineString","coordinates":[[-0.225016,51.530539],[-0.204574,51.534158]]},"properties":{"id":"940GZZLUKSL-940GZZLUQPS-Bakerloo","source":"940GZZLUKSL","target":"940GZZLUQPS","sourceName":"Kensal Green","targetName":"Queens Park","line":"Bakerloo","colour":"#B36305","color":"#B36305","traffic":0.0884,"off9":0.0,"off12":0.0,"off14":0.0},"id":633},{"type":"Feature","geometry":{"type":"LineString","coordinates":[[-0.2045760772421842,51.53417025413626],[-0.2042425,51.5342268],[-0.2040951,51.53425],[-0.2039847,51.5342662],[-0.2038352,51.5342854],[-0.2036279,51.5343086],[-0.2034561,51.5343308],[-0.2033052,51.5343554],[-0.2032035,51.5343709],[-0.2028103,51.5344368],[-0.2024114,51.5345075],[-0.2020228,51.5345782],[-0.201502,51.534671],[-0.2008673,51.5347901],[-0.2008426,51.534795],[-0.1999004,51.5349287],[-0.1992702,51.5350171],[-0.1986972,51.5350841],[-0.1981193,51.5351501],[-0.1974581,51.535212],[-0.1967382,51.5352638],[-0.1962879,51.535283],[-0.1958744,51.5352872],[-0.1956739,51.5352831],[-0.1955169,51.5352681],[-0.1953909,51.5352472],[-0.1952895,51.5352281],[-0.1951135,51.5351887],[-0.1948603,51.5351159],[-0.1947303,51.5350736],[-0.1945499,51.5350172],[-0.1943338,51.5349541],[-0.1942466571044059,51.53492870472263]]},"properties":{"id":"940GZZLUQPS-940GZZLUKPK-Bakerloo","source":"940GZZLUQPS","target":"940GZZLUKPK","sourceName":"Queens Park","targetName":"Kilburn Park","line":"Bakerloo","colour":"#B36305","color":"#B36305","traffic":0.1482,"off9":0.0,"off12":0.0,"off14":0.0},"id":634},{"type":"Feature","geometry":{"type":"LineString","coordinates":[[-0.204574,51.534158],[-0.225016,51.530539]]},"properties":{"id":"940GZZLUQPS-940GZZLUKSL-Bakerloo","source":"940GZZLUQPS","target":"940GZZLUKSL","sourceName":"Queens Park","targetName":"Kensal Green","line":"Bakerloo","colour":"#B36305","color":"#B36305","traffic":0.0331,"off9":0.0,"off12":0.0,"off14":0.0},"id":635},{"type":"Feature","geometry":{"type":"LineString","coordinates":[[-0.308433,51.570232],[-0.31691,51.581756]]},"properties":{"id":"940GZZLUSKT-940GZZLUKEN-Bakerloo","source":"940GZZLUSKT","target":"940GZZLUKEN","sourceName":"South Kenton","targetName":"Kenton","line":"Bakerloo","colour":"#B36305","color":"#B36305","traffic":0.0137,"off9":0.0,"off12":0.0,"off14":0.0},"id":636},{"type":"Feature","geometry":{"type":"LineString","coordinates":[[-0.308433,51.570232],[-0.304,51.562551]]},"properties":{"id":"940GZZLUSKT-940GZZLUNWY-Bakerloo","source":"940GZZLUSKT","target":"940GZZLUNWY","sourceName":"South Kenton","targetName":"North Wembley","line":"Bakerloo","colour":"#B36305","color":"#B36305","traffic":0.0353,"off9":0.0,"off12":0.0,"off14":0.0},"id":637},{"type":"Feature","geometry":{"type":"LineString","coordinates":[[-0.301336,51.463237],[-0.285241,51.477058]]},"properties":{"id":"940GZZLURMD-940GZZLUKWG-District","source":"940GZZLURMD","target":"940GZZLUKWG","sourceName":"Richmond","targetName":"Kew Gardens","line":"District","colour":"#00782A","color":"#00782A","traffic":0.0538,"off9":1.5,"off12":3.5,"off14":6.0},"id":638},{"type":"Feature","geometry":{"type":"LineString","coordinates":[[-0.1942466571044059,51.53492870472263],[-0.1943338,51.5349541],[-0.1945499,51.5350172],[-0.1947303,51.5350736],[-0.1948603,51.5351159],[-0.1951135,51.5351887],[-0.1952895,51.5352281],[-0.1953909,51.5352472],[-0.1955169,51.5352681],[-0.1956739,51.5352831],[-0.1958744,51.5352872],[-0.1962879,51.535283],[-0.1967382,51.5352638],[-0.1974581,51.535212],[-0.1981193,51.5351501],[-0.1986972,51.5350841],[-0.1992702,51.5350171],[-0.1999004,51.5349287],[-0.2008426,51.534795],[-0.2008673,51.5347901],[-0.201502,51.534671],[-0.2020228,51.5345782],[-0.2024114,51.5345075],[-0.2028103,51.5344368],[-0.2032035,51.5343709],[-0.2033052,51.5343554],[-0.2034561,51.5343308],[-0.2036279,51.5343086],[-0.2038352,51.5342854],[-0.2039847,51.5342662],[-0.2040951,51.53425],[-0.2042425,51.5342268],[-0.2045760772421842,51.53417025413626]]},"properties":{"id":"940GZZLUKPK-940GZZLUQPS-Bakerloo","source":"940GZZLUKPK","target":"940GZZLUQPS","sourceName":"Kilburn Park","targetName":"Queens Park","line":"Bakerloo","colour":"#B36305","color":"#B36305","traffic":0.0495,"off9":0.0,"off12":0.0,"off14":0.0},"id":639},{"type":"Feature","geometry":{"type":"LineString","coordinates":[[-0.1942466571044059,51.53492870472263],[-0.193723,51.5347761],[-0.1933604,51.5346816],[-0.1921027,51.5343765],[-0.191666,51.534229],[-0.1912294,51.5340586],[-0.1909619,51.5339235],[-0.1905424,51.5336567],[-0.1900767,51.5332835],[-0.1890206,51.532404],[-0.1867434,51.530462],[-0.1859863,51.5297951],[-0.18583275443413866,51.529678532027596]]},"properties":{"id":"940GZZLUKPK-940GZZLUMVL-Bakerloo","source":"940GZZLUKPK","target":"940GZZLUMVL","sourceName":"Kilburn Park","targetName":"Maida Vale","line":"Bakerloo","colour":"#B36305","color":"#B36305","traffic":0.169,"off9":0.0,"off12":0.0,"off14":0.0},"id":640},{"type":"Feature","geometry":{"type":"LineString","coordinates":[[-0.18583275443413866,51.529678532027596],[-0.1854141,51.5293607],[-0.1837539,51.5280177],[-0.1835894,51.527856],[-0.1834548,51.5276985],[-0.1833672,51.5275172],[-0.1832933,51.5273331],[-0.1833565,51.5270259],[-0.1835393,51.5266574],[-0.1838331,51.5260692],[-0.1839654,51.5257178],[-0.1840984,51.5252648],[-0.1841388,51.5245912],[-0.1841089,51.5240561],[-0.1840665,51.5236963],[-0.1838829,51.5233243],[-0.18380132056562995,51.52324431437513]]},"properties":{"id":"940GZZLUMVL-940GZZLUWKA-Bakerloo","source":"940GZZLUMVL","target":"940GZZLUWKA","sourceName":"Maida Vale","targetName":"Warwick Avenue","line":"Bakerloo","colour":"#B36305","color":"#B36305","traffic":0.1938,"off9":0.0,"off12":0.0,"off14":0.0},"id":641},{"type":"Feature","geometry":{"type":"LineString","coordinates":[[-0.18583275443413866,51.529678532027596],[-0.1859863,51.5297951],[-0.1867434,51.530462],[-0.1890206,51.532404],[-0.1900767,51.5332835],[-0.1905424,51.5336567],[-0.1909619,51.5339235],[-0.1912294,51.5340586],[-0.191666,51.534229],[-0.1921027,51.5343765],[-0.1933604,51.5346816],[-0.193723,51.5347761],[-0.1942466571044059,51.53492870472263]]},"properties":{"id":"940GZZLUMVL-940GZZLUKPK-Bakerloo","source":"940GZZLUMVL","target":"940GZZLUKPK","sourceName":"Maida Vale","targetName":"Kilburn Park","line":"Bakerloo","colour":"#B36305","color":"#B36305","traffic":0.0565,"off9":0.0,"off12":0.0,"off14":0.0},"id":642},{"type":"Feature","geometry":{"type":"LineString","coordinates":[[-0.2042625555712753,51.546996550063184],[-0.2042158,51.5469929],[-0.2033153,51.5469159],[-0.2027871,51.5468646],[-0.2015746,51.5467236],[-0.1996268,51.5465678],[-0.1976668,51.546448],[-0.1971189,51.5464247],[-0.1965671,51.5464058],[-0.1959574,51.5464107],[-0.1954874,51.546423],[-0.1950195,51.5464555],[-0.1944642,51.5465078],[-0.1912068,51.5467966],[-0.1910698545371771,51.54680547578816]]},"properties":{"id":"940GZZLUKBN-940GZZLUWHP-Jubilee","source":"940GZZLUKBN","target":"940GZZLUWHP","sourceName":"Kilburn","targetName":"West Hampstead","line":"Jubilee","colour":"#A0A5A9","color":"#A0A5A9","traffic":0.343,"off9":0.0,"off12":0.0,"off14":0.0},"id":643},{"type":"Feature","geometry":{"type":"LineString","coordinates":[[-0.2042625555712753,51.546996550063184],[-0.2045117,51.547016],[-0.2047482,51.5470289],[-0.2053143,51.5470528],[-0.2063873,51.5470911],[-0.207143,51.5471223],[-0.2077421,51.547165],[-0.2084528,51.5472421],[-0.2094472,51.5473748],[-0.210433,51.5475317],[-0.2184399,51.5487758],[-0.2196877,51.5489971],[-0.2206844,51.5491551],[-0.220925,51.5491975],[-0.2210575,51.5492209],[-0.2211852,51.5492434],[-0.22151370992315325,51.549294813492374]]},"properties":{"id":"940GZZLUKBN-940GZZLUWIG-Jubilee","source":"940GZZLUKBN","target":"940GZZLUWIG","sourceName":"Kilburn","targetName":"Willesden Green","line":"Jubilee","colour":"#A0A5A9","color":"#A0A5A9","traffic":0.0636,"off9":0.0,"off12":0.0,"off14":0.0},"id":644},{"type":"Feature","geometry":{"type":"LineString","coordinates":[[-0.2786007758381376,51.58478491247277],[-0.2786225,51.5847165],[-0.2786881,51.5844899],[-0.2787889,51.5841478],[-0.2789324,51.5836595],[-0.2790217,51.5833527],[-0.2791251,51.5830208],[-0.2792511,51.5826016],[-0.2793665,51.5822219],[-0.2794793,51.581819],[-0.279693,51.5811074],[-0.2797796,51.5808722],[-0.2798954,51.5806017],[-0.2801529,51.5801363],[-0.2804235,51.5797528],[-0.2806319,51.5794984],[-0.2808984,51.5792049],[-0.2811874,51.5789379],[-0.2815294,51.5786897],[-0.281796,51.5784862],[-0.2821288,51.5782563],[-0.2823964,51.5780872],[-0.2826764,51.5779272],[-0.2829272,51.5777979],[-0.2833868,51.5775606],[-0.2839569,51.5772745],[-0.2844835,51.5770082],[-0.2849051,51.5767969],[-0.2855988,51.5764152],[-0.2863342,51.576049],[-0.2885708,51.5749215],[-0.2888676,51.5747672],[-0.2891395,51.5746126],[-0.2893976,51.5744466],[-0.2895793,51.5743172],[-0.289741,51.5741769],[-0.2898965,51.5740145],[-0.2900405,51.57385],[-0.2901788,51.5736508],[-0.2902813,51.57347],[-0.2903879,51.5732027],[-0.290442,51.5729874],[-0.2904688,51.5728001],[-0.290475,51.5726422],[-0.2904537,51.5723622],[-0.2904016,51.5721311],[-0.290315,51.5719071],[-0.290188,51.5716459],[-0.2899506,51.5712688],[-0.2897846,51.5710169],[-0.2895367,51.5706513],[-0.2890975,51.5700648],[-0.288786,51.5696681],[-0.2884226,51.5692535],[-0.287886,51.5687503],[-0.2876348,51.5685489],[-0.2873727,51.5683415],[-0.2865211,51.5676389],[-0.2859784,51.567139],[-0.2857037,51.5668765],[-0.2854393,51.566637],[-0.2850021,51.5662576],[-0.2845276,51.5658807],[-0.2840314,51.5655215],[-0.2837484,51.56533],[-0.2831959,51.5649887],[-0.2825952,51.5646537],[-0.2822338,51.5644816],[-0.2819239,51.5643511],[-0.2816524,51.5642446],[-0.2809809,51.5640162],[-0.28069,51.5639141],[-0.2794057,51.5634586],[-0.27919596531508484,51.56338423144165]]},"properties":{"id":"940GZZLUKBY-940GZZLUWYP-Jubilee","source":"940GZZLUKBY","target":"940GZZLUWYP","sourceName":"Kingsbury","targetName":"Wembley Park","line":"Jubilee","colour":"#A0A5A9","color":"#A0A5A9","traffic":0.1469,"off9":0.0,"off12":0.0,"off14":0.0},"id":645},{"type":"Feature","geometry":{"type":"LineString","coordinates":[[-0.2786007758381376,51.58478491247277],[-0.2783952,51.5854323],[-0.2783548,51.5857045],[-0.2783323,51.5862341],[-0.278445,51.5869938],[-0.2785595,51.5873792],[-0.278678,51.5877391],[-0.2788362,51.5881597],[-0.2790531,51.5885697],[-0.2792322,51.5888267],[-0.2794441,51.5890968],[-0.279572,51.5892602],[-0.2798096,51.5895246],[-0.2801641,51.5898908],[-0.2805313,51.590282],[-0.28122,51.59102],[-0.2815333,51.591354],[-0.2819014,51.5917376],[-0.2821344,51.5919566],[-0.2825908,51.592341],[-0.2828516,51.5925326],[-0.2831364,51.5927201],[-0.2833875,51.5928774],[-0.2836499,51.5930266],[-0.2844005,51.593401],[-0.2847742,51.593568],[-0.2854947,51.5938767],[-0.2857306,51.5939778],[-0.2861855,51.5941727],[-0.28621936679184273,51.594187139730266]]},"properties":{"id":"940GZZLUKBY-940GZZLUQBY-Jubilee","source":"940GZZLUKBY","target":"940GZZLUQBY","sourceName":"Kingsbury","targetName":"Queensbury","line":"Jubilee","colour":"#A0A5A9","color":"#A0A5A9","traffic":0.0311,"off9":0.0,"off12":0.0,"off14":0.0},"id":646},{"type":"Feature","geometry":{"type":"LineString","coordinates":[[-0.2103896731751808,51.51744319387536],[-0.2102343,51.5174787],[-0.2099036,51.5175552],[-0.2093664,51.5176804],[-0.2089374,51.5177855],[-0.2085306,51.5178972],[-0.2083256,51.5179667],[-0.2081685,51.5180188],[-0.2080211,51.5180738],[-0.2077771,51.5181732],[-0.2075441,51.5182773],[-0.2073882,51.5183444],[-0.2072281,51.5184282],[-0.2070211,51.51853],[-0.2068642,51.518628],[-0.2066782,51.5187313],[-0.2060856,51.5191172],[-0.2058217,51.5193291],[-0.2055497,51.5195429],[-0.2051377,51.5198784],[-0.204915,51.5200311],[-0.2046442,51.5202279],[-0.2045025,51.5203233],[-0.2043269,51.5204285],[-0.2041384,51.520522],[-0.203873,51.520632],[-0.2035949,51.5207375],[-0.2033514,51.5208167],[-0.2031796,51.5208608],[-0.2029372,51.5209127],[-0.2027427,51.5209458],[-0.2025387,51.5209719],[-0.2022948,51.5209913],[-0.2021131,51.5209989],[-0.2018918,51.5210018],[-0.20169,51.5209993],[-0.2014829,51.520991],[-0.2012209,51.5209715],[-0.20108463689723577,51.520954313045834]]},"properties":{"id":"940GZZLULAD-940GZZLUWSP-Circle","source":"940GZZLULAD","target":"940GZZLUWSP","sourceName":"Ladbroke Grove","targetName":"Westbourne Park","line":"Circle","colour":"#FFD300","color":"#FFD300","traffic":0.1325,"off9":3.0,"off12":7.0,"off14":12.0},"id":647},{"type":"Feature","geometry":{"type":"LineString","coordinates":[[-0.2103896731751808,51.51744319387536],[-0.2102343,51.5174787],[-0.2099036,51.5175552],[-0.2093664,51.5176804],[-0.2089374,51.5177855],[-0.2085306,51.5178972],[-0.2083256,51.5179667],[-0.2081685,51.5180188],[-0.2080211,51.5180738],[-0.2077771,51.5181732],[-0.2075441,51.5182773],[-0.2073882,51.5183444],[-0.2072281,51.5184282],[-0.2070211,51.51853],[-0.2068642,51.518628],[-0.2066782,51.5187313],[-0.2060856,51.5191172],[-0.2058217,51.5193291],[-0.2055497,51.5195429],[-0.2051377,51.5198784],[-0.204915,51.5200311],[-0.2046442,51.5202279],[-0.2045025,51.5203233],[-0.2043269,51.5204285],[-0.2041384,51.520522],[-0.203873,51.520632],[-0.2035949,51.5207375],[-0.2033514,51.5208167],[-0.2031796,51.5208608],[-0.2029372,51.5209127],[-0.2027427,51.5209458],[-0.2025387,51.5209719],[-0.2022948,51.5209913],[-0.2021131,51.5209989],[-0.2018918,51.5210018],[-0.20169,51.5209993],[-0.2014829,51.520991],[-0.2012209,51.5209715],[-0.20108463689723577,51.520954313045834]]},"properties":{"id":"940GZZLULAD-940GZZLUWSP-Hammersmith & City","source":"940GZZLULAD","target":"940GZZLUWSP","sourceName":"Ladbroke Grove","targetName":"Westbourne Park","line":"Hammersmith & City","colour":"#F3A9BB","color":"#F3A9BB","traffic":0.1325,"off9":0.0,"off12":0.0,"off14":0.0},"id":648},{"type":"Feature","geometry":{"type":"LineString","coordinates":[[-0.21038075535903325,51.517403083341314],[-0.2112856,51.5172012],[-0.2116905,51.517109],[-0.2119473,51.5170422],[-0.2124264,51.5168958],[-0.2128168,51.5167463],[-0.2132316,51.5165454],[-0.2134296,51.5164547],[-0.2137063,51.5163171],[-0.2139766,51.5161769],[-0.2142093,51.5160419],[-0.2143948,51.5159285],[-0.2146054,51.5157844],[-0.2150004,51.5154922],[-0.2153452,51.5152372],[-0.2159917,51.5147839],[-0.2174641,51.5136856],[-0.2178213844334262,51.513418998350026]]},"properties":{"id":"940GZZLULAD-940GZZLULRD-Circle","source":"940GZZLULAD","target":"940GZZLULRD","sourceName":"Ladbroke Grove","targetName":"Latimer Road","line":"Circle","colour":"#FFD300","color":"#FFD300","traffic":0.076,"off9":3.0,"off12":7.0,"off14":12.0},"id":649},{"type":"Feature","geometry":{"type":"LineString","coordinates":[[-0.21038075535903325,51.517403083341314],[-0.2112856,51.5172012],[-0.2116905,51.517109],[-0.2119473,51.5170422],[-0.2124264,51.5168958],[-0.2128168,51.5167463],[-0.2132316,51.5165454],[-0.2134296,51.5164547],[-0.2137063,51.5163171],[-0.2139766,51.5161769],[-0.2142093,51.5160419],[-0.2143948,51.5159285],[-0.2146054,51.5157844],[-0.2150004,51.5154922],[-0.2153452,51.5152372],[-0.2159917,51.5147839],[-0.2174641,51.5136856],[-0.2178213844334262,51.513418998350026]]},"properties":{"id":"940GZZLULAD-940GZZLULRD-Hammersmith & City","source":"940GZZLULAD","target":"940GZZLULRD","sourceName":"Ladbroke Grove","targetName":"Latimer Road","line":"Hammersmith & City","colour":"#F3A9BB","color":"#F3A9BB","traffic":0.076,"off9":0.0,"off12":0.0,"off14":0.0},"id":650},{"type":"Feature","geometry":{"type":"LineString","coordinates":[[-0.20108463689723577,51.520954313045834],[-0.2012209,51.5209715],[-0.2014829,51.520991],[-0.20169,51.5209993],[-0.2018918,51.5210018],[-0.2021131,51.5209989],[-0.2022948,51.5209913],[-0.2025387,51.5209719],[-0.2027427,51.5209458],[-0.2029372,51.5209127],[-0.2031796,51.5208608],[-0.2033514,51.5208167],[-0.2035949,51.5207375],[-0.203873,51.520632],[-0.2041384,51.520522],[-0.2043269,51.5204285],[-0.2045025,51.5203233],[-0.2046442,51.5202279],[-0.204915,51.5200311],[-0.2051377,51.5198784],[-0.2055497,51.5195429],[-0.2058217,51.5193291],[-0.2060856,51.5191172],[-0.2066782,51.5187313],[-0.2068642,51.518628],[-0.2070211,51.51853],[-0.2072281,51.5184282],[-0.2073882,51.5183444],[-0.2075441,51.5182773],[-0.2077771,51.5181732],[-0.2080211,51.5180738],[-0.2081685,51.5180188],[-0.2083256,51.5179667],[-0.2085306,51.5178972],[-0.2089374,51.5177855],[-0.2093664,51.5176804],[-0.2099036,51.5175552],[-0.2102343,51.5174787],[-0.2103896731751808,51.51744319387536]]},"properties":{"id":"940GZZLUWSP-940GZZLULAD-Circle","source":"940GZZLUWSP","target":"940GZZLULAD","sourceName":"Westbourne Park","targetName":"Ladbroke Grove","line":"Circle","colour":"#FFD300","color":"#FFD300","traffic":0.0879,"off9":3.0,"off12":7.0,"off14":12.0},"id":651},{"type":"Feature","geometry":{"type":"LineString","coordinates":[[-0.20108463689723577,51.520954313045834],[-0.2012209,51.5209715],[-0.2014829,51.520991],[-0.20169,51.5209993],[-0.2018918,51.5210018],[-0.2021131,51.5209989],[-0.2022948,51.5209913],[-0.2025387,51.5209719],[-0.2027427,51.5209458],[-0.2029372,51.5209127],[-0.2031796,51.5208608],[-0.2033514,51.5208167],[-0.2035949,51.5207375],[-0.203873,51.520632],[-0.2041384,51.520522],[-0.2043269,51.5204285],[-0.2045025,51.5203233],[-0.2046442,51.5202279],[-0.204915,51.5200311],[-0.2051377,51.5198784],[-0.2055497,51.5195429],[-0.2058217,51.5193291],[-0.2060856,51.5191172],[-0.2066782,51.5187313],[-0.2068642,51.518628],[-0.2070211,51.51853],[-0.2072281,51.5184282],[-0.2073882,51.5183444],[-0.2075441,51.5182773],[-0.2077771,51.5181732],[-0.2080211,51.5180738],[-0.2081685,51.5180188],[-0.2083256,51.5179667],[-0.2085306,51.5178972],[-0.2089374,51.5177855],[-0.2093664,51.5176804],[-0.2099036,51.5175552],[-0.2102343,51.5174787],[-0.2103896731751808,51.51744319387536]]},"properties":{"id":"940GZZLUWSP-940GZZLULAD-Hammersmith & City","source":"940GZZLUWSP","target":"940GZZLULAD","sourceName":"Westbourne Park","targetName":"Ladbroke Grove","line":"Hammersmith & City","colour":"#F3A9BB","color":"#F3A9BB","traffic":0.0879,"off9":0.0,"off12":0.0,"off14":0.0},"id":652},{"type":"Feature","geometry":{"type":"LineString","coordinates":[[-0.20108463689723577,51.520954313045834],[-0.2010219,51.5209464],[-0.2008533,51.5209213],[-0.2007514,51.5209016],[-0.2004297,51.5208393],[-0.1998315,51.5206931],[-0.1982123,51.5202925],[-0.1974979,51.5201421],[-0.19627,51.519893],[-0.195848,51.5198112],[-0.1954957,51.5197601],[-0.1951411,51.5197246],[-0.1950131,51.5197163],[-0.193703,51.5196563],[-0.1933788,51.5196289],[-0.1901496,51.5193123],[-0.1894618,51.519246],[-0.1887418607555352,51.51917796150113]]},"properties":{"id":"940GZZLUWSP-940GZZLURYO-Circle","source":"940GZZLUWSP","target":"940GZZLURYO","sourceName":"Westbourne Park","targetName":"Royal Oak","line":"Circle","colour":"#FFD300","color":"#FFD300","traffic":0.1496,"off9":3.0,"off12":7.0,"off14":12.0},"id":653},{"type":"Feature","geometry":{"type":"LineString","coordinates":[[-0.20108463689723577,51.520954313045834],[-0.2010219,51.5209464],[-0.2008533,51.5209213],[-0.2007514,51.5209016],[-0.2004297,51.5208393],[-0.1998315,51.5206931],[-0.1982123,51.5202925],[-0.1974979,51.5201421],[-0.19627,51.519893],[-0.195848,51.5198112],[-0.1954957,51.5197601],[-0.1951411,51.5197246],[-0.1950131,51.5197163],[-0.193703,51.5196563],[-0.1933788,51.5196289],[-0.1901496,51.5193123],[-0.1894618,51.519246],[-0.1887418607555352,51.51917796150113]]},"properties":{"id":"940GZZLUWSP-940GZZLURYO-Hammersmith & City","source":"940GZZLUWSP","target":"940GZZLURYO","sourceName":"Westbourne Park","targetName":"Royal Oak","line":"Hammersmith & City","colour":"#F3A9BB","color":"#F3A9BB","traffic":0.1496,"off9":0.0,"off12":0.0,"off14":0.0},"id":654},{"type":"Feature","geometry":{"type":"LineString","coordinates":[[-0.2178213844334262,51.513418998350026],[-0.2174641,51.5136856],[-0.2159917,51.5147839],[-0.2153452,51.5152372],[-0.2150004,51.5154922],[-0.2146054,51.5157844],[-0.2143948,51.5159285],[-0.2142093,51.5160419],[-0.2139766,51.5161769],[-0.2137063,51.5163171],[-0.2134296,51.5164547],[-0.2132316,51.5165454],[-0.2128168,51.5167463],[-0.2124264,51.5168958],[-0.2119473,51.5170422],[-0.2116905,51.517109],[-0.2112856,51.5172012],[-0.21038075535903325,51.517403083341314]]},"properties":{"id":"940GZZLULRD-940GZZLULAD-Circle","source":"940GZZLULRD","target":"940GZZLULAD","sourceName":"Latimer Road","targetName":"Ladbroke Grove","line":"Circle","colour":"#FFD300","color":"#FFD300","traffic":0.1174,"off9":3.0,"off12":7.0,"off14":12.0},"id":655},{"type":"Feature","geometry":{"type":"LineString","coordinates":[[-0.2178213844334262,51.513418998350026],[-0.2174641,51.5136856],[-0.2159917,51.5147839],[-0.2153452,51.5152372],[-0.2150004,51.5154922],[-0.2146054,51.5157844],[-0.2143948,51.5159285],[-0.2142093,51.5160419],[-0.2139766,51.5161769],[-0.2137063,51.5163171],[-0.2134296,51.5164547],[-0.2132316,51.5165454],[-0.2128168,51.5167463],[-0.2124264,51.5168958],[-0.2119473,51.5170422],[-0.2116905,51.517109],[-0.2112856,51.5172012],[-0.21038075535903325,51.517403083341314]]},"properties":{"id":"940GZZLULRD-940GZZLULAD-Hammersmith & City","source":"940GZZLULRD","target":"940GZZLULAD","sourceName":"Latimer Road","targetName":"Ladbroke Grove","line":"Hammersmith & City","colour":"#F3A9BB","color":"#F3A9BB","traffic":0.1174,"off9":0.0,"off12":0.0,"off14":0.0},"id":656},{"type":"Feature","geometry":{"type":"LineString","coordinates":[[-0.21785323789704,51.513461710271244],[-0.2186391,51.5128755],[-0.2189659,51.5126459],[-0.2190704,51.5125725],[-0.21943,51.512309],[-0.2197072,51.5121042],[-0.2198831,51.5119934],[-0.22024,51.5117755],[-0.2203473,51.5117186],[-0.220647,51.5115713],[-0.2208994,51.5114431],[-0.2212564,51.5112638],[-0.2215073,51.511153],[-0.2218699,51.5110164],[-0.2222458,51.5108712],[-0.2224477,51.5107935],[-0.2226448,51.5107077],[-0.2228192,51.5106244],[-0.2229767,51.5105542],[-0.2231676,51.5104598],[-0.2234442,51.5103107],[-0.2236342,51.5102021],[-0.2238362,51.5100783],[-0.2240127,51.5099533],[-0.2241983,51.5098246],[-0.2242631,51.5097803],[-0.2243832,51.5096934],[-0.22448356168145017,51.50961184967388]]},"properties":{"id":"940GZZLULRD-940GZZLUWLA-Circle","source":"940GZZLULRD","target":"940GZZLUWLA","sourceName":"Latimer Road","targetName":"Wood Lane","line":"Circle","colour":"#FFD300","color":"#FFD300","traffic":0.0691,"off9":3.0,"off12":7.0,"off14":12.0},"id":657},{"type":"Feature","geometry":{"type":"LineString","coordinates":[[-0.21785323789704,51.513461710271244],[-0.2186391,51.5128755],[-0.2189659,51.5126459],[-0.2190704,51.5125725],[-0.21943,51.512309],[-0.2197072,51.5121042],[-0.2198831,51.5119934],[-0.22024,51.5117755],[-0.2203473,51.5117186],[-0.220647,51.5115713],[-0.2208994,51.5114431],[-0.2212564,51.5112638],[-0.2215073,51.511153],[-0.2218699,51.5110164],[-0.2222458,51.5108712],[-0.2224477,51.5107935],[-0.2226448,51.5107077],[-0.2228192,51.5106244],[-0.2229767,51.5105542],[-0.2231676,51.5104598],[-0.2234442,51.5103107],[-0.2236342,51.5102021],[-0.2238362,51.5100783],[-0.2240127,51.5099533],[-0.2241983,51.5098246],[-0.2242631,51.5097803],[-0.2243832,51.5096934],[-0.22448356168145017,51.50961184967388]]},"properties":{"id":"940GZZLULRD-940GZZLUWLA-Hammersmith & City","source":"940GZZLULRD","target":"940GZZLUWLA","sourceName":"Latimer Road","targetName":"Wood Lane","line":"Hammersmith & City","colour":"#F3A9BB","color":"#F3A9BB","traffic":0.0691,"off9":0.0,"off12":0.0,"off14":0.0},"id":658},{"type":"Feature","geometry":{"type":"LineString","coordinates":[[-0.17549696703676507,51.51174453626502],[-0.1758979,51.5116893],[-0.1807526,51.5109047],[-0.1820723,51.5107047],[-0.1827631,51.5106225],[-0.1836099,51.5105634],[-0.1851883,51.5104661],[-0.1862178,51.5103736],[-0.18715157522625847,51.510306121897585]]},"properties":{"id":"940GZZLULGT-940GZZLUQWY-Central","source":"940GZZLULGT","target":"940GZZLUQWY","sourceName":"Lancaster Gate","targetName":"Queensway","line":"Central","colour":"#E32017","color":"#E32017","traffic":0.3171,"off9":0.0,"off12":0.0,"off14":0.0},"id":659},{"type":"Feature","geometry":{"type":"LineString","coordinates":[[-0.17549696703676507,51.51174453626502],[-0.1751089,51.511798],[-0.1744145,51.5118857],[-0.1648508,51.5127931],[-0.1635054,51.5129515],[-0.1599518,51.5133203],[-0.1591481,51.5134186],[-0.15895558357665918,51.513443764882325]]},"properties":{"id":"940GZZLULGT-940GZZLUMBA-Central","source":"940GZZLULGT","target":"940GZZLUMBA","sourceName":"Lancaster Gate","targetName":"Marble Arch","line":"Central","colour":"#E32017","color":"#E32017","traffic":0.5317,"off9":0.0,"off12":0.0,"off14":0.0},"id":660},{"type":"Feature","geometry":{"type":"LineString","coordinates":[[-0.18715157522625847,51.510306121897585],[-0.1862178,51.5103736],[-0.1851883,51.5104661],[-0.1836099,51.5105634],[-0.1827631,51.5106225],[-0.1820723,51.5107047],[-0.1807526,51.5109047],[-0.1758979,51.5116893],[-0.17549696703676507,51.51174453626502]]},"properties":{"id":"940GZZLUQWY-940GZZLULGT-Central","source":"940GZZLUQWY","target":"940GZZLULGT","sourceName":"Queensway","targetName":"Lancaster Gate","line":"Central","colour":"#E32017","color":"#E32017","traffic":0.4961,"off9":0.0,"off12":0.0,"off14":0.0},"id":661},{"type":"Feature","geometry":{"type":"LineString","coordinates":[[-0.18715157522625847,51.510306121897585],[-0.1872612,51.5102982],[-0.1883414,51.5102128],[-0.1894032,51.510156],[-0.1909204,51.5100554],[-0.1913878,51.5100218],[-0.1918505,51.5099767],[-0.1923263,51.5098969],[-0.1928388,51.5097999],[-0.1944374,51.5094934],[-0.1954381,51.50933],[-0.1957442,51.509265],[-0.1960617,51.5091865],[-0.19611485659798505,51.50917393720125]]},"properties":{"id":"940GZZLUQWY-940GZZLUNHG-Central","source":"940GZZLUQWY","target":"940GZZLUNHG","sourceName":"Queensway","targetName":"Notting Hill Gate","line":"Central","colour":"#E32017","color":"#E32017","traffic":0.2925,"off9":0.0,"off12":0.0,"off14":0.0},"id":662},{"type":"Feature","geometry":{"type":"LineString","coordinates":[[-0.22448356168145017,51.50961184967388],[-0.2243832,51.5096934],[-0.2242631,51.5097803],[-0.2241983,51.5098246],[-0.2240127,51.5099533],[-0.2238362,51.5100783],[-0.2236342,51.5102021],[-0.2234442,51.5103107],[-0.2231676,51.5104598],[-0.2229767,51.5105542],[-0.2228192,51.5106244],[-0.2226448,51.5107077],[-0.2224477,51.5107935],[-0.2222458,51.5108712],[-0.2218699,51.5110164],[-0.2215073,51.511153],[-0.2212564,51.5112638],[-0.2208994,51.5114431],[-0.220647,51.5115713],[-0.2203473,51.5117186],[-0.22024,51.5117755],[-0.2198831,51.5119934],[-0.2197072,51.5121042],[-0.21943,51.512309],[-0.2190704,51.5125725],[-0.2189659,51.5126459],[-0.2186391,51.5128755],[-0.21785323789704,51.513461710271244]]},"properties":{"id":"940GZZLUWLA-940GZZLULRD-Circle","source":"940GZZLUWLA","target":"940GZZLULRD","sourceName":"Wood Lane","targetName":"Latimer Road","line":"Circle","colour":"#FFD300","color":"#FFD300","traffic":0.1129,"off9":3.0,"off12":7.0,"off14":12.0},"id":663},{"type":"Feature","geometry":{"type":"LineString","coordinates":[[-0.22448356168145017,51.50961184967388],[-0.2243832,51.5096934],[-0.2242631,51.5097803],[-0.2241983,51.5098246],[-0.2240127,51.5099533],[-0.2238362,51.5100783],[-0.2236342,51.5102021],[-0.2234442,51.5103107],[-0.2231676,51.5104598],[-0.2229767,51.5105542],[-0.2228192,51.5106244],[-0.2226448,51.5107077],[-0.2224477,51.5107935],[-0.2222458,51.5108712],[-0.2218699,51.5110164],[-0.2215073,51.511153],[-0.2212564,51.5112638],[-0.2208994,51.5114431],[-0.220647,51.5115713],[-0.2203473,51.5117186],[-0.22024,51.5117755],[-0.2198831,51.5119934],[-0.2197072,51.5121042],[-0.21943,51.512309],[-0.2190704,51.5125725],[-0.2189659,51.5126459],[-0.2186391,51.5128755],[-0.21785323789704,51.513461710271244]]},"properties":{"id":"940GZZLUWLA-940GZZLULRD-Hammersmith & City","source":"940GZZLUWLA","target":"940GZZLULRD","sourceName":"Wood Lane","targetName":"Latimer Road","line":"Hammersmith & City","colour":"#F3A9BB","color":"#F3A9BB","traffic":0.1129,"off9":0.0,"off12":0.0,"off14":0.0},"id":664},{"type":"Feature","geometry":{"type":"LineString","coordinates":[[-0.22448356168145017,51.50961184967388],[-0.2245774,51.5095356],[-0.2247485,51.5093878],[-0.2249238,51.5092162],[-0.2250738,51.5090645],[-0.2252131,51.5089095],[-0.2253615,51.5087284],[-0.2254957,51.5085438],[-0.2256157,51.5083681],[-0.2256958,51.5082313],[-0.2257923,51.5080614],[-0.2258332,51.507955],[-0.2259226,51.507776],[-0.2260058,51.5075493],[-0.226078,51.507328],[-0.2261503,51.5070114],[-0.2261794,51.5068751],[-0.2264042,51.5058223],[-0.22645117590897748,51.505594724130006]]},"properties":{"id":"940GZZLUWLA-940GZZLUSBM-Circle","source":"940GZZLUWLA","target":"940GZZLUSBM","sourceName":"Wood Lane","targetName":"Shepherds Bush Market","line":"Circle","colour":"#FFD300","color":"#FFD300","traffic":0.0594,"off9":3.0,"off12":7.0,"off14":12.0},"id":665},{"type":"Feature","geometry":{"type":"LineString","coordinates":[[-0.22448356168145017,51.50961184967388],[-0.2245774,51.5095356],[-0.2247485,51.5093878],[-0.2249238,51.5092162],[-0.2250738,51.5090645],[-0.2252131,51.5089095],[-0.2253615,51.5087284],[-0.2254957,51.5085438],[-0.2256157,51.5083681],[-0.2256958,51.5082313],[-0.2257923,51.5080614],[-0.2258332,51.507955],[-0.2259226,51.507776],[-0.2260058,51.5075493],[-0.226078,51.507328],[-0.2261503,51.5070114],[-0.2261794,51.5068751],[-0.2264042,51.5058223],[-0.22645117590897748,51.505594724130006]]},"properties":{"id":"940GZZLUWLA-940GZZLUSBM-Hammersmith & City","source":"940GZZLUWLA","target":"940GZZLUSBM","sourceName":"Wood Lane","targetName":"Shepherds Bush Market","line":"Hammersmith & City","colour":"#F3A9BB","color":"#F3A9BB","traffic":0.0594,"off9":0.0,"off12":0.0,"off14":0.0},"id":666},{"type":"Feature","geometry":{"type":"LineString","coordinates":[[-0.00552375934364764,51.556590179581214],[-0.0059969,51.5562856],[-0.0063261,51.5560568],[-0.0066488,51.5557879],[-0.0069606,51.5555006],[-0.0071475,51.5553175],[-0.0073211,51.5551284],[-0.0075453,51.5548455],[-0.0076792,51.5546249],[-0.0077618,51.5544469],[-0.007838,51.5542441],[-0.0078966,51.5540392],[-0.0079471,51.5537817],[-0.0079613,51.5535259],[-0.0079561,51.5533238],[-0.0079353,51.5531471],[-0.007897,51.5529701],[-0.007838,51.5527981],[-0.0077552,51.5525842],[-0.0076504,51.5523554],[-0.0075477,51.5521933],[-0.0074349,51.5520271],[-0.0072406,51.5517237],[-0.0070567,51.5515001],[-0.0067122,51.5511586],[-0.0060406,51.5507043],[-0.0055185,51.5503907],[-0.0049962,51.5501095],[-0.0043802,51.5498503],[-0.0029947,51.5493609],[-0.0021744,51.549037],[-0.0016415,51.548779],[-0.0010464,51.5484733],[-0.0005629,51.548152],[-0.0002141,51.5478488],[5.43e-05,51.5475376],[0.0003831,51.5471021],[0.0005869,51.5467401],[0.0007336,51.5463874],[0.0008286,51.5460716],[0.000873,51.5457775],[0.0008571,51.5454095],[0.0007671,51.5451339],[0.0005434,51.5447718],[0.0002495,51.5444453],[-5.86e-05,51.5441455],[-0.000369,51.5438925],[-0.0006836,51.5436581],[-0.0013824,51.5431486],[-0.0017776,51.542871],[-0.0025139,51.5423673],[-0.0028352,51.5421595],[-0.0029603,51.5420789],[-0.003435360730972517,51.54177106263118]]},"properties":{"id":"940GZZLULYN-940GZZLUSTD-Central","source":"940GZZLULYN","target":"940GZZLUSTD","sourceName":"Leyton","targetName":"Stratford","line":"Central","colour":"#E32017","color":"#E32017","traffic":0.7394,"off9":0.0,"off12":0.0,"off14":0.0},"id":667},{"type":"Feature","geometry":{"type":"LineString","coordinates":[[-0.00552375934364764,51.556590179581214],[-0.0054953,51.5566085],[-0.0042132,51.5574277],[0.0006971,51.5605606],[0.0017582,51.5612476],[0.003901,51.562966],[0.0046343,51.5636357],[0.0053472,51.5644468],[0.0060507,51.5653181],[0.0075527,51.5675265],[0.0079447,51.5680347],[0.00818536833901886,51.568331010772816]]},"properties":{"id":"940GZZLULYN-940GZZLULYS-Central","source":"940GZZLULYN","target":"940GZZLULYS","sourceName":"Leyton","targetName":"Leytonstone","line":"Central","colour":"#E32017","color":"#E32017","traffic":0.093,"off9":0.0,"off12":0.0,"off14":0.0},"id":668},{"type":"Feature","geometry":{"type":"LineString","coordinates":[[-0.0017409,51.5388773],[-0.0016586,51.5387638],[-0.0015222,51.5385889],[-0.0011579,51.5382499],[-0.0008495,51.5380252],[-0.0007809,51.537973],[-0.0006064,51.5378396],[-0.0005106,51.5377768],[-0.0003972,51.5376921],[-0.0002674,51.5375972],[-0.0001219,51.5374712],[4.71e-05,51.537325],[0.0002146,51.5371715],[0.0003898,51.5369928],[0.0005178,51.5368569],[0.0006811,51.5366638],[0.000753,51.5365727],[0.0012608,51.5358011],[0.0016099,51.5353892],[0.0017413,51.5351733],[0.0018714,51.5349444],[0.0021184,51.5344206],[0.0022402,51.5341601],[0.0023818,51.5338801],[0.0025159,51.5336446],[0.0026599,51.5334297],[0.0030134,51.5330076],[0.0032844,51.5326895],[0.0034855,51.5324467],[0.0036239,51.5322651],[0.0037233,51.5321195],[0.0038211,51.5319226],[0.0039332,51.5317142],[0.0040288,51.5315131],[0.0040987,51.5313669],[0.0041516,51.5312289],[0.004186,51.5311306],[0.0042175,51.5309853],[0.0042388,51.5308031],[0.0042307,51.5306072],[0.0042013,51.5304213],[0.00415,51.5302109],[0.0040884,51.530023],[0.0040364,51.5298528],[0.0040062,51.5296365],[0.0040124,51.5295569],[0.0040173,51.5294128],[0.0040273,51.5293128],[0.0040515,51.5292173],[0.0040944,51.5290504],[0.0041126,51.528988],[0.0041292,51.5289156],[0.0041478,51.528822],[0.0041573,51.5287195],[0.0041774,51.5285802],[0.0041847,51.5283402],[0.004191164069521686,51.528111576067445]]},"properties":{"id":"940GZZLUSTD-940GZZLUWHM-Jubilee","source":"940GZZLUSTD","target":"940GZZLUWHM","sourceName":"Stratford","targetName":"West Ham","line":"Jubilee","colour":"#A0A5A9","color":"#A0A5A9","traffic":0.2311,"off9":0.0,"off12":0.0,"off14":0.0},"id":669},{"type":"Feature","geometry":{"type":"LineString","coordinates":[[-0.003349238398609615,51.54165149120975],[-0.0036065,51.5414704],[-0.0037561,51.5413676],[-0.0039011,51.5412626],[-0.004052,51.5411529],[-0.0042757,51.5409798],[-0.0044812,51.540822],[-0.0046177,51.540715],[-0.0047724,51.5405949],[-0.0049118,51.5404888],[-0.0051007,51.5403498],[-0.0053184,51.5401965],[-0.0062728,51.5395549],[-0.007147,51.5387474],[-0.0087029,51.5372052],[-0.0114465,51.5355895],[-0.0120531,51.5352549],[-0.0148648,51.533704],[-0.0165789,51.5327131],[-0.0171621,51.5323176],[-0.0180857,51.5316914],[-0.0217992,51.5288102],[-0.0232058,51.5281192],[-0.0246765,51.5273737],[-0.0254063,51.5271195],[-0.0265765,51.526757],[-0.0279743,51.5263796],[-0.0324542,51.5254409],[-0.033369,51.5252369],[-0.033651454899382593,51.525171387119165]]},"properties":{"id":"940GZZLUSTD-940GZZLUMED-Central","source":"940GZZLUSTD","target":"940GZZLUMED","sourceName":"Stratford","targetName":"Mile End","line":"Central","colour":"#E32017","color":"#E32017","traffic":0.8307,"off9":0.0,"off12":0.0,"off14":0.0},"id":670},{"type":"Feature","geometry":{"type":"LineString","coordinates":[[-0.003435360730972517,51.54177106263118],[-0.0029603,51.5420789],[-0.0028352,51.5421595],[-0.0025139,51.5423673],[-0.0017776,51.542871],[-0.0013824,51.5431486],[-0.0006836,51.5436581],[-0.000369,51.5438925],[-5.86e-05,51.5441455],[0.0002495,51.5444453],[0.0005434,51.5447718],[0.0007671,51.5451339],[0.0008571,51.5454095],[0.000873,51.5457775],[0.0008286,51.5460716],[0.0007336,51.5463874],[0.0005869,51.5467401],[0.0003831,51.5471021],[5.43e-05,51.5475376],[-0.0002141,51.5478488],[-0.0005629,51.548152],[-0.0010464,51.5484733],[-0.0016415,51.548779],[-0.0021744,51.549037],[-0.0029947,51.5493609],[-0.0043802,51.5498503],[-0.0049962,51.5501095],[-0.0055185,51.5503907],[-0.0060406,51.5507043],[-0.0067122,51.5511586],[-0.0070567,51.5515001],[-0.0072406,51.5517237],[-0.0074349,51.5520271],[-0.0075477,51.5521933],[-0.0076504,51.5523554],[-0.0077552,51.5525842],[-0.007838,51.5527981],[-0.007897,51.5529701],[-0.0079353,51.5531471],[-0.0079561,51.5533238],[-0.0079613,51.5535259],[-0.0079471,51.5537817],[-0.0078966,51.5540392],[-0.007838,51.5542441],[-0.0077618,51.5544469],[-0.0076792,51.5546249],[-0.0075453,51.5548455],[-0.0073211,51.5551284],[-0.0071475,51.5553175],[-0.0069606,51.5555006],[-0.0066488,51.5557879],[-0.0063261,51.5560568],[-0.0059969,51.5562856],[-0.00552375934364764,51.556590179581214]]},"properties":{"id":"940GZZLUSTD-940GZZLULYN-Central","source":"940GZZLUSTD","target":"940GZZLULYN","sourceName":"Stratford","targetName":"Leyton","line":"Central","colour":"#E32017","color":"#E32017","traffic":0.1045,"off9":0.0,"off12":0.0,"off14":0.0},"id":671},{"type":"Feature","geometry":{"type":"LineString","coordinates":[[0.008304084147664722,51.56822144012236],[0.0083742,51.5682967],[0.0085731,51.5685401],[0.0090202,51.569034],[0.0094784,51.5695373],[0.0100092,51.5699673],[0.0103458,51.5702235],[0.0108884,51.5706077],[0.0113665,51.5709191],[0.0116625,51.5711111],[0.0118965,51.5712606],[0.0122777,51.5714566],[0.012509,51.5715606],[0.0127549,51.5716578],[0.0130047,51.5717063],[0.0136589,51.571822],[0.0166485,51.5720414],[0.0182797,51.572347],[0.0190589,51.5725278],[0.0200332,51.5728409],[0.0212262,51.5732358],[0.0238125,51.5740506],[0.028517022825015975,51.575532670456184]]},"properties":{"id":"940GZZLULYS-940GZZLUWSD-Central","source":"940GZZLULYS","target":"940GZZLUWSD","sourceName":"Leytonstone","targetName":"Wanstead","line":"Central","colour":"#E32017","color":"#E32017","traffic":0.0336,"off9":0.0,"off12":0.0,"off14":0.0},"id":672},{"type":"Feature","geometry":{"type":"LineString","coordinates":[[0.00820764806307663,51.56831159132057],[0.0084455,51.5685732],[0.0086356,51.5688001],[0.008895,51.5690637],[0.0094283,51.5695525],[0.0099947,51.5700124],[0.0102819,51.5702413],[0.0111927,51.5709212],[0.0117343,51.5712374],[0.0123412,51.5715686],[0.0135474,51.5722018],[0.0139859,51.5724463],[0.0153558,51.5731365],[0.0157571,51.5733861],[0.0162,51.5737004],[0.0168652,51.5744248],[0.0206475,51.5795046],[0.0206956,51.5795773],[0.021488565376644897,51.580641823570225]]},"properties":{"id":"940GZZLULYS-940GZZLUSNB-Central","source":"940GZZLULYS","target":"940GZZLUSNB","sourceName":"Leytonstone","targetName":"Snaresbrook","line":"Central","colour":"#E32017","color":"#E32017","traffic":0.0482,"off9":0.0,"off12":0.0,"off14":0.0},"id":673},{"type":"Feature","geometry":{"type":"LineString","coordinates":[[0.00818536833901886,51.568331010772816],[0.0079447,51.5680347],[0.0075527,51.5675265],[0.0060507,51.5653181],[0.0053472,51.5644468],[0.0046343,51.5636357],[0.003901,51.562966],[0.0017582,51.5612476],[0.0006971,51.5605606],[-0.0042132,51.5574277],[-0.0054953,51.5566085],[-0.00552375934364764,51.556590179581214]]},"properties":{"id":"940GZZLULYS-940GZZLULYN-Central","source":"940GZZLULYS","target":"940GZZLULYN","sourceName":"Leytonstone","targetName":"Leyton","line":"Central","colour":"#E32017","color":"#E32017","traffic":0.636,"off9":0.0,"off12":0.0,"off14":0.0},"id":674},{"type":"Feature","geometry":{"type":"LineString","coordinates":[[0.028517022825015975,51.575532670456184],[0.0286698,51.5755808],[0.0305552,51.5760362],[0.0321024,51.5762729],[0.034109,51.5765052],[0.0351507,51.5765814],[0.0361206,51.576627],[0.0371332,51.5766471],[0.0382457,51.5766163],[0.0394314,51.5765621],[0.0413652,51.5764461],[0.0435879,51.5763231],[0.045360525233687374,51.57625710852717]]},"properties":{"id":"940GZZLUWSD-940GZZLURBG-Central","source":"940GZZLUWSD","target":"940GZZLURBG","sourceName":"Wanstead","targetName":"Redbridge","line":"Central","colour":"#E32017","color":"#E32017","traffic":0.0312,"off9":0.0,"off12":0.0,"off14":0.0},"id":675},{"type":"Feature","geometry":{"type":"LineString","coordinates":[[0.028517022825015975,51.575532670456184],[0.0238125,51.5740506],[0.0212262,51.5732358],[0.0200332,51.5728409],[0.0190589,51.5725278],[0.0182797,51.572347],[0.0166485,51.5720414],[0.0136589,51.571822],[0.0130047,51.5717063],[0.0127549,51.5716578],[0.012509,51.5715606],[0.0122777,51.5714566],[0.0118965,51.5712606],[0.0116625,51.5711111],[0.0113665,51.5709191],[0.0108884,51.5706077],[0.0103458,51.5702235],[0.0100092,51.5699673],[0.0094784,51.5695373],[0.0090202,51.569034],[0.0085731,51.5685401],[0.0083742,51.5682967],[0.008304084147664722,51.56822144012236]]},"properties":{"id":"940GZZLUWSD-940GZZLULYS-Central","source":"940GZZLUWSD","target":"940GZZLULYS","sourceName":"Wanstead","targetName":"Leytonstone","line":"Central","colour":"#E32017","color":"#E32017","traffic":0.2649,"off9":0.0,"off12":0.0,"off14":0.0},"id":676},{"type":"Feature","geometry":{"type":"LineString","coordinates":[[0.021460195566638397,51.58066289882557],[0.0215088,51.5807279],[0.0216826,51.5809708],[0.0218392,51.581193],[0.0222591,51.581815],[0.0228586,51.5828555],[0.0240081,51.5845941],[0.0240461,51.5846516],[0.0241525,51.5848203],[0.0250065,51.5861896],[0.0255063,51.5870048],[0.026066,51.5880345],[0.0266158,51.5891512],[0.0270007,51.5901555],[0.0271282,51.5905956],[0.027431179758737954,51.59188510668123]]},"properties":{"id":"940GZZLUSNB-940GZZLUSWF-Central","source":"940GZZLUSNB","target":"940GZZLUSWF","sourceName":"Snaresbrook","targetName":"South Woodford","line":"Central","colour":"#E32017","color":"#E32017","traffic":0.0442,"off9":0.0,"off12":0.0,"off14":0.0},"id":677},{"type":"Feature","geometry":{"type":"LineString","coordinates":[[0.021488565376644897,51.580641823570225],[0.0206956,51.5795773],[0.0206475,51.5795046],[0.0168652,51.5744248],[0.0162,51.5737004],[0.0157571,51.5733861],[0.0153558,51.5731365],[0.0139859,51.5724463],[0.0135474,51.5722018],[0.0123412,51.5715686],[0.0117343,51.5712374],[0.0111927,51.5709212],[0.0102819,51.5702413],[0.0099947,51.5700124],[0.0094283,51.5695525],[0.008895,51.5690637],[0.0086356,51.5688001],[0.0084455,51.5685732],[0.00820764806307663,51.56831159132057]]},"properties":{"id":"940GZZLUSNB-940GZZLULYS-Central","source":"940GZZLUSNB","target":"940GZZLULYS","sourceName":"Snaresbrook","targetName":"Leytonstone","line":"Central","colour":"#E32017","color":"#E32017","traffic":0.2863,"off9":0.0,"off12":0.0,"off14":0.0},"id":678},{"type":"Feature","geometry":{"type":"LineString","coordinates":[[-0.10532962398266478,51.50438663269055],[-0.10492,51.5043818],[-0.1044218,51.5043472],[-0.1017021,51.5042158],[-0.100107,51.5041728],[-0.0984614,51.5042216],[-0.0940074,51.5043657],[-0.093468,51.5044325],[-0.092934,51.5045423],[-0.0912855,51.5049553],[-0.0901281,51.5051181],[-0.0891139,51.5051451],[-0.0888951164660216,51.50513681711679]]},"properties":{"id":"940GZZLUSWK-940GZZLULNB-Jubilee","source":"940GZZLUSWK","target":"940GZZLULNB","sourceName":"Southwark","targetName":"London Bridge","line":"Jubilee","colour":"#A0A5A9","color":"#A0A5A9","traffic":0.6109,"off9":0.0,"off12":0.0,"off14":0.0},"id":679},{"type":"Feature","geometry":{"type":"LineString","coordinates":[[-0.10532962398266478,51.50438663269055],[-0.1058778,51.5043931],[-0.1069129,51.5043981],[-0.1072311,51.5044028],[-0.1076259,51.504383],[-0.1086236,51.5042681],[-0.1099224,51.5039938],[-0.1113054,51.503733],[-0.1119968,51.5035934],[-0.1145713,51.5031065],[-0.11472241348790335,51.50306871209044]]},"properties":{"id":"940GZZLUSWK-940GZZLUWLO-Jubilee","source":"940GZZLUSWK","target":"940GZZLUWLO","sourceName":"Southwark","targetName":"Waterloo","line":"Jubilee","colour":"#A0A5A9","color":"#A0A5A9","traffic":0.7095,"off9":0.0,"off12":0.0,"off14":0.0},"id":680},{"type":"Feature","geometry":{"type":"LineString","coordinates":[[-0.18367028604920502,51.523399315222214],[-0.1835405,51.523292],[-0.1833309,51.5231385],[-0.1832366,51.5230715],[-0.1827127,51.5226954],[-0.1825966,51.5226003],[-0.1824651,51.5224649],[-0.1823427,51.5223652],[-0.180671,51.5212077],[-0.1792028,51.5202685],[-0.1789466,51.5200952],[-0.1787193,51.5199194],[-0.1785834,51.5198078],[-0.1784741,51.5197067],[-0.1783378,51.5195468],[-0.1782574,51.5194439],[-0.1781754,51.519335],[-0.1781036,51.5191964],[-0.1779502,51.5189383],[-0.1777912,51.518547],[-0.1777319,51.5184111],[-0.1776138,51.5182414],[-0.1773579,51.5179382],[-0.1772764,51.5178531],[-0.1769842,51.5175344],[-0.17683,51.517352],[-0.1767108,51.5171961],[-0.1765686,51.5170856],[-0.1762551,51.5169058],[-0.17570580789451923,51.51655470393812]]},"properties":{"id":"940GZZLUWKA-940GZZLUPAC-Bakerloo","source":"940GZZLUWKA","target":"940GZZLUPAC","sourceName":"Warwick Avenue","targetName":"Paddington","line":"Bakerloo","colour":"#B36305","color":"#B36305","traffic":0.2224,"off9":0.0,"off12":0.0,"off14":0.0},"id":681},{"type":"Feature","geometry":{"type":"LineString","coordinates":[[-0.18380132056562995,51.52324431437513],[-0.1838829,51.5233243],[-0.1840665,51.5236963],[-0.1841089,51.5240561],[-0.1841388,51.5245912],[-0.1840984,51.5252648],[-0.1839654,51.5257178],[-0.1838331,51.5260692],[-0.1835393,51.5266574],[-0.1833565,51.5270259],[-0.1832933,51.5273331],[-0.1833672,51.5275172],[-0.1834548,51.5276985],[-0.1835894,51.527856],[-0.1837539,51.5280177],[-0.1854141,51.5293607],[-0.18583275443413866,51.529678532027596]]},"properties":{"id":"940GZZLUWKA-940GZZLUMVL-Bakerloo","source":"940GZZLUWKA","target":"940GZZLUMVL","sourceName":"Warwick Avenue","targetName":"Maida Vale","line":"Bakerloo","colour":"#B36305","color":"#B36305","traffic":0.0669,"off9":0.0,"off12":0.0,"off14":0.0},"id":682},{"type":"Feature","geometry":{"type":"LineString","coordinates":[[-0.10284745638449504,51.59042673410297],[-0.1029773,51.5905153],[-0.1031196,51.5906131],[-0.1035033,51.5909524],[-0.1036621,51.591331],[-0.1036862,51.5916229],[-0.1037153,51.5918195],[-0.1039279,51.5922268],[-0.1059423,51.5940657],[-0.1063927,51.5944566],[-0.1076287,51.5955705],[-0.1083147,51.5961685],[-0.1089172,51.5966854],[-0.1097553,51.5974189],[-0.10986597556288374,51.59750479996284]]},"properties":{"id":"940GZZLUTPN-940GZZLUWOG-Piccadilly","source":"940GZZLUTPN","target":"940GZZLUWOG","sourceName":"Turnpike Lane","targetName":"Wood Green","line":"Piccadilly","colour":"#003688","color":"#003688","traffic":0.0643,"off9":-1.5,"off12":-3.5,"off14":-6.0},"id":683},{"type":"Feature","geometry":{"type":"LineString","coordinates":[[-0.10305179119563242,51.59015349923086],[-0.1029839,51.5900969],[-0.1028166,51.5899558],[-0.1027247,51.58988],[-0.1025763,51.5897577],[-0.1024818,51.5896783],[-0.1022093,51.5891181],[-0.1020112,51.5883971],[-0.1018093,51.5880165],[-0.1014922,51.5875428],[-0.1008304,51.5864335],[-0.1003143,51.5851425],[-0.1000445,51.5839832],[-0.0997978,51.5828975],[-0.0996416,51.5819491],[-0.0991269,51.5788326],[-0.099126,51.5788273],[-0.0991223,51.5788042],[-0.0989341,51.5776546],[-0.0988965,51.5775148],[-0.0988891,51.5774871],[-0.0988482,51.5773349],[-0.09879,51.5772215],[-0.0986551,51.5769585],[-0.0983805,51.5765888],[-0.0969761,51.5748426],[-0.096107,51.5737029],[-0.0958656,51.5734109],[-0.0956717,51.573107],[-0.0954735,51.5727032],[-0.095356,51.5723004],[-0.095341,51.5719177],[-0.0953954,51.5716246],[-0.0955271,51.5713272],[-0.0957272,51.5710518],[-0.09610810881764556,51.57072642077702]]},"properties":{"id":"940GZZLUTPN-940GZZLUMRH-Piccadilly","source":"940GZZLUTPN","target":"940GZZLUMRH","sourceName":"Turnpike Lane","targetName":"Manor House","line":"Piccadilly","colour":"#003688","color":"#003688","traffic":0.3699,"off9":-1.5,"off12":-3.5,"off14":-6.0},"id":684},{"type":"Feature","geometry":{"type":"LineString","coordinates":[[-0.046565803524206945,51.52171901392623],[-0.0467219,51.5216851],[-0.0502083,51.5210235],[-0.0514288,51.5207839],[-0.0541902,51.5202926],[-0.0546678,51.5202077],[-0.0566188,51.5198606],[-0.0578613,51.5196307],[-0.0581897,51.5196217],[-0.058463,51.5196499],[-0.0586674,51.5196764],[-0.0589072,51.5196923],[-0.0590935,51.5196967],[-0.0592221,51.5196976],[-0.0593666,51.5196898],[-0.0595785,51.5196714],[-0.0596786,51.5196639],[-0.0597982,51.5196486],[-0.059988568735378986,51.519613624116865]]},"properties":{"id":"940GZZLUSGN-940GZZLUWPL-Hammersmith & City","source":"940GZZLUSGN","target":"940GZZLUWPL","sourceName":"Stepney Green","targetName":"Whitechapel","line":"Hammersmith & City","colour":"#F3A9BB","color":"#F3A9BB","traffic":0.3751,"off9":0.0,"off12":0.0,"off14":0.0},"id":685},{"type":"Feature","geometry":{"type":"LineString","coordinates":[[-0.04656580352420692,51.52171901392623],[-0.0467219,51.5216851],[-0.0502083,51.5210235],[-0.0514288,51.5207839],[-0.0541902,51.5202926],[-0.0546678,51.5202077],[-0.0566188,51.5198606],[-0.0578613,51.5196307],[-0.0581897,51.5196217],[-0.058463,51.5196499],[-0.0586674,51.5196764],[-0.0589072,51.5196923],[-0.0590935,51.5196967],[-0.0592221,51.5196976],[-0.0593666,51.5196898],[-0.0595785,51.5196714],[-0.0596786,51.5196639],[-0.0597982,51.5196486],[-0.059988568735378986,51.519613624116865]]},"properties":{"id":"940GZZLUSGN-940GZZLUWPL-District","source":"940GZZLUSGN","target":"940GZZLUWPL","sourceName":"Stepney Green","targetName":"Whitechapel","line":"District","colour":"#00782A","color":"#00782A","traffic":0.3751,"off9":1.5,"off12":3.5,"off14":6.0},"id":686},{"type":"Feature","geometry":{"type":"LineString","coordinates":[[-0.046565803524206945,51.52171901392623],[-0.0454382,51.521964],[-0.0440392,51.5221456],[-0.0422882,51.5223058],[-0.0409493,51.5225621],[-0.0387262,51.5232884],[-0.0373896,51.5240708],[-0.0353244,51.5248539],[-0.033674214783141414,51.52526076886269]]},"properties":{"id":"940GZZLUSGN-940GZZLUMED-Hammersmith & City","source":"940GZZLUSGN","target":"940GZZLUMED","sourceName":"Stepney Green","targetName":"Mile End","line":"Hammersmith & City","colour":"#F3A9BB","color":"#F3A9BB","traffic":0.0725,"off9":0.0,"off12":0.0,"off14":0.0},"id":687},{"type":"Feature","geometry":{"type":"LineString","coordinates":[[-0.04656580352420692,51.52171901392623],[-0.0454382,51.521964],[-0.0440392,51.5221456],[-0.0422882,51.5223058],[-0.0409493,51.5225621],[-0.0387262,51.5232884],[-0.0373896,51.5240708],[-0.0353244,51.5248539],[-0.0336742147831414,51.52526076886269]]},"properties":{"id":"940GZZLUSGN-940GZZLUMED-District","source":"940GZZLUSGN","target":"940GZZLUMED","sourceName":"Stepney Green","targetName":"Mile End","line":"District","colour":"#00782A","color":"#00782A","traffic":0.0725,"off9":1.5,"off12":3.5,"off14":6.0},"id":688},{"type":"Feature","geometry":{"type":"LineString","coordinates":[[-0.4238018219801653,51.611064021537594],[-0.4238375,51.611152],[-0.4239539,51.6114383],[-0.4241249,51.6118312],[-0.4242185,51.6120852],[-0.4244125,51.6126272],[-0.4245879,51.6130685],[-0.4246815,51.6134251],[-0.4247458,51.6137351],[-0.4247868,51.6139839],[-0.4248258,51.6143066],[-0.4248443,51.614493],[-0.424857,51.6147733],[-0.4248745,51.6151965],[-0.4248833,51.6157292],[-0.4248901,51.6163491],[-0.4249077,51.6166906],[-0.4249418,51.6170362],[-0.4249847,51.6173922],[-0.4250656,51.6178117],[-0.4251582,51.6181967],[-0.4252538,51.6185339],[-0.4253649,51.6188662],[-0.425477,51.6191659],[-0.4255989,51.6194837],[-0.4257052,51.6197276],[-0.4258524,51.620063],[-0.4259938,51.6203311],[-0.4261449,51.6206162],[-0.4262872,51.6208626],[-0.4264783,51.6211834],[-0.4266343,51.6214407],[-0.4268186,51.6217124],[-0.4270292,51.6220254],[-0.4272632,51.6223758],[-0.4274708,51.6226894],[-0.427698,51.6230483],[-0.4279229,51.6233802],[-0.4280011,51.6234986],[-0.4282644,51.623903],[-0.4284984,51.6242704],[-0.4287246,51.624622],[-0.4289313,51.6249307],[-0.429177,51.6252939],[-0.4294726,51.6257326],[-0.4297263,51.626128],[-0.4300531,51.6266168],[-0.430435,51.6271757],[-0.43068,51.6275242],[-0.4309097,51.6278306],[-0.4311256,51.6281275],[-0.431299,51.6283598],[-0.4315655,51.6287507],[-0.4318772,51.6292598],[-0.4320382,51.6295142],[-0.4322042,51.6297645],[-0.4323106055770867,51.629934665467985]]},"properties":{"id":"940GZZLUNOW-940GZZLUMPK-Metropolitan","source":"940GZZLUNOW","target":"940GZZLUMPK","sourceName":"Northwood","targetName":"Moor Park","line":"Metropolitan","colour":"#9B0056","color":"#9B0056","traffic":0.0457,"off9":-3.0,"off12":-7.0,"off14":-12.0},"id":689},{"type":"Feature","geometry":{"type":"LineString","coordinates":[[-0.4238018219801653,51.611064021537594],[-0.4236982,51.6108085],[-0.4235191,51.6104211],[-0.4233605,51.6100935],[-0.4231692,51.60973],[-0.4229533,51.6093539],[-0.4226873,51.6089316],[-0.422397,51.6085223],[-0.4220699,51.6080882],[-0.4217619,51.6077088],[-0.421353,51.6072738],[-0.4209534,51.606883],[-0.4205364,51.606489],[-0.4201923,51.6062165],[-0.4198783,51.6059737],[-0.4196258,51.605789],[-0.4192095,51.6054929],[-0.4187989,51.6052124],[-0.4186837,51.6051372],[-0.4182786,51.6048728],[-0.4177471,51.6045283],[-0.4172654,51.6042322],[-0.417104,51.6041395],[-0.4168078,51.6039799],[-0.4162672,51.6036956],[-0.4158979,51.6035046],[-0.4152422,51.6031924],[-0.4145794,51.6028802],[-0.4137594,51.6025174],[-0.4131514,51.6022496],[-0.4125939,51.6019984],[-0.4118526,51.6016391],[-0.4108177,51.6011795],[-0.4099191,51.6007879],[-0.4094573000626379,51.60058743420758]]},"properties":{"id":"940GZZLUNOW-940GZZLUNWH-Metropolitan","source":"940GZZLUNOW","target":"940GZZLUNWH","sourceName":"Northwood","targetName":"Northwood Hills","line":"Metropolitan","colour":"#9B0056","color":"#9B0056","traffic":0.1153,"off9":-3.0,"off12":-7.0,"off14":-12.0},"id":690},{"type":"Feature","geometry":{"type":"LineString","coordinates":[[-0.1948903,51.4033272],[-0.1948064,51.4039475],[-0.1947908,51.4040534],[-0.1947923,51.404155],[-0.1947731,51.4080971],[-0.194847,51.4089006],[-0.194973,51.4096439],[-0.1953423,51.4105921],[-0.1957212,51.4115428],[-0.1958373,51.4120755],[-0.1958616,51.4124845],[-0.1958234,51.4128619],[-0.1955899,51.4132528],[-0.1951473,51.4136502],[-0.1947068,51.4140303],[-0.1941162,51.4144909],[-0.1936162,51.4147813],[-0.1933283,51.4149248],[-0.1928677,51.4151372],[-0.1926019,51.4152376],[-0.1923542,51.4153226],[-0.19203829043122267,51.41541857648453]]},"properties":{"id":"940GZZLUMDN-940GZZLUSWN-Northern","source":"940GZZLUMDN","target":"940GZZLUSWN","sourceName":"Morden","targetName":"South Wimbledon","line":"Northern","colour":"#000000","color":"#000000","traffic":0.1087,"off9":0.0,"off12":0.0,"off14":0.0},"id":691},{"type":"Feature","geometry":{"type":"LineString","coordinates":[[-0.38117382443195136,51.59287019581028],[-0.3819761,51.5932042],[-0.3822454,51.5933238],[-0.3834586,51.5938436],[-0.3837036,51.5939537],[-0.3840421,51.5940959],[-0.3842233,51.594172],[-0.384799,51.594391],[-0.3851219,51.5945122],[-0.3855937,51.5946832],[-0.3859883,51.5948088],[-0.3863674,51.5949274],[-0.3867676,51.5950365],[-0.3873236,51.5951935],[-0.387853,51.5953156],[-0.3883599,51.5954351],[-0.3887909,51.595525],[-0.3893063,51.5956314],[-0.3897177,51.595702],[-0.3902161,51.5957901],[-0.3907638,51.5958739],[-0.3913886,51.5959698],[-0.3922016,51.5960884],[-0.3932631,51.5962419],[-0.3942151,51.5963833],[-0.3952261,51.5965307],[-0.3963073,51.5966912],[-0.3975401,51.5968926],[-0.3986073,51.597054],[-0.3997517,51.5972372],[-0.4002305,51.5973244],[-0.4008511,51.597457],[-0.4014366,51.5975939],[-0.4020657,51.5977535],[-0.4028913,51.5979855],[-0.4034389,51.5981469],[-0.4040371,51.5983405],[-0.4046774,51.5985429],[-0.4052517,51.5987575],[-0.4057712,51.5989607],[-0.4062093,51.5991499],[-0.4067345,51.5993689],[-0.4075942,51.5997597],[-0.4078129,51.5998549],[-0.4082179,51.6000364],[-0.4092029,51.600477],[-0.4094573000626379,51.60058743420758]]},"properties":{"id":"940GZZLUPNR-940GZZLUNWH-Metropolitan","source":"940GZZLUPNR","target":"940GZZLUNWH","sourceName":"Pinner","targetName":"Northwood Hills","line":"Metropolitan","colour":"#9B0056","color":"#9B0056","traffic":0.0564,"off9":-3.0,"off12":-7.0,"off14":-12.0},"id":692},{"type":"Feature","geometry":{"type":"LineString","coordinates":[[-0.38116215814170845,51.59289826285268],[-0.3809883,51.5928247],[-0.3807709,51.5927338],[-0.3800987,51.5924434],[-0.3794971,51.5921879],[-0.3787387,51.5918541],[-0.3783837,51.5917056],[-0.3777277,51.5914192],[-0.3732418,51.5894811],[-0.3718545,51.5888835],[-0.3668361,51.5867234],[-0.3646987,51.5857978],[-0.3637414,51.585399],[-0.362422,51.5848907],[-0.36240379923019045,51.58488466138275]]},"properties":{"id":"940GZZLUPNR-940GZZLUNHA-Metropolitan","source":"940GZZLUPNR","target":"940GZZLUNHA","sourceName":"Pinner","targetName":"North Harrow","line":"Metropolitan","colour":"#9B0056","color":"#9B0056","traffic":0.1623,"off9":-3.0,"off12":-7.0,"off14":-12.0},"id":693},{"type":"Feature","geometry":{"type":"LineString","coordinates":[[-0.304,51.562551],[-0.296852,51.552304]]},"properties":{"id":"940GZZLUNWY-940GZZLUWYC-Bakerloo","source":"940GZZLUNWY","target":"940GZZLUWYC","sourceName":"North Wembley","targetName":"Wembley Central","line":"Bakerloo","colour":"#B36305","color":"#B36305","traffic":0.0447,"off9":0.0,"off12":0.0,"off14":0.0},"id":694},{"type":"Feature","geometry":{"type":"LineString","coordinates":[[-0.304,51.562551],[-0.308433,51.570232]]},"properties":{"id":"940GZZLUNWY-940GZZLUSKT-Bakerloo","source":"940GZZLUNWY","target":"940GZZLUSKT","sourceName":"North Wembley","targetName":"South Kenton","line":"Bakerloo","colour":"#B36305","color":"#B36305","traffic":0.0149,"off9":0.0,"off12":0.0,"off14":0.0},"id":695},{"type":"Feature","geometry":{"type":"LineString","coordinates":[[-0.296852,51.552304],[-0.304,51.562551]]},"properties":{"id":"940GZZLUWYC-940GZZLUNWY-Bakerloo","source":"940GZZLUWYC","target":"940GZZLUNWY","sourceName":"Wembley Central","targetName":"North Wembley","line":"Bakerloo","colour":"#B36305","color":"#B36305","traffic":0.0158,"off9":0.0,"off12":0.0,"off14":0.0},"id":696},{"type":"Feature","geometry":{"type":"LineString","coordinates":[[-0.296852,51.552304],[-0.275892,51.543959]]},"properties":{"id":"940GZZLUWYC-940GZZLUSGP-Bakerloo","source":"940GZZLUWYC","target":"940GZZLUSGP","sourceName":"Wembley Central","targetName":"Stonebridge Park","line":"Bakerloo","colour":"#B36305","color":"#B36305","traffic":0.0622,"off9":0.0,"off12":0.0,"off14":0.0},"id":697},{"type":"Feature","geometry":{"type":"LineString","coordinates":[[-0.39890387021487644,51.55688673706625],[-0.4005864,51.5574418],[-0.4018764,51.5578572],[-0.4027819,51.5581469],[-0.4035606,51.558402],[-0.4048907,51.5588792],[-0.406019,51.5592643],[-0.4071368,51.5596523],[-0.4073837,51.5597334],[-0.4095818,51.5604246],[-0.4104344,51.5606927],[-0.4106945774200649,51.560781292733424]]},"properties":{"id":"940GZZLUSRP-940GZZLURSG-Central","source":"940GZZLUSRP","target":"940GZZLURSG","sourceName":"South Ruislip","targetName":"Ruislip Gardens","line":"Central","colour":"#E32017","color":"#E32017","traffic":0.0054,"off9":0.0,"off12":0.0,"off14":0.0},"id":698},{"type":"Feature","geometry":{"type":"LineString","coordinates":[[-0.39890387021487644,51.55688673706625],[-0.3983645,51.5567088],[-0.3983104,51.5566888],[-0.3980628,51.5566033],[-0.3976496,51.55645],[-0.3972286,51.5562833],[-0.3959033,51.5557372],[-0.3945829,51.5552097],[-0.3915252,51.5539897],[-0.3909396,51.5537581],[-0.3904233,51.5535601],[-0.3900173,51.5534135],[-0.3893241,51.5531888],[-0.388745,51.553024],[-0.3881799,51.5528862],[-0.3875159,51.5527478],[-0.3867124,51.5526189],[-0.3857624,51.5524862],[-0.3856653,51.5524716],[-0.3845241,51.5522762],[-0.3840545,51.5521762],[-0.3835169,51.5520512],[-0.3819982,51.551668],[-0.3796284,51.551066],[-0.3766454,51.5503078],[-0.3737206,51.5495635],[-0.3717896,51.549073],[-0.3704472,51.5487293],[-0.3703661,51.548709],[-0.36868695553599196,51.5482835347785]]},"properties":{"id":"940GZZLUSRP-940GZZLUNHT-Central","source":"940GZZLUSRP","target":"940GZZLUNHT","sourceName":"South Ruislip","targetName":"Northolt","line":"Central","colour":"#E32017","color":"#E32017","traffic":0.0464,"off9":0.0,"off12":0.0,"off14":0.0},"id":699},{"type":"Feature","geometry":{"type":"LineString","coordinates":[[-0.295123191281127,51.57192379098163],[-0.2950199,51.5718891],[-0.2946201,51.5717585],[-0.2941284,51.5715858],[-0.2935777,51.5713862],[-0.2929487,51.5711258],[-0.2926339,51.5710114],[-0.2922405,51.5708611],[-0.2919338,51.5707395],[-0.291597,51.5705964],[-0.2909987,51.570336],[-0.2905543,51.5701303],[-0.2902007,51.5699526],[-0.2899169,51.5698016],[-0.2896467,51.5696562],[-0.2893254,51.5694734],[-0.2890019,51.5692829],[-0.2887317,51.569127],[-0.2884956,51.5689717],[-0.2882844,51.5688327],[-0.2879949,51.5686386],[-0.2877383,51.5684615],[-0.2873932,51.5682068],[-0.2870208,51.5679189],[-0.2867293,51.5676723],[-0.2864556,51.5674273],[-0.286189,51.5671982],[-0.2859619,51.5669906],[-0.2857234,51.5667611],[-0.2854601,51.5665281],[-0.2852073,51.5663095],[-0.2849865,51.5661204],[-0.2848556,51.5660086],[-0.2846277,51.5658404],[-0.2844623,51.5657147],[-0.2842062,51.5655325],[-0.2839477,51.5653629],[-0.2837286,51.5652212],[-0.2834741,51.565063],[-0.283206,51.5649033],[-0.2828905,51.5647221],[-0.2826264,51.5645794],[-0.2824289,51.5644726],[-0.282166,51.5643494],[-0.2818778,51.5642207],[-0.2815551,51.5640825],[-0.2812502,51.5639606],[-0.2810213,51.5638718],[-0.280706,51.5637435],[-0.2803839,51.5636205],[-0.2801695,51.5635421],[-0.279954,51.5634669],[-0.279526,51.5633238],[-0.279249950932176,51.56323579470058]]},"properties":{"id":"940GZZLUPRD-940GZZLUWYP-Metropolitan","source":"940GZZLUPRD","target":"940GZZLUWYP","sourceName":"Preston Road","targetName":"Wembley Park","line":"Metropolitan","colour":"#9B0056","color":"#9B0056","traffic":0.3992,"off9":-3.0,"off12":-7.0,"off14":-12.0},"id":700},{"type":"Feature","geometry":{"type":"LineString","coordinates":[[-0.29509761160313225,51.57199995303319],[-0.2966329,51.5725156],[-0.2970159,51.5726426],[-0.2974038,51.5727662],[-0.2981838,51.5730046],[-0.2986688,51.5731537],[-0.299149,51.5733118],[-0.3064055,51.5757726],[-0.3082959,51.5764087],[-0.3088092,51.5765731],[-0.3093301,51.5767273],[-0.3103785,51.5770303],[-0.3109139,51.5771713],[-0.311453,51.5773093],[-0.3120094,51.577444],[-0.3124508,51.5775455],[-0.313048,51.5776738],[-0.3140563,51.5778745],[-0.3149268,51.578034],[-0.3157367,51.5781671],[-0.3165478,51.5782856],[-0.3170377,51.5783485],[-0.3175323,51.5784087],[-0.317867,51.5784444],[-0.31805775252009055,51.57846346965974]]},"properties":{"id":"940GZZLUPRD-940GZZLUNKP-Metropolitan","source":"940GZZLUPRD","target":"940GZZLUNKP","sourceName":"Preston Road","targetName":"Northwick Park","line":"Metropolitan","colour":"#9B0056","color":"#9B0056","traffic":0.1061,"off9":-3.0,"off12":-7.0,"off14":-12.0},"id":701},{"type":"Feature","geometry":{"type":"LineString","coordinates":[[-0.4094573000626379,51.60058743420758],[-0.4092029,51.600477],[-0.4082179,51.6000364],[-0.4078129,51.5998549],[-0.4075942,51.5997597],[-0.4067345,51.5993689],[-0.4062093,51.5991499],[-0.4057712,51.5989607],[-0.4052517,51.5987575],[-0.4046774,51.5985429],[-0.4040371,51.5983405],[-0.4034389,51.5981469],[-0.4028913,51.5979855],[-0.4020657,51.5977535],[-0.4014366,51.5975939],[-0.4008511,51.597457],[-0.4002305,51.5973244],[-0.3997517,51.5972372],[-0.3986073,51.597054],[-0.3975401,51.5968926],[-0.3963073,51.5966912],[-0.3952261,51.5965307],[-0.3942151,51.5963833],[-0.3932631,51.5962419],[-0.3922016,51.5960884],[-0.3913886,51.5959698],[-0.3907638,51.5958739],[-0.3902161,51.5957901],[-0.3897177,51.595702],[-0.3893063,51.5956314],[-0.3887909,51.595525],[-0.3883599,51.5954351],[-0.387853,51.5953156],[-0.3873236,51.5951935],[-0.3867676,51.5950365],[-0.3863674,51.5949274],[-0.3859883,51.5948088],[-0.3855937,51.5946832],[-0.3851219,51.5945122],[-0.384799,51.594391],[-0.3842233,51.594172],[-0.3840421,51.5940959],[-0.3837036,51.5939537],[-0.3834586,51.5938436],[-0.3822454,51.5933238],[-0.3819761,51.5932042],[-0.38117382443195136,51.59287019581028]]},"properties":{"id":"940GZZLUNWH-940GZZLUPNR-Metropolitan","source":"940GZZLUNWH","target":"940GZZLUPNR","sourceName":"Northwood Hills","targetName":"Pinner","line":"Metropolitan","colour":"#9B0056","color":"#9B0056","traffic":0.1293,"off9":-3.0,"off12":-7.0,"off14":-12.0},"id":702},{"type":"Feature","geometry":{"type":"LineString","coordinates":[[-0.4094573000626379,51.60058743420758],[-0.4099191,51.6007879],[-0.4108177,51.6011795],[-0.4118526,51.6016391],[-0.4125939,51.6019984],[-0.4131514,51.6022496],[-0.4137594,51.6025174],[-0.4145794,51.6028802],[-0.4152422,51.6031924],[-0.4158979,51.6035046],[-0.4162672,51.6036956],[-0.4168078,51.6039799],[-0.417104,51.6041395],[-0.4172654,51.6042322],[-0.4177471,51.6045283],[-0.4182786,51.6048728],[-0.4186837,51.6051372],[-0.4187989,51.6052124],[-0.4192095,51.6054929],[-0.4196258,51.605789],[-0.4198783,51.6059737],[-0.4201923,51.6062165],[-0.4205364,51.606489],[-0.4209534,51.606883],[-0.421353,51.6072738],[-0.4217619,51.6077088],[-0.4220699,51.6080882],[-0.422397,51.6085223],[-0.4226873,51.6089316],[-0.4229533,51.6093539],[-0.4231692,51.60973],[-0.4233605,51.6100935],[-0.4235191,51.6104211],[-0.4236982,51.6108085],[-0.4238018219801653,51.611064021537594]]},"properties":{"id":"940GZZLUNWH-940GZZLUNOW-Metropolitan","source":"940GZZLUNWH","target":"940GZZLUNOW","sourceName":"Northwood Hills","targetName":"Northwood","line":"Metropolitan","colour":"#9B0056","color":"#9B0056","traffic":0.0556,"off9":-3.0,"off12":-7.0,"off14":-12.0},"id":703},{"type":"Feature","geometry":{"type":"LineString","coordinates":[[-0.18874798664811268,51.519113108576875],[-0.1883771,51.5190675],[-0.1881494,51.5190423],[-0.1879284,51.5190183],[-0.1877072,51.5189977],[-0.1874854,51.5189793],[-0.1870565,51.5189483],[-0.1866265,51.5189235],[-0.1860253,51.5188984],[-0.1856563,51.5188855],[-0.1853614,51.518873],[-0.1849571,51.5188561],[-0.1845811,51.5188416],[-0.1841441,51.5188257],[-0.1835863,51.5188017],[-0.1831049,51.5187822],[-0.182683,51.5187621],[-0.182467,51.5187473],[-0.1822677,51.518733],[-0.1819492,51.5187121],[-0.1815492,51.5186791],[-0.1812649,51.5186601],[-0.1810257,51.5186508],[-0.1808175,51.5186522],[-0.1806026,51.5186634],[-0.1804097,51.5186724],[-0.1802264,51.5186799],[-0.180037,51.5186795],[-0.1797628,51.5186666],[-0.1795678,51.5186534],[-0.1793137,51.5186192],[-0.179069,51.5185618],[-0.1788494,51.5184926],[-0.1786485,51.5184283],[-0.1784509,51.5183682],[-0.1779369,51.5182099],[-0.1776426,51.5181271],[-0.1773964,51.5179707],[-0.1772837,51.5179184],[-0.1769162,51.517708],[-0.1767151,51.5176063],[-0.1765032,51.5175264],[-0.1762403,51.5174601],[-0.1760169,51.5174242],[-0.1758809,51.5174122],[-0.1757872,51.5174063],[-0.17567545387593372,51.517404461752065]]},"properties":{"id":"940GZZLURYO-940GZZLUPAC-Hammersmith & City","source":"940GZZLURYO","target":"940GZZLUPAC","sourceName":"Royal Oak","targetName":"Paddington","line":"Hammersmith & City","colour":"#F3A9BB","color":"#F3A9BB","traffic":0.1605,"off9":0.0,"off12":0.0,"off14":0.0},"id":704},{"type":"Feature","geometry":{"type":"LineString","coordinates":[[-0.1887418607555352,51.51917796150113],[-0.1894618,51.519246],[-0.1901496,51.5193123],[-0.1933788,51.5196289],[-0.193703,51.5196563],[-0.1950131,51.5197163],[-0.1951411,51.5197246],[-0.1954957,51.5197601],[-0.195848,51.5198112],[-0.19627,51.519893],[-0.1974979,51.5201421],[-0.1982123,51.5202925],[-0.1998315,51.5206931],[-0.2004297,51.5208393],[-0.2007514,51.5209016],[-0.2008533,51.5209213],[-0.2010219,51.5209464],[-0.20108463689723577,51.520954313045834]]},"properties":{"id":"940GZZLURYO-940GZZLUWSP-Circle","source":"940GZZLURYO","target":"940GZZLUWSP","sourceName":"Royal Oak","targetName":"Westbourne Park","line":"Circle","colour":"#FFD300","color":"#FFD300","traffic":0.0912,"off9":3.0,"off12":7.0,"off14":12.0},"id":705},{"type":"Feature","geometry":{"type":"LineString","coordinates":[[-0.1887418607555352,51.51917796150113],[-0.1894618,51.519246],[-0.1901496,51.5193123],[-0.1933788,51.5196289],[-0.193703,51.5196563],[-0.1950131,51.5197163],[-0.1951411,51.5197246],[-0.1954957,51.5197601],[-0.195848,51.5198112],[-0.19627,51.519893],[-0.1974979,51.5201421],[-0.1982123,51.5202925],[-0.1998315,51.5206931],[-0.2004297,51.5208393],[-0.2007514,51.5209016],[-0.2008533,51.5209213],[-0.2010219,51.5209464],[-0.20108463689723577,51.520954313045834]]},"properties":{"id":"940GZZLURYO-940GZZLUWSP-Hammersmith & City","source":"940GZZLURYO","target":"940GZZLUWSP","sourceName":"Royal Oak","targetName":"Westbourne Park","line":"Hammersmith & City","colour":"#F3A9BB","color":"#F3A9BB","traffic":0.0912,"off9":0.0,"off12":0.0,"off14":0.0},"id":706},{"type":"Feature","geometry":{"type":"LineString","coordinates":[[-0.13375269368415765,51.48916829312867],[-0.134254,51.4892267],[-0.1350023,51.4893014],[-0.1359928,51.4893641],[-0.1371521,51.489496],[-0.1381227,51.4896703],[-0.138848,51.4898656],[-0.1392879,51.4900068],[-0.1397573,51.4901745],[-0.1404631,51.4905067],[-0.1412113,51.4908727],[-0.1416565,51.4911666],[-0.1422703,51.4916277],[-0.1427151,51.4920532],[-0.1432303,51.4927166],[-0.1435464,51.4931047],[-0.1437674,51.4935941],[-0.1436912,51.494279],[-0.143598,51.4949146],[-0.1435264,51.4952799],[-0.1433883,51.4957774],[-0.1432968,51.4959564],[-0.1431893,51.4961348],[-0.1430561473108803,51.49632728035295]]},"properties":{"id":"940GZZLUPCO-940GZZLUVIC-Victoria","source":"940GZZLUPCO","target":"940GZZLUVIC","sourceName":"Pimlico","targetName":"Victoria","line":"Victoria","colour":"#0098D4","color":"#0098D4","traffic":0.7573,"off9":0.0,"off12":0.0,"off14":0.0},"id":707},{"type":"Feature","geometry":{"type":"LineString","coordinates":[[-0.13375269368415765,51.48916829312867],[-0.1331734,51.4891008],[-0.1329187,51.4890755],[-0.1319263,51.4889384],[-0.1309763,51.4886817],[-0.1301236,51.488485],[-0.1293181,51.4882166],[-0.1283721,51.4878393],[-0.1274576,51.4874061],[-0.1258788,51.4866581],[-0.1243434,51.4859279],[-0.12415795458759814,51.4858382946455]]},"properties":{"id":"940GZZLUPCO-940GZZLUVXL-Victoria","source":"940GZZLUPCO","target":"940GZZLUVXL","sourceName":"Pimlico","targetName":"Vauxhall","line":"Victoria","colour":"#0098D4","color":"#0098D4","traffic":0.3155,"off9":0.0,"off12":0.0,"off14":0.0},"id":708},{"type":"Feature","geometry":{"type":"LineString","coordinates":[[-0.12428056358025283,51.485582590421366],[-0.12351,51.4852148],[-0.1230796,51.4849717],[-0.1226666,51.4847273],[-0.1225806,51.4846975],[-0.1222135,51.4841973],[-0.1220514,51.4839939],[-0.1219775,51.4838903],[-0.1218939,51.483775],[-0.1216691,51.4834535],[-0.1214017,51.4828382],[-0.1212077,51.4822695],[-0.1211822,51.4821788],[-0.1210764,51.4818027],[-0.1208972,51.4810877],[-0.1207764,51.4806215],[-0.120501,51.4796085],[-0.1202446,51.4787019],[-0.1200175,51.4777672],[-0.1199615,51.4775328],[-0.1199139,51.4772182],[-0.1199032,51.4770298],[-0.1199064,51.4767518],[-0.1199464,51.4764156],[-0.1200245,51.4761005],[-0.1200742,51.4759513],[-0.1201807,51.4757558],[-0.1202958,51.4754817],[-0.1204036,51.4752565],[-0.1204695,51.4751219],[-0.1205632,51.4749479],[-0.1207095,51.4747169],[-0.1210684,51.4742971],[-0.1213529,51.4740167],[-0.1218721,51.4735155],[-0.1220531,51.4733711],[-0.1222451,51.4731642],[-0.1224765,51.4728988],[-0.1228089,51.4724276],[-0.12286573623472603,51.472353050262605]]},"properties":{"id":"940GZZLUVXL-940GZZLUSKW-Victoria","source":"940GZZLUVXL","target":"940GZZLUSKW","sourceName":"Vauxhall","targetName":"Stockwell","line":"Victoria","colour":"#0098D4","color":"#0098D4","traffic":0.1318,"off9":0.0,"off12":0.0,"off14":0.0},"id":709},{"type":"Feature","geometry":{"type":"LineString","coordinates":[[-0.12415795458759814,51.4858382946455],[-0.1243434,51.4859279],[-0.1258788,51.4866581],[-0.1274576,51.4874061],[-0.1283721,51.4878393],[-0.1293181,51.4882166],[-0.1301236,51.488485],[-0.1309763,51.4886817],[-0.1319263,51.4889384],[-0.1329187,51.4890755],[-0.1331734,51.4891008],[-0.13375269368415765,51.48916829312867]]},"properties":{"id":"940GZZLUVXL-940GZZLUPCO-Victoria","source":"940GZZLUVXL","target":"940GZZLUPCO","sourceName":"Vauxhall","targetName":"Pimlico","line":"Victoria","colour":"#0098D4","color":"#0098D4","traffic":0.7234,"off9":0.0,"off12":0.0,"off14":0.0},"id":710},{"type":"Feature","geometry":{"type":"LineString","coordinates":[[0.01745905957686912,51.531300548341456],[0.0176385,51.5313363],[0.0187501,51.5315682],[0.0199364,51.5318423],[0.0204849,51.5319713],[0.0210836,51.5321078],[0.0216488,51.5322344],[0.0221991,51.5323697],[0.0227374,51.5324993],[0.0232905,51.5326224],[0.0238185,51.5327433],[0.0244293,51.5328786],[0.0252455,51.5330654],[0.0259139,51.5332216],[0.0267181,51.5333968],[0.0275101,51.5335801],[0.0283654,51.5337779],[0.0292681,51.5339884],[0.0302888,51.5342202],[0.031026,51.5343862],[0.0318348,51.5345875],[0.032479,51.5347413],[0.0330656,51.5348841],[0.033616,51.5350038],[0.0342388,51.5351455],[0.0349509,51.5353097],[0.035254754707400575,51.535377146208944]]},"properties":{"id":"940GZZLUPLW-940GZZLUUPK-Hammersmith & City","source":"940GZZLUPLW","target":"940GZZLUUPK","sourceName":"Plaistow","targetName":"Upton Park","line":"Hammersmith & City","colour":"#F3A9BB","color":"#F3A9BB","traffic":0.0778,"off9":0.0,"off12":0.0,"off14":0.0},"id":711},{"type":"Feature","geometry":{"type":"LineString","coordinates":[[0.017459059576869107,51.531300548341456],[0.0176385,51.5313363],[0.0187501,51.5315682],[0.0199364,51.5318423],[0.0204849,51.5319713],[0.0210836,51.5321078],[0.0216488,51.5322344],[0.0221991,51.5323697],[0.0227374,51.5324993],[0.0232905,51.5326224],[0.0238185,51.5327433],[0.0244293,51.5328786],[0.0252455,51.5330654],[0.0259139,51.5332216],[0.0267181,51.5333968],[0.0275101,51.5335801],[0.0283654,51.5337779],[0.0292681,51.5339884],[0.0302888,51.5342202],[0.031026,51.5343862],[0.0318348,51.5345875],[0.032479,51.5347413],[0.0330656,51.5348841],[0.033616,51.5350038],[0.0342388,51.5351455],[0.0349509,51.5353097],[0.03525475470740057,51.535377146208944]]},"properties":{"id":"940GZZLUPLW-940GZZLUUPK-District","source":"940GZZLUPLW","target":"940GZZLUUPK","sourceName":"Plaistow","targetName":"Upton Park","line":"District","colour":"#00782A","color":"#00782A","traffic":0.0778,"off9":1.5,"off12":3.5,"off14":6.0},"id":712},{"type":"Feature","geometry":{"type":"LineString","coordinates":[[0.01745905957686912,51.531300548341456],[0.0171913,51.5312472],[0.016962,51.5311966],[0.0167393,51.5311475],[0.0163075,51.5310528],[0.0156749,51.5309028],[0.0149931,51.530735],[0.0139247,51.5304653],[0.0135783,51.5303837],[0.0127289,51.5301692],[0.0126891,51.5301603],[0.0122604,51.530064],[0.011526,51.5298933],[0.0112174,51.5298246],[0.0107534,51.5297228],[0.0100832,51.5295701],[0.0094594,51.5294209],[0.0088403,51.5292786],[0.0081821,51.5291323],[0.0075276,51.5289834],[0.0068816,51.5288337],[0.0060857,51.5286524],[0.0052798,51.5284689],[0.0049907457017004395,51.52839801474973]]},"properties":{"id":"940GZZLUPLW-940GZZLUWHM-Hammersmith & City","source":"940GZZLUPLW","target":"940GZZLUWHM","sourceName":"Plaistow","targetName":"West Ham","line":"Hammersmith & City","colour":"#F3A9BB","color":"#F3A9BB","traffic":0.3589,"off9":0.0,"off12":0.0,"off14":0.0},"id":713},{"type":"Feature","geometry":{"type":"LineString","coordinates":[[0.017459059576869107,51.531300548341456],[0.0171913,51.5312472],[0.016962,51.5311966],[0.0167393,51.5311475],[0.0163075,51.5310528],[0.0156749,51.5309028],[0.0149931,51.530735],[0.0139247,51.5304653],[0.0135783,51.5303837],[0.0127289,51.5301692],[0.0126891,51.5301603],[0.0122604,51.530064],[0.011526,51.5298933],[0.0112174,51.5298246],[0.0107534,51.5297228],[0.0100832,51.5295701],[0.0094594,51.5294209],[0.0088403,51.5292786],[0.0081821,51.5291323],[0.0075276,51.5289834],[0.0068816,51.5288337],[0.0060857,51.5286524],[0.0052798,51.5284689],[0.0049907457017004525,51.52839801474973]]},"properties":{"id":"940GZZLUPLW-940GZZLUWHM-District","source":"940GZZLUPLW","target":"940GZZLUWHM","sourceName":"Plaistow","targetName":"West Ham","line":"District","colour":"#00782A","color":"#00782A","traffic":0.3589,"off9":1.5,"off12":3.5,"off14":6.0},"id":714},{"type":"Feature","geometry":{"type":"LineString","coordinates":[[-0.2456975717330218,51.49501301475164],[-0.2464367,51.4950625],[-0.2468282,51.4950891],[-0.2470856,51.4951032],[-0.2475022,51.4951098],[-0.2475417,51.4951126],[-0.2482126,51.4951289],[-0.2484791,51.4951605],[-0.248767,51.4951759],[-0.2490513,51.4951928],[-0.2493427,51.4952087],[-0.2496271,51.4952185],[-0.2499549,51.495225],[-0.2502833,51.4952346],[-0.2510596,51.4952417],[-0.2516315,51.4952467],[-0.2522047,51.4952417],[-0.2527762,51.4952338],[-0.2544167,51.4952391],[-0.25455696184610116,51.49523597205021]]},"properties":{"id":"940GZZLUSFB-940GZZLUTNG-District","source":"940GZZLUSFB","target":"940GZZLUTNG","sourceName":"Stamford Brook","targetName":"Turnham Green","line":"District","colour":"#00782A","color":"#00782A","traffic":0.1103,"off9":1.5,"off12":3.5,"off14":6.0},"id":715},{"type":"Feature","geometry":{"type":"LineString","coordinates":[[-0.2457071790819272,51.49484301662847],[-0.2454764,51.4948331],[-0.2451695,51.4948317],[-0.2449748,51.4948365],[-0.2446668,51.4948488],[-0.2442348,51.4948648],[-0.2437888,51.4948827],[-0.2433219,51.4948949],[-0.2428476,51.4948942],[-0.2423285,51.4948779],[-0.2416911,51.4948434],[-0.2410715,51.4947968],[-0.2404726,51.4947388],[-0.2397919,51.4946471],[-0.2396057,51.494624],[-0.2392503,51.4945721],[-0.2388896,51.4945159],[-0.238012,51.4943702],[-0.2371417,51.4942126],[-0.2368826,51.4941666],[-0.2364074,51.4940842],[-0.2361504,51.4940497],[-0.23589098374816758,51.49402342589384]]},"properties":{"id":"940GZZLUSFB-940GZZLURVP-District","source":"940GZZLUSFB","target":"940GZZLURVP","sourceName":"Stamford Brook","targetName":"Ravenscourt Park","line":"District","colour":"#00782A","color":"#00782A","traffic":0.2098,"off9":1.5,"off12":3.5,"off14":6.0},"id":716},{"type":"Feature","geometry":{"type":"LineString","coordinates":[[-0.3525024654645457,51.56487351228952],[-0.3525138,51.5648817],[-0.3526555,51.5649735],[-0.3527081,51.5650075],[-0.3532811,51.5653508],[-0.3536391,51.5655402],[-0.3542111,51.5658853],[-0.3546185,51.5661644],[-0.3547901,51.5662911],[-0.3550407,51.5664926],[-0.3553425,51.5667425],[-0.3555976,51.5669807],[-0.3557083,51.5670874],[-0.3561255,51.567511],[-0.3565643,51.567943],[-0.3567409,51.568109],[-0.3568668,51.5682228],[-0.3571145,51.5684467],[-0.3573701,51.568672],[-0.3576416,51.5688963],[-0.3580518,51.5692245],[-0.3580829,51.5692474],[-0.3581347,51.5692855],[-0.3581932,51.5693285],[-0.3583275,51.5694274],[-0.3585846,51.5696131],[-0.3588399,51.5698005],[-0.3592301,51.5700621],[-0.3593844,51.5701635],[-0.3597149,51.5703807],[-0.3598175,51.5704423],[-0.3604584,51.5708276],[-0.3608434,51.5710452],[-0.3612098,51.5712593],[-0.3623703,51.5719168],[-0.3629677,51.5722593],[-0.3635665,51.5725864],[-0.3638812,51.5727608],[-0.3642096,51.572935],[-0.3645635,51.5731221],[-0.3648983,51.573284],[-0.3653685,51.5735002],[-0.3658699,51.5737111],[-0.3662994,51.5738809],[-0.3667218,51.5740382],[-0.3671715,51.5741899],[-0.3674591,51.5742932],[-0.3677489,51.5743864],[-0.3682298,51.5745302],[-0.3686292,51.5746428],[-0.3689689,51.5747318],[-0.3690974,51.5747652],[-0.3693237,51.5748215],[-0.3696688,51.5748953],[-0.3697993,51.5749209],[-0.37026,51.5750054],[-0.370481,51.5750438],[-0.3710334,51.5751497],[-0.3711238864031991,51.57516518925995]]},"properties":{"id":"940GZZLUSHH-940GZZLURYL-Piccadilly","source":"940GZZLUSHH","target":"940GZZLURYL","sourceName":"South Harrow","targetName":"Rayners Lane","line":"Piccadilly","colour":"#003688","color":"#003688","traffic":0.0242,"off9":-1.5,"off12":-3.5,"off14":-6.0},"id":717},{"type":"Feature","geometry":{"type":"LineString","coordinates":[[-0.3525024654645457,51.56487351228952],[-0.3522098,51.5646621],[-0.3519268,51.5644497],[-0.3516025,51.5641909],[-0.3512756,51.5639064],[-0.3508387,51.5634735],[-0.350621,51.5632373],[-0.3504204,51.5630025],[-0.3503884,51.5629647],[-0.3501839,51.5627333],[-0.3494135,51.5618455],[-0.3489053,51.5612686],[-0.3486519,51.5609787],[-0.3484578,51.5607586],[-0.3479657,51.5602467],[-0.3476318,51.5599429],[-0.3473448,51.5597105],[-0.3470068,51.5594521],[-0.3466272,51.5591943],[-0.3462122,51.5589466],[-0.3458283,51.5587259],[-0.3454343,51.5585184],[-0.3448312,51.5582395],[-0.3442731,51.5580168],[-0.3439493,51.5579101],[-0.3434257,51.5577728],[-0.342964,51.5576831],[-0.3424475,51.5576049],[-0.3420054,51.5575662],[-0.3404173,51.5574973],[-0.3395357,51.5574595],[-0.3389469,51.5574112],[-0.3383734,51.5573323],[-0.3379826,51.5572668],[-0.3365975,51.5569701],[-0.336437190534535,51.55693577072891]]},"properties":{"id":"940GZZLUSHH-940GZZLUSUH-Piccadilly","source":"940GZZLUSHH","target":"940GZZLUSUH","sourceName":"South Harrow","targetName":"Sudbury Hill","line":"Piccadilly","colour":"#003688","color":"#003688","traffic":0.0753,"off9":-1.5,"off12":-3.5,"off14":-6.0},"id":718},{"type":"Feature","geometry":{"type":"LineString","coordinates":[[-0.4107237797651085,51.560696460911515],[-0.4109741,51.5607837],[-0.4110742,51.5608222],[-0.4113931,51.5609512],[-0.411586,51.5610303],[-0.411999,51.5611748],[-0.4127137,51.5614333],[-0.4127434,51.5614427],[-0.4131681,51.5615878],[-0.4138482,51.561811],[-0.4147304,51.5621037],[-0.4150563,51.5622093],[-0.4156585,51.5624031],[-0.4161364,51.5625528],[-0.4166643,51.5627113],[-0.4172036,51.5628765],[-0.4177736,51.563055],[-0.4188923,51.5634187],[-0.420136,51.5638275],[-0.4214922,51.5642734],[-0.4225943,51.5646315],[-0.423347,51.5648799],[-0.4241085,51.5651315],[-0.4246859,51.5653296],[-0.4254376,51.5656024],[-0.4261034,51.565836],[-0.4270061,51.566139],[-0.4283265,51.5665725],[-0.4292913,51.5668844],[-0.4298739,51.567071],[-0.4304209,51.5672531],[-0.4311916,51.5675053],[-0.4314114,51.5675739],[-0.4318153,51.5677068],[-0.4325303,51.5679369],[-0.4326162,51.5679662],[-0.4338586,51.5683568],[-0.4344537,51.568541],[-0.4346064,51.5685912],[-0.4351403,51.5687561],[-0.4359706,51.5690126],[-0.4370662,51.5693551],[-0.437639,51.5695388],[-0.4377495,51.5695763]]},"properties":{"id":"940GZZLURSG-940GZZLUWRP-Central","source":"940GZZLURSG","target":"940GZZLUWRP","sourceName":"Ruislip Gardens","targetName":"West Ruislip","line":"Central","colour":"#E32017","color":"#E32017","traffic":0.0037,"off9":0.0,"off12":0.0,"off14":0.0},"id":719},{"type":"Feature","geometry":{"type":"LineString","coordinates":[[-0.4106945774200649,51.560781292733424],[-0.4104344,51.5606927],[-0.4095818,51.5604246],[-0.4073837,51.5597334],[-0.4071368,51.5596523],[-0.406019,51.5592643],[-0.4048907,51.5588792],[-0.4035606,51.558402],[-0.4027819,51.5581469],[-0.4018764,51.5578572],[-0.4005864,51.5574418],[-0.39890387021487644,51.55688673706625]]},"properties":{"id":"940GZZLURSG-940GZZLUSRP-Central","source":"940GZZLURSG","target":"940GZZLUSRP","sourceName":"Ruislip Gardens","targetName":"South Ruislip","line":"Central","colour":"#E32017","color":"#E32017","traffic":0.0271,"off9":0.0,"off12":0.0,"off14":0.0},"id":720},{"type":"Feature","geometry":{"type":"LineString","coordinates":[[-0.4377495,51.5695763],[-0.437639,51.5695388],[-0.4370662,51.5693551],[-0.4359706,51.5690126],[-0.4351403,51.5687561],[-0.4346064,51.5685912],[-0.4344537,51.568541],[-0.4338586,51.5683568],[-0.4326162,51.5679662],[-0.4325303,51.5679369],[-0.4318153,51.5677068],[-0.4314114,51.5675739],[-0.4311916,51.5675053],[-0.4304209,51.5672531],[-0.4298739,51.567071],[-0.4292913,51.5668844],[-0.4283265,51.5665725],[-0.4270061,51.566139],[-0.4261034,51.565836],[-0.4254376,51.5656024],[-0.4246859,51.5653296],[-0.4241085,51.5651315],[-0.423347,51.5648799],[-0.4225943,51.5646315],[-0.4214922,51.5642734],[-0.420136,51.5638275],[-0.4188923,51.5634187],[-0.4177736,51.563055],[-0.4172036,51.5628765],[-0.4166643,51.5627113],[-0.4161364,51.5625528],[-0.4156585,51.5624031],[-0.4150563,51.5622093],[-0.4147304,51.5621037],[-0.4138482,51.561811],[-0.4131681,51.5615878],[-0.4127434,51.5614427],[-0.4127137,51.5614333],[-0.411999,51.5611748],[-0.411586,51.5610303],[-0.4113931,51.5609512],[-0.4110742,51.5608222],[-0.4109741,51.5607837],[-0.4107237797651085,51.560696460911515]]},"properties":{"id":"940GZZLUWRP-940GZZLURSG-Central","source":"940GZZLUWRP","target":"940GZZLURSG","sourceName":"West Ruislip","targetName":"Ruislip Gardens","line":"Central","colour":"#E32017","color":"#E32017","traffic":0.0149,"off9":0.0,"off12":0.0,"off14":0.0},"id":721},{"type":"Feature","geometry":{"type":"LineString","coordinates":[[-0.1563607183328008,51.49232824466787],[-0.1571583,51.4925512],[-0.1578037,51.4927477],[-0.1586084,51.492984],[-0.1594625,51.4932226],[-0.1597242,51.4932846],[-0.1601292,51.4933681],[-0.1608367,51.4935043],[-0.161334,51.4935778],[-0.1619554,51.4936459],[-0.162575,51.4936975],[-0.1632655,51.4937367],[-0.1638131,51.49377],[-0.1638851,51.4937728],[-0.1661436,51.493854],[-0.166986,51.4938961],[-0.1674924,51.493921],[-0.1677054,51.4939347],[-0.169262,51.4939888],[-0.1704215,51.4940341],[-0.1707153,51.4940449],[-0.1709273,51.4940429],[-0.1712372,51.4940275],[-0.1718697,51.4939867],[-0.1721009,51.4939836],[-0.1730526,51.4940331],[-0.1737326,51.4940649],[-0.1739886,51.4940731],[-0.1741387145382556,51.494082157190014]]},"properties":{"id":"940GZZLUSSQ-940GZZLUSKS-Circle","source":"940GZZLUSSQ","target":"940GZZLUSKS","sourceName":"Sloane Square","targetName":"South Kensington","line":"Circle","colour":"#FFD300","color":"#FFD300","traffic":0.3545,"off9":3.0,"off12":7.0,"off14":12.0},"id":722},{"type":"Feature","geometry":{"type":"LineString","coordinates":[[-0.15636071833280082,51.49232824466787],[-0.1571583,51.4925512],[-0.1578037,51.4927477],[-0.1586084,51.492984],[-0.1594625,51.4932226],[-0.1597242,51.4932846],[-0.1601292,51.4933681],[-0.1608367,51.4935043],[-0.161334,51.4935778],[-0.1619554,51.4936459],[-0.162575,51.4936975],[-0.1632655,51.4937367],[-0.1638131,51.49377],[-0.1638851,51.4937728],[-0.1661436,51.493854],[-0.166986,51.4938961],[-0.1674924,51.493921],[-0.1677054,51.4939347],[-0.169262,51.4939888],[-0.1704215,51.4940341],[-0.1707153,51.4940449],[-0.1709273,51.4940429],[-0.1712372,51.4940275],[-0.1718697,51.4939867],[-0.1721009,51.4939836],[-0.1730526,51.4940331],[-0.1737326,51.4940649],[-0.1739886,51.4940731],[-0.1741387145382556,51.494082157190014]]},"properties":{"id":"940GZZLUSSQ-940GZZLUSKS-District","source":"940GZZLUSSQ","target":"940GZZLUSKS","sourceName":"Sloane Square","targetName":"South Kensington","line":"District","colour":"#00782A","color":"#00782A","traffic":0.3545,"off9":1.5,"off12":3.5,"off14":6.0},"id":723},{"type":"Feature","geometry":{"type":"LineString","coordinates":[[-0.1563607183328008,51.49232824466787],[-0.1561427,51.4922673],[-0.1560548,51.4922456],[-0.1555588,51.4921443],[-0.1550494,51.4920565],[-0.154447,51.491951],[-0.1542459,51.4919305],[-0.1540369,51.4919225],[-0.153816,51.4919198],[-0.1532244,51.4919338],[-0.1526119,51.491947],[-0.1522735,51.4919594],[-0.151997,51.4919839],[-0.1517395,51.4920129],[-0.1515079,51.4920477],[-0.1512475,51.4921],[-0.1510089,51.4921597],[-0.1507083,51.492246],[-0.1503145,51.4923821],[-0.1500757,51.492476],[-0.149625,51.4927223],[-0.1492965,51.4929197],[-0.1491012,51.4930243],[-0.1489324,51.4931214],[-0.1486498,51.4932996],[-0.1484496,51.4934404],[-0.1482953,51.4935509],[-0.1481183,51.4937104],[-0.1479721,51.4938524],[-0.147234,51.4947434],[-0.1467233,51.4953653],[-0.146577,51.495506],[-0.146383,51.4956607],[-0.1461797,51.4957833],[-0.1460061,51.495866],[-0.1458607,51.4959308],[-0.1456734,51.4960053],[-0.1455095,51.4960657],[-0.1453063,51.4961318],[-0.1450999,51.4961912],[-0.1448793,51.4962377],[-0.1447102,51.4962678],[-0.1445971,51.4962827],[-0.1444585,51.4962975],[-0.144281,51.4963164],[-0.144097,51.4963251],[-0.1438961,51.4963255],[-0.1437612,51.4963251],[-0.1436142,51.4963261],[-0.1434494,51.4963299],[-0.1433104,51.4963403],[-0.1432299,51.4963476],[-0.143111,51.4963594],[-0.14310215851491126,51.49636040062785]]},"properties":{"id":"940GZZLUSSQ-940GZZLUVIC-Circle","source":"940GZZLUSSQ","target":"940GZZLUVIC","sourceName":"Sloane Square","targetName":"Victoria","line":"Circle","colour":"#FFD300","color":"#FFD300","traffic":0.4676,"off9":3.0,"off12":7.0,"off14":12.0},"id":724},{"type":"Feature","geometry":{"type":"LineString","coordinates":[[-0.15636071833280082,51.49232824466787],[-0.1561427,51.4922673],[-0.1560548,51.4922456],[-0.1555588,51.4921443],[-0.1550494,51.4920565],[-0.154447,51.491951],[-0.1542459,51.4919305],[-0.1540369,51.4919225],[-0.153816,51.4919198],[-0.1532244,51.4919338],[-0.1526119,51.491947],[-0.1522735,51.4919594],[-0.151997,51.4919839],[-0.1517395,51.4920129],[-0.1515079,51.4920477],[-0.1512475,51.4921],[-0.1510089,51.4921597],[-0.1507083,51.492246],[-0.1503145,51.4923821],[-0.1500757,51.492476],[-0.149625,51.4927223],[-0.1492965,51.4929197],[-0.1491012,51.4930243],[-0.1489324,51.4931214],[-0.1486498,51.4932996],[-0.1484496,51.4934404],[-0.1482953,51.4935509],[-0.1481183,51.4937104],[-0.1479721,51.4938524],[-0.147234,51.4947434],[-0.1467233,51.4953653],[-0.146577,51.495506],[-0.146383,51.4956607],[-0.1461797,51.4957833],[-0.1460061,51.495866],[-0.1458607,51.4959308],[-0.1456734,51.4960053],[-0.1455095,51.4960657],[-0.1453063,51.4961318],[-0.1450999,51.4961912],[-0.1448793,51.4962377],[-0.1447102,51.4962678],[-0.1445971,51.4962827],[-0.1444585,51.4962975],[-0.144281,51.4963164],[-0.144097,51.4963251],[-0.1438961,51.4963255],[-0.1437612,51.4963251],[-0.1436142,51.4963261],[-0.1434494,51.4963299],[-0.1433104,51.4963403],[-0.1432299,51.4963476],[-0.143111,51.4963594],[-0.14310215851491126,51.49636040062785]]},"properties":{"id":"940GZZLUSSQ-940GZZLUVIC-District","source":"940GZZLUSSQ","target":"940GZZLUVIC","sourceName":"Sloane Square","targetName":"Victoria","line":"District","colour":"#00782A","color":"#00782A","traffic":0.4676,"off9":1.5,"off12":3.5,"off14":6.0},"id":725},{"type":"Feature","geometry":{"type":"LineString","coordinates":[[0.027431179758737954,51.59188510668123],[0.0271282,51.5905956],[0.0270007,51.5901555],[0.0266158,51.5891512],[0.026066,51.5880345],[0.0255063,51.5870048],[0.0250065,51.5861896],[0.0241525,51.5848203],[0.0240461,51.5846516],[0.0240081,51.5845941],[0.0228586,51.5828555],[0.0222591,51.581815],[0.0218392,51.581193],[0.0216826,51.5809708],[0.0215088,51.5807279],[0.021460195566638397,51.58066289882557]]},"properties":{"id":"940GZZLUSWF-940GZZLUSNB-Central","source":"940GZZLUSWF","target":"940GZZLUSNB","sourceName":"South Woodford","targetName":"Snaresbrook","line":"Central","colour":"#E32017","color":"#E32017","traffic":0.2658,"off9":0.0,"off12":0.0,"off14":0.0},"id":726},{"type":"Feature","geometry":{"type":"LineString","coordinates":[[0.027431179758737954,51.59188510668123],[0.0274406,51.5919252],[0.0279591,51.5946503],[0.0283283,51.5958325],[0.0285131,51.5963578],[0.0288049,51.5972147],[0.0296675,51.5990371],[0.0314528,51.6021608],[0.0317073,51.6026462],[0.0317873,51.6027879],[0.0321479,51.603445],[0.0324021,51.6039108],[0.0326331,51.604333],[0.0330455,51.6050772],[0.0332265,51.6054076],[0.0333703,51.6056705],[0.0339019,51.6066431],[0.034032059358078105,51.606862119184086]]},"properties":{"id":"940GZZLUSWF-940GZZLUWOF-Central","source":"940GZZLUSWF","target":"940GZZLUWOF","sourceName":"South Woodford","targetName":"Woodford","line":"Central","colour":"#E32017","color":"#E32017","traffic":0.0381,"off9":0.0,"off12":0.0,"off14":0.0},"id":727},{"type":"Feature","geometry":{"type":"LineString","coordinates":[[-0.336437190534535,51.55693577072891],[-0.3365975,51.5569701],[-0.3379826,51.5572668],[-0.3383734,51.5573323],[-0.3389469,51.5574112],[-0.3395357,51.5574595],[-0.3404173,51.5574973],[-0.3420054,51.5575662],[-0.3424475,51.5576049],[-0.342964,51.5576831],[-0.3434257,51.5577728],[-0.3439493,51.5579101],[-0.3442731,51.5580168],[-0.3448312,51.5582395],[-0.3454343,51.5585184],[-0.3458283,51.5587259],[-0.3462122,51.5589466],[-0.3466272,51.5591943],[-0.3470068,51.5594521],[-0.3473448,51.5597105],[-0.3476318,51.5599429],[-0.3479657,51.5602467],[-0.3484578,51.5607586],[-0.3486519,51.5609787],[-0.3489053,51.5612686],[-0.3494135,51.5618455],[-0.3501839,51.5627333],[-0.3503884,51.5629647],[-0.3504204,51.5630025],[-0.350621,51.5632373],[-0.3508387,51.5634735],[-0.3512756,51.5639064],[-0.3516025,51.5641909],[-0.3519268,51.5644497],[-0.3522098,51.5646621],[-0.3525024654645457,51.56487351228952]]},"properties":{"id":"940GZZLUSUH-940GZZLUSHH-Piccadilly","source":"940GZZLUSUH","target":"940GZZLUSHH","sourceName":"Sudbury Hill","targetName":"South Harrow","line":"Piccadilly","colour":"#003688","color":"#003688","traffic":0.0259,"off9":-1.5,"off12":-3.5,"off14":-6.0},"id":728},{"type":"Feature","geometry":{"type":"LineString","coordinates":[[-0.336437190534535,51.55693577072891],[-0.3359937,51.5568408],[-0.3358788,51.5568161],[-0.3358065,51.5568006],[-0.3342179,51.5564603],[-0.3322571,51.5560591],[-0.3317652,51.5559805],[-0.3312578,51.5559237],[-0.3304376,51.55586],[-0.3297955,51.5557919],[-0.3292548,51.5557188],[-0.3287568,51.5556361],[-0.3283092,51.5555437],[-0.3278032,51.5554118],[-0.3272398,51.555221],[-0.3267869,51.5550499],[-0.3263113,51.5548663],[-0.3256884,51.5546195],[-0.3250158,51.554365],[-0.3244064,51.5541509],[-0.3238141,51.5539321],[-0.3228683,51.5535858],[-0.3219068,51.5532286],[-0.3214795,51.5530638],[-0.3204969,51.5526959],[-0.3197168,51.5524027],[-0.3189348,51.5521025],[-0.3181537,51.5518067],[-0.3175249,51.5515673],[-0.3165624,51.5511769],[-0.3158035,51.5508479],[-0.31574263496316113,51.55082019591427]]},"properties":{"id":"940GZZLUSUH-940GZZLUSUT-Piccadilly","source":"940GZZLUSUH","target":"940GZZLUSUT","sourceName":"Sudbury Hill","targetName":"Sudbury Town","line":"Piccadilly","colour":"#003688","color":"#003688","traffic":0.09,"off9":-1.5,"off12":-3.5,"off14":-6.0},"id":729},{"type":"Feature","geometry":{"type":"LineString","coordinates":[[-0.199719,51.434573],[-0.206602,51.445073]]},"properties":{"id":"940GZZLUWIP-940GZZLUSFS-District","source":"940GZZLUWIP","target":"940GZZLUSFS","sourceName":"Wimbledon Park","targetName":"Southfields","line":"District","colour":"#00782A","color":"#00782A","traffic":0.1154,"off9":1.5,"off12":3.5,"off14":6.0},"id":730},{"type":"Feature","geometry":{"type":"LineString","coordinates":[[-0.199719,51.434573],[-0.206573,51.421207]]},"properties":{"id":"940GZZLUWIP-940GZZLUWIM-District","source":"940GZZLUWIP","target":"940GZZLUWIM","sourceName":"Wimbledon Park","targetName":"Wimbledon","line":"District","colour":"#00782A","color":"#00782A","traffic":0.0835,"off9":1.5,"off12":3.5,"off14":6.0},"id":731},{"type":"Feature","geometry":{"type":"LineString","coordinates":[[-0.13360819516331257,51.49954467932422],[-0.1335942,51.4995487],[-0.1334125,51.499595],[-0.1331462,51.4996434],[-0.1329021,51.4996698],[-0.132701,51.4996901],[-0.1324971,51.4996985],[-0.1321316,51.4997104],[-0.1315582,51.4997119],[-0.1303437,51.4996836],[-0.1300147,51.4996834],[-0.1296879,51.4996943],[-0.1295172,51.4997035],[-0.1293361,51.4997218],[-0.1290265,51.4997659],[-0.128852,51.4998011],[-0.1286763,51.4998395],[-0.1284429,51.4998986],[-0.1281947,51.4999829],[-0.1279707,51.5000639],[-0.1276249,51.500193],[-0.1267357,51.5005166],[-0.1258326,51.5008439],[-0.125526,51.5009658],[-0.1253316,51.5010451],[-0.1251817,51.5011187],[-0.1249869,51.5012287],[-0.12485579337229322,51.50131178392979]]},"properties":{"id":"940GZZLUSJP-940GZZLUWSM-Circle","source":"940GZZLUSJP","target":"940GZZLUWSM","sourceName":"St Jamess Park","targetName":"Westminster","line":"Circle","colour":"#FFD300","color":"#FFD300","traffic":0.4274,"off9":3.0,"off12":7.0,"off14":12.0},"id":732},{"type":"Feature","geometry":{"type":"LineString","coordinates":[[-0.13360819516331254,51.49954467932422],[-0.1335942,51.4995487],[-0.1334125,51.499595],[-0.1331462,51.4996434],[-0.1329021,51.4996698],[-0.132701,51.4996901],[-0.1324971,51.4996985],[-0.1321316,51.4997104],[-0.1315582,51.4997119],[-0.1303437,51.4996836],[-0.1300147,51.4996834],[-0.1296879,51.4996943],[-0.1295172,51.4997035],[-0.1293361,51.4997218],[-0.1290265,51.4997659],[-0.128852,51.4998011],[-0.1286763,51.4998395],[-0.1284429,51.4998986],[-0.1281947,51.4999829],[-0.1279707,51.5000639],[-0.1276249,51.500193],[-0.1267357,51.5005166],[-0.1258326,51.5008439],[-0.125526,51.5009658],[-0.1253316,51.5010451],[-0.1251817,51.5011187],[-0.1249869,51.5012287],[-0.12485579337229319,51.50131178392979]]},"properties":{"id":"940GZZLUSJP-940GZZLUWSM-District","source":"940GZZLUSJP","target":"940GZZLUWSM","sourceName":"St Jamess Park","targetName":"Westminster","line":"District","colour":"#00782A","color":"#00782A","traffic":0.4274,"off9":1.5,"off12":3.5,"off14":6.0},"id":733},{"type":"Feature","geometry":{"type":"LineString","coordinates":[[-0.13360819516331257,51.49954467932422],[-0.1340474,51.4994185],[-0.1341236,51.4993975],[-0.1342922,51.4993497],[-0.1344588,51.4993001],[-0.1347525,51.4992077],[-0.1349081,51.4991546],[-0.1350491,51.4991032],[-0.1350837,51.4990906],[-0.1353089,51.4990098],[-0.1354815,51.4989472],[-0.1357546,51.4988177],[-0.1361848,51.4986512],[-0.1363886,51.4985427],[-0.1366333,51.4984093],[-0.1372808,51.4980302],[-0.1376918,51.4978494],[-0.1378295,51.4977925],[-0.1379743,51.4977385],[-0.1381218,51.4976858],[-0.1382633,51.4976377],[-0.138451,51.4975786],[-0.1385532,51.4975495],[-0.1387177,51.4975064],[-0.1388544,51.4974684],[-0.1389753,51.4974391],[-0.1391363,51.4974027],[-0.1393228,51.4973598],[-0.1397054,51.4972841],[-0.1400283,51.4972358],[-0.1402511,51.4971932],[-0.1404552,51.4971462],[-0.1406322,51.4970961],[-0.1407892,51.4970452],[-0.1411763,51.4969062],[-0.1416596,51.4967286],[-0.141976,51.4966269],[-0.1423015,51.4965371],[-0.1426611,51.4964412],[-0.1429979,51.4963722],[-0.14310215851491126,51.49636040062785]]},"properties":{"id":"940GZZLUSJP-940GZZLUVIC-Circle","source":"940GZZLUSJP","target":"940GZZLUVIC","sourceName":"St Jamess Park","targetName":"Victoria","line":"Circle","colour":"#FFD300","color":"#FFD300","traffic":0.3028,"off9":3.0,"off12":7.0,"off14":12.0},"id":734},{"type":"Feature","geometry":{"type":"LineString","coordinates":[[-0.13360819516331254,51.49954467932422],[-0.1340474,51.4994185],[-0.1341236,51.4993975],[-0.1342922,51.4993497],[-0.1344588,51.4993001],[-0.1347525,51.4992077],[-0.1349081,51.4991546],[-0.1350491,51.4991032],[-0.1350837,51.4990906],[-0.1353089,51.4990098],[-0.1354815,51.4989472],[-0.1357546,51.4988177],[-0.1361848,51.4986512],[-0.1363886,51.4985427],[-0.1366333,51.4984093],[-0.1372808,51.4980302],[-0.1376918,51.4978494],[-0.1378295,51.4977925],[-0.1379743,51.4977385],[-0.1381218,51.4976858],[-0.1382633,51.4976377],[-0.138451,51.4975786],[-0.1385532,51.4975495],[-0.1387177,51.4975064],[-0.1388544,51.4974684],[-0.1389753,51.4974391],[-0.1391363,51.4974027],[-0.1393228,51.4973598],[-0.1397054,51.4972841],[-0.1400283,51.4972358],[-0.1402511,51.4971932],[-0.1404552,51.4971462],[-0.1406322,51.4970961],[-0.1407892,51.4970452],[-0.1411763,51.4969062],[-0.1416596,51.4967286],[-0.141976,51.4966269],[-0.1423015,51.4965371],[-0.1426611,51.4964412],[-0.1429979,51.4963722],[-0.14310215851491126,51.49636040062785]]},"properties":{"id":"940GZZLUSJP-940GZZLUVIC-District","source":"940GZZLUSJP","target":"940GZZLUVIC","sourceName":"St Jamess Park","targetName":"Victoria","line":"District","colour":"#00782A","color":"#00782A","traffic":0.3028,"off9":1.5,"off12":3.5,"off14":6.0},"id":735},{"type":"Feature","geometry":{"type":"LineString","coordinates":[[-0.18546119421834975,51.61803085258597],[-0.1853742,51.6182435],[-0.1852927,51.6184426],[-0.1850221,51.6189851],[-0.1842678,51.6203082],[-0.1833952,51.6217504],[-0.1830323,51.6224041],[-0.182598,51.6231472],[-0.1824967,51.6233146],[-0.1820107,51.6241503],[-0.1812122,51.6255173],[-0.1807216,51.626343],[-0.1803252,51.6270185],[-0.1797701,51.6279873],[-0.1794432,51.6286811],[-0.1792663,51.6292313],[-0.1791655,51.6299557],[-0.179134,51.6303684],[-0.1791293345798328,51.63059534169709]]},"properties":{"id":"940GZZLUWOP-940GZZLUTAW-Northern","source":"940GZZLUWOP","target":"940GZZLUTAW","sourceName":"Woodside Park","targetName":"Totteridge  Whetstone","line":"Northern","colour":"#000000","color":"#000000","traffic":0.0193,"off9":0.0,"off12":0.0,"off14":0.0},"id":736},{"type":"Feature","geometry":{"type":"LineString","coordinates":[[-0.18546119421834975,51.61803085258597],[-0.185563,51.617782],[-0.1857122,51.6173592],[-0.1859168,51.6167341],[-0.1861459,51.6160805],[-0.1861961,51.6159196],[-0.1868707,51.6138556],[-0.1869801,51.6135369],[-0.1880066,51.6103624],[-0.1881731,51.6097621],[-0.1882772,51.6094751],[-0.18831062100920304,51.60940238528029]]},"properties":{"id":"940GZZLUWOP-940GZZLUWFN-Northern","source":"940GZZLUWOP","target":"940GZZLUWFN","sourceName":"Woodside Park","targetName":"West Finchley","line":"Northern","colour":"#000000","color":"#000000","traffic":0.1172,"off9":0.0,"off12":0.0,"off14":0.0},"id":737},{"type":"Feature","geometry":{"type":"LineString","coordinates":[[0.2508821325910105,51.55906749838228],[0.2507328,51.5590719],[0.2502091,51.5590872],[0.2495651,51.5591007],[0.2493461,51.5591053],[0.2482217,51.5591191],[0.2476257,51.5591222],[0.2467953,51.559133],[0.2460392,51.5591566],[0.2446977,51.5591993],[0.2438233,51.5592245],[0.2431898,51.5592432],[0.2428979,51.5592546],[0.241783,51.559259],[0.2413216,51.5592469],[0.2406957,51.5592161],[0.23999,51.5591679],[0.2393925,51.5591285],[0.2386141,51.5590556],[0.2382162,51.5590081],[0.2378293,51.5589547],[0.237268,51.5588588],[0.2368466,51.5587848],[0.2366563,51.5587515],[0.2361131,51.5586524],[0.23580266157931196,51.55859328680164]]},"properties":{"id":"940GZZLUUPM-940GZZLUUPB-District","source":"940GZZLUUPM","target":"940GZZLUUPB","sourceName":"Upminster","targetName":"Upminster Bridge","line":"District","colour":"#00782A","color":"#00782A","traffic":0.0091,"off9":1.5,"off12":3.5,"off14":6.0},"id":738},{"type":"Feature","geometry":{"type":"LineString","coordinates":[[-0.206573,51.421207],[-0.199719,51.434573]]},"properties":{"id":"940GZZLUWIM-940GZZLUWIP-District","source":"940GZZLUWIM","target":"940GZZLUWIP","sourceName":"Wimbledon","targetName":"Wimbledon Park","line":"District","colour":"#00782A","color":"#00782A","traffic":0.1013,"off9":1.5,"off12":3.5,"off14":6.0},"id":739}]}