{"type":"FeatureCollection","features":[{"type":"Feature","geometry":{"type":"MultiLineString","coordinates":[[[-0.2099441,51.5333132],[-0.2097836,51.5333374],[-0.2096359,51.5333589],[-0.2094538,51.5333817],[-0.2091932,51.5334153],[-0.2088321,51.5334709],[-0.2073294,51.5337472],[-0.2071103,51.5337843],[-0.2069232,51.533809],[-0.2067286,51.5338333],[-0.2064496,51.5338707],[-0.2063361,51.5338863],[-0.2062056,51.5339072],[-0.2055957,51.5340171],[-0.2048001,51.5341642],[-0.2042768,51.5342557],[-0.2041004,51.5342839],[-0.2039727,51.5343007],[-0.2038549,51.5343162],[-0.2035603,51.5343531],[-0.2032695,51.5343923],[-0.202723,51.5344861],[-0.2020387,51.5346109],[-0.2015153,51.5347052],[-0.2008834,51.5348153],[-0.1999102,51.5349745],[-0.1994627,51.5350302],[-0.1990678,51.5350841],[-0.198193,51.5352221],[-0.1972955,51.5353675],[-0.196964,51.5354049],[-0.1966562,51.5354343],[-0.1962827,51.5354516],[-0.1958748,51.5354647],[-0.1956363,51.5354566],[-0.19546,51.5354371],[-0.1953225,51.5354166],[-0.1951783,51.5353902],[-0.1949594,51.5353354],[-0.1943046,51.5351509],[-0.1942359,51.5351308],[-0.1941674,51.5351104],[-0.1937947,51.534985],[-0.1933547,51.5348192],[-0.1920827,51.5344061],[-0.1916082,51.5342526],[-0.1912073,51.5340991],[-0.1908848,51.5339408],[-0.1905137,51.5337316],[-0.1902457,51.5335442],[-0.189965,51.5333249],[-0.1894934,51.5329357],[-0.1889194,51.5324521],[-0.1866313,51.5304955],[-0.1858544,51.529847],[-0.1852906,51.5293646],[-0.1836814,51.528057],[-0.1835375,51.5279093],[-0.183401,51.5277086],[-0.1833452,51.5275694],[-0.1833055,51.52745],[-0.1832719,51.5273343],[-0.1832908,51.5272363],[-0.1833227,51.5270795],[-0.183331,51.5270355],[-0.183335,51.5270204],[-0.1833854,51.5269178],[-0.1834472,51.5268022],[-0.1834981,51.5266964],[-0.1835401,51.5266189],[-0.1836058,51.5264952],[-0.183718,51.5262675],[-0.1837695,51.5261547],[-0.1838109,51.5260662],[-0.1838307,51.5260084],[-0.1838806,51.5258734],[-0.1839412,51.5257169],[-0.1839735,51.5256031],[-0.1840041,51.5254952],[-0.1840267,51.5254036],[-0.1840431,51.5253412],[-0.1840709,51.5252608],[-0.1840777,51.5251942],[-0.1840868,51.5250384],[-0.1840902,51.5249002],[-0.1840981,51.5247634],[-0.1841066,51.5245971],[-0.1841043,51.5245389],[-0.1841021,51.5244356],[-0.1840987,51.5242869],[-0.1840862,51.5241452],[-0.1840794,51.5240574],[-0.1840658,51.5240105],[-0.1840426,51.5239365],[-0.1840233,51.5238558],[-0.1840114,51.5238075],[-0.1839538,51.5237134],[-0.1837311,51.5234496],[-0.1835405,51.523292],[-0.1833309,51.5231385],[-0.1832366,51.5230715],[-0.1827127,51.5226954],[-0.1825966,51.5226003],[-0.1824651,51.5224649],[-0.1823427,51.5223652],[-0.180671,51.5212077],[-0.1792028,51.5202685],[-0.1789466,51.5200952],[-0.1787193,51.5199194],[-0.1785834,51.5198078],[-0.1784741,51.5197067],[-0.1783378,51.5195468],[-0.1782574,51.5194439],[-0.1781754,51.519335],[-0.1781036,51.5191964],[-0.1779502,51.5189383],[-0.1777912,51.518547],[-0.1777319,51.5184111],[-0.1776138,51.5182414],[-0.1773579,51.5179382],[-0.1772764,51.5178531],[-0.1769842,51.5175344],[-0.17683,51.517352],[-0.1767108,51.5171961],[-0.1765686,51.5170856],[-0.1762551,51.5169058],[-0.1754608,51.5163981],[-0.1750716,51.5161945],[-0.1748398,51.5161068],[-0.1746183,51.5160829],[-0.1744207,51.5160917],[-0.1741996,51.5161168],[-0.1737527,51.5162351],[-0.1733032,51.5164203],[-0.1726763,51.5169074],[-0.1723707,51.5172521],[-0.1720769,51.5175834],[-0.1718739,51.5178336],[-0.1717443,51.5180413],[-0.1716716,51.5181578],[-0.1715582,51.5183501],[-0.1712161,51.5193519],[-0.1710754,51.5197573],[-0.1710324,51.5198593],[-0.170964,51.5199769],[-0.1708245,51.5201292],[-0.1706483,51.520256],[-0.170525,51.5203447],[-0.170304,51.5204793],[-0.1700681,51.5206066],[-0.1698368,51.5207163],[-0.1695974,51.5208218],[-0.169279,51.5209451],[-0.1684245,51.5212312],[-0.1679587,51.5213641],[-0.1675147,51.5214991],[-0.1671369,51.5216147],[-0.1668494,51.521702],[-0.1664383,51.5218274],[-0.1657809,51.5220276],[-0.165248,51.5221923],[-0.1651534,51.5222096],[-0.1650119,51.5222299],[-0.1648877,51.5222496],[-0.1647939,51.5222523],[-0.1646502,51.5222594],[-0.1645616,51.5222599],[-0.1644074,51.522255],[-0.1642706,51.5222523],[-0.1641382,51.5222528],[-0.1640436,51.5222539],[-0.1639077,51.522255],[-0.1637534,51.5222626],[-0.1635799,51.5222736],[-0.1632968,51.5223019],[-0.1631074,51.522315],[-0.1628427,51.5223374],[-0.1625464,51.5223603],[-0.162315,51.5223777],[-0.1621642,51.5223886],[-0.1619337,51.5224148],[-0.1616304,51.5224492],[-0.1614236,51.5224835],[-0.1611308,51.5225326],[-0.1608626,51.5225768],[-0.1605444,51.5226308],[-0.1602481,51.5226799],[-0.1600298,51.522717],[-0.1598966,51.5227388],[-0.15951,51.5228004],[-0.1588211,51.5229106],[-0.1583881,51.5229798],[-0.158154,51.5230191],[-0.1578665,51.5230829],[-0.1575518,51.5231568],[-0.15716,51.5232487],[-0.156819,51.5233289],[-0.1564509,51.5234151],[-0.1562089,51.5234718],[-0.155946,51.5235296],[-0.1556085,51.5236076],[-0.1553885,51.5236649],[-0.1551588,51.523721],[-0.1549038,51.5237767],[-0.154668,51.5238274],[-0.1542334,51.5239106],[-0.1539211,51.5239697],[-0.1534469,51.5240461],[-0.1530279,51.5241148],[-0.1525923,51.5241862],[-0.1522644,51.5242413],[-0.1515465,51.5243591],[-0.1512284,51.5244142],[-0.1508514,51.5244747],[-0.1505175,51.5245309],[-0.1501204,51.5245964],[-0.1496015,51.5246831],[-0.149186,51.5247512],[-0.1488476,51.524796],[-0.1485058,51.5248156],[-0.148185,51.5248189],[-0.1479106,51.5247921],[-0.1476643,51.5247289],[-0.1474235,51.5246221],[-0.1471688,51.5244625],[-0.1470112,51.5243323],[-0.1468763,51.5241763],[-0.146739,51.5239573],[-0.1465949,51.5236665],[-0.146181,51.5229676],[-0.1460918,51.5227824],[-0.1441335,51.5183885],[-0.1440398,51.5182928],[-0.1438995,51.5182106],[-0.1436278,51.5180841],[-0.1434031,51.517977],[-0.1431115,51.5178376],[-0.1429365,51.5176932],[-0.1428187,51.5175338],[-0.1427267,51.5173881],[-0.142682,51.5173139],[-0.142225,51.5162674],[-0.1421295,51.5160484],[-0.1419904,51.5156668],[-0.1419346,51.5154771],[-0.1418717,51.5152533],[-0.1418311,51.5150928],[-0.1417853,51.5149372],[-0.1417537,51.5148315],[-0.1416722,51.5146307],[-0.1416266,51.5145135],[-0.1414828,51.5143116],[-0.1413689,51.5141551],[-0.1412321,51.5139331],[-0.1410516,51.5136925],[-0.1408964,51.5135048],[-0.1406869,51.5132774],[-0.1405554,51.5131317],[-0.1404318,51.5129953],[-0.1398612,51.5123778],[-0.1396526,51.5121432],[-0.1395229,51.5119905],[-0.1393756,51.5118154],[-0.1392099,51.5116179],[-0.1389084,51.5112873],[-0.1387006,51.511056],[-0.1381169,51.5103588],[-0.137981,51.510242],[-0.1378955,51.5101925],[-0.1377856,51.5101412],[-0.1376972,51.5101077],[-0.137566,51.5100606],[-0.1374885,51.5100365],[-0.1373854,51.5100082],[-0.1372793,51.5099832],[-0.1371198,51.5099523],[-0.1369469,51.5099271],[-0.136774,51.5099087],[-0.1364418,51.5099],[-0.1362104,51.5099071],[-0.1358251,51.5099416],[-0.1352266,51.5100211],[-0.1350249,51.5100351],[-0.1344313,51.5100502],[-0.1336725,51.5100696],[-0.1334669,51.5100696],[-0.133271,51.5100403],[-0.1331144,51.5099711],[-0.1329534,51.5098676],[-0.1327256,51.5096864],[-0.1325528,51.50952],[-0.1323159,51.5092316],[-0.1317462,51.5084826],[-0.1314463,51.5080904],[-0.1312184,51.5078967],[-0.1309756,51.5077636],[-0.1308182,51.5077069],[-0.1306331,51.5076816],[-0.1296846,51.5075914],[-0.129134,51.5075446],[-0.1283355,51.5075319],[-0.1279827,51.5075215],[-0.1277331,51.5075028],[-0.127518,51.5074743],[-0.1269759,51.5073975],[-0.1265255,51.507319],[-0.1259385,51.5072077],[-0.1229841,51.5066338],[-0.1226003,51.5065336],[-0.1224109,51.5064767],[-0.1221757,51.5063903],[-0.1217938,51.5062175],[-0.1214632,51.5060685],[-0.1211796,51.5059291],[-0.1192655,51.5049047],[-0.1190892,51.5048265],[-0.118924,51.5047638],[-0.118751,51.5047042],[-0.1184989,51.5046365],[-0.1157949,51.5039998],[-0.115446,51.5038842],[-0.11521,51.5037589],[-0.1149739,51.503542],[-0.1148666,51.5033423],[-0.114813,51.5031525],[-0.1148184,51.5029231],[-0.1148452,51.5026457],[-0.1151215,51.5008993],[-0.1151349,51.5006794],[-0.1151188,51.5005264],[-0.1150919,51.5003748],[-0.1150437,51.5002409],[-0.1149042,51.5000621],[-0.1145654,51.499908],[-0.1143601,51.4998147],[-0.113363,51.4993587],[-0.1129515,51.4991705],[-0.1128887,51.4991418],[-0.1124045,51.4989361],[-0.1124003,51.4989343],[-0.1123924,51.498931],[-0.1123879,51.4989291],[-0.1122419,51.4988685],[-0.1115801,51.4986087],[-0.1111368,51.498467],[-0.1109346,51.4984249],[-0.110884,51.4984143],[-0.1106117,51.4983716],[-0.1103705,51.4983571],[-0.1098775,51.4983435],[-0.1094204,51.4983664],[-0.1059791,51.4985939],[-0.1055285,51.4986039],[-0.105035,51.4985585],[-0.1045656,51.4984428],[-0.1040635,51.4981651],[-0.1021568,51.4966742],[-0.1019108,51.4964819],[-0.101666,51.4962905],[-0.1014461,51.4961385],[-0.1013565,51.496072],[-0.1011026,51.495876],[-0.1006719,51.4955434],[-0.1005835,51.4954685],[-0.1004028,51.4952973],[-0.1003094,51.4951974],[-0.1002001,51.4950555],[-0.099123,51.4935075]],[[-0.0990955,51.4932887],[-0.100075,51.4947851],[-0.1001831,51.494922],[-0.100293,51.4950557],[-0.1004431,51.4951963],[-0.1007703,51.4954111],[-0.1010014,51.4955783],[-0.1011647,51.4957022],[-0.101227,51.4957494],[-0.1013036,51.4958111],[-0.1014045,51.4958972],[-0.1014943,51.4959813],[-0.1016865,51.4961745],[-0.1019912,51.4964129],[-0.1022601,51.4966234],[-0.1042257,51.4981616],[-0.1046487,51.4983825],[-0.1050725,51.4984939],[-0.1055446,51.4985305],[-0.1060327,51.4985151],[-0.1093909,51.4982761],[-0.109884,51.4982617],[-0.110324,51.4982845],[-0.1106347,51.4983043],[-0.1109182,51.4983451],[-0.1112044,51.4984078],[-0.1117732,51.4985652],[-0.1120769,51.4986724],[-0.1128997,51.4990826],[-0.1129998,51.4991285],[-0.1134151,51.4993188],[-0.1145734,51.4998636],[-0.1149306,51.5000265],[-0.115086,51.5002116],[-0.1151455,51.5003685],[-0.1151854,51.5006815],[-0.1151854,51.5009033],[-0.1148784,51.5026555],[-0.1148393,51.5029215],[-0.1148393,51.5031538],[-0.1148905,51.5033364],[-0.1149943,51.503534],[-0.115229,51.5037485],[-0.1154622,51.5038731],[-0.1158091,51.5039854],[-0.1184943,51.5046157],[-0.1187586,51.5046845],[-0.1189473,51.5047354],[-0.1191475,51.5047959],[-0.1193203,51.50486],[-0.1212344,51.5058844],[-0.121518,51.5060238],[-0.1218486,51.5061728],[-0.1222305,51.5063456],[-0.1224657,51.506432],[-0.1226551,51.5064889],[-0.1230389,51.5065891],[-0.1259933,51.507163],[-0.1271981,51.5073473],[-0.1278431,51.507397],[-0.1280604,51.5074094],[-0.1283193,51.5074191],[-0.1291153,51.5074404],[-0.1297154,51.5075074],[-0.1302171,51.5075807],[-0.1308072,51.507648],[-0.1310083,51.5077164],[-0.1312536,51.5078535],[-0.1314852,51.5080402],[-0.1323782,51.5092019],[-0.132617,51.5094911],[-0.1327799,51.5096583],[-0.1329994,51.5098344],[-0.1331564,51.5099349],[-0.133298,51.5100003],[-0.1334766,51.5100296],[-0.1336686,51.5100347],[-0.1344256,51.5100143],[-0.1350177,51.5099987],[-0.1352847,51.5099768],[-0.1357011,51.5099163],[-0.1360288,51.5098789],[-0.1363426,51.509859],[-0.1365106,51.5098538],[-0.1367628,51.5098587],[-0.1369627,51.5098762],[-0.1371313,51.5098993],[-0.1372662,51.5099219],[-0.1374186,51.5099543],[-0.1375423,51.5099891],[-0.1376316,51.5100206],[-0.1377613,51.5100748],[-0.1379091,51.5101468],[-0.1379523,51.5101723],[-0.1379899,51.5101965],[-0.1380213,51.5102213],[-0.1380983,51.5102848],[-0.1381428,51.510322],[-0.1381779,51.5103571],[-0.1383597,51.5105624],[-0.141065,51.5136367],[-0.141648,51.5144875],[-0.1417703,51.5148018],[-0.1418813,51.5151861],[-0.1419591,51.5154638],[-0.1420167,51.5156556],[-0.142061,51.5157851],[-0.1421469,51.5160177],[-0.1422483,51.5162613],[-0.1427238,51.5172811],[-0.1428717,51.5175098],[-0.1429848,51.5176713],[-0.1431501,51.5178077],[-0.1433423,51.5179057],[-0.1437335,51.5180917],[-0.1439281,51.5181875],[-0.1440783,51.5182741],[-0.1441839,51.5183804],[-0.1461377,51.5227729],[-0.1462254,51.5229585],[-0.1466069,51.5236375],[-0.1467715,51.5239551],[-0.1469105,51.5241661],[-0.1470376,51.5243157],[-0.1471897,51.5244449],[-0.1474496,51.5246063],[-0.1476505,51.5246987],[-0.1478991,51.5247625],[-0.1481684,51.5247887],[-0.148494,51.524786],[-0.1488339,51.5247635],[-0.1491681,51.5247194],[-0.1541691,51.5238926],[-0.1546423,51.5237991],[-0.1551884,51.5236794],[-0.1557059,51.5235477],[-0.1562111,51.5234358],[-0.1566644,51.5233314],[-0.1575496,51.5231217],[-0.158137,51.5229875],[-0.1595612,51.5227597],[-0.1599666,51.5226949],[-0.1616064,51.5224191],[-0.1621435,51.5223579],[-0.1626501,51.5223201],[-0.1632216,51.522276],[-0.1635969,51.5222403],[-0.1638262,51.5222253],[-0.164229,51.5222208],[-0.1645876,51.5222295],[-0.1648717,51.5222166],[-0.1652279,51.5221602],[-0.1679369,51.5213355],[-0.1681969,51.5212546],[-0.1683908,51.5211943],[-0.1692393,51.5209072],[-0.1695545,51.5207839],[-0.16981,51.5206729],[-0.1700213,51.5205708],[-0.1702657,51.5204413],[-0.1704563,51.5203266],[-0.1706828,51.5201785],[-0.1708017,51.5200787],[-0.1708996,51.5199652],[-0.1709707,51.5198442],[-0.1710211,51.5197102],[-0.171135,51.5193395],[-0.1713828,51.5185754],[-0.1715715,51.5182201],[-0.1716244,51.5181362],[-0.1720172,51.5175731],[-0.1726338,51.5168863],[-0.1730226,51.5165851],[-0.1732475,51.5163962],[-0.1735037,51.5162622],[-0.1736247,51.516222],[-0.1737519,51.5161797],[-0.1739921,51.5160937],[-0.1742675,51.5159857],[-0.1745926,51.5159543],[-0.1748941,51.515957],[-0.1750657,51.5159749],[-0.1752277,51.5160131],[-0.1753726,51.5160675],[-0.1755319,51.5161505],[-0.1758811,51.5163808],[-0.1761134,51.5165938],[-0.1766735,51.5170476],[-0.1773396,51.5178313],[-0.177743,51.5182931],[-0.1779188,51.5185295],[-0.178141,51.5190141],[-0.1782722,51.5192862],[-0.1783859,51.5194497],[-0.1785085,51.5196035],[-0.1786596,51.5197706],[-0.1787811,51.5198762],[-0.1789422,51.5199925],[-0.1792776,51.5202245],[-0.1807158,51.5211746],[-0.182207,51.5222023],[-0.182428,51.5223374],[-0.1825952,51.5224167],[-0.1828007,51.5225008],[-0.1829056,51.5225552],[-0.1832017,51.5227466],[-0.1834674,51.5229412],[-0.1835698,51.5230247],[-0.1837447,51.5231888],[-0.1838829,51.5233243],[-0.1840665,51.5236963],[-0.1841089,51.5240561],[-0.1841388,51.5245912],[-0.1840984,51.5252648],[-0.1839654,51.5257178],[-0.1838331,51.5260692],[-0.1835393,51.5266574],[-0.1833565,51.5270259],[-0.1832933,51.5273331],[-0.1833672,51.5275172],[-0.1834548,51.5276985],[-0.1835894,51.527856],[-0.1837539,51.5280177],[-0.1854141,51.5293607],[-0.1859863,51.5297951],[-0.1867434,51.530462],[-0.1890206,51.532404],[-0.1900767,51.5332835],[-0.1905424,51.5336567],[-0.1909619,51.5339235],[-0.1912294,51.5340586],[-0.191666,51.534229],[-0.1921027,51.5343765],[-0.1933604,51.5346816],[-0.193723,51.5347761],[-0.1943338,51.5349541],[-0.1945499,51.5350172],[-0.1947303,51.5350736],[-0.1948603,51.5351159],[-0.1951135,51.5351887],[-0.1952895,51.5352281],[-0.1953909,51.5352472],[-0.1955169,51.5352681],[-0.1956739,51.5352831],[-0.1958744,51.5352872],[-0.1962879,51.535283],[-0.1967382,51.5352638],[-0.1974581,51.535212],[-0.1981193,51.5351501],[-0.1986972,51.5350841],[-0.1992702,51.5350171],[-0.1999004,51.5349287],[-0.2008426,51.534795],[-0.2008673,51.5347901],[-0.201502,51.534671],[-0.2020228,51.5345782],[-0.2024114,51.5345075],[-0.2028103,51.5344368],[-0.2032035,51.5343709],[-0.2033052,51.5343554],[-0.2034561,51.5343308],[-0.2036279,51.5343086],[-0.2038352,51.5342854],[-0.2039847,51.5342662],[-0.2040951,51.53425],[-0.2042425,51.5342268],[-0.2047811,51.5341355],[-0.205582,51.5339844],[-0.20619,51.5338735],[-0.2063126,51.5338499],[-0.2063519,51.5338431],[-0.2064687,51.5338185],[-0.2067895,51.5337368],[-0.2069929,51.5336888],[-0.2072776,51.5336326],[-0.2087854,51.533371],[-0.2091051,51.5333143],[-0.2092264,51.5332845],[-0.2094845,51.5332456],[-0.2096435,51.533218],[-0.2098562,51.533183]]]},"properties":{"name":"Bakerloo","colour":"#B36305","mode":"tfl"}},{"type":"Feature","geometry":{"type":"MultiLineString","coordinates":[[[-0.2662625,51.5249985],[-0.2664354,51.5250218],[-0.2665344,51.5250315],[-0.2667214,51.5250411],[-0.2670072,51.5250498],[-0.2673066,51.5250564],[-0.2676202,51.5250637],[-0.2678811,51.5250792],[-0.2681258,51.5250999],[-0.2683668,51.5251278],[-0.2685738,51.5251549],[-0.2689617,51.5252248],[-0.269188,51.5252725],[-0.2695347,51.5253643],[-0.2697276,51.5254226],[-0.2701488,51.525565],[-0.2705666,51.5257084],[-0.2708743,51.5258201],[-0.2711817,51.5259059],[-0.2715696,51.5260027],[-0.2720109,51.526095],[-0.2783249,51.5273434],[-0.2823094,51.5281284],[-0.2849532,51.5285934],[-0.286264,51.5288496],[-0.287569,51.5291209],[-0.2885807,51.529332],[-0.2896125,51.5295355],[-0.290523,51.5297214],[-0.2913616,51.5298934],[-0.2918014,51.529967],[-0.2922062,51.530028],[-0.2928383,51.5301164],[-0.2933143,51.5301886],[-0.2938647,51.5302899],[-0.2946051,51.5304316],[-0.295477,51.5305939],[-0.2960931,51.5307147],[-0.2972531,51.5308899],[-0.2983964,51.5310483],[-0.2986128,51.5310823],[-0.3004804,51.5312979],[-0.3015554,51.5314431],[-0.3026212,51.5316106],[-0.3031187,51.5316918],[-0.3041799,51.5318827],[-0.3052284,51.532089],[-0.3064045,51.5323772],[-0.3076821,51.5326962],[-0.3079502,51.532769],[-0.3081606,51.5328262],[-0.3094972,51.5331619],[-0.3098051,51.5332428],[-0.3194551,51.5357049],[-0.3196904,51.5357674],[-0.3216748,51.5362358],[-0.3218328,51.5362733],[-0.3220577,51.5363245],[-0.3222966,51.5363763],[-0.3224872,51.5364184],[-0.3226564,51.5364568],[-0.3227886,51.5364875],[-0.3229631,51.5365303],[-0.3240105,51.5368052],[-0.3242769,51.5368814],[-0.3260669,51.5373894],[-0.3296153,51.5382812],[-0.3326815,51.5390165],[-0.3336601,51.5392413],[-0.3346467,51.5394517],[-0.3352343,51.5395933],[-0.3387979,51.54051],[-0.3393703,51.5406479],[-0.3397915,51.5407376],[-0.3404979,51.5408841],[-0.3411266,51.5410197],[-0.3417063,51.5411726],[-0.3431866,51.5416109],[-0.3435846,51.5417175],[-0.344706,51.5420154],[-0.3456496,51.5422508],[-0.3458696,51.5423079],[-0.3458782,51.5423101],[-0.3459717,51.5423344],[-0.3460828,51.5423632],[-0.3463023,51.5424202],[-0.3467307,51.5425287],[-0.3481124,51.5428747],[-0.3490087,51.5431086],[-0.3499481,51.5433486],[-0.3509751,51.5436177],[-0.3515146,51.5437631],[-0.3523661,51.5440035],[-0.3527195,51.5441013],[-0.3531447,51.5442269],[-0.3538872,51.5444327],[-0.3562184,51.5450441],[-0.3568771,51.5452181],[-0.3594858,51.5458975],[-0.3625966,51.546698],[-0.3642719,51.5471337],[-0.3657129,51.5474973],[-0.3661324,51.5475967],[-0.367171,51.5478206],[-0.3679047,51.5479891],[-0.3704288,51.548611],[-0.3709694,51.5487476],[-0.3718592,51.5489682],[-0.372342,51.5490897],[-0.3728275,51.5492086],[-0.3733111,51.5493322],[-0.3737937,51.5494626],[-0.3741525,51.5495634],[-0.3745104,51.5496675],[-0.3748658,51.5497742],[-0.3755811,51.5499839],[-0.3759395,51.5500869],[-0.3763039,51.5501841],[-0.376668,51.5502788],[-0.3796451,51.5510367],[-0.382018,51.5516353],[-0.3835375,51.5520206],[-0.3839528,51.5521107],[-0.3841895,51.5521655],[-0.3844411,51.5522175],[-0.3849997,51.552321],[-0.3856754,51.5524358],[-0.3857708,51.5524489],[-0.386722,51.5525764],[-0.3875388,51.5527122],[-0.3881777,51.5528396],[-0.3885378,51.5529257],[-0.3889491,51.5530355],[-0.3895288,51.5532041],[-0.3900512,51.553375],[-0.3907019,51.5536182],[-0.3913626,51.5538741],[-0.3914931,51.5539257],[-0.391576,51.5539591],[-0.3919301,51.554096],[-0.3925119,51.554325],[-0.3930485,51.5545517],[-0.3937019,51.5548179],[-0.39424,51.5550301],[-0.3947792,51.5552447],[-0.395487,51.5555295],[-0.3962993,51.5558464],[-0.3970101,51.5561198],[-0.3975703,51.5563218],[-0.3981981,51.5565389],[-0.3984182,51.5566148],[-0.4003081,51.5572481],[-0.4005149,51.5573198],[-0.4012363,51.5575661],[-0.4019319,51.5577997],[-0.4026315,51.5580333],[-0.4033484,51.5582833],[-0.4041171,51.5585617],[-0.4049436,51.558854],[-0.4056158,51.5590907],[-0.4061223,51.559262],[-0.4071821,51.5596181],[-0.4074385,51.5597],[-0.4076525,51.5597698],[-0.4084116,51.5600004],[-0.4091476,51.5602115],[-0.4097443,51.5603735],[-0.4103701,51.5605732],[-0.4109741,51.5607837],[-0.4110742,51.5608222],[-0.4113931,51.5609512],[-0.411586,51.5610303],[-0.411999,51.5611748],[-0.4127137,51.5614333],[-0.4127434,51.5614427],[-0.4131681,51.5615878],[-0.4138482,51.561811],[-0.4147304,51.5621037],[-0.4150563,51.5622093],[-0.4156585,51.5624031],[-0.4161364,51.5625528],[-0.4166643,51.5627113],[-0.4172036,51.5628765],[-0.4177736,51.563055],[-0.4188923,51.5634187],[-0.420136,51.5638275],[-0.4214922,51.5642734],[-0.4225943,51.5646315],[-0.423347,51.5648799],[-0.4241085,51.5651315],[-0.4246859,51.5653296],[-0.4254376,51.5656024],[-0.4261034,51.565836],[-0.4270061,51.566139],[-0.4283265,51.5665725],[-0.4292913,51.5668844],[-0.4298739,51.567071],[-0.4304209,51.5672531],[-0.4311916,51.5675053],[-0.4314114,51.5675739],[-0.4318153,51.5677068],[-0.4325303,51.5679369],[-0.4326162,51.5679662],[-0.4338586,51.5683568],[-0.4344537,51.568541],[-0.4346064,51.5685912],[-0.4351403,51.5687561],[-0.4359706,51.5690126],[-0.4370662,51.5693551],[-0.437639,51.5695388],[-0.4377495,51.5695763]],[[-0.4376928,51.5696587],[-0.4375871,51.5696218],[-0.4370109,51.5694318],[-0.4359326,51.5690589],[-0.4356199,51.5689597],[-0.4347793,51.568689],[-0.4324954,51.5679726],[-0.4317786,51.5677426],[-0.4313435,51.5676014],[-0.4311347,51.5675347],[-0.4301761,51.5672189],[-0.4293114,51.5669354],[-0.4275861,51.5663696],[-0.4267703,51.5660943],[-0.4259683,51.5658332],[-0.4251952,51.5655495],[-0.424407,51.5652704],[-0.4211801,51.5642084],[-0.4200512,51.5638358],[-0.4189128,51.5634606],[-0.417778,51.5630898],[-0.4166466,51.5627436],[-0.4158357,51.5624991],[-0.4150178,51.5622323],[-0.4142737,51.5619872],[-0.4134375,51.5617129],[-0.4129701,51.56156],[-0.4126929,51.5614672],[-0.4120928,51.5612574],[-0.4104344,51.5606927],[-0.4095818,51.5604246],[-0.4073837,51.5597334],[-0.4071368,51.5596523],[-0.406019,51.5592643],[-0.4048907,51.5588792],[-0.4035606,51.558402],[-0.4027819,51.5581469],[-0.4018764,51.5578572],[-0.4005864,51.5574418],[-0.3983645,51.5567088],[-0.3983104,51.5566888],[-0.3980628,51.5566033],[-0.3976496,51.55645],[-0.3972286,51.5562833],[-0.3959033,51.5557372],[-0.3945829,51.5552097],[-0.3915252,51.5539897],[-0.3909396,51.5537581],[-0.3904233,51.5535601],[-0.3900173,51.5534135],[-0.3893241,51.5531888],[-0.388745,51.553024],[-0.3881799,51.5528862],[-0.3875159,51.5527478],[-0.3867124,51.5526189],[-0.3857624,51.5524862],[-0.3856653,51.5524716],[-0.3845241,51.5522762],[-0.3840545,51.5521762],[-0.3835169,51.5520512],[-0.3819982,51.551668],[-0.3796284,51.551066],[-0.3766454,51.5503078],[-0.3737206,51.5495635],[-0.3717896,51.549073],[-0.3704472,51.5487293],[-0.3703661,51.548709],[-0.3684812,51.5482314],[-0.3675595,51.5479972],[-0.3661129,51.5476335],[-0.3656933,51.5475288],[-0.3642511,51.5471644],[-0.3625788,51.5467305],[-0.3594726,51.5459366],[-0.356849,51.5452598],[-0.3561924,51.5450826],[-0.3538769,51.5444743],[-0.3531222,51.5442644],[-0.3525312,51.5440908],[-0.3522296,51.5440066],[-0.3509536,51.5436688],[-0.3493996,51.5432988],[-0.347598,51.542872],[-0.3464948,51.5426012],[-0.3462356,51.5425403],[-0.3460122,51.5424841],[-0.3458968,51.542455],[-0.3458028,51.5424313],[-0.3457662,51.5424221],[-0.3455722,51.5423733],[-0.3447915,51.5421781],[-0.3434869,51.5418472],[-0.3431005,51.5417421],[-0.3429224,51.5416906],[-0.340487,51.541006],[-0.3398582,51.5408455],[-0.339421,51.5407288],[-0.3352112,51.539622],[-0.3346219,51.5394823],[-0.3336333,51.5392796],[-0.3326543,51.5390591],[-0.3295925,51.5383204],[-0.3265467,51.5375555],[-0.3242788,51.5369744],[-0.3240287,51.5369063],[-0.3234176,51.5367531],[-0.3228789,51.536613],[-0.3225593,51.5365308],[-0.3221545,51.5364299],[-0.321634,51.5362972],[-0.3196776,51.5358046],[-0.3194329,51.5357401],[-0.3097419,51.5332773],[-0.3094146,51.5331925],[-0.3081057,51.5328544],[-0.30765,51.5327241],[-0.3074176,51.5326657],[-0.3063849,51.5324064],[-0.3052009,51.5321216],[-0.3041558,51.5319194],[-0.3030912,51.5317276],[-0.3026038,51.5316467],[-0.3015393,51.5314856],[-0.3004686,51.5313355],[-0.2985862,51.5311111],[-0.2985152,51.5311015],[-0.2983777,51.531083],[-0.2954211,51.5306593],[-0.2945731,51.5305298],[-0.2932869,51.5302977],[-0.2914366,51.5299444],[-0.2895809,51.5295669],[-0.2875548,51.5291545],[-0.2862523,51.5288816],[-0.2849259,51.5286475],[-0.2822887,51.528157],[-0.2783149,51.5273881],[-0.2717746,51.5260809],[-0.2713399,51.5259819],[-0.2708929,51.525867],[-0.2705687,51.5257728],[-0.2703592,51.5257079],[-0.2701158,51.5256321],[-0.2698195,51.5255526],[-0.2695339,51.5254836],[-0.2693055,51.5254395],[-0.2690386,51.5253978],[-0.2688528,51.5253728],[-0.2686481,51.5253496],[-0.2683371,51.5253245],[-0.2678508,51.5252888],[-0.2675677,51.5252651],[-0.2673608,51.5252419],[-0.2671905,51.5252167],[-0.2664977,51.525087],[-0.2663816,51.5250632]],[[-0.3011993,51.5150173],[-0.3010518,51.5150298],[-0.3006517,51.5150469],[-0.3000928,51.5150507],[-0.2997233,51.5150486],[-0.2987404,51.51504],[-0.2985599,51.5150377],[-0.2967041,51.5150789],[-0.2965288,51.5150851],[-0.2958487,51.5151015],[-0.295073,51.515117],[-0.2942482,51.5151255],[-0.2921469,51.5151176],[-0.2917521,51.5151066],[-0.2898494,51.5150727],[-0.2877241,51.5150696],[-0.2871032,51.5150939],[-0.2864232,51.5151608],[-0.2858799,51.5152538],[-0.2853452,51.5153816],[-0.2847992,51.5155562],[-0.2842646,51.5157763],[-0.2836552,51.5160968],[-0.2831005,51.5164636],[-0.2825258,51.5168689],[-0.2813564,51.5176976],[-0.2800132,51.5186534],[-0.2795184,51.5190072],[-0.2752887,51.5220495],[-0.2727007,51.5239009],[-0.2721892,51.5242276],[-0.2716419,51.5245151],[-0.2711445,51.5247183],[-0.2706177,51.5248925],[-0.2699684,51.5250545],[-0.2696124,51.5251201],[-0.2692844,51.5251686],[-0.2689877,51.5251979],[-0.2687112,51.5252158],[-0.2684998,51.5252262],[-0.2683355,51.5252308],[-0.2681435,51.5252317],[-0.267866,51.5252284],[-0.2675936,51.525216],[-0.2674366,51.525206],[-0.267295,51.5251921],[-0.2670732,51.5251666],[-0.2668275,51.5251368],[-0.2663816,51.5250632]],[[-0.2662625,51.5249985],[-0.2666236,51.5250668],[-0.2669048,51.5251112],[-0.2671389,51.5251394],[-0.2673807,51.5251643],[-0.2676674,51.5251863],[-0.2678709,51.5251949],[-0.2681775,51.5252018],[-0.2685147,51.5251986],[-0.2687186,51.5251875],[-0.2691019,51.5251553],[-0.269305,51.5251322],[-0.2695647,51.5250948],[-0.2699308,51.5250212],[-0.2705998,51.5248605],[-0.271119,51.5246882],[-0.2716078,51.5244825],[-0.272149,51.5241976],[-0.272655,51.5238755],[-0.2752415,51.5220242],[-0.2794922,51.5189889],[-0.2799722,51.5186447],[-0.2808512,51.5180135],[-0.2817085,51.5173935],[-0.2830055,51.5164653],[-0.2836557,51.5160388],[-0.2842188,51.5157426],[-0.2847597,51.5155158],[-0.2853191,51.5153456],[-0.2858633,51.5152168],[-0.2864079,51.5151223],[-0.2871,51.5150517],[-0.2877195,51.5150278],[-0.2898489,51.5150375],[-0.2917547,51.5150704],[-0.2921641,51.5150804],[-0.2942428,51.5150905],[-0.295078,51.515081],[-0.2958464,51.5150675],[-0.2965704,51.5150466],[-0.2976224,51.5150247],[-0.2977756,51.5150229],[-0.2984312,51.5150027],[-0.2996403,51.5149596],[-0.3008709,51.5149182],[-0.3009782,51.5149155]],[[-0.2663816,51.5250632],[-0.2662195,51.5250296],[-0.2659852,51.5249785],[-0.2653562,51.5248414],[-0.2617373,51.5241095],[-0.260816,51.5239164],[-0.2599555,51.5237233],[-0.259194,51.5235534],[-0.2586135,51.5234235],[-0.2579811,51.5232771],[-0.2574773,51.5231487],[-0.2564639,51.5229288],[-0.2554829,51.5227343],[-0.2548183,51.5225577],[-0.2544972,51.522459],[-0.2536529,51.5221369],[-0.2531187,51.5219054],[-0.2527995,51.5217168],[-0.2524777,51.5215065],[-0.252239,51.5213438],[-0.2517881,51.5209863],[-0.2506571,51.5198281],[-0.2505083,51.5196732],[-0.2492868,51.5184948],[-0.2481132,51.5173528],[-0.2479052,51.5171623],[-0.2477016,51.5169886],[-0.2473279,51.5167151],[-0.2472836,51.5166832],[-0.2471196,51.5165731],[-0.2465182,51.5162541],[-0.2460237,51.5160222],[-0.2457261,51.5159091],[-0.2453705,51.5157797],[-0.2450945,51.5156928],[-0.2445897,51.5155604],[-0.2439286,51.5154368],[-0.2431974,51.5153289],[-0.2429606,51.5153067],[-0.2426897,51.5152933],[-0.2421703,51.5152795],[-0.2418205,51.5152915],[-0.2410178,51.5153304],[-0.2405945,51.5153638],[-0.2398441,51.5154233],[-0.2383973,51.5155558],[-0.2377791,51.5156134],[-0.2367362,51.5157018],[-0.2361707,51.5157509],[-0.2358787,51.5157693],[-0.2356284,51.5157748],[-0.2349875,51.515785],[-0.2346825,51.5157953],[-0.2344744,51.5158052],[-0.2342131,51.5158293],[-0.2339043,51.5158739],[-0.2333328,51.51596],[-0.2329219,51.5160191],[-0.2325436,51.5160579],[-0.2320723,51.5160923],[-0.2317101,51.5161109],[-0.231318,51.5161177],[-0.2308782,51.5161122],[-0.2302809,51.5160872],[-0.2297889,51.5160467],[-0.2291754,51.5159771],[-0.2286538,51.5158962],[-0.228315,51.5158399],[-0.2279737,51.515778],[-0.2276212,51.5156945],[-0.2272225,51.515594],[-0.2266548,51.5154314],[-0.226291,51.5152887],[-0.2260999,51.5152274],[-0.2259304,51.51516],[-0.225745,51.5150724],[-0.2255375,51.5149822],[-0.2252062,51.5147346],[-0.2251094,51.5146245],[-0.2250412,51.5145196],[-0.2249788,51.5144011],[-0.2246972,51.5136993],[-0.2245179,51.5132313],[-0.2244339,51.5129949],[-0.2243896,51.5127724],[-0.224368,51.5124567],[-0.2243761,51.5121257],[-0.224384,51.5119461],[-0.2243816,51.5117729],[-0.2243694,51.511154],[-0.2243574,51.510859],[-0.2243533,51.5106788],[-0.2243638,51.5105393],[-0.2243646,51.5104503],[-0.2243611,51.5103979],[-0.2243623,51.5102449],[-0.2243601,51.5101962],[-0.2243607,51.510152],[-0.2243546,51.5098265]],[[0.0036025,51.5626355],[0.0032766,51.5623664],[0.0018279,51.5612236],[0.0007546,51.560553],[0.0007155,51.5605254],[0.0004099,51.5603097],[-0.0041811,51.5574081],[-0.005462,51.5565882],[-0.0059544,51.5562611],[-0.0062876,51.5560365],[-0.0066075,51.5557729],[-0.0069121,51.555485],[-0.0070971,51.5553018],[-0.0072662,51.5551144],[-0.0074793,51.554832],[-0.0076185,51.5546148],[-0.0077099,51.5544413],[-0.0077835,51.5542384],[-0.007838,51.554034],[-0.0078871,51.5537788],[-0.0079072,51.5535272],[-0.0078989,51.5533281],[-0.0078761,51.5531544],[-0.0078369,51.5529757],[-0.0077861,51.5528045],[-0.0077034,51.5525943],[-0.007588,51.5523692],[-0.0074879,51.5522088],[-0.0073705,51.552047],[-0.0071595,51.5517525],[-0.0069771,51.5515199],[-0.0066555,51.551206],[-0.0059811,51.5507461],[-0.0054445,51.5504373],[-0.0049188,51.5501677],[-0.004319,51.5499317],[-0.0029299,51.5494402],[-0.0020827,51.5491095],[-0.0015468,51.5488514],[-0.0009317,51.5485412],[-0.000439,51.548198],[-8.13e-05,51.5478922],[0.0002106,51.5475829],[0.0005316,51.5471485],[0.0007486,51.5467732],[0.0008921,51.5464146],[0.0009917,51.5460751],[0.001026,51.5457792],[0.0010296,51.5454201],[0.0009268,51.5451133],[0.0006707,51.5447354],[0.0003879,51.5443962],[4.96e-05,51.5440903],[-0.000262,51.5438559],[-0.0004514,51.543707],[-0.0006232,51.5435897],[-0.0009431,51.5433472],[-0.0015157,51.5429315],[-0.0019534,51.5426283],[-0.0021705,51.5424763],[-0.0023917,51.5423254],[-0.0027127,51.5420994],[-0.0028307,51.5420165],[-0.0036065,51.5414704],[-0.0037561,51.5413676],[-0.0039011,51.5412626],[-0.004052,51.5411529],[-0.0042757,51.5409798],[-0.0044812,51.540822],[-0.0046177,51.540715],[-0.0047724,51.5405949],[-0.0049118,51.5404888],[-0.0051007,51.5403498],[-0.0053184,51.5401965],[-0.0062728,51.5395549],[-0.007147,51.5387474],[-0.0087029,51.5372052],[-0.0114465,51.5355895],[-0.0120531,51.5352549],[-0.0148648,51.533704],[-0.0165789,51.5327131],[-0.0171621,51.5323176],[-0.0180857,51.5316914],[-0.0217992,51.5288102],[-0.0232058,51.5281192],[-0.0246765,51.5273737],[-0.0254063,51.5271195],[-0.0265765,51.526757],[-0.0279743,51.5263796],[-0.0324542,51.5254409],[-0.033369,51.5252369],[-0.0343865,51.5250009],[-0.0352695,51.5248137],[-0.0373538,51.5240171],[-0.038101,51.5238321],[-0.0386572,51.5237656],[-0.0391448,51.5237547],[-0.0406016,51.5237708],[-0.0410094,51.5237888],[-0.0420885,51.5238363],[-0.0426666,51.5238732],[-0.0434268,51.5239251],[-0.044135,51.5239839],[-0.0447811,51.5240395],[-0.0454854,51.5241446],[-0.0462087,51.5243024],[-0.0468061,51.5245301],[-0.0476273,51.5249009],[-0.049847,51.5261308],[-0.0509718,51.5265764],[-0.0519939,51.5268884],[-0.0523353,51.5269653],[-0.0527519,51.5270347],[-0.0535671,51.5270959],[-0.0544557,51.5271395],[-0.0553435,51.5271831],[-0.0568366,51.5272338],[-0.0576133,51.5271785],[-0.0580886,51.5271332],[-0.0664179,51.526209],[-0.0679138,51.5259672],[-0.0679268,51.5259648],[-0.0690157,51.5257682],[-0.0698155,51.5255843],[-0.0703855,51.5253831],[-0.0708626,51.5251909],[-0.0718451,51.5247345],[-0.0754595,51.5230903],[-0.0760624,51.5227635],[-0.0767972,51.5222982],[-0.0775474,51.5217938],[-0.0817144,51.5187664],[-0.0818681,51.5186419],[-0.0820041,51.5185186],[-0.0821607,51.5183579],[-0.0824665,51.5180439],[-0.0825668,51.5179588],[-0.0827158,51.517837],[-0.082919,51.5176371],[-0.0830069,51.5175218],[-0.0830802,51.5173976],[-0.0832941,51.5168738],[-0.0834633,51.516435],[-0.0836017,51.5161886],[-0.0837307,51.5160175],[-0.084196,51.5155241],[-0.0842207,51.515498],[-0.0843832,51.5153256],[-0.0845113,51.5152061],[-0.0846916,51.5150701],[-0.0849062,51.5149509],[-0.085035,51.5148918],[-0.085212,51.5148296],[-0.0853321,51.514784],[-0.0854051,51.5147367],[-0.0855258,51.5146588],[-0.0861349,51.5141267],[-0.0862829,51.5140494],[-0.0865068,51.5139843],[-0.0878184,51.5137319],[-0.0879402,51.5137033],[-0.0880791,51.5136664],[-0.0881609,51.5136396],[-0.0881984,51.5136258],[-0.0882366,51.5136093],[-0.0882661,51.5135952],[-0.088318,51.5135657],[-0.0884658,51.5134608],[-0.0884947,51.5134419],[-0.0885313,51.5134185],[-0.0885592,51.5134014],[-0.0885902,51.5133849],[-0.0886311,51.513364],[-0.0886727,51.5133442],[-0.088704,51.5133301],[-0.0887428,51.5133149],[-0.0887813,51.5133011],[-0.0888177,51.5132891],[-0.0888526,51.5132787],[-0.0888959,51.513267],[-0.0889454,51.5132557],[-0.0890039,51.5132453],[-0.0890506,51.5132387],[-0.0890902,51.5132343],[-0.0891208,51.5132315],[-0.089151,51.5132293],[-0.0892009,51.5132272],[-0.0892559,51.5132261],[-0.0892914,51.5132264],[-0.08933,51.5132277],[-0.0893799,51.5132306],[-0.089414,51.5132332],[-0.0894659,51.5132378],[-0.0895211,51.5132439],[-0.0895488,51.513247],[-0.0895775,51.5132505],[-0.0896261,51.5132571],[-0.0896538,51.5132612],[-0.0896844,51.513266],[-0.0897218,51.5132722],[-0.0897564,51.5132785],[-0.0897961,51.5132864],[-0.089963,51.5133321],[-0.0903335,51.5134283],[-0.0918266,51.5137173],[-0.0934651,51.514002],[-0.0953238,51.5142941],[-0.0956432,51.5143627],[-0.0959233,51.5144238],[-0.0963522,51.5145224],[-0.0976983,51.5150108],[-0.0983057,51.5152303],[-0.0983719,51.5152497],[-0.0991571,51.5154842],[-0.0999325,51.5157157],[-0.1017732,51.5161902],[-0.1020518,51.5162787],[-0.1030763,51.5166219],[-0.1051558,51.5173149],[-0.1056791,51.5174574],[-0.1065415,51.5175994],[-0.1098743,51.5179651],[-0.1102603,51.5180211],[-0.1107621,51.5181007],[-0.1112664,51.5181697],[-0.1117089,51.5182138],[-0.112146,51.5182445],[-0.1135547,51.5182724],[-0.1139742,51.518255],[-0.1143379,51.5182256],[-0.1146694,51.5181928],[-0.1162871,51.517979],[-0.1179083,51.5177992],[-0.1183754,51.517752],[-0.1193216,51.5176447],[-0.1201847,51.5175468],[-0.1209828,51.5174713],[-0.1215656,51.5174079],[-0.1222488,51.5173288],[-0.1241127,51.5171581],[-0.1245946,51.5171212],[-0.1252455,51.5170703],[-0.1258624,51.5170038],[-0.1261504,51.5169728],[-0.1264042,51.5169454],[-0.1278768,51.5167235],[-0.1289919,51.5165483],[-0.1299375,51.5163842],[-0.131045,51.5162723],[-0.1327997,51.5161338],[-0.1328803,51.5161252],[-0.1343306,51.5160236],[-0.1379109,51.5156639],[-0.1396658,51.5154888],[-0.1402341,51.5154251],[-0.1407785,51.5153611],[-0.1413645,51.5152942],[-0.1422192,51.5152213],[-0.1459202,51.5147706],[-0.1498819,51.5142531],[-0.1537469,51.5138425],[-0.156062,51.5136251],[-0.1581495,51.5133982],[-0.1586609,51.5133423],[-0.1591702,51.5132854],[-0.1626344,51.5129455],[-0.1648713,51.5127306],[-0.1724153,51.5119697],[-0.1750689,51.5116952],[-0.1807132,51.5108362],[-0.1820503,51.5106401],[-0.1827255,51.510556],[-0.1836028,51.510485],[-0.1845769,51.5104266],[-0.1861734,51.5102957],[-0.1872283,51.5101973],[-0.1883114,51.5101395],[-0.18939,51.5100732],[-0.1909073,51.5099864],[-0.1913603,51.5099514],[-0.1918041,51.5099051],[-0.1922602,51.5098309],[-0.1927714,51.5097309],[-0.1943758,51.5094474],[-0.1954168,51.5092846],[-0.1959488,51.5091709],[-0.1960983,51.5091333],[-0.1961749,51.5091138],[-0.1962866,51.5090862],[-0.196381,51.50906],[-0.1965091,51.5090217],[-0.1966542,51.5089765],[-0.196849,51.5089146],[-0.1970352,51.5088493],[-0.1971487,51.5088162],[-0.1972697,51.5087823],[-0.1973573,51.5087588],[-0.1974763,51.508728],[-0.1975766,51.5087054],[-0.1976528,51.5086881],[-0.1979842,51.5086159],[-0.1983374,51.5085617],[-0.1992944,51.5085058],[-0.2005454,51.5084358],[-0.2012355,51.5083761],[-0.2020168,51.5082268],[-0.2041236,51.5075519],[-0.2044528,51.5074347],[-0.2047134,51.5073506],[-0.2049412,51.5072812],[-0.2050173,51.507258],[-0.2052475,51.5071921],[-0.2054505,51.5071336],[-0.20552,51.5071135],[-0.2056449,51.507078],[-0.2057039,51.5070613],[-0.2057979,51.5070334],[-0.2059619,51.506985],[-0.2061104,51.5069408],[-0.2066079,51.5068043],[-0.2091134,51.5062345],[-0.2168437,51.5045616],[-0.2172782,51.5044537],[-0.217498,51.5044046],[-0.2177295,51.5043663],[-0.2179626,51.5043369],[-0.2181984,51.5043151],[-0.2184352,51.5042996],[-0.2186695,51.5042876],[-0.21891,51.5042876],[-0.2190901,51.504303],[-0.2192531,51.5043224],[-0.2194534,51.5043479],[-0.2207569,51.5045085],[-0.2209656,51.5045411],[-0.2211594,51.5045754],[-0.2213175,51.5046052],[-0.2214518,51.5046412],[-0.2215625,51.5046935],[-0.2216446,51.5047547],[-0.2217042,51.5048264],[-0.2217193,51.504904],[-0.2217228,51.5050031],[-0.2217173,51.5050714],[-0.2217073,51.5057892],[-0.2217021,51.5061648],[-0.2216961,51.5063259],[-0.2216482,51.5066039],[-0.2215643,51.5071331],[-0.2215742,51.5073669],[-0.2215986,51.5076177],[-0.2216736,51.5078777],[-0.2217574,51.5080842],[-0.2220063,51.5085104],[-0.2222544,51.508812],[-0.2226195,51.50911],[-0.2229936,51.5093673],[-0.2239132,51.5099995],[-0.2240322,51.5101237],[-0.2241108,51.510259],[-0.2241765,51.5104546],[-0.2241826,51.5105386],[-0.2241749,51.5105935],[-0.224171,51.5107742],[-0.2241724,51.5108609],[-0.2241588,51.5110192],[-0.2240732,51.5113749],[-0.2240422,51.5116526],[-0.2240487,51.5119444],[-0.2240536,51.5121612],[-0.2241226,51.512503],[-0.2241776,51.5126942],[-0.2243117,51.5130472],[-0.2244178,51.5133452],[-0.2245912,51.5137966],[-0.2248311,51.5143364],[-0.2249364,51.5145194],[-0.2250253,51.5146571],[-0.2251325,51.5147893],[-0.2252784,51.5149007],[-0.2254333,51.5149913],[-0.2256583,51.5151171],[-0.2258283,51.5151881],[-0.2260339,51.5152569],[-0.2263142,51.5153351],[-0.2266338,51.5154586],[-0.2267149,51.5154808],[-0.2270061,51.5155678],[-0.2278587,51.5158075],[-0.2282215,51.5158909],[-0.2286165,51.515963],[-0.2290864,51.516043],[-0.2294989,51.5161013],[-0.2302108,51.5161686],[-0.2308684,51.5162101],[-0.2311353,51.5162162],[-0.2315939,51.516218],[-0.2322243,51.5161986],[-0.2325867,51.5161776],[-0.2330735,51.5161346],[-0.2335933,51.5160756],[-0.2338004,51.5160517],[-0.2340781,51.516015],[-0.2344368,51.5159575],[-0.2347219,51.5159051],[-0.2349446,51.5158566],[-0.2351716,51.5158013],[-0.2354744,51.5157273],[-0.235634,51.5156941],[-0.2358061,51.5156628],[-0.2359389,51.5156418],[-0.2361109,51.5156184],[-0.236365,51.5155933],[-0.2367796,51.5155654],[-0.2378976,51.5154935],[-0.2384262,51.5154547],[-0.2398236,51.5153665],[-0.2405561,51.5153157],[-0.2409481,51.5152888],[-0.2418147,51.5152611],[-0.2418984,51.5152577],[-0.2421643,51.5152469],[-0.2426898,51.5152598],[-0.2429646,51.5152756],[-0.2432094,51.5152976],[-0.2440339,51.5154209],[-0.2447104,51.5155471],[-0.245124,51.5156601],[-0.2455293,51.5157943],[-0.2457739,51.5158861],[-0.2460505,51.515996],[-0.2465576,51.5162329],[-0.2471521,51.5165543],[-0.247316,51.5166648],[-0.2473614,51.5166956],[-0.247731,51.5169738],[-0.2479526,51.5171455],[-0.2481593,51.5173376],[-0.2493399,51.5184872],[-0.2505198,51.5196452],[-0.2506824,51.5198101],[-0.2518358,51.520954],[-0.2521706,51.5212245],[-0.2524874,51.5214411],[-0.2527775,51.5216513],[-0.2531482,51.5218678],[-0.253757,51.5221343],[-0.2544916,51.522408],[-0.2548501,51.5225179],[-0.2554594,51.5226835],[-0.2562609,51.5228475],[-0.2569479,51.5229959],[-0.2572335,51.5230531],[-0.2581048,51.5232278],[-0.2588626,51.5233693],[-0.2593481,51.5234688],[-0.2600785,51.5236305],[-0.2609983,51.5238561],[-0.2613085,51.5239211],[-0.2634783,51.5243541],[-0.2635806,51.5243745],[-0.2638922,51.5244379],[-0.2640225,51.5244628],[-0.2646415,51.5246147],[-0.2655159,51.5248433],[-0.2657539,51.5248981],[-0.2660344,51.5249572],[-0.2662625,51.5249985]],[[-0.2653562,51.5248414],[-0.2640945,51.5245247],[-0.2638721,51.5244708],[-0.2635622,51.5244035],[-0.262892,51.5242693]],[[-0.262892,51.5242693],[-0.2630302,51.524293],[-0.263168,51.5243128],[-0.2633719,51.5243366],[-0.2634783,51.5243541]],[[-0.262892,51.5242693],[-0.2615517,51.5240143],[-0.2610481,51.5239084],[-0.2607912,51.523848],[-0.2599374,51.5236249],[-0.2593325,51.5234914],[-0.2587567,51.5233799],[-0.2580863,51.5232587]],[[-0.2572335,51.5230531],[-0.2574149,51.5230913],[-0.2575941,51.5231357],[-0.2577558,51.5231802],[-0.2579176,51.5232212],[-0.2580863,51.5232587]],[[-0.2580863,51.5232587],[-0.2574773,51.5231487]],[[-0.2242823,51.5126514],[-0.2244017,51.5129595],[-0.2245179,51.5132313]],[[-0.2244178,51.5133452],[-0.2243735,51.5131619],[-0.2243239,51.512879],[-0.2242823,51.5126514],[-0.2242567,51.5125466],[-0.2242192,51.5122806],[-0.2242227,51.5120348],[-0.224233,51.5115213],[-0.224248,51.5110541],[-0.2242688,51.5108584],[-0.2242706,51.5108036],[-0.2242709,51.5107987],[-0.2242892,51.5105381],[-0.2242905,51.510519],[-0.2242922,51.510397],[-0.2242963,51.5102481],[-0.2243039,51.5101698],[-0.2243243,51.5100064],[-0.2243546,51.5098265]],[[-0.2243646,51.5104503],[-0.2243485,51.5105371],[-0.2243187,51.5106102],[-0.2242709,51.5107987]],[[-0.2243546,51.5098265],[-0.2243536,51.5097789],[-0.2244286,51.5063051],[-0.2243355,51.5059616],[-0.2241649,51.5056752],[-0.2239102,51.505407],[-0.2236305,51.5051963],[-0.2232926,51.505014],[-0.2230719,51.5049391],[-0.2228371,51.5048818],[-0.2212821,51.5046532],[-0.2210392,51.5046199],[-0.2200915,51.5044851],[-0.220003,51.5044739],[-0.2199011,51.5044678],[-0.2194031,51.5044104],[-0.2191669,51.5043902],[-0.2189362,51.5043801],[-0.2186952,51.5043846],[-0.2184666,51.5043956],[-0.2182378,51.5044115],[-0.2180964,51.5044255],[-0.2180042,51.5044346],[-0.2177739,51.5044651],[-0.2168851,51.5046061],[-0.2127896,51.5054928],[-0.209138,51.5062901],[-0.2067942,51.5068782],[-0.206608,51.5069336],[-0.2060487,51.5070993],[-0.2060181,51.5071084],[-0.2058848,51.5071487],[-0.2057886,51.5071778],[-0.2057343,51.5071935],[-0.2056444,51.5072194],[-0.2055399,51.5072495],[-0.2054245,51.5072828],[-0.2053368,51.5073081],[-0.2051951,51.5073491],[-0.2050314,51.5073975],[-0.2049964,51.5074079],[-0.2041725,51.5076498],[-0.2020246,51.5082797],[-0.2012088,51.5084483],[-0.2005926,51.508484],[-0.1993379,51.5085279],[-0.1983807,51.5085873],[-0.1981748,51.5086281],[-0.198041,51.508652],[-0.1979221,51.508675],[-0.1977735,51.5087065],[-0.197586,51.5087499],[-0.1974003,51.5087972],[-0.1972413,51.5088416],[-0.1970496,51.5088988],[-0.1969446,51.5089337],[-0.1966454,51.5090346],[-0.1964514,51.5090944],[-0.1960617,51.5091865],[-0.1957442,51.509265],[-0.1954381,51.50933],[-0.1944374,51.5094934],[-0.1928388,51.5097999],[-0.1923263,51.5098969],[-0.1918505,51.5099767],[-0.1913878,51.5100218],[-0.1909204,51.5100554],[-0.1894032,51.510156],[-0.1883414,51.5102128],[-0.1872612,51.5102982],[-0.1862178,51.5103736],[-0.1851883,51.5104661],[-0.1836099,51.5105634],[-0.1827631,51.5106225],[-0.1820723,51.5107047],[-0.1807526,51.5109047],[-0.1758979,51.5116893],[-0.1751089,51.511798],[-0.1744145,51.5118857],[-0.1648508,51.5127931],[-0.1635054,51.5129515],[-0.1599518,51.5133203],[-0.1591481,51.5134186],[-0.1583892,51.5135178],[-0.1577907,51.5135817],[-0.1562186,51.5137674],[-0.1538986,51.5139416],[-0.1500336,51.5143522],[-0.1491082,51.514454],[-0.1460719,51.5148697],[-0.1408111,51.5154617],[-0.1402345,51.5155284],[-0.1395854,51.5155892],[-0.1379139,51.5157211],[-0.1367663,51.5158517],[-0.1363749,51.5159138],[-0.13455,51.5161423],[-0.1326089,51.5162614],[-0.1309793,51.5163847],[-0.1309205,51.5163919],[-0.129849,51.5165065],[-0.1290331,51.5166419],[-0.1279161,51.516821],[-0.1264186,51.5170063],[-0.1252581,51.5171424],[-0.1246073,51.5172042],[-0.1241424,51.5172443],[-0.1227724,51.5173589],[-0.1222742,51.5174016],[-0.1212144,51.5175018],[-0.1202096,51.5175976],[-0.119335,51.5176949],[-0.1183896,51.5178001],[-0.1179229,51.517846],[-0.1162868,51.5180282],[-0.1146824,51.5182254],[-0.1143547,51.5182568],[-0.1139788,51.518285],[-0.1135563,51.5182965],[-0.1121528,51.5182701],[-0.1117052,51.5182471],[-0.1112699,51.5182126],[-0.1102957,51.5181073],[-0.1065442,51.5176699],[-0.1056818,51.5175168],[-0.1051585,51.5173743],[-0.1020266,51.5163247],[-0.1017351,51.5162319],[-0.0998887,51.5157745],[-0.0993861,51.5156232],[-0.0991304,51.5155459],[-0.0986361,51.5153986],[-0.0981471,51.515255],[-0.096318,51.5145608],[-0.0959093,51.514454],[-0.0953155,51.5143426],[-0.0934612,51.5140505],[-0.0918403,51.5137644],[-0.0906968,51.5135691],[-0.0905065,51.5135292],[-0.0903168,51.513484],[-0.0899426,51.513401],[-0.0897675,51.5133644],[-0.0897288,51.5133596],[-0.0896855,51.5133551],[-0.0896407,51.5133514],[-0.0896049,51.5133492],[-0.0895613,51.5133479],[-0.089507,51.5133479],[-0.089453,51.5133498],[-0.089405,51.5133522],[-0.0893689,51.513355],[-0.0893214,51.5133598],[-0.0892768,51.5133652],[-0.0892264,51.5133731],[-0.0891729,51.5133829],[-0.0890928,51.5134021],[-0.0890314,51.5134183],[-0.0884532,51.5135923],[-0.0879804,51.5137313],[-0.0878429,51.5137675],[-0.0865177,51.5140532],[-0.0863616,51.5141041],[-0.0861943,51.5141729],[-0.0855875,51.5147061],[-0.085448,51.514796],[-0.0853075,51.5148573],[-0.0851449,51.5149115],[-0.0849597,51.5149876],[-0.0847602,51.5151022],[-0.0845563,51.5152455],[-0.0844386,51.5153465],[-0.0842592,51.5155065],[-0.0842308,51.5155352],[-0.0838276,51.5160212],[-0.0836788,51.5162131],[-0.0835422,51.5164613],[-0.0833782,51.5168889],[-0.0830984,51.5175518],[-0.0830271,51.5176643],[-0.0829514,51.5177483],[-0.082806,51.5179223],[-0.0825803,51.5181725],[-0.0823181,51.5184395],[-0.0822959,51.5184621],[-0.0820741,51.5186693],[-0.0818524,51.5188379],[-0.0787646,51.5211088],[-0.0777279,51.5218712],[-0.0769249,51.5223663],[-0.0761866,51.5228322],[-0.0755819,51.5231808],[-0.0719266,51.5248124],[-0.0709441,51.5252803],[-0.0704752,51.5254753],[-0.0698913,51.5256763],[-0.0690731,51.525864],[-0.0679381,51.5260661],[-0.0664355,51.5262827],[-0.0579457,51.5272401],[-0.0571696,51.5273465],[-0.0568367,51.5273816],[-0.0563375,51.5274006],[-0.0559609,51.5273941],[-0.0553816,51.5273718],[-0.0544895,51.527328],[-0.0536005,51.5272844],[-0.0527019,51.5272332],[-0.0519664,51.5271276],[-0.0508555,51.5267743],[-0.049824,51.5263047],[-0.0475162,51.5249723],[-0.0467267,51.5246088],[-0.0461343,51.5243987],[-0.0454628,51.5242417],[-0.044725,51.524138],[-0.0441255,51.5240845],[-0.043435,51.524023],[-0.042103,51.5239567],[-0.0406266,51.5239398],[-0.0392571,51.5239967],[-0.0387437,51.5240529],[-0.0382518,51.5241334],[-0.0378381,51.524222],[-0.0372098,51.5243797],[-0.0355682,51.5249331],[-0.0344893,51.5252219],[-0.0335219,51.5254588],[-0.0320493,51.5257837],[-0.0281585,51.5266433],[-0.0261805,51.5271851],[-0.0250478,51.5275865],[-0.0233805,51.5282873],[-0.0219924,51.5289802],[-0.0182192,51.5317719],[-0.0167155,51.532792],[-0.015015,51.5338041],[-0.0143694,51.5341631],[-0.0116293,51.5356867],[-0.0111755,51.535964],[-0.0093138,51.5370958],[-0.0076256,51.538539],[-0.0073113,51.5388232],[-0.0069306,51.5391868],[-0.0054601,51.5402954],[-0.0046985,51.540876],[-0.0042174,51.5412441],[-0.0037262,51.5415826],[-0.0029603,51.5420789],[-0.0028352,51.5421595],[-0.0025139,51.5423673],[-0.0017776,51.542871],[-0.0013824,51.5431486],[-0.0006836,51.5436581],[-0.000369,51.5438925],[-5.86e-05,51.5441455],[0.0002495,51.5444453],[0.0005434,51.5447718],[0.0007671,51.5451339],[0.0008571,51.5454095],[0.000873,51.5457775],[0.0008286,51.5460716],[0.0007336,51.5463874],[0.0005869,51.5467401],[0.0003831,51.5471021],[5.43e-05,51.5475376],[-0.0002141,51.5478488],[-0.0005629,51.548152],[-0.0010464,51.5484733],[-0.0016415,51.548779],[-0.0021744,51.549037],[-0.0029947,51.5493609],[-0.0043802,51.5498503],[-0.0049962,51.5501095],[-0.0055185,51.5503907],[-0.0060406,51.5507043],[-0.0067122,51.5511586],[-0.0070567,51.5515001],[-0.0072406,51.5517237],[-0.0074349,51.5520271],[-0.0075477,51.5521933],[-0.0076504,51.5523554],[-0.0077552,51.5525842],[-0.007838,51.5527981],[-0.007897,51.5529701],[-0.0079353,51.5531471],[-0.0079561,51.5533238],[-0.0079613,51.5535259],[-0.0079471,51.5537817],[-0.0078966,51.5540392],[-0.007838,51.5542441],[-0.0077618,51.5544469],[-0.0076792,51.5546249],[-0.0075453,51.5548455],[-0.0073211,51.5551284],[-0.0071475,51.5553175],[-0.0069606,51.5555006],[-0.0066488,51.5557879],[-0.0063261,51.5560568],[-0.0059969,51.5562856],[-0.0054953,51.5566085],[-0.0042132,51.5574277],[0.0006971,51.5605606],[0.0017582,51.5612476],[0.003901,51.562966],[0.0046343,51.5636357],[0.0053472,51.5644468],[0.0060507,51.5653181],[0.0075527,51.5675265],[0.0079447,51.5680347],[0.0083915,51.5685848],[0.0086004,51.5688114],[0.0089103,51.569121],[0.0093919,51.5695716]],[[-0.2242905,51.510519],[-0.2242847,51.5105377],[-0.2242417,51.5107021],[-0.2242198,51.5107904],[-0.2242002,51.5108586],[-0.2241588,51.5110192]],[[-0.224248,51.5110541],[-0.2242347,51.5108605],[-0.2242198,51.5107904],[-0.2241749,51.5105935]],[[0.0928537,51.601315],[0.0927317,51.6009192],[0.0926868,51.6007756],[0.0922491,51.5994688],[0.0917141,51.5977036],[0.0911452,51.5959458],[0.0910181,51.5955155],[0.0909509,51.5952915],[0.0906765,51.5941502],[0.0903132,51.5929504],[0.0897827,51.5912004],[0.0894646,51.5901669],[0.0893362,51.5896507],[0.0892264,51.589083],[0.0889423,51.5873258],[0.0886838,51.5858143],[0.0884614,51.5844005],[0.0882449,51.5831736],[0.0882368,51.5824715],[0.0883165,51.5816759],[0.0884991,51.5808963],[0.0887811,51.5800483],[0.089006,51.5794591],[0.0892944,51.5788178],[0.0897173,51.5776146],[0.0898742,51.576815],[0.0899393,51.5762173],[0.0899853,51.5756087],[0.0899913,51.5754764],[0.0900115,51.5751316],[0.0900073,51.5745249],[0.0900225,51.5742009],[0.0900116,51.5737579],[0.0899449,51.573314],[0.0898339,51.5729279],[0.0897906,51.5728126],[0.0896181,51.5723861],[0.0893131,51.5716829],[0.0889497,51.5710858],[0.0885951,51.5707483],[0.0884414,51.570615],[0.0882414,51.5704769],[0.087937,51.5703056],[0.0877111,51.5701965],[0.0874254,51.570081],[0.0871352,51.5699905],[0.0867617,51.5699057],[0.0863441,51.5698424],[0.0859436,51.5698019],[0.0854554,51.5697741],[0.0847518,51.5697707],[0.0840493,51.5698085],[0.0834246,51.5698659],[0.0827115,51.569968],[0.0822829,51.5700543],[0.0817925,51.5701861],[0.0813554,51.5703249],[0.0807344,51.5705649],[0.0790283,51.5714002],[0.0775534,51.5721417],[0.0773423,51.5722478],[0.0754939,51.5731407],[0.0705717,51.5755993],[0.0696196,51.5759308],[0.069012,51.5760988],[0.068274,51.5762297],[0.0675667,51.5763231],[0.0667841,51.5763771],[0.0658644,51.5763959],[0.0656556,51.5763987],[0.0647865,51.5764105],[0.0637118,51.576425],[0.0631571,51.576435],[0.0620773,51.5764544],[0.0599362,51.5764741],[0.0555924,51.5763243],[0.0472373,51.5762472],[0.0463481,51.5762572],[0.0454682,51.5762531],[0.0435879,51.5763231],[0.0413652,51.5764461],[0.0394314,51.5765621],[0.0382457,51.5766163],[0.0371332,51.5766471],[0.0361206,51.576627],[0.0351507,51.5765814],[0.034109,51.5765052],[0.0321024,51.5762729],[0.0305552,51.5760362],[0.0286698,51.5755808],[0.0238125,51.5740506],[0.0212262,51.5732358],[0.0200332,51.5728409],[0.0190589,51.5725278],[0.0182797,51.572347],[0.0166485,51.5720414],[0.0136589,51.571822],[0.0130047,51.5717063],[0.0127549,51.5716578],[0.012509,51.5715606],[0.0122777,51.5714566],[0.0118965,51.5712606],[0.0116625,51.5711111],[0.0113665,51.5709191],[0.0108884,51.5706077],[0.0103458,51.5702235],[0.0100092,51.5699673],[0.0094784,51.5695373],[0.0090202,51.569034],[0.0085731,51.5685401],[0.0083742,51.5682967],[0.0080975,51.5679997],[0.008,51.5678871],[0.0078063,51.5676866],[0.007682,51.5674959],[0.0070379,51.5665012],[0.0061687,51.5652687],[0.0054457,51.564413],[0.0047167,51.5636132],[0.0040849,51.5629882],[0.0036025,51.5626355]],[[0.040864,51.6157905],[0.0397956,51.6144397],[0.036889,51.6107769],[0.0358449,51.6094951],[0.0355383,51.6090863],[0.0352565,51.6087124],[0.0350343,51.6083808],[0.0348646,51.6081208],[0.0346439,51.6077857],[0.0345566,51.6076409],[0.0344366,51.6074508],[0.0339455,51.6066349],[0.0332683,51.6053964],[0.0330607,51.6050148],[0.032961,51.6048293],[0.0326832,51.6043269],[0.0324565,51.6038989],[0.0321971,51.6034363],[0.0318424,51.6027813],[0.031638,51.6023783],[0.0297399,51.5990248],[0.0288922,51.5971955],[0.0285783,51.5963486],[0.0283931,51.5958218],[0.0280254,51.5946536],[0.0275282,51.592157],[0.0275194,51.5921128],[0.0274819,51.5919244],[0.0271618,51.5905931],[0.0270353,51.5901504],[0.0266664,51.5891455],[0.0261328,51.5880273],[0.0255775,51.5869941],[0.0250865,51.5861693],[0.0242199,51.5848095],[0.0241074,51.5846332],[0.022915,51.5828423],[0.0223109,51.5818013],[0.0218861,51.5811796],[0.021722,51.5809552],[0.0206956,51.5795773],[0.0206475,51.5795046],[0.0168652,51.5744248],[0.0162,51.5737004],[0.0157571,51.5733861],[0.0153558,51.5731365],[0.0139859,51.5724463],[0.0135474,51.5722018],[0.0123412,51.5715686],[0.0117343,51.5712374],[0.0111927,51.5709212],[0.0102819,51.5702413],[0.0099947,51.5700124],[0.0094283,51.5695525],[0.008895,51.5690637],[0.0086356,51.5688001],[0.0084455,51.5685732],[0.0081111,51.5682054],[0.0080063,51.5680645],[0.0078706,51.5678576],[0.0076138,51.5675114],[0.0072048,51.5668538],[0.0070915,51.566697],[0.0061217,51.5652947],[0.0054053,51.5644316],[0.0046792,51.5636233],[0.0036025,51.5626355]],[[0.0093919,51.5695716],[0.010224,51.5702578],[0.0111325,51.5709396],[0.0117126,51.5712688],[0.0122911,51.5716026],[0.0125111,51.5717149],[0.0135068,51.5722231],[0.0138932,51.5724475],[0.0153361,51.57318],[0.0157166,51.5734084],[0.0161484,51.5737242],[0.0168249,51.5744419],[0.0206044,51.5795184],[0.0215088,51.5807279],[0.0216826,51.5809708],[0.0218392,51.581193],[0.0222591,51.581815],[0.0228586,51.5828555],[0.0240081,51.5845941],[0.0240461,51.5846516],[0.0241525,51.5848203],[0.0250065,51.5861896],[0.0255063,51.5870048],[0.026066,51.5880345],[0.0266158,51.5891512],[0.0270007,51.5901555],[0.0271282,51.5905956],[0.0274406,51.5919252],[0.0279591,51.5946503],[0.0283283,51.5958325],[0.0285131,51.5963578],[0.0288049,51.5972147],[0.0296675,51.5990371],[0.0314528,51.6021608],[0.0317073,51.6026462],[0.0317873,51.6027879],[0.0321479,51.603445],[0.0324021,51.6039108],[0.0326331,51.604333],[0.0330455,51.6050772],[0.0332265,51.6054076],[0.0333703,51.6056705],[0.0339019,51.6066431],[0.0343863,51.6074582],[0.0345075,51.607651],[0.0347737,51.6080693],[0.0349189,51.6082964],[0.0357947,51.6095087],[0.038396,51.6128188],[0.0397225,51.6144635],[0.0408016,51.615811]],[[0.0093919,51.5695716],[0.0099665,51.5701294],[0.0101362,51.5702837],[0.0111194,51.5710113],[0.0115199,51.5712604],[0.0118588,51.5714543],[0.0125111,51.5717149],[0.0129906,51.571814],[0.0137235,51.5719423],[0.0153503,51.5720573],[0.0165862,51.5721964],[0.018197,51.5724714],[0.0189832,51.5726367],[0.0199703,51.5729322],[0.0211483,51.5733237],[0.0286655,51.5756764],[0.0305185,51.5761129],[0.0311837,51.5762191],[0.0321507,51.5763736],[0.0340974,51.5765737],[0.0351548,51.5766506],[0.0361163,51.5766941],[0.0371315,51.576718],[0.0382414,51.5766941],[0.0394316,51.5766363],[0.0413945,51.5765251],[0.0435979,51.5764259],[0.045411,51.5763628],[0.047247,51.5763379],[0.0555933,51.5763965],[0.0599355,51.5765489],[0.0620868,51.5766375],[0.0638626,51.576655],[0.0648672,51.5766417],[0.0658707,51.5766284],[0.0667714,51.5765954],[0.0674201,51.5765395],[0.0681886,51.5764152],[0.0689899,51.5762194],[0.0696875,51.5759901],[0.0706528,51.5756518],[0.0755807,51.5732115],[0.0774219,51.5723013],[0.0775909,51.5722163],[0.0791053,51.571455],[0.080804,51.5706235],[0.0814104,51.5703856],[0.0818465,51.5702452],[0.0823244,51.5701224],[0.0827543,51.5700477],[0.0834475,51.5699373],[0.0840554,51.5698845],[0.0847747,51.5698421],[0.0854401,51.56985],[0.0859406,51.5698747],[0.0863197,51.5699145],[0.0867323,51.5699762],[0.0870802,51.5700588],[0.0873683,51.5701498],[0.0876439,51.5702592],[0.0878683,51.5703671],[0.088151,51.5705352],[0.0883377,51.5706713],[0.0884665,51.5707905],[0.0887927,51.5711305],[0.0891289,51.5717113],[0.0894214,51.5724209],[0.0896507,51.573133],[0.0897251,51.5734644],[0.0897911,51.5738613],[0.0899123,51.5745317],[0.0899598,51.575123],[0.0899485,51.5754803],[0.0899473,51.575598],[0.0898871,51.5762207],[0.0898465,51.5764352],[0.0897848,51.5766874],[0.089522,51.5776231],[0.0893252,51.5781383],[0.089069,51.5787859],[0.0888862,51.5794581],[0.0886694,51.580144],[0.0884373,51.5808824],[0.0882617,51.5816786],[0.0881959,51.5824677],[0.0881924,51.5831755],[0.0884126,51.5844021],[0.088647,51.5858142],[0.0888973,51.5873384],[0.0891641,51.589077],[0.0892744,51.5896582],[0.0894031,51.5901804],[0.0897235,51.591208],[0.090259,51.5929616],[0.0906173,51.5941563],[0.0909093,51.5952909],[0.090982,51.5955278],[0.0911132,51.5959492],[0.0916767,51.5977117],[0.0922099,51.599474],[0.0926305,51.600776],[0.0926747,51.6009226],[0.0928029,51.6013201],[0.092938,51.6017594],[0.0929773,51.6018909],[0.0931632,51.6025043],[0.0934109,51.6033077],[0.0935509,51.6037759],[0.0935583,51.6038005],[0.0936088,51.603962],[0.0936565,51.6041204],[0.093676,51.6041855],[0.0937298,51.6043669],[0.0937905,51.6045714],[0.0938543,51.6047819],[0.0939665,51.6051353],[0.0941276,51.6056641],[0.0943115,51.6062729],[0.0944595,51.6067645],[0.0945976,51.6072049],[0.0946851,51.6074989],[0.094834,51.6080065],[0.0949422,51.608335],[0.0950768,51.6088312],[0.0950997,51.6089624],[0.0951221,51.6091955],[0.09512,51.6094286],[0.0951087,51.6096253],[0.0950824,51.6097847],[0.0950325,51.6099753],[0.0949619,51.610194],[0.094876,51.6103868],[0.0947824,51.6105553],[0.0946394,51.6107782],[0.0944222,51.6110759],[0.0941802,51.611394],[0.0938475,51.6118305],[0.0937491,51.6119568],[0.0935082,51.6122584],[0.0934263,51.6123582],[0.0933254,51.6124677],[0.0931688,51.6126288],[0.0930003,51.6127825],[0.0928237,51.6129213],[0.0926644,51.613037],[0.0925138,51.61314],[0.092361,51.6132359],[0.0922067,51.6133258],[0.0919762,51.6134457],[0.0917628,51.613545],[0.0915854,51.6136245],[0.0913969,51.6136979],[0.0911651,51.6137827],[0.0907922,51.6139018],[0.090387,51.6140139],[0.0891754,51.6143651],[0.086086,51.6152925],[0.0840348,51.6158822],[0.082224,51.6163309],[0.0755194,51.6176904],[0.0745716,51.6178741],[0.0727056,51.6181758],[0.0682047,51.6188416],[0.0667319,51.6190589],[0.0654115,51.6192254],[0.0644902,51.6193222],[0.063418,51.6193937],[0.0626104,51.6194223],[0.061513,51.6194489],[0.0612324,51.6194459],[0.0599791,51.619427],[0.0586044,51.6193547],[0.0563894,51.6191178],[0.0543795,51.6188059],[0.0537122,51.618692],[0.053211,51.6186063],[0.0482328,51.6178132],[0.0463093,51.617504],[0.0460994,51.6174664],[0.043884,51.6170867],[0.0437768,51.6170674],[0.0434305,51.6169983],[0.0432853,51.6169645],[0.0431822,51.616939],[0.0430008,51.6168917],[0.0428055,51.6168325],[0.042619,51.6167731],[0.0424905,51.6167263],[0.0423343,51.6166662],[0.042192,51.6166082],[0.0420815,51.616559],[0.0419735,51.6165101],[0.0418047,51.6164284],[0.0416268,51.6163328],[0.0414319,51.6162198],[0.041336,51.6161606],[0.0412164,51.616084],[0.0411104,51.6160077],[0.0410316,51.6159467],[0.0409588,51.6158835],[0.040864,51.6157905]],[[0.0314528,51.6021608],[0.031638,51.6023783]],[[0.0332683,51.6053964],[0.0333703,51.6056705]],[[0.0347737,51.6080693],[0.0347278,51.6079684],[0.0346439,51.6077857]],[[0.0408016,51.615811],[0.0408903,51.6158985],[0.0409709,51.6159705],[0.0410582,51.616037],[0.041186,51.6161282],[0.0413035,51.6162011],[0.0413791,51.6162479],[0.0416262,51.6163921],[0.0418408,51.616496],[0.0420415,51.6165851],[0.0421781,51.6166418],[0.0423249,51.6167013],[0.042493,51.6167626],[0.0426273,51.6168083],[0.0429232,51.6169007],[0.0431893,51.616973],[0.0435462,51.6170537],[0.0437686,51.6170977],[0.0438902,51.6171184],[0.044119,51.6171562],[0.0443489,51.6171949],[0.0460875,51.6174898],[0.0463035,51.6175273],[0.048227,51.6178365],[0.053195,51.6186414],[0.0536974,51.6187245],[0.0543736,51.6188292],[0.0563836,51.6191411],[0.0585986,51.619378],[0.0599733,51.6194503],[0.0612265,51.6194809],[0.0615072,51.6194814],[0.0626138,51.6194604],[0.0634241,51.6194286],[0.0644869,51.619353],[0.06542,51.619259],[0.0667274,51.6190889],[0.0682054,51.6188696],[0.0727025,51.6182049],[0.0745751,51.6178941],[0.0755291,51.6177136],[0.0822625,51.6163663],[0.084062,51.615918],[0.0861081,51.6153355],[0.0892009,51.6144],[0.0904069,51.6140569],[0.0907841,51.6139456],[0.0911889,51.6138079],[0.0914133,51.6137249],[0.0915991,51.613652],[0.0917889,51.6135689],[0.092007,51.6134638],[0.0922157,51.6133533],[0.0924112,51.613241],[0.0925536,51.6131556],[0.0927109,51.6130573],[0.0928623,51.6129432],[0.0930387,51.6128054],[0.0932048,51.6126471],[0.0933793,51.6124793],[0.0934683,51.6123781],[0.0935594,51.6122713],[0.0936736,51.6121182],[0.0940095,51.6116849],[0.0942374,51.6113975],[0.0944756,51.6110866],[0.0946917,51.6107927],[0.0948353,51.610569],[0.0949286,51.6104029],[0.0950197,51.6102015],[0.0950999,51.6099712],[0.0951471,51.6097949],[0.0951717,51.6096302],[0.0951898,51.6094327],[0.0951908,51.6091974],[0.0951663,51.6089593],[0.0951407,51.6088226],[0.0949992,51.6083283],[0.094898,51.6079948],[0.0947493,51.6074979],[0.0946548,51.6071963],[0.0945189,51.6067531],[0.0943723,51.6062653],[0.0940767,51.6053256],[0.0939261,51.6048387],[0.0938468,51.604566],[0.0937091,51.6041257],[0.093659,51.603965],[0.0936057,51.6037956],[0.0934581,51.6033034],[0.0932376,51.6025804]],[[0.0408016,51.615811],[0.0412404,51.6163547],[0.0414141,51.6165767],[0.0418861,51.6172102],[0.0430077,51.6186294],[0.0439033,51.6198692],[0.0442889,51.6204348],[0.0445661,51.6208794],[0.0449326,51.6215538],[0.0454408,51.6224676],[0.0460529,51.6238407],[0.0465598,51.6252034],[0.0466027,51.6253275],[0.0466779,51.6255647],[0.0467946,51.6259566],[0.0469567,51.6265276],[0.04701,51.6267657],[0.0473528,51.6279257],[0.0475166,51.6283929],[0.047716,51.6289072],[0.0480021,51.6296101],[0.0482974,51.6302098],[0.0485945,51.6308458],[0.0489484,51.6314432],[0.0493153,51.6320447],[0.0499379,51.6329645],[0.0508968,51.6342213],[0.0519425,51.6356273],[0.052504,51.636553],[0.0528392,51.6372309],[0.0531574,51.6378444],[0.0532292,51.6380424],[0.0533109,51.6382866],[0.0533603,51.6384525],[0.053446,51.638775],[0.0534956,51.6389558],[0.053641,51.6394171],[0.0537136,51.6396097],[0.0538414,51.6398803],[0.0539352,51.6400839],[0.0540034,51.6402085],[0.0541041,51.6403683],[0.0542094,51.64051],[0.0543272,51.6406359],[0.0545367,51.6408388],[0.0546345,51.6409169],[0.0547777,51.6410239],[0.0549768,51.6411551],[0.0552352,51.6413004],[0.0554135,51.6413934],[0.0557477,51.6415539],[0.0559068,51.6416226],[0.05613,51.6417099],[0.0563806,51.6417896],[0.0565901,51.6418501],[0.0567678,51.6418923],[0.0570113,51.6419417],[0.0573412,51.6420006],[0.0574194,51.6420154],[0.0577272,51.6420762],[0.0578683,51.6420982],[0.0580205,51.6421194],[0.058192,51.6421394],[0.0583771,51.6421588],[0.0586023,51.6421778],[0.0587834,51.6421901],[0.0590434,51.6422023],[0.0592557,51.6422066],[0.0594984,51.642209],[0.06035,51.6421794],[0.0627458,51.6420828],[0.063895,51.6420443],[0.065176,51.6420111],[0.0663144,51.6420328],[0.0675248,51.6420689],[0.0692566,51.6421559],[0.0694967,51.6421738],[0.070794,51.6422811],[0.0726396,51.642504],[0.0741765,51.6427335],[0.0765125,51.6431716],[0.0779108,51.6434907],[0.079095,51.6437828],[0.080268,51.6441109],[0.0813931,51.6444606],[0.0822554,51.6447594],[0.0825886,51.6448886],[0.0835733,51.6452929],[0.0843578,51.645648],[0.0851168,51.6460414],[0.0856397,51.6463562],[0.0861444,51.646694],[0.0866294,51.6470006],[0.088426,51.648129],[0.0898684,51.6491769],[0.0910064,51.6501762],[0.0919938,51.6511547],[0.0935863,51.6529724],[0.0944803,51.6542834],[0.0952929,51.6557031],[0.0963331,51.6575132],[0.0971812,51.658734],[0.0987628,51.6606765],[0.099413,51.6615192],[0.0999359,51.6623528],[0.1004989,51.6634773],[0.1008381,51.6643584],[0.1010633,51.6652209],[0.1012684,51.6664034],[0.1013511,51.6669863],[0.1014766,51.6675348],[0.1017367,51.6683557],[0.101911,51.6687453],[0.1024868,51.669932],[0.1028623,51.6708047],[0.102873,51.6708284],[0.1028833,51.6708533],[0.1029618,51.6710263],[0.1029868,51.671084],[0.10301,51.6711374],[0.1030662,51.6712605],[0.103077,51.6712862],[0.103089,51.6713117],[0.1031076,51.6713536],[0.1031328,51.6714102],[0.1031627,51.6714783],[0.1031945,51.6715489],[0.1032261,51.6716198],[0.1032489,51.6716712],[0.1032708,51.6717195],[0.103289,51.67176],[0.1033084,51.6718049],[0.1033117,51.6718129],[0.1033152,51.6718201],[0.1033209,51.6718347],[0.1033338,51.6718619],[0.103346,51.6718893],[0.1033581,51.6719165],[0.1033714,51.6719465],[0.1033846,51.6719762],[0.1034105,51.6720343],[0.1036017,51.6724641],[0.1036625,51.6726076],[0.1037198,51.672731],[0.1038136,51.6729169],[0.1054036,51.6765629],[0.1067782,51.679704],[0.1076489,51.6816311],[0.1093155,51.6853653],[0.1103523,51.6877061],[0.1104133,51.6878354],[0.1111275,51.6894704],[0.1113899,51.6901423],[0.1116214,51.6905976],[0.1119352,51.691136],[0.112094,51.6914146],[0.1121447,51.6914917],[0.1122732,51.6916869],[0.1127632,51.6922826],[0.112972,51.6925396],[0.1131803,51.6927845]],[[0.0538391,51.6397671],[0.0538129,51.6397104],[0.0537448,51.6395388],[0.053581,51.6390515],[0.0534978,51.6387797],[0.0534138,51.6384532],[0.0533589,51.6382823],[0.0532845,51.6380366],[0.0532107,51.6378411],[0.0529026,51.637218],[0.0525659,51.6365414],[0.0520121,51.6356088],[0.0509602,51.6342104],[0.0500011,51.6329503],[0.0493721,51.6320363],[0.0490118,51.6314253],[0.0486694,51.6308333],[0.0483796,51.6301901],[0.0480872,51.6295985],[0.0477692,51.6288992],[0.0475872,51.6283867],[0.0474161,51.6279177],[0.0470704,51.6267595],[0.0469967,51.6265206],[0.046839,51.6259521],[0.0467215,51.6255606],[0.0466595,51.6253196],[0.0466166,51.6251955],[0.0461141,51.6238345],[0.0455213,51.6224473],[0.0449955,51.6215444],[0.0446062,51.6208656],[0.0443518,51.6204254],[0.0439662,51.6198598],[0.0430594,51.6186153],[0.041981,51.6172321],[0.041478,51.6165642],[0.0413036,51.6163356],[0.0410582,51.616037],[0.040864,51.6157905]],[[0.1123223,51.6916788],[0.1121432,51.6914065],[0.1119844,51.6911278],[0.1117001,51.6905939],[0.1114654,51.6901394],[0.1111863,51.6894543],[0.1104664,51.6878256],[0.110395,51.6876649],[0.109365,51.6853493],[0.1077064,51.6816126],[0.1068012,51.679702],[0.1054266,51.6765609],[0.1038366,51.6729149],[0.103778,51.672743],[0.1037656,51.6727143],[0.1037303,51.6726377],[0.1037017,51.6725739],[0.103687,51.6725409],[0.1036712,51.6725066],[0.1036474,51.6724543],[0.1036228,51.672398],[0.1036073,51.6723637],[0.1035919,51.6723288],[0.1035788,51.6722994],[0.1035658,51.6722699],[0.1035368,51.6722045],[0.1035214,51.6721697],[0.1035064,51.6721357],[0.1034961,51.6721125],[0.103485,51.6720875],[0.1034523,51.6720137],[0.1034278,51.6719583],[0.1033997,51.6718947],[0.1033649,51.6718163],[0.1033195,51.6717139],[0.1025256,51.6699278],[0.1019505,51.6687402],[0.1017917,51.6683498],[0.1015332,51.6675322],[0.101418,51.6669784],[0.1013249,51.6664005],[0.1011213,51.6652167],[0.1008846,51.6643516],[0.1005565,51.6634672],[0.0999875,51.6623384],[0.0994665,51.6615085],[0.0993343,51.6613351],[0.0988204,51.6606608],[0.0972337,51.6587189],[0.0969167,51.658259],[0.0963917,51.6574975],[0.0953502,51.6556936],[0.094545,51.6542664],[0.0936322,51.652958],[0.0920589,51.6511381],[0.0910572,51.6501517],[0.0899175,51.6491568],[0.0883311,51.6478998],[0.0874987,51.6473353],[0.0869497,51.6470014],[0.0864181,51.6466833],[0.0853153,51.6460838],[0.084383,51.6456193],[0.0835923,51.6452719],[0.082615,51.6448554],[0.0822855,51.6447262],[0.0814321,51.6444256],[0.0802981,51.6440721],[0.0791205,51.643748],[0.0779247,51.6434431],[0.0765385,51.6431322],[0.0742055,51.6426916],[0.0726776,51.6424559],[0.0708079,51.6422442],[0.0695118,51.642135],[0.0692725,51.6421103],[0.0675335,51.642018],[0.0663246,51.641989],[0.0651875,51.6419779],[0.0638851,51.6419988],[0.0627388,51.6420346],[0.0603516,51.6421418],[0.0594896,51.6421724],[0.0592666,51.6421748],[0.0590507,51.6421699],[0.0587547,51.6421548],[0.0585556,51.6421393],[0.0583253,51.6421174],[0.0580756,51.6420882],[0.0579186,51.6420644],[0.0577345,51.6420364],[0.0574358,51.6419827],[0.0573008,51.6419545],[0.0570427,51.6418816],[0.0567704,51.6417917],[0.0566914,51.6417614],[0.0563598,51.6416121],[0.0556238,51.641256],[0.0551638,51.6410315],[0.0549147,51.6408875],[0.0548147,51.6408217],[0.0547877,51.6408018],[0.0545893,51.6406555],[0.0544158,51.640511],[0.0543153,51.6404145],[0.0542183,51.6403112],[0.0540898,51.6401553],[0.0540172,51.6400629],[0.0539391,51.6399399],[0.0538391,51.6397671]],[[0.054054,51.6402032],[0.0539615,51.6400283],[0.0539088,51.6399293],[0.0538391,51.6397671]],[[0.0538414,51.6398803],[0.0539616,51.6400728],[0.054054,51.6402032]],[[0.0564817,51.641749],[0.056235,51.6416507],[0.0559717,51.6415432],[0.0552989,51.6412137],[0.0550237,51.6410717],[0.0548049,51.6409338],[0.0546691,51.640835],[0.0545097,51.6407065],[0.0543673,51.6405743],[0.0541852,51.6403813],[0.054054,51.6402032]],[[0.0929773,51.6018909],[0.0930136,51.6021065],[0.0930607,51.6024082],[0.0931038,51.6027481],[0.0931345,51.6028949],[0.0932081,51.6031685],[0.0933497,51.6036247],[0.0934056,51.6037808]],[[0.1123223,51.6916788],[0.1121447,51.6914917]],[[0.1144134,51.6939966],[0.1142095,51.6938064],[0.1140195,51.6936282],[0.1138346,51.6934393],[0.113805,51.6934076],[0.113223,51.6927695],[0.1130198,51.6925271],[0.112811,51.6922711],[0.1123223,51.6916788]],[[0.1131803,51.6927845],[0.1130198,51.6925271]],[[0.1131803,51.6927845],[0.1137324,51.6934085],[0.113781,51.6934607],[0.1139223,51.6936038],[0.1139675,51.6936496],[0.1141545,51.6938261],[0.1143631,51.6940101]]]},"properties":{"name":"Central","colour":"#E32017","mode":"tfl"}},{"type":"Feature","geometry":{"type":"MultiLineString","coordinates":[[[-0.170708,51.5182733],[-0.1708942,51.5182226],[-0.1712332,51.5181304],[-0.1716323,51.518066],[-0.1721242,51.517976],[-0.1752506,51.517457],[-0.1755215,51.517418],[-0.1756717,51.5174044],[-0.1757872,51.5174063],[-0.1758809,51.5174122],[-0.1760169,51.5174242],[-0.1762403,51.5174601],[-0.1765032,51.5175264],[-0.1767151,51.5176063],[-0.1769162,51.517708],[-0.1772837,51.5179184],[-0.1773964,51.5179707],[-0.1776426,51.5181271],[-0.1779369,51.5182099],[-0.1784509,51.5183682],[-0.1786485,51.5184283],[-0.1788494,51.5184926],[-0.179069,51.5185618],[-0.1793137,51.5186192],[-0.1795678,51.5186534],[-0.1797628,51.5186666],[-0.180037,51.5186795],[-0.1802264,51.5186799],[-0.1804097,51.5186724],[-0.1806026,51.5186634],[-0.1808175,51.5186522],[-0.1810257,51.5186508],[-0.1812649,51.5186601],[-0.1815492,51.5186791],[-0.1819492,51.5187121],[-0.1822677,51.518733],[-0.182467,51.5187473],[-0.182683,51.5187621],[-0.1831049,51.5187822],[-0.1835863,51.5188017],[-0.1841441,51.5188257],[-0.1845811,51.5188416],[-0.1849571,51.5188561],[-0.1853614,51.518873],[-0.1856563,51.5188855],[-0.1860253,51.5188984],[-0.1866265,51.5189235],[-0.1870565,51.5189483],[-0.1874854,51.5189793],[-0.1877072,51.5189977],[-0.1879284,51.5190183],[-0.1881494,51.5190423],[-0.1883771,51.5190675],[-0.1894741,51.5192024],[-0.1901584,51.5192817],[-0.1933853,51.519597],[-0.1937061,51.5196209],[-0.1950166,51.5196864],[-0.1951449,51.5196947],[-0.1955057,51.5197309],[-0.1958609,51.519783],[-0.1962856,51.5198658],[-0.1975144,51.5201146],[-0.1982269,51.5202661],[-0.1998262,51.5206557],[-0.2004116,51.5208155],[-0.2008379,51.5208991],[-0.2011029,51.5209376],[-0.201379,51.5209653],[-0.2015813,51.5209764],[-0.2018092,51.52098],[-0.2020846,51.5209783],[-0.2023495,51.5209668],[-0.202547,51.5209487],[-0.2027297,51.5209186],[-0.2029068,51.5208865],[-0.2031342,51.5208356],[-0.2033699,51.5207699],[-0.2036709,51.5206744],[-0.2038999,51.5205888],[-0.204143,51.5204872],[-0.204336,51.5203862],[-0.2044528,51.5203172],[-0.2045841,51.5202309],[-0.2048552,51.5200206],[-0.2050707,51.5198398],[-0.205303,51.5196543],[-0.2057137,51.5193447],[-0.2059942,51.5191234],[-0.2062313,51.5189423],[-0.2066037,51.5187005],[-0.2068014,51.5185876],[-0.2069766,51.5184829],[-0.2071953,51.5183715],[-0.2074098,51.5182757],[-0.2076532,51.5181602],[-0.2079182,51.5180557],[-0.2081444,51.517971],[-0.2084374,51.5178732],[-0.2087109,51.5177987],[-0.2090669,51.5177047],[-0.2094806,51.5176112],[-0.2098946,51.5175144],[-0.2102014,51.5174431],[-0.2112856,51.5172012],[-0.2116905,51.517109],[-0.2119473,51.5170422],[-0.2124264,51.5168958],[-0.2128168,51.5167463],[-0.2132316,51.5165454],[-0.2134296,51.5164547],[-0.2137063,51.5163171],[-0.2139766,51.5161769],[-0.2142093,51.5160419],[-0.2143948,51.5159285],[-0.2146054,51.5157844],[-0.2150004,51.5154922],[-0.2153452,51.5152372],[-0.2159917,51.5147839],[-0.2174641,51.5136856],[-0.2185858,51.5128486],[-0.2189199,51.5126258],[-0.2191909,51.5124171],[-0.2193394,51.5123112],[-0.2195384,51.5121648],[-0.219771,51.5119968],[-0.2200454,51.5118314],[-0.2202774,51.5116883],[-0.2204595,51.5115986],[-0.2206783,51.5114762],[-0.2209409,51.5113515],[-0.2211682,51.5112476],[-0.2214854,51.5111156],[-0.2220595,51.5109062],[-0.2223367,51.510797],[-0.2225879,51.5106902],[-0.222922,51.5105411],[-0.2232101,51.5103954],[-0.2234124,51.510287],[-0.2235823,51.5101886],[-0.2237766,51.510065],[-0.2240679,51.5098671],[-0.2241573,51.5098031],[-0.2242683,51.509714],[-0.2244662,51.5095563],[-0.2245875,51.5094561],[-0.2247341,51.5093291],[-0.2248966,51.5091697],[-0.2250219,51.5090399],[-0.2251442,51.5089069],[-0.2252817,51.5087426],[-0.2253853,51.5086132],[-0.2254867,51.508463],[-0.2256044,51.508289],[-0.2256822,51.5081515],[-0.2257605,51.5079948],[-0.2258728,51.5077637],[-0.2259507,51.5075404],[-0.2260202,51.507307],[-0.2260887,51.5070019],[-0.2261142,51.5068787],[-0.2261441,51.5067373],[-0.2261807,51.5065482],[-0.2262478,51.5062446],[-0.2263506,51.5057884],[-0.2263896,51.5055698],[-0.226446,51.5053233],[-0.2265116,51.5049802],[-0.2265713,51.5046909],[-0.226634,51.5044112],[-0.2266867,51.504136],[-0.2267196,51.5039484],[-0.2267414,51.5037962],[-0.2267565,51.5036224],[-0.2267685,51.5034015],[-0.2267696,51.5031828],[-0.2267608,51.5028689],[-0.2267496,51.5027174],[-0.2267042,51.5025034],[-0.2266648,51.5023133],[-0.2265722,51.5019738],[-0.2264122,51.5011676],[-0.2263881,51.5010256],[-0.2261767,51.499957],[-0.2257829,51.4979973],[-0.225678,51.4974735],[-0.2256251,51.4971834],[-0.2255432,51.4967817],[-0.2255082,51.496609],[-0.2254643,51.4963876],[-0.2254239,51.4961887],[-0.2253896,51.4960084],[-0.2253599,51.4958452],[-0.225321,51.495671],[-0.2252766,51.4954472]],[[-0.2252766,51.4954472],[-0.2252481,51.4952814],[-0.2252102,51.4950967],[-0.2251901,51.4949892],[-0.2251783,51.4949202],[-0.2251535,51.4947857],[-0.2251406,51.4947115],[-0.2251128,51.4945601],[-0.2249524,51.4937036],[-0.2249381,51.4936287],[-0.22493,51.4935855],[-0.2249228,51.4935468]],[[-0.2252766,51.4954472],[-0.2251916,51.4952088],[-0.2251521,51.4951158],[-0.2251225,51.4950498],[-0.2250664,51.4949322],[-0.2250423,51.4948751],[-0.2249926,51.4947352],[-0.2249769,51.494659],[-0.2249506,51.4945442],[-0.2248774,51.4941716],[-0.2247943,51.4937167],[-0.224788,51.4936827]],[[-0.2249632,51.4935445],[-0.224979,51.4936258],[-0.2249929,51.4937016],[-0.2251555,51.4945602],[-0.2251853,51.4947177],[-0.2252247,51.4949067],[-0.2252429,51.4950168],[-0.2252977,51.4952869],[-0.2253662,51.4956731],[-0.2254592,51.4961484],[-0.2255136,51.4963803],[-0.2255587,51.4965984],[-0.2255915,51.4967778],[-0.2256854,51.4972091],[-0.225731,51.4974705],[-0.225834,51.4979921],[-0.2262316,51.4999517],[-0.2266403,51.5019688],[-0.2267226,51.5022836],[-0.2267313,51.5023121],[-0.2267614,51.5024938],[-0.2268289,51.5027542],[-0.2268488,51.5030785],[-0.2268513,51.5033105],[-0.2268408,51.5035543],[-0.2267988,51.5039597],[-0.2267618,51.5041793],[-0.2267074,51.5044677],[-0.2266189,51.5048531],[-0.2265499,51.505214],[-0.2264908,51.5054344],[-0.2264608,51.5055481],[-0.2264042,51.5058223],[-0.2261794,51.5068751],[-0.2261503,51.5070114],[-0.226078,51.507328],[-0.2260058,51.5075493],[-0.2259226,51.507776],[-0.2258332,51.507955],[-0.2257923,51.5080614],[-0.2256958,51.5082313],[-0.2256157,51.5083681],[-0.2254957,51.5085438],[-0.2253615,51.5087284],[-0.2252131,51.5089095],[-0.2250738,51.5090645],[-0.2249238,51.5092162],[-0.2247485,51.5093878],[-0.2245774,51.5095356],[-0.2243832,51.5096934],[-0.2242631,51.5097803],[-0.2241983,51.5098246],[-0.2240127,51.5099533],[-0.2238362,51.5100783],[-0.2236342,51.5102021],[-0.2234442,51.5103107],[-0.2231676,51.5104598],[-0.2229767,51.5105542],[-0.2228192,51.5106244],[-0.2226448,51.5107077],[-0.2224477,51.5107935],[-0.2222458,51.5108712],[-0.2218699,51.5110164],[-0.2215073,51.511153],[-0.2212564,51.5112638],[-0.2208994,51.5114431],[-0.220647,51.5115713],[-0.2203473,51.5117186],[-0.22024,51.5117755],[-0.2198831,51.5119934],[-0.2197072,51.5121042],[-0.21943,51.512309],[-0.2190704,51.5125725],[-0.2189659,51.5126459],[-0.2186391,51.5128755],[-0.2175169,51.5137126],[-0.2160652,51.5147919],[-0.2153832,51.515284],[-0.2151132,51.5154861],[-0.2149049,51.5156409],[-0.2147079,51.5157867],[-0.214508,51.5159148],[-0.2143175,51.5160363],[-0.2141846,51.5161143],[-0.2140697,51.5161786],[-0.213859,51.5162926],[-0.213589,51.5164321],[-0.2133153,51.5165895],[-0.2128878,51.5167854],[-0.2126383,51.5168755],[-0.2123877,51.5169706],[-0.2121562,51.5170311],[-0.2119763,51.5170783],[-0.2116091,51.5171689],[-0.2109222,51.5173215],[-0.2102343,51.5174787],[-0.2099036,51.5175552],[-0.2093664,51.5176804],[-0.2089374,51.5177855],[-0.2085306,51.5178972],[-0.2083256,51.5179667],[-0.2081685,51.5180188],[-0.2080211,51.5180738],[-0.2077771,51.5181732],[-0.2075441,51.5182773],[-0.2073882,51.5183444],[-0.2072281,51.5184282],[-0.2070211,51.51853],[-0.2068642,51.518628],[-0.2066782,51.5187313],[-0.2060856,51.5191172],[-0.2058217,51.5193291],[-0.2055497,51.5195429],[-0.2051377,51.5198784],[-0.204915,51.5200311],[-0.2046442,51.5202279],[-0.2045025,51.5203233],[-0.2043269,51.5204285],[-0.2041384,51.520522],[-0.203873,51.520632],[-0.2035949,51.5207375],[-0.2033514,51.5208167],[-0.2031796,51.5208608],[-0.2029372,51.5209127],[-0.2027427,51.5209458],[-0.2025387,51.5209719],[-0.2022948,51.5209913],[-0.2021131,51.5209989],[-0.2018918,51.5210018],[-0.20169,51.5209993],[-0.2014829,51.520991],[-0.2012209,51.5209715],[-0.2010219,51.5209464],[-0.2008533,51.5209213],[-0.2007514,51.5209016],[-0.2004297,51.5208393],[-0.1998315,51.5206931],[-0.1982123,51.5202925],[-0.1974979,51.5201421],[-0.19627,51.519893],[-0.195848,51.5198112],[-0.1954957,51.5197601],[-0.1951411,51.5197246],[-0.1950131,51.5197163],[-0.193703,51.5196563],[-0.1933788,51.5196289],[-0.1901496,51.5193123],[-0.1894618,51.519246],[-0.1883497,51.5191409],[-0.1874659,51.5190606],[-0.1870434,51.5190255],[-0.1866198,51.5189969],[-0.1860167,51.5189605],[-0.1857883,51.5189489],[-0.1855973,51.5189426],[-0.1854139,51.5189389],[-0.1852027,51.5189347],[-0.1850038,51.518937],[-0.1847615,51.5189395],[-0.1845342,51.5189388],[-0.1843146,51.518934],[-0.1839096,51.5189192],[-0.1837885,51.5189122],[-0.1836075,51.5188976],[-0.1833335,51.5188756],[-0.1829845,51.5188393],[-0.1826454,51.5188033],[-0.1824667,51.5187834],[-0.1822703,51.5187693],[-0.1819605,51.5187463],[-0.1815509,51.5187139],[-0.1811916,51.5186934],[-0.1809995,51.5186899],[-0.1808302,51.5186915],[-0.1806397,51.5186983],[-0.1803428,51.5187169],[-0.1800716,51.5187342],[-0.1798478,51.5187347],[-0.1796893,51.518729],[-0.1795435,51.5187186],[-0.1792641,51.5186718],[-0.1789931,51.5186117],[-0.178584,51.518488],[-0.1779613,51.5183165],[-0.1777039,51.5182217],[-0.1776024,51.5181843],[-0.1774418,51.5180979],[-0.1772783,51.5180163],[-0.1768599,51.5177584],[-0.1766748,51.5176571],[-0.1764656,51.5175759],[-0.1762296,51.5175113],[-0.1760062,51.5174748],[-0.1758367,51.51746],[-0.1756838,51.5174543],[-0.1755354,51.5174636],[-0.1752613,51.5175026],[-0.1747459,51.5175958],[-0.1734484,51.5178161],[-0.1731315,51.5178665],[-0.17272,51.5179319],[-0.1726734,51.5179388],[-0.1720942,51.5180354],[-0.171569,51.5181225],[-0.1715216,51.5181304],[-0.1712322,51.5181784],[-0.1707503,51.5182981]],[[-0.1866349,51.495494],[-0.1869924,51.4956936],[-0.1873432,51.4959102]],[[-0.1848898,51.4948177],[-0.1852745,51.494868]],[[-0.1707503,51.5182981],[-0.1701444,51.5186345],[-0.1689984,51.5192818],[-0.168785,51.5194021],[-0.168382,51.5196233]],[[-0.168382,51.5196233],[-0.1680872,51.5198322],[-0.1673162,51.5201541],[-0.1670842,51.520233],[-0.1668361,51.5203099],[-0.1666224,51.5203649],[-0.1662243,51.520478],[-0.1656381,51.5205881],[-0.1656027,51.5206009],[-0.1653598,51.5206599],[-0.1650076,51.5207493],[-0.1636888,51.5209755],[-0.1605919,51.5215638],[-0.1574923,51.5221531],[-0.1566779,51.5222984],[-0.1558488,51.5224417],[-0.1556787,51.5224715],[-0.155512,51.5225008],[-0.1533537,51.5228684],[-0.1523934,51.5230468],[-0.1518104,51.5231153],[-0.1511884,51.5231453],[-0.1505374,51.5231861],[-0.1498389,51.5232422],[-0.1491314,51.5233069],[-0.1489664,51.5233223],[-0.1459327,51.523848],[-0.1454896,51.5238823],[-0.1452135,51.5238868],[-0.1450753,51.5238843],[-0.1449542,51.5238778],[-0.1447504,51.5238608],[-0.144476,51.5238379],[-0.1443543,51.523832],[-0.1443265,51.5238308],[-0.1442166,51.5238267],[-0.1440867,51.5238243],[-0.1439808,51.5238232],[-0.1438906,51.5238238],[-0.1437799,51.5238258],[-0.1436687,51.5238289],[-0.1435289,51.5238329],[-0.1433722,51.5238415],[-0.1432717,51.5238495],[-0.1431611,51.5238598],[-0.1431015,51.5238661],[-0.142998,51.5238786],[-0.1428825,51.5238939],[-0.142751,51.5239124],[-0.1424383,51.5239663],[-0.1417983,51.5241019],[-0.1393864,51.5246434],[-0.1363732,51.5254304],[-0.1361905,51.5254838],[-0.1360091,51.5255427],[-0.1352346,51.525829],[-0.1344584,51.526116],[-0.1338357,51.5263189],[-0.1312815,51.5271514],[-0.1297425,51.5277042],[-0.1295419,51.5277822],[-0.1273714,51.5286265],[-0.1265845,51.5289391],[-0.1263801,51.5290327],[-0.1261333,51.5291794],[-0.1258254,51.5293319],[-0.1253003,51.5295341],[-0.1246817,51.5297729],[-0.1242273,51.5299264],[-0.123896,51.5300273],[-0.1236504,51.5301114],[-0.1235301,51.5301606],[-0.1233246,51.5302276],[-0.122908,51.5303997],[-0.1226293,51.5304865],[-0.122385,51.5305471],[-0.1220702,51.5306104],[-0.1218597,51.5306411],[-0.1217474,51.5306533],[-0.1216103,51.5306604],[-0.1214735,51.5306593],[-0.1210046,51.5306394],[-0.12078,51.530614],[-0.1205086,51.5305653],[-0.1199667,51.5304384],[-0.1197851,51.5303936],[-0.1195833,51.5303378],[-0.1193919,51.5302831],[-0.1191729,51.5302108],[-0.1190208,51.5301511],[-0.1189126,51.5301075],[-0.1188569,51.5300831],[-0.1186608,51.5299841],[-0.1184824,51.5298983],[-0.1183347,51.5298175],[-0.1178544,51.5295382],[-0.1177655,51.5294838],[-0.1177427,51.5294699],[-0.1172463,51.5291888],[-0.1170515,51.5290793],[-0.1169652,51.5290265],[-0.1165591,51.5287951],[-0.1163731,51.5286859],[-0.116108,51.5285345],[-0.1156034,51.5282321],[-0.1149893,51.527858],[-0.1145206,51.527562],[-0.1134928,51.5268723],[-0.1126087,51.5262816],[-0.1114384,51.5255803],[-0.1106376,51.5250886],[-0.109519,51.5242162],[-0.1093232,51.5240688],[-0.1090112,51.5238636],[-0.1086985,51.5236985],[-0.1084319,51.5235821],[-0.1079003,51.5232904],[-0.1076779,51.523148],[-0.1074488,51.5230015],[-0.1073654,51.5229452],[-0.1070049,51.5227324],[-0.1067587,51.5225675],[-0.1067129,51.5225353],[-0.1066111,51.5224554],[-0.106601,51.5224475],[-0.1064937,51.5223439],[-0.106456,51.5223086],[-0.1063207,51.5221503],[-0.1062605,51.5220603],[-0.1061923,51.5219639],[-0.1061102,51.5218475],[-0.1060286,51.5217488],[-0.1059517,51.5216526],[-0.1058007,51.5214857],[-0.1056395,51.5213123],[-0.1055798,51.5212537],[-0.1055062,51.52118],[-0.1054045,51.5210736],[-0.1053583,51.5210213],[-0.1053127,51.5209633],[-0.105269,51.5209051],[-0.1052085,51.5208236],[-0.1051545,51.5207483],[-0.1050822,51.5206529],[-0.1050388,51.5206014],[-0.1049549,51.5205113],[-0.1048564,51.5204174],[-0.1048061,51.5203735],[-0.104784,51.5203559],[-0.1047292,51.5203121],[-0.1046706,51.5202684],[-0.1045644,51.520197],[-0.1044945,51.5201569],[-0.1044191,51.5201175],[-0.104343,51.5200817],[-0.1042818,51.5200535],[-0.1042028,51.5200151],[-0.1041163,51.5199758],[-0.1040189,51.5199374],[-0.1039299,51.5199033],[-0.1038217,51.5198668],[-0.1037069,51.5198302],[-0.1034623,51.5197668],[-0.1033172,51.5197372],[-0.1031941,51.5197153],[-0.103004,51.5196886],[-0.1028088,51.5196673],[-0.1026393,51.5196528],[-0.1025027,51.5196431],[-0.1023453,51.51964],[-0.1021732,51.5196435],[-0.1020276,51.519658],[-0.1018435,51.5196899],[-0.1015112,51.5197588],[-0.1007599,51.5199783],[-0.1004425,51.5200469],[-0.1001328,51.5201112],[-0.0998823,51.5201573],[-0.0996992,51.5201798],[-0.0995268,51.5201932],[-0.0987257,51.5202304],[-0.098045,51.5202628],[-0.0977976,51.520272],[-0.0975669,51.5202735],[-0.0974011,51.5202611],[-0.0972349,51.5202372],[-0.0970713,51.5202078],[-0.0969464,51.5201811],[-0.0967427,51.5201352],[-0.0964925,51.5200721],[-0.0959356,51.5199354],[-0.0916011,51.5188906],[-0.0891531,51.5183795],[-0.0888213,51.5183085],[-0.0843726,51.5175043],[-0.0840764,51.5174568],[-0.0838724,51.5174272],[-0.0833928,51.51735],[-0.0830667,51.517297],[-0.0825435,51.5172123],[-0.0818196,51.5170871],[-0.081007,51.5169748],[-0.0808641,51.5169498],[-0.0807474,51.5169244],[-0.0791665,51.5164053],[-0.0786166,51.5162418],[-0.0781864,51.5160488],[-0.0778672,51.5159053],[-0.0777492,51.515856],[-0.0775856,51.5157851],[-0.0774086,51.5156899],[-0.0772783,51.5156053],[-0.0772262,51.5155714],[-0.0770638,51.5154726],[-0.0770281,51.5154502],[-0.0768024,51.5153085],[-0.0765666,51.5151357],[-0.0764014,51.5150273],[-0.0763641,51.5150037],[-0.0762208,51.514896],[-0.0761097,51.5148078],[-0.0760067,51.5147026],[-0.0759196,51.5146141],[-0.0758486,51.5145448],[-0.0757862,51.5144805],[-0.0757465,51.5144404],[-0.075594,51.5142891],[-0.0755175,51.514208],[-0.0754903,51.5141723],[-0.0754518,51.5141186],[-0.0754112,51.5140406],[-0.0753777,51.51396],[-0.0753495,51.5138802],[-0.0753294,51.513803],[-0.07532,51.5137085],[-0.0753146,51.51361],[-0.07532,51.5135285],[-0.0753221,51.5133822],[-0.0753379,51.513283],[-0.075362,51.5132004],[-0.0754076,51.513076],[-0.0754881,51.5128865],[-0.0755284,51.5127649],[-0.0755444,51.5126712],[-0.0755511,51.512521],[-0.0755319,51.5123757],[-0.0753593,51.5117356],[-0.0753392,51.5116296],[-0.0753258,51.5115244],[-0.0753191,51.5114385],[-0.0753265,51.5113036],[-0.0753553,51.5111805],[-0.0754036,51.5110295],[-0.0754613,51.5108842],[-0.0754907,51.5108252],[-0.0755176,51.5107791],[-0.0755852,51.5106643],[-0.0757532,51.510326],[-0.0758561,51.5102276],[-0.0759749,51.5101343],[-0.0761267,51.5100018],[-0.0761979,51.509941],[-0.0763576,51.5098385],[-0.0766185,51.5097755],[-0.0777223,51.509719],[-0.077744,51.5097179],[-0.0779159,51.5096949],[-0.0781689,51.5096531],[-0.0782833,51.5095925],[-0.0784406,51.5095608],[-0.0785688,51.5095558],[-0.078711,51.5095618],[-0.0791986,51.5096153],[-0.0795337,51.5096229],[-0.0801817,51.5096504],[-0.0803298,51.5096641],[-0.080441,51.5096775],[-0.0805494,51.5096957],[-0.08065,51.5097107],[-0.0807519,51.5097299],[-0.0809316,51.5097691],[-0.0811167,51.5098184],[-0.0812615,51.5098693],[-0.0813876,51.5099185],[-0.0814935,51.5099646],[-0.0816344,51.5100312],[-0.0827071,51.5104214],[-0.0831966,51.5105269],[-0.0836335,51.5105809],[-0.0838358,51.5105956],[-0.0840707,51.5106011],[-0.0843174,51.5106056],[-0.0851225,51.5106153],[-0.0852199,51.5106151],[-0.0853028,51.5106162],[-0.0854169,51.5106196],[-0.0855149,51.5106259],[-0.0856087,51.5106347],[-0.0857326,51.5106481],[-0.0858295,51.5106591],[-0.0859117,51.5106698],[-0.0859623,51.5106766],[-0.0860301,51.5106884],[-0.0860638,51.5106943],[-0.0861551,51.5107112],[-0.086199,51.5107202],[-0.086284,51.5107409],[-0.0863344,51.5107535],[-0.0863797,51.5107654],[-0.0865018,51.5108025],[-0.0868222,51.5108814],[-0.0870546,51.5109189],[-0.0872264,51.5109516],[-0.0874768,51.5109996],[-0.0882932,51.5112274],[-0.0887058,51.5113061],[-0.0891656,51.5113893],[-0.0894123,51.5114342],[-0.0896586,51.5114631],[-0.0898581,51.5114759],[-0.0900458,51.5114736],[-0.0903013,51.5114806],[-0.0905591,51.5114692],[-0.0907421,51.5114714],[-0.0912097,51.5115312],[-0.0918053,51.5116329],[-0.0924472,51.5117394],[-0.0927201,51.5117712],[-0.092964,51.5117926],[-0.0937098,51.511831],[-0.0939613,51.5118631],[-0.0941162,51.511876],[-0.0942632,51.5118854],[-0.0944327,51.511876],[-0.0946544,51.511856],[-0.0951839,51.5118217],[-0.0952117,51.5118216],[-0.0952673,51.5118182],[-0.0953423,51.5118136],[-0.0957634,51.5117878],[-0.0959639,51.511799],[-0.096153,51.5118219],[-0.0964296,51.5118462],[-0.0972208,51.5118753],[-0.0975907,51.5118756],[-0.0983033,51.5119137],[-0.0989304,51.5119461],[-0.1001537,51.512016],[-0.1012282,51.5120864],[-0.1014551,51.5120912],[-0.1016985,51.5120802],[-0.1019079,51.5120637],[-0.1021009,51.5120414],[-0.1023516,51.5119914],[-0.1025482,51.5119347],[-0.1026535,51.5119033],[-0.1030891,51.5117671],[-0.103252,51.5117186],[-0.1040017,51.5115051],[-0.1043264,51.5114136],[-0.1045855,51.5113362],[-0.1047908,51.5112835],[-0.1050898,51.5112283],[-0.1053876,51.5111874],[-0.1055402,51.511178],[-0.1056906,51.5111742],[-0.1070013,51.5111754],[-0.1071059,51.5111764],[-0.108478,51.5111908],[-0.1097144,51.5111914],[-0.1109557,51.5112116],[-0.1114659,51.5112189],[-0.1118481,51.5112087],[-0.1124798,51.5111738],[-0.1126434,51.5111664],[-0.1129111,51.5111535],[-0.1132373,51.5111321],[-0.1134494,51.5111163],[-0.1136117,51.5110996],[-0.1137139,51.5110896],[-0.1138558,51.5110712],[-0.1140583,51.5110361],[-0.1142768,51.510994],[-0.1148108,51.5108846],[-0.1149528,51.5108484],[-0.1151776,51.5107859],[-0.1155384,51.5106766],[-0.1163109,51.5104478],[-0.1183145,51.5098293],[-0.1184239,51.5097917],[-0.1188912,51.5096496],[-0.1192336,51.5095312],[-0.1195322,51.5094247],[-0.1198357,51.5093059],[-0.1200928,51.5091913],[-0.1205782,51.5089386],[-0.1209638,51.5086798],[-0.1213007,51.5084184],[-0.1214734,51.508252],[-0.1216347,51.5080711],[-0.1218595,51.5078243],[-0.122038,51.5076094],[-0.1223154,51.5072768],[-0.1225207,51.5069909],[-0.1226655,51.5067675],[-0.1227486,51.5065889],[-0.1228509,51.5063867],[-0.1229069,51.5062007],[-0.1229515,51.5059837],[-0.1229806,51.5056773],[-0.1230074,51.5053853],[-0.1231523,51.5048804],[-0.1232507,51.5045506],[-0.1233815,51.5040916],[-0.123568,51.5033066],[-0.1237437,51.5025826],[-0.1238148,51.5023716],[-0.1238859,51.5022297],[-0.1239784,51.5020869],[-0.1240267,51.5020172],[-0.1240831,51.5019495],[-0.124142,51.5018657],[-0.1242144,51.5017863],[-0.1242903,51.5017063],[-0.124362,51.5016478],[-0.1244371,51.5015894],[-0.1245651,51.501496],[-0.1249869,51.5012287],[-0.1251817,51.5011187],[-0.1253316,51.5010451],[-0.125526,51.5009658],[-0.1258326,51.5008439],[-0.1267357,51.5005166],[-0.1276249,51.500193],[-0.1279707,51.5000639],[-0.1281947,51.4999829],[-0.1284429,51.4998986],[-0.1286763,51.4998395],[-0.128852,51.4998011],[-0.1290265,51.4997659],[-0.1293361,51.4997218],[-0.1295172,51.4997035],[-0.1296879,51.4996943],[-0.1300147,51.4996834],[-0.1303437,51.4996836],[-0.1315582,51.4997119],[-0.1321316,51.4997104],[-0.1324971,51.4996985],[-0.132701,51.4996901],[-0.1329021,51.4996698],[-0.1331462,51.4996434],[-0.1334125,51.499595],[-0.1335942,51.4995487],[-0.1340474,51.4994185],[-0.1341236,51.4993975],[-0.1342922,51.4993497],[-0.1344588,51.4993001],[-0.1347525,51.4992077],[-0.1349081,51.4991546],[-0.1350491,51.4991032],[-0.1350837,51.4990906],[-0.1353089,51.4990098],[-0.1354815,51.4989472],[-0.1357546,51.4988177],[-0.1361848,51.4986512],[-0.1363886,51.4985427],[-0.1366333,51.4984093],[-0.1372808,51.4980302],[-0.1376918,51.4978494],[-0.1378295,51.4977925],[-0.1379743,51.4977385],[-0.1381218,51.4976858],[-0.1382633,51.4976377],[-0.138451,51.4975786],[-0.1385532,51.4975495],[-0.1387177,51.4975064],[-0.1388544,51.4974684],[-0.1389753,51.4974391],[-0.1391363,51.4974027],[-0.1393228,51.4973598],[-0.1397054,51.4972841],[-0.1400283,51.4972358],[-0.1402511,51.4971932],[-0.1404552,51.4971462],[-0.1406322,51.4970961],[-0.1407892,51.4970452],[-0.1411763,51.4969062],[-0.1416596,51.4967286],[-0.141976,51.4966269],[-0.1423015,51.4965371],[-0.1426611,51.4964412],[-0.1429979,51.4963722],[-0.143111,51.4963594],[-0.1432299,51.4963476],[-0.1433104,51.4963403],[-0.1434494,51.4963299],[-0.1436142,51.4963261],[-0.1437612,51.4963251],[-0.1438961,51.4963255],[-0.144097,51.4963251],[-0.144281,51.4963164],[-0.1444585,51.4962975],[-0.1445971,51.4962827],[-0.1447102,51.4962678],[-0.1448793,51.4962377],[-0.1450999,51.4961912],[-0.1453063,51.4961318],[-0.1455095,51.4960657],[-0.1456734,51.4960053],[-0.1458607,51.4959308],[-0.1460061,51.495866],[-0.1461797,51.4957833],[-0.146383,51.4956607],[-0.146577,51.495506],[-0.1467233,51.4953653],[-0.147234,51.4947434],[-0.1479721,51.4938524],[-0.1481183,51.4937104],[-0.1482953,51.4935509],[-0.1484496,51.4934404],[-0.1486498,51.4932996],[-0.1489324,51.4931214],[-0.1491012,51.4930243],[-0.1492965,51.4929197],[-0.149625,51.4927223],[-0.1500757,51.492476],[-0.1503145,51.4923821],[-0.1507083,51.492246],[-0.1510089,51.4921597],[-0.1512475,51.4921],[-0.1515079,51.4920477],[-0.1517395,51.4920129],[-0.151997,51.4919839],[-0.1522735,51.4919594],[-0.1526119,51.491947],[-0.1532244,51.4919338],[-0.153816,51.4919198],[-0.1540369,51.4919225],[-0.1542459,51.4919305],[-0.154447,51.491951],[-0.1550494,51.4920565],[-0.1555588,51.4921443],[-0.1560548,51.4922456],[-0.1561427,51.4922673],[-0.1571583,51.4925512],[-0.1578037,51.4927477],[-0.1586084,51.492984],[-0.1594625,51.4932226],[-0.1597242,51.4932846],[-0.1601292,51.4933681],[-0.1608367,51.4935043],[-0.161334,51.4935778],[-0.1619554,51.4936459],[-0.162575,51.4936975],[-0.1632655,51.4937367],[-0.1638131,51.49377],[-0.1638851,51.4937728],[-0.1661436,51.493854],[-0.166986,51.4938961],[-0.1674924,51.493921],[-0.1677054,51.4939347],[-0.169262,51.4939888],[-0.1704215,51.4940341],[-0.1707153,51.4940449],[-0.1709273,51.4940429],[-0.1712372,51.4940275],[-0.1718697,51.4939867],[-0.1721009,51.4939836],[-0.1730526,51.4940331],[-0.1737326,51.4940649],[-0.1739886,51.4940731],[-0.1743466,51.4940947],[-0.1746085,51.4940868],[-0.1748801,51.4940841],[-0.1753456,51.4940589],[-0.1761283,51.4939912],[-0.1775354,51.4938696],[-0.1776067,51.4938642],[-0.1777113,51.4938544],[-0.177795,51.4938471],[-0.1788538,51.4937556],[-0.17919,51.4937347],[-0.1796923,51.493714],[-0.1801884,51.4937573],[-0.180546,51.493838],[-0.1808628,51.4939255],[-0.1810625,51.4939723],[-0.1830342,51.494438],[-0.184315,51.4947089],[-0.1848898,51.4948177],[-0.1854238,51.4949371],[-0.1857522,51.4949918],[-0.1860207,51.4950754],[-0.1863795,51.4952635],[-0.1867318,51.4954535],[-0.1870497,51.495665],[-0.1873432,51.4959102],[-0.1874978,51.4960588],[-0.187606,51.4961603],[-0.1879601,51.4965729],[-0.1881369,51.4969264],[-0.188269,51.497151],[-0.1892135,51.4981324],[-0.1895721,51.498411],[-0.189689,51.4984926],[-0.189788,51.4985508],[-0.1905709,51.499015],[-0.1907496,51.4991264],[-0.1909564,51.4992743],[-0.1916464,51.4999186],[-0.1919086,51.5001747],[-0.1921683,51.5004362],[-0.1922323,51.5005016],[-0.19266,51.5009411],[-0.193223,51.501639],[-0.1934199,51.5020038],[-0.1936652,51.5024602],[-0.194026,51.5032295],[-0.1943087,51.504054],[-0.1943335,51.5041373],[-0.1951787,51.5064164],[-0.1953334,51.5068303],[-0.1957247,51.5078611],[-0.1957828,51.5080949],[-0.1957863,51.5081093],[-0.1960119,51.5086966],[-0.1960414,51.5087729],[-0.1960488,51.5087925],[-0.1960554,51.5088138],[-0.1960599,51.5088282],[-0.1960729,51.5088812],[-0.1960794,51.5089107],[-0.1960847,51.5089435],[-0.1960883,51.5090662],[-0.1960774,51.5092781],[-0.1960493,51.5094641],[-0.19602,51.5096069],[-0.1959655,51.5098067],[-0.1959124,51.5099589],[-0.1958453,51.5101277],[-0.1957513,51.5103178],[-0.1955505,51.5105631],[-0.1953446,51.5107639],[-0.1950511,51.5109764],[-0.1948462,51.5111084],[-0.1945569,51.5112628],[-0.1940958,51.5114622],[-0.1938118,51.5115395],[-0.19344,51.5116278],[-0.1929337,51.5117397],[-0.1924714,51.5118324],[-0.191841,51.5119744],[-0.1917089,51.5119946],[-0.1907605,51.5120911],[-0.1902601,51.5121569],[-0.189799,51.5121885],[-0.1896664,51.5121985],[-0.1891231,51.5122474],[-0.1889165,51.5122628],[-0.188251,51.5123038],[-0.1879168,51.5123307],[-0.186532,51.5123919],[-0.1853708,51.5124683],[-0.1842659,51.5126073],[-0.1836497,51.5126337],[-0.1830302,51.5126658],[-0.1825852,51.5127172],[-0.1821442,51.512778],[-0.1814303,51.5129321],[-0.1813049,51.5129597],[-0.1809926,51.5130256],[-0.1803038,51.5132021],[-0.1795998,51.5134381],[-0.1789017,51.5137738],[-0.1770466,51.5147751],[-0.1766006,51.514946],[-0.176153,51.5151073],[-0.1759956,51.515168],[-0.1759297,51.5151932],[-0.1754622,51.5154494],[-0.175149,51.5156184],[-0.1749549,51.5157268],[-0.1743291,51.5160937],[-0.173857,51.5163517],[-0.1722573,51.5172301],[-0.1719434,51.5173958],[-0.1718461,51.5174882],[-0.1716511,51.5176733],[-0.1714982,51.5178069],[-0.1713672,51.5179298],[-0.1712567,51.5180278],[-0.1708942,51.5182226],[-0.1707503,51.5182981]],[[-0.168708,51.5193973],[-0.1701043,51.5186152],[-0.1705302,51.5183775],[-0.170708,51.5182733]],[[-0.170708,51.5182733],[-0.1712192,51.517998],[-0.1713399,51.5178902],[-0.1715742,51.5176702],[-0.1718106,51.5174644],[-0.1719164,51.517375],[-0.1722282,51.5172071],[-0.1738067,51.5163165],[-0.1740957,51.5161586],[-0.1742794,51.5160583],[-0.1749141,51.5156993],[-0.1751105,51.5155915],[-0.1754503,51.5154037],[-0.1758923,51.5151668],[-0.1759579,51.5151413],[-0.176101,51.5150859],[-0.1766604,51.5148784],[-0.1770395,51.5147372],[-0.1788649,51.5137532],[-0.1792255,51.5135624],[-0.1794313,51.5134768],[-0.1795927,51.5134002],[-0.1802967,51.5131642],[-0.1809809,51.513003],[-0.1812951,51.5129422],[-0.1814192,51.5129134],[-0.1821306,51.5127488],[-0.182569,51.5126864],[-0.1829995,51.5126337],[-0.1836412,51.5126036],[-0.1842548,51.5125804],[-0.1853623,51.5124363],[-0.1865261,51.5123594],[-0.1879098,51.5122953],[-0.1882443,51.5122731],[-0.1889097,51.5122283],[-0.1891143,51.5122133],[-0.189654,51.512166],[-0.1897878,51.5121576],[-0.190246,51.5121154],[-0.191699,51.5119515],[-0.1918348,51.5119362],[-0.1924531,51.5117955],[-0.1928996,51.5117016],[-0.1934218,51.5115879],[-0.1937651,51.5115049],[-0.1940747,51.5114153],[-0.1945006,51.5112359],[-0.1947908,51.5110683],[-0.1950452,51.5109214],[-0.1953465,51.5106844],[-0.1954734,51.5105682],[-0.1955372,51.5104796],[-0.1956903,51.5102932],[-0.1957833,51.5101106],[-0.1958515,51.5099474],[-0.195906,51.5097966],[-0.19596,51.5096115],[-0.1959936,51.5094572],[-0.1960181,51.5092858],[-0.1960425,51.5090839],[-0.1960464,51.508959],[-0.1960356,51.5088984],[-0.1960172,51.5088274],[-0.1960156,51.508822],[-0.1960027,51.5087799],[-0.1959754,51.5087093],[-0.1957536,51.5081353],[-0.1957434,51.5081005],[-0.1956765,51.5078716],[-0.1952778,51.5068437],[-0.195125,51.5064246],[-0.1942651,51.5041472],[-0.1942375,51.5040632],[-0.1938949,51.503165],[-0.1936145,51.5024752],[-0.1931705,51.5016602],[-0.192618,51.5009551],[-0.1921961,51.5005126],[-0.1921338,51.500451],[-0.1918627,51.5001924],[-0.1916073,51.4999384],[-0.1908965,51.4992845],[-0.1907581,51.4991809],[-0.1905332,51.4990362],[-0.1897537,51.498573],[-0.189584,51.4984614],[-0.1891789,51.4981453],[-0.1886263,51.4975927],[-0.1882412,51.4971623],[-0.1881148,51.4969518],[-0.1879084,51.4965819],[-0.1875646,51.496173],[-0.1872792,51.4959186],[-0.1869324,51.4956821],[-0.1866349,51.495494],[-0.1862504,51.4952958],[-0.185835,51.4951425],[-0.1853634,51.4950126],[-0.1851894,51.4949622],[-0.1847043,51.494868],[-0.1840968,51.4947546],[-0.1830479,51.4945368],[-0.1825919,51.4944434],[-0.1819938,51.4943048],[-0.1816264,51.4941741],[-0.1810462,51.4940093],[-0.1806947,51.4939193],[-0.1801751,51.4937979],[-0.1796913,51.4937514],[-0.1791953,51.4937683],[-0.1788595,51.4937907],[-0.1753619,51.4941053],[-0.1748883,51.4941326],[-0.1746164,51.4941459],[-0.1743494,51.4941588],[-0.1737493,51.4941979],[-0.1720171,51.4941231],[-0.1716032,51.4941042],[-0.17089,51.4940921],[-0.1698603,51.494054],[-0.169257,51.4940298],[-0.168414,51.4939878],[-0.1676741,51.4939611],[-0.1674573,51.4939516],[-0.1672582,51.4939407],[-0.1638576,51.493803],[-0.1632849,51.4937711],[-0.1625716,51.4937272],[-0.1619492,51.493673],[-0.1615964,51.4936369],[-0.1613278,51.4936005],[-0.1608265,51.493531],[-0.160144,51.493409],[-0.1597363,51.4933272],[-0.1594477,51.4932483],[-0.1585937,51.493004],[-0.1577845,51.4927681],[-0.1571404,51.4925761],[-0.1561275,51.4922957],[-0.1560365,51.4922737],[-0.1557832,51.4922225],[-0.1555475,51.4921741],[-0.1552891,51.492128],[-0.1550376,51.4920853],[-0.1547403,51.4920339],[-0.1544484,51.4919939],[-0.1542394,51.4919739],[-0.1540279,51.4919643],[-0.1538151,51.4919605],[-0.1532256,51.4919617],[-0.1526137,51.4919748],[-0.152275,51.4919872],[-0.1520042,51.4920105],[-0.1517478,51.4920398],[-0.1515216,51.4920732],[-0.1512627,51.4921253],[-0.1510287,51.4921841],[-0.1507292,51.4922699],[-0.1503361,51.4924062],[-0.1500993,51.4924963],[-0.1496473,51.4927464],[-0.1493214,51.492941],[-0.1491287,51.4930453],[-0.1489651,51.4931401],[-0.1486851,51.4933158],[-0.1484878,51.4934537],[-0.1482549,51.4936351],[-0.1481397,51.4937371],[-0.148007,51.4938774],[-0.1477012,51.4942415],[-0.1472706,51.494756],[-0.1467615,51.4953795],[-0.146615,51.4955245],[-0.1464178,51.4956783],[-0.14621,51.4958045],[-0.1460351,51.495887],[-0.1458858,51.4959527],[-0.1456962,51.496029],[-0.1455279,51.4960906],[-0.1453237,51.4961572],[-0.1451159,51.4962164],[-0.1448919,51.4962682],[-0.1447174,51.4962982],[-0.1446004,51.496316],[-0.1444662,51.4963298],[-0.1442852,51.4963462],[-0.1440984,51.4963553],[-0.1436195,51.4963566],[-0.143453,51.4963599],[-0.1433167,51.4963685],[-0.1432359,51.4963742],[-0.1431188,51.4963848],[-0.142996,51.4963991],[-0.1427907,51.4964384],[-0.1426694,51.4964616],[-0.1423196,51.4965583],[-0.1419908,51.4966478],[-0.1416769,51.4967495],[-0.1412025,51.4969246],[-0.1408066,51.4970694],[-0.140647,51.4971237],[-0.1404794,51.4971713],[-0.1402579,51.497224],[-0.1400222,51.4972695],[-0.1397072,51.4973178],[-0.1393405,51.4973881],[-0.1392106,51.4974177],[-0.1390366,51.4974568],[-0.1388815,51.4974935],[-0.1387281,51.4975365],[-0.1385738,51.4975781],[-0.1384679,51.4976079],[-0.1383128,51.497656],[-0.1381486,51.4977109],[-0.1379929,51.4977669],[-0.137862,51.4978159],[-0.1377534,51.4978607],[-0.137312,51.4980494],[-0.1366778,51.4984331],[-0.1364346,51.4985697],[-0.1362245,51.4986736],[-0.1357922,51.4988519],[-0.1355204,51.4989705],[-0.1353477,51.4990453],[-0.1351193,51.4991252],[-0.1349931,51.4991704],[-0.1348445,51.4992225],[-0.1347086,51.4992683],[-0.134603,51.4993007],[-0.1344343,51.4993551],[-0.1342822,51.4993993],[-0.1341728,51.4994295],[-0.1337948,51.4995337],[-0.1335941,51.4995883],[-0.1334259,51.4996313],[-0.1331569,51.4996818],[-0.1329113,51.4997079],[-0.132709,51.4997268],[-0.1325038,51.4997369],[-0.1321416,51.4997497],[-0.1315542,51.499751],[-0.130481,51.499731],[-0.1302828,51.499727],[-0.1299731,51.4997277],[-0.1296895,51.4997379],[-0.1295105,51.4997527],[-0.1293442,51.4997694],[-0.129045,51.4998143],[-0.1288734,51.4998446],[-0.128691,51.499883],[-0.1284724,51.4999435],[-0.1282291,51.500021],[-0.1280048,51.5000945],[-0.1276609,51.5002238],[-0.1267692,51.5005383],[-0.1258665,51.5008769],[-0.1255636,51.5009908],[-0.125353,51.5010768],[-0.1252458,51.5011277],[-0.1251158,51.5011965],[-0.1249735,51.5012797],[-0.1248246,51.5013681],[-0.1247214,51.5014324],[-0.1246467,51.5014792],[-0.1245081,51.5015777],[-0.1243781,51.5016824],[-0.1243271,51.5017321],[-0.1242628,51.5017989],[-0.1241849,51.5018799],[-0.1241269,51.5019566],[-0.1240703,51.5020268],[-0.1240227,51.5020978],[-0.1239342,51.5022355],[-0.1238658,51.5023766],[-0.1237942,51.5026055],[-0.1236123,51.5033116],[-0.123432,51.5041007],[-0.1232985,51.5045554],[-0.1231942,51.5048872],[-0.1230544,51.5053871],[-0.1230343,51.5056748],[-0.1230151,51.5059839],[-0.1229766,51.5062124],[-0.1229134,51.5064086],[-0.122817,51.5065889],[-0.1227325,51.506765],[-0.1225873,51.507009],[-0.1223732,51.5072934],[-0.1221088,51.5076205],[-0.1219265,51.5078455],[-0.1216936,51.5080978],[-0.1215134,51.5082901],[-0.1213429,51.508436],[-0.1209925,51.5087102],[-0.1206175,51.5089599],[-0.1201321,51.5092126],[-0.1198599,51.5093318],[-0.1195715,51.509446],[-0.119255,51.5095605],[-0.1189305,51.5096709],[-0.1184632,51.509813],[-0.1163502,51.5104691],[-0.1155777,51.5106979],[-0.1151981,51.5108097],[-0.1149783,51.5108667],[-0.1148135,51.510911],[-0.1145598,51.5109619],[-0.1142971,51.5110163],[-0.114077,51.511057],[-0.1138783,51.5110923],[-0.1137579,51.5111104],[-0.1136345,51.5111246],[-0.1134548,51.511143],[-0.113239,51.5111586],[-0.1129141,51.5111794],[-0.1126474,51.5111947],[-0.1124814,51.5112038],[-0.1118525,51.5112337],[-0.1114619,51.5112381],[-0.1112044,51.5112356],[-0.1109573,51.5112308],[-0.1084756,51.5112184],[-0.1070968,51.5112073],[-0.107002,51.5112067],[-0.1056909,51.5112001],[-0.1055329,51.5112073],[-0.1053865,51.5112216],[-0.1050995,51.5112676],[-0.1048004,51.5113228],[-0.1045898,51.5113713],[-0.1043267,51.5114395],[-0.1035625,51.5116548],[-0.1032605,51.5117468],[-0.1031065,51.5117941],[-0.102673,51.5119276],[-0.1025679,51.5119577],[-0.1023532,51.5120165],[-0.1021012,51.5120673],[-0.1019082,51.5120896],[-0.1016988,51.5121061],[-0.1014555,51.5121171],[-0.1012285,51.5121123],[-0.1001604,51.5120411],[-0.0989307,51.511972],[-0.0983036,51.5119396],[-0.097591,51.5119015],[-0.0972211,51.5119012],[-0.0964306,51.5118657],[-0.095781,51.5118962],[-0.0952257,51.511929],[-0.0946785,51.5119642],[-0.0943721,51.5119659],[-0.094067,51.5119295],[-0.0937645,51.5118779],[-0.0929587,51.5118157],[-0.0927205,51.5117971],[-0.0924475,51.5117653],[-0.0917919,51.5116546],[-0.0912101,51.5115571],[-0.0907425,51.5114973],[-0.0905594,51.5114951],[-0.0903017,51.5115065],[-0.0900559,51.5115035],[-0.0898603,51.5114931],[-0.0896533,51.5114809],[-0.0894065,51.511455],[-0.0891546,51.51141],[-0.0886939,51.5113274],[-0.088283,51.5112492],[-0.0874619,51.5110386],[-0.0872105,51.51099],[-0.0869456,51.5109393],[-0.0867277,51.5108999],[-0.0864901,51.5108294],[-0.0864651,51.510822],[-0.0863195,51.5107787],[-0.0862328,51.5107569],[-0.0862168,51.5107532],[-0.0861669,51.510742],[-0.0860878,51.5107262],[-0.0860248,51.5107151],[-0.0859489,51.5107014],[-0.0858255,51.5106848],[-0.0857716,51.510677],[-0.0856488,51.5106638],[-0.0855121,51.5106511],[-0.0854414,51.5106468],[-0.0853839,51.5106436],[-0.0853138,51.5106416],[-0.0852284,51.5106399],[-0.0851485,51.5106405],[-0.0843205,51.5106401],[-0.0840808,51.5106334],[-0.0838356,51.5106302],[-0.0836248,51.5106159],[-0.0831535,51.5105579],[-0.0826885,51.5104458],[-0.081623,51.5100502],[-0.0814761,51.5099836],[-0.0813688,51.5099327],[-0.0812428,51.509886],[-0.0810993,51.5098384],[-0.0809196,51.5097917],[-0.0807412,51.5097524],[-0.0806353,51.5097324],[-0.0805389,51.5097167],[-0.0804316,51.5096966],[-0.0803225,51.5096847],[-0.0801806,51.5096715],[-0.0796337,51.5096551],[-0.0795248,51.5096498],[-0.0791932,51.5096432],[-0.078665,51.5095869],[-0.0784592,51.5095854],[-0.0783151,51.5096142],[-0.0781999,51.5096699],[-0.077918,51.509777],[-0.0777502,51.509812],[-0.0777298,51.5098131],[-0.0766367,51.5098716],[-0.0765111,51.5098931],[-0.0763933,51.5099267],[-0.0762519,51.509986],[-0.0762319,51.5099944],[-0.0761323,51.5100441],[-0.0760139,51.5101343],[-0.0758623,51.5102688],[-0.0757872,51.5103408],[-0.07556,51.5107997],[-0.0755377,51.5108383],[-0.0754881,51.5109702],[-0.0754186,51.5111379],[-0.0753754,51.5112916],[-0.0753659,51.511398],[-0.0753852,51.5116261],[-0.075413,51.5117314],[-0.0755825,51.5123736],[-0.0756034,51.5125193],[-0.075586,51.5126729],[-0.0755645,51.5127722],[-0.0755321,51.5128938],[-0.0754666,51.5130618],[-0.0754143,51.513197],[-0.0753909,51.5132851],[-0.0753714,51.5133651],[-0.0753729,51.5134916],[-0.0753919,51.5135751],[-0.0754022,51.5136076],[-0.0754068,51.5136273],[-0.0754174,51.513675],[-0.0754407,51.5137275],[-0.0754591,51.5137578],[-0.075489,51.513807],[-0.0755528,51.5139],[-0.0756325,51.5139997],[-0.0757156,51.5140964],[-0.0758232,51.5142097],[-0.0759637,51.5143622],[-0.0759995,51.514403],[-0.076059,51.5144708],[-0.0762716,51.5147098],[-0.0763185,51.5147557],[-0.0763749,51.514815],[-0.0765023,51.5149594],[-0.076569,51.5150352],[-0.0767088,51.5151934],[-0.0767489,51.5152286],[-0.0768252,51.5152902],[-0.0770562,51.5154318],[-0.0770906,51.5154529],[-0.077315,51.5155846],[-0.0774461,51.5156616],[-0.0776111,51.5157542],[-0.0777827,51.5158277],[-0.0778914,51.5158802],[-0.0782079,51.5160263],[-0.0786351,51.5162142],[-0.0791878,51.516384],[-0.0807829,51.5168821],[-0.0809028,51.5169122],[-0.0810248,51.5169333],[-0.0818321,51.5170561],[-0.0825554,51.5171842],[-0.0830792,51.5172704],[-0.0834029,51.5173233],[-0.0838934,51.5173983],[-0.0840973,51.5174279],[-0.0844014,51.5174723],[-0.0888349,51.5182687],[-0.0908535,51.5187071],[-0.0915117,51.5188473],[-0.0965288,51.5200441],[-0.0967342,51.520098],[-0.0970017,51.5201595],[-0.0972423,51.5202064],[-0.0974056,51.5202299],[-0.0975612,51.5202431],[-0.0977943,51.5202439],[-0.0979383,51.5202369],[-0.0981967,51.5202274],[-0.0987297,51.5202026],[-0.0989983,51.5201896],[-0.0992882,51.5201773],[-0.099514,51.5201697],[-0.0996883,51.5201555],[-0.0998736,51.5201314],[-0.1004384,51.5200157],[-0.1007729,51.519931],[-0.1014903,51.5197265],[-0.1018237,51.5196568],[-0.1019949,51.5196263],[-0.1021569,51.5196103],[-0.1023231,51.5196058],[-0.1024819,51.5196138],[-0.1026848,51.5196266],[-0.1027442,51.5196308],[-0.1028704,51.5196409],[-0.1030557,51.519663],[-0.1032076,51.519684],[-0.1033299,51.5197062],[-0.1034461,51.5197296],[-0.1035812,51.5197636],[-0.1036829,51.5197905],[-0.1038062,51.5198266],[-0.1039249,51.5198666],[-0.1041214,51.5199442],[-0.1041645,51.5199618],[-0.1042435,51.5199971],[-0.1043232,51.520037],[-0.1043736,51.5200605],[-0.1044929,51.5201201],[-0.1045355,51.5201414],[-0.1045985,51.5201774],[-0.1047225,51.5202608],[-0.1047548,51.5202849],[-0.104783,51.5203068],[-0.104812,51.5203293],[-0.1048278,51.5203424],[-0.1048561,51.5203661],[-0.1049081,51.5204123],[-0.1049534,51.5204545],[-0.1049895,51.5204902],[-0.1050467,51.5205507],[-0.1051057,51.5206183],[-0.1051395,51.5206601],[-0.1052131,51.5207596],[-0.1052548,51.5208186],[-0.1052862,51.5208621],[-0.1053542,51.5209503],[-0.1053984,51.521004],[-0.1054578,51.5210723],[-0.1055166,51.5211352],[-0.1055631,51.5211837],[-0.1058101,51.5214395],[-0.1060109,51.5216603],[-0.1061514,51.5218431],[-0.1062817,51.5220123],[-0.1063796,51.5221466],[-0.1065156,51.5223045],[-0.1066178,51.5224081],[-0.1066423,51.5224317],[-0.1067513,51.5225213],[-0.1069752,51.5226756],[-0.1074055,51.5229361],[-0.1075325,51.5230171],[-0.1077502,51.5231524],[-0.1079375,51.5232699],[-0.1084232,51.5235438],[-0.1087068,51.5236657],[-0.1090463,51.5238371],[-0.1093664,51.5240486],[-0.1095694,51.5242041],[-0.1106654,51.5250659],[-0.1114733,51.5255491],[-0.1126427,51.526257],[-0.1135394,51.5268436],[-0.1145664,51.5275362],[-0.1150266,51.5278325],[-0.1155808,51.5281688],[-0.1161455,51.5285095],[-0.1164327,51.528673],[-0.116622,51.528782],[-0.1170127,51.5290065],[-0.1171166,51.529065],[-0.1173151,51.5291756],[-0.1178124,51.5294559],[-0.1179294,51.5295252],[-0.1183975,51.5298026],[-0.1185345,51.5298839],[-0.1186987,51.5299666],[-0.1188497,51.5300392],[-0.1189731,51.5300903],[-0.1190817,51.5301359],[-0.1191764,51.5301736],[-0.1193853,51.5302472],[-0.1195684,51.530304],[-0.1197548,51.530353],[-0.1200306,51.5304214],[-0.1205014,51.5305316],[-0.1207778,51.530579],[-0.1210322,51.5306073],[-0.1212204,51.5306168],[-0.1214557,51.5306214],[-0.1215925,51.5306225],[-0.1217296,51.5306154],[-0.1218419,51.5306032],[-0.1220524,51.5305725],[-0.1223672,51.5305092],[-0.1226329,51.5304394],[-0.1228922,51.5303567],[-0.1232942,51.5301952],[-0.1235251,51.5300899],[-0.1236553,51.5300201],[-0.1237723,51.5299432],[-0.1238861,51.5298766],[-0.1240376,51.5297966],[-0.124545,51.5295915],[-0.1256138,51.5291487],[-0.1259933,51.5290306],[-0.1262233,51.5289682],[-0.1265149,51.5288892],[-0.1267679,51.5288206],[-0.1273515,51.5285879],[-0.1297338,51.5276773],[-0.1312616,51.5271128],[-0.1338133,51.5262918],[-0.1343416,51.5261218],[-0.1351367,51.5258278],[-0.135935,51.5255327],[-0.1361462,51.5254642],[-0.1363623,51.525398],[-0.1393665,51.5246048],[-0.1417784,51.5240633],[-0.1424268,51.5239371],[-0.1427273,51.5238902],[-0.1427985,51.5238795],[-0.1428842,51.5238673],[-0.1429726,51.5238558],[-0.1430723,51.523844],[-0.1431635,51.5238351],[-0.1432708,51.5238251],[-0.1433785,51.5238163],[-0.1434405,51.5238123],[-0.1435299,51.5238079],[-0.1436321,51.5238038],[-0.1437007,51.5238012],[-0.1437898,51.5237995],[-0.1438686,51.5237975],[-0.1439524,51.5237967],[-0.1440274,51.5237968],[-0.1441115,51.5237983],[-0.1441674,51.5237996],[-0.1442576,51.5238026],[-0.1443505,51.5238065],[-0.144482,51.5238155],[-0.1449537,51.5238477],[-0.1450767,51.5238542],[-0.1452161,51.5238571],[-0.1454914,51.523845],[-0.1459488,51.5238049],[-0.1489436,51.5232822],[-0.1491134,51.5232647],[-0.1498121,51.5232121],[-0.1505226,51.5231493],[-0.151183,51.5231022],[-0.1517943,51.5230736],[-0.1523706,51.5230067],[-0.1533309,51.5228283],[-0.1554892,51.5224607],[-0.1558207,51.5224023],[-0.1566498,51.522259],[-0.1574642,51.5221137],[-0.1578705,51.5220365],[-0.1636607,51.5209361],[-0.1649904,51.520731],[-0.1655489,51.5205988],[-0.165648,51.5205685],[-0.1656908,51.520541],[-0.1659642,51.5203939],[-0.1662305,51.5202668],[-0.1662573,51.520253],[-0.1666628,51.5201004],[-0.1672074,51.519932],[-0.1675981,51.5198094],[-0.1679098,51.5197048],[-0.1683274,51.5195749]],[[-0.168708,51.5193973],[-0.1689984,51.5192818]],[[-0.1683274,51.5195749],[-0.168708,51.5193973]],[[-0.168382,51.5196233],[-0.1680878,51.5197315],[-0.1676958,51.519891]],[[-0.1676958,51.519891],[-0.1678784,51.5197923],[-0.168049,51.5197046],[-0.1683274,51.5195749]],[[-0.1662143,51.5203846],[-0.1671491,51.5200909],[-0.1672693,51.5200584],[-0.1676958,51.519891]],[[-0.0916011,51.5188906],[-0.0915117,51.5188473],[-0.0912878,51.5187572],[-0.0911235,51.5186932],[-0.0892211,51.5182398]],[[-0.0912878,51.5187572],[-0.0902788,51.5185179],[-0.0892053,51.5182739]]]},"properties":{"name":"Circle","colour":"#FFD300","mode":"tfl"}},{"type":"Feature","geometry":{"type":"MultiLineString","coordinates":[[[-0.0715036,51.5107359],[-0.0720436,51.5106846],[-0.0724032,51.5106564],[-0.0726074,51.5106415],[-0.0727924,51.5106347],[-0.0729842,51.510632],[-0.0732628,51.5106259],[-0.0734054,51.5106226],[-0.0739171,51.5106191],[-0.0741792,51.5106217],[-0.0744137,51.5106233]],[[-0.0685197,51.5109479],[-0.0689316,51.5109193],[-0.0696236,51.5108819],[-0.070207,51.5108444],[-0.0703467,51.5108339],[-0.070563,51.5108153],[-0.0706922,51.5108061],[-0.0708832,51.5107897],[-0.070956,51.5107829],[-0.0711458,51.510767],[-0.0712256,51.5107597],[-0.0714032,51.5107445],[-0.0714487,51.5107406],[-0.0715036,51.5107359]],[[-0.0715036,51.5107359],[-0.0714052,51.5107487],[-0.0712386,51.510771],[-0.071047,51.5107998],[-0.0709008,51.5108204],[-0.0705392,51.5108515],[-0.0702032,51.5108761],[-0.0696171,51.5109114],[-0.0689439,51.5109514],[-0.0679611,51.5110146]],[[-0.0677847,51.5109651],[-0.0679381,51.5109589],[-0.068105,51.5109571],[-0.0682864,51.5109519],[-0.0685197,51.5109479]],[[-0.0679611,51.5110146],[-0.0685197,51.5109479]],[[-0.0679611,51.5110146],[-0.0677141,51.5110348],[-0.0672891,51.5110622]],[[-0.0233191,51.5083437],[-0.0236274,51.5084198],[-0.0241496,51.5085643],[-0.025097,51.5088486],[-0.0257158,51.5090478],[-0.0260175,51.509159],[-0.0265769,51.5093636],[-0.0273103,51.5096533],[-0.0277347,51.5098305],[-0.0281539,51.510018],[-0.0286219,51.5102055],[-0.0290052,51.5103555],[-0.029245,51.5104465],[-0.0295976,51.510567],[-0.0299566,51.510697],[-0.0303463,51.5108199],[-0.0307976,51.5109627],[-0.0312605,51.5110928],[-0.0317118,51.5112165],[-0.0320695,51.5113146],[-0.0324413,51.5114048],[-0.0327593,51.5114814],[-0.03324,51.5115843],[-0.033561,51.5116504],[-0.033995,51.5117343],[-0.0344178,51.5118108],[-0.0347898,51.5118709],[-0.0350319,51.5119111],[-0.0354466,51.5119841],[-0.035887,51.5120372],[-0.0364222,51.5121071],[-0.0367878,51.5121497],[-0.0371991,51.5121909],[-0.0377159,51.512238],[-0.0383035,51.5122789],[-0.0388681,51.5123127],[-0.0392811,51.5123305],[-0.0398455,51.51235],[-0.0399685,51.5123543],[-0.0402288,51.5123447],[-0.0403227,51.512336],[-0.0404204,51.5123238],[-0.0405342,51.5123064],[-0.0408578,51.5122555],[-0.0409865,51.512237],[-0.0411077,51.5122223],[-0.0412404,51.5122148],[-0.041365,51.5122101],[-0.0416433,51.5122005],[-0.0418302,51.5121904],[-0.0420133,51.5121836],[-0.0422482,51.5121749],[-0.0423685,51.5121765],[-0.0425045,51.5121836],[-0.0427116,51.512199],[-0.0428359,51.5122096],[-0.0429918,51.5122145],[-0.0431718,51.5122192],[-0.0436496,51.512206],[-0.0444405,51.5121684],[-0.0448705,51.512157],[-0.0452877,51.5121315],[-0.0455846,51.5121207],[-0.045879,51.5121114],[-0.046288,51.5121022],[-0.0466642,51.5120967],[-0.0469615,51.5120957],[-0.0473399,51.5120836],[-0.047883,51.5120598],[-0.0484638,51.51204],[-0.0489889,51.512022],[-0.0494342,51.5120016],[-0.0498399,51.5119863],[-0.0501756,51.5119669],[-0.051081,51.5119266],[-0.0516019,51.5119078],[-0.0520333,51.5118874],[-0.0523569,51.511875],[-0.0530097,51.5118621],[-0.0533415,51.5118584],[-0.0536813,51.5118402],[-0.0538998,51.5118315],[-0.0541249,51.5118139],[-0.0543342,51.5117904],[-0.0545281,51.5117694],[-0.0547189,51.5117498],[-0.0549509,51.5117346],[-0.0553404,51.511706],[-0.0556794,51.5116852],[-0.0559908,51.5116668],[-0.0562611,51.5116552],[-0.0565108,51.5116498],[-0.0568225,51.5116517],[-0.0571734,51.5116435],[-0.0575472,51.511625],[-0.0577543,51.5116185],[-0.0580823,51.5116075],[-0.0585231,51.5115868],[-0.0589498,51.5115704],[-0.0593402,51.511555],[-0.0596287,51.5115386],[-0.0600876,51.511518],[-0.0605081,51.5114998],[-0.0610656,51.5114601],[-0.061401,51.5114276],[-0.0615841,51.5114026],[-0.0617715,51.5113776],[-0.0620203,51.5113567],[-0.0622826,51.5113338],[-0.0625564,51.5113162],[-0.0632361,51.511284],[-0.0638668,51.5112571],[-0.0647461,51.5112101],[-0.0650994,51.5111915],[-0.0654669,51.5111651],[-0.0661338,51.5111138],[-0.0667752,51.5110677],[-0.0671503,51.5110429],[-0.0673617,51.5110197],[-0.067562,51.5109979],[-0.0677847,51.5109651]],[[-0.0677847,51.5109651],[-0.0681034,51.5109225],[-0.0683688,51.5108944],[-0.0687409,51.5108623],[-0.0691207,51.5108391],[-0.0694394,51.5108186],[-0.0696425,51.5107905],[-0.0700574,51.5107358],[-0.0702801,51.5106988],[-0.0706517,51.5106322],[-0.0708328,51.5106079],[-0.0710881,51.5105737],[-0.0713243,51.510542],[-0.0715425,51.5105128],[-0.0717251,51.5104883],[-0.0720731,51.510399],[-0.0723609,51.510309],[-0.0737162,51.509914],[-0.0744919,51.5097283],[-0.075074,51.5095856],[-0.0762197,51.5093877],[-0.0769683,51.5093075],[-0.077655,51.5092851],[-0.0784317,51.5093453],[-0.078768,51.509359],[-0.0789882,51.5093784],[-0.0804976,51.509521],[-0.0826024,51.5102423],[-0.0833335,51.510441],[-0.0843263,51.510549],[-0.0855023,51.5105762],[-0.0858833,51.5106195],[-0.0862655,51.5106841],[-0.0865067,51.5107263],[-0.0866096,51.5107506],[-0.0867645,51.5108027],[-0.0868921,51.5108534],[-0.0870182,51.5109209],[-0.0872727,51.5110376],[-0.0874618,51.5111452],[-0.0876882,51.5113308],[-0.0878114,51.5114899],[-0.0882346,51.5120279],[-0.0883767,51.5121977],[-0.0887158,51.5129938],[-0.0880806,51.5123125],[-0.0875952,51.5117032],[-0.0875433,51.5116398],[-0.0873228,51.5113718],[-0.0869629,51.5110133],[-0.0868735,51.5109443],[-0.0867884,51.5108981],[-0.0866803,51.5108523],[-0.0865663,51.5108074],[-0.0864755,51.5107873],[-0.0862381,51.5107457],[-0.0858606,51.5106819],[-0.0854911,51.5106399],[-0.0843155,51.5106127],[-0.0833037,51.5105027],[-0.082557,51.5102997],[-0.0804641,51.5095825],[-0.0789733,51.5094417],[-0.0787574,51.5094227],[-0.078422,51.509409],[-0.0776513,51.5093493],[-0.0769777,51.5093712],[-0.0762622,51.5094467],[-0.0751067,51.5096463],[-0.0745292,51.5097879],[-0.0737565,51.5099729],[-0.0724014,51.510368],[-0.0722379,51.5104211],[-0.0719873,51.5104873],[-0.0718051,51.5105257],[-0.0717358,51.5105354],[-0.071551,51.5105587],[-0.0713484,51.5105842],[-0.0711221,51.5106127],[-0.0708578,51.510646],[-0.0706891,51.5106673],[-0.0702986,51.5107256],[-0.0700644,51.5107622],[-0.0698021,51.5107956],[-0.0695119,51.5108385],[-0.0692624,51.5108589],[-0.0687424,51.5108915],[-0.068105,51.5109571],[-0.0678989,51.510985],[-0.067638,51.5110232],[-0.0672891,51.5110622]],[[-0.0672891,51.5110622],[-0.0668658,51.5110948],[-0.066341,51.5111282],[-0.0658621,51.5111665],[-0.0654505,51.5111995],[-0.0647679,51.5112421],[-0.0642875,51.5112644],[-0.063279,51.5113151],[-0.0627095,51.5113378],[-0.062384,51.5113577],[-0.0621701,51.511373],[-0.0619571,51.5113913],[-0.0617791,51.5114106],[-0.0616261,51.5114328],[-0.0614565,51.5114536],[-0.0610856,51.5114886],[-0.0607691,51.5115102],[-0.0605196,51.5115307],[-0.0600921,51.511547],[-0.0595794,51.5115707],[-0.0594072,51.5115782],[-0.0591313,51.5115884],[-0.058953,51.5115949],[-0.0583252,51.5116295],[-0.0577698,51.5116489],[-0.0572234,51.5116724],[-0.0567509,51.5116987],[-0.0565277,51.5117133],[-0.0564433,51.5117188],[-0.0559585,51.5117441],[-0.0553904,51.5117825],[-0.054987,51.51181],[-0.0547419,51.5118279],[-0.0544833,51.5118399],[-0.053713,51.5118738],[-0.0533377,51.5118892],[-0.0530057,51.5118939],[-0.0523596,51.5119062],[-0.0519855,51.5119208],[-0.0516083,51.511939],[-0.0508672,51.5119634],[-0.0494315,51.5120341],[-0.0489923,51.5120521],[-0.0484625,51.5120683],[-0.0478902,51.5120866],[-0.0473321,51.5121092],[-0.0466408,51.5121296],[-0.0460627,51.5121362],[-0.0445178,51.5121937],[-0.0438421,51.5122275],[-0.0431483,51.512253],[-0.0430384,51.5122519],[-0.0423994,51.5122089],[-0.0421984,51.5122064],[-0.0416635,51.5122282],[-0.0413189,51.5122397],[-0.0410647,51.512257],[-0.0408967,51.5122782],[-0.0407273,51.5123063],[-0.0404958,51.5123436],[-0.040295,51.5123713],[-0.0401864,51.5123792],[-0.0399876,51.5123792],[-0.0388153,51.5123341],[-0.0385071,51.5123223],[-0.037347,51.5122345],[-0.0365946,51.5121603],[-0.0362868,51.5121181],[-0.0359298,51.5120744],[-0.0353785,51.5119941],[-0.0352666,51.5119778],[-0.0350114,51.5119397],[-0.0347725,51.5119004],[-0.0344095,51.5118401],[-0.0339794,51.5117618],[-0.0339098,51.5117486],[-0.0335479,51.5116836],[-0.0325807,51.5114778],[-0.0317761,51.5112735],[-0.0313691,51.5111618],[-0.0302773,51.5108334],[-0.0300975,51.5107746],[-0.0296773,51.5106371],[-0.0287516,51.5102908],[-0.0285696,51.5102126],[-0.0273535,51.5097007],[-0.026485,51.5093621],[-0.0262331,51.5092698],[-0.0259361,51.5091636],[-0.0254235,51.5089791],[-0.0252564,51.5089237]],[[-0.0252564,51.5089237],[-0.0245787,51.5087157],[-0.0240018,51.5085521],[-0.023643,51.5084587],[-0.0233046,51.5083735]],[[-0.0252564,51.5089237],[-0.0251403,51.5088921],[-0.025072,51.5088763],[-0.0250194,51.5088661],[-0.0249602,51.5088556],[-0.0248828,51.5088448],[-0.0248396,51.5088382],[-0.0247795,51.508827],[-0.0247208,51.5088153],[-0.0246588,51.5087997],[-0.0242571,51.5086914],[-0.0239316,51.5085925],[-0.0235872,51.5085068],[-0.0229441,51.5083487],[-0.0218885,51.5081159],[-0.0213697,51.5080195],[-0.0208753,51.5079127],[-0.0207305,51.5078735],[-0.0205567,51.5078278],[-0.0204583,51.507806],[-0.0203487,51.5077795],[-0.0202992,51.5077673],[-0.0202568,51.5077534],[-0.0202088,51.5077332],[-0.0201584,51.5077088],[-0.0201097,51.5076801],[-0.0200558,51.5076433],[-0.0200173,51.5076089],[-0.0199878,51.5075726],[-0.0199607,51.5075378],[-0.0199422,51.5075006],[-0.0199284,51.5074637],[-0.0199206,51.5074276],[-0.0199201,51.5073835],[-0.0199237,51.5073578],[-0.0199323,51.5073211],[-0.0199428,51.5072846],[-0.0199681,51.5072457],[-0.019992,51.5072062],[-0.0200148,51.5071754],[-0.0200704,51.5071089],[-0.0201002,51.5070686],[-0.0201564,51.5069889],[-0.0201866,51.5069193],[-0.0202747,51.5066202],[-0.0203351,51.5064049],[-0.0203699,51.5063138],[-0.0203972,51.5062469],[-0.0204313,51.5061614],[-0.0204619,51.5060735],[-0.0205079,51.5058964],[-0.0205427,51.5057389],[-0.0205929,51.5056034]],[[-0.0207837,51.507797],[-0.0211951,51.5078901],[-0.0215168,51.5079596],[-0.021839,51.5080217],[-0.0226739,51.5081919],[-0.0233191,51.5083437]],[[0.0089932,51.5128084],[0.0089189,51.5129471],[0.0088371,51.5130885],[0.0088003,51.5131482],[0.0087351,51.513234],[0.008645,51.5133406],[0.0085985,51.5133927],[0.0085476,51.5134483],[0.0084787,51.5135189],[0.0083332,51.5136535],[0.0082358,51.5137427],[0.0082033,51.5137731],[0.0081449,51.5138276],[0.0080788,51.5138899],[0.0080298,51.5139378],[0.0079369,51.5140309],[0.0078971,51.5140714],[0.0078454,51.5141245],[0.007793,51.5141789],[0.007736,51.5142395],[0.0076115,51.5143673],[0.0075413,51.514444],[0.0074879,51.5144929],[0.0074042,51.5145598],[0.0073439,51.5145982],[0.0072449,51.5146517],[0.0071228,51.5147075],[0.007043,51.5147335],[0.0069561,51.5147602],[0.006864,51.5147774],[0.0067646,51.5147919],[0.0066566,51.5147991],[0.0065457,51.5147975],[0.0064384,51.514793],[0.0062916,51.5147774],[0.0062013,51.5147602],[0.0061074,51.5147346],[0.0059814,51.5146946],[0.0057807,51.5146094],[0.0053665,51.5143946],[0.0051869,51.5142987],[0.0050197,51.514176],[0.0045714,51.513851],[0.0043472,51.5136617],[0.0042127,51.5135156],[0.0041301,51.5133723],[0.0040694,51.5132366],[0.0040342,51.5131103],[0.0039284,51.5126704],[0.0038968,51.5125429],[0.0038432,51.5123815],[0.0037688,51.5121925],[0.0036709,51.5120112],[0.0035549,51.5118314],[0.0033178,51.5115304],[0.0031615,51.5113187],[0.0030221,51.5111433],[0.0028863,51.5109805],[0.0027943,51.5108897],[0.0027481,51.5108442],[0.0026101,51.51073],[0.0024221,51.5105802],[0.0022762,51.5104775],[0.0021373,51.5103932],[0.0020313,51.510329],[0.0017949,51.5102245],[0.001568,51.5101315],[0.0012806,51.5100336],[0.0009773,51.5099581],[0.0004366,51.5098514],[-6.27e-05,51.50976],[-0.0004451,51.5096889],[-0.0010411,51.5095723],[-0.0015445,51.5094871],[-0.0026431,51.5092843],[-0.0027637,51.509262],[-0.003107,51.5091877],[-0.0035114,51.509104],[-0.0037708,51.5090367],[-0.0039518,51.5089814],[-0.0041206,51.508919],[-0.0042982,51.5088397],[-0.0047615,51.5086],[-0.0050516,51.5084501],[-0.0052512,51.5083555],[-0.005456,51.5082745],[-0.0056186,51.5082159],[-0.0057944,51.5081629],[-0.0060441,51.5081065],[-0.0063008,51.5080595],[-0.006903,51.5079626],[-0.0075456,51.5078647],[-0.0078225,51.5078203],[-0.0082032,51.5077645],[-0.0085399,51.5077235],[-0.0088168,51.5076994],[-0.0091049,51.5076799],[-0.0093761,51.5076647],[-0.0093871,51.5076641],[-0.009802,51.5076512],[-0.0101132,51.5076293],[-0.0105369,51.5075926],[-0.01086,51.5075617],[-0.0112637,51.5075256],[-0.0119735,51.5074651],[-0.0125195,51.5074196],[-0.0126916,51.5074128],[-0.0129067,51.5074072],[-0.0132691,51.507404],[-0.0138589,51.5073994],[-0.0141194,51.5073976],[-0.0144037,51.5074059],[-0.0147442,51.5074199],[-0.0151642,51.5074361],[-0.0154705,51.5074494],[-0.015843,51.5074749],[-0.0165898,51.5075493],[-0.0174218,51.5076369],[-0.017751,51.5076721],[-0.0179104,51.5076908],[-0.0185007,51.5077429],[-0.0188101,51.50779],[-0.0190939,51.5078549],[-0.0192966,51.5079062],[-0.0195008,51.5079688],[-0.0200603,51.5081439],[-0.0203944,51.5082511],[-0.0205111,51.5082838],[-0.0205927,51.5083037],[-0.0206631,51.5083192],[-0.0207517,51.5083356],[-0.0208319,51.5083467],[-0.0209214,51.5083554],[-0.0210042,51.5083595],[-0.0211054,51.5083614],[-0.0212084,51.5083571],[-0.0212944,51.5083528],[-0.0213865,51.5083468],[-0.0214744,51.5083409],[-0.0215434,51.5083337],[-0.0218847,51.5082984],[-0.0222863,51.5082564],[-0.02238,51.5082487],[-0.0224823,51.5082415],[-0.0225859,51.5082392],[-0.0226798,51.5082432],[-0.0227818,51.5082507],[-0.0227887,51.5082515],[-0.0228823,51.5082627],[-0.0229675,51.5082745],[-0.0230506,51.508287],[-0.0231371,51.5083038],[-0.0233191,51.5083437]],[[-0.0233046,51.5083735],[-0.0227887,51.5082515],[-0.0226727,51.5082241],[-0.0218729,51.5080598],[-0.0212948,51.5079529],[-0.0210207,51.5078969],[-0.0207515,51.50783],[-0.0205874,51.5077805],[-0.0205275,51.5077579],[-0.0204777,51.5077325],[-0.020437,51.5077064],[-0.0203941,51.5076756],[-0.0203581,51.5076444],[-0.020304,51.5075768],[-0.0202754,51.5075043],[-0.0202645,51.5074579],[-0.0202733,51.5073966],[-0.0203033,51.5072604]],[[-0.0233046,51.5083735],[-0.0231402,51.5083382],[-0.0230451,51.5083211],[-0.0229397,51.5083061],[-0.022846,51.5082979],[-0.0227438,51.508288],[-0.0226601,51.5082837],[-0.0225228,51.5082814],[-0.0223488,51.5082884],[-0.0220931,51.5083088],[-0.0219057,51.5083275],[-0.0215867,51.5083658],[-0.0214579,51.5083782],[-0.0213678,51.5083847],[-0.0212778,51.5083898],[-0.0211976,51.5083931],[-0.0211265,51.5083961],[-0.021034,51.5083963],[-0.0209521,51.5083934],[-0.0208594,51.508386],[-0.0207745,51.5083771],[-0.020682,51.5083617],[-0.0205824,51.5083418],[-0.0204802,51.5083197],[-0.0201445,51.508234],[-0.019722,51.5081259],[-0.019467,51.5080723],[-0.0191357,51.5080319],[-0.0186947,51.5079797],[-0.0183906,51.5079533],[-0.0179958,51.5079092],[-0.0175394,51.507859],[-0.0172981,51.5078324],[-0.0169606,51.5077979],[-0.0166978,51.5077636],[-0.0164792,51.5077324],[-0.0162997,51.5077012],[-0.0159759,51.5076435],[-0.0156148,51.5075823],[-0.015533,51.5075693],[-0.0153936,51.50755],[-0.015205,51.5075343],[-0.0149721,51.5075279],[-0.0145958,51.5075185],[-0.0141834,51.5075065],[-0.0127045,51.507522],[-0.0123386,51.5075263],[-0.011809,51.507527],[-0.0115953,51.5075333],[-0.0114479,51.5075413],[-0.0112747,51.5075562],[-0.010866,51.5075938],[-0.0098135,51.5076817],[-0.0091182,51.507713],[-0.0088437,51.5077299],[-0.0084709,51.5077644],[-0.008129,51.5078041],[-0.0076805,51.5078788],[-0.0066576,51.5080368],[-0.0063801,51.5080772],[-0.0060756,51.5081327],[-0.0058083,51.508192],[-0.0054967,51.5082959],[-0.0052686,51.5083843],[-0.0047988,51.5086217],[-0.0043489,51.5088526],[-0.0041563,51.508941],[-0.0039337,51.5090247],[-0.0036309,51.5091155],[-0.0033025,51.5091941],[-0.0027847,51.5092892],[-0.0016327,51.5095016],[-0.0015532,51.509515],[-0.0009811,51.5096149],[-0.0001295,51.5097767],[0.0006557,51.5099254],[0.0010191,51.5099989],[0.0013004,51.5100742],[0.001524,51.5101513],[0.0017633,51.510248],[0.0019904,51.5103699],[0.0020916,51.5104285],[0.0022039,51.5104934],[0.0025341,51.5107278],[0.0027058,51.5108794],[0.0027387,51.5109067],[0.0027932,51.5109649],[0.0029083,51.5110904],[0.0030714,51.5112944],[0.0032427,51.5115054],[0.00351,51.5118484],[0.0036172,51.5120266],[0.0037138,51.5121985],[0.0037809,51.5123965],[0.0038668,51.5126769],[0.0039472,51.5129357],[0.0040037,51.5131669],[0.0040524,51.5133204],[0.0041522,51.5134915],[0.0042896,51.5136678],[0.0043681,51.5137357],[0.0045163,51.5138639],[0.0050244,51.5142232],[0.0051686,51.5143134],[0.0053403,51.5144155],[0.0057486,51.5146309],[0.0058669,51.5146846],[0.0059713,51.5147264],[0.0060686,51.5147601],[0.0061612,51.514785],[0.0062686,51.5148091],[0.0063688,51.5148252],[0.0064438,51.5148329],[0.0065417,51.5148412],[0.0066591,51.5148429],[0.0067486,51.5148396],[0.0068455,51.5148325],[0.0069266,51.5148208],[0.0070189,51.514802],[0.0071575,51.5147654],[0.0072602,51.5147288],[0.0073491,51.5146928],[0.0074174,51.5146562],[0.0074746,51.5146246],[0.0075628,51.5145645],[0.0077226,51.5144435],[0.0079069,51.5143081],[0.0079547,51.5142657],[0.0080273,51.5142011],[0.0081294,51.5141076],[0.0081951,51.5140459],[0.0082755,51.5139687],[0.0084149,51.5138315],[0.0084946,51.5137521],[0.0085574,51.5136888],[0.0086121,51.5136307],[0.008651,51.5135876],[0.0086875,51.5135468],[0.0087412,51.5134801],[0.008791,51.5134119],[0.0088191,51.5133695],[0.0088574,51.5133046],[0.0088989,51.5132339],[0.0089267,51.5131765],[0.0089637,51.5131051],[0.0090093,51.5129709],[0.0090443,51.5128523],[0.0091296,51.5126494]],[[-0.0219057,51.5083275],[-0.021827,51.5083309],[-0.0217632,51.5083315],[-0.0216575,51.5083312],[-0.0215933,51.5083319],[-0.0215434,51.5083337]],[[-0.0217839,51.5288951],[-0.021943,51.5290564],[-0.0220236,51.5291441],[-0.0220931,51.5292316],[-0.0221307,51.5292926],[-0.0221592,51.5293493],[-0.0221843,51.5294377],[-0.0221996,51.529531],[-0.0221977,51.529597],[-0.0221855,51.5296602],[-0.0221533,51.5297751],[-0.0221233,51.5298349],[-0.0220794,51.529912],[-0.0219632,51.5300523],[-0.0218056,51.530216],[-0.0217313,51.5302802],[-0.0215798,51.5303975],[-0.0214415,51.5304939],[-0.0213222,51.5305685],[-0.0212617,51.5306047],[-0.0211987,51.530639],[-0.0210561,51.5307116],[-0.0209184,51.530777],[-0.0206974,51.5308753],[-0.0205413,51.5309436],[-0.0203826,51.5310097],[-0.0201704,51.5310954],[-0.019954,51.5311795],[-0.01932,51.5314519],[-0.0189673,51.5316028],[-0.0188795,51.5316412],[-0.0183475,51.5318831],[-0.018099,51.532017],[-0.0177183,51.5322068],[-0.0175898,51.5322737],[-0.0174301,51.5323515],[-0.017404,51.5323635]],[[-0.0203576,51.5072661],[-0.0203195,51.5073451],[-0.0203042,51.5073645],[-0.0202733,51.5073966],[-0.0202308,51.5074306],[-0.0202054,51.5074513],[-0.0201756,51.5074693],[-0.0201341,51.5074941],[-0.0200779,51.5075188],[-0.0200111,51.5075394],[-0.0199141,51.5075636],[-0.0198087,51.5075889],[-0.0196989,51.5076147],[-0.0195885,51.5076395],[-0.0195121,51.5076581],[-0.0194585,51.5076697],[-0.0191124,51.507745],[-0.0188853,51.5078011],[-0.0187642,51.5078187],[-0.0186807,51.50783],[-0.0185776,51.5078317],[-0.0184338,51.5078327],[-0.0182564,51.5078185],[-0.0181417,51.5078111],[-0.0180289,51.5078056],[-0.0179093,51.5078024],[-0.0173884,51.5077521],[-0.0163229,51.5076416],[-0.0159852,51.5075982],[-0.0156294,51.5075496],[-0.0154913,51.507533],[-0.0153281,51.5075151],[-0.0151897,51.5075057],[-0.0144281,51.5074787],[-0.0141695,51.5074706],[-0.0132232,51.5074717],[-0.0128782,51.507473],[-0.0126441,51.5074787],[-0.0123889,51.5074887],[-0.0122321,51.5075276],[-0.0121343,51.5075665],[-0.0120371,51.5076074],[-0.0119426,51.5076743],[-0.0118764,51.5077359],[-0.0118256,51.5078064],[-0.0117944,51.5078705],[-0.0117762,51.5079634],[-0.0117827,51.5080544],[-0.0118221,51.5081662],[-0.011889,51.5082724],[-0.0120017,51.5084365],[-0.0122506,51.5087722],[-0.0124393,51.5090583],[-0.0125174,51.5091883],[-0.0126107,51.5093987],[-0.0126498,51.5094891],[-0.01271,51.5096394],[-0.0127805,51.5098153],[-0.0129261,51.5102293],[-0.0129893,51.5104571],[-0.0130359,51.5106473],[-0.0130677,51.5107934],[-0.013098,51.5109254],[-0.0132313,51.5114829],[-0.0133157,51.5119227],[-0.0133678,51.5123609],[-0.0134333,51.5126877],[-0.013516,51.5130135],[-0.0137348,51.5137731],[-0.0138324,51.5141514],[-0.0139436,51.5145308],[-0.014028,51.5148344],[-0.0142575,51.515623],[-0.0143881,51.516065],[-0.014616,51.5167781],[-0.0148237,51.5174906],[-0.0149218,51.5178197],[-0.0150251,51.5181474],[-0.0151818,51.5185648],[-0.0153609,51.5189795],[-0.0154794,51.5192245],[-0.0156236,51.5194892],[-0.0159449,51.5200605],[-0.0163497,51.5206889],[-0.0167553,51.5213183],[-0.0170587,51.5218434],[-0.017472,51.5224824],[-0.0175007,51.5225255],[-0.017639,51.5227332],[-0.0181097,51.5234403],[-0.0186636,51.5243021],[-0.0191431,51.5250758],[-0.0202963,51.5268827],[-0.0204616,51.5271361],[-0.020645,51.5274083],[-0.0207407,51.5275437],[-0.0208402,51.5276768],[-0.0208619,51.5277065],[-0.0212013,51.5281574],[-0.0214814,51.5285262],[-0.0215499,51.5286138],[-0.0216307,51.5287113],[-0.0217839,51.5288951]],[[-0.0217839,51.5288951],[-0.0215166,51.5286266],[-0.021414,51.5285028],[-0.0212638,51.5283082],[-0.0212148,51.5282437],[-0.0211554,51.5281657],[-0.0208212,51.5277193],[-0.020809,51.5277025],[-0.0206986,51.5275513],[-0.0204647,51.5272141],[-0.0202549,51.5268932],[-0.0190889,51.5250872],[-0.0186451,51.5243516],[-0.0181809,51.5236238],[-0.0178764,51.5231473],[-0.0176132,51.5227444],[-0.0175513,51.5226497],[-0.0175321,51.5226203],[-0.0174939,51.5225619],[-0.0174749,51.5225327],[-0.0174484,51.5224922],[-0.0170211,51.5218526],[-0.0167549,51.5214062],[-0.0164457,51.5209395],[-0.0161514,51.5204687],[-0.015833,51.5199516],[-0.0156677,51.5196547],[-0.0154941,51.5193329],[-0.0154383,51.5192443],[-0.01532,51.5189957],[-0.0152309,51.5187999],[-0.0150835,51.5184434],[-0.0149739,51.5181586],[-0.0148653,51.5178178],[-0.0147892,51.5175503],[-0.0146982,51.5172308],[-0.0145241,51.5166378],[-0.0143174,51.5159753],[-0.0141944,51.5155504],[-0.0140725,51.5151428],[-0.0139949,51.5148754],[-0.0139011,51.5145313],[-0.0137874,51.5141543],[-0.0136576,51.5136511],[-0.0135851,51.5133977],[-0.0134885,51.51306],[-0.0133586,51.5125581],[-0.0133083,51.5122706],[-0.0132507,51.5118076],[-0.0131514,51.5113411],[-0.0130553,51.5109286],[-0.0129375,51.510429],[-0.0128653,51.5101868],[-0.0128067,51.5100162],[-0.0127487,51.5098663],[-0.0126131,51.5095318],[-0.0124763,51.509226],[-0.0123857,51.5090589],[-0.0121845,51.5087633],[-0.012019,51.5085154],[-0.0118168,51.5082446],[-0.0117567,51.5081416],[-0.0117322,51.5080608],[-0.0117175,51.5079708],[-0.0117445,51.5078609],[-0.0118021,51.5077579],[-0.011921,51.5076351],[-0.0120055,51.5075833],[-0.0121318,51.5075306],[-0.0122837,51.5074742],[-0.0125902,51.507445],[-0.0128437,51.5074378],[-0.0131969,51.5074357],[-0.013544,51.5074318],[-0.0137322,51.5074281],[-0.0139762,51.5074266],[-0.0142868,51.5074349],[-0.0144187,51.5074397],[-0.0147829,51.5074519],[-0.0150991,51.5074637],[-0.0153899,51.5074857],[-0.0155711,51.5075029],[-0.0158109,51.507536],[-0.0160473,51.5075766],[-0.0163332,51.5076133],[-0.0167085,51.5076521],[-0.0172425,51.5077085],[-0.0173976,51.5077251],[-0.0177735,51.5077568],[-0.0179143,51.5077657],[-0.0179811,51.5077669],[-0.0180577,51.5077691],[-0.0181498,51.5077727],[-0.0182532,51.5077812],[-0.0184822,51.5078035],[-0.0185852,51.5078082],[-0.0186688,51.5078081],[-0.0187585,51.5077994],[-0.0188611,51.5077783],[-0.0190368,51.5077348],[-0.0192031,51.507696],[-0.0194808,51.5076257],[-0.019642,51.5075869],[-0.019761,51.5075619],[-0.0199715,51.5075131],[-0.0200084,51.507502],[-0.0200437,51.507489],[-0.0200799,51.5074746],[-0.0201217,51.5074536],[-0.0201665,51.5074262],[-0.0202011,51.5074001],[-0.020232,51.5073718],[-0.0202512,51.5073502],[-0.0202716,51.5073163],[-0.0203033,51.5072604]],[[-0.0212176,51.5040917],[-0.0211957,51.5041622],[-0.0211859,51.5042001],[-0.0211763,51.5042623],[-0.0211667,51.5042981],[-0.0211505,51.5043422],[-0.0211326,51.5043863],[-0.021113,51.5044299],[-0.0210933,51.504477],[-0.0210782,51.5045274],[-0.0210467,51.5046195]],[[-0.0212176,51.5040917],[-0.0212065,51.5041634],[-0.0212047,51.5042621],[-0.0212098,51.504329],[-0.0212216,51.5044003],[-0.0212282,51.5044537],[-0.0212323,51.504485],[-0.021237,51.5045327],[-0.0212384,51.5045841],[-0.021237,51.504624],[-0.0212374,51.5046403],[-0.0210257,51.5053929],[-0.0209664,51.5056416]],[[-0.0129253,51.4647431],[-0.0131584,51.4650786],[-0.013224,51.4651738],[-0.0135874,51.46566],[-0.0137134,51.4658779],[-0.0137881,51.4659892],[-0.0139592,51.4662466],[-0.0140219,51.4663402],[-0.0141071,51.4664617],[-0.0141681,51.4665442],[-0.0142751,51.4666702],[-0.0143535,51.4667523],[-0.0144625,51.4668554],[-0.0145936,51.4669634],[-0.0148564,51.4671502],[-0.0151069,51.4673218],[-0.0151982,51.4673914],[-0.0153255,51.467496],[-0.0155266,51.4676892],[-0.0157469,51.4679476],[-0.01594,51.4681784],[-0.0160725,51.4683373],[-0.0162226,51.4685178],[-0.0164322,51.4687659],[-0.0166271,51.4689975],[-0.0167195,51.4690882],[-0.0168087,51.4691573],[-0.0169144,51.4692231],[-0.0170282,51.4692816],[-0.0171657,51.4693383],[-0.0173255,51.4693874],[-0.01751,51.4694284],[-0.0179621,51.4695124],[-0.0182122,51.4695733],[-0.018457,51.469651],[-0.0186595,51.4697304],[-0.0188164,51.4698031],[-0.0189726,51.4698849],[-0.0190966,51.469962],[-0.019235,51.4700555],[-0.0193904,51.4701794],[-0.0196854,51.4704492],[-0.0198893,51.4706282],[-0.0200547,51.4707561],[-0.0202354,51.4708757],[-0.0206526,51.471143],[-0.0210211,51.4713796],[-0.0211657,51.4714809],[-0.0212871,51.4715816],[-0.0214231,51.4717092],[-0.0215265,51.4718276],[-0.021618,51.4719511],[-0.0216763,51.4720426],[-0.021728,51.4721454],[-0.0217716,51.4722541],[-0.0217968,51.472327],[-0.0218205,51.4724277],[-0.021847,51.472597],[-0.0218717,51.4727919],[-0.0219069,51.4730256],[-0.0219364,51.4731504],[-0.0219793,51.4732571],[-0.0220694,51.4734635],[-0.0224549,51.4742825],[-0.0225521,51.4744871],[-0.0226649,51.474729],[-0.0227498,51.4749213],[-0.0228086,51.4750834],[-0.0228437,51.4752597],[-0.0228503,51.4753835],[-0.0228309,51.4755081],[-0.0227811,51.4756457],[-0.0226962,51.475778],[-0.0225853,51.4758941],[-0.0225074,51.4759586],[-0.0224189,51.4760184],[-0.0223425,51.4760609],[-0.0222643,51.4761002],[-0.0221718,51.4761413],[-0.0220666,51.4761773],[-0.0219338,51.4762169],[-0.0218063,51.476247],[-0.021564,51.4762944],[-0.0210713,51.4763811],[-0.0208366,51.4764345],[-0.0205627,51.4765158],[-0.0203354,51.4766076],[-0.0201747,51.4766841],[-0.0200045,51.4767851],[-0.0198869,51.4768672],[-0.0197745,51.4769549],[-0.0194028,51.4772768],[-0.0192698,51.4773811],[-0.0191449,51.4774641],[-0.0190101,51.4775429],[-0.018932,51.4775843],[-0.0188533,51.4776233],[-0.0187061,51.4776876],[-0.0186112,51.4777248],[-0.0185117,51.4777609],[-0.0183227,51.4778192],[-0.0182912,51.4778292],[-0.018048,51.4778862],[-0.0178856,51.4779147],[-0.01771,51.4779384],[-0.0175177,51.4779581],[-0.0172378,51.4779765],[-0.0169096,51.4779941],[-0.0160714,51.4780388],[-0.0158143,51.4780491],[-0.0152648,51.4780606],[-0.014855,51.4780687],[-0.0144776,51.4780727],[-0.0143495,51.4780747],[-0.0142076,51.478081],[-0.0140687,51.4780924],[-0.0139454,51.478107],[-0.0138266,51.4781247],[-0.0137062,51.4781448],[-0.0133402,51.4782105],[-0.0129968,51.4782865],[-0.0127585,51.4783523],[-0.0125343,51.4784293],[-0.0122912,51.4785359],[-0.0121517,51.478603],[-0.0119157,51.4787126],[-0.0116709,51.4788398],[-0.0112148,51.4791335],[-0.0110256,51.4792824],[-0.0108983,51.4794225],[-0.0107965,51.4795659],[-0.0107387,51.4796676],[-0.0106036,51.4799381],[-0.0105678,51.4801027],[-0.010559,51.4803664],[-0.0105806,51.4805327],[-0.0106476,51.4808647],[-0.0108475,51.4816561],[-0.0108866,51.4818055],[-0.0109574,51.4820785],[-0.0110295,51.4824648],[-0.0109841,51.4830768],[-0.0108899,51.4834807],[-0.0107597,51.4838695],[-0.0103419,51.4849018],[-0.0100506,51.4856276],[-0.0098384,51.4862156],[-0.0096927,51.4866058],[-0.0096339,51.4868918],[-0.0096865,51.4871017],[-0.0097366,51.4872934],[-0.0098099,51.4874131],[-0.0099087,51.4875595],[-0.0102983,51.4879146],[-0.0107018,51.4881617],[-0.0109714,51.4883348],[-0.0116938,51.4887347],[-0.012786,51.4892798],[-0.0134135,51.4896116],[-0.0138407,51.4899325],[-0.0146243,51.4905239],[-0.0147702,51.4906758],[-0.0148437,51.4907966],[-0.0148864,51.4909191],[-0.0149176,51.4910435],[-0.0149482,51.4917532],[-0.0149419,51.4917934],[-0.0149505,51.4919797],[-0.0149448,51.492122],[-0.0149174,51.4922619],[-0.0148358,51.492538],[-0.0148094,51.492685],[-0.014801,51.4927535],[-0.0147918,51.4928527],[-0.0147681,51.4930928],[-0.0147408,51.4933446],[-0.0147285,51.4934378],[-0.014669,51.4939866],[-0.0145962,51.4946084],[-0.0145665,51.4949944],[-0.0145501,51.4951731],[-0.0145478,51.4951918],[-0.014432,51.4961768],[-0.014426,51.4963003],[-0.0144106,51.4965121],[-0.0143972,51.4966244],[-0.0143729,51.4967344],[-0.0143546,51.4968201],[-0.0143235,51.4969059],[-0.0142374,51.4971088],[-0.014097,51.4974412],[-0.0140375,51.497601],[-0.0140046,51.4977359],[-0.0139427,51.4981125],[-0.0138474,51.4987186],[-0.0137692,51.4992646],[-0.0137741,51.499338],[-0.0137888,51.4994086],[-0.0138322,51.4994971],[-0.0138967,51.4995745],[-0.013976,51.4996441],[-0.0140695,51.499701],[-0.0141866,51.4997481],[-0.0143125,51.4997814],[-0.0144461,51.4998078],[-0.0153336,51.4999091],[-0.0157791,51.4999627],[-0.0167577,51.5000731],[-0.0170003,51.5000992],[-0.0174238,51.5001467],[-0.0175642,51.5001729],[-0.0176667,51.5001982],[-0.0177453,51.5002226],[-0.017859,51.5002776],[-0.018121,51.5004251],[-0.0181927,51.5004604],[-0.0182786,51.5004925],[-0.0183816,51.5005192],[-0.0185043,51.5005386],[-0.0193136,51.5006284],[-0.0194459,51.5006444],[-0.0195527,51.5006652],[-0.0202096,51.5008134],[-0.0209293,51.5009708],[-0.0212658,51.5010445],[-0.0213667,51.5010682],[-0.0214552,51.5010943],[-0.0215498,51.5011288],[-0.0216431,51.5011758],[-0.0216956,51.5012093],[-0.0217507,51.5012517],[-0.0218137,51.5013162],[-0.0218602,51.50139],[-0.0218928,51.5015026],[-0.021888,51.5016144],[-0.0218632,51.5017146],[-0.0218409,51.501809],[-0.0217558,51.5021208],[-0.0216291,51.5025779],[-0.0214863,51.5031092],[-0.0214453,51.5032695],[-0.0212176,51.5040917]],[[-0.0205929,51.5056034],[-0.020811,51.5048108],[-0.0208679,51.5045998],[-0.0208902,51.504541],[-0.0209189,51.5044912],[-0.0209414,51.50446],[-0.0209729,51.504416],[-0.0209988,51.5043792],[-0.0210339,51.5043288],[-0.0210717,51.5042775],[-0.0211039,51.5042269],[-0.0211408,51.5041496],[-0.0211641,51.504085]],[[-0.0210467,51.5046195],[-0.0210614,51.5045371],[-0.0210836,51.5044407],[-0.0210911,51.5043912],[-0.0211016,51.5043245],[-0.0211171,51.5042629],[-0.0211321,51.5042204],[-0.021148,51.5041808],[-0.0211641,51.504085]],[[-0.0211641,51.504085],[-0.0213766,51.5032624],[-0.0215348,51.5026998],[-0.0215751,51.5025722],[-0.0216996,51.5021135],[-0.0217875,51.5017962],[-0.0218112,51.5017017],[-0.0218294,51.5016266],[-0.0218352,51.5015126],[-0.0218202,51.5014458],[-0.0217908,51.5013871],[-0.0217538,51.5013292],[-0.0216958,51.5012689],[-0.0216125,51.5012055],[-0.0215054,51.5011543],[-0.0214017,51.501119],[-0.0212538,51.5010827],[-0.0208558,51.5009928],[-0.0199339,51.5007989],[-0.0195182,51.5007014],[-0.0193878,51.5006796],[-0.0192745,51.5006669],[-0.0185188,51.5005811],[-0.0184004,51.5005618],[-0.0182801,51.5005328],[-0.0181578,51.5004917],[-0.0180755,51.5004531],[-0.0177779,51.5002875],[-0.0176787,51.5002433],[-0.0175907,51.500218],[-0.0174746,51.5001927],[-0.0172773,51.5001661],[-0.0168974,51.5001232],[-0.015949,51.5000189],[-0.015312,51.4999417],[-0.0145803,51.4998609],[-0.0143503,51.4998294],[-0.0142545,51.4998097],[-0.0141564,51.4997823],[-0.0140459,51.4997381],[-0.0139625,51.4996911],[-0.013905,51.4996497],[-0.0138543,51.4996034],[-0.0137787,51.4995241],[-0.0137359,51.499456],[-0.0137156,51.4993949],[-0.01371,51.4993156],[-0.0137122,51.4992609],[-0.0137234,51.4991165],[-0.0139384,51.4977484],[-0.0139668,51.4976433],[-0.0139988,51.4975316],[-0.0140409,51.4974269],[-0.0142017,51.4970735],[-0.0142809,51.4968678],[-0.0143211,51.4967278],[-0.0143475,51.4965925],[-0.0143713,51.4964134],[-0.0144052,51.4960888],[-0.0144301,51.4957887],[-0.0144407,51.4956614],[-0.0144536,51.4955243],[-0.0144972,51.495172],[-0.014468,51.494854],[-0.0144793,51.4945669],[-0.0145095,51.4942955],[-0.014566,51.4938364],[-0.0145974,51.4937003],[-0.0146364,51.4935408],[-0.0146674,51.4934337],[-0.0146831,51.4933429],[-0.0147042,51.4931701],[-0.0147132,51.4931027],[-0.0147474,51.492865],[-0.0147507,51.4927235],[-0.0147777,51.4925655],[-0.0148066,51.4924411],[-0.0148424,51.4923175],[-0.0148727,51.4922094],[-0.0148993,51.492054],[-0.0149073,51.4919058],[-0.014901,51.4916308],[-0.0148661,51.4911998],[-0.0148579,51.4911292],[-0.0148309,51.491043],[-0.0147981,51.4908931],[-0.0147537,51.4907875],[-0.0146853,51.4906819],[-0.0145607,51.4905464],[-0.0137731,51.4899731],[-0.0133272,51.4896522],[-0.0127266,51.489316],[-0.0116193,51.4887856],[-0.0109139,51.4883731],[-0.0103151,51.4880046],[-0.0102353,51.4879547],[-0.0099132,51.4876828],[-0.0097513,51.4875005],[-0.0096782,51.4873983],[-0.0096248,51.4872841],[-0.0095855,51.487143],[-0.0095501,51.4869498],[-0.009527,51.486817],[-0.0096692,51.4862436],[-0.0098847,51.4856414],[-0.0101944,51.4848444],[-0.0105789,51.4838471],[-0.0107466,51.4834673],[-0.0108428,51.4830261],[-0.0108316,51.4824609],[-0.010737,51.4820804],[-0.0106459,51.4817118],[-0.0104435,51.4808686],[-0.0103867,51.4806038],[-0.0103462,51.480339],[-0.0103505,51.480027],[-0.0103881,51.4798559],[-0.0104554,51.4797072],[-0.0106866,51.4794012],[-0.0108558,51.4792219],[-0.0110641,51.4790711],[-0.011266,51.4789517],[-0.0115921,51.4787725],[-0.0118194,51.4786678],[-0.0120503,51.4785735],[-0.0122376,51.4784958],[-0.012496,51.4783933],[-0.0127246,51.4783231],[-0.0129779,51.4782577],[-0.0133189,51.4781857],[-0.0136922,51.4781182],[-0.0138064,51.4780974],[-0.0139375,51.4780765],[-0.0140653,51.4780613],[-0.0142133,51.4780498],[-0.0143482,51.4780449],[-0.0144762,51.4780431],[-0.0148523,51.4780404],[-0.0152613,51.4780311],[-0.0158119,51.4780182],[-0.0159912,51.4780121],[-0.016066,51.4780075],[-0.0169079,51.4779622],[-0.0172369,51.4779431],[-0.0175123,51.4779253],[-0.0177022,51.4779062],[-0.0178696,51.4778826],[-0.0180219,51.4778552],[-0.0182564,51.4778002],[-0.0184878,51.4777312],[-0.018581,51.4776976],[-0.0186772,51.4776602],[-0.0188181,51.4775979],[-0.0188999,51.4775586],[-0.0189773,51.4775169],[-0.0191196,51.4774323],[-0.0192318,51.4773578],[-0.0193594,51.4772594],[-0.0197256,51.4769388],[-0.0198409,51.476848],[-0.0199651,51.4767609],[-0.0201353,51.476664],[-0.0203008,51.4765837],[-0.020536,51.4764886],[-0.0208176,51.4764023],[-0.021059,51.4763474],[-0.0215469,51.4762623],[-0.0217889,51.4762147],[-0.0219125,51.4761865],[-0.0220452,51.476146],[-0.0221491,51.4761091],[-0.0222401,51.4760683],[-0.0223169,51.4760305],[-0.022389,51.475988],[-0.0224729,51.4759313],[-0.0225469,51.4758728],[-0.0226403,51.4757742],[-0.0227271,51.4756398],[-0.0227787,51.4755057],[-0.0227939,51.4753844],[-0.0227915,51.4752668],[-0.0227546,51.4750881],[-0.022701,51.4749319],[-0.0226152,51.4747379],[-0.0225249,51.4745463],[-0.0222192,51.4738959],[-0.0220196,51.4734736],[-0.0219347,51.473281],[-0.0218892,51.473162],[-0.0218551,51.4730338],[-0.0218164,51.4727958],[-0.0217944,51.4725934],[-0.0217715,51.4724345],[-0.021742,51.472331],[-0.0217219,51.4722562],[-0.0216756,51.4721543],[-0.0216287,51.4720536],[-0.021573,51.471963],[-0.0214805,51.4718364],[-0.0213772,51.471722],[-0.0212471,51.4716008],[-0.021114,51.4714927],[-0.0209839,51.4714026],[-0.0206171,51.4711637],[-0.0202003,51.4708987],[-0.0200234,51.4707794],[-0.0198527,51.4706494],[-0.0196446,51.4704669],[-0.0193516,51.4702011],[-0.019196,51.4700762],[-0.0190585,51.4699819],[-0.0189357,51.4699105],[-0.0187831,51.4698292],[-0.0186318,51.4697601],[-0.0184322,51.469683],[-0.018188,51.4696042],[-0.0179448,51.4695433],[-0.0175384,51.4694698],[-0.0173156,51.4694222],[-0.0171472,51.4693702],[-0.0169713,51.4692973],[-0.0168367,51.4692246],[-0.016767,51.4691774],[-0.016675,51.4691047],[-0.0165948,51.4690306],[-0.0165157,51.468939],[-0.016381,51.4687816],[-0.0161752,51.4685349],[-0.0160268,51.4683568],[-0.0156596,51.4679087],[-0.0154896,51.4677122],[-0.0153565,51.4675771],[-0.0152838,51.4675132],[-0.0151563,51.4674082],[-0.0149379,51.4672523],[-0.0146556,51.4670585],[-0.0144782,51.4669245],[-0.0143483,51.4668102],[-0.0142734,51.4667351],[-0.014201,51.4666579],[-0.0141205,51.4665572],[-0.0140568,51.466468],[-0.014031,51.4664232],[-0.013915,51.4662589],[-0.0137969,51.4660835],[-0.0137567,51.466031],[-0.0136296,51.4659041],[-0.0134396,51.4657026],[-0.013076,51.4652237],[-0.0127937,51.464837],[-0.0127572,51.4647869]],[[-0.0207536,51.50571],[-0.0207893,51.5055519],[-0.0208377,51.5053702],[-0.0209865,51.5048246],[-0.0210467,51.5046195]],[[-0.0209664,51.5056416],[-0.0209369,51.5057038],[-0.020917,51.5057424],[-0.0208937,51.5057765],[-0.0208645,51.5058174],[-0.0208167,51.5058866],[-0.0207883,51.5059266],[-0.0207503,51.5059778],[-0.0207265,51.506018],[-0.0207009,51.5060608],[-0.0206704,51.5061144]],[[-0.0209664,51.5056416],[-0.0209203,51.5058172],[-0.0208788,51.5059539],[-0.0208379,51.5060999],[-0.0207869,51.5062963],[-0.0206591,51.5067284],[-0.0205978,51.5069585],[-0.0205426,51.5071676],[-0.0205225,51.50723],[-0.0204774,51.5073354],[-0.0204562,51.5073973],[-0.0204366,51.5074623],[-0.0204461,51.507528],[-0.0204766,51.5075969],[-0.0205261,51.5076567],[-0.0205809,51.507698],[-0.0206438,51.5077361],[-0.0207215,51.5077654],[-0.0207837,51.507797]],[[-0.0203576,51.5072661],[-0.0203283,51.5073766],[-0.0203223,51.5074373],[-0.0203332,51.5075051],[-0.0203675,51.507574],[-0.0204197,51.5076334],[-0.0204725,51.5076784],[-0.0205386,51.5077161],[-0.0206119,51.5077492],[-0.0206819,51.5077696],[-0.0207837,51.507797]],[[-0.0206167,51.5061071],[-0.0206345,51.5060523],[-0.0206494,51.5059895],[-0.0206645,51.5059338],[-0.0206885,51.5058649],[-0.0207088,51.5058127],[-0.0207308,51.505757],[-0.0207536,51.50571]],[[-0.0207536,51.50571],[-0.0207463,51.5057478],[-0.0207415,51.5057917],[-0.0207354,51.5058314],[-0.0207131,51.5059525],[-0.0206908,51.5060318],[-0.0206824,51.506073],[-0.0206704,51.5061144]],[[-0.0206704,51.5061144],[-0.0204425,51.5069468],[-0.0203576,51.5072661]],[[-0.0203033,51.5072604],[-0.0205317,51.5064289],[-0.0206167,51.5061071]],[[-0.0206167,51.5061071],[-0.0206138,51.506049],[-0.0206153,51.5059908],[-0.0206102,51.5059474],[-0.0206025,51.5058936],[-0.0205947,51.5058298],[-0.0205888,51.50578],[-0.0205829,51.5057421],[-0.0205789,51.5057078],[-0.020582,51.5056589],[-0.0205929,51.5056034]],[[-0.0102191,51.5361856],[-0.0104601,51.535996],[-0.0108264,51.5357531],[-0.0110725,51.5355893],[-0.0111772,51.5355215],[-0.0113122,51.5354203],[-0.0114126,51.5353371],[-0.011637,51.5351412],[-0.0120024,51.5348147],[-0.0121974,51.5346393],[-0.0123733,51.534481],[-0.0125141,51.5343716],[-0.0126884,51.5342579],[-0.0131434,51.5340161],[-0.0140943,51.5335163],[-0.0141664,51.5334782],[-0.0145645,51.5332781],[-0.0147826,51.5331814],[-0.0150024,51.533105],[-0.0153618,51.5329979],[-0.0162633,51.532735],[-0.0168519,51.5325623],[-0.0170254,51.5325076],[-0.0170967,51.5324843],[-0.0171612,51.5324586],[-0.017404,51.5323635]],[[-0.017404,51.5323635],[-0.0171689,51.5324698],[-0.0169828,51.5325426],[-0.0167538,51.5326272],[-0.0164842,51.5327159],[-0.0161667,51.5328062],[-0.0156657,51.5329475],[-0.0152751,51.5330555],[-0.0150162,51.5331307],[-0.0148002,51.5332071],[-0.0145966,51.5332955],[-0.0141978,51.5335011],[-0.0132276,51.5340107],[-0.0131746,51.5340387],[-0.0127204,51.5342815],[-0.0125517,51.5343909],[-0.0124143,51.5344971],[-0.0116634,51.5351645],[-0.0114471,51.5353547],[-0.0113375,51.5354448],[-0.0112021,51.5355472],[-0.0110947,51.5356212],[-0.0108521,51.535785],[-0.0104578,51.5360356],[-0.0102191,51.5361856]],[[-0.0102191,51.5361856],[-0.0100322,51.5363448],[-0.0096066,51.5366895],[-0.0094292,51.5368202],[-0.0088399,51.5372636],[-0.0082702,51.537699],[-0.0078469,51.53805],[-0.0074013,51.5384447],[-0.0073242,51.5385173],[-0.0071897,51.5386456],[-0.0069082,51.5389066],[-0.0065412,51.5392547]],[[-0.0093761,51.5076647],[-0.0092684,51.5076827],[-0.0091182,51.507713]],[[0.0106006,51.5107849],[0.0100557,51.5116649],[0.0098272,51.5120546],[0.0096446,51.5123632],[0.0096061,51.512429],[0.0095204,51.5125704],[0.0093971,51.5127705],[0.0092889,51.512931],[0.0091739,51.5130847],[0.009088,51.5131949],[0.0089416,51.5133691],[0.0088566,51.5134671],[0.0087641,51.513565],[0.0086172,51.5137123],[0.0084214,51.5139087],[0.0082112,51.5141127],[0.0078813,51.5144358],[0.0078002,51.514515],[0.0076895,51.5146116],[0.0075655,51.5147148],[0.007441,51.5148033],[0.0073434,51.5148741],[0.0072319,51.5149553],[0.0071256,51.5150376],[0.0069889,51.5151553],[0.0068684,51.5152708],[0.0067513,51.51539],[0.0066437,51.5155123],[0.006257,51.5159886],[0.0058439,51.516508],[0.0056972,51.5167046],[0.0055573,51.5169011],[0.0054122,51.5171158],[0.0052676,51.5173518],[0.0050879,51.5176738],[0.0049623,51.5179386],[0.0048461,51.5182085],[0.0047775,51.5183969],[0.0047151,51.5185796],[0.0046257,51.5188296],[0.0045223,51.5191238],[0.0044796,51.5192666],[0.0044289,51.5194605],[0.0043847,51.5196746],[0.0043275,51.5199872],[0.0042983,51.5201766],[0.0042052,51.5208176],[0.0041871,51.5210214],[0.0041767,51.521189],[0.0041709,51.5213515],[0.0041765,51.5215242],[0.0041907,51.5217094],[0.0042119,51.5218806],[0.0044505,51.5235776],[0.004617,51.5247887],[0.0046363,51.5249913],[0.0046496,51.5251938],[0.0046508,51.5253052],[0.00465,51.5254154],[0.0046489,51.5255255],[0.0046473,51.5256387],[0.0046316,51.5258957],[0.0045873,51.5264796],[0.0045724,51.5266952],[0.0045643,51.5269333],[0.0045318,51.5276309],[0.0045289,51.5276957],[0.0045191,51.5278705],[0.0045143,51.5279309],[0.0045076,51.5280336],[0.0044961,51.5281323],[0.0044754,51.528289],[0.0044546,51.5284466],[0.0044477,51.5285465],[0.0044458,51.5286456],[0.0044448,51.5288242],[0.0044568,51.5290102],[0.0044709,51.5291113],[0.004489,51.5292086],[0.0045234,51.5293962],[0.0045445,51.5295412],[0.0045499,51.5296873],[0.0045441,51.529833],[0.0045266,51.5299721],[0.0044582,51.5304065],[0.0043696,51.5309107],[0.0043446,51.5310812],[0.0043124,51.5312903],[0.0042907,51.53142],[0.0042644,51.531561],[0.0042204,51.5317058],[0.0041695,51.5318231],[0.0041103,51.5319408],[0.0040524,51.5320348],[0.00401,51.5320925],[0.0039784,51.532131],[0.0038251,51.5323078],[0.0036946,51.5324589],[0.0035614,51.5326082],[0.0033771,51.5328026],[0.0032671,51.5329194],[0.0031528,51.5330381],[0.0030681,51.5331294],[0.0029914,51.5332147],[0.0029227,51.5333015],[0.0028638,51.5333753],[0.0028078,51.5334466],[0.0027396,51.5335451],[0.0026761,51.5336415],[0.0026203,51.533735],[0.0025612,51.5338401],[0.0025048,51.5339482],[0.0024523,51.5340557],[0.0023998,51.5341654],[0.0021938,51.5346],[0.0021294,51.5347341],[0.0020607,51.5348673],[0.0019904,51.5350004],[0.0019173,51.5351327],[0.0018222,51.5352888],[0.0017406,51.5354171],[0.0016575,51.5355458],[0.0015472,51.5357043],[0.0013744,51.5359544],[0.0010817,51.5363523],[0.0008927,51.5366047],[0.0006942,51.5368481],[0.0005712,51.5369877],[0.0004356,51.5371288],[0.0002996,51.5372603],[9.22e-05,51.5374474],[-0.0001186,51.537634],[-0.0004036,51.5378847],[-0.0004977,51.5379548],[-0.0005871,51.5380176],[-0.0007135,51.538094],[-0.0008505,51.5381771],[-0.0009472,51.5382396],[-0.0010448,51.5383117],[-0.0011294,51.538385],[-0.0012388,51.5384889],[-0.0013339,51.5385865],[-0.0014464,51.5387019],[-0.0015795,51.5388561],[-0.001671,51.5389804],[-0.0017334,51.5390777],[-0.0018082,51.5392032],[-0.0019568,51.5394646],[-0.0020492,51.5396281],[-0.0021093,51.5397208],[-0.0021709,51.5398126],[-0.0022808,51.539976],[-0.0023605,51.5400924],[-0.0024726,51.5402654],[-0.0026093,51.5404741],[-0.0026423,51.5405211],[-0.0026623,51.5405483],[-0.0026835,51.5405749],[-0.0027363,51.5406429],[-0.0028847,51.5408234],[-0.0030114,51.5409634],[-0.0031528,51.5411096],[-0.0032547,51.5412128],[-0.003354,51.5413073],[-0.0034353,51.541372],[-0.004207,51.5418548],[-0.0044001,51.5419624],[-0.0046764,51.5420908],[-0.0049432,51.5421867],[-0.00519,51.5422526],[-0.0053013,51.5422785],[-0.0057466,51.5423469],[-0.0060336,51.5423786],[-0.0063715,51.5423936],[-0.0067966,51.5423852],[-0.0071078,51.5423602],[-0.0074176,51.5423093],[-0.0077221,51.5422367],[-0.0079328,51.5421711],[-0.0087424,51.5418631],[-0.0089354,51.541798],[-0.0091426,51.5417412],[-0.0093405,51.5417019],[-0.0096321,51.5416761],[-0.0099139,51.5416634],[-0.0101477,51.5416716],[-0.0104315,51.5416873],[-0.0105717,51.541697],[-0.0107356,51.541712],[-0.0109102,51.5417353],[-0.0110872,51.5417644],[-0.0112405,51.5417943],[-0.0113852,51.5418269],[-0.0115596,51.5418689],[-0.0117355,51.5419213],[-0.0118909,51.5419717],[-0.0120541,51.5420332],[-0.012211,51.5420978],[-0.0123759,51.5421761],[-0.0125632,51.5422827],[-0.012674,51.5423597],[-0.0128006,51.5424563],[-0.0129169,51.5425604],[-0.0130181,51.5426704],[-0.0131299,51.5428129],[-0.0132035,51.5429322],[-0.0132542,51.5430322],[-0.0132993,51.5431571],[-0.0133306,51.5432825],[-0.0133446,51.5433947],[-0.0133466,51.5435193],[-0.0133353,51.5436471],[-0.0133073,51.5437747],[-0.0132549,51.5439195],[-0.0132098,51.5440121],[-0.0131427,51.5441176],[-0.0130807,51.5442113],[-0.0129903,51.5443212],[-0.012894,51.5444211],[-0.0127765,51.5445321],[-0.0126382,51.5446681],[-0.0125077,51.5447838],[-0.0123926,51.5448672],[-0.0122828,51.5449465],[-0.0122125,51.5449938],[-0.012103,51.5450591],[-0.0120048,51.545112],[-0.0119003,51.5451618],[-0.0117699,51.5452184],[-0.0116645,51.5452613],[-0.0112694,51.5454321],[-0.0112202,51.5454545],[-0.010821,51.5456275],[-0.0107522,51.5456567],[-0.010656,51.5456954],[-0.010566,51.5457253],[-0.0104834,51.5457466],[-0.0103635,51.5457707],[-0.0102308,51.5457898],[-0.0101199,51.5457983],[-0.0100139,51.5458004],[-0.0088491,51.5457794],[-0.0086195,51.5457755]],[[-0.0086192,51.5456601],[-0.0088596,51.5456638],[-0.0090172,51.5456663],[-0.0096809,51.5456797],[-0.0099499,51.5456847],[-0.0100402,51.5456864],[-0.0101108,51.5456861],[-0.0102138,51.5456853],[-0.0103334,51.5456793],[-0.0104272,51.5456688],[-0.0105216,51.5456538],[-0.0106208,51.5456352],[-0.0107223,51.5456112],[-0.0107887,51.545593],[-0.0108387,51.5455767],[-0.0108883,51.5455588],[-0.0109679,51.5455268],[-0.0111944,51.5454286],[-0.0116376,51.545238],[-0.0117431,51.5451923],[-0.0118386,51.5451513],[-0.0120222,51.5450631],[-0.0121462,51.5449911],[-0.0122514,51.5449224],[-0.0123569,51.5448487],[-0.012461,51.5447691],[-0.01251,51.5447267],[-0.0126304,51.5446113],[-0.012774,51.5444785],[-0.0128508,51.544404],[-0.0129494,51.5443035],[-0.0130275,51.544207],[-0.0130976,51.544109],[-0.0131603,51.5440077],[-0.0132063,51.5439154],[-0.0132562,51.5437727],[-0.0132867,51.5436426],[-0.0132981,51.5435171],[-0.0132953,51.5433955],[-0.0132775,51.5432813],[-0.0132501,51.543165],[-0.0132029,51.5430397],[-0.0131529,51.5429393],[-0.01308,51.5428278],[-0.0129743,51.5426844],[-0.0128679,51.5425747],[-0.0127552,51.5424735],[-0.0126348,51.5423797],[-0.0125296,51.5423077],[-0.0123426,51.5421994],[-0.0121829,51.5421212],[-0.0120322,51.5420582],[-0.0118639,51.5419968],[-0.0117104,51.5419482],[-0.0115456,51.5419009],[-0.0113648,51.5418561],[-0.0112221,51.5418243],[-0.0110713,51.5417953],[-0.0108977,51.5417665],[-0.0107264,51.5417443],[-0.0105663,51.5417291],[-0.0104309,51.5417205],[-0.0101489,51.5416993],[-0.0099168,51.5416905],[-0.009635,51.5417023],[-0.0093575,51.5417289],[-0.0091592,51.5417706],[-0.0089505,51.5418278],[-0.0087763,51.5418863],[-0.0079706,51.5421909],[-0.007738,51.5422646],[-0.0074444,51.542336],[-0.0072245,51.5423752],[-0.0069871,51.5424011],[-0.006806,51.5424144],[-0.0064278,51.5424253],[-0.0060215,51.5424111],[-0.0057184,51.5423802],[-0.0054866,51.5423395],[-0.0052959,51.542306],[-0.004958,51.5422284],[-0.0046522,51.5421217],[-0.0043572,51.5419932],[-0.0041641,51.5418915],[-0.0034043,51.5413922],[-0.0033153,51.5413228],[-0.0032172,51.5412279],[-0.0031242,51.5411309],[-0.0029741,51.540979],[-0.0028423,51.5408387],[-0.0026811,51.5406616],[-0.0026141,51.5405902],[-0.0024841,51.5404437],[-0.0024243,51.5403775],[-0.0023554,51.5402958],[-0.0022885,51.5402096],[-0.0022304,51.5401281],[-0.0021524,51.5400081],[-0.0020522,51.5398443],[-0.0019967,51.5397502],[-0.0019488,51.539663],[-0.0019009,51.5395672],[-0.001865,51.5394843],[-0.0018343,51.5394117],[-0.0018079,51.539341],[-0.0017652,51.5392385],[-0.0017381,51.5391822],[-0.0017146,51.5391359],[-0.0016894,51.5390898],[-0.0016276,51.538992],[-0.001536,51.5388663],[-0.0014111,51.5387159],[-0.0012999,51.5385984],[-0.0012097,51.5384998],[-0.0011041,51.5384011],[-0.0010112,51.5383275],[-0.0009162,51.5382595],[-0.0008178,51.5381989],[-0.0006807,51.5381165],[-0.0005564,51.5380366],[-0.0004668,51.5379691],[-0.0003778,51.5378972],[-8.63e-05,51.5376486],[0.0001243,51.5374615],[0.0003306,51.5372734],[0.0004661,51.53714],[0.0005989,51.5370019],[0.0007207,51.5368578],[0.0009229,51.5366107],[0.0011091,51.5363619],[0.0014016,51.5359617],[0.0015796,51.5357143],[0.0016927,51.5355533],[0.0017758,51.5354269],[0.001859,51.535299],[0.0019532,51.5351422],[0.0020272,51.5350093],[0.0020983,51.5348765],[0.0021671,51.5347433],[0.0022317,51.5346082],[0.0024274,51.534169],[0.0024774,51.5340625],[0.0025295,51.5339538],[0.0025863,51.5338464],[0.0026448,51.5337417],[0.002703,51.5336445],[0.0027641,51.5335514],[0.0028321,51.5334533],[0.0028849,51.5333811],[0.0029467,51.5333057],[0.0030153,51.5332247],[0.0030914,51.5331395],[0.0031785,51.5330457],[0.0032901,51.5329285],[0.0033973,51.5328105],[0.0035857,51.5326166],[0.0037176,51.5324664],[0.0038508,51.5323165],[0.0040065,51.5321424],[0.0040428,51.5321012],[0.0040869,51.5320453],[0.004148,51.5319526],[0.0042123,51.5318327],[0.004269,51.5317151],[0.0043099,51.5315746],[0.0043374,51.5314215],[0.0043575,51.5312915],[0.0043881,51.5310894],[0.0044138,51.5309154],[0.0045046,51.5304079],[0.0045704,51.5299739],[0.0045946,51.5298414],[0.0046147,51.5296921],[0.0046297,51.5295458],[0.0046387,51.5293975],[0.0046444,51.529301],[0.0046477,51.5292037],[0.0046497,51.5291068],[0.0046504,51.5290099],[0.0046555,51.5286504],[0.0046561,51.5284587],[0.0046626,51.5281468],[0.0046713,51.5279345],[0.0046736,51.5278717],[0.004682,51.5276327],[0.0047034,51.5270191],[0.0047067,51.5269354],[0.0047151,51.5266974],[0.004725,51.526484],[0.0047347,51.5261912],[0.0047417,51.5258984],[0.0047404,51.52564],[0.0047386,51.525529],[0.0047328,51.5254167],[0.0047225,51.5253054],[0.0047102,51.5251941],[0.0046884,51.5249885],[0.0046606,51.5247891],[0.0044913,51.523577],[0.0042699,51.5218784],[0.0042526,51.5217042],[0.0042453,51.5215246],[0.0042643,51.5213489],[0.0042982,51.5211938],[0.0043341,51.5210194],[0.0043664,51.5208238],[0.0044592,51.5201844],[0.0044867,51.5199998],[0.004506,51.5198423],[0.0045253,51.5196843],[0.0045726,51.5192747],[0.0045913,51.5191316],[0.0046179,51.5190165],[0.0046439,51.5189234],[0.0046716,51.5188345],[0.0047591,51.5185874],[0.0048265,51.5184027],[0.0048953,51.5182183],[0.0050074,51.5179483],[0.0051355,51.5176824],[0.0053135,51.5173656],[0.0054592,51.5171284],[0.0056039,51.5169125],[0.0057415,51.5167164],[0.0058912,51.5165214],[0.0062985,51.5160045],[0.0066873,51.5155236],[0.0067908,51.5154046],[0.0069071,51.5152834],[0.0070296,51.5151685],[0.0071662,51.5150502],[0.007271,51.5149754],[0.0073809,51.5149017],[0.0074902,51.5148314],[0.0076254,51.5147456],[0.0077673,51.5146516],[0.0078965,51.5145533],[0.0080023,51.5144691],[0.0081807,51.5143201],[0.0083849,51.5141365],[0.008566,51.5139677],[0.0087651,51.5137684],[0.0089077,51.5136156],[0.0089929,51.5135132],[0.0090701,51.5134183],[0.009219,51.513234],[0.0093013,51.5131213],[0.0094065,51.5129643],[0.0095074,51.5127914],[0.0096162,51.5125904],[0.0097537,51.5123278],[0.009823,51.5121974],[0.0098877,51.5120666],[0.0099876,51.5118684],[0.0100983,51.5116727],[0.0106546,51.5107595]],[[-0.0038302,51.5408609],[-0.0039505,51.540789],[-0.004773,51.5403204],[-0.005152,51.5401147],[-0.00542,51.5399816],[-0.0055943,51.5398978],[-0.0057326,51.5398286],[-0.0058351,51.5397793],[-0.005952,51.5397118],[-0.0060455,51.5396466],[-0.0061416,51.5395753],[-0.0062267,51.5395094],[-0.006312,51.5394426],[-0.0064299,51.5393522],[-0.0065412,51.5392547]],[[-0.0065412,51.5392547],[-0.0064151,51.53937],[-0.006265,51.5395153],[-0.006161,51.5396083],[-0.0060529,51.5396905],[-0.0059718,51.5397408],[-0.0058828,51.5397939],[-0.0057852,51.5398457],[-0.0056381,51.5399161],[-0.0055502,51.539963],[-0.0054958,51.5399937],[-0.0054569,51.5400187],[-0.0050573,51.5402791],[-0.0045926,51.5405877],[-0.0044084,51.5407047],[-0.0043275,51.5407578],[-0.0042474,51.5408086]],[[0.0105882,51.5096602],[0.0105265,51.5098529],[0.0104443,51.510076],[0.0104004,51.5101743],[0.0103474,51.5102777],[0.0102641,51.5104329],[0.0101012,51.5106634],[0.0099088,51.5109306],[0.0098542,51.5110069],[0.0097604,51.5111514],[0.0097198,51.5112067],[0.0096517,51.5112843],[0.0095176,51.5114314],[0.0093839,51.5115842],[0.0093277,51.5116577],[0.0092761,51.5117335],[0.0092135,51.5118642],[0.0091581,51.512002],[0.0091248,51.5121211],[0.0091018,51.5122541],[0.0090958,51.5123375],[0.0090911,51.5124027],[0.0090696,51.5125496],[0.0089932,51.5128084]],[[0.0156326,51.5089748],[0.0148141,51.5089803],[0.0146653,51.5089837],[0.0145122,51.5089926],[0.0143446,51.509005],[0.0141968,51.5090202],[0.0140525,51.5090385],[0.0138475,51.5090702],[0.0136565,51.5091079],[0.0134203,51.5091601],[0.0130595,51.5092495],[0.0128496,51.5093083],[0.0126422,51.5093759],[0.0124434,51.5094434],[0.0122812,51.5095019],[0.0120702,51.5095902],[0.0118921,51.5096794],[0.0117685,51.5097483],[0.0116683,51.5098157],[0.0115207,51.5099174],[0.01139,51.5100067],[0.0112698,51.5100793],[0.0111685,51.5101313],[0.0110477,51.5101844],[0.0109154,51.5102335],[0.0107869,51.5102733],[0.0106377,51.5103184],[0.0104953,51.5103656],[0.0103788,51.5104099],[0.0102693,51.510458],[0.0101449,51.5105251],[0.0100588,51.510582],[0.0099971,51.5106271],[0.0099323,51.5106846],[0.0098748,51.5107441],[0.009819,51.5108125],[0.00977,51.5108841],[0.0096573,51.5110619],[0.0095639,51.5112503],[0.0094509,51.511535],[0.0093296,51.51183],[0.0092836,51.5119394],[0.0092456,51.5120427],[0.0092165,51.5121531],[0.0091937,51.5122624],[0.0091752,51.5123708],[0.0091341,51.5124913],[0.0090824,51.5126169],[0.0089932,51.5128084]],[[0.0091296,51.5126494],[0.0091819,51.5124983],[0.0092236,51.5123756],[0.0092425,51.5122649],[0.009263,51.5121564],[0.0092902,51.5120526],[0.0093285,51.5119476],[0.0093776,51.5118369],[0.0094992,51.5115427],[0.0096185,51.5112566],[0.0097088,51.5110699],[0.0098177,51.5108962],[0.0098669,51.5108271],[0.0099247,51.5107562],[0.009977,51.510703],[0.0100414,51.5106447],[0.0101102,51.5105946],[0.010195,51.5105414],[0.0103001,51.5104849],[0.0104037,51.5104404],[0.0105179,51.510397],[0.0106546,51.5103505],[0.0108172,51.5103009],[0.0109354,51.5102631],[0.0110783,51.5102113],[0.011206,51.5101556],[0.0113129,51.5100998],[0.0114308,51.5100275],[0.0115602,51.5099361],[0.0117053,51.5098349],[0.0118029,51.5097724],[0.011942,51.5096933],[0.0121298,51.509605],[0.0123061,51.5095294],[0.0124672,51.509469],[0.0126609,51.5094035],[0.0128709,51.5093372],[0.0130971,51.5092738],[0.0134579,51.5091804],[0.0136847,51.5091328],[0.013857,51.5091048],[0.0140411,51.5090732],[0.0142918,51.5090459],[0.014457,51.5090312],[0.0146427,51.5090225],[0.0148677,51.5090155],[0.015283,51.5090082]],[[0.0091296,51.5126494],[0.009311,51.5122658],[0.0094788,51.5118908],[0.0095727,51.5117188],[0.0096375,51.5116036],[0.0098809,51.5111872],[0.0100111,51.5109571],[0.0101974,51.5106352],[0.0103178,51.5104429],[0.0103922,51.5102892],[0.0104448,51.5101828],[0.0104943,51.5100763],[0.0105759,51.5098599],[0.0106555,51.509661]],[[0.0105882,51.5096602],[0.01058,51.509704],[0.0105774,51.5097481],[0.0105737,51.5098009],[0.0105759,51.5098599],[0.010583,51.5099212],[0.0105974,51.5099849],[0.0106412,51.5101743],[0.0106543,51.5102385],[0.0106781,51.5103601],[0.0106882,51.5104537],[0.0106884,51.5105031],[0.0106846,51.5105491],[0.0106794,51.5105831],[0.0106703,51.5106225],[0.0106481,51.5106849],[0.0106349,51.5107186],[0.0106176,51.510754],[0.0106006,51.5107849]],[[0.0322964,51.5022062],[0.0317752,51.5021829],[0.0291727,51.5020698],[0.0288833,51.502063],[0.0286131,51.5020581],[0.0283532,51.5020561],[0.0280957,51.5020571],[0.0278874,51.5020608],[0.0276777,51.5020666],[0.027455,51.5020736],[0.0272583,51.502083],[0.0270057,51.5020964],[0.0267745,51.502113],[0.0265433,51.5021319],[0.0263257,51.5021512],[0.0261017,51.5021744],[0.0258501,51.5022028],[0.02562,51.5022335],[0.025394,51.5022655],[0.02519,51.5022968],[0.0249859,51.5023307],[0.0242381,51.5024753],[0.0240317,51.5025114],[0.0238613,51.5025344],[0.0236789,51.5025528],[0.0235057,51.5025685],[0.0233259,51.5025912],[0.0231531,51.5026244],[0.0230006,51.5026619],[0.0228277,51.5027123],[0.022695,51.5027546],[0.0218222,51.5030375],[0.0216611,51.503089],[0.0213824,51.5031764],[0.0201292,51.503607],[0.0198681,51.5036971],[0.0196053,51.5037927],[0.0193744,51.5038821],[0.0191194,51.5039827],[0.0189077,51.5040719],[0.0186987,51.504161],[0.0185033,51.5042479],[0.0183133,51.5043356],[0.0181434,51.5044169],[0.01798,51.504498],[0.0177185,51.5046335],[0.0168691,51.5050848],[0.0166246,51.5052164],[0.0163741,51.5053488],[0.0162509,51.5054121],[0.0161192,51.5054777],[0.0159952,51.5055343],[0.0158721,51.5055867],[0.0157188,51.5056454],[0.0155872,51.5056889],[0.0154557,51.5057278],[0.0153179,51.5057623],[0.0151792,51.5057923],[0.0150388,51.5058181],[0.0148925,51.5058405],[0.0147265,51.5058616],[0.0145809,51.5058785],[0.0144206,51.5058977],[0.0142448,51.505925],[0.014077,51.5059546],[0.0139122,51.5059907],[0.0137611,51.5060307],[0.0135743,51.5060896],[0.0134148,51.5061509],[0.0132526,51.5062278],[0.0131101,51.5063054],[0.0129621,51.5063995],[0.0128515,51.5064802],[0.0127428,51.5065768],[0.0126548,51.5066721],[0.0125815,51.5067643],[0.0122812,51.5071459],[0.0119086,51.5076157],[0.011254,51.5083957],[0.0111393,51.5085336],[0.0110382,51.5086586],[0.0109688,51.5087545],[0.0109076,51.5088555],[0.0108426,51.5089799],[0.0107896,51.509111],[0.0105882,51.5096602]],[[0.0156326,51.5089748],[0.015534,51.5089747],[0.0154386,51.5089728],[0.0153337,51.5089697],[0.0150982,51.5089566],[0.0149667,51.5089525],[0.0148209,51.5089503],[0.0146101,51.5089562],[0.014359,51.5089729],[0.014106,51.509],[0.013918,51.5090282],[0.0136965,51.5090711],[0.0131912,51.5091809],[0.0128778,51.5092582],[0.0122889,51.5094278],[0.0120143,51.5095121],[0.0118746,51.5095626],[0.0117615,51.5096104],[0.0116396,51.5096666],[0.0115236,51.5097278],[0.0114135,51.5097966],[0.0113245,51.5098571],[0.0112266,51.5099349],[0.0110955,51.5100641],[0.0110312,51.5101418],[0.0108713,51.5103719],[0.0107267,51.5105842],[0.0106006,51.5107849]],[[0.0106546,51.5107595],[0.0106801,51.5107155],[0.010701,51.5106713],[0.0107171,51.5106277],[0.0107267,51.5105842],[0.0107331,51.5105498],[0.0107363,51.5105045],[0.0107359,51.5104498],[0.010723,51.5103578],[0.0106986,51.5102352],[0.0106732,51.5101268],[0.0106472,51.5099791],[0.010632,51.5099177],[0.0106239,51.5098572],[0.0106242,51.5098006],[0.0106349,51.5097517],[0.0106432,51.5097061],[0.0106555,51.509661]],[[0.0106546,51.5107595],[0.0107746,51.5105981],[0.0108494,51.510499],[0.010933,51.510409],[0.0110157,51.5103388],[0.0111103,51.5102677],[0.0112238,51.5101981],[0.0113455,51.5101351],[0.0114806,51.5100509],[0.01162,51.5099552],[0.0117853,51.5098416],[0.0119216,51.5097611],[0.0121052,51.5096673],[0.0123095,51.5095759],[0.0125182,51.5095002],[0.0127241,51.5094253],[0.0129582,51.5093526],[0.0131554,51.5092973],[0.0133668,51.5092474],[0.0135532,51.5092023],[0.0137624,51.5091601],[0.0139353,51.5091313],[0.0141601,51.5091024],[0.0143766,51.509078],[0.0146274,51.509054],[0.0148677,51.5090313],[0.0150078,51.5090215],[0.015283,51.5090082]],[[0.0106555,51.509661],[0.010838,51.5091173],[0.0108893,51.5089902],[0.0109536,51.5088679],[0.0110168,51.5087679],[0.0110856,51.5086734],[0.0111849,51.5085467],[0.0112991,51.50841],[0.0119588,51.5076289],[0.0123305,51.5071606],[0.0126295,51.506778],[0.0127022,51.5066884],[0.0127926,51.5065914],[0.0129009,51.5064986],[0.0130051,51.506421],[0.0131519,51.5063265],[0.0132838,51.5062554],[0.0134401,51.5061788],[0.0135988,51.5061187],[0.0137887,51.5060593],[0.0139317,51.5060223],[0.0140947,51.5059879],[0.0142601,51.5059575],[0.0144337,51.5059312],[0.014589,51.5059119],[0.0147403,51.5058947],[0.014905,51.5058738],[0.0150552,51.5058513],[0.0151983,51.5058248],[0.0153362,51.5057956],[0.0154796,51.5057583],[0.0156064,51.5057197],[0.0157422,51.5056747],[0.0158985,51.5056174],[0.0160274,51.5055641],[0.0161497,51.505508],[0.0162808,51.505442],[0.0164111,51.5053734],[0.0166562,51.5052411],[0.0169019,51.5051092],[0.0177494,51.5046592],[0.0180158,51.5045233],[0.0181804,51.5044422],[0.0183458,51.5043634],[0.0185358,51.5042752],[0.018731,51.5041879],[0.0189315,51.5041026],[0.0191506,51.5040112],[0.0194029,51.5039119],[0.0196351,51.5038236],[0.0198947,51.503727],[0.0201535,51.5036378],[0.0214081,51.5032069],[0.0216846,51.5031184],[0.0227186,51.5027865],[0.0228559,51.502743],[0.0230227,51.5026943],[0.0231732,51.5026569],[0.0233417,51.5026239],[0.0235121,51.5026021],[0.0236856,51.5025853],[0.0238762,51.5025665],[0.0240473,51.5025435],[0.0242582,51.5025068],[0.0250009,51.5023652],[0.0252036,51.5023308],[0.0254063,51.5023003],[0.0256319,51.5022674],[0.0258618,51.5022385],[0.0261233,51.5022087],[0.0263348,51.5021855],[0.0265523,51.5021657],[0.0267809,51.5021467],[0.0270068,51.5021303],[0.0272601,51.5021164],[0.0274578,51.5021079],[0.0276801,51.502101],[0.0278921,51.5020956],[0.0280929,51.5020928],[0.0283504,51.5020917],[0.0286079,51.502092],[0.028879,51.5020957],[0.0291635,51.5021048],[0.0317732,51.5022169]],[[0.015283,51.5090082],[0.0154228,51.5090059],[0.0158487,51.5089965],[0.0160856,51.5089928],[0.0162492,51.5089936],[0.0163831,51.5089978],[0.0165264,51.5090034],[0.0166793,51.5090141],[0.0168264,51.5090274],[0.0169953,51.509047],[0.0181427,51.5092078],[0.0188675,51.5093105],[0.0190721,51.509337],[0.0192509,51.5093572],[0.0193971,51.5093714],[0.0196475,51.5093877],[0.0199206,51.5093984],[0.0201947,51.5094078],[0.020742,51.5094248],[0.0211414,51.5094392],[0.0213028,51.5094463],[0.0214617,51.5094565],[0.0216196,51.5094695],[0.0219512,51.5095032],[0.0226135,51.5095762],[0.0228947,51.5096053],[0.0231782,51.5096293],[0.0233865,51.5096452],[0.0236564,51.50966],[0.0238958,51.509671],[0.0241365,51.5096799],[0.0244296,51.509689],[0.0247468,51.5096944],[0.0250851,51.5096969],[0.0267542,51.5096907],[0.0273808,51.5096906],[0.0277055,51.5096979],[0.0281604,51.5097114],[0.0285236,51.5097225],[0.0289144,51.5097356],[0.0292051,51.5097438],[0.0295415,51.5097551],[0.0297561,51.5097589],[0.0299749,51.5097585],[0.0302806,51.5097512],[0.0305457,51.5097418],[0.030734,51.5097359],[0.0311917,51.5097212],[0.0316833,51.5097008],[0.0320754,51.509672],[0.0322698,51.5096524],[0.0325248,51.5096229],[0.0336563,51.5094912],[0.0340653,51.5094431],[0.0342129,51.5094213],[0.0344125,51.5093867],[0.0346229,51.5093395],[0.034832,51.5092797],[0.0349807,51.5092297],[0.0351037,51.5091832],[0.0352215,51.5091318],[0.0354502,51.5090245],[0.0356326,51.5089306],[0.0358766,51.5088065],[0.0361115,51.5086868],[0.036326,51.508586],[0.0365219,51.5085055],[0.0367395,51.5084266],[0.0369634,51.5083562],[0.037213,51.508291],[0.0375181,51.5082263],[0.0378158,51.5081798],[0.0380488,51.5081534],[0.0383235,51.5081323],[0.0386288,51.5081198],[0.0389556,51.5081103],[0.0399373,51.5080789],[0.0402737,51.5080684],[0.0435097,51.5079752],[0.0438428,51.5079677],[0.0440735,51.5079678],[0.0443264,51.5079758],[0.0445423,51.5080029],[0.0447114,51.5080339],[0.0448212,51.5080561],[0.045005,51.5081085],[0.0453278,51.5082148],[0.0460669,51.5084813],[0.0468329,51.508758],[0.0470395,51.5088312],[0.0472077,51.508881],[0.0473568,51.5089179],[0.0475033,51.5089465],[0.0476498,51.5089681],[0.0477985,51.508983],[0.0478607,51.5089875],[0.0479478,51.5089914],[0.048101,51.5089931],[0.048956,51.5089688],[0.0507205,51.508913],[0.054338,51.5088006],[0.0546819,51.5087873],[0.0552259,51.5087728],[0.0552703,51.508772],[0.055622,51.5087595],[0.0633481,51.508519],[0.0637097,51.5085071],[0.0639983,51.5084975],[0.0642133,51.5084903],[0.0642647,51.5084896],[0.0650777,51.5084643],[0.065203,51.5084531],[0.0653144,51.5084368],[0.0654174,51.5084209],[0.0655221,51.5084],[0.0656743,51.5083603],[0.0658211,51.5083101],[0.0659368,51.5082591],[0.066086,51.5081826],[0.0664632,51.5079723],[0.066953,51.5076953],[0.0673742,51.5074669],[0.0675675,51.5073803],[0.0677349,51.5073186],[0.0679867,51.5072402],[0.0681892,51.5071928],[0.0684032,51.5071539],[0.0685532,51.5071338],[0.0687035,51.507119],[0.0688382,51.5071097],[0.0689888,51.5071043],[0.0691925,51.5071015],[0.0694684,51.5070972],[0.0697214,51.5070953],[0.0698544,51.5070987],[0.0700057,51.5071078],[0.0701252,51.5071205],[0.070228,51.5071358],[0.0703738,51.5071637],[0.0705098,51.5071947],[0.070643,51.5072349],[0.0707612,51.507276],[0.070872,51.5073201],[0.0710375,51.5074004],[0.0711366,51.5074572],[0.0712429,51.507523],[0.0713267,51.5075853],[0.0714187,51.5076617],[0.0714911,51.5077321],[0.0715635,51.5078156],[0.0716127,51.5078808],[0.0716677,51.5079702],[0.0717079,51.5080491],[0.0717408,51.508141],[0.0717758,51.5082457],[0.0717864,51.5083051],[0.0717892,51.5083432],[0.0717971,51.508461],[0.0717967,51.5085277],[0.071791,51.5086354],[0.0717899,51.5086901],[0.0717741,51.5089265],[0.0717466,51.5093587],[0.0717273,51.5096397],[0.0716967,51.5101338],[0.0716318,51.5111547],[0.0716232,51.5113712],[0.0715507,51.5122802],[0.0715482,51.5123758],[0.0715442,51.5124957],[0.0715415,51.5125849],[0.071532,51.5126691],[0.0715182,51.5127462],[0.0714961,51.5128327],[0.0714554,51.5129403],[0.0713839,51.5130878],[0.0713458,51.5131603],[0.0712935,51.513241],[0.0712013,51.513359],[0.0711209,51.5134478],[0.0710273,51.5135366],[0.0708481,51.51364],[0.070691,51.513753],[0.070422,51.5139141],[0.0701123,51.5140588],[0.0698612,51.5141458],[0.0696315,51.5142096],[0.069405,51.5142612],[0.0691631,51.5142999],[0.0689486,51.5143247],[0.068711,51.5143413],[0.0655189,51.5144615],[0.0647561,51.5144903],[0.06443,51.5145002],[0.064046,51.5145101],[0.0638281,51.5145152],[0.0636377,51.5145139],[0.0633625,51.5144872],[0.0627655,51.5144358],[0.0611873,51.5142902],[0.0610527,51.5142785]],[[0.061028,51.5143798],[0.0625926,51.5145135],[0.0628335,51.5145362],[0.0630457,51.5145539],[0.063162,51.5145596],[0.0632946,51.5145603],[0.0636785,51.51455],[0.0638505,51.5145439],[0.0640379,51.5145391],[0.0647423,51.5145189],[0.0682572,51.5143877],[0.0688857,51.5143603],[0.0691342,51.5143336],[0.0694213,51.5142885],[0.06965,51.5142384],[0.0698772,51.5141739],[0.0701382,51.5140854],[0.0704479,51.5139402],[0.0707176,51.5137826],[0.0710513,51.5135478],[0.0711528,51.5134583],[0.0712373,51.5133689],[0.0713338,51.5132504],[0.0713809,51.5131709],[0.0714222,51.513095],[0.0714941,51.5129471],[0.0715375,51.5128449],[0.0715645,51.5127502],[0.0715761,51.5126742],[0.0715889,51.5125867],[0.0715964,51.5124891],[0.0716016,51.5123779],[0.0716184,51.5121388],[0.0716222,51.512113],[0.0716739,51.5113488],[0.0716787,51.5111537],[0.0717373,51.5103917],[0.0717382,51.510359],[0.0717545,51.5101354],[0.0717742,51.5096432],[0.0718183,51.5089272],[0.0718351,51.5086371],[0.0718407,51.5085348],[0.0718419,51.508462],[0.0718417,51.5084234],[0.0718359,51.5083272],[0.0718329,51.508302],[0.0718214,51.5082393],[0.0717886,51.5081343],[0.0717558,51.5080444],[0.0717129,51.5079601],[0.0716586,51.5078722],[0.0716077,51.5078014],[0.0715368,51.5077185],[0.0714579,51.5076451],[0.0713676,51.5075708],[0.0712794,51.5075042],[0.0711716,51.5074366],[0.0710703,51.5073784],[0.0709777,51.5073334],[0.0708548,51.5072809],[0.0707176,51.5072282],[0.0706009,51.5071873],[0.0704566,51.5071515],[0.0703133,51.5071222],[0.0701651,51.5070974],[0.0700232,51.5070819],[0.0698714,51.5070719],[0.0697242,51.5070675],[0.0692664,51.5070715],[0.0689871,51.5070764],[0.0688367,51.5070815],[0.0686989,51.5070902],[0.0685482,51.5071052],[0.0684143,51.5071222],[0.0681723,51.5071653],[0.0679751,51.5072115],[0.0677953,51.5072641],[0.0675769,51.5073422],[0.0673493,51.5074432],[0.0671029,51.5075756],[0.0667125,51.5077933],[0.0663043,51.5080222],[0.0660594,51.5081596],[0.0658451,51.5082604],[0.0657842,51.5082836],[0.0656465,51.5083309],[0.0655088,51.5083688],[0.0654067,51.5083906],[0.0653084,51.5084085],[0.0651931,51.5084253],[0.0651179,51.5084333],[0.0650744,51.5084347],[0.0642601,51.5084604],[0.0638053,51.5084751],[0.0637067,51.508478],[0.0633465,51.5084906],[0.0556203,51.5087323],[0.0552691,51.5087422],[0.0547244,51.5087579],[0.0546791,51.5087583],[0.0543361,51.508771],[0.0507193,51.5088865],[0.0482004,51.5089627],[0.0480506,51.508964],[0.0478981,51.5089596],[0.0477473,51.5089487],[0.0475986,51.5089312],[0.047454,51.508907],[0.0473093,51.5088762],[0.0471561,51.5088346],[0.0470396,51.5087985],[0.046925,51.5087596],[0.0462698,51.5085228],[0.0456807,51.5083092],[0.0453438,51.5081895],[0.045147,51.5081139],[0.0449884,51.5080612],[0.0448451,51.5080247],[0.0447008,51.5079936],[0.0445558,51.5079715],[0.0443678,51.5079446],[0.0442184,51.5079319],[0.0440773,51.507927],[0.0438885,51.5079301],[0.0436201,51.5079347],[0.0402712,51.508042],[0.0399349,51.5080525],[0.0392514,51.5080733],[0.0389278,51.5080835],[0.0386364,51.5080928],[0.0383191,51.5081047],[0.0380401,51.5081246],[0.0378042,51.5081511],[0.0375083,51.5081982],[0.0371987,51.5082629],[0.0369427,51.5083304],[0.0367188,51.5083998],[0.0365094,51.5084754],[0.0363927,51.508523],[0.0362338,51.5085929],[0.0360803,51.5086652],[0.0356044,51.5089075],[0.0354103,51.5089971],[0.0351962,51.5090822],[0.0350331,51.5091365],[0.0348605,51.5091866],[0.0346849,51.5092263],[0.0345282,51.5092575],[0.0343796,51.5092803],[0.0340331,51.5093244],[0.0325735,51.5094946],[0.0324901,51.5095055],[0.0322348,51.5095346],[0.0316587,51.5096006],[0.0311682,51.5096488],[0.0307311,51.5096784],[0.0303682,51.5096893],[0.0297564,51.5096913],[0.029247,51.5096906],[0.0288225,51.5096896],[0.0284672,51.5096832],[0.028251,51.5096746],[0.0280355,51.5096605],[0.0276037,51.509628],[0.0272482,51.5096039],[0.0270102,51.5095951],[0.0267721,51.5095903],[0.0253894,51.5095953],[0.0250807,51.5095965],[0.0247392,51.5096032],[0.0244249,51.5096124],[0.0241422,51.5096191],[0.0238983,51.5096211],[0.0236548,51.5096187],[0.0233938,51.5096093],[0.0231808,51.5095971],[0.0228984,51.5095744],[0.0226232,51.5095468],[0.0219609,51.5094728],[0.0216259,51.5094395],[0.0214701,51.5094275],[0.0213088,51.5094171],[0.0211474,51.5094091],[0.0208472,51.5093978],[0.0207465,51.5093947],[0.0203531,51.5093817],[0.0199214,51.5093685],[0.0196489,51.5093566],[0.0194028,51.5093411],[0.0192596,51.5093278],[0.0190816,51.5093078],[0.0188775,51.5092816],[0.0175752,51.5090966],[0.0171005,51.509028],[0.0168094,51.5089896],[0.0165866,51.508971],[0.0163378,51.5089628],[0.0160337,51.5089706],[0.0156326,51.5089748]],[[0.0317732,51.5022169],[0.0318241,51.5022181],[0.0318771,51.5022178],[0.0319391,51.5022154],[0.0321077,51.5022076],[0.032177,51.5022056],[0.0322367,51.502205],[0.0322964,51.5022062]],[[0.0317732,51.5022169],[0.0322943,51.5022397],[0.03271,51.5022595],[0.0337457,51.5023057],[0.034062,51.502319],[0.0342824,51.5023319],[0.0344944,51.5023489],[0.0347368,51.5023728],[0.0349774,51.502398],[0.0351726,51.5024182],[0.0353842,51.5024354],[0.0355875,51.502448],[0.0357899,51.5024576],[0.0359924,51.5024643],[0.0361937,51.5024671],[0.0363983,51.5024651],[0.036603,51.502461],[0.0368379,51.5024505],[0.0370534,51.5024392],[0.0372851,51.5024232],[0.0375038,51.502413],[0.0376889,51.5024132],[0.0378787,51.5024206],[0.0380669,51.5024353],[0.0382449,51.5024589],[0.0384135,51.5024863],[0.0385731,51.5025213],[0.0387459,51.5025663],[0.0389032,51.5026141],[0.0390256,51.5026582],[0.0391587,51.5027084],[0.039281,51.5027638],[0.0394258,51.5028372],[0.039542,51.5029042],[0.0396585,51.5029742],[0.0402761,51.5033564],[0.0407192,51.5036316],[0.0408438,51.5037041],[0.0409772,51.5037743],[0.041099,51.5038289],[0.0412162,51.5038701],[0.0413421,51.5039057],[0.0414784,51.5039355],[0.0416202,51.5039595],[0.0417551,51.5039712],[0.0418732,51.5039763],[0.0419831,51.5039745],[0.0421095,51.5039665],[0.0422303,51.5039539],[0.0423489,51.5039392],[0.042497,51.5039166],[0.0426162,51.5039004],[0.0427394,51.5038863],[0.0428646,51.5038779],[0.0429886,51.5038747],[0.0431038,51.5038786],[0.0432123,51.5038866],[0.0433085,51.5038988],[0.0434186,51.5039181],[0.0435389,51.5039446],[0.0438881,51.5040384],[0.0439845,51.5040625],[0.0441066,51.5040891],[0.0442097,51.5041053],[0.0443118,51.5041172],[0.0444162,51.5041251],[0.0445378,51.50413],[0.0446765,51.5041282],[0.0458631,51.5040905],[0.0466997,51.5040655],[0.0470478,51.5040563],[0.0471654,51.5040475],[0.0472756,51.5040304],[0.0473681,51.5040098],[0.0474569,51.5039835],[0.0480876,51.5037717],[0.0487532,51.5035412],[0.0488738,51.5034967],[0.0489787,51.5034508],[0.0490912,51.5033884],[0.0491864,51.5033294],[0.0492823,51.5032637],[0.0493923,51.5031772],[0.0495298,51.5030648],[0.049649,51.5029707],[0.0497552,51.5029037],[0.0498764,51.5028412],[0.050007,51.5027808],[0.0501261,51.5027373],[0.0502584,51.5026954],[0.0503836,51.5026654],[0.0505024,51.5026425],[0.0506231,51.5026242],[0.0507714,51.5026085],[0.0509238,51.5025962],[0.0510591,51.5025892],[0.0511958,51.5025848],[0.0518736,51.5025596],[0.0529218,51.5025215],[0.0531485,51.5025099],[0.0533753,51.5024944],[0.0537494,51.5024666],[0.0541261,51.5024376],[0.0546512,51.5023972],[0.0550269,51.502368],[0.0563753,51.5022639],[0.056679,51.5022438],[0.0569225,51.5022316],[0.057227,51.5022189],[0.0576786,51.5021971],[0.058713,51.5021632],[0.0592732,51.5021437],[0.0597856,51.5021268],[0.0603047,51.5021125]],[[0.0598728,51.5020929],[0.0592711,51.5021116],[0.0585841,51.5021372],[0.0576794,51.5021663],[0.0571656,51.502184],[0.0566755,51.5022124],[0.056368,51.5022339],[0.0550207,51.5023379],[0.0546446,51.5023665],[0.0541192,51.5024074],[0.0537432,51.5024362],[0.0533696,51.5024642],[0.053143,51.5024778],[0.0529198,51.502489],[0.0518717,51.5025253],[0.0511923,51.5025504],[0.0510548,51.5025554],[0.0509186,51.5025623],[0.0507621,51.5025738],[0.0506112,51.5025908],[0.0504845,51.50261],[0.0503627,51.5026339],[0.0502357,51.5026655],[0.0501017,51.5027082],[0.0499741,51.5027564],[0.0498454,51.5028126],[0.0497266,51.5028783],[0.049618,51.5029442],[0.0494732,51.5030439],[0.0493023,51.503152],[0.0491923,51.5032167],[0.0490728,51.5032788],[0.048937,51.5033415],[0.0488133,51.503394],[0.0486705,51.5034473],[0.0480105,51.5036779],[0.0472783,51.5039206],[0.0471552,51.5039565],[0.0470361,51.5039841],[0.0469183,51.5040046],[0.0468035,51.5040206],[0.0466927,51.5040303],[0.0458613,51.5040591],[0.0446754,51.5040947],[0.0445367,51.5040956],[0.0444209,51.5040915],[0.0443172,51.5040838],[0.0442188,51.5040735],[0.044119,51.5040573],[0.0440048,51.5040327],[0.0439042,51.5040073],[0.0435571,51.503913],[0.04343,51.5038848],[0.0433225,51.503867],[0.0432208,51.5038537],[0.0431075,51.5038452],[0.0429865,51.5038406],[0.042866,51.5038432],[0.0427314,51.5038541],[0.0426062,51.5038676],[0.0424867,51.5038828],[0.0423371,51.5039053],[0.0422203,51.503921],[0.0420982,51.5039324],[0.0419787,51.5039405],[0.0418745,51.503941],[0.04176,51.5039362],[0.0416261,51.503924],[0.0414944,51.5039028],[0.0413656,51.5038752],[0.0412448,51.5038405],[0.041131,51.503801],[0.0410106,51.5037478],[0.0408763,51.5036763],[0.0407601,51.5036088],[0.0403175,51.5033327],[0.0396934,51.5029513],[0.0395836,51.5028823],[0.0394574,51.5028101],[0.0393132,51.5027374],[0.0391946,51.5026839],[0.0390561,51.502629],[0.0389296,51.5025827],[0.0387725,51.5025359],[0.0385994,51.502491],[0.0384285,51.5024531],[0.0382569,51.5024244],[0.0380798,51.5024018],[0.0378849,51.502386],[0.0376877,51.5023794],[0.0375012,51.5023804],[0.0372766,51.5023895],[0.0370537,51.502402],[0.0368339,51.5024144],[0.0365962,51.5024264],[0.0363944,51.5024312],[0.0361993,51.5024323],[0.0359959,51.5024307],[0.0357991,51.5024244],[0.0355928,51.5024139],[0.035388,51.5024034],[0.035183,51.5023848],[0.0349835,51.5023664],[0.0347452,51.5023401],[0.0345015,51.5023169],[0.0342921,51.5022994],[0.0340664,51.5022859],[0.0337484,51.5022731],[0.0327128,51.502225],[0.0322964,51.5022062]],[[0.0389556,51.5081103],[0.0390402,51.5081017],[0.0391138,51.5080898],[0.0391646,51.5080803],[0.0392514,51.5080733]],[[0.058713,51.5021632],[0.0592711,51.5021116]],[[0.0603047,51.5021125],[0.0598728,51.5020929]],[[0.0693858,51.4902792],[0.0698465,51.4899647],[0.0699483,51.4899034],[0.0700011,51.4898729],[0.0700319,51.4898579],[0.0701174,51.4898119],[0.0701567,51.4897875],[0.0702332,51.4897709],[0.0703508,51.4897388],[0.0705768,51.4896942],[0.0707964,51.4896699],[0.0709026,51.4896644],[0.0712876,51.4896562],[0.071625,51.4896559],[0.0719571,51.4896613],[0.0728093,51.4896998],[0.0735114,51.4897607],[0.0740886,51.4898332],[0.0748975,51.4900184],[0.0751749,51.4901131],[0.0755772,51.4902785],[0.0759221,51.4904557],[0.0763246,51.4906994],[0.0767389,51.4910812],[0.0769761,51.4913701],[0.0772085,51.4918121],[0.0773022,51.4921071],[0.077331,51.4925109],[0.0773099,51.4927863],[0.0771873,51.493148],[0.077003,51.493484],[0.0767479,51.4939213],[0.076016,51.4953498],[0.0759591,51.4954651],[0.0756223,51.4961474],[0.0750037,51.4971631],[0.0743748,51.4978194],[0.0733702,51.4985332],[0.0729902,51.4987842],[0.0721496,51.4993445],[0.0712116,51.4999551],[0.0707146,51.5002911],[0.0697143,51.500958],[0.0691845,51.5012389],[0.0686377,51.5014539],[0.0683309,51.5015449],[0.0679749,51.5016333],[0.0676363,51.501688],[0.0672977,51.5017274],[0.0660194,51.501812],[0.0651326,51.5018637],[0.0642881,51.5019114],[0.0641156,51.5019236],[0.063934,51.5019245],[0.0635801,51.501916],[0.0617878,51.5019721],[0.0615484,51.5019812],[0.0613407,51.5019981],[0.0610951,51.5020261],[0.0607051,51.5020665],[0.0604265,51.5020778],[0.0598728,51.5020929]],[[0.0603047,51.5021125],[0.0610969,51.5020878],[0.0615578,51.5020769],[0.0628621,51.5020433],[0.0631722,51.5020251],[0.0636965,51.501998],[0.0641237,51.5019673],[0.0647096,51.5019239],[0.0651589,51.5018921],[0.0655903,51.501879],[0.0660211,51.50187],[0.0666896,51.5018721],[0.0670119,51.5018657],[0.0673106,51.5018483],[0.0677092,51.5018008],[0.0680463,51.5017354],[0.0683596,51.5016593],[0.0687103,51.5015523],[0.0690611,51.5014351],[0.069603,51.5011617],[0.0701996,51.5007986],[0.0708335,51.5003694],[0.0712795,51.5000715],[0.0716848,51.4998026],[0.0721614,51.4994898],[0.0726089,51.4991906],[0.0734899,51.4986113],[0.0741317,51.498192],[0.0746682,51.4977643],[0.0750432,51.4973957],[0.0753312,51.497046],[0.0756123,51.4966071],[0.0758568,51.4961426],[0.0761267,51.4956186],[0.0764803,51.4949536],[0.0770519,51.4938394],[0.0774497,51.4930739],[0.0775169,51.4928034],[0.0775532,51.4925073],[0.0775455,51.492302],[0.0774782,51.4919444],[0.0773828,51.4916928],[0.0772566,51.4914411],[0.0769881,51.4910781],[0.0767532,51.4908426],[0.0764823,51.4906231],[0.0761354,51.4903879],[0.0755691,51.490107],[0.0752852,51.4899974],[0.0749842,51.4898985],[0.0746198,51.4898011],[0.0742497,51.4897214],[0.0738735,51.4896719],[0.0734745,51.489633],[0.0728021,51.4896106],[0.0719647,51.4896141],[0.071648,51.4896198],[0.071315,51.4896255],[0.0709008,51.4896304],[0.0707846,51.4896455],[0.0705632,51.4896689],[0.0703493,51.4897122],[0.0702051,51.4897445],[0.0700947,51.4897642],[0.0699687,51.489824],[0.0699292,51.4898402],[0.0697829,51.4899042],[0.0693083,51.4902354]],[[0.0794306,51.512406],[0.0795086,51.5122882]]]},"properties":{"name":"DLR","colour":"#00AFAD","mode":"tfl"}},{"type":"Feature","geometry":{"type":"MultiLineString","coordinates":[[[-0.2980323,51.5151875],[-0.2985627,51.5151904],[-0.2988491,51.5151898],[-0.2994778,51.5151987],[-0.3013717,51.5151999],[-0.3018235,51.5151988]],[[-0.3018215,51.5152286],[-0.301372,51.5152274],[-0.2994824,51.5152218]],[[-0.3008763,51.5150862],[-0.3007147,51.5150869],[-0.2993764,51.5150923],[-0.2991257,51.515102],[-0.2986754,51.5151312],[-0.2983002,51.5151637],[-0.2980323,51.5151875]],[[-0.2994824,51.5152218],[-0.2990993,51.515206],[-0.2988491,51.5151898]],[[-0.2994824,51.5152218],[-0.2987802,51.5152195],[-0.2974008,51.5152206]],[[-0.2994778,51.5151987],[-0.2990993,51.515206],[-0.2987802,51.5152195]],[[-0.2980323,51.5151875],[-0.2974008,51.5152206]],[[-0.2556094,51.4950188],[-0.2560237,51.4950198],[-0.2570834,51.495005],[-0.2581923,51.4950005],[-0.2589741,51.4950147],[-0.2591115,51.4950169],[-0.2594389,51.4950254],[-0.2596768,51.4950235],[-0.260129,51.4950088],[-0.2603152,51.4949986],[-0.2609587,51.4949484],[-0.2613761,51.4949095],[-0.2627382,51.4947601],[-0.2637851,51.4946487],[-0.2654308,51.4944707],[-0.2656615,51.4944511],[-0.2663409,51.4944182],[-0.2668087,51.4944156],[-0.2670445,51.4944234],[-0.2672825,51.4944359],[-0.2675281,51.4944565],[-0.2679051,51.4944989],[-0.2681662,51.4945354],[-0.2683955,51.4945745],[-0.2686687,51.494626],[-0.2689021,51.494677],[-0.2691336,51.4947346],[-0.2694573,51.4948236],[-0.2697118,51.4948999],[-0.2701237,51.4950383],[-0.2704347,51.4951556],[-0.2708129,51.4953202],[-0.2712585,51.4955446],[-0.2717059,51.4958186],[-0.2719688,51.496003],[-0.2722176,51.4962095],[-0.272701,51.4966166],[-0.2729102,51.4967755],[-0.2731124,51.496919],[-0.2732549,51.4970144],[-0.273549,51.4971832],[-0.2738431,51.4973433],[-0.2740541,51.4974506],[-0.2744854,51.4976406],[-0.2751277,51.4979055],[-0.2758458,51.4982043],[-0.2762009,51.4983605],[-0.2765605,51.4985255],[-0.276816,51.4986532],[-0.2770385,51.4987838],[-0.2772498,51.4989121],[-0.2774279,51.499034],[-0.2775746,51.4991433],[-0.2777475,51.4992774],[-0.2779545,51.4994769],[-0.2780848,51.4996097],[-0.2781928,51.499726],[-0.2783633,51.4999471],[-0.2785058,51.500173],[-0.2786962,51.5005364],[-0.2787593,51.5006415],[-0.2789545,51.5010168],[-0.2792288,51.5015176],[-0.2793721,51.5017753],[-0.2795592,51.5020603],[-0.2796937,51.5022322],[-0.2798816,51.5024371],[-0.2799916,51.5025446],[-0.2801687,51.5026967],[-0.2803094,51.5028105],[-0.2806246,51.5030375],[-0.2809056,51.5032044],[-0.2812887,51.5034063],[-0.2819679,51.5037421],[-0.2826314,51.5040728],[-0.2832678,51.5043905],[-0.2841574,51.5048286],[-0.2843768,51.50494],[-0.2847194,51.5051271],[-0.2851016,51.5053605],[-0.2852759,51.5054621],[-0.2855479,51.5056376],[-0.2858461,51.5058483],[-0.2860094,51.5059816],[-0.2862367,51.5061754],[-0.2865536,51.5064533],[-0.2868303,51.5067283],[-0.286973,51.5068939],[-0.2870994,51.5070471],[-0.2872032,51.5071975],[-0.2873049,51.5073612],[-0.2874091,51.5075387],[-0.2874929,51.5077008],[-0.2876426,51.5080198],[-0.2877388,51.5082684],[-0.2878194,51.5085195],[-0.2878793,51.5087063],[-0.2880328,51.5092141],[-0.2880896,51.5093919],[-0.2882007,51.5096327],[-0.2882505,51.509911],[-0.2882656,51.5101333],[-0.2882686,51.5102288],[-0.2882484,51.5106479],[-0.2882095,51.5110113],[-0.288104,51.5119452],[-0.2880662,51.5122419],[-0.2880328,51.5124182],[-0.2879631,51.5126501],[-0.2878226,51.5130705],[-0.2877825,51.513207],[-0.2877471,51.5133699],[-0.2877285,51.5135491],[-0.287739,51.5137398],[-0.2877665,51.5138914],[-0.287796,51.5140203],[-0.2878399,51.5141322],[-0.2878825,51.5142277],[-0.2879918,51.5144333],[-0.2881092,51.5145825],[-0.2882068,51.5146948],[-0.288308,51.5147974],[-0.2886751,51.5151218],[-0.2888416,51.5152448],[-0.2889897,51.5153436],[-0.2890587,51.5153889],[-0.2891517,51.5154395],[-0.289223,51.515479],[-0.2893547,51.515542],[-0.2894709,51.5155958],[-0.2895947,51.5156417],[-0.2897277,51.515687],[-0.2898858,51.5157349],[-0.2900245,51.5157707],[-0.2901132,51.5157906],[-0.2901991,51.5158094],[-0.2903338,51.5158326],[-0.2905488,51.5158628],[-0.2906898,51.5158764],[-0.290807,51.5158857],[-0.2909268,51.515894],[-0.2910264,51.5158997],[-0.2911746,51.5159072],[-0.2913336,51.51591],[-0.2914599,51.5159134],[-0.2915731,51.5159118],[-0.2916502,51.5159076],[-0.2917689,51.5159039],[-0.2919145,51.5158966],[-0.2920448,51.5158862],[-0.2922106,51.5158665],[-0.2923551,51.5158442],[-0.292487,51.5158229],[-0.2926395,51.5157912],[-0.2927356,51.5157678],[-0.2928907,51.5157328],[-0.293122,51.5156672],[-0.293271,51.5156195],[-0.2934367,51.5155686],[-0.2938587,51.5154444],[-0.2940537,51.5153938],[-0.2942392,51.5153528],[-0.2944088,51.5153225],[-0.2945814,51.5152936],[-0.2947768,51.5152669],[-0.2949306,51.5152457],[-0.2950442,51.5152361],[-0.2951931,51.5152275],[-0.2953429,51.515219],[-0.2955356,51.5152139],[-0.296014,51.5152061],[-0.2963954,51.5151967],[-0.296948,51.5151872],[-0.2980323,51.5151875]],[[-0.2974008,51.5152206],[-0.2969608,51.5152231],[-0.2960795,51.5152385],[-0.2952999,51.5152533],[-0.2951378,51.5152655],[-0.2950221,51.5152723],[-0.2948852,51.5152851],[-0.2947312,51.515305],[-0.2945888,51.5153238],[-0.2944326,51.5153505],[-0.2942857,51.5153805],[-0.2941871,51.5153998],[-0.2940971,51.515418],[-0.2939747,51.51545],[-0.2938423,51.5154856],[-0.2934929,51.5155904],[-0.2931421,51.515698],[-0.2929029,51.5157629],[-0.2927407,51.5158039],[-0.2926304,51.5158292],[-0.2925407,51.515847],[-0.2924635,51.5158603],[-0.2923209,51.515883],[-0.2921872,51.5158997],[-0.2920393,51.5159192],[-0.2918802,51.5159335],[-0.2917462,51.51594],[-0.2915883,51.5159454],[-0.2914591,51.5159446],[-0.2913211,51.5159453],[-0.2911795,51.5159411],[-0.290946,51.5159279],[-0.2908004,51.5159191],[-0.2906728,51.5159099],[-0.2905083,51.5158919],[-0.2903152,51.515865],[-0.2901095,51.5158273],[-0.2898762,51.5157705],[-0.2896116,51.5156888],[-0.2893303,51.5155771],[-0.2890872,51.5154496],[-0.2888953,51.5153381],[-0.2886253,51.5151313],[-0.2882503,51.5147974],[-0.2881568,51.5147071],[-0.2880541,51.5145901],[-0.2879996,51.514521],[-0.2879295,51.5144269],[-0.2878679,51.514324],[-0.2878088,51.5141871],[-0.2877542,51.5140344],[-0.2877198,51.5139119],[-0.2876872,51.5137704],[-0.2876731,51.5135529],[-0.2876909,51.5133712],[-0.2877161,51.513229],[-0.2877629,51.513067],[-0.2879085,51.5126385],[-0.2879699,51.5124326],[-0.288013,51.5122393],[-0.2880531,51.511936],[-0.2881624,51.510979],[-0.2881994,51.5106295],[-0.2881914,51.5102341],[-0.288221,51.5101341],[-0.28821,51.5099114],[-0.2881524,51.5096243],[-0.2880398,51.5093915],[-0.2879322,51.5090478],[-0.2878198,51.5087127],[-0.287762,51.5085266],[-0.2876718,51.5082783],[-0.2875684,51.5080335],[-0.2874091,51.507737],[-0.2873115,51.5075733],[-0.2872134,51.507433],[-0.2870936,51.5072731],[-0.2869722,51.5071278],[-0.2868225,51.5069614],[-0.2866407,51.5067818],[-0.286372,51.5065445],[-0.2860811,51.5063156],[-0.2858152,51.5061302],[-0.2855549,51.5059659],[-0.285036,51.5056906],[-0.2846694,51.5055052],[-0.2842655,51.505303],[-0.2838518,51.5050841],[-0.2834164,51.5048345],[-0.2830667,51.5046266],[-0.2824823,51.5042748],[-0.2822646,51.5041423],[-0.2817639,51.5038582],[-0.2813968,51.5036668],[-0.2812132,51.5035727],[-0.2806916,51.5033235],[-0.2802778,51.5031198],[-0.2799297,51.502866],[-0.2797421,51.5027149],[-0.2795634,51.5025332],[-0.2793804,51.5023306],[-0.2792567,51.5021514],[-0.2790867,51.5018542],[-0.2789153,51.5015348],[-0.2785556,51.5008772],[-0.2784228,51.5006437],[-0.2783068,51.5004561],[-0.2782177,51.5003163],[-0.2780518,51.5001046],[-0.2778337,51.4998742],[-0.2776147,51.4996766],[-0.277486,51.4995708],[-0.277344,51.4994645],[-0.2770891,51.4992916],[-0.2765319,51.4989177],[-0.2759338,51.4985082],[-0.2756388,51.4983278],[-0.2753581,51.4981719],[-0.2752096,51.4980986],[-0.2750388,51.4980215],[-0.2745184,51.4978013],[-0.2738916,51.4975257],[-0.2736603,51.4974104],[-0.2733867,51.4972614],[-0.2730955,51.4970948],[-0.2729649,51.4970089],[-0.2727646,51.4968687],[-0.2725749,51.4967263],[-0.2721043,51.4963366],[-0.2718059,51.496097],[-0.2715217,51.4958842],[-0.2712596,51.4957198],[-0.2709816,51.4955654],[-0.2707937,51.4954672],[-0.2705721,51.4953646],[-0.2703843,51.4952831],[-0.2701292,51.495184],[-0.2698489,51.4950832],[-0.2693548,51.4949326],[-0.2688537,51.4948019],[-0.268605,51.4947461],[-0.2683723,51.4946998],[-0.2681423,51.4946603],[-0.2678361,51.4946131],[-0.2675458,51.4945798],[-0.2673186,51.4945579],[-0.2670181,51.4945369],[-0.2667779,51.4945283],[-0.2665401,51.494525],[-0.2663473,51.4945263],[-0.2660682,51.494535],[-0.2657926,51.4945503],[-0.2654839,51.4945772],[-0.2651133,51.4946173],[-0.2638467,51.494757],[-0.2627779,51.4948796],[-0.2613973,51.4950357]],[[-0.2738102,51.4925676],[-0.2735601,51.4926827],[-0.2730072,51.492936],[-0.2723598,51.493202],[-0.271673,51.4934395],[-0.2706401,51.4936924],[-0.2698558,51.4938145],[-0.2689764,51.4939245],[-0.2680631,51.4940124],[-0.2680324,51.4940154],[-0.2674139,51.4940757],[-0.2671712,51.4941168],[-0.2668974,51.4941765],[-0.2665582,51.4942658],[-0.2654188,51.4946007],[-0.2650023,51.4946933],[-0.2644699,51.4947678],[-0.2639031,51.4948386],[-0.2627895,51.4949276],[-0.262089,51.49498],[-0.2613973,51.4950357]],[[-0.2556094,51.4950188],[-0.2560215,51.494995],[-0.2570891,51.4949447],[-0.25838,51.4949002],[-0.259026,51.4948881],[-0.2594644,51.4948693],[-0.2601124,51.4948115],[-0.2602378,51.494796],[-0.2626962,51.4945465],[-0.266296,51.4941609],[-0.2674049,51.4940477],[-0.2680098,51.4939838],[-0.2680522,51.49398],[-0.2689518,51.4938854],[-0.2698417,51.4937745],[-0.2706168,51.4936475],[-0.2716501,51.4934075],[-0.2723262,51.4931733],[-0.2729669,51.4928968],[-0.2737614,51.4925324]],[[-0.2613973,51.4950357],[-0.2609879,51.4950771],[-0.2603197,51.4951254],[-0.2601376,51.4951332],[-0.2591845,51.4951801],[-0.2588106,51.4951971],[-0.258473,51.4952089],[-0.2579238,51.4952213],[-0.2577012,51.4952246],[-0.2570683,51.4952156],[-0.2562256,51.4951868],[-0.2560076,51.4951865],[-0.255846,51.4951897],[-0.2556816,51.4951941],[-0.2554311,51.495206],[-0.2551452,51.4952188],[-0.2547844,51.4952309],[-0.2544167,51.4952391],[-0.2527762,51.4952338],[-0.2522047,51.4952417],[-0.2516315,51.4952467],[-0.2510596,51.4952417],[-0.2502833,51.4952346],[-0.2499549,51.495225],[-0.2496271,51.4952185],[-0.2493427,51.4952087],[-0.2490513,51.4951928],[-0.248767,51.4951759],[-0.2484791,51.4951605],[-0.2482126,51.4951289],[-0.2475417,51.4951126],[-0.2475022,51.4951098],[-0.2470856,51.4951032],[-0.2468282,51.4950891],[-0.2464367,51.4950625],[-0.2454748,51.4949981],[-0.2453022,51.49499],[-0.2449631,51.4949804],[-0.2446574,51.4949723],[-0.2442345,51.4949695],[-0.2437942,51.4949825],[-0.243322,51.4949957],[-0.2428467,51.4949951],[-0.2423176,51.4949798],[-0.2416813,51.4949444],[-0.2410475,51.4948976],[-0.2404439,51.494841],[-0.2397912,51.4947617],[-0.2395967,51.4947327],[-0.2392125,51.4946789],[-0.2388427,51.4946206],[-0.2379675,51.4944686],[-0.2375473,51.4943996],[-0.2373366,51.4943685],[-0.2370945,51.4943375],[-0.2368448,51.4943146],[-0.2364328,51.494286],[-0.2362908,51.4942741],[-0.235813,51.4942361],[-0.235175,51.4941868],[-0.2348879,51.4941581],[-0.2347923,51.4941486],[-0.2345711,51.49413],[-0.2341204,51.4940841],[-0.2338957,51.4940547],[-0.2334664,51.4940089],[-0.2330728,51.4939703],[-0.2328622,51.493954],[-0.2326412,51.4939388],[-0.2324045,51.4939274],[-0.2319239,51.4939123],[-0.2314097,51.4939007],[-0.2311058,51.4938926],[-0.2303994,51.4938464],[-0.2301576,51.4938287],[-0.2297172,51.4938011],[-0.2295135,51.4937886],[-0.2291548,51.4937681],[-0.2288447,51.4937555],[-0.2285768,51.4937564],[-0.2283514,51.4937695],[-0.2280584,51.4937861],[-0.2276817,51.4937965],[-0.2273914,51.493809],[-0.2271839,51.4938059],[-0.227021,51.4937989],[-0.2268551,51.4937886],[-0.2266582,51.4937681],[-0.22631,51.4937337],[-0.2261086,51.4937038],[-0.2259294,51.4936635],[-0.2253445,51.4935095],[-0.2247077,51.4932884],[-0.2245395,51.4932252],[-0.2243381,51.4931414],[-0.2241081,51.4930354],[-0.2237815,51.4928371],[-0.2235711,51.4926581],[-0.223493,51.4925905],[-0.2230822,51.4922031],[-0.2226294,51.4917594],[-0.2225676,51.491699],[-0.2224784,51.4915878],[-0.2223697,51.4914726],[-0.2220358,51.4911802],[-0.2219757,51.4911303],[-0.2218717,51.4910586],[-0.2217673,51.4909895],[-0.2213907,51.4907715],[-0.2211913,51.4906807],[-0.2210169,51.4906068],[-0.2208193,51.4905449],[-0.2205546,51.4904762],[-0.2203156,51.4904179],[-0.2199378,51.490346],[-0.2195538,51.4902981],[-0.2189075,51.4902709],[-0.2185093,51.4902699],[-0.2168784,51.4903382],[-0.2163946,51.4903669],[-0.215994,51.4903956],[-0.2156374,51.4904116],[-0.2154674,51.4904193],[-0.215331,51.4904242],[-0.215195,51.4904267],[-0.2149853,51.49043],[-0.214783,51.49043],[-0.214492,51.4904269],[-0.2143049,51.4904255],[-0.2141775,51.4904205],[-0.2140203,51.4904147],[-0.2137935,51.4904006],[-0.2135782,51.4903815],[-0.2133094,51.4903466],[-0.2131385,51.4903266],[-0.2129103,51.4902999],[-0.2121594,51.4902089],[-0.2117935,51.4901665],[-0.2109636,51.4900919],[-0.2103411,51.4900689],[-0.2098059,51.4900776],[-0.2091408,51.4901145],[-0.2085467,51.4901626],[-0.2080115,51.4902161],[-0.2076962,51.4902656],[-0.2068199,51.490467],[-0.2063384,51.490596],[-0.2059484,51.4907142],[-0.2045898,51.4911215],[-0.2043801,51.4911777],[-0.2042149,51.4912156],[-0.2039508,51.4912572],[-0.2036187,51.4912931],[-0.2035212,51.4912997],[-0.203351,51.4913044],[-0.2031943,51.4913022],[-0.2030227,51.4912914],[-0.2028755,51.4912774],[-0.2027057,51.4912557],[-0.2025511,51.4912325],[-0.2021495,51.4911294],[-0.2017805,51.490994],[-0.2016112,51.4909184],[-0.2015156,51.4908666],[-0.2013601,51.49077],[-0.2012291,51.4906924],[-0.200951,51.4905188],[-0.2007425,51.4903932],[-0.2004374,51.4902273],[-0.2001501,51.4901232],[-0.1998424,51.4900307],[-0.1995564,51.489952],[-0.1989875,51.4898633],[-0.1983945,51.48982],[-0.1980324,51.4898299],[-0.1977069,51.4898514],[-0.1972615,51.4899193],[-0.1967312,51.4900355],[-0.1963408,51.49018]],[[-0.2009353,51.4904243],[-0.2012725,51.4906676],[-0.2014088,51.490753],[-0.2015274,51.4908272],[-0.2016427,51.4908913],[-0.2017623,51.4909474],[-0.2021786,51.4910979],[-0.2025679,51.4912],[-0.2027241,51.4912213],[-0.2029634,51.4912505],[-0.2031365,51.4912603],[-0.2032814,51.4912618],[-0.2034099,51.4912595],[-0.2035756,51.491248],[-0.2037392,51.4912316],[-0.2039251,51.4912155],[-0.2041932,51.491176],[-0.2043866,51.4911345],[-0.2046752,51.4910609],[-0.2049384,51.4909854],[-0.2059366,51.4906873],[-0.206327,51.4905656],[-0.2068054,51.4904364],[-0.2068975,51.4904099],[-0.2072936,51.4903108],[-0.207787,51.4901893],[-0.208218,51.4901039],[-0.20852,51.4900606],[-0.2091068,51.49],[-0.209806,51.4899709],[-0.2103459,51.4899622],[-0.2109895,51.4899852],[-0.2118139,51.4900628],[-0.2129439,51.4901776],[-0.2131257,51.4901897],[-0.2136093,51.4902241],[-0.2138206,51.4902365],[-0.2139365,51.4902429],[-0.2141497,51.4902553],[-0.2142878,51.4902608],[-0.2144762,51.4902649],[-0.2146776,51.4902664],[-0.214829,51.4902686],[-0.2150526,51.4902667],[-0.2152546,51.4902651],[-0.215493,51.490263],[-0.2159087,51.490256],[-0.216114,51.4902526],[-0.2163464,51.4902515],[-0.2165825,51.4902457],[-0.2170586,51.490224],[-0.21799,51.4901817],[-0.2184546,51.4901615],[-0.2186807,51.4901479],[-0.2189076,51.490143],[-0.2191071,51.4901466],[-0.2194154,51.4901563],[-0.219683,51.4901737],[-0.2198923,51.4901956],[-0.2200882,51.4902215],[-0.2202927,51.4902575],[-0.2205894,51.4903219],[-0.2208542,51.4903917],[-0.221068,51.4904593],[-0.2212825,51.4905416],[-0.2215375,51.4906561],[-0.2219582,51.4908862],[-0.2221908,51.4910336],[-0.2222935,51.4911111],[-0.222363,51.4911682],[-0.2226978,51.4914482],[-0.2227424,51.4914853],[-0.2229132,51.4916474],[-0.2235194,51.4922228],[-0.2238616,51.4925455],[-0.2240628,51.4927352],[-0.224221,51.4928571],[-0.2243196,51.4929226],[-0.2245407,51.4930281],[-0.2247188,51.4930947],[-0.2254413,51.4933481],[-0.2258777,51.4934823],[-0.2261712,51.4935592],[-0.2264851,51.493618],[-0.2266798,51.4936385],[-0.2268282,51.4936528],[-0.2269719,51.4936596],[-0.2271564,51.4936591],[-0.2273502,51.493653],[-0.2276352,51.4936272],[-0.2282764,51.4935603],[-0.2288327,51.4935397],[-0.2295284,51.4935863],[-0.2297122,51.4935981],[-0.2301292,51.4936277],[-0.2303798,51.4936458],[-0.2314413,51.4937151],[-0.2319516,51.4937447],[-0.2324104,51.4937772],[-0.2328518,51.4938235],[-0.2330716,51.4938503],[-0.2334899,51.4939001],[-0.2339187,51.4939404],[-0.234152,51.4939591],[-0.234617,51.493976],[-0.234817,51.4939835],[-0.2355816,51.4940053],[-0.2358305,51.4940173],[-0.2361504,51.4940497],[-0.2364074,51.4940842],[-0.2368826,51.4941666],[-0.2371417,51.4942126],[-0.238012,51.4943702],[-0.2388896,51.4945159],[-0.2392503,51.4945721],[-0.2396057,51.494624],[-0.2397919,51.4946471],[-0.2404726,51.4947388],[-0.2410715,51.4947968],[-0.2416911,51.4948434],[-0.2423285,51.4948779],[-0.2428476,51.4948942],[-0.2433219,51.4948949],[-0.2437888,51.4948827],[-0.2442348,51.4948648],[-0.2446668,51.4948488],[-0.2449748,51.4948365],[-0.2451695,51.4948317],[-0.2454764,51.4948331],[-0.2457417,51.4948445],[-0.2460048,51.4948634],[-0.2461819,51.494882],[-0.2463566,51.4949034],[-0.2467893,51.4949565],[-0.2468539,51.4949644],[-0.2470197,51.4949815],[-0.2471859,51.494994],[-0.2473291,51.4949985],[-0.2475422,51.4950052],[-0.2482163,51.495023],[-0.2502906,51.4950844],[-0.2510604,51.4950949],[-0.2516314,51.4950971],[-0.2522021,51.49509],[-0.252775,51.4950733],[-0.2532889,51.4950582],[-0.2541939,51.4950324],[-0.2545927,51.4950264],[-0.2551439,51.4950241],[-0.2554346,51.4950214],[-0.2556094,51.4950188]],[[-0.2122466,51.4575338],[-0.2120444,51.4577773],[-0.2116541,51.4582412],[-0.2114774,51.4584573],[-0.2112836,51.4587143],[-0.2111269,51.4589624],[-0.2110364,51.4591459],[-0.2109571,51.4593468],[-0.210915,51.4594728],[-0.2108654,51.4596371],[-0.2108322,51.4597843],[-0.2107956,51.4600511],[-0.2107834,51.4603781],[-0.2107786,51.4604119],[-0.2107454,51.460631],[-0.2107186,51.4607491],[-0.2107091,51.4607907],[-0.2106289,51.4610351],[-0.2105163,51.4613013],[-0.2103574,51.4616612],[-0.2102843,51.4618341],[-0.2102454,51.4619386],[-0.2102076,51.4620581],[-0.2101693,51.4622955],[-0.2101628,51.4624594],[-0.2101649,51.4625669],[-0.2101774,51.4627246],[-0.2101955,51.4628821],[-0.2102143,51.4629554],[-0.2102461,51.4630793],[-0.2102689,51.4631429],[-0.2103138,51.4632945],[-0.2103636,51.4634882],[-0.2104027,51.4636819],[-0.2104148,51.463891],[-0.2104117,51.4640662],[-0.2104092,51.4641356],[-0.2103914,51.4642999],[-0.210365,51.464425],[-0.2103484,51.4644874],[-0.2103126,51.4645969],[-0.2101953,51.4648705],[-0.2100354,51.4651787],[-0.2090953,51.4669876],[-0.2090388,51.4671165],[-0.2090168,51.4672129],[-0.2089985,51.467293],[-0.2089249,51.4676803],[-0.2089031,51.46778],[-0.2088114,51.4683469],[-0.2087446,51.4687292],[-0.2086887,51.4690357],[-0.2086612,51.4691484],[-0.2085812,51.4693542],[-0.2084536,51.4695746],[-0.2083798,51.4696705],[-0.208233,51.4698193],[-0.2079747,51.4700289],[-0.2075062,51.4702988],[-0.2070757,51.4705176],[-0.206918,51.4706017],[-0.2067414,51.4706985],[-0.2065657,51.470823],[-0.2064066,51.4709475],[-0.206212,51.4711537],[-0.2060694,51.4713539],[-0.2059825,51.471528],[-0.2059043,51.4717826],[-0.2058473,51.4720166],[-0.2057513,51.472402],[-0.2056634,51.4726044],[-0.2055603,51.4727806],[-0.2054988,51.4728781],[-0.2053875,51.4730126],[-0.2052484,51.4731532],[-0.2050725,51.473302],[-0.2049825,51.4733726],[-0.2048639,51.4734513],[-0.2046794,51.4735673],[-0.2045037,51.4736617],[-0.2043318,51.4737484],[-0.2025874,51.4745927],[-0.2023141,51.4747216],[-0.2019726,51.4748914],[-0.2016901,51.4750319],[-0.2014253,51.4751636],[-0.2011781,51.4752882],[-0.2010563,51.4753496],[-0.201049,51.4753533],[-0.2009704,51.4753929],[-0.2009254,51.4754155],[-0.200826,51.4754656],[-0.2006715,51.4755437],[-0.2001544,51.4758013],[-0.1980984,51.476816],[-0.1979095,51.4769202],[-0.1977298,51.4770246],[-0.1975516,51.4771376],[-0.197365,51.4772643],[-0.1971893,51.4774013],[-0.1970659,51.4775099],[-0.1969066,51.4776557],[-0.1967588,51.4778081],[-0.1966448,51.4779384],[-0.1965381,51.4780733],[-0.1964262,51.4782416],[-0.196327,51.4784011],[-0.1962415,51.4785844],[-0.1959986,51.479149],[-0.1958828,51.4793924],[-0.1956341,51.4797544],[-0.1952871,51.4802019],[-0.194799,51.4806333],[-0.1944031,51.4809244],[-0.1940019,51.4812009],[-0.1936885,51.4814083],[-0.1935667,51.4814975],[-0.1929906,51.4818885],[-0.1921091,51.4824793],[-0.1919311,51.4826531],[-0.1916759,51.4830279],[-0.191606,51.4833162],[-0.1916036,51.4835644],[-0.1917008,51.4838826],[-0.1917934,51.484078],[-0.1920318,51.4843512],[-0.1933989,51.4857153],[-0.1935925,51.4858944],[-0.1938394,51.4860916],[-0.1939945,51.4862157],[-0.1941445,51.4863374],[-0.1942456,51.4864161],[-0.1943602,51.486504],[-0.1945516,51.486646],[-0.1946896,51.486738],[-0.1947947,51.4868015],[-0.1949327,51.4868851],[-0.1951699,51.4870207],[-0.1953946,51.4871497],[-0.195556,51.4872483],[-0.1956309,51.4872941],[-0.1957497,51.4873711],[-0.1959141,51.4874947],[-0.1963775,51.487904],[-0.1967175,51.4882692],[-0.1969005,51.4884875],[-0.197047,51.4887779],[-0.1970727,51.4889678],[-0.1970542,51.4892213],[-0.1969741,51.4894694],[-0.1968136,51.4897039],[-0.1965672,51.4899247],[-0.1963175,51.4900854],[-0.1961074,51.4901958],[-0.1957942,51.490411],[-0.1955532,51.4905574],[-0.195366,51.4906764],[-0.1951236,51.4908422],[-0.1946445,51.4911589],[-0.1943853,51.4913264],[-0.1940345,51.4915588],[-0.1933507,51.4920333],[-0.1930047,51.4922838],[-0.1925293,51.4926302],[-0.1921106,51.4929178],[-0.1915587,51.4932891],[-0.191117,51.4935963],[-0.1903513,51.494064]],[[-0.194877,51.4908609],[-0.1954519,51.490547],[-0.1957105,51.490369],[-0.1959672,51.4901271],[-0.1960572,51.4900154],[-0.1962179,51.4897497],[-0.1963636,51.4895088],[-0.1964554,51.4892425],[-0.1964981,51.4890063],[-0.1965038,51.4887291],[-0.196466,51.4884746],[-0.1963516,51.4882248],[-0.1962633,51.4880601],[-0.196147,51.4878796],[-0.1960134,51.4876932],[-0.1958561,51.4875118],[-0.1957227,51.4874022],[-0.1955924,51.4873148],[-0.195473,51.487241],[-0.1953594,51.4871744],[-0.1947371,51.4868106],[-0.1945304,51.4866796],[-0.1944306,51.4866101],[-0.1942694,51.4864817],[-0.1941715,51.4864073],[-0.1938589,51.4861625],[-0.1936667,51.4860135],[-0.1933457,51.4857363],[-0.1919815,51.4843595],[-0.1917549,51.4840869],[-0.1916534,51.4839265],[-0.1915395,51.4835674],[-0.19152,51.4833027],[-0.1916167,51.4829765],[-0.1918746,51.4826329],[-0.1920835,51.4824587],[-0.193528,51.4814753],[-0.1936512,51.4813855],[-0.1939646,51.4811779],[-0.1943654,51.4809014],[-0.1947628,51.4806125],[-0.1952482,51.4801821],[-0.1955927,51.4797457],[-0.195845,51.479385],[-0.1959463,51.4791747],[-0.1961918,51.4785926],[-0.1963019,51.4783697],[-0.1963971,51.478212],[-0.1965026,51.4780573],[-0.1966103,51.4779225],[-0.1967206,51.4777897],[-0.1968678,51.4776334],[-0.1970163,51.4774924],[-0.197145,51.4773821],[-0.1973261,51.4772426],[-0.1975087,51.4771099],[-0.1976922,51.4769987],[-0.1978746,51.4768927],[-0.1980623,51.4767929],[-0.2001161,51.4757709],[-0.2006717,51.4755073],[-0.2008261,51.4754332],[-0.2008908,51.4754007],[-0.2009003,51.4753959],[-0.2009786,51.475356],[-0.2010087,51.4753407],[-0.2012131,51.4752376],[-0.2012992,51.4751942],[-0.2016648,51.4750116],[-0.2021093,51.4747916],[-0.2021928,51.4747476],[-0.2023576,51.4746674],[-0.2042945,51.4737218],[-0.2044755,51.4736299],[-0.2046405,51.4735405],[-0.204822,51.4734261],[-0.2049248,51.4733559],[-0.205031,51.4732801],[-0.2052034,51.4731301],[-0.2053285,51.4730045],[-0.2054482,51.4728696],[-0.2055765,51.4726767],[-0.2056456,51.4725444],[-0.2056981,51.4724121],[-0.2057536,51.4722142],[-0.2057972,51.4720133],[-0.2058486,51.4717939],[-0.2059166,51.471542],[-0.205989,51.4713835],[-0.2061371,51.4711641],[-0.206342,51.4709373],[-0.2065283,51.470794],[-0.206724,51.4706567],[-0.2068799,51.4705757],[-0.2070411,51.4704922],[-0.2074767,51.4702683],[-0.2079259,51.4700095],[-0.2081561,51.4698318],[-0.2082979,51.4696984],[-0.2084237,51.4695299],[-0.2085315,51.4693467],[-0.2086158,51.4691608],[-0.2086476,51.4690209],[-0.2086823,51.4688178],[-0.208763,51.4683435],[-0.2088539,51.4677772],[-0.2088731,51.4676753],[-0.208969,51.4672077],[-0.2089926,51.4671085],[-0.2090367,51.467],[-0.2101431,51.4648542],[-0.210267,51.4645691],[-0.2103189,51.4643861],[-0.2103416,51.4642852],[-0.2103643,51.46412],[-0.2103706,51.4640388],[-0.2103697,51.4638592],[-0.2103506,51.4636746],[-0.210249,51.4632179],[-0.2102222,51.4631359],[-0.2101863,51.4630171],[-0.2101718,51.4629473],[-0.2101364,51.4627778],[-0.2101177,51.4625534],[-0.2101263,51.4622639],[-0.2101681,51.4620508],[-0.2101959,51.4619291],[-0.2102799,51.4617161],[-0.210464,51.4613078],[-0.2105933,51.4610093],[-0.2106646,51.4607892],[-0.2106763,51.4607426],[-0.2107014,51.4606296],[-0.2107328,51.4604103],[-0.2107358,51.4603854],[-0.21075,51.4600475],[-0.2107622,51.4599277],[-0.2107878,51.4597483],[-0.2108353,51.4595676],[-0.2108718,51.4594547],[-0.2109166,51.4593384],[-0.2109913,51.4591384],[-0.2110862,51.4589513],[-0.2112416,51.4587025],[-0.2114363,51.4584442],[-0.211615,51.4582294],[-0.212003,51.4577634],[-0.2122133,51.4574989]],[[-0.2043466,51.4940121],[-0.2044592,51.4940942],[-0.2046722,51.4942308],[-0.2048636,51.4943396],[-0.2053319,51.494588],[-0.2061269,51.4949789],[-0.2067078,51.4952649],[-0.2071422,51.4955173],[-0.2074953,51.4957504],[-0.2077417,51.4959378],[-0.2079601,51.49612],[-0.208222,51.4963316],[-0.2084572,51.4964798],[-0.2085161,51.496514],[-0.2087353,51.4966397],[-0.2090939,51.4968678],[-0.2092553,51.4969796],[-0.2093877,51.4970826],[-0.2096064,51.4972577],[-0.2097577,51.4973802],[-0.2098362,51.497443],[-0.20999,51.4975682]],[[-0.2039961,51.4230729],[-0.2046095,51.4227493],[-0.2046595,51.4227266],[-0.204985,51.4225786],[-0.2061591,51.4217992],[-0.2062671,51.4217254]],[[-0.2061604,51.4216595],[-0.2060476,51.4217371],[-0.2045912,51.4226816],[-0.2043307,51.4228506],[-0.2039961,51.4230729],[-0.2035677,51.4232987],[-0.2030466,51.423611],[-0.2026769,51.4238632],[-0.2023562,51.4240908],[-0.2019826,51.424393]],[[-0.2061326,51.4216423],[-0.2060243,51.4217166],[-0.2051503,51.4222805],[-0.2048181,51.4224938],[-0.2044165,51.4227498],[-0.2042106,51.4228811],[-0.2038572,51.423106],[-0.203502,51.4232943]],[[-0.203502,51.4232943],[-0.2039793,51.4229613],[-0.2042998,51.4227186],[-0.2043238,51.4227029],[-0.2047378,51.4224324],[-0.2059309,51.4216545],[-0.2060311,51.4215872]],[[-0.2009353,51.4904243],[-0.2012291,51.4906924],[-0.2013539,51.4908065],[-0.201598,51.4910491],[-0.2019272,51.4914308],[-0.2020753,51.4916221],[-0.2022383,51.4918213],[-0.2027087,51.492417],[-0.2028541,51.4926033],[-0.2030213,51.4927896],[-0.2033123,51.4930823],[-0.2034573,51.4932183],[-0.2038079,51.4935287],[-0.204081,51.4937732],[-0.2043466,51.4940121]],[[-0.2043466,51.4940121],[-0.2040372,51.4938007],[-0.2037424,51.4935712],[-0.2034855,51.4933428],[-0.2033627,51.4932236],[-0.2032221,51.4930837],[-0.2029794,51.4928045],[-0.2028257,51.4926341],[-0.2026411,51.4924056],[-0.2021923,51.4918375],[-0.2020286,51.4916393],[-0.2018699,51.4914394],[-0.201521,51.4910269],[-0.2012754,51.4907937],[-0.2010637,51.4906448],[-0.2006351,51.4903875],[-0.2004235,51.4902679],[-0.2001187,51.4901565],[-0.1998302,51.490069],[-0.1994913,51.4899884],[-0.1988758,51.4898979],[-0.1983976,51.4898744],[-0.198057,51.4898775],[-0.1977136,51.4899034],[-0.1972112,51.489989],[-0.196968,51.4900273],[-0.1968197,51.4900506],[-0.1966239,51.4900945],[-0.1963408,51.49018]],[[-0.2043307,51.4228506],[-0.2038572,51.423106]],[[-0.2029605,51.4236202],[-0.2035677,51.4232987]],[[-0.203502,51.4232943],[-0.2029605,51.4236202],[-0.202602,51.4238636],[-0.2023326,51.4240641],[-0.2021743,51.4241894],[-0.2020085,51.4243193],[-0.2018493,51.4244529]],[[-0.1954553,51.4905762],[-0.1957382,51.4903822],[-0.1961068,51.4900678],[-0.1961942,51.49001],[-0.1964398,51.4898587],[-0.1966174,51.4897619],[-0.1969061,51.4896491],[-0.1972554,51.4895714],[-0.1977117,51.4894949],[-0.1981148,51.4894608],[-0.1984353,51.4894645],[-0.1989208,51.4895029],[-0.1997458,51.4896816],[-0.2000676,51.4898219],[-0.2005611,51.4901449],[-0.2008335,51.4903376],[-0.2009353,51.4904243]],[[-0.1963408,51.49018],[-0.1960477,51.4903094],[-0.1958319,51.4904318],[-0.1956328,51.4905463],[-0.1954097,51.4906959],[-0.1951944,51.4908685],[-0.1950082,51.4910437],[-0.1948545,51.4911669],[-0.1945581,51.4913681],[-0.1945186,51.4913956],[-0.1941918,51.4916262],[-0.1937009,51.4919556],[-0.1935372,51.4920567],[-0.1934671,51.4920949],[-0.1931216,51.4922782],[-0.1927731,51.4925078],[-0.1925661,51.492651],[-0.1911562,51.4936163],[-0.1904453,51.4941287],[-0.1900354,51.4943637]],[[-0.1961068,51.4900678],[-0.1962173,51.489904],[-0.1963063,51.4897569],[-0.1964352,51.4895266],[-0.1965276,51.4892485],[-0.1965792,51.4890115],[-0.1965901,51.4887274],[-0.1965514,51.4884724],[-0.1964424,51.488213],[-0.1963528,51.4880511],[-0.1962097,51.4878593],[-0.1960458,51.4876807],[-0.1958561,51.4875118]],[[-0.194877,51.4908609],[-0.1954553,51.4905762]],[[-0.1919497,51.4929769],[-0.1924893,51.4926115],[-0.1933156,51.4920145],[-0.1940134,51.4915462],[-0.1943609,51.4913097],[-0.1945927,51.4911517],[-0.1948305,51.4909794],[-0.1950727,51.4908279],[-0.1954553,51.4905762]],[[-0.192348,51.4926687],[-0.192458,51.4925943],[-0.1928715,51.492287],[-0.1932035,51.4919553],[-0.1939266,51.4914892],[-0.194149,51.4913397],[-0.194268,51.4912546],[-0.1945797,51.4910334],[-0.194877,51.4908609]],[[-0.1930047,51.4922838],[-0.1927731,51.4925078]],[[-0.1902954,51.498762],[-0.1907633,51.4990175],[-0.1910562,51.499215],[-0.1916651,51.4996909],[-0.192103,51.5000989],[-0.1923547,51.5003562],[-0.1924895,51.5004974]],[[-0.1924349,51.5005147],[-0.1920382,51.5001265],[-0.1917707,51.4998727],[-0.1916882,51.4997945],[-0.1912599,51.4994138],[-0.1910204,51.499248],[-0.1905552,51.4989445],[-0.1902609,51.4987789]],[[-0.1902609,51.4987789],[-0.1898205,51.4985298],[-0.1896135,51.4983975],[-0.1892542,51.4980981],[-0.1886986,51.4975463],[-0.1883001,51.4971308],[-0.1882071,51.4969554],[-0.1881686,51.4968668],[-0.1881388,51.4967783],[-0.1881279,51.4966748],[-0.1881204,51.4963413],[-0.1881982,51.4960891],[-0.1882453,51.4959698],[-0.1883482,51.495787],[-0.1885469,51.4955488],[-0.1888186,51.4951142],[-0.1889819,51.4948396],[-0.1892797,51.4944962],[-0.1897559,51.4942365],[-0.1901948,51.4940049],[-0.1910507,51.4935348],[-0.1917237,51.4930769],[-0.192348,51.4926687]],[[-0.1919497,51.4929769],[-0.192348,51.4926687]],[[0.2525389,51.5589885],[0.2517952,51.559009],[0.2507301,51.5590402],[0.2502233,51.5590536],[0.2495447,51.5590692],[0.2493336,51.5590741],[0.2482579,51.559088],[0.2476982,51.5590889],[0.2467375,51.5591077],[0.2461863,51.5591185],[0.2431921,51.5592118],[0.2426591,51.5592279],[0.2421277,51.5592288],[0.2414787,51.559218],[0.2408583,51.5591927],[0.2401194,51.559141],[0.2396544,51.5591083],[0.2393994,51.5590976],[0.238625,51.5590239],[0.2382282,51.5589761],[0.2378428,51.5589219],[0.2373653,51.5588424],[0.236948,51.5587685],[0.2366729,51.5587132],[0.2361437,51.5585957],[0.2358277,51.5585152],[0.2355146,51.5584321],[0.2350584,51.5583055],[0.2346045,51.5581726],[0.2341569,51.5580351],[0.2339231,51.5579592],[0.2337172,51.5578897],[0.2326858,51.5575333],[0.23161,51.557157],[0.2311295,51.5569901],[0.2306436,51.5568289],[0.2297938,51.5565592],[0.2291576,51.5563584],[0.2282691,51.5560866],[0.227347,51.5558317],[0.2264095,51.5555969],[0.2254664,51.5553796],[0.2245097,51.5551747],[0.2217201,51.554571],[0.2210954,51.5544423],[0.2202979,51.5542955],[0.2196636,51.5541781],[0.2188202,51.5540105],[0.2172117,51.5536674],[0.215827,51.5533689],[0.2152131,51.5532365],[0.2100745,51.5520998],[0.2059057,51.5511791],[0.205026,51.5509774],[0.2024663,51.5504164],[0.2017574,51.5502736],[0.2011185,51.5501529],[0.1998345,51.5499281],[0.1982851,51.549662],[0.1963645,51.549334],[0.1948812,51.5490793],[0.1930273,51.5487582],[0.1873568,51.5478043],[0.1870674,51.5477502],[0.1849666,51.5473829],[0.1830816,51.5470508],[0.1816437,51.546804],[0.1802933,51.5465699],[0.1798128,51.5464881],[0.1788181,51.5463173],[0.177606,51.5461126],[0.1768593,51.5459844],[0.175865,51.545813],[0.175018,51.5456686],[0.1742828,51.5455428],[0.1736336,51.545429],[0.1728312,51.5452946],[0.1721489,51.5451756],[0.1711902,51.5450097],[0.1702053,51.5448436],[0.1695118,51.5447219],[0.1687505,51.544596],[0.1679811,51.544488],[0.1671713,51.5443556],[0.1667066,51.544287],[0.1660218,51.5441798],[0.1657586,51.5441383],[0.1656448,51.5441204],[0.1648939,51.5439939],[0.1642679,51.5438872],[0.1639428,51.5438314],[0.1626669,51.5436148],[0.1614179,51.5434008],[0.161011,51.543323],[0.1600245,51.5431525],[0.1595252,51.5430617],[0.1586848,51.5429114],[0.1576323,51.5427271],[0.1566723,51.5425611],[0.1557313,51.5423959],[0.1552447,51.5423152],[0.1545421,51.5422188],[0.1536489,51.5421062],[0.1529447,51.5420289],[0.1520748,51.5419435],[0.1511884,51.5418666],[0.1502299,51.5417946],[0.1494651,51.5417445],[0.14863,51.5416897],[0.1482546,51.5416664],[0.1475906,51.5416202],[0.1453139,51.5414674],[0.1448113,51.5414387],[0.1436367,51.5413579],[0.1416509,51.5412285],[0.1400288,51.5411184],[0.1387106,51.5410317],[0.1372333,51.5409349],[0.1360118,51.5408556],[0.1346893,51.5407711],[0.1334016,51.5406866],[0.1323736,51.5406174],[0.1316172,51.5405678],[0.1307971,51.5405245],[0.1298232,51.5404807],[0.1287772,51.5404294],[0.1277749,51.5403716],[0.127289,51.5403457],[0.1271688,51.5403375],[0.1258201,51.5402476],[0.1254141,51.540217],[0.1251811,51.5401974],[0.124025,51.5400881],[0.123616,51.5400485],[0.1226556,51.5399758],[0.1203899,51.5398259],[0.1183329,51.5396848],[0.1153664,51.5394521],[0.1121456,51.5391994],[0.1057551,51.5386904],[0.1040101,51.5385532],[0.1020107,51.5383936],[0.1006427,51.5382845],[0.0989215,51.5381494],[0.0986708,51.5381294],[0.0970941,51.5380037],[0.0965929,51.5379652],[0.0942931,51.5377816],[0.0911274,51.5375303],[0.0906283,51.5374957],[0.0901264,51.5374711],[0.0898545,51.5374633],[0.0895837,51.5374604],[0.0892396,51.5374627],[0.0888942,51.5374709],[0.0885498,51.5374868],[0.0882067,51.5375079],[0.0878125,51.5375404],[0.0874183,51.5375795],[0.0869273,51.537644],[0.086438,51.5377184],[0.0850749,51.5379266],[0.0842727,51.5380696],[0.0838892,51.5381459],[0.0836992,51.5381877],[0.0835041,51.5382409],[0.083358,51.5382834],[0.0832087,51.5383327],[0.0830581,51.5383849],[0.0828923,51.538448],[0.0827295,51.538513],[0.0825649,51.5385832],[0.0821864,51.5387521],[0.0815537,51.5390477],[0.0808302,51.5394156],[0.0806573,51.5395037],[0.079327,51.5401805],[0.0781623,51.5407748],[0.0776101,51.5410708],[0.0770618,51.5413712],[0.076804,51.5415033],[0.0765601,51.5416223],[0.0762384,51.5417705],[0.0753081,51.5421912],[0.0747705,51.5424339],[0.0744958,51.542552],[0.074215,51.5426647],[0.0738915,51.542785],[0.0736002,51.5428837],[0.0733255,51.5429699],[0.0730879,51.543037],[0.0728421,51.5431026],[0.0724857,51.5431883],[0.0721239,51.5432708],[0.071719,51.5433568],[0.0714482,51.5434038],[0.0710296,51.5434784],[0.0706548,51.5435533],[0.0701611,51.5436595],[0.0696929,51.5437632],[0.0689999,51.5439183],[0.0681727,51.5440942],[0.0676002,51.5442348],[0.0668866,51.5444209],[0.0666547,51.5444702],[0.0663226,51.5445354],[0.065962,51.5445968],[0.065606,51.5446265],[0.0653157,51.544647],[0.0650674,51.54466],[0.0647831,51.5446619],[0.064436,51.544647],[0.0640471,51.5446144],[0.0637045,51.5445689],[0.0632527,51.5444944],[0.0628727,51.5444126],[0.0624553,51.5443],[0.0621456,51.5441958],[0.0617566,51.5440497],[0.0614888,51.5439232],[0.0611672,51.5437631],[0.0608904,51.543591],[0.0606511,51.5434207],[0.0604581,51.5432672],[0.0602726,51.5431072],[0.0601275,51.5429773],[0.0599771,51.5428359],[0.0598902,51.5427308],[0.0596692,51.5425072],[0.0595214,51.5423619],[0.0593628,51.5422232],[0.0591786,51.5420767],[0.0589802,51.5419379],[0.0587823,51.5418129],[0.058564,51.5416869],[0.0583298,51.541563],[0.058039,51.5414226],[0.057692,51.5412619],[0.0572757,51.5410676],[0.0568608,51.5408805],[0.0564303,51.5406956],[0.0560562,51.5405442],[0.0556746,51.5403961],[0.0552954,51.5402572],[0.0547014,51.5400491],[0.0541813,51.5398776],[0.0540141,51.5398238],[0.0536031,51.5396915],[0.0532765,51.5395882],[0.0528608,51.5394584],[0.0524247,51.53933],[0.0520365,51.5392193],[0.0516878,51.5391246],[0.0511298,51.5389766],[0.0505613,51.5388383],[0.0501217,51.5387335],[0.049602,51.5386196],[0.0489596,51.5384779],[0.0482987,51.5383368],[0.0477083,51.538209],[0.0471608,51.5380836],[0.0465379,51.5379517],[0.0459746,51.5378228],[0.0452755,51.537662],[0.0444955,51.5374822],[0.0438699,51.5373365],[0.0432563,51.5371937],[0.0426279,51.5370445],[0.0419604,51.5369011],[0.0412204,51.5367316],[0.0406663,51.5366021],[0.0401857,51.5364905],[0.039653,51.5363679],[0.0390153,51.536221],[0.0384473,51.5360973],[0.0378607,51.5359498],[0.0372471,51.5358064],[0.0367396,51.5356833],[0.0360823,51.5355578],[0.0356519,51.5354653],[0.0349509,51.5353097],[0.0342388,51.5351455],[0.033616,51.5350038],[0.0330656,51.5348841],[0.032479,51.5347413],[0.0318348,51.5345875],[0.031026,51.5343862],[0.0302888,51.5342202],[0.0292681,51.5339884],[0.0283654,51.5337779],[0.0275101,51.5335801],[0.0267181,51.5333968],[0.0259139,51.5332216],[0.0252455,51.5330654],[0.0244293,51.5328786],[0.0238185,51.5327433],[0.0232905,51.5326224],[0.0227374,51.5324993],[0.0221991,51.5323697],[0.0216488,51.5322344],[0.0210836,51.5321078],[0.0204849,51.5319713],[0.0199364,51.5318423],[0.0187501,51.5315682],[0.0176385,51.5313363],[0.0171913,51.5312472],[0.016962,51.5311966],[0.0167393,51.5311475],[0.0163075,51.5310528],[0.0156749,51.5309028],[0.0149931,51.530735],[0.0139247,51.5304653],[0.0135783,51.5303837],[0.0127289,51.5301692],[0.0126891,51.5301603],[0.0122604,51.530064],[0.011526,51.5298933],[0.0112174,51.5298246],[0.0107534,51.5297228],[0.0100832,51.5295701],[0.0094594,51.5294209],[0.0088403,51.5292786],[0.0081821,51.5291323],[0.0075276,51.5289834],[0.0068816,51.5288337],[0.0060857,51.5286524],[0.0052798,51.5284689],[0.0049128,51.5283789],[0.0040711,51.5281895],[0.0032665,51.527996],[0.0022132,51.5277345],[0.0014621,51.5275581],[0.0006728,51.5273748],[-3.28e-05,51.5272071],[-0.0005748,51.5270862],[-0.0011028,51.5269676],[-0.0017061,51.5268271],[-0.0023383,51.5266744],[-0.002897,51.5265443],[-0.0035459,51.526395],[-0.0040758,51.5262695],[-0.0046271,51.5261388],[-0.0052257,51.5260156],[-0.0058616,51.5258658],[-0.0064443,51.5257365],[-0.0080664,51.5253639],[-0.0088125,51.5251925],[-0.0094255,51.5250572],[-0.0099959,51.52496],[-0.0105776,51.5248807],[-0.0112068,51.5248001],[-0.0115211,51.5247599],[-0.0123916,51.5246579],[-0.0127724,51.5246183],[-0.0132865,51.5245726],[-0.0134809,51.5245551],[-0.0141987,51.5244965],[-0.0144415,51.5244789],[-0.014697,51.5244722],[-0.0153676,51.5244849],[-0.0159839,51.5245021],[-0.0170782,51.5245392],[-0.0179785,51.524567],[-0.0184868,51.5245819],[-0.0192734,51.5245991],[-0.0195064,51.5246102],[-0.0197355,51.5246303],[-0.0200335,51.5246818],[-0.0202225,51.5247309],[-0.0204116,51.5247908],[-0.0206356,51.5248843],[-0.0210117,51.5250871],[-0.0211901,51.5251788],[-0.0226349,51.5259554],[-0.0236483,51.526487],[-0.0239657,51.5266368],[-0.0241363,51.5267029],[-0.0243187,51.5267626],[-0.0244618,51.5268025],[-0.0247023,51.5268567],[-0.0248073,51.5268754],[-0.0249071,51.5268917],[-0.0251482,51.5269194],[-0.0252975,51.5269307],[-0.0254192,51.5269379],[-0.0255447,51.5269332],[-0.0256809,51.5269241],[-0.0258087,51.5269054],[-0.0264888,51.5267607],[-0.0334206,51.5253233],[-0.0353244,51.5248539],[-0.0373896,51.5240708],[-0.0387262,51.5232884],[-0.0409493,51.5225621],[-0.0422882,51.5223058],[-0.0440392,51.5221456],[-0.0454382,51.521964],[-0.0467219,51.5216851],[-0.0502083,51.5210235],[-0.0514288,51.5207839],[-0.0541902,51.5202926],[-0.0546678,51.5202077],[-0.0566188,51.5198606],[-0.0578613,51.5196307],[-0.0581897,51.5196217],[-0.058463,51.5196499],[-0.0586674,51.5196764],[-0.0589072,51.5196923],[-0.0590935,51.5196967],[-0.0592221,51.5196976],[-0.0593666,51.5196898],[-0.0595785,51.5196714],[-0.0596786,51.5196639],[-0.0597982,51.5196486],[-0.0600268,51.5196066],[-0.0604684,51.5194958],[-0.0613584,51.5192905],[-0.0616936,51.5192046],[-0.0618008,51.5191771],[-0.0621801,51.5190818],[-0.0623341,51.5190336],[-0.0624676,51.5189824],[-0.0626019,51.5189123],[-0.0627473,51.5188359],[-0.062816,51.5187776],[-0.0630849,51.5185126],[-0.0632863,51.5184048],[-0.0649845,51.5178777],[-0.0652014,51.5177908],[-0.0655331,51.517658],[-0.0659685,51.5175167],[-0.0675266,51.517011],[-0.0697193,51.5159933],[-0.06989,51.5159345],[-0.0700896,51.5158628],[-0.0701644,51.5158358],[-0.0707505,51.5156352],[-0.070814,51.5156136],[-0.0716519,51.5153293],[-0.0719595,51.51522],[-0.0737435,51.5146415],[-0.0740417,51.5145566],[-0.0743099,51.5144623],[-0.0744715,51.5143926],[-0.0746336,51.5143098],[-0.0748009,51.5142043],[-0.0749286,51.5141097],[-0.0750246,51.5140251],[-0.0750945,51.5139486],[-0.0751333,51.5138941],[-0.0751699,51.5138385],[-0.0752183,51.5137298],[-0.075248,51.5136473],[-0.0752775,51.5135776],[-0.0753026,51.5134987],[-0.0753221,51.5133822],[-0.0753379,51.513283],[-0.075362,51.5132004],[-0.0754076,51.513076],[-0.0754881,51.5128865],[-0.0755284,51.5127649],[-0.0755444,51.5126712],[-0.0755511,51.512521],[-0.0755319,51.5123757],[-0.0753593,51.5117356],[-0.0753392,51.5116296],[-0.0753258,51.5115244],[-0.0753191,51.5114385],[-0.0753265,51.5113036],[-0.0753553,51.5111805],[-0.0754036,51.5110295],[-0.0754613,51.5108842],[-0.0754907,51.5108252],[-0.0755176,51.5107791],[-0.0755852,51.5106643],[-0.0757532,51.510326],[-0.0758561,51.5102276],[-0.0759749,51.5101343],[-0.0761267,51.5100018],[-0.0761979,51.509941],[-0.0763576,51.5098385],[-0.0766185,51.5097755],[-0.0777223,51.509719],[-0.077744,51.5097179],[-0.0779159,51.5096949],[-0.0781689,51.5096531],[-0.0782833,51.5095925],[-0.0784406,51.5095608],[-0.0785688,51.5095558],[-0.078711,51.5095618],[-0.0791986,51.5096153],[-0.0795337,51.5096229],[-0.0801817,51.5096504],[-0.0803298,51.5096641],[-0.080441,51.5096775],[-0.0805494,51.5096957],[-0.08065,51.5097107],[-0.0807519,51.5097299],[-0.0809316,51.5097691],[-0.0811167,51.5098184],[-0.0812615,51.5098693],[-0.0813876,51.5099185],[-0.0814935,51.5099646],[-0.0816344,51.5100312],[-0.0827071,51.5104214],[-0.0831966,51.5105269],[-0.0836335,51.5105809],[-0.0838358,51.5105956],[-0.0840707,51.5106011],[-0.0843174,51.5106056],[-0.0851225,51.5106153],[-0.0852199,51.5106151],[-0.0853028,51.5106162],[-0.0854169,51.5106196],[-0.0855149,51.5106259],[-0.0856087,51.5106347],[-0.0857326,51.5106481],[-0.0858295,51.5106591],[-0.0859117,51.5106698],[-0.0859623,51.5106766],[-0.0860301,51.5106884],[-0.0860638,51.5106943],[-0.0861551,51.5107112],[-0.086199,51.5107202],[-0.086284,51.5107409],[-0.0863344,51.5107535],[-0.0863797,51.5107654],[-0.0865018,51.5108025],[-0.0868222,51.5108814],[-0.0870546,51.5109189],[-0.0872264,51.5109516],[-0.0874768,51.5109996],[-0.0882932,51.5112274],[-0.0887058,51.5113061],[-0.0891656,51.5113893],[-0.0894123,51.5114342],[-0.0896586,51.5114631],[-0.0898581,51.5114759],[-0.0900458,51.5114736],[-0.0903013,51.5114806],[-0.0905591,51.5114692],[-0.0907421,51.5114714],[-0.0912097,51.5115312],[-0.0918053,51.5116329],[-0.0924472,51.5117394],[-0.0927201,51.5117712],[-0.092964,51.5117926],[-0.0937098,51.511831],[-0.0939613,51.5118631],[-0.0941162,51.511876],[-0.0942632,51.5118854],[-0.0944327,51.511876],[-0.0946544,51.511856],[-0.0951839,51.5118217],[-0.0952117,51.5118216],[-0.0952673,51.5118182],[-0.0953423,51.5118136],[-0.0957634,51.5117878],[-0.0959639,51.511799],[-0.096153,51.5118219],[-0.0964296,51.5118462],[-0.0972208,51.5118753],[-0.0975907,51.5118756],[-0.0983033,51.5119137],[-0.0989304,51.5119461],[-0.1001537,51.512016],[-0.1012282,51.5120864],[-0.1014551,51.5120912],[-0.1016985,51.5120802],[-0.1019079,51.5120637],[-0.1021009,51.5120414],[-0.1023516,51.5119914],[-0.1025482,51.5119347],[-0.1026535,51.5119033],[-0.1030891,51.5117671],[-0.103252,51.5117186],[-0.1040017,51.5115051],[-0.1043264,51.5114136],[-0.1045855,51.5113362],[-0.1047908,51.5112835],[-0.1050898,51.5112283],[-0.1053876,51.5111874],[-0.1055402,51.511178],[-0.1056906,51.5111742],[-0.1070013,51.5111754],[-0.1071059,51.5111764],[-0.108478,51.5111908],[-0.1097144,51.5111914],[-0.1109557,51.5112116],[-0.1114659,51.5112189],[-0.1118481,51.5112087],[-0.1124798,51.5111738],[-0.1126434,51.5111664],[-0.1129111,51.5111535],[-0.1132373,51.5111321],[-0.1134494,51.5111163],[-0.1136117,51.5110996],[-0.1137139,51.5110896],[-0.1138558,51.5110712],[-0.1140583,51.5110361],[-0.1142768,51.510994],[-0.1148108,51.5108846],[-0.1149528,51.5108484],[-0.1151776,51.5107859],[-0.1155384,51.5106766],[-0.1163109,51.5104478],[-0.1183145,51.5098293],[-0.1184239,51.5097917],[-0.1188912,51.5096496],[-0.1192336,51.5095312],[-0.1195322,51.5094247],[-0.1198357,51.5093059],[-0.1200928,51.5091913],[-0.1205782,51.5089386],[-0.1209638,51.5086798],[-0.1213007,51.5084184],[-0.1214734,51.508252],[-0.1216347,51.5080711],[-0.1218595,51.5078243],[-0.122038,51.5076094],[-0.1223154,51.5072768],[-0.1225207,51.5069909],[-0.1226655,51.5067675],[-0.1227486,51.5065889],[-0.1228509,51.5063867],[-0.1229069,51.5062007],[-0.1229515,51.5059837],[-0.1229806,51.5056773],[-0.1230074,51.5053853],[-0.1231523,51.5048804],[-0.1232507,51.5045506],[-0.1233815,51.5040916],[-0.123568,51.5033066],[-0.1237437,51.5025826],[-0.1238148,51.5023716],[-0.1238859,51.5022297],[-0.1239784,51.5020869],[-0.1240267,51.5020172],[-0.1240831,51.5019495],[-0.124142,51.5018657],[-0.1242144,51.5017863],[-0.1242903,51.5017063],[-0.124362,51.5016478],[-0.1244371,51.5015894],[-0.1245651,51.501496],[-0.1249869,51.5012287],[-0.1251817,51.5011187],[-0.1253316,51.5010451],[-0.125526,51.5009658],[-0.1258326,51.5008439],[-0.1267357,51.5005166],[-0.1276249,51.500193],[-0.1279707,51.5000639],[-0.1281947,51.4999829],[-0.1284429,51.4998986],[-0.1286763,51.4998395],[-0.128852,51.4998011],[-0.1290265,51.4997659],[-0.1293361,51.4997218],[-0.1295172,51.4997035],[-0.1296879,51.4996943],[-0.1300147,51.4996834],[-0.1303437,51.4996836],[-0.1315582,51.4997119],[-0.1321316,51.4997104],[-0.1324971,51.4996985],[-0.132701,51.4996901],[-0.1329021,51.4996698],[-0.1331462,51.4996434],[-0.1334125,51.499595],[-0.1335942,51.4995487],[-0.1340474,51.4994185],[-0.1341236,51.4993975],[-0.1342922,51.4993497],[-0.1344588,51.4993001],[-0.1347525,51.4992077],[-0.1349081,51.4991546],[-0.1350491,51.4991032],[-0.1350837,51.4990906],[-0.1353089,51.4990098],[-0.1354815,51.4989472],[-0.1357546,51.4988177],[-0.1361848,51.4986512],[-0.1363886,51.4985427],[-0.1366333,51.4984093],[-0.1372808,51.4980302],[-0.1376918,51.4978494],[-0.1378295,51.4977925],[-0.1379743,51.4977385],[-0.1381218,51.4976858],[-0.1382633,51.4976377],[-0.138451,51.4975786],[-0.1385532,51.4975495],[-0.1387177,51.4975064],[-0.1388544,51.4974684],[-0.1389753,51.4974391],[-0.1391363,51.4974027],[-0.1393228,51.4973598],[-0.1397054,51.4972841],[-0.1400283,51.4972358],[-0.1402511,51.4971932],[-0.1404552,51.4971462],[-0.1406322,51.4970961],[-0.1407892,51.4970452],[-0.1411763,51.4969062],[-0.1416596,51.4967286],[-0.141976,51.4966269],[-0.1423015,51.4965371],[-0.1426611,51.4964412],[-0.1429979,51.4963722],[-0.143111,51.4963594],[-0.1432299,51.4963476],[-0.1433104,51.4963403],[-0.1434494,51.4963299],[-0.1436142,51.4963261],[-0.1437612,51.4963251],[-0.1438961,51.4963255],[-0.144097,51.4963251],[-0.144281,51.4963164],[-0.1444585,51.4962975],[-0.1445971,51.4962827],[-0.1447102,51.4962678],[-0.1448793,51.4962377],[-0.1450999,51.4961912],[-0.1453063,51.4961318],[-0.1455095,51.4960657],[-0.1456734,51.4960053],[-0.1458607,51.4959308],[-0.1460061,51.495866],[-0.1461797,51.4957833],[-0.146383,51.4956607],[-0.146577,51.495506],[-0.1467233,51.4953653],[-0.147234,51.4947434],[-0.1479721,51.4938524],[-0.1481183,51.4937104],[-0.1482953,51.4935509],[-0.1484496,51.4934404],[-0.1486498,51.4932996],[-0.1489324,51.4931214],[-0.1491012,51.4930243],[-0.1492965,51.4929197],[-0.149625,51.4927223],[-0.1500757,51.492476],[-0.1503145,51.4923821],[-0.1507083,51.492246],[-0.1510089,51.4921597],[-0.1512475,51.4921],[-0.1515079,51.4920477],[-0.1517395,51.4920129],[-0.151997,51.4919839],[-0.1522735,51.4919594],[-0.1526119,51.491947],[-0.1532244,51.4919338],[-0.153816,51.4919198],[-0.1540369,51.4919225],[-0.1542459,51.4919305],[-0.154447,51.491951],[-0.1550494,51.4920565],[-0.1555588,51.4921443],[-0.1560548,51.4922456],[-0.1561427,51.4922673],[-0.1571583,51.4925512],[-0.1578037,51.4927477],[-0.1586084,51.492984],[-0.1594625,51.4932226],[-0.1597242,51.4932846],[-0.1601292,51.4933681],[-0.1608367,51.4935043],[-0.161334,51.4935778],[-0.1619554,51.4936459],[-0.162575,51.4936975],[-0.1632655,51.4937367],[-0.1638131,51.49377],[-0.1638851,51.4937728],[-0.1661436,51.493854],[-0.166986,51.4938961],[-0.1674924,51.493921],[-0.1677054,51.4939347],[-0.169262,51.4939888],[-0.1704215,51.4940341],[-0.1707153,51.4940449],[-0.1709273,51.4940429],[-0.1712372,51.4940275],[-0.1718697,51.4939867],[-0.1721009,51.4939836],[-0.1730526,51.4940331],[-0.1737326,51.4940649],[-0.1739886,51.4940731],[-0.1743466,51.4940947],[-0.1746085,51.4940868],[-0.1748801,51.4940841],[-0.1753456,51.4940589],[-0.1761283,51.4939912],[-0.1775354,51.4938696],[-0.1776067,51.4938642],[-0.1777113,51.4938544],[-0.177795,51.4938471],[-0.1788538,51.4937556],[-0.17919,51.4937347],[-0.1796923,51.493714],[-0.1801884,51.4937573],[-0.1810764,51.4939366],[-0.1827051,51.4943388],[-0.1843266,51.4946876],[-0.1852745,51.494868],[-0.1856131,51.4949223],[-0.1858688,51.4949656],[-0.185952,51.4949756],[-0.1862279,51.4950102],[-0.1868742,51.4950465],[-0.1871358,51.4950401],[-0.1873692,51.4950287],[-0.1876751,51.4950015],[-0.1879464,51.494959],[-0.1882709,51.4948982],[-0.1885115,51.4948408],[-0.1893097,51.4945038],[-0.1895184,51.4943953],[-0.191087,51.4935686],[-0.1919497,51.4929769]],[[-0.1912599,51.4994138],[-0.1916651,51.4996909]],[[-0.1907633,51.4990175],[-0.1910204,51.499248]],[[-0.1903513,51.494064],[-0.1892952,51.4945736],[-0.1884815,51.4948962],[-0.1880283,51.4950113],[-0.1879061,51.4950361],[-0.1877279,51.495064],[-0.1875627,51.4950913],[-0.1873745,51.4951088],[-0.1871695,51.495121],[-0.1869613,51.4951308],[-0.1867424,51.4951294],[-0.1864131,51.4951065],[-0.1860207,51.4950754],[-0.1859027,51.4950639],[-0.1853739,51.4949883],[-0.1851894,51.4949622],[-0.1847043,51.494868],[-0.1840968,51.4947546],[-0.1830479,51.4945368],[-0.1825919,51.4944434],[-0.1819938,51.4943048],[-0.1816264,51.4941741],[-0.1810462,51.4940093],[-0.1806947,51.4939193],[-0.1801751,51.4937979],[-0.1796913,51.4937514],[-0.1791953,51.4937683],[-0.1788595,51.4937907],[-0.1753619,51.4941053],[-0.1748883,51.4941326],[-0.1746164,51.4941459],[-0.1743494,51.4941588],[-0.1737493,51.4941979],[-0.1720171,51.4941231],[-0.1716032,51.4941042],[-0.17089,51.4940921],[-0.1698603,51.494054],[-0.169257,51.4940298],[-0.168414,51.4939878],[-0.1676741,51.4939611],[-0.1674573,51.4939516],[-0.1672582,51.4939407],[-0.1638576,51.493803],[-0.1632849,51.4937711],[-0.1625716,51.4937272],[-0.1619492,51.493673],[-0.1615964,51.4936369],[-0.1613278,51.4936005],[-0.1608265,51.493531],[-0.160144,51.493409],[-0.1597363,51.4933272],[-0.1594477,51.4932483],[-0.1585937,51.493004],[-0.1577845,51.4927681],[-0.1571404,51.4925761],[-0.1561275,51.4922957],[-0.1560365,51.4922737],[-0.1557832,51.4922225],[-0.1555475,51.4921741],[-0.1552891,51.492128],[-0.1550376,51.4920853],[-0.1547403,51.4920339],[-0.1544484,51.4919939],[-0.1542394,51.4919739],[-0.1540279,51.4919643],[-0.1538151,51.4919605],[-0.1532256,51.4919617],[-0.1526137,51.4919748],[-0.152275,51.4919872],[-0.1520042,51.4920105],[-0.1517478,51.4920398],[-0.1515216,51.4920732],[-0.1512627,51.4921253],[-0.1510287,51.4921841],[-0.1507292,51.4922699],[-0.1503361,51.4924062],[-0.1500993,51.4924963],[-0.1496473,51.4927464],[-0.1493214,51.492941],[-0.1491287,51.4930453],[-0.1489651,51.4931401],[-0.1486851,51.4933158],[-0.1484878,51.4934537],[-0.1482549,51.4936351],[-0.1481397,51.4937371],[-0.148007,51.4938774],[-0.1477012,51.4942415],[-0.1472706,51.494756],[-0.1467615,51.4953795],[-0.146615,51.4955245],[-0.1464178,51.4956783],[-0.14621,51.4958045],[-0.1460351,51.495887],[-0.1458858,51.4959527],[-0.1456962,51.496029],[-0.1455279,51.4960906],[-0.1453237,51.4961572],[-0.1451159,51.4962164],[-0.1448919,51.4962682],[-0.1447174,51.4962982],[-0.1446004,51.496316],[-0.1444662,51.4963298],[-0.1442852,51.4963462],[-0.1440984,51.4963553],[-0.1436195,51.4963566],[-0.143453,51.4963599],[-0.1433167,51.4963685],[-0.1432359,51.4963742],[-0.1431188,51.4963848],[-0.142996,51.4963991],[-0.1427907,51.4964384],[-0.1426694,51.4964616],[-0.1423196,51.4965583],[-0.1419908,51.4966478],[-0.1416769,51.4967495],[-0.1412025,51.4969246],[-0.1408066,51.4970694],[-0.140647,51.4971237],[-0.1404794,51.4971713],[-0.1402579,51.497224],[-0.1400222,51.4972695],[-0.1397072,51.4973178],[-0.1393405,51.4973881],[-0.1392106,51.4974177],[-0.1390366,51.4974568],[-0.1388815,51.4974935],[-0.1387281,51.4975365],[-0.1385738,51.4975781],[-0.1384679,51.4976079],[-0.1383128,51.497656],[-0.1381486,51.4977109],[-0.1379929,51.4977669],[-0.137862,51.4978159],[-0.1377534,51.4978607],[-0.137312,51.4980494],[-0.1366778,51.4984331],[-0.1364346,51.4985697],[-0.1362245,51.4986736],[-0.1357922,51.4988519],[-0.1355204,51.4989705],[-0.1353477,51.4990453],[-0.1351193,51.4991252],[-0.1349931,51.4991704],[-0.1348445,51.4992225],[-0.1347086,51.4992683],[-0.134603,51.4993007],[-0.1344343,51.4993551],[-0.1342822,51.4993993],[-0.1341728,51.4994295],[-0.1337948,51.4995337],[-0.1335941,51.4995883],[-0.1334259,51.4996313],[-0.1331569,51.4996818],[-0.1329113,51.4997079],[-0.132709,51.4997268],[-0.1325038,51.4997369],[-0.1321416,51.4997497],[-0.1315542,51.499751],[-0.130481,51.499731],[-0.1302828,51.499727],[-0.1299731,51.4997277],[-0.1296895,51.4997379],[-0.1295105,51.4997527],[-0.1293442,51.4997694],[-0.129045,51.4998143],[-0.1288734,51.4998446],[-0.128691,51.499883],[-0.1284724,51.4999435],[-0.1282291,51.500021],[-0.1280048,51.5000945],[-0.1276609,51.5002238],[-0.1267692,51.5005383],[-0.1258665,51.5008769],[-0.1255636,51.5009908],[-0.125353,51.5010768],[-0.1252458,51.5011277],[-0.1251158,51.5011965],[-0.1249735,51.5012797],[-0.1248246,51.5013681],[-0.1247214,51.5014324],[-0.1246467,51.5014792],[-0.1245081,51.5015777],[-0.1243781,51.5016824],[-0.1243271,51.5017321],[-0.1242628,51.5017989],[-0.1241849,51.5018799],[-0.1241269,51.5019566],[-0.1240703,51.5020268],[-0.1240227,51.5020978],[-0.1239342,51.5022355],[-0.1238658,51.5023766],[-0.1237942,51.5026055],[-0.1236123,51.5033116],[-0.123432,51.5041007],[-0.1232985,51.5045554],[-0.1231942,51.5048872],[-0.1230544,51.5053871],[-0.1230343,51.5056748],[-0.1230151,51.5059839],[-0.1229766,51.5062124],[-0.1229134,51.5064086],[-0.122817,51.5065889],[-0.1227325,51.506765],[-0.1225873,51.507009],[-0.1223732,51.5072934],[-0.1221088,51.5076205],[-0.1219265,51.5078455],[-0.1216936,51.5080978],[-0.1215134,51.5082901],[-0.1213429,51.508436],[-0.1209925,51.5087102],[-0.1206175,51.5089599],[-0.1201321,51.5092126],[-0.1198599,51.5093318],[-0.1195715,51.509446],[-0.119255,51.5095605],[-0.1189305,51.5096709],[-0.1184632,51.509813],[-0.1163502,51.5104691],[-0.1155777,51.5106979],[-0.1151981,51.5108097],[-0.1149783,51.5108667],[-0.1148135,51.510911],[-0.1145598,51.5109619],[-0.1142971,51.5110163],[-0.114077,51.511057],[-0.1138783,51.5110923],[-0.1137579,51.5111104],[-0.1136345,51.5111246],[-0.1134548,51.511143],[-0.113239,51.5111586],[-0.1129141,51.5111794],[-0.1126474,51.5111947],[-0.1124814,51.5112038],[-0.1118525,51.5112337],[-0.1114619,51.5112381],[-0.1112044,51.5112356],[-0.1109573,51.5112308],[-0.1084756,51.5112184],[-0.1070968,51.5112073],[-0.107002,51.5112067],[-0.1056909,51.5112001],[-0.1055329,51.5112073],[-0.1053865,51.5112216],[-0.1050995,51.5112676],[-0.1048004,51.5113228],[-0.1045898,51.5113713],[-0.1043267,51.5114395],[-0.1035625,51.5116548],[-0.1032605,51.5117468],[-0.1031065,51.5117941],[-0.102673,51.5119276],[-0.1025679,51.5119577],[-0.1023532,51.5120165],[-0.1021012,51.5120673],[-0.1019082,51.5120896],[-0.1016988,51.5121061],[-0.1014555,51.5121171],[-0.1012285,51.5121123],[-0.1001604,51.5120411],[-0.0989307,51.511972],[-0.0983036,51.5119396],[-0.097591,51.5119015],[-0.0972211,51.5119012],[-0.0964306,51.5118657],[-0.095781,51.5118962],[-0.0952257,51.511929],[-0.0946785,51.5119642],[-0.0943721,51.5119659],[-0.094067,51.5119295],[-0.0937645,51.5118779],[-0.0929587,51.5118157],[-0.0927205,51.5117971],[-0.0924475,51.5117653],[-0.0917919,51.5116546],[-0.0912101,51.5115571],[-0.0907425,51.5114973],[-0.0905594,51.5114951],[-0.0903017,51.5115065],[-0.0900559,51.5115035],[-0.0898603,51.5114931],[-0.0896533,51.5114809],[-0.0894065,51.511455],[-0.0891546,51.51141],[-0.0886939,51.5113274],[-0.088283,51.5112492],[-0.0874619,51.5110386],[-0.0872105,51.51099],[-0.0869456,51.5109393],[-0.0867277,51.5108999],[-0.0864901,51.5108294],[-0.0864651,51.510822],[-0.0863195,51.5107787],[-0.0862328,51.5107569],[-0.0862168,51.5107532],[-0.0861669,51.510742],[-0.0860878,51.5107262],[-0.0860248,51.5107151],[-0.0859489,51.5107014],[-0.0858255,51.5106848],[-0.0857716,51.510677],[-0.0856488,51.5106638],[-0.0855121,51.5106511],[-0.0854414,51.5106468],[-0.0853839,51.5106436],[-0.0853138,51.5106416],[-0.0852284,51.5106399],[-0.0851485,51.5106405],[-0.0843205,51.5106401],[-0.0840808,51.5106334],[-0.0838356,51.5106302],[-0.0836248,51.5106159],[-0.0831535,51.5105579],[-0.0826885,51.5104458],[-0.081623,51.5100502],[-0.0814761,51.5099836],[-0.0813688,51.5099327],[-0.0812428,51.509886],[-0.0810993,51.5098384],[-0.0809196,51.5097917],[-0.0807412,51.5097524],[-0.0806353,51.5097324],[-0.0805389,51.5097167],[-0.0804316,51.5096966],[-0.0803225,51.5096847],[-0.0801806,51.5096715],[-0.0796337,51.5096551],[-0.0795248,51.5096498],[-0.0791932,51.5096432],[-0.078665,51.5095869],[-0.0784592,51.5095854],[-0.0783151,51.5096142],[-0.0781999,51.5096699],[-0.077918,51.509777],[-0.0777502,51.509812],[-0.0777298,51.5098131],[-0.0766367,51.5098716],[-0.0765111,51.5098931],[-0.0763933,51.5099267],[-0.0762519,51.509986],[-0.0762319,51.5099944],[-0.0761323,51.5100441],[-0.0760139,51.5101343],[-0.0758623,51.5102688],[-0.0757872,51.5103408],[-0.07556,51.5107997],[-0.0755377,51.5108383],[-0.0754881,51.5109702],[-0.0754186,51.5111379],[-0.0753754,51.5112916],[-0.0753659,51.511398],[-0.0753852,51.5116261],[-0.075413,51.5117314],[-0.0755825,51.5123736],[-0.0756034,51.5125193],[-0.075586,51.5126729],[-0.0755645,51.5127722],[-0.0755321,51.5128938],[-0.0754666,51.5130618],[-0.0754143,51.513197],[-0.0753909,51.5132851],[-0.0753714,51.5133651],[-0.0753562,51.5134771],[-0.0753419,51.5135321],[-0.0753237,51.513586],[-0.0753146,51.51361],[-0.0752588,51.5137516],[-0.0752327,51.5138158],[-0.075202,51.5138789],[-0.0751441,51.5139548],[-0.0750649,51.514041],[-0.0749753,51.5141279],[-0.0748155,51.5142402],[-0.0746654,51.5143352],[-0.074489,51.5144197],[-0.0743287,51.5144886],[-0.0741271,51.5145594],[-0.073758,51.5146606],[-0.0719752,51.515243],[-0.0717602,51.5153155],[-0.0708317,51.5156316],[-0.0707628,51.515655],[-0.0702393,51.5158337],[-0.0699181,51.5159499],[-0.0697381,51.5160271],[-0.0693535,51.5162216],[-0.0693017,51.5162547],[-0.0692806,51.5162571],[-0.0675782,51.5170645],[-0.0666815,51.5173658],[-0.0650373,51.5179188],[-0.0633722,51.5184283],[-0.0631195,51.518545],[-0.0628378,51.5188134],[-0.0625894,51.5189809],[-0.0622551,51.5191657],[-0.0620466,51.5192773],[-0.0619028,51.5193375],[-0.0617838,51.5193876],[-0.0616364,51.5194428],[-0.0613856,51.5195146],[-0.0609839,51.5196189],[-0.0605929,51.5197164],[-0.060378,51.5197498],[-0.0603141,51.5197597],[-0.0600281,51.5197885],[-0.0597672,51.5198054],[-0.0595227,51.5198063],[-0.0593181,51.5197925],[-0.0590847,51.5197673],[-0.0588746,51.519744],[-0.0586472,51.5197045],[-0.0583709,51.5196712],[-0.0583554,51.5196721],[-0.0581935,51.5196524],[-0.057864,51.5196586],[-0.0566344,51.519924],[-0.0564075,51.5199638],[-0.0521809,51.5207056],[-0.0513925,51.5208443],[-0.0467282,51.5217146],[-0.0454445,51.5219935],[-0.0440455,51.5221751],[-0.0422945,51.5223353],[-0.0409556,51.5225916],[-0.0387539,51.5233109],[-0.037618,51.5239798],[-0.0374122,51.5241009],[-0.0353384,51.524877],[-0.0334449,51.5253563],[-0.0318352,51.5257258],[-0.0265272,51.5267998],[-0.0258237,51.52693],[-0.0256836,51.5269486],[-0.0255517,51.5269587],[-0.0253973,51.5269642],[-0.0252428,51.5269564],[-0.0251038,51.5269449],[-0.02492,51.5269239],[-0.0247947,51.5269047],[-0.0246895,51.526886],[-0.0244414,51.5268312],[-0.0242946,51.5267899],[-0.0241355,51.5267389],[-0.0239859,51.5266847],[-0.0236437,51.526526],[-0.0218527,51.5255833],[-0.0211603,51.5252063],[-0.0209724,51.5251112],[-0.0205983,51.5249065],[-0.0203781,51.5248165],[-0.0202037,51.5247595],[-0.0200103,51.5247115],[-0.0197236,51.524662],[-0.019505,51.5246423],[-0.0192784,51.5246331],[-0.0184767,51.5246152],[-0.0179638,51.5245979],[-0.0170782,51.5245701],[-0.0159803,51.5245345],[-0.0153655,51.5245158],[-0.0152862,51.5245146],[-0.0146962,51.524506],[-0.0144443,51.5245116],[-0.0141917,51.5245258],[-0.0134897,51.524585],[-0.0132917,51.5246039],[-0.0127806,51.524649],[-0.0123998,51.524688],[-0.0115318,51.5247889],[-0.0105893,51.5249117],[-0.0100091,51.5249901],[-0.0094438,51.5250891],[-0.0088293,51.5252222],[-0.0080429,51.5254009],[-0.0064191,51.5257764],[-0.0061444,51.5258416],[-0.0047993,51.5261357],[-0.0034446,51.5264546],[-0.0007441,51.5270809],[9.83e-05,51.5272755],[0.0010875,51.527501],[0.0018706,51.5276874],[0.0026478,51.527882],[0.0032143,51.528018],[0.0035768,51.528111],[0.0040652,51.5282392],[0.0049701,51.5284923],[0.0052057,51.5285558],[0.0060324,51.5287463],[0.0068251,51.5289288],[0.007501,51.5290766],[0.0100914,51.5296594],[0.0107491,51.5298133],[0.0113738,51.5299534],[0.0115755,51.5299986],[0.0126243,51.5302266],[0.0135633,51.5304315],[0.0139032,51.5305098],[0.0147873,51.5307266],[0.015655,51.530939],[0.016294,51.5310904],[0.0167222,51.5311855],[0.0169431,51.5312341],[0.0171696,51.5312839],[0.0176173,51.5313726],[0.0187254,51.5316029],[0.0209768,51.5321117],[0.0240752,51.5328379],[0.0248908,51.5330273],[0.0257895,51.5332278],[0.0276108,51.5336391],[0.0284731,51.5338382],[0.0294771,51.5340696],[0.0311225,51.5344441],[0.0318736,51.5346306],[0.0325875,51.5348043],[0.0350852,51.535378],[0.0356797,51.5355063],[0.0367013,51.5357183],[0.0377329,51.5359594],[0.0392241,51.5363038],[0.0400767,51.5365028],[0.040826,51.5366754],[0.0419764,51.5369385],[0.0431243,51.5371997],[0.0442692,51.5374678],[0.0452291,51.5376892],[0.0462418,51.5379161],[0.0471814,51.5381264],[0.0481313,51.5383353],[0.0487791,51.5384766],[0.0495945,51.5386561],[0.050159,51.5387808],[0.0505407,51.538869],[0.0511126,51.5390027],[0.0516729,51.5391471],[0.0520147,51.539249],[0.0524073,51.5393605],[0.0528386,51.5394883],[0.0530995,51.5395664],[0.0532549,51.5396159],[0.0535813,51.5397191],[0.0540304,51.5398635],[0.0541596,51.539905],[0.0546776,51.5400745],[0.055272,51.5402845],[0.0556488,51.5404232],[0.0560297,51.5405704],[0.0564045,51.5407222],[0.0568313,51.5409074],[0.0572471,51.5410953],[0.0576618,51.5412884],[0.0580058,51.5414487],[0.0582924,51.5415889],[0.0585298,51.5417127],[0.0587427,51.541836],[0.0589379,51.54196],[0.059132,51.5420993],[0.0593127,51.5422445],[0.0594713,51.5423825],[0.0596218,51.542526],[0.0598438,51.5427455],[0.0600537,51.5429769],[0.0602573,51.5431659],[0.0605833,51.5434308],[0.0609278,51.5436839],[0.0614443,51.5439485],[0.061834,51.5441184],[0.0622295,51.5442618],[0.0626882,51.5444012],[0.0631504,51.5445054],[0.0635694,51.5445827],[0.0640027,51.5446403],[0.0643578,51.5446711],[0.0646828,51.5446869],[0.0650206,51.5446925],[0.0653813,51.544677],[0.0657372,51.5446506],[0.0660495,51.5446124],[0.0663386,51.5445669],[0.0666419,51.5445067],[0.0669902,51.5444285],[0.0672572,51.5443566],[0.0675764,51.54427],[0.0681877,51.5441283],[0.068484,51.5440633],[0.0690187,51.5439512],[0.0697118,51.5437962],[0.070179,51.543693],[0.0706786,51.5435965],[0.0710553,51.5435309],[0.0714839,51.543454],[0.0717436,51.5434105],[0.0721547,51.5433387],[0.0725255,51.5432633],[0.0728918,51.5431807],[0.073139,51.5431174],[0.0733853,51.543052],[0.0736644,51.5429708],[0.0739648,51.5428769],[0.0742973,51.5427621],[0.0748727,51.5425413],[0.0759946,51.5420793],[0.0763918,51.5419005],[0.0766416,51.5417812],[0.0770276,51.5415987],[0.077858,51.5412002],[0.07817,51.5410559],[0.0786023,51.5408624],[0.0790292,51.5406645],[0.0791937,51.5405863],[0.0795578,51.5404059],[0.0797194,51.5403241],[0.0809226,51.5397036],[0.0810967,51.5396162],[0.0814907,51.5394185],[0.0818159,51.5392552],[0.0819078,51.5392077],[0.0826615,51.538834],[0.0829466,51.5387099],[0.0832299,51.5385985],[0.0835141,51.538496],[0.0838186,51.5383965],[0.0841273,51.5383034],[0.0844192,51.5382224],[0.0847735,51.5381321],[0.085132,51.5380507],[0.0854659,51.5379844],[0.0858013,51.5379228],[0.0861383,51.5378641],[0.0864768,51.5378121],[0.0867233,51.5377774],[0.0869701,51.5377522],[0.0872082,51.5377328],[0.0874446,51.5377217],[0.0878104,51.5377176],[0.0882045,51.5377284],[0.0885,51.5377456],[0.0887902,51.5377685],[0.0914194,51.5379777],[0.0917364,51.5379993],[0.0920254,51.5380141],[0.0923436,51.5380244],[0.0926529,51.5380263],[0.0930888,51.538022],[0.0947608,51.5379745],[0.0952741,51.5379628],[0.0956019,51.5379625],[0.0959306,51.5379714],[0.0962563,51.5379873],[0.0965837,51.5380136],[0.0970789,51.5380616],[0.0975712,51.5381124],[0.0986524,51.5382212],[0.0989003,51.538246],[0.0993299,51.538287],[0.0997597,51.5383247],[0.1001913,51.5383551],[0.1006226,51.5383834],[0.1019905,51.5384724],[0.1039997,51.5386026],[0.1057489,51.5387213],[0.1121388,51.539233],[0.1153597,51.5394824],[0.1183258,51.5397151],[0.1203842,51.5398572],[0.1226494,51.5400064],[0.1236088,51.5400796],[0.1240196,51.5401165],[0.1251787,51.5402267],[0.1254092,51.5402468],[0.1258149,51.5402772],[0.1271646,51.540367],[0.1272841,51.5403746],[0.1277722,51.5404049],[0.128772,51.5404648],[0.1298267,51.5405164],[0.1307989,51.5405603],[0.1316091,51.5406026],[0.1323713,51.5406522],[0.1333971,51.5407195],[0.134679,51.5408055],[0.1360114,51.5408894],[0.1372275,51.5409688],[0.138717,51.541067],[0.1400311,51.5411583],[0.1410133,51.5412242],[0.141632,51.5412721],[0.1424811,51.5413421],[0.1436294,51.5414455],[0.145037,51.5415609],[0.1454104,51.5415864],[0.1458665,51.5416164],[0.1467943,51.5416684],[0.1476297,51.5417095],[0.1482412,51.5417429],[0.1486091,51.5417584],[0.1494654,51.5417997],[0.1502248,51.5418339],[0.1511824,51.5419012],[0.152083,51.5419779],[0.1529295,51.5420625],[0.1536458,51.5421419],[0.1545408,51.542251],[0.155233,51.5423486],[0.1557223,51.5424266],[0.1566677,51.5425958],[0.1576105,51.5427584],[0.1586552,51.542944],[0.1595111,51.543097],[0.1600044,51.5431828],[0.1607544,51.543315],[0.1614055,51.5434354],[0.1626545,51.5436446],[0.1638179,51.5438435],[0.1642555,51.5439138],[0.1648853,51.5440237],[0.1656344,51.5441542],[0.1657434,51.5441726],[0.1660063,51.5442145],[0.1666891,51.5443152],[0.1671601,51.5443879],[0.1679686,51.5445132],[0.1687392,51.544625],[0.1694967,51.5447522],[0.1701862,51.544873],[0.1711852,51.5450482],[0.1721143,51.5452051],[0.1728216,51.5453286],[0.1735701,51.5454559],[0.1742748,51.5455767],[0.1750022,51.5456996],[0.1758516,51.5458455],[0.1768573,51.5460183],[0.1775974,51.5461455],[0.1787913,51.5463469],[0.1797951,51.54652],[0.1802774,51.5466074],[0.1816163,51.546838],[0.1830637,51.5470854],[0.1849574,51.5474195],[0.1871052,51.5477967],[0.1873857,51.5478456],[0.1930117,51.5487887],[0.193475,51.5488708],[0.1939354,51.5489559],[0.1943963,51.5490468],[0.1948532,51.5491399],[0.1955047,51.549284],[0.1963206,51.5494329],[0.1982409,51.5497656],[0.1990181,51.5498999],[0.1994072,51.549967],[0.1997964,51.5500302],[0.2001218,51.550075],[0.2004495,51.550117],[0.2007767,51.5501569],[0.2011042,51.5502012],[0.2017416,51.5503061],[0.2024505,51.5504454],[0.2050077,51.5510108],[0.2058907,51.5512078],[0.2100561,51.5521285],[0.2151982,51.5532662],[0.2158116,51.5533981],[0.2171969,51.553696],[0.2188012,51.5540389],[0.2196498,51.5542054],[0.2202861,51.5543253],[0.2210831,51.5544747],[0.2217038,51.5546001],[0.2244926,51.5552048],[0.2254522,51.5554094],[0.2263914,51.5556264],[0.2273274,51.5558609],[0.2282505,51.5561157],[0.2291343,51.5563871],[0.2297719,51.5565868],[0.2306177,51.5568592],[0.2310984,51.5570246],[0.2315711,51.5572004],[0.2326178,51.5576073],[0.2331592,51.5578166],[0.2336239,51.5579827],[0.2338399,51.5580554],[0.234077,51.5581321],[0.2345255,51.5582701],[0.2349874,51.5584006],[0.2354565,51.5585201],[0.235585,51.5585474],[0.235691,51.55857],[0.2357833,51.5585896],[0.2361131,51.5586524],[0.2366563,51.5587515],[0.2368466,51.5587848],[0.237268,51.5588588],[0.2378293,51.5589547],[0.2382162,51.5590081],[0.2386141,51.5590556],[0.2393925,51.5591285],[0.23999,51.5591679],[0.2406957,51.5592161],[0.2413216,51.5592469],[0.241783,51.559259],[0.2428979,51.5592546],[0.2431898,51.5592432],[0.2438233,51.5592245],[0.2446977,51.5591993],[0.2460392,51.5591566],[0.2467953,51.559133],[0.2476257,51.5591222],[0.2482217,51.5591191],[0.2493461,51.5591053],[0.2495651,51.5591007],[0.2502091,51.5590872],[0.2507328,51.5590719],[0.2517981,51.5590405],[0.2525213,51.5590192]],[[-0.1903513,51.494064],[-0.1900354,51.4943637]],[[-0.1902954,51.498762],[-0.1905233,51.4989133],[-0.1905552,51.4989445],[-0.1907496,51.4991264],[-0.1909564,51.4992743],[-0.1916464,51.4999186],[-0.1919086,51.5001747],[-0.1921683,51.5004362],[-0.1922323,51.5005016],[-0.19266,51.5009411],[-0.193223,51.501639],[-0.1934199,51.5020038],[-0.1936652,51.5024602],[-0.194026,51.5032295],[-0.1943087,51.504054],[-0.1943335,51.5041373],[-0.1951787,51.5064164],[-0.1953334,51.5068303],[-0.1957247,51.5078611],[-0.1957828,51.5080949],[-0.1957863,51.5081093],[-0.1960119,51.5086966],[-0.1960414,51.5087729],[-0.1960488,51.5087925],[-0.1960554,51.5088138],[-0.1960599,51.5088282],[-0.1960729,51.5088812],[-0.1960794,51.5089107],[-0.1960847,51.5089435],[-0.1960883,51.5090662],[-0.1960774,51.5092781],[-0.1960493,51.5094641],[-0.19602,51.5096069],[-0.1959655,51.5098067],[-0.1959124,51.5099589],[-0.1958453,51.5101277],[-0.1957513,51.5103178],[-0.1955505,51.5105631],[-0.1953446,51.5107639],[-0.1950511,51.5109764],[-0.1948462,51.5111084],[-0.1945569,51.5112628],[-0.1940958,51.5114622],[-0.1938118,51.5115395],[-0.19344,51.5116278],[-0.1929337,51.5117397],[-0.1924714,51.5118324],[-0.191841,51.5119744],[-0.1917089,51.5119946],[-0.1907605,51.5120911],[-0.1902601,51.5121569],[-0.189799,51.5121885],[-0.1896664,51.5121985],[-0.1891231,51.5122474],[-0.1889165,51.5122628],[-0.188251,51.5123038],[-0.1879168,51.5123307],[-0.186532,51.5123919],[-0.1853708,51.5124683],[-0.1842659,51.5126073],[-0.1836497,51.5126337],[-0.1830302,51.5126658],[-0.1825852,51.5127172],[-0.1821442,51.512778],[-0.1814303,51.5129321],[-0.1813049,51.5129597],[-0.1809926,51.5130256],[-0.1803038,51.5132021],[-0.1795998,51.5134381],[-0.1789017,51.5137738],[-0.1770466,51.5147751],[-0.1766006,51.514946],[-0.176153,51.5151073],[-0.1759956,51.515168],[-0.1759297,51.5151932],[-0.1754622,51.5154494],[-0.175149,51.5156184],[-0.1749549,51.5157268],[-0.1743291,51.5160937],[-0.173857,51.5163517],[-0.1722573,51.5172301],[-0.1719434,51.5173958],[-0.1718461,51.5174882],[-0.1716511,51.5176733],[-0.1714982,51.5178069],[-0.1713672,51.5179298],[-0.1712567,51.5180278],[-0.1708942,51.5182226],[-0.1707503,51.5182981],[-0.1701444,51.5186345],[-0.1689984,51.5192818],[-0.168785,51.5194021],[-0.168382,51.5196233],[-0.1680878,51.5197315],[-0.1678784,51.5197923],[-0.1676723,51.5198611]],[[-0.1900354,51.4943637],[-0.1896438,51.4945899],[-0.1892028,51.494959],[-0.1886457,51.4955426],[-0.188419,51.4958123],[-0.1883054,51.495964],[-0.1882585,51.4960884],[-0.1881726,51.4963673],[-0.1882037,51.4967603],[-0.1882249,51.4968505],[-0.1883017,51.4970284],[-0.1883726,51.4971674],[-0.18876,51.4975577],[-0.1891042,51.4978916],[-0.1893063,51.4980913],[-0.1896996,51.4984049],[-0.1898571,51.498506],[-0.1902954,51.498762]],[[-0.168708,51.5193973],[-0.1701043,51.5186152],[-0.1705302,51.5183775],[-0.170708,51.5182733],[-0.1712192,51.517998],[-0.1713399,51.5178902],[-0.1715742,51.5176702],[-0.1718106,51.5174644],[-0.1719164,51.517375],[-0.1722282,51.5172071],[-0.1738067,51.5163165],[-0.1740957,51.5161586],[-0.1742794,51.5160583],[-0.1749141,51.5156993],[-0.1751105,51.5155915],[-0.1754503,51.5154037],[-0.1758923,51.5151668],[-0.1759579,51.5151413],[-0.176101,51.5150859],[-0.1766604,51.5148784],[-0.1770395,51.5147372],[-0.1788649,51.5137532],[-0.1792255,51.5135624],[-0.1794313,51.5134768],[-0.1795927,51.5134002],[-0.1802967,51.5131642],[-0.1809809,51.513003],[-0.1812951,51.5129422],[-0.1814192,51.5129134],[-0.1821306,51.5127488],[-0.182569,51.5126864],[-0.1829995,51.5126337],[-0.1836412,51.5126036],[-0.1842548,51.5125804],[-0.1853623,51.5124363],[-0.1865261,51.5123594],[-0.1879098,51.5122953],[-0.1882443,51.5122731],[-0.1889097,51.5122283],[-0.1891143,51.5122133],[-0.189654,51.512166],[-0.1897878,51.5121576],[-0.190246,51.5121154],[-0.191699,51.5119515],[-0.1918348,51.5119362],[-0.1924531,51.5117955],[-0.1928996,51.5117016],[-0.1934218,51.5115879],[-0.1937651,51.5115049],[-0.1940747,51.5114153],[-0.1945006,51.5112359],[-0.1947908,51.5110683],[-0.1950452,51.5109214],[-0.1953465,51.5106844],[-0.1954734,51.5105682],[-0.1955372,51.5104796],[-0.1956903,51.5102932],[-0.1957833,51.5101106],[-0.1958515,51.5099474],[-0.195906,51.5097966],[-0.19596,51.5096115],[-0.1959936,51.5094572],[-0.1960181,51.5092858],[-0.1960425,51.5090839],[-0.1960464,51.508959],[-0.1960356,51.5088984],[-0.1960172,51.5088274],[-0.1960156,51.508822],[-0.1960027,51.5087799],[-0.1959754,51.5087093],[-0.1957536,51.5081353],[-0.1957434,51.5081005],[-0.1956765,51.5078716],[-0.1952778,51.5068437],[-0.195125,51.5064246],[-0.1942651,51.5041472],[-0.1942375,51.5040632],[-0.1938949,51.503165],[-0.1936145,51.5024752],[-0.1931705,51.5016602],[-0.192618,51.5009551],[-0.1921961,51.5005126],[-0.1921338,51.500451],[-0.1918627,51.5001924],[-0.1916073,51.4999384],[-0.1908965,51.4992845],[-0.1907581,51.4991809],[-0.1905709,51.499015],[-0.1902609,51.4987789]],[[-0.1848898,51.4948177],[-0.1852745,51.494868]],[[-0.168708,51.5193973],[-0.1689984,51.5192818]],[[-0.1676723,51.5198611],[-0.168049,51.5197046],[-0.1683274,51.5195749],[-0.168708,51.5193973]],[[-0.1661583,51.5203797],[-0.1664238,51.5202855],[-0.1671631,51.5200588],[-0.1672547,51.5200286],[-0.1676723,51.5198611]],[[-0.0777485,51.5097856],[-0.0779866,51.50972],[-0.0781689,51.5096531]],[[-0.077918,51.509777],[-0.0777485,51.5097856]],[[-0.0777485,51.5097856],[-0.0777296,51.5097865],[-0.0776759,51.509789],[-0.0766274,51.5098382],[-0.0764975,51.5098602],[-0.0763671,51.5099001],[-0.0762249,51.5099676]],[[0.0139032,51.5305098],[0.0142042,51.5305928],[0.0145004,51.530684],[0.0146953,51.530747],[0.0154865,51.5309724],[0.0157459,51.5310393],[0.0166665,51.531253]],[[0.164164,51.5439863],[0.1638433,51.5439314],[0.1626213,51.543722],[0.1623917,51.5436788],[0.1621503,51.5436301],[0.1619239,51.5435769],[0.1614055,51.5434354]],[[0.2482217,51.5591191],[0.2488583,51.5591541],[0.2492595,51.5591813],[0.2495957,51.5591961],[0.2498007,51.559203],[0.2500246,51.559201],[0.252555,51.5591268]]]},"properties":{"name":"District","colour":"#00782A","mode":"tfl"}},{"type":"Feature","geometry":{"type":"MultiLineString","coordinates":[[[-0.4361994,51.5046004],[-0.4367281,51.5046808],[-0.4373729,51.5047825],[-0.4380919,51.504903],[-0.438462,51.5049665],[-0.4388079,51.5050259],[-0.4410364,51.5054412],[-0.4422174,51.505667],[-0.4430554,51.5058359],[-0.4439899,51.5060272],[-0.4460971,51.5064593],[-0.447191,51.5066841],[-0.4481073,51.5068677],[-0.4490181,51.5070376],[-0.4494975,51.5071322],[-0.4502447,51.5072674],[-0.4507728,51.5073629],[-0.4513516,51.507463],[-0.4519062,51.5075613],[-0.4524592,51.5076517],[-0.4542711,51.5079438],[-0.4561064,51.5082185],[-0.4579578,51.5084755],[-0.458866,51.5085915],[-0.4594241,51.5086671],[-0.4598932,51.5087274],[-0.461279,51.5088882],[-0.462353,51.5090066],[-0.4636784,51.5091392],[-0.4642085,51.5091883],[-0.4649753,51.5092602],[-0.4657911,51.5093312],[-0.4686885,51.5095823],[-0.4695709,51.509661],[-0.4701103,51.5097064],[-0.470521,51.5097395],[-0.4708758,51.5097671],[-0.4713922,51.5098029],[-0.4719928,51.509838],[-0.4728227,51.5098726],[-0.4734295,51.5098964],[-0.473994,51.5099174],[-0.4743658,51.5099276],[-0.4749371,51.5099427],[-0.476135,51.5099787],[-0.4767694,51.5099974],[-0.4773386,51.5100131],[-0.4775988,51.5100212],[-0.4793129,51.5100601],[-0.4803978,51.5100742],[-0.4818319,51.5100857],[-0.4827016,51.5100831],[-0.4836725,51.5100717],[-0.4851995,51.5100612],[-0.4858189,51.5100489],[-0.4864075,51.5100347],[-0.4873206,51.5100148],[-0.4883442,51.5099847],[-0.489195,51.5099514],[-0.4916296,51.509851],[-0.4933215,51.5097593],[-0.4950077,51.5096548],[-0.4965856,51.5095488],[-0.4981643,51.5094347],[-0.4997233,51.5092994],[-0.5006233,51.5092115],[-0.5013942,51.5091353],[-0.5021354,51.5090595],[-0.5041558,51.5088552],[-0.5047086,51.5088042],[-0.5052368,51.5087621],[-0.5058101,51.5087194],[-0.5063711,51.5086822],[-0.5068466,51.5086461],[-0.5078088,51.5085609],[-0.507961,51.5085494],[-0.5084412,51.5085039],[-0.509771,51.5083892],[-0.5113111,51.5082823],[-0.5127702,51.5081904],[-0.5142255,51.5081071],[-0.515653,51.5080344],[-0.5169843,51.5079726],[-0.5210376,51.5077974],[-0.5229412,51.5077276],[-0.5240399,51.5077012],[-0.5251818,51.5076697],[-0.5265712,51.5076445],[-0.5279754,51.5076286],[-0.528906,51.5076205],[-0.5292433,51.5076193],[-0.5306241,51.507624],[-0.531843,51.5076403],[-0.5344341,51.5076842],[-0.5369199,51.5077272],[-0.5373886,51.507735],[-0.5381988,51.5077636],[-0.5388533,51.5077916],[-0.5398851,51.5078451],[-0.5406388,51.5078748],[-0.5413843,51.5078939],[-0.5420721,51.5079053],[-0.5425585,51.5079114],[-0.5426836,51.5079126],[-0.5435523,51.5079227],[-0.544078,51.5079403],[-0.5445917,51.5079622],[-0.5465691,51.508084],[-0.5483594,51.5081918],[-0.5524026,51.5084807],[-0.5544249,51.5086148],[-0.5555869,51.5086943],[-0.5567069,51.5087636],[-0.5589899,51.5089142],[-0.5618082,51.5090962],[-0.5621895,51.5091234],[-0.5640587,51.5092438],[-0.5658815,51.5093658],[-0.5661912,51.5093837],[-0.5697794,51.5096178],[-0.571733,51.5097557],[-0.5727985,51.5098401],[-0.5739001,51.5099322],[-0.5755607,51.5100804],[-0.576685,51.510185],[-0.5776151,51.5102776],[-0.5802295,51.5105592],[-0.5817002,51.5107295],[-0.5829215,51.5108797],[-0.583839,51.5110084],[-0.5866298,51.5114312],[-0.5869687,51.5114825],[-0.5899883,51.5119466],[-0.5919076,51.5122547],[-0.5924,51.5123304],[-0.5931087,51.5124383],[-0.5941695,51.5125863],[-0.5949461,51.5126962],[-0.5956482,51.5128062],[-0.5966776,51.5129849],[-0.597851,51.5132037],[-0.5988928,51.5134131],[-0.601276,51.5139083],[-0.6031966,51.5143091],[-0.6046303,51.5146133],[-0.6053518,51.5147713],[-0.6062448,51.5149787],[-0.6067647,51.5150994],[-0.6079275,51.5153752],[-0.6097214,51.5158132],[-0.6120631,51.5164121],[-0.6122724,51.5164656],[-0.6136023,51.51683],[-0.6147361,51.5171493],[-0.620015,51.5186036],[-0.6217071,51.5190384],[-0.622555,51.5192478],[-0.6235938,51.5194952],[-0.6246171,51.5197433],[-0.6253027,51.5199047],[-0.6259594,51.5200546],[-0.6268544,51.5202572],[-0.627618,51.5204311],[-0.6282457,51.5205599],[-0.6287474,51.5206698],[-0.6298163,51.520884],[-0.6308782,51.5210842],[-0.6317884,51.5212369],[-0.6320837,51.5212864],[-0.6333689,51.5215078],[-0.6336411,51.5215511],[-0.6360124,51.521928],[-0.6368667,51.5220638],[-0.6378085,51.5222067],[-0.6387316,51.5223468],[-0.6397589,51.5224894],[-0.6407065,51.5226155],[-0.6410764,51.5226633],[-0.642124,51.5228071],[-0.6431407,51.5229315],[-0.6444236,51.5230823],[-0.6454154,51.5231701],[-0.6456244,51.5231892],[-0.6465183,51.5232774],[-0.648297,51.5234368],[-0.6483912,51.5234452],[-0.6500725,51.5235818],[-0.6518402,51.5237065],[-0.6528891,51.52377],[-0.6539546,51.5238422],[-0.6553061,51.5239104],[-0.6567126,51.5239716],[-0.6588203,51.5240501],[-0.6597119,51.5240756],[-0.6600195,51.5240814],[-0.6627107,51.5241321],[-0.6641916,51.5241336],[-0.6656228,51.5241305],[-0.667247,51.5241085],[-0.667449,51.5241059],[-0.6675641,51.5241034],[-0.6694024,51.5240642],[-0.6707693,51.5240246],[-0.6715626,51.5239947],[-0.6717659,51.523984],[-0.6734341,51.5239051],[-0.6751425,51.5238098],[-0.6752778,51.5238019],[-0.6782269,51.5236361],[-0.6800085,51.523547],[-0.6803848,51.5235239],[-0.6809866,51.5234922],[-0.6815057,51.5234477],[-0.6815779,51.5234415],[-0.6819481,51.5234064],[-0.682301,51.5233668],[-0.6828973,51.523288],[-0.6833235,51.5232316],[-0.6841899,51.5231077],[-0.6850169,51.522993],[-0.6860441,51.522865],[-0.6870737,51.5227605],[-0.6894106,51.5225286],[-0.6897309,51.5224961],[-0.6899464,51.522471],[-0.6924855,51.5221864],[-0.6927468,51.5221567],[-0.6934666,51.5220802],[-0.6939624,51.5220309],[-0.6943801,51.5219873],[-0.6972949,51.5216516],[-0.6988334,51.5214911],[-0.7002511,51.5213482],[-0.7034715,51.5209971],[-0.7093151,51.5203692],[-0.7097301,51.520321],[-0.713292,51.5198979],[-0.7141205,51.519786],[-0.7147682,51.5197017],[-0.7162015,51.519495],[-0.716942,51.519381],[-0.7181227,51.5191991],[-0.7209868,51.5187276],[-0.7215239,51.5186358],[-0.7222932,51.5185032],[-0.7230339,51.5183753],[-0.7236262,51.5182838],[-0.7239504,51.5182291],[-0.7265235,51.5177379],[-0.7278402,51.5174708],[-0.7305401,51.5169172],[-0.7338206,51.5162455],[-0.7348964,51.5160017],[-0.7383009,51.5151807],[-0.7406972,51.5145748],[-0.741731,51.5143019],[-0.7418868,51.5142633],[-0.7444458,51.5135677],[-0.7462914,51.5130321],[-0.7486931,51.5123177],[-0.7509931,51.5116041],[-0.7579545,51.5093661],[-0.762831,51.5077941],[-0.7631804,51.5076809],[-0.8113334,51.4921903],[-0.8257117,51.4875276],[-0.8347719,51.484606],[-0.8366923,51.4839853],[-0.8433222,51.4818434],[-0.8435637,51.4817682],[-0.8597742,51.4765417],[-0.8620853,51.4757898],[-0.8637746,51.4752397],[-0.8667952,51.4742636],[-0.8677681,51.4739568],[-0.8684375,51.4737427],[-0.8705409,51.4730766],[-0.870973,51.4729415],[-0.874294,51.471904],[-0.8748572,51.4717226],[-0.8773718,51.4709106],[-0.8788196,51.4704396],[-0.8799258,51.470072],[-0.8803608,51.4699177],[-0.8805889,51.4698442],[-0.8859048,51.4681849],[-0.8887033,51.4672931],[-0.8900823,51.4668849],[-0.8914662,51.4664784],[-0.8926523,51.4661493],[-0.8935056,51.4659175],[-0.8944253,51.4656504],[-0.8955984,51.4653444],[-0.8963628,51.4651582],[-0.8978712,51.4647876],[-0.8985735,51.4646115],[-0.8999559,51.464295],[-0.9013207,51.4639914],[-0.9026228,51.4637282],[-0.9029609,51.4636533],[-0.9037358,51.4634912],[-0.9047009,51.4632943],[-0.9056432,51.4631162],[-0.9066111,51.4629362],[-0.9074461,51.4627884],[-0.9082897,51.462636],[-0.909119,51.4624899],[-0.9101184,51.4623082],[-0.9109677,51.4621586],[-0.9118928,51.461992],[-0.9126406,51.4618655],[-0.9133412,51.4617408],[-0.9140103,51.4616276],[-0.914658,51.4615225],[-0.91538,51.4614067],[-0.916155,51.4612847],[-0.9167369,51.4611894],[-0.9176134,51.4610326],[-0.9183883,51.4608927],[-0.9200669,51.4605996],[-0.9209562,51.4604544],[-0.9217898,51.4603244],[-0.9226834,51.4601854],[-0.9234798,51.4600749],[-0.924312,51.4599662],[-0.9251613,51.4598611],[-0.9259719,51.4597667],[-0.9266811,51.4596901],[-0.9273688,51.4596144],[-0.9281395,51.459536],[-0.9289974,51.4594487],[-0.9296808,51.4593792],[-0.9303471,51.4593177],[-0.9309247,51.4592598],[-0.9316039,51.4591859],[-0.9323888,51.4591128],[-0.933454,51.4590237],[-0.9340832,51.458981],[-0.9352928,51.4589141],[-0.936635,51.4588739],[-0.9375561,51.4588224],[-0.9383196,51.4588055],[-0.9393548,51.4587805],[-0.940297,51.458752],[-0.9412196,51.4587298],[-0.9417082,51.4587155],[-0.9426076,51.4587039],[-0.9434683,51.4586959],[-0.9441417,51.4586887],[-0.945144,51.4586763],[-0.945736,51.4586556],[-0.9469669,51.4586253],[-0.948029,51.4586124],[-0.9492389,51.4585993],[-0.9503296,51.4585915],[-0.9521493,51.4585479],[-0.9535628,51.458514],[-0.9544051,51.4584992],[-0.9561673,51.458485],[-0.9574101,51.458492],[-0.9615549,51.4585545],[-0.9620985,51.4585763],[-0.9626421,51.4585981],[-0.9638437,51.4586462],[-0.9647071,51.4586956],[-0.9666587,51.4588305],[-0.9673341,51.4588934],[-0.9681757,51.4589955],[-0.9686771,51.4590444],[-0.9688185,51.4590592],[-0.9696016,51.4591668],[-0.970157,51.4592492],[-0.97046,51.4592938],[-0.9704787,51.4592966],[-0.9707775,51.4593406],[-0.9714132,51.4594297],[-0.9718913,51.4594896],[-0.9743434,51.4597299]],[[-0.9743345,51.4597595],[-0.9717979,51.4595105],[-0.9714267,51.4594638],[-0.9707896,51.4593714],[-0.9704737,51.4593252],[-0.9704512,51.4593219],[-0.9701577,51.4592789],[-0.9695832,51.4591965],[-0.9689434,51.4591038],[-0.9686717,51.4590751],[-0.9681707,51.4590344]],[[-0.9742265,51.4598818],[-0.9738524,51.4598592],[-0.9733803,51.4598176],[-0.9726518,51.459744],[-0.9723794,51.4597096],[-0.9720374,51.4596616],[-0.9715493,51.4595838],[-0.9710994,51.459509],[-0.9707182,51.4594401],[-0.9704526,51.4593891],[-0.97042,51.4593829],[-0.9703315,51.4593659],[-0.9693869,51.4592055],[-0.9686671,51.4591012],[-0.9681707,51.4590344]],[[-0.9681707,51.4590344],[-0.9674894,51.4589624],[-0.9666559,51.4588603],[-0.9647012,51.4587279],[-0.9638411,51.4586799],[-0.9628,51.4586378],[-0.96223,51.4586147],[-0.9615537,51.4585873],[-0.9574114,51.458516],[-0.953819,51.4585518],[-0.9524119,51.4585658],[-0.9503301,51.4586166],[-0.9492394,51.4586244],[-0.9486436,51.458645],[-0.9480279,51.4586622],[-0.9469266,51.4587021],[-0.945082,51.458755],[-0.9440774,51.4587761],[-0.9429622,51.4587876],[-0.9423402,51.4587974],[-0.9417211,51.4588117],[-0.9412879,51.4588206],[-0.9398481,51.4588607],[-0.9390974,51.4588749],[-0.938311,51.4588856],[-0.9367283,51.4589115],[-0.935573,51.4589444],[-0.9346036,51.4589881],[-0.9340989,51.4590166],[-0.9336086,51.4590505],[-0.9330952,51.4590879],[-0.9323603,51.4591493],[-0.9313894,51.4592393],[-0.9304172,51.4593409],[-0.9289988,51.4594789],[-0.9275706,51.4596282],[-0.9270786,51.4596794],[-0.926531,51.4597373],[-0.9256717,51.4598335],[-0.9249468,51.4599164],[-0.9244521,51.4599778],[-0.9239842,51.4600414],[-0.9231696,51.4601533],[-0.9221959,51.4602941],[-0.9218518,51.4603471],[-0.9213352,51.4604258],[-0.9207973,51.460514],[-0.9202726,51.460606],[-0.9197554,51.4607032],[-0.9187109,51.4609042],[-0.9182934,51.4609853],[-0.9173998,51.4611528],[-0.9169208,51.4612356],[-0.9165149,51.4612977],[-0.9157787,51.4614019],[-0.9149594,51.4615168],[-0.9141545,51.4616389],[-0.9130993,51.4618153],[-0.9120477,51.4619991],[-0.9115808,51.4620816],[-0.9108316,51.462217],[-0.9099709,51.4623702],[-0.9088546,51.4625713],[-0.9083552,51.4626597],[-0.9076832,51.4627782],[-0.9069169,51.4629136],[-0.9060475,51.4630731],[-0.9050152,51.4632699],[-0.9026091,51.4637656],[-0.9013071,51.4640288],[-0.8999422,51.4643324],[-0.8985598,51.4646489],[-0.8978575,51.4648249],[-0.8963492,51.4651955],[-0.8955847,51.4653817],[-0.8944117,51.4656878],[-0.8934919,51.4659549],[-0.8926386,51.4661867],[-0.8914526,51.4665158],[-0.8900686,51.4669223],[-0.8886896,51.4673304],[-0.8858911,51.4682223],[-0.8806401,51.4698652],[-0.880412,51.4699386],[-0.8799122,51.4701094],[-0.8788059,51.4704769],[-0.8773582,51.470948],[-0.8748409,51.4717592],[-0.8742777,51.4719406],[-0.8710014,51.4729748],[-0.870584,51.4731054],[-0.8684673,51.4737827],[-0.867804,51.4739955],[-0.8668306,51.4743033],[-0.8640085,51.4752138],[-0.8625957,51.4756695],[-0.8621195,51.4758231],[-0.8605009,51.4763495],[-0.8436555,51.4817855],[-0.8434053,51.4818673],[-0.8367227,51.484024],[-0.8348041,51.4846405],[-0.8257757,51.4875483],[-0.8113495,51.4922165],[-0.7631723,51.5077189],[-0.762824,51.5078364],[-0.7579924,51.5093899],[-0.7510507,51.5116241],[-0.7487207,51.5123495],[-0.7463217,51.5130607],[-0.7444725,51.5135985],[-0.741907,51.5142949],[-0.7417534,51.5143369],[-0.7407277,51.5146087],[-0.7383263,51.5152222],[-0.7349261,51.5160424],[-0.7338458,51.51629],[-0.730583,51.5170024],[-0.7257775,51.5179473],[-0.7247125,51.5181373],[-0.7239484,51.5182735],[-0.7230329,51.518417],[-0.7223059,51.5185409],[-0.7216136,51.5186573],[-0.7215388,51.5186681],[-0.7210046,51.5187621],[-0.7180998,51.5192286],[-0.716997,51.5194066],[-0.7147886,51.5197294],[-0.713308,51.5199234],[-0.7097301,51.5203524],[-0.7093198,51.5203999],[-0.7034824,51.5210357],[-0.7002609,51.5213829],[-0.6990113,51.521501],[-0.697696,51.5216447],[-0.6963196,51.5217978],[-0.695342,51.5218981],[-0.6943796,51.5220178],[-0.6939797,51.5220604],[-0.6934887,51.5221051],[-0.6927487,51.5221864],[-0.6924924,51.522216],[-0.6898178,51.5225047],[-0.6894928,51.5225381],[-0.6872396,51.5227767],[-0.6863316,51.5228728],[-0.6854151,51.5229773],[-0.6843833,51.5231125],[-0.6835431,51.5232297],[-0.6829186,51.5233184],[-0.6822736,51.5234008],[-0.681683,51.523461],[-0.6810211,51.5235243],[-0.6805125,51.5235527],[-0.6803779,51.5235602],[-0.6800045,51.5235782],[-0.6798914,51.5235837],[-0.6790897,51.5236225],[-0.678158,51.5236679],[-0.6752823,51.5238408],[-0.6751371,51.5238487],[-0.6734514,51.5239337],[-0.6718251,51.5240232],[-0.6716183,51.5240331],[-0.6710991,51.5240518],[-0.6708482,51.5240608],[-0.6697162,51.5240935],[-0.6682464,51.5241231],[-0.6674412,51.5241376],[-0.6672502,51.5241404],[-0.6671122,51.5241424],[-0.6665119,51.5241569],[-0.6656039,51.5241695],[-0.6646942,51.5241642],[-0.6638812,51.5241685],[-0.6628935,51.5241695],[-0.6622316,51.5241642],[-0.6613371,51.5241463],[-0.6600232,51.5241201],[-0.6597209,51.5241179],[-0.6587527,51.5240839],[-0.6578817,51.5240544],[-0.6569584,51.5240196],[-0.6561217,51.5239805],[-0.6551814,51.5239372],[-0.6541563,51.5238886],[-0.6533247,51.523839],[-0.6525389,51.5237883],[-0.651799,51.5237535],[-0.6510267,51.5237123],[-0.6503903,51.5236827],[-0.6497055,51.5236538],[-0.6484074,51.5235747],[-0.6476629,51.5235233],[-0.6469823,51.5234631],[-0.6463527,51.5233997],[-0.6461031,51.5233707],[-0.6456155,51.5233118],[-0.6454192,51.5232867],[-0.6445163,51.5231568],[-0.6438018,51.5230629],[-0.642887,51.5229509],[-0.6419943,51.5228295],[-0.6410982,51.5227102],[-0.6407265,51.5226605],[-0.6394791,51.5224884],[-0.6381994,51.5223047],[-0.6378195,51.5222454],[-0.6370148,51.5221199],[-0.6360564,51.5219686],[-0.6356366,51.5219023],[-0.6338458,51.5216233],[-0.6336324,51.5215872],[-0.6329984,51.52148],[-0.6320055,51.5213034],[-0.6317125,51.5212578],[-0.6310082,51.5211483],[-0.630042,51.5209654],[-0.6290235,51.5207611],[-0.6280574,51.520552],[-0.6275186,51.5204384],[-0.6268719,51.5202964],[-0.6261351,51.5201309],[-0.6251756,51.5199078],[-0.6243697,51.5197139],[-0.623578,51.5195261],[-0.6225373,51.5192794],[-0.6216856,51.51907],[-0.6200024,51.5186347],[-0.6164498,51.5176617],[-0.6147159,51.5171792],[-0.613906,51.5169517],[-0.6122672,51.5164997],[-0.6120623,51.5164473],[-0.6096916,51.5158409],[-0.6079643,51.5154172],[-0.6059079,51.5149322],[-0.6046329,51.5146451],[-0.6033319,51.5143692],[-0.6020255,51.5140988],[-0.6012538,51.5139381],[-0.5989551,51.5134617],[-0.5978309,51.5132337],[-0.5966693,51.5130143],[-0.5956465,51.5128393],[-0.5949381,51.5127313],[-0.5941391,51.512618],[-0.5931054,51.5124699],[-0.5923733,51.5123588],[-0.5902364,51.5120164],[-0.5899777,51.5119759],[-0.5882712,51.5117142],[-0.5878617,51.511652],[-0.5855171,51.511296],[-0.5838234,51.5110389],[-0.582914,51.5109095],[-0.5820988,51.5108092],[-0.5799656,51.5105615],[-0.5779705,51.5103476],[-0.5760868,51.5101618],[-0.5742267,51.5099897],[-0.5725122,51.509849],[-0.5707674,51.509717],[-0.5684295,51.5095641],[-0.5666028,51.509443],[-0.5646107,51.5093127],[-0.5634121,51.509235],[-0.5615907,51.5091143],[-0.5602507,51.5090287],[-0.5582884,51.508901],[-0.5565893,51.5087874],[-0.5539695,51.5086178],[-0.5511591,51.5084224],[-0.5486668,51.5082435],[-0.546178,51.5080921],[-0.5445886,51.507994],[-0.544062,51.5079712],[-0.5435622,51.5079558],[-0.5426825,51.5079401],[-0.5425574,51.5079382],[-0.5413771,51.5079174],[-0.5406435,51.507899],[-0.5399981,51.5078772],[-0.5388515,51.5078231],[-0.538186,51.5077948],[-0.5373273,51.5077722],[-0.5369199,51.5077579],[-0.5348012,51.5077271],[-0.5325742,51.5076859],[-0.5306215,51.5076548],[-0.5293861,51.5076521],[-0.5292417,51.5076512],[-0.5289054,51.5076516],[-0.5274552,51.5076662],[-0.5261389,51.5076829],[-0.5251769,51.5076988],[-0.5240555,51.5077296],[-0.5229543,51.5077571],[-0.5210408,51.5078291],[-0.51699,51.5080049],[-0.5161931,51.5080392],[-0.515422,51.5080775],[-0.514558,51.5081197],[-0.513761,51.5081651],[-0.5127778,51.5082214],[-0.511305,51.508314],[-0.5098651,51.5084143],[-0.5090008,51.5084821],[-0.508296,51.5085494],[-0.507744,51.5086013],[-0.5070707,51.5086591],[-0.5065539,51.5086993],[-0.5060506,51.5087362],[-0.505864,51.5087483],[-0.505672,51.508764],[-0.5052437,51.5087906],[-0.5047421,51.5088334],[-0.5041944,51.5088826],[-0.5028924,51.5090142],[-0.5021999,51.5090867],[-0.5013904,51.5091677],[-0.5006316,51.5092413],[-0.4997331,51.5093298],[-0.4981677,51.509469],[-0.4965998,51.5095808],[-0.4950121,51.5096861],[-0.4933197,51.5097902],[-0.4916338,51.5098797],[-0.4891992,51.5099859],[-0.4883498,51.5100159],[-0.4876129,51.5100424],[-0.4869887,51.5100561],[-0.4858342,51.5100809],[-0.4854512,51.5100876],[-0.4846281,51.5100985],[-0.4833798,51.51011],[-0.4827654,51.5101123],[-0.4819668,51.5101165],[-0.4810919,51.5101133],[-0.4801319,51.5101017],[-0.4793095,51.5100891],[-0.4789241,51.5100825],[-0.4785454,51.5100731],[-0.4781681,51.5100677],[-0.4777138,51.5100534],[-0.4776039,51.51005],[-0.4773528,51.5100441],[-0.4765445,51.510019],[-0.475938,51.5100034],[-0.4752403,51.5099848],[-0.4747081,51.5099687],[-0.4743595,51.5099596],[-0.4742966,51.5099572],[-0.4739671,51.5099445],[-0.4730399,51.5099148],[-0.4724247,51.5098918],[-0.4718852,51.5098646],[-0.4712249,51.5098255],[-0.4710215,51.5098116],[-0.4705353,51.5097725],[-0.4699673,51.5097243],[-0.4658834,51.5093701],[-0.4657317,51.5093575],[-0.4654461,51.5093323],[-0.4647762,51.5092728],[-0.4641208,51.5092105],[-0.4637566,51.5091789],[-0.4623643,51.5090394],[-0.4616592,51.5089625],[-0.4608572,51.5088731],[-0.4601014,51.5087827],[-0.4593959,51.5086949],[-0.4586865,51.5086021],[-0.4578433,51.5084947],[-0.4569446,51.5083695],[-0.4560731,51.5082487],[-0.4551834,51.5081157],[-0.454424,51.5080027],[-0.4536724,51.5078882],[-0.4529134,51.5077703],[-0.4526262,51.5077202],[-0.4516939,51.5075628],[-0.4510673,51.5074535],[-0.4504573,51.5073474],[-0.4494184,51.5071615],[-0.4487267,51.5070317],[-0.4473989,51.5067691],[-0.4466129,51.5066082],[-0.4463306,51.5065486],[-0.4453579,51.5063477],[-0.4444075,51.5061495],[-0.4434799,51.5059591],[-0.4425291,51.505769],[-0.4416426,51.5055932],[-0.4406052,51.5053951],[-0.4395723,51.5051981],[-0.4384635,51.5049979],[-0.4373604,51.5048145],[-0.4353176,51.5045025],[-0.4346527,51.5044122],[-0.4340786,51.5043314],[-0.4339495,51.5043132],[-0.4330007,51.504182],[-0.4320966,51.5040634],[-0.4312344,51.5039601],[-0.4301078,51.5038315],[-0.4290691,51.5037227],[-0.4278873,51.5036121],[-0.4267721,51.5035158],[-0.4259082,51.5034434]],[[-0.4877284,51.4723227],[-0.4843815,51.4723191],[-0.4837255,51.4723114],[-0.4841702,51.4722699],[-0.4850124,51.472143],[-0.4854053,51.4721156],[-0.4877252,51.4721177]],[[-0.4598078,51.4694959],[-0.4600502,51.4694176],[-0.4602968,51.4693379]],[[-0.4598295,51.4695185],[-0.4600607,51.4694226],[-0.4602968,51.4693379]],[[-0.4602968,51.4693379],[-0.4612034,51.4690365],[-0.461783,51.4688703],[-0.4624041,51.4687296],[-0.4629014,51.4686318],[-0.4637282,51.4685455],[-0.4644067,51.4685245],[-0.4650461,51.4685265],[-0.4656956,51.468561],[-0.466246,51.4686048],[-0.4665137,51.468631],[-0.4667868,51.4686577],[-0.4676161,51.4687615],[-0.4688979,51.4689617],[-0.4700764,51.4691539],[-0.4722495,51.4696815],[-0.4735209,51.4700451],[-0.4752804,51.4705891],[-0.4761314,51.4708677],[-0.4776408,51.4713617],[-0.4792147,51.4717727],[-0.4805987,51.4720159],[-0.4811108,51.4720848],[-0.4824602,51.4722665],[-0.483365,51.4723167],[-0.4824541,51.4723344],[-0.4813638,51.4723505],[-0.4810418,51.4723442],[-0.4804056,51.4723153],[-0.4793832,51.4721716],[-0.4781043,51.471921],[-0.4767365,51.4715688],[-0.4758145,51.4712464],[-0.4750873,51.4709921],[-0.4733439,51.4703739],[-0.4719706,51.4700021],[-0.470034,51.4695455],[-0.468827,51.4693714],[-0.4675042,51.4692421],[-0.4664576,51.4691679],[-0.4652334,51.4691375],[-0.4641599,51.4691716],[-0.4626149,51.4693233],[-0.4618746,51.4694535],[-0.4613397,51.4695706],[-0.4607858,51.4697213],[-0.4601228,51.4699112],[-0.4590809,51.4702556],[-0.458058,51.4706199],[-0.4571482,51.4709529],[-0.4565829,51.4711841],[-0.4561687,51.4713518]],[[-0.4598078,51.4694959],[-0.460045,51.4694089],[-0.4602784,51.4693122]],[[-0.4602784,51.4693122],[-0.4600502,51.4694176],[-0.4598295,51.4695185]],[[-0.4602784,51.4693122],[-0.4611246,51.468911],[-0.4617468,51.4685724],[-0.4620534,51.4683952],[-0.4622715,51.4682692],[-0.4628355,51.4677789],[-0.4632993,51.4673458],[-0.4635477,51.46707],[-0.4638105,51.4666606],[-0.4640798,51.4661892],[-0.4642692,51.4657745],[-0.464377,51.4653942],[-0.4644569,51.4649206],[-0.464477,51.46448],[-0.4644352,51.4639419],[-0.4643526,51.4635093],[-0.4642104,51.4630516],[-0.4639304,51.4624012],[-0.4636338,51.4618429],[-0.4631595,51.4611447],[-0.4622825,51.4601883],[-0.4618597,51.4597972],[-0.4608466,51.4590207],[-0.4608109,51.4589933],[-0.4597032,51.4583458],[-0.458942,51.4579848],[-0.4583873,51.4577595],[-0.4575333,51.4575008],[-0.456696,51.4573097],[-0.4552738,51.4571271],[-0.455146,51.4571159],[-0.4540078,51.4570158],[-0.4532241,51.4569321]],[[-0.4598295,51.4695185],[-0.4593578,51.4697301],[-0.4590677,51.4698704],[-0.4587626,51.4700104],[-0.4582568,51.4702532],[-0.4580498,51.470358],[-0.4570035,51.4709326],[-0.4565533,51.4711682],[-0.4561687,51.4713518]],[[-0.4361994,51.5046004],[-0.4371286,51.5047242],[-0.438309,51.5048712],[-0.4384239,51.5048894],[-0.439618,51.5051091],[-0.4404515,51.5052698],[-0.4413072,51.5054396],[-0.4424447,51.5056659],[-0.4431511,51.505808],[-0.4433034,51.5058336],[-0.4434802,51.5058667],[-0.443628,51.5058936],[-0.4438047,51.5059182],[-0.4439531,51.5059349],[-0.4440971,51.5059503],[-0.4442722,51.5059658],[-0.4444796,51.505976],[-0.4447272,51.5059735],[-0.4449651,51.5059709],[-0.4451789,51.5059608],[-0.4454211,51.5059409],[-0.4456522,51.5059161],[-0.445884,51.5058778],[-0.4461653,51.5058208],[-0.4464296,51.5057577],[-0.4466929,51.5056825],[-0.446975,51.5055806],[-0.4471483,51.5055156],[-0.4473133,51.5054377],[-0.447477,51.5053551],[-0.4476674,51.5052433],[-0.4478293,51.5051392],[-0.4479745,51.5050285],[-0.4480791,51.5049444],[-0.4482266,51.5048109],[-0.4483353,51.5047023],[-0.4484479,51.5045671],[-0.4485673,51.5044127],[-0.4487175,51.5042073],[-0.4489606,51.5038684],[-0.4489884,51.503827],[-0.4490989,51.503662],[-0.4491671,51.5035674],[-0.4497449,51.5027083],[-0.4499346,51.5024298],[-0.4501602,51.5020386],[-0.4502907,51.5018503],[-0.4503539,51.5017491],[-0.4504228,51.50163],[-0.4505016,51.5014845],[-0.4507379,51.5010444],[-0.4511159,51.5001829],[-0.4514152,51.4992503],[-0.4516373,51.4981421],[-0.4516542,51.4974471],[-0.4516349,51.496769],[-0.4514222,51.4949502],[-0.4510963,51.4924014],[-0.4507441,51.489436],[-0.4505636,51.4880126],[-0.4505554,51.4879469],[-0.4503369,51.4862013],[-0.4502431,51.4856955],[-0.4500387,51.4849636],[-0.4495985,51.4838973],[-0.4492957,51.4832091],[-0.4486262,51.4817476],[-0.4481968,51.4808253],[-0.4477095,51.4797536],[-0.4475749,51.4794549],[-0.4473795,51.4790214],[-0.447187,51.4784266],[-0.4471352,51.4780535],[-0.4471116,51.4773885],[-0.4471621,51.4769235],[-0.4472838,51.4766007],[-0.4473396,51.4763922],[-0.4474952,51.4760391],[-0.4476223,51.4757821],[-0.4477934,51.4754968],[-0.4480241,51.4752051],[-0.4483513,51.4748473],[-0.449031,51.4742562],[-0.4496635,51.4738211],[-0.4503091,51.4734908],[-0.4511293,51.4730856],[-0.4516641,51.4728378],[-0.4521298,51.472636],[-0.4543824,51.4715401],[-0.4554943,51.4711188],[-0.457432,51.4703845],[-0.4582347,51.4700423],[-0.4589088,51.4697974],[-0.4593537,51.4696482],[-0.4598078,51.4694959]],[[-0.4561687,51.4713518],[-0.4554763,51.4716558],[-0.4544923,51.4720878],[-0.4525326,51.472934],[-0.4524941,51.4729513],[-0.4522411,51.4730877],[-0.4519975,51.4732495],[-0.4512599,51.473719],[-0.4504435,51.4742346],[-0.4497139,51.4747131],[-0.4492083,51.4751405],[-0.4487623,51.4755794],[-0.4482714,51.476167],[-0.4480837,51.4764868],[-0.4479034,51.4769205],[-0.4477537,51.4774635],[-0.4476877,51.4781173],[-0.4476781,51.4784294],[-0.4477792,51.4790076],[-0.4480262,51.4797434],[-0.4481424,51.4800094],[-0.4485047,51.4808384],[-0.4489245,51.4817414],[-0.4495016,51.4830666],[-0.4495444,51.4831649],[-0.4495729,51.4832269],[-0.4498627,51.483858],[-0.4502924,51.4849489],[-0.4505099,51.4856745],[-0.4505963,51.4862008],[-0.4508158,51.4879334],[-0.4508246,51.4880032],[-0.4510029,51.4894158],[-0.4513809,51.4924209],[-0.4516786,51.494955],[-0.4517864,51.4967785],[-0.4517448,51.4977028],[-0.451666,51.4983179],[-0.4514844,51.4992552],[-0.4511808,51.5002017],[-0.4507977,51.5010526],[-0.4505554,51.5014942],[-0.4504943,51.5016057],[-0.4504412,51.501701],[-0.4503823,51.5017999],[-0.4503259,51.5018891],[-0.4502809,51.5019579],[-0.4499898,51.5024456],[-0.4497584,51.5028165],[-0.4496625,51.5029682],[-0.4494781,51.5032296],[-0.4490787,51.5038249],[-0.4489069,51.5040787],[-0.4488468,51.504168],[-0.4487971,51.5042435],[-0.448747,51.5043105],[-0.448718,51.5043564],[-0.4486696,51.5044211],[-0.4486364,51.5044675],[-0.4486045,51.5045048],[-0.4485419,51.5045868],[-0.4484872,51.5046613],[-0.4484255,51.5047323],[-0.4483688,51.5047956],[-0.4482774,51.5048861],[-0.4481736,51.5049823],[-0.448096,51.5050462],[-0.4478904,51.5052051],[-0.4477441,51.5053086],[-0.4476691,51.5053537],[-0.4476141,51.5053854],[-0.4475569,51.5054199],[-0.4474613,51.5054706],[-0.4473871,51.5055095],[-0.4473121,51.5055531],[-0.4472164,51.5055994],[-0.4471473,51.5056297],[-0.4470838,51.5056566],[-0.4470399,51.5056758],[-0.4469676,51.5057061],[-0.4468804,51.5057399],[-0.4466961,51.505808],[-0.4466014,51.5058439],[-0.4464679,51.5058821],[-0.4463425,51.5059194],[-0.4461796,51.5059636],[-0.4460485,51.5059933],[-0.4459288,51.5060194],[-0.4458038,51.5060436],[-0.4456929,51.5060645],[-0.4455803,51.5060808],[-0.4454609,51.5060973],[-0.4453826,51.5061076],[-0.4451909,51.5061243],[-0.445021,51.5061392],[-0.444862,51.5061496],[-0.4447541,51.5061516],[-0.4446197,51.506156],[-0.4444901,51.506157],[-0.4443231,51.5061561],[-0.4441601,51.50615],[-0.4439817,51.5061389],[-0.4437617,51.5061207],[-0.4435535,51.506091],[-0.4434128,51.5060699],[-0.4432756,51.5060511],[-0.443143,51.5060284],[-0.4428101,51.5059694],[-0.4420174,51.5058216],[-0.4410028,51.5056305],[-0.4402109,51.5054818],[-0.4389811,51.5052483],[-0.4372738,51.5049323],[-0.4360299,51.5047111],[-0.4349864,51.5045493],[-0.4339333,51.5044058],[-0.4331379,51.5042906],[-0.4323763,51.5041848],[-0.4319798,51.504129],[-0.4303081,51.503896],[-0.4296506,51.5038168],[-0.4287507,51.503725],[-0.4278723,51.5036462],[-0.4270645,51.5035612],[-0.4259082,51.5034434]],[[-0.4532241,51.4569321],[-0.4519951,51.4568216],[-0.4511051,51.4567963],[-0.4503473,51.4568887],[-0.4499244,51.4569289],[-0.4493362,51.4571034],[-0.4485823,51.4573434],[-0.4476793,51.457723],[-0.4453868,51.4593196]],[[-0.4532241,51.4569321],[-0.4518084,51.4568898],[-0.4511309,51.4569683],[-0.4500033,51.4571807],[-0.4488719,51.4575576],[-0.4479787,51.4578967],[-0.447745,51.458061],[-0.4473635,51.4583292],[-0.4457182,51.4594858]],[[-0.0448162,51.5172795],[-0.0448702,51.5173029],[-0.0464647,51.517994],[-0.0465569,51.5180339],[-0.047614,51.5184204],[-0.0489468,51.5188854],[-0.0499768,51.5192276],[-0.0508404,51.5194829],[-0.0517692,51.5197495],[-0.0523694,51.5198788],[-0.0530533,51.51999],[-0.0539892,51.5200989],[-0.0544648,51.5201324],[-0.0550219,51.5201543],[-0.0563231,51.5201369],[-0.057534,51.5200888],[-0.0605312,51.5199698],[-0.0605791,51.5199679],[-0.060616,51.5199664],[-0.0608992,51.5199552],[-0.0622465,51.519897],[-0.0623631,51.519892],[-0.0634264,51.5198856],[-0.0644526,51.5198795],[-0.0656195,51.5198907],[-0.0663856,51.5198981],[-0.0678376,51.5199035],[-0.0693665,51.5199118],[-0.070883,51.519925],[-0.0718314,51.5199063],[-0.0722655,51.5198838],[-0.0728319,51.5198292],[-0.0733676,51.5197529],[-0.0739624,51.5196281],[-0.0744189,51.5195091],[-0.074871,51.5193647],[-0.0755756,51.5191076],[-0.0762274,51.5188373],[-0.0769654,51.5184937],[-0.0781681,51.51789],[-0.0790171,51.5174756],[-0.0796091,51.5172355],[-0.0799653,51.5171154],[-0.0803412,51.5169898],[-0.0807649,51.5168621],[-0.0812997,51.5167376],[-0.0816178,51.5167016],[-0.0819595,51.516672],[-0.0823243,51.5166519],[-0.0827154,51.5166629],[-0.083087,51.5166983],[-0.0835054,51.5167621],[-0.0842385,51.5169037],[-0.0843849,51.5169341],[-0.0848222,51.5170248],[-0.0851134,51.5170922],[-0.087972,51.5177539],[-0.088055,51.5177748],[-0.088668,51.517929],[-0.0905409,51.5184004],[-0.0917867,51.5187943],[-0.0941925,51.5196195],[-0.0948208,51.5198034],[-0.0952112,51.5199082],[-0.0956338,51.5199892],[-0.0961058,51.5200639],[-0.0964586,51.5201049],[-0.096827,51.5201247],[-0.0971865,51.5201313],[-0.0975888,51.5201225],[-0.0986703,51.5200889],[-0.0988401,51.5200828],[-0.0996008,51.5200305],[-0.1002846,51.5199369],[-0.1010206,51.5198362],[-0.1017779,51.5197355],[-0.102466,51.5196353],[-0.1038374,51.5194647],[-0.1041607,51.51943],[-0.1047255,51.5193695],[-0.1047623,51.5193655],[-0.1060184,51.5192889],[-0.10681,51.5192794],[-0.108117,51.5193033],[-0.1091405,51.5193274],[-0.1097739,51.519371],[-0.110169,51.519409],[-0.1105743,51.5194725],[-0.1110085,51.5195597],[-0.1115198,51.519661],[-0.1120478,51.5197435],[-0.1124351,51.5197923],[-0.1128822,51.5198446],[-0.1135527,51.5199089],[-0.1140379,51.5199288],[-0.1145666,51.5199171],[-0.1150978,51.5198732],[-0.1156368,51.5197914],[-0.1161759,51.5196813],[-0.1165941,51.5195742],[-0.1170181,51.5194509],[-0.1174164,51.5193143],[-0.1178416,51.5191506],[-0.1186114,51.5188084],[-0.1191293,51.5185573],[-0.1193953,51.5184171],[-0.1198751,51.5181642],[-0.1204835,51.5178225],[-0.1209583,51.5175344],[-0.1214608,51.517221],[-0.1219883,51.5168399],[-0.1223375,51.5165416],[-0.1227477,51.5161623],[-0.1231255,51.5158184],[-0.1234423,51.5155637],[-0.1237961,51.5153156],[-0.124134,51.5151251],[-0.1245256,51.5149675],[-0.1249552,51.5148398],[-0.1255776,51.5147009],[-0.1260071,51.5146458],[-0.1264347,51.5146217],[-0.1268778,51.5146294],[-0.1274063,51.5146565],[-0.1279491,51.5147144],[-0.1284999,51.5147971],[-0.1290374,51.5148688],[-0.1297655,51.514943],[-0.1300717,51.5149634],[-0.1305255,51.5149826],[-0.1308965,51.5149884],[-0.1327841,51.5150177],[-0.1330136,51.515016],[-0.1339519,51.5150094],[-0.1340511,51.5150087],[-0.134211,51.5150076],[-0.1346749,51.5149864],[-0.1351315,51.5149655],[-0.1360267,51.5148807],[-0.1365411,51.5147926],[-0.1371079,51.5146774],[-0.1383709,51.5143219],[-0.1388779,51.5141869],[-0.1394921,51.5140612],[-0.1403102,51.5139447],[-0.1408863,51.5138836],[-0.1414152,51.5138312],[-0.1424465,51.5137392],[-0.1439285,51.5136005],[-0.1450352,51.5135034],[-0.1486131,51.5131895],[-0.1487809,51.5131789],[-0.1492668,51.5131481],[-0.1497194,51.5130997],[-0.1507709,51.5129636],[-0.1519735,51.512762],[-0.1532009,51.5125612],[-0.1553145,51.5122284],[-0.1567274,51.5120078],[-0.1584529,51.5117384],[-0.1594881,51.5115823],[-0.1619958,51.5111547],[-0.1630929,51.5110221],[-0.1642864,51.510958],[-0.1652306,51.5109749],[-0.1662383,51.5110241],[-0.1668831,51.5110735],[-0.1676821,51.5111694],[-0.1685673,51.5113169],[-0.1692244,51.5114607],[-0.1702946,51.5117627],[-0.1711107,51.5120288],[-0.1720847,51.5124207],[-0.1726885,51.5127242],[-0.1727763,51.5127683],[-0.1736999,51.5132858],[-0.1740113,51.5134816],[-0.1744544,51.5138191],[-0.1754458,51.5144932],[-0.1763274,51.5151051],[-0.1766828,51.5153515],[-0.1768297,51.5154521],[-0.1772098,51.5157124],[-0.1788127,51.51681],[-0.1788861,51.5168588],[-0.1796101,51.5173394],[-0.1800269,51.5176161],[-0.1804608,51.5179187],[-0.1808299,51.5181702],[-0.1812393,51.5183642],[-0.1817077,51.5185312],[-0.1823163,51.5186885],[-0.1830056,51.5188555],[-0.1835796,51.5189555],[-0.1843003,51.5190316],[-0.1850612,51.5190546],[-0.1861078,51.5190708],[-0.1870045,51.5191189],[-0.1901427,51.5194107],[-0.190431,51.519438],[-0.1912869,51.5195231],[-0.1922121,51.5196074],[-0.1923577,51.5196226],[-0.1930693,51.519689],[-0.194081,51.5197839],[-0.1942276,51.5197995],[-0.1943667,51.519817],[-0.1945178,51.5198341],[-0.1947322,51.5198625],[-0.1948674,51.519884],[-0.1952874,51.5199552],[-0.1954993,51.5199987],[-0.1957194,51.5200454],[-0.1963084,51.5201713],[-0.1967386,51.5202632],[-0.1980419,51.5205445],[-0.1986498,51.5206887],[-0.1992519,51.5208339],[-0.2001238,51.521057],[-0.2014576,51.521411],[-0.2015285,51.5214277],[-0.2017095,51.5214703],[-0.2019703,51.5215332],[-0.2021555,51.521579],[-0.2025708,51.5216837],[-0.2025972,51.5216912],[-0.2027008,51.5217206],[-0.2028292,51.5217555],[-0.2039055,51.5220551],[-0.2048891,51.5223348],[-0.2054785,51.5225019],[-0.2060128,51.5226484],[-0.2072983,51.5230112],[-0.207849,51.5231675],[-0.2083186,51.5232985],[-0.2085605,51.5233631],[-0.2085761,51.5233672],[-0.2088945,51.5234522],[-0.2094195,51.5235884],[-0.2100915,51.5237528],[-0.2107155,51.5238934],[-0.2113621,51.5240274],[-0.2120027,51.5241519],[-0.2122099,51.524196],[-0.2125302,51.5242602],[-0.2128274,51.5243219],[-0.213488,51.5244504],[-0.2139447,51.5245311],[-0.2144221,51.5246122],[-0.2149513,51.5247014],[-0.215602,51.5248087],[-0.2157995,51.5248422],[-0.2162524,51.5249141],[-0.2174567,51.5250938],[-0.2178179,51.5251438],[-0.2183053,51.525206],[-0.2187432,51.5252626],[-0.2192144,51.525315],[-0.2195233,51.525348],[-0.2195534,51.5253513],[-0.2199177,51.5253908],[-0.220424,51.5254478],[-0.2207908,51.5254809],[-0.2212705,51.5255208],[-0.2217592,51.5255625],[-0.2222135,51.5255978],[-0.222637,51.5256326],[-0.2229999,51.5256633],[-0.2234983,51.5256962],[-0.2238125,51.5257197],[-0.2241209,51.5257417],[-0.2243538,51.5257571],[-0.2247455,51.5257844],[-0.2251124,51.5258073],[-0.2255421,51.5258251],[-0.2259962,51.5258492],[-0.2266379,51.5258674],[-0.2278224,51.525896],[-0.2282157,51.5259011],[-0.2285939,51.5259072],[-0.2288793,51.5259057],[-0.229309,51.5259027],[-0.2295708,51.5259002],[-0.2299123,51.5258936],[-0.2302451,51.5258827],[-0.2304268,51.5258768],[-0.2306863,51.5258684],[-0.2311473,51.5258454],[-0.2315624,51.5258285],[-0.2318576,51.5258143],[-0.232151,51.525803],[-0.2324214,51.5257894],[-0.2327114,51.5257774],[-0.2329705,51.5257655],[-0.2333084,51.5257472],[-0.2336434,51.5257328],[-0.2342683,51.5256999],[-0.2351815,51.5256419],[-0.2362923,51.5255483],[-0.2374506,51.5254283],[-0.238226,51.5253348],[-0.239218,51.5252042],[-0.2400148,51.5250871],[-0.2405401,51.525001],[-0.2411668,51.5248927],[-0.241457,51.524839],[-0.2418401,51.5247681],[-0.242579,51.524619],[-0.2433245,51.5244616],[-0.2452356,51.5240235],[-0.245433,51.5239763],[-0.2454798,51.5239651],[-0.2462756,51.5237749],[-0.2471938,51.5235428],[-0.2485352,51.523186],[-0.2492941,51.5229716],[-0.2501381,51.5227207],[-0.2513958,51.5223345],[-0.2520489,51.522115],[-0.2528216,51.5218441],[-0.2530995,51.5217438],[-0.2539832,51.5214095],[-0.2547536,51.5211026],[-0.2555294,51.5207877],[-0.2565613,51.5203676],[-0.2573438,51.5200488],[-0.2578566,51.519848],[-0.2583268,51.5196625],[-0.2592302,51.5193302],[-0.2601347,51.5190088],[-0.2614686,51.5185309],[-0.2625766,51.5181861],[-0.2633768,51.517967],[-0.2636226,51.5179057],[-0.263977,51.5178174],[-0.2647811,51.517636],[-0.2661446,51.5173492],[-0.2667125,51.517243],[-0.2688176,51.5167798],[-0.2691666,51.5167025],[-0.2700891,51.5165112],[-0.2708432,51.5163624],[-0.2715629,51.5162358],[-0.2729173,51.5160151],[-0.2743234,51.5158085],[-0.2750994,51.5157008],[-0.2758635,51.515603],[-0.2771457,51.5154415],[-0.2784344,51.515308],[-0.2796769,51.5152031],[-0.2807045,51.515146],[-0.2814857,51.5151026],[-0.2822777,51.5150653],[-0.2831629,51.5150268],[-0.2843874,51.5149822],[-0.2848774,51.5149681],[-0.2858497,51.5149463],[-0.2868288,51.5149384],[-0.2888987,51.5149255],[-0.2890831,51.5149254],[-0.2917704,51.5149237],[-0.2923001,51.5149306],[-0.2934771,51.5149461],[-0.2943176,51.5149578],[-0.2950391,51.5149602],[-0.2958196,51.5149594],[-0.2959748,51.5149593],[-0.2971125,51.5149441],[-0.2972507,51.5149396],[-0.2984645,51.5149008],[-0.2985822,51.514897],[-0.29935,51.5148694],[-0.300632,51.5148249],[-0.3013504,51.514788],[-0.3015578,51.514777],[-0.3026464,51.5146986],[-0.3034978,51.5146269],[-0.3044221,51.5145501],[-0.3047799,51.5145218],[-0.3061694,51.5144181],[-0.3136539,51.5139545],[-0.3144925,51.5139025],[-0.3156603,51.5138305],[-0.3167834,51.5137634],[-0.31854,51.5136595],[-0.3193644,51.5136099],[-0.3196113,51.5135942],[-0.3198527,51.5135799],[-0.3208781,51.5134954],[-0.3213689,51.5134512],[-0.3218347,51.5134065],[-0.3229621,51.513299],[-0.3230297,51.5132926],[-0.3234676,51.5132515],[-0.3237545,51.5132231],[-0.3246512,51.5131515],[-0.3252429,51.5130941],[-0.3260205,51.5130189],[-0.3279161,51.5128548],[-0.3293176,51.5127213],[-0.3303696,51.5126189],[-0.331938,51.5124616],[-0.3329351,51.5123616],[-0.3342056,51.5122362],[-0.3348325,51.5121749],[-0.3351553,51.5121414],[-0.3354981,51.5121127],[-0.3359052,51.5120731],[-0.3363671,51.5120269],[-0.3367269,51.5119916],[-0.3376724,51.5119057],[-0.3377227,51.5118998],[-0.3380182,51.5118688],[-0.339125,51.5117334],[-0.3396882,51.5116448],[-0.3398003,51.5116258],[-0.3404195,51.5115206],[-0.3408601,51.5114419],[-0.3415074,51.5113323],[-0.3426938,51.5111664],[-0.34326,51.5110872],[-0.3467204,51.5106236],[-0.3479126,51.5104637],[-0.3486715,51.5103511],[-0.3516596,51.5099005],[-0.3526813,51.5097497],[-0.3530812,51.5096906],[-0.3537599,51.5095829],[-0.3543753,51.5094831],[-0.3549533,51.5093896],[-0.3556589,51.5092676],[-0.3563761,51.5091428],[-0.357328,51.508986],[-0.358273,51.5088324],[-0.3591763,51.5086941],[-0.3601639,51.5085486],[-0.3620681,51.5082788],[-0.3629719,51.5081501],[-0.3639509,51.5080142],[-0.3645907,51.5079238],[-0.369082,51.5072895],[-0.3693704,51.5072475],[-0.3741812,51.5065845],[-0.3750237,51.506483],[-0.3761162,51.5063511],[-0.3762948,51.5063308],[-0.3766862,51.5062807],[-0.3770951,51.5062214],[-0.3774279,51.5061729],[-0.377846,51.5061028],[-0.3781167,51.5060586],[-0.3783614,51.5060123],[-0.3784781,51.505991],[-0.3790765,51.5058869],[-0.379782,51.5057717],[-0.38058,51.5056557],[-0.3833946,51.5052584],[-0.3887183,51.504511],[-0.3903756,51.5042958],[-0.3911071,51.5042008],[-0.394536,51.5037845],[-0.3965376,51.5035609],[-0.3974804,51.503464],[-0.3981771,51.5033949],[-0.3998114,51.5032438],[-0.4010998,51.5031366],[-0.4026208,51.5030325],[-0.4036088,51.5029727],[-0.4040205,51.5029534],[-0.4048457,51.5029148],[-0.4061303,51.5028583],[-0.4071862,51.5028217],[-0.4076649,51.502809],[-0.409505,51.502764],[-0.4113986,51.5027491],[-0.4131158,51.502762],[-0.4133661,51.5027643],[-0.4138641,51.5027699],[-0.4150735,51.5027914],[-0.4156281,51.5028127],[-0.4171996,51.5028815],[-0.4203463,51.503021],[-0.4204657,51.5030241],[-0.4206233,51.5030301],[-0.4210045,51.5030447],[-0.4213734,51.5030608],[-0.4222723,51.5031109],[-0.4228649,51.5031508],[-0.423328,51.5031892],[-0.4234642,51.5032005],[-0.4246645,51.503305],[-0.425868,51.5034066],[-0.4261063,51.5034292],[-0.4272544,51.5035272],[-0.4279574,51.5035892],[-0.4286326,51.5036481],[-0.4293122,51.503717],[-0.4298878,51.5037781],[-0.430439,51.5038362],[-0.4312623,51.5039302],[-0.4316948,51.5039818],[-0.4321087,51.5040321],[-0.4336831,51.5042451],[-0.4345449,51.5043629],[-0.4352181,51.5044536],[-0.4361994,51.5046004]],[[-0.4259082,51.5034434],[-0.4256472,51.5034194],[-0.4248705,51.5033522],[-0.4237455,51.503255],[-0.4234148,51.5032266],[-0.4230508,51.503198],[-0.4222689,51.5031409],[-0.4215447,51.5031017],[-0.4213663,51.503092],[-0.420615,51.5030581],[-0.4204627,51.5030512],[-0.417267,51.5029209],[-0.4171716,51.5029168],[-0.416705,51.5028982],[-0.4163967,51.5028837],[-0.4158555,51.5028626],[-0.4156858,51.5028565],[-0.4151963,51.5028391],[-0.4149532,51.5028326],[-0.4143114,51.5028124],[-0.4131153,51.5027938],[-0.4113959,51.5027831],[-0.4104396,51.502786],[-0.4103284,51.502789],[-0.4094996,51.5027966],[-0.4076459,51.502838],[-0.4071829,51.5028554],[-0.4061366,51.5028969],[-0.4057286,51.5029154],[-0.4048492,51.5029552],[-0.4039826,51.5030001],[-0.4035526,51.5030184],[-0.4026267,51.5030719],[-0.4011097,51.503169],[-0.400134,51.5032466],[-0.3998627,51.5032719],[-0.3982088,51.5034243],[-0.3974617,51.5034986],[-0.3965457,51.5035913],[-0.3954722,51.5037115],[-0.3945368,51.5038163],[-0.3911183,51.504231],[-0.3887312,51.5045421],[-0.3844767,51.5051379],[-0.3834029,51.5052883],[-0.3815335,51.5055538],[-0.3805906,51.5056957],[-0.3800932,51.5057733],[-0.3790925,51.5059408],[-0.3784331,51.5060513],[-0.3781473,51.5060991],[-0.3779034,51.5061368],[-0.3776759,51.506173],[-0.3774538,51.5062059],[-0.3772863,51.5062317],[-0.377095,51.5062581],[-0.3767013,51.5063138],[-0.3763005,51.506364],[-0.3761508,51.5063798],[-0.3753304,51.506478],[-0.3750297,51.506514],[-0.3741209,51.5066245],[-0.3733968,51.5067167],[-0.3728133,51.5067955],[-0.37201,51.506907],[-0.3719321,51.5069178],[-0.3672816,51.5075737],[-0.3670377,51.5076095],[-0.3662708,51.5077207],[-0.3652674,51.5078547],[-0.3643406,51.5079896],[-0.3634664,51.5081139],[-0.3627227,51.5082184],[-0.3624605,51.508256],[-0.3621087,51.5083064],[-0.3614153,51.5084021],[-0.3606087,51.5085168],[-0.3598452,51.5086262],[-0.3591798,51.5087272],[-0.3586232,51.5088091],[-0.3579378,51.5089169],[-0.3573737,51.5090096],[-0.3568639,51.5090948],[-0.3563565,51.5091784],[-0.355734,51.509288],[-0.3551609,51.5093884],[-0.3546489,51.5094723],[-0.3545102,51.509495],[-0.354389,51.5095158],[-0.353793,51.5096107],[-0.353082,51.5097205],[-0.3523832,51.509826],[-0.351761,51.5099179],[-0.3510708,51.5100232],[-0.3501335,51.5101623],[-0.3500216,51.5101771],[-0.3487594,51.510366],[-0.347919,51.5104952],[-0.3467327,51.5106569],[-0.3432701,51.5111195],[-0.3416934,51.5113392],[-0.341519,51.5113635],[-0.3408784,51.5114662],[-0.3404381,51.511546],[-0.3400558,51.5116133],[-0.339819,51.5116548],[-0.3396021,51.5116929],[-0.3391896,51.5117537],[-0.3389167,51.5117936],[-0.3382524,51.5118769],[-0.337757,51.5119294],[-0.3375143,51.5119526],[-0.3368355,51.5120129],[-0.3367528,51.512022],[-0.3364033,51.5120554],[-0.3362616,51.5120683],[-0.335365,51.5121538],[-0.3348392,51.5122063],[-0.3342841,51.5122584],[-0.3337141,51.5123186],[-0.3331593,51.5123719],[-0.3326126,51.5124272],[-0.331987,51.512487],[-0.3314846,51.5125337],[-0.3309914,51.5125837],[-0.3304331,51.5126361],[-0.3299146,51.512688],[-0.3293307,51.5127425],[-0.3287255,51.5128043],[-0.3281599,51.5128585],[-0.3276757,51.5128992],[-0.3271789,51.5129438],[-0.3265752,51.5129948],[-0.3260252,51.5130464],[-0.3252381,51.5131167],[-0.324654,51.5131721],[-0.3241061,51.5132236],[-0.3238747,51.5132452],[-0.322967,51.5133295],[-0.3228153,51.513344],[-0.3221239,51.5134104],[-0.3215864,51.5134613],[-0.3208599,51.5135285],[-0.3200495,51.5135952],[-0.3198624,51.51361],[-0.3196163,51.5136265],[-0.3193706,51.5136417],[-0.3191021,51.5136575],[-0.3185472,51.5136901],[-0.3167847,51.5137941],[-0.315661,51.5138615],[-0.314497,51.513932],[-0.3069859,51.5143983],[-0.3061745,51.5144487],[-0.3047837,51.5145537],[-0.3044452,51.5145761],[-0.3035139,51.5146581],[-0.3026497,51.51473],[-0.3015564,51.5148075],[-0.3006293,51.5148545],[-0.2993554,51.5149014],[-0.2990531,51.5149121],[-0.2985972,51.5149283],[-0.2984694,51.5149322],[-0.2971133,51.5149739],[-0.2959688,51.514992],[-0.29485,51.5149924],[-0.2934842,51.5149788],[-0.2923016,51.51496],[-0.2917623,51.5149547],[-0.2904188,51.5149527],[-0.2893513,51.5149592],[-0.2888002,51.5149626],[-0.2868649,51.5149692],[-0.2858618,51.5149772],[-0.2847383,51.5150002],[-0.2842746,51.5150165],[-0.2831594,51.5150578],[-0.2827699,51.5150732],[-0.2822488,51.5150974],[-0.2814857,51.5151338],[-0.2796938,51.5152337],[-0.2784411,51.5153397],[-0.2771514,51.5154706],[-0.2758754,51.515633],[-0.2751142,51.51573],[-0.2743287,51.5158405],[-0.2732746,51.5159953],[-0.2729415,51.5160453],[-0.2715928,51.5162623],[-0.2708556,51.5163929],[-0.2701092,51.5165395],[-0.2691723,51.5167358],[-0.2668959,51.5172361],[-0.2667953,51.5172578],[-0.2666847,51.5172805],[-0.2662803,51.517353],[-0.2653028,51.5175544],[-0.2647818,51.5176657],[-0.2639961,51.5178459],[-0.2633975,51.5179946],[-0.2625968,51.5182161],[-0.2620131,51.5183903],[-0.2614994,51.5185562],[-0.2601585,51.5190342],[-0.2597819,51.5191671],[-0.2592463,51.5193561],[-0.258344,51.5196941],[-0.2578801,51.5198802],[-0.2573606,51.5200925],[-0.2564334,51.5204813],[-0.2555942,51.5208183],[-0.2547742,51.5211385],[-0.254019,51.5214359],[-0.2535433,51.5216133],[-0.2534112,51.5216626],[-0.2531323,51.5217666],[-0.2528564,51.5218688],[-0.2520682,51.5221449],[-0.2514247,51.5223611],[-0.2501577,51.522751],[-0.2493126,51.522999],[-0.2485582,51.5232136],[-0.2469488,51.523639],[-0.246751,51.5236908],[-0.2452541,51.5240541],[-0.244943,51.5241254],[-0.2433358,51.5244938],[-0.2425897,51.5246498],[-0.2418433,51.5247969],[-0.2411829,51.5249219],[-0.2405446,51.5250311],[-0.2400215,51.5251171],[-0.2392362,51.5252345],[-0.2382349,51.5253644],[-0.2376949,51.5254307],[-0.2374627,51.5254592],[-0.2366245,51.5255477],[-0.2365021,51.5255598],[-0.2351895,51.5256703],[-0.2338554,51.5257546],[-0.2323836,51.5258234],[-0.2317867,51.5258476],[-0.2311828,51.5258769],[-0.2306033,51.5259025],[-0.2297434,51.5259285],[-0.2293104,51.5259371],[-0.2288682,51.5259386],[-0.2284854,51.5259343],[-0.2277527,51.525926],[-0.2266324,51.5258987],[-0.2259851,51.5258784],[-0.2256797,51.5258647],[-0.2254609,51.5258556],[-0.2249179,51.5258319],[-0.2243619,51.5258052],[-0.2239107,51.5257779],[-0.2232321,51.5257269],[-0.2216308,51.5255828],[-0.2209989,51.525529],[-0.2202434,51.525458],[-0.219543,51.5253835],[-0.2188901,51.5253141],[-0.2178009,51.5251783],[-0.2171073,51.5250782],[-0.2166848,51.5250186],[-0.2155145,51.5248415],[-0.2151542,51.5247861],[-0.2150571,51.5247676],[-0.2141328,51.5246098],[-0.2130254,51.5244065],[-0.2124798,51.524306],[-0.2119027,51.5241906],[-0.2108059,51.5239591],[-0.2098498,51.5237332],[-0.2089056,51.5234926],[-0.20856,51.5233977],[-0.20854,51.5233922],[-0.2078161,51.5231933],[-0.2067162,51.5228813],[-0.2056842,51.522591],[-0.2054296,51.5225176],[-0.2043307,51.5222081],[-0.2042567,51.5221872],[-0.2033007,51.5219188],[-0.2027564,51.5217725],[-0.2026776,51.5217514],[-0.2025242,51.5217101],[-0.2018442,51.5215366],[-0.2016979,51.5215031],[-0.2012732,51.5214057],[-0.2010117,51.5213473],[-0.2007899,51.5213023],[-0.2002779,51.521212],[-0.1996598,51.5211163],[-0.1992438,51.5210549],[-0.1987919,51.5209688],[-0.1986152,51.5209267],[-0.1979196,51.5207685],[-0.1973811,51.520645],[-0.1972283,51.52061],[-0.1960098,51.5203348],[-0.1945809,51.5200057],[-0.1942201,51.5199235],[-0.1938749,51.5198559],[-0.193401,51.5197764],[-0.1931754,51.5197433],[-0.192931,51.519713],[-0.1923488,51.519653],[-0.1922012,51.5196386],[-0.1912581,51.5195506],[-0.1907575,51.5195057],[-0.1904541,51.519483],[-0.1901318,51.5194602],[-0.1869827,51.5192128],[-0.1861292,51.5191716],[-0.1850451,51.5191604],[-0.1842458,51.5191347],[-0.1835817,51.5190467],[-0.1829721,51.5189367],[-0.1823956,51.518816],[-0.1816367,51.518636],[-0.1811281,51.5184639],[-0.1806724,51.5182483],[-0.1803738,51.5180659],[-0.1803216,51.518034],[-0.1798605,51.5177216],[-0.1794403,51.517437],[-0.1792041,51.5172769],[-0.1787451,51.5169577],[-0.1771694,51.515862],[-0.1770623,51.5157863],[-0.1766931,51.5155254],[-0.1762283,51.515197],[-0.1738943,51.5135938],[-0.1735629,51.5133892],[-0.1726486,51.5128891],[-0.1719485,51.5125469],[-0.1709904,51.5121714],[-0.1701781,51.5119034],[-0.1691396,51.5115838],[-0.1684878,51.5114432],[-0.1676332,51.511309],[-0.1668038,51.5112107],[-0.1662003,51.511156],[-0.1652233,51.5110913],[-0.1642928,51.5110813],[-0.1631314,51.5111419],[-0.1620478,51.5112893],[-0.1609543,51.5114821],[-0.1595401,51.5117384],[-0.1585556,51.5119552],[-0.1554791,51.51255],[-0.1534057,51.5129513],[-0.1528546,51.5130482],[-0.1522065,51.513162],[-0.1521209,51.5131771],[-0.1509496,51.5133539],[-0.1498578,51.5134983],[-0.148932,51.5136211],[-0.148902,51.5136251],[-0.1460497,51.5138845],[-0.1451445,51.5139683],[-0.1446761,51.514003],[-0.1443104,51.5140301],[-0.1441668,51.5140369],[-0.1439408,51.5140475],[-0.143533,51.5140667],[-0.1428013,51.5140772],[-0.1421325,51.5140721],[-0.1415074,51.5140674],[-0.1408368,51.5140898],[-0.1403333,51.5141198],[-0.1395387,51.514226],[-0.1389593,51.5143347],[-0.1384397,51.5144748],[-0.1373581,51.5148296],[-0.1362798,51.5151369],[-0.1354517,51.5153182],[-0.1347748,51.5154389],[-0.1343594,51.5155129],[-0.1341376,51.5155386],[-0.1334483,51.5156183],[-0.1325415,51.5156749],[-0.1317388,51.515711],[-0.1311403,51.5157211],[-0.1309503,51.5157243],[-0.1297888,51.5156791],[-0.1285264,51.51563],[-0.1279022,51.5156218],[-0.1274,51.5156418],[-0.1264416,51.5157382],[-0.1259671,51.5158229],[-0.1254458,51.5159245],[-0.1249255,51.5160441],[-0.1244787,51.5161706],[-0.1240546,51.5163051],[-0.1236549,51.516457],[-0.1232821,51.5166375],[-0.1228207,51.5168963],[-0.1222092,51.5172818],[-0.121386,51.5178003],[-0.1206562,51.518208],[-0.1194117,51.5187836],[-0.1185798,51.5190978],[-0.1180004,51.5193051],[-0.1175828,51.5194427],[-0.11745,51.519483],[-0.1169708,51.5196285],[-0.1163191,51.5198031],[-0.1157048,51.5199387],[-0.1151398,51.5200247],[-0.114585,51.5200689],[-0.1140285,51.5200753],[-0.1135135,51.5200569],[-0.1128272,51.5199972],[-0.1120069,51.5198885],[-0.1115841,51.5198154],[-0.1110828,51.5197118],[-0.1104642,51.5195905],[-0.109966,51.5195177],[-0.1094959,51.5194687],[-0.1088813,51.5194332],[-0.1084581,51.5194119],[-0.1081999,51.5194041],[-0.1081168,51.5194023],[-0.1076541,51.5194245],[-0.1071186,51.5194881],[-0.1066833,51.5195493],[-0.1062483,51.519621],[-0.1055679,51.5197347],[-0.1048714,51.5198268],[-0.1043462,51.5198852],[-0.104067,51.5199162],[-0.1009316,51.5201744],[-0.1006893,51.5201946],[-0.1004036,51.5202179],[-0.100328,51.5202241],[-0.0996294,51.5202387],[-0.09867,51.5202588],[-0.0977406,51.5202551],[-0.0972391,51.5202515],[-0.0971711,51.520251],[-0.0967929,51.5202323],[-0.0965649,51.5202231],[-0.0962899,51.5201936],[-0.096086,51.5201649],[-0.0955991,51.5200937],[-0.0947192,51.5199137],[-0.0939977,51.5197083],[-0.0932283,51.519467],[-0.0921203,51.5191313],[-0.0913666,51.518911],[-0.0901381,51.5185506],[-0.0894311,51.5183659],[-0.0889721,51.518274],[-0.08849,51.5181908],[-0.0880566,51.5181299],[-0.0879198,51.5181074],[-0.084972,51.5176229],[-0.0847987,51.5175947],[-0.0841472,51.5174886],[-0.0829002,51.5172855],[-0.0824227,51.5172322],[-0.0819283,51.5172107],[-0.081472,51.5172234],[-0.0809139,51.5172713],[-0.0804464,51.5173401],[-0.0799239,51.5174835],[-0.0794392,51.5176031],[-0.0790297,51.5177269],[-0.0786064,51.5178942],[-0.0771011,51.5186459],[-0.0766057,51.5188686],[-0.0762849,51.5190128],[-0.0755097,51.5193249],[-0.0749643,51.5195121],[-0.0743778,51.5196871],[-0.0737582,51.519839],[-0.0733053,51.5199273],[-0.0726263,51.5200192],[-0.0718431,51.5200775],[-0.0709473,51.5201027],[-0.0667044,51.5201668],[-0.065202,51.5202167],[-0.0642583,51.5202584],[-0.0639898,51.5202703],[-0.0613369,51.5203731],[-0.0608079,51.5203955],[-0.0578158,51.5205222],[-0.0576423,51.520529],[-0.056254,51.5205835],[-0.0561737,51.5205867],[-0.0551115,51.5206016],[-0.0544571,51.5205863],[-0.0540091,51.5205612],[-0.0532822,51.5204796],[-0.0526277,51.5203699],[-0.0518955,51.5202078],[-0.050785,51.5198991],[-0.0502263,51.5197083],[-0.0496291,51.5194785],[-0.0486583,51.519084],[-0.047486,51.518639],[-0.046271,51.5182218],[-0.0446375,51.5177075]],[[0.1210182,51.4911182],[0.12095,51.4911158],[0.1181837,51.4910176],[0.1178534,51.4910064],[0.1178012,51.4910046],[0.117726,51.491002],[0.1142949,51.4908831],[0.1135742,51.4908583],[0.1127559,51.4908303],[0.1112878,51.4907782],[0.1111629,51.4907739],[0.1105667,51.4907533],[0.1104925,51.4907507],[0.1084332,51.4906795],[0.108149,51.4906703],[0.1079293,51.4906621],[0.1069562,51.490628],[0.1068435,51.4906235],[0.1064393,51.4906098],[0.1055037,51.4905772],[0.1051672,51.490565],[0.1048198,51.4905544],[0.1047368,51.4905519],[0.1046525,51.4905498],[0.1044731,51.4905462],[0.1041341,51.4905396],[0.1033356,51.4905245],[0.1028193,51.4905154],[0.1023006,51.4905038],[0.1021462,51.4904997],[0.1005967,51.4904575],[0.0992686,51.4904209],[0.0990499,51.4904149],[0.0967075,51.4903522],[0.0965593,51.4903483],[0.0963464,51.490342],[0.0920019,51.4902127],[0.0899708,51.4902419],[0.0887191,51.4902599],[0.0875644,51.4903279],[0.0866109,51.4904243],[0.0859342,51.4905071],[0.0853352,51.4905937],[0.0846796,51.4906679],[0.0828852,51.4908913],[0.0820883,51.4909737],[0.0814969,51.4910051],[0.0790144,51.4911818],[0.0781463,51.49123],[0.0777544,51.4912371],[0.0773175,51.4912207],[0.0767606,51.4911865],[0.0761325,51.4911312],[0.0756259,51.4910943],[0.0753014,51.4910773],[0.0749422,51.4910675],[0.0745905,51.4910654],[0.0743233,51.4910997],[0.074157,51.4911211],[0.0703949,51.4919328],[0.070264,51.4919599],[0.0698946,51.4920363],[0.0692995,51.4921757],[0.0691035,51.4922304],[0.0687021,51.4923424],[0.0682132,51.4925058],[0.0678289,51.4926529],[0.0675377,51.492805],[0.0672256,51.4929866],[0.0667621,51.4932976],[0.0664448,51.4935741],[0.0662543,51.4938026],[0.0661786,51.4939024],[0.0660056,51.4941306],[0.0659951,51.4941444],[0.0659382,51.4942194],[0.0657374,51.4945715],[0.0656084,51.4948817],[0.0653452,51.4955734],[0.0651982,51.4960091],[0.0649904,51.4967024],[0.0648574,51.4970222],[0.0646774,51.497342],[0.0643537,51.4977796],[0.0640007,51.498175],[0.0636079,51.4985457],[0.0633774,51.498735],[0.0632268,51.4988416],[0.0630823,51.4989289],[0.0630346,51.4989561],[0.062886,51.4990407],[0.0624608,51.4992709],[0.0619775,51.4994988],[0.0614861,51.4996907],[0.0609365,51.4998637],[0.0600683,51.500061],[0.0592356,51.5002227],[0.0584088,51.5003445],[0.0572847,51.5004994],[0.0561625,51.5006694],[0.0556149,51.5007516],[0.0544785,51.5009404],[0.0535405,51.5010805],[0.0522078,51.5012378],[0.0498521,51.5015109],[0.0483554,51.5016788],[0.048223,51.5016939],[0.0474002,51.5017881],[0.0464269,51.5019272],[0.0458454,51.5020355],[0.0453787,51.5021491],[0.0445909,51.5023976],[0.0441185,51.5025775],[0.0436744,51.502764],[0.0432695,51.5029682],[0.0428167,51.503224],[0.0424706,51.5034926],[0.0420871,51.5038075],[0.0417491,51.5041202],[0.0414642,51.5044544],[0.0411486,51.5048608],[0.0410229,51.505035],[0.0408338,51.5053548],[0.040499,51.5059505],[0.040322,51.5062532],[0.0400005,51.5067718],[0.0395552,51.5073331],[0.0391946,51.5076946],[0.0389053,51.5079235],[0.0385787,51.5081471],[0.0382216,51.5083604],[0.0377863,51.5085822],[0.0373653,51.5087454],[0.0368943,51.5088958],[0.036609,51.5089789],[0.0362593,51.5090652],[0.0353861,51.5092552],[0.034342,51.5094554],[0.0340088,51.5095131],[0.0336018,51.5095774],[0.0330806,51.5096478],[0.0325665,51.5097173],[0.0320727,51.5097831],[0.0317128,51.5098053],[0.031385,51.5098203],[0.0309321,51.5098378],[0.0306038,51.5098375],[0.0301464,51.5098288],[0.0296882,51.5098175],[0.0292965,51.5098067],[0.027664,51.5097618],[0.0270935,51.5097558],[0.0263137,51.5097504],[0.0250529,51.509758],[0.0250129,51.509758],[0.0243049,51.5097586],[0.023906,51.509752],[0.0235593,51.5097403],[0.0231192,51.5097154],[0.0224573,51.5096668],[0.0219473,51.5096323],[0.0198178,51.5095109],[0.0193015,51.5094705],[0.0188094,51.5094177],[0.0182763,51.5093539],[0.016838,51.5091363],[0.0163604,51.5090764],[0.0157664,51.5090254],[0.0153806,51.5090101],[0.014958,51.5090144],[0.0144601,51.5090353],[0.0140449,51.5090792],[0.0135445,51.5091585],[0.0130916,51.5092551],[0.0124224,51.5094291],[0.0117392,51.50966],[0.010987,51.5099047],[0.0094067,51.5103462],[0.0088858,51.5104716],[0.0083045,51.5105539],[0.0076664,51.5105919],[0.0070782,51.5105949],[0.0063937,51.5105539],[0.0057339,51.5104677],[0.0054102,51.5104255],[0.0049339,51.5103553],[0.004381,51.510271],[0.0030272,51.5100412],[0.0020125,51.5098588],[0.0014084,51.5097294],[0.0009066,51.5096376],[0.0001965,51.5095145],[-0.0003831,51.5093801],[-0.0009901,51.5092082],[-0.0015692,51.5089996],[-0.0022198,51.5087398],[-0.0028848,51.5084671],[-0.0035785,51.508155],[-0.0041927,51.5079169],[-0.0050488,51.5076036],[-0.0074615,51.506776],[-0.0082026,51.5065056],[-0.0096148,51.5060406],[-0.0103381,51.5058374],[-0.0110153,51.505697],[-0.0115625,51.505628],[-0.0121723,51.5055828],[-0.0129259,51.5055637],[-0.0136804,51.5055995],[-0.0150803,51.5057561],[-0.0155594,51.5058097],[-0.0192428,51.5062218],[-0.0194882,51.5062461],[-0.0208801,51.5063901],[-0.0233554,51.5066462],[-0.0249862,51.5069367],[-0.0256407,51.507089],[-0.0264577,51.5073838],[-0.0272929,51.5078172],[-0.028913,51.5089708],[-0.029546,51.5094449],[-0.0302444,51.5099273],[-0.0308549,51.5103607],[-0.031499,51.5107766],[-0.0320579,51.5110741],[-0.0324334,51.5112633],[-0.0327875,51.5114168],[-0.0330813,51.5115319],[-0.0333775,51.511627],[-0.0336513,51.5117106],[-0.0339596,51.5117912],[-0.0346463,51.5119523],[-0.0361081,51.5122514],[-0.0365539,51.5123547],[-0.0370002,51.5124789],[-0.0375887,51.5126827],[-0.0381519,51.5129071],[-0.0382355,51.5129467],[-0.0386562,51.5131461],[-0.0391229,51.5134012],[-0.0394528,51.5136085],[-0.0397988,51.5138485],[-0.040249,51.5142263],[-0.0406471,51.5145974],[-0.041692,51.5155714],[-0.0421963,51.5159757],[-0.0427271,51.5163232],[-0.0433098,51.516628],[-0.0448162,51.5172795]],[[0.3302464,51.6310057],[0.3300863,51.6308714],[0.3296799,51.6304766],[0.3295912,51.6303795],[0.3294921,51.6302753],[0.3292899,51.6300332],[0.3289274,51.6295421],[0.3286993,51.6291659],[0.3285546,51.6289294],[0.3285532,51.6289271],[0.3279392,51.6278935],[0.3279006,51.6278293],[0.3276824,51.6274233],[0.3275608,51.6271902],[0.3274724,51.6269916],[0.3274388,51.6269222],[0.3273006,51.6265833],[0.3271062,51.6260422],[0.3270431,51.6258474],[0.326913,51.6253778],[0.3268525,51.6251722],[0.3267748,51.6249082],[0.3266296,51.6244063],[0.3265745,51.624201],[0.3264865,51.6238913],[0.3264029,51.6235616],[0.326258,51.6230254],[0.3261212,51.6225474],[0.3260823,51.6224334],[0.3259093,51.6219871],[0.325684,51.6214842],[0.3254378,51.6209992],[0.3251267,51.6204829],[0.324904,51.6201665],[0.3245634,51.6197019],[0.3242281,51.6193122],[0.3238526,51.6189142],[0.3233725,51.6184529],[0.3228092,51.6179716],[0.3222567,51.6175486],[0.3218731,51.6172771],[0.3214118,51.6169607],[0.3208163,51.6165893],[0.3202155,51.6162462],[0.319612,51.6159148],[0.3190112,51.6156233],[0.3183246,51.6153102],[0.3176218,51.6150204],[0.3169566,51.6147656],[0.3160175,51.6144454],[0.3151592,51.6141889],[0.3143625,51.6139724],[0.3135311,51.6137792],[0.3126003,51.6136043],[0.3115918,51.6134394],[0.3114521,51.6134225],[0.310645,51.6133245],[0.3098564,51.6132462],[0.3089697,51.6131747],[0.3081854,51.613128],[0.3073727,51.613108],[0.306729,51.613108],[0.3061496,51.613118],[0.3054844,51.6131363],[0.3047602,51.6131746],[0.3039395,51.6132379],[0.3027859,51.6133449],[0.3022113,51.6134096],[0.3011953,51.6135184],[0.3001013,51.6136148],[0.2996612,51.6136506],[0.299317,51.6136786],[0.2990791,51.6136894],[0.2985897,51.61371],[0.2971115,51.6137251],[0.2961226,51.6137247],[0.2950614,51.6137023],[0.2941485,51.6136638],[0.2934693,51.6136256],[0.292934,51.6135921],[0.2927654,51.6135824],[0.292015,51.613521],[0.2914921,51.6134709],[0.2909641,51.6134204],[0.2899234,51.6132993],[0.2897063,51.6132688],[0.2887478,51.6131554],[0.2879753,51.6130651],[0.2874216,51.6129919],[0.2867439,51.612883],[0.2861176,51.6127692],[0.2852687,51.6126031],[0.2845534,51.6124406],[0.283776,51.6122447],[0.2830717,51.612052],[0.2825187,51.6118821],[0.2820319,51.6117233],[0.2815503,51.6115751],[0.2808983,51.6113493],[0.2798932,51.6109673],[0.277191,51.6098843],[0.2765271,51.6096388],[0.2756429,51.609304],[0.2741142,51.6087193],[0.2732552,51.6083953],[0.2723837,51.6080531],[0.271847,51.6078562],[0.2701012,51.6071642],[0.2697924,51.6070506],[0.2661405,51.6056707],[0.265517,51.6054337],[0.263841,51.6048131],[0.2621038,51.6041521],[0.2603843,51.6034971],[0.2585657,51.602809],[0.257004,51.6022093],[0.2557273,51.6017195],[0.2537807,51.6009531],[0.2527024,51.600525],[0.2507498,51.5997569],[0.2499641,51.599421],[0.2498912,51.5993906],[0.248952,51.5990372],[0.247171,51.5983358],[0.2453243,51.5975796],[0.2439517,51.597037],[0.2420493,51.5962891],[0.2403806,51.5956237],[0.2395743,51.5953108],[0.2386506,51.5949399],[0.2378484,51.5946193],[0.2373836,51.5944332],[0.2370582,51.5943029],[0.2363507,51.5940333],[0.2358355,51.5938452],[0.2352173,51.5936517],[0.2347643,51.5934854],[0.2343808,51.5933464],[0.2340549,51.5932188],[0.233721,51.5930788],[0.233493,51.5929863],[0.2329725,51.5927514],[0.2323867,51.5924993],[0.2314278,51.5921036],[0.2306736,51.5918072],[0.2301256,51.5915903],[0.2292874,51.5912596],[0.2284612,51.5909334],[0.2279772,51.5907371],[0.2277478,51.5906472],[0.227336,51.5904851],[0.2265259,51.5901627],[0.225859,51.5898696],[0.2250276,51.5895412],[0.2243325,51.5892686],[0.2235231,51.5889497],[0.2226691,51.5886146],[0.2218708,51.5882994],[0.2207888,51.5878609],[0.2203441,51.587685],[0.2199,51.5875123],[0.2198854,51.5875057],[0.2195783,51.5873769],[0.2190858,51.5871782],[0.2187906,51.587064],[0.2185135,51.5869569],[0.2181702,51.5868131],[0.2176396,51.5866257],[0.2171941,51.5864445],[0.2164263,51.5861237],[0.2156839,51.5858222],[0.2148476,51.5854858],[0.2140011,51.5851474],[0.2131325,51.5847998],[0.2124058,51.5845148],[0.2121401,51.5844107],[0.2115521,51.5841713],[0.2110004,51.5839564],[0.2103268,51.5837025],[0.2094696,51.5833651],[0.2092264,51.5832719],[0.2088783,51.5831342],[0.2085582,51.5830055],[0.2083838,51.582929],[0.2080228,51.5827629],[0.2075477,51.5825582],[0.2071996,51.5823896],[0.2048668,51.5814532],[0.2046968,51.5813882],[0.2042041,51.5812012],[0.2033227,51.5808935],[0.2026868,51.5806857],[0.2023081,51.5805555],[0.201928,51.5804257],[0.2017838,51.5803764],[0.2014686,51.5802688],[0.2005824,51.5799766],[0.1978815,51.5791585],[0.1951615,51.5783616],[0.1945487,51.578182],[0.1940807,51.5780489],[0.1935295,51.5778863],[0.1929917,51.577728],[0.1922634,51.5775171],[0.1915268,51.5773002],[0.1908459,51.5771028],[0.1900332,51.5768611],[0.1893813,51.5766732],[0.1885096,51.5764248],[0.1874325,51.5760927],[0.1870293,51.5759804],[0.1861506,51.575711],[0.1850469,51.575404],[0.183667,51.5750417],[0.1833967,51.5749764],[0.1826401,51.5747796],[0.1815792,51.5744793],[0.1812359,51.5743754],[0.1789871,51.5737086],[0.1787673,51.5736508],[0.1782129,51.5735127],[0.1777737,51.5733997],[0.1775616,51.5733464],[0.1769661,51.573203],[0.176492,51.573096],[0.1757121,51.5729426],[0.1750549,51.572822],[0.174591,51.5727283],[0.1738281,51.5725671],[0.1731252,51.5724166],[0.1721453,51.5722118],[0.1715581,51.5720982],[0.1706755,51.5719468],[0.1699351,51.5718285],[0.1690442,51.5716977],[0.1682413,51.5715836],[0.1671257,51.5714347],[0.1665801,51.5713623],[0.1657572,51.5712492],[0.1648193,51.5711293],[0.163995,51.5710354],[0.1631105,51.5709525],[0.1624366,51.5708906],[0.1618545,51.5708383],[0.1609052,51.5707493],[0.1605203,51.5707152],[0.1482024,51.5695917],[0.1459601,51.5693861],[0.1446002,51.5692762],[0.1382709,51.5687973],[0.1359494,51.5686294],[0.1323828,51.5683702],[0.1310035,51.5682779],[0.1306485,51.5682493],[0.1302905,51.5682223],[0.1298257,51.568184],[0.1293231,51.5681307],[0.1290273,51.5680971],[0.128377,51.5680183],[0.1276987,51.5679292],[0.1270087,51.5678294],[0.1267447,51.5677911],[0.1254721,51.5675797],[0.1246749,51.5674545],[0.1238676,51.567337],[0.1221231,51.5670978],[0.119722,51.5667708],[0.1170901,51.5664199],[0.1164736,51.5663355],[0.1157391,51.5662484],[0.1149885,51.5661717],[0.114126,51.5660785],[0.1135113,51.5660019],[0.1126007,51.5658765],[0.1118296,51.5657717],[0.1109129,51.5656484],[0.1098459,51.5654968],[0.109185,51.5653889],[0.1085084,51.565276],[0.1079532,51.5651899],[0.1071485,51.5650687],[0.1039548,51.5646391],[0.1028517,51.5644983],[0.1021124,51.5644208],[0.1008349,51.5643112],[0.0986528,51.5641337],[0.0978239,51.5640816],[0.0970594,51.5640159],[0.0945051,51.5637789],[0.0937288,51.5636843],[0.092808,51.5635632],[0.0919991,51.5634674],[0.0888093,51.5630663],[0.0867319,51.5627379],[0.0852174,51.5624646],[0.0791408,51.5611553],[0.0784743,51.5610114],[0.0782659,51.5609648],[0.0776574,51.5608299],[0.0767609,51.5606386],[0.0755242,51.5603676],[0.0748673,51.5602269],[0.0730768,51.5598429],[0.0719328,51.5595935],[0.0706708,51.5593429],[0.0699131,51.5592201],[0.0690791,51.5590455],[0.0683283,51.5588826],[0.0671718,51.558608],[0.0669015,51.5585465],[0.0663306,51.5584072],[0.0655207,51.5582127],[0.0655062,51.5582092],[0.0652974,51.558158],[0.0642266,51.5578812],[0.0640245,51.5578252],[0.0630694,51.5575778],[0.0625571,51.5574439],[0.0622131,51.5573485],[0.061859,51.5572325],[0.0616345,51.5571488],[0.0612852,51.5570122],[0.0611466,51.5569526],[0.0609109,51.5568431],[0.0604591,51.5566309],[0.0602421,51.5565375],[0.0598509,51.5563888],[0.0595956,51.5563004],[0.0590014,51.5561075],[0.0577486,51.5556959],[0.0568496,51.5554027],[0.0546698,51.5546908],[0.0536557,51.5543617],[0.05318,51.5542074],[0.0527107,51.554068],[0.0519664,51.5538465],[0.0517629,51.5537894],[0.0511985,51.5536278],[0.0509587,51.5535627],[0.0503592,51.5534014],[0.0497821,51.5532485],[0.0490403,51.553056],[0.0485476,51.5529273],[0.0479622,51.5527774],[0.0476811,51.552706],[0.0472681,51.5526011],[0.0468272,51.5525005],[0.04667,51.5524613],[0.0466083,51.5524422],[0.0462777,51.5523722],[0.0454201,51.5521915],[0.0446902,51.5520413],[0.0438028,51.5518713],[0.043049,51.551741],[0.0424194,51.5516368],[0.0417253,51.5515292],[0.0406702,51.5513911],[0.0398585,51.5512982],[0.0389063,51.5512071],[0.0379936,51.5511265],[0.0372352,51.5510709],[0.0366036,51.5510211],[0.0359913,51.5509599],[0.0353913,51.5509117],[0.0344831,51.5508255],[0.033907,51.5507738],[0.0331994,51.5506982],[0.0325467,51.5506322],[0.0315984,51.5505302],[0.0311285,51.5504705],[0.0299437,51.5503223],[0.0284935,51.5501027],[0.0274129,51.5499232],[0.0269915,51.5498476],[0.0258343,51.549628],[0.0250531,51.5494778],[0.0248549,51.5494397],[0.0246544,51.5494014],[0.0244262,51.5493594],[0.0232856,51.5491621],[0.0216026,51.5488645],[0.0208386,51.5487467],[0.0204146,51.5486748],[0.019987,51.548598],[0.0183544,51.5483009],[0.0154824,51.5477739],[0.0133135,51.547411],[0.012555,51.547277],[0.0120199,51.5471821],[0.0107392,51.5469419],[0.0103468,51.5468688],[0.0092354,51.5466614],[0.008785,51.5465735],[0.0084052,51.5464964],[0.0076225,51.5463192],[0.0072574,51.5462318],[0.0070505,51.5461869],[0.0066792,51.5461088],[0.0063491,51.5460438],[0.0059997,51.5459767],[0.0059527,51.5459673],[0.0054723,51.5458689],[0.0051646,51.5457997],[0.0048271,51.5457178],[0.004394,51.5456091],[0.0042636,51.5455736],[0.0038902,51.5454654],[0.0035634,51.5453631],[0.0032417,51.5452587],[0.0027078,51.5450741],[0.002491,51.5449964],[0.0022608,51.5449126],[0.0018578,51.5447618],[0.0015034,51.5446226],[0.0008729,51.5443704],[0.0004849,51.5441973],[1.32e-05,51.5439803],[-0.000623,51.5436345],[-0.0007874,51.5435303],[-0.0010066,51.5433826],[-0.0011778,51.5432495],[-0.001626,51.542922],[-0.0026012,51.5422813],[-0.0028075,51.5421459],[-0.0029328,51.5420656],[-0.0037799,51.5415125],[-0.0046232,51.5408818],[-0.0051168,51.5404945],[-0.0054511,51.5402471],[-0.0055852,51.5401479],[-0.0058988,51.5399116],[-0.0061817,51.5396992],[-0.006635,51.5393202],[-0.0068559,51.5391162],[-0.0072614,51.5387217],[-0.0073979,51.5385889],[-0.0075035,51.5384864],[-0.0076224,51.5383781],[-0.0079305,51.5380891],[-0.008341,51.5377343],[-0.0085209,51.5375826],[-0.0088726,51.5373064],[-0.0094799,51.5368486],[-0.0106213,51.5360466],[-0.0109541,51.5358123],[-0.0111611,51.5356648],[-0.0115408,51.5354026],[-0.0118094,51.535216],[-0.0120323,51.5350616],[-0.012226,51.5349318],[-0.0123855,51.5348272],[-0.0125133,51.5347475],[-0.0125766,51.53471],[-0.0128018,51.5345794],[-0.0142289,51.5338561],[-0.0147335,51.5335759],[-0.015409,51.5331698],[-0.0159964,51.5327804],[-0.0165138,51.5323939],[-0.0168735,51.5321083],[-0.0172027,51.5317911],[-0.0175161,51.531361],[-0.0177608,51.5307758],[-0.018036,51.5301749],[-0.0183209,51.5293043],[-0.0185955,51.5281433],[-0.0188742,51.527216],[-0.0190593,51.5268282],[-0.0192899,51.5263902],[-0.0196676,51.5258418],[-0.0200865,51.525348],[-0.0207122,51.5247641],[-0.0213419,51.52428],[-0.0222894,51.5236411],[-0.0247855,51.5222529],[-0.0284074,51.5198874],[-0.030918,51.5184058],[-0.0317414,51.5179877],[-0.0326346,51.5176085],[-0.0334929,51.5172844],[-0.0344478,51.5170073],[-0.0354831,51.5167736],[-0.0368081,51.5165293],[-0.0374626,51.51646],[-0.0384555,51.5163784],[-0.0396352,51.5163256],[-0.0405418,51.51635],[-0.0410056,51.5163947],[-0.0414666,51.5164391],[-0.042323,51.516586],[-0.0431328,51.516778],[-0.0440045,51.5170495],[-0.0448162,51.5172795]],[[-0.0446375,51.5177075],[-0.0445495,51.5176707],[-0.0437927,51.5173839],[-0.0432816,51.5171872],[-0.0427693,51.5169683],[-0.0421104,51.5166056],[-0.041515,51.516165],[-0.0411677,51.5158784],[-0.0408551,51.5155749],[-0.0402007,51.5148138],[-0.0398735,51.5144599],[-0.039557,51.5141128],[-0.0392087,51.5138191],[-0.0388332,51.5135648],[-0.0384802,51.5133493],[-0.0380929,51.5131478],[-0.037712,51.5129747],[-0.0372668,51.5127772],[-0.0367835,51.5126098],[-0.0362529,51.5124574],[-0.0356945,51.5123339],[-0.0347481,51.5121519],[-0.0346113,51.5121263],[-0.0342457,51.5120532],[-0.0338884,51.5119739],[-0.0335385,51.5118833],[-0.0331863,51.5117864],[-0.0327955,51.5116712],[-0.0323503,51.5115031],[-0.0318346,51.5112682],[-0.0314047,51.5110303],[-0.0307583,51.5106545],[-0.0300695,51.5101547],[-0.0269496,51.5079184],[-0.0261562,51.5075093],[-0.0251686,51.5071768],[-0.023273,51.5068342],[-0.020838,51.5065828],[-0.0194382,51.5064382],[-0.0192659,51.5064204],[-0.0156917,51.5060095],[-0.0155164,51.505994],[-0.0150522,51.5059529],[-0.013472,51.5058129],[-0.0130501,51.5057934],[-0.0126003,51.5057884],[-0.0121069,51.5057955],[-0.0116015,51.5058077],[-0.011154,51.5058526],[-0.0107424,51.5059135],[-0.0102563,51.5060274],[-0.0098027,51.5061439],[-0.009191,51.506344],[-0.0084349,51.5066004],[-0.0068521,51.5071484],[-0.0065016,51.5072831],[-0.0052059,51.507781],[-0.0042036,51.5082382],[-0.0030765,51.5087705],[-0.0025748,51.5089662],[-0.0020464,51.5091637],[-0.0014,51.5093625],[-0.0008668,51.5094817],[0.0007654,51.5097668],[0.0013785,51.5098672],[0.0018112,51.5099388],[0.0033911,51.5102199],[0.0042465,51.5103635],[0.0049102,51.5104794],[0.0056414,51.5105866],[0.0058309,51.5106151],[0.0063784,51.5107058],[0.006994,51.5107428],[0.0076853,51.5107267],[0.0083625,51.5106849],[0.0089059,51.510608],[0.0094962,51.5104737],[0.0110305,51.5100489],[0.0114886,51.509903],[0.0118693,51.5097549],[0.0124004,51.5095815],[0.0129704,51.5094209],[0.0132862,51.5093492],[0.0136795,51.5092827],[0.0140252,51.5092372],[0.014431,51.5091935],[0.0149249,51.5091713],[0.0153322,51.509167],[0.0156939,51.5091668],[0.0162409,51.5091933],[0.0168142,51.5092571],[0.0177459,51.5093994],[0.018242,51.5094673],[0.0187515,51.5095208],[0.0192412,51.5095607],[0.0198187,51.509598],[0.0219381,51.5097012],[0.0224362,51.5097263],[0.0226632,51.5097353],[0.0239178,51.5097945],[0.0251778,51.5098454],[0.025214,51.5098458],[0.0290679,51.5098888],[0.0292891,51.5098877],[0.0309088,51.5098795],[0.031235,51.5098706],[0.0316534,51.5098496],[0.0320723,51.5098161],[0.0325731,51.5097506],[0.033096,51.5096822],[0.0336135,51.5096055],[0.0338953,51.5095643],[0.0341958,51.5095132],[0.0348115,51.5094023],[0.035395,51.5092897],[0.0364681,51.5090455],[0.0369099,51.5089259],[0.0373931,51.5087697],[0.0378159,51.5086069],[0.0382544,51.5083835],[0.0386141,51.5081686],[0.0389431,51.5079434],[0.0392352,51.5077123],[0.0395985,51.5073481],[0.0396698,51.5072582],[0.0400459,51.5067842],[0.0403683,51.506264],[0.0405456,51.5059608],[0.0408803,51.5053652],[0.0410687,51.5050466],[0.0411934,51.5048739],[0.0415085,51.5044703],[0.0417941,51.504137],[0.0421297,51.5038264],[0.0425111,51.5035133],[0.0428582,51.5032392],[0.0433015,51.5029917],[0.0437026,51.5027907],[0.0441374,51.502601],[0.0446127,51.5024201],[0.0453968,51.5021761],[0.0458634,51.5020662],[0.0464403,51.5019587],[0.0474108,51.50182],[0.0482309,51.5017262],[0.0483648,51.5017109],[0.0498615,51.501543],[0.0522178,51.5012698],[0.0535484,51.5011116],[0.0561825,51.5007228],[0.0584372,51.5004056],[0.0592365,51.5002823],[0.0601174,51.5001318],[0.0606753,51.5000061],[0.061116,51.4999021],[0.0615888,51.4997745],[0.0620486,51.4996095],[0.0624002,51.4994719],[0.0627384,51.4993018],[0.063047,51.4991382],[0.0632402,51.4990287],[0.0633922,51.4989398],[0.0635222,51.4988512],[0.0636111,51.4987744],[0.0637994,51.498619],[0.0640223,51.4984509],[0.0643862,51.4981524],[0.0647691,51.4977785],[0.0649845,51.4974767],[0.0651503,51.4971678],[0.0653195,51.4967298],[0.0654024,51.4964945],[0.0654952,51.496206],[0.0657216,51.4955407],[0.0658297,51.4952451],[0.0659679,51.4949042],[0.0664082,51.4941759],[0.0664284,51.4941504],[0.0667108,51.4937938],[0.0671069,51.4934144],[0.0676265,51.4930183],[0.0682877,51.4926983],[0.0691948,51.492379],[0.0703327,51.49209],[0.0704506,51.4920601],[0.0742896,51.4913058],[0.0743816,51.4912954],[0.0747035,51.4912592],[0.0751129,51.4912399],[0.0753142,51.4912353],[0.0756718,51.4912271],[0.0761409,51.4912397],[0.0765746,51.4912754],[0.0769332,51.4913092],[0.0772764,51.4913427],[0.0776702,51.491356],[0.0780518,51.4913529],[0.0783933,51.4913428],[0.0797923,51.4912665],[0.0821747,51.4910897],[0.0826147,51.4910604],[0.0835384,51.4909715],[0.0839361,51.4909335],[0.0848004,51.4908034],[0.0856347,51.4906977],[0.0863016,51.4906273],[0.0879289,51.4904582],[0.0886743,51.4903882],[0.0898554,51.4903207],[0.0907542,51.4902991],[0.0912319,51.4902917],[0.0920071,51.4902797],[0.0921952,51.4902847],[0.0963451,51.4903945],[0.0965561,51.4904001],[0.0966939,51.4904043],[0.0967065,51.4904046],[0.0967199,51.4904049],[0.0990462,51.4904686],[0.1011285,51.4905154],[0.1018255,51.4905277],[0.1021442,51.4905336],[0.1022995,51.4905362],[0.1027396,51.4905447],[0.1041198,51.4905699],[0.1044707,51.4905795],[0.1055712,51.4906098],[0.1079308,51.4906928],[0.108146,51.4907002],[0.1104912,51.4907825],[0.1105646,51.4907851],[0.1111617,51.490806],[0.1112693,51.4908098],[0.1126908,51.4908615],[0.1132966,51.4908835],[0.1143577,51.4909467],[0.1146906,51.4909655],[0.1150236,51.4909815],[0.1156905,51.4910056],[0.1160047,51.4910166],[0.116377,51.4910298],[0.1168915,51.4910465],[0.117002,51.4910504],[0.1171789,51.4910567],[0.1172608,51.4910594],[0.1177902,51.4910783],[0.1188025,51.4911169],[0.1190483,51.4911289],[0.119304,51.4911437],[0.1198082,51.4911748],[0.1201962,51.4911954],[0.1206131,51.491211],[0.1210457,51.4912252]],[[-0.0446375,51.5177075],[-0.0436968,51.5174474],[-0.042371,51.5171919],[-0.0412606,51.5170474],[-0.0409234,51.5170261],[-0.0401829,51.5169793],[-0.0388627,51.516991],[-0.037645,51.5170642],[-0.0367526,51.5171589],[-0.0356762,51.5173381],[-0.0347267,51.5175461],[-0.0338491,51.5177742],[-0.0330047,51.5180261],[-0.032066,51.5183718],[-0.0315128,51.5186039],[-0.0313096,51.5186891],[-0.0312361,51.5187274],[-0.0302745,51.5192285],[-0.0289915,51.5199901],[-0.0289165,51.5200346],[-0.0278427,51.5207099],[-0.0229377,51.5237948],[-0.0221942,51.5243038],[-0.0216154,51.5247823],[-0.0209186,51.5255618],[-0.0202861,51.5264958],[-0.0198639,51.5272533],[-0.0196204,51.5277696],[-0.0194321,51.5282959],[-0.0192229,51.5289753],[-0.0190563,51.5294449],[-0.0188474,51.5299196],[-0.0186137,51.5303785],[-0.0183604,51.5307819],[-0.0180596,51.5311579],[-0.0177155,51.5315218],[-0.0173447,51.5318473],[-0.0169859,51.5321465],[-0.0165997,51.532434],[-0.0160822,51.532814],[-0.0154803,51.5332127],[-0.0148084,51.533607],[-0.0142881,51.5338997],[-0.012858,51.5346364],[-0.0127193,51.5347144],[-0.0124429,51.5348627],[-0.0122715,51.5349646],[-0.0120959,51.5350752],[-0.011581,51.5354231],[-0.0115388,51.5354512],[-0.0109334,51.5358795],[-0.0103362,51.5363061],[-0.0095753,51.536839],[-0.0095259,51.5368736],[-0.0088988,51.5373406],[-0.0085269,51.5376381],[-0.0083839,51.537754],[-0.0079697,51.5381111],[-0.0077535,51.5383105],[-0.0075465,51.5385059],[-0.00743,51.53862],[-0.007366,51.5386818],[-0.0072915,51.5387536],[-0.0068562,51.5391775],[-0.0063588,51.5396573],[-0.006157,51.5398607],[-0.0060517,51.5399605],[-0.0058123,51.5401803],[-0.0056391,51.5403311],[-0.0054015,51.5405316],[-0.0052457,51.5406576],[-0.0050406,51.5408199],[-0.0048655,51.5409565],[-0.0043928,51.5413144],[-0.0041533,51.54149],[-0.0039233,51.5416448],[-0.0037758,51.5417438],[-0.0036219,51.5418408],[-0.003218,51.5420869],[-0.0031163,51.5421518],[-0.0029874,51.5422316],[-0.0028274,51.5423299],[-0.0025679,51.5424913],[-0.0023078,51.5426523],[-0.0017947,51.5429665],[-0.0014554,51.5431797],[-0.0010681,51.5434168],[-0.0006632,51.5436631],[-1.78e-05,51.5440072],[0.0004555,51.5442227],[0.0009281,51.5444294],[0.0013582,51.5446028],[0.0016642,51.5447231],[0.0018328,51.5447868],[0.0022341,51.5449377],[0.0026815,51.5451023],[0.0032218,51.5452861],[0.0038693,51.5454924],[0.004246,51.5456023],[0.0047644,51.5457295],[0.0050256,51.5457889],[0.0052916,51.5458504],[0.0056396,51.5459273],[0.0059681,51.5459959],[0.0063065,51.5460602],[0.0067041,51.5461386],[0.0068537,51.54617],[0.0070254,51.5462071],[0.0076075,51.5463467],[0.0083886,51.5465269],[0.0087696,51.546603],[0.0092212,51.5466915],[0.0103331,51.5468982],[0.0107239,51.5469725],[0.0120055,51.5472098],[0.0133,51.5474425],[0.0154707,51.547802],[0.0183423,51.5483303],[0.0199752,51.5486252],[0.0204027,51.5487034],[0.0208284,51.5487774],[0.021591,51.5488931],[0.0221245,51.5489827],[0.0244116,51.5493897],[0.02466,51.5494343],[0.0248507,51.549471],[0.0250612,51.5495117],[0.0258204,51.5496549],[0.0269773,51.5498752],[0.0274002,51.5499509],[0.0284815,51.5501325],[0.0299341,51.5503508],[0.0304415,51.5504335],[0.0317845,51.550589],[0.0320287,51.5506155],[0.032633,51.5506887],[0.0332931,51.550757],[0.0343961,51.5508606],[0.0353773,51.5509526],[0.0360019,51.551004],[0.0371127,51.5510861],[0.038283,51.5511833],[0.0391293,51.5512566],[0.0398428,51.5513292],[0.0407431,51.5514318],[0.0415983,51.5515465],[0.0422924,51.5516506],[0.0429395,51.5517542],[0.0437977,51.5519036],[0.0445271,51.552036],[0.0451412,51.5521568],[0.045881,51.5523218],[0.0465908,51.5524745],[0.0468174,51.5525262],[0.047097,51.5525936],[0.0479488,51.5528041],[0.0486696,51.5529902],[0.0495911,51.5532352],[0.0501154,51.5533679],[0.0508631,51.5535693],[0.0517065,51.5538089],[0.0524339,51.5540174],[0.0526643,51.5540853],[0.0530254,51.5541952],[0.053635,51.5543906],[0.0541954,51.5545702],[0.0546467,51.554722],[0.0558059,51.555098],[0.0568366,51.5554324],[0.0574879,51.5556443],[0.0580798,51.5558393],[0.0586169,51.5560169],[0.0595838,51.5563347],[0.0598326,51.5564175],[0.0601331,51.5565271],[0.0603657,51.5566251],[0.0611217,51.5569761],[0.0614943,51.5571333],[0.0618161,51.5572526],[0.0621621,51.5573651],[0.0625383,51.5574719],[0.0630204,51.5575987],[0.0639967,51.5578558],[0.0642035,51.5579082],[0.0652798,51.5581872],[0.0655038,51.5582401],[0.0659445,51.5583478],[0.0664166,51.5584605],[0.0666452,51.558516],[0.0669442,51.5585903],[0.0678422,51.5588077],[0.0684402,51.5589408],[0.0690718,51.559076],[0.0695798,51.5591784],[0.0698991,51.5592443],[0.0706556,51.5593701],[0.0719125,51.5596299],[0.0730578,51.5598718],[0.0748483,51.5602567],[0.0767467,51.5606677],[0.0775873,51.5608504],[0.0783396,51.5610109],[0.0784526,51.5610416],[0.0788782,51.5611269],[0.0791251,51.5611804],[0.0814581,51.5616858],[0.0830787,51.5620346],[0.0852113,51.5624879],[0.0862472,51.5626826],[0.0867225,51.562772],[0.0887972,51.5630972],[0.0913349,51.563426],[0.0916098,51.5634611],[0.0917485,51.5634716],[0.0920037,51.5634957],[0.0927834,51.5635929],[0.093887,51.5637379],[0.0944459,51.5638017],[0.0963006,51.5639733],[0.097057,51.5640418],[0.0978593,51.5641172],[0.0987274,51.5641669],[0.1008254,51.5643403],[0.1028092,51.5645363],[0.1039424,51.5646752],[0.1071378,51.5650994],[0.1079471,51.5652211],[0.1084968,51.5653073],[0.109172,51.5654187],[0.1098353,51.5655267],[0.110902,51.5656801],[0.1118187,51.5658026],[0.1125905,51.5659057],[0.1135009,51.5660308],[0.1141168,51.5661075],[0.1149786,51.5662009],[0.1157281,51.5662793],[0.1164629,51.5663669],[0.1170813,51.5664481],[0.1197115,51.5668025],[0.1221131,51.5671255],[0.1238582,51.5673641],[0.1246638,51.5674845],[0.1254616,51.5676084],[0.1267352,51.5678213],[0.1269977,51.5678607],[0.1276883,51.5679603],[0.1283667,51.5680488],[0.1290172,51.5681287],[0.1293138,51.568161],[0.1298176,51.5682159],[0.1302798,51.5682596],[0.1310021,51.5683336],[0.1324426,51.5684441],[0.1359356,51.5687039],[0.136807,51.5687652],[0.137247,51.5687891],[0.1377286,51.5688167],[0.1382763,51.5688411],[0.1445925,51.5693093],[0.1459526,51.5694147],[0.1481943,51.5696208],[0.1605142,51.5707451],[0.1608971,51.5707807],[0.1618445,51.5708679],[0.1624132,51.5709196],[0.1631011,51.5709826],[0.1639876,51.5710675],[0.1648084,51.5711593],[0.1651838,51.5712067],[0.1657525,51.5712797],[0.1665806,51.5713938],[0.1671117,51.5714647],[0.1676562,51.571536],[0.1682288,51.5716143],[0.1690389,51.5717277],[0.1694466,51.5717864],[0.1699267,51.5718586],[0.1706676,51.5719757],[0.1711511,51.5720586],[0.1718009,51.5721762],[0.1724338,51.572302],[0.1731071,51.5724453],[0.1736476,51.5725604],[0.1741746,51.572675],[0.1745823,51.5727596],[0.1750537,51.572853],[0.1755989,51.5729551],[0.1761816,51.5730672],[0.1767529,51.5731885],[0.1772458,51.5733047],[0.1777667,51.5734269],[0.1786607,51.5736602],[0.1787487,51.573683],[0.1789661,51.5737399],[0.1806037,51.5742264],[0.1815497,51.5745082],[0.1826521,51.5748178],[0.1833788,51.575003],[0.1836459,51.5750732],[0.185047,51.5754343],[0.1861922,51.5757602],[0.1870165,51.5760091],[0.1874276,51.5761251],[0.1890234,51.5766095],[0.1900856,51.5769096],[0.1910136,51.577183],[0.1916652,51.5773713],[0.1922984,51.5775597],[0.1931002,51.5777947],[0.1931693,51.5778148],[0.1937065,51.5779714],[0.1942993,51.5781447],[0.1950476,51.5783698],[0.1958845,51.5786081],[0.1964878,51.5787915],[0.1972926,51.5790215],[0.1980678,51.5792515],[0.1986713,51.5794215],[0.1992346,51.5795965],[0.1998193,51.5797782],[0.2004416,51.5799766],[0.2011361,51.5801999],[0.201906,51.5804566],[0.2027213,51.5807483],[0.2035274,51.5810166],[0.2038641,51.5811433],[0.2043105,51.5813125],[0.2047184,51.5814992],[0.2051072,51.5816841],[0.2056637,51.581925],[0.206387,51.5822026],[0.2070473,51.5824424],[0.2071037,51.5824653],[0.207375,51.5825683],[0.2075768,51.5826504],[0.2076619,51.582685],[0.2081706,51.5828784],[0.2085278,51.5830311],[0.2088513,51.5831592],[0.2092123,51.5833019],[0.2094713,51.5834051],[0.2098791,51.583579],[0.21011,51.5836867],[0.2104343,51.5838328],[0.2108257,51.5840089],[0.2111134,51.5841303],[0.2115349,51.5842979],[0.2120667,51.5845153],[0.2128799,51.5848371],[0.2137315,51.5851782],[0.2144286,51.5854514],[0.2151428,51.5857422],[0.215859,51.586025],[0.2163108,51.5862038],[0.2168426,51.5863971],[0.2171941,51.5865087],[0.2176035,51.586646],[0.2179571,51.5867723],[0.2184275,51.5869551],[0.2188796,51.5871345],[0.2194729,51.5873802],[0.2199915,51.5875813],[0.2207492,51.5878852],[0.2218447,51.5883215],[0.222654,51.5886418],[0.2234965,51.5889754],[0.2243131,51.5892958],[0.2249957,51.5895662],[0.2258402,51.5898985],[0.2265072,51.5901919],[0.2279261,51.5907484],[0.2287939,51.5911013],[0.2296227,51.5914187],[0.2304031,51.5917316],[0.2310708,51.592004],[0.2317522,51.5922698],[0.232506,51.5925824],[0.2334489,51.5930022],[0.2340079,51.5932348],[0.2343628,51.5933736],[0.2348137,51.5935358],[0.2351904,51.5936726],[0.2358131,51.5938712],[0.2363176,51.5940609],[0.2370335,51.5943339],[0.2378223,51.5946478],[0.2386298,51.5949664],[0.2395646,51.5953394],[0.2403532,51.5956484],[0.2420347,51.5963169],[0.2432837,51.5968099],[0.2439341,51.5970696],[0.2452921,51.5976036],[0.2471368,51.5983591],[0.2489178,51.5990688],[0.2498647,51.5994181],[0.249938,51.5994481],[0.2507122,51.5997786],[0.252632,51.600535],[0.253778,51.6009881],[0.2557226,51.6017528],[0.2569852,51.6022426],[0.2585356,51.6028357],[0.2603762,51.6035371],[0.2620707,51.6041784],[0.263788,51.6048281],[0.2654954,51.6054589],[0.2661192,51.6056956],[0.2678569,51.606374],[0.269778,51.6070796],[0.2700926,51.6071981],[0.2709514,51.6075533],[0.2725266,51.6081531],[0.2740448,51.6087378],[0.2754154,51.6092502],[0.2771902,51.6099253],[0.2785991,51.6104934],[0.2796533,51.6109181],[0.2803445,51.6111829],[0.2808415,51.6113629],[0.2816515,51.611646],[0.2822189,51.6118291],[0.2830597,51.6120841],[0.2837919,51.6122823],[0.284441,51.6124472],[0.2851893,51.6126187],[0.2858886,51.6127619],[0.2867576,51.6129218],[0.287278,51.6129984],[0.2880799,51.6131083],[0.2888444,51.6131999],[0.2896753,51.6133014],[0.2898948,51.6133268],[0.2908648,51.6134449],[0.2920407,51.6135568],[0.2926471,51.6136052],[0.2929246,51.6136254],[0.2933512,51.6136564],[0.2943913,51.6137116],[0.295328,51.6137397],[0.296315,51.6137563],[0.2974576,51.6137563],[0.2981027,51.6137497],[0.2985587,51.6137438],[0.2990737,51.6137205],[0.2994605,51.6136913],[0.3002893,51.613623],[0.3012493,51.6135416],[0.3015765,51.6135136],[0.3020864,51.6134731],[0.3027626,51.6134125],[0.3041625,51.6133033],[0.3051844,51.61323],[0.3062578,51.6131856],[0.3070887,51.6131833],[0.3079739,51.6132],[0.3088434,51.6132406],[0.3097683,51.6133033],[0.3109704,51.6134221],[0.3114598,51.6134869],[0.3120138,51.6135603],[0.3130652,51.6137485],[0.3138028,51.6139051],[0.3145539,51.6140833],[0.3153719,51.6143032],[0.3165012,51.6146662],[0.3172522,51.6149427],[0.3179093,51.6151942],[0.3188132,51.6155856],[0.3195562,51.6159437],[0.3202133,51.6162868],[0.3208115,51.6166315],[0.3212513,51.6169046],[0.3216671,51.6171828],[0.3220046,51.6174114],[0.3223774,51.6176878],[0.3227796,51.6179915],[0.3230962,51.6182624],[0.3233697,51.6184994],[0.3236272,51.6187443],[0.3238982,51.6190135],[0.3241262,51.6192633],[0.3244132,51.6195947],[0.3246305,51.6198561],[0.3249121,51.6202465],[0.3251213,51.6205679],[0.3253225,51.6208859],[0.3254887,51.621184],[0.3256761,51.6215904],[0.3259189,51.6221516],[0.3261026,51.622662],[0.3262541,51.6231807],[0.3263775,51.6236669],[0.3265016,51.6241313],[0.32663,51.6245943],[0.3267949,51.625168],[0.3269908,51.6258582],[0.3271008,51.626177],[0.3271692,51.626376],[0.327302,51.6267215],[0.3274307,51.6269963]],[[0.3301584,51.6309875],[0.3296466,51.6304865],[0.3294858,51.6303159],[0.3292785,51.6300678],[0.3288913,51.6295442],[0.3287087,51.6292525],[0.3286674,51.6291861],[0.3285282,51.6289661],[0.3284005,51.6287469],[0.328138,51.6283239],[0.3280102,51.6281065],[0.3279685,51.6280336],[0.3279055,51.6279261],[0.3278143,51.6277705],[0.3276563,51.6274771],[0.327531,51.627185],[0.3274307,51.6269963]],[[0.3274307,51.6269963],[0.327593,51.6274125],[0.3276452,51.6275424],[0.3276828,51.627634],[0.3277445,51.6277755],[0.3279045,51.6280524],[0.3280549,51.6283493],[0.3282358,51.6287065],[0.3287617,51.6296323],[0.329428,51.6305094],[0.329495,51.630596]]]},"properties":{"name":"Elizabeth","colour":"#6950A1","mode":"tfl"}},{"type":"Feature","geometry":{"type":"MultiLineString","coordinates":[[[-0.170708,51.5182733],[-0.1708942,51.5182226],[-0.1712332,51.5181304],[-0.1716323,51.518066],[-0.1721242,51.517976],[-0.1752506,51.517457],[-0.1755215,51.517418],[-0.1756717,51.5174044],[-0.1757872,51.5174063],[-0.1758809,51.5174122],[-0.1760169,51.5174242],[-0.1762403,51.5174601],[-0.1765032,51.5175264],[-0.1767151,51.5176063],[-0.1769162,51.517708],[-0.1772837,51.5179184],[-0.1773964,51.5179707],[-0.1776426,51.5181271],[-0.1779369,51.5182099],[-0.1784509,51.5183682],[-0.1786485,51.5184283],[-0.1788494,51.5184926],[-0.179069,51.5185618],[-0.1793137,51.5186192],[-0.1795678,51.5186534],[-0.1797628,51.5186666],[-0.180037,51.5186795],[-0.1802264,51.5186799],[-0.1804097,51.5186724],[-0.1806026,51.5186634],[-0.1808175,51.5186522],[-0.1810257,51.5186508],[-0.1812649,51.5186601],[-0.1815492,51.5186791],[-0.1819492,51.5187121],[-0.1822677,51.518733],[-0.182467,51.5187473],[-0.182683,51.5187621],[-0.1831049,51.5187822],[-0.1835863,51.5188017],[-0.1841441,51.5188257],[-0.1845811,51.5188416],[-0.1849571,51.5188561],[-0.1853614,51.518873],[-0.1856563,51.5188855],[-0.1860253,51.5188984],[-0.1866265,51.5189235],[-0.1870565,51.5189483],[-0.1874854,51.5189793],[-0.1877072,51.5189977],[-0.1879284,51.5190183],[-0.1881494,51.5190423],[-0.1883771,51.5190675],[-0.1894741,51.5192024],[-0.1901584,51.5192817],[-0.1933853,51.519597],[-0.1937061,51.5196209],[-0.1950166,51.5196864],[-0.1951449,51.5196947],[-0.1955057,51.5197309],[-0.1958609,51.519783],[-0.1962856,51.5198658],[-0.1975144,51.5201146],[-0.1982269,51.5202661],[-0.1998262,51.5206557],[-0.2004116,51.5208155],[-0.2008379,51.5208991],[-0.2011029,51.5209376],[-0.201379,51.5209653],[-0.2015813,51.5209764],[-0.2018092,51.52098],[-0.2020846,51.5209783],[-0.2023495,51.5209668],[-0.202547,51.5209487],[-0.2027297,51.5209186],[-0.2029068,51.5208865],[-0.2031342,51.5208356],[-0.2033699,51.5207699],[-0.2036709,51.5206744],[-0.2038999,51.5205888],[-0.204143,51.5204872],[-0.204336,51.5203862],[-0.2044528,51.5203172],[-0.2045841,51.5202309],[-0.2048552,51.5200206],[-0.2050707,51.5198398],[-0.205303,51.5196543],[-0.2057137,51.5193447],[-0.2059942,51.5191234],[-0.2062313,51.5189423],[-0.2066037,51.5187005],[-0.2068014,51.5185876],[-0.2069766,51.5184829],[-0.2071953,51.5183715],[-0.2074098,51.5182757],[-0.2076532,51.5181602],[-0.2079182,51.5180557],[-0.2081444,51.517971],[-0.2084374,51.5178732],[-0.2087109,51.5177987],[-0.2090669,51.5177047],[-0.2094806,51.5176112],[-0.2098946,51.5175144],[-0.2102014,51.5174431],[-0.2112856,51.5172012],[-0.2116905,51.517109],[-0.2119473,51.5170422],[-0.2124264,51.5168958],[-0.2128168,51.5167463],[-0.2132316,51.5165454],[-0.2134296,51.5164547],[-0.2137063,51.5163171],[-0.2139766,51.5161769],[-0.2142093,51.5160419],[-0.2143948,51.5159285],[-0.2146054,51.5157844],[-0.2150004,51.5154922],[-0.2153452,51.5152372],[-0.2159917,51.5147839],[-0.2174641,51.5136856],[-0.2185858,51.5128486],[-0.2189199,51.5126258],[-0.2191909,51.5124171],[-0.2193394,51.5123112],[-0.2195384,51.5121648],[-0.219771,51.5119968],[-0.2200454,51.5118314],[-0.2202774,51.5116883],[-0.2204595,51.5115986],[-0.2206783,51.5114762],[-0.2209409,51.5113515],[-0.2211682,51.5112476],[-0.2214854,51.5111156],[-0.2220595,51.5109062],[-0.2223367,51.510797],[-0.2225879,51.5106902],[-0.222922,51.5105411],[-0.2232101,51.5103954],[-0.2234124,51.510287],[-0.2235823,51.5101886],[-0.2237766,51.510065],[-0.2240679,51.5098671],[-0.2241573,51.5098031],[-0.2242683,51.509714],[-0.2244662,51.5095563],[-0.2245875,51.5094561],[-0.2247341,51.5093291],[-0.2248966,51.5091697],[-0.2250219,51.5090399],[-0.2251442,51.5089069],[-0.2252817,51.5087426],[-0.2253853,51.5086132],[-0.2254867,51.508463],[-0.2256044,51.508289],[-0.2256822,51.5081515],[-0.2257605,51.5079948],[-0.2258728,51.5077637],[-0.2259507,51.5075404],[-0.2260202,51.507307],[-0.2260887,51.5070019],[-0.2261142,51.5068787],[-0.2261441,51.5067373],[-0.2261807,51.5065482],[-0.2262478,51.5062446],[-0.2263506,51.5057884],[-0.2263896,51.5055698],[-0.226446,51.5053233],[-0.2265116,51.5049802],[-0.2265713,51.5046909],[-0.226634,51.5044112],[-0.2266867,51.504136],[-0.2267196,51.5039484],[-0.2267414,51.5037962],[-0.2267565,51.5036224],[-0.2267685,51.5034015],[-0.2267696,51.5031828],[-0.2267608,51.5028689],[-0.2267496,51.5027174],[-0.2267042,51.5025034],[-0.2266648,51.5023133],[-0.2265722,51.5019738],[-0.2264122,51.5011676],[-0.2263881,51.5010256],[-0.2261767,51.499957],[-0.2257829,51.4979973],[-0.225678,51.4974735],[-0.2256251,51.4971834],[-0.2255432,51.4967817],[-0.2255082,51.496609],[-0.2254643,51.4963876],[-0.2254239,51.4961887],[-0.2253896,51.4960084],[-0.2253599,51.4958452],[-0.225321,51.495671],[-0.2252766,51.4954472]],[[-0.2252766,51.4954472],[-0.2252481,51.4952814],[-0.2252102,51.4950967],[-0.2251901,51.4949892],[-0.2251783,51.4949202],[-0.2251535,51.4947857],[-0.2251406,51.4947115],[-0.2251128,51.4945601],[-0.2249524,51.4937036],[-0.2249381,51.4936287],[-0.22493,51.4935855],[-0.2249228,51.4935468]],[[-0.2252766,51.4954472],[-0.2251916,51.4952088],[-0.2251521,51.4951158],[-0.2251225,51.4950498],[-0.2250664,51.4949322],[-0.2250423,51.4948751],[-0.2249926,51.4947352],[-0.2249769,51.494659],[-0.2249506,51.4945442],[-0.2248774,51.4941716],[-0.2247943,51.4937167],[-0.224788,51.4936827]],[[-0.2249632,51.4935445],[-0.224979,51.4936258],[-0.2249929,51.4937016],[-0.2251555,51.4945602],[-0.2251853,51.4947177],[-0.2252247,51.4949067],[-0.2252429,51.4950168],[-0.2252977,51.4952869],[-0.2253662,51.4956731],[-0.2254592,51.4961484],[-0.2255136,51.4963803],[-0.2255587,51.4965984],[-0.2255915,51.4967778],[-0.2256854,51.4972091],[-0.225731,51.4974705],[-0.225834,51.4979921],[-0.2262316,51.4999517],[-0.2266403,51.5019688],[-0.2267226,51.5022836],[-0.2267313,51.5023121],[-0.2267614,51.5024938],[-0.2268289,51.5027542],[-0.2268488,51.5030785],[-0.2268513,51.5033105],[-0.2268408,51.5035543],[-0.2267988,51.5039597],[-0.2267618,51.5041793],[-0.2267074,51.5044677],[-0.2266189,51.5048531],[-0.2265499,51.505214],[-0.2264908,51.5054344],[-0.2264608,51.5055481],[-0.2264042,51.5058223],[-0.2261794,51.5068751],[-0.2261503,51.5070114],[-0.226078,51.507328],[-0.2260058,51.5075493],[-0.2259226,51.507776],[-0.2258332,51.507955],[-0.2257923,51.5080614],[-0.2256958,51.5082313],[-0.2256157,51.5083681],[-0.2254957,51.5085438],[-0.2253615,51.5087284],[-0.2252131,51.5089095],[-0.2250738,51.5090645],[-0.2249238,51.5092162],[-0.2247485,51.5093878],[-0.2245774,51.5095356],[-0.2243832,51.5096934],[-0.2242631,51.5097803],[-0.2241983,51.5098246],[-0.2240127,51.5099533],[-0.2238362,51.5100783],[-0.2236342,51.5102021],[-0.2234442,51.5103107],[-0.2231676,51.5104598],[-0.2229767,51.5105542],[-0.2228192,51.5106244],[-0.2226448,51.5107077],[-0.2224477,51.5107935],[-0.2222458,51.5108712],[-0.2218699,51.5110164],[-0.2215073,51.511153],[-0.2212564,51.5112638],[-0.2208994,51.5114431],[-0.220647,51.5115713],[-0.2203473,51.5117186],[-0.22024,51.5117755],[-0.2198831,51.5119934],[-0.2197072,51.5121042],[-0.21943,51.512309],[-0.2190704,51.5125725],[-0.2189659,51.5126459],[-0.2186391,51.5128755],[-0.2175169,51.5137126],[-0.2160652,51.5147919],[-0.2153832,51.515284],[-0.2151132,51.5154861],[-0.2149049,51.5156409],[-0.2147079,51.5157867],[-0.214508,51.5159148],[-0.2143175,51.5160363],[-0.2141846,51.5161143],[-0.2140697,51.5161786],[-0.213859,51.5162926],[-0.213589,51.5164321],[-0.2133153,51.5165895],[-0.2128878,51.5167854],[-0.2126383,51.5168755],[-0.2123877,51.5169706],[-0.2121562,51.5170311],[-0.2119763,51.5170783],[-0.2116091,51.5171689],[-0.2109222,51.5173215],[-0.2102343,51.5174787],[-0.2099036,51.5175552],[-0.2093664,51.5176804],[-0.2089374,51.5177855],[-0.2085306,51.5178972],[-0.2083256,51.5179667],[-0.2081685,51.5180188],[-0.2080211,51.5180738],[-0.2077771,51.5181732],[-0.2075441,51.5182773],[-0.2073882,51.5183444],[-0.2072281,51.5184282],[-0.2070211,51.51853],[-0.2068642,51.518628],[-0.2066782,51.5187313],[-0.2060856,51.5191172],[-0.2058217,51.5193291],[-0.2055497,51.5195429],[-0.2051377,51.5198784],[-0.204915,51.5200311],[-0.2046442,51.5202279],[-0.2045025,51.5203233],[-0.2043269,51.5204285],[-0.2041384,51.520522],[-0.203873,51.520632],[-0.2035949,51.5207375],[-0.2033514,51.5208167],[-0.2031796,51.5208608],[-0.2029372,51.5209127],[-0.2027427,51.5209458],[-0.2025387,51.5209719],[-0.2022948,51.5209913],[-0.2021131,51.5209989],[-0.2018918,51.5210018],[-0.20169,51.5209993],[-0.2014829,51.520991],[-0.2012209,51.5209715],[-0.2010219,51.5209464],[-0.2008533,51.5209213],[-0.2007514,51.5209016],[-0.2004297,51.5208393],[-0.1998315,51.5206931],[-0.1982123,51.5202925],[-0.1974979,51.5201421],[-0.19627,51.519893],[-0.195848,51.5198112],[-0.1954957,51.5197601],[-0.1951411,51.5197246],[-0.1950131,51.5197163],[-0.193703,51.5196563],[-0.1933788,51.5196289],[-0.1901496,51.5193123],[-0.1894618,51.519246],[-0.1883497,51.5191409],[-0.1874659,51.5190606],[-0.1870434,51.5190255],[-0.1866198,51.5189969],[-0.1860167,51.5189605],[-0.1857883,51.5189489],[-0.1855973,51.5189426],[-0.1854139,51.5189389],[-0.1852027,51.5189347],[-0.1850038,51.518937],[-0.1847615,51.5189395],[-0.1845342,51.5189388],[-0.1843146,51.518934],[-0.1839096,51.5189192],[-0.1837885,51.5189122],[-0.1836075,51.5188976],[-0.1833335,51.5188756],[-0.1829845,51.5188393],[-0.1826454,51.5188033],[-0.1824667,51.5187834],[-0.1822703,51.5187693],[-0.1819605,51.5187463],[-0.1815509,51.5187139],[-0.1811916,51.5186934],[-0.1809995,51.5186899],[-0.1808302,51.5186915],[-0.1806397,51.5186983],[-0.1803428,51.5187169],[-0.1800716,51.5187342],[-0.1798478,51.5187347],[-0.1796893,51.518729],[-0.1795435,51.5187186],[-0.1792641,51.5186718],[-0.1789931,51.5186117],[-0.178584,51.518488],[-0.1779613,51.5183165],[-0.1777039,51.5182217],[-0.1776024,51.5181843],[-0.1774418,51.5180979],[-0.1772783,51.5180163],[-0.1768599,51.5177584],[-0.1766748,51.5176571],[-0.1764656,51.5175759],[-0.1762296,51.5175113],[-0.1760062,51.5174748],[-0.1758367,51.51746],[-0.1756838,51.5174543],[-0.1755354,51.5174636],[-0.1752613,51.5175026],[-0.1747459,51.5175958],[-0.1734484,51.5178161],[-0.1731315,51.5178665],[-0.17272,51.5179319],[-0.1726734,51.5179388],[-0.1720942,51.5180354],[-0.171569,51.5181225],[-0.1715216,51.5181304],[-0.1712322,51.5181784],[-0.1707503,51.5182981],[-0.1701444,51.5186345],[-0.1689984,51.5192818],[-0.168785,51.5194021],[-0.168382,51.5196233]],[[-0.1683274,51.5195749],[-0.168708,51.5193973],[-0.1701043,51.5186152],[-0.1705302,51.5183775]],[[-0.168382,51.5196233],[-0.1680878,51.5197315]],[[-0.168382,51.5196233],[-0.1680872,51.5198322],[-0.1673162,51.5201541],[-0.1670842,51.520233],[-0.1668361,51.5203099],[-0.1666224,51.5203649],[-0.1662243,51.520478],[-0.1656381,51.5205881],[-0.1656027,51.5206009],[-0.1653598,51.5206599],[-0.1650076,51.5207493],[-0.1636888,51.5209755],[-0.1605919,51.5215638],[-0.1574923,51.5221531],[-0.1566779,51.5222984],[-0.1558488,51.5224417],[-0.1556787,51.5224715],[-0.155512,51.5225008],[-0.1533537,51.5228684],[-0.1523934,51.5230468],[-0.1518104,51.5231153],[-0.1511884,51.5231453],[-0.1505374,51.5231861],[-0.1498389,51.5232422],[-0.1491314,51.5233069],[-0.1489664,51.5233223],[-0.1459327,51.523848],[-0.1454896,51.5238823],[-0.1452135,51.5238868],[-0.1450753,51.5238843],[-0.1449542,51.5238778],[-0.1447504,51.5238608],[-0.144476,51.5238379],[-0.1443543,51.523832],[-0.1443265,51.5238308],[-0.1442166,51.5238267],[-0.1440867,51.5238243],[-0.1439808,51.5238232],[-0.1438906,51.5238238],[-0.1437799,51.5238258],[-0.1436687,51.5238289],[-0.1435289,51.5238329],[-0.1433722,51.5238415],[-0.1432717,51.5238495],[-0.1431611,51.5238598],[-0.1431015,51.5238661],[-0.142998,51.5238786],[-0.1428825,51.5238939],[-0.142751,51.5239124],[-0.1424383,51.5239663],[-0.1417983,51.5241019],[-0.1393864,51.5246434],[-0.1363732,51.5254304],[-0.1361905,51.5254838],[-0.1360091,51.5255427],[-0.1352346,51.525829],[-0.1344584,51.526116],[-0.1338357,51.5263189],[-0.1312815,51.5271514],[-0.1297425,51.5277042],[-0.1295419,51.5277822],[-0.1273714,51.5286265],[-0.1265845,51.5289391],[-0.1263801,51.5290327],[-0.1261333,51.5291794],[-0.1258254,51.5293319],[-0.1253003,51.5295341],[-0.1246817,51.5297729],[-0.1242273,51.5299264],[-0.123896,51.5300273],[-0.1236504,51.5301114],[-0.1235301,51.5301606],[-0.1233246,51.5302276],[-0.122908,51.5303997],[-0.1226293,51.5304865],[-0.122385,51.5305471],[-0.1220702,51.5306104],[-0.1218597,51.5306411],[-0.1217474,51.5306533],[-0.1216103,51.5306604],[-0.1214735,51.5306593],[-0.1210046,51.5306394],[-0.12078,51.530614],[-0.1205086,51.5305653],[-0.1199667,51.5304384],[-0.1197851,51.5303936],[-0.1195833,51.5303378],[-0.1193919,51.5302831],[-0.1191729,51.5302108],[-0.1190208,51.5301511],[-0.1189126,51.5301075],[-0.1188569,51.5300831],[-0.1186608,51.5299841],[-0.1184824,51.5298983],[-0.1183347,51.5298175],[-0.1178544,51.5295382],[-0.1177655,51.5294838],[-0.1177427,51.5294699],[-0.1172463,51.5291888],[-0.1170515,51.5290793],[-0.1169652,51.5290265],[-0.1165591,51.5287951],[-0.1163731,51.5286859],[-0.116108,51.5285345],[-0.1156034,51.5282321],[-0.1149893,51.527858],[-0.1145206,51.527562],[-0.1134928,51.5268723],[-0.1126087,51.5262816],[-0.1114384,51.5255803],[-0.1106376,51.5250886],[-0.109519,51.5242162],[-0.1093232,51.5240688],[-0.1090112,51.5238636],[-0.1086985,51.5236985],[-0.1084319,51.5235821],[-0.1079003,51.5232904],[-0.1076779,51.523148],[-0.1074488,51.5230015],[-0.1073654,51.5229452],[-0.1070049,51.5227324],[-0.1067587,51.5225675],[-0.1067129,51.5225353],[-0.1066111,51.5224554],[-0.106601,51.5224475],[-0.1064937,51.5223439],[-0.106456,51.5223086],[-0.1063207,51.5221503],[-0.1062605,51.5220603],[-0.1061923,51.5219639],[-0.1061102,51.5218475],[-0.1060286,51.5217488],[-0.1059517,51.5216526],[-0.1058007,51.5214857],[-0.1056395,51.5213123],[-0.1055798,51.5212537],[-0.1055062,51.52118],[-0.1054045,51.5210736],[-0.1053583,51.5210213],[-0.1053127,51.5209633],[-0.105269,51.5209051],[-0.1052085,51.5208236],[-0.1051545,51.5207483],[-0.1050822,51.5206529],[-0.1050388,51.5206014],[-0.1049549,51.5205113],[-0.1048564,51.5204174],[-0.1048061,51.5203735],[-0.104784,51.5203559],[-0.1047292,51.5203121],[-0.1046706,51.5202684],[-0.1045644,51.520197],[-0.1044945,51.5201569],[-0.1044191,51.5201175],[-0.104343,51.5200817],[-0.1042818,51.5200535],[-0.1042028,51.5200151],[-0.1041163,51.5199758],[-0.1040189,51.5199374],[-0.1039299,51.5199033],[-0.1038217,51.5198668],[-0.1037069,51.5198302],[-0.1034623,51.5197668],[-0.1033172,51.5197372],[-0.1031941,51.5197153],[-0.103004,51.5196886],[-0.1028088,51.5196673],[-0.1026393,51.5196528],[-0.1025027,51.5196431],[-0.1023453,51.51964],[-0.1021732,51.5196435],[-0.1020276,51.519658],[-0.1018435,51.5196899],[-0.1015112,51.5197588],[-0.1007599,51.5199783],[-0.1004425,51.5200469],[-0.1001328,51.5201112],[-0.0998823,51.5201573],[-0.0996992,51.5201798],[-0.0995268,51.5201932],[-0.0987257,51.5202304],[-0.098045,51.5202628],[-0.0977976,51.520272],[-0.0975669,51.5202735],[-0.0974011,51.5202611],[-0.0972349,51.5202372],[-0.0970713,51.5202078],[-0.0969464,51.5201811],[-0.0967427,51.5201352],[-0.0964925,51.5200721],[-0.0959356,51.5199354],[-0.0916011,51.5188906],[-0.0891531,51.5183795],[-0.0888213,51.5183085],[-0.0843726,51.5175043],[-0.0840764,51.5174568],[-0.0838724,51.5174272],[-0.0833928,51.51735],[-0.0830667,51.517297],[-0.0825435,51.5172123],[-0.0818196,51.5170871],[-0.081007,51.5169748],[-0.0808641,51.5169498],[-0.0807474,51.5169244],[-0.0791665,51.5164053],[-0.0786166,51.5162418],[-0.0781864,51.5160488],[-0.0778672,51.5159053],[-0.0777492,51.515856],[-0.0775856,51.5157851],[-0.0774086,51.5156899],[-0.0772783,51.5156053],[-0.0772262,51.5155714],[-0.0770638,51.5154726],[-0.0770281,51.5154502],[-0.0768024,51.5153085],[-0.0765666,51.5151357],[-0.0764014,51.5150273],[-0.0763641,51.5150037],[-0.0762904,51.514957],[-0.0761933,51.5149054],[-0.0761377,51.5148784],[-0.0760458,51.5148336],[-0.0760057,51.5148157],[-0.0759712,51.5148001],[-0.0759216,51.5147781],[-0.0758696,51.5147573],[-0.0757674,51.5147281],[-0.0756144,51.5146908],[-0.0754716,51.5146618],[-0.0752159,51.5146177],[-0.0749968,51.514586],[-0.074776,51.5145679],[-0.0746211,51.5145641],[-0.0744898,51.514561],[-0.0743348,51.5145686],[-0.0741593,51.5145808],[-0.0740001,51.5146072],[-0.073758,51.5146606],[-0.0719752,51.515243],[-0.0717602,51.5153155],[-0.0708317,51.5156316],[-0.0707628,51.515655],[-0.0702393,51.5158337],[-0.0699181,51.5159499],[-0.0697381,51.5160271],[-0.0693535,51.5162216],[-0.0693017,51.5162547],[-0.0692806,51.5162571],[-0.0675782,51.5170645],[-0.0666815,51.5173658],[-0.0650373,51.5179188],[-0.0633722,51.5184283],[-0.0631195,51.518545],[-0.0628378,51.5188134],[-0.0625894,51.5189809],[-0.0622551,51.5191657],[-0.0620466,51.5192773],[-0.0619028,51.5193375],[-0.0617838,51.5193876],[-0.0616364,51.5194428],[-0.0613856,51.5195146],[-0.0609839,51.5196189],[-0.0605929,51.5197164],[-0.060378,51.5197498],[-0.0603141,51.5197597],[-0.0600281,51.5197885],[-0.0597672,51.5198054],[-0.0595227,51.5198063],[-0.0593181,51.5197925],[-0.0590847,51.5197673],[-0.0588746,51.519744],[-0.0586472,51.5197045],[-0.0583709,51.5196712],[-0.0583554,51.5196721],[-0.0581935,51.5196524],[-0.057864,51.5196586],[-0.0566344,51.519924],[-0.0564075,51.5199638],[-0.0521809,51.5207056],[-0.0513925,51.5208443],[-0.0467282,51.5217146],[-0.0454445,51.5219935],[-0.0440455,51.5221751],[-0.0422945,51.5223353],[-0.0409556,51.5225916],[-0.0387539,51.5233109],[-0.037618,51.5239798],[-0.0374122,51.5241009],[-0.0353384,51.524877],[-0.0334449,51.5253563],[-0.0318352,51.5257258],[-0.0265272,51.5267998],[-0.0258237,51.52693],[-0.0256836,51.5269486],[-0.0255517,51.5269587],[-0.0253973,51.5269642],[-0.0252428,51.5269564],[-0.0251038,51.5269449],[-0.02492,51.5269239],[-0.0247947,51.5269047],[-0.0246895,51.526886],[-0.0244414,51.5268312],[-0.0242946,51.5267899],[-0.0241355,51.5267389],[-0.0239859,51.5266847],[-0.0236437,51.526526],[-0.0218527,51.5255833],[-0.0211603,51.5252063],[-0.0209724,51.5251112],[-0.0205983,51.5249065],[-0.0203781,51.5248165],[-0.0202037,51.5247595],[-0.0200103,51.5247115],[-0.0197236,51.524662],[-0.019505,51.5246423],[-0.0192784,51.5246331],[-0.0184767,51.5246152],[-0.0179638,51.5245979],[-0.0170782,51.5245701],[-0.0159803,51.5245345],[-0.0153655,51.5245158],[-0.0152862,51.5245146],[-0.0146962,51.524506],[-0.0144443,51.5245116],[-0.0141917,51.5245258],[-0.0134897,51.524585],[-0.0132917,51.5246039],[-0.0127806,51.524649],[-0.0123998,51.524688],[-0.0115318,51.5247889],[-0.0105893,51.5249117],[-0.0100091,51.5249901],[-0.0094438,51.5250891],[-0.0088293,51.5252222],[-0.0080429,51.5254009],[-0.0064191,51.5257764],[-0.0061444,51.5258416],[-0.0047993,51.5261357],[-0.0034446,51.5264546],[-0.0007441,51.5270809],[9.83e-05,51.5272755],[0.0010875,51.527501],[0.0018706,51.5276874],[0.0026478,51.527882],[0.0032143,51.528018],[0.0035768,51.528111],[0.0040652,51.5282392],[0.0049701,51.5284923],[0.0052057,51.5285558],[0.0060324,51.5287463],[0.0068251,51.5289288],[0.007501,51.5290766],[0.0100914,51.5296594],[0.0107491,51.5298133],[0.0113738,51.5299534],[0.0115755,51.5299986],[0.0126243,51.5302266],[0.0135633,51.5304315],[0.0139032,51.5305098],[0.0147873,51.5307266],[0.015655,51.530939],[0.016294,51.5310904],[0.0167222,51.5311855],[0.0169431,51.5312341],[0.0171696,51.5312839],[0.0176173,51.5313726],[0.0187254,51.5316029],[0.0209768,51.5321117],[0.0240752,51.5328379],[0.0248908,51.5330273],[0.0257895,51.5332278],[0.0276108,51.5336391],[0.0284731,51.5338382],[0.0294771,51.5340696],[0.0311225,51.5344441],[0.0318736,51.5346306],[0.0325875,51.5348043],[0.0350852,51.535378],[0.0356797,51.5355063],[0.0367013,51.5357183],[0.0377329,51.5359594],[0.0392241,51.5363038],[0.0400767,51.5365028],[0.040826,51.5366754],[0.0419764,51.5369385],[0.0431243,51.5371997],[0.0442692,51.5374678],[0.0452291,51.5376892],[0.0462418,51.5379161],[0.0471814,51.5381264],[0.0481313,51.5383353],[0.0487791,51.5384766],[0.0495945,51.5386561],[0.050159,51.5387808],[0.0505407,51.538869],[0.0511126,51.5390027],[0.0516729,51.5391471],[0.0520147,51.539249],[0.0524073,51.5393605],[0.0528386,51.5394883],[0.0530995,51.5395664],[0.0532549,51.5396159],[0.0535813,51.5397191],[0.0540304,51.5398635],[0.0541596,51.539905],[0.0546776,51.5400745],[0.055272,51.5402845],[0.0556488,51.5404232],[0.0560297,51.5405704],[0.0564045,51.5407222],[0.0568313,51.5409074],[0.0572471,51.5410953],[0.0576618,51.5412884],[0.0580058,51.5414487],[0.0582924,51.5415889],[0.0585298,51.5417127],[0.0587427,51.541836],[0.0589379,51.54196],[0.059132,51.5420993],[0.0593127,51.5422445],[0.0594713,51.5423825],[0.0596218,51.542526],[0.0598438,51.5427455],[0.0600537,51.5429769],[0.0602573,51.5431659],[0.0605833,51.5434308],[0.0609278,51.5436839],[0.0614443,51.5439485],[0.061834,51.5441184],[0.0622295,51.5442618],[0.0626882,51.5444012],[0.0631504,51.5445054],[0.0635694,51.5445827],[0.0640027,51.5446403],[0.0643578,51.5446711],[0.0646828,51.5446869],[0.0650206,51.5446925],[0.0653813,51.544677],[0.0657372,51.5446506],[0.0660495,51.5446124],[0.0663386,51.5445669],[0.0666419,51.5445067],[0.0669902,51.5444285],[0.0672572,51.5443566],[0.0675764,51.54427],[0.0681877,51.5441283],[0.068484,51.5440633],[0.0690187,51.5439512],[0.0697118,51.5437962],[0.070179,51.543693],[0.0706786,51.5435965],[0.0710553,51.5435309],[0.0714839,51.543454],[0.0717436,51.5434105],[0.0721547,51.5433387],[0.0725255,51.5432633],[0.0728918,51.5431807],[0.073139,51.5431174],[0.0733853,51.543052],[0.0736644,51.5429708],[0.0739648,51.5428769],[0.0742973,51.5427621],[0.0748727,51.5425413],[0.0759946,51.5420793],[0.0763918,51.5419005],[0.0766416,51.5417812],[0.0770276,51.5415987]],[[-0.0767088,51.5151934],[-0.0767489,51.5152286],[-0.0768252,51.5152902],[-0.0770562,51.5154318],[-0.0770906,51.5154529],[-0.077315,51.5155846],[-0.0774461,51.5156616],[-0.0776111,51.5157542],[-0.0777827,51.5158277],[-0.0778914,51.5158802],[-0.0782079,51.5160263],[-0.0786351,51.5162142],[-0.0791878,51.516384],[-0.0807829,51.5168821],[-0.0809028,51.5169122],[-0.0810248,51.5169333],[-0.0818321,51.5170561],[-0.0825554,51.5171842],[-0.0830792,51.5172704],[-0.0834029,51.5173233],[-0.0838934,51.5173983],[-0.0840973,51.5174279],[-0.0844014,51.5174723],[-0.0888349,51.5182687],[-0.0908535,51.5187071],[-0.0915117,51.5188473],[-0.0965288,51.5200441],[-0.0967342,51.520098],[-0.0970017,51.5201595],[-0.0972423,51.5202064],[-0.0974056,51.5202299],[-0.0975612,51.5202431],[-0.0977943,51.5202439],[-0.0979383,51.5202369],[-0.0981967,51.5202274],[-0.0987297,51.5202026],[-0.0989983,51.5201896],[-0.0992882,51.5201773],[-0.099514,51.5201697],[-0.0996883,51.5201555],[-0.0998736,51.5201314],[-0.1004384,51.5200157],[-0.1007729,51.519931],[-0.1014903,51.5197265],[-0.1018237,51.5196568],[-0.1019949,51.5196263],[-0.1021569,51.5196103],[-0.1023231,51.5196058],[-0.1024819,51.5196138],[-0.1026848,51.5196266],[-0.1027442,51.5196308],[-0.1028704,51.5196409],[-0.1030557,51.519663],[-0.1032076,51.519684],[-0.1033299,51.5197062],[-0.1034461,51.5197296],[-0.1035812,51.5197636],[-0.1036829,51.5197905],[-0.1038062,51.5198266],[-0.1039249,51.5198666],[-0.1041214,51.5199442],[-0.1041645,51.5199618],[-0.1042435,51.5199971],[-0.1043232,51.520037],[-0.1043736,51.5200605],[-0.1044929,51.5201201],[-0.1045355,51.5201414],[-0.1045985,51.5201774],[-0.1047225,51.5202608],[-0.1047548,51.5202849],[-0.104783,51.5203068],[-0.104812,51.5203293],[-0.1048278,51.5203424],[-0.1048561,51.5203661],[-0.1049081,51.5204123],[-0.1049534,51.5204545],[-0.1049895,51.5204902],[-0.1050467,51.5205507],[-0.1051057,51.5206183],[-0.1051395,51.5206601],[-0.1052131,51.5207596],[-0.1052548,51.5208186],[-0.1052862,51.5208621],[-0.1053542,51.5209503],[-0.1053984,51.521004],[-0.1054578,51.5210723],[-0.1055166,51.5211352],[-0.1055631,51.5211837],[-0.1058101,51.5214395],[-0.1060109,51.5216603],[-0.1061514,51.5218431],[-0.1062817,51.5220123],[-0.1063796,51.5221466],[-0.1065156,51.5223045],[-0.1066178,51.5224081],[-0.1066423,51.5224317],[-0.1067513,51.5225213],[-0.1069752,51.5226756],[-0.1074055,51.5229361],[-0.1075325,51.5230171],[-0.1077502,51.5231524],[-0.1079375,51.5232699],[-0.1084232,51.5235438],[-0.1087068,51.5236657],[-0.1090463,51.5238371],[-0.1093664,51.5240486],[-0.1095694,51.5242041],[-0.1106654,51.5250659],[-0.1114733,51.5255491],[-0.1126427,51.526257],[-0.1135394,51.5268436],[-0.1145664,51.5275362],[-0.1150266,51.5278325],[-0.1155808,51.5281688],[-0.1161455,51.5285095],[-0.1164327,51.528673],[-0.116622,51.528782],[-0.1170127,51.5290065],[-0.1171166,51.529065],[-0.1173151,51.5291756],[-0.1178124,51.5294559],[-0.1179294,51.5295252],[-0.1183975,51.5298026],[-0.1185345,51.5298839],[-0.1186987,51.5299666],[-0.1188497,51.5300392],[-0.1189731,51.5300903],[-0.1190817,51.5301359],[-0.1191764,51.5301736],[-0.1193853,51.5302472],[-0.1195684,51.530304],[-0.1197548,51.530353],[-0.1200306,51.5304214],[-0.1205014,51.5305316],[-0.1207778,51.530579],[-0.1210322,51.5306073],[-0.1212204,51.5306168],[-0.1214557,51.5306214],[-0.1215925,51.5306225],[-0.1217296,51.5306154],[-0.1218419,51.5306032],[-0.1220524,51.5305725],[-0.1223672,51.5305092],[-0.1226329,51.5304394],[-0.1228922,51.5303567],[-0.1232942,51.5301952],[-0.1235251,51.5300899],[-0.1236553,51.5300201],[-0.1237723,51.5299432],[-0.1238861,51.5298766],[-0.1240376,51.5297966],[-0.124545,51.5295915],[-0.1256138,51.5291487],[-0.1259933,51.5290306],[-0.1262233,51.5289682],[-0.1265149,51.5288892],[-0.1267679,51.5288206],[-0.1273515,51.5285879],[-0.1297338,51.5276773],[-0.1312616,51.5271128],[-0.1338133,51.5262918],[-0.1343416,51.5261218],[-0.1351367,51.5258278],[-0.135935,51.5255327],[-0.1361462,51.5254642],[-0.1363623,51.525398],[-0.1393665,51.5246048],[-0.1417784,51.5240633],[-0.1424268,51.5239371],[-0.1427273,51.5238902],[-0.1427985,51.5238795],[-0.1428842,51.5238673],[-0.1429726,51.5238558],[-0.1430723,51.523844],[-0.1431635,51.5238351],[-0.1432708,51.5238251],[-0.1433785,51.5238163],[-0.1434405,51.5238123],[-0.1435299,51.5238079],[-0.1436321,51.5238038],[-0.1437007,51.5238012],[-0.1437898,51.5237995],[-0.1438686,51.5237975],[-0.1439524,51.5237967],[-0.1440274,51.5237968],[-0.1441115,51.5237983],[-0.1441674,51.5237996],[-0.1442576,51.5238026],[-0.1443505,51.5238065],[-0.144482,51.5238155],[-0.1449537,51.5238477],[-0.1450767,51.5238542],[-0.1452161,51.5238571],[-0.1454914,51.523845],[-0.1459488,51.5238049],[-0.1489436,51.5232822],[-0.1491134,51.5232647],[-0.1498121,51.5232121],[-0.1505226,51.5231493],[-0.151183,51.5231022],[-0.1517943,51.5230736],[-0.1523706,51.5230067],[-0.1533309,51.5228283],[-0.1554892,51.5224607],[-0.1558207,51.5224023],[-0.1566498,51.522259],[-0.1574642,51.5221137],[-0.1578705,51.5220365],[-0.1636607,51.5209361],[-0.1649904,51.520731],[-0.1655489,51.5205988],[-0.165648,51.5205685],[-0.1656908,51.520541],[-0.1659642,51.5203939],[-0.1662305,51.5202668],[-0.1662573,51.520253],[-0.1666628,51.5201004],[-0.1672074,51.519932],[-0.1675981,51.5198094],[-0.1679098,51.5197048],[-0.1683274,51.5195749]],[[-0.168049,51.5197046],[-0.1683274,51.5195749]],[[-0.1662143,51.5203846],[-0.1671491,51.5200909],[-0.1672693,51.5200584]],[[-0.0916011,51.5188906],[-0.0915117,51.5188473],[-0.0912878,51.5187572],[-0.0911235,51.5186932],[-0.0892211,51.5182398]],[[-0.0912878,51.5187572],[-0.0902788,51.5185179],[-0.0892053,51.5182739]],[[0.0778254,51.5411749],[0.0769929,51.5415707],[0.0766113,51.5417556],[0.0763622,51.541873],[0.0759646,51.5420525],[0.074846,51.5425158],[0.0742732,51.5427326],[0.0739411,51.5428454],[0.0736426,51.5429413],[0.0733642,51.5430221],[0.0731197,51.5430867],[0.0728718,51.5431457],[0.0725017,51.5432186],[0.0721303,51.5432854],[0.071719,51.5433568],[0.0714482,51.5434038],[0.0710296,51.5434784],[0.0706548,51.5435533],[0.0701611,51.5436595],[0.0696929,51.5437632],[0.0689999,51.5439183],[0.0681727,51.5440942],[0.0676002,51.5442348],[0.0668866,51.5444209],[0.0666547,51.5444702],[0.0663226,51.5445354],[0.065962,51.5445968],[0.065606,51.5446265],[0.0653157,51.544647],[0.0650674,51.54466],[0.0647831,51.5446619],[0.064436,51.544647],[0.0640471,51.5446144],[0.0637045,51.5445689],[0.0632527,51.5444944],[0.0628727,51.5444126],[0.0624553,51.5443],[0.0621456,51.5441958],[0.0617566,51.5440497],[0.0614888,51.5439232],[0.0611672,51.5437631],[0.0608904,51.543591],[0.0606511,51.5434207],[0.0604581,51.5432672],[0.0602726,51.5431072],[0.0601275,51.5429773],[0.0599771,51.5428359],[0.0598902,51.5427308],[0.0596692,51.5425072],[0.0595214,51.5423619],[0.0593628,51.5422232],[0.0591786,51.5420767],[0.0589802,51.5419379],[0.0587823,51.5418129],[0.058564,51.5416869],[0.0583298,51.541563],[0.058039,51.5414226],[0.057692,51.5412619],[0.0572757,51.5410676],[0.0568608,51.5408805],[0.0564303,51.5406956],[0.0560562,51.5405442],[0.0556746,51.5403961],[0.0552954,51.5402572],[0.0547014,51.5400491],[0.0541813,51.5398776],[0.0540141,51.5398238],[0.0536031,51.5396915],[0.0532765,51.5395882],[0.0528608,51.5394584],[0.0524247,51.53933],[0.0520365,51.5392193],[0.0516878,51.5391246],[0.0511298,51.5389766],[0.0505613,51.5388383],[0.0501217,51.5387335],[0.049602,51.5386196],[0.0489596,51.5384779],[0.0482987,51.5383368],[0.0477083,51.538209],[0.0471608,51.5380836],[0.0465379,51.5379517],[0.0459746,51.5378228],[0.0452755,51.537662],[0.0444955,51.5374822],[0.0438699,51.5373365],[0.0432563,51.5371937],[0.0426279,51.5370445],[0.0419604,51.5369011],[0.0412204,51.5367316],[0.0406663,51.5366021],[0.0401857,51.5364905],[0.039653,51.5363679],[0.0390153,51.536221],[0.0384473,51.5360973],[0.0378607,51.5359498],[0.0372471,51.5358064],[0.0367396,51.5356833],[0.0360823,51.5355578],[0.0356519,51.5354653],[0.0349509,51.5353097],[0.0342388,51.5351455],[0.033616,51.5350038],[0.0330656,51.5348841],[0.032479,51.5347413],[0.0318348,51.5345875],[0.031026,51.5343862],[0.0302888,51.5342202],[0.0292681,51.5339884],[0.0283654,51.5337779],[0.0275101,51.5335801],[0.0267181,51.5333968],[0.0259139,51.5332216],[0.0252455,51.5330654],[0.0244293,51.5328786],[0.0238185,51.5327433],[0.0232905,51.5326224],[0.0227374,51.5324993],[0.0221991,51.5323697],[0.0216488,51.5322344],[0.0210836,51.5321078],[0.0204849,51.5319713],[0.0199364,51.5318423],[0.0187501,51.5315682],[0.0176385,51.5313363],[0.0171913,51.5312472],[0.016962,51.5311966],[0.0167393,51.5311475],[0.0163075,51.5310528],[0.0156749,51.5309028],[0.0149931,51.530735],[0.0139247,51.5304653],[0.0135783,51.5303837],[0.0127289,51.5301692],[0.0126891,51.5301603],[0.0122604,51.530064],[0.011526,51.5298933],[0.0112174,51.5298246],[0.0107534,51.5297228],[0.0100832,51.5295701],[0.0094594,51.5294209],[0.0088403,51.5292786],[0.0081821,51.5291323],[0.0075276,51.5289834],[0.0068816,51.5288337],[0.0060857,51.5286524],[0.0052798,51.5284689],[0.0049128,51.5283789],[0.0040711,51.5281895],[0.0032665,51.527996],[0.0022132,51.5277345],[0.0014621,51.5275581],[0.0006728,51.5273748],[-3.28e-05,51.5272071],[-0.0005748,51.5270862],[-0.0011028,51.5269676],[-0.0017061,51.5268271],[-0.0023383,51.5266744],[-0.002897,51.5265443],[-0.0035459,51.526395],[-0.0040758,51.5262695],[-0.0046271,51.5261388],[-0.0052257,51.5260156],[-0.0058616,51.5258658],[-0.0064443,51.5257365],[-0.0080664,51.5253639],[-0.0088125,51.5251925],[-0.0094255,51.5250572],[-0.0099959,51.52496],[-0.0105776,51.5248807],[-0.0112068,51.5248001],[-0.0115211,51.5247599],[-0.0123916,51.5246579],[-0.0127724,51.5246183],[-0.0132865,51.5245726],[-0.0134809,51.5245551],[-0.0141987,51.5244965],[-0.0144415,51.5244789],[-0.014697,51.5244722],[-0.0153676,51.5244849],[-0.0159839,51.5245021],[-0.0170782,51.5245392],[-0.0179785,51.524567],[-0.0184868,51.5245819],[-0.0192734,51.5245991],[-0.0195064,51.5246102],[-0.0197355,51.5246303],[-0.0200335,51.5246818],[-0.0202225,51.5247309],[-0.0204116,51.5247908],[-0.0206356,51.5248843],[-0.0210117,51.5250871],[-0.0211901,51.5251788],[-0.0226349,51.5259554],[-0.0236483,51.526487],[-0.0239657,51.5266368],[-0.0241363,51.5267029],[-0.0243187,51.5267626],[-0.0244618,51.5268025],[-0.0247023,51.5268567],[-0.0248073,51.5268754],[-0.0249071,51.5268917],[-0.0251482,51.5269194],[-0.0252975,51.5269307],[-0.0254192,51.5269379],[-0.0255447,51.5269332],[-0.0256809,51.5269241],[-0.0258087,51.5269054],[-0.0264888,51.5267607],[-0.0334206,51.5253233],[-0.0353244,51.5248539],[-0.0373896,51.5240708],[-0.0387262,51.5232884],[-0.0409493,51.5225621],[-0.0422882,51.5223058],[-0.0440392,51.5221456],[-0.0454382,51.521964],[-0.0467219,51.5216851],[-0.0502083,51.5210235],[-0.0514288,51.5207839],[-0.0541902,51.5202926],[-0.0546678,51.5202077],[-0.0566188,51.5198606],[-0.0578613,51.5196307],[-0.0581897,51.5196217],[-0.058463,51.5196499],[-0.0586674,51.5196764],[-0.0589072,51.5196923],[-0.0590935,51.5196967],[-0.0592221,51.5196976],[-0.0593666,51.5196898],[-0.0595785,51.5196714],[-0.0596786,51.5196639],[-0.0597982,51.5196486],[-0.0600268,51.5196066],[-0.0604684,51.5194958],[-0.0613584,51.5192905],[-0.0616936,51.5192046],[-0.0618008,51.5191771],[-0.0621801,51.5190818],[-0.0623341,51.5190336],[-0.0624676,51.5189824],[-0.0626019,51.5189123],[-0.0627473,51.5188359],[-0.062816,51.5187776],[-0.0630849,51.5185126],[-0.0632863,51.5184048],[-0.0649845,51.5178777],[-0.0652014,51.5177908],[-0.0655331,51.517658],[-0.0659685,51.5175167],[-0.0675266,51.517011],[-0.0697193,51.5159933],[-0.06989,51.5159345],[-0.0700896,51.5158628],[-0.0701644,51.5158358],[-0.0707505,51.5156352],[-0.070814,51.5156136],[-0.0716519,51.5153293],[-0.0719595,51.51522],[-0.0737435,51.5146415],[-0.0739866,51.5145834],[-0.0741271,51.5145594],[-0.0743391,51.5145416],[-0.0744878,51.5145347],[-0.0746197,51.5145395],[-0.0747796,51.5145467],[-0.0750001,51.5145635],[-0.0752266,51.5145937],[-0.0754809,51.5146367],[-0.0756285,51.5146659],[-0.0757842,51.5147003],[-0.0758881,51.5147305],[-0.0759867,51.5147735],[-0.0760346,51.5147955],[-0.0762208,51.514896],[-0.0764373,51.5150214],[-0.076614,51.5151238]],[[0.0139032,51.5305098],[0.0142042,51.5305928],[0.0145004,51.530684],[0.0146953,51.530747],[0.0154865,51.5309724],[0.0157459,51.5310393],[0.0166665,51.531253]],[[0.0770276,51.5415987],[0.0771513,51.541535],[0.0777309,51.5412221],[0.0778254,51.5411749]],[[0.0770276,51.5415987],[0.077858,51.5412002],[0.07817,51.5410559],[0.0786023,51.5408624],[0.0790292,51.5406645],[0.0791937,51.5405863],[0.0795578,51.5404059],[0.0797194,51.5403241],[0.0809226,51.5397036],[0.0810967,51.5396162]],[[0.0797733,51.5402563],[0.0796073,51.54034],[0.0795246,51.5403813],[0.0791627,51.5405625],[0.0789978,51.540641],[0.0785719,51.5408387],[0.0781386,51.5410313],[0.0778254,51.5411749]]]},"properties":{"name":"Hammersmith & City","colour":"#F3A9BB","mode":"tfl"}},{"type":"Feature","geometry":{"type":"MultiLineString","coordinates":[[[-0.3007165,51.616526],[-0.3013908,51.6172671],[-0.3014934,51.6173801],[-0.3016319,51.6175464],[-0.3017516,51.6177027],[-0.3025829,51.6187828],[-0.3028716,51.6191578],[-0.3029896,51.6193119]],[[-0.3007165,51.616526],[-0.3008788,51.6167421],[-0.3013052,51.6172937],[-0.3013845,51.6173991],[-0.3016583,51.6177509],[-0.3018747,51.6180186],[-0.3020389,51.6182121],[-0.3022101,51.6184045],[-0.3023781,51.6185974],[-0.3025377,51.6187922],[-0.3027144,51.6190237],[-0.3028244,51.6191679],[-0.3029427,51.6193227]],[[-0.3028881,51.6195078],[-0.3027556,51.6193349],[-0.3025452,51.6190616],[-0.3023735,51.6188395],[-0.3022204,51.6186423],[-0.3020721,51.6184437],[-0.3019316,51.6182418],[-0.3018011,51.6180395],[-0.301612,51.6177635],[-0.3013418,51.6174111],[-0.3012577,51.6173075],[-0.3006659,51.6165369],[-0.3004299,51.616229],[-0.3000852,51.6157801],[-0.2994202,51.6149306],[-0.2993135,51.6147688],[-0.2989939,51.6143483],[-0.2959836,51.6104664],[-0.2956017,51.6099704],[-0.2954041,51.6096444],[-0.2952359,51.6093311],[-0.2950848,51.6090053],[-0.2949651,51.6087238],[-0.2947712,51.6081609],[-0.2946629,51.6078262],[-0.2946214,51.6076944],[-0.2946141,51.6076712],[-0.2945032,51.6073341],[-0.2942666,51.6066401],[-0.2940936,51.6059688],[-0.2938927,51.6053707],[-0.2936918,51.6047332],[-0.2934778,51.6040848],[-0.2932703,51.6034433],[-0.2930978,51.6029075],[-0.2929168,51.6023448],[-0.2926913,51.6016379],[-0.2924828,51.6009492],[-0.292266,51.6003736],[-0.2919303,51.5993884],[-0.2915975,51.5983796],[-0.2914261,51.5979949],[-0.2912995,51.5977525],[-0.2911106,51.5974541],[-0.2909155,51.5971843],[-0.2906653,51.5968581],[-0.2904599,51.5966452],[-0.2902082,51.5963881],[-0.2899364,51.5961531],[-0.2896121,51.5959056],[-0.2892986,51.5956916],[-0.2889203,51.5954605],[-0.288613,51.5952839],[-0.2882331,51.5950902],[-0.287725,51.5948714],[-0.2870143,51.5945583],[-0.2865484,51.5943644],[-0.2859936,51.5941245],[-0.2857084,51.5940012],[-0.2854633,51.5938985],[-0.2847085,51.5935792],[-0.2840226,51.5932621],[-0.2836223,51.5930539],[-0.2832174,51.5928318],[-0.2826889,51.5924643],[-0.2823808,51.5922338],[-0.282066,51.5919613],[-0.2816971,51.5915897],[-0.280883,51.5907318],[-0.2800846,51.5898753],[-0.2796011,51.5893639],[-0.279401,51.5891305],[-0.2790884,51.58871],[-0.2789107,51.5884095],[-0.278687,51.587907],[-0.278528,51.5874208],[-0.2784116,51.5870442],[-0.2783305,51.5867211],[-0.278278,51.5864573],[-0.2782637,51.5861224],[-0.2782971,51.5857291],[-0.2783289,51.5854524],[-0.2785659,51.5847351],[-0.2786676,51.5843981],[-0.2788457,51.5837934],[-0.2790127,51.5832371],[-0.2791733,51.5826965],[-0.2793419,51.5821175],[-0.2794373,51.5817647],[-0.2795486,51.5813961],[-0.2796599,51.5810591],[-0.2797458,51.5808289],[-0.2798333,51.5806322],[-0.2799462,51.5804118],[-0.2800496,51.5802261],[-0.2802038,51.579981],[-0.2803151,51.5798219],[-0.2805028,51.5795867],[-0.2806698,51.579391],[-0.2808526,51.5792013],[-0.2810323,51.5790214],[-0.2813027,51.5787832],[-0.281517,51.5786457],[-0.2817444,51.5784747],[-0.2820116,51.5782899],[-0.2823885,51.5780527],[-0.2827272,51.577862],[-0.2833029,51.5775685],[-0.2840153,51.5772018],[-0.284707,51.5768569],[-0.2853149,51.5765241],[-0.2860671,51.5761446],[-0.286892,51.5757236],[-0.2873269,51.5755081],[-0.2878366,51.5752523],[-0.2881658,51.5750828],[-0.2886194,51.5748524],[-0.2888494,51.5747337],[-0.2891485,51.5745635],[-0.2893809,51.5744135],[-0.2895858,51.5742573],[-0.2897504,51.5741074],[-0.2899112,51.5739387],[-0.2900369,51.5737794],[-0.2901475,51.5736146],[-0.2902279,51.5734662],[-0.2902907,51.5733209],[-0.290351,51.5731428],[-0.2903975,51.5729468],[-0.2904189,51.5727445],[-0.2904154,51.5725666],[-0.2904012,51.5724142],[-0.2903745,51.5722629],[-0.2903212,51.572095],[-0.2902377,51.571894],[-0.2901753,51.5717794],[-0.2900831,51.5716101],[-0.2897205,51.5710269],[-0.2893275,51.5704432],[-0.2890501,51.5700779],[-0.2888412,51.5698076],[-0.2886096,51.5695296],[-0.2883689,51.5692734],[-0.287849,51.5687689],[-0.2875867,51.5685727],[-0.2872643,51.568313],[-0.2870225,51.5681126],[-0.2868431,51.5679729],[-0.2866478,51.5678063],[-0.2865332,51.5677097],[-0.2862664,51.567462],[-0.2859042,51.5671374],[-0.285634,51.5668784],[-0.2852367,51.5665283],[-0.2849529,51.5662835],[-0.2846725,51.5660478],[-0.2843046,51.5657683],[-0.2840844,51.5656215],[-0.2836587,51.5653576],[-0.2831909,51.5650901],[-0.2827005,51.5648234],[-0.2822673,51.5646086],[-0.2819292,51.5644454],[-0.2815028,51.564269],[-0.2809468,51.5640495],[-0.2806631,51.5639412],[-0.2793841,51.5634833],[-0.2793016,51.5634538],[-0.2788683,51.5632987],[-0.2783544,51.5631335],[-0.2782457,51.5630993],[-0.2780568,51.5630474],[-0.2778633,51.5629994],[-0.2776648,51.5629531],[-0.2774664,51.5629114],[-0.2751252,51.5624707],[-0.2743389,51.5623133],[-0.2737359,51.5621805],[-0.2732664,51.5620568],[-0.2727678,51.5619089],[-0.2723823,51.561793],[-0.2718662,51.5616038],[-0.2713616,51.5614213],[-0.2708074,51.5612128],[-0.2703962,51.5610491],[-0.2699699,51.5608937],[-0.2694119,51.5606734],[-0.2689557,51.5604954],[-0.2683944,51.5602632],[-0.2679224,51.5600765],[-0.2673139,51.5598193],[-0.26666,51.5595481],[-0.2659768,51.5592665],[-0.2654018,51.5590188],[-0.2646956,51.5587293],[-0.2643354,51.5585699],[-0.26378,51.5583462],[-0.2632735,51.5581333],[-0.2628152,51.5579425],[-0.2624628,51.5578044],[-0.2617483,51.557528],[-0.2610992,51.5572884],[-0.2605396,51.5570946],[-0.2598679,51.5568606],[-0.2591576,51.5566238],[-0.258362,51.5563772],[-0.2576368,51.5561601],[-0.2570641,51.5559922],[-0.2565722,51.5558607],[-0.2561107,51.5557296],[-0.2555081,51.5555731],[-0.2548145,51.5553814],[-0.2542841,51.5552324],[-0.253422,51.5550051],[-0.2526282,51.5548182],[-0.2519751,51.5546622],[-0.2510514,51.5544582],[-0.2503503,51.5542925],[-0.2498618,51.5541645],[-0.2491385,51.5539507],[-0.2481668,51.5536651],[-0.24717,51.5533965],[-0.2465606,51.5532503],[-0.2453202,51.5529845],[-0.2441651,51.5527856],[-0.243393,51.5526717],[-0.2415058,51.5524097],[-0.2406053,51.5522865],[-0.239868,51.5521837],[-0.2392976,51.5521043],[-0.238733,51.5520157],[-0.2380162,51.5518915],[-0.2378068,51.5518559],[-0.2369798,51.5517008],[-0.2360932,51.5515375],[-0.2354897,51.5514424],[-0.2332613,51.5510859],[-0.2330224,51.5510465],[-0.2282394,51.5502949],[-0.2280048,51.5502597],[-0.2273121,51.5501695],[-0.225885,51.5499716],[-0.22387,51.549654],[-0.2230567,51.5495363],[-0.2221283,51.549391],[-0.2211852,51.5492434],[-0.2210575,51.5492209],[-0.220925,51.5491975],[-0.2206844,51.5491551],[-0.2196877,51.5489971],[-0.2184399,51.5487758],[-0.210433,51.5475317],[-0.2094472,51.5473748],[-0.2084528,51.5472421],[-0.2077421,51.547165],[-0.207143,51.5471223],[-0.2063873,51.5470911],[-0.2053143,51.5470528],[-0.2047482,51.5470289],[-0.2045117,51.547016],[-0.2042158,51.5469929],[-0.2033153,51.5469159],[-0.2027871,51.5468646],[-0.2015746,51.5467236],[-0.1996268,51.5465678],[-0.1976668,51.546448],[-0.1971189,51.5464247],[-0.1965671,51.5464058],[-0.1959574,51.5464107],[-0.1954874,51.546423],[-0.1950195,51.5464555],[-0.1944642,51.5465078],[-0.1912068,51.5467966],[-0.1907933,51.5468234],[-0.1905184,51.546841],[-0.1889088,51.5469324],[-0.1877559,51.5470022],[-0.1870551,51.5470349],[-0.186271,51.54709],[-0.1855736,51.5471607],[-0.1842133,51.547322],[-0.1838492,51.5473686],[-0.1830193,51.5474576],[-0.1827413,51.5474731],[-0.1824525,51.5474842],[-0.1821722,51.5474852],[-0.1819264,51.5474766],[-0.1818681,51.5474722],[-0.1817276,51.5474573],[-0.1814841,51.5474208],[-0.1813561,51.5473971],[-0.1811609,51.5473566],[-0.1809009,51.5472986],[-0.180773,51.5472622],[-0.1806754,51.547235],[-0.1805777,51.5472077],[-0.1804371,51.547165],[-0.1802702,51.5471055],[-0.1801316,51.5470532],[-0.1800083,51.5470009],[-0.1793723,51.546641],[-0.1791043,51.5464789],[-0.1788782,51.5463364],[-0.1785264,51.5461063],[-0.178233,51.5459245],[-0.1778409,51.5457158],[-0.1774064,51.5455034],[-0.1773735,51.5454882],[-0.1768002,51.5452227],[-0.1764327,51.5450451],[-0.1761484,51.5448787],[-0.1759016,51.5446992],[-0.1756361,51.5444699],[-0.1751167,51.5440315],[-0.1748403,51.5437881],[-0.174687,51.5436447],[-0.1745138,51.5434784],[-0.174315,51.5432754],[-0.1741673,51.5431103],[-0.1740717,51.5430025],[-0.1739881,51.5429116],[-0.1739048,51.5427647],[-0.1737856,51.5424778],[-0.1736995,51.5422285],[-0.1736345,51.5420159],[-0.1735627,51.54172],[-0.1735439,51.5414934],[-0.1735761,51.5411523],[-0.1738228,51.53983],[-0.173973,51.5389028],[-0.1740556,51.5384117],[-0.1740849,51.5381421],[-0.1740964,51.5377302],[-0.1741001,51.5374509],[-0.1741443,51.5358175],[-0.1740349,51.535435],[-0.1738255,51.5347036],[-0.1736679,51.5343645],[-0.1735511,51.5341613],[-0.1732742,51.5337372],[-0.1730681,51.533531],[-0.1725224,51.532903],[-0.1709046,51.5315373],[-0.1693569,51.5302628],[-0.1686341,51.5295648],[-0.1681475,51.5288618],[-0.1678974,51.5285352],[-0.1676013,51.5278938],[-0.1674327,51.527282],[-0.1673513,51.526881],[-0.1671822,51.5261623],[-0.1668774,51.5253354],[-0.166603,51.524708],[-0.1665699,51.5246467],[-0.1660015,51.5241364],[-0.1655196,51.5237867],[-0.16484,51.5234005],[-0.1640613,51.5230551],[-0.1632699,51.5228218],[-0.1628784,51.5227625],[-0.1623127,51.5227054],[-0.1621201,51.522688],[-0.1615962,51.5227013],[-0.1604245,51.5227869],[-0.1593023,51.5230841],[-0.1581911,51.5234232],[-0.1576072,51.5236002],[-0.1573448,51.5236738],[-0.1571419,51.5237437],[-0.1568796,51.5238242],[-0.1563219,51.5239906],[-0.1558167,51.5241416],[-0.1554194,51.5242837],[-0.1536314,51.5247458],[-0.1524567,51.5249197],[-0.1519434,51.524895],[-0.1512314,51.5248125],[-0.1499578,51.5245756],[-0.1483746,51.5239077],[-0.1474902,51.523344],[-0.1473467,51.5232202],[-0.1469288,51.5228597],[-0.1467251,51.5224598],[-0.1466099,51.5221819],[-0.1464896,51.521906],[-0.1464678,51.521829],[-0.1464214,51.521675],[-0.1463998,51.5215121],[-0.1463869,51.5211548],[-0.1463916,51.5209408],[-0.1464035,51.5208278],[-0.146452,51.5205056],[-0.1465734,51.5202007],[-0.1466274,51.5200692],[-0.1468002,51.5197765],[-0.1470661,51.5194142],[-0.1472574,51.5191875],[-0.1475195,51.518889],[-0.1479394,51.5184413],[-0.1482356,51.5180781],[-0.1483542,51.5179395],[-0.1488311,51.5173456],[-0.1489623,51.5171669],[-0.1491541,51.5168609],[-0.1492768,51.5166222],[-0.1493628,51.5164633],[-0.1495198,51.5161756],[-0.1496514,51.5157778],[-0.1496523,51.5153124],[-0.1496223,51.5147896],[-0.1496016,51.5146419],[-0.1489809,51.5114199],[-0.1488223,51.5107163],[-0.1485874,51.5096778],[-0.148509,51.5093302],[-0.1483207,51.509008],[-0.1481178,51.5086089],[-0.1479968,51.508422],[-0.1476688,51.5081317],[-0.1471819,51.5077476],[-0.1469807,51.5075438],[-0.1467296,51.5073469],[-0.1458177,51.5069492],[-0.1452151,51.5067774],[-0.1446522,51.506626],[-0.1440861,51.5065054],[-0.1425673,51.5064165],[-0.1413994,51.5063441],[-0.1401175,51.5062958],[-0.1390546,51.5062475],[-0.1379658,51.5063137],[-0.1372442,51.5063565],[-0.1367674,51.5063404],[-0.1362489,51.5063125],[-0.1357093,51.5062507],[-0.134988,51.5061164],[-0.1343496,51.505944],[-0.1334733,51.5054277],[-0.1330617,51.5050651],[-0.1327444,51.5046768],[-0.1324774,51.504263],[-0.1322055,51.5036846],[-0.132038,51.5033689],[-0.1318295,51.5030936],[-0.1312252,51.502525],[-0.130501,51.5020742],[-0.1294039,51.50146],[-0.1283501,51.5010489],[-0.1277449,51.5008963],[-0.1271941,51.5008303],[-0.1266341,51.5008398],[-0.1258332,51.5008842],[-0.1254363,51.5009245],[-0.1246995,51.5009972],[-0.1236066,51.5011189],[-0.1231142,51.5011778],[-0.1225705,51.5012582],[-0.1220406,51.5013622],[-0.1211367,51.5015301],[-0.1205565,51.501645],[-0.1199219,51.5017818],[-0.1194128,51.5018888],[-0.1188568,51.5020125],[-0.1185421,51.502066],[-0.1181732,51.5021375],[-0.1154955,51.5028722],[-0.1153635,51.5029084],[-0.1145713,51.5031065],[-0.1119968,51.5035934],[-0.1113054,51.503733],[-0.1099224,51.5039938],[-0.1086236,51.5042681],[-0.1076259,51.504383],[-0.1072311,51.5044028],[-0.1069129,51.5043981],[-0.1058778,51.5043931],[-0.10492,51.5043818],[-0.1044218,51.5043472],[-0.1017021,51.5042158],[-0.100107,51.5041728],[-0.0984614,51.5042216],[-0.0940074,51.5043657],[-0.093468,51.5044325],[-0.092934,51.5045423],[-0.0912855,51.5049553],[-0.0901281,51.5051181],[-0.0891139,51.5051451],[-0.0878249,51.5050963],[-0.0869132,51.505066],[-0.0866354,51.5050488],[-0.0863312,51.5050175],[-0.0859688,51.5049736],[-0.0854573,51.504883],[-0.0848946,51.5047328],[-0.0844473,51.504583],[-0.0839679,51.5043643],[-0.0835139,51.5041286],[-0.0828575,51.5036547],[-0.0821373,51.5032431],[-0.0811544,51.5027191],[-0.0783304,51.5012588],[-0.0757588,51.4998689],[-0.0742952,51.499079],[-0.0728641,51.4983486],[-0.0724532,51.4981773],[-0.0721426,51.4980648],[-0.0715064,51.4978876],[-0.0707546,51.4977068],[-0.0699091,51.4975637],[-0.0689905,51.4974822],[-0.067924,51.4974467],[-0.0664464,51.4975476],[-0.064943,51.497715],[-0.0642636,51.4978308],[-0.0636181,51.4979396],[-0.0614086,51.4981791],[-0.0603627,51.4982203],[-0.0593979,51.4982158],[-0.0511822,51.4979201],[-0.0507951,51.4979264],[-0.0505511,51.4979402],[-0.0503284,51.497955],[-0.0484821,51.4981041],[-0.0483747,51.4981122],[-0.0476371,51.4981513],[-0.0472002,51.4982061],[-0.0459938,51.4983671],[-0.0450277,51.4985808],[-0.0425655,51.4993929],[-0.0400532,51.5001858],[-0.0349617,51.50173],[-0.0334655,51.5021976],[-0.0321126,51.5026354],[-0.0313481,51.5029506],[-0.0304716,51.5034354],[-0.029775,51.5037584],[-0.0290588,51.5040438],[-0.0283053,51.5042251],[-0.0274397,51.5043912],[-0.0266094,51.5044692],[-0.0254422,51.5044397],[-0.0245288,51.5043659],[-0.0204207,51.5037876],[-0.0197267,51.5036994],[-0.0184447,51.5035888],[-0.0160961,51.5033128],[-0.0123346,51.5028976],[-0.0116914,51.5027971],[-0.0110959,51.502679],[-0.010595,51.502554],[-0.0102296,51.5024628],[-0.0091892,51.5021556],[-0.0078387,51.5015858],[-0.0068456,51.50106],[-0.0055636,51.5004021],[-0.004735,51.4999635],[-0.0041821,51.4996979],[-0.0035741,51.4994633],[-0.0027937,51.4992569],[-0.002099,51.4991281],[-0.001311,51.4990685],[-0.0001355,51.4991152],[0.0008838,51.4992749],[0.0014308,51.4994381],[0.0018911,51.4995789],[0.0023135,51.4997607],[0.0032911,51.5001526],[0.0039591,51.5004401],[0.004134,51.5005217],[0.0045218,51.5007024],[0.0047467,51.5008073],[0.0049725,51.5009126],[0.005189,51.5010133],[0.0052601,51.5010467],[0.0053672,51.5010964],[0.0061481,51.5014798],[0.0064539,51.5016417],[0.0070515,51.5019625],[0.0074361,51.5022331],[0.0081107,51.5026858],[0.0087931,51.5031794],[0.0094941,51.5036891],[0.0101169,51.504181],[0.0108298,51.5050688],[0.0116382,51.5061156],[0.0119017,51.5066696],[0.0120182,51.5070367],[0.012082,51.5076803],[0.0120269,51.5080998],[0.0118869,51.5084436],[0.0112279,51.5095178],[0.0109477,51.5098975],[0.0104935,51.5106378],[0.0101974,51.5110965],[0.0100811,51.5112887],[0.0098994,51.5116068],[0.0097373,51.5118964],[0.0096204,51.5121213],[0.0095153,51.512328],[0.0094297,51.5124893],[0.009361,51.5125954],[0.0092604,51.5127419],[0.0091586,51.5128565],[0.009084,51.5129435],[0.0090241,51.5130068],[0.0089771,51.5130552],[0.0087849,51.5132411],[0.0084984,51.513484],[0.0082956,51.5136646],[0.0081654,51.5137858],[0.0079784,51.5139683],[0.0078485,51.5140999],[0.0077916,51.5141591],[0.0077332,51.5142228],[0.0075817,51.5143635],[0.0074469,51.5144954],[0.0072316,51.5147698],[0.0071519,51.514855],[0.0070729,51.5149319],[0.0069677,51.5150256],[0.0065502,51.5154622],[0.0062991,51.5157561],[0.0059941,51.5161487],[0.005624,51.5166449],[0.0054495,51.5168839],[0.0052981,51.5171114],[0.0051571,51.5173486],[0.0050033,51.5176068],[0.0048426,51.5179094],[0.0046994,51.5181816],[0.0046041,51.5184671],[0.0044722,51.5188619],[0.0043652,51.5191718],[0.0042803,51.5195207],[0.0042421,51.5197315],[0.004195,51.5199497],[0.0041219,51.5205571],[0.0040972,51.5208009],[0.0040593,51.5210934],[0.0040445,51.5213615],[0.0040476,51.5215551],[0.0040677,51.5217704],[0.0040902,51.5219544],[0.0042338,51.5228546],[0.0043888,51.5245191],[0.0044121,51.5248493],[0.004421,51.5249962],[0.0044299,51.5251608],[0.0044249,51.5252858],[0.004421,51.5255585],[0.0043874,51.5258839],[0.0043193,51.5263063],[0.0042441,51.5267454],[0.0042138,51.5274379],[0.0041961,51.527937],[0.0041847,51.5283402],[0.0041774,51.5285802],[0.0041573,51.5287195],[0.0041478,51.528822],[0.0041292,51.5289156],[0.0041126,51.528988],[0.0040944,51.5290504],[0.0040515,51.5292173],[0.0040273,51.5293128],[0.0040173,51.5294128],[0.0040124,51.5295569],[0.0040062,51.5296365],[0.0040364,51.5298528],[0.0040884,51.530023],[0.00415,51.5302109],[0.0042013,51.5304213],[0.0042307,51.5306072],[0.0042388,51.5308031],[0.0042175,51.5309853],[0.004186,51.5311306],[0.0041516,51.5312289],[0.0040987,51.5313669],[0.0040288,51.5315131],[0.0039332,51.5317142],[0.0038211,51.5319226],[0.0037233,51.5321195],[0.0036239,51.5322651],[0.0034855,51.5324467],[0.0032844,51.5326895],[0.0030134,51.5330076],[0.0026599,51.5334297],[0.0025159,51.5336446],[0.0023818,51.5338801],[0.0022402,51.5341601],[0.0021184,51.5344206],[0.0018714,51.5349444],[0.0017413,51.5351733],[0.0016099,51.5353892],[0.0012608,51.5358011],[0.000753,51.5365727],[0.0006811,51.5366638],[0.0005178,51.5368569],[0.0003898,51.5369928],[0.0002146,51.5371715],[4.71e-05,51.537325],[-0.0001219,51.5374712],[-0.0002674,51.5375972],[-0.0003972,51.5376921],[-0.0005106,51.5377768],[-0.0006064,51.5378396],[-0.0007809,51.537973],[-0.0008495,51.5380252],[-0.0011579,51.5382499],[-0.0015222,51.5385889],[-0.0016586,51.5387638],[-0.0017409,51.5388773]],[[0.0024344,51.4996038],[0.0019161,51.4994127],[0.0011108,51.4991906],[0.0003805,51.4990308],[-0.000121,51.498971],[-0.0013774,51.4989368],[-0.0021951,51.4989997],[-0.0029005,51.499124],[-0.0037266,51.4993528],[-0.0045073,51.4996279],[-0.0053751,51.5000591],[-0.0068812,51.5008337],[-0.0079882,51.5014137],[-0.0087914,51.5017573],[-0.0093686,51.501993],[-0.0103205,51.5023005],[-0.0111603,51.5025244],[-0.0117625,51.5026348],[-0.0118804,51.5026518],[-0.012378,51.5027236],[-0.0160448,51.5030831],[-0.0184547,51.5033545],[-0.0197609,51.5035556],[-0.0204718,51.5036419],[-0.0248628,51.5042307],[-0.026051,51.5042924],[-0.0269255,51.504265],[-0.0278326,51.5041375],[-0.0286192,51.5039686],[-0.0292871,51.5037537],[-0.0299274,51.50347],[-0.0306067,51.5031267],[-0.0313841,51.5027098],[-0.0322269,51.5023843],[-0.0335368,51.5019773],[-0.0348547,51.5015486],[-0.0369571,51.5009024],[-0.0390864,51.5002498],[-0.0414571,51.4995683],[-0.0430552,51.4990731],[-0.044646,51.4984738],[-0.0459128,51.4981699],[-0.0472112,51.4979935],[-0.048394,51.4979565],[-0.0502771,51.4978101],[-0.0507742,51.4977497],[-0.0511637,51.4977334],[-0.052092,51.4977389],[-0.0531378,51.4977893],[-0.0551762,51.4978557],[-0.0592506,51.4980003],[-0.0610698,51.4979682],[-0.0635378,51.4976975],[-0.0641945,51.4975933],[-0.0648383,51.4974871],[-0.065643,51.4973791],[-0.0664118,51.4972889],[-0.0677497,51.4972346],[-0.0688204,51.4972421],[-0.0695738,51.497294],[-0.0704852,51.4974286],[-0.0711596,51.4975654],[-0.0719087,51.4977649],[-0.0724661,51.4979436],[-0.0730672,51.4981928],[-0.0736283,51.4984419],[-0.0744085,51.4988298],[-0.0757638,51.4995328],[-0.0778714,51.5006871],[-0.0805617,51.5021252],[-0.0816183,51.5026705],[-0.0820629,51.502941],[-0.0830054,51.5035609],[-0.0837253,51.5040168],[-0.0839595,51.5041589],[-0.0842804,51.5043125],[-0.0846366,51.5044668],[-0.0849979,51.5045859],[-0.0854172,51.504695],[-0.0859944,51.5048052],[-0.0863028,51.5048551],[-0.0866267,51.5048896],[-0.0869251,51.5049074],[-0.0879751,51.5049296],[-0.0896389,51.504992],[-0.0901533,51.5049463],[-0.0907001,51.5048689],[-0.092849,51.5043211],[-0.0933501,51.5042262],[-0.093959,51.5041504],[-0.0984404,51.5040477],[-0.1004994,51.5039903],[-0.1022795,51.504008],[-0.1046694,51.5041018],[-0.1058902,51.5041113],[-0.1068224,51.5041252],[-0.1074354,51.5041481],[-0.1077571,51.504161],[-0.1080894,51.5041545],[-0.1085913,51.5041012],[-0.1093049,51.5039986],[-0.110697,51.5037753],[-0.1112909,51.5036537],[-0.1125395,51.5033992],[-0.1142653,51.5030877],[-0.1155481,51.5027625],[-0.1161551,51.5026128],[-0.1173204,51.5022857],[-0.1179452,51.5021151],[-0.118564,51.501972],[-0.120557,51.5015174],[-0.121473,51.5013445],[-0.1224857,51.5012241],[-0.1229071,51.5011782],[-0.1231063,51.5011619],[-0.1233788,51.5011433],[-0.1237664,51.5011071],[-0.1241912,51.5010596],[-0.1246885,51.5009998],[-0.1254358,51.5009205],[-0.1259634,51.5008916],[-0.1266894,51.5008717],[-0.1268026,51.5008686],[-0.1274042,51.5009189],[-0.1279899,51.5010464],[-0.1284874,51.5011714],[-0.1290225,51.5013573],[-0.1298994,51.501775],[-0.1304384,51.5020175],[-0.1309836,51.5022628],[-0.1314678,51.5025459],[-0.1318118,51.502747],[-0.132416,51.5032535],[-0.1334866,51.5043485],[-0.1345795,51.5048845],[-0.1352677,51.5052882],[-0.1359976,51.5055818],[-0.1364716,51.5057292],[-0.1369466,51.5058369],[-0.1373846,51.5059172],[-0.1378863,51.50599],[-0.1382361,51.5060102],[-0.1386522,51.5060419],[-0.1390889,51.5060404],[-0.1400753,51.5060684],[-0.1414112,51.5061124],[-0.14253,51.5061513],[-0.1432295,51.5061745],[-0.144153,51.5062644],[-0.1448721,51.5064322],[-0.1454394,51.5066102],[-0.1458714,51.5067533],[-0.1464581,51.5070601],[-0.1468126,51.5072494],[-0.1473879,51.5076626],[-0.1479468,51.5081],[-0.1482689,51.508384],[-0.1485427,51.5087966],[-0.1487276,51.5092257],[-0.1488834,51.5098307],[-0.1490205,51.5106333],[-0.1491174,51.5110919],[-0.1493156,51.512026],[-0.1497423,51.5140905],[-0.1498285,51.5145633],[-0.149889,51.5155716],[-0.1498923,51.5157898],[-0.149772,51.5162851],[-0.1495969,51.5166131],[-0.1494811,51.516851],[-0.1493266,51.5171052],[-0.1491457,51.5173468],[-0.1489343,51.5176086],[-0.1485745,51.5180096],[-0.1482797,51.5183221],[-0.147987,51.518656],[-0.1475053,51.5191544],[-0.1473,51.5193921],[-0.1470377,51.5197514],[-0.1468365,51.520079],[-0.1467257,51.5203596],[-0.1466354,51.520702],[-0.1465876,51.5210775],[-0.1465983,51.5214243],[-0.146616,51.5218846],[-0.146629,51.5219153],[-0.1469944,51.5227768],[-0.1471562,51.5229566],[-0.1475518,51.5233076],[-0.1480534,51.5236577],[-0.1483588,51.5238407],[-0.1487263,51.5240185],[-0.1492828,51.5242727],[-0.1499818,51.5245391],[-0.1506341,51.5246673],[-0.1512423,51.5247787],[-0.1518944,51.5248528],[-0.1525103,51.5248837],[-0.153004,51.5248494],[-0.1536941,51.5247806],[-0.1542902,51.5246289],[-0.1554435,51.5243021],[-0.1569611,51.523894],[-0.1580311,51.5235506],[-0.1604451,51.5228142],[-0.1616198,51.5226818],[-0.162116,51.5226591],[-0.1626172,51.522705],[-0.1632827,51.5227946],[-0.163587,51.5228755],[-0.1640475,51.5230081],[-0.1644571,51.5231622],[-0.1647922,51.5233057],[-0.1651749,51.5234879],[-0.1656086,51.5237434],[-0.1660084,51.5240595],[-0.1666387,51.5246233],[-0.1667411,51.5248456],[-0.166937,51.5252935],[-0.1672808,51.5261693],[-0.1674485,51.5268757],[-0.1675072,51.5272818],[-0.1676544,51.5278021],[-0.1676772,51.5278778],[-0.1677195,51.5280029],[-0.1677657,51.5281176],[-0.1678979,51.5283723],[-0.1680303,51.5286005],[-0.1680607,51.528654],[-0.1684129,51.5291461],[-0.1686764,51.5295592],[-0.1689293,51.5298215],[-0.1692591,51.5300992],[-0.169294,51.5301233],[-0.1707273,51.5312619],[-0.1710101,51.5315234],[-0.172653,51.5329081],[-0.17286,51.533137],[-0.1731034,51.5334106],[-0.1737695,51.5341538],[-0.1739648,51.5344211],[-0.1741826,51.5346221],[-0.1742591,51.5347788],[-0.174295,51.5348742],[-0.1743393,51.5349897],[-0.1743891,51.5351226],[-0.1744187,51.5352226],[-0.174457,51.5353687],[-0.1744718,51.5354393],[-0.1744907,51.5355341],[-0.1745061,51.5356438],[-0.1745284,51.535806],[-0.1745113,51.5362582],[-0.1744697,51.536816],[-0.1744137,51.5383043],[-0.1741543,51.5396465],[-0.1739439,51.5407524],[-0.1738497,51.5414974],[-0.1738866,51.5418584],[-0.1739275,51.5420265],[-0.1740395,51.5423553],[-0.1741993,51.5427052],[-0.1742722,51.5428035],[-0.1746411,51.5431673],[-0.1750793,51.5436047],[-0.1753912,51.5439161],[-0.1759083,51.544533],[-0.1761675,51.5447793],[-0.176483,51.5449837],[-0.176847,51.5451765],[-0.1777857,51.5456183],[-0.1784233,51.5459674],[-0.1790719,51.546401],[-0.1793971,51.5466102],[-0.1800508,51.5469707],[-0.1802143,51.5470464],[-0.1803072,51.547081],[-0.1804561,51.5471408],[-0.1805967,51.5471835],[-0.180791,51.5472377],[-0.1809172,51.5472737],[-0.1811756,51.5473312],[-0.1813691,51.5473714],[-0.1814943,51.5473946],[-0.1817334,51.5474305],[-0.1818734,51.5474454],[-0.1819317,51.5474499],[-0.1821255,51.5474582],[-0.1824019,51.5474577],[-0.1826781,51.5474467],[-0.1828821,51.5474369],[-0.1830507,51.5474232],[-0.1832822,51.5473981],[-0.1838316,51.5473335],[-0.1841017,51.547299],[-0.1848594,51.5472092],[-0.1855615,51.547127],[-0.1862639,51.5470536],[-0.18704,51.5469858],[-0.1877435,51.5469321],[-0.188887,51.546834],[-0.1893576,51.5467968],[-0.1898226,51.5467612],[-0.1904913,51.54672],[-0.1907766,51.5467067],[-0.1912105,51.5466793],[-0.1944482,51.5464331],[-0.1959515,51.5463496],[-0.1963176,51.546335],[-0.1966856,51.5463294],[-0.1971071,51.5463458],[-0.1976612,51.5463754],[-0.1996323,51.5465146],[-0.2015826,51.5466589],[-0.2024579,51.5467249],[-0.2028283,51.5467523],[-0.2033365,51.5467927],[-0.2041911,51.5468451],[-0.2048094,51.546885],[-0.205328,51.5469181],[-0.2071443,51.5470601],[-0.2077513,51.5471091],[-0.2084587,51.5471906],[-0.209453,51.5473199],[-0.2104421,51.5474676],[-0.2184903,51.548726],[-0.2207781,51.549073],[-0.2210154,51.5491121],[-0.2210974,51.5491256],[-0.2211844,51.54914],[-0.222145,51.5492903],[-0.223096,51.5494392],[-0.2239159,51.5495644],[-0.2252707,51.5497777],[-0.2273342,51.5501041],[-0.2280266,51.5502077],[-0.228261,51.5502432],[-0.2330437,51.551004],[-0.2332794,51.5510449],[-0.2355242,51.5513825],[-0.2364196,51.5515288],[-0.2373902,51.5516899],[-0.2380393,51.5518033],[-0.2393406,51.5520171],[-0.2398693,51.5521001],[-0.2406501,51.5522119],[-0.241519,51.5523461],[-0.2434065,51.5526217],[-0.2441804,51.5527384],[-0.2453307,51.5529411],[-0.2465959,51.5531981],[-0.2472248,51.553345],[-0.2482273,51.5536079],[-0.2494698,51.553949],[-0.2498395,51.5540475],[-0.2514685,51.5544596],[-0.2520389,51.554607],[-0.2534548,51.5549533],[-0.254069,51.5551181],[-0.2545394,51.555256],[-0.2548974,51.5553512],[-0.2551321,51.555419],[-0.2561426,51.5556891],[-0.2570703,51.5559477],[-0.2580385,51.5562313],[-0.2584481,51.5563548],[-0.2591218,51.5565645],[-0.2598808,51.5568163],[-0.2612104,51.5572815],[-0.2616618,51.5574499],[-0.262107,51.5576107],[-0.2629949,51.5579635],[-0.2634529,51.5581495],[-0.264064,51.5584072],[-0.265335,51.5589383],[-0.265578,51.5590415],[-0.2659276,51.559186],[-0.2662813,51.5593287],[-0.2668873,51.5595797],[-0.2674248,51.5598125],[-0.2679756,51.5600412],[-0.2691473,51.5605179],[-0.2712586,51.5613264],[-0.2718446,51.5615461],[-0.272412,51.5617447],[-0.2728406,51.5618831],[-0.2732708,51.5620064],[-0.2736612,51.5621122],[-0.2740933,51.5622118],[-0.2751477,51.5624269],[-0.2774612,51.562865],[-0.2777091,51.5629194],[-0.2779306,51.5629748],[-0.2781589,51.5630356],[-0.2783816,51.5631006],[-0.2788865,51.5632745],[-0.2794057,51.5634586],[-0.28069,51.5639141],[-0.2809809,51.5640162],[-0.2816524,51.5642446],[-0.2819239,51.5643511],[-0.2822338,51.5644816],[-0.2825952,51.5646537],[-0.2831959,51.5649887],[-0.2837484,51.56533],[-0.2840314,51.5655215],[-0.2845276,51.5658807],[-0.2850021,51.5662576],[-0.2854393,51.566637],[-0.2857037,51.5668765],[-0.2859784,51.567139],[-0.2865211,51.5676389],[-0.2873727,51.5683415],[-0.2876348,51.5685489],[-0.287886,51.5687503],[-0.2884226,51.5692535],[-0.288786,51.5696681],[-0.2890975,51.5700648],[-0.2895367,51.5706513],[-0.2897846,51.5710169],[-0.2899506,51.5712688],[-0.290188,51.5716459],[-0.290315,51.5719071],[-0.2904016,51.5721311],[-0.2904537,51.5723622],[-0.290475,51.5726422],[-0.2904688,51.5728001],[-0.290442,51.5729874],[-0.2903879,51.5732027],[-0.2902813,51.57347],[-0.2901788,51.5736508],[-0.2900405,51.57385],[-0.2898965,51.5740145],[-0.289741,51.5741769],[-0.2895793,51.5743172],[-0.2893976,51.5744466],[-0.2891395,51.5746126],[-0.2888676,51.5747672],[-0.2885708,51.5749215],[-0.2863342,51.576049],[-0.2855988,51.5764152],[-0.2849051,51.5767969],[-0.2844835,51.5770082],[-0.2839569,51.5772745],[-0.2833868,51.5775606],[-0.2829272,51.5777979],[-0.2826764,51.5779272],[-0.2823964,51.5780872],[-0.2821288,51.5782563],[-0.281796,51.5784862],[-0.2815294,51.5786897],[-0.2811874,51.5789379],[-0.2808984,51.5792049],[-0.2806319,51.5794984],[-0.2804235,51.5797528],[-0.2801529,51.5801363],[-0.2798954,51.5806017],[-0.2797796,51.5808722],[-0.279693,51.5811074],[-0.2794793,51.581819],[-0.2793665,51.5822219],[-0.2792511,51.5826016],[-0.2791251,51.5830208],[-0.2790217,51.5833527],[-0.2789324,51.5836595],[-0.2787889,51.5841478],[-0.2786881,51.5844899],[-0.2786225,51.5847165],[-0.2783952,51.5854323],[-0.2783548,51.5857045],[-0.2783323,51.5862341],[-0.278445,51.5869938],[-0.2785595,51.5873792],[-0.278678,51.5877391],[-0.2788362,51.5881597],[-0.2790531,51.5885697],[-0.2792322,51.5888267],[-0.2794441,51.5890968],[-0.279572,51.5892602],[-0.2798096,51.5895246],[-0.2801641,51.5898908],[-0.2805313,51.590282],[-0.28122,51.59102],[-0.2815333,51.591354],[-0.2819014,51.5917376],[-0.2821344,51.5919566],[-0.2825908,51.592341],[-0.2828516,51.5925326],[-0.2831364,51.5927201],[-0.2833875,51.5928774],[-0.2836499,51.5930266],[-0.2844005,51.593401],[-0.2847742,51.593568],[-0.2854947,51.5938767],[-0.2857306,51.5939778],[-0.2861855,51.5941727],[-0.2873657,51.5946759],[-0.2881331,51.5950115],[-0.2885524,51.5952096],[-0.2888492,51.5953722],[-0.2892698,51.5956281],[-0.2896694,51.5959001],[-0.2898944,51.5960724],[-0.2901075,51.5962436],[-0.2903104,51.5964251],[-0.2905102,51.5966347],[-0.2908302,51.5969746],[-0.2909607,51.5971618],[-0.2912054,51.5975108],[-0.2913278,51.5977152],[-0.291448,51.5979334],[-0.2915566,51.5981798],[-0.2916567,51.5984148],[-0.2919761,51.5993764],[-0.2922336,51.6001313],[-0.2927553,51.6016838],[-0.2929889,51.6024258],[-0.2931254,51.6028368],[-0.2932553,51.603246],[-0.2935447,51.6041186],[-0.2936812,51.6045588],[-0.2938461,51.6050626],[-0.294006,51.6055479],[-0.2942723,51.6064772],[-0.2944092,51.6068826],[-0.2945517,51.6073288],[-0.2946663,51.6076674],[-0.2948282,51.6081856],[-0.2949337,51.608522],[-0.2950381,51.6087712],[-0.295062,51.6088283],[-0.2952501,51.6092603],[-0.2955438,51.609779],[-0.2957357,51.6100631],[-0.2960226,51.6104508],[-0.2990312,51.6143375],[-0.3001226,51.6157639],[-0.3004792,51.6162181],[-0.3007165,51.616526]],[[-0.1842133,51.547322],[-0.1848594,51.5472092]],[[-0.0022313,51.5394523],[-0.0022775,51.539513],[-0.002397,51.5396619],[-0.0025061,51.5398028],[-0.0026823,51.5400055],[-0.0028338,51.5401882],[-0.0030142,51.5403952],[-0.0031897,51.5406069],[-0.0034048,51.5408799]],[[-0.0033746,51.5408921],[-0.0031541,51.5406202],[-0.0029809,51.5404082],[-0.002805,51.5402026],[-0.0026451,51.5400192],[-0.0024718,51.5398184],[-0.0023538,51.5396741],[-0.0022478,51.5395382],[-0.002193,51.5394681]],[[-0.0032087,51.5410245],[-0.003012,51.5407833],[-0.0028082,51.5405293],[-0.0026614,51.5403576],[-0.0025622,51.5402329],[-0.0024655,51.5400884],[-0.0022076,51.5396992],[-0.0020711,51.5395],[-0.0019724,51.5393313]],[[-0.0017409,51.5388773],[-0.0020439,51.5392319],[-0.0021552,51.5393561],[-0.0022313,51.5394523]],[[-0.0022313,51.5394523],[-0.0021264,51.5393603],[-0.0019852,51.5392256]],[[-0.0020439,51.5392319],[-0.0021264,51.5393603],[-0.002193,51.5394681]],[[-0.002193,51.5394681],[-0.0021436,51.5394104],[-0.0019852,51.5392256]],[[-0.0019852,51.5392256],[-0.0019315,51.5391684],[-0.0018604,51.5390867],[-0.0016808,51.5388707]],[[-0.0017409,51.5388773],[-0.0018604,51.5390867],[-0.0019119,51.5391883],[-0.0019724,51.5393313]],[[-0.0019724,51.5393313],[-0.0017735,51.5390141],[-0.0016808,51.5388707]],[[-0.0016808,51.5388707],[-0.0015785,51.5387321],[-0.0014876,51.5386061],[-0.001124,51.5382873],[-0.0008047,51.5380429],[-0.0006888,51.5379508],[-0.0005818,51.5378723],[-0.0003379,51.5376987],[-5.1e-05,51.5374712],[0.0002761,51.5371725],[0.0003675,51.5370831],[0.0004648,51.5369829],[0.0006027,51.5368298],[0.0007557,51.5366339],[0.0008644,51.5364761],[0.0010532,51.5361928],[0.0011541,51.5360468],[0.001319,51.5358032],[0.0014901,51.5355752],[0.0016664,51.5353682],[0.001783,51.5351839],[0.0019354,51.5349099],[0.0020884,51.5346082],[0.0022112,51.5343521],[0.0023543,51.5340478],[0.0024362,51.5338782],[0.0025422,51.5336928],[0.0026554,51.5335189],[0.0027757,51.5333563],[0.003091,51.5329776],[0.003364,51.532654],[0.0035625,51.5324176],[0.0036303,51.5323253],[0.003763,51.5321306],[0.0039118,51.5318478],[0.0039727,51.5317243],[0.0040398,51.5315998],[0.0041338,51.5313921],[0.0042018,51.5312346],[0.004245,51.5310882],[0.0042588,51.5309852],[0.0042736,51.5308912],[0.0042794,51.5307655],[0.0042771,51.5306021],[0.0042573,51.5304949],[0.004232,51.5303591],[0.0041103,51.529946],[0.004055,51.5296756],[0.0040648,51.5295562],[0.0040758,51.5294156],[0.0040916,51.529299],[0.0041111,51.5292126],[0.0041404,51.529112],[0.0041736,51.5290003],[0.0042232,51.5288802],[0.0042759,51.5287389],[0.0043197,51.5286572],[0.004367,51.5285306],[0.0044049,51.5284074],[0.0044244,51.5283027],[0.0044491,51.5279403],[0.0044665,51.5275188],[0.004469,51.5274168],[0.0044751,51.527171],[0.0044894,51.5267495],[0.0045155,51.5254142],[0.0044847,51.5249748],[0.0044544,51.5246075],[0.0042868,51.5228518],[0.0041432,51.5219515],[0.0041208,51.5217682],[0.0041008,51.521554],[0.0040977,51.5213619],[0.0041124,51.5210953],[0.0041503,51.5208032],[0.0041749,51.5205594],[0.0042479,51.5199532],[0.0042948,51.5197356],[0.004333,51.519525],[0.0044175,51.5191778],[0.0045241,51.518869],[0.0046499,51.5184716],[0.0047529,51.518191],[0.0048938,51.5179184],[0.0050372,51.5176171],[0.0051831,51.5173659],[0.0053275,51.5171202],[0.005474,51.5169008],[0.0056649,51.5166471],[0.0060251,51.5161603],[0.0063345,51.515764],[0.0065924,51.515474],[0.0066539,51.5154128],[0.0070332,51.5150349],[0.0071486,51.5149376],[0.0072513,51.5148559],[0.0073321,51.5147847],[0.0074796,51.5146726],[0.0076615,51.5145281],[0.0078146,51.5144059],[0.0079345,51.5142997],[0.008008,51.5142345],[0.008148,51.5141103],[0.008276,51.513992],[0.0083836,51.5138889],[0.0085189,51.5137539],[0.008579,51.5136926],[0.0086591,51.5136072],[0.0087651,51.5134919],[0.0089355,51.5133013],[0.008977,51.5132483],[0.0090332,51.5131755],[0.0090723,51.5131258],[0.0091374,51.5130403],[0.0092382,51.5128915],[0.0093224,51.5127591],[0.0094215,51.5126115],[0.0094862,51.5125035],[0.0095743,51.5123405],[0.0096783,51.5121335],[0.0097933,51.5119065],[0.009953,51.5116234],[0.0101344,51.5112953],[0.0102424,51.5111071],[0.0105525,51.5106457],[0.0110758,51.5099315],[0.0114217,51.5095263],[0.0118807,51.5089752],[0.012106,51.5085813],[0.0123616,51.5080659],[0.0124253,51.507685],[0.0124358,51.5072768],[0.0123371,51.506745],[0.0121683,51.5063217],[0.0118342,51.5057928],[0.0111546,51.5049916],[0.0103109,51.504052],[0.0089672,51.5030419],[0.0083266,51.5025454],[0.0073742,51.5019398],[0.0064915,51.501473],[0.0055008,51.5009789],[0.0053281,51.5008977],[0.0051126,51.5007966],[0.0048886,51.5006912],[0.0046642,51.5005857],[0.004277,51.5004037],[0.004102,51.5003214],[0.0028625,51.4997737],[0.0024344,51.4996038]],[[0.0023135,51.4997607],[0.0028673,51.4999232],[0.0029795,51.4999611],[0.0030757,51.4999936],[0.0031561,51.5000208]],[[0.0031561,51.5000208],[0.00268,51.4997535],[0.0024344,51.4996038]],[[0.0053587,51.5010599],[0.0033638,51.5001155],[0.0032102,51.5000455],[0.0031561,51.5000208]]]},"properties":{"name":"Jubilee","colour":"#A0A5A9","mode":"tfl"}},{"type":"Feature","geometry":{"type":"LineString","coordinates":[[0.1842341,51.5749768],[0.1871007,51.5758199],[0.187458,51.5759237],[0.1879371,51.576067],[0.1884747,51.5762573],[0.1887793,51.576361],[0.1892245,51.5765125],[0.191702,51.5772323],[0.1921942,51.5773771],[0.1925827,51.57748],[0.19278,51.5775247],[0.1930398,51.5775677],[0.1933106,51.5775975],[0.1935303,51.5776152],[0.193804,51.5776289],[0.1941127,51.5776351],[0.1946203,51.5776307],[0.1949692,51.577599],[0.1952532,51.5775648],[0.1956533,51.577519],[0.1960854,51.5774356],[0.1964859,51.5773355],[0.1967794,51.5772443],[0.1971638,51.5771133],[0.1974102,51.5770141],[0.197778,51.5768482],[0.1980467,51.5767027],[0.1982966,51.5765442],[0.1986343,51.5763212],[0.199037,51.5760222],[0.2003068,51.5751249],[0.2010699,51.5746173],[0.2018603,51.574148],[0.2022466,51.5739332],[0.2026421,51.5737227],[0.2030243,51.5735333],[0.2034132,51.5733479],[0.2037925,51.5731757],[0.2041764,51.5730073],[0.2047718,51.5727396],[0.2057955,51.5723512],[0.20613,51.5722282],[0.2064917,51.5721048],[0.2068439,51.5719887],[0.2072084,51.5718772],[0.2079407,51.5716734],[0.2083077,51.5715681],[0.2085189,51.5715142],[0.2085711,51.5715],[0.2086218,51.5714868],[0.209064,51.5713838],[0.2181907,51.5691803],[0.2189638,51.5689838],[0.2194219,51.5688578],[0.2199455,51.5687063],[0.2204479,51.5685505],[0.2209793,51.568369],[0.2213318,51.5682396],[0.2216856,51.5681031],[0.2219856,51.5679797],[0.2222834,51.5678528],[0.2225894,51.5677147],[0.2228906,51.5675742],[0.2250685,51.5665265],[0.2268559,51.5656499],[0.2316862,51.5632989],[0.2334583,51.5624699],[0.2347628,51.5618433],[0.2359428,51.5612775],[0.2365041,51.5610161],[0.2377956,51.5604833],[0.2391898,51.5600325],[0.239586,51.5599159],[0.2409411,51.5595912],[0.2415538,51.5594831],[0.2418723,51.5594403],[0.2422025,51.5593976],[0.2427004,51.5593476],[0.2430355,51.5593223],[0.2434345,51.5592917],[0.2438983,51.5592671],[0.2444064,51.5592492],[0.245392,51.5592234],[0.2463694,51.5592075],[0.2473568,51.5592072],[0.2485702,51.5592271],[0.2491828,51.5592377],[0.2497898,51.5592307],[0.2504641,51.5592117],[0.251844,51.5591727]]},"properties":{"name":"Liberty","colour":"#6B717E","mode":"tfl"}},{"type":"Feature","geometry":{"type":"LineString","coordinates":[[-0.1342485,51.5287401],[-0.1345205,51.5289783],[-0.1346843,51.5291218],[-0.1348879,51.5292734],[-0.1352175,51.529501],[-0.1354272,51.5296445],[-0.1357185,51.529822],[-0.1358743,51.5299122],[-0.1359205,51.5299393],[-0.1360868,51.5300378],[-0.1362084,51.5301022],[-0.1364223,51.5302114],[-0.1366594,51.5303289],[-0.1369183,51.5304691],[-0.1370612,51.5305395],[-0.1373451,51.5306892],[-0.1374638,51.5307475],[-0.1376439,51.5308418],[-0.1377976,51.5309223],[-0.1379531,51.5309998],[-0.1381647,51.5311105],[-0.1382909,51.5311755],[-0.1384247,51.5312424],[-0.138757,51.5313971],[-0.1392842,51.5316233],[-0.1396482,51.531771],[-0.1398879,51.5318689],[-0.1402095,51.5320214],[-0.1405536,51.5321915],[-0.1408614,51.5323573],[-0.1411458,51.5325277],[-0.1414323,51.5327147],[-0.1416889,51.5328951],[-0.1419305,51.5330732],[-0.142208,51.5332963],[-0.1423628,51.5334251],[-0.1425427,51.5335787],[-0.1426508,51.5336739],[-0.1426562,51.5336786],[-0.1428275,51.5338296],[-0.1432479,51.5342117],[-0.1434363,51.5344008],[-0.1436073,51.5345424],[-0.1437628,51.5346859],[-0.1439344,51.5348383],[-0.1439847,51.5348842],[-0.1447335,51.5355675],[-0.1449876,51.5357998],[-0.1452196,51.5360131],[-0.1455299,51.5362946],[-0.1467336,51.5373824],[-0.1469193,51.5375498],[-0.1473037,51.5379021],[-0.1477575,51.5383174],[-0.1480643,51.5385954],[-0.1483594,51.5388679],[-0.1487245,51.5391973],[-0.1491613,51.539597],[-0.149536,51.539936],[-0.1497486,51.5401307],[-0.1497957,51.5401744],[-0.1498005,51.5401789],[-0.1500344,51.5403966],[-0.1505849,51.540889],[-0.150876,51.5411217],[-0.1510866,51.5412758],[-0.1513128,51.5414309],[-0.1515433,51.5415728],[-0.1517573,51.5416974],[-0.1521589,51.541912],[-0.1524428,51.5420497],[-0.1527471,51.5421827],[-0.1529972,51.5422894],[-0.1532234,51.5423755],[-0.1535152,51.542483],[-0.1539638,51.5426232],[-0.1542082,51.5426929],[-0.1544619,51.5427596],[-0.1545532,51.5427812],[-0.1547154,51.5428196],[-0.1549011,51.5428612],[-0.155114,51.5429048],[-0.1553205,51.5429381],[-0.1555486,51.542975],[-0.1558359,51.543014],[-0.1558683,51.5430174],[-0.1561105,51.5430465],[-0.1563675,51.5430639],[-0.156581,51.5430753],[-0.1570408,51.543085],[-0.1573188,51.5430779],[-0.1575811,51.5430696],[-0.1580578,51.5430477],[-0.1589141,51.5430386],[-0.1597294,51.543027],[-0.1600324,51.54303],[-0.1603424,51.5430282],[-0.1608628,51.5430106],[-0.1616957,51.5430631],[-0.1619949,51.5431014],[-0.1628558,51.5432182],[-0.1634825,51.54329],[-0.1638912,51.5433217],[-0.1644165,51.5433162],[-0.1647307,51.5432933],[-0.1689124,51.5427671],[-0.1750951,51.541927],[-0.1771062,51.5416444],[-0.1774822,51.5415902],[-0.1781318,51.5414929],[-0.1791497,51.5413611],[-0.1797603,51.5412737],[-0.180107,51.5412131],[-0.1806906,51.5410979],[-0.1817491,51.5408636],[-0.1829235,51.5405896],[-0.1833248,51.5404966],[-0.1836594,51.5404118],[-0.1839838,51.5403217],[-0.1843357,51.5402255],[-0.1846951,51.5401226],[-0.1850647,51.5400171],[-0.1854516,51.5399055],[-0.1858148,51.5397955],[-0.1861774,51.5396836],[-0.1865632,51.5395606],[-0.1868633,51.5394621],[-0.1874237,51.5392673],[-0.1877255,51.5391591],[-0.1880542,51.5390368],[-0.1883586,51.5389185],[-0.1887529,51.5387699],[-0.1891894,51.538602],[-0.1895837,51.5384436],[-0.1899831,51.5382824],[-0.1919269,51.5374942],[-0.1922821,51.5373581],[-0.1929268,51.5370853],[-0.1931876,51.5369832],[-0.1934728,51.5368727],[-0.1937415,51.536777],[-0.1939695,51.5366921],[-0.194282,51.5365726],[-0.1946304,51.5364508],[-0.1949877,51.5363403],[-0.1953774,51.5362286],[-0.1960077,51.5360632],[-0.1964297,51.5359437],[-0.196823,51.5358365],[-0.1971795,51.5357381],[-0.197572,51.5356374],[-0.1979743,51.535523],[-0.1985371,51.535378],[-0.1990921,51.5352289],[-0.1995704,51.5351009],[-0.2000124,51.5349811],[-0.2004985,51.5348525],[-0.2007591,51.5347869],[-0.2010923,51.5347113],[-0.2016097,51.5345952],[-0.2020008,51.5345268],[-0.2023706,51.5344599],[-0.2029336,51.5343611],[-0.203452,51.5342695],[-0.2038326,51.5342014],[-0.2042011,51.5341359],[-0.2046029,51.5340667],[-0.2048174,51.5340273],[-0.2052622,51.5339465],[-0.2062726,51.5337648],[-0.2065232,51.5337198],[-0.2072527,51.5335887],[-0.2079644,51.533462],[-0.2083771,51.5333862],[-0.2085115,51.5333635],[-0.2087638,51.533323],[-0.2089833,51.5332911],[-0.2092888,51.5332518],[-0.2095362,51.533221],[-0.2098562,51.533183],[-0.2100681,51.5331529],[-0.2103239,51.5331214],[-0.2108212,51.5330575],[-0.211249,51.532997],[-0.2115268,51.5329537],[-0.2118428,51.5328973],[-0.2121947,51.5328279],[-0.2155184,51.532117],[-0.2170896,51.5317727],[-0.2183433,51.5314807],[-0.2190463,51.5313188],[-0.2194085,51.5312391],[-0.2197735,51.5311636],[-0.2201478,51.5310921],[-0.2205239,51.5310241],[-0.2209144,51.5309575],[-0.2213065,51.5308967],[-0.2216898,51.5308404],[-0.2220748,51.5307885],[-0.2223978,51.5307517],[-0.2227207,51.5307214],[-0.2231369,51.5306858],[-0.2240007,51.5306165],[-0.2247412,51.5305581],[-0.2248077,51.5305528],[-0.2250489,51.5305349],[-0.2292287,51.5302739],[-0.2302383,51.5302257],[-0.2310911,51.5301986],[-0.2316718,51.5301841],[-0.2324853,51.5301696],[-0.2329357,51.5301742],[-0.2336518,51.5301937],[-0.2341343,51.5302207],[-0.2346532,51.5302549],[-0.2350641,51.530281],[-0.2355929,51.5303208],[-0.2358649,51.5303512],[-0.2361207,51.5303872],[-0.2362741,51.5304138],[-0.2366058,51.5304951],[-0.2369017,51.5305826],[-0.2371515,51.5306747],[-0.237373,51.5307714],[-0.2375207,51.5308401],[-0.2376986,51.5309439],[-0.2378802,51.5310532],[-0.238091,51.5311803],[-0.2383192,51.5313094],[-0.2385012,51.5314082],[-0.2386546,51.5314928],[-0.2388363,51.5315751],[-0.2390299,51.5316515],[-0.2392286,51.5317247],[-0.2394088,51.5317811],[-0.2395791,51.5318254],[-0.2397817,51.53187],[-0.2400209,51.5319136],[-0.240312,51.5319513],[-0.2405779,51.5319812],[-0.241371,51.5320578],[-0.2420154,51.532119],[-0.2424372,51.5321622],[-0.2427592,51.5321925],[-0.2429446,51.5322054],[-0.2431352,51.5322148],[-0.2438573,51.5322418],[-0.2440683,51.5322532],[-0.2443078,51.5322697],[-0.2445947,51.5322977],[-0.2448423,51.5323298],[-0.2451581,51.5323764],[-0.2456259,51.5324545],[-0.2458727,51.5324947],[-0.2460838,51.532524],[-0.2462854,51.5325466],[-0.2464379,51.5325611],[-0.2466977,51.5325913],[-0.2473349,51.5326653],[-0.2476936,51.5327224],[-0.2479774,51.5327834],[-0.248331,51.5328612],[-0.2487323,51.5329633],[-0.2490801,51.5330592],[-0.2495056,51.533177],[-0.2499063,51.5332933],[-0.2502056,51.5333847],[-0.2506014,51.5335134],[-0.2509565,51.5336354],[-0.2513239,51.5337598],[-0.251518,51.533829],[-0.2520492,51.5340348],[-0.2524998,51.5342135],[-0.2531494,51.5344952],[-0.2559323,51.5355708],[-0.2562175,51.5356819],[-0.2568472,51.5359289],[-0.2572772,51.5361046],[-0.2573148,51.5361198],[-0.2574458,51.5361719],[-0.257829,51.5363366],[-0.2582051,51.536507],[-0.2588874,51.5368262],[-0.259929,51.537319],[-0.2606552,51.5376318],[-0.2611088,51.5378611],[-0.2614432,51.5380124],[-0.2617691,51.5381727],[-0.2621116,51.5383287],[-0.2625514,51.5385331],[-0.2628081,51.5386513],[-0.2630398,51.538757],[-0.2633683,51.5389049],[-0.2637315,51.5390616],[-0.2640683,51.5392087],[-0.2644092,51.5393614],[-0.2647674,51.5395123],[-0.2651331,51.5396711],[-0.2655977,51.5398723],[-0.2659327,51.5400213],[-0.2662968,51.5401773],[-0.2667224,51.540361],[-0.2673193,51.5406244],[-0.2683873,51.5410792],[-0.2695364,51.5415578],[-0.2704951,51.5419506],[-0.2711497,51.542196],[-0.2724443,51.5426793],[-0.2740519,51.5432905],[-0.2747008,51.5435327],[-0.2751475,51.5436998],[-0.2768422,51.5443193],[-0.2771262,51.5444229],[-0.2777761,51.5446559],[-0.2782511,51.544826],[-0.278601,51.5449572],[-0.2789541,51.5450828],[-0.2793561,51.5452243],[-0.2796382,51.5453191],[-0.2801106,51.5454891],[-0.2806019,51.5456684],[-0.2811563,51.5458662],[-0.2816363,51.5460375],[-0.2820099,51.5461731],[-0.2823267,51.5462794],[-0.2828254,51.5464355],[-0.2831382,51.5465224],[-0.2835589,51.5466284],[-0.2839936,51.5467223],[-0.2842416,51.5467742],[-0.2845611,51.5468334],[-0.2849445,51.5468987],[-0.2851849,51.5469347],[-0.2854663,51.5469717],[-0.2857594,51.5470066],[-0.2861297,51.5470471],[-0.2865748,51.547081],[-0.2869084,51.5471019],[-0.2871527,51.5471189],[-0.2874178,51.5471362],[-0.2876573,51.5471512],[-0.2882301,51.5471883],[-0.2900109,51.5473084],[-0.2902073,51.5473255],[-0.2904969,51.5473599],[-0.2907582,51.5474006],[-0.2910215,51.5474596],[-0.2912405,51.5475173],[-0.2914746,51.5475907],[-0.2916581,51.5476569],[-0.2918537,51.5477368],[-0.2920575,51.5478293],[-0.2922409,51.5479269],[-0.2924112,51.5480352],[-0.2925952,51.5481669],[-0.292721,51.5482694],[-0.2928327,51.548366],[-0.292871,51.5483995],[-0.2930933,51.5486118],[-0.2933733,51.5488983],[-0.2939862,51.5495359],[-0.2942373,51.5498028],[-0.2946561,51.5502287],[-0.2950854,51.5506276],[-0.2954726,51.5509699],[-0.2959374,51.5513876],[-0.2968861,51.5522862],[-0.2971764,51.5525706],[-0.2974132,51.552836],[-0.2977558,51.5532296],[-0.2980409,51.5535602],[-0.2983616,51.5539273],[-0.2986693,51.5542908],[-0.2988915,51.5545659],[-0.2990514,51.5547635],[-0.2992657,51.5550473],[-0.2994729,51.5553284],[-0.2996074,51.5555133],[-0.2998762,51.5558989],[-0.3001008,51.5562234],[-0.3003609,51.5566114],[-0.3005898,51.5569625],[-0.3008065,51.557308],[-0.30104,51.5576806],[-0.3012807,51.5580828],[-0.3014994,51.5584447],[-0.3017945,51.5589533],[-0.3020526,51.5593807],[-0.3022482,51.5597217],[-0.3023454,51.5598743],[-0.3024958,51.5601146],[-0.3038951,51.5623981],[-0.3041166,51.5627752],[-0.3043254,51.5631275],[-0.3044389,51.5633275],[-0.3046472,51.5637052],[-0.3048358,51.5640333],[-0.304999,51.5643297],[-0.3051888,51.5646599],[-0.3053832,51.5650037],[-0.3055614,51.5653224],[-0.3057986,51.5657432],[-0.3060405,51.5661626],[-0.3063136,51.5666453],[-0.3065775,51.5670611],[-0.3068378,51.5675157],[-0.3070936,51.567938],[-0.3073112,51.5683163],[-0.3076016,51.5687846],[-0.3078227,51.569099],[-0.3079291,51.5692471],[-0.3081143,51.5695147],[-0.3082971,51.5697873],[-0.3084105,51.5699708],[-0.3085807,51.570252],[-0.308782,51.5706167],[-0.3089545,51.5709548],[-0.3090956,51.571254],[-0.3093005,51.5716597],[-0.3094509,51.5719373],[-0.3096673,51.5723056],[-0.3098178,51.5725602],[-0.3100573,51.5729694],[-0.3103258,51.5734182],[-0.3105457,51.5737887],[-0.3108118,51.5742439],[-0.3110445,51.5746359],[-0.311262,51.5750135],[-0.3114345,51.5753177],[-0.3117689,51.5758471],[-0.3120189,51.5762412],[-0.3122781,51.5766511],[-0.3125813,51.5770906],[-0.3128438,51.5774581],[-0.3130839,51.5778027],[-0.3133925,51.5781809],[-0.3136668,51.5785066],[-0.3139168,51.5788051],[-0.3142454,51.5791625],[-0.3146134,51.5795372],[-0.3148646,51.5798004],[-0.3152489,51.580216],[-0.3159844,51.5808978],[-0.3166625,51.5815221],[-0.3172299,51.5820612],[-0.3183562,51.5830031],[-0.3190213,51.5834831],[-0.319335,51.5837167],[-0.319651,51.5839454],[-0.3200213,51.5842085],[-0.320446,51.5845141],[-0.3206693,51.5846659],[-0.3210142,51.5848895],[-0.3212862,51.5850793],[-0.3216854,51.5853375],[-0.3220777,51.5855812],[-0.3225059,51.5858487],[-0.3229387,51.5861083],[-0.3236997,51.5865732],[-0.3241691,51.5868433],[-0.3251454,51.5873848],[-0.3270337,51.5883247],[-0.3299466,51.5897378],[-0.3319632,51.5906629],[-0.3321406,51.5907443],[-0.3335047,51.5913713],[-0.3344771,51.5918438],[-0.3346693,51.5919372],[-0.3347821,51.591992],[-0.3350173,51.5921063],[-0.3352928,51.5922299],[-0.3355136,51.5923132],[-0.3357529,51.5924152],[-0.3360256,51.5925406],[-0.3374287,51.59322],[-0.3376891,51.5933731],[-0.3380762,51.5936004],[-0.3382449,51.5937059],[-0.338427,51.5937957],[-0.3389464,51.5940553],[-0.3437849,51.5963488],[-0.3447174,51.5967862],[-0.3478931,51.5982857],[-0.3527326,51.6006021],[-0.3540394,51.6012179],[-0.3550654,51.6016811],[-0.3556321,51.6019291],[-0.3563006,51.6022309],[-0.3569613,51.6025397],[-0.3571663,51.6026355],[-0.3578637,51.6030003],[-0.3582223,51.6032143],[-0.3606457,51.6044954],[-0.3632045,51.6059481],[-0.3646207,51.6067976],[-0.3656614,51.6074273],[-0.368229,51.6091549],[-0.3688107,51.609576],[-0.3693741,51.6100157],[-0.3711921,51.6114916],[-0.3730053,51.6129607],[-0.3742445,51.6139567],[-0.3756446,51.6150692],[-0.3770819,51.6162847],[-0.377678,51.6168365],[-0.3784391,51.6175836],[-0.3794453,51.6185835],[-0.3803009,51.6195092],[-0.3812021,51.6206416],[-0.3821191,51.6218535],[-0.3828942,51.6230383],[-0.3834112,51.6238712],[-0.3838312,51.6245885],[-0.3843238,51.6255203],[-0.3848843,51.6264438],[-0.3851863,51.6269745],[-0.3854898,51.6275246],[-0.3856054,51.6277724],[-0.3857076,51.6280237],[-0.3857928,51.6282432],[-0.3859335,51.6286057],[-0.3860457,51.6289321],[-0.3862468,51.6295583],[-0.3863795,51.629972],[-0.3865149,51.6303946],[-0.3866703,51.6308788],[-0.3867856,51.6312868],[-0.3869441,51.6318861],[-0.3871424,51.6328708],[-0.3872201,51.633255],[-0.3873196,51.6339322],[-0.38737,51.6345418],[-0.3874213,51.6353979],[-0.3874351,51.635949],[-0.3873889,51.6374033],[-0.3873353,51.6379426],[-0.387266,51.638474],[-0.3872035,51.6389166],[-0.3869433,51.6399403],[-0.3867769,51.6405227],[-0.386689,51.6408373],[-0.386442,51.6415846],[-0.386238,51.6421457],[-0.3857552,51.6433842],[-0.3857069,51.643533],[-0.3854184,51.6443488],[-0.3852702,51.6447988],[-0.385242,51.6448998],[-0.385215,51.6450169],[-0.3851994,51.6451229],[-0.3851863,51.6452482],[-0.3851879,51.6454638],[-0.3851955,51.6456127],[-0.3852232,51.6457427],[-0.3852589,51.6458706],[-0.3853453,51.6460533],[-0.3854371,51.646205],[-0.3855516,51.6463546],[-0.3856797,51.6464697],[-0.3859082,51.6466894],[-0.3861362,51.6468594],[-0.3864197,51.6470063],[-0.3866578,51.6471134],[-0.3869489,51.6472226],[-0.3872731,51.6473143],[-0.3876134,51.6473842],[-0.3878993,51.6474295],[-0.3882069,51.6474567],[-0.3885644,51.6474826],[-0.388876,51.6474915],[-0.389155,51.6475002],[-0.3903234,51.6475097],[-0.3910915,51.6475285],[-0.3917146,51.6475276],[-0.3922034,51.6475559],[-0.3926804,51.6475945],[-0.3930395,51.647653],[-0.3933313,51.6477108],[-0.3936198,51.6477879],[-0.393891,51.6478894],[-0.3941155,51.6479912],[-0.3943279,51.6481141],[-0.3944999,51.6482206],[-0.3946289,51.6483214],[-0.3946776,51.6483606],[-0.3948054,51.6484818],[-0.3949584,51.648648],[-0.395089,51.648838],[-0.3952212,51.6491127],[-0.3952717,51.6493291],[-0.395283,51.6496072],[-0.3952578,51.6498446],[-0.3952074,51.6500462],[-0.3951292,51.6502567],[-0.395105,51.6502979],[-0.3950166,51.6504575],[-0.3948997,51.6506204],[-0.3947329,51.6508251],[-0.3944858,51.6510993],[-0.3942609,51.6512944],[-0.3940432,51.6514577],[-0.3937698,51.6516372],[-0.3935287,51.6517799],[-0.3925453,51.6523036],[-0.3921439,51.6525174],[-0.3913049,51.6529435],[-0.3909427,51.6531916],[-0.3906691,51.6534396],[-0.3904438,51.6537058],[-0.3902695,51.6539889],[-0.3901273,51.6542745],[-0.3900071,51.6546095],[-0.3899503,51.6548758],[-0.3899266,51.6552367],[-0.3899503,51.6555064],[-0.3899905,51.6557143],[-0.3900763,51.6559988],[-0.3902403,51.6564298],[-0.3904867,51.6570356],[-0.3906638,51.6574697],[-0.3908404,51.6578821],[-0.3911176,51.6586555],[-0.3911946,51.6588686],[-0.3913377,51.6592137],[-0.3914738,51.6594912],[-0.3916053,51.659726],[-0.3916936,51.6598688],[-0.3918679,51.6601217],[-0.3920018,51.6602858],[-0.3921508,51.6604642],[-0.3922105,51.6605288],[-0.3924728,51.6607813],[-0.3926817,51.6609518],[-0.3933023,51.6614181],[-0.3936335,51.6616391],[-0.3937539,51.6617156],[-0.39399,51.6618765],[-0.394323,51.6621035],[-0.3943835,51.6621418],[-0.394921,51.662482],[-0.3952755,51.6627117],[-0.3955965,51.6629263],[-0.3958447,51.6631006],[-0.3960902,51.6632766]]},"properties":{"name":"Lioness","colour":"#FDB32B","mode":"tfl"}},{"type":"Feature","geometry":{"type":"MultiLineString","coordinates":[[[-0.6108985,51.7053976],[-0.6109832,51.705208],[-0.6110564,51.7050149],[-0.6111364,51.7048012],[-0.6111771,51.7046746],[-0.6111993,51.7045516],[-0.6112113,51.7044163],[-0.6112195,51.7043123],[-0.6112178,51.7042079],[-0.6112157,51.7040805],[-0.6112136,51.703953],[-0.6111678,51.7037288],[-0.6111328,51.7035946],[-0.6110709,51.7034206],[-0.6110176,51.7032904],[-0.6109602,51.7031794],[-0.6108734,51.703043],[-0.6107636,51.7029014],[-0.6105774,51.7026876],[-0.6104138,51.7025448],[-0.6102519,51.7024198],[-0.6097689,51.7020755],[-0.6093889,51.7017941],[-0.6091515,51.7015902],[-0.6089569,51.7013624],[-0.6088439,51.7011332],[-0.6087757,51.7008997],[-0.6087412,51.7006395],[-0.6087391,51.700525],[-0.6088135,51.6998881],[-0.6088658,51.6993486],[-0.6088927,51.6991579],[-0.6089347,51.698682],[-0.608967,51.6982607],[-0.6090175,51.6975171],[-0.6090205,51.6972099],[-0.6090173,51.6970574],[-0.6090028,51.6968928],[-0.608974,51.6967408],[-0.608922,51.6965603],[-0.6088528,51.6964042],[-0.6087397,51.6962086],[-0.6085496,51.6959605],[-0.6084049,51.6958026],[-0.6082359,51.6956389],[-0.6080533,51.6954741],[-0.6079999,51.6954259],[-0.6078954,51.6953494],[-0.6076014,51.6951416],[-0.6073587,51.6949763],[-0.6065085,51.6944245],[-0.6044101,51.6930175],[-0.6033874,51.6923397],[-0.6030317,51.6921077],[-0.6027777,51.6919589],[-0.6025339,51.6918382],[-0.6022544,51.6917234],[-0.6020193,51.6916356],[-0.601903,51.691598],[-0.6011381,51.6913877],[-0.6007557,51.6913083],[-0.6004248,51.6912501],[-0.5999352,51.6911666],[-0.59887,51.6909787],[-0.5983343,51.6908874],[-0.5978512,51.6908046],[-0.5974249,51.6907312],[-0.5969504,51.6906508],[-0.5966536,51.6905939],[-0.5965106,51.6905623],[-0.596377,51.6905336],[-0.5962423,51.6905006],[-0.5961159,51.690466],[-0.595981,51.690426],[-0.5958369,51.6903809],[-0.5957037,51.6903401],[-0.595549,51.690286],[-0.595327,51.6901926],[-0.5951159,51.6900863],[-0.594981,51.690018],[-0.5948296,51.6899354],[-0.594627,51.6898064],[-0.5943534,51.6896202],[-0.5940012,51.6893422],[-0.5935436,51.6889948],[-0.5931422,51.688687],[-0.5929097,51.6885057],[-0.5925368,51.6882144],[-0.5918967,51.6877005],[-0.5916095,51.6874514],[-0.5913223,51.6871698],[-0.5911463,51.6869661],[-0.5909734,51.68673],[-0.5908869,51.6865665],[-0.5907561,51.6862584],[-0.5906355,51.6858938],[-0.5905647,51.6856651],[-0.5904495,51.685399],[-0.5903476,51.6852201],[-0.5902796,51.6851219],[-0.5901402,51.684951],[-0.5899377,51.6847237],[-0.5896926,51.6845022],[-0.5893893,51.6842875],[-0.5891447,51.68413],[-0.5888167,51.6839496],[-0.5885251,51.6838191],[-0.5882343,51.6837045],[-0.5879689,51.6836132],[-0.5877679,51.6835571],[-0.5874078,51.68347],[-0.5869054,51.6833755],[-0.5861102,51.6832319],[-0.5857883,51.6831643],[-0.5855981,51.683118],[-0.5854136,51.683065],[-0.5851578,51.6829909],[-0.5848114,51.6828588],[-0.5844109,51.682693],[-0.5841421,51.6825586],[-0.5838778,51.6824131],[-0.5835875,51.6822219],[-0.5833658,51.6820267],[-0.5831002,51.6817882],[-0.5828682,51.6815073],[-0.582704,51.6812219],[-0.5825704,51.6809553],[-0.5824949,51.6807471],[-0.5824552,51.6805539],[-0.5824174,51.6803665],[-0.5823975,51.6801569],[-0.5824121,51.679964],[-0.5824537,51.6797823],[-0.5825275,51.6795673],[-0.5826185,51.6793218],[-0.5829246,51.6788371],[-0.5831657,51.6785388],[-0.5834944,51.6782285],[-0.5844625,51.6773612],[-0.5847247,51.677093],[-0.5849383,51.6768112],[-0.585065,51.6765636],[-0.5851644,51.6762975],[-0.5852319,51.6760683],[-0.5852463,51.6759355],[-0.5852553,51.6757591],[-0.585246,51.6754739],[-0.585179,51.675141],[-0.5850683,51.6748316],[-0.5848548,51.6744395],[-0.5846325,51.6741378],[-0.5843379,51.6738314],[-0.5840122,51.6735236],[-0.5836745,51.6732336],[-0.5832976,51.6729495],[-0.5829306,51.6727355],[-0.5825671,51.6725368],[-0.5821699,51.6723533],[-0.5818076,51.6722025],[-0.5814054,51.6720597],[-0.5810895,51.6719725],[-0.5807357,51.6718847],[-0.580322,51.6718008],[-0.5798017,51.6716962],[-0.5754371,51.6708456],[-0.5733828,51.6704343],[-0.5684969,51.6695111],[-0.5654673,51.66895],[-0.56411,51.6686986],[-0.5635845,51.6685658]],[[-0.5631904,51.6684929],[-0.5627691,51.6683844]],[[-0.4783501,51.5464442],[-0.477822,51.5466499],[-0.4772961,51.5468598],[-0.4770178,51.5469592],[-0.4766608,51.5470769],[-0.4762237,51.5472193],[-0.4755534,51.5474309],[-0.4753717,51.5474904],[-0.4749629,51.5476193],[-0.4746673,51.5476985],[-0.4743702,51.5477724],[-0.4741155,51.5478261],[-0.4735676,51.5479314],[-0.4731142,51.5479965],[-0.473093,51.5479987],[-0.4726016,51.5480399],[-0.4718721,51.5480672],[-0.470947,51.5480644],[-0.4700021,51.5480719],[-0.4694774,51.5480974],[-0.4689708,51.5481502],[-0.4684931,51.548221],[-0.4683883,51.54824],[-0.4676878,51.5483671],[-0.4670144,51.5485114],[-0.466332,51.5486736],[-0.4657147,51.5488698],[-0.4654326,51.5489471],[-0.4649685,51.5490877],[-0.4644362,51.5492565],[-0.463546,51.5495337],[-0.4627649,51.5497714],[-0.4617715,51.5500854],[-0.4610709,51.5503052],[-0.4607903,51.5503938],[-0.4601761,51.5505853],[-0.4596864,51.5507101],[-0.4595816,51.5507445],[-0.4512709,51.5533615],[-0.450319,51.5536634],[-0.4495711,51.5539],[-0.4495337,51.5539119],[-0.4493171,51.5539865],[-0.4485709,51.5542753],[-0.4481328,51.5544912],[-0.4477021,51.5546789],[-0.4473336,51.5548722],[-0.4469286,51.5550957],[-0.4466829,51.5552569],[-0.4463523,51.5554747],[-0.4459535,51.5557614],[-0.4456532,51.556],[-0.4453317,51.5562923],[-0.4450602,51.5565459],[-0.4449009,51.5566949],[-0.4446825,51.5569372],[-0.4445324,51.5571418],[-0.4442542,51.5574842],[-0.443988,51.5578468],[-0.4437059,51.5584911],[-0.4435299,51.5589249],[-0.4434231,51.5591928],[-0.4433542,51.5594478],[-0.4432598,51.5597956],[-0.4431288,51.5601807],[-0.4430504,51.5603851],[-0.4429534,51.5605818],[-0.4428735,51.5607526],[-0.4427546,51.5609799],[-0.4426305,51.5611969],[-0.4424569,51.5614509],[-0.4422944,51.5616776],[-0.4420561,51.5619724],[-0.4420368,51.5619988],[-0.4419449,51.5620942],[-0.4417807,51.5622665],[-0.4414997,51.5625681],[-0.4412929,51.5627568],[-0.4410056,51.5629979],[-0.4407457,51.563195],[-0.4404308,51.5634158],[-0.4400293,51.5636973],[-0.4399722,51.5637351],[-0.4399385,51.5637592],[-0.4396607,51.5639228],[-0.4391986,51.5641802],[-0.4385816,51.564476],[-0.437896,51.5647675],[-0.4372114,51.5650435],[-0.4364861,51.5653325],[-0.4359028,51.5655644],[-0.4352515,51.5658405],[-0.4345432,51.5661443],[-0.4340085,51.5663745],[-0.4334583,51.5666166],[-0.4326421,51.5669651],[-0.4317365,51.5673594],[-0.4309918,51.5676797],[-0.4301743,51.5680316],[-0.4293241,51.5683978],[-0.4285753,51.5687217],[-0.4279743,51.5689762],[-0.4273929,51.5692285],[-0.4267346,51.5695174],[-0.4259626,51.5698506],[-0.4254564,51.5700678],[-0.4250495,51.5702349],[-0.4243788,51.5704895],[-0.4238701,51.5706762],[-0.4233958,51.570845],[-0.423052,51.5709702],[-0.4227242,51.5710829],[-0.4225062,51.5711455],[-0.4222541,51.5712085],[-0.4220931,51.571248],[-0.4218978,51.5712954],[-0.421354,51.5714175],[-0.4205332,51.5716],[-0.4202886,51.5716528],[-0.4199355,51.571728],[-0.4194924,51.5718069],[-0.4190344,51.5718772],[-0.4186324,51.5719364],[-0.4182413,51.5719989],[-0.4178436,51.5720745],[-0.4174405,51.5721612],[-0.4131246,51.5731219],[-0.4128118,51.5731917],[-0.4126477,51.5732261],[-0.4108482,51.573632],[-0.4092551,51.5739957],[-0.4076467,51.5743525],[-0.4062939,51.5746535],[-0.4050401,51.5749396],[-0.4034292,51.5752975],[-0.4023144,51.5755447],[-0.4008568,51.5758693],[-0.3999367,51.5760712],[-0.3993286,51.5761966],[-0.398614,51.5763356],[-0.3978271,51.5764751],[-0.3976425,51.5765052],[-0.3970624,51.5765999],[-0.3964167,51.5767036],[-0.3958254,51.5767825],[-0.3951689,51.5768648],[-0.3943704,51.5769432],[-0.3936718,51.5770123],[-0.393066,51.5770639],[-0.392462,51.5771098],[-0.3919866,51.5771413],[-0.3912544,51.5771873],[-0.3907361,51.5772043],[-0.3903029,51.5772231],[-0.3894802,51.5772393],[-0.3889934,51.5772469],[-0.3881241,51.5772418],[-0.3874221,51.5772325],[-0.3868462,51.5772163],[-0.3863018,51.5772035],[-0.3856834,51.5771694],[-0.3851583,51.5771404],[-0.3846468,51.5771063],[-0.3838198,51.5770419],[-0.3833981,51.5770036],[-0.3825295,51.576916],[-0.3818024,51.5768268],[-0.3810752,51.576731],[-0.3803955,51.5766358],[-0.3799642,51.5765794],[-0.3798784,51.5765681],[-0.3795482,51.5765249],[-0.3787143,51.5764074],[-0.3780653,51.5763074],[-0.3774594,51.5762107],[-0.3767661,51.5760971],[-0.3761181,51.5760063],[-0.3756477,51.5759383],[-0.3750284,51.5758425],[-0.3744412,51.5757462],[-0.3738487,51.5756504],[-0.3733929,51.5755671],[-0.3729895,51.5754884],[-0.3726621,51.5754262],[-0.371847,51.5752883],[-0.3715803,51.5752432],[-0.3713068,51.5751965],[-0.3710334,51.5751497],[-0.370481,51.5750438],[-0.37026,51.5750054],[-0.3698026,51.5749487],[-0.3693902,51.5749104],[-0.3689103,51.5748761],[-0.3683717,51.5748634],[-0.3680558,51.5748584],[-0.3677629,51.5748603],[-0.3673637,51.57487],[-0.366984,51.5748894],[-0.3664904,51.5749218],[-0.3658847,51.5749796],[-0.3654176,51.5750355],[-0.3649554,51.5751003],[-0.3644843,51.5751851],[-0.3642106,51.5752381],[-0.3639727,51.57529],[-0.3634541,51.5754165],[-0.3629186,51.5755638],[-0.3623864,51.5757348],[-0.3619739,51.5758808],[-0.3615864,51.5760263],[-0.3613445,51.5761299],[-0.3609142,51.5763204],[-0.3604928,51.5764972],[-0.360078,51.5766878],[-0.3595709,51.5769218],[-0.3593935,51.5769965],[-0.358899,51.5772199],[-0.3584096,51.5774371],[-0.3579086,51.5776554],[-0.3574268,51.577872],[-0.3562857,51.5783831],[-0.3553725,51.5788006],[-0.3548299,51.5790296],[-0.3545431,51.5791462],[-0.3542564,51.5792509],[-0.3539861,51.5793488],[-0.3536562,51.5794624],[-0.3533377,51.5795578],[-0.353041,51.5796443],[-0.3527931,51.5797186],[-0.3525904,51.5797677],[-0.3522846,51.5798484],[-0.3518712,51.5799442],[-0.3515958,51.5800043],[-0.3512573,51.5800702],[-0.3509307,51.5801331],[-0.3505291,51.580189],[-0.3501468,51.5802361],[-0.3497735,51.5802674],[-0.3494092,51.5802933],[-0.3490502,51.5803075],[-0.3487827,51.5803165],[-0.3484973,51.5803195],[-0.348258,51.5803176],[-0.3476934,51.580294],[-0.3473451,51.5802723],[-0.3470395,51.58024],[-0.346411,51.5801709],[-0.3458477,51.580109],[-0.3453518,51.580059],[-0.344888,51.5800225],[-0.3443271,51.5799841],[-0.3436766,51.5799514],[-0.3432018,51.579933],[-0.3429696,51.5799199],[-0.3427397,51.5799121],[-0.3424928,51.5799035],[-0.3420083,51.5798838],[-0.3414639,51.579861],[-0.3412926,51.5798547],[-0.3408731,51.5798393],[-0.3405982,51.5798333],[-0.340367,51.579839],[-0.339917,51.5798502]],[[-0.4755319,51.5474084],[-0.4760753,51.5472117],[-0.4763449,51.547121],[-0.477767,51.5465623],[-0.4782651,51.5463669]],[[-0.4755319,51.5474084],[-0.4760626,51.5471907],[-0.4764043,51.5470207],[-0.4765597,51.5469501],[-0.476906,51.5467944],[-0.4771349,51.5466949],[-0.477664,51.5464894],[-0.478193,51.5462839]],[[-0.3408771,51.5798028],[-0.3413,51.5798189],[-0.3415259,51.5798275],[-0.3419878,51.5798507],[-0.3423176,51.5798623],[-0.3436419,51.5799207],[-0.3443339,51.5799565],[-0.3446732,51.5799773],[-0.3449258,51.5799966],[-0.3452062,51.5800189],[-0.3454865,51.5800411],[-0.3458896,51.580087],[-0.3463563,51.5801357],[-0.3468193,51.5801845],[-0.3469436,51.5801979],[-0.347306,51.5802359],[-0.347541,51.5802522],[-0.3478077,51.5802666],[-0.3480639,51.5802755],[-0.3483014,51.5802801],[-0.3485237,51.5802808],[-0.3488972,51.5802758],[-0.349393,51.5802583],[-0.3499498,51.5802222],[-0.350434,51.5801685],[-0.3507876,51.580117],[-0.3511119,51.5800632],[-0.3514102,51.5800085],[-0.351714,51.5799448],[-0.3520264,51.5798683],[-0.3525642,51.5797375],[-0.3527456,51.5796915],[-0.3530692,51.5796027],[-0.3535335,51.579463],[-0.353927,51.5793348],[-0.3542212,51.5792257],[-0.3547596,51.5790168],[-0.355306,51.5787833],[-0.3562042,51.5783861],[-0.358769,51.577222],[-0.359332,51.5769752],[-0.3595131,51.5768958],[-0.3599836,51.5766876],[-0.3602939,51.5765487],[-0.3607914,51.576324],[-0.3614672,51.5760304],[-0.3619287,51.575853],[-0.3624021,51.5756857],[-0.3628023,51.5755604],[-0.3631796,51.5754569],[-0.363578,51.5753521],[-0.3639001,51.5752719],[-0.3641776,51.5752101],[-0.3644085,51.5751644],[-0.364705,51.5751118],[-0.3652019,51.5750336],[-0.3657103,51.5749668],[-0.3662457,51.5749102],[-0.3667706,51.5748684],[-0.3671283,51.5748468],[-0.3675103,51.574834],[-0.3680406,51.5748259],[-0.3684742,51.5748302],[-0.3689567,51.5748484],[-0.3691764,51.5748627],[-0.3693808,51.5748811],[-0.3697993,51.5749209],[-0.3702897,51.5749827],[-0.370486,51.5750181],[-0.3710443,51.5751251],[-0.3713177,51.5751719],[-0.3715911,51.5752186],[-0.3726745,51.5753968],[-0.373044,51.575448],[-0.3735384,51.5755169],[-0.3739688,51.5755874],[-0.3743818,51.575654],[-0.3752033,51.5757898],[-0.375625,51.5758586],[-0.3760872,51.5759406],[-0.3766507,51.5760494],[-0.3769136,51.5760925],[-0.3777631,51.5762274],[-0.3785299,51.576341],[-0.3792952,51.5764476],[-0.3798773,51.5765288],[-0.379963,51.5765408],[-0.3801129,51.5765617],[-0.380924,51.5766721],[-0.3817247,51.5767786],[-0.382308,51.576852],[-0.3828148,51.5769136],[-0.3833365,51.5769639],[-0.3838472,51.577011],[-0.3844184,51.577056],[-0.3849737,51.5770982],[-0.3856284,51.5771361],[-0.3862624,51.5771603],[-0.3870887,51.5771906],[-0.3878217,51.5772029],[-0.3883817,51.5772051],[-0.3889371,51.5772075],[-0.3895348,51.5772025],[-0.3901192,51.5771902],[-0.3907805,51.577174],[-0.3913216,51.577146],[-0.3919583,51.5771165],[-0.3924516,51.5770903],[-0.3932763,51.5770241],[-0.3939815,51.5769594],[-0.3946781,51.5768853],[-0.3951785,51.5768359],[-0.3956896,51.5767744],[-0.3960728,51.5767222],[-0.3964142,51.5766737],[-0.3970519,51.5765759],[-0.3974689,51.5765018],[-0.3976249,51.5764796],[-0.3977473,51.5764551],[-0.3982722,51.5763624],[-0.3988876,51.5762468],[-0.3995055,51.5761247],[-0.4003774,51.5759402],[-0.4025933,51.5754458],[-0.4056587,51.5747574],[-0.408725,51.5740736],[-0.4102682,51.5737293],[-0.4108323,51.5736019],[-0.4121749,51.5733037],[-0.4126065,51.5732069],[-0.4126329,51.5732001],[-0.4127463,51.5731747],[-0.4127977,51.5731632],[-0.4130913,51.5730947],[-0.417393,51.5721364],[-0.4177945,51.5720495],[-0.4181929,51.5719727],[-0.4185933,51.5719067],[-0.4189939,51.571848],[-0.4194477,51.5717781],[-0.4198962,51.5717013],[-0.420241,51.5716321],[-0.4205308,51.571571],[-0.4213228,51.5713934],[-0.4218578,51.5712731],[-0.4220443,51.5712297],[-0.4222508,51.5711793],[-0.4224509,51.571126],[-0.4226765,51.5710596],[-0.4229952,51.5709509],[-0.4233091,51.5708395],[-0.4237069,51.5706916],[-0.4241506,51.570531],[-0.4246536,51.5703475],[-0.4252714,51.5701037],[-0.4263581,51.569635],[-0.4274356,51.5691708],[-0.4280657,51.5688999],[-0.4285653,51.5686838],[-0.4318264,51.5672729],[-0.4338613,51.5663943],[-0.4346122,51.566075],[-0.4347038,51.5660355],[-0.4353352,51.5657617],[-0.4358523,51.5655454],[-0.4364506,51.5653026],[-0.4368633,51.5651408],[-0.4371848,51.5650117],[-0.4377497,51.5647899],[-0.438115,51.5646398],[-0.4384978,51.564477],[-0.4388231,51.5643254],[-0.4391565,51.5641539],[-0.4395963,51.5639132],[-0.4398672,51.5637517],[-0.4399381,51.5637042],[-0.4400435,51.5636359],[-0.4402161,51.563517],[-0.4406474,51.5632217],[-0.440927,51.5629988],[-0.4411426,51.5628287],[-0.4413287,51.5626499],[-0.4414895,51.5624995],[-0.4417802,51.5622092],[-0.4419093,51.5620765],[-0.4419963,51.5619853],[-0.4420062,51.5619731],[-0.4423306,51.5615664],[-0.4426797,51.5610336],[-0.4427535,51.5608804],[-0.4428813,51.5606207],[-0.4430312,51.5602693],[-0.443172,51.5598667],[-0.4433831,51.5591767],[-0.4434677,51.5589194],[-0.4435532,51.5586989],[-0.4436966,51.558346],[-0.4438096,51.5580699],[-0.4440116,51.5577218],[-0.4442191,51.55741],[-0.4443531,51.5572265],[-0.4444999,51.5570516],[-0.4446127,51.5569261],[-0.4449388,51.5565725],[-0.4452527,51.5562641],[-0.4456137,51.5559578],[-0.4459112,51.5557201],[-0.4462543,51.5554628],[-0.4466032,51.5552278],[-0.4470218,51.5549806],[-0.4473365,51.554812],[-0.4476512,51.5546515],[-0.4481069,51.5544386],[-0.4484938,51.5542648],[-0.4492472,51.5539791],[-0.4495145,51.5538884],[-0.4495518,51.5538766],[-0.4502987,51.55364],[-0.4512517,51.5533381],[-0.459556,51.5507157],[-0.4596627,51.5506813],[-0.4603308,51.5504985],[-0.4608834,51.5503248],[-0.4611316,51.5502508],[-0.4632745,51.5495799],[-0.4643816,51.5492291],[-0.4654344,51.5489027],[-0.465749,51.548805],[-0.4660832,51.5487038],[-0.4665458,51.5485793],[-0.4671023,51.5484452],[-0.4675695,51.5483549],[-0.4680443,51.5482695],[-0.4686205,51.5481676],[-0.4692489,51.5480751],[-0.4700643,51.5480248],[-0.4708432,51.548016],[-0.4719128,51.5480287],[-0.4726032,51.5480059],[-0.4730741,51.5479577],[-0.4732926,51.5479329],[-0.4736879,51.5478684],[-0.4740951,51.5477947],[-0.4743584,51.5477436],[-0.4746415,51.547671],[-0.4749566,51.5475864],[-0.4750683,51.5475556],[-0.4755319,51.5474084]],[[-0.3390737,51.5797141],[-0.3395297,51.579738],[-0.3397965,51.579744],[-0.339921,51.5797462],[-0.3405347,51.5797554],[-0.3412999,51.5797767],[-0.3416354,51.5797861],[-0.3430028,51.5798367],[-0.3438672,51.5798765],[-0.3448057,51.5799234],[-0.3452827,51.57996],[-0.3457086,51.5799986],[-0.3461187,51.580044],[-0.3464579,51.5800863],[-0.3471853,51.5801999],[-0.3474704,51.5802595],[-0.3478585,51.5803414],[-0.3483907,51.580448],[-0.3488069,51.5805328],[-0.3492846,51.5806318],[-0.34986,51.5807558],[-0.3504626,51.5808836],[-0.3509339,51.5809926],[-0.3513576,51.5810937],[-0.3518576,51.5812242],[-0.3521401,51.5813055],[-0.3522373,51.5813335],[-0.3526297,51.5814539],[-0.3529497,51.5815643],[-0.3533188,51.5816943],[-0.3536713,51.5818162],[-0.353937,51.581917],[-0.354132,51.5819832],[-0.3545329,51.5821095],[-0.3559417,51.5826022],[-0.3569455,51.5829496],[-0.359799,51.5839348],[-0.3608226,51.5842908],[-0.3619465,51.5846867],[-0.3622572,51.5847955],[-0.3627975,51.5849996],[-0.3637593,51.5853743],[-0.3643456,51.5856077],[-0.3650567,51.5859109],[-0.3660137,51.5863236],[-0.3671714,51.5868209],[-0.3682666,51.5872946],[-0.3692018,51.5877029],[-0.3701945,51.5881234],[-0.3711058,51.5885134],[-0.3720339,51.5889112],[-0.3728778,51.5892784],[-0.3737989,51.5896824],[-0.3744813,51.5899825],[-0.3752438,51.5903044],[-0.375936,51.5906095],[-0.3765159,51.5908529],[-0.3772096,51.5911573],[-0.3779004,51.5914574],[-0.3787654,51.5918299],[-0.3795208,51.592157],[-0.3801277,51.5924199],[-0.3807944,51.5927096],[-0.3810117,51.5928027],[-0.3819761,51.5932042],[-0.3822454,51.5933238],[-0.3834586,51.5938436],[-0.3837036,51.5939537],[-0.3840421,51.5940959],[-0.3842233,51.594172],[-0.384799,51.594391],[-0.3851219,51.5945122],[-0.3855937,51.5946832],[-0.3859883,51.5948088],[-0.3863674,51.5949274],[-0.3867676,51.5950365],[-0.3873236,51.5951935],[-0.387853,51.5953156],[-0.3883599,51.5954351],[-0.3887909,51.595525],[-0.3893063,51.5956314],[-0.3897177,51.595702],[-0.3902161,51.5957901],[-0.3907638,51.5958739],[-0.3913886,51.5959698],[-0.3922016,51.5960884],[-0.3932631,51.5962419],[-0.3942151,51.5963833],[-0.3952261,51.5965307],[-0.3963073,51.5966912],[-0.3975401,51.5968926],[-0.3986073,51.597054],[-0.3997517,51.5972372],[-0.4002305,51.5973244],[-0.4008511,51.597457],[-0.4014366,51.5975939],[-0.4020657,51.5977535],[-0.4028913,51.5979855],[-0.4034389,51.5981469],[-0.4040371,51.5983405],[-0.4046774,51.5985429],[-0.4052517,51.5987575],[-0.4057712,51.5989607],[-0.4062093,51.5991499],[-0.4067345,51.5993689],[-0.4075942,51.5997597],[-0.4078129,51.5998549],[-0.4082179,51.6000364],[-0.4092029,51.600477],[-0.4099191,51.6007879],[-0.4108177,51.6011795],[-0.4118526,51.6016391],[-0.4125939,51.6019984],[-0.4131514,51.6022496],[-0.4137594,51.6025174],[-0.4145794,51.6028802],[-0.4152422,51.6031924],[-0.4158979,51.6035046],[-0.4162672,51.6036956],[-0.4168078,51.6039799],[-0.417104,51.6041395],[-0.4172654,51.6042322],[-0.4177471,51.6045283],[-0.4182786,51.6048728],[-0.4186837,51.6051372],[-0.4187989,51.6052124],[-0.4192095,51.6054929],[-0.4196258,51.605789],[-0.4198783,51.6059737],[-0.4201923,51.6062165],[-0.4205364,51.606489],[-0.4209534,51.606883],[-0.421353,51.6072738],[-0.4217619,51.6077088],[-0.4220699,51.6080882],[-0.422397,51.6085223],[-0.4226873,51.6089316],[-0.4229533,51.6093539],[-0.4231692,51.60973],[-0.4233605,51.6100935],[-0.4235191,51.6104211],[-0.4236982,51.6108085],[-0.4238375,51.611152],[-0.4239539,51.6114383],[-0.4241249,51.6118312],[-0.4242185,51.6120852],[-0.4244125,51.6126272],[-0.4245879,51.6130685],[-0.4246815,51.6134251],[-0.4247458,51.6137351],[-0.4247868,51.6139839],[-0.4248258,51.6143066],[-0.4248443,51.614493],[-0.424857,51.6147733],[-0.4248745,51.6151965],[-0.4248833,51.6157292],[-0.4248901,51.6163491],[-0.4249077,51.6166906],[-0.4249418,51.6170362],[-0.4249847,51.6173922],[-0.4250656,51.6178117],[-0.4251582,51.6181967],[-0.4252538,51.6185339],[-0.4253649,51.6188662],[-0.425477,51.6191659],[-0.4255989,51.6194837],[-0.4257052,51.6197276],[-0.4258524,51.620063],[-0.4259938,51.6203311],[-0.4261449,51.6206162],[-0.4262872,51.6208626],[-0.4264783,51.6211834],[-0.4266343,51.6214407],[-0.4268186,51.6217124],[-0.4270292,51.6220254],[-0.4272632,51.6223758],[-0.4274708,51.6226894],[-0.427698,51.6230483],[-0.4279229,51.6233802],[-0.4280011,51.6234986],[-0.4282644,51.623903],[-0.4284984,51.6242704],[-0.4287246,51.624622],[-0.4289313,51.6249307],[-0.429177,51.6252939],[-0.4294726,51.6257326],[-0.4297263,51.626128],[-0.4300531,51.6266168],[-0.430435,51.6271757],[-0.43068,51.6275242],[-0.4309097,51.6278306],[-0.4311256,51.6281275],[-0.431299,51.6283598],[-0.4315655,51.6287507],[-0.4318772,51.6292598],[-0.4320382,51.6295142],[-0.4322042,51.6297645],[-0.4325867,51.6303762],[-0.4327274,51.63059],[-0.4331464,51.6311927],[-0.4334895,51.6316713],[-0.4337981,51.6320632],[-0.4338862,51.632171],[-0.4339894,51.6322858],[-0.4343789,51.6326953],[-0.4345937,51.63291],[-0.4346714,51.6329877],[-0.4348585,51.6331586],[-0.4351941,51.633463],[-0.4355167,51.6337407],[-0.4357146,51.6339002],[-0.4360286,51.6341452],[-0.4363857,51.6344202],[-0.4367621,51.6346926],[-0.4371364,51.6349496],[-0.4373579,51.6350924],[-0.4377881,51.6353661],[-0.4382753,51.6356565],[-0.4385592,51.6358207],[-0.439013,51.636079],[-0.4395077,51.6363433],[-0.4397788,51.6364715],[-0.4401813,51.6366656],[-0.4403167,51.6367297],[-0.4403986,51.6367684],[-0.4409822,51.6370195],[-0.4416167,51.6372791],[-0.4422534,51.6375221],[-0.4427151,51.6376886],[-0.443399,51.6379151],[-0.4440957,51.6381241],[-0.4447296,51.6383012],[-0.4449238,51.6383554],[-0.4450598,51.6383928],[-0.4457355,51.6385743],[-0.4463186,51.6387301],[-0.4467197,51.6388335],[-0.4470375,51.6389175],[-0.4480127,51.6391732],[-0.4481248,51.6392031],[-0.4484062,51.6392822],[-0.4487241,51.6393701],[-0.4490889,51.6394845],[-0.449285,51.6395547],[-0.4494874,51.6396422],[-0.4497889,51.639783],[-0.4499908,51.6398995],[-0.450215,51.6400537],[-0.4503829,51.6401944],[-0.4505476,51.6403617],[-0.4507191,51.6405421],[-0.4509113,51.6408199],[-0.4510115,51.6410055],[-0.4511087,51.6412222],[-0.4511899,51.6415216],[-0.4512176,51.6418071],[-0.451196,51.6421062],[-0.4511338,51.6423769],[-0.4510651,51.6425585],[-0.4509791,51.6427204],[-0.4508948,51.6428623],[-0.4507793,51.6430223],[-0.4507553,51.6430504],[-0.4506964,51.6431191],[-0.450597,51.6432314],[-0.4504833,51.6433467],[-0.4503697,51.6434468],[-0.4502848,51.6435216],[-0.4500241,51.6437226],[-0.4497879,51.6438736],[-0.4494897,51.6440432],[-0.4492267,51.6441742],[-0.4488057,51.6443433],[-0.4483798,51.6444848],[-0.447759,51.6446795],[-0.4469341,51.6449255],[-0.4462213,51.6451618],[-0.4454708,51.6453933],[-0.4449313,51.6455648],[-0.4443639,51.6457398],[-0.4438618,51.6459189],[-0.4434801,51.6460747],[-0.4431067,51.6462408],[-0.442754,51.6464194],[-0.4424129,51.6466149],[-0.4419367,51.6469102],[-0.4417694,51.6470333],[-0.4416134,51.6471482],[-0.4411299,51.6475185],[-0.4408235,51.6477686],[-0.4405395,51.647984],[-0.4400697,51.6483562],[-0.4398128,51.648549],[-0.4394979,51.6487928],[-0.4391561,51.6490492],[-0.4387759,51.6493219],[-0.4384298,51.6495396],[-0.4380984,51.649734],[-0.4377111,51.6499418],[-0.4373414,51.6501272],[-0.4368784,51.6503348],[-0.436487,51.650495],[-0.4360331,51.6506679],[-0.4352789,51.6509168],[-0.4345674,51.6511477],[-0.4337614,51.6514099],[-0.433101,51.6516218],[-0.4326743,51.6517576],[-0.4320003,51.6519752],[-0.4318258,51.652031],[-0.4315779,51.6521102],[-0.4314271,51.6521593],[-0.4309155,51.6523259],[-0.4302944,51.6525246],[-0.429624,51.6527498],[-0.4290475,51.6529287],[-0.4283746,51.6531493],[-0.4277343,51.6533534],[-0.4273878,51.6534869],[-0.4268199,51.6536717],[-0.4258415,51.6539886],[-0.4254189,51.6541235],[-0.4243093,51.6544832],[-0.4242048,51.6545151],[-0.4238551,51.6546334],[-0.4233668,51.6548072],[-0.4228443,51.6550137],[-0.4223828,51.6552221],[-0.4219142,51.6554518],[-0.4218408,51.6554915],[-0.4214662,51.6556865],[-0.421021,51.655897],[-0.4205681,51.6560912],[-0.4203896,51.6561696],[-0.4201153,51.6562888],[-0.4199962,51.6563405],[-0.4195413,51.6565394],[-0.4194146,51.6565948],[-0.4184701,51.6570107],[-0.417613,51.6573837],[-0.4175663,51.6574046],[-0.4173772,51.6574853]],[[-0.4172853,51.6573963],[-0.4174952,51.657306],[-0.417543,51.6572832],[-0.4190047,51.6566437],[-0.4194321,51.6564565],[-0.4199876,51.6562133],[-0.4200168,51.6562005],[-0.4204141,51.6560265],[-0.4205621,51.6559615],[-0.4219887,51.65534],[-0.4222077,51.6552415],[-0.4229026,51.6549492],[-0.4235064,51.6547207],[-0.4235979,51.6546861],[-0.42373,51.6546357],[-0.4239009,51.6545786],[-0.4243176,51.6544394],[-0.4253908,51.6540948],[-0.4262272,51.6538245],[-0.4270716,51.6535588],[-0.4273986,51.6534496],[-0.4277422,51.653315],[-0.4286559,51.6530177],[-0.429615,51.6527087],[-0.4302821,51.6524949],[-0.4309402,51.6522845],[-0.4315558,51.6520863],[-0.4319639,51.6519541],[-0.4329243,51.6516451],[-0.4333207,51.6515171],[-0.4337235,51.6513863],[-0.4342087,51.6512301],[-0.4346532,51.651086],[-0.4353637,51.6508557],[-0.4358051,51.6507109],[-0.4360736,51.6506168],[-0.4363476,51.6505158],[-0.4367922,51.6503348],[-0.4372129,51.6501481],[-0.4378428,51.6498329],[-0.4381729,51.6496509],[-0.4385546,51.6494208],[-0.4390416,51.6490952],[-0.4394623,51.6487766],[-0.4399113,51.6484243],[-0.4403552,51.6480811],[-0.4415232,51.647173],[-0.4415763,51.6471324],[-0.4418839,51.6469049],[-0.4423714,51.6465931],[-0.4427324,51.6463925],[-0.4432373,51.6461446],[-0.4437969,51.6459077],[-0.4440844,51.6458029],[-0.4443753,51.6456996],[-0.4450568,51.6454885],[-0.4465091,51.6450307],[-0.4479621,51.6445819],[-0.4483486,51.6444628],[-0.4487463,51.6443295],[-0.4488934,51.6442732],[-0.4492259,51.6441355],[-0.4494323,51.6440336],[-0.4496161,51.6439347],[-0.4500011,51.6436904],[-0.4502873,51.6434642],[-0.4504415,51.6433275],[-0.4505722,51.6431927],[-0.4507,51.6430462],[-0.450733,51.6430085],[-0.4508378,51.642861],[-0.450931,51.6427141],[-0.450991,51.6425922],[-0.4510121,51.6425494],[-0.4510788,51.6423762],[-0.4511454,51.6420886],[-0.4511664,51.6418025],[-0.4511373,51.6415204],[-0.4510865,51.6413015],[-0.4509877,51.6410616],[-0.4508687,51.6408411],[-0.4506781,51.6405806],[-0.4504299,51.6403035],[-0.4502662,51.6401477],[-0.4500689,51.639999],[-0.449878,51.6398785],[-0.4496666,51.6397665],[-0.4493021,51.6396027],[-0.4492662,51.6395897],[-0.4489488,51.6394747],[-0.4486565,51.6393859],[-0.4483571,51.6393057],[-0.4480683,51.6392285],[-0.4474816,51.6390727],[-0.4466889,51.6388635],[-0.446407,51.6387851],[-0.4463025,51.6387596],[-0.4461193,51.638711],[-0.4455231,51.6385571],[-0.4448474,51.6383788],[-0.444623,51.638318],[-0.4438344,51.6380906],[-0.4432759,51.6379173],[-0.4427315,51.6377398],[-0.4421192,51.6375182],[-0.4415143,51.6372838],[-0.4409325,51.6370433],[-0.4403169,51.6367722],[-0.4401177,51.6366769],[-0.439369,51.6363089],[-0.4389994,51.6361154],[-0.4386463,51.6359169],[-0.4381234,51.6356132],[-0.4375047,51.6352305],[-0.4370496,51.634942],[-0.436509,51.6345593],[-0.4359226,51.6341302],[-0.4353804,51.6336795],[-0.4350329,51.6333834],[-0.4347036,51.6330798],[-0.434315,51.6326952],[-0.4339156,51.6322993],[-0.4338142,51.6321814],[-0.4334328,51.6317172],[-0.4330822,51.6312617],[-0.4328047,51.630893],[-0.4324653,51.6304045],[-0.4320561,51.6297983],[-0.4317331,51.6292952],[-0.4310465,51.6282373],[-0.4300481,51.6266942],[-0.4295577,51.6259472],[-0.4290972,51.6252601],[-0.4285194,51.6243899],[-0.4279504,51.6235089],[-0.4279138,51.6234527],[-0.4278718,51.6233884],[-0.4271847,51.6223622],[-0.4265527,51.6213892],[-0.4262809,51.6209464],[-0.426025,51.6205012],[-0.4258256,51.6201183],[-0.4256871,51.6198108],[-0.4254268,51.6191825],[-0.4252083,51.6185678],[-0.4250749,51.6180868],[-0.4249763,51.6176007],[-0.4248984,51.6171152],[-0.4248476,51.6166234],[-0.4248194,51.6158052],[-0.4248101,51.6150151],[-0.4247775,51.6143837],[-0.4246987,51.6137498],[-0.4245357,51.6131081],[-0.4243534,51.612635],[-0.4241466,51.6120959],[-0.4240572,51.611839],[-0.4239011,51.6114378],[-0.4237933,51.611158],[-0.4236504,51.6108174],[-0.4234804,51.6104289],[-0.4233259,51.6101072],[-0.4231265,51.6097411],[-0.4229026,51.6093673],[-0.4226365,51.6089451],[-0.4223472,51.6085336],[-0.4220157,51.6081036],[-0.421698,51.6077315],[-0.4213009,51.6072935],[-0.4209052,51.6069104],[-0.4204452,51.6064733],[-0.419945,51.6060736],[-0.4193269,51.6056298],[-0.4186896,51.6051908],[-0.4181469,51.6048427],[-0.4172319,51.6042558],[-0.4170642,51.60416],[-0.4164607,51.6038363],[-0.4159219,51.6035617],[-0.4154142,51.6033121],[-0.4148939,51.6030661],[-0.4138335,51.6025843],[-0.4131256,51.6022687],[-0.4123144,51.6018956],[-0.4107766,51.601203],[-0.4098376,51.6007846],[-0.4088795,51.600376],[-0.4085792,51.6002406],[-0.4078119,51.5998938],[-0.4064098,51.5992739],[-0.4058302,51.599028],[-0.4052391,51.5987943],[-0.4046339,51.5985745],[-0.4040048,51.5983663],[-0.403526,51.5982099],[-0.4030388,51.5980669],[-0.4020567,51.5977869],[-0.401073,51.5975409],[-0.3999615,51.5973071],[-0.3992659,51.5971877],[-0.398283,51.5970385],[-0.3965531,51.5967656],[-0.3955042,51.5966094],[-0.3944328,51.5964515],[-0.3923433,51.5961412],[-0.3909126,51.5959343],[-0.3894899,51.595702],[-0.3888471,51.5955766],[-0.3882747,51.595449],[-0.3874079,51.5952539],[-0.3865687,51.5950288],[-0.3861821,51.5949111],[-0.3858198,51.5947942],[-0.3854463,51.5946764],[-0.3850866,51.5945462],[-0.3847683,51.5944202],[-0.384191,51.5941993],[-0.383646,51.5939653],[-0.3835651,51.5939307],[-0.3833884,51.5938551],[-0.3826549,51.593546],[-0.3822399,51.5933598],[-0.3821421,51.5933164],[-0.381971,51.5932405],[-0.3809883,51.5928247],[-0.3807709,51.5927338],[-0.3800987,51.5924434],[-0.3794971,51.5921879],[-0.3787387,51.5918541],[-0.3783837,51.5917056],[-0.3777277,51.5914192],[-0.3732418,51.5894811],[-0.3718545,51.5888835],[-0.3668361,51.5867234],[-0.3646987,51.5857978],[-0.3637414,51.585399],[-0.362422,51.5848907],[-0.3622291,51.5848267],[-0.3619191,51.5847172],[-0.3607927,51.5843181],[-0.3593254,51.5838103],[-0.3569221,51.5829787],[-0.3559228,51.5826362],[-0.3544687,51.5821354],[-0.3541056,51.5820123],[-0.3539126,51.581944],[-0.3529462,51.5816111],[-0.3524264,51.5814362],[-0.3519499,51.581292],[-0.3518594,51.5812667],[-0.3515976,51.5811936],[-0.3513398,51.5811231],[-0.3510503,51.581056],[-0.3507277,51.5809797],[-0.3504367,51.5809123],[-0.3502097,51.5808637],[-0.3498442,51.5807825],[-0.3496859,51.5807508],[-0.3491722,51.5806391],[-0.3488233,51.5805676],[-0.3481787,51.5804459],[-0.3480488,51.580425],[-0.3477339,51.5803745],[-0.3472828,51.5803176],[-0.3470911,51.5802943],[-0.3466429,51.5802408],[-0.3463419,51.5802084],[-0.3456402,51.5801461],[-0.3448967,51.5800855],[-0.3442872,51.5800429],[-0.3436547,51.5800061],[-0.3429337,51.5799679],[-0.3417027,51.579914],[-0.3412941,51.5798902],[-0.3412579,51.5798881],[-0.3411585,51.5798823],[-0.3407148,51.5798677]],[[-0.3419878,51.5798507],[-0.3414639,51.579861]],[[-0.339921,51.5797462],[-0.340384,51.5797739],[-0.3408771,51.5798028]],[[-0.3380357,51.5796403],[-0.3383564,51.5796883],[-0.3383815,51.5796921],[-0.3387578,51.5797293],[-0.3392836,51.5797609],[-0.3394718,51.5797677],[-0.339656,51.5797744],[-0.3397351,51.5797773],[-0.3397777,51.5797783],[-0.3401023,51.5797856],[-0.3408771,51.5798028]],[[-0.3407148,51.5798677],[-0.3400483,51.5798771],[-0.3396186,51.5798935],[-0.3392093,51.5799015],[-0.3387642,51.5798872],[-0.3384473,51.5798586],[-0.33807,51.5798169],[-0.3380168,51.5798077],[-0.337743,51.5797604],[-0.3375317,51.5797128],[-0.3372702,51.5796484],[-0.337022,51.5795889],[-0.3352778,51.5790852],[-0.3350726,51.5790268],[-0.3347326,51.57893],[-0.3341793,51.5787893],[-0.3337704,51.5787072],[-0.3337508,51.5787041],[-0.3334428,51.5786558],[-0.3332215,51.5786286],[-0.3329997,51.5786087],[-0.3327435,51.5785946],[-0.3324013,51.5785855],[-0.3320578,51.5785823],[-0.3316401,51.5785894],[-0.3315698,51.5785907],[-0.3310211,51.5786038],[-0.3305078,51.5786151],[-0.3296103,51.5786349],[-0.3281399,51.5786674],[-0.3268493,51.5786959],[-0.3263089,51.578708],[-0.3255738,51.5787201],[-0.3246475,51.5787353],[-0.3238157,51.5787473],[-0.3229835,51.5787475],[-0.3211396,51.5787247],[-0.3202207,51.5787071],[-0.319298,51.5786858],[-0.3188606,51.5786659],[-0.3184229,51.5786375],[-0.3181723,51.5786163],[-0.3178323,51.5785804],[-0.3174941,51.5785368],[-0.3169977,51.5784635],[-0.3165052,51.5783845],[-0.3148885,51.5781137],[-0.3140117,51.5779612],[-0.3131251,51.5777849],[-0.3125181,51.5776546],[-0.3119554,51.5775273],[-0.3114013,51.5773891],[-0.310863,51.5772493],[-0.3103264,51.5771013],[-0.3092747,51.5767996],[-0.3087543,51.5766422],[-0.3082392,51.5764752],[-0.3063451,51.5758402],[-0.299091,51.573379],[-0.2986128,51.5732229],[-0.2981311,51.5730733],[-0.2977381,51.5729545],[-0.297344,51.5728389],[-0.296553,51.5726116],[-0.2961235,51.5724897],[-0.2956963,51.5723625],[-0.2953434,51.5722549],[-0.2949959,51.5721476],[-0.2948645,51.5721055],[-0.2945894,51.5720174],[-0.2941066,51.571851],[-0.2935424,51.5716261],[-0.2932261,51.5714916],[-0.2930082,51.571397],[-0.2926947,51.5712587],[-0.2924279,51.5711457],[-0.2920482,51.5709804],[-0.2917152,51.5708263],[-0.2914967,51.5707266],[-0.2913044,51.5706392],[-0.2911055,51.5705466],[-0.290847,51.570421],[-0.2906088,51.5703116],[-0.2903134,51.5701682],[-0.2900497,51.5700415],[-0.2898272,51.5699272],[-0.289481,51.5697571],[-0.2890201,51.5695172],[-0.2886477,51.5693274],[-0.2883627,51.569182],[-0.2880505,51.5690021],[-0.2877871,51.5688412],[-0.2876032,51.5687198],[-0.2873728,51.5685617],[-0.2871866,51.5684298],[-0.2869663,51.5682562],[-0.2868063,51.5681263],[-0.286586,51.5679309],[-0.2862602,51.5676338],[-0.2860956,51.5674785],[-0.2858413,51.5672386],[-0.2855711,51.5669852],[-0.2854042,51.5668272],[-0.2851454,51.5665957],[-0.2848604,51.5663494],[-0.2845913,51.5661292],[-0.2843938,51.5659761],[-0.284135,51.5657834],[-0.2838273,51.5655823],[-0.2834527,51.5653487],[-0.2831881,51.5651949],[-0.2829054,51.5650276],[-0.2826057,51.5648731],[-0.2822368,51.5646868],[-0.2819393,51.5645442],[-0.2818922,51.5645251],[-0.2815676,51.5643937],[-0.2812703,51.5642911],[-0.2808261,51.564139],[-0.2805407,51.5640338],[-0.2793842,51.5636355],[-0.2790273,51.5635131],[-0.2787756,51.5634285],[-0.2784377,51.5633165],[-0.2780986,51.5632085],[-0.2777547,51.5631059],[-0.2774057,51.5630086],[-0.2771339,51.5629393],[-0.2768566,51.5628646],[-0.2765742,51.562794],[-0.2762875,51.5627292]],[[-0.3407148,51.5798677],[-0.3403657,51.5798535],[-0.339917,51.5798502]],[[-0.339917,51.5798502],[-0.3395284,51.5798599],[-0.3393811,51.5798647],[-0.3391741,51.5798624],[-0.338748,51.5798392],[-0.3384224,51.5798027],[-0.3381921,51.5797646],[-0.338023,51.5797378],[-0.3378128,51.5796901],[-0.3375249,51.5796231],[-0.3371637,51.5795262],[-0.3370846,51.5795047],[-0.3352549,51.5789911],[-0.3351247,51.5789558],[-0.3347066,51.5788422],[-0.3341838,51.5787184],[-0.3341719,51.5787156],[-0.3339623,51.5786763],[-0.3337705,51.5786449],[-0.3337502,51.5786424],[-0.33346,51.5786069],[-0.3332746,51.578593],[-0.3330075,51.5785731],[-0.3327517,51.5785579],[-0.3324032,51.5785497],[-0.3320539,51.5785486],[-0.3310192,51.5785708],[-0.3306935,51.5785759],[-0.3302811,51.5785861],[-0.3300337,51.5785936],[-0.3298066,51.5785987],[-0.3268487,51.5786658],[-0.3263073,51.5786773],[-0.3246472,51.5787069],[-0.3238171,51.5787157],[-0.3229858,51.5787159],[-0.3220633,51.5787046],[-0.321143,51.5786845],[-0.3202228,51.578658],[-0.3193047,51.5786251],[-0.3184302,51.5785849],[-0.3181879,51.5785686],[-0.3178466,51.57854],[-0.3176756,51.5785219],[-0.3175053,51.5785033],[-0.3170118,51.5784297],[-0.3165198,51.5783535],[-0.3149058,51.5780766],[-0.3140314,51.5779211],[-0.3130925,51.577738],[-0.3124865,51.5776034],[-0.3119789,51.5774889],[-0.3114255,51.5773541],[-0.3108834,51.5772166],[-0.3103486,51.5770737],[-0.309298,51.5767679],[-0.3087778,51.5766111],[-0.3082666,51.5764442],[-0.3063705,51.5758114],[-0.2991165,51.5733509],[-0.2986361,51.5731933],[-0.2981543,51.5730435],[-0.2977608,51.5729252],[-0.2973661,51.5728117],[-0.2965749,51.5725834],[-0.2961473,51.5724592],[-0.2957295,51.5723229],[-0.2950025,51.5720772],[-0.2948718,51.572033],[-0.2945985,51.5719406],[-0.2940548,51.5717498],[-0.2933527,51.5714702],[-0.2927389,51.571203],[-0.2923287,51.5710234],[-0.2918729,51.5708276],[-0.291499,51.5706684],[-0.2911363,51.5705107],[-0.2909802,51.5704359],[-0.2908501,51.5703764],[-0.2905931,51.5702569],[-0.290337,51.5701359],[-0.2900903,51.5700172],[-0.2895025,51.5697239],[-0.2888691,51.5693986],[-0.2883991,51.5691467],[-0.2881325,51.5689977],[-0.2878882,51.5688616],[-0.2876643,51.5687128],[-0.287417,51.5685441],[-0.2871685,51.5683672],[-0.2867779,51.5680473],[-0.2863956,51.5677],[-0.2852848,51.5666679],[-0.2848683,51.5662958],[-0.2845062,51.5660086],[-0.2842198,51.5657969],[-0.2839999,51.5656451],[-0.283672,51.5654402],[-0.2832903,51.5652069],[-0.2830427,51.5650646],[-0.2826012,51.5648286],[-0.2822388,51.5646463],[-0.2818882,51.5644849],[-0.2815916,51.5643631],[-0.2811815,51.5642183],[-0.2808522,51.5641118],[-0.2805655,51.5640082],[-0.2792189,51.5635453],[-0.2790459,51.5634864],[-0.2787949,51.5634011],[-0.2784631,51.563288],[-0.2781257,51.5631776],[-0.2777786,51.5630756],[-0.2774255,51.5629796],[-0.277216,51.5629256],[-0.2770024,51.5628764],[-0.2762875,51.5627292]],[[-0.3391741,51.5798624],[-0.3388041,51.5798596],[-0.3384357,51.5798335],[-0.3381712,51.5798143],[-0.337743,51.5797604]],[[-0.2775827,51.5627762],[-0.2779626,51.5628685],[-0.2783382,51.5629661],[-0.2787401,51.5630778],[-0.2789846,51.5631512],[-0.279526,51.5633238],[-0.279954,51.5634669],[-0.2801695,51.5635421],[-0.2803839,51.5636205],[-0.280706,51.5637435],[-0.2810213,51.5638718],[-0.2812502,51.5639606],[-0.2815551,51.5640825],[-0.2818778,51.5642207],[-0.282166,51.5643494],[-0.2824289,51.5644726],[-0.2826264,51.5645794],[-0.2828905,51.5647221],[-0.283206,51.5649033],[-0.2834741,51.565063],[-0.2837286,51.5652212],[-0.2839477,51.5653629],[-0.2842062,51.5655325],[-0.2844623,51.5657147],[-0.2846277,51.5658404],[-0.2848556,51.5660086],[-0.2849865,51.5661204],[-0.2852073,51.5663095],[-0.2854601,51.5665281],[-0.2857234,51.5667611],[-0.2859619,51.5669906],[-0.286189,51.5671982],[-0.2864556,51.5674273],[-0.2867293,51.5676723],[-0.2870208,51.5679189],[-0.2873932,51.5682068],[-0.2877383,51.5684615],[-0.2879949,51.5686386],[-0.2882844,51.5688327],[-0.2884956,51.5689717],[-0.2887317,51.569127],[-0.2890019,51.5692829],[-0.2893254,51.5694734],[-0.2896467,51.5696562],[-0.2899169,51.5698016],[-0.2902007,51.5699526],[-0.2905543,51.5701303],[-0.2909987,51.570336],[-0.291597,51.5705964],[-0.2919338,51.5707395],[-0.2922405,51.5708611],[-0.2926339,51.5710114],[-0.2929487,51.5711258],[-0.2935777,51.5713862],[-0.2941284,51.5715858],[-0.2946201,51.5717585],[-0.2950199,51.5718891],[-0.2966849,51.5724483],[-0.2991731,51.5732839],[-0.3064285,51.5757471],[-0.3083231,51.5763812],[-0.3088342,51.5765448],[-0.3093545,51.5767018],[-0.3104007,51.577],[-0.3109367,51.5771407],[-0.3114765,51.5772762],[-0.3120329,51.5774066],[-0.3124182,51.5774928],[-0.3130118,51.5776218],[-0.3140776,51.5778327],[-0.3149504,51.5779813],[-0.3157601,51.5781047],[-0.3165717,51.5782189],[-0.3170638,51.5782802],[-0.3175546,51.5783395],[-0.3180077,51.5783887],[-0.3184599,51.5784328],[-0.3188931,51.5784707],[-0.3193274,51.5785054],[-0.3202372,51.5785626],[-0.3211499,51.5786044],[-0.3220682,51.5786296],[-0.3229831,51.5786427],[-0.3238144,51.578638],[-0.3246446,51.5786236],[-0.3263063,51.5785913],[-0.326846,51.5785798],[-0.3295829,51.5785176],[-0.3307731,51.5784884],[-0.3310117,51.5784825],[-0.3314755,51.5784739],[-0.3320989,51.5784577],[-0.3324985,51.5784559],[-0.3328935,51.5784617],[-0.3332874,51.5784815],[-0.3335317,51.5785015],[-0.3337474,51.5785282],[-0.3337716,51.5785312],[-0.3341717,51.5785931],[-0.3346254,51.5786852],[-0.3348868,51.5787476],[-0.3350851,51.5787974],[-0.3353297,51.5788621],[-0.337178,51.5793792],[-0.3376277,51.5794882],[-0.3379138,51.5795436],[-0.3381677,51.5795958],[-0.3384534,51.5796397],[-0.3387678,51.5796792],[-0.3390737,51.5797141]],[[-0.3380357,51.5796403],[-0.3383667,51.5796693],[-0.3386468,51.5796918],[-0.3390737,51.5797141]],[[-0.2775827,51.5627762],[-0.2779586,51.5628758],[-0.2783254,51.5629856],[-0.2788265,51.5631371],[-0.2789616,51.5631784],[-0.2795028,51.5633496],[-0.2799303,51.5634922],[-0.2801449,51.5635672],[-0.2803601,51.5636457],[-0.2806799,51.563768],[-0.2809938,51.5638941],[-0.2813856,51.5640575],[-0.281766,51.564214],[-0.2819983,51.5643151],[-0.2822946,51.5644551],[-0.2825353,51.5645724],[-0.2828771,51.5647552],[-0.2831189,51.5648928],[-0.2834254,51.5650791],[-0.2837433,51.565276],[-0.2839601,51.5654151],[-0.2842008,51.5655795],[-0.284412,51.5657312],[-0.284706,51.5659479],[-0.2850489,51.566228],[-0.2854224,51.5665491],[-0.2858129,51.5669013],[-0.286116,51.56718],[-0.2863998,51.5674348],[-0.286628,51.5676401],[-0.2868165,51.5678003],[-0.2870345,51.5679753],[-0.2872956,51.5681814],[-0.287526,51.5683493],[-0.2878621,51.5685928],[-0.2881902,51.5688158],[-0.288499,51.5690183],[-0.2888271,51.5692201],[-0.2890904,51.5693782],[-0.2894072,51.5695602],[-0.2896626,51.5697035],[-0.2899078,51.5698354],[-0.2901667,51.5699737],[-0.290475,51.5701284],[-0.2909656,51.5703593],[-0.2914274,51.5705664],[-0.2918,51.5707225],[-0.2923555,51.5709534],[-0.2928132,51.5711498],[-0.2936724,51.5715029],[-0.2946104,51.5718398],[-0.2950123,51.5719713],[-0.2966329,51.5725156],[-0.2970159,51.5726426],[-0.2974038,51.5727662],[-0.2981838,51.5730046],[-0.2986688,51.5731537],[-0.299149,51.5733118],[-0.3064055,51.5757726],[-0.3082959,51.5764087],[-0.3088092,51.5765731],[-0.3093301,51.5767273],[-0.3103785,51.5770303],[-0.3109139,51.5771713],[-0.311453,51.5773093],[-0.3120094,51.577444],[-0.3124508,51.5775455],[-0.313048,51.5776738],[-0.3140563,51.5778745],[-0.3149268,51.578034],[-0.3157367,51.5781671],[-0.3165478,51.5782856],[-0.3170377,51.5783485],[-0.3175323,51.5784087],[-0.317867,51.5784444],[-0.3182081,51.5784785],[-0.3184451,51.5785019],[-0.3188804,51.5785365],[-0.3193151,51.5785659],[-0.3202294,51.5786112],[-0.3211464,51.5786417],[-0.3220667,51.5786621],[-0.3229833,51.5786745],[-0.3238144,51.5786687],[-0.3246453,51.5786543],[-0.3263067,51.5786215],[-0.3268458,51.57861],[-0.3295829,51.5785468],[-0.3310131,51.5785138],[-0.3314754,51.5785039],[-0.3320989,51.5785011],[-0.3324994,51.5785089],[-0.3329287,51.5785305],[-0.333255,51.5785569],[-0.3335827,51.5785896],[-0.3337492,51.5786074],[-0.3339599,51.5786404],[-0.3341706,51.5786782],[-0.3347274,51.5788126],[-0.335262,51.5789604],[-0.3370278,51.5794523],[-0.3370658,51.5794614],[-0.3371138,51.5794729],[-0.3375697,51.5795677],[-0.3378133,51.5796067],[-0.3380357,51.5796403]],[[-0.3300337,51.5785936],[-0.3316401,51.5785894]],[[-0.3298066,51.5785987],[-0.3281399,51.5786674]],[[-0.1580124,51.5238349],[-0.1581381,51.5239208],[-0.1585901,51.5241758],[-0.1588057,51.5242886],[-0.1626698,51.5263058],[-0.1635803,51.526762],[-0.1647758,51.5273804],[-0.1655308,51.5277443],[-0.1662054,51.5280894],[-0.1666626,51.5283473],[-0.1669861,51.528531],[-0.1672558,51.5286966],[-0.1675651,51.5288974],[-0.1678103,51.5290743],[-0.1680346,51.5292483],[-0.1686697,51.529757],[-0.1688417,51.529899],[-0.1696016,51.5305023],[-0.1706352,51.5313422],[-0.1716443,51.532187],[-0.1724946,51.5328921],[-0.1734203,51.5336479],[-0.1751733,51.5351192],[-0.1756882,51.5356072],[-0.1757924,51.5358027],[-0.1758761,51.5360825],[-0.1759528,51.5363641],[-0.1759732,51.5366959],[-0.1759862,51.5368465],[-0.1759992,51.536997],[-0.1759363,51.5379493],[-0.1756708,51.5390033],[-0.1755889,51.5394911],[-0.1753088,51.5411606],[-0.1752276,51.5428189],[-0.1753107,51.5434819],[-0.1753436,51.5436058],[-0.1753749,51.5437239],[-0.1754269,51.5438779],[-0.1754752,51.5440201],[-0.1755335,51.5441369],[-0.1756495,51.5442775],[-0.1757294,51.5443921],[-0.1758318,51.5445013],[-0.1759684,51.5446052],[-0.1760974,51.5446985],[-0.1762286,51.5447857],[-0.1764575,51.544902],[-0.17757,51.5453167],[-0.1779306,51.5454502],[-0.1781047,51.5455217],[-0.1782164,51.5455687],[-0.1783596,51.545643],[-0.1784487,51.5456987],[-0.1785639,51.5457889],[-0.1786933,51.545893],[-0.1788226,51.5460154],[-0.1788884,51.5460886],[-0.1789926,51.5461917],[-0.1791325,51.5463089],[-0.1792514,51.5463872],[-0.1793865,51.5464673],[-0.1796094,51.5465802],[-0.1798785,51.5467273],[-0.180175,51.546888],[-0.1803348,51.5469603],[-0.1804631,51.5470107],[-0.1805588,51.5470472],[-0.1806646,51.547085],[-0.1808508,51.5471468],[-0.1809847,51.5471865],[-0.1812211,51.5472503],[-0.1813991,51.5472946],[-0.1815263,51.5473221],[-0.1816528,51.5473459],[-0.1818019,51.5473717],[-0.1819537,51.5473918],[-0.1822516,51.5474105],[-0.1824461,51.5474106],[-0.1827853,51.5473993],[-0.1830546,51.547378],[-0.1838205,51.5472902],[-0.1841249,51.5472551],[-0.1855521,51.5470841],[-0.1862522,51.5470006],[-0.1870284,51.5469176],[-0.1877297,51.5468544],[-0.1888446,51.5467715],[-0.1904852,51.5466774],[-0.1907679,51.5466598],[-0.1912134,51.5466233],[-0.1944486,51.5464007],[-0.1959467,51.5463185],[-0.1963123,51.5463036],[-0.1966874,51.5462994],[-0.1971094,51.5463079],[-0.1976582,51.5463368],[-0.199636,51.5464778],[-0.2015819,51.5466279],[-0.2024667,51.5466928],[-0.2028323,51.5467195],[-0.2033441,51.5467578],[-0.2042328,51.5468225],[-0.2048232,51.5468633],[-0.2053341,51.5468958],[-0.2059589,51.5469416],[-0.207146,51.5470287],[-0.2077574,51.5470765],[-0.2084676,51.5471562],[-0.2094584,51.5472866],[-0.210436,51.5474367],[-0.2185432,51.5486837],[-0.2207934,51.549049],[-0.2210409,51.549088],[-0.2211086,51.5490987],[-0.2228488,51.5493732],[-0.2239248,51.5495367],[-0.2252855,51.5497482],[-0.2273523,51.5500684],[-0.2280392,51.5501774],[-0.2282735,51.5502135],[-0.233053,51.5509721],[-0.2332958,51.5510134],[-0.2355396,51.5513426],[-0.2364309,51.5515001],[-0.2374082,51.5516605],[-0.2379467,51.5517412],[-0.2383193,51.5517972],[-0.2386749,51.5518564],[-0.23925,51.5519482],[-0.2398576,51.5520522],[-0.2406616,51.5521755],[-0.2415317,51.552314],[-0.2434153,51.5525902],[-0.2441896,51.5527133],[-0.2453469,51.5529088],[-0.246621,51.5531732],[-0.2472597,51.5533194],[-0.2482556,51.5535749],[-0.2494901,51.5539143],[-0.2504719,51.554181],[-0.2516068,51.5544651],[-0.2520588,51.5545759],[-0.2534718,51.5549137],[-0.2544988,51.5552086],[-0.2556364,51.5555198],[-0.2558518,51.5555771],[-0.2564547,51.5557407],[-0.2570941,51.5559231],[-0.2574909,51.5560347],[-0.2580431,51.5561979],[-0.2585217,51.5563393],[-0.2593125,51.5565922],[-0.2598798,51.5567822],[-0.2603012,51.5569174],[-0.2608448,51.5571167],[-0.2613878,51.5573107],[-0.261977,51.5575268],[-0.2625538,51.5577431],[-0.263138,51.5579822],[-0.2637392,51.5582286],[-0.2642685,51.5584553],[-0.2648942,51.5587099],[-0.2654636,51.5589551],[-0.2660065,51.5591824],[-0.2666704,51.5594534],[-0.2672224,51.5596922],[-0.2678465,51.559949],[-0.2684446,51.5601981],[-0.2691865,51.5604868],[-0.2697699,51.5607124],[-0.2704064,51.5609454],[-0.2711622,51.5612199],[-0.2718359,51.5614577],[-0.2722833,51.5615987],[-0.2726876,51.5617144],[-0.2731968,51.5618516],[-0.273617,51.5619625],[-0.2743141,51.5621266],[-0.2752057,51.5623178],[-0.2764549,51.5625501],[-0.2767161,51.5625987],[-0.2771472,51.5626814],[-0.2775827,51.5627762]],[[-0.2762875,51.5627292],[-0.2758215,51.562635],[-0.2751117,51.5624991],[-0.2740464,51.5622844],[-0.2736212,51.562183],[-0.2731946,51.5620726],[-0.2727518,51.5619384],[-0.2723303,51.5618042],[-0.2716836,51.5615788],[-0.2713174,51.5614478],[-0.270921,51.561288],[-0.2699674,51.5609281],[-0.2690649,51.5605775],[-0.2679351,51.5601162],[-0.2673273,51.5598642],[-0.2667883,51.5596469],[-0.2646627,51.5587517],[-0.2637737,51.5583768],[-0.263379,51.5582107],[-0.2629229,51.558025],[-0.2620537,51.5576763],[-0.261606,51.5575143],[-0.2611145,51.5573325],[-0.2598415,51.5568886],[-0.2590917,51.556645],[-0.2584754,51.5564492],[-0.257901,51.5562716],[-0.256969,51.5560024],[-0.2560849,51.5557564],[-0.2550933,51.555487],[-0.2545509,51.5553407],[-0.2541013,51.5552162],[-0.2536789,51.5551023],[-0.2533489,51.5550225],[-0.2523437,51.5547837],[-0.2520527,51.5547207],[-0.2510405,51.5544825],[-0.2503395,51.5543167],[-0.2498451,51.5541849],[-0.2491237,51.5539837],[-0.2481392,51.5536937],[-0.2471283,51.5534243],[-0.246535,51.5532807],[-0.2453085,51.5530151],[-0.2441552,51.5528101],[-0.2433872,51.5527006],[-0.2414893,51.55244],[-0.2405936,51.5523188],[-0.2398538,51.5522185],[-0.2392436,51.5521354],[-0.2383507,51.5519885],[-0.2380273,51.5519301],[-0.2374378,51.5518237],[-0.2364738,51.5516441],[-0.2354824,51.5514778],[-0.2332358,51.5511184],[-0.2330139,51.5510831],[-0.2282259,51.5503271],[-0.2279918,51.5502907],[-0.2273082,51.5502014],[-0.2258764,51.5500019],[-0.2237138,51.5496635],[-0.2228,51.5495185],[-0.2210563,51.5492501],[-0.2209081,51.5492273],[-0.2205446,51.5491714],[-0.2196702,51.5490255],[-0.218408,51.5487998],[-0.2104275,51.5475659],[-0.2094457,51.5474079],[-0.208452,51.5472713],[-0.2077366,51.5471982],[-0.2071437,51.5471586],[-0.2063781,51.5471273],[-0.2053106,51.5470795],[-0.2047456,51.5470572],[-0.2042127,51.5470261],[-0.2033091,51.5469503],[-0.2027851,51.546898],[-0.2015713,51.5467534],[-0.1996234,51.5466015],[-0.1976705,51.546494],[-0.1971236,51.5464652],[-0.1965737,51.5464426],[-0.1959651,51.546448],[-0.195486,51.5464567],[-0.1950287,51.5464856],[-0.1944766,51.5465404],[-0.1912078,51.5468303],[-0.1907987,51.5468549],[-0.1905229,51.5468718],[-0.1889163,51.5469693],[-0.1870591,51.5470852],[-0.1862871,51.5471515],[-0.1855964,51.5472283],[-0.183954,51.5474301],[-0.1831745,51.5475105],[-0.1828534,51.5475389],[-0.1824913,51.5475589],[-0.1821805,51.5475616],[-0.1819949,51.5475537],[-0.1818535,51.5475434],[-0.181704,51.5475276],[-0.1814533,51.5474948],[-0.1813199,51.5474718],[-0.1811194,51.5474351],[-0.1808493,51.5473787],[-0.1807133,51.5473446],[-0.1805182,51.5472902],[-0.1803732,51.5472458],[-0.1800085,51.5470848],[-0.1797983,51.5469445],[-0.1796394,51.5468276],[-0.1795612,51.5467683],[-0.1794054,51.5466627],[-0.1792438,51.5465331],[-0.1791003,51.5463947],[-0.1789376,51.5462229],[-0.1787585,51.5460296],[-0.1786375,51.5459246],[-0.1784135,51.5457405],[-0.1783119,51.5456765],[-0.1781869,51.5456069],[-0.1778918,51.5454885],[-0.1764122,51.544939],[-0.1762024,51.5448326],[-0.1760492,51.5447361],[-0.1759156,51.5446415],[-0.1757964,51.5445419],[-0.1756651,51.5444026],[-0.17559,51.5443027],[-0.1755079,51.5441889],[-0.1754274,51.5440598],[-0.1753679,51.5438867],[-0.1753242,51.543729],[-0.1752623,51.5434868],[-0.175175,51.5428133],[-0.1752589,51.5411584],[-0.1756182,51.5390084],[-0.1758728,51.5379444],[-0.1759378,51.5369981],[-0.1759104,51.5366972],[-0.1758849,51.5363948],[-0.1758125,51.5360899],[-0.1757153,51.53582],[-0.1756063,51.5356148],[-0.1751465,51.535167],[-0.1733882,51.5336876],[-0.1724424,51.5329151],[-0.1715864,51.5322136],[-0.1705613,51.5313705],[-0.1695247,51.5305217],[-0.1686126,51.5297721],[-0.1679911,51.5292685],[-0.1675387,51.5289441],[-0.1672098,51.5287379],[-0.1669409,51.5285709],[-0.1666119,51.5283841],[-0.1662302,51.5281864],[-0.1659014,51.5280218],[-0.1654919,51.5277637],[-0.164724,51.5274156],[-0.1646349,51.5273686],[-0.1635454,51.5267934],[-0.1626291,51.5263322],[-0.1615109,51.5257506],[-0.1613298,51.5256473],[-0.1587527,51.5242961],[-0.1585598,51.5241948],[-0.1581115,51.5239394],[-0.1579448,51.5238555]],[[-0.1581381,51.5239208],[-0.1580683,51.5238958],[-0.1579448,51.5238555]],[[-0.1580124,51.5238349],[-0.1580683,51.5238958],[-0.1581115,51.5239394]],[[-0.1568002,51.5226236],[-0.1568602,51.5226688],[-0.1569368,51.5227354],[-0.1571184,51.5228692],[-0.1572309,51.5229805],[-0.1573455,51.5231072],[-0.1574358,51.5232221],[-0.1575522,51.5233818],[-0.1576889,51.5235271],[-0.1579078,51.5237215],[-0.1579776,51.5237989],[-0.1580124,51.5238349]],[[-0.0753717,51.5136997],[-0.0754007,51.5137706],[-0.0754192,51.5138249],[-0.075438,51.5138693],[-0.0754959,51.5139683],[-0.0756244,51.5141228],[-0.0757317,51.5142427],[-0.0758744,51.5143948],[-0.0759106,51.5144354],[-0.0759809,51.5145161],[-0.076104,51.5146533],[-0.0761455,51.5146942],[-0.0763236,51.5148783],[-0.0764658,51.5150043],[-0.076614,51.5151238],[-0.0767088,51.5151934],[-0.0767489,51.5152286],[-0.0768252,51.5152902],[-0.0770562,51.5154318],[-0.0770906,51.5154529],[-0.077315,51.5155846],[-0.0774461,51.5156616],[-0.0776111,51.5157542],[-0.0777827,51.5158277],[-0.0778914,51.5158802],[-0.0782079,51.5160263],[-0.0786351,51.5162142],[-0.0791878,51.516384],[-0.0807829,51.5168821],[-0.0809028,51.5169122],[-0.0810248,51.5169333],[-0.0818321,51.5170561],[-0.0825554,51.5171842],[-0.0830792,51.5172704],[-0.0834029,51.5173233],[-0.0838934,51.5173983],[-0.0840973,51.5174279],[-0.0844014,51.5174723],[-0.0888349,51.5182687],[-0.0908535,51.5187071],[-0.0915117,51.5188473],[-0.0965288,51.5200441],[-0.0967342,51.520098],[-0.0970017,51.5201595],[-0.0972423,51.5202064],[-0.0974056,51.5202299],[-0.0975612,51.5202431],[-0.0977943,51.5202439],[-0.0979383,51.5202369],[-0.0981967,51.5202274],[-0.0987297,51.5202026],[-0.0989983,51.5201896],[-0.0992882,51.5201773],[-0.099514,51.5201697],[-0.0996883,51.5201555],[-0.0998736,51.5201314],[-0.1004384,51.5200157],[-0.1007729,51.519931],[-0.1014903,51.5197265],[-0.1018237,51.5196568],[-0.1019949,51.5196263],[-0.1021569,51.5196103],[-0.1023231,51.5196058],[-0.1024819,51.5196138],[-0.1026848,51.5196266],[-0.1027442,51.5196308],[-0.1028704,51.5196409],[-0.1030557,51.519663],[-0.1032076,51.519684],[-0.1033299,51.5197062],[-0.1034461,51.5197296],[-0.1035812,51.5197636],[-0.1036829,51.5197905],[-0.1038062,51.5198266],[-0.1039249,51.5198666],[-0.1041214,51.5199442],[-0.1041645,51.5199618],[-0.1042435,51.5199971],[-0.1043232,51.520037],[-0.1043736,51.5200605],[-0.1044929,51.5201201],[-0.1045355,51.5201414],[-0.1045985,51.5201774],[-0.1047225,51.5202608],[-0.1047548,51.5202849],[-0.104783,51.5203068],[-0.104812,51.5203293],[-0.1048278,51.5203424],[-0.1048561,51.5203661],[-0.1049081,51.5204123],[-0.1049534,51.5204545],[-0.1049895,51.5204902],[-0.1050467,51.5205507],[-0.1051057,51.5206183],[-0.1051395,51.5206601],[-0.1052131,51.5207596],[-0.1052548,51.5208186],[-0.1052862,51.5208621],[-0.1053542,51.5209503],[-0.1053984,51.521004],[-0.1054578,51.5210723],[-0.1055166,51.5211352],[-0.1055631,51.5211837],[-0.1058101,51.5214395],[-0.1060109,51.5216603],[-0.1061514,51.5218431],[-0.1062817,51.5220123],[-0.1063796,51.5221466],[-0.1065156,51.5223045],[-0.1066178,51.5224081],[-0.1066423,51.5224317],[-0.1067513,51.5225213],[-0.1069752,51.5226756],[-0.1074055,51.5229361],[-0.1075325,51.5230171],[-0.1077502,51.5231524],[-0.1079375,51.5232699],[-0.1084232,51.5235438],[-0.1087068,51.5236657],[-0.1090463,51.5238371],[-0.1093664,51.5240486],[-0.1095694,51.5242041],[-0.1106654,51.5250659],[-0.1114733,51.5255491],[-0.1126427,51.526257],[-0.1135394,51.5268436],[-0.1145664,51.5275362],[-0.1150266,51.5278325],[-0.1155808,51.5281688],[-0.1161455,51.5285095],[-0.1164327,51.528673],[-0.116622,51.528782],[-0.1170127,51.5290065],[-0.1171166,51.529065],[-0.1173151,51.5291756],[-0.1178124,51.5294559],[-0.1179294,51.5295252],[-0.1183975,51.5298026],[-0.1185345,51.5298839],[-0.1186987,51.5299666],[-0.1188497,51.5300392],[-0.1189731,51.5300903],[-0.1190817,51.5301359],[-0.1191764,51.5301736],[-0.1193853,51.5302472],[-0.1195684,51.530304],[-0.1197548,51.530353],[-0.1200306,51.5304214],[-0.1205014,51.5305316],[-0.1207778,51.530579],[-0.1210322,51.5306073],[-0.1212204,51.5306168],[-0.1214557,51.5306214],[-0.1215925,51.5306225],[-0.1217296,51.5306154],[-0.1218419,51.5306032],[-0.1220524,51.5305725],[-0.1223672,51.5305092],[-0.1226329,51.5304394],[-0.1228922,51.5303567],[-0.1232942,51.5301952],[-0.1235251,51.5300899],[-0.1236553,51.5300201],[-0.1237723,51.5299432],[-0.1238861,51.5298766],[-0.1240376,51.5297966],[-0.124545,51.5295915],[-0.1256138,51.5291487],[-0.1259933,51.5290306],[-0.1262233,51.5289682],[-0.1265149,51.5288892],[-0.1267679,51.5288206],[-0.1273515,51.5285879],[-0.1297338,51.5276773],[-0.1312616,51.5271128],[-0.1338133,51.5262918],[-0.1343416,51.5261218],[-0.1351367,51.5258278],[-0.135935,51.5255327],[-0.1361462,51.5254642],[-0.1363623,51.525398],[-0.1393665,51.5246048],[-0.1417784,51.5240633],[-0.1424268,51.5239371],[-0.1427273,51.5238902],[-0.1427985,51.5238795],[-0.1428842,51.5238673],[-0.1429726,51.5238558],[-0.1430723,51.523844],[-0.1431635,51.5238351],[-0.1432708,51.5238251],[-0.1433785,51.5238163],[-0.1434405,51.5238123],[-0.1435299,51.5238079],[-0.1436321,51.5238038],[-0.1437007,51.5238012],[-0.1437898,51.5237995],[-0.1438686,51.5237975],[-0.1439524,51.5237967],[-0.1440274,51.5237968],[-0.1441115,51.5237983],[-0.1441674,51.5237996],[-0.1442576,51.5238026],[-0.1443505,51.5238065],[-0.144482,51.5238155],[-0.1449537,51.5238477],[-0.1450767,51.5238542],[-0.1452161,51.5238571],[-0.1454914,51.523845],[-0.1459488,51.5238049],[-0.1489436,51.5232822],[-0.1491134,51.5232647],[-0.1498121,51.5232121],[-0.1505226,51.5231493],[-0.151183,51.5231022],[-0.1517943,51.5230736],[-0.1523706,51.5230067],[-0.1533309,51.5228283],[-0.1554892,51.5224607],[-0.1556787,51.5224715],[-0.155835,51.5224805],[-0.1561264,51.5225482],[-0.1563973,51.5226341],[-0.1565394,51.5227056],[-0.1566482,51.522763],[-0.1567915,51.5228385],[-0.1569286,51.5229356],[-0.1570657,51.523054],[-0.1573755,51.5233342],[-0.1575794,51.5235236],[-0.1578594,51.523744],[-0.1580124,51.5238349]],[[-0.1579448,51.5238555],[-0.1578685,51.5238161],[-0.1578081,51.523771],[-0.1575376,51.5235219],[-0.1573247,51.5233369],[-0.1569352,51.5229821],[-0.1567714,51.5228582],[-0.156631,51.5227778],[-0.1564919,51.5227115],[-0.1563484,51.5226424],[-0.1560706,51.5225691],[-0.1558066,51.5225146],[-0.155512,51.5225008],[-0.1533537,51.5228684],[-0.1523934,51.5230468],[-0.1518104,51.5231153],[-0.1511884,51.5231453],[-0.1505374,51.5231861],[-0.1498389,51.5232422],[-0.1491314,51.5233069],[-0.1489664,51.5233223],[-0.1459327,51.523848],[-0.1454896,51.5238823],[-0.1452135,51.5238868],[-0.1450753,51.5238843],[-0.1449542,51.5238778],[-0.1447504,51.5238608],[-0.144476,51.5238379],[-0.1443543,51.523832],[-0.1443265,51.5238308],[-0.1442166,51.5238267],[-0.1440867,51.5238243],[-0.1439808,51.5238232],[-0.1438906,51.5238238],[-0.1437799,51.5238258],[-0.1436687,51.5238289],[-0.1435289,51.5238329],[-0.1433722,51.5238415],[-0.1432717,51.5238495],[-0.1431611,51.5238598],[-0.1431015,51.5238661],[-0.142998,51.5238786],[-0.1428825,51.5238939],[-0.142751,51.5239124],[-0.1424383,51.5239663],[-0.1417983,51.5241019],[-0.1393864,51.5246434],[-0.1363732,51.5254304],[-0.1361905,51.5254838],[-0.1360091,51.5255427],[-0.1352346,51.525829],[-0.1344584,51.526116],[-0.1338357,51.5263189],[-0.1312815,51.5271514],[-0.1297425,51.5277042],[-0.1295419,51.5277822],[-0.1273714,51.5286265],[-0.1265845,51.5289391],[-0.1263801,51.5290327],[-0.1261333,51.5291794],[-0.1258254,51.5293319],[-0.1253003,51.5295341],[-0.1246817,51.5297729],[-0.1242273,51.5299264],[-0.123896,51.5300273],[-0.1236504,51.5301114],[-0.1235301,51.5301606],[-0.1233246,51.5302276],[-0.122908,51.5303997],[-0.1226293,51.5304865],[-0.122385,51.5305471],[-0.1220702,51.5306104],[-0.1218597,51.5306411],[-0.1217474,51.5306533],[-0.1216103,51.5306604],[-0.1214735,51.5306593],[-0.1210046,51.5306394],[-0.12078,51.530614],[-0.1205086,51.5305653],[-0.1199667,51.5304384],[-0.1197851,51.5303936],[-0.1195833,51.5303378],[-0.1193919,51.5302831],[-0.1191729,51.5302108],[-0.1190208,51.5301511],[-0.1189126,51.5301075],[-0.1188569,51.5300831],[-0.1186608,51.5299841],[-0.1184824,51.5298983],[-0.1183347,51.5298175],[-0.1178544,51.5295382],[-0.1177655,51.5294838],[-0.1177427,51.5294699],[-0.1172463,51.5291888],[-0.1170515,51.5290793],[-0.1169652,51.5290265],[-0.1165591,51.5287951],[-0.1163731,51.5286859],[-0.116108,51.5285345],[-0.1156034,51.5282321],[-0.1149893,51.527858],[-0.1145206,51.527562],[-0.1134928,51.5268723],[-0.1126087,51.5262816],[-0.1114384,51.5255803],[-0.1106376,51.5250886],[-0.109519,51.5242162],[-0.1093232,51.5240688],[-0.1090112,51.5238636],[-0.1086985,51.5236985],[-0.1084319,51.5235821],[-0.1079003,51.5232904],[-0.1076779,51.523148],[-0.1074488,51.5230015],[-0.1073654,51.5229452],[-0.1070049,51.5227324],[-0.1067587,51.5225675],[-0.1067129,51.5225353],[-0.1066111,51.5224554],[-0.106601,51.5224475],[-0.1064937,51.5223439],[-0.106456,51.5223086],[-0.1063207,51.5221503],[-0.1062605,51.5220603],[-0.1061923,51.5219639],[-0.1061102,51.5218475],[-0.1060286,51.5217488],[-0.1059517,51.5216526],[-0.1058007,51.5214857],[-0.1056395,51.5213123],[-0.1055798,51.5212537],[-0.1055062,51.52118],[-0.1054045,51.5210736],[-0.1053583,51.5210213],[-0.1053127,51.5209633],[-0.105269,51.5209051],[-0.1052085,51.5208236],[-0.1051545,51.5207483],[-0.1050822,51.5206529],[-0.1050388,51.5206014],[-0.1049549,51.5205113],[-0.1048564,51.5204174],[-0.1048061,51.5203735],[-0.104784,51.5203559],[-0.1047292,51.5203121],[-0.1046706,51.5202684],[-0.1045644,51.520197],[-0.1044945,51.5201569],[-0.1044191,51.5201175],[-0.104343,51.5200817],[-0.1042818,51.5200535],[-0.1042028,51.5200151],[-0.1041163,51.5199758],[-0.1040189,51.5199374],[-0.1039299,51.5199033],[-0.1038217,51.5198668],[-0.1037069,51.5198302],[-0.1034623,51.5197668],[-0.1033172,51.5197372],[-0.1031941,51.5197153],[-0.103004,51.5196886],[-0.1028088,51.5196673],[-0.1026393,51.5196528],[-0.1025027,51.5196431],[-0.1023453,51.51964],[-0.1021732,51.5196435],[-0.1020276,51.519658],[-0.1018435,51.5196899],[-0.1015112,51.5197588],[-0.1007599,51.5199783],[-0.1004425,51.5200469],[-0.1001328,51.5201112],[-0.0998823,51.5201573],[-0.0996992,51.5201798],[-0.0995268,51.5201932],[-0.0987257,51.5202304],[-0.098045,51.5202628],[-0.0977976,51.520272],[-0.0975669,51.5202735],[-0.0974011,51.5202611],[-0.0972349,51.5202372],[-0.0970713,51.5202078],[-0.0969464,51.5201811],[-0.0967427,51.5201352],[-0.0964925,51.5200721],[-0.0959356,51.5199354],[-0.0916011,51.5188906],[-0.0891531,51.5183795],[-0.0888213,51.5183085],[-0.0843726,51.5175043],[-0.0840764,51.5174568],[-0.0838724,51.5174272],[-0.0833928,51.51735],[-0.0830667,51.517297],[-0.0825435,51.5172123],[-0.0818196,51.5170871],[-0.081007,51.5169748],[-0.0808641,51.5169498],[-0.0807474,51.5169244],[-0.0791665,51.5164053],[-0.0786166,51.5162418],[-0.0781864,51.5160488],[-0.0778672,51.5159053],[-0.0777492,51.515856],[-0.0775856,51.5157851],[-0.0774086,51.5156899],[-0.0772783,51.5156053],[-0.0772262,51.5155714],[-0.0770638,51.5154726],[-0.0770281,51.5154502],[-0.0768024,51.5153085],[-0.0765666,51.5151357]],[[-0.1579448,51.5238555],[-0.1578594,51.5238314],[-0.1578057,51.5238107],[-0.1577669,51.5237867],[-0.1574645,51.5235604],[-0.1569574,51.5231196],[-0.1568212,51.5230195],[-0.1566754,51.5229373],[-0.1565285,51.5228635],[-0.1563502,51.5227921],[-0.1562132,51.5227461],[-0.1561468,51.5227252]],[[-0.0916011,51.5188906],[-0.0915117,51.5188473],[-0.0912878,51.5187572],[-0.0911235,51.5186932],[-0.0892211,51.5182398]],[[-0.0912878,51.5187572],[-0.0902788,51.5185179],[-0.0892053,51.5182739]],[[-0.0765666,51.5151357],[-0.0764373,51.5150214],[-0.0762183,51.5148278],[-0.0759403,51.5145317],[-0.0758834,51.5144452],[-0.0758458,51.5144051],[-0.0757044,51.5142527],[-0.0755949,51.5141316],[-0.0755367,51.5140641],[-0.07547,51.5139759],[-0.0754246,51.5139061]],[[-0.0765666,51.5151357],[-0.0764014,51.5150273],[-0.0763641,51.5150037]]]},"properties":{"name":"Metropolitan","colour":"#9B0056","mode":"tfl"}},{"type":"Feature","geometry":{"type":"MultiLineString","coordinates":[[[-0.2755014,51.613986],[-0.2752682,51.6138879],[-0.2742546,51.6134349],[-0.274049,51.6133435],[-0.2737375,51.6131945],[-0.2735586,51.6130976],[-0.2733298,51.612963],[-0.2731107,51.6128277],[-0.272746,51.6125786],[-0.2724831,51.6123727],[-0.2722581,51.6121762],[-0.2720763,51.6119972],[-0.2719591,51.6118658],[-0.271777,51.6116241],[-0.2716361,51.611405],[-0.2715428,51.6112283],[-0.2714938,51.611116],[-0.2714031,51.6108797],[-0.2712902,51.6105379],[-0.2711254,51.6098995],[-0.2709935,51.6095651],[-0.2708483,51.6092465],[-0.2706217,51.6088566],[-0.2704018,51.6085065],[-0.2698853,51.6077635],[-0.2695605,51.6073069],[-0.2691924,51.6068017],[-0.2688048,51.606318],[-0.2679151,51.6053875],[-0.2673477,51.6048873],[-0.2669203,51.6045418],[-0.2665408,51.6042595],[-0.266091,51.603954],[-0.2657202,51.6037262],[-0.2651832,51.6034321],[-0.2646699,51.603183],[-0.2641908,51.602956],[-0.2639522,51.6028449],[-0.2635619,51.6026568],[-0.2631285,51.6024454],[-0.2627801,51.6022778],[-0.2619536,51.6019266],[-0.2605163,51.6013396],[-0.2592999,51.6008553],[-0.2581883,51.6004126],[-0.2579739,51.6003317],[-0.2578078,51.6002717],[-0.2573604,51.60008],[-0.2567369,51.5998282],[-0.2562734,51.5996419],[-0.2557615,51.599434],[-0.2554095,51.599277],[-0.2552501,51.5991882],[-0.2551704,51.5991448],[-0.2545583,51.5988225],[-0.2542819,51.5986636],[-0.2539838,51.5984852],[-0.2535201,51.5981784],[-0.2530397,51.5978212],[-0.2524838,51.5974039],[-0.2519345,51.5969667],[-0.2513707,51.5965213],[-0.2509865,51.5962211],[-0.2506316,51.5959538],[-0.250443,51.5958137],[-0.2502038,51.5956561],[-0.249918,51.5954725],[-0.2497551,51.5953678],[-0.2494522,51.5951615],[-0.2488768,51.5947745],[-0.2485018,51.594463],[-0.2480763,51.594177],[-0.2476642,51.5939041],[-0.2469682,51.5934632],[-0.2465069,51.5931705],[-0.2459933,51.5928388],[-0.2454317,51.5924738],[-0.2447951,51.5921103],[-0.2440556,51.591754],[-0.2434611,51.5914961],[-0.2430255,51.5913314],[-0.2424072,51.591117],[-0.2417903,51.5909273],[-0.2411144,51.5907102],[-0.2406464,51.5905647],[-0.2397908,51.5902858],[-0.2393214,51.5901239],[-0.2385993,51.5898483],[-0.2347325,51.5882575],[-0.2325097,51.5872452],[-0.2298574,51.5857856],[-0.2276656,51.5842887],[-0.2274518,51.5841427],[-0.2269463,51.5837668],[-0.2264524,51.5834151],[-0.2262175,51.5832483],[-0.2258015,51.5828898],[-0.2256283,51.5827415],[-0.2255169,51.582653],[-0.2251224,51.5823647],[-0.2247533,51.5820914],[-0.2244342,51.581875],[-0.2240475,51.5816118],[-0.223629,51.5813451],[-0.2230882,51.5810203],[-0.222364,51.5805934],[-0.2219832,51.5803808],[-0.2215503,51.5801422],[-0.2209497,51.5798244],[-0.2205072,51.5796125],[-0.2201904,51.5794608],[-0.2195835,51.5791846],[-0.2189731,51.5789017],[-0.2185467,51.5787116],[-0.2178892,51.5784319],[-0.2176967,51.5783506],[-0.2163642,51.5778103],[-0.2159568,51.5776469],[-0.2157465,51.5775656],[-0.2146826,51.5771542],[-0.2141053,51.5769344],[-0.2137667,51.5768003],[-0.2135599,51.5767038],[-0.2134207,51.5766478],[-0.2132718,51.5765698],[-0.2131478,51.5765055],[-0.2129172,51.5763974],[-0.2126891,51.576284],[-0.2122389,51.5760687],[-0.2118078,51.5758602],[-0.2114757,51.5757115],[-0.2111958,51.5755918],[-0.2106061,51.5753265],[-0.2100473,51.5750682],[-0.2096544,51.574893],[-0.2090484,51.5746211],[-0.2084067,51.5743322],[-0.2079774,51.5741396],[-0.2072193,51.5738088],[-0.2066341,51.5735802],[-0.2063195,51.5734712],[-0.205934,51.5733636],[-0.2056451,51.5732901],[-0.2051554,51.573205],[-0.2048638,51.5731697],[-0.2045267,51.5731395],[-0.2041132,51.5731199],[-0.2037969,51.5731123],[-0.2034095,51.57312],[-0.2031298,51.5731395],[-0.2028583,51.5731643],[-0.2024427,51.573219],[-0.2021656,51.5732651],[-0.2018778,51.5733135],[-0.2015067,51.5733813],[-0.2012274,51.573436],[-0.2010223,51.5734767],[-0.2008075,51.573517],[-0.200618,51.5735506],[-0.2004683,51.573571],[-0.2001677,51.5736067],[-0.1999769,51.5736239],[-0.1998602,51.573632],[-0.1996991,51.5736407],[-0.1994989,51.5736455],[-0.1993436,51.5736489],[-0.199094,51.5736491],[-0.1988076,51.5736402],[-0.1985084,51.5736193],[-0.1982557,51.5735949],[-0.1980746,51.5735729],[-0.1979199,51.5735468],[-0.1977587,51.5735212],[-0.1973752,51.5734513],[-0.1970172,51.5733659],[-0.1967189,51.5732911],[-0.1964898,51.5732217],[-0.1962053,51.573129],[-0.1958454,51.5729857],[-0.1954067,51.5727995]],[[-0.272573,51.6123947],[-0.2727862,51.6125489],[-0.2728865,51.6126134],[-0.273195,51.6127766],[-0.2735686,51.6129562],[-0.2738721,51.6130907],[-0.2750551,51.6136255],[-0.275335,51.6137518]],[[-0.1428751,51.5391981],[-0.1430547,51.5393867],[-0.1435517,51.5399542],[-0.1440025,51.5404808],[-0.1442932,51.5407235],[-0.1460074,51.5418545],[-0.146378,51.542066],[-0.1466974,51.5422042],[-0.1471303,51.5423757],[-0.1474026,51.5424761],[-0.147893,51.5426288],[-0.1490499,51.5428738],[-0.1509005,51.5432696],[-0.151546,51.5434303],[-0.1522702,51.543651],[-0.1532412,51.54401],[-0.1535469,51.544154],[-0.1544174,51.5447078],[-0.1552959,51.5452566],[-0.1558886,51.5456703],[-0.1564023,51.5459964],[-0.1568086,51.5461957],[-0.1573035,51.5464017],[-0.1580624,51.5466393],[-0.1584796,51.5467962],[-0.1593392,51.5471996],[-0.1600662,51.5475526],[-0.1611511,51.5482665],[-0.1622441,51.548922],[-0.1626652,51.5491956],[-0.1634521,51.5495618],[-0.1641624,51.5498779],[-0.1643095,51.549973],[-0.1643908,51.5500263],[-0.1645809,51.550156],[-0.1647045,51.5502453],[-0.1648546,51.5503578],[-0.1649744,51.550449],[-0.1651016,51.55055],[-0.165213,51.5506459],[-0.166025,51.5512978],[-0.1666235,51.5517085],[-0.1676487,51.5523628],[-0.1687866,51.5530053],[-0.169257,51.5532492],[-0.1700244,51.5536471],[-0.17189,51.5544767],[-0.1728711,51.5548194],[-0.1743168,51.5551814],[-0.1753655,51.5554279],[-0.1760184,51.5556005],[-0.176928,51.5558747],[-0.177414,51.5560136],[-0.1778273,51.5561669],[-0.1779052,51.5562019],[-0.1780051,51.5562485],[-0.1781587,51.5563256],[-0.1782494,51.5563719],[-0.1784189,51.5564675],[-0.178534,51.5565357],[-0.1786719,51.5566214],[-0.1787842,51.556694],[-0.1788681,51.556751],[-0.1789572,51.556816],[-0.1790601,51.556894],[-0.1792657,51.5571154],[-0.179458,51.5573405],[-0.1795556,51.5575053],[-0.1796899,51.5577484],[-0.1797531,51.5579536],[-0.1797586,51.5581605],[-0.179652,51.5584753],[-0.1795204,51.5587911],[-0.1794524,51.5590985],[-0.1793663,51.5601883],[-0.1793299,51.5615252],[-0.1793797,51.5623704],[-0.1794979,51.5631941],[-0.1796586,51.5639777],[-0.1798914,51.5647331],[-0.1801382,51.5653452],[-0.1814176,51.5680077],[-0.1815573,51.5682231],[-0.1817277,51.5684236],[-0.1819698,51.5686432],[-0.1824109,51.5689474],[-0.1827126,51.5691582],[-0.1831208,51.5693901],[-0.183592,51.5696275],[-0.18434,51.5699662],[-0.1850024,51.5702277],[-0.1858347,51.570506],[-0.1864841,51.570696],[-0.1872776,51.5709213],[-0.1879393,51.5711085],[-0.1882391,51.5711666],[-0.188575,51.5712121],[-0.1888965,51.5712583],[-0.1893504,51.5713359],[-0.1897892,51.5714147],[-0.1904283,51.5715292],[-0.1912996,51.5716906],[-0.1920044,51.5718204],[-0.1928508,51.571968],[-0.1933372,51.5720469],[-0.1937132,51.5721202],[-0.1940244,51.5722012],[-0.1942676,51.5722757],[-0.1945426,51.5723665],[-0.1947323,51.5724319],[-0.1949238,51.5725011],[-0.1951083,51.5725773],[-0.1954007,51.5727229],[-0.1955965,51.5728175],[-0.1957,51.572861],[-0.1959498,51.5729663],[-0.1962482,51.5730857],[-0.1965341,51.5731895],[-0.1967535,51.5732619],[-0.1970314,51.573337],[-0.197272,51.5733932],[-0.1975948,51.573457],[-0.1979093,51.5735136],[-0.1982366,51.5735607],[-0.198564,51.5735895],[-0.1988396,51.5736088],[-0.1990726,51.573614],[-0.1993677,51.5736143],[-0.1995779,51.5736097],[-0.1997454,51.5736039],[-0.1999757,51.5735888],[-0.2002672,51.5735596],[-0.2005409,51.5735274],[-0.2007845,51.5734839],[-0.201169,51.5734151],[-0.2016465,51.573318],[-0.2019383,51.5732642],[-0.2021694,51.5732243],[-0.2024422,51.5731839],[-0.2027458,51.5731431],[-0.2029904,51.5731157],[-0.203392,51.5730912],[-0.20381,51.5730818],[-0.2042213,51.5730952],[-0.2046006,51.5731123],[-0.2051693,51.5731723],[-0.2056263,51.5732513],[-0.2056601,51.5732596],[-0.2059278,51.5733256],[-0.2063092,51.573425],[-0.2066729,51.5735522],[-0.206897,51.5736374],[-0.2072429,51.5737681],[-0.2074938,51.5738789],[-0.2080047,51.5741064],[-0.2084388,51.574304],[-0.2089281,51.5745261],[-0.2094179,51.5747522],[-0.2097319,51.5748894],[-0.2101431,51.5750753],[-0.2104514,51.5752184],[-0.2109593,51.5754455],[-0.2112197,51.5755662],[-0.2115652,51.5757117],[-0.2118801,51.5758541],[-0.2123342,51.5760615],[-0.2127283,51.5762307],[-0.2130273,51.5763649],[-0.2132865,51.5764719],[-0.2135904,51.5765857],[-0.2141238,51.5768127],[-0.2146113,51.5770173],[-0.2150379,51.5772029],[-0.2153946,51.5773596],[-0.2158386,51.5775566],[-0.2158723,51.5775716],[-0.2163587,51.577772],[-0.2167038,51.577914],[-0.2169238,51.5780018],[-0.2177276,51.5783211],[-0.2179222,51.5784009],[-0.2184484,51.578625],[-0.2189314,51.5788372],[-0.2193387,51.5790313],[-0.2197839,51.5792233],[-0.2202273,51.5794348],[-0.2205385,51.5795846],[-0.2209532,51.5797792],[-0.2213727,51.580003],[-0.2217992,51.5802378],[-0.2223029,51.5805163],[-0.2227164,51.5807579],[-0.2230903,51.5809746],[-0.2235248,51.5812306],[-0.2240759,51.5815662],[-0.2244699,51.5818428],[-0.2248545,51.5821019],[-0.2252887,51.5824049],[-0.2256024,51.5826177],[-0.2257597,51.5827233],[-0.2259614,51.5828684],[-0.2261193,51.5829893],[-0.2263741,51.5831834],[-0.2267886,51.5835092],[-0.2269068,51.583607],[-0.2270022,51.583686],[-0.2275057,51.5841126],[-0.2281603,51.5845568],[-0.2298957,51.5857405],[-0.232548,51.5872001],[-0.2347708,51.5882124],[-0.2386376,51.5898032],[-0.2388652,51.589899],[-0.239359,51.5900925],[-0.2398056,51.5902478],[-0.2404877,51.5904713],[-0.2411082,51.5906678],[-0.2416273,51.5908313],[-0.2421476,51.5909948],[-0.2426366,51.5911583],[-0.2432583,51.5913691],[-0.2438752,51.5916278],[-0.2444727,51.5919001],[-0.2450763,51.5922098],[-0.2458043,51.592656],[-0.2463801,51.5930303],[-0.2469837,51.5934135],[-0.2475801,51.593802],[-0.2482042,51.5942002],[-0.2489353,51.5946993],[-0.2491665,51.5948459],[-0.249555,51.5950966],[-0.2498614,51.5952946],[-0.2503217,51.5956013],[-0.2505404,51.5957549],[-0.2510908,51.5961698],[-0.2514528,51.5964673],[-0.2518923,51.596801],[-0.2521832,51.5970387],[-0.2524874,51.5972959],[-0.2527107,51.5974819],[-0.2530814,51.5977811],[-0.2533361,51.5979791],[-0.2536343,51.5981928],[-0.2539336,51.5983945],[-0.2541884,51.598552],[-0.2545892,51.598795],[-0.2551916,51.5991114],[-0.2552809,51.5991601],[-0.2557843,51.5993896],[-0.2565473,51.5997045],[-0.2574579,51.6000726],[-0.2580047,51.6002938],[-0.2582196,51.6003778],[-0.2601886,51.6011719],[-0.2612292,51.601588],[-0.2622892,51.602027],[-0.2630739,51.6023426],[-0.2635912,51.6025593],[-0.2638674,51.6026813],[-0.2642566,51.6028649],[-0.2647797,51.6031329],[-0.2653591,51.6034591],[-0.2659458,51.6038078],[-0.2664685,51.6041557],[-0.267019,51.6045591],[-0.2675526,51.6049969],[-0.267957,51.6053583],[-0.2683711,51.6057662],[-0.2687212,51.6061403],[-0.2691993,51.6067169],[-0.2696918,51.6074081],[-0.2702266,51.6081661],[-0.2705079,51.6085897],[-0.2707819,51.609029],[-0.2710572,51.6095819],[-0.2711784,51.609903],[-0.2713442,51.6105277],[-0.2714512,51.6108747],[-0.2715479,51.6111171],[-0.2715994,51.6112292],[-0.2716919,51.6114039],[-0.27183,51.6116138],[-0.2720115,51.6118479],[-0.2721291,51.6119769],[-0.2723213,51.6121674],[-0.272573,51.6123947]],[[-0.2722581,51.6121762],[-0.2724128,51.6122834],[-0.272573,51.6123947]],[[-0.2120251,51.6085637],[-0.211854,51.6085514],[-0.2115719,51.6085205],[-0.2112944,51.608479],[-0.2111094,51.6084491],[-0.2109814,51.6084304],[-0.2104935,51.6083313],[-0.2101489,51.6082557],[-0.2093448,51.6080622],[-0.2088526,51.607922],[-0.2085955,51.6078299],[-0.2082545,51.6076989],[-0.2078253,51.6075273],[-0.2073693,51.6073358],[-0.2068693,51.6071203],[-0.2066808,51.6070368],[-0.2059616,51.6067305],[-0.2054251,51.6064889],[-0.204937,51.6062807],[-0.2046151,51.6061475],[-0.2042316,51.6059909],[-0.2035968,51.6057341],[-0.2030246,51.6054707],[-0.2012133,51.604699],[-0.1998689,51.6041346],[-0.1991263,51.6038117],[-0.1982514,51.6033944],[-0.1981138,51.603326],[-0.1980746,51.6033069],[-0.1972521,51.6029279],[-0.1965193,51.6026134],[-0.1962221,51.6024814],[-0.1954902,51.602161],[-0.1946351,51.6017948],[-0.1945836,51.6017749],[-0.1941682,51.6015942],[-0.1939923,51.601512],[-0.1938307,51.6014323],[-0.193426,51.601237],[-0.1926765,51.600867]],[[-0.1950113,51.5726224],[-0.1953832,51.5727372],[-0.1955965,51.5728175]],[[-0.1954067,51.5727995],[-0.1950113,51.5726224]],[[-0.1954067,51.5727995],[-0.1951321,51.5727115],[-0.1948491,51.5726391],[-0.1945441,51.5725734],[-0.1943285,51.5725182],[-0.1940983,51.5724506],[-0.1938723,51.5723861],[-0.1935888,51.5723035],[-0.193295,51.5722254],[-0.193005,51.5721574],[-0.1926812,51.5720903],[-0.1920494,51.5719737],[-0.1915661,51.571887],[-0.1911949,51.5718187],[-0.1910017,51.5717827],[-0.190236,51.5716432],[-0.1895991,51.5715216],[-0.1891757,51.5714301],[-0.1887687,51.5713407],[-0.1882873,51.5712332],[-0.187914,51.5711543],[-0.1872429,51.5709668],[-0.1864839,51.5707545],[-0.1858068,51.5705601],[-0.1849584,51.5702775],[-0.1842896,51.5700189],[-0.1835643,51.5696841],[-0.1830528,51.5694309],[-0.1826422,51.5691898],[-0.1823241,51.5689833],[-0.1818852,51.5686768],[-0.1816265,51.5684513],[-0.1814504,51.5682504],[-0.1813158,51.5680267],[-0.1799846,51.5653716],[-0.1797732,51.5647674],[-0.1795117,51.5639871],[-0.1793772,51.5632067],[-0.1792651,51.5623799],[-0.1792128,51.5615206],[-0.1792278,51.5601874],[-0.1793157,51.5590865],[-0.1793714,51.5587781],[-0.1795117,51.55845],[-0.1796046,51.5581542],[-0.1795818,51.5579479],[-0.1795103,51.5577437],[-0.1793932,51.5575334],[-0.1792664,51.5573615],[-0.1788639,51.5570056],[-0.1784301,51.5567046],[-0.1782918,51.5566155],[-0.1781249,51.5565139],[-0.1779738,51.5564274],[-0.1778018,51.5563349],[-0.1776913,51.5562787],[-0.1772962,51.5561296],[-0.1762881,51.5557633],[-0.1753416,51.5555151],[-0.1743655,51.5552852],[-0.173456,51.555063],[-0.1725958,51.5548223],[-0.1718021,51.5545266],[-0.1711021,51.55422],[-0.1705081,51.5539488],[-0.1700545,51.5537419],[-0.1694235,51.5534384],[-0.1687457,51.5530737],[-0.1679791,51.5526813],[-0.1673186,51.5522752],[-0.1665446,51.5517556],[-0.1660467,51.5514506],[-0.1651081,51.5507722],[-0.1647824,51.5505228],[-0.164574,51.5503687],[-0.1643766,51.5502237],[-0.1640879,51.5500191],[-0.1633774,51.5496284],[-0.1625879,51.5492343],[-0.1621124,51.5489526],[-0.1617077,51.5487074],[-0.1611134,51.5483089],[-0.1600326,51.5476249],[-0.1592401,51.5472139],[-0.1584079,51.5468291],[-0.158023,51.5466793],[-0.1572693,51.5464506],[-0.1567303,51.5462398],[-0.1563698,51.5460446],[-0.1558035,51.5456951],[-0.153889,51.5444913],[-0.1534021,51.5442547],[-0.1531084,51.5441388],[-0.1521388,51.5437565],[-0.1515178,51.5435438],[-0.1508476,51.5433562],[-0.1490107,51.5429687],[-0.1478435,51.5427389],[-0.1473351,51.542588],[-0.1470595,51.5424816],[-0.1466279,51.5422925],[-0.1463418,51.5421414],[-0.1458561,51.541852],[-0.1451749,51.5414126],[-0.1443695,51.5408826],[-0.1441691,51.5407419],[-0.143902,51.5405323],[-0.1434296,51.5399969],[-0.1430587,51.5395587],[-0.1428166,51.5392707],[-0.1426229,51.5390591],[-0.1425258,51.5389302]],[[-0.1937087,51.6014609],[-0.1940791,51.6016616],[-0.194196,51.6017331],[-0.1942915,51.6018005],[-0.1944472,51.6019328],[-0.1945783,51.6020507],[-0.1946993,51.6021858],[-0.1947936,51.6023037],[-0.1948794,51.6024258],[-0.1949608,51.6025598],[-0.195013,51.6026783],[-0.1950994,51.6029471],[-0.1951212,51.603107],[-0.1951183,51.6032622],[-0.1951009,51.6033869],[-0.1950747,51.6034908],[-0.1950193,51.6036477],[-0.194941,51.6038178],[-0.1948294,51.6039749],[-0.1947061,51.604103],[-0.1945535,51.604239],[-0.1943957,51.6043647],[-0.1923916,51.6055285],[-0.191389,51.6061408],[-0.1909706,51.6064074],[-0.1902652,51.6069671],[-0.1895571,51.6076484],[-0.189227,51.6080109],[-0.1890491,51.6082244],[-0.1888874,51.6084299],[-0.1887779,51.6085912],[-0.1885445,51.6090026],[-0.1883809,51.6093657],[-0.1883337,51.6094894],[-0.188301,51.6095872],[-0.1882375,51.6097771],[-0.1880712,51.6103634],[-0.187886,51.6109164],[-0.1870355,51.6135386],[-0.1869232,51.6138559],[-0.1862587,51.6159247],[-0.1862037,51.6160838],[-0.185973,51.6167323],[-0.1857613,51.6173639],[-0.1856077,51.6177873],[-0.1854211,51.6182525],[-0.1853349,51.6184459],[-0.1850649,51.6189941],[-0.1843091,51.6203147],[-0.1834666,51.621767],[-0.1830886,51.6224127],[-0.1826433,51.6231585],[-0.182553,51.6233289],[-0.1820632,51.6241632],[-0.1812648,51.6255269],[-0.1807713,51.6263587],[-0.1803819,51.6270345],[-0.1798297,51.6279954],[-0.1794976,51.6286914],[-0.1793247,51.6292408],[-0.1792085,51.6299565],[-0.179172,51.6303695],[-0.1791639,51.6310661],[-0.1791679,51.6321218],[-0.1792583,51.6328538],[-0.1793717,51.633307],[-0.1795372,51.6337581],[-0.1797677,51.6342334],[-0.1800555,51.6347041],[-0.1804518,51.6352475],[-0.1808418,51.6357504],[-0.1813278,51.6363809],[-0.1823142,51.6376599],[-0.1830145,51.6385663],[-0.1838533,51.639663],[-0.1841914,51.6400981],[-0.1846378,51.6406772],[-0.1865125,51.6431115],[-0.1875233,51.6444287],[-0.1879594,51.6449921],[-0.1888273,51.6461204],[-0.1897749,51.6473571],[-0.1899565,51.6475947],[-0.1901733,51.6478736],[-0.1904696,51.6482102],[-0.1908042,51.6485264],[-0.1910208,51.648702],[-0.1912574,51.6488736],[-0.1916707,51.6491449],[-0.1918938,51.6492605],[-0.192077,51.6493689],[-0.1925466,51.6496336],[-0.1929757,51.6498764],[-0.1930036,51.6498925],[-0.1937772,51.6503131],[-0.1949514,51.6509737],[-0.195138,51.6510709]],[[-0.1890486,51.5713559],[-0.189278,51.5713972],[-0.1896119,51.5714563],[-0.1904125,51.5715971],[-0.1912682,51.5717561],[-0.1915009,51.5717995],[-0.1918599,51.5718665],[-0.1921021,51.5719075],[-0.1924566,51.5719748],[-0.1927895,51.5720329],[-0.1929479,51.5720626],[-0.1932716,51.5721223],[-0.1935975,51.5721901],[-0.1938005,51.5722382],[-0.1939993,51.5722926],[-0.1942718,51.5723756],[-0.19452,51.5724557],[-0.194741,51.5725266],[-0.1950113,51.5726224]],[[-0.1948903,51.4033272],[-0.1949383,51.4023892]],[[-0.1947092,51.4041324],[-0.1947543,51.4037889],[-0.1947957,51.4036486],[-0.1948571,51.4034408],[-0.1948903,51.4033272]],[[-0.1948903,51.4033272],[-0.1948064,51.4039475],[-0.1947908,51.4040534],[-0.1947923,51.404155],[-0.1947731,51.4080971],[-0.194847,51.4089006],[-0.194973,51.4096439],[-0.1953423,51.4105921],[-0.1957212,51.4115428],[-0.1958373,51.4120755],[-0.1958616,51.4124845],[-0.1958234,51.4128619],[-0.1955899,51.4132528],[-0.1951473,51.4136502],[-0.1947068,51.4140303],[-0.1941162,51.4144909],[-0.1936162,51.4147813],[-0.1933283,51.4149248],[-0.1928677,51.4151372],[-0.1926019,51.4152376],[-0.1923542,51.4153226],[-0.19195,51.4154454],[-0.1916877,51.4154991],[-0.1913877,51.4155575],[-0.1905696,51.4156549],[-0.1895932,51.4157421],[-0.1881662,51.4158478],[-0.1870577,51.4159747],[-0.1844502,51.4161542],[-0.183474,51.416213],[-0.1821614,51.4162695],[-0.1820437,51.4162848],[-0.181257,51.4164651],[-0.1805763,51.4166274],[-0.180312,51.4166819],[-0.1800252,51.4167594],[-0.179656,51.4169271],[-0.1788843,51.4173365],[-0.1786244,51.4175581],[-0.1784608,51.4177004],[-0.1783308,51.4178376],[-0.1780571,51.4181425],[-0.1778094,51.4184245],[-0.177671,51.4185691],[-0.1766783,51.4196056],[-0.1758522,51.4204713],[-0.1748698,51.4216015],[-0.17421,51.4222663],[-0.1736261,51.4228225],[-0.1733715,51.4230346],[-0.1728216,51.4234032],[-0.1711637,51.4247402],[-0.1707886,51.4250591],[-0.1705752,51.4252681],[-0.1700334,51.4258992],[-0.1696404,51.4264384],[-0.1693501,51.4267952],[-0.1689021,51.4272305],[-0.1687207,51.4274094],[-0.1683348,51.4278007],[-0.168116,51.4280174],[-0.1678506,51.4282803],[-0.1667103,51.429309],[-0.1648741,51.4311089],[-0.1641133,51.4319057],[-0.1639997,51.4320921],[-0.1638259,51.4325588],[-0.163668,51.4328858],[-0.1634983,51.4331298],[-0.1628331,51.4338029],[-0.1622379,51.4342828],[-0.1615896,51.4347251],[-0.1612817,51.434908],[-0.1605412,51.4352905],[-0.1597279,51.4356533],[-0.1593455,51.4358287],[-0.159069,51.4359799],[-0.1583958,51.4364074],[-0.1572948,51.4373159],[-0.1567395,51.4378887],[-0.1560187,51.4392919],[-0.1552579,51.4405025],[-0.153208,51.4430921],[-0.1530038,51.443328],[-0.1528869,51.4434642],[-0.1525898,51.4438246],[-0.1520684,51.4443835],[-0.1513567,51.4451882],[-0.1504217,51.4457539],[-0.1500619,51.4459856],[-0.1496692,51.4463177],[-0.1492888,51.4469089],[-0.1488235,51.4476052],[-0.1481223,51.4487849],[-0.1480183,51.4502397],[-0.1479424,51.4508135],[-0.1479005,51.4511304],[-0.1478846,51.4521304],[-0.1477741,51.452523],[-0.1476376,51.4527761],[-0.1474632,51.4530268],[-0.1473741,51.4531375],[-0.1472662,51.4532727],[-0.1461594,51.4544277],[-0.145044,51.4556254],[-0.1444366,51.4562804],[-0.1436148,51.4571666],[-0.1433326,51.4574899],[-0.142589,51.4583582],[-0.1422229,51.4587779],[-0.1415587,51.4595394],[-0.1394243,51.4609608],[-0.13834,51.4615558],[-0.138042,51.461757],[-0.1378437,51.4618954],[-0.1376593,51.4619873],[-0.1374987,51.462044],[-0.1370773,51.462173],[-0.1370442,51.4621831],[-0.1365286,51.4623392],[-0.1348002,51.4629043],[-0.1328119,51.4636377],[-0.1308527,51.4645065],[-0.1304639,51.4647289],[-0.1301018,51.464989],[-0.1299391,51.4651343],[-0.1292202,51.4659435],[-0.1282006,51.4674349],[-0.1277488,51.4680087],[-0.1266148,51.4689677],[-0.1262923,51.4691915],[-0.1252693,51.4698928],[-0.1247669,51.4702748],[-0.1243321,51.4706053],[-0.1226354,51.4721148],[-0.1225247,51.4722106],[-0.1211786,51.4734872],[-0.119997,51.4746053],[-0.1193778,51.4751913],[-0.1189546,51.4755919],[-0.1173121,51.4771461],[-0.1169089,51.47753],[-0.1152521,51.4791075],[-0.1144797,51.4798382],[-0.1131837,51.4810573],[-0.1130284,51.4812365],[-0.1125416,51.4817981],[-0.1122267,51.482153],[-0.1117746,51.4826622],[-0.1087134,51.4856582],[-0.1073654,51.4870023]],[[-0.1948256,51.650944],[-0.1946425,51.6508394],[-0.1940163,51.6504841],[-0.1929889,51.6499246],[-0.192944,51.6498984],[-0.1925207,51.6496597],[-0.1924447,51.6496197],[-0.1919805,51.6493623],[-0.1916399,51.6491621],[-0.1912125,51.6488945],[-0.1909762,51.6487208],[-0.1907688,51.6485492],[-0.1904223,51.6482275],[-0.1901224,51.6478845],[-0.1899079,51.6476036],[-0.1897246,51.6473684],[-0.1887734,51.6461314],[-0.1879049,51.6450047],[-0.1874706,51.6444398],[-0.1864564,51.6431211],[-0.1845819,51.6406893],[-0.1841399,51.6401113],[-0.1838039,51.6396781],[-0.1834491,51.6392257],[-0.1829509,51.638573],[-0.1822619,51.637675],[-0.1812597,51.6363797],[-0.1807849,51.6357579],[-0.1804049,51.635262],[-0.1800058,51.6347165],[-0.17972,51.6342461],[-0.1794842,51.6337638],[-0.179318,51.6333127],[-0.1792017,51.6328555],[-0.1791136,51.6321244],[-0.1791197,51.631064],[-0.179134,51.6303684],[-0.1791655,51.6299557],[-0.1792663,51.6292313],[-0.1794432,51.6286811],[-0.1797701,51.6279873],[-0.1803252,51.6270185],[-0.1807216,51.626343],[-0.1812122,51.6255173],[-0.1820107,51.6241503],[-0.1824967,51.6233146],[-0.182598,51.6231472],[-0.1830323,51.6224041],[-0.1833952,51.6217504],[-0.1842678,51.6203082],[-0.1850221,51.6189851],[-0.1852927,51.6184426],[-0.1853742,51.6182435],[-0.185563,51.617782],[-0.1857122,51.6173592],[-0.1859168,51.6167341],[-0.1861459,51.6160805],[-0.1861961,51.6159196],[-0.1868707,51.6138556],[-0.1869801,51.6135369],[-0.1880066,51.6103624],[-0.1881731,51.6097621],[-0.1882772,51.6094751],[-0.1884963,51.6089984],[-0.1886211,51.6087655],[-0.1887219,51.6085775],[-0.188857,51.6083986],[-0.1890968,51.6080355],[-0.1893985,51.6076813],[-0.1897997,51.6072801],[-0.1901549,51.606953],[-0.1909328,51.6063684],[-0.1913887,51.6060655],[-0.1942017,51.6044429],[-0.1944084,51.6043036],[-0.1945912,51.6041419],[-0.1947882,51.6039294],[-0.1948564,51.6038295],[-0.194967,51.6036307],[-0.1950263,51.6034691],[-0.1950544,51.6033138],[-0.1950617,51.603148],[-0.1950561,51.602989],[-0.1949619,51.6026705],[-0.1948848,51.6025289],[-0.1947906,51.6023749],[-0.1946792,51.6022263],[-0.1945231,51.6020587],[-0.1943895,51.6019376],[-0.1942456,51.6018189],[-0.194114,51.6017318],[-0.1939769,51.6016431],[-0.1938557,51.6015737],[-0.1937022,51.6015007],[-0.1932038,51.6012784],[-0.1925518,51.600967],[-0.1919441,51.6006832],[-0.1910632,51.6002797],[-0.1908172,51.6001744],[-0.1903288,51.59997],[-0.1887389,51.5993053],[-0.1876285,51.5988605],[-0.1864697,51.598374],[-0.1851984,51.5978375],[-0.1840799,51.597341],[-0.1818737,51.5964184],[-0.1809766,51.5960147],[-0.1792335,51.5952862],[-0.1769881,51.5943218],[-0.1748477,51.593392],[-0.1730479,51.5925972],[-0.1728285,51.5924899],[-0.1714682,51.5917823],[-0.170701,51.5913291],[-0.1694887,51.5905392],[-0.1688235,51.5900626],[-0.1679868,51.5894445],[-0.1669781,51.5886428],[-0.1664487,51.5882412],[-0.1662191,51.5881045],[-0.1658865,51.5879229],[-0.1652068,51.5875728],[-0.1646125,51.5872342],[-0.1644371,51.5871256],[-0.1642918,51.5870357],[-0.1638677,51.5867828],[-0.1634599,51.5865579],[-0.162821,51.5862428],[-0.1624074,51.5860301],[-0.1622249,51.5859421],[-0.1617651,51.5856941],[-0.1613133,51.5854164],[-0.1609521,51.5851675],[-0.1598402,51.5844575],[-0.1582592,51.5836136],[-0.1519613,51.5802119],[-0.1476489,51.5784179],[-0.1468234,51.5780772],[-0.1464578,51.5779247],[-0.1458277,51.5776619],[-0.1452411,51.5774118],[-0.1446478,51.5770629],[-0.1442158,51.5767051],[-0.1436281,51.5761089],[-0.1407087,51.5731288],[-0.1396898,51.5720882],[-0.137755,51.5699647],[-0.1373499,51.569535],[-0.1369771,51.5691164],[-0.1365045,51.5685576],[-0.1359259,51.5677868],[-0.135591,51.5673064],[-0.1351217,51.5666664],[-0.1349552,51.5663401],[-0.1348603,51.5660598],[-0.1347307,51.5655378],[-0.1347353,51.565286],[-0.1347906,51.5650137],[-0.1349317,51.5646488],[-0.1355405,51.5636147],[-0.1362844,51.5622573],[-0.1369001,51.5611387],[-0.1371898,51.5605494],[-0.1375555,51.5595046],[-0.1377832,51.5585142],[-0.1379893,51.5577641],[-0.1382656,51.5571186],[-0.1383349,51.5569769],[-0.138356,51.5569343],[-0.138371,51.5569079],[-0.1384043,51.5568487],[-0.1387568,51.5562795],[-0.1395186,51.5552335],[-0.1400013,51.5545186],[-0.1405168,51.5538237],[-0.1406528,51.5535761],[-0.1408473,51.5531753],[-0.1409725,51.5527687],[-0.1410941,51.5520954],[-0.1410706,51.5517077],[-0.1410275,51.5514729],[-0.1408173,51.550944],[-0.1407567,51.5506794],[-0.1407436,51.5503331],[-0.1407613,51.5499534],[-0.1409074,51.5494254],[-0.1412016,51.5483599],[-0.1413975,51.5477468],[-0.1417219,51.5466554],[-0.1417618,51.5464347],[-0.1417219,51.5459379],[-0.1416545,51.5456212],[-0.14159,51.5454689],[-0.1415253,51.5452431],[-0.1414514,51.544971],[-0.1414277,51.5448494],[-0.1414107,51.5447271],[-0.1414201,51.5445965]],[[-0.1948208,51.4023874],[-0.1947802,51.4031924]],[[-0.1946906,51.4031912],[-0.1947148,51.4032565],[-0.1947474,51.4033176],[-0.1947831,51.4034074],[-0.1947954,51.4034896]],[[-0.1947802,51.4031924],[-0.1947932,51.4033575],[-0.1947954,51.4034896],[-0.1947957,51.4036486],[-0.1947908,51.4040534]],[[-0.1947086,51.4034911],[-0.1947211,51.4034048],[-0.1947474,51.4033176],[-0.1947692,51.403257],[-0.1947802,51.4031924]],[[-0.1071323,51.4870701],[-0.1072479,51.486945],[-0.1073112,51.486853],[-0.107401,51.4866795],[-0.1074862,51.4865687],[-0.1113793,51.4827405],[-0.1120687,51.4821103],[-0.1123223,51.481841],[-0.1130726,51.4810041],[-0.1144397,51.4798212],[-0.1152116,51.4790909],[-0.1168683,51.4775135],[-0.1172716,51.4771295],[-0.1189141,51.4755753],[-0.1193373,51.4751747],[-0.1211381,51.4734706],[-0.1224818,51.4721981],[-0.1232966,51.4714602],[-0.1242936,51.470587],[-0.1247294,51.4702557],[-0.1252326,51.4698731],[-0.1262563,51.4691713],[-0.1265772,51.4689486],[-0.1274393,51.4682196],[-0.1277072,51.467993],[-0.128109,51.4674827],[-0.1281565,51.4674224],[-0.1291559,51.4659426],[-0.1296428,51.4653766],[-0.1298918,51.4651246],[-0.1300635,51.4649704],[-0.1304291,51.4647078],[-0.1308221,51.464483],[-0.1327855,51.4636124],[-0.133148,51.4634787],[-0.1347759,51.4628782],[-0.1364994,51.4623027],[-0.1370172,51.4621485],[-0.1374485,51.4620215],[-0.1374806,51.462012],[-0.1376298,51.4619559],[-0.1377823,51.4618717],[-0.1378481,51.4618258],[-0.1378998,51.4617897],[-0.1379809,51.4617331],[-0.1382813,51.4615303],[-0.1388697,51.4611995],[-0.1393657,51.4609353],[-0.1414932,51.4595184],[-0.14252,51.4583413],[-0.1431273,51.4576321],[-0.1432636,51.457473],[-0.1435462,51.4571492],[-0.1449758,51.4556076],[-0.1460914,51.4544097],[-0.1465439,51.4539375],[-0.1465808,51.453899],[-0.1471973,51.4532556],[-0.1473042,51.4531216],[-0.1473332,51.4530856],[-0.1473927,51.4530117],[-0.147572,51.4527513],[-0.1477012,51.4525117],[-0.14778,51.4522647],[-0.147823,51.4521274],[-0.1478246,51.451129],[-0.1478667,51.4508106],[-0.1479426,51.4502369],[-0.1480051,51.4490408],[-0.1480163,51.4489571],[-0.1480253,51.4488776],[-0.1480397,51.4488249],[-0.1480523,51.4487692],[-0.1487346,51.4475908],[-0.1492133,51.4468922],[-0.1496033,51.4462982],[-0.1500049,51.4459604],[-0.1503941,51.4457207],[-0.1512747,51.445168],[-0.1519954,51.4443705],[-0.152462,51.4437904],[-0.15275,51.443447],[-0.1528186,51.4433718],[-0.15296,51.443199],[-0.1531195,51.4430038],[-0.1533013,51.4427826],[-0.155187,51.4404878],[-0.1559461,51.43928],[-0.1566684,51.4378739],[-0.1572287,51.4372959],[-0.1583335,51.4363843],[-0.1589128,51.4360081],[-0.1590407,51.4359333],[-0.1592987,51.4357824],[-0.1598208,51.4355269],[-0.1604979,51.4352418],[-0.1612097,51.4348656],[-0.1615151,51.4346777],[-0.1621663,51.4342415],[-0.1627351,51.4337909],[-0.1634107,51.4331139],[-0.1635821,51.4328656],[-0.1637225,51.4325488],[-0.1639167,51.4320762],[-0.1640189,51.4318777],[-0.1647738,51.4310947],[-0.1666569,51.4292455],[-0.167733,51.428231],[-0.167951,51.4279696],[-0.1681201,51.4278007],[-0.1682369,51.4276917],[-0.1686018,51.427371],[-0.1686453,51.4273327],[-0.1688352,51.4272054],[-0.169267,51.4267819],[-0.1695516,51.4264251],[-0.1699563,51.4258837],[-0.1705558,51.4251757],[-0.1706979,51.4250323],[-0.1732946,51.4230177],[-0.1735554,51.4227962],[-0.1738595,51.4225175],[-0.1741451,51.4222527],[-0.1748559,51.421495],[-0.1757839,51.4204536],[-0.1766109,51.419587],[-0.1771036,51.4190825],[-0.1776467,51.4184226],[-0.1779011,51.4181291],[-0.1779297,51.4180961],[-0.1781953,51.4178313],[-0.1783738,51.4176668],[-0.1785574,51.4175172],[-0.1788199,51.4173148],[-0.1796201,51.4169036],[-0.1799872,51.4167279],[-0.1802979,51.4166401],[-0.1805478,51.4165802],[-0.1808571,51.4165111],[-0.1820346,51.4162393],[-0.1821673,51.4162268],[-0.1836603,51.416149],[-0.1860716,51.4159848],[-0.1870526,51.4159117],[-0.188166,51.415798],[-0.1895963,51.4156937],[-0.1905944,51.4156062],[-0.1913535,51.4155232],[-0.1916553,51.4154595],[-0.191898,51.4153956],[-0.1922929,51.4152575],[-0.1924922,51.415185],[-0.192745,51.4150873],[-0.1929729,51.414988],[-0.1932934,51.4148483],[-0.1937658,51.4146188],[-0.1940562,51.4144661],[-0.1946426,51.4140087],[-0.1950819,51.4136297],[-0.1955202,51.4132362],[-0.1957482,51.4128544],[-0.1957857,51.4124841],[-0.1957616,51.4120785],[-0.1956462,51.4115495],[-0.1952681,51.4106006],[-0.1948979,51.40965],[-0.1947713,51.4089035],[-0.1946973,51.4080981],[-0.1947051,51.4042498],[-0.1947053,51.404159],[-0.1947092,51.4041324]],[[-0.1947092,51.4041324],[-0.1947086,51.4034911],[-0.1947071,51.4033833],[-0.1947049,51.4033083],[-0.1946989,51.4032429],[-0.1946906,51.4031912]],[[-0.1946906,51.4031912],[-0.1946699,51.4030814],[-0.1946558,51.4029666],[-0.1946509,51.4028689],[-0.1946534,51.4027484],[-0.194665,51.4025478],[-0.1946872,51.402391]],[[-0.1937087,51.6014609],[-0.1939563,51.6015546],[-0.1943636,51.6016909],[-0.1944794,51.6017333],[-0.1945836,51.6017749]],[[-0.1425566,51.5389404],[-0.1425356,51.5391473],[-0.1425014,51.5393143],[-0.1424036,51.5396902],[-0.1423407,51.5399763],[-0.1422254,51.5406844],[-0.1421324,51.5412732],[-0.1419658,51.5423176],[-0.1418092,51.5428567],[-0.141646,51.5436016],[-0.141491,51.5441371],[-0.1414719,51.5443796],[-0.1414799,51.5444525],[-0.1414942,51.5447498],[-0.1415118,51.5448371],[-0.1415775,51.5450107],[-0.1416531,51.5452497],[-0.1417204,51.5454148],[-0.1418264,51.5456071],[-0.1418947,51.5459281],[-0.1419357,51.5464381],[-0.1418935,51.5466712],[-0.1415678,51.5477671],[-0.1413721,51.5483795],[-0.1410783,51.5494436],[-0.1408672,51.5499024],[-0.1406872,51.5501013],[-0.1406006,51.5503317],[-0.1405972,51.5508573],[-0.1407678,51.5510352],[-0.1410547,51.5511971],[-0.1411985,51.5514538],[-0.1412436,51.5516995],[-0.1412679,51.5520994],[-0.1411441,51.5527849],[-0.1410159,51.5532011],[-0.1408179,51.5536091],[-0.140678,51.5538638],[-0.14016,51.5545621],[-0.1396776,51.5552766],[-0.1389168,51.5563211],[-0.1385671,51.5568859],[-0.1385346,51.5569437],[-0.1385207,51.5569681],[-0.1385007,51.5570084],[-0.1384324,51.5571482],[-0.1381589,51.5577871],[-0.1379545,51.5585309],[-0.1377263,51.5595237],[-0.1373577,51.5605767],[-0.1370651,51.5611719],[-0.1364485,51.5622921],[-0.135704,51.5636506],[-0.135098,51.56468],[-0.134967,51.5650326],[-0.1349111,51.5652497],[-0.1349379,51.5655179],[-0.1350666,51.5660364],[-0.1351582,51.5663069],[-0.1353177,51.5666195],[-0.1357826,51.5672535],[-0.1361171,51.5677333],[-0.1366924,51.5684997],[-0.1371616,51.5690545],[-0.1375321,51.5694705],[-0.1379366,51.5698997],[-0.1398706,51.5720222],[-0.1408878,51.5730611],[-0.143807,51.576041],[-0.1443894,51.5766318],[-0.1448048,51.5769759],[-0.1453732,51.5773102],[-0.1459454,51.5775541],[-0.1465746,51.5778165],[-0.1469398,51.5779689],[-0.1477652,51.5783095],[-0.1520889,51.5801082],[-0.1583963,51.583515],[-0.1599768,51.5843587],[-0.1610908,51.5850589],[-0.1621096,51.5855951],[-0.162481,51.5857802],[-0.1628081,51.5859767],[-0.1632161,51.5862113],[-0.1635168,51.5863726],[-0.163775,51.5865067],[-0.1642559,51.5867414],[-0.1646804,51.5869588],[-0.1650691,51.5871633],[-0.1654115,51.5873739],[-0.1657322,51.587587],[-0.1659911,51.587748],[-0.1662271,51.5879346],[-0.1665463,51.5881779],[-0.1667048,51.5883009],[-0.166903,51.5884546],[-0.1677345,51.5890828],[-0.1682549,51.5894911],[-0.1689415,51.590011],[-0.1694268,51.5904227],[-0.1699506,51.5907883],[-0.1702973,51.5910303],[-0.1709517,51.5914302],[-0.1719495,51.5919835],[-0.1728806,51.5924588],[-0.17313,51.5925753],[-0.1735347,51.5927688],[-0.1784435,51.5948963],[-0.1792136,51.5952245],[-0.181923,51.5963903],[-0.184129,51.5973179],[-0.1864754,51.598325],[-0.1876696,51.5988176],[-0.1885597,51.59914],[-0.1889615,51.5992954],[-0.1902919,51.5998535],[-0.1908139,51.6000772],[-0.1912363,51.6002996],[-0.1915229,51.6004321],[-0.1919654,51.6006572],[-0.1925736,51.600946],[-0.1930806,51.6011903],[-0.1937087,51.6014609]],[[-0.1661322,51.5879338],[-0.1659723,51.5878313],[-0.165476,51.5875408],[-0.1650348,51.5872861],[-0.1644317,51.5869598]],[[-0.1659279,51.5878697],[-0.1657707,51.5877691],[-0.165441,51.5875688],[-0.1652754,51.5874682],[-0.1648431,51.5872196],[-0.1644444,51.5870061]],[[-0.1441872,51.4790816],[-0.1423914,51.4799625],[-0.1423141,51.4799973],[-0.1422006,51.4800561],[-0.1416081,51.4803279]],[[-0.1415276,51.480252],[-0.1421134,51.4799719],[-0.1438791,51.4790947]],[[-0.1420298,51.5380154],[-0.1421334,51.5381013],[-0.1423536,51.5382534],[-0.1425416,51.538412],[-0.142649,51.538536],[-0.1427329,51.5386978],[-0.1427771,51.5388024],[-0.142837,51.5389617],[-0.142857,51.5390779],[-0.1428751,51.5391981]],[[-0.1425372,51.5386159],[-0.1425992,51.5387658],[-0.1426438,51.5388824],[-0.1427913,51.5390945],[-0.1428751,51.5391981]],[[-0.1425372,51.5386159],[-0.1425611,51.5387592],[-0.1425566,51.5389404]],[[-0.1425566,51.5389404],[-0.1425338,51.5387581],[-0.1424867,51.5386083],[-0.1423569,51.5383903],[-0.1420298,51.5380154]],[[-0.1393228,51.5353893],[-0.1395519,51.5356207],[-0.142041,51.5379164],[-0.1425372,51.5386159]],[[-0.1425258,51.5389302],[-0.1424977,51.5388661],[-0.1424843,51.5387922],[-0.1424721,51.5387271],[-0.1424454,51.5386541],[-0.1423493,51.5385245],[-0.1421287,51.5383039],[-0.1418988,51.5380439]],[[-0.1425258,51.5389302],[-0.1424858,51.5388674],[-0.1424454,51.5387917],[-0.1424188,51.538708],[-0.142399,51.5385961]],[[-0.142376,51.5391387],[-0.142399,51.5385961]],[[-0.142399,51.5385961],[-0.1423646,51.5384904],[-0.14232,51.538403],[-0.1421479,51.5382082],[-0.1419358,51.5379449],[-0.1394743,51.5356524],[-0.1392015,51.5353732]],[[-0.1414201,51.5445965],[-0.1413999,51.5441348],[-0.1415562,51.5436098],[-0.1417195,51.5428537],[-0.1418758,51.5423092],[-0.1419974,51.5412744],[-0.1422164,51.5399631],[-0.1423225,51.53946],[-0.1423338,51.5393789],[-0.142376,51.5391387]],[[-0.142376,51.5391387],[-0.142371,51.5389405],[-0.1423539,51.5388048],[-0.1423345,51.5387256],[-0.1422972,51.538629],[-0.1421481,51.5383988],[-0.1418988,51.5380439]],[[-0.1420298,51.5380154],[-0.1416842,51.5375986],[-0.1412747,51.5371833],[-0.1397863,51.5358371],[-0.1393283,51.5353716]],[[-0.1418988,51.5380439],[-0.1415234,51.5375979],[-0.1411568,51.5372221],[-0.1396692,51.5358747],[-0.1391752,51.5353624]],[[-0.1411037,51.4804531],[-0.1413656,51.4803901],[-0.1415138,51.4803544],[-0.1416081,51.4803279]],[[-0.1416081,51.4803279],[-0.1412106,51.4805255],[-0.1411132,51.4805693],[-0.1404689,51.4808318],[-0.1399662,51.4810029],[-0.1395649,51.4811213],[-0.139204,51.4812078],[-0.1387474,51.4812888],[-0.1382726,51.4813553],[-0.1378615,51.4813905],[-0.1372368,51.4814306],[-0.1367359,51.4814388],[-0.135727,51.4813991],[-0.1350637,51.4813231],[-0.1338417,51.4811018],[-0.1328324,51.4808966],[-0.1311348,51.4805644],[-0.130543,51.4804457],[-0.1285787,51.4800567],[-0.1283125,51.480004],[-0.1275076,51.479853],[-0.1268078,51.4797536],[-0.1264165,51.4797137],[-0.1259505,51.4796913],[-0.1251772,51.4797249],[-0.1245066,51.4798017],[-0.1241288,51.4798658],[-0.1229256,51.4800977],[-0.1218836,51.4803109],[-0.1211055,51.4804631],[-0.1196128,51.4807533],[-0.118114,51.4810492],[-0.116203,51.4814391],[-0.115616,51.4816046],[-0.1149668,51.4818596],[-0.1143241,51.4822032],[-0.113809,51.4825542],[-0.1135051,51.4828173],[-0.1130851,51.4832998],[-0.1128575,51.4836813],[-0.1124967,51.4844752],[-0.1122621,51.4848844],[-0.1121206,51.4850951],[-0.1118577,51.485364],[-0.1112792,51.4858368],[-0.1108103,51.4861153],[-0.1103376,51.4863519],[-0.1101861,51.4864093],[-0.1099105,51.4865175],[-0.1094359,51.4866664],[-0.1086723,51.4868693],[-0.1082665,51.4870026],[-0.1080736,51.487082],[-0.1078815,51.4871536],[-0.1076874,51.4872164],[-0.1075398,51.487286],[-0.1073097,51.487413],[-0.1070866,51.4875318],[-0.1068417,51.4876687]],[[-0.1064414,51.4875283],[-0.1066219,51.4872779],[-0.1066988,51.4871647],[-0.1067937,51.4869276],[-0.1068521,51.4866532],[-0.1069082,51.4860502],[-0.1068851,51.4858756],[-0.1068828,51.4856555],[-0.106897,51.4854737],[-0.1069332,51.4852642],[-0.1069838,51.4850639],[-0.1071171,51.4847411],[-0.1073985,51.4842568],[-0.1076509,51.4839253],[-0.1081129,51.4834575],[-0.1084231,51.4832198],[-0.1090111,51.4828367],[-0.1095988,51.4825342],[-0.1101179,51.482312],[-0.1107649,51.482111],[-0.1111699,51.4820031],[-0.1115785,51.4819106],[-0.1122758,51.4817731],[-0.1125206,51.4817255],[-0.113659,51.4815318],[-0.1138694,51.481496],[-0.1146899,51.4813536],[-0.1161192,51.4810998],[-0.1161682,51.4810913],[-0.1174423,51.4808698],[-0.1212467,51.4802039],[-0.1218202,51.4800992],[-0.1227499,51.479933],[-0.1237348,51.479772],[-0.1237846,51.4797639],[-0.1241818,51.4796939],[-0.1245303,51.4796372],[-0.1250993,51.4795698],[-0.1258002,51.4795397],[-0.1264872,51.4795649],[-0.1271105,51.4796125],[-0.1278692,51.4797356],[-0.1282145,51.4797958],[-0.1304351,51.4802358],[-0.1321309,51.4805616],[-0.1327529,51.4806916],[-0.1334825,51.4808434],[-0.1345389,51.4810239],[-0.1357736,51.4811482],[-0.1367445,51.4811794],[-0.1377171,51.4811588],[-0.138629,51.4810986],[-0.1390352,51.4810589],[-0.1394619,51.4809903],[-0.1397937,51.4809166],[-0.140371,51.4807353],[-0.1411037,51.4804531],[-0.1412414,51.4803933],[-0.1415276,51.480252]],[[-0.1415276,51.480252],[-0.1414509,51.4803087],[-0.1413656,51.4803901],[-0.1412743,51.4804766],[-0.1412106,51.4805255]],[[-0.1347307,51.5655378],[-0.1347353,51.565286],[-0.1347906,51.5650137],[-0.1349317,51.5646488],[-0.1355405,51.5636147],[-0.1362844,51.5622573],[-0.1369001,51.5611387],[-0.1371898,51.5605494],[-0.1375555,51.5595046],[-0.1377832,51.5585142],[-0.1379893,51.5577641],[-0.1382656,51.5571186],[-0.1383349,51.5569769],[-0.138356,51.5569343],[-0.138371,51.5569079],[-0.1384043,51.5568487],[-0.1387568,51.5562795],[-0.1395186,51.5552335],[-0.1400013,51.5545186],[-0.1405168,51.5538237],[-0.1406528,51.5535761],[-0.1408473,51.5531753],[-0.1409725,51.5527687],[-0.1410941,51.5520954],[-0.1410706,51.5517077],[-0.1410275,51.5514729],[-0.1408173,51.550944],[-0.1407567,51.5506794],[-0.1407436,51.5503331],[-0.1407613,51.5499534],[-0.1409074,51.5494254],[-0.1412016,51.5483599],[-0.1413975,51.5477468],[-0.1417219,51.5466554],[-0.1417618,51.5464347],[-0.1417219,51.5459379],[-0.1416545,51.5456212],[-0.14159,51.5454689],[-0.1415253,51.5452431],[-0.1414514,51.544971],[-0.1414277,51.5448494],[-0.1414107,51.5447271],[-0.1414201,51.5445965]],[[-0.1393283,51.5353716],[-0.1393228,51.5353893]],[[-0.1393283,51.5353716],[-0.13881,51.5346716],[-0.1385393,51.5343579],[-0.1371762,51.5330935],[-0.1343383,51.5304611],[-0.1341352,51.5302295],[-0.1339146,51.5299207],[-0.1338223,51.529729],[-0.1337992,51.5295171],[-0.1338665,51.5291214],[-0.1340017,51.5288297],[-0.1342045,51.5285152],[-0.1344617,51.5282527],[-0.1346152,51.5281114],[-0.1348313,51.5279423],[-0.1352413,51.5276987],[-0.1374833,51.5267976],[-0.1378183,51.5266832],[-0.1380141,51.526604],[-0.1381804,51.5265107],[-0.1383245,51.5263982],[-0.1384237,51.526255],[-0.1384925,51.5260638],[-0.138513,51.5257874],[-0.1384299,51.5253418],[-0.138304,51.5250264],[-0.1380159,51.5245174],[-0.1373356,51.5236732],[-0.1366273,51.5228698],[-0.1343582,51.520515],[-0.1324922,51.5187324],[-0.1309526,51.5171398],[-0.1307839,51.5169443],[-0.1303988,51.5160538],[-0.1303793,51.5160063],[-0.1302009,51.5155774],[-0.1299979,51.515153],[-0.1294773,51.5138276],[-0.12938,51.5135933],[-0.1291909,51.5132419],[-0.1291296,51.5131345],[-0.1288023,51.5125841],[-0.128653,51.5123143],[-0.1286053,51.5122221],[-0.1285625,51.5121199],[-0.1285331,51.5120137],[-0.1285274,51.5119869],[-0.1285118,51.5118987],[-0.1284842,51.5116581],[-0.1284718,51.5115062],[-0.1284835,51.5108256],[-0.1284851,51.5103807],[-0.1284626,51.5102741],[-0.1284162,51.5101485],[-0.1282866,51.5099373],[-0.1281112,51.5097636],[-0.1278486,51.5095884],[-0.1276055,51.5094715],[-0.127136,51.509292],[-0.1267081,51.5091443],[-0.1262713,51.5089935],[-0.1260127,51.5088889],[-0.1255408,51.5086659],[-0.1250146,51.5083831],[-0.1248354,51.5082951],[-0.1246049,51.5081928],[-0.1243824,51.5081166],[-0.1240778,51.5080188],[-0.1235663,51.5078884],[-0.1234084,51.5078326],[-0.1232448,51.5077585],[-0.1229333,51.5075874],[-0.1226906,51.5074574],[-0.1225508,51.5073906],[-0.1224029,51.5073256],[-0.1221357,51.5072381],[-0.1219211,51.5071745],[-0.1217064,51.5071251],[-0.1215826,51.5071034],[-0.1211646,51.5070353],[-0.1209649,51.5070038],[-0.1206399,51.5069466],[-0.1203169,51.5068794],[-0.1196735,51.5067262],[-0.1190472,51.506567],[-0.1185249,51.5063983],[-0.1180508,51.5062203],[-0.1174082,51.5059817],[-0.1170923,51.5058477],[-0.1166345,51.5056214],[-0.1162416,51.5053785],[-0.1158839,51.5050501],[-0.1157239,51.5049219],[-0.1154623,51.5046551],[-0.1152007,51.5043738],[-0.115006,51.5041518],[-0.1147799,51.5038951],[-0.1145223,51.5035244],[-0.1133096,51.5017264],[-0.1128607,51.5010988],[-0.1126544,51.5008708],[-0.1123887,51.5005269],[-0.112116,51.5001764],[-0.1119076,51.4999004],[-0.1117534,51.4996152],[-0.111681,51.4995214],[-0.1109312,51.4985498],[-0.110008,51.4971434],[-0.1098895,51.4969648],[-0.1095656,51.4965194],[-0.1089651,51.4956802],[-0.108416,51.4949609],[-0.1082056,51.4946453],[-0.1080406,51.4943656],[-0.1078298,51.4940658],[-0.1074809,51.4935865],[-0.1068951,51.4927722],[-0.1064562,51.4921404],[-0.1061327,51.4916694],[-0.1056522,51.491009],[-0.1054517,51.4907252],[-0.1053524,51.4906177],[-0.1052605,51.4903572],[-0.1051753,51.4901004],[-0.1051733,51.4898712],[-0.1052184,51.4896087],[-0.1052972,51.489403],[-0.1054472,51.4891727],[-0.1055079,51.4890443],[-0.1055447,51.4889988],[-0.1056206,51.488905],[-0.1056579,51.4888661],[-0.1057708,51.4887485],[-0.1064265,51.4880785],[-0.1067444,51.4877537],[-0.1068417,51.4876687]],[[-0.1073654,51.4870023],[-0.1071102,51.4872271],[-0.1066318,51.4876932],[-0.1056501,51.4887057],[-0.1052639,51.4891335],[-0.1045075,51.4899406],[-0.1031577,51.4912847],[-0.1027231,51.4916481],[-0.1019344,51.4922305],[-0.1012656,51.4927172],[-0.1010434,51.4929824],[-0.1008995,51.4931995],[-0.1008416,51.4933216],[-0.1007545,51.4938824],[-0.1006439,51.4944787],[-0.1006278,51.4945675],[-0.1006184,51.4946463],[-0.1006167,51.4946711],[-0.1005974,51.4949545],[-0.1005647,51.4954364],[-0.1005185,51.4955941],[-0.1004246,51.4957945],[-0.1001939,51.4961134],[-0.0999364,51.4964541],[-0.0996666,51.4967719],[-0.0994,51.4971003],[-0.0979355,51.4984278],[-0.0973078,51.4989254],[-0.0968116,51.4992477],[-0.0961786,51.49961],[-0.0956931,51.4998738],[-0.0934106,51.5010885],[-0.0925979,51.5017739],[-0.0924691,51.5019325],[-0.0924155,51.5020294],[-0.0922871,51.5023084],[-0.0921231,51.5026071],[-0.0914097,51.5035187],[-0.0910721,51.503831],[-0.0907422,51.5040781],[-0.0894011,51.5050181],[-0.0885535,51.5057109],[-0.0883075,51.5059043],[-0.0881214,51.506043],[-0.087714,51.5063053],[-0.0874779,51.5064522],[-0.0871668,51.5066425],[-0.0869254,51.5069263],[-0.0867181,51.5074273],[-0.0866516,51.5078819],[-0.0866365,51.5083587],[-0.0866481,51.5085864],[-0.0867331,51.5087794],[-0.0868838,51.5090333],[-0.0870832,51.5093558],[-0.0870989,51.5094249],[-0.0870748,51.5096394],[-0.0870292,51.5097989],[-0.0868575,51.510259],[-0.0868199,51.510393],[-0.0867985,51.5105372],[-0.0867958,51.5106567],[-0.0867792,51.5108016],[-0.0867902,51.510862],[-0.0868153,51.510907],[-0.0869254,51.5110653],[-0.0872036,51.5114563],[-0.0873714,51.5116749],[-0.0876995,51.5120856],[-0.088063,51.5125407],[-0.0885199,51.5130454],[-0.089508,51.5144517],[-0.089569,51.5145109],[-0.0896667,51.5146354],[-0.0897226,51.5147169],[-0.0897258,51.5148042],[-0.089714,51.5148582],[-0.0891509,51.5163785],[-0.088781,51.5172167],[-0.0886747,51.5174251],[-0.0885888,51.5175753],[-0.0882715,51.5183194],[-0.088233,51.5185136],[-0.0882115,51.5185899],[-0.0878239,51.5193162],[-0.0876603,51.5197309],[-0.0875071,51.5200759],[-0.0870991,51.5218693],[-0.0871213,51.5222245],[-0.0874804,51.5238527],[-0.0875184,51.5241632],[-0.0875581,51.5244787],[-0.0876272,51.52532],[-0.0876725,51.5256365],[-0.0880649,51.5266866],[-0.0882994,51.5269878],[-0.0887608,51.5273266],[-0.0911889,51.5279901],[-0.0977697,51.5296713],[-0.1018847,51.5308225],[-0.1025505,51.5309626],[-0.1037139,51.5311891],[-0.1047485,51.5313868],[-0.1056545,51.5315599],[-0.1061802,51.5316491],[-0.1066898,51.5317386],[-0.1071171,51.5317952],[-0.1075033,51.5318304],[-0.1079169,51.5318417],[-0.109252,51.5318041],[-0.1136127,51.5313617],[-0.1191042,51.5309482],[-0.1223318,51.5306775],[-0.1234513,51.5305833],[-0.1239327,51.5305679],[-0.1243368,51.5305509],[-0.1250912,51.5305182],[-0.1261939,51.530485],[-0.1271316,51.5304161],[-0.1275682,51.5303768],[-0.1280654,51.5303008],[-0.1284111,51.53021],[-0.1287323,51.5300697],[-0.1291232,51.5298841],[-0.1295623,51.5295944],[-0.1302629,51.5291323],[-0.1308044,51.5288225],[-0.1313367,51.52859],[-0.131945,51.5284038],[-0.1326952,51.5281779],[-0.1331245,51.5280303],[-0.1334074,51.5279493],[-0.1336718,51.5278852],[-0.1339631,51.5278236],[-0.1343707,51.5277564],[-0.1346789,51.5277248],[-0.1350359,51.5277197],[-0.1353852,51.5277398],[-0.1357257,51.5277962],[-0.1360561,51.5279016],[-0.1365457,51.5281018],[-0.1369346,51.5282663],[-0.1370464,51.528334],[-0.1373447,51.528541],[-0.1375885,51.5287846],[-0.1378185,51.5290716],[-0.138699,51.5306469],[-0.1389544,51.5313234],[-0.1390271,51.5316064],[-0.1392046,51.5322676],[-0.1392374,51.5324916],[-0.1392449,51.5327455],[-0.13909,51.5343298],[-0.1390584,51.534611],[-0.1390546,51.5347814],[-0.1390678,51.5349254],[-0.1390988,51.5350354],[-0.139159,51.5351738],[-0.1393228,51.5353893]],[[-0.1392015,51.5353732],[-0.1390648,51.5351924],[-0.1390092,51.5350537],[-0.1389741,51.5349385],[-0.1389445,51.5347842],[-0.138938,51.534605],[-0.1389688,51.5343195],[-0.1390981,51.5327454],[-0.139077,51.5324966],[-0.1390477,51.5322787],[-0.1388783,51.5316063],[-0.1388048,51.5313316],[-0.1385423,51.5306635],[-0.1376611,51.5291064],[-0.1374358,51.5288147],[-0.1372382,51.528604],[-0.1369531,51.5283956],[-0.1368255,51.5283101],[-0.1364904,51.5281741],[-0.1359684,51.5280857],[-0.1354246,51.528059],[-0.1350349,51.5280875],[-0.1346595,51.5281412],[-0.1343061,51.5282137],[-0.1338819,51.528328],[-0.1335473,51.5284454],[-0.1331854,51.528577],[-0.1324887,51.5287875],[-0.1316731,51.5290462],[-0.1309924,51.5293015],[-0.1307017,51.5294277],[-0.1299914,51.5297452],[-0.1295411,51.5299485],[-0.1291657,51.5300916],[-0.128711,51.5302339],[-0.1281968,51.5303886],[-0.1276028,51.5304927],[-0.1269448,51.5305654],[-0.1251129,51.5306816],[-0.1243858,51.5307096],[-0.1243426,51.5307113],[-0.1234599,51.5307438],[-0.1223668,51.5307851],[-0.1200679,51.5309354],[-0.1190753,51.5310011],[-0.1185949,51.5310371],[-0.1136313,51.5314218],[-0.1092709,51.5318544],[-0.1079066,51.5318921],[-0.1069566,51.5319205],[-0.1065223,51.5319311],[-0.1061581,51.531924],[-0.1057636,51.5318736],[-0.1055169,51.5318287],[-0.1046489,51.5316035],[-0.1018703,51.5308752],[-0.0977626,51.5296972],[-0.0911791,51.5280373],[-0.0887248,51.5273709],[-0.0882125,51.5270192],[-0.0879558,51.5266971],[-0.087543,51.5256367],[-0.087526,51.5254097],[-0.0875194,51.5253214],[-0.0874454,51.5243338],[-0.087005,51.5222149],[-0.087005,51.5216926],[-0.0871686,51.5206624],[-0.087249,51.5197814],[-0.0873255,51.5195144],[-0.0874891,51.5191486],[-0.0878924,51.518512],[-0.0880037,51.5183883],[-0.0881026,51.5182651],[-0.0886248,51.5171794],[-0.0893651,51.5153735],[-0.0896736,51.5145644],[-0.0897388,51.5142996],[-0.0897283,51.514049],[-0.0896889,51.5137359],[-0.0895486,51.5134089],[-0.0892978,51.5129413],[-0.0887225,51.5120862],[-0.0883523,51.5115862],[-0.0878266,51.5108374],[-0.0875235,51.5104672],[-0.0873707,51.5102209],[-0.0872799,51.5100226],[-0.0872691,51.5098431],[-0.0872587,51.5096737],[-0.0873224,51.5094178],[-0.0873143,51.509295],[-0.0872584,51.509174],[-0.0871212,51.508963],[-0.0870075,51.5086936],[-0.0869522,51.5085143],[-0.0869541,51.5082634],[-0.0869595,51.5079016],[-0.0870788,51.507421],[-0.0872852,51.5070036],[-0.0874994,51.5068419],[-0.0877488,51.5067098],[-0.0882424,51.5065381],[-0.088575,51.5063727],[-0.088819,51.5062105],[-0.0889075,51.5061452],[-0.0890899,51.5060106],[-0.0896049,51.5055223],[-0.0902736,51.5048831],[-0.0906743,51.5044394],[-0.0909711,51.5040714],[-0.0912314,51.5037739],[-0.0916453,51.5033],[-0.0920786,51.5027122],[-0.0922779,51.5023623],[-0.0924653,51.5019827],[-0.092634,51.5017623],[-0.0931576,51.5012993],[-0.0934194,51.5010936],[-0.0937887,51.5008538],[-0.0953273,51.5000091],[-0.0957594,51.499769],[-0.0965572,51.4993135],[-0.0968818,51.4990977],[-0.0972653,51.4988304],[-0.0977094,51.498527],[-0.0993663,51.4970547],[-0.0995386,51.4968424],[-0.0997443,51.4965849],[-0.0999393,51.4963259],[-0.1001617,51.4960333],[-0.1003207,51.4958285],[-0.1003951,51.4956943],[-0.1004635,51.4955281],[-0.1005082,51.4953853],[-0.1005278,51.4952545],[-0.1005335,51.4951655],[-0.1005417,51.4950294],[-0.1005484,51.4949204],[-0.1005548,51.4948152],[-0.100569,51.4945816],[-0.1005808,51.4943861],[-0.1006338,51.4939459],[-0.1006828,51.4936357],[-0.1007062,51.4934933],[-0.1007467,51.4933089],[-0.1008081,51.4931794],[-0.1009556,51.4929569],[-0.1011798,51.4926893],[-0.101857,51.4921897],[-0.102514,51.491709],[-0.1026553,51.4915998],[-0.1030738,51.4912491],[-0.1042305,51.4900923],[-0.1044222,51.4899065],[-0.1051981,51.4890919],[-0.1055509,51.4886792],[-0.106554,51.4876575],[-0.1068914,51.4873316],[-0.1071323,51.4870701]],[[-0.1392015,51.5353732],[-0.1391752,51.5353624]],[[-0.1391752,51.5353624],[-0.1383723,51.5344326],[-0.1351626,51.5314036],[-0.1340511,51.5302912],[-0.133816,51.5299611],[-0.1337164,51.5297318],[-0.1336789,51.5294921],[-0.1337084,51.5290409],[-0.1337292,51.528765],[-0.1338263,51.5285354],[-0.1340079,51.5282784],[-0.134245,51.5281005],[-0.1346552,51.5278761],[-0.1351946,51.5276434],[-0.1374375,51.526765],[-0.1377977,51.5266263],[-0.1379517,51.526561],[-0.1380724,51.526495],[-0.1382252,51.5263727],[-0.1383218,51.5262354],[-0.1383644,51.5260668],[-0.1383486,51.5258664],[-0.1382985,51.5256805],[-0.1377493,51.5246057],[-0.1376199,51.5243342],[-0.1372014,51.5237134],[-0.1365076,51.5229396],[-0.1342306,51.5205525],[-0.1322281,51.5186402],[-0.13077,51.5170681],[-0.130257,51.5161311],[-0.1298795,51.5153108],[-0.1298428,51.5152395],[-0.1295624,51.5142286],[-0.1292277,51.5135043],[-0.1291284,51.5133243],[-0.1290075,51.5131293],[-0.1286892,51.5126122],[-0.1284467,51.5122506],[-0.1284053,51.5121391],[-0.1283719,51.5120312],[-0.1283659,51.512005],[-0.1283486,51.5119071],[-0.1283281,51.5117756],[-0.1282939,51.5115114],[-0.1283384,51.5105866],[-0.1283136,51.5104159],[-0.1282658,51.5102705],[-0.1282221,51.5101706],[-0.1280943,51.5099766],[-0.1279306,51.5098083],[-0.1277573,51.5096808],[-0.127528,51.5095608],[-0.1269817,51.5093491],[-0.1261234,51.509086],[-0.1259736,51.5090324],[-0.1254327,51.5087886],[-0.1249331,51.508528],[-0.1246601,51.508383],[-0.1244833,51.508308],[-0.1243005,51.5082517],[-0.1240536,51.5081845],[-0.1236349,51.5080843],[-0.1233373,51.5080115],[-0.1231083,51.5079465],[-0.1226092,51.5077706],[-0.1218816,51.5075217],[-0.1212571,51.5073317],[-0.120513,51.5071146],[-0.1199824,51.5069496],[-0.1191213,51.5066784],[-0.118532,51.5065004],[-0.1179753,51.5062991],[-0.1172844,51.506032],[-0.1169942,51.5059059],[-0.1165286,51.5056799],[-0.1161294,51.5054327],[-0.1156485,51.5050012],[-0.1153813,51.5047519],[-0.1150074,51.5044263],[-0.1147909,51.5041952],[-0.1145803,51.5039515],[-0.1143104,51.5035706],[-0.1131083,51.5017708],[-0.1127095,51.5012239],[-0.1125183,51.5009122],[-0.112315,51.5005531],[-0.1120554,51.5002178],[-0.1118122,51.4998792],[-0.1116998,51.4996706],[-0.1113127,51.4991714],[-0.1108004,51.4985038],[-0.1100045,51.4972788],[-0.1098107,51.4969856],[-0.1094861,51.4965223],[-0.1089243,51.4957203],[-0.1083158,51.4949416],[-0.1080836,51.4946088],[-0.1078972,51.4943958],[-0.1076542,51.4941828],[-0.1072731,51.4938895],[-0.1071554,51.4938272],[-0.1070459,51.4937692],[-0.1063919,51.4933774],[-0.105676,51.4929723],[-0.1048517,51.4925014],[-0.1043721,51.4922128],[-0.1041182,51.4920144],[-0.103981,51.4918822],[-0.1037517,51.4916307],[-0.1036364,51.4914678],[-0.1035415,51.4912532],[-0.1035331,51.490993],[-0.1035342,51.4908172],[-0.1036191,51.4905513],[-0.1037358,51.4903131],[-0.1038425,51.4901433],[-0.1040668,51.4898358],[-0.1042273,51.4896799],[-0.1047197,51.4893079],[-0.1063789,51.487594],[-0.1064414,51.4875283]],[[-0.1073654,51.4870023],[-0.1068417,51.4876687]],[[-0.1064414,51.4875283],[-0.1065704,51.4874226],[-0.1069953,51.4871546],[-0.1071323,51.4870701]]]},"properties":{"name":"Northern","colour":"#000000","mode":"tfl"}},{"type":"Feature","geometry":{"type":"MultiLineString","coordinates":[[[-0.4592086,51.4729214],[-0.4600562,51.4729783],[-0.4614832,51.4730117],[-0.4635109,51.4729064],[-0.4659989,51.4726822],[-0.4675782,51.4726033],[-0.4696559,51.472457],[-0.472094,51.4724049],[-0.4740649,51.4723668],[-0.4759564,51.472338],[-0.4769327,51.472333],[-0.4803734,51.472478],[-0.4818675,51.4724689],[-0.4828142,51.4724941],[-0.4838013,51.4725181],[-0.4842546,51.4725121],[-0.484764,51.4724674],[-0.4853892,51.4724144],[-0.4877355,51.4724184],[-0.4893837,51.4724026],[-0.4896069,51.4724107],[-0.4900501,51.4724402],[-0.4904725,51.4724666],[-0.4905678,51.472467]],[[-0.4905674,51.4725208],[-0.4904675,51.4725218],[-0.4901043,51.4725477],[-0.4896313,51.4725751],[-0.4893809,51.4725866],[-0.487744,51.4725978],[-0.485389,51.4726064],[-0.4846449,51.4726101],[-0.4837357,51.4726662],[-0.4827135,51.4727045],[-0.4818722,51.4727002],[-0.4807629,51.4727009],[-0.4803198,51.4726899],[-0.4768898,51.4725459],[-0.4754843,51.4725626],[-0.4738428,51.4725826],[-0.472212,51.4726254],[-0.4706021,51.4727347],[-0.4691366,51.4729265],[-0.4675106,51.4732509],[-0.4661963,51.4735159],[-0.4643193,51.4736679],[-0.462717,51.4736836],[-0.4611935,51.4735289],[-0.4606678,51.4734323],[-0.4599919,51.4732362],[-0.4591657,51.4730879]],[[-0.4783501,51.5464442],[-0.477822,51.5466499],[-0.4772961,51.5468598],[-0.4770178,51.5469592],[-0.4766608,51.5470769],[-0.4762237,51.5472193],[-0.4755534,51.5474309],[-0.4753717,51.5474904],[-0.4749629,51.5476193],[-0.4746673,51.5476985],[-0.4743702,51.5477724],[-0.4741155,51.5478261],[-0.4735676,51.5479314],[-0.4731142,51.5479965],[-0.473093,51.5479987],[-0.4726016,51.5480399],[-0.4718721,51.5480672],[-0.470947,51.5480644],[-0.4700021,51.5480719],[-0.4694774,51.5480974],[-0.4689708,51.5481502],[-0.4684931,51.548221],[-0.4683883,51.54824],[-0.4676878,51.5483671],[-0.4670144,51.5485114],[-0.466332,51.5486736],[-0.4657147,51.5488698],[-0.4654326,51.5489471],[-0.4649685,51.5490877],[-0.4644362,51.5492565],[-0.463546,51.5495337],[-0.4627649,51.5497714],[-0.4617715,51.5500854],[-0.4610709,51.5503052],[-0.4607903,51.5503938],[-0.4601761,51.5505853],[-0.4596864,51.5507101],[-0.4595816,51.5507445],[-0.4512709,51.5533615],[-0.450319,51.5536634],[-0.4495711,51.5539],[-0.4495337,51.5539119],[-0.4493171,51.5539865],[-0.4485709,51.5542753],[-0.4481328,51.5544912],[-0.4477021,51.5546789],[-0.4473336,51.5548722],[-0.4469286,51.5550957],[-0.4466829,51.5552569],[-0.4463523,51.5554747],[-0.4459535,51.5557614],[-0.4456532,51.556],[-0.4453317,51.5562923],[-0.4450602,51.5565459],[-0.4449009,51.5566949],[-0.4446825,51.5569372],[-0.4445324,51.5571418],[-0.4442542,51.5574842],[-0.443988,51.5578468],[-0.4437059,51.5584911],[-0.4435299,51.5589249],[-0.4434231,51.5591928],[-0.4433542,51.5594478],[-0.4432598,51.5597956],[-0.4431288,51.5601807],[-0.4430504,51.5603851],[-0.4429534,51.5605818],[-0.4428735,51.5607526],[-0.4427546,51.5609799],[-0.4426305,51.5611969],[-0.4424569,51.5614509],[-0.4422944,51.5616776],[-0.4420561,51.5619724],[-0.4420368,51.5619988],[-0.4419449,51.5620942],[-0.4417807,51.5622665],[-0.4414997,51.5625681],[-0.4412929,51.5627568],[-0.4410056,51.5629979],[-0.4407457,51.563195],[-0.4404308,51.5634158],[-0.4400293,51.5636973],[-0.4399722,51.5637351],[-0.4399385,51.5637592],[-0.4396607,51.5639228],[-0.4391986,51.5641802],[-0.4385816,51.564476],[-0.437896,51.5647675],[-0.4372114,51.5650435],[-0.4364861,51.5653325],[-0.4359028,51.5655644],[-0.4352515,51.5658405],[-0.4345432,51.5661443],[-0.4340085,51.5663745],[-0.4334583,51.5666166],[-0.4326421,51.5669651],[-0.4317365,51.5673594],[-0.4309918,51.5676797],[-0.4301743,51.5680316],[-0.4293241,51.5683978],[-0.4285753,51.5687217],[-0.4279743,51.5689762],[-0.4273929,51.5692285],[-0.4267346,51.5695174],[-0.4259626,51.5698506],[-0.4254564,51.5700678],[-0.4250495,51.5702349],[-0.4243788,51.5704895],[-0.4238701,51.5706762],[-0.4233958,51.570845],[-0.423052,51.5709702],[-0.4227242,51.5710829],[-0.4225062,51.5711455],[-0.4222541,51.5712085],[-0.4220931,51.571248],[-0.4218978,51.5712954],[-0.421354,51.5714175],[-0.4205332,51.5716],[-0.4202886,51.5716528],[-0.4199355,51.571728],[-0.4194924,51.5718069],[-0.4190344,51.5718772],[-0.4186324,51.5719364],[-0.4182413,51.5719989],[-0.4178436,51.5720745],[-0.4174405,51.5721612],[-0.4131246,51.5731219],[-0.4128118,51.5731917],[-0.4126477,51.5732261],[-0.4108482,51.573632],[-0.4092551,51.5739957],[-0.4076467,51.5743525],[-0.4062939,51.5746535],[-0.4050401,51.5749396],[-0.4034292,51.5752975],[-0.4023144,51.5755447],[-0.4008568,51.5758693],[-0.3999367,51.5760712],[-0.3993286,51.5761966],[-0.398614,51.5763356],[-0.3978271,51.5764751],[-0.3976425,51.5765052],[-0.3970624,51.5765999],[-0.3964167,51.5767036],[-0.3958254,51.5767825],[-0.3951689,51.5768648],[-0.3943704,51.5769432],[-0.3936718,51.5770123],[-0.393066,51.5770639],[-0.392462,51.5771098],[-0.3919866,51.5771413],[-0.3912544,51.5771873],[-0.3907361,51.5772043],[-0.3903029,51.5772231],[-0.3894802,51.5772393],[-0.3889934,51.5772469],[-0.3881241,51.5772418],[-0.3874221,51.5772325],[-0.3868462,51.5772163],[-0.3863018,51.5772035],[-0.3856834,51.5771694],[-0.3851583,51.5771404],[-0.3846468,51.5771063],[-0.3838198,51.5770419],[-0.3833981,51.5770036],[-0.3825295,51.576916],[-0.3818024,51.5768268],[-0.3810752,51.576731],[-0.3803955,51.5766358],[-0.3799642,51.5765794],[-0.3798784,51.5765681],[-0.3795482,51.5765249],[-0.3787143,51.5764074],[-0.3780653,51.5763074],[-0.3774594,51.5762107],[-0.3767661,51.5760971],[-0.3761181,51.5760063],[-0.3756477,51.5759383],[-0.3750284,51.5758425],[-0.3744412,51.5757462],[-0.3738487,51.5756504],[-0.3733929,51.5755671],[-0.3729895,51.5754884],[-0.3726621,51.5754262],[-0.371847,51.5752883],[-0.3715803,51.5752432],[-0.3713068,51.5751965],[-0.3710334,51.5751497],[-0.370481,51.5750438],[-0.37026,51.5750054],[-0.3697993,51.5749209],[-0.3696688,51.5748953],[-0.3693237,51.5748215],[-0.3690974,51.5747652],[-0.3689689,51.5747318],[-0.3686292,51.5746428],[-0.3682298,51.5745302],[-0.3677489,51.5743864],[-0.3674591,51.5742932],[-0.3671715,51.5741899],[-0.3667218,51.5740382],[-0.3662994,51.5738809],[-0.3658699,51.5737111],[-0.3653685,51.5735002],[-0.3648983,51.573284],[-0.3645635,51.5731221],[-0.3642096,51.572935],[-0.3638812,51.5727608],[-0.3635665,51.5725864],[-0.3629677,51.5722593],[-0.3623703,51.5719168],[-0.3612098,51.5712593],[-0.3608434,51.5710452],[-0.3604584,51.5708276],[-0.3598175,51.5704423],[-0.3597149,51.5703807],[-0.3593844,51.5701635],[-0.3592301,51.5700621],[-0.3588399,51.5698005],[-0.3585846,51.5696131],[-0.3583275,51.5694274],[-0.3581932,51.5693285],[-0.3581347,51.5692855],[-0.3580829,51.5692474],[-0.3580518,51.5692245],[-0.3576416,51.5688963],[-0.3573701,51.568672],[-0.3571145,51.5684467],[-0.3568668,51.5682228],[-0.3567409,51.568109],[-0.3565643,51.567943],[-0.3561255,51.567511],[-0.3557083,51.5670874],[-0.3555976,51.5669807],[-0.3553425,51.5667425],[-0.3550407,51.5664926],[-0.3547901,51.5662911],[-0.3546185,51.5661644],[-0.3542111,51.5658853],[-0.3536391,51.5655402],[-0.3532811,51.5653508],[-0.3527081,51.5650075],[-0.3526555,51.5649735],[-0.3525138,51.5648817],[-0.3522098,51.5646621],[-0.3519268,51.5644497],[-0.3516025,51.5641909],[-0.3512756,51.5639064],[-0.3508387,51.5634735],[-0.350621,51.5632373],[-0.3504204,51.5630025],[-0.3503884,51.5629647],[-0.3501839,51.5627333],[-0.3494135,51.5618455],[-0.3489053,51.5612686],[-0.3486519,51.5609787],[-0.3484578,51.5607586],[-0.3479657,51.5602467],[-0.3476318,51.5599429],[-0.3473448,51.5597105],[-0.3470068,51.5594521],[-0.3466272,51.5591943],[-0.3462122,51.5589466],[-0.3458283,51.5587259],[-0.3454343,51.5585184],[-0.3448312,51.5582395],[-0.3442731,51.5580168],[-0.3439493,51.5579101],[-0.3434257,51.5577728],[-0.342964,51.5576831],[-0.3424475,51.5576049],[-0.3420054,51.5575662],[-0.3404173,51.5574973],[-0.3395357,51.5574595],[-0.3389469,51.5574112],[-0.3383734,51.5573323],[-0.3379826,51.5572668],[-0.3365975,51.5569701],[-0.3359937,51.5568408],[-0.3358788,51.5568161],[-0.3358065,51.5568006],[-0.3342179,51.5564603],[-0.3322571,51.5560591],[-0.3317652,51.5559805],[-0.3312578,51.5559237],[-0.3304376,51.55586],[-0.3297955,51.5557919],[-0.3292548,51.5557188],[-0.3287568,51.5556361],[-0.3283092,51.5555437],[-0.3278032,51.5554118],[-0.3272398,51.555221],[-0.3267869,51.5550499],[-0.3263113,51.5548663],[-0.3256884,51.5546195],[-0.3250158,51.554365],[-0.3244064,51.5541509],[-0.3238141,51.5539321],[-0.3228683,51.5535858],[-0.3219068,51.5532286],[-0.3214795,51.5530638],[-0.3204969,51.5526959],[-0.3197168,51.5524027],[-0.3189348,51.5521025],[-0.3181537,51.5518067],[-0.3175249,51.5515673],[-0.3165624,51.5511769],[-0.3158035,51.5508479],[-0.315006,51.5504849],[-0.3147917,51.5503873],[-0.3143593,51.5501849],[-0.313666,51.5498615],[-0.3128809,51.5494999],[-0.3120998,51.5491377],[-0.3115153,51.5488663],[-0.3107483,51.548511],[-0.3100318,51.5481782],[-0.3092316,51.547816],[-0.3087549,51.5475878],[-0.3080857,51.5472243],[-0.30774,51.5470219],[-0.3074145,51.5468119],[-0.3071615,51.5466296],[-0.3070363,51.5465341],[-0.3069754,51.5464876],[-0.3068501,51.546392],[-0.3065911,51.5461789],[-0.3062495,51.5458568],[-0.3058967,51.5454839],[-0.3057456,51.5453134],[-0.3054301,51.5449091],[-0.3052437,51.5446321],[-0.3050028,51.5442504],[-0.3049494,51.5441376],[-0.3048527,51.543954],[-0.3045886,51.5434895],[-0.3043729,51.5431485],[-0.3041976,51.5429279],[-0.3040152,51.5427317],[-0.303861,51.5425869],[-0.3035909,51.5423469],[-0.3034155,51.5422084],[-0.3029227,51.5419125],[-0.3027665,51.5418285],[-0.3024017,51.5416587],[-0.3022223,51.5415891],[-0.3020499,51.5415233],[-0.30154,51.5413315],[-0.300862,51.5410989],[-0.2994483,51.5405797],[-0.2993408,51.5405403],[-0.2989986,51.5404146],[-0.2986939,51.5402841],[-0.2983412,51.540143],[-0.2979381,51.5399625],[-0.2976387,51.5398014],[-0.2972931,51.5395745],[-0.29706,51.5393928],[-0.2968157,51.5391721],[-0.2965012,51.5388301],[-0.2957865,51.5379973],[-0.2956211,51.5378098],[-0.2953033,51.5374408],[-0.2951108,51.5372148],[-0.2949022,51.5369807],[-0.2941334,51.5361156],[-0.2937148,51.5356161],[-0.293462,51.5353143],[-0.2932895,51.5351152],[-0.2931359,51.5349369],[-0.2928276,51.5345868],[-0.2925763,51.5343127],[-0.2917072,51.5334045],[-0.2913994,51.5330988],[-0.2910805,51.5327916],[-0.2907354,51.5325082],[-0.290009,51.5319488],[-0.2894929,51.5315624],[-0.2893454,51.5314567],[-0.2887859,51.5310721],[-0.2873326,51.5301669],[-0.286594,51.5296914],[-0.2860069,51.529246],[-0.2856894,51.5289646],[-0.2853347,51.5286221],[-0.2851425,51.5284188],[-0.2850125,51.5282669],[-0.2848788,51.5281097],[-0.2846445,51.5277966],[-0.2844389,51.5274936],[-0.2842364,51.5271572],[-0.2841228,51.5269445],[-0.2840597,51.5268062],[-0.2840005,51.5266628],[-0.2839478,51.5265234],[-0.2838965,51.5263724],[-0.2838479,51.5262248],[-0.2837924,51.526046],[-0.2837471,51.5258649],[-0.283718,51.5256832],[-0.2836264,51.5250668],[-0.2835845,51.5246225],[-0.2835571,51.5236729],[-0.28359,51.5231475],[-0.2836442,51.5226232],[-0.2837207,51.5222666],[-0.2838419,51.5219317],[-0.283994,51.5215655],[-0.2841956,51.5212172],[-0.2843702,51.5209513],[-0.2845849,51.5206905],[-0.2848504,51.5203857],[-0.2850107,51.5202106],[-0.285638,51.5196804],[-0.2861574,51.5193377],[-0.2867504,51.5189859],[-0.2877909,51.5183086],[-0.2880574,51.5181016],[-0.2883023,51.5179086],[-0.2885356,51.5176946],[-0.2887358,51.5174837],[-0.2889995,51.5171714],[-0.2892427,51.5168886],[-0.2893337,51.5167562],[-0.2893901,51.5166447],[-0.2894348,51.5165335],[-0.2894673,51.5163649],[-0.2894587,51.5161402],[-0.289395,51.5159262],[-0.2892867,51.515792],[-0.2891543,51.5156391],[-0.2890236,51.5155134],[-0.2886253,51.5151313],[-0.2882503,51.5147974],[-0.2881568,51.5147071],[-0.2880541,51.5145901],[-0.2879996,51.514521],[-0.2879295,51.5144269],[-0.2878679,51.514324],[-0.2878088,51.5141871],[-0.2877542,51.5140344],[-0.2877198,51.5139119],[-0.2876872,51.5137704],[-0.2876731,51.5135529],[-0.2876909,51.5133712],[-0.2877161,51.513229],[-0.2877629,51.513067],[-0.2879085,51.5126385],[-0.2879699,51.5124326],[-0.288013,51.5122393],[-0.2880531,51.511936],[-0.2881624,51.510979],[-0.2881994,51.5106295],[-0.2881914,51.5102341],[-0.288221,51.5101341],[-0.28821,51.5099114],[-0.2881524,51.5096243],[-0.2880398,51.5093915],[-0.2879322,51.5090478],[-0.2878198,51.5087127],[-0.287762,51.5085266],[-0.2876718,51.5082783],[-0.2875684,51.5080335],[-0.2874091,51.507737],[-0.2873115,51.5075733],[-0.2872134,51.507433],[-0.2870936,51.5072731],[-0.2869722,51.5071278],[-0.2868225,51.5069614],[-0.2866407,51.5067818],[-0.286372,51.5065445],[-0.2860811,51.5063156],[-0.2858152,51.5061302],[-0.2855549,51.5059659],[-0.285036,51.5056906],[-0.2846694,51.5055052],[-0.2842655,51.505303],[-0.2838518,51.5050841],[-0.2834164,51.5048345],[-0.2830667,51.5046266],[-0.2824823,51.5042748],[-0.2822646,51.5041423],[-0.2817639,51.5038582]],[[-0.4755319,51.5474084],[-0.4760753,51.5472117],[-0.4763449,51.547121],[-0.477767,51.5465623],[-0.4782651,51.5463669]],[[-0.4755319,51.5474084],[-0.4760626,51.5471907],[-0.4764043,51.5470207],[-0.4765597,51.5469501],[-0.476906,51.5467944],[-0.4771349,51.5466949],[-0.477664,51.5464894],[-0.478193,51.5462839]],[[-0.2851016,51.5053605],[-0.2852759,51.5054621],[-0.2855479,51.5056376],[-0.2858461,51.5058483],[-0.2860094,51.5059816],[-0.2862367,51.5061754],[-0.2865536,51.5064533],[-0.2868303,51.5067283],[-0.286973,51.5068939],[-0.2870994,51.5070471],[-0.2872032,51.5071975],[-0.2873049,51.5073612],[-0.2874091,51.5075387],[-0.2874929,51.5077008],[-0.2876426,51.5080198],[-0.2877388,51.5082684],[-0.2878194,51.5085195],[-0.2878793,51.5087063],[-0.2880328,51.5092141],[-0.2880896,51.5093919],[-0.2882007,51.5096327],[-0.2882505,51.509911],[-0.2882656,51.5101333],[-0.2882686,51.5102288],[-0.2882484,51.5106479],[-0.2882095,51.5110113],[-0.288104,51.5119452],[-0.2880662,51.5122419],[-0.2880328,51.5124182],[-0.2879631,51.5126501],[-0.2878226,51.5130705],[-0.2877825,51.513207],[-0.2877471,51.5133699],[-0.2877285,51.5135491],[-0.287739,51.5137398],[-0.2877665,51.5138914],[-0.287796,51.5140203],[-0.2878399,51.5141322],[-0.2878825,51.5142277],[-0.2879918,51.5144333],[-0.2881092,51.5145825],[-0.2882068,51.5146948],[-0.288308,51.5147974],[-0.2886751,51.5151218],[-0.2888953,51.5153381],[-0.289208,51.5156266],[-0.289332,51.5157772],[-0.2894574,51.5159373],[-0.2895102,51.5161094],[-0.2895267,51.5162651],[-0.2895079,51.5164746],[-0.2894772,51.5165787],[-0.2894238,51.5167032],[-0.2893307,51.5168591],[-0.2892317,51.5169823],[-0.2890453,51.5172176],[-0.2887775,51.5175161],[-0.2885397,51.5177641],[-0.288324,51.5179622],[-0.2881202,51.5181292],[-0.287838,51.5183378],[-0.2876871,51.5184388],[-0.2874217,51.5186193],[-0.2870881,51.5188171],[-0.2867841,51.519002],[-0.2862059,51.5193618],[-0.2857682,51.5196476],[-0.2855118,51.5198454],[-0.2853633,51.5199674],[-0.2850682,51.5202305],[-0.2848563,51.5204405],[-0.2846247,51.5207036],[-0.2844751,51.520902],[-0.284287,51.5211614],[-0.2841504,51.521385],[-0.2840227,51.521637],[-0.2838949,51.5219062],[-0.2838662,51.5219986],[-0.2838167,51.5221421],[-0.2837405,51.5223929],[-0.283693,51.5226208],[-0.2836613,51.5228759],[-0.2836385,51.5231586],[-0.2836217,51.5234124],[-0.2836187,51.5235412],[-0.2836088,51.5237605],[-0.2836128,51.5238591],[-0.2836147,51.5240223],[-0.2836207,51.524278],[-0.28363,51.5246209],[-0.2836738,51.525067],[-0.283763,51.5256828],[-0.2837925,51.5258646],[-0.2838341,51.5260392],[-0.2838825,51.5262163],[-0.2839315,51.5263688],[-0.283982,51.526521],[-0.2840343,51.526657],[-0.2840925,51.5267988],[-0.2841593,51.5269401],[-0.2842873,51.5271501],[-0.284493,51.5274831],[-0.284689,51.5277812],[-0.2849207,51.5281003],[-0.2851861,51.5284095],[-0.2854219,51.5286395],[-0.2857793,51.5289771],[-0.2862229,51.5293528],[-0.2866071,51.5296454],[-0.2868803,51.5298277],[-0.2871754,51.5300181],[-0.2875536,51.5302435],[-0.2878269,51.5303993],[-0.2882913,51.530679],[-0.2888154,51.5310388],[-0.2892087,51.5313119],[-0.2893934,51.5314401],[-0.2895593,51.5315563],[-0.290202,51.5320488],[-0.2906473,51.5323938],[-0.2909083,51.5325909],[-0.2911102,51.5327628],[-0.2914349,51.533067],[-0.29178,51.5333962],[-0.2921395,51.5337632],[-0.2923854,51.5340179],[-0.292624,51.534292],[-0.2928795,51.5345784],[-0.2931735,51.5349301],[-0.293328,51.5351056],[-0.2935231,51.5353285],[-0.2937557,51.5355878],[-0.2939557,51.5358225],[-0.294232,51.536139],[-0.2945369,51.536495],[-0.2948191,51.5368147],[-0.2950944,51.5371306],[-0.29533,51.5373979],[-0.29553,51.5376424],[-0.2956715,51.5378011],[-0.295837,51.5379917],[-0.2961136,51.5383109],[-0.2963721,51.5386205],[-0.2965644,51.5388371],[-0.2968643,51.5391651],[-0.2971135,51.5393836],[-0.2973368,51.539559],[-0.2976682,51.5397784],[-0.29797,51.5399436],[-0.2985924,51.5402064],[-0.2990232,51.5403884],[-0.2993653,51.5405143],[-0.29947,51.5405549],[-0.3008855,51.5410769],[-0.3017259,51.5413527],[-0.3020815,51.5414857],[-0.3022544,51.5415546],[-0.3025656,51.5416889],[-0.3028983,51.5418449],[-0.3032537,51.5420552],[-0.3035301,51.5422304],[-0.3038332,51.5424932],[-0.3041176,51.5427459],[-0.3043403,51.5430187],[-0.3045012,51.5432381],[-0.3046702,51.5435143],[-0.3049064,51.5439466],[-0.3050027,51.544123],[-0.3050512,51.5442117],[-0.305357,51.5446964],[-0.3054831,51.5448949],[-0.3057916,51.545297],[-0.3059499,51.5454689],[-0.3063376,51.5458768],[-0.3065254,51.5460486],[-0.3067963,51.5462922],[-0.3070149,51.5464669],[-0.307078,51.5465111],[-0.3074523,51.5467844],[-0.3081324,51.547204],[-0.3088071,51.547566],[-0.3093088,51.5478087],[-0.3100573,51.5481533],[-0.3111398,51.5486512],[-0.3121324,51.5491117],[-0.3126636,51.5493486],[-0.3137475,51.5498524],[-0.3147455,51.5503354],[-0.3154497,51.5506557],[-0.3161217,51.5509539],[-0.3163404,51.551051],[-0.3175181,51.5515298],[-0.3181513,51.5517675],[-0.3191452,51.552142],[-0.3199756,51.5524515],[-0.3214726,51.5530178],[-0.3224196,51.5533714],[-0.3230272,51.5535966],[-0.3238322,51.5538765],[-0.3257192,51.5545948],[-0.3263416,51.5548402],[-0.3268003,51.5550196],[-0.3272562,51.5551896],[-0.3278239,51.5553749],[-0.3283234,51.5555052],[-0.3287848,51.5555989],[-0.329276,51.5556826],[-0.3298229,51.5557591],[-0.3304546,51.5558258],[-0.3312712,51.5558898],[-0.3317648,51.5559477],[-0.3322717,51.5560279],[-0.3332968,51.5562345],[-0.3337802,51.5563306],[-0.3343466,51.5564463],[-0.3348879,51.556571],[-0.3353594,51.5566717],[-0.3358149,51.5567695],[-0.3358901,51.5567857],[-0.3360086,51.5568111],[-0.3366116,51.5569406],[-0.3376441,51.5571634],[-0.3380651,51.5572487],[-0.3385234,51.5573208],[-0.3389737,51.557381],[-0.3395445,51.5574274],[-0.3402904,51.5574652],[-0.340999,51.5574918],[-0.3416663,51.5575138],[-0.3423285,51.557553],[-0.3426224,51.5575866],[-0.3429532,51.5576424],[-0.3433801,51.5577237],[-0.3439429,51.5578674],[-0.3443522,51.5580065],[-0.3446775,51.558133],[-0.3450394,51.5582861],[-0.3453138,51.5584194],[-0.3456145,51.5585734],[-0.3459596,51.5587535],[-0.3462556,51.5589189],[-0.3465335,51.5590809],[-0.34679,51.5592484],[-0.3470516,51.5594318],[-0.3472887,51.5596042],[-0.3476928,51.5599275],[-0.3478989,51.5601181],[-0.3481067,51.5603207],[-0.348512,51.5607458],[-0.3489542,51.561251],[-0.3499062,51.562349],[-0.3502211,51.5627226],[-0.3505748,51.5631045],[-0.3508191,51.5633933],[-0.3508855,51.5634611],[-0.3513078,51.5638834],[-0.3516292,51.5641659],[-0.3519576,51.5644249],[-0.352256,51.5646474],[-0.3525555,51.5648602],[-0.352736,51.5649724],[-0.3530838,51.5651735],[-0.3533332,51.5653259],[-0.3537094,51.5655429],[-0.3542733,51.5658768],[-0.3547134,51.5661421],[-0.3549126,51.5662945],[-0.3551603,51.5664918],[-0.3553955,51.5667316],[-0.3556469,51.5669691],[-0.355745,51.5670707],[-0.3561721,51.5674967],[-0.3566226,51.5679237],[-0.3567894,51.5680916],[-0.3569101,51.5682077],[-0.3572611,51.5685264],[-0.3574528,51.5686772],[-0.3577814,51.5689565],[-0.3581149,51.5692211],[-0.3582164,51.5692955],[-0.3583554,51.5693975],[-0.358622,51.5695932],[-0.3588957,51.569786],[-0.3592681,51.5700382],[-0.359481,51.5701788],[-0.3597579,51.5703555],[-0.3600669,51.5705483],[-0.3603251,51.5706985],[-0.3605947,51.5708602],[-0.3607976,51.5709764],[-0.3611219,51.5711589],[-0.3614422,51.5713418],[-0.3617551,51.5715184],[-0.3620314,51.5716756],[-0.362349,51.5718561],[-0.362672,51.5720398],[-0.363035,51.5722447],[-0.3633373,51.5724097],[-0.363729,51.5726283],[-0.3639893,51.5727751],[-0.3642735,51.5729261],[-0.3645725,51.57308],[-0.3648321,51.5732069],[-0.3651437,51.5733545],[-0.3654426,51.5734906],[-0.3657843,51.5736345],[-0.36616,51.5737858],[-0.3665263,51.5739248],[-0.3669254,51.5740675],[-0.3673084,51.5742006],[-0.3677066,51.5743311],[-0.3680954,51.57445],[-0.3683996,51.574542],[-0.3687363,51.5746387],[-0.369032,51.5747165],[-0.3692847,51.5747757],[-0.3696769,51.574863],[-0.369916,51.574912],[-0.3702897,51.5749827],[-0.370486,51.5750181],[-0.3710443,51.5751251],[-0.3713177,51.5751719],[-0.3715911,51.5752186],[-0.3726745,51.5753968],[-0.373044,51.575448],[-0.3735384,51.5755169],[-0.3739688,51.5755874],[-0.3743818,51.575654],[-0.3752033,51.5757898],[-0.375625,51.5758586],[-0.3760872,51.5759406],[-0.3766507,51.5760494],[-0.3769136,51.5760925],[-0.3777631,51.5762274],[-0.3785299,51.576341],[-0.3792952,51.5764476],[-0.3798773,51.5765288],[-0.379963,51.5765408],[-0.3801129,51.5765617],[-0.380924,51.5766721],[-0.3817247,51.5767786],[-0.382308,51.576852],[-0.3828148,51.5769136],[-0.3833365,51.5769639],[-0.3838472,51.577011],[-0.3844184,51.577056],[-0.3849737,51.5770982],[-0.3856284,51.5771361],[-0.3862624,51.5771603],[-0.3870887,51.5771906],[-0.3878217,51.5772029],[-0.3883817,51.5772051],[-0.3889371,51.5772075],[-0.3895348,51.5772025],[-0.3901192,51.5771902],[-0.3907805,51.577174],[-0.3913216,51.577146],[-0.3919583,51.5771165],[-0.3924516,51.5770903],[-0.3932763,51.5770241],[-0.3939815,51.5769594],[-0.3946781,51.5768853],[-0.3951785,51.5768359],[-0.3956896,51.5767744],[-0.3960728,51.5767222],[-0.3964142,51.5766737],[-0.3970519,51.5765759],[-0.3974689,51.5765018],[-0.3976249,51.5764796],[-0.3977473,51.5764551],[-0.3982722,51.5763624],[-0.3988876,51.5762468],[-0.3995055,51.5761247],[-0.4003774,51.5759402],[-0.4025933,51.5754458],[-0.4056587,51.5747574],[-0.408725,51.5740736],[-0.4102682,51.5737293],[-0.4108323,51.5736019],[-0.4121749,51.5733037],[-0.4126065,51.5732069],[-0.4126329,51.5732001],[-0.4127463,51.5731747],[-0.4127977,51.5731632],[-0.4130913,51.5730947],[-0.417393,51.5721364],[-0.4177945,51.5720495],[-0.4181929,51.5719727],[-0.4185933,51.5719067],[-0.4189939,51.571848],[-0.4194477,51.5717781],[-0.4198962,51.5717013],[-0.420241,51.5716321],[-0.4205308,51.571571],[-0.4213228,51.5713934],[-0.4218578,51.5712731],[-0.4220443,51.5712297],[-0.4222508,51.5711793],[-0.4224509,51.571126],[-0.4226765,51.5710596],[-0.4229952,51.5709509],[-0.4233091,51.5708395],[-0.4237069,51.5706916],[-0.4241506,51.570531],[-0.4246536,51.5703475],[-0.4252714,51.5701037],[-0.4263581,51.569635],[-0.4274356,51.5691708],[-0.4280657,51.5688999],[-0.4285653,51.5686838],[-0.4318264,51.5672729],[-0.4338613,51.5663943],[-0.4346122,51.566075],[-0.4347038,51.5660355],[-0.4353352,51.5657617],[-0.4358523,51.5655454],[-0.4364506,51.5653026],[-0.4368633,51.5651408],[-0.4371848,51.5650117],[-0.4377497,51.5647899],[-0.438115,51.5646398],[-0.4384978,51.564477],[-0.4388231,51.5643254],[-0.4391565,51.5641539],[-0.4395963,51.5639132],[-0.4398672,51.5637517],[-0.4399381,51.5637042],[-0.4400435,51.5636359],[-0.4402161,51.563517],[-0.4406474,51.5632217],[-0.440927,51.5629988],[-0.4411426,51.5628287],[-0.4413287,51.5626499],[-0.4414895,51.5624995],[-0.4417802,51.5622092],[-0.4419093,51.5620765],[-0.4419963,51.5619853],[-0.4420062,51.5619731],[-0.4423306,51.5615664],[-0.4426797,51.5610336],[-0.4427535,51.5608804],[-0.4428813,51.5606207],[-0.4430312,51.5602693],[-0.443172,51.5598667],[-0.4433831,51.5591767],[-0.4434677,51.5589194],[-0.4435532,51.5586989],[-0.4436966,51.558346],[-0.4438096,51.5580699],[-0.4440116,51.5577218],[-0.4442191,51.55741],[-0.4443531,51.5572265],[-0.4444999,51.5570516],[-0.4446127,51.5569261],[-0.4449388,51.5565725],[-0.4452527,51.5562641],[-0.4456137,51.5559578],[-0.4459112,51.5557201],[-0.4462543,51.5554628],[-0.4466032,51.5552278],[-0.4470218,51.5549806],[-0.4473365,51.554812],[-0.4476512,51.5546515],[-0.4481069,51.5544386],[-0.4484938,51.5542648],[-0.4492472,51.5539791],[-0.4495145,51.5538884],[-0.4495518,51.5538766],[-0.4502987,51.55364],[-0.4512517,51.5533381],[-0.459556,51.5507157],[-0.4596627,51.5506813],[-0.4603308,51.5504985],[-0.4608834,51.5503248],[-0.4611316,51.5502508],[-0.4632745,51.5495799],[-0.4643816,51.5492291],[-0.4654344,51.5489027],[-0.465749,51.548805],[-0.4660832,51.5487038],[-0.4665458,51.5485793],[-0.4671023,51.5484452],[-0.4675695,51.5483549],[-0.4680443,51.5482695],[-0.4686205,51.5481676],[-0.4692489,51.5480751],[-0.4700643,51.5480248],[-0.4708432,51.548016],[-0.4719128,51.5480287],[-0.4726032,51.5480059],[-0.4730741,51.5479577],[-0.4732926,51.5479329],[-0.4736879,51.5478684],[-0.4740951,51.5477947],[-0.4743584,51.5477436],[-0.4746415,51.547671],[-0.4749566,51.5475864],[-0.4750683,51.5475556],[-0.4755319,51.5474084]],[[-0.4612739,51.4731805],[-0.4607233,51.4731232],[-0.4592086,51.4729214]],[[-0.426204,51.4661644],[-0.4268885,51.4661243],[-0.4276444,51.466119],[-0.4290729,51.4661511],[-0.4299666,51.4661664],[-0.4309333,51.4662072],[-0.4341498,51.4663355],[-0.4369178,51.4664973],[-0.4389091,51.4665835],[-0.4401622,51.4667102],[-0.4413312,51.4669237],[-0.4420409,51.4671092],[-0.4436399,51.467568],[-0.4448093,51.4679777],[-0.4471804,51.4689107],[-0.4506247,51.4703727],[-0.451364,51.4707671],[-0.4518758,51.4709941],[-0.4526868,51.4713422],[-0.4527795,51.4713841],[-0.4536574,51.471778],[-0.4545073,51.4721509],[-0.4551499,51.4723728],[-0.4558977,51.4725622],[-0.4571809,51.4727413],[-0.4592086,51.4729214]],[[-0.426204,51.4661644],[-0.4296335,51.4657586],[-0.4314317,51.4655267],[-0.4325368,51.4653733],[-0.4337384,51.4651687],[-0.434822,51.4649341],[-0.4359485,51.4646531],[-0.437,51.4643205],[-0.4378451,51.46399],[-0.438668,51.4636104],[-0.4393439,51.4631896],[-0.4400504,51.4626936],[-0.4409429,51.4620442],[-0.443233,51.4603421],[-0.4447223,51.4592732],[-0.4454086,51.4587806],[-0.4465429,51.4579849],[-0.4482141,51.4569124],[-0.4489857,51.4565674],[-0.4495205,51.4564306],[-0.4506755,51.456173],[-0.4519307,51.4560258],[-0.4552358,51.4559987],[-0.4565162,51.4561826],[-0.4582538,51.456799],[-0.4600616,51.4577711],[-0.4689628,51.463385],[-0.4700397,51.4640591],[-0.4709554,51.4647897],[-0.4716458,51.4655944],[-0.4719854,51.4662615],[-0.4721474,51.4671487],[-0.4721061,51.4680617],[-0.4718765,51.4688554],[-0.4715054,51.4695788],[-0.4712097,51.4701553],[-0.4707044,51.4708834],[-0.4702876,51.4714104],[-0.4699131,51.4717726],[-0.4694938,51.4721031],[-0.4689177,51.4724383],[-0.4680674,51.4727413],[-0.4671898,51.4729722],[-0.4657425,51.4731957],[-0.4644486,51.4732709],[-0.4631944,51.4732692],[-0.4618691,51.4732129],[-0.4612739,51.4731805],[-0.4605186,51.4731496],[-0.4598245,51.4731307],[-0.4591657,51.4730879]],[[-0.4591657,51.4730879],[-0.4581572,51.472998],[-0.4570843,51.4728994],[-0.4558044,51.4727079],[-0.4550013,51.4725048],[-0.4544443,51.4722974],[-0.4526576,51.4715003],[-0.4523043,51.4713385],[-0.4517386,51.4710813],[-0.4512444,51.4708664],[-0.4470409,51.4690384],[-0.444584,51.4680749],[-0.4434575,51.467694],[-0.441911,51.4672392],[-0.4411783,51.4670473],[-0.440085,51.4668385],[-0.4389145,51.4667112],[-0.4368106,51.4666239],[-0.4341176,51.4664879],[-0.4308786,51.4663574],[-0.4289856,51.4662923],[-0.4276797,51.4662352],[-0.4268993,51.4662227],[-0.4262415,51.4662512],[-0.4258351,51.4662982],[-0.4254824,51.4663709],[-0.4252011,51.4664424],[-0.4248497,51.4665161],[-0.4242157,51.4665999],[-0.4238784,51.4666401],[-0.4234715,51.4666794],[-0.4231165,51.4667206],[-0.4228536,51.4667559],[-0.4225506,51.4668055],[-0.4223287,51.4668533],[-0.4220959,51.4669126],[-0.4218768,51.4669721],[-0.4218127,51.4669913],[-0.421684,51.4670297],[-0.4145012,51.4692662],[-0.4141524,51.4693748],[-0.4113988,51.470297],[-0.4112282,51.4703563],[-0.4111158,51.4703949],[-0.4067029,51.4719111],[-0.4031837,51.473083],[-0.4023628,51.473348],[-0.4008604,51.4738169],[-0.4006329,51.4738936],[-0.3997237,51.4742],[-0.3983372,51.4746306],[-0.3976889,51.4748219],[-0.3970954,51.4749677],[-0.3964845,51.4750854],[-0.3959793,51.4751453],[-0.3954945,51.4751888],[-0.3949681,51.4751984],[-0.3943887,51.4751748],[-0.3935898,51.4751051],[-0.3929699,51.4750065],[-0.3923907,51.47489],[-0.3916391,51.4746997],[-0.3879766,51.4736922],[-0.3876136,51.4736155],[-0.3873218,51.4735678],[-0.3869721,51.473548],[-0.3867762,51.473549],[-0.3864766,51.4735642],[-0.3862344,51.4735868],[-0.3860631,51.4736102],[-0.3856543,51.4736696],[-0.3845691,51.4738571],[-0.3838946,51.4739594],[-0.3835385,51.4740058],[-0.3831894,51.4740439],[-0.3829111,51.4740703],[-0.3826065,51.4740841],[-0.3823972,51.4740877],[-0.3821353,51.4740928],[-0.3817346,51.4740823],[-0.3813661,51.4740612],[-0.3808473,51.4740104],[-0.3802832,51.4739417],[-0.3799483,51.4738927],[-0.3796509,51.4738503],[-0.3792771,51.4737866],[-0.3788127,51.4736899],[-0.3784052,51.4735795],[-0.3780778,51.4734797],[-0.3776432,51.4733266],[-0.3772127,51.4731482],[-0.3767028,51.4729407],[-0.3761709,51.472716],[-0.3756016,51.4724717],[-0.3748521,51.4721618],[-0.3744773,51.4720219],[-0.3739805,51.4718526],[-0.3736237,51.4717425],[-0.3732798,51.4716543],[-0.3728403,51.471549],[-0.3722849,51.4714394],[-0.3719539,51.4713827],[-0.3716463,51.4713369],[-0.3710675,51.4712703],[-0.3707675,51.4712437],[-0.3703492,51.47122],[-0.3699939,51.4712093],[-0.3695739,51.4711931],[-0.3692837,51.4711938],[-0.368736,51.4712076],[-0.3675384,51.4712533],[-0.3672568,51.4712677],[-0.3670634,51.4712805],[-0.366763,51.4713127],[-0.3666391,51.4713269],[-0.3666032,51.4713308],[-0.3665682,51.4713344],[-0.3664775,51.4713421],[-0.3664591,51.4713435],[-0.3663673,51.4713508],[-0.3662744,51.4713563],[-0.3662118,51.4713594],[-0.3661417,51.4713624],[-0.3660508,51.4713657],[-0.3659378,51.4713699],[-0.3658388,51.4713735],[-0.3656756,51.4713785],[-0.3655989,51.4713807],[-0.3655263,51.4713815],[-0.3653965,51.4713821],[-0.3653187,51.4713819],[-0.3652605,51.4713816],[-0.3651707,51.4713804],[-0.3651042,51.4713797],[-0.3650297,51.4713755],[-0.3649472,51.4713739],[-0.3645519,51.4713667],[-0.3643164,51.4713694],[-0.3640339,51.4713785],[-0.3639595,51.4713827],[-0.3637983,51.4714013],[-0.3635761,51.4714262],[-0.3632159,51.4714725],[-0.3627545,51.4715333],[-0.3622706,51.471609],[-0.3617362,51.4717184],[-0.3613723,51.4718056],[-0.3609456,51.4719254],[-0.3604661,51.4720647],[-0.3597607,51.4722621],[-0.3582787,51.4726716],[-0.3577968,51.4728084],[-0.3568989,51.4730715],[-0.3567374,51.4731294],[-0.3566444,51.4731628],[-0.3564948,51.4732162],[-0.3563211,51.4732885],[-0.3561569,51.4733607],[-0.3559575,51.4734651],[-0.355702,51.4735991],[-0.3555081,51.4737114],[-0.3553209,51.4738324],[-0.3551757,51.4739329],[-0.3550381,51.4740292],[-0.3547256,51.474286],[-0.3544159,51.4745797],[-0.3542106,51.4748624],[-0.3540414,51.4750821],[-0.3538954,51.4752946],[-0.3537539,51.4755401],[-0.3536491,51.4757522],[-0.3535722,51.4759303],[-0.3535266,51.4760662],[-0.3534422,51.4762345],[-0.3533895,51.4764704],[-0.3533578,51.476699],[-0.353345,51.4769922],[-0.3533588,51.4773027],[-0.3533768,51.4775566],[-0.3533902,51.477809],[-0.3534334,51.4788503],[-0.3534257,51.479002],[-0.3534127,51.4791436],[-0.3533802,51.4793208],[-0.3533477,51.4794788],[-0.3532764,51.4797205],[-0.3531269,51.4800499],[-0.3530258,51.4802453],[-0.3529114,51.4804207],[-0.3527079,51.480728],[-0.3525532,51.4809026],[-0.3524423,51.4810192],[-0.3523314,51.4811458],[-0.3520904,51.4813691],[-0.3519018,51.4815339],[-0.351602,51.4817501],[-0.3513044,51.4819516],[-0.3509907,51.4821365],[-0.3506214,51.4823398],[-0.3501863,51.4825215],[-0.3498088,51.4826656],[-0.349383,51.4828098],[-0.3489503,51.4829331],[-0.3485565,51.4830239],[-0.3478845,51.4831503],[-0.3473627,51.4832425],[-0.3465038,51.4833984],[-0.3456745,51.4835384],[-0.3447873,51.4836994],[-0.3442965,51.4838212],[-0.3438728,51.4839464],[-0.3434038,51.4841173],[-0.342983,51.4842974],[-0.3425631,51.4844991],[-0.342233,51.4846958],[-0.3418505,51.4849416],[-0.3402674,51.486173],[-0.3399203,51.486454],[-0.338146,51.4878712],[-0.337495,51.4883862],[-0.3361014,51.4894821],[-0.335635,51.489821],[-0.3350767,51.4901614],[-0.3346632,51.4903788],[-0.334302,51.490564],[-0.3330363,51.4911845],[-0.3317691,51.4918066],[-0.3307126,51.4923285],[-0.3295914,51.4928829],[-0.3289796,51.4931869],[-0.328462,51.4934457],[-0.3279771,51.4936822],[-0.3275761,51.4939238],[-0.327237,51.4941679],[-0.3268125,51.4944434],[-0.3259913,51.4949765],[-0.3254219,51.4953533],[-0.3248507,51.4957261],[-0.3244189,51.4960117],[-0.3237425,51.4964782],[-0.323555,51.4966056],[-0.3233749,51.4967162],[-0.3231544,51.4968428],[-0.3228248,51.4970038],[-0.3221106,51.4973175],[-0.3215403,51.4975616],[-0.3211262,51.4977365],[-0.3206235,51.4979296],[-0.320214,51.4980737],[-0.3198027,51.4982107],[-0.3195687,51.4982863],[-0.3193425,51.49835],[-0.3187002,51.4985305],[-0.3184396,51.4985983],[-0.3182139,51.4986534],[-0.3179481,51.4987158],[-0.3175928,51.4987945],[-0.3169331,51.4989306],[-0.3157938,51.4991614],[-0.3152766,51.4992688],[-0.3149748,51.4993279],[-0.3144519,51.4994511],[-0.3139908,51.4995541],[-0.3132147,51.4997248],[-0.3124141,51.4998926],[-0.3121026,51.4999567],[-0.3108343,51.5002225],[-0.3097514,51.5004579],[-0.3091379,51.5005899],[-0.3086481,51.5007089],[-0.3078619,51.5009197],[-0.3071743,51.5011247],[-0.3069238,51.5012007],[-0.3065737,51.5013254],[-0.3050928,51.5018841],[-0.3036609,51.5024251],[-0.302705,51.5027745],[-0.3022737,51.5029009],[-0.3017045,51.5030482],[-0.3012604,51.5031396],[-0.3007943,51.5032196],[-0.3002492,51.5033023],[-0.2984117,51.5035721],[-0.2946567,51.5041121],[-0.2938565,51.5042281],[-0.2934377,51.5042925],[-0.29306,51.5043607],[-0.2926849,51.5044397],[-0.292295,51.5045319],[-0.2917619,51.5046805],[-0.2913799,51.5047987],[-0.2908504,51.5049896],[-0.2902219,51.5052527],[-0.2898819,51.5053815],[-0.2895478,51.5055277],[-0.2892192,51.5056438],[-0.2888806,51.5057425],[-0.288522,51.5058203],[-0.2881421,51.5058825],[-0.2877694,51.5059123],[-0.2873953,51.5059299],[-0.287056,51.5059229],[-0.2865932,51.5058925],[-0.2861539,51.5058371],[-0.2859787,51.5058101],[-0.2857347,51.5057659],[-0.2854309,51.5056993],[-0.2850054,51.5055828],[-0.28476,51.5055046],[-0.2842994,51.5053416],[-0.2839407,51.5051983],[-0.2834823,51.5049974],[-0.2830778,51.5048055],[-0.2827978,51.5046519],[-0.2824115,51.5044287],[-0.2819837,51.5041688],[-0.2810021,51.503555],[-0.2802778,51.5031198]],[[-0.3151302,51.4991249],[-0.3156111,51.4989826],[-0.3160142,51.4988635],[-0.3163405,51.4987752],[-0.3167417,51.4986736],[-0.3171492,51.4985969],[-0.3177985,51.4985017],[-0.318209,51.4984439],[-0.3185102,51.4984009],[-0.3188495,51.4983474],[-0.3191232,51.4982964],[-0.3194659,51.4982288],[-0.3197195,51.498165],[-0.3199238,51.498108],[-0.3201362,51.4980495],[-0.3202748,51.4980065],[-0.3205952,51.497895],[-0.3211076,51.497703],[-0.3215173,51.4975278],[-0.3220807,51.4972885],[-0.3227997,51.4969728],[-0.3231256,51.496815],[-0.323332,51.4966977],[-0.3235261,51.496576],[-0.3237051,51.4964562],[-0.3243611,51.4959944],[-0.3248079,51.4957055],[-0.3253863,51.4953283],[-0.325965,51.4949474],[-0.3267451,51.4944388],[-0.3270194,51.4942582],[-0.3272052,51.4941408],[-0.3275381,51.4939011],[-0.3279456,51.4936562],[-0.3284472,51.493409],[-0.3289777,51.4931495],[-0.3295558,51.492853],[-0.3306906,51.4923024],[-0.3311687,51.4920632],[-0.331693,51.4918074],[-0.3325706,51.4913722],[-0.33357,51.4908762],[-0.3342757,51.4905324],[-0.3345849,51.4903768],[-0.3350302,51.4901423],[-0.3353376,51.4899622],[-0.3356257,51.4897735],[-0.3360263,51.4894615],[-0.3380556,51.4878562],[-0.339708,51.486558],[-0.3401974,51.4861629],[-0.3414548,51.4851683],[-0.3418341,51.4848726],[-0.3421967,51.4846436],[-0.3427399,51.4843492],[-0.343267,51.4841132],[-0.3437982,51.4839191],[-0.3447322,51.4836656],[-0.345138,51.4835913],[-0.3456495,51.4834968],[-0.3473102,51.4832075],[-0.3484704,51.4829978],[-0.3489186,51.4828926],[-0.3493486,51.4827735],[-0.3497525,51.4826361],[-0.3501484,51.4824848],[-0.3505724,51.4823003],[-0.3509294,51.4821171],[-0.3512721,51.481913],[-0.351566,51.4817217],[-0.3518797,51.4814844],[-0.352002,51.4813776],[-0.3521969,51.4812075],[-0.3522239,51.4811839],[-0.3522781,51.4811284],[-0.3526294,51.4807261],[-0.352852,51.4804104],[-0.3530542,51.480072],[-0.3531864,51.4797835],[-0.3532799,51.4794887],[-0.3533429,51.4792001],[-0.3533795,51.4788559],[-0.3533448,51.4778077],[-0.3532816,51.47703],[-0.3532993,51.4767238],[-0.3533264,51.476478],[-0.3533737,51.4762271],[-0.3534155,51.4761451],[-0.3534607,51.4760564],[-0.3536068,51.4756909],[-0.3538066,51.4753343],[-0.3540541,51.474965],[-0.3544056,51.4745239],[-0.354688,51.4742623],[-0.3550031,51.4740101],[-0.3551293,51.4739156],[-0.3552891,51.4738086],[-0.3555357,51.473653],[-0.3557701,51.4735188],[-0.3559148,51.4734408],[-0.3561156,51.4733376],[-0.3562936,51.4732597],[-0.3565244,51.4731666],[-0.3566129,51.4731332],[-0.3567051,51.4730994],[-0.3568675,51.4730398],[-0.3577495,51.4727511],[-0.3582459,51.4726079],[-0.360903,51.4718618],[-0.3613362,51.4717419],[-0.3616996,51.4716574],[-0.3621862,51.4715573],[-0.3627153,51.4714668],[-0.3631776,51.471405],[-0.363546,51.471372],[-0.363786,51.4713539],[-0.3639098,51.471347],[-0.3645915,51.4713183],[-0.3647533,51.4713121],[-0.3649228,51.4713056],[-0.3650309,51.4713019],[-0.3652084,51.4712959],[-0.3654002,51.4712895],[-0.3655563,51.4712843],[-0.3657233,51.471279],[-0.3657805,51.471277],[-0.3658935,51.471273],[-0.3660435,51.4712675],[-0.3662104,51.471261],[-0.3663875,51.4712546],[-0.3665108,51.4712504],[-0.366592,51.4712476],[-0.366822,51.4712411],[-0.3670596,51.4712331],[-0.3672484,51.4712276],[-0.3687304,51.4711747],[-0.3692909,51.47116],[-0.369574,51.4711569],[-0.3701204,51.4711737],[-0.3706851,51.471203],[-0.3710752,51.4712384],[-0.371417,51.4712693],[-0.3722828,51.4713968],[-0.3730703,51.4715664],[-0.3739196,51.4717927],[-0.374364,51.4719408],[-0.3748333,51.472106],[-0.3771444,51.4730689],[-0.378004,51.4734088],[-0.3784007,51.4735364],[-0.3788469,51.4736577],[-0.3792778,51.4737485],[-0.3797337,51.4738212],[-0.3801549,51.4738872],[-0.3806339,51.4739469],[-0.3810107,51.4739911],[-0.3814296,51.4740275],[-0.3818431,51.4740464],[-0.3821636,51.4740483],[-0.3826311,51.4740241],[-0.382937,51.4739962],[-0.383208,51.4739617],[-0.3835234,51.4739228],[-0.3838823,51.4738676],[-0.3845412,51.4737619],[-0.3856162,51.4735809],[-0.3860028,51.4735228],[-0.3861971,51.4734969],[-0.3863141,51.4734879],[-0.3864871,51.4734789],[-0.3867614,51.4734699],[-0.3869957,51.4734767],[-0.3873298,51.4734939],[-0.3876781,51.4735172],[-0.3881223,51.4735701],[-0.3885689,51.4736275],[-0.3902227,51.4740634],[-0.3918418,51.4744996],[-0.3926775,51.4747237],[-0.3932488,51.4748414],[-0.3940943,51.4749983],[-0.39415,51.475006],[-0.394494,51.4750627],[-0.3947672,51.4751072],[-0.3950029,51.4751416],[-0.3954804,51.4751562],[-0.3959712,51.4751195],[-0.3964642,51.4750543],[-0.3970417,51.4749476],[-0.3976633,51.474795],[-0.3983124,51.4746076],[-0.3996923,51.4741722],[-0.4022436,51.4733571],[-0.4023566,51.473321],[-0.402499,51.473275],[-0.4028974,51.4731477],[-0.4031676,51.4730613],[-0.4066849,51.4718885],[-0.4112018,51.4703268],[-0.4113723,51.4702676],[-0.4141305,51.4693481],[-0.4177596,51.468225],[-0.4205451,51.4673392],[-0.4216534,51.4669959],[-0.422114,51.4668385],[-0.4227026,51.4666456],[-0.4228257,51.4666139],[-0.4229417,51.4665899],[-0.4236954,51.4664837],[-0.4258119,51.4662133],[-0.426204,51.4661644]],[[-0.2843768,51.50494],[-0.2849186,51.505212],[-0.2851494,51.505325],[-0.2854212,51.5054442],[-0.2858104,51.5055731],[-0.286048,51.5056356],[-0.2862678,51.5056824],[-0.2866736,51.5057465],[-0.2870312,51.5057752],[-0.2873942,51.50579],[-0.2877639,51.5057744],[-0.2881308,51.5057414],[-0.2884776,51.5056809],[-0.2888057,51.5056073],[-0.2891033,51.5055297],[-0.2893964,51.5054397],[-0.2898087,51.5052763],[-0.2901704,51.5051264],[-0.2906871,51.5049202],[-0.2913693,51.5046786],[-0.2918634,51.5045263],[-0.2922558,51.5044273],[-0.2926236,51.5043389],[-0.293013,51.5042573],[-0.2937889,51.5041265],[-0.2945908,51.5040095],[-0.2983068,51.5034592],[-0.3001897,51.5031895],[-0.3007655,51.503105],[-0.3012148,51.5030286],[-0.3016424,51.5029399],[-0.3022081,51.5027938],[-0.3026379,51.502667],[-0.3035877,51.502318],[-0.3050481,51.5017478],[-0.306446,51.5011986],[-0.3067894,51.5010521],[-0.3071768,51.5009091],[-0.307828,51.5007162],[-0.3083434,51.5005854],[-0.308474,51.5005598],[-0.3094272,51.5003713],[-0.3104002,51.5001691],[-0.3113223,51.4999623],[-0.3121774,51.4997121],[-0.3127922,51.4995728],[-0.3135947,51.4994167],[-0.3138988,51.4993685],[-0.314618,51.499239],[-0.3149437,51.4991691],[-0.3151302,51.4991249]],[[-0.3144699,51.49933],[-0.3148358,51.4992155],[-0.3151302,51.4991249]],[[-0.3149312,51.4992856],[-0.3144185,51.4993879],[-0.3140972,51.4994516],[-0.3136769,51.4995316],[-0.3129074,51.4996863],[-0.3123627,51.4998023],[-0.3120651,51.4998661],[-0.3117356,51.4999387],[-0.3113566,51.5000339],[-0.3108189,51.5001711],[-0.3094746,51.50046],[-0.3086117,51.5006328],[-0.3078476,51.5008303],[-0.3071259,51.5010526],[-0.3068753,51.5011365],[-0.3065574,51.5012581],[-0.3050727,51.5018368],[-0.3036373,51.5023866],[-0.3026663,51.5027302],[-0.3022475,51.5028578],[-0.3016762,51.5030083],[-0.3012429,51.5030937],[-0.3007897,51.503174],[-0.3002366,51.50326],[-0.2983739,51.5035318],[-0.2946521,51.5040777],[-0.2938391,51.5041961],[-0.293427,51.5042616],[-0.2930441,51.5043319],[-0.29234,51.5044878],[-0.2919407,51.5045919],[-0.2915381,51.504714],[-0.2912029,51.5048243],[-0.2908855,51.5049443],[-0.2901925,51.5052278],[-0.2898673,51.5053583],[-0.2895129,51.5054985],[-0.2892542,51.5055855],[-0.2889898,51.5056619],[-0.2885831,51.5057522],[-0.2882031,51.5058125],[-0.2877897,51.505857],[-0.2874,51.5058794],[-0.2870591,51.5058756],[-0.2865808,51.5058421],[-0.2861723,51.5057895],[-0.2859576,51.5057557],[-0.2857445,51.5057142],[-0.2853659,51.5056186],[-0.2850478,51.5055272],[-0.2847526,51.505427],[-0.2844079,51.5052921],[-0.2841456,51.5051681],[-0.2838708,51.5050306],[-0.283462,51.5048004],[-0.2831306,51.504595],[-0.2825281,51.5042316],[-0.2823217,51.5041121]],[[-0.3144699,51.49933],[-0.3148252,51.499255]],[[-0.2810716,51.5034004],[-0.2817305,51.5037457],[-0.2825398,51.5041774],[-0.2831693,51.5045064],[-0.2837624,51.5048155],[-0.2841029,51.5049951],[-0.2845116,51.505204],[-0.2848509,51.50536],[-0.2851293,51.5054707],[-0.2853412,51.5055397],[-0.2857567,51.5056593],[-0.2859883,51.5057124],[-0.2861825,51.5057491],[-0.2865655,51.5057994],[-0.2870519,51.5058367],[-0.287374,51.5058398],[-0.2877214,51.5058255],[-0.2880567,51.5057958],[-0.2884283,51.5057393],[-0.2887734,51.5056688],[-0.289137,51.5055702],[-0.2894415,51.5054624],[-0.2898335,51.5053091],[-0.2901918,51.5051577],[-0.2907089,51.5049483],[-0.2913974,51.5047074],[-0.2918874,51.5045553],[-0.2922793,51.5044534],[-0.2926473,51.5043643],[-0.2930342,51.5042851],[-0.2938231,51.5041534],[-0.2946228,51.5040391],[-0.2983403,51.5035022],[-0.3002109,51.5032304],[-0.3007814,51.5031456],[-0.3012335,51.5030662],[-0.3016687,51.5029785],[-0.3022324,51.5028359],[-0.3026507,51.5027056],[-0.3036205,51.5023533],[-0.3050625,51.5018028],[-0.306511,51.5012335],[-0.3068503,51.5011052],[-0.3071008,51.5010204],[-0.3074669,51.5009062],[-0.3078357,51.5007988],[-0.308521,51.5006224],[-0.3087551,51.5005711],[-0.3094517,51.5004276],[-0.3107889,51.5001364],[-0.3114634,51.4999758],[-0.3117494,51.499904],[-0.3120489,51.4998372],[-0.3128555,51.499666],[-0.3134898,51.4995343],[-0.3139091,51.499448],[-0.3139539,51.4994386],[-0.3144699,51.49933]],[[-0.2843768,51.50494],[-0.2847194,51.5051271],[-0.2851016,51.5053605]],[[-0.2810716,51.5034004],[-0.2814359,51.503557],[-0.2816944,51.5036584],[-0.281928,51.5037619],[-0.2823844,51.5039853],[-0.283199,51.5043913],[-0.2838057,51.5046953],[-0.2843437,51.5049647],[-0.284826,51.5052096],[-0.2851016,51.5053605]],[[-0.2783996,51.5001064],[-0.2786962,51.5005364],[-0.2787593,51.5006415],[-0.2789545,51.5010168],[-0.2792288,51.5015176],[-0.2793721,51.5017753],[-0.2795592,51.5020603],[-0.2796937,51.5022322],[-0.2798816,51.5024371],[-0.2799916,51.5025446],[-0.2801687,51.5026967],[-0.2803094,51.5028105],[-0.2806246,51.5030375],[-0.2809056,51.5032044],[-0.2812887,51.5034063],[-0.2819679,51.5037421],[-0.2826314,51.5040728],[-0.2832678,51.5043905],[-0.2841574,51.5048286],[-0.2843768,51.50494]],[[-0.2823217,51.5041121],[-0.2820253,51.5039463],[-0.281695,51.5037736],[-0.2811609,51.5034946],[-0.2804795,51.5031237]],[[-0.2823217,51.5041121],[-0.2817639,51.5038582]],[[-0.2817639,51.5038582],[-0.2813968,51.5036668],[-0.2812132,51.5035727]],[[-0.2812132,51.5035727],[-0.2808346,51.5033525],[-0.2804795,51.5031237]],[[-0.2812132,51.5035727],[-0.2806916,51.5033235],[-0.2802778,51.5031198]],[[-0.1492749,51.6517013],[-0.1489526,51.6515957],[-0.1480179,51.6512911],[-0.1475647,51.6511313],[-0.1472526,51.6510184],[-0.1468771,51.6508866],[-0.1467048,51.6508413],[-0.1465072,51.6507946],[-0.146435,51.6507782],[-0.1458577,51.6506604],[-0.1457313,51.650633],[-0.1446604,51.6504206],[-0.1443625,51.6503666],[-0.1437855,51.6502774],[-0.1433498,51.6502257],[-0.1429701,51.6501889],[-0.1426079,51.6501571],[-0.1422129,51.6501358],[-0.1414431,51.6500937],[-0.1407469,51.6500574],[-0.1403619,51.6500303],[-0.139921,51.6499941],[-0.1394654,51.6499436],[-0.1391747,51.6499044],[-0.1388138,51.6498511],[-0.1384403,51.6497834],[-0.1374554,51.6495992],[-0.1367013,51.6494489],[-0.1363141,51.6493591],[-0.1359228,51.6492607],[-0.1355408,51.6491521],[-0.1351494,51.6490289],[-0.1347905,51.6489042],[-0.1343976,51.6487552],[-0.134118,51.6486442],[-0.1338359,51.6485214],[-0.1333448,51.6482999],[-0.1328432,51.6480846],[-0.1324549,51.6479335],[-0.1318075,51.647643],[-0.1316106,51.6475575],[-0.1304176,51.6470221],[-0.1301254,51.6468908],[-0.1298718,51.6467669],[-0.129499,51.6465729],[-0.1292787,51.6464372],[-0.1289918,51.646236],[-0.1288988,51.6461656],[-0.1287499,51.64605],[-0.1286083,51.6459256],[-0.1284601,51.6457807],[-0.128316,51.6456248],[-0.1281729,51.6454461],[-0.1280782,51.6453142],[-0.1280079,51.645195],[-0.1279035,51.6450009],[-0.1278285,51.6448351],[-0.1274744,51.6438994],[-0.1272031,51.6431699],[-0.126944,51.6424845],[-0.1267266,51.6419014],[-0.1265046,51.641305],[-0.1262753,51.6407098],[-0.1259708,51.6398914],[-0.1257223,51.6392199],[-0.1254571,51.6385894],[-0.1251488,51.6377818],[-0.1250077,51.6373712],[-0.1249289,51.6370982],[-0.1248898,51.6369347],[-0.1248651,51.6367662],[-0.1248287,51.6364753],[-0.1248097,51.6362874],[-0.1247899,51.6360592],[-0.1247863,51.6357909],[-0.1247976,51.6356058],[-0.124809,51.635443],[-0.1248259,51.635331],[-0.1248534,51.6351924],[-0.1248758,51.6350968],[-0.1249061,51.634988],[-0.1249552,51.6348457],[-0.1250085,51.6347157],[-0.125081,51.6345647],[-0.1251261,51.6344818],[-0.1251834,51.6343842],[-0.1253196,51.6341833],[-0.1254247,51.6340445],[-0.1254988,51.6339538],[-0.1255723,51.6338709],[-0.1257062,51.6337368],[-0.1258728,51.6335843],[-0.1259935,51.6334784],[-0.1261596,51.6333496],[-0.1263418,51.6332187],[-0.1269277,51.6328509],[-0.1271891,51.6326829],[-0.127758,51.632301],[-0.1286534,51.6316366],[-0.1289285,51.6314324],[-0.1295507,51.630933],[-0.1298893,51.6306621],[-0.1300335,51.6305467],[-0.1305378,51.6301654],[-0.1306067,51.6301205],[-0.1306909,51.630066],[-0.131042,51.6298391],[-0.131923,51.6292235],[-0.1327801,51.6286487],[-0.1333225,51.6282194],[-0.1340966,51.6275213],[-0.1342213,51.6273925],[-0.1343946,51.627208],[-0.1345194,51.6270703],[-0.1346511,51.6269182],[-0.1347584,51.626782],[-0.1349426,51.6265246],[-0.1350099,51.6264235],[-0.135091,51.6262929],[-0.1351566,51.6261861],[-0.1352003,51.6261091],[-0.1352935,51.625942],[-0.1353459,51.6258258],[-0.1354912,51.6254745],[-0.135556,51.6252864],[-0.135602,51.6251279],[-0.1356266,51.6250293],[-0.1356505,51.6249306],[-0.1356936,51.6247137],[-0.1357225,51.6245155],[-0.1357312,51.6243815],[-0.1357383,51.6242421],[-0.1357425,51.6241],[-0.1357256,51.6237592],[-0.1356837,51.6234272],[-0.1356444,51.6231482],[-0.1355854,51.6226741],[-0.135515,51.6223086],[-0.1354686,51.6220451],[-0.1354158,51.6217555],[-0.1353384,51.6212893],[-0.1352581,51.620696],[-0.1351997,51.6203467],[-0.1351663,51.6201949],[-0.1351421,51.6201111],[-0.1351085,51.6200112],[-0.1350549,51.61987],[-0.1350036,51.6197585],[-0.1349396,51.6196291],[-0.134904,51.6195656],[-0.1348566,51.6194906],[-0.1347832,51.6193873],[-0.134688,51.6192591],[-0.1345701,51.6191008],[-0.1344853,51.6189971],[-0.1342255,51.6187064],[-0.134076,51.6185308],[-0.1338906,51.6183206],[-0.1337138,51.6181267],[-0.1336445,51.6180454],[-0.1335067,51.6178732],[-0.1334638,51.6178128],[-0.1334382,51.6177762],[-0.1332438,51.6174695],[-0.1331824,51.6173501],[-0.1331288,51.617193],[-0.1330351,51.6169104],[-0.1330041,51.6167868],[-0.1329726,51.6165661],[-0.1329256,51.6162454],[-0.1328905,51.6159281],[-0.1328652,51.6157091],[-0.1328694,51.615549],[-0.1328756,51.6150402],[-0.1328737,51.614802],[-0.1328722,51.6145167],[-0.1328743,51.6142215],[-0.1328722,51.6139043],[-0.1328708,51.6137222],[-0.1328624,51.6127825],[-0.1328647,51.6126143],[-0.1328602,51.6124392],[-0.1328542,51.6123634],[-0.1328393,51.6122317],[-0.1328296,51.6121542],[-0.1328156,51.6120846],[-0.1327501,51.6118499],[-0.1327055,51.611724],[-0.1326597,51.6116161],[-0.1326073,51.6115049],[-0.1325254,51.6113585],[-0.1324146,51.6111846],[-0.1322919,51.6110088],[-0.1318705,51.6104634],[-0.1313819,51.6100724],[-0.1308781,51.6097846],[-0.1304045,51.6095593],[-0.1301023,51.6094498],[-0.1291602,51.6091401],[-0.1281677,51.6088303],[-0.1270896,51.6084236],[-0.1264383,51.6081683],[-0.1254787,51.6077592],[-0.1247997,51.6074523],[-0.1244371,51.6072802],[-0.1241695,51.6071374],[-0.1239336,51.6069888],[-0.1229216,51.6063263],[-0.1223803,51.6060093],[-0.1220226,51.6055805],[-0.1216417,51.6050458],[-0.1216171,51.6050112],[-0.1209711,51.6038871],[-0.1204096,51.6031614],[-0.1197219,51.6025403],[-0.1191129,51.6021516],[-0.1187083,51.6019424],[-0.1157237,51.6007501],[-0.1145267,51.6002727],[-0.1131759,51.5995986],[-0.112278,51.5991906],[-0.1117022,51.5988678],[-0.1110052,51.598389],[-0.1097553,51.5974189],[-0.1089172,51.5966854],[-0.1083147,51.5961685],[-0.1076287,51.5955705],[-0.1063927,51.5944566],[-0.1059423,51.5940657],[-0.1039279,51.5922268],[-0.1037153,51.5918195],[-0.1036862,51.5916229],[-0.1036621,51.591331],[-0.1035033,51.5909524],[-0.1031196,51.5906131],[-0.1029773,51.5905153],[-0.1028304,51.5904151],[-0.1027127,51.5903271],[-0.1025376,51.5901881],[-0.1024585,51.5901231],[-0.1023695,51.5900474],[-0.1022408,51.5899316],[-0.1021642,51.5898561],[-0.1020456,51.5896887],[-0.1016438,51.5887494],[-0.1011065,51.5874936],[-0.1002734,51.5856589],[-0.0998214,51.5837922],[-0.0996494,51.5827413],[-0.0995722,51.582196],[-0.0994874,51.5817146],[-0.099408,51.5812526],[-0.0993265,51.5808679],[-0.0992471,51.5804206],[-0.0991645,51.5799859],[-0.0990969,51.5795738],[-0.0989864,51.5790398],[-0.0989188,51.5785931],[-0.0988544,51.5781117],[-0.0988029,51.577679],[-0.0986699,51.5772009],[-0.098318,51.5767209],[-0.0980111,51.5763575],[-0.0977161,51.5759601],[-0.0973567,51.5755093],[-0.0970423,51.5750793],[-0.0967258,51.5747419],[-0.0963879,51.5742498],[-0.0960993,51.5738504],[-0.0957753,51.573513],[-0.0955392,51.5731636],[-0.0953171,51.5727155],[-0.0952152,51.5722794],[-0.0952141,51.5719379],[-0.0952742,51.5716479],[-0.0953772,51.5713651],[-0.0955907,51.5710497],[-0.0959501,51.5706143],[-0.0963971,51.5703208],[-0.0965552,51.5701074],[-0.0969522,51.5697987],[-0.0972977,51.569628],[-0.0979124,51.5693192],[-0.0984167,51.5691385],[-0.09873,51.5690658],[-0.0993608,51.5689631],[-0.0999016,51.5689178],[-0.100467,51.5689138],[-0.1013028,51.5688958],[-0.1020259,51.5688851],[-0.1029389,51.5688311],[-0.103617,51.5687517],[-0.1042532,51.5686017],[-0.1048079,51.5683689],[-0.105446,51.5678834],[-0.1057077,51.5676381],[-0.1058854,51.5673634],[-0.1060299,51.5670869],[-0.1061791,51.5667173],[-0.106316,51.5662228],[-0.1064324,51.5655843],[-0.1064805,51.5651473],[-0.1065662,51.5643672],[-0.1066035,51.5640158],[-0.1066378,51.5636152],[-0.1067826,51.5628278],[-0.1068937,51.5621713],[-0.1070246,51.561344],[-0.1070428,51.5610346],[-0.1070002,51.5597399],[-0.1070072,51.5592842],[-0.1070199,51.5591211],[-0.1070432,51.5589905],[-0.107075,51.5588954],[-0.1070918,51.5588594],[-0.1071133,51.5588141],[-0.1071462,51.5587488],[-0.107183,51.5586813],[-0.1072277,51.5586017],[-0.1073446,51.5584094],[-0.1075631,51.5580497],[-0.1077327,51.5578255],[-0.108093,51.5574243],[-0.1086992,51.5567706],[-0.109866,51.5555065],[-0.1103863,51.5550496],[-0.1113209,51.5542339],[-0.1118883,51.5537388],[-0.1124817,51.553196],[-0.11293,51.5528117],[-0.1130079,51.5527471],[-0.1131006,51.5526737],[-0.1132081,51.5525912],[-0.1132963,51.5525266],[-0.1133675,51.5524761],[-0.1142583,51.5519151],[-0.1161492,51.5506248],[-0.1163384,51.5504828],[-0.1164846,51.550362],[-0.1177184,51.5492012],[-0.1182804,51.5484551],[-0.1182915,51.5484392],[-0.1200623,51.5459002],[-0.1209972,51.5440961],[-0.1217531,51.5425365],[-0.1220567,51.5415923],[-0.1223057,51.5405761],[-0.1224048,51.5389378],[-0.1223707,51.5386182],[-0.122394,51.5382853],[-0.1224761,51.5379094],[-0.1224897,51.5375935],[-0.1225324,51.5368233],[-0.1227858,51.5343279],[-0.1228131,51.5336699],[-0.1228302,51.5331943],[-0.1228517,51.5328837],[-0.122809,51.5324947],[-0.1227692,51.5322036],[-0.1227776,51.5318561],[-0.1227922,51.5317268],[-0.122839,51.5315106],[-0.1229228,51.5310661],[-0.1230218,51.5307859],[-0.1230569,51.5306839],[-0.1232607,51.5300273],[-0.1235018,51.5296331],[-0.1236738,51.5293544],[-0.1238458,51.5290409],[-0.1242865,51.528199],[-0.125164,51.5265223],[-0.1252613,51.5263358],[-0.1253373,51.526138],[-0.1253879,51.5259257],[-0.125402,51.5257947],[-0.1253969,51.5256527],[-0.1253707,51.52548],[-0.1253179,51.5253411],[-0.1243996,51.5237325],[-0.1242994,51.5235409],[-0.1242324,51.5233526],[-0.1242034,51.5231453],[-0.1242071,51.5230956],[-0.1242735,51.5222283],[-0.1242736,51.5220062],[-0.1242349,51.5218397],[-0.1241556,51.5216771],[-0.124046,51.5215253],[-0.1239121,51.5213654],[-0.1237669,51.5212198],[-0.1231739,51.520718],[-0.1225539,51.5201934],[-0.1213034,51.5191982],[-0.1210842,51.5189777],[-0.1209214,51.5187717],[-0.1208515,51.5184921],[-0.1208,51.5181727],[-0.1207548,51.5179609],[-0.1207289,51.517864],[-0.1206931,51.5177802],[-0.1206296,51.5176719],[-0.1206118,51.5176416],[-0.1205718,51.5175758],[-0.1204668,51.5174178],[-0.1203181,51.5171941],[-0.1201509,51.5169424],[-0.1200045,51.5167054],[-0.1199428,51.5165744],[-0.1199081,51.5164117],[-0.1199242,51.5163234],[-0.1199653,51.5162452],[-0.1200101,51.516169],[-0.1201093,51.5160562],[-0.1203318,51.5158658],[-0.1215985,51.5150096],[-0.1217382,51.5148755],[-0.1220049,51.5144953],[-0.1221909,51.5143206],[-0.122707,51.5140058],[-0.1229792,51.513819],[-0.123154,51.5137171],[-0.123906,51.5132509],[-0.1240887,51.5131374],[-0.1245314,51.5128652],[-0.125262,51.5124774],[-0.1260181,51.5121278],[-0.1272684,51.5116406],[-0.1274472,51.5115775],[-0.1275681,51.5115348],[-0.1281376,51.511334],[-0.1285651,51.5111835],[-0.1299411,51.5107832],[-0.130663,51.5106001],[-0.1312548,51.5104565],[-0.1317072,51.5103644],[-0.1323067,51.5102462],[-0.1327304,51.5101705],[-0.1331234,51.5100985],[-0.1334597,51.5100223],[-0.1340143,51.5098704],[-0.1346781,51.5096687],[-0.1357613,51.5093245],[-0.1379751,51.5086004],[-0.1392567,51.5082226],[-0.1394902,51.5081451],[-0.1397525,51.5080578],[-0.1411754,51.5074963],[-0.1416649,51.5072761],[-0.1418986,51.5071603],[-0.1428352,51.5067094],[-0.1434097,51.5064019],[-0.143922,51.5061306],[-0.1456027,51.5052888],[-0.1476554,51.5042341],[-0.1480071,51.5040595],[-0.1485395,51.5038416],[-0.1489472,51.5036944],[-0.1493187,51.5035704],[-0.1497384,51.5034566],[-0.1501273,51.5033749],[-0.1506048,51.5032954],[-0.1525574,51.5029261],[-0.1528548,51.5028806],[-0.1534728,51.5027829],[-0.1541878,51.502678],[-0.1548975,51.5025739],[-0.1554382,51.5024952],[-0.1558645,51.5024215],[-0.1563299,51.502335],[-0.1566505,51.5022937],[-0.1569536,51.5022699],[-0.1576562,51.5022311],[-0.1580265,51.5022063],[-0.1582665,51.5021776],[-0.1584929,51.5021418],[-0.1587359,51.5021005],[-0.1591074,51.5020284],[-0.1592118,51.502007],[-0.1596726,51.5019129],[-0.1602223,51.5018072],[-0.1604698,51.5017447],[-0.1605758,51.5017138],[-0.1607047,51.50166],[-0.160922,51.5015478],[-0.1610723,51.5014644],[-0.1611514,51.5014185],[-0.1612292,51.5013716],[-0.1613029,51.5013252],[-0.1613634,51.5012857],[-0.1614473,51.5012291],[-0.1615229,51.5011766],[-0.1616039,51.5011173],[-0.1616688,51.5010689],[-0.1617328,51.5010187],[-0.1618897,51.5008853],[-0.1620852,51.5007019],[-0.1625564,51.500277],[-0.1628749,51.5000464],[-0.1633512,51.4997539],[-0.1636481,51.4995725],[-0.165372,51.4985935],[-0.1658448,51.4983433],[-0.1668189,51.4978033],[-0.1676728,51.497341],[-0.1687933,51.4966617],[-0.1689227,51.4965603],[-0.1690274,51.4964475],[-0.1691108,51.4963221],[-0.169189,51.496185],[-0.1692087,51.4961419],[-0.1692197,51.4961133],[-0.169241,51.4960676],[-0.1692624,51.4959351],[-0.1693085,51.4958046],[-0.1693732,51.4956815],[-0.1694525,51.4955764],[-0.1695443,51.4954622],[-0.1696698,51.4953516],[-0.1697991,51.4952497],[-0.1699378,51.4951663],[-0.1701156,51.4950863],[-0.1705804,51.4949908],[-0.1707839,51.4949089],[-0.1709295,51.4948497],[-0.1710528,51.494768],[-0.1711399,51.4946935],[-0.1712039,51.4946241],[-0.1713937,51.4944012],[-0.171519,51.4942851],[-0.1716725,51.4941883],[-0.1718237,51.4941113],[-0.1719546,51.4940623],[-0.1721354,51.4940132],[-0.1723702,51.4939736],[-0.1726722,51.4939539],[-0.1729308,51.4939689],[-0.1736346,51.4940105],[-0.1743256,51.4940653],[-0.1745339,51.494059],[-0.1747735,51.4940536],[-0.1751009,51.4940371],[-0.175325,51.4940239],[-0.1759897,51.4939838],[-0.1761458,51.4939699],[-0.1765982,51.4939295],[-0.1789262,51.4937363],[-0.1792027,51.4937169],[-0.1797075,51.4936898],[-0.1802151,51.4937348],[-0.1827982,51.4942014],[-0.1834253,51.4943436],[-0.1843428,51.4945352],[-0.1847339,51.4946438],[-0.18552,51.4948273],[-0.1857918,51.4948772],[-0.1862058,51.4949512],[-0.1866273,51.4949828],[-0.1871332,51.4949772],[-0.1877247,51.4949188],[-0.1882435,51.4948199],[-0.1885113,51.4947507],[-0.1888835,51.4946103],[-0.1891948,51.4944715],[-0.1896262,51.4942643],[-0.1910304,51.4935099],[-0.1930872,51.4921905],[-0.1933842,51.492001],[-0.1940354,51.4915594],[-0.1946966,51.4911229],[-0.1951902,51.4908025],[-0.1959162,51.4903981],[-0.1963942,51.4902223],[-0.1965779,51.4901745],[-0.196722,51.490142],[-0.1969609,51.4900957],[-0.1976862,51.4899827],[-0.1982999,51.4899466],[-0.198872,51.4899672],[-0.1995153,51.4900651],[-0.2001032,51.4902398],[-0.2007131,51.4905024],[-0.201536,51.4909135],[-0.2018668,51.4910549],[-0.2021731,51.4911609],[-0.2025126,51.4912562],[-0.2028775,51.49131],[-0.2032526,51.491328],[-0.2035602,51.4913169],[-0.2038603,51.4912945],[-0.2041776,51.4912478],[-0.2044583,51.4911864],[-0.2074626,51.4902875],[-0.2078652,51.4901854],[-0.2082633,51.4901334],[-0.2085301,51.4901009],[-0.2091223,51.4900478],[-0.2094583,51.4900226],[-0.2098059,51.4900077],[-0.2103462,51.4900053],[-0.2109784,51.490026],[-0.2118123,51.4900972],[-0.2129244,51.490224],[-0.2131251,51.4902471],[-0.2133475,51.4902727],[-0.2136524,51.4903017],[-0.2138466,51.4903152],[-0.2140201,51.4903224],[-0.2141344,51.4903246],[-0.2142549,51.4903281],[-0.2143765,51.4903326],[-0.2144949,51.4903359],[-0.2147403,51.490339],[-0.2149196,51.4903386],[-0.2151082,51.4903379],[-0.2152314,51.4903354],[-0.2153154,51.4903357],[-0.2155974,51.4903269],[-0.2159644,51.4903104],[-0.2163244,51.4902924],[-0.2165973,51.4902787],[-0.2169383,51.4902582],[-0.2184809,51.4901966],[-0.2186894,51.4901825],[-0.2188759,51.490176],[-0.2190108,51.4901763],[-0.2193629,51.4901873],[-0.2197335,51.4902101],[-0.2199772,51.4902384],[-0.2202096,51.4902762],[-0.220441,51.4903232],[-0.2208512,51.4904364],[-0.2211202,51.4905179],[-0.2213218,51.490603],[-0.2215407,51.4907016],[-0.2218604,51.4908748],[-0.2220319,51.4909789],[-0.2222256,51.491119],[-0.2222787,51.4911754],[-0.2223067,51.4912075],[-0.2225503,51.491452],[-0.2226293,51.491529],[-0.2227506,51.4916532],[-0.2227944,51.4916946],[-0.2232548,51.4921295],[-0.2236073,51.49246],[-0.2237524,51.4925877],[-0.2239524,51.4927638],[-0.2241667,51.4929066],[-0.2242771,51.4929619],[-0.2244918,51.4930662],[-0.2246741,51.4931336],[-0.2254049,51.4933895],[-0.225929,51.4935425],[-0.2261388,51.493594],[-0.2264745,51.4936529],[-0.2267108,51.4936764],[-0.2268693,51.4936881],[-0.2270298,51.49369],[-0.2271966,51.4936902],[-0.2273815,51.4936814],[-0.2276321,51.4936604],[-0.2282762,51.4935896],[-0.2285504,51.4935766],[-0.2288194,51.4935731],[-0.2295126,51.4936158],[-0.2297079,51.4936338],[-0.230126,51.4936636],[-0.2303887,51.4936802],[-0.2314464,51.4937513],[-0.2319692,51.493779],[-0.2322725,51.4937967],[-0.2325757,51.4938245],[-0.2328612,51.4938636],[-0.233072,51.4938892],[-0.2334854,51.4939399],[-0.2339106,51.4939824],[-0.2341364,51.4939993],[-0.2345997,51.4940341],[-0.2348132,51.4940496],[-0.2357995,51.4941116],[-0.2364106,51.4941661],[-0.2368651,51.4942196],[-0.2371197,51.4942547],[-0.2379999,51.4944046],[-0.2388677,51.4945499],[-0.2392382,51.4946058],[-0.2396026,51.4946571],[-0.2397898,51.4946828],[-0.2404629,51.4947684],[-0.2410649,51.4948273],[-0.2416876,51.494875],[-0.2423235,51.4949078],[-0.2428469,51.4949253],[-0.2433211,51.4949254],[-0.2437908,51.4949128],[-0.2442335,51.4948983],[-0.2446632,51.4948961],[-0.2449697,51.4948998],[-0.2451647,51.4949074],[-0.2453115,51.4949137],[-0.2454579,51.4949228],[-0.2463359,51.4949831],[-0.2467762,51.4950126],[-0.2468407,51.4950169],[-0.2470116,51.4950261],[-0.2471817,51.4950332],[-0.2475404,51.4950368],[-0.2482145,51.4950537],[-0.2484447,51.4950605],[-0.2502895,51.4951153],[-0.2510613,51.4951318],[-0.2516314,51.4951373],[-0.2527777,51.4951373],[-0.2533052,51.4951331],[-0.2545981,51.4951157],[-0.2551451,51.4951048],[-0.2554326,51.4950996],[-0.255688,51.4950875],[-0.2570802,51.4950453],[-0.2581894,51.4950321],[-0.2589624,51.4950499],[-0.2591914,51.4950539],[-0.2594501,51.4950556],[-0.2595378,51.4950554],[-0.259682,51.4950552],[-0.259916,51.4950542],[-0.2601359,51.4950444],[-0.2603197,51.4950335],[-0.2605347,51.4950162],[-0.2609403,51.4949835],[-0.2613798,51.4949437],[-0.2627485,51.4948009],[-0.2638117,51.4946774],[-0.2651103,51.4945347],[-0.2656429,51.4944831],[-0.2659848,51.4944619],[-0.2663413,51.4944502],[-0.2667318,51.4944503],[-0.2669586,51.4944543],[-0.2671836,51.4944645],[-0.267521,51.4944896],[-0.2678965,51.4945308],[-0.2681554,51.4945671],[-0.2683821,51.4946055],[-0.2686514,51.4946586],[-0.2688826,51.494711],[-0.2691125,51.4947676],[-0.2694373,51.4948556],[-0.2697508,51.4949492],[-0.2701091,51.4950697],[-0.2704587,51.4951992],[-0.2708774,51.4953915],[-0.271257,51.4955897],[-0.2716597,51.4958353],[-0.2719232,51.4960202],[-0.2721974,51.4962403],[-0.2726861,51.4966529],[-0.2728766,51.4968001],[-0.2730706,51.4969406],[-0.2732109,51.4970301],[-0.2735057,51.4971975],[-0.273804,51.4973562],[-0.2740089,51.4974666],[-0.2744508,51.4976694],[-0.2751001,51.4979332],[-0.2752779,51.4980076],[-0.2758177,51.4982336],[-0.2763412,51.498465],[-0.2766065,51.4985955],[-0.2768515,51.4987259],[-0.2771832,51.4989297],[-0.2773992,51.499081],[-0.2776654,51.4992817],[-0.2778959,51.4994896],[-0.2780024,51.4996031],[-0.2781146,51.4997258],[-0.2783114,51.4999789],[-0.2783996,51.5001064],[-0.2785047,51.5003094],[-0.2786012,51.5005],[-0.2787064,51.5007449],[-0.2788486,51.501106],[-0.2790101,51.5014276],[-0.2792424,51.5018402],[-0.2794174,51.5020919],[-0.2795678,51.5022807],[-0.2797442,51.5024698],[-0.279835,51.5025637],[-0.279916,51.502644],[-0.2801097,51.5028013],[-0.2804136,51.5030168],[-0.2805474,51.5030996],[-0.2810716,51.5034004]],[[-0.2804795,51.5031237],[-0.2803717,51.5030478],[-0.2800381,51.5028024],[-0.2798444,51.502633],[-0.2796961,51.5024874],[-0.2795245,51.5022936],[-0.2793688,51.5021048],[-0.2792,51.5018533],[-0.2789695,51.5014402],[-0.2787815,51.5010909]],[[-0.2802778,51.5031198],[-0.2799297,51.502866],[-0.2797421,51.5027149],[-0.2795634,51.5025332],[-0.2793804,51.5023306],[-0.2792567,51.5021514],[-0.2790867,51.5018542],[-0.2789153,51.5015348],[-0.2788561,51.5013386],[-0.2787815,51.5010909]],[[-0.2787815,51.5010909],[-0.2786787,51.5008865],[-0.2785354,51.5006375],[-0.2784136,51.5004359],[-0.2782784,51.5002516],[-0.2781194,51.5000615],[-0.2780305,51.4999669],[-0.27791,51.4998487],[-0.2776642,51.4996299],[-0.2774011,51.4994379],[-0.276578,51.4988756],[-0.2759824,51.498476],[-0.2756998,51.4983093],[-0.2754033,51.4981477],[-0.2750697,51.4979931],[-0.2745546,51.4977754],[-0.2739369,51.4975045],[-0.2737067,51.4973858],[-0.2734347,51.497242],[-0.2731416,51.497074],[-0.2730101,51.4969884],[-0.2728049,51.4968469],[-0.2726103,51.4967032],[-0.2721335,51.4963072],[-0.2718539,51.4960725],[-0.2715655,51.4958642],[-0.271193,51.4956385],[-0.2708294,51.4954403],[-0.270456,51.4952721],[-0.2701109,51.4951447],[-0.2698159,51.4950353],[-0.2693748,51.4949029],[-0.2688726,51.4947749],[-0.2686203,51.4947184],[-0.2683841,51.4946718],[-0.2681523,51.4946318],[-0.2678461,51.4945833],[-0.2675547,51.4945465],[-0.2673285,51.494524],[-0.2670958,51.4945062],[-0.2668703,51.4944974],[-0.2666433,51.4944911],[-0.2663464,51.494494],[-0.2660965,51.4945035],[-0.2658597,51.4945142],[-0.2651132,51.4945831],[-0.2638297,51.4947226],[-0.2627677,51.4948523],[-0.2613867,51.4950014],[-0.2609696,51.4950448],[-0.2603224,51.4950901],[-0.2601396,51.4950993],[-0.2591886,51.4951528],[-0.258815,51.4951646],[-0.2584689,51.4951766],[-0.2580975,51.4951841],[-0.2579048,51.4951858],[-0.2577261,51.4951873],[-0.2570817,51.4951725],[-0.2562082,51.4951435],[-0.2556853,51.4951296],[-0.2554321,51.4951318],[-0.2553026,51.4951345],[-0.2551449,51.4951377],[-0.2550654,51.4951392],[-0.254427,51.4951505],[-0.2533051,51.495162],[-0.2527768,51.4951718],[-0.2516332,51.49518],[-0.2510622,51.4951746],[-0.2502878,51.49517],[-0.2482139,51.4950991],[-0.2475431,51.4950786],[-0.2475033,51.495076],[-0.247088,51.4950715],[-0.2468328,51.495058],[-0.2464396,51.4950323],[-0.2454792,51.4949675],[-0.2453055,51.4949583],[-0.244966,51.4949451],[-0.2446599,51.4949401],[-0.2442339,51.4949391],[-0.2437926,51.4949502],[-0.2433211,51.4949643],[-0.2428468,51.4949634],[-0.2423197,51.4949465],[-0.2416827,51.4949129],[-0.2410566,51.4948661],[-0.240453,51.4948084],[-0.2397917,51.4947227],[-0.2396058,51.4946967],[-0.2392308,51.4946445],[-0.2388571,51.4945893],[-0.2379823,51.4944358],[-0.2371039,51.4942873],[-0.236857,51.4942499],[-0.2364024,51.4941968],[-0.2357901,51.494146],[-0.2348081,51.4940788],[-0.234591,51.4940634],[-0.2341479,51.4940332],[-0.2338984,51.4940139],[-0.2334764,51.4939768],[-0.23307,51.4939358],[-0.2328516,51.4939125],[-0.2324066,51.493873],[-0.2319306,51.4938316],[-0.2314383,51.4937959],[-0.2303865,51.493713],[-0.2301247,51.4936939],[-0.2297327,51.4936668],[-0.229517,51.4936495],[-0.2290528,51.4936201],[-0.2288519,51.4936109],[-0.2286509,51.4936096],[-0.2284452,51.4936124],[-0.228247,51.4936271],[-0.2276327,51.4937044],[-0.2273673,51.4937279],[-0.2271395,51.4937377],[-0.2270064,51.4937386],[-0.2268361,51.4937306],[-0.2266143,51.4937144],[-0.2263228,51.4936764],[-0.2261058,51.493638],[-0.2258962,51.4935859],[-0.225353,51.4934494],[-0.2246235,51.493193],[-0.2244439,51.4931161],[-0.2241864,51.4929977],[-0.2238707,51.4927939],[-0.2236839,51.4926136],[-0.2233459,51.4922874],[-0.2227371,51.491717],[-0.2226836,51.4916669],[-0.2225538,51.4915536],[-0.2224473,51.4914549],[-0.2221735,51.4911988],[-0.2221437,51.4911755],[-0.2220904,51.491143],[-0.2220612,51.491121],[-0.2217631,51.4909399],[-0.2216144,51.4908508],[-0.2213985,51.4907349],[-0.2213135,51.49069],[-0.2210411,51.4905777],[-0.2207095,51.4904772],[-0.2202629,51.4903707],[-0.2198344,51.4903027],[-0.2194374,51.4902612],[-0.2189841,51.490244],[-0.2185382,51.490235],[-0.2178363,51.4902583],[-0.2170233,51.4902999],[-0.2161496,51.490339],[-0.2156015,51.490353],[-0.2153037,51.4903634],[-0.2151088,51.4903672],[-0.2149181,51.4903676],[-0.2147401,51.4903678],[-0.2144911,51.4903646],[-0.2142503,51.4903596],[-0.2140499,51.4903524],[-0.2139358,51.4903474],[-0.2137874,51.4903376],[-0.2136468,51.4903268],[-0.2133405,51.4903046],[-0.2131305,51.4902801],[-0.2129206,51.4902555],[-0.2118054,51.4901297],[-0.2109765,51.4900549],[-0.2103419,51.490034],[-0.2098059,51.490043],[-0.209493,51.4900549],[-0.2091299,51.4900785],[-0.2088344,51.4901043],[-0.2085405,51.4901353],[-0.2082915,51.4901607],[-0.20788,51.4902121],[-0.2074825,51.4903118],[-0.2045122,51.4912367],[-0.2042045,51.4913118],[-0.2038839,51.4913606],[-0.2035672,51.4913861],[-0.20325,51.4913993],[-0.2028579,51.4913862],[-0.2024817,51.4913179],[-0.2021334,51.4912232],[-0.2018176,51.4911157],[-0.201474,51.4909656],[-0.2010404,51.4907336],[-0.2000737,51.4903036],[-0.1994789,51.4901246],[-0.1988723,51.4900212],[-0.1983328,51.4900035],[-0.1978294,51.4900275],[-0.1973199,51.4900659],[-0.196857,51.4901487],[-0.1964728,51.4902418],[-0.195989,51.4904461],[-0.1952044,51.4908912],[-0.1948049,51.4911403],[-0.1941231,51.4916113],[-0.1934818,51.4920587],[-0.1931882,51.4922565],[-0.1925121,51.4927057],[-0.1914938,51.4933741],[-0.1911157,51.4936167],[-0.1903853,51.4940997],[-0.1897722,51.4943799],[-0.1893054,51.494594],[-0.1889791,51.4947222],[-0.1885776,51.4948413],[-0.1883081,51.4949127],[-0.1877518,51.4950232],[-0.1871501,51.4950765],[-0.1866372,51.4950855],[-0.1861855,51.4950565],[-0.1857296,51.4949685],[-0.1847196,51.4946779],[-0.1842391,51.4945698],[-0.1834859,51.4944067],[-0.1831711,51.4943389],[-0.1827544,51.4942427],[-0.1823376,51.4941738],[-0.1818271,51.4941],[-0.1813199,51.4940179],[-0.180186,51.4938244],[-0.1797031,51.4937781],[-0.1792165,51.4937934],[-0.1784448,51.493862],[-0.1765938,51.4940543],[-0.1760222,51.4941089],[-0.1753651,51.4941688],[-0.1751217,51.4941863],[-0.1747911,51.4942002],[-0.1745607,51.494203],[-0.1743191,51.4941486],[-0.1739711,51.4940848],[-0.1735748,51.4940381],[-0.1730825,51.4940112],[-0.1726501,51.4939932],[-0.1723558,51.4940035],[-0.1722234,51.494028],[-0.1721203,51.4940489],[-0.1719428,51.4940984],[-0.1718523,51.494137],[-0.1717118,51.4942125],[-0.1715631,51.4943044],[-0.1714529,51.494425],[-0.1712698,51.4946502],[-0.1712,51.4947245],[-0.1711323,51.4948028],[-0.171012,51.4948895],[-0.1708664,51.4949546],[-0.170714,51.495011],[-0.1705514,51.4950562],[-0.1703186,51.4951054],[-0.170177,51.4951453],[-0.1700277,51.4952133],[-0.1699276,51.4952728],[-0.1698322,51.4953399],[-0.1697248,51.4954317],[-0.1696478,51.4955062],[-0.1695517,51.495619],[-0.1694823,51.4957138],[-0.1694133,51.4958401],[-0.1693954,51.4958999],[-0.1693658,51.4959986],[-0.1693222,51.4961552],[-0.1692836,51.4962589],[-0.1692197,51.4963928],[-0.1691347,51.4965175],[-0.1690298,51.4966306],[-0.1688968,51.49675],[-0.1687591,51.4968503],[-0.1687481,51.4968583],[-0.1685409,51.4969976],[-0.168419,51.4970683],[-0.1675768,51.4975607],[-0.1654984,51.4986629],[-0.1637366,51.4996465],[-0.1633896,51.4998383],[-0.1629811,51.5000998],[-0.1626752,51.5003545],[-0.1622356,51.500784],[-0.1619819,51.5010285],[-0.1618829,51.5011096],[-0.1618149,51.5011629],[-0.1616963,51.5012488],[-0.1616077,51.5013124],[-0.161514,51.5013757],[-0.1613766,51.5014619],[-0.1612751,51.5015236],[-0.1611855,51.5015756],[-0.161138,51.5016014],[-0.1610843,51.5016306],[-0.1609891,51.5016824],[-0.1609044,51.501723],[-0.1608199,51.5017546],[-0.160416,51.5018605],[-0.1600657,51.5019322],[-0.1597846,51.5019868],[-0.159485,51.5020459],[-0.1591724,51.5021025],[-0.1589237,51.5021441],[-0.1586487,51.5021875],[-0.1583148,51.5022379],[-0.1580291,51.5022751],[-0.1577046,51.5022981],[-0.1571239,51.5023192],[-0.156814,51.5023482],[-0.1565271,51.5023894],[-0.1562911,51.502444],[-0.155807,51.5025579],[-0.155379,51.5026421],[-0.1551012,51.5026869],[-0.1543827,51.5027911],[-0.1536653,51.5028951],[-0.1529126,51.5030133],[-0.1506236,51.5033728],[-0.1501461,51.5034614],[-0.149776,51.5035383],[-0.149379,51.503639],[-0.148982,51.5037586],[-0.1486146,51.5038961],[-0.1480787,51.5041204],[-0.1475571,51.5043924],[-0.1457305,51.5053451],[-0.1439057,51.5062597],[-0.1421597,51.5071356],[-0.1417049,51.5073665],[-0.1410125,51.5076664],[-0.1398097,51.508114],[-0.139301,51.5082741],[-0.1380181,51.5086523],[-0.1357568,51.5093982],[-0.1352191,51.5095744],[-0.1347361,51.5097354],[-0.1344992,51.509827],[-0.1343102,51.5099089],[-0.1340881,51.5099849],[-0.1338471,51.5100524],[-0.1334031,51.510155],[-0.1329239,51.5102393],[-0.1325881,51.5102698],[-0.1322362,51.510308],[-0.1319643,51.5103486],[-0.130698,51.5106543],[-0.1299794,51.5108366],[-0.1286375,51.5112516],[-0.1280878,51.5114479],[-0.1278214,51.5115419],[-0.1276346,51.5116078],[-0.1275137,51.5116505],[-0.1272396,51.5117472],[-0.1271328,51.5117791],[-0.12607,51.5121766],[-0.1253211,51.5125229],[-0.1246017,51.5129568],[-0.1244469,51.5130521],[-0.1241253,51.5132473],[-0.1239297,51.5133554],[-0.1232208,51.5137581],[-0.1222491,51.5143455],[-0.1220789,51.5145159],[-0.1218048,51.5149054],[-0.1216752,51.5150322],[-0.1204017,51.5159211],[-0.1203442,51.5159753],[-0.120321,51.5160092],[-0.1203031,51.5160465],[-0.1202944,51.5160893],[-0.1202977,51.5161568],[-0.1203554,51.5165704],[-0.1203702,51.5166469],[-0.1203883,51.5167113],[-0.1204041,51.5167615],[-0.1204244,51.516816],[-0.1204396,51.5168537],[-0.1204666,51.5169119],[-0.1205074,51.5170029],[-0.1205346,51.5170617],[-0.1206028,51.5172037],[-0.1206299,51.5172644],[-0.120646,51.517305],[-0.1206673,51.5173638],[-0.1206928,51.5174405],[-0.1208429,51.5180905],[-0.1208753,51.5183267],[-0.120931,51.5186024],[-0.120981,51.5187618],[-0.1211475,51.5189726],[-0.1213778,51.5191713],[-0.123831,51.5211841],[-0.1239936,51.5213276],[-0.1241381,51.5214933],[-0.1242527,51.5216572],[-0.124328,51.5218306],[-0.1243674,51.5220016],[-0.1243694,51.5222271],[-0.1242948,51.5230976],[-0.1242903,51.5231449],[-0.1243174,51.5233459],[-0.1243814,51.52353],[-0.1244775,51.5237145],[-0.1252144,51.5250121],[-0.1253919,51.5253248],[-0.1254469,51.5254724],[-0.1254747,51.5256503],[-0.1254795,51.5257952],[-0.1254651,51.5259302],[-0.1254127,51.5261479],[-0.1253351,51.5263467],[-0.125235,51.5265377],[-0.1239123,51.5290547],[-0.1237518,51.5294922],[-0.123689,51.5296812],[-0.123645,51.529957],[-0.1236036,51.5302165],[-0.1235347,51.5304831],[-0.1234392,51.5308088],[-0.1233187,51.5311558],[-0.1230809,51.5318833],[-0.1229983,51.5325526],[-0.1229566,51.5332483],[-0.1226027,51.5376685],[-0.1225863,51.5379309],[-0.1226613,51.5383432],[-0.1226348,51.5385163],[-0.1226263,51.5386227],[-0.1225251,51.5389702],[-0.1225026,51.5391054],[-0.1224145,51.5405876],[-0.1221516,51.5415952],[-0.1218298,51.5425427],[-0.1210627,51.5441074],[-0.1201132,51.5459022],[-0.1183536,51.5484214],[-0.118305,51.5484586],[-0.1177561,51.54921],[-0.1165068,51.5503655],[-0.1163567,51.5504906],[-0.1161695,51.5506324],[-0.1142934,51.5519356],[-0.114107,51.5520799],[-0.1131562,51.5528661],[-0.1127085,51.5532273],[-0.111964,51.5538138],[-0.1100542,51.5554466],[-0.1087324,51.5568928],[-0.1081348,51.5576475],[-0.1079654,51.5578441],[-0.1078192,51.558046],[-0.107564,51.5584662],[-0.1075371,51.5585103],[-0.1075002,51.5585735],[-0.1074309,51.558689],[-0.1073918,51.5587576],[-0.1073597,51.5588162],[-0.1073267,51.5588781],[-0.1071566,51.5592382],[-0.107089,51.5594638],[-0.1070672,51.559738],[-0.1071777,51.5613502],[-0.1072102,51.5616313],[-0.1072092,51.5618268],[-0.1071873,51.5621527],[-0.1071207,51.5632195],[-0.107033,51.564044],[-0.1068875,51.5649719],[-0.1068522,51.5651039],[-0.1068379,51.5651674],[-0.106657,51.5659692],[-0.1065119,51.5663277],[-0.1062473,51.5668577],[-0.1060206,51.5672311],[-0.1057347,51.5676529],[-0.1055064,51.5678945],[-0.1052747,51.5680901],[-0.1050608,51.5682523],[-0.1048344,51.568394],[-0.1042872,51.5686307],[-0.1036221,51.5688011],[-0.1029429,51.5688935],[-0.1020449,51.5689428],[-0.1005214,51.5689628],[-0.0997216,51.5690022],[-0.0990843,51.5690762],[-0.0985012,51.5691916],[-0.0980323,51.5693726],[-0.0975924,51.569605],[-0.0971493,51.5698718],[-0.0965771,51.5703258],[-0.0957272,51.5710518],[-0.0955271,51.5713272],[-0.0953954,51.5716246],[-0.095341,51.5719177],[-0.095356,51.5723004],[-0.0954735,51.5727032],[-0.0956717,51.573107],[-0.0958656,51.5734109],[-0.096107,51.5737029],[-0.0969761,51.5748426],[-0.0983805,51.5765888],[-0.0986551,51.5769585],[-0.09879,51.5772215],[-0.0988482,51.5773349],[-0.0988891,51.5774871],[-0.0988965,51.5775148],[-0.0989341,51.5776546],[-0.0991223,51.5788042],[-0.099126,51.5788273],[-0.0991269,51.5788326],[-0.0996416,51.5819491],[-0.0997978,51.5828975],[-0.1000445,51.5839832],[-0.1003143,51.5851425],[-0.1008304,51.5864335],[-0.1014922,51.5875428],[-0.1018093,51.5880165],[-0.1020112,51.5883971],[-0.1022093,51.5891181],[-0.1024818,51.5896783],[-0.1025763,51.5897577],[-0.1027247,51.58988],[-0.1028166,51.5899558],[-0.1029839,51.5900969],[-0.10313,51.5902187],[-0.1032861,51.5903462],[-0.1033892,51.5904338],[-0.103774,51.590837],[-0.1040137,51.5913075],[-0.1040128,51.591794],[-0.1043338,51.5922868],[-0.1053879,51.5931853],[-0.1059725,51.5937182],[-0.1073224,51.5949664],[-0.1086965,51.5961528],[-0.1100851,51.5973185],[-0.1111901,51.5981988],[-0.1121166,51.5987964],[-0.1134608,51.5995208],[-0.115193,51.6003048],[-0.1172865,51.6011475],[-0.1194459,51.6020131],[-0.1200002,51.6023514],[-0.1204461,51.6027204],[-0.1211894,51.6037265],[-0.1218444,51.6048138],[-0.1227055,51.6058581],[-0.1241719,51.6068256],[-0.1250483,51.6073026],[-0.1256011,51.6076111],[-0.1263426,51.6079524],[-0.1270107,51.6082584],[-0.1283376,51.608792],[-0.1292069,51.6090728],[-0.1302228,51.6094039],[-0.1308132,51.6096607],[-0.1314425,51.6100141],[-0.1318466,51.61033],[-0.1320613,51.6105379],[-0.1321906,51.6107398],[-0.132366,51.6109872],[-0.132489,51.6111613],[-0.1325983,51.6113281],[-0.1326858,51.6114933],[-0.1327293,51.6115835],[-0.1327647,51.6116706],[-0.1328212,51.6118339],[-0.132852,51.6119473],[-0.1328768,51.6120717],[-0.1328986,51.6122287],[-0.1329136,51.6124384],[-0.1329194,51.6126293],[-0.1329224,51.612761],[-0.1329207,51.6137233],[-0.1329238,51.6139659],[-0.1329252,51.6143762],[-0.1329285,51.6144247],[-0.132936,51.6145332],[-0.1329502,51.6146659],[-0.1329787,51.6148749],[-0.1330051,51.6150527],[-0.1330382,51.6152417],[-0.133072,51.6154561],[-0.1331154,51.61568],[-0.1331596,51.6158814],[-0.1332114,51.6162567],[-0.1333021,51.6168756],[-0.1333537,51.6171088],[-0.133437,51.6173743],[-0.1335414,51.6176243],[-0.1336469,51.6178317],[-0.1337099,51.6179396],[-0.1337972,51.6180782],[-0.1338747,51.6181959],[-0.1339524,51.6182945],[-0.134136,51.6185144],[-0.1342809,51.6186888],[-0.1345282,51.6189789],[-0.1346513,51.6191269],[-0.1348448,51.6193899],[-0.1349277,51.6195104],[-0.1349674,51.6195755],[-0.1350072,51.6196523],[-0.1350487,51.619738],[-0.1351013,51.6198469],[-0.1351542,51.6199928],[-0.1351912,51.6201161],[-0.135234,51.6202505],[-0.1352581,51.6203621],[-0.1353136,51.6206948],[-0.1353901,51.6212834],[-0.1354693,51.6217481],[-0.1355271,51.6220477],[-0.1355657,51.6223057],[-0.1356427,51.6226708],[-0.1357235,51.6232497],[-0.1357649,51.6235289],[-0.1357873,51.6237021],[-0.1357923,51.623783],[-0.1358053,51.6239708],[-0.1358032,51.6241325],[-0.1357948,51.6243089],[-0.1357814,51.6244476],[-0.1357468,51.6247414],[-0.1356822,51.6250354],[-0.1356116,51.625293],[-0.135543,51.6254935],[-0.1355079,51.6255842],[-0.1354407,51.6257461],[-0.1353472,51.6259508],[-0.1352647,51.626114],[-0.1351254,51.6263542],[-0.1350722,51.6264453],[-0.1350119,51.626538],[-0.1348919,51.6267082],[-0.1348092,51.6268192],[-0.1345997,51.6270848],[-0.1345272,51.6271696],[-0.1344094,51.6272968],[-0.1342965,51.6274156],[-0.1341607,51.6275481],[-0.1333752,51.628252],[-0.1328328,51.6286813],[-0.1319757,51.6292561],[-0.1310947,51.6298717],[-0.1305905,51.630198],[-0.1300862,51.6305793],[-0.1296034,51.6309656],[-0.1289812,51.631465],[-0.1280764,51.6321365],[-0.1278107,51.6323336],[-0.1272689,51.6326958],[-0.1263989,51.6332511],[-0.1262165,51.6333796],[-0.1260672,51.6334959],[-0.1259186,51.6336214],[-0.1257551,51.6337744],[-0.1256545,51.6338755],[-0.1255647,51.6339692],[-0.1254738,51.6340778],[-0.1253932,51.6341788],[-0.1253147,51.6342883],[-0.1252415,51.6343985],[-0.125195,51.6344792],[-0.1251443,51.6345766],[-0.1250813,51.634707],[-0.1250124,51.6348744],[-0.1249653,51.6350135],[-0.1249132,51.6351952],[-0.1248859,51.6353216],[-0.1248682,51.635449],[-0.1248553,51.6356292],[-0.1248459,51.6357858],[-0.1248488,51.6359915],[-0.1248536,51.636138],[-0.1248681,51.6362792],[-0.1248851,51.6364729],[-0.1249134,51.6366499],[-0.1249476,51.6368146],[-0.1250188,51.6371075],[-0.1250961,51.6373618],[-0.1252482,51.6377701],[-0.1255521,51.6385883],[-0.1257838,51.6392141],[-0.1260311,51.6398849],[-0.1263338,51.6407067],[-0.1265613,51.641303],[-0.1267819,51.6418887],[-0.1270019,51.6424734],[-0.1272535,51.6431679],[-0.1275304,51.6438878],[-0.1276936,51.6443243],[-0.1278374,51.6446998],[-0.1279094,51.644867],[-0.1279946,51.6450307],[-0.1281177,51.6452182],[-0.1282267,51.6453766],[-0.1283549,51.6455343],[-0.1284854,51.6456767],[-0.1286132,51.6457953],[-0.1288104,51.6459798],[-0.1289793,51.6461155],[-0.129206,51.6462783],[-0.1294011,51.6464037],[-0.1295667,51.6465048],[-0.1297224,51.6465865],[-0.1299127,51.6466767],[-0.1301961,51.6468061],[-0.1305063,51.6469489],[-0.1316958,51.6474871],[-0.1318876,51.6475736],[-0.1324348,51.647826],[-0.1325663,51.6478936],[-0.1328901,51.6480407],[-0.1333914,51.6482606],[-0.1338798,51.648491],[-0.1341546,51.6486103],[-0.1344281,51.6487211],[-0.1348168,51.6488679],[-0.1351829,51.6489921],[-0.1355647,51.6491138],[-0.1359412,51.6492216],[-0.1363384,51.6493288],[-0.1367192,51.6494126],[-0.1371698,51.6495088],[-0.1387578,51.6498029],[-0.1392041,51.6498721],[-0.1394976,51.6499128],[-0.1399423,51.6499628],[-0.1402769,51.6499905],[-0.1407153,51.650023],[-0.1415006,51.6500624],[-0.1425,51.6501133],[-0.1427842,51.6501362],[-0.1432028,51.6501711],[-0.143724,51.6502356],[-0.1441244,51.6502913],[-0.1443992,51.6503362],[-0.1446878,51.6503879],[-0.1457937,51.6506148],[-0.145869,51.65063],[-0.1464528,51.6507492],[-0.1465237,51.6507646],[-0.1472234,51.6509528],[-0.1473802,51.6509973],[-0.1477905,51.6511196],[-0.1482476,51.6512657],[-0.1490308,51.6515073],[-0.1493503,51.6516051]],[[-0.1494154,51.651522],[-0.1490968,51.6514258],[-0.1480004,51.6510867],[-0.1477304,51.6510154],[-0.1474161,51.6509481],[-0.1473438,51.650934],[-0.1465237,51.6507646]],[[-0.1329285,51.6144247],[-0.1329426,51.6150879],[-0.1329574,51.615458],[-0.1329637,51.6155403],[-0.13299,51.6157413],[-0.1330263,51.6159341],[-0.1330859,51.6163286],[-0.1331492,51.6167863],[-0.1331637,51.6169094],[-0.1331716,51.616957],[-0.133203,51.6171764],[-0.1332215,51.617279],[-0.1332573,51.6173969],[-0.1333049,51.6175252],[-0.1333534,51.6176303],[-0.1333992,51.6177108],[-0.1334382,51.6177762]]]},"properties":{"name":"Piccadilly","colour":"#003688","mode":"tfl"}},{"type":"Feature","geometry":{"type":"MultiLineString","coordinates":[[[-0.1136141,51.4623466],[-0.1147779,51.4625844],[-0.1154612,51.4627201],[-0.1157781,51.4627831],[-0.1158493,51.4627972],[-0.1167776,51.4629816],[-0.1168597,51.4629979],[-0.1170938,51.4630444],[-0.1176894,51.4631627],[-0.1187229,51.4633052],[-0.119257,51.4634032],[-0.1195529,51.4634568],[-0.1199552,51.4635248],[-0.1202909,51.4635917],[-0.1204863,51.4636394],[-0.1208759,51.4637498],[-0.1210509,51.4637992],[-0.1211693,51.4638356],[-0.1212665,51.4638601],[-0.1217005,51.4640217],[-0.121961,51.464121],[-0.1224636,51.4643177],[-0.1228867,51.4645135],[-0.123236,51.4646857],[-0.1239431,51.4651543],[-0.1242804,51.465407],[-0.1245999,51.4656952],[-0.1249683,51.4660871],[-0.1250697,51.4662085],[-0.1252623,51.4664884],[-0.1254117,51.4667282],[-0.1255491,51.4670015],[-0.1256917,51.4674444],[-0.1258014,51.4679003],[-0.1258079,51.4680161],[-0.1258081,51.46803],[-0.125814,51.4684122],[-0.1258039,51.4684308],[-0.1257789,51.4688554],[-0.1257394,51.4691998],[-0.1256959,51.4694342],[-0.1255615,51.4697004],[-0.1254297,51.4699314],[-0.1252671,51.4702165],[-0.1252636,51.4702226],[-0.1252575,51.4702288],[-0.1251857,51.4703025],[-0.1250846,51.4704061],[-0.1240539,51.4712048],[-0.1232026,51.4719112],[-0.1228089,51.4724276],[-0.1224765,51.4728988],[-0.1222451,51.4731642],[-0.1220531,51.4733711],[-0.1218721,51.4735155],[-0.1213529,51.4740167],[-0.1210684,51.4742971],[-0.1207095,51.4747169],[-0.1205632,51.4749479],[-0.1204695,51.4751219],[-0.1204036,51.4752565],[-0.1202958,51.4754817],[-0.1201807,51.4757558],[-0.1200742,51.4759513],[-0.1200245,51.4761005],[-0.1199464,51.4764156],[-0.1199064,51.4767518],[-0.1199032,51.4770298],[-0.1199139,51.4772182],[-0.1199615,51.4775328],[-0.1200175,51.4777672],[-0.1202446,51.4787019],[-0.120501,51.4796085],[-0.1207764,51.4806215],[-0.1208972,51.4810877],[-0.1210764,51.4818027],[-0.1211822,51.4821788],[-0.1212077,51.4822695],[-0.1214017,51.4828382],[-0.1216691,51.4834535],[-0.1218939,51.483775],[-0.1219775,51.4838903],[-0.1220514,51.4839939],[-0.1222135,51.4841973],[-0.1225806,51.4846975],[-0.1226666,51.4847273],[-0.1230796,51.4849717],[-0.12351,51.4852148],[-0.1254704,51.4861505],[-0.1261099,51.4864809],[-0.1276667,51.4872567],[-0.1285958,51.4877197],[-0.129483,51.4880992],[-0.1302772,51.4883418],[-0.1311313,51.4885657],[-0.1320079,51.4887686],[-0.1329542,51.4888907],[-0.1333116,51.4889244],[-0.1333957,51.4889335],[-0.1342788,51.4890061],[-0.1362038,51.4891267],[-0.1373914,51.4892301],[-0.1382835,51.4893511],[-0.1385621,51.4893958],[-0.1393832,51.4895931],[-0.1400192,51.4897829],[-0.1407994,51.4900755],[-0.1414628,51.4903893],[-0.1417006,51.4905218],[-0.1420341,51.4907432],[-0.1425921,51.4911768],[-0.1428383,51.491386],[-0.143153,51.4916808],[-0.1433404,51.4919166],[-0.1437269,51.4925289],[-0.1438185,51.4927082],[-0.143933,51.4929579],[-0.1440119,51.4931621],[-0.1441467,51.4936013],[-0.1440767,51.4943076],[-0.1439564,51.494976],[-0.1438601,51.4953449],[-0.1436586,51.4958365],[-0.1435798,51.4960207],[-0.1434672,51.4962036],[-0.1432385,51.4965389],[-0.1430645,51.4967722],[-0.142876,51.4969968],[-0.1427545,51.4971415],[-0.1426905,51.4972299],[-0.1426533,51.4972813],[-0.1422803,51.4978004],[-0.141483,51.4988127],[-0.1410038,51.4996495],[-0.1406149,51.5005709],[-0.1403881,51.5012993],[-0.1403343,51.5017901],[-0.1403882,51.5022439],[-0.1405476,51.5028081],[-0.141056,51.5041567],[-0.1414815,51.5050369],[-0.1417807,51.5055608],[-0.142581,51.5066493],[-0.142649,51.5067462],[-0.1434977,51.5079557],[-0.1435382,51.5080795],[-0.1437038,51.5085997],[-0.1437469,51.5091406],[-0.1437413,51.5094074],[-0.1437076,51.5097343],[-0.1436604,51.5099587],[-0.1434348,51.5105877],[-0.1430498,51.5113719],[-0.1426443,51.5121165],[-0.1425397,51.5123128],[-0.1424545,51.5124577],[-0.1423529,51.5127321],[-0.1422684,51.5130056],[-0.1422276,51.5132213],[-0.1421356,51.5136529],[-0.1420502,51.5143572],[-0.1421471,51.5150516],[-0.1421576,51.5151266],[-0.1421925,51.5153337],[-0.1422817,51.515625],[-0.1424339,51.5161347],[-0.1425939,51.5166083],[-0.1426252,51.5171316],[-0.1426316,51.5176237],[-0.1426426,51.5186805],[-0.142715,51.5197874],[-0.1426483,51.5202063],[-0.1425423,51.5204338],[-0.1424044,51.5207426],[-0.1422451,51.5210169],[-0.1421085,51.5212352],[-0.1418188,51.5216356],[-0.1415898,51.5219508],[-0.1413893,51.5221626],[-0.1412776,51.5222609],[-0.1411397,51.5223685],[-0.1407755,51.5226243],[-0.1402031,51.5231403],[-0.1397455,51.5235686],[-0.1392628,51.5240213],[-0.1388072,51.5244929],[-0.1372745,51.5258577],[-0.1368105,51.5262123],[-0.1363962,51.5265421],[-0.1357967,51.5268952],[-0.1355746,51.5270204],[-0.1353419,51.5271367],[-0.134407,51.52763],[-0.1343977,51.527635],[-0.1339879,51.5278552],[-0.1336345,51.5280167],[-0.1332093,51.5282074],[-0.1328103,51.5283627],[-0.1322216,51.5285438],[-0.131492,51.528764],[-0.1309935,51.5289223],[-0.1304706,51.5290805],[-0.1299311,51.5292382],[-0.1291599,51.5294367],[-0.12842,51.5296029],[-0.127719,51.5297392],[-0.1268072,51.5298876],[-0.1255839,51.5300589],[-0.1245337,51.5302433],[-0.1237215,51.530405],[-0.1229436,51.5306048],[-0.1224641,51.5307343],[-0.1220478,51.5308426],[-0.1216069,51.5309643],[-0.1208822,51.5311881],[-0.1202915,51.5314053],[-0.1197184,51.5316453],[-0.1056429,51.5384287],[-0.105404,51.5386076],[-0.1052072,51.538814],[-0.1047275,51.5396336],[-0.1044421,51.5401072],[-0.1040382,51.5407053],[-0.103804,51.5411937],[-0.1036894,51.5414897],[-0.10357,51.5418157],[-0.1034899,51.5424111],[-0.1034085,51.5427959],[-0.1031474,51.5441344],[-0.1031766,51.5450042],[-0.1034284,51.5458239],[-0.1034765,51.5460139],[-0.1035535,51.5463143],[-0.1036984,51.5467941],[-0.1039103,51.5475064],[-0.1040999,51.5481328],[-0.1055587,51.5519039],[-0.1058556,51.5526714],[-0.1064468,51.5542309],[-0.1065886,51.5547038],[-0.1067355,51.555199],[-0.1070257,51.5568581],[-0.1070661,51.5576026],[-0.1069176,51.5592866],[-0.1069087,51.5597586],[-0.1069216,51.560856],[-0.1069645,51.5611546],[-0.1070672,51.5615674],[-0.1070818,51.561732],[-0.1070585,51.5621283],[-0.1069696,51.5628281],[-0.1068041,51.5640293],[-0.1066944,51.5648248],[-0.1066341,51.5650907],[-0.1066226,51.5651495],[-0.1065346,51.565599],[-0.106125,51.5673585],[-0.1057608,51.5681561],[-0.1054655,51.5685306],[-0.1051112,51.5688242],[-0.1046358,51.5690993],[-0.1040512,51.5693329],[-0.103358,51.5695198],[-0.0988524,51.570218],[-0.0969937,51.5705918],[-0.0956396,51.5709279],[-0.0912512,51.5724467],[-0.0910641,51.5725033],[-0.0889499,51.573236],[-0.0882274,51.5735153],[-0.0879755,51.5736177],[-0.0871665,51.5740288],[-0.0864696,51.5745243],[-0.0858377,51.5750234],[-0.0852117,51.5755556],[-0.0825543,51.5781944],[-0.0815917,51.57891],[-0.0807738,51.5793669],[-0.0796348,51.5799756],[-0.0773235,51.5811928],[-0.0767917,51.5814729],[-0.0751139,51.5824478],[-0.0745028,51.5827261],[-0.0727884,51.5834588],[-0.070914,51.5842585],[-0.0706037,51.5844321],[-0.0693999,51.5850755],[-0.0680058,51.5858409],[-0.0674166,51.5861285],[-0.0668774,51.5864463],[-0.0659895,51.5869346],[-0.0651712,51.5873599],[-0.0642871,51.5877057],[-0.0631872,51.5879583],[-0.0627902,51.5880338],[-0.062202,51.5881226],[-0.0605173,51.5882722],[-0.060344,51.5882876],[-0.0595332,51.5882541],[-0.0594704,51.5882459],[-0.0589707,51.588194],[-0.0583699,51.5881046],[-0.0578823,51.5880443],[-0.0572708,51.5879806],[-0.0569537,51.5879445],[-0.0565514,51.5878865],[-0.0549893,51.5876042],[-0.0544059,51.5874767],[-0.05316,51.5871414],[-0.0514956,51.5867389],[-0.0508873,51.5866215],[-0.0500664,51.5865445],[-0.0489161,51.5865541],[-0.0463885,51.5867559],[-0.0448944,51.5868807],[-0.0446368,51.5868951],[-0.0435775,51.5869541],[-0.0426949,51.5869498],[-0.0412711,51.5869017],[-0.0406365,51.5868587],[-0.0398737,51.5867787],[-0.038833,51.5866414],[-0.0359145,51.5860858],[-0.021491,51.5832034],[-0.0208991,51.5830831],[-0.020556,51.5830224],[-0.0199949,51.582941]],[[-0.0199245,51.582818],[-0.0205988,51.582949],[-0.0209383,51.5830256],[-0.0215269,51.5831369],[-0.0359616,51.585985],[-0.038892,51.5865209],[-0.039829,51.5866592],[-0.0406596,51.5867459],[-0.0412998,51.5867727],[-0.0427259,51.5868126],[-0.0429679,51.5868186],[-0.0435144,51.5868129],[-0.0448724,51.5867522],[-0.0463471,51.5866416],[-0.0489132,51.5864318],[-0.0500647,51.5864144],[-0.0509168,51.5864826],[-0.0515506,51.5866133],[-0.0532254,51.5870071],[-0.0540226,51.5872211],[-0.05447,51.5873307],[-0.0550333,51.5874512],[-0.0559455,51.5876192],[-0.0561989,51.5876672],[-0.056487,51.5877152],[-0.0567016,51.5877557],[-0.0569752,51.5878008],[-0.0574228,51.5878775],[-0.0582465,51.5879721],[-0.0583516,51.5879776],[-0.0588795,51.5880051],[-0.0598103,51.5880033],[-0.0615895,51.5878702],[-0.0621626,51.5878273],[-0.0631228,51.5876767],[-0.0640213,51.5874539],[-0.065179,51.5870264],[-0.0667065,51.5862491],[-0.0672285,51.5859515],[-0.067779,51.5856573],[-0.069172,51.5849249],[-0.0703571,51.5842492],[-0.0710403,51.5838693],[-0.0720425,51.5833671],[-0.0741898,51.5824307],[-0.0760568,51.5816008],[-0.0794712,51.5798808],[-0.0800042,51.5796031],[-0.0806482,51.5792676],[-0.0814314,51.578835],[-0.0823807,51.5781403],[-0.0850983,51.5755214],[-0.0856643,51.5749591],[-0.0863091,51.5744557],[-0.0870317,51.5739396],[-0.0878851,51.5735131],[-0.0888298,51.5731215],[-0.0940128,51.5713746],[-0.0955821,51.5708457],[-0.096897,51.5705185],[-0.098779,51.5701041],[-0.1032607,51.5693998],[-0.1039349,51.5692174],[-0.1044654,51.5689969],[-0.1049143,51.5687202],[-0.1052448,51.5684487],[-0.1055312,51.5680606],[-0.105779,51.5673774],[-0.1062634,51.5655473],[-0.1063067,51.5651517],[-0.1064254,51.5640679],[-0.1064317,51.5640102],[-0.106478,51.5635839],[-0.1066858,51.562793],[-0.1067982,51.5621685],[-0.1068335,51.5617738],[-0.1068269,51.5608653],[-0.106837,51.5597484],[-0.1068412,51.5594298],[-0.1068436,51.5592914],[-0.1068109,51.5579802],[-0.1067607,51.557599],[-0.1059866,51.5544302],[-0.1056903,51.5529247],[-0.1053983,51.5519599],[-0.1048083,51.5505002],[-0.1039132,51.5481647],[-0.1035813,51.5474861],[-0.1032773,51.5468257],[-0.1032298,51.5467285],[-0.1028986,51.546136],[-0.1026424,51.5457697],[-0.102419,51.5453324],[-0.1022675,51.5450224],[-0.1021325,51.5447374],[-0.1020149,51.5439573],[-0.1020446,51.543722],[-0.1021798,51.5431136],[-0.1023133,51.5426365],[-0.1024553,51.5423444],[-0.1026852,51.5419792],[-0.1029444,51.5416959],[-0.1034434,51.5411523],[-0.1041067,51.5404769],[-0.1044421,51.5401072],[-0.1052337,51.5391115],[-0.1054346,51.5388094],[-0.1055726,51.5386637],[-0.1057642,51.5385264],[-0.1198566,51.5317376],[-0.1200921,51.5316383],[-0.1203976,51.5315338],[-0.1210137,51.5313319],[-0.121758,51.5311084],[-0.1225351,51.5308751],[-0.1232202,51.5306809],[-0.1240429,51.5304743],[-0.1245739,51.5303748],[-0.1254551,51.5302451],[-0.1268297,51.5300368],[-0.1277473,51.5298879],[-0.1284599,51.5297542],[-0.1292366,51.5295575],[-0.1299724,51.5293469],[-0.1305176,51.5291696],[-0.1310578,51.5289886],[-0.1315304,51.5288355],[-0.1327972,51.5284457],[-0.1330011,51.5283897],[-0.1333154,51.5282945],[-0.1335572,51.5282066],[-0.1338759,51.5280708],[-0.1341323,51.5279614],[-0.1345376,51.5277363],[-0.1355352,51.5272812],[-0.1357835,51.5271405],[-0.1364331,51.5266798],[-0.1368372,51.5263339],[-0.1373294,51.5258816],[-0.1379263,51.5253681],[-0.1386048,51.524822],[-0.1390144,51.5245087],[-0.1395405,51.5240272],[-0.1401454,51.5235041],[-0.1405801,51.5231016],[-0.140785,51.5228873],[-0.141236,51.5224157],[-0.1413995,51.5221922],[-0.1415645,51.5219021],[-0.1416575,51.5216595],[-0.1417923,51.5214247],[-0.1419183,51.5211797],[-0.1420719,51.5207431],[-0.14222,51.5202818],[-0.1423126,51.5198978],[-0.1422086,51.5186879],[-0.142227,51.5176523],[-0.1421951,51.5171332],[-0.1420837,51.516644],[-0.1418921,51.5160712],[-0.1417687,51.5156576],[-0.1416426,51.5152272],[-0.1414978,51.5143448],[-0.1414707,51.513967],[-0.141514,51.5135767],[-0.1416089,51.5132326],[-0.1417451,51.5129218],[-0.1419045,51.5126319],[-0.1421252,51.512337],[-0.1430273,51.511032],[-0.1432583,51.5106343],[-0.1433848,51.5103233],[-0.1434483,51.5101423],[-0.1434814,51.5099916],[-0.1435183,51.5096787],[-0.1435347,51.5092739],[-0.1434306,51.5087634],[-0.1433422,51.5084178],[-0.1432069,51.5080752],[-0.1423275,51.5067533],[-0.1415305,51.505721],[-0.1414442,51.5055896],[-0.1412392,51.5051147],[-0.1409032,51.5043855],[-0.140511,51.5033025],[-0.1403449,51.5028305],[-0.1401732,51.5022565],[-0.140124,51.5017842],[-0.1401914,51.5012807],[-0.1403655,51.5005395],[-0.140771,51.4996085],[-0.1413081,51.4987486],[-0.1421451,51.497746],[-0.1425213,51.4972281],[-0.1425921,51.4970968],[-0.142684,51.4969199],[-0.1428252,51.4966707],[-0.1429505,51.49648],[-0.1431893,51.4961348],[-0.1432968,51.4959564],[-0.1433883,51.4957774],[-0.1435264,51.4952799],[-0.143598,51.4949146],[-0.1436912,51.494279],[-0.1437674,51.4935941],[-0.1435464,51.4931047],[-0.1432303,51.4927166],[-0.1427151,51.4920532],[-0.1422703,51.4916277],[-0.1416565,51.4911666],[-0.1412113,51.4908727],[-0.1404631,51.4905067],[-0.1397573,51.4901745],[-0.1392879,51.4900068],[-0.138848,51.4898656],[-0.1381227,51.4896703],[-0.1371521,51.489496],[-0.1359928,51.4893641],[-0.1350023,51.4893014],[-0.134254,51.4892267],[-0.1331734,51.4891008],[-0.1329187,51.4890755],[-0.1319263,51.4889384],[-0.1309763,51.4886817],[-0.1301236,51.488485],[-0.1293181,51.4882166],[-0.1283721,51.4878393],[-0.1274576,51.4874061],[-0.1258788,51.4866581],[-0.1243434,51.4859279],[-0.1232161,51.4853832],[-0.1228642,51.4851408],[-0.1227534,51.4850853],[-0.122524,51.4848997],[-0.1223854,51.4848015],[-0.1219807,51.4844226],[-0.1217043,51.4840512],[-0.121538,51.4837896],[-0.1213306,51.4833565],[-0.1211755,51.4829096],[-0.1210025,51.4823125],[-0.1208289,51.4817205],[-0.120613,51.4810024],[-0.1205053,51.4806521],[-0.1201554,51.479536],[-0.1198811,51.4786669],[-0.1195653,51.4776874],[-0.1194608,51.4773764],[-0.1194112,51.4771794],[-0.1193437,51.4768424],[-0.1192857,51.4764757],[-0.1192648,51.4761816],[-0.1192745,51.4759909],[-0.119321,51.4756952],[-0.1193655,51.4754385],[-0.1194698,51.4751562],[-0.1196098,51.4748392],[-0.11965,51.4747384],[-0.1197089,51.474595],[-0.1198879,51.4743021],[-0.1201767,51.4739825],[-0.120426,51.4737098],[-0.1208056,51.4733491],[-0.1208762,51.4732875],[-0.1211517,51.4730647],[-0.1212298,51.4729947],[-0.1219935,51.4723429],[-0.1231678,51.471273],[-0.1233661,51.4710949],[-0.123811,51.4707186],[-0.12409,51.4703884],[-0.1246261,51.4695797],[-0.1247808,51.4689548],[-0.1248431,51.4682883],[-0.1248362,51.4678798],[-0.1247975,51.4676099],[-0.1245547,51.4669178],[-0.1244741,51.466745],[-0.1243082,51.4664666],[-0.123783,51.4657903],[-0.1233219,51.465346],[-0.1230649,51.4651427],[-0.1225973,51.4648451],[-0.1221524,51.4645797],[-0.1217813,51.4644018],[-0.1213383,51.4642092],[-0.1205805,51.4639098],[-0.1200904,51.4637644],[-0.1195184,51.4636202],[-0.1167001,51.463101],[-0.1153906,51.4628298],[-0.1146311,51.4626748],[-0.1135491,51.4624759]],[[-0.0767917,51.5814729],[-0.076239,51.5817189],[-0.0751789,51.5821795],[-0.0746692,51.5824003],[-0.0730103,51.5831039],[-0.0721357,51.5834937],[-0.0718118,51.5836935],[-0.0715551,51.583892],[-0.0713096,51.5840459],[-0.070914,51.5842585]]]},"properties":{"name":"Victoria","colour":"#0098D4","mode":"tfl"}},{"type":"Feature","geometry":{"type":"MultiLineString","coordinates":[[[-0.1128429,51.5026369],[-0.1129949,51.5027027],[-0.113642,51.5029645],[-0.1139814,51.5031255],[-0.1141629,51.5033134],[-0.1143904,51.5035371],[-0.1143411,51.5038555],[-0.1142548,51.504193],[-0.1140946,51.5044155],[-0.1138912,51.5046955],[-0.1137218,51.5048259],[-0.1134044,51.5049812],[-0.1130809,51.5051308],[-0.1124031,51.5053821],[-0.1119779,51.5055585],[-0.111411,51.5057637],[-0.1108379,51.5059727],[-0.1102125,51.5062067],[-0.1100495,51.5062758],[-0.1098934,51.5063413],[-0.1097061,51.5064189],[-0.1094881,51.5065231],[-0.1093398,51.506596],[-0.1092207,51.50667],[-0.1091385,51.5067293],[-0.1090755,51.506782],[-0.1090324,51.5068242],[-0.1090108,51.5068606],[-0.1089708,51.5069297],[-0.10894,51.5070141],[-0.1089338,51.5071138],[-0.1089246,51.5072768],[-0.1089215,51.5074877],[-0.1087983,51.5077313],[-0.1087336,51.5079326],[-0.1082129,51.5083641],[-0.1075165,51.5087495],[-0.1065583,51.5094495],[-0.1056279,51.510274],[-0.1051808,51.5108039],[-0.1048526,51.5112395],[-0.1046101,51.5114768],[-0.1044332,51.511631],[-0.1042881,51.5117505],[-0.1040748,51.5118618],[-0.103866,51.5119559],[-0.103743,51.5119978],[-0.1036015,51.5120407],[-0.1033537,51.5120881],[-0.1029759,51.5121277],[-0.1026777,51.5121448],[-0.1022955,51.5121558],[-0.101831,51.5121619],[-0.1008993,51.5121211],[-0.1004622,51.5120859],[-0.0996579,51.5120209],[-0.0987475,51.511968],[-0.0985732,51.5119477],[-0.0978193,51.5119086],[-0.0970991,51.5119091],[-0.0963249,51.5119311],[-0.0960019,51.5119658],[-0.0954054,51.5120516],[-0.0948799,51.5121365],[-0.0932959,51.5124093],[-0.0928131,51.5124924],[-0.0927279,51.5125071],[-0.0925435,51.512556],[-0.0923889,51.5125988],[-0.0922359,51.51265],[-0.0921733,51.5126728],[-0.0921275,51.512688],[-0.092058,51.5127111],[-0.0919618,51.5127416],[-0.0918385,51.5127792],[-0.0917442,51.5128052],[-0.0912398,51.5129392]],[[-0.1128204,51.502658],[-0.1136168,51.5029787],[-0.1138528,51.5030914],[-0.1140351,51.5032453],[-0.1141478,51.5034234],[-0.1142122,51.5036386],[-0.114213,51.5038305],[-0.1141797,51.5040659],[-0.1140834,51.5043086],[-0.1139815,51.5044696],[-0.1137946,51.5046516],[-0.1136079,51.504799],[-0.1134048,51.5049075],[-0.1131417,51.5050063],[-0.1092595,51.506476],[-0.1090701,51.5065723],[-0.1089395,51.506692],[-0.1088429,51.506864],[-0.1088102,51.5070007],[-0.1087887,51.5072725],[-0.1087619,51.5074523],[-0.1086973,51.5076338],[-0.1085873,51.507847],[-0.1084586,51.5080127],[-0.1082912,51.5081667],[-0.1080765,51.5083174],[-0.1077614,51.5084613],[-0.1072361,51.508749],[-0.1068369,51.5090563],[-0.1062381,51.5095205],[-0.1055763,51.5101285],[-0.1047478,51.5112599],[-0.1046271,51.5113986],[-0.1044674,51.5115487],[-0.1043403,51.5116495],[-0.1041524,51.5117767],[-0.1040192,51.5118509],[-0.1038361,51.5119321],[-0.1035903,51.5120113],[-0.1033497,51.5120596],[-0.1030186,51.5120935],[-0.1026719,51.5121143],[-0.102138,51.5121239],[-0.1018242,51.5121219],[-0.1010008,51.5120923],[-0.1008694,51.5120869],[-0.0982998,51.5118963],[-0.0973127,51.5118666],[-0.0970365,51.5118683],[-0.0966025,51.5118847],[-0.0963089,51.5118997],[-0.0959701,51.5119345],[-0.0957936,51.5119583],[-0.0956418,51.5119759],[-0.0951452,51.5120557],[-0.0941339,51.5122266],[-0.093571,51.5123171],[-0.0932708,51.5123493],[-0.0931117,51.5123664],[-0.0927825,51.5124164],[-0.0926461,51.5124371],[-0.0919972,51.5125949],[-0.0916482,51.5126917],[-0.0911734,51.5128234]]]},"properties":{"name":"Waterloo & City","colour":"#95CDBA","mode":"tfl"}}]}